startStation,endStation,time,weekday,passengerFlow,trafficCondition,busPlate,passbyNum,weather,arrivalDuration
T336/2,T335,5:30:49,3,-1,1,AB6353,0,2,20
T338,T326/3,5:32:32,3,-1,-1,AB6353,0,2,71
T326/3,T332/2,5:33:12,3,-1,1,AB6353,0,2,30
T332/2,T325/2,5:34:33,3,-1,1,AB6353,0,2,50
T325/2,T339/2,5:35:23,3,-1,1,AB6353,0,2,20
T339/2,T313,5:36:44,3,-1,1,AB6353,0,2,40
T313,T315,5:37:55,3,-1,1,AB6353,0,2,20
T315,T375,5:39:05,3,-1,1,AB6353,0,2,60
T375,T380,5:40:57,3,-1,1,AB6353,0,2,80
T380,T379,5:41:37,3,-1,1,AB6353,0,2,20
T379,T359,5:43:08,3,-1,1,AB6353,0,2,20
C688/1,C691,5:48:44,3,-1,1,AB6353,0,2,40
C691,C652,5:51:05,3,-1,1,AB6353,0,2,101
C652,C655,5:51:56,3,-1,1,AB6353,0,2,30
C655,C657,5:52:47,3,-1,-1,AB6353,0,2,40
C657,C660,5:53:37,3,-1,-1,AB6353,0,2,40
C660,C662,5:54:38,3,-1,-1,AB6353,0,2,20
C662,C664,5:55:08,3,-1,-1,AB6353,0,2,20
C664,C666,5:55:58,3,-1,-1,AB6353,0,2,20
C666,C677,5:56:39,3,-1,-1,AB6353,0,2,30
C677,C667,5:57:09,3,-1,-1,AB6353,0,2,20
C667,C676,5:58:00,3,-1,-1,AB6353,0,2,20
C676,C680,5:59:04,3,-1,-1,AB6353,0,2,54
C680,C669/1,6:00:36,3,-1,-1,AB6353,0,2,51
C669/1,C693,6:01:47,3,-1,-1,AB6353,0,2,50
C693,C681,6:03:28,3,-1,-1,AB6353,0,2,80
C681,C671,6:05:09,3,-1,-1,AB6353,0,2,60
T336/2,T335,6:05:40,3,-1,1,AB6335,0,2,30
T335,T338,6:06:42,3,-1,-1,AB6335,0,2,10
C671,C695,6:07:02,3,-1,-1,AB6353,0,2,72
T338,T326/3,6:08:03,3,-1,-1,AB6335,0,2,60
T326/3,T332/2,6:09:14,3,-1,1,AB6335,0,2,40
C695,C673,6:09:14,3,-1,-1,AB6353,0,2,90
C673,C672,6:10:14,3,-1,-1,AB6353,0,2,30
T332/2,T325/2,6:10:35,3,-1,1,AB6335,0,2,50
T325/2,T339/2,6:11:35,3,-1,1,AB6335,0,2,20
T339/2,T313,6:12:26,3,-1,1,AB6335,0,2,40
C672,C670,6:13:06,3,-1,-1,AB6353,0,2,131
T313,T315,6:13:37,3,-1,1,AB6335,0,2,20
C670,C679,6:13:47,3,-1,-1,AB6353,0,2,30
T315,T375,6:14:58,3,-1,1,AB6335,0,2,50
C679,C694,6:15:18,3,-1,-1,AB6353,0,2,80
T375,T380,6:15:58,3,-1,1,AB6335,0,2,20
C694,C669/2,6:16:18,3,-1,-1,AB6353,0,2,40
T380,T379,6:16:49,3,-1,1,AB6335,0,2,10
C669/2,C687,6:17:09,3,-1,-1,AB6353,0,2,20
T379,T359,6:17:29,3,-1,1,AB6335,0,2,30
T359,T355/1,6:18:34,3,-1,1,AB6335,0,2,55
C687,C675,6:18:34,3,-1,-1,AB6353,0,2,75
C675,C668,6:18:55,3,-1,3,AB6353,0,2,10
C668,C678,6:19:15,3,-1,3,AB6353,0,2,10
C678,C665,6:19:45,3,-1,3,AB6353,0,2,20
C665,C663,6:20:15,3,-1,-1,AB6353,0,2,20
C663,C661,6:21:26,3,-1,-1,AB6353,0,2,30
C661,C659,6:22:47,3,-1,1,AB6353,0,2,20
C659,C656,6:23:58,3,-1,1,AB6353,0,2,40
C688/1,C691,6:24:38,3,-1,1,AB6335,0,2,60
C656,C654/2,6:25:08,3,-1,1,AB6353,0,2,60
C691,C652,6:26:09,3,-1,1,AB6335,0,2,50
C654/2,C653/2,6:26:29,3,-1,1,AB6353,0,2,60
C653/2,C692,6:27:20,3,-1,1,AB6353,0,2,30
C652,C655,6:27:30,3,-1,1,AB6335,0,2,30
C692,C689/1,6:28:33,3,-1,1,AB6353,0,2,32
C655,C657,6:28:43,3,-1,1,AB6335,0,2,42
C657,C660,6:30:04,3,-1,-1,AB6335,0,2,50
C660,C662,6:30:54,3,-1,-1,AB6335,0,2,20
C689/1,T360,6:31:25,3,-1,1,AB6353,0,2,90
C662,C664,6:31:55,3,-1,-1,AB6335,0,2,30
C664,C666,6:32:46,3,-1,-1,AB6335,0,2,20
T360,T376/1,6:32:56,3,-1,1,AB6353,0,2,50
C666,C677,6:33:06,3,-1,-1,AB6335,0,2,10
T376/1,T363/1,6:33:56,3,-1,1,AB6353,0,2,50
C677,C667,6:34:16,3,-1,-1,AB6335,0,2,30
C667,C676,6:34:57,3,-1,-1,AB6335,0,2,10
T363/1,T306,6:34:57,3,-1,1,AB6353,0,2,40
T306,T314/2,6:35:27,3,-1,-1,AB6353,0,2,20
C676,C680,6:35:58,3,-1,-1,AB6335,0,2,50
T318,T319,6:36:58,3,-1,-1,AB6353,0,2,20
C680,C669/1,6:37:19,3,-1,1,AB6335,0,2,50
T319,T320,6:37:39,3,-1,-1,AB6353,0,2,30
C669/1,C693,6:38:39,3,-1,1,AB6335,0,2,60
T321/2,T323,6:39:20,3,-1,1,AB6353,0,2,20
C693,C681,6:40:00,3,-1,-1,AB6335,0,2,70
T323,T324/2,6:40:00,3,-1,1,AB6353,0,2,10
T336/2,T335,6:40:33,3,-1,1,AB5996,0,2,22
T335,T338,6:41:23,3,-1,1,AB5996,0,2,10
C681,C671,6:41:23,3,-1,-1,AB6335,0,2,50
T324/2,T327,6:41:43,3,-1,1,AB6353,0,2,60
T338,T326/3,6:42:34,3,-1,-1,AB5996,0,2,60
C671,C695,6:42:54,3,-1,-1,AB6335,0,2,80
T326/3,T332/2,6:43:45,3,-1,1,AB5996,0,2,50
C695,C673,6:44:45,3,-1,-1,AB6335,0,2,80
T332/2,T325/2,6:45:16,3,-1,1,AB5996,0,2,60
C673,C672,6:45:36,3,-1,-1,AB6335,0,2,30
T325/2,T339/2,6:46:06,3,-1,1,AB5996,0,2,20
T339/2,T313,6:47:27,3,-1,1,AB5996,0,2,40
C672,C670,6:47:57,3,-1,-1,AB6335,0,2,111
T313,T315,6:48:28,3,-1,1,AB5996,0,2,20
C670,C679,6:48:58,3,-1,-1,AB6335,0,2,40
T315,T375,6:50:09,3,-1,1,AB5996,0,2,70
C679,C694,6:50:39,3,-1,-1,AB6335,0,2,70
T375,T380,6:51:09,3,-1,1,AB5996,0,2,30
C694,C669/2,6:51:29,3,-1,-1,AB6335,0,2,30
T380,T379,6:51:50,3,-1,1,AB5996,0,2,10
T379,T359,6:52:20,3,-1,1,AB5996,0,2,20
C669/2,C687,6:52:32,3,-1,1,AB6335,0,2,22
T359,T355/1,6:53:23,3,-1,2,AB5996,0,2,50
C687,C675,6:54:23,3,-1,-1,AB6335,0,2,60
C675,C668,6:54:54,3,-1,-1,AB6335,0,2,20
C668,C678,6:55:14,3,-1,1,AB6335,0,2,10
C678,C665,6:55:44,3,-1,1,AB6335,0,2,20
T337,T336/2,6:56:25,3,-1,1,AB6353,0,2,30
C665,C663,6:56:35,3,-1,1,AB6335,0,2,20
C663,C661,6:57:15,3,-1,1,AB6335,0,2,30
C661,C659,6:58:06,3,-1,1,AB6335,0,2,20
C688/1,C691,6:59:07,3,-1,1,AB5996,0,2,40
C659,C656,6:59:07,3,-1,1,AB6335,0,2,40
C656,C654/2,6:59:57,3,-1,1,AB6335,0,2,40
C691,C652,7:00:58,3,-1,1,AB5996,0,2,80
C654/2,C653/2,7:01:39,3,-1,1,AB6335,0,2,71
C652,C655,7:02:09,3,-1,1,AB5996,0,2,30
C653/2,C692,7:03:04,3,-1,2,AB6335,0,2,74
C655,C657,7:03:34,3,-1,1,AB5996,0,2,50
C692,C689/1,7:04:24,3,-1,1,AB6335,0,2,40
C657,C662,7:05:05,3,-1,1,AB5996,1,2,70
T336/2,T335,7:05:35,3,-1,1,AB6353,0,2,20
C662,C664,7:05:45,3,-1,1,AB5996,0,2,20
C664,C666,7:06:16,3,-1,1,AB5996,0,2,10
C666,C677,7:06:36,3,-1,1,AB5996,0,2,10
C677,C667,7:07:16,3,-1,1,AB5996,0,2,30
C689/1,T360,7:07:16,3,-1,1,AB6335,0,2,101
T338,T326/3,7:07:36,3,-1,-1,AB6353,0,2,50
C667,C676,7:07:36,3,-1,-1,AB5996,0,2,10
T360,T376/1,7:08:17,3,-1,1,AB6335,0,2,20
T326/3,T332/2,7:08:27,3,-1,1,AB6353,0,2,40
C676,C680,7:08:47,3,-1,-1,AB5996,0,2,60
T376/1,T363/1,7:09:18,3,-1,1,AB6335,0,2,50
C680,C669/1,7:09:48,3,-1,1,AB5996,0,2,40
T332/2,T325/2,7:09:58,3,-1,1,AB6353,0,2,50
T363/1,T306,7:10:08,3,-1,1,AB6335,0,2,30
T325/2,T339/2,7:10:18,3,-1,1,AB6353,0,2,10
T306,T314/2,7:10:59,3,-1,-1,AB6335,0,2,40
C669/1,C693,7:11:09,3,-1,1,AB5996,0,2,60
T339/2,T313,7:11:49,3,-1,1,AB6353,0,2,50
T319,T320,7:12:09,3,-1,-1,AB6335,0,2,20
T313,T315,7:12:42,3,-1,1,AB6353,0,2,10
C693,C681,7:12:42,3,-1,-1,AB5996,0,2,82
T321/2,T323,7:13:43,3,-1,1,AB6335,0,2,20
C681,C671,7:14:03,3,-1,-1,AB5996,0,2,60
T315,T375,7:14:13,3,-1,1,AB6353,0,2,60
T323,T324/2,7:14:34,3,-1,1,AB6335,0,2,11
T375,T380,7:15:25,3,-1,1,AB6353,0,2,50
C671,C695,7:15:35,3,-1,-1,AB5996,0,2,81
T324/2,T327,7:15:45,3,-1,1,AB6335,0,2,50
T380,T379,7:16:06,3,-1,1,AB6353,0,2,11
T327,T326/1,7:16:57,3,-1,1,AB6335,0,2,30
T379,T359,7:17:27,3,-1,1,AB6353,0,2,50
C695,C673,7:17:47,3,-1,-1,AB5996,0,2,90
T326/1,T337,7:18:07,3,-1,1,AB6335,0,2,60
T359,T355/1,7:18:28,3,-1,1,AB6353,0,2,50
C673,C672,7:18:38,3,-1,1,AB5996,0,2,30
T337,T336/2,7:19:18,3,-1,1,AB6335,0,2,40
C672,C670,7:21:19,3,-1,1,AB5996,0,2,121
C670,C679,7:22:10,3,-1,1,AB5996,0,2,30
C679,C694,7:23:53,3,-1,-1,AB5996,0,2,80
C688/1,C691,7:24:33,3,-1,1,AB6353,0,2,30
C694,C669/2,7:24:43,3,-1,-1,AB5996,0,2,30
C691,C652,7:25:55,3,-1,1,AB6353,0,2,40
C669/2,C687,7:26:25,3,-1,1,AB5996,0,2,30
C652,C655,7:26:56,3,-1,1,AB6353,0,2,30
C687,C675,7:28:06,3,-1,1,AB5996,0,2,70
C655,C657,7:28:17,3,-1,1,AB6353,0,2,40
C675,C668,7:28:37,3,-1,1,AB5996,0,2,20
C668,C678,7:28:57,3,-1,1,AB5996,0,2,10
C657,C660,7:29:17,3,-1,1,AB6353,0,2,30
C678,C665,7:29:27,3,-1,1,AB5996,0,2,10
C660,C664,7:30:38,3,-1,1,AB6353,1,2,50
C665,C661,7:30:38,3,-1,-1,AB5996,1,2,60
C661,C659,7:31:19,3,-1,1,AB5996,0,2,20
C664,C666,7:31:29,3,-1,1,AB6353,0,2,30
C666,C677,7:31:49,3,-1,1,AB6353,0,2,10
C659,C656,7:32:43,3,-1,1,AB5996,0,2,43
C677,C676,7:33:03,3,-1,-1,AB6353,1,2,43
C656,C654/2,7:34:04,3,-1,1,AB5996,0,2,50
C676,C680,7:34:24,3,-1,-1,AB6353,0,2,60
C680,C669/1,7:35:15,3,-1,1,AB6353,0,2,20
T336/2,T335,7:35:25,3,-1,1,AB6335,0,2,40
C654/2,C653/2,7:35:45,3,-1,2,AB5996,0,2,40
T335,T338,7:36:25,3,-1,1,AB6335,0,2,10
C669/1,C693,7:36:46,3,-1,1,AB6353,0,2,50
C653/2,C692,7:37:26,3,-1,1,AB5996,0,2,70
T338,T326/3,7:38:17,3,-1,-1,AB6335,0,2,70
C693,C681,7:38:17,3,-1,-1,AB6353,0,2,81
C692,C689/1,7:38:37,3,-1,1,AB5996,0,2,30
T326/3,T332/2,7:39:08,3,-1,1,AB6335,0,2,30
C681,C671,7:39:28,3,-1,-1,AB6353,0,2,50
T332/2,T325/2,7:40:50,3,-1,1,AB6335,0,2,61
C671,C695,7:41:10,3,-1,-1,AB6353,0,2,82
T325/2,T339/2,7:42:04,3,-1,1,AB6335,0,2,20
C689/1,T360,7:42:14,3,-1,1,AB5996,0,2,156
C695,C673,7:42:45,3,-1,-1,AB6353,0,2,84
C673,C672,7:43:36,3,-1,1,AB6353,0,2,30
T339/2,T313,7:43:46,3,-1,1,AB6335,0,2,60
T360,T376/1,7:44:46,3,-1,1,AB5996,0,2,101
T313,T315,7:44:56,3,-1,1,AB6335,0,2,10
C672,C670,7:46:17,3,-1,1,AB6353,0,2,121
T315,T375,7:46:38,3,-1,1,AB6335,0,2,60
T376/1,T363/1,7:46:48,3,-1,1,AB5996,0,2,111
C670,C679,7:46:58,3,-1,1,AB6353,0,2,30
T375,T380,7:47:50,3,-1,1,AB6335,0,2,31
T363/1,T306,7:48:10,3,-1,1,AB5996,0,2,61
T380,T379,7:48:42,3,-1,1,AB6335,0,2,10
C679,C694,7:48:42,3,-1,-1,AB6353,0,2,84
T306,T314/2,7:48:53,3,-1,-1,AB5996,0,2,32
C694,C669/2,7:49:44,3,-1,-1,AB6353,0,2,31
T379,T355/1,7:50:25,3,-1,1,AB6335,1,2,92
C669/2,C687,7:50:35,3,-1,1,AB6353,0,2,30
T318,T319,7:50:45,3,-1,-1,AB5996,0,2,60
T319,T320,7:51:25,3,-1,-1,AB5996,0,2,30
C687,C675,7:52:06,3,-1,1,AB6353,0,2,60
T320,T321/2,7:52:16,3,-1,-1,AB5996,0,2,10
C675,C668,7:52:36,3,-1,1,AB6353,0,2,20
C668,C678,7:52:57,3,-1,1,AB6353,0,2,10
T321/2,T323,7:53:17,3,-1,1,AB5996,0,2,20
C678,C665,7:53:27,3,-1,1,AB6353,0,2,20
C665,C663,7:53:47,3,-1,1,AB6353,0,2,10
T355/1,C688/1,7:53:57,3,-1,1,AB6335,0,2,182
T323,T324/2,7:54:07,3,-1,1,AB5996,0,2,10
C663,C661,7:54:28,3,-1,1,AB6353,0,2,30
C661,C659,7:55:18,3,-1,1,AB6353,0,2,20
T324/2,T327,7:55:49,3,-1,1,AB5996,0,2,70
C688/1,C691,7:55:59,3,-1,1,AB6335,0,2,60
C659,C656,7:56:29,3,-1,1,AB6353,0,2,40
T327,T326/1,7:56:49,3,-1,1,AB5996,0,2,30
C656,C654/2,7:57:55,3,-1,1,AB6353,0,2,45
T326/1,T337,7:58:25,3,-1,1,AB5996,0,2,50
C691,C652,7:59:16,3,-1,1,AB6335,0,2,146
T337,T336/2,7:59:26,3,-1,1,AB5996,0,2,40
C654/2,C653/2,8:00:27,3,-1,1,AB6353,0,2,101
C652,C655,8:00:37,3,-1,1,AB6335,0,2,30
C655,C657,8:01:58,3,-1,1,AB6335,0,2,40
C653/2,C692,8:02:29,3,-1,1,AB6353,0,2,111
C657,C660,8:03:09,3,-1,1,AB6335,0,2,40
C660,C662,8:04:10,3,-1,1,AB6335,0,2,20
C692,C689/1,8:04:43,3,-1,1,AB6353,0,2,62
C662,C664,8:05:13,3,-1,1,AB6335,0,2,30
C664,C666,8:05:53,3,-1,1,AB6335,0,2,20
C666,C676,8:07:16,3,-1,-1,AB6335,2,2,72
C676,C680,8:08:47,3,-1,-1,AB6335,0,2,60
C689/1,T360,8:08:47,3,-1,1,AB6353,0,2,173
C680,C669/1,8:09:07,3,-1,-1,AB6335,0,2,10
T360,T376/1,8:10:08,3,-1,1,AB6353,0,2,50
T336/2,T335,8:10:48,3,-1,1,AB5996,0,2,50
C669/1,C693,8:10:48,3,-1,1,AB6335,0,2,60
T376/1,T363/1,8:11:19,3,-1,1,AB6353,0,2,50
T335,T338,8:11:31,3,-1,1,AB5996,0,2,12
C693,C681,8:12:32,3,-1,-1,AB6335,0,2,73
T363/1,T306,8:12:42,3,-1,1,AB6353,0,2,40
T306,T314/2,8:13:44,3,-1,-1,AB6353,0,2,31
C681,C695,8:14:44,3,-1,-1,AB6335,1,2,122
T338,T326/3,8:14:55,3,-1,-1,AB5996,0,2,162
T326/3,T332/2,8:15:55,3,-1,1,AB5996,0,2,50
C695,C673,8:16:16,3,-1,-1,AB6335,0,2,70
T318,T319,8:16:46,3,-1,-1,AB6353,0,2,101
C673,C672,8:17:26,3,-1,1,AB6335,0,2,30
T319,T320,8:17:58,3,-1,-1,AB6353,0,2,41
T320,T321/2,8:18:49,3,-1,-1,AB6353,0,2,20
C672,C670,8:20:10,3,-1,1,AB6335,0,2,121
T321/2,T323,8:20:20,3,-1,1,AB6353,0,2,30
T323,T324/2,8:21:12,3,-1,1,AB6353,0,2,10
C670,C679,8:21:34,3,-1,1,AB6335,0,2,32
C679,C694,8:22:55,3,-1,-1,AB6335,0,2,70
T324/2,T327,8:23:05,3,-1,1,AB6353,0,2,91
T325/2,T339/2,8:23:26,3,-1,2,AB5996,0,2,30
C694,C669/2,8:23:46,3,-1,-1,AB6335,0,2,30
T327,T326/1,8:23:56,3,-1,1,AB6353,0,2,30
C669/2,C687,8:24:37,3,-1,1,AB6335,0,2,30
T339/2,T313,8:25:07,3,-1,1,AB5996,0,2,60
T326/1,T337,8:25:27,3,-1,1,AB6353,0,2,81
C687,C675,8:26:08,3,-1,1,AB6335,0,2,60
T337,T336/2,8:26:08,3,-1,1,AB6353,0,2,30
T313,T315,8:26:28,3,-1,1,AB5996,0,2,20
C675,C668,8:26:28,3,-1,1,AB6335,0,2,10
C668,C678,8:26:58,3,-1,1,AB6335,0,2,20
C678,C665,8:27:29,3,-1,1,AB6335,0,2,20
T315,T375,8:27:49,3,-1,1,AB5996,0,2,70
C665,C663,8:27:49,3,-1,1,AB6335,0,2,10
C663,C661,8:28:33,3,-1,1,AB6335,0,2,33
C661,C659,8:29:03,3,-1,1,AB6335,0,2,20
T375,T380,8:29:45,3,-1,1,AB5996,0,2,61
T380,T379,8:30:35,3,-1,1,AB5996,0,2,10
C659,C656,8:30:35,3,-1,1,AB6335,0,2,50
C656,C654/2,8:31:26,3,-1,1,AB6335,0,2,40
T379,T359,8:31:36,3,-1,1,AB5996,0,2,30
T359,T355/1,8:32:57,3,-1,1,AB5996,0,2,70
C654/2,C653/2,8:33:07,3,-1,1,AB6335,0,2,70
C653/2,C692,8:34:38,3,-1,1,AB6335,0,2,40
C692,C689/1,8:36:19,3,-1,1,AB6335,0,2,40
T336/2,T335,8:37:20,3,-1,1,AB6353,0,2,20
T335,T338,8:38:04,3,-1,1,AB6353,0,2,10
C689/1,T360,8:39:46,3,-1,1,AB6335,0,2,121
T338,T326/3,8:39:56,3,-1,-1,AB6353,0,2,71
C688/1,C691,8:40:26,3,-1,1,AB5996,0,2,71
T326/3,T332/2,8:40:57,3,-1,2,AB6353,0,2,40
T360,T376/1,8:41:17,3,-1,1,AB6335,0,2,70
C691,C652,8:42:48,3,-1,1,AB5996,0,2,91
T376/1,T363/1,8:42:48,3,-1,1,AB6335,0,2,60
C652,C655,8:44:19,3,-1,1,AB5996,0,2,30
T363/1,T306,8:44:49,3,-1,1,AB6335,0,2,81
T306,T314/2,8:45:30,3,-1,-1,AB6335,0,2,30
C655,C657,8:45:50,3,-1,1,AB5996,0,2,50
T325/2,T339/2,8:46:00,3,-1,2,AB6353,0,2,20
T314/2,T318,8:46:33,3,-1,-1,AB6335,0,2,12
C657,C660,8:46:43,3,-1,1,AB5996,0,2,42
T318,T319,8:47:03,3,-1,-1,AB6335,0,2,10
C660,C662,8:47:24,3,-1,1,AB5996,0,2,20
T339/2,T313,8:47:44,3,-1,1,AB6353,0,2,70
T319,T320,8:48:04,3,-1,-1,AB6335,0,2,20
C662,C664,8:48:14,3,-1,1,AB5996,0,2,30
T313,T315,8:48:45,3,-1,1,AB6353,0,2,30
T320,T321/2,8:48:55,3,-1,-1,AB6335,0,2,10
C664,C666,8:49:05,3,-1,1,AB5996,0,2,20
C666,C677,8:49:25,3,-1,1,AB5996,0,2,10
C677,C667,8:49:55,3,-1,1,AB5996,0,2,20
T321/2,T323,8:49:55,3,-1,1,AB6335,0,2,20
C667,C676,8:50:26,3,-1,-1,AB5996,0,2,20
T323,T324/2,8:50:46,3,-1,1,AB6335,0,2,10
T315,T375,8:51:06,3,-1,1,AB6353,0,2,121
T375,T380,8:51:57,3,-1,1,AB6353,0,2,30
C676,C680,8:51:57,3,-1,-1,AB5996,0,2,60
T324/2,T327,8:52:17,3,-1,1,AB6335,0,2,80
T380,T379,8:52:47,3,-1,1,AB6353,0,2,10
C680,C669/1,8:52:57,3,-1,1,AB5996,0,2,20
T327,T326/1,8:53:18,3,-1,1,AB6335,0,2,30
T379,T359,8:53:38,3,-1,1,AB6353,0,2,30
C669/1,C693,8:54:08,3,-1,1,AB5996,0,2,60
T326/1,T337,8:54:38,3,-1,1,AB6335,0,2,70
T359,T355/1,8:54:59,3,-1,1,AB6353,0,2,50
T337,T336/2,8:55:29,3,-1,1,AB6335,0,2,30
C693,C671,8:56:54,3,-1,-1,AB5996,1,2,145
C671,C695,8:58:35,3,-1,-1,AB5996,0,2,91
C695,C673,9:00:26,3,-1,-1,AB5996,0,2,101
C688/1,C691,9:00:37,3,-1,1,AB6353,0,2,81
C673,C672,9:01:07,3,-1,-1,AB5996,0,2,30
C691,C652,9:02:08,3,-1,1,AB6353,0,2,70
C652,C655,9:03:08,3,-1,1,AB6353,0,2,30
C672,C670,9:03:59,3,-1,-1,AB5996,0,2,111
C655,C657,9:04:29,3,-1,1,AB6353,0,2,40
C670,C679,9:05:00,3,-1,-1,AB5996,0,2,40
C657,C660,9:05:43,3,-1,1,AB6353,0,2,43
C660,C662,9:06:24,3,-1,1,AB6353,0,2,20
C679,C694,9:06:34,3,-1,-1,AB5996,0,2,84
C662,C664,9:06:54,3,-1,1,AB6353,0,2,20
C664,C666,9:07:25,3,-1,1,AB6353,0,2,20
C694,C669/2,9:07:25,3,-1,-1,AB5996,0,2,30
C666,C677,9:07:46,3,-1,1,AB6353,0,2,10
C677,C667,9:08:17,3,-1,1,AB6353,0,2,20
C669/2,C687,9:08:27,3,-1,1,AB5996,0,2,20
C667,C676,9:08:37,3,-1,-1,AB6353,0,2,10
T336/2,T335,9:09:37,3,-1,1,AB6335,0,2,20
C676,C680,9:09:58,3,-1,-1,AB6353,0,2,50
C687,C675,9:10:08,3,-1,1,AB5996,0,2,60
C680,C669/1,9:10:28,3,-1,1,AB6353,0,2,20
T335,T338,9:10:48,3,-1,1,AB6335,0,2,10
C675,C668,9:10:48,3,-1,1,AB5996,0,2,30
C668,C678,9:11:08,3,-1,1,AB5996,0,2,10
C669/1,C693,9:11:39,3,-1,1,AB6353,0,2,50
C678,C665,9:11:39,3,-1,1,AB5996,0,2,20
T338,T326/3,9:11:59,3,-1,-1,AB6335,0,2,60
C665,C663,9:12:09,3,-1,1,AB5996,0,2,10
T326/3,T332/2,9:12:49,3,-1,1,AB6335,0,2,40
C663,C661,9:12:49,3,-1,1,AB5996,0,2,30
C693,C681,9:13:20,3,-1,-1,AB6353,0,2,70
C661,C659,9:13:45,3,-1,1,AB5996,0,2,24
C681,C671,9:14:15,3,-1,-1,AB6353,0,2,40
C659,C656,9:14:45,3,-1,1,AB5996,0,2,40
T332/2,T325/2,9:14:56,3,-1,1,AB6335,0,2,60
T325/2,T339/2,9:15:46,3,-1,1,AB6335,0,2,10
C671,C695,9:15:46,3,-1,-1,AB6353,0,2,80
C656,C654/2,9:15:56,3,-1,1,AB5996,0,2,60
T339/2,T313,9:17:27,3,-1,1,AB6335,0,2,60
C654/2,C653/2,9:17:27,3,-1,1,AB5996,0,2,60
C695,C673,9:17:37,3,-1,-1,AB6353,0,2,90
T313,T315,9:18:08,3,-1,1,AB6335,0,2,10
C673,C672,9:18:18,3,-1,1,AB6353,0,2,30
C653/2,C692,9:19:08,3,-1,1,AB5996,0,2,90
T315,T375,9:20:29,3,-1,1,AB6335,0,2,121
C692,C689/1,9:21:20,3,-1,1,AB5996,0,2,80
T375,T380,9:21:52,3,-1,1,AB6335,0,2,20
T380,T379,9:22:53,3,-1,1,AB6335,0,2,20
C689/1,T360,9:23:45,3,-1,1,AB5996,0,2,112
T379,T359,9:23:55,3,-1,1,AB6335,0,2,41
C672,C670,9:24:05,3,-1,1,AB6353,0,2,142
T359,T355/1,9:25:06,3,-1,1,AB6335,0,2,60
C670,C679,9:25:26,3,-1,-1,AB6353,0,2,30
T360,T376/1,9:25:46,3,-1,1,AB5996,0,2,70
C679,C694,9:26:57,3,-1,-1,AB6353,0,2,80
T376/1,T363/1,9:27:07,3,-1,1,AB5996,0,2,70
C694,C669/2,9:27:37,3,-1,-1,AB6353,0,2,30
T363/1,T306,9:28:28,3,-1,1,AB5996,0,2,50
C669/2,C687,9:28:58,3,-1,1,AB6353,0,2,30
T306,T318,9:29:19,3,-1,-1,AB5996,1,2,40
C688/1,C691,9:29:59,3,-1,1,AB6335,0,2,30
C687,C675,9:30:29,3,-1,1,AB6353,0,2,60
T318,T319,9:30:49,3,-1,-1,AB5996,0,2,50
C675,C668,9:31:00,3,-1,1,AB6353,0,2,10
C691,C652,9:31:20,3,-1,1,AB6335,0,2,60
T319,T320,9:31:33,3,-1,-1,AB5996,0,2,33
C668,C665,9:31:53,3,-1,1,AB6353,1,2,33
C665,C663,9:32:13,3,-1,1,AB6353,0,2,10
T320,T321/2,9:32:13,3,-1,-1,AB5996,0,2,10
C652,C655,9:32:23,3,-1,1,AB6335,0,2,30
C663,C661,9:33:15,3,-1,1,AB6353,0,2,20
T321/2,T323,9:33:25,3,-1,1,AB5996,0,2,30
C655,C657,9:33:35,3,-1,1,AB6335,0,2,50
C661,C659,9:33:55,3,-1,1,AB6353,0,2,30
T323,T324/2,9:34:16,3,-1,1,AB5996,0,2,10
C657,C660,9:34:36,3,-1,1,AB6335,0,2,50
C659,C656,9:34:56,3,-1,1,AB6353,0,2,40
C660,C662,9:35:06,3,-1,1,AB6335,0,2,20
C662,C664,9:35:36,3,-1,1,AB6335,0,2,20
T324/2,T327,9:35:47,3,-1,1,AB5996,0,2,60
C656,C654/2,9:35:57,3,-1,1,AB6353,0,2,50
C664,C666,9:36:07,3,-1,1,AB6335,0,2,20
C666,C677,9:36:27,3,-1,1,AB6335,0,2,10
T327,T326/1,9:36:27,3,-1,1,AB5996,0,2,30
C677,C667,9:36:47,3,-1,1,AB6335,0,2,10
C667,C676,9:37:18,3,-1,-1,AB6335,0,2,20
C654/2,C653/2,9:37:18,3,-1,1,AB6353,0,2,40
T326/1,T336/2,9:38:08,3,-1,1,AB5996,1,2,90
C676,C680,9:38:18,3,-1,-1,AB6335,0,2,50
C653/2,C692,9:39:09,3,-1,1,AB6353,0,2,90
C680,C669/1,9:39:19,3,-1,1,AB6335,0,2,30
C692,C689/1,9:40:09,3,-1,1,AB6353,0,2,30
T336/2,T335,9:40:40,3,-1,1,AB5996,0,2,30
C669/1,C693,9:40:40,3,-1,1,AB6335,0,2,60
T335,T338,9:41:44,3,-1,1,AB5996,0,2,10
C693,C681,9:42:15,3,-1,-1,AB6335,0,2,64
C689/1,T360,9:42:35,3,-1,1,AB6353,0,2,105
T338,T326/3,9:43:16,3,-1,-1,AB5996,0,2,71
C681,C671,9:43:16,3,-1,-1,AB6335,0,2,51
T360,T376/1,9:44:06,3,-1,1,AB6353,0,2,60
T326/3,T332/2,9:44:16,3,-1,1,AB5996,0,2,50
C671,C695,9:44:37,3,-1,-1,AB6335,0,2,70
T332/2,T325/2,9:45:57,3,-1,1,AB5996,0,2,70
T376/1,T363/1,9:45:57,3,-1,1,AB6353,0,2,101
C695,C673,9:46:08,3,-1,-1,AB6335,0,2,80
T325/2,T339/2,9:46:48,3,-1,1,AB5996,0,2,20
T363/1,T306,9:47:28,3,-1,1,AB6353,0,2,60
C673,C672,9:47:39,3,-1,-1,AB6335,0,2,30
T306,T314/2,9:48:19,3,-1,-1,AB6353,0,2,30
T339/2,T313,9:48:49,3,-1,1,AB5996,0,2,91
T313,T315,9:49:45,3,-1,1,AB5996,0,2,10
T318,T319,9:50:25,3,-1,-1,AB6353,0,2,85
C672,C670,9:50:55,3,-1,2,AB6335,0,2,125
T315,T375,9:51:16,3,-1,1,AB5996,0,2,80
T319,T320,9:51:16,3,-1,-1,AB6353,0,2,40
C670,C679,9:52:26,3,-1,2,AB6335,0,2,40
T375,T380,9:52:36,3,-1,1,AB5996,0,2,30
T321/2,T323,9:53:07,3,-1,1,AB6353,0,2,30
C679,C694,9:53:57,3,-1,-1,AB6335,0,2,80
T323,T324/2,9:53:57,3,-1,1,AB6353,0,2,20
T380,T359,9:54:27,3,-1,1,AB5996,1,2,90
C694,C669/2,9:54:38,3,-1,-1,AB6335,0,2,30
T324/2,T327,9:54:58,3,-1,1,AB6353,0,2,50
C669/2,C687,9:55:38,3,-1,1,AB6335,0,2,30
T327,T326/1,9:55:48,3,-1,1,AB6353,0,2,30
T359,T355/1,9:56:08,3,-1,1,AB5996,0,2,90
T326/1,T337,9:56:59,3,-1,1,AB6353,0,2,60
C687,C675,9:58:00,3,-1,1,AB6335,0,2,70
T337,T336/2,9:58:00,3,-1,1,AB6353,0,2,30
C675,C668,9:58:31,3,-1,1,AB6335,0,2,21
C668,C678,9:58:51,3,-1,1,AB6335,0,2,10
C678,C665,9:59:43,3,-1,1,AB6335,0,2,21
C665,C663,10:00:03,3,-1,1,AB6335,0,2,10
C663,C661,10:01:04,3,-1,1,AB6335,0,2,20
C688/1,C691,10:01:34,3,-1,1,AB5996,0,2,60
C661,C659,10:01:44,3,-1,1,AB6335,0,2,20
C659,C656,10:03:15,3,-1,1,AB6335,0,2,40
C691,C652,10:03:25,3,-1,1,AB5996,0,2,80
C656,C654/2,10:04:16,3,-1,1,AB6335,0,2,50
C652,C655,10:04:36,3,-1,1,AB5996,0,2,40
C654/2,C653/2,10:05:57,3,-1,1,AB6335,0,2,80
T336/2,T335,10:06:07,3,-1,1,AB5457,0,2,20
C655,C660,10:06:37,3,-1,1,AB5996,1,2,90
T335,T338,10:06:57,3,-1,1,AB5457,0,2,10
C660,C662,10:07:08,3,-1,1,AB5996,0,2,20
C653/2,C692,10:07:38,3,-1,1,AB6335,0,2,60
C662,C664,10:07:48,3,-1,1,AB5996,0,2,30
C664,C666,10:08:18,3,-1,1,AB5996,0,2,20
T338,T326/3,10:08:38,3,-1,-1,AB5457,0,2,70
C692,C689/1,10:08:49,3,-1,1,AB6335,0,2,20
C666,C677,10:09:00,3,-1,1,AB5996,0,2,31
T326/3,T332/2,10:10:00,3,-1,1,AB5457,0,2,50
C677,C676,10:10:00,3,-1,-1,AB5996,1,2,50
C676,C680,10:11:04,3,-1,-1,AB5996,0,2,54
T332/2,T325/2,10:11:45,3,-1,1,AB5457,0,2,70
C680,C669/1,10:12:05,3,-1,2,AB5996,0,2,20
C689/1,T360,10:12:15,3,-1,1,AB6335,0,2,134
T325/2,T339/2,10:12:56,3,-1,1,AB5457,0,2,31
T360,T376/1,10:13:16,3,-1,1,AB6335,0,2,20
C669/1,C693,10:13:27,3,-1,2,AB5996,0,2,61
T376/1,T363/1,10:14:27,3,-1,1,AB6335,0,2,60
T339/2,T313,10:14:47,3,-1,1,AB5457,0,2,70
C693,C681,10:15:08,3,-1,-1,AB5996,0,2,80
T363/1,T306,10:15:38,3,-1,1,AB6335,0,2,50
C681,C671,10:16:08,3,-1,-1,AB5996,0,2,50
T306,T314/2,10:16:28,3,-1,-1,AB6335,0,2,40
T313,T315,10:16:49,3,-1,1,AB5457,0,2,20
C671,C695,10:18:09,3,-1,-1,AB5996,0,2,90
T318,T319,10:18:30,3,-1,-1,AB6335,0,2,10
T315,T375,10:18:40,3,-1,1,AB5457,0,2,80
T319,T320,10:19:10,3,-1,-1,AB6335,0,2,30
C695,C673,10:20:02,3,-1,-1,AB5996,0,2,91
T320,T321/2,10:20:12,3,-1,-1,AB6335,0,2,10
T375,T380,10:20:22,3,-1,1,AB5457,0,2,50
C673,C672,10:20:44,3,-1,-1,AB5996,0,2,32
T321/2,T323,10:21:04,3,-1,1,AB6335,0,2,30
T380,T379,10:21:14,3,-1,1,AB5457,0,2,10
T323,T324/2,10:21:44,3,-1,1,AB6335,0,2,10
T379,T359,10:22:04,3,-1,1,AB5457,0,2,30
T324/2,T327,10:23:15,3,-1,1,AB6335,0,2,60
C672,C670,10:23:35,3,-1,-1,AB5996,0,2,131
T359,T355/1,10:23:45,3,-1,1,AB5457,0,2,90
T327,T326/1,10:23:45,3,-1,1,AB6335,0,2,20
C670,C679,10:24:26,3,-1,-1,AB5996,0,2,30
C679,C694,10:26:17,3,-1,-1,AB5996,0,2,90
C694,C669/2,10:26:57,3,-1,-1,AB5996,0,2,30
C669/2,C687,10:28:18,3,-1,1,AB5996,0,2,30
T337,T336/2,10:28:49,3,-1,1,AB6335,0,2,20
C687,C675,10:29:49,3,-1,1,AB5996,0,2,60
C688/1,C691,10:29:59,3,-1,1,AB5457,0,2,80
C675,C668,10:30:29,3,-1,1,AB5996,0,2,20
C668,C678,10:31:10,3,-1,1,AB5996,0,2,20
C691,C652,10:32:00,3,-1,1,AB5457,0,2,90
C678,C665,10:32:21,3,-1,1,AB5996,0,2,20
C652,C655,10:33:04,3,-1,1,AB5457,0,2,30
C665,C663,10:33:04,3,-1,1,AB5996,0,2,10
C655,C657,10:34:15,3,-1,1,AB5457,0,2,50
C663,C661,10:34:15,3,-1,1,AB5996,0,2,30
C661,C659,10:34:45,3,-1,1,AB5996,0,2,20
C657,C660,10:35:35,3,-1,1,AB5457,0,2,70
T336/2,T335,10:35:46,3,-1,1,AB6353,0,2,30
C659,C656,10:35:56,3,-1,1,AB5996,0,2,40
C660,C662,10:36:06,3,-1,1,AB5457,0,2,20
T335,T338,10:36:36,3,-1,1,AB6353,0,2,10
C662,C664,10:36:46,3,-1,1,AB5457,0,2,30
C656,C654/2,10:36:56,3,-1,1,AB5996,0,2,50
C664,C666,10:37:17,3,-1,1,AB5457,0,2,20
C666,C677,10:37:47,3,-1,1,AB5457,0,2,20
T338,T326/3,10:38:17,3,-1,-1,AB6353,0,2,60
C677,C667,10:38:17,3,-1,-1,AB5457,0,2,20
C667,C676,10:38:37,3,-1,-1,AB5457,0,2,10
C654/2,C653/2,10:38:37,3,-1,1,AB5996,0,2,90
T326/3,T332/2,10:39:28,3,-1,1,AB6353,0,2,50
C676,C680,10:39:48,3,-1,-1,AB5457,0,2,60
C680,C669/1,10:40:49,3,-1,1,AB5457,0,2,20
C653/2,C692,10:40:49,3,-1,1,AB5996,0,2,121
T332/2,T325/2,10:41:29,3,-1,1,AB6353,0,2,70
C692,C689/1,10:41:59,3,-1,1,AB5996,0,2,20
T325/2,T339/2,10:42:09,3,-1,1,AB6353,0,2,20
C669/1,C693,10:42:20,3,-1,1,AB5457,0,2,70
C693,C681,10:43:52,3,-1,-1,AB5457,0,2,81
T339/2,T313,10:44:02,3,-1,1,AB6353,0,2,71
C681,C671,10:44:45,3,-1,-1,AB5457,0,2,42
C689/1,T360,10:44:55,3,-1,1,AB5996,0,2,134
T313,T315,10:45:25,3,-1,1,AB6353,0,2,30
C671,C695,10:46:26,3,-1,-1,AB5457,0,2,80
T360,T376/1,10:46:56,3,-1,1,AB5996,0,2,111
T315,T375,10:47:26,3,-1,1,AB6353,0,2,111
T375,T380,10:48:37,3,-1,1,AB6353,0,2,30
C695,C673,10:48:47,3,-1,-1,AB5457,0,2,111
T380,T379,10:49:07,3,-1,1,AB6353,0,2,10
T376/1,T363/1,10:49:27,3,-1,1,AB5996,0,2,141
C673,C672,10:49:38,3,-1,-1,AB5457,0,2,30
T379,T359,10:50:58,3,-1,1,AB6353,0,2,60
T363/1,T306,10:50:58,3,-1,1,AB5996,0,2,50
T306,T314/2,10:51:49,3,-1,-1,AB5996,0,2,40
T359,T355/1,10:52:09,3,-1,1,AB6353,0,2,50
C672,C670,10:52:32,3,-1,1,AB5457,0,2,144
T318,T319,10:53:33,3,-1,-1,AB5996,0,2,10
C670,C679,10:53:43,3,-1,1,AB5457,0,2,40
T319,T320,10:54:34,3,-1,-1,AB5996,0,2,30
C679,C694,10:55:44,3,-1,-1,AB5457,0,2,81
T320,T321/2,10:56:05,3,-1,-1,AB5996,0,2,20
C694,C669/2,10:56:45,3,-1,-1,AB5457,0,2,40
T321/2,T323,10:56:55,3,-1,1,AB5996,0,2,30
C669/2,C687,10:57:46,3,-1,1,AB5457,0,2,30
T323,T324/2,10:57:56,3,-1,1,AB5996,0,2,10
C688/1,C691,10:58:16,3,-1,1,AB6353,0,2,90
T324/2,T327,10:58:56,3,-1,1,AB5996,0,2,50
C687,C675,10:59:17,3,-1,1,AB5457,0,2,60
C675,C668,10:59:57,3,-1,1,AB5457,0,2,30
T327,T326/1,11:00:07,3,-1,1,AB5996,0,2,30
C691,C652,11:00:17,3,-1,1,AB6353,0,2,80
C678,C665,11:01:08,3,-1,1,AB5457,0,2,20
T326/1,T337,11:01:08,3,-1,1,AB5996,0,2,50
C652,C655,11:01:18,3,-1,1,AB6353,0,2,20
C665,C663,11:01:38,3,-1,1,AB5457,0,2,20
T337,T336/2,11:01:38,3,-1,1,AB5996,0,2,20
C663,C661,11:02:29,3,-1,1,AB5457,0,2,40
C655,C660,11:03:29,3,-1,1,AB6353,1,2,90
C661,C659,11:04:00,3,-1,1,AB5457,0,2,60
C660,C662,11:04:10,3,-1,1,AB6353,0,2,20
C662,C664,11:04:50,3,-1,1,AB6353,0,2,30
C659,C656,11:05:20,3,-1,1,AB5457,0,2,40
C664,C666,11:05:33,3,-1,1,AB6353,0,2,12
C666,C677,11:06:03,3,-1,1,AB6353,0,2,20
C677,C667,11:06:34,3,-1,-1,AB6353,0,2,20
C656,C654/2,11:06:44,3,-1,1,AB5457,0,2,50
C667,C676,11:07:24,3,-1,-1,AB6353,0,2,20
C654/2,C653/2,11:08:45,3,-1,1,AB5457,0,2,70
C676,C680,11:08:55,3,-1,-1,AB6353,0,2,50
C680,C669/1,11:09:56,3,-1,1,AB6353,0,2,30
C653/2,C692,11:10:46,3,-1,1,AB5457,0,2,100
T336/2,T335,11:11:16,3,-1,1,AB6335,0,2,20
C669/1,C693,11:11:37,3,-1,1,AB6353,0,2,60
T335,T338,11:11:57,3,-1,1,AB6335,0,2,10
C692,C689/1,11:11:57,3,-1,1,AB5457,0,2,20
T338,T326/3,11:13:08,3,-1,-1,AB6335,0,2,60
C693,C681,11:13:18,3,-1,-1,AB6353,0,2,70
T326/3,T332/2,11:13:58,3,-1,1,AB6335,0,2,40
C681,C671,11:14:28,3,-1,-1,AB6353,0,2,50
T332/2,T325/2,11:15:29,3,-1,1,AB6335,0,2,60
C689/1,T360,11:15:39,3,-1,1,AB5457,0,2,191
T325/2,T339/2,11:16:09,3,-1,1,AB6335,0,2,20
C671,C695,11:16:09,3,-1,-1,AB6353,0,2,90
T360,T376/1,11:16:30,3,-1,1,AB5457,0,2,20
T339/2,T313,11:18:43,3,-1,1,AB6335,0,2,73
T376/1,T363/1,11:19:34,3,-1,1,AB5457,0,2,113
T313,T315,11:19:44,3,-1,1,AB6335,0,2,30
T315,T375,11:21:25,3,-1,-1,AB6335,0,2,90
T363/1,T306,11:21:25,3,-1,-1,AB5457,0,2,60
T375,T380,11:22:15,3,-1,-1,AB6335,0,2,20
T306,T314/2,11:22:26,3,-1,-1,AB5457,0,2,40
T380,T379,11:23:06,3,-1,-1,AB6335,0,2,10
C672,C670,11:23:16,3,-1,-1,AB6353,0,2,141
T379,T359,11:23:46,3,-1,-1,AB6335,0,2,20
T314/2,T318,11:23:46,3,-1,-1,AB5457,0,2,10
C670,C679,11:24:27,3,-1,-1,AB6353,0,2,30
T318,T319,11:24:37,3,-1,-1,AB5457,0,2,10
T359,T355/1,11:25:07,3,-1,1,AB6335,0,2,60
T319,T320,11:25:48,3,-1,-1,AB5457,0,2,60
C679,C694,11:26:48,3,-1,-1,AB6353,0,2,100
C694,C669/2,11:27:59,3,-1,-1,AB6353,0,2,50
T321/2,T323,11:28:09,3,-1,1,AB5457,0,2,30
C669/2,C687,11:28:49,3,-1,-1,AB6353,0,2,30
T323,T324/2,11:28:59,3,-1,1,AB5457,0,2,10
C687,C675,11:30:00,3,-1,-1,AB6353,0,2,60
C675,C668,11:30:33,3,-1,1,AB6353,0,2,12
C668,C678,11:30:53,3,-1,1,AB6353,0,2,10
T324/2,T327,11:30:53,3,-1,1,AB5457,0,2,73
C678,C665,11:31:34,3,-1,1,AB6353,0,2,20
C688/1,C691,11:31:54,3,-1,2,AB6335,0,2,103
T327,T326/1,11:32:04,3,-1,1,AB5457,0,2,20
C665,C661,11:32:34,3,-1,1,AB6353,1,2,50
C661,C659,11:33:15,3,-1,1,AB6353,0,2,30
T326/1,T337,11:33:45,3,-1,1,AB5457,0,2,60
C691,C652,11:34:26,3,-1,1,AB6335,0,2,111
C659,C656,11:34:46,3,-1,1,AB6353,0,2,40
T337,T336/2,11:34:46,3,-1,1,AB5457,0,2,30
C652,C655,11:35:26,3,-1,1,AB6335,0,2,30
C656,C654/2,11:35:46,3,-1,1,AB6353,0,2,50
C654/2,C653/2,11:37:17,3,-1,1,AB6353,0,2,50
C655,C660,11:37:38,3,-1,1,AB6335,1,2,91
C660,C662,11:38:28,3,-1,1,AB6335,0,2,10
C662,C664,11:39:09,3,-1,1,AB6335,0,2,30
C653/2,C692,11:39:29,3,-1,1,AB6353,0,2,111
C664,C677,11:39:49,3,-1,2,AB6335,1,2,30
C677,C667,11:40:20,3,-1,1,AB6335,0,2,10
C692,C689/1,11:40:52,3,-1,1,AB6353,0,2,42
C667,C680,11:41:44,3,-1,-1,AB6335,1,2,71
C680,C669/1,11:42:34,3,-1,1,AB6335,0,2,30
C669/1,C693,11:43:55,3,-1,1,AB6335,0,2,60
C689/1,T360,11:44:15,3,-1,1,AB6353,0,2,141
T360,T376/1,11:45:26,3,-1,1,AB6353,0,2,30
C693,C681,11:45:36,3,-1,-1,AB6335,0,2,60
T336/2,T335,11:46:17,3,-1,1,AB5996,0,2,50
T335,T338,11:47:07,3,-1,1,AB5996,0,2,20
C681,C671,11:47:07,3,-1,-1,AB6335,0,2,50
T376/1,T363/1,11:47:17,3,-1,1,AB6353,0,2,100
T338,T326/3,11:48:18,3,-1,-1,AB5996,0,2,60
C671,C695,11:48:48,3,-1,-1,AB6335,0,2,70
T363/1,T306,11:49:29,3,-1,1,AB6353,0,2,60
T326/3,T332/2,11:49:39,3,-1,1,AB5996,0,2,50
T306,T314/2,11:50:29,3,-1,-1,AB6353,0,2,40
C695,C673,11:51:10,3,-1,-1,AB6335,0,2,111
T332/2,T325/2,11:51:52,3,-1,1,AB5996,0,2,93
C673,C672,11:51:52,3,-1,1,AB6335,0,2,32
T325/2,T339/2,11:53:03,3,-1,1,AB5996,0,2,30
T318,T319,11:53:13,3,-1,-1,AB6353,0,2,10
T319,T320,11:54:34,3,-1,-1,AB6353,0,2,70
T339/2,T313,11:54:54,3,-1,1,AB5996,0,2,70
T320,T321/2,11:55:35,3,-1,-1,AB6353,0,2,10
T313,T315,11:55:55,3,-1,1,AB5996,0,2,20
C672,C670,11:56:05,3,-1,1,AB6335,0,2,161
T321/2,T323,11:57:16,3,-1,1,AB6353,0,2,40
T315,T375,11:57:26,3,-1,1,AB5996,0,2,80
C670,C679,11:57:26,3,-1,1,AB6335,0,2,30
T323,T324/2,11:58:27,3,-1,1,AB6353,0,2,10
C679,C694,11:58:57,3,-1,-1,AB6335,0,2,80
T375,T380,11:59:17,3,-1,1,AB5996,0,2,70
T324/2,T327,11:59:57,3,-1,1,AB6353,0,2,70
T380,T379,12:00:08,3,-1,1,AB5996,0,2,20
C694,C669/2,12:00:08,3,-1,-1,AB6335,0,2,40
T327,T326/1,12:00:58,3,-1,1,AB6353,0,2,30
C669/2,C687,12:01:29,3,-1,1,AB6335,0,2,30
T379,T359,12:01:39,3,-1,1,AB5996,0,2,70
T326/1,T337,12:02:29,3,-1,1,AB6353,0,2,70
T359,T355/1,12:03:00,3,-1,1,AB5996,0,2,70
C687,C675,12:03:00,3,-1,1,AB6335,0,2,70
C675,C668,12:03:35,3,-1,1,AB6335,0,2,25
T337,T336/2,12:03:35,3,-1,1,AB6353,0,2,45
C668,C678,12:04:15,3,-1,1,AB6335,0,2,10
C678,C665,12:04:56,3,-1,1,AB6335,0,2,20
C665,C663,12:05:16,3,-1,1,AB6335,0,2,10
C663,C661,12:06:06,3,-1,1,AB6335,0,2,40
C661,C659,12:06:37,3,-1,1,AB6335,0,2,20
C659,C656,12:08:18,3,-1,1,AB6335,0,2,50
C688/1,C691,12:09:28,3,-1,1,AB5996,0,2,80
C656,C654/2,12:10:00,3,-1,1,AB6335,0,2,61
C691,C652,12:11:45,3,-1,1,AB5996,0,2,94
C654/2,C653/2,12:12:25,3,-1,1,AB6335,0,2,125
C652,C655,12:13:05,3,-1,1,AB5996,0,2,40
C655,C657,12:14:26,3,-1,1,AB5996,0,2,50
C653/2,C692,12:14:46,3,-1,1,AB6335,0,2,131
C657,C660,12:15:17,3,-1,1,AB5996,0,2,40
C660,C662,12:15:47,3,-1,1,AB5996,0,2,20
C692,C689/1,12:15:57,3,-1,1,AB6335,0,2,20
C664,C666,12:16:48,3,-1,1,AB5996,0,2,20
C666,C677,12:17:08,3,-1,1,AB5996,0,2,10
C677,C667,12:18:08,3,-1,1,AB5996,0,2,30
C667,C676,12:18:29,3,-1,-1,AB5996,0,2,10
C689/1,T360,12:19:29,3,-1,1,AB6335,0,2,161
C676,C680,12:19:50,3,-1,-1,AB5996,0,2,70
C680,C669/1,12:20:34,3,-1,1,AB5996,0,2,33
T360,T376/1,12:20:34,3,-1,1,AB6335,0,2,23
T336/2,T335,12:20:44,3,-1,1,AB6353,0,2,10
T335,T338,12:21:35,3,-1,1,AB6353,0,2,10
C669/1,C693,12:22:15,3,-1,1,AB5996,0,2,60
T338,T326/3,12:22:56,3,-1,-1,AB6353,0,2,71
T376/1,T363/1,12:22:56,3,-1,1,AB6335,0,2,132
T326/3,T332/2,12:23:47,3,-1,1,AB6353,0,2,40
C693,C681,12:23:47,3,-1,-1,AB5996,0,2,82
C681,C671,12:25:18,3,-1,-1,AB5996,0,2,60
T363/1,T306,12:25:28,3,-1,1,AB6335,0,2,90
T332/2,T325/2,12:25:59,3,-1,1,AB6353,0,2,101
T325/2,T339/2,12:26:29,3,-1,1,AB6353,0,2,20
T306,T314/2,12:26:29,3,-1,-1,AB6335,0,2,40
C671,C695,12:26:49,3,-1,-1,AB5996,0,2,80
T314/2,T318,12:27:50,3,-1,-1,AB6335,0,2,10
T339/2,T313,12:28:10,3,-1,1,AB6353,0,2,70
T313,T315,12:28:42,3,-1,1,AB6353,0,2,10
T318,T319,12:28:42,3,-1,-1,AB6335,0,2,10
C695,C672,12:29:23,3,-1,-1,AB5996,1,2,133
T319,T320,12:29:43,3,-1,-1,AB6335,0,2,50
T315,T375,12:30:23,3,-1,1,AB6353,0,2,80
T375,T380,12:31:24,3,-1,1,AB6353,0,2,30
T320,T321/2,12:31:24,3,-1,-1,AB6335,0,2,20
T380,T379,12:32:04,3,-1,1,AB6353,0,2,10
C672,C670,12:32:14,3,-1,1,AB5996,0,2,131
T379,T359,12:32:35,3,-1,1,AB6353,0,2,20
T321/2,T323,12:32:35,3,-1,1,AB6335,0,2,40
C670,C679,12:33:05,3,-1,1,AB5996,0,2,40
T323,T324/2,12:33:05,3,-1,1,AB6335,0,2,10
T359,T355/1,12:33:55,3,-1,1,AB6353,0,2,70
T324/2,T327,12:34:26,3,-1,1,AB6335,0,2,70
C679,C694,12:34:46,3,-1,-1,AB5996,0,2,91
C694,C669/2,12:35:37,3,-1,-1,AB5996,0,2,40
T327,T326/1,12:35:37,3,-1,1,AB6335,0,2,30
C669/2,C687,12:36:38,3,-1,1,AB5996,0,2,20
T326/1,T337,12:36:38,3,-1,1,AB6335,0,2,50
T337,T336/2,12:37:38,3,-1,1,AB6335,0,2,30
C687,C675,12:38:19,3,-1,1,AB5996,0,2,70
C675,C678,12:39:19,3,-1,1,AB5996,1,2,50
C678,C665,12:39:49,3,-1,1,AB5996,0,2,20
C665,C663,12:40:20,3,-1,1,AB5996,0,2,20
C688/1,C691,12:40:33,3,-1,1,AB6353,0,2,53
C663,C661,12:40:53,3,-1,1,AB5996,0,2,20
C661,C659,12:41:34,3,-1,1,AB5996,0,2,30
C691,C652,12:42:14,3,-1,1,AB6353,0,2,70
C659,C656,12:43:05,3,-1,1,AB5996,0,2,50
C652,C655,12:43:25,3,-1,1,AB6353,0,2,40
C655,C657,12:44:15,3,-1,1,AB6353,0,2,40
C656,C654/2,12:44:15,3,-1,1,AB5996,0,2,60
C657,C660,12:45:06,3,-1,1,AB6353,0,2,40
C654/2,C653/2,12:46:17,3,-1,1,AB5996,0,2,70
C660,C662,12:46:27,3,-1,1,AB6353,0,2,30
C662,C666,12:47:27,3,-1,1,AB6353,1,2,50
C666,C677,12:47:58,3,-1,1,AB6353,0,2,20
C653/2,C692,12:48:18,3,-1,1,AB5996,0,2,101
C677,C667,12:48:28,3,-1,1,AB6353,0,2,20
C667,C676,12:48:59,3,-1,-1,AB6353,0,2,20
C692,C689/1,12:49:19,3,-1,1,AB5996,0,2,20
C676,C680,12:50:09,3,-1,-1,AB6353,0,2,60
C680,C669/1,12:51:00,3,-1,1,AB6353,0,2,20
C689/1,T360,12:52:04,3,-1,1,AB5996,0,2,144
C669/1,C693,12:52:54,3,-1,1,AB6353,0,2,70
T360,T376/1,12:52:54,3,-1,1,AB5996,0,2,20
C693,C681,12:54:35,3,-1,-1,AB6353,0,2,81
T376/1,T363/1,12:54:56,3,-1,1,AB5996,0,2,50
C681,C671,12:55:46,3,-1,-1,AB6353,0,2,60
T336/2,T335,12:55:56,3,-1,1,AB6335,0,2,30
T335,T338,12:57:07,3,-1,1,AB6335,0,2,10
T363/1,T306,12:57:27,3,-1,1,AB5996,0,2,60
C671,C695,12:57:37,3,-1,-1,AB6353,0,2,90
T306,T314/2,12:58:38,3,-1,-1,AB5996,0,2,60
T338,T326/3,12:58:48,3,-1,-1,AB6335,0,2,60
C695,C673,12:59:59,3,-1,-1,AB6353,0,2,100
T314/2,T318,12:59:59,3,-1,-1,AB5996,0,2,20
T326/3,T332/2,13:00:29,3,-1,1,AB6335,0,2,80
T318,T319,13:00:39,3,-1,-1,AB5996,0,2,10
T332/2,T325/2,13:02:42,3,-1,1,AB6335,0,2,93
C673,C672,13:03:02,3,-1,1,AB6353,0,2,173
T325/2,T339/2,13:03:53,3,-1,1,AB6335,0,2,20
T339/2,T313,13:05:34,3,-1,1,AB6335,0,2,60
C672,C670,13:06:04,3,-1,1,AB6353,0,2,151
T320,T321/2,13:06:15,3,-1,-1,AB5996,0,2,10
T313,T315,13:06:35,3,-1,1,AB6335,0,2,20
C670,C679,13:07:36,3,-1,1,AB6353,0,2,30
T321/2,T323,13:07:46,3,-1,1,AB5996,0,2,40
T315,T375,13:08:16,3,-1,1,AB6335,0,2,81
T323,T324/2,13:09:27,3,-1,1,AB5996,0,2,20
C679,C694,13:09:37,3,-1,-1,AB6353,0,2,80
T375,T380,13:10:07,3,-1,1,AB6335,0,2,60
C694,C669/2,13:10:48,3,-1,-1,AB6353,0,2,40
T324/2,T327,13:10:58,3,-1,1,AB5996,0,2,80
T327,T326/1,13:11:59,3,-1,1,AB5996,0,2,20
C669/2,C687,13:12:09,3,-1,1,AB6353,0,2,30
T326/1,T337,13:13:10,3,-1,1,AB5996,0,2,50
T379,T355/1,13:13:44,3,-1,1,AB6335,1,2,125
C687,C675,13:13:44,3,-1,1,AB6353,0,2,64
T337,T336/2,13:13:54,3,-1,1,AB5996,0,2,34
C675,C668,13:14:25,3,-1,1,AB6353,0,2,20
C668,C678,13:14:45,3,-1,1,AB6353,0,2,10
C678,C665,13:15:15,3,-1,1,AB6353,0,2,20
C665,C663,13:15:46,3,-1,1,AB6353,0,2,20
C663,C661,13:16:36,3,-1,1,AB6353,0,2,30
C661,C659,13:17:27,3,-1,1,AB6353,0,2,40
C688/1,C691,13:19:48,3,-1,1,AB6335,0,2,60
C659,C656,13:20:39,3,-1,1,AB6353,0,2,90
C656,C654/2,13:21:40,3,-1,1,AB6353,0,2,50
C691,C652,13:21:50,3,-1,1,AB6335,0,2,70
C652,C655,13:23:02,3,-1,1,AB6335,0,2,30
C654/2,C653/2,13:23:43,3,-1,1,AB6353,0,2,92
C655,C660,13:25:13,3,-1,1,AB6335,1,2,101
C653/2,C692,13:26:04,3,-1,1,AB6353,0,2,131
C660,C662,13:26:14,3,-1,1,AB6335,0,2,30
C662,C664,13:26:54,3,-1,1,AB6335,0,2,30
C664,C666,13:27:25,3,-1,1,AB6335,0,2,20
C666,C677,13:27:45,3,-1,1,AB6335,0,2,10
C692,C689/1,13:28:26,3,-1,1,AB6353,0,2,111
T336/2,T335,13:28:46,3,-1,1,AB5996,0,2,50
T335,T338,13:29:26,3,-1,1,AB5996,0,2,10
C677,C680,13:29:46,3,-1,-1,AB6335,2,2,111
C680,C669/1,13:30:47,3,-1,-1,AB6335,0,2,40
C689/1,T360,13:31:48,3,-1,1,AB6353,0,2,121
T338,T332/2,13:31:58,3,-1,1,AB5996,1,2,131
C669/1,C693,13:32:18,3,-1,-1,AB6335,0,2,60
T360,T376/1,13:33:19,3,-1,1,AB6353,0,2,40
C693,C681,13:33:49,3,-1,-1,AB6335,0,2,81
T332/2,T325/2,13:34:09,3,-1,1,AB5996,0,2,70
T325/2,T339/2,13:35:10,3,-1,1,AB5996,0,2,20
C681,C671,13:35:10,3,-1,-1,AB6335,0,2,50
T376/1,T363/1,13:36:02,3,-1,1,AB6353,0,2,153
C671,C695,13:36:42,3,-1,-1,AB6335,0,2,82
T339/2,T313,13:37:13,3,-1,1,AB5996,0,2,60
T363/1,T306,13:37:23,3,-1,1,AB6353,0,2,40
T306,T314/2,13:38:13,3,-1,-1,AB6353,0,2,30
T313,T315,13:38:23,3,-1,1,AB5996,0,2,20
C695,C673,13:38:34,3,-1,-1,AB6335,0,2,90
C673,C672,13:39:14,3,-1,1,AB6335,0,2,20
T314/2,T318,13:39:34,3,-1,-1,AB6353,0,2,10
T315,T375,13:39:55,3,-1,1,AB5996,0,2,60
T318,T319,13:40:55,3,-1,-1,AB6353,0,2,20
T375,T380,13:41:56,3,-1,1,AB5996,0,2,70
C672,C670,13:42:06,3,-1,1,AB6335,0,2,141
T319,T320,13:42:06,3,-1,-1,AB6353,0,2,60
T380,T379,13:42:46,3,-1,1,AB5996,0,2,10
T379,T359,13:43:37,3,-1,1,AB5996,0,2,10
C670,C679,13:43:47,3,-1,1,AB6335,0,2,30
T320,T321/2,13:43:47,3,-1,-1,AB6353,0,2,20
T359,T355/1,13:45:18,3,-1,1,AB5996,0,2,70
T321/2,T323,13:45:28,3,-1,1,AB6353,0,2,60
C679,C694,13:45:58,3,-1,-1,AB6335,0,2,80
T323,T324/2,13:46:39,3,-1,1,AB6353,0,2,30
C694,C669/2,13:46:49,3,-1,-1,AB6335,0,2,40
T324/2,T327,13:48:10,3,-1,1,AB6353,0,2,70
C669/2,C687,13:48:33,3,-1,2,AB6335,0,2,33
T327,T326/1,13:49:14,3,-1,1,AB6353,0,2,30
C687,C675,13:50:34,3,-1,2,AB6335,0,2,60
T326/1,T337,13:50:44,3,-1,1,AB6353,0,2,70
T337,T336/2,13:51:25,3,-1,1,AB6353,0,2,20
C675,C668,13:51:35,3,-1,1,AB6335,0,2,20
C668,C678,13:51:55,3,-1,1,AB6335,0,2,10
C688/1,C691,13:52:05,3,-1,1,AB5996,0,2,50
C678,C665,13:52:25,3,-1,1,AB6335,0,2,20
C665,C663,13:52:56,3,-1,1,AB6335,0,2,20
C663,C661,13:53:36,3,-1,1,AB6335,0,2,30
C661,C659,13:54:27,3,-1,1,AB6335,0,2,40
C691,C652,13:54:37,3,-1,1,AB5996,0,2,111
C652,C655,13:55:58,3,-1,1,AB5996,0,2,40
C659,C656,13:56:18,3,-1,1,AB6335,0,2,50
C655,C657,13:57:28,3,-1,1,AB5996,0,2,60
C656,C654/2,13:57:28,3,-1,1,AB6335,0,2,60
C657,C660,13:58:39,3,-1,1,AB5996,0,2,40
C654/2,C653/2,13:59:34,3,-1,1,AB6335,0,2,115
C660,C664,14:00:05,3,-1,1,AB5996,1,2,65
C664,C666,14:00:35,3,-1,1,AB5996,0,2,10
C666,C677,14:00:55,3,-1,1,AB5996,0,2,10
C677,C667,14:01:36,3,-1,1,AB5996,0,2,20
C653/2,C692,14:01:36,3,-1,1,AB6335,0,2,101
C667,C676,14:01:56,3,-1,-1,AB5996,0,2,10
C692,C689/1,14:02:57,3,-1,1,AB6335,0,2,20
C676,C680,14:03:17,3,-1,-1,AB5996,0,2,70
C680,C669/1,14:04:07,3,-1,1,AB5996,0,2,20
C669/1,C693,14:05:28,3,-1,1,AB5996,0,2,60
T336/2,T335,14:05:49,3,-1,1,AB6353,0,2,30
T335,T338,14:06:39,3,-1,1,AB6353,0,2,40
C689/1,T360,14:06:39,3,-1,1,AB6335,0,2,171
C693,C681,14:06:59,3,-1,-1,AB5996,0,2,80
C681,C671,14:08:01,3,-1,-1,AB5996,0,2,52
T338,T326/3,14:08:12,3,-1,-1,AB6353,0,2,62
T326/3,T332/2,14:09:12,3,-1,1,AB6353,0,2,40
C671,C695,14:09:33,3,-1,-1,AB5996,0,2,81
T360,T376/1,14:09:33,3,-1,1,AB6335,0,2,133
T332/2,T325/2,14:11:14,3,-1,1,AB6353,0,2,80
T376/1,T363/1,14:11:14,3,-1,2,AB6335,0,2,90
C695,C673,14:11:25,3,-1,-1,AB5996,0,2,101
T325/2,T339/2,14:11:55,3,-1,1,AB6353,0,2,30
C673,C672,14:12:05,3,-1,1,AB5996,0,2,30
T363/1,T306,14:13:26,3,-1,2,AB6335,0,2,90
T339/2,T313,14:13:36,3,-1,2,AB6353,0,2,60
T306,T314/2,14:14:16,3,-1,-1,AB6335,0,2,40
C672,C670,14:14:57,3,-1,1,AB5996,0,2,121
T313,T315,14:15:17,3,-1,2,AB6353,0,2,80
T318,T319,14:16:07,3,-1,-1,AB6335,0,2,10
C670,C679,14:16:28,3,-1,1,AB5996,0,2,30
T319,T320,14:17:18,3,-1,-1,AB6335,0,2,50
T315,T375,14:17:38,3,-1,1,AB6353,0,2,101
T320,T321/2,14:18:09,3,-1,-1,AB6335,0,2,10
C679,C694,14:18:29,3,-1,-1,AB5996,0,2,90
T375,T380,14:19:19,3,-1,1,AB6353,0,2,50
T321/2,T323,14:19:30,3,-1,1,AB6335,0,2,30
C694,C669/2,14:19:40,3,-1,-1,AB5996,0,2,40
T380,T379,14:20:00,3,-1,1,AB6353,0,2,10
T323,T324/2,14:20:20,3,-1,1,AB6335,0,2,10
T379,T359,14:20:54,3,-1,1,AB6353,0,2,34
C669/2,C687,14:21:04,3,-1,1,AB5996,0,2,30
T324/2,T327,14:21:35,3,-1,1,AB6335,0,2,60
C687,C675,14:22:15,3,-1,1,AB5996,0,2,60
T359,T355/1,14:22:26,3,-1,1,AB6353,0,2,81
T327,T326/1,14:22:36,3,-1,1,AB6335,0,2,20
C675,C668,14:22:56,3,-1,1,AB5996,0,2,20
C668,C678,14:23:16,3,-1,1,AB5996,0,2,10
C678,C665,14:23:56,3,-1,1,AB5996,0,2,30
T326/1,T337,14:23:56,3,-1,1,AB6335,0,2,70
C665,C663,14:24:17,3,-1,1,AB5996,0,2,10
T337,T336/2,14:24:57,3,-1,1,AB6335,0,2,20
C663,C659,14:25:38,3,-1,1,AB5996,1,2,70
C659,C656,14:26:59,3,-1,1,AB5996,0,2,50
C656,C654/2,14:28:19,3,-1,1,AB5996,0,2,50
C688/1,C691,14:28:30,3,-1,1,AB6353,0,2,30
C691,C652,14:30:44,3,-1,1,AB6353,0,2,104
C654/2,C653/2,14:30:54,3,-1,1,AB5996,0,2,104
C652,C655,14:31:55,3,-1,1,AB6353,0,2,30
C653/2,C692,14:32:36,3,-1,1,AB5996,0,2,81
C655,C657,14:33:16,3,-1,1,AB6353,0,2,40
C657,C660,14:34:07,3,-1,1,AB6353,0,2,40
C692,C689/1,14:34:27,3,-1,1,AB5996,0,2,70
C660,C662,14:34:57,3,-1,1,AB6353,0,2,10
C662,C666,14:36:08,3,-1,1,AB6353,1,2,60
C677,C667,14:37:09,3,-1,1,AB6353,0,2,20
C667,C676,14:37:39,3,-1,-1,AB6353,0,2,20
C689/1,T360,14:37:39,3,-1,1,AB5996,0,2,131
C676,C680,14:38:40,3,-1,-1,AB6353,0,2,50
C680,C669/1,14:39:43,3,-1,1,AB6353,0,2,23
T336/2,T335,14:39:53,3,-1,1,AB6335,0,2,20
T360,T376/1,14:40:23,3,-1,1,AB5996,0,2,124
T335,T338,14:40:44,3,-1,1,AB6335,0,2,10
T338,T326/3,14:42:05,3,-1,-1,AB6335,0,2,60
C669/1,C693,14:42:15,3,-1,3,AB6353,0,2,60
T376/1,T363/1,14:42:45,3,-1,3,AB5996,0,2,131
T326/3,T332/2,14:43:15,3,-1,1,AB6335,0,2,50
C693,C681,14:43:35,3,-1,-1,AB6353,0,2,70
T332/2,T325/2,14:44:47,3,-1,1,AB6335,0,2,61
C681,C671,14:44:47,3,-1,-1,AB6353,0,2,41
T363/1,T318,14:45:28,3,-1,-1,AB5996,2,2,112
T325/2,T339/2,14:45:48,3,-1,1,AB6335,0,2,20
C671,C695,14:46:28,3,-1,-1,AB6353,0,2,91
T318,T319,14:47:19,3,-1,-1,AB5996,0,2,60
T339/2,T313,14:47:29,3,-1,2,AB6335,0,2,60
C695,C673,14:48:33,3,-1,-1,AB6353,0,2,83
T313,T315,14:48:53,3,-1,2,AB6335,0,2,10
T319,T320,14:48:53,3,-1,-1,AB5996,0,2,63
C673,C672,14:49:33,3,-1,1,AB6353,0,2,50
T320,T321/2,14:50:24,3,-1,-1,AB5996,0,2,10
T315,T375,14:50:34,3,-1,1,AB6335,0,2,80
T321/2,T323,14:51:35,3,-1,1,AB5996,0,2,40
T323,T324/2,14:52:05,3,-1,1,AB5996,0,2,10
C672,C670,14:52:25,3,-1,1,AB6353,0,2,131
T375,T380,14:52:56,3,-1,1,AB6335,0,2,91
T380,T379,14:53:47,3,-1,1,AB6335,0,2,20
C670,C679,14:53:47,3,-1,1,AB6353,0,2,20
T324/2,T327,14:54:17,3,-1,1,AB5996,0,2,60
C679,C694,14:55:18,3,-1,-1,AB6353,0,2,70
T327,T326/1,14:55:18,3,-1,1,AB5996,0,2,30
T379,T355/1,14:55:48,3,-1,1,AB6335,1,2,90
C694,C669/2,14:55:58,3,-1,-1,AB6353,0,2,20
T326/1,T337,14:56:28,3,-1,1,AB5996,0,2,50
C669/2,C687,14:57:09,3,-1,1,AB6353,0,2,20
T337,T336/2,14:57:29,3,-1,1,AB5996,0,2,40
C687,C675,14:58:09,3,-1,1,AB6353,0,2,50
C675,C668,14:58:44,3,-1,1,AB6353,0,2,10
C668,C665,14:59:35,3,-1,1,AB6353,1,2,40
C665,C663,14:59:55,3,-1,1,AB6353,0,2,10
C663,C661,15:00:36,3,-1,1,AB6353,0,2,30
C661,C659,15:01:16,3,-1,1,AB6353,0,2,30
C659,C656,15:03:07,3,-1,1,AB6353,0,2,50
C688/1,C691,15:03:17,3,-1,1,AB6335,0,2,70
C656,C654/2,15:04:28,3,-1,1,AB6353,0,2,60
C691,C652,15:06:20,3,-1,1,AB6335,0,2,111
C654/2,C653/2,15:06:51,3,-1,1,AB6353,0,2,82
C652,C655,15:07:42,3,-1,1,AB6335,0,2,40
C653/2,C692,15:08:33,3,-1,1,AB6353,0,2,81
C655,C657,15:09:03,3,-1,1,AB6335,0,2,50
C657,C660,15:10:04,3,-1,1,AB6335,0,2,50
C692,C689/1,15:10:14,3,-1,1,AB6353,0,2,30
C660,C662,15:10:44,3,-1,1,AB6335,0,2,20
C662,C664,15:11:25,3,-1,1,AB6335,0,2,30
C664,C677,15:12:15,3,-1,1,AB6335,1,2,40
T336/2,T335,15:12:26,3,-1,1,AB5996,0,2,40
C677,C667,15:13:06,3,-1,1,AB6335,0,2,20
C667,C676,15:13:26,3,-1,-1,AB6335,0,2,10
T338,T326/3,15:14:37,3,-1,-1,AB5996,0,2,50
C676,C680,15:14:37,3,-1,-1,AB6335,0,2,50
C689/1,T360,15:14:37,3,-1,1,AB6353,0,2,141
C680,C669/1,15:15:07,3,-1,1,AB6335,0,2,10
T360,T376/1,15:15:58,3,-1,1,AB6353,0,2,40
T326/3,T332/2,15:16:08,3,-1,1,AB5996,0,2,50
C669/1,C693,15:16:28,3,-1,1,AB6335,0,2,60
T332/2,T325/2,15:18:10,3,-1,1,AB5996,0,2,80
C693,C681,15:18:10,3,-1,-1,AB6335,0,2,70
T376/1,T363/1,15:18:20,3,-1,2,AB6353,0,2,101
T325/2,T339/2,15:19:10,3,-1,1,AB5996,0,2,20
C681,C671,15:19:20,3,-1,-1,AB6335,0,2,50
T363/1,T306,15:20:33,3,-1,1,AB6353,0,2,72
C671,C695,15:20:43,3,-1,-1,AB6335,0,2,70
T306,T314/2,15:21:44,3,-1,-1,AB6353,0,2,40
T339/2,T313,15:22:14,3,-1,2,AB5996,0,2,151
C695,C673,15:22:24,3,-1,-1,AB6335,0,2,90
C673,C672,15:23:05,3,-1,1,AB6335,0,2,30
T314/2,T318,15:23:15,3,-1,-1,AB6353,0,2,10
T313,T315,15:23:45,3,-1,2,AB5996,0,2,20
T318,T319,15:24:06,3,-1,-1,AB6353,0,2,10
C672,C670,15:25:58,3,-1,1,AB6335,0,2,132
T319,T320,15:26:28,3,-1,-1,AB6353,0,2,122
T315,T375,15:26:58,3,-1,1,AB5996,0,2,141
C670,C679,15:27:59,3,-1,1,AB6335,0,2,30
T375,T380,15:28:29,3,-1,1,AB5996,0,2,40
T320,T321/2,15:28:29,3,-1,-1,AB6353,0,2,90
T380,T379,15:29:33,3,-1,1,AB5996,0,2,23
T379,T359,15:30:23,3,-1,1,AB5996,0,2,20
C679,C669/2,15:30:23,3,-1,-1,AB6335,1,2,124
T321/2,T323,15:30:33,3,-1,1,AB6353,0,2,40
T323,T324/2,15:31:04,3,-1,1,AB6353,0,2,10
T359,T355/1,15:32:04,3,-1,1,AB5996,0,2,80
C669/2,C687,15:32:14,3,-1,1,AB6335,0,2,30
T324/2,T327,15:33:15,3,-1,1,AB6353,0,2,60
C687,C668,15:33:45,3,-1,1,AB6335,1,2,80
C668,C678,15:34:16,3,-1,1,AB6335,0,2,20
T327,T326/1,15:34:16,3,-1,1,AB6353,0,2,30
C678,C665,15:34:48,3,-1,1,AB6335,0,2,21
C665,C663,15:35:08,3,-1,1,AB6335,0,2,10
T326/1,T337,15:35:28,3,-1,1,AB6353,0,2,62
C663,C661,15:35:49,3,-1,1,AB6335,0,2,30
T337,T336/2,15:36:09,3,-1,1,AB6353,0,2,30
C661,C659,15:36:49,3,-1,1,AB6335,0,2,50
C688/1,C691,15:37:40,3,-1,1,AB5996,0,2,40
C659,C656,15:38:45,3,-1,1,AB6335,0,2,105
C691,C652,15:39:25,3,-1,1,AB5996,0,2,64
C656,C654/2,15:39:55,3,-1,1,AB6335,0,2,50
C652,C655,15:40:16,3,-1,1,AB5996,0,2,30
C654/2,C653/2,15:41:06,3,-1,1,AB6335,0,2,40
C655,C657,15:41:36,3,-1,1,AB5996,0,2,40
C653/2,C692,15:42:27,3,-1,1,AB6335,0,2,70
C657,C660,15:42:37,3,-1,1,AB5996,0,2,50
C692,C689/1,15:43:48,3,-1,1,AB6335,0,2,20
C660,C664,15:43:58,3,-1,1,AB5996,1,2,60
C664,C677,15:45:09,3,-1,1,AB5996,1,2,40
C677,C667,15:45:39,3,-1,1,AB5996,0,2,20
C667,C676,15:45:59,3,-1,-1,AB5996,0,2,10
C676,C680,15:47:00,3,-1,-1,AB5996,0,2,50
C689/1,T360,15:47:43,3,-1,1,AB6335,0,2,195
C680,C669/1,15:47:53,3,-1,1,AB5996,0,2,10
T360,T376/1,15:49:25,3,-1,2,AB6335,0,2,60
C669/1,C693,15:49:35,3,-1,1,AB5996,0,2,60
T336/2,T335,15:50:55,3,-1,1,AB6353,0,2,20
C693,C681,15:50:55,3,-1,-1,AB5996,0,2,70
C681,C671,15:51:46,3,-1,-1,AB5996,0,2,40
T335,T338,15:51:56,3,-1,1,AB6353,0,2,10
T376/1,T363/1,15:52:06,3,-1,2,AB6335,0,2,91
C671,C695,15:53:27,3,-1,-1,AB5996,0,2,70
T338,T326/3,15:53:47,3,-1,-1,AB6353,0,2,70
T363/1,T306,15:53:58,3,-1,2,AB6335,0,2,70
T326/3,T332/2,15:54:48,3,-1,1,AB6353,0,2,50
T306,T314/2,15:54:58,3,-1,-1,AB6335,0,2,30
C695,C673,15:55:08,3,-1,-1,AB5996,0,2,70
C673,C672,15:56:09,3,-1,1,AB5996,0,2,50
T314/2,T318,15:56:19,3,-1,-1,AB6335,0,2,10
T332/2,T325/2,15:56:39,3,-1,1,AB6353,0,2,60
T318,T319,15:57:09,3,-1,-1,AB6335,0,2,10
T325/2,T339/2,15:57:31,3,-1,2,AB6353,0,2,11
T319,T320,15:58:12,3,-1,-1,AB6335,0,2,40
T320,T321/2,15:59:35,3,-1,-1,AB6335,0,2,10
T339/2,T313,15:59:55,3,-1,1,AB6353,0,2,70
T313,T315,16:00:45,3,-1,1,AB6353,0,2,10
T321/2,T323,16:01:06,3,-1,1,AB6335,0,2,30
C670,C679,16:01:36,3,-1,1,AB5996,0,2,30
T323,T324/2,16:01:56,3,-1,1,AB6335,0,2,10
C679,C694,16:02:57,3,-1,-1,AB5996,0,2,70
T324/2,T327,16:03:37,3,-1,1,AB6335,0,2,50
C694,C669/2,16:03:47,3,-1,-1,AB5996,0,2,40
T315,T375,16:03:57,3,-1,1,AB6353,0,2,181
T327,T326/1,16:04:28,3,-1,1,AB6335,0,2,30
C669/2,C687,16:04:48,3,-1,1,AB5996,0,2,40
T375,T380,16:05:39,3,-1,1,AB6353,0,2,60
T326/1,T337,16:05:49,3,-1,1,AB6335,0,2,60
C687,C675,16:05:59,3,-1,1,AB5996,0,2,50
T380,T379,16:06:09,3,-1,1,AB6353,0,2,20
T379,T359,16:06:39,3,-1,1,AB6353,0,2,20
C675,C668,16:06:39,3,-1,1,AB5996,0,2,10
T337,T336/2,16:06:49,3,-1,1,AB6335,0,2,20
C668,C665,16:07:51,3,-1,1,AB5996,1,2,41
T359,T355/1,16:08:01,3,-1,1,AB6353,0,2,51
C665,C663,16:08:11,3,-1,1,AB5996,0,2,10
C663,C661,16:09:03,3,-1,1,AB5996,0,2,30
C661,C659,16:09:44,3,-1,1,AB5996,0,2,31
C659,C656,16:11:06,3,-1,1,AB5996,0,2,50
C656,C654/2,16:12:17,3,-1,1,AB5996,0,2,50
C688/1,C691,16:13:58,3,-1,1,AB6353,0,2,40
C654/2,C653/2,16:14:39,3,-1,1,AB5996,0,2,101
C691,C652,16:15:29,3,-1,1,AB6353,0,2,60
C653/2,C692,16:15:39,3,-1,1,AB5996,0,2,40
C652,C655,16:16:34,3,-1,1,AB6353,0,2,34
C692,C689/1,16:16:34,3,-1,1,AB5996,0,2,24
C655,C657,16:18:09,3,-1,1,AB6353,0,2,60
C657,C660,16:19:48,3,-1,1,AB6353,0,2,64
C689/1,T360,16:20:08,3,-1,1,AB5996,0,2,179
C660,C664,16:21:32,3,-1,1,AB6353,1,2,63
C664,C666,16:22:02,3,-1,1,AB6353,0,2,10
T360,T376/1,16:22:23,3,-1,1,AB5996,0,2,114
C666,C677,16:22:34,3,-1,1,AB6353,0,2,21
T336/2,T335,16:23:04,3,-1,1,AB6335,0,2,41
T335,T338,16:23:25,3,-1,1,AB6335,0,2,10
C677,C676,16:23:25,3,-1,-1,AB6353,1,2,40
T376/1,T363/1,16:24:05,3,-1,1,AB5996,0,2,60
C676,C680,16:24:46,3,-1,-1,AB6353,0,2,60
T338,T326/3,16:25:06,3,-1,-1,AB6335,0,2,80
C680,C669/1,16:25:36,3,-1,1,AB6353,0,2,30
T363/1,T306,16:26:37,3,-1,1,AB5996,0,2,101
T326/3,T332/2,16:26:57,3,-1,1,AB6335,0,2,91
T306,T314/2,16:28:08,3,-1,-1,AB5996,0,2,60
T332/2,T325/2,16:28:38,3,-1,1,AB6335,0,2,90
C669/1,C681,16:28:58,3,-1,-1,AB6353,1,2,182
C681,C671,16:29:49,3,-1,-1,AB6353,0,2,40
T325/2,T339/2,16:29:59,3,-1,1,AB6335,0,2,40
T318,T319,16:31:25,3,-1,-1,AB5996,0,2,146
T339/2,T313,16:31:46,3,-1,1,AB6335,0,2,75
C671,C695,16:31:56,3,-1,-1,AB6353,0,2,85
T313,T315,16:32:46,3,-1,1,AB6335,0,2,20
T319,T320,16:32:56,3,-1,-1,AB5996,0,2,40
C695,C673,16:33:37,3,-1,-1,AB6353,0,2,91
T315,T375,16:34:27,3,-1,1,AB6335,0,2,80
C673,C672,16:34:38,3,-1,1,AB6353,0,2,40
T320,T321/2,16:34:58,3,-1,-1,AB5996,0,2,10
T321/2,T323,16:35:58,3,-1,1,AB5996,0,2,30
T375,T380,16:37:29,3,-1,1,AB6335,0,2,80
T323,T324/2,16:37:40,3,-1,1,AB5996,0,2,10
T380,T379,16:38:00,3,-1,1,AB6335,0,2,10
C670,C679,16:39:34,3,-1,1,AB6353,0,2,23
T324/2,T327,16:39:54,3,-1,1,AB5996,0,2,73
T379,T355/1,16:40:04,3,-1,1,AB6335,1,2,94
T327,T326/1,16:40:55,3,-1,1,AB5996,0,2,20
C679,C694,16:41:16,3,-1,-1,AB6353,0,2,91
C694,C669/2,16:42:06,3,-1,-1,AB6353,0,2,30
C669/2,C687,16:43:07,3,-1,1,AB6353,0,2,30
C687,C675,16:44:48,3,-1,1,AB6353,0,2,70
C675,C668,16:45:29,3,-1,1,AB6353,0,2,30
C668,C678,16:45:59,3,-1,1,AB6353,0,2,20
C688/1,C691,16:46:31,3,-1,1,AB6335,0,2,41
C678,C665,16:46:51,3,-1,1,AB6353,0,2,20
T326/1,T337,16:47:01,3,-1,1,AB5996,0,2,71
C665,C663,16:47:21,3,-1,1,AB6353,0,2,20
T337,T336/2,16:48:05,3,-1,1,AB5996,0,2,30
C663,C661,16:48:15,3,-1,1,AB6353,0,2,30
C691,C652,16:48:55,3,-1,1,AB6335,0,2,94
C661,C659,16:48:55,3,-1,1,AB6353,0,2,30
C652,C655,16:50:11,3,-1,1,AB6335,0,2,25
C659,C656,16:50:11,3,-1,1,AB6353,0,2,45
C656,C654/2,16:51:25,3,-1,1,AB6353,0,2,50
C655,C657,16:51:35,3,-1,-1,AB6335,0,2,50
C657,C660,16:52:29,3,-1,-1,AB6335,0,2,44
C654/2,C653/2,16:53:20,3,-1,1,AB6353,0,2,60
C660,C662,16:53:30,3,-1,-1,AB6335,0,2,30
C662,C664,16:54:11,3,-1,-1,AB6335,0,2,30
C664,C666,16:54:34,3,-1,-1,AB6335,0,2,13
C666,C677,16:55:04,3,-1,1,AB6335,0,2,20
C653/2,C692,16:55:35,3,-1,1,AB6353,0,2,104
C677,C667,16:55:45,3,-1,-1,AB6335,0,2,30
C667,C676,16:56:05,3,-1,-1,AB6335,0,2,10
C692,C689/1,16:56:36,3,-1,1,AB6353,0,2,20
C676,C680,16:57:26,3,-1,-1,AB6335,0,2,70
T336/2,T335,16:57:47,3,-1,1,AB5996,0,2,50
T335,T338,16:58:37,3,-1,1,AB5996,0,2,10
C680,C669/1,16:58:37,3,-1,1,AB6335,0,2,30
T338,T332/2,17:00:59,3,-1,1,AB5996,1,2,111
C689/1,T360,17:00:59,3,-1,1,AB6353,0,2,161
C669/1,C681,17:01:59,3,-1,-1,AB6335,1,2,181
T360,T376/1,17:02:09,3,-1,1,AB6353,0,2,30
C681,C671,17:03:00,3,-1,-1,AB6335,0,2,50
T332/2,T325/2,17:03:10,3,-1,1,AB5996,0,2,70
T325/2,T339/2,17:03:54,3,-1,1,AB5996,0,2,33
C671,C695,17:04:54,3,-1,-1,AB6335,0,2,104
T376/1,T363/1,17:05:04,3,-1,1,AB6353,0,2,154
C695,C673,17:06:46,3,-1,-1,AB6335,0,2,101
T339/2,T313,17:07:16,3,-1,1,AB5996,0,2,151
C673,C672,17:07:36,3,-1,-1,AB6335,0,2,30
T363/1,T306,17:07:46,3,-1,1,AB6353,0,2,101
T313,T315,17:08:27,3,-1,1,AB5996,0,2,20
T306,T318,17:08:47,3,-1,-1,AB6353,1,2,40
T315,T375,17:10:08,3,-1,1,AB5996,0,2,80
C672,C670,17:10:28,3,-1,-1,AB6335,0,2,121
T318,T319,17:10:38,3,-1,-1,AB6353,0,2,30
C670,C679,17:11:29,3,-1,-1,AB6335,0,2,40
T319,T320,17:11:29,3,-1,-1,AB6353,0,2,30
T375,T380,17:11:49,3,-1,1,AB5996,0,2,81
T320,T321/2,17:12:20,3,-1,-1,AB6353,0,2,10
T380,T379,17:12:30,3,-1,1,AB5996,0,2,20
T379,T359,17:13:20,3,-1,1,AB5996,0,2,20
C679,C694,17:13:20,3,-1,-1,AB6335,0,2,91
T321/2,T323,17:13:20,3,-1,1,AB6353,0,2,40
T323,T324/2,17:13:54,3,-1,1,AB6353,0,2,10
C694,C669/2,17:14:04,3,-1,-1,AB6335,0,2,20
C669/2,C687,17:15:34,3,-1,1,AB6335,0,2,30
T324/2,T327,17:16:15,3,-1,1,AB6353,0,2,70
C687,C675,17:16:55,3,-1,1,AB6335,0,2,70
T327,T326/1,17:17:25,3,-1,1,AB6353,0,2,30
C675,C678,17:17:57,3,-1,1,AB6335,1,2,51
C678,C665,17:18:37,3,-1,1,AB6335,0,2,30
T326/1,T337,17:18:58,3,-1,1,AB6353,0,2,60
C688/1,C691,17:19:48,3,-1,1,AB5996,0,2,30
C665,C661,17:19:48,3,-1,1,AB6335,1,2,60
T337,T336/2,17:19:48,3,-1,1,AB6353,0,2,20
C661,C659,17:20:29,3,-1,1,AB6335,0,2,30
C691,C652,17:21:50,3,-1,1,AB5996,0,2,80
C659,C656,17:21:50,3,-1,1,AB6335,0,2,40
C652,C655,17:22:50,3,-1,1,AB5996,0,2,30
C656,C654/2,17:23:01,3,-1,1,AB6335,0,2,60
C655,C657,17:24:04,3,-1,1,AB5996,0,2,43
C654/2,C653/2,17:24:44,3,-1,1,AB6335,0,2,83
C657,C660,17:25:05,3,-1,1,AB5996,0,2,40
C660,C662,17:26:06,3,-1,1,AB5996,0,2,20
C662,C664,17:26:56,3,-1,1,AB5996,0,2,30
C664,C666,17:27:17,3,-1,1,AB5996,0,2,10
C653/2,C692,17:27:17,3,-1,1,AB6335,0,2,131
C666,C677,17:27:38,3,-1,1,AB5996,0,2,11
C677,C667,17:28:09,3,-1,1,AB5996,0,2,21
C692,C689/1,17:28:50,3,-1,1,AB6335,0,2,61
C667,C676,17:29:00,3,-1,-1,AB5996,0,2,20
C676,C680,17:30:23,3,-1,-1,AB5996,0,2,50
C680,C669/1,17:30:54,3,-1,1,AB5996,0,2,20
T336/2,T335,17:31:04,3,-1,1,AB6353,0,2,20
T335,T338,17:31:24,3,-1,1,AB6353,0,2,10
C689/1,T360,17:32:15,3,-1,1,AB6335,0,2,151
C669/1,C693,17:32:25,3,-1,1,AB5996,0,2,50
T338,T326/3,17:33:05,3,-1,-1,AB6353,0,2,60
T360,T376/1,17:33:46,3,-1,1,AB6335,0,2,60
T326/3,T332/2,17:33:56,3,-1,1,AB6353,0,2,20
C693,C681,17:34:06,3,-1,-1,AB5996,0,2,80
C681,C671,17:35:07,3,-1,-1,AB5996,0,2,50
T376/1,T363/1,17:35:17,3,-1,1,AB6335,0,2,80
T332/2,T325/2,17:36:38,3,-1,1,AB6353,0,2,101
C671,C695,17:36:58,3,-1,-1,AB5996,0,2,80
T325/2,T339/2,17:37:08,3,-1,2,AB6353,0,2,20
T363/1,T306,17:37:08,3,-1,1,AB6335,0,2,70
C695,C673,17:38:50,3,-1,-1,AB5996,0,2,91
T306,T314/2,17:38:50,3,-1,-1,AB6335,0,2,60
T339/2,T313,17:39:40,3,-1,1,AB6353,0,2,111
C673,C672,17:39:40,3,-1,1,AB5996,0,2,20
T314/2,T318,17:39:50,3,-1,-1,AB6335,0,2,10
T318,T319,17:40:21,3,-1,-1,AB6335,0,2,10
T313,T315,17:40:52,3,-1,1,AB6353,0,2,20
T319,T320,17:41:33,3,-1,-1,AB6335,0,2,40
C672,C670,17:42:35,3,-1,1,AB5996,0,2,154
T320,T321/2,17:42:35,3,-1,-1,AB6335,0,2,11
C670,C679,17:43:15,3,-1,1,AB5996,0,2,30
T315,T375,17:43:46,3,-1,1,AB6353,0,2,113
T321/2,T323,17:43:56,3,-1,1,AB6335,0,2,30
T323,T324/2,17:44:36,3,-1,1,AB6335,0,2,10
C679,C694,17:45:07,3,-1,-1,AB5996,0,2,70
T375,T380,17:45:37,3,-1,1,AB6353,0,2,80
C694,C669/2,17:46:08,3,-1,-1,AB5996,0,2,30
T380,T379,17:46:28,3,-1,1,AB6353,0,2,10
T324/2,T327,17:46:48,3,-1,1,AB6335,0,2,60
C669/2,C687,17:47:09,3,-1,-1,AB5996,0,2,30
T379,T359,17:47:20,3,-1,1,AB6353,0,2,21
C687,C675,17:48:08,3,-1,3,AB5996,0,2,47
T359,T355/1,17:48:38,3,-1,1,AB6353,0,2,40
T327,T337,17:49:19,3,-1,1,AB6335,1,2,130
C675,C665,17:49:29,3,-1,1,AB5996,2,2,60
C665,C663,17:49:59,3,-1,1,AB5996,0,2,20
T337,T336/2,17:50:09,3,-1,1,AB6335,0,2,40
C663,C661,17:50:50,3,-1,1,AB5996,0,2,20
C661,C659,17:51:35,3,-1,1,AB5996,0,2,35
C659,C656,17:52:46,3,-1,1,AB5996,0,2,40
C656,C654/2,17:54:07,3,-1,1,AB5996,0,2,50
C688/1,C691,17:55:08,3,-1,1,AB6353,0,2,50
C654/2,C653/2,17:55:58,3,-1,1,AB5996,0,2,101
C691,C652,17:56:49,3,-1,1,AB6353,0,2,50
C653/2,C692,17:57:39,3,-1,1,AB5996,0,2,80
C652,C655,17:58:00,3,-1,1,AB6353,0,2,30
C655,C657,17:59:13,3,-1,1,AB6353,0,2,40
C657,C660,18:00:04,3,-1,-1,AB6353,0,2,41
C692,C689/1,18:00:44,3,-1,1,AB5996,0,2,81
C660,C664,18:01:25,3,-1,1,AB6353,1,2,70
C664,C666,18:01:45,3,-1,1,AB6353,0,2,10
C666,C677,18:02:05,3,-1,-1,AB6353,0,2,10
C677,C667,18:02:46,3,-1,-1,AB6353,0,2,20
C667,C676,18:03:06,3,-1,-1,AB6353,0,2,10
C676,C680,18:04:07,3,-1,-1,AB6353,0,2,50
C680,C669/1,18:04:58,3,-1,1,AB6353,0,2,20
C669/1,C693,18:06:40,3,-1,-1,AB6353,0,2,51
T336/2,T335,18:07:51,3,-1,1,AB6335,0,2,10
C693,C681,18:08:11,3,-1,-1,AB6353,0,2,60
T335,T338,18:08:44,3,-1,2,AB6335,0,2,10
C681,C671,18:09:04,3,-1,-1,AB6353,0,2,42
C671,C673,18:12:07,3,-1,-1,AB6353,1,2,172
C673,C672,18:12:47,3,-1,-1,AB6353,0,2,30
T363/1,T306,18:13:17,3,-1,1,AB5996,0,2,162
T326/3,T332/2,18:13:58,3,-1,1,AB6335,0,2,50
T306,T314/2,18:14:28,3,-1,-1,AB5996,0,2,30
C672,C670,18:14:49,3,-1,-1,AB6353,0,2,111
T332/2,T325/2,18:15:39,3,-1,1,AB6335,0,2,70
C670,C679,18:15:49,3,-1,-1,AB6353,0,2,30
T314/2,T318,18:16:34,3,-1,-1,AB5996,0,2,14
T325/2,T339/2,18:16:44,3,-1,1,AB6335,0,2,24
C679,C694,18:17:34,3,-1,-1,AB6353,0,2,74
T319,T320,18:18:15,3,-1,-1,AB5996,0,2,40
C694,C669/2,18:18:25,3,-1,-1,AB6353,0,2,40
T339/2,T313,18:18:56,3,-1,1,AB6335,0,2,91
T320,T321/2,18:19:26,3,-1,-1,AB5996,0,2,10
C669/2,C687,18:19:46,3,-1,-1,AB6353,0,2,30
T321/2,T323,18:20:27,3,-1,1,AB5996,0,2,30
T313,T315,18:20:37,3,-1,1,AB6335,0,2,30
T323,T324/2,18:21:07,3,-1,1,AB5996,0,2,10
C687,C675,18:21:17,3,-1,1,AB6353,0,2,60
C675,C668,18:22:18,3,-1,1,AB6353,0,2,20
T324/2,T327,18:22:28,3,-1,1,AB5996,0,2,60
C668,C678,18:22:38,3,-1,1,AB6353,0,2,10
T315,T375,18:22:58,3,-1,1,AB6335,0,2,131
T327,T326/1,18:23:29,3,-1,1,AB5996,0,2,40
C678,C665,18:23:39,3,-1,1,AB6353,0,2,20
C665,C663,18:24:00,3,-1,1,AB6353,0,2,10
T375,T380,18:24:35,3,-1,1,AB6335,0,2,34
T380,T379,18:25:05,3,-1,1,AB6335,0,2,10
C663,C661,18:25:05,3,-1,1,AB6353,0,2,30
C661,C659,18:25:35,3,-1,1,AB6353,0,2,20
T379,T359,18:25:45,3,-1,1,AB6335,0,2,20
T359,T355/1,18:27:07,3,-1,1,AB6335,0,2,71
C659,C656,18:27:07,3,-1,1,AB6353,0,2,50
C656,C654/2,18:28:28,3,-1,1,AB6353,0,2,40
C654/2,C653/2,18:29:59,3,-1,1,AB6353,0,2,60
T326/1,T337,18:30:29,3,-1,1,AB5996,0,2,81
T337,T336/2,18:31:43,3,-1,1,AB5996,0,2,32
C653/2,C692,18:31:53,3,-1,1,AB6353,0,2,73
C688/1,C691,18:34:26,3,-1,1,AB6335,0,2,91
C692,C689/1,18:34:26,3,-1,1,AB6353,0,2,91
C691,C652,18:35:47,3,-1,1,AB6335,0,2,50
C652,C655,18:36:58,3,-1,1,AB6335,0,2,30
C689/1,T360,18:37:38,3,-1,1,AB6353,0,2,151
C655,C657,18:38:29,3,-1,1,AB6335,0,2,60
C657,C660,18:39:40,3,-1,1,AB6335,0,2,40
T360,T376/1,18:40:10,3,-1,1,AB6353,0,2,101
C660,C662,18:40:34,3,-1,1,AB6335,0,2,24
C662,C664,18:41:25,3,-1,1,AB6335,0,2,40
C664,C666,18:41:55,3,-1,1,AB6335,0,2,20
C666,C677,18:42:15,3,-1,1,AB6335,0,2,10
C677,C667,18:43:06,3,-1,1,AB6335,0,2,20
T336/2,T335,18:43:26,3,-1,1,AB5996,0,2,40
T376/1,T363/1,18:43:26,3,-1,2,AB6353,0,2,186
C667,C676,18:43:36,3,-1,-1,AB6335,0,2,20
C676,C680,18:44:53,3,-1,-1,AB6335,0,2,65
T338,T326/3,18:45:45,3,-1,-1,AB5996,0,2,97
C680,C669/1,18:45:45,3,-1,1,AB6335,0,2,21
T326/3,T332/2,18:46:45,3,-1,1,AB5996,0,2,50
C669/1,C693,18:47:16,3,-1,1,AB6335,0,2,60
T363/1,T306,18:47:16,3,-1,2,AB6353,0,2,158
T306,T314/2,18:48:37,3,-1,-1,AB6353,0,2,60
T332/2,T325/2,18:50:08,3,-1,1,AB5996,0,2,141
C693,C671,18:50:08,3,-1,-1,AB6335,1,2,141
T318,T319,18:50:08,3,-1,-1,AB6353,0,2,10
T325/2,T339/2,18:51:08,3,-1,1,AB5996,0,2,10
T319,T320,18:51:29,3,-1,-1,AB6353,0,2,60
C671,C695,18:52:19,3,-1,-1,AB6335,0,2,90
T320,T321/2,18:53:10,3,-1,-1,AB6353,0,2,10
T339/2,T313,18:53:34,3,-1,1,AB5996,0,2,115
T313,T315,18:54:05,3,-1,1,AB5996,0,2,20
C695,C673,18:54:05,3,-1,-1,AB6335,0,2,95
T321/2,T323,18:54:45,3,-1,1,AB6353,0,2,30
C673,C672,18:55:05,3,-1,1,AB6335,0,2,30
T315,T375,18:55:25,3,-1,1,AB5996,0,2,70
T375,T380,18:56:26,3,-1,1,AB5996,0,2,30
T380,T379,18:57:37,3,-1,1,AB5996,0,2,20
T323,T324/2,18:57:47,3,-1,1,AB6353,0,2,171
C672,C670,18:58:07,3,-1,1,AB6335,0,2,131
T379,T359,18:58:27,3,-1,1,AB5996,0,2,30
C670,C679,18:58:58,3,-1,1,AB6335,0,2,40
T324/2,T327,18:59:48,3,-1,1,AB6353,0,2,60
T359,T355/1,19:00:09,3,-1,1,AB5996,0,2,70
C679,C694,19:00:49,3,-1,-1,AB6335,0,2,91
T327,T326/1,19:00:49,3,-1,1,AB6353,0,2,30
C694,C669/2,19:01:40,3,-1,-1,AB6335,0,2,40
T326/1,T337,19:02:00,3,-1,1,AB6353,0,2,60
T337,T336/2,19:02:43,3,-1,1,AB6353,0,2,32
C669/2,C687,19:04:04,3,-1,1,AB6335,0,2,30
C687,C675,19:05:45,3,-1,1,AB6335,0,2,70
C688/1,C691,19:06:15,3,-1,1,AB5996,0,2,70
C675,C668,19:06:15,3,-1,1,AB6335,0,2,10
C668,C678,19:07:06,3,-1,1,AB6335,0,2,20
C678,C665,19:07:36,3,-1,1,AB6335,0,2,20
C665,C663,19:08:07,3,-1,1,AB6335,0,2,20
C691,C652,19:08:37,3,-1,1,AB5996,0,2,90
C663,C661,19:08:47,3,-1,1,AB6335,0,2,30
C661,C659,19:09:17,3,-1,1,AB6335,0,2,20
C652,C655,19:10:02,3,-1,1,AB5996,0,2,54
C655,C657,19:11:15,3,-1,1,AB5996,0,2,40
C659,C654/2,19:11:25,3,-1,1,AB6335,1,2,93
C657,C660,19:12:25,3,-1,1,AB5996,0,2,40
C660,C662,19:12:46,3,-1,1,AB5996,0,2,10
C654/2,C653/2,19:13:16,3,-1,1,AB6335,0,2,70
C662,C664,19:13:26,3,-1,1,AB5996,0,2,30
C664,C666,19:13:46,3,-1,1,AB5996,0,2,10
C666,C677,19:14:06,3,-1,1,AB5996,0,2,10
C677,C667,19:14:37,3,-1,1,AB5996,0,2,20
C667,C676,19:14:57,3,-1,-1,AB5996,0,2,10
C653/2,C692,19:14:57,3,-1,1,AB6335,0,2,91
C692,C689/1,19:15:38,3,-1,1,AB6335,0,2,10
C676,C680,19:15:58,3,-1,-1,AB5996,0,2,50
T336/2,T335,19:16:18,3,-1,1,AB6353,0,2,30
C680,C669/1,19:16:59,3,-1,-1,AB5996,0,2,20
C669/1,C693,19:18:10,3,-1,-1,AB5996,0,2,50
T338,T326/3,19:18:44,3,-1,-1,AB6353,0,2,64
C689/1,T360,19:19:15,3,-1,1,AB6335,0,2,135
C693,C681,19:19:25,3,-1,-1,AB5996,0,2,64
T326/3,T332/2,19:19:45,3,-1,2,AB6353,0,2,30
T360,T376/1,19:20:45,3,-1,1,AB6335,0,2,40
C681,C695,19:21:46,3,-1,-1,AB5996,1,2,131
T332/2,T325/2,19:22:37,3,-1,1,AB6353,0,2,121
T376/1,T363/1,19:23:07,3,-1,1,AB6335,0,2,90
T325/2,T339/2,19:23:27,3,-1,1,AB6353,0,2,20
C695,C672,19:23:47,3,-1,1,AB5996,1,2,111
T363/1,T306,19:25:40,3,-1,1,AB6335,0,2,102
T339/2,T313,19:25:50,3,-1,1,AB6353,0,2,81
T306,T314/2,19:26:44,3,-1,-1,AB6335,0,2,44
T313,T315,19:27:15,3,-1,1,AB6353,0,2,20
T314/2,T318,19:27:45,3,-1,-1,AB6335,0,2,10
C672,C670,19:27:55,3,-1,1,AB5996,0,2,187
C670,C679,19:28:36,3,-1,1,AB5996,0,2,30
T315,T375,19:28:56,3,-1,1,AB6353,0,2,81
T319,T320,19:29:57,3,-1,-1,AB6335,0,2,70
T375,T380,19:30:17,3,-1,1,AB6353,0,2,50
C679,C694,19:30:17,3,-1,-1,AB5996,0,2,80
T320,T321/2,19:30:37,3,-1,-1,AB6335,0,2,10
T380,T379,19:30:57,3,-1,1,AB6353,0,2,10
C694,C669/2,19:31:18,3,-1,-1,AB5996,0,2,50
T379,T359,19:31:48,3,-1,1,AB6353,0,2,20
T321/2,T323,19:31:48,3,-1,1,AB6335,0,2,30
C669/2,C687,19:32:08,3,-1,1,AB5996,0,2,30
T323,T324/2,19:32:18,3,-1,1,AB6335,0,2,10
T359,T355/1,19:33:10,3,-1,1,AB6353,0,2,51
C687,C675,19:33:33,3,-1,1,AB5996,0,2,63
T324/2,T327,19:33:44,3,-1,1,AB6335,0,2,53
C675,C668,19:34:14,3,-1,1,AB5996,0,2,20
T327,T326/1,19:34:34,3,-1,1,AB6335,0,2,30
C668,C678,19:34:54,3,-1,1,AB5996,0,2,10
C678,C665,19:35:25,3,-1,1,AB5996,0,2,20
T326/1,T337,19:35:45,3,-1,1,AB6335,0,2,60
C665,C663,19:35:55,3,-1,2,AB5996,0,2,20
T337,T336/2,19:36:26,3,-1,1,AB6335,0,2,30
C663,C661,19:36:36,3,-1,2,AB5996,0,2,30
C661,C659,19:37:06,3,-1,1,AB5996,0,2,20
C688/1,C691,19:38:47,3,-1,1,AB6353,0,2,80
C659,C656,19:38:47,3,-1,1,AB5996,0,2,60
C691,C652,19:40:08,3,-1,1,AB6353,0,2,50
C656,C654/2,19:40:18,3,-1,1,AB5996,0,2,60
C652,C655,19:41:19,3,-1,1,AB6353,0,2,40
C655,C657,19:42:31,3,-1,1,AB6353,0,2,31
C654/2,C653/2,19:42:41,3,-1,1,AB5996,0,2,91
C657,C660,19:43:32,3,-1,2,AB6353,0,2,51
C660,C662,19:44:02,3,-1,1,AB6353,0,2,20
C662,C664,19:44:45,3,-1,1,AB6353,0,2,22
C664,C666,19:45:05,3,-1,1,AB6353,0,2,10
C653/2,C692,19:45:05,3,-1,1,AB5996,0,2,133
C666,C677,19:45:25,3,-1,1,AB6353,0,2,10
C692,C689/1,19:46:05,3,-1,1,AB5996,0,2,30
C677,C676,19:46:26,3,-1,-1,AB6353,1,2,50
C676,C680,19:47:57,3,-1,-1,AB6353,0,2,60
C689/1,T360,19:48:17,3,-1,1,AB5996,0,2,111
C680,C669/1,19:48:47,3,-1,1,AB6353,0,2,20
T360,T376/1,19:49:48,3,-1,1,AB5996,0,2,60
C669/1,C693,19:50:19,3,-1,-1,AB6353,0,2,60
T376/1,T363/1,19:51:29,3,-1,1,AB5996,0,2,50
C693,C681,19:51:40,3,-1,-1,AB6353,0,2,70
C681,C671,19:52:42,3,-1,-1,AB6353,0,2,51
T363/1,T306,19:53:12,3,-1,1,AB5996,0,2,72
T306,T314/2,19:54:03,3,-1,-1,AB5996,0,2,40
C671,C695,19:54:23,3,-1,-1,AB6353,0,2,91
T318,T319,19:55:39,3,-1,-1,AB5996,0,2,55
C695,C673,19:55:59,3,-1,-1,AB6353,0,2,85
T319,T320,19:56:39,3,-1,-1,AB5996,0,2,40
C673,C672,19:57:43,3,-1,-1,AB6353,0,2,93
T320,T321/2,19:57:43,3,-1,-1,AB5996,0,2,10
T321/2,T323,19:58:44,3,-1,1,AB5996,0,2,21
T323,T324/2,19:59:25,3,-1,1,AB5996,0,2,10
C672,C670,20:00:15,3,-1,-1,AB6353,0,2,112
T324/2,T327,20:00:35,3,-1,1,AB5996,0,2,50
C670,C679,20:01:06,3,-1,-1,AB6353,0,2,30
T327,T326/1,20:01:16,3,-1,1,AB5996,0,2,30
T326/1,T337,20:02:27,3,-1,1,AB5996,0,2,60
C679,C694,20:03:07,3,-1,-1,AB6353,0,2,80
T337,T336/2,20:03:07,3,-1,1,AB5996,0,2,30
C694,C669/2,20:03:57,3,-1,-1,AB6353,0,2,40
C669/2,C687,20:04:48,3,-1,2,AB6353,0,2,30
C687,C675,20:06:34,3,-1,1,AB6353,0,2,65
C675,C668,20:07:15,3,-1,1,AB6353,0,2,20
C668,C678,20:07:45,3,-1,1,AB6353,0,2,20
C678,C663,20:09:16,3,-1,1,AB6353,1,2,50
C663,C661,20:09:56,3,-1,1,AB6353,0,2,30
C661,C659,20:10:27,3,-1,1,AB6353,0,2,20
C659,C656,20:11:27,3,-1,1,AB6353,0,2,30
C656,C654/2,20:12:28,3,-1,1,AB6353,0,2,50
C654/2,C653/2,20:13:38,3,-1,1,AB6353,0,2,30
C653/2,C692,20:16:00,3,-1,1,AB6353,0,2,131
C692,C689/1,20:17:00,3,-1,1,AB6353,0,2,30
C689/1,T360,20:20:35,3,-1,1,AB6353,0,2,151
T360,T376/1,20:22:16,3,-1,1,AB6353,0,2,80
T376/1,T363/1,20:24:38,3,-1,1,AB6353,0,2,131
T363/1,T306,20:26:18,3,-1,1,AB6353,0,2,70
T306,T314/2,20:27:09,3,-1,-1,AB6353,0,2,40
T314/2,T318,20:28:50,3,-1,-1,AB6353,0,2,10
T319,T320,20:32:17,3,-1,-1,AB6353,0,2,141
T320,T321/2,20:33:33,3,-1,-1,AB6353,0,2,45
T321/2,T323,20:34:44,3,-1,1,AB6353,0,2,21
T323,T324/2,20:35:15,3,-1,1,AB6353,0,2,10
T324/2,T327,20:36:25,3,-1,1,AB6353,0,2,60
T327,T326/1,20:37:26,3,-1,1,AB6353,0,2,30
T326/1,T337,20:38:37,3,-1,1,AB6353,0,2,60
T337,T336/2,20:39:27,3,-1,1,AB6353,0,2,20
T336/2,T335,5:30:42,4,-1,1,AB6353,0,2,10
T335,T338,5:31:33,4,-1,1,AB6353,0,2,10
T338,T326/3,5:32:54,4,-1,-1,AB6353,0,2,60
T326/3,T332/2,5:33:55,4,-1,1,AB6353,0,4,50
T332/2,T325/2,5:35:37,4,-1,1,AB6353,0,4,71
T325/2,T339/2,5:36:17,4,-1,1,AB6353,0,4,10
T339/2,T313,5:37:18,4,-1,1,AB6353,0,4,40
T313,T315,5:38:18,4,-1,1,AB6353,0,4,20
T315,T375,5:39:39,4,-1,1,AB6353,0,4,70
T375,T380,5:41:13,4,-1,1,AB6353,0,4,53
T380,T379,5:42:04,4,-1,1,AB6353,0,4,10
T379,T359,5:42:44,4,-1,1,AB6353,0,4,10
T359,T355/1,5:43:55,4,-1,1,AB6353,0,2,50
C688/1,C691,5:49:08,4,-1,1,AB6353,0,2,50
C691,C652,5:51:00,4,-1,1,AB6353,0,2,80
C652,C655,5:52:03,4,-1,1,AB6353,0,2,30
C655,C657,5:53:03,4,-1,-1,AB6353,0,2,50
C657,C660,5:53:44,4,-1,-1,AB6353,0,2,30
C660,C662,5:54:34,4,-1,-1,AB6353,0,2,20
C662,C664,5:55:15,4,-1,-1,AB6353,0,2,30
C664,C666,5:55:55,4,-1,-1,AB6353,0,2,10
C666,C677,5:56:36,4,-1,-1,AB6353,0,2,30
C677,C667,5:57:26,4,-1,-1,AB6353,0,2,20
C667,C676,5:57:46,4,-1,-1,AB6353,0,2,10
C676,C680,5:58:47,4,-1,-1,AB6353,0,2,50
C680,C669/1,6:00:18,4,-1,-1,AB6353,0,2,50
C669/1,C681,6:03:00,4,-1,-1,AB6353,1,2,141
C681,C695,6:05:25,4,-1,-1,AB6353,1,2,134
T336/2,T335,6:05:55,4,-1,2,AB6335,0,2,20
T335,T338,6:06:15,4,-1,2,AB6335,0,2,10
T338,T326/3,6:07:46,4,-1,-1,AB6335,0,2,60
C695,C672,6:08:37,4,-1,-1,AB6353,1,2,151
T326/3,T332/2,6:08:57,4,-1,1,AB6335,0,2,40
T332/2,T325/2,6:10:38,4,-1,1,AB6335,0,2,60
T325/2,T339/2,6:11:29,4,-1,1,AB6335,0,2,10
C672,C670,6:12:19,4,-1,-1,AB6353,0,2,131
T339/2,T313,6:12:30,4,-1,1,AB6335,0,2,40
C670,C679,6:13:00,4,-1,-1,AB6353,0,2,30
T313,T375,6:14:45,4,-1,1,AB6335,1,2,84
C679,C694,6:14:45,4,-1,-1,AB6353,0,2,84
C694,C669/2,6:15:25,4,-1,-1,AB6353,0,2,30
C669/2,C687,6:16:26,4,-1,-1,AB6353,0,2,30
T375,T380,6:16:46,4,-1,1,AB6335,0,2,70
C687,C675,6:17:27,4,-1,-1,AB6353,0,2,50
T380,T379,6:17:37,4,-1,1,AB6335,0,2,10
C675,C668,6:17:57,4,-1,1,AB6353,0,2,20
T379,T359,6:18:07,4,-1,1,AB6335,0,2,20
C668,C678,6:18:17,4,-1,1,AB6353,0,2,10
C678,C665,6:18:48,4,-1,1,AB6353,0,2,20
C665,C663,6:19:08,4,-1,-1,AB6353,0,2,10
T359,T355/1,6:19:18,4,-1,1,AB6335,0,2,60
C663,C661,6:19:48,4,-1,-1,AB6353,0,2,30
C661,C659,6:20:29,4,-1,1,AB6353,0,2,30
C659,C656,6:21:19,4,-1,2,AB6353,0,2,30
C656,C654/2,6:22:45,4,-1,1,AB6353,0,2,55
C654/2,C653/2,6:24:06,4,-1,1,AB6353,0,2,50
C653/2,C692,6:25:47,4,-1,1,AB6353,0,2,90
C688/1,C691,6:26:07,4,-1,-1,AB6335,0,2,30
C692,C689/1,6:27:08,4,-1,1,AB6353,0,2,30
C691,C652,6:27:48,4,-1,1,AB6335,0,2,70
C652,C655,6:29:09,4,-1,1,AB6335,0,2,40
C689/1,T360,6:29:30,4,-1,1,AB6353,0,2,101
C655,C657,6:30:20,4,-1,-1,AB6335,0,2,40
T360,T376/1,6:30:20,4,-1,1,AB6353,0,2,20
C657,C660,6:31:11,4,-1,-1,AB6335,0,2,40
T376/1,T363/1,6:31:33,4,-1,1,AB6353,0,2,62
C660,C662,6:31:43,4,-1,-1,AB6335,0,2,22
T363/1,T306,6:32:23,4,-1,1,AB6353,0,2,40
C662,C664,6:32:44,4,-1,-1,AB6335,0,2,30
T306,T314/2,6:33:04,4,-1,-1,AB6353,0,2,30
C664,C666,6:33:24,4,-1,-1,AB6335,0,2,20
C666,C677,6:33:45,4,-1,-1,AB6335,0,2,10
C677,C667,6:34:46,4,-1,-1,AB6335,0,2,20
T319,T320,6:35:07,4,-1,-1,AB6353,0,2,40
C667,C676,6:35:27,4,-1,-1,AB6335,0,2,20
T320,T321/2,6:35:37,4,-1,-1,AB6353,0,2,10
C676,C680,6:36:28,4,-1,-1,AB6335,0,2,50
T321/2,T323,6:36:28,4,-1,1,AB6353,0,2,30
T323,T324/2,6:36:58,4,-1,1,AB6353,0,2,10
C680,C669/1,6:37:28,4,-1,-1,AB6335,0,2,50
T324/2,T327,6:38:09,4,-1,1,AB6353,0,2,60
C669/1,C693,6:38:39,4,-1,-1,AB6335,0,2,50
T327,T326/1,6:39:09,4,-1,1,AB6353,0,2,30
T336/2,T335,6:39:50,4,-1,1,AB5996,0,2,20
C693,C681,6:40:00,4,-1,-1,AB6335,0,2,70
T326/1,T337,6:40:10,4,-1,1,AB6353,0,2,50
T335,T338,6:40:50,4,-1,1,AB5996,0,2,10
T337,T336/2,6:40:50,4,-1,1,AB6353,0,2,30
T338,T326/3,6:42:03,4,-1,-1,AB5996,0,2,62
T326/3,T332/2,6:42:44,4,-1,1,AB5996,0,2,31
C681,C695,6:42:54,4,-1,-1,AB6335,1,2,133
T332/2,T325/2,6:44:35,4,-1,1,AB5996,0,2,40
C695,C673,6:44:46,4,-1,-1,AB6335,0,2,70
T325/2,T339/2,6:45:06,4,-1,1,AB5996,0,2,10
C673,C672,6:45:46,4,-1,1,AB6335,0,2,30
T339/2,T313,6:46:27,4,-1,1,AB5996,0,2,50
T313,T315,6:47:17,4,-1,1,AB5996,0,2,10
C672,C670,6:47:58,4,-1,1,AB6335,0,2,111
C670,C679,6:48:48,4,-1,1,AB6335,0,2,30
T315,T375,6:48:58,4,-1,1,AB5996,0,2,70
T375,T380,6:50:19,4,-1,1,AB5996,0,2,70
C679,C694,6:50:39,4,-1,-1,AB6335,0,2,80
T380,T379,6:50:50,4,-1,1,AB5996,0,2,20
T379,T359,6:51:20,4,-1,1,AB5996,0,2,20
C694,C669/2,6:51:20,4,-1,-1,AB6335,0,2,20
C669/2,C687,6:52:13,4,-1,1,AB6335,0,2,20
T359,T355/1,6:52:33,4,-1,1,AB5996,0,2,60
C687,C675,6:53:44,4,-1,1,AB6335,0,2,60
C675,C668,6:54:15,4,-1,-1,AB6335,0,2,20
C668,C678,6:54:46,4,-1,-1,AB6335,0,2,21
C678,C665,6:55:16,4,-1,-1,AB6335,0,2,20
C665,C661,6:56:17,4,-1,-1,AB6335,1,2,50
C661,C659,6:57:07,4,-1,1,AB6335,0,2,30
C688/1,C691,6:58:08,4,-1,1,AB5996,0,2,30
C659,C656,6:58:18,4,-1,1,AB6335,0,2,40
C656,C654/2,6:59:29,4,-1,1,AB6335,0,2,60
C691,C652,6:59:59,4,-1,1,AB5996,0,2,70
C654/2,C653/2,7:01:02,4,-1,1,AB6335,0,2,83
C652,C655,7:01:13,4,-1,1,AB5996,0,2,30
C655,C657,7:02:33,4,-1,1,AB5996,0,2,50
C653/2,C692,7:02:44,4,-1,1,AB6335,0,2,90
C657,C660,7:03:44,4,-1,1,AB5996,0,2,40
C692,C689/1,7:04:05,4,-1,1,AB6335,0,2,30
C660,C662,7:04:37,4,-1,1,AB5996,0,2,32
C662,C664,7:05:07,4,-1,1,AB5996,0,2,20
C664,C666,7:05:27,4,-1,1,AB5996,0,2,10
C666,C677,7:05:47,4,-1,1,AB5996,0,2,10
T336/2,T335,7:06:18,4,-1,1,AB6353,0,2,10
C677,C667,7:06:18,4,-1,1,AB5996,0,2,10
C667,C676,7:06:38,4,-1,-1,AB5996,0,2,10
T335,T338,7:06:48,4,-1,1,AB6353,0,2,10
C689/1,T360,7:07:19,4,-1,1,AB6335,0,2,131
C676,C680,7:07:49,4,-1,-1,AB5996,0,2,60
C680,C669/1,7:08:19,4,-1,1,AB5996,0,2,20
T338,T326/3,7:08:29,4,-1,-1,AB6353,0,2,60
T360,T376/1,7:08:40,4,-1,1,AB6335,0,2,50
T326/3,T332/2,7:09:20,4,-1,1,AB6353,0,2,40
C669/1,C693,7:09:55,4,-1,1,AB5996,0,2,54
T376/1,T363/1,7:10:15,4,-1,1,AB6335,0,2,85
T332/2,T325/2,7:10:45,4,-1,1,AB6353,0,2,50
T363/1,T306,7:11:06,4,-1,1,AB6335,0,2,40
C693,C681,7:11:16,4,-1,-1,AB5996,0,2,70
T325/2,T339/2,7:11:26,4,-1,1,AB6353,0,2,10
T306,T314/2,7:11:56,4,-1,-1,AB6335,0,2,40
C681,C671,7:12:16,4,-1,-1,AB5996,0,2,50
T339/2,T313,7:12:37,4,-1,1,AB6353,0,2,40
T318,T319,7:12:57,4,-1,-1,AB6335,0,2,10
T313,T315,7:13:37,4,-1,1,AB6353,0,2,20
T319,T320,7:13:37,4,-1,-1,AB6335,0,2,30
C671,C695,7:13:58,4,-1,-1,AB5996,0,2,80
T320,T321/2,7:14:08,4,-1,-1,AB6335,0,2,10
T321/2,T323,7:14:58,4,-1,1,AB6335,0,2,20
T315,T375,7:15:09,4,-1,1,AB6353,0,2,60
T323,T324/2,7:15:39,4,-1,1,AB6335,0,2,20
C695,C673,7:15:59,4,-1,-1,AB5996,0,2,91
T375,T380,7:16:40,4,-1,1,AB6353,0,2,50
C673,C672,7:17:00,4,-1,-1,AB5996,0,2,40
T324/2,T327,7:17:20,4,-1,1,AB6335,0,2,60
T380,T379,7:17:34,4,-1,1,AB6353,0,2,14
T327,T326/1,7:17:55,4,-1,1,AB6335,0,2,20
T379,T359,7:18:25,4,-1,1,AB6353,0,2,20
T326/1,T337,7:19:05,4,-1,1,AB6335,0,2,50
C672,C670,7:19:15,4,-1,-1,AB5996,0,2,115
T359,T355/1,7:19:46,4,-1,1,AB6353,0,2,60
T337,T336/2,7:19:46,4,-1,1,AB6335,0,2,30
C670,C679,7:19:56,4,-1,-1,AB5996,0,2,20
C679,C694,7:21:58,4,-1,-1,AB5996,0,2,80
C694,C669/2,7:22:38,4,-1,-1,AB5996,0,2,30
T355/1,C688/1,7:23:39,4,-1,1,AB6353,0,2,192
C669/2,C687,7:23:39,4,-1,1,AB5996,0,2,30
C687,C675,7:25:10,4,-1,1,AB5996,0,2,60
C688/1,C691,7:25:40,4,-1,1,AB6353,0,2,40
C675,C668,7:25:40,4,-1,1,AB5996,0,2,20
C668,C678,7:26:01,4,-1,1,AB5996,0,2,10
C678,C663,7:26:43,4,-1,1,AB5996,1,2,32
C663,C659,7:27:54,4,-1,1,AB5996,1,2,50
C691,C652,7:28:15,4,-1,1,AB6353,0,2,101
C659,C656,7:28:55,4,-1,1,AB5996,0,2,40
C652,C655,7:29:15,4,-1,1,AB6353,0,2,30
C655,C657,7:30:36,4,-1,1,AB6353,0,2,50
C657,C660,7:31:47,4,-1,1,AB6353,0,2,40
C660,C662,7:32:28,4,-1,1,AB6353,0,2,20
C662,C664,7:33:08,4,-1,1,AB6353,0,2,30
C664,C666,7:33:49,4,-1,1,AB6353,0,2,10
C666,C677,7:34:09,4,-1,1,AB6353,0,2,10
C677,C667,7:34:39,4,-1,2,AB6353,0,2,20
C667,C676,7:35:10,4,-1,-1,AB6353,0,2,20
T336/2,T335,7:35:33,4,-1,1,AB6335,0,2,13
C676,C680,7:36:14,4,-1,-1,AB6353,0,2,53
T335,T338,7:36:24,4,-1,1,AB6335,0,2,10
C680,C669/1,7:37:04,4,-1,1,AB6353,0,2,30
T338,T326/3,7:37:56,4,-1,-1,AB6335,0,2,61
C669/1,C693,7:38:16,4,-1,1,AB6353,0,2,61
T326/3,T332/2,7:39:16,4,-1,1,AB6335,0,2,50
C693,C681,7:39:37,4,-1,-1,AB6353,0,2,70
T360,T376/1,7:39:57,4,-1,1,AB5996,0,2,60
T332/2,T325/2,7:40:48,4,-1,1,AB6335,0,2,60
T376/1,T363/1,7:41:08,4,-1,1,AB5996,0,2,40
T325/2,T339/2,7:41:38,4,-1,1,AB6335,0,2,10
T363/1,T306,7:42:09,4,-1,1,AB5996,0,2,40
C681,C695,7:42:19,4,-1,-1,AB6353,1,2,141
T306,T314/2,7:42:49,4,-1,-1,AB5996,0,2,30
T339/2,T313,7:42:59,4,-1,1,AB6335,0,2,40
C695,C673,7:44:00,4,-1,-1,AB6353,0,2,91
T313,T315,7:44:33,4,-1,1,AB6335,0,2,23
T319,T320,7:44:54,4,-1,-1,AB5996,0,2,20
C673,C672,7:45:04,4,-1,1,AB6353,0,2,20
T320,T321/2,7:45:44,4,-1,-1,AB5996,0,2,20
T315,T375,7:46:15,4,-1,1,AB6335,0,2,81
T321/2,T323,7:46:35,4,-1,1,AB5996,0,2,20
T323,T324/2,7:47:15,4,-1,1,AB5996,0,2,10
T375,T380,7:47:46,4,-1,1,AB6335,0,2,60
C672,C670,7:47:56,4,-1,1,AB6353,0,2,121
T380,T379,7:48:26,4,-1,1,AB6335,0,2,10
C670,C679,7:48:37,4,-1,1,AB6353,0,2,20
T324/2,T327,7:48:47,4,-1,1,AB5996,0,2,70
T379,T359,7:49:27,4,-1,1,AB6335,0,2,30
T327,T326/1,7:49:58,4,-1,1,AB5996,0,2,30
C679,C694,7:50:08,4,-1,-1,AB6353,0,2,71
T359,T355/1,7:50:48,4,-1,1,AB6335,0,2,71
C694,C669/2,7:51:08,4,-1,-1,AB6353,0,2,30
T326/1,T337,7:51:08,4,-1,1,AB5996,0,2,60
T337,T336/2,7:52:09,4,-1,1,AB5996,0,2,30
C669/2,C687,7:52:19,4,-1,-1,AB6353,0,2,30
C687,C675,7:53:52,4,-1,1,AB6353,0,2,62
T355/1,C688/1,7:54:22,4,-1,1,AB6335,0,2,193
C675,C668,7:54:22,4,-1,1,AB6353,0,2,20
C668,C678,7:54:43,4,-1,1,AB6353,0,2,10
C678,C665,7:55:13,4,-1,-1,AB6353,0,2,20
C688/1,C691,7:55:33,4,-1,1,AB6335,0,2,30
C665,C663,7:55:33,4,-1,3,AB6353,0,2,10
C663,C661,7:56:14,4,-1,3,AB6353,0,2,30
C661,C659,7:56:44,4,-1,1,AB6353,0,2,20
C691,C652,7:57:55,4,-1,1,AB6335,0,2,101
C659,C656,7:58:05,4,-1,1,AB6353,0,2,50
C656,C654/2,7:58:56,4,-1,1,AB6353,0,2,40
C652,C655,7:59:16,4,-1,1,AB6335,0,2,40
C654/2,C653/2,8:00:57,4,-1,1,AB6353,0,2,101
C655,C660,8:01:17,4,-1,1,AB6335,1,2,91
C660,C662,8:01:58,4,-1,2,AB6335,0,2,20
C653/2,C692,8:02:08,4,-1,2,AB6353,0,2,60
C662,C664,8:02:28,4,-1,2,AB6335,0,2,20
C664,C666,8:03:19,4,-1,2,AB6335,0,2,20
C666,C677,8:03:39,4,-1,-1,AB6335,0,2,10
C692,C689/1,8:04:09,4,-1,1,AB6353,0,2,50
C677,C676,8:04:30,4,-1,-1,AB6335,1,2,40
C676,C680,8:05:31,4,-1,-1,AB6335,0,2,51
C680,C669/1,8:06:12,4,-1,1,AB6335,0,2,10
C669/1,C693,8:07:33,4,-1,1,AB6335,0,2,60
C689/1,T360,8:07:53,4,-1,1,AB6353,0,2,121
T336/2,T335,8:09:04,4,-1,1,AB5996,0,2,30
C693,C681,8:09:04,4,-1,-1,AB6335,0,2,71
T360,T376/1,8:09:24,4,-1,1,AB6353,0,2,50
C681,C671,8:10:25,4,-1,-1,AB6335,0,2,50
T338,T326/3,8:11:06,4,-1,-1,AB5996,0,2,70
T376/1,T363/1,8:11:06,4,-1,1,AB6353,0,2,91
C671,C695,8:12:16,4,-1,-1,AB6335,0,2,80
T363/1,T314/2,8:13:17,4,-1,-1,AB6353,1,2,91
C695,C673,8:13:37,4,-1,-1,AB6335,0,2,70
C673,C672,8:14:28,4,-1,1,AB6335,0,2,30
T318,T319,8:15:49,4,-1,-1,AB6353,0,2,20
T325/2,T339/2,8:17:04,4,-1,1,AB5996,0,2,24
T319,T320,8:17:04,4,-1,-1,AB6353,0,2,44
C672,C670,8:17:14,4,-1,-1,AB6335,0,2,105
C670,C679,8:18:15,4,-1,-1,AB6335,0,2,30
T339/2,T313,8:18:35,4,-1,1,AB5996,0,2,81
T321/2,T323,8:19:16,4,-1,1,AB6353,0,2,30
C679,C694,8:19:46,4,-1,-1,AB6335,0,2,70
T313,T315,8:19:56,4,-1,1,AB5996,0,2,10
T323,T324/2,8:20:06,4,-1,1,AB6353,0,2,10
C694,C669/2,8:20:37,4,-1,-1,AB6335,0,2,40
C669/2,C687,8:21:27,4,-1,1,AB6335,0,2,20
T324/2,T327,8:21:37,4,-1,1,AB6353,0,2,80
T327,T326/1,8:22:38,4,-1,1,AB6353,0,2,30
C687,C675,8:22:48,4,-1,1,AB6335,0,2,50
T315,T375,8:23:09,4,-1,1,AB5996,0,2,182
C675,C668,8:23:39,4,-1,1,AB6335,0,2,20
C668,C678,8:23:59,4,-1,1,AB6335,0,2,10
T326/1,T337,8:23:59,4,-1,1,AB6353,0,2,71
T375,T380,8:24:10,4,-1,1,AB5996,0,2,20
C678,C665,8:24:37,4,-1,1,AB6335,0,2,27
T337,T336/2,8:24:47,4,-1,1,AB6353,0,2,37
T380,T379,8:25:07,4,-1,1,AB5996,0,2,10
C665,C661,8:25:28,4,-1,1,AB6335,1,2,40
C661,C659,8:25:58,4,-1,1,AB6335,0,2,20
C659,C656,8:26:49,4,-1,1,AB6335,0,2,30
T379,T355/1,8:27:19,4,-1,1,AB5996,1,2,101
C656,C654/2,8:28:00,4,-1,1,AB6335,0,2,50
C654/2,C653/2,8:29:53,4,-1,1,AB6335,0,2,93
C653/2,C692,8:31:45,4,-1,1,AB6335,0,2,70
C692,C689/1,8:33:56,4,-1,1,AB6335,0,2,40
C688/1,C691,8:34:06,4,-1,1,AB5996,0,2,30
T336/2,T335,8:34:27,4,-1,1,AB6353,0,2,40
T335,T338,8:35:07,4,-1,1,AB6353,0,2,10
T338,T326/3,8:36:28,4,-1,-1,AB6353,0,2,60
C691,C652,8:36:38,4,-1,1,AB5996,0,2,91
C689/1,T360,8:36:49,4,-1,1,AB6335,0,2,131
T326/3,T332/2,8:37:29,4,-1,2,AB6353,0,2,50
T360,T376/1,8:37:49,4,-1,1,AB6335,0,2,40
C652,C655,8:37:59,4,-1,1,AB5996,0,2,30
C655,C657,8:39:13,4,-1,1,AB5996,0,2,40
T332/2,T325/2,8:39:35,4,-1,1,AB6353,0,2,95
T376/1,T363/1,8:39:35,4,-1,2,AB6335,0,2,51
C657,C660,8:40:15,4,-1,1,AB5996,0,2,40
T325/2,T339/2,8:40:25,4,-1,1,AB6353,0,2,30
C660,C662,8:41:06,4,-1,1,AB5996,0,2,20
C662,C664,8:41:36,4,-1,1,AB5996,0,2,20
T363/1,T306,8:41:36,4,-1,1,AB6335,0,2,60
T339/2,T313,8:42:07,4,-1,1,AB6353,0,2,70
C664,C666,8:42:27,4,-1,1,AB5996,0,2,20
T306,T314/2,8:42:37,4,-1,-1,AB6335,0,2,50
C666,C677,8:42:47,4,-1,1,AB5996,0,2,10
T314/2,T318,8:43:28,4,-1,-1,AB6335,0,2,10
C677,C667,8:43:38,4,-1,1,AB5996,0,2,20
T313,T315,8:43:48,4,-1,1,AB6353,0,2,40
C667,C676,8:43:58,4,-1,-1,AB5996,0,2,10
T318,T319,8:44:18,4,-1,-1,AB6335,0,2,10
C676,C680,8:45:19,4,-1,-1,AB5996,0,2,60
T319,T320,8:45:29,4,-1,-1,AB6335,0,2,30
T315,T375,8:45:49,4,-1,1,AB6353,0,2,101
T375,T380,8:46:20,4,-1,1,AB6353,0,2,20
C680,C669/1,8:46:20,4,-1,1,AB5996,0,2,30
T320,T321/2,8:46:20,4,-1,-1,AB6335,0,2,10
T380,T379,8:47:02,4,-1,1,AB6353,0,2,10
T321/2,T323,8:47:22,4,-1,1,AB6335,0,2,20
C669/1,C693,8:47:44,4,-1,1,AB5996,0,2,52
T379,T359,8:48:15,4,-1,1,AB6353,0,2,40
T323,T324/2,8:48:15,4,-1,1,AB6335,0,2,20
C693,C681,8:49:05,4,-1,-1,AB5996,0,2,70
T359,T355/1,8:49:56,4,-1,1,AB6353,0,2,70
C681,C671,8:49:56,4,-1,-1,AB5996,0,2,40
T324/2,T327,8:50:06,4,-1,1,AB6335,0,2,70
T327,T326/1,8:51:17,4,-1,1,AB6335,0,2,30
C671,C695,8:51:37,4,-1,-1,AB5996,0,2,80
T326/1,T337,8:52:58,4,-1,1,AB6335,0,2,70
C695,C673,8:53:18,4,-1,-1,AB5996,0,2,70
C673,C672,8:53:49,4,-1,1,AB5996,0,2,20
T337,T336/2,8:54:09,4,-1,1,AB6335,0,2,30
C688/1,C691,8:56:14,4,-1,1,AB6353,0,2,30
C691,C652,8:57:56,4,-1,1,AB6353,0,2,61
C672,C670,8:58:07,4,-1,-1,AB5996,0,2,177
C652,C655,8:58:57,4,-1,1,AB6353,0,2,20
C670,C679,8:59:07,4,-1,-1,AB5996,0,2,50
C655,C657,9:00:28,4,-1,1,AB6353,0,2,40
C657,C660,9:01:29,4,-1,-1,AB6353,0,2,40
C679,C694,9:01:59,4,-1,-1,AB5996,0,2,141
C660,C664,9:02:50,4,-1,1,AB6353,1,2,50
C694,C669/2,9:02:50,4,-1,-1,AB5996,0,2,30
C669/2,C687,9:04:03,4,-1,1,AB5996,0,2,20
C664,C677,9:04:13,4,-1,1,AB6353,1,2,52
C677,C667,9:04:43,4,-1,1,AB6353,0,2,20
C667,C680,9:06:15,4,-1,-1,AB6353,1,2,81
C687,C678,9:06:15,4,-1,1,AB5996,2,2,102
C680,C669/1,9:07:06,4,-1,1,AB6353,0,2,20
C678,C663,9:07:06,4,-1,1,AB5996,1,2,40
T336/2,T335,9:07:26,4,-1,1,AB6335,0,2,10
T335,T338,9:08:17,4,-1,1,AB6335,0,2,40
C669/1,C693,9:08:17,4,-1,1,AB6353,0,2,50
C663,C661,9:08:17,4,-1,1,AB5996,0,2,30
C661,C659,9:08:47,4,-1,1,AB5996,0,2,20
T338,T326/3,9:09:48,4,-1,-1,AB6335,0,2,50
C693,C681,9:10:08,4,-1,-1,AB6353,0,2,80
C659,C656,9:10:08,4,-1,1,AB5996,0,2,40
T326/3,T332/2,9:10:38,4,-1,1,AB6335,0,2,40
C656,C654/2,9:11:09,4,-1,1,AB5996,0,2,50
C681,C671,9:11:19,4,-1,-1,AB6353,0,2,60
T332/2,T325/2,9:12:20,4,-1,1,AB6335,0,2,50
T325/2,T339/2,9:13:00,4,-1,1,AB6335,0,2,10
C654/2,C653/2,9:13:00,4,-1,1,AB5996,0,2,60
C671,C695,9:13:10,4,-1,-1,AB6353,0,2,80
C653/2,C692,9:14:14,4,-1,1,AB5996,0,2,64
T339/2,T313,9:14:55,4,-1,2,AB6335,0,2,50
C695,C673,9:14:55,4,-1,-1,AB6353,0,2,80
C692,C689/1,9:15:25,4,-1,1,AB5996,0,2,20
C673,C672,9:15:46,4,-1,-1,AB6353,0,2,31
T313,T315,9:15:56,4,-1,1,AB6335,0,2,20
T315,T375,9:17:28,4,-1,1,AB6335,0,2,80
C689/1,T360,9:18:08,4,-1,1,AB5996,0,2,111
T375,T380,9:18:28,4,-1,1,AB6335,0,2,30
C672,C670,9:18:48,4,-1,-1,AB6353,0,2,121
T380,T379,9:19:09,4,-1,1,AB6335,0,2,10
C670,C679,9:19:59,4,-1,-1,AB6353,0,2,30
T379,T359,9:20:20,4,-1,1,AB6335,0,2,60
T360,T376/1,9:20:20,4,-1,1,AB5996,0,2,101
T376/1,T363/1,9:21:22,4,-1,1,AB5996,0,2,30
C679,C694,9:21:32,4,-1,-1,AB6353,0,2,82
T359,T355/1,9:21:43,4,-1,1,AB6335,0,2,60
C694,C669/2,9:22:13,4,-1,-1,AB6353,0,2,30
C669/2,C687,9:23:05,4,-1,1,AB6353,0,2,20
T363/1,T306,9:23:05,4,-1,1,AB5996,0,2,71
T306,T314/2,9:23:55,4,-1,-1,AB5996,0,2,40
C687,C675,9:24:15,4,-1,1,AB6353,0,2,60
C675,C668,9:24:46,4,-1,1,AB6353,0,2,20
C668,C678,9:25:06,4,-1,1,AB6353,0,2,10
T314/2,T318,9:25:16,4,-1,-1,AB5996,0,2,10
T318,T319,9:25:36,4,-1,-1,AB5996,0,2,10
C678,C665,9:25:46,4,-1,1,AB6353,0,2,20
C665,C663,9:26:17,4,-1,1,AB6353,0,2,20
T319,T320,9:26:37,4,-1,-1,AB5996,0,2,50
C663,C661,9:26:47,4,-1,1,AB6353,0,2,20
C688/1,C691,9:27:08,4,-1,1,AB6335,0,2,50
C661,C659,9:27:38,4,-1,1,AB6353,0,2,30
T320,T321/2,9:27:38,4,-1,-1,AB5996,0,2,10
T321/2,T323,9:28:59,4,-1,1,AB5996,0,2,40
C691,C652,9:29:39,4,-1,1,AB6335,0,2,121
T323,T324/2,9:29:39,4,-1,1,AB5996,0,2,10
C659,C654/2,9:29:50,4,-1,1,AB6353,1,2,101
C652,C655,9:30:50,4,-1,1,AB6335,0,2,40
T324/2,T327,9:31:00,4,-1,1,AB5996,0,2,70
C654/2,C653/2,9:31:44,4,-1,1,AB6353,0,2,84
T327,T326/1,9:31:44,4,-1,1,AB5996,0,2,23
C655,C657,9:32:04,4,-1,2,AB6335,0,2,53
T326/1,T337,9:32:45,4,-1,1,AB5996,0,2,50
C653/2,C692,9:32:55,4,-1,1,AB6353,0,2,50
C657,C660,9:33:05,4,-1,1,AB6335,0,2,30
T337,T336/2,9:33:45,4,-1,1,AB5996,0,2,40
C660,C662,9:33:56,4,-1,1,AB6335,0,2,20
C692,C689/1,9:34:26,4,-1,1,AB6353,0,2,50
C662,C664,9:34:46,4,-1,1,AB6335,0,2,30
C664,C666,9:35:27,4,-1,1,AB6335,0,2,20
C666,C677,9:35:47,4,-1,1,AB6335,0,2,10
C677,C667,9:36:37,4,-1,1,AB6335,0,2,30
C667,C676,9:37:08,4,-1,-1,AB6335,0,2,10
C689/1,T360,9:37:18,4,-1,1,AB6353,0,2,131
T360,T376/1,9:38:09,4,-1,1,AB6353,0,2,20
C676,C680,9:38:29,4,-1,-1,AB6335,0,2,50
C680,C669/1,9:39:29,4,-1,1,AB6335,0,2,30
T376/1,T363/1,9:39:40,4,-1,1,AB6353,0,2,80
C669/1,C693,9:40:42,4,-1,1,AB6335,0,2,52
T336/2,T335,9:40:52,4,-1,1,AB5996,0,2,32
T363/1,T306,9:41:02,4,-1,1,AB6353,0,2,52
T335,T338,9:41:12,4,-1,1,AB5996,0,2,10
T306,T314/2,9:42:03,4,-1,-1,AB6353,0,2,40
C693,C681,9:42:13,4,-1,-1,AB6335,0,2,70
T338,T326/3,9:42:33,4,-1,-1,AB5996,0,2,50
C681,C671,9:43:14,4,-1,-1,AB6335,0,2,50
T326/3,T332/2,9:43:24,4,-1,1,AB5996,0,2,30
T318,T319,9:43:34,4,-1,-1,AB6353,0,2,60
T332/2,T325/2,9:45:05,4,-1,1,AB5996,0,2,60
C671,C695,9:45:05,4,-1,-1,AB6335,0,2,91
T319,T320,9:45:05,4,-1,-1,AB6353,0,2,70
T320,T321/2,9:45:36,4,-1,-1,AB6353,0,2,10
T325/2,T339/2,9:45:56,4,-1,1,AB5996,0,2,20
C695,C673,9:46:46,4,-1,-1,AB6335,0,2,80
T321/2,T323,9:46:46,4,-1,1,AB6353,0,2,20
C673,C672,9:47:17,4,-1,1,AB6335,0,2,20
T339/2,T313,9:47:37,4,-1,1,AB5996,0,2,60
T313,T315,9:48:38,4,-1,1,AB5996,0,2,20
T324/2,T327,9:49:08,4,-1,1,AB6353,0,2,70
C672,C670,9:49:38,4,-1,1,AB6335,0,2,121
T315,T375,9:49:59,4,-1,1,AB5996,0,2,70
T327,T326/1,9:49:59,4,-1,1,AB6353,0,2,20
C670,C679,9:50:19,4,-1,-1,AB6335,0,2,30
T326/1,T337,9:51:20,4,-1,1,AB6353,0,2,70
T375,T380,9:51:41,4,-1,1,AB5996,0,2,61
C679,C694,9:51:51,4,-1,-1,AB6335,0,2,82
T337,T336/2,9:52:11,4,-1,1,AB6353,0,2,30
T380,T379,9:52:21,4,-1,1,AB5996,0,2,20
C694,C669/2,9:52:32,4,-1,-1,AB6335,0,2,30
T379,T359,9:53:42,4,-1,1,AB5996,0,2,30
C669/2,C675,9:54:23,4,-1,1,AB6335,1,2,80
T359,T355/1,9:54:54,4,-1,-1,AB5996,0,2,61
C675,C668,9:54:54,4,-1,1,AB6335,0,2,20
C668,C678,9:55:14,4,-1,1,AB6335,0,2,10
C678,C665,9:55:45,4,-1,1,AB6335,0,2,20
C665,C663,9:56:05,4,-1,1,AB6335,0,2,10
C663,C661,9:56:45,4,-1,1,AB6335,0,2,20
C661,C659,9:57:26,4,-1,1,AB6335,0,2,30
C659,C654/2,9:59:17,4,-1,1,AB6335,1,2,91
C654/2,C653/2,10:00:38,4,-1,1,AB6335,0,2,40
C688/1,C691,10:00:58,4,-1,1,AB5996,0,2,60
C653/2,C692,10:01:39,4,-1,1,AB6335,0,2,50
C691,C652,10:02:29,4,-1,1,AB5996,0,2,80
C692,C689/1,10:02:50,4,-1,1,AB6335,0,2,40
C652,C655,10:03:50,4,-1,1,AB5996,0,2,30
T336/2,T335,10:04:42,4,-1,1,AB5457,0,2,41
C655,C660,10:06:13,4,-1,1,AB5996,1,2,132
C689/1,T360,10:06:24,4,-1,1,AB6335,0,2,183
C660,C664,10:07:15,4,-1,1,AB5996,1,2,51
T338,T326/3,10:07:25,4,-1,-1,AB5457,0,2,71
C664,C666,10:07:35,4,-1,1,AB5996,0,2,10
C666,C677,10:07:55,4,-1,1,AB5996,0,2,10
T360,T376/1,10:08:25,4,-1,1,AB6335,0,2,91
T326/3,T332/2,10:08:36,4,-1,1,AB5457,0,2,40
C677,C667,10:08:56,4,-1,1,AB5996,0,2,30
C667,C676,10:09:16,4,-1,-1,AB5996,0,2,10
T376/1,T363/1,10:09:36,4,-1,1,AB6335,0,2,50
T332/2,T325/2,10:10:17,4,-1,1,AB5457,0,2,60
C676,C680,10:10:17,4,-1,-1,AB5996,0,2,50
C680,C669/1,10:11:07,4,-1,1,AB5996,0,2,20
T325/2,T339/2,10:11:17,4,-1,1,AB5457,0,2,30
T363/1,T306,10:11:38,4,-1,1,AB6335,0,2,70
C669/1,C693,10:12:38,4,-1,1,AB5996,0,2,60
T339/2,T313,10:12:49,4,-1,1,AB5457,0,2,50
T306,T314/2,10:12:59,4,-1,-1,AB6335,0,2,70
T313,T315,10:13:49,4,-1,1,AB5457,0,2,10
T318,T319,10:13:59,4,-1,-1,AB6335,0,2,10
C693,C681,10:14:20,4,-1,-1,AB5996,0,2,70
T319,T320,10:15:01,4,-1,-1,AB6335,0,2,41
T315,T375,10:15:35,4,-1,1,AB5457,0,2,75
C681,C671,10:15:35,4,-1,-1,AB5996,0,2,43
T320,T321/2,10:15:55,4,-1,-1,AB6335,0,2,10
T321/2,T323,10:17:06,4,-1,1,AB6335,0,2,20
C671,C695,10:17:16,4,-1,-1,AB5996,0,2,70
T375,T380,10:17:36,4,-1,1,AB5457,0,2,91
T323,T324/2,10:17:56,4,-1,1,AB6335,0,2,10
T380,T379,10:18:27,4,-1,1,AB5457,0,2,10
T324/2,T327,10:19:27,4,-1,1,AB6335,0,2,60
T379,T359,10:19:43,4,-1,1,AB5457,0,2,45
C695,C672,10:20:13,4,-1,-1,AB5996,1,2,166
T359,T355/1,10:21:04,4,-1,1,AB5457,0,2,70
T327,T337,10:21:34,4,-1,1,AB6335,1,2,111
C672,C670,10:22:14,4,-1,-1,AB5996,0,2,111
T337,T336/2,10:22:45,4,-1,1,AB6335,0,2,40
C670,C679,10:23:05,4,-1,-1,AB5996,0,2,30
C679,C694,10:24:36,4,-1,-1,AB5996,0,2,80
C694,C669/2,10:25:16,4,-1,-1,AB5996,0,2,30
C669/2,C687,10:26:17,4,-1,-1,AB5996,0,2,30
C688/1,C691,10:27:08,4,-1,1,AB5457,0,2,70
C687,C675,10:27:18,4,-1,1,AB5996,0,2,50
C675,C668,10:27:48,4,-1,1,AB5996,0,2,20
C668,C678,10:28:19,4,-1,1,AB5996,0,2,21
C678,C665,10:28:50,4,-1,1,AB5996,0,2,20
C691,C652,10:29:44,4,-1,1,AB5457,0,2,116
C665,C661,10:29:55,4,-1,1,AB5996,1,2,54
C661,C659,10:30:35,4,-1,1,AB5996,0,2,30
C652,C655,10:30:55,4,-1,1,AB5457,0,2,40
C659,C656,10:31:56,4,-1,1,AB5996,0,2,50
C655,C657,10:32:06,4,-1,1,AB5457,0,2,50
C656,C654/2,10:32:57,4,-1,1,AB5996,0,2,50
C657,C660,10:33:17,4,-1,1,AB5457,0,2,50
C660,C662,10:34:28,4,-1,1,AB5457,0,2,20
C654/2,C653/2,10:34:28,4,-1,1,AB5996,0,2,60
C662,C664,10:35:08,4,-1,1,AB5457,0,2,30
C664,C666,10:35:39,4,-1,1,AB5457,0,2,20
C653/2,C692,10:35:39,4,-1,1,AB5996,0,2,60
T336/2,T335,10:36:40,4,-1,1,AB6353,0,2,40
C666,C667,10:36:40,4,-1,1,AB5457,1,2,50
C667,C676,10:37:00,4,-1,-1,AB5457,0,2,10
T335,T338,10:37:34,4,-1,1,AB6353,0,2,14
C676,C680,10:38:15,4,-1,-1,AB5457,0,2,64
T338,T326/3,10:39:06,4,-1,-1,AB6353,0,2,61
C680,C669/1,10:39:27,4,-1,1,AB5457,0,2,30
T326/3,T332/2,10:39:57,4,-1,1,AB6353,0,2,30
C669/1,C693,10:41:08,4,-1,1,AB5457,0,2,60
T332/2,T325/2,10:41:28,4,-1,1,AB6353,0,2,70
T360,T376/1,10:42:08,4,-1,1,AB5996,0,2,91
T325/2,T339/2,10:42:18,4,-1,1,AB6353,0,2,20
C693,C681,10:42:39,4,-1,-1,AB5457,0,2,80
T376/1,T363/1,10:43:19,4,-1,1,AB5996,0,2,60
C681,C671,10:43:39,4,-1,-1,AB5457,0,2,50
T339/2,T313,10:44:10,4,-1,1,AB6353,0,2,70
T363/1,T314/2,10:45:10,4,-1,-1,AB5996,1,2,101
T313,T315,10:45:21,4,-1,1,AB6353,0,2,20
C671,C695,10:45:34,4,-1,-1,AB5457,0,2,104
T318,T319,10:46:24,4,-1,-1,AB5996,0,2,10
T315,T375,10:46:55,4,-1,1,AB6353,0,2,70
T319,T320,10:47:05,4,-1,-1,AB5996,0,2,30
C695,C673,10:47:25,4,-1,-1,AB5457,0,2,101
T320,T321/2,10:47:45,4,-1,-1,AB5996,0,2,10
T375,T380,10:48:05,4,-1,1,AB6353,0,2,30
T321/2,T323,10:48:46,4,-1,1,AB5996,0,2,20
T380,T379,10:48:56,4,-1,1,AB6353,0,2,20
T379,T359,10:49:47,4,-1,1,AB6353,0,2,20
T323,T324/2,10:50:07,4,-1,1,AB5996,0,2,20
T359,T355/1,10:50:57,4,-1,-1,AB6353,0,2,60
T324/2,T327,10:51:28,4,-1,1,AB5996,0,2,60
T327,T326/1,10:52:08,4,-1,1,AB5996,0,2,30
T326/1,T337,10:53:29,4,-1,1,AB5996,0,2,50
C670,C679,10:54:43,4,-1,1,AB5457,0,2,32
T337,T336/2,10:54:43,4,-1,1,AB5996,0,2,32
C679,C694,10:56:25,4,-1,-1,AB5457,0,2,92
C688/1,C691,10:56:45,4,-1,1,AB6353,0,2,70
C694,C669/2,10:57:26,4,-1,-1,AB5457,0,2,40
C669/2,C687,10:58:16,4,-1,1,AB5457,0,2,30
C691,C652,10:59:27,4,-1,1,AB6353,0,2,131
C687,C675,10:59:48,4,-1,1,AB5457,0,2,71
C675,C668,11:00:18,4,-1,1,AB5457,0,2,20
C652,C655,11:00:28,4,-1,1,AB6353,0,2,30
C668,C678,11:00:48,4,-1,1,AB5457,0,2,20
C678,C665,11:01:19,4,-1,1,AB5457,0,2,20
C665,C663,11:01:49,4,-1,1,AB5457,0,2,20
C655,C657,11:02:20,4,-1,-1,AB6353,0,2,40
C663,C661,11:02:30,4,-1,1,AB5457,0,2,30
C661,C659,11:03:20,4,-1,1,AB5457,0,2,40
C657,C660,11:03:44,4,-1,1,AB6353,0,2,63
C659,C656,11:04:24,4,-1,1,AB5457,0,2,50
C660,C664,11:05:05,4,-1,-1,AB6353,1,2,50
C664,C666,11:05:25,4,-1,-1,AB6353,0,2,10
C656,C654/2,11:05:25,4,-1,1,AB5457,0,2,40
C666,C677,11:05:55,4,-1,-1,AB6353,0,2,10
C677,C676,11:07:06,4,-1,-1,AB6353,1,2,50
C654/2,C653/2,11:07:16,4,-1,1,AB5457,0,2,60
C653/2,C692,11:08:17,4,-1,1,AB5457,0,2,50
C676,C680,11:08:27,4,-1,-1,AB6353,0,2,50
C680,C669/1,11:09:27,4,-1,1,AB6353,0,2,30
T336/2,T335,11:10:18,4,-1,1,AB6335,0,2,20
C692,C689/1,11:10:28,4,-1,1,AB5457,0,2,40
T335,T338,11:10:48,4,-1,1,AB6335,0,2,10
C669/1,C693,11:11:29,4,-1,1,AB6353,0,2,70
T338,T326/3,11:11:59,4,-1,-1,AB6335,0,2,60
T326/3,T332/2,11:13:00,4,-1,1,AB6335,0,2,40
C693,C681,11:13:10,4,-1,-1,AB6353,0,2,71
C681,C671,11:14:03,4,-1,-1,AB6353,0,2,42
C689/1,T360,11:14:03,4,-1,1,AB5457,0,2,154
T332/2,T325/2,11:14:34,4,-1,1,AB6335,0,2,60
T325/2,T339/2,11:15:04,4,-1,1,AB6335,0,2,20
C671,C695,11:15:34,4,-1,-1,AB6353,0,2,81
T360,T376/1,11:16:25,4,-1,1,AB5457,0,2,70
T339/2,T313,11:16:57,4,-1,1,AB6335,0,2,62
C695,C673,11:17:07,4,-1,-1,AB6353,0,2,82
C673,C672,11:17:58,4,-1,1,AB6353,0,2,40
T313,T315,11:18:08,4,-1,1,AB6335,0,2,20
T376/1,T363/1,11:18:48,4,-1,1,AB5457,0,2,91
T315,T375,11:19:49,4,-1,1,AB6335,0,2,70
T363/1,T306,11:20:50,4,-1,1,AB5457,0,2,81
T375,T380,11:21:11,4,-1,1,AB6335,0,2,40
T306,T314/2,11:21:44,4,-1,-1,AB5457,0,2,43
T380,T379,11:21:54,4,-1,1,AB6335,0,2,20
T379,T359,11:22:35,4,-1,1,AB6335,0,2,31
T359,T355/1,11:23:46,4,-1,1,AB6335,0,2,60
T318,T320,11:25:28,4,-1,-1,AB5457,1,2,141
T320,T321/2,11:27:09,4,-1,-1,AB5457,0,2,50
T321/2,T323,11:28:34,4,-1,1,AB5457,0,2,24
C670,C679,11:29:05,4,-1,1,AB6353,0,2,30
T323,T324/2,11:29:15,4,-1,1,AB5457,0,2,10
C688/1,C691,11:30:05,4,-1,1,AB6335,0,2,81
C679,C694,11:30:36,4,-1,-1,AB6353,0,2,80
T324/2,T327,11:30:46,4,-1,1,AB5457,0,2,60
C694,C669/2,11:31:26,4,-1,-1,AB6353,0,2,40
T327,T326/1,11:31:36,4,-1,1,AB5457,0,2,30
C691,C652,11:32:07,4,-1,1,AB6335,0,2,101
C669/2,C687,11:32:27,4,-1,1,AB6353,0,2,30
T326/1,T337,11:32:47,4,-1,1,AB5457,0,2,60
C652,C655,11:33:07,4,-1,1,AB6335,0,2,30
T337,T336/2,11:33:48,4,-1,1,AB5457,0,2,30
C687,C675,11:34:08,4,-1,1,AB6353,0,2,50
C655,C657,11:34:28,4,-1,1,AB6335,0,2,50
C675,C668,11:35:09,4,-1,1,AB6353,0,2,30
C657,C660,11:35:19,4,-1,1,AB6335,0,2,40
C668,C678,11:35:34,4,-1,1,AB6353,0,2,15
C660,C662,11:36:04,4,-1,1,AB6335,0,2,20
C678,C665,11:36:14,4,-1,1,AB6353,0,2,20
C662,C664,11:36:35,4,-1,1,AB6335,0,2,20
C665,C663,11:36:45,4,-1,1,AB6353,0,2,20
C664,C666,11:37:25,4,-1,1,AB6335,0,2,20
C663,C661,11:37:35,4,-1,1,AB6353,0,2,30
C666,C677,11:37:45,4,-1,1,AB6335,0,2,10
C677,C667,11:38:16,4,-1,1,AB6335,0,2,20
C661,C659,11:38:16,4,-1,1,AB6353,0,2,30
C667,C676,11:38:36,4,-1,-1,AB6335,0,2,10
C676,C680,11:39:37,4,-1,-1,AB6335,0,2,50
C659,C656,11:39:37,4,-1,1,AB6353,0,2,30
C680,C669/1,11:40:17,4,-1,1,AB6335,0,2,30
C656,C654/2,11:40:37,4,-1,1,AB6353,0,2,50
C669/1,C693,11:41:28,4,-1,1,AB6335,0,2,60
C693,C681,11:42:49,4,-1,-1,AB6335,0,2,70
C654/2,C653/2,11:42:59,4,-1,1,AB6353,0,2,121
C681,C671,11:43:50,4,-1,-1,AB6335,0,2,50
C653/2,C692,11:44:34,4,-1,1,AB6353,0,2,75
C671,C695,11:45:15,4,-1,-1,AB6335,0,2,74
C692,C689/1,11:45:55,4,-1,1,AB6353,0,2,50
T336/2,T335,11:46:26,4,-1,1,AB5996,0,2,30
T335,T338,11:47:16,4,-1,1,AB5996,0,2,10
C695,C673,11:47:16,4,-1,-1,AB6335,0,2,80
C673,C672,11:48:07,4,-1,1,AB6335,0,2,40
T338,T326/3,11:48:37,4,-1,-1,AB5996,0,2,50
C689/1,T360,11:49:19,4,-1,1,AB6353,0,2,133
T326/3,T332/2,11:49:32,4,-1,1,AB5996,0,2,34
T360,T376/1,11:51:07,4,-1,1,AB6353,0,2,73
T332/2,T325/2,11:51:27,4,-1,1,AB5996,0,2,62
C672,C670,11:51:27,4,-1,1,AB6335,0,2,115
T325/2,T339/2,11:51:59,4,-1,1,AB5996,0,2,20
C670,C679,11:52:30,4,-1,1,AB6335,0,2,31
T376/1,T363/1,11:52:41,4,-1,1,AB6353,0,2,52
T339/2,T313,11:53:33,4,-1,1,AB5996,0,2,63
C679,C694,11:54:05,4,-1,-1,AB6335,0,2,73
T313,T315,11:54:47,4,-1,1,AB5996,0,2,10
C694,C669/2,11:54:47,4,-1,-1,AB6335,0,2,31
T363/1,T306,11:55:08,4,-1,1,AB6353,0,2,115
C669/2,C687,11:55:59,4,-1,-1,AB6335,0,2,30
T306,T314/2,11:56:10,4,-1,-1,AB6353,0,2,41
T315,T375,11:56:30,4,-1,1,AB5996,0,2,82
C687,C675,11:57:23,4,-1,-1,AB6335,0,2,62
C675,C668,11:58:16,4,-1,1,AB6335,0,2,20
T375,T380,11:58:26,4,-1,1,AB5996,0,2,74
C668,C678,11:58:37,4,-1,1,AB6335,0,2,10
T319,T320,11:58:47,4,-1,-1,AB6353,0,2,52
C678,C665,11:59:09,4,-1,1,AB6335,0,2,21
T380,T379,11:59:19,4,-1,1,AB5996,0,2,21
C665,C663,11:59:40,4,-1,1,AB6335,0,2,21
T320,T321/2,11:59:40,4,-1,-1,AB6353,0,2,10
T379,T359,12:00:22,4,-1,-1,AB5996,0,2,21
C663,C661,12:00:33,4,-1,-1,AB6335,0,2,21
T321/2,T323,12:00:54,4,-1,-1,AB6353,0,2,31
C661,C659,12:01:04,4,-1,-1,AB6335,0,2,21
T359,T355/1,12:01:26,4,-1,-1,AB5996,0,2,52
T323,T324/2,12:01:46,4,-1,-1,AB6353,0,2,10
C659,C656,12:02:18,4,-1,-1,AB6335,0,2,41
T324/2,T327,12:03:14,4,-1,-1,AB6353,0,2,66
C656,C654/2,12:03:24,4,-1,-1,AB6335,0,2,45
T327,T326/1,12:03:56,4,-1,-1,AB6353,0,2,31
C654/2,C653/2,12:05:10,4,-1,1,AB6335,0,2,84
T326/1,T337,12:05:20,4,-1,1,AB6353,0,2,73
C653/2,C692,12:06:06,4,-1,1,AB6335,0,2,45
T337,T336/2,12:06:16,4,-1,1,AB6353,0,2,41
C692,C689/1,12:07:29,4,-1,1,AB6335,0,2,31
C688/1,C691,12:07:39,4,-1,1,AB5996,0,2,83
C691,C652,12:10:06,4,-1,1,AB5996,0,2,105
C689/1,T360,12:10:17,4,-1,1,AB6335,0,2,126
C652,C655,12:11:04,4,-1,1,AB5996,0,2,36
C655,C657,12:12:06,4,-1,1,AB5996,0,2,51
C657,C660,12:13:20,4,-1,1,AB5996,0,2,41
C660,C664,12:14:44,4,-1,1,AB5996,1,2,52
C664,C666,12:15:05,4,-1,1,AB5996,0,2,10
C666,C677,12:15:36,4,-1,1,AB5996,0,2,21
C677,C667,12:16:08,4,-1,1,AB5996,0,2,21
T363/1,T306,12:16:39,4,-1,1,AB6335,0,2,84
C676,C680,12:17:33,4,-1,-1,AB5996,0,2,63
T306,T318,12:17:33,4,-1,-1,AB6335,1,2,32
T318,T319,12:18:46,4,-1,-1,AB6335,0,2,63
C680,C669/1,12:18:57,4,-1,1,AB5996,0,2,52
T319,T320,12:19:41,4,-1,-1,AB6335,0,2,43
T336/2,T335,12:20:22,4,-1,1,AB6353,0,2,10
C669/1,C693,12:20:44,4,-1,1,AB5996,0,2,85
T320,T321/2,12:20:44,4,-1,-1,AB6335,0,2,21
T335,T338,12:21:05,4,-1,1,AB6353,0,2,10
C693,C681,12:22:07,4,-1,-1,AB5996,0,2,72
T338,T326/3,12:22:38,4,-1,-1,AB6353,0,2,62
T321/2,T323,12:22:49,4,-1,1,AB6335,0,2,93
C681,C671,12:23:10,4,-1,-1,AB5996,0,2,52
T323,T324/2,12:23:34,4,-1,1,AB6335,0,2,13
T326/3,T332/2,12:24:17,4,-1,1,AB6353,0,2,76
C671,C695,12:24:38,4,-1,-1,AB5996,0,2,77
T324/2,T327,12:25:09,4,-1,1,AB6335,0,2,73
T327,T326/1,12:25:56,4,-1,1,AB6335,0,2,21
T332/2,T325/2,12:26:17,4,-1,1,AB6353,0,2,98
C695,C673,12:26:48,4,-1,-1,AB5996,0,2,88
T326/1,T337,12:26:59,4,-1,1,AB6335,0,2,52
T325/2,T339/2,12:27:20,4,-1,1,AB6353,0,2,42
C673,C672,12:27:34,4,-1,1,AB5996,0,2,34
T337,T336/2,12:27:34,4,-1,1,AB6335,0,2,13
T339/2,T313,12:29:08,4,-1,1,AB6353,0,2,73
T313,T315,12:30:01,4,-1,1,AB6353,0,2,21
C672,C670,12:30:34,4,-1,1,AB5996,0,2,128
C670,C679,12:31:27,4,-1,1,AB5996,0,2,42
T315,T375,12:31:37,4,-1,1,AB6353,0,2,75
T375,T380,12:32:53,4,-1,1,AB6353,0,2,33
C679,C694,12:33:25,4,-1,-1,AB5996,0,2,75
T380,T379,12:33:56,4,-1,1,AB6353,0,2,10
C694,C669/2,12:34:17,4,-1,-1,AB5996,0,2,31
C669/2,C687,12:35:09,4,-1,1,AB5996,0,2,20
T379,T359,12:35:20,4,-1,1,AB6353,0,2,52
T359,T355/1,12:36:25,4,-1,1,AB6353,0,2,52
C687,C675,12:36:56,4,-1,1,AB5996,0,2,62
C675,C678,12:37:49,4,-1,1,AB5996,1,2,42
C678,C663,12:38:44,4,-1,1,AB5996,1,2,44
C663,C661,12:39:26,4,-1,1,AB5996,0,2,31
C661,C659,12:40:08,4,-1,1,AB5996,0,2,31
C659,C656,12:42:25,4,-1,1,AB5996,0,2,42
C688/1,C691,12:42:35,4,-1,1,AB6353,0,2,94
C656,C654/2,12:43:38,4,-1,1,AB5996,0,2,52
C691,C652,12:43:48,4,-1,1,AB6353,0,2,41
C652,C655,12:45:06,4,-1,1,AB6353,0,2,31
C654/2,C653/2,12:45:59,4,-1,1,AB5996,0,2,83
C655,C657,12:46:34,4,-1,1,AB6353,0,2,56
C657,C660,12:47:37,4,-1,1,AB6353,0,2,41
C653/2,C692,12:47:48,4,-1,1,AB5996,0,2,98
C660,C662,12:48:42,4,-1,1,AB6353,0,2,22
C662,C664,12:49:14,4,-1,1,AB6353,0,2,20
C664,C666,12:49:56,4,-1,1,AB6353,0,2,21
C692,C689/1,12:50:06,4,-1,1,AB5996,0,2,84
C666,C677,12:50:17,4,-1,1,AB6353,0,2,10
C677,C667,12:50:59,4,-1,-1,AB6353,0,2,20
C667,C676,12:51:44,4,-1,-1,AB6353,0,2,10
C676,C680,12:53:18,4,-1,-1,AB6353,0,2,62
C689/1,T360,12:53:49,4,-1,1,AB5996,0,2,179
C680,C669/1,12:54:10,4,-1,-1,AB6353,0,2,21
T360,T376/1,12:55:35,4,-1,1,AB5996,0,2,74
C669/1,C693,12:55:45,4,-1,-1,AB6353,0,2,63
C693,C681,12:57:20,4,-1,-1,AB6353,0,2,84
T336/2,T335,12:57:32,4,-1,1,AB6335,0,2,32
T376/1,T363/1,12:57:42,4,-1,1,AB5996,0,2,116
C681,C671,12:58:24,4,-1,-1,AB6353,0,2,52
T335,T338,12:58:45,4,-1,1,AB6335,0,2,10
T363/1,T306,12:59:48,4,-1,1,AB5996,0,2,62
T338,T326/3,12:59:58,4,-1,-1,AB6335,0,2,52
C671,C695,13:00:36,4,-1,-1,AB6353,0,2,100
T326/3,T332/2,13:00:46,4,-1,1,AB6335,0,2,10
T306,T314/2,13:01:28,4,-1,-1,AB5996,0,2,68
C695,C673,13:02:21,4,-1,-1,AB6353,0,2,94
T332/2,T325/2,13:02:33,4,-1,1,AB6335,0,2,53
T314/2,T318,13:03:26,4,-1,-1,AB5996,0,2,21
T325/2,T339/2,13:03:47,4,-1,1,AB6335,0,2,42
T339/2,T313,13:05:53,4,-1,1,AB6335,0,2,73
T319,T320,13:06:25,4,-1,-1,AB5996,0,2,63
T313,T315,13:06:45,4,-1,1,AB6335,0,2,10
T320,T321/2,13:08:20,4,-1,-1,AB5996,0,2,10
T315,T375,13:08:33,4,-1,1,AB6335,0,2,65
C672,C670,13:08:54,4,-1,1,AB6353,0,2,138
T375,T380,13:09:46,4,-1,1,AB6335,0,2,31
C670,C679,13:09:57,4,-1,1,AB6353,0,2,31
T321/2,T323,13:09:57,4,-1,1,AB5996,0,2,20
T380,T379,13:10:18,4,-1,1,AB6335,0,2,10
T323,T324/2,13:10:49,4,-1,1,AB5996,0,2,10
C679,C694,13:11:32,4,-1,-1,AB6353,0,2,74
T324/2,T327,13:12:24,4,-1,1,AB5996,0,2,73
T379,T355/1,13:12:45,4,-1,1,AB6335,1,2,136
C694,C669/2,13:12:45,4,-1,-1,AB6353,0,2,31
C669/2,C675,13:15:00,4,-1,1,AB6353,1,2,104
T327,T337,13:15:00,4,-1,1,AB5996,1,2,93
C675,C668,13:15:34,4,-1,1,AB6353,0,2,12
T337,T336/2,13:15:44,4,-1,1,AB5996,0,2,33
C668,C678,13:16:05,4,-1,1,AB6353,0,2,21
C678,C665,13:16:36,4,-1,1,AB6353,0,2,20
C665,C663,13:16:57,4,-1,1,AB6353,0,2,10
C663,C661,13:17:39,4,-1,1,AB6353,0,2,31
C688/1,C691,13:18:10,4,-1,1,AB6335,0,2,31
C661,C659,13:18:20,4,-1,1,AB6353,0,2,31
C659,C656,13:20:18,4,-1,1,AB6353,0,2,41
C691,C652,13:20:49,4,-1,1,AB6335,0,2,93
C656,C654/2,13:21:45,4,-1,1,AB6353,0,2,56
C652,C655,13:22:17,4,-1,1,AB6335,0,2,41
C655,C657,13:24:00,4,-1,1,AB6335,0,2,41
C654/2,C653/2,13:24:00,4,-1,1,AB6353,0,2,114
C657,C660,13:24:44,4,-1,-1,AB6335,0,2,33
C660,C662,13:25:16,4,-1,1,AB6335,0,2,20
C662,C664,13:25:47,4,-1,1,AB6335,0,2,21
C653/2,C692,13:25:58,4,-1,1,AB6353,0,2,62
C664,C666,13:26:08,4,-1,1,AB6335,0,2,10
C666,C680,13:28:28,4,-1,-1,AB6335,3,2,129
C692,C689/1,13:28:49,4,-1,1,AB6353,0,2,129
C680,C669/1,13:29:00,4,-1,1,AB6335,0,2,21
C669/1,C693,13:30:10,4,-1,-1,AB6335,0,2,59
T336/2,T335,13:31:02,4,-1,1,AB5996,0,2,31
T335,T338,13:31:23,4,-1,1,AB5996,0,2,10
C689/1,T360,13:32:15,4,-1,1,AB6353,0,2,160
C693,C671,13:32:36,4,-1,-1,AB6335,1,2,126
T338,T326/3,13:32:57,4,-1,-1,AB5996,0,2,62
T360,T376/1,13:32:57,4,-1,1,AB6353,0,2,31
T326/3,T332/2,13:34:00,4,-1,1,AB5996,0,2,52
C671,C695,13:34:00,4,-1,-1,AB6335,0,2,72
T376/1,T363/1,13:35:03,4,-1,1,AB6353,0,2,114
T332/2,T325/2,13:35:45,4,-1,1,AB5996,0,2,63
T325/2,T339/2,13:36:27,4,-1,1,AB5996,0,2,20
C695,C672,13:36:48,4,-1,1,AB6335,1,2,136
T363/1,T306,13:36:48,4,-1,1,AB6353,0,2,52
T306,T318,13:38:05,4,-1,-1,AB6353,1,2,45
T339/2,T313,13:38:37,4,-1,1,AB5996,0,2,52
C672,C670,13:38:47,4,-1,1,AB6335,0,2,97
T318,T319,13:39:39,4,-1,-1,AB6353,0,2,73
C670,C679,13:40:00,4,-1,1,AB6335,0,2,30
T313,T315,13:40:21,4,-1,1,AB5996,0,2,51
T319,T320,13:40:55,4,-1,-1,AB6353,0,2,55
C679,C694,13:41:27,4,-1,-1,AB6335,0,2,65
C694,C669/2,13:42:08,4,-1,-1,AB6335,0,2,20
T315,T375,13:42:50,4,-1,1,AB5996,0,2,135
C669/2,C687,13:43:11,4,-1,1,AB6335,0,2,31
C687,C675,13:44:38,4,-1,1,AB6335,0,2,52
T375,T380,13:45:09,4,-1,1,AB5996,0,2,93
C675,C678,13:45:40,4,-1,1,AB6335,1,2,41
T380,T379,13:45:50,4,-1,1,AB5996,0,2,20
C678,C665,13:46:25,4,-1,1,AB6335,0,2,34
T321/2,T323,13:46:35,4,-1,1,AB6353,0,2,45
C663,C661,13:47:07,4,-1,1,AB6335,0,2,31
T323,T324/2,13:47:27,4,-1,1,AB6353,0,2,10
T379,T355/1,13:47:38,4,-1,1,AB5996,1,2,72
C661,C659,13:47:48,4,-1,1,AB6335,0,2,31
T324/2,T327,13:49:25,4,-1,1,AB6353,0,2,75
C659,C656,13:49:35,4,-1,1,AB6335,0,2,52
C656,C654/2,13:50:37,4,-1,1,AB6335,0,2,41
T327,T337,13:52:01,4,-1,1,AB6353,1,2,104
C654/2,C653/2,13:52:11,4,-1,1,AB6335,0,2,72
T337,T336/2,13:52:53,4,-1,1,AB6353,0,2,31
C653/2,C692,13:53:35,4,-1,1,AB6335,0,2,63
C688/1,C691,13:54:17,4,-1,1,AB5996,0,2,73
C692,C689/1,13:55:42,4,-1,1,AB6335,0,2,10
C691,C652,13:55:52,4,-1,1,AB5996,0,2,64
C652,C655,13:57:17,4,-1,1,AB5996,0,2,41
C655,C657,13:58:43,4,-1,1,AB5996,0,2,54
C689/1,T360,13:59:35,4,-1,1,AB6335,0,2,169
C657,C660,13:59:46,4,-1,1,AB5996,0,2,52
C660,C664,14:00:59,4,-1,-1,AB5996,1,2,62
C664,C666,14:01:30,4,-1,-1,AB5996,0,2,10
T360,T376/1,14:01:30,4,-1,1,AB6335,0,2,83
C666,C677,14:01:51,4,-1,-1,AB5996,0,2,10
C677,C667,14:02:22,4,-1,-1,AB5996,0,2,21
C667,C676,14:02:43,4,-1,-1,AB5996,0,2,10
T336/2,T335,14:03:26,4,-1,1,AB6353,0,2,42
T376/1,T363/1,14:03:26,4,-1,3,AB6335,0,2,105
C676,C680,14:03:57,4,-1,-1,AB5996,0,2,63
C680,C669/1,14:04:53,4,-1,1,AB5996,0,2,10
T363/1,T306,14:05:34,4,-1,2,AB6335,0,2,87
T338,T326/3,14:05:45,4,-1,-1,AB6353,0,2,62
C669/1,C693,14:06:16,4,-1,1,AB5996,0,2,62
T306,T314/2,14:06:47,4,-1,-1,AB6335,0,2,31
C693,C681,14:07:41,4,-1,-1,AB5996,0,2,74
T314/2,T318,14:08:02,4,-1,-1,AB6335,0,2,10
T326/3,T325/2,14:08:34,4,-1,1,AB6353,1,2,147
C681,C671,14:08:34,4,-1,-1,AB5996,0,2,41
T318,T319,14:08:44,4,-1,-1,AB6335,0,2,10
C671,C695,14:10:08,4,-1,-1,AB5996,0,2,84
T319,T320,14:10:29,4,-1,-1,AB6335,0,2,73
T325/2,T339/2,14:10:50,4,-1,1,AB6353,0,2,41
C695,C673,14:11:45,4,-1,-1,AB5996,0,2,86
T320,T321/2,14:12:27,4,-1,-1,AB6335,0,2,31
T339/2,T313,14:12:37,4,-1,1,AB6353,0,2,76
C673,C672,14:12:37,4,-1,1,AB5996,0,2,31
T313,T315,14:13:42,4,-1,1,AB6353,0,2,22
T321/2,T323,14:13:53,4,-1,1,AB6335,0,2,20
T323,T324/2,14:14:45,4,-1,1,AB6335,0,2,10
C672,C670,14:15:58,4,-1,1,AB5996,0,2,136
T324/2,T327,14:16:43,4,-1,1,AB6335,0,2,86
C670,C679,14:17:04,4,-1,1,AB5996,0,2,20
T327,T326/1,14:17:36,4,-1,1,AB6335,0,2,20
C679,C694,14:18:48,4,-1,-1,AB5996,0,2,83
T326/1,T337,14:18:48,4,-1,1,AB6335,0,2,62
T375,T380,14:19:25,4,-1,1,AB6353,0,2,36
T337,T336/2,14:19:25,4,-1,1,AB6335,0,2,10
T380,T379,14:19:56,4,-1,1,AB6353,0,2,21
C694,C669/2,14:20:28,4,-1,-1,AB5996,0,2,62
T379,T359,14:21:00,4,-1,1,AB6353,0,2,31
C669/2,C687,14:21:21,4,-1,1,AB5996,0,2,20
T359,T355/1,14:22:05,4,-1,1,AB6353,0,2,54
C687,C675,14:23:28,4,-1,1,AB5996,0,2,52
C675,C668,14:24:00,4,-1,1,AB5996,0,2,21
C668,C678,14:24:21,4,-1,1,AB5996,0,2,10
C678,C665,14:24:54,4,-1,1,AB5996,0,2,20
C665,C659,14:26:44,4,-1,1,AB5996,2,2,99
C659,C656,14:28:09,4,-1,1,AB5996,0,2,11
C656,C654/2,14:29:00,4,-1,1,AB5996,0,2,40
C688/1,C691,14:30:38,4,-1,1,AB6353,0,2,73
C654/2,C653/2,14:31:19,4,-1,1,AB5996,0,2,71
C653/2,C692,14:32:45,4,-1,1,AB5996,0,2,65
C691,C652,14:33:27,4,-1,1,AB6353,0,2,127
C692,C689/1,14:34:30,4,-1,1,AB5996,0,2,52
C652,C655,14:34:40,4,-1,1,AB6353,0,2,41
C655,C657,14:35:34,4,-1,1,AB6353,0,2,44
C657,C660,14:36:37,4,-1,1,AB6353,0,2,31
C660,C662,14:37:55,4,-1,1,AB6353,0,2,56
C689/1,T360,14:37:55,4,-1,1,AB5996,0,2,152
T336/2,T335,14:38:16,4,-1,1,AB6335,0,2,21
C662,C664,14:38:37,4,-1,1,AB6353,0,2,31
T360,T376/1,14:38:48,4,-1,1,AB5996,0,2,21
C664,C677,14:39:19,4,-1,1,AB6353,1,2,31
C677,C667,14:39:50,4,-1,1,AB6353,0,2,20
T338,T326/3,14:40:11,4,-1,-1,AB6335,0,2,62
C667,C676,14:40:22,4,-1,-1,AB6353,0,2,20
T376/1,T363/1,14:40:44,4,-1,2,AB5996,0,2,106
C676,C680,14:41:15,4,-1,-1,AB6353,0,2,41
T326/3,T332/2,14:41:36,4,-1,1,AB6335,0,2,61
T332/2,T325/2,14:42:28,4,-1,1,AB6335,0,2,41
C680,C669/1,14:42:28,4,-1,-1,AB6353,0,2,52
T325/2,T339/2,14:43:10,4,-1,1,AB6335,0,2,20
T363/1,T306,14:43:10,4,-1,2,AB5996,0,2,94
T306,T314/2,14:44:12,4,-1,-1,AB5996,0,2,41
C669/1,C681,14:45:53,4,-1,-1,AB6353,1,2,163
T339/2,T315,14:46:24,4,-1,2,AB6335,1,2,142
T318,T319,14:46:34,4,-1,-1,AB5996,0,2,10
C681,C671,14:46:55,4,-1,-1,AB6353,0,2,51
T319,T320,14:47:57,4,-1,-1,AB5996,0,2,62
T315,T375,14:48:18,4,-1,1,AB6335,0,2,72
C671,C695,14:48:39,4,-1,-1,AB6353,0,2,72
T320,T321/2,14:49:31,4,-1,-1,AB5996,0,2,10
T375,T380,14:50:12,4,-1,1,AB6335,0,2,93
T321/2,T323,14:50:54,4,-1,1,AB5996,0,2,41
T380,T379,14:51:05,4,-1,1,AB6335,0,2,20
T323,T324/2,14:51:36,4,-1,1,AB5996,0,2,10
T379,T359,14:51:57,4,-1,1,AB6335,0,2,20
C695,C672,14:52:07,4,-1,1,AB6353,1,2,166
T359,T355/1,14:52:59,4,-1,1,AB6335,0,2,52
T324/2,T326/1,14:54:06,4,-1,1,AB5996,1,2,107
C672,C670,14:54:47,4,-1,1,AB6353,0,2,128
T326/1,T337,14:55:18,4,-1,1,AB5996,0,2,61
C670,C679,14:55:28,4,-1,1,AB6353,0,2,20
T337,T336/2,14:56:10,4,-1,1,AB5996,0,2,31
C679,C694,14:57:07,4,-1,-1,AB6353,0,2,77
C688/1,C691,14:57:59,4,-1,1,AB6335,0,2,20
C694,C669/2,14:57:59,4,-1,-1,AB6353,0,2,31
C691,C652,14:59:13,4,-1,1,AB6335,0,2,41
C669/2,C687,14:59:38,4,-1,1,AB6353,0,2,35
C652,C655,15:00:34,4,-1,1,AB6335,0,2,34
C687,C675,15:01:16,4,-1,1,AB6353,0,2,56
C655,C657,15:01:48,4,-1,1,AB6335,0,2,41
C675,C668,15:02:09,4,-1,1,AB6353,0,2,21
C668,C665,15:03:06,4,-1,1,AB6353,1,2,46
C657,C660,15:03:16,4,-1,1,AB6335,0,2,67
C660,C662,15:04:08,4,-1,1,AB6335,0,2,30
C665,C661,15:04:29,4,-1,1,AB6353,1,2,73
C662,C664,15:04:50,4,-1,1,AB6335,0,2,31
C664,C666,15:05:11,4,-1,1,AB6335,0,2,10
C661,C659,15:05:11,4,-1,1,AB6353,0,2,31
C666,C677,15:05:35,4,-1,1,AB6335,0,2,13
C677,C667,15:06:26,4,-1,3,AB6335,0,2,20
C659,C656,15:07:18,4,-1,1,AB6353,0,2,41
C667,C680,15:07:49,4,-1,-1,AB6335,1,2,72
C656,C654/2,15:08:41,4,-1,1,AB6353,0,2,52
C680,C669/1,15:08:52,4,-1,1,AB6335,0,2,52
C654/2,C653/2,15:11:16,4,-1,1,AB6353,0,2,102
C669/1,C681,15:11:26,4,-1,-1,AB6335,1,2,133
C681,C671,15:12:27,4,-1,-1,AB6335,0,2,50
T336/2,T335,15:12:37,4,-1,1,AB5996,0,2,20
C653/2,C692,15:12:57,4,-1,1,AB6353,0,2,90
T335,T338,15:13:17,4,-1,1,AB5996,0,2,10
C671,C695,15:13:48,4,-1,-1,AB6335,0,2,70
C692,C689/1,15:13:58,4,-1,1,AB6353,0,2,20
T338,T326/3,15:14:38,4,-1,-1,AB5996,0,2,60
C695,C673,15:15:29,4,-1,-1,AB6335,0,2,80
T326/3,T332/2,15:15:39,4,-1,1,AB5996,0,2,40
C673,C672,15:16:09,4,-1,1,AB6335,0,2,30
T332/2,T325/2,15:17:20,4,-1,1,AB5996,0,2,60
T325/2,T339/2,15:18:14,4,-1,1,AB5996,0,2,30
C672,C670,15:18:14,4,-1,1,AB6335,0,2,104
C670,C679,15:19:06,4,-1,1,AB6335,0,2,41
T360,T376/1,15:19:06,4,-1,1,AB6353,0,2,21
T339/2,T313,15:20:16,4,-1,2,AB5996,0,2,70
C679,C694,15:20:57,4,-1,-1,AB6335,0,2,91
T376/1,T363/1,15:21:27,4,-1,2,AB6353,0,2,121
C694,C669/2,15:21:37,4,-1,-1,AB6335,0,2,20
C669/2,C687,15:22:38,4,-1,-1,AB6335,0,2,30
T313,T375,15:23:39,4,-1,1,AB5996,1,2,162
T363/1,T306,15:23:49,4,-1,1,AB6353,0,2,71
C687,C675,15:24:30,4,-1,1,AB6335,0,2,70
C675,C678,15:25:10,4,-1,1,AB6335,1,2,30
T306,T314/2,15:25:20,4,-1,-1,AB6353,0,2,30
C678,C665,15:25:51,4,-1,1,AB6335,0,2,20
T375,T380,15:26:01,4,-1,1,AB5996,0,2,71
T380,T379,15:26:44,4,-1,1,AB5996,0,2,10
C665,C661,15:26:54,4,-1,1,AB6335,1,2,53
T314/2,T318,15:27:15,4,-1,-1,AB6353,0,2,10
T379,T359,15:27:25,4,-1,1,AB5996,0,2,20
C661,C659,15:27:25,4,-1,1,AB6335,0,2,20
T318,T319,15:28:16,4,-1,-1,AB6353,0,2,10
T359,T355/1,15:28:36,4,-1,1,AB5996,0,2,60
C659,C656,15:28:46,4,-1,1,AB6335,0,2,40
T319,T320,15:29:36,4,-1,-1,AB6353,0,2,40
C656,C654/2,15:30:27,4,-1,1,AB6335,0,2,50
T320,T321/2,15:30:57,4,-1,-1,AB6353,0,2,20
C654/2,C653/2,15:31:38,4,-1,1,AB6335,0,2,40
T321/2,T323,15:32:18,4,-1,1,AB6353,0,2,30
T323,T324/2,15:33:19,4,-1,1,AB6353,0,2,10
C653/2,C692,15:34:20,4,-1,2,AB6335,0,2,142
C688/1,C691,15:35:34,4,-1,1,AB5996,0,2,61
T324/2,T327,15:35:34,4,-1,1,AB6353,0,2,74
C692,C689/1,15:35:44,4,-1,1,AB6335,0,2,41
T327,T326/1,15:36:25,4,-1,1,AB6353,0,2,30
T326/1,T337,15:38:06,4,-1,1,AB6353,0,2,60
C691,C652,15:38:16,4,-1,1,AB5996,0,2,121
T337,T336/2,15:39:07,4,-1,1,AB6353,0,2,40
C689/1,T360,15:39:17,4,-1,1,AB6335,0,2,171
C652,C655,15:39:27,4,-1,1,AB5996,0,2,30
C655,C657,15:40:38,4,-1,1,AB5996,0,2,30
T360,T376/1,15:41:18,4,-1,1,AB6335,0,2,101
C657,C660,15:41:28,4,-1,1,AB5996,0,2,40
C660,C662,15:42:29,4,-1,1,AB5996,0,2,20
C662,C664,15:43:09,4,-1,1,AB5996,0,2,30
C664,C666,15:43:50,4,-1,1,AB5996,0,2,10
C666,C667,15:44:45,4,-1,1,AB5996,1,2,44
C667,C676,15:45:05,4,-1,-1,AB5996,0,2,10
C676,C680,15:46:05,4,-1,-1,AB5996,0,2,50
T363/1,T306,15:46:26,4,-1,2,AB6335,0,2,101
C680,C669/1,15:47:26,4,-1,1,AB5996,0,2,40
T306,T314/2,15:47:36,4,-1,-1,AB6335,0,2,40
T336/2,T335,15:47:57,4,-1,1,AB6353,0,2,20
T314/2,T318,15:48:47,4,-1,-1,AB6335,0,2,10
C669/1,C681,15:49:58,4,-1,-1,AB5996,1,2,121
T338,T326/3,15:50:28,4,-1,-1,AB6353,0,2,90
C681,C671,15:51:19,4,-1,-1,AB5996,0,2,50
T326/3,T332/2,15:51:29,4,-1,1,AB6353,0,2,40
T319,T320,15:51:39,4,-1,-1,AB6335,0,2,131
T332/2,T325/2,15:52:50,4,-1,1,AB6353,0,2,70
C671,C695,15:53:10,4,-1,-1,AB5996,0,2,80
T320,T321/2,15:53:52,4,-1,-1,AB6335,0,2,62
T325/2,T339/2,15:54:23,4,-1,1,AB6353,0,2,50
C695,C673,15:55:03,4,-1,-1,AB5996,0,2,80
T321/2,T323,15:55:44,4,-1,1,AB6335,0,2,31
C673,C672,15:56:15,4,-1,1,AB5996,0,2,61
T323,T324/2,15:56:25,4,-1,1,AB6335,0,2,10
T339/2,T313,15:56:35,4,-1,2,AB6353,0,2,60
T313,T315,15:57:56,4,-1,2,AB6353,0,2,40
T324/2,T327,15:58:06,4,-1,1,AB6335,0,2,60
T327,T326/1,15:58:56,4,-1,1,AB6335,0,2,20
C672,C670,15:59:06,4,-1,1,AB5996,0,2,131
C670,C679,15:59:37,4,-1,1,AB5996,0,2,20
T315,T375,16:00:17,4,-1,-1,AB6353,0,2,80
C679,C694,16:01:08,4,-1,-1,AB5996,0,2,70
T375,T380,16:01:38,4,-1,-1,AB6353,0,2,30
T326/1,T336/2,16:01:38,4,-1,-1,AB6335,1,2,141
C694,C669/2,16:01:48,4,-1,-1,AB5996,0,2,30
T380,T379,16:02:18,4,-1,-1,AB6353,0,2,20
C669/2,C687,16:03:29,4,-1,-1,AB5996,0,2,30
T379,T359,16:04:20,4,-1,-1,AB6353,0,2,30
C687,C675,16:05:05,4,-1,2,AB5996,0,2,55
T359,T355/1,16:05:35,4,-1,1,AB6353,0,2,60
C675,C668,16:05:45,4,-1,1,AB5996,0,2,20
C668,C665,16:06:56,4,-1,1,AB5996,1,2,50
C665,C663,16:07:26,4,-1,1,AB5996,0,2,20
C663,C661,16:08:37,4,-1,1,AB5996,0,2,30
C661,C659,16:09:38,4,-1,1,AB5996,0,2,30
C659,C656,16:11:20,4,-1,1,AB5996,0,2,61
C688/1,C691,16:11:53,4,-1,1,AB6353,0,2,74
C656,C654/2,16:13:04,4,-1,1,AB5996,0,2,50
C691,C652,16:13:55,4,-1,1,AB6353,0,2,70
C654/2,C653/2,16:14:59,4,-1,1,AB5996,0,2,64
C652,C655,16:15:09,4,-1,1,AB6353,0,2,30
C653/2,C692,16:16:00,4,-1,1,AB5996,0,2,40
C655,C657,16:16:35,4,-1,1,AB6353,0,2,54
C657,C660,16:17:46,4,-1,1,AB6353,0,2,40
C692,C689/1,16:18:06,4,-1,1,AB5996,0,2,80
C660,C662,16:18:46,4,-1,1,AB6353,0,2,20
C662,C664,16:19:27,4,-1,1,AB6353,0,2,30
C664,C666,16:20:07,4,-1,1,AB6353,0,2,20
C666,C677,16:20:27,4,-1,1,AB6353,0,2,10
C689/1,T360,16:20:37,4,-1,1,AB5996,0,2,111
C677,C667,16:20:47,4,-1,1,AB6353,0,2,10
C667,C676,16:21:38,4,-1,-1,AB6353,0,2,20
T360,T376/1,16:21:48,4,-1,1,AB5996,0,2,30
T336/2,T335,16:22:18,4,-1,1,AB6335,0,2,30
T335,T338,16:22:39,4,-1,1,AB6335,0,2,10
C676,C680,16:22:39,4,-1,-1,AB6353,0,2,50
T376/1,T363/1,16:23:19,4,-1,1,AB5996,0,2,50
C680,C669/1,16:23:39,4,-1,1,AB6353,0,2,30
T338,T326/3,16:24:42,4,-1,-1,AB6335,0,2,62
T363/1,T306,16:25:12,4,-1,1,AB5996,0,2,92
C669/1,C693,16:25:22,4,-1,1,AB6353,0,2,62
T326/3,T332/2,16:26:03,4,-1,1,AB6335,0,2,61
C693,C681,16:26:44,4,-1,-1,AB6353,0,2,70
T306,T314/2,16:26:54,4,-1,-1,AB5996,0,2,70
C681,C671,16:27:45,4,-1,-1,AB6353,0,2,50
T332/2,T325/2,16:28:34,4,-1,1,AB6335,0,2,69
T325/2,T339/2,16:29:25,4,-1,1,AB6335,0,2,20
T314/2,T318,16:29:25,4,-1,-1,AB5996,0,2,10
C671,C695,16:29:45,4,-1,-1,AB6353,0,2,70
T318,T319,16:30:15,4,-1,-1,AB5996,0,2,10
T319,T320,16:31:06,4,-1,-1,AB5996,0,2,40
C695,C673,16:31:26,4,-1,-1,AB6353,0,2,90
T339/2,T313,16:31:36,4,-1,1,AB6335,0,2,90
T320,T321/2,16:32:16,4,-1,-1,AB5996,0,2,20
C673,C672,16:32:37,4,-1,1,AB6353,0,2,60
T313,T315,16:33:07,4,-1,1,AB6335,0,2,10
T321/2,T323,16:33:07,4,-1,1,AB5996,0,2,30
T323,T324/2,16:33:47,4,-1,1,AB5996,0,2,10
T315,T375,16:35:12,4,-1,1,AB6335,0,2,115
T324/2,T327,16:35:12,4,-1,1,AB5996,0,2,74
C672,C670,16:35:55,4,-1,1,AB6353,0,2,127
T327,T326/1,16:35:55,4,-1,1,AB5996,0,2,20
T375,T380,16:36:45,4,-1,1,AB6335,0,2,30
C670,C679,16:36:45,4,-1,1,AB6353,0,2,40
T380,T379,16:37:16,4,-1,1,AB6335,0,2,20
T326/1,T337,16:37:16,4,-1,1,AB5996,0,2,50
T337,T336/2,16:38:06,4,-1,1,AB5996,0,2,40
T379,T359,16:38:16,4,-1,1,AB6335,0,2,20
C679,C694,16:38:16,4,-1,-1,AB6353,0,2,80
C694,C669/2,16:39:17,4,-1,-1,AB6353,0,2,30
T359,T355/1,16:39:37,4,-1,1,AB6335,0,2,70
C669/2,C687,16:40:48,4,-1,1,AB6353,0,2,50
C687,C675,16:42:09,4,-1,1,AB6353,0,2,50
C675,C665,16:44:14,4,-1,1,AB6353,2,2,85
C665,C663,16:44:35,4,-1,1,AB6353,0,2,10
C663,C661,16:45:15,4,-1,1,AB6353,0,2,30
C661,C659,16:45:56,4,-1,1,AB6353,0,2,30
C688/1,C691,16:46:36,4,-1,1,AB6335,0,2,80
C659,C656,16:47:06,4,-1,1,AB6353,0,2,40
C656,C654/2,16:47:57,4,-1,1,AB6353,0,2,40
C691,C652,16:48:27,4,-1,1,AB6335,0,2,70
C654/2,C653/2,16:49:28,4,-1,1,AB6353,0,2,60
C652,C655,16:49:38,4,-1,1,AB6335,0,2,10
C655,C657,16:50:59,4,-1,1,AB6335,0,2,40
C653/2,C692,16:51:29,4,-1,1,AB6353,0,2,91
C657,C660,16:52:10,4,-1,1,AB6335,0,2,40
C692,C689/1,16:52:43,4,-1,1,AB6353,0,2,10
C660,C662,16:52:53,4,-1,1,AB6335,0,2,20
C662,C664,16:53:34,4,-1,1,AB6335,0,2,30
C664,C666,16:53:54,4,-1,1,AB6335,0,2,10
C666,C677,16:54:15,4,-1,1,AB6335,0,2,10
C677,C667,16:54:45,4,-1,1,AB6335,0,2,20
C667,C676,16:55:15,4,-1,-1,AB6335,0,2,20
C676,C680,16:56:17,4,-1,-1,AB6335,0,2,51
C689/1,T360,16:56:17,4,-1,1,AB6353,0,2,142
C680,C669/1,16:57:08,4,-1,1,AB6335,0,2,20
T336/2,T335,16:58:29,4,-1,1,AB5996,0,2,30
T360,T376/1,16:59:09,4,-1,1,AB6353,0,2,141
C669/1,C693,16:59:19,4,-1,1,AB6335,0,2,70
T335,T338,16:59:29,4,-1,1,AB5996,0,2,10
C693,C681,17:00:42,4,-1,-1,AB6335,0,2,72
T376/1,T363/1,17:00:42,4,-1,1,AB6353,0,2,82
T338,T326/3,17:01:12,4,-1,-1,AB5996,0,2,62
T363/1,T306,17:02:34,4,-1,1,AB6353,0,2,71
T326/3,T332/2,17:02:44,4,-1,1,AB5996,0,2,51
C681,C695,17:03:24,4,-1,-1,AB6335,1,2,132
T306,T314/2,17:03:45,4,-1,-1,AB6353,0,2,40
T332/2,T325/2,17:04:45,4,-1,1,AB5996,0,2,70
C695,C673,17:05:06,4,-1,-1,AB6335,0,2,70
T325/2,T339/2,17:05:46,4,-1,1,AB5996,0,2,30
C673,C672,17:06:06,4,-1,1,AB6335,0,2,50
T314/2,T318,17:06:36,4,-1,-1,AB6353,0,2,20
T339/2,T313,17:07:27,4,-1,1,AB5996,0,2,70
T318,T319,17:07:27,4,-1,-1,AB6353,0,2,10
T313,T315,17:08:38,4,-1,1,AB5996,0,2,20
C672,C670,17:08:48,4,-1,1,AB6335,0,2,121
T319,T320,17:08:58,4,-1,-1,AB6353,0,2,80
C670,C679,17:09:28,4,-1,1,AB6335,0,2,30
T315,T375,17:09:59,4,-1,1,AB5996,0,2,60
T320,T321/2,17:10:09,4,-1,-1,AB6353,0,2,20
C679,C694,17:11:10,4,-1,-1,AB6335,0,2,81
T321/2,T323,17:11:10,4,-1,1,AB6353,0,2,20
T375,T380,17:11:44,4,-1,1,AB5996,0,2,54
C694,C669/2,17:11:44,4,-1,-1,AB6335,0,2,24
T323,T324/2,17:12:14,4,-1,1,AB6353,0,2,30
T380,T379,17:12:45,4,-1,1,AB5996,0,2,10
C669/2,C687,17:13:05,4,-1,1,AB6335,0,2,20
T379,T359,17:13:15,4,-1,1,AB5996,0,2,20
T324/2,T327,17:14:17,4,-1,1,AB6353,0,2,71
T359,T355/1,17:14:27,4,-1,1,AB5996,0,2,61
C687,C675,17:14:37,4,-1,1,AB6335,0,2,60
C675,C668,17:15:07,4,-1,1,AB6335,0,2,10
T327,T326/1,17:15:07,4,-1,1,AB6353,0,2,20
C668,C678,17:15:27,4,-1,1,AB6335,0,2,10
C678,C665,17:15:58,4,-1,1,AB6335,0,2,20
C665,C663,17:16:28,4,-1,1,AB6335,0,2,10
T326/1,T337,17:16:38,4,-1,1,AB6353,0,2,50
T337,T336/2,17:17:39,4,-1,1,AB6353,0,2,40
C663,C661,17:18:09,4,-1,1,AB6335,0,2,30
C661,C659,17:18:39,4,-1,1,AB6335,0,2,20
C659,C656,17:19:30,4,-1,1,AB6335,0,2,30
C656,C654/2,17:20:34,4,-1,1,AB6335,0,2,43
C688/1,C691,17:20:44,4,-1,1,AB5996,0,2,33
C654/2,C653/2,17:22:15,4,-1,1,AB6335,0,2,70
C691,C652,17:23:56,4,-1,1,AB5996,0,2,131
C653/2,C692,17:24:46,4,-1,1,AB6335,0,2,131
C652,C655,17:25:07,4,-1,1,AB5996,0,2,40
C692,C689/1,17:26:07,4,-1,1,AB6335,0,2,40
C655,C657,17:26:17,4,-1,-1,AB5996,0,2,40
C657,C660,17:27:38,4,-1,-1,AB5996,0,2,50
C660,C662,17:28:29,4,-1,-1,AB5996,0,2,20
C662,C664,17:29:09,4,-1,-1,AB5996,0,2,30
C689/1,T360,17:29:19,4,-1,1,AB6335,0,2,141
C664,C666,17:29:29,4,-1,-1,AB5996,0,2,10
C666,C677,17:29:49,4,-1,-1,AB5996,0,2,10
C677,C667,17:30:20,4,-1,-1,AB5996,0,2,20
C667,C676,17:30:40,4,-1,-1,AB5996,0,2,10
T336/2,T335,17:31:10,4,-1,1,AB6353,0,2,40
C676,C680,17:31:44,4,-1,-1,AB5996,0,2,54
T360,T376/1,17:32:05,4,-1,2,AB6335,0,2,135
T335,T338,17:32:15,4,-1,1,AB6353,0,2,10
C680,C669/1,17:32:45,4,-1,1,AB5996,0,2,30
T338,T326/3,17:34:06,4,-1,-1,AB6353,0,2,60
C669/1,C693,17:34:16,4,-1,1,AB5996,0,2,60
T326/3,T332/2,17:35:07,4,-1,1,AB6353,0,2,20
T376/1,T363/1,17:35:07,4,-1,1,AB6335,0,2,171
C693,C681,17:35:47,4,-1,-1,AB5996,0,2,70
C681,C671,17:36:38,4,-1,-1,AB5996,0,2,40
T363/1,T306,17:37:08,4,-1,1,AB6335,0,2,80
T306,T314/2,17:37:48,4,-1,-1,AB6335,0,2,30
C671,C695,17:38:49,4,-1,-1,AB5996,0,2,80
T332/2,T325/2,17:39:09,4,-1,1,AB6353,0,2,192
T325/2,T339/2,17:40:20,4,-1,1,AB6353,0,2,30
T314/2,T318,17:40:20,4,-1,-1,AB6335,0,2,60
C695,C673,17:41:00,4,-1,-1,AB5996,0,2,80
T318,T319,17:41:21,4,-1,-1,AB6335,0,2,10
C673,C672,17:41:44,4,-1,1,AB5996,0,2,33
T319,T320,17:42:24,4,-1,-1,AB6335,0,2,40
T339/2,T313,17:42:44,4,-1,1,AB6353,0,2,94
T320,T321/2,17:43:45,4,-1,-1,AB6335,0,2,10
T313,T315,17:43:55,4,-1,1,AB6353,0,2,20
C672,C670,17:43:55,4,-1,1,AB5996,0,2,111
C670,C679,17:44:46,4,-1,1,AB5996,0,2,30
T321/2,T323,17:44:56,4,-1,1,AB6335,0,2,30
T315,T375,17:45:26,4,-1,1,AB6353,0,2,80
T323,T324/2,17:45:58,4,-1,1,AB6335,0,2,10
C679,C694,17:46:38,4,-1,-1,AB5996,0,2,71
C694,C669/2,17:47:18,4,-1,-1,AB5996,0,2,30
T375,T380,17:47:39,4,-1,1,AB6353,0,2,91
T324/2,T327,17:47:39,4,-1,1,AB6335,0,2,60
T380,T379,17:48:39,4,-1,1,AB6353,0,2,20
C669/2,C687,17:48:39,4,-1,1,AB5996,0,2,30
T327,T326/1,17:48:39,4,-1,1,AB6335,0,2,20
T379,T359,17:49:10,4,-1,1,AB6353,0,2,20
T326/1,T337,17:49:52,4,-1,1,AB6335,0,2,52
T359,T355/1,17:50:12,4,-1,1,AB6353,0,2,52
C687,C675,17:50:12,4,-1,1,AB5996,0,2,52
C675,C668,17:50:53,4,-1,1,AB5996,0,2,20
T337,T336/2,17:51:03,4,-1,1,AB6335,0,2,30
C668,C678,17:51:13,4,-1,1,AB5996,0,2,10
C678,C665,17:51:55,4,-1,1,AB5996,0,2,31
C665,C663,17:52:15,4,-1,1,AB5996,0,2,10
C663,C661,17:53:16,4,-1,1,AB5996,0,2,30
C661,C659,17:54:06,4,-1,1,AB5996,0,2,20
C659,C656,17:55:58,4,-1,1,AB5996,0,2,70
C656,C654/2,17:57:18,4,-1,1,AB5996,0,2,50
C654/2,C653/2,17:59:20,4,-1,1,AB5996,0,2,80
C688/1,C691,17:59:32,4,-1,1,AB6353,0,2,83
C653/2,C692,18:00:54,4,-1,1,AB5996,0,2,81
C691,C652,18:01:04,4,-1,1,AB6353,0,2,51
C692,C689/1,18:02:25,4,-1,1,AB5996,0,2,50
C652,C655,18:02:35,4,-1,1,AB6353,0,2,30
C655,C657,18:04:06,4,-1,1,AB6353,0,2,50
C657,C660,18:05:07,4,-1,1,AB6353,0,2,30
C689/1,T360,18:05:48,4,-1,1,AB5996,0,2,172
C660,C662,18:06:08,4,-1,1,AB6353,0,2,30
T360,T376/1,18:06:49,4,-1,1,AB5996,0,2,30
C662,C664,18:07:09,4,-1,1,AB6353,0,2,30
T336/2,T335,18:07:29,4,-1,1,AB6335,0,2,20
C664,C666,18:07:49,4,-1,1,AB6353,0,2,10
C666,C677,18:08:20,4,-1,1,AB6353,0,2,20
T335,T338,18:08:30,4,-1,1,AB6335,0,2,10
C677,C667,18:08:50,4,-1,1,AB6353,0,2,20
C667,C676,18:09:10,4,-1,-1,AB6353,0,2,10
T376/1,T363/1,18:09:10,4,-1,1,AB5996,0,2,131
T338,T326/3,18:10:15,4,-1,-1,AB6335,0,2,74
C676,C680,18:10:15,4,-1,-1,AB6353,0,2,54
C680,C669/1,18:11:26,4,-1,-1,AB6353,0,2,30
T326/3,T332/2,18:11:36,4,-1,1,AB6335,0,2,50
C669/1,C693,18:12:57,4,-1,-1,AB6353,0,2,60
T363/1,T306,18:13:17,4,-1,1,AB5996,0,2,182
T332/2,T325/2,18:13:48,4,-1,1,AB6335,0,2,80
C693,C681,18:14:18,4,-1,-1,AB6353,0,2,70
T306,T314/2,18:14:18,4,-1,-1,AB5996,0,2,40
T325/2,T339/2,18:14:48,4,-1,1,AB6335,0,2,30
C681,C671,18:15:19,4,-1,-1,AB6353,0,2,50
T339/2,T313,18:16:50,4,-1,1,AB6335,0,2,91
C671,C695,18:17:20,4,-1,-1,AB6353,0,2,91
T318,T319,18:17:51,4,-1,-1,AB5996,0,2,101
T313,T315,18:18:36,4,-1,1,AB6335,0,2,45
C695,C673,18:19:06,4,-1,-1,AB6353,0,2,96
T319,T320,18:19:06,4,-1,-1,AB5996,0,2,30
T320,T321/2,18:20:07,4,-1,-1,AB5996,0,2,20
C673,C672,18:20:48,4,-1,2,AB6353,0,2,30
T321/2,T323,18:21:28,4,-1,1,AB5996,0,2,30
T315,T375,18:21:38,4,-1,1,AB6335,0,2,141
T323,T324/2,18:21:48,4,-1,1,AB5996,0,2,10
C672,C670,18:23:19,4,-1,2,AB6353,0,2,121
T324/2,T327,18:23:33,4,-1,1,AB5996,0,2,74
C670,C679,18:23:53,4,-1,2,AB6353,0,2,20
T327,T326/1,18:24:03,4,-1,1,AB5996,0,2,20
T375,T380,18:24:14,4,-1,1,AB6335,0,2,124
T380,T379,18:25:24,4,-1,1,AB6335,0,2,10
C679,C694,18:25:35,4,-1,-1,AB6353,0,2,80
T326/1,T337,18:25:35,4,-1,1,AB5996,0,2,80
T379,T359,18:26:15,4,-1,1,AB6335,0,2,20
C694,C669/2,18:26:25,4,-1,-1,AB6353,0,2,30
T337,T336/2,18:26:25,4,-1,1,AB5996,0,2,20
C669/2,C687,18:27:26,4,-1,-1,AB6353,0,2,30
T359,T355/1,18:28:06,4,-1,1,AB6335,0,2,81
C687,C675,18:28:37,4,-1,1,AB6353,0,2,60
C675,C668,18:30:08,4,-1,1,AB6353,0,2,20
C668,C678,18:30:58,4,-1,1,AB6353,0,2,10
C678,C665,18:31:39,4,-1,1,AB6353,0,2,30
C665,C663,18:31:59,4,-1,1,AB6353,0,2,10
C663,C661,18:32:40,4,-1,1,AB6353,0,2,30
C661,C659,18:33:20,4,-1,1,AB6353,0,2,30
C659,C656,18:34:45,4,-1,1,AB6353,0,2,40
C688/1,C691,18:35:05,4,-1,1,AB6335,0,2,30
C656,C654/2,18:35:46,4,-1,2,AB6353,0,2,50
C691,C652,18:37:47,4,-1,1,AB6335,0,2,121
C654/2,C653/2,18:38:07,4,-1,1,AB6353,0,2,111
C652,C655,18:38:58,4,-1,1,AB6335,0,2,30
C655,C657,18:40:09,4,-1,1,AB6335,0,2,50
C653/2,C692,18:40:09,4,-1,1,AB6353,0,2,111
C657,C660,18:40:59,4,-1,1,AB6335,0,2,40
C692,C689/1,18:41:20,4,-1,1,AB6353,0,2,50
C660,C662,18:41:52,4,-1,1,AB6335,0,2,20
C662,C664,18:42:22,4,-1,1,AB6335,0,2,20
C664,C666,18:42:53,4,-1,1,AB6335,0,2,20
T336/2,T335,18:43:03,4,-1,1,AB5996,0,2,40
C666,C677,18:43:13,4,-1,1,AB6335,0,2,10
T335,T338,18:43:33,4,-1,1,AB5996,0,2,10
C677,C667,18:43:54,4,-1,1,AB6335,0,2,30
C689/1,T360,18:44:24,4,-1,1,AB6353,0,2,141
C667,C676,18:44:34,4,-1,-1,AB6335,0,2,10
T360,T376/1,18:45:25,4,-1,1,AB6353,0,2,30
T338,T326/3,18:45:35,4,-1,-1,AB5996,0,2,80
C676,C680,18:46:05,4,-1,-1,AB6335,0,2,60
T326/3,T332/2,18:46:35,4,-1,1,AB5996,0,2,50
C680,C669/1,18:47:06,4,-1,1,AB6335,0,2,30
T376/1,T363/1,18:47:36,4,-1,3,AB6353,0,2,121
C669/1,C693,18:48:47,4,-1,1,AB6335,0,2,60
C693,C681,18:50:08,4,-1,-1,AB6335,0,2,70
T363/1,T306,18:50:18,4,-1,3,AB6353,0,2,101
C681,C671,18:51:08,4,-1,-1,AB6335,0,2,50
T306,T314/2,18:51:39,4,-1,-1,AB6353,0,2,50
T325/2,T339/2,18:52:09,4,-1,2,AB5996,0,2,20
C671,C695,18:53:00,4,-1,-1,AB6335,0,2,80
T339/2,T313,18:53:52,4,-1,3,AB5996,0,2,72
T318,T319,18:53:52,4,-1,-1,AB6353,0,2,72
T313,T315,18:54:53,4,-1,3,AB5996,0,2,20
C695,C673,18:55:03,4,-1,-1,AB6335,0,2,91
T319,T320,18:55:13,4,-1,-1,AB6353,0,2,60
C673,C672,18:56:05,4,-1,-1,AB6335,0,2,30
T315,T375,18:56:25,4,-1,1,AB5996,0,2,71
T320,T321/2,18:56:35,4,-1,-1,AB6353,0,2,20
T375,T380,18:58:06,4,-1,1,AB5996,0,2,30
T321/2,T323,18:58:06,4,-1,1,AB6353,0,2,30
T380,T379,18:58:56,4,-1,1,AB5996,0,2,10
T323,T324/2,18:58:56,4,-1,1,AB6353,0,2,10
C672,C670,18:59:17,4,-1,-1,AB6335,0,2,131
T379,T359,18:59:47,4,-1,1,AB5996,0,2,30
C670,C679,19:00:07,4,-1,-1,AB6335,0,2,30
T324/2,T327,19:00:58,4,-1,1,AB6353,0,2,80
T359,T355/1,19:01:08,4,-1,1,AB5996,0,2,70
T327,T326/1,19:01:38,4,-1,1,AB6353,0,2,30
C679,C694,19:01:48,4,-1,-1,AB6335,0,2,80
C694,C669/2,19:02:39,4,-1,-1,AB6335,0,2,30
T326/1,T337,19:03:00,4,-1,1,AB6353,0,2,60
T337,T336/2,19:03:54,4,-1,1,AB6353,0,2,34
C669/2,C687,19:04:04,4,-1,1,AB6335,0,2,30
C687,C675,19:05:46,4,-1,1,AB6335,0,2,71
C675,C668,19:06:16,4,-1,1,AB6335,0,2,20
C668,C678,19:06:46,4,-1,1,AB6335,0,2,10
C688/1,C691,19:07:07,4,-1,1,AB5996,0,2,20
C678,C665,19:07:27,4,-1,1,AB6335,0,2,20
C665,C663,19:07:47,4,-1,-1,AB6335,0,2,10
C691,C652,19:08:28,4,-1,1,AB5996,0,2,50
C663,C659,19:08:58,4,-1,1,AB6335,1,2,60
C652,C655,19:09:38,4,-1,1,AB5996,0,2,40
C659,C656,19:10:09,4,-1,1,AB6335,0,2,30
C655,C657,19:10:39,4,-1,-1,AB5996,0,2,40
C656,C654/2,19:11:09,4,-1,1,AB6335,0,2,50
C657,C660,19:11:30,4,-1,-1,AB5996,0,2,40
C660,C662,19:12:00,4,-1,-1,AB5996,0,2,20
C662,C664,19:12:30,4,-1,-1,AB5996,0,2,20
C654/2,C653/2,19:12:40,4,-1,1,AB6335,0,2,50
C664,C666,19:13:01,4,-1,-1,AB5996,0,2,20
C666,C677,19:13:21,4,-1,-1,AB5996,0,2,10
C677,C667,19:13:54,4,-1,-1,AB5996,0,2,20
C667,C676,19:14:15,4,-1,-1,AB5996,0,2,10
C653/2,C692,19:15:05,4,-1,1,AB6335,0,2,134
C676,C680,19:15:46,4,-1,-1,AB5996,0,2,50
T336/2,T335,19:16:06,4,-1,1,AB6353,0,2,30
C692,C689/1,19:16:26,4,-1,1,AB6335,0,2,40
C680,C669/1,19:16:36,4,-1,1,AB5996,0,2,20
T335,T338,19:16:46,4,-1,1,AB6353,0,2,10
C669/1,C693,19:17:57,4,-1,1,AB5996,0,2,50
T338,T326/3,19:18:47,4,-1,-1,AB6353,0,2,80
C693,C681,19:19:28,4,-1,-1,AB5996,0,2,70
C689/1,T360,19:19:28,4,-1,1,AB6335,0,2,121
C681,C671,19:20:18,4,-1,-1,AB5996,0,2,40
T360,T376/1,19:21:19,4,-1,1,AB6335,0,2,70
T326/3,T332/2,19:21:59,4,-1,2,AB6353,0,2,60
C671,C695,19:21:59,4,-1,-1,AB5996,0,2,91
T376/1,T363/1,19:23:10,4,-1,2,AB6335,0,2,70
C695,C673,19:23:44,4,-1,-1,AB5996,0,2,83
C673,C672,19:24:24,4,-1,1,AB5996,0,2,30
T332/2,T325/2,19:24:34,4,-1,2,AB6353,0,2,124
T325/2,T339/2,19:25:25,4,-1,1,AB6353,0,2,30
T363/1,T306,19:25:35,4,-1,2,AB6335,0,2,90
T339/2,T313,19:26:45,4,-1,1,AB6353,0,2,50
C672,C670,19:26:56,4,-1,1,AB5996,0,2,121
T306,T314/2,19:27:16,4,-1,-1,AB6335,0,2,50
T313,T315,19:27:56,4,-1,2,AB6353,0,2,20
C670,C679,19:28:06,4,-1,1,AB5996,0,2,30
T318,T319,19:29:07,4,-1,-1,AB6335,0,2,10
T315,T375,19:29:37,4,-1,1,AB6353,0,2,90
C679,C669/2,19:30:18,4,-1,-1,AB5996,1,2,121
T319,T320,19:30:28,4,-1,-1,AB6335,0,2,60
C669/2,C687,19:31:19,4,-1,1,AB5996,0,2,30
T375,T380,19:31:49,4,-1,1,AB6353,0,2,70
T320,T321/2,19:32:09,4,-1,-1,AB6335,0,2,30
T380,T379,19:32:40,4,-1,1,AB6353,0,2,10
C687,C675,19:32:50,4,-1,1,AB5996,0,2,60
T379,T359,19:33:20,4,-1,1,AB6353,0,2,20
C675,C668,19:33:20,4,-1,1,AB5996,0,2,20
T321/2,T323,19:33:33,4,-1,1,AB6335,0,2,33
C668,C678,19:33:43,4,-1,1,AB5996,0,2,10
C678,C665,19:34:13,4,-1,1,AB5996,0,2,20
T323,T324/2,19:34:23,4,-1,1,AB6335,0,2,10
T359,T355/1,19:34:34,4,-1,1,AB6353,0,2,60
C665,C663,19:34:34,4,-1,1,AB5996,0,2,10
C663,C661,19:35:14,4,-1,1,AB5996,0,2,30
T324/2,T327,19:35:35,4,-1,1,AB6335,0,2,60
C661,C659,19:36:05,4,-1,1,AB5996,0,2,30
T327,T326/1,19:36:25,4,-1,1,AB6335,0,2,20
C659,C656,19:37:05,4,-1,1,AB5996,0,2,40
T326/1,T337,19:37:26,4,-1,1,AB6335,0,2,50
T337,T336/2,19:38:06,4,-1,1,AB6335,0,2,30
C656,C654/2,19:38:16,4,-1,1,AB5996,0,2,60
C654/2,C653/2,19:39:27,4,-1,1,AB5996,0,2,60
C688/1,C691,19:39:37,4,-1,1,AB6353,0,2,20
C653/2,C689/1,19:41:08,4,-1,1,AB5996,1,2,90
C691,C652,19:41:38,4,-1,1,AB6353,0,2,60
C652,C655,19:42:39,4,-1,1,AB6353,0,2,30
C655,C657,19:44:10,4,-1,1,AB6353,0,2,50
C689/1,T360,19:44:32,4,-1,1,AB5996,0,2,193
C657,C660,19:45:02,4,-1,1,AB6353,0,2,41
C660,C662,19:45:52,4,-1,1,AB6353,0,2,20
T360,T376/1,19:45:52,4,-1,1,AB5996,0,2,50
C662,C664,19:46:34,4,-1,1,AB6353,0,2,31
C664,C666,19:46:54,4,-1,1,AB6353,0,2,10
C666,C677,19:47:24,4,-1,1,AB6353,0,2,20
C677,C667,19:47:55,4,-1,1,AB6353,0,2,20
C667,C676,19:48:35,4,-1,-1,AB6353,0,2,10
T376/1,T363/1,19:49:05,4,-1,2,AB5996,0,2,182
C676,C680,19:49:46,4,-1,-1,AB6353,0,2,60
C680,C669/1,19:50:36,4,-1,1,AB6353,0,2,30
T363/1,T306,19:51:17,4,-1,2,AB5996,0,2,90
T306,T314/2,19:52:17,4,-1,-1,AB5996,0,2,40
T314/2,T318,19:52:58,4,-1,-1,AB5996,0,2,10
C669/1,C681,19:53:58,4,-1,-1,AB6353,1,2,161
C681,C671,19:54:49,4,-1,-1,AB6353,0,2,40
T319,T320,19:55:39,4,-1,-1,AB5996,0,2,100
C671,C695,19:56:42,4,-1,-1,AB6353,0,2,82
T320,T321/2,19:57:12,4,-1,-1,AB5996,0,2,40
C695,C673,19:58:33,4,-1,-1,AB6353,0,2,101
T321/2,T323,19:58:33,4,-1,1,AB5996,0,2,40
T323,T324/2,19:59:14,4,-1,1,AB5996,0,2,10
C673,C672,19:59:44,4,-1,1,AB6353,0,2,60
T324/2,T327,20:00:34,4,-1,1,AB5996,0,2,70
T327,T326/1,20:01:25,4,-1,1,AB5996,0,2,20
C672,C670,20:02:05,4,-1,1,AB6353,0,2,100
T326/1,T337,20:02:25,4,-1,1,AB5996,0,2,50
C670,C679,20:03:07,4,-1,1,AB6353,0,2,30
T337,T336/2,20:03:07,4,-1,1,AB5996,0,2,30
C679,C694,20:04:28,4,-1,-1,AB6353,0,2,70
C694,C669/2,20:05:18,4,-1,-1,AB6353,0,2,40
C669/2,C687,20:06:09,4,-1,1,AB6353,0,2,30
C687,C675,20:07:52,4,-1,1,AB6353,0,2,72
C675,C668,20:08:22,4,-1,1,AB6353,0,2,20
C668,C678,20:08:43,4,-1,1,AB6353,0,2,10
C678,C665,20:09:33,4,-1,1,AB6353,0,2,20
C665,C659,20:11:14,4,-1,1,AB6353,2,2,91
C659,C656,20:12:35,4,-1,2,AB6353,0,2,40
C656,C654/2,20:13:37,4,-1,2,AB6353,0,2,51
C654/2,C653/2,20:15:08,4,-1,1,AB6353,0,2,60
C653/2,C692,20:16:18,4,-1,1,AB6353,0,2,50
C692,C689/1,20:17:09,4,-1,1,AB6353,0,2,10
C689/1,T360,20:21:13,4,-1,1,AB6353,0,2,193
T363/1,T306,20:27:17,4,-1,1,AB6353,0,2,60
T306,T314/2,20:28:38,4,-1,-1,AB6353,0,2,70
T318,T319,20:31:09,4,-1,-1,AB6353,0,2,70
T319,T320,20:32:33,4,-1,-1,AB6353,0,2,43
T320,T321/2,20:33:45,4,-1,-1,AB6353,0,2,21
T321/2,T323,20:34:56,4,-1,1,AB6353,0,2,40
T323,T324/2,20:35:36,4,-1,1,AB6353,0,2,10
T324/2,T327,20:36:47,4,-1,1,AB6353,0,2,50
T327,T326/1,20:37:48,4,-1,1,AB6353,0,2,30
T326/1,T337,20:38:58,4,-1,1,AB6353,0,2,60
T337,T336/2,20:39:49,4,-1,1,AB6353,0,2,20
T336/2,T335,5:30:47,5,-1,1,AB6353,0,2,10
T335,T338,5:31:07,5,-1,1,AB6353,0,2,10
T338,T325/2,5:34:30,5,-1,1,AB6353,2,2,192
T325/2,T339/2,5:35:20,5,-1,1,AB6353,0,2,20
T339/2,T313,5:36:35,5,-1,1,AB6353,0,2,40
T313,T315,5:37:36,5,-1,1,AB6353,0,2,21
T315,T375,5:38:37,5,-1,1,AB6353,0,2,50
T375,T380,5:39:58,5,-1,1,AB6353,0,2,40
T380,T379,5:40:38,5,-1,1,AB6353,0,2,10
T379,T359,5:41:39,5,-1,1,AB6353,0,2,50
T359,T355/1,5:42:40,5,-1,1,AB6353,0,2,50
C688/1,C691,5:48:05,5,-1,1,AB6353,0,2,30
C691,C652,5:49:56,5,-1,-1,AB6353,0,2,60
C652,C655,5:50:37,5,-1,1,AB6353,0,2,30
C655,C657,5:51:37,5,-1,-1,AB6353,0,2,50
C657,C660,5:52:28,5,-1,-1,AB6353,0,2,40
C660,C662,5:53:19,5,-1,-1,AB6353,0,2,20
C662,C664,5:54:09,5,-1,-1,AB6353,0,2,40
C664,C677,5:55:10,5,-1,-1,AB6353,1,2,50
C677,C667,5:56:00,5,-1,-1,AB6353,0,2,20
C667,C676,5:56:43,5,-1,-1,AB6353,0,2,10
C676,C680,5:57:54,5,-1,-1,AB6353,0,2,60
C680,C669/1,5:58:55,5,-1,-1,AB6353,0,2,30
C669/1,C693,6:00:47,5,-1,-1,AB6353,0,2,61
C693,C681,6:02:18,5,-1,-1,AB6353,0,2,70
C681,C671,6:03:29,5,-1,-1,AB6353,0,2,40
T336/2,T335,6:05:00,5,-1,1,AB6335,0,2,10
C671,C695,6:05:33,5,-1,-1,AB6353,0,2,84
T335,T326/3,6:06:24,5,-1,-1,AB6335,1,2,73
C695,C673,6:07:24,5,-1,-1,AB6353,0,2,80
T326/3,T332/2,6:07:35,5,-1,1,AB6335,0,2,50
T332/2,T325/2,6:08:56,5,-1,1,AB6335,0,2,50
T325/2,T339/2,6:09:46,5,-1,1,AB6335,0,2,20
T339/2,T313,6:10:47,5,-1,1,AB6335,0,2,40
T313,T315,6:11:37,5,-1,1,AB6335,0,2,20
C672,C670,6:12:18,5,-1,-1,AB6353,0,2,121
T315,T375,6:12:58,5,-1,1,AB6335,0,2,70
C670,C679,6:13:08,5,-1,-1,AB6353,0,2,30
T375,T380,6:14:09,5,-1,1,AB6335,0,2,40
T380,T379,6:14:49,5,-1,1,AB6335,0,2,10
C679,C694,6:15:20,5,-1,-1,AB6353,0,2,90
T379,T355/1,6:16:12,5,-1,1,AB6335,1,2,72
C694,C669/2,6:16:12,5,-1,-1,AB6353,0,2,40
C669/2,C675,6:18:05,5,-1,-1,AB6353,1,2,90
C675,C668,6:18:35,5,-1,1,AB6353,0,2,20
C668,C678,6:18:55,5,-1,1,AB6353,0,2,10
C678,C665,6:19:25,5,-1,1,AB6353,0,2,20
C665,C663,6:19:46,5,-1,-1,AB6353,0,2,10
T355/1,C688/1,6:20:06,5,-1,2,AB6335,0,2,192
C663,C661,6:20:26,5,-1,-1,AB6353,0,2,30
C661,C659,6:20:56,5,-1,3,AB6353,0,2,20
C688/1,C691,6:21:57,5,-1,1,AB6335,0,2,80
C659,C656,6:21:57,5,-1,1,AB6353,0,2,40
C656,C654/2,6:23:08,5,-1,1,AB6353,0,2,40
C691,C652,6:23:18,5,-1,-1,AB6335,0,2,40
C652,C655,6:23:58,5,-1,3,AB6335,0,2,30
C654/2,C653/2,6:24:59,5,-1,2,AB6353,0,2,91
C655,C657,6:25:09,5,-1,3,AB6335,0,2,40
C657,C660,6:26:20,5,-1,-1,AB6335,0,2,60
C653/2,C692,6:26:41,5,-1,2,AB6353,0,2,71
C660,C662,6:27:11,5,-1,-1,AB6335,0,2,20
C692,C689/1,6:27:52,5,-1,1,AB6353,0,2,20
C662,C664,6:28:12,5,-1,-1,AB6335,0,2,30
C664,C666,6:28:54,5,-1,-1,AB6335,0,2,20
C666,C677,6:29:15,5,-1,-1,AB6335,0,2,10
C677,C667,6:30:15,5,-1,1,AB6335,0,2,30
C667,C676,6:30:57,5,-1,-1,AB6335,0,2,21
C689/1,T360,6:31:07,5,-1,1,AB6353,0,2,164
C676,C680,6:32:18,5,-1,-1,AB6335,0,2,60
C680,C669/1,6:33:08,5,-1,1,AB6335,0,2,10
T360,T376/1,6:33:08,5,-1,1,AB6353,0,2,91
T376/1,T363/1,6:34:19,5,-1,1,AB6353,0,2,60
C669/1,C693,6:34:39,5,-1,1,AB6335,0,2,50
T363/1,T306,6:35:31,5,-1,1,AB6353,0,2,41
C693,C681,6:36:02,5,-1,-1,AB6335,0,2,72
T306,T314/2,6:36:22,5,-1,-1,AB6353,0,2,30
C681,C671,6:37:33,5,-1,-1,AB6335,0,2,50
T318,T319,6:37:33,5,-1,-1,AB6353,0,2,10
T319,T320,6:38:13,5,-1,-1,AB6353,0,2,30
C671,C695,6:39:14,5,-1,-1,AB6335,0,2,80
T321/2,T323,6:39:34,5,-1,1,AB6353,0,2,20
T323,T324/2,6:40:04,5,-1,1,AB6353,0,2,10
T336/2,T335,6:40:45,5,-1,1,AB5996,0,2,30
C695,C673,6:41:05,5,-1,-1,AB6335,0,2,90
T324/2,T327,6:41:05,5,-1,1,AB6353,0,2,50
T335,T338,6:41:35,5,-1,1,AB5996,0,2,10
C673,C672,6:42:16,5,-1,-1,AB6335,0,2,30
T338,T326/3,6:42:37,5,-1,-1,AB5996,0,2,51
T326/3,T332/2,6:43:28,5,-1,1,AB5996,0,2,40
C672,C670,6:44:28,5,-1,-1,AB6335,0,2,111
T332/2,T325/2,6:44:59,5,-1,1,AB5996,0,2,50
C670,C679,6:45:19,5,-1,-1,AB6335,0,2,40
T325/2,T339/2,6:45:29,5,-1,1,AB5996,0,2,10
T339/2,T313,6:46:40,5,-1,1,AB5996,0,2,40
C679,C694,6:47:10,5,-1,-1,AB6335,0,2,90
T313,T315,6:47:41,5,-1,1,AB5996,0,2,21
C694,C669/2,6:47:51,5,-1,-1,AB6335,0,2,31
C669/2,C687,6:48:52,5,-1,2,AB6335,0,2,20
T315,T375,6:49:12,5,-1,1,AB5996,0,2,60
T375,T380,6:50:04,5,-1,1,AB5996,0,2,20
C687,C675,6:50:04,5,-1,-1,AB6335,0,2,62
C675,C668,6:50:35,5,-1,-1,AB6335,0,2,20
T380,T359,6:51:15,5,-1,1,AB5996,1,2,40
C678,C665,6:51:46,5,-1,-1,AB6335,0,2,21
T359,T355/1,6:52:17,5,-1,1,AB5996,0,2,51
C665,C663,6:52:17,5,-1,-1,AB6335,0,2,20
C663,C659,6:53:28,5,-1,1,AB6335,1,2,60
C659,C656,6:54:38,5,-1,1,AB6335,0,2,40
C656,C654/2,6:55:39,5,-1,1,AB6335,0,2,50
C688/1,C691,6:57:20,5,-1,1,AB5996,0,2,20
C654/2,C692,6:59:05,5,-1,1,AB6335,1,2,175
C691,C652,6:59:15,5,-1,1,AB5996,0,2,80
C692,C689/1,7:00:06,5,-1,1,AB6335,0,2,30
C652,C655,7:00:16,5,-1,1,AB5996,0,2,30
T326/1,T336/2,7:00:16,5,-1,1,AB6353,1,2,111
C655,C657,7:01:27,5,-1,1,AB5996,0,2,40
C657,C660,7:02:27,5,-1,1,AB5996,0,2,30
C660,C662,7:03:18,5,-1,1,AB5996,0,2,20
C689/1,T360,7:03:18,5,-1,1,AB6335,0,2,111
C662,C664,7:03:58,5,-1,1,AB5996,0,2,20
C664,C666,7:04:19,5,-1,1,AB5996,0,2,10
T360,T376/1,7:04:29,5,-1,1,AB6335,0,2,40
C666,C677,7:04:39,5,-1,2,AB5996,0,2,10
C677,C667,7:05:09,5,-1,1,AB5996,0,2,20
T336/2,T335,7:05:29,5,-1,1,AB6353,0,2,10
C667,C676,7:05:40,5,-1,-1,AB5996,0,2,20
T376/1,T363/1,7:05:40,5,-1,1,AB6335,0,2,60
T335,T338,7:06:10,5,-1,1,AB6353,0,2,30
C676,C680,7:06:42,5,-1,-1,AB5996,0,2,52
T363/1,T306,7:06:52,5,-1,1,AB6335,0,2,52
T338,T326/3,7:07:22,5,-1,-1,AB6353,0,2,50
T306,T314/2,7:07:32,5,-1,-1,AB6335,0,2,30
C680,C669/1,7:07:43,5,-1,1,AB5996,0,2,50
T326/3,T332/2,7:08:03,5,-1,1,AB6353,0,2,30
T314/2,T318,7:08:23,5,-1,-1,AB6335,0,2,10
T318,T319,7:09:04,5,-1,-1,AB6335,0,2,10
C669/1,C693,7:09:24,5,-1,1,AB5996,0,2,60
T332/2,T325/2,7:09:34,5,-1,1,AB6353,0,2,50
T325/2,T339/2,7:10:04,5,-1,1,AB6353,0,2,20
T319,T320,7:10:04,5,-1,-1,AB6335,0,2,30
C693,C681,7:10:45,5,-1,-1,AB5996,0,2,71
T320,T321/2,7:10:55,5,-1,-1,AB6335,0,2,20
T339/2,T313,7:11:15,5,-1,1,AB6353,0,2,40
C681,C671,7:11:56,5,-1,-1,AB5996,0,2,40
T321/2,T323,7:12:06,5,-1,1,AB6335,0,2,20
T313,T315,7:12:46,5,-1,1,AB6353,0,2,20
T323,T324/2,7:12:46,5,-1,1,AB6335,0,2,10
C671,C695,7:13:27,5,-1,-1,AB5996,0,2,80
T324/2,T327,7:13:47,5,-1,1,AB6335,0,2,50
T315,T375,7:14:17,5,-1,1,AB6353,0,2,70
T327,T326/1,7:14:28,5,-1,1,AB6335,0,2,30
C695,C673,7:15:18,5,-1,-1,AB5996,0,2,80
T326/1,T337,7:15:28,5,-1,1,AB6335,0,2,50
T375,T380,7:15:38,5,-1,1,AB6353,0,2,50
C673,C672,7:15:59,5,-1,1,AB5996,0,2,20
T337,T336/2,7:15:59,5,-1,1,AB6335,0,2,20
T380,T379,7:16:19,5,-1,1,AB6353,0,2,10
T379,T359,7:17:09,5,-1,1,AB6353,0,2,20
T359,T355/1,7:18:12,5,-1,1,AB6353,0,2,52
C672,C670,7:18:33,5,-1,1,AB5996,0,2,134
C670,C679,7:19:14,5,-1,1,AB5996,0,2,30
C679,C694,7:20:45,5,-1,-1,AB5996,0,2,80
C694,C669/2,7:21:25,5,-1,-1,AB5996,0,2,30
C669/2,C687,7:23:06,5,-1,1,AB5996,0,2,30
C688/1,C691,7:23:16,5,-1,1,AB6353,0,2,30
C691,C652,7:24:07,5,-1,1,AB6353,0,2,30
C687,C675,7:24:37,5,-1,1,AB5996,0,2,60
C652,C655,7:25:08,5,-1,1,AB6353,0,2,40
C675,C668,7:25:08,5,-1,1,AB5996,0,2,20
C668,C678,7:25:28,5,-1,1,AB5996,0,2,10
C678,C665,7:25:58,5,-1,1,AB5996,0,2,20
C655,C657,7:26:19,5,-1,1,AB6353,0,2,40
C665,C663,7:26:19,5,-1,1,AB5996,0,2,10
C663,C661,7:26:59,5,-1,1,AB5996,0,2,30
C657,C660,7:27:09,5,-1,1,AB6353,0,2,40
C661,C659,7:28:00,5,-1,1,AB5996,0,2,50
C660,C664,7:28:31,5,-1,1,AB6353,1,2,61
C664,C666,7:29:02,5,-1,1,AB6353,0,2,20
C666,C677,7:29:22,5,-1,1,AB6353,0,2,10
C677,C676,7:30:14,5,-1,-1,AB6353,1,2,40
C659,C654/2,7:30:14,5,-1,1,AB5996,1,2,93
C676,C680,7:31:15,5,-1,-1,AB6353,0,2,50
C654/2,C653/2,7:31:15,5,-1,1,AB5996,0,2,40
C680,C669/1,7:32:06,5,-1,1,AB6353,0,2,20
C653/2,C692,7:32:56,5,-1,1,AB5996,0,2,91
C669/1,C693,7:33:37,5,-1,1,AB6353,0,2,60
C692,C689/1,7:34:17,5,-1,1,AB5996,0,2,40
C693,C681,7:34:47,5,-1,-1,AB6353,0,2,60
T336/2,T335,7:34:58,5,-1,1,AB6335,0,2,10
T335,T338,7:35:28,5,-1,1,AB6335,0,2,20
T338,T326/3,7:36:49,5,-1,-1,AB6335,0,2,30
C689/1,T360,7:37:09,5,-1,1,AB5996,0,2,111
T326/3,T332/2,7:37:50,5,-1,1,AB6335,0,2,40
C681,C695,7:38:00,5,-1,-1,AB6353,1,2,172
T360,T376/1,7:38:10,5,-1,1,AB5996,0,2,30
T376/1,T363/1,7:39:03,5,-1,1,AB5996,0,2,42
T332/2,T325/2,7:39:33,5,-1,1,AB6335,0,2,60
C695,C673,7:39:43,5,-1,-1,AB6353,0,2,70
T325/2,T339/2,7:40:03,5,-1,1,AB6335,0,2,20
T363/1,T306,7:40:03,5,-1,1,AB5996,0,2,30
T306,T314/2,7:40:54,5,-1,-1,AB5996,0,2,40
C673,C672,7:41:14,5,-1,1,AB6353,0,2,71
T339/2,T313,7:41:55,5,-1,1,AB6335,0,2,70
T318,T319,7:42:25,5,-1,-1,AB5996,0,2,10
T313,T315,7:42:55,5,-1,1,AB6335,0,2,20
T319,T320,7:43:06,5,-1,-1,AB5996,0,2,30
T320,T321/2,7:43:56,5,-1,-1,AB5996,0,2,10
T315,T375,7:44:06,5,-1,1,AB6335,0,2,60
C672,C670,7:44:06,5,-1,1,AB6353,0,2,131
T321/2,T323,7:44:47,5,-1,1,AB5996,0,2,30
C670,C679,7:44:57,5,-1,1,AB6353,0,2,30
T375,T380,7:45:37,5,-1,1,AB6335,0,2,80
T323,T324/2,7:45:37,5,-1,1,AB5996,0,2,10
C679,C694,7:46:28,5,-1,-1,AB6353,0,2,80
T324/2,T327,7:46:38,5,-1,1,AB5996,0,2,50
C694,C669/2,7:46:58,5,-1,-1,AB6353,0,2,20
T327,T326/1,7:47:49,5,-1,1,AB5996,0,2,30
C669/2,C687,7:47:59,5,-1,1,AB6353,0,2,20
T380,T355/1,7:48:19,5,-1,1,AB6335,2,2,131
T326/1,T337,7:48:49,5,-1,1,AB5996,0,2,50
C687,C675,7:49:10,5,-1,1,AB6353,0,2,60
C675,C668,7:49:43,5,-1,1,AB6353,0,2,23
T337,T336/2,7:49:53,5,-1,1,AB5996,0,2,33
C678,C665,7:50:34,5,-1,1,AB6353,0,2,20
C665,C663,7:50:54,5,-1,1,AB6353,0,2,10
C663,C661,7:51:35,5,-1,1,AB6353,0,2,30
T355/1,C688/1,7:51:45,5,-1,1,AB6335,0,2,195
C661,C659,7:52:05,5,-1,1,AB6353,0,2,20
C659,C656,7:53:16,5,-1,1,AB6353,0,2,40
C688/1,C691,7:53:56,5,-1,1,AB6335,0,2,101
C656,C654/2,7:54:27,5,-1,1,AB6353,0,2,40
C691,C652,7:55:38,5,-1,1,AB6335,0,2,71
C654/2,C653/2,7:56:08,5,-1,1,AB6353,0,2,60
C652,C655,7:56:38,5,-1,1,AB6335,0,2,30
C653/2,C692,7:57:09,5,-1,1,AB6353,0,2,50
C655,C657,7:57:59,5,-1,1,AB6335,0,2,40
C657,C660,7:58:50,5,-1,1,AB6335,0,2,40
C692,C689/1,7:58:50,5,-1,1,AB6353,0,2,70
C660,C662,7:59:31,5,-1,1,AB6335,0,2,21
C662,C664,8:00:02,5,-1,1,AB6335,0,2,20
C664,C666,8:00:22,5,-1,1,AB6335,0,2,10
C666,C677,8:00:42,5,-1,3,AB6335,0,2,10
C677,C667,8:01:33,5,-1,1,AB6335,0,2,20
C667,C676,8:01:53,5,-1,-1,AB6335,0,2,10
C689/1,T360,8:02:03,5,-1,1,AB6353,0,2,141
T360,T376/1,8:02:34,5,-1,1,AB6353,0,2,10
C676,C680,8:03:04,5,-1,-1,AB6335,0,2,60
C680,C669/1,8:03:34,5,-1,1,AB6335,0,2,20
C669/1,C693,8:04:55,5,-1,1,AB6335,0,2,50
T376/1,T363/1,8:04:55,5,-1,1,AB6353,0,2,121
T363/1,T306,8:06:26,5,-1,1,AB6353,0,2,50
C693,C681,8:06:36,5,-1,-1,AB6335,0,2,70
T306,T314/2,8:07:17,5,-1,-1,AB6353,0,2,30
C681,C671,8:07:37,5,-1,-1,AB6335,0,2,50
T336/2,T335,8:07:47,5,-1,1,AB5996,0,2,20
T335,T338,8:08:38,5,-1,1,AB5996,0,2,20
T318,T319,8:08:48,5,-1,-1,AB6353,0,2,10
C671,C695,8:08:58,5,-1,-1,AB6335,0,2,70
T319,T320,8:09:38,5,-1,-1,AB6353,0,2,30
T338,T326/3,8:09:48,5,-1,-1,AB5996,0,2,60
T320,T321/2,8:10:09,5,-1,-1,AB6353,0,2,10
T326/3,T332/2,8:10:39,5,-1,1,AB5996,0,2,40
C695,C673,8:10:49,5,-1,-1,AB6335,0,2,80
T321/2,T323,8:10:59,5,-1,1,AB6353,0,2,20
C673,C672,8:11:40,5,-1,-1,AB6335,0,2,30
T323,T324/2,8:11:50,5,-1,1,AB6353,0,2,10
T332/2,T325/2,8:12:30,5,-1,1,AB5996,0,2,70
T324/2,T327,8:12:50,5,-1,1,AB6353,0,2,50
T327,T326/1,8:13:33,5,-1,1,AB6353,0,2,31
T325/2,T339/2,8:13:43,5,-1,1,AB5996,0,2,21
C672,C670,8:13:53,5,-1,-1,AB6335,0,2,102
C670,C679,8:14:43,5,-1,-1,AB6335,0,2,40
T326/1,T337,8:15:14,5,-1,1,AB6353,0,2,91
T339/2,T313,8:15:44,5,-1,1,AB5996,0,2,81
T337,T336/2,8:15:44,5,-1,1,AB6353,0,2,20
C679,C694,8:16:15,5,-1,-1,AB6335,0,2,81
C694,C669/2,8:16:55,5,-1,-1,AB6335,0,2,30
T313,T315,8:17:05,5,-1,1,AB5996,0,2,20
C669/2,C687,8:17:56,5,-1,1,AB6335,0,2,30
T315,T375,8:18:57,5,-1,1,AB5996,0,2,91
C687,C675,8:19:07,5,-1,1,AB6335,0,2,50
C675,C668,8:19:37,5,-1,1,AB6335,0,2,20
C668,C678,8:19:57,5,-1,1,AB6335,0,2,10
T375,T380,8:20:07,5,-1,1,AB5996,0,2,20
C678,C665,8:20:28,5,-1,1,AB6335,0,2,20
C665,C663,8:20:58,5,-1,1,AB6335,0,2,20
T380,T379,8:21:18,5,-1,1,AB5996,0,2,10
C663,C661,8:21:28,5,-1,1,AB6335,0,2,20
C661,C659,8:22:19,5,-1,1,AB6335,0,2,20
T379,T359,8:22:29,5,-1,1,AB5996,0,2,40
C659,C656,8:23:10,5,-1,1,AB6335,0,2,30
T359,T355/1,8:23:44,5,-1,1,AB5996,0,2,64
C656,C654/2,8:24:25,5,-1,1,AB6335,0,2,40
C654/2,C653/2,8:26:26,5,-1,1,AB6335,0,2,60
C653/2,C692,8:27:27,5,-1,1,AB6335,0,2,50
C688/1,C691,8:30:29,5,-1,1,AB5996,0,2,70
C691,C652,8:32:51,5,-1,1,AB5996,0,2,122
T360,T376/1,8:33:12,5,-1,1,AB6335,0,2,50
T336/2,T335,8:33:32,5,-1,1,AB6353,0,2,30
C652,C655,8:33:52,5,-1,1,AB5996,0,2,30
T335,T338,8:34:12,5,-1,1,AB6353,0,2,30
T376/1,T363/1,8:34:55,5,-1,1,AB6335,0,2,92
C655,C657,8:35:15,5,-1,1,AB5996,0,2,52
C657,C660,8:35:55,5,-1,1,AB5996,0,2,30
T363/1,T306,8:36:16,5,-1,1,AB6335,0,2,50
C660,C662,8:36:26,5,-1,1,AB5996,0,2,20
C662,C664,8:37:06,5,-1,1,AB5996,0,2,30
T306,T314/2,8:37:16,5,-1,-1,AB6335,0,2,30
T338,T332/2,8:37:27,5,-1,1,AB6353,1,2,171
C664,C666,8:37:47,5,-1,1,AB5996,0,2,10
C666,C677,8:38:07,5,-1,2,AB5996,0,2,10
T318,T319,8:38:27,5,-1,-1,AB6335,0,2,10
T332/2,T325/2,8:38:37,5,-1,1,AB6353,0,2,50
C677,C667,8:38:47,5,-1,1,AB5996,0,2,20
T325/2,T339/2,8:39:08,5,-1,1,AB6353,0,2,20
C667,C676,8:39:18,5,-1,-1,AB5996,0,2,20
T319,T320,8:39:28,5,-1,-1,AB6335,0,2,50
T320,T321/2,8:40:18,5,-1,-1,AB6335,0,2,20
C676,C680,8:40:39,5,-1,-1,AB5996,0,2,60
T339/2,T313,8:40:49,5,-1,1,AB6353,0,2,70
T321/2,T323,8:41:29,5,-1,1,AB6335,0,2,30
C680,C669/1,8:41:39,5,-1,1,AB5996,0,2,30
T313,T315,8:42:10,5,-1,1,AB6353,0,2,20
T323,T324/2,8:42:20,5,-1,1,AB6335,0,2,10
C669/1,C693,8:43:10,5,-1,1,AB5996,0,2,60
T315,T375,8:43:33,5,-1,1,AB6353,0,2,72
T324/2,T327,8:43:53,5,-1,1,AB6335,0,2,62
T375,T380,8:44:23,5,-1,1,AB6353,0,2,20
C693,C681,8:44:45,5,-1,-1,AB5996,0,2,71
T327,T326/1,8:44:45,5,-1,1,AB6335,0,2,31
T380,T379,8:45:15,5,-1,1,AB6353,0,2,20
T326/1,T337,8:45:46,5,-1,1,AB6335,0,2,50
C681,C671,8:45:56,5,-1,-1,AB5996,0,2,40
T379,T359,8:46:26,5,-1,1,AB6353,0,2,50
T337,T336/2,8:46:26,5,-1,1,AB6335,0,2,30
C671,C695,8:47:27,5,-1,-1,AB5996,0,2,80
T359,T355/1,8:47:37,5,-1,1,AB6353,0,2,60
C695,C673,8:49:08,5,-1,-1,AB5996,0,2,70
C673,C672,8:49:59,5,-1,1,AB5996,0,2,40
C688/1,C691,8:53:22,5,-1,1,AB6353,0,2,62
C672,C670,8:54:03,5,-1,1,AB5996,0,2,133
C691,C652,8:54:23,5,-1,1,AB6353,0,2,50
C652,C655,8:55:24,5,-1,1,AB6353,0,2,50
C670,C679,8:55:24,5,-1,1,AB5996,0,2,40
C655,C657,8:56:45,5,-1,1,AB6353,0,2,40
C679,C694,8:57:05,5,-1,-1,AB5996,0,2,80
C657,C660,8:57:35,5,-1,1,AB6353,0,2,40
C694,C669/2,8:57:45,5,-1,-1,AB5996,0,2,30
C660,C662,8:58:36,5,-1,1,AB6353,0,2,20
C669/2,C687,8:58:56,5,-1,2,AB5996,0,2,30
C662,C664,8:59:06,5,-1,1,AB6353,0,2,20
C664,C666,8:59:37,5,-1,1,AB6353,0,2,20
C666,C677,8:59:57,5,-1,2,AB6353,0,2,10
C687,C675,9:00:07,5,-1,-1,AB5996,0,2,60
C677,C667,9:00:27,5,-1,-1,AB6353,0,2,20
C675,C668,9:00:27,5,-1,1,AB5996,0,2,10
C667,C676,9:00:58,5,-1,-1,AB6353,0,2,20
C668,C678,9:00:58,5,-1,1,AB5996,0,2,20
C678,C663,9:01:38,5,-1,1,AB5996,1,2,30
C676,C680,9:02:08,5,-1,-1,AB6353,0,2,60
C663,C661,9:02:18,5,-1,1,AB5996,0,2,20
C661,C659,9:02:59,5,-1,1,AB5996,0,2,30
C680,C669/1,9:03:19,5,-1,-1,AB6353,0,2,40
C659,C656,9:04:20,5,-1,1,AB5996,0,2,40
C669/1,C693,9:04:41,5,-1,-1,AB6353,0,2,62
C656,C654/2,9:05:32,5,-1,1,AB5996,0,2,50
C693,C671,9:07:13,5,-1,-1,AB6353,1,2,121
C654/2,C653/2,9:07:23,5,-1,1,AB5996,0,2,60
C653/2,C692,9:08:34,5,-1,1,AB5996,0,2,60
C671,C695,9:08:54,5,-1,-1,AB6353,0,2,70
C692,C689/1,9:09:35,5,-1,1,AB5996,0,2,30
C695,C673,9:10:56,5,-1,-1,AB6353,0,2,91
T335,T338,9:11:26,5,-1,1,AB6335,0,2,10
C673,C672,9:11:46,5,-1,1,AB6353,0,2,40
T338,T326/3,9:12:37,5,-1,-1,AB6335,0,2,60
T326/3,T332/2,9:13:17,5,-1,1,AB6335,0,2,30
T360,T376/1,9:14:28,5,-1,1,AB5996,0,2,30
T332/2,T325/2,9:14:59,5,-1,1,AB6335,0,2,50
T376/1,T363/1,9:15:19,5,-1,1,AB5996,0,2,40
T325/2,T339/2,9:15:49,5,-1,1,AB6335,0,2,20
T363/1,T306,9:16:32,5,-1,1,AB5996,0,2,52
T339/2,T313,9:17:12,5,-1,1,AB6335,0,2,52
C670,C679,9:17:32,5,-1,1,AB6353,0,2,30
T306,T314/2,9:17:32,5,-1,-1,AB5996,0,2,40
T313,T315,9:18:33,5,-1,1,AB6335,0,2,20
T314/2,T318,9:18:43,5,-1,-1,AB5996,0,2,10
T315,T375,9:19:54,5,-1,1,AB6335,0,2,70
C679,C694,9:20:04,5,-1,-1,AB6353,0,2,131
T319,T320,9:20:25,5,-1,-1,AB5996,0,2,30
T320,T321/2,9:21:05,5,-1,-1,AB5996,0,2,10
C694,C669/2,9:21:35,5,-1,-1,AB6353,0,2,40
T375,T380,9:21:56,5,-1,1,AB6335,0,2,80
T321/2,T323,9:22:16,5,-1,1,AB5996,0,2,20
T380,T379,9:22:36,5,-1,1,AB6335,0,2,20
C669/2,C687,9:22:36,5,-1,1,AB6353,0,2,20
T323,T324/2,9:23:16,5,-1,1,AB5996,0,2,20
C687,C675,9:23:47,5,-1,1,AB6353,0,2,60
T379,T359,9:23:57,5,-1,1,AB6335,0,2,50
C675,C678,9:24:37,5,-1,1,AB6353,1,2,40
T324/2,T327,9:24:58,5,-1,1,AB5996,0,2,80
T359,T355/1,9:25:08,5,-1,1,AB6335,0,2,60
C678,C665,9:25:38,5,-1,1,AB6353,0,2,20
C665,C663,9:26:08,5,-1,1,AB6353,0,2,20
C663,C661,9:26:39,5,-1,1,AB6353,0,2,20
T327,T337,9:26:59,5,-1,1,AB5996,1,2,90
C661,C659,9:27:19,5,-1,1,AB6353,0,2,20
T337,T336/2,9:27:39,5,-1,1,AB5996,0,2,30
C659,C656,9:28:52,5,-1,1,AB6353,0,2,62
C688/1,C691,9:31:03,5,-1,1,AB6335,0,2,30
C691,C652,9:32:35,5,-1,1,AB6335,0,2,50
C652,C655,9:33:35,5,-1,1,AB6335,0,2,40
C655,C657,9:34:26,5,-1,1,AB6335,0,2,40
C692,C689/1,9:34:26,5,-1,1,AB6353,0,2,10
C657,C660,9:35:37,5,-1,1,AB6335,0,2,40
C660,C662,9:36:17,5,-1,1,AB6335,0,2,20
C662,C664,9:36:48,5,-1,1,AB6335,0,2,20
C664,C666,9:37:18,5,-1,1,AB6335,0,2,20
C666,C677,9:37:38,5,-1,2,AB6335,0,2,10
C689/1,T360,9:37:38,5,-1,1,AB6353,0,2,111
T336/2,T335,9:38:09,5,-1,1,AB5996,0,2,20
C677,C667,9:38:09,5,-1,1,AB6335,0,2,20
C667,C676,9:38:29,5,-1,-1,AB6335,0,2,10
T335,T338,9:38:59,5,-1,1,AB5996,0,2,10
T360,T376/1,9:39:40,5,-1,1,AB6353,0,2,90
C676,C680,9:39:50,5,-1,-1,AB6335,0,2,70
T338,T326/3,9:40:10,5,-1,-1,AB5996,0,2,60
C680,C669/1,9:40:50,5,-1,1,AB6335,0,2,30
T376/1,T363/1,9:40:50,5,-1,1,AB6353,0,2,60
T326/3,T332/2,9:41:11,5,-1,1,AB5996,0,2,40
T363/1,T306,9:41:52,5,-1,1,AB6353,0,2,31
C669/1,C693,9:42:12,5,-1,1,AB6335,0,2,40
T306,T318,9:42:43,5,-1,-1,AB6353,1,2,30
T332/2,T325/2,9:42:53,5,-1,1,AB5996,0,2,60
C693,C681,9:43:43,5,-1,-1,AB6335,0,2,70
T325/2,T339/2,9:43:54,5,-1,1,AB5996,0,2,20
T318,T319,9:44:14,5,-1,-1,AB6353,0,2,60
C681,C671,9:44:44,5,-1,-1,AB6335,0,2,50
T319,T320,9:45:25,5,-1,-1,AB6353,0,2,40
T339/2,T313,9:45:35,5,-1,1,AB5996,0,2,60
T320,T321/2,9:45:55,5,-1,-1,AB6353,0,2,10
T313,T315,9:46:35,5,-1,1,AB5996,0,2,10
T321/2,T323,9:47:16,5,-1,1,AB6353,0,2,20
T315,T375,9:47:57,5,-1,1,AB5996,0,2,71
C671,C673,9:47:57,5,-1,-1,AB6335,1,2,162
T323,T324/2,9:47:57,5,-1,1,AB6353,0,2,10
C673,C672,9:48:48,5,-1,1,AB6335,0,2,30
T324/2,T327,9:49:08,5,-1,1,AB6353,0,2,50
T375,T380,9:49:18,5,-1,1,AB5996,0,2,20
T380,T379,9:49:59,5,-1,1,AB5996,0,2,10
T327,T326/1,9:50:09,5,-1,1,AB6353,0,2,30
T379,T359,9:50:39,5,-1,1,AB5996,0,2,20
T326/1,T337,9:51:09,5,-1,1,AB6353,0,2,50
C672,C670,9:51:20,5,-1,1,AB6335,0,2,121
T359,T355/1,9:51:54,5,-1,1,AB5996,0,2,54
T337,T336/2,9:51:54,5,-1,1,AB6353,0,2,20
C670,C679,9:52:14,5,-1,1,AB6335,0,2,30
C679,C669/2,9:54:27,5,-1,-1,AB6335,1,2,123
C669/2,C687,9:55:48,5,-1,1,AB6335,0,2,30
C687,C675,9:57:09,5,-1,1,AB6335,0,2,60
C675,C668,9:57:40,5,-1,1,AB6335,0,2,20
C688/1,C691,9:58:00,5,-1,1,AB5996,0,2,70
C668,C678,9:58:20,5,-1,1,AB6335,0,2,20
C678,C665,9:59:03,5,-1,1,AB6335,0,2,20
C665,C663,9:59:43,5,-1,1,AB6335,0,2,20
C691,C652,10:00:45,5,-1,1,AB5996,0,2,122
C663,C659,10:01:15,5,-1,1,AB6335,1,2,61
C652,C657,10:02:26,5,-1,1,AB5996,1,2,91
C659,C656,10:02:26,5,-1,1,AB6335,0,2,50
C657,C660,10:03:27,5,-1,1,AB5996,0,2,40
C656,C654/2,10:03:37,5,-1,1,AB6335,0,2,60
C660,C662,10:04:07,5,-1,1,AB5996,0,2,10
C662,C664,10:04:47,5,-1,1,AB5996,0,2,30
C654/2,C653/2,10:05:18,5,-1,1,AB6335,0,2,80
T336/2,T335,10:05:38,5,-1,1,AB5730,0,2,30
C664,C677,10:05:38,5,-1,1,AB5996,1,2,40
C677,C667,10:06:18,5,-1,1,AB5996,0,2,30
T335,T338,10:06:29,5,-1,1,AB5730,0,2,10
C667,C676,10:06:39,5,-1,-1,AB5996,0,2,10
C653/2,C692,10:06:39,5,-1,1,AB6335,0,2,50
C692,C689/1,10:07:40,5,-1,1,AB6335,0,2,10
T338,T326/3,10:08:20,5,-1,-1,AB5730,0,2,70
C676,C680,10:08:20,5,-1,-1,AB5996,0,2,60
T326/3,T332/2,10:09:34,5,-1,1,AB5730,0,2,50
C680,C669/1,10:09:34,5,-1,1,AB5996,0,2,50
C689/1,T360,10:10:55,5,-1,1,AB6335,0,2,131
C669/1,C693,10:11:05,5,-1,1,AB5996,0,2,70
T332/2,T325/2,10:11:15,5,-1,1,AB5730,0,2,60
T360,T376/1,10:11:56,5,-1,1,AB6335,0,2,40
T325/2,T339/2,10:12:06,5,-1,1,AB5730,0,2,20
C693,C681,10:12:26,5,-1,-1,AB5996,0,2,70
C681,C671,10:13:27,5,-1,-1,AB5996,0,2,50
T339/2,T313,10:13:47,5,-1,1,AB5730,0,2,60
T376/1,T363/1,10:14:17,5,-1,1,AB6335,0,2,111
T313,T315,10:14:37,5,-1,1,AB5730,0,2,20
C671,C695,10:15:08,5,-1,-1,AB5996,0,2,70
T363/1,T306,10:15:48,5,-1,1,AB6335,0,2,60
T315,T375,10:16:18,5,-1,1,AB5730,0,2,90
T306,T314/2,10:16:39,5,-1,-1,AB6335,0,2,40
T375,T380,10:17:19,5,-1,1,AB5730,0,2,30
C695,C672,10:17:19,5,-1,1,AB5996,1,2,111
T380,T379,10:17:39,5,-1,1,AB5730,0,2,10
T379,T359,10:18:31,5,-1,1,AB5730,0,2,21
T319,T320,10:19:52,5,-1,-1,AB6335,0,2,40
T359,T355/1,10:20:02,5,-1,1,AB5730,0,2,70
C672,C670,10:20:02,5,-1,1,AB5996,0,2,132
T320,T321/2,10:20:54,5,-1,-1,AB6335,0,2,20
C670,C679,10:21:04,5,-1,1,AB5996,0,2,51
T321/2,T323,10:21:44,5,-1,1,AB6335,0,2,20
C679,C694,10:22:35,5,-1,-1,AB5996,0,2,80
C694,C669/2,10:23:25,5,-1,-1,AB5996,0,2,30
T324/2,T327,10:23:25,5,-1,1,AB6335,0,2,50
T327,T326/1,10:24:06,5,-1,1,AB6335,0,2,30
C669/2,C687,10:24:56,5,-1,1,AB5996,0,2,20
T326/1,T337,10:24:56,5,-1,1,AB6335,0,2,40
C688/1,C691,10:25:06,5,-1,1,AB5730,0,2,30
T337,T336/2,10:25:37,5,-1,1,AB6335,0,2,30
C687,C675,10:26:27,5,-1,1,AB5996,0,2,50
C675,C668,10:26:58,5,-1,1,AB5996,0,2,20
C691,C652,10:27:18,5,-1,1,AB5730,0,2,80
C668,C678,10:27:38,5,-1,1,AB5996,0,2,10
C652,C655,10:28:29,5,-1,1,AB5730,0,2,30
C678,C665,10:28:29,5,-1,1,AB5996,0,2,20
C665,C663,10:28:59,5,-1,1,AB5996,0,2,20
C663,C659,10:30:03,5,-1,1,AB5996,1,2,53
C655,C657,10:30:23,5,-1,1,AB5730,0,2,50
C657,C660,10:31:24,5,-1,1,AB5730,0,2,50
C659,C656,10:31:44,5,-1,1,AB5996,0,2,40
C660,C662,10:32:15,5,-1,1,AB5730,0,2,20
C656,C654/2,10:32:45,5,-1,1,AB5996,0,2,40
C662,C664,10:32:55,5,-1,1,AB5730,0,2,30
C664,C666,10:33:46,5,-1,1,AB5730,0,2,20
C666,C677,10:34:07,5,-1,1,AB5730,0,2,10
C654/2,C653/2,10:34:07,5,-1,1,AB5996,0,2,51
C677,C676,10:34:57,5,-1,-1,AB5730,1,2,40
C653/2,C692,10:34:57,5,-1,1,AB5996,0,2,40
C676,C680,10:36:08,5,-1,-1,AB5730,0,2,60
C692,C689/1,10:36:28,5,-1,1,AB5996,0,2,40
T336/2,T335,10:36:48,5,-1,1,AB6353,0,2,30
C680,C669/1,10:37:09,5,-1,1,AB5730,0,2,20
T335,T338,10:37:49,5,-1,1,AB6353,0,2,10
C669/1,C693,10:38:30,5,-1,1,AB5730,0,2,60
C689/1,T360,10:38:40,5,-1,1,AB5996,0,2,101
T338,T326/3,10:39:43,5,-1,-1,AB6353,0,2,63
C693,C681,10:39:43,5,-1,-1,AB5730,0,2,63
T326/3,T332/2,10:40:44,5,-1,1,AB6353,0,2,40
T360,T376/1,10:40:44,5,-1,1,AB5996,0,2,104
C681,C671,10:40:54,5,-1,-1,AB5730,0,2,50
T376/1,T363/1,10:42:17,5,-1,1,AB5996,0,2,82
C671,C695,10:42:27,5,-1,-1,AB5730,0,2,82
T332/2,T325/2,10:42:48,5,-1,1,AB6353,0,2,93
T363/1,T306,10:44:09,5,-1,1,AB5996,0,2,60
T325/2,T339/2,10:44:19,5,-1,1,AB6353,0,2,40
C695,C673,10:44:29,5,-1,-1,AB5730,0,2,91
C673,C672,10:45:19,5,-1,1,AB5730,0,2,40
T306,T314/2,10:45:19,5,-1,-1,AB5996,0,2,30
T339/2,T313,10:46:10,5,-1,1,AB6353,0,2,70
T318,T319,10:46:50,5,-1,-1,AB5996,0,2,10
T313,T315,10:47:11,5,-1,1,AB6353,0,2,20
T319,T320,10:47:52,5,-1,-1,AB5996,0,2,51
C672,C670,10:48:33,5,-1,1,AB5730,0,2,153
T315,T375,10:48:43,5,-1,1,AB6353,0,2,60
T320,T321/2,10:49:13,5,-1,-1,AB5996,0,2,20
C670,C679,10:49:44,5,-1,1,AB5730,0,2,40
T321/2,T323,10:50:04,5,-1,1,AB5996,0,2,30
T375,T380,10:50:24,5,-1,1,AB6353,0,2,70
T323,T324/2,10:50:44,5,-1,1,AB5996,0,2,10
C679,C694,10:51:25,5,-1,-1,AB5730,0,2,91
T380,T359,10:51:45,5,-1,1,AB6353,1,2,50
C694,C669/2,10:52:26,5,-1,-1,AB5730,0,2,40
T324/2,T327,10:52:26,5,-1,1,AB5996,0,2,70
T359,T355/1,10:52:56,5,-1,1,AB6353,0,2,60
C669/2,C687,10:53:26,5,-1,-1,AB5730,0,2,30
T327,T326/1,10:53:26,5,-1,1,AB5996,0,2,30
T326/1,T337,10:54:27,5,-1,1,AB5996,0,2,50
T337,T336/2,10:55:28,5,-1,1,AB5996,0,2,30
C687,C668,10:55:38,5,-1,1,AB5730,1,2,101
C668,C678,10:56:08,5,-1,1,AB5730,0,2,10
C678,C665,10:57:19,5,-1,1,AB5730,0,2,30
C665,C663,10:57:59,5,-1,1,AB5730,0,2,10
C663,C661,10:58:50,5,-1,1,AB5730,0,2,40
C688/1,C691,10:59:00,5,-1,1,AB6353,0,2,40
C661,C659,10:59:33,5,-1,1,AB5730,0,2,22
C691,C652,11:01:04,5,-1,1,AB6353,0,2,90
C659,C656,11:01:04,5,-1,1,AB5730,0,2,50
C656,C654/2,11:02:24,5,-1,1,AB5730,0,2,60
C652,C655,11:02:35,5,-1,1,AB6353,0,2,30
C655,C657,11:03:56,5,-1,1,AB6353,0,2,40
C657,C660,11:04:56,5,-1,1,AB6353,0,2,40
C654/2,C653/2,11:05:17,5,-1,1,AB5730,0,2,141
C660,C662,11:05:47,5,-1,1,AB6353,0,2,20
C662,C664,11:06:17,5,-1,1,AB6353,0,2,20
C664,C666,11:06:48,5,-1,1,AB6353,0,2,20
C666,C677,11:07:08,5,-1,1,AB6353,0,2,10
C653/2,C692,11:07:18,5,-1,1,AB5730,0,2,91
C677,C667,11:07:48,5,-1,1,AB6353,0,2,30
C667,C676,11:08:08,5,-1,-1,AB6353,0,2,10
C692,C689/1,11:08:59,5,-1,1,AB5730,0,2,70
C676,C680,11:09:19,5,-1,-1,AB6353,0,2,60
T336/2,T335,11:10:10,5,-1,1,AB6335,0,2,20
C680,C669/1,11:10:34,5,-1,1,AB6353,0,2,44
T335,T338,11:10:44,5,-1,1,AB6335,0,2,10
T338,T326/3,11:11:55,5,-1,-1,AB6335,0,2,50
C669/1,C693,11:12:05,5,-1,1,AB6353,0,2,60
T326/3,T332/2,11:12:46,5,-1,1,AB6335,0,2,40
C693,C681,11:13:26,5,-1,-1,AB6353,0,2,71
C681,C671,11:14:27,5,-1,-1,AB6353,0,2,50
T332/2,T325/2,11:14:37,5,-1,1,AB6335,0,2,60
T360,T376/1,11:14:47,5,-1,1,AB5730,0,2,70
T325/2,T339/2,11:15:28,5,-1,1,AB6335,0,2,20
C671,C695,11:16:18,5,-1,-1,AB6353,0,2,80
T339/2,T313,11:16:38,5,-1,1,AB6335,0,2,50
T376/1,T363/1,11:17:59,5,-1,1,AB5730,0,2,131
C695,C673,11:18:09,5,-1,-1,AB6353,0,2,90
C673,C672,11:18:53,5,-1,1,AB6353,0,2,33
T313,T375,11:19:23,5,-1,1,AB6335,1,2,124
T363/1,T306,11:20:24,5,-1,1,AB5730,0,2,91
T375,T380,11:20:34,5,-1,1,AB6335,0,2,40
T380,T379,11:21:15,5,-1,1,AB6335,0,2,10
T306,T318,11:21:15,5,-1,-1,AB5730,1,2,40
C672,C670,11:22:26,5,-1,1,AB6353,0,2,151
T379,T355/1,11:23:06,5,-1,1,AB6335,1,2,80
T318,T319,11:23:37,5,-1,-1,AB5730,0,2,81
C670,C679,11:23:57,5,-1,1,AB6353,0,2,30
T319,T320,11:24:27,5,-1,-1,AB5730,0,2,40
T320,T321/2,11:25:48,5,-1,-1,AB5730,0,2,10
C679,C694,11:25:58,5,-1,-1,AB6353,0,2,91
C694,C669/2,11:26:59,5,-1,-1,AB6353,0,2,40
T321/2,T323,11:27:19,5,-1,1,AB5730,0,2,50
T323,T324/2,11:28:00,5,-1,1,AB5730,0,2,10
C669/2,C687,11:28:20,5,-1,1,AB6353,0,2,20
C688/1,C691,11:29:05,5,-1,1,AB6335,0,2,64
C687,C675,11:29:35,5,-1,1,AB6353,0,2,60
T324/2,T327,11:29:45,5,-1,1,AB5730,0,2,70
C675,C668,11:30:06,5,-1,1,AB6353,0,2,20
C691,C652,11:30:26,5,-1,1,AB6335,0,2,50
T327,T326/1,11:30:36,5,-1,1,AB5730,0,2,30
C668,C665,11:30:57,5,-1,1,AB6353,1,2,31
C665,C663,11:31:17,5,-1,1,AB6353,0,2,10
C652,C655,11:31:48,5,-1,1,AB6335,0,2,30
C663,C661,11:31:58,5,-1,1,AB6353,0,2,30
T326/1,T337,11:32:18,5,-1,1,AB5730,0,2,70
C661,C659,11:32:28,5,-1,1,AB6353,0,2,20
C655,C657,11:33:19,5,-1,1,AB6335,0,2,50
T337,T336/2,11:33:19,5,-1,1,AB5730,0,2,30
C659,C656,11:33:49,5,-1,1,AB6353,0,2,50
C657,C660,11:34:50,5,-1,1,AB6335,0,2,60
C656,C654/2,11:35:00,5,-1,1,AB6353,0,2,60
C660,C662,11:35:10,5,-1,1,AB6335,0,2,10
C662,C664,11:35:52,5,-1,1,AB6335,0,2,32
C664,C666,11:36:33,5,-1,1,AB6335,0,2,20
C666,C677,11:36:53,5,-1,1,AB6335,0,2,10
C677,C667,11:37:24,5,-1,1,AB6335,0,2,20
C654/2,C653/2,11:37:34,5,-1,1,AB6353,0,2,121
C667,C676,11:37:54,5,-1,-1,AB6335,0,2,10
C676,C680,11:39:05,5,-1,-1,AB6335,0,2,60
C653/2,C692,11:39:36,5,-1,1,AB6353,0,2,91
C680,C669/1,11:39:56,5,-1,1,AB6335,0,2,40
C669/1,C693,11:41:17,5,-1,1,AB6335,0,2,60
C692,C689/1,11:41:17,5,-1,1,AB6353,0,2,20
C693,C681,11:42:58,5,-1,-1,AB6335,0,2,80
C681,C671,11:43:59,5,-1,-1,AB6335,0,2,50
C689/1,T360,11:45:20,5,-1,1,AB6353,0,2,141
C671,C695,11:45:52,5,-1,-1,AB6335,0,2,92
T336/2,T335,11:46:22,5,-1,1,AB5996,0,2,40
T335,T338,11:46:52,5,-1,1,AB5996,0,2,10
C695,C673,11:47:13,5,-1,-1,AB6335,0,2,70
T360,T376/1,11:47:34,5,-1,1,AB6353,0,2,82
C673,C672,11:48:04,5,-1,1,AB6335,0,2,20
T338,T326/3,11:48:15,5,-1,-1,AB5996,0,2,61
T326/3,T332/2,11:49:46,5,-1,1,AB5996,0,2,50
T376/1,T363/1,11:49:46,5,-1,1,AB6353,0,2,50
C672,C679,11:51:27,5,-1,1,AB6335,1,2,181
T332/2,T325/2,11:52:07,5,-1,1,AB5996,0,2,101
T363/1,T306,11:52:27,5,-1,1,AB6353,0,2,90
T325/2,T339/2,11:52:58,5,-1,1,AB5996,0,2,20
C679,C694,11:53:28,5,-1,-1,AB6335,0,2,90
T306,T318,11:53:28,5,-1,-1,AB6353,1,2,40
T339/2,T313,11:54:49,5,-1,1,AB5996,0,2,90
C694,C669/2,11:54:59,5,-1,-1,AB6335,0,2,60
T313,T315,11:55:49,5,-1,1,AB5996,0,2,20
C669/2,C687,11:55:49,5,-1,1,AB6335,0,2,30
T318,T319,11:56:10,5,-1,-1,AB6353,0,2,80
C687,C675,11:57:14,5,-1,2,AB6335,0,2,54
T319,T320,11:57:24,5,-1,-1,AB6353,0,2,40
T315,T375,11:57:45,5,-1,1,AB5996,0,2,70
C675,C678,11:58:15,5,-1,1,AB6335,1,2,50
T320,T321/2,11:58:25,5,-1,-1,AB6353,0,2,10
C678,C665,11:58:57,5,-1,1,AB6335,0,2,31
C665,C663,11:59:17,5,-1,1,AB6335,0,2,10
T321/2,T323,11:59:27,5,-1,1,AB6353,0,2,20
T375,T380,11:59:37,5,-1,1,AB5996,0,2,72
C663,C661,11:59:58,5,-1,2,AB6335,0,2,30
T380,T379,12:00:08,5,-1,-1,AB5996,0,2,20
T379,T359,12:00:38,5,-1,-1,AB5996,0,2,10
C661,C659,12:00:49,5,-1,-1,AB6335,0,2,21
T359,T355/1,12:01:54,5,-1,-1,AB5996,0,2,64
T324/2,T327,12:02:14,5,-1,-1,AB6353,0,2,63
C659,C656,12:02:48,5,-1,-1,AB6335,0,2,54
T327,T326/1,12:03:00,5,-1,-1,AB6353,0,2,23
T326/1,T337,12:04:05,5,-1,-1,AB6353,0,2,54
C656,C654/2,12:04:15,5,-1,-1,AB6335,0,2,64
T337,T336/2,12:04:49,5,-1,-1,AB6353,0,2,20
C654/2,C653/2,12:06:39,5,-1,1,AB6335,0,2,120
C653/2,C692,12:08:06,5,-1,1,AB6335,0,2,75
C688/1,C691,12:08:36,5,-1,1,AB5996,0,2,72
C692,C689/1,12:10:00,5,-1,1,AB6335,0,2,41
C691,C652,12:10:26,5,-1,1,AB5996,0,2,78
C652,C655,12:11:40,5,-1,1,AB5996,0,2,32
C655,C657,12:12:53,5,-1,1,AB5996,0,2,40
C689/1,T360,12:13:03,5,-1,1,AB6335,0,2,124
C657,C660,12:13:45,5,-1,1,AB5996,0,2,31
C660,C662,12:14:16,5,-1,1,AB5996,0,2,21
C662,C664,12:14:56,5,-1,1,AB5996,0,2,30
T360,T376/1,12:15:06,5,-1,1,AB6335,0,2,71
C664,C677,12:16:17,5,-1,1,AB5996,1,2,40
C677,C667,12:16:48,5,-1,1,AB5996,0,2,20
C667,C676,12:17:08,5,-1,-1,AB5996,0,2,10
T376/1,T363/1,12:17:38,5,-1,1,AB6335,0,2,141
C676,C680,12:18:19,5,-1,-1,AB5996,0,2,60
C680,C669/1,12:18:59,5,-1,1,AB5996,0,2,30
T336/2,T335,12:19:50,5,-1,1,AB6353,0,2,30
T363/1,T306,12:20:21,5,-1,1,AB6335,0,2,111
C669/1,C693,12:20:33,5,-1,1,AB5996,0,2,62
T335,T338,12:20:43,5,-1,1,AB6353,0,2,10
C693,C681,12:21:54,5,-1,-1,AB5996,0,2,70
T338,T326/3,12:22:04,5,-1,-1,AB6353,0,2,70
T306,T314/2,12:22:45,5,-1,-1,AB6335,0,2,121
C681,C671,12:22:55,5,-1,-1,AB5996,0,2,50
T326/3,T332/2,12:24:07,5,-1,1,AB6353,0,2,112
C671,C695,12:24:27,5,-1,-1,AB5996,0,2,82
T314/2,T318,12:25:18,5,-1,-1,AB6335,0,2,10
T332/2,T325/2,12:25:38,5,-1,1,AB6353,0,2,80
C695,C673,12:26:08,5,-1,-1,AB5996,0,2,90
T318,T319,12:26:08,5,-1,-1,AB6335,0,2,10
T325/2,T339/2,12:26:53,5,-1,1,AB6353,0,2,20
C673,C672,12:26:53,5,-1,1,AB5996,0,2,20
T319,T320,12:27:53,5,-1,-1,AB6335,0,2,80
T339/2,T313,12:28:44,5,-1,1,AB6353,0,2,80
C672,C670,12:29:24,5,-1,1,AB5996,0,2,131
T320,T321/2,12:29:24,5,-1,-1,AB6335,0,2,20
T313,T315,12:29:45,5,-1,1,AB6353,0,2,50
C670,C679,12:30:45,5,-1,1,AB5996,0,2,40
T321/2,T323,12:30:45,5,-1,1,AB6335,0,2,50
T315,T375,12:30:55,5,-1,1,AB6353,0,2,60
T323,T324/2,12:31:16,5,-1,1,AB6335,0,2,10
T375,T380,12:31:56,5,-1,1,AB6353,0,2,30
C679,C694,12:32:16,5,-1,-1,AB5996,0,2,80
T380,T379,12:32:36,5,-1,1,AB6353,0,2,10
T324/2,T327,12:32:47,5,-1,1,AB6335,0,2,60
T379,T359,12:33:17,5,-1,1,AB6353,0,2,20
C694,C669/2,12:33:17,5,-1,-1,AB5996,0,2,40
C669/2,C687,12:34:18,5,-1,1,AB5996,0,2,30
T327,T337,12:34:28,5,-1,1,AB6335,1,2,90
T359,T355/1,12:34:38,5,-1,1,AB6353,0,2,70
T337,T336/2,12:35:28,5,-1,1,AB6335,0,2,30
C687,C675,12:35:39,5,-1,1,AB5996,0,2,70
C675,C668,12:36:09,5,-1,1,AB5996,0,2,20
C668,C678,12:36:29,5,-1,1,AB5996,0,2,10
C678,C663,12:37:20,5,-1,1,AB5996,1,2,40
C663,C661,12:38:00,5,-1,1,AB5996,0,2,30
C661,C659,12:38:32,5,-1,1,AB5996,0,2,22
C659,C656,12:39:34,5,-1,1,AB5996,0,2,41
C656,C654/2,12:40:45,5,-1,1,AB5996,0,2,60
C688/1,C691,12:40:55,5,-1,1,AB6353,0,2,30
C691,C652,12:43:21,5,-1,1,AB6353,0,2,105
C654/2,C653/2,12:43:35,5,-1,1,AB5996,0,2,109
C652,C655,12:44:46,5,-1,1,AB6353,0,2,40
C653/2,C692,12:45:36,5,-1,1,AB5996,0,2,91
C655,C657,12:46:17,5,-1,1,AB6353,0,1,60
C657,C660,12:46:57,5,-1,1,AB6353,0,1,30
C692,C689/1,12:47:17,5,-1,1,AB5996,0,1,30
C660,C662,12:47:48,5,-1,1,AB6353,0,1,20
C662,C664,12:48:49,5,-1,1,AB6353,0,1,30
C664,C677,12:49:29,5,-1,1,AB6353,1,1,30
C677,C667,12:50:00,5,-1,1,AB6353,0,1,20
C667,C676,12:50:32,5,-1,-1,AB6353,0,1,22
C689/1,T360,12:50:52,5,-1,1,AB5996,0,1,154
C676,C680,12:51:33,5,-1,-1,AB6353,0,1,50
C680,C669/1,12:52:34,5,-1,1,AB6353,0,1,30
T360,T376/1,12:53:25,5,-1,1,AB5996,0,1,131
C669/1,C693,12:53:45,5,-1,1,AB6353,0,1,50
T336/2,T335,12:54:45,5,-1,1,AB6335,0,1,20
C693,C681,12:55:06,5,-1,-1,AB6353,0,1,70
T376/1,T363/1,12:55:16,5,-1,1,AB5996,0,1,101
T335,T338,12:55:36,5,-1,1,AB6335,0,1,10
C681,C671,12:56:07,5,-1,-1,AB6353,0,1,51
T363/1,T306,12:56:28,5,-1,1,AB5996,0,1,51
T338,T326/3,12:56:58,5,-1,-1,AB6335,0,1,61
T306,T314/2,12:57:18,5,-1,-1,AB5996,0,1,40
C671,C695,12:57:48,5,-1,-1,AB6353,0,1,80
T326/3,T332/2,12:58:19,5,-1,1,AB6335,0,1,50
C695,C673,12:59:52,5,-1,-1,AB6353,0,1,92
T332/2,T325/2,13:00:53,5,-1,-1,AB6335,0,1,124
C673,C672,13:00:53,5,-1,-1,AB6353,0,1,51
T318,T319,13:00:53,5,-1,-1,AB5996,0,1,81
T325/2,T339/2,13:02:04,5,-1,-1,AB6335,0,1,30
C672,C670,13:03:35,5,-1,-1,AB6353,0,1,131
T339/2,T313,13:04:16,5,-1,-1,AB6335,0,1,70
T319,T320,13:04:16,5,-1,-1,AB5996,0,1,182
C670,C679,13:04:56,5,-1,-1,AB6353,0,1,40
T313,T315,13:05:06,5,-1,1,AB6335,0,1,20
T320,T321/2,13:06:07,5,-1,-1,AB5996,0,1,20
C679,C694,13:06:28,5,-1,-1,AB6353,0,1,81
T315,T375,13:06:58,5,-1,1,AB6335,0,1,70
C694,C669/2,13:07:28,5,-1,-1,AB6353,0,1,40
T321/2,T323,13:07:28,5,-1,1,AB5996,0,1,60
C669/2,C687,13:08:39,5,-1,1,AB6353,0,1,30
T375,T380,13:08:49,5,-1,1,AB6335,0,1,50
T323,T324/2,13:09:09,5,-1,1,AB5996,0,1,40
T380,T379,13:09:33,5,-1,1,AB6335,0,1,13
C687,C675,13:09:43,5,-1,1,AB6353,0,1,54
C675,C668,13:10:14,5,-1,1,AB6353,0,1,20
T324/2,T327,13:10:24,5,-1,1,AB5996,0,1,64
T379,T359,13:10:59,5,-1,1,AB6335,0,1,55
T327,T326/1,13:10:59,5,-1,1,AB5996,0,1,24
C678,C665,13:11:40,5,-1,1,AB6353,0,1,30
T326/1,T337,13:12:10,5,-1,1,AB5996,0,1,60
T359,T355/1,13:12:20,5,-1,1,AB6335,0,1,70
C665,C663,13:12:34,5,-1,1,AB6353,0,1,23
T337,T336/2,13:12:44,5,-1,1,AB5996,0,1,23
C663,C661,13:13:24,5,-1,1,AB6353,0,1,30
C661,C659,13:14:25,5,-1,1,AB6353,0,1,30
C659,C656,13:16:27,5,-1,1,AB6353,0,1,50
C656,C654/2,13:17:17,5,-1,1,AB6353,0,1,40
C654/2,C653/2,13:18:48,5,-1,1,AB6353,0,1,70
C688/1,C691,13:19:39,5,-1,1,AB6335,0,1,70
C653/2,C692,13:20:29,5,-1,1,AB6353,0,1,60
C691,C652,13:21:31,5,-1,1,AB6335,0,1,51
C692,C689/1,13:22:12,5,-1,1,AB6353,0,1,71
C652,C655,13:22:44,5,-1,1,AB6335,0,1,62
C655,C657,13:23:35,5,-1,1,AB6335,0,1,40
C657,C660,13:24:35,5,-1,1,AB6335,0,1,50
C689/1,T360,13:25:16,5,-1,1,AB6353,0,1,121
C660,C662,13:25:46,5,-1,1,AB6335,0,1,10
T360,T376/1,13:26:17,5,-1,1,AB6353,0,1,30
C662,C664,13:26:27,5,-1,1,AB6335,0,1,20
C664,C666,13:27:17,5,-1,1,AB6335,0,1,10
C666,C677,13:27:37,5,-1,1,AB6335,0,1,10
C677,C667,13:28:08,5,-1,1,AB6335,0,1,10
C667,C676,13:28:59,5,-1,-1,AB6335,0,1,10
T376/1,T363/1,13:30:20,5,-1,1,AB6353,0,1,182
T336/2,T335,13:30:34,5,-1,1,AB5996,0,1,45
C676,C680,13:30:45,5,-1,-1,AB6335,0,1,75
T335,T338,13:31:15,5,-1,1,AB5996,0,1,10
C680,C669/1,13:31:25,5,-1,1,AB6335,0,1,20
T338,T326/3,13:32:36,5,-1,-1,AB5996,0,1,70
T363/1,T306,13:32:56,5,-1,1,AB6353,0,1,50
C669/1,C693,13:33:06,5,-1,1,AB6335,0,1,60
T326/3,T332/2,13:33:16,5,-1,1,AB5996,0,1,30
T306,T318,13:33:57,5,-1,-1,AB6353,1,1,40
C693,C681,13:34:27,5,-1,-1,AB6335,0,1,70
T332/2,T325/2,13:35:18,5,-1,1,AB5996,0,1,80
C681,C671,13:35:38,5,-1,-1,AB6335,0,1,50
T318,T319,13:35:58,5,-1,-1,AB6353,0,1,91
T325/2,T339/2,13:36:18,5,-1,1,AB5996,0,1,30
C671,C695,13:37:29,5,-1,-1,AB6335,0,1,80
T319,T320,13:37:39,5,-1,-1,AB6353,0,1,80
C695,C673,13:39:22,5,-1,-1,AB6335,0,1,82
T320,T321/2,13:39:22,5,-1,-1,AB6353,0,1,20
T339/2,T315,13:39:44,5,-1,1,AB5996,1,1,165
C673,C672,13:40:04,5,-1,1,AB6335,0,1,20
T321/2,T323,13:40:45,5,-1,1,AB6353,0,1,40
T315,T375,13:41:35,5,-1,1,AB5996,0,1,70
T323,T324/2,13:41:55,5,-1,1,AB6353,0,1,20
C672,C670,13:42:26,5,-1,3,AB6335,0,1,121
T375,T380,13:42:36,5,-1,1,AB5996,0,1,20
T380,T379,13:43:37,5,-1,1,AB5996,0,1,20
C670,C679,13:43:37,5,-1,3,AB6335,0,1,40
T324/2,T327,13:43:57,5,-1,1,AB6353,0,1,71
T379,T359,13:44:27,5,-1,1,AB5996,0,1,20
T327,T326/1,13:44:58,5,-1,1,AB6353,0,1,30
C679,C694,13:45:18,5,-1,-1,AB6335,0,1,91
T359,T355/1,13:45:58,5,-1,1,AB5996,0,1,60
C694,C669/2,13:46:29,5,-1,-1,AB6335,0,1,40
T326/1,T337,13:46:29,5,-1,1,AB6353,0,1,70
T337,T336/2,13:46:59,5,-1,1,AB6353,0,1,20
C669/2,C687,13:47:40,5,-1,2,AB6335,0,1,30
C687,C675,13:48:44,5,-1,-1,AB6335,0,1,54
C675,C668,13:49:24,5,-1,1,AB6335,0,1,30
C668,C678,13:49:45,5,-1,1,AB6335,0,1,10
C678,C665,13:50:25,5,-1,1,AB6335,0,1,30
C665,C663,13:51:06,5,-1,1,AB6335,0,1,10
C663,C661,13:52:16,5,-1,1,AB6335,0,1,30
C688/1,C691,13:52:37,5,-1,1,AB5996,0,1,60
C661,C659,13:53:07,5,-1,1,AB6335,0,1,40
C659,C656,13:54:24,5,-1,1,AB6335,0,1,40
C691,C652,13:55:14,5,-1,1,AB5996,0,1,117
C656,C654/2,13:56:05,5,-1,1,AB6335,0,1,60
C652,C655,13:56:25,5,-1,1,AB5996,0,1,40
C654/2,C653/2,13:57:36,5,-1,1,AB6335,0,1,40
C655,C657,13:58:07,5,-1,1,AB5996,0,1,50
C657,C660,13:58:47,5,-1,1,AB5996,0,1,30
C660,C662,13:59:58,5,-1,1,AB5996,0,1,20
C653/2,C692,14:00:28,5,-1,1,AB6335,0,1,121
C662,C664,14:00:59,5,-1,1,AB5996,0,1,30
C692,C689/1,14:00:59,5,-1,1,AB6335,0,1,10
C664,C666,14:01:29,5,-1,1,AB5996,0,1,20
C666,C677,14:01:49,5,-1,1,AB5996,0,1,10
C677,C667,14:02:30,5,-1,1,AB5996,0,1,30
C667,C676,14:02:50,5,-1,-1,AB5996,0,1,10
C676,C680,14:03:53,5,-1,-1,AB5996,0,1,53
T336/2,T335,14:04:13,5,-1,1,AB6353,0,1,30
C689/1,T360,14:04:13,5,-1,1,AB6335,0,1,154
C680,C669/1,14:04:54,5,-1,1,AB5996,0,1,30
T335,T338,14:05:04,5,-1,1,AB6353,0,1,10
T360,T376/1,14:05:14,5,-1,1,AB6335,0,1,30
T338,T326/3,14:06:15,5,-1,-1,AB6353,0,1,50
C669/1,C693,14:06:35,5,-1,1,AB5996,0,1,70
T326/3,T332/2,14:07:16,5,-1,1,AB6353,0,1,40
C693,C681,14:07:56,5,-1,-1,AB5996,0,1,70
T376/1,T363/1,14:07:56,5,-1,1,AB6335,0,1,152
T332/2,T325/2,14:08:57,5,-1,1,AB6353,0,1,70
C681,C671,14:08:57,5,-1,-1,AB5996,0,1,50
T325/2,T339/2,14:09:28,5,-1,1,AB6353,0,1,20
T363/1,T306,14:09:38,5,-1,1,AB6335,0,1,50
T306,T314/2,14:10:28,5,-1,-1,AB6335,0,1,30
C671,C695,14:10:59,5,-1,-1,AB5996,0,1,91
T339/2,T313,14:11:29,5,-1,1,AB6353,0,1,70
T314/2,T318,14:11:39,5,-1,-1,AB6335,0,1,10
T318,T319,14:12:35,5,-1,-1,AB6335,0,1,14
T313,T315,14:12:55,5,-1,1,AB6353,0,1,20
C695,C673,14:12:55,5,-1,-1,AB5996,0,1,96
T319,T320,14:13:36,5,-1,-1,AB6335,0,1,50
C673,C672,14:13:56,5,-1,1,AB5996,0,1,40
T315,T375,14:14:47,5,-1,1,AB6353,0,1,81
T320,T321/2,14:15:27,5,-1,-1,AB6335,0,1,20
T375,T380,14:16:08,5,-1,1,AB6353,0,1,30
C672,C670,14:17:20,5,-1,1,AB5996,0,1,122
T380,T379,14:17:40,5,-1,1,AB6353,0,1,10
T321/2,T323,14:17:40,5,-1,1,AB6335,0,1,61
C670,C679,14:18:10,5,-1,1,AB5996,0,1,40
T323,T324/2,14:18:53,5,-1,1,AB6335,0,1,10
T379,T359,14:19:33,5,-1,1,AB6353,0,1,72
C679,C694,14:19:33,5,-1,-1,AB5996,0,1,72
T324/2,T327,14:20:24,5,-1,1,AB6335,0,1,60
C694,C669/2,14:20:34,5,-1,-1,AB5996,0,1,40
T359,T355/1,14:20:55,5,-1,1,AB6353,0,1,71
T327,T326/1,14:21:05,5,-1,1,AB6335,0,1,30
C669/2,C687,14:21:35,5,-1,1,AB5996,0,1,30
T326/1,T337,14:22:36,5,-1,1,AB6335,0,1,80
C687,C675,14:22:46,5,-1,1,AB5996,0,1,60
C675,C668,14:23:16,5,-1,1,AB5996,0,1,20
T337,T336/2,14:23:36,5,-1,1,AB6335,0,1,40
C668,C678,14:23:47,5,-1,1,AB5996,0,1,20
C678,C665,14:24:17,5,-1,1,AB5996,0,1,20
C665,C663,14:24:37,5,-1,3,AB5996,0,1,10
C663,C661,14:25:18,5,-1,3,AB5996,0,1,30
C661,C659,14:26:28,5,-1,1,AB5996,0,1,60
C688/1,C691,14:27:39,5,-1,1,AB6353,0,1,60
C659,C656,14:28:44,5,-1,1,AB5996,0,1,54
C691,C652,14:29:25,5,-1,1,AB6353,0,1,85
C656,C654/2,14:29:55,5,-1,1,AB5996,0,1,60
C652,C655,14:30:25,5,-1,1,AB6353,0,1,30
C654/2,C653/2,14:31:06,5,-1,1,AB5996,0,1,50
C655,C657,14:31:26,5,-1,1,AB6353,0,1,40
C657,C660,14:32:27,5,-1,-1,AB6353,0,1,40
C653/2,C692,14:32:37,5,-1,1,AB5996,0,1,70
C660,C662,14:33:28,5,-1,-1,AB6353,0,1,20
C692,C689/1,14:33:48,5,-1,1,AB5996,0,1,30
C662,C664,14:34:08,5,-1,-1,AB6353,0,1,30
C664,C677,14:35:51,5,-1,1,AB6353,1,1,40
C677,C667,14:36:35,5,-1,1,AB6353,0,1,23
C667,C676,14:37:05,5,-1,-1,AB6353,0,1,20
C689/1,T360,14:37:05,5,-1,1,AB5996,0,1,145
T336/2,T335,14:37:15,5,-1,1,AB6335,0,1,30
T335,T338,14:38:06,5,-1,1,AB6335,0,1,10
T360,T376/1,14:38:16,5,-1,1,AB5996,0,1,30
C676,C680,14:38:37,5,-1,-1,AB6353,0,1,61
T338,T326/3,14:39:27,5,-1,-1,AB6335,0,1,50
C680,C669/1,14:39:27,5,-1,1,AB6353,0,1,30
T326/3,T332/2,14:40:58,5,-1,1,AB6335,0,1,80
T376/1,T363/1,14:41:09,5,-1,1,AB5996,0,1,162
T332/2,T325/2,14:42:09,5,-1,1,AB6335,0,1,60
C669/1,C681,14:42:40,5,-1,-1,AB6353,1,1,141
T325/2,T339/2,14:43:10,5,-1,1,AB6335,0,1,30
C681,C671,14:44:03,5,-1,-1,AB6353,0,1,52
T363/1,T314/2,14:44:23,5,-1,-1,AB5996,1,1,123
T314/2,T318,14:45:44,5,-1,-1,AB5996,0,1,30
C671,C695,14:45:54,5,-1,-1,AB6353,0,1,81
T339/2,T313,14:46:05,5,-1,2,AB6335,0,1,81
T318,T319,14:46:45,5,-1,-1,AB5996,0,1,10
T313,T315,14:47:15,5,-1,2,AB6335,0,1,30
C695,C673,14:48:06,5,-1,-1,AB6353,0,1,80
T319,T320,14:48:26,5,-1,-1,AB5996,0,1,70
C673,C672,14:48:57,5,-1,1,AB6353,0,1,40
T320,T321/2,14:49:47,5,-1,-1,AB5996,0,1,10
T315,T375,14:49:57,5,-1,1,AB6335,0,1,131
T321/2,T323,14:50:48,5,-1,1,AB5996,0,1,20
T375,T380,14:51:18,5,-1,1,AB6335,0,1,30
C672,C670,14:51:18,5,-1,1,AB6353,0,1,111
T323,T324/2,14:51:59,5,-1,1,AB5996,0,1,20
T380,T379,14:52:09,5,-1,1,AB6335,0,1,20
C670,C679,14:52:09,5,-1,1,AB6353,0,1,30
T379,T359,14:52:59,5,-1,1,AB6335,0,1,20
C679,C694,14:53:40,5,-1,-1,AB6353,0,1,80
T324/2,T327,14:54:00,5,-1,1,AB5996,0,1,80
T359,T355/1,14:54:20,5,-1,1,AB6335,0,1,70
C694,C669/2,14:54:30,5,-1,-1,AB6353,0,1,30
T327,T326/1,14:54:30,5,-1,1,AB5996,0,1,20
T326/1,T337,14:55:34,5,-1,1,AB5996,0,1,53
C669/2,C687,14:56:14,5,-1,-1,AB6353,0,1,20
T337,T336/2,14:56:14,5,-1,1,AB5996,0,1,30
C687,C675,14:57:35,5,-1,-1,AB6353,0,1,60
C675,C668,14:58:16,5,-1,1,AB6353,0,1,20
C668,C678,14:58:56,5,-1,1,AB6353,0,1,10
C678,C665,14:59:36,5,-1,1,AB6353,0,1,30
C665,C663,14:59:57,5,-1,1,AB6353,0,1,10
C688/1,C691,15:00:07,5,-1,1,AB6335,0,1,20
C663,C661,15:00:27,5,-1,1,AB6353,0,1,20
C661,C659,15:01:08,5,-1,1,AB6353,0,1,30
C691,C652,15:01:38,5,-1,1,AB6335,0,1,50
C652,C655,15:02:49,5,-1,1,AB6335,0,1,60
C659,C654/2,15:03:29,5,-1,1,AB6353,1,1,91
C655,C657,15:04:10,5,-1,1,AB6335,0,1,50
C657,C660,15:05:14,5,-1,1,AB6335,0,1,40
C654/2,C653/2,15:05:55,5,-1,1,AB6353,0,1,95
C660,C662,15:06:15,5,-1,1,AB6335,0,1,20
C662,C664,15:07:06,5,-1,1,AB6335,0,1,20
C653/2,C692,15:07:16,5,-1,1,AB6353,0,1,60
C664,C666,15:07:56,5,-1,1,AB6335,0,1,20
C666,C677,15:08:17,5,-1,2,AB6335,0,1,10
C692,C689/1,15:08:27,5,-1,1,AB6353,0,1,20
C677,C676,15:09:07,5,-1,-1,AB6335,1,1,40
C676,C680,15:10:28,5,-1,-1,AB6335,0,1,60
C680,C669/1,15:11:39,5,-1,1,AB6335,0,1,40
C689/1,T360,15:12:09,5,-1,1,AB6353,0,1,141
C669/1,C693,15:13:07,5,-1,1,AB6335,0,1,67
T336/2,T335,15:13:17,5,-1,1,AB5996,0,1,30
T360,T376/1,15:13:37,5,-1,1,AB6353,0,1,30
C693,C681,15:14:17,5,-1,-1,AB6335,0,1,60
T335,T338,15:14:58,5,-1,1,AB5996,0,1,20
C681,C671,15:15:38,5,-1,-1,AB6335,0,1,40
T338,T326/3,15:16:19,5,-1,-1,AB5996,0,1,50
T326/3,T332/2,15:17:09,5,-1,1,AB5996,0,1,30
C671,C695,15:17:09,5,-1,-1,AB6335,0,1,80
T376/1,T363/1,15:17:09,5,-1,1,AB6353,0,1,101
C695,C673,15:18:54,5,-1,-1,AB6335,0,1,73
T363/1,T306,15:19:14,5,-1,1,AB6353,0,1,63
C673,C672,15:19:44,5,-1,1,AB6335,0,1,30
T332/2,T325/2,15:19:54,5,-1,1,AB5996,0,1,94
T325/2,T339/2,15:20:55,5,-1,1,AB5996,0,1,30
T306,T314/2,15:21:15,5,-1,-1,AB6353,0,1,101
C672,C670,15:22:06,5,-1,1,AB6335,0,1,121
T339/2,T313,15:23:17,5,-1,1,AB5996,0,1,101
C670,C679,15:23:27,5,-1,1,AB6335,0,1,40
T318,T319,15:23:57,5,-1,-1,AB6353,0,1,40
T313,T315,15:24:38,5,-1,1,AB5996,0,1,30
C679,C694,15:25:18,5,-1,-1,AB6335,0,1,91
C694,C669/2,15:26:09,5,-1,-1,AB6335,0,1,40
C669/2,C687,15:27:10,5,-1,1,AB6335,0,1,30
T319,T320,15:27:20,5,-1,-1,AB6353,0,1,161
T315,T375,15:28:01,5,-1,1,AB5996,0,1,162
C687,C675,15:28:21,5,-1,1,AB6335,0,1,61
T320,T321/2,15:28:33,5,-1,-1,AB6353,0,1,22
C675,C668,15:29:24,5,-1,1,AB6335,0,1,10
C668,C678,15:29:54,5,-1,1,AB6335,0,1,20
T321/2,T323,15:30:04,5,-1,1,AB6353,0,1,30
C678,C665,15:30:31,5,-1,1,AB6335,0,1,27
C665,C663,15:30:52,5,-1,1,AB6335,0,1,10
T375,T380,15:31:02,5,-1,1,AB5996,0,1,148
T323,T324/2,15:31:12,5,-1,1,AB6353,0,1,10
C663,C661,15:31:32,5,-1,1,AB6335,0,1,20
T380,T379,15:31:42,5,-1,1,AB5996,0,1,10
C661,C659,15:32:03,5,-1,1,AB6335,0,1,20
T379,T359,15:32:23,5,-1,1,AB5996,0,1,20
T324/2,T327,15:32:33,5,-1,1,AB6353,0,1,50
T327,T326/1,15:33:34,5,-1,1,AB6353,0,1,20
T359,T355/1,15:33:44,5,-1,2,AB5996,0,1,70
C659,C656,15:34:04,5,-1,1,AB6335,0,1,70
C656,C654/2,15:35:15,5,-1,1,AB6335,0,1,50
T326/1,T337,15:35:15,5,-1,1,AB6353,0,1,70
T337,T336/2,15:36:10,5,-1,1,AB6353,0,1,34
C654/2,C653/2,15:37:21,5,-1,1,AB6335,0,1,80
C688/1,C691,15:39:25,5,-1,1,AB5996,0,1,30
C653/2,C692,15:39:25,5,-1,1,AB6335,0,1,70
C692,C689/1,15:40:35,5,-1,1,AB6335,0,1,20
C691,C652,15:41:53,5,-1,1,AB5996,0,1,97
C689/1,T360,15:42:54,5,-1,1,AB6335,0,1,103
C652,C655,15:43:14,5,-1,1,AB5996,0,1,30
C655,C657,15:44:36,5,-1,1,AB5996,0,1,50
T360,T376/1,15:45:16,5,-1,1,AB6335,0,1,80
C657,C660,15:45:26,5,-1,1,AB5996,0,1,40
C660,C662,15:45:57,5,-1,1,AB5996,0,1,10
C662,C664,15:46:47,5,-1,1,AB5996,0,1,20
T336/2,T335,15:47:48,5,-1,1,AB6353,0,1,20
C664,C677,15:47:48,5,-1,-1,AB5996,1,1,50
C677,C667,15:48:28,5,-1,-1,AB5996,0,1,30
T376/1,T363/1,15:48:38,5,-1,2,AB6335,0,1,111
C667,C676,15:48:59,5,-1,-1,AB5996,0,1,20
T338,T326/3,15:50:20,5,-1,-1,AB6353,0,1,70
C676,C680,15:50:40,5,-1,-1,AB5996,0,1,60
T363/1,T306,15:50:40,5,-1,1,AB6335,0,1,80
T326/3,T332/2,15:51:20,5,-1,1,AB6353,0,1,30
T306,T314/2,15:51:34,5,-1,-1,AB6335,0,1,33
C680,C669/1,15:52:24,5,-1,1,AB5996,0,1,84
T332/2,T325/2,15:52:55,5,-1,1,AB6353,0,1,60
C669/1,C693,15:53:45,5,-1,1,AB5996,0,1,50
T325/2,T339/2,15:54:46,5,-1,2,AB6353,0,1,20
C693,C681,15:55:06,5,-1,-1,AB5996,0,1,70
T319,T320,15:55:57,5,-1,-1,AB6335,0,1,60
C681,C671,15:56:27,5,-1,-1,AB5996,0,1,50
T339/2,T313,15:56:57,5,-1,1,AB6353,0,1,80
T321/2,T323,15:58:18,5,-1,1,AB6335,0,1,40
C671,C695,15:58:28,5,-1,-1,AB5996,0,1,90
T313,T315,15:58:48,5,-1,1,AB6353,0,1,100
T323,T324/2,15:59:29,5,-1,1,AB6335,0,1,20
C695,C673,16:00:30,5,-1,-1,AB5996,0,1,101
T315,T375,16:00:40,5,-1,1,AB6353,0,1,80
T324/2,T327,16:01:10,5,-1,1,AB6335,0,1,50
C673,C672,16:01:32,5,-1,1,AB5996,0,1,52
T327,T326/1,16:01:53,5,-1,1,AB6335,0,1,10
T375,T380,16:02:23,5,-1,1,AB6353,0,1,62
T326/1,T337,16:03:03,5,-1,1,AB6335,0,1,50
T380,T379,16:03:13,5,-1,1,AB6353,0,1,10
T337,T336/2,16:03:54,5,-1,1,AB6335,0,1,40
T379,T359,16:04:14,5,-1,1,AB6353,0,1,20
C672,C670,16:04:24,5,-1,1,AB5996,0,1,141
C670,C679,16:05:25,5,-1,1,AB5996,0,1,40
T359,T355/1,16:05:55,5,-1,1,AB6353,0,1,80
C679,C694,16:07:26,5,-1,-1,AB5996,0,1,111
C694,C669/2,16:09:47,5,-1,-1,AB5996,0,1,101
C669/2,C687,16:10:28,5,-1,1,AB5996,0,1,10
C687,C675,16:11:59,5,-1,1,AB5996,0,1,60
C688/1,C691,16:12:24,5,-1,1,AB6353,0,1,35
C675,C668,16:12:34,5,-1,1,AB5996,0,1,25
C668,C678,16:13:14,5,-1,1,AB5996,0,1,10
C678,C665,16:13:45,5,-1,1,AB5996,0,1,20
C665,C661,16:14:46,5,-1,1,AB5996,1,1,50
C691,C652,16:15:26,5,-1,1,AB6353,0,1,121
C661,C659,16:15:26,5,-1,1,AB5996,0,1,30
C652,C655,16:16:37,5,-1,1,AB6353,0,1,40
C659,C656,16:16:57,5,-1,1,AB5996,0,1,40
C655,C657,16:17:47,5,-1,1,AB6353,0,1,40
C656,C654/2,16:18:08,5,-1,1,AB5996,0,1,40
C657,C660,16:18:39,5,-1,1,AB6353,0,1,41
C660,C662,16:19:50,5,-1,1,AB6353,0,1,20
C654/2,C653/2,16:19:50,5,-1,1,AB5996,0,1,50
C662,C664,16:20:20,5,-1,1,AB6353,0,1,20
C664,C666,16:21:02,5,-1,1,AB6353,0,1,10
C666,C677,16:21:22,5,-1,1,AB6353,0,1,10
C653/2,C692,16:21:42,5,-1,1,AB5996,0,1,70
C677,C667,16:21:53,5,-1,2,AB6353,0,1,20
C667,C676,16:22:23,5,-1,-1,AB6353,0,1,20
C676,C680,16:23:35,5,-1,-1,AB6353,0,1,61
C692,C689/1,16:23:35,5,-1,1,AB5996,0,1,41
T336/2,T335,16:23:59,5,-1,1,AB6335,0,1,35
C680,C669/1,16:24:29,5,-1,1,AB6353,0,1,20
T335,T338,16:24:39,5,-1,1,AB6335,0,1,10
T338,T326/3,16:26:05,5,-1,-1,AB6335,0,1,75
C669/1,C693,16:26:05,5,-1,1,AB6353,0,1,65
C689/1,T360,16:26:56,5,-1,1,AB5996,0,1,146
T326/3,T332/2,16:27:06,5,-1,1,AB6335,0,1,50
C693,C681,16:27:16,5,-1,-1,AB6353,0,1,60
T332/2,T325/2,16:28:47,5,-1,1,AB6335,0,1,60
T360,T376/1,16:28:47,5,-1,1,AB5996,0,1,81
T325/2,T339/2,16:29:38,5,-1,1,AB6335,0,1,10
C681,C695,16:30:08,5,-1,-1,AB6353,1,1,132
T376/1,T363/1,16:31:24,5,-1,1,AB5996,0,1,146
C695,C673,16:31:44,5,-1,-1,AB6353,0,1,80
T339/2,T313,16:32:15,5,-1,1,AB6335,0,1,91
C673,C672,16:32:35,5,-1,1,AB6353,0,1,30
T313,T315,16:33:16,5,-1,1,AB6335,0,1,20
T363/1,T306,16:33:56,5,-1,1,AB5996,0,1,91
T306,T314/2,16:35:07,5,-1,-1,AB5996,0,1,50
C672,C670,16:35:17,5,-1,1,AB6353,0,1,121
T315,T375,16:35:27,5,-1,1,AB6335,0,1,80
C670,C679,16:35:57,5,-1,1,AB6353,0,1,30
C679,C694,16:37:28,5,-1,-1,AB6353,0,1,81
T375,T380,16:37:39,5,-1,1,AB6335,0,1,91
T318,T319,16:37:39,5,-1,-1,AB5996,0,1,70
T380,T379,16:38:19,5,-1,1,AB6335,0,1,10
C694,C669/2,16:38:19,5,-1,-1,AB6353,0,1,40
T319,T320,16:38:39,5,-1,-1,AB5996,0,1,40
T379,T359,16:39:10,5,-1,1,AB6335,0,1,10
C669/2,C687,16:39:20,5,-1,1,AB6353,0,1,20
C687,C675,16:40:32,5,-1,1,AB6353,0,1,62
T320,T321/2,16:40:32,5,-1,-1,AB5996,0,1,22
T359,T355/1,16:40:43,5,-1,1,AB6335,0,1,82
C675,C668,16:41:23,5,-1,1,AB6353,0,1,20
C668,C678,16:41:43,5,-1,1,AB6353,0,1,10
C678,C665,16:42:14,5,-1,1,AB6353,0,1,20
C665,C663,16:42:44,5,-1,1,AB6353,0,1,20
T321/2,T323,16:42:54,5,-1,1,AB5996,0,1,90
T323,T324/2,16:43:45,5,-1,1,AB5996,0,1,10
C663,C659,16:44:05,5,-1,1,AB6353,1,1,70
T324/2,T327,16:45:05,5,-1,1,AB5996,0,1,50
T327,T326/1,16:46:06,5,-1,1,AB5996,0,1,30
C688/1,C691,16:46:16,5,-1,1,AB6335,0,1,90
C659,C656,16:46:36,5,-1,1,AB6353,0,1,40
C656,C654/2,16:47:35,5,-1,1,AB6353,0,1,34
C691,C652,16:48:46,5,-1,1,AB6335,0,1,105
C654/2,C653/2,16:49:16,5,-1,1,AB6353,0,1,50
C652,C655,16:49:57,5,-1,1,AB6335,0,1,40
C655,C657,16:51:08,5,-1,1,AB6335,0,1,40
C653/2,C692,16:51:08,5,-1,1,AB6353,0,1,101
C657,C660,16:52:20,5,-1,1,AB6335,0,1,61
C692,C689/1,16:52:42,5,-1,1,AB6353,0,1,42
T326/1,T337,16:53:02,5,-1,1,AB5996,0,1,72
C660,C662,16:53:12,5,-1,1,AB6335,0,1,20
T337,T336/2,16:53:33,5,-1,1,AB5996,0,1,20
C662,C664,16:53:44,5,-1,1,AB6335,0,1,21
C664,C666,16:54:34,5,-1,1,AB6335,0,1,20
C666,C677,16:54:54,5,-1,1,AB6335,0,1,10
C677,C667,16:55:25,5,-1,1,AB6335,0,1,20
C667,C676,16:56:19,5,-1,-1,AB6335,0,1,24
C676,C680,16:57:10,5,-1,-1,AB6335,0,1,40
T360,T376/1,16:57:10,5,-1,1,AB6353,0,1,20
C680,C669/1,16:57:54,5,-1,1,AB6335,0,1,20
T336/2,T335,16:58:04,5,-1,1,AB5996,0,1,20
C669/1,C693,16:59:04,5,-1,1,AB6335,0,1,50
T338,T326/3,17:00:05,5,-1,-1,AB5996,0,1,60
C693,C681,17:00:35,5,-1,-1,AB6335,0,1,70
T376/1,T363/1,17:01:06,5,-1,1,AB6353,0,1,80
C681,C671,17:01:36,5,-1,-1,AB6335,0,1,50
T326/3,T325/2,17:02:57,5,-1,1,AB5996,1,1,161
C671,C695,17:03:17,5,-1,-1,AB6335,0,1,90
T363/1,T306,17:03:27,5,-1,1,AB6353,0,1,60
T325/2,T339/2,17:03:47,5,-1,1,AB5996,0,1,10
T306,T314/2,17:04:38,5,-1,-1,AB6353,0,1,50
C695,C673,17:05:08,5,-1,-1,AB6335,0,1,80
T339/2,T313,17:05:59,5,-1,1,AB5996,0,1,111
C673,C672,17:06:09,5,-1,1,AB6335,0,1,30
T313,T315,17:07:19,5,-1,1,AB5996,0,1,20
T318,T319,17:07:40,5,-1,-1,AB6353,0,1,80
T315,T375,17:09:05,5,-1,1,AB5996,0,1,75
C672,C670,17:09:05,5,-1,1,AB6335,0,1,135
T319,T320,17:09:25,5,-1,-1,AB6353,0,1,65
T375,T380,17:10:16,5,-1,1,AB5996,0,1,20
C670,C679,17:10:16,5,-1,1,AB6335,0,1,40
T380,T379,17:10:56,5,-1,1,AB5996,0,1,10
C679,C694,17:11:36,5,-1,-1,AB6335,0,1,70
T320,T321/2,17:11:36,5,-1,-1,AB6353,0,1,20
C694,C669/2,17:12:37,5,-1,-1,AB6335,0,1,20
T321/2,T323,17:12:37,5,-1,1,AB6353,0,1,30
T323,T324/2,17:13:38,5,-1,1,AB6353,0,1,10
T379,T355/1,17:13:48,5,-1,1,AB5996,1,1,151
C669/2,C687,17:14:08,5,-1,1,AB6335,0,1,20
C687,C675,17:15:39,5,-1,1,AB6335,0,1,60
C675,C668,17:16:09,5,-1,1,AB6335,0,1,10
T324/2,T327,17:16:30,5,-1,1,AB6353,0,1,70
C668,C678,17:16:50,5,-1,1,AB6335,0,1,20
T327,T326/1,17:17:10,5,-1,1,AB6353,0,1,30
C678,C665,17:17:44,5,-1,1,AB6335,0,1,24
C665,C663,17:18:04,5,-1,-1,AB6335,0,1,10
T326/1,T337,17:18:15,5,-1,1,AB6353,0,1,54
C663,C661,17:18:55,5,-1,-1,AB6335,0,1,20
T337,T336/2,17:18:55,5,-1,1,AB6353,0,1,20
C688/1,C691,17:19:05,5,-1,1,AB5996,0,1,50
C661,C659,17:19:35,5,-1,1,AB6335,0,1,30
C691,C652,17:21:16,5,-1,1,AB5996,0,1,101
C659,C656,17:21:37,5,-1,1,AB6335,0,1,40
C652,C655,17:22:17,5,-1,1,AB5996,0,1,40
C656,C654/2,17:22:57,5,-1,1,AB6335,0,1,50
C655,C657,17:23:18,5,-1,1,AB5996,0,1,50
C657,C660,17:23:58,5,-1,1,AB5996,0,1,30
C660,C662,17:24:28,5,-1,1,AB5996,0,1,20
C654/2,C653/2,17:25:19,5,-1,1,AB6335,0,1,101
C662,C677,17:25:49,5,-1,1,AB5996,2,1,70
C677,C667,17:26:20,5,-1,1,AB5996,0,1,20
C653/2,C692,17:26:40,5,-1,1,AB6335,0,1,70
C667,C676,17:26:50,5,-1,-1,AB5996,0,1,20
C692,C689/1,17:27:54,5,-1,1,AB6335,0,1,20
C676,C680,17:28:04,5,-1,-1,AB5996,0,1,63
C680,C669/1,17:29:15,5,-1,1,AB5996,0,1,40
C689/1,T360,17:30:57,5,-1,1,AB6335,0,1,152
T360,T376/1,17:31:37,5,-1,1,AB6335,0,1,20
T336/2,T335,17:32:07,5,-1,1,AB6353,0,1,30
C669/1,C681,17:32:38,5,-1,-1,AB5996,1,1,151
T335,T338,17:32:58,5,-1,1,AB6353,0,1,10
T338,T326/3,17:34:29,5,-1,-1,AB6353,0,1,60
T376/1,T363/1,17:34:59,5,-1,1,AB6335,0,1,80
T326/3,T332/2,17:35:31,5,-1,1,AB6353,0,1,42
C681,C695,17:35:31,5,-1,-1,AB5996,1,1,163
T363/1,T306,17:36:52,5,-1,1,AB6335,0,1,50
T332/2,T325/2,17:37:44,5,-1,1,AB6353,0,1,91
T306,T314/2,17:37:44,5,-1,-1,AB6335,0,1,41
T325/2,T339/2,17:38:34,5,-1,1,AB6353,0,1,20
C695,C672,17:38:44,5,-1,1,AB5996,1,1,162
T314/2,T318,17:38:44,5,-1,-1,AB6335,0,1,10
T319,T320,17:40:46,5,-1,-1,AB6335,0,1,60
T339/2,T313,17:40:56,5,-1,1,AB6353,0,1,101
C672,C670,17:41:27,5,-1,-1,AB5996,0,1,121
C670,C679,17:41:57,5,-1,-1,AB5996,0,1,20
T320,T321/2,17:41:57,5,-1,-1,AB6335,0,1,10
T313,T315,17:42:27,5,-1,1,AB6353,0,1,30
T321/2,T323,17:43:18,5,-1,1,AB6335,0,1,50
T315,T375,17:43:48,5,-1,1,AB6353,0,1,60
C679,C694,17:43:58,5,-1,-1,AB5996,0,1,80
T323,T324/2,17:44:19,5,-1,1,AB6335,0,1,10
C694,C669/2,17:44:49,5,-1,-1,AB5996,0,1,40
C669/2,C687,17:45:39,5,-1,1,AB5996,0,1,30
T375,T380,17:45:49,5,-1,1,AB6353,0,1,101
T324/2,T327,17:46:00,5,-1,1,AB6335,0,1,70
T327,T326/1,17:46:34,5,-1,1,AB6335,0,1,13
T380,T379,17:46:44,5,-1,1,AB6353,0,1,10
T379,T359,17:47:24,5,-1,1,AB6353,0,1,20
C687,C675,17:47:44,5,-1,1,AB5996,0,1,70
T326/1,T337,17:48:04,5,-1,1,AB6335,0,1,60
T359,T355/1,17:48:36,5,-1,1,AB6353,0,1,61
T337,T336/2,17:48:56,5,-1,1,AB6335,0,1,20
C675,C668,17:49:36,5,-1,1,AB5996,0,1,30
C668,C678,17:49:57,5,-1,1,AB5996,0,1,10
C678,C665,17:50:27,5,-1,1,AB5996,0,1,20
C665,C663,17:51:17,5,-1,1,AB5996,0,1,10
C663,C661,17:52:32,5,-1,1,AB5996,0,1,34
C661,C659,17:53:02,5,-1,1,AB5996,0,1,20
C688/1,C691,17:55:14,5,-1,1,AB6353,0,1,80
C659,C656,17:56:55,5,-1,1,AB5996,0,1,50
C691,C652,17:57:25,5,-1,1,AB6353,0,1,101
C656,C654/2,17:58:27,5,-1,1,AB5996,0,1,50
C652,C655,17:58:37,5,-1,1,AB6353,0,1,30
C655,C657,18:00:08,5,-1,1,AB6353,0,1,50
C654/2,C653/2,18:00:38,5,-1,1,AB5996,0,1,90
C657,C660,18:00:59,5,-1,1,AB6353,0,1,40
C660,C662,18:01:29,5,-1,1,AB6353,0,1,20
C662,C664,18:02:29,5,-1,1,AB6353,0,1,30
C653/2,C692,18:02:29,5,-1,1,AB5996,0,1,90
C664,C666,18:03:00,5,-1,1,AB6353,0,1,20
C666,C677,18:03:33,5,-1,1,AB6353,0,1,22
C692,C689/1,18:03:53,5,-1,1,AB5996,0,1,53
C677,C667,18:04:03,5,-1,1,AB6353,0,1,20
C667,C676,18:04:23,5,-1,-1,AB6353,0,1,10
C676,C680,18:05:34,5,-1,-1,AB6353,0,1,60
C680,C669/1,18:06:35,5,-1,1,AB6353,0,1,30
C689/1,T360,18:06:45,5,-1,1,AB5996,0,1,121
T336/2,T335,18:07:47,5,-1,1,AB6335,0,1,10
C669/1,C693,18:08:17,5,-1,1,AB6353,0,1,61
T335,T338,18:08:27,5,-1,1,AB6335,0,1,10
T360,T376/1,18:08:47,5,-1,1,AB5996,0,1,112
C693,C681,18:09:48,5,-1,-1,AB6353,0,1,80
T338,T326/3,18:09:58,5,-1,-1,AB6335,0,1,60
C681,C671,18:10:59,5,-1,-1,AB6353,0,1,40
T376/1,T363/1,18:11:29,5,-1,1,AB5996,0,1,151
C671,C695,18:12:34,5,-1,-1,AB6353,0,1,84
T326/3,T325/2,18:13:04,5,-1,2,AB6335,1,1,175
C695,C673,18:14:25,5,-1,-1,AB6353,0,1,101
T325/2,T339/2,18:14:45,5,-1,1,AB6335,0,1,70
T363/1,T306,18:15:36,5,-1,2,AB5996,0,1,101
C673,C672,18:15:46,5,-1,1,AB6353,0,1,40
T339/2,T313,18:16:47,5,-1,1,AB6335,0,1,80
T306,T314/2,18:17:17,5,-1,-1,AB5996,0,1,90
C672,C670,18:18:23,5,-1,1,AB6353,0,1,136
C670,C679,18:19:13,5,-1,1,AB6353,0,1,30
T313,T315,18:19:23,5,-1,2,AB6335,0,1,30
T315,T375,18:21:35,5,-1,1,AB6335,0,1,70
T318,T319,18:21:55,5,-1,-1,AB5996,0,1,80
C679,C694,18:22:05,5,-1,-1,AB6353,0,1,131
C694,C669/2,18:22:46,5,-1,-1,AB6353,0,1,30
T375,T380,18:23:57,5,-1,1,AB6335,0,1,101
C669/2,C687,18:24:17,5,-1,1,AB6353,0,1,30
T319,T320,18:24:47,5,-1,-1,AB5996,0,1,141
C687,C675,18:25:38,5,-1,1,AB6353,0,1,60
T379,T359,18:26:08,5,-1,1,AB6335,0,1,40
T320,T321/2,18:26:18,5,-1,-1,AB5996,0,1,20
C675,C668,18:26:38,5,-1,1,AB6353,0,1,20
T359,T355/1,18:27:19,5,-1,1,AB6335,0,1,60
C668,C665,18:27:39,5,-1,1,AB6353,1,1,50
T321/2,T323,18:27:39,5,-1,1,AB5996,0,1,50
T323,T324/2,18:28:09,5,-1,1,AB5996,0,1,10
C665,C663,18:28:32,5,-1,1,AB6353,0,1,22
C663,C661,18:29:12,5,-1,1,AB6353,0,1,30
C661,C659,18:29:48,5,-1,1,AB6353,0,1,25
T324/2,T327,18:30:28,5,-1,1,AB5996,0,1,65
C688/1,C691,18:31:49,5,-1,1,AB6335,0,1,30
C659,C656,18:31:59,5,-1,1,AB6353,0,1,50
T327,T337,18:32:19,5,-1,1,AB5996,1,1,101
C656,C654/2,18:33:00,5,-1,1,AB6353,0,1,50
T337,T336/2,18:33:00,5,-1,1,AB5996,0,1,30
C691,C652,18:33:34,5,-1,1,AB6335,0,1,74
C652,C655,18:34:36,5,-1,2,AB6335,0,1,31
C654/2,C653/2,18:34:46,5,-1,1,AB6353,0,1,61
C655,C657,18:35:46,5,-1,2,AB6335,0,1,40
C653/2,C692,18:36:27,5,-1,1,AB6353,0,1,90
C657,C660,18:36:57,5,-1,1,AB6335,0,1,50
C692,C689/1,18:37:28,5,-1,1,AB6353,0,1,20
C660,C662,18:37:58,5,-1,1,AB6335,0,1,30
C662,C664,18:38:48,5,-1,1,AB6335,0,1,30
C664,C666,18:39:19,5,-1,1,AB6335,0,1,20
C666,C677,18:39:39,5,-1,1,AB6335,0,1,10
C677,C667,18:40:10,5,-1,1,AB6335,0,1,20
C689/1,T360,18:41:13,5,-1,1,AB6353,0,1,184
C667,C680,18:41:53,5,-1,-1,AB6335,1,1,93
T360,T376/1,18:42:34,5,-1,1,AB6353,0,1,30
C680,C669/1,18:42:44,5,-1,1,AB6335,0,1,20
T336/2,T335,18:42:54,5,-1,1,AB5996,0,1,30
C669/1,C693,18:44:19,5,-1,1,AB6335,0,1,54
T376/1,T363/1,18:45:09,5,-1,3,AB6353,0,1,145
T338,T326/3,18:45:30,5,-1,-1,AB5996,0,1,70
C693,C671,18:46:41,5,-1,-1,AB6335,1,1,132
C671,C695,18:48:13,5,-1,-1,AB6335,0,1,81
T363/1,T306,18:48:43,5,-1,3,AB6353,0,1,132
C695,C673,18:49:44,5,-1,-1,AB6335,0,1,80
T306,T314/2,18:50:04,5,-1,-1,AB6353,0,1,50
C673,C672,18:50:24,5,-1,1,AB6335,0,1,30
T332/2,T325/2,18:52:36,5,-1,1,AB5996,0,1,131
C672,C670,18:53:06,5,-1,1,AB6335,0,1,131
T325/2,T339/2,18:53:26,5,-1,2,AB5996,0,1,20
C670,C679,18:53:47,5,-1,1,AB6335,0,1,30
T318,T319,18:54:07,5,-1,-1,AB6353,0,1,121
C679,C694,18:55:18,5,-1,-1,AB6335,0,1,70
T319,T320,18:55:38,5,-1,-1,AB6353,0,1,50
C694,C669/2,18:55:48,5,-1,-1,AB6335,0,1,20
T339/2,T313,18:55:58,5,-1,3,AB5996,0,1,111
C669/2,C687,18:56:38,5,-1,-1,AB6335,0,1,20
T313,T315,18:57:29,5,-1,2,AB5996,0,1,40
C687,C668,18:58:40,5,-1,-1,AB6335,1,1,101
C668,C678,18:59:00,5,-1,-1,AB6335,0,1,10
T321/2,T323,18:59:00,5,-1,1,AB6353,0,1,40
C678,C665,18:59:34,5,-1,-1,AB6335,0,1,24
T323,T324/2,18:59:34,5,-1,1,AB6353,0,1,14
C665,C663,18:59:55,5,-1,-1,AB6335,0,1,10
T315,T375,19:00:25,5,-1,1,AB5996,0,1,155
C663,C661,19:00:45,5,-1,1,AB6335,0,1,30
C661,C659,19:01:15,5,-1,1,AB6335,0,1,20
T324/2,T327,19:01:56,5,-1,1,AB6353,0,1,60
T375,T380,19:02:16,5,-1,1,AB5996,0,1,30
C659,C656,19:02:47,5,-1,1,AB6335,0,1,60
T380,T379,19:03:27,5,-1,1,AB5996,0,1,10
C656,C654/2,19:03:47,5,-1,1,AB6335,0,1,50
T327,T326/1,19:03:57,5,-1,1,AB6353,0,1,30
T379,T359,19:04:38,5,-1,1,AB5996,0,1,40
T326/1,T337,19:05:18,5,-1,1,AB6353,0,1,60
C654/2,C653/2,19:05:38,5,-1,1,AB6335,0,1,90
T359,T355/1,19:05:59,5,-1,-1,AB5996,0,1,70
T337,T336/2,19:06:09,5,-1,1,AB6353,0,1,30
C653/2,C692,19:07:09,5,-1,1,AB6335,0,1,80
C692,C689/1,19:08:10,5,-1,1,AB6335,0,1,20
C689/1,T360,19:10:45,5,-1,1,AB6335,0,1,90
C688/1,C691,19:12:06,5,-1,1,AB5996,0,1,30
T360,T363/1,19:13:27,5,-1,3,AB6335,1,1,121
C691,C652,19:14:11,5,-1,1,AB5996,0,1,84
C652,C655,19:15:22,5,-1,1,AB5996,0,1,30
T336/2,T335,19:16:34,5,-1,1,AB6353,0,1,30
C655,C657,19:16:34,5,-1,1,AB5996,0,1,40
T363/1,T306,19:16:44,5,-1,2,AB6335,0,1,152
C657,C660,19:17:34,5,-1,1,AB5996,0,1,50
T306,T314/2,19:18:05,5,-1,-1,AB6335,0,2,50
C660,C662,19:18:15,5,-1,1,AB5996,0,2,20
T338,T326/3,19:18:45,5,-1,-1,AB6353,0,2,70
C662,C664,19:19:15,5,-1,1,AB5996,0,2,30
C664,C666,19:19:36,5,-1,1,AB5996,0,2,10
T326/3,T332/2,19:20:06,5,-1,1,AB6353,0,2,50
C666,C667,19:20:34,5,-1,1,AB5996,1,2,47
T318,T319,19:20:54,5,-1,-1,AB6335,0,2,78
C667,C676,19:21:14,5,-1,-1,AB5996,0,2,10
T332/2,T325/2,19:22:29,5,-1,1,AB6353,0,2,104
C676,C680,19:22:29,5,-1,-1,AB5996,0,2,64
T319,T320,19:22:59,5,-1,-1,AB6335,0,2,105
C680,C669/1,19:23:09,5,-1,1,AB5996,0,2,20
T325/2,T339/2,19:23:19,5,-1,1,AB6353,0,2,30
T320,T321/2,19:24:10,5,-1,-1,AB6335,0,2,30
C669/1,C693,19:24:20,5,-1,1,AB5996,0,2,50
T339/2,T313,19:25:24,5,-1,2,AB6353,0,2,84
T321/2,T323,19:25:24,5,-1,1,AB6335,0,2,40
C693,C681,19:25:54,5,-1,-1,AB5996,0,2,70
T323,T324/2,19:26:36,5,-1,1,AB6335,0,2,11
T313,T315,19:26:47,5,-1,2,AB6353,0,2,31
C681,C671,19:27:07,5,-1,-1,AB5996,0,2,52
T324/2,T327,19:27:57,5,-1,1,AB6335,0,2,70
T315,T375,19:28:49,5,-1,1,AB6353,0,2,102
C671,C695,19:28:49,5,-1,-1,AB5996,0,2,81
T327,T337,19:29:49,5,-1,1,AB6335,1,2,102
C695,C673,19:30:10,5,-1,-1,AB5996,0,2,70
T337,T336/2,19:30:30,5,-1,1,AB6335,0,2,30
C673,C672,19:30:50,5,-1,1,AB5996,0,2,30
T375,T380,19:31:44,5,-1,1,AB6353,0,2,94
T380,T379,19:32:34,5,-1,1,AB6353,0,2,10
T379,T359,19:33:25,5,-1,1,AB6353,0,2,20
C672,C670,19:33:25,5,-1,1,AB5996,0,2,111
T359,T355/1,19:34:57,5,-1,1,AB6353,0,2,50
C670,C679,19:36:08,5,-1,1,AB5996,0,2,30
C679,C694,19:38:09,5,-1,-1,AB5996,0,2,80
C694,C669/2,19:38:51,5,-1,-1,AB5996,0,2,31
C669/2,C687,19:40:42,5,-1,1,AB5996,0,2,20
C688/1,C691,19:41:03,5,-1,1,AB6353,0,2,20
C687,C675,19:42:34,5,-1,1,AB5996,0,2,71
C691,C652,19:42:44,5,-1,1,AB6353,0,2,61
C675,C668,19:43:25,5,-1,1,AB5996,0,2,30
C652,C655,19:43:35,5,-1,1,AB6353,0,2,30
C668,C678,19:43:45,5,-1,1,AB5996,0,2,10
C655,C657,19:44:25,5,-1,1,AB6353,0,2,40
C678,C665,19:44:25,5,-1,1,AB5996,0,2,20
C665,C663,19:44:46,5,-1,1,AB5996,0,2,10
C657,C660,19:45:17,5,-1,1,AB6353,0,2,40
C663,C661,19:45:37,5,-1,1,AB5996,0,2,30
C660,C662,19:45:47,5,-1,1,AB6353,0,2,20
C661,C659,19:46:07,5,-1,1,AB5996,0,2,20
C662,C664,19:46:38,5,-1,1,AB6353,0,2,20
C664,C666,19:47:08,5,-1,1,AB6353,0,2,20
C659,C656,19:47:18,5,-1,1,AB5996,0,2,40
C666,C677,19:47:28,5,-1,1,AB6353,0,2,10
C677,C667,19:47:59,5,-1,1,AB6353,0,2,20
C667,C676,19:48:20,5,-1,-1,AB6353,0,2,10
C656,C654/2,19:48:20,5,-1,1,AB5996,0,2,51
C676,C680,19:49:25,5,-1,-1,AB6353,0,2,50
C680,C669/1,19:49:55,5,-1,1,AB6353,0,2,20
C654/2,C653/2,19:49:55,5,-1,1,AB5996,0,2,40
C669/1,C693,19:51:26,5,-1,1,AB6353,0,2,50
C653/2,C692,19:51:46,5,-1,1,AB5996,0,2,90
C693,C681,19:52:38,5,-1,-1,AB6353,0,2,61
C692,C689/1,19:52:48,5,-1,1,AB5996,0,2,30
C681,C671,19:53:49,5,-1,-1,AB6353,0,2,40
C671,C695,19:55:09,5,-1,-1,AB6353,0,2,70
C689/1,T360,19:56:12,5,-1,1,AB5996,0,2,153
C695,C673,19:56:52,5,-1,-1,AB6353,0,2,92
T360,T376/1,19:56:52,5,-1,1,AB5996,0,2,30
C673,C672,19:58:03,5,-1,1,AB6353,0,2,60
T376/1,T363/1,19:59:04,5,-1,2,AB5996,0,2,121
C672,C670,20:00:14,5,-1,1,AB6353,0,2,101
C670,C679,20:00:55,5,-1,1,AB6353,0,2,30
T363/1,T306,20:01:56,5,-1,2,AB5996,0,2,131
C679,C694,20:02:26,5,-1,-1,AB6353,0,2,70
C694,C669/2,20:03:16,5,-1,-1,AB6353,0,2,40
T306,T314/2,20:03:16,5,-1,-1,AB5996,0,2,40
C669/2,C687,20:04:27,5,-1,1,AB6353,0,2,30
C687,C675,20:05:58,5,-1,1,AB6353,0,2,60
T319,T320,20:06:08,5,-1,-1,AB5996,0,2,80
C675,C668,20:06:28,5,-1,1,AB6353,0,2,20
C668,C678,20:07:19,5,-1,1,AB6353,0,2,10
C678,C665,20:08:19,5,-1,1,AB6353,0,2,20
T320,T321/2,20:08:19,5,-1,-1,AB5996,0,2,20
C665,C663,20:08:40,5,-1,1,AB6353,0,2,10
C663,C661,20:09:20,5,-1,1,AB6353,0,2,30
T321/2,T323,20:09:32,5,-1,1,AB5996,0,2,32
C661,C659,20:09:53,5,-1,1,AB6353,0,2,20
T323,T324/2,20:10:03,5,-1,1,AB5996,0,2,10
C659,C656,20:11:13,5,-1,1,AB6353,0,2,40
T324/2,T327,20:11:24,5,-1,1,AB5996,0,2,50
C656,C654/2,20:12:35,5,-1,1,AB6353,0,2,50
T327,T337,20:13:06,5,-1,1,AB5996,1,2,90
T337,T336/2,20:14:06,5,-1,1,AB5996,0,2,30
C654/2,C692,20:15:17,5,-1,1,AB6353,1,2,131
C692,C689/1,20:16:08,5,-1,1,AB6353,0,2,20
C689/1,T360,20:18:39,5,-1,1,AB6353,0,2,111
T360,T376/1,20:20:00,5,-1,1,AB6353,0,2,40
T376/1,T363/1,20:21:23,5,-1,1,AB6353,0,2,40
T363/1,T306,20:23:15,5,-1,1,AB6353,0,2,61
T306,T314/2,20:24:16,5,-1,-1,AB6353,0,2,50
T314/2,T318,20:25:08,5,-1,-1,AB6353,0,2,10
T318,T319,20:25:48,5,-1,-1,AB6353,0,2,10
T319,T320,20:27:19,5,-1,-1,AB6353,0,2,80
T320,T321/2,20:28:30,5,-1,-1,AB6353,0,2,20
T321/2,T323,20:29:50,5,-1,1,AB6353,0,2,30
T323,T324/2,20:30:33,5,-1,1,AB6353,0,2,11
T324/2,T327,20:32:34,5,-1,1,AB6353,0,2,70
T327,T326/1,20:33:34,5,-1,1,AB6353,0,2,30
T326/1,T337,20:34:55,5,-1,1,AB6353,0,2,70
T337,T336/2,20:35:48,5,-1,1,AB6353,0,2,32
T336/2,T335,5:30:57,6,-1,1,AB6353,0,2,20
T335,T338,5:31:17,6,-1,1,AB6353,0,2,10
T338,T326/3,5:32:28,6,-1,-1,AB6353,0,2,60
T326/3,T332/2,5:33:18,6,-1,1,AB6353,0,2,30
T332/2,T325/2,5:34:39,6,-1,1,AB6353,0,2,50
T325/2,T339/2,5:35:42,6,-1,1,AB6353,0,2,22
T339/2,T313,5:36:54,6,-1,1,AB6353,0,2,42
T313,T315,5:37:55,6,-1,1,AB6353,0,2,20
T315,T375,5:39:16,6,-1,1,AB6353,0,2,70
T375,T380,5:40:26,6,-1,1,AB6353,0,2,40
T380,T379,5:41:07,6,-1,1,AB6353,0,2,10
T379,T355/1,5:43:18,6,-1,-1,AB6353,1,2,100
C688/1,C691,5:48:26,6,-1,-1,AB6353,0,2,50
C691,C652,5:50:17,6,-1,-1,AB6353,0,2,80
C652,C655,5:50:57,6,-1,-1,AB6353,0,2,30
C655,C660,5:53:08,6,-1,-1,AB6353,1,2,100
C660,C662,5:53:59,6,-1,-1,AB6353,0,2,20
C662,C664,5:54:39,6,-1,-1,AB6353,0,2,30
C664,C666,5:55:10,6,-1,-1,AB6353,0,2,20
C666,C677,5:55:44,6,-1,-1,AB6353,0,2,24
C677,C667,5:56:24,6,-1,-1,AB6353,0,2,30
C667,C676,5:57:05,6,-1,-1,AB6353,0,2,20
C676,C680,5:58:15,6,-1,-1,AB6353,0,2,60
C680,C669/1,5:59:36,6,-1,-1,AB6353,0,2,50
C669/1,C693,6:00:47,6,-1,-1,AB6353,0,2,50
C693,C681,6:02:18,6,-1,-1,AB6353,0,2,60
C681,C671,6:03:38,6,-1,-1,AB6353,0,2,50
C671,C695,6:05:39,6,-1,-1,AB6353,0,2,80
T336/2,T335,6:05:50,6,-1,1,AB6335,0,2,20
T335,T338,6:06:20,6,-1,1,AB6335,0,2,10
T338,T326/3,6:07:24,6,-1,-1,AB6335,0,2,50
C695,C673,6:07:45,6,-1,-1,AB6353,0,2,84
C673,C672,6:08:25,6,-1,-1,AB6353,0,2,30
T326/3,T325/2,6:10:16,6,-1,1,AB6335,1,2,151
T325/2,T339/2,6:11:07,6,-1,1,AB6335,0,2,10
C672,C670,6:11:07,6,-1,-1,AB6353,0,2,131
C670,C679,6:11:47,6,-1,-1,AB6353,0,2,30
T339/2,T313,6:12:07,6,-1,1,AB6335,0,2,30
T313,T315,6:13:08,6,-1,1,AB6335,0,2,10
C679,C694,6:13:28,6,-1,-1,AB6353,0,2,90
T315,T375,6:14:18,6,-1,1,AB6335,0,2,60
C694,C669/2,6:14:18,6,-1,-1,AB6353,0,2,40
T375,T380,6:15:19,6,-1,1,AB6335,0,2,30
C669/2,C687,6:15:39,6,-1,-1,AB6353,0,2,20
T380,T379,6:15:59,6,-1,1,AB6335,0,2,10
C687,C675,6:16:57,6,-1,-1,AB6353,0,2,67
C675,C668,6:17:17,6,-1,-1,AB6353,0,2,10
C668,C678,6:17:47,6,-1,-1,AB6353,0,2,20
T379,T355/1,6:18:08,6,-1,-1,AB6335,1,2,118
C678,C665,6:18:18,6,-1,-1,AB6353,0,2,20
C665,C663,6:18:48,6,-1,-1,AB6353,0,2,20
C663,C661,6:19:18,6,-1,-1,AB6353,0,2,20
C661,C659,6:19:59,6,-1,-1,AB6353,0,2,20
C659,C656,6:20:59,6,-1,1,AB6353,0,2,50
C656,C654/2,6:22:20,6,-1,-1,AB6353,0,2,60
C654/2,C653/2,6:23:32,6,-1,1,AB6353,0,2,50
C653/2,C692,6:24:22,6,-1,1,AB6353,0,2,40
C688/1,C691,6:25:23,6,-1,-1,AB6335,0,2,80
C692,C689/1,6:26:24,6,-1,1,AB6353,0,2,71
C691,C652,6:26:45,6,-1,-1,AB6335,0,2,50
C652,C655,6:27:45,6,-1,-1,AB6335,0,2,50
C655,C657,6:29:06,6,-1,-1,AB6335,0,2,50
C689/1,T360,6:29:06,6,-1,1,AB6353,0,2,111
C657,C660,6:30:17,6,-1,-1,AB6335,0,2,40
T360,T376/1,6:30:57,6,-1,1,AB6353,0,2,80
C660,C662,6:31:07,6,-1,-1,AB6335,0,2,20
C662,C664,6:32:08,6,-1,-1,AB6335,0,2,30
C664,C666,6:32:48,6,-1,-1,AB6335,0,2,20
C666,C677,6:33:08,6,-1,-1,AB6335,0,2,10
T376/1,T363/1,6:33:08,6,-1,1,AB6353,0,2,121
C677,C667,6:34:00,6,-1,-1,AB6335,0,2,21
T363/1,T306,6:34:20,6,-1,1,AB6353,0,2,51
C667,C676,6:34:41,6,-1,-1,AB6335,0,2,10
T306,T314/2,6:35:01,6,-1,-1,AB6353,0,2,30
C676,C680,6:36:03,6,-1,-1,AB6335,0,2,51
T318,T320,6:36:34,6,-1,-1,AB6353,1,2,51
C680,C669/1,6:37:04,6,-1,-1,AB6335,0,2,30
T320,T321/2,6:37:24,6,-1,-1,AB6353,0,2,10
T321/2,T323,6:38:05,6,-1,1,AB6353,0,2,20
C669/1,C693,6:38:35,6,-1,-1,AB6335,0,2,50
T323,T324/2,6:38:35,6,-1,1,AB6353,0,2,10
T324/2,T327,6:39:36,6,-1,1,AB6353,0,2,50
T336/2,T335,6:39:46,6,-1,1,AB5996,0,2,20
C693,C681,6:39:56,6,-1,-1,AB6335,0,2,70
T335,T338,6:40:36,6,-1,1,AB5996,0,2,10
T327,T326/1,6:40:36,6,-1,1,AB6353,0,2,30
C681,C671,6:41:17,6,-1,-1,AB6335,0,2,40
T338,T326/3,6:41:27,6,-1,-1,AB5996,0,2,40
T326/3,T332/2,6:42:17,6,-1,1,AB5996,0,2,30
C671,C695,6:42:28,6,-1,-1,AB6335,0,2,60
T332/2,T325/2,6:43:48,6,-1,1,AB5996,0,2,50
T325/2,T339/2,6:44:19,6,-1,1,AB5996,0,2,10
C695,C673,6:44:19,6,-1,-1,AB6335,0,2,80
C673,C672,6:44:59,6,-1,-1,AB6335,0,2,20
T339/2,T313,6:45:29,6,-1,1,AB5996,0,2,40
T313,T315,6:46:00,6,-1,1,AB5996,0,2,20
C672,C670,6:47:20,6,-1,-1,AB6335,0,2,121
T315,T375,6:47:33,6,-1,1,AB5996,0,2,63
C670,C679,6:48:13,6,-1,-1,AB6335,0,2,30
T375,T379,6:49:04,6,-1,1,AB5996,1,2,80
T379,T359,6:49:44,6,-1,1,AB5996,0,2,20
C679,C694,6:50:04,6,-1,-1,AB6335,0,2,80
C694,C669/2,6:50:46,6,-1,-1,AB6335,0,2,31
T359,T355/1,6:50:56,6,-1,-1,AB5996,0,2,61
C669/2,C687,6:51:36,6,-1,-1,AB6335,0,2,20
C687,C675,6:52:37,6,-1,-1,AB6335,0,2,50
C675,C678,6:53:17,6,-1,-1,AB6335,1,2,30
C678,C665,6:53:48,6,-1,-1,AB6335,0,2,20
C665,C663,6:54:28,6,-1,-1,AB6335,0,2,20
T326/1,T337,6:54:38,6,-1,1,AB6353,0,2,60
C663,C661,6:54:58,6,-1,-1,AB6335,0,2,20
T337,T336/2,6:55:18,6,-1,1,AB6353,0,2,30
C661,C659,6:55:29,6,-1,-1,AB6335,0,2,10
C659,C656,6:56:19,6,-1,1,AB6335,0,2,40
C688/1,C691,6:57:10,6,-1,-1,AB5996,0,2,50
C656,C654/2,6:57:10,6,-1,-1,AB6335,0,2,40
C691,C652,6:58:22,6,-1,-1,AB5996,0,2,40
C654/2,C653/2,6:58:33,6,-1,1,AB6335,0,2,60
C652,C655,6:59:33,6,-1,-1,AB5996,0,2,40
C653/2,C692,7:00:03,6,-1,1,AB6335,0,2,70
C655,C657,7:00:44,6,-1,-1,AB5996,0,2,50
C692,C689/1,7:01:04,6,-1,1,AB6335,0,2,30
C657,C660,7:01:34,6,-1,-1,AB5996,0,2,40
C660,C662,7:02:15,6,-1,-1,AB5996,0,2,20
C662,C664,7:02:55,6,-1,-1,AB5996,0,2,30
C664,C666,7:03:25,6,-1,-1,AB5996,0,2,20
C689/1,T360,7:03:35,6,-1,1,AB6335,0,2,100
C666,C677,7:03:46,6,-1,-1,AB5996,0,2,10
C677,C667,7:04:16,6,-1,-1,AB5996,0,2,20
T360,T376/1,7:04:26,6,-1,1,AB6335,0,2,20
C667,C676,7:04:46,6,-1,-1,AB5996,0,2,20
T336/2,T335,7:05:27,6,-1,1,AB6353,0,2,30
C676,C680,7:05:47,6,-1,-1,AB5996,0,2,50
T335,T338,7:06:07,6,-1,1,AB6353,0,2,10
C680,C669/1,7:06:37,6,-1,-1,AB5996,0,2,40
T376/1,T363/1,7:06:47,6,-1,1,AB6335,0,2,111
T338,T326/3,7:07:18,6,-1,-1,AB6353,0,2,50
C669/1,C693,7:07:58,6,-1,-1,AB5996,0,2,60
T326/3,T332/2,7:08:08,6,-1,1,AB6353,0,2,40
T363/1,T314/2,7:08:39,6,-1,-1,AB6335,1,2,80
C693,C681,7:09:29,6,-1,-1,AB5996,0,2,70
T332/2,T325/2,7:09:39,6,-1,1,AB6353,0,2,50
T325/2,T339/2,7:10:09,6,-1,1,AB6353,0,2,20
T319,T320,7:10:09,6,-1,-1,AB6335,0,2,30
C681,C671,7:10:52,6,-1,-1,AB5996,0,2,52
T339/2,T313,7:11:02,6,-1,1,AB6353,0,2,42
T320,T321/2,7:11:02,6,-1,-1,AB6335,0,2,10
T313,T315,7:12:03,6,-1,1,AB6353,0,2,20
T321/2,T323,7:12:03,6,-1,1,AB6335,0,2,30
C671,C695,7:12:34,6,-1,-1,AB5996,0,2,81
T323,T324/2,7:12:54,6,-1,1,AB6335,0,2,20
T315,T375,7:13:35,6,-1,1,AB6353,0,2,60
T324/2,T327,7:14:15,6,-1,1,AB6335,0,2,60
C695,C673,7:14:25,6,-1,-1,AB5996,0,2,70
T375,T380,7:15:05,6,-1,1,AB6353,0,2,50
T327,T326/1,7:15:15,6,-1,1,AB6335,0,2,30
C673,C672,7:15:26,6,-1,-1,AB5996,0,2,30
T380,T379,7:15:46,6,-1,1,AB6353,0,2,10
T379,T359,7:16:26,6,-1,1,AB6353,0,2,20
T326/1,T336/2,7:16:56,6,-1,1,AB6335,1,2,90
T359,T355/1,7:17:27,6,-1,-1,AB6353,0,2,50
C672,C670,7:17:57,6,-1,-1,AB5996,0,2,121
C670,C679,7:18:37,6,-1,-1,AB5996,0,2,30
C679,C694,7:20:39,6,-1,-1,AB5996,0,2,70
C694,C669/2,7:21:39,6,-1,-1,AB5996,0,2,40
C688/1,C691,7:22:19,6,-1,-1,AB6353,0,2,30
C669/2,C687,7:23:31,6,-1,-1,AB5996,0,2,31
C691,C652,7:23:41,6,-1,-1,AB6353,0,2,41
C652,C655,7:24:33,6,-1,-1,AB6353,0,2,31
C687,C675,7:25:03,6,-1,-1,AB5996,0,2,61
C655,C657,7:25:34,6,-1,-1,AB6353,0,2,40
C675,C668,7:25:44,6,-1,-1,AB5996,0,2,10
C668,C678,7:26:04,6,-1,-1,AB5996,0,2,10
C657,C662,7:26:44,6,-1,-1,AB6353,1,2,60
C678,C665,7:27:04,6,-1,-1,AB5996,0,2,20
C662,C664,7:27:25,6,-1,-1,AB6353,0,2,30
C665,C663,7:27:25,6,-1,-1,AB5996,0,2,10
C664,C666,7:28:06,6,-1,-1,AB6353,0,2,20
C666,C677,7:28:26,6,-1,-1,AB6353,0,2,10
C663,C661,7:28:36,6,-1,-1,AB5996,0,2,30
C661,C659,7:28:56,6,-1,-1,AB5996,0,2,10
C677,C667,7:29:17,6,-1,-1,AB6353,0,2,20
C667,C676,7:29:37,6,-1,-1,AB6353,0,2,10
C659,C656,7:30:17,6,-1,1,AB5996,0,2,40
C676,C680,7:30:37,6,-1,-1,AB6353,0,2,50
C656,C654/2,7:31:18,6,-1,-1,AB5996,0,2,50
C680,C669/1,7:31:28,6,-1,-1,AB6353,0,2,20
C654/2,C653/2,7:32:49,6,-1,1,AB5996,0,2,60
C669/1,C681,7:34:15,6,-1,-1,AB6353,1,2,136
C653/2,C692,7:34:55,6,-1,1,AB5996,0,2,116
C681,C671,7:35:15,6,-1,-1,AB6353,0,2,50
T336/2,T335,7:35:25,6,-1,1,AB6335,0,2,30
T335,T338,7:35:46,6,-1,1,AB6335,0,2,10
C671,C695,7:36:36,6,-1,-1,AB6353,0,2,70
C692,C689/1,7:36:46,6,-1,1,AB5996,0,2,60
T338,T326/3,7:36:56,6,-1,-1,AB6335,0,2,50
C695,C672,7:39:08,6,-1,-1,AB6353,1,2,131
T326/3,T325/2,7:39:28,6,-1,1,AB6335,1,2,131
C689/1,T360,7:39:28,6,-1,1,AB5996,0,2,121
T325/2,T339/2,7:40:13,6,-1,1,AB6335,0,2,20
T360,T376/1,7:40:23,6,-1,1,AB5996,0,2,20
T339/2,T313,7:41:24,6,-1,1,AB6335,0,2,40
C672,C670,7:42:04,6,-1,-1,AB6353,0,2,131
T313,T315,7:42:24,6,-1,1,AB6335,0,2,20
C670,C679,7:42:55,6,-1,-1,AB6353,0,2,30
T376/1,T363/1,7:42:55,6,-1,1,AB5996,0,2,131
T315,T375,7:43:55,6,-1,1,AB6335,0,2,60
T363/1,T306,7:43:55,6,-1,1,AB5996,0,2,40
T306,T314/2,7:44:56,6,-1,-1,AB5996,0,2,50
C679,C694,7:45:16,6,-1,-1,AB6353,0,2,121
T375,T380,7:45:47,6,-1,1,AB6335,0,2,70
C694,C669/2,7:45:57,6,-1,-1,AB6353,0,2,30
T380,T379,7:46:27,6,-1,1,AB6335,0,2,10
T319,T320,7:46:27,6,-1,-1,AB5996,0,2,30
C669/2,C687,7:46:47,6,-1,-1,AB6353,0,2,20
T320,T321/2,7:47:08,6,-1,-1,AB5996,0,2,10
T321/2,T323,7:47:48,6,-1,1,AB5996,0,2,20
T379,T355/1,7:47:58,6,-1,-1,AB6335,1,2,80
C687,C675,7:48:08,6,-1,-1,AB6353,0,2,60
C675,C668,7:48:39,6,-1,-1,AB6353,0,2,20
C668,C678,7:48:59,6,-1,-1,AB6353,0,2,10
C678,C665,7:49:49,6,-1,-1,AB6353,0,2,20
T324/2,T327,7:49:59,6,-1,1,AB5996,0,2,50
C665,C663,7:50:10,6,-1,-1,AB6353,0,2,10
C663,C661,7:50:42,6,-1,-1,AB6353,0,2,22
C661,C659,7:51:23,6,-1,-1,AB6353,0,2,30
T327,T337,7:51:44,6,-1,1,AB5996,1,2,93
C659,C656,7:52:44,6,-1,1,AB6353,0,2,40
T337,T336/2,7:52:44,6,-1,1,AB5996,0,2,40
C656,C654/2,7:53:35,6,-1,-1,AB6353,0,2,40
C688/1,C691,7:53:45,6,-1,-1,AB6335,0,2,71
C654/2,C653/2,7:55:26,6,-1,1,AB6353,0,2,90
C691,C655,7:56:47,6,-1,-1,AB6335,1,2,131
C653/2,C692,7:56:57,6,-1,1,AB6353,0,2,70
C655,C657,7:57:37,6,-1,-1,AB6335,0,2,40
C692,C689/1,7:58:28,6,-1,1,AB6353,0,2,70
C657,C660,7:58:48,6,-1,-1,AB6335,0,2,40
C660,C662,7:59:29,6,-1,-1,AB6335,0,2,10
C662,C664,8:00:29,6,-1,-1,AB6335,0,2,30
C689/1,T360,8:00:50,6,-1,1,AB6353,0,2,111
C664,C666,8:01:20,6,-1,-1,AB6335,0,2,20
T360,T376/1,8:02:03,6,-1,1,AB6353,0,2,30
C677,C667,8:02:24,6,-1,-1,AB6335,0,2,20
C667,C676,8:03:04,6,-1,-1,AB6335,0,2,20
T376/1,T363/1,8:03:04,6,-1,1,AB6353,0,2,50
C676,C680,8:04:05,6,-1,-1,AB6335,0,2,50
T363/1,T306,8:04:15,6,-1,1,AB6353,0,2,40
C680,C669/1,8:04:56,6,-1,-1,AB6335,0,2,41
T306,T314/2,8:05:07,6,-1,-1,AB6353,0,2,30
C669/1,C693,8:06:17,6,-1,-1,AB6335,0,2,50
T318,T319,8:06:27,6,-1,-1,AB6353,0,2,10
T319,T320,8:07:08,6,-1,-1,AB6353,0,2,30
C693,C681,8:07:38,6,-1,-1,AB6335,0,2,70
T320,T321/2,8:07:38,6,-1,-1,AB6353,0,2,10
T321/2,T323,8:08:29,6,-1,1,AB6353,0,2,20
C681,C671,8:08:39,6,-1,-1,AB6335,0,2,50
T323,T324/2,8:09:09,6,-1,1,AB6353,0,2,10
T336/2,T335,8:10:10,6,-1,1,AB5996,0,2,20
C671,C695,8:10:33,6,-1,-1,AB6335,0,2,104
T324/2,T327,8:10:43,6,-1,1,AB6353,0,2,53
T335,T338,8:10:53,6,-1,1,AB5996,0,2,10
T327,T326/1,8:11:34,6,-1,1,AB6353,0,2,20
C695,C673,8:12:14,6,-1,-1,AB6335,0,2,81
T338,T326/3,8:12:24,6,-1,-1,AB5996,0,2,71
C673,C672,8:12:55,6,-1,-1,AB6335,0,2,30
T326/3,T332/2,8:13:15,6,-1,1,AB5996,0,2,40
T326/1,T337,8:13:45,6,-1,1,AB6353,0,2,121
T337,T336/2,8:14:46,6,-1,1,AB6353,0,2,30
T332/2,T325/2,8:14:56,6,-1,1,AB5996,0,2,50
T325/2,T339/2,8:15:46,6,-1,1,AB5996,0,2,20
C672,C670,8:16:07,6,-1,-1,AB6335,0,2,141
T339/2,T313,8:16:57,6,-1,1,AB5996,0,2,40
C670,C679,8:17:17,6,-1,-1,AB6335,0,2,40
T313,T315,8:17:48,6,-1,1,AB5996,0,2,10
C679,C694,8:18:48,6,-1,-1,AB6335,0,2,80
T315,T375,8:18:58,6,-1,1,AB5996,0,2,60
C694,C669/2,8:19:29,6,-1,-1,AB6335,0,2,30
T375,T380,8:19:49,6,-1,1,AB5996,0,2,20
T380,T379,8:20:29,6,-1,1,AB5996,0,2,10
C669/2,C687,8:20:39,6,-1,-1,AB6335,0,2,20
T379,T359,8:21:20,6,-1,1,AB5996,0,2,20
C687,C675,8:21:50,6,-1,-1,AB6335,0,2,60
T359,T355/1,8:22:34,6,-1,-1,AB5996,0,2,54
C675,C668,8:22:34,6,-1,-1,AB6335,0,2,23
C668,C678,8:23:25,6,-1,-1,AB6335,0,2,20
C678,C665,8:24:15,6,-1,-1,AB6335,0,2,20
C665,C663,8:24:35,6,-1,-1,AB6335,0,2,10
C663,C661,8:25:56,6,-1,-1,AB6335,0,2,40
C661,C659,8:26:27,6,-1,-1,AB6335,0,2,20
C659,C656,8:27:37,6,-1,1,AB6335,0,2,30
C688/1,C691,8:28:38,6,-1,-1,AB5996,0,2,70
C656,C654/2,8:29:18,6,-1,-1,AB6335,0,2,60
C691,C652,8:30:49,6,-1,-1,AB5996,0,2,90
C654/2,C653/2,8:30:59,6,-1,1,AB6335,0,2,60
C652,C655,8:31:44,6,-1,-1,AB5996,0,2,24
C655,C657,8:32:45,6,-1,-1,AB5996,0,2,40
C653/2,C692,8:33:37,6,-1,1,AB6335,0,2,122
C657,C660,8:33:47,6,-1,-1,AB5996,0,2,41
T336/2,T335,8:34:27,6,-1,1,AB6353,0,2,10
C660,C662,8:34:27,6,-1,-1,AB5996,0,2,10
T335,T338,8:34:57,6,-1,1,AB6353,0,2,10
C662,C664,8:35:07,6,-1,-1,AB5996,0,2,20
C692,C689/1,8:35:18,6,-1,1,AB6335,0,2,10
C664,C666,8:35:28,6,-1,-1,AB5996,0,2,10
T338,T326/3,8:35:58,6,-1,-1,AB6353,0,2,50
C666,C677,8:35:58,6,-1,-1,AB5996,0,2,10
C677,C667,8:36:28,6,-1,-1,AB5996,0,2,20
C667,C676,8:36:49,6,-1,-1,AB5996,0,2,10
T326/3,T332/2,8:37:39,6,-1,1,AB6353,0,2,90
C676,C680,8:38:09,6,-1,-1,AB5996,0,2,50
T332/2,T325/2,8:38:30,6,-1,1,AB6353,0,2,40
C680,C669/1,8:38:50,6,-1,-1,AB5996,0,2,20
C689/1,T360,8:39:00,6,-1,1,AB6335,0,2,191
T325/2,T339/2,8:39:20,6,-1,1,AB6353,0,2,10
C669/1,C693,8:40:12,6,-1,-1,AB5996,0,2,52
T360,T376/1,8:40:32,6,-1,1,AB6335,0,2,72
T339/2,T313,8:40:42,6,-1,1,AB6353,0,2,60
T313,T315,8:41:43,6,-1,1,AB6353,0,2,20
C693,C671,8:42:45,6,-1,-1,AB5996,1,2,122
T376/1,T363/1,8:42:55,6,-1,1,AB6335,0,2,112
T315,T375,8:43:25,6,-1,1,AB6353,0,2,71
C671,C695,8:44:05,6,-1,-1,AB5996,0,2,70
T363/1,T306,8:44:05,6,-1,1,AB6335,0,2,40
T375,T380,8:44:16,6,-1,1,AB6353,0,2,20
T306,T314/2,8:44:57,6,-1,-1,AB6335,0,2,41
T379,T359,8:45:37,6,-1,1,AB6353,0,2,10
C695,C673,8:45:37,6,-1,-1,AB5996,0,2,81
T318,T319,8:46:18,6,-1,-1,AB6335,0,2,10
C673,C672,8:46:38,6,-1,-1,AB5996,0,2,30
T359,T355/1,8:46:48,6,-1,-1,AB6353,0,2,60
T319,T320,8:46:58,6,-1,-1,AB6335,0,2,30
T321/2,T323,8:48:39,6,-1,1,AB6335,0,2,20
C672,C670,8:49:20,6,-1,-1,AB5996,0,2,121
C670,C679,8:50:04,6,-1,-1,AB5996,0,2,30
T324/2,T327,8:50:24,6,-1,1,AB6335,0,2,50
T355/1,C688/1,8:50:34,6,-1,-1,AB6353,0,2,195
C679,C694,8:51:45,6,-1,-1,AB5996,0,2,70
C688/1,C691,8:52:25,6,-1,-1,AB6353,0,2,30
C694,C669/2,8:52:35,6,-1,-1,AB5996,0,2,40
C669/2,C687,8:53:36,6,-1,-1,AB5996,0,2,20
C691,C652,8:53:56,6,-1,-1,AB6353,0,2,50
C652,C655,8:55:17,6,-1,-1,AB6353,0,2,30
C687,C675,8:55:27,6,-1,-1,AB5996,0,2,60
C675,C668,8:55:57,6,-1,-1,AB5996,0,2,20
T337,T336/2,8:55:57,6,-1,1,AB6335,0,2,20
C655,C657,8:56:27,6,-1,-1,AB6353,0,2,40
C668,C678,8:56:38,6,-1,-1,AB5996,0,2,10
C678,C665,8:57:28,6,-1,-1,AB5996,0,2,10
C657,C660,8:57:38,6,-1,-1,AB6353,0,2,40
C665,C663,8:57:58,6,-1,-1,AB5996,0,2,20
C660,C662,8:58:08,6,-1,-1,AB6353,0,2,20
C663,C661,8:58:49,6,-1,-1,AB5996,0,2,30
C662,C664,8:59:09,6,-1,-1,AB6353,0,2,30
C664,C666,8:59:50,6,-1,-1,AB6353,0,2,20
C661,C659,9:00:00,6,-1,-1,AB5996,0,2,30
C666,C677,9:00:10,6,-1,-1,AB6353,0,2,10
C677,C667,9:00:44,6,-1,-1,AB6353,0,2,10
C667,C676,9:01:14,6,-1,-1,AB6353,0,2,20
C659,C656,9:01:14,6,-1,1,AB5996,0,2,40
C656,C654/2,9:02:25,6,-1,-1,AB5996,0,2,40
C676,C680,9:02:45,6,-1,-1,AB6353,0,2,70
C680,C669/1,9:03:35,6,-1,-1,AB6353,0,2,30
C654/2,C653/2,9:04:26,6,-1,1,AB5996,0,2,70
C669/1,C693,9:05:16,6,-1,-1,AB6353,0,2,60
C653/2,C692,9:05:37,6,-1,1,AB5996,0,2,60
C693,C681,9:06:27,6,-1,-1,AB6353,0,2,60
C692,C689/1,9:07:08,6,-1,1,AB5996,0,2,40
C681,C671,9:07:48,6,-1,-1,AB6353,0,2,50
T336/2,T335,9:08:38,6,-1,1,AB6335,0,2,30
T335,T338,9:09:19,6,-1,1,AB6335,0,2,10
C689/1,T360,9:09:29,6,-1,1,AB5996,0,2,100
C671,C695,9:09:39,6,-1,-1,AB6353,0,2,80
T360,T376/1,9:10:40,6,-1,1,AB5996,0,2,30
T338,T326/3,9:11:00,6,-1,-1,AB6335,0,2,50
C695,C673,9:11:42,6,-1,-1,AB6353,0,2,92
T326/3,T332/2,9:12:02,6,-1,1,AB6335,0,2,30
T376/1,T363/1,9:12:55,6,-1,1,AB5996,0,2,125
T332/2,T325/2,9:13:45,6,-1,1,AB6335,0,2,60
C673,C672,9:13:45,6,-1,-1,AB6353,0,2,40
T325/2,T339/2,9:14:16,6,-1,1,AB6335,0,2,20
T363/1,T306,9:14:56,6,-1,1,AB5996,0,2,80
T339/2,T313,9:15:26,6,-1,1,AB6335,0,2,60
T306,T314/2,9:15:57,6,-1,-1,AB5996,0,2,40
T313,T315,9:16:27,6,-1,1,AB6335,0,2,20
T314/2,T318,9:16:47,6,-1,-1,AB5996,0,2,10
C672,C670,9:16:57,6,-1,-1,AB6353,0,2,131
T319,T320,9:18:08,6,-1,-1,AB5996,0,2,30
C670,C679,9:18:18,6,-1,-1,AB6353,0,2,30
T315,T375,9:18:28,6,-1,1,AB6335,0,2,80
T320,T321/2,9:18:59,6,-1,-1,AB5996,0,2,10
T375,T380,9:19:49,6,-1,1,AB6335,0,2,60
T321/2,T323,9:19:49,6,-1,1,AB5996,0,2,20
C679,C694,9:20:09,6,-1,-1,AB6353,0,2,70
T380,T379,9:20:30,6,-1,1,AB6335,0,2,10
T323,T324/2,9:20:40,6,-1,1,AB5996,0,2,10
T379,T359,9:21:00,6,-1,1,AB6335,0,2,20
C694,C669/2,9:21:10,6,-1,-1,AB6353,0,2,40
T324/2,T327,9:21:44,6,-1,1,AB5996,0,2,44
T359,T355/1,9:21:55,6,-1,-1,AB6335,0,2,44
C669/2,C687,9:21:55,6,-1,-1,AB6353,0,2,20
T327,T326/1,9:22:45,6,-1,1,AB5996,0,2,30
C687,C675,9:23:16,6,-1,-1,AB6353,0,2,60
C675,C668,9:23:56,6,-1,-1,AB6353,0,2,30
T326/1,T337,9:23:56,6,-1,1,AB5996,0,2,60
C668,C678,9:24:26,6,-1,-1,AB6353,0,2,20
T337,T336/2,9:24:57,6,-1,1,AB5996,0,2,30
C678,C665,9:25:07,6,-1,-1,AB6353,0,2,30
C665,C663,9:25:37,6,-1,-1,AB6353,0,2,20
C663,C661,9:26:17,6,-1,-1,AB6353,0,2,30
C661,C659,9:26:48,6,-1,-1,AB6353,0,2,20
C688/1,C691,9:27:48,6,-1,-1,AB6335,0,2,80
C659,C656,9:28:29,6,-1,1,AB6353,0,2,40
C656,C654/2,9:29:39,6,-1,-1,AB6353,0,2,50
C691,C652,9:30:00,6,-1,-1,AB6335,0,2,101
C654/2,C653/2,9:30:54,6,-1,1,AB6353,0,2,54
C652,C655,9:31:14,6,-1,-1,AB6335,0,2,10
C655,C657,9:32:25,6,-1,-1,AB6335,0,2,40
C653/2,C692,9:32:25,6,-1,1,AB6353,0,2,70
C657,C660,9:33:36,6,-1,-1,AB6335,0,2,40
C692,C689/1,9:33:56,6,-1,1,AB6353,0,2,40
C660,C662,9:34:37,6,-1,-1,AB6335,0,2,20
C662,C664,9:35:27,6,-1,-1,AB6335,0,2,20
C664,C666,9:36:18,6,-1,-1,AB6335,0,2,20
C689/1,T360,9:36:18,6,-1,1,AB6353,0,2,111
C666,C677,9:36:38,6,-1,-1,AB6335,0,2,10
T336/2,T335,9:37:08,6,-1,1,AB5996,0,2,30
C677,C667,9:37:28,6,-1,-1,AB6335,0,2,20
T335,T338,9:37:38,6,-1,1,AB5996,0,2,10
C667,C676,9:38:09,6,-1,-1,AB6335,0,2,10
T360,T376/1,9:38:39,6,-1,1,AB6353,0,2,111
C676,C680,9:39:09,6,-1,-1,AB6335,0,2,50
T338,T332/2,9:39:30,6,-1,1,AB5996,1,2,101
T376/1,T363/1,9:40:00,6,-1,1,AB6353,0,2,50
C680,C669/1,9:40:32,6,-1,-1,AB6335,0,2,52
T363/1,T306,9:41:03,6,-1,1,AB6353,0,2,42
T332/2,T325/2,9:41:23,6,-1,1,AB5996,0,2,50
C669/1,C693,9:41:45,6,-1,-1,AB6335,0,2,62
T306,T314/2,9:41:55,6,-1,-1,AB6353,0,2,31
T325/2,T339/2,9:42:05,6,-1,1,AB5996,0,2,20
C693,C681,9:43:15,6,-1,-1,AB6335,0,2,70
T318,T319,9:43:26,6,-1,-1,AB6353,0,2,50
T339/2,T313,9:43:46,6,-1,1,AB5996,0,2,60
C681,C671,9:44:16,6,-1,-1,AB6335,0,2,50
T319,T320,9:44:16,6,-1,-1,AB6353,0,2,30
T313,T315,9:45:07,6,-1,1,AB5996,0,2,20
T320,T321/2,9:45:17,6,-1,-1,AB6353,0,2,10
C671,C695,9:45:47,6,-1,-1,AB6335,0,2,80
T321/2,T323,9:46:17,6,-1,1,AB6353,0,2,20
T315,T375,9:46:27,6,-1,1,AB5996,0,2,70
T323,T324/2,9:46:58,6,-1,1,AB6353,0,2,20
C695,C673,9:47:08,6,-1,-1,AB6335,0,2,70
C673,C672,9:47:48,6,-1,-1,AB6335,0,2,30
T375,T380,9:47:58,6,-1,1,AB5996,0,2,50
T324/2,T327,9:48:19,6,-1,1,AB6353,0,2,60
T380,T379,9:48:49,6,-1,1,AB5996,0,2,20
T379,T359,9:49:29,6,-1,1,AB5996,0,2,20
T359,T355/1,9:50:35,6,-1,-1,AB5996,0,2,55
C672,C670,9:50:55,6,-1,-1,AB6335,0,2,125
C670,C679,9:51:45,6,-1,-1,AB6335,0,2,40
C679,C694,9:53:16,6,-1,-1,AB6335,0,2,80
C694,C669/2,9:53:57,6,-1,-1,AB6335,0,2,30
C669/2,C687,9:55:18,6,-1,-1,AB6335,0,2,20
C688/1,C691,9:56:18,6,-1,-1,AB5996,0,2,50
C687,C675,9:56:28,6,-1,-1,AB6335,0,2,60
C675,C668,9:56:59,6,-1,-1,AB6335,0,2,20
C668,C678,9:57:49,6,-1,-1,AB6335,0,2,10
C691,C652,9:58:09,6,-1,-1,AB5996,0,2,70
C678,C665,9:58:50,6,-1,-1,AB6335,0,2,20
C665,C663,9:59:10,6,-1,-1,AB6335,0,2,10
C652,C655,9:59:20,6,-1,-1,AB5996,0,2,40
C663,C661,9:59:53,6,-1,-1,AB6335,0,2,33
C655,C657,10:00:24,6,-1,-1,AB5996,0,2,50
C661,C659,10:00:44,6,-1,-1,AB6335,0,2,20
C657,C660,10:01:14,6,-1,-1,AB5996,0,2,40
C660,C662,10:02:05,6,-1,-1,AB5996,0,2,20
C659,C656,10:02:05,6,-1,1,AB6335,0,2,30
C662,C664,10:03:05,6,-1,-1,AB5996,0,2,30
C656,C654/2,10:03:05,6,-1,-1,AB6335,0,2,50
C664,C666,10:03:26,6,-1,-1,AB5996,0,2,10
C666,C677,10:03:46,6,-1,-1,AB5996,0,2,10
C654/2,C653/2,10:04:26,6,-1,1,AB6335,0,2,60
C677,C676,10:04:46,6,-1,-1,AB5996,1,2,50
C676,C680,10:05:47,6,-1,-1,AB5996,0,2,50
C653/2,C692,10:05:47,6,-1,1,AB6335,0,2,60
C680,C669/1,10:06:27,6,-1,-1,AB5996,0,2,30
C692,C689/1,10:07:18,6,-1,1,AB6335,0,2,50
T335,T338,10:07:28,6,-1,1,AB5730,0,2,10
C669/1,C693,10:07:58,6,-1,-1,AB5996,0,2,60
T338,T326/3,10:09:09,6,-1,-1,AB5730,0,2,60
C693,C681,10:09:09,6,-1,-1,AB5996,0,2,60
C681,C671,10:10:10,6,-1,-1,AB5996,0,2,50
C689/1,T360,10:10:10,6,-1,1,AB6335,0,2,101
T326/3,T332/2,10:10:20,6,-1,1,AB5730,0,2,40
C671,C695,10:11:54,6,-1,-1,AB5996,0,2,70
T360,T376/1,10:12:04,6,-1,1,AB6335,0,2,80
T332/2,T325/2,10:12:24,6,-1,1,AB5730,0,2,70
T325/2,T339/2,10:13:25,6,-1,1,AB5730,0,2,20
T376/1,T363/1,10:13:25,6,-1,1,AB6335,0,2,70
C695,C673,10:13:45,6,-1,-1,AB5996,0,2,80
T363/1,T306,10:14:46,6,-1,1,AB6335,0,2,50
T339/2,T313,10:15:16,6,-1,1,AB5730,0,2,70
T306,T314/2,10:15:47,6,-1,-1,AB6335,0,2,30
T313,T315,10:16:27,6,-1,1,AB5730,0,2,10
C673,C670,10:17:07,6,-1,-1,AB5996,1,2,171
T318,T319,10:17:18,6,-1,-1,AB6335,0,2,10
C670,C679,10:17:58,6,-1,-1,AB5996,0,2,40
T319,T320,10:18:08,6,-1,-1,AB6335,0,2,40
T315,T375,10:18:28,6,-1,1,AB5730,0,2,80
C679,C694,10:19:39,6,-1,-1,AB5996,0,2,80
T375,T380,10:19:49,6,-1,1,AB5730,0,2,40
T321/2,T323,10:19:49,6,-1,1,AB6335,0,2,20
C694,C669/2,10:20:19,6,-1,-1,AB5996,0,2,30
T323,T324/2,10:20:19,6,-1,1,AB6335,0,2,10
T380,T379,10:20:40,6,-1,1,AB5730,0,2,10
C669/2,C687,10:21:10,6,-1,-1,AB5996,0,2,20
T324/2,T327,10:22:01,6,-1,1,AB6335,0,2,50
T379,T359,10:22:21,6,-1,1,AB5730,0,2,40
C687,C675,10:22:32,6,-1,-1,AB5996,0,2,61
T327,T326/1,10:22:42,6,-1,1,AB6335,0,2,21
C675,C678,10:23:12,6,-1,-1,AB5996,1,2,30
T359,T355/1,10:23:23,6,-1,-1,AB5730,0,2,50
C678,C665,10:23:44,6,-1,-1,AB5996,0,2,10
C665,C663,10:24:35,6,-1,-1,AB5996,0,2,20
T326/1,T337,10:25:15,6,-1,1,AB6335,0,2,60
C663,C659,10:25:35,6,-1,-1,AB5996,1,2,50
T337,T336/2,10:25:45,6,-1,1,AB6335,0,2,20
C659,C656,10:27:06,6,-1,1,AB5996,0,2,50
C656,C654/2,10:28:07,6,-1,-1,AB5996,0,2,50
C654/2,C653/2,10:29:38,6,-1,1,AB5996,0,2,60
C688/1,C691,10:30:49,6,-1,-1,AB5730,0,2,70
C691,C652,10:32:19,6,-1,-1,AB5730,0,2,40
C653/2,C689/1,10:32:19,6,-1,1,AB5996,1,2,141
C652,C655,10:33:44,6,-1,-1,AB5730,0,2,23
C689/1,T360,10:34:34,6,-1,1,AB5996,0,2,94
C655,C657,10:35:25,6,-1,-1,AB5730,0,2,50
T336/2,T335,10:35:55,6,-1,1,AB6353,0,2,60
T360,T376/1,10:35:55,6,-1,1,AB5996,0,2,50
C657,C660,10:36:15,6,-1,-1,AB5730,0,2,40
T335,T338,10:36:46,6,-1,1,AB6353,0,2,20
C660,C662,10:37:16,6,-1,-1,AB5730,0,2,20
C662,C664,10:37:46,6,-1,-1,AB5730,0,2,20
T376/1,T363/1,10:37:46,6,-1,1,AB5996,0,2,101
T338,T326/3,10:38:06,6,-1,-1,AB6353,0,2,60
C664,C666,10:38:17,6,-1,-1,AB5730,0,2,20
C666,C677,10:38:47,6,-1,-1,AB5730,0,2,20
T326/3,T332/2,10:38:57,6,-1,1,AB6353,0,2,40
T363/1,T306,10:39:27,6,-1,1,AB5996,0,2,80
C677,C667,10:39:37,6,-1,-1,AB5730,0,2,20
C667,C676,10:39:58,6,-1,-1,AB5730,0,2,10
T306,T314/2,10:40:18,6,-1,-1,AB5996,0,2,30
T332/2,T325/2,10:40:38,6,-1,1,AB6353,0,2,60
T325/2,T339/2,10:41:29,6,-1,1,AB6353,0,2,20
C676,C680,10:41:29,6,-1,-1,AB5730,0,2,70
C680,C669/1,10:42:19,6,-1,-1,AB5730,0,2,20
T318,T319,10:42:49,6,-1,-1,AB5996,0,2,10
T339/2,T313,10:43:35,6,-1,1,AB6353,0,2,75
T319,T320,10:43:45,6,-1,-1,AB5996,0,2,35
C669/1,C693,10:44:05,6,-1,-1,AB5730,0,2,55
T320,T321/2,10:44:45,6,-1,-1,AB5996,0,2,10
T313,T315,10:45:06,6,-1,1,AB6353,0,2,30
C693,C681,10:45:46,6,-1,-1,AB5730,0,2,70
T321/2,T323,10:45:56,6,-1,1,AB5996,0,2,30
T315,T375,10:46:57,6,-1,1,AB6353,0,2,80
T323,T324/2,10:46:57,6,-1,1,AB5996,0,2,20
T375,T380,10:48:08,6,-1,1,AB6353,0,2,20
T324/2,T327,10:48:18,6,-1,1,AB5996,0,2,50
C681,C695,10:48:48,6,-1,-1,AB5730,1,2,151
T380,T379,10:48:58,6,-1,1,AB6353,0,2,10
T327,T326/1,10:49:28,6,-1,1,AB5996,0,2,30
T379,T359,10:49:59,6,-1,1,AB6353,0,2,20
T326/1,T337,10:50:29,6,-1,1,AB5996,0,2,50
C695,C673,10:50:50,6,-1,-1,AB5730,0,2,91
T359,T355/1,10:51:10,6,-1,-1,AB6353,0,2,60
C673,C672,10:51:20,6,-1,-1,AB5730,0,2,20
T337,T336/2,10:51:30,6,-1,1,AB5996,0,2,30
C672,C670,10:54:05,6,-1,-1,AB5730,0,2,124
C670,C679,10:54:45,6,-1,-1,AB5730,0,2,30
C679,C694,10:57:07,6,-1,-1,AB5730,0,2,101
C688/1,C691,10:57:47,6,-1,-1,AB6353,0,2,90
C694,C669/2,10:57:57,6,-1,-1,AB5730,0,2,20
C691,C652,10:59:08,6,-1,-1,AB6353,0,2,50
C669/2,C687,10:59:18,6,-1,-1,AB5730,0,2,20
C652,C655,11:00:29,6,-1,-1,AB6353,0,2,40
C687,C675,11:00:49,6,-1,-1,AB5730,0,2,50
C655,C657,11:01:19,6,-1,-1,AB6353,0,2,40
C675,C668,11:01:19,6,-1,-1,AB5730,0,2,20
C668,C678,11:01:50,6,-1,-1,AB5730,0,2,10
C657,C660,11:02:10,6,-1,-1,AB6353,0,2,40
C678,C665,11:02:32,6,-1,-1,AB5730,0,2,12
C660,C662,11:03:03,6,-1,-1,AB6353,0,2,20
C665,C663,11:03:03,6,-1,-1,AB5730,0,2,20
C662,C664,11:03:45,6,-1,-1,AB6353,0,2,32
C663,C661,11:03:45,6,-1,-1,AB5730,0,2,32
C664,C666,11:04:05,6,-1,-1,AB6353,0,2,10
C661,C659,11:04:25,6,-1,-1,AB5730,0,2,20
C666,C677,11:04:36,6,-1,-1,AB6353,0,2,20
C677,C676,11:05:26,6,-1,-1,AB6353,1,2,40
C659,C656,11:05:46,6,-1,1,AB5730,0,2,40
C676,C680,11:06:37,6,-1,-1,AB6353,0,2,60
C656,C654/2,11:06:47,6,-1,-1,AB5730,0,2,50
C680,C669/1,11:07:37,6,-1,-1,AB6353,0,2,50
C669/1,C693,11:08:58,6,-1,-1,AB6353,0,2,60
C654/2,C653/2,11:09:08,6,-1,1,AB5730,0,2,90
C693,C681,11:10:19,6,-1,-1,AB6353,0,2,70
C653/2,C692,11:10:29,6,-1,1,AB5730,0,2,60
T336/2,T335,11:11:09,6,-1,1,AB6335,0,2,30
C681,C671,11:11:20,6,-1,-1,AB6353,0,2,50
T335,T338,11:11:52,6,-1,1,AB6335,0,2,10
C692,C689/1,11:12:02,6,-1,1,AB5730,0,2,20
C671,C695,11:13:03,6,-1,-1,AB6353,0,2,80
T338,T326/3,11:13:23,6,-1,-1,AB6335,0,2,60
T326/3,T332/2,11:14:14,6,-1,1,AB6335,0,2,40
C695,C673,11:14:44,6,-1,-1,AB6353,0,2,80
C689/1,T360,11:14:44,6,-1,1,AB5730,0,2,111
C673,C672,11:15:45,6,-1,-1,AB6353,0,2,40
T360,T376/1,11:15:45,6,-1,1,AB5730,0,2,20
T332/2,T325/2,11:15:55,6,-1,1,AB6335,0,2,60
T325/2,T339/2,11:16:45,6,-1,1,AB6335,0,2,20
T339/2,T313,11:18:06,6,-1,1,AB6335,0,2,50
T313,T315,11:19:07,6,-1,1,AB6335,0,2,20
C672,C670,11:19:27,6,-1,-1,AB6353,0,2,171
C670,C679,11:20:27,6,-1,-1,AB6353,0,2,40
T315,T375,11:20:58,6,-1,1,AB6335,0,2,70
T375,T380,11:21:58,6,-1,1,AB6335,0,2,30
C679,C694,11:21:58,6,-1,-1,AB6353,0,2,80
T380,T379,11:22:39,6,-1,1,AB6335,0,2,10
C694,C669/2,11:22:49,6,-1,-1,AB6353,0,2,30
C669/2,C687,11:24:32,6,-1,-1,AB6353,0,2,32
T363/1,T314/2,11:25:13,6,-1,-1,AB5730,1,2,72
T379,T355/1,11:25:53,6,-1,-1,AB6335,1,2,133
C687,C675,11:26:03,6,-1,-1,AB6353,0,2,70
C675,C668,11:26:33,6,-1,-1,AB6353,0,2,20
C668,C678,11:26:54,6,-1,-1,AB6353,0,2,10
T318,T319,11:27:24,6,-1,-1,AB5730,0,2,50
C678,C665,11:27:34,6,-1,-1,AB6353,0,2,20
C665,C663,11:28:04,6,-1,-1,AB6353,0,2,20
T319,T320,11:29:15,6,-1,-1,AB5730,0,2,80
C663,C659,11:29:55,6,-1,-1,AB6353,1,2,70
T320,T321/2,11:30:26,6,-1,-1,AB5730,0,2,20
T321/2,T323,11:30:56,6,-1,1,AB5730,0,2,20
C659,C656,11:31:06,6,-1,1,AB6353,0,2,40
T323,T324/2,11:31:47,6,-1,1,AB5730,0,2,20
C688/1,C691,11:32:07,6,-1,-1,AB6335,0,2,30
C656,C654/2,11:32:37,6,-1,-1,AB6353,0,2,60
T324/2,T327,11:33:08,6,-1,1,AB5730,0,2,70
T327,T326/1,11:33:38,6,-1,1,AB5730,0,2,20
C691,C652,11:34:28,6,-1,-1,AB6335,0,2,90
T326/1,T337,11:34:39,6,-1,1,AB5730,0,2,50
C654/2,C653/2,11:34:49,6,-1,1,AB6353,0,2,111
T337,T336/2,11:35:09,6,-1,1,AB5730,0,2,20
C652,C655,11:35:59,6,-1,-1,AB6335,0,2,40
C653/2,C692,11:35:59,6,-1,1,AB6353,0,2,50
C692,C689/1,11:38:15,6,-1,1,AB6353,0,2,81
C655,C657,11:38:45,6,-1,-1,AB6335,0,2,101
C689/1,T360,11:40:58,6,-1,1,AB6353,0,2,112
C657,C660,11:41:48,6,-1,-1,AB6335,0,2,162
C660,C662,11:42:59,6,-1,-1,AB6335,0,2,20
T360,T376/1,11:43:09,6,-1,1,AB6353,0,2,111
C662,C664,11:43:29,6,-1,-1,AB6335,0,2,20
T336/2,T335,11:44:10,6,-1,1,AB5996,0,2,20
C664,C666,11:44:20,6,-1,-1,AB6335,0,2,10
C666,C677,11:44:44,6,-1,-1,AB6335,0,2,10
T335,T338,11:44:54,6,-1,1,AB5996,0,2,10
C677,C667,11:45:14,6,-1,-1,AB6335,0,2,20
T376/1,T363/1,11:45:24,6,-1,1,AB6353,0,2,124
C667,C676,11:46:05,6,-1,-1,AB6335,0,2,10
T338,T326/3,11:46:15,6,-1,-1,AB5996,0,2,60
T326/3,T332/2,11:47:05,6,-1,1,AB5996,0,2,40
C676,C680,11:47:15,6,-1,-1,AB6335,0,2,60
T363/1,T306,11:47:56,6,-1,1,AB6353,0,2,70
C680,C669/1,11:48:06,6,-1,-1,AB6335,0,2,20
T332/2,T325/2,11:48:57,6,-1,1,AB5996,0,2,71
T306,T314/2,11:49:07,6,-1,-1,AB6353,0,2,40
T325/2,T339/2,11:49:38,6,-1,1,AB5996,0,2,11
C669/1,C693,11:49:59,6,-1,-1,AB6335,0,2,51
T339/2,T313,11:51:30,6,-1,1,AB5996,0,2,70
C693,C681,11:51:40,6,-1,-1,AB6335,0,2,70
T318,T319,11:51:40,6,-1,-1,AB6353,0,2,80
T313,T315,11:52:42,6,-1,1,AB5996,0,2,21
C681,C671,11:52:42,6,-1,-1,AB6335,0,2,52
T319,T320,11:53:02,6,-1,-1,AB6353,0,2,42
T315,T375,11:54:13,6,-1,1,AB5996,0,2,81
C671,C695,11:54:33,6,-1,-1,AB6335,0,2,81
T375,T380,11:55:24,6,-1,1,AB5996,0,2,30
T321/2,T323,11:55:44,6,-1,1,AB6353,0,2,40
T323,T324/2,11:56:25,6,-1,1,AB6353,0,2,20
T380,T379,11:56:36,6,-1,1,AB5996,0,2,21
C695,C672,11:56:36,6,-1,-1,AB6335,1,2,112
T324/2,T327,11:57:56,6,-1,1,AB6353,0,2,70
T379,T359,11:58:07,6,-1,1,AB5996,0,2,50
T327,T326/1,11:58:37,6,-1,1,AB6353,0,2,30
T359,T355/1,11:59:27,6,-1,-1,AB5996,0,2,50
C672,C670,11:59:27,6,-1,-1,AB6335,0,2,121
C670,C679,12:00:28,6,-1,-1,AB6335,0,2,30
C679,C694,12:01:59,6,-1,-1,AB6335,0,2,80
C694,C669/2,12:02:49,6,-1,-1,AB6335,0,2,30
C669/2,C687,12:04:32,6,-1,-1,AB6335,0,2,30
C688/1,C691,12:05:12,6,-1,-1,AB5996,0,2,20
C687,C675,12:05:34,6,-1,-1,AB6335,0,2,52
C675,C668,12:06:05,6,-1,-1,AB6335,0,2,20
C668,C678,12:06:25,6,-1,-1,AB6335,0,2,10
C691,C652,12:06:45,6,-1,-1,AB5996,0,2,50
C678,C665,12:06:56,6,-1,-1,AB6335,0,2,20
C665,C663,12:07:16,6,-1,-1,AB6335,0,2,10
C663,C661,12:08:07,6,-1,-1,AB6335,0,2,30
C652,C655,12:08:17,6,-1,-1,AB5996,0,2,30
C661,C659,12:08:47,6,-1,-1,AB6335,0,2,30
C659,C656,12:09:48,6,-1,1,AB6335,0,2,40
C655,C657,12:10:08,6,-1,-1,AB5996,0,2,60
C656,C654/2,12:10:48,6,-1,-1,AB6335,0,2,50
C657,C660,12:11:29,6,-1,-1,AB5996,0,2,50
C654/2,C653/2,12:12:40,6,-1,1,AB6335,0,2,91
T326/1,T337,12:12:40,6,-1,1,AB6353,0,2,70
C662,C664,12:13:00,6,-1,-1,AB5996,0,2,30
C664,C666,12:13:43,6,-1,-1,AB5996,0,2,10
C666,C677,12:14:04,6,-1,-1,AB5996,0,2,10
T337,T336/2,12:14:14,6,-1,1,AB6353,0,2,30
C653/2,C692,12:14:24,6,-1,1,AB6335,0,2,83
C677,C667,12:14:34,6,-1,-1,AB5996,0,2,20
C667,C676,12:14:54,6,-1,-1,AB5996,0,2,10
C692,C689/1,12:15:14,6,-1,1,AB6335,0,2,20
C676,C680,12:16:05,6,-1,-1,AB5996,0,2,60
C680,C669/1,12:16:56,6,-1,-1,AB5996,0,2,20
C689/1,T360,12:17:36,6,-1,1,AB6335,0,2,111
C669/1,C693,12:18:27,6,-1,-1,AB5996,0,2,50
T360,T376/1,12:19:07,6,-1,1,AB6335,0,2,50
C693,C681,12:19:37,6,-1,-1,AB5996,0,2,60
T336/2,T335,12:20:18,6,-1,1,AB6353,0,2,30
T376/1,T363/1,12:20:38,6,-1,1,AB6335,0,2,80
T335,T338,12:20:58,6,-1,1,AB6353,0,2,10
C681,C695,12:22:19,6,-1,-1,AB5996,1,2,151
T363/1,T306,12:22:19,6,-1,1,AB6335,0,2,40
T338,T326/3,12:22:49,6,-1,-1,AB6353,0,2,70
T306,T314/2,12:23:00,6,-1,-1,AB6335,0,2,30
T326/3,T332/2,12:23:52,6,-1,1,AB6353,0,2,52
C695,C673,12:24:02,6,-1,-1,AB5996,0,2,82
T314/2,T318,12:24:32,6,-1,-1,AB6335,0,2,10
C673,C672,12:24:42,6,-1,-1,AB5996,0,2,30
T318,T319,12:25:23,6,-1,-1,AB6335,0,2,20
T332/2,T325/2,12:25:43,6,-1,1,AB6353,0,2,80
T325/2,T339/2,12:26:44,6,-1,1,AB6353,0,2,30
T319,T320,12:26:44,6,-1,-1,AB6335,0,2,50
C672,C670,12:26:54,6,-1,-1,AB5996,0,2,111
C670,C679,12:28:15,6,-1,-1,AB5996,0,2,30
T320,T321/2,12:28:25,6,-1,-1,AB6335,0,2,20
T339/2,T313,12:28:55,6,-1,1,AB6353,0,2,101
T313,T315,12:29:37,6,-1,1,AB6353,0,2,21
C679,C694,12:29:37,6,-1,-1,AB5996,0,2,72
T321/2,T323,12:29:57,6,-1,1,AB6335,0,2,41
T315,T375,12:30:38,6,-1,1,AB6353,0,2,50
C694,C669/2,12:30:48,6,-1,-1,AB5996,0,2,40
T323,T324/2,12:30:48,6,-1,1,AB6335,0,2,10
C669/2,C687,12:32:09,6,-1,-1,AB5996,0,2,30
T324/2,T327,12:32:09,6,-1,1,AB6335,0,2,60
T375,T380,12:32:19,6,-1,1,AB6353,0,2,50
T380,T379,12:33:09,6,-1,1,AB6353,0,2,20
T327,T326/1,12:33:09,6,-1,1,AB6335,0,2,30
C687,C675,12:33:19,6,-1,-1,AB5996,0,2,60
T379,T359,12:33:50,6,-1,1,AB6353,0,2,20
C675,C668,12:34:10,6,-1,-1,AB5996,0,2,20
T326/1,T337,12:34:20,6,-1,1,AB6335,0,2,60
C668,C678,12:34:30,6,-1,-1,AB5996,0,2,10
T359,T355/1,12:34:50,6,-1,-1,AB6353,0,2,50
T337,T336/2,12:35:20,6,-1,1,AB6335,0,2,30
C678,C661,12:36:03,6,-1,-1,AB5996,2,2,82
C661,C659,12:36:43,6,-1,-1,AB5996,0,2,30
C659,C656,12:37:54,6,-1,1,AB5996,0,2,40
C656,C654/2,12:38:55,6,-1,-1,AB5996,0,2,50
C688/1,C691,12:40:56,6,-1,-1,AB6353,0,2,60
C654/2,C653/2,12:41:16,6,-1,1,AB5996,0,2,60
C653/2,C692,12:42:37,6,-1,1,AB5996,0,2,60
C691,C652,12:42:57,6,-1,-1,AB6353,0,2,90
C692,C689/1,12:43:38,6,-1,1,AB5996,0,2,20
C652,C655,12:44:08,6,-1,-1,AB6353,0,2,30
C655,C657,12:45:29,6,-1,-1,AB6353,0,2,60
C657,C660,12:46:30,6,-1,-1,AB6353,0,2,50
C689/1,T360,12:47:00,6,-1,1,AB5996,0,2,161
C660,C662,12:47:51,6,-1,-1,AB6353,0,2,31
C662,C664,12:48:33,6,-1,-1,AB6353,0,2,32
C664,C666,12:49:04,6,-1,-1,AB6353,0,2,20
C666,C677,12:49:24,6,-1,-1,AB6353,0,2,10
C677,C667,12:50:04,6,-1,-1,AB6353,0,2,30
C667,C676,12:50:25,6,-1,-1,AB6353,0,2,10
C676,C680,12:51:36,6,-1,-1,AB6353,0,2,60
C680,C669/1,12:52:47,6,-1,-1,AB6353,0,2,20
C669/1,C693,12:54:18,6,-1,-1,AB6353,0,2,60
T336/2,T335,12:55:09,6,-1,1,AB6335,0,2,20
C693,C681,12:55:49,6,-1,-1,AB6353,0,2,81
T335,T326/3,12:57:05,6,-1,-1,AB6335,1,2,85
C681,C671,12:57:15,6,-1,-1,AB6353,0,2,55
T326/3,T332/2,12:58:06,6,-1,1,AB6335,0,2,41
C671,C695,12:58:47,6,-1,-1,AB6353,0,2,81
T332/2,T325/2,12:59:58,6,-1,1,AB6335,0,2,70
T325/2,T339/2,13:00:28,6,-1,1,AB6335,0,2,20
C695,C673,13:00:38,6,-1,-1,AB6353,0,2,80
C673,C672,13:01:29,6,-1,-1,AB6353,0,2,40
T339/2,T313,13:01:59,6,-1,1,AB6335,0,2,60
T306,T318,13:02:09,6,-1,-1,AB5996,1,2,40
T313,T315,13:03:10,6,-1,1,AB6335,0,2,10
T318,T319,13:04:22,6,-1,-1,AB5996,0,2,82
T315,T375,13:04:44,6,-1,1,AB6335,0,2,84
C672,C670,13:05:35,6,-1,-1,AB6353,0,2,155
T319,T320,13:05:35,6,-1,-1,AB5996,0,2,60
T375,T380,13:06:25,6,-1,1,AB6335,0,2,30
C670,C679,13:06:35,6,-1,-1,AB6353,0,2,40
T320,T321/2,13:06:46,6,-1,-1,AB5996,0,2,20
T380,T379,13:07:16,6,-1,1,AB6335,0,2,20
T379,T359,13:08:06,6,-1,1,AB6335,0,2,40
C679,C694,13:08:06,6,-1,-1,AB6353,0,2,80
T321/2,T323,13:08:06,6,-1,1,AB5996,0,2,40
T323,T324/2,13:08:47,6,-1,1,AB5996,0,2,10
C694,C669/2,13:08:57,6,-1,-1,AB6353,0,2,30
T359,T355/1,13:09:07,6,-1,-1,AB6335,0,2,50
T324/2,T327,13:10:08,6,-1,1,AB5996,0,2,60
C669/2,C687,13:10:28,6,-1,-1,AB6353,0,2,30
T327,T326/1,13:10:48,6,-1,1,AB5996,0,2,20
C687,C675,13:11:39,6,-1,-1,AB6353,0,2,60
C675,C668,13:12:19,6,-1,-1,AB6353,0,2,30
C668,C678,13:12:39,6,-1,-1,AB6353,0,2,10
T326/1,T337,13:12:50,6,-1,1,AB5996,0,2,91
C678,C665,13:13:10,6,-1,-1,AB6353,0,2,20
T337,T336/2,13:13:30,6,-1,1,AB5996,0,2,30
C665,C663,13:13:40,6,-1,-1,AB6353,0,2,20
C688/1,C691,13:14:42,6,-1,-1,AB6335,0,2,32
C663,C659,13:14:53,6,-1,-1,AB6353,1,2,62
C691,C652,13:16:34,6,-1,-1,AB6335,0,2,70
C659,C656,13:16:34,6,-1,1,AB6353,0,2,40
C652,C655,13:17:54,6,-1,-1,AB6335,0,2,40
C656,C654/2,13:18:15,6,-1,-1,AB6353,0,2,50
C655,C657,13:19:07,6,-1,-1,AB6335,0,2,52
C654/2,C653/2,13:19:28,6,-1,1,AB6353,0,2,30
C657,C660,13:20:08,6,-1,-1,AB6335,0,2,40
C660,C662,13:20:49,6,-1,-1,AB6335,0,2,30
C662,C664,13:21:32,6,-1,-1,AB6335,0,2,32
C664,C666,13:22:23,6,-1,-1,AB6335,0,2,20
C653/2,C692,13:22:23,6,-1,1,AB6353,0,2,154
C666,C677,13:22:53,6,-1,-1,AB6335,0,2,20
C692,C689/1,13:23:03,6,-1,1,AB6353,0,2,20
C677,C667,13:23:44,6,-1,-1,AB6335,0,2,20
C667,C680,13:25:15,6,-1,-1,AB6335,1,2,80
C680,C669/1,13:26:16,6,-1,-1,AB6335,0,2,30
C689/1,T360,13:26:27,6,-1,1,AB6353,0,2,173
T336/2,T335,13:27:07,6,-1,1,AB5996,0,2,30
C669/1,C693,13:27:48,6,-1,-1,AB6335,0,2,60
T338,T326/3,13:28:48,6,-1,-1,AB5996,0,2,50
T360,T376/1,13:29:08,6,-1,1,AB6353,0,2,121
C693,C681,13:29:19,6,-1,-1,AB6335,0,2,80
T326/3,T332/2,13:29:39,6,-1,1,AB5996,0,2,40
C681,C671,13:30:29,6,-1,-1,AB6335,0,2,50
T376/1,T363/1,13:31:33,6,-1,1,AB6353,0,2,134
T332/2,T325/2,13:32:05,6,-1,1,AB5996,0,2,75
C671,C695,13:32:05,6,-1,-1,AB6335,0,2,85
T325/2,T339/2,13:32:45,6,-1,1,AB5996,0,2,20
C695,C673,13:33:36,6,-1,-1,AB6335,0,2,80
T363/1,T314/2,13:34:16,6,-1,-1,AB6353,1,2,121
T339/2,T313,13:34:26,6,-1,1,AB5996,0,2,60
C673,C672,13:34:26,6,-1,-1,AB6335,0,2,30
T313,T315,13:35:38,6,-1,1,AB5996,0,2,20
T318,T319,13:35:59,6,-1,-1,AB6353,0,2,10
C672,C670,13:37:19,6,-1,-1,AB6335,0,2,141
T319,T320,13:37:19,6,-1,-1,AB6353,0,2,70
T315,T375,13:37:29,6,-1,1,AB5996,0,2,101
C670,C679,13:38:10,6,-1,-1,AB6335,0,2,30
T375,T380,13:39:42,6,-1,1,AB5996,0,2,70
C679,C694,13:39:42,6,-1,-1,AB6335,0,2,70
T321/2,T323,13:40:02,6,-1,1,AB6353,0,2,20
T380,T379,13:40:33,6,-1,1,AB5996,0,2,20
C694,C669/2,13:40:43,6,-1,-1,AB6335,0,2,40
T323,T324/2,13:40:43,6,-1,1,AB6353,0,2,10
T379,T359,13:41:23,6,-1,1,AB5996,0,2,20
C669/2,C687,13:42:04,6,-1,-1,AB6335,0,2,40
T359,T355/1,13:42:44,6,-1,-1,AB5996,0,2,50
T324/2,T327,13:42:44,6,-1,1,AB6353,0,2,70
C687,C675,13:43:26,6,-1,-1,AB6335,0,2,72
T327,T326/1,13:43:37,6,-1,1,AB6353,0,2,22
C675,C668,13:44:07,6,-1,-1,AB6335,0,2,30
C668,C678,13:44:38,6,-1,-1,AB6335,0,2,20
T326/1,T337,13:45:08,6,-1,1,AB6353,0,2,70
C678,C665,13:45:18,6,-1,-1,AB6335,0,2,30
C665,C663,13:45:49,6,-1,-1,AB6335,0,2,20
T337,T336/2,13:45:49,6,-1,1,AB6353,0,2,30
C663,C661,13:46:39,6,-1,-1,AB6335,0,2,40
C661,C659,13:47:20,6,-1,-1,AB6335,0,2,20
C688/1,C691,13:49:03,6,-1,-1,AB5996,0,2,70
C659,C656,13:50:14,6,-1,1,AB6335,0,2,40
C691,C652,13:50:34,6,-1,-1,AB5996,0,2,50
C656,C654/2,13:51:24,6,-1,-1,AB6335,0,2,60
C652,C655,13:51:44,6,-1,-1,AB5996,0,2,30
C655,C657,13:53:16,6,-1,-1,AB5996,0,2,51
C654/2,C653/2,13:53:16,6,-1,1,AB6335,0,2,81
C657,C660,13:54:27,6,-1,-1,AB5996,0,2,40
C660,C662,13:55:38,6,-1,-1,AB5996,0,2,20
C653/2,C692,13:55:58,6,-1,1,AB6335,0,2,111
C662,C664,13:56:28,6,-1,-1,AB5996,0,2,30
C692,C689/1,13:57:49,6,-1,1,AB6335,0,2,50
C664,C667,13:58:00,6,-1,-1,AB5996,2,2,81
C667,C676,13:58:31,6,-1,-1,AB5996,0,2,21
C676,C680,13:59:52,6,-1,-1,AB5996,0,2,50
C680,C669/1,14:00:57,6,-1,-1,AB5996,0,2,20
C689/1,T360,14:01:37,6,-1,1,AB6335,0,2,165
T360,T376/1,14:03:18,6,-1,1,AB6335,0,2,60
C669/1,C681,14:03:59,6,-1,-1,AB5996,1,2,141
T336/2,T335,14:05:20,6,-1,1,AB6353,0,2,40
T376/1,T363/1,14:05:20,6,-1,1,AB6335,0,2,111
C681,C671,14:05:31,6,-1,-1,AB5996,0,2,52
T335,T338,14:05:41,6,-1,1,AB6353,0,2,10
T363/1,T306,14:07:13,6,-1,1,AB6335,0,2,70
T338,T326/3,14:07:23,6,-1,-1,AB6353,0,2,70
T306,T314/2,14:08:28,6,-1,-1,AB6335,0,2,45
T326/3,T332/2,14:08:39,6,-1,1,AB6353,0,2,65
C671,C673,14:08:49,6,-1,-1,AB5996,1,2,166
T314/2,T318,14:09:19,6,-1,-1,AB6335,0,2,10
C673,C672,14:09:39,6,-1,-1,AB5996,0,2,30
T318,T319,14:10:20,6,-1,-1,AB6335,0,2,10
T332/2,T325/2,14:10:44,6,-1,1,AB6353,0,2,64
T319,T320,14:11:44,6,-1,-1,AB6335,0,2,60
T325/2,T339/2,14:12:05,6,-1,1,AB6353,0,2,20
C672,C670,14:12:05,6,-1,-1,AB5996,0,2,115
T320,T321/2,14:12:45,6,-1,-1,AB6335,0,2,10
C670,C679,14:13:37,6,-1,-1,AB5996,0,2,31
T339/2,T313,14:14:17,6,-1,1,AB6353,0,2,91
T321/2,T323,14:14:17,6,-1,1,AB6335,0,2,30
C679,C694,14:14:57,6,-1,-1,AB5996,0,2,70
T323,T324/2,14:15:18,6,-1,1,AB6335,0,2,10
T313,T315,14:15:38,6,-1,1,AB6353,0,2,20
C694,C669/2,14:15:38,6,-1,-1,AB5996,0,2,20
T324/2,T327,14:16:39,6,-1,1,AB6335,0,2,70
C669/2,C687,14:17:19,6,-1,-1,AB5996,0,2,20
T327,T326/1,14:17:39,6,-1,1,AB6335,0,2,20
T315,T375,14:18:00,6,-1,1,AB6353,0,2,91
C687,C675,14:18:33,6,-1,-1,AB5996,0,2,63
T326/1,T337,14:18:53,6,-1,1,AB6335,0,2,63
T375,T380,14:19:03,6,-1,1,AB6353,0,2,30
C675,C678,14:19:23,6,-1,-1,AB5996,1,2,40
C678,C665,14:19:54,6,-1,-1,AB5996,0,2,20
T337,T336/2,14:20:04,6,-1,1,AB6335,0,2,30
T380,T379,14:20:14,6,-1,1,AB6353,0,2,10
C665,C663,14:20:24,6,-1,-1,AB5996,0,2,10
T379,T359,14:21:45,6,-1,1,AB6353,0,2,60
C663,C659,14:22:15,6,-1,-1,AB5996,1,2,91
T359,T355/1,14:22:56,6,-1,-1,AB6353,0,2,60
C659,C656,14:24:07,6,-1,1,AB5996,0,2,70
C656,C654/2,14:25:07,6,-1,-1,AB5996,0,2,50
C654/2,C653/2,14:26:48,6,-1,1,AB5996,0,2,60
C653/2,C692,14:28:29,6,-1,1,AB5996,0,2,81
C688/1,C691,14:29:31,6,-1,-1,AB6353,0,2,61
C692,C689/1,14:29:31,6,-1,1,AB5996,0,2,21
C652,C655,14:32:24,6,-1,-1,AB6353,0,2,30
C689/1,T360,14:32:24,6,-1,1,AB5996,0,2,101
C655,C657,14:33:55,6,-1,-1,AB6353,0,2,50
T360,T376/1,14:34:56,6,-1,1,AB5996,0,2,131
C657,C660,14:35:06,6,-1,-1,AB6353,0,2,40
C660,C664,14:36:37,6,-1,-1,AB6353,1,2,60
C664,C666,14:37:07,6,-1,-1,AB6353,0,2,20
C666,C677,14:37:27,6,-1,-1,AB6353,0,2,10
C677,C667,14:38:18,6,-1,-1,AB6353,0,2,20
T376/1,T363/1,14:38:28,6,-1,1,AB5996,0,2,101
C667,C676,14:39:08,6,-1,-1,AB6353,0,2,20
T336/2,T335,14:39:18,6,-1,1,AB6335,0,2,40
T335,T338,14:40:10,6,-1,1,AB6335,0,2,10
C676,C680,14:40:10,6,-1,-1,AB6353,0,2,51
T363/1,T306,14:40:43,6,-1,1,AB5996,0,2,72
C680,C669/1,14:41:03,6,-1,-1,AB6353,0,2,20
T306,T318,14:41:33,6,-1,-1,AB5996,1,2,30
T338,T326/3,14:42:24,6,-1,-1,AB6335,0,2,60
C669/1,C693,14:42:54,6,-1,-1,AB6353,0,2,70
T318,T319,14:42:54,6,-1,-1,AB5996,0,2,40
T326/3,T332/2,14:43:24,6,-1,1,AB6335,0,2,50
T319,T320,14:43:55,6,-1,-1,AB5996,0,2,40
C693,C681,14:44:15,6,-1,-1,AB6353,0,2,70
T332/2,T325/2,14:45:16,6,-1,1,AB6335,0,2,70
C681,C671,14:45:16,6,-1,-1,AB6353,0,2,50
T320,T321/2,14:45:46,6,-1,-1,AB5996,0,2,10
T325/2,T339/2,14:46:06,6,-1,1,AB6335,0,2,30
C671,C695,14:46:46,6,-1,-1,AB6353,0,2,80
T321/2,T323,14:46:57,6,-1,1,AB5996,0,2,40
T323,T324/2,14:48:17,6,-1,1,AB5996,0,2,30
C695,C673,14:48:38,6,-1,-1,AB6353,0,2,80
T339/2,T313,14:48:48,6,-1,1,AB6335,0,2,90
C673,C672,14:49:18,6,-1,-1,AB6353,0,2,30
T313,T315,14:50:09,6,-1,1,AB6335,0,2,20
T324/2,T327,14:50:19,6,-1,1,AB5996,0,2,60
T327,T326/1,14:51:09,6,-1,1,AB5996,0,2,20
C672,C670,14:52:10,6,-1,-1,AB6353,0,2,121
T315,T375,14:52:30,6,-1,1,AB6335,0,2,60
T326/1,T337,14:52:30,6,-1,1,AB5996,0,2,50
C670,C679,14:53:10,6,-1,-1,AB6353,0,2,40
T337,T336/2,14:53:33,6,-1,1,AB5996,0,2,42
T375,T380,14:54:34,6,-1,1,AB6335,0,2,30
C679,C694,14:54:34,6,-1,-1,AB6353,0,2,73
T380,T379,14:55:24,6,-1,1,AB6335,0,2,10
C694,C669/2,14:55:24,6,-1,-1,AB6353,0,2,30
T379,T359,14:56:25,6,-1,1,AB6335,0,2,20
T359,T355/1,14:57:56,6,-1,-1,AB6335,0,2,60
C669/2,C687,14:58:06,6,-1,-1,AB6353,0,2,30
C687,C675,14:59:37,6,-1,-1,AB6353,0,2,60
C675,C668,15:00:07,6,-1,-1,AB6353,0,2,20
C668,C678,15:00:27,6,-1,-1,AB6353,0,2,10
C678,C665,15:00:58,6,-1,-1,AB6353,0,2,20
C665,C661,15:01:58,6,-1,-1,AB6353,1,2,50
C661,C659,15:02:49,6,-1,-1,AB6353,0,2,40
C659,C654/2,15:05:22,6,-1,-1,AB6353,1,2,112
C688/1,C691,15:05:33,6,-1,-1,AB6335,0,2,82
C654/2,C653/2,15:06:54,6,-1,1,AB6353,0,2,70
C691,C652,15:08:14,6,-1,-1,AB6335,0,2,101
C653/2,C692,15:08:14,6,-1,1,AB6353,0,2,60
C652,C655,15:09:25,6,-1,-1,AB6335,0,2,30
C692,C689/1,15:10:16,6,-1,1,AB6353,0,2,70
C655,C657,15:10:46,6,-1,-1,AB6335,0,2,40
C657,C660,15:12:07,6,-1,-1,AB6335,0,2,40
T336/2,T335,15:12:27,6,-1,1,AB5996,0,2,30
C660,C662,15:12:58,6,-1,-1,AB6335,0,2,20
T335,T338,15:13:08,6,-1,1,AB5996,0,2,20
C662,C664,15:13:38,6,-1,-1,AB6335,0,2,20
C664,C666,15:13:58,6,-1,-1,AB6335,0,2,10
C689/1,T360,15:13:58,6,-1,1,AB6353,0,2,141
C666,C677,15:14:19,6,-1,-1,AB6335,0,2,10
T338,T326/3,15:14:39,6,-1,-1,AB5996,0,2,81
C677,C667,15:14:49,6,-1,-1,AB6335,0,2,20
C667,C676,15:15:19,6,-1,-1,AB6335,0,2,20
T360,T376/1,15:15:45,6,-1,1,AB6353,0,2,65
T326/3,T332/2,15:16:25,6,-1,1,AB5996,0,2,40
C676,C680,15:16:45,6,-1,-1,AB6335,0,2,60
C680,C669/1,15:17:56,6,-1,-1,AB6335,0,2,60
T332/2,T325/2,15:18:57,6,-1,1,AB5996,0,2,101
C669/1,C693,15:19:17,6,-1,-1,AB6335,0,2,60
T376/1,T363/1,15:19:37,6,-1,1,AB6353,0,2,161
T325/2,T339/2,15:19:57,6,-1,1,AB5996,0,2,20
C693,C681,15:20:38,6,-1,-1,AB6335,0,2,70
C681,C671,15:21:28,6,-1,-1,AB6335,0,2,40
T363/1,T306,15:21:59,6,-1,1,AB6353,0,2,81
T339/2,T313,15:22:09,6,-1,1,AB5996,0,2,81
C671,C695,15:22:59,6,-1,-1,AB6335,0,2,81
T313,T315,15:23:10,6,-1,1,AB5996,0,2,20
T306,T314/2,15:23:20,6,-1,-1,AB6353,0,2,40
T314/2,T318,15:24:22,6,-1,-1,AB6353,0,2,10
C695,C673,15:24:53,6,-1,-1,AB6335,0,2,82
T318,T319,15:25:23,6,-1,-1,AB6353,0,2,10
T315,T375,15:25:34,6,-1,1,AB5996,0,2,122
C673,C672,15:25:54,6,-1,-1,AB6335,0,2,40
T319,T320,15:27:15,6,-1,-1,AB6353,0,2,90
T375,T380,15:27:55,6,-1,1,AB5996,0,2,80
C672,C670,15:28:46,6,-1,-1,AB6335,0,2,121
T380,T379,15:28:56,6,-1,1,AB5996,0,2,20
T320,T321/2,15:29:16,6,-1,-1,AB6353,0,2,10
T379,T359,15:29:56,6,-1,1,AB5996,0,2,20
C670,C679,15:29:56,6,-1,-1,AB6335,0,2,30
T321/2,T323,15:30:37,6,-1,1,AB6353,0,2,40
T359,T355/1,15:31:07,6,-1,-1,AB5996,0,2,60
C679,C694,15:31:27,6,-1,-1,AB6335,0,2,81
T323,T324/2,15:31:58,6,-1,1,AB6353,0,2,30
C694,C669/2,15:32:18,6,-1,-1,AB6335,0,2,40
C669/2,C687,15:33:18,6,-1,-1,AB6335,0,2,30
T324/2,T327,15:33:49,6,-1,1,AB6353,0,2,60
T327,T326/1,15:34:39,6,-1,1,AB6353,0,2,30
C687,C668,15:35:24,6,-1,-1,AB6335,1,2,94
T326/1,T337,15:36:04,6,-1,1,AB6353,0,2,60
C668,C665,15:36:14,6,-1,-1,AB6335,1,2,40
C665,C663,15:36:45,6,-1,-1,AB6335,0,2,20
T337,T336/2,15:37:05,6,-1,1,AB6353,0,2,40
C663,C661,15:37:25,6,-1,-1,AB6335,0,2,30
C661,C659,15:38:06,6,-1,-1,AB6335,0,2,30
C688/1,C691,15:38:26,6,-1,-1,AB5996,0,2,50
C659,C656,15:39:57,6,-1,1,AB6335,0,2,50
C691,C652,15:40:58,6,-1,-1,AB5996,0,2,101
C656,C654/2,15:41:28,6,-1,-1,AB6335,0,2,60
C652,C655,15:42:19,6,-1,-1,AB5996,0,2,40
C654/2,C653/2,15:43:09,6,-1,1,AB6335,0,2,81
C655,C657,15:43:19,6,-1,-1,AB5996,0,2,40
C653/2,C692,15:44:34,6,-1,1,AB6335,0,2,74
C657,C660,15:44:54,6,-1,-1,AB5996,0,2,74
C660,C662,15:45:55,6,-1,-1,AB5996,0,2,20
C692,C689/1,15:45:55,6,-1,1,AB6335,0,2,40
C662,C664,15:46:36,6,-1,-1,AB5996,0,2,30
C664,C666,15:47:16,6,-1,-1,AB5996,0,2,20
T336/2,T335,15:47:56,6,-1,1,AB6353,0,2,20
C666,C677,15:48:06,6,-1,-1,AB5996,0,2,40
C677,C667,15:48:37,6,-1,-1,AB5996,0,2,20
C689/1,T360,15:48:47,6,-1,1,AB6335,0,2,151
T335,T338,15:48:57,6,-1,1,AB6353,0,2,20
C667,C676,15:48:57,6,-1,-1,AB5996,0,2,10
T360,T376/1,15:49:37,6,-1,1,AB6335,0,2,30
C676,C680,15:50:08,6,-1,-1,AB5996,0,2,60
T338,T326/3,15:50:18,6,-1,-1,AB6353,0,2,60
C680,C669/1,15:50:48,6,-1,-1,AB5996,0,2,30
T326/3,T332/2,15:51:18,6,-1,1,AB6353,0,2,30
C669/1,C693,15:53:00,6,-1,-1,AB5996,0,2,70
T332/2,T325/2,15:53:10,6,-1,1,AB6353,0,2,70
T376/1,T363/1,15:53:31,6,-1,1,AB6335,0,2,102
T325/2,T339/2,15:54:22,6,-1,1,AB6353,0,2,20
C693,C681,15:54:42,6,-1,-1,AB5996,0,2,60
T363/1,T306,15:55:23,6,-1,1,AB6335,0,2,50
C681,C671,15:55:43,6,-1,-1,AB5996,0,2,50
T339/2,T313,15:56:23,6,-1,1,AB6353,0,2,90
T306,T314/2,15:56:23,6,-1,-1,AB6335,0,2,30
C671,C695,15:57:34,6,-1,-1,AB5996,0,2,101
T313,T315,15:57:54,6,-1,1,AB6353,0,2,30
T318,T319,15:57:54,6,-1,-1,AB6335,0,2,10
C695,C673,15:59:35,6,-1,-1,AB5996,0,2,91
T315,T375,16:00:16,6,-1,1,AB6353,0,2,101
C673,C672,16:00:36,6,-1,-1,AB5996,0,2,30
T319,T320,16:00:46,6,-1,-1,AB6335,0,2,141
T375,T380,16:01:47,6,-1,1,AB6353,0,2,60
T380,T379,16:02:38,6,-1,1,AB6353,0,2,20
T379,T359,16:03:28,6,-1,1,AB6353,0,2,20
C672,C670,16:03:38,6,-1,-1,AB5996,0,2,121
T321/2,T323,16:04:19,6,-1,1,AB6335,0,2,30
C670,C679,16:04:29,6,-1,-1,AB5996,0,2,30
T359,T355/1,16:04:49,6,-1,-1,AB6353,0,2,60
T323,T324/2,16:05:50,6,-1,1,AB6335,0,2,50
C679,C694,16:06:10,6,-1,-1,AB5996,0,2,80
C694,C669/2,16:07:03,6,-1,-1,AB5996,0,2,43
C669/2,C687,16:07:54,6,-1,-1,AB5996,0,2,20
T324/2,T327,16:08:24,6,-1,1,AB6335,0,2,70
C687,C675,16:09:14,6,-1,-1,AB5996,0,2,70
T327,T326/1,16:09:25,6,-1,1,AB6335,0,2,30
C675,C668,16:09:55,6,-1,-1,AB5996,0,2,30
C668,C678,16:10:25,6,-1,-1,AB5996,0,2,20
C688/1,C691,16:10:46,6,-1,-1,AB6353,0,2,60
T326/1,T337,16:10:46,6,-1,1,AB6335,0,2,70
C678,C665,16:11:06,6,-1,-1,AB5996,0,2,30
T337,T336/2,16:11:26,6,-1,1,AB6335,0,2,30
C665,C663,16:11:46,6,-1,-1,AB5996,0,2,20
C663,C661,16:12:47,6,-1,-1,AB5996,0,2,50
C661,C659,16:13:17,6,-1,-1,AB5996,0,2,20
C691,C652,16:13:27,6,-1,-1,AB6353,0,2,131
C652,C655,16:14:28,6,-1,-1,AB6353,0,2,30
C659,C656,16:14:48,6,-1,1,AB5996,0,2,40
C655,C657,16:15:39,6,-1,-1,AB6353,0,2,50
C656,C654/2,16:15:59,6,-1,-1,AB5996,0,2,60
C657,C660,16:19:03,6,-1,-1,AB6353,0,1,193
C654/2,C653/2,16:19:03,6,-1,1,AB5996,0,1,82
C660,C662,16:20:04,6,-1,-1,AB6353,0,1,30
C653/2,C692,16:20:34,6,-1,1,AB5996,0,1,80
C662,C664,16:20:44,6,-1,-1,AB6353,0,1,30
C664,C666,16:21:24,6,-1,-1,AB6353,0,1,20
C666,C677,16:21:45,6,-1,-1,AB6353,0,1,10
C692,C689/1,16:21:45,6,-1,1,AB5996,0,1,20
C677,C667,16:22:15,6,-1,-1,AB6353,0,1,20
T336/2,T335,16:22:56,6,-1,1,AB6335,0,1,20
T335,T338,16:23:46,6,-1,1,AB6335,0,1,10
C667,C680,16:23:46,6,-1,-1,AB6353,1,1,81
C680,C669/1,16:24:26,6,-1,-1,AB6353,0,1,30
T338,T326/3,16:25:07,6,-1,-1,AB6335,0,1,70
C689/1,T360,16:25:37,6,-1,1,AB5996,0,1,172
T326/3,T332/2,16:25:58,6,-1,1,AB6335,0,1,40
C669/1,C693,16:25:58,6,-1,-1,AB6353,0,1,40
T360,T376/1,16:27:08,6,-1,1,AB5996,0,1,50
T332/2,T325/2,16:27:18,6,-1,1,AB6335,0,1,50
C693,C681,16:27:18,6,-1,-1,AB6353,0,1,70
T325/2,T339/2,16:28:19,6,-1,1,AB6335,0,1,20
C681,C671,16:28:49,6,-1,-1,AB6353,0,1,60
T339/2,T313,16:29:43,6,-1,1,AB6335,0,1,53
T313,T315,16:30:24,6,-1,1,AB6335,0,1,10
C671,C695,16:30:44,6,-1,-1,AB6353,0,1,84
T376/1,T363/1,16:30:44,6,-1,1,AB5996,0,1,134
T315,T375,16:32:05,6,-1,1,AB6335,0,1,80
C695,C673,16:32:35,6,-1,-1,AB6353,0,1,90
T363/1,T306,16:32:45,6,-1,1,AB5996,0,1,50
C673,C672,16:33:36,6,-1,-1,AB6353,0,1,30
T306,T314/2,16:33:36,6,-1,-1,AB5996,0,1,30
T375,T380,16:34:56,6,-1,1,AB6335,0,1,50
T318,T319,16:35:27,6,-1,-1,AB5996,0,1,80
T380,T379,16:35:47,6,-1,1,AB6335,0,1,10
T319,T320,16:36:38,6,-1,-1,AB5996,0,1,60
T379,T359,16:36:58,6,-1,1,AB6335,0,1,40
C672,C670,16:37:08,6,-1,-1,AB6353,0,1,141
C670,C679,16:38:19,6,-1,-1,AB6353,0,1,30
T320,T321/2,16:38:29,6,-1,-1,AB5996,0,1,30
T359,T355/1,16:38:49,6,-1,-1,AB6335,0,1,70
T321/2,T323,16:39:40,6,-1,1,AB5996,0,1,40
C679,C694,16:39:50,6,-1,-1,AB6353,0,1,70
T323,T324/2,16:40:33,6,-1,1,AB5996,0,1,23
C694,C669/2,16:40:54,6,-1,-1,AB6353,0,1,53
T324/2,T327,16:42:04,6,-1,1,AB5996,0,1,60
C669/2,C687,16:42:14,6,-1,-1,AB6353,0,1,40
T327,T326/1,16:43:15,6,-1,1,AB5996,0,1,30
C687,C675,16:43:46,6,-1,-1,AB6353,0,1,61
C675,C668,16:44:36,6,-1,-1,AB6353,0,1,20
T326/1,T337,16:44:57,6,-1,1,AB5996,0,1,91
C688/1,C691,16:45:07,6,-1,-1,AB6335,0,1,101
C668,C678,16:45:17,6,-1,-1,AB6353,0,1,10
T337,T336/2,16:45:47,6,-1,1,AB5996,0,1,20
C678,C665,16:46:07,6,-1,-1,AB6353,0,1,20
C665,C663,16:47:08,6,-1,-1,AB6353,0,1,20
C691,C652,16:47:48,6,-1,-1,AB6335,0,1,121
C663,C661,16:48:19,6,-1,-1,AB6353,0,1,30
C652,C655,16:48:39,6,-1,-1,AB6335,0,1,30
C661,C659,16:48:49,6,-1,-1,AB6353,0,1,20
C659,C656,16:50:10,6,-1,1,AB6353,0,1,30
C655,C660,16:51:23,6,-1,-1,AB6335,1,1,93
C656,C654/2,16:51:33,6,-1,-1,AB6353,0,1,50
C660,C664,16:53:04,6,-1,-1,AB6335,1,1,60
C654/2,C653/2,16:53:55,6,-1,1,AB6353,0,1,91
C664,C666,16:54:05,6,-1,-1,AB6335,0,1,20
C666,C677,16:54:25,6,-1,-1,AB6335,0,1,10
C677,C667,16:54:56,6,-1,-1,AB6335,0,1,20
C653/2,C692,16:54:56,6,-1,1,AB6353,0,1,40
C667,C676,16:55:46,6,-1,-1,AB6335,0,1,20
C692,C689/1,16:56:27,6,-1,1,AB6353,0,1,30
C676,C680,16:57:07,6,-1,-1,AB6335,0,1,50
C680,C669/1,16:58:18,6,-1,-1,AB6335,0,1,10
T336/2,T335,16:58:28,6,-1,1,AB5996,0,1,30
C689/1,T360,16:59:08,6,-1,1,AB6353,0,1,101
T335,T338,17:00:09,6,-1,1,AB5996,0,1,20
C669/1,C693,17:00:09,6,-1,-1,AB6335,0,1,60
T360,T376/1,17:00:49,6,-1,1,AB6353,0,1,50
T338,T326/3,17:01:32,6,-1,-1,AB5996,0,1,72
C693,C681,17:01:32,6,-1,-1,AB6335,0,1,72
T326/3,T332/2,17:02:22,6,-1,1,AB5996,0,1,40
T376/1,T363/1,17:02:53,6,-1,1,AB6353,0,1,113
C681,C671,17:03:13,6,-1,-1,AB6335,0,1,50
T363/1,T306,17:04:23,6,-1,1,AB6353,0,1,50
T332/2,T325/2,17:04:54,6,-1,1,AB5996,0,1,90
C671,C695,17:05:24,6,-1,-1,AB6335,0,1,90
T306,T314/2,17:05:24,6,-1,-1,AB6353,0,1,30
T325/2,T339/2,17:05:55,6,-1,1,AB5996,0,1,20
T314/2,T318,17:06:57,6,-1,-1,AB6353,0,1,10
C695,C672,17:07:28,6,-1,-1,AB6335,1,1,103
T339/2,T313,17:07:58,6,-1,1,AB5996,0,1,70
T313,T315,17:09:19,6,-1,1,AB5996,0,1,20
T319,T320,17:09:39,6,-1,-1,AB6353,0,1,60
C672,C670,17:10:19,6,-1,-1,AB6335,0,1,121
T315,T375,17:11:00,6,-1,1,AB5996,0,1,90
C670,C679,17:11:31,6,-1,-1,AB6335,0,1,41
T320,T321/2,17:12:02,6,-1,-1,AB6353,0,1,20
T375,T380,17:12:22,6,-1,1,AB5996,0,1,20
T321/2,T323,17:13:02,6,-1,1,AB6353,0,1,20
T380,T379,17:13:22,6,-1,1,AB5996,0,1,10
C679,C694,17:13:22,6,-1,-1,AB6335,0,1,80
T323,T324/2,17:13:53,6,-1,1,AB6353,0,1,20
C694,C669/2,17:14:43,6,-1,-1,AB6335,0,1,50
T379,T359,17:14:53,6,-1,1,AB5996,0,1,60
T324/2,T327,17:15:54,6,-1,1,AB6353,0,1,50
C669/2,C687,17:16:04,6,-1,-1,AB6335,0,1,30
T359,T355/1,17:16:14,6,-1,-1,AB5996,0,1,50
T327,T326/1,17:16:55,6,-1,1,AB6353,0,1,30
C687,C675,17:17:35,6,-1,-1,AB6335,0,1,50
T326/1,T337,17:18:26,6,-1,1,AB6353,0,1,60
C675,C668,17:18:36,6,-1,-1,AB6335,0,1,20
T337,T336/2,17:19:06,6,-1,1,AB6353,0,1,30
C668,C678,17:19:16,6,-1,-1,AB6335,0,1,10
C678,C665,17:20:07,6,-1,-1,AB6335,0,1,20
C665,C663,17:20:27,6,-1,-1,AB6335,0,1,10
C663,C661,17:21:28,6,-1,-1,AB6335,0,1,30
C661,C659,17:21:58,6,-1,-1,AB6335,0,1,20
C688/1,C691,17:22:49,6,-1,-1,AB5996,0,1,80
C659,C656,17:23:10,6,-1,1,AB6335,0,1,31
C656,C654/2,17:24:34,6,-1,-1,AB6335,0,1,50
C691,C652,17:25:45,6,-1,-1,AB5996,0,1,121
C654/2,C653/2,17:26:25,6,-1,1,AB6335,0,1,90
C652,C655,17:26:46,6,-1,-1,AB5996,0,1,30
C653/2,C692,17:27:46,6,-1,1,AB6335,0,1,70
C655,C657,17:27:57,6,-1,-1,AB5996,0,1,40
C657,C660,17:28:57,6,-1,-1,AB5996,0,1,30
C660,C662,17:30:08,6,-1,-1,AB5996,0,1,20
T336/2,T335,17:30:38,6,-1,1,AB6353,0,1,20
C662,C664,17:31:09,6,-1,-1,AB5996,0,1,30
T335,T338,17:31:29,6,-1,1,AB6353,0,1,10
C664,C666,17:31:49,6,-1,-1,AB5996,0,1,20
C689/1,T360,17:31:49,6,-1,1,AB6335,0,1,121
C666,C677,17:32:09,6,-1,-1,AB5996,0,1,10
C677,C667,17:32:29,6,-1,-1,AB5996,0,1,10
T338,T326/3,17:32:40,6,-1,-1,AB6353,0,1,50
C667,C676,17:33:00,6,-1,-1,AB5996,0,1,20
T326/3,T332/2,17:33:43,6,-1,1,AB6353,0,1,33
T360,T376/1,17:33:43,6,-1,1,AB6335,0,1,84
C676,C680,17:34:04,6,-1,-1,AB5996,0,1,53
C680,C669/1,17:34:54,6,-1,-1,AB5996,0,1,20
T332/2,T325/2,17:35:46,6,-1,1,AB6353,0,1,81
T325/2,T339/2,17:36:36,6,-1,1,AB6353,0,1,20
C669/1,C693,17:36:36,6,-1,-1,AB5996,0,1,60
T376/1,T363/1,17:37:07,6,-1,1,AB6335,0,1,122
C693,C681,17:38:07,6,-1,-1,AB5996,0,1,60
T339/2,T313,17:38:17,6,-1,1,AB6353,0,1,70
T313,T315,17:38:58,6,-1,1,AB6353,0,1,10
C681,C671,17:39:08,6,-1,-1,AB5996,0,1,50
T363/1,T306,17:39:08,6,-1,1,AB6335,0,1,50
T306,T314/2,17:40:08,6,-1,-1,AB6335,0,1,30
T315,T375,17:40:29,6,-1,1,AB6353,0,1,70
C671,C695,17:40:49,6,-1,-1,AB5996,0,1,80
T375,T380,17:41:49,6,-1,1,AB6353,0,1,40
T318,T319,17:41:59,6,-1,-1,AB6335,0,1,10
T380,T379,17:42:32,6,-1,1,AB6353,0,1,12
T319,T320,17:43:13,6,-1,-1,AB6335,0,1,40
C695,C672,17:43:23,6,-1,-1,AB5996,1,1,113
T379,T359,17:43:33,6,-1,1,AB6353,0,1,30
T320,T321/2,17:44:13,6,-1,-1,AB6335,0,1,10
T321/2,T323,17:45:04,6,-1,1,AB6335,0,1,20
T359,T355/1,17:45:14,6,-1,-1,AB6353,0,1,90
T323,T324/2,17:45:45,6,-1,1,AB6335,0,1,11
C672,C670,17:46:26,6,-1,-1,AB5996,0,1,142
T324/2,T327,17:47:06,6,-1,1,AB6335,0,1,50
C670,C679,17:47:16,6,-1,-1,AB5996,0,1,40
T327,T326/1,17:47:57,6,-1,1,AB6335,0,1,20
C679,C694,17:49:08,6,-1,-1,AB5996,0,1,70
T326/1,T337,17:49:18,6,-1,1,AB6335,0,1,50
C694,C669/2,17:49:58,6,-1,-1,AB5996,0,1,30
T337,T336/2,17:49:58,6,-1,1,AB6335,0,1,30
C688/1,C691,17:50:18,6,-1,-1,AB6353,0,1,30
C669/2,C687,17:51:09,6,-1,-1,AB5996,0,1,20
C687,C675,17:52:32,6,-1,-1,AB5996,0,1,52
C691,C652,17:53:02,6,-1,-1,AB6353,0,1,113
C675,C668,17:53:43,6,-1,-1,AB5996,0,1,20
C652,C655,17:54:44,6,-1,-1,AB6353,0,1,40
C668,C678,17:54:44,6,-1,-1,AB5996,0,1,10
C678,C665,17:55:24,6,-1,-1,AB5996,0,1,30
C665,C663,17:55:44,6,-1,-1,AB5996,0,1,10
C655,C657,17:56:05,6,-1,-1,AB6353,0,1,50
C663,C661,17:56:45,6,-1,-1,AB5996,0,1,30
C657,C660,17:57:15,6,-1,-1,AB6353,0,1,60
C661,C659,17:57:26,6,-1,-1,AB5996,0,1,30
C660,C662,17:57:56,6,-1,-1,AB6353,0,1,20
C662,C664,17:58:26,6,-1,-1,AB6353,0,1,20
C659,C656,17:58:56,6,-1,1,AB5996,0,1,30
C664,C666,17:59:17,6,-1,-1,AB6353,0,1,20
C666,C677,17:59:37,6,-1,-1,AB6353,0,1,10
C677,C667,17:59:57,6,-1,-1,AB6353,0,1,10
C656,C654/2,17:59:57,6,-1,-1,AB5996,0,1,50
C667,C680,18:01:18,6,-1,-1,AB6353,1,1,70
C680,C669/1,18:01:58,6,-1,-1,AB6353,0,1,30
C654/2,C653/2,18:02:29,6,-1,1,AB5996,0,1,141
C669/1,C693,18:03:29,6,-1,-1,AB6353,0,1,60
C653/2,C692,18:04:10,6,-1,1,AB5996,0,1,90
C693,C681,18:05:02,6,-1,-1,AB6353,0,1,83
C692,C689/1,18:05:02,6,-1,1,AB5996,0,1,42
C681,C671,18:06:13,6,-1,-1,AB6353,0,1,50
C671,C695,18:07:45,6,-1,-1,AB6353,0,1,81
T336/2,T335,18:08:15,6,-1,1,AB6335,0,1,10
C689/1,T360,18:08:15,6,-1,1,AB5996,0,1,182
T335,T338,18:08:46,6,-1,1,AB6335,0,1,10
C695,C673,18:09:16,6,-1,-1,AB6353,0,1,80
T338,T326/3,18:09:46,6,-1,-1,AB6335,0,1,20
T360,T376/1,18:09:57,6,-1,1,AB5996,0,1,60
C673,C672,18:10:07,6,-1,-1,AB6353,0,1,30
T326/3,T332/2,18:10:57,6,-1,1,AB6335,0,1,50
T332/2,T325/2,18:12:08,6,-1,1,AB6335,0,1,60
C672,C670,18:12:08,6,-1,-1,AB6353,0,1,101
T325/2,T339/2,18:12:58,6,-1,1,AB6335,0,1,20
C670,C679,18:12:58,6,-1,-1,AB6353,0,1,30
T376/1,T363/1,18:12:58,6,-1,1,AB5996,0,1,171
C679,C694,18:14:29,6,-1,-1,AB6353,0,1,70
C694,C669/2,18:15:32,6,-1,-1,AB6353,0,1,42
T363/1,T306,18:15:32,6,-1,1,AB5996,0,1,62
T339/2,T313,18:15:52,6,-1,1,AB6335,0,1,92
T306,T314/2,18:16:23,6,-1,-1,AB5996,0,1,40
T313,T315,18:16:33,6,-1,1,AB6335,0,1,10
T315,T375,18:17:44,6,-1,1,AB6335,0,1,51
C669/2,C687,18:17:44,6,-1,-1,AB6353,0,1,31
C687,C675,18:19:25,6,-1,-1,AB6353,0,1,60
T318,T319,18:19:25,6,-1,-1,AB5996,0,1,122
T375,T380,18:19:56,6,-1,1,AB6335,0,1,80
T380,T379,18:20:26,6,-1,1,AB6335,0,1,20
C675,C668,18:20:36,6,-1,-1,AB6353,0,1,20
T319,T320,18:20:36,6,-1,-1,AB5996,0,1,60
C668,C678,18:21:07,6,-1,-1,AB6353,0,1,10
T320,T321/2,18:21:47,6,-1,-1,AB5996,0,1,10
T379,T359,18:21:57,6,-1,1,AB6335,0,1,80
C678,C665,18:21:57,6,-1,-1,AB6353,0,1,20
C665,C663,18:22:27,6,-1,-1,AB6353,0,1,20
T359,T355/1,18:22:58,6,-1,-1,AB6335,0,1,50
T321/2,T323,18:23:58,6,-1,1,AB5996,0,1,60
C663,C659,18:24:29,6,-1,-1,AB6353,1,1,60
T323,T324/2,18:24:59,6,-1,1,AB5996,0,1,10
C659,C656,18:26:30,6,-1,1,AB6353,0,1,80
T324/2,T327,18:26:40,6,-1,1,AB5996,0,1,70
C656,C654/2,18:27:32,6,-1,-1,AB6353,0,1,51
T327,T326/1,18:27:52,6,-1,1,AB5996,0,1,31
C688/1,C691,18:28:43,6,-1,-1,AB6335,0,1,41
T326/1,T337,18:28:53,6,-1,1,AB5996,0,1,51
C691,C652,18:29:44,6,-1,-1,AB6335,0,1,30
T337,T336/2,18:29:44,6,-1,1,AB5996,0,1,20
C654/2,C653/2,18:29:54,6,-1,1,AB6353,0,1,70
C652,C655,18:30:55,6,-1,-1,AB6335,0,1,30
C653/2,C692,18:31:35,6,-1,1,AB6353,0,1,80
C655,C657,18:31:45,6,-1,-1,AB6335,0,1,40
C657,C660,18:32:36,6,-1,-1,AB6335,0,1,40
C660,C662,18:33:26,6,-1,-1,AB6335,0,1,30
C692,C689/1,18:33:26,6,-1,1,AB6353,0,1,40
C662,C664,18:33:57,6,-1,-1,AB6335,0,1,20
C664,C666,18:34:27,6,-1,-1,AB6335,0,1,10
C666,C677,18:34:47,6,-1,-1,AB6335,0,1,10
C677,C667,18:35:17,6,-1,-1,AB6335,0,1,20
C667,C676,18:35:48,6,-1,-1,AB6335,0,1,20
C676,C680,18:36:58,6,-1,-1,AB6335,0,1,60
C680,C669/1,18:37:49,6,-1,-1,AB6335,0,1,20
C669/1,C693,18:39:10,6,-1,-1,AB6335,0,1,60
T360,T376/1,18:40:10,6,-1,1,AB6353,0,1,101
C693,C681,18:40:34,6,-1,-1,AB6335,0,1,73
C681,C671,18:41:45,6,-1,-1,AB6335,0,1,50
T336/2,T335,18:42:15,6,-1,1,AB5996,0,1,30
T376/1,T363/1,18:43:07,6,-1,1,AB6353,0,1,122
T335,T338,18:43:17,6,-1,1,AB5996,0,1,10
C671,C695,18:43:27,6,-1,-1,AB6335,0,1,92
T338,T326/3,18:44:48,6,-1,-1,AB5996,0,1,60
C695,C673,18:44:58,6,-1,-1,AB6335,0,1,80
C673,C672,18:45:28,6,-1,-1,AB6335,0,1,20
T326/3,T332/2,18:45:38,6,-1,1,AB5996,0,1,40
T363/1,T306,18:45:58,6,-1,1,AB6353,0,1,70
T306,T314/2,18:47:19,6,-1,-1,AB6353,0,1,60
C672,C670,18:48:10,6,-1,-1,AB6335,0,1,121
C670,C679,18:48:51,6,-1,-1,AB6335,0,1,31
T332/2,T325/2,18:49:01,6,-1,1,AB5996,0,1,122
T318,T319,18:49:54,6,-1,-1,AB6353,0,1,72
T325/2,T339/2,18:50:24,6,-1,1,AB5996,0,1,30
C679,C694,18:50:24,6,-1,-1,AB6335,0,1,72
T319,T320,18:50:55,6,-1,-1,AB6353,0,1,40
C694,C669/2,18:51:15,6,-1,-1,AB6335,0,1,30
T339/2,T313,18:52:16,6,-1,1,AB5996,0,1,71
T320,T321/2,18:52:36,6,-1,-1,AB6353,0,1,30
C669/2,C687,18:52:46,6,-1,-1,AB6335,0,1,20
T313,T315,18:53:16,6,-1,1,AB5996,0,1,10
T321/2,T323,18:53:47,6,-1,1,AB6353,0,1,40
C687,C668,18:54:37,6,-1,-1,AB6335,1,1,80
T323,T324/2,18:54:37,6,-1,1,AB6353,0,1,20
C668,C678,18:55:08,6,-1,-1,AB6335,0,1,20
T315,T375,18:55:18,6,-1,1,AB5996,0,1,80
C678,C665,18:55:38,6,-1,-1,AB6335,0,1,20
C665,C663,18:55:58,6,-1,-1,AB6335,0,1,10
T324/2,T327,18:55:58,6,-1,1,AB6353,0,1,50
C663,C661,18:56:59,6,-1,-1,AB6335,0,1,30
T327,T326/1,18:57:09,6,-1,1,AB6353,0,1,40
C661,C659,18:57:39,6,-1,-1,AB6335,0,1,30
T375,T380,18:57:49,6,-1,1,AB5996,0,1,90
T326/1,T337,18:58:20,6,-1,1,AB6353,0,1,60
T380,T379,18:58:33,6,-1,1,AB5996,0,1,13
T337,T336/2,18:58:53,6,-1,1,AB6353,0,1,20
T379,T359,18:59:24,6,-1,1,AB5996,0,1,20
C659,C656,18:59:44,6,-1,1,AB6335,0,1,50
C656,C654/2,19:00:45,6,-1,-1,AB6335,0,1,50
T359,T355/1,19:00:55,6,-1,-1,AB5996,0,1,60
C654/2,C653/2,19:02:26,6,-1,1,AB6335,0,1,60
C653/2,C692,19:04:07,6,-1,1,AB6335,0,1,80
C692,C689/1,19:05:07,6,-1,1,AB6335,0,1,20
C688/1,C691,19:06:38,6,-1,-1,AB5996,0,1,40
C689/1,T360,19:08:19,6,-1,1,AB6335,0,1,131
C691,C652,19:08:50,6,-1,-1,AB5996,0,1,90
C652,C655,19:09:36,6,-1,-1,AB5996,0,1,35
C655,C657,19:10:47,6,-1,-1,AB5996,0,1,50
T360,T376/1,19:10:47,6,-1,1,AB6335,0,1,106
C657,C660,19:11:47,6,-1,-1,AB5996,0,1,40
C660,C664,19:13:08,6,-1,-1,AB5996,1,1,50
T376/1,T363/1,19:13:08,6,-1,1,AB6335,0,1,131
C664,C666,19:13:38,6,-1,-1,AB5996,0,1,20
C666,C677,19:13:59,6,-1,-1,AB5996,0,1,10
C677,C667,19:14:29,6,-1,-1,AB5996,0,1,20
T363/1,T306,19:15:32,6,-1,1,AB6335,0,1,82
T336/2,T335,19:16:22,6,-1,1,AB6353,0,1,30
C667,C669/1,19:16:34,6,-1,1,AB5996,2,1,115
T306,T314/2,19:16:34,6,-1,-1,AB6335,0,1,42
T335,T338,19:17:15,6,-1,1,AB6353,0,1,10
C669/1,C693,19:18:15,6,-1,1,AB5996,0,1,90
T314/2,T318,19:18:36,6,-1,-1,AB6335,0,1,10
T338,T326/3,19:18:46,6,-1,-1,AB6353,0,1,60
C693,C681,19:19:36,6,-1,-1,AB5996,0,1,70
T318,T319,19:19:56,6,-1,-1,AB6335,0,1,10
T326/3,T332/2,19:20:17,6,-1,1,AB6353,0,1,80
C681,C671,19:20:37,6,-1,-1,AB5996,0,1,50
T319,T320,19:20:47,6,-1,-1,AB6335,0,1,30
T320,T321/2,19:21:48,6,-1,-1,AB6335,0,1,20
T332/2,T325/2,19:22:08,6,-1,1,AB6353,0,1,101
C671,C695,19:22:18,6,-1,-1,AB5996,0,1,80
T325/2,T339/2,19:22:58,6,-1,1,AB6353,0,1,20
T321/2,T323,19:22:58,6,-1,1,AB6335,0,1,30
C695,C673,19:23:49,6,-1,-1,AB5996,0,1,80
T323,T324/2,19:23:49,6,-1,1,AB6335,0,1,10
C673,C672,19:24:29,6,-1,1,AB5996,0,1,30
T339/2,T313,19:24:39,6,-1,1,AB6353,0,1,60
T324/2,T327,19:25:10,6,-1,1,AB6335,0,1,50
T313,T315,19:25:50,6,-1,1,AB6353,0,1,20
T327,T326/1,19:26:10,6,-1,1,AB6335,0,1,30
T315,T375,19:27:35,6,-1,1,AB6353,0,1,84
C672,C670,19:27:35,6,-1,1,AB5996,0,1,124
T326/1,T337,19:27:35,6,-1,1,AB6335,0,1,74
T337,T336/2,19:28:35,6,-1,1,AB6335,0,1,30
C670,C679,19:28:56,6,-1,1,AB5996,0,1,30
T375,T380,19:29:46,6,-1,1,AB6353,0,1,80
T380,T379,19:30:37,6,-1,1,AB6353,0,1,10
C679,C694,19:30:37,6,-1,-1,AB5996,0,1,80
C694,C669/2,19:31:17,6,-1,-1,AB5996,0,1,30
T379,T359,19:31:37,6,-1,1,AB6353,0,1,40
C669/2,C687,19:32:07,6,-1,1,AB5996,0,1,20
T359,T355/1,19:32:58,6,-1,1,AB6353,0,1,60
C687,C675,19:33:38,6,-1,1,AB5996,0,1,60
C675,C668,19:34:19,6,-1,1,AB5996,0,1,30
C668,C678,19:34:39,6,-1,1,AB5996,0,1,10
C678,C665,19:35:09,6,-1,-1,AB5996,0,1,20
C665,C663,19:35:30,6,-1,1,AB5996,0,1,10
C663,C659,19:36:31,6,-1,1,AB5996,1,1,51
C659,C656,19:37:52,6,-1,1,AB5996,0,1,30
C688/1,C691,19:38:12,6,-1,1,AB6353,0,1,30
C656,C654/2,19:39:03,6,-1,1,AB5996,0,1,40
C691,C652,19:39:44,6,-1,1,AB6353,0,1,50
C654/2,C653/2,19:40:24,6,-1,1,AB5996,0,1,30
C652,C655,19:41:15,6,-1,1,AB6353,0,1,30
C655,C657,19:42:05,6,-1,-1,AB6353,0,1,40
C653/2,C692,19:42:25,6,-1,1,AB5996,0,1,101
C657,C660,19:42:57,6,-1,-1,AB6353,0,1,41
C692,C689/1,19:42:57,6,-1,1,AB5996,0,1,20
C660,C662,19:43:37,6,-1,-1,AB6353,0,1,20
C662,C664,19:44:18,6,-1,-1,AB6353,0,1,30
C664,C666,19:44:48,6,-1,-1,AB6353,0,1,20
C666,C677,19:45:08,6,-1,-1,AB6353,0,1,10
C677,C667,19:45:38,6,-1,-1,AB6353,0,1,10
C689/1,T360,19:46:09,6,-1,1,AB5996,0,1,151
C667,C676,19:46:29,6,-1,-1,AB6353,0,1,20
T360,T376/1,19:46:39,6,-1,1,AB5996,0,1,10
C676,C680,19:48:00,6,-1,-1,AB6353,0,1,60
C680,C669/1,19:48:43,6,-1,1,AB6353,0,1,23
T376/1,T363/1,19:49:14,6,-1,1,AB5996,0,1,94
C669/1,C681,19:51:15,6,-1,-1,AB6353,1,1,131
T363/1,T306,19:51:25,6,-1,1,AB5996,0,1,50
T306,T314/2,19:52:16,6,-1,-1,AB5996,0,1,40
C681,C695,19:53:36,6,-1,-1,AB6353,1,1,131
T314/2,T318,19:53:36,6,-1,-1,AB5996,0,1,10
T319,T320,19:54:57,6,-1,-1,AB5996,0,1,50
C695,C673,19:55:28,6,-1,-1,AB6353,0,1,101
T320,T321/2,19:56:08,6,-1,-1,AB5996,0,1,10
C673,C672,19:56:18,6,-1,1,AB6353,0,1,40
T321/2,T323,19:57:39,6,-1,1,AB5996,0,1,40
T323,T324/2,19:57:59,6,-1,1,AB5996,0,1,10
C672,C670,19:58:50,6,-1,1,AB6353,0,1,111
T324/2,T327,19:59:20,6,-1,1,AB5996,0,1,60
C670,C679,19:59:55,6,-1,1,AB6353,0,1,20
T327,T326/1,20:00:05,6,-1,1,AB5996,0,1,20
T326/1,T337,20:01:06,6,-1,1,AB5996,0,1,50
C679,C694,20:01:26,6,-1,-1,AB6353,0,1,70
T337,T336/2,20:01:37,6,-1,1,AB5996,0,1,21
C694,C669/2,20:02:17,6,-1,-1,AB6353,0,1,40
C669/2,C687,20:03:08,6,-1,1,AB6353,0,1,20
C687,C675,20:04:49,6,-1,1,AB6353,0,1,60
C675,C668,20:05:09,6,-1,1,AB6353,0,1,10
C668,C678,20:05:39,6,-1,1,AB6353,0,1,20
C678,C663,20:07:02,6,-1,1,AB6353,1,1,52
C663,C661,20:07:32,6,-1,1,AB6353,0,1,20
C661,C659,20:08:03,6,-1,1,AB6353,0,1,20
C659,C656,20:09:14,6,-1,1,AB6353,0,1,40
C656,C654/2,20:10:25,6,-1,1,AB6353,0,1,50
C654/2,C653/2,20:11:36,6,-1,1,AB6353,0,1,40
C653/2,C692,20:13:07,6,-1,1,AB6353,0,1,70
C692,C689/1,20:14:38,6,-1,1,AB6353,0,1,60
C689/1,T360,20:16:59,6,-1,1,AB6353,0,1,100
T360,T376/1,20:17:49,6,-1,1,AB6353,0,1,30
T363/1,T306,20:24:47,6,-1,1,AB6353,0,1,101
T306,T314/2,20:25:38,6,-1,-1,AB6353,0,1,30
T318,T319,20:27:29,6,-1,-1,AB6353,0,1,50
T319,T320,20:28:09,6,-1,-1,AB6353,0,1,30
T320,T321/2,20:28:49,6,-1,-1,AB6353,0,1,10
T321/2,T323,20:29:53,6,-1,1,AB6353,0,1,20
T324/2,T327,20:32:15,6,-1,1,AB6353,0,1,50
T327,T326/1,20:32:55,6,-1,1,AB6353,0,1,20
T326/1,T337,20:34:36,6,-1,1,AB6353,0,1,70
T337,T336/2,20:35:47,6,-1,1,AB6353,0,1,20
