startStation,endStation,time,weekday,passengerFlow,trafficCondition,busPlate,passbyNum,weather,arrivalDuration
T336/2,T335,5:30:56,6,-1,1,AB5425,0,1,20
T335,T338,5:31:16,6,-1,1,AB5425,0,1,10
T338,T326/3,5:32:17,6,-1,-1,AB5425,0,1,50
T326/3,T332/2,5:33:08,6,-1,1,AB5425,0,1,40
T332/2,T325/2,5:34:39,6,-1,1,AB5425,0,1,50
T325/2,T339/2,5:35:29,6,-1,1,AB5425,0,1,20
T339/2,T313,5:36:54,6,-1,1,AB5425,0,1,44
T313,T315,5:37:24,6,-1,1,AB5425,0,1,20
T315,T375,5:38:35,6,-1,1,AB5425,0,1,60
T375,T380,5:39:26,6,-1,1,AB5425,0,1,20
T380,T379,5:40:16,6,-1,1,AB5425,0,1,10
T379,T359,5:40:57,6,-1,1,AB5425,0,1,20
T359,T355/1,5:42:08,6,-1,1,AB5425,0,1,50
C688/1,C691,5:48:04,6,-1,1,AB5425,0,2,30
C691,C652,5:49:35,6,-1,1,AB5425,0,2,50
C652,C655,5:50:26,6,-1,1,AB5425,0,2,30
C655,C657,5:51:26,6,-1,1,AB5425,0,2,40
C657,C660,5:52:07,6,-1,1,AB5425,0,2,30
C660,C662,5:53:08,6,-1,1,AB5425,0,2,20
C662,C677,5:54:53,6,-1,1,AB5425,2,2,94
C677,C667,5:55:24,6,-1,-1,AB5425,0,2,20
C667,C676,5:55:54,6,-1,-1,AB5425,0,2,20
C676,C680,5:57:05,6,-1,-1,AB5425,0,2,60
C680,C669/1,5:58:26,6,-1,-1,AB5425,0,2,50
C669/1,C693,5:59:37,6,-1,-1,AB5425,0,2,50
C693,C681,6:01:18,6,-1,-1,AB5425,0,2,70
C681,C671,6:02:19,6,-1,-1,AB5425,0,2,50
C671,C695,6:04:20,6,-1,-1,AB5425,0,2,91
T336/2,T335,6:05:54,6,-1,1,AB6335,0,2,20
C695,C673,6:06:14,6,-1,-1,AB5425,0,2,91
T335,T338,6:06:25,6,-1,-1,AB6335,0,2,20
C673,C672,6:07:46,6,-1,-1,AB5425,0,2,60
T338,T326/3,6:07:56,6,-1,-1,AB6335,0,2,60
T326/3,T332/2,6:09:17,6,-1,1,AB6335,0,2,30
C672,C670,6:10:17,6,-1,-1,AB5425,0,2,121
T332/2,T325/2,6:10:48,6,-1,1,AB6335,0,2,50
C670,C679,6:11:08,6,-1,-1,AB5425,0,2,30
T325/2,T339/2,6:11:38,6,-1,1,AB6335,0,2,20
T339/2,T313,6:12:39,6,-1,1,AB6335,0,2,40
C679,C694,6:12:39,6,-1,-1,AB5425,0,2,80
T313,T315,6:13:40,6,-1,1,AB6335,0,2,20
C694,C669/2,6:14:00,6,-1,-1,AB5425,0,2,40
T315,T375,6:15:03,6,-1,1,AB6335,0,2,63
C669/2,C687,6:15:03,6,-1,-1,AB5425,0,2,20
T375,T380,6:15:34,6,-1,1,AB6335,0,2,10
C687,C675,6:16:15,6,-1,-1,AB5425,0,2,51
T380,T379,6:16:25,6,-1,1,AB6335,0,2,10
C675,C668,6:16:45,6,-1,-1,AB5425,0,2,20
C668,C678,6:17:05,6,-1,-1,AB5425,0,2,10
C678,C665,6:17:36,6,-1,-1,AB5425,0,2,20
C665,C663,6:17:56,6,-1,-1,AB5425,0,2,10
T379,T359,6:18:27,6,-1,1,AB6335,0,2,81
C663,C661,6:18:37,6,-1,-1,AB5425,0,2,30
C661,C659,6:19:07,6,-1,-1,AB5425,0,2,20
T359,T355/1,6:19:27,6,-1,1,AB6335,0,2,50
C659,C656,6:20:08,6,-1,1,AB5425,0,2,40
C656,C654/2,6:21:29,6,-1,-1,AB5425,0,2,50
C654/2,C653/2,6:23:15,6,-1,1,AB5425,0,2,61
C653/2,C692,6:24:46,6,-1,1,AB5425,0,2,80
C692,C689/1,6:25:57,6,-1,1,AB5425,0,2,50
C688/1,C691,6:26:07,6,-1,1,AB6335,0,2,40
C689/1,T360,6:28:39,6,-1,1,AB5425,0,2,101
C691,C652,6:29:29,6,-1,1,AB6335,0,2,121
C652,C655,6:30:40,6,-1,3,AB6335,0,2,40
T360,T376/1,6:31:10,6,-1,1,AB5425,0,2,111
C655,C657,6:32:04,6,-1,3,AB6335,0,2,43
T376/1,T363/1,6:33:16,6,-1,1,AB5425,0,2,115
C657,C660,6:33:46,6,-1,-1,AB6335,0,2,40
C660,C662,6:34:17,6,-1,-1,AB6335,0,2,20
T363/1,T306,6:34:27,6,-1,1,AB5425,0,2,50
T306,T318,6:35:08,6,-1,-1,AB5425,1,2,30
C662,C664,6:35:28,6,-1,-1,AB6335,0,2,30
C664,C666,6:36:08,6,-1,-1,AB6335,0,2,10
C666,C677,6:36:49,6,-1,-1,AB6335,0,2,30
T318,T319,6:36:49,6,-1,-1,AB5425,0,2,50
T319,T320,6:37:29,6,-1,-1,AB5425,0,2,30
C677,C667,6:38:00,6,-1,-1,AB6335,0,2,20
C667,C676,6:38:42,6,-1,-1,AB6335,0,2,10
T321/2,T323,6:38:53,6,-1,1,AB5425,0,2,20
C676,C680,6:39:43,6,-1,-1,AB6335,0,2,50
T336/2,T335,6:40:44,6,-1,1,AB5996,0,2,20
T323,T327,6:40:44,6,-1,1,AB5425,1,2,70
C680,C669/1,6:41:04,6,-1,1,AB6335,0,2,50
T335,T338,6:41:34,6,-1,1,AB5996,0,2,10
T327,T326/1,6:41:34,6,-1,1,AB5425,0,2,30
T338,T326/3,6:42:35,6,-1,-1,AB5996,0,2,50
T326/1,T337,6:42:45,6,-1,1,AB5425,0,2,60
T326/3,T332/2,6:43:26,6,-1,1,AB5996,0,2,30
C669/1,C681,6:43:36,6,-1,-1,AB6335,1,2,131
T337,T336/2,6:43:36,6,-1,1,AB5425,0,2,40
T332/2,T325/2,6:44:57,6,-1,1,AB5996,0,2,50
C681,C671,6:45:07,6,-1,-1,AB6335,0,2,50
T325/2,T339/2,6:45:37,6,-1,1,AB5996,0,2,20
C671,C695,6:46:28,6,-1,-1,AB6335,0,2,70
T339/2,T313,6:46:38,6,-1,1,AB5996,0,2,40
T313,T315,6:47:08,6,-1,1,AB5996,0,2,10
T315,T375,6:48:19,6,-1,1,AB5996,0,2,60
C695,C673,6:48:19,6,-1,-1,AB6335,0,2,80
T375,T380,6:49:10,6,-1,1,AB5996,0,2,20
C673,C672,6:49:10,6,-1,-1,AB6335,0,2,20
T380,T379,6:49:50,6,-1,1,AB5996,0,2,10
T379,T359,6:50:20,6,-1,1,AB5996,0,2,20
T359,T355/1,6:51:35,6,-1,1,AB5996,0,2,64
C672,C679,6:52:26,6,-1,-1,AB6335,1,2,165
C679,C694,6:54:07,6,-1,-1,AB6335,0,2,80
C694,C669/2,6:54:48,6,-1,-1,AB6335,0,2,20
C688/1,C691,6:56:29,6,-1,1,AB5996,0,2,30
C669/2,C687,6:56:39,6,-1,-1,AB6335,0,2,20
C691,C652,6:57:50,6,-1,1,AB5996,0,2,50
C687,C675,6:58:10,6,-1,1,AB6335,0,2,60
C652,C655,6:58:33,6,-1,1,AB5996,0,2,23
C675,C668,6:58:44,6,-1,1,AB6335,0,2,23
C668,C678,6:59:04,6,-1,1,AB6335,0,2,10
C655,C657,6:59:34,6,-1,1,AB5996,0,2,50
C678,C665,6:59:34,6,-1,1,AB6335,0,2,20
C657,C660,7:00:25,6,-1,1,AB5996,0,2,40
C665,C661,7:00:55,6,-1,1,AB6335,1,2,50
C661,C659,7:01:25,6,-1,1,AB6335,0,2,20
C660,C664,7:01:46,6,-1,1,AB5996,1,2,60
C664,C677,7:02:37,6,-1,1,AB5996,1,2,40
C659,C656,7:02:47,6,-1,1,AB6335,0,2,40
C677,C667,7:03:07,6,-1,-1,AB5996,0,2,20
C656,C654/2,7:03:37,6,-1,1,AB6335,0,2,40
C667,C680,7:04:38,6,-1,-1,AB5996,1,2,80
C654/2,C653/2,7:05:08,6,-1,1,AB6335,0,2,70
C680,C669/1,7:05:49,6,-1,1,AB5996,0,2,40
C653/2,C692,7:05:59,6,-1,1,AB6335,0,2,40
T336/2,T335,7:06:19,6,-1,1,AB5425,0,2,40
C692,C689/1,7:06:50,6,-1,1,AB6335,0,2,10
T335,T338,7:07:10,6,-1,1,AB5425,0,2,10
C669/1,C681,7:08:13,6,-1,-1,AB5996,1,2,133
T338,T326/3,7:08:33,6,-1,-1,AB5425,0,2,50
T326/3,T332/2,7:09:24,6,-1,1,AB5425,0,2,40
C689/1,T360,7:09:24,6,-1,1,AB6335,0,2,101
C681,C695,7:10:55,6,-1,-1,AB5996,1,2,131
T332/2,T325/2,7:11:05,6,-1,1,AB5425,0,2,50
T360,T376/1,7:11:36,6,-1,1,AB6335,0,2,81
T325/2,T339/2,7:11:46,6,-1,1,AB5425,0,2,10
T376/1,T363/1,7:12:26,6,-1,1,AB6335,0,2,40
T339/2,T313,7:12:47,6,-1,1,AB5425,0,2,40
C695,C673,7:12:47,6,-1,-1,AB5996,0,2,81
C673,C672,7:13:27,6,-1,-1,AB5996,0,2,20
T363/1,T306,7:13:27,6,-1,1,AB6335,0,2,50
T313,T315,7:13:48,6,-1,1,AB5425,0,2,20
T306,T314/2,7:14:08,6,-1,-1,AB6335,0,2,30
T314/2,T318,7:14:48,6,-1,-1,AB6335,0,2,10
T315,T375,7:15:39,6,-1,1,AB5425,0,2,70
T319,T320,7:15:59,6,-1,-1,AB6335,0,2,30
C672,C670,7:16:09,6,-1,-1,AB5996,0,2,111
T320,T321/2,7:16:41,6,-1,-1,AB6335,0,2,10
T375,T380,7:16:51,6,-1,1,AB5425,0,2,42
T321/2,T323,7:17:22,6,-1,1,AB6335,0,2,10
C670,C679,7:17:32,6,-1,-1,AB5996,0,2,30
T380,T379,7:17:42,6,-1,1,AB5425,0,2,10
T323,T324/2,7:18:22,6,-1,1,AB6335,0,2,10
T379,T359,7:18:43,6,-1,1,AB5425,0,2,30
C679,C694,7:19:23,6,-1,-1,AB5996,0,2,80
T359,T355/1,7:19:47,6,-1,1,AB5425,0,2,54
T324/2,T327,7:19:47,6,-1,1,AB6335,0,2,64
C694,C669/2,7:20:18,6,-1,-1,AB5996,0,2,30
T327,T326/1,7:20:18,6,-1,1,AB6335,0,2,20
C669/2,C687,7:21:18,6,-1,1,AB5996,0,2,20
T326/1,T337,7:21:29,6,-1,1,AB6335,0,2,60
T337,T336/2,7:22:09,6,-1,1,AB6335,0,2,30
C687,C675,7:23:10,6,-1,1,AB5996,0,2,60
T355/1,C688/1,7:23:32,6,-1,1,AB5425,0,2,194
C675,C668,7:23:42,6,-1,1,AB5996,0,2,22
C668,C678,7:24:13,6,-1,1,AB5996,0,2,20
C678,C665,7:25:03,6,-1,1,AB5996,0,2,20
C688/1,C691,7:25:23,6,-1,1,AB5425,0,2,60
C665,C663,7:25:23,6,-1,1,AB5996,0,2,10
C663,C661,7:26:24,6,-1,1,AB5996,0,2,30
C661,C659,7:26:54,6,-1,1,AB5996,0,2,20
C691,C652,7:27:25,6,-1,1,AB5425,0,2,80
C659,C656,7:28:15,6,-1,1,AB5996,0,2,40
C652,C655,7:28:36,6,-1,1,AB5425,0,2,30
C656,C654/2,7:29:36,6,-1,1,AB5996,0,2,40
C655,C657,7:29:56,6,-1,1,AB5425,0,2,40
C657,C660,7:30:47,6,-1,1,AB5425,0,2,40
C660,C662,7:31:28,6,-1,1,AB5425,0,2,10
C654/2,C653/2,7:31:28,6,-1,1,AB5996,0,2,91
C662,C664,7:32:28,6,-1,1,AB5425,0,2,30
C653/2,C692,7:32:28,6,-1,1,AB5996,0,2,50
C664,C666,7:32:48,6,-1,1,AB5425,0,2,10
C666,C677,7:33:19,6,-1,1,AB5425,0,2,20
C692,C689/1,7:33:19,6,-1,1,AB5996,0,2,20
C677,C667,7:34:09,6,-1,1,AB5425,0,2,20
C667,C676,7:34:50,6,-1,-1,AB5425,0,2,10
C676,C680,7:36:02,6,-1,-1,AB5425,0,2,61
T336/2,T335,7:36:32,6,-1,1,AB6335,0,2,20
C689/1,T360,7:36:52,6,-1,1,AB5996,0,2,142
C680,C669/1,7:37:12,6,-1,1,AB5425,0,2,20
T335,T338,7:37:33,6,-1,1,AB6335,0,2,20
C669/1,C693,7:38:54,6,-1,1,AB5425,0,2,60
T338,T326/3,7:39:14,6,-1,-1,AB6335,0,2,71
T360,T363/1,7:39:14,6,-1,1,AB5996,1,2,111
T326/3,T332/2,7:40:05,6,-1,1,AB6335,0,2,40
C693,C681,7:40:25,6,-1,-1,AB5425,0,2,80
T363/1,T306,7:40:25,6,-1,1,AB5996,0,2,50
T306,T314/2,7:41:15,6,-1,-1,AB5996,0,2,40
C681,C671,7:41:36,6,-1,-1,AB5425,0,2,50
T332/2,T325/2,7:42:06,6,-1,1,AB6335,0,2,60
T318,T319,7:42:26,6,-1,-1,AB5996,0,2,10
T325/2,T339/2,7:42:47,6,-1,1,AB6335,0,2,10
C671,C695,7:43:07,6,-1,-1,AB5425,0,2,80
T319,T320,7:43:17,6,-1,-1,AB5996,0,2,30
T320,T321/2,7:43:57,6,-1,-1,AB5996,0,2,10
T339/2,T313,7:44:07,6,-1,1,AB6335,0,2,40
C695,C673,7:44:48,6,-1,-1,AB5425,0,2,70
T313,T315,7:45:08,6,-1,1,AB6335,0,2,10
T321/2,T323,7:45:08,6,-1,1,AB5996,0,2,30
C673,C672,7:45:49,6,-1,1,AB5425,0,2,40
T323,T324/2,7:45:49,6,-1,1,AB5996,0,2,10
T315,T375,7:46:19,6,-1,1,AB6335,0,2,60
T324/2,T327,7:46:59,6,-1,1,AB5996,0,2,40
T375,T380,7:47:40,6,-1,1,AB6335,0,2,40
T327,T326/1,7:47:40,6,-1,1,AB5996,0,2,30
T380,T379,7:48:20,6,-1,1,AB6335,0,2,10
C672,C670,7:48:32,6,-1,1,AB5425,0,2,123
T326/1,T337,7:48:42,6,-1,1,AB5996,0,2,52
T379,T359,7:48:53,6,-1,1,AB6335,0,2,10
C670,C679,7:49:13,6,-1,1,AB5425,0,2,30
T337,T336/2,7:49:33,6,-1,1,AB5996,0,2,30
T359,T355/1,7:49:43,6,-1,1,AB6335,0,2,40
C679,C694,7:50:54,6,-1,-1,AB5425,0,2,70
C694,C669/2,7:51:34,6,-1,-1,AB5425,0,2,30
C669/2,C687,7:52:45,6,-1,1,AB5425,0,2,20
C687,C675,7:54:16,6,-1,1,AB5425,0,2,60
C675,C668,7:54:47,6,-1,1,AB5425,0,2,10
C668,C678,7:55:37,6,-1,-1,AB5425,0,2,20
C688/1,C691,7:55:47,6,-1,1,AB6335,0,2,50
C678,C665,7:56:18,6,-1,-1,AB5425,0,2,20
C665,C663,7:56:48,6,-1,1,AB5425,0,2,20
C663,C661,7:57:28,6,-1,1,AB5425,0,2,30
C691,C652,7:57:59,6,-1,1,AB6335,0,2,91
C661,C659,7:58:29,6,-1,1,AB5425,0,2,30
C652,C655,7:59:10,6,-1,1,AB6335,0,2,50
C659,C656,7:59:52,6,-1,1,AB5425,0,2,42
C656,C654/2,8:00:53,6,-1,1,AB5425,0,2,50
C655,C660,8:01:23,6,-1,1,AB6335,1,2,101
C660,C662,8:02:15,6,-1,3,AB6335,0,2,20
C654/2,C653/2,8:02:25,6,-1,1,AB5425,0,2,50
C662,C664,8:03:10,6,-1,3,AB6335,0,2,44
C664,C677,8:03:53,6,-1,2,AB6335,1,2,33
C653/2,C692,8:04:03,6,-1,1,AB5425,0,2,87
C677,C676,8:05:14,6,-1,-1,AB6335,1,2,50
C692,C689/1,8:05:34,6,-1,1,AB5425,0,2,60
C676,C680,8:06:15,6,-1,-1,AB6335,0,2,50
C680,C669/1,8:06:45,6,-1,1,AB6335,0,2,20
C669/1,C693,8:07:56,6,-1,1,AB6335,0,2,50
C689/1,T360,8:08:16,6,-1,1,AB5425,0,2,111
C693,C681,8:09:17,6,-1,-1,AB6335,0,2,70
T336/2,T335,8:09:48,6,-1,1,AB5996,0,2,20
T335,T338,8:10:38,6,-1,1,AB5996,0,2,20
C681,C671,8:10:38,6,-1,-1,AB6335,0,2,60
T360,T376/1,8:10:38,6,-1,1,AB5425,0,2,101
T338,T326/3,8:11:39,6,-1,-1,AB5996,0,2,50
T326/3,T332/2,8:12:33,6,-1,1,AB5996,0,2,33
T376/1,T363/1,8:12:53,6,-1,1,AB5425,0,2,124
C671,C673,8:13:54,6,-1,-1,AB6335,1,2,165
T332/2,T325/2,8:14:04,6,-1,1,AB5996,0,2,50
T363/1,T306,8:14:14,6,-1,1,AB5425,0,2,50
C673,C672,8:14:34,6,-1,1,AB6335,0,2,30
T325/2,T339/2,8:14:45,6,-1,1,AB5996,0,2,20
T306,T318,8:15:05,6,-1,-1,AB5425,1,2,30
T339/2,T313,8:15:45,6,-1,1,AB5996,0,2,50
T318,T319,8:16:46,6,-1,-1,AB5425,0,2,70
C672,C670,8:16:56,6,-1,1,AB6335,0,2,121
T319,T320,8:17:37,6,-1,-1,AB5425,0,2,30
C670,C679,8:17:47,6,-1,1,AB6335,0,2,40
T313,T375,8:17:57,6,-1,1,AB5996,1,2,91
T320,T321/2,8:18:58,6,-1,-1,AB5425,0,2,30
C679,C694,8:19:08,6,-1,-1,AB6335,0,2,70
T375,T380,8:19:38,6,-1,1,AB5996,0,2,70
T321/2,T323,8:19:38,6,-1,1,AB5425,0,2,20
C694,C669/2,8:19:58,6,-1,-1,AB6335,0,2,30
T380,T379,8:20:08,6,-1,1,AB5996,0,2,10
T323,T324/2,8:20:29,6,-1,1,AB5425,0,2,10
C669/2,C687,8:20:49,6,-1,2,AB6335,0,2,20
T379,T359,8:20:59,6,-1,1,AB5996,0,2,20
T324/2,T327,8:21:50,6,-1,1,AB5425,0,2,60
T359,T355/1,8:22:00,6,-1,1,AB5996,0,2,50
C687,C675,8:22:00,6,-1,2,AB6335,0,2,60
C675,C668,8:22:52,6,-1,1,AB6335,0,2,20
T327,T326/1,8:22:52,6,-1,1,AB5425,0,2,31
C668,C678,8:23:12,6,-1,1,AB6335,0,2,10
C678,C663,8:24:14,6,-1,1,AB6335,1,2,40
C663,C661,8:24:55,6,-1,1,AB6335,0,2,30
T355/1,C688/1,8:25:25,6,-1,1,AB5996,0,2,195
C661,C659,8:25:46,6,-1,1,AB6335,0,2,31
C688/1,C691,8:26:47,6,-1,1,AB5996,0,2,40
C659,C656,8:27:07,6,-1,1,AB6335,0,2,40
C656,C654/2,8:28:18,6,-1,1,AB6335,0,2,50
C691,C652,8:28:59,6,-1,1,AB5996,0,2,111
C652,C655,8:30:09,6,-1,1,AB5996,0,2,30
C655,C657,8:31:00,6,-1,1,AB5996,0,2,40
C654/2,C653/2,8:31:11,6,-1,1,AB6335,0,2,91
C657,C660,8:31:51,6,-1,1,AB5996,0,2,30
T326/1,T337,8:31:51,6,-1,1,AB5425,0,2,60
C653/2,C692,8:32:34,6,-1,1,AB6335,0,2,62
T337,T336/2,8:32:34,6,-1,1,AB5425,0,2,32
C660,C662,8:32:44,6,-1,1,AB5996,0,2,10
C662,C664,8:33:24,6,-1,1,AB5996,0,2,30
C664,C677,8:34:15,6,-1,1,AB5996,1,2,40
C692,C689/1,8:34:15,6,-1,1,AB6335,0,2,10
T336/2,T335,8:34:35,6,-1,1,AB5425,0,2,20
C677,C667,8:34:45,6,-1,1,AB5996,0,2,20
T335,T338,8:35:05,6,-1,1,AB5425,0,2,10
C667,C676,8:35:15,6,-1,-1,AB5996,0,2,10
T338,T326/3,8:36:26,6,-1,-1,AB5425,0,2,50
C676,C680,8:36:26,6,-1,-1,AB5996,0,2,50
C680,C669/1,8:37:07,6,-1,1,AB5996,0,2,30
T326/3,T332/2,8:37:47,6,-1,1,AB5425,0,2,50
C669/1,C693,8:38:17,6,-1,1,AB5996,0,2,60
T332/2,T325/2,8:38:58,6,-1,1,AB5425,0,2,60
T325/2,T339/2,8:39:38,6,-1,1,AB5425,0,2,20
C693,C681,8:39:49,6,-1,-1,AB5996,0,2,60
T360,T376/1,8:39:49,6,-1,1,AB6335,0,2,40
C681,C671,8:40:49,6,-1,-1,AB5996,0,2,50
T339/2,T313,8:41:20,6,-1,1,AB5425,0,2,70
T376/1,T363/1,8:41:20,6,-1,1,AB6335,0,2,50
T313,T315,8:42:02,6,-1,1,AB5425,0,2,20
T363/1,T306,8:42:43,6,-1,1,AB6335,0,2,50
T315,T375,8:43:33,6,-1,1,AB5425,0,2,60
T306,T314/2,8:43:43,6,-1,-1,AB6335,0,2,30
C671,C673,8:44:14,6,-1,-1,AB5996,1,2,174
T375,T380,8:44:24,6,-1,1,AB5425,0,2,20
C673,C672,8:44:54,6,-1,1,AB5996,0,2,30
T318,T319,8:44:54,6,-1,-1,AB6335,0,2,10
T380,T379,8:45:04,6,-1,1,AB5425,0,2,10
T379,T359,8:45:45,6,-1,1,AB5425,0,2,30
T319,T320,8:45:45,6,-1,-1,AB6335,0,2,30
T320,T321/2,8:46:25,6,-1,-1,AB6335,0,2,10
T359,T355/1,8:46:45,6,-1,1,AB5425,0,2,50
T321/2,T323,8:47:26,6,-1,1,AB6335,0,2,20
C672,C670,8:48:16,6,-1,1,AB5996,0,0,141
T323,T324/2,8:48:16,6,-1,1,AB6335,0,0,20
C670,C679,8:48:57,6,-1,1,AB5996,0,0,30
T324/2,T327,8:49:17,6,-1,1,AB6335,0,0,50
T327,T326/1,8:49:58,6,-1,1,AB6335,0,0,30
T355/1,C688/1,8:50:08,6,-1,1,AB5425,0,0,192
C679,C694,8:50:28,6,-1,-1,AB5996,0,0,70
C694,C669/2,8:51:29,6,-1,-1,AB5996,0,0,40
T326/1,T336/2,8:51:39,6,-1,1,AB6335,1,0,91
C688/1,C691,8:52:09,6,-1,1,AB5425,0,0,60
C691,C652,8:53:24,6,-1,1,AB5425,0,0,40
C669/2,C675,8:53:44,6,-1,1,AB5996,1,0,105
C675,C668,8:54:15,6,-1,1,AB5996,0,0,20
C652,C655,8:54:25,6,-1,2,AB5425,0,0,30
C668,C678,8:54:35,6,-1,1,AB5996,0,0,10
C655,C657,8:55:25,6,-1,1,AB5425,0,0,40
C678,C663,8:55:35,6,-1,1,AB5996,1,0,50
C657,C660,8:56:16,6,-1,1,AB5425,0,0,40
C663,C661,8:56:16,6,-1,1,AB5996,0,0,30
C661,C659,8:57:17,6,-1,1,AB5996,0,0,20
C660,C664,8:57:37,6,-1,1,AB5425,1,0,60
C664,C666,8:57:57,6,-1,1,AB5425,0,0,10
C666,C677,8:58:17,6,-1,1,AB5425,0,0,10
C659,C656,8:58:27,6,-1,1,AB5996,0,0,50
C677,C667,8:58:58,6,-1,1,AB5425,0,0,30
C667,C676,8:59:28,6,-1,-1,AB5425,0,0,10
C656,C654/2,8:59:28,6,-1,1,AB5996,0,0,50
C676,C680,9:00:49,6,-1,-1,AB5425,0,0,70
C654/2,C653/2,9:00:59,6,-1,1,AB5996,0,0,80
C680,C669/1,9:01:40,6,-1,1,AB5425,0,0,40
C669/1,C693,9:03:02,6,-1,1,AB5425,0,0,62
C653/2,C692,9:03:12,6,-1,1,AB5996,0,0,92
C693,C681,9:04:13,6,-1,-1,AB5425,0,0,60
C692,C689/1,9:04:13,6,-1,1,AB5996,0,0,20
C681,C671,9:05:14,6,-1,-1,AB5425,0,0,51
C671,C695,9:07:06,6,-1,-1,AB5425,0,0,81
T336/2,T335,9:07:56,6,-1,1,AB6335,0,0,20
C689/1,T360,9:07:56,6,-1,1,AB5996,0,0,162
T335,T338,9:08:47,6,-1,1,AB6335,0,0,10
C695,C673,9:08:47,6,-1,-1,AB5425,0,0,70
T360,T376/1,9:09:08,6,-1,1,AB5996,0,0,51
C673,C672,9:09:59,6,-1,1,AB5425,0,0,30
T338,T326/3,9:10:39,6,-1,-1,AB6335,0,0,60
T376/1,T363/1,9:10:49,6,-1,1,AB5996,0,0,70
T326/3,T332/2,9:11:50,6,-1,1,AB6335,0,0,60
T363/1,T306,9:12:11,6,-1,1,AB5996,0,0,61
T306,T314/2,9:13:02,6,-1,-1,AB5996,0,0,20
T332/2,T325/2,9:13:33,6,-1,1,AB6335,0,0,50
C672,C670,9:13:43,6,-1,1,AB5425,0,0,133
T325/2,T339/2,9:14:14,6,-1,1,AB6335,0,0,10
T318,T319,9:14:44,6,-1,-1,AB5996,0,0,10
T319,T320,9:15:14,6,-1,-1,AB5996,0,0,20
T339/2,T313,9:15:35,6,-1,1,AB6335,0,0,50
C670,C694,9:15:55,6,-1,-1,AB5425,1,0,121
T320,T321/2,9:16:05,6,-1,-1,AB5996,0,0,10
T313,T315,9:16:25,6,-1,1,AB6335,0,0,10
C694,C669/2,9:16:45,6,-1,-1,AB5425,0,0,30
T321/2,T323,9:17:06,6,-1,1,AB5996,0,0,20
C669/2,C687,9:17:46,6,-1,1,AB5425,0,0,20
T323,T324/2,9:17:46,6,-1,1,AB5996,0,0,10
T315,T375,9:17:56,6,-1,1,AB6335,0,0,60
T324/2,T327,9:18:57,6,-1,1,AB5996,0,0,60
C687,C675,9:19:17,6,-1,1,AB5425,0,0,60
T327,T326/1,9:19:37,6,-1,1,AB5996,0,0,20
T375,T380,9:19:48,6,-1,1,AB6335,0,0,70
C675,C678,9:19:58,6,-1,1,AB5425,1,0,30
T380,T379,9:20:28,6,-1,1,AB6335,0,0,10
C678,C665,9:20:28,6,-1,1,AB5425,0,0,20
T326/1,T337,9:20:48,6,-1,1,AB5996,0,0,60
C665,C663,9:20:58,6,-1,1,AB5425,0,0,20
T379,T359,9:21:08,6,-1,1,AB6335,0,0,30
C663,C661,9:21:29,6,-1,1,AB5425,0,0,20
T337,T336/2,9:21:29,6,-1,1,AB5996,0,0,30
T359,T355/1,9:22:09,6,-1,1,AB6335,0,0,50
C661,C659,9:22:09,6,-1,1,AB5425,0,0,30
C659,C656,9:23:20,6,-1,1,AB5425,0,0,40
C656,C654/2,9:24:13,6,-1,1,AB5425,0,0,40
T355/1,C688/1,9:25:35,6,-1,1,AB6335,0,0,195
C654/2,C653/2,9:26:05,6,-1,1,AB5425,0,0,50
C688/1,C691,9:26:46,6,-1,1,AB6335,0,0,51
C653/2,C692,9:27:38,6,-1,1,AB5425,0,0,82
C691,C652,9:28:49,6,-1,1,AB6335,0,0,60
C692,C689/1,9:29:24,6,-1,1,AB5425,0,0,55
C652,C655,9:30:04,6,-1,1,AB6335,0,0,30
C655,C657,9:31:16,6,-1,1,AB6335,0,0,40
C657,C660,9:32:27,6,-1,1,AB6335,0,0,40
C689/1,T360,9:32:38,6,-1,1,AB5425,0,0,153
C660,C662,9:32:58,6,-1,1,AB6335,0,0,20
C662,C664,9:33:38,6,-1,1,AB6335,0,0,30
C664,C666,9:33:58,6,-1,1,AB6335,0,0,10
T360,T376/1,9:33:58,6,-1,1,AB5425,0,0,60
C666,C677,9:34:19,6,-1,1,AB6335,0,0,10
C677,C667,9:34:49,6,-1,1,AB6335,0,0,20
C667,C676,9:35:34,6,-1,-1,AB6335,0,0,14
T376/1,T363/1,9:36:24,6,-1,1,AB5425,0,0,125
C676,C680,9:36:45,6,-1,-1,AB6335,0,0,60
T363/1,T306,9:37:55,6,-1,1,AB5425,0,0,60
C680,C669/1,9:38:36,6,-1,1,AB6335,0,0,80
T306,T318,9:38:46,6,-1,-1,AB5425,1,0,40
C669/1,C693,9:40:07,6,-1,1,AB6335,0,0,60
T336/2,T335,9:40:27,6,-1,1,AB5996,0,0,30
T318,T319,9:40:27,6,-1,-1,AB5425,0,0,70
C693,C681,9:41:28,6,-1,-1,AB6335,0,0,70
T319,T320,9:41:48,6,-1,-1,AB5425,0,0,40
T338,T326/3,9:42:49,6,-1,-1,AB5996,0,0,70
C681,C671,9:42:49,6,-1,-1,AB6335,0,0,40
T320,T321/2,9:42:49,6,-1,-1,AB5425,0,0,10
T326/3,T332/2,9:43:49,6,-1,1,AB5996,0,0,40
T321/2,T323,9:44:00,6,-1,1,AB5425,0,0,30
C671,C695,9:44:41,6,-1,-1,AB6335,0,0,82
T323,T324/2,9:45:32,6,-1,1,AB5425,0,0,20
T332/2,T325/2,9:45:42,6,-1,1,AB5996,0,0,70
C695,C673,9:46:12,6,-1,-1,AB6335,0,0,80
T325/2,T339/2,9:46:22,6,-1,1,AB5996,0,0,10
T324/2,T327,9:46:54,6,-1,1,AB5425,0,0,51
C673,C672,9:47:24,6,-1,1,AB6335,0,0,30
T327,T326/1,9:47:34,6,-1,1,AB5425,0,0,20
T339/2,T313,9:48:15,6,-1,1,AB5996,0,0,70
T326/1,T337,9:48:45,6,-1,1,AB5425,0,0,60
T313,T315,9:49:05,6,-1,1,AB5996,0,0,20
T337,T336/2,9:49:26,6,-1,1,AB5425,0,0,30
C672,C670,9:50:16,6,-1,1,AB6335,0,0,121
T315,T375,9:50:46,6,-1,1,AB5996,0,0,80
C670,C679,9:51:27,6,-1,1,AB6335,0,0,30
T375,T380,9:52:07,6,-1,1,AB5996,0,0,20
T380,T379,9:52:58,6,-1,1,AB5996,0,0,20
C679,C694,9:52:58,6,-1,-1,AB6335,0,0,70
C694,C669/2,9:53:38,6,-1,-1,AB6335,0,0,30
T379,T359,9:54:59,6,-1,1,AB5996,0,0,80
C669/2,C687,9:54:59,6,-1,1,AB6335,0,0,20
C687,C675,9:56:10,6,-1,1,AB6335,0,0,61
T359,T355/1,9:56:21,6,-1,1,AB5996,0,0,71
C675,C668,9:56:33,6,-1,1,AB6335,0,0,12
C668,C678,9:57:34,6,-1,1,AB6335,0,0,20
C678,C663,9:58:49,6,-1,1,AB6335,1,0,45
C663,C661,9:59:33,6,-1,1,AB6335,0,0,33
C661,C659,10:00:13,6,-1,1,AB6335,0,0,20
C659,C656,10:01:24,6,-1,1,AB6335,0,0,50
C656,C654/2,10:02:35,6,-1,1,AB6335,0,0,50
C688/1,C691,10:02:45,6,-1,1,AB5996,0,0,70
C654/2,C653/2,10:04:26,6,-1,1,AB6335,0,0,90
C691,C652,10:04:37,6,-1,1,AB5996,0,0,90
C652,C655,10:05:47,6,-1,1,AB5996,0,0,30
C653/2,C692,10:06:08,6,-1,1,AB6335,0,0,91
C655,C657,10:06:38,6,-1,1,AB5996,0,0,40
C692,C689/1,10:06:58,6,-1,1,AB6335,0,0,20
C657,C660,10:07:52,6,-1,1,AB5996,0,0,43
T338,T326/3,10:08:12,6,-1,-1,AB5730,0,0,63
C660,C662,10:08:43,6,-1,1,AB5996,0,0,20
T326/3,T332/2,10:09:07,6,-1,1,AB5730,0,0,44
C662,C664,10:09:17,6,-1,1,AB5996,0,0,10
C664,C666,10:10:08,6,-1,1,AB5996,0,0,10
T332/2,T325/2,10:10:28,6,-1,1,AB5730,0,0,60
C666,C677,10:10:28,6,-1,1,AB5996,0,0,10
C689/1,T360,10:10:58,6,-1,1,AB6335,0,0,155
T325/2,T339/2,10:11:18,6,-1,1,AB5730,0,0,20
C677,C667,10:11:29,6,-1,1,AB5996,0,0,30
C667,C676,10:11:49,6,-1,-1,AB5996,0,0,10
T360,T376/1,10:12:09,6,-1,1,AB6335,0,0,20
T339/2,T313,10:12:49,6,-1,1,AB5730,0,0,50
C676,C680,10:12:49,6,-1,-1,AB5996,0,0,50
C680,C669/1,10:13:32,6,-1,1,AB5996,0,0,22
T313,T315,10:13:42,6,-1,1,AB5730,0,0,22
T376/1,T363/1,10:13:42,6,-1,1,AB6335,0,0,62
C669/1,C693,10:15:03,6,-1,1,AB5996,0,0,50
T363/1,T306,10:15:03,6,-1,1,AB6335,0,0,50
T315,T375,10:15:13,6,-1,1,AB5730,0,0,60
T306,T314/2,10:15:53,6,-1,-1,AB6335,0,0,40
T375,T380,10:16:04,6,-1,1,AB5730,0,0,20
C693,C681,10:16:24,6,-1,-1,AB5996,0,0,70
T380,T379,10:16:44,6,-1,1,AB5730,0,0,10
C681,C671,10:17:25,6,-1,-1,AB5996,0,0,50
T379,T359,10:18:05,6,-1,1,AB5730,0,0,50
T319,T320,10:18:25,6,-1,-1,AB6335,0,0,50
C671,C695,10:19:06,6,-1,-1,AB5996,0,0,71
T320,T321/2,10:19:06,6,-1,-1,AB6335,0,0,10
T359,T355/1,10:19:26,6,-1,1,AB5730,0,0,71
T321/2,T323,10:19:46,6,-1,1,AB6335,0,0,20
T323,T324/2,10:20:27,6,-1,1,AB6335,0,0,10
C695,C673,10:20:57,6,-1,-1,AB5996,0,0,71
T324/2,T327,10:21:28,6,-1,1,AB6335,0,0,50
C673,C672,10:21:38,6,-1,1,AB5996,0,0,30
T327,T326/1,10:22:08,6,-1,1,AB6335,0,0,30
T326/1,T337,10:23:29,6,-1,1,AB6335,0,0,50
T337,T336/2,10:24:10,6,-1,1,AB6335,0,0,30
C672,C670,10:24:20,6,-1,1,AB5996,0,0,121
C670,C679,10:25:01,6,-1,1,AB5996,0,0,30
C688/1,C691,10:25:11,6,-1,1,AB5730,0,0,30
C691,C652,10:26:13,6,-1,1,AB5730,0,0,40
C679,C694,10:26:29,6,-1,-1,AB5996,0,0,77
C652,C655,10:26:49,6,-1,1,AB5730,0,0,20
C694,C669/2,10:27:19,6,-1,-1,AB5996,0,0,40
C655,C657,10:28:10,6,-1,1,AB5730,0,0,50
C669/2,C687,10:28:33,6,-1,1,AB5996,0,0,23
C657,C660,10:29:04,6,-1,1,AB5730,0,0,43
C687,C675,10:30:04,6,-1,1,AB5996,0,0,50
C660,C664,10:30:25,6,-1,1,AB5730,1,0,60
C675,C668,10:30:35,6,-1,1,AB5996,0,0,20
C668,C678,10:31:05,6,-1,1,AB5996,0,0,20
C664,C666,10:31:15,6,-1,1,AB5730,0,0,10
C666,C677,10:31:47,6,-1,1,AB5730,0,0,21
C678,C663,10:32:27,6,-1,1,AB5996,1,0,50
C677,C667,10:32:37,6,-1,1,AB5730,0,0,20
C667,C676,10:32:57,6,-1,-1,AB5730,0,0,10
C663,C659,10:33:48,6,-1,1,AB5996,1,0,70
C676,C680,10:34:08,6,-1,-1,AB5730,0,0,60
C680,C669/1,10:34:40,6,-1,1,AB5730,0,0,21
T336/2,T335,10:35:34,6,-1,1,AB5425,0,0,13
C669/1,C693,10:36:14,6,-1,1,AB5730,0,0,64
T335,T338,10:36:24,6,-1,1,AB5425,0,0,10
C659,C654/2,10:36:24,6,-1,1,AB5996,1,0,104
T338,T326/3,10:37:35,6,-1,-1,AB5425,0,0,60
C693,C681,10:37:35,6,-1,-1,AB5730,0,0,70
T326/3,T332/2,10:38:56,6,-1,1,AB5425,0,0,50
C654/2,C653/2,10:38:56,6,-1,1,AB5996,0,0,80
C681,C695,10:40:17,6,-1,-1,AB5730,1,0,141
C653/2,C692,10:40:27,6,-1,1,AB5996,0,0,60
T332/2,T325/2,10:40:47,6,-1,1,AB5425,0,0,70
T325/2,T339/2,10:41:28,6,-1,1,AB5425,0,0,20
C692,C689/1,10:42:08,6,-1,1,AB5996,0,0,50
C695,C673,10:42:18,6,-1,-1,AB5730,0,0,101
T339/2,T313,10:43:29,6,-1,1,AB5425,0,0,81
C673,C672,10:43:29,6,-1,1,AB5730,0,0,40
T313,T315,10:44:20,6,-1,1,AB5425,0,0,20
C672,C670,10:46:12,6,-1,1,AB5730,0,0,132
T315,T375,10:46:22,6,-1,1,AB5425,0,0,80
C689/1,T360,10:46:22,6,-1,1,AB5996,0,0,173
C670,C679,10:46:53,6,-1,1,AB5730,0,0,30
T360,T376/1,10:47:13,6,-1,1,AB5996,0,0,20
T375,T380,10:47:43,6,-1,1,AB5425,0,0,50
C679,C694,10:48:24,6,-1,-1,AB5730,0,0,70
T380,T379,10:48:34,6,-1,1,AB5425,0,0,20
T376/1,T363/1,10:49:04,6,-1,1,AB5996,0,0,70
T379,T359,10:49:35,6,-1,1,AB5425,0,0,50
C694,C669/2,10:49:35,6,-1,-1,AB5730,0,0,40
C669/2,C687,10:50:15,6,-1,1,AB5730,0,0,20
T359,T355/1,10:50:56,6,-1,1,AB5425,0,0,60
T363/1,T306,10:50:56,6,-1,1,AB5996,0,0,80
T306,T314/2,10:51:46,6,-1,-1,AB5996,0,0,30
C687,C675,10:51:56,6,-1,1,AB5730,0,0,60
C675,C668,10:52:27,6,-1,1,AB5730,0,0,20
C668,C678,10:53:07,6,-1,1,AB5730,0,0,10
T318,T319,10:53:27,6,-1,-1,AB5996,0,0,10
C678,C663,10:54:03,6,-1,1,AB5730,1,0,45
T319,T320,10:54:33,6,-1,-1,AB5996,0,0,40
C663,C661,10:54:44,6,-1,1,AB5730,0,0,30
C661,C659,10:55:14,6,-1,1,AB5730,0,0,20
T320,T321/2,10:55:44,6,-1,-1,AB5996,0,0,20
C688/1,C691,10:56:25,6,-1,1,AB5425,0,0,50
T321/2,T323,10:56:45,6,-1,1,AB5996,0,0,30
C659,C656,10:57:05,6,-1,1,AB5730,0,0,40
C656,C654/2,10:58:06,6,-1,1,AB5730,0,0,50
C691,C652,10:58:56,6,-1,1,AB5425,0,0,101
T324/2,T327,10:59:07,6,-1,1,AB5996,0,0,70
T327,T326/1,10:59:51,6,-1,1,AB5996,0,0,34
C652,C655,11:00:21,6,-1,1,AB5425,0,0,30
T326/1,T337,11:00:42,6,-1,1,AB5996,0,0,40
C655,C657,11:01:32,6,-1,1,AB5425,0,0,50
C654/2,C692,11:01:32,6,-1,1,AB5730,1,0,186
T337,T336/2,11:01:32,6,-1,1,AB5996,0,0,30
C657,C660,11:02:13,6,-1,1,AB5425,0,0,30
C692,C689/1,11:02:33,6,-1,1,AB5730,0,0,10
C660,C662,11:03:03,6,-1,1,AB5425,0,0,20
C662,C664,11:03:44,6,-1,1,AB5425,0,0,30
C664,C666,11:04:14,6,-1,1,AB5425,0,0,10
C666,C677,11:04:44,6,-1,1,AB5425,0,0,20
C677,C667,11:05:15,6,-1,1,AB5425,0,0,20
C667,C680,11:06:46,6,-1,-1,AB5425,1,0,81
C689/1,T360,11:06:56,6,-1,1,AB5730,0,0,152
C680,C669/1,11:07:47,6,-1,1,AB5425,0,0,30
T360,T376/1,11:08:48,6,-1,1,AB5730,0,0,80
C669/1,C693,11:09:18,6,-1,1,AB5425,0,0,60
C693,C681,11:10:49,6,-1,-1,AB5425,0,0,80
T376/1,T363/1,11:11:20,6,-1,1,AB5730,0,0,141
C681,C671,11:12:11,6,-1,-1,AB5425,0,0,51
T363/1,T306,11:12:32,6,-1,1,AB5730,0,0,51
T338,T326/3,11:12:53,6,-1,-1,AB6335,0,0,61
T326/3,T332/2,11:13:43,6,-1,1,AB6335,0,0,40
C671,C695,11:14:03,6,-1,-1,AB5425,0,0,91
T314/2,T318,11:14:34,6,-1,-1,AB5730,0,0,10
T332/2,T325/2,11:15:45,6,-1,1,AB6335,0,0,70
C695,C673,11:15:45,6,-1,-1,AB5425,0,0,80
T318,T319,11:15:45,6,-1,-1,AB5730,0,0,10
T319,T320,11:16:36,6,-1,-1,AB5730,0,0,41
T325/2,T339/2,11:16:46,6,-1,1,AB6335,0,0,21
C673,C672,11:16:56,6,-1,1,AB5425,0,0,51
T320,T321/2,11:17:38,6,-1,-1,AB5730,0,0,21
T321/2,T323,11:18:18,6,-1,1,AB5730,0,0,30
T323,T324/2,11:18:49,6,-1,1,AB5730,0,0,10
T339/2,T313,11:19:19,6,-1,1,AB6335,0,0,60
C672,C670,11:19:49,6,-1,1,AB5425,0,0,131
T324/2,T327,11:20:10,6,-1,1,AB5730,0,0,70
T313,T315,11:20:30,6,-1,1,AB6335,0,0,10
C670,C679,11:21:20,6,-1,1,AB5425,0,0,40
T327,T326/1,11:21:20,6,-1,1,AB5730,0,0,30
T315,T375,11:22:33,6,-1,1,AB6335,0,0,82
T326/1,T337,11:22:43,6,-1,1,AB5730,0,0,50
C679,C694,11:23:13,6,-1,-1,AB5425,0,0,81
T337,T336/2,11:23:13,6,-1,1,AB5730,0,0,20
T375,T380,11:23:33,6,-1,1,AB6335,0,0,20
C694,C669/2,11:24:04,6,-1,-1,AB5425,0,0,30
T380,T379,11:24:24,6,-1,1,AB6335,0,0,10
C669/2,C687,11:25:35,6,-1,2,AB5425,0,0,20
T379,T355/1,11:26:15,6,-1,1,AB6335,1,0,91
C687,C675,11:26:46,6,-1,1,AB5425,0,0,61
C675,C668,11:27:17,6,-1,1,AB5425,0,0,20
C668,C678,11:27:57,6,-1,1,AB5425,0,0,20
C678,C665,11:28:38,6,-1,1,AB5425,0,0,20
C665,C663,11:29:08,6,-1,1,AB5425,0,0,20
C663,C661,11:29:49,6,-1,1,AB5425,0,0,30
C661,C659,11:30:19,6,-1,1,AB5425,0,0,20
C659,C656,11:31:33,6,-1,1,AB5425,0,0,53
C656,C654/2,11:32:34,6,-1,1,AB5425,0,0,50
C688/1,C691,11:33:04,6,-1,1,AB6335,0,0,70
C691,C652,11:34:25,6,-1,1,AB6335,0,0,40
C654/2,C653/2,11:34:45,6,-1,1,AB5425,0,0,80
C652,C655,11:36:06,6,-1,1,AB6335,0,0,30
C653/2,C692,11:36:06,6,-1,1,AB5425,0,0,60
C655,C657,11:37:48,6,-1,1,AB6335,0,0,60
C692,C689/1,11:38:18,6,-1,1,AB5425,0,0,70
C657,C660,11:38:59,6,-1,1,AB6335,0,0,50
C660,C662,11:39:29,6,-1,1,AB6335,0,0,20
C662,C664,11:40:20,6,-1,1,AB6335,0,0,20
C689/1,T360,11:40:42,6,-1,1,AB5425,0,0,103
C664,C677,11:41:12,6,-1,1,AB6335,1,0,40
T360,T376/1,11:41:33,6,-1,1,AB5425,0,0,20
C677,C676,11:42:03,6,-1,-1,AB6335,1,0,40
C676,C680,11:43:14,6,-1,-1,AB6335,0,0,60
T376/1,T363/1,11:43:14,6,-1,1,AB5425,0,0,91
C680,C669/1,11:44:07,6,-1,1,AB6335,0,0,20
T336/2,T335,11:44:57,6,-1,1,AB5996,0,0,20
T363/1,T306,11:45:08,6,-1,1,AB5425,0,0,70
T335,T338,11:45:38,6,-1,1,AB5996,0,0,10
C669/1,C693,11:45:48,6,-1,1,AB6335,0,0,60
T306,T314/2,11:46:08,6,-1,-1,AB5425,0,0,30
T338,T326/3,11:47:19,6,-1,-1,AB5996,0,0,60
C693,C681,11:47:29,6,-1,-1,AB6335,0,0,70
T318,T319,11:47:49,6,-1,-1,AB5425,0,0,60
T326/3,T332/2,11:48:10,6,-1,1,AB5996,0,0,40
C681,C671,11:49:00,6,-1,-1,AB6335,0,0,40
T319,T320,11:49:21,6,-1,-1,AB5425,0,0,60
T332/2,T325/2,11:50:33,6,-1,1,AB5996,0,0,103
C671,C695,11:50:54,6,-1,-1,AB6335,0,0,80
T325/2,T339/2,11:51:34,6,-1,1,AB5996,0,0,30
T321/2,T323,11:51:54,6,-1,1,AB5425,0,0,40
T323,T324/2,11:52:35,6,-1,1,AB5425,0,0,20
C695,C673,11:52:55,6,-1,-1,AB6335,0,0,91
T339/2,T313,11:53:15,6,-1,1,AB5996,0,0,60
C673,C672,11:53:56,6,-1,1,AB6335,0,0,40
T324/2,T327,11:53:56,6,-1,1,AB5425,0,0,50
T313,T315,11:54:26,6,-1,1,AB5996,0,0,20
T327,T326/1,11:55:17,6,-1,1,AB5425,0,0,30
T315,T375,11:56:07,6,-1,1,AB5996,0,0,80
T326/1,T337,11:56:17,6,-1,1,AB5425,0,0,50
T375,T380,11:56:58,6,-1,1,AB5996,0,0,20
C672,C670,11:57:08,6,-1,-1,AB6335,0,0,131
T337,T336/2,11:57:18,6,-1,1,AB5425,0,0,30
T380,T379,11:57:49,6,-1,1,AB5996,0,0,10
C670,C679,11:58:09,6,-1,-1,AB6335,0,0,50
T379,T359,11:58:49,6,-1,1,AB5996,0,0,30
T359,T355/1,11:59:54,6,-1,1,AB5996,0,0,54
C679,C694,12:00:04,6,-1,-1,AB6335,0,0,105
C694,C669/2,12:01:15,6,-1,-1,AB6335,0,0,30
C669/2,C687,12:03:06,6,-1,1,AB6335,0,0,30
C687,C675,12:04:48,6,-1,1,AB6335,0,0,60
C688/1,C691,12:05:38,6,-1,1,AB5996,0,0,30
C675,C678,12:05:59,6,-1,1,AB6335,1,0,40
C678,C665,12:06:29,6,-1,1,AB6335,0,0,20
C665,C663,12:06:59,6,-1,1,AB6335,0,0,20
C691,C652,12:07:19,6,-1,1,AB5996,0,0,50
C663,C661,12:07:31,6,-1,1,AB6335,0,0,22
C661,C659,12:08:12,6,-1,1,AB6335,0,0,30
C652,C655,12:08:52,6,-1,1,AB5996,0,0,40
C659,C656,12:09:23,6,-1,1,AB6335,0,0,40
C655,C657,12:10:13,6,-1,1,AB5996,0,0,50
C656,C654/2,12:10:48,6,-1,1,AB6335,0,0,74
C657,C660,12:11:38,6,-1,1,AB5996,0,0,50
C660,C662,12:12:19,6,-1,1,AB5996,0,0,20
C662,C664,12:12:59,6,-1,1,AB5996,0,0,20
C654/2,C692,12:13:30,6,-1,1,AB6335,1,0,151
C692,C689/1,12:14:10,6,-1,1,AB6335,0,0,10
C664,C677,12:14:41,6,-1,1,AB5996,1,0,71
C677,C667,12:15:33,6,-1,1,AB5996,0,0,31
C667,C676,12:16:03,6,-1,-1,AB5996,0,0,20
C676,C680,12:17:04,6,-1,-1,AB5996,0,0,50
C689/1,T360,12:17:14,6,-1,1,AB6335,0,0,112
C680,C669/1,12:18:15,6,-1,1,AB5996,0,0,30
T360,T376/1,12:19:36,6,-1,1,AB6335,0,0,111
C669/1,C693,12:20:06,6,-1,1,AB5996,0,0,60
T336/2,T335,12:21:07,6,-1,1,AB5425,0,0,30
C693,C681,12:21:48,6,-1,-1,AB5996,0,0,71
T376/1,T363/1,12:22:18,6,-1,1,AB6335,0,0,152
T338,T326/3,12:23:29,6,-1,-1,AB5425,0,0,91
T326/3,T332/2,12:24:19,6,-1,1,AB5425,0,0,40
C681,C695,12:24:50,6,-1,-1,AB5996,1,0,151
T363/1,T306,12:25:44,6,-1,1,AB6335,0,0,165
T332/2,T325/2,12:26:35,6,-1,1,AB5425,0,0,84
C695,C673,12:26:35,6,-1,-1,AB5996,0,0,95
C673,C672,12:27:15,6,-1,1,AB5996,0,0,30
T325/2,T339/2,12:27:25,6,-1,1,AB5425,0,0,20
T306,T314/2,12:28:06,6,-1,-1,AB6335,0,0,121
T339/2,T313,12:29:57,6,-1,1,AB5425,0,0,101
C672,C679,12:30:28,6,-1,1,AB5996,1,0,172
T314/2,T318,12:30:28,6,-1,-1,AB6335,0,0,20
T313,T315,12:30:58,6,-1,1,AB5425,0,0,20
T318,T319,12:31:18,6,-1,-1,AB6335,0,0,10
C679,C694,12:31:59,6,-1,-1,AB5996,0,0,70
T315,T375,12:32:29,6,-1,1,AB5425,0,0,70
C694,C669/2,12:32:49,6,-1,-1,AB5996,0,0,30
T319,T320,12:32:49,6,-1,-1,AB6335,0,0,50
C669/2,C687,12:33:52,6,-1,1,AB5996,0,0,32
T375,T380,12:34:12,6,-1,1,AB5425,0,0,72
T320,T321/2,12:34:12,6,-1,-1,AB6335,0,0,20
T380,T379,12:34:53,6,-1,1,AB5425,0,0,10
C687,C675,12:35:13,6,-1,1,AB5996,0,0,71
T379,T359,12:35:33,6,-1,1,AB5425,0,0,20
T321/2,T323,12:35:33,6,-1,1,AB6335,0,0,40
C675,C668,12:35:44,6,-1,1,AB5996,0,0,20
C668,C678,12:36:04,6,-1,1,AB5996,0,0,10
T323,T324/2,12:36:24,6,-1,1,AB6335,0,0,10
C678,C663,12:37:05,6,-1,1,AB5996,1,0,50
C663,C661,12:37:45,6,-1,1,AB5996,0,0,30
T324/2,T327,12:38:15,6,-1,1,AB6335,0,0,70
C661,C659,12:38:36,6,-1,1,AB5996,0,0,40
T327,T326/1,12:38:46,6,-1,1,AB6335,0,0,20
C659,C656,12:40:32,6,-1,1,AB5996,0,0,41
T326/1,T337,12:40:32,6,-1,1,AB6335,0,0,85
C656,C654/2,12:41:23,6,-1,1,AB5996,0,0,10
C688/1,C691,12:41:33,6,-1,1,AB5425,0,0,30
T337,T336/2,12:41:53,6,-1,1,AB6335,0,0,30
C691,C652,12:43:25,6,-1,1,AB5425,0,0,71
C654/2,C653/2,12:43:45,6,-1,1,AB5996,0,0,112
C652,C655,12:44:46,6,-1,1,AB5425,0,0,40
C653/2,C692,12:45:47,6,-1,1,AB5996,0,0,101
C655,C657,12:46:07,6,-1,1,AB5425,0,0,50
C657,C660,12:46:57,6,-1,1,AB5425,0,0,40
C692,C689/1,12:47:18,6,-1,1,AB5996,0,0,70
C660,C664,12:48:39,6,-1,1,AB5425,1,0,70
C664,C666,12:49:29,6,-1,1,AB5425,0,0,20
C689/1,T360,12:49:50,6,-1,1,AB5996,0,0,121
C666,C677,12:50:00,6,-1,1,AB5425,0,0,20
C677,C667,12:50:32,6,-1,1,AB5425,0,0,22
C667,C676,12:51:03,6,-1,-1,AB5425,0,0,20
T360,T376/1,12:51:23,6,-1,1,AB5996,0,0,40
C676,C680,12:52:14,6,-1,-1,AB5425,0,0,61
C680,C669/1,12:52:55,6,-1,1,AB5425,0,0,20
T376/1,T363/1,12:54:27,6,-1,1,AB5996,0,0,71
C669/1,C693,12:54:47,6,-1,1,AB5425,0,0,61
T336/2,T335,12:55:48,6,-1,1,AB6335,0,0,40
C693,C681,12:56:18,6,-1,-1,AB5425,0,0,70
T363/1,T306,12:56:18,6,-1,1,AB5996,0,0,50
T335,T338,12:56:49,6,-1,1,AB6335,0,0,10
C681,C671,12:57:29,6,-1,-1,AB5425,0,0,50
T306,T314/2,12:57:50,6,-1,-1,AB5996,0,0,60
T338,T326/3,12:58:10,6,-1,-1,AB6335,0,0,71
T326/3,T332/2,12:59:23,6,-1,1,AB6335,0,0,40
C671,C695,12:59:34,6,-1,-1,AB5425,0,0,84
T314/2,T318,12:59:54,6,-1,-1,AB5996,0,0,10
C695,C673,13:01:39,6,-1,-1,AB5425,0,0,93
T332/2,T325/2,13:01:49,6,-1,1,AB6335,0,0,80
T319,T320,13:02:49,6,-1,-1,AB5996,0,0,90
T325/2,T339/2,13:03:00,6,-1,1,AB6335,0,0,40
T320,T321/2,13:04:44,6,-1,-1,AB5996,0,0,30
T339/2,T313,13:05:14,6,-1,1,AB6335,0,0,81
T321/2,T323,13:06:05,6,-1,1,AB5996,0,0,30
T313,T315,13:06:15,6,-1,1,AB6335,0,0,10
T315,T375,13:07:36,6,-1,1,AB6335,0,0,70
T375,T380,13:09:38,6,-1,1,AB6335,0,0,81
T324/2,T327,13:09:38,6,-1,1,AB5996,0,0,70
T327,T326/1,13:10:38,6,-1,1,AB5996,0,0,20
T380,T379,13:10:58,6,-1,1,AB6335,0,0,20
C672,C670,13:11:49,6,-1,1,AB5425,0,0,181
T326/1,T337,13:12:09,6,-1,1,AB5996,0,0,70
T337,T336/2,13:13:00,6,-1,1,AB5996,0,0,30
C670,C679,13:13:20,6,-1,1,AB5425,0,0,40
T379,T355/1,13:13:43,6,-1,1,AB6335,1,0,134
C679,C694,13:15:24,6,-1,-1,AB5425,0,0,90
C694,C669/2,13:16:14,6,-1,-1,AB5425,0,0,40
C669/2,C687,13:17:05,6,-1,1,AB5425,0,0,20
C687,C675,13:18:36,6,-1,1,AB5425,0,0,60
C675,C668,13:19:06,6,-1,1,AB5425,0,0,20
C668,C678,13:19:26,6,-1,1,AB5425,0,0,10
C678,C665,13:19:57,6,-1,1,AB5425,0,2,20
C665,C663,13:20:17,6,-1,1,AB5425,0,2,10
C688/1,C691,13:20:27,6,-1,1,AB6335,0,2,71
C663,C661,13:21:08,6,-1,1,AB5425,0,2,30
C691,C652,13:22:29,6,-1,1,AB6335,0,2,50
C652,C655,13:23:09,6,-1,1,AB6335,0,2,30
C661,C659,13:24:10,6,-1,1,AB5425,0,2,171
C655,C657,13:25:23,6,-1,1,AB6335,0,2,123
T336/2,T335,13:30:36,6,-1,1,AB5996,0,2,30
T335,T338,13:30:56,6,-1,1,AB5996,0,2,10
T338,T326/3,13:32:28,6,-1,-1,AB5996,0,2,70
T326/3,T332/2,13:33:29,6,-1,1,AB5996,0,2,50
C659,C656,13:34:19,6,-1,1,AB5425,0,2,80
C656,C654/2,13:35:20,6,-1,1,AB5425,0,2,40
T332/2,T325/2,13:35:32,6,-1,1,AB5996,0,2,92
T325/2,T339/2,13:36:22,6,-1,1,AB5996,0,2,20
C660,C662,13:37:24,6,-1,1,AB6335,0,2,20
C662,C664,13:38:05,6,-1,1,AB6335,0,2,30
C664,C666,13:38:25,6,-1,1,AB6335,0,2,10
C654/2,C653/2,13:38:35,6,-1,1,AB5425,0,2,121
T339/2,T313,13:38:45,6,-1,1,AB5996,0,2,91
C666,C677,13:38:45,6,-1,1,AB6335,0,2,10
C677,C667,13:39:16,6,-1,1,AB6335,0,2,20
C667,C676,13:39:36,6,-1,-1,AB6335,0,2,10
T313,T315,13:39:56,6,-1,1,AB5996,0,2,40
C653/2,C692,13:40:06,6,-1,3,AB5425,0,2,81
C676,C680,13:40:47,6,-1,-1,AB6335,0,2,60
C692,C689/1,13:41:07,6,-1,1,AB5425,0,2,20
T315,T375,13:41:27,6,-1,1,AB5996,0,2,80
C680,C669/1,13:41:37,6,-1,1,AB6335,0,2,20
C669/1,C693,13:42:58,6,-1,1,AB6335,0,2,60
T375,T380,13:43:19,6,-1,1,AB5996,0,2,91
T380,T379,13:44:09,6,-1,1,AB5996,0,2,20
C693,C681,13:44:29,6,-1,-1,AB6335,0,2,70
C689/1,T360,13:45:00,6,-1,1,AB5425,0,2,111
T379,T359,13:45:33,6,-1,1,AB5996,0,2,73
T360,T376/1,13:45:53,6,-1,1,AB5425,0,2,20
T359,T355/1,13:46:55,6,-1,1,AB5996,0,2,71
C681,C695,13:47:05,6,-1,-1,AB6335,1,2,145
T376/1,T363/1,13:48:36,6,-1,1,AB5425,0,2,152
C695,C673,13:49:06,6,-1,-1,AB6335,0,2,100
C673,C672,13:50:17,6,-1,1,AB6335,0,0,40
T363/1,T306,13:51:48,6,-1,1,AB5425,0,0,70
T306,T318,13:52:38,6,-1,-1,AB5425,1,0,30
C672,C670,13:53:09,6,-1,1,AB6335,0,0,131
C688/1,C691,13:53:39,6,-1,1,AB5996,0,0,80
C670,C679,13:53:59,6,-1,1,AB6335,0,0,40
T318,T319,13:54:50,6,-1,-1,AB5425,0,0,90
C679,C694,13:55:31,6,-1,-1,AB6335,0,0,81
C691,C652,13:55:51,6,-1,1,AB5996,0,0,102
T319,T320,13:56:12,6,-1,-1,AB5425,0,0,61
C694,C669/2,13:56:22,6,-1,-1,AB6335,0,0,40
C652,C655,13:56:52,6,-1,2,AB5996,0,0,40
C669/2,C687,13:57:53,6,-1,1,AB6335,0,0,30
C655,C657,13:58:03,6,-1,1,AB5996,0,0,50
T320,T321/2,13:58:03,6,-1,-1,AB5425,0,0,50
C687,C675,13:59:24,6,-1,1,AB6335,0,0,61
T321/2,T323,13:59:55,6,-1,1,AB5425,0,0,30
C675,C678,14:00:15,6,-1,1,AB6335,1,0,40
C678,C663,14:01:06,6,-1,1,AB6335,1,0,40
T323,T324/2,14:01:26,6,-1,1,AB5425,0,0,20
C663,C661,14:01:46,6,-1,1,AB6335,0,0,30
C661,C659,14:02:26,6,-1,3,AB6335,0,0,30
T324/2,T327,14:02:47,6,-1,1,AB5425,0,0,70
T327,T326/1,14:03:37,6,-1,1,AB5425,0,0,20
C660,C662,14:04:07,6,-1,1,AB5996,0,0,20
C662,C664,14:04:48,6,-1,1,AB5996,0,0,30
T326/1,T337,14:04:48,6,-1,1,AB5425,0,0,60
C664,C666,14:05:18,6,-1,1,AB5996,0,0,20
T337,T336/2,14:05:28,6,-1,1,AB5425,0,0,30
C666,C677,14:05:49,6,-1,1,AB5996,0,0,20
C677,C667,14:06:19,6,-1,1,AB5996,0,0,20
C659,C656,14:06:29,6,-1,1,AB6335,0,0,191
C667,C676,14:06:59,6,-1,-1,AB5996,0,0,10
C656,C654/2,14:08:10,6,-1,1,AB6335,0,0,60
C676,C680,14:09:02,6,-1,-1,AB5996,0,0,62
C654/2,C653/2,14:09:12,6,-1,1,AB6335,0,0,40
C680,C669/1,14:10:13,6,-1,1,AB5996,0,0,50
C669/1,C693,14:11:44,6,-1,1,AB5996,0,0,70
C653/2,C692,14:12:14,6,-1,1,AB6335,0,0,101
C693,C681,14:13:05,6,-1,-1,AB5996,0,0,70
T336/2,T335,14:13:15,6,-1,1,AB5425,0,0,20
C692,C689/1,14:13:25,6,-1,1,AB6335,0,0,20
T335,T338,14:13:55,6,-1,1,AB5425,0,0,10
C681,C671,14:14:26,6,-1,-1,AB5996,0,0,50
T338,T326/3,14:15:06,6,-1,-1,AB5425,0,0,60
T326/3,T332/2,14:15:57,6,-1,1,AB5425,0,0,30
C671,C695,14:16:17,6,-1,-1,AB5996,0,0,90
C689/1,T360,14:16:17,6,-1,1,AB6335,0,0,131
C695,C673,14:17:58,6,-1,-1,AB5996,0,0,91
T360,T376/1,14:18:28,6,-1,1,AB6335,0,0,101
C673,C672,14:18:49,6,-1,1,AB5996,0,0,40
T332/2,T325/2,14:18:59,6,-1,1,AB5425,0,0,131
T325/2,T339/2,14:19:49,6,-1,1,AB5425,0,0,10
T376/1,T363/1,14:20:30,6,-1,1,AB6335,0,0,111
C672,C670,14:21:14,6,-1,1,AB5996,0,0,125
T339/2,T313,14:21:55,6,-1,1,AB5425,0,0,84
T363/1,T306,14:21:55,6,-1,1,AB6335,0,0,50
C670,C679,14:22:05,6,-1,1,AB5996,0,0,30
T306,T314/2,14:22:45,6,-1,-1,AB6335,0,0,40
T313,T315,14:22:55,6,-1,1,AB5425,0,2,20
C679,C694,14:23:36,6,-1,-1,AB5996,0,2,70
C694,C669/2,14:24:26,6,-1,-1,AB5996,0,2,30
T315,T375,14:24:56,6,-1,1,AB5425,0,2,90
T314/2,T318,14:24:56,6,-1,-1,AB6335,0,2,10
C669/2,C687,14:25:47,6,-1,1,AB5996,0,2,20
T318,T319,14:26:08,6,-1,-1,AB6335,0,2,11
T375,T380,14:26:29,6,-1,1,AB5425,0,2,31
T319,T320,14:26:59,6,-1,-1,AB6335,0,2,40
C687,C675,14:27:09,6,-1,1,AB5996,0,2,60
T380,T379,14:27:19,6,-1,1,AB5425,0,2,10
C675,C668,14:27:29,6,-1,1,AB5996,0,2,10
C668,C678,14:27:50,6,-1,1,AB5996,0,2,10
T320,T321/2,14:28:00,6,-1,-1,AB6335,0,2,10
C678,C665,14:28:32,6,-1,1,AB5996,0,2,22
C665,C663,14:28:52,6,-1,1,AB5996,0,2,10
T321/2,T323,14:29:12,6,-1,1,AB6335,0,2,20
T379,T359,14:29:33,6,-1,1,AB5425,0,2,82
C663,C661,14:29:33,6,-1,1,AB5996,0,2,30
C661,C659,14:30:03,6,-1,1,AB5996,0,2,20
T323,T324/2,14:30:03,6,-1,1,AB6335,0,2,10
T359,T355/1,14:30:47,6,-1,1,AB5425,0,2,64
T324/2,T327,14:31:08,6,-1,1,AB6335,0,2,54
T327,T326/1,14:32:08,6,-1,1,AB6335,0,2,30
C659,C656,14:32:38,6,-1,1,AB5996,0,2,50
C656,C654/2,14:33:29,6,-1,1,AB5996,0,2,40
T326/1,T337,14:33:29,6,-1,1,AB6335,0,2,50
T337,T336/2,14:34:31,6,-1,1,AB6335,0,2,31
C654/2,C653/2,14:35:02,6,-1,1,AB5996,0,2,62
C688/1,C691,14:36:04,6,-1,1,AB5425,0,2,30
C653/2,C692,14:36:04,6,-1,1,AB5996,0,2,41
C692,C689/1,14:37:25,6,-1,1,AB5996,0,2,40
C691,C652,14:38:15,6,-1,1,AB5425,0,2,91
C652,C655,14:39:06,6,-1,1,AB5425,0,2,40
C655,C657,14:40:37,6,-1,1,AB5425,0,2,60
C689/1,T360,14:41:07,6,-1,1,AB5996,0,2,161
C657,C660,14:41:48,6,-1,1,AB5425,0,2,60
C660,C662,14:42:48,6,-1,1,AB5425,0,2,20
T336/2,T335,14:43:42,6,-1,1,AB6335,0,2,43
T360,T376/1,14:43:42,6,-1,1,AB5996,0,2,123
C662,C664,14:43:52,6,-1,1,AB5425,0,2,31
T335,T338,14:44:34,6,-1,1,AB6335,0,2,12
C664,C677,14:44:55,6,-1,1,AB5425,1,2,42
C677,C667,14:45:45,6,-1,1,AB5425,0,2,30
T338,T326/3,14:46:26,6,-1,-1,AB6335,0,2,81
C667,C676,14:46:26,6,-1,-1,AB5425,0,2,10
T376/1,T363/1,14:46:36,6,-1,2,AB5996,0,2,101
T326/3,T332/2,14:47:37,6,-1,1,AB6335,0,2,40
C676,C680,14:48:07,6,-1,-1,AB5425,0,2,60
T363/1,T306,14:48:37,6,-1,2,AB5996,0,2,70
C680,C669/1,14:49:07,6,-1,1,AB5425,0,2,30
T306,T318,14:49:38,6,-1,-1,AB5996,1,2,50
T332/2,T325/2,14:50:38,6,-1,1,AB6335,0,2,100
C669/1,C693,14:50:48,6,-1,1,AB5425,0,2,50
T318,T319,14:51:19,6,-1,-1,AB5996,0,2,60
T325/2,T339/2,14:51:59,6,-1,1,AB6335,0,2,40
T319,T320,14:52:30,6,-1,-1,AB5996,0,2,60
C693,C681,14:52:45,6,-1,-1,AB5425,0,2,85
T339/2,T313,14:53:35,6,-1,2,AB6335,0,2,65
C681,C671,14:53:45,6,-1,-1,AB5425,0,2,50
T320,T321/2,14:53:45,6,-1,-1,AB5996,0,2,10
T313,T315,14:54:46,6,-1,2,AB6335,0,2,30
T321/2,T323,14:55:07,6,-1,1,AB5996,0,2,40
C671,C695,14:55:27,6,-1,-1,AB5425,0,2,91
T323,T324/2,14:55:57,6,-1,1,AB5996,0,2,20
C695,C673,14:57:08,6,-1,-1,AB5425,0,2,70
T324/2,T327,14:57:18,6,-1,1,AB5996,0,2,60
T315,T375,14:57:48,6,-1,1,AB6335,0,2,131
T327,T326/1,14:58:08,6,-1,1,AB5996,0,2,30
T375,T380,14:58:29,6,-1,1,AB6335,0,2,20
C673,C672,14:58:49,6,-1,1,AB5425,0,2,90
T380,T379,14:59:19,6,-1,1,AB6335,0,2,10
T326/1,T337,14:59:50,6,-1,1,AB5996,0,2,91
T337,T336/2,15:00:41,6,-1,1,AB5996,0,2,31
T379,T359,15:01:01,6,-1,1,AB6335,0,2,61
C672,C670,15:02:02,6,-1,1,AB5425,0,2,173
T359,T355/1,15:02:32,6,-1,1,AB6335,0,2,50
C670,C679,15:03:03,6,-1,1,AB5425,0,2,30
C679,C694,15:04:45,6,-1,-1,AB5425,0,2,92
C694,C669/2,15:05:36,6,-1,-1,AB5425,0,2,40
C669/2,C687,15:07:17,6,-1,1,AB5425,0,2,30
C687,C675,15:08:28,6,-1,1,AB5425,0,2,50
C688/1,C691,15:09:08,6,-1,1,AB6335,0,2,80
C675,C668,15:09:18,6,-1,1,AB5425,0,2,20
C668,C678,15:09:49,6,-1,1,AB5425,0,2,20
C678,C665,15:10:19,6,-1,1,AB5425,0,2,20
C665,C663,15:10:49,6,-1,1,AB5425,0,2,20
C691,C652,15:11:53,6,-1,1,AB6335,0,2,103
C663,C659,15:12:03,6,-1,1,AB5425,1,2,63
T336/2,T335,15:12:54,6,-1,1,AB5996,0,2,30
C652,C655,15:13:04,6,-1,1,AB6335,0,2,30
T335,T338,15:13:34,6,-1,1,AB5996,0,2,10
C655,C657,15:14:05,6,-1,1,AB6335,0,2,50
C659,C656,15:14:05,6,-1,1,AB5425,0,2,50
T338,T326/3,15:14:55,6,-1,-1,AB5996,0,2,60
C657,C660,15:15:05,6,-1,1,AB6335,0,2,50
C656,C654/2,15:15:15,6,-1,1,AB5425,0,2,50
C660,C662,15:15:35,6,-1,1,AB6335,0,2,20
T326/3,T332/2,15:15:56,6,-1,2,AB5996,0,2,50
C662,C664,15:16:17,6,-1,1,AB6335,0,2,31
C664,C666,15:16:47,6,-1,1,AB6335,0,2,20
C666,C677,15:17:07,6,-1,1,AB6335,0,2,10
C654/2,C653/2,15:17:28,6,-1,1,AB5425,0,2,91
C677,C667,15:17:38,6,-1,1,AB6335,0,2,20
C667,C676,15:18:18,6,-1,-1,AB6335,0,2,10
T332/2,T325/2,15:18:28,6,-1,1,AB5996,0,2,90
C653/2,C692,15:18:28,6,-1,1,AB5425,0,2,50
T325/2,T339/2,15:19:29,6,-1,1,AB5996,0,2,20
C676,C680,15:19:29,6,-1,-1,AB6335,0,2,60
C692,C689/1,15:19:29,6,-1,1,AB5425,0,2,30
C680,C669/1,15:20:30,6,-1,1,AB6335,0,2,30
T339/2,T313,15:21:00,6,-1,1,AB5996,0,2,81
T313,T315,15:22:04,6,-1,1,AB5996,0,2,30
C669/1,C693,15:22:14,6,-1,1,AB6335,0,2,53
T315,T375,15:23:45,6,-1,1,AB5996,0,2,91
C693,C681,15:24:06,6,-1,-1,AB6335,0,2,81
C681,C671,15:25:06,6,-1,-1,AB6335,0,2,50
T375,T380,15:26:27,6,-1,1,AB5996,0,2,111
T360,T376/1,15:26:37,6,-1,1,AB5425,0,2,141
C671,C695,15:27:13,6,-1,-1,AB6335,0,2,85
T380,T379,15:27:23,6,-1,1,AB5996,0,2,10
T379,T359,15:28:04,6,-1,1,AB5996,0,2,20
T359,T355/1,15:29:25,6,-1,1,AB5996,0,2,60
C695,C672,15:29:25,6,-1,1,AB6335,1,2,122
T376/1,T363/1,15:29:25,6,-1,2,AB5425,0,2,101
T363/1,T306,15:32:07,6,-1,2,AB5425,0,2,101
C672,C670,15:32:47,6,-1,1,AB6335,0,2,151
T306,T314/2,15:33:07,6,-1,-1,AB5425,0,2,50
C670,C679,15:33:48,6,-1,1,AB6335,0,2,30
T314/2,T318,15:34:49,6,-1,-1,AB5425,0,2,10
C688/1,C691,15:35:09,6,-1,1,AB5996,0,2,50
C679,C694,15:35:29,6,-1,-1,AB6335,0,2,91
T318,T319,15:35:39,6,-1,-1,AB5425,0,2,10
C694,C669/2,15:36:20,6,-1,-1,AB6335,0,2,40
C691,C652,15:37:14,6,-1,1,AB5996,0,2,94
T319,T320,15:37:14,6,-1,-1,AB5425,0,2,84
C669/2,C687,15:37:54,6,-1,2,AB6335,0,2,30
C652,C655,15:38:25,6,-1,2,AB5996,0,2,30
T320,T321/2,15:38:25,6,-1,-1,AB5425,0,2,20
C655,C657,15:39:36,6,-1,1,AB5996,0,2,40
T321/2,T323,15:39:47,6,-1,1,AB5425,0,2,30
C687,C668,15:40:17,6,-1,2,AB6335,1,2,90
C657,C660,15:40:37,6,-1,1,AB5996,0,2,40
T323,T324/2,15:40:57,6,-1,1,AB5425,0,2,10
C668,C665,15:41:07,6,-1,2,AB6335,1,2,40
C665,C663,15:41:38,6,-1,1,AB6335,0,2,10
T324/2,T327,15:42:28,6,-1,1,AB5425,0,2,60
C663,C659,15:42:49,6,-1,1,AB6335,1,2,60
C660,C677,15:42:59,6,-1,1,AB5996,3,2,101
T327,T326/1,15:43:29,6,-1,1,AB5425,0,2,30
C677,C667,15:43:39,6,-1,1,AB5996,0,2,30
C667,C676,15:43:59,6,-1,-1,AB5996,0,2,10
C676,C680,15:45:10,6,-1,-1,AB5996,0,2,60
C659,C656,15:45:10,6,-1,1,AB6335,0,2,50
T326/1,T337,15:45:10,6,-1,1,AB5425,0,2,80
C656,C654/2,15:46:13,6,-1,1,AB6335,0,2,40
T337,T336/2,15:46:13,6,-1,1,AB5425,0,2,30
C680,C669/1,15:46:34,6,-1,1,AB5996,0,2,73
C669/1,C693,15:48:15,6,-1,1,AB5996,0,2,80
C654/2,C653/2,15:48:55,6,-1,1,AB6335,0,2,141
C693,C681,15:49:56,6,-1,-1,AB5996,0,2,81
C653/2,C692,15:49:56,6,-1,1,AB6335,0,2,50
C681,C671,15:50:56,6,-1,-1,AB5996,0,2,50
C692,C689/1,15:51:37,6,-1,1,AB6335,0,2,40
T336/2,T335,15:52:17,6,-1,1,AB5425,0,2,20
C671,C695,15:53:08,6,-1,-1,AB5996,0,2,91
T338,T326/3,15:53:49,6,-1,-1,AB5425,0,2,40
C689/1,T360,15:54:39,6,-1,1,AB6335,0,2,121
T326/3,T332/2,15:54:59,6,-1,1,AB5425,0,2,40
C695,C673,15:55:19,6,-1,-1,AB5996,0,2,101
T360,T376/1,15:56:00,6,-1,1,AB6335,0,2,30
C673,C672,15:56:10,6,-1,1,AB5996,0,2,20
T332/2,T325/2,15:57:05,6,-1,1,AB5425,0,2,75
T325/2,T339/2,15:57:46,6,-1,2,AB5425,0,2,20
C672,C670,15:58:47,6,-1,1,AB5996,0,2,122
T376/1,T363/1,15:59:18,6,-1,1,AB6335,0,2,122
C670,C679,15:59:38,6,-1,1,AB5996,0,2,40
T339/2,T313,16:00:28,6,-1,1,AB5425,0,2,101
C679,C694,16:01:09,6,-1,-1,AB5996,0,2,80
T363/1,T306,16:01:19,6,-1,1,AB6335,0,2,50
T313,T315,16:01:29,6,-1,1,AB5425,0,2,10
C694,C669/2,16:02:09,6,-1,-1,AB5996,0,2,50
T306,T314/2,16:02:09,6,-1,-1,AB6335,0,2,40
C669/2,C687,16:03:00,6,-1,1,AB5996,0,2,20
T315,T375,16:03:30,6,-1,1,AB5425,0,2,70
T314/2,T318,16:03:30,6,-1,-1,AB6335,0,2,10
C687,C675,16:04:21,6,-1,1,AB5996,0,2,60
C675,C668,16:04:53,6,-1,1,AB5996,0,2,20
T318,T319,16:04:53,6,-1,-1,AB6335,0,2,10
T375,T380,16:05:14,6,-1,1,AB5425,0,2,52
C668,C678,16:05:14,6,-1,1,AB5996,0,2,10
T380,T379,16:06:14,6,-1,1,AB5425,0,2,20
C678,C663,16:06:14,6,-1,-1,AB5996,1,2,50
T319,T320,16:06:45,6,-1,-1,AB6335,0,2,90
C663,C661,16:06:55,6,-1,-1,AB5996,0,2,30
T379,T355/1,16:08:36,6,-1,1,AB5425,1,2,101
C661,C659,16:08:46,6,-1,1,AB5996,0,2,101
T321/2,T323,16:09:37,6,-1,1,AB6335,0,2,30
T323,T324/2,16:10:47,6,-1,1,AB6335,0,2,10
C659,C656,16:11:18,6,-1,1,AB5996,0,2,40
C656,C654/2,16:12:19,6,-1,1,AB5996,0,2,50
T324/2,T327,16:12:19,6,-1,1,AB6335,0,2,81
T327,T326/1,16:13:09,6,-1,1,AB6335,0,2,30
T326/1,T337,16:14:20,6,-1,1,AB6335,0,2,50
C688/1,C691,16:14:52,6,-1,1,AB5425,0,2,62
T337,T336/2,16:15:02,6,-1,1,AB6335,0,2,30
C691,C652,16:16:34,6,-1,1,AB5425,0,2,71
C654/2,C653/2,16:17:35,6,-1,1,AB5996,0,2,50
C652,C655,16:17:45,6,-1,1,AB5425,0,2,40
C655,C657,16:19:06,6,-1,1,AB5425,0,2,40
C653/2,C692,16:20:07,6,-1,1,AB5996,0,2,131
C657,C660,16:20:27,6,-1,1,AB5425,0,2,60
C692,C689/1,16:21:17,6,-1,1,AB5996,0,2,30
C660,C664,16:21:48,6,-1,1,AB5425,1,2,50
C664,C666,16:22:28,6,-1,1,AB5425,0,2,10
C666,C677,16:22:48,6,-1,2,AB5425,0,2,10
C677,C667,16:23:39,6,-1,1,AB5425,0,2,20
C689/1,T360,16:23:39,6,-1,1,AB5996,0,2,121
T335,T338,16:24:29,6,-1,1,AB6335,0,2,10
C667,C680,16:25:10,6,-1,-1,AB5425,1,2,80
T360,T376/1,16:25:52,6,-1,1,AB5996,0,2,112
T338,T326/3,16:26:02,6,-1,-1,AB6335,0,2,72
C680,C669/1,16:26:42,6,-1,1,AB5425,0,2,50
T326/3,T332/2,16:27:13,6,-1,1,AB6335,0,2,50
C669/1,C693,16:28:03,6,-1,1,AB5425,0,2,60
T376/1,T363/1,16:28:54,6,-1,1,AB5996,0,2,90
C693,C681,16:29:45,6,-1,-1,AB5425,0,2,81
C681,C671,16:30:35,6,-1,-1,AB5425,0,2,40
T332/2,T325/2,16:30:45,6,-1,1,AB6335,0,2,121
T363/1,T306,16:31:05,6,-1,1,AB5996,0,2,70
T325/2,T339/2,16:31:56,6,-1,2,AB6335,0,2,40
T306,T314/2,16:32:06,6,-1,-1,AB5996,0,2,40
C671,C695,16:32:26,6,-1,-1,AB5425,0,2,80
T314/2,T318,16:33:17,6,-1,-1,AB5996,0,2,10
T339/2,T313,16:33:27,6,-1,1,AB6335,0,2,60
T313,T315,16:34:17,6,-1,1,AB6335,0,2,20
T319,T320,16:34:28,6,-1,-1,AB5996,0,2,40
C695,C672,16:35:18,6,-1,1,AB5425,1,2,141
T320,T321/2,16:35:28,6,-1,-1,AB5996,0,2,10
T315,T375,16:36:59,6,-1,1,AB6335,0,2,101
T321/2,T323,16:36:59,6,-1,1,AB5996,0,2,30
T323,T324/2,16:38:00,6,-1,1,AB5996,0,2,10
C672,C670,16:38:10,6,-1,1,AB5425,0,2,111
T375,T380,16:38:54,6,-1,1,AB6335,0,2,74
C670,C679,16:39:24,6,-1,1,AB5425,0,2,40
T324/2,T327,16:39:34,6,-1,1,AB5996,0,2,60
T380,T379,16:40:05,6,-1,1,AB6335,0,2,10
T327,T326/1,16:40:15,6,-1,1,AB5996,0,2,30
C679,C694,16:41:15,6,-1,-1,AB5425,0,2,80
T326/1,T337,16:41:25,6,-1,1,AB5996,0,2,60
T379,T359,16:41:36,6,-1,1,AB6335,0,2,20
T337,T336/2,16:42:16,6,-1,1,AB5996,0,2,30
C694,C669/2,16:42:26,6,-1,-1,AB5425,0,2,60
T359,T355/1,16:43:27,6,-1,1,AB6335,0,2,80
C669/2,C687,16:44:07,6,-1,1,AB5425,0,2,40
C687,C675,16:45:33,6,-1,1,AB5425,0,2,65
C675,C668,16:45:53,6,-1,1,AB5425,0,2,10
C668,C665,16:46:54,6,-1,1,AB5425,1,2,50
C665,C663,16:47:24,6,-1,1,AB5425,0,2,20
C663,C661,16:48:04,6,-1,1,AB5425,0,2,30
C661,C659,16:48:45,6,-1,1,AB5425,0,2,30
C688/1,C691,16:50:16,6,-1,1,AB6335,0,2,50
C659,C656,16:50:36,6,-1,1,AB5425,0,2,60
C691,C652,16:51:36,6,-1,1,AB6335,0,2,50
C656,C654/2,16:52:07,6,-1,1,AB5425,0,2,50
C652,C655,16:52:57,6,-1,1,AB6335,0,2,40
C655,C657,16:53:58,6,-1,1,AB6335,0,2,40
C654/2,C653/2,16:53:58,6,-1,1,AB5425,0,2,80
C657,C660,16:54:59,6,-1,1,AB6335,0,2,50
C653/2,C692,16:55:49,6,-1,1,AB5425,0,2,90
C660,C662,16:56:19,6,-1,1,AB6335,0,2,20
C692,C689/1,16:57:20,6,-1,1,AB5425,0,2,40
C662,C664,16:57:31,6,-1,1,AB6335,0,2,31
C664,C666,16:57:51,6,-1,1,AB6335,0,2,10
C666,C677,16:58:22,6,-1,1,AB6335,0,2,10
T336/2,T335,16:58:52,6,-1,1,AB5996,0,2,40
C677,C667,16:58:52,6,-1,1,AB6335,0,2,20
T335,T338,16:59:12,6,-1,1,AB5996,0,2,10
C667,C676,16:59:22,6,-1,-1,AB6335,0,2,20
C676,C680,17:00:23,6,-1,-1,AB6335,0,2,50
T338,T326/3,17:00:43,6,-1,-1,AB5996,0,2,60
C689/1,T360,17:00:43,6,-1,1,AB5425,0,2,131
T326/3,T332/2,17:01:54,6,-1,1,AB5996,0,2,50
C680,C669/1,17:01:54,6,-1,1,AB6335,0,2,60
T360,T376/1,17:01:54,6,-1,1,AB5425,0,2,40
T332/2,T325/2,17:03:25,6,-1,1,AB5996,0,2,70
C669/1,C693,17:03:45,6,-1,1,AB6335,0,2,80
T325/2,T339/2,17:04:25,6,-1,1,AB5996,0,2,30
T376/1,T363/1,17:05:06,6,-1,1,AB5425,0,2,111
C693,C681,17:05:26,6,-1,-1,AB6335,0,2,80
T339/2,T313,17:06:07,6,-1,1,AB5996,0,2,81
C681,C671,17:06:58,6,-1,-1,AB6335,0,2,50
T313,T315,17:07:18,6,-1,1,AB5996,0,2,20
T363/1,T306,17:07:38,6,-1,1,AB5425,0,2,90
T306,T314/2,17:08:19,6,-1,-1,AB5425,0,2,30
C671,C695,17:08:39,6,-1,-1,AB6335,0,2,90
T315,T375,17:09:09,6,-1,1,AB5996,0,2,90
T314/2,T318,17:09:39,6,-1,-1,AB5425,0,2,10
T375,T380,17:10:20,6,-1,1,AB5996,0,2,30
T318,T319,17:10:30,6,-1,-1,AB5425,0,2,10
C695,C673,17:11:00,6,-1,-1,AB6335,0,2,121
T380,T379,17:11:20,6,-1,1,AB5996,0,2,20
T319,T320,17:11:35,6,-1,-1,AB5425,0,2,44
T379,T359,17:12:05,6,-1,1,AB5996,0,2,20
C673,C672,17:12:05,6,-1,1,AB6335,0,2,30
T320,T321/2,17:12:46,6,-1,-1,AB5425,0,2,10
T359,T355/1,17:13:47,6,-1,1,AB5996,0,2,70
T321/2,T323,17:14:37,6,-1,1,AB5425,0,2,40
C672,C670,17:14:48,6,-1,1,AB6335,0,2,121
T323,T324/2,17:15:18,6,-1,1,AB5425,0,2,10
C670,C679,17:17:00,6,-1,1,AB6335,0,2,51
T324/2,T327,17:17:00,6,-1,1,AB5425,0,2,71
T327,T326/1,17:17:41,6,-1,1,AB5425,0,2,20
C679,C694,17:18:43,6,-1,-1,AB6335,0,2,82
T326/1,T337,17:19:13,6,-1,1,AB5425,0,2,61
C694,C669/2,17:19:44,6,-1,-1,AB6335,0,2,30
C688/1,C691,17:19:54,6,-1,1,AB5996,0,2,81
T337,T336/2,17:20:04,6,-1,1,AB5425,0,2,30
C691,C652,17:21:55,6,-1,1,AB5996,0,2,70
C652,C655,17:23:06,6,-1,1,AB5996,0,2,40
C669/2,C687,17:23:16,6,-1,1,AB6335,0,2,50
C655,C657,17:24:27,6,-1,1,AB5996,0,2,60
C687,C675,17:25:17,6,-1,-1,AB6335,0,2,80
C657,C660,17:25:37,6,-1,-1,AB5996,0,2,50
C675,C668,17:25:58,6,-1,-1,AB6335,0,2,20
C660,C662,17:26:18,6,-1,-1,AB5996,0,2,20
C668,C678,17:26:28,6,-1,-1,AB6335,0,2,20
C662,C664,17:26:58,6,-1,-1,AB5996,0,2,30
C678,C665,17:27:18,6,-1,-1,AB6335,0,2,20
C664,C666,17:27:29,6,-1,-1,AB5996,0,2,20
C666,C677,17:27:59,6,-1,-1,AB5996,0,2,20
C665,C663,17:28:09,6,-1,-1,AB6335,0,2,10
C677,C667,17:28:39,6,-1,-1,AB5996,0,2,20
C667,C676,17:29:10,6,-1,-1,AB5996,0,2,20
C663,C661,17:29:20,6,-1,-1,AB6335,0,2,30
C661,C659,17:29:52,6,-1,1,AB6335,0,2,20
C676,C680,17:30:23,6,-1,-1,AB5996,0,2,62
T336/2,T335,17:31:23,6,-1,1,AB5425,0,2,30
C659,C656,17:31:33,6,-1,1,AB6335,0,2,40
T335,T338,17:31:54,6,-1,1,AB5425,0,2,10
C680,C693,17:32:04,6,-1,1,AB5996,1,2,91
C656,C654/2,17:33:04,6,-1,1,AB6335,0,2,50
C693,C681,17:33:25,6,-1,-1,AB5996,0,2,70
T338,T326/3,17:33:35,6,-1,-1,AB5425,0,2,70
C681,C671,17:34:25,6,-1,-1,AB5996,0,2,40
T326/3,T332/2,17:34:35,6,-1,1,AB5425,0,2,40
C654/2,C653/2,17:35:26,6,-1,1,AB6335,0,2,121
T332/2,T325/2,17:36:57,6,-1,1,AB5425,0,2,101
C653/2,C692,17:37:07,6,-1,1,AB6335,0,2,70
C671,C673,17:37:27,6,-1,-1,AB5996,1,2,171
T325/2,T339/2,17:37:37,6,-1,1,AB5425,0,2,20
C692,C689/1,17:38:18,6,-1,1,AB6335,0,2,20
C673,C672,17:38:28,6,-1,1,AB5996,0,2,30
T339/2,T313,17:40:09,6,-1,-1,AB5425,0,2,81
T313,T315,17:41:10,6,-1,-1,AB5425,0,2,20
C689/1,T360,17:41:20,6,-1,-1,AB6335,0,2,111
C672,C670,17:41:50,6,-1,-1,AB5996,0,2,161
T315,T375,17:42:42,6,-1,-1,AB5425,0,2,72
C670,C679,17:42:42,6,-1,-1,AB5996,0,2,41
T360,T376/1,17:43:02,6,-1,-1,AB6335,0,2,62
T375,T380,17:43:53,6,-1,-1,AB5425,0,2,40
C679,C694,17:44:23,6,-1,-1,AB5996,0,2,80
T380,T379,17:44:44,6,-1,-1,AB5425,0,2,21
C694,C687,17:45:05,6,-1,-1,AB5996,1,2,20
T379,T359,17:45:15,6,-1,1,AB5425,0,2,20
T359,T355/1,17:46:25,6,-1,1,AB5425,0,2,60
C687,C675,17:47:56,6,-1,1,AB5996,0,2,161
C675,C668,17:48:57,6,-1,1,AB5996,0,2,30
C668,C678,17:49:17,6,-1,1,AB5996,0,2,10
T363/1,T306,17:49:48,6,-1,1,AB6335,0,2,60
C678,C663,17:50:28,6,-1,1,AB5996,1,2,50
C663,C661,17:51:39,6,-1,1,AB5996,0,2,30
C661,C659,17:52:09,6,-1,1,AB5996,0,2,20
C688/1,C691,17:52:19,6,-1,1,AB5425,0,2,30
T306,T314/2,17:52:50,6,-1,-1,AB6335,0,2,161
C659,C656,17:53:32,6,-1,1,AB5996,0,2,42
C656,C654/2,17:54:43,6,-1,1,AB5996,0,2,50
C691,C652,17:54:53,6,-1,1,AB5425,0,2,70
C652,C655,17:56:04,6,-1,1,AB5425,0,2,40
T318,T319,17:56:34,6,-1,-1,AB6335,0,2,101
C654/2,C653/2,17:56:54,6,-1,1,AB5996,0,2,80
C655,C657,17:57:24,6,-1,1,AB5425,0,2,50
T319,T320,17:57:35,6,-1,-1,AB6335,0,2,40
C653/2,C692,17:58:25,6,-1,1,AB5996,0,2,81
T320,T321/2,17:58:46,6,-1,-1,AB6335,0,2,10
C657,C660,17:58:56,6,-1,1,AB5425,0,2,60
C692,C689/1,17:59:36,6,-1,1,AB5996,0,2,30
C660,C664,18:00:27,6,-1,1,AB5425,1,2,70
T321/2,T323,18:00:27,6,-1,1,AB6335,0,2,40
T323,T324/2,18:01:27,6,-1,1,AB6335,0,2,10
C664,C677,18:01:37,6,-1,1,AB5425,1,2,30
C689/1,T360,18:02:08,6,-1,1,AB5996,0,2,121
C677,C667,18:02:28,6,-1,1,AB5425,0,2,20
T324/2,T327,18:02:48,6,-1,1,AB6335,0,2,70
C667,C676,18:02:58,6,-1,-1,AB5425,0,2,20
T327,T326/1,18:03:49,6,-1,1,AB6335,0,2,20
T360,T376/1,18:04:19,6,-1,1,AB5996,0,2,101
C676,C680,18:04:29,6,-1,-1,AB5425,0,2,50
T326/1,T337,18:05:00,6,-1,1,AB6335,0,2,50
C680,C669/1,18:05:30,6,-1,1,AB5425,0,2,40
T337,T336/2,18:06:00,6,-1,1,AB6335,0,2,30
C669/1,C693,18:06:54,6,-1,1,AB5425,0,2,54
T376/1,T363/1,18:07:05,6,-1,2,AB5996,0,2,156
C693,C681,18:08:16,6,-1,-1,AB5425,0,2,70
C681,C671,18:09:17,6,-1,-1,AB5425,0,2,50
T363/1,T306,18:09:47,6,-1,2,AB5996,0,2,80
C671,C695,18:10:58,6,-1,-1,AB5425,0,2,70
T306,T314/2,18:11:08,6,-1,-1,AB5996,0,2,50
T336/2,T335,18:11:58,6,-1,1,AB6335,0,2,20
C695,C673,18:12:49,6,-1,-1,AB5425,0,2,101
C673,C672,18:13:19,6,-1,1,AB5425,0,2,20
T338,T326/3,18:13:50,6,-1,-1,AB6335,0,2,60
T319,T320,18:13:50,6,-1,-1,AB5996,0,2,40
T320,T321/2,18:14:55,6,-1,-1,AB5996,0,2,20
T326/3,T332/2,18:15:05,6,-1,1,AB6335,0,2,44
C672,C670,18:16:05,6,-1,1,AB5425,0,2,125
T321/2,T323,18:16:15,6,-1,1,AB5996,0,2,40
C670,C679,18:16:57,6,-1,1,AB5425,0,2,31
T323,T324/2,18:17:07,6,-1,1,AB5996,0,2,10
T332/2,T325/2,18:18:38,6,-1,2,AB6335,0,2,163
C679,C694,18:18:48,6,-1,-1,AB5425,0,2,60
T324/2,T327,18:18:48,6,-1,1,AB5996,0,2,80
C694,C669/2,18:19:29,6,-1,-1,AB5425,0,2,20
T327,T326/1,18:19:39,6,-1,1,AB5996,0,2,20
T325/2,T339/2,18:19:59,6,-1,1,AB6335,0,2,30
T326/1,T337,18:20:50,6,-1,1,AB5996,0,2,60
T339/2,T313,18:21:45,6,-1,2,AB6335,0,2,55
C669/2,C687,18:21:45,6,-1,-1,AB5425,0,2,25
T337,T336/2,18:21:55,6,-1,1,AB5996,0,2,20
T313,T315,18:22:46,6,-1,2,AB6335,0,2,20
C687,C675,18:23:36,6,-1,-1,AB5425,0,2,70
C675,C668,18:24:07,6,-1,-1,AB5425,0,2,20
C668,C678,18:24:27,6,-1,-1,AB5425,0,2,10
T315,T375,18:25:07,6,-1,1,AB6335,0,2,121
C678,C665,18:25:37,6,-1,-1,AB5425,0,2,20
T375,T380,18:26:18,6,-1,1,AB6335,0,2,20
C665,C663,18:26:38,6,-1,-1,AB5425,0,2,20
T380,T379,18:26:58,6,-1,1,AB6335,0,2,20
C663,C661,18:27:19,6,-1,-1,AB5425,0,2,30
C661,C659,18:28:19,6,-1,1,AB5425,0,2,20
T379,T359,18:28:29,6,-1,1,AB6335,0,2,60
C659,C656,18:29:44,6,-1,1,AB5425,0,2,44
T359,T355/1,18:30:04,6,-1,1,AB6335,0,2,84
C656,C654/2,18:31:45,6,-1,1,AB5425,0,2,50
C654/2,C653/2,18:33:57,6,-1,1,AB5425,0,2,80
C653/2,C692,18:35:18,6,-1,1,AB5425,0,2,60
C688/1,C691,18:36:28,6,-1,1,AB6335,0,2,50
C692,C689/1,18:36:38,6,-1,1,AB5425,0,2,20
C691,C652,18:38:30,6,-1,1,AB6335,0,2,80
C652,C655,18:39:20,6,-1,1,AB6335,0,2,30
C689/1,T360,18:39:52,6,-1,1,AB5425,0,2,133
C655,C657,18:40:23,6,-1,1,AB6335,0,2,30
C657,C660,18:41:33,6,-1,1,AB6335,0,2,40
T360,T376/1,18:42:24,6,-1,1,AB5425,0,2,111
C660,C664,18:42:44,6,-1,1,AB6335,1,2,50
T336/2,T335,18:42:54,6,-1,1,AB5996,0,2,30
C664,C666,18:43:04,6,-1,1,AB6335,0,2,10
C666,C677,18:43:25,6,-1,1,AB6335,0,2,10
T335,T338,18:43:55,6,-1,1,AB5996,0,2,10
C677,C667,18:43:55,6,-1,1,AB6335,0,2,20
C667,C676,18:44:25,6,-1,-1,AB6335,0,2,20
T376/1,T363/1,18:45:16,6,-1,2,AB5425,0,2,162
C676,C680,18:45:26,6,-1,-1,AB6335,0,2,50
T338,T326/3,18:45:37,6,-1,-1,AB5996,0,2,60
T326/3,T332/2,18:46:27,6,-1,1,AB5996,0,2,40
T363/1,T306,18:47:18,6,-1,2,AB5425,0,2,60
T332/2,T325/2,18:48:08,6,-1,1,AB5996,0,2,80
C680,C681,18:48:39,6,-1,-1,AB6335,2,2,182
T306,T314/2,18:48:39,6,-1,-1,AB5425,0,2,40
T325/2,T339/2,18:48:49,6,-1,1,AB5996,0,2,20
C681,C671,18:49:29,6,-1,-1,AB6335,0,2,40
T339/2,T313,18:50:45,6,-1,1,AB5996,0,2,75
C671,C695,18:50:55,6,-1,-1,AB6335,0,2,75
T314/2,T318,18:50:55,6,-1,-1,AB5425,0,2,10
T313,T315,18:51:36,6,-1,2,AB5996,0,2,20
C695,C673,18:52:36,6,-1,-1,AB6335,0,2,80
T318,T319,18:52:36,6,-1,-1,AB5425,0,2,10
C673,C672,18:53:17,6,-1,1,AB6335,0,2,30
T315,T375,18:53:27,6,-1,1,AB5996,0,2,90
T319,T320,18:53:27,6,-1,-1,AB5425,0,2,40
T375,T380,18:54:27,6,-1,1,AB5996,0,2,30
T380,T379,18:54:58,6,-1,1,AB5996,0,2,20
T320,T321/2,18:54:58,6,-1,-1,AB5425,0,2,20
T379,T359,18:55:49,6,-1,1,AB5996,0,2,30
C672,C670,18:55:49,6,-1,1,AB6335,0,2,101
T321/2,T323,18:56:29,6,-1,1,AB5425,0,2,20
T359,T355/1,18:57:10,6,-1,1,AB5996,0,2,70
C670,C679,18:57:10,6,-1,1,AB6335,0,2,40
T323,T324/2,18:57:43,6,-1,1,AB5425,0,2,10
C679,C694,18:58:44,6,-1,-1,AB6335,0,2,70
C694,C669/2,18:59:34,6,-1,-1,AB6335,0,2,40
T324/2,T327,18:59:34,6,-1,1,AB5425,0,2,80
C669/2,C687,19:00:55,6,-1,1,AB6335,0,2,30
T327,T326/1,19:00:55,6,-1,1,AB5425,0,2,30
C687,C675,19:01:56,6,-1,1,AB6335,0,2,50
C675,C668,19:02:26,6,-1,1,AB6335,0,2,20
T326/1,T337,19:02:26,6,-1,1,AB5425,0,2,80
C668,C678,19:02:56,6,-1,1,AB6335,0,2,10
C688/1,C691,19:03:41,6,-1,1,AB5996,0,2,44
T337,T336/2,19:03:41,6,-1,1,AB5425,0,2,44
C678,C663,19:03:51,6,-1,1,AB6335,1,2,44
C663,C661,19:04:32,6,-1,2,AB6335,0,2,31
C691,C652,19:05:03,6,-1,1,AB5996,0,2,61
C661,C659,19:05:03,6,-1,1,AB6335,0,2,20
C659,C656,19:06:04,6,-1,1,AB6335,0,2,30
C652,C655,19:06:14,6,-1,1,AB5996,0,2,30
C656,C654/2,19:07:05,6,-1,1,AB6335,0,2,50
C655,C657,19:07:15,6,-1,1,AB5996,0,2,40
C657,C660,19:08:36,6,-1,1,AB5996,0,2,50
C654/2,C653/2,19:08:57,6,-1,2,AB6335,0,2,51
C660,C662,19:09:27,6,-1,1,AB5996,0,2,30
C653/2,C692,19:10:28,6,-1,1,AB6335,0,2,70
C662,C666,19:10:48,6,-1,1,AB5996,1,2,60
C666,C677,19:11:18,6,-1,1,AB5996,0,2,20
C692,C689/1,19:11:18,6,-1,1,AB6335,0,2,10
C677,C667,19:11:49,6,-1,1,AB5996,0,2,20
C667,C676,19:12:39,6,-1,-1,AB5996,0,2,20
C689/1,T360,19:14:34,6,-1,1,AB6335,0,2,155
C676,C669/1,19:14:55,6,-1,1,AB5996,1,2,105
T336/2,T335,19:15:55,6,-1,1,AB5425,0,2,20
C669/1,C693,19:16:26,6,-1,2,AB5996,0,2,60
T335,T338,19:16:36,6,-1,1,AB5425,0,2,10
T360,T376/1,19:16:57,6,-1,1,AB6335,0,2,101
T338,T326/3,19:17:47,6,-1,-1,AB5425,0,2,60
C693,C681,19:18:07,6,-1,-1,AB5996,0,2,70
T326/3,T332/2,19:18:38,6,-1,1,AB5425,0,2,30
C681,C671,19:19:18,6,-1,-1,AB5996,0,2,60
T376/1,T363/1,19:19:28,6,-1,1,AB6335,0,2,80
C671,C695,19:21:09,6,-1,-1,AB5996,0,2,90
T363/1,T306,19:21:29,6,-1,1,AB6335,0,2,70
T332/2,T325/2,19:21:39,6,-1,2,AB5425,0,2,131
T325/2,T339/2,19:22:10,6,-1,2,AB5425,0,2,20
C695,C673,19:23:00,6,-1,-1,AB5996,0,2,80
T306,T314/2,19:23:10,6,-1,-1,AB6335,0,2,30
T339/2,T313,19:24:23,6,-1,1,AB5425,0,2,73
T314/2,T318,19:24:23,6,-1,-1,AB6335,0,2,20
T313,T315,19:25:14,6,-1,2,AB5425,0,2,20
T319,T320,19:25:44,6,-1,-1,AB6335,0,2,40
T315,T375,19:26:35,6,-1,1,AB5425,0,2,70
T320,T321/2,19:27:15,6,-1,-1,AB6335,0,2,30
T375,T380,19:27:56,6,-1,1,AB5425,0,2,20
C670,C679,19:28:26,6,-1,1,AB5996,0,2,80
T380,T379,19:28:47,6,-1,1,AB5425,0,2,21
T321/2,T323,19:29:38,6,-1,1,AB6335,0,2,50
C679,C694,19:30:08,6,-1,-1,AB5996,0,2,80
T379,T359,19:30:28,6,-1,1,AB5425,0,2,80
T323,T324/2,19:30:38,6,-1,1,AB6335,0,2,20
C694,C669/2,19:31:09,6,-1,-1,AB5996,0,2,40
T359,T355/1,19:31:59,6,-1,1,AB5425,0,2,60
T324/2,T327,19:31:59,6,-1,1,AB6335,0,2,50
C669/2,C687,19:32:09,6,-1,1,AB5996,0,2,20
T327,T326/1,19:32:40,6,-1,1,AB6335,0,2,30
C687,C675,19:33:32,6,-1,1,AB5996,0,2,72
T326/1,T337,19:33:42,6,-1,1,AB6335,0,2,52
C675,C678,19:34:23,6,-1,1,AB5996,1,2,40
T337,T336/2,19:34:44,6,-1,1,AB6335,0,2,41
T355/1,C688/1,19:35:25,6,-1,1,AB5425,0,2,195
C678,C663,19:35:25,6,-1,-1,AB5996,1,2,50
C663,C661,19:36:05,6,-1,-1,AB5996,0,2,30
C661,C659,19:36:45,6,-1,1,AB5996,0,2,30
C688/1,C691,19:36:55,6,-1,1,AB5425,0,2,50
C659,C656,19:37:56,6,-1,1,AB5996,0,2,50
C691,C652,19:38:57,6,-1,1,AB5425,0,2,80
C656,C654/2,19:38:57,6,-1,1,AB5996,0,2,50
C652,C655,19:40:08,6,-1,2,AB5425,0,2,30
C654/2,C653/2,19:40:18,6,-1,1,AB5996,0,2,40
C655,C657,19:41:18,6,-1,1,AB5425,0,2,40
C653/2,C692,19:41:28,6,-1,1,AB5996,0,2,60
C657,C660,19:42:09,6,-1,1,AB5425,0,2,40
C660,C662,19:42:29,6,-1,1,AB5425,0,2,10
C692,C689/1,19:42:39,6,-1,1,AB5996,0,2,50
C662,C664,19:42:59,6,-1,1,AB5425,0,2,20
C664,C666,19:43:51,6,-1,1,AB5425,0,2,20
C666,C677,19:44:12,6,-1,1,AB5425,0,2,10
C677,C667,19:44:44,6,-1,1,AB5425,0,2,22
C667,C676,19:45:14,6,-1,-1,AB5425,0,2,10
C689/1,T360,19:45:54,6,-1,1,AB5996,0,2,133
C676,C680,19:46:25,6,-1,-1,AB5425,0,2,60
C680,C669/1,19:46:55,6,-1,1,AB5425,0,2,20
T360,T376/1,19:46:55,6,-1,1,AB5996,0,2,20
C669/1,C693,19:48:16,6,-1,1,AB5425,0,2,50
T376/1,T363/1,19:49:16,6,-1,1,AB5996,0,2,131
C693,C681,19:49:37,6,-1,-1,AB5425,0,2,70
C681,C695,19:51:48,6,-1,-1,AB5425,1,2,121
C695,C673,19:53:29,6,-1,-1,AB5425,0,2,90
C673,C672,19:54:10,6,-1,1,AB5425,0,2,30
T306,T314/2,19:55:05,6,-1,-1,AB5996,0,2,45
T314/2,T318,19:56:06,6,-1,-1,AB5996,0,2,10
C672,C670,19:56:36,6,-1,1,AB5425,0,2,111
T318,T319,19:56:56,6,-1,-1,AB5996,0,2,10
C670,C679,19:57:27,6,-1,1,AB5425,0,2,30
T319,T320,19:58:32,6,-1,-1,AB5996,0,2,41
C679,C694,19:58:53,6,-1,-1,AB5425,0,2,61
C694,C669/2,19:59:34,6,-1,-1,AB5425,0,2,31
T320,T321/2,19:59:34,6,-1,-1,AB5996,0,2,11
C669/2,C687,20:00:35,6,-1,-1,AB5425,0,2,30
T321/2,T323,20:00:55,6,-1,-1,AB5996,0,2,40
T323,T324/2,20:01:25,6,-1,-1,AB5996,0,2,10
C687,C675,20:02:06,6,-1,-1,AB5425,0,2,50
C675,C668,20:02:46,6,-1,-1,AB5425,0,2,30
C668,C678,20:03:06,6,-1,-1,AB5425,0,2,10
T324/2,T327,20:03:26,6,-1,-1,AB5996,0,2,90
C678,C665,20:04:07,6,-1,-1,AB5425,0,2,20
T327,T326/1,20:04:07,6,-1,-1,AB5996,0,2,20
C665,C663,20:04:27,6,-1,-1,AB5425,0,2,10
C663,C661,20:05:08,6,-1,2,AB5425,0,2,20
C661,C659,20:05:48,6,-1,1,AB5425,0,2,30
T326/1,T337,20:05:48,6,-1,1,AB5996,0,2,90
C659,C656,20:06:39,6,-1,1,AB5425,0,2,40
T337,T336/2,20:06:39,6,-1,1,AB5996,0,2,40
C656,C654/2,20:07:39,6,-1,1,AB5425,0,2,50
C654/2,C653/2,20:09:32,6,-1,1,AB5425,0,2,60
C653/2,C692,20:10:53,6,-1,1,AB5425,0,2,70
C692,C689/1,20:11:55,6,-1,1,AB5425,0,2,20
C689/1,T360,20:15:17,6,-1,1,AB5425,0,2,161
T360,T363/1,20:18:34,6,-1,1,AB5425,1,2,157
T363/1,T306,20:20:36,6,-1,1,AB5425,0,2,60
T306,T314/2,20:21:26,6,-1,-1,AB5425,0,2,30
T314/2,T318,20:22:47,6,-1,-1,AB5425,0,2,20
T318,T319,20:23:07,6,-1,-1,AB5425,0,2,10
T319,T320,20:23:58,6,-1,-1,AB5425,0,2,40
T320,T321/2,20:24:48,6,-1,-1,AB5425,0,2,10
T321/2,T323,20:25:39,6,-1,1,AB5425,0,2,20
T323,T324/2,20:26:50,6,-1,1,AB5425,0,2,10
T324/2,T327,20:28:10,6,-1,1,AB5425,0,2,70
T327,T326/1,20:28:44,6,-1,1,AB5425,0,2,23
T326/1,T337,20:30:15,6,-1,1,AB5425,0,2,60
T337,T336/2,20:31:00,6,-1,1,AB5425,0,2,35
T336/2,T335,5:30:59,0,-1,1,AB6353,0,2,30
T335,T338,5:31:50,0,-1,1,AB6353,0,2,20
T338,T326/3,5:32:51,0,-1,-1,AB6353,0,2,51
T326/3,T332/2,5:33:44,0,-1,1,AB6353,0,2,32
T332/2,T325/2,5:35:05,0,-1,1,AB6353,0,2,50
T325/2,T339/2,5:36:06,0,-1,1,AB6353,0,2,20
T339/2,T313,5:37:17,0,-1,1,AB6353,0,2,40
T313,T315,5:38:17,0,-1,1,AB6353,0,2,10
T315,T375,5:39:58,0,-1,1,AB6353,0,2,60
T375,T380,5:41:19,0,-1,1,AB6353,0,2,60
T380,T379,5:42:10,0,-1,1,AB6353,0,2,10
T379,T355/1,5:44:05,0,-1,1,AB6353,1,2,104
C688/1,C691,5:49:48,0,-1,1,AB6353,0,2,80
C691,C652,5:51:39,0,-1,1,AB6353,0,2,80
C652,C655,5:52:20,0,-1,1,AB6353,0,2,30
C655,C657,5:53:12,0,-1,-1,AB6353,0,2,40
C657,C660,5:54:23,0,-1,-1,AB6353,0,2,40
C660,C662,5:55:24,0,-1,-1,AB6353,0,2,20
C662,C664,5:56:04,0,-1,-1,AB6353,0,2,30
C664,C666,5:56:24,0,-1,-1,AB6353,0,2,10
C666,C677,5:56:55,0,-1,-1,AB6353,0,2,20
C677,C676,5:58:16,0,-1,-1,AB6353,1,2,50
C676,C680,5:59:26,0,-1,-1,AB6353,0,2,60
C680,C669/1,6:00:57,0,-1,-1,AB6353,0,2,50
C669/1,C693,6:02:18,0,-1,-1,AB6353,0,2,60
C693,C681,6:03:39,0,-1,-1,AB6353,0,2,70
C681,C671,6:04:41,0,-1,-1,AB6353,0,2,51
T336/2,T335,6:05:54,0,-1,1,AB6335,0,2,20
T335,T338,6:06:34,0,-1,-1,AB6335,0,2,10
C671,C695,6:06:34,0,-1,-1,AB6353,0,2,82
T338,T326/3,6:08:05,0,-1,-1,AB6335,0,2,50
C695,C673,6:08:46,0,-1,-1,AB6353,0,2,101
T326/3,T332/2,6:09:26,0,-1,1,AB6335,0,2,40
C673,C672,6:10:37,0,-1,-1,AB6353,0,2,30
T332/2,T325/2,6:10:57,0,-1,1,AB6335,0,2,50
T325/2,T339/2,6:11:38,0,-1,1,AB6335,0,2,10
T339/2,T313,6:12:48,0,-1,1,AB6335,0,2,40
C672,C670,6:13:29,0,-1,-1,AB6353,0,2,131
T313,T315,6:13:59,0,-1,1,AB6335,0,2,20
C670,C679,6:14:19,0,-1,-1,AB6353,0,2,40
T315,T375,6:15:20,0,-1,1,AB6335,0,2,70
C679,C694,6:15:54,0,-1,-1,AB6353,0,2,84
T375,T380,6:16:24,0,-1,1,AB6335,0,2,30
C694,C669/2,6:16:44,0,-1,-1,AB6353,0,2,40
T380,T379,6:17:04,0,-1,1,AB6335,0,2,10
C669/2,C687,6:17:35,0,-1,-1,AB6353,0,2,30
T379,T359,6:17:55,0,-1,1,AB6335,0,2,20
T359,T355/1,6:19:16,0,-1,1,AB6335,0,2,50
C687,C675,6:20:16,0,-1,-1,AB6353,0,2,70
C675,C668,6:20:47,0,-1,-1,AB6353,0,2,20
C668,C678,6:21:17,0,-1,-1,AB6353,0,2,20
C678,C665,6:21:47,0,-1,-1,AB6353,0,2,20
C665,C663,6:22:18,0,-1,-1,AB6353,0,2,20
C663,C661,6:22:48,0,-1,-1,AB6353,0,2,20
C661,C659,6:23:28,0,-1,1,AB6353,0,2,30
C659,C656,6:24:39,0,-1,1,AB6353,0,2,40
C656,C654/2,6:25:54,0,-1,1,AB6353,0,2,44
C688/1,C691,6:26:24,0,-1,1,AB6335,0,2,74
C654/2,C653/2,6:27:25,0,-1,1,AB6353,0,2,60
C691,C652,6:28:37,0,-1,1,AB6335,0,2,102
C653/2,C692,6:29:17,0,-1,1,AB6353,0,2,102
C652,C655,6:29:37,0,-1,1,AB6335,0,2,20
C692,C689/1,6:30:28,0,-1,1,AB6353,0,2,50
C655,C657,6:31:09,0,-1,-1,AB6335,0,2,50
C657,C660,6:32:19,0,-1,-1,AB6335,0,2,40
C660,C662,6:33:10,0,-1,-1,AB6335,0,2,20
C662,C664,6:34:04,0,-1,-1,AB6335,0,2,20
C689/1,T360,6:34:04,0,-1,1,AB6353,0,2,135
C664,C666,6:34:55,0,-1,-1,AB6335,0,2,10
C666,C677,6:35:45,0,-1,-1,AB6335,0,2,40
T360,T376/1,6:35:55,0,-1,1,AB6353,0,2,70
C677,C667,6:36:46,0,-1,-1,AB6335,0,2,30
T376/1,T363/1,6:38:07,0,-1,1,AB6353,0,2,121
C667,C680,6:38:27,0,-1,-1,AB6335,1,2,80
C680,C669/1,6:38:57,0,-1,1,AB6335,0,2,20
T363/1,T306,6:38:57,0,-1,1,AB6353,0,2,40
T306,T314/2,6:39:38,0,-1,-1,AB6353,0,2,30
T336/2,T335,6:40:28,0,-1,1,AB5996,0,2,10
C669/1,C693,6:40:38,0,-1,1,AB6335,0,2,60
T318,T319,6:40:48,0,-1,-1,AB6353,0,2,30
C693,C681,6:41:49,0,-1,-1,AB6335,0,2,60
T319,T320,6:41:59,0,-1,-1,AB6353,0,2,40
T338,T326/3,6:42:19,0,-1,-1,AB5996,0,2,50
T320,T321/2,6:42:40,0,-1,-1,AB6353,0,2,10
C681,C671,6:43:10,0,-1,-1,AB6335,0,2,40
T326/3,T332/2,6:43:20,0,-1,1,AB5996,0,2,40
T321/2,T323,6:43:40,0,-1,1,AB6353,0,2,20
T323,T324/2,6:44:11,0,-1,1,AB6353,0,2,10
C671,C695,6:44:34,0,-1,-1,AB6335,0,2,74
T332/2,T325/2,6:44:44,0,-1,1,AB5996,0,2,54
T325/2,T339/2,6:45:05,0,-1,1,AB5996,0,2,10
T324/2,T327,6:45:25,0,-1,1,AB6353,0,2,50
C695,C673,6:46:15,0,-1,-1,AB6335,0,2,70
T339/2,T313,6:46:25,0,-1,1,AB5996,0,2,50
T327,T326/1,6:46:25,0,-1,1,AB6353,0,2,30
T313,T315,6:47:06,0,-1,1,AB5996,0,2,20
C673,C672,6:47:06,0,-1,-1,AB6335,0,2,20
T326/1,T337,6:47:36,0,-1,1,AB6353,0,2,60
T315,T375,6:48:27,0,-1,1,AB5996,0,2,50
T337,T336/2,6:48:37,0,-1,1,AB6353,0,2,30
C672,C670,6:49:27,0,-1,-1,AB6335,0,2,121
T375,T380,6:49:48,0,-1,1,AB5996,0,2,60
C670,C679,6:50:08,0,-1,-1,AB6335,0,2,30
T380,T379,6:50:38,0,-1,1,AB5996,0,2,20
C679,C694,6:52:09,0,-1,-1,AB6335,0,2,80
T379,T355/1,6:52:19,0,-1,1,AB5996,1,2,90
C694,C669/2,6:52:50,0,-1,-1,AB6335,0,2,30
C669/2,C687,6:54:02,0,-1,-1,AB6335,0,2,30
C687,C675,6:55:23,0,-1,1,AB6335,0,2,50
C675,C668,6:55:53,0,-1,1,AB6335,0,2,20
C668,C678,6:56:14,0,-1,1,AB6335,0,2,10
C678,C665,6:56:45,0,-1,1,AB6335,0,2,21
C665,C663,6:57:05,0,-1,1,AB6335,0,2,10
C688/1,C691,6:57:25,0,-1,1,AB5996,0,2,30
C663,C661,6:57:46,0,-1,1,AB6335,0,2,30
C661,C659,6:58:36,0,-1,1,AB6335,0,2,20
C691,C652,6:59:17,0,-1,1,AB5996,0,2,80
C659,C656,6:59:57,0,-1,1,AB6335,0,2,40
C652,C655,7:00:17,0,-1,-1,AB5996,0,2,30
C656,C654/2,7:00:47,0,-1,-1,AB6335,0,2,40
C655,C657,7:01:08,0,-1,-1,AB5996,0,2,40
C657,C660,7:01:58,0,-1,-1,AB5996,0,2,40
C654/2,C653/2,7:02:39,0,-1,-1,AB6335,0,2,90
C660,C662,7:02:49,0,-1,-1,AB5996,0,2,20
C662,C664,7:03:29,0,-1,-1,AB5996,0,2,30
C653/2,C692,7:04:10,0,-1,-1,AB6335,0,2,80
C664,C666,7:04:20,0,-1,-1,AB5996,0,2,20
C666,C677,7:04:43,0,-1,-1,AB5996,0,2,10
C677,C667,7:05:14,0,-1,1,AB5996,0,2,20
C692,C689/1,7:05:44,0,-1,1,AB6335,0,2,84
C667,C676,7:06:04,0,-1,-1,AB5996,0,2,20
T336/2,T335,7:06:14,0,-1,1,AB6353,0,2,10
T335,T338,7:06:55,0,-1,1,AB6353,0,2,10
C676,C680,7:07:05,0,-1,-1,AB5996,0,2,50
C680,C669/1,7:07:55,0,-1,1,AB5996,0,2,40
T338,T326/3,7:08:26,0,-1,-1,AB6353,0,2,60
T326/3,T332/2,7:09:06,0,-1,1,AB6353,0,2,30
C669/1,C693,7:09:06,0,-1,1,AB5996,0,2,50
C689/1,T360,7:09:16,0,-1,1,AB6335,0,2,131
C693,C681,7:10:27,0,-1,-1,AB5996,0,2,70
T332/2,T325/2,7:10:37,0,-1,1,AB6353,0,2,50
T325/2,T339/2,7:11:07,0,-1,1,AB6353,0,2,20
T360,T376/1,7:11:18,0,-1,1,AB6335,0,2,90
C681,C671,7:11:48,0,-1,-1,AB5996,0,2,50
T339/2,T313,7:12:39,0,-1,1,AB6353,0,2,50
C671,C695,7:13:19,0,-1,-1,AB5996,0,2,80
T313,T315,7:13:29,0,-1,1,AB6353,0,2,20
T376/1,T363/1,7:13:29,0,-1,1,AB6335,0,2,121
T363/1,T306,7:14:40,0,-1,1,AB6335,0,2,40
C695,C673,7:14:50,0,-1,-1,AB5996,0,2,80
T315,T375,7:15:00,0,-1,1,AB6353,0,2,60
C673,C672,7:15:20,0,-1,-1,AB5996,0,2,20
T306,T314/2,7:15:44,0,-1,-1,AB6335,0,2,33
T375,T380,7:16:04,0,-1,1,AB6353,0,2,30
T380,T379,7:16:34,0,-1,1,AB6353,0,2,10
T318,T319,7:16:34,0,-1,-1,AB6335,0,2,10
T379,T359,7:17:04,0,-1,1,AB6353,0,2,20
T319,T320,7:17:15,0,-1,-1,AB6335,0,2,30
C672,C670,7:17:45,0,-1,-1,AB5996,0,2,121
T359,T355/1,7:18:15,0,-1,1,AB6353,0,2,60
T320,T321/2,7:18:15,0,-1,-1,AB6335,0,2,20
C670,C679,7:18:46,0,-1,-1,AB5996,0,2,30
T321/2,T323,7:18:56,0,-1,1,AB6335,0,2,20
T323,T324/2,7:19:46,0,-1,1,AB6335,0,2,10
C679,C694,7:20:17,0,-1,-1,AB5996,0,2,80
C694,C669/2,7:21:07,0,-1,-1,AB5996,0,2,30
T324/2,T327,7:21:07,0,-1,1,AB6335,0,2,60
C669/2,C687,7:21:48,0,-1,1,AB5996,0,2,20
T327,T326/1,7:21:58,0,-1,1,AB6335,0,2,20
T326/1,T337,7:23:09,0,-1,1,AB6335,0,2,60
C687,C675,7:23:19,0,-1,2,AB5996,0,2,60
T337,T336/2,7:23:39,0,-1,1,AB6335,0,2,20
C688/1,C691,7:24:09,0,-1,1,AB6353,0,2,60
C675,C678,7:24:19,0,-1,1,AB5996,1,2,50
C678,C665,7:24:50,0,-1,1,AB5996,0,2,20
C665,C663,7:25:20,0,-1,1,AB5996,0,2,20
C691,C652,7:25:58,0,-1,1,AB6353,0,2,88
C663,C661,7:25:58,0,-1,1,AB5996,0,2,24
C652,C655,7:26:49,0,-1,1,AB6353,0,2,30
C661,C659,7:27:09,0,-1,1,AB5996,0,2,50
C659,C656,7:28:00,0,-1,1,AB5996,0,2,40
C655,C657,7:28:10,0,-1,1,AB6353,0,2,50
C657,C660,7:29:02,0,-1,1,AB6353,0,2,42
C656,C654/2,7:29:02,0,-1,1,AB5996,0,2,52
C660,C664,7:30:14,0,-1,1,AB6353,1,2,51
C664,C666,7:30:55,0,-1,1,AB6353,0,2,10
C654/2,C653/2,7:30:55,0,-1,1,AB5996,0,2,102
C666,C667,7:31:47,0,-1,1,AB6353,1,2,42
C653/2,C692,7:32:18,0,-1,1,AB5996,0,2,52
C667,C676,7:32:38,0,-1,-1,AB6353,0,2,20
C676,C680,7:33:59,0,-1,-1,AB6353,0,2,60
C680,C669/1,7:34:29,0,-1,1,AB6353,0,2,20
C692,C689/1,7:34:59,0,-1,1,AB5996,0,2,90
T336/2,T335,7:35:10,0,-1,1,AB6335,0,2,20
T335,T338,7:35:45,0,-1,1,AB6335,0,2,10
C669/1,C693,7:35:55,0,-1,1,AB6353,0,2,55
T338,T326/3,7:37:16,0,-1,-1,AB6335,0,2,60
C693,C681,7:37:16,0,-1,-1,AB6353,0,2,70
C689/1,T360,7:37:26,0,-1,1,AB5996,0,2,101
T326/3,T332/2,7:38:07,0,-1,1,AB6335,0,2,40
C681,C671,7:38:17,0,-1,-1,AB6353,0,2,40
T360,T376/1,7:39:18,0,-1,1,AB5996,0,2,60
T332/2,T325/2,7:39:48,0,-1,1,AB6335,0,2,50
C671,C695,7:39:48,0,-1,-1,AB6353,0,2,80
T325/2,T339/2,7:40:38,0,-1,1,AB6335,0,2,10
T376/1,T363/1,7:40:48,0,-1,1,AB5996,0,2,80
C695,C673,7:41:19,0,-1,-1,AB6353,0,2,80
T363/1,T306,7:42:09,0,-1,1,AB5996,0,2,50
T339/2,T313,7:42:19,0,-1,1,AB6335,0,2,60
C673,C672,7:42:19,0,-1,1,AB6353,0,2,30
T306,T314/2,7:42:50,0,-1,-1,AB5996,0,2,30
T313,T315,7:43:32,0,-1,1,AB6335,0,2,21
T318,T319,7:44:12,0,-1,-1,AB5996,0,2,10
T315,T375,7:44:44,0,-1,1,AB6335,0,2,61
T319,T320,7:44:54,0,-1,-1,AB5996,0,2,31
C672,C670,7:45:04,0,-1,-1,AB6353,0,2,123
T375,T380,7:45:44,0,-1,1,AB6335,0,2,30
C670,C679,7:45:44,0,-1,-1,AB6353,0,2,30
T380,T379,7:46:25,0,-1,1,AB6335,0,2,10
T321/2,T323,7:46:25,0,-1,1,AB5996,0,2,30
T379,T359,7:47:15,0,-1,1,AB6335,0,2,20
C679,C694,7:47:15,0,-1,-1,AB6353,0,2,81
T323,T324/2,7:47:15,0,-1,1,AB5996,0,2,20
C694,C669/2,7:48:26,0,-1,-1,AB6353,0,2,30
T359,T355/1,7:48:36,0,-1,1,AB6335,0,2,50
T324/2,T327,7:48:46,0,-1,1,AB5996,0,2,60
C669/2,C687,7:49:17,0,-1,1,AB6353,0,2,20
T327,T326/1,7:49:37,0,-1,1,AB5996,0,2,30
T326/1,T337,7:50:48,0,-1,1,AB5996,0,2,60
C687,C675,7:51:08,0,-1,-1,AB6353,0,2,80
C675,C668,7:51:28,0,-1,3,AB6353,0,2,10
T337,T336/2,7:51:38,0,-1,1,AB5996,0,2,20
C668,C665,7:52:19,0,-1,3,AB6353,1,2,40
C665,C663,7:52:49,0,-1,1,AB6353,0,2,20
C663,C661,7:53:19,0,-1,1,AB6353,0,2,20
C661,C659,7:53:50,0,-1,1,AB6353,0,2,20
C659,C656,7:55:13,0,-1,1,AB6353,0,2,30
C688/1,C691,7:55:23,0,-1,1,AB6335,0,2,72
C656,C654/2,7:56:14,0,-1,1,AB6353,0,2,51
C691,C652,7:57:15,0,-1,1,AB6335,0,2,60
C654/2,C653/2,7:58:16,0,-1,1,AB6353,0,2,91
C652,C655,7:58:26,0,-1,1,AB6335,0,2,30
C655,C657,8:00:07,0,-1,1,AB6335,0,2,50
C653/2,C692,8:00:07,0,-1,1,AB6353,0,2,101
C657,C660,8:01:08,0,-1,2,AB6335,0,2,40
C660,C662,8:02:00,0,-1,1,AB6335,0,2,21
C662,C664,8:02:42,0,-1,1,AB6335,0,2,32
C664,C666,8:03:02,0,-1,1,AB6335,0,2,10
C692,C689/1,8:03:02,0,-1,1,AB6353,0,2,62
C666,C677,8:03:23,0,-1,1,AB6335,0,2,10
C677,C667,8:04:13,0,-1,1,AB6335,0,2,20
C667,C676,8:05:04,0,-1,-1,AB6335,0,2,20
C676,C680,8:06:05,0,-1,-1,AB6335,0,2,50
C689/1,T360,8:06:35,0,-1,1,AB6353,0,2,172
C680,C669/1,8:06:55,0,-1,1,AB6335,0,2,20
T360,T376/1,8:08:06,0,-1,1,AB6353,0,2,60
T376/1,T363/1,8:09:07,0,-1,1,AB6353,0,2,40
C669/1,C681,8:09:27,0,-1,-1,AB6335,1,2,131
T336/2,T335,8:10:17,0,-1,1,AB5996,0,2,30
T363/1,T306,8:10:48,0,-1,1,AB6353,0,2,70
T306,T314/2,8:11:38,0,-1,-1,AB6353,0,2,40
C681,C695,8:12:39,0,-1,-1,AB6335,1,2,151
T338,T326/3,8:12:59,0,-1,-1,AB5996,0,2,80
T326/3,T332/2,8:14:10,0,-1,1,AB5996,0,2,50
C695,C673,8:14:10,0,-1,-1,AB6335,0,2,81
T319,T320,8:14:35,0,-1,-1,AB6353,0,2,24
C673,C672,8:15:46,0,-1,-1,AB6335,0,2,40
T320,T321/2,8:15:46,0,-1,-1,AB6353,0,2,20
T321/2,T323,8:17:37,0,-1,1,AB6353,0,2,30
T323,T324/2,8:17:57,0,-1,1,AB6353,0,2,10
C672,C670,8:18:58,0,-1,-1,AB6335,0,2,131
C670,C679,8:19:39,0,-1,-1,AB6335,0,2,30
T324/2,T327,8:20:39,0,-1,1,AB6353,0,2,131
C679,C694,8:21:43,0,-1,-1,AB6335,0,2,74
C694,C669/2,8:22:34,0,-1,-1,AB6335,0,2,30
T325/2,T339/2,8:22:44,0,-1,2,AB5996,0,2,20
T327,T337,8:23:25,0,-1,1,AB6353,1,2,144
C669/2,C687,8:23:45,0,-1,-1,AB6335,0,2,30
T337,T336/2,8:24:15,0,-1,1,AB6353,0,2,30
T339/2,T313,8:24:36,0,-1,1,AB5996,0,2,61
C687,C675,8:24:57,0,-1,1,AB6335,0,2,62
C675,C668,8:25:17,0,-1,1,AB6335,0,2,10
C668,C663,8:26:38,0,-1,1,AB6335,2,2,70
C663,C659,8:27:49,0,-1,1,AB6335,1,2,60
T313,T375,8:27:59,0,-1,1,AB5996,1,2,151
C659,C656,8:29:00,0,-1,1,AB6335,0,2,30
T375,T380,8:29:33,0,-1,1,AB5996,0,2,53
T380,T379,8:30:24,0,-1,1,AB5996,0,2,20
C656,C654/2,8:30:24,0,-1,1,AB6335,0,2,50
T379,T359,8:31:45,0,-1,1,AB5996,0,2,60
C654/2,C653/2,8:32:36,0,-1,1,AB6335,0,2,70
T359,T355/1,8:32:56,0,-1,1,AB5996,0,2,60
C653/2,C692,8:34:27,0,-1,1,AB6335,0,2,101
T336/2,T335,8:34:57,0,-1,1,AB6353,0,2,30
T335,T338,8:35:28,0,-1,1,AB6353,0,2,10
C692,C689/1,8:35:38,0,-1,1,AB6335,0,2,20
T338,T326/3,8:37:10,0,-1,-1,AB6353,0,2,71
T326/3,T332/2,8:38:04,0,-1,2,AB6353,0,2,30
C688/1,C691,8:38:34,0,-1,1,AB5996,0,2,30
C689/1,T360,8:38:55,0,-1,1,AB6335,0,2,136
T360,T376/1,8:40:36,0,-1,1,AB6335,0,2,80
C691,C652,8:41:26,0,-1,1,AB5996,0,2,121
C652,C655,8:42:37,0,-1,1,AB5996,0,2,30
T376/1,T363/1,8:42:57,0,-1,2,AB6335,0,2,111
T325/2,T339/2,8:43:17,0,-1,2,AB6353,0,2,20
C655,C657,8:43:58,0,-1,1,AB5996,0,2,50
T363/1,T306,8:44:28,0,-1,2,AB6335,0,2,60
C657,C660,8:44:59,0,-1,1,AB5996,0,2,40
T339/2,T313,8:45:09,0,-1,1,AB6353,0,2,70
T306,T314/2,8:45:29,0,-1,-1,AB6335,0,2,40
C660,C662,8:45:49,0,-1,1,AB5996,0,2,20
T313,T315,8:46:33,0,-1,2,AB6353,0,2,33
C662,C664,8:46:33,0,-1,1,AB5996,0,2,33
C664,C677,8:47:14,0,-1,1,AB5996,1,2,30
T318,T319,8:47:14,0,-1,-1,AB6335,0,2,10
T319,T320,8:48:05,0,-1,-1,AB6335,0,2,20
C677,C676,8:48:26,0,-1,-1,AB5996,1,2,50
T315,T375,8:48:56,0,-1,1,AB6353,0,2,112
T320,T321/2,8:48:56,0,-1,-1,AB6335,0,2,10
C676,C680,8:49:26,0,-1,-1,AB5996,0,2,50
T375,T380,8:49:57,0,-1,1,AB6353,0,2,30
C680,C669/1,8:50:07,0,-1,1,AB5996,0,2,20
T321/2,T323,8:50:07,0,-1,1,AB6335,0,2,20
T380,T379,8:50:27,0,-1,1,AB6353,0,2,10
T323,T324/2,8:50:37,0,-1,1,AB6335,0,2,10
T379,T359,8:51:07,0,-1,1,AB6353,0,2,10
C669/1,C693,8:51:07,0,-1,1,AB5996,0,2,40
T359,T355/1,8:52:28,0,-1,1,AB6353,0,2,70
T324/2,T327,8:53:08,0,-1,1,AB6335,0,2,121
C693,C671,8:53:49,0,-1,-1,AB5996,1,2,121
T327,T326/1,8:53:49,0,-1,1,AB6335,0,2,30
C671,C695,8:55:20,0,-1,-1,AB5996,0,2,80
T326/1,T337,8:55:20,0,-1,1,AB6335,0,2,80
T355/1,C688/1,8:56:10,0,-1,1,AB6353,0,2,192
T337,T336/2,8:56:20,0,-1,1,AB6335,0,2,30
C695,C673,8:57:05,0,-1,-1,AB5996,0,2,84
C673,C672,8:57:46,0,-1,1,AB5996,0,2,30
C688/1,C691,8:58:26,0,-1,1,AB6353,0,2,90
C691,C652,9:00:07,0,-1,1,AB6353,0,2,50
C672,C670,9:00:37,0,-1,1,AB5996,0,2,111
C652,C655,9:01:08,0,-1,1,AB6353,0,2,30
C670,C679,9:01:28,0,-1,1,AB5996,0,2,30
C655,C657,9:02:29,0,-1,1,AB6353,0,2,40
C679,C694,9:02:59,0,-1,-1,AB5996,0,2,80
C657,C660,9:03:39,0,-1,1,AB6353,0,2,40
C694,C669/2,9:03:39,0,-1,-1,AB5996,0,2,30
C660,C662,9:04:31,0,-1,1,AB6353,0,2,21
C669/2,C687,9:04:41,0,-1,1,AB5996,0,2,31
C662,C664,9:05:11,0,-1,1,AB6353,0,2,30
C664,C666,9:05:32,0,-1,1,AB6353,0,2,10
C666,C677,9:06:12,0,-1,1,AB6353,0,2,30
C687,C675,9:06:12,0,-1,1,AB5996,0,2,60
C677,C667,9:06:44,0,-1,1,AB6353,0,2,10
C675,C668,9:06:44,0,-1,1,AB5996,0,2,21
C668,C678,9:07:04,0,-1,1,AB5996,0,2,10
C667,C676,9:07:14,0,-1,-1,AB6353,0,2,20
C678,C665,9:07:35,0,-1,1,AB5996,0,2,20
C676,C680,9:08:35,0,-1,-1,AB6353,0,2,60
C665,C661,9:08:35,0,-1,2,AB5996,1,2,50
C680,C669/1,9:09:06,0,-1,1,AB6353,0,2,20
C661,C659,9:09:06,0,-1,1,AB5996,0,2,20
C669/1,C693,9:10:16,0,-1,1,AB6353,0,2,50
C659,C656,9:10:26,0,-1,1,AB5996,0,2,40
T336/2,T335,9:10:47,0,-1,1,AB6335,0,2,30
C656,C654/2,9:11:27,0,-1,1,AB5996,0,2,50
T335,T338,9:11:37,0,-1,1,AB6335,0,2,10
C693,C681,9:11:57,0,-1,-1,AB6353,0,2,70
T338,T326/3,9:12:58,0,-1,-1,AB6335,0,2,70
C681,C671,9:12:58,0,-1,-1,AB6353,0,2,50
C654/2,C653/2,9:13:38,0,-1,1,AB5996,0,2,90
T326/3,T332/2,9:14:09,0,-1,1,AB6335,0,2,50
C671,C695,9:14:29,0,-1,-1,AB6353,0,2,80
C653/2,C692,9:15:40,0,-1,1,AB5996,0,2,111
T332/2,T325/2,9:15:50,0,-1,1,AB6335,0,2,50
C695,C673,9:16:10,0,-1,-1,AB6353,0,2,90
T325/2,T339/2,9:16:42,0,-1,1,AB6335,0,2,10
C673,C672,9:17:13,0,-1,1,AB6353,0,2,52
C692,C689/1,9:17:23,0,-1,1,AB5996,0,2,62
T339/2,T313,9:18:23,0,-1,1,AB6335,0,2,60
T313,T315,9:19:25,0,-1,2,AB6335,0,2,10
C689/1,T360,9:20:05,0,-1,1,AB5996,0,2,121
T315,T375,9:21:26,0,-1,1,AB6335,0,2,81
T375,T380,9:22:27,0,-1,1,AB6335,0,2,20
C670,C679,9:22:27,0,-1,1,AB6353,0,2,40
T360,T376/1,9:22:27,0,-1,1,AB5996,0,2,131
T380,T379,9:23:28,0,-1,1,AB6335,0,2,20
C679,C669/2,9:24:59,0,-1,-1,AB6353,1,2,131
T376/1,T363/1,9:24:59,0,-1,1,AB5996,0,2,141
C669/2,C687,9:25:59,0,-1,-1,AB6353,0,2,20
T379,T355/1,9:26:09,0,-1,1,AB6335,1,2,121
T363/1,T306,9:26:09,0,-1,1,AB5996,0,2,50
T306,T314/2,9:26:50,0,-1,-1,AB5996,0,2,30
C687,C675,9:27:10,0,-1,1,AB6353,0,2,60
C675,C668,9:27:42,0,-1,1,AB6353,0,2,22
C668,C678,9:28:02,0,-1,1,AB6353,0,2,10
T318,T319,9:28:12,0,-1,-1,AB5996,0,2,10
C678,C665,9:28:34,0,-1,1,AB6353,0,2,21
C665,C663,9:28:54,0,-1,1,AB6353,0,2,10
T319,T320,9:29:14,0,-1,-1,AB5996,0,2,40
C663,C661,9:29:34,0,-1,1,AB6353,0,2,30
C661,C659,9:30:10,0,-1,1,AB6353,0,2,20
T320,T321/2,9:30:20,0,-1,-1,AB5996,0,2,10
C659,C656,9:31:04,0,-1,1,AB6353,0,2,30
T321/2,T323,9:31:24,0,-1,1,AB5996,0,2,30
C688/1,C691,9:31:55,0,-1,1,AB6335,0,2,80
C656,C654/2,9:32:05,0,-1,1,AB6353,0,2,50
T323,T324/2,9:32:35,0,-1,1,AB5996,0,2,10
C654/2,C653/2,9:33:26,0,-1,1,AB6353,0,2,60
T324/2,T327,9:33:46,0,-1,1,AB5996,0,2,60
C691,C652,9:34:27,0,-1,1,AB6335,0,2,101
T327,T326/1,9:34:27,0,-1,1,AB5996,0,2,20
C653/2,C692,9:34:37,0,-1,1,AB6353,0,2,50
C652,C655,9:35:27,0,-1,1,AB6335,0,2,30
T326/1,T337,9:35:27,0,-1,1,AB5996,0,2,50
T337,T336/2,9:36:18,0,-1,1,AB5996,0,2,30
C655,C657,9:36:28,0,-1,1,AB6335,0,2,50
C692,C689/1,9:37:08,0,-1,1,AB6353,0,2,131
C657,C660,9:37:18,0,-1,1,AB6335,0,2,40
C660,C666,9:39:10,0,-1,1,AB6335,2,2,90
C666,C677,9:39:30,0,-1,1,AB6335,0,2,10
C677,C667,9:40:20,0,-1,-1,AB6335,0,2,20
C689/1,T360,9:40:44,0,-1,1,AB6353,0,2,164
T336/2,T335,9:41:04,0,-1,1,AB5996,0,2,20
C667,C676,9:41:04,0,-1,-1,AB6335,0,2,20
T335,T338,9:41:24,0,-1,1,AB5996,0,2,10
C676,C680,9:42:25,0,-1,-1,AB6335,0,2,50
T360,T376/1,9:42:35,0,-1,1,AB6353,0,2,80
T338,T326/3,9:42:45,0,-1,-1,AB5996,0,2,60
T326/3,T332/2,9:43:35,0,-1,1,AB5996,0,2,40
C680,C669/1,9:43:35,0,-1,1,AB6335,0,2,40
T376/1,T363/1,9:44:46,0,-1,1,AB6353,0,2,100
C669/1,C693,9:44:56,0,-1,1,AB6335,0,2,60
T332/2,T325/2,9:45:26,0,-1,1,AB5996,0,2,50
T325/2,T339/2,9:46:17,0,-1,1,AB5996,0,2,30
T363/1,T306,9:46:17,0,-1,1,AB6353,0,2,60
T306,T314/2,9:46:47,0,-1,-1,AB6353,0,2,20
C693,C671,9:47:08,0,-1,-1,AB6335,1,2,121
T339/2,T313,9:47:38,0,-1,1,AB5996,0,2,60
T318,T319,9:48:08,0,-1,-1,AB6353,0,2,50
T313,T315,9:48:18,0,-1,1,AB5996,0,2,20
C671,C695,9:48:38,0,-1,-1,AB6335,0,2,80
T319,T320,9:48:59,0,-1,-1,AB6353,0,2,40
T320,T321/2,9:49:39,0,-1,-1,AB6353,0,2,10
T315,T375,9:49:59,0,-1,1,AB5996,0,2,90
C695,C672,9:51:00,0,-1,3,AB6335,1,2,131
T375,T380,9:51:20,0,-1,1,AB5996,0,2,30
T380,T379,9:52:01,0,-1,1,AB5996,0,2,20
T321/2,T323,9:52:21,0,-1,1,AB6353,0,2,40
T379,T359,9:52:54,0,-1,1,AB5996,0,2,20
T323,T324/2,9:53:04,0,-1,1,AB6353,0,2,20
C672,C670,9:54:15,0,-1,3,AB6335,0,2,144
T359,T355/1,9:54:47,0,-1,1,AB5996,0,2,92
T324/2,T327,9:54:47,0,-1,1,AB6353,0,2,72
T327,T326/1,9:55:17,0,-1,1,AB6353,0,2,20
C670,C679,9:55:57,0,-1,3,AB6335,0,2,30
T326/1,T337,9:56:28,0,-1,1,AB6353,0,2,60
C679,C694,9:57:18,0,-1,-1,AB6335,0,2,70
T337,T336/2,9:57:38,0,-1,1,AB6353,0,2,30
C694,C669/2,9:58:09,0,-1,-1,AB6335,0,2,30
C669/2,C687,9:59:29,0,-1,1,AB6335,0,2,30
C688/1,C691,10:00:20,0,-1,1,AB5996,0,2,20
C687,C675,10:01:00,0,-1,1,AB6335,0,2,60
C675,C668,10:01:34,0,-1,1,AB6335,0,2,23
C668,C678,10:01:54,0,-1,1,AB6335,0,2,10
C691,C652,10:02:14,0,-1,1,AB5996,0,2,63
C678,C665,10:02:34,0,-1,1,AB6335,0,2,30
C665,C663,10:02:55,0,-1,1,AB6335,0,2,10
C652,C655,10:03:15,0,-1,1,AB5996,0,2,30
C655,C657,10:04:05,0,-1,1,AB5996,0,2,40
C663,C659,10:04:15,0,-1,1,AB6335,1,2,70
C657,C660,10:04:56,0,-1,1,AB5996,0,2,40
C660,C662,10:05:26,0,-1,1,AB5996,0,2,20
C659,C656,10:05:37,0,-1,1,AB6335,0,2,40
T336/2,T335,10:05:57,0,-1,1,AB5457,0,2,40
C662,C664,10:06:07,0,-1,1,AB5996,0,2,30
C664,C666,10:06:27,0,-1,1,AB5996,0,2,10
T335,T338,10:06:47,0,-1,1,AB5457,0,2,10
C666,C677,10:06:47,0,-1,1,AB5996,0,2,10
C656,C654/2,10:06:57,0,-1,1,AB6335,0,2,50
C677,C667,10:07:18,0,-1,1,AB5996,0,2,20
T338,T326/3,10:07:58,0,-1,-1,AB5457,0,2,60
C667,C676,10:07:58,0,-1,-1,AB5996,0,2,10
T326/3,T332/2,10:08:59,0,-1,1,AB5457,0,2,40
C654/2,C653/2,10:08:59,0,-1,1,AB6335,0,2,111
C676,C680,10:09:09,0,-1,-1,AB5996,0,2,60
C653/2,C692,10:09:49,0,-1,1,AB6335,0,2,40
C680,C669/1,10:09:59,0,-1,1,AB5996,0,2,20
T332/2,T325/2,10:11:00,0,-1,1,AB5457,0,2,70
C692,C689/1,10:11:00,0,-1,1,AB6335,0,2,30
C669/1,C693,10:11:10,0,-1,1,AB5996,0,2,50
T325/2,T339/2,10:12:13,0,-1,1,AB5457,0,2,40
C693,C681,10:12:34,0,-1,-1,AB5996,0,2,73
T339/2,T313,10:13:45,0,-1,1,AB5457,0,2,60
C681,C671,10:13:55,0,-1,-1,AB5996,0,2,60
C689/1,T360,10:14:15,0,-1,1,AB6335,0,2,162
T313,T315,10:14:35,0,-1,1,AB5457,0,2,20
C671,C695,10:15:36,0,-1,-1,AB5996,0,2,80
T315,T375,10:16:16,0,-1,1,AB5457,0,2,80
T360,T376/1,10:16:16,0,-1,1,AB6335,0,2,90
T375,T380,10:17:37,0,-1,1,AB5457,0,2,40
C695,C672,10:18:07,0,-1,1,AB5996,1,2,121
T376/1,T363/1,10:18:27,0,-1,1,AB6335,0,2,121
T379,T359,10:18:58,0,-1,1,AB5457,0,2,20
T359,T355/1,10:20:29,0,-1,1,AB5457,0,2,80
C672,C670,10:20:29,0,-1,1,AB5996,0,2,131
T363/1,T314/2,10:20:39,0,-1,-1,AB6335,1,2,111
C670,C679,10:21:19,0,-1,1,AB5996,0,2,40
T318,T319,10:22:00,0,-1,-1,AB6335,0,2,60
T319,T320,10:22:50,0,-1,-1,AB6335,0,2,40
C679,C694,10:23:00,0,-1,-1,AB5996,0,2,90
C694,C669/2,10:23:45,0,-1,-1,AB5996,0,2,34
T321/2,T323,10:24:35,0,-1,1,AB6335,0,2,30
C669/2,C687,10:24:45,0,-1,1,AB5996,0,2,30
T323,T324/2,10:25:26,0,-1,1,AB6335,0,2,20
C687,C675,10:25:56,0,-1,1,AB5996,0,2,60
C675,C668,10:26:26,0,-1,1,AB5996,0,2,20
T324/2,T327,10:26:57,0,-1,1,AB6335,0,2,70
C688/1,C691,10:27:07,0,-1,1,AB5457,0,2,40
C668,C678,10:27:07,0,-1,1,AB5996,0,2,10
C678,C665,10:27:37,0,-1,1,AB5996,0,2,20
T327,T326/1,10:27:47,0,-1,1,AB6335,0,2,20
C665,C663,10:28:18,0,-1,1,AB5996,0,2,30
C663,C661,10:28:58,0,-1,1,AB5996,0,2,30
C691,C652,10:29:24,0,-1,1,AB5457,0,2,96
T326/1,T337,10:29:24,0,-1,1,AB6335,0,2,66
C661,C659,10:29:39,0,-1,1,AB5996,0,2,25
T337,T336/2,10:29:59,0,-1,1,AB6335,0,2,20
C652,C655,10:30:21,0,-1,1,AB5457,0,2,41
C659,C656,10:30:42,0,-1,1,AB5996,0,2,53
C656,C654/2,10:31:37,0,-1,1,AB5996,0,2,44
C655,C660,10:32:08,0,-1,1,AB5457,1,2,96
C654/2,C653/2,10:33:00,0,-1,1,AB5996,0,2,52
C660,C662,10:33:21,0,-1,1,AB5457,0,2,21
C662,C664,10:34:03,0,-1,1,AB5457,0,2,30
C664,C666,10:34:33,0,-1,1,AB5457,0,2,20
C666,C677,10:34:53,0,-1,1,AB5457,0,2,10
C653/2,C692,10:34:53,0,-1,1,AB5996,0,2,102
C677,C676,10:35:54,0,-1,-1,AB5457,1,2,50
C692,C689/1,10:36:04,0,-1,1,AB5996,0,2,40
T336/2,T335,10:36:46,0,-1,1,AB6353,0,2,21
C676,C680,10:37:06,0,-1,-1,AB5457,0,2,61
T335,T338,10:37:36,0,-1,1,AB6353,0,2,40
C680,C669/1,10:38:07,0,-1,-1,AB5457,0,2,30
T338,T326/3,10:39:07,0,-1,-1,AB6353,0,2,70
C689/1,T360,10:39:17,0,-1,1,AB5996,0,2,111
C669/1,C693,10:39:38,0,-1,-1,AB5457,0,2,50
T326/3,T332/2,10:39:58,0,-1,1,AB6353,0,2,30
C693,C681,10:40:58,0,-1,-1,AB5457,0,2,70
T332/2,T325/2,10:41:33,0,-1,1,AB6353,0,2,64
T360,T376/1,10:41:33,0,-1,1,AB5996,0,2,105
C681,C671,10:42:13,0,-1,-1,AB5457,0,2,53
T325/2,T339/2,10:42:44,0,-1,1,AB6353,0,2,20
T376/1,T363/1,10:42:54,0,-1,1,AB5996,0,2,40
C671,C695,10:43:44,0,-1,-1,AB5457,0,2,80
T339/2,T313,10:44:25,0,-1,1,AB6353,0,2,60
T363/1,T306,10:44:25,0,-1,1,AB5996,0,2,70
T306,T314/2,10:45:15,0,-1,-1,AB5996,0,2,30
T313,T315,10:45:45,0,-1,1,AB6353,0,2,20
C695,C673,10:46:16,0,-1,-1,AB5457,0,2,100
T318,T319,10:46:56,0,-1,-1,AB5996,0,2,10
T315,T375,10:47:26,0,-1,1,AB6353,0,2,70
C673,C672,10:47:26,0,-1,1,AB5457,0,2,40
T319,T320,10:48:07,0,-1,-1,AB5996,0,2,40
T320,T321/2,10:48:57,0,-1,-1,AB5996,0,2,10
T375,T380,10:49:07,0,-1,1,AB6353,0,2,70
T380,T379,10:49:48,0,-1,1,AB6353,0,2,20
T379,T359,10:50:28,0,-1,1,AB6353,0,2,30
C672,C670,10:50:48,0,-1,1,AB5457,0,2,151
T321/2,T323,10:50:48,0,-1,1,AB5996,0,2,70
C670,C679,10:51:39,0,-1,1,AB5457,0,2,30
T359,T355/1,10:51:50,0,-1,1,AB6353,0,2,71
T323,T324/2,10:51:50,0,-1,1,AB5996,0,2,20
T324/2,T327,10:52:55,0,-1,1,AB5996,0,2,54
C679,C694,10:53:35,0,-1,-1,AB5457,0,2,85
T327,T326/1,10:53:35,0,-1,1,AB5996,0,2,30
T326/1,T337,10:54:36,0,-1,1,AB5996,0,2,50
C694,C669/2,10:54:56,0,-1,-1,AB5457,0,2,40
T337,T336/2,10:55:26,0,-1,1,AB5996,0,2,30
C669/2,C687,10:56:06,0,-1,1,AB5457,0,2,30
C687,C675,10:57:48,0,-1,1,AB5457,0,2,70
C688/1,C691,10:58:28,0,-1,1,AB6353,0,2,70
C675,C668,10:58:48,0,-1,1,AB5457,0,2,30
C668,C678,10:59:19,0,-1,1,AB5457,0,2,10
C678,C665,10:59:59,0,-1,1,AB5457,0,2,30
C691,C652,11:00:09,0,-1,1,AB6353,0,2,70
C665,C661,11:01:10,0,-1,1,AB5457,1,2,60
C652,C655,11:01:34,0,-1,1,AB6353,0,2,44
C661,C659,11:01:44,0,-1,1,AB5457,0,2,24
C655,C657,11:02:45,0,-1,-1,AB6353,0,2,50
C659,C656,11:03:46,0,-1,1,AB5457,0,2,80
C657,C660,11:03:56,0,-1,1,AB6353,0,2,60
C660,C662,11:04:46,0,-1,1,AB6353,0,2,20
C656,C654/2,11:04:56,0,-1,1,AB5457,0,2,50
C662,C664,11:05:27,0,-1,-1,AB6353,0,2,30
C664,C666,11:05:47,0,-1,-1,AB6353,0,2,10
C666,C677,11:06:17,0,-1,-1,AB6353,0,2,20
C654/2,C653/2,11:06:58,0,-1,1,AB5457,0,2,91
C677,C667,11:07:08,0,-1,-1,AB6353,0,2,30
C667,C676,11:07:38,0,-1,-1,AB6353,0,2,20
C653/2,C692,11:08:30,0,-1,1,AB5457,0,2,81
C676,C680,11:09:00,0,-1,-1,AB6353,0,2,61
C692,C689/1,11:09:43,0,-1,1,AB5457,0,2,10
C680,C669/1,11:10:13,0,-1,1,AB6353,0,2,40
T336/2,T335,11:11:24,0,-1,1,AB6335,0,2,40
C669/1,C693,11:11:45,0,-1,1,AB6353,0,2,60
T335,T338,11:12:35,0,-1,1,AB6335,0,2,20
C693,C681,11:13:05,0,-1,-1,AB6353,0,2,70
C681,C671,11:14:06,0,-1,-1,AB6353,0,2,50
T338,T326/3,11:14:16,0,-1,-1,AB6335,0,2,60
T326/3,T332/2,11:15:37,0,-1,1,AB6335,0,2,50
C671,C695,11:15:57,0,-1,-1,AB6353,0,2,90
T360,T376/1,11:17:08,0,-1,1,AB5457,0,2,111
T332/2,T325/2,11:17:38,0,-1,1,AB6335,0,2,80
C695,C673,11:17:38,0,-1,-1,AB6353,0,2,90
T325/2,T339/2,11:18:39,0,-1,1,AB6335,0,2,20
T376/1,T363/1,11:20:00,0,-1,1,AB5457,0,2,90
T339/2,T313,11:20:20,0,-1,1,AB6335,0,2,60
C673,C672,11:20:55,0,-1,1,AB6353,0,2,176
T313,T315,11:21:15,0,-1,1,AB6335,0,2,20
T363/1,T306,11:21:35,0,-1,1,AB5457,0,2,50
T306,T314/2,11:22:46,0,-1,-1,AB5457,0,2,40
T315,T375,11:23:16,0,-1,1,AB6335,0,2,70
C672,C670,11:24:06,0,-1,1,AB6353,0,2,151
T314/2,T318,11:24:06,0,-1,-1,AB5457,0,2,10
T375,T380,11:24:37,0,-1,1,AB6335,0,2,30
T380,T379,11:25:27,0,-1,1,AB6335,0,2,20
C670,C679,11:25:27,0,-1,1,AB6353,0,2,30
T319,T320,11:25:37,0,-1,-1,AB5457,0,2,30
T320,T321/2,11:26:38,0,-1,-1,AB5457,0,2,10
T379,T359,11:26:58,0,-1,1,AB6335,0,2,70
C679,C694,11:27:09,0,-1,-1,AB6353,0,2,80
C694,C669/2,11:28:09,0,-1,-1,AB6353,0,2,40
T321/2,T323,11:28:09,0,-1,1,AB5457,0,2,50
T359,T355/1,11:28:19,0,-1,1,AB6335,0,2,70
C669/2,C687,11:29:00,0,-1,1,AB6353,0,2,20
T323,T324/2,11:29:20,0,-1,1,AB5457,0,2,10
C687,C675,11:30:46,0,-1,1,AB6353,0,2,71
T324/2,T327,11:30:46,0,-1,1,AB5457,0,2,71
C675,C668,11:31:16,0,-1,1,AB6353,0,2,20
T327,T326/1,11:31:46,0,-1,1,AB5457,0,2,30
C668,C678,11:32:07,0,-1,1,AB6353,0,2,10
C678,C665,11:32:57,0,-1,1,AB6353,0,2,20
T326/1,T337,11:32:57,0,-1,1,AB5457,0,2,50
C665,C663,11:33:28,0,-1,1,AB6353,0,2,20
T337,T336/2,11:33:48,0,-1,1,AB5457,0,2,30
C663,C661,11:34:08,0,-1,1,AB6353,0,2,30
C661,C659,11:34:49,0,-1,1,AB6353,0,2,30
C659,C656,11:35:59,0,-1,1,AB6353,0,2,40
C691,C652,11:36:42,0,-1,1,AB6335,0,2,42
C656,C654/2,11:37:12,0,-1,1,AB6353,0,2,62
C652,C655,11:37:22,0,-1,1,AB6335,0,2,30
C655,C657,11:38:34,0,-1,1,AB6335,0,2,40
C654/2,C653/2,11:38:44,0,-1,1,AB6353,0,2,70
C657,C660,11:39:24,0,-1,1,AB6335,0,2,40
C660,C662,11:39:55,0,-1,1,AB6335,0,2,20
C662,C666,11:41:07,0,-1,1,AB6335,1,2,52
C666,C677,11:41:28,0,-1,1,AB6335,0,2,10
C653/2,C692,11:41:28,0,-1,1,AB6353,0,2,82
C677,C667,11:41:58,0,-1,1,AB6335,0,2,20
C667,C676,11:42:38,0,-1,-1,AB6335,0,2,10
C676,C680,11:43:43,0,-1,-1,AB6335,0,2,54
C692,C689/1,11:43:53,0,-1,1,AB6353,0,2,135
C680,C669/1,11:44:34,0,-1,1,AB6335,0,2,21
C669/1,C693,11:46:06,0,-1,1,AB6335,0,2,60
T336/2,T335,11:46:16,0,-1,1,AB5996,0,2,10
T335,T338,11:46:46,0,-1,1,AB5996,0,2,10
C689/1,T360,11:47:06,0,-1,1,AB6353,0,2,141
C693,C681,11:47:27,0,-1,-1,AB6335,0,2,70
T338,T326/3,11:47:57,0,-1,-1,AB5996,0,2,60
T360,T376/1,11:48:07,0,-1,1,AB6353,0,2,20
T326/3,T332/2,11:48:38,0,-1,1,AB5996,0,2,30
C681,C671,11:48:38,0,-1,-1,AB6335,0,2,41
T376/1,T363/1,11:49:59,0,-1,1,AB6353,0,2,80
T332/2,T325/2,11:50:19,0,-1,1,AB5996,0,2,60
C671,C695,11:50:39,0,-1,-1,AB6335,0,2,80
T325/2,T339/2,11:50:59,0,-1,1,AB5996,0,2,20
T363/1,T306,11:51:32,0,-1,1,AB6353,0,2,63
C695,C673,11:52:03,0,-1,-1,AB6335,0,2,73
T339/2,T313,11:52:43,0,-1,1,AB5996,0,2,70
T306,T314/2,11:52:43,0,-1,-1,AB6353,0,2,40
C673,C672,11:53:03,0,-1,1,AB6335,0,2,30
T313,T315,11:53:54,0,-1,1,AB5996,0,2,20
T318,T319,11:54:45,0,-1,-1,AB6353,0,2,20
T315,T375,11:55:55,0,-1,1,AB5996,0,2,111
T319,T320,11:55:55,0,-1,-1,AB6353,0,2,40
C672,C670,11:56:46,0,-1,1,AB6335,0,2,121
T320,T321/2,11:57:16,0,-1,-1,AB6353,0,2,20
C670,C679,11:57:36,0,-1,1,AB6335,0,2,30
T375,T380,11:57:57,0,-1,1,AB5996,0,2,70
T380,T379,11:58:37,0,-1,1,AB5996,0,2,10
T321/2,T323,11:58:57,0,-1,1,AB6353,0,2,50
C679,C694,11:59:17,0,-1,-1,AB6335,0,2,80
T323,T324/2,11:59:48,0,-1,1,AB6353,0,2,10
C694,C669/2,12:00:08,0,-1,-1,AB6335,0,2,40
T379,T359,12:00:28,0,-1,1,AB5996,0,2,70
C669/2,C687,12:00:58,0,-1,1,AB6335,0,2,20
T324/2,T327,12:00:58,0,-1,1,AB6353,0,2,50
T359,T355/1,12:01:39,0,-1,1,AB5996,0,2,60
C687,C675,12:02:29,0,-1,1,AB6335,0,2,60
C675,C668,12:03:00,0,-1,1,AB6335,0,2,20
T327,T337,12:03:10,0,-1,1,AB6353,1,2,101
C668,C678,12:03:20,0,-1,1,AB6335,0,2,10
C678,C663,12:04:15,0,-1,1,AB6335,1,2,40
T337,T336/2,12:04:15,0,-1,1,AB6353,0,2,40
C663,C661,12:05:06,0,-1,1,AB6335,0,2,30
C661,C659,12:05:36,0,-1,1,AB6335,0,2,20
C659,C656,12:06:37,0,-1,1,AB6335,0,2,40
C688/1,C691,12:07:37,0,-1,1,AB5996,0,2,70
C656,C654/2,12:07:37,0,-1,1,AB6335,0,2,50
C691,C652,12:09:09,0,-1,1,AB5996,0,2,60
C654/2,C653/2,12:09:29,0,-1,1,AB6335,0,2,81
C652,C655,12:10:40,0,-1,1,AB5996,0,2,40
C653/2,C692,12:10:40,0,-1,1,AB6335,0,2,50
C692,C689/1,12:11:33,0,-1,1,AB6335,0,2,13
C655,C657,12:11:54,0,-1,1,AB5996,0,2,53
C657,C660,12:12:44,0,-1,1,AB5996,0,2,40
C660,C662,12:13:25,0,-1,1,AB5996,0,2,20
C662,C664,12:14:15,0,-1,1,AB5996,0,2,30
C689/1,T360,12:14:26,0,-1,1,AB6335,0,2,131
C664,C666,12:14:56,0,-1,1,AB5996,0,2,20
C666,C677,12:15:16,0,-1,1,AB5996,0,2,10
C677,C667,12:15:47,0,-1,1,AB5996,0,2,20
T360,T376/1,12:16:07,0,-1,1,AB6335,0,2,81
C667,C676,12:16:17,0,-1,-1,AB5996,0,2,20
C676,C680,12:17:08,0,-1,-1,AB5996,0,2,40
C680,C669/1,12:17:48,0,-1,1,AB5996,0,2,30
T376/1,T363/1,12:18:08,0,-1,1,AB6335,0,2,40
C669/1,C693,12:18:59,0,-1,1,AB5996,0,2,50
T336/2,T335,12:20:40,0,-1,1,AB6353,0,2,20
C693,C681,12:20:40,0,-1,-1,AB5996,0,2,80
T363/1,T314/2,12:20:40,0,-1,-1,AB6335,1,2,111
T335,T338,12:21:20,0,-1,1,AB6353,0,2,10
C681,C671,12:21:41,0,-1,-1,AB5996,0,2,51
T314/2,T318,12:22:12,0,-1,-1,AB6335,0,2,10
T318,T319,12:22:43,0,-1,-1,AB6335,0,2,10
T338,T326/3,12:22:53,0,-1,-1,AB6353,0,2,62
C671,C695,12:23:14,0,-1,-1,AB5996,0,2,82
T326/3,T332/2,12:24:04,0,-1,1,AB6353,0,2,60
T319,T320,12:24:04,0,-1,-1,AB6335,0,2,50
C695,C673,12:24:46,0,-1,-1,AB5996,0,2,81
T320,T321/2,12:25:16,0,-1,-1,AB6335,0,2,10
C673,C672,12:25:36,0,-1,1,AB5996,0,2,30
T332/2,T325/2,12:26:17,0,-1,1,AB6353,0,2,101
T321/2,T323,12:26:37,0,-1,1,AB6335,0,2,30
T325/2,T339/2,12:27:07,0,-1,1,AB6353,0,2,20
T323,T324/2,12:27:07,0,-1,1,AB6335,0,2,10
T324/2,T327,12:28:28,0,-1,1,AB6335,0,2,60
T339/2,T313,12:28:38,0,-1,1,AB6353,0,2,70
C672,C670,12:28:38,0,-1,1,AB5996,0,2,121
T313,T315,12:29:29,0,-1,1,AB6353,0,2,20
C670,C679,12:29:29,0,-1,1,AB5996,0,2,40
T327,T326/1,12:29:29,0,-1,1,AB6335,0,2,20
T326/1,T337,12:30:39,0,-1,1,AB6335,0,2,50
C679,C694,12:31:00,0,-1,-1,AB5996,0,2,80
T315,T375,12:31:10,0,-1,1,AB6353,0,2,80
T337,T336/2,12:31:20,0,-1,1,AB6335,0,2,30
C694,C669/2,12:31:52,0,-1,-1,AB5996,0,2,42
T375,T380,12:32:03,0,-1,1,AB6353,0,2,20
C669/2,C687,12:32:33,0,-1,1,AB5996,0,2,20
T380,T379,12:32:43,0,-1,1,AB6353,0,2,10
C687,C675,12:33:55,0,-1,1,AB5996,0,2,61
T379,T359,12:34:16,0,-1,1,AB6353,0,2,71
C675,C668,12:34:26,0,-1,1,AB5996,0,2,20
C668,C678,12:34:46,0,-1,1,AB5996,0,2,10
T359,T355/1,12:35:17,0,-1,1,AB6353,0,2,50
C678,C665,12:35:17,0,-1,1,AB5996,0,2,20
C665,C663,12:35:47,0,-1,1,AB5996,0,2,20
C663,C661,12:36:27,0,-1,1,AB5996,0,2,30
C661,C659,12:37:08,0,-1,1,AB5996,0,2,30
C659,C656,12:38:39,0,-1,1,AB5996,0,2,40
C656,C654/2,12:39:39,0,-1,1,AB5996,0,2,50
C688/1,C691,12:41:02,0,-1,1,AB6353,0,2,62
C654/2,C653/2,12:41:32,0,-1,1,AB5996,0,2,60
C691,C652,12:43:24,0,-1,1,AB6353,0,2,111
C653/2,C692,12:44:14,0,-1,1,AB5996,0,2,151
C652,C655,12:44:24,0,-1,1,AB6353,0,2,30
C692,C689/1,12:45:25,0,-1,1,AB5996,0,2,50
C655,C657,12:45:55,0,-1,1,AB6353,0,2,50
C657,C660,12:46:56,0,-1,1,AB6353,0,2,50
C660,C662,12:47:57,0,-1,1,AB6353,0,2,50
C689/1,T360,12:48:07,0,-1,1,AB5996,0,2,121
C662,C664,12:48:37,0,-1,1,AB6353,0,2,30
C664,C666,12:49:08,0,-1,1,AB6353,0,2,20
C666,C677,12:49:28,0,-1,1,AB6353,0,2,10
T360,T376/1,12:49:28,0,-1,1,AB5996,0,2,60
C677,C667,12:50:08,0,-1,1,AB6353,0,2,20
C667,C676,12:50:39,0,-1,-1,AB6353,0,2,20
T376/1,T363/1,12:51:49,0,-1,1,AB5996,0,2,131
C676,C680,12:52:09,0,-1,-1,AB6353,0,2,60
C680,C669/1,12:53:00,0,-1,1,AB6353,0,2,30
T363/1,T306,12:53:42,0,-1,1,AB5996,0,2,82
C669/1,C693,12:54:33,0,-1,1,AB6353,0,2,71
T336/2,T335,12:54:53,0,-1,1,AB6335,0,2,20
T306,T314/2,12:54:53,0,-1,-1,AB5996,0,2,60
T335,T338,12:56:03,0,-1,1,AB6335,0,2,10
C693,C681,12:56:03,0,-1,-1,AB6353,0,2,80
T314/2,T318,12:56:14,0,-1,-1,AB5996,0,2,10
T318,T319,12:56:44,0,-1,-1,AB5996,0,2,10
C681,C671,12:57:14,0,-1,-1,AB6353,0,2,60
T338,T326/3,12:57:55,0,-1,-1,AB6335,0,2,60
T319,T320,12:58:05,0,-1,-1,AB5996,0,2,60
C671,C695,12:58:55,0,-1,-1,AB6353,0,2,91
T326/3,T332/2,12:59:05,0,-1,1,AB6335,0,2,40
T320,T321/2,12:59:46,0,-1,-1,AB5996,0,2,10
C695,C673,13:00:46,0,-1,-1,AB6353,0,2,101
T332/2,T325/2,13:00:57,0,-1,1,AB6335,0,2,70
T321/2,T323,13:01:27,0,-1,1,AB5996,0,2,40
T325/2,T339/2,13:01:37,0,-1,1,AB6335,0,2,20
C673,C672,13:01:47,0,-1,1,AB6353,0,2,50
T323,T324/2,13:02:17,0,-1,1,AB5996,0,2,10
T339/2,T313,13:03:28,0,-1,1,AB6335,0,2,70
T324/2,T327,13:03:48,0,-1,1,AB5996,0,2,70
T313,T315,13:04:39,0,-1,1,AB6335,0,2,20
T327,T326/1,13:04:39,0,-1,1,AB5996,0,2,30
T315,T375,13:06:10,0,-1,1,AB6335,0,2,80
T326/1,T337,13:06:10,0,-1,1,AB5996,0,2,70
T337,T336/2,13:06:50,0,-1,1,AB5996,0,2,20
T375,T380,13:07:21,0,-1,1,AB6335,0,2,20
C670,C679,13:07:21,0,-1,1,AB6353,0,2,50
T380,T379,13:08:14,0,-1,1,AB6335,0,2,10
C679,C694,13:09:04,0,-1,-1,AB6353,0,2,91
C694,C669/2,13:09:55,0,-1,-1,AB6353,0,2,40
T379,T355/1,13:10:15,0,-1,1,AB6335,1,2,101
C669/2,C687,13:10:56,0,-1,-1,AB6353,0,2,30
C687,C675,13:12:37,0,-1,-1,AB6353,0,2,70
C675,C668,13:13:07,0,-1,1,AB6353,0,2,20
C668,C678,13:13:37,0,-1,1,AB6353,0,2,20
C678,C665,13:14:08,0,-1,1,AB6353,0,2,20
C665,C663,13:14:58,0,-1,1,AB6353,0,2,20
C663,C661,13:16:09,0,-1,1,AB6353,0,2,40
C688/1,C691,13:16:39,0,-1,1,AB6335,0,2,70
C661,C659,13:16:49,0,-1,1,AB6353,0,2,30
C659,C656,13:18:23,0,-1,1,AB6353,0,2,40
C691,C652,13:18:33,0,-1,1,AB6335,0,2,72
C656,C654/2,13:19:34,0,-1,1,AB6353,0,2,50
C652,C655,13:19:44,0,-1,1,AB6335,0,2,30
C655,C657,13:21:15,0,-1,1,AB6335,0,2,50
C654/2,C653/2,13:21:15,0,-1,1,AB6353,0,2,50
C657,C660,13:22:05,0,-1,1,AB6335,0,2,40
C660,C664,13:23:56,0,-1,1,AB6335,1,2,60
C653/2,C692,13:23:56,0,-1,1,AB6353,0,2,111
C692,C689/1,13:25:17,0,-1,1,AB6353,0,2,40
C664,C677,13:25:27,0,-1,1,AB6335,1,2,40
C677,C676,13:26:18,0,-1,-1,AB6335,1,2,40
T336/2,T335,13:27:09,0,-1,1,AB5996,0,2,20
C676,C680,13:27:49,0,-1,-1,AB6335,0,2,60
C689/1,T360,13:28:09,0,-1,1,AB6353,0,2,121
T338,T326/3,13:29:00,0,-1,-1,AB5996,0,2,60
C680,C669/1,13:29:20,0,-1,1,AB6335,0,2,60
T326/3,T332/2,13:30:03,0,-1,1,AB5996,0,2,42
T360,T376/1,13:30:03,0,-1,1,AB6353,0,2,83
C669/1,C693,13:30:43,0,-1,1,AB6335,0,2,60
C693,C681,13:32:04,0,-1,-1,AB6335,0,2,70
T332/2,T325/2,13:32:14,0,-1,1,AB5996,0,2,60
T376/1,T363/1,13:32:34,0,-1,1,AB6353,0,2,131
T325/2,T339/2,13:32:55,0,-1,1,AB5996,0,2,20
C681,C671,13:33:15,0,-1,-1,AB6335,0,2,50
C671,C695,13:34:46,0,-1,-1,AB6335,0,2,80
T363/1,T306,13:34:56,0,-1,1,AB6353,0,2,90
T339/2,T313,13:35:06,0,-1,1,AB5996,0,2,70
T313,T315,13:36:17,0,-1,1,AB5996,0,2,30
T306,T318,13:36:37,0,-1,-1,AB6353,1,2,60
C695,C672,13:36:47,0,-1,1,AB6335,1,2,111
T318,T319,13:38:28,0,-1,-1,AB6353,0,2,80
T315,T375,13:38:58,0,-1,1,AB5996,0,2,121
T319,T320,13:39:39,0,-1,-1,AB6353,0,2,60
C672,C670,13:39:49,0,-1,1,AB6335,0,2,151
T320,T321/2,13:40:40,0,-1,-1,AB6353,0,2,10
T375,T380,13:40:50,0,-1,1,AB5996,0,2,70
C670,C679,13:41:00,0,-1,1,AB6335,0,2,30
T380,T379,13:41:43,0,-1,1,AB5996,0,2,10
T379,T359,13:42:13,0,-1,1,AB5996,0,2,20
T321/2,T323,13:42:13,0,-1,1,AB6353,0,2,40
T323,T324/2,13:43:04,0,-1,1,AB6353,0,2,10
C679,C694,13:43:14,0,-1,-1,AB6335,0,2,90
T359,T355/1,13:43:34,0,-1,1,AB5996,0,2,70
C694,C669/2,13:44:04,0,-1,-1,AB6335,0,2,40
T324/2,T327,13:44:35,0,-1,1,AB6353,0,2,60
C669/2,C687,13:45:05,0,-1,1,AB6335,0,2,30
T327,T326/1,13:45:35,0,-1,1,AB6353,0,2,30
T355/1,C688/1,13:46:58,0,-1,1,AB5996,0,2,193
T326/1,T337,13:47:08,0,-1,1,AB6353,0,2,82
C687,C668,13:47:18,0,-1,1,AB6335,1,2,92
C668,C678,13:47:38,0,-1,1,AB6335,0,2,10
C678,C665,13:48:08,0,-1,1,AB6335,0,2,20
T337,T336/2,13:48:08,0,-1,1,AB6353,0,2,30
C688/1,C691,13:48:19,0,-1,1,AB5996,0,2,50
C665,C663,13:48:29,0,-1,1,AB6335,0,2,10
C663,C661,13:49:20,0,-1,1,AB6335,0,2,40
C661,C659,13:49:50,0,-1,1,AB6335,0,2,20
C691,C652,13:50:00,0,-1,1,AB5996,0,2,50
C659,C656,13:51:04,0,-1,1,AB6335,0,2,43
C652,C655,13:51:14,0,-1,1,AB5996,0,2,40
C656,C654/2,13:52:04,0,-1,1,AB6335,0,2,50
C655,C657,13:52:36,0,-1,1,AB5996,0,2,52
C657,C660,13:53:37,0,-1,1,AB5996,0,2,50
C654/2,C653/2,13:53:57,0,-1,1,AB6335,0,2,92
C660,C662,13:54:18,0,-1,1,AB5996,0,2,20
C662,C666,13:55:28,0,-1,1,AB5996,1,2,60
C666,C677,13:55:48,0,-1,1,AB5996,0,2,10
C653/2,C692,13:56:19,0,-1,1,AB6335,0,2,131
C677,C667,13:56:29,0,-1,1,AB5996,0,2,20
C667,C680,13:57:51,0,-1,-1,AB5996,1,2,71
C692,C689/1,13:58:21,0,-1,1,AB6335,0,2,71
C680,C669/1,13:58:44,0,-1,1,AB5996,0,2,23
C669/1,C693,13:59:55,0,-1,1,AB5996,0,2,50
C693,C681,14:01:26,0,-1,-1,AB5996,0,2,80
C689/1,T360,14:01:56,0,-1,1,AB6335,0,2,191
T360,T376/1,14:02:47,0,-1,1,AB6335,0,2,30
T336/2,T335,14:03:47,0,-1,1,AB6353,0,2,10
C681,C695,14:03:57,0,-1,-1,AB5996,1,2,131
T376/1,T363/1,14:04:28,0,-1,1,AB6335,0,2,90
T335,T338,14:04:38,0,-1,1,AB6353,0,2,40
C695,C673,14:05:18,0,-1,-1,AB5996,0,2,70
C673,C672,14:06:09,0,-1,1,AB5996,0,2,20
T363/1,T306,14:06:19,0,-1,1,AB6335,0,2,60
T338,T326/3,14:07:20,0,-1,-1,AB6353,0,2,131
T306,T314/2,14:07:20,0,-1,-1,AB6335,0,2,40
T326/3,T332/2,14:08:01,0,-1,1,AB6353,0,2,30
C672,C670,14:09:12,0,-1,1,AB5996,0,2,101
T318,T319,14:09:23,0,-1,-1,AB6335,0,2,10
T332/2,T325/2,14:09:44,0,-1,1,AB6353,0,2,72
T325/2,T339/2,14:10:24,0,-1,1,AB6353,0,2,10
T319,T320,14:10:34,0,-1,-1,AB6335,0,2,60
C670,C679,14:10:44,0,-1,1,AB5996,0,2,30
T339/2,T313,14:11:45,0,-1,1,AB6353,0,2,40
T320,T321/2,14:11:55,0,-1,-1,AB6335,0,2,10
C679,C694,14:12:15,0,-1,-1,AB5996,0,2,80
T313,T315,14:12:56,0,-1,1,AB6353,0,2,20
C694,C669/2,14:13:06,0,-1,-1,AB5996,0,2,30
T321/2,T323,14:13:16,0,-1,1,AB6335,0,2,30
T323,T324/2,14:14:17,0,-1,1,AB6335,0,2,20
T315,T375,14:14:47,0,-1,1,AB6353,0,2,101
C669/2,C675,14:14:57,0,-1,1,AB5996,1,2,90
T324/2,T327,14:15:27,0,-1,1,AB6335,0,2,60
C675,C678,14:15:58,0,-1,1,AB5996,1,2,50
T375,T380,14:16:08,0,-1,1,AB6353,0,2,50
C678,C665,14:16:28,0,-1,1,AB5996,0,2,20
C665,C663,14:16:58,0,-1,1,AB5996,0,2,20
T380,T379,14:17:19,0,-1,1,AB6353,0,2,10
T327,T337,14:18:02,0,-1,1,AB6335,1,2,104
T379,T359,14:18:12,0,-1,1,AB6353,0,2,20
C663,C659,14:18:22,0,-1,1,AB5996,1,2,63
T337,T336/2,14:18:53,0,-1,1,AB6335,0,2,30
T359,T355/1,14:19:33,0,-1,1,AB6353,0,2,70
C659,C656,14:20:04,0,-1,1,AB5996,0,2,50
C656,C654/2,14:21:35,0,-1,1,AB5996,0,2,50
C654/2,C653/2,14:23:46,0,-1,1,AB5996,0,2,70
C653/2,C692,14:24:57,0,-1,1,AB5996,0,2,60
C688/1,C691,14:25:47,0,-1,1,AB6353,0,2,101
C692,C689/1,14:26:58,0,-1,1,AB5996,0,2,70
C691,C652,14:27:59,0,-1,1,AB6353,0,2,121
C652,C655,14:28:59,0,-1,1,AB6353,0,2,30
C655,C657,14:29:50,0,-1,1,AB6353,0,2,40
C689/1,T360,14:30:30,0,-1,1,AB5996,0,2,182
C657,C660,14:30:51,0,-1,1,AB6353,0,2,50
C660,C662,14:31:43,0,-1,1,AB6353,0,2,22
C662,C664,14:32:24,0,-1,1,AB6353,0,2,30
C664,C666,14:32:54,0,-1,1,AB6353,0,2,10
T360,T376/1,14:32:54,0,-1,1,AB5996,0,2,113
C666,C677,14:33:14,0,-1,1,AB6353,0,2,10
C677,C667,14:33:55,0,-1,1,AB6353,0,2,20
T376/1,T363/1,14:34:05,0,-1,1,AB5996,0,2,60
C667,C676,14:34:35,0,-1,-1,AB6353,0,2,20
C676,C680,14:35:56,0,-1,-1,AB6353,0,2,60
T363/1,T306,14:36:16,0,-1,1,AB5996,0,2,90
C680,C669/1,14:36:47,0,-1,1,AB6353,0,2,20
T306,T314/2,14:37:17,0,-1,-1,AB5996,0,2,40
C669/1,C693,14:37:58,0,-1,1,AB6353,0,2,50
T314/2,T318,14:37:58,0,-1,-1,AB5996,0,2,10
T318,T319,14:38:38,0,-1,-1,AB5996,0,2,10
T336/2,T335,14:38:58,0,-1,1,AB6335,0,2,30
C693,C681,14:39:29,0,-1,-1,AB6353,0,2,80
T319,T320,14:39:29,0,-1,-1,AB5996,0,2,40
T335,T338,14:39:59,0,-1,1,AB6335,0,2,10
C681,C671,14:40:29,0,-1,-1,AB6353,0,2,50
T320,T321/2,14:40:49,0,-1,-1,AB5996,0,2,10
T338,T326/3,14:41:33,0,-1,-1,AB6335,0,2,74
C671,C695,14:42:03,0,-1,-1,AB6353,0,2,84
T326/3,T332/2,14:42:24,0,-1,1,AB6335,0,2,40
T321/2,T323,14:42:34,0,-1,1,AB5996,0,2,40
T323,T324/2,14:43:14,0,-1,1,AB5996,0,2,10
C695,C673,14:43:55,0,-1,-1,AB6353,0,2,101
T332/2,T325/2,14:44:05,0,-1,1,AB6335,0,2,60
T325/2,T339/2,14:44:46,0,-1,1,AB6335,0,2,20
T324/2,T327,14:44:56,0,-1,1,AB5996,0,2,60
T327,T326/1,14:45:56,0,-1,1,AB5996,0,2,30
T339/2,T313,14:46:16,0,-1,1,AB6335,0,2,80
T326/1,T337,14:47:07,0,-1,1,AB5996,0,2,60
T313,T315,14:47:27,0,-1,1,AB6335,0,2,30
T337,T336/2,14:48:08,0,-1,1,AB5996,0,2,40
T315,T375,14:48:48,0,-1,1,AB6335,0,2,70
T375,T380,14:49:49,0,-1,1,AB6335,0,2,20
T380,T379,14:50:39,0,-1,1,AB6335,0,2,10
T379,T359,14:51:10,0,-1,1,AB6335,0,2,20
C672,C670,14:52:55,0,-1,1,AB6353,0,2,165
C670,C679,14:53:45,0,-1,1,AB6353,0,2,30
C679,C694,14:56:17,0,-1,-1,AB6353,0,2,91
C694,C669/2,14:57:07,0,-1,-1,AB6353,0,2,40
C688/1,C691,14:57:38,0,-1,1,AB6335,0,2,30
C669/2,C687,14:58:28,0,-1,1,AB6353,0,2,30
C687,C675,14:59:39,0,-1,1,AB6353,0,2,60
C675,C668,15:00:20,0,-1,1,AB6353,0,2,30
C691,C652,15:00:34,0,-1,1,AB6335,0,2,135
C668,C678,15:00:54,0,-1,1,AB6353,0,2,10
C652,C655,15:01:44,0,-1,3,AB6335,0,2,30
C678,C663,15:02:05,0,-1,1,AB6353,1,2,50
C655,C657,15:02:45,0,-1,3,AB6335,0,2,50
C657,C660,15:03:36,0,-1,1,AB6335,0,2,40
C663,C659,15:03:36,0,-1,1,AB6353,1,2,80
C660,C662,15:04:46,0,-1,1,AB6335,0,2,30
C659,C656,15:05:07,0,-1,1,AB6353,0,2,50
C662,C664,15:05:17,0,-1,1,AB6335,0,2,20
C664,C666,15:05:47,0,-1,1,AB6335,0,2,20
C666,C677,15:06:07,0,-1,-1,AB6335,0,2,10
C656,C654/2,15:06:17,0,-1,1,AB6353,0,2,50
C677,C667,15:06:38,0,-1,-1,AB6335,0,2,20
C667,C676,15:06:58,0,-1,-1,AB6335,0,2,10
C654/2,C653/2,15:07:38,0,-1,1,AB6353,0,2,40
C676,C680,15:08:39,0,-1,-1,AB6335,0,2,60
C680,C669/1,15:09:40,0,-1,1,AB6335,0,2,30
C669/1,C693,15:11:03,0,-1,1,AB6335,0,2,63
C693,C681,15:12:25,0,-1,-1,AB6335,0,2,71
T336/2,T335,15:12:55,0,-1,1,AB5996,0,2,30
T335,T338,15:13:15,0,-1,1,AB5996,0,2,10
C681,C671,15:13:36,0,-1,-1,AB6335,0,2,60
T338,T326/3,15:14:57,0,-1,-1,AB5996,0,2,60
C671,C695,15:15:27,0,-1,-1,AB6335,0,2,100
C689/1,T360,15:15:27,0,-1,1,AB6353,0,2,161
T326/3,T332/2,15:15:57,0,-1,1,AB5996,0,2,40
C695,C673,15:17:08,0,-1,-1,AB6335,0,2,90
C673,C672,15:17:48,0,-1,1,AB6335,0,2,30
T360,T376/1,15:17:48,0,-1,1,AB6353,0,2,121
T332/2,T325/2,15:17:58,0,-1,1,AB5996,0,2,60
T325/2,T339/2,15:18:39,0,-1,1,AB5996,0,2,20
T376/1,T363/1,15:19:19,0,-1,1,AB6353,0,2,80
T339/2,T313,15:20:32,0,-1,1,AB5996,0,2,62
C672,C670,15:20:42,0,-1,1,AB6335,0,2,143
C670,C679,15:22:03,0,-1,1,AB6335,0,2,40
T363/1,T306,15:22:03,0,-1,1,AB6353,0,2,90
T313,T315,15:22:33,0,-1,1,AB5996,0,2,20
T306,T314/2,15:22:54,0,-1,-1,AB6353,0,2,40
C679,C694,15:23:44,0,-1,-1,AB6335,0,2,90
C694,C669/2,15:24:45,0,-1,-1,AB6335,0,2,40
T315,T375,15:24:55,0,-1,1,AB5996,0,2,111
T318,T319,15:26:17,0,-1,-1,AB6353,0,2,40
C669/2,C687,15:26:27,0,-1,2,AB6335,0,2,30
T375,T380,15:27:27,0,-1,1,AB5996,0,2,30
T319,T320,15:27:48,0,-1,-1,AB6353,0,2,60
C687,C675,15:28:18,0,-1,2,AB6335,0,2,60
T380,T379,15:28:28,0,-1,1,AB5996,0,2,10
C675,C668,15:28:58,0,-1,1,AB6335,0,2,30
T379,T359,15:29:09,0,-1,1,AB5996,0,2,20
C668,C678,15:29:19,0,-1,1,AB6335,0,2,10
T320,T321/2,15:29:39,0,-1,-1,AB6353,0,2,20
C678,C665,15:29:59,0,-1,1,AB6335,0,2,20
C665,C663,15:30:20,0,-1,1,AB6335,0,2,10
T359,T355/1,15:30:33,0,-1,1,AB5996,0,2,64
T321/2,T323,15:30:43,0,-1,1,AB6353,0,2,23
C663,C661,15:31:03,0,-1,1,AB6335,0,2,30
T323,T324/2,15:31:34,0,-1,1,AB6353,0,2,10
C661,C659,15:31:44,0,-1,1,AB6335,0,2,30
C659,C656,15:33:04,0,-1,1,AB6335,0,2,40
T324/2,T327,15:33:04,0,-1,1,AB6353,0,2,50
T327,T326/1,15:33:45,0,-1,1,AB6353,0,2,20
C656,C654/2,15:34:15,0,-1,1,AB6335,0,2,50
T326/1,T337,15:35:26,0,-1,1,AB6353,0,2,71
T337,T336/2,15:36:07,0,-1,1,AB6353,0,2,30
C654/2,C653/2,15:36:47,0,-1,1,AB6335,0,2,121
C688/1,C691,15:37:17,0,-1,1,AB5996,0,2,30
C653/2,C692,15:38:08,0,-1,1,AB6335,0,2,71
C692,C689/1,15:38:59,0,-1,1,AB6335,0,2,20
C691,C652,15:39:49,0,-1,1,AB5996,0,2,101
C652,C655,15:40:50,0,-1,1,AB5996,0,2,30
C655,C657,15:42:22,0,-1,1,AB5996,0,2,50
C689/1,T360,15:43:02,0,-1,1,AB6335,0,2,193
C657,C660,15:43:23,0,-1,1,AB5996,0,2,40
C660,C662,15:44:14,0,-1,1,AB5996,0,2,20
T360,T376/1,15:44:14,0,-1,1,AB6335,0,2,30
C662,C664,15:44:55,0,-1,1,AB5996,0,2,30
C664,C677,15:45:45,0,-1,1,AB5996,1,2,40
C677,C676,15:46:46,0,-1,-1,AB5996,1,2,50
T376/1,T363/1,15:46:56,0,-1,1,AB6335,0,2,151
C676,C680,15:47:57,0,-1,-1,AB5996,0,2,60
T336/2,T335,15:48:27,0,-1,1,AB6353,0,2,30
C680,C669/1,15:48:37,0,-1,1,AB5996,0,2,20
T335,T338,15:48:47,0,-1,1,AB6353,0,2,10
T363/1,T306,15:49:18,0,-1,1,AB6335,0,2,80
C669/1,C693,15:49:48,0,-1,1,AB5996,0,2,50
T306,T314/2,15:50:18,0,-1,-1,AB6335,0,2,40
T338,T326/3,15:50:38,0,-1,-1,AB6353,0,2,60
C693,C681,15:51:19,0,-1,-1,AB5996,0,2,80
T318,T319,15:53:20,0,-1,-1,AB6335,0,2,121
T319,T320,15:54:54,0,-1,-1,AB6335,0,2,80
T325/2,T339/2,15:55:45,0,-1,1,AB6353,0,2,50
T320,T321/2,15:56:15,0,-1,-1,AB6335,0,2,20
C673,C672,15:56:25,0,-1,1,AB5996,0,2,40
T339/2,T313,15:57:26,0,-1,1,AB6353,0,2,60
T321/2,T323,15:57:26,0,-1,1,AB6335,0,2,20
C672,C670,15:59:07,0,-1,1,AB5996,0,2,131
T313,T375,15:59:38,0,-1,1,AB6353,1,2,91
C670,C679,15:59:48,0,-1,1,AB5996,0,2,30
T324/2,T327,16:00:08,0,-1,1,AB6335,0,2,50
T375,T380,16:00:48,0,-1,1,AB6353,0,2,30
C679,C694,16:01:20,0,-1,-1,AB5996,0,2,81
T327,T326/1,16:01:20,0,-1,1,AB6335,0,2,31
T380,T379,16:01:37,0,-1,1,AB6353,0,2,17
T379,T359,16:02:07,0,-1,1,AB6353,0,2,20
C694,C669/2,16:02:17,0,-1,-1,AB5996,0,2,30
T326/1,T337,16:03:18,0,-1,1,AB6335,0,2,100
T359,T355/1,16:03:28,0,-1,-1,AB6353,0,2,70
T337,T336/2,16:03:58,0,-1,1,AB6335,0,2,20
C669/2,C687,16:07:36,0,-1,1,AB5996,0,2,30
C687,C675,16:09:17,0,-1,1,AB5996,0,2,60
C688/1,C691,16:09:27,0,-1,1,AB6353,0,2,40
C675,C668,16:09:47,0,-1,1,AB5996,0,2,20
C668,C678,16:10:18,0,-1,1,AB5996,0,2,20
C678,C665,16:10:58,0,-1,1,AB5996,0,2,20
C665,C663,16:11:28,0,-1,1,AB5996,0,2,20
C663,C661,16:12:09,0,-1,1,AB5996,0,2,30
C691,C652,16:12:19,0,-1,1,AB6353,0,2,121
C661,C659,16:12:59,0,-1,1,AB5996,0,2,20
C652,C655,16:13:20,0,-1,1,AB6353,0,2,30
C655,C657,16:14:34,0,-1,1,AB6353,0,2,33
C659,C656,16:15:04,0,-1,1,AB5996,0,2,84
C657,C660,16:15:55,0,-1,1,AB6353,0,2,50
C656,C654/2,16:16:05,0,-1,1,AB5996,0,2,50
C660,C662,16:16:35,0,-1,1,AB6353,0,2,20
C662,C664,16:17:26,0,-1,1,AB6353,0,2,30
C654/2,C653/2,16:17:56,0,-1,1,AB5996,0,2,60
C664,C677,16:18:16,0,-1,1,AB6353,1,2,40
C677,C667,16:18:38,0,-1,1,AB6353,0,2,11
C653/2,C692,16:19:08,0,-1,1,AB5996,0,2,61
C667,C676,16:19:18,0,-1,-1,AB6353,0,2,20
C692,C689/1,16:19:59,0,-1,1,AB5996,0,2,30
C676,C680,16:20:39,0,-1,-1,AB6353,0,2,50
C680,C669/1,16:21:42,0,-1,1,AB6353,0,2,32
T336/2,T335,16:23:04,0,-1,1,AB6335,0,2,30
C669/1,C693,16:23:14,0,-1,1,AB6353,0,2,51
C689/1,T360,16:23:24,0,-1,1,AB5996,0,2,165
T335,T338,16:24:36,0,-1,1,AB6335,0,2,10
C693,C681,16:24:36,0,-1,-1,AB6353,0,2,71
C681,C671,16:25:27,0,-1,-1,AB6353,0,2,40
T360,T376/1,16:25:48,0,-1,1,AB5996,0,2,112
T338,T326/3,16:26:08,0,-1,-1,AB6335,0,2,51
C671,C695,16:27:09,0,-1,-1,AB6353,0,2,81
T326/3,T332/2,16:27:19,0,-1,1,AB6335,0,2,50
T376/1,T363/1,16:28:09,0,-1,1,AB5996,0,2,131
C695,C673,16:29:00,0,-1,-1,AB6353,0,2,90
T332/2,T325/2,16:29:10,0,-1,1,AB6335,0,2,70
T325/2,T339/2,16:29:53,0,-1,2,AB6335,0,2,10
C673,C672,16:30:13,0,-1,1,AB6353,0,2,53
T363/1,T306,16:30:33,0,-1,1,AB5996,0,2,93
T339/2,T313,16:31:45,0,-1,1,AB6335,0,2,71
T313,T315,16:32:25,0,-1,1,AB6335,0,2,20
C672,C670,16:32:35,0,-1,1,AB6353,0,2,101
T315,T375,16:33:36,0,-1,1,AB6335,0,2,60
T306,T314/2,16:33:36,0,-1,-1,AB5996,0,2,162
C670,C679,16:33:46,0,-1,1,AB6353,0,2,30
T375,T380,16:34:38,0,-1,1,AB6335,0,2,21
T380,T379,16:35:29,0,-1,1,AB6335,0,2,10
C679,C694,16:35:29,0,-1,-1,AB6353,0,2,81
T318,T319,16:35:49,0,-1,-1,AB5996,0,2,61
C694,C669/2,16:36:10,0,-1,-1,AB6353,0,2,20
T379,T359,16:37:03,0,-1,1,AB6335,0,2,74
T319,T320,16:37:23,0,-1,-1,AB5996,0,2,84
C669/2,C687,16:38:24,0,-1,1,AB6353,0,2,30
T359,T355/1,16:38:34,0,-1,1,AB6335,0,2,70
T320,T321/2,16:38:55,0,-1,-1,AB5996,0,2,10
C687,C675,16:39:25,0,-1,1,AB6353,0,2,50
C675,C668,16:39:55,0,-1,1,AB6353,0,2,20
C668,C678,16:40:46,0,-1,1,AB6353,0,2,20
T321/2,T323,16:40:46,0,-1,1,AB5996,0,2,30
C678,C665,16:41:16,0,-1,1,AB6353,0,2,20
T323,T324/2,16:41:26,0,-1,1,AB5996,0,2,10
C665,C663,16:41:36,0,-1,1,AB6353,0,2,10
C663,C661,16:42:17,0,-1,1,AB6353,0,2,30
C661,C659,16:42:47,0,-1,1,AB6353,0,2,20
T324/2,T327,16:43:07,0,-1,1,AB5996,0,2,60
T327,T326/1,16:43:58,0,-1,1,AB5996,0,2,30
C688/1,C691,16:44:38,0,-1,1,AB6335,0,2,80
C659,C656,16:44:58,0,-1,1,AB6353,0,2,90
T326/1,T337,16:45:29,0,-1,1,AB5996,0,2,50
C691,C652,16:46:24,0,-1,1,AB6335,0,2,75
C656,C654/2,16:46:34,0,-1,1,AB6353,0,2,45
T337,T336/2,16:46:34,0,-1,1,AB5996,0,2,35
C652,C655,16:47:29,0,-1,1,AB6335,0,2,54
C654/2,C653/2,16:48:30,0,-1,1,AB6353,0,2,84
C655,C657,16:48:40,0,-1,1,AB6335,0,2,40
C653/2,C692,16:50:48,0,-1,1,AB6353,0,2,128
C657,C664,16:50:58,0,-1,1,AB6335,2,2,108
C664,C666,16:51:29,0,-1,1,AB6335,0,2,10
C666,C677,16:51:49,0,-1,2,AB6335,0,2,10
C692,C689/1,16:51:49,0,-1,1,AB6353,0,2,50
C677,C667,16:52:19,0,-1,1,AB6335,0,2,20
C667,C676,16:52:39,0,-1,-1,AB6335,0,2,10
C676,C680,16:53:42,0,-1,-1,AB6335,0,2,52
C680,C669/1,16:55:03,0,-1,1,AB6335,0,2,50
C689/1,T360,16:55:44,0,-1,1,AB6353,0,2,153
C669/1,C693,16:56:04,0,-1,1,AB6335,0,2,50
C693,C681,16:57:26,0,-1,-1,AB6335,0,2,71
T360,T376/1,16:57:50,0,-1,1,AB6353,0,2,85
T336/2,T335,16:58:00,0,-1,1,AB5996,0,2,10
C681,C671,16:58:20,0,-1,-1,AB6335,0,2,30
C671,C695,16:59:43,0,-1,-1,AB6335,0,2,70
T376/1,T363/1,16:59:43,0,-1,1,AB6353,0,2,103
T338,T326/3,16:59:53,0,-1,-1,AB5996,0,2,60
T326/3,T332/2,17:00:44,0,-1,1,AB5996,0,2,30
C695,C673,17:00:54,0,-1,-1,AB6335,0,2,60
C673,C672,17:01:48,0,-1,1,AB6335,0,2,44
T363/1,T306,17:02:10,0,-1,1,AB6353,0,2,75
T332/2,T325/2,17:03:04,0,-1,1,AB5996,0,2,85
T306,T314/2,17:03:14,0,-1,-1,AB6353,0,2,54
T325/2,T339/2,17:04:26,0,-1,1,AB5996,0,2,60
C672,C670,17:04:26,0,-1,1,AB6335,0,2,112
C670,C679,17:05:06,0,-1,1,AB6335,0,2,30
T318,T319,17:06:07,0,-1,-1,AB6353,0,2,60
C679,C694,17:06:27,0,-1,-1,AB6335,0,2,70
T339/2,T313,17:07:17,0,-1,1,AB5996,0,2,131
C694,C669/2,17:07:17,0,-1,-1,AB6335,0,2,40
T319,T320,17:07:17,0,-1,-1,AB6353,0,2,30
T313,T315,17:08:18,0,-1,1,AB5996,0,2,20
T320,T321/2,17:08:28,0,-1,-1,AB6353,0,2,10
C669/2,C687,17:08:38,0,-1,1,AB6335,0,2,20
T321/2,T323,17:09:59,0,-1,1,AB6353,0,2,40
T315,T375,17:10:09,0,-1,1,AB5996,0,2,70
C687,C675,17:10:09,0,-1,1,AB6335,0,2,60
C675,C668,17:10:39,0,-1,1,AB6335,0,2,20
T323,T324/2,17:10:39,0,-1,1,AB6353,0,2,20
C668,C678,17:11:00,0,-1,1,AB6335,0,2,10
C678,C665,17:11:32,0,-1,1,AB6335,0,2,22
T375,T380,17:11:42,0,-1,1,AB5996,0,2,42
T324/2,T327,17:12:12,0,-1,1,AB6353,0,2,52
C665,C661,17:12:33,0,-1,1,AB6335,1,2,50
T379,T359,17:13:03,0,-1,1,AB5996,0,2,30
C661,C659,17:13:03,0,-1,1,AB6335,0,2,20
T327,T326/1,17:13:03,0,-1,1,AB6353,0,2,20
T359,T355/1,17:14:26,0,-1,1,AB5996,0,2,72
C659,C656,17:14:36,0,-1,1,AB6335,0,2,40
T326/1,T337,17:15:16,0,-1,1,AB6353,0,2,80
C656,C654/2,17:15:57,0,-1,1,AB6335,0,2,40
T337,T336/2,17:16:17,0,-1,1,AB6353,0,2,30
C654/2,C653/2,17:17:58,0,-1,1,AB6335,0,2,101
C653/2,C692,17:19:59,0,-1,1,AB6335,0,2,60
C688/1,C691,17:21:00,0,-1,-1,AB5996,0,2,71
C692,C689/1,17:21:21,0,-1,-1,AB6335,0,2,30
C691,C652,17:23:03,0,-1,-1,AB5996,0,2,72
C652,C655,17:23:55,0,-1,-1,AB5996,0,2,41
C655,C657,17:25:06,0,-1,2,AB5996,0,2,40
C689/1,T360,17:25:26,0,-1,1,AB6335,0,2,162
C657,C660,17:26:37,0,-1,1,AB5996,0,2,50
T360,T376/1,17:27:07,0,-1,1,AB6335,0,2,80
C660,C662,17:27:47,0,-1,1,AB5996,0,2,20
C662,C664,17:28:28,0,-1,1,AB5996,0,2,30
T376/1,T363/1,17:29:29,0,-1,1,AB6335,0,2,122
C664,C677,17:30:00,0,-1,1,AB5996,1,2,61
T336/2,T335,17:30:48,0,-1,1,AB6353,0,2,15
C677,C667,17:30:48,0,-1,2,AB5996,0,2,15
C667,C676,17:31:18,0,-1,-1,AB5996,0,2,10
T363/1,T306,17:31:39,0,-1,1,AB6335,0,2,50
T306,T314/2,17:32:29,0,-1,-1,AB6335,0,2,30
T338,T326/3,17:33:13,0,-1,-1,AB6353,0,2,74
C676,C669/1,17:33:44,0,-1,1,AB5996,1,2,115
T326/3,T332/2,17:34:04,0,-1,1,AB6353,0,2,40
T314/2,T318,17:34:14,0,-1,-1,AB6335,0,2,10
C669/1,C693,17:34:55,0,-1,1,AB5996,0,2,50
T318,T319,17:35:15,0,-1,-1,AB6335,0,2,10
C693,C681,17:36:50,0,-1,-1,AB5996,0,2,84
T319,T320,17:36:50,0,-1,-1,AB6335,0,2,64
T332/2,T339/2,17:37:20,0,-1,1,AB6353,1,2,175
C681,C671,17:38:02,0,-1,-1,AB5996,0,2,62
T320,T321/2,17:38:34,0,-1,-1,AB6335,0,2,11
T339/2,T313,17:39:44,0,-1,1,AB6353,0,2,102
C671,C695,17:39:44,0,-1,-1,AB5996,0,2,82
T321/2,T323,17:39:44,0,-1,1,AB6335,0,2,20
T313,T315,17:40:45,0,-1,1,AB6353,0,2,20
T323,T324/2,17:40:45,0,-1,1,AB6335,0,2,20
C695,C673,17:41:15,0,-1,-1,AB5996,0,2,80
C673,C672,17:41:56,0,-1,1,AB5996,0,2,30
T315,T375,17:42:26,0,-1,1,AB6353,0,2,70
T324/2,T327,17:42:46,0,-1,1,AB6335,0,2,60
T327,T326/1,17:43:27,0,-1,1,AB6335,0,2,20
T375,T380,17:43:37,0,-1,1,AB6353,0,2,40
T380,T379,17:44:17,0,-1,1,AB6353,0,2,10
T326/1,T337,17:44:37,0,-1,1,AB6335,0,2,60
T379,T359,17:44:48,0,-1,1,AB6353,0,2,20
C672,C670,17:44:48,0,-1,1,AB5996,0,2,131
T337,T336/2,17:45:28,0,-1,1,AB6335,0,2,30
C670,C679,17:45:38,0,-1,1,AB5996,0,2,40
T359,T355/1,17:46:19,0,-1,1,AB6353,0,2,60
C679,C669/2,17:48:04,0,-1,-1,AB5996,1,2,135
C669/2,C687,17:48:54,0,-1,1,AB5996,0,2,30
C687,C675,17:50:25,0,-1,1,AB5996,0,2,60
C675,C678,17:51:41,0,-1,1,AB5996,1,2,44
C678,C665,17:52:16,0,-1,1,AB5996,0,2,20
C665,C661,17:53:28,0,-1,1,AB5996,1,2,61
C661,C659,17:54:18,0,-1,1,AB5996,0,2,30
C688/1,C652,17:55:09,0,-1,1,AB6353,1,2,152
C652,C657,17:57:16,0,-1,1,AB6353,1,2,96
C659,C654/2,17:57:26,0,-1,1,AB5996,1,2,117
C657,C660,17:58:34,0,-1,1,AB6353,0,2,37
C660,C662,17:59:24,0,-1,1,AB6353,0,2,20
C654/2,C653/2,17:59:45,0,-1,1,AB5996,0,2,108
C662,C666,18:00:25,0,-1,1,AB6353,1,2,50
C666,C677,18:00:46,0,-1,1,AB6353,0,2,10
C677,C667,18:01:16,0,-1,1,AB6353,0,2,20
C653/2,C692,18:01:26,0,-1,1,AB5996,0,2,90
C667,C676,18:01:56,0,-1,-1,AB6353,0,2,20
C676,C669/1,18:03:42,0,-1,1,AB6353,1,2,96
C669/1,C693,18:05:24,0,-1,1,AB6353,0,2,71
C693,C681,18:06:55,0,-1,-1,AB6353,0,2,71
C681,C671,18:07:56,0,-1,-1,AB6353,0,2,50
T336/2,T335,18:08:33,0,-1,1,AB6335,0,2,11
T360,T376/1,18:08:53,0,-1,1,AB5996,0,2,57
C671,C695,18:09:24,0,-1,-1,AB6353,0,2,71
T335,T338,18:09:34,0,-1,1,AB6335,0,2,50
T376/1,T363/1,18:11:15,0,-1,1,AB5996,0,2,131
C695,C673,18:11:25,0,-1,-1,AB6353,0,2,91
T338,T326/3,18:11:55,0,-1,-1,AB6335,0,2,91
C673,C672,18:12:06,0,-1,1,AB6353,0,2,30
T326/3,T332/2,18:13:27,0,-1,2,AB6335,0,2,81
T363/1,T306,18:13:48,0,-1,1,AB5996,0,2,101
C672,C670,18:14:38,0,-1,1,AB6353,0,2,111
C670,C679,18:15:19,0,-1,1,AB6353,0,2,30
T332/2,T325/2,18:15:39,0,-1,2,AB6335,0,2,121
T306,T314/2,18:15:39,0,-1,-1,AB5996,0,2,80
C679,C694,18:17:34,0,-1,-1,AB6353,0,2,84
T325/2,T339/2,18:18:04,0,-1,2,AB6335,0,2,94
C694,C669/2,18:18:24,0,-1,-1,AB6353,0,2,20
T318,T319,18:18:34,0,-1,-1,AB5996,0,2,60
T319,T320,18:20:15,0,-1,-1,AB5996,0,2,90
C669/2,C675,18:20:25,0,-1,1,AB6353,1,2,80
C675,C668,18:20:46,0,-1,1,AB6353,0,2,10
C668,C678,18:21:16,0,-1,1,AB6353,0,2,20
T320,T321/2,18:21:50,0,-1,-1,AB5996,0,2,44
C678,C661,18:22:41,0,-1,1,AB6353,2,2,74
T321/2,T323,18:22:41,0,-1,1,AB5996,0,2,30
T339/2,T313,18:22:51,0,-1,1,AB6335,0,2,125
C661,C659,18:23:11,0,-1,1,AB6353,0,2,20
T323,T324/2,18:23:11,0,-1,1,AB5996,0,2,10
T313,T315,18:23:43,0,-1,1,AB6335,0,2,10
C659,C656,18:24:38,0,-1,1,AB6353,0,2,30
T324/2,T327,18:24:48,0,-1,1,AB5996,0,2,64
T315,T375,18:25:39,0,-1,1,AB6335,0,2,81
T327,T326/1,18:25:39,0,-1,1,AB5996,0,2,20
C656,C654/2,18:26:19,0,-1,1,AB6353,0,2,50
T326/1,T337,18:27:10,0,-1,1,AB5996,0,2,70
T375,T380,18:27:44,0,-1,1,AB6335,0,2,85
C654/2,C653/2,18:28:15,0,-1,1,AB6353,0,2,95
T337,T336/2,18:28:25,0,-1,1,AB5996,0,2,40
T380,T379,18:28:35,0,-1,1,AB6335,0,2,10
T379,T359,18:29:46,0,-1,1,AB6335,0,2,60
C653/2,C692,18:29:46,0,-1,1,AB6353,0,2,80
T359,T355/1,18:30:56,0,-1,1,AB6335,0,2,60
C692,C689/1,18:30:56,0,-1,1,AB6353,0,2,30
C689/1,T360,18:34:19,0,-1,1,AB6353,0,2,161
T360,T376/1,18:35:00,0,-1,1,AB6353,0,2,20
C688/1,C691,18:37:17,0,-1,1,AB6335,0,2,50
T376/1,T363/1,18:37:17,0,-1,2,AB6353,0,2,121
C691,C652,18:38:17,0,-1,1,AB6335,0,2,30
C652,C655,18:39:28,0,-1,1,AB6335,0,2,30
T363/1,T306,18:39:58,0,-1,2,AB6353,0,2,90
C655,C657,18:40:49,0,-1,1,AB6335,0,2,40
C657,C660,18:41:50,0,-1,1,AB6335,0,2,30
T306,T314/2,18:42:20,0,-1,-1,AB6353,0,2,121
C660,C662,18:42:44,0,-1,1,AB6335,0,2,10
C662,C664,18:43:24,0,-1,1,AB6335,0,2,30
T336/2,T335,18:43:44,0,-1,1,AB5996,0,2,20
C664,C666,18:44:05,0,-1,1,AB6335,0,2,20
T335,T338,18:44:30,0,-1,1,AB5996,0,2,15
C666,C677,18:44:30,0,-1,1,AB6335,0,2,15
C677,C667,18:44:51,0,-1,1,AB6335,0,2,10
T318,T319,18:45:21,0,-1,-1,AB6353,0,2,76
C667,C680,18:46:13,0,-1,-1,AB6335,1,2,72
T319,T320,18:46:24,0,-1,-1,AB6353,0,2,50
C680,C669/1,18:47:14,0,-1,1,AB6335,0,2,30
T320,T321/2,18:47:14,0,-1,-1,AB6353,0,2,10
T321/2,T323,18:48:15,0,-1,1,AB6353,0,2,30
C669/1,C693,18:48:25,0,-1,1,AB6335,0,2,50
T323,T324/2,18:48:45,0,-1,1,AB6353,0,2,10
T326/3,T332/2,18:49:26,0,-1,2,AB5996,0,2,40
C693,C681,18:49:46,0,-1,-1,AB6335,0,2,70
T324/2,T327,18:51:07,0,-1,1,AB6353,0,2,90
C681,C695,18:52:07,0,-1,-1,AB6335,1,1,131
T327,T326/1,18:52:07,0,-1,1,AB6353,0,1,30
T332/2,T325/2,18:52:38,0,-1,1,AB5996,0,1,121
T326/1,T337,18:53:18,0,-1,1,AB6353,0,1,60
T325/2,T339/2,18:53:38,0,-1,2,AB5996,0,1,20
C695,C673,18:53:48,0,-1,-1,AB6335,0,1,90
T337,T336/2,18:54:09,0,-1,1,AB6353,0,1,20
C673,C672,18:54:39,0,-1,1,AB6335,0,1,30
T339/2,T313,18:55:29,0,-1,1,AB5996,0,1,80
T313,T315,18:56:54,0,-1,1,AB5996,0,1,20
C672,C670,18:57:35,0,-1,-1,AB6335,0,1,105
T315,T375,18:58:16,0,-1,1,AB5996,0,1,71
C670,C679,18:58:26,0,-1,-1,AB6335,0,1,40
T375,T380,18:59:47,0,-1,1,AB5996,0,1,51
T380,T379,19:00:38,0,-1,1,AB5996,0,1,20
C679,C669/2,19:00:38,0,-1,-1,AB6335,1,1,121
C669/2,C687,19:01:38,0,-1,-1,AB6335,0,1,20
C687,C668,19:03:30,0,-1,1,AB6335,1,1,91
T379,T355/1,19:03:54,0,-1,1,AB5996,1,1,155
C665,C663,19:04:38,0,-1,1,AB6335,0,1,10
C663,C661,19:05:24,0,-1,1,AB6335,0,1,35
C659,C656,19:07:14,0,-1,1,AB6335,0,1,35
T355/1,C688/1,19:07:34,0,-1,1,AB5996,0,1,196
C656,C654/2,19:08:15,0,-1,1,AB6335,0,1,50
C688/1,C691,19:09:05,0,-1,1,AB5996,0,1,50
C654/2,C653/2,19:10:46,0,-1,1,AB6335,0,1,100
C691,C652,19:10:56,0,-1,1,AB5996,0,1,80
C652,C655,19:11:57,0,-1,1,AB5996,0,1,30
C655,C657,19:12:49,0,-1,1,AB5996,0,1,40
C653/2,C692,19:12:59,0,-1,1,AB6335,0,1,122
C657,C660,19:13:59,0,-1,1,AB5996,0,1,40
C692,C689/1,19:13:59,0,-1,1,AB6335,0,1,10
C660,C662,19:14:40,0,-1,1,AB5996,0,1,20
C662,C664,19:15:32,0,-1,1,AB5996,0,1,41
C664,C666,19:15:52,0,-1,1,AB5996,0,1,10
T336/2,T335,19:16:12,0,-1,1,AB6353,0,1,51
C666,C677,19:16:22,0,-1,1,AB5996,0,1,10
T335,T338,19:16:42,0,-1,1,AB6353,0,1,10
C677,C667,19:16:53,0,-1,1,AB5996,0,1,20
C689/1,T360,19:16:53,0,-1,1,AB6335,0,1,112
C667,C676,19:17:23,0,-1,-1,AB5996,0,1,20
T338,T326/3,19:18:24,0,-1,-1,AB6353,0,1,80
C676,C680,19:18:34,0,-1,-1,AB5996,0,1,60
C680,C669/1,19:19:04,0,-1,1,AB5996,0,1,20
T360,T376/1,19:19:25,0,-1,1,AB6335,0,1,81
T326/3,T332/2,19:19:45,0,-1,2,AB6353,0,1,60
C669/1,C693,19:20:25,0,-1,1,AB5996,0,1,50
T376/1,T363/1,19:21:16,0,-1,1,AB6335,0,1,101
C693,C681,19:22:01,0,-1,-1,AB5996,0,1,85
T332/2,T325/2,19:22:43,0,-1,2,AB6353,0,1,158
T363/1,T306,19:23:04,0,-1,1,AB6335,0,1,52
T325/2,T339/2,19:23:44,0,-1,2,AB6353,0,1,20
T306,T314/2,19:24:14,0,-1,-1,AB6335,0,1,40
C681,C695,19:24:35,0,-1,-1,AB5996,1,1,143
T339/2,T313,19:26:06,0,-1,1,AB6353,0,1,101
C695,C673,19:26:16,0,-1,-1,AB5996,0,1,91
T318,T319,19:26:16,0,-1,-1,AB6335,0,1,60
C673,C672,19:27:00,0,-1,1,AB5996,0,1,34
T319,T320,19:27:24,0,-1,-1,AB6335,0,1,24
T320,T321/2,19:28:05,0,-1,-1,AB6335,0,1,10
T315,T375,19:28:45,0,-1,1,AB6353,0,1,70
T321/2,T323,19:29:46,0,-1,1,AB6335,0,1,50
T375,T380,19:29:56,0,-1,1,AB6353,0,1,30
C672,C670,19:30:31,0,-1,-1,AB5996,0,1,146
T323,T324/2,19:30:31,0,-1,1,AB6335,0,1,35
T380,T379,19:30:42,0,-1,1,AB6353,0,1,10
T379,T359,19:31:12,0,-1,1,AB6353,0,1,10
C670,C679,19:31:34,0,-1,-1,AB5996,0,1,32
T324/2,T327,19:31:34,0,-1,1,AB6335,0,1,52
T359,T355/1,19:32:15,0,-1,-1,AB6353,0,1,52
T327,T326/1,19:32:35,0,-1,1,AB6335,0,1,30
C679,C694,19:33:05,0,-1,-1,AB5996,0,1,80
T326/1,T337,19:33:56,0,-1,1,AB6335,0,1,70
C694,C669/2,19:34:06,0,-1,-1,AB5996,0,1,40
T337,T336/2,19:34:57,0,-1,1,AB6335,0,1,20
C669/2,C687,19:35:07,0,-1,1,AB5996,0,1,20
C687,C675,19:36:58,0,-1,1,AB5996,0,1,80
C675,C668,19:37:49,0,-1,1,AB5996,0,1,30
C678,C665,19:38:39,0,-1,1,AB5996,0,1,30
C688/1,C691,19:39:10,0,-1,1,AB6353,0,1,80
C665,C663,19:39:10,0,-1,1,AB5996,0,1,20
C663,C661,19:39:52,0,-1,1,AB5996,0,1,32
C661,C659,19:40:23,0,-1,1,AB5996,0,1,20
C691,C652,19:41:25,0,-1,1,AB6353,0,1,103
C659,C656,19:41:25,0,-1,1,AB5996,0,1,40
C656,C654/2,19:42:26,0,-1,1,AB5996,0,1,50
C652,C655,19:42:46,0,-1,1,AB6353,0,1,30
C655,C657,19:44:07,0,-1,1,AB6353,0,1,40
C657,C660,19:45:18,0,-1,1,AB6353,0,1,40
C654/2,C692,19:45:28,0,-1,1,AB5996,1,1,151
C660,C662,19:45:58,0,-1,1,AB6353,0,1,20
C692,C689/1,19:46:28,0,-1,1,AB5996,0,1,50
C662,C664,19:46:59,0,-1,1,AB6353,0,1,30
C664,C666,19:47:19,0,-1,1,AB6353,0,1,10
C666,C677,19:47:39,0,-1,1,AB6353,0,1,10
C677,C667,19:48:09,0,-1,1,AB6353,0,1,20
C667,C676,19:49:14,0,-1,-1,AB6353,0,1,34
C689/1,T360,19:49:14,0,-1,1,AB5996,0,1,135
T360,T376/1,19:50:04,0,-1,1,AB5996,0,1,30
C676,C680,19:50:25,0,-1,-1,AB6353,0,1,60
C680,C669/1,19:51:25,0,-1,1,AB6353,0,1,30
C669/1,C693,19:52:56,0,-1,1,AB6353,0,1,60
T376/1,T363/1,19:52:56,0,-1,1,AB5996,0,1,131
C693,C681,19:54:37,0,-1,-1,AB6353,0,1,70
T363/1,T306,19:55:07,0,-1,1,AB5996,0,1,70
C681,C671,19:55:28,0,-1,-1,AB6353,0,1,40
T306,T318,19:56:18,0,-1,-1,AB5996,1,1,40
C671,C673,19:58:45,0,-1,-1,AB6353,1,1,187
C673,C672,19:59:25,0,-1,1,AB6353,0,1,30
T318,T320,19:59:35,0,-1,-1,AB5996,1,1,125
T320,T321/2,20:00:26,0,-1,-1,AB5996,0,1,20
C672,C670,20:01:37,0,-1,1,AB6353,0,1,111
T321/2,T323,20:01:37,0,-1,1,AB5996,0,1,30
T323,T324/2,20:02:07,0,-1,1,AB5996,0,1,10
C670,C679,20:02:37,0,-1,1,AB6353,0,1,30
T324/2,T327,20:03:48,0,-1,1,AB5996,0,1,60
T327,T326/1,20:04:28,0,-1,1,AB5996,0,1,20
C679,C694,20:04:38,0,-1,-1,AB6353,0,1,80
C694,C669/2,20:05:19,0,-1,-1,AB6353,0,1,20
T326/1,T337,20:05:49,0,-1,1,AB5996,0,1,60
C669/2,C687,20:06:30,0,-1,1,AB6353,0,1,30
T337,T336/2,20:06:40,0,-1,1,AB5996,0,1,40
C687,C668,20:08:35,0,-1,-1,AB6353,1,1,104
C668,C678,20:08:55,0,-1,-1,AB6353,0,1,10
C678,C665,20:09:25,0,-1,-1,AB6353,0,1,20
C665,C661,20:10:26,0,-1,1,AB6353,1,1,50
C661,C659,20:11:06,0,-1,1,AB6353,0,1,30
C659,C656,20:12:37,0,-1,1,AB6353,0,1,40
C656,C654/2,20:13:38,0,-1,1,AB6353,0,1,50
C654/2,C653/2,20:15:29,0,-1,1,AB6353,0,1,70
C653/2,C692,20:16:39,0,-1,1,AB6353,0,1,60
C692,C689/1,20:18:12,0,-1,1,AB6353,0,1,40
C689/1,T360,20:21:24,0,-1,1,AB6353,0,1,151
T360,T376/1,20:23:05,0,-1,1,AB6353,0,1,70
T376/1,T363/1,20:25:06,0,-1,1,AB6353,0,1,111
T363/1,T306,20:26:57,0,-1,1,AB6353,0,1,60
T306,T314/2,20:27:48,0,-1,-1,AB6353,0,1,40
T314/2,T318,20:28:59,0,-1,-1,AB6353,0,1,20
T318,T319,20:29:29,0,-1,-1,AB6353,0,1,10
T319,T320,20:30:09,0,-1,-1,AB6353,0,1,30
T320,T321/2,20:32:56,0,-1,-1,AB6353,0,1,10
T321/2,T323,20:34:07,0,-1,1,AB6353,0,1,30
T323,T324/2,20:34:37,0,-1,1,AB6353,0,1,10
T324/2,T327,20:36:08,0,-1,1,AB6353,0,1,50
T327,T326/1,20:36:59,0,-1,1,AB6353,0,1,30
T326/1,T337,20:38:09,0,-1,1,AB6353,0,1,50
T337,T336/2,20:39:20,0,-1,1,AB6353,0,1,30
T336/2,T335,5:30:54,1,-1,1,AB6353,0,4,23
T335,T338,5:31:18,1,-1,1,AB6353,0,4,11
T338,T326/3,5:32:27,1,-1,-1,AB6353,0,4,57
T326/3,T332/2,5:33:12,1,-1,1,AB6353,0,4,33
T332/2,T325/2,5:34:21,1,-1,1,AB6353,0,4,45
T325/2,T339/2,5:35:09,1,-1,1,AB6353,0,4,11
T339/2,T313,5:36:19,1,-1,1,AB6353,0,4,34
T313,T315,5:37:20,1,-1,1,AB6353,0,4,11
T315,T375,5:38:30,1,-1,1,AB6353,0,4,59
T375,T380,5:40:04,1,-1,1,AB6353,0,4,69
T380,T379,5:40:50,1,-1,1,AB6353,0,4,11
T379,T359,5:41:37,1,-1,1,AB6353,0,4,34
T359,T355/1,5:42:36,1,-1,1,AB6353,0,4,47
C688/1,C691,5:47:11,1,-1,-1,AB6353,0,4,47
C691,C652,5:49:46,1,-1,1,AB6353,0,4,94
C652,C655,5:50:48,1,-1,1,AB6353,0,4,26
C655,C657,5:51:35,1,-1,-1,AB6353,0,4,34
C657,C660,5:52:35,1,-1,-1,AB6353,0,4,36
C660,C664,5:54:09,1,-1,-1,AB6353,1,4,60
C664,C677,5:55:19,1,-1,-1,AB6353,1,4,46
C677,C667,5:55:54,1,-1,-1,AB6353,0,4,23
C667,C676,5:56:17,1,-1,-1,AB6353,0,4,11
C676,C680,5:57:26,1,-1,-1,AB6353,0,4,57
C680,C669/1,5:58:36,1,-1,-1,AB6353,0,4,35
C669/1,C693,6:00:20,1,-1,-1,AB6353,0,1,58
C693,C681,6:02:20,1,-1,-1,AB6353,0,1,93
C681,C695,6:05:11,1,-1,-1,AB6353,1,1,147
T336/2,T335,6:05:46,1,-1,1,AB6335,0,4,22
T335,T338,6:06:32,1,-1,-1,AB6335,0,4,11
C695,C672,6:07:58,1,-1,-1,AB6353,1,4,131
T338,T326/3,6:08:09,1,-1,-1,AB6335,0,4,61
T326/3,T332/2,6:09:24,1,-1,1,AB6335,0,4,35
T332/2,T325/2,6:10:58,1,-1,1,AB6335,0,4,58
T325/2,T339/2,6:11:45,1,-1,1,AB6335,0,4,11
T339/2,T313,6:13:07,1,-1,1,AB6335,0,4,47
T313,T315,6:14:07,1,-1,1,AB6335,0,4,22
C670,C679,6:14:07,1,-1,-1,AB6353,0,4,47
T315,T375,6:15:38,1,-1,1,AB6335,0,4,58
C679,C694,6:16:25,1,-1,-1,AB6353,0,4,92
C694,C669/2,6:17:12,1,-1,-1,AB6353,0,4,34
T375,T380,6:17:24,1,-1,1,AB6335,0,4,58
C669/2,C675,6:19:09,1,-1,1,AB6353,1,4,82
T379,T359,6:19:37,1,-1,1,AB6335,0,4,62
C675,C678,6:20:12,1,-1,1,AB6353,1,4,51
C678,C665,6:20:48,1,-1,1,AB6353,0,4,24
T359,T355/1,6:21:00,1,-1,1,AB6335,0,4,59
C665,C663,6:21:23,1,-1,-1,AB6353,0,4,11
C663,C661,6:22:25,1,-1,-1,AB6353,0,4,23
C661,C659,6:23:00,1,-1,1,AB6353,0,4,23
C659,C656,6:24:01,1,-1,1,AB6353,0,4,24
C656,C654/2,6:25:10,1,-1,1,AB6353,0,4,58
C654/2,C653/2,6:26:08,1,-1,1,AB6353,0,4,34
C688/1,C691,6:27:37,1,-1,1,AB6335,0,4,78
C653/2,C692,6:28:12,1,-1,1,AB6353,0,4,100
C692,C689/1,6:29:35,1,-1,1,AB6353,0,4,36
C691,C652,6:30:10,1,-1,1,AB6335,0,4,106
C652,C655,6:30:45,1,-1,2,AB6335,0,4,11
C689/1,T360,6:32:17,1,-1,1,AB6353,0,4,103
C655,C660,6:33:04,1,-1,-1,AB6335,1,4,104
C660,C662,6:33:51,1,-1,-1,AB6335,0,4,23
T360,T376/1,6:34:03,1,-1,1,AB6353,0,4,70
C662,C664,6:34:49,1,-1,-1,AB6335,0,4,23
T376/1,T363/1,6:35:23,1,-1,1,AB6353,0,4,68
C664,C677,6:36:24,1,-1,-1,AB6335,1,4,61
T363/1,T306,6:36:24,1,-1,1,AB6353,0,4,45
T306,T314/2,6:37:23,1,-1,-1,AB6353,0,4,23
C677,C667,6:37:34,1,-1,-1,AB6335,0,4,23
C667,C676,6:38:21,1,-1,-1,AB6335,0,4,11
T318,T319,6:38:32,1,-1,-1,AB6353,0,4,34
C676,C680,6:39:20,1,-1,-1,AB6335,0,4,47
T319,T320,6:39:20,1,-1,-1,AB6353,0,4,35
C680,C669/1,6:40:36,1,-1,-1,AB6335,0,4,47
T336/2,T335,6:41:01,1,-1,1,AB5996,0,4,24
T321/2,T323,6:41:01,1,-1,1,AB6353,0,4,24
T323,T324/2,6:41:24,1,-1,1,AB6353,0,4,11
T335,T338,6:41:48,1,-1,1,AB5996,0,4,11
T324/2,T327,6:42:35,1,-1,1,AB6353,0,4,58
T338,T326/3,6:42:57,1,-1,-1,AB5996,0,4,57
C669/1,C681,6:43:09,1,-1,-1,AB6335,1,4,127
T327,T326/1,6:43:09,1,-1,1,AB6353,0,4,22
T326/3,T332/2,6:43:46,1,-1,1,AB5996,0,4,37
T326/1,T337,6:44:09,1,-1,1,AB6353,0,4,49
C681,C671,6:44:32,1,-1,-1,AB6335,0,4,46
T337,T336/2,6:44:56,1,-1,1,AB6353,0,4,35
T332/2,T325/2,6:45:19,1,-1,1,AB5996,0,4,58
T325/2,T339/2,6:45:58,1,-1,1,AB5996,0,4,24
C671,C695,6:45:58,1,-1,-1,AB6335,0,4,73
T339/2,T313,6:47:08,1,-1,1,AB5996,0,4,46
C695,C673,6:47:42,1,-1,-1,AB6335,0,4,68
T313,T315,6:47:54,1,-1,1,AB5996,0,4,11
C673,C672,6:48:29,1,-1,-1,AB6335,0,4,34
T315,T375,6:49:27,1,-1,1,AB5996,0,4,57
T375,T380,6:50:49,1,-1,1,AB5996,0,4,58
C672,C670,6:50:49,1,-1,-1,AB6335,0,4,104
T380,T379,6:51:12,1,-1,1,AB5996,0,4,11
C670,C679,6:51:35,1,-1,-1,AB6335,0,4,35
T379,T359,6:52:21,1,-1,1,AB5996,0,4,56
T359,T355/1,6:53:21,1,-1,1,AB5996,0,4,47
C679,C694,6:53:34,1,-1,-1,AB6335,0,4,84
C694,C669/2,6:54:19,1,-1,-1,AB6335,0,4,33
C669/2,C687,6:55:05,1,-1,-1,AB6335,0,4,23
C687,C675,6:56:49,1,-1,1,AB6335,0,4,58
C675,C668,6:57:13,1,-1,1,AB6335,0,4,11
C668,C678,6:57:36,1,-1,1,AB6335,0,4,11
C688/1,C691,6:58:33,1,-1,1,AB5996,0,4,33
C678,C663,6:58:33,1,-1,1,AB6335,1,4,45
C663,C661,6:59:19,1,-1,1,AB6335,0,4,35
C691,C652,7:00:06,1,-1,1,AB5996,0,4,59
C661,C659,7:00:06,1,-1,1,AB6335,0,4,22
C652,C655,7:01:03,1,-1,1,AB5996,0,4,34
C659,C656,7:01:03,1,-1,1,AB6335,0,4,34
C655,C657,7:01:50,1,-1,1,AB5996,0,4,34
C656,C654/2,7:02:02,1,-1,1,AB6335,0,4,47
C657,C660,7:03:01,1,-1,1,AB5996,0,4,35
C654/2,C653/2,7:03:14,1,-1,1,AB6335,0,4,59
C660,C662,7:03:47,1,-1,1,AB5996,0,4,11
C653/2,C692,7:05:11,1,-1,1,AB6335,0,4,83
C662,C677,7:05:23,1,-1,1,AB5996,2,4,82
T335,T338,7:05:49,1,-1,1,AB6353,0,4,37
C677,C676,7:06:12,1,-1,-1,AB5996,1,4,34
T338,T326/3,7:06:59,1,-1,-1,AB6353,0,4,58
C692,C689/1,7:06:59,1,-1,1,AB6335,0,4,58
C676,C680,7:07:11,1,-1,-1,AB5996,0,4,46
C680,C669/1,7:07:48,1,-1,1,AB5996,0,4,25
T326/3,T332/2,7:08:00,1,-1,1,AB6353,0,4,49
T332/2,T325/2,7:09:09,1,-1,1,AB6353,0,4,46
T325/2,T339/2,7:09:36,1,-1,1,AB6353,0,4,14
C669/1,C681,7:10:11,1,-1,-1,AB5996,1,4,131
T339/2,T313,7:10:46,1,-1,1,AB6353,0,4,45
C689/1,T360,7:11:09,1,-1,1,AB6335,0,4,107
T313,T315,7:11:44,1,-1,1,AB6353,0,4,11
T360,T376/1,7:12:34,1,-1,1,AB6335,0,4,50
C681,C695,7:12:57,1,-1,-1,AB5996,1,4,142
T315,T375,7:13:35,1,-1,1,AB6353,0,4,75
C695,C673,7:14:43,1,-1,-1,AB5996,0,4,82
T375,T380,7:15:07,1,-1,1,AB6353,0,4,69
T380,T379,7:15:41,1,-1,1,AB6353,0,1,11
C673,C672,7:15:41,1,-1,-1,AB5996,0,1,34
T376/1,T306,7:15:53,1,-1,1,AB6335,1,1,187
T379,T359,7:16:28,1,-1,1,AB6353,0,1,23
T306,T314/2,7:16:51,1,-1,-1,AB6335,0,1,46
T359,T355/1,7:17:27,1,-1,1,AB6353,0,1,47
C672,C670,7:18:02,1,-1,-1,AB5996,0,1,117
T318,T319,7:18:02,1,-1,-1,AB6335,0,1,11
T319,T320,7:18:37,1,-1,-1,AB6335,0,1,23
C670,C679,7:18:49,1,-1,-1,AB5996,0,1,35
T321/2,T323,7:19:58,1,-1,1,AB6335,0,1,22
C679,C694,7:20:32,1,-1,-1,AB5996,0,1,91
T355/1,C688/1,7:21:08,1,-1,1,AB6353,0,1,186
C694,C669/2,7:21:08,1,-1,-1,AB5996,0,1,23
T324/2,T327,7:21:46,1,-1,1,AB6335,0,1,48
T327,T326/1,7:22:56,1,-1,1,AB6335,0,1,34
C688/1,C691,7:23:08,1,-1,1,AB6353,0,1,57
C669/2,C675,7:23:20,1,-1,1,AB5996,1,1,105
C675,C668,7:23:59,1,-1,1,AB5996,0,1,23
C668,C678,7:24:24,1,-1,1,AB5996,0,1,11
T326/1,T336/2,7:24:24,1,-1,1,AB6335,1,1,75
C678,C665,7:25:11,1,-1,1,AB5996,0,1,24
C691,C652,7:25:35,1,-1,1,AB6353,0,1,95
C665,C663,7:25:47,1,-1,1,AB5996,0,4,23
C652,C655,7:26:37,1,-1,1,AB6353,0,4,37
C663,C659,7:27:00,1,-1,1,AB5996,1,4,61
C655,C657,7:27:58,1,-1,1,AB6353,0,4,46
C659,C656,7:28:21,1,-1,1,AB5996,0,4,46
C657,C660,7:29:08,1,-1,1,AB6353,0,4,47
C656,C654/2,7:29:35,1,-1,1,AB5996,0,4,50
C660,C664,7:30:35,1,-1,1,AB6353,1,4,60
C654/2,C653/2,7:30:58,1,-1,1,AB5996,0,4,48
C664,C677,7:31:35,1,-1,1,AB6353,1,4,37
C677,C667,7:32:09,1,-1,1,AB6353,0,4,22
C653/2,C692,7:32:32,1,-1,1,AB5996,0,4,70
C667,C676,7:32:43,1,-1,-1,AB6353,0,4,22
C676,C680,7:34:04,1,-1,-1,AB6353,0,4,58
C692,C689/1,7:34:15,1,-1,1,AB5996,0,4,70
C680,C669/1,7:35:01,1,-1,1,AB6353,0,4,23
T336/2,T335,7:35:47,1,-1,1,AB6335,0,4,23
C669/1,C693,7:36:11,1,-1,1,AB6353,0,4,46
T335,T338,7:36:57,1,-1,1,AB6335,0,4,11
C689/1,T360,7:37:54,1,-1,1,AB5996,0,4,138
T338,T326/3,7:38:29,1,-1,-1,AB6335,0,4,35
C693,C671,7:38:29,1,-1,-1,AB6353,1,4,126
T360,T376/1,7:38:40,1,-1,1,AB5996,0,4,22
T326/3,T332/2,7:39:38,1,-1,1,AB6335,0,4,57
C671,C695,7:40:24,1,-1,-1,AB6353,0,4,81
T332/2,T325/2,7:41:35,1,-1,1,AB6335,0,4,70
T376/1,T306,7:41:47,1,-1,1,AB5996,1,4,175
C695,C673,7:41:59,1,-1,-1,AB6353,0,4,83
T325/2,T339/2,7:42:22,1,-1,1,AB6335,0,4,23
T306,T314/2,7:42:45,1,-1,-1,AB5996,0,4,34
C673,C672,7:43:08,1,-1,1,AB6353,0,4,45
T339/2,T313,7:44:21,1,-1,1,AB6335,0,4,62
T318,T319,7:44:33,1,-1,-1,AB5996,0,4,11
T319,T320,7:45:18,1,-1,-1,AB5996,0,4,22
C672,C670,7:45:53,1,-1,-1,AB6353,0,4,126
T313,T315,7:46:04,1,-1,1,AB6335,0,4,11
T320,T321/2,7:46:04,1,-1,-1,AB5996,0,4,11
C670,C679,7:46:29,1,-1,-1,AB6353,0,4,24
T321/2,T323,7:46:51,1,-1,1,AB5996,0,4,22
T323,T324/2,7:47:37,1,-1,1,AB5996,0,4,11
T315,T375,7:47:48,1,-1,1,AB6335,0,4,57
C679,C694,7:48:00,1,-1,-1,AB6353,0,4,69
C694,C669/2,7:48:59,1,-1,-1,AB6353,0,4,23
T324/2,T327,7:49:34,1,-1,1,AB5996,0,4,81
T375,T380,7:49:46,1,-1,1,AB6335,0,4,82
C669/2,C687,7:49:58,1,-1,1,AB6353,0,4,24
T327,T326/1,7:50:22,1,-1,1,AB5996,0,4,23
C687,C675,7:51:34,1,-1,1,AB6353,0,4,58
T326/1,T337,7:51:58,1,-1,1,AB5996,0,4,82
T380,T355/1,7:52:09,1,-1,1,AB6335,2,4,107
C675,C668,7:52:09,1,-1,1,AB6353,0,4,23
C668,C678,7:52:48,1,-1,1,AB6353,0,4,11
T337,T336/2,7:52:48,1,-1,1,AB5996,0,4,26
C678,C663,7:53:34,1,-1,1,AB6353,1,4,34
C663,C659,7:55:26,1,-1,1,AB6353,1,4,77
C659,C656,7:56:35,1,-1,1,AB6353,0,4,35
C656,C654/2,7:57:34,1,-1,1,AB6353,0,4,47
C688/1,C691,7:58:44,1,-1,1,AB6335,0,4,58
C654/2,C653/2,7:59:19,1,-1,1,AB6353,0,4,82
C653/2,C692,8:01:20,1,-1,1,AB6353,0,4,107
C691,C652,8:01:37,1,-1,1,AB6335,0,4,113
C652,C655,8:02:47,1,-1,1,AB6335,0,4,22
C692,C689/1,8:02:47,1,-1,1,AB6353,0,4,22
C655,C657,8:04:08,1,-1,1,AB6335,0,4,34
C657,C660,8:05:53,1,-1,1,AB6335,0,4,70
C689/1,T360,8:05:53,1,-1,1,AB6353,0,4,127
C660,C662,8:06:52,1,-1,1,AB6335,0,4,22
C662,C664,8:07:49,1,-1,1,AB6335,0,4,34
T360,T376/1,8:08:00,1,-1,1,AB6353,0,4,103
C664,C677,8:08:58,1,-1,1,AB6335,1,4,46
T336/2,T335,8:09:10,1,-1,1,AB5996,0,4,81
T376/1,T363/1,8:09:10,1,-1,1,AB6353,0,4,47
C677,C667,8:09:35,1,-1,1,AB6335,0,4,12
T335,T338,8:09:58,1,-1,1,AB5996,0,4,12
C667,C676,8:10:10,1,-1,-1,AB6335,0,4,23
T363/1,T306,8:10:49,1,-1,1,AB6353,0,4,62
C676,C680,8:11:01,1,-1,-1,AB6335,0,4,39
C680,C669/1,8:12:01,1,-1,1,AB6335,0,4,23
T306,T314/2,8:12:13,1,-1,-1,AB6353,0,4,58
T338,T326/3,8:13:12,1,-1,-1,AB5996,0,4,154
C669/1,C693,8:13:12,1,-1,1,AB6335,0,4,46
T326/3,T332/2,8:14:21,1,-1,1,AB5996,0,4,34
C693,C681,8:14:45,1,-1,-1,AB6335,0,4,69
T318,T319,8:14:56,1,-1,-1,AB6353,0,4,70
C681,C671,8:15:46,1,-1,-1,AB6335,0,4,49
T319,T320,8:15:46,1,-1,-1,AB6353,0,4,26
T320,T321/2,8:16:47,1,-1,-1,AB6353,0,4,11
C671,C695,8:17:10,1,-1,-1,AB6335,0,4,72
T321/2,T323,8:17:57,1,-1,1,AB6353,0,4,23
T332/2,T325/2,8:18:20,1,-1,1,AB5996,0,4,192
C695,C673,8:18:44,1,-1,-1,AB6335,0,4,82
T323,T324/2,8:18:44,1,-1,1,AB6353,0,4,11
T325/2,T339/2,8:19:07,1,-1,1,AB5996,0,4,11
C673,C672,8:19:55,1,-1,-1,AB6335,0,4,35
T339/2,T313,8:21:15,1,-1,2,AB5996,0,4,103
T324/2,T327,8:21:15,1,-1,1,AB6353,0,4,115
T327,T326/1,8:21:49,1,-1,1,AB6353,0,4,22
T313,T315,8:22:36,1,-1,2,AB5996,0,2,11
C672,C670,8:23:11,1,-1,-1,AB6335,0,2,150
T326/1,T337,8:23:11,1,-1,1,AB6353,0,2,70
T337,T336/2,8:24:10,1,-1,1,AB6353,0,2,24
C670,C679,8:24:22,1,-1,-1,AB6335,0,4,35
C679,C694,8:25:49,1,-1,-1,AB6335,0,4,75
T315,T375,8:26:50,1,-1,1,AB5996,0,4,195
C694,C669/2,8:26:50,1,-1,-1,AB6335,0,4,24
C669/2,C687,8:27:49,1,-1,-1,AB6335,0,4,23
T375,T380,8:28:00,1,-1,1,AB5996,0,4,22
T380,T379,8:28:59,1,-1,1,AB5996,0,4,11
C687,C675,8:29:35,1,-1,1,AB6335,0,4,69
T379,T359,8:30:09,1,-1,1,AB5996,0,4,45
C675,C668,8:30:09,1,-1,3,AB6335,0,4,11
C678,C665,8:31:10,1,-1,3,AB6335,0,4,22
T359,T355/1,8:31:22,1,-1,1,AB5996,0,4,46
C665,C661,8:32:11,1,-1,1,AB6335,1,4,49
C661,C659,8:32:46,1,-1,1,AB6335,0,4,23
C659,C656,8:34:21,1,-1,1,AB6335,0,4,35
T355/1,C688/1,8:34:44,1,-1,1,AB5996,0,4,188
T336/2,T335,8:35:30,1,-1,1,AB6353,0,4,23
C656,C654/2,8:35:42,1,-1,1,AB6335,0,4,57
T335,T338,8:36:06,1,-1,1,AB6353,0,4,24
C688/1,C691,8:36:40,1,-1,1,AB5996,0,4,70
T338,T326/3,8:37:27,1,-1,-1,AB6353,0,4,69
C654/2,C653/2,8:37:38,1,-1,1,AB6335,0,4,104
T326/3,T332/2,8:38:24,1,-1,2,AB6353,0,4,34
C691,C652,8:39:00,1,-1,1,AB5996,0,4,93
C653/2,C692,8:39:11,1,-1,1,AB6335,0,4,70
C652,C655,8:40:11,1,-1,1,AB5996,0,4,36
C692,C689/1,8:40:34,1,-1,1,AB6335,0,4,71
C655,C657,8:41:20,1,-1,1,AB5996,0,4,45
T332/2,T325/2,8:41:44,1,-1,1,AB6353,0,4,152
T325/2,T339/2,8:42:18,1,-1,2,AB6353,0,4,22
C657,C660,8:42:30,1,-1,1,AB5996,0,4,45
C660,C664,8:44:03,1,-1,1,AB5996,1,4,68
T339/2,T313,8:44:14,1,-1,2,AB6353,0,4,80
C689/1,T360,8:44:14,1,-1,1,AB6335,0,4,150
C664,C666,8:44:38,1,-1,1,AB5996,0,4,11
C666,C677,8:45:24,1,-1,1,AB5996,0,4,34
T360,T376/1,8:45:24,1,-1,1,AB6335,0,4,22
T313,T315,8:45:47,1,-1,2,AB6353,0,4,46
C677,C667,8:45:47,1,-1,1,AB5996,0,4,11
C667,C676,8:46:11,1,-1,-1,AB5996,0,4,11
C676,C680,8:47:09,1,-1,-1,AB5996,0,4,45
T376/1,T363/1,8:47:09,1,-1,2,AB6335,0,4,81
C680,C669/1,8:48:00,1,-1,1,AB5996,0,4,23
C669/1,C693,8:48:59,1,-1,1,AB5996,0,4,36
T315,T375,8:49:12,1,-1,1,AB6353,0,4,145
T363/1,T306,8:50:01,1,-1,2,AB6335,0,4,132
T375,T380,8:50:24,1,-1,1,AB6353,0,4,23
C693,C681,8:50:36,1,-1,-1,AB5996,0,4,72
T306,T314/2,8:50:48,1,-1,-1,AB6335,0,4,34
T380,T379,8:51:23,1,-1,1,AB6353,0,4,11
T379,T359,8:51:47,1,-1,1,AB6353,0,4,12
T318,T319,8:52:12,1,-1,-1,AB6335,0,4,12
C681,C695,8:52:58,1,-1,-1,AB5996,1,4,130
T319,T320,8:52:58,1,-1,-1,AB6335,0,4,34
T359,T355/1,8:53:35,1,-1,1,AB6353,0,4,70
T320,T321/2,8:53:58,1,-1,-1,AB6335,0,4,11
C695,C672,8:54:57,1,-1,1,AB5996,1,4,94
T321/2,T323,8:54:57,1,-1,1,AB6335,0,4,11
T323,T324/2,8:55:45,1,-1,1,AB6335,0,4,11
C672,C670,8:57:35,1,-1,1,AB5996,0,4,85
T324/2,T327,8:57:35,1,-1,1,AB6335,0,4,85
C670,C679,8:58:20,1,-1,1,AB5996,0,4,23
T327,T326/1,8:58:20,1,-1,1,AB6335,0,4,23
C679,C694,8:59:44,1,-1,-1,AB5996,0,4,69
C688/1,C691,8:59:56,1,-1,1,AB6353,0,4,81
T326/1,T337,8:59:56,1,-1,1,AB6335,0,4,70
C694,C669/2,9:00:35,1,-1,-1,AB5996,0,4,27
T337,T336/2,9:00:47,1,-1,1,AB6335,0,4,11
C669/2,C687,9:01:11,1,-1,1,AB5996,0,4,11
C691,C652,9:01:34,1,-1,1,AB6353,0,4,58
C687,C675,9:02:35,1,-1,1,AB5996,0,4,48
C652,C655,9:02:47,1,-1,1,AB6353,0,4,24
C675,C668,9:03:10,1,-1,1,AB5996,0,4,23
C668,C678,9:03:35,1,-1,1,AB5996,0,4,12
C655,C657,9:03:58,1,-1,1,AB6353,0,4,35
C678,C665,9:04:09,1,-1,1,AB5996,0,4,11
C657,C660,9:05:07,1,-1,1,AB6353,0,4,46
C665,C661,9:05:19,1,-1,1,AB5996,1,4,58
C660,C662,9:05:30,1,-1,1,AB6353,0,4,11
C662,C664,9:06:05,1,-1,1,AB6353,0,4,22
C661,C659,9:06:05,1,-1,1,AB5996,0,4,22
C664,C666,9:06:51,1,-1,1,AB6353,0,4,11
C666,C677,9:07:14,1,-1,1,AB6353,0,4,11
C659,C656,9:07:14,1,-1,1,AB5996,0,4,35
C677,C667,9:08:01,1,-1,1,AB6353,0,4,22
C656,C654/2,9:08:12,1,-1,1,AB5996,0,4,45
C667,C676,9:08:24,1,-1,-1,AB6353,0,4,11
T336/2,T335,9:09:20,1,-1,1,AB6335,0,4,33
C676,C680,9:09:36,1,-1,-1,AB6353,0,4,60
T335,T338,9:10:10,1,-1,1,AB6335,0,4,11
C680,C669/1,9:10:21,1,-1,1,AB6353,0,4,11
C654/2,C653/2,9:10:33,1,-1,1,AB5996,0,4,56
T338,T326/3,9:11:20,1,-1,-1,AB6335,0,4,47
C669/1,C693,9:11:35,1,-1,1,AB6353,0,4,51
T326/3,T332/2,9:12:11,1,-1,1,AB6335,0,4,35
C653/2,C692,9:12:11,1,-1,3,AB5996,0,4,86
C693,C681,9:13:20,1,-1,-1,AB6353,0,4,69
C692,C689/1,9:13:45,1,-1,1,AB5996,0,4,60
T332/2,T325/2,9:14:09,1,-1,1,AB6335,0,4,49
C681,C671,9:14:09,1,-1,-1,AB6353,0,4,35
T325/2,T339/2,9:15:08,1,-1,1,AB6335,0,4,23
C671,C695,9:15:58,1,-1,-1,AB6353,0,4,97
T339/2,T313,9:16:57,1,-1,2,AB6335,0,4,58
C689/1,T360,9:17:08,1,-1,1,AB5996,0,4,120
T313,T315,9:17:57,1,-1,2,AB6335,0,4,23
C695,C673,9:17:57,1,-1,-1,AB6353,0,4,95
T360,T376/1,9:18:09,1,-1,1,AB5996,0,4,34
C673,C672,9:19:09,1,-1,1,AB6353,0,4,49
T376/1,T363/1,9:19:21,1,-1,2,AB5996,0,4,60
T315,T375,9:20:20,1,-1,1,AB6335,0,4,93
T363/1,T306,9:20:35,1,-1,1,AB5996,0,4,50
T306,T314/2,9:21:35,1,-1,-1,AB5996,0,4,36
T375,T380,9:21:47,1,-1,1,AB6335,0,4,48
C672,C670,9:22:11,1,-1,1,AB6353,0,4,133
T380,T379,9:22:33,1,-1,1,AB6335,0,4,11
T379,T359,9:22:57,1,-1,1,AB6335,0,4,12
C670,C679,9:23:21,1,-1,1,AB6353,0,4,36
T319,T320,9:23:33,1,-1,-1,AB5996,0,4,24
T320,T321/2,9:23:57,1,-1,-1,AB5996,0,4,11
T359,T355/1,9:24:21,1,-1,1,AB6335,0,4,71
T321/2,T323,9:24:50,1,-1,1,AB5996,0,4,11
C679,C694,9:25:03,1,-1,-1,AB6353,0,4,89
T323,T324/2,9:25:38,1,-1,1,AB5996,0,4,12
C694,C669/2,9:25:49,1,-1,-1,AB6353,0,4,35
C669/2,C687,9:26:37,1,-1,1,AB6353,0,4,23
T324/2,T326/1,9:27:36,1,-1,1,AB5996,1,4,106
C687,C675,9:27:59,1,-1,1,AB6353,0,4,59
C675,C668,9:28:38,1,-1,1,AB6353,0,4,27
T326/1,T337,9:28:50,1,-1,1,AB5996,0,4,62
C678,C665,9:29:49,1,-1,1,AB6353,0,4,23
T337,T336/2,9:29:49,1,-1,1,AB5996,0,4,23
C665,C663,9:30:12,1,-1,1,AB6353,0,4,11
C688/1,C691,9:30:58,1,-1,1,AB6335,0,4,68
C663,C661,9:30:58,1,-1,1,AB6353,0,4,34
C661,C659,9:31:32,1,-1,1,AB6353,0,4,23
C659,C656,9:33:03,1,-1,1,AB6353,0,4,45
C691,C652,9:33:15,1,-1,1,AB6335,0,4,102
C652,C655,9:34:23,1,-1,1,AB6335,0,4,11
C656,C654/2,9:34:23,1,-1,1,AB6353,0,4,34
C655,C657,9:35:45,1,-1,1,AB6335,0,4,46
C654/2,C653/2,9:36:21,1,-1,1,AB6353,0,4,94
C657,C660,9:36:32,1,-1,1,AB6335,0,4,35
C660,C662,9:37:34,1,-1,1,AB6335,0,4,25
C653/2,C692,9:37:47,1,-1,1,AB6353,0,4,74
C662,C664,9:38:21,1,-1,1,AB6335,0,4,23
C664,C666,9:38:46,1,-1,1,AB6335,0,4,12
C666,C677,9:39:09,1,-1,1,AB6335,0,4,12
T336/2,T335,9:39:47,1,-1,1,AB5996,0,4,25
C677,C667,9:40:00,1,-1,1,AB6335,0,4,24
C692,C689/1,9:40:00,1,-1,1,AB6353,0,4,62
T335,T338,9:40:12,1,-1,1,AB5996,0,4,11
C667,C676,9:40:47,1,-1,-1,AB6335,0,4,23
T338,T326/3,9:41:46,1,-1,-1,AB5996,0,4,59
C676,C680,9:42:10,1,-1,-1,AB6335,0,4,59
C689/1,T360,9:42:22,1,-1,1,AB6353,0,4,106
T326/3,T332/2,9:42:44,1,-1,1,AB5996,0,4,34
C680,C669/1,9:43:08,1,-1,1,AB6335,0,4,35
T360,T376/1,9:43:44,1,-1,1,AB6353,0,4,47
T332/2,T325/2,9:44:18,1,-1,1,AB5996,0,4,58
C669/1,C693,9:44:18,1,-1,1,AB6335,0,4,45
T325/2,T339/2,9:45:05,1,-1,1,AB5996,0,4,22
T376/1,T363/1,9:45:51,1,-1,1,AB6353,0,4,92
C693,C681,9:46:03,1,-1,-1,AB6335,0,4,68
C681,C671,9:47:01,1,-1,-1,AB6335,0,4,47
T339/2,T313,9:47:13,1,-1,1,AB5996,0,4,93
C671,C695,9:48:22,1,-1,-1,AB6335,0,4,69
T363/1,T306,9:48:22,1,-1,1,AB6353,0,4,105
T313,T315,9:48:34,1,-1,1,AB5996,0,4,23
T306,T314/2,9:49:10,1,-1,-1,AB6353,0,4,35
T315,T375,9:49:47,1,-1,1,AB5996,0,4,48
C695,C673,9:49:58,1,-1,-1,AB6335,0,4,84
T375,T380,9:50:47,1,-1,1,AB5996,0,4,24
C673,C672,9:50:58,1,-1,1,AB6335,0,4,36
T318,T319,9:50:58,1,-1,-1,AB6353,0,4,11
T319,T320,9:51:45,1,-1,-1,AB6353,0,4,35
T379,T359,9:52:09,1,-1,1,AB5996,0,4,36
T320,T321/2,9:52:35,1,-1,-1,AB6353,0,4,26
T359,T355/1,9:53:10,1,-1,1,AB5996,0,2,49
T321/2,T323,9:53:34,1,-1,1,AB6353,0,2,23
C672,C670,9:54:08,1,-1,1,AB6335,0,2,143
T323,T324/2,9:54:38,1,-1,1,AB6353,0,2,18
C670,C679,9:55:01,1,-1,1,AB6335,0,2,41
T324/2,T327,9:56:04,1,-1,1,AB6353,0,2,51
C679,C694,9:56:49,1,-1,-1,AB6335,0,2,96
T327,T326/1,9:57:00,1,-1,1,AB6353,0,2,22
C694,C669/2,9:57:48,1,-1,-1,AB6335,0,2,47
C669/2,C687,9:58:34,1,-1,1,AB6335,0,2,23
C688/1,C691,9:59:46,1,-1,1,AB5996,0,2,34
C687,C675,10:00:22,1,-1,1,AB6335,0,2,70
C675,C668,10:00:59,1,-1,1,AB6335,0,2,11
C691,C652,10:01:11,1,-1,1,AB5996,0,2,48
C668,C678,10:01:23,1,-1,1,AB6335,0,2,11
C652,C655,10:02:12,1,-1,1,AB5996,0,2,36
C678,C665,10:02:12,1,-1,1,AB6335,0,2,11
C665,C663,10:02:35,1,-1,1,AB6335,0,2,12
C663,C661,10:03:12,1,-1,1,AB6335,0,4,24
C655,C660,10:03:47,1,-1,1,AB5996,1,4,84
C661,C659,10:04:23,1,-1,1,AB6335,0,4,35
C660,C662,10:04:34,1,-1,1,AB5996,0,4,11
C662,C664,10:05:09,1,-1,1,AB5996,0,4,23
C664,C666,10:05:36,1,-1,1,AB5996,0,4,15
T335,T338,10:05:48,1,-1,1,AB5457,0,4,12
C659,C656,10:06:11,1,-1,1,AB6335,0,4,51
C666,C667,10:06:23,1,-1,1,AB5996,1,4,34
C667,C676,10:06:47,1,-1,-1,AB5996,0,4,12
C656,C654/2,10:06:58,1,-1,1,AB6335,0,4,35
T338,T326/3,10:07:43,1,-1,-1,AB5457,0,4,68
C676,C680,10:07:43,1,-1,-1,AB5996,0,4,45
C680,C669/1,10:08:54,1,-1,1,AB5996,0,4,35
C654/2,C653/2,10:08:54,1,-1,1,AB6335,0,4,93
T326/3,T332/2,10:09:06,1,-1,1,AB5457,0,4,47
C669/1,C693,10:10:04,1,-1,1,AB5996,0,4,57
C653/2,C692,10:11:15,1,-1,1,AB6335,0,4,82
T332/2,T325/2,10:11:26,1,-1,1,AB5457,0,4,82
C693,C681,10:11:38,1,-1,-1,AB5996,0,4,82
T325/2,T339/2,10:12:24,1,-1,1,AB5457,0,4,23
C681,C671,10:12:37,1,-1,-1,AB5996,0,4,48
C692,C689/1,10:12:37,1,-1,1,AB6335,0,4,23
T339/2,T313,10:14:00,1,-1,1,AB5457,0,2,59
C671,C695,10:14:14,1,-1,-1,AB5996,0,2,84
T313,T315,10:15:01,1,-1,1,AB5457,0,2,11
C695,C673,10:15:39,1,-1,-1,AB5996,0,2,74
C689/1,T360,10:15:51,1,-1,1,AB6335,0,2,145
C673,C672,10:16:15,1,-1,1,AB5996,0,2,23
T315,T375,10:17:00,1,-1,1,AB5457,0,2,69
T360,T376/1,10:17:58,1,-1,1,AB6335,0,2,91
T375,T380,10:18:20,1,-1,1,AB5457,0,2,33
C672,C670,10:18:20,1,-1,1,AB5996,0,2,102
C670,C679,10:18:58,1,-1,1,AB5996,0,2,23
T380,T379,10:19:10,1,-1,1,AB5457,0,2,11
T376/1,T363/1,10:19:21,1,-1,1,AB6335,0,2,72
T379,T359,10:20:22,1,-1,1,AB5457,0,2,25
C679,C694,10:20:33,1,-1,-1,AB5996,0,2,83
T363/1,T306,10:20:45,1,-1,1,AB6335,0,2,35
C694,C669/2,10:21:20,1,-1,-1,AB5996,0,2,34
T306,T314/2,10:21:32,1,-1,-1,AB6335,0,2,35
C669/2,C687,10:21:55,1,-1,1,AB5996,0,2,23
T359,T355/1,10:22:08,1,-1,1,AB5457,0,2,71
C687,C675,10:22:58,1,-1,1,AB5996,0,2,50
T318,T319,10:22:58,1,-1,-1,AB6335,0,2,38
C675,C678,10:23:46,1,-1,1,AB5996,1,4,35
T319,T320,10:23:58,1,-1,-1,AB6335,0,4,23
C678,C665,10:24:35,1,-1,1,AB5996,0,4,14
T320,T321/2,10:24:58,1,-1,-1,AB6335,0,4,11
C665,C663,10:25:10,1,-1,1,AB5996,0,4,23
T321/2,T323,10:25:46,1,-1,1,AB6335,0,4,23
C663,C661,10:26:00,1,-1,1,AB5996,0,4,37
C661,C659,10:27:01,1,-1,1,AB5996,0,4,35
T324/2,T327,10:27:37,1,-1,1,AB6335,0,4,48
T327,T326/1,10:28:24,1,-1,1,AB6335,0,4,23
C688/1,C691,10:29:22,1,-1,1,AB5457,0,4,69
C659,C654/2,10:29:22,1,-1,1,AB5996,1,4,116
T326/1,T337,10:29:34,1,-1,1,AB6335,0,4,57
T337,T336/2,10:30:46,1,-1,1,AB6335,0,4,37
C691,C652,10:31:10,1,-1,1,AB5457,0,4,72
C654/2,C653/2,10:31:22,1,-1,1,AB5996,0,4,60
C652,C655,10:32:00,1,-1,1,AB5457,0,4,37
C653/2,C692,10:32:35,1,-1,1,AB5996,0,4,46
C655,C657,10:33:24,1,-1,1,AB5457,0,4,49
C657,C660,10:34:34,1,-1,1,AB5457,0,4,34
C692,C689/1,10:34:34,1,-1,1,AB5996,0,4,34
C660,C662,10:35:33,1,-1,1,AB5457,0,4,23
C662,C664,10:36:07,1,-1,1,AB5457,0,4,22
T336/2,T335,10:36:57,1,-1,1,AB6353,0,4,37
C664,C666,10:36:57,1,-1,1,AB5457,0,4,23
C666,C677,10:37:19,1,-1,1,AB5457,0,4,11
C677,C667,10:37:57,1,-1,-1,AB5457,0,4,11
C689/1,T360,10:38:08,1,-1,1,AB5996,0,4,143
T338,T326/3,10:39:24,1,-1,-1,AB6353,0,4,46
C667,C680,10:39:35,1,-1,-1,AB5457,1,4,87
T326/3,T332/2,10:40:34,1,-1,1,AB6353,0,4,47
C680,C669/1,10:40:34,1,-1,1,AB5457,0,4,24
T360,T376/1,10:40:46,1,-1,1,AB5996,0,4,105
T332/2,T325/2,10:41:56,1,-1,1,AB6353,0,2,58
T376/1,T363/1,10:41:56,1,-1,1,AB5996,0,2,46
C669/1,C693,10:42:20,1,-1,1,AB5457,0,2,70
T325/2,T339/2,10:42:47,1,-1,1,AB6353,0,2,27
T363/1,T306,10:42:58,1,-1,1,AB5996,0,2,50
T306,T314/2,10:43:44,1,-1,-1,AB5996,0,2,34
T339/2,T313,10:44:37,1,-1,1,AB6353,0,2,63
T318,T319,10:45:00,1,-1,-1,AB5996,0,2,11
C693,C671,10:45:23,1,-1,-1,AB5457,1,2,144
T319,T320,10:46:10,1,-1,-1,AB5996,0,2,46
T313,T315,10:46:22,1,-1,1,AB6353,0,2,35
C671,C695,10:46:57,1,-1,-1,AB5457,0,2,81
T320,T321/2,10:47:32,1,-1,-1,AB5996,0,2,12
T315,T375,10:47:44,1,-1,1,AB6353,0,2,70
T375,T380,10:48:31,1,-1,1,AB6353,0,2,23
T321/2,T323,10:48:42,1,-1,1,AB5996,0,2,23
T380,T379,10:49:16,1,-1,1,AB6353,0,2,12
C695,C672,10:49:40,1,-1,1,AB5457,1,2,127
T323,T324/2,10:50:03,1,-1,1,AB5996,0,2,22
T379,T359,10:50:14,1,-1,1,AB6353,0,2,34
T359,T355/1,10:51:49,1,-1,1,AB6353,0,2,59
T324/2,T327,10:51:49,1,-1,1,AB5996,0,2,71
T327,T326/1,10:52:26,1,-1,1,AB5996,0,2,24
C672,C670,10:53:01,1,-1,1,AB5457,0,2,143
C670,C679,10:53:48,1,-1,1,AB5457,0,2,35
T326/1,T337,10:53:48,1,-1,1,AB5996,0,2,70
T337,T336/2,10:55:11,1,-1,1,AB5996,0,2,24
C679,C694,10:55:24,1,-1,-1,AB5457,0,2,72
C694,C669/2,10:56:38,1,-1,-1,AB5457,0,2,47
C669/2,C687,10:57:25,1,-1,1,AB5457,0,2,24
C688/1,C691,10:58:00,1,-1,1,AB6353,0,2,106
C687,C675,10:59:11,1,-1,1,AB5457,0,2,59
C675,C668,10:59:47,1,-1,1,AB5457,0,2,23
C691,C652,10:59:59,1,-1,1,AB6353,0,2,70
C668,C678,11:00:24,1,-1,1,AB5457,0,2,25
C652,C655,11:01:01,1,-1,1,AB6353,0,4,36
C678,C665,11:01:01,1,-1,1,AB5457,0,4,11
C665,C663,11:01:36,1,-1,1,AB5457,0,4,23
C655,C657,11:02:35,1,-1,1,AB6353,0,4,46
C663,C661,11:02:35,1,-1,1,AB5457,0,4,35
C661,C659,11:03:09,1,-1,1,AB5457,0,4,22
C657,C660,11:03:44,1,-1,1,AB6353,0,4,46
C660,C662,11:04:19,1,-1,1,AB6353,0,4,23
C659,C656,11:04:35,1,-1,1,AB5457,0,4,51
C662,C664,11:05:10,1,-1,1,AB6353,0,4,23
C656,C654/2,11:05:44,1,-1,1,AB5457,0,4,57
C664,C666,11:05:56,1,-1,1,AB6353,0,4,12
C666,C677,11:06:23,1,-1,1,AB6353,0,4,12
C677,C667,11:07:13,1,-1,1,AB6353,0,4,24
C667,C676,11:07:37,1,-1,-1,AB6353,0,4,11
C654/2,C653/2,11:08:01,1,-1,1,AB5457,0,4,98
C676,C680,11:09:11,1,-1,-1,AB6353,0,4,58
C680,C669/1,11:10:10,1,-1,1,AB6353,0,4,35
C653/2,C692,11:10:10,1,-1,1,AB5457,0,4,116
T336/2,T335,11:12:00,1,-1,1,AB6335,0,2,24
C669/1,C693,11:12:00,1,-1,1,AB6353,0,2,52
T335,T338,11:12:47,1,-1,1,AB6335,0,2,22
C692,C689/1,11:12:47,1,-1,1,AB5457,0,2,72
C693,C681,11:13:48,1,-1,-1,AB6353,0,2,83
T338,T326/3,11:14:37,1,-1,-1,AB6335,0,2,60
C681,C671,11:15:12,1,-1,-1,AB6353,0,2,59
T326/3,T332/2,11:15:47,1,-1,1,AB6335,0,2,23
C689/1,T360,11:16:21,1,-1,1,AB5457,0,2,128
C671,C695,11:17:07,1,-1,-1,AB6353,0,2,92
T332/2,T325/2,11:17:54,1,-1,1,AB6335,0,2,58
T325/2,T339/2,11:18:53,1,-1,1,AB6335,0,2,23
C695,C673,11:19:16,1,-1,-1,AB6353,0,2,116
T360,T376/1,11:19:16,1,-1,1,AB5457,0,2,128
C673,C672,11:20:13,1,-1,-1,AB6353,0,2,35
T339/2,T313,11:20:59,1,-1,1,AB6335,0,2,69
T376/1,T363/1,11:21:22,1,-1,1,AB5457,0,2,114
T313,T315,11:22:59,1,-1,1,AB6335,0,2,23
T363/1,T306,11:23:23,1,-1,1,AB5457,0,2,86
C672,C670,11:23:34,1,-1,-1,AB6353,0,2,155
T306,T314/2,11:24:22,1,-1,-1,AB5457,0,2,47
C670,C679,11:24:39,1,-1,-1,AB6353,0,2,41
T315,T375,11:24:50,1,-1,1,AB6335,0,2,98
T375,T380,11:25:48,1,-1,1,AB6335,0,2,11
C679,C694,11:26:11,1,-1,-1,AB6353,0,2,81
T379,T359,11:27:24,1,-1,1,AB6335,0,2,11
C694,C669/2,11:27:24,1,-1,-1,AB6353,0,2,47
T319,T320,11:27:36,1,-1,-1,AB5457,0,2,35
C669/2,C687,11:28:24,1,-1,1,AB6353,0,2,22
T320,T321/2,11:28:36,1,-1,-1,AB5457,0,2,11
T359,T355/1,11:28:47,1,-1,1,AB6335,0,2,58
T321/2,T323,11:29:56,1,-1,1,AB5457,0,2,34
C687,C675,11:30:09,1,-1,1,AB6353,0,2,70
C675,C668,11:30:34,1,-1,1,AB6353,0,2,12
T323,T324/2,11:30:34,1,-1,1,AB5457,0,2,13
C668,C678,11:31:20,1,-1,1,AB6353,0,4,23
T324/2,T327,11:32:07,1,-1,1,AB5457,0,4,58
C678,C661,11:33:07,1,-1,2,AB6353,2,4,94
T327,T326/1,11:33:07,1,-1,1,AB5457,0,4,35
C661,C659,11:33:47,1,-1,1,AB6353,0,4,28
T326/1,T337,11:34:11,1,-1,1,AB5457,0,4,51
C659,C656,11:35:09,1,-1,1,AB6353,0,4,35
T337,T336/2,11:35:09,1,-1,1,AB5457,0,4,35
C688/1,C691,11:36:16,1,-1,1,AB6335,0,4,66
C656,C654/2,11:36:16,1,-1,1,AB6353,0,4,53
C691,C652,11:39:01,1,-1,1,AB6335,0,4,108
C652,C655,11:40:23,1,-1,1,AB6335,0,4,35
C692,C689/1,11:41:44,1,-1,1,AB6353,0,4,56
C655,C662,11:42:57,1,-1,1,AB6335,2,4,118
C662,C664,11:43:31,1,-1,1,AB6335,0,4,22
C664,C666,11:43:54,1,-1,1,AB6335,0,4,11
C666,C667,11:44:49,1,-1,1,AB6335,1,4,40
T336/2,T335,11:45:33,1,-1,1,AB5996,0,4,33
C689/1,T360,11:45:33,1,-1,1,AB6353,0,4,167
C667,C680,11:46:07,1,-1,-1,AB6335,1,4,67
T335,T338,11:46:19,1,-1,1,AB5996,0,4,11
C680,C669/1,11:46:34,1,-1,1,AB6335,0,4,14
T360,T376/1,11:46:34,1,-1,1,AB6353,0,4,14
T338,T326/3,11:47:33,1,-1,-1,AB5996,0,4,47
C669/1,C693,11:48:06,1,-1,1,AB6335,0,4,56
T326/3,T332/2,11:48:41,1,-1,1,AB5996,0,4,57
T376/1,T363/1,11:49:15,1,-1,1,AB6353,0,4,114
C693,C681,11:49:51,1,-1,-1,AB6335,0,4,81
T332/2,T325/2,11:50:14,1,-1,1,AB5996,0,4,58
T325/2,T339/2,11:50:50,1,-1,1,AB5996,0,4,11
C681,C671,11:51:02,1,-1,-1,AB6335,0,4,47
T363/1,T306,11:51:02,1,-1,1,AB6353,0,4,47
T339/2,T313,11:52:26,1,-1,1,AB5996,0,4,60
T306,T318,11:52:26,1,-1,-1,AB6353,1,4,72
T313,T315,11:53:01,1,-1,1,AB5996,0,4,12
C671,C673,11:53:50,1,-1,-1,AB6335,1,4,156
T315,T375,11:54:51,1,-1,1,AB5996,0,4,86
C673,C672,11:54:51,1,-1,1,AB6335,0,4,36
T318,T319,11:54:51,1,-1,-1,AB6353,0,4,61
T319,T320,11:55:51,1,-1,-1,AB6353,0,4,47
T320,T321/2,11:56:37,1,-1,-1,AB6353,0,4,11
T375,T380,11:57:12,1,-1,1,AB5996,0,4,81
C672,C670,11:57:36,1,-1,1,AB6335,0,4,117
T380,T379,11:57:58,1,-1,1,AB5996,0,4,11
C670,C679,11:58:21,1,-1,1,AB6335,0,4,33
T321/2,T323,11:58:47,1,-1,1,AB6353,0,4,71
T379,T355/1,11:59:23,1,-1,1,AB5996,1,4,73
T323,T324/2,11:59:49,1,-1,1,AB6353,0,4,11
C679,C694,12:00:24,1,-1,-1,AB6335,0,4,84
C694,C669/2,12:01:12,1,-1,-1,AB6335,0,4,24
T324/2,T327,12:01:36,1,-1,1,AB6353,0,4,60
T327,T326/1,12:02:22,1,-1,1,AB6353,0,4,34
C669/2,C687,12:02:35,1,-1,1,AB6335,0,4,24
C687,C675,12:03:45,1,-1,1,AB6335,0,4,58
T326/1,T337,12:03:57,1,-1,1,AB6353,0,4,70
C688/1,C691,12:04:36,1,-1,1,AB5996,0,4,15
T337,T336/2,12:04:47,1,-1,1,AB6353,0,4,38
C675,C678,12:04:58,1,-1,1,AB6335,1,4,38
C678,C665,12:06:21,1,-1,1,AB6335,0,4,46
C691,C652,12:06:36,1,-1,1,AB5996,0,4,85
C665,C663,12:07:00,1,-1,1,AB6335,0,4,23
C652,C655,12:07:34,1,-1,1,AB5996,0,4,23
C663,C661,12:07:34,1,-1,1,AB6335,0,4,23
C661,C659,12:08:09,1,-1,1,AB6335,0,4,22
C655,C657,12:08:59,1,-1,1,AB5996,0,4,49
C659,C656,12:09:22,1,-1,1,AB6335,0,4,34
C657,C660,12:09:48,1,-1,1,AB5996,0,4,37
C656,C654/2,12:10:23,1,-1,1,AB6335,0,4,46
C660,C662,12:10:35,1,-1,1,AB5996,0,4,23
C662,C664,12:11:10,1,-1,1,AB5996,0,4,23
C654/2,C653/2,12:12:34,1,-1,1,AB6335,0,2,84
C664,C680,12:13:46,1,-1,-1,AB5996,4,2,142
C653/2,C692,12:13:46,1,-1,1,AB6335,0,2,60
C680,C669/1,12:14:09,1,-1,1,AB5996,0,2,11
C692,C689/1,12:15:09,1,-1,1,AB6335,0,2,23
C669/1,C693,12:15:21,1,-1,1,AB5996,0,2,47
C693,C681,12:16:35,1,-1,-1,AB5996,0,2,60
C681,C695,12:19:00,1,-1,-1,AB5996,1,2,132
C689/1,T360,12:19:00,1,-1,1,AB6335,0,2,144
T360,T376/1,12:19:35,1,-1,1,AB6335,0,2,23
T376/1,T363/1,12:21:00,1,-1,1,AB6335,0,2,73
C695,C672,12:21:24,1,-1,1,AB5996,1,2,132
T336/2,T335,12:21:47,1,-1,1,AB6353,0,4,22
T335,T338,12:22:21,1,-1,1,AB6353,0,4,11
T363/1,T306,12:23:20,1,-1,1,AB6335,0,4,105
T338,T326/3,12:23:35,1,-1,-1,AB6353,0,4,62
C672,C670,12:23:35,1,-1,1,AB5996,0,4,119
T326/3,T332/2,12:24:22,1,-1,1,AB6353,0,4,35
C670,C679,12:24:22,1,-1,1,AB5996,0,4,35
T306,T314/2,12:24:45,1,-1,-1,AB6335,0,4,58
T314/2,T318,12:25:56,1,-1,-1,AB6335,0,4,11
T332/2,T325/2,12:26:35,1,-1,1,AB6353,0,4,62
C679,C694,12:26:35,1,-1,-1,AB5996,0,4,87
T325/2,T339/2,12:27:11,1,-1,1,AB6353,0,4,24
C694,C669/2,12:27:23,1,-1,-1,AB5996,0,4,11
T319,T320,12:27:38,1,-1,-1,AB6335,0,4,38
C669/2,C687,12:28:15,1,-1,1,AB5996,0,4,37
T339/2,T313,12:28:38,1,-1,1,AB6353,0,4,48
T320,T321/2,12:28:50,1,-1,-1,AB6335,0,4,11
C687,C675,12:29:37,1,-1,1,AB5996,0,4,58
T313,T315,12:29:49,1,-1,1,AB6353,0,4,11
T321/2,T323,12:30:01,1,-1,1,AB6335,0,4,23
C675,C668,12:30:13,1,-1,1,AB5996,0,4,23
C668,C678,12:30:37,1,-1,1,AB5996,0,4,12
T323,T324/2,12:30:49,1,-1,1,AB6335,0,4,24
C678,C665,12:31:24,1,-1,1,AB5996,0,4,22
T315,T375,12:31:48,1,-1,1,AB6353,0,4,83
C665,C663,12:31:48,1,-1,1,AB5996,0,4,11
T375,T380,12:32:46,1,-1,1,AB6353,0,4,22
C663,C661,12:32:58,1,-1,1,AB5996,0,4,34
T324/2,T327,12:33:09,1,-1,1,AB6335,0,4,57
T380,T379,12:33:33,1,-1,1,AB6353,0,4,11
C661,C659,12:33:33,1,-1,1,AB5996,0,4,23
T327,T326/1,12:33:44,1,-1,1,AB6335,0,4,23
C659,C656,12:34:30,1,-1,1,AB5996,0,4,34
T326/1,T337,12:34:41,1,-1,1,AB6335,0,4,45
T379,T355/1,12:35:27,1,-1,1,AB6353,1,4,79
C656,C654/2,12:35:53,1,-1,1,AB5996,0,4,48
T337,T336/2,12:35:53,1,-1,1,AB6335,0,4,36
C654/2,C653/2,12:37:41,1,-1,1,AB5996,0,4,72
C653/2,C692,12:39:51,1,-1,1,AB5996,0,4,116
C688/1,C691,12:40:39,1,-1,1,AB6353,0,4,24
C692,C689/1,12:41:37,1,-1,1,AB5996,0,4,71
C691,C652,12:42:12,1,-1,1,AB6353,0,4,46
C652,C655,12:43:23,1,-1,1,AB6353,0,4,35
C689/1,T360,12:44:11,1,-1,1,AB5996,0,4,108
C655,C657,12:44:57,1,-1,1,AB6353,0,4,46
C657,C660,12:45:45,1,-1,1,AB6353,0,4,34
T360,T376/1,12:46:18,1,-1,1,AB5996,0,4,104
C660,C664,12:47:20,1,-1,1,AB6353,1,4,62
T376/1,T363/1,12:47:20,1,-1,1,AB5996,0,4,36
C664,C666,12:47:44,1,-1,1,AB6353,0,4,11
C666,C667,12:48:54,1,-1,1,AB6353,1,4,47
T363/1,T306,12:49:06,1,-1,1,AB5996,0,4,46
C667,C676,12:49:37,1,-1,-1,AB6353,0,4,19
T306,T314/2,12:49:49,1,-1,-1,AB5996,0,4,30
C676,C680,12:50:47,1,-1,-1,AB6353,0,4,58
C680,C669/1,12:51:45,1,-1,1,AB6353,0,4,23
T318,T319,12:52:32,1,-1,-1,AB5996,0,4,93
C669/1,C693,12:53:33,1,-1,1,AB6353,0,4,83
T319,T320,12:53:45,1,-1,-1,AB5996,0,4,48
T320,T321/2,12:55:08,1,-1,-1,AB5996,0,4,11
C693,C681,12:55:21,1,-1,-1,AB6353,0,4,71
T336/2,T335,12:55:35,1,-1,1,AB6335,0,4,26
T321/2,T323,12:56:34,1,-1,1,AB5996,0,4,36
T323,T324/2,12:57:08,1,-1,1,AB5996,0,4,22
C681,C695,12:58:10,1,-1,-1,AB6353,1,4,155
T338,T326/3,12:58:49,1,-1,-1,AB6335,0,4,61
T324/2,T327,12:58:49,1,-1,1,AB5996,0,4,61
T327,T326/1,12:59:39,1,-1,1,AB5996,0,4,38
C695,C673,13:00:02,1,-1,-1,AB6353,0,4,100
T326/3,T332/2,13:00:14,1,-1,1,AB6335,0,4,73
T326/1,T337,13:00:38,1,-1,1,AB5996,0,4,47
C673,C672,13:00:51,1,-1,-1,AB6353,0,4,37
T337,T336/2,13:01:50,1,-1,1,AB5996,0,4,36
T332/2,T325/2,13:02:13,1,-1,1,AB6335,0,4,70
T325/2,T339/2,13:03:11,1,-1,1,AB6335,0,4,35
T339/2,T313,13:05:25,1,-1,1,AB6335,0,4,98
T313,T315,13:06:36,1,-1,1,AB6335,0,4,12
T315,T375,13:08:12,1,-1,1,AB6335,0,4,72
C670,C679,13:09:24,1,-1,-1,AB6353,0,4,34
T375,T380,13:10:12,1,-1,1,AB6335,0,4,83
T380,T379,13:10:49,1,-1,1,AB6335,0,4,11
C679,C694,13:11:13,1,-1,-1,AB6353,0,4,85
C694,C669/2,13:12:25,1,-1,-1,AB6353,0,4,24
T379,T355/1,13:13:00,1,-1,1,AB6335,1,4,107
C669/2,C687,13:13:35,1,-1,1,AB6353,0,4,34
C687,C675,13:15:11,1,-1,1,AB6353,0,4,72
C675,C668,13:15:46,1,-1,1,AB6353,0,4,23
C678,C665,13:16:46,1,-1,1,AB6353,0,4,35
C663,C661,13:17:48,1,-1,1,AB6353,0,4,26
C661,C659,13:18:21,1,-1,1,AB6353,0,4,22
C688/1,C691,13:19:19,1,-1,1,AB6335,0,4,34
C659,C656,13:19:19,1,-1,1,AB6353,0,4,34
C656,C654/2,13:20:22,1,-1,1,AB6353,0,4,36
C691,C652,13:21:37,1,-1,1,AB6335,0,4,86
C654/2,C653/2,13:22:13,1,-1,1,AB6353,0,4,72
C652,C655,13:23:25,1,-1,1,AB6335,0,4,35
C653/2,C692,13:23:37,1,-1,1,AB6353,0,4,72
C692,C689/1,13:24:11,1,-1,1,AB6353,0,4,11
C655,C657,13:24:25,1,-1,1,AB6335,0,4,48
C657,C660,13:25:11,1,-1,1,AB6335,0,4,34
C660,C662,13:25:58,1,-1,1,AB6335,0,4,24
C662,C664,13:26:34,1,-1,1,AB6335,0,4,24
C664,C666,13:26:57,1,-1,1,AB6335,0,4,11
C666,C677,13:27:22,1,-1,1,AB6335,0,4,12
C689/1,T360,13:27:22,1,-1,1,AB6353,0,4,154
C677,C667,13:27:45,1,-1,1,AB6335,0,4,11
T336/2,T335,13:29:06,1,-1,1,AB5996,0,4,22
C667,C680,13:29:17,1,-1,-1,AB6335,1,4,80
C680,C669/1,13:29:54,1,-1,1,AB6335,0,4,23
T335,T338,13:30:06,1,-1,1,AB5996,0,4,12
T360,T376/1,13:30:06,1,-1,1,AB6353,0,4,107
C669/1,C693,13:31:17,1,-1,1,AB6335,0,4,58
T338,T326/3,13:31:29,1,-1,-1,AB5996,0,4,59
T376/1,T363/1,13:31:52,1,-1,1,AB6353,0,4,70
T326/3,T332/2,13:32:39,1,-1,1,AB5996,0,4,46
C693,C681,13:32:39,1,-1,-1,AB6335,0,4,69
C681,C671,13:33:38,1,-1,-1,AB6335,0,4,47
T363/1,T306,13:33:38,1,-1,1,AB6353,0,4,71
T332/2,T325/2,13:34:01,1,-1,1,AB5996,0,4,57
T325/2,T339/2,13:34:36,1,-1,1,AB5996,0,4,11
T306,T314/2,13:34:48,1,-1,-1,AB6353,0,4,47
C671,C695,13:35:02,1,-1,-1,AB6335,0,4,72
T314/2,T318,13:35:39,1,-1,-1,AB6353,0,4,12
T339/2,T313,13:36:26,1,-1,1,AB5996,0,4,59
C695,C673,13:36:38,1,-1,-1,AB6335,0,4,83
T313,T315,13:37:24,1,-1,1,AB5996,0,4,23
T319,T320,13:37:36,1,-1,-1,AB6353,0,4,57
C673,C672,13:37:49,1,-1,3,AB6335,0,4,37
T315,T375,13:38:58,1,-1,1,AB5996,0,4,68
T320,T321/2,13:39:10,1,-1,-1,AB6353,0,4,23
T375,T380,13:39:57,1,-1,1,AB5996,0,4,23
C672,C670,13:40:44,1,-1,1,AB6335,0,4,140
T321/2,T323,13:40:44,1,-1,1,AB6353,0,4,35
T380,T359,13:41:06,1,-1,1,AB5996,1,4,46
T323,T324/2,13:41:43,1,-1,1,AB6353,0,4,11
C670,C679,13:42:07,1,-1,1,AB6335,0,4,35
T359,T355/1,13:42:19,1,-1,1,AB5996,0,4,60
T324/2,T327,13:43:18,1,-1,1,AB6353,0,4,83
C679,C694,13:44:04,1,-1,-1,AB6335,0,4,93
T327,T326/1,13:44:04,1,-1,1,AB6353,0,4,23
C694,C669/2,13:45:26,1,-1,-1,AB6335,0,4,47
T326/1,T337,13:45:37,1,-1,1,AB6353,0,4,81
C669/2,C687,13:46:23,1,-1,2,AB6335,0,4,23
T337,T336/2,13:46:35,1,-1,1,AB6353,0,4,35
C687,C675,13:47:33,1,-1,2,AB6335,0,4,57
C675,C668,13:48:10,1,-1,1,AB6335,0,4,13
C688/1,C691,13:48:22,1,-1,1,AB5996,0,4,61
C668,C678,13:48:34,1,-1,1,AB6335,0,4,11
C678,C663,13:49:39,1,-1,1,AB6335,1,4,53
C663,C661,13:50:23,1,-1,1,AB6335,0,4,33
C661,C659,13:50:58,1,-1,1,AB6335,0,4,23
C691,C652,13:51:09,1,-1,1,AB5996,0,4,119
C652,C655,13:52:11,1,-1,1,AB5996,0,4,35
C659,C656,13:52:34,1,-1,1,AB6335,0,4,46
C655,C657,13:53:23,1,-1,1,AB5996,0,4,48
C656,C654/2,13:53:36,1,-1,1,AB6335,0,4,49
C657,C660,13:54:22,1,-1,1,AB5996,0,4,46
C660,C662,13:55:00,1,-1,1,AB5996,0,4,11
C654/2,C653/2,13:55:00,1,-1,1,AB6335,0,4,60
C662,C666,13:56:09,1,-1,1,AB5996,1,4,58
C666,C677,13:56:35,1,-1,1,AB5996,0,4,14
C653/2,C692,13:56:47,1,-1,1,AB6335,0,4,60
C692,C689/1,13:58:18,1,-1,1,AB6335,0,4,22
C677,C680,13:58:42,1,-1,-1,AB5996,2,4,103
C680,C669/1,13:59:16,1,-1,1,AB5996,0,4,22
C669/1,C681,14:01:48,1,-1,-1,AB5996,1,4,129
C689/1,T360,14:02:12,1,-1,1,AB6335,0,4,164
T360,T376/1,14:03:35,1,-1,1,AB6335,0,4,59
C681,C695,14:04:11,1,-1,-1,AB5996,1,4,130
T376/1,T363/1,14:05:30,1,-1,1,AB6335,0,4,103
T336/2,T335,14:05:53,1,-1,1,AB6353,0,4,34
C695,C673,14:06:05,1,-1,-1,AB5996,0,4,91
C673,C672,14:06:40,1,-1,1,AB5996,0,4,23
T335,T338,14:06:52,1,-1,1,AB6353,0,4,23
T363/1,T306,14:07:50,1,-1,1,AB6335,0,4,81
T338,T326/3,14:08:02,1,-1,-1,AB6353,0,4,58
T306,T314/2,14:08:47,1,-1,-1,AB6335,0,4,45
T326/3,T332/2,14:08:59,1,-1,1,AB6353,0,4,33
C672,C679,14:09:33,1,-1,1,AB5996,1,4,150
T318,T319,14:10:46,1,-1,-1,AB6335,0,4,11
T332/2,T325/2,14:10:58,1,-1,1,AB6353,0,4,71
C679,C694,14:11:10,1,-1,-1,AB5996,0,4,84
T325/2,T339/2,14:11:34,1,-1,1,AB6353,0,4,12
T319,T320,14:11:58,1,-1,-1,AB6335,0,4,48
C694,C669/2,14:12:10,1,-1,-1,AB5996,0,4,47
C669/2,C687,14:12:59,1,-1,1,AB5996,0,4,24
T339/2,T313,14:13:23,1,-1,1,AB6353,0,4,72
T313,T315,14:14:22,1,-1,1,AB6353,0,4,23
C687,C668,14:14:45,1,-1,1,AB5996,1,4,81
T321/2,T323,14:14:45,1,-1,1,AB6335,0,4,22
C668,C678,14:15:08,1,-1,1,AB5996,0,4,11
T323,T324/2,14:15:57,1,-1,1,AB6335,0,4,11
T315,T375,14:16:08,1,-1,1,AB6353,0,4,71
T324/2,T327,14:17:08,1,-1,1,AB6335,0,4,59
T375,T380,14:17:20,1,-1,1,AB6353,0,4,36
C678,C659,14:17:20,1,-1,1,AB5996,3,4,120
T380,T379,14:17:57,1,-1,1,AB6353,0,4,11
T327,T326/1,14:17:57,1,-1,1,AB6335,0,4,37
C659,C656,14:18:44,1,-1,1,AB5996,0,4,46
T379,T359,14:19:08,1,-1,1,AB6353,0,4,23
T326/1,T337,14:19:35,1,-1,1,AB6335,0,4,84
C656,C654/2,14:19:59,1,-1,1,AB5996,0,4,50
T337,T336/2,14:20:23,1,-1,1,AB6335,0,4,35
T359,T355/1,14:20:46,1,-1,1,AB6353,0,4,70
C654/2,C653/2,14:22:04,1,-1,1,AB5996,0,4,89
C653/2,C692,14:22:51,1,-1,1,AB5996,0,4,35
C692,C689/1,14:25:21,1,-1,1,AB5996,0,4,102
C688/1,C691,14:26:48,1,-1,1,AB6353,0,4,59
C689/1,T360,14:28:32,1,-1,1,AB5996,0,4,127
C691,C652,14:29:06,1,-1,1,AB6353,0,4,103
C652,C655,14:29:53,1,-1,2,AB6353,0,4,34
T360,T376/1,14:30:05,1,-1,1,AB5996,0,4,23
C655,C657,14:31:15,1,-1,1,AB6353,0,4,47
C657,C660,14:32:13,1,-1,1,AB6353,0,4,46
C660,C662,14:33:13,1,-1,1,AB6353,0,4,25
T376/1,T363/1,14:33:26,1,-1,1,AB5996,0,4,131
C662,C664,14:34:00,1,-1,1,AB6353,0,4,34
C664,C666,14:34:24,1,-1,1,AB6353,0,4,11
T363/1,T306,14:35:11,1,-1,2,AB5996,0,4,47
C666,C676,14:35:49,1,-1,-1,AB6353,2,4,73
T306,T314/2,14:35:49,1,-1,-1,AB5996,0,4,26
T318,T319,14:37:56,1,-1,-1,AB5996,0,4,11
C676,C669/1,14:38:09,1,-1,1,AB6353,1,4,104
T319,T320,14:39:09,1,-1,-1,AB5996,0,4,59
T336/2,T335,14:39:20,1,-1,1,AB6335,0,4,33
C669/1,C693,14:39:47,1,-1,1,AB6353,0,4,60
T320,T321/2,14:40:46,1,-1,-1,AB5996,0,4,11
C693,C681,14:41:34,1,-1,-1,AB6353,0,4,96
T338,T326/3,14:41:58,1,-1,-1,AB6335,0,4,71
T321/2,T323,14:42:10,1,-1,1,AB5996,0,4,35
T326/3,T332/2,14:42:58,1,-1,1,AB6335,0,4,35
T323,T324/2,14:42:58,1,-1,1,AB5996,0,4,12
C681,C671,14:43:23,1,-1,-1,AB6353,0,4,84
T332/2,T325/2,14:44:34,1,-1,1,AB6335,0,4,57
T324/2,T327,14:44:34,1,-1,1,AB5996,0,4,57
C671,C695,14:45:10,1,-1,-1,AB6353,0,4,82
T325/2,T339/2,14:45:45,1,-1,1,AB6335,0,4,35
T327,T326/1,14:45:45,1,-1,1,AB5996,0,4,46
T326/1,T337,14:47:28,1,-1,1,AB5996,0,4,90
T339/2,T315,14:48:03,1,-1,1,AB6335,1,4,113
C695,C672,14:48:17,1,-1,1,AB6353,1,4,127
T337,T336/2,14:48:17,1,-1,1,AB5996,0,4,37
T315,T375,14:49:39,1,-1,1,AB6335,0,4,81
T375,T380,14:51:03,1,-1,1,AB6335,0,4,35
C672,C670,14:51:03,1,-1,1,AB6353,0,4,130
T380,T379,14:51:37,1,-1,1,AB6335,0,4,11
C670,C679,14:51:50,1,-1,1,AB6353,0,4,35
C679,C694,14:53:14,1,-1,-1,AB6353,0,2,71
T379,T355/1,14:53:26,1,-1,1,AB6335,1,2,95
C694,C669/2,14:54:01,1,-1,-1,AB6353,0,2,23
C669/2,C675,14:56:21,1,-1,1,AB6353,1,2,103
C675,C668,14:56:45,1,-1,1,AB6353,0,2,11
C668,C678,14:57:20,1,-1,1,AB6353,0,2,22
C678,C661,14:59:09,1,-1,1,AB6353,2,2,83
C688/1,C691,14:59:56,1,-1,1,AB6335,0,2,35
C661,C659,15:00:19,1,-1,1,AB6353,0,2,34
C659,C656,15:01:26,1,-1,1,AB6353,0,2,34
C691,C652,15:02:25,1,-1,1,AB6335,0,4,105
C656,C654/2,15:02:38,1,-1,1,AB6353,0,4,47
C652,C655,15:03:25,1,-1,1,AB6335,0,4,35
C655,C657,15:04:35,1,-1,1,AB6335,0,4,34
C657,C660,15:05:48,1,-1,3,AB6335,0,4,48
C660,C662,15:06:11,1,-1,1,AB6335,0,4,11
C662,C664,15:06:58,1,-1,1,AB6335,0,4,35
C664,C677,15:07:33,1,-1,1,AB6335,1,4,23
C692,C689/1,15:07:33,1,-1,1,AB6353,0,4,23
C677,C667,15:08:09,1,-1,1,AB6335,0,4,23
C667,C676,15:08:34,1,-1,-1,AB6335,0,4,12
C676,C680,15:09:36,1,-1,-1,AB6335,0,4,49
C680,C669/1,15:10:36,1,-1,1,AB6335,0,4,24
C689/1,T360,15:11:01,1,-1,1,AB6353,0,4,147
C669/1,C693,15:11:59,1,-1,1,AB6335,0,4,57
T336/2,T335,15:13:20,1,-1,1,AB5996,0,4,45
C693,C681,15:13:20,1,-1,-1,AB6335,0,4,69
T335,T338,15:14:11,1,-1,1,AB5996,0,4,11
C681,C671,15:14:11,1,-1,-1,AB6335,0,4,34
C671,C695,15:15:47,1,-1,-1,AB6335,0,4,84
T338,T326/3,15:16:34,1,-1,-1,AB5996,0,4,84
T363/1,T306,15:16:47,1,-1,2,AB6353,0,4,71
T326/3,T332/2,15:17:22,1,-1,1,AB5996,0,4,34
C695,C673,15:17:22,1,-1,-1,AB6335,0,4,82
T306,T318,15:17:48,1,-1,-1,AB6353,1,4,49
C673,C672,15:18:22,1,-1,1,AB6335,0,4,33
T332/2,T325/2,15:19:37,1,-1,1,AB5996,0,4,97
T325/2,T339/2,15:20:00,1,-1,1,AB5996,0,4,11
T318,T319,15:20:23,1,-1,-1,AB6353,0,4,98
C672,C670,15:21:10,1,-1,1,AB6335,0,4,145
T319,T320,15:21:21,1,-1,-1,AB6353,0,4,47
T339/2,T313,15:21:33,1,-1,2,AB5996,0,4,59
C670,C679,15:21:56,1,-1,1,AB6335,0,4,34
T320,T321/2,15:22:39,1,-1,-1,AB6353,0,4,18
C679,C694,15:23:39,1,-1,-1,AB6335,0,4,89
T313,T315,15:23:50,1,-1,2,AB5996,0,4,36
T321/2,T323,15:24:14,1,-1,1,AB6353,0,4,35
C694,C669/2,15:24:38,1,-1,-1,AB6335,0,4,47
T323,T324/2,15:25:12,1,-1,1,AB6353,0,4,11
C669/2,C687,15:25:23,1,-1,1,AB6335,0,4,22
C687,C675,15:26:44,1,-1,1,AB6335,0,4,69
T324/2,T327,15:26:44,1,-1,1,AB6353,0,4,80
C675,C668,15:27:09,1,-1,1,AB6335,0,4,11
T327,T326/1,15:27:20,1,-1,1,AB6353,0,4,22
T315,T375,15:27:32,1,-1,1,AB5996,0,4,186
C668,C678,15:27:32,1,-1,1,AB6335,0,4,11
C678,C665,15:28:19,1,-1,1,AB6335,0,4,11
T375,T380,15:28:46,1,-1,1,AB5996,0,4,27
C665,C663,15:28:46,1,-1,1,AB6335,0,4,11
T326/1,T337,15:29:09,1,-1,1,AB6353,0,4,73
C663,C661,15:29:21,1,-1,1,AB6335,0,4,22
T380,T379,15:29:32,1,-1,1,AB5996,0,4,22
C661,C659,15:29:56,1,-1,1,AB6335,0,4,24
T379,T359,15:30:09,1,-1,1,AB5996,0,4,24
T337,T336/2,15:30:21,1,-1,1,AB6353,0,4,36
C659,C656,15:31:21,1,-1,1,AB6335,0,4,35
T359,T355/1,15:31:33,1,-1,1,AB5996,0,4,71
C656,C654/2,15:32:31,1,-1,1,AB6335,0,4,47
C654/2,C653/2,15:34:17,1,-1,1,AB6335,0,4,71
C653/2,C692,15:36:01,1,-1,1,AB6335,0,4,92
C688/1,C691,15:37:36,1,-1,1,AB5996,0,4,71
C692,C689/1,15:37:36,1,-1,1,AB6335,0,4,71
C691,C652,15:39:34,1,-1,1,AB5996,0,4,82
C689/1,T360,15:40:08,1,-1,1,AB6335,0,4,116
T360,T376/1,15:40:48,1,-1,1,AB6335,0,4,11
C652,C655,15:41:00,1,-1,1,AB5996,0,4,39
C655,C657,15:42:21,1,-1,1,AB5996,0,4,45
T376/1,T363/1,15:42:44,1,-1,2,AB6335,0,4,104
C657,C660,15:43:46,1,-1,1,AB5996,0,4,62
T363/1,T306,15:44:46,1,-1,1,AB6335,0,4,85
C660,C662,15:45:09,1,-1,1,AB5996,0,4,33
T306,T314/2,15:45:45,1,-1,-1,AB6335,0,4,36
C662,C664,15:45:59,1,-1,1,AB5996,0,4,38
C664,C677,15:46:46,1,-1,1,AB5996,1,4,35
C677,C667,15:47:22,1,-1,1,AB5996,0,4,23
T314/2,T318,15:47:37,1,-1,-1,AB6335,0,4,15
C667,C676,15:47:48,1,-1,-1,AB5996,0,4,11
T336/2,T335,15:48:00,1,-1,1,AB6353,0,4,23
T318,T319,15:48:12,1,-1,-1,AB6335,0,4,11
T335,T338,15:48:57,1,-1,1,AB6353,0,4,11
C676,C680,15:49:20,1,-1,-1,AB5996,0,4,68
T319,T320,15:49:20,1,-1,-1,AB6335,0,4,45
C680,C669/1,15:49:48,1,-1,1,AB5996,0,4,13
T338,T326/3,15:50:12,1,-1,-1,AB6353,0,4,63
T320,T321/2,15:50:49,1,-1,-1,AB6335,0,4,12
C669/1,C693,15:51:12,1,-1,1,AB5996,0,4,72
T326/3,T332/2,15:51:24,1,-1,1,AB6353,0,4,47
T332/2,T325/2,15:52:51,1,-1,1,AB6353,0,4,72
T321/2,T323,15:52:51,1,-1,1,AB6335,0,4,34
T323,T324/2,15:53:39,1,-1,1,AB6335,0,4,24
T325/2,T339/2,15:54:04,1,-1,1,AB6353,0,2,37
T324/2,T327,15:55:51,1,-1,1,AB6335,0,2,72
T339/2,T313,15:56:50,1,-1,1,AB6353,0,2,131
T327,T326/1,15:56:50,1,-1,1,AB6335,0,2,35
T313,T315,15:57:48,1,-1,1,AB6353,0,2,22
C695,C672,15:58:01,1,-1,1,AB5996,1,2,141
T326/1,T337,15:58:26,1,-1,1,AB6335,0,2,72
T315,T375,15:59:12,1,-1,1,AB6353,0,2,71
T337,T336/2,15:59:25,1,-1,1,AB6335,0,2,46
T375,T380,16:00:15,1,-1,1,AB6353,0,2,23
C672,C670,16:00:38,1,-1,1,AB5996,0,2,131
T380,T379,16:01:25,1,-1,1,AB6353,0,2,23
T379,T359,16:02:37,1,-1,1,AB6353,0,4,23
C670,C694,16:02:49,1,-1,-1,AB5996,1,4,119
T359,T355/1,16:04:03,1,-1,1,AB6353,0,4,74
C694,C669/2,16:04:03,1,-1,-1,AB5996,0,4,49
C669/2,C687,16:09:41,1,-1,-1,AB5996,0,4,23
C688/1,C691,16:10:05,1,-1,1,AB6353,0,4,23
C687,C675,16:11:04,1,-1,1,AB5996,0,4,72
C675,C668,16:11:40,1,-1,1,AB5996,0,4,23
C668,C678,16:12:28,1,-1,1,AB5996,0,4,24
C691,C652,16:12:39,1,-1,1,AB6353,0,4,107
C678,C665,16:13:15,1,-1,1,AB5996,0,4,23
C665,C663,16:13:51,1,-1,1,AB5996,0,4,24
C663,C661,16:14:27,1,-1,1,AB5996,0,4,24
C661,C659,16:15:15,1,-1,1,AB5996,0,4,11
C652,C660,16:15:39,1,-1,1,AB6353,2,4,144
C660,C662,16:16:15,1,-1,1,AB6353,0,4,23
C659,C656,16:16:51,1,-1,1,AB5996,0,4,36
C662,C664,16:17:16,1,-1,1,AB6353,0,4,37
C664,C677,16:17:57,1,-1,1,AB6353,1,4,29
C656,C654/2,16:17:57,1,-1,1,AB5996,0,4,40
C677,C667,16:18:34,1,-1,1,AB6353,0,4,25
C654/2,C653/2,16:19:45,1,-1,1,AB5996,0,4,58
C667,C680,16:20:07,1,-1,-1,AB6353,1,4,80
C680,C669/1,16:20:59,1,-1,-1,AB6353,0,4,23
C653/2,C692,16:21:23,1,-1,1,AB5996,0,4,86
C692,C689/1,16:21:53,1,-1,1,AB5996,0,4,15
C669/1,C693,16:22:15,1,-1,-1,AB6353,0,4,38
T336/2,T335,16:23:01,1,-1,1,AB6335,0,4,22
C693,C681,16:23:36,1,-1,-1,AB6353,0,4,68
T338,T326/3,16:24:44,1,-1,-1,AB6335,0,4,56
C689/1,T360,16:25:31,1,-1,1,AB5996,0,4,162
T326/3,T332/2,16:25:55,1,-1,1,AB6335,0,4,47
C681,C695,16:26:18,1,-1,-1,AB6353,1,4,139
T332/2,T325/2,16:28:01,1,-1,1,AB6335,0,4,90
T360,T376/1,16:28:24,1,-1,1,AB5996,0,4,137
C695,C672,16:28:59,1,-1,1,AB6353,1,4,138
T325/2,T339/2,16:29:13,1,-1,1,AB6335,0,4,48
T376/1,T363/1,16:31:10,1,-1,1,AB5996,0,4,153
T339/2,T315,16:32:46,1,-1,1,AB6335,1,4,143
C672,C679,16:32:46,1,-1,1,AB6353,1,4,178
T363/1,T306,16:33:21,1,-1,1,AB5996,0,4,92
T315,T375,16:34:36,1,-1,1,AB6335,0,4,86
C679,C694,16:34:36,1,-1,-1,AB6353,0,4,97
T306,T314/2,16:34:59,1,-1,-1,AB5996,0,4,73
T375,T380,16:35:34,1,-1,1,AB6335,0,4,24
C694,C669/2,16:35:34,1,-1,-1,AB6353,0,4,35
T380,T379,16:36:35,1,-1,1,AB6335,0,4,14
C669/2,C687,16:36:35,1,-1,1,AB6353,0,4,36
T379,T359,16:36:59,1,-1,1,AB6335,0,4,11
C687,C675,16:38:04,1,-1,1,AB6353,0,4,76
C675,C668,16:38:28,1,-1,1,AB6353,0,4,12
T318,T319,16:38:28,1,-1,-1,AB5996,0,4,65
T359,T355/1,16:38:39,1,-1,1,AB6335,0,4,76
C668,C678,16:39:04,1,-1,1,AB6353,0,4,24
T319,T320,16:39:15,1,-1,-1,AB5996,0,4,35
C678,C663,16:40:03,1,-1,1,AB6353,1,4,47
T320,T321/2,16:40:26,1,-1,-1,AB5996,0,4,11
C663,C661,16:40:54,1,-1,1,AB6353,0,4,39
C661,C659,16:41:24,1,-1,1,AB6353,0,4,18
T321/2,T323,16:41:48,1,-1,1,AB5996,0,4,24
T323,T324/2,16:42:35,1,-1,1,AB5996,0,4,11
C659,C656,16:43:21,1,-1,1,AB6353,0,4,58
C656,C654/2,16:44:37,1,-1,1,AB6353,0,4,63
T324/2,T327,16:44:51,1,-1,1,AB5996,0,4,77
C688/1,C691,16:46:01,1,-1,1,AB6335,0,4,122
T327,T326/1,16:46:01,1,-1,1,AB5996,0,4,22
C654/2,C653/2,16:46:13,1,-1,1,AB6353,0,4,81
T326/1,T337,16:47:23,1,-1,1,AB5996,0,4,57
C691,C652,16:47:34,1,-1,1,AB6335,0,4,69
T337,T336/2,16:48:34,1,-1,1,AB5996,0,4,36
C652,C655,16:48:45,1,-1,1,AB6335,0,4,23
C653/2,C692,16:49:32,1,-1,3,AB6353,0,4,152
C655,C657,16:50:07,1,-1,1,AB6335,0,4,46
C692,C689/1,16:50:19,1,-1,1,AB6353,0,4,35
C657,C662,16:51:41,1,-1,1,AB6335,1,4,81
C662,C664,16:52:16,1,-1,1,AB6335,0,4,23
C664,C666,16:52:40,1,-1,1,AB6335,0,4,11
C666,C677,16:53:03,1,-1,1,AB6335,0,2,11
C689/1,T360,16:53:26,1,-1,1,AB6353,0,2,140
C677,C667,16:53:38,1,-1,1,AB6335,0,2,22
C667,C676,16:54:02,1,-1,-1,AB6335,0,2,12
T360,T376/1,16:55:13,1,-1,1,AB6353,0,2,59
C676,C680,16:55:38,1,-1,-1,AB6335,0,2,60
C680,C669/1,16:56:36,1,-1,-1,AB6335,0,2,47
T376/1,T363/1,16:57:34,1,-1,1,AB6353,0,2,69
T336/2,T335,16:57:46,1,-1,1,AB5996,0,2,11
C669/1,C693,16:57:58,1,-1,-1,AB6335,0,2,59
T335,T338,16:58:54,1,-1,1,AB5996,0,2,13
T363/1,T306,16:59:37,1,-1,1,AB6353,0,2,76
T338,T326/3,17:00:00,1,-1,-1,AB5996,0,2,22
C693,C671,17:00:13,1,-1,-1,AB6335,1,2,122
T326/3,T332/2,17:01:00,1,-1,1,AB5996,0,2,36
T306,T314/2,17:01:12,1,-1,-1,AB6353,0,2,83
C671,C695,17:01:48,1,-1,-1,AB6335,0,2,83
T332/2,T325/2,17:03:46,1,-1,1,AB5996,0,2,131
T318,T319,17:03:58,1,-1,-1,AB6353,0,2,71
C695,C672,17:04:21,1,-1,1,AB6335,1,2,117
T319,T320,17:04:33,1,-1,-1,AB6353,0,2,23
T325/2,T339/2,17:04:45,1,-1,2,AB5996,0,2,35
T320,T321/2,17:06:07,1,-1,-1,AB6353,0,2,11
T339/2,T313,17:06:34,1,-1,1,AB5996,0,2,87
T321/2,T323,17:07:22,1,-1,1,AB6353,0,2,47
T313,T315,17:07:33,1,-1,1,AB5996,0,2,11
C672,C670,17:07:33,1,-1,1,AB6335,0,2,145
T323,T324/2,17:08:35,1,-1,1,AB6353,0,2,26
T315,T375,17:08:59,1,-1,1,AB5996,0,2,73
T375,T380,17:09:58,1,-1,1,AB5996,0,2,22
C670,C694,17:10:21,1,-1,-1,AB6335,1,2,119
T380,T379,17:10:36,1,-1,1,AB5996,0,2,15
T324/2,T327,17:10:48,1,-1,1,AB6353,0,2,72
C694,C669/2,17:11:00,1,-1,-1,AB6335,0,2,24
T379,T359,17:11:24,1,-1,1,AB5996,0,2,35
T327,T326/1,17:11:47,1,-1,1,AB6353,0,2,23
C669/2,C687,17:12:19,1,-1,1,AB6335,0,2,31
T359,T355/1,17:12:43,1,-1,1,AB5996,0,2,56
T326/1,T337,17:13:19,1,-1,1,AB6353,0,2,60
C687,C668,17:14:10,1,-1,1,AB6335,1,2,97
T337,T336/2,17:14:10,1,-1,1,AB6353,0,2,22
C668,C678,17:14:36,1,-1,1,AB6335,0,2,14
C678,C663,17:15:35,1,-1,1,AB6335,1,2,47
C663,C661,17:16:10,1,-1,1,AB6335,0,2,23
C661,C659,17:16:58,1,-1,1,AB6335,0,2,36
C688/1,C691,17:19:00,1,-1,1,AB5996,0,2,24
C659,C654/2,17:21:13,1,-1,1,AB6335,1,2,98
C691,C652,17:22:00,1,-1,1,AB5996,0,2,104
C652,C655,17:23:11,1,-1,1,AB5996,0,2,23
C654/2,C653/2,17:23:46,1,-1,1,AB6335,0,2,117
C655,C657,17:24:21,1,-1,1,AB5996,0,2,46
C653/2,C692,17:25:20,1,-1,1,AB6335,0,2,81
C657,C662,17:25:46,1,-1,1,AB5996,1,2,74
C692,C689/1,17:26:52,1,-1,1,AB6335,0,2,55
C664,C666,17:27:17,1,-1,1,AB5996,0,2,12
C666,C677,17:27:40,1,-1,2,AB5996,0,2,11
C677,C676,17:28:38,1,-1,-1,AB5996,1,2,45
C689/1,T360,17:29:02,1,-1,1,AB6335,0,2,117
C676,C680,17:29:49,1,-1,-1,AB5996,0,2,60
C680,C669/1,17:30:38,1,-1,1,AB5996,0,2,37
T360,T376/1,17:31:02,1,-1,1,AB6335,0,2,84
C669/1,C693,17:31:57,1,-1,1,AB5996,0,2,67
T336/2,T335,17:32:58,1,-1,1,AB6353,0,2,23
T376/1,T363/1,17:33:10,1,-1,1,AB6335,0,2,115
C693,C681,17:33:22,1,-1,-1,AB5996,0,2,71
T335,T338,17:33:45,1,-1,1,AB6353,0,2,12
C681,C671,17:34:36,1,-1,-1,AB5996,0,2,62
T338,T326/3,17:35:24,1,-1,-1,AB6353,0,2,60
T363/1,T306,17:35:58,1,-1,1,AB6335,0,2,82
C671,C695,17:36:10,1,-1,-1,AB5996,0,2,82
T326/3,T332/2,17:36:44,1,-1,1,AB6353,0,2,57
T306,T314/2,17:36:56,1,-1,-1,AB6335,0,2,11
T332/2,T325/2,17:38:06,1,-1,1,AB6353,0,2,69
T325/2,T339/2,17:38:52,1,-1,2,AB6353,0,2,23
T318,T319,17:39:28,1,-1,-1,AB6335,0,2,12
T319,T320,17:40:14,1,-1,-1,AB6335,0,2,33
T339/2,T313,17:40:40,1,-1,1,AB6353,0,2,71
T313,T315,17:41:26,1,-1,1,AB6353,0,2,22
T320,T321/2,17:41:26,1,-1,-1,AB6335,0,2,11
T321/2,T323,17:42:36,1,-1,1,AB6335,0,2,23
T315,T375,17:42:59,1,-1,1,AB6353,0,2,81
T323,T324/2,17:43:17,1,-1,1,AB6335,0,2,17
C670,C679,17:43:41,1,-1,1,AB5996,0,2,53
T375,T380,17:44:28,1,-1,1,AB6353,0,2,35
C679,C694,17:45:04,1,-1,-1,AB5996,0,2,71
T324/2,T327,17:45:16,1,-1,1,AB6335,0,2,72
T380,T379,17:45:28,1,-1,1,AB6353,0,2,11
C694,C669/2,17:45:51,1,-1,-1,AB5996,0,2,34
T327,T326/1,17:45:51,1,-1,1,AB6335,0,2,23
T379,T359,17:46:50,1,-1,1,AB6353,0,2,70
C669/2,C687,17:46:50,1,-1,-1,AB5996,0,2,23
T326/1,T337,17:47:13,1,-1,1,AB6335,0,2,57
T337,T336/2,17:48:03,1,-1,1,AB6335,0,2,23
C687,C675,17:48:15,1,-1,1,AB5996,0,2,62
T359,T355/1,17:48:27,1,-1,1,AB6353,0,2,74
C675,C668,17:48:50,1,-1,3,AB5996,0,2,22
C668,C678,17:49:13,1,-1,3,AB5996,0,2,11
C678,C665,17:49:47,1,-1,3,AB5996,0,2,22
C665,C663,17:50:17,1,-1,1,AB5996,0,2,18
C663,C661,17:50:52,1,-1,1,AB5996,0,2,23
C661,C659,17:51:27,1,-1,1,AB5996,0,2,23
C659,C656,17:52:50,1,-1,1,AB5996,0,2,35
C656,C654/2,17:53:59,1,-1,1,AB5996,0,2,58
C688/1,C691,17:55:20,1,-1,1,AB6353,0,2,23
C654/2,C653/2,17:55:34,1,-1,1,AB5996,0,2,48
C653/2,C692,17:56:44,1,-1,1,AB5996,0,2,58
C691,C652,17:57:33,1,-1,1,AB6353,0,2,107
C692,C689/1,17:58:30,1,-1,1,AB5996,0,2,71
C652,C655,17:58:41,1,-1,1,AB6353,0,2,33
C655,C657,17:59:40,1,-1,1,AB6353,0,2,46
C657,C660,18:00:50,1,-1,1,AB6353,0,2,59
C660,C662,18:01:25,1,-1,1,AB6353,0,2,22
C689/1,T360,18:01:25,1,-1,1,AB5996,0,2,128
C662,C666,18:02:36,1,-1,1,AB6353,1,2,59
C666,C677,18:02:59,1,-1,1,AB6353,0,2,11
T360,T376/1,18:03:24,1,-1,1,AB5996,0,2,70
C677,C676,18:04:12,1,-1,-1,AB6353,1,2,48
C676,C680,18:05:24,1,-1,-1,AB6353,0,2,60
T376/1,T363/1,18:05:24,1,-1,1,AB5996,0,2,72
C680,C669/1,18:06:15,1,-1,1,AB6353,0,2,11
C669/1,C693,18:07:51,1,-1,1,AB6353,0,2,61
T363/1,T306,18:08:39,1,-1,1,AB5996,0,2,131
T336/2,T338,18:09:02,1,-1,1,AB6335,1,2,97
C693,C671,18:10:02,1,-1,-1,AB6353,1,2,118
T306,T314/2,18:10:02,1,-1,-1,AB5996,0,2,47
T314/2,T318,18:11:23,1,-1,-1,AB5996,0,2,11
T338,T326/3,18:11:46,1,-1,-1,AB6335,0,2,152
C671,C695,18:11:46,1,-1,-1,AB6353,0,2,93
T318,T319,18:11:46,1,-1,-1,AB5996,0,2,11
T319,T320,18:12:58,1,-1,-1,AB5996,0,2,59
T326/3,T332/2,18:13:37,1,-1,1,AB6335,0,2,61
T320,T321/2,18:13:37,1,-1,-1,AB5996,0,2,27
C695,C673,18:14:15,1,-1,-1,AB6353,0,2,100
T321/2,T323,18:14:49,1,-1,1,AB5996,0,2,34
C673,C672,18:15:00,1,-1,1,AB6353,0,2,33
T332/2,T325/2,18:15:45,1,-1,1,AB6335,0,2,116
T325/2,T339/2,18:16:57,1,-1,2,AB6335,0,2,38
T324/2,T327,18:17:32,1,-1,1,AB5996,0,2,72
C672,C670,18:17:43,1,-1,1,AB6353,0,2,118
C670,C679,18:18:19,1,-1,1,AB6353,0,2,23
T327,T326/1,18:18:19,1,-1,1,AB5996,0,2,35
T339/2,T313,18:19:38,1,-1,1,AB6335,0,2,91
C679,C694,18:19:55,1,-1,-1,AB6353,0,2,67
T326/1,T336/2,18:20:40,1,-1,1,AB5996,1,2,124
C694,C669/2,18:21:15,1,-1,-1,AB6353,0,2,35
C669/2,C687,18:22:26,1,-1,1,AB6353,0,2,35
T313,T375,18:22:38,1,-1,1,AB6335,1,2,151
C687,C675,18:23:58,1,-1,1,AB6353,0,2,68
T375,T380,18:24:21,1,-1,1,AB6335,0,2,22
C675,C668,18:24:21,1,-1,1,AB6353,0,2,11
T380,T379,18:25:08,1,-1,1,AB6335,0,2,12
C678,C661,18:26:38,1,-1,1,AB6353,2,2,89
T379,T359,18:26:50,1,-1,1,AB6335,0,2,62
C661,C659,18:27:14,1,-1,1,AB6353,0,2,23
T359,T355/1,18:28:15,1,-1,1,AB6335,0,2,73
C659,C656,18:29:02,1,-1,1,AB6353,0,2,47
C656,C654/2,18:30:14,1,-1,1,AB6353,0,2,48
C654/2,C653/2,18:32:17,1,-1,1,AB6353,0,2,88
C653/2,C692,18:34:04,1,-1,1,AB6353,0,2,96
C688/1,C691,18:34:50,1,-1,1,AB6335,0,2,45
C692,C689/1,18:34:50,1,-1,1,AB6353,0,2,23
C689/1,T360,18:38:01,1,-1,1,AB6353,0,2,179
C691,C652,18:38:13,1,-1,1,AB6335,0,2,142
C652,C655,18:39:24,1,-1,3,AB6335,0,2,59
T360,T376/1,18:39:24,1,-1,1,AB6353,0,2,59
C655,C657,18:40:37,1,-1,-1,AB6335,0,2,37
C657,C660,18:41:22,1,-1,1,AB6335,0,2,34
T376/1,T363/1,18:41:47,1,-1,1,AB6353,0,2,119
C660,C666,18:43:20,1,-1,1,AB6335,2,2,70
T336/2,T335,18:43:32,1,-1,1,AB5996,0,2,34
C666,C677,18:43:43,1,-1,1,AB6335,0,2,11
T335,T338,18:44:32,1,-1,1,AB5996,0,2,12
C677,C667,18:44:32,1,-1,-1,AB6335,0,2,13
T363/1,T306,18:44:44,1,-1,1,AB6353,0,2,106
T306,T314/2,18:46:06,1,-1,-1,AB6353,0,2,46
C667,C680,18:46:17,1,-1,-1,AB6335,1,2,69
C680,C669/1,18:46:52,1,-1,1,AB6335,0,2,23
T338,T326/3,18:47:39,1,-1,-1,AB5996,0,2,151
T314/2,T318,18:47:39,1,-1,-1,AB6353,0,2,11
T326/3,T332/2,18:48:49,1,-1,2,AB5996,0,2,33
C669/1,C681,18:49:14,1,-1,-1,AB6335,1,2,129
T319,T320,18:50:01,1,-1,-1,AB6353,0,2,83
C681,C671,18:50:13,1,-1,-1,AB6335,0,2,47
T320,T321/2,18:51:23,1,-1,-1,AB6353,0,2,23
T332/2,T325/2,18:51:35,1,-1,1,AB5996,0,2,117
C671,C695,18:51:35,1,-1,-1,AB6335,0,2,70
T321/2,T323,18:52:22,1,-1,1,AB6353,0,2,24
T325/2,T339/2,18:52:34,1,-1,2,AB5996,0,2,24
T323,T324/2,18:53:22,1,-1,1,AB6353,0,2,11
C695,C672,18:54:11,1,-1,1,AB6335,1,2,132
T339/2,T313,18:54:57,1,-1,1,AB5996,0,2,107
T324/2,T327,18:54:57,1,-1,1,AB6353,0,2,58
T327,T326/1,18:55:55,1,-1,1,AB6353,0,2,34
T313,T315,18:56:07,1,-1,1,AB5996,0,2,22
C672,C670,18:56:56,1,-1,1,AB6335,0,2,131
T326/1,T337,18:57:08,1,-1,1,AB6353,0,2,60
T315,T375,18:57:54,1,-1,1,AB5996,0,2,95
C670,C679,18:58:05,1,-1,1,AB6335,0,2,34
T337,T336/2,18:58:05,1,-1,1,AB6353,0,2,35
C679,C694,18:59:27,1,-1,-1,AB6335,0,2,69
T375,T380,18:59:38,1,-1,1,AB5996,0,2,69
C694,C669/2,19:00:14,1,-1,-1,AB6335,0,2,36
T380,T379,19:00:38,1,-1,1,AB5996,0,2,12
C669/2,C687,19:01:13,1,-1,-1,AB6335,0,2,22
T379,T359,19:01:49,1,-1,1,AB5996,0,2,46
C687,C675,19:02:24,1,-1,-1,AB6335,0,2,58
C675,C668,19:02:48,1,-1,-1,AB6335,0,2,11
T359,T355/1,19:03:12,1,-1,1,AB5996,0,2,71
C668,C678,19:03:12,1,-1,-1,AB6335,0,2,12
C678,C665,19:03:47,1,-1,-1,AB6335,0,2,23
C665,C663,19:04:22,1,-1,-1,AB6335,0,2,11
C663,C661,19:04:59,1,-1,-1,AB6335,0,2,23
C661,C659,19:05:38,1,-1,1,AB6335,0,2,27
C659,C654/2,19:08:01,1,-1,1,AB6335,1,2,95
C654/2,C653/2,19:09:23,1,-1,1,AB6335,0,2,37
C688/1,C691,19:09:34,1,-1,1,AB5996,0,2,22
C653/2,C692,19:10:56,1,-1,1,AB6335,0,2,81
C691,C652,19:11:47,1,-1,1,AB5996,0,2,97
C692,C689/1,19:11:58,1,-1,1,AB6335,0,2,23
C652,C655,19:12:59,1,-1,1,AB5996,0,2,36
C655,C657,19:14:10,1,-1,1,AB5996,0,2,47
C689/1,T360,19:14:45,1,-1,1,AB6335,0,2,118
C657,C660,19:15:34,1,-1,1,AB5996,0,2,48
T360,T376/1,19:15:45,1,-1,2,AB6335,0,2,25
T336/2,T335,19:16:12,1,-1,1,AB6353,0,2,51
C660,C662,19:16:24,1,-1,1,AB5996,0,2,11
T335,T338,19:16:47,1,-1,1,AB6353,0,2,11
C662,C664,19:16:59,1,-1,1,AB5996,0,2,22
T376/1,T363/1,19:17:45,1,-1,2,AB6335,0,2,93
C664,C677,19:17:57,1,-1,1,AB5996,1,2,45
T338,T326/3,19:18:35,1,-1,-1,AB6353,0,2,73
C677,C667,19:18:35,1,-1,1,AB5996,0,2,26
T326/3,T332/2,19:19:22,1,-1,2,AB6353,0,2,35
C667,C676,19:19:22,1,-1,-1,AB5996,0,2,23
C676,C680,19:20:35,1,-1,-1,AB5996,0,2,61
T363/1,T306,19:20:35,1,-1,1,AB6335,0,2,108
C680,C669/1,19:21:23,1,-1,1,AB5996,0,2,22
T332/2,T325/2,19:21:35,1,-1,2,AB6353,0,2,98
T306,T314/2,19:21:59,1,-1,-1,AB6335,0,2,59
T325/2,T339/2,19:22:35,1,-1,2,AB6353,0,2,36
C669/1,C693,19:22:35,1,-1,1,AB5996,0,2,59
T314/2,T318,19:23:46,1,-1,-1,AB6335,0,2,11
C693,C681,19:24:22,1,-1,-1,AB5996,0,2,69
T318,T319,19:24:45,1,-1,-1,AB6335,0,2,11
T339/2,T313,19:25:20,1,-1,2,AB6353,0,2,94
C681,C671,19:25:35,1,-1,-1,AB5996,0,2,62
T319,T320,19:25:48,1,-1,-1,AB6335,0,2,51
T313,T315,19:26:22,1,-1,2,AB6353,0,2,22
T320,T321/2,19:26:22,1,-1,-1,AB6335,0,2,11
T315,T375,19:27:40,1,-1,1,AB6353,0,2,63
T321/2,T323,19:27:40,1,-1,1,AB6335,0,2,25
T375,T380,19:30:12,1,-1,1,AB6353,0,2,115
C673,C672,19:30:12,1,-1,1,AB5996,0,2,52
T324/2,T327,19:30:12,1,-1,1,AB6335,0,2,64
T327,T326/1,19:30:45,1,-1,1,AB6335,0,2,11
T379,T359,19:31:45,1,-1,1,AB6353,0,2,47
T326/1,T337,19:31:45,1,-1,1,AB6335,0,2,47
T337,T336/2,19:32:58,1,-1,1,AB6335,0,2,49
T359,T355/1,19:33:10,1,-1,1,AB6353,0,2,72
C694,C669/2,19:36:03,1,-1,-1,AB5996,0,2,34
C669/2,C687,19:37:25,1,-1,-1,AB5996,0,2,23
C688/1,C691,19:38:38,1,-1,1,AB6353,0,2,35
C687,C668,19:39:38,1,-1,3,AB5996,1,2,95
C668,C678,19:40:01,1,-1,3,AB5996,0,2,11
C678,C663,19:40:59,1,-1,1,AB5996,1,2,46
C691,C652,19:41:23,1,-1,1,AB6353,0,2,129
C663,C661,19:41:45,1,-1,1,AB5996,0,2,22
C661,C659,19:42:20,1,-1,1,AB5996,0,2,23
C652,C655,19:42:32,1,-1,1,AB6353,0,2,35
C659,C656,19:43:46,1,-1,1,AB5996,0,2,49
C655,C657,19:43:58,1,-1,1,AB6353,0,2,61
C656,C654/2,19:45:06,1,-1,1,AB5996,0,2,68
C657,C662,19:45:19,1,-1,1,AB6353,1,2,70
C662,C664,19:46:09,1,-1,1,AB6353,0,2,36
C654/2,C653/2,19:46:09,1,-1,1,AB5996,0,2,49
C664,C666,19:46:32,1,-1,1,AB6353,0,2,11
C666,C677,19:46:56,1,-1,1,AB6353,0,2,11
C677,C667,19:47:31,1,-1,1,AB6353,0,2,23
C667,C676,19:48:06,1,-1,-1,AB6353,0,2,23
C653/2,C692,19:48:41,1,-1,1,AB5996,0,2,140
C676,C680,19:49:16,1,-1,-1,AB6353,0,2,58
C692,C689/1,19:49:51,1,-1,1,AB5996,0,2,22
C689/1,T360,19:52:35,1,-1,1,AB5996,0,2,140
C681,C671,19:54:38,1,-1,-1,AB6353,0,2,58
T360,T376/1,19:54:38,1,-1,1,AB5996,0,2,89
C671,C695,19:56:23,1,-1,-1,AB6353,0,2,93
T376/1,T363/1,19:56:59,1,-1,1,AB5996,0,2,129
C695,C673,19:57:58,1,-1,-1,AB6353,0,2,83
T363/1,T306,19:58:48,1,-1,1,AB5996,0,2,73
C673,C672,19:59:49,1,-1,-1,AB6353,0,2,98
T306,T314/2,19:59:49,1,-1,-1,AB5996,0,2,37
T314/2,T318,20:01:02,1,-1,-1,AB5996,0,2,11
T318,T319,20:01:36,1,-1,-1,AB5996,0,2,11
C672,C670,20:02:23,1,-1,-1,AB6353,0,2,129
T319,T320,20:02:23,1,-1,-1,AB5996,0,2,34
C670,C679,20:03:14,1,-1,-1,AB6353,0,2,36
T320,T321/2,20:04:00,1,-1,-1,AB5996,0,2,22
C679,C694,20:04:47,1,-1,-1,AB6353,0,2,80
C694,C669/2,20:05:34,1,-1,-1,AB6353,0,2,36
T321/2,T323,20:06:02,1,-1,1,AB5996,0,2,52
T323,T324/2,20:06:52,1,-1,1,AB5996,0,2,36
C669/2,C675,20:08:02,1,-1,1,AB6353,1,2,119
C675,C668,20:08:51,1,-1,1,AB6353,0,2,24
T324/2,T327,20:08:51,1,-1,1,AB5996,0,2,94
C668,C678,20:09:14,1,-1,1,AB6353,0,2,11
C678,C665,20:09:52,1,-1,1,AB6353,0,2,11
C665,C663,20:10:15,1,-1,1,AB6353,0,2,11
C663,C661,20:10:49,1,-1,1,AB6353,0,2,23
T327,T337,20:10:49,1,-1,1,AB5996,1,2,106
C661,C659,20:11:34,1,-1,1,AB6353,0,2,33
T337,T336/2,20:11:34,1,-1,1,AB5996,0,2,33
C659,C656,20:12:32,1,-1,1,AB6353,0,2,46
C656,C654/2,20:13:42,1,-1,1,AB6353,0,2,59
C654/2,C653/2,20:15:04,1,-1,1,AB6353,0,2,70
C653/2,C692,20:17:02,1,-1,1,AB6353,0,2,106
C692,C689/1,20:17:38,1,-1,1,AB6353,0,2,23
C689/1,T360,20:20:17,1,-1,1,AB6353,0,2,123
T360,T376/1,20:22:19,1,-1,1,AB6353,0,2,107
T376/1,T363/1,20:24:23,1,-1,1,AB6353,0,2,110
T363/1,T306,20:25:45,1,-1,1,AB6353,0,2,70
T306,T314/2,20:26:35,1,-1,-1,AB6353,0,2,38
T314/2,T318,20:27:34,1,-1,-1,AB6353,0,2,11
T318,T319,20:28:10,1,-1,-1,AB6353,0,2,12
T319,T320,20:29:20,1,-1,-1,AB6353,0,2,57
T320,T321/2,20:30:22,1,-1,-1,AB6353,0,2,24
T321/2,T323,20:31:35,1,-1,1,AB6353,0,2,38
T323,T324/2,20:31:59,1,-1,1,AB6353,0,2,11
T324/2,T327,20:33:43,1,-1,1,AB6353,0,2,68
T326/1,T337,20:35:29,1,-1,1,AB6353,0,2,46
T337,T336/2,20:36:28,1,-1,1,AB6353,0,2,23
T336/2,T335,5:31:34,2,-1,1,AB6353,0,1,23
T338,T326/3,5:33:00,2,-1,-1,AB6353,0,1,51
T326/3,T332/2,5:33:45,2,-1,1,AB6353,0,1,34
T332/2,T325/2,5:35:19,2,-1,1,AB6353,0,1,59
T325/2,T339/2,5:36:06,2,-1,1,AB6353,0,1,12
T339/2,T313,5:36:52,2,-1,1,AB6353,0,1,34
T313,T375,5:39:11,2,-1,1,AB6353,1,1,92
T375,T380,5:40:37,2,-1,1,AB6353,0,1,62
T380,T379,5:41:11,2,-1,1,AB6353,0,1,11
C688/1,C691,5:47:27,2,-1,1,AB6353,0,1,34
C691,C652,5:49:25,2,-1,1,AB6353,0,1,71
C652,C657,5:51:32,2,-1,-1,AB6353,1,1,81
C657,C660,5:52:29,2,-1,-1,AB6353,0,1,46
C660,C666,5:54:04,2,-1,-1,AB6353,2,1,59
C666,C677,5:54:50,2,-1,-1,AB6353,0,1,22
C677,C667,5:55:25,2,-1,-1,AB6353,0,1,23
C667,C676,5:55:48,2,-1,-1,AB6353,0,1,11
C676,C680,5:56:58,2,-1,-1,AB6353,0,1,58
C680,C669/1,5:58:22,2,-1,-1,AB6353,0,1,47
C669/1,C681,6:01:00,2,-1,-1,AB6353,1,1,146
C681,C695,6:03:35,2,-1,-1,AB6353,1,1,142
C695,C673,6:05:20,2,-1,-1,AB6353,0,1,71
T336/2,T335,6:05:35,2,-1,1,AB6335,0,1,26
C673,C672,6:05:59,2,-1,-1,AB6353,0,1,23
T335,T338,6:06:22,2,-1,1,AB6335,0,1,23
T338,T326/3,6:07:47,2,-1,-1,AB6335,0,1,59
C672,C670,6:08:23,2,-1,-1,AB6353,0,1,106
T326/3,T332/2,6:08:57,2,-1,1,AB6335,0,1,57
C670,C679,6:09:09,2,-1,-1,AB6353,0,1,23
T332/2,T325/2,6:10:24,2,-1,1,AB6335,0,1,47
C679,C694,6:10:58,2,-1,-1,AB6353,0,1,81
T325/2,T339/2,6:11:21,2,-1,1,AB6335,0,1,23
C694,C669/2,6:11:47,2,-1,-1,AB6353,0,1,37
T339/2,T313,6:12:23,2,-1,1,AB6335,0,1,47
C669/2,C687,6:12:35,2,-1,1,AB6353,0,1,23
T313,T315,6:13:23,2,-1,1,AB6335,0,1,23
C687,C675,6:13:46,2,-1,1,AB6353,0,1,59
C675,C668,6:14:21,2,-1,1,AB6353,0,1,23
T315,T375,6:14:33,2,-1,1,AB6335,0,1,58
C668,C678,6:14:45,2,-1,1,AB6353,0,1,11
T375,T380,6:15:08,2,-1,1,AB6335,0,1,11
C678,C665,6:15:20,2,-1,1,AB6353,0,1,23
C665,C663,6:15:45,2,-1,-1,AB6353,0,1,11
C663,C661,6:16:32,2,-1,-1,AB6353,0,1,34
T379,T359,6:17:06,2,-1,1,AB6335,0,1,45
C661,C659,6:17:06,2,-1,1,AB6353,0,1,22
T359,T355/1,6:18:05,2,-1,1,AB6335,0,1,46
C659,C656,6:18:05,2,-1,1,AB6353,0,1,46
C656,C654/2,6:19:15,2,-1,1,AB6353,0,1,47
C654/2,C653/2,6:20:25,2,-1,1,AB6353,0,2,46
C653/2,C692,6:21:47,2,-1,1,AB6353,0,2,69
C692,C689/1,6:23:34,2,-1,1,AB6353,0,2,72
C688/1,C691,6:23:57,2,-1,1,AB6335,0,2,48
C691,C652,6:25:45,2,-1,1,AB6335,0,2,46
C689/1,T360,6:26:07,2,-1,1,AB6353,0,2,118
C652,C655,6:27:00,2,-1,1,AB6335,0,2,24
T360,T376/1,6:27:58,2,-1,1,AB6353,0,2,70
T376/1,T363/1,6:28:56,2,-1,1,AB6353,0,2,46
C655,C660,6:29:20,2,-1,-1,AB6335,1,2,104
C660,C662,6:30:06,2,-1,-1,AB6335,0,2,22
T363/1,T314/2,6:30:40,2,-1,-1,AB6353,1,2,80
C662,C664,6:31:04,2,-1,-1,AB6335,0,2,34
C664,C677,6:32:14,2,-1,-1,AB6335,1,2,47
T319,T320,6:32:36,2,-1,-1,AB6353,0,2,22
C677,C667,6:33:00,2,-1,-1,AB6335,0,2,24
T320,T321/2,6:33:23,2,-1,-1,AB6353,0,2,11
T321/2,T323,6:34:25,2,-1,1,AB6353,0,2,12
C667,C680,6:34:48,2,-1,-1,AB6335,1,2,85
C680,C669/1,6:36:08,2,-1,1,AB6335,0,2,22
T324/2,T327,6:36:20,2,-1,1,AB6353,0,2,33
T327,T326/1,6:37:10,2,-1,1,AB6353,0,2,23
C669/1,C693,6:37:22,2,-1,1,AB6335,0,2,62
T326/1,T337,6:38:18,2,-1,1,AB6353,0,2,56
C693,C681,6:38:41,2,-1,-1,AB6335,0,2,68
T337,T336/2,6:39:16,2,-1,1,AB6353,0,2,46
C681,C671,6:40:03,2,-1,-1,AB6335,0,2,46
T336/2,T335,6:40:26,2,-1,1,AB5996,0,2,23
T335,T338,6:41:22,2,-1,1,AB5996,0,2,11
C671,C695,6:41:34,2,-1,-1,AB6335,0,2,79
T338,T326/3,6:42:22,2,-1,-1,AB5996,0,2,47
T326/3,T332/2,6:43:10,2,-1,1,AB5996,0,2,36
C695,C673,6:43:22,2,-1,-1,AB6335,0,2,72
C673,C672,6:44:09,2,-1,1,AB6335,0,2,23
T332/2,T325/2,6:44:35,2,-1,1,AB5996,0,2,60
T325/2,T339/2,6:44:58,2,-1,1,AB5996,0,2,11
T339/2,T313,6:46:21,2,-1,1,AB5996,0,2,47
T313,T315,6:46:45,2,-1,1,AB5996,0,2,11
C672,C670,6:46:45,2,-1,-1,AB6335,0,2,129
C670,C679,6:47:20,2,-1,-1,AB6335,0,2,23
T315,T375,6:48:36,2,-1,1,AB5996,0,2,75
C679,C694,6:49:23,2,-1,-1,AB6335,0,2,85
C694,C669/2,6:49:57,2,-1,-1,AB6335,0,2,23
T375,T380,6:50:09,2,-1,1,AB5996,0,2,80
T380,T359,6:50:58,2,-1,1,AB5996,1,2,37
C669/2,C687,6:51:10,2,-1,1,AB6335,0,2,12
T359,T355/1,6:52:08,2,-1,2,AB5996,0,2,58
C687,C675,6:52:47,2,-1,-1,AB6335,0,2,38
C675,C668,6:53:22,2,-1,-1,AB6335,0,2,23
C668,C678,6:53:45,2,-1,-1,AB6335,0,2,12
C678,C665,6:54:35,2,-1,-1,AB6335,0,2,27
C665,C663,6:55:00,2,-1,-1,AB6335,0,2,11
T355/1,C688/1,6:55:35,2,-1,1,AB5996,0,2,194
C663,C661,6:55:35,2,-1,1,AB6335,0,2,24
C661,C659,6:56:34,2,-1,-1,AB6335,0,2,23
C688/1,C691,6:57:08,2,-1,1,AB5996,0,2,46
C659,C656,6:57:48,2,-1,1,AB6335,0,2,39
C691,C652,6:58:23,2,-1,1,AB5996,0,2,47
C656,C654/2,6:58:35,2,-1,1,AB6335,0,2,35
C652,C655,6:58:58,2,-1,1,AB5996,0,2,23
C655,C657,6:59:56,2,-1,1,AB5996,0,2,46
C654/2,C653/2,7:00:40,2,-1,1,AB6335,0,2,101
C657,C662,7:01:51,2,-1,1,AB5996,1,2,70
C653/2,C692,7:02:49,2,-1,1,AB6335,0,2,105
C662,C667,7:03:36,2,-1,1,AB5996,3,2,93
C667,C676,7:04:00,2,-1,-1,AB5996,0,2,12
C692,C689/1,7:04:00,2,-1,1,AB6335,0,2,24
C676,C680,7:05:12,2,-1,-1,AB5996,0,2,60
T336/2,T335,7:05:35,2,-1,1,AB6353,0,2,12
C680,C669/1,7:05:58,2,-1,1,AB5996,0,2,35
T335,T338,7:06:21,2,-1,1,AB6353,0,2,11
C669/1,C693,7:07:22,2,-1,1,AB5996,0,2,60
T338,T326/3,7:08:02,2,-1,-1,AB6353,0,2,63
C689/1,T360,7:08:02,2,-1,1,AB6335,0,2,134
C693,C681,7:08:36,2,-1,-1,AB5996,0,2,59
T326/3,T332/2,7:09:00,2,-1,1,AB6353,0,2,46
C681,C671,7:09:57,2,-1,-1,AB5996,0,2,45
T332/2,T339/2,7:10:54,2,-1,1,AB6353,1,2,91
C671,C695,7:11:32,2,-1,-1,AB5996,0,2,59
T360,T363/1,7:11:43,2,-1,1,AB6335,1,2,175
T339/2,T313,7:12:07,2,-1,1,AB6353,0,2,47
T363/1,T306,7:12:54,2,-1,1,AB6335,0,2,35
T313,T315,7:13:06,2,-1,1,AB6353,0,2,12
C695,C673,7:13:18,2,-1,-1,AB5996,0,2,71
T306,T314/2,7:13:41,2,-1,-1,AB6335,0,2,35
C673,C672,7:14:04,2,-1,1,AB5996,0,2,34
T315,T375,7:14:40,2,-1,1,AB6353,0,2,70
T318,T320,7:15:40,2,-1,-1,AB6335,1,2,48
T375,T380,7:16:16,2,-1,1,AB6353,0,2,71
C672,C670,7:16:27,2,-1,1,AB5996,0,2,119
T380,T379,7:17:03,2,-1,1,AB6353,0,2,22
T321/2,T323,7:17:14,2,-1,1,AB6335,0,2,23
C670,C679,7:17:38,2,-1,1,AB5996,0,2,35
T323,T324/2,7:18:02,2,-1,1,AB6335,0,2,12
T379,T359,7:18:37,2,-1,1,AB6353,0,2,59
C679,C694,7:19:00,2,-1,-1,AB5996,0,2,70
T324/2,T327,7:19:24,2,-1,1,AB6335,0,2,69
T359,T355/1,7:19:36,2,-1,1,AB6353,0,2,46
C694,C669/2,7:19:47,2,-1,-1,AB5996,0,2,35
T327,T326/1,7:20:13,2,-1,1,AB6335,0,2,25
C669/2,C687,7:20:36,2,-1,1,AB5996,0,2,23
T326/1,T337,7:21:24,2,-1,1,AB6335,0,2,59
C687,C675,7:21:59,2,-1,1,AB5996,0,2,46
T337,T336/2,7:22:11,2,-1,1,AB6335,0,2,23
C675,C668,7:23:01,2,-1,1,AB5996,0,2,23
C668,C663,7:24:11,2,-1,1,AB5996,2,2,58
C663,C661,7:25:00,2,-1,1,AB5996,0,2,37
C688/1,C691,7:25:35,2,-1,1,AB6353,0,2,23
C661,C659,7:25:35,2,-1,-1,AB5996,0,2,23
C659,C656,7:27:09,2,-1,1,AB5996,0,2,47
C691,C652,7:28:09,2,-1,1,AB6353,0,2,107
C656,C654/2,7:28:31,2,-1,1,AB5996,0,2,45
C652,C655,7:29:18,2,-1,1,AB6353,0,2,23
C654/2,C653/2,7:30:20,2,-1,1,AB5996,0,2,85
C655,C657,7:30:32,2,-1,1,AB6353,0,2,47
C653/2,C692,7:32:04,2,-1,1,AB5996,0,2,91
C657,C662,7:32:28,2,-1,1,AB6353,1,2,80
C662,C664,7:33:02,2,-1,1,AB6353,0,2,22
C664,C666,7:33:49,2,-1,1,AB6353,0,2,23
C692,C689/1,7:33:49,2,-1,1,AB5996,0,2,69
C666,C677,7:34:14,2,-1,1,AB6353,0,2,12
T336/2,T335,7:35:36,2,-1,1,AB6335,0,2,23
C689/1,T360,7:36:11,2,-1,1,AB5996,0,2,93
C677,C680,7:36:46,2,-1,-1,AB6353,2,2,128
C680,C669/1,7:37:09,2,-1,1,AB6353,0,2,11
T360,T376/1,7:37:59,2,-1,1,AB5996,0,2,73
T338,T326/3,7:38:11,2,-1,-1,AB6335,0,2,61
C669/1,C693,7:38:23,2,-1,1,AB6353,0,2,47
T326/3,T332/2,7:39:10,2,-1,1,AB6335,0,2,34
T376/1,T363/1,7:39:10,2,-1,1,AB5996,0,2,46
C693,C681,7:39:43,2,-1,-1,AB6353,0,2,68
T332/2,T325/2,7:40:53,2,-1,1,AB6335,0,2,57
C681,C671,7:41:04,2,-1,-1,AB6353,0,2,46
T363/1,T314/2,7:41:16,2,-1,-1,AB5996,1,2,92
T325/2,T339/2,7:42:36,2,-1,1,AB6335,0,2,22
C671,C695,7:42:48,2,-1,-1,AB6353,0,2,80
T318,T320,7:43:36,2,-1,-1,AB5996,1,2,48
T339/2,T313,7:44:12,2,-1,1,AB6335,0,2,60
T320,T321/2,7:44:12,2,-1,-1,AB5996,0,2,12
C695,C673,7:44:35,2,-1,-1,AB6353,0,2,83
C673,C672,7:45:09,2,-1,1,AB6353,0,2,11
T321/2,T323,7:45:09,2,-1,1,AB5996,0,2,22
T323,T324/2,7:45:59,2,-1,1,AB5996,0,2,11
T313,T375,7:46:59,2,-1,1,AB6335,1,2,109
C672,C670,7:47:36,2,-1,1,AB6353,0,2,108
T375,T380,7:48:00,2,-1,1,AB6335,0,2,24
T324/2,T326/1,7:48:00,2,-1,1,AB5996,1,2,60
T380,T379,7:48:46,2,-1,1,AB6335,0,2,11
T379,T359,7:49:09,2,-1,1,AB6335,0,2,12
T326/1,T336/2,7:49:36,2,-1,1,AB5996,1,2,84
C670,C694,7:49:59,2,-1,-1,AB6353,1,2,131
T359,T355/1,7:50:34,2,-1,1,AB6335,0,2,72
C694,C669/2,7:50:45,2,-1,-1,AB6353,0,2,34
C669/2,C687,7:51:33,2,-1,1,AB6353,0,2,23
C687,C675,7:53:07,2,-1,1,AB6353,0,2,58
C675,C668,7:53:42,2,-1,1,AB6353,0,2,23
C678,C665,7:54:29,2,-1,1,AB6353,0,2,23
C665,C661,7:55:40,2,-1,1,AB6353,1,2,60
C661,C659,7:56:14,2,-1,-1,AB6353,0,2,22
C688/1,C691,7:57:11,2,-1,1,AB6335,0,2,80
C659,C656,7:57:23,2,-1,1,AB6353,0,2,34
C656,C654/2,7:58:45,2,-1,1,AB6353,0,2,46
C691,C652,7:59:08,2,-1,1,AB6335,0,2,69
C652,C655,7:59:53,2,-1,1,AB6335,0,2,34
C655,C657,8:01:15,2,-1,1,AB6335,0,2,35
C657,C660,8:02:13,2,-1,1,AB6335,0,2,35
C654/2,C692,8:02:25,2,-1,1,AB6353,1,2,185
C660,C662,8:03:03,2,-1,1,AB6335,0,2,12
C692,C689/1,8:03:39,2,-1,1,AB6353,0,2,24
C662,C664,8:04:03,2,-1,1,AB6335,0,2,36
C664,C667,8:05:36,2,-1,1,AB6335,2,2,70
C667,C676,8:06:00,2,-1,-1,AB6335,0,2,12
C676,C680,8:07:01,2,-1,-1,AB6335,0,2,49
C689/1,T360,8:07:48,2,-1,1,AB6353,0,2,143
C680,C669/1,8:08:12,2,-1,2,AB6335,0,2,35
T336/2,T335,8:08:24,2,-1,1,AB5996,0,2,83
T360,T376/1,8:08:24,2,-1,1,AB6353,0,2,12
T335,T338,8:09:24,2,-1,1,AB5996,0,2,11
T376/1,T363/1,8:10:58,2,-1,-1,AB6353,0,2,117
T338,T326/3,8:11:35,2,-1,-1,AB5996,0,2,95
T363/1,T306,8:12:22,2,-1,-1,AB6353,0,2,72
T326/3,T332/2,8:12:34,2,-1,-1,AB5996,0,2,35
C671,C695,8:13:34,2,-1,-1,AB6335,0,2,83
T306,T318,8:13:34,2,-1,-1,AB6353,1,2,37
C695,C673,8:15:06,2,-1,-1,AB6335,0,2,69
T332/2,T325/2,8:15:41,2,-1,1,AB5996,0,2,141
C673,C672,8:16:28,2,-1,-1,AB6335,0,2,35
T325/2,T339/2,8:16:40,2,-1,2,AB5996,0,2,35
T318,T320,8:16:40,2,-1,-1,AB6353,1,2,117
T339/2,T313,8:18:48,2,-1,1,AB5996,0,2,105
T321/2,T323,8:18:48,2,-1,1,AB6353,0,2,34
T313,T315,8:19:46,2,-1,1,AB5996,0,2,11
C672,C670,8:19:57,2,-1,-1,AB6335,0,2,127
T324/2,T327,8:21:52,2,-1,1,AB6353,0,2,102
C670,C694,8:22:16,2,-1,-1,AB6335,1,2,126
T315,T375,8:22:39,2,-1,1,AB5996,0,2,162
T327,T326/1,8:22:51,2,-1,1,AB6353,0,2,35
C694,C669/2,8:23:25,2,-1,-1,AB6335,0,2,34
T375,T380,8:23:50,2,-1,1,AB5996,0,2,47
C669/2,C687,8:24:15,2,-1,1,AB6335,0,2,24
T380,T379,8:24:27,2,-1,1,AB5996,0,2,11
T326/1,T337,8:24:50,2,-1,1,AB6353,0,2,107
C687,C668,8:26:02,2,-1,1,AB6335,1,2,95
T337,T336/2,8:26:02,2,-1,1,AB6353,0,2,11
T379,T355/1,8:26:13,2,-1,1,AB5996,1,2,83
C668,C678,8:26:25,2,-1,1,AB6335,0,2,11
C678,C659,8:29:00,2,-1,-1,AB6335,3,2,144
C659,C656,8:29:59,2,-1,1,AB6335,0,2,35
C656,C654/2,8:31:23,2,-1,1,AB6335,0,2,47
C688/1,C691,8:31:36,2,-1,1,AB5996,0,2,24
C691,C652,8:33:23,2,-1,1,AB5996,0,2,83
C654/2,C653/2,8:33:34,2,-1,1,AB6335,0,2,71
C652,C655,8:34:31,2,-1,1,AB5996,0,2,34
T336/2,T335,8:35:19,2,-1,2,AB6353,0,2,35
C653/2,C692,8:35:19,2,-1,1,AB6335,0,2,70
C655,C657,8:35:47,2,-1,1,AB5996,0,2,40
T335,T338,8:36:10,2,-1,2,AB6353,0,2,23
C657,C660,8:36:57,2,-1,1,AB5996,0,2,34
C692,C689/1,8:36:57,2,-1,1,AB6335,0,2,34
T338,T326/3,8:37:35,2,-1,-1,AB6353,0,2,61
C660,C662,8:37:47,2,-1,1,AB5996,0,2,11
T326/3,T332/2,8:38:37,2,-1,2,AB6353,0,2,37
C662,C666,8:38:49,2,-1,1,AB5996,1,2,49
C666,C677,8:39:13,2,-1,1,AB5996,0,2,11
C689/1,T360,8:39:58,2,-1,1,AB6335,0,2,142
C677,C667,8:40:10,2,-1,1,AB5996,0,2,23
C667,C676,8:40:33,2,-1,-1,AB5996,0,2,11
C676,C680,8:41:32,2,-1,-1,AB5996,0,2,48
T360,T376/1,8:42:07,2,-1,1,AB6335,0,2,93
C680,C669/1,8:42:29,2,-1,1,AB5996,0,2,22
T376/1,T363/1,8:43:03,2,-1,2,AB6335,0,2,45
C669/1,C693,8:43:37,2,-1,1,AB5996,0,2,56
T363/1,T306,8:44:48,2,-1,2,AB6335,0,2,59
T325/2,T339/2,8:45:11,2,-1,3,AB6353,0,2,22
C693,C681,8:45:11,2,-1,-1,AB5996,0,2,70
T306,T314/2,8:45:57,2,-1,-1,AB6335,0,2,45
T318,T319,8:47:37,2,-1,-1,AB6335,0,1,14
C681,C695,8:47:49,2,-1,-1,AB5996,1,1,134
T319,T320,8:48:23,2,-1,-1,AB6335,0,1,33
T339/2,T313,8:48:35,2,-1,1,AB6353,0,1,119
T320,T321/2,8:49:09,2,-1,-1,AB6335,0,1,11
C695,C673,8:49:37,2,-1,-1,AB5996,0,1,96
T321/2,T323,8:50:25,2,-1,1,AB6335,0,1,12
T323,T324/2,8:51:00,2,-1,1,AB6335,0,1,11
T313,T315,8:51:24,2,-1,2,AB6353,0,1,59
T324/2,T327,8:54:00,2,-1,1,AB6335,0,1,143
C670,C679,8:54:23,2,-1,1,AB5996,0,1,34
T327,T326/1,8:55:00,2,-1,1,AB6335,0,1,25
C679,C694,8:55:46,2,-1,-1,AB5996,0,1,71
T326/1,T337,8:55:58,2,-1,1,AB6335,0,1,47
C694,C669/2,8:56:34,2,-1,-1,AB5996,0,1,35
T337,T336/2,8:56:46,2,-1,1,AB6335,0,1,24
T375,T380,8:57:42,2,-1,1,AB6353,0,1,80
T380,T379,8:58:17,2,-1,1,AB6353,0,1,11
T379,T359,8:59:03,2,-1,1,AB6353,0,1,23
C687,C675,8:59:03,2,-1,1,AB5996,0,1,69
C675,C668,8:59:26,2,-1,1,AB5996,0,1,12
T359,T355/1,9:00:25,2,-1,1,AB6353,0,1,58
C668,C663,9:00:36,2,-1,1,AB5996,2,1,58
C663,C661,9:01:12,2,-1,1,AB5996,0,1,24
C661,C659,9:02:00,2,-1,-1,AB5996,0,1,35
C659,C656,9:04:18,2,-1,1,AB5996,0,1,46
C656,C654/2,9:05:18,2,-1,1,AB5996,0,1,47
C688/1,C691,9:05:58,2,-1,1,AB6353,0,1,40
C654/2,C653/2,9:06:21,2,-1,1,AB5996,0,1,34
T336/2,T335,9:07:54,2,-1,1,AB6335,0,1,24
C653/2,C692,9:08:18,2,-1,1,AB5996,0,1,71
C691,C652,9:08:29,2,-1,1,AB6353,0,1,105
T335,T338,9:09:06,2,-1,1,AB6335,0,1,60
C652,C655,9:09:30,2,-1,1,AB6353,0,1,24
C692,C689/1,9:09:42,2,-1,1,AB5996,0,1,36
T338,T326/3,9:10:42,2,-1,-1,AB6335,0,1,35
C655,C657,9:10:53,2,-1,1,AB6353,0,1,47
T326/3,T332/2,9:11:40,2,-1,1,AB6335,0,1,47
C657,C660,9:11:52,2,-1,1,AB6353,0,1,35
C660,C662,9:12:40,2,-1,1,AB6353,0,1,11
C689/1,T360,9:13:04,2,-1,1,AB5996,0,1,155
T332/2,T325/2,9:13:16,2,-1,1,AB6335,0,1,48
C662,C664,9:13:16,2,-1,1,AB6353,0,1,24
T325/2,T339/2,9:14:03,2,-1,2,AB6335,0,1,11
C664,C666,9:14:03,2,-1,1,AB6353,0,1,23
C666,C677,9:14:37,2,-1,2,AB6353,0,1,22
T360,T376/1,9:14:50,2,-1,1,AB5996,0,1,82
T339/2,T313,9:15:49,2,-1,1,AB6335,0,1,72
T313,T315,9:16:36,2,-1,2,AB6335,0,1,23
C676,C680,9:16:59,2,-1,-1,AB6353,0,1,58
T376/1,T363/1,9:16:59,2,-1,1,AB5996,0,1,70
C680,C669/1,9:17:58,2,-1,1,AB6353,0,1,34
T315,T375,9:18:58,2,-1,1,AB6335,0,1,106
C669/1,C693,9:19:10,2,-1,1,AB6353,0,1,49
T363/1,T314/2,9:19:10,2,-1,-1,AB5996,1,1,95
T375,T380,9:19:58,2,-1,1,AB6335,0,1,23
C693,C681,9:20:44,2,-1,-1,AB6353,0,1,58
T380,T379,9:20:56,2,-1,1,AB6335,0,1,11
T318,T320,9:21:08,2,-1,-1,AB5996,1,1,58
T379,T359,9:21:20,2,-1,1,AB6335,0,1,11
T320,T321/2,9:21:43,2,-1,-1,AB5996,0,1,11
C681,C671,9:21:56,2,-1,-1,AB6353,0,1,48
T321/2,T323,9:22:20,2,-1,1,AB5996,0,1,12
T323,T327,9:23:54,2,-1,1,AB5996,1,1,70
C671,C673,9:25:15,2,-1,-1,AB6353,1,1,175
C673,C672,9:26:14,2,-1,1,AB6353,0,1,35
T327,T337,9:26:14,2,-1,1,AB5996,1,1,104
T337,T336/2,9:27:02,2,-1,1,AB5996,0,1,35
C688/1,C691,9:28:01,2,-1,1,AB6335,0,1,83
C672,C670,9:28:25,2,-1,1,AB6353,0,1,107
C691,C652,9:29:25,2,-1,1,AB6335,0,1,59
C670,C679,9:29:25,2,-1,1,AB6353,0,1,23
C652,C655,9:30:11,2,-1,1,AB6335,0,1,23
C679,C694,9:30:58,2,-1,-1,AB6353,0,1,81
C655,C657,9:31:45,2,-1,1,AB6335,0,1,46
C694,C669/2,9:31:45,2,-1,-1,AB6353,0,1,35
C669/2,C687,9:32:19,2,-1,1,AB6353,0,1,11
C657,C660,9:32:48,2,-1,1,AB6335,0,1,52
C687,C675,9:33:24,2,-1,1,AB6353,0,1,48
C660,C664,9:34:23,2,-1,1,AB6335,1,1,58
C675,C678,9:34:23,2,-1,1,AB6353,1,1,46
C664,C677,9:35:10,2,-1,1,AB6335,1,1,35
C678,C665,9:35:22,2,-1,1,AB6353,0,1,36
C677,C667,9:35:34,2,-1,1,AB6335,0,1,12
C665,C663,9:35:46,2,-1,1,AB6353,0,1,11
C667,C676,9:35:58,2,-1,-1,AB6335,0,1,12
C676,C680,9:36:59,2,-1,-1,AB6335,0,1,49
C663,C659,9:36:59,2,-1,-1,AB6353,1,1,61
T336/2,T335,9:37:33,2,-1,1,AB5996,0,1,23
C680,C669/1,9:37:57,2,-1,1,AB6335,0,1,23
C659,C656,9:37:57,2,-1,1,AB6353,0,1,47
T335,T338,9:38:21,2,-1,1,AB5996,0,1,12
C669/1,C693,9:39:18,2,-1,1,AB6335,0,1,23
T338,T326/3,9:39:29,2,-1,-1,AB5996,0,1,34
C656,C654/2,9:39:29,2,-1,1,AB6353,0,1,34
T326/3,T332/2,9:40:28,2,-1,1,AB5996,0,1,46
C693,C681,9:40:52,2,-1,-1,AB6335,0,1,82
C654/2,C653/2,9:41:38,2,-1,1,AB6353,0,1,104
T332/2,T325/2,9:42:24,2,-1,1,AB5996,0,1,80
T325/2,T339/2,9:42:59,2,-1,1,AB5996,0,1,11
C681,C695,9:43:11,2,-1,-1,AB6335,1,1,127
C653/2,C692,9:43:11,2,-1,1,AB6353,0,1,81
C692,C689/1,9:44:34,2,-1,1,AB6353,0,1,49
C695,C673,9:44:46,2,-1,-1,AB6335,0,1,83
T339/2,T313,9:44:58,2,-1,2,AB5996,0,1,61
C673,C672,9:45:23,2,-1,1,AB6335,0,1,24
T313,T315,9:46:22,2,-1,2,AB5996,0,1,35
C689/1,T360,9:47:10,2,-1,1,AB6353,0,1,118
T315,T375,9:48:09,2,-1,1,AB5996,0,1,95
C672,C670,9:48:37,2,-1,1,AB6335,0,1,135
T360,T376/1,9:49:00,2,-1,1,AB6353,0,1,74
C670,C679,9:49:13,2,-1,1,AB6335,0,1,24
T375,T379,9:50:23,2,-1,1,AB5996,1,1,106
T376/1,T363/1,9:50:35,2,-1,1,AB6353,0,1,81
C679,C694,9:50:46,2,-1,-1,AB6335,0,1,82
T379,T359,9:50:57,2,-1,1,AB5996,0,1,22
C694,C669/2,9:51:38,2,-1,-1,AB6335,0,1,40
T363/1,T306,9:51:38,2,-1,1,AB6353,0,1,52
T359,T355/1,9:52:13,2,-1,1,AB5996,0,1,63
C669/2,C675,9:54:13,2,-1,1,AB6335,1,1,120
T318,T319,9:54:13,2,-1,-1,AB6353,0,1,13
C675,C668,9:54:37,2,-1,1,AB6335,0,1,11
T319,T320,9:55:00,2,-1,-1,AB6353,0,1,22
C668,C678,9:55:23,2,-1,1,AB6335,0,1,11
T355/1,C688/1,9:55:37,2,-1,1,AB5996,0,1,144
C678,C665,9:56:01,2,-1,1,AB6335,0,1,24
C665,C663,9:56:25,2,-1,1,AB6335,0,1,11
C688/1,C691,9:56:48,2,-1,1,AB5996,0,1,34
C663,C661,9:57:00,2,-1,1,AB6335,0,1,23
T321/2,T323,9:57:00,2,-1,1,AB6353,0,1,35
C661,C659,9:57:36,2,-1,-1,AB6335,0,1,23
T323,T324/2,9:57:47,2,-1,1,AB6353,0,1,11
C659,C656,9:58:38,2,-1,1,AB6335,0,1,38
T324/2,T327,9:59:01,2,-1,1,AB6353,0,1,61
C691,C652,9:59:12,2,-1,1,AB5996,0,1,96
C656,C654/2,9:59:36,2,-1,1,AB6335,0,1,46
T327,T326/1,9:59:36,2,-1,1,AB6353,0,1,24
C652,C655,10:00:22,2,-1,1,AB5996,0,1,34
T326/1,T337,10:00:37,2,-1,1,AB6353,0,1,49
C654/2,C653/2,10:00:49,2,-1,1,AB6335,0,1,61
C655,C657,10:01:12,2,-1,1,AB5996,0,1,35
T337,T336/2,10:01:12,2,-1,1,AB6353,0,1,23
C653/2,C692,10:01:48,2,-1,1,AB6335,0,1,47
C657,C660,10:02:00,2,-1,1,AB5996,0,1,36
C692,C689/1,10:03:47,2,-1,1,AB6335,0,1,70
C660,C677,10:04:10,2,-1,1,AB5996,3,1,92
C677,C676,10:05:00,2,-1,-1,AB5996,1,1,38
C676,C680,10:06:10,2,-1,-1,AB5996,0,1,58
C689/1,T360,10:06:10,2,-1,1,AB6335,0,1,108
T336/2,T335,10:06:33,2,-1,1,AB5457,0,1,33
C680,C669/1,10:06:56,2,-1,1,AB5996,0,1,23
T335,T338,10:07:19,2,-1,1,AB5457,0,1,11
T360,T376/1,10:07:32,2,-1,1,AB6335,0,1,48
T338,T326/3,10:08:34,2,-1,-1,AB5457,0,1,61
T326/3,T332/2,10:09:22,2,-1,1,AB5457,0,1,36
C669/1,C681,10:09:34,2,-1,-1,AB5996,1,1,122
T376/1,T363/1,10:09:34,2,-1,1,AB6335,0,1,86
C681,C671,10:10:34,2,-1,-1,AB5996,0,1,47
T332/2,T325/2,10:11:31,2,-1,1,AB5457,0,1,70
T363/1,T306,10:11:31,2,-1,1,AB6335,0,1,70
T306,T314/2,10:12:18,2,-1,-1,AB6335,0,1,34
T325/2,T339/2,10:12:31,2,-1,1,AB5457,0,1,24
C671,C695,10:12:31,2,-1,-1,AB5996,0,1,95
T314/2,T318,10:13:29,2,-1,-1,AB6335,0,1,11
C695,C673,10:14:05,2,-1,-1,AB5996,0,1,70
T318,T319,10:14:05,2,-1,-1,AB6335,0,1,11
T339/2,T313,10:14:29,2,-1,1,AB5457,0,1,82
T319,T320,10:15:04,2,-1,-1,AB6335,0,1,35
C673,C672,10:15:15,2,-1,1,AB5996,0,1,46
T313,T315,10:15:39,2,-1,1,AB5457,0,1,23
T320,T321/2,10:16:02,2,-1,-1,AB6335,0,1,11
T321/2,T323,10:16:48,2,-1,1,AB6335,0,1,11
T315,T375,10:17:36,2,-1,1,AB5457,0,1,82
T323,T324/2,10:18:01,2,-1,1,AB6335,0,1,24
C672,C670,10:18:13,2,-1,1,AB5996,0,1,119
T375,T380,10:19:23,2,-1,1,AB5457,0,1,58
T324/2,T326/1,10:20:10,2,-1,1,AB6335,1,1,94
T380,T379,10:20:22,2,-1,1,AB5457,0,1,12
C670,C694,10:20:22,2,-1,-1,AB5996,1,1,118
C694,C669/2,10:21:11,2,-1,-1,AB5996,0,1,36
T379,T359,10:21:23,2,-1,1,AB5457,0,1,48
T326/1,T337,10:21:23,2,-1,1,AB6335,0,1,60
C669/2,C687,10:21:58,2,-1,2,AB5996,0,1,23
T337,T336/2,10:21:58,2,-1,1,AB6335,0,1,23
T359,T355/1,10:23:01,2,-1,1,AB5457,0,1,74
C687,C675,10:23:13,2,-1,1,AB5996,0,1,63
C675,C678,10:23:59,2,-1,1,AB5996,1,1,35
C678,C663,10:24:46,2,-1,1,AB5996,1,1,35
C663,C661,10:25:22,2,-1,1,AB5996,0,1,24
C661,C659,10:25:59,2,-1,-1,AB5996,0,1,25
C659,C656,10:27:10,2,-1,1,AB5996,0,1,24
C656,C654/2,10:28:13,2,-1,1,AB5996,0,1,51
C688/1,C691,10:29:37,2,-1,1,AB5457,0,1,60
C691,C652,10:30:59,2,-1,1,AB5457,0,1,47
C654/2,C692,10:30:59,2,-1,1,AB5996,1,1,130
C692,C689/1,10:32:08,2,-1,1,AB5996,0,1,23
C652,C655,10:32:20,2,-1,1,AB5457,0,1,46
C655,C657,10:33:35,2,-1,1,AB5457,0,1,48
C657,C660,10:34:36,2,-1,1,AB5457,0,1,49
C660,C662,10:35:24,2,-1,1,AB5457,0,1,23
C689/1,T360,10:35:24,2,-1,1,AB5996,0,1,168
T336/2,T335,10:35:36,2,-1,1,AB6353,0,1,23
T335,T338,10:36:11,2,-1,1,AB6353,0,1,11
C662,C664,10:36:11,2,-1,1,AB5457,0,1,35
C664,C666,10:36:45,2,-1,1,AB5457,0,1,22
C666,C677,10:37:09,2,-1,1,AB5457,0,1,12
T360,T376/1,10:37:33,2,-1,1,AB5996,0,1,117
C677,C667,10:37:45,2,-1,1,AB5457,0,1,24
T338,T326/3,10:38:09,2,-1,-1,AB6353,0,1,72
C667,C676,10:38:09,2,-1,-1,AB5457,0,1,11
T376/1,T363/1,10:39:10,2,-1,1,AB5996,0,1,85
T326/3,T332/2,10:39:22,2,-1,1,AB6353,0,1,35
C676,C680,10:39:36,2,-1,-1,AB5457,0,1,50
C680,C669/1,10:40:35,2,-1,-1,AB5457,0,1,23
T363/1,T306,10:40:47,2,-1,1,AB5996,0,1,59
T332/2,T325/2,10:40:59,2,-1,1,AB6353,0,1,70
T306,T318,10:41:34,2,-1,-1,AB5996,1,1,35
T325/2,T339/2,10:41:45,2,-1,1,AB6353,0,1,11
T339/2,T313,10:43:12,2,-1,1,AB6353,0,1,51
C669/1,C681,10:43:24,2,-1,-1,AB5457,1,1,145
T318,T319,10:43:24,2,-1,-1,AB5996,0,1,74
T313,T315,10:43:47,2,-1,1,AB6353,0,1,11
T319,T320,10:44:11,2,-1,-1,AB5996,0,1,34
T320,T321/2,10:44:59,2,-1,-1,AB5996,0,1,11
T315,T375,10:45:22,2,-1,1,AB6353,0,1,82
T321/2,T323,10:46:33,2,-1,1,AB5996,0,1,48
T323,T324/2,10:46:55,2,-1,1,AB5996,0,1,11
T375,T380,10:47:18,2,-1,1,AB6353,0,1,44
T380,T379,10:47:45,2,-1,1,AB6353,0,1,11
T324/2,T327,10:47:57,2,-1,1,AB5996,0,1,50
T379,T359,10:49:00,2,-1,1,AB6353,0,1,62
C673,C672,10:49:00,2,-1,1,AB5457,0,1,51
T327,T337,10:49:36,2,-1,1,AB5996,1,1,75
T359,T355/1,10:50:12,2,-1,1,AB6353,0,1,59
T337,T336/2,10:50:12,2,-1,1,AB5996,0,1,24
C672,C670,10:52:00,2,-1,1,AB5457,0,1,156
C670,C679,10:52:48,2,-1,1,AB5457,0,1,35
T355/1,C688/1,10:53:59,2,-1,1,AB6353,0,1,191
C679,C694,10:54:35,2,-1,-1,AB5457,0,1,95
C694,C669/2,10:55:23,2,-1,-1,AB5457,0,1,35
C688/1,C691,10:55:58,2,-1,1,AB6353,0,1,58
C669/2,C687,10:56:22,2,-1,-1,AB5457,0,1,23
C687,C675,10:57:46,2,-1,2,AB5457,0,1,59
C691,C652,10:57:57,2,-1,1,AB6353,0,1,95
C652,C655,10:58:44,2,-1,1,AB6353,0,1,34
C675,C668,10:58:44,2,-1,1,AB5457,0,1,34
C668,C678,10:59:07,2,-1,1,AB5457,0,1,11
C655,C657,10:59:53,2,-1,1,AB6353,0,1,56
C657,C660,11:00:49,2,-1,1,AB6353,0,1,45
C678,C661,11:01:12,2,-1,1,AB5457,2,1,102
C661,C659,11:01:48,2,-1,-1,AB5457,0,1,23
C660,C664,11:02:24,2,-1,1,AB6353,1,1,58
C664,C666,11:03:01,2,-1,1,AB6353,0,1,13
C666,C677,11:03:25,2,-1,3,AB6353,0,1,12
C677,C667,11:04:00,2,-1,2,AB6353,0,1,23
C667,C676,11:04:25,2,-1,-1,AB6353,0,1,12
C659,C656,11:04:25,2,-1,1,AB5457,0,1,83
C656,C654/2,11:05:26,2,-1,1,AB5457,0,1,48
C676,C669/1,11:06:25,2,-1,1,AB6353,1,1,95
C669/1,C693,11:07:34,2,-1,1,AB6353,0,1,46
C654/2,C653/2,11:07:34,2,-1,1,AB5457,0,1,81
C653/2,C692,11:08:58,2,-1,1,AB5457,0,1,59
C693,C681,11:09:10,2,-1,-1,AB6353,0,1,71
T336/2,T335,11:09:48,2,-1,1,AB6335,0,1,38
C692,C689/1,11:10:00,2,-1,1,AB5457,0,1,24
C681,C671,11:10:12,2,-1,-1,AB6353,0,1,50
C671,C695,11:11:48,2,-1,-1,AB6353,0,1,84
T338,T326/3,11:12:36,2,-1,-1,AB6335,0,1,59
C695,C673,11:13:11,2,-1,-1,AB6353,0,1,70
T326/3,T332/2,11:13:38,2,-1,1,AB6335,0,1,39
C689/1,T360,11:13:38,2,-1,1,AB5457,0,1,132
C673,C672,11:14:13,2,-1,1,AB6353,0,1,50
T360,T376/1,11:15:12,2,-1,1,AB5457,0,1,70
T332/2,T325/2,11:15:23,2,-1,1,AB6335,0,1,69
T325/2,T339/2,11:16:10,2,-1,1,AB6335,0,1,11
C672,C670,11:17:10,2,-1,1,AB6353,0,1,141
T339/2,T313,11:17:37,2,-1,1,AB6335,0,1,49
C670,C679,11:17:59,2,-1,1,AB6353,0,1,22
T376/1,T363/1,11:18:23,2,-1,1,AB5457,0,1,107
T313,T315,11:18:35,2,-1,1,AB6335,0,1,12
C679,C694,11:19:35,2,-1,-1,AB6353,0,1,83
T315,T375,11:20:11,2,-1,1,AB6335,0,1,59
C694,C669/2,11:20:34,2,-1,-1,AB6353,0,1,35
T363/1,T314/2,11:20:34,2,-1,-1,AB5457,1,1,95
C669/2,C687,11:21:20,2,-1,-1,AB6353,0,1,23
T314/2,T318,11:21:31,2,-1,-1,AB5457,0,1,11
T318,T319,11:22:34,2,-1,-1,AB5457,0,1,14
T375,T380,11:22:46,2,-1,1,AB6335,0,1,85
C687,C668,11:22:58,2,-1,1,AB6353,1,1,86
C668,C678,11:23:21,2,-1,1,AB6353,0,1,11
T380,T379,11:23:34,2,-1,1,AB6335,0,1,12
T319,T320,11:23:34,2,-1,-1,AB5457,0,1,48
C678,C665,11:23:57,2,-1,1,AB6353,0,1,22
C665,C663,11:24:20,2,-1,1,AB6353,0,1,11
T379,T359,11:25:10,2,-1,1,AB6335,0,1,85
T320,T321/2,11:25:21,2,-1,-1,AB5457,0,1,11
C663,C659,11:25:39,2,-1,-1,AB6353,1,1,63
T359,T355/1,11:26:37,2,-1,1,AB6335,0,1,75
C659,C656,11:26:49,2,-1,1,AB6353,0,1,47
T321/2,T323,11:26:49,2,-1,1,AB5457,0,1,36
T323,T324/2,11:27:24,2,-1,1,AB5457,0,1,11
C656,C654/2,11:28:24,2,-1,1,AB6353,0,1,59
T324/2,T327,11:28:35,2,-1,1,AB5457,0,1,59
C654/2,C653/2,11:29:46,2,-1,1,AB6353,0,1,58
T327,T326/1,11:29:46,2,-1,1,AB5457,0,1,34
T326/1,T337,11:31:11,2,-1,1,AB5457,0,1,72
C653/2,C692,11:31:24,2,-1,1,AB6353,0,1,74
T337,T336/2,11:32:00,2,-1,1,AB5457,0,1,36
C692,C689/1,11:32:48,2,-1,1,AB6353,0,1,47
C688/1,C691,11:33:00,2,-1,1,AB6335,0,1,35
C691,C652,11:34:47,2,-1,1,AB6335,0,1,71
C689/1,T360,11:35:23,2,-1,1,AB6353,0,1,108
C652,C655,11:35:57,2,-1,1,AB6335,0,1,33
C655,C657,11:37:13,2,-1,1,AB6335,0,1,52
T360,T376/1,11:37:38,2,-1,1,AB6353,0,1,123
C657,C662,11:38:49,2,-1,1,AB6335,1,1,83
T376/1,T363/1,11:39:12,2,-1,1,AB6353,0,1,70
C662,C664,11:39:23,2,-1,1,AB6335,0,1,22
C664,C666,11:40:35,2,-1,1,AB6335,0,1,24
T363/1,T306,11:40:58,2,-1,1,AB6353,0,1,71
C677,C676,11:41:46,2,-1,-1,AB6335,1,1,48
T306,T314/2,11:41:46,2,-1,-1,AB6353,0,1,34
C676,C680,11:43:11,2,-1,-1,AB6335,0,1,49
T318,T319,11:43:24,2,-1,-1,AB6353,0,1,12
C680,C669/1,11:44:11,2,-1,1,AB6335,0,1,23
T319,T320,11:44:47,2,-1,-1,AB6353,0,1,71
T336/2,T335,11:45:47,2,-1,1,AB5996,0,1,24
T335,T338,11:46:34,2,-1,1,AB5996,0,1,11
T320,T321/2,11:46:34,2,-1,-1,AB6353,0,1,23
C669/1,C681,11:47:09,2,-1,-1,AB6335,1,1,129
T338,T326/3,11:47:44,2,-1,-1,AB5996,0,1,35
T321/2,T323,11:48:19,2,-1,1,AB6353,0,1,69
T326/3,T332/2,11:48:33,2,-1,1,AB5996,0,1,36
C681,C671,11:48:33,2,-1,-1,AB6335,0,1,48
T323,T324/2,11:49:08,2,-1,1,AB6353,0,1,11
T332/2,T325/2,11:50:16,2,-1,1,AB5996,0,1,67
T324/2,T327,11:50:29,2,-1,1,AB6353,0,1,58
C671,C695,11:50:41,2,-1,-1,AB6335,0,1,92
T325/2,T339/2,11:50:52,2,-1,1,AB5996,0,1,11
T327,T326/1,11:51:04,2,-1,1,AB6353,0,1,22
T339/2,T313,11:52:13,2,-1,1,AB5996,0,1,46
C695,C673,11:52:47,2,-1,-1,AB6335,0,1,103
T326/1,T337,11:52:47,2,-1,1,AB6353,0,1,92
T337,T336/2,11:53:22,2,-1,1,AB6353,0,1,23
C673,C672,11:53:34,2,-1,1,AB6335,0,1,34
T313,T315,11:53:45,2,-1,1,AB5996,0,1,11
T315,T375,11:55:48,2,-1,1,AB5996,0,1,87
C672,C670,11:56:35,2,-1,1,AB6335,0,1,145
T375,T380,11:56:59,2,-1,1,AB5996,0,1,23
T380,T379,11:57:34,2,-1,1,AB5996,0,1,11
C670,C679,11:57:34,2,-1,1,AB6335,0,1,35
T379,T359,11:59:08,2,-1,1,AB5996,0,1,57
C679,C694,11:59:08,2,-1,-1,AB6335,0,1,82
C694,C669/2,11:59:47,2,-1,-1,AB6335,0,1,26
T359,T355/1,12:00:38,2,-1,1,AB5996,0,1,77
C669/2,C687,12:00:50,2,-1,1,AB6335,0,1,27
C687,C668,12:02:47,2,-1,1,AB6335,1,1,82
C668,C665,12:03:33,2,-1,1,AB6335,1,1,34
C665,C663,12:04:08,2,-1,1,AB6335,0,1,23
C663,C661,12:04:46,2,-1,1,AB6335,0,1,26
C661,C659,12:05:21,2,-1,-1,AB6335,0,1,23
C688/1,C691,12:05:33,2,-1,1,AB5996,0,1,35
C659,C656,12:06:58,2,-1,1,AB6335,0,1,48
C691,C652,12:07:10,2,-1,1,AB5996,0,1,61
C652,C655,12:08:22,2,-1,1,AB5996,0,1,36
C656,C654/2,12:08:22,2,-1,1,AB6335,0,1,48
C655,C657,12:10:13,2,-1,1,AB5996,0,1,34
C657,C660,12:11:03,2,-1,1,AB5996,0,1,38
C654/2,C692,12:11:14,2,-1,1,AB6335,1,1,156
C662,C664,12:12:24,2,-1,1,AB5996,0,1,23
C664,C677,12:13:10,2,-1,1,AB5996,1,1,35
C692,C689/1,12:13:10,2,-1,1,AB6335,0,1,46
C677,C676,12:14:08,2,-1,-1,AB5996,1,1,46
C676,C680,12:15:10,2,-1,-1,AB5996,0,1,50
C680,C669/1,12:16:35,2,-1,1,AB5996,0,1,50
C689/1,T360,12:16:35,2,-1,1,AB6335,0,1,157
C669/1,C693,12:17:47,2,-1,1,AB5996,0,1,48
T360,T376/1,12:18:22,2,-1,1,AB6335,0,1,83
C693,C671,12:20:33,2,-1,-1,AB5996,1,1,153
T336/2,T335,12:22:03,2,-1,1,AB6353,0,1,23
T335,T338,12:22:26,2,-1,1,AB6353,0,1,12
T338,T326/3,12:23:36,2,-1,-1,AB6353,0,1,57
C671,C672,12:24:00,2,-1,1,AB5996,2,1,195
T363/1,T306,12:24:00,2,-1,1,AB6335,0,1,93
T326/3,T332/2,12:24:24,2,-1,1,AB6353,0,1,23
T306,T314/2,12:25:38,2,-1,-1,AB6335,0,1,73
T332/2,T325/2,12:26:00,2,-1,1,AB6353,0,1,60
T325/2,T339/2,12:26:36,2,-1,1,AB6353,0,1,22
C672,C670,12:26:36,2,-1,1,AB5996,0,1,120
C670,C679,12:27:49,2,-1,1,AB5996,0,1,35
T339/2,T313,12:28:12,2,-1,1,AB6353,0,1,46
T318,T319,12:28:35,2,-1,-1,AB6335,0,1,69
T313,T315,12:28:58,2,-1,1,AB6353,0,1,23
C679,C694,12:29:46,2,-1,-1,AB5996,0,1,82
T315,T375,12:30:22,2,-1,1,AB6353,0,1,72
T319,T320,12:30:45,2,-1,-1,AB6335,0,1,107
C669/2,C687,12:31:20,2,-1,1,AB5996,0,1,23
T375,T380,12:31:47,2,-1,1,AB6353,0,1,73
T380,T379,12:32:23,2,-1,1,AB6353,0,1,11
T379,T359,12:32:49,2,-1,1,AB6353,0,1,11
C687,C668,12:33:13,2,-1,1,AB5996,1,1,85
T321/2,T323,12:33:37,2,-1,1,AB6335,0,1,24
T359,T355/1,12:34:14,2,-1,1,AB6353,0,1,72
C678,C663,12:34:39,2,-1,1,AB5996,1,1,38
T323,T324/2,12:34:39,2,-1,1,AB6335,0,1,13
C663,C659,12:36:12,2,-1,-1,AB5996,1,1,58
T324/2,T327,12:36:47,2,-1,1,AB6335,0,1,93
T327,T326/1,12:37:33,2,-1,1,AB6335,0,1,34
C659,C656,12:37:45,2,-1,1,AB5996,0,1,46
C656,C654/2,12:38:50,2,-1,1,AB5996,0,1,52
T326/1,T337,12:38:50,2,-1,1,AB6335,0,1,64
T337,T336/2,12:39:37,2,-1,1,AB6335,0,1,23
C688/1,C691,12:39:50,2,-1,1,AB6353,0,1,71
C654/2,C653/2,12:40:24,2,-1,1,AB5996,0,1,47
C653/2,C692,12:42:09,2,-1,1,AB5996,0,1,93
C691,C652,12:42:33,2,-1,1,AB6353,0,1,117
C652,C655,12:43:34,2,-1,1,AB6353,0,1,37
C692,C689/1,12:43:34,2,-1,1,AB5996,0,1,61
C655,C657,12:44:48,2,-1,1,AB6353,0,1,48
C657,C660,12:45:57,2,-1,1,AB6353,0,1,57
C660,C662,12:46:46,2,-1,1,AB6353,0,1,25
C689/1,T360,12:47:12,2,-1,1,AB5996,0,1,167
C662,C676,12:49:00,2,-1,-1,AB6353,4,1,121
T360,T376/1,12:49:13,2,-1,1,AB5996,0,1,108
C676,C680,12:50:24,2,-1,-1,AB6353,0,1,59
C680,C669/1,12:51:13,2,-1,1,AB6353,0,1,23
T376/1,T363/1,12:51:48,2,-1,1,AB5996,0,1,142
C669/1,C693,12:52:23,2,-1,1,AB6353,0,1,58
C693,C681,12:53:48,2,-1,-1,AB6353,0,1,49
T363/1,T314/2,12:54:25,2,-1,-1,AB5996,1,1,86
T336/2,T335,12:55:14,2,-1,1,AB6335,0,1,48
C681,C695,12:56:14,2,-1,-1,AB6353,1,1,133
T318,T319,12:56:50,2,-1,-1,AB5996,0,1,11
T338,T326/3,12:57:35,2,-1,-1,AB6335,0,1,81
C695,C673,12:57:59,2,-1,-1,AB6353,0,1,81
T319,T320,12:58:11,2,-1,-1,AB5996,0,1,46
C673,C672,12:58:33,2,-1,1,AB6353,0,1,22
T326/3,T332/2,12:58:56,2,-1,1,AB6335,0,1,56
T320,T321/2,12:59:34,2,-1,-1,AB5996,0,1,14
C672,C670,13:00:45,2,-1,1,AB6353,0,1,108
T321/2,T323,13:00:57,2,-1,1,AB5996,0,1,34
T332/2,T325/2,13:01:08,2,-1,1,AB6335,0,1,94
T325/2,T339/2,13:01:55,2,-1,1,AB6335,0,1,12
T324/2,T327,13:03:08,2,-1,1,AB5996,0,1,61
T339/2,T313,13:03:20,2,-1,1,AB6335,0,1,47
C670,C669/2,13:03:43,2,-1,-1,AB6353,2,1,166
T327,T326/1,13:04:18,2,-1,1,AB5996,0,1,34
C669/2,C687,13:04:36,2,-1,1,AB6353,0,1,17
T326/1,T337,13:05:37,2,-1,1,AB5996,0,1,49
T313,T375,13:06:12,2,-1,1,AB6335,1,1,113
C687,C668,13:06:12,2,-1,1,AB6353,1,1,84
T337,T336/2,13:06:24,2,-1,1,AB5996,0,1,35
C668,C678,13:06:36,2,-1,1,AB6353,0,1,12
T375,T380,13:07:37,2,-1,1,AB6335,0,1,37
C678,C663,13:07:37,2,-1,1,AB6353,1,1,49
T380,T379,13:08:37,2,-1,1,AB6335,0,1,11
C663,C659,13:08:49,2,-1,-1,AB6353,1,1,60
C659,C656,13:10:02,2,-1,1,AB6353,0,1,36
T379,T355/1,13:10:49,2,-1,1,AB6335,1,1,83
C656,C654/2,13:11:01,2,-1,1,AB6353,0,1,47
C654/2,C653/2,13:13:35,2,-1,1,AB6353,0,1,130
C653/2,C689/1,13:16:21,2,-1,1,AB6353,1,1,131
C688/1,C691,13:17:36,2,-1,1,AB6335,0,1,62
C691,C652,13:18:57,2,-1,1,AB6335,0,1,46
C689/1,T360,13:19:58,2,-1,1,AB6353,0,1,169
C652,C655,13:20:21,2,-1,1,AB6335,0,1,34
C655,C657,13:21:45,2,-1,1,AB6335,0,1,35
T360,T376/1,13:21:45,2,-1,1,AB6353,0,1,60
C657,C660,13:22:46,2,-1,1,AB6335,0,1,49
C660,C662,13:24:36,2,-1,1,AB6335,0,1,26
T376/1,T363/1,13:25:10,2,-1,1,AB6353,0,1,155
C662,C664,13:25:23,2,-1,1,AB6335,0,1,12
C664,C666,13:25:46,2,-1,1,AB6335,0,1,11
C666,C677,13:26:11,2,-1,1,AB6335,0,1,13
C677,C667,13:26:35,2,-1,1,AB6335,0,1,12
T363/1,T318,13:28:20,2,-1,-1,AB6353,2,1,68
C676,C680,13:28:38,2,-1,-1,AB6335,0,1,75
C680,C669/1,13:29:49,2,-1,1,AB6335,0,1,47
T336/2,T335,13:31:10,2,-1,1,AB5996,0,1,23
C669/1,C693,13:31:10,2,-1,1,AB6335,0,1,57
T335,T338,13:31:57,2,-1,1,AB5996,0,1,11
T318,T320,13:32:08,2,-1,-1,AB6353,1,1,186
T338,T326/3,13:33:36,2,-1,-1,AB5996,0,1,75
C693,C671,13:33:36,2,-1,-1,AB6335,1,1,134
T320,T321/2,13:34:00,2,-1,-1,AB6353,0,1,23
T326/3,T332/2,13:34:46,2,-1,1,AB5996,0,1,46
T321/2,T323,13:34:59,2,-1,1,AB6353,0,1,24
C671,C695,13:35:22,2,-1,-1,AB6335,0,1,93
T323,T324/2,13:35:34,2,-1,1,AB6353,0,1,12
T324/2,T327,13:36:58,2,-1,1,AB6353,0,1,70
T332/2,T325/2,13:37:09,2,-1,1,AB5996,0,1,82
T325/2,T339/2,13:37:56,2,-1,1,AB5996,0,1,11
T327,T326/1,13:37:56,2,-1,1,AB6353,0,1,22
C695,C672,13:38:07,2,-1,-1,AB6335,1,1,153
T326/1,T337,13:39:05,2,-1,1,AB6353,0,1,46
T339/2,T313,13:39:40,2,-1,1,AB5996,0,1,58
T337,T336/2,13:39:51,2,-1,1,AB6353,0,1,34
T313,T315,13:40:49,2,-1,1,AB5996,0,1,23
C672,C670,13:41:23,2,-1,1,AB6335,0,1,149
C670,C679,13:41:59,2,-1,1,AB6335,0,1,12
T315,T375,13:42:22,2,-1,1,AB5996,0,1,81
C679,C669/2,13:44:28,2,-1,-1,AB6335,1,1,126
T375,T380,13:44:41,2,-1,1,AB5996,0,1,80
T380,T379,13:45:28,2,-1,1,AB5996,0,1,12
C669/2,C687,13:45:51,2,-1,1,AB6335,0,1,35
T379,T359,13:47:01,2,-1,1,AB5996,0,1,47
C687,C675,13:47:26,2,-1,1,AB6335,0,1,71
C675,C678,13:48:35,2,-1,1,AB6335,1,1,45
C678,C665,13:49:10,2,-1,1,AB6335,0,1,22
C665,C663,13:49:38,2,-1,1,AB6335,0,1,15
C663,C661,13:50:13,2,-1,1,AB6335,0,1,23
C661,C659,13:51:22,2,-1,-1,AB6335,0,1,23
C659,C656,13:53:25,2,-1,1,AB6335,0,1,57
C656,C654/2,13:54:37,2,-1,1,AB6335,0,1,58
C688/1,C691,13:54:49,2,-1,1,AB5996,0,1,70
C691,C652,13:56:36,2,-1,1,AB5996,0,1,73
C654/2,C653/2,13:56:48,2,-1,1,AB6335,0,1,108
C652,C655,13:57:12,2,-1,1,AB5996,0,1,23
C655,C657,13:58:00,2,-1,1,AB5996,0,1,36
C653/2,C692,13:58:12,2,-1,1,AB6335,0,1,71
C657,C660,13:58:58,2,-1,1,AB5996,0,1,46
C692,C689/1,13:59:34,2,-1,1,AB6335,0,1,23
C660,C662,13:59:45,2,-1,1,AB5996,0,1,11
C662,C666,14:00:58,2,-1,-1,AB5996,1,1,60
C677,C676,14:02:12,2,-1,-1,AB5996,1,1,50
C689/1,T360,14:02:24,2,-1,-1,AB6335,0,1,124
C676,C680,14:03:23,2,-1,-1,AB5996,0,1,58
T336/2,T335,14:03:45,2,-1,-1,AB6353,0,1,22
C680,C669/1,14:04:09,2,-1,-1,AB5996,0,1,34
T360,T376/1,14:04:09,2,-1,-1,AB6335,0,1,69
T335,T338,14:04:47,2,-1,-1,AB6353,0,1,12
C669/1,C693,14:05:21,2,-1,1,AB5996,0,1,60
T338,T326/3,14:06:23,2,-1,-1,AB6353,0,1,83
T376/1,T363/1,14:06:34,2,-1,1,AB6335,0,1,83
C693,C681,14:06:45,2,-1,-1,AB5996,0,1,69
T326/3,T332/2,14:07:09,2,-1,1,AB6353,0,1,35
C681,C671,14:07:48,2,-1,-1,AB5996,0,1,51
T363/1,T306,14:08:23,2,-1,1,AB6335,0,1,63
T306,T314/2,14:09:11,2,-1,-1,AB6335,0,1,34
T332/2,T325/2,14:09:23,2,-1,1,AB6353,0,1,71
C671,C695,14:09:58,2,-1,-1,AB5996,0,1,94
T325/2,T339/2,14:10:10,2,-1,1,AB6353,0,1,22
T339/2,T313,14:11:42,2,-1,1,AB6353,0,1,46
T319,T320,14:12:06,2,-1,-1,AB6335,0,1,58
T313,T315,14:12:46,2,-1,1,AB6353,0,1,39
T315,T375,14:14:29,2,-1,1,AB6353,0,1,80
T320,T321/2,14:15:04,2,-1,-1,AB6335,0,1,91
T375,T380,14:16:24,2,-1,1,AB6353,0,1,80
T321/2,T323,14:16:24,2,-1,1,AB6335,0,1,35
T380,T379,14:17:23,2,-1,1,AB6353,0,1,23
T323,T324/2,14:17:49,2,-1,1,AB6335,0,1,26
T379,T359,14:18:37,2,-1,1,AB6353,0,1,58
T324/2,T327,14:19:48,2,-1,1,AB6335,0,1,71
T359,T355/1,14:20:00,2,-1,1,AB6353,0,1,71
C669/2,C687,14:20:46,2,-1,-1,AB5996,0,1,23
T327,T337,14:21:46,2,-1,1,AB6335,1,1,106
C687,C675,14:22:35,2,-1,1,AB5996,0,1,71
T337,T336/2,14:22:35,2,-1,1,AB6335,0,1,36
C675,C668,14:23:23,2,-1,1,AB5996,0,1,23
C678,C663,14:24:38,2,-1,1,AB5996,1,1,46
C688/1,C691,14:25:12,2,-1,1,AB6353,0,1,34
C663,C659,14:25:50,2,-1,-1,AB5996,1,1,60
C691,C652,14:26:47,2,-1,1,AB6353,0,1,56
C659,C656,14:26:59,2,-1,1,AB5996,0,1,46
C652,C655,14:28:10,2,-1,1,AB6353,0,1,47
C656,C654/2,14:28:10,2,-1,1,AB5996,0,1,47
C655,C657,14:29:42,2,-1,1,AB6353,0,1,23
C657,C660,14:30:29,2,-1,-1,AB6353,0,1,35
C660,C662,14:31:28,2,-1,-1,AB6353,0,1,23
C654/2,C692,14:31:39,2,-1,1,AB5996,1,1,141
C662,C664,14:32:02,2,-1,-1,AB6353,0,1,23
C664,C666,14:32:39,2,-1,-1,AB6353,0,1,23
C692,C689/1,14:33:12,2,-1,1,AB5996,0,1,33
C677,C667,14:33:25,2,-1,-1,AB6353,0,1,12
C667,C676,14:33:50,2,-1,-1,AB6353,0,1,12
C676,C680,14:35:00,2,-1,-1,AB6353,0,1,58
C680,C669/1,14:36:13,2,-1,1,AB6353,0,1,47
C689/1,T360,14:36:13,2,-1,1,AB5996,0,1,143
T360,T376/1,14:37:24,2,-1,1,AB5996,0,1,46
C669/1,C693,14:37:36,2,-1,1,AB6353,0,1,70
C693,C681,14:39:09,2,-1,-1,AB6353,0,1,81
T336/2,T335,14:39:20,2,-1,1,AB6335,0,1,34
C681,C671,14:40:07,2,-1,-1,AB6353,0,1,46
T335,T338,14:40:19,2,-1,1,AB6335,0,1,11
T376/1,T363/1,14:40:19,2,-1,2,AB5996,0,1,81
T338,T326/3,14:42:04,2,-1,-1,AB6335,0,1,58
C671,C695,14:42:04,2,-1,-1,AB6353,0,1,81
T326/3,T332/2,14:43:27,2,-1,1,AB6335,0,1,48
C695,C672,14:44:14,2,-1,1,AB6353,1,1,118
T363/1,T306,14:44:14,2,-1,1,AB5996,0,1,59
T306,T314/2,14:45:03,2,-1,-1,AB5996,0,1,37
T332/2,T325/2,14:45:14,2,-1,1,AB6335,0,1,72
T325/2,T339/2,14:46:01,2,-1,1,AB6335,0,1,11
T314/2,T318,14:46:24,2,-1,-1,AB5996,0,1,12
C672,C670,14:47:24,2,-1,1,AB6353,0,1,118
T339/2,T313,14:48:11,2,-1,2,AB6335,0,1,58
C670,C679,14:48:22,2,-1,1,AB6353,0,1,33
T313,T315,14:48:46,2,-1,2,AB6335,0,1,11
T319,T320,14:49:09,2,-1,-1,AB5996,0,1,58
C679,C694,14:50:07,2,-1,-1,AB6353,0,1,92
C694,C669/2,14:50:55,2,-1,-1,AB6353,0,1,36
T315,T375,14:51:06,2,-1,1,AB6335,0,1,129
T320,T321/2,14:51:06,2,-1,-1,AB5996,0,1,23
T375,T380,14:52:05,2,-1,1,AB6335,0,1,36
C669/2,C687,14:52:05,2,-1,-1,AB6353,0,1,36
T321/2,T323,14:52:30,2,-1,1,AB5996,0,1,60
T380,T379,14:53:06,2,-1,1,AB6335,0,1,23
C687,C675,14:53:29,2,-1,-1,AB6353,0,1,58
T323,T324/2,14:53:29,2,-1,1,AB5996,0,1,11
C675,C678,14:54:40,2,-1,1,AB6353,1,1,48
T324/2,T327,14:55:16,2,-1,1,AB5996,0,1,72
C665,C663,14:55:27,2,-1,1,AB6353,0,1,11
T379,T355/1,14:55:39,2,-1,1,AB6335,1,1,130
T327,T326/1,14:55:51,2,-1,1,AB5996,0,1,24
C663,C661,14:56:38,2,-1,1,AB6353,0,1,34
C661,C659,14:57:25,2,-1,-1,AB6353,0,1,35
T326/1,T337,14:57:25,2,-1,1,AB5996,0,1,81
T337,T336/2,14:58:12,2,-1,1,AB5996,0,1,35
C659,C656,14:59:33,2,-1,1,AB6353,0,1,35
C656,C654/2,15:00:35,2,-1,1,AB6353,0,1,49
C688/1,C691,15:02:23,2,-1,1,AB6335,0,1,71
C654/2,C653/2,15:03:10,2,-1,1,AB6353,0,1,118
C691,C652,15:03:44,2,-1,1,AB6335,0,1,46
C652,C655,15:04:57,2,-1,1,AB6335,0,1,23
C653/2,C692,15:05:34,2,-1,1,AB6353,0,1,121
C655,C657,15:06:21,2,-1,1,AB6335,0,1,46
C692,C689/1,15:07:19,2,-1,1,AB6353,0,1,70
C657,C662,15:07:46,2,-1,1,AB6335,1,1,74
C662,C666,15:08:59,2,-1,1,AB6335,1,1,49
C666,C667,15:09:56,2,-1,1,AB6335,1,1,45
C667,C676,15:10:19,2,-1,-1,AB6335,0,1,11
C689/1,T360,15:11:05,2,-1,1,AB6353,0,1,175
C676,C680,15:11:28,2,-1,-1,AB6335,0,1,57
C680,C669/1,15:12:37,2,-1,1,AB6335,0,1,57
T336/2,T335,15:12:49,2,-1,1,AB5996,0,1,23
T360,T376/1,15:13:23,2,-1,1,AB6353,0,1,104
T335,T338,15:13:35,2,-1,1,AB5996,0,1,11
C669/1,C693,15:13:48,2,-1,1,AB6335,0,1,59
T338,T326/3,15:15:10,2,-1,-1,AB5996,0,1,58
C693,C681,15:15:10,2,-1,-1,AB6335,0,1,70
T376/1,T363/1,15:15:45,2,-1,1,AB6353,0,1,129
T326/3,T332/2,15:16:08,2,-1,1,AB5996,0,1,46
C681,C695,15:17:52,2,-1,-1,AB6335,1,1,127
T363/1,T306,15:18:04,2,-1,1,AB6353,0,1,91
T332/2,T325/2,15:18:26,2,-1,1,AB5996,0,1,67
T306,T314/2,15:19:01,2,-1,-1,AB6353,0,1,46
T325/2,T339/2,15:19:13,2,-1,1,AB5996,0,1,34
C695,C673,15:19:27,2,-1,-1,AB6335,0,1,82
C673,C672,15:20:24,2,-1,1,AB6335,0,1,34
T318,T319,15:20:36,2,-1,-1,AB6353,0,1,11
T339/2,T313,15:21:23,2,-1,1,AB5996,0,1,93
T319,T320,15:22:01,2,-1,-1,AB6353,0,1,49
T313,T315,15:23:01,2,-1,1,AB5996,0,1,23
C672,C670,15:23:01,2,-1,1,AB6335,0,1,121
T320,T321/2,15:23:13,2,-1,-1,AB6353,0,1,12
C670,C679,15:24:11,2,-1,1,AB6335,0,1,34
T315,T375,15:25:00,2,-1,1,AB5996,0,1,95
T321/2,T323,15:25:00,2,-1,1,AB6353,0,1,23
C679,C694,15:25:34,2,-1,-1,AB6335,0,1,71
T323,T324/2,15:25:34,2,-1,1,AB6353,0,1,11
C694,C669/2,15:26:46,2,-1,-1,AB6335,0,1,36
T324/2,T327,15:26:46,2,-1,1,AB6353,0,1,60
T375,T380,15:27:10,2,-1,1,AB5996,0,1,84
T327,T326/1,15:27:34,2,-1,1,AB6353,0,1,35
T380,T379,15:27:56,2,-1,1,AB5996,0,1,11
T379,T359,15:28:47,2,-1,1,AB5996,0,1,11
C669/2,C675,15:28:47,2,-1,1,AB6335,1,1,97
T326/1,T337,15:28:47,2,-1,1,AB6353,0,1,62
C675,C668,15:29:23,2,-1,1,AB6335,0,1,23
T337,T336/2,15:29:35,2,-1,1,AB6353,0,1,36
C668,C678,15:29:47,2,-1,1,AB6335,0,1,11
T359,T355/1,15:29:59,2,-1,1,AB5996,0,1,59
C678,C663,15:30:36,2,-1,1,AB6335,1,1,37
C663,C661,15:31:24,2,-1,1,AB6335,0,1,23
C661,C659,15:31:58,2,-1,-1,AB6335,0,1,22
C659,C656,15:33:24,2,-1,1,AB6335,0,1,35
C656,C654/2,15:34:23,2,-1,1,AB6335,0,1,46
C688/1,C691,15:36:30,2,-1,1,AB5996,0,1,81
C654/2,C653/2,15:36:30,2,-1,1,AB6335,0,1,104
C691,C652,15:38:06,2,-1,1,AB5996,0,1,71
C653/2,C692,15:38:18,2,-1,1,AB6335,0,1,95
C652,C655,15:39:17,2,-1,1,AB5996,0,1,35
C692,C689/1,15:39:28,2,-1,1,AB6335,0,1,24
C655,C657,15:40:40,2,-1,1,AB5996,0,1,59
C657,C660,15:41:53,2,-1,1,AB5996,0,1,48
C660,C662,15:43:14,2,-1,1,AB5996,0,1,11
C689/1,T360,15:43:14,2,-1,1,AB6335,0,1,179
C662,C664,15:43:50,2,-1,1,AB5996,0,1,23
C664,C677,15:45:00,2,-1,1,AB5996,1,1,46
C677,C667,15:45:48,2,-1,1,AB5996,0,1,23
T360,T376/1,15:46:00,2,-1,1,AB6335,0,1,118
C667,C676,15:46:25,2,-1,-1,AB5996,0,1,12
T376/1,T363/1,15:47:37,2,-1,1,AB6335,0,1,84
C676,C680,15:48:11,2,-1,-1,AB5996,0,1,46
T336/2,T335,15:48:37,2,-1,1,AB6353,0,1,26
T335,T338,15:49:22,2,-1,1,AB6353,0,1,22
C680,C669/1,15:49:56,2,-1,1,AB5996,0,1,68
T338,T326/3,15:51:08,2,-1,-1,AB6353,0,1,71
C669/1,C693,15:51:08,2,-1,1,AB5996,0,1,47
T363/1,T306,15:51:47,2,-1,1,AB6335,0,1,121
T326/3,T332/2,15:52:22,2,-1,1,AB6353,0,2,34
C693,C681,15:52:34,2,-1,-1,AB5996,0,2,74
T306,T314/2,15:52:58,2,-1,-1,AB6335,0,2,59
T332/2,T325/2,15:53:45,2,-1,1,AB6353,0,2,46
C681,C671,15:53:45,2,-1,-1,AB5996,0,2,46
T325/2,T339/2,15:54:41,2,-1,2,AB6353,0,2,22
T318,T319,15:55:05,2,-1,-1,AB6335,0,2,12
C671,C695,15:55:40,2,-1,-1,AB5996,0,2,92
T319,T320,15:56:26,2,-1,-1,AB6335,0,2,69
T339/2,T313,15:56:51,2,-1,1,AB6353,0,2,59
C695,C673,15:57:14,2,-1,-1,AB5996,0,2,71
T313,T315,15:57:37,2,-1,1,AB6353,0,2,22
C673,C672,15:58:00,2,-1,1,AB5996,0,2,34
T315,T375,15:58:57,2,-1,1,AB6353,0,2,68
T321/2,T323,15:59:36,2,-1,1,AB6335,0,2,27
C672,C670,16:00:46,2,-1,1,AB5996,0,2,131
T375,T380,16:00:57,2,-1,1,AB6353,0,2,81
T323,T324/2,16:01:21,2,-1,1,AB6335,0,2,58
T380,T379,16:01:46,2,-1,1,AB6353,0,2,12
C670,C679,16:01:58,2,-1,1,AB5996,0,2,36
T324/2,T327,16:03:08,2,-1,1,AB6335,0,2,46
C679,C694,16:03:35,2,-1,-1,AB5996,0,2,85
T379,T359,16:03:46,2,-1,1,AB6353,0,2,84
T327,T326/1,16:04:09,2,-1,1,AB6335,0,2,22
T359,T355/1,16:04:56,2,-1,1,AB6353,0,2,58
C669/2,C687,16:05:19,2,-1,1,AB5996,0,2,34
T326/1,T336/2,16:06:19,2,-1,1,AB6335,1,2,117
C687,C668,16:07:19,2,-1,1,AB5996,1,2,83
C668,C678,16:07:57,2,-1,1,AB5996,0,2,12
C678,C665,16:08:45,2,-1,1,AB5996,0,2,11
C665,C663,16:09:22,2,-1,1,AB5996,0,2,24
C663,C661,16:10:01,2,-1,1,AB5996,0,2,23
C661,C659,16:10:36,2,-1,-1,AB5996,0,2,23
C688/1,C691,16:11:22,2,-1,1,AB6353,0,2,69
C659,C656,16:12:00,2,-1,1,AB5996,0,2,38
C656,C654/2,16:13:23,2,-1,1,AB5996,0,2,48
C691,C652,16:13:37,2,-1,1,AB6353,0,2,85
C652,C655,16:14:24,2,-1,1,AB6353,0,2,23
C654/2,C653/2,16:15:47,2,-1,1,AB5996,0,2,93
C655,C657,16:15:59,2,-1,1,AB6353,0,2,48
C657,C660,16:16:45,2,-1,1,AB6353,0,2,34
C653/2,C692,16:17:09,2,-1,1,AB5996,0,2,69
C660,C662,16:17:33,2,-1,1,AB6353,0,2,24
C662,C664,16:18:30,2,-1,1,AB6353,0,2,45
C664,C666,16:18:53,2,-1,1,AB6353,0,2,11
C677,C667,16:19:40,2,-1,1,AB6353,0,2,23
C667,C676,16:20:03,2,-1,-1,AB6353,0,2,11
C676,C680,16:21:00,2,-1,-1,AB6353,0,2,45
C680,C669/1,16:21:36,2,-1,1,AB6353,0,2,23
C689/1,T360,16:21:47,2,-1,1,AB5996,0,2,138
T336/2,T335,16:23:12,2,-1,1,AB6335,0,2,23
T360,T376/1,16:23:24,2,-1,1,AB5996,0,2,62
T335,T338,16:23:49,2,-1,1,AB6335,0,2,12
T338,T326/3,16:25:12,2,-1,-1,AB6335,0,2,57
T326/3,T332/2,16:26:32,2,-1,1,AB6335,0,2,57
T376/1,T363/1,16:26:32,2,-1,1,AB5996,0,2,114
C671,C673,16:28:45,2,-1,-1,AB6353,1,2,156
T332/2,T325/2,16:28:57,2,-1,1,AB6335,0,2,107
T363/1,T306,16:28:57,2,-1,1,AB5996,0,2,95
C673,C672,16:29:43,2,-1,1,AB6353,0,2,46
T306,T318,16:29:43,2,-1,-1,AB5996,1,2,35
T325/2,T339/2,16:30:06,2,-1,1,AB6335,0,2,46
T318,T319,16:31:05,2,-1,-1,AB5996,0,2,47
T339/2,T313,16:32:10,2,-1,1,AB6335,0,2,87
T319,T320,16:32:33,2,-1,-1,AB5996,0,2,76
C672,C679,16:33:09,2,-1,1,AB6353,1,2,146
T313,T315,16:33:20,2,-1,1,AB6335,0,2,11
C679,C694,16:34:36,2,-1,-1,AB6353,0,2,75
T320,T321/2,16:34:36,2,-1,-1,AB5996,0,2,14
T315,T375,16:35:45,2,-1,1,AB6335,0,2,69
C694,C669/2,16:35:45,2,-1,-1,AB6353,0,2,58
C669/2,C687,16:36:21,2,-1,1,AB6353,0,2,24
T321/2,T323,16:36:35,2,-1,1,AB5996,0,2,26
T375,T380,16:36:58,2,-1,1,AB6335,0,2,22
T380,T379,16:37:45,2,-1,1,AB6335,0,2,11
T323,T324/2,16:37:45,2,-1,1,AB5996,0,2,11
C687,C668,16:39:07,2,-1,1,AB6353,1,2,103
C668,C678,16:39:31,2,-1,1,AB6353,0,2,11
T324/2,T327,16:39:42,2,-1,1,AB5996,0,2,69
T359,T355/1,16:39:53,2,-1,1,AB6335,0,2,69
C678,C665,16:40:05,2,-1,1,AB6353,0,2,22
C665,C663,16:40:28,2,-1,1,AB6353,0,2,11
T327,T326/1,16:40:28,2,-1,1,AB5996,0,2,34
C663,C661,16:41:16,2,-1,1,AB6353,0,2,23
C661,C659,16:41:51,2,-1,-1,AB6353,0,2,23
T326/1,T337,16:41:51,2,-1,1,AB5996,0,2,59
T337,T336/2,16:42:54,2,-1,1,AB5996,0,2,39
C659,C656,16:43:17,2,-1,1,AB6353,0,2,39
C656,C654/2,16:44:29,2,-1,1,AB6353,0,2,60
C688/1,C691,16:46:13,2,-1,1,AB6335,0,2,11
C654/2,C653/2,16:46:25,2,-1,1,AB6353,0,2,80
C653/2,C692,16:47:58,2,-1,1,AB6353,0,2,80
C691,C655,16:48:44,2,-1,1,AB6335,1,2,115
C692,C689/1,16:50:09,2,-1,1,AB6353,0,2,84
C655,C660,16:50:45,2,-1,1,AB6335,1,2,94
C660,C662,16:51:48,2,-1,1,AB6335,0,2,13
C662,C664,16:52:22,2,-1,1,AB6335,0,2,22
C664,C666,16:52:46,2,-1,1,AB6335,0,2,12
C666,C667,16:53:35,2,-1,2,AB6335,1,2,37
C667,C676,16:53:58,2,-1,-1,AB6335,0,2,11
C689/1,T360,16:53:58,2,-1,1,AB6353,0,2,169
T360,T376/1,16:55:07,2,-1,1,AB6353,0,2,11
C676,C680,16:55:18,2,-1,-1,AB6335,0,2,22
C680,C669/1,16:56:18,2,-1,1,AB6335,0,2,46
T336/2,T335,16:58:06,2,-1,1,AB5996,0,2,26
T376/1,T363/1,16:58:06,2,-1,1,AB6353,0,2,131
C669/1,C681,16:58:41,2,-1,-1,AB6335,1,2,120
T338,T326/3,17:00:17,2,-1,-1,AB5996,0,2,59
T363/1,T306,17:00:17,2,-1,1,AB6353,0,2,95
C681,C695,17:00:54,2,-1,-1,AB6335,1,2,120
T326/3,T332/2,17:01:06,2,-1,1,AB5996,0,2,12
T306,T314/2,17:01:30,2,-1,-1,AB6353,0,2,36
T332/2,T325/2,17:02:52,2,-1,1,AB5996,0,2,58
C695,C673,17:03:04,2,-1,-1,AB6335,0,2,81
T325/2,T339/2,17:03:39,2,-1,2,AB5996,0,2,11
T314/2,T318,17:03:39,2,-1,-1,AB6353,0,2,23
C673,C672,17:04:03,2,-1,1,AB6335,0,2,23
T318,T319,17:04:15,2,-1,-1,AB6353,0,2,11
T319,T320,17:05:26,2,-1,-1,AB6353,0,2,47
T339/2,T313,17:05:48,2,-1,1,AB5996,0,2,82
C672,C670,17:06:36,2,-1,1,AB6335,0,2,117
T320,T321/2,17:06:36,2,-1,-1,AB6353,0,2,14
C670,C679,17:07:36,2,-1,1,AB6335,0,2,23
T313,T375,17:08:23,2,-1,1,AB5996,1,2,132
T321/2,T323,17:08:23,2,-1,1,AB6353,0,2,58
C679,C694,17:08:59,2,-1,-1,AB6335,0,2,70
T323,T324/2,17:08:59,2,-1,1,AB6353,0,2,12
T375,T380,17:09:45,2,-1,1,AB5996,0,2,46
C694,C669/2,17:09:57,2,-1,-1,AB6335,0,2,46
T380,T379,17:10:35,2,-1,1,AB5996,0,2,14
C669/2,C687,17:11:10,2,-1,1,AB6335,0,2,35
T379,T359,17:11:22,2,-1,1,AB5996,0,2,23
C687,C675,17:12:34,2,-1,1,AB6335,0,2,49
T359,T355/1,17:12:46,2,-1,1,AB5996,0,2,72
T324/2,T337,17:12:58,2,-1,1,AB6353,2,2,180
C675,C668,17:13:34,2,-1,-1,AB6335,0,2,23
T337,T336/2,17:13:58,2,-1,1,AB6353,0,2,24
C678,C665,17:14:11,2,-1,-1,AB6335,0,2,12
C665,C663,17:14:35,2,-1,1,AB6335,0,2,11
C663,C661,17:15:11,2,-1,1,AB6335,0,2,24
C661,C659,17:16:00,2,-1,-1,AB6335,0,2,25
C659,C656,17:17:37,2,-1,1,AB6335,0,2,36
C688/1,C691,17:18:23,2,-1,1,AB5996,0,2,45
C656,C654/2,17:18:23,2,-1,1,AB6335,0,2,33
C691,C652,17:20:48,2,-1,1,AB5996,0,2,87
C654/2,C653/2,17:21:00,2,-1,1,AB6335,0,2,133
C652,C655,17:22:01,2,-1,1,AB5996,0,2,23
C653/2,C692,17:22:50,2,-1,1,AB6335,0,2,87
C655,C657,17:23:24,2,-1,1,AB5996,0,2,58
C692,C689/1,17:24:13,2,-1,1,AB6335,0,2,24
C657,C660,17:24:27,2,-1,1,AB5996,0,2,38
C660,C662,17:24:52,2,-1,1,AB5996,0,2,12
C662,C664,17:25:29,2,-1,1,AB5996,0,2,23
C664,C666,17:26:05,2,-1,1,AB5996,0,2,23
C666,C677,17:26:28,2,-1,1,AB5996,0,2,11
C677,C667,17:27:03,2,-1,1,AB5996,0,2,23
C667,C676,17:27:27,2,-1,-1,AB5996,0,2,11
C689/1,T360,17:27:50,2,-1,1,AB6335,0,2,141
C676,C680,17:28:38,2,-1,-1,AB5996,0,2,59
T360,T376/1,17:29:26,2,-1,1,AB6335,0,2,71
C680,C693,17:30:23,2,-1,1,AB5996,1,2,92
T376/1,T363/1,17:31:34,2,-1,1,AB6335,0,2,35
C693,C681,17:31:46,2,-1,-1,AB5996,0,2,68
T336/2,T335,17:32:46,2,-1,1,AB6353,0,2,24
C681,C671,17:32:46,2,-1,-1,AB5996,0,2,48
T335,T338,17:33:20,2,-1,1,AB6353,0,2,11
T363/1,T306,17:34:19,2,-1,1,AB6335,0,2,105
T338,T326/3,17:35:16,2,-1,-1,AB6353,0,2,80
T306,T318,17:35:16,2,-1,-1,AB6335,1,2,45
T326/3,T332/2,17:36:15,2,-1,1,AB6353,0,2,47
T318,T319,17:37:16,2,-1,-1,AB6335,0,2,60
T332/2,T325/2,17:37:50,2,-1,1,AB6353,0,2,58
T319,T320,17:38:24,2,-1,-1,AB6335,0,2,56
T325/2,T339/2,17:38:48,2,-1,1,AB6353,0,2,24
T320,T321/2,17:39:34,2,-1,-1,AB6335,0,2,11
C672,C670,17:40:09,2,-1,1,AB5996,0,2,138
T321/2,T323,17:40:47,2,-1,1,AB6335,0,2,37
C670,C679,17:40:59,2,-1,1,AB5996,0,2,38
T323,T324/2,17:41:58,2,-1,1,AB6335,0,2,11
T339/2,T313,17:42:09,2,-1,1,AB6353,0,2,94
C679,C694,17:42:56,2,-1,-1,AB5996,0,2,93
T313,T315,17:43:31,2,-1,1,AB6353,0,2,46
C694,C669/2,17:43:31,2,-1,-1,AB5996,0,2,22
T324/2,T327,17:44:30,2,-1,1,AB6335,0,2,81
T315,T375,17:45:05,2,-1,1,AB6353,0,2,59
C669/2,C687,17:45:05,2,-1,1,AB5996,0,2,23
T327,T326/1,17:45:31,2,-1,1,AB6335,0,2,37
T375,T380,17:46:07,2,-1,1,AB6353,0,2,24
T326/1,T337,17:46:45,2,-1,1,AB6335,0,2,50
T380,T379,17:46:57,2,-1,1,AB6353,0,2,23
T379,T359,17:47:21,2,-1,1,AB6353,0,2,12
T337,T336/2,17:47:44,2,-1,1,AB6335,0,2,23
C687,C663,17:48:47,2,-1,1,AB5996,4,2,184
T359,T355/1,17:48:59,2,-1,1,AB6353,0,2,23
C663,C661,17:49:21,2,-1,1,AB5996,0,2,22
C661,C659,17:50:21,2,-1,-1,AB5996,0,2,34
C659,C656,17:51:43,2,-1,1,AB5996,0,2,46
C656,C654/2,17:52:53,2,-1,1,AB5996,0,2,58
C654/2,C653/2,17:55:10,2,-1,1,AB5996,0,2,90
C653/2,C692,17:56:47,2,-1,1,AB5996,0,2,85
C692,C689/1,17:58:23,2,-1,1,AB5996,0,2,62
C652,C657,18:00:21,2,-1,-1,AB6353,1,2,59
C657,C660,18:01:10,2,-1,-1,AB6353,0,2,35
C660,C662,18:01:36,2,-1,-1,AB6353,0,2,14
C689/1,T360,18:01:36,2,-1,-1,AB5996,0,2,133
C662,C664,18:02:10,2,-1,-1,AB6353,0,2,23
C664,C666,18:02:33,2,-1,-1,AB6353,0,2,11
T360,T376/1,18:02:44,2,-1,-1,AB5996,0,2,22
C666,C677,18:02:56,2,-1,-1,AB6353,0,2,11
C677,C667,18:03:20,2,-1,-1,AB6353,0,2,11
C667,C676,18:03:43,2,-1,-1,AB6353,0,2,11
C676,C680,18:04:51,2,-1,-1,AB6353,0,2,56
T376/1,T363/1,18:05:25,2,-1,1,AB5996,0,2,79
C680,C669/1,18:05:36,2,-1,-1,AB6353,0,2,22
T336/2,T335,18:05:48,2,-1,1,AB6335,0,2,11
T335,T338,18:06:48,2,-1,1,AB6335,0,2,12
C669/1,C693,18:06:48,2,-1,-1,AB6353,0,2,59
C693,C681,18:08:10,2,-1,-1,AB6353,0,2,58
T338,T326/3,18:08:45,2,-1,-1,AB6335,0,2,94
T363/1,T306,18:08:45,2,-1,1,AB5996,0,2,117
C681,C671,18:09:09,2,-1,-1,AB6353,0,2,46
T326/3,T332/2,18:10:33,2,-1,1,AB6335,0,2,84
T306,T314/2,18:10:46,2,-1,-1,AB5996,0,2,46
C671,C695,18:10:58,2,-1,-1,AB6353,0,2,98
T332/2,T325/2,18:12:05,2,-1,3,AB6335,0,2,79
T325/2,T339/2,18:12:53,2,-1,2,AB6335,0,2,24
T318,T319,18:13:05,2,-1,-1,AB5996,0,2,59
C695,C672,18:13:40,2,-1,2,AB6353,1,2,121
T339/2,T313,18:14:27,2,-1,1,AB6335,0,2,71
T319,T320,18:14:50,2,-1,-1,AB5996,0,2,82
T313,T315,18:15:37,2,-1,1,AB6335,0,2,23
C672,C670,18:15:49,2,-1,2,AB6353,0,2,105
T320,T321/2,18:16:00,2,-1,-1,AB5996,0,2,11
C670,C679,18:16:46,2,-1,2,AB6353,0,2,23
T321/2,T323,18:17:22,2,-1,1,AB5996,0,2,35
T315,T375,18:17:36,2,-1,1,AB6335,0,2,106
T323,T324/2,18:17:58,2,-1,1,AB5996,0,2,11
C679,C694,18:18:46,2,-1,-1,AB6353,0,2,58
T324/2,T327,18:19:35,2,-1,1,AB5996,0,2,60
T375,T380,18:19:58,2,-1,1,AB6335,0,2,59
C694,C669/2,18:19:58,2,-1,-1,AB6353,0,2,35
T327,T326/1,18:20:21,2,-1,1,AB5996,0,2,22
C669/2,C687,18:20:44,2,-1,1,AB6353,0,2,23
T380,T379,18:20:56,2,-1,1,AB6335,0,2,11
T326/1,T337,18:21:47,2,-1,1,AB5996,0,2,63
C687,C675,18:22:21,2,-1,1,AB6353,0,2,62
T379,T359,18:22:33,2,-1,1,AB6335,0,2,46
C675,C668,18:22:46,2,-1,1,AB6353,0,2,12
T337,T336/2,18:22:46,2,-1,1,AB5996,0,2,35
C668,C678,18:23:11,2,-1,1,AB6353,0,2,12
C678,C665,18:23:59,2,-1,1,AB6353,0,2,12
T359,T355/1,18:24:12,2,-1,2,AB6335,0,2,60
C665,C663,18:24:24,2,-1,1,AB6353,0,2,11
C663,C659,18:25:34,2,-1,-1,AB6353,1,2,58
C659,C656,18:26:56,2,-1,1,AB6353,0,2,47
C656,C654/2,18:27:46,2,-1,1,AB6353,0,2,37
C654/2,C653/2,18:29:59,2,-1,1,AB6353,0,2,84
C688/1,C691,18:30:11,2,-1,1,AB6335,0,2,49
C653/2,C692,18:32:36,2,-1,1,AB6353,0,2,128
C691,C652,18:33:10,2,-1,1,AB6335,0,2,127
C692,C689/1,18:34:04,2,-1,1,AB6353,0,2,38
C652,C655,18:34:16,2,-1,-1,AB6335,0,2,34
C655,C657,18:35:27,2,-1,1,AB6335,0,2,35
C657,C660,18:36:41,2,-1,1,AB6335,0,2,35
C689/1,T360,18:37:50,2,-1,1,AB6353,0,2,179
C660,C662,18:38:13,2,-1,1,AB6335,0,2,22
C662,C664,18:39:12,2,-1,1,AB6335,0,2,23
C664,C666,18:39:36,2,-1,1,AB6335,0,2,12
C666,C677,18:39:59,2,-1,3,AB6335,0,2,11
T360,T376/1,18:40:10,2,-1,3,AB6353,0,2,106
C677,C667,18:40:33,2,-1,1,AB6335,0,2,22
C667,C676,18:41:22,2,-1,-1,AB6335,0,2,23
C676,C680,18:42:34,2,-1,-1,AB6335,0,2,38
T336/2,T335,18:43:11,2,-1,1,AB5996,0,2,36
C680,C669/1,18:43:35,2,-1,1,AB6335,0,2,24
C669/1,C693,18:44:59,2,-1,1,AB6335,0,2,47
T338,T326/3,18:46:46,2,-1,-1,AB5996,0,2,130
C693,C671,18:47:23,2,-1,-1,AB6335,1,2,121
T326/3,T332/2,18:47:59,2,-1,2,AB5996,0,2,47
T363/1,T306,18:48:23,2,-1,1,AB6353,0,2,108
C671,C695,18:49:21,2,-1,-1,AB6335,0,2,70
T306,T314/2,18:49:36,2,-1,-1,AB6353,0,2,49
C695,C673,18:50:57,2,-1,-1,AB6335,0,2,81
T332/2,T325/2,18:51:44,2,-1,1,AB5996,0,2,178
C673,C672,18:51:57,2,-1,1,AB6335,0,2,24
T318,T319,18:52:21,2,-1,-1,AB6353,0,2,84
T325/2,T339/2,18:53:10,2,-1,2,AB5996,0,2,34
T319,T320,18:53:10,2,-1,-1,AB6353,0,2,34
T320,T321/2,18:54:09,2,-1,-1,AB6353,0,2,11
C672,C670,18:54:56,2,-1,1,AB6335,0,2,129
T339/2,T313,18:55:08,2,-1,1,AB5996,0,2,71
T321/2,T323,18:55:08,2,-1,1,AB6353,0,2,34
T323,T324/2,18:55:45,2,-1,1,AB6353,0,2,12
T313,T315,18:56:10,2,-1,1,AB5996,0,2,12
C670,C679,18:56:10,2,-1,1,AB6335,0,2,36
T324/2,T327,18:57:14,2,-1,1,AB6353,0,2,52
C679,C694,18:57:25,2,-1,-1,AB6335,0,2,63
T315,T375,18:57:49,2,-1,1,AB5996,0,2,87
C694,C669/2,18:58:27,2,-1,-1,AB6335,0,2,37
T327,T326/1,18:58:27,2,-1,1,AB6353,0,2,37
C669/2,C687,18:59:15,2,-1,-1,AB6335,0,2,12
T375,T380,19:00:13,2,-1,-1,AB5996,0,2,69
T326/1,T336/2,19:00:13,2,-1,-1,AB6353,1,2,94
C687,C675,19:00:50,2,-1,-1,AB6335,0,2,36
C675,C668,19:01:14,2,-1,-1,AB6335,0,2,11
C668,C678,19:01:38,2,-1,-1,AB6335,0,2,13
C678,C665,19:02:25,2,-1,-1,AB6335,0,2,12
T379,T359,19:02:37,2,-1,-1,AB5996,0,2,72
C665,C663,19:02:48,2,-1,-1,AB6335,0,2,11
T359,T355/1,19:03:59,2,-1,-1,AB5996,0,2,70
C663,C659,19:03:59,2,-1,-1,AB6335,1,2,58
C659,C656,19:05:12,2,-1,1,AB6335,0,2,35
C656,C654/2,19:06:22,2,-1,1,AB6335,0,2,35
C654/2,C653/2,19:07:57,2,-1,1,AB6335,0,2,70
C653/2,C692,19:09:03,2,-1,1,AB6335,0,2,53
C692,C689/1,19:10:15,2,-1,1,AB6335,0,2,23
C688/1,C691,19:11:27,2,-1,1,AB5996,0,2,83
C689/1,T360,19:12:50,2,-1,1,AB6335,0,2,118
T360,T376/1,19:13:25,2,-1,1,AB6335,0,2,23
C691,C652,19:13:49,2,-1,1,AB5996,0,2,70
C652,C655,19:14:58,2,-1,1,AB5996,0,2,33
T376/1,T363/1,19:15:10,2,-1,1,AB6335,0,2,93
T336/2,T335,19:15:59,2,-1,1,AB6353,0,2,23
C655,C657,19:16:34,2,-1,1,AB5996,0,2,47
T335,T338,19:16:46,2,-1,1,AB6353,0,2,12
C657,C660,19:17:58,2,-1,1,AB5996,0,2,47
T363/1,T306,19:18:09,2,-1,1,AB6335,0,2,130
T338,T326/3,19:18:56,2,-1,-1,AB6353,0,2,105
T306,T314/2,19:19:09,2,-1,-1,AB6335,0,2,24
C662,C666,19:20:09,2,-1,1,AB5996,1,2,60
T314/2,T318,19:20:09,2,-1,-1,AB6335,0,2,12
C666,C677,19:20:36,2,-1,1,AB5996,0,2,14
C677,C676,19:21:48,2,-1,-1,AB5996,1,2,60
T318,T319,19:22:00,2,-1,-1,AB6335,0,2,83
T326/3,T325/2,19:22:34,2,-1,1,AB6353,1,2,193
C676,C680,19:22:45,2,-1,-1,AB5996,0,2,45
T325/2,T339/2,19:23:32,2,-1,2,AB6353,0,2,11
C680,C669/1,19:23:44,2,-1,1,AB5996,0,2,23
T319,T320,19:23:55,2,-1,-1,AB6335,0,2,92
C669/1,C693,19:24:55,2,-1,1,AB5996,0,2,47
T320,T321/2,19:24:55,2,-1,-1,AB6335,0,2,11
C693,C681,19:26:16,2,-1,-1,AB5996,0,2,69
T339/2,T315,19:26:51,2,-1,1,AB6353,1,2,164
T321/2,T323,19:26:51,2,-1,1,AB6335,0,2,35
C681,C671,19:27:14,2,-1,-1,AB5996,0,2,45
T315,T375,19:28:12,2,-1,1,AB6353,0,2,69
T324/2,T327,19:28:36,2,-1,1,AB6335,0,2,47
C671,C695,19:29:13,2,-1,-1,AB5996,0,2,84
T327,T326/1,19:29:24,2,-1,1,AB6335,0,2,24
T375,T380,19:29:36,2,-1,1,AB6353,0,2,47
T380,T379,19:30:23,2,-1,1,AB6353,0,2,11
T326/1,T337,19:30:23,2,-1,1,AB6335,0,2,46
C695,C673,19:30:46,2,-1,-1,AB5996,0,2,82
T337,T336/2,19:30:58,2,-1,1,AB6335,0,2,22
C673,C672,19:31:21,2,-1,1,AB5996,0,2,23
T379,T359,19:31:59,2,-1,1,AB6353,0,2,60
T359,T355/1,19:33:21,2,-1,1,AB6353,0,2,46
C672,C670,19:34:11,2,-1,1,AB5996,0,2,132
C670,C694,19:36:33,2,-1,-1,AB5996,1,2,130
C694,C669/2,19:37:35,2,-1,-1,AB5996,0,2,49
C669/2,C687,19:38:35,2,-1,-1,AB5996,0,2,24
C688/1,C691,19:38:58,2,-1,1,AB6353,0,2,46
C687,C675,19:40:10,2,-1,3,AB5996,0,2,59
C675,C668,19:41:01,2,-1,1,AB5996,0,2,23
C668,C678,19:41:25,2,-1,1,AB5996,0,2,11
C691,C652,19:41:37,2,-1,1,AB6353,0,2,122
C678,C665,19:42:02,2,-1,1,AB5996,0,2,25
C665,C663,19:42:25,2,-1,1,AB5996,0,2,12
C652,C655,19:42:37,2,-1,1,AB6353,0,2,35
C663,C661,19:43:13,2,-1,1,AB5996,0,2,35
C655,C657,19:44:11,2,-1,1,AB6353,0,2,70
C657,C660,19:44:49,2,-1,1,AB6353,0,2,25
C661,C654/2,19:45:49,2,-1,1,AB5996,2,2,144
C660,C677,19:46:48,2,-1,2,AB6353,3,2,106
C677,C667,19:47:11,2,-1,2,AB6353,0,2,11
C667,C676,19:47:35,2,-1,-1,AB6353,0,2,11
C676,C680,19:48:34,2,-1,-1,AB6353,0,2,47
C654/2,C692,19:49:09,2,-1,1,AB5996,1,2,152
C680,C669/1,19:49:37,2,-1,1,AB6353,0,2,15
C692,C689/1,19:50:14,2,-1,1,AB5996,0,2,52
C669/1,C693,19:51:01,2,-1,1,AB6353,0,2,59
C693,C681,19:52:14,2,-1,-1,AB6353,0,2,59
C689/1,T360,19:52:50,2,-1,1,AB5996,0,2,109
C681,C671,19:53:14,2,-1,-1,AB6353,0,2,47
T360,T376/1,19:54:25,2,-1,1,AB5996,0,2,57
C671,C695,19:55:01,2,-1,-1,AB6353,0,2,82
C695,C673,19:56:48,2,-1,-1,AB6353,0,2,94
T376/1,T363/1,19:57:13,2,-1,2,AB5996,0,2,156
C673,C672,19:57:25,2,-1,1,AB6353,0,2,24
T363/1,T306,19:59:49,2,-1,2,AB5996,0,2,82
C672,C670,20:00:01,2,-1,1,AB6353,0,2,107
T306,T314/2,20:00:48,2,-1,-1,AB5996,0,2,47
C670,C679,20:01:00,2,-1,1,AB6353,0,2,35
C679,C694,20:02:25,2,-1,-1,AB6353,0,2,73
T319,T320,20:03:01,2,-1,-1,AB5996,0,2,23
C694,C669/2,20:03:14,2,-1,-1,AB6353,0,2,36
C669/2,C687,20:04:15,2,-1,1,AB6353,0,2,11
T320,T321/2,20:04:15,2,-1,-1,AB5996,0,2,12
T321/2,T323,20:05:13,2,-1,1,AB5996,0,2,22
T323,T324/2,20:06:12,2,-1,1,AB5996,0,2,35
C687,C668,20:06:24,2,-1,1,AB6353,1,2,81
C668,C678,20:07:14,2,-1,1,AB6353,0,2,25
T324/2,T327,20:07:14,2,-1,1,AB5996,0,2,50
C678,C665,20:08:14,2,-1,1,AB6353,0,2,12
T327,T326/1,20:08:14,2,-1,1,AB5996,0,2,12
C665,C663,20:08:37,2,-1,1,AB6353,0,2,11
C663,C661,20:09:25,2,-1,1,AB6353,0,2,35
T326/1,T337,20:09:25,2,-1,1,AB5996,0,2,58
C661,C659,20:10:02,2,-1,-1,AB6353,0,2,25
T337,T336/2,20:10:26,2,-1,1,AB5996,0,2,24
C659,C656,20:11:13,2,-1,1,AB6353,0,2,46
C656,C654/2,20:12:22,2,-1,1,AB6353,0,2,58
C654/2,C653/2,20:14:01,2,-1,1,AB6353,0,2,64
C653/2,C692,20:16:15,2,-1,1,AB6353,0,2,120
C692,C689/1,20:17:39,2,-1,1,AB6353,0,2,36
C689/1,T360,20:20:15,2,-1,1,AB6353,0,2,118
T360,T376/1,20:21:16,2,-1,1,AB6353,0,2,12
T376/1,T363/1,20:23:27,2,-1,1,AB6353,0,2,107
T363/1,T306,20:25:14,2,-1,2,AB6353,0,2,93
T306,T314/2,20:26:36,2,-1,-1,AB6353,0,2,46
T318,T319,20:28:09,2,-1,-1,AB6353,0,2,12
T319,T320,20:30:00,2,-1,-1,AB6353,0,2,98
T321/2,T323,20:31:58,2,-1,1,AB6353,0,2,34
T323,T324/2,20:32:35,2,-1,1,AB6353,0,2,11
T324/2,T327,20:34:23,2,-1,1,AB6353,0,2,48
T327,T326/1,20:35:11,2,-1,1,AB6353,0,2,24
T326/1,T337,20:36:12,2,-1,1,AB6353,0,2,47
T337,T336/2,20:36:59,2,-1,1,AB6353,0,2,35
T336/2,T335,5:30:55,0,-1,1,AB6353,0,2,20
T335,T326/3,5:32:16,0,-1,-1,AB6353,1,2,70
T326/3,T332/2,5:33:17,0,-1,1,AB6353,0,2,40
T332/2,T325/2,5:34:37,0,-1,1,AB6353,0,2,50
T325/2,T339/2,5:35:28,0,-1,1,AB6353,0,2,20
T339/2,T313,5:36:49,0,-1,1,AB6353,0,2,50
T313,T315,5:37:39,0,-1,1,AB6353,0,2,20
T315,T375,5:39:04,0,-1,1,AB6353,0,2,54
T375,T380,5:39:45,0,-1,1,AB6353,0,2,20
T380,T379,5:40:25,0,-1,1,AB6353,0,2,10
T379,T359,5:41:46,0,-1,1,AB6353,0,2,50
T359,T355/1,5:42:47,0,-1,1,AB6353,0,2,50
C688/1,C691,5:47:12,0,-1,1,AB6353,0,2,20
C691,C652,5:49:04,0,-1,1,AB6353,0,2,60
C652,C655,5:50:04,0,-1,1,AB6353,0,2,30
C655,C657,5:51:25,0,-1,-1,AB6353,0,2,40
C657,C660,5:52:56,0,-1,-1,AB6353,0,2,40
C660,C662,5:53:47,0,-1,-1,AB6353,0,2,20
C662,C664,5:54:17,0,-1,-1,AB6353,0,2,20
C664,C666,5:54:48,0,-1,-1,AB6353,0,2,10
C666,C677,5:55:38,0,-1,-1,AB6353,0,2,40
C677,C676,5:56:59,0,-1,-1,AB6353,1,2,50
C676,C680,5:58:10,0,-1,-1,AB6353,0,2,60
C680,C669/1,5:59:25,0,-1,-1,AB6353,0,2,40
C669/1,C693,6:00:47,0,-1,-1,AB6353,0,2,61
C693,C681,6:02:08,0,-1,-1,AB6353,0,2,71
C681,C671,6:03:09,0,-1,-1,AB6353,0,2,50
C671,C695,6:05:10,0,-1,-1,AB6353,0,2,90
T336/2,T335,6:05:30,0,-1,1,AB6335,0,2,10
T335,T338,6:06:01,0,-1,-1,AB6335,0,2,10
T338,T326/3,6:07:04,0,-1,-1,AB6335,0,2,53
C695,C672,6:08:15,0,-1,-1,AB6353,1,2,154
T326/3,T332/2,6:08:25,0,-1,1,AB6335,0,2,40
T332/2,T325/2,6:09:56,0,-1,1,AB6335,0,2,50
T325/2,T339/2,6:10:47,0,-1,1,AB6335,0,2,20
C672,C670,6:10:57,0,-1,-1,AB6353,0,2,121
T339/2,T313,6:11:38,0,-1,1,AB6335,0,2,30
C670,C679,6:11:58,0,-1,-1,AB6353,0,2,40
T313,T315,6:12:38,0,-1,1,AB6335,0,2,10
C679,C694,6:13:29,0,-1,-1,AB6353,0,2,80
T315,T375,6:13:49,0,-1,1,AB6335,0,2,60
C694,C669/2,6:14:19,0,-1,-1,AB6353,0,2,30
T375,T380,6:14:50,0,-1,1,AB6335,0,2,20
T380,T379,6:15:32,0,-1,1,AB6335,0,2,11
C669/2,C675,6:16:22,0,-1,1,AB6353,1,2,92
T379,T359,6:16:34,0,-1,1,AB6335,0,2,31
C675,C668,6:16:54,0,-1,1,AB6353,0,2,20
C668,C678,6:17:14,0,-1,1,AB6353,0,2,10
C678,C665,6:17:44,0,-1,1,AB6353,0,2,20
T359,T355/1,6:18:05,0,-1,1,AB6335,0,2,60
C665,C663,6:18:15,0,-1,1,AB6353,0,2,20
C663,C661,6:18:55,0,-1,1,AB6353,0,2,30
C661,C659,6:19:26,0,-1,1,AB6353,0,2,20
C659,C656,6:20:36,0,-1,1,AB6353,0,2,40
C656,C654/2,6:21:57,0,-1,1,AB6353,0,2,50
C654/2,C653/2,6:23:08,0,-1,1,AB6353,0,2,50
C688/1,C691,6:23:59,0,-1,1,AB6335,0,2,30
C653/2,C692,6:24:19,0,-1,1,AB6353,0,2,60
C692,C689/1,6:25:09,0,-1,1,AB6353,0,2,20
C691,C652,6:25:40,0,-1,-1,AB6335,0,2,50
C652,C655,6:26:34,0,-1,-1,AB6335,0,2,13
C655,C657,6:27:35,0,-1,-1,AB6335,0,2,40
C689/1,T360,6:28:15,0,-1,1,AB6353,0,2,145
C657,C662,6:29:06,0,-1,-1,AB6335,1,2,60
T360,T376/1,6:29:06,0,-1,1,AB6353,0,2,40
C662,C664,6:30:06,0,-1,-1,AB6335,0,2,30
T376/1,T363/1,6:30:27,0,-1,1,AB6353,0,2,60
C664,C677,6:31:07,0,-1,-1,AB6335,1,2,30
T363/1,T306,6:31:28,0,-1,1,AB6353,0,2,40
C677,C667,6:32:08,0,-1,-1,AB6335,0,2,30
T306,T318,6:32:18,0,-1,-1,AB6353,1,2,40
C667,C676,6:32:28,0,-1,-1,AB6335,0,2,10
T318,T319,6:33:19,0,-1,-1,AB6353,0,2,30
C676,C680,6:33:49,0,-1,-1,AB6335,0,2,50
T319,T320,6:34:09,0,-1,-1,AB6353,0,2,30
T320,T321/2,6:34:50,0,-1,-1,AB6353,0,2,10
C680,C669/1,6:35:10,0,-1,1,AB6335,0,2,50
T321/2,T323,6:35:32,0,-1,1,AB6353,0,2,22
T323,T324/2,6:36:03,0,-1,1,AB6353,0,2,10
C669/1,C693,6:36:13,0,-1,1,AB6335,0,2,52
T324/2,T327,6:37:24,0,-1,1,AB6353,0,2,60
C693,C681,6:37:34,0,-1,-1,AB6335,0,2,70
T327,T326/1,6:38:14,0,-1,1,AB6353,0,2,30
C681,C671,6:38:55,0,-1,-1,AB6335,0,2,50
T326/1,T337,6:39:25,0,-1,1,AB6353,0,2,50
T337,T336/2,6:40:15,0,-1,1,AB6353,0,2,30
C671,C695,6:40:26,0,-1,-1,AB6335,0,2,80
T336/2,T335,6:40:36,0,-1,1,AC1786,0,2,50
T335,T338,6:41:16,0,-1,1,AC1786,0,2,10
C695,C673,6:42:17,0,-1,-1,AB6335,0,2,80
T338,T326/3,6:42:27,0,-1,-1,AC1786,0,2,60
C673,C672,6:42:57,0,-1,-1,AB6335,0,2,20
T326/3,T332/2,6:43:07,0,-1,1,AC1786,0,2,30
T332/2,T325/2,6:44:48,0,-1,1,AC1786,0,2,60
C672,C670,6:45:09,0,-1,1,AB6335,0,2,111
T325/2,T339/2,6:45:29,0,-1,1,AC1786,0,2,20
C670,C679,6:45:59,0,-1,1,AB6335,0,2,30
T339/2,T313,6:46:40,0,-1,1,AC1786,0,2,40
T313,T315,6:47:20,0,-1,1,AC1786,0,2,20
C679,C694,6:47:51,0,-1,-1,AB6335,0,2,80
C694,C669/2,6:48:34,0,-1,-1,AB6335,0,2,33
T315,T375,6:48:44,0,-1,1,AC1786,0,2,53
C669/2,C687,6:49:45,0,-1,-1,AB6335,0,2,20
T375,T380,6:49:55,0,-1,1,AC1786,0,2,50
T380,T379,6:50:15,0,-1,1,AC1786,0,2,10
T379,T359,6:51:06,0,-1,1,AC1786,0,2,40
C687,C675,6:51:26,0,-1,1,AB6335,0,2,60
C675,C668,6:51:46,0,-1,1,AB6335,0,2,10
T359,T355/1,6:52:17,0,-1,1,AC1786,0,2,60
C668,C678,6:52:17,0,-1,1,AB6335,0,2,20
C678,C665,6:52:37,0,-1,1,AB6335,0,2,10
C665,C663,6:53:07,0,-1,-1,AB6335,0,2,20
C663,C661,6:53:58,0,-1,-1,AB6335,0,2,30
C661,C659,6:54:48,0,-1,1,AB6335,0,2,20
C659,C656,6:55:59,0,-1,1,AB6335,0,2,40
C656,C654/2,6:57:10,0,-1,1,AB6335,0,2,60
C688/1,C691,6:58:15,0,-1,1,AC1786,0,2,54
C654/2,C653/2,6:58:25,0,-1,1,AB6335,0,2,40
C691,C652,6:59:35,0,-1,1,AC1786,0,2,50
C653/2,C692,6:59:56,0,-1,1,AB6335,0,2,60
C652,C655,7:00:46,0,-1,1,AC1786,0,2,40
C655,C657,7:01:37,0,-1,1,AC1786,0,2,40
C692,C689/1,7:01:47,0,-1,1,AB6335,0,2,40
C657,C660,7:02:48,0,-1,1,AC1786,0,2,40
C660,C662,7:03:38,0,-1,1,AC1786,0,2,20
C689/1,T360,7:04:08,0,-1,1,AB6335,0,2,101
C662,C664,7:04:19,0,-1,1,AC1786,0,2,30
C664,C666,7:04:59,0,-1,1,AC1786,0,2,10
T360,T376/1,7:04:59,0,-1,1,AB6335,0,2,20
T336/2,T335,7:05:19,0,-1,1,AB6353,0,2,20
C666,C677,7:05:29,0,-1,1,AC1786,0,2,20
T335,T338,7:06:00,0,-1,1,AB6353,0,2,10
C677,C667,7:06:00,0,-1,1,AC1786,0,2,20
T376/1,T363/1,7:06:00,0,-1,1,AB6335,0,2,50
C667,C676,7:06:33,0,-1,-1,AC1786,0,2,22
T338,T326/3,7:07:03,0,-1,-1,AB6353,0,2,53
T363/1,T306,7:07:13,0,-1,1,AB6335,0,2,40
C676,C680,7:07:35,0,-1,-1,AC1786,0,2,51
T326/3,T332/2,7:07:55,0,-1,1,AB6353,0,2,41
T306,T314/2,7:08:05,0,-1,-1,AB6335,0,2,40
C680,C669/1,7:08:25,0,-1,-1,AC1786,0,2,40
T332/2,T325/2,7:09:16,0,-1,1,AB6353,0,2,50
C669/1,C693,7:09:46,0,-1,-1,AC1786,0,2,60
T325/2,T339/2,7:09:56,0,-1,1,AB6353,0,2,20
T318,T319,7:10:06,0,-1,-1,AB6335,0,2,10
T319,T320,7:10:57,0,-1,-1,AB6335,0,2,40
T339/2,T313,7:11:07,0,-1,1,AB6353,0,2,40
C693,C681,7:11:07,0,-1,-1,AC1786,0,2,70
T320,T321/2,7:11:37,0,-1,-1,AB6335,0,2,20
T313,T315,7:12:18,0,-1,1,AB6353,0,2,20
T321/2,T323,7:12:38,0,-1,1,AB6335,0,2,30
T323,T324/2,7:13:19,0,-1,1,AB6335,0,2,10
T315,T375,7:13:39,0,-1,1,AB6353,0,2,50
C681,C695,7:14:09,0,-1,-1,AC1786,1,2,151
T375,T380,7:14:39,0,-1,1,AB6353,0,2,20
T324/2,T327,7:14:39,0,-1,1,AB6335,0,2,60
T380,T379,7:15:20,0,-1,1,AB6353,0,2,10
T327,T326/1,7:15:33,0,-1,1,AB6335,0,2,32
T379,T359,7:16:03,0,-1,1,AB6353,0,2,30
C695,C673,7:16:03,0,-1,-1,AC1786,0,2,83
T326/1,T337,7:16:34,0,-1,1,AB6335,0,2,50
T359,T355/1,7:17:04,0,-1,1,AB6353,0,2,50
C673,C672,7:17:04,0,-1,1,AC1786,0,2,30
T337,T336/2,7:17:14,0,-1,1,AB6335,0,2,30
C672,C670,7:19:27,0,-1,1,AC1786,0,2,122
C670,C679,7:20:27,0,-1,-1,AC1786,0,2,30
C679,C694,7:22:09,0,-1,-1,AC1786,0,2,80
C688/1,C691,7:22:49,0,-1,1,AB6353,0,2,40
C694,C669/2,7:22:59,0,-1,-1,AC1786,0,2,30
C669/2,C687,7:24:20,0,-1,-1,AC1786,0,2,30
C691,C652,7:25:44,0,-1,1,AB6353,0,2,134
C687,C675,7:25:54,0,-1,1,AC1786,0,2,60
C675,C668,7:26:25,0,-1,1,AC1786,0,2,20
C652,C655,7:26:45,0,-1,1,AB6353,0,2,30
C668,C665,7:27:25,0,-1,1,AC1786,1,2,50
C665,C663,7:27:46,0,-1,1,AC1786,0,2,10
C655,C657,7:27:56,0,-1,1,AB6353,0,2,40
C663,C661,7:28:26,0,-1,1,AC1786,0,2,30
C657,C660,7:28:46,0,-1,1,AB6353,0,2,40
C661,C659,7:29:06,0,-1,1,AC1786,0,2,20
C660,C662,7:29:27,0,-1,1,AB6353,0,2,20
C662,C664,7:29:57,0,-1,1,AB6353,0,2,20
C659,C656,7:30:38,0,-1,1,AC1786,0,2,40
C664,C677,7:30:58,0,-1,1,AB6353,1,2,50
C677,C667,7:31:28,0,-1,1,AB6353,0,2,20
C656,C654/2,7:31:58,0,-1,1,AC1786,0,2,50
C667,C676,7:32:19,0,-1,-1,AB6353,0,2,30
C676,C680,7:33:41,0,-1,-1,AB6353,0,2,62
C654/2,C653/2,7:34:02,0,-1,1,AC1786,0,2,62
C680,C669/1,7:34:34,0,-1,1,AB6353,0,2,22
T336/2,T335,7:35:14,0,-1,1,AB6335,0,2,20
C653/2,C692,7:35:14,0,-1,1,AC1786,0,2,52
T335,T338,7:35:55,0,-1,1,AB6335,0,2,10
C692,C689/1,7:36:15,0,-1,1,AC1786,0,2,20
C669/1,C681,7:37:16,0,-1,-1,AB6353,1,2,131
T338,T326/3,7:37:26,0,-1,-1,AB6335,0,2,60
C681,C671,7:38:17,0,-1,-1,AB6353,0,2,50
C689/1,T360,7:39:17,0,-1,1,AC1786,0,2,131
C671,C695,7:39:38,0,-1,-1,AB6353,0,2,70
T326/3,T325/2,7:40:08,0,-1,1,AB6335,1,2,151
T325/2,T339/2,7:41:09,0,-1,1,AB6335,0,2,20
C695,C673,7:41:19,0,-1,-1,AB6353,0,2,70
T360,T376/1,7:41:19,0,-1,1,AC1786,0,2,80
T339/2,T313,7:42:30,0,-1,1,AB6335,0,2,50
C673,C672,7:42:30,0,-1,1,AB6353,0,2,20
T376/1,T363/1,7:43:00,0,-1,1,AC1786,0,2,91
T313,T315,7:43:34,0,-1,1,AB6335,0,2,13
T363/1,T306,7:43:55,0,-1,1,AC1786,0,2,44
T306,T314/2,7:45:05,0,-1,-1,AC1786,0,2,40
T315,T375,7:45:15,0,-1,1,AB6335,0,2,70
C672,C670,7:45:36,0,-1,1,AB6353,0,2,121
T375,T380,7:46:16,0,-1,1,AB6335,0,2,30
C670,C679,7:46:26,0,-1,1,AB6353,0,2,30
T380,T379,7:46:57,0,-1,1,AB6335,0,2,10
T318,T319,7:46:57,0,-1,-1,AC1786,0,2,10
T319,T320,7:47:17,0,-1,-1,AC1786,0,2,10
T379,T359,7:47:47,0,-1,1,AB6335,0,2,40
C679,C694,7:47:57,0,-1,-1,AB6353,0,2,80
T320,T321/2,7:48:18,0,-1,-1,AC1786,0,2,20
T359,T355/1,7:48:58,0,-1,1,AB6335,0,2,60
C694,C669/2,7:48:58,0,-1,-1,AB6353,0,2,40
T321/2,T323,7:49:18,0,-1,1,AC1786,0,2,20
C669/2,C687,7:49:59,0,-1,1,AB6353,0,2,20
T323,T324/2,7:49:59,0,-1,1,AC1786,0,2,10
C687,C675,7:51:44,0,-1,2,AB6353,0,2,64
T324/2,T327,7:51:44,0,-1,1,AC1786,0,2,54
T355/1,C688/1,7:52:14,0,-1,1,AB6335,0,2,186
T327,T326/1,7:52:35,0,-1,1,AC1786,0,2,20
C675,C678,7:52:45,0,-1,2,AB6353,1,2,40
C678,C665,7:53:15,0,-1,2,AB6353,0,2,20
T326/1,T337,7:53:56,0,-1,1,AC1786,0,2,70
C665,C663,7:54:06,0,-1,1,AB6353,0,2,20
C663,C661,7:54:46,0,-1,1,AB6353,0,2,30
T337,T336/2,7:54:46,0,-1,1,AC1786,0,2,30
C688/1,C691,7:55:07,0,-1,1,AB6335,0,2,121
C661,C659,7:55:27,0,-1,1,AB6353,0,2,20
C659,C656,7:56:48,0,-1,1,AB6353,0,2,40
C691,C652,7:57:08,0,-1,1,AB6335,0,2,80
C652,C655,7:57:59,0,-1,1,AB6335,0,2,30
C656,C654/2,7:57:59,0,-1,1,AB6353,0,2,40
C655,C657,7:59:09,0,-1,1,AB6335,0,2,40
C657,C660,8:00:00,0,-1,1,AB6335,0,2,40
C654/2,C653/2,8:00:00,0,-1,1,AB6353,0,2,91
C660,C664,8:01:13,0,-1,-1,AB6335,1,2,52
C664,C666,8:02:03,0,-1,-1,AB6335,0,2,20
C653/2,C692,8:02:14,0,-1,1,AB6353,0,2,101
C666,C677,8:02:24,0,-1,1,AB6335,0,2,10
C677,C676,8:03:15,0,-1,-1,AB6335,1,2,40
C692,C689/1,8:04:05,0,-1,1,AB6353,0,2,60
C676,C680,8:04:36,0,-1,-1,AB6335,0,2,50
C680,C669/1,8:05:36,0,-1,2,AB6335,0,2,30
C689/1,T360,8:07:17,0,-1,1,AB6353,0,2,141
C669/1,C681,8:07:58,0,-1,-1,AB6335,1,2,121
T336/2,T335,8:08:08,0,-1,1,AC1786,0,2,80
T360,T376/1,8:08:38,0,-1,1,AB6353,0,2,60
T335,T338,8:08:49,0,-1,1,AC1786,0,2,20
C681,C671,8:08:59,0,-1,-1,AB6335,0,2,50
C671,C695,8:10:31,0,-1,-1,AB6335,0,2,82
T338,T326/3,8:10:52,0,-1,-1,AC1786,0,2,82
T376/1,T363/1,8:11:02,0,-1,1,AB6353,0,2,133
T326/3,T332/2,8:11:42,0,-1,1,AC1786,0,2,40
T363/1,T306,8:12:13,0,-1,1,AB6353,0,2,60
C695,C673,8:12:53,0,-1,-1,AB6335,0,2,121
T306,T314/2,8:13:03,0,-1,-1,AB6353,0,2,30
C673,C672,8:13:54,0,-1,1,AB6335,0,2,30
T332/2,T325/2,8:14:14,0,-1,1,AC1786,0,2,101
T325/2,T339/2,8:15:05,0,-1,2,AC1786,0,2,20
T318,T319,8:16:06,0,-1,-1,AB6353,0,2,10
C672,C670,8:16:36,0,-1,-1,AB6335,0,2,111
T319,T320,8:16:46,0,-1,-1,AB6353,0,2,30
T339/2,T313,8:16:56,0,-1,1,AC1786,0,2,80
C670,C679,8:17:16,0,-1,-1,AB6335,0,2,30
T313,T315,8:17:57,0,-1,1,AC1786,0,2,20
T320,T321/2,8:17:57,0,-1,-1,AB6353,0,2,10
C679,C694,8:18:48,0,-1,-1,AB6335,0,2,70
T321/2,T323,8:19:18,0,-1,1,AB6353,0,2,30
C694,C669/2,8:19:28,0,-1,-1,AB6335,0,2,30
T315,T375,8:19:48,0,-1,1,AC1786,0,2,101
T323,T324/2,8:19:58,0,-1,1,AB6353,0,2,10
C669/2,C687,8:20:19,0,-1,-1,AB6335,0,2,30
C687,C675,8:21:19,0,-1,1,AB6335,0,2,50
T375,T380,8:21:40,0,-1,1,AC1786,0,2,80
C675,C668,8:21:50,0,-1,1,AB6335,0,2,20
C668,C678,8:22:10,0,-1,1,AB6335,0,2,10
T380,T379,8:22:20,0,-1,1,AC1786,0,2,20
T324/2,T327,8:22:44,0,-1,1,AB6353,0,2,135
C678,C663,8:23:24,0,-1,1,AB6335,1,2,50
T379,T359,8:23:35,0,-1,1,AC1786,0,2,60
T327,T326/1,8:24:05,0,-1,1,AB6353,0,2,30
C663,C659,8:24:36,0,-1,1,AB6335,1,2,60
T359,T355/1,8:25:06,0,-1,1,AC1786,0,2,80
T326/1,T337,8:25:06,0,-1,1,AB6353,0,2,50
C659,C656,8:25:56,0,-1,1,AB6335,0,2,30
T337,T336/2,8:26:07,0,-1,1,AB6353,0,2,20
C656,C654/2,8:27:08,0,-1,1,AB6335,0,2,40
C654/2,C653/2,8:29:59,0,-1,1,AB6335,0,2,151
C688/1,C691,8:30:53,0,-1,1,AC1786,0,2,84
C653/2,C692,8:31:14,0,-1,2,AB6335,0,2,53
C691,C652,8:32:14,0,-1,1,AC1786,0,2,50
C652,C655,8:33:36,0,-1,1,AC1786,0,2,20
C692,C689/1,8:33:36,0,-1,1,AB6335,0,2,40
C655,C657,8:34:27,0,-1,-1,AC1786,0,2,40
C657,C660,8:35:38,0,-1,-1,AC1786,0,2,40
T336/2,T335,8:35:58,0,-1,1,AB6353,0,2,60
T335,T338,8:36:38,0,-1,2,AB6353,0,2,10
C689/1,T360,8:36:49,0,-1,1,AB6335,0,2,111
C660,C664,8:37:19,0,-1,-1,AC1786,1,2,70
T338,T326/3,8:37:59,0,-1,-1,AB6353,0,2,60
C664,C666,8:37:59,0,-1,-1,AC1786,0,2,10
T360,T376/1,8:38:20,0,-1,1,AB6335,0,2,50
C666,C677,8:38:33,0,-1,-1,AC1786,0,2,23
T326/3,T332/2,8:39:04,0,-1,2,AB6353,0,2,30
C677,C667,8:39:14,0,-1,-1,AC1786,0,2,20
T376/1,T363/1,8:39:34,0,-1,2,AB6335,0,2,60
C667,C676,8:39:44,0,-1,-1,AC1786,0,2,20
C676,C680,8:40:55,0,-1,-1,AC1786,0,2,60
C680,C669/1,8:41:35,0,-1,-1,AC1786,0,2,20
T363/1,T306,8:41:35,0,-1,1,AB6335,0,2,80
T332/2,T325/2,8:42:06,0,-1,1,AB6353,0,2,151
T325/2,T339/2,8:42:46,0,-1,2,AB6353,0,2,30
T306,T318,8:42:46,0,-1,-1,AB6335,1,2,40
C669/1,C693,8:43:06,0,-1,-1,AC1786,0,2,60
T318,T319,8:44:17,0,-1,-1,AB6335,0,2,40
C693,C681,8:44:58,0,-1,-1,AC1786,0,2,80
T319,T320,8:45:08,0,-1,-1,AB6335,0,2,30
T339/2,T313,8:45:48,0,-1,1,AB6353,0,2,111
T320,T321/2,8:45:48,0,-1,-1,AB6335,0,2,10
C681,C671,8:46:19,0,-1,-1,AC1786,0,2,50
T321/2,T323,8:47:09,0,-1,1,AB6335,0,2,20
T313,T315,8:48:00,0,-1,1,AB6353,0,2,70
C671,C695,8:48:00,0,-1,-1,AC1786,0,2,91
T323,T324/2,8:48:10,0,-1,1,AB6335,0,2,20
C695,C673,8:50:04,0,-1,-1,AC1786,0,2,90
T324/2,T327,8:50:24,0,-1,1,AB6335,0,2,101
C673,C672,8:50:55,0,-1,1,AC1786,0,2,30
T327,T326/1,8:51:25,0,-1,1,AB6335,0,2,30
T315,T375,8:51:46,0,-1,1,AB6353,0,2,193
T326/1,T337,8:52:57,0,-1,1,AB6335,0,2,80
C672,C670,8:53:27,0,-1,1,AC1786,0,2,111
T375,T380,8:53:37,0,-1,1,AB6353,0,2,70
T337,T336/2,8:53:37,0,-1,1,AB6335,0,2,30
T380,T379,8:54:18,0,-1,1,AB6353,0,2,10
C670,C679,8:54:48,0,-1,1,AC1786,0,2,30
T379,T359,8:56:09,0,-1,1,AB6353,0,2,80
C679,C694,8:56:29,0,-1,-1,AC1786,0,2,80
T359,T355/1,8:57:10,0,-1,1,AB6353,0,2,50
C694,C669/2,8:57:20,0,-1,-1,AC1786,0,2,30
C669/2,C687,8:58:15,0,-1,1,AC1786,0,2,20
C687,C675,8:59:36,0,-1,1,AC1786,0,2,71
C675,C668,9:00:07,0,-1,1,AC1786,0,2,20
C668,C678,9:00:27,0,-1,1,AC1786,0,2,10
C678,C665,9:00:57,0,-1,1,AC1786,0,2,20
C665,C663,9:01:48,0,-1,1,AC1786,0,2,20
C688/1,C691,9:02:18,0,-1,1,AB6353,0,2,20
C663,C661,9:02:28,0,-1,1,AC1786,0,2,30
C661,C659,9:03:09,0,-1,1,AC1786,0,2,30
C691,C652,9:04:09,0,-1,1,AB6353,0,2,60
C652,C655,9:05:10,0,-1,1,AB6353,0,2,30
C659,C656,9:05:10,0,-1,1,AC1786,0,2,40
C656,C654/2,9:06:15,0,-1,-1,AC1786,0,2,54
C655,C657,9:06:25,0,-1,1,AB6353,0,2,40
T336/2,T335,9:07:25,0,-1,1,AB6335,0,2,20
C657,C660,9:07:25,0,-1,1,AB6353,0,2,40
C654/2,C653/2,9:08:16,0,-1,1,AC1786,0,2,101
T335,T338,9:08:26,0,-1,1,AB6335,0,2,10
C660,C664,9:08:56,0,-1,1,AB6353,1,2,60
T338,T326/3,9:09:27,0,-1,-1,AB6335,0,2,50
C664,C666,9:09:37,0,-1,1,AB6353,0,2,20
C653/2,C692,9:09:37,0,-1,1,AC1786,0,2,60
T326/3,T332/2,9:10:38,0,-1,1,AB6335,0,2,50
C677,C667,9:10:38,0,-1,1,AB6353,0,2,20
C667,C676,9:10:58,0,-1,-1,AB6353,0,2,10
C692,C689/1,9:10:58,0,-1,1,AC1786,0,2,10
T332/2,T325/2,9:12:10,0,-1,1,AB6335,0,2,61
C676,C680,9:12:10,0,-1,-1,AB6353,0,2,61
T325/2,T339/2,9:12:50,0,-1,1,AB6335,0,2,20
C680,C669/1,9:13:00,0,-1,1,AB6353,0,2,20
C669/1,C693,9:14:04,0,-1,1,AB6353,0,2,44
T339/2,T313,9:14:26,0,-1,1,AB6335,0,2,51
C689/1,T360,9:14:46,0,-1,1,AC1786,0,2,167
T313,T315,9:15:46,0,-1,2,AB6335,0,2,30
C693,C681,9:15:46,0,-1,-1,AB6353,0,2,70
T360,T376/1,9:16:27,0,-1,1,AC1786,0,2,70
C681,C671,9:16:37,0,-1,-1,AB6353,0,2,40
T315,T375,9:17:17,0,-1,1,AB6335,0,2,60
C671,C695,9:18:18,0,-1,-1,AB6353,0,2,91
T376/1,T363/1,9:18:59,0,-1,1,AC1786,0,2,101
T375,T380,9:19:39,0,-1,1,AB6335,0,2,81
C695,C673,9:20:10,0,-1,-1,AB6353,0,2,81
T380,T379,9:20:30,0,-1,1,AB6335,0,2,10
T379,T359,9:20:50,0,-1,1,AB6335,0,2,10
T363/1,T306,9:21:00,0,-1,1,AC1786,0,2,80
C673,C672,9:21:21,0,-1,1,AB6353,0,2,40
T359,T355/1,9:21:53,0,-1,1,AB6335,0,2,52
T306,T314/2,9:21:53,0,-1,-1,AC1786,0,2,32
T318,T319,9:23:24,0,-1,-1,AC1786,0,2,10
T319,T320,9:24:14,0,-1,-1,AC1786,0,2,40
T320,T321/2,9:25:15,0,-1,-1,AC1786,0,2,10
T321/2,T323,9:26:46,0,-1,1,AC1786,0,2,30
C688/1,C691,9:27:06,0,-1,1,AB6335,0,2,20
C691,C652,9:28:17,0,-1,1,AB6335,0,2,40
C670,C679,9:28:27,0,-1,1,AB6353,0,2,30
C652,C655,9:29:18,0,-1,1,AB6335,0,2,30
T324/2,T327,9:29:28,0,-1,1,AC1786,0,2,70
C679,C694,9:30:08,0,-1,-1,AB6353,0,2,80
T327,T326/1,9:30:19,0,-1,1,AC1786,0,2,30
C655,C660,9:31:19,0,-1,1,AB6335,1,2,91
C694,C669/2,9:31:19,0,-1,-1,AB6353,0,2,40
T326/1,T337,9:31:39,0,-1,1,AC1786,0,2,60
C669/2,C687,9:32:00,0,-1,-1,AB6353,0,2,20
T337,T336/2,9:32:20,0,-1,1,AC1786,0,2,30
C660,C664,9:32:42,0,-1,1,AB6335,1,2,52
C664,C666,9:33:23,0,-1,1,AB6335,0,2,20
C666,C677,9:33:43,0,-1,1,AB6335,0,2,10
C687,C675,9:33:43,0,-1,1,AB6353,0,2,50
C677,C667,9:34:13,0,-1,1,AB6335,0,2,20
C667,C676,9:34:34,0,-1,-1,AB6335,0,2,10
C675,C668,9:34:34,0,-1,1,AB6353,0,2,20
C668,C678,9:34:54,0,-1,1,AB6353,0,2,10
C678,C665,9:35:24,0,-1,1,AB6353,0,2,20
C665,C663,9:35:44,0,-1,1,AB6353,0,2,10
C676,C680,9:35:54,0,-1,-1,AB6335,0,2,50
C680,C669/1,9:36:45,0,-1,1,AB6335,0,2,20
C663,C659,9:36:55,0,-1,1,AB6353,1,2,60
T336/2,T335,9:37:36,0,-1,1,AC1786,0,2,20
C669/1,C693,9:37:56,0,-1,1,AB6335,0,2,50
C659,C656,9:37:56,0,-1,1,AB6353,0,2,30
T335,T338,9:38:16,0,-1,1,AC1786,0,2,10
C656,C654/2,9:38:57,0,-1,1,AB6353,0,2,50
T338,T326/3,9:39:27,0,-1,-1,AC1786,0,2,60
C693,C681,9:39:27,0,-1,-1,AB6335,0,2,60
T326/3,T332/2,9:40:18,0,-1,1,AC1786,0,2,40
C654/2,C653/2,9:40:18,0,-1,1,AB6353,0,2,50
C681,C671,9:40:28,0,-1,-1,AB6335,0,2,50
T332/2,T325/2,9:41:59,0,-1,1,AC1786,0,2,60
C671,C695,9:41:59,0,-1,-1,AB6335,0,2,70
C653/2,C692,9:42:09,0,-1,1,AB6353,0,2,80
T325/2,T339/2,9:43:09,0,-1,1,AC1786,0,2,30
C692,C689/1,9:44:00,0,-1,1,AB6353,0,2,60
C695,C672,9:44:10,0,-1,1,AB6335,1,2,121
T339/2,T313,9:45:02,0,-1,2,AC1786,0,2,92
T313,T315,9:46:02,0,-1,2,AC1786,0,2,10
C672,C670,9:46:23,0,-1,1,AB6335,0,2,91
C689/1,T360,9:47:04,0,-1,1,AB6353,0,2,142
C670,C679,9:47:14,0,-1,1,AB6335,0,2,30
T315,T375,9:47:55,0,-1,1,AC1786,0,2,70
T360,T376/1,9:48:15,0,-1,1,AB6353,0,2,40
C679,C694,9:48:46,0,-1,-1,AB6335,0,2,81
T375,T380,9:49:17,0,-1,1,AC1786,0,2,51
C694,C669/2,9:49:27,0,-1,-1,AB6335,0,2,30
T380,T379,9:49:57,0,-1,1,AC1786,0,2,10
C669/2,C687,9:50:18,0,-1,1,AB6335,0,2,20
T379,T359,9:50:28,0,-1,1,AC1786,0,2,20
T376/1,T363/1,9:50:28,0,-1,1,AB6353,0,2,101
C687,C675,9:51:28,0,-1,1,AB6335,0,2,60
T359,T355/1,9:51:38,0,-1,2,AC1786,0,2,60
T363/1,T306,9:51:49,0,-1,2,AB6353,0,2,50
C675,C668,9:52:09,0,-1,1,AB6335,0,2,20
T306,T314/2,9:52:39,0,-1,-1,AB6353,0,2,40
C668,C678,9:52:49,0,-1,1,AB6335,0,2,10
C678,C665,9:53:40,0,-1,1,AB6335,0,2,20
T314/2,T318,9:54:00,0,-1,-1,AB6353,0,2,10
C665,C663,9:54:20,0,-1,1,AB6335,0,2,10
T318,T319,9:54:20,0,-1,-1,AB6353,0,2,10
C663,C661,9:55:03,0,-1,1,AB6335,0,2,30
T319,T320,9:55:03,0,-1,-1,AB6353,0,2,30
C661,C659,9:55:54,0,-1,1,AB6335,0,2,30
T321/2,T323,9:56:14,0,-1,1,AB6353,0,2,20
C659,C656,9:57:05,0,-1,1,AB6335,0,2,40
T323,T324/2,9:57:05,0,-1,1,AB6353,0,2,10
C688/1,C691,9:57:46,0,-1,1,AC1786,0,2,61
C656,C654/2,9:58:07,0,-1,1,AB6335,0,2,51
T324/2,T327,9:58:47,0,-1,1,AB6353,0,2,70
C654/2,C653/2,9:59:27,0,-1,1,AB6335,0,2,50
C691,C652,9:59:38,0,-1,1,AC1786,0,2,70
T327,T326/1,9:59:38,0,-1,1,AB6353,0,2,30
C652,C655,10:00:48,0,-1,1,AC1786,0,2,30
T326/1,T337,10:00:59,0,-1,1,AB6353,0,2,60
C655,C657,10:01:49,0,-1,1,AC1786,0,2,40
C653/2,C692,10:01:59,0,-1,1,AB6335,0,2,91
T337,T336/2,10:01:59,0,-1,1,AB6353,0,2,30
C657,C660,10:02:40,0,-1,1,AC1786,0,2,40
C660,C662,10:03:10,0,-1,1,AC1786,0,2,20
C692,C689/1,10:03:10,0,-1,1,AB6335,0,2,30
T336/2,T335,10:03:33,0,-1,1,AB5457,0,2,32
C662,C664,10:03:53,0,-1,1,AC1786,0,2,32
T335,T338,10:04:13,0,-1,1,AB5457,0,2,10
C664,C677,10:04:43,0,-1,1,AC1786,1,2,40
T338,T326/3,10:05:35,0,-1,-1,AB5457,0,2,61
C677,C667,10:05:35,0,-1,1,AC1786,0,2,21
C689/1,T360,10:05:45,0,-1,1,AB6335,0,2,122
C667,C676,10:05:55,0,-1,-1,AC1786,0,2,10
T326/3,T332/2,10:06:36,0,-1,1,AB5457,0,2,40
T360,T376/1,10:07:06,0,-1,1,AB6335,0,2,60
C676,C680,10:07:16,0,-1,-1,AC1786,0,2,70
C680,C669/1,10:08:07,0,-1,1,AC1786,0,2,30
T332/2,T325/2,10:08:17,0,-1,1,AB5457,0,2,70
T325/2,T339/2,10:08:58,0,-1,1,AB5457,0,2,20
T376/1,T363/1,10:08:58,0,-1,1,AB6335,0,2,101
C669/1,C693,10:09:38,0,-1,1,AC1786,0,2,60
T363/1,T306,10:10:08,0,-1,1,AB6335,0,2,60
T306,T314/2,10:10:59,0,-1,-1,AB6335,0,2,40
C693,C681,10:11:09,0,-1,-1,AC1786,0,2,80
T339/2,T313,10:12:00,0,-1,1,AB5457,0,2,131
C681,C671,10:12:20,0,-1,-1,AC1786,0,2,60
T318,T319,10:12:43,0,-1,-1,AB6335,0,2,10
T313,T315,10:12:53,0,-1,1,AB5457,0,2,10
T319,T320,10:13:33,0,-1,-1,AB6335,0,2,30
C671,C695,10:14:14,0,-1,-1,AC1786,0,2,91
T320,T321/2,10:14:14,0,-1,-1,AB6335,0,2,10
T315,T375,10:14:54,0,-1,1,AB5457,0,2,70
T321/2,T323,10:15:15,0,-1,1,AB6335,0,2,20
T375,T380,10:15:55,0,-1,1,AB5457,0,2,30
C695,C673,10:16:15,0,-1,-1,AC1786,0,2,91
T323,T324/2,10:16:25,0,-1,1,AB6335,0,2,20
T380,T379,10:16:46,0,-1,1,AB5457,0,2,10
C673,C672,10:17:06,0,-1,1,AC1786,0,2,40
T379,T359,10:18:07,0,-1,1,AB5457,0,2,60
T324/2,T327,10:18:07,0,-1,1,AB6335,0,2,70
T327,T326/1,10:18:47,0,-1,1,AB6335,0,2,20
T359,T355/1,10:19:27,0,-1,1,AB5457,0,2,70
C672,C670,10:19:38,0,-1,1,AC1786,0,2,111
T326/1,T337,10:20:08,0,-1,1,AB6335,0,2,60
C670,C679,10:20:58,0,-1,-1,AC1786,0,2,30
T337,T336/2,10:20:58,0,-1,1,AB6335,0,2,30
C679,C694,10:22:50,0,-1,-1,AC1786,0,2,101
C694,C669/2,10:23:41,0,-1,-1,AC1786,0,2,41
C669/2,C687,10:24:52,0,-1,1,AC1786,0,2,20
C687,C675,10:26:23,0,-1,1,AC1786,0,2,70
C688/1,C691,10:26:33,0,-1,1,AB5457,0,2,60
C675,C668,10:26:53,0,-1,1,AC1786,0,2,20
C668,C678,10:27:14,0,-1,1,AC1786,0,2,10
C678,C665,10:28:14,0,-1,1,AC1786,0,2,30
C665,C663,10:28:35,0,-1,1,AC1786,0,2,10
C691,C652,10:29:05,0,-1,1,AB5457,0,2,101
C663,C661,10:29:36,0,-1,1,AC1786,0,2,30
C652,C655,10:30:06,0,-1,1,AB5457,0,2,40
C661,C659,10:30:16,0,-1,1,AC1786,0,2,20
C655,C657,10:31:07,0,-1,1,AB5457,0,2,40
C659,C656,10:31:37,0,-1,1,AC1786,0,2,40
C657,C660,10:32:28,0,-1,1,AB5457,0,2,40
C656,C654/2,10:32:38,0,-1,1,AC1786,0,2,50
C660,C662,10:33:18,0,-1,1,AB5457,0,2,20
C662,C664,10:33:59,0,-1,1,AB5457,0,2,30
C664,C666,10:34:29,0,-1,1,AB5457,0,2,20
C654/2,C653/2,10:34:39,0,-1,1,AC1786,0,2,60
C666,C677,10:34:49,0,-1,1,AB5457,0,2,10
C653/2,C692,10:35:42,0,-1,1,AC1786,0,2,42
C677,C667,10:35:52,0,-1,1,AB5457,0,2,20
C667,C676,10:36:12,0,-1,-1,AB5457,0,2,10
C676,C680,10:37:25,0,-1,-1,AB5457,0,2,62
T336/2,T335,10:37:35,0,-1,1,AB6353,0,2,30
C692,C689/1,10:37:55,0,-1,1,AC1786,0,2,123
C680,C669/1,10:38:16,0,-1,1,AB5457,0,2,20
T338,T326/3,10:39:57,0,-1,-1,AB6353,0,2,60
T326/3,T332/2,10:41:07,0,-1,1,AB6353,0,2,60
C689/1,T360,10:41:07,0,-1,1,AC1786,0,2,121
C669/1,C681,10:41:48,0,-1,-1,AB5457,1,2,171
T332/2,T325/2,10:42:38,0,-1,1,AB6353,0,2,60
C681,C671,10:42:38,0,-1,-1,AB5457,0,2,40
T360,T376/1,10:43:19,0,-1,1,AC1786,0,2,91
T325/2,T339/2,10:43:39,0,-1,1,AB6353,0,2,20
C671,C695,10:44:30,0,-1,-1,AB5457,0,2,101
T376/1,T363/1,10:44:50,0,-1,1,AC1786,0,2,80
T339/2,T313,10:45:34,0,-1,1,AB6353,0,2,83
T363/1,T306,10:46:24,0,-1,1,AC1786,0,2,50
T313,T315,10:46:34,0,-1,1,AB6353,0,2,10
C695,C673,10:46:34,0,-1,-1,AB5457,0,2,94
T306,T314/2,10:47:05,0,-1,-1,AC1786,0,2,30
C673,C672,10:47:25,0,-1,1,AB5457,0,2,40
T315,T375,10:48:05,0,-1,1,AB6353,0,2,80
T314/2,T318,10:48:05,0,-1,-1,AC1786,0,2,10
T318,T319,10:48:36,0,-1,-1,AC1786,0,2,10
T375,T380,10:49:16,0,-1,1,AB6353,0,2,30
T319,T320,10:49:36,0,-1,-1,AC1786,0,2,50
T380,T379,10:49:57,0,-1,1,AB6353,0,2,10
C672,C670,10:51:07,0,-1,1,AB5457,0,2,161
T379,T359,10:51:18,0,-1,1,AB6353,0,2,60
T321/2,T323,10:51:38,0,-1,1,AC1786,0,2,20
C670,C679,10:52:18,0,-1,1,AB5457,0,2,30
T323,T324/2,10:52:18,0,-1,1,AC1786,0,2,10
T359,T355/1,10:52:49,0,-1,1,AB6353,0,2,80
T324/2,T327,10:53:29,0,-1,1,AC1786,0,2,60
T327,T326/1,10:54:10,0,-1,1,AC1786,0,2,30
C679,C694,10:54:20,0,-1,-1,AB5457,0,2,101
C694,C669/2,10:55:33,0,-1,-1,AB5457,0,2,62
T326/1,T336/2,10:55:53,0,-1,1,AC1786,1,2,93
C669/2,C687,10:57:24,0,-1,-1,AB5457,0,2,30
C687,C675,10:59:15,0,-1,1,AB5457,0,2,60
C688/1,C691,10:59:25,0,-1,1,AB6353,0,2,30
C675,C668,10:59:56,0,-1,1,AB5457,0,2,20
C668,C678,11:00:26,0,-1,1,AB5457,0,2,10
C691,C652,11:01:27,0,-1,1,AB6353,0,2,80
C678,C665,11:01:27,0,-1,1,AB5457,0,2,30
C665,C663,11:02:07,0,-1,1,AB5457,0,2,20
C652,C655,11:02:38,0,-1,1,AB6353,0,2,30
C663,C661,11:02:48,0,-1,1,AB5457,0,2,30
C655,C657,11:03:38,0,-1,1,AB6353,0,2,50
C661,C659,11:03:59,0,-1,1,AB5457,0,2,30
C657,C660,11:05:30,0,-1,1,AB6353,0,2,101
C659,C656,11:05:30,0,-1,1,AB5457,0,2,50
C660,C662,11:06:10,0,-1,1,AB6353,0,2,20
C656,C654/2,11:06:30,0,-1,1,AB5457,0,2,50
C662,C664,11:06:50,0,-1,1,AB6353,0,2,30
C664,C666,11:07:44,0,-1,1,AB6353,0,2,22
C666,C677,11:08:14,0,-1,1,AB6353,0,2,20
C654/2,C653/2,11:08:14,0,-1,1,AB5457,0,2,63
C677,C667,11:09:05,0,-1,1,AB6353,0,2,30
C667,C676,11:09:25,0,-1,-1,AB6353,0,2,10
C653/2,C692,11:10:26,0,-1,1,AB5457,0,2,112
T336/2,T335,11:10:47,0,-1,1,AB6335,0,2,30
C676,C680,11:10:47,0,-1,-1,AB6353,0,2,70
T335,T338,11:11:17,0,-1,1,AB6335,0,2,10
C680,C669/1,11:11:37,0,-1,1,AB6353,0,2,30
C692,C689/1,11:11:37,0,-1,1,AB5457,0,2,30
T338,T326/3,11:12:48,0,-1,-1,AB6335,0,2,60
C669/1,C693,11:13:29,0,-1,1,AB6353,0,2,60
T326/3,T332/2,11:14:09,0,-1,1,AB6335,0,2,60
C689/1,T360,11:14:40,0,-1,1,AB5457,0,2,141
C693,C681,11:14:50,0,-1,-1,AB6353,0,2,70
T332/2,T325/2,11:15:43,0,-1,1,AB6335,0,2,53
C681,C671,11:16:04,0,-1,-1,AB6353,0,2,63
T360,T376/1,11:16:24,0,-1,1,AB5457,0,2,63
T325/2,T339/2,11:17:25,0,-1,1,AB6335,0,2,70
C671,C695,11:17:55,0,-1,-1,AB6353,0,2,91
T376/1,T363/1,11:18:25,0,-1,1,AB5457,0,2,101
T339/2,T313,11:18:56,0,-1,1,AB6335,0,2,50
T313,T315,11:19:47,0,-1,1,AB6335,0,2,10
T363/1,T306,11:20:17,0,-1,1,AB5457,0,2,60
C695,C672,11:20:38,0,-1,3,AB6353,1,2,142
T315,T375,11:21:08,0,-1,1,AB6335,0,2,71
T306,T314/2,11:21:08,0,-1,-1,AB5457,0,2,30
T375,T380,11:22:29,0,-1,1,AB6335,0,2,50
T318,T319,11:23:10,0,-1,-1,AB5457,0,2,60
T380,T379,11:23:20,0,-1,1,AB6335,0,2,20
T379,T359,11:23:52,0,-1,1,AB6335,0,2,10
T319,T320,11:24:23,0,-1,-1,AB5457,0,2,40
C672,C670,11:24:34,0,-1,3,AB6353,0,2,175
T359,T355/1,11:25:14,0,-1,1,AB6335,0,2,61
C670,C679,11:25:35,0,-1,1,AB6353,0,2,30
T320,T321/2,11:25:35,0,-1,-1,AB5457,0,2,10
T321/2,T323,11:26:56,0,-1,1,AB5457,0,2,20
C679,C694,11:27:16,0,-1,-1,AB6353,0,2,91
T323,T324/2,11:27:57,0,-1,1,AB5457,0,2,10
C694,C669/2,11:28:27,0,-1,-1,AB6353,0,2,50
C669/2,C687,11:29:18,0,-1,1,AB6353,0,2,40
T324/2,T327,11:29:28,0,-1,1,AB5457,0,2,60
C688/1,C691,11:30:28,0,-1,1,AB6335,0,2,40
T327,T326/1,11:30:28,0,-1,1,AB5457,0,2,30
C687,C675,11:30:38,0,-1,1,AB6353,0,2,70
C675,C668,11:31:20,0,-1,1,AB6353,0,2,30
C668,C678,11:31:40,0,-1,1,AB6353,0,2,10
C691,C652,11:31:50,0,-1,1,AB6335,0,2,40
T326/1,T337,11:32:00,0,-1,1,AB5457,0,2,50
C678,C665,11:32:21,0,-1,1,AB6353,0,2,30
C665,C663,11:32:45,0,-1,1,AB6353,0,2,10
T337,T336/2,11:33:05,0,-1,1,AB5457,0,2,44
C652,C655,11:33:15,0,-1,1,AB6335,0,2,40
C663,C661,11:33:35,0,-1,1,AB6353,0,2,30
C661,C659,11:34:26,0,-1,1,AB6353,0,2,30
C655,C657,11:34:36,0,-1,1,AB6335,0,2,50
C657,C660,11:35:57,0,-1,1,AB6335,0,2,70
C660,C662,11:36:37,0,-1,-1,AB6335,0,2,20
C659,C656,11:36:48,0,-1,1,AB6353,0,2,50
C662,C664,11:37:08,0,-1,-1,AB6335,0,2,20
C656,C654/2,11:37:48,0,-1,1,AB6353,0,2,50
C664,C666,11:38:39,0,-1,-1,AB6335,0,2,10
C666,C677,11:39:10,0,-1,1,AB6335,0,2,20
C654/2,C653/2,11:39:52,0,-1,1,AB6353,0,2,103
C677,C676,11:40:02,0,-1,-1,AB6335,1,2,42
C676,C680,11:41:25,0,-1,-1,AB6335,0,2,50
C653/2,C692,11:41:55,0,-1,1,AB6353,0,2,103
C680,C669/1,11:42:06,0,-1,1,AB6335,0,2,30
C692,C689/1,11:43:06,0,-1,1,AB6353,0,2,20
C669/1,C693,11:43:37,0,-1,1,AB6335,0,2,50
C693,C681,11:44:58,0,-1,-1,AB6335,0,2,70
C681,C671,11:45:58,0,-1,-1,AB6335,0,2,50
T336/2,T335,11:46:08,0,-1,1,AC1786,0,2,20
T335,T338,11:47:09,0,-1,1,AC1786,0,2,20
C671,C695,11:47:29,0,-1,-1,AB6335,0,2,80
T338,T326/3,11:48:52,0,-1,-1,AC1786,0,2,62
T360,T376/1,11:49:02,0,-1,1,AB6353,0,2,82
C695,C673,11:49:13,0,-1,-1,AB6335,0,2,72
C673,C672,11:49:43,0,-1,-1,AB6335,0,2,20
T326/3,T332/2,11:49:53,0,-1,1,AC1786,0,2,40
T376/1,T363/1,11:50:13,0,-1,1,AB6353,0,2,60
T332/2,T325/2,11:51:35,0,-1,1,AC1786,0,2,60
T363/1,T306,11:51:55,0,-1,1,AB6353,0,2,60
T325/2,T339/2,11:52:16,0,-1,1,AC1786,0,2,20
C672,C670,11:52:26,0,-1,1,AB6335,0,2,122
C670,C679,11:53:06,0,-1,1,AB6335,0,2,30
T306,T314/2,11:53:06,0,-1,-1,AB6353,0,2,40
T339/2,T313,11:54:11,0,-1,1,AC1786,0,2,84
T314/2,T319,11:54:21,0,-1,-1,AB6353,1,2,34
C679,C694,11:54:35,0,-1,-1,AB6335,0,2,78
T313,T315,11:55:09,0,-1,1,AC1786,0,2,24
C694,C669/2,11:55:19,0,-1,-1,AB6335,0,2,34
T319,T320,11:55:29,0,-1,-1,AB6353,0,2,44
C669/2,C687,11:56:20,0,-1,1,AB6335,0,2,30
T320,T321/2,11:56:32,0,-1,-1,AB6353,0,2,12
T315,T375,11:56:43,0,-1,1,AC1786,0,2,83
C687,C675,11:57:33,0,-1,1,AB6335,0,2,50
T321/2,T323,11:57:43,0,-1,1,AB6353,0,2,30
T375,T380,11:58:04,0,-1,1,AC1786,0,2,30
T323,T324/2,11:58:24,0,-1,1,AB6353,0,2,10
T380,T379,11:58:34,0,-1,1,AC1786,0,2,10
C675,C668,11:58:34,0,-1,1,AB6335,0,2,20
C668,C678,11:58:54,0,-1,1,AB6335,0,2,10
T379,T359,11:59:05,0,-1,1,AC1786,0,2,20
C678,C665,11:59:25,0,-1,1,AB6335,0,2,20
C665,C663,11:59:55,0,-1,1,AB6335,0,2,20
T324/2,T327,11:59:55,0,-1,1,AB6353,0,2,71
T359,T355/1,12:00:16,0,-1,1,AC1786,0,2,60
C663,C661,12:00:26,0,-1,1,AB6335,0,2,20
T327,T326/1,12:00:37,0,-1,1,AB6353,0,2,31
C661,C659,12:00:57,0,-1,1,AB6335,0,2,20
C659,C656,12:02:09,0,-1,1,AB6335,0,2,40
C656,C654/2,12:03:29,0,-1,1,AB6335,0,2,50
C654/2,C653/2,12:05:22,0,-1,1,AB6335,0,2,92
C688/1,C691,12:06:15,0,-1,1,AC1786,0,2,72
C653/2,C692,12:07:37,0,-1,1,AB6335,0,2,102
C691,C652,12:08:17,0,-1,1,AC1786,0,2,90
C692,C689/1,12:08:47,0,-1,1,AB6335,0,2,20
C652,C655,12:08:57,0,-1,1,AC1786,0,2,30
C655,C657,12:10:08,0,-1,1,AC1786,0,2,50
C657,C660,12:10:59,0,-1,1,AC1786,0,2,40
C660,C662,12:11:29,0,-1,1,AC1786,0,2,20
C662,C664,12:12:10,0,-1,1,AC1786,0,2,30
C689/1,T360,12:12:20,0,-1,1,AB6335,0,2,182
C664,C677,12:13:00,0,-1,1,AC1786,1,2,40
C677,C667,12:13:33,0,-1,2,AC1786,0,2,22
C667,C676,12:14:03,0,-1,-1,AC1786,0,2,20
T326/1,T336/2,12:14:33,0,-1,1,AB6353,1,2,123
T360,T376/1,12:14:53,0,-1,1,AB6335,0,2,123
C676,C680,12:15:14,0,-1,-1,AC1786,0,2,60
C680,C669/1,12:16:15,0,-1,1,AC1786,0,2,30
T376/1,T363/1,12:16:15,0,-1,1,AB6335,0,2,71
C669/1,C693,12:17:36,0,-1,1,AC1786,0,2,60
T363/1,T306,12:18:27,0,-1,1,AB6335,0,2,81
C693,C681,12:18:57,0,-1,-1,AC1786,0,2,70
T306,T314/2,12:19:27,0,-1,-1,AB6335,0,2,50
C681,C671,12:20:08,0,-1,-1,AC1786,0,2,60
T335,T338,12:21:29,0,-1,1,AB6353,0,2,10
C671,C695,12:21:49,0,-1,-1,AC1786,0,2,91
T318,T319,12:22:20,0,-1,-1,AB6335,0,2,10
T338,T326/3,12:22:33,0,-1,-1,AB6353,0,2,54
C695,C673,12:23:24,0,-1,-1,AC1786,0,2,84
T326/3,T332/2,12:23:44,0,-1,1,AB6353,0,2,30
C673,C672,12:24:14,0,-1,-1,AC1786,0,2,40
T319,T320,12:24:14,0,-1,-1,AB6335,0,2,90
T332/2,T325/2,12:25:37,0,-1,1,AB6353,0,2,82
T320,T321/2,12:26:17,0,-1,-1,AB6335,0,2,20
T325/2,T339/2,12:26:27,0,-1,1,AB6353,0,2,20
C672,C670,12:26:47,0,-1,1,AC1786,0,2,132
T321/2,T323,12:27:38,0,-1,1,AB6335,0,2,30
C670,C679,12:28:08,0,-1,1,AC1786,0,2,40
T339/2,T313,12:28:18,0,-1,1,AB6353,0,2,91
T323,T324/2,12:28:18,0,-1,1,AB6335,0,2,10
T313,T315,12:29:19,0,-1,1,AB6353,0,2,20
C679,C694,12:29:50,0,-1,-1,AC1786,0,2,91
T324/2,T327,12:29:50,0,-1,1,AB6335,0,2,60
C694,C669/2,12:30:40,0,-1,-1,AC1786,0,2,30
T327,T326/1,12:30:40,0,-1,1,AB6335,0,2,40
T315,T375,12:31:34,0,-1,1,AB6353,0,2,124
T326/1,T337,12:31:44,0,-1,1,AB6335,0,2,53
C669/2,C687,12:32:04,0,-1,1,AC1786,0,2,30
T337,T336/2,12:32:24,0,-1,1,AB6335,0,2,30
C687,C675,12:33:15,0,-1,1,AC1786,0,2,60
T375,T380,12:33:25,0,-1,1,AB6353,0,2,91
C675,C668,12:33:45,0,-1,1,AC1786,0,2,10
T380,T379,12:34:05,0,-1,1,AB6353,0,2,10
C668,C678,12:34:16,0,-1,1,AC1786,0,2,20
T379,T359,12:34:46,0,-1,1,AB6353,0,2,20
C678,C665,12:34:46,0,-1,1,AC1786,0,2,20
C665,C663,12:35:06,0,-1,1,AC1786,0,2,10
T359,T355/1,12:35:57,0,-1,1,AB6353,0,2,60
C663,C659,12:36:27,0,-1,1,AC1786,1,2,60
C659,C654/2,12:38:39,0,-1,1,AC1786,1,2,111
C688/1,C691,12:41:02,0,-1,1,AB6353,0,2,20
C654/2,C653/2,12:41:02,0,-1,1,AC1786,0,2,82
C653/2,C692,12:43:05,0,-1,1,AC1786,0,2,90
C691,C652,12:43:15,0,-1,1,AB6353,0,2,112
C652,C655,12:44:46,0,-1,1,AB6353,0,2,40
C692,C689/1,12:44:46,0,-1,1,AC1786,0,2,60
C655,C657,12:46:07,0,-1,1,AB6353,0,2,50
C657,C660,12:46:58,0,-1,1,AB6353,0,2,40
C660,C662,12:47:28,0,-1,1,AB6353,0,2,20
C662,C664,12:48:19,0,-1,1,AB6353,0,2,40
C689/1,T360,12:48:29,0,-1,1,AC1786,0,2,151
C664,C677,12:49:09,0,-1,1,AB6353,1,2,40
T360,T376/1,12:49:29,0,-1,1,AC1786,0,2,30
C677,C667,12:49:39,0,-1,-1,AB6353,0,2,20
C667,C676,12:50:10,0,-1,-1,AB6353,0,2,10
C676,C680,12:51:25,0,-1,-1,AB6353,0,2,64
T376/1,T363/1,12:51:35,0,-1,1,AC1786,0,2,115
C680,C669/1,12:52:25,0,-1,1,AB6353,0,2,20
T363/1,T306,12:53:46,0,-1,1,AC1786,0,2,71
C669/1,C693,12:53:57,0,-1,1,AB6353,0,2,70
T306,T314/2,12:54:57,0,-1,-1,AC1786,0,2,30
T336/2,T335,12:55:28,0,-1,1,AB6335,0,2,10
C693,C681,12:55:28,0,-1,-1,AB6353,0,2,80
T318,T319,12:56:08,0,-1,-1,AC1786,0,2,10
T335,T338,12:56:28,0,-1,1,AB6335,0,2,50
C681,C671,12:56:28,0,-1,-1,AB6353,0,2,50
T319,T320,12:56:59,0,-1,-1,AC1786,0,2,40
C671,C695,12:58:19,0,-1,-1,AB6353,0,2,101
T321/2,T323,12:59:10,0,-1,1,AC1786,0,2,30
T323,T324/2,12:59:41,0,-1,1,AC1786,0,2,10
C695,C673,13:00:21,0,-1,-1,AB6353,0,2,91
T325/2,T339/2,13:01:13,0,-1,1,AB6335,0,2,10
C673,C672,13:01:13,0,-1,1,AB6353,0,2,40
T324/2,T327,13:01:34,0,-1,1,AC1786,0,2,60
T339/2,T313,13:03:05,0,-1,1,AB6335,0,2,80
T327,T337,13:03:35,0,-1,1,AC1786,1,2,101
T313,T315,13:03:56,0,-1,1,AB6335,0,2,20
C672,C670,13:04:16,0,-1,1,AB6353,0,2,152
T337,T336/2,13:04:26,0,-1,1,AC1786,0,2,40
C670,C679,13:05:06,0,-1,1,AB6353,0,2,30
T315,T375,13:05:27,0,-1,1,AB6335,0,2,80
C679,C694,13:06:48,0,-1,-1,AB6353,0,2,80
T375,T380,13:07:08,0,-1,1,AB6335,0,2,50
T380,T379,13:08:08,0,-1,1,AB6335,0,2,10
C694,C669/2,13:08:08,0,-1,-1,AB6353,0,2,30
T379,T359,13:09:19,0,-1,1,AB6335,0,2,10
C669/2,C687,13:09:40,0,-1,1,AB6353,0,2,40
T359,T355/1,13:10:33,0,-1,1,AB6335,0,2,63
C687,C675,13:11:34,0,-1,-1,AB6353,0,2,73
C675,C668,13:12:04,0,-1,-1,AB6353,0,2,20
C668,C678,13:12:24,0,-1,-1,AB6353,0,2,10
C678,C663,13:13:25,0,-1,-1,AB6353,1,2,50
C663,C661,13:14:37,0,-1,-1,AB6353,0,2,41
C661,C659,13:15:07,0,-1,1,AB6353,0,2,20
C688/1,C691,13:16:38,0,-1,1,AB6335,0,2,40
C659,C656,13:16:38,0,-1,1,AB6353,0,2,50
C656,C654/2,13:17:39,0,-1,1,AB6353,0,2,50
C691,C652,13:18:30,0,-1,1,AB6335,0,2,70
C652,C655,13:19:42,0,-1,1,AB6335,0,2,31
C654/2,C653/2,13:19:42,0,-1,1,AB6353,0,2,82
C655,C657,13:21:03,0,-1,-1,AB6335,0,2,40
C653/2,C692,13:21:23,0,-1,1,AB6353,0,2,80
C657,C660,13:22:05,0,-1,-1,AB6335,0,2,51
C692,C689/1,13:22:35,0,-1,1,AB6353,0,2,30
C660,C662,13:22:55,0,-1,-1,AB6335,0,2,20
C662,C664,13:23:25,0,-1,-1,AB6335,0,2,20
C664,C666,13:24:16,0,-1,-1,AB6335,0,2,20
C666,C677,13:24:46,0,-1,-1,AB6335,0,2,20
C689/1,T360,13:25:37,0,-1,1,AB6353,0,2,131
C677,C676,13:25:57,0,-1,-1,AB6335,1,2,40
C676,C680,13:26:48,0,-1,-1,AB6335,0,2,40
T360,T376/1,13:26:58,0,-1,1,AB6353,0,2,60
C680,C669/1,13:27:59,0,-1,1,AB6335,0,2,30
T336/2,T335,13:28:09,0,-1,1,AC1786,0,2,30
T376/1,T363/1,13:28:49,0,-1,1,AB6353,0,2,91
C669/1,C693,13:29:20,0,-1,1,AB6335,0,2,60
T338,T326/3,13:30:36,0,-1,-1,AC1786,0,2,65
C693,C681,13:30:36,0,-1,-1,AB6335,0,2,65
T363/1,T306,13:30:36,0,-1,1,AB6353,0,2,55
T306,T314/2,13:31:36,0,-1,-1,AB6353,0,2,40
T326/3,T332/2,13:31:46,0,-1,1,AC1786,0,2,40
C681,C671,13:31:46,0,-1,-1,AB6335,0,2,40
T314/2,T318,13:32:47,0,-1,-1,AB6353,0,2,10
T332/2,T325/2,13:33:17,0,-1,1,AC1786,0,2,60
T318,T319,13:33:17,0,-1,-1,AB6353,0,2,20
C671,C695,13:33:38,0,-1,-1,AB6335,0,2,80
T325/2,T339/2,13:34:18,0,-1,1,AC1786,0,2,20
T319,T320,13:34:38,0,-1,-1,AB6353,0,2,50
C695,C673,13:35:19,0,-1,-1,AB6335,0,2,80
T339/2,T313,13:36:09,0,-1,1,AC1786,0,2,81
C673,C672,13:36:09,0,-1,2,AB6335,0,2,30
T320,T321/2,13:36:20,0,-1,-1,AB6353,0,2,10
T313,T315,13:36:54,0,-1,1,AC1786,0,2,10
T321/2,T323,13:37:46,0,-1,1,AB6353,0,2,32
T315,T375,13:38:29,0,-1,1,AC1786,0,2,85
C672,C670,13:38:40,0,-1,2,AB6335,0,2,116
T323,T324/2,13:39:11,0,-1,1,AB6353,0,2,20
C670,C679,13:40:06,0,-1,2,AB6335,0,2,31
T375,T380,13:40:38,0,-1,1,AC1786,0,2,87
T324/2,T327,13:40:38,0,-1,1,AB6353,0,2,63
T380,T379,13:41:20,0,-1,1,AC1786,0,2,10
T327,T326/1,13:41:32,0,-1,1,AB6353,0,2,22
C679,C694,13:41:42,0,-1,-1,AB6335,0,2,85
T379,T359,13:42:14,0,-1,1,AC1786,0,2,20
C694,C669/2,13:42:26,0,-1,-1,AB6335,0,2,32
T326/1,T337,13:42:57,0,-1,1,AB6353,0,2,75
C669/2,C687,13:43:19,0,-1,-1,AB6335,0,2,21
T359,T355/1,13:43:29,0,-1,1,AC1786,0,2,62
T337,T336/2,13:43:51,0,-1,1,AB6353,0,2,42
C687,C675,13:45:05,0,-1,1,AB6335,0,2,52
C675,C668,13:45:56,0,-1,1,AB6335,0,2,20
C668,C678,13:46:17,0,-1,1,AB6335,0,2,10
C678,C663,13:47:10,0,-1,1,AB6335,1,2,42
C688/1,C691,13:48:40,0,-1,1,AC1786,0,2,33
C663,C659,13:48:40,0,-1,1,AB6335,1,2,53
C659,C656,13:49:53,0,-1,2,AB6335,0,2,31
C691,C652,13:50:45,0,-1,1,AC1786,0,2,83
C656,C654/2,13:50:55,0,-1,2,AB6335,0,2,51
C652,C655,13:51:56,0,-1,1,AC1786,0,2,40
C654/2,C653/2,13:52:18,0,-1,1,AB6335,0,2,42
C655,C657,13:52:50,0,-1,1,AC1786,0,2,43
C657,C660,13:53:45,0,-1,1,AC1786,0,2,44
C653/2,C692,13:54:29,0,-1,1,AB6335,0,2,99
C660,C662,13:55:00,0,-1,1,AC1786,0,2,20
C692,C689/1,13:55:42,0,-1,1,AB6335,0,2,10
C662,C664,13:55:52,0,-1,1,AC1786,0,2,30
C664,C666,13:56:34,0,-1,1,AC1786,0,2,11
C666,C677,13:56:56,0,-1,1,AC1786,0,2,10
C677,C667,13:57:38,0,-1,1,AC1786,0,2,20
C667,C676,13:57:58,0,-1,-1,AC1786,0,2,10
C676,C680,13:59:20,0,-1,-1,AC1786,0,2,60
C689/1,T360,13:59:36,0,-1,1,AB6335,0,2,148
C680,C669/1,14:00:07,0,-1,1,AC1786,0,2,20
T360,T376/1,14:01:56,0,-1,1,AB6335,0,2,108
C669/1,C681,14:03:00,0,-1,-1,AC1786,1,2,152
T376/1,T363/1,14:04:37,0,-1,1,AB6335,0,2,148
T336/2,T335,14:04:57,0,-1,1,AB6353,0,2,42
T335,T338,14:05:49,0,-1,1,AB6353,0,2,41
C681,C695,14:05:49,0,-1,-1,AC1786,1,2,159
T363/1,T306,14:06:33,0,-1,1,AB6335,0,2,43
C695,C673,14:07:36,0,-1,-1,AC1786,0,2,95
T338,T326/3,14:07:47,0,-1,-1,AB6353,0,2,74
T306,T314/2,14:07:47,0,-1,-1,AB6335,0,2,40
C673,C672,14:08:08,0,-1,1,AC1786,0,2,20
T326/3,T332/2,14:08:46,0,-1,1,AB6353,0,2,48
T318,T319,14:09:37,0,-1,-1,AB6335,0,2,20
C672,C670,14:10:51,0,-1,1,AC1786,0,2,124
T319,T320,14:10:51,0,-1,-1,AB6335,0,2,63
T332/2,T325/2,14:11:02,0,-1,1,AB6353,0,2,94
T325/2,T339/2,14:11:46,0,-1,1,AB6353,0,2,10
C670,C679,14:11:46,0,-1,1,AC1786,0,2,33
T320,T321/2,14:12:16,0,-1,-1,AB6335,0,2,10
T321/2,T323,14:13:19,0,-1,1,AB6335,0,2,30
T339/2,T313,14:13:39,0,-1,1,AB6353,0,2,71
C679,C694,14:14:00,0,-1,-1,AC1786,0,2,92
T313,T315,14:15:07,0,-1,1,AB6353,0,2,22
C694,C669/2,14:15:07,0,-1,-1,AC1786,0,2,42
T324/2,T327,14:15:28,0,-1,1,AB6335,0,2,74
T327,T326/1,14:16:32,0,-1,1,AB6335,0,2,44
T326/1,T337,14:17:25,0,-1,1,AB6335,0,2,42
T315,T375,14:17:47,0,-1,1,AB6353,0,2,148
C669/2,C687,14:17:57,0,-1,1,AC1786,0,2,21
T337,T336/2,14:18:09,0,-1,1,AB6335,0,2,33
C687,C675,14:19:37,0,-1,1,AC1786,0,2,67
T375,T380,14:19:48,0,-1,1,AB6353,0,2,68
C675,C668,14:20:19,0,-1,1,AC1786,0,2,21
C668,C678,14:20:41,0,-1,1,AC1786,0,2,12
T380,T379,14:20:52,0,-1,1,AB6353,0,2,23
C678,C665,14:21:15,0,-1,1,AC1786,0,2,22
T379,T359,14:21:36,0,-1,1,AB6353,0,2,21
C665,C663,14:21:47,0,-1,1,AC1786,0,2,10
C663,C661,14:22:54,0,-1,1,AC1786,0,2,35
T359,T355/1,14:23:04,0,-1,1,AB6353,0,2,55
C661,C659,14:23:35,0,-1,1,AC1786,0,2,21
C659,C656,14:25:06,0,-1,1,AC1786,0,2,50
C656,C654/2,14:25:57,0,-1,1,AC1786,0,2,40
C654/2,C653/2,14:28:19,0,-1,1,AC1786,0,2,80
C688/1,C691,14:30:00,0,-1,1,AB6353,0,2,70
C653/2,C692,14:30:32,0,-1,1,AC1786,0,2,123
C691,C652,14:31:53,0,-1,1,AB6353,0,2,103
C692,C689/1,14:32:13,0,-1,1,AC1786,0,2,50
C652,C655,14:32:45,0,-1,1,AB6353,0,2,42
C655,C657,14:33:57,0,-1,-1,AB6353,0,2,40
C657,C660,14:35:08,0,-1,1,AB6353,0,2,50
C689/1,T360,14:35:39,0,-1,1,AC1786,0,2,142
C660,C662,14:36:10,0,-1,1,AB6353,0,2,41
C662,C664,14:36:54,0,-1,1,AB6353,0,2,21
C664,C666,14:37:14,0,-1,1,AB6353,0,2,10
C666,C677,14:37:46,0,-1,1,AB6353,0,2,20
C677,C667,14:38:18,0,-1,1,AB6353,0,2,21
T360,T363/1,14:38:18,0,-1,1,AC1786,1,2,127
C667,C676,14:38:50,0,-1,-1,AB6353,0,2,21
C676,C680,14:39:54,0,-1,-1,AB6353,0,2,53
T363/1,T306,14:39:54,0,-1,1,AC1786,0,2,42
T336/2,T335,14:40:47,0,-1,1,AB6335,0,2,32
C680,C669/1,14:40:47,0,-1,1,AB6353,0,2,21
T306,T314/2,14:40:47,0,-1,-1,AC1786,0,2,43
T335,T338,14:41:29,0,-1,1,AB6335,0,2,10
T318,T319,14:42:21,0,-1,-1,AC1786,0,2,10
T338,T326/3,14:42:31,0,-1,-1,AB6335,0,2,52
C669/1,C693,14:42:41,0,-1,1,AB6353,0,2,72
T319,T320,14:43:35,0,-1,-1,AC1786,0,2,53
T326/3,T332/2,14:43:45,0,-1,1,AB6335,0,2,43
C693,C681,14:44:26,0,-1,-1,AB6353,0,2,73
T332/2,T325/2,14:45:11,0,-1,1,AB6335,0,2,54
C681,C671,14:45:22,0,-1,-1,AB6353,0,2,45
T320,T321/2,14:45:22,0,-1,-1,AC1786,0,2,11
T325/2,T339/2,14:45:54,0,-1,1,AB6335,0,2,20
C671,C695,14:46:57,0,-1,-1,AB6353,0,2,83
T321/2,T323,14:46:57,0,-1,1,AC1786,0,2,31
T339/2,T313,14:47:17,0,-1,1,AB6335,0,2,61
T313,T315,14:48:08,0,-1,1,AB6335,0,2,20
T323,T324/2,14:48:08,0,-1,1,AC1786,0,2,10
C695,C673,14:49:08,0,-1,-1,AB6353,0,2,90
C673,C672,14:50:09,0,-1,1,AB6353,0,2,40
T324/2,T327,14:50:09,0,-1,1,AC1786,0,2,70
T327,T326/1,14:51:20,0,-1,1,AC1786,0,2,30
T315,T375,14:51:31,0,-1,1,AB6335,0,2,193
C672,C670,14:53:04,0,-1,1,AB6353,0,2,135
T326/1,T337,14:53:04,0,-1,1,AC1786,0,2,82
T375,T380,14:53:25,0,-1,1,AB6335,0,2,73
C670,C679,14:53:45,0,-1,1,AB6353,0,2,20
T380,T379,14:54:05,0,-1,1,AB6335,0,2,10
T337,T336/2,14:54:36,0,-1,1,AC1786,0,2,40
T379,T359,14:54:56,0,-1,1,AB6335,0,2,30
C679,C694,14:55:36,0,-1,-1,AB6353,0,2,90
T359,T355/1,14:56:07,0,-1,1,AB6335,0,2,60
C694,C669/2,14:56:47,0,-1,-1,AB6353,0,2,40
C669/2,C687,14:57:48,0,-1,-1,AB6353,0,2,30
C687,C675,14:58:58,0,-1,1,AB6353,0,2,60
C675,C668,14:59:39,0,-1,1,AB6353,0,2,20
C668,C678,14:59:59,0,-1,1,AB6353,0,2,10
C678,C665,15:00:40,0,-1,1,AB6353,0,2,20
C665,C663,15:01:00,0,-1,1,AB6353,0,2,10
C688/1,C691,15:02:01,0,-1,1,AB6335,0,2,80
C663,C661,15:02:01,0,-1,1,AB6353,0,2,30
C661,C659,15:02:33,0,-1,1,AB6353,0,2,22
C691,C652,15:03:44,0,-1,1,AB6335,0,2,70
C652,C655,15:04:25,0,-1,1,AB6335,0,2,30
C659,C656,15:04:25,0,-1,1,AB6353,0,2,50
C656,C654/2,15:05:27,0,-1,1,AB6353,0,2,50
C655,C657,15:05:37,0,-1,1,AB6335,0,2,50
C654/2,C653/2,15:07:08,0,-1,1,AB6353,0,2,70
C653/2,C692,15:08:54,0,-1,1,AB6353,0,2,86
C662,C664,15:09:56,0,-1,1,AB6335,0,2,30
C664,C666,15:10:16,0,-1,1,AB6335,0,2,10
C666,C677,15:10:37,0,-1,1,AB6335,0,2,10
C692,C689/1,15:10:37,0,-1,1,AB6353,0,2,20
C677,C667,15:11:00,0,-1,1,AB6335,0,2,11
C667,C676,15:11:33,0,-1,-1,AB6335,0,2,22
C676,C680,15:12:36,0,-1,-1,AB6335,0,2,52
T336/2,T335,15:12:56,0,-1,1,AC1786,0,2,20
C680,C669/1,15:13:07,0,-1,1,AB6335,0,2,21
T335,T338,15:14:00,0,-1,1,AC1786,0,2,11
C689/1,T360,15:14:20,0,-1,1,AB6353,0,2,157
C669/1,C693,15:14:31,0,-1,1,AB6335,0,2,63
T338,T326/3,15:15:32,0,-1,-1,AC1786,0,2,61
C693,C681,15:15:53,0,-1,-1,AB6335,0,2,72
T360,T376/1,15:16:15,0,-1,1,AB6353,0,2,62
T326/3,T332/2,15:16:25,0,-1,1,AC1786,0,2,42
T332/2,T325/2,15:18:15,0,-1,1,AC1786,0,2,67
C681,C695,15:18:15,0,-1,-1,AB6335,1,2,130
T376/1,T363/1,15:18:56,0,-1,2,AB6353,0,2,108
T325/2,T339/2,15:19:07,0,-1,1,AC1786,0,2,41
C695,C673,15:19:39,0,-1,-1,AB6335,0,2,74
C673,C672,15:20:24,0,-1,1,AB6335,0,2,33
T363/1,T306,15:21:38,0,-1,1,AB6353,0,2,83
T339/2,T313,15:21:58,0,-1,1,AC1786,0,2,138
C672,C670,15:22:29,0,-1,1,AB6335,0,2,104
T313,T315,15:23:11,0,-1,1,AC1786,0,2,20
T306,T314/2,15:23:11,0,-1,-1,AB6353,0,2,41
C670,C679,15:23:21,0,-1,1,AB6335,0,2,30
C679,C694,15:24:51,0,-1,-1,AB6335,0,2,75
T318,T319,15:25:11,0,-1,-1,AB6353,0,2,10
T315,T375,15:25:32,0,-1,1,AC1786,0,2,94
C694,C669/2,15:25:42,0,-1,-1,AB6335,0,2,41
T319,T320,15:26:13,0,-1,-1,AB6353,0,2,40
C669/2,C687,15:26:43,0,-1,1,AB6335,0,2,20
T375,T380,15:27:03,0,-1,1,AC1786,0,2,50
T320,T321/2,15:27:34,0,-1,-1,AB6353,0,2,10
T380,T379,15:27:54,0,-1,1,AC1786,0,2,10
C687,C675,15:27:54,0,-1,1,AB6335,0,2,60
C675,C678,15:28:46,0,-1,1,AB6335,1,2,41
T379,T359,15:29:06,0,-1,1,AC1786,0,2,31
T321/2,T323,15:29:06,0,-1,1,AB6353,0,2,42
C678,C665,15:29:17,0,-1,1,AB6335,0,2,20
T323,T324/2,15:29:48,0,-1,1,AB6353,0,2,10
T359,T355/1,15:30:29,0,-1,1,AC1786,0,2,72
C665,C661,15:30:29,0,-1,1,AB6335,1,2,62
C661,C659,15:31:09,0,-1,1,AB6335,0,2,30
T324/2,T327,15:31:20,0,-1,1,AB6353,0,2,60
C659,C656,15:32:22,0,-1,1,AB6335,0,2,30
T327,T326/1,15:32:22,0,-1,1,AB6353,0,2,30
C656,C654/2,15:33:36,0,-1,1,AB6335,0,2,53
T326/1,T337,15:33:46,0,-1,1,AB6353,0,2,73
T337,T336/2,15:34:49,0,-1,1,AB6353,0,2,31
C688/1,C691,15:35:54,0,-1,1,AC1786,0,2,43
C654/2,C653/2,15:35:54,0,-1,1,AB6335,0,2,118
C653/2,C692,15:37:47,0,-1,1,AB6335,0,2,102
C691,C652,15:37:58,0,-1,1,AC1786,0,2,91
C692,C689/1,15:38:44,0,-1,1,AB6335,0,2,10
C652,C655,15:39:14,0,-1,1,AC1786,0,2,41
C655,C657,15:40:21,0,-1,1,AC1786,0,2,45
C657,C660,15:41:37,0,-1,1,AC1786,0,2,40
C660,C662,15:42:07,0,-1,1,AC1786,0,2,20
C689/1,T360,15:42:19,0,-1,1,AB6335,0,2,174
T360,T376/1,15:43:22,0,-1,1,AB6335,0,2,32
C662,C667,15:43:53,0,-1,1,AC1786,3,2,93
C667,C676,15:44:27,0,-1,-1,AC1786,0,2,10
T376/1,T363/1,15:44:58,0,-1,1,AB6335,0,2,85
C676,C680,15:45:50,0,-1,-1,AC1786,0,2,62
C680,C669/1,15:46:46,0,-1,1,AC1786,0,2,24
T363/1,T306,15:47:07,0,-1,1,AB6335,0,2,98
T336/2,T335,15:47:42,0,-1,1,AB6353,0,2,10
T335,T338,15:48:03,0,-1,1,AB6353,0,2,10
T306,T314/2,15:48:34,0,-1,-1,AB6335,0,2,40
C669/1,C693,15:48:44,0,-1,1,AC1786,0,2,62
T338,T326/3,15:49:47,0,-1,-1,AB6353,0,2,63
C693,C681,15:49:57,0,-1,-1,AC1786,0,2,62
T326/3,T332/2,15:50:42,0,-1,1,AB6353,0,2,34
T318,T319,15:50:42,0,-1,-1,AB6335,0,2,11
C681,C671,15:51:02,0,-1,-1,AC1786,0,2,43
T332/2,T325/2,15:52:32,0,-1,1,AB6353,0,2,79
C671,C695,15:52:42,0,-1,-1,AC1786,0,2,89
T319,T320,15:52:42,0,-1,-1,AB6335,0,2,99
T325/2,T339/2,15:53:34,0,-1,2,AB6353,0,2,20
T320,T321/2,15:53:54,0,-1,-1,AB6335,0,2,10
C695,C673,15:54:37,0,-1,-1,AC1786,0,2,104
C673,C672,15:55:28,0,-1,1,AC1786,0,2,40
T321/2,T323,15:55:38,0,-1,1,AB6335,0,2,61
T339/2,T313,15:56:00,0,-1,2,AB6353,0,2,83
T323,T324/2,15:56:22,0,-1,1,AB6335,0,2,21
T313,T315,15:56:42,0,-1,2,AB6353,0,2,20
T324/2,T327,15:57:46,0,-1,1,AB6335,0,2,63
T327,T326/1,15:58:26,0,-1,1,AB6335,0,2,20
T315,T375,15:58:38,0,-1,1,AB6353,0,2,105
C672,C670,15:58:48,0,-1,1,AC1786,0,2,135
T375,T380,15:59:31,0,-1,1,AB6353,0,2,30
C670,C679,15:59:41,0,-1,1,AC1786,0,2,31
T326/1,T337,16:00:02,0,-1,1,AB6335,0,2,83
T337,T336/2,16:00:57,0,-1,-1,AB6335,0,2,30
C679,C694,16:01:09,0,-1,-1,AC1786,0,2,67
T379,T359,16:01:44,0,-1,-1,AB6353,0,2,57
C694,C669/2,16:02:26,0,-1,-1,AC1786,0,2,31
T359,T355/1,16:03:08,0,-1,-1,AB6353,0,2,52
C669/2,C687,16:03:19,0,-1,-1,AC1786,0,2,20
C687,C675,16:04:26,0,-1,-1,AC1786,0,2,56
C675,C668,16:05:07,0,-1,1,AC1786,0,2,21
C668,C678,16:05:48,0,-1,1,AC1786,0,2,10
C678,C665,16:06:50,0,-1,1,AC1786,0,2,21
C665,C663,16:07:22,0,-1,1,AC1786,0,2,21
C663,C661,16:07:55,0,-1,1,AC1786,0,2,21
C661,C659,16:08:36,0,-1,1,AC1786,0,2,30
C688/1,C691,16:09:07,0,-1,1,AB6353,0,2,30
C659,C656,16:09:58,0,-1,1,AC1786,0,2,40
C691,C652,16:11:24,0,-1,1,AB6353,0,2,51
C656,C654/2,16:11:24,0,-1,1,AC1786,0,2,41
C652,C655,16:13:08,0,-1,1,AB6353,0,2,82
C654/2,C653/2,16:13:38,0,-1,1,AC1786,0,2,102
C655,C657,16:14:46,0,-1,1,AB6353,0,2,46
C657,C662,16:16:38,0,-1,1,AB6353,1,2,68
C653/2,C689/1,16:16:38,0,-1,1,AC1786,1,2,168
C662,C664,16:17:31,0,-1,1,AB6353,0,2,32
C664,C666,16:18:29,0,-1,1,AB6353,0,2,26
C666,C677,16:18:59,0,-1,1,AB6353,0,2,20
C689/1,T360,16:19:50,0,-1,1,AC1786,0,2,107
C677,C667,16:20:10,0,-1,1,AB6353,0,2,20
T336/2,T335,16:20:20,0,-1,1,AB6335,0,2,10
C667,C676,16:20:33,0,-1,-1,AB6353,0,2,12
T335,T338,16:21:15,0,-1,1,AB6335,0,2,42
C676,C680,16:21:38,0,-1,-1,AB6353,0,2,55
C680,C669/1,16:22:34,0,-1,-1,AB6353,0,2,20
T338,T326/3,16:22:44,0,-1,-1,AB6335,0,2,50
T360,T376/1,16:22:55,0,-1,1,AC1786,0,2,141
T326/3,T332/2,16:23:37,0,-1,1,AB6335,0,2,20
C669/1,C681,16:25:24,0,-1,-1,AB6353,1,2,149
T376/1,T363/1,16:26:06,0,-1,1,AC1786,0,2,169
T332/2,T325/2,16:26:26,0,-1,1,AB6335,0,2,144
C681,C671,16:26:26,0,-1,-1,AB6353,0,2,52
T325/2,T339/2,16:27:49,0,-1,1,AB6335,0,2,51
C671,C695,16:28:00,0,-1,-1,AB6353,0,2,82
T363/1,T306,16:28:00,0,-1,1,AC1786,0,2,82
T306,T318,16:28:52,0,-1,-1,AC1786,1,2,42
T339/2,T313,16:29:33,0,-1,1,AB6335,0,2,61
C695,C673,16:30:06,0,-1,-1,AB6353,0,2,106
T313,T315,16:30:17,0,-1,1,AB6335,0,2,20
T318,T319,16:30:57,0,-1,-1,AC1786,0,2,61
C673,C672,16:31:18,0,-1,1,AB6353,0,2,61
T319,T320,16:31:49,0,-1,-1,AC1786,0,2,31
T315,T375,16:31:59,0,-1,1,AB6335,0,2,92
T375,T380,16:33:04,0,-1,1,AB6335,0,2,22
T380,T379,16:33:37,0,-1,1,AB6335,0,2,12
C672,C670,16:33:37,0,-1,1,AB6353,0,2,97
T320,T321/2,16:33:37,0,-1,-1,AC1786,0,2,12
C670,C679,16:34:19,0,-1,1,AB6353,0,2,21
T379,T359,16:34:30,0,-1,1,AB6335,0,2,32
T321/2,T323,16:35:20,0,-1,1,AC1786,0,2,30
T359,T355/1,16:35:46,0,-1,1,AB6335,0,2,66
C679,C694,16:36:18,0,-1,-1,AB6353,0,2,68
C694,C669/2,16:37:10,0,-1,-1,AB6353,0,2,41
C669/2,C687,16:38:16,0,-1,1,AB6353,0,2,30
T324/2,T327,16:38:26,0,-1,1,AC1786,0,2,86
C687,C675,16:39:46,0,-1,1,AB6353,0,2,59
C675,C668,16:40:07,0,-1,1,AB6353,0,2,10
C668,C665,16:41:06,0,-1,1,AB6353,1,2,47
T327,T337,16:41:06,0,-1,1,AC1786,1,2,129
C665,C663,16:41:28,0,-1,1,AB6353,0,2,11
T337,T336/2,16:42:01,0,-1,1,AC1786,0,2,22
C663,C661,16:42:11,0,-1,1,AB6353,0,2,32
C661,C659,16:42:45,0,-1,1,AB6353,0,2,21
C688/1,C691,16:43:07,0,-1,1,AB6335,0,2,87
C659,C656,16:44:50,0,-1,1,AB6353,0,2,51
C691,C652,16:45:00,0,-1,1,AB6335,0,2,92
C652,C655,16:46:09,0,-1,1,AB6335,0,2,35
C656,C654/2,16:46:33,0,-1,1,AB6353,0,2,43
C655,C657,16:47:35,0,-1,1,AB6335,0,2,52
C654/2,C653/2,16:47:55,0,-1,1,AB6353,0,2,50
C657,C660,16:48:26,0,-1,1,AB6335,0,2,40
C653/2,C692,16:49:40,0,-1,1,AB6353,0,2,74
C660,C664,16:50:10,0,-1,1,AB6335,1,2,71
C664,C666,16:50:34,0,-1,1,AB6335,0,2,10
C666,C677,16:51:06,0,-1,1,AB6335,0,2,21
C677,C667,16:51:38,0,-1,1,AB6335,0,2,21
C692,C689/1,16:52:05,0,-1,1,AB6353,0,2,59
C667,C676,16:52:17,0,-1,-1,AB6335,0,2,22
C676,C680,16:53:45,0,-1,-1,AB6335,0,2,59
C680,C669/1,16:55:01,0,-1,1,AB6335,0,2,43
C689/1,T360,16:55:22,0,-1,1,AB6353,0,2,145
C669/1,C693,16:56:41,0,-1,1,AB6335,0,2,68
T336/2,T335,16:57:57,0,-1,1,AC1786,0,2,31
T360,T376/1,16:58:09,0,-1,1,AB6353,0,2,120
C693,C681,16:58:20,0,-1,-1,AB6335,0,2,88
T335,T338,16:58:52,0,-1,1,AC1786,0,2,10
C681,C671,16:59:33,0,-1,-1,AB6335,0,2,50
T338,T326/3,17:00:13,0,-1,-1,AC1786,0,2,50
C671,C695,17:01:15,0,-1,-1,AB6335,0,2,92
T376/1,T363/1,17:01:26,0,-1,1,AB6353,0,2,185
T326/3,T332/2,17:01:37,0,-1,2,AC1786,0,2,41
C695,C673,17:03:29,0,-1,-1,AB6335,0,2,101
T363/1,T306,17:03:29,0,-1,1,AB6353,0,2,61
T332/2,T325/2,17:03:40,0,-1,2,AC1786,0,2,82
T306,T314/2,17:04:12,0,-1,-1,AB6353,0,2,31
T325/2,T339/2,17:04:22,0,-1,1,AC1786,0,2,31
C673,C672,17:04:34,0,-1,1,AB6335,0,2,32
T318,T319,17:06:48,0,-1,-1,AB6353,0,2,103
T339/2,T313,17:07:32,0,-1,1,AC1786,0,2,105
C672,C670,17:07:32,0,-1,1,AB6335,0,2,116
T319,T320,17:07:32,0,-1,-1,AB6353,0,2,34
C670,C679,17:08:34,0,-1,1,AB6335,0,2,41
T313,T315,17:08:54,0,-1,1,AC1786,0,2,20
T320,T321/2,17:09:16,0,-1,-1,AB6353,0,2,21
T315,T375,17:10:26,0,-1,1,AC1786,0,2,80
C679,C694,17:10:26,0,-1,-1,AB6335,0,2,102
T321/2,T323,17:10:57,0,-1,1,AB6353,0,2,50
C694,C669/2,17:11:27,0,-1,-1,AB6335,0,2,40
T375,T380,17:12:07,0,-1,1,AC1786,0,2,30
T323,T324/2,17:12:28,0,-1,1,AB6353,0,2,20
C669/2,C687,17:12:38,0,-1,1,AB6335,0,2,30
T380,T379,17:12:48,0,-1,1,AC1786,0,2,10
T379,T359,17:13:49,0,-1,1,AC1786,0,2,10
T324/2,T327,17:14:19,0,-1,1,AB6353,0,2,60
C687,C675,17:14:29,0,-1,1,AB6335,0,2,81
C675,C668,17:15:10,0,-1,1,AB6335,0,2,30
T359,T355/1,17:15:20,0,-1,1,AC1786,0,2,60
T327,T326/1,17:15:34,0,-1,1,AB6353,0,2,24
C668,C678,17:16:14,0,-1,1,AB6335,0,2,20
C678,C665,17:16:55,0,-1,1,AB6335,0,2,30
T326/1,T337,17:17:05,0,-1,1,AB6353,0,2,60
C665,C663,17:17:25,0,-1,1,AB6335,0,2,20
C663,C661,17:18:06,0,-1,1,AB6335,0,2,30
T337,T336/2,17:18:06,0,-1,1,AB6353,0,2,30
C661,C659,17:18:47,0,-1,1,AB6335,0,2,31
C659,C656,17:20:39,0,-1,1,AB6335,0,2,50
C656,C654/2,17:21:39,0,-1,1,AB6335,0,2,50
C688/1,C691,17:22:10,0,-1,1,AC1786,0,2,40
C691,C652,17:23:55,0,-1,1,AC1786,0,2,50
C654/2,C653/2,17:24:36,0,-1,1,AB6335,0,2,111
C652,C655,17:25:16,0,-1,1,AC1786,0,2,30
C655,C657,17:26:37,0,-1,1,AC1786,0,2,40
C653/2,C692,17:26:37,0,-1,1,AB6335,0,2,111
C692,C689/1,17:27:38,0,-1,1,AB6335,0,2,10
C657,C660,17:27:48,0,-1,1,AC1786,0,2,60
C660,C662,17:28:18,0,-1,1,AC1786,0,2,20
C662,C664,17:29:29,0,-1,1,AC1786,0,2,30
C664,C666,17:29:59,0,-1,1,AC1786,0,2,20
C689/1,T360,17:30:40,0,-1,1,AB6335,0,2,121
C666,C667,17:30:50,0,-1,-1,AC1786,1,2,40
T336/2,T335,17:31:00,0,-1,1,AB6353,0,2,30
T335,T338,17:31:54,0,-1,1,AB6353,0,2,20
C667,C680,17:32:24,0,-1,-1,AC1786,1,2,84
T360,T376/1,17:33:05,0,-1,1,AB6335,0,2,90
C680,C669/1,17:33:25,0,-1,1,AC1786,0,2,20
T338,T326/3,17:34:22,0,-1,-1,AB6353,0,2,107
C669/1,C693,17:34:53,0,-1,1,AC1786,0,2,51
T376/1,T363/1,17:35:17,0,-1,1,AB6335,0,2,122
T326/3,T332/2,17:35:58,0,-1,1,AB6353,0,2,75
C693,C681,17:36:09,0,-1,-1,AC1786,0,2,51
T363/1,T306,17:37:35,0,-1,1,AB6335,0,2,106
T332/2,T325/2,17:38:05,0,-1,1,AB6353,0,2,82
C681,C695,17:38:26,0,-1,-1,AC1786,1,2,112
T306,T314/2,17:38:26,0,-1,-1,AB6335,0,2,40
T325/2,T339/2,17:39:06,0,-1,1,AB6353,0,2,20
C695,C673,17:40:27,0,-1,-1,AC1786,0,2,90
T314/2,T318,17:40:47,0,-1,-1,AB6335,0,2,20
C673,C672,17:41:07,0,-1,-1,AC1786,0,2,30
T339/2,T313,17:41:39,0,-1,-1,AB6353,0,2,102
T313,T315,17:42:29,0,-1,-1,AB6353,0,2,20
T319,T320,17:42:39,0,-1,-1,AB6335,0,2,40
T320,T321/2,17:43:42,0,-1,-1,AB6335,0,2,10
T315,T375,17:43:52,0,-1,-1,AB6353,0,2,72
C672,C670,17:43:52,0,-1,-1,AC1786,0,2,123
C670,C679,17:44:57,0,-1,-1,AC1786,0,2,30
T321/2,T323,17:44:57,0,-1,-1,AB6335,0,2,20
T323,T324/2,17:45:38,0,-1,1,AB6335,0,2,10
T375,T380,17:45:48,0,-1,1,AB6353,0,2,71
T380,T379,17:46:34,0,-1,1,AB6353,0,2,25
C679,C694,17:46:55,0,-1,-1,AC1786,0,2,76
T324/2,T327,17:47:35,0,-1,1,AB6335,0,2,76
C694,C669/2,17:47:46,0,-1,-1,AC1786,0,2,40
T379,T355/1,17:48:21,0,-1,1,AB6353,1,2,96
T327,T326/1,17:48:32,0,-1,1,AB6335,0,2,35
C669/2,C687,17:49:02,0,-1,1,AC1786,0,2,40
T326/1,T337,17:50:17,0,-1,1,AB6335,0,2,95
C687,C675,17:50:37,0,-1,1,AC1786,0,2,50
T337,T336/2,17:51:29,0,-1,1,AB6335,0,2,41
C675,C668,17:51:50,0,-1,1,AC1786,0,2,10
C678,C665,17:53:35,0,-1,1,AC1786,0,2,50
C688/1,C691,17:54:33,0,-1,1,AB6353,0,2,33
C663,C661,17:54:54,0,-1,1,AC1786,0,2,20
C661,C659,17:55:46,0,-1,1,AC1786,0,2,41
C691,C652,17:57:08,0,-1,1,AB6353,0,2,113
C659,C656,17:57:38,0,-1,1,AC1786,0,2,61
C652,C655,17:58:08,0,-1,1,AB6353,0,2,30
C656,C654/2,17:58:39,0,-1,1,AC1786,0,2,50
C655,C657,17:59:19,0,-1,1,AB6353,0,2,50
C657,C660,18:00:10,0,-1,1,AB6353,0,2,40
C660,C662,18:00:34,0,-1,1,AB6353,0,2,14
C654/2,C653/2,18:01:25,0,-1,1,AC1786,0,2,135
C662,C677,18:01:56,0,-1,1,AB6353,2,2,71
C677,C667,18:02:47,0,-1,-1,AB6353,0,2,10
C667,C676,18:03:07,0,-1,-1,AB6353,0,2,10
C653/2,C692,18:03:07,0,-1,1,AC1786,0,2,91
C676,C680,18:04:08,0,-1,-1,AB6353,0,2,50
C680,C669/1,18:04:59,0,-1,1,AB6353,0,2,20
C692,C689/1,18:04:59,0,-1,1,AC1786,0,2,40
T336/2,T335,18:05:29,0,-1,1,AB6335,0,2,10
T335,T338,18:06:19,0,-1,1,AB6335,0,2,30
C669/1,C693,18:06:30,0,-1,1,AB6353,0,2,50
C693,C681,18:07:44,0,-1,-1,AB6353,0,2,64
C681,C671,18:08:34,0,-1,-1,AB6353,0,2,40
T338,T326/3,18:08:55,0,-1,-1,AB6335,0,2,134
C671,C695,18:10:06,0,-1,-1,AB6353,0,2,81
T326/3,T332/2,18:10:56,0,-1,1,AB6335,0,2,80
T360,T376/1,18:11:26,0,-1,1,AC1786,0,2,101
C695,C672,18:12:57,0,-1,1,AB6353,1,2,141
T332/2,T325/2,18:13:08,0,-1,1,AB6335,0,2,121
T325/2,T339/2,18:14:18,0,-1,1,AB6335,0,2,30
T376/1,T363/1,18:15:33,0,-1,1,AC1786,0,2,155
C672,C670,18:15:43,0,-1,1,AB6353,0,2,125
T339/2,T313,18:16:34,0,-1,1,AB6335,0,2,80
C670,C679,18:16:44,0,-1,1,AB6353,0,2,30
T313,T315,18:17:44,0,-1,1,AB6335,0,2,10
C679,C694,18:18:34,0,-1,-1,AB6353,0,2,70
T363/1,T306,18:19:15,0,-1,1,AC1786,0,2,91
T315,T375,18:19:35,0,-1,1,AB6335,0,2,91
C694,C669/2,18:19:45,0,-1,-1,AB6353,0,2,40
C669/2,C687,18:20:26,0,-1,-1,AB6353,0,2,20
T306,T314/2,18:20:46,0,-1,-1,AC1786,0,2,40
C687,C675,18:21:36,0,-1,1,AB6353,0,2,60
T375,T380,18:21:57,0,-1,1,AB6335,0,2,80
C675,C668,18:21:57,0,-1,1,AB6353,0,2,10
T380,T379,18:22:57,0,-1,1,AB6335,0,2,20
C668,C663,18:23:07,0,-1,1,AB6353,2,2,60
T318,T319,18:23:58,0,-1,-1,AC1786,0,2,60
C663,C661,18:24:08,0,-1,1,AB6353,0,2,30
C661,C659,18:24:39,0,-1,1,AB6353,0,2,20
T379,T355/1,18:25:19,0,-1,1,AB6335,1,2,101
C659,C656,18:25:39,0,-1,1,AB6353,0,2,40
T319,T320,18:25:49,0,-1,-1,AC1786,0,2,60
C656,C654/2,18:26:47,0,-1,1,AB6353,0,2,47
C654/2,C653/2,18:28:08,0,-1,1,AB6353,0,2,60
T321/2,T323,18:28:18,0,-1,1,AC1786,0,2,30
T323,T324/2,18:29:29,0,-1,1,AC1786,0,2,10
C653/2,C692,18:29:49,0,-1,1,AB6353,0,2,91
C692,C689/1,18:31:13,0,-1,1,AB6353,0,2,40
T324/2,T327,18:31:23,0,-1,1,AC1786,0,2,73
C688/1,C691,18:32:34,0,-1,1,AB6335,0,2,70
T327,T326/1,18:32:34,0,-1,1,AC1786,0,2,30
T326/1,T337,18:34:05,0,-1,1,AC1786,0,2,70
T337,T336/2,18:34:46,0,-1,1,AC1786,0,2,30
C691,C652,18:34:56,0,-1,1,AB6335,0,2,101
C652,C655,18:36:08,0,-1,1,AB6335,0,2,30
T360,T376/1,18:37:18,0,-1,1,AB6353,0,2,101
C655,C657,18:37:39,0,-1,1,AB6335,0,2,60
C657,C660,18:38:49,0,-1,1,AB6335,0,2,40
C660,C662,18:39:44,0,-1,1,AB6335,0,2,24
T376/1,T363/1,18:39:44,0,-1,2,AB6353,0,2,74
C662,C664,18:40:24,0,-1,1,AB6335,0,2,30
C664,C666,18:40:55,0,-1,1,AB6335,0,2,20
C666,C677,18:41:15,0,-1,1,AB6335,0,2,10
T336/2,T335,18:41:55,0,-1,1,AC1786,0,2,70
C677,C667,18:41:55,0,-1,1,AB6335,0,2,30
C667,C676,18:42:16,0,-1,-1,AB6335,0,2,10
T335,T338,18:42:56,0,-1,1,AC1786,0,2,10
C676,C680,18:43:37,0,-1,-1,AB6335,0,2,70
T363/1,T306,18:43:47,0,-1,1,AB6353,0,2,192
C680,C669/1,18:44:27,0,-1,-1,AB6335,0,2,20
T306,T314/2,18:44:47,0,-1,-1,AB6353,0,2,40
T338,T326/3,18:45:58,0,-1,-1,AC1786,0,2,131
C669/1,C693,18:45:58,0,-1,1,AB6335,0,2,70
T314/2,T318,18:46:08,0,-1,-1,AB6353,0,2,10
T326/3,T332/2,18:47:29,0,-1,1,AC1786,0,2,70
C693,C681,18:47:39,0,-1,-1,AB6335,0,2,91
T319,T320,18:47:50,0,-1,-1,AB6353,0,2,60
C681,C671,18:48:43,0,-1,-1,AB6335,0,2,53
T320,T321/2,18:49:03,0,-1,-1,AB6353,0,2,10
C671,C695,18:50:34,0,-1,-1,AB6335,0,2,101
T321/2,T323,18:50:34,0,-1,1,AB6353,0,2,40
T323,T324/2,18:51:35,0,-1,1,AB6353,0,2,10
T324/2,T327,18:52:46,0,-1,1,AB6353,0,2,60
T325/2,T339/2,18:53:27,0,-1,2,AC1786,0,2,50
C695,C672,18:53:27,0,-1,1,AB6335,1,2,141
T327,T326/1,18:53:37,0,-1,1,AB6353,0,2,30
T326/1,T337,18:55:08,0,-1,1,AB6353,0,2,80
T339/2,T313,18:55:48,0,-1,1,AC1786,0,2,111
C672,C670,18:55:58,0,-1,1,AB6335,0,2,131
T337,T336/2,18:56:08,0,-1,1,AB6353,0,2,20
C670,C679,18:56:59,0,-1,1,AB6335,0,2,40
T313,T315,18:57:09,0,-1,1,AC1786,0,2,20
T315,T375,18:58:32,0,-1,1,AC1786,0,2,72
C679,C694,18:58:32,0,-1,-1,AB6335,0,2,82
C694,C669/2,18:59:53,0,-1,-1,AB6335,0,2,40
C669/2,C687,19:01:14,0,-1,-1,AB6335,0,2,30
T375,T380,19:02:04,0,-1,1,AC1786,0,2,40
C687,C675,19:02:35,0,-1,1,AB6335,0,2,70
T380,T379,19:02:55,0,-1,1,AC1786,0,2,20
C675,C668,19:03:15,0,-1,1,AB6335,0,2,20
C668,C678,19:03:36,0,-1,1,AB6335,0,2,10
T379,T359,19:03:46,0,-1,1,AC1786,0,2,20
C678,C665,19:04:16,0,-1,1,AB6335,0,2,30
C665,C663,19:04:36,0,-1,1,AB6335,0,2,10
T359,T355/1,19:05:07,0,-1,1,AC1786,0,2,70
C663,C661,19:05:27,0,-1,1,AB6335,0,2,30
C661,C659,19:05:57,0,-1,1,AB6335,0,2,20
C659,C656,19:07:18,0,-1,1,AB6335,0,2,40
C656,C654/2,19:08:19,0,-1,1,AB6335,0,2,40
C654/2,C653/2,19:10:00,0,-1,1,AB6335,0,2,70
C688/1,C691,19:11:03,0,-1,1,AC1786,0,2,20
C653/2,C692,19:12:04,0,-1,1,AB6335,0,2,113
C691,C652,19:13:15,0,-1,1,AC1786,0,2,80
C692,C689/1,19:14:05,0,-1,1,AB6335,0,2,70
C652,C655,19:14:25,0,-1,1,AC1786,0,2,30
C655,C657,19:15:16,0,-1,1,AC1786,0,2,40
T336/2,T335,19:15:56,0,-1,1,AB6353,0,2,20
C657,C660,19:16:07,0,-1,1,AC1786,0,2,40
T335,T338,19:16:27,0,-1,1,AB6353,0,2,10
C660,C664,19:17:07,0,-1,1,AC1786,1,2,50
C689/1,T360,19:17:07,0,-1,1,AB6335,0,2,151
T338,T326/3,19:17:38,0,-1,-1,AB6353,0,2,60
T360,T376/1,19:17:58,0,-1,1,AB6335,0,2,20
C664,C667,19:18:28,0,-1,1,AC1786,2,2,70
T326/3,T332/2,19:18:38,0,-1,2,AB6353,0,2,40
C667,C676,19:19:09,0,-1,-1,AC1786,0,2,10
C676,C680,19:20:19,0,-1,-1,AC1786,0,2,60
T376/1,T363/1,19:21:00,0,-1,2,AB6335,0,2,161
C680,C669/1,19:21:20,0,-1,1,AC1786,0,2,30
C669/1,C693,19:22:32,0,-1,1,AC1786,0,2,50
T363/1,T306,19:23:33,0,-1,2,AB6335,0,2,111
T325/2,T339/2,19:23:43,0,-1,2,AB6353,0,2,20
T306,T314/2,19:24:34,0,-1,-1,AB6335,0,2,40
C693,C671,19:25:04,0,-1,-1,AC1786,1,2,121
T314/2,T318,19:25:14,0,-1,-1,AB6335,0,2,10
T339/2,T313,19:25:56,0,-1,1,AB6353,0,2,112
T313,T315,19:26:26,0,-1,2,AB6353,0,2,20
T318,T319,19:26:26,0,-1,-1,AB6335,0,2,61
C671,C695,19:26:36,0,-1,-1,AC1786,0,2,81
C695,C673,19:28:07,0,-1,-1,AC1786,0,2,80
T319,T320,19:28:07,0,-1,-1,AB6335,0,2,40
T315,T375,19:28:38,0,-1,1,AB6353,0,2,111
C673,C672,19:28:38,0,-1,1,AC1786,0,2,20
T320,T321/2,19:28:58,0,-1,-1,AB6335,0,2,10
T375,T380,19:29:59,0,-1,1,AB6353,0,2,20
T321/2,T323,19:30:39,0,-1,1,AB6335,0,2,50
T380,T379,19:30:59,0,-1,1,AB6353,0,2,10
T323,T324/2,19:31:09,0,-1,1,AB6335,0,2,10
C672,C670,19:31:20,0,-1,1,AC1786,0,2,101
T379,T359,19:32:22,0,-1,1,AB6353,0,2,72
T324/2,T327,19:32:32,0,-1,1,AB6335,0,2,60
C670,C679,19:32:53,0,-1,1,AC1786,0,2,40
T327,T326/1,19:33:03,0,-1,1,AB6335,0,2,20
T359,T355/1,19:33:34,0,-1,1,AB6353,0,2,51
T326/1,T337,19:34:20,0,-1,1,AB6335,0,2,56
C679,C694,19:34:30,0,-1,-1,AC1786,0,2,86
T337,T336/2,19:34:50,0,-1,1,AB6335,0,2,20
C694,C669/2,19:35:10,0,-1,-1,AC1786,0,2,30
C688/1,C691,19:38:58,0,-1,1,AB6353,0,2,20
C691,C652,19:41:34,0,-1,1,AB6353,0,2,105
C675,C678,19:41:44,0,-1,1,AC1786,1,2,34
C652,C655,19:42:25,0,-1,1,AB6353,0,2,30
C678,C665,19:42:25,0,-1,1,AC1786,0,2,30
C665,C663,19:42:45,0,-1,1,AC1786,0,2,10
C663,C661,19:43:25,0,-1,1,AC1786,0,2,30
C655,C657,19:43:36,0,-1,1,AB6353,0,2,40
C661,C659,19:44:16,0,-1,1,AC1786,0,2,40
C657,C662,19:45:34,0,-1,1,AB6353,1,2,88
C662,C664,19:46:04,0,-1,1,AB6353,0,2,20
C659,C654/2,19:46:15,0,-1,1,AC1786,1,2,88
C664,C677,19:46:45,0,-1,1,AB6353,1,2,30
C677,C667,19:47:15,0,-1,1,AB6353,0,2,20
C667,C676,19:47:46,0,-1,-1,AB6353,0,2,20
C654/2,C653/2,19:48:06,0,-1,1,AC1786,0,2,60
C676,C680,19:48:36,0,-1,-1,AB6353,0,2,40
C680,C669/1,19:49:17,0,-1,1,AB6353,0,2,30
C653/2,C692,19:49:27,0,-1,1,AC1786,0,2,40
C669/1,C693,19:50:48,0,-1,1,AB6353,0,2,40
C692,C689/1,19:51:08,0,-1,1,AC1786,0,2,70
C693,C681,19:52:09,0,-1,-1,AB6353,0,2,70
C681,C671,19:52:59,0,-1,-1,AB6353,0,2,40
C689/1,T360,19:54:10,0,-1,1,AC1786,0,2,141
C671,C695,19:54:20,0,-1,-1,AB6353,0,2,70
T360,T376/1,19:55:10,0,-1,1,AC1786,0,2,20
C695,C672,19:56:25,0,-1,3,AB6353,1,2,114
T376/1,T363/1,19:57:25,0,-1,1,AC1786,0,2,101
C672,C670,19:58:26,0,-1,3,AB6353,0,2,101
C670,C679,19:59:27,0,-1,3,AB6353,0,2,30
T363/1,T306,19:59:37,0,-1,1,AC1786,0,2,80
T306,T314/2,20:00:27,0,-1,-1,AC1786,0,2,40
C679,C694,20:01:18,0,-1,-1,AB6353,0,2,80
C694,C669/2,20:01:58,0,-1,-1,AB6353,0,2,20
T318,T319,20:02:09,0,-1,-1,AC1786,0,2,50
C669/2,C687,20:02:53,0,-1,-1,AB6353,0,2,24
T319,T320,20:03:03,0,-1,-1,AC1786,0,2,34
T320,T321/2,20:03:43,0,-1,-1,AC1786,0,2,10
C687,C675,20:04:34,0,-1,1,AB6353,0,2,60
T321/2,T323,20:04:44,0,-1,1,AC1786,0,2,20
C675,C668,20:05:25,0,-1,1,AB6353,0,2,20
T323,T324/2,20:05:36,0,-1,1,AC1786,0,2,21
C668,C678,20:06:07,0,-1,1,AB6353,0,2,10
T324/2,T327,20:06:47,0,-1,1,AC1786,0,2,40
C678,C663,20:06:57,0,-1,1,AB6353,1,2,40
C663,C659,20:07:58,0,-1,1,AB6353,1,2,50
C659,C656,20:08:48,0,-1,1,AB6353,0,2,30
T327,T337,20:08:48,0,-1,1,AC1786,1,2,111
C656,C654/2,20:09:49,0,-1,1,AB6353,0,2,50
T337,T336/2,20:09:49,0,-1,1,AC1786,0,2,30
C654/2,C653/2,20:11:00,0,-1,1,AB6353,0,2,40
C653/2,C692,20:12:32,0,-1,1,AB6353,0,2,71
C692,C689/1,20:13:44,0,-1,1,AB6353,0,2,21
C689/1,T360,20:17:26,0,-1,1,AB6353,0,2,192
T360,T363/1,20:21:08,0,-1,1,AB6353,1,2,181
T306,T314/2,20:23:10,0,-1,-1,AB6353,0,2,30
T318,T319,20:24:25,0,-1,-1,AB6353,0,2,41
T319,T320,20:25:16,0,-1,-1,AB6353,0,2,40
T320,T321/2,20:26:06,0,-1,-1,AB6353,0,2,20
T321/2,T323,20:27:07,0,-1,1,AB6353,0,2,30
T323,T324/2,20:27:47,0,-1,1,AB6353,0,2,10
T324/2,T327,20:29:28,0,-1,1,AB6353,0,2,70
T327,T326/1,20:30:49,0,-1,1,AB6353,0,2,50
T326/1,T337,20:32:11,0,-1,1,AB6353,0,2,61
T337,T336/2,20:33:44,0,-1,1,AB6353,0,2,32
T336/2,T335,5:30:49,1,-1,1,AB6353,0,1,20
T335,T338,5:31:09,1,-1,1,AB6353,0,1,10
T338,T326/3,5:32:20,1,-1,-1,AB6353,0,1,60
T326/3,T332/2,5:33:04,1,-1,1,AB6353,0,1,30
T332/2,T325/2,5:34:35,1,-1,1,AB6353,0,1,50
T325/2,T339/2,5:35:25,1,-1,1,AB6353,0,1,20
T339/2,T313,5:36:36,1,-1,1,AB6353,0,1,40
T313,T315,5:37:47,1,-1,1,AB6353,0,1,20
T315,T375,5:38:47,1,-1,1,AB6353,0,1,50
T375,T380,5:39:38,1,-1,1,AB6353,0,1,30
T380,T379,5:40:18,1,-1,1,AB6353,0,1,20
T379,T359,5:40:59,1,-1,1,AB6353,0,1,20
T359,T355/1,5:41:59,1,-1,-1,AB6353,0,1,50
T355/1,C688/1,5:45:45,1,-1,-1,AB6353,0,1,194
C688/1,C691,5:47:36,1,-1,-1,AB6353,0,1,70
C691,C652,5:49:37,1,-1,-1,AB6353,0,1,80
C655,C657,5:51:38,1,-1,-1,AB6353,0,1,50
C657,C660,5:52:19,1,-1,-1,AB6353,0,1,30
C660,C662,5:53:09,1,-1,-1,AB6353,0,1,20
C662,C666,5:54:16,1,-1,-1,AB6353,1,1,56
C666,C677,5:54:56,1,-1,-1,AB6353,0,1,30
C677,C667,5:55:57,1,-1,-1,AB6353,0,1,30
C667,C680,5:57:38,1,-1,-1,AB6353,1,1,80
C680,C669/1,5:58:59,1,-1,-1,AB6353,0,1,50
C669/1,C693,6:00:19,1,-1,-1,AB6353,0,1,60
C693,C681,6:02:04,1,-1,-1,AB6353,0,1,74
C681,C671,6:02:55,1,-1,-1,AB6353,0,1,40
C671,C695,6:04:36,1,-1,-1,AB6353,0,1,80
T336/2,T335,6:05:47,1,-1,1,AB6335,0,1,20
T335,T338,6:06:07,1,-1,1,AB6335,0,1,10
C695,C673,6:06:37,1,-1,-1,AB6353,0,1,80
T338,T326/3,6:07:38,1,-1,-1,AB6335,0,1,60
T326/3,T332/2,6:08:49,1,-1,1,AB6335,0,1,30
T332/2,T325/2,6:10:20,1,-1,1,AB6335,0,1,40
C673,C672,6:10:50,1,-1,-1,AB6353,0,1,30
T325/2,T339/2,6:11:20,1,-1,1,AB6335,0,1,20
T339/2,T313,6:12:15,1,-1,1,AB6335,0,1,40
T313,T315,6:13:05,1,-1,1,AB6335,0,1,10
C672,C670,6:13:36,1,-1,-1,AB6353,0,1,121
C670,C679,6:14:26,1,-1,-1,AB6353,0,1,30
T315,T375,6:14:57,1,-1,1,AB6335,0,1,70
T375,T380,6:15:37,1,-1,1,AB6335,0,1,10
C679,C694,6:16:07,1,-1,-1,AB6353,0,1,80
T380,T379,6:16:38,1,-1,1,AB6335,0,1,20
C694,C669/2,6:16:58,1,-1,-1,AB6353,0,1,40
T379,T359,6:17:59,1,-1,1,AB6335,0,1,60
T359,T355/1,6:19:09,1,-1,1,AB6335,0,1,60
C669/2,C678,6:20:00,1,-1,-1,AB6353,3,1,151
C678,C665,6:20:33,1,-1,-1,AB6353,0,1,22
C665,C663,6:20:53,1,-1,-1,AB6353,0,1,10
C663,C661,6:21:33,1,-1,-1,AB6353,0,1,30
C661,C659,6:22:04,1,-1,1,AB6353,0,1,20
C659,C656,6:22:54,1,-1,1,AB6353,0,1,40
C656,C654/2,6:24:25,1,-1,1,AB6353,0,1,50
C654/2,C653/2,6:25:26,1,-1,1,AB6353,0,1,40
C688/1,C691,6:25:56,1,-1,1,AB6335,0,1,80
C653/2,C692,6:26:26,1,-1,1,AB6353,0,1,50
C692,C689/1,6:28:08,1,-1,1,AB6353,0,1,70
C691,C652,6:28:58,1,-1,1,AB6335,0,1,111
C652,C655,6:30:19,1,-1,1,AB6335,0,1,40
C689/1,T360,6:30:39,1,-1,1,AB6353,0,1,101
C655,C657,6:31:34,1,-1,1,AB6335,0,1,44
C657,C660,6:32:45,1,-1,-1,AB6335,0,1,40
C660,C662,6:33:15,1,-1,-1,AB6335,0,1,20
T360,T363/1,6:33:36,1,-1,1,AB6353,1,1,156
C662,C664,6:34:06,1,-1,-1,AB6335,0,1,20
T363/1,T306,6:34:36,1,-1,1,AB6353,0,1,30
C664,C666,6:34:56,1,-1,-1,AB6335,0,1,20
C666,C677,6:35:37,1,-1,-1,AB6335,0,1,30
T306,T318,6:35:37,1,-1,-1,AB6353,1,1,40
T318,T319,6:36:38,1,-1,-1,AB6353,0,1,50
C677,C676,6:36:48,1,-1,-1,AB6335,1,1,40
T319,T320,6:37:18,1,-1,-1,AB6353,0,1,30
C676,C680,6:37:58,1,-1,-1,AB6335,0,1,60
T320,T321/2,6:37:58,1,-1,-1,AB6353,0,1,10
T321/2,T323,6:38:39,1,-1,1,AB6353,0,1,10
C680,C669/1,6:39:19,1,-1,1,AB6335,0,1,50
T324/2,T327,6:40:20,1,-1,1,AB6353,0,1,50
C669/1,C693,6:40:33,1,-1,-1,AB6335,0,1,53
T336/2,T335,6:40:43,1,-1,1,AB5996,0,1,33
T335,T338,6:41:14,1,-1,1,AB5996,0,1,10
T327,T326/1,6:41:14,1,-1,1,AB6353,0,1,30
C693,C681,6:41:54,1,-1,-1,AB6335,0,1,70
T338,T326/3,6:42:15,1,-1,-1,AB5996,0,1,50
T326/3,T332/2,6:43:16,1,-1,1,AB5996,0,1,40
C681,C671,6:43:16,1,-1,-1,AB6335,0,1,51
C671,C695,6:44:37,1,-1,-1,AB6335,0,1,70
T332/2,T325/2,6:44:47,1,-1,1,AB5996,0,1,50
T325/2,T339/2,6:45:07,1,-1,1,AB5996,0,1,10
T339/2,T313,6:46:18,1,-1,1,AB5996,0,1,40
T313,T315,6:46:48,1,-1,1,AB5996,0,1,10
C695,C672,6:47:29,1,-1,-1,AB6335,1,1,141
T315,T375,6:48:29,1,-1,1,AB5996,0,1,70
T375,T380,6:49:20,1,-1,1,AB5996,0,1,30
T380,T379,6:49:50,1,-1,1,AB5996,0,1,10
C672,C670,6:49:50,1,-1,-1,AB6335,0,1,121
T379,T359,6:50:21,1,-1,1,AB5996,0,1,10
C670,C679,6:50:32,1,-1,-1,AB6335,0,1,31
T359,T355/1,6:51:13,1,-1,1,AB5996,0,1,40
C679,C694,6:52:23,1,-1,-1,AB6335,0,1,80
C694,C669/2,6:53:04,1,-1,-1,AB6335,0,1,30
C669/2,C687,6:53:54,1,-1,1,AB6335,0,1,30
C687,C675,6:55:36,1,-1,-1,AB6335,0,1,60
C675,C668,6:55:56,1,-1,1,AB6335,0,1,10
C668,C678,6:56:16,1,-1,1,AB6335,0,1,10
T337,T336/2,6:56:36,1,-1,1,AB6353,0,1,30
C688/1,C691,6:56:57,1,-1,1,AB5996,0,1,80
C678,C663,6:57:17,1,-1,1,AB6335,1,1,50
C691,C652,6:58:07,1,-1,1,AB5996,0,1,40
C663,C661,6:58:07,1,-1,1,AB6335,0,1,30
C652,C655,6:58:58,1,-1,1,AB5996,0,1,30
C661,C659,6:59:08,1,-1,1,AB6335,0,1,30
C655,C657,6:59:48,1,-1,1,AB5996,0,1,40
C659,C656,7:00:29,1,-1,2,AB6335,0,1,40
C657,C660,7:00:49,1,-1,1,AB5996,0,1,40
C660,C662,7:01:29,1,-1,1,AB5996,0,1,20
C656,C654/2,7:01:29,1,-1,1,AB6335,0,1,50
C662,C664,7:02:10,1,-1,1,AB5996,0,1,30
C664,C666,7:02:51,1,-1,1,AB5996,0,1,20
C654/2,C653/2,7:02:51,1,-1,1,AB6335,0,1,61
C666,C677,7:03:12,1,-1,1,AB5996,0,1,10
C677,C667,7:03:33,1,-1,1,AB5996,0,1,11
C667,C676,7:03:53,1,-1,-1,AB5996,0,1,10
C653/2,C692,7:04:24,1,-1,1,AB6335,0,1,82
T336/2,T335,7:04:44,1,-1,1,AB6353,0,1,10
C676,C680,7:05:04,1,-1,-1,AB5996,0,1,60
T335,T338,7:05:14,1,-1,1,AB6353,0,1,10
C680,C669/1,7:05:34,1,-1,1,AB5996,0,1,20
T338,T326/3,7:06:25,1,-1,-1,AB6353,0,1,50
C692,C689/1,7:06:35,1,-1,1,AB6335,0,1,50
C669/1,C693,7:06:45,1,-1,1,AB5996,0,1,50
T326/3,T332/2,7:07:16,1,-1,1,AB6353,0,1,30
C693,C681,7:08:06,1,-1,-1,AB5996,0,1,70
T332/2,T325/2,7:08:47,1,-1,1,AB6353,0,1,60
T325/2,T339/2,7:09:17,1,-1,1,AB6353,0,1,20
C681,C671,7:09:17,1,-1,-1,AB5996,0,1,40
C689/1,T360,7:10:07,1,-1,1,AB6335,0,1,101
T339/2,T313,7:10:38,1,-1,1,AB6353,0,1,50
T313,T315,7:11:08,1,-1,1,AB6353,0,1,20
C671,C695,7:11:08,1,-1,-1,AB5996,0,1,91
T360,T376/1,7:11:38,1,-1,1,AB6335,0,1,60
T315,T375,7:12:39,1,-1,1,AB6353,0,1,60
C695,C673,7:12:39,1,-1,-1,AB5996,0,1,80
T376/1,T363/1,7:12:39,1,-1,1,AB6335,0,1,50
C673,C672,7:13:20,1,-1,-1,AB5996,0,1,30
T375,T380,7:13:30,1,-1,1,AB6353,0,1,20
T363/1,T306,7:13:40,1,-1,1,AB6335,0,1,40
T380,T379,7:14:10,1,-1,1,AB6353,0,1,10
T306,T314/2,7:14:20,1,-1,-1,AB6335,0,1,30
T379,T359,7:14:52,1,-1,1,AB6353,0,1,31
T318,T319,7:15:33,1,-1,-1,AB6335,0,1,10
C672,C670,7:15:53,1,-1,-1,AB5996,0,1,133
T359,T355/1,7:16:03,1,-1,1,AB6353,0,1,61
T319,T320,7:16:24,1,-1,-1,AB6335,0,1,30
T320,T321/2,7:17:04,1,-1,-1,AB6335,0,1,10
C670,C694,7:18:05,1,-1,-1,AB5996,1,1,121
T321/2,T323,7:18:05,1,-1,1,AB6335,0,1,30
T323,T324/2,7:18:46,1,-1,1,AB6335,0,1,10
C694,C669/2,7:18:56,1,-1,-1,AB5996,0,1,40
C669/2,C687,7:19:38,1,-1,1,AB5996,0,1,22
T324/2,T327,7:19:48,1,-1,1,AB6335,0,1,52
C687,C675,7:20:39,1,-1,1,AB5996,0,1,50
T327,T326/1,7:20:39,1,-1,1,AB6335,0,1,30
C675,C668,7:21:09,1,-1,-1,AB5996,0,1,20
C688/1,C691,7:21:29,1,-1,1,AB6353,0,1,50
C668,C678,7:21:29,1,-1,-1,AB5996,0,1,10
T326/1,T337,7:21:40,1,-1,1,AB6335,0,1,50
C678,C665,7:22:00,1,-1,-1,AB5996,0,1,20
T337,T336/2,7:22:10,1,-1,1,AB6335,0,1,20
C665,C663,7:22:20,1,-1,1,AB5996,0,1,10
C663,C661,7:23:01,1,-1,1,AB5996,0,1,30
C691,C652,7:23:21,1,-1,1,AB6353,0,1,70
C661,C659,7:23:34,1,-1,1,AB5996,0,1,23
C652,C655,7:24:04,1,-1,1,AB6353,0,1,30
C659,C656,7:24:36,1,-1,1,AB5996,0,1,41
C655,C657,7:25:37,1,-1,1,AB6353,0,1,60
C656,C654/2,7:26:07,1,-1,1,AB5996,0,1,60
C657,C660,7:26:27,1,-1,1,AB6353,0,1,40
C660,C662,7:27:08,1,-1,1,AB6353,0,1,20
C662,C664,7:27:48,1,-1,1,AB6353,0,1,30
C654/2,C653/2,7:27:58,1,-1,1,AB5996,0,1,50
C664,C666,7:28:08,1,-1,1,AB6353,0,1,10
C666,C677,7:28:39,1,-1,1,AB6353,0,1,10
C677,C667,7:29:09,1,-1,1,AB6353,0,1,20
C667,C676,7:29:30,1,-1,-1,AB6353,0,1,10
C653/2,C692,7:30:00,1,-1,1,AB5996,0,1,111
C676,C680,7:30:42,1,-1,-1,AB6353,0,1,61
C680,C669/1,7:31:22,1,-1,1,AB6353,0,1,20
C692,C689/1,7:31:32,1,-1,1,AB5996,0,1,40
C669/1,C693,7:32:33,1,-1,1,AB6353,0,1,50
C693,C681,7:33:54,1,-1,-1,AB6353,0,1,70
C681,C671,7:34:45,1,-1,-1,AB6353,0,1,40
C689/1,T360,7:35:05,1,-1,1,AB5996,0,1,111
T336/2,T335,7:35:45,1,-1,1,AB6335,0,1,30
T360,T376/1,7:35:55,1,-1,1,AB5996,0,1,20
C671,C695,7:36:26,1,-1,-1,AB6353,0,1,91
T335,T338,7:36:37,1,-1,1,AB6335,0,1,11
T376/1,T363/1,7:36:57,1,-1,1,AB5996,0,1,41
T363/1,T306,7:37:58,1,-1,1,AB5996,0,1,40
T338,T326/3,7:38:08,1,-1,-1,AB6335,0,1,50
C695,C673,7:38:08,1,-1,-1,AB6353,0,1,81
C673,C672,7:38:59,1,-1,1,AB6353,0,1,30
T306,T314/2,7:38:59,1,-1,-1,AB5996,0,1,20
T326/3,T325/2,7:40:40,1,-1,1,AB6335,1,1,131
T318,T319,7:41:00,1,-1,-1,AB5996,0,1,10
T325/2,T339/2,7:41:43,1,-1,1,AB6335,0,1,21
C672,C670,7:41:43,1,-1,1,AB6353,0,1,113
T319,T320,7:41:43,1,-1,-1,AB5996,0,1,32
T320,T321/2,7:42:23,1,-1,-1,AB5996,0,1,10
C670,C679,7:42:33,1,-1,1,AB6353,0,1,30
T339/2,T313,7:43:14,1,-1,1,AB6335,0,1,50
T321/2,T323,7:43:14,1,-1,1,AB5996,0,1,20
C679,C694,7:44:04,1,-1,-1,AB6353,0,1,80
T313,T315,7:44:35,1,-1,1,AB6335,0,1,10
C694,C669/2,7:44:55,1,-1,-1,AB6353,0,1,40
T324/2,T327,7:45:25,1,-1,1,AB5996,0,1,50
C669/2,C687,7:45:45,1,-1,1,AB6353,0,1,30
T327,T326/1,7:45:56,1,-1,1,AB5996,0,1,20
T315,T375,7:46:26,1,-1,1,AB6335,0,1,70
C687,C675,7:47:06,1,-1,1,AB6353,0,1,50
T326/1,T337,7:47:06,1,-1,1,AB5996,0,1,60
C675,C668,7:47:37,1,-1,1,AB6353,0,1,20
T375,T380,7:47:47,1,-1,1,AB6335,0,1,50
T337,T336/2,7:47:47,1,-1,1,AB5996,0,1,30
C668,C678,7:47:57,1,-1,1,AB6353,0,1,10
T380,T379,7:48:37,1,-1,1,AB6335,0,1,20
C678,C665,7:48:37,1,-1,1,AB6353,0,1,30
T379,T359,7:49:08,1,-1,1,AB6335,0,1,20
C665,C663,7:49:18,1,-1,1,AB6353,0,1,10
C663,C661,7:49:58,1,-1,1,AB6353,0,1,30
T359,T355/1,7:50:19,1,-1,1,AB6335,0,1,60
C661,C659,7:50:29,1,-1,1,AB6353,0,1,20
C659,C656,7:51:50,1,-1,1,AB6353,0,1,40
C656,C654/2,7:52:42,1,-1,1,AB6353,0,1,42
C654/2,C653/2,7:55:25,1,-1,1,AB6353,0,1,142
C688/1,C691,7:55:55,1,-1,1,AB6335,0,1,70
C653/2,C692,7:57:06,1,-1,1,AB6353,0,1,80
C691,C652,7:57:47,1,-1,1,AB6335,0,1,80
C692,C689/1,7:58:37,1,-1,1,AB6353,0,1,30
C652,C655,7:58:57,1,-1,1,AB6335,0,1,30
C655,C657,8:00:08,1,-1,1,AB6335,0,1,40
C657,C660,8:00:59,1,-1,1,AB6335,0,1,40
C660,C662,8:01:49,1,-1,1,AB6335,0,1,30
C689/1,T360,8:02:20,1,-1,1,AB6353,0,1,151
C662,C666,8:03:02,1,-1,1,AB6335,1,1,52
C666,C677,8:03:23,1,-1,1,AB6335,0,1,10
C677,C667,8:03:53,1,-1,1,AB6335,0,1,20
C667,C676,8:04:13,1,-1,-1,AB6335,0,1,10
T360,T376/1,8:04:13,1,-1,1,AB6353,0,1,80
T376/1,T363/1,8:05:34,1,-1,1,AB6353,0,1,70
C676,C680,8:05:54,1,-1,-1,AB6335,0,1,70
T363/1,T306,8:06:45,1,-1,1,AB6353,0,1,40
C680,C669/1,8:07:05,1,-1,1,AB6335,0,1,40
T336/2,T335,8:07:25,1,-1,1,AB5996,0,1,30
T335,T338,8:08:16,1,-1,1,AB5996,0,1,10
T306,T314/2,8:08:16,1,-1,-1,AB6353,0,1,70
C669/1,C693,8:08:36,1,-1,1,AB6335,0,1,60
C693,C681,8:09:57,1,-1,-1,AB6335,0,1,70
T338,T326/3,8:10:07,1,-1,-1,AB5996,0,1,80
T326/3,T332/2,8:11:08,1,-1,1,AB5996,0,1,50
C681,C671,8:11:08,1,-1,-1,AB6335,0,1,60
T318,T319,8:12:09,1,-1,-1,AB6353,0,1,131
T332/2,T325/2,8:12:54,1,-1,1,AB5996,0,1,75
C671,C695,8:12:54,1,-1,-1,AB6335,0,1,95
T319,T320,8:12:54,1,-1,-1,AB6353,0,1,20
T325/2,T339/2,8:13:44,1,-1,1,AB5996,0,1,10
T320,T321/2,8:14:05,1,-1,-1,AB6353,0,1,10
C695,C673,8:14:35,1,-1,-1,AB6335,0,1,91
T339/2,T313,8:15:26,1,-1,1,AB5996,0,1,61
T321/2,T323,8:15:36,1,-1,1,AB6353,0,1,30
C673,C672,8:15:46,1,-1,1,AB6335,0,1,40
T323,T324/2,8:16:06,1,-1,1,AB6353,0,1,10
T313,T315,8:16:57,1,-1,1,AB5996,0,1,10
T315,T375,8:18:38,1,-1,1,AB5996,0,1,60
C672,C670,8:18:38,1,-1,1,AB6335,0,1,121
T324/2,T327,8:18:48,1,-1,1,AB6353,0,1,141
C670,C679,8:19:19,1,-1,1,AB6335,0,1,30
T375,T380,8:19:49,1,-1,1,AB5996,0,1,30
T327,T326/1,8:20:09,1,-1,1,AB6353,0,1,30
T380,T379,8:20:39,1,-1,1,AB5996,0,1,20
C679,C694,8:20:50,1,-1,-1,AB6335,0,1,70
T379,T359,8:21:20,1,-1,1,AB5996,0,1,20
C694,C669/2,8:21:42,1,-1,-1,AB6335,0,1,32
T326/1,T337,8:21:42,1,-1,1,AB6353,0,1,82
T359,T355/1,8:22:33,1,-1,1,AB5996,0,1,60
T337,T336/2,8:22:33,1,-1,1,AB6353,0,1,30
C669/2,C687,8:22:53,1,-1,-1,AB6335,0,1,20
C687,C675,8:24:04,1,-1,1,AB6335,0,1,60
C675,C668,8:24:34,1,-1,1,AB6335,0,1,20
C668,C678,8:25:04,1,-1,1,AB6335,0,1,20
C678,C665,8:25:36,1,-1,1,AB6335,0,1,21
C665,C663,8:25:57,1,-1,1,AB6335,0,1,10
C663,C661,8:26:37,1,-1,1,AB6335,0,1,30
C661,C659,8:27:38,1,-1,1,AB6335,0,1,30
C688/1,C691,8:28:59,1,-1,1,AB5996,0,1,20
C659,C656,8:29:29,1,-1,1,AB6335,0,1,50
C691,C652,8:30:54,1,-1,1,AB5996,0,1,64
C656,C654/2,8:30:54,1,-1,1,AB6335,0,1,44
C652,C655,8:32:05,1,-1,1,AB5996,0,1,40
C655,C657,8:33:17,1,-1,1,AB5996,0,1,51
C654/2,C653/2,8:33:17,1,-1,1,AB6335,0,1,122
T336/2,T335,8:34:08,1,-1,1,AB6353,0,1,30
C657,C660,8:34:18,1,-1,1,AB5996,0,1,40
T335,T338,8:35:08,1,-1,1,AB6353,0,1,20
C660,C662,8:35:08,1,-1,1,AB5996,0,1,20
C653/2,C692,8:35:18,1,-1,2,AB6335,0,1,101
C662,C664,8:35:59,1,-1,1,AB5996,0,1,20
C664,C666,8:36:29,1,-1,1,AB5996,0,1,20
T338,T326/3,8:36:50,1,-1,-1,AB6353,0,1,91
C692,C689/1,8:37:00,1,-1,1,AB6335,0,1,20
T326/3,T332/2,8:37:41,1,-1,1,AB6353,0,1,41
C666,C676,8:37:51,1,-1,-1,AB5996,2,1,71
C676,C680,8:38:42,1,-1,-1,AB5996,0,1,40
C680,C669/1,8:39:22,1,-1,1,AB5996,0,1,30
C689/1,T360,8:40:13,1,-1,1,AB6335,0,1,131
C669/1,C693,8:40:53,1,-1,-1,AB5996,0,1,60
T332/2,T325/2,8:41:04,1,-1,1,AB6353,0,1,161
T325/2,T339/2,8:41:34,1,-1,2,AB6353,0,1,20
T360,T376/1,8:41:44,1,-1,1,AB6335,0,1,30
C693,C681,8:42:14,1,-1,-1,AB5996,0,1,70
T376/1,T363/1,8:43:06,1,-1,2,AB6335,0,1,71
T339/2,T313,8:44:07,1,-1,2,AB6353,0,1,81
C681,C695,8:44:37,1,-1,-1,AB5996,1,1,132
T363/1,T306,8:44:58,1,-1,2,AB6335,0,1,70
T306,T314/2,8:45:48,1,-1,-1,AB6335,0,1,40
C695,C673,8:45:58,1,-1,-1,AB5996,0,1,70
T313,T315,8:46:49,1,-1,2,AB6353,0,1,131
C673,C672,8:46:49,1,-1,1,AB5996,0,1,30
T318,T319,8:48:00,1,-1,-1,AB6335,0,1,80
T319,T320,8:48:50,1,-1,-1,AB6335,0,1,40
T320,T321/2,8:49:44,1,-1,-1,AB6335,0,1,10
T315,T375,8:49:54,1,-1,1,AB6353,0,1,164
C672,C670,8:49:54,1,-1,1,AB5996,0,1,114
C670,C679,8:50:55,1,-1,1,AB5996,0,1,30
T321/2,T323,8:51:05,1,-1,2,AB6335,0,1,30
T375,T380,8:51:45,1,-1,1,AB6353,0,1,90
T323,T324/2,8:51:56,1,-1,1,AB6335,0,1,10
T380,T379,8:52:26,1,-1,1,AB6353,0,1,10
C679,C694,8:52:36,1,-1,-1,AB5996,0,1,80
T379,T359,8:53:06,1,-1,1,AB6353,0,1,10
C694,C669/2,8:53:17,1,-1,-1,AB5996,0,1,30
C669/2,C687,8:54:07,1,-1,-1,AB5996,0,1,20
T359,T355/1,8:54:17,1,-1,1,AB6353,0,1,60
T324/2,T327,8:54:38,1,-1,1,AB6335,0,1,121
C687,C675,8:55:48,1,-1,1,AB5996,0,1,60
T327,T326/1,8:55:48,1,-1,1,AB6335,0,1,30
C675,C668,8:56:19,1,-1,1,AB5996,0,1,20
C668,C678,8:56:39,1,-1,1,AB5996,0,1,10
T326/1,T337,8:56:59,1,-1,1,AB6335,0,1,60
C678,C665,8:57:34,1,-1,1,AB5996,0,1,24
C665,C663,8:57:54,1,-1,1,AB5996,0,1,10
T337,T336/2,8:58:04,1,-1,1,AB6335,0,1,20
C663,C659,8:58:59,1,-1,1,AB5996,1,1,54
C688/1,C691,8:59:49,1,-1,1,AB6353,0,1,30
C659,C656,9:00:20,1,-1,1,AB5996,0,1,30
C656,C654/2,9:01:22,1,-1,1,AB5996,0,1,50
C691,C652,9:01:42,1,-1,1,AB6353,0,1,92
C652,C655,9:02:23,1,-1,1,AB6353,0,1,31
C654/2,C653/2,9:02:44,1,-1,1,AB5996,0,1,41
C655,C657,9:03:34,1,-1,1,AB6353,0,1,40
C653/2,C692,9:03:44,1,-1,1,AB5996,0,1,50
C692,C689/1,9:04:55,1,-1,1,AB5996,0,1,30
C657,C662,9:05:15,1,-1,1,AB6353,1,1,70
C662,C664,9:05:56,1,-1,1,AB6353,0,1,30
C664,C666,9:06:16,1,-1,1,AB6353,0,1,10
C666,C677,9:06:57,1,-1,1,AB6353,0,1,30
C677,C667,9:07:27,1,-1,1,AB6353,0,1,20
C689/1,T360,9:07:37,1,-1,1,AB5996,0,1,101
C667,C676,9:07:47,1,-1,-1,AB6353,0,1,10
T336/2,T335,9:08:07,1,-1,1,AB6335,0,1,30
T360,T376/1,9:08:38,1,-1,1,AB5996,0,1,30
C676,C680,9:08:48,1,-1,-1,AB6353,0,1,50
T335,T338,9:08:58,1,-1,1,AB6335,0,1,10
C680,C669/1,9:09:38,1,-1,1,AB6353,0,1,30
T338,T326/3,9:10:19,1,-1,-1,AB6335,0,1,60
C669/1,C693,9:10:49,1,-1,-1,AB6353,0,1,60
T376/1,T363/1,9:10:49,1,-1,2,AB5996,0,1,121
T363/1,T306,9:12:00,1,-1,2,AB5996,0,1,40
C693,C681,9:12:10,1,-1,-1,AB6353,0,1,70
T326/3,T332/2,9:12:20,1,-1,1,AB6335,0,1,91
T306,T314/2,9:12:52,1,-1,-1,AB5996,0,1,31
T332/2,T325/2,9:13:34,1,-1,1,AB6335,0,1,52
T318,T319,9:14:14,1,-1,-1,AB5996,0,1,10
T325/2,T339/2,9:14:24,1,-1,2,AB6335,0,1,10
C681,C695,9:14:35,1,-1,-1,AB6353,1,1,134
T319,T320,9:14:55,1,-1,-1,AB5996,0,1,30
T339/2,T313,9:15:57,1,-1,2,AB6335,0,1,61
T321/2,T323,9:16:37,1,-1,1,AB5996,0,1,20
T313,T315,9:17:17,1,-1,2,AB6335,0,1,20
C695,C672,9:17:17,1,-1,1,AB6353,1,1,152
T323,T324/2,9:17:38,1,-1,1,AB5996,0,1,20
T324/2,T327,9:18:58,1,-1,1,AB5996,0,1,60
T327,T326/1,9:19:39,1,-1,1,AB5996,0,1,30
C672,C670,9:20:19,1,-1,1,AB6353,0,1,131
T315,T375,9:20:40,1,-1,1,AB6335,0,1,141
T326/1,T337,9:20:50,1,-1,1,AB5996,0,1,60
C670,C679,9:21:41,1,-1,1,AB6353,0,1,30
T337,T336/2,9:21:51,1,-1,1,AB5996,0,1,30
T375,T380,9:22:11,1,-1,1,AB6335,0,1,40
T380,T379,9:22:52,1,-1,1,AB6335,0,1,10
C679,C694,9:23:42,1,-1,-1,AB6353,0,1,80
T379,T355/1,9:24:13,1,-1,1,AB6335,1,2,70
C694,C669/2,9:24:23,1,-1,-1,AB6353,0,2,30
C669/2,C687,9:25:24,1,-1,-1,AB6353,0,2,20
C687,C675,9:26:35,1,-1,-1,AB6353,0,2,60
C675,C668,9:27:05,1,-1,3,AB6353,0,2,20
C668,C678,9:27:25,1,-1,3,AB6353,0,2,10
C678,C665,9:28:36,1,-1,3,AB6353,0,2,20
C665,C663,9:29:16,1,-1,1,AB6353,0,2,10
C663,C661,9:30:17,1,-1,1,AB6353,0,2,30
C661,C659,9:31:08,1,-1,1,AB6353,0,2,30
C688/1,C691,9:31:18,1,-1,1,AB6335,0,2,70
C659,C656,9:32:08,1,-1,1,AB6353,0,2,30
C656,C654/2,9:33:19,1,-1,1,AB6353,0,2,50
C691,C655,9:34:12,1,-1,1,AB6335,1,2,133
C654/2,C653/2,9:35:02,1,-1,1,AB6353,0,2,91
C655,C657,9:35:23,1,-1,1,AB6335,0,2,40
C653/2,C692,9:36:15,1,-1,1,AB6353,0,2,62
C657,C660,9:36:25,1,-1,1,AB6335,0,2,30
C692,C689/1,9:37:15,1,-1,1,AB6353,0,2,10
C660,C664,9:37:56,1,-1,1,AB6335,1,2,60
T336/2,T335,9:38:46,1,-1,1,AB5996,0,2,30
C664,C666,9:38:46,1,-1,1,AB6335,0,2,20
T335,T338,9:39:07,1,-1,1,AB5996,0,2,10
C666,C677,9:39:07,1,-1,1,AB6335,0,2,10
C677,C667,9:39:57,1,-1,1,AB6335,0,2,20
C667,C676,9:40:17,1,-1,-1,AB6335,0,2,10
T338,T326/3,9:40:27,1,-1,-1,AB5996,0,2,60
T326/3,T332/2,9:41:18,1,-1,-1,AB5996,0,2,40
C689/1,T360,9:41:18,1,-1,-1,AB6353,0,2,141
C676,C680,9:41:28,1,-1,-1,AB6335,0,2,50
C680,C669/1,9:42:19,1,-1,-1,AB6335,0,2,20
T360,T376/1,9:42:39,1,-1,-1,AB6353,0,2,50
T332/2,T325/2,9:42:59,1,-1,-1,AB5996,0,2,60
C669/1,C693,9:43:30,1,-1,-1,AB6335,0,2,50
T325/2,T339/2,9:43:50,1,-1,-1,AB5996,0,2,10
T376/1,T363/1,9:44:32,1,-1,-1,AB6353,0,2,103
C693,C681,9:44:52,1,-1,-1,AB6335,0,2,72
T339/2,T313,9:45:23,1,-1,1,AB5996,0,2,62
C681,C671,9:45:44,1,-1,-1,AB6335,0,2,41
T363/1,T306,9:45:44,1,-1,1,AB6353,0,2,51
T313,T315,9:46:25,1,-1,1,AB5996,0,2,10
T306,T314/2,9:46:45,1,-1,-1,AB6353,0,2,30
C671,C695,9:47:45,1,-1,-1,AB6335,0,2,91
T315,T375,9:47:56,1,-1,1,AB5996,0,2,80
T318,T319,9:48:36,1,-1,-1,AB6353,0,2,70
T375,T380,9:48:56,1,-1,1,AB5996,0,2,20
T319,T320,9:49:16,1,-1,-1,AB6353,0,2,30
T380,T379,9:49:37,1,-1,1,AB5996,0,2,10
C695,C673,9:49:37,1,-1,-1,AB6335,0,2,91
C673,C672,9:50:07,1,-1,-1,AB6335,0,2,20
T320,T321/2,9:50:48,1,-1,-1,AB6353,0,2,10
T379,T359,9:50:58,1,-1,1,AB5996,0,2,70
T321/2,T323,9:51:58,1,-1,1,AB6353,0,2,20
T359,T355/1,9:52:08,1,-1,1,AB5996,0,2,60
T323,T324/2,9:52:49,1,-1,1,AB6353,0,2,10
C672,C670,9:53:09,1,-1,-1,AB6335,0,2,131
C670,C679,9:53:50,1,-1,-1,AB6335,0,2,30
T324/2,T327,9:54:20,1,-1,1,AB6353,0,2,70
T327,T326/1,9:55:00,1,-1,1,AB6353,0,2,20
C679,C694,9:55:21,1,-1,-1,AB6335,0,2,70
C694,C669/2,9:56:05,1,-1,-1,AB6335,0,2,30
T326/1,T337,9:56:05,1,-1,1,AB6353,0,2,54
C669/2,C687,9:56:56,1,-1,1,AB6335,0,2,20
T337,T336/2,9:57:06,1,-1,1,AB6353,0,2,30
C688/1,C691,9:57:16,1,-1,1,AB5996,0,2,60
C687,C675,9:57:56,1,-1,1,AB6335,0,2,50
C675,C668,9:58:27,1,-1,1,AB6335,0,2,20
C691,C652,9:58:37,1,-1,1,AB5996,0,2,60
C668,C678,9:58:47,1,-1,1,AB6335,0,2,10
C652,C655,9:59:37,1,-1,1,AB5996,0,2,30
C678,C663,9:59:37,1,-1,1,AB6335,1,2,40
C663,C661,10:00:18,1,-1,1,AB6335,0,2,20
C655,C657,10:00:48,1,-1,1,AB5996,0,2,50
C661,C659,10:00:48,1,-1,1,AB6335,0,2,20
C657,C660,10:01:49,1,-1,1,AB5996,0,2,40
C659,C656,10:02:09,1,-1,1,AB6335,0,2,40
C660,C666,10:03:14,1,-1,1,AB5996,2,2,74
C656,C654/2,10:03:14,1,-1,1,AB6335,0,2,40
C666,C677,10:03:35,1,-1,1,AB5996,0,2,11
C677,C667,10:04:05,1,-1,2,AB5996,0,2,20
C667,C676,10:04:26,1,-1,-1,AB5996,0,2,10
C654/2,C653/2,10:04:46,1,-1,1,AB6335,0,2,60
C676,C680,10:05:26,1,-1,-1,AB5996,0,2,50
T336/2,T335,10:05:46,1,-1,1,AB5457,0,2,50
C653/2,C692,10:06:07,1,-1,1,AB6335,0,2,50
C680,C669/1,10:06:17,1,-1,1,AB5996,0,2,30
T335,T338,10:06:27,1,-1,1,AB5457,0,2,10
C692,C689/1,10:07:28,1,-1,1,AB6335,0,2,30
T338,T326/3,10:08:08,1,-1,-1,AB5457,0,2,60
C669/1,C681,10:08:38,1,-1,-1,AB5996,1,2,131
T326/3,T332/2,10:09:00,1,-1,1,AB5457,0,2,31
C681,C671,10:09:30,1,-1,-1,AB5996,0,2,41
C689/1,T360,10:10:54,1,-1,1,AB6335,0,2,166
T332/2,T325/2,10:11:04,1,-1,1,AB5457,0,2,83
C671,C695,10:11:04,1,-1,-1,AB5996,0,2,73
T325/2,T339/2,10:11:55,1,-1,1,AB5457,0,2,20
C695,C673,10:12:25,1,-1,-1,AB5996,0,2,70
C673,C672,10:13:06,1,-1,1,AB5996,0,2,30
T339/2,T313,10:13:26,1,-1,1,AB5457,0,2,60
T360,T376/1,10:13:26,1,-1,1,AB6335,0,2,111
T313,T315,10:14:06,1,-1,1,AB5457,0,2,20
T376/1,T363/1,10:15:37,1,-1,1,AB6335,0,2,111
T315,T375,10:15:57,1,-1,1,AB5457,0,2,70
C672,C670,10:16:08,1,-1,1,AB5996,0,2,101
T375,T380,10:16:38,1,-1,1,AB5457,0,2,30
T363/1,T306,10:16:38,1,-1,1,AB6335,0,2,40
C670,C679,10:16:58,1,-1,1,AB5996,0,2,30
T380,T379,10:17:18,1,-1,1,AB5457,0,2,20
T306,T314/2,10:17:28,1,-1,-1,AB6335,0,2,40
T379,T359,10:17:59,1,-1,1,AB5457,0,2,10
C679,C694,10:18:39,1,-1,-1,AB5996,0,2,80
T318,T319,10:18:49,1,-1,-1,AB6335,0,2,40
T359,T355/1,10:19:32,1,-1,1,AB5457,0,2,73
C694,C669/2,10:19:32,1,-1,-1,AB5996,0,2,32
T319,T320,10:19:42,1,-1,-1,AB6335,0,2,42
C669/2,C687,10:20:23,1,-1,1,AB5996,0,2,20
T321/2,T323,10:20:53,1,-1,1,AB6335,0,2,20
C687,C675,10:21:34,1,-1,2,AB5996,0,2,60
T323,T324/2,10:21:44,1,-1,1,AB6335,0,2,20
C675,C668,10:22:04,1,-1,1,AB5996,0,2,20
C668,C678,10:22:24,1,-1,1,AB5996,0,2,10
C678,C663,10:23:15,1,-1,1,AB5996,1,2,40
T324/2,T327,10:23:15,1,-1,1,AB6335,0,2,60
C663,C661,10:23:56,1,-1,1,AB5996,0,2,30
T327,T326/1,10:24:16,1,-1,1,AB6335,0,2,20
C688/1,C691,10:24:46,1,-1,1,AB5457,0,2,20
C661,C659,10:24:56,1,-1,1,AB5996,0,2,50
C659,C656,10:26:07,1,-1,1,AB5996,0,2,40
C691,C652,10:26:58,1,-1,1,AB5457,0,2,101
C656,C654/2,10:27:08,1,-1,1,AB5996,0,2,50
C654/2,C653/2,10:28:09,1,-1,1,AB5996,0,2,30
C652,C655,10:28:19,1,-1,1,AB5457,0,2,40
T326/1,T337,10:29:09,1,-1,1,AB6335,0,2,70
C655,C657,10:29:29,1,-1,1,AB5457,0,2,50
C653/2,C692,10:29:40,1,-1,1,AB5996,0,2,40
T337,T336/2,10:29:50,1,-1,1,AB6335,0,2,30
C692,C689/1,10:30:44,1,-1,1,AB5996,0,2,24
C657,C660,10:31:05,1,-1,1,AB5457,0,2,64
C660,C664,10:32:50,1,-1,1,AB5457,1,2,94
C664,C666,10:33:20,1,-1,1,AB5457,0,2,10
C666,C677,10:33:50,1,-1,1,AB5457,0,2,20
C689/1,T360,10:33:50,1,-1,1,AB5996,0,2,155
C677,C667,10:34:21,1,-1,1,AB5457,0,2,20
C667,C676,10:34:44,1,-1,-1,AB5457,0,2,10
T336/2,T335,10:35:55,1,-1,1,AB6353,0,2,30
C676,C680,10:35:55,1,-1,-1,AB5457,0,2,60
T360,T376/1,10:36:05,1,-1,1,AB5996,0,2,114
C680,C669/1,10:36:46,1,-1,1,AB5457,0,2,20
C669/1,C693,10:38:07,1,-1,1,AB5457,0,2,60
T376/1,T363/1,10:38:07,1,-1,1,AB5996,0,2,90
T338,T326/3,10:38:27,1,-1,-1,AB6353,0,2,60
T326/3,T332/2,10:39:17,1,-1,1,AB6353,0,2,40
T363/1,T306,10:39:48,1,-1,1,AB5996,0,2,60
C693,C681,10:39:58,1,-1,-1,AB5457,0,2,80
T306,T314/2,10:40:38,1,-1,-1,AB5996,0,2,40
C681,C671,10:40:58,1,-1,-1,AB5457,0,2,50
T332/2,T325/2,10:41:39,1,-1,1,AB6353,0,2,101
T318,T319,10:41:59,1,-1,-1,AB5996,0,2,10
C671,C695,10:42:29,1,-1,-1,AB5457,0,2,80
T325/2,T339/2,10:42:40,1,-1,1,AB6353,0,2,20
T319,T320,10:42:50,1,-1,-1,AB5996,0,2,40
T339/2,T313,10:44:00,1,-1,1,AB6353,0,2,40
T320,T321/2,10:44:00,1,-1,-1,AB5996,0,2,20
C695,C673,10:44:35,1,-1,-1,AB5457,0,2,84
T321/2,T323,10:44:55,1,-1,1,AB5996,0,2,20
T313,T315,10:45:05,1,-1,1,AB6353,0,2,20
C673,C672,10:45:45,1,-1,1,AB5457,0,2,40
T323,T324/2,10:45:45,1,-1,1,AB5996,0,2,10
T315,T375,10:46:46,1,-1,1,AB6353,0,2,90
T324/2,T327,10:47:06,1,-1,1,AB5996,0,2,50
T375,T380,10:48:07,1,-1,1,AB6353,0,2,50
T380,T379,10:48:47,1,-1,1,AB6353,0,2,10
C672,C670,10:48:47,1,-1,1,AB5457,0,2,141
T327,T337,10:49:08,1,-1,1,AB5996,1,2,101
T379,T359,10:49:38,1,-1,1,AB6353,0,2,20
C670,C679,10:49:38,1,-1,1,AB5457,0,2,40
T337,T336/2,10:50:08,1,-1,1,AB5996,0,2,30
T359,T355/1,10:51:19,1,-1,1,AB6353,0,2,70
C679,C694,10:51:29,1,-1,-1,AB5457,0,2,81
C694,C669/2,10:52:20,1,-1,-1,AB5457,0,2,40
C669/2,C687,10:53:15,1,-1,1,AB5457,0,2,30
C687,C675,10:54:36,1,-1,1,AB5457,0,2,60
C675,C668,10:55:06,1,-1,1,AB5457,0,2,20
C668,C678,10:55:26,1,-1,1,AB5457,0,2,10
C678,C665,10:56:57,1,-1,1,AB5457,0,2,20
C665,C663,10:57:28,1,-1,1,AB5457,0,2,20
C688/1,C691,10:57:58,1,-1,1,AB6353,0,2,30
C663,C661,10:58:08,1,-1,1,AB5457,0,2,30
C661,C659,10:58:49,1,-1,1,AB5457,0,2,30
C659,C656,11:00:20,1,-1,1,AB5457,0,2,50
C691,C652,11:00:30,1,-1,1,AB6353,0,2,91
C652,C655,11:01:42,1,-1,1,AB6353,0,2,31
C656,C654/2,11:01:42,1,-1,1,AB5457,0,2,51
C655,C657,11:02:53,1,-1,1,AB6353,0,2,50
C654/2,C653/2,11:02:53,1,-1,1,AB5457,0,2,40
C657,C660,11:03:44,1,-1,1,AB6353,0,2,41
C653/2,C692,11:04:05,1,-1,1,AB5457,0,2,41
C660,C662,11:04:35,1,-1,1,AB6353,0,2,20
C662,C664,11:05:26,1,-1,1,AB6353,0,2,30
C692,C689/1,11:05:46,1,-1,1,AB5457,0,2,50
C664,C666,11:05:56,1,-1,1,AB6353,0,2,20
C666,C677,11:06:16,1,-1,1,AB6353,0,2,10
C677,C667,11:07:07,1,-1,1,AB6353,0,2,20
C667,C680,11:08:38,1,-1,-1,AB6353,1,2,80
C689/1,T360,11:09:38,1,-1,1,AB5457,0,2,141
C680,C669/1,11:09:48,1,-1,1,AB6353,0,2,30
T336/2,T335,11:10:29,1,-1,1,AB6335,0,2,30
T335,T338,11:11:19,1,-1,1,AB6335,0,2,10
C669/1,C693,11:11:40,1,-1,1,AB6353,0,2,70
T338,T326/3,11:12:43,1,-1,-1,AB6335,0,2,73
C693,C681,11:13:23,1,-1,-1,AB6353,0,2,73
T326/3,T332/2,11:13:34,1,-1,1,AB6335,0,2,41
T332/2,T325/2,11:15:15,1,-1,1,AB6335,0,2,60
T363/1,T306,11:15:26,1,-1,1,AB5457,0,2,70
C681,C695,11:15:56,1,-1,-1,AB6353,1,2,141
T325/2,T339/2,11:16:06,1,-1,1,AB6335,0,2,20
T306,T314/2,11:16:26,1,-1,-1,AB5457,0,2,30
T339/2,T313,11:17:37,1,-1,1,AB6335,0,2,50
C695,C673,11:17:37,1,-1,-1,AB6353,0,2,90
T313,T315,11:18:07,1,-1,1,AB6335,0,2,20
C673,C672,11:18:17,1,-1,1,AB6353,0,2,30
T318,T319,11:18:48,1,-1,-1,AB5457,0,2,70
T315,T375,11:19:48,1,-1,1,AB6335,0,2,70
T319,T320,11:19:59,1,-1,-1,AB5457,0,2,30
T375,T380,11:20:19,1,-1,1,AB6335,0,2,20
T380,T379,11:21:09,1,-1,1,AB6335,0,2,20
T320,T321/2,11:21:09,1,-1,-1,AB5457,0,2,20
T379,T359,11:21:40,1,-1,1,AB6335,0,2,20
C672,C670,11:21:50,1,-1,1,AB6353,0,2,161
T321/2,T323,11:22:32,1,-1,1,AB5457,0,2,32
T359,T355/1,11:22:43,1,-1,1,AB6335,0,2,52
C670,C679,11:22:53,1,-1,1,AB6353,0,2,32
T324/2,T327,11:24:26,1,-1,1,AB5457,0,2,50
C679,C694,11:24:36,1,-1,-1,AB6353,0,2,82
C694,C669/2,11:25:47,1,-1,-1,AB6353,0,2,50
T327,T326/1,11:25:47,1,-1,1,AB5457,0,2,30
C669/2,C687,11:26:47,1,-1,1,AB6353,0,2,30
T326/1,T337,11:27:18,1,-1,1,AB5457,0,2,80
T337,T336/2,11:27:58,1,-1,1,AB5457,0,2,20
C688/1,C691,11:28:28,1,-1,1,AB6335,0,2,50
C687,C675,11:28:28,1,-1,1,AB6353,0,2,70
C675,C668,11:29:09,1,-1,1,AB6353,0,2,20
C668,C678,11:29:39,1,-1,1,AB6353,0,2,20
C691,C652,11:30:20,1,-1,1,AB6335,0,2,70
C678,C665,11:30:31,1,-1,1,AB6353,0,2,31
C665,C663,11:30:52,1,-1,1,AB6353,0,2,10
C652,C655,11:31:32,1,-1,1,AB6335,0,2,40
C663,C661,11:31:53,1,-1,1,AB6353,0,2,30
C661,C659,11:32:34,1,-1,1,AB6353,0,2,31
C655,C657,11:33:15,1,-1,1,AB6335,0,2,40
C657,C660,11:34:16,1,-1,1,AB6335,0,2,51
C659,C656,11:34:26,1,-1,1,AB6353,0,2,50
C660,C662,11:34:56,1,-1,1,AB6335,0,2,30
C662,C664,11:35:37,1,-1,1,AB6335,0,2,30
C656,C654/2,11:35:47,1,-1,1,AB6353,0,2,50
C664,C666,11:35:57,1,-1,1,AB6335,0,2,10
C666,C677,11:36:37,1,-1,1,AB6335,0,2,30
C654/2,C653/2,11:37:38,1,-1,1,AB6353,0,2,91
C677,C676,11:37:58,1,-1,-1,AB6335,1,2,50
C653/2,C692,11:38:49,1,-1,1,AB6353,0,2,60
C676,C680,11:39:19,1,-1,-1,AB6335,0,2,60
C680,C669/1,11:40:10,1,-1,1,AB6335,0,2,20
C692,C689/1,11:40:10,1,-1,1,AB6353,0,2,30
C669/1,C693,11:41:55,1,-1,1,AB6335,0,2,54
C693,C681,11:43:16,1,-1,-1,AB6335,0,2,70
C689/1,T360,11:43:26,1,-1,1,AB6353,0,2,135
C681,C671,11:44:17,1,-1,-1,AB6335,0,2,51
T360,T376/1,11:44:38,1,-1,1,AB6353,0,2,20
T336/2,T335,11:45:48,1,-1,1,AB5996,0,2,20
C671,C695,11:46:09,1,-1,-1,AB6335,0,2,90
T376/1,T363/1,11:47:19,1,-1,1,AB6353,0,2,151
T338,T326/3,11:47:50,1,-1,-1,AB5996,0,2,60
C695,C673,11:47:50,1,-1,-1,AB6335,0,2,70
C673,C672,11:48:30,1,-1,1,AB6335,0,2,30
T326/3,T332/2,11:48:50,1,-1,1,AB5996,0,2,50
T363/1,T306,11:49:33,1,-1,1,AB6353,0,2,83
T332/2,T325/2,11:50:13,1,-1,1,AB5996,0,2,52
T306,T318,11:50:44,1,-1,-1,AB6353,1,2,40
T325/2,T339/2,11:50:54,1,-1,2,AB5996,0,2,20
C672,C670,11:51:44,1,-1,1,AB6335,0,2,131
T339/2,T313,11:52:15,1,-1,1,AB5996,0,2,50
T318,T319,11:52:25,1,-1,-1,AB6353,0,2,70
C670,C679,11:52:45,1,-1,1,AB6335,0,2,30
T313,T315,11:52:55,1,-1,1,AB5996,0,2,10
T319,T320,11:53:26,1,-1,-1,AB6353,0,2,50
T315,T375,11:54:37,1,-1,1,AB5996,0,2,91
C679,C694,11:54:37,1,-1,-1,AB6335,0,2,71
C694,C669/2,11:55:28,1,-1,-1,AB6335,0,2,30
T320,T321/2,11:56:18,1,-1,-1,AB6353,0,2,60
T375,T380,11:56:59,1,-1,1,AB5996,0,2,80
C669/2,C687,11:57:39,1,-1,1,AB6335,0,2,30
T380,T379,11:57:49,1,-1,1,AB5996,0,2,10
T321/2,T323,11:57:49,1,-1,1,AB6353,0,2,30
T379,T359,11:58:33,1,-1,1,AB5996,0,2,23
T323,T324/2,11:58:43,1,-1,1,AB6353,0,2,10
C687,C675,11:59:13,1,-1,1,AB6335,0,2,63
T359,T355/1,11:59:44,1,-1,1,AB5996,0,2,60
T324/2,T327,12:00:04,1,-1,1,AB6353,0,2,50
C675,C668,12:00:14,1,-1,1,AB6335,0,2,20
T327,T326/1,12:00:55,1,-1,1,AB6353,0,2,30
C678,C665,12:01:25,1,-1,1,AB6335,0,2,20
T326/1,T337,12:02:05,1,-1,1,AB6353,0,2,60
C665,C663,12:02:16,1,-1,1,AB6335,0,2,10
C663,C661,12:02:56,1,-1,1,AB6335,0,2,30
T337,T336/2,12:03:16,1,-1,1,AB6353,0,2,30
C661,C659,12:03:27,1,-1,1,AB6335,0,2,20
C688/1,C691,12:04:48,1,-1,1,AB5996,0,2,60
C659,C656,12:05:09,1,-1,1,AB6335,0,2,50
C656,C654/2,12:06:09,1,-1,1,AB6335,0,2,50
C691,C652,12:06:30,1,-1,1,AB5996,0,2,70
C652,C655,12:07:44,1,-1,1,AB5996,0,2,34
C654/2,C653/2,12:08:55,1,-1,1,AB6335,0,2,145
C655,C660,12:09:47,1,-1,1,AB5996,1,2,112
C653/2,C692,12:09:57,1,-1,1,AB6335,0,2,51
C660,C662,12:10:47,1,-1,1,AB5996,0,2,20
C692,C689/1,12:10:57,1,-1,1,AB6335,0,2,10
C662,C664,12:11:28,1,-1,1,AB5996,0,2,30
C664,C666,12:12:08,1,-1,1,AB5996,0,2,20
C666,C667,12:12:59,1,-1,1,AB5996,1,2,40
C667,C676,12:13:19,1,-1,-1,AB5996,0,2,10
C676,C680,12:14:20,1,-1,-1,AB5996,0,2,50
C680,C669/1,12:15:10,1,-1,1,AB5996,0,2,30
C669/1,C693,12:16:24,1,-1,1,AB5996,0,2,50
T360,T376/1,12:16:55,1,-1,1,AB6335,0,2,50
C693,C681,12:17:55,1,-1,-1,AB5996,0,2,70
C681,C671,12:18:56,1,-1,-1,AB5996,0,2,40
T376/1,T363/1,12:18:56,1,-1,1,AB6335,0,2,111
T336/2,T335,12:20:17,1,-1,-1,AB6353,0,2,40
T335,T338,12:20:37,1,-1,-1,AB6353,0,2,10
T363/1,T306,12:21:07,1,-1,-1,AB6335,0,2,80
T306,T314/2,12:21:58,1,-1,-1,AB6335,0,2,30
T338,T326/3,12:22:08,1,-1,-1,AB6353,0,2,50
T326/3,T332/2,12:23:19,1,-1,-1,AB6353,0,2,40
C672,C670,12:24:52,1,-1,-1,AB5996,0,2,122
T332/2,T325/2,12:25:12,1,-1,1,AB6353,0,2,72
C670,C679,12:25:22,1,-1,1,AB5996,0,2,20
T318,T319,12:25:22,1,-1,-1,AB6335,0,2,133
T325/2,T339/2,12:26:02,1,-1,1,AB6353,0,2,30
T319,T320,12:26:23,1,-1,-1,AB6335,0,2,50
C679,C694,12:27:05,1,-1,-1,AB5996,0,2,92
T339/2,T313,12:27:45,1,-1,1,AB6353,0,2,70
C694,C669/2,12:28:25,1,-1,-1,AB5996,0,2,30
T313,T315,12:28:46,1,-1,1,AB6353,0,2,20
C669/2,C687,12:29:06,1,-1,1,AB5996,0,2,20
T321/2,T323,12:29:06,1,-1,1,AB6335,0,2,30
T323,T324/2,12:30:07,1,-1,1,AB6335,0,2,10
C687,C675,12:30:27,1,-1,1,AB5996,0,2,70
T315,T375,12:30:37,1,-1,1,AB6353,0,2,80
C675,C668,12:30:47,1,-1,1,AB5996,0,2,10
T375,T380,12:31:17,1,-1,1,AB6353,0,2,20
C668,C678,12:31:17,1,-1,1,AB5996,0,2,20
T324/2,T327,12:31:38,1,-1,1,AB6335,0,2,60
T380,T379,12:31:58,1,-1,1,AB6353,0,2,10
C678,C665,12:31:58,1,-1,1,AB5996,0,2,30
T327,T326/1,12:32:18,1,-1,1,AB6335,0,2,20
C665,C661,12:33:09,1,-1,1,AB5996,1,2,60
T379,T359,12:33:19,1,-1,1,AB6353,0,2,40
T326/1,T337,12:33:39,1,-1,1,AB6335,0,2,60
C661,C659,12:33:49,1,-1,1,AB5996,0,2,30
T337,T336/2,12:34:33,1,-1,1,AB6335,0,2,13
C659,C656,12:34:53,1,-1,1,AB5996,0,2,53
T359,T355/1,12:35:13,1,-1,1,AB6353,0,2,73
C656,C654/2,12:36:04,1,-1,1,AB5996,0,2,51
C654/2,C653/2,12:38:26,1,-1,1,AB5996,0,2,90
C653/2,C692,12:40:17,1,-1,1,AB5996,0,2,90
C688/1,C691,12:41:48,1,-1,1,AB6353,0,2,80
C692,C689/1,12:41:48,1,-1,1,AB5996,0,2,60
C691,C652,12:43:20,1,-1,1,AB6353,0,2,81
C652,C655,12:44:14,1,-1,1,AB6353,0,2,30
C689/1,T360,12:44:44,1,-1,1,AB5996,0,2,114
T360,T376/1,12:45:34,1,-1,1,AB5996,0,2,40
C655,C657,12:45:55,1,-1,1,AB6353,0,2,50
C657,C660,12:46:55,1,-1,1,AB6353,0,2,40
T376/1,T363/1,12:47:06,1,-1,1,AB5996,0,2,50
C660,C662,12:47:56,1,-1,1,AB6353,0,2,20
C662,C664,12:48:36,1,-1,1,AB6353,0,2,30
T363/1,T306,12:48:47,1,-1,1,AB5996,0,2,60
T306,T314/2,12:49:47,1,-1,-1,AB5996,0,2,30
C664,C677,12:49:58,1,-1,1,AB6353,1,2,50
C677,C667,12:50:48,1,-1,1,AB6353,0,2,20
T314/2,T318,12:50:58,1,-1,-1,AB5996,0,2,10
C667,C680,12:52:40,1,-1,-1,AB6353,1,2,90
T319,T320,12:52:50,1,-1,-1,AB5996,0,2,50
C680,C669/1,12:53:20,1,-1,1,AB6353,0,2,30
T320,T321/2,12:54:21,1,-1,-1,AB5996,0,2,10
C669/1,C693,12:54:53,1,-1,1,AB6353,0,2,62
T336/2,T335,12:55:03,1,-1,1,AB6335,0,2,30
T321/2,T323,12:55:54,1,-1,1,AB5996,0,2,30
T335,T338,12:56:14,1,-1,1,AB6335,0,2,10
C693,C681,12:56:44,1,-1,-1,AB6353,0,2,80
T323,T324/2,12:57:15,1,-1,1,AB5996,0,2,10
T338,T326/3,12:57:55,1,-1,-1,AB6335,0,2,50
T324/2,T327,12:58:46,1,-1,1,AB5996,0,2,70
T326/3,T332/2,12:59:16,1,-1,1,AB6335,0,2,60
C681,C695,12:59:36,1,-1,-1,AB6353,1,2,161
T327,T326/1,12:59:46,1,-1,1,AB5996,0,2,30
T326/1,T337,13:00:47,1,-1,1,AB5996,0,2,50
T332/2,T325/2,13:01:07,1,-1,1,AB6335,0,2,60
C695,C673,13:01:28,1,-1,-1,AB6353,0,2,101
T337,T336/2,13:01:38,1,-1,1,AB5996,0,2,20
T325/2,T339/2,13:02:08,1,-1,1,AB6335,0,2,20
C673,C672,13:02:08,1,-1,1,AB6353,0,2,30
T339/2,T313,13:03:59,1,-1,1,AB6335,0,2,60
T313,T315,13:05:02,1,-1,1,AB6335,0,2,20
C672,C670,13:05:33,1,-1,1,AB6353,0,2,154
T315,T375,13:06:24,1,-1,1,AB6335,0,2,70
T375,T380,13:08:15,1,-1,1,AB6335,0,2,40
C670,C694,13:08:45,1,-1,-1,AB6353,1,2,131
T380,T379,13:09:05,1,-1,1,AB6335,0,2,10
T379,T359,13:09:36,1,-1,1,AB6335,0,2,20
C694,C669/2,13:10:06,1,-1,-1,AB6353,0,2,40
T359,T355/1,13:10:36,1,-1,1,AB6335,0,2,50
C669/2,C687,13:11:27,1,-1,1,AB6353,0,2,30
C687,C675,13:12:58,1,-1,1,AB6353,0,2,70
C675,C668,13:13:39,1,-1,1,AB6353,0,2,30
C668,C665,13:14:29,1,-1,1,AB6353,1,2,40
C665,C663,13:14:49,1,-1,1,AB6353,0,2,10
C663,C661,13:15:35,1,-1,1,AB6353,0,2,35
C661,C659,13:16:15,1,-1,1,AB6353,0,2,30
C688/1,C691,13:16:35,1,-1,1,AB6335,0,2,30
C659,C656,13:17:46,1,-1,1,AB6353,0,2,50
C691,C652,13:18:06,1,-1,1,AB6335,0,2,50
C656,C654/2,13:18:57,1,-1,1,AB6353,0,2,60
C652,C655,13:19:27,1,-1,1,AB6335,0,2,40
C655,C657,13:20:48,1,-1,1,AB6335,0,2,40
C654/2,C653/2,13:21:08,1,-1,1,AB6353,0,2,111
C657,C660,13:21:39,1,-1,1,AB6335,0,2,40
C660,C662,13:22:50,1,-1,1,AB6335,0,2,30
C653/2,C692,13:23:10,1,-1,1,AB6353,0,2,111
C662,C664,13:23:20,1,-1,1,AB6335,0,2,20
C664,C666,13:23:44,1,-1,1,AB6335,0,2,10
C692,C689/1,13:23:54,1,-1,1,AB6353,0,2,20
C666,C677,13:24:14,1,-1,1,AB6335,0,2,20
C677,C667,13:25:05,1,-1,1,AB6335,0,2,20
C667,C676,13:25:25,1,-1,-1,AB6335,0,2,10
C676,C680,13:26:36,1,-1,-1,AB6335,0,2,60
C689/1,T360,13:27:16,1,-1,1,AB6353,0,2,172
T336/2,T335,13:27:37,1,-1,1,AB5996,0,2,30
C680,C669/1,13:27:37,1,-1,1,AB6335,0,2,30
T335,T338,13:28:07,1,-1,1,AB5996,0,2,10
T360,T376/1,13:28:07,1,-1,1,AB6353,0,2,20
C669/1,C693,13:29:18,1,-1,1,AB6335,0,2,60
T338,T326/3,13:29:28,1,-1,-1,AB5996,0,2,70
T376/1,T363/1,13:29:58,1,-1,1,AB6353,0,2,101
T326/3,T332/2,13:30:49,1,-1,1,AB5996,0,2,70
C693,C681,13:31:09,1,-1,-1,AB6335,0,2,81
C681,C671,13:32:11,1,-1,-1,AB6335,0,2,51
T363/1,T306,13:32:11,1,-1,1,AB6353,0,2,61
T332/2,T325/2,13:32:32,1,-1,1,AB5996,0,2,82
T306,T314/2,13:33:12,1,-1,-1,AB6353,0,2,40
T325/2,T339/2,13:33:34,1,-1,1,AB5996,0,2,32
C671,C695,13:33:55,1,-1,-1,AB6335,0,2,82
T339/2,T313,13:34:55,1,-1,1,AB5996,0,2,50
C695,C673,13:35:56,1,-1,-1,AB6335,0,2,91
T318,T319,13:35:56,1,-1,-1,AB6353,0,2,50
T313,T315,13:36:16,1,-1,1,AB5996,0,2,20
C673,C672,13:36:47,1,-1,1,AB6335,0,2,40
T319,T320,13:37:17,1,-1,-1,AB6353,0,2,60
T315,T375,13:37:47,1,-1,1,AB5996,0,2,80
T375,T380,13:38:38,1,-1,1,AB5996,0,2,30
T320,T321/2,13:38:48,1,-1,-1,AB6353,0,2,20
T380,T379,13:39:08,1,-1,1,AB5996,0,2,10
C672,C670,13:39:18,1,-1,1,AB6335,0,2,121
C670,C679,13:40:09,1,-1,1,AB6335,0,2,30
T321/2,T323,13:40:09,1,-1,1,AB6353,0,2,30
T379,T359,13:40:50,1,-1,1,AB5996,0,2,70
T323,T324/2,13:41:20,1,-1,1,AB6353,0,2,10
C679,C694,13:41:50,1,-1,-1,AB6335,0,2,91
T359,T355/1,13:42:11,1,-1,1,AB5996,0,2,70
C694,C669/2,13:42:34,1,-1,-1,AB6335,0,2,33
T324/2,T327,13:42:54,1,-1,1,AB6353,0,2,63
C669/2,C687,13:43:45,1,-1,1,AB6335,0,2,30
T327,T326/1,13:43:55,1,-1,1,AB6353,0,2,20
C687,C675,13:44:56,1,-1,1,AB6335,0,2,60
T326/1,T337,13:45:16,1,-1,1,AB6353,0,2,70
C675,C668,13:45:37,1,-1,1,AB6335,0,2,20
T337,T336/2,13:45:57,1,-1,1,AB6353,0,2,30
C668,C678,13:46:07,1,-1,1,AB6335,0,2,20
C678,C665,13:46:37,1,-1,1,AB6335,0,2,20
C665,C663,13:47:08,1,-1,1,AB6335,0,2,20
C688/1,C691,13:47:49,1,-1,1,AB5996,0,2,71
C663,C661,13:48:19,1,-1,1,AB6335,0,2,30
C661,C659,13:48:59,1,-1,1,AB6335,0,2,30
C691,C652,13:49:34,1,-1,1,AB5996,0,2,64
C652,C655,13:50:14,1,-1,1,AB5996,0,2,30
C659,C656,13:50:55,1,-1,1,AB6335,0,2,40
C655,C657,13:51:25,1,-1,1,AB5996,0,2,40
C656,C654/2,13:51:55,1,-1,1,AB6335,0,2,40
C657,C664,13:53:16,1,-1,1,AB5996,2,2,101
C654/2,C653/2,13:53:26,1,-1,1,AB6335,0,2,70
C664,C666,13:53:47,1,-1,1,AB5996,0,2,20
C666,C677,13:54:17,1,-1,1,AB5996,0,2,20
C653/2,C692,13:55:08,1,-1,1,AB6335,0,2,80
C677,C680,13:56:18,1,-1,-1,AB5996,2,2,101
C692,C689/1,13:56:39,1,-1,1,AB6335,0,2,30
C680,C669/1,13:56:49,1,-1,1,AB5996,0,2,20
C669/1,C693,13:57:59,1,-1,1,AB5996,0,2,50
C693,C681,13:59:16,1,-1,-1,AB5996,0,2,65
C689/1,T360,14:00:57,1,-1,1,AB6335,0,2,141
C681,C695,14:01:38,1,-1,-1,AB5996,1,2,131
C695,C673,14:03:19,1,-1,-1,AB5996,0,2,70
T360,T376/1,14:03:39,1,-1,1,AB6335,0,2,151
C673,C672,14:03:59,1,-1,1,AB5996,0,2,30
T336/2,T335,14:05:00,1,-1,1,AB6353,0,2,30
T335,T338,14:05:50,1,-1,1,AB6353,0,2,10
C672,C670,14:06:21,1,-1,1,AB5996,0,2,111
T376/1,T363/1,14:07:03,1,-1,1,AB6335,0,2,194
T338,T326/3,14:07:24,1,-1,-1,AB6353,0,2,62
C670,C679,14:07:24,1,-1,1,AB5996,0,2,30
T326/3,T332/2,14:08:24,1,-1,1,AB6353,0,2,40
C679,C694,14:08:55,1,-1,-1,AB5996,0,2,80
T363/1,T306,14:09:15,1,-1,1,AB6335,0,2,70
C694,C669/2,14:09:45,1,-1,-1,AB5996,0,2,40
T306,T314/2,14:10:05,1,-1,-1,AB6335,0,2,40
T332/2,T325/2,14:10:15,1,-1,1,AB6353,0,2,70
C669/2,C687,14:10:36,1,-1,1,AB5996,0,2,30
T325/2,T339/2,14:10:46,1,-1,1,AB6353,0,2,20
T318,T319,14:11:57,1,-1,-1,AB6335,0,2,10
C687,C675,14:12:07,1,-1,1,AB5996,0,2,60
T339/2,T313,14:12:17,1,-1,1,AB6353,0,2,50
C675,C678,14:12:57,1,-1,1,AB5996,1,2,40
T313,T315,14:13:17,1,-1,1,AB6353,0,2,20
C678,C665,14:13:17,1,-1,1,AB5996,0,2,10
T319,T320,14:13:28,1,-1,-1,AB6335,0,2,70
C665,C663,14:13:58,1,-1,1,AB5996,0,2,20
C663,C661,14:14:28,1,-1,1,AB5996,0,2,20
T315,T375,14:14:59,1,-1,1,AB6353,0,2,70
C661,C659,14:14:59,1,-1,1,AB5996,0,2,20
T375,T380,14:15:59,1,-1,1,AB6353,0,2,20
T320,T321/2,14:15:59,1,-1,-1,AB6335,0,2,20
C659,C656,14:16:30,1,-1,1,AB5996,0,2,50
T380,T379,14:16:40,1,-1,1,AB6353,0,2,20
T321/2,T323,14:17:00,1,-1,1,AB6335,0,2,30
T379,T359,14:17:20,1,-1,1,AB6353,0,2,20
C656,C654/2,14:17:20,1,-1,1,AB5996,0,2,40
T323,T324/2,14:18:05,1,-1,1,AB6335,0,2,10
T359,T355/1,14:18:25,1,-1,1,AB6353,0,2,50
T324/2,T327,14:19:16,1,-1,1,AB6335,0,2,60
C654/2,C653/2,14:19:26,1,-1,1,AB5996,0,2,70
T327,T326/1,14:19:56,1,-1,1,AB6335,0,2,30
T326/1,T337,14:21:07,1,-1,1,AB6335,0,2,60
C653/2,C692,14:21:17,1,-1,1,AB5996,0,2,101
T337,T336/2,14:22:18,1,-1,1,AB6335,0,2,30
C692,C689/1,14:23:19,1,-1,1,AB5996,0,2,70
C688/1,C691,14:23:29,1,-1,1,AB6353,0,2,40
C691,C652,14:25:25,1,-1,1,AB6353,0,2,85
C689/1,T360,14:26:16,1,-1,1,AB5996,0,2,136
C652,C655,14:26:46,1,-1,3,AB6353,0,2,30
C655,C657,14:27:57,1,-1,3,AB6353,0,2,40
T360,T376/1,14:28:07,1,-1,1,AB5996,0,2,70
C657,C660,14:28:48,1,-1,1,AB6353,0,2,40
C660,C662,14:29:28,1,-1,1,AB6353,0,2,30
T376/1,T363/1,14:29:38,1,-1,1,AB5996,0,2,80
C662,C664,14:29:59,1,-1,1,AB6353,0,2,20
C664,C677,14:30:49,1,-1,3,AB6353,1,2,30
C677,C676,14:31:50,1,-1,-1,AB6353,1,2,50
T363/1,T314/2,14:32:10,1,-1,-1,AB5996,1,2,90
T314/2,T318,14:33:04,1,-1,-1,AB5996,0,2,10
C676,C680,14:33:14,1,-1,-1,AB6353,0,2,53
T318,T319,14:33:54,1,-1,-1,AB5996,0,2,10
C680,C669/1,14:34:05,1,-1,1,AB6353,0,2,20
C669/1,C693,14:35:25,1,-1,1,AB6353,0,2,50
C693,C681,14:36:47,1,-1,-1,AB6353,0,2,71
T319,T320,14:36:47,1,-1,-1,AB5996,0,2,152
C681,C671,14:37:48,1,-1,-1,AB6353,0,2,50
T320,T321/2,14:38:08,1,-1,-1,AB5996,0,2,10
T336/2,T335,14:39:39,1,-1,1,AB6335,0,2,20
C671,C695,14:39:39,1,-1,-1,AB6353,0,2,101
T321/2,T323,14:39:39,1,-1,1,AB5996,0,2,40
T335,T338,14:40:20,1,-1,1,AB6335,0,2,10
T323,T324/2,14:40:50,1,-1,1,AB5996,0,2,20
T338,T326/3,14:41:42,1,-1,-1,AB6335,0,2,62
T324/2,T327,14:42:03,1,-1,1,AB5996,0,2,62
T326/3,T332/2,14:42:53,1,-1,1,AB6335,0,2,50
C695,C672,14:43:03,1,-1,1,AB6353,1,2,184
T327,T326/1,14:43:03,1,-1,1,AB5996,0,2,30
T326/1,T337,14:44:15,1,-1,1,AB5996,0,2,51
T332/2,T325/2,14:44:35,1,-1,1,AB6335,0,2,60
T337,T336/2,14:45:06,1,-1,1,AB5996,0,2,30
T325/2,T339/2,14:45:26,1,-1,1,AB6335,0,2,20
C672,C670,14:45:57,1,-1,1,AB6353,0,2,131
T339/2,T313,14:46:57,1,-1,1,AB6335,0,2,60
C670,C679,14:46:57,1,-1,1,AB6353,0,2,40
T313,T315,14:47:48,1,-1,1,AB6335,0,2,10
T315,T375,14:49:19,1,-1,1,AB6335,0,2,80
C679,C694,14:49:19,1,-1,-1,AB6353,0,2,90
C694,C669/2,14:50:20,1,-1,-1,AB6353,0,2,40
T375,T380,14:50:54,1,-1,1,AB6335,0,2,65
C669/2,C687,14:51:25,1,-1,-1,AB6353,0,2,30
T380,T379,14:51:35,1,-1,1,AB6335,0,2,10
C687,C675,14:53:06,1,-1,1,AB6353,0,2,70
C675,C668,14:53:36,1,-1,1,AB6353,0,2,20
C668,C678,14:54:27,1,-1,1,AB6353,0,2,10
C678,C665,14:54:57,1,-1,1,AB6353,0,2,20
C665,C663,14:55:48,1,-1,1,AB6353,0,2,20
C663,C661,14:56:49,1,-1,1,AB6353,0,2,30
C661,C659,14:57:39,1,-1,1,AB6353,0,2,30
C659,C656,14:59:35,1,-1,1,AB6353,0,2,50
C688/1,C691,14:59:45,1,-1,1,AB6335,0,2,50
C656,C654/2,15:00:46,1,-1,1,AB6353,0,2,60
C691,C652,15:02:37,1,-1,1,AB6335,0,2,121
C654/2,C653/2,15:02:57,1,-1,1,AB6353,0,2,111
C652,C655,15:03:37,1,-1,1,AB6335,0,2,30
C653/2,C692,15:04:38,1,-1,1,AB6353,0,2,60
C655,C657,15:04:58,1,-1,1,AB6335,0,2,50
C692,C689/1,15:05:59,1,-1,1,AB6353,0,2,20
C657,C660,15:06:09,1,-1,1,AB6335,0,2,60
C660,C662,15:07:11,1,-1,1,AB6335,0,2,31
C662,C664,15:07:52,1,-1,1,AB6335,0,2,31
C664,C666,15:08:33,1,-1,1,AB6335,0,2,10
C666,C677,15:09:03,1,-1,1,AB6335,0,2,20
C677,C667,15:09:34,1,-1,1,AB6335,0,2,20
C667,C676,15:09:54,1,-1,-1,AB6335,0,2,10
C689/1,T360,15:10:04,1,-1,1,AB6353,0,2,162
C676,C680,15:11:25,1,-1,-1,AB6335,0,2,60
C680,C669/1,15:12:16,1,-1,1,AB6335,0,2,20
T360,T376/1,15:12:16,1,-1,1,AB6353,0,2,102
T336/2,T335,15:12:57,1,-1,1,AB5996,0,2,30
C669/1,C693,15:13:27,1,-1,1,AB6335,0,2,50
C693,C681,15:14:49,1,-1,-1,AB6335,0,2,70
T338,T326/3,15:15:09,1,-1,-1,AB5996,0,2,60
T326/3,T332/2,15:16:25,1,-1,1,AB5996,0,2,55
C681,C671,15:16:25,1,-1,-1,AB6335,0,2,66
T376/1,T363/1,15:16:25,1,-1,1,AB6353,0,2,147
C671,C695,15:17:56,1,-1,-1,AB6335,0,2,80
T332/2,T325/2,15:18:16,1,-1,1,AB5996,0,2,80
T363/1,T306,15:18:26,1,-1,1,AB6353,0,2,90
T325/2,T339/2,15:18:57,1,-1,1,AB5996,0,2,30
T306,T314/2,15:19:27,1,-1,-1,AB6353,0,2,30
C695,C672,15:20:48,1,-1,1,AB6335,1,2,141
T314/2,T318,15:20:48,1,-1,-1,AB6353,0,2,10
C670,C679,15:24:09,1,-1,1,AB6335,0,2,30
T375,T380,15:26:37,1,-1,1,AB5996,0,2,30
C694,C669/2,15:26:37,1,-1,-1,AB6335,0,2,40
T321/2,T323,15:26:37,1,-1,1,AB6353,0,2,50
T323,T324/2,15:26:57,1,-1,1,AB6353,0,2,10
T380,T379,15:27:17,1,-1,1,AB5996,0,2,10
C669/2,C687,15:28:18,1,-1,2,AB6335,0,2,50
T324/2,T327,15:28:18,1,-1,1,AB6353,0,2,60
T327,T326/1,15:29:08,1,-1,1,AB6353,0,2,20
T379,T359,15:29:19,1,-1,1,AB5996,0,2,70
C687,C675,15:29:19,1,-1,3,AB6335,0,2,50
C675,C678,15:30:19,1,-1,1,AB6335,1,2,40
T326/1,T337,15:30:29,1,-1,1,AB6353,0,2,70
T359,T355/1,15:30:40,1,-1,1,AB5996,0,2,70
T337,T336/2,15:31:20,1,-1,1,AB6353,0,2,40
C678,C663,15:31:34,1,-1,1,AB6335,1,2,44
C663,C659,15:32:55,1,-1,1,AB6335,1,2,60
C659,C656,15:35:06,1,-1,1,AB6335,0,2,50
C656,C654/2,15:36:17,1,-1,1,AB6335,0,2,50
C688/1,C691,15:36:37,1,-1,1,AB5996,0,2,30
C654/2,C653/2,15:38:48,1,-1,1,AB6335,0,2,131
C691,C652,15:39:09,1,-1,1,AB5996,0,2,121
C652,C655,15:40:25,1,-1,-1,AB5996,0,2,30
C653/2,C692,15:41:05,1,-1,-1,AB6335,0,2,126
C655,C657,15:41:45,1,-1,-1,AB5996,0,2,50
C657,C660,15:42:56,1,-1,-1,AB5996,0,2,50
C660,C662,15:43:57,1,-1,-1,AB5996,0,2,20
C662,C666,15:44:58,1,-1,-1,AB5996,1,2,50
C689/1,T360,15:45:08,1,-1,1,AB6335,0,2,141
C666,C677,15:45:18,1,-1,1,AB5996,0,2,10
T336/2,T335,15:45:28,1,-1,1,AB6353,0,2,20
C677,C667,15:45:58,1,-1,1,AB5996,0,2,20
T360,T376/1,15:46:08,1,-1,1,AB6335,0,2,30
T335,T338,15:46:18,1,-1,1,AB6353,0,2,10
C667,C676,15:46:29,1,-1,-1,AB5996,0,2,20
C676,C680,15:47:50,1,-1,-1,AB5996,0,2,61
T376/1,T363/1,15:48:10,1,-1,1,AB6335,0,2,111
T338,T326/3,15:48:52,1,-1,-1,AB6353,0,2,92
C680,C669/1,15:48:52,1,-1,1,AB5996,0,2,20
T326/3,T332/2,15:49:43,1,-1,1,AB6353,0,2,40
T363/1,T306,15:50:03,1,-1,1,AB6335,0,2,60
C669/1,C693,15:50:13,1,-1,1,AB5996,0,2,60
T306,T314/2,15:50:54,1,-1,-1,AB6335,0,2,40
T332/2,T325/2,15:51:24,1,-1,1,AB6353,0,2,50
C693,C681,15:51:34,1,-1,-1,AB5996,0,2,70
T314/2,T318,15:52:15,1,-1,-1,AB6335,0,2,10
T325/2,T339/2,15:52:35,1,-1,1,AB6353,0,2,20
C681,C671,15:52:35,1,-1,-1,AB5996,0,2,50
T318,T319,15:53:06,1,-1,-1,AB6335,0,2,10
T319,T320,15:54:06,1,-1,-1,AB6335,0,2,40
T339/2,T315,15:55:22,1,-1,1,AB6353,1,2,126
C671,C673,15:56:13,1,-1,-1,AB5996,1,2,187
T315,T375,15:56:53,1,-1,1,AB6353,0,2,80
T321/2,T323,15:56:53,1,-1,1,AB6335,0,2,20
C673,C672,15:57:14,1,-1,1,AB5996,0,2,30
T323,T324/2,15:57:44,1,-1,1,AB6335,0,2,20
T375,T380,15:58:24,1,-1,1,AB6353,0,2,30
T324/2,T327,15:58:55,1,-1,1,AB6335,0,2,60
T380,T379,15:59:05,1,-1,1,AB6353,0,2,20
T379,T359,15:59:45,1,-1,1,AB6353,0,2,30
T327,T326/1,15:59:45,1,-1,1,AB6335,0,2,30
C672,C670,16:00:36,1,-1,1,AB5996,0,2,171
T326/1,T337,16:00:56,1,-1,1,AB6335,0,2,60
C670,C679,16:01:06,1,-1,1,AB5996,0,2,10
T359,T355/1,16:01:26,1,-1,1,AB6353,0,2,90
T337,T336/2,16:01:46,1,-1,1,AB6335,0,2,40
C679,C694,16:02:37,1,-1,-1,AB5996,0,2,80
C694,C669/2,16:03:38,1,-1,-1,AB5996,0,2,40
C669/2,C687,16:04:18,1,-1,1,AB5996,0,2,20
C687,C675,16:05:49,1,-1,3,AB5996,0,2,60
C675,C668,16:06:19,1,-1,1,AB5996,0,2,20
C668,C678,16:06:50,1,-1,1,AB5996,0,2,20
C678,C665,16:07:20,1,-1,1,AB5996,0,2,20
C665,C663,16:07:52,1,-1,1,AB5996,0,2,20
C688/1,C691,16:08:02,1,-1,1,AB6353,0,2,41
C663,C661,16:08:32,1,-1,1,AB5996,0,2,30
C661,C659,16:09:03,1,-1,1,AB5996,0,2,20
C691,C652,16:10:24,1,-1,1,AB6353,0,2,101
C659,C656,16:11:05,1,-1,1,AB5996,0,2,71
C652,C655,16:11:35,1,-1,1,AB6353,0,2,30
C656,C654/2,16:12:05,1,-1,1,AB5996,0,2,30
C657,C660,16:13:26,1,-1,1,AB6353,0,2,30
C660,C662,16:14:17,1,-1,1,AB6353,0,2,20
C662,C664,16:14:47,1,-1,1,AB6353,0,2,20
C654/2,C653/2,16:14:58,1,-1,1,AB5996,0,2,101
C666,C677,16:15:54,1,-1,1,AB6353,0,2,10
C677,C667,16:16:24,1,-1,1,AB6353,0,2,20
C667,C676,16:16:44,1,-1,-1,AB6353,0,2,10
C653/2,C692,16:16:44,1,-1,1,AB5996,0,2,60
C676,C680,16:17:46,1,-1,-1,AB6353,0,2,51
C680,C669/1,16:18:26,1,-1,1,AB6353,0,2,30
C692,C689/1,16:18:26,1,-1,1,AB5996,0,2,20
C669/1,C693,16:19:37,1,-1,1,AB6353,0,2,60
C693,C681,16:20:48,1,-1,-1,AB6353,0,2,60
T336/2,T335,16:21:08,1,-1,1,AB6335,0,2,40
C681,C671,16:21:38,1,-1,-1,AB6353,0,2,40
C689/1,T360,16:21:48,1,-1,1,AB5996,0,2,121
T335,T338,16:21:59,1,-1,1,AB6335,0,2,10
C671,C695,16:23:19,1,-1,-1,AB6353,0,2,90
T360,T376/1,16:23:40,1,-1,1,AB5996,0,2,60
T338,T326/3,16:23:50,1,-1,-1,AB6335,0,2,60
T326/3,T332/2,16:24:52,1,-1,1,AB6335,0,2,31
C695,C673,16:25:12,1,-1,-1,AB6353,0,2,92
T376/1,T363/1,16:25:22,1,-1,1,AB5996,0,2,92
T332/2,T325/2,16:26:33,1,-1,1,AB6335,0,2,70
C673,C672,16:26:33,1,-1,1,AB6353,0,2,30
T363/1,T306,16:27:24,1,-1,1,AB5996,0,2,80
T325/2,T339/2,16:27:34,1,-1,1,AB6335,0,2,30
T306,T318,16:28:44,1,-1,-1,AB5996,1,2,50
C672,C670,16:28:55,1,-1,1,AB6353,0,2,101
T339/2,T313,16:29:15,1,-1,1,AB6335,0,2,70
T313,T315,16:29:55,1,-1,1,AB6335,0,2,20
C670,C694,16:31:06,1,-1,-1,AB6353,1,2,121
T318,T319,16:31:16,1,-1,-1,AB5996,0,2,101
C694,C669/2,16:31:57,1,-1,-1,AB6353,0,2,40
T319,T320,16:32:17,1,-1,-1,AB5996,0,2,30
T315,T375,16:32:27,1,-1,1,AB6335,0,2,121
C669/2,C687,16:33:07,1,-1,1,AB6353,0,2,30
T320,T321/2,16:33:18,1,-1,-1,AB5996,0,2,10
T375,T380,16:33:38,1,-1,1,AB6335,0,2,30
T380,T379,16:34:39,1,-1,1,AB6335,0,2,20
C687,C675,16:34:59,1,-1,1,AB6353,0,2,60
C675,C668,16:35:19,1,-1,-1,AB6353,0,2,10
T321/2,T323,16:35:39,1,-1,1,AB5996,0,2,30
C668,C678,16:35:59,1,-1,-1,AB6353,0,2,10
T379,T359,16:36:20,1,-1,1,AB6335,0,2,30
T323,T324/2,16:36:30,1,-1,1,AB5996,0,2,20
C678,C665,16:36:51,1,-1,-1,AB6353,0,2,20
T359,T355/1,16:37:54,1,-1,1,AB6335,0,2,63
C665,C661,16:37:54,1,-1,-1,AB6353,1,2,53
T324/2,T327,16:38:15,1,-1,1,AB5996,0,2,73
C661,C659,16:38:25,1,-1,1,AB6353,0,2,20
T327,T326/1,16:39:15,1,-1,1,AB5996,0,2,40
C659,C656,16:39:46,1,-1,1,AB6353,0,2,30
T326/1,T337,16:40:26,1,-1,-1,AB5996,0,2,50
C656,C654/2,16:40:46,1,-1,-1,AB6353,0,2,40
T337,T336/2,16:41:37,1,-1,-1,AB5996,0,2,30
C654/2,C653/2,16:42:48,1,-1,-1,AB6353,0,2,101
C688/1,C691,16:44:49,1,-1,-1,AB6335,0,2,70
C653/2,C692,16:44:49,1,-1,-1,AB6353,0,2,60
C692,C689/1,16:46:20,1,-1,1,AB6353,0,2,30
C691,C652,16:47:02,1,-1,1,AB6335,0,2,92
C652,C655,16:47:54,1,-1,1,AB6335,0,2,31
C655,C657,16:49:25,1,-1,1,AB6335,0,2,50
C689/1,T360,16:49:25,1,-1,1,AB6353,0,2,132
C657,C660,16:50:15,1,-1,1,AB6335,0,2,40
C660,C662,16:51:06,1,-1,1,AB6335,0,2,20
C662,C664,16:51:47,1,-1,1,AB6335,0,2,30
C664,C677,16:52:27,1,-1,1,AB6335,1,2,30
C677,C667,16:52:58,1,-1,1,AB6335,0,2,20
C667,C676,16:53:28,1,-1,-1,AB6335,0,2,20
T360,T363/1,16:53:28,1,-1,1,AB6353,1,2,192
C676,C680,16:54:39,1,-1,-1,AB6335,0,2,50
C680,C669/1,16:55:40,1,-1,1,AB6335,0,2,20
T363/1,T306,16:55:40,1,-1,1,AB6353,0,2,60
T336/2,T335,16:55:50,1,-1,1,AB5996,0,2,20
C669/1,C693,16:57:05,1,-1,1,AB6335,0,2,64
T306,T314/2,16:57:25,1,-1,-1,AB6353,0,2,95
C693,C681,16:58:16,1,-1,-1,AB6335,0,2,60
T338,T326/3,16:58:46,1,-1,-1,AB5996,0,2,111
C681,C671,16:59:17,1,-1,-1,AB6335,0,2,40
T326/3,T332/2,16:59:37,1,-1,1,AB5996,0,2,40
T318,T319,16:59:37,1,-1,-1,AB6353,0,2,60
T319,T320,17:00:58,1,-1,-1,AB6353,0,2,70
C671,C695,17:01:18,1,-1,-1,AB6335,0,2,90
T332/2,T325/2,17:02:39,1,-1,1,AB5996,0,2,141
T320,T321/2,17:02:49,1,-1,-1,AB6353,0,2,20
C695,C673,17:02:59,1,-1,-1,AB6335,0,2,90
T325/2,T339/2,17:03:30,1,-1,2,AB5996,0,2,40
C673,C672,17:03:40,1,-1,1,AB6335,0,2,30
T321/2,T323,17:04:00,1,-1,1,AB6353,0,2,30
T323,T324/2,17:04:43,1,-1,1,AB6353,0,2,10
T339/2,T313,17:05:33,1,-1,1,AB5996,0,2,83
T313,T315,17:06:24,1,-1,1,AB5996,0,2,20
T324/2,T327,17:06:24,1,-1,1,AB6353,0,2,70
C672,C670,17:06:34,1,-1,1,AB6335,0,2,143
T327,T326/1,17:07:24,1,-1,1,AB6353,0,2,20
T315,T375,17:08:05,1,-1,1,AB5996,0,2,90
C670,C694,17:09:15,1,-1,-1,AB6335,1,2,131
T326/1,T337,17:09:15,1,-1,1,AB6353,0,2,70
T375,T380,17:10:06,1,-1,1,AB5996,0,2,30
C694,C669/2,17:10:06,1,-1,-1,AB6335,0,2,30
T337,T336/2,17:10:16,1,-1,1,AB6353,0,2,30
T380,T379,17:11:17,1,-1,1,AB5996,0,2,10
C669/2,C687,17:11:17,1,-1,1,AB6335,0,2,30
C687,C675,17:12:48,1,-1,1,AB6335,0,2,60
T379,T359,17:13:18,1,-1,1,AB5996,0,2,90
C675,C668,17:13:18,1,-1,1,AB6335,0,2,20
C668,C678,17:13:58,1,-1,1,AB6335,0,2,10
T359,T355/1,17:14:59,1,-1,1,AB5996,0,2,60
C678,C661,17:15:29,1,-1,1,AB6335,2,2,80
C661,C659,17:16:10,1,-1,1,AB6335,0,2,30
C659,C656,17:17:36,1,-1,1,AB6335,0,2,41
C656,C654/2,17:18:47,1,-1,1,AB6335,0,2,50
C688/1,C691,17:21:08,1,-1,1,AB5996,0,2,30
C654/2,C653/2,17:21:08,1,-1,1,AB6335,0,2,50
C653/2,C692,17:22:42,1,-1,1,AB6335,0,2,73
C691,C652,17:23:12,1,-1,1,AB5996,0,2,83
C652,C655,17:24:39,1,-1,1,AB5996,0,2,20
C655,C657,17:25:41,1,-1,1,AB5996,0,2,41
C692,T360,17:26:12,1,-1,1,AB6335,1,2,179
C657,C660,17:26:32,1,-1,1,AB5996,0,2,40
C660,C662,17:27:12,1,-1,1,AB5996,0,2,20
C662,C664,17:27:54,1,-1,1,AB5996,0,2,31
T360,T376/1,17:28:04,1,-1,1,AB6335,0,2,92
C664,C677,17:28:45,1,-1,1,AB5996,1,2,40
C677,C667,17:29:15,1,-1,1,AB5996,0,2,20
C667,C676,17:29:57,1,-1,-1,AB5996,0,2,10
C676,C680,17:30:57,1,-1,-1,AB5996,0,2,50
T376/1,T363/1,17:30:57,1,-1,2,AB6335,0,2,162
C680,C669/1,17:31:38,1,-1,1,AB5996,0,2,30
C669/1,C693,17:32:48,1,-1,1,AB5996,0,2,50
T363/1,T306,17:33:09,1,-1,1,AB6335,0,2,70
T306,T314/2,17:34:09,1,-1,-1,AB6335,0,2,50
T335,T338,17:34:40,1,-1,1,AB6353,0,2,10
C693,C671,17:35:10,1,-1,-1,AB5996,1,2,131
T338,T326/3,17:36:34,1,-1,-1,AB6353,0,2,73
T318,T319,17:36:34,1,-1,-1,AB6335,0,2,11
C671,C695,17:37:04,1,-1,-1,AB5996,0,2,81
T326/3,T332/2,17:37:24,1,-1,1,AB6353,0,2,30
T319,T320,17:37:55,1,-1,-1,AB6335,0,2,60
C695,C673,17:39:06,1,-1,-1,AB5996,0,2,91
T332/2,T325/2,17:39:56,1,-1,1,AB6353,0,2,90
T320,T321/2,17:39:56,1,-1,-1,AB6335,0,2,10
C673,C672,17:40:06,1,-1,1,AB5996,0,2,50
T325/2,T339/2,17:40:57,1,-1,1,AB6353,0,2,30
T321/2,T323,17:41:07,1,-1,1,AB6335,0,2,30
T323,T324/2,17:41:47,1,-1,1,AB6335,0,2,10
C672,C670,17:42:38,1,-1,1,AB5996,0,2,131
T339/2,T313,17:43:18,1,-1,1,AB6353,0,2,91
C670,C679,17:43:29,1,-1,1,AB5996,0,2,30
T324/2,T327,17:43:59,1,-1,1,AB6335,0,2,80
T313,T315,17:44:09,1,-1,1,AB6353,0,2,20
T327,T326/1,17:44:49,1,-1,1,AB6335,0,2,30
C679,C694,17:45:20,1,-1,-1,AB5996,0,2,80
T315,T375,17:46:15,1,-1,1,AB6353,0,2,105
C694,C669/2,17:46:15,1,-1,-1,AB5996,0,2,40
T326/1,T337,17:46:25,1,-1,1,AB6335,0,2,65
C669/2,C687,17:47:06,1,-1,2,AB5996,0,2,30
T337,T336/2,17:47:06,1,-1,1,AB6335,0,2,30
T375,T380,17:47:46,1,-1,1,AB6353,0,2,50
T380,T379,17:48:37,1,-1,1,AB6353,0,2,20
C687,C675,17:48:47,1,-1,3,AB5996,0,2,60
T379,T359,17:49:07,1,-1,1,AB6353,0,2,10
C675,C668,17:49:37,1,-1,1,AB5996,0,2,20
C668,C678,17:50:08,1,-1,1,AB5996,0,2,10
T359,T355/1,17:50:18,1,-1,1,AB6353,0,2,60
C678,C665,17:50:38,1,-1,1,AB5996,0,2,20
C665,C663,17:51:08,1,-1,1,AB5996,0,2,20
C663,C661,17:52:19,1,-1,1,AB5996,0,2,30
C661,C659,17:52:49,1,-1,1,AB5996,0,2,20
C659,C656,17:54:34,1,-1,1,AB5996,0,2,40
C656,C654/2,17:55:55,1,-1,1,AB5996,0,2,50
C688/1,C691,17:56:15,1,-1,1,AB6353,0,2,30
C691,C652,17:57:46,1,-1,1,AB6353,0,2,60
C654/2,C653/2,17:57:56,1,-1,1,AB5996,0,2,81
C652,C655,17:58:47,1,-1,2,AB6353,0,2,20
C653/2,C692,17:59:58,1,-1,1,AB5996,0,2,111
C655,C657,18:00:08,1,-1,1,AB6353,0,2,40
C657,C660,18:01:09,1,-1,1,AB6353,0,2,30
C692,C689/1,18:01:19,1,-1,1,AB5996,0,2,40
C660,C662,18:01:59,1,-1,1,AB6353,0,2,20
C662,C664,18:02:29,1,-1,1,AB6353,0,2,20
C664,C666,18:03:00,1,-1,1,AB6353,0,2,20
C666,C677,18:03:20,1,-1,-1,AB6353,0,2,10
C677,C667,18:04:15,1,-1,-1,AB6353,0,2,20
C689/1,T360,18:04:35,1,-1,1,AB5996,0,2,155
C667,C676,18:04:55,1,-1,-1,AB6353,0,2,20
T360,T376/1,18:05:26,1,-1,1,AB5996,0,2,20
C676,C680,18:06:06,1,-1,-1,AB6353,0,2,60
T336/2,T335,18:06:26,1,-1,1,AB6335,0,2,50
C680,C669/1,18:06:57,1,-1,1,AB6353,0,2,20
T335,T338,18:07:37,1,-1,1,AB6335,0,2,20
T376/1,T363/1,18:07:37,1,-1,1,AB5996,0,2,121
C669/1,C693,18:08:28,1,-1,1,AB6353,0,2,50
C693,C681,18:09:38,1,-1,-1,AB6353,0,2,60
C681,C671,18:10:34,1,-1,-1,AB6353,0,2,44
T363/1,T306,18:11:15,1,-1,1,AB5996,0,2,136
T306,T314/2,18:12:26,1,-1,-1,AB5996,0,2,60
C671,C695,18:12:46,1,-1,-1,AB6353,0,2,80
T326/3,T332/2,18:14:27,1,-1,1,AB6335,0,2,30
C695,C673,18:14:37,1,-1,-1,AB6353,0,2,80
T318,T319,18:14:47,1,-1,-1,AB5996,0,2,50
C673,C672,18:15:38,1,-1,1,AB6353,0,2,30
T319,T320,18:15:58,1,-1,-1,AB5996,0,2,40
T332/2,T325/2,18:16:18,1,-1,2,AB6335,0,2,80
T325/2,T339/2,18:17:19,1,-1,2,AB6335,0,2,20
C672,C670,18:17:29,1,-1,1,AB6353,0,2,101
T321/2,T323,18:18:20,1,-1,1,AB5996,0,2,30
C670,C679,18:19:03,1,-1,1,AB6353,0,2,42
T323,T324/2,18:19:03,1,-1,1,AB5996,0,2,10
T339/2,T313,18:19:13,1,-1,1,AB6335,0,2,73
T313,T315,18:19:56,1,-1,1,AB6335,0,2,10
T324/2,T327,18:20:37,1,-1,1,AB5996,0,2,60
C679,C694,18:20:47,1,-1,-1,AB6353,0,2,84
T315,T375,18:21:28,1,-1,1,AB6335,0,2,70
C694,C669/2,18:21:38,1,-1,-1,AB6353,0,2,40
T327,T326/1,18:21:38,1,-1,1,AB5996,0,2,30
T326/1,T337,18:22:59,1,-1,1,AB5996,0,2,70
C669/2,C687,18:23:29,1,-1,1,AB6353,0,2,30
T375,T380,18:23:49,1,-1,1,AB6335,0,2,60
T337,T336/2,18:23:49,1,-1,1,AB5996,0,2,30
T380,T379,18:24:30,1,-1,1,AB6335,0,2,10
C687,C675,18:24:50,1,-1,1,AB6353,0,2,60
T379,T359,18:25:00,1,-1,1,AB6335,0,2,10
C675,C668,18:25:20,1,-1,1,AB6353,0,2,20
C668,C678,18:25:44,1,-1,1,AB6353,0,2,10
C678,C665,18:26:25,1,-1,1,AB6353,0,2,20
T359,T355/1,18:26:35,1,-1,1,AB6335,0,2,84
C665,C663,18:26:55,1,-1,1,AB6353,0,2,20
C663,C661,18:27:26,1,-1,1,AB6353,0,2,20
C661,C659,18:27:56,1,-1,1,AB6353,0,2,20
C659,C656,18:29:17,1,-1,1,AB6353,0,2,40
C656,C654/2,18:30:18,1,-1,1,AB6353,0,2,40
C688/1,C691,18:31:49,1,-1,1,AB6335,0,2,30
C654/2,C653/2,18:32:09,1,-1,1,AB6353,0,2,91
C691,C652,18:33:50,1,-1,1,AB6335,0,2,70
C653/2,C692,18:34:00,1,-1,1,AB6353,0,2,101
C652,C655,18:34:51,1,-1,1,AB6335,0,2,30
C692,C689/1,18:35:34,1,-1,1,AB6353,0,2,53
C655,C657,18:35:55,1,-1,2,AB6335,0,2,43
C657,C660,18:36:45,1,-1,1,AB6335,0,2,40
C660,C662,18:37:37,1,-1,1,AB6335,0,2,21
C662,C664,18:38:07,1,-1,1,AB6335,0,2,20
C689/1,T360,18:38:37,1,-1,1,AB6353,0,2,142
C664,C667,18:39:28,1,-1,1,AB6335,2,2,70
C667,C676,18:39:48,1,-1,-1,AB6335,0,2,10
T336/2,T335,18:40:49,1,-1,-1,AB5996,0,2,30
C676,C680,18:41:09,1,-1,-1,AB6335,0,2,60
T335,T338,18:41:29,1,-1,-1,AB5996,0,2,10
C680,C669/1,18:42:00,1,-1,-1,AB6335,0,2,30
T338,T326/3,18:42:51,1,-1,-1,AB5996,0,2,71
C669/1,C693,18:43:32,1,-1,-1,AB6335,0,2,72
T326/3,T332/2,18:43:42,1,-1,-1,AB5996,0,2,31
C693,C681,18:44:55,1,-1,-1,AB6335,0,2,62
C681,C671,18:45:56,1,-1,-1,AB6335,0,2,50
T332/2,T325/2,18:47:17,1,-1,1,AB5996,0,2,184
C671,C695,18:47:17,1,-1,-1,AB6335,0,2,70
T325/2,T339/2,18:48:38,1,-1,3,AB5996,0,2,50
T306,T314/2,18:49:08,1,-1,-1,AB6353,0,2,80
C695,C673,18:49:18,1,-1,-1,AB6335,0,2,91
C673,C672,18:50:19,1,-1,1,AB6335,0,2,30
T339/2,T313,18:51:20,1,-1,1,AB5996,0,2,121
T314/2,T318,18:52:10,1,-1,-1,AB6353,0,2,50
T313,T315,18:52:44,1,-1,1,AB5996,0,2,10
T319,T320,18:53:24,1,-1,-1,AB6353,0,2,40
C672,C670,18:54:25,1,-1,1,AB6335,0,2,164
T320,T321/2,18:54:55,1,-1,-1,AB6353,0,2,20
T315,T375,18:55:06,1,-1,1,AB5996,0,2,91
C670,C679,18:55:26,1,-1,-1,AB6335,0,2,30
T321/2,T323,18:56:06,1,-1,1,AB6353,0,2,20
T375,T380,18:56:16,1,-1,1,AB5996,0,2,20
T323,T324/2,18:56:37,1,-1,1,AB6353,0,2,10
C679,C694,18:56:57,1,-1,-1,AB6335,0,2,80
T380,T379,18:57:17,1,-1,1,AB5996,0,2,10
C694,C669/2,18:57:37,1,-1,-1,AB6335,0,2,30
T324/2,T327,18:58:08,1,-1,1,AB6353,0,2,60
T379,T359,18:58:28,1,-1,1,AB5996,0,2,50
C669/2,C687,18:58:48,1,-1,-1,AB6335,0,2,20
T327,T326/1,18:58:58,1,-1,1,AB6353,0,2,20
T359,T355/1,18:59:49,1,-1,1,AB5996,0,2,70
C687,C675,19:00:19,1,-1,-1,AB6335,0,2,60
T326/1,T337,19:00:19,1,-1,1,AB6353,0,2,60
C675,C668,19:00:49,1,-1,1,AB6335,0,2,20
C668,C678,19:01:10,1,-1,1,AB6335,0,2,10
T337,T336/2,19:01:10,1,-1,1,AB6353,0,2,30
C678,C663,19:02:04,1,-1,1,AB6335,1,2,44
C663,C661,19:02:45,1,-1,1,AB6335,0,2,30
C661,C659,19:03:25,1,-1,1,AB6335,0,2,30
C659,C656,19:04:46,1,-1,1,AB6335,0,2,30
C656,C654/2,19:05:57,1,-1,1,AB6335,0,2,40
C688/1,C691,19:06:07,1,-1,1,AB5996,0,2,30
C691,C652,19:07:48,1,-1,1,AB5996,0,2,60
C654/2,C653/2,19:07:59,1,-1,1,AB6335,0,2,90
C652,C655,19:08:59,1,-1,1,AB5996,0,2,30
C653/2,C692,19:09:19,1,-1,1,AB6335,0,2,40
C655,C657,19:10:20,1,-1,1,AB5996,0,2,50
C692,C689/1,19:10:20,1,-1,1,AB6335,0,2,20
C657,C660,19:11:25,1,-1,1,AB5996,0,2,40
C660,C662,19:12:16,1,-1,1,AB5996,0,2,20
C662,C664,19:12:56,1,-1,1,AB5996,0,2,30
C689/1,T360,19:13:06,1,-1,1,AB6335,0,2,121
C664,C677,19:13:47,1,-1,2,AB5996,1,2,40
C677,C667,19:14:17,1,-1,1,AB5996,0,2,20
T360,T376/1,19:15:08,1,-1,1,AB6335,0,2,101
T336/2,T335,19:15:58,1,-1,1,AB6353,0,2,20
C667,C680,19:15:58,1,-1,-1,AB5996,1,2,80
T335,T338,19:16:29,1,-1,1,AB6353,0,2,10
C680,C669/1,19:16:49,1,-1,1,AB5996,0,2,10
T376/1,T363/1,19:16:59,1,-1,2,AB6335,0,2,101
T338,T326/3,19:18:20,1,-1,-1,AB6353,0,2,91
C669/1,C693,19:18:20,1,-1,1,AB5996,0,2,70
T326/3,T332/2,19:19:21,1,-1,2,AB6353,0,2,40
C693,C681,19:19:43,1,-1,-1,AB5996,0,2,62
C681,C671,19:20:43,1,-1,-1,AB5996,0,2,50
T363/1,T306,19:22:04,1,-1,2,AB6335,0,2,184
C671,C695,19:22:25,1,-1,-1,AB5996,0,2,81
T306,T314/2,19:23:05,1,-1,-1,AB6335,0,2,50
T325/2,T339/2,19:24:06,1,-1,2,AB6353,0,2,20
C695,C673,19:24:06,1,-1,-1,AB5996,0,2,90
C673,C672,19:24:46,1,-1,1,AB5996,0,2,30
T339/2,T313,19:25:27,1,-1,2,AB6353,0,2,60
T318,T319,19:25:37,1,-1,-1,AB6335,0,2,40
T313,T315,19:26:17,1,-1,2,AB6353,0,2,20
T319,T320,19:26:37,1,-1,-1,AB6335,0,2,40
T315,T375,19:27:38,1,-1,1,AB6353,0,2,60
C672,C670,19:27:48,1,-1,1,AB5996,0,2,141
T320,T321/2,19:27:58,1,-1,-1,AB6335,0,2,20
T375,T380,19:28:19,1,-1,1,AB6353,0,2,20
C670,C679,19:28:49,1,-1,1,AB5996,0,2,30
T380,T379,19:29:09,1,-1,1,AB6353,0,2,10
T321/2,T323,19:29:39,1,-1,1,AB6335,0,2,50
T379,T359,19:30:20,1,-1,1,AB6353,0,2,40
C679,C694,19:30:32,1,-1,-1,AB5996,0,2,92
T323,T324/2,19:30:42,1,-1,1,AB6335,0,2,21
C694,C669/2,19:31:22,1,-1,-1,AB5996,0,2,40
T359,T355/1,19:32:03,1,-1,1,AB6353,0,2,70
T324/2,T327,19:32:03,1,-1,1,AB6335,0,2,50
C669/2,C687,19:32:44,1,-1,1,AB5996,0,2,31
T327,T326/1,19:33:05,1,-1,1,AB6335,0,2,30
C687,C675,19:34:17,1,-1,1,AB5996,0,2,62
T326/1,T337,19:34:17,1,-1,1,AB6335,0,2,62
C675,C668,19:34:47,1,-1,1,AB5996,0,2,20
C668,C678,19:35:07,1,-1,1,AB5996,0,2,10
T337,T336/2,19:35:07,1,-1,1,AB6335,0,2,30
C678,C665,19:35:48,1,-1,1,AB5996,0,2,20
C665,C663,19:36:18,1,-1,1,AB5996,0,2,20
C663,C661,19:36:59,1,-1,1,AB5996,0,2,30
C661,C659,19:37:40,1,-1,1,AB5996,0,2,30
C688/1,C691,19:38:00,1,-1,1,AB6353,0,2,50
C659,C656,19:39:05,1,-1,2,AB5996,0,2,44
C691,C652,19:39:45,1,-1,1,AB6353,0,2,70
C656,C654/2,19:40:15,1,-1,1,AB5996,0,2,50
C652,C655,19:40:56,1,-1,1,AB6353,0,2,30
C655,C657,19:41:56,1,-1,1,AB6353,0,2,50
C654/2,C653/2,19:42:06,1,-1,1,AB5996,0,2,70
C657,C660,19:42:47,1,-1,1,AB6353,0,2,40
C660,C662,19:43:07,1,-1,1,AB6353,0,2,10
C662,C664,19:43:37,1,-1,1,AB6353,0,2,20
C653/2,C692,19:43:37,1,-1,1,AB5996,0,2,80
C664,C666,19:44:08,1,-1,1,AB6353,0,2,10
C666,C667,19:44:58,1,-1,1,AB6353,1,2,40
C692,C689/1,19:44:58,1,-1,1,AB5996,0,2,60
C667,C680,19:46:29,1,-1,-1,AB6353,1,2,70
C680,C669/1,19:47:09,1,-1,1,AB6353,0,2,30
C669/1,C693,19:48:25,1,-1,1,AB6353,0,2,50
C689/1,T360,19:48:35,1,-1,1,AB5996,0,2,176
C693,C681,19:49:46,1,-1,-1,AB6353,0,2,71
T360,T376/1,19:50:07,1,-1,1,AB5996,0,2,51
C681,C695,19:51:58,1,-1,-1,AB6353,1,2,121
T376/1,T363/1,19:52:58,1,-1,1,AB5996,0,2,161
C695,C673,19:53:49,1,-1,-1,AB6353,0,2,80
C673,C672,19:54:50,1,-1,1,AB6353,0,2,30
T363/1,T306,19:55:10,1,-1,1,AB5996,0,2,101
T306,T314/2,19:56:14,1,-1,-1,AB5996,0,2,40
C672,C670,19:57:15,1,-1,-1,AB6353,0,2,101
C670,C679,19:57:55,1,-1,-1,AB6353,0,2,30
T319,T320,19:59:06,1,-1,-1,AB5996,0,2,40
C679,C694,19:59:36,1,-1,-1,AB6353,0,2,80
C694,C669/2,20:00:27,1,-1,-1,AB6353,0,2,40
C669/2,C687,20:01:07,1,-1,1,AB6353,0,2,20
T321/2,T323,20:01:48,1,-1,1,AB5996,0,2,30
T323,T324/2,20:02:28,1,-1,1,AB5996,0,2,10
C687,C675,20:02:48,1,-1,1,AB6353,0,2,60
C675,C668,20:03:39,1,-1,1,AB6353,0,2,20
T324/2,T327,20:03:39,1,-1,1,AB5996,0,2,50
T327,T326/1,20:04:39,1,-1,1,AB5996,0,2,30
C668,C665,20:05:00,1,-1,1,AB6353,1,2,40
C665,C663,20:05:20,1,-1,1,AB6353,0,2,10
C663,C661,20:05:54,1,-1,1,AB6353,0,2,20
T326/1,T337,20:05:54,1,-1,1,AB5996,0,2,64
C661,C659,20:06:35,1,-1,1,AB6353,0,2,30
T337,T336/2,20:07:05,1,-1,1,AB5996,0,2,30
C659,C656,20:07:46,1,-1,1,AB6353,0,2,41
C656,C654/2,20:08:57,1,-1,1,AB6353,0,2,40
C654/2,C653/2,20:10:58,1,-1,1,AB6353,0,2,80
C653/2,C692,20:11:59,1,-1,1,AB6353,0,4,50
C692,C689/1,20:12:49,1,-1,1,AB6353,0,4,20
C689/1,T360,20:16:05,1,-1,1,AB6353,0,4,153
T360,T376/1,20:18:47,1,-1,1,AB6353,0,4,121
T376/1,T363/1,20:20:38,1,-1,1,AB6353,0,4,101
T363/1,T306,20:22:09,1,-1,1,AB6353,0,2,50
T306,T314/2,20:23:00,1,-1,-1,AB6353,0,2,30
T319,T320,20:25:35,1,-1,-1,AB6353,0,2,50
T320,T321/2,20:26:46,1,-1,-1,AB6353,0,2,10
T321/2,T323,20:27:56,1,-1,1,AB6353,0,2,30
T324/2,T327,20:29:58,1,-1,1,AB6353,0,2,70
T327,T326/1,20:31:09,1,-1,1,AB6353,0,2,30
T326/1,T337,20:32:32,1,-1,1,AB6353,0,2,62
T337,T336/2,20:33:33,1,-1,1,AB6353,0,2,30
T336/2,T335,5:30:50,2,-1,1,AB6353,0,4,20
T335,T326/3,5:32:22,2,-1,-1,AB6353,1,4,72
T326/3,T332/2,5:33:14,2,-1,1,AB6353,0,4,40
T332/2,T325/2,5:34:35,2,-1,1,AB6353,0,4,50
T325/2,T339/2,5:35:26,2,-1,1,AB6353,0,4,20
T339/2,T313,5:36:16,2,-1,1,AB6353,0,4,40
T313,T315,5:37:07,2,-1,1,AB6353,0,4,10
T315,T375,5:38:18,2,-1,1,AB6353,0,4,60
T375,T380,5:39:49,2,-1,1,AB6353,0,4,70
T380,T379,5:40:29,2,-1,1,AB6353,0,4,10
T379,T359,5:42:00,2,-1,1,AB6353,0,4,60
T359,T355/1,5:42:54,2,-1,2,AB6353,0,4,43
C688/1,C691,5:47:26,2,-1,-1,AB6353,0,4,30
C691,C652,5:48:48,2,-1,1,AB6353,0,4,50
C652,C655,5:49:39,2,-1,1,AB6353,0,4,30
C655,C657,5:50:29,2,-1,1,AB6353,0,4,40
C657,C660,5:51:20,2,-1,-1,AB6353,0,4,40
C660,C662,5:52:10,2,-1,1,AB6353,0,4,20
C662,C664,5:52:43,2,-1,1,AB6353,0,4,22
C664,C666,5:53:24,2,-1,1,AB6353,0,4,10
C666,C677,5:54:14,2,-1,1,AB6353,0,4,40
C677,C667,5:55:05,2,-1,-1,AB6353,0,4,20
C667,C676,5:55:46,2,-1,-1,AB6353,0,4,21
C676,C680,5:56:57,2,-1,-1,AB6353,0,4,60
C680,C669/1,5:58:08,2,-1,-1,AB6353,0,4,50
C669/1,C693,5:59:28,2,-1,-1,AB6353,0,4,60
C693,C681,6:00:49,2,-1,-1,AB6353,0,4,70
C681,C671,6:01:50,2,-1,-1,AB6353,0,4,40
C671,C695,6:03:32,2,-1,-1,AB6353,0,4,91
C695,C673,6:05:34,2,-1,-1,AB6353,0,4,91
T335,T338,6:06:24,2,-1,-1,AB6335,0,4,20
T338,T326/3,6:07:55,2,-1,-1,AB6335,0,4,60
T326/3,T332/2,6:09:06,2,-1,1,AB6335,0,4,40
T332/2,T325/2,6:10:37,2,-1,1,AB6335,0,4,50
C673,C672,6:10:37,2,-1,-1,AB6353,0,4,60
T325/2,T339/2,6:11:18,2,-1,1,AB6335,0,4,20
T339/2,T313,6:12:08,2,-1,1,AB6335,0,4,40
C672,C670,6:13:19,2,-1,-1,AB6353,0,4,141
T313,T375,6:14:09,2,-1,1,AB6335,1,4,90
C670,C679,6:14:09,2,-1,-1,AB6353,0,4,30
T375,T380,6:15:10,2,-1,1,AB6335,0,4,20
C679,C694,6:15:54,2,-1,-1,AB6353,0,4,84
T380,T379,6:16:04,2,-1,1,AB6335,0,4,10
T379,T359,6:16:45,2,-1,1,AB6335,0,4,10
C694,C669/2,6:16:45,2,-1,-1,AB6353,0,4,40
C669/2,C687,6:17:36,2,-1,-1,AB6353,0,4,20
T359,T355/1,6:18:16,2,-1,1,AB6335,0,4,60
C687,C675,6:18:56,2,-1,1,AB6353,0,4,70
C675,C668,6:19:17,2,-1,1,AB6353,0,4,10
C668,C665,6:20:17,2,-1,-1,AB6353,1,4,40
C665,C663,6:20:37,2,-1,-1,AB6353,0,4,10
C663,C661,6:21:18,2,-1,-1,AB6353,0,4,30
C661,C659,6:21:58,2,-1,1,AB6353,0,4,20
C659,C656,6:22:59,2,-1,2,AB6353,0,4,40
C688/1,C691,6:23:40,2,-1,1,AB6335,0,4,30
C656,C654/2,6:24:22,2,-1,2,AB6353,0,4,51
C691,C652,6:25:02,2,-1,1,AB6335,0,4,40
C654/2,C653,6:25:22,2,-1,1,AB6353,0,4,30
C652,C655,6:25:53,2,-1,1,AB6335,0,4,30
C653,C692,6:26:23,2,-1,1,AB6353,0,4,40
C655,C657,6:27:13,2,-1,1,AB6335,0,4,50
C692,C689/1,6:28:14,2,-1,1,AB6353,0,4,60
C657,C660,6:28:24,2,-1,1,AB6335,0,4,40
C660,C662,6:29:15,2,-1,1,AB6335,0,4,20
C662,C664,6:30:15,2,-1,1,AB6335,0,4,30
C689/1,T360,6:30:56,2,-1,1,AB6353,0,4,101
C664,C666,6:31:06,2,-1,1,AB6335,0,4,20
C666,C677,6:31:26,2,-1,1,AB6335,0,4,10
T360,T376/1,6:31:46,2,-1,1,AB6353,0,4,30
C677,C667,6:32:17,2,-1,1,AB6335,0,4,20
T376/1,T363/1,6:32:37,2,-1,1,AB6353,0,4,40
C667,C676,6:32:57,2,-1,-1,AB6335,0,4,10
T363/1,T306,6:33:38,2,-1,1,AB6353,0,4,50
C676,C680,6:34:08,2,-1,-1,AB6335,0,4,60
T306,T314/2,6:34:18,2,-1,-1,AB6353,0,4,30
C680,C669/1,6:35:09,2,-1,-1,AB6335,0,4,30
T318,T319,6:35:09,2,-1,-1,AB6353,0,4,30
T319,T320,6:36:19,2,-1,-1,AB6353,0,4,50
C669/1,C693,6:36:40,2,-1,-1,AB6335,0,4,60
T320,T321/2,6:36:50,2,-1,-1,AB6353,0,4,10
C693,C681,6:38:01,2,-1,-1,AB6335,0,4,70
T321/2,T323,6:38:11,2,-1,1,AB6353,0,4,20
T323,T324/2,6:38:43,2,-1,1,AB6353,0,4,10
T324/2,T327,6:39:53,2,-1,1,AB6353,0,4,50
T336/2,T335,6:40:24,2,-1,1,AB5996,0,4,20
C681,C695,6:40:44,2,-1,-1,AB6335,1,4,131
T335,T338,6:41:04,2,-1,1,AB5996,0,4,10
T327,T326/1,6:41:04,2,-1,1,AB6353,0,4,40
T338,T326/3,6:42:15,2,-1,-1,AB5996,0,4,50
C695,C673,6:42:35,2,-1,-1,AB6335,0,4,80
T326/3,T332/2,6:43:05,2,-1,1,AB5996,0,4,40
C673,C672,6:43:26,2,-1,-1,AB6335,0,4,20
T332/2,T325/2,6:44:16,2,-1,1,AB5996,0,4,50
T325/2,T339/2,6:44:47,2,-1,1,AB5996,0,4,20
T339/2,T313,6:45:57,2,-1,1,AB5996,0,4,40
C672,C670,6:46:18,2,-1,-1,AB6335,0,4,111
T313,T315,6:46:48,2,-1,1,AB5996,0,4,10
C670,C679,6:47:08,2,-1,-1,AB6335,0,4,30
T315,T375,6:48:19,2,-1,1,AB5996,0,4,60
T375,T380,6:48:59,2,-1,1,AB5996,0,4,20
C679,C694,6:48:59,2,-1,-1,AB6335,0,4,80
T380,T379,6:49:40,2,-1,1,AB5996,0,4,10
C694,C669/2,6:49:50,2,-1,-1,AB6335,0,4,40
T379,T359,6:50:10,2,-1,1,AB5996,0,4,20
C669/2,C687,6:50:52,2,-1,-1,AB6335,0,4,31
T359,T355/1,6:51:02,2,-1,1,AB5996,0,4,42
C687,C675,6:52:33,2,-1,-1,AB6335,0,4,60
C675,C668,6:53:04,2,-1,1,AB6335,0,4,20
C668,C678,6:53:44,2,-1,1,AB6335,0,4,10
C678,C665,6:54:14,2,-1,1,AB6335,0,4,20
C665,C663,6:54:55,2,-1,-1,AB6335,0,4,10
C663,C661,6:55:35,2,-1,1,AB6335,0,4,20
T337,T336/2,6:55:45,2,-1,1,AB6353,0,4,20
C661,C659,6:56:46,2,-1,1,AB6335,0,4,30
C688/1,C691,6:57:06,2,-1,1,AB5996,0,4,60
C659,C656,6:57:57,2,-1,2,AB6335,0,4,30
C691,C652,6:58:07,2,-1,1,AB5996,0,4,30
C652,C655,6:58:47,2,-1,1,AB5996,0,4,30
C656,C654/2,6:58:47,2,-1,2,AB6335,0,4,40
C655,C660,7:00:28,2,-1,1,AB5996,1,4,90
C654/2,C653,7:00:59,2,-1,1,AB6335,0,4,101
C660,C662,7:01:29,2,-1,1,AB5996,0,4,30
C662,C664,7:02:00,2,-1,1,AB5996,0,4,20
C664,C677,7:02:45,2,-1,1,AB5996,1,4,35
C653,C692,7:03:05,2,-1,1,AB6335,0,4,116
C677,C667,7:03:35,2,-1,1,AB5996,0,4,30
C667,C676,7:03:56,2,-1,-1,AB5996,0,4,10
C692,C689/1,7:04:26,2,-1,1,AB6335,0,4,40
C676,C680,7:04:56,2,-1,-1,AB5996,0,4,50
T336/2,T335,7:05:37,2,-1,1,AB6353,0,4,30
C680,C669/1,7:05:47,2,-1,1,AB5996,0,4,40
T335,T338,7:06:07,2,-1,1,AB6353,0,4,10
C689/1,T360,7:07:08,2,-1,1,AB6335,0,4,121
T338,T326/3,7:07:38,2,-1,-1,AB6353,0,4,60
C669/1,C681,7:08:08,2,-1,1,AB5996,1,4,131
T326/3,T332/2,7:08:29,2,-1,1,AB6353,0,4,40
T360,T376/1,7:08:49,2,-1,1,AB6335,0,4,70
C681,C671,7:09:19,2,-1,-1,AB5996,0,4,40
T332/2,T325/2,7:10:00,2,-1,1,AB6353,0,4,60
T376/1,T363/1,7:10:00,2,-1,1,AB6335,0,4,60
T325/2,T339/2,7:10:20,2,-1,1,AB6353,0,4,10
C671,C695,7:11:10,2,-1,-1,AB5996,0,4,80
T363/1,T306,7:11:10,2,-1,1,AB6335,0,4,40
T339/2,T313,7:11:44,2,-1,1,AB6353,0,4,54
T306,T314/2,7:11:55,2,-1,-1,AB6335,0,2,34
T313,T315,7:12:45,2,-1,1,AB6353,0,2,20
T314/2,T318,7:12:55,2,-1,-1,AB6335,0,2,10
T318,T319,7:13:16,2,-1,-1,AB6335,0,2,10
C695,C672,7:13:26,2,-1,-1,AB5996,1,2,111
T319,T320,7:13:56,2,-1,-1,AB6335,0,2,20
T315,T375,7:14:26,2,-1,1,AB6353,0,2,70
C672,C670,7:15:37,2,-1,-1,AB5996,0,2,111
T321/2,T323,7:15:37,2,-1,1,AB6335,0,2,20
T375,T380,7:16:18,2,-1,1,AB6353,0,2,80
T323,T324/2,7:16:18,2,-1,1,AB6335,0,2,10
C670,C679,7:16:28,2,-1,-1,AB5996,0,2,40
T380,T379,7:16:48,2,-1,1,AB6353,0,2,10
C679,C694,7:17:49,2,-1,-1,AB5996,0,2,70
T324/2,T327,7:17:49,2,-1,1,AB6335,0,2,60
T379,T355/1,7:18:29,2,-1,2,AB6353,1,2,70
C694,C669/2,7:18:29,2,-1,-1,AB5996,0,2,30
T327,T326/1,7:18:49,2,-1,1,AB6335,0,2,20
C669/2,C687,7:19:09,2,-1,1,AB5996,0,2,20
T326/1,T336/2,7:20:33,2,-1,1,AB6335,1,2,94
C687,C675,7:20:44,2,-1,1,AB5996,0,2,50
C675,C668,7:21:14,2,-1,1,AB5996,0,2,20
C668,C678,7:21:34,2,-1,1,AB5996,0,2,10
C678,C665,7:21:54,2,-1,1,AB5996,0,2,10
C665,C663,7:22:25,2,-1,1,AB5996,0,2,20
C663,C661,7:23:15,2,-1,1,AB5996,0,2,30
C661,C659,7:24:06,2,-1,1,AB5996,0,2,20
C688/1,C691,7:25:27,2,-1,1,AB6353,0,2,60
C659,C656,7:25:27,2,-1,2,AB5996,0,2,40
C656,C654/2,7:26:37,2,-1,2,AB5996,0,2,50
C691,C652,7:27:19,2,-1,1,AB6353,0,2,72
C652,C655,7:28:32,2,-1,1,AB6353,0,2,42
C654/2,C653,7:28:42,2,-1,1,AB5996,0,2,113
C655,C657,7:29:43,2,-1,1,AB6353,0,2,50
C653,C692,7:30:13,2,-1,1,AB5996,0,2,80
C657,C660,7:30:43,2,-1,-1,AB6353,0,2,40
C660,C662,7:31:04,2,-1,1,AB6353,0,2,10
C662,C664,7:31:45,2,-1,1,AB6353,0,2,31
C692,C689/1,7:31:45,2,-1,1,AB5996,0,2,41
C664,C677,7:32:36,2,-1,1,AB6353,1,2,40
C677,C667,7:33:16,2,-1,1,AB6353,0,2,20
C667,C676,7:33:46,2,-1,-1,AB6353,0,2,20
C676,C680,7:34:47,2,-1,-1,AB6353,0,2,50
C689/1,T360,7:35:07,2,-1,1,AB5996,0,2,151
T336/2,T335,7:35:17,2,-1,1,AB6335,0,2,30
C680,C669/1,7:35:38,2,-1,1,AB6353,0,2,30
T335,T338,7:35:48,2,-1,1,AB6335,0,2,10
T360,T376/1,7:36:08,2,-1,1,AB5996,0,2,30
C669/1,C693,7:36:48,2,-1,1,AB6353,0,2,60
T338,T326/3,7:37:09,2,-1,-1,AB6335,0,4,70
T376/1,T363/1,7:37:19,2,-1,1,AB5996,0,4,40
T326/3,T332/2,7:38:09,2,-1,1,AB6335,0,4,40
C693,C681,7:38:09,2,-1,1,AB6353,0,4,70
T363/1,T306,7:38:20,2,-1,1,AB5996,0,4,40
C681,C671,7:39:25,2,-1,-1,AB6353,0,4,50
T306,T314/2,7:39:25,2,-1,-1,AB5996,0,4,40
T332/2,T325/2,7:39:45,2,-1,1,AB6335,0,4,50
T325/2,T339/2,7:40:46,2,-1,1,AB6335,0,4,20
C671,C695,7:40:46,2,-1,-1,AB6353,0,4,70
T319,T320,7:41:06,2,-1,-1,AB5996,0,4,30
T320,T321/2,7:41:46,2,-1,-1,AB5996,0,4,10
T339/2,T313,7:42:37,2,-1,1,AB6335,0,4,70
C695,C673,7:42:37,2,-1,-1,AB6353,0,4,80
T321/2,T323,7:42:47,2,-1,1,AB5996,0,4,20
T313,T315,7:43:07,2,-1,1,AB6335,0,4,20
C673,C672,7:43:18,2,-1,1,AB6353,0,4,30
T323,T324/2,7:43:28,2,-1,1,AB5996,0,4,10
T315,T375,7:44:39,2,-1,1,AB6335,0,4,80
T324/2,T327,7:45:09,2,-1,1,AB5996,0,4,60
T327,T326/1,7:45:39,2,-1,1,AB5996,0,4,20
T375,T380,7:45:59,2,-1,1,AB6335,0,4,30
C672,C670,7:46:20,2,-1,1,AB6353,0,4,141
T380,T379,7:46:50,2,-1,1,AB6335,0,4,20
T326/1,T337,7:47:00,2,-1,1,AB5996,0,4,40
T379,T359,7:47:20,2,-1,1,AB6335,0,4,20
C670,C679,7:47:20,2,-1,1,AB6353,0,4,30
T337,T336/2,7:47:44,2,-1,1,AB5996,0,4,24
T359,T355/1,7:48:35,2,-1,1,AB6335,0,4,60
C679,C694,7:48:55,2,-1,-1,AB6353,0,4,80
C694,C669/2,7:49:36,2,-1,-1,AB6353,0,4,30
C669/2,C687,7:50:26,2,-1,1,AB6353,0,4,20
C687,C675,7:51:57,2,-1,1,AB6353,0,4,50
C675,C668,7:52:48,2,-1,1,AB6353,0,4,10
C668,C678,7:53:28,2,-1,1,AB6353,0,2,10
C678,C665,7:54:19,2,-1,1,AB6353,0,2,20
C665,C663,7:54:59,2,-1,1,AB6353,0,2,20
C688/1,C691,7:55:35,2,-1,1,AB6335,0,2,45
C663,C661,7:55:35,2,-1,1,AB6353,0,2,25
C661,C659,7:56:15,2,-1,1,AB6353,0,2,30
C659,C656,7:57:26,2,-1,1,AB6353,0,2,30
C691,C652,7:58:07,2,-1,1,AB6335,0,2,111
C656,C654/2,7:58:47,2,-1,1,AB6353,0,2,40
C652,C655,7:59:17,2,-1,1,AB6335,0,2,40
C655,C657,8:00:38,2,-1,1,AB6335,0,2,50
C654/2,C653,8:00:38,2,-1,1,AB6353,0,2,91
C657,C660,8:01:49,2,-1,1,AB6335,0,2,40
C660,C662,8:02:52,2,-1,1,AB6335,0,2,32
C653,C692,8:03:02,2,-1,1,AB6353,0,2,82
C662,C664,8:03:43,2,-1,1,AB6335,0,2,31
C664,C666,8:04:34,2,-1,1,AB6335,0,2,20
C666,C677,8:04:54,2,-1,1,AB6335,0,2,10
C677,C667,8:05:24,2,-1,1,AB6335,0,2,20
C692,C689/1,8:05:24,2,-1,1,AB6353,0,2,70
C667,C676,8:05:45,2,-1,-1,AB6335,0,2,10
C676,C680,8:07:16,2,-1,-1,AB6335,0,2,60
C680,C669/1,8:08:16,2,-1,1,AB6335,0,2,30
T336/2,T335,8:08:57,2,-1,1,AB5996,0,2,30
T335,T338,8:09:27,2,-1,1,AB5996,0,2,20
C689/1,T360,8:09:48,2,-1,1,AB6353,0,2,141
C669/1,C693,8:10:18,2,-1,1,AB6335,0,2,60
T338,T326/3,8:11:09,2,-1,-1,AB5996,0,2,91
T326/3,T332/2,8:11:49,2,-1,2,AB5996,0,2,30
T360,T376/1,8:11:49,2,-1,1,AB6353,0,2,101
C693,C681,8:12:10,2,-1,-1,AB6335,0,2,71
C681,C671,8:13:01,2,-1,-1,AB6335,0,2,41
T376/1,T363/1,8:13:01,2,-1,1,AB6353,0,2,61
T332/2,T325/2,8:14:13,2,-1,1,AB5996,0,2,92
C671,C695,8:14:33,2,-1,-1,AB6335,0,2,81
T363/1,T306,8:14:54,2,-1,1,AB6353,0,2,70
T325/2,T339/2,8:15:24,2,-1,2,AB5996,0,2,20
T306,T314/2,8:15:54,2,-1,-1,AB6353,0,2,40
C695,C673,8:16:25,2,-1,-1,AB6335,0,2,80
C673,C672,8:17:15,2,-1,1,AB6335,0,2,30
T339/2,T313,8:17:56,2,-1,1,AB5996,0,2,90
T318,T319,8:18:56,2,-1,-1,AB6353,0,2,80
T313,T315,8:19:07,2,-1,1,AB5996,0,2,20
T319,T320,8:19:37,2,-1,-1,AB6353,0,2,30
C672,C670,8:20:38,2,-1,1,AB6335,0,2,141
T320,T321/2,8:20:38,2,-1,-1,AB6353,0,2,10
T315,T375,8:21:19,2,-1,1,AB5996,0,2,102
C670,C679,8:21:49,2,-1,1,AB6335,0,2,40
T375,T380,8:22:10,2,-1,1,AB5996,0,2,20
T321/2,T323,8:22:10,2,-1,3,AB6353,0,2,20
T380,T379,8:23:00,2,-1,1,AB5996,0,2,20
C679,C694,8:23:10,2,-1,-1,AB6335,0,2,70
T379,T359,8:23:33,2,-1,1,AB5996,0,2,12
C694,C669/2,8:23:53,2,-1,-1,AB6335,0,2,20
T323,T324/2,8:24:44,2,-1,2,AB6353,0,2,93
T359,T355/1,8:24:54,2,-1,1,AB5996,0,2,60
C669/2,C687,8:24:54,2,-1,1,AB6335,0,2,20
C687,C675,8:26:35,2,-1,1,AB6335,0,2,70
C675,C668,8:27:05,2,-1,1,AB6335,0,2,20
C668,C678,8:27:26,2,-1,1,AB6335,0,2,10
C678,C665,8:27:56,2,-1,1,AB6335,0,2,20
C665,C663,8:28:16,2,-1,1,AB6335,0,2,10
C663,C661,8:28:57,2,-1,1,AB6335,0,2,30
C661,C659,8:29:37,2,-1,1,AB6335,0,2,10
C688/1,C691,8:30:17,2,-1,1,AB5996,0,2,30
C659,C656,8:31:28,2,-1,1,AB6335,0,2,60
T327,T326/1,8:32:19,2,-1,1,AB6353,0,2,20
C656,C654/2,8:32:29,2,-1,1,AB6335,0,2,50
C691,C652,8:33:20,2,-1,1,AB5996,0,2,131
C652,C655,8:34:21,2,-1,1,AB5996,0,2,30
C654/2,C653,8:34:41,2,-1,1,AB6335,0,2,70
C655,C657,8:35:34,2,-1,3,AB5996,0,2,52
T326/1,T336/2,8:35:44,2,-1,1,AB6353,1,2,185
C657,C660,8:36:46,2,-1,-1,AB5996,0,2,41
C653,C692,8:36:46,2,-1,1,AB6335,0,2,84
C660,C662,8:37:37,2,-1,1,AB5996,0,2,20
C692,C689/1,8:37:57,2,-1,1,AB6335,0,2,10
C662,C664,8:38:07,2,-1,1,AB5996,0,2,20
C664,C666,8:38:37,2,-1,1,AB5996,0,2,20
C666,C677,8:38:58,2,-1,-1,AB5996,0,2,10
C677,C667,8:39:28,2,-1,1,AB5996,0,2,20
C676,C680,8:41:23,2,-1,-1,AB5996,0,2,60
C680,C669/1,8:42:25,2,-1,-1,AB5996,0,2,30
T360,T376/1,8:43:16,2,-1,1,AB6335,0,2,40
C669/1,C693,8:43:36,2,-1,-1,AB5996,0,2,60
T336/2,T335,8:44:57,2,-1,2,AB6353,0,2,20
C693,C681,8:44:57,2,-1,1,AB5996,0,2,60
T376/1,T363/1,8:45:17,2,-1,1,AB6335,0,2,91
C681,C671,8:45:58,2,-1,-1,AB5996,0,2,50
T363/1,T306,8:46:49,2,-1,1,AB6335,0,2,61
C671,C695,8:47:19,2,-1,-1,AB5996,0,2,70
T338,T326/3,8:47:29,2,-1,-1,AB6353,0,2,70
T306,T314/2,8:47:50,2,-1,-1,AB6335,0,2,40
T326/3,T332/2,8:48:20,2,-1,2,AB6353,0,2,30
C695,C673,8:49:04,2,-1,-1,AB5996,0,2,74
C673,C672,8:49:55,2,-1,1,AB5996,0,2,40
T318,T319,8:49:55,2,-1,-1,AB6335,0,2,60
T319,T320,8:50:35,2,-1,-1,AB6335,0,2,30
T320,T321/2,8:51:16,2,-1,-1,AB6335,0,2,10
T321/2,T323,8:52:17,2,-1,3,AB6335,0,2,20
C672,C679,8:53:58,2,-1,1,AB5996,1,2,161
T325/2,T339/2,8:54:18,2,-1,2,AB6353,0,2,10
T324/2,T327,8:54:48,2,-1,1,AB6335,0,2,90
C679,C694,8:55:19,2,-1,-1,AB5996,0,2,70
T327,T326/1,8:55:49,2,-1,1,AB6335,0,2,20
C694,C669/2,8:55:59,2,-1,-1,AB5996,0,2,30
C669/2,C687,8:56:39,2,-1,1,AB5996,0,2,20
T326/1,T337,8:57:10,2,-1,1,AB6335,0,2,70
T339/2,T315,8:58:14,2,-1,2,AB6353,1,2,196
C687,C675,8:58:14,2,-1,1,AB5996,0,2,54
T337,T336/2,8:58:14,2,-1,1,AB6335,0,2,30
C675,C668,8:58:45,2,-1,1,AB5996,0,2,20
C668,C678,8:59:05,2,-1,1,AB5996,0,2,10
C678,C665,8:59:35,2,-1,1,AB5996,0,2,20
C665,C663,8:59:55,2,-1,1,AB5996,0,2,10
T315,T375,9:00:16,2,-1,1,AB6353,0,2,111
C663,C661,9:00:36,2,-1,1,AB5996,0,2,30
C661,C659,9:01:06,2,-1,1,AB5996,0,2,20
T375,T380,9:01:47,2,-1,1,AB6353,0,2,60
C659,C656,9:02:07,2,-1,1,AB5996,0,2,30
T380,T379,9:02:27,2,-1,1,AB6353,0,2,20
T379,T359,9:02:58,2,-1,1,AB6353,0,2,20
C656,C654/2,9:03:18,2,-1,1,AB5996,0,2,40
T359,T355/1,9:04:39,2,-1,1,AB6353,0,2,80
C654/2,C653,9:05:19,2,-1,1,AB5996,0,2,80
C653,C692,9:06:20,2,-1,1,AB5996,0,2,50
C692,C689/1,9:08:24,2,-1,1,AB5996,0,2,72
T336/2,T335,9:09:15,2,-1,1,AB6335,0,2,20
T335,T338,9:10:16,2,-1,1,AB6335,0,2,10
C689/1,T360,9:10:56,2,-1,1,AB5996,0,2,121
C688/1,C691,9:11:06,2,-1,1,AB6353,0,2,80
T338,T326/3,9:11:57,2,-1,-1,AB6335,0,2,40
C691,C652,9:12:37,2,-1,1,AB6353,0,2,70
T360,T376/1,9:12:47,2,-1,1,AB5996,0,2,90
T326/3,T332/2,9:13:28,2,-1,2,AB6335,0,2,50
C652,C655,9:13:38,2,-1,1,AB6353,0,2,30
C655,C657,9:14:28,2,-1,1,AB6353,0,2,40
T376/1,T363/1,9:14:59,2,-1,2,AB5996,0,2,121
T332/2,T325/2,9:15:39,2,-1,1,AB6335,0,2,80
C657,C660,9:15:49,2,-1,1,AB6353,0,2,50
T363/1,T306,9:16:20,2,-1,2,AB5996,0,2,50
C660,C662,9:16:34,2,-1,1,AB6353,0,2,24
T325/2,T339/2,9:16:54,2,-1,1,AB6335,0,2,34
T306,T314/2,9:17:04,2,-1,-1,AB5996,0,2,30
C662,C664,9:17:15,2,-1,1,AB6353,0,2,30
C664,C666,9:17:35,2,-1,1,AB6353,0,2,10
C666,C677,9:18:15,2,-1,1,AB6353,0,2,30
T339/2,T313,9:18:36,2,-1,2,AB6335,0,2,70
C677,C667,9:18:46,2,-1,1,AB6353,0,2,20
C667,C676,9:19:16,2,-1,-1,AB6353,0,2,20
T319,T320,9:19:26,2,-1,-1,AB5996,0,2,20
T313,T315,9:19:57,2,-1,1,AB6335,0,2,30
T320,T321/2,9:20:07,2,-1,-1,AB5996,0,2,10
C676,C680,9:20:17,2,-1,-1,AB6353,0,2,50
T321/2,T323,9:20:57,2,-1,1,AB5996,0,2,20
C680,C669/1,9:21:07,2,-1,1,AB6353,0,2,30
T323,T324/2,9:21:48,2,-1,1,AB5996,0,2,10
C669/1,C693,9:22:18,2,-1,1,AB6353,0,2,60
T315,T375,9:22:59,2,-1,1,AB6335,0,2,141
T324/2,T327,9:22:59,2,-1,1,AB5996,0,2,60
C693,C681,9:23:39,2,-1,1,AB6353,0,2,70
T375,T380,9:24:09,2,-1,1,AB6335,0,2,30
T380,T379,9:24:52,2,-1,1,AB6335,0,2,10
C681,C671,9:24:52,2,-1,-1,AB6353,0,2,42
T379,T359,9:25:22,2,-1,1,AB6335,0,2,20
T359,T355/1,9:26:23,2,-1,1,AB6335,0,2,50
C671,C695,9:26:43,2,-1,-1,AB6353,0,2,80
T327,T337,9:26:43,2,-1,1,AB5996,1,2,194
T337,T336/2,9:27:24,2,-1,1,AB5996,0,2,30
C695,C673,9:28:34,2,-1,-1,AB6353,0,2,80
C673,C672,9:29:15,2,-1,-1,AB6353,0,2,30
C688/1,C691,9:32:07,2,-1,1,AB6335,0,2,30
C672,C670,9:32:17,2,-1,1,AB6353,0,2,131
C691,C652,9:33:28,2,-1,1,AB6335,0,2,50
C670,C679,9:33:28,2,-1,1,AB6353,0,2,40
C652,C655,9:34:38,2,-1,1,AB6335,0,2,30
C679,C694,9:35:19,2,-1,-1,AB6353,0,2,80
C655,C657,9:35:59,2,-1,1,AB6335,0,2,50
C694,C669/2,9:36:09,2,-1,-1,AB6353,0,2,30
C657,C660,9:37:10,2,-1,1,AB6335,0,2,50
C660,C662,9:38:04,2,-1,1,AB6335,0,2,20
C669/2,C668,9:38:44,2,-1,1,AB6353,2,2,124
C668,C678,9:39:04,2,-1,1,AB6353,0,2,10
C662,C666,9:39:14,2,-1,1,AB6335,1,2,60
T336/2,T335,9:39:35,2,-1,1,AB5996,0,2,20
C666,C677,9:39:35,2,-1,1,AB6335,0,2,10
C678,C665,9:39:35,2,-1,1,AB6353,0,2,20
C665,C663,9:39:55,2,-1,1,AB6353,0,2,10
T335,T338,9:40:15,2,-1,1,AB5996,0,2,10
C677,C667,9:40:25,2,-1,1,AB6335,0,2,20
C663,C661,9:40:45,2,-1,1,AB6353,0,2,30
C667,C676,9:41:06,2,-1,-1,AB6335,0,2,20
C661,C659,9:41:16,2,-1,1,AB6353,0,2,20
T338,T326/3,9:41:46,2,-1,-1,AB5996,0,2,40
C676,C680,9:42:16,2,-1,-1,AB6335,0,2,60
C659,C656,9:42:16,2,-1,1,AB6353,0,2,40
T326/3,T332/2,9:42:37,2,-1,1,AB5996,0,2,30
C656,C654/2,9:43:17,2,-1,1,AB6353,0,2,50
C680,C669/1,9:43:37,2,-1,1,AB6335,0,2,60
T332/2,T325/2,9:43:58,2,-1,1,AB5996,0,2,50
T325/2,T339/2,9:44:38,2,-1,1,AB5996,0,2,20
C669/1,C693,9:45:08,2,-1,1,AB6335,0,2,60
C654/2,C653,9:45:08,2,-1,1,AB6353,0,2,91
T339/2,T313,9:46:09,2,-1,1,AB5996,0,2,60
C653,C692,9:46:19,2,-1,1,AB6353,0,2,40
C693,C681,9:46:49,2,-1,1,AB6335,0,2,80
T313,T315,9:47:10,2,-1,1,AB5996,0,2,10
C692,C689/1,9:47:33,2,-1,1,AB6353,0,2,53
C681,C671,9:47:43,2,-1,-1,AB6335,0,2,43
T315,T375,9:48:54,2,-1,1,AB5996,0,2,70
C671,C695,9:49:14,2,-1,-1,AB6335,0,2,80
T375,T380,9:49:55,2,-1,1,AB5996,0,2,20
T380,T379,9:50:35,2,-1,1,AB5996,0,2,10
C695,C673,9:50:55,2,-1,-1,AB6335,0,2,91
C689/1,T360,9:51:05,2,-1,1,AB6353,0,2,151
T379,T359,9:51:16,2,-1,1,AB5996,0,2,20
C673,C672,9:51:56,2,-1,1,AB6335,0,2,40
T359,T355/1,9:52:26,2,-1,1,AB5996,0,2,60
T360,T376/1,9:52:57,2,-1,1,AB6353,0,2,101
T376/1,T363/1,9:54:18,2,-1,1,AB6353,0,2,70
C672,C670,9:54:48,2,-1,1,AB6335,0,2,131
C670,C679,9:55:49,2,-1,1,AB6335,0,2,40
T363/1,T306,9:55:59,2,-1,1,AB6353,0,2,60
T306,T318,9:56:49,2,-1,-1,AB6353,1,2,40
C679,C694,9:57:09,2,-1,-1,AB6335,0,2,70
C688/1,C691,9:57:40,2,-1,1,AB5996,0,2,30
C694,C669/2,9:58:10,2,-1,-1,AB6335,0,2,40
T318,T319,9:58:44,2,-1,-1,AB6353,0,2,84
C669/2,C687,9:59:04,2,-1,1,AB6335,0,2,30
C691,C652,9:59:14,2,-1,1,AB5996,0,2,40
T319,T320,9:59:24,2,-1,-1,AB6353,0,2,20
C652,C655,10:00:15,2,-1,1,AB5996,0,2,30
T320,T321/2,10:00:15,2,-1,-1,AB6353,0,2,20
C687,C668,10:00:55,2,-1,1,AB6335,1,2,81
C668,C678,10:01:16,2,-1,1,AB6335,0,2,10
T321/2,T323,10:01:16,2,-1,1,AB6353,0,2,40
C655,C657,10:01:46,2,-1,1,AB5996,0,2,60
C678,C665,10:02:06,2,-1,1,AB6335,0,2,20
T323,T324/2,10:02:06,2,-1,1,AB6353,0,2,10
C665,C663,10:02:37,2,-1,1,AB6335,0,2,20
C657,C660,10:03:07,2,-1,1,AB5996,0,2,60
T324/2,T327,10:03:27,2,-1,1,AB6353,0,2,60
C663,C661,10:03:47,2,-1,1,AB6335,0,2,30
T327,T326/1,10:04:08,2,-1,1,AB6353,0,2,20
C660,C662,10:04:28,2,-1,1,AB5996,0,2,30
C661,C659,10:04:38,2,-1,1,AB6335,0,2,30
C662,C664,10:04:58,2,-1,1,AB5996,0,2,20
C664,C666,10:05:39,2,-1,1,AB5996,0,2,20
C659,C656,10:05:39,2,-1,1,AB6335,0,2,40
T326/1,T337,10:05:39,2,-1,1,AB6353,0,2,80
T336/2,T335,10:05:49,2,-1,1,AB5457,0,2,30
C666,C677,10:05:59,2,-1,1,AB5996,0,2,10
T337,T336/2,10:06:19,2,-1,1,AB6353,0,2,30
T335,T338,10:06:39,2,-1,1,AB5457,0,2,10
C677,C676,10:06:59,2,-1,-1,AB5996,1,2,30
C656,C654/2,10:06:59,2,-1,1,AB6335,0,2,40
T338,T326/3,10:08:12,2,-1,-1,AB5457,0,2,62
C676,C680,10:08:22,2,-1,-1,AB5996,0,2,50
C654/2,C653,10:08:43,2,-1,1,AB6335,0,2,82
T326/3,T332/2,10:09:03,2,-1,1,AB5457,0,2,40
C680,C669/1,10:09:13,2,-1,1,AB5996,0,2,20
C653,C692,10:09:55,2,-1,1,AB6335,0,2,52
C669/1,C693,10:10:15,2,-1,1,AB5996,0,2,52
T332/2,T325/2,10:10:56,2,-1,1,AB5457,0,2,60
C692,C689/1,10:11:06,2,-1,1,AB6335,0,2,40
T325/2,T339/2,10:11:37,2,-1,1,AB5457,0,2,21
C693,C671,10:12:18,2,-1,-1,AB5996,1,4,112
T339/2,T313,10:13:18,2,-1,1,AB5457,0,4,60
C689/1,T360,10:13:49,2,-1,1,AB6335,0,4,111
C671,C695,10:13:59,2,-1,-1,AB5996,0,4,70
T313,T315,10:14:19,2,-1,1,AB5457,0,4,20
T360,T376/1,10:14:59,2,-1,1,AB6335,0,4,50
C695,C672,10:16:00,2,-1,1,AB5996,1,4,111
T315,T375,10:16:10,2,-1,1,AB5457,0,4,81
T376/1,T363/1,10:16:51,2,-1,1,AB6335,0,4,91
T375,T380,10:17:21,2,-1,1,AB5457,0,4,30
T380,T379,10:18:04,2,-1,1,AB5457,0,4,10
C672,C670,10:18:24,2,-1,1,AB5996,0,4,123
T363/1,T306,10:18:55,2,-1,1,AB6335,0,4,60
C670,C679,10:19:05,2,-1,1,AB5996,0,4,30
T379,T359,10:19:15,2,-1,1,AB5457,0,4,50
T306,T314/2,10:19:35,2,-1,-1,AB6335,0,4,30
T359,T355/1,10:20:36,2,-1,1,AB5457,0,4,60
C679,C694,10:20:46,2,-1,-1,AB5996,0,4,80
T318,T319,10:20:56,2,-1,-1,AB6335,0,4,10
C694,C669/2,10:21:36,2,-1,-1,AB5996,0,4,30
T319,T320,10:21:36,2,-1,-1,AB6335,0,4,30
T320,T321/2,10:22:37,2,-1,-1,AB6335,0,2,10
C669/2,C675,10:23:17,2,-1,1,AB5996,1,2,80
T321/2,T323,10:23:28,2,-1,1,AB6335,0,2,30
C668,C678,10:23:58,2,-1,1,AB5996,0,2,10
T323,T324/2,10:23:58,2,-1,1,AB6335,0,2,10
C678,C663,10:24:49,2,-1,1,AB5996,1,2,40
C663,C661,10:25:29,2,-1,1,AB5996,0,2,30
T324/2,T327,10:25:39,2,-1,1,AB6335,0,2,60
C661,C659,10:26:09,2,-1,1,AB5996,0,2,30
T327,T326/1,10:26:40,2,-1,1,AB6335,0,2,30
C688/1,C691,10:27:20,2,-1,1,AB5457,0,2,40
T326/1,T337,10:27:42,2,-1,1,AB6335,0,2,51
C659,C656,10:27:52,2,-1,1,AB5996,0,2,31
T337,T336/2,10:28:42,2,-1,1,AB6335,0,2,30
C656,C654/2,10:28:52,2,-1,1,AB5996,0,2,50
C691,C652,10:29:34,2,-1,1,AB5457,0,2,91
C654/2,C653,10:30:45,2,-1,1,AB5996,0,2,102
C652,C655,10:30:55,2,-1,2,AB5457,0,2,40
C655,C657,10:32:16,2,-1,3,AB5457,0,2,50
C653,C692,10:32:56,2,-1,1,AB5996,0,2,121
C657,C660,10:33:27,2,-1,1,AB5457,0,2,40
C692,C689/1,10:34:07,2,-1,1,AB5996,0,2,40
C660,C662,10:34:17,2,-1,1,AB5457,0,2,20
C662,C664,10:35:18,2,-1,1,AB5457,0,2,40
C664,C666,10:35:48,2,-1,1,AB5457,0,2,20
T336/2,T335,10:36:08,2,-1,1,AB6353,0,2,30
C666,C677,10:36:08,2,-1,1,AB5457,0,2,10
T335,T338,10:36:39,2,-1,1,AB6353,0,2,10
C677,C667,10:36:39,2,-1,1,AB5457,0,2,20
C689/1,T360,10:37:39,2,-1,1,AB5996,0,2,182
T338,T326/3,10:38:10,2,-1,-1,AB6353,0,2,70
C667,C680,10:38:10,2,-1,-1,AB5457,1,2,80
T326/3,T332/2,10:39:00,2,-1,1,AB6353,0,2,40
T360,T376/1,10:39:00,2,-1,1,AB5996,0,2,70
C680,C669/1,10:39:32,2,-1,1,AB5457,0,2,41
T332/2,T325/2,10:40:32,2,-1,1,AB6353,0,2,50
C669/1,C693,10:40:43,2,-1,1,AB5457,0,2,60
T376/1,T363/1,10:41:03,2,-1,1,AB5996,0,2,91
T325/2,T339/2,10:41:35,2,-1,1,AB6353,0,2,32
C693,C681,10:42:06,2,-1,3,AB5457,0,2,72
T363/1,T306,10:42:56,2,-1,1,AB5996,0,2,80
C681,C671,10:43:06,2,-1,-1,AB5457,0,2,50
T306,T314/2,10:43:37,2,-1,-1,AB5996,0,2,30
T339/2,T313,10:43:47,2,-1,1,AB6353,0,2,80
C671,C695,10:44:47,2,-1,-1,AB5457,0,2,90
T313,T315,10:44:57,2,-1,1,AB6353,0,2,50
T319,T320,10:45:38,2,-1,-1,AB5996,0,2,40
C695,C673,10:46:38,2,-1,-1,AB5457,0,2,101
T321/2,T323,10:47:09,2,-1,1,AB5996,0,2,30
T315,T375,10:47:29,2,-1,1,AB6353,0,2,141
C673,C672,10:47:49,2,-1,1,AB5457,0,2,40
T323,T324/2,10:48:09,2,-1,1,AB5996,0,2,20
T375,T380,10:49:00,2,-1,1,AB6353,0,2,60
T380,T379,10:49:43,2,-1,1,AB6353,0,2,10
T324/2,T327,10:49:43,2,-1,1,AB5996,0,2,63
T379,T359,10:50:24,2,-1,1,AB6353,0,2,20
T327,T326/1,10:50:34,2,-1,1,AB5996,0,2,20
C672,C670,10:51:14,2,-1,1,AB5457,0,2,164
T359,T355/1,10:51:35,2,-1,1,AB6353,0,2,60
T326/1,T337,10:51:35,2,-1,1,AB5996,0,2,50
C670,C679,10:52:35,2,-1,1,AB5457,0,2,40
T337,T336/2,10:52:35,2,-1,1,AB5996,0,2,30
C679,C694,10:54:37,2,-1,-1,AB5457,0,2,80
T355/1,C688/1,10:54:57,2,-1,1,AB6353,0,2,192
C694,C669/2,10:55:27,2,-1,-1,AB5457,0,2,40
C688/1,C691,10:55:47,2,-1,1,AB6353,0,2,30
C669/2,C687,10:56:18,2,-1,1,AB5457,0,2,30
C691,C652,10:57:49,2,-1,1,AB6353,0,2,90
C687,C675,10:58:19,2,-1,1,AB5457,0,2,70
C652,C655,10:58:49,2,-1,1,AB6353,0,2,30
C675,C668,10:59:10,2,-1,1,AB5457,0,2,20
C655,C657,10:59:54,2,-1,1,AB6353,0,2,44
C668,C678,10:59:54,2,-1,1,AB5457,0,2,10
C657,C660,11:00:55,2,-1,1,AB6353,0,2,50
C678,C665,11:00:55,2,-1,1,AB5457,0,2,20
C665,C663,11:01:25,2,-1,1,AB5457,0,2,20
C660,C662,11:01:36,2,-1,1,AB6353,0,2,20
C662,C664,11:02:16,2,-1,1,AB6353,0,2,30
C663,C661,11:02:16,2,-1,1,AB5457,0,2,30
C664,C666,11:02:47,2,-1,1,AB6353,0,2,20
C661,C659,11:02:57,2,-1,1,AB5457,0,2,20
C666,C677,11:03:17,2,-1,1,AB6353,0,2,20
C677,C667,11:03:47,2,-1,1,AB6353,0,2,20
C667,C676,11:04:18,2,-1,-1,AB6353,0,2,20
C659,C656,11:04:18,2,-1,1,AB5457,0,2,40
C656,C654/2,11:05:28,2,-1,1,AB5457,0,2,50
C676,C680,11:05:49,2,-1,-1,AB6353,0,2,60
C680,C669/1,11:06:59,2,-1,1,AB6353,0,2,30
C654/2,C653,11:07:40,2,-1,1,AB5457,0,2,81
C653,C692,11:08:31,2,-1,1,AB5457,0,2,40
C692,C689/1,11:10:38,2,-1,1,AB5457,0,2,65
T336/2,T335,11:11:18,2,-1,1,AB6335,0,2,30
T335,T338,11:11:38,2,-1,1,AB6335,0,2,10
C671,C695,11:12:29,2,-1,-1,AB6353,0,2,91
T338,T326/3,11:13:40,2,-1,-1,AB6335,0,2,80
C689/1,T360,11:14:20,2,-1,1,AB5457,0,2,171
T326/3,T332/2,11:14:30,2,-1,1,AB6335,0,2,40
C695,C672,11:15:11,2,-1,1,AB6353,1,2,151
T360,T376/1,11:15:11,2,-1,1,AB5457,0,2,20
T332/2,T325/2,11:16:23,2,-1,1,AB6335,0,2,62
T376/1,T363/1,11:16:54,2,-1,1,AB5457,0,2,92
T325/2,T339/2,11:17:24,2,-1,1,AB6335,0,2,20
T363/1,T306,11:18:35,2,-1,1,AB5457,0,2,60
T339/2,T313,11:19:05,2,-1,1,AB6335,0,2,60
C672,C670,11:19:26,2,-1,1,AB6353,0,2,182
T306,T314/2,11:19:36,2,-1,-1,AB5457,0,2,50
C670,C679,11:20:06,2,-1,1,AB6353,0,2,30
T313,T315,11:20:16,2,-1,1,AB6335,0,2,20
T314/2,T318,11:20:57,2,-1,-1,AB5457,0,2,10
T318,T319,11:21:37,2,-1,-1,AB5457,0,2,10
T315,T375,11:21:57,2,-1,1,AB6335,0,2,90
T375,T380,11:22:58,2,-1,1,AB6335,0,2,20
T319,T320,11:22:58,2,-1,-1,AB5457,0,2,60
T380,T379,11:23:59,2,-1,1,AB6335,0,2,20
T320,T321/2,11:24:09,2,-1,-1,AB5457,0,2,20
T379,T359,11:24:29,2,-1,1,AB6335,0,2,20
C679,C694,11:25:09,2,-1,-1,AB6353,0,2,90
T321/2,T323,11:25:19,2,-1,1,AB5457,0,2,30
T359,T355/1,11:26:00,2,-1,1,AB6335,0,2,60
T323,T324/2,11:26:00,2,-1,1,AB5457,0,2,10
C694,C669/2,11:26:10,2,-1,-1,AB6353,0,2,50
C669/2,C687,11:27:00,2,-1,1,AB6353,0,2,30
T324/2,T327,11:27:21,2,-1,1,AB5457,0,2,50
T327,T326/1,11:28:04,2,-1,1,AB5457,0,2,30
C687,C675,11:28:45,2,-1,1,AB6353,0,2,60
C675,C668,11:29:45,2,-1,1,AB6353,0,2,20
T326/1,T337,11:29:45,2,-1,1,AB5457,0,2,60
C668,C678,11:30:05,2,-1,1,AB6353,0,2,10
T337,T336/2,11:30:26,2,-1,1,AB5457,0,2,30
C678,C665,11:31:06,2,-1,1,AB6353,0,2,20
C665,C663,11:31:26,2,-1,1,AB6353,0,2,10
C688/1,C691,11:32:07,2,-1,1,AB6335,0,2,80
C663,C659,11:33:03,2,-1,1,AB6353,1,2,65
C691,C652,11:34:04,2,-1,1,AB6335,0,2,82
C659,C656,11:34:35,2,-1,1,AB6353,0,2,50
C652,C655,11:35:25,2,-1,1,AB6335,0,2,30
C656,C654/2,11:35:56,2,-1,1,AB6353,0,2,40
C655,C657,11:36:46,2,-1,1,AB6335,0,2,40
C657,C660,11:38:07,2,-1,1,AB6335,0,2,70
C660,C662,11:38:57,2,-1,1,AB6335,0,2,20
C654/2,C692,11:39:28,2,-1,1,AB6353,1,2,171
C662,C664,11:39:48,2,-1,1,AB6335,0,2,30
C664,C666,11:40:08,2,-1,1,AB6335,0,2,10
C666,C677,11:40:28,2,-1,1,AB6335,0,2,10
C692,C689/1,11:40:49,2,-1,1,AB6353,0,2,30
C677,C667,11:40:59,2,-1,1,AB6335,0,2,20
C667,C676,11:41:29,2,-1,-1,AB6335,0,2,20
C676,C680,11:42:32,2,-1,-1,AB6335,0,2,52
C680,C669/1,11:43:23,2,-1,1,AB6335,0,2,20
C689/1,T360,11:43:44,2,-1,1,AB6353,0,2,114
T360,T376/1,11:44:34,2,-1,1,AB6353,0,2,20
C669/1,C693,11:45:25,2,-1,1,AB6335,0,2,70
T336/2,T335,11:45:55,2,-1,1,AB5996,0,2,30
T335,T338,11:46:15,2,-1,1,AB5996,0,2,10
T376/1,T363/1,11:46:25,2,-1,1,AB6353,0,2,80
C693,C681,11:46:46,2,-1,1,AB6335,0,2,70
T338,T326/3,11:47:16,2,-1,-1,AB5996,0,2,50
C681,C671,11:47:36,2,-1,-1,AB6335,0,2,40
T326/3,T332/2,11:48:07,2,-1,1,AB5996,0,2,40
T363/1,T306,11:48:17,2,-1,1,AB6353,0,2,71
C671,C695,11:49:08,2,-1,-1,AB6335,0,2,81
T306,T314/2,11:49:38,2,-1,-1,AB6353,0,2,40
T332/2,T325/2,11:49:48,2,-1,2,AB5996,0,2,70
T325/2,T339/2,11:50:29,2,-1,1,AB5996,0,2,10
T314/2,T318,11:50:49,2,-1,-1,AB6353,0,2,10
C695,C672,11:51:19,2,-1,1,AB6335,1,2,121
T318,T319,11:51:50,2,-1,-1,AB6353,0,2,20
T339/2,T313,11:52:30,2,-1,1,AB5996,0,2,91
T319,T320,11:52:51,2,-1,-1,AB6353,0,2,50
T313,T315,11:53:34,2,-1,1,AB5996,0,2,23
T320,T321/2,11:53:54,2,-1,-1,AB6353,0,2,10
C672,C670,11:54:55,2,-1,1,AB6335,0,2,134
T321/2,T323,11:55:05,2,-1,1,AB6353,0,2,30
T315,T375,11:55:15,2,-1,1,AB5996,0,2,90
C670,C679,11:55:46,2,-1,1,AB6335,0,2,30
T375,T380,11:56:26,2,-1,1,AB5996,0,2,40
T323,T324/2,11:56:26,2,-1,1,AB6353,0,2,10
T380,T379,11:56:56,2,-1,1,AB5996,0,2,20
C679,C694,11:57:37,2,-1,-1,AB6335,0,2,70
T379,T359,11:57:57,2,-1,1,AB5996,0,2,50
T324/2,T327,11:57:57,2,-1,1,AB6353,0,2,60
C694,C669/2,11:58:17,2,-1,-1,AB6335,0,2,30
T327,T326/1,11:58:37,2,-1,1,AB6353,0,2,20
T359,T355/1,11:59:18,2,-1,1,AB5996,0,2,60
C669/2,C687,11:59:38,2,-1,1,AB6335,0,2,40
T326/1,T337,11:59:48,2,-1,1,AB6353,0,2,60
T337,T336/2,12:00:29,2,-1,1,AB6353,0,2,30
C687,C675,12:00:39,2,-1,1,AB6335,0,2,50
C675,C668,12:01:09,2,-1,1,AB6335,0,2,20
C668,C678,12:01:29,2,-1,1,AB6335,0,2,10
C678,C665,12:02:00,2,-1,1,AB6335,0,2,20
C665,C663,12:02:33,2,-1,1,AB6335,0,2,13
C663,C661,12:03:15,2,-1,1,AB6335,0,2,31
C661,C659,12:04:15,2,-1,1,AB6335,0,2,50
C688/1,C691,12:05:06,2,-1,1,AB5996,0,2,60
C659,C656,12:05:57,2,-1,1,AB6335,0,2,60
C691,C652,12:06:47,2,-1,1,AB5996,0,2,80
C656,C654/2,12:06:57,2,-1,1,AB6335,0,2,50
C652,C655,12:07:58,2,-1,1,AB5996,0,2,40
C654/2,C653,12:08:38,2,-1,1,AB6335,0,2,80
C655,C657,12:09:09,2,-1,-1,AB5996,0,2,50
C657,C660,12:09:59,2,-1,1,AB5996,0,2,40
C653,C692,12:10:44,2,-1,1,AB6335,0,2,105
C660,C662,12:10:54,2,-1,-1,AB5996,0,2,10
C662,C664,12:11:34,2,-1,-1,AB5996,0,2,30
C692,C689/1,12:11:54,2,-1,1,AB6335,0,2,30
C664,C666,12:12:15,2,-1,-1,AB5996,0,2,10
C666,C677,12:12:37,2,-1,-1,AB5996,0,2,12
C677,C667,12:13:08,2,-1,-1,AB5996,0,2,20
C667,C676,12:13:38,2,-1,-1,AB5996,0,2,20
C676,C680,12:14:49,2,-1,-1,AB5996,0,2,60
C680,C669/1,12:15:19,2,-1,1,AB5996,0,2,20
C689/1,T360,12:15:49,2,-1,1,AB6335,0,2,181
C669/1,C681,12:17:45,2,-1,1,AB5996,1,2,125
T360,T376/1,12:18:15,2,-1,1,AB6335,0,2,125
C681,C671,12:18:45,2,-1,-1,AB5996,0,2,50
T376/1,T363/1,12:20:06,2,-1,1,AB6335,0,2,70
C671,C695,12:20:16,2,-1,-1,AB5996,0,2,80
T336/2,T335,12:21:47,2,-1,1,AB6353,0,2,50
T363/1,T306,12:21:57,2,-1,1,AB6335,0,2,70
C695,C672,12:22:38,2,-1,1,AB5996,1,2,131
T306,T314/2,12:22:48,2,-1,-1,AB6335,0,2,30
T338,T326/3,12:23:59,2,-1,-1,AB6353,0,2,50
T318,T319,12:23:59,2,-1,-1,AB6335,0,2,10
C672,C670,12:24:49,2,-1,1,AB5996,0,2,101
T326/3,T332/2,12:25:20,2,-1,1,AB6353,0,2,50
T319,T320,12:25:20,2,-1,-1,AB6335,0,2,70
C670,C679,12:25:40,2,-1,1,AB5996,0,2,30
T320,T321/2,12:26:42,2,-1,-1,AB6335,0,2,22
T332/2,T325/2,12:27:03,2,-1,1,AB6353,0,2,72
C679,C694,12:27:03,2,-1,-1,AB5996,0,2,72
C694,C669/2,12:27:43,2,-1,-1,AB5996,0,2,20
T321/2,T323,12:27:53,2,-1,1,AB6335,0,2,20
T323,T324/2,12:28:24,2,-1,1,AB6335,0,2,10
C669/2,C687,12:28:34,2,-1,1,AB5996,0,2,20
T325/2,T313,12:29:25,2,-1,1,AB6353,1,2,121
C687,C675,12:30:05,2,-1,-1,AB5996,0,2,61
T324/2,T327,12:30:15,2,-1,1,AB6335,0,2,71
T313,T315,12:30:26,2,-1,1,AB6353,0,2,20
C675,C668,12:30:36,2,-1,-1,AB5996,0,2,20
C668,C678,12:30:56,2,-1,-1,AB5996,0,2,10
T327,T326/1,12:31:26,2,-1,1,AB6335,0,2,20
C678,C665,12:31:47,2,-1,-1,AB5996,0,2,20
C665,C663,12:32:07,2,-1,-1,AB5996,0,2,10
T315,T375,12:32:17,2,-1,1,AB6353,0,2,81
T326/1,T337,12:32:47,2,-1,1,AB6335,0,2,50
C663,C661,12:33:08,2,-1,-1,AB5996,0,2,30
C661,C659,12:33:38,2,-1,1,AB5996,0,2,20
T375,T380,12:33:48,2,-1,1,AB6353,0,2,30
T337,T336/2,12:33:48,2,-1,1,AB6335,0,2,40
T380,T379,12:34:39,2,-1,1,AB6353,0,2,10
T379,T359,12:35:19,2,-1,1,AB6353,0,2,20
C659,C656,12:35:19,2,-1,1,AB5996,0,2,40
C656,C654/2,12:36:20,2,-1,1,AB5996,0,2,50
T359,T355/1,12:37:04,2,-1,2,AB6353,0,2,53
C654/2,C653,12:37:45,2,-1,1,AB5996,0,2,41
C653,C692,12:39:06,2,-1,2,AB5996,0,2,60
C692,C689/1,12:40:27,2,-1,1,AB5996,0,2,30
C688/1,C691,12:42:58,2,-1,1,AB6353,0,2,60
C689/1,T360,12:43:49,2,-1,1,AB5996,0,2,131
C691,C652,12:45:32,2,-1,1,AB6353,0,2,123
C652,C655,12:46:53,2,-1,1,AB6353,0,2,30
C655,C657,12:47:54,2,-1,1,AB6353,0,2,50
C657,C660,12:49:04,2,-1,2,AB6353,0,2,60
T363/1,T306,12:49:55,2,-1,1,AB5996,0,2,70
C660,C662,12:50:05,2,-1,1,AB6353,0,2,20
T306,T314/2,12:50:35,2,-1,-1,AB5996,0,2,30
C662,C664,12:50:45,2,-1,1,AB6353,0,2,20
C664,C666,12:51:16,2,-1,1,AB6353,0,2,20
C666,C667,12:52:16,2,-1,1,AB6353,1,2,50
C667,C676,12:52:47,2,-1,-1,AB6353,0,2,20
T318,T319,12:53:07,2,-1,-1,AB5996,0,2,90
C676,C680,12:53:48,2,-1,-1,AB6353,0,2,50
C680,C669/1,12:54:48,2,-1,1,AB6353,0,2,30
T336/2,T335,12:55:09,2,-1,1,AB6335,0,2,30
T319,T320,12:55:09,2,-1,-1,AB5996,0,2,91
C669/1,C693,12:56:09,2,-1,1,AB6353,0,2,60
T335,T338,12:56:19,2,-1,1,AB6335,0,2,10
T320,T321/2,12:56:40,2,-1,-1,AB5996,0,2,10
T338,T326/3,12:57:43,2,-1,-1,AB6335,0,2,62
C693,C681,12:57:43,2,-1,1,AB6353,0,2,83
T321/2,T323,12:57:53,2,-1,1,AB5996,0,2,32
C681,C671,12:58:45,2,-1,-1,AB6353,0,2,52
T323,T324/2,12:58:55,2,-1,1,AB5996,0,2,10
T326/3,T332/2,12:59:05,2,-1,1,AB6335,0,2,52
C671,C695,13:00:37,2,-1,-1,AB6353,0,2,81
T324/2,T326/1,13:01:18,2,-1,1,AB5996,1,2,112
T332/2,T339/2,13:01:58,2,-1,1,AB6335,1,2,122
T326/1,T337,13:02:29,2,-1,1,AB5996,0,2,60
C695,C672,13:03:09,2,-1,1,AB6353,1,2,141
T337,T336/2,13:03:09,2,-1,1,AB5996,0,2,30
T339/2,T313,13:03:29,2,-1,1,AB6335,0,2,50
T313,T315,13:04:10,2,-1,1,AB6335,0,2,10
T315,T375,13:05:45,2,-1,1,AB6335,0,4,84
C672,C670,13:06:25,2,-1,1,AB6353,0,4,145
C670,C679,13:07:16,2,-1,1,AB6353,0,4,40
T375,T380,13:07:26,2,-1,1,AB6335,0,4,60
T380,T379,13:08:07,2,-1,1,AB6335,0,4,20
C679,C694,13:08:47,2,-1,-1,AB6353,0,4,80
T379,T359,13:09:48,2,-1,1,AB6335,0,4,70
C694,C669/2,13:10:18,2,-1,-1,AB6353,0,4,40
C669/2,C687,13:11:19,2,-1,1,AB6353,0,4,20
T359,T355/1,13:11:39,2,-1,1,AB6335,0,4,70
C687,C675,13:13:00,2,-1,1,AB6353,0,4,70
C675,C668,13:14:01,2,-1,1,AB6353,0,4,30
C668,C678,13:14:21,2,-1,1,AB6353,0,4,10
C678,C663,13:15:15,2,-1,1,AB6353,1,4,40
C663,C661,13:15:55,2,-1,1,AB6353,0,4,30
C661,C659,13:16:36,2,-1,1,AB6353,0,4,30
C688/1,C691,13:17:16,2,-1,1,AB6335,0,4,30
C659,C656,13:18:42,2,-1,1,AB6353,0,4,96
C691,C652,13:19:55,2,-1,1,AB6335,0,4,113
C656,C654/2,13:20:25,2,-1,1,AB6353,0,4,62
C652,C655,13:20:36,2,-1,1,AB6335,0,4,31
C655,C657,13:21:47,2,-1,1,AB6335,0,4,50
C654/2,C653,13:21:47,2,-1,2,AB6353,0,4,40
C657,C660,13:22:37,2,-1,1,AB6335,0,4,40
C660,C662,13:23:38,2,-1,1,AB6335,0,4,30
C662,C664,13:24:18,2,-1,1,AB6335,0,4,30
C653,C692,13:24:49,2,-1,1,AB6353,0,4,171
C664,C677,13:25:29,2,-1,-1,AB6335,1,4,40
C677,C667,13:26:00,2,-1,-1,AB6335,0,4,20
C692,C689/1,13:26:00,2,-1,1,AB6353,0,4,30
C667,C676,13:26:20,2,-1,-1,AB6335,0,4,10
C676,C680,13:27:35,2,-1,-1,AB6335,0,4,54
C680,C669/1,13:28:25,2,-1,1,AB6335,0,4,20
C689/1,T360,13:29:16,2,-1,1,AB6353,0,4,155
C669/1,C693,13:29:56,2,-1,1,AB6335,0,4,60
T336/2,T335,13:30:37,2,-1,1,AB5996,0,4,20
T335,T338,13:31:17,2,-1,1,AB5996,0,4,10
T360,T376/1,13:31:27,2,-1,1,AB6353,0,4,111
C693,C671,13:32:38,2,-1,-1,AB6335,1,2,141
T338,T326/3,13:32:48,2,-1,-1,AB5996,0,2,60
T326/3,T332/2,13:33:39,2,-1,1,AB5996,0,2,40
C671,C695,13:34:09,2,-1,-1,AB6335,0,2,80
T376/1,T363/1,13:34:39,2,-1,1,AB6353,0,2,182
T332/2,T325/2,13:35:45,2,-1,1,AB5996,0,2,65
C695,C673,13:36:15,2,-1,-1,AB6335,0,2,85
T325/2,T339/2,13:36:35,2,-1,1,AB5996,0,2,20
T363/1,T306,13:36:35,2,-1,1,AB6353,0,2,75
C673,C672,13:37:16,2,-1,1,AB6335,0,2,30
T339/2,T313,13:37:46,2,-1,1,AB5996,0,2,40
T306,T318,13:37:46,2,-1,-1,AB6353,1,2,40
T313,T315,13:38:37,2,-1,1,AB5996,0,2,30
T318,T319,13:39:17,2,-1,-1,AB6353,0,2,60
T315,T375,13:39:58,2,-1,1,AB5996,0,2,70
C672,C670,13:39:58,2,-1,1,AB6335,0,2,131
C670,C679,13:40:48,2,-1,1,AB6335,0,2,30
T319,T320,13:40:48,2,-1,-1,AB6353,0,2,60
T375,T380,13:41:18,2,-1,1,AB5996,0,2,30
T380,T379,13:42:09,2,-1,1,AB5996,0,2,10
C679,C694,13:42:19,2,-1,-1,AB6335,0,2,70
T320,T321/2,13:42:19,2,-1,-1,AB6353,0,2,20
C694,C669/2,13:43:20,2,-1,-1,AB6335,0,2,40
T321/2,T323,13:43:34,2,-1,1,AB6353,0,2,34
T379,T359,13:44:05,2,-1,1,AB5996,0,2,65
C669/2,C687,13:44:15,2,-1,1,AB6335,0,2,30
T323,T324/2,13:44:25,2,-1,1,AB6353,0,2,10
T359,T355/1,13:45:15,2,-1,1,AB5996,0,2,50
C687,C675,13:45:25,2,-1,1,AB6335,0,2,60
C675,C668,13:45:56,2,-1,1,AB6335,0,2,20
T324/2,T327,13:46:06,2,-1,1,AB6353,0,2,60
C668,C678,13:46:26,2,-1,1,AB6335,0,2,20
C678,C665,13:46:56,2,-1,1,AB6335,0,2,20
T327,T326/1,13:47:17,2,-1,1,AB6353,0,2,30
C665,C661,13:47:57,2,-1,1,AB6335,1,2,50
T326/1,T337,13:48:17,2,-1,1,AB6353,0,2,50
C661,C659,13:48:37,2,-1,1,AB6335,0,2,30
T337,T336/2,13:49:08,2,-1,1,AB6353,0,2,30
C659,C656,13:50:29,2,-1,1,AB6335,0,2,50
C688/1,C691,13:50:59,2,-1,1,AB5996,0,2,30
C656,C654/2,13:51:29,2,-1,1,AB6335,0,2,50
C691,C652,13:53:04,2,-1,1,AB5996,0,2,84
C654/2,C653,13:53:35,2,-1,1,AB6335,0,2,84
C652,C655,13:54:25,2,-1,1,AB5996,0,2,40
C655,C657,13:55:36,2,-1,1,AB5996,0,2,50
C653,C692,13:55:36,2,-1,1,AB6335,0,2,111
C657,C660,13:56:36,2,-1,1,AB5996,0,2,40
C660,C662,13:57:07,2,-1,1,AB5996,0,2,20
C662,C664,13:57:37,2,-1,1,AB5996,0,2,20
C664,C666,13:57:57,2,-1,1,AB5996,0,2,10
C666,C677,13:58:38,2,-1,2,AB5996,0,2,30
C677,C667,13:59:08,2,-1,2,AB5996,0,2,10
C667,C676,13:59:28,2,-1,-1,AB5996,0,2,10
C676,C680,14:00:39,2,-1,-1,AB5996,0,2,60
C680,C669/1,14:01:20,2,-1,-1,AB5996,0,2,20
T360,T376/1,14:01:33,2,-1,-1,AB6335,0,2,33
C669/1,C693,14:02:34,2,-1,-1,AB5996,0,2,50
T376/1,T363/1,14:03:04,2,-1,-1,AB6335,0,2,81
C693,C681,14:03:55,2,-1,-1,AB5996,0,2,71
T363/1,T306,14:04:36,2,-1,-1,AB6335,0,2,50
C681,C671,14:04:56,2,-1,-1,AB5996,0,2,50
T306,T314/2,14:05:36,2,-1,-1,AB6335,0,2,40
T336/2,T335,14:06:07,2,-1,1,AB6353,0,2,30
C671,C695,14:06:17,2,-1,-1,AB5996,0,2,70
T335,T338,14:06:57,2,-1,1,AB6353,0,2,40
T318,T319,14:07:28,2,-1,-1,AB6335,0,2,10
C695,C673,14:07:58,2,-1,-1,AB5996,0,2,90
T338,T326/3,14:08:28,2,-1,-1,AB6353,0,2,70
C673,C672,14:08:59,2,-1,1,AB5996,0,2,40
T319,T320,14:08:59,2,-1,-1,AB6335,0,2,81
T326/3,T332/2,14:09:19,2,-1,1,AB6353,0,2,30
T320,T321/2,14:10:20,2,-1,-1,AB6335,0,2,10
T321/2,T323,14:11:23,2,-1,1,AB6335,0,2,30
T332/2,T325/2,14:11:34,2,-1,1,AB6353,0,2,73
C672,C670,14:11:44,2,-1,1,AB5996,0,2,134
T325/2,T339/2,14:12:24,2,-1,1,AB6353,0,2,20
T323,T324/2,14:12:34,2,-1,1,AB6335,0,2,10
C670,C679,14:13:25,2,-1,1,AB5996,0,2,50
T339/2,T313,14:14:05,2,-1,1,AB6353,0,2,70
T324/2,T327,14:14:35,2,-1,1,AB6335,0,2,80
C679,C694,14:15:06,2,-1,-1,AB5996,0,2,90
T313,T315,14:15:16,2,-1,2,AB6353,0,2,30
T327,T326/1,14:15:36,2,-1,1,AB6335,0,2,20
C694,C669/2,14:15:56,2,-1,-1,AB5996,0,2,40
C669/2,C687,14:16:47,2,-1,1,AB5996,0,2,30
T326/1,T337,14:16:47,2,-1,1,AB6335,0,2,60
T315,T375,14:17:37,2,-1,1,AB6353,0,2,111
T337,T336/2,14:17:48,2,-1,1,AB6335,0,2,30
T375,T380,14:18:38,2,-1,1,AB6353,0,2,20
C687,C675,14:18:38,2,-1,1,AB5996,0,2,60
T380,T379,14:19:18,2,-1,1,AB6353,0,2,10
C675,C678,14:19:29,2,-1,1,AB5996,1,2,40
C678,C665,14:19:59,2,-1,1,AB5996,0,2,20
C665,C663,14:20:29,2,-1,1,AB5996,0,2,20
T379,T359,14:20:39,2,-1,1,AB6353,0,2,40
C663,C661,14:21:10,2,-1,1,AB5996,0,2,30
C661,C659,14:21:41,2,-1,1,AB5996,0,2,21
T359,T355/1,14:22:01,2,-1,1,AB6353,0,2,71
C659,C656,14:23:03,2,-1,1,AB5996,0,4,61
C656,C654/2,14:23:53,2,-1,1,AB5996,0,4,40
C654/2,C653,14:25:35,2,-1,1,AB5996,0,4,50
C653,C692,14:27:36,2,-1,1,AB5996,0,4,111
C688/1,C691,14:28:57,2,-1,1,AB6353,0,4,80
C692,C689/1,14:28:57,2,-1,1,AB5996,0,4,30
C691,C652,14:31:58,2,-1,1,AB6353,0,4,151
C689/1,T360,14:31:58,2,-1,1,AB5996,0,4,141
C652,C655,14:32:39,2,-1,1,AB6353,0,4,30
C655,C657,14:33:40,2,-1,1,AB6353,0,4,50
T360,T376/1,14:34:20,2,-1,1,AB5996,0,4,111
C657,C660,14:34:33,2,-1,1,AB6353,0,4,43
C660,C662,14:35:24,2,-1,1,AB6353,0,4,20
C662,C666,14:36:24,2,-1,1,AB6353,1,4,50
T376/1,T363/1,14:36:24,2,-1,1,AB5996,0,4,111
C666,C677,14:36:44,2,-1,1,AB6353,0,4,10
C677,C676,14:37:45,2,-1,-1,AB6353,1,4,50
C676,C680,14:38:56,2,-1,-1,AB6353,0,4,60
T336/2,T335,14:39:06,2,-1,1,AB6335,0,4,30
C680,C669/1,14:39:46,2,-1,1,AB6353,0,4,30
T338,T326/3,14:41:17,2,-1,-1,AB6335,0,4,60
C669/1,C693,14:41:17,2,-1,1,AB6353,0,4,50
C693,C681,14:42:59,2,-1,1,AB6353,0,4,70
T326/3,T332/2,14:43:09,2,-1,1,AB6335,0,4,70
T332/2,T325/2,14:44:10,2,-1,1,AB6335,0,4,51
C681,C671,14:44:10,2,-1,-1,AB6353,0,4,61
T306,T318,14:44:20,2,-1,-1,AB5996,1,4,51
T325/2,T339/2,14:44:43,2,-1,1,AB6335,0,4,10
C671,C695,14:45:54,2,-1,-1,AB6353,0,4,80
T318,T319,14:46:04,2,-1,-1,AB5996,0,4,50
T339/2,T313,14:46:44,2,-1,1,AB6335,0,4,70
T313,T315,14:47:55,2,-1,1,AB6335,0,4,20
T319,T320,14:47:55,2,-1,-1,AB5996,0,4,90
C695,C673,14:48:15,2,-1,-1,AB6353,0,4,101
T320,T321/2,14:49:16,2,-1,-1,AB5996,0,4,10
T315,T375,14:49:26,2,-1,1,AB6335,0,4,81
C673,C672,14:49:46,2,-1,1,AB6353,0,4,81
T321/2,T323,14:50:37,2,-1,1,AB5996,0,4,40
T323,T324/2,14:51:38,2,-1,1,AB5996,0,4,20
T375,T380,14:51:48,2,-1,1,AB6335,0,4,90
C672,C670,14:52:18,2,-1,1,AB6353,0,4,131
T380,T379,14:52:38,2,-1,1,AB6335,0,4,10
T324/2,T327,14:52:49,2,-1,1,AB5996,0,4,61
C670,C679,14:53:29,2,-1,1,AB6353,0,4,40
T379,T359,14:53:39,2,-1,1,AB6335,0,4,20
T327,T326/1,14:54:00,2,-1,1,AB5996,0,4,30
C679,C694,14:55:03,2,-1,-1,AB6353,0,4,83
T359,T355/1,14:55:13,2,-1,1,AB6335,0,4,63
T326/1,T337,14:55:13,2,-1,1,AB5996,0,4,63
C694,C669/2,14:55:54,2,-1,-1,AB6353,0,4,30
T337,T336/2,14:56:04,2,-1,1,AB5996,0,4,30
C669/2,C687,14:56:56,2,-1,1,AB6353,0,4,22
C687,C675,14:58:27,2,-1,1,AB6353,0,4,60
C675,C668,14:58:58,2,-1,1,AB6353,0,4,20
C668,C678,14:59:18,2,-1,1,AB6353,0,4,10
C678,C665,14:59:48,2,-1,1,AB6353,0,4,20
C665,C663,15:00:18,2,-1,-1,AB6353,0,4,20
C688/1,C691,15:01:29,2,-1,1,AB6335,0,4,30
C663,C661,15:01:29,2,-1,-1,AB6353,0,4,30
C661,C659,15:02:21,2,-1,1,AB6353,0,4,30
C691,C652,15:03:19,2,-1,1,AB6335,0,4,68
C659,C656,15:04:16,2,-1,1,AB6353,0,4,44
C652,C655,15:04:27,2,-1,1,AB6335,0,4,30
C655,C657,15:05:22,2,-1,-1,AB6335,0,4,31
C656,C654/2,15:05:22,2,-1,1,AB6353,0,4,55
C657,C660,15:06:29,2,-1,-1,AB6335,0,4,55
C660,C662,15:07:32,2,-1,-1,AB6335,0,4,20
C654/2,C653,15:07:32,2,-1,1,AB6353,0,4,118
C662,C666,15:08:35,2,-1,-1,AB6335,1,4,52
C666,C677,15:08:55,2,-1,-1,AB6335,0,4,10
C677,C667,15:09:25,2,-1,-1,AB6335,0,4,20
C667,C676,15:09:46,2,-1,-1,AB6335,0,4,10
C653,C692,15:10:36,2,-1,1,AB6353,0,4,111
C676,C680,15:10:56,2,-1,-1,AB6335,0,4,60
C680,C669/1,15:11:27,2,-1,1,AB6335,0,4,20
C692,C689/1,15:11:37,2,-1,1,AB6353,0,4,10
T336/2,T335,15:12:58,2,-1,1,AB5996,0,4,30
C669/1,C693,15:13:08,2,-1,1,AB6335,0,4,60
T335,T338,15:13:49,2,-1,1,AB5996,0,4,10
C693,C681,15:14:39,2,-1,-1,AB6335,0,4,80
T338,T326/3,15:15:10,2,-1,-1,AB5996,0,4,60
C681,C671,15:15:50,2,-1,-1,AB6335,0,4,50
T326/3,T332/2,15:16:00,2,-1,1,AB5996,0,4,40
C689/1,T360,15:16:21,2,-1,1,AB6353,0,4,192
C671,C695,15:17:23,2,-1,-1,AB6335,0,4,82
T360,T376/1,15:18:45,2,-1,1,AB6353,0,4,112
T332/2,T325/2,15:18:55,2,-1,1,AB5996,0,4,132
C695,C673,15:19:05,2,-1,-1,AB6335,0,4,90
T325/2,T339/2,15:19:25,2,-1,2,AB5996,0,4,20
C673,C672,15:19:56,2,-1,3,AB6335,0,4,40
T376/1,T363/1,15:21:17,2,-1,2,AB6353,0,4,141
T339/2,T313,15:21:47,2,-1,1,AB5996,0,4,80
C672,C670,15:22:48,2,-1,3,AB6335,0,4,131
T363/1,T306,15:22:58,2,-1,2,AB6353,0,4,70
T313,T315,15:23:08,2,-1,2,AB5996,0,4,20
C670,C679,15:23:28,2,-1,3,AB6335,0,4,30
T306,T314/2,15:24:49,2,-1,-1,AB6353,0,4,91
C679,C694,15:25:37,2,-1,-1,AB6335,0,4,88
T315,T375,15:26:07,2,-1,1,AB5996,0,4,169
C694,C669/2,15:26:48,2,-1,-1,AB6335,0,4,40
T375,T380,15:27:38,2,-1,1,AB5996,0,4,30
C669/2,C687,15:28:09,2,-1,1,AB6335,0,4,30
T380,T379,15:28:29,2,-1,1,AB5996,0,4,10
T318,T319,15:28:39,2,-1,-1,AB6353,0,4,141
T379,T359,15:29:30,2,-1,1,AB5996,0,4,20
T319,T320,15:29:40,2,-1,-1,AB6353,0,4,40
T359,T355/1,15:30:44,2,-1,1,AB5996,0,4,64
C687,C678,15:31:04,2,-1,1,AB6335,2,4,114
T320,T321/2,15:31:04,2,-1,-1,AB6353,0,4,20
C678,C665,15:31:35,2,-1,1,AB6335,0,4,20
C665,C663,15:31:55,2,-1,1,AB6335,0,4,10
T321/2,T323,15:32:25,2,-1,1,AB6353,0,4,30
C663,C659,15:33:16,2,-1,1,AB6335,1,4,70
T323,T324/2,15:33:16,2,-1,1,AB6353,0,4,10
C659,C656,15:34:47,2,-1,1,AB6335,0,4,50
T324/2,T327,15:34:57,2,-1,1,AB6353,0,4,70
C656,C654/2,15:35:38,2,-1,1,AB6335,0,4,40
T327,T326/1,15:35:48,2,-1,1,AB6353,0,4,30
C654/2,C653,15:36:58,2,-1,1,AB6335,0,4,50
T326/1,T337,15:37:09,2,-1,1,AB6353,0,4,60
T337,T336/2,15:38:09,2,-1,1,AB6353,0,4,30
C688/1,C691,15:38:30,2,-1,1,AB5996,0,4,70
C653,C692,15:38:40,2,-1,1,AB6335,0,4,91
C692,C689/1,15:39:53,2,-1,1,AB6335,0,4,20
C691,C652,15:40:55,2,-1,1,AB5996,0,4,104
C652,C655,15:42:05,2,-1,1,AB5996,0,4,40
C689/1,T360,15:42:56,2,-1,1,AB6335,0,4,131
C655,C657,15:43:26,2,-1,1,AB5996,0,4,50
C657,C660,15:44:37,2,-1,1,AB5996,0,4,40
T360,T376/1,15:44:37,2,-1,1,AB6335,0,4,60
C660,C662,15:45:08,2,-1,1,AB5996,0,4,20
T376/1,T363/1,15:47:09,2,-1,2,AB6335,0,4,131
T336/2,T335,15:48:11,2,-1,1,AB6353,0,4,40
T335,T338,15:48:52,2,-1,1,AB6353,0,4,10
T363/1,T306,15:49:22,2,-1,2,AB6335,0,4,81
T338,T326/3,15:50:15,2,-1,-1,AB6353,0,4,62
T306,T314/2,15:50:25,2,-1,-1,AB6335,0,4,40
C669/1,C693,15:50:55,2,-1,-1,AB5996,0,4,60
T326/3,T332/2,15:51:26,2,-1,1,AB6353,0,4,50
T314/2,T318,15:51:36,2,-1,-1,AB6335,0,4,10
T318,T319,15:52:06,2,-1,-1,AB6335,0,4,10
C693,C681,15:52:16,2,-1,1,AB5996,0,4,70
T332/2,T325/2,15:53:37,2,-1,1,AB6353,0,4,91
C681,C671,15:53:37,2,-1,-1,AB5996,0,4,40
T319,T320,15:53:37,2,-1,-1,AB6335,0,4,60
T325/2,T339/2,15:54:48,2,-1,1,AB6353,0,4,20
T320,T321/2,15:54:48,2,-1,-1,AB6335,0,4,10
C671,C695,15:55:18,2,-1,-1,AB5996,0,4,91
T321/2,T323,15:56:19,2,-1,1,AB6335,0,4,40
T323,T324/2,15:56:50,2,-1,1,AB6335,0,4,10
T339/2,T313,15:57:00,2,-1,1,AB6353,0,4,91
C695,C673,15:57:10,2,-1,-1,AB5996,0,4,81
T313,T315,15:57:42,2,-1,2,AB6353,0,4,21
C673,C672,15:58:02,2,-1,-1,AB5996,0,4,20
T324/2,T327,15:58:22,2,-1,1,AB6335,0,4,82
T327,T326/1,15:59:13,2,-1,1,AB6335,0,4,20
T315,T375,15:59:43,2,-1,1,AB6353,0,4,111
T326/1,T337,16:00:24,2,-1,1,AB6335,0,4,60
C672,C670,16:00:54,2,-1,1,AB5996,0,4,141
T337,T336/2,16:01:04,2,-1,1,AB6335,0,4,30
T375,T380,16:01:14,2,-1,1,AB6353,0,4,30
C670,C679,16:01:35,2,-1,1,AB5996,0,4,30
T380,T379,16:02:15,2,-1,1,AB6353,0,4,20
C679,C694,16:03:06,2,-1,-1,AB5996,0,4,70
T379,T359,16:03:56,2,-1,1,AB6353,0,4,70
C694,C669/2,16:04:06,2,-1,-1,AB5996,0,4,20
C669/2,C687,16:05:27,2,-1,-1,AB5996,0,4,30
T359,T355/1,16:05:48,2,-1,1,AB6353,0,4,80
C687,C675,16:06:38,2,-1,1,AB5996,0,4,60
C661,C659,16:11:35,2,-1,1,AB5996,0,4,50
C688/1,C691,16:11:56,2,-1,1,AB6353,0,4,70
C659,C656,16:13:16,2,-1,1,AB5996,0,4,50
C691,C652,16:14:07,2,-1,1,AB6353,0,4,90
C656,C654/2,16:14:17,2,-1,1,AB5996,0,4,50
C652,C655,16:15:18,2,-1,1,AB6353,0,4,30
C655,C657,16:16:19,2,-1,1,AB6353,0,4,50
C654/2,C653,16:16:19,2,-1,1,AB5996,0,4,50
C657,C660,16:17:19,2,-1,1,AB6353,0,4,40
C660,C662,16:18:20,2,-1,1,AB6353,0,4,20
C653,C692,16:18:40,2,-1,1,AB5996,0,4,121
C662,C664,16:19:01,2,-1,1,AB6353,0,4,30
C664,C666,16:19:33,2,-1,1,AB6353,0,4,12
C666,C677,16:20:03,2,-1,1,AB6353,0,4,20
C692,C689/1,16:20:14,2,-1,1,AB5996,0,4,62
C677,C667,16:20:34,2,-1,1,AB6353,0,4,20
T336/2,T335,16:20:44,2,-1,1,AB6335,0,4,30
C667,C676,16:20:54,2,-1,-1,AB6353,0,4,10
T335,T338,16:21:35,2,-1,1,AB6335,0,4,20
C676,C680,16:21:55,2,-1,-1,AB6353,0,4,50
C680,C669/1,16:22:45,2,-1,1,AB6353,0,4,20
T338,T326/3,16:23:05,2,-1,-1,AB6335,0,4,70
T326/3,T332/2,16:23:56,2,-1,1,AB6335,0,4,40
C669/1,C693,16:23:56,2,-1,1,AB6353,0,4,50
C689/1,T360,16:23:56,2,-1,1,AB5996,0,4,141
T360,T376/1,16:24:57,2,-1,1,AB5996,0,4,30
C693,C681,16:25:27,2,-1,1,AB6353,0,4,70
C681,C671,16:26:28,2,-1,-1,AB6353,0,4,50
T332/2,T325/2,16:26:38,2,-1,1,AB6335,0,4,111
T376/1,T363/1,16:26:48,2,-1,1,AB5996,0,4,70
T325/2,T339/2,16:27:19,2,-1,2,AB6335,0,4,20
C671,C695,16:28:09,2,-1,-1,AB6353,0,4,81
T363/1,T306,16:28:54,2,-1,1,AB5996,0,4,84
T339/2,T313,16:29:04,2,-1,1,AB6335,0,4,54
T313,T315,16:29:58,2,-1,1,AB6335,0,4,13
T306,T318,16:29:58,2,-1,-1,AB5996,1,4,54
C695,C672,16:30:49,2,-1,1,AB6353,1,4,135
T315,T375,16:31:39,2,-1,1,AB6335,0,4,91
T318,T319,16:32:33,2,-1,-1,AB5996,0,4,44
T375,T380,16:32:44,2,-1,1,AB6335,0,4,23
T380,T379,16:33:14,2,-1,1,AB6335,0,4,20
C672,C670,16:33:34,2,-1,1,AB6353,0,4,114
T319,T320,16:33:54,2,-1,-1,AB5996,0,4,60
C670,C679,16:34:25,2,-1,1,AB6353,0,4,40
T320,T321/2,16:35:05,2,-1,-1,AB5996,0,4,20
T321/2,T323,16:36:57,2,-1,1,AB5996,0,4,50
C679,C694,16:37:17,2,-1,-1,AB6353,0,4,80
T323,T324/2,16:37:57,2,-1,1,AB5996,0,4,20
C694,C669/2,16:38:18,2,-1,-1,AB6353,0,4,40
C669/2,C687,16:39:28,2,-1,1,AB6353,0,4,30
C687,C675,16:40:49,2,-1,1,AB6353,0,4,50
C688/1,C691,16:41:20,2,-1,1,AB6335,0,4,50
C675,C668,16:41:20,2,-1,1,AB6353,0,4,20
T324/2,T327,16:41:20,2,-1,1,AB5996,0,4,70
C668,C678,16:41:54,2,-1,1,AB6353,0,4,10
T327,T326/1,16:41:54,2,-1,1,AB5996,0,4,20
C678,C665,16:42:24,2,-1,1,AB6353,0,4,20
C665,C663,16:42:55,2,-1,1,AB6353,0,4,20
T326/1,T337,16:43:05,2,-1,1,AB5996,0,4,60
C691,C652,16:43:25,2,-1,1,AB6335,0,4,91
C663,C661,16:43:45,2,-1,1,AB6353,0,4,30
T337,T336/2,16:44:16,2,-1,1,AB5996,0,4,40
C652,C655,16:44:36,2,-1,1,AB6335,0,4,30
C661,C659,16:44:36,2,-1,1,AB6353,0,4,40
C655,C657,16:45:47,2,-1,1,AB6335,0,4,40
C659,C656,16:45:57,2,-1,1,AB6353,0,4,40
C657,C660,16:46:37,2,-1,1,AB6335,0,4,30
C656,C654/2,16:46:47,2,-1,1,AB6353,0,4,40
C660,C662,16:47:38,2,-1,1,AB6335,0,4,10
C662,C664,16:48:18,2,-1,1,AB6335,0,4,20
C654/2,C653,16:48:28,2,-1,1,AB6353,0,4,70
C664,C666,16:48:38,2,-1,1,AB6335,0,4,10
C666,C677,16:48:59,2,-1,1,AB6335,0,4,10
C677,C667,16:49:29,2,-1,1,AB6335,0,4,20
C667,C676,16:49:59,2,-1,-1,AB6335,0,4,20
C653,C692,16:51:10,2,-1,1,AB6353,0,4,141
C692,C689/1,16:51:54,2,-1,1,AB6353,0,4,20
C676,C669/1,16:52:04,2,-1,1,AB6335,1,4,104
C669/1,C693,16:53:15,2,-1,1,AB6335,0,4,50
C693,C681,16:54:46,2,-1,1,AB6335,0,4,60
C689/1,T360,16:54:56,2,-1,1,AB6353,0,4,151
C681,C671,16:55:36,2,-1,-1,AB6335,0,4,40
T360,T376/1,16:55:36,2,-1,1,AB6353,0,4,30
T336/2,T335,16:57:17,2,-1,1,AB5996,0,4,50
T376/1,T363/1,16:58:08,2,-1,1,AB6353,0,4,131
T335,T338,16:58:18,2,-1,1,AB5996,0,4,10
T338,T326/3,17:00:19,2,-1,-1,AB5996,0,4,91
T363/1,T306,17:00:40,2,-1,1,AB6353,0,4,101
C673,C672,17:00:50,2,-1,2,AB6335,0,4,30
T326/3,T332/2,17:01:20,2,-1,2,AB5996,0,4,40
T306,T314/2,17:02:22,2,-1,-1,AB6353,0,4,82
C672,C670,17:03:25,2,-1,2,AB6335,0,4,113
C670,C679,17:04:15,2,-1,2,AB6335,0,4,30
T332/2,T325/2,17:04:46,2,-1,2,AB5996,0,4,163
T318,T319,17:04:46,2,-1,-1,AB6353,0,4,70
C679,C694,17:05:57,2,-1,-1,AB6335,0,4,91
T325/2,T339/2,17:06:17,2,-1,2,AB5996,0,4,30
T319,T320,17:06:27,2,-1,-1,AB6353,0,4,91
C694,C669/2,17:06:47,2,-1,-1,AB6335,0,4,20
C669/2,C687,17:07:28,2,-1,1,AB6335,0,4,20
T320,T321/2,17:07:48,2,-1,-1,AB6353,0,4,20
T339/2,T313,17:08:18,2,-1,1,AB5996,0,4,70
C687,C668,17:09:19,2,-1,1,AB6335,1,4,70
T321/2,T323,17:09:19,2,-1,1,AB6353,0,4,30
T313,T315,17:09:39,2,-1,1,AB5996,0,4,20
C668,C678,17:09:39,2,-1,1,AB6335,0,4,10
C678,C665,17:10:09,2,-1,1,AB6335,0,2,20
T323,T324/2,17:10:09,2,-1,1,AB6353,0,2,10
C665,C663,17:10:30,2,-1,1,AB6335,0,2,10
T315,T375,17:11:00,2,-1,1,AB5996,0,2,70
T375,T380,17:11:55,2,-1,1,AB5996,0,2,20
C663,C659,17:11:55,2,-1,1,AB6335,1,2,54
T324/2,T327,17:12:15,2,-1,1,AB6353,0,2,54
T380,T379,17:12:35,2,-1,1,AB5996,0,2,10
T327,T326/1,17:12:55,2,-1,1,AB6353,0,2,30
T379,T359,17:13:26,2,-1,1,AB5996,0,2,20
C659,C656,17:13:26,2,-1,1,AB6335,0,2,40
C656,C654/2,17:14:08,2,-1,1,AB6335,0,2,31
T326/1,T337,17:14:18,2,-1,1,AB6353,0,2,72
T359,T355/1,17:14:50,2,-1,1,AB5996,0,2,73
T337,T336/2,17:15:21,2,-1,1,AB6353,0,2,30
C654/2,C653,17:16:23,2,-1,1,AB6335,0,2,113
C653,C692,17:17:48,2,-1,1,AB6335,0,2,73
C692,C689/1,17:18:54,2,-1,1,AB6335,0,2,10
C688/1,C691,17:21:46,2,-1,1,AB5996,0,2,98
C691,C652,17:23:42,2,-1,1,AB5996,0,2,93
C652,C655,17:24:43,2,-1,1,AB5996,0,2,30
T360,T376/1,17:24:43,2,-1,1,AB6335,0,2,30
C655,C657,17:26:04,2,-1,1,AB5996,0,2,40
T376/1,T363/1,17:27:05,2,-1,2,AB6335,0,2,111
C657,C660,17:27:25,2,-1,1,AB5996,0,2,50
C660,C662,17:28:06,2,-1,1,AB5996,0,2,20
C662,C664,17:29:06,2,-1,1,AB5996,0,2,30
T363/1,T306,17:29:17,2,-1,1,AB6335,0,2,60
C664,C677,17:29:57,2,-1,1,AB5996,1,2,40
T306,T314/2,17:30:17,2,-1,-1,AB6335,0,2,30
C677,C667,17:30:27,2,-1,2,AB5996,0,2,20
C667,C676,17:30:48,2,-1,-1,AB5996,0,2,10
T336/2,T335,17:30:58,2,-1,1,AB6353,0,2,40
T318,T319,17:32:18,2,-1,-1,AB6335,0,2,10
C676,C669/1,17:32:39,2,-1,1,AB5996,1,2,101
T319,T320,17:32:59,2,-1,-1,AB6335,0,2,30
C669/1,C693,17:34:00,2,-1,1,AB5996,0,2,70
T338,T326/3,17:34:10,2,-1,-1,AB6353,0,2,70
T320,T321/2,17:34:20,2,-1,-1,AB6335,0,2,20
C693,C681,17:35:13,2,-1,1,AB5996,0,2,62
T321/2,T323,17:35:53,2,-1,1,AB6335,0,2,30
C681,C671,17:36:35,2,-1,-1,AB5996,0,2,41
T323,T324/2,17:36:35,2,-1,1,AB6335,0,2,21
T326/3,T332/2,17:36:55,2,-1,1,AB6353,0,2,154
T324/2,T327,17:38:26,2,-1,1,AB6335,0,2,60
C671,C695,17:38:46,2,-1,-1,AB5996,0,2,101
T332/2,T325/2,17:39:06,2,-1,1,AB6353,0,2,90
T327,T326/1,17:39:16,2,-1,1,AB6335,0,2,30
T325/2,T339/2,17:39:37,2,-1,2,AB6353,0,2,20
C695,C673,17:40:27,2,-1,-1,AB5996,0,2,80
T326/1,T337,17:40:47,2,-1,1,AB6335,0,2,80
C673,C672,17:41:18,2,-1,1,AB5996,0,2,40
T337,T336/2,17:41:28,2,-1,1,AB6335,0,2,20
T339/2,T313,17:42:50,2,-1,1,AB6353,0,2,142
T313,T315,17:43:45,2,-1,1,AB6353,0,2,10
C672,C670,17:44:05,2,-1,1,AB5996,0,2,146
C670,C679,17:44:55,2,-1,1,AB5996,0,2,30
T315,T375,17:45:46,2,-1,1,AB6353,0,2,101
C679,C694,17:46:36,2,-1,-1,AB5996,0,2,90
C694,C669/2,17:47:17,2,-1,-1,AB5996,0,2,30
T375,T380,17:47:47,2,-1,1,AB6353,0,2,70
C669/2,C687,17:48:17,2,-1,-1,AB5996,0,2,30
T380,T379,17:48:48,2,-1,1,AB6353,0,2,10
T379,T359,17:49:38,2,-1,1,AB6353,0,2,20
C687,C675,17:49:48,2,-1,1,AB5996,0,2,70
C675,C668,17:50:19,2,-1,1,AB5996,0,2,20
C668,C678,17:50:39,2,-1,1,AB5996,0,2,10
T359,T355/1,17:51:09,2,-1,1,AB6353,0,2,70
C678,C665,17:51:19,2,-1,1,AB5996,0,2,30
C665,C663,17:51:50,2,-1,1,AB5996,0,2,20
C663,C661,17:52:33,2,-1,1,AB5996,0,2,33
C661,C659,17:53:13,2,-1,1,AB5996,0,2,30
C659,C656,17:54:24,2,-1,1,AB5996,0,2,60
C656,C654/2,17:55:55,2,-1,1,AB5996,0,2,50
C654/2,C653,17:58:17,2,-1,1,AB5996,0,2,91
C688/1,C691,17:58:27,2,-1,1,AB6353,0,2,50
C653,C692,17:59:38,2,-1,1,AB5996,0,2,70
C691,C652,18:00:18,2,-1,1,AB6353,0,2,60
C692,C689/1,18:00:28,2,-1,1,AB5996,0,2,10
C652,C655,18:01:29,2,-1,1,AB6353,0,2,40
C655,C657,18:02:29,2,-1,1,AB6353,0,2,50
C657,C660,18:03:20,2,-1,1,AB6353,0,2,40
C660,C662,18:04:11,2,-1,1,AB6353,0,2,20
C662,C664,18:05:15,2,-1,1,AB6353,0,2,40
T360,T376/1,18:05:45,2,-1,1,AB5996,0,2,30
T336/2,T335,18:06:05,2,-1,1,AB6335,0,2,30
C664,C677,18:06:05,2,-1,1,AB6353,1,2,40
C677,C667,18:06:35,2,-1,1,AB6353,0,2,20
T335,T338,18:07:06,2,-1,1,AB6335,0,2,10
C667,C676,18:07:06,2,-1,-1,AB6353,0,2,10
T376/1,T363/1,18:07:26,2,-1,1,AB5996,0,2,91
C676,C680,18:08:17,2,-1,-1,AB6353,0,2,60
T338,T326/3,18:09:07,2,-1,-1,AB6335,0,2,101
T363/1,T306,18:09:48,2,-1,1,AB5996,0,2,91
C680,C669/1,18:09:58,2,-1,1,AB6353,0,2,20
T326/3,T332/2,18:10:18,2,-1,1,AB6335,0,2,40
T306,T314/2,18:10:59,2,-1,-1,AB5996,0,2,50
C669/1,C693,18:11:09,2,-1,1,AB6353,0,2,60
T332/2,T325/2,18:12:30,2,-1,1,AB6335,0,2,80
C693,C681,18:12:40,2,-1,1,AB6353,0,2,70
T325/2,T339/2,18:13:20,2,-1,1,AB6335,0,2,20
C681,C671,18:13:34,2,-1,-1,AB6353,0,2,44
T319,T320,18:14:45,2,-1,-1,AB5996,0,2,60
T320,T321/2,18:15:47,2,-1,-1,AB5996,0,2,10
T339/2,T313,18:15:57,2,-1,1,AB6335,0,2,132
C671,C673,18:16:48,2,-1,-1,AB6353,1,2,163
T321/2,T323,18:16:58,2,-1,1,AB5996,0,2,20
T323,T324/2,18:17:38,2,-1,1,AB5996,0,2,10
C673,C672,18:18:09,2,-1,1,AB6353,0,2,70
T313,T375,18:18:29,2,-1,1,AB6335,1,2,121
T375,T380,18:20:00,2,-1,1,AB6335,0,2,40
T324/2,T327,18:20:10,2,-1,1,AB5996,0,2,70
T380,T379,18:21:05,2,-1,1,AB6335,0,2,10
C672,C670,18:21:05,2,-1,1,AB6353,0,2,135
T327,T326/1,18:21:05,2,-1,1,AB5996,0,2,30
T379,T359,18:22:06,2,-1,1,AB6335,0,2,40
C670,C679,18:22:06,2,-1,1,AB6353,0,2,30
T326/1,T337,18:22:16,2,-1,1,AB5996,0,2,50
T337,T336/2,18:23:06,2,-1,1,AB5996,0,2,30
C679,C694,18:23:27,2,-1,-1,AB6353,0,2,70
T359,T355/1,18:23:47,2,-1,1,AB6335,0,2,70
C694,C669/2,18:24:17,2,-1,-1,AB6353,0,2,30
C669/2,C687,18:24:58,2,-1,1,AB6353,0,2,20
C687,C678,18:26:49,2,-1,1,AB6353,2,2,101
C678,C665,18:27:39,2,-1,1,AB6353,0,2,20
C665,C661,18:28:40,2,-1,1,AB6353,1,2,50
C688/1,C691,18:29:10,2,-1,1,AB6335,0,2,30
C661,C659,18:29:21,2,-1,1,AB6353,0,2,30
C691,C652,18:30:45,2,-1,1,AB6335,0,2,50
C659,C656,18:30:45,2,-1,1,AB6353,0,2,40
C652,C655,18:31:55,2,-1,1,AB6335,0,2,60
C656,C654/2,18:31:55,2,-1,1,AB6353,0,2,40
C655,C657,18:33:16,2,-1,1,AB6335,0,2,50
C654/2,C653,18:33:36,2,-1,1,AB6353,0,2,60
C657,C660,18:34:27,2,-1,1,AB6335,0,2,40
C653,C692,18:34:37,2,-1,1,AB6353,0,2,40
C692,C689/1,18:35:38,2,-1,1,AB6353,0,2,10
C660,C664,18:35:48,2,-1,1,AB6335,1,2,50
C664,C677,18:36:28,2,-1,1,AB6335,1,2,30
C677,C667,18:36:59,2,-1,1,AB6335,0,2,20
C667,C676,18:37:19,2,-1,-1,AB6335,0,2,10
C676,C680,18:38:34,2,-1,-1,AB6335,0,2,44
C680,C669/1,18:39:14,2,-1,1,AB6335,0,2,30
C669/1,C693,18:40:25,2,-1,1,AB6335,0,2,50
T360,T376/1,18:40:35,2,-1,1,AB6353,0,2,20
C693,C681,18:41:46,2,-1,1,AB6335,0,2,70
C681,C671,18:43:07,2,-1,-1,AB6335,0,2,50
T376/1,T363/1,18:43:47,2,-1,2,AB6353,0,2,181
T335,T338,18:43:57,2,-1,1,AB5996,0,2,10
C671,C695,18:44:38,2,-1,-1,AB6335,0,2,80
C695,C673,18:45:59,2,-1,-1,AB6335,0,2,70
T338,T326/3,18:46:09,2,-1,-1,AB5996,0,2,111
T363/1,T306,18:46:09,2,-1,2,AB6353,0,2,90
C673,C672,18:46:39,2,-1,1,AB6335,0,2,30
T326/3,T332/2,18:46:59,2,-1,2,AB5996,0,2,30
T306,T314/2,18:47:20,2,-1,-1,AB6353,0,2,40
C672,C670,18:49:25,2,-1,1,AB6335,0,2,125
T318,T319,18:49:55,2,-1,-1,AB6353,0,2,70
C670,C679,18:50:15,2,-1,1,AB6335,0,2,30
T332/2,T325/2,18:50:26,2,-1,1,AB5996,0,2,155
T325/2,T339/2,18:51:26,2,-1,3,AB5996,0,2,20
T319,T320,18:51:36,2,-1,-1,AB6353,0,2,91
C679,C694,18:51:57,2,-1,-1,AB6335,0,2,70
T320,T321/2,18:52:27,2,-1,-1,AB6353,0,2,10
C694,C669/2,18:52:37,2,-1,-1,AB6335,0,2,30
C669/2,C687,18:53:48,2,-1,2,AB6335,0,2,20
T321/2,T323,18:53:48,2,-1,1,AB6353,0,2,30
T339/2,T313,18:54:18,2,-1,1,AB5996,0,2,111
T323,T324/2,18:54:38,2,-1,1,AB6353,0,2,20
C687,C675,18:55:20,2,-1,1,AB6335,0,2,61
T313,T315,18:55:30,2,-1,1,AB5996,0,2,20
C675,C668,18:55:50,2,-1,1,AB6335,0,2,20
C668,C678,18:56:10,2,-1,1,AB6335,0,2,10
C678,C665,18:56:35,2,-1,1,AB6335,0,2,13
C665,C663,18:56:55,2,-1,1,AB6335,0,2,10
T315,T375,18:57:05,2,-1,1,AB5996,0,2,74
C663,C661,18:57:35,2,-1,1,AB6335,0,2,30
T324/2,T327,18:57:45,2,-1,1,AB6353,0,2,125
C661,C659,18:58:06,2,-1,1,AB6335,0,2,20
T375,T380,18:58:16,2,-1,1,AB5996,0,2,20
T380,T379,18:58:56,2,-1,1,AB5996,0,2,20
T327,T326/1,18:59:06,2,-1,1,AB6353,0,2,40
C659,C656,18:59:16,2,-1,1,AB6335,0,2,40
T379,T359,18:59:47,2,-1,1,AB5996,0,2,20
C656,C654/2,18:59:57,2,-1,1,AB6335,0,2,30
T359,T355/1,19:00:58,2,-1,1,AB5996,0,2,60
T326/1,T337,19:00:58,2,-1,1,AB6353,0,2,91
C654/2,C653,19:01:18,2,-1,1,AB6335,0,2,40
T337,T336/2,19:02:29,2,-1,1,AB6353,0,2,30
C653,C692,19:02:39,2,-1,1,AB6335,0,2,60
C692,C689/1,19:03:40,2,-1,1,AB6335,0,2,10
C688/1,C691,19:06:15,2,-1,1,AB5996,0,2,40
C689/1,T360,19:06:45,2,-1,1,AB6335,0,2,145
C691,C652,19:08:37,2,-1,1,AB5996,0,2,101
T360,T376/1,19:08:47,2,-1,1,AB6335,0,2,70
C652,C655,19:10:08,2,-1,1,AB5996,0,2,40
T376/1,T363/1,19:11:08,2,-1,2,AB6335,0,2,111
C655,C657,19:11:18,2,-1,1,AB5996,0,2,50
C657,C660,19:12:20,2,-1,1,AB5996,0,2,51
C660,C662,19:13:01,2,-1,1,AB5996,0,2,20
C662,C664,19:13:44,2,-1,1,AB5996,0,2,33
T363/1,T306,19:13:54,2,-1,1,AB6335,0,2,93
C664,C666,19:14:24,2,-1,1,AB5996,0,2,20
C666,C677,19:14:55,2,-1,1,AB5996,0,2,20
C677,C667,19:15:25,2,-1,1,AB5996,0,2,20
C667,C676,19:15:55,2,-1,-1,AB5996,0,2,20
T336/2,T335,19:16:16,2,-1,1,AB6353,0,2,40
T306,T314/2,19:16:26,2,-1,-1,AB6335,0,2,131
T335,T338,19:16:56,2,-1,1,AB6353,0,2,10
C676,C680,19:16:56,2,-1,-1,AB5996,0,2,50
C680,C669/1,19:17:47,2,-1,1,AB5996,0,2,20
T318,T319,19:19:08,2,-1,-1,AB6335,0,2,60
C669/1,C693,19:19:18,2,-1,1,AB5996,0,2,60
C693,C681,19:20:38,2,-1,1,AB5996,0,2,70
T338,T326/3,19:20:49,2,-1,-1,AB6353,0,2,192
T319,T320,19:20:49,2,-1,-1,AB6335,0,2,90
C681,C671,19:21:39,2,-1,-1,AB5996,0,2,50
T320,T321/2,19:21:39,2,-1,-1,AB6335,0,2,10
T326/3,T332/2,19:22:09,2,-1,2,AB6353,0,2,70
T321/2,T323,19:22:40,2,-1,1,AB6335,0,2,20
C671,C695,19:23:35,2,-1,-1,AB5996,0,2,85
T332/2,T325/2,19:24:26,2,-1,1,AB6353,0,2,106
T324/2,T327,19:24:36,2,-1,1,AB6335,0,2,50
T325/2,T339/2,19:25:06,2,-1,2,AB6353,0,2,20
C695,C673,19:25:06,2,-1,-1,AB5996,0,2,80
T327,T326/1,19:25:29,2,-1,1,AB6335,0,2,22
C673,C672,19:25:49,2,-1,1,AB5996,0,2,32
T326/1,T337,19:26:39,2,-1,1,AB6335,0,2,60
T337,T336/2,19:27:20,2,-1,1,AB6335,0,2,20
T339/2,T313,19:27:37,2,-1,1,AB6353,0,2,118
T313,T315,19:28:18,2,-1,1,AB6353,0,2,10
C672,C670,19:28:38,2,-1,1,AB5996,0,2,138
C670,C679,19:29:28,2,-1,1,AB5996,0,2,40
T315,T375,19:29:59,2,-1,1,AB6353,0,2,70
C679,C694,19:31:00,2,-1,-1,AB5996,0,2,81
T375,T380,19:31:45,2,-1,1,AB6353,0,2,65
C694,C669/2,19:31:45,2,-1,-1,AB5996,0,2,34
T380,T379,19:32:15,2,-1,1,AB6353,0,2,20
C669/2,C687,19:32:55,2,-1,1,AB5996,0,2,30
T379,T359,19:33:26,2,-1,1,AB6353,0,2,60
C687,C675,19:34:27,2,-1,1,AB5996,0,2,71
T359,T355/1,19:34:37,2,-1,1,AB6353,0,2,50
C675,C668,19:34:58,2,-1,3,AB5996,0,2,20
C668,C678,19:35:28,2,-1,1,AB5996,0,2,20
C678,C663,19:36:29,2,-1,1,AB5996,1,2,50
C663,C661,19:37:09,2,-1,1,AB5996,0,2,30
C661,C659,19:37:50,2,-1,1,AB5996,0,2,30
C659,C656,19:39:02,2,-1,1,AB5996,0,2,42
C688/1,C691,19:39:33,2,-1,1,AB6353,0,2,20
C656,C654/2,19:40:03,2,-1,1,AB5996,0,2,50
C654/2,C653,19:41:15,2,-1,1,AB5996,0,2,40
C691,C652,19:42:46,2,-1,1,AB6353,0,2,152
C653,C692,19:43:17,2,-1,1,AB5996,0,2,81
C652,C655,19:43:57,2,-1,1,AB6353,0,2,30
C692,C689/1,19:44:27,2,-1,1,AB5996,0,2,30
C655,C657,19:44:58,2,-1,1,AB6353,0,2,50
C657,C660,19:45:38,2,-1,1,AB6353,0,2,30
C660,C662,19:45:58,2,-1,1,AB6353,0,2,10
C662,C664,19:46:39,2,-1,1,AB6353,0,2,30
C664,C666,19:46:59,2,-1,1,AB6353,0,2,10
C689/1,T360,19:47:09,2,-1,1,AB5996,0,2,131
C666,C677,19:47:19,2,-1,1,AB6353,0,2,10
C677,C667,19:47:50,2,-1,1,AB6353,0,2,20
C667,C676,19:48:20,2,-1,-1,AB6353,0,2,20
T360,T376/1,19:48:20,2,-1,1,AB5996,0,2,20
T376/1,T363/1,19:49:13,2,-1,1,AB5996,0,2,40
C676,C680,19:49:23,2,-1,-1,AB6353,0,2,50
C680,C669/1,19:49:54,2,-1,1,AB6353,0,2,20
T363/1,T306,19:50:54,2,-1,1,AB5996,0,2,60
T306,T314/2,19:51:55,2,-1,-1,AB5996,0,2,40
C669/1,C681,19:52:15,2,-1,1,AB6353,1,2,121
C681,C671,19:53:06,2,-1,-1,AB6353,0,2,40
T318,T319,19:54:37,2,-1,-1,AB5996,0,2,40
T319,T320,19:55:37,2,-1,-1,AB5996,0,2,50
C671,C672,19:56:28,2,-1,1,AB6353,2,2,192
T320,T321/2,19:57:34,2,-1,-1,AB5996,0,2,86
C672,C670,19:58:45,2,-1,1,AB6353,0,2,116
T321/2,T323,19:59:15,2,-1,1,AB5996,0,2,40
C670,C679,19:59:46,2,-1,1,AB6353,0,2,30
T323,T324/2,19:59:56,2,-1,1,AB5996,0,2,10
C679,C694,20:01:07,2,-1,-1,AB6353,0,2,70
T324/2,T327,20:01:27,2,-1,1,AB5996,0,2,60
C694,C669/2,20:01:57,2,-1,-1,AB6353,0,2,30
T327,T326/1,20:02:18,2,-1,1,AB5996,0,2,20
C669/2,C687,20:02:58,2,-1,1,AB6353,0,2,30
T326/1,T337,20:03:28,2,-1,1,AB5996,0,2,60
T337,T336/2,20:04:19,2,-1,1,AB5996,0,2,30
C687,C675,20:04:49,2,-1,1,AB6353,0,2,70
C675,C668,20:05:44,2,-1,-1,AB6353,0,2,24
C668,C678,20:06:25,2,-1,-1,AB6353,0,2,20
C678,C665,20:07:15,2,-1,-1,AB6353,0,2,20
C665,C663,20:07:46,2,-1,-1,AB6353,0,2,20
C663,C661,20:08:16,2,-1,-1,AB6353,0,2,20
C661,C659,20:09:07,2,-1,-1,AB6353,0,2,20
C659,C656,20:10:18,2,-1,1,AB6353,0,2,40
C656,C654/2,20:11:29,2,-1,1,AB6353,0,2,40
C654/2,C653,20:13:34,2,-1,1,AB6353,0,2,104
C653,C692,20:15:25,2,-1,1,AB6353,0,2,101
C692,C689/1,20:17:06,2,-1,1,AB6353,0,2,50
C689/1,T360,20:19:28,2,-1,1,AB6353,0,2,101
T360,T376/1,20:21:19,2,-1,1,AB6353,0,2,91
T376/1,T363/1,20:23:25,2,-1,1,AB6353,0,2,115
T363/1,T306,20:25:07,2,-1,1,AB6353,0,2,71
T306,T314/2,20:25:47,2,-1,-1,AB6353,0,2,30
T318,T319,20:27:59,2,-1,-1,AB6353,0,2,60
T319,T320,20:29:10,2,-1,-1,AB6353,0,2,60
T320,T321/2,20:30:11,2,-1,-1,AB6353,0,2,30
T321/2,T323,20:30:54,2,-1,1,AB6353,0,2,20
T323,T324/2,20:31:34,2,-1,1,AB6353,0,2,10
T324/2,T327,20:33:16,2,-1,1,AB6353,0,2,71
T327,T326/1,20:34:16,2,-1,1,AB6353,0,2,20
T326/1,T337,20:35:17,2,-1,1,AB6353,0,2,40
T337,T336/2,20:35:58,2,-1,1,AB6353,0,2,30
T336/2,T335,5:31:07,3,-1,1,AB6353,0,2,20
T335,T338,5:31:27,3,-1,1,AB6353,0,2,10
T338,T326/3,5:32:27,3,-1,-1,AB6353,0,2,50
T326/3,T332/2,5:33:28,3,-1,1,AB6353,0,2,40
T332/2,T325/2,5:34:49,3,-1,1,AB6353,0,2,50
T325/2,T339/2,5:35:39,3,-1,1,AB6353,0,2,20
T339/2,T313,5:36:53,3,-1,1,AB6353,0,2,33
T313,T375,5:38:44,3,-1,1,AB6353,1,2,80
T375,T380,5:40:15,3,-1,1,AB6353,0,2,70
T380,T379,5:40:46,3,-1,1,AB6353,0,2,10
T379,T359,5:41:36,3,-1,1,AB6353,0,2,20
T359,T355/1,5:42:37,3,-1,1,AB6353,0,2,50
T355/1,C688/1,5:46:09,3,-1,-1,AB6353,0,2,191
C688/1,C691,5:46:59,3,-1,1,AB6353,0,2,30
C691,C652,5:48:20,3,-1,1,AB6353,0,2,50
C652,C655,5:49:21,3,-1,1,AB6353,0,2,40
C655,C657,5:50:15,3,-1,-1,AB6353,0,2,40
C657,C660,5:51:05,3,-1,1,AB6353,0,2,40
C660,C662,5:51:56,3,-1,1,AB6353,0,2,20
C662,C664,5:52:36,3,-1,1,AB6353,0,2,30
C664,C666,5:53:06,3,-1,1,AB6353,0,2,20
C666,C677,5:53:47,3,-1,1,AB6353,0,2,30
C677,C667,5:54:37,3,-1,-1,AB6353,0,2,30
C667,C676,5:54:58,3,-1,-1,AB6353,0,2,10
C676,C680,5:55:58,3,-1,-1,AB6353,0,2,50
C680,C669/1,5:57:09,3,-1,-1,AB6353,0,2,30
C669/1,C693,5:58:32,3,-1,-1,AB6353,0,2,62
C693,C681,6:00:03,3,-1,-1,AB6353,0,2,70
C681,C671,6:01:05,3,-1,-1,AB6353,0,2,51
C671,C695,6:03:16,3,-1,-1,AB6353,0,2,101
C695,C673,6:05:07,3,-1,-1,AB6353,0,2,80
T336/2,T335,6:05:48,3,-1,1,AB6335,0,2,20
C673,C672,6:05:48,3,-1,-1,AB6353,0,2,30
T335,T338,6:06:08,3,-1,1,AB6335,0,2,10
T338,T326/3,6:07:59,3,-1,-1,AB6335,0,2,80
C672,C670,6:08:19,3,-1,-1,AB6353,0,2,111
C670,C679,6:09:10,3,-1,-1,AB6353,0,2,40
T326/3,T332/2,6:09:20,3,-1,1,AB6335,0,2,60
T332/2,T325/2,6:10:23,3,-1,1,AB6335,0,2,40
C679,C694,6:10:54,3,-1,-1,AB6353,0,2,94
T325/2,T339/2,6:11:15,3,-1,1,AB6335,0,2,20
C694,C669/2,6:11:35,3,-1,-1,AB6353,0,2,30
T339/2,T313,6:12:15,3,-1,1,AB6335,0,2,40
T313,T315,6:13:16,3,-1,1,AB6335,0,2,20
C669/2,C675,6:13:46,3,-1,1,AB6353,1,2,101
C675,C668,6:14:17,3,-1,1,AB6353,0,2,20
T315,T375,6:14:27,3,-1,1,AB6335,0,2,60
C668,C678,6:14:37,3,-1,1,AB6353,0,2,10
T375,T380,6:15:37,3,-1,1,AB6335,0,2,40
C678,C663,6:15:37,3,-1,1,AB6353,1,2,40
C663,C661,6:16:18,3,-1,2,AB6353,0,2,30
T380,T379,6:16:28,3,-1,1,AB6335,0,2,10
C661,C659,6:16:48,3,-1,-1,AB6353,0,2,20
C659,C656,6:17:49,3,-1,1,AB6353,0,2,40
T379,T359,6:17:59,3,-1,1,AB6335,0,2,60
C656,C654/2,6:18:50,3,-1,1,AB6353,0,2,50
T359,T355/1,6:19:20,3,-1,1,AB6335,0,2,60
C654/2,C653,6:20:14,3,-1,1,AB6353,0,2,54
C653,C692,6:21:45,3,-1,3,AB6353,0,2,60
C692,C689/1,6:23:16,3,-1,1,AB6353,0,2,81
C688/1,C691,6:24:37,3,-1,-1,AB6335,0,2,30
C689/1,T360,6:25:58,3,-1,1,AB6353,0,2,131
C691,C652,6:26:39,3,-1,1,AB6335,0,2,80
T360,T376/1,6:27:29,3,-1,1,AB6353,0,2,70
C652,C655,6:27:49,3,-1,1,AB6335,0,2,30
T376/1,T363/1,6:28:42,3,-1,1,AB6353,0,2,62
C655,C657,6:29:02,3,-1,-1,AB6335,0,2,42
T363/1,T306,6:29:43,3,-1,1,AB6353,0,2,40
C657,C660,6:30:13,3,-1,-1,AB6335,0,2,40
T306,T318,6:30:35,3,-1,-1,AB6353,1,2,41
C660,C662,6:31:05,3,-1,-1,AB6335,0,2,20
T318,T319,6:31:25,3,-1,-1,AB6353,0,2,40
C662,C664,6:32:06,3,-1,-1,AB6335,0,2,30
T319,T320,6:32:26,3,-1,-1,AB6353,0,2,40
C664,C666,6:32:56,3,-1,-1,AB6335,0,2,20
C666,C677,6:33:16,3,-1,-1,AB6335,0,2,10
T321/2,T323,6:33:37,3,-1,1,AB6353,0,2,20
T323,T324/2,6:34:07,3,-1,1,AB6353,0,2,10
C677,C667,6:34:17,3,-1,-1,AB6335,0,2,20
C667,C676,6:34:58,3,-1,-1,AB6335,0,2,20
T324/2,T327,6:35:28,3,-1,1,AB6353,0,2,70
C676,C680,6:35:58,3,-1,-1,AB6335,0,2,50
T327,T326/1,6:36:39,3,-1,1,AB6353,0,2,40
C680,C669/1,6:37:19,3,-1,-1,AB6335,0,2,40
T326/1,T337,6:38:00,3,-1,1,AB6353,0,2,70
T337,T336/2,6:38:42,3,-1,1,AB6353,0,2,32
C669/1,C681,6:40:03,3,-1,1,AB6335,1,2,143
T336/2,T335,6:40:23,3,-1,1,AB5996,0,2,30
T335,T338,6:41:04,3,-1,1,AB5996,0,2,10
T338,T326/3,6:42:05,3,-1,-1,AB5996,0,2,50
C681,C695,6:42:45,3,-1,-1,AB6335,1,2,131
T326/3,T332/2,6:42:55,3,-1,1,AB5996,0,2,40
T332/2,T325/2,6:44:26,3,-1,1,AB5996,0,2,50
T325/2,T339/2,6:44:46,3,-1,1,AB5996,0,2,10
C695,C673,6:44:46,3,-1,-1,AB6335,0,2,90
C673,C672,6:45:17,3,-1,1,AB6335,0,2,20
T339/2,T313,6:45:57,3,-1,1,AB5996,0,2,40
T313,T315,6:46:38,3,-1,1,AB5996,0,2,20
C672,C670,6:47:28,3,-1,1,AB6335,0,2,111
T315,T375,6:47:58,3,-1,1,AB5996,0,2,50
C670,C679,6:48:19,3,-1,1,AB6335,0,2,30
T375,T380,6:49:19,3,-1,1,AB5996,0,2,40
C679,C694,6:49:50,3,-1,-1,AB6335,0,2,80
T380,T379,6:50:00,3,-1,1,AB5996,0,2,10
T379,T359,6:50:20,3,-1,1,AB5996,0,2,10
C694,C669/2,6:50:34,3,-1,-1,AB6335,0,2,33
T359,T355/1,6:51:24,3,-1,1,AB5996,0,2,50
C669/2,C687,6:51:45,3,-1,1,AB6335,0,2,40
C687,C675,6:53:17,3,-1,1,AB6335,0,2,81
C675,C668,6:53:57,3,-1,1,AB6335,0,2,20
C668,C678,6:54:17,3,-1,1,AB6335,0,2,10
C678,C665,6:54:58,3,-1,1,AB6335,0,2,30
C665,C663,6:55:48,3,-1,1,AB6335,0,2,20
C688/1,C691,6:56:19,3,-1,1,AB5996,0,2,20
C663,C661,6:56:39,3,-1,1,AB6335,0,2,40
C661,C659,6:57:09,3,-1,1,AB6335,0,2,20
C691,C652,6:57:49,3,-1,1,AB5996,0,2,60
C659,C656,6:58:20,3,-1,2,AB6335,0,2,40
C652,C655,6:58:43,3,-1,1,AB5996,0,2,33
C656,C654/2,6:59:24,3,-1,2,AB6335,0,2,50
C655,C657,6:59:34,3,-1,1,AB5996,0,2,40
C657,C660,7:00:45,3,-1,1,AB5996,0,2,40
C660,C662,7:01:35,3,-1,1,AB5996,0,2,20
C662,C664,7:02:26,3,-1,1,AB5996,0,2,30
C664,C666,7:02:56,3,-1,1,AB5996,0,2,20
C654/2,C692,7:02:56,3,-1,1,AB6335,1,2,192
C666,C677,7:03:16,3,-1,1,AB5996,0,2,10
C677,C667,7:04:07,3,-1,1,AB5996,0,2,20
C692,C689/1,7:04:27,3,-1,1,AB6335,0,2,30
T336/2,T335,7:05:28,3,-1,1,AB6353,0,2,20
C667,C680,7:05:48,3,-1,-1,AB5996,1,2,90
T335,T338,7:06:08,3,-1,1,AB6353,0,2,10
C680,C669/1,7:06:29,3,-1,1,AB5996,0,2,30
T338,T326/3,7:07:39,3,-1,-1,AB6353,0,2,60
C669/1,C693,7:07:50,3,-1,1,AB5996,0,2,60
C689/1,T360,7:07:50,3,-1,1,AB6335,0,2,121
T326/3,T332/2,7:08:32,3,-1,1,AB6353,0,2,31
T360,T376/1,7:08:42,3,-1,1,AB6335,0,2,31
C693,C681,7:09:02,3,-1,-1,AB5996,0,2,62
T376/1,T363/1,7:09:32,3,-1,1,AB6335,0,2,40
T332/2,T325/2,7:09:52,3,-1,1,AB6353,0,2,50
C681,C671,7:10:13,3,-1,-1,AB5996,0,2,50
T325/2,T339/2,7:10:23,3,-1,1,AB6353,0,2,20
T363/1,T306,7:11:14,3,-1,1,AB6335,0,2,61
T339/2,T313,7:11:30,3,-1,1,AB6353,0,2,36
C671,C695,7:12:00,3,-1,-1,AB5996,0,2,76
T306,T314/2,7:12:00,3,-1,-1,AB6335,0,2,30
T313,T315,7:12:33,3,-1,1,AB6353,0,2,13
T315,T375,7:13:44,3,-1,1,AB6353,0,2,60
C695,C673,7:13:44,3,-1,-1,AB5996,0,2,70
T319,T320,7:14:14,3,-1,-1,AB6335,0,2,20
C673,C672,7:14:35,3,-1,1,AB5996,0,2,30
T320,T321/2,7:14:55,3,-1,-1,AB6335,0,2,10
T375,T380,7:15:25,3,-1,1,AB6353,0,2,81
T321/2,T323,7:15:36,3,-1,1,AB6335,0,2,20
T380,T379,7:16:16,3,-1,1,AB6353,0,2,20
T323,T324/2,7:16:26,3,-1,1,AB6335,0,2,10
T379,T359,7:16:56,3,-1,1,AB6353,0,2,20
C672,C670,7:17:27,3,-1,-1,AB5996,0,2,121
T324/2,T327,7:17:47,3,-1,1,AB6335,0,2,50
C670,C679,7:18:07,3,-1,-1,AB5996,0,2,30
T359,T355/1,7:18:17,3,-1,1,AB6353,0,2,50
T327,T326/1,7:18:38,3,-1,1,AB6335,0,2,20
C679,C694,7:19:38,3,-1,-1,AB5996,0,2,80
T326/1,T337,7:19:49,3,-1,1,AB6335,0,2,50
C694,C669/2,7:20:19,3,-1,-1,AB5996,0,2,30
T337,T336/2,7:20:29,3,-1,1,AB6335,0,2,30
C669/2,C687,7:21:09,3,-1,1,AB5996,0,2,30
C687,C675,7:22:43,3,-1,1,AB5996,0,2,72
C675,C668,7:23:13,3,-1,1,AB5996,0,2,20
C668,C678,7:23:33,3,-1,1,AB5996,0,2,10
C688/1,C691,7:24:34,3,-1,1,AB6353,0,2,80
C678,C665,7:24:34,3,-1,1,AB5996,0,2,20
C665,C663,7:25:14,3,-1,1,AB5996,0,2,10
C663,C661,7:25:55,3,-1,1,AB5996,0,2,30
C691,C652,7:26:15,3,-1,1,AB6353,0,2,60
C661,C659,7:26:35,3,-1,1,AB5996,0,2,20
C652,C655,7:27:16,3,-1,1,AB6353,0,2,30
C659,C656,7:27:36,3,-1,1,AB5996,0,2,40
C656,C654/2,7:28:27,3,-1,1,AB5996,0,2,40
C655,C657,7:28:37,3,-1,1,AB6353,0,2,40
C657,C660,7:29:37,3,-1,1,AB6353,0,2,40
C654/2,C653,7:29:48,3,-1,1,AB5996,0,2,50
C660,C662,7:30:18,3,-1,1,AB6353,0,2,20
C662,C664,7:30:58,3,-1,1,AB6353,0,2,20
C653,C692,7:32:09,3,-1,1,AB5996,0,2,101
C664,C677,7:32:19,3,-1,1,AB6353,1,2,50
C677,C667,7:32:50,3,-1,1,AB6353,0,2,10
C667,C676,7:33:30,3,-1,-1,AB6353,0,2,10
C692,C689/1,7:34:21,3,-1,1,AB5996,0,2,60
T336/2,T335,7:34:38,3,-1,1,AB6335,0,2,16
C676,C680,7:34:38,3,-1,-1,AB6353,0,2,57
C680,C669/1,7:35:18,3,-1,1,AB6353,0,2,20
T335,T338,7:35:38,3,-1,1,AB6335,0,2,10
C669/1,C693,7:36:59,3,-1,1,AB6353,0,2,60
C689/1,T360,7:36:59,3,-1,1,AB5996,0,2,91
T338,T326/3,7:37:10,3,-1,-1,AB6335,0,2,50
T326/3,T332/2,7:38:11,3,-1,1,AB6335,0,2,40
C693,C681,7:38:21,3,-1,1,AB6353,0,2,71
T360,T376/1,7:38:43,3,-1,1,AB5996,0,2,72
C681,C671,7:39:34,3,-1,-1,AB6353,0,2,50
T332/2,T325/2,7:40:15,3,-1,1,AB6335,0,2,71
T376/1,T363/1,7:40:56,3,-1,1,AB5996,0,2,122
T325/2,T339/2,7:41:06,3,-1,1,AB6335,0,2,20
C671,C695,7:41:06,3,-1,-1,AB6353,0,2,81
T363/1,T306,7:41:47,3,-1,1,AB5996,0,2,40
T306,T314/2,7:42:27,3,-1,-1,AB5996,0,2,30
T339/2,T313,7:42:37,3,-1,1,AB6335,0,2,50
C695,C673,7:42:37,3,-1,-1,AB6353,0,2,80
C673,C672,7:43:18,3,-1,1,AB6353,0,2,20
T313,T315,7:43:58,3,-1,1,AB6335,0,2,20
T319,T320,7:43:58,3,-1,-1,AB5996,0,2,30
T320,T321/2,7:44:39,3,-1,-1,AB5996,0,2,10
T315,T375,7:45:19,3,-1,1,AB6335,0,2,70
T321/2,T323,7:45:19,3,-1,1,AB5996,0,2,20
C672,C670,7:45:49,3,-1,-1,AB6353,0,2,111
T323,T324/2,7:46:10,3,-1,1,AB5996,0,2,10
T375,T380,7:46:20,3,-1,1,AB6335,0,2,30
C670,C679,7:46:31,3,-1,-1,AB6353,0,2,31
T380,T379,7:47:12,3,-1,1,AB6335,0,2,10
T324/2,T327,7:47:44,3,-1,1,AB5996,0,2,42
C679,C694,7:48:04,3,-1,-1,AB6353,0,2,72
T327,T326/1,7:48:24,3,-1,1,AB5996,0,2,20
T379,T359,7:48:35,3,-1,1,AB6335,0,2,60
C694,C669/2,7:48:45,3,-1,-1,AB6353,0,2,30
T326/1,T337,7:49:25,3,-1,1,AB5996,0,2,50
T359,T355/1,7:49:45,3,-1,1,AB6335,0,2,60
C669/2,C687,7:49:56,3,-1,1,AB6353,0,2,20
T337,T336/2,7:50:26,3,-1,1,AB5996,0,2,20
C687,C675,7:51:37,3,-1,1,AB6353,0,2,60
C675,C668,7:52:17,3,-1,1,AB6353,0,2,20
C668,C678,7:52:38,3,-1,2,AB6353,0,2,10
C678,C665,7:53:08,3,-1,2,AB6353,0,2,20
C665,C663,7:53:28,3,-1,1,AB6353,0,2,10
C663,C661,7:54:09,3,-1,1,AB6353,0,2,20
C661,C659,7:54:39,3,-1,1,AB6353,0,2,20
C688/1,C691,7:55:53,3,-1,1,AB6335,0,2,73
C659,C656,7:56:03,3,-1,1,AB6353,0,2,43
C656,C654/2,7:57:04,3,-1,1,AB6353,0,2,51
C691,C652,7:57:45,3,-1,1,AB6335,0,2,40
C654/2,C653,7:58:25,3,-1,1,AB6353,0,2,70
C652,C655,7:59:06,3,-1,1,AB6335,0,2,40
C655,C657,8:00:47,3,-1,1,AB6335,0,2,50
C653,C692,8:00:47,3,-1,1,AB6353,0,2,81
C692,C689/1,8:01:48,3,-1,1,AB6353,0,2,20
C657,C660,8:01:58,3,-1,1,AB6335,0,2,40
C660,C662,8:02:59,3,-1,1,AB6335,0,2,30
C662,C664,8:03:50,3,-1,1,AB6335,0,2,20
C664,C666,8:04:44,3,-1,1,AB6335,0,2,10
C666,C677,8:05:04,3,-1,1,AB6335,0,2,10
C689/1,T360,8:05:14,3,-1,1,AB6353,0,2,175
C677,C667,8:05:34,3,-1,1,AB6335,0,2,20
C667,C676,8:05:54,3,-1,-1,AB6335,0,2,10
T360,T376/1,8:07:15,3,-1,1,AB6353,0,2,91
C676,C680,8:07:36,3,-1,-1,AB6335,0,2,70
T336/2,T335,8:08:26,3,-1,1,AB5996,0,2,60
C680,C669/1,8:08:56,3,-1,1,AB6335,0,2,40
T376/1,T363/1,8:08:56,3,-1,1,AB6353,0,2,91
C669/1,C693,8:10:07,3,-1,1,AB6335,0,2,50
T363/1,T306,8:10:07,3,-1,1,AB6353,0,2,40
T306,T314/2,8:11:08,3,-1,-1,AB6353,0,2,30
T338,T326/3,8:11:38,3,-1,-1,AB5996,0,2,131
C693,C681,8:11:59,3,-1,1,AB6335,0,2,80
T326/3,T332/2,8:12:29,3,-1,1,AB5996,0,2,40
T314/2,T318,8:12:39,3,-1,-1,AB6353,0,2,10
C681,C695,8:14:14,3,-1,-1,AB6335,1,2,125
T318,T319,8:14:34,3,-1,-1,AB6353,0,2,10
T319,T320,8:15:25,3,-1,-1,AB6353,0,2,40
C695,C673,8:15:45,3,-1,-1,AB6335,0,2,81
T320,T321/2,8:16:35,3,-1,-1,AB6353,0,2,10
C673,C672,8:16:46,3,-1,1,AB6335,0,2,30
T321/2,T323,8:18:27,3,-1,1,AB6353,0,2,30
T323,T324/2,8:19:07,3,-1,1,AB6353,0,2,20
C672,C670,8:19:48,3,-1,1,AB6335,0,2,131
C670,C679,8:20:38,3,-1,1,AB6335,0,2,30
T325/2,T339/2,8:21:49,3,-1,3,AB5996,0,2,20
C679,C694,8:22:09,3,-1,-1,AB6335,0,2,80
C694,C669/2,8:22:50,3,-1,-1,AB6335,0,2,30
C669/2,C687,8:23:52,3,-1,1,AB6335,0,2,31
T324/2,T327,8:23:52,3,-1,1,AB6353,0,2,152
T339/2,T313,8:24:02,3,-1,1,AB5996,0,2,61
T327,T326/1,8:24:22,3,-1,1,AB6353,0,2,20
T313,T315,8:24:53,3,-1,1,AB5996,0,2,20
C687,C675,8:25:23,3,-1,1,AB6335,0,2,61
C675,C668,8:25:54,3,-1,1,AB6335,0,2,20
T326/1,T336/2,8:26:04,3,-1,1,AB6353,1,2,91
C668,C678,8:26:14,3,-1,2,AB6335,0,2,10
T315,T375,8:26:44,3,-1,1,AB5996,0,2,91
C678,C665,8:26:44,3,-1,2,AB6335,0,2,20
C665,C663,8:27:04,3,-1,1,AB6335,0,2,10
C663,C661,8:27:45,3,-1,1,AB6335,0,2,30
T375,T380,8:27:55,3,-1,1,AB5996,0,2,20
C661,C659,8:28:25,3,-1,1,AB6335,0,2,30
T380,T379,8:28:36,3,-1,1,AB5996,0,2,10
T379,T359,8:29:26,3,-1,1,AB5996,0,2,20
C659,C656,8:29:26,3,-1,1,AB6335,0,2,50
T359,T355/1,8:30:37,3,-1,1,AB5996,0,2,60
C656,C654/2,8:30:37,3,-1,1,AB6335,0,2,60
C654/2,C653,8:32:18,3,-1,1,AB6335,0,2,50
T335,T338,8:33:19,3,-1,3,AB6353,0,2,20
T338,T326/3,8:34:34,3,-1,-1,AB6353,0,2,54
C653,C692,8:34:54,3,-1,1,AB6335,0,2,105
T326/3,T332/2,8:35:35,3,-1,3,AB6353,0,2,30
C692,C689/1,8:36:15,3,-1,1,AB6335,0,2,20
C688/1,C691,8:37:06,3,-1,1,AB5996,0,2,50
C691,C652,8:38:47,3,-1,1,AB5996,0,2,60
C652,C655,8:39:48,3,-1,1,AB5996,0,2,30
C689/1,T360,8:40:28,3,-1,1,AB6335,0,2,121
C655,C657,8:41:09,3,-1,1,AB5996,0,2,50
T325/2,T339/2,8:41:49,3,-1,2,AB6353,0,2,20
C657,C660,8:42:10,3,-1,1,AB5996,0,2,40
T360,T376/1,8:42:34,3,-1,1,AB6335,0,2,95
C660,C662,8:42:55,3,-1,1,AB5996,0,2,20
C662,C664,8:43:55,3,-1,1,AB5996,0,2,30
T339/2,T313,8:44:36,3,-1,2,AB6353,0,2,135
C664,C667,8:45:06,3,-1,1,AB5996,2,2,60
T376/1,T363/1,8:45:06,3,-1,1,AB6335,0,2,101
C667,C676,8:45:36,3,-1,-1,AB5996,0,2,20
T313,T315,8:45:57,3,-1,1,AB6353,0,2,20
C676,C680,8:46:57,3,-1,-1,AB5996,0,2,50
C680,C669/1,8:47:48,3,-1,1,AB5996,0,2,20
T363/1,T306,8:47:48,3,-1,2,AB6335,0,2,121
T315,T375,8:47:58,3,-1,1,AB6353,0,2,101
T306,T314/2,8:48:49,3,-1,-1,AB6335,0,2,30
C669/1,C693,8:49:09,3,-1,1,AB5996,0,2,60
T375,T380,8:49:39,3,-1,1,AB6353,0,2,70
C693,C681,8:50:43,3,-1,1,AB5996,0,2,64
T380,T359,8:50:54,3,-1,1,AB6353,1,2,44
T318,T319,8:51:14,3,-1,-1,AB6335,0,2,74
C681,C671,8:51:44,3,-1,-1,AB5996,0,2,50
T319,T320,8:51:54,3,-1,-1,AB6335,0,2,20
T359,T355/1,8:52:04,3,-1,1,AB6353,0,2,60
T320,T321/2,8:52:45,3,-1,-1,AB6335,0,2,10
C671,C695,8:53:15,3,-1,-1,AB5996,0,2,80
T321/2,T323,8:53:46,3,-1,3,AB6335,0,2,20
C695,C673,8:54:46,3,-1,-1,AB5996,0,2,70
C673,C672,8:55:47,3,-1,1,AB5996,0,2,30
T324/2,T327,8:56:07,3,-1,1,AB6335,0,2,91
T327,T326/1,8:56:58,3,-1,1,AB6335,0,2,20
C688/1,C691,8:58:09,3,-1,1,AB6353,0,2,80
T326/1,T337,8:58:19,3,-1,1,AB6335,0,2,70
C672,C670,8:59:00,3,-1,1,AB5996,0,2,121
T337,T336/2,8:59:00,3,-1,1,AB6335,0,2,30
C670,C679,8:59:34,3,-1,1,AB5996,0,2,24
C691,C652,9:00:35,3,-1,1,AB6353,0,2,105
C679,C694,9:01:05,3,-1,-1,AB5996,0,2,70
C652,C655,9:01:37,3,-1,1,AB6353,0,2,31
C694,C669/2,9:01:57,3,-1,-1,AB5996,0,2,41
C655,C657,9:02:48,3,-1,1,AB6353,0,2,40
C669/2,C687,9:03:08,3,-1,2,AB5996,0,2,30
C657,C660,9:03:48,3,-1,1,AB6353,0,2,30
C660,C662,9:04:29,3,-1,1,AB6353,0,2,30
C687,C675,9:04:49,3,-1,3,AB5996,0,2,50
C662,C664,9:04:59,3,-1,1,AB6353,0,2,20
C675,C668,9:05:20,3,-1,1,AB5996,0,2,20
C668,C678,9:05:40,3,-1,1,AB5996,0,2,10
C664,C677,9:06:10,3,-1,1,AB6353,1,2,40
C678,C661,9:07:04,3,-1,1,AB5996,2,2,73
C677,C680,9:08:05,3,-1,-1,AB6353,2,2,104
C661,C659,9:08:05,3,-1,1,AB5996,0,2,40
C680,C669/1,9:08:55,3,-1,1,AB6353,0,2,20
T336/2,T335,9:09:26,3,-1,1,AB6335,0,2,30
C659,C656,9:09:26,3,-1,1,AB5996,0,2,40
T335,T338,9:10:16,3,-1,1,AB6335,0,2,10
C669/1,C693,9:10:16,3,-1,1,AB6353,0,2,70
C656,C654/2,9:10:47,3,-1,1,AB5996,0,2,50
T338,T326/3,9:11:37,3,-1,-1,AB6335,0,2,50
C693,C681,9:11:58,3,-1,1,AB6353,0,2,80
C654/2,C653,9:12:08,3,-1,1,AB5996,0,2,70
C681,C671,9:12:58,3,-1,-1,AB6353,0,2,40
C653,C692,9:14:19,3,-1,1,AB5996,0,2,91
T326/3,T325/2,9:14:39,3,-1,1,AB6335,1,2,161
C671,C695,9:14:50,3,-1,-1,AB6353,0,2,80
T325/2,T339/2,9:15:34,3,-1,1,AB6335,0,2,23
C692,C689/1,9:15:54,3,-1,1,AB5996,0,2,44
C695,C672,9:17:05,3,-1,1,AB6353,1,2,104
T339/2,T313,9:17:15,3,-1,1,AB6335,0,2,60
C689/1,T360,9:18:06,3,-1,1,AB5996,0,2,92
T313,T315,9:18:27,3,-1,1,AB6335,0,2,20
C672,C670,9:19:07,3,-1,1,AB6353,0,2,90
C670,C679,9:19:58,3,-1,1,AB6353,0,2,30
T315,T375,9:20:18,3,-1,1,AB6335,0,2,101
T360,T376/1,9:20:28,3,-1,1,AB5996,0,2,111
C679,C694,9:21:29,3,-1,-1,AB6353,0,2,80
T375,T380,9:21:59,3,-1,1,AB6335,0,2,30
C694,C669/2,9:22:29,3,-1,-1,AB6353,0,2,30
T380,T379,9:22:50,3,-1,1,AB6335,0,2,10
T376/1,T363/1,9:22:50,3,-1,1,AB5996,0,2,131
C669/2,C687,9:23:20,3,-1,1,AB6353,0,2,30
T379,T359,9:23:41,3,-1,1,AB6335,0,2,20
C687,C675,9:24:33,3,-1,1,AB6353,0,2,62
T363/1,T306,9:24:33,3,-1,1,AB5996,0,2,62
T359,T355/1,9:24:44,3,-1,1,AB6335,0,2,52
C675,C668,9:25:04,3,-1,1,AB6353,0,2,20
C668,C678,9:25:44,3,-1,1,AB6353,0,2,10
T306,T314/2,9:25:44,3,-1,-1,AB5996,0,2,40
C678,C663,9:26:45,3,-1,1,AB6353,1,2,40
C663,C661,9:27:25,3,-1,1,AB6353,0,2,30
T319,T320,9:27:47,3,-1,-1,AB5996,0,2,31
C661,C659,9:27:57,3,-1,1,AB6353,0,2,20
T320,T321/2,9:28:17,3,-1,-1,AB5996,0,2,10
C659,C656,9:29:08,3,-1,1,AB6353,0,2,50
T321/2,T323,9:29:08,3,-1,1,AB5996,0,2,20
T323,T324/2,9:29:58,3,-1,1,AB5996,0,2,10
C656,C654/2,9:30:18,3,-1,1,AB6353,0,2,60
C688/1,C691,9:31:09,3,-1,1,AB6335,0,2,30
T324/2,T327,9:31:49,3,-1,1,AB5996,0,2,60
C654/2,C653,9:32:10,3,-1,1,AB6353,0,2,60
T327,T326/1,9:32:34,3,-1,1,AB5996,0,2,24
C691,C652,9:32:44,3,-1,1,AB6335,0,2,44
T326/1,T337,9:33:45,3,-1,1,AB5996,0,2,50
C652,C655,9:33:55,3,-1,1,AB6335,0,2,30
C653,C692,9:34:25,3,-1,1,AB6353,0,2,101
T337,T336/2,9:34:36,3,-1,1,AB5996,0,2,21
C692,C689/1,9:34:57,3,-1,1,AB6353,0,2,10
C655,C657,9:35:07,3,-1,1,AB6335,0,2,41
C657,C660,9:36:28,3,-1,1,AB6335,0,2,40
C660,C662,9:37:08,3,-1,1,AB6335,0,2,10
C689/1,T360,9:37:39,3,-1,1,AB6353,0,2,122
C662,C664,9:37:50,3,-1,1,AB6335,0,2,21
T360,T376/1,9:38:33,3,-1,1,AB6353,0,2,43
C664,C666,9:38:43,3,-1,1,AB6335,0,2,22
C666,C677,9:39:03,3,-1,1,AB6335,0,2,10
T336/2,T335,9:39:34,3,-1,1,AB5996,0,2,30
C677,C667,9:39:34,3,-1,1,AB6335,0,2,20
C667,C676,9:39:54,3,-1,-1,AB6335,0,2,10
T335,T338,9:40:04,3,-1,1,AB5996,0,2,10
T376/1,T363/1,9:40:34,3,-1,1,AB6353,0,2,111
C676,C680,9:41:05,3,-1,-1,AB6335,0,2,60
T338,T326/3,9:41:46,3,-1,-1,AB5996,0,2,61
C680,C669/1,9:41:56,3,-1,1,AB6335,0,2,20
T363/1,T306,9:42:17,3,-1,1,AB6353,0,2,72
T306,T314/2,9:42:57,3,-1,-1,AB6353,0,2,30
C669/1,C693,9:43:07,3,-1,1,AB6335,0,2,50
T326/3,T325/2,9:43:58,3,-1,1,AB5996,1,2,121
C693,C681,9:44:28,3,-1,1,AB6335,0,2,70
T318,T319,9:44:28,3,-1,-1,AB6353,0,2,10
T325/2,T339/2,9:44:48,3,-1,1,AB5996,0,2,20
T319,T320,9:45:19,3,-1,-1,AB6353,0,2,40
C681,C671,9:45:29,3,-1,-1,AB6335,0,2,50
T339/2,T313,9:45:59,3,-1,1,AB5996,0,2,60
T320,T321/2,9:46:30,3,-1,-1,AB6353,0,2,10
C671,C695,9:47:00,3,-1,-1,AB6335,0,2,80
T313,T315,9:47:10,3,-1,1,AB5996,0,2,20
T321/2,T323,9:47:34,3,-1,1,AB6353,0,2,33
T323,T324/2,9:47:54,3,-1,1,AB6353,0,2,10
C695,C673,9:48:24,3,-1,-1,AB6335,0,2,74
T315,T375,9:48:44,3,-1,1,AB5996,0,2,70
T324/2,T327,9:49:25,3,-1,1,AB6353,0,2,60
C673,C672,9:49:36,3,-1,1,AB6335,0,1,41
T327,T326/1,9:50:06,3,-1,1,AB6353,0,1,30
T375,T380,9:50:27,3,-1,1,AB5996,0,1,71
T380,T379,9:51:07,3,-1,1,AB5996,0,1,10
T379,T359,9:51:37,3,-1,1,AB5996,0,1,20
T326/1,T337,9:51:37,3,-1,1,AB6353,0,1,80
T337,T336/2,9:52:18,3,-1,1,AB6353,0,1,30
C672,C670,9:52:28,3,-1,1,AB6335,0,1,121
T359,T355/1,9:52:48,3,-1,1,AB5996,0,1,60
C670,C679,9:53:08,3,-1,1,AB6335,0,1,30
C679,C694,9:54:39,3,-1,-1,AB6335,0,1,80
C694,C669/2,9:55:32,3,-1,-1,AB6335,0,1,32
T355/1,C688/1,9:56:12,3,-1,1,AB5996,0,1,194
C669/2,C687,9:57:24,3,-1,1,AB6335,0,1,30
C688/1,C691,9:58:15,3,-1,1,AB5996,0,1,71
C687,C675,9:58:56,3,-1,1,AB6335,0,1,60
C691,C652,9:59:26,3,-1,1,AB5996,0,1,40
C675,C668,9:59:26,3,-1,1,AB6335,0,1,20
C652,C655,10:00:17,3,-1,1,AB5996,0,1,20
C668,C678,10:00:17,3,-1,1,AB6335,0,1,20
C655,C657,10:01:27,3,-1,1,AB5996,0,1,40
C678,C663,10:01:37,3,-1,1,AB6335,1,1,50
C663,C661,10:02:08,3,-1,1,AB6335,0,1,20
C657,C660,10:02:38,3,-1,1,AB5996,0,1,30
C661,C659,10:03:09,3,-1,1,AB6335,0,1,40
C660,C662,10:03:29,3,-1,1,AB5996,0,1,20
C662,C666,10:04:34,3,-1,1,AB5996,1,1,54
C659,C656,10:04:34,3,-1,1,AB6335,0,1,44
C666,C677,10:04:54,3,-1,1,AB5996,0,1,10
C677,C667,10:05:24,3,-1,1,AB5996,0,1,20
C656,C654/2,10:05:24,3,-1,1,AB6335,0,1,40
T336/2,T335,10:06:05,3,-1,1,AB5457,0,1,20
C667,C676,10:06:05,3,-1,-1,AB5996,0,1,20
T335,T338,10:06:46,3,-1,1,AB5457,0,1,10
C654/2,C653,10:06:56,3,-1,1,AB6335,0,1,40
C676,C680,10:07:16,3,-1,-1,AB5996,0,1,51
T338,T326/3,10:07:57,3,-1,-1,AB5457,0,1,50
C680,C669/1,10:08:07,3,-1,1,AB5996,0,1,20
C653,C692,10:08:17,3,-1,1,AB6335,0,1,50
T326/3,T332/2,10:08:47,3,-1,1,AB5457,0,1,30
C692,C689/1,10:09:18,3,-1,1,AB6335,0,1,30
C669/1,C693,10:09:28,3,-1,1,AB5996,0,1,50
T332/2,T325/2,10:10:28,3,-1,1,AB5457,0,1,70
C693,C681,10:10:49,3,-1,1,AB5996,0,1,70
T325/2,T339/2,10:11:09,3,-1,1,AB5457,0,1,30
C681,C671,10:11:39,3,-1,-1,AB5996,0,1,40
C689/1,T360,10:12:34,3,-1,1,AB6335,0,1,105
T339/2,T313,10:12:54,3,-1,1,AB5457,0,1,64
C671,C695,10:13:25,3,-1,-1,AB5996,0,1,74
T313,T315,10:13:55,3,-1,1,AB5457,0,1,10
T360,T376/1,10:14:57,3,-1,1,AB6335,0,1,92
T315,T375,10:15:17,3,-1,1,AB5457,0,1,62
C695,C672,10:15:48,3,-1,1,AB5996,1,1,112
T375,T380,10:16:48,3,-1,1,AB5457,0,1,50
T380,T379,10:17:29,3,-1,1,AB5457,0,1,20
T376/1,T363/1,10:17:39,3,-1,1,AB6335,0,1,151
C672,C670,10:17:49,3,-1,1,AB5996,0,1,101
T379,T359,10:18:09,3,-1,1,AB5457,0,1,20
C670,C679,10:18:35,3,-1,1,AB5996,0,1,35
T363/1,T306,10:18:45,3,-1,1,AB6335,0,1,55
T359,T355/1,10:19:25,3,-1,1,AB5457,0,1,65
T306,T314/2,10:19:36,3,-1,-1,AB6335,0,1,40
C679,C694,10:19:56,3,-1,-1,AB5996,0,1,70
C694,C669/2,10:21:07,3,-1,-1,AB5996,0,1,60
T318,T319,10:21:07,3,-1,-1,AB6335,0,1,10
C669/2,C687,10:21:37,3,-1,1,AB5996,0,1,10
T319,T320,10:21:47,3,-1,-1,AB6335,0,1,30
C687,C668,10:23:18,3,-1,1,AB5996,1,1,80
T321/2,T323,10:23:18,3,-1,1,AB6335,0,1,20
C668,C678,10:23:38,3,-1,1,AB5996,0,1,10
C678,C665,10:24:09,3,-1,1,AB5996,0,1,20
T323,T324/2,10:24:19,3,-1,1,AB6335,0,1,10
C665,C663,10:24:29,3,-1,1,AB5996,0,1,10
C663,C661,10:25:09,3,-1,1,AB5996,0,1,30
T324/2,T327,10:25:19,3,-1,1,AB6335,0,1,50
C661,C659,10:25:50,3,-1,1,AB5996,0,1,30
C688/1,C691,10:26:10,3,-1,1,AB5457,0,1,90
T327,T326/1,10:26:20,3,-1,1,AB6335,0,1,30
C659,C656,10:27:01,3,-1,1,AB5996,0,1,51
T326/1,T337,10:27:33,3,-1,1,AB6335,0,1,51
C691,C652,10:28:03,3,-1,1,AB5457,0,1,71
C656,C654/2,10:28:03,3,-1,1,AB5996,0,1,41
T337,T336/2,10:28:43,3,-1,1,AB6335,0,1,30
C652,C655,10:28:54,3,-1,1,AB5457,0,1,30
C654/2,C653,10:29:24,3,-1,1,AB5996,0,1,40
C655,C657,10:29:54,3,-1,1,AB5457,0,1,50
C657,C660,10:31:06,3,-1,1,AB5457,0,1,51
C653,C692,10:31:26,3,-1,1,AB5996,0,1,91
C660,C662,10:31:36,3,-1,1,AB5457,0,1,20
C662,C664,10:32:17,3,-1,1,AB5457,0,1,20
C692,C689/1,10:32:17,3,-1,1,AB5996,0,1,20
C664,C666,10:32:47,3,-1,1,AB5457,0,1,20
C666,C677,10:33:07,3,-1,1,AB5457,0,1,10
C677,C667,10:33:58,3,-1,1,AB5457,0,1,20
C667,C676,10:34:28,3,-1,-1,AB5457,0,1,20
C689/1,T360,10:34:38,3,-1,1,AB5996,0,1,111
T360,T376/1,10:35:39,3,-1,1,AB5996,0,1,20
T336/2,T335,10:35:59,3,-1,1,AB6353,0,1,30
C676,C680,10:35:59,3,-1,-1,AB5457,0,1,60
T335,T338,10:36:32,3,-1,1,AB6353,0,1,12
C680,C669/1,10:36:53,3,-1,1,AB5457,0,1,20
T338,T326/3,10:38:03,3,-1,-1,AB6353,0,1,60
T376/1,T363/1,10:38:14,3,-1,1,AB5996,0,1,114
C669/1,C693,10:38:24,3,-1,1,AB5457,0,1,70
T326/3,T332/2,10:39:04,3,-1,1,AB6353,0,1,40
C693,C681,10:39:45,3,-1,1,AB5457,0,1,70
T363/1,T314/2,10:40:15,3,-1,-1,AB5996,1,1,101
T332/2,T325/2,10:40:46,3,-1,1,AB6353,0,1,61
C681,C671,10:41:06,3,-1,-1,AB5457,0,1,41
T314/2,T318,10:41:16,3,-1,-1,AB5996,0,1,10
T325/2,T339/2,10:41:27,3,-1,1,AB6353,0,1,20
T318,T319,10:42:07,3,-1,-1,AB5996,0,1,10
C671,C695,10:42:37,3,-1,-1,AB5457,0,1,70
T339/2,T313,10:42:58,3,-1,1,AB6353,0,1,40
T319,T320,10:43:08,3,-1,-1,AB5996,0,1,50
T313,T315,10:43:48,3,-1,1,AB6353,0,1,10
T320,T321/2,10:43:58,3,-1,-1,AB5996,0,1,20
C695,C673,10:44:29,3,-1,-1,AB5457,0,1,91
T321/2,T323,10:45:00,3,-1,1,AB5996,0,1,31
C673,C672,10:45:20,3,-1,1,AB5457,0,1,40
T315,T375,10:45:30,3,-1,1,AB6353,0,1,61
T323,T324/2,10:45:40,3,-1,1,AB5996,0,1,10
T375,T380,10:46:42,3,-1,1,AB6353,0,1,31
T324/2,T327,10:47:03,3,-1,1,AB5996,0,1,62
T380,T379,10:47:23,3,-1,1,AB6353,0,1,10
T327,T326/1,10:47:33,3,-1,1,AB5996,0,1,20
T379,T359,10:48:13,3,-1,1,AB6353,0,1,20
C672,C670,10:48:13,3,-1,1,AB5457,0,1,142
T326/1,T337,10:48:34,3,-1,1,AB5996,0,1,50
C670,C679,10:48:54,3,-1,1,AB5457,0,1,20
T359,T355/1,10:49:34,3,-1,1,AB6353,0,1,70
T337,T336/2,10:49:34,3,-1,1,AB5996,0,1,40
C679,C694,10:50:36,3,-1,-1,AB5457,0,1,81
C694,C669/2,10:51:36,3,-1,-1,AB5457,0,1,50
C669/2,C687,10:52:47,3,-1,-1,AB5457,0,1,20
C687,C675,10:54:08,3,-1,1,AB5457,0,1,70
C675,C668,10:54:39,3,-1,1,AB5457,0,1,20
C668,C678,10:54:59,3,-1,1,AB5457,0,1,10
C688/1,C691,10:55:19,3,-1,1,AB6353,0,1,50
C678,C663,10:56:10,3,-1,1,AB5457,1,1,50
C691,C652,10:57:10,3,-1,1,AB6353,0,1,80
C663,C661,10:57:20,3,-1,1,AB5457,0,1,30
C661,C659,10:58:02,3,-1,1,AB5457,0,1,30
C652,C655,10:58:12,3,-1,1,AB6353,0,1,30
C655,C657,10:59:33,3,-1,1,AB6353,0,1,50
C659,C656,10:59:53,3,-1,1,AB5457,0,1,60
C657,C660,11:00:34,3,-1,1,AB6353,0,1,50
C656,C654/2,11:00:54,3,-1,1,AB5457,0,1,50
C660,C662,11:01:24,3,-1,1,AB6353,0,1,30
C662,C664,11:02:06,3,-1,1,AB6353,0,1,31
C654/2,C653,11:02:06,3,-1,1,AB5457,0,1,41
C664,C666,11:02:36,3,-1,1,AB6353,0,1,20
C666,C677,11:02:56,3,-1,1,AB6353,0,1,10
C677,C667,11:03:26,3,-1,1,AB6353,0,1,20
C667,C676,11:03:57,3,-1,-1,AB6353,0,1,20
C676,C680,11:04:57,3,-1,-1,AB6353,0,1,50
C653,C692,11:04:57,3,-1,1,AB5457,0,1,161
C692,C689/1,11:06:29,3,-1,1,AB5457,0,1,71
C681,C671,11:09:53,3,-1,-1,AB6353,0,1,42
C689/1,T360,11:09:53,3,-1,1,AB5457,0,1,163
T336/2,T335,11:10:44,3,-1,1,AB6335,0,1,30
T360,T376/1,11:11:04,3,-1,1,AB5457,0,1,40
C671,C695,11:11:24,3,-1,-1,AB6353,0,1,80
T335,T338,11:11:34,3,-1,1,AB6335,0,1,20
T338,T326/3,11:12:56,3,-1,-1,AB6335,0,1,71
C695,C672,11:13:27,3,-1,1,AB6353,1,1,112
T376/1,T363/1,11:13:37,3,-1,1,AB5457,0,1,132
T326/3,T332/2,11:14:17,3,-1,1,AB6335,0,1,60
T332/2,T325/2,11:15:58,3,-1,1,AB6335,0,1,60
T363/1,T306,11:15:58,3,-1,1,AB5457,0,1,80
C672,C670,11:16:09,3,-1,1,AB6353,0,1,111
T325/2,T339/2,11:16:29,3,-1,1,AB6335,0,1,20
T306,T314/2,11:16:49,3,-1,-1,AB5457,0,1,40
C670,C679,11:17:09,3,-1,1,AB6353,0,1,40
T339/2,T313,11:17:50,3,-1,1,AB6335,0,1,60
C679,C694,11:18:43,3,-1,-1,AB6353,0,1,83
T318,T319,11:18:43,3,-1,-1,AB5457,0,1,63
T313,T315,11:18:53,3,-1,1,AB6335,0,1,20
C694,C669/2,11:19:34,3,-1,-1,AB6353,0,1,40
T319,T320,11:19:44,3,-1,-1,AB5457,0,1,50
T315,T375,11:20:24,3,-1,1,AB6335,0,1,80
C669/2,C687,11:20:34,3,-1,1,AB6353,0,1,30
T320,T321/2,11:20:45,3,-1,-1,AB5457,0,1,20
C687,C675,11:21:55,3,-1,1,AB6353,0,1,60
T375,T380,11:22:05,3,-1,1,AB6335,0,1,60
T321/2,T323,11:22:05,3,-1,1,AB5457,0,1,20
C675,C668,11:22:37,3,-1,1,AB6353,0,1,31
T380,T379,11:22:47,3,-1,1,AB6335,0,1,10
T323,T324/2,11:22:47,3,-1,1,AB5457,0,1,10
C668,C678,11:22:57,3,-1,1,AB6353,0,1,10
C678,C665,11:23:27,3,-1,1,AB6353,0,1,20
T379,T359,11:23:58,3,-1,1,AB6335,0,1,20
C665,C663,11:23:58,3,-1,1,AB6353,0,1,20
C663,C661,11:24:38,3,-1,1,AB6353,0,1,30
T324/2,T327,11:24:38,3,-1,1,AB5457,0,1,70
T359,T355/1,11:24:58,3,-1,1,AB6335,0,1,50
C661,C659,11:25:09,3,-1,1,AB6353,0,1,20
T327,T326/1,11:25:39,3,-1,1,AB5457,0,1,30
C659,C656,11:26:40,3,-1,1,AB6353,0,1,40
T326/1,T337,11:27:20,3,-1,1,AB5457,0,1,70
C656,C654/2,11:27:43,3,-1,1,AB6353,0,1,53
T337,T336/2,11:28:23,3,-1,1,AB5457,0,1,40
C654/2,C653,11:28:54,3,-1,1,AB6353,0,1,41
C688/1,C691,11:30:46,3,-1,1,AB6335,0,1,80
C653,C692,11:30:46,3,-1,1,AB6353,0,1,70
C692,C689/1,11:31:56,3,-1,1,AB6353,0,1,20
C691,C652,11:32:17,3,-1,1,AB6335,0,1,80
C652,C655,11:33:27,3,-1,1,AB6335,0,1,30
C689/1,T360,11:34:39,3,-1,1,AB6353,0,1,132
C655,C657,11:34:49,3,-1,1,AB6335,0,1,40
C657,C660,11:36:00,3,-1,1,AB6335,0,1,40
T360,T376/1,11:36:44,3,-1,1,AB6353,0,1,104
C660,C662,11:37:04,3,-1,1,AB6335,0,1,30
C662,C664,11:37:45,3,-1,1,AB6335,0,1,20
C664,C677,11:38:36,3,-1,1,AB6335,1,1,40
C677,C667,11:39:06,3,-1,1,AB6335,0,1,20
T376/1,T363/1,11:39:46,3,-1,1,AB6353,0,1,101
C667,C680,11:40:37,3,-1,-1,AB6335,1,1,80
C680,C669/1,11:41:17,3,-1,1,AB6335,0,1,30
T363/1,T306,11:42:18,3,-1,1,AB6353,0,1,90
C669/1,C693,11:42:59,3,-1,1,AB6335,0,1,81
T306,T314/2,11:43:09,3,-1,-1,AB6353,0,1,40
T314/2,T318,11:44:10,3,-1,-1,AB6353,0,1,20
C693,C681,11:44:55,3,-1,1,AB6335,0,1,86
T318,T319,11:45:05,3,-1,-1,AB6353,0,1,10
T336/2,T335,11:45:15,3,-1,1,AB5996,0,1,20
T335,T338,11:45:56,3,-1,1,AB5996,0,1,10
C681,C671,11:46:06,3,-1,-1,AB6335,0,1,50
T319,T320,11:46:16,3,-1,-1,AB6353,0,1,40
T338,T326/3,11:47:17,3,-1,-1,AB5996,0,1,50
C671,C695,11:47:27,3,-1,-1,AB6335,0,1,70
T326/3,T332/2,11:47:57,3,-1,1,AB5996,0,1,30
T321/2,T323,11:48:58,3,-1,1,AB6353,0,1,30
C695,C673,11:49:28,3,-1,-1,AB6335,0,1,90
T332/2,T325/2,11:49:38,3,-1,1,AB5996,0,1,70
T323,T324/2,11:49:58,3,-1,1,AB6353,0,1,10
T325/2,T339/2,11:50:19,3,-1,1,AB5996,0,1,20
C673,C672,11:50:19,3,-1,1,AB6335,0,1,40
T339/2,T313,11:51:33,3,-1,1,AB5996,0,1,63
T324/2,T327,11:51:33,3,-1,1,AB6353,0,1,63
T313,T315,11:52:24,3,-1,1,AB5996,0,1,20
T327,T326/1,11:52:34,3,-1,1,AB6353,0,1,30
C672,C670,11:53:24,3,-1,1,AB6335,0,1,134
T315,T375,11:53:34,3,-1,1,AB5996,0,1,60
T326/1,T337,11:53:44,3,-1,1,AB6353,0,1,60
C670,C679,11:54:35,3,-1,1,AB6335,0,1,30
T337,T336/2,11:54:55,3,-1,1,AB6353,0,1,40
T375,T380,11:55:36,3,-1,1,AB5996,0,1,91
C679,C694,11:56:06,3,-1,-1,AB6335,0,1,81
T380,T379,11:56:27,3,-1,1,AB5996,0,1,20
C694,C669/2,11:57:07,3,-1,-1,AB6335,0,1,50
T379,T359,11:57:47,3,-1,1,AB5996,0,1,50
C669/2,C687,11:58:48,3,-1,-1,AB6335,0,1,60
T359,T355/1,11:59:08,3,-1,1,AB5996,0,1,70
C687,C675,12:00:29,3,-1,1,AB6335,0,1,70
C675,C668,12:00:59,3,-1,1,AB6335,0,1,20
C668,C678,12:01:20,3,-1,1,AB6335,0,1,10
C678,C665,12:01:52,3,-1,1,AB6335,0,1,20
C665,C663,12:02:12,3,-1,1,AB6335,0,1,10
C663,C661,12:02:43,3,-1,1,AB6335,0,1,20
C661,C659,12:03:23,3,-1,1,AB6335,0,1,30
C659,C656,12:04:54,3,-1,1,AB6335,0,1,30
C688/1,C691,12:05:34,3,-1,1,AB5996,0,1,60
C656,C654/2,12:05:55,3,-1,1,AB6335,0,1,50
C691,C652,12:07:28,3,-1,1,AB5996,0,1,83
C652,C655,12:08:39,3,-1,1,AB5996,0,1,40
C654/2,C692,12:09:19,3,-1,1,AB6335,1,1,184
C655,C657,12:10:00,3,-1,1,AB5996,0,1,50
C692,C689/1,12:10:34,3,-1,1,AB6335,0,1,24
C657,C660,12:10:44,3,-1,1,AB5996,0,1,34
C660,C662,12:11:15,3,-1,1,AB5996,0,1,20
C662,C664,12:11:45,3,-1,1,AB5996,0,1,20
C664,C667,12:12:56,3,-1,-1,AB5996,2,1,60
C689/1,T360,12:13:06,3,-1,1,AB6335,0,1,101
C667,C676,12:13:36,3,-1,-1,AB5996,0,1,10
C676,C680,12:14:37,3,-1,-1,AB5996,0,1,50
T360,T376/1,12:14:47,3,-1,1,AB6335,0,1,81
C680,C669/1,12:15:27,3,-1,1,AB5996,0,1,20
T376/1,T363/1,12:15:38,3,-1,1,AB6335,0,1,40
C669/1,C693,12:16:49,3,-1,1,AB5996,0,1,60
T363/1,T306,12:17:29,3,-1,1,AB6335,0,1,50
C693,C681,12:18:30,3,-1,1,AB5996,0,1,70
T306,T314/2,12:18:40,3,-1,-1,AB6335,0,1,50
C681,C671,12:19:41,3,-1,-1,AB5996,0,1,51
T314/2,T318,12:20:02,3,-1,-1,AB6335,0,1,21
T318,T319,12:20:45,3,-1,-1,AB6335,0,1,10
C671,C695,12:21:05,3,-1,-1,AB5996,0,1,73
T319,T320,12:21:55,3,-1,-1,AB6335,0,1,50
T335,T326/3,12:22:16,3,-1,-1,AB6353,1,1,91
T326/3,T332/2,12:22:57,3,-1,1,AB6353,0,1,31
T320,T321/2,12:22:57,3,-1,-1,AB6335,0,1,10
C695,C672,12:23:17,3,-1,1,AB5996,1,1,112
T321/2,T323,12:24:08,3,-1,1,AB6335,0,1,40
T332/2,T325/2,12:24:49,3,-1,1,AB6353,0,1,60
T323,T324/2,12:24:49,3,-1,1,AB6335,0,1,10
T325/2,T339/2,12:25:19,3,-1,1,AB6353,0,1,20
C672,C670,12:25:49,3,-1,1,AB5996,0,1,131
T324/2,T327,12:26:10,3,-1,1,AB6335,0,1,60
C670,C679,12:26:33,3,-1,1,AB5996,0,1,33
T339/2,T313,12:26:43,3,-1,1,AB6353,0,1,53
T327,T326/1,12:26:43,3,-1,1,AB6335,0,1,10
T313,T315,12:27:43,3,-1,1,AB6353,0,1,20
T326/1,T337,12:27:53,3,-1,1,AB6335,0,1,50
C679,C694,12:28:04,3,-1,-1,AB5996,0,1,80
T337,T336/2,12:28:34,3,-1,1,AB6335,0,1,30
C694,C669/2,12:28:54,3,-1,-1,AB5996,0,1,40
C669/2,C687,12:29:45,3,-1,-1,AB5996,0,1,30
T375,T380,12:30:56,3,-1,1,AB6353,0,1,81
T380,T379,12:31:36,3,-1,1,AB6353,0,1,10
C687,C675,12:31:36,3,-1,1,AB5996,0,1,60
C675,C668,12:32:07,3,-1,1,AB5996,0,1,20
C668,C678,12:32:27,3,-1,1,AB5996,0,1,10
C678,C665,12:32:47,3,-1,1,AB5996,0,1,10
T379,T355/1,12:33:07,3,-1,1,AB6353,1,1,70
C665,C663,12:33:17,3,-1,1,AB5996,0,1,20
C663,C661,12:33:48,3,-1,1,AB5996,0,1,20
C661,C659,12:34:18,3,-1,1,AB5996,0,1,20
C659,C656,12:35:49,3,-1,1,AB5996,0,1,40
C656,C654/2,12:36:43,3,-1,1,AB5996,0,1,43
C654/2,C653,12:38:14,3,-1,1,AB5996,0,1,50
C688/1,C691,12:39:15,3,-1,1,AB6353,0,1,40
C653,C692,12:39:15,3,-1,1,AB5996,0,1,50
C692,C689/1,12:40:57,3,-1,1,AB5996,0,1,70
C691,C652,12:41:37,3,-1,1,AB6353,0,1,91
C652,C655,12:42:39,3,-1,1,AB6353,0,1,40
C655,C657,12:43:49,3,-1,1,AB6353,0,1,50
C689/1,T360,12:44:40,3,-1,1,AB5996,0,1,162
C657,C662,12:45:10,3,-1,1,AB6353,1,1,70
C662,C664,12:45:43,3,-1,1,AB6353,0,1,22
C664,C677,12:46:34,3,-1,1,AB6353,1,1,40
T360,T376/1,12:46:44,3,-1,1,AB5996,0,1,83
C677,C667,12:47:04,3,-1,1,AB6353,0,1,20
C667,C676,12:47:24,3,-1,-1,AB6353,0,1,10
C676,C680,12:48:45,3,-1,-1,AB6353,0,1,50
T376/1,T363/1,12:48:55,3,-1,1,AB5996,0,1,121
C680,C669/1,12:49:37,3,-1,1,AB6353,0,1,21
T363/1,T306,12:50:17,3,-1,1,AB5996,0,1,51
C669/1,C693,12:51:08,3,-1,-1,AB6353,0,1,60
T306,T314/2,12:51:18,3,-1,-1,AB5996,0,1,30
T314/2,T318,12:52:09,3,-1,-1,AB5996,0,1,10
C693,C681,12:52:49,3,-1,1,AB6353,0,1,80
T318,T319,12:53:09,3,-1,-1,AB5996,0,1,10
C681,C671,12:53:40,3,-1,-1,AB6353,0,1,40
T319,T320,12:54:20,3,-1,-1,AB5996,0,1,50
T336/2,T335,12:55:01,3,-1,1,AB6335,0,1,50
C671,C695,12:55:11,3,-1,-1,AB6353,0,1,81
T320,T321/2,12:55:53,3,-1,-1,AB5996,0,1,20
T335,T338,12:56:14,3,-1,1,AB6335,0,1,10
C695,C673,12:56:44,3,-1,-1,AB6353,0,1,70
T321/2,T323,12:57:14,3,-1,1,AB5996,0,1,30
T338,T326/3,12:57:35,3,-1,-1,AB6335,0,1,70
C673,C672,12:57:35,3,-1,1,AB6353,0,1,40
T323,T324/2,12:57:55,3,-1,1,AB5996,0,1,10
T326/3,T332/2,12:58:35,3,-1,1,AB6335,0,1,50
T324/2,T327,12:59:06,3,-1,1,AB5996,0,1,60
C672,C670,12:59:56,3,-1,1,AB6353,0,1,101
T327,T326/1,12:59:56,3,-1,1,AB5996,0,1,30
C670,C679,13:00:47,3,-1,1,AB6353,0,1,30
T332/2,T325/2,13:01:17,3,-1,1,AB6335,0,1,101
T326/1,T336/2,13:01:27,3,-1,1,AB5996,1,1,80
C679,C694,13:02:18,3,-1,-1,AB6353,0,1,80
T325/2,T339/2,13:02:28,3,-1,1,AB6335,0,1,40
C694,C669/2,13:03:09,3,-1,-1,AB6353,0,1,30
C669/2,C687,13:04:09,3,-1,1,AB6353,0,1,30
T339/2,T313,13:04:44,3,-1,1,AB6335,0,1,85
C687,C675,13:05:24,3,-1,1,AB6353,0,1,50
T313,T315,13:05:34,3,-1,1,AB6335,0,1,20
C675,C668,13:06:15,3,-1,1,AB6353,0,1,20
C668,C678,13:06:35,3,-1,1,AB6353,0,1,10
C678,C665,13:07:05,3,-1,1,AB6353,0,1,20
T315,T375,13:07:16,3,-1,1,AB6335,0,1,91
C665,C663,13:07:26,3,-1,1,AB6353,0,1,10
C663,C661,13:08:06,3,-1,1,AB6353,0,1,30
T375,T380,13:08:36,3,-1,1,AB6335,0,1,50
C661,C659,13:08:36,3,-1,1,AB6353,0,1,20
T380,T379,13:09:17,3,-1,1,AB6335,0,1,10
T379,T359,13:10:18,3,-1,1,AB6335,0,1,50
C659,C656,13:10:48,3,-1,1,AB6353,0,1,70
T359,T355/1,13:11:19,3,-1,1,AB6335,0,1,50
C656,C654/2,13:11:49,3,-1,1,AB6353,0,1,50
C654/2,C653,13:13:00,3,-1,1,AB6353,0,1,40
C653,C692,13:15:04,3,-1,1,AB6353,0,1,93
C692,C689/1,13:16:15,3,-1,1,AB6353,0,1,10
C688/1,C691,13:17:36,3,-1,1,AB6335,0,1,60
C689/1,T360,13:19:17,3,-1,1,AB6353,0,1,131
C691,C652,13:19:47,3,-1,1,AB6335,0,1,101
T360,T376/1,13:19:47,3,-1,1,AB6353,0,1,20
C652,C655,13:20:38,3,-1,1,AB6335,0,1,30
C655,C657,13:21:38,3,-1,1,AB6335,0,1,50
T376/1,T363/1,13:22:39,3,-1,1,AB6353,0,1,151
C657,C660,13:22:49,3,-1,1,AB6335,0,1,40
C660,C662,13:23:40,3,-1,1,AB6335,0,1,20
T363/1,T306,13:24:10,3,-1,1,AB6353,0,1,80
C662,C664,13:24:20,3,-1,1,AB6335,0,1,30
C664,C666,13:24:43,3,-1,1,AB6335,0,1,10
C666,C677,13:25:03,3,-1,2,AB6335,0,1,10
C677,C667,13:25:33,3,-1,-1,AB6335,0,1,20
C667,C676,13:25:54,3,-1,-1,AB6335,0,1,10
T306,T314/2,13:26:04,3,-1,-1,AB6353,0,1,91
C676,C680,13:27:04,3,-1,-1,AB6335,0,1,60
C680,C669/1,13:28:05,3,-1,1,AB6335,0,1,20
T318,T319,13:29:16,3,-1,-1,AB6353,0,1,121
C669/1,C693,13:29:47,3,-1,1,AB6335,0,1,70
T319,T320,13:30:37,3,-1,-1,AB6353,0,1,50
T336/2,T335,13:31:08,3,-1,1,AB5996,0,1,30
C693,C681,13:31:18,3,-1,1,AB6335,0,1,80
T335,T338,13:31:58,3,-1,1,AB5996,0,1,10
C681,C671,13:32:19,3,-1,-1,AB6335,0,1,50
T320,T321/2,13:32:39,3,-1,-1,AB6353,0,1,20
T338,T326/3,13:32:59,3,-1,-1,AB5996,0,1,50
T326/3,T332/2,13:33:40,3,-1,1,AB5996,0,1,30
T321/2,T323,13:33:50,3,-1,1,AB6353,0,1,30
C671,C695,13:34:10,3,-1,-1,AB6335,0,1,81
T323,T324/2,13:34:30,3,-1,1,AB6353,0,1,10
T332/2,T325/2,13:35:32,3,-1,1,AB5996,0,1,51
C695,C673,13:36:02,3,-1,-1,AB6335,0,1,81
T325/2,T339/2,13:36:13,3,-1,1,AB5996,0,1,20
T324/2,T327,13:36:23,3,-1,1,AB6353,0,1,71
C673,C672,13:36:53,3,-1,1,AB6335,0,1,40
T327,T326/1,13:37:03,3,-1,1,AB6353,0,1,30
T339/2,T313,13:37:54,3,-1,1,AB5996,0,1,70
T326/1,T337,13:38:24,3,-1,1,AB6353,0,1,60
T313,T315,13:38:54,3,-1,1,AB5996,0,1,20
T337,T336/2,13:39:15,3,-1,1,AB6353,0,1,30
T315,T375,13:40:26,3,-1,1,AB5996,0,1,81
C672,C670,13:40:57,3,-1,1,AB6335,0,1,142
C670,C679,13:41:38,3,-1,1,AB6335,0,1,30
T375,T380,13:41:58,3,-1,1,AB5996,0,1,60
T380,T379,13:42:38,3,-1,1,AB5996,0,1,10
T379,T359,13:43:20,3,-1,1,AB5996,0,1,31
C679,C694,13:43:20,3,-1,-1,AB6335,0,1,91
C694,C669/2,13:44:03,3,-1,-1,AB6335,0,1,30
T359,T355/1,13:44:34,3,-1,1,AB5996,0,1,60
C669/2,C687,13:45:04,3,-1,1,AB6335,0,1,30
C687,C675,13:46:35,3,-1,1,AB6335,0,1,60
C675,C668,13:47:16,3,-1,1,AB6335,0,1,30
C668,C678,13:47:36,3,-1,1,AB6335,0,1,10
T355/1,C688/1,13:48:16,3,-1,1,AB5996,0,1,192
C678,C663,13:48:57,3,-1,1,AB6335,1,1,50
C688/1,C691,13:49:17,3,-1,1,AB5996,0,1,20
C663,C661,13:49:37,3,-1,1,AB6335,0,1,30
C661,C659,13:50:07,3,-1,1,AB6335,0,1,20
C691,C652,13:50:48,3,-1,1,AB5996,0,1,61
C659,C656,13:51:39,3,-1,1,AB6335,0,1,40
C652,C655,13:51:49,3,-1,1,AB5996,0,1,30
C656,C654/2,13:52:40,3,-1,1,AB6335,0,1,50
C655,C657,13:53:10,3,-1,1,AB5996,0,1,50
C657,C660,13:54:02,3,-1,1,AB5996,0,1,41
C654/2,C653,13:54:12,3,-1,1,AB6335,0,1,71
C660,C662,13:54:52,3,-1,1,AB5996,0,1,30
C653,C692,13:55:02,3,-1,1,AB6335,0,1,40
C662,C664,13:55:22,3,-1,1,AB5996,0,1,20
C664,C666,13:55:53,3,-1,1,AB5996,0,1,20
C692,C689/1,13:56:04,3,-1,1,AB6335,0,1,10
C666,C680,13:58:25,3,-1,-1,AB5996,3,1,141
C680,C669/1,13:58:57,3,-1,1,AB5996,0,1,20
C689/1,T360,14:00:28,3,-1,1,AB6335,0,1,172
C669/1,C693,14:00:38,3,-1,1,AB5996,0,1,80
C693,C681,14:02:09,3,-1,1,AB5996,0,1,70
T360,T376/1,14:02:39,3,-1,1,AB6335,0,1,111
T376/1,T363/1,14:04:02,3,-1,1,AB6335,0,1,72
T336/2,T335,14:05:22,3,-1,1,AB6353,0,1,20
T363/1,T306,14:05:33,3,-1,1,AB6335,0,1,40
T335,T338,14:06:23,3,-1,1,AB6353,0,1,20
T306,T314/2,14:06:33,3,-1,-1,AB6335,0,1,30
C673,C672,14:07:04,3,-1,1,AB5996,0,1,40
T338,T326/3,14:08:05,3,-1,-1,AB6353,0,1,80
T318,T319,14:08:35,3,-1,-1,AB6335,0,1,10
T326/3,T332/2,14:09:36,3,-1,1,AB6353,0,1,70
C672,C670,14:09:36,3,-1,1,AB5996,0,1,131
T319,T320,14:09:56,3,-1,-1,AB6335,0,1,60
C670,C679,14:10:17,3,-1,1,AB5996,0,1,31
T332/2,T325/2,14:10:58,3,-1,1,AB6353,0,1,71
T320,T321/2,14:10:58,3,-1,-1,AB6335,0,1,10
T325/2,T339/2,14:11:38,3,-1,1,AB6353,0,1,30
T321/2,T323,14:12:18,3,-1,1,AB6335,0,1,50
C679,C694,14:12:39,3,-1,-1,AB5996,0,1,80
T323,T324/2,14:12:59,3,-1,1,AB6335,0,1,10
T339/2,T313,14:13:09,3,-1,1,AB6353,0,1,60
C694,C669/2,14:13:29,3,-1,-1,AB5996,0,1,40
C669/2,C687,14:14:20,3,-1,1,AB5996,0,1,30
T313,T315,14:14:42,3,-1,1,AB6353,0,1,31
T324/2,T327,14:14:42,3,-1,1,AB6335,0,1,72
T327,T326/1,14:15:32,3,-1,1,AB6335,0,1,30
T326/1,T337,14:16:33,3,-1,1,AB6335,0,1,50
C687,C678,14:16:43,3,-1,1,AB5996,2,1,111
T315,T375,14:17:03,3,-1,1,AB6353,0,1,101
C678,C665,14:17:13,3,-1,1,AB5996,0,1,20
C665,C663,14:17:34,3,-1,1,AB5996,0,1,10
T337,T336/2,14:17:34,3,-1,1,AB6335,0,1,30
T375,T380,14:17:54,3,-1,1,AB6353,0,1,30
C663,C661,14:18:14,3,-1,1,AB5996,0,1,30
T380,T379,14:18:35,3,-1,1,AB6353,0,1,10
C661,C659,14:19:05,3,-1,1,AB5996,0,1,40
T379,T359,14:19:15,3,-1,1,AB6353,0,1,20
T359,T355/1,14:20:26,3,-1,1,AB6353,0,1,60
C659,C656,14:20:26,3,-1,1,AB5996,0,1,50
C656,C654/2,14:21:27,3,-1,1,AB5996,0,1,50
C654/2,C653,14:22:58,3,-1,1,AB5996,0,1,50
C653,C692,14:24:50,3,-1,1,AB5996,0,1,70
C688/1,C691,14:25:51,3,-1,1,AB6353,0,1,30
C692,C689/1,14:26:21,3,-1,1,AB5996,0,1,20
C691,C652,14:27:34,3,-1,1,AB6353,0,1,83
C652,C655,14:28:45,3,-1,1,AB6353,0,1,30
C655,C657,14:30:06,3,-1,1,AB6353,0,1,50
C657,C660,14:30:57,3,-1,1,AB6353,0,1,30
C660,C662,14:31:47,3,-1,1,AB6353,0,1,30
C662,C664,14:32:18,3,-1,1,AB6353,0,1,20
T360,T376/1,14:32:28,3,-1,1,AB5996,0,1,70
C664,C666,14:32:48,3,-1,1,AB6353,0,1,20
C666,C677,14:33:08,3,-1,1,AB6353,0,1,10
C677,C667,14:33:39,3,-1,1,AB6353,0,1,20
C667,C680,14:35:10,3,-1,-1,AB6353,1,1,80
T376/1,T363/1,14:35:32,3,-1,2,AB5996,0,1,173
C680,C669/1,14:35:52,3,-1,1,AB6353,0,1,20
T363/1,T306,14:37:05,3,-1,2,AB5996,0,1,52
C669/1,C693,14:37:26,3,-1,1,AB6353,0,1,83
T306,T314/2,14:38:06,3,-1,-1,AB5996,0,1,50
C693,C681,14:38:46,3,-1,1,AB6353,0,1,70
T336/2,T335,14:39:17,3,-1,1,AB6335,0,1,30
C681,C671,14:39:37,3,-1,-1,AB6353,0,1,40
T335,T338,14:40:08,3,-1,1,AB6335,0,1,10
T318,T319,14:40:38,3,-1,-1,AB5996,0,1,10
C671,C695,14:41:08,3,-1,-1,AB6353,0,1,81
T338,T326/3,14:41:29,3,-1,-1,AB6335,0,1,60
T319,T320,14:42:09,3,-1,-1,AB5996,0,1,80
T326/3,T332/2,14:42:39,3,-1,1,AB6335,0,1,40
T320,T321/2,14:43:20,3,-1,-1,AB5996,0,1,10
C695,C672,14:43:32,3,-1,1,AB6353,1,1,113
T332/2,T325/2,14:44:02,3,-1,1,AB6335,0,1,62
T321/2,T323,14:44:43,3,-1,1,AB5996,0,1,30
T325/2,T339/2,14:45:03,3,-1,1,AB6335,0,1,30
T323,T324/2,14:45:33,3,-1,1,AB5996,0,1,10
C672,C670,14:45:54,3,-1,1,AB6353,0,1,121
T324/2,T327,14:46:44,3,-1,1,AB5996,0,1,60
C670,C679,14:46:54,3,-1,1,AB6353,0,1,30
T339/2,T313,14:47:05,3,-1,3,AB6335,0,1,91
T327,T326/1,14:47:45,3,-1,1,AB5996,0,1,30
C679,C694,14:48:35,3,-1,-1,AB6353,0,1,80
T313,T315,14:49:06,3,-1,2,AB6335,0,1,60
T326/1,T337,14:49:06,3,-1,1,AB5996,0,1,60
C694,C669/2,14:49:16,3,-1,-1,AB6353,0,1,30
C669/2,C687,14:50:17,3,-1,1,AB6353,0,1,20
T337,T336/2,14:50:27,3,-1,1,AB5996,0,1,50
C687,C675,14:51:38,3,-1,1,AB6353,0,1,60
T315,T375,14:52:18,3,-1,1,AB6335,0,1,131
C675,C668,14:52:18,3,-1,1,AB6353,0,1,30
C668,C678,14:52:48,3,-1,1,AB6353,0,1,10
T375,T380,14:53:09,3,-1,1,AB6335,0,1,30
C678,C665,14:53:49,3,-1,1,AB6353,0,1,30
C665,C663,14:54:09,3,-1,1,AB6353,0,1,10
T380,T379,14:54:19,3,-1,1,AB6335,0,1,10
C663,C661,14:55:20,3,-1,1,AB6353,0,1,30
T379,T359,14:55:32,3,-1,1,AB6335,0,1,32
C661,C659,14:55:52,3,-1,1,AB6353,0,1,20
T359,T355/1,14:57:03,3,-1,1,AB6335,0,1,60
C659,C656,14:57:34,3,-1,1,AB6353,0,1,40
C656,C654/2,14:58:54,3,-1,1,AB6353,0,1,50
C654/2,C692,15:01:46,3,-1,1,AB6353,1,1,141
C688/1,C691,15:03:29,3,-1,1,AB6335,0,1,81
C692,C689/1,15:03:29,3,-1,1,AB6353,0,1,30
C691,C652,15:05:40,3,-1,1,AB6335,0,1,90
C652,C655,15:06:34,3,-1,1,AB6335,0,1,43
C689/1,T360,15:07:24,3,-1,1,AB6353,0,1,164
C655,C657,15:07:55,3,-1,1,AB6335,0,1,50
T360,T376/1,15:08:15,3,-1,1,AB6353,0,1,30
C657,C660,15:08:35,3,-1,1,AB6335,0,1,30
C660,C662,15:10:06,3,-1,1,AB6335,0,1,30
C662,C664,15:10:37,3,-1,1,AB6335,0,1,20
T376/1,T363/1,15:10:47,3,-1,2,AB6353,0,1,111
C664,C666,15:10:57,3,-1,1,AB6335,0,1,10
C666,C677,15:11:17,3,-1,1,AB6335,0,1,10
C677,C667,15:11:48,3,-1,2,AB6335,0,1,20
C667,C676,15:12:18,3,-1,-1,AB6335,0,1,20
T363/1,T306,15:12:18,3,-1,3,AB6353,0,1,50
T336/2,T335,15:13:09,3,-1,1,AB5996,0,1,40
T306,T314/2,15:13:29,3,-1,-1,AB6353,0,1,50
C676,C680,15:13:39,3,-1,-1,AB6335,0,1,70
T335,T338,15:13:49,3,-1,1,AB5996,0,1,10
C680,C669/1,15:14:31,3,-1,1,AB6335,0,1,41
T338,T326/3,15:15:44,3,-1,-1,AB5996,0,1,63
T318,T319,15:15:44,3,-1,-1,AB6353,0,1,94
C669/1,C693,15:16:05,3,-1,-1,AB6335,0,1,63
T326/3,T332/2,15:16:25,3,-1,1,AB5996,0,1,30
C693,C681,15:17:46,3,-1,1,AB6335,0,1,81
T319,T320,15:17:46,3,-1,-1,AB6353,0,1,111
C681,C671,15:18:37,3,-1,-1,AB6335,0,1,40
T332/2,T325/2,15:18:47,3,-1,1,AB5996,0,1,101
T320,T321/2,15:18:57,3,-1,-1,AB6353,0,1,10
T325/2,T339/2,15:19:27,3,-1,1,AB5996,0,1,30
C671,C695,15:20:18,3,-1,-1,AB6335,0,1,80
T321/2,T323,15:21:19,3,-1,1,AB6353,0,1,60
T339/2,T313,15:21:39,3,-1,1,AB5996,0,1,91
C695,C673,15:21:49,3,-1,-1,AB6335,0,1,70
T323,T324/2,15:22:19,3,-1,1,AB6353,0,1,10
T313,T315,15:22:29,3,-1,2,AB5996,0,1,20
C673,C672,15:23:00,3,-1,1,AB6335,0,1,40
T324/2,T327,15:24:33,3,-1,1,AB6353,0,1,113
T315,T375,15:25:13,3,-1,1,AB5996,0,1,143
T327,T326/1,15:25:33,3,-1,1,AB6353,0,1,30
C672,C670,15:26:04,3,-1,1,AB6335,0,1,143
T375,T380,15:26:34,3,-1,1,AB5996,0,1,30
T326/1,T337,15:27:05,3,-1,1,AB6353,0,1,81
C670,C679,15:27:15,3,-1,1,AB6335,0,1,30
T380,T379,15:27:35,3,-1,1,AB5996,0,1,10
T337,T336/2,15:27:45,3,-1,1,AB6353,0,1,30
T379,T359,15:28:15,3,-1,1,AB5996,0,1,20
C679,C694,15:28:46,3,-1,-1,AB6335,0,1,80
T359,T355/1,15:29:47,3,-1,1,AB5996,0,1,70
C694,C669/2,15:30:07,3,-1,-1,AB6335,0,1,40
C669/2,C687,15:30:57,3,-1,2,AB6335,0,1,30
C687,C675,15:32:38,3,-1,2,AB6335,0,1,60
C675,C668,15:33:42,3,-1,1,AB6335,0,1,22
C668,C678,15:34:03,3,-1,1,AB6335,0,1,10
C678,C663,15:35:15,3,-1,1,AB6335,1,1,40
C688/1,C691,15:36:36,3,-1,1,AB5996,0,1,40
C663,C659,15:36:36,3,-1,1,AB6335,1,1,70
C659,C656,15:38:07,3,-1,1,AB6335,0,1,50
C691,C652,15:38:37,3,-1,1,AB5996,0,1,80
C656,C654/2,15:39:28,3,-1,1,AB6335,0,1,50
C652,C655,15:39:38,3,-1,1,AB5996,0,1,30
C655,C657,15:40:59,3,-1,1,AB5996,0,1,50
C654/2,C653,15:40:59,3,-1,1,AB6335,0,1,40
C657,C660,15:41:59,3,-1,1,AB5996,0,1,50
C660,C662,15:42:54,3,-1,1,AB5996,0,1,20
C653,C692,15:43:14,3,-1,1,AB6335,0,1,95
C662,C664,15:43:36,3,-1,1,AB5996,0,1,31
C664,C666,15:44:06,3,-1,1,AB5996,0,1,20
C692,C689/1,15:44:16,3,-1,1,AB6335,0,1,10
C666,C677,15:44:26,3,-1,1,AB5996,0,1,10
C677,C667,15:45:07,3,-1,1,AB5996,0,1,30
C667,C676,15:45:27,3,-1,-1,AB5996,0,1,10
C676,C680,15:46:38,3,-1,-1,AB5996,0,1,60
C680,C669/1,15:47:28,3,-1,1,AB5996,0,1,20
T336/2,T335,15:47:59,3,-1,1,AB6353,0,1,30
T335,T338,15:48:49,3,-1,1,AB6353,0,1,10
T360,T376/1,15:50:02,3,-1,1,AB6335,0,1,42
T338,T326/3,15:50:22,3,-1,-1,AB6353,0,1,72
C669/1,C681,15:50:22,3,-1,1,AB5996,1,1,143
T326/3,T332/2,15:51:23,3,-1,1,AB6353,0,1,40
C681,C671,15:51:23,3,-1,-1,AB5996,0,1,50
T376/1,T363/1,15:52:14,3,-1,1,AB6335,0,1,121
C671,C695,15:53:25,3,-1,-1,AB5996,0,1,91
T332/2,T325/2,15:53:55,3,-1,1,AB6353,0,1,121
T363/1,T306,15:54:05,3,-1,1,AB6335,0,1,60
T325/2,T339/2,15:55:16,3,-1,1,AB6353,0,1,30
T306,T314/2,15:55:26,3,-1,-1,AB6335,0,1,70
C695,C672,15:55:57,3,-1,1,AB5996,1,1,141
T318,T319,15:57:07,3,-1,-1,AB6335,0,1,10
C672,C670,15:58:38,3,-1,1,AB5996,0,1,131
T339/2,T313,15:58:49,3,-1,1,AB6353,0,1,172
T313,T315,15:59:39,3,-1,1,AB6353,0,1,20
C670,C679,15:59:50,3,-1,1,AB5996,0,1,40
T320,T321/2,16:00:20,3,-1,-1,AB6335,0,1,20
C679,C694,16:01:14,3,-1,-1,AB5996,0,1,73
T315,T375,16:01:44,3,-1,1,AB6353,0,1,83
T321/2,T323,16:01:44,3,-1,1,AB6335,0,1,30
C694,C669/2,16:02:14,3,-1,-1,AB5996,0,1,40
T375,T380,16:02:24,3,-1,1,AB6353,0,1,20
T323,T324/2,16:02:24,3,-1,1,AB6335,0,1,10
C669/2,C687,16:03:05,3,-1,1,AB5996,0,1,20
T380,T379,16:03:15,3,-1,1,AB6353,0,1,20
T324/2,T327,16:04:16,3,-1,1,AB6335,0,1,70
T327,T326/1,16:04:56,3,-1,1,AB6335,0,1,20
C687,C668,16:05:16,3,-1,1,AB5996,1,1,80
T379,T355/1,16:05:47,3,-1,1,AB6353,1,1,121
C668,C678,16:05:47,3,-1,1,AB5996,0,1,20
T326/1,T337,16:06:17,3,-1,1,AB6335,0,1,70
C678,C665,16:06:27,3,-1,1,AB5996,0,1,20
C665,C663,16:06:58,3,-1,1,AB5996,0,1,20
T337,T336/2,16:07:18,3,-1,1,AB6335,0,1,30
C663,C661,16:07:58,3,-1,1,AB5996,0,1,30
C661,C659,16:08:50,3,-1,1,AB5996,0,1,41
C659,C656,16:10:03,3,-1,1,AB5996,0,1,42
C656,C654/2,16:11:03,3,-1,1,AB5996,0,1,50
C688/1,C691,16:12:14,3,-1,1,AB6353,0,1,40
C654/2,C653,16:13:05,3,-1,1,AB5996,0,1,70
C691,C652,16:14:06,3,-1,1,AB6353,0,1,60
C652,C655,16:15:37,3,-1,1,AB6353,0,1,40
C653,C692,16:15:37,3,-1,1,AB5996,0,1,121
C655,C657,16:16:48,3,-1,1,AB6353,0,1,50
C692,C689/1,16:17:38,3,-1,1,AB5996,0,1,70
C657,C660,16:17:58,3,-1,1,AB6353,0,1,40
C660,C662,16:18:49,3,-1,1,AB6353,0,1,20
C662,C664,16:19:29,3,-1,1,AB6353,0,1,30
C664,C666,16:20:10,3,-1,1,AB6353,0,1,20
C666,C677,16:20:32,3,-1,1,AB6353,0,1,12
C689/1,T360,16:20:32,3,-1,1,AB5996,0,1,143
C677,C676,16:21:33,3,-1,-1,AB6353,1,1,50
T360,T376/1,16:21:43,3,-1,1,AB5996,0,1,30
C676,C680,16:22:54,3,-1,-1,AB6353,0,1,50
T336/2,T335,16:23:04,3,-1,1,AB6335,0,1,30
T335,T338,16:23:54,3,-1,1,AB6335,0,1,10
C680,C669/1,16:23:54,3,-1,1,AB6353,0,1,30
T376/1,T363/1,16:23:54,3,-1,1,AB5996,0,1,121
T338,T326/3,16:25:15,3,-1,-1,AB6335,0,1,50
C669/1,C693,16:25:15,3,-1,1,AB6353,0,1,70
T326/3,T332/2,16:26:07,3,-1,1,AB6335,0,1,41
C693,C681,16:26:27,3,-1,1,AB6353,0,1,61
T363/1,T306,16:26:37,3,-1,1,AB5996,0,1,111
C681,C671,16:27:28,3,-1,-1,AB6353,0,1,50
T332/2,T325/2,16:28:38,3,-1,1,AB6335,0,1,111
T306,T314/2,16:29:09,3,-1,-1,AB5996,0,1,131
C671,C695,16:29:19,3,-1,-1,AB6353,0,1,81
T325/2,T339/2,16:29:39,3,-1,1,AB6335,0,1,30
T339/2,T313,16:31:22,3,-1,1,AB6335,0,1,71
C695,C673,16:31:22,3,-1,-1,AB6353,0,1,92
T314/2,T318,16:31:22,3,-1,-1,AB5996,0,1,10
C673,C672,16:31:52,3,-1,1,AB6353,0,1,20
T318,T319,16:31:52,3,-1,-1,AB5996,0,1,10
T319,T320,16:32:53,3,-1,-1,AB5996,0,1,50
T313,T375,16:33:43,3,-1,1,AB6335,1,1,101
T320,T321/2,16:34:14,3,-1,-1,AB5996,0,1,20
C672,C670,16:34:54,3,-1,1,AB6353,0,1,141
T375,T380,16:35:45,3,-1,1,AB6335,0,1,50
C670,C679,16:36:05,3,-1,1,AB6353,0,1,30
T380,T379,16:36:15,3,-1,1,AB6335,0,1,10
T321/2,T323,16:36:25,3,-1,1,AB5996,0,1,30
T323,T324/2,16:36:56,3,-1,1,AB5996,0,1,10
T379,T355/1,16:37:46,3,-1,1,AB6335,1,1,80
C679,C694,16:38:06,3,-1,-1,AB6353,0,1,80
T324/2,T327,16:38:27,3,-1,1,AB5996,0,1,60
C694,C669/2,16:38:47,3,-1,-1,AB6353,0,1,30
T327,T326/1,16:39:48,3,-1,1,AB5996,0,1,30
C669/2,C687,16:40:18,3,-1,1,AB6353,0,1,30
T326/1,T337,16:41:19,3,-1,1,AB5996,0,1,81
T337,T336/2,16:42:09,3,-1,1,AB5996,0,1,30
C687,C678,16:42:50,3,-1,1,AB6353,2,1,121
C688/1,C691,16:43:10,3,-1,1,AB6335,0,1,50
C678,C665,16:43:20,3,-1,1,AB6353,0,1,20
C665,C663,16:43:53,3,-1,1,AB6353,0,1,20
C663,C661,16:45:04,3,-1,1,AB6353,0,1,40
C661,C659,16:45:34,3,-1,1,AB6353,0,1,20
C691,C652,16:45:44,3,-1,1,AB6335,0,1,111
C659,C656,16:46:55,3,-1,1,AB6353,0,1,40
C652,C655,16:47:05,3,-1,1,AB6335,0,1,30
C656,C654/2,16:47:56,3,-1,1,AB6353,0,1,50
C655,C657,16:48:16,3,-1,1,AB6335,0,1,40
C657,C660,16:49:27,3,-1,1,AB6335,0,1,40
C654/2,C653,16:49:37,3,-1,1,AB6353,0,1,71
C660,C662,16:50:07,3,-1,1,AB6335,0,1,20
C662,C664,16:50:58,3,-1,1,AB6335,0,1,30
C664,C666,16:51:18,3,-1,1,AB6335,0,1,10
C666,C677,16:51:38,3,-1,1,AB6335,0,1,10
C653,C692,16:51:38,3,-1,1,AB6353,0,1,80
C677,C676,16:52:49,3,-1,-1,AB6335,1,1,50
C692,C689/1,16:53:20,3,-1,1,AB6353,0,1,50
C676,C680,16:53:54,3,-1,-1,AB6335,0,1,54
C680,C669/1,16:54:34,3,-1,1,AB6335,0,1,20
C689/1,T360,16:56:35,3,-1,1,AB6353,0,1,141
C669/1,C681,16:57:06,3,-1,1,AB6335,1,1,131
T336/2,T335,16:57:56,3,-1,1,AB5996,0,1,30
C681,C671,16:58:06,3,-1,-1,AB6335,0,1,40
T335,T338,16:58:47,3,-1,1,AB5996,0,1,10
T360,T376/1,16:58:47,3,-1,1,AB6353,0,1,101
T338,T326/3,17:00:08,3,-1,-1,AB5996,0,1,60
T376/1,T363/1,17:00:58,3,-1,1,AB6353,0,1,121
T326/3,T332/2,17:01:18,3,-1,1,AB5996,0,1,50
C671,C673,17:01:18,3,-1,-1,AB6335,1,1,181
C673,C672,17:01:49,3,-1,1,AB6335,0,1,20
T363/1,T306,17:02:49,3,-1,1,AB6353,0,1,60
T332/2,T325/2,17:03:52,3,-1,1,AB5996,0,1,133
T306,T318,17:03:52,3,-1,-1,AB6353,1,1,42
C672,C670,17:04:43,3,-1,1,AB6335,0,1,133
T325/2,T339/2,17:05:03,3,-1,2,AB5996,0,1,30
C670,C679,17:05:23,3,-1,1,AB6335,0,1,30
T318,T319,17:05:23,3,-1,-1,AB6353,0,1,50
T319,T320,17:06:24,3,-1,-1,AB6353,0,1,30
C679,C694,17:06:54,3,-1,-1,AB6335,0,1,81
T339/2,T313,17:07:14,3,-1,1,AB5996,0,1,91
T320,T321/2,17:07:45,3,-1,-1,AB6353,0,1,30
T313,T315,17:08:05,3,-1,1,AB5996,0,1,20
C694,C669/2,17:08:25,3,-1,-1,AB6335,0,1,60
T321/2,T323,17:09:06,3,-1,1,AB6353,0,1,50
C669/2,C687,17:09:16,3,-1,1,AB6335,0,1,30
T315,T375,17:09:26,3,-1,1,AB5996,0,1,70
T323,T324/2,17:09:56,3,-1,1,AB6353,0,1,10
T375,T380,17:10:06,3,-1,1,AB5996,0,1,20
C687,C675,17:10:16,3,-1,1,AB6335,0,1,50
C675,C668,17:10:47,3,-1,1,AB6335,0,1,20
T380,T379,17:10:57,3,-1,1,AB5996,0,1,10
C668,C678,17:11:17,3,-1,1,AB6335,0,1,20
T324/2,T327,17:11:27,3,-1,1,AB6353,0,1,60
C678,C665,17:11:48,3,-1,1,AB6335,0,1,20
C665,C663,17:12:08,3,-1,1,AB6335,0,1,10
T327,T326/1,17:12:18,3,-1,1,AB6353,0,1,20
T379,T359,17:12:28,3,-1,1,AB5996,0,1,50
C663,C661,17:12:48,3,-1,1,AB6335,0,1,20
C661,C659,17:13:19,3,-1,1,AB6335,0,1,20
T326/1,T337,17:13:29,3,-1,1,AB6353,0,1,60
T359,T355/1,17:13:39,3,-1,1,AB5996,0,1,60
T337,T336/2,17:14:19,3,-1,1,AB6353,0,1,40
C659,C656,17:14:39,3,-1,1,AB6335,0,1,40
C656,C654/2,17:15:41,3,-1,1,AB6335,0,1,51
C654/2,C653,17:17:32,3,-1,1,AB6335,0,1,90
C688/1,C691,17:18:53,3,-1,1,AB5996,0,1,30
C653,C692,17:19:24,3,-1,1,AB6335,0,1,60
C691,C652,17:20:26,3,-1,1,AB5996,0,1,61
C692,C689/1,17:20:56,3,-1,1,AB6335,0,1,51
C652,C655,17:21:26,3,-1,1,AB5996,0,1,40
C655,C657,17:22:37,3,-1,1,AB5996,0,1,50
C657,C660,17:23:38,3,-1,1,AB5996,0,1,50
C689/1,T360,17:23:48,3,-1,1,AB6335,0,1,111
T360,T376/1,17:24:28,3,-1,1,AB6335,0,1,30
C660,C662,17:24:39,3,-1,1,AB5996,0,1,30
T376/1,T363/1,17:26:53,3,-1,1,AB6335,0,1,134
T363/1,T306,17:28:44,3,-1,1,AB6335,0,1,70
T306,T314/2,17:29:44,3,-1,-1,AB6335,0,1,40
C669/1,C693,17:30:35,3,-1,1,AB5996,0,1,60
T336/2,T335,17:30:55,3,-1,1,AB6353,0,1,30
T335,T338,17:31:56,3,-1,1,AB6353,0,1,40
T318,T319,17:32:06,3,-1,-1,AB6335,0,1,70
C693,C681,17:32:16,3,-1,1,AB5996,0,1,70
T319,T320,17:32:47,3,-1,-1,AB6335,0,1,30
C681,C671,17:33:17,3,-1,-1,AB5996,0,1,50
T338,T326/3,17:33:37,3,-1,-1,AB6353,0,1,70
T320,T321/2,17:33:47,3,-1,-1,AB6335,0,1,10
T326/3,T332/2,17:34:38,3,-1,1,AB6353,0,1,30
T321/2,T323,17:34:58,3,-1,1,AB6335,0,1,20
C671,C695,17:35:08,3,-1,-1,AB5996,0,1,91
T323,T324/2,17:35:59,3,-1,1,AB6335,0,1,10
T332/2,T325/2,17:36:29,3,-1,1,AB6353,0,1,80
T325/2,T339/2,17:37:34,3,-1,1,AB6353,0,1,34
T324/2,T327,17:37:34,3,-1,1,AB6335,0,1,55
C695,C672,17:38:15,3,-1,1,AB5996,1,1,126
T327,T326/1,17:38:15,3,-1,1,AB6335,0,1,20
T326/1,T337,17:39:46,3,-1,1,AB6335,0,1,80
T339/2,T313,17:39:56,3,-1,1,AB6353,0,1,70
T313,T315,17:40:36,3,-1,1,AB6353,0,1,10
T337,T336/2,17:40:36,3,-1,1,AB6335,0,1,30
C672,C670,17:41:17,3,-1,1,AB5996,0,1,131
T315,T375,17:42:27,3,-1,1,AB6353,0,1,80
C670,C679,17:42:27,3,-1,1,AB5996,0,1,40
T375,T380,17:43:48,3,-1,1,AB6353,0,1,60
C679,C694,17:43:59,3,-1,-1,AB5996,0,1,80
T380,T379,17:44:29,3,-1,1,AB6353,0,1,20
C694,C669/2,17:44:49,3,-1,-1,AB5996,0,1,30
T379,T359,17:45:29,3,-1,1,AB6353,0,1,30
C669/2,C687,17:45:50,3,-1,1,AB5996,0,1,30
T359,T355/1,17:46:53,3,-1,1,AB6353,0,1,73
C687,C675,17:47:13,3,-1,1,AB5996,0,1,52
C675,C668,17:47:54,3,-1,1,AB5996,0,1,20
C668,C678,17:48:15,3,-1,1,AB5996,0,1,10
C678,C665,17:48:55,3,-1,1,AB5996,0,1,20
C665,C663,17:49:25,3,-1,1,AB5996,0,1,20
C663,C661,17:50:06,3,-1,1,AB5996,0,1,30
C661,C659,17:51:07,3,-1,1,AB5996,0,1,30
C659,C656,17:52:27,3,-1,1,AB5996,0,1,50
C688/1,C691,17:52:48,3,-1,1,AB6353,0,1,30
C656,C654/2,17:53:28,3,-1,1,AB5996,0,1,50
C654/2,C653,17:54:49,3,-1,1,AB5996,0,1,50
C691,C652,17:55:09,3,-1,1,AB6353,0,1,111
C652,C655,17:56:20,3,-1,1,AB6353,0,1,40
C655,C657,17:57:21,3,-1,1,AB6353,0,1,50
C653,C692,17:57:21,3,-1,1,AB5996,0,1,90
C657,C660,17:58:14,3,-1,1,AB6353,0,1,40
C692,C689/1,17:58:55,3,-1,1,AB5996,0,1,50
C660,C662,17:59:25,3,-1,1,AB6353,0,1,30
C662,C664,18:00:06,3,-1,1,AB6353,0,1,30
C664,C666,18:00:26,3,-1,1,AB6353,0,1,10
C666,C677,18:00:56,3,-1,1,AB6353,0,1,20
C677,C667,18:01:27,3,-1,1,AB6353,0,1,20
C667,C676,18:02:07,3,-1,-1,AB6353,0,1,10
C689/1,T360,18:02:49,3,-1,1,AB5996,0,1,183
C676,C680,18:03:19,3,-1,-1,AB6353,0,1,61
T360,T376/1,18:03:49,3,-1,1,AB5996,0,1,20
C680,C669/1,18:04:10,3,-1,1,AB6353,0,1,20
T376/1,T363/1,18:05:20,3,-1,1,AB5996,0,1,80
C669/1,C693,18:05:45,3,-1,1,AB6353,0,1,54
T336/2,T335,18:05:55,3,-1,1,AB6335,0,1,34
T335,T338,18:06:55,3,-1,1,AB6335,0,1,10
C693,C681,18:07:26,3,-1,1,AB6353,0,1,80
T363/1,T306,18:07:56,3,-1,1,AB5996,0,1,91
C681,C671,18:08:37,3,-1,-1,AB6353,0,1,50
T338,T326/3,18:09:07,3,-1,-1,AB6335,0,1,80
T306,T314/2,18:09:07,3,-1,-1,AB5996,0,1,40
T326/3,T332/2,18:10:18,3,-1,1,AB6335,0,1,40
C671,C695,18:10:18,3,-1,-1,AB6353,0,1,80
T318,T319,18:10:38,3,-1,-1,AB5996,0,1,40
C695,C673,18:12:04,3,-1,-1,AB6353,0,1,86
T319,T320,18:12:04,3,-1,-1,AB5996,0,1,44
T332/2,T325/2,18:12:14,3,-1,1,AB6335,0,1,65
C673,C672,18:12:45,3,-1,1,AB6353,0,1,30
T325/2,T339/2,18:12:55,3,-1,1,AB6335,0,1,20
T320,T321/2,18:12:55,3,-1,-1,AB5996,0,1,20
T321/2,T323,18:14:36,3,-1,1,AB5996,0,1,40
T339/2,T313,18:15:16,3,-1,1,AB6335,0,1,111
T323,T324/2,18:15:27,3,-1,1,AB5996,0,1,10
C672,C670,18:15:47,3,-1,-1,AB6353,0,1,141
C670,C679,18:16:27,3,-1,-1,AB6353,0,1,30
T313,T315,18:16:37,3,-1,1,AB6335,0,1,10
T324/2,T327,18:17:48,3,-1,1,AB5996,0,1,80
T315,T375,18:17:58,3,-1,1,AB6335,0,1,60
C679,C694,18:18:29,3,-1,-1,AB6353,0,1,80
T327,T326/1,18:18:59,3,-1,1,AB5996,0,1,30
C694,C669/2,18:19:19,3,-1,-1,AB6353,0,1,30
T375,T380,18:20:00,3,-1,1,AB6335,0,1,30
C669/2,C687,18:20:20,3,-1,1,AB6353,0,1,30
T380,T379,18:20:42,3,-1,1,AB6335,0,1,10
T326/1,T337,18:20:42,3,-1,1,AB5996,0,1,72
T379,T359,18:21:34,3,-1,1,AB6335,0,1,12
T337,T336/2,18:21:45,3,-1,1,AB5996,0,1,42
C687,C675,18:21:55,3,-1,1,AB6353,0,1,62
C675,C668,18:22:35,3,-1,1,AB6353,0,1,30
T359,T355/1,18:22:45,3,-1,1,AB6335,0,1,60
C668,C678,18:22:55,3,-1,1,AB6353,0,1,10
C678,C665,18:23:38,3,-1,1,AB6353,0,1,22
C665,C663,18:23:58,3,-1,1,AB6353,0,1,10
C663,C661,18:25:09,3,-1,1,AB6353,0,1,40
C661,C659,18:25:39,3,-1,1,AB6353,0,1,20
C659,C656,18:27:03,3,-1,1,AB6353,0,1,43
C656,C654/2,18:28:04,3,-1,1,AB6353,0,1,50
C688/1,C691,18:28:24,3,-1,1,AB6335,0,1,30
C654/2,C653,18:29:35,3,-1,1,AB6353,0,1,60
C691,C652,18:29:55,3,-1,1,AB6335,0,1,50
C652,C655,18:30:56,3,-1,1,AB6335,0,1,30
C653,C692,18:31:37,3,-1,1,AB6353,0,1,101
C655,C657,18:32:07,3,-1,2,AB6335,0,1,40
C692,C689/1,18:32:57,3,-1,1,AB6353,0,1,50
C657,C660,18:33:08,3,-1,-1,AB6335,0,1,30
C660,C677,18:35:19,3,-1,1,AB6335,3,1,101
C677,C667,18:35:39,3,-1,-1,AB6335,0,1,10
C667,C676,18:36:10,3,-1,-1,AB6335,0,1,20
C689/1,T360,18:36:10,3,-1,1,AB6353,0,1,141
C676,C680,18:37:00,3,-1,-1,AB6335,0,1,40
C680,C669/1,18:37:36,3,-1,1,AB6335,0,1,25
T360,T376/1,18:37:46,3,-1,1,AB6353,0,1,45
C669/1,C693,18:38:47,3,-1,1,AB6335,0,1,60
C693,C681,18:39:58,3,-1,1,AB6335,0,1,61
C681,C671,18:40:49,3,-1,-1,AB6335,0,1,40
T376/1,T363/1,18:41:09,3,-1,2,AB6353,0,1,193
C671,C695,18:42:32,3,-1,-1,AB6335,0,1,72
T336/2,T335,18:42:52,3,-1,1,AB5996,0,1,31
T335,T338,18:43:12,3,-1,1,AB5996,0,1,10
C695,C673,18:43:53,3,-1,-1,AB6335,0,1,70
C673,C672,18:44:54,3,-1,1,AB6335,0,1,30
T338,T326/3,18:45:04,3,-1,-1,AB5996,0,1,81
T363/1,T306,18:45:04,3,-1,2,AB6353,0,1,142
T326/3,T332/2,18:46:15,3,-1,1,AB5996,0,1,40
T306,T314/2,18:46:46,3,-1,-1,AB6353,0,1,70
C672,C670,18:47:46,3,-1,1,AB6335,0,1,121
T332/2,T325/2,18:48:57,3,-1,1,AB5996,0,1,121
C670,C679,18:49:48,3,-1,1,AB6335,0,1,50
T318,T319,18:49:48,3,-1,-1,AB6353,0,1,60
T325/2,T339/2,18:49:58,3,-1,2,AB5996,0,1,30
T319,T320,18:50:48,3,-1,-1,AB6353,0,1,50
C679,C694,18:51:29,3,-1,-1,AB6335,0,1,70
T320,T321/2,18:51:49,3,-1,-1,AB6353,0,1,20
C694,C669/2,18:52:09,3,-1,-1,AB6335,0,1,30
T339/2,T313,18:52:40,3,-1,1,AB5996,0,1,131
C669/2,C687,18:53:00,3,-1,1,AB6335,0,1,20
T313,T315,18:53:32,3,-1,2,AB5996,0,1,22
T321/2,T323,18:53:32,3,-1,1,AB6353,0,1,52
T323,T324/2,18:54:33,3,-1,1,AB6353,0,1,10
C687,C668,18:54:43,3,-1,1,AB6335,1,1,83
T315,T375,18:55:03,3,-1,1,AB5996,0,1,80
C668,C678,18:55:03,3,-1,-1,AB6335,0,1,10
C678,C663,18:56:04,3,-1,-1,AB6335,1,1,50
T375,T380,18:56:14,3,-1,1,AB5996,0,1,20
T324/2,T327,18:56:45,3,-1,1,AB6353,0,1,80
T380,T379,18:56:55,3,-1,1,AB5996,0,1,10
C663,C659,18:57:15,3,-1,1,AB6335,1,1,60
T327,T326/1,18:57:45,3,-1,1,AB6353,0,1,30
T379,T359,18:58:36,3,-1,1,AB5996,0,1,60
C659,C656,18:58:36,3,-1,1,AB6335,0,1,50
T326/1,T337,18:59:06,3,-1,1,AB6353,0,1,70
T359,T355/1,18:59:47,3,-1,1,AB5996,0,1,61
C656,C654/2,18:59:47,3,-1,1,AB6335,0,1,51
T337,T336/2,19:00:18,3,-1,1,AB6353,0,1,30
C654/2,C653,19:01:28,3,-1,1,AB6335,0,1,60
C653,C692,19:02:39,3,-1,1,AB6335,0,1,50
C692,C689/1,19:03:50,3,-1,1,AB6335,0,1,40
C688/1,C691,19:06:23,3,-1,1,AB5996,0,1,72
C689/1,T360,19:06:33,3,-1,1,AB6335,0,1,122
C691,C652,19:08:45,3,-1,1,AB5996,0,1,111
T360,T363/1,19:09:26,3,-1,1,AB6335,1,1,141
C652,C655,19:09:46,3,-1,1,AB5996,0,1,30
C655,C657,19:10:47,3,-1,1,AB5996,0,1,40
C657,C660,19:11:47,3,-1,2,AB5996,0,1,40
C660,C662,19:12:28,3,-1,1,AB5996,0,1,20
T363/1,T306,19:12:48,3,-1,1,AB6335,0,1,141
C662,C664,19:13:08,3,-1,1,AB5996,0,1,30
C664,C666,19:13:28,3,-1,1,AB5996,0,1,10
C666,C677,19:13:59,3,-1,1,AB5996,0,1,20
C677,C667,19:14:29,3,-1,2,AB5996,0,1,20
T306,T314/2,19:14:29,3,-1,-1,AB6335,0,1,80
C667,C676,19:14:59,3,-1,-1,AB5996,0,1,20
T336/2,T335,19:15:34,3,-1,1,AB6353,0,1,34
C676,C680,19:16:05,3,-1,-1,AB5996,0,1,54
T314/2,T318,19:16:05,3,-1,-1,AB6335,0,1,10
T335,T338,19:16:25,3,-1,1,AB6353,0,1,30
C680,C669/1,19:16:35,3,-1,1,AB5996,0,1,20
T318,T319,19:16:45,3,-1,-1,AB6335,0,1,10
T338,T326/3,19:17:56,3,-1,-1,AB6353,0,1,60
C669/1,C693,19:17:56,3,-1,1,AB5996,0,1,60
T326/3,T332/2,19:18:56,3,-1,2,AB6353,0,1,30
T319,T320,19:18:56,3,-1,-1,AB6335,0,1,91
C693,C681,19:19:17,3,-1,-1,AB5996,0,1,70
T320,T321/2,19:20:07,3,-1,-1,AB6335,0,1,20
C681,C671,19:20:17,3,-1,-1,AB5996,0,1,50
T332/2,T325/2,19:21:18,3,-1,1,AB6353,0,1,111
T325/2,T339/2,19:21:59,3,-1,2,AB6353,0,1,30
C671,C695,19:22:09,3,-1,-1,AB5996,0,1,91
T321/2,T324/2,19:22:29,3,-1,1,AB6335,1,1,91
C695,C673,19:23:40,3,-1,-1,AB5996,0,1,80
T339/2,T313,19:23:50,3,-1,1,AB6353,0,1,90
T324/2,T327,19:24:00,3,-1,1,AB6335,0,1,80
C673,C672,19:24:20,3,-1,2,AB5996,0,1,30
T327,T326/1,19:24:32,3,-1,1,AB6335,0,1,22
T313,T315,19:24:43,3,-1,1,AB6353,0,1,22
T326/1,T337,19:25:33,3,-1,1,AB6335,0,1,50
T315,T375,19:26:04,3,-1,1,AB6353,0,1,71
T337,T336/2,19:26:24,3,-1,1,AB6335,0,1,30
C672,C670,19:27:25,3,-1,1,AB5996,0,1,141
T375,T380,19:27:55,3,-1,1,AB6353,0,1,70
T380,T379,19:28:25,3,-1,1,AB6353,0,1,10
T379,T359,19:29:06,3,-1,1,AB6353,0,1,20
C670,C679,19:29:26,3,-1,1,AB5996,0,1,40
T359,T355/1,19:30:34,3,-1,1,AB6353,0,1,78
C679,C694,19:31:04,3,-1,-1,AB5996,0,1,84
C694,C669/2,19:32:05,3,-1,-1,AB5996,0,1,40
C669/2,C687,19:33:26,3,-1,1,AB5996,0,1,30
C687,C675,19:34:37,3,-1,1,AB5996,0,1,60
C675,C668,19:35:07,3,-1,1,AB5996,0,1,20
C668,C678,19:35:27,3,-1,1,AB5996,0,1,10
C678,C665,19:35:58,3,-1,1,AB5996,0,1,20
C665,C663,19:36:28,3,-1,2,AB5996,0,1,10
C663,C661,19:37:08,3,-1,2,AB5996,0,1,30
C688/1,C691,19:37:18,3,-1,1,AB6353,0,1,80
C661,C659,19:37:39,3,-1,1,AB5996,0,1,20
C659,C656,19:38:39,3,-1,1,AB5996,0,1,40
C691,C652,19:38:49,3,-1,1,AB6353,0,1,60
C656,C654/2,19:39:44,3,-1,1,AB5996,0,1,54
C652,C655,19:40:14,3,-1,1,AB6353,0,1,74
C654/2,C653,19:41:05,3,-1,1,AB5996,0,1,50
C655,C657,19:41:25,3,-1,1,AB6353,0,1,60
C657,C660,19:42:26,3,-1,1,AB6353,0,1,50
C660,C662,19:42:57,3,-1,1,AB6353,0,1,20
C653,C692,19:43:07,3,-1,1,AB5996,0,1,101
C662,C664,19:43:37,3,-1,1,AB6353,0,1,30
C692,C689/1,19:43:37,3,-1,1,AB5996,0,1,10
C664,C666,19:43:57,3,-1,1,AB6353,0,1,10
C666,C677,19:44:28,3,-1,1,AB6353,0,1,20
C677,C667,19:44:58,3,-1,-1,AB6353,0,1,20
C667,C676,19:45:49,3,-1,-1,AB6353,0,1,20
C689/1,T360,19:46:29,3,-1,1,AB5996,0,1,131
C676,C680,19:46:59,3,-1,-1,AB6353,0,1,60
C680,C669/1,19:47:34,3,-1,1,AB6353,0,1,24
T360,T376/1,19:47:54,3,-1,1,AB5996,0,1,65
C669/1,C693,19:49:15,3,-1,1,AB6353,0,1,70
T376/1,T363/1,19:49:15,3,-1,1,AB5996,0,1,50
C693,C681,19:50:47,3,-1,3,AB6353,0,1,81
T363/1,T314/2,19:51:47,3,-1,-1,AB5996,1,1,131
C681,C671,19:51:57,3,-1,-1,AB6353,0,1,50
T314/2,T318,19:53:49,3,-1,-1,AB5996,0,1,10
C671,C695,19:54:29,3,-1,-1,AB6353,0,1,141
T318,T319,19:54:29,3,-1,-1,AB5996,0,1,10
T319,T320,19:56:10,3,-1,-1,AB5996,0,1,80
T320,T321/2,19:56:52,3,-1,-1,AB5996,0,1,10
C695,C673,19:57:22,3,-1,-1,AB6353,0,1,162
T321/2,T323,19:58:14,3,-1,1,AB5996,0,1,30
T323,T324/2,19:59:15,3,-1,1,AB5996,0,1,10
C673,C672,19:59:45,3,-1,1,AB6353,0,1,121
T324/2,T327,20:00:26,3,-1,1,AB5996,0,1,60
T327,T326/1,20:01:06,3,-1,1,AB5996,0,1,30
T326/1,T337,20:02:17,3,-1,1,AB5996,0,1,60
C672,C670,20:02:37,3,-1,1,AB6353,0,1,141
C670,C679,20:03:07,3,-1,1,AB6353,0,1,20
T337,T336/2,20:03:07,3,-1,1,AB5996,0,1,30
C679,C694,20:04:49,3,-1,-1,AB6353,0,1,81
C694,C669/2,20:05:49,3,-1,-1,AB6353,0,1,40
C669/2,C675,20:07:43,3,-1,1,AB6353,1,1,93
C675,C668,20:08:13,3,-1,1,AB6353,0,1,10
C668,C678,20:08:54,3,-1,1,AB6353,0,1,20
C678,C665,20:09:44,3,-1,1,AB6353,0,1,20
C665,C663,20:10:16,3,-1,1,AB6353,0,1,21
C663,C661,20:10:56,3,-1,1,AB6353,0,1,30
C661,C659,20:11:27,3,-1,1,AB6353,0,1,20
C659,C656,20:12:48,3,-1,1,AB6353,0,1,40
C656,C654/2,20:13:48,3,-1,1,AB6353,0,1,50
C654/2,C653,20:14:59,3,-1,1,AB6353,0,1,40
C653,C692,20:16:44,3,-1,1,AB6353,0,1,70
C692,C689/1,20:18:25,3,-1,1,AB6353,0,1,60
C689/1,T360,20:21:07,3,-1,1,AB6353,0,1,131
T360,T376/1,20:23:28,3,-1,1,AB6353,0,1,101
T376/1,T363/1,20:24:49,3,-1,1,AB6353,0,1,70
T363/1,T306,20:27:34,3,-1,1,AB6353,0,1,121
T306,T314/2,20:28:45,3,-1,-1,AB6353,0,1,40
T318,T319,20:30:57,3,-1,-1,AB6353,0,1,10
T319,T320,20:31:47,3,-1,-1,AB6353,0,1,40
T320,T321/2,20:32:58,3,-1,-1,AB6353,0,1,10
T321/2,T323,20:33:58,3,-1,1,AB6353,0,1,20
T323,T324/2,20:34:39,3,-1,1,AB6353,0,1,10
T324/2,T327,20:36:20,3,-1,1,AB6353,0,1,70
T327,T326/1,20:37:14,3,-1,1,AB6353,0,1,20
T326/1,T337,20:38:25,3,-1,1,AB6353,0,1,61
T337,T336/2,20:39:26,3,-1,1,AB6353,0,1,40
T336/2,T335,5:30:56,4,-1,1,AB6353,0,2,30
T335,T338,5:31:16,4,-1,1,AB6353,0,2,10
T338,T326/3,5:32:17,4,-1,-1,AB6353,0,2,50
T326/3,T332/2,5:32:57,4,-1,1,AB6353,0,2,20
T332/2,T325/2,5:34:18,4,-1,1,AB6353,0,2,40
T325/2,T339/2,5:35:08,4,-1,1,AB6353,0,2,20
T339/2,T375,5:38:53,4,-1,1,AB6353,2,2,194
T375,T380,5:40:34,4,-1,1,AB6353,0,2,80
T380,T379,5:41:24,4,-1,1,AB6353,0,2,20
T379,T359,5:42:25,4,-1,1,AB6353,0,2,40
C688/1,C691,5:48:19,4,-1,1,AB6353,0,2,40
C691,C652,5:50:10,4,-1,1,AB6353,0,2,70
C652,C655,5:51:20,4,-1,1,AB6353,0,1,30
C655,C657,5:52:15,4,-1,-1,AB6353,0,1,40
C657,C660,5:53:16,4,-1,1,AB6353,0,1,40
C660,C662,5:54:06,4,-1,1,AB6353,0,1,20
C662,C664,5:54:36,4,-1,1,AB6353,0,1,20
C664,C677,5:56:17,4,-1,-1,AB6353,1,1,70
C677,C680,5:58:39,4,-1,-1,AB6353,2,1,111
C680,C669/1,6:00:00,4,-1,-1,AB6353,0,1,50
C669/1,C681,6:02:56,4,-1,1,AB6353,1,1,141
C681,C671,6:03:56,4,-1,-1,AB6353,0,1,50
T336/2,T335,6:05:17,4,-1,1,AB6335,0,1,20
T335,T338,6:05:48,4,-1,-1,AB6335,0,1,20
C671,C695,6:05:58,4,-1,-1,AB6353,0,1,80
T338,T326/3,6:07:09,4,-1,-1,AB6335,0,1,30
C695,C673,6:07:59,4,-1,-1,AB6353,0,1,80
C673,C672,6:08:39,4,-1,-1,AB6353,0,1,30
T339/2,T313,6:11:46,4,-1,1,AB6335,0,1,40
C672,C670,6:11:46,4,-1,-1,AB6353,0,1,145
C670,C679,6:12:36,4,-1,-1,AB6353,0,1,40
T313,T315,6:12:46,4,-1,1,AB6335,0,1,10
C679,C694,6:13:57,4,-1,-1,AB6353,0,1,70
T315,T375,6:14:07,4,-1,1,AB6335,0,1,70
C694,C669/2,6:14:48,4,-1,-1,AB6353,0,1,30
T375,T380,6:15:08,4,-1,1,AB6335,0,1,20
C669/2,C687,6:15:48,4,-1,-1,AB6353,0,1,20
T380,T379,6:15:59,4,-1,1,AB6335,0,1,10
C687,C675,6:16:59,4,-1,-1,AB6353,0,1,60
T379,T359,6:17:30,4,-1,1,AB6335,0,1,60
C675,C668,6:17:30,4,-1,-1,AB6353,0,1,20
C668,C678,6:17:50,4,-1,-1,AB6353,0,1,10
C678,C665,6:18:20,4,-1,-1,AB6353,0,1,20
T359,T355/1,6:18:53,4,-1,1,AB6335,0,1,53
C665,C661,6:19:24,4,-1,-1,AB6353,1,1,50
C661,C659,6:19:54,4,-1,-1,AB6353,0,1,20
C659,C656,6:20:45,4,-1,1,AB6353,0,1,20
C656,C653,6:23:06,4,-1,1,AB6353,0,1,111
C653,C692,6:24:17,4,-1,1,AB6353,0,1,40
C692,C689/1,6:25:07,4,-1,1,AB6353,0,1,20
C688/1,C691,6:25:18,4,-1,1,AB6335,0,1,80
C691,C652,6:27:19,4,-1,1,AB6335,0,1,50
C689/1,T360,6:27:49,4,-1,1,AB6353,0,1,131
C652,C655,6:28:50,4,-1,1,AB6335,0,1,30
T360,T376/1,6:29:41,4,-1,1,AB6353,0,1,91
C655,C657,6:30:22,4,-1,-1,AB6335,0,1,50
T376/1,T363/1,6:31:04,4,-1,1,AB6353,0,1,72
C657,C660,6:31:14,4,-1,-1,AB6335,0,1,40
T363/1,T306,6:32:05,4,-1,1,AB6353,0,1,50
C660,C664,6:32:35,4,-1,-1,AB6335,1,1,60
T306,T314/2,6:32:45,4,-1,-1,AB6353,0,1,30
C664,C666,6:33:26,4,-1,-1,AB6335,0,1,20
C666,C677,6:33:46,4,-1,-1,AB6335,0,1,10
T318,T319,6:34:06,4,-1,-1,AB6353,0,1,10
C677,C667,6:34:47,4,-1,-1,AB6335,0,1,20
T319,T320,6:34:47,4,-1,-1,AB6353,0,1,30
T320,T321/2,6:35:07,4,-1,-1,AB6353,0,1,10
C667,C676,6:35:27,4,-1,-1,AB6335,0,1,20
T321/2,T323,6:35:57,4,-1,1,AB6353,0,1,20
C676,C680,6:36:38,4,-1,-1,AB6335,0,1,60
T323,T324/2,6:36:38,4,-1,1,AB6353,0,1,10
C680,C669/1,6:37:18,4,-1,-1,AB6335,0,1,30
T324/2,T327,6:37:59,4,-1,1,AB6353,0,1,60
C669/1,C693,6:38:39,4,-1,-1,AB6335,0,1,60
T327,T326/1,6:39:00,4,-1,1,AB6353,0,1,30
T326/1,T337,6:40:00,4,-1,1,AB6353,0,1,50
C693,C681,6:40:20,4,-1,1,AB6335,0,1,70
T337,T336/2,6:40:34,4,-1,1,AB6353,0,1,23
T336/2,T335,6:40:54,4,-1,2,AB5996,0,1,20
T335,T338,6:41:44,4,-1,2,AB5996,0,1,10
C681,C671,6:41:44,4,-1,-1,AB6335,0,1,50
T338,T326/3,6:42:45,4,-1,-1,AB5996,0,1,50
C671,C695,6:43:16,4,-1,-1,AB6335,0,1,80
C695,C673,6:45:07,4,-1,-1,AB6335,0,1,80
T326/3,T339/2,6:45:37,4,-1,1,AB5996,2,1,151
C673,C672,6:45:57,4,-1,-1,AB6335,0,1,20
T339/2,T313,6:46:28,4,-1,1,AB5996,0,1,40
T313,T315,6:47:18,4,-1,1,AB5996,0,1,20
T315,T375,6:48:19,4,-1,1,AB5996,0,1,50
C672,C670,6:48:19,4,-1,-1,AB6335,0,1,121
T375,T380,6:48:59,4,-1,1,AB5996,0,1,20
T380,T379,6:49:20,4,-1,1,AB5996,0,1,10
C670,C679,6:49:32,4,-1,-1,AB6335,0,1,32
T379,T359,6:50:33,4,-1,1,AB5996,0,1,50
C679,C694,6:51:24,4,-1,-1,AB6335,0,1,81
T359,T355/1,6:51:44,4,-1,1,AB5996,0,1,60
C694,C669/2,6:52:14,4,-1,-1,AB6335,0,1,40
C669/2,C687,6:53:56,4,-1,1,AB6335,0,1,30
C687,C675,6:55:27,4,-1,2,AB6335,0,1,60
C675,C668,6:55:57,4,-1,1,AB6335,0,1,20
C668,C678,6:56:17,4,-1,1,AB6335,0,1,10
C678,C665,6:56:48,4,-1,1,AB6335,0,1,20
C665,C663,6:57:18,4,-1,1,AB6335,0,1,20
C688/1,C691,6:57:48,4,-1,1,AB5996,0,1,60
C663,C661,6:57:58,4,-1,1,AB6335,0,1,30
C661,C659,6:58:49,4,-1,1,AB6335,0,1,20
C691,C652,6:59:39,4,-1,1,AB5996,0,1,70
C659,C656,6:59:50,4,-1,1,AB6335,0,1,30
C652,C655,7:00:40,4,-1,1,AB5996,0,1,40
C656,C654/2,7:01:00,4,-1,1,AB6335,0,1,50
C655,C657,7:01:54,4,-1,1,AB5996,0,1,53
C654/2,C653,7:02:34,4,-1,1,AB6335,0,1,73
C657,C660,7:03:04,4,-1,1,AB5996,0,1,50
C660,C662,7:03:45,4,-1,1,AB5996,0,1,20
C653,C692,7:04:35,4,-1,1,AB6335,0,1,111
T336/2,T335,7:05:16,4,-1,1,AB6353,0,1,20
C692,C689/1,7:05:36,4,-1,1,AB6335,0,1,10
T335,T338,7:06:07,4,-1,1,AB6353,0,1,10
C662,C676,7:06:17,4,-1,-1,AB5996,4,1,141
C676,C680,7:07:07,4,-1,-1,AB5996,0,1,40
T338,T326/3,7:07:27,4,-1,-1,AB6353,0,1,50
C680,C669/1,7:08:08,4,-1,1,AB5996,0,1,30
T326/3,T332/2,7:08:18,4,-1,1,AB6353,0,1,30
C689/1,T360,7:09:19,4,-1,1,AB6335,0,1,131
T332/2,T325/2,7:09:29,4,-1,1,AB6353,0,1,40
C669/1,C693,7:09:29,4,-1,1,AB5996,0,1,60
T325/2,T339/2,7:10:09,4,-1,1,AB6353,0,1,20
C693,C681,7:10:50,4,-1,-1,AB5996,0,1,70
T339/2,T313,7:11:34,4,-1,1,AB6353,0,1,53
C681,C671,7:11:44,4,-1,-1,AB5996,0,1,43
T313,T315,7:12:14,4,-1,1,AB6353,0,1,10
T360,T363/1,7:12:14,4,-1,1,AB6335,1,1,124
T315,T375,7:13:25,4,-1,1,AB6353,0,1,50
T363/1,T306,7:13:25,4,-1,1,AB6335,0,1,50
C671,C695,7:13:45,4,-1,-1,AB5996,0,1,91
T306,T314/2,7:14:05,4,-1,-1,AB6335,0,1,30
T375,T380,7:14:36,4,-1,1,AB6353,0,1,30
T314/2,T318,7:14:36,4,-1,-1,AB6335,0,1,10
T318,T319,7:14:56,4,-1,-1,AB6335,0,1,10
T380,T379,7:15:16,4,-1,1,AB6353,0,1,10
C695,C673,7:15:36,4,-1,-1,AB5996,0,1,91
T319,T320,7:15:36,4,-1,-1,AB6335,0,1,30
T320,T321/2,7:15:57,4,-1,-1,AB6335,0,1,10
T379,T359,7:16:07,4,-1,1,AB6353,0,1,20
C673,C672,7:16:27,4,-1,-1,AB5996,0,1,30
T321/2,T323,7:16:37,4,-1,1,AB6335,0,1,20
T359,T355/1,7:17:07,4,-1,1,AB6353,0,1,50
T323,T324/2,7:17:07,4,-1,1,AB6335,0,1,10
T324/2,T327,7:18:08,4,-1,1,AB6335,0,1,50
C672,C670,7:18:49,4,-1,-1,AB5996,0,1,111
T327,T326/1,7:18:59,4,-1,1,AB6335,0,1,30
C670,C679,7:19:39,4,-1,-1,AB5996,0,1,30
T326/1,T337,7:20:44,4,-1,1,AB6335,0,1,65
T355/1,C688/1,7:21:04,4,-1,1,AB6353,0,1,196
C679,C694,7:21:04,4,-1,-1,AB5996,0,1,75
C694,C669/2,7:21:55,4,-1,-1,AB5996,0,1,40
T337,T336/2,7:22:15,4,-1,1,AB6335,0,1,30
C688/1,C691,7:22:46,4,-1,1,AB6353,0,1,50
C669/2,C687,7:23:06,4,-1,1,AB5996,0,1,30
C687,C675,7:24:37,4,-1,1,AB5996,0,1,60
C691,C652,7:24:47,4,-1,1,AB6353,0,1,80
C675,C668,7:25:17,4,-1,1,AB5996,0,1,10
C668,C678,7:25:38,4,-1,1,AB5996,0,1,10
C652,C655,7:25:48,4,-1,1,AB6353,0,1,30
C678,C665,7:26:08,4,-1,1,AB5996,0,1,10
C665,C663,7:26:28,4,-1,1,AB5996,0,1,10
C655,C657,7:27:09,4,-1,1,AB6353,0,1,50
C663,C661,7:27:09,4,-1,1,AB5996,0,1,30
C661,C659,7:27:39,4,-1,1,AB5996,0,1,20
C657,C660,7:28:09,4,-1,1,AB6353,0,1,40
C660,C662,7:28:30,4,-1,1,AB6353,0,1,10
C659,C656,7:28:46,4,-1,1,AB5996,0,1,36
C662,C664,7:29:16,4,-1,1,AB6353,0,1,30
C664,C666,7:29:36,4,-1,1,AB6353,0,1,10
C656,C654/2,7:29:46,4,-1,1,AB5996,0,1,50
C666,C677,7:29:57,4,-1,1,AB6353,0,1,10
C677,C667,7:30:27,4,-1,1,AB6353,0,1,20
C654/2,C653,7:30:57,4,-1,1,AB5996,0,1,30
C667,C676,7:31:07,4,-1,-1,AB6353,0,1,20
C676,C680,7:32:28,4,-1,-1,AB6353,0,1,60
C680,C669/1,7:33:19,4,-1,1,AB6353,0,1,20
C653,C692,7:33:49,4,-1,1,AB5996,0,1,131
C669/1,C693,7:34:30,4,-1,1,AB6353,0,1,50
T336/2,T335,7:35:10,4,-1,1,AB6335,0,1,30
C692,C689/1,7:35:20,4,-1,1,AB5996,0,1,50
C693,C681,7:35:42,4,-1,1,AB6353,0,1,61
T335,T338,7:36:02,4,-1,1,AB6335,0,1,20
C681,C671,7:37:03,4,-1,-1,AB6353,0,1,50
T338,T326/3,7:37:33,4,-1,-1,AB6335,0,1,60
T326/3,T332/2,7:38:24,4,-1,1,AB6335,0,1,40
C689/1,T360,7:38:45,4,-1,1,AB5996,0,1,111
C671,C695,7:38:55,4,-1,-1,AB6353,0,1,81
T332/2,T325/2,7:40:16,4,-1,1,AB6335,0,1,60
C695,C673,7:40:56,4,-1,-1,AB6353,0,1,101
T360,T363/1,7:40:56,4,-1,1,AB5996,1,1,111
T325/2,T339/2,7:41:16,4,-1,1,AB6335,0,1,20
C673,C672,7:41:57,4,-1,1,AB6353,0,1,30
T363/1,T306,7:41:57,4,-1,1,AB5996,0,1,30
T339/2,T313,7:42:27,4,-1,1,AB6335,0,1,40
T306,T314/2,7:43:08,4,-1,-1,AB5996,0,1,30
T313,T315,7:43:38,4,-1,1,AB6335,0,1,10
T318,T319,7:44:39,4,-1,-1,AB5996,0,1,10
C672,C670,7:44:49,4,-1,1,AB6353,0,1,131
T315,T375,7:45:09,4,-1,1,AB6335,0,1,70
T319,T320,7:45:09,4,-1,-1,AB5996,0,1,20
C670,C679,7:45:29,4,-1,1,AB6353,0,1,30
T320,T321/2,7:46:00,4,-1,-1,AB5996,0,1,10
T375,T380,7:46:10,4,-1,1,AB6335,0,1,20
T321/2,T323,7:46:33,4,-1,1,AB5996,0,1,23
C679,C694,7:47:04,4,-1,-1,AB6353,0,1,73
T323,T324/2,7:47:14,4,-1,1,AB5996,0,1,10
T379,T359,7:47:44,4,-1,1,AB6335,0,1,50
C694,C669/2,7:47:44,4,-1,-1,AB6353,0,1,30
T324/2,T327,7:48:45,4,-1,1,AB5996,0,1,60
T359,T355/1,7:48:55,4,-1,2,AB6335,0,1,60
C669/2,C687,7:49:25,4,-1,1,AB6353,0,1,30
T327,T326/1,7:49:45,4,-1,1,AB5996,0,1,20
C687,C675,7:50:56,4,-1,1,AB6353,0,1,60
T326/1,T337,7:50:56,4,-1,1,AB5996,0,1,60
C675,C668,7:51:47,4,-1,1,AB6353,0,1,20
T337,T336/2,7:51:47,4,-1,1,AB5996,0,1,30
C668,C678,7:52:17,4,-1,1,AB6353,0,1,10
C678,C665,7:52:58,4,-1,1,AB6353,0,1,20
C665,C663,7:53:18,4,-1,1,AB6353,0,1,10
C663,C661,7:53:58,4,-1,1,AB6353,0,1,30
C661,C659,7:54:29,4,-1,1,AB6353,0,1,20
C688/1,C691,7:55:19,4,-1,1,AB6335,0,1,30
C659,C656,7:55:50,4,-1,1,AB6353,0,1,40
C656,C654/2,7:56:51,4,-1,1,AB6353,0,1,51
C691,C652,7:57:33,4,-1,1,AB6335,0,1,82
C654/2,C653,7:58:03,4,-1,1,AB6353,0,1,41
C655,C657,8:00:16,4,-1,1,AB6335,0,1,40
C653,C692,8:00:16,4,-1,1,AB6353,0,1,50
C657,C660,8:01:06,4,-1,1,AB6335,0,1,40
C692,C689/1,8:01:47,4,-1,1,AB6353,0,1,10
C660,C662,8:01:57,4,-1,1,AB6335,0,1,20
C662,C664,8:02:37,4,-1,1,AB6335,0,1,30
C664,C666,8:03:18,4,-1,1,AB6335,0,1,20
C666,C677,8:03:38,4,-1,1,AB6335,0,1,10
C677,C667,8:04:08,4,-1,1,AB6335,0,1,20
C667,C676,8:04:39,4,-1,-1,AB6335,0,1,20
C676,C680,8:05:45,4,-1,-1,AB6335,0,1,55
T360,T376/1,8:06:45,4,-1,1,AB6353,0,1,30
C680,C669/1,8:06:55,4,-1,1,AB6335,0,1,40
T336/2,T335,8:08:16,4,-1,1,AB5996,0,1,40
C669/1,C693,8:08:16,4,-1,1,AB6335,0,1,60
T376/1,T363/1,8:08:47,4,-1,1,AB6353,0,1,111
T335,T338,8:09:17,4,-1,1,AB5996,0,1,20
C693,C681,8:10:08,4,-1,1,AB6335,0,1,80
T363/1,T306,8:10:38,4,-1,1,AB6353,0,1,70
C681,C671,8:10:58,4,-1,-1,AB6335,0,1,40
T338,T326/3,8:11:08,4,-1,-1,AB5996,0,1,101
T306,T314/2,8:11:39,4,-1,-1,AB6353,0,1,30
T326/3,T332/2,8:11:59,4,-1,2,AB5996,0,1,40
C671,C695,8:12:29,4,-1,-1,AB6335,0,1,80
C695,C673,8:14:34,4,-1,-1,AB6335,0,1,84
T332/2,T325/2,8:14:45,4,-1,1,AB5996,0,1,94
C673,C672,8:15:45,4,-1,1,AB6335,0,1,30
T325/2,T339/2,8:16:16,4,-1,1,AB5996,0,1,30
T319,T320,8:18:37,4,-1,-1,AB6353,0,1,20
C672,C670,8:18:57,4,-1,1,AB6335,0,1,131
T339/2,T313,8:19:28,4,-1,1,AB5996,0,1,131
T320,T321/2,8:19:48,4,-1,-1,AB6353,0,1,10
C670,C679,8:20:08,4,-1,1,AB6335,0,1,40
T313,T315,8:20:49,4,-1,1,AB5996,0,1,20
T321/2,T323,8:21:19,4,-1,3,AB6353,0,1,40
C679,C694,8:21:49,4,-1,-1,AB6335,0,1,91
C694,C669/2,8:22:34,4,-1,-1,AB6335,0,1,34
T323,T324/2,8:22:34,4,-1,2,AB6353,0,1,54
T315,T375,8:23:25,4,-1,1,AB5996,0,1,115
C669/2,C687,8:23:45,4,-1,1,AB6335,0,1,30
T375,T380,8:24:25,4,-1,1,AB5996,0,1,20
T380,T379,8:25:06,4,-1,1,AB5996,0,1,10
C687,C675,8:25:36,4,-1,1,AB6335,0,1,70
T379,T359,8:26:07,4,-1,1,AB5996,0,1,30
C675,C668,8:26:17,4,-1,1,AB6335,0,1,20
T359,T355/1,8:27:28,4,-1,1,AB5996,0,1,60
C668,C663,8:27:28,4,-1,1,AB6335,2,1,60
T324/2,T327,8:27:58,4,-1,1,AB6353,0,1,171
C663,C661,8:28:08,4,-1,1,AB6335,0,1,30
C661,C659,8:28:38,4,-1,2,AB6335,0,1,20
T327,T326/1,8:29:29,4,-1,1,AB6353,0,1,40
C659,C656,8:29:59,4,-1,1,AB6335,0,1,40
C656,C654/2,8:31:00,4,-1,1,AB6335,0,1,50
T326/1,T337,8:31:10,4,-1,1,AB6353,0,1,91
T337,T336/2,8:31:51,4,-1,1,AB6353,0,1,20
C654/2,C653,8:32:45,4,-1,1,AB6335,0,1,84
C688/1,C691,8:33:45,4,-1,1,AB5996,0,1,84
C653,C692,8:34:26,4,-1,2,AB6335,0,1,60
C691,C652,8:35:47,4,-1,1,AB5996,0,1,80
C692,C689/1,8:36:27,4,-1,1,AB6335,0,1,10
C652,C655,8:37:07,4,-1,1,AB5996,0,1,30
C655,C657,8:38:18,4,-1,1,AB5996,0,1,40
T336/2,T335,8:38:59,4,-1,1,AB6353,0,1,30
C657,C660,8:39:39,4,-1,1,AB5996,0,1,40
T335,T338,8:39:49,4,-1,2,AB6353,0,1,10
C660,C662,8:40:20,4,-1,1,AB5996,0,1,20
C689/1,T360,8:40:42,4,-1,1,AB6335,0,1,184
C662,C664,8:41:13,4,-1,1,AB5996,0,1,30
T338,T326/3,8:41:34,4,-1,-1,AB6353,0,1,74
C664,C666,8:41:44,4,-1,1,AB5996,0,1,10
T360,T376/1,8:41:44,4,-1,1,AB6335,0,1,31
C666,C677,8:42:15,4,-1,1,AB5996,0,1,20
T326/3,T332/2,8:42:25,4,-1,1,AB6353,0,1,30
C677,C667,8:43:05,4,-1,1,AB5996,0,1,30
T376/1,T363/1,8:43:05,4,-1,1,AB6335,0,1,50
C667,C676,8:43:26,4,-1,-1,AB5996,0,1,10
C676,C680,8:44:26,4,-1,-1,AB5996,0,1,50
C680,C669/1,8:45:17,4,-1,1,AB5996,0,1,20
T363/1,T306,8:45:47,4,-1,1,AB6335,0,1,121
T332/2,T325/2,8:45:57,4,-1,1,AB6353,0,1,131
C669/1,C693,8:46:28,4,-1,1,AB5996,0,1,60
T325/2,T339/2,8:46:38,4,-1,2,AB6353,0,1,10
T306,T314/2,8:46:58,4,-1,-1,AB6335,0,1,40
C693,C681,8:47:59,4,-1,1,AB5996,0,1,70
C681,C671,8:48:49,4,-1,-1,AB5996,0,1,40
T339/2,T313,8:49:09,4,-1,1,AB6353,0,1,121
T319,T320,8:49:52,4,-1,-1,AB6335,0,1,32
C671,C695,8:50:12,4,-1,-1,AB5996,0,1,72
T320,T321/2,8:50:12,4,-1,-1,AB6335,0,1,10
T313,T315,8:51:14,4,-1,1,AB6353,0,1,71
T321/2,T323,8:51:24,4,-1,3,AB6335,0,1,30
C695,C673,8:51:54,4,-1,-1,AB5996,0,1,80
T323,T324/2,8:52:15,4,-1,2,AB6335,0,1,10
C673,C672,8:52:56,4,-1,1,AB5996,0,1,31
T315,T375,8:54:07,4,-1,1,AB6353,0,1,152
T324/2,T327,8:54:27,4,-1,1,AB6335,0,1,70
T327,T326/1,8:55:17,4,-1,1,AB6335,0,1,20
T375,T380,8:55:48,4,-1,1,AB6353,0,1,80
C672,C670,8:55:58,4,-1,1,AB5996,0,1,111
T326/1,T337,8:56:28,4,-1,1,AB6335,0,1,60
T380,T379,8:56:38,4,-1,1,AB6353,0,1,20
T379,T359,8:57:10,4,-1,1,AB6353,0,1,20
C670,C679,8:57:10,4,-1,1,AB5996,0,1,31
T337,T336/2,8:57:20,4,-1,1,AB6335,0,1,20
T359,T355/1,8:58:10,4,-1,1,AB6353,0,1,50
C679,C694,8:58:33,4,-1,-1,AB5996,0,1,73
C694,C669/2,8:59:03,4,-1,-1,AB5996,0,1,20
C669/2,C687,9:00:04,4,-1,1,AB5996,0,1,30
C687,C675,9:01:25,4,-1,1,AB5996,0,1,50
C675,C668,9:01:55,4,-1,1,AB5996,0,1,20
C668,C678,9:02:36,4,-1,1,AB5996,0,1,10
C678,C665,9:03:06,4,-1,1,AB5996,0,1,20
C665,C663,9:03:26,4,-1,1,AB5996,0,1,10
C688/1,C691,9:03:47,4,-1,1,AB6353,0,1,60
C663,C661,9:04:07,4,-1,1,AB5996,0,1,30
C661,C659,9:04:27,4,-1,1,AB5996,0,1,10
C691,C652,9:05:38,4,-1,1,AB6353,0,1,80
C659,C656,9:05:38,4,-1,1,AB5996,0,1,40
C652,C655,9:06:18,4,-1,1,AB6353,0,1,30
C656,C654/2,9:06:38,4,-1,1,AB5996,0,1,50
C655,C657,9:07:39,4,-1,1,AB6353,0,1,40
C654/2,C653,9:07:49,4,-1,1,AB5996,0,1,40
T336/2,T335,9:08:09,4,-1,1,AB6335,0,1,30
C657,C660,9:08:33,4,-1,1,AB6353,0,1,43
T335,T338,9:09:03,4,-1,1,AB6335,0,1,10
C660,C662,9:09:03,4,-1,1,AB6353,0,1,20
C662,C664,9:09:33,4,-1,1,AB6353,0,1,20
C664,C666,9:10:04,4,-1,1,AB6353,0,1,20
C653,C692,9:10:04,4,-1,1,AB5996,0,1,90
C666,C677,9:10:24,4,-1,1,AB6353,0,1,10
C677,C667,9:10:54,4,-1,1,AB6353,0,1,20
T338,T326/3,9:11:04,4,-1,-1,AB6335,0,1,60
C692,C689/1,9:11:04,4,-1,1,AB5996,0,1,20
C667,C676,9:11:35,4,-1,-1,AB6353,0,1,20
T326/3,T332/2,9:11:55,4,-1,1,AB6335,0,1,40
C676,C680,9:12:46,4,-1,-1,AB6353,0,1,61
C680,C669/1,9:13:36,4,-1,1,AB6353,0,1,20
T332/2,T325/2,9:13:47,4,-1,1,AB6335,0,1,70
T325/2,T339/2,9:14:17,4,-1,2,AB6335,0,1,20
C689/1,T360,9:14:17,4,-1,1,AB5996,0,1,121
C669/1,C693,9:14:47,4,-1,1,AB6353,0,1,50
T360,T376/1,9:15:08,4,-1,1,AB5996,0,1,20
T339/2,T313,9:15:58,4,-1,2,AB6335,0,1,60
C693,C681,9:16:18,4,-1,1,AB6353,0,1,70
T313,T315,9:16:49,4,-1,2,AB6335,0,1,20
T376/1,T363/1,9:16:59,4,-1,2,AB5996,0,1,101
C681,C671,9:17:19,4,-1,-1,AB6353,0,1,50
T363/1,T306,9:18:10,4,-1,2,AB5996,0,1,40
T315,T375,9:18:40,4,-1,1,AB6335,0,1,101
C671,C695,9:18:50,4,-1,-1,AB6353,0,1,80
T306,T314/2,9:19:10,4,-1,-1,AB5996,0,1,30
T375,T380,9:20:03,4,-1,1,AB6335,0,1,30
C695,C673,9:20:34,4,-1,-1,AB6353,0,1,93
T318,T319,9:20:44,4,-1,-1,AB5996,0,1,40
T380,T379,9:20:54,4,-1,-1,AB6335,0,1,10
C673,C672,9:21:14,4,-1,-1,AB6353,0,1,30
T319,T320,9:21:34,4,-1,-1,AB5996,0,1,40
T379,T359,9:21:45,4,-1,-1,AB6335,0,1,20
T320,T321/2,9:22:25,4,-1,-1,AB5996,0,1,20
T359,T355/1,9:23:15,4,-1,-1,AB6335,0,1,80
T321/2,T323,9:23:36,4,-1,-1,AB5996,0,1,40
C672,C670,9:23:56,4,-1,-1,AB6353,0,1,121
T323,T324/2,9:24:26,4,-1,-1,AB5996,0,1,10
C670,C679,9:25:07,4,-1,1,AB6353,0,1,30
T324/2,T327,9:25:57,4,-1,1,AB5996,0,1,60
C679,C694,9:26:58,4,-1,-1,AB6353,0,1,80
T327,T326/1,9:27:08,4,-1,1,AB5996,0,1,30
C694,C669/2,9:27:38,4,-1,-1,AB6353,0,1,30
T326/1,T337,9:28:19,4,-1,1,AB5996,0,1,60
C669/2,C687,9:28:59,4,-1,1,AB6353,0,1,30
T337,T336/2,9:29:09,4,-1,1,AB5996,0,1,30
C688/1,C691,9:29:30,4,-1,1,AB6335,0,1,50
C687,C675,9:30:00,4,-1,1,AB6353,0,1,50
C675,C668,9:30:30,4,-1,1,AB6353,0,1,20
C668,C678,9:31:21,4,-1,1,AB6353,0,1,10
C691,C652,9:31:44,4,-1,1,AB6335,0,1,83
C678,C665,9:32:24,4,-1,1,AB6353,0,1,20
C665,C663,9:32:45,4,-1,1,AB6353,0,1,10
C652,C655,9:33:05,4,-1,1,AB6335,0,1,30
C663,C661,9:33:45,4,-1,1,AB6353,0,1,30
C655,C657,9:34:26,4,-1,1,AB6335,0,1,50
C661,C659,9:34:26,4,-1,1,AB6353,0,1,30
C657,C660,9:35:26,4,-1,1,AB6335,0,1,50
C659,C656,9:36:07,4,-1,1,AB6353,0,1,40
C660,C662,9:36:27,4,-1,1,AB6335,0,1,20
C662,C664,9:37:08,4,-1,1,AB6335,0,1,20
C656,C654/2,9:37:08,4,-1,1,AB6353,0,1,50
T336/2,T335,9:37:48,4,-1,1,AB5996,0,1,40
C664,C677,9:38:08,4,-1,1,AB6335,1,1,40
C654/2,C653,9:38:08,4,-1,1,AB6353,0,1,50
T335,T338,9:38:39,4,-1,1,AB5996,0,1,10
C677,C667,9:38:59,4,-1,1,AB6335,0,1,30
C667,C676,9:39:19,4,-1,-1,AB6335,0,1,10
C653,C692,9:40:10,4,-1,1,AB6353,0,1,80
C676,C680,9:40:30,4,-1,-1,AB6335,0,1,60
T338,T326/3,9:40:40,4,-1,-1,AB5996,0,1,80
C680,C669/1,9:41:00,4,-1,1,AB6335,0,1,20
T326/3,T332/2,9:41:35,4,-1,1,AB5996,0,1,44
C692,C689/1,9:42:15,4,-1,1,AB6353,0,1,74
C669/1,C693,9:42:45,4,-1,1,AB6335,0,1,84
T332/2,T325/2,9:43:16,4,-1,1,AB5996,0,1,60
T325/2,T339/2,9:43:56,4,-1,1,AB5996,0,1,20
C693,C681,9:44:06,4,-1,1,AB6335,0,1,70
C681,C671,9:44:57,4,-1,-1,AB6335,0,1,40
C689/1,T360,9:45:17,4,-1,1,AB6353,0,1,141
T339/2,T313,9:45:47,4,-1,1,AB5996,0,1,60
T313,T315,9:46:08,4,-1,1,AB5996,0,1,10
T360,T376/1,9:46:08,4,-1,1,AB6353,0,1,30
C671,C695,9:46:28,4,-1,-1,AB6335,0,1,80
T376/1,T363/1,9:47:39,4,-1,1,AB6353,0,1,70
T315,T375,9:47:59,4,-1,1,AB5996,0,1,80
C695,C673,9:48:19,4,-1,-1,AB6335,0,1,80
C673,C672,9:48:59,4,-1,1,AB6335,0,1,30
T363/1,T306,9:49:10,4,-1,1,AB6353,0,1,60
T375,T380,9:49:33,4,-1,1,AB5996,0,1,64
T306,T314/2,9:49:54,4,-1,-1,AB6353,0,1,33
T380,T379,9:50:14,4,-1,1,AB5996,0,1,10
T379,T359,9:50:54,4,-1,1,AB5996,0,1,20
T359,T355/1,9:51:57,4,-1,1,AB5996,0,1,52
C672,C670,9:52:07,4,-1,-1,AB6335,0,1,133
T319,T320,9:52:07,4,-1,-1,AB6353,0,1,20
C670,C679,9:52:58,4,-1,-1,AB6335,0,1,40
T321/2,T323,9:53:48,4,-1,1,AB6353,0,1,20
C679,C694,9:54:29,4,-1,-1,AB6335,0,1,80
T323,T324/2,9:54:29,4,-1,1,AB6353,0,1,10
T355/1,C688/1,9:55:09,4,-1,1,AB5996,0,1,181
C694,C669/2,9:55:30,4,-1,-1,AB6335,0,1,40
T324/2,T327,9:56:00,4,-1,1,AB6353,0,1,80
C669/2,C687,9:56:33,4,-1,-1,AB6335,0,1,32
C688/1,C691,9:56:53,4,-1,1,AB5996,0,1,52
T327,T326/1,9:56:53,4,-1,1,AB6353,0,1,20
C687,C675,9:57:44,4,-1,2,AB6335,0,1,60
C675,C668,9:58:04,4,-1,1,AB6335,0,1,10
T326/1,T337,9:58:14,4,-1,1,AB6353,0,1,71
C691,C652,9:58:34,4,-1,1,AB5996,0,1,81
C668,C678,9:58:34,4,-1,1,AB6335,0,1,10
T337,T336/2,9:59:05,4,-1,1,AB6353,0,1,30
C652,C655,9:59:36,4,-1,1,AB5996,0,1,31
C678,C665,9:59:46,4,-1,1,AB6335,0,1,31
C665,C663,10:00:06,4,-1,1,AB6335,0,1,10
C655,C657,10:00:37,4,-1,1,AB5996,0,1,50
C663,C661,10:01:07,4,-1,1,AB6335,0,1,30
C657,C660,10:01:17,4,-1,1,AB5996,0,1,30
C661,C659,10:01:47,4,-1,1,AB6335,0,1,20
C660,C662,10:01:58,4,-1,1,AB5996,0,1,10
C662,C664,10:02:38,4,-1,1,AB5996,0,1,30
C659,C656,10:02:48,4,-1,1,AB6335,0,1,40
C664,C677,10:03:29,4,-1,1,AB5996,1,1,40
C656,C654/2,10:03:49,4,-1,1,AB6335,0,1,50
C677,C667,10:04:19,4,-1,-1,AB5996,0,1,20
C667,C676,10:04:49,4,-1,-1,AB5996,0,1,20
C654/2,C653,10:05:10,4,-1,1,AB6335,0,1,60
T336/2,T335,10:05:30,4,-1,1,AB5457,0,1,20
C653,C692,10:06:00,4,-1,1,AB6335,0,1,30
C676,C680,10:06:11,4,-1,-1,AB5996,0,1,70
T335,T338,10:06:21,4,-1,1,AB5457,0,1,10
C692,C689/1,10:07:02,4,-1,1,AB6335,0,1,20
C680,C669/1,10:07:12,4,-1,1,AB5996,0,1,40
T338,T326/3,10:07:43,4,-1,-1,AB5457,0,1,60
T326/3,T332/2,10:08:33,4,-1,1,AB5457,0,1,40
C669/1,C681,10:09:44,4,-1,1,AB5996,1,1,131
T332/2,T325/2,10:10:04,4,-1,1,AB5457,0,1,50
C689/1,T360,10:10:14,4,-1,1,AB6335,0,1,121
C681,C671,10:10:35,4,-1,-1,AB5996,0,1,40
T325/2,T339/2,10:11:35,4,-1,1,AB5457,0,1,30
T360,T376/1,10:11:35,4,-1,1,AB6335,0,1,70
C671,C695,10:12:16,4,-1,-1,AB5996,0,1,70
T339/2,T313,10:13:16,4,-1,1,AB5457,0,1,60
T313,T315,10:13:57,4,-1,1,AB5457,0,1,10
C695,C673,10:13:57,4,-1,-1,AB5996,0,1,60
T376/1,T306,10:13:57,4,-1,1,AB6335,1,1,131
T306,T314/2,10:14:58,4,-1,-1,AB6335,0,1,50
C673,C672,10:15:28,4,-1,-1,AB5996,0,1,60
T315,T375,10:15:48,4,-1,1,AB5457,0,1,80
T314/2,T318,10:15:58,4,-1,-1,AB6335,0,1,20
T375,T380,10:16:29,4,-1,1,AB5457,0,1,30
T318,T319,10:16:39,4,-1,-1,AB6335,0,1,30
T380,T379,10:17:09,4,-1,1,AB5457,0,1,10
T319,T320,10:17:29,4,-1,-1,AB6335,0,1,40
C672,C670,10:17:50,4,-1,-1,AB5996,0,1,111
T379,T359,10:18:00,4,-1,1,AB5457,0,1,30
T320,T321/2,10:18:20,4,-1,-1,AB6335,0,1,20
T359,T355/1,10:19:13,4,-1,1,AB5457,0,1,52
T321/2,T323,10:19:34,4,-1,1,AB6335,0,1,41
C670,C694,10:20:25,4,-1,-1,AB5996,1,1,144
T323,T324/2,10:20:25,4,-1,-1,AB6335,0,1,10
C694,C669/2,10:21:25,4,-1,-1,AB5996,0,1,30
T324/2,T327,10:21:56,4,-1,-1,AB6335,0,1,60
C669/2,C687,10:22:26,4,-1,-1,AB5996,0,1,20
T327,T326/1,10:22:36,4,-1,-1,AB6335,0,1,20
C687,C675,10:23:37,4,-1,-1,AB5996,0,1,60
T326/1,T337,10:23:47,4,-1,-1,AB6335,0,1,60
C675,C668,10:23:57,4,-1,-1,AB5996,0,1,10
T337,T336/2,10:24:48,4,-1,-1,AB6335,0,1,40
C688/1,C691,10:24:58,4,-1,-1,AB5457,0,1,70
C678,C661,10:25:38,4,-1,1,AB5996,2,1,80
C661,C659,10:26:29,4,-1,1,AB5996,0,1,40
C691,C652,10:26:49,4,-1,1,AB5457,0,1,91
C652,C655,10:27:40,4,-1,1,AB5457,0,1,40
C659,C656,10:28:00,4,-1,1,AB5996,0,1,50
C655,C657,10:28:53,4,-1,1,AB5457,0,1,43
C656,C654/2,10:29:14,4,-1,1,AB5996,0,1,63
C657,C660,10:30:04,4,-1,1,AB5457,0,1,50
C654/2,C653,10:30:14,4,-1,1,AB5996,0,1,50
C660,C664,10:31:15,4,-1,1,AB5457,1,1,60
C664,C666,10:31:45,4,-1,1,AB5457,0,1,20
C666,C677,10:32:06,4,-1,1,AB5457,0,1,10
C653,C692,10:32:06,4,-1,1,AB5996,0,1,60
C677,C667,10:32:46,4,-1,1,AB5457,0,1,20
C667,C676,10:33:06,4,-1,-1,AB5457,0,1,10
C692,C689/1,10:33:47,4,-1,1,AB5996,0,1,60
C676,C680,10:34:17,4,-1,-1,AB5457,0,1,60
C680,C669/1,10:35:18,4,-1,1,AB5457,0,1,30
C689/1,T360,10:36:08,4,-1,1,AB5996,0,1,101
C669/1,C693,10:36:49,4,-1,1,AB5457,0,1,70
T336/2,T335,10:38:00,4,-1,1,AB6353,0,1,30
T360,T376/1,10:38:10,4,-1,1,AB5996,0,1,101
C693,C681,10:38:31,4,-1,1,AB5457,0,1,72
T335,T338,10:38:42,4,-1,1,AB6353,0,1,10
T376/1,T363/1,10:39:32,4,-1,1,AB5996,0,1,72
T338,T326/3,10:40:13,4,-1,-1,AB6353,0,1,60
C681,C695,10:41:03,4,-1,-1,AB5457,1,1,141
T326/3,T332/2,10:41:13,4,-1,1,AB6353,0,1,30
T363/1,T306,10:41:33,4,-1,1,AB5996,0,1,80
T306,T314/2,10:42:14,4,-1,-1,AB5996,0,1,30
T332/2,T325/2,10:42:54,4,-1,1,AB6353,0,1,70
T318,T319,10:43:25,4,-1,-1,AB5996,0,1,10
C695,C672,10:43:45,4,-1,1,AB5457,1,1,151
T325/2,T339/2,10:44:05,4,-1,1,AB6353,0,1,20
T319,T320,10:44:15,4,-1,-1,AB5996,0,1,30
T320,T321/2,10:45:26,4,-1,-1,AB5996,0,1,20
T339/2,T313,10:45:57,4,-1,1,AB6353,0,1,70
C672,C670,10:46:27,4,-1,1,AB5457,0,1,131
T321/2,T323,10:46:27,4,-1,1,AB5996,0,1,40
T313,T315,10:46:47,4,-1,1,AB6353,0,1,20
C670,C679,10:47:07,4,-1,1,AB5457,0,1,20
T323,T324/2,10:47:07,4,-1,1,AB5996,0,1,10
T315,T375,10:48:08,4,-1,1,AB6353,0,1,60
C679,C694,10:48:48,4,-1,-1,AB5457,0,1,80
T324/2,T327,10:48:59,4,-1,1,AB5996,0,1,70
T375,T380,10:49:39,4,-1,1,AB6353,0,1,30
C694,C669/2,10:49:59,4,-1,-1,AB5457,0,1,50
T327,T326/1,10:49:59,4,-1,1,AB5996,0,1,20
T380,T379,10:50:50,4,-1,1,AB6353,0,1,10
T326/1,T337,10:51:00,4,-1,1,AB5996,0,1,50
C669/2,C687,10:51:32,4,-1,-1,AB5457,0,1,31
T379,T359,10:51:52,4,-1,1,AB6353,0,1,41
T337,T336/2,10:51:52,4,-1,1,AB5996,0,1,20
C687,C675,10:53:13,4,-1,1,AB5457,0,1,60
T359,T355/1,10:53:44,4,-1,1,AB6353,0,1,81
C675,C668,10:53:44,4,-1,1,AB5457,0,1,20
C668,C678,10:54:14,4,-1,1,AB5457,0,1,20
C678,C665,10:55:05,4,-1,1,AB5457,0,1,20
C665,C663,10:55:36,4,-1,1,AB5457,0,1,21
C663,C661,10:56:27,4,-1,1,AB5457,0,1,40
C661,C659,10:56:47,4,-1,1,AB5457,0,1,10
C659,C656,10:57:58,4,-1,1,AB5457,0,1,40
C656,C654/2,10:59:08,4,-1,1,AB5457,0,1,60
C688/1,C691,10:59:49,4,-1,1,AB6353,0,1,40
C654/2,C653,11:00:39,4,-1,1,AB5457,0,1,50
C691,C652,11:02:02,4,-1,1,AB6353,0,1,102
C653,C692,11:03:02,4,-1,1,AB5457,0,1,90
C652,C655,11:03:12,4,-1,1,AB6353,0,1,30
C655,C657,11:04:17,4,-1,1,AB6353,0,1,30
C692,C689/1,11:04:37,4,-1,1,AB5457,0,1,74
C657,C660,11:05:08,4,-1,1,AB6353,0,1,40
C660,C662,11:05:38,4,-1,1,AB6353,0,1,20
C662,C664,11:06:18,4,-1,1,AB6353,0,1,30
C664,C666,11:06:49,4,-1,1,AB6353,0,1,20
C666,C677,11:07:09,4,-1,1,AB6353,0,1,10
C689/1,T360,11:07:29,4,-1,1,AB5457,0,1,121
C677,C667,11:08:00,4,-1,1,AB6353,0,1,20
C667,C676,11:08:30,4,-1,-1,AB6353,0,1,20
T360,T376/1,11:08:41,4,-1,1,AB5457,0,1,40
C676,C680,11:09:34,4,-1,-1,AB6353,0,1,53
C680,C669/1,11:10:24,4,-1,-1,AB6353,0,1,30
T376/1,T363/1,11:11:05,4,-1,1,AB5457,0,1,134
T336/2,T335,11:11:25,4,-1,1,AB6335,0,1,30
T335,T338,11:11:45,4,-1,1,AB6335,0,1,10
C669/1,C693,11:12:15,4,-1,-1,AB6353,0,1,60
T338,T326/3,11:13:16,4,-1,-1,AB6335,0,1,70
C693,C681,11:13:36,4,-1,-1,AB6353,0,1,70
T363/1,T306,11:13:36,4,-1,1,AB5457,0,1,80
T306,T314/2,11:14:27,4,-1,-1,AB5457,0,1,40
C681,C671,11:14:47,4,-1,-1,AB6353,0,1,50
T314/2,T318,11:15:17,4,-1,-1,AB5457,0,1,10
T326/3,T325/2,11:16:18,4,-1,1,AB6335,1,1,161
C671,C695,11:16:38,4,-1,-1,AB6353,0,1,80
T325/2,T339/2,11:17:09,4,-1,1,AB6335,0,1,30
T319,T320,11:17:09,4,-1,-1,AB5457,0,1,40
C695,C673,11:18:13,4,-1,-1,AB6353,0,1,84
T320,T321/2,11:18:13,4,-1,-1,AB5457,0,1,10
C673,C672,11:19:04,4,-1,-1,AB6353,0,1,40
T339/2,T313,11:19:14,4,-1,1,AB6335,0,1,80
T321/2,T323,11:19:24,4,-1,1,AB5457,0,1,40
T323,T324/2,11:20:15,4,-1,1,AB5457,0,1,10
T313,T315,11:20:25,4,-1,1,AB6335,0,1,20
T324/2,T327,11:22:06,4,-1,1,AB5457,0,1,60
T315,T375,11:22:16,4,-1,1,AB6335,0,1,80
C672,C670,11:22:16,4,-1,-1,AB6353,0,1,141
C670,C679,11:23:06,4,-1,-1,AB6353,0,1,40
T327,T326/1,11:23:17,4,-1,1,AB5457,0,1,30
T375,T380,11:23:37,4,-1,1,AB6335,0,1,30
T380,T379,11:23:57,4,-1,1,AB6335,0,1,10
T326/1,T337,11:24:17,4,-1,1,AB5457,0,1,50
C679,C694,11:24:38,4,-1,-1,AB6353,0,1,81
T337,T336/2,11:25:18,4,-1,1,AB5457,0,1,30
C694,C669/2,11:25:38,4,-1,-1,AB6353,0,1,40
T379,T355/1,11:26:19,4,-1,1,AB6335,1,1,111
C669/2,C687,11:27:33,4,-1,2,AB6353,0,1,42
C687,C675,11:28:56,4,-1,2,AB6353,0,1,73
C675,C668,11:29:17,4,-1,1,AB6353,0,1,10
C668,C678,11:29:48,4,-1,1,AB6353,0,1,20
C678,C665,11:30:40,4,-1,1,AB6353,0,1,20
C665,C663,11:31:11,4,-1,1,AB6353,0,1,20
C663,C661,11:32:24,4,-1,1,AB6353,0,1,30
C688/1,C691,11:32:55,4,-1,1,AB6335,0,1,60
C661,C659,11:33:05,4,-1,1,AB6353,0,1,30
C691,C652,11:34:17,4,-1,1,AB6335,0,1,40
C652,C655,11:35:48,4,-1,1,AB6335,0,1,50
C659,C656,11:35:58,4,-1,1,AB6353,0,1,131
C656,C654/2,11:36:58,4,-1,1,AB6353,0,1,50
C655,C660,11:38:10,4,-1,1,AB6335,1,1,101
C654/2,C653,11:38:37,4,-1,1,AB6353,0,1,57
C660,C662,11:38:47,4,-1,1,AB6335,0,1,10
C662,C664,11:39:28,4,-1,1,AB6335,0,1,20
C664,C677,11:40:08,4,-1,1,AB6335,1,1,30
C677,C667,11:40:38,4,-1,1,AB6335,0,1,10
C653,C692,11:40:48,4,-1,1,AB6353,0,1,90
C667,C676,11:41:29,4,-1,-1,AB6335,0,1,20
C692,C689/1,11:41:49,4,-1,1,AB6353,0,1,20
C676,C680,11:43:01,4,-1,-1,AB6335,0,1,81
C680,C669/1,11:44:34,4,-1,1,AB6335,0,1,50
T336/2,T335,11:45:24,4,-1,1,AB5996,0,1,20
C689/1,T360,11:45:24,4,-1,1,AB6353,0,1,184
C669/1,C693,11:46:05,4,-1,1,AB6335,0,1,70
T335,T338,11:46:15,4,-1,1,AB5996,0,1,10
T360,T376/1,11:47:07,4,-1,1,AB6353,0,1,72
T338,T326/3,11:47:37,4,-1,-1,AB5996,0,1,72
C693,C681,11:47:47,4,-1,1,AB6335,0,1,71
T376/1,T363/1,11:48:38,4,-1,1,AB6353,0,1,40
C681,C671,11:49:08,4,-1,-1,AB6335,0,1,50
T326/3,T325/2,11:50:09,4,-1,1,AB5996,1,1,141
T363/1,T306,11:50:29,4,-1,1,AB6353,0,1,70
C671,C695,11:50:59,4,-1,-1,AB6335,0,1,90
T325/2,T339/2,11:51:10,4,-1,1,AB5996,0,1,30
T306,T314/2,11:51:20,4,-1,-1,AB6353,0,1,40
T339/2,T313,11:52:31,4,-1,1,AB5996,0,1,50
C695,C673,11:52:42,4,-1,-1,AB6335,0,1,81
T318,T319,11:52:52,4,-1,-1,AB6353,0,1,10
T313,T315,11:53:12,4,-1,1,AB5996,0,1,10
C673,C672,11:53:12,4,-1,1,AB6335,0,1,20
T319,T320,11:54:03,4,-1,-1,AB6353,0,1,60
T315,T375,11:54:33,4,-1,1,AB5996,0,2,70
T320,T321/2,11:55:14,4,-1,-1,AB6353,0,2,20
T321/2,T323,11:56:24,4,-1,1,AB6353,0,2,30
T375,T380,11:56:45,4,-1,1,AB5996,0,2,80
C672,C679,11:56:55,4,-1,1,AB6335,1,2,172
T323,T324/2,11:57:15,4,-1,1,AB6353,0,2,20
T380,T379,11:57:55,4,-1,1,AB5996,0,2,20
T379,T359,11:58:56,4,-1,1,AB5996,0,2,30
T324/2,T327,11:58:56,4,-1,1,AB6353,0,2,80
C679,C694,11:59:06,4,-1,-1,AB6335,0,2,80
C694,C669/2,11:59:57,4,-1,-1,AB6335,0,2,30
T359,T355/1,12:00:47,4,-1,1,AB5996,0,2,90
C669/2,C687,12:01:58,4,-1,1,AB6335,0,2,30
C687,C675,12:04:10,4,-1,1,AB6335,0,2,60
C675,C668,12:04:52,4,-1,1,AB6335,0,2,10
C668,C678,12:05:44,4,-1,1,AB6335,0,2,10
C678,C665,12:06:35,4,-1,1,AB6335,0,2,20
C665,C663,12:06:55,4,-1,1,AB6335,0,2,10
C688/1,C691,12:07:15,4,-1,1,AB5996,0,2,70
C663,C661,12:08:06,4,-1,1,AB6335,0,2,30
C661,C659,12:08:36,4,-1,1,AB6335,0,2,20
C691,C652,12:09:17,4,-1,1,AB5996,0,2,91
C659,C656,12:09:58,4,-1,1,AB6335,0,2,41
C652,C655,12:10:29,4,-1,1,AB5996,0,2,40
C656,C654/2,12:10:59,4,-1,1,AB6335,0,2,50
C655,C657,12:11:40,4,-1,1,AB5996,0,2,50
C654/2,C653,12:12:10,4,-1,1,AB6335,0,2,50
C657,C660,12:12:42,4,-1,1,AB5996,0,2,52
C660,C662,12:13:33,4,-1,1,AB5996,0,2,20
C662,C664,12:14:03,4,-1,1,AB5996,0,2,20
C664,C666,12:14:34,4,-1,1,AB5996,0,2,20
C666,C677,12:14:54,4,-1,1,AB5996,0,2,10
T337,T336/2,12:14:54,4,-1,1,AB6353,0,2,30
C677,C667,12:15:24,4,-1,1,AB5996,0,2,20
C653,C692,12:15:24,4,-1,1,AB6335,0,2,101
C667,C676,12:15:45,4,-1,-1,AB5996,0,2,10
C676,C680,12:17:06,4,-1,-1,AB5996,0,2,51
C680,C669/1,12:18:17,4,-1,1,AB5996,0,2,40
C692,C689/1,12:18:17,4,-1,1,AB6335,0,2,70
C669/1,C693,12:19:28,4,-1,1,AB5996,0,2,60
C693,C671,12:22:00,4,-1,-1,AB5996,1,2,131
T336/2,T335,12:22:10,4,-1,1,AB6353,0,2,30
C689/1,T360,12:22:10,4,-1,1,AB6335,0,2,172
T360,T376/1,12:23:13,4,-1,1,AB6335,0,2,20
C671,C695,12:23:23,4,-1,-1,AB5996,0,2,73
T338,T326/3,12:23:54,4,-1,-1,AB6353,0,2,61
T326/3,T332/2,12:24:44,4,-1,1,AB6353,0,2,40
T376/1,T363/1,12:25:45,4,-1,1,AB6335,0,2,101
C695,C673,12:25:55,4,-1,-1,AB5996,0,2,111
T332/2,T325/2,12:26:35,4,-1,1,AB6353,0,2,70
C673,C672,12:26:35,4,-1,1,AB5996,0,2,30
T325/2,T339/2,12:27:26,4,-1,1,AB6353,0,2,20
T363/1,T306,12:27:36,4,-1,1,AB6335,0,2,60
T306,T314/2,12:28:48,4,-1,-1,AB6335,0,2,40
T339/2,T313,12:28:58,4,-1,1,AB6353,0,2,50
C672,C670,12:29:08,4,-1,1,AB5996,0,2,112
C670,C679,12:29:49,4,-1,1,AB5996,0,2,30
T314/2,T318,12:30:39,4,-1,-1,AB6335,0,2,30
T313,T375,12:31:20,4,-1,1,AB6353,1,2,91
C679,C694,12:31:20,4,-1,-1,AB5996,0,2,81
C694,C669/2,12:32:01,4,-1,-1,AB5996,0,2,30
T375,T380,12:32:34,4,-1,1,AB6353,0,2,33
T319,T320,12:32:34,4,-1,-1,AB6335,0,2,53
C669/2,C687,12:32:54,4,-1,1,AB5996,0,2,20
T380,T379,12:33:35,4,-1,1,AB6353,0,2,20
T320,T321/2,12:33:45,4,-1,-1,AB6335,0,2,10
C687,C675,12:34:25,4,-1,1,AB5996,0,2,60
T379,T359,12:34:56,4,-1,1,AB6353,0,2,40
C675,C668,12:34:56,4,-1,1,AB5996,0,2,20
C668,C678,12:35:16,4,-1,1,AB5996,0,2,10
T321/2,T323,12:35:36,4,-1,1,AB6335,0,2,60
C678,C665,12:35:46,4,-1,1,AB5996,0,2,20
C665,C663,12:36:07,4,-1,1,AB5996,0,2,10
T359,T355/1,12:36:17,4,-1,1,AB6353,0,2,60
C663,C659,12:37:27,4,-1,1,AB5996,1,2,70
C659,C656,12:38:59,4,-1,1,AB5996,0,2,40
C656,C654/2,12:39:49,4,-1,1,AB5996,0,2,40
T324/2,T327,12:40:10,4,-1,1,AB6335,0,2,152
T327,T326/1,12:40:44,4,-1,1,AB6335,0,2,24
T326/1,T337,12:41:55,4,-1,1,AB6335,0,2,60
C654/2,C653,12:42:05,4,-1,1,AB5996,0,2,70
C688/1,C691,12:42:35,4,-1,1,AB6353,0,2,70
T337,T336/2,12:43:06,4,-1,1,AB6335,0,2,30
C653,C692,12:44:07,4,-1,1,AB5996,0,2,81
C691,C652,12:44:47,4,-1,1,AB6353,0,2,101
C692,C689/1,12:45:28,4,-1,1,AB5996,0,2,30
C652,C655,12:45:48,4,-1,1,AB6353,0,2,40
C655,C657,12:46:59,4,-1,1,AB6353,0,2,40
C657,C660,12:47:49,4,-1,1,AB6353,0,2,40
C689/1,T360,12:48:40,4,-1,1,AB5996,0,2,121
C660,C662,12:48:50,4,-1,1,AB6353,0,2,30
C662,C666,12:49:53,4,-1,1,AB6353,1,2,52
T360,T376/1,12:50:03,4,-1,1,AB5996,0,2,62
C666,C677,12:50:13,4,-1,1,AB6353,0,2,10
C677,C667,12:50:47,4,-1,1,AB6353,0,2,10
C667,C676,12:51:38,4,-1,-1,AB6353,0,2,10
T376/1,T363/1,12:51:58,4,-1,1,AB5996,0,2,104
C676,C680,12:52:48,4,-1,-1,AB6353,0,2,60
C680,C669/1,12:53:49,4,-1,1,AB6353,0,2,30
T363/1,T306,12:53:59,4,-1,1,AB5996,0,2,91
T306,T314/2,12:55:00,4,-1,-1,AB5996,0,2,30
C669/1,C693,12:55:10,4,-1,-1,AB6353,0,2,60
T336/2,T335,12:56:05,4,-1,1,AB6335,0,2,44
T318,T319,12:56:15,4,-1,-1,AB5996,0,2,10
C693,C681,12:56:35,4,-1,1,AB6353,0,2,75
T319,T320,12:57:16,4,-1,-1,AB5996,0,2,50
C681,C671,12:57:36,4,-1,-1,AB6353,0,2,50
T320,T321/2,12:58:37,4,-1,-1,AB5996,0,2,20
T338,T326/3,12:58:47,4,-1,-1,AB6335,0,2,60
C671,C695,12:59:17,4,-1,-1,AB6353,0,2,90
T321/2,T323,12:59:37,4,-1,1,AB5996,0,2,30
T326/3,T332/2,12:59:58,4,-1,1,AB6335,0,2,50
T323,T324/2,13:00:48,4,-1,-1,AB5996,0,2,20
C695,C673,13:00:58,4,-1,-1,AB6353,0,2,91
C673,C672,13:01:49,4,-1,-1,AB6353,0,2,40
T332/2,T325/2,13:02:19,4,-1,-1,AB6335,0,2,91
T324/2,T327,13:02:39,4,-1,-1,AB5996,0,2,60
T325/2,T339/2,13:03:10,4,-1,-1,AB6335,0,2,20
T327,T326/1,13:03:10,4,-1,-1,AB5996,0,2,20
T326/1,T337,13:04:21,4,-1,-1,AB5996,0,2,60
C672,C670,13:04:42,4,-1,-1,AB6353,0,2,142
T339/2,T313,13:05:02,4,-1,1,AB6335,0,2,72
T337,T336/2,13:05:02,4,-1,1,AB5996,0,2,30
C670,C679,13:05:33,4,-1,1,AB6353,0,2,30
T313,T315,13:06:13,4,-1,1,AB6335,0,2,20
C679,C694,13:07:14,4,-1,-1,AB6353,0,2,81
T315,T375,13:07:35,4,-1,1,AB6335,0,2,71
C694,C669/2,13:08:36,4,-1,-1,AB6353,0,2,41
T375,T380,13:09:37,4,-1,1,AB6335,0,2,81
C669/2,C687,13:09:57,4,-1,-1,AB6353,0,2,30
T380,T379,13:10:28,4,-1,1,AB6335,0,2,20
T379,T359,13:10:59,4,-1,1,AB6335,0,2,21
C687,C675,13:11:29,4,-1,1,AB6353,0,2,61
T359,T355/1,13:12:10,4,-1,1,AB6335,0,2,60
C675,C678,13:12:53,4,-1,1,AB6353,1,2,53
C678,C665,13:13:23,4,-1,1,AB6353,0,2,20
C665,C661,13:14:24,4,-1,1,AB6353,1,2,50
C661,C659,13:15:04,4,-1,1,AB6353,0,2,30
C659,C656,13:16:25,4,-1,1,AB6353,0,2,40
C656,C654/2,13:17:26,4,-1,1,AB6353,0,2,50
C688/1,C691,13:18:27,4,-1,1,AB6335,0,2,81
C654/2,C653,13:18:47,4,-1,1,AB6353,0,2,40
C691,C652,13:20:49,4,-1,1,AB6335,0,2,101
C653,C692,13:21:09,4,-1,2,AB6353,0,2,111
C652,C655,13:22:10,4,-1,1,AB6335,0,2,40
C692,C689/1,13:22:20,4,-1,1,AB6353,0,2,20
C655,C660,13:24:15,4,-1,1,AB6335,1,2,94
C660,C662,13:25:05,4,-1,1,AB6335,0,1,20
C689/1,T360,13:25:35,4,-1,1,AB6353,0,1,134
C662,C664,13:25:46,4,-1,1,AB6335,0,1,30
C664,C666,13:26:16,4,-1,1,AB6335,0,1,20
C666,C677,13:26:36,4,-1,1,AB6335,0,1,10
T360,T376/1,13:26:56,4,-1,1,AB6353,0,1,50
C677,C667,13:27:06,4,-1,-1,AB6335,0,1,20
C667,C680,13:28:38,4,-1,-1,AB6335,1,1,81
T376/1,T363/1,13:29:28,4,-1,1,AB6353,0,1,141
C680,C669/1,13:29:48,4,-1,1,AB6335,0,1,30
T336/2,T335,13:30:43,4,-1,1,AB5996,0,1,23
T335,T338,13:31:03,4,-1,1,AB5996,0,1,10
T363/1,T306,13:31:03,4,-1,1,AB6353,0,1,53
C669/1,C693,13:31:55,4,-1,1,AB6335,0,1,71
T306,T314/2,13:31:55,4,-1,-1,AB6353,0,1,41
T338,T326/3,13:32:36,4,-1,-1,AB5996,0,1,50
C693,C681,13:33:16,4,-1,1,AB6335,0,1,71
T326/3,T332/2,13:33:26,4,-1,1,AB5996,0,1,30
T332/2,T325/2,13:35:18,4,-1,1,AB5996,0,1,60
T325/2,T339/2,13:35:38,4,-1,1,AB5996,0,1,10
C681,C695,13:35:38,4,-1,-1,AB6335,1,1,131
T319,T320,13:35:38,4,-1,-1,AB6353,0,1,50
T320,T321/2,13:36:38,4,-1,-1,AB6353,0,1,20
C695,C673,13:37:39,4,-1,-1,AB6335,0,1,91
T321/2,T323,13:38:00,4,-1,1,AB6353,0,1,20
T339/2,T313,13:38:10,4,-1,1,AB5996,0,1,111
C673,C672,13:38:20,4,-1,1,AB6335,0,1,30
T313,T315,13:38:50,4,-1,1,AB5996,0,1,20
T323,T324/2,13:39:20,4,-1,1,AB6353,0,1,20
T315,T375,13:40:24,4,-1,1,AB5996,0,1,84
T324/2,T327,13:41:05,4,-1,1,AB6353,0,1,70
C672,C670,13:41:25,4,-1,1,AB6335,0,1,144
T375,T380,13:41:45,4,-1,1,AB5996,0,1,20
T380,T379,13:42:15,4,-1,1,AB5996,0,1,10
C670,C679,13:42:36,4,-1,1,AB6335,0,1,30
T379,T359,13:43:26,4,-1,1,AB5996,0,1,40
T327,T337,13:43:47,4,-1,1,AB6353,1,1,121
C679,C694,13:44:07,4,-1,-1,AB6335,0,1,81
T337,T336/2,13:44:37,4,-1,1,AB6353,0,1,30
C694,C669/2,13:44:47,4,-1,-1,AB6335,0,1,30
T359,T355/1,13:44:57,4,-1,1,AB5996,0,1,70
C669/2,C687,13:46:08,4,-1,1,AB6335,0,1,30
C687,C675,13:47:59,4,-1,1,AB6335,0,1,70
C675,C668,13:49:15,4,-1,1,AB6335,0,1,20
C688/1,C691,13:50:05,4,-1,1,AB5996,0,1,70
C668,C678,13:50:16,4,-1,1,AB6335,0,1,20
C678,C665,13:50:47,4,-1,1,AB6335,0,1,21
C665,C663,13:51:07,4,-1,-1,AB6335,0,1,10
C691,C652,13:52:18,4,-1,1,AB5996,0,1,101
C663,C661,13:52:18,4,-1,-1,AB6335,0,1,40
C661,C659,13:52:58,4,-1,1,AB6335,0,1,30
C652,C655,13:53:29,4,-1,1,AB5996,0,1,40
C655,C657,13:54:40,4,-1,-1,AB5996,0,1,50
C659,C656,13:55:00,4,-1,1,AB6335,0,1,50
C657,C660,13:55:45,4,-1,1,AB5996,0,1,54
C656,C654/2,13:56:05,4,-1,1,AB6335,0,1,54
C660,C664,13:57:26,4,-1,1,AB5996,1,1,50
C654/2,C653,13:57:47,4,-1,1,AB6335,0,1,71
C664,C677,13:58:28,4,-1,1,AB5996,1,1,40
C677,C667,13:58:58,4,-1,1,AB5996,0,1,20
C653,C692,13:59:18,4,-1,1,AB6335,0,1,60
C667,C676,13:59:28,4,-1,-1,AB5996,0,1,20
C676,C680,14:00:39,4,-1,-1,AB5996,0,1,60
C692,C689/1,14:01:30,4,-1,1,AB6335,0,1,60
C680,C669/1,14:01:50,4,-1,1,AB5996,0,1,50
C669/1,C693,14:03:13,4,-1,1,AB5996,0,1,62
C689/1,T360,14:04:44,4,-1,1,AB6335,0,1,144
T336/2,T335,14:04:55,4,-1,1,AB6353,0,1,30
C693,C681,14:04:55,4,-1,1,AB5996,0,1,71
T335,T338,14:05:35,4,-1,1,AB6353,0,1,10
T360,T376/1,14:06:05,4,-1,1,AB6335,0,1,40
T338,T326/3,14:07:16,4,-1,-1,AB6353,0,1,60
C681,C695,14:07:16,4,-1,-1,AB5996,1,1,131
T326/3,T332/2,14:08:17,4,-1,1,AB6353,0,1,50
C695,C673,14:08:47,4,-1,-1,AB5996,0,1,80
T376/1,T363/1,14:08:47,4,-1,1,AB6335,0,1,151
T332/2,T325/2,14:10:08,4,-1,1,AB6353,0,1,60
C673,C672,14:10:18,4,-1,1,AB5996,0,1,50
T363/1,T306,14:10:28,4,-1,1,AB6335,0,1,60
T325/2,T339/2,14:11:09,4,-1,1,AB6353,0,1,20
T306,T314/2,14:11:29,4,-1,-1,AB6335,0,1,40
T314/2,T318,14:12:30,4,-1,-1,AB6335,0,1,10
C672,C670,14:12:50,4,-1,1,AB5996,0,1,121
T318,T319,14:13:00,4,-1,-1,AB6335,0,1,10
T339/2,T313,14:13:10,4,-1,1,AB6353,0,1,80
C670,C679,14:13:43,4,-1,1,AB5996,0,1,43
T313,T315,14:14:04,4,-1,1,AB6353,0,1,20
T319,T320,14:14:14,4,-1,-1,AB6335,0,1,53
C679,C694,14:15:14,4,-1,-1,AB5996,0,1,70
T320,T321/2,14:15:35,4,-1,-1,AB6335,0,1,10
T315,T375,14:15:55,4,-1,1,AB6353,0,1,101
C694,C669/2,14:16:35,4,-1,-1,AB5996,0,1,40
T321/2,T323,14:16:46,4,-1,1,AB6335,0,1,30
T375,T380,14:17:06,4,-1,1,AB6353,0,1,20
C669/2,C687,14:17:26,4,-1,2,AB5996,0,1,30
T380,T379,14:17:46,4,-1,1,AB6353,0,1,10
T323,T324/2,14:17:46,4,-1,1,AB6335,0,1,10
T379,T359,14:18:37,4,-1,1,AB6353,0,1,20
C687,C675,14:18:57,4,-1,1,AB5996,0,1,50
C675,C668,14:19:28,4,-1,1,AB5996,0,1,20
T324/2,T327,14:19:28,4,-1,1,AB6335,0,1,61
C668,C678,14:19:48,4,-1,1,AB5996,0,1,10
T327,T326/1,14:20:08,4,-1,1,AB6335,0,1,30
T359,T355/1,14:20:18,4,-1,1,AB6353,0,1,70
C678,C665,14:20:18,4,-1,1,AB5996,0,1,20
C665,C663,14:20:39,4,-1,1,AB5996,0,1,10
C663,C661,14:21:39,4,-1,1,AB5996,0,1,30
T326/1,T337,14:21:39,4,-1,1,AB6335,0,1,80
C661,C659,14:22:53,4,-1,1,AB5996,0,1,63
T337,T336/2,14:22:53,4,-1,1,AB6335,0,1,33
C659,C656,14:24:44,4,-1,1,AB5996,0,1,60
C656,C654/2,14:26:05,4,-1,1,AB5996,0,1,50
C654/2,C653,14:27:16,4,-1,1,AB5996,0,1,40
C688/1,C691,14:27:37,4,-1,1,AB6353,0,1,91
C653,C692,14:28:07,4,-1,1,AB5996,0,1,40
C691,C652,14:29:08,4,-1,1,AB6353,0,1,70
C652,C655,14:29:48,4,-1,1,AB6353,0,1,30
C692,C689/1,14:30:09,4,-1,1,AB5996,0,1,50
C655,C657,14:31:19,4,-1,1,AB6353,0,1,40
C657,C660,14:33:01,4,-1,1,AB6353,0,1,81
C689/1,T360,14:33:01,4,-1,1,AB5996,0,1,111
T360,T376/1,14:34:25,4,-1,1,AB5996,0,1,50
C660,C664,14:34:36,4,-1,1,AB6353,1,1,60
C664,C666,14:35:06,4,-1,1,AB6353,0,1,20
C666,C677,14:35:26,4,-1,1,AB6353,0,1,10
C677,C667,14:35:57,4,-1,2,AB6353,0,1,20
T376/1,T363/1,14:36:27,4,-1,2,AB5996,0,1,101
C667,C680,14:37:28,4,-1,-1,AB6353,1,1,80
T363/1,T306,14:38:08,4,-1,2,AB5996,0,1,60
C680,C669/1,14:38:18,4,-1,1,AB6353,0,1,20
T306,T318,14:38:59,4,-1,-1,AB5996,1,1,40
T336/2,T335,14:39:09,4,-1,1,AB6335,0,1,20
T335,T338,14:39:59,4,-1,1,AB6335,0,1,20
T318,T319,14:41:02,4,-1,-1,AB5996,0,1,63
T338,T326/3,14:41:33,4,-1,-1,AB6335,0,1,83
C669/1,C681,14:41:33,4,-1,1,AB6353,1,1,144
T319,T320,14:42:13,4,-1,-1,AB5996,0,1,50
C681,C671,14:42:35,4,-1,-1,AB6353,0,1,51
T326/3,T332/2,14:42:45,4,-1,1,AB6335,0,1,41
T320,T321/2,14:44:06,4,-1,-1,AB5996,0,1,20
C671,C695,14:44:16,4,-1,-1,AB6353,0,1,90
T332/2,T325/2,14:44:46,4,-1,1,AB6335,0,1,81
T321/2,T323,14:45:17,4,-1,1,AB5996,0,1,30
T325/2,T339/2,14:45:47,4,-1,1,AB6335,0,1,20
T323,T324/2,14:46:17,4,-1,1,AB5996,0,1,10
C695,C672,14:46:58,4,-1,1,AB6353,1,1,131
T324/2,T327,14:47:28,4,-1,1,AB5996,0,1,60
T339/2,T313,14:47:48,4,-1,1,AB6335,0,1,80
T313,T315,14:48:39,4,-1,1,AB6335,0,1,20
T327,T326/1,14:48:39,4,-1,1,AB5996,0,1,40
T326/1,T337,14:49:40,4,-1,1,AB5996,0,1,50
C672,C670,14:49:50,4,-1,1,AB6353,0,1,131
T337,T336/2,14:50:20,4,-1,1,AB5996,0,1,30
C670,C679,14:50:32,4,-1,1,AB6353,0,1,32
C679,C694,14:51:53,4,-1,-1,AB6353,0,1,70
T315,T375,14:52:03,4,-1,1,AB6335,0,1,184
C694,C669/2,14:52:54,4,-1,-1,AB6353,0,1,40
T375,T380,14:53:54,4,-1,1,AB6335,0,1,70
C669/2,C687,14:53:54,4,-1,1,AB6353,0,1,30
T380,T379,14:54:45,4,-1,1,AB6335,0,1,10
C687,C675,14:55:15,4,-1,1,AB6353,0,1,50
C675,C668,14:55:47,4,-1,1,AB6353,0,1,21
T379,T359,14:55:57,4,-1,1,AB6335,0,1,20
C668,C678,14:56:07,4,-1,1,AB6353,0,1,10
C678,C665,14:56:48,4,-1,1,AB6353,0,1,20
C665,C663,14:57:18,4,-1,1,AB6353,0,1,20
T359,T355/1,14:57:28,4,-1,1,AB6335,0,1,70
C663,C661,14:57:58,4,-1,1,AB6353,0,1,30
C661,C659,14:59:19,4,-1,1,AB6353,0,1,60
C659,C656,15:00:33,4,-1,1,AB6353,0,1,43
C688/1,C691,15:02:55,4,-1,1,AB6335,0,1,40
C691,C652,15:04:57,4,-1,1,AB6335,0,1,81
C652,C655,15:06:08,4,-1,1,AB6335,0,1,30
C655,C657,15:07:19,4,-1,1,AB6335,0,1,40
C657,C660,15:08:45,4,-1,1,AB6335,0,1,34
C660,C662,15:09:45,4,-1,1,AB6335,0,1,30
C662,C664,15:10:26,4,-1,1,AB6335,0,1,30
C664,C666,15:11:06,4,-1,1,AB6335,0,1,20
C666,C677,15:11:36,4,-1,1,AB6335,0,1,20
C677,C667,15:12:17,4,-1,1,AB6335,0,1,20
C667,C676,15:12:48,4,-1,-1,AB6335,0,1,20
T336/2,T335,15:13:08,4,-1,1,AB5996,0,1,60
T335,T338,15:13:48,4,-1,1,AB5996,0,1,10
C676,C680,15:13:59,4,-1,-1,AB6335,0,1,60
C680,C669/1,15:15:00,4,-1,1,AB6335,0,1,31
T338,T326/3,15:15:10,4,-1,-1,AB5996,0,1,61
T326/3,T332/2,15:16:04,4,-1,1,AB5996,0,1,43
C669/1,C693,15:16:44,4,-1,1,AB6335,0,1,60
T332/2,T325/2,15:18:07,4,-1,1,AB5996,0,1,72
C693,C681,15:18:27,4,-1,1,AB6335,0,1,72
T325/2,T339/2,15:19:08,4,-1,1,AB5996,0,1,20
C681,C671,15:19:18,4,-1,-1,AB6335,0,1,40
T360,T376/1,15:20:18,4,-1,1,AB6353,0,1,30
C671,C695,15:20:49,4,-1,-1,AB6335,0,1,81
T339/2,T313,15:21:39,4,-1,1,AB5996,0,1,101
T376/1,T363/1,15:21:39,4,-1,1,AB6353,0,1,70
C695,C673,15:22:32,4,-1,-1,AB6335,0,1,82
T313,T315,15:22:42,4,-1,1,AB5996,0,1,21
C673,C672,15:23:02,4,-1,1,AB6335,0,1,20
T363/1,T306,15:23:22,4,-1,1,AB6353,0,1,62
T306,T318,15:24:25,4,-1,-1,AB6353,1,1,40
T318,T319,15:25:38,4,-1,-1,AB6353,0,1,50
T315,T375,15:25:48,4,-1,1,AB5996,0,1,145
T319,T320,15:26:49,4,-1,-1,AB6353,0,1,50
T375,T380,15:27:39,4,-1,1,AB5996,0,1,50
C672,C679,15:27:39,4,-1,1,AB6335,1,1,171
T320,T321/2,15:28:21,4,-1,-1,AB6353,0,1,20
T380,T379,15:28:34,4,-1,1,AB5996,0,1,13
C679,C694,15:29:04,4,-1,-1,AB6335,0,1,74
T321/2,T323,15:29:04,4,-1,1,AB6353,0,1,30
T379,T359,15:29:25,4,-1,1,AB5996,0,1,20
T323,T324/2,15:29:55,4,-1,1,AB6353,0,1,20
C694,C669/2,15:30:05,4,-1,-1,AB6335,0,1,40
T359,T355/1,15:30:56,4,-1,1,AB5996,0,1,60
C669/2,C687,15:31:36,4,-1,-1,AB6335,0,1,30
T324/2,T327,15:31:36,4,-1,1,AB6353,0,1,60
T327,T326/1,15:32:37,4,-1,1,AB6353,0,1,30
C687,C675,15:33:07,4,-1,1,AB6335,0,1,80
C675,C668,15:33:37,4,-1,1,AB6335,0,1,20
T326/1,T337,15:33:48,4,-1,1,AB6353,0,1,60
C668,C678,15:33:58,4,-1,1,AB6335,0,1,10
T337,T336/2,15:34:38,4,-1,1,AB6353,0,1,30
C678,C665,15:34:58,4,-1,1,AB6335,0,1,20
C665,C663,15:35:29,4,-1,1,AB6335,0,1,20
C663,C661,15:36:29,4,-1,1,AB6335,0,1,30
C688/1,C691,15:37:10,4,-1,1,AB5996,0,1,50
C661,C659,15:37:10,4,-1,1,AB6335,0,1,30
C659,C656,15:38:23,4,-1,1,AB6335,0,1,40
C656,C654/2,15:39:13,4,-1,1,AB6335,0,1,40
C691,C652,15:39:54,4,-1,1,AB5996,0,1,101
C654/2,C653,15:40:24,4,-1,1,AB6335,0,1,40
C652,C655,15:41:04,4,-1,1,AB5996,0,1,40
C655,C657,15:42:26,4,-1,1,AB5996,0,1,50
C653,C692,15:43:06,4,-1,1,AB6335,0,1,71
C657,C660,15:43:27,4,-1,1,AB5996,0,1,50
C660,C662,15:44:17,4,-1,1,AB5996,0,1,20
C692,C689/1,15:44:38,4,-1,1,AB6335,0,1,40
C689/1,T360,15:47:50,4,-1,1,AB6335,0,1,141
T336/2,T335,15:48:33,4,-1,1,AB6353,0,1,33
T335,T338,15:49:24,4,-1,1,AB6353,0,1,20
C680,C669/1,15:49:34,4,-1,1,AB5996,0,1,20
T360,T376/1,15:49:34,4,-1,1,AB6335,0,1,60
T338,T326/3,15:50:45,4,-1,-1,AB6353,0,1,70
C669/1,C693,15:51:05,4,-1,1,AB5996,0,1,50
T376/1,T363/1,15:51:36,4,-1,1,AB6335,0,1,111
T326/3,T332/2,15:51:46,4,-1,1,AB6353,0,1,40
C693,C681,15:52:57,4,-1,1,AB5996,0,1,91
T332/2,T325/2,15:53:17,4,-1,1,AB6353,0,1,50
C681,C671,15:54:07,4,-1,-1,AB5996,0,1,60
T363/1,T306,15:54:07,4,-1,1,AB6335,0,1,101
T325/2,T339/2,15:54:18,4,-1,2,AB6353,0,1,20
T306,T314/2,15:55:38,4,-1,-1,AB6335,0,1,40
C671,C695,15:55:49,4,-1,-1,AB5996,0,1,70
T339/2,T313,15:56:33,4,-1,1,AB6353,0,1,75
T318,T319,15:57:24,4,-1,-1,AB6335,0,1,64
T313,T315,15:57:34,4,-1,1,AB6353,0,1,10
C695,C672,15:58:35,4,-1,1,AB5996,1,1,136
T315,T375,15:59:26,4,-1,1,AB6353,0,1,91
T319,T320,15:59:26,4,-1,-1,AB6335,0,1,101
T320,T321/2,16:00:57,4,-1,-1,AB6335,0,1,10
T375,T380,16:01:07,4,-1,1,AB6353,0,1,50
C672,C670,16:01:27,4,-1,1,AB5996,0,1,131
T380,T379,16:02:08,4,-1,1,AB6353,0,1,20
C670,C679,16:02:18,4,-1,1,AB5996,0,1,40
T321/2,T323,16:02:48,4,-1,1,AB6335,0,1,30
T379,T359,16:03:18,4,-1,1,AB6353,0,1,60
T323,T324/2,16:03:18,4,-1,1,AB6335,0,1,10
C679,C694,16:03:49,4,-1,-1,AB5996,0,1,80
T359,T355/1,16:04:49,4,-1,1,AB6353,0,1,60
T324/2,T327,16:05:00,4,-1,1,AB6335,0,1,91
C694,C669/2,16:05:10,4,-1,-1,AB5996,0,1,40
T327,T326/1,16:05:53,4,-1,1,AB6335,0,1,20
C669/2,C687,16:06:13,4,-1,1,AB5996,0,1,30
T326/1,T337,16:06:53,4,-1,1,AB6335,0,1,50
T337,T336/2,16:07:34,4,-1,1,AB6335,0,1,20
C687,C675,16:07:54,4,-1,1,AB5996,0,1,60
C675,C668,16:08:24,4,-1,1,AB5996,0,1,20
C668,C678,16:08:45,4,-1,1,AB5996,0,1,10
C678,C665,16:09:25,4,-1,1,AB5996,0,1,30
C665,C663,16:09:45,4,-1,1,AB5996,0,1,10
C688/1,C691,16:11:06,4,-1,1,AB6353,0,1,40
C691,C652,16:13:48,4,-1,1,AB6353,0,1,121
C652,C655,16:15:09,4,-1,1,AB6353,0,1,40
C655,C657,16:16:20,4,-1,1,AB6353,0,1,40
C653,C692,16:16:33,4,-1,2,AB5996,0,1,94
C657,C660,16:17:24,4,-1,1,AB6353,0,1,30
C692,C689/1,16:17:24,4,-1,1,AB5996,0,1,40
C660,C664,16:19:15,4,-1,1,AB6353,1,1,60
C664,C677,16:20:06,4,-1,1,AB6353,1,1,40
C677,C667,16:20:46,4,-1,1,AB6353,0,1,20
C667,C676,16:21:17,4,-1,-1,AB6353,0,1,20
C689/1,T360,16:21:27,4,-1,1,AB5996,0,1,182
T336/2,T335,16:22:07,4,-1,1,AB6335,0,1,20
T335,T338,16:22:38,4,-1,1,AB6335,0,1,20
C676,C680,16:22:48,4,-1,-1,AB6353,0,1,60
T360,T376/1,16:23:08,4,-1,1,AB5996,0,1,70
C680,C669/1,16:23:38,4,-1,1,AB6353,0,1,30
T338,T326/3,16:24:19,4,-1,-1,AB6335,0,1,60
C669/1,C693,16:25:14,4,-1,1,AB6353,0,1,75
T376/1,T363/1,16:25:14,4,-1,1,AB5996,0,1,116
T326/3,T332/2,16:25:24,4,-1,1,AB6335,0,1,40
C693,C681,16:26:25,4,-1,1,AB6353,0,1,60
C681,C671,16:27:26,4,-1,-1,AB6353,0,1,50
T363/1,T306,16:27:26,4,-1,1,AB5996,0,1,80
T332/2,T325/2,16:29:07,4,-1,1,AB6335,0,1,151
C671,C695,16:29:17,4,-1,-1,AB6353,0,1,80
T325/2,T339/2,16:29:37,4,-1,2,AB6335,0,1,20
C695,C673,16:30:48,4,-1,-1,AB6353,0,1,80
T306,T314/2,16:30:48,4,-1,-1,AB5996,0,1,171
T339/2,T313,16:31:08,4,-1,1,AB6335,0,1,40
C673,C672,16:31:49,4,-1,1,AB6353,0,1,20
T313,T315,16:32:19,4,-1,1,AB6335,0,1,20
T319,T320,16:33:34,4,-1,-1,AB5996,0,1,43
T315,T375,16:33:54,4,-1,1,AB6335,0,1,64
T320,T321/2,16:34:24,4,-1,-1,AB5996,0,1,10
C672,C670,16:34:44,4,-1,1,AB6353,0,1,134
T375,T380,16:35:05,4,-1,1,AB6335,0,1,30
C670,C679,16:35:35,4,-1,1,AB6353,0,1,30
T321/2,T323,16:35:35,4,-1,1,AB5996,0,1,30
T380,T379,16:35:55,4,-1,1,AB6335,0,1,10
T379,T359,16:36:26,4,-1,1,AB6335,0,1,20
C679,C694,16:37:26,4,-1,-1,AB6353,0,1,80
T359,T355/1,16:37:46,4,-1,1,AB6335,0,1,70
C694,C669/2,16:38:07,4,-1,-1,AB6353,0,1,30
T323,T324/2,16:38:27,4,-1,1,AB5996,0,1,20
C669/2,C687,16:39:28,4,-1,1,AB6353,0,1,30
T324/2,T327,16:40:08,4,-1,1,AB5996,0,1,70
C687,C675,16:40:38,4,-1,1,AB6353,0,1,60
T327,T326/1,16:40:48,4,-1,1,AB5996,0,1,30
C675,C668,16:41:09,4,-1,1,AB6353,0,1,20
C668,C678,16:41:29,4,-1,1,AB6353,0,1,10
C678,C665,16:41:59,4,-1,1,AB6353,0,1,20
T326/1,T337,16:41:59,4,-1,1,AB5996,0,1,60
C665,C663,16:42:20,4,-1,1,AB6353,0,1,10
C663,C661,16:43:02,4,-1,1,AB6353,0,1,30
T337,T336/2,16:43:12,4,-1,1,AB5996,0,1,40
C661,C659,16:43:34,4,-1,1,AB6353,0,1,22
C688/1,C691,16:44:35,4,-1,1,AB6335,0,1,60
C659,C656,16:44:55,4,-1,1,AB6353,0,1,50
C656,C654/2,16:45:47,4,-1,1,AB6353,0,1,41
C691,C652,16:47:08,4,-1,1,AB6335,0,1,112
C654/2,C653,16:47:38,4,-1,1,AB6353,0,1,71
C652,C655,16:48:19,4,-1,1,AB6335,0,1,40
C655,C657,16:49:29,4,-1,1,AB6335,0,1,40
C653,C692,16:49:39,4,-1,1,AB6353,0,1,80
C657,C660,16:50:52,4,-1,1,AB6335,0,1,42
C692,C689/1,16:51:02,4,-1,1,AB6353,0,1,52
C660,C662,16:51:53,4,-1,1,AB6335,0,1,20
C662,C664,16:52:23,4,-1,1,AB6335,0,1,20
C664,C666,16:52:54,4,-1,1,AB6335,0,1,10
C666,C677,16:53:14,4,-1,1,AB6335,0,1,10
C689/1,T360,16:53:34,4,-1,1,AB6353,0,1,111
C677,C667,16:53:44,4,-1,1,AB6335,0,1,20
C667,C676,16:54:15,4,-1,-1,AB6335,0,1,20
T360,T376/1,16:54:25,4,-1,1,AB6353,0,1,20
C676,C680,16:55:15,4,-1,-1,AB6335,0,1,50
C680,C669/1,16:56:16,4,-1,1,AB6335,0,1,50
T376/1,T363/1,16:56:46,4,-1,1,AB6353,0,1,131
T336/2,T335,16:58:28,4,-1,1,AB5996,0,1,60
T363/1,T306,16:58:48,4,-1,1,AB6353,0,1,70
T335,T338,16:59:28,4,-1,1,AB5996,0,1,10
C669/1,C671,16:59:28,4,-1,-1,AB6335,2,1,171
C671,C695,17:00:59,4,-1,-1,AB6335,0,1,80
T306,T314/2,17:01:09,4,-1,-1,AB6353,0,1,131
T338,T326/3,17:01:20,4,-1,-1,AB5996,0,1,60
T326/3,T332/2,17:02:11,4,-1,1,AB5996,0,1,40
C695,C673,17:02:21,4,-1,-1,AB6335,0,1,71
C673,C672,17:02:51,4,-1,1,AB6335,0,1,20
T318,T319,17:03:22,4,-1,-1,AB6353,0,1,60
T319,T320,17:04:02,4,-1,-1,AB6353,0,1,30
T332/2,T325/2,17:04:43,4,-1,2,AB5996,0,1,101
T320,T321/2,17:05:13,4,-1,-1,AB6353,0,1,20
T325/2,T339/2,17:06:04,4,-1,1,AB5996,0,1,40
C672,C679,17:06:24,4,-1,1,AB6335,1,1,171
T321/2,T323,17:06:24,4,-1,1,AB6353,0,1,30
T323,T324/2,17:07:35,4,-1,1,AB6353,0,1,40
C679,C694,17:07:45,4,-1,-1,AB6335,0,1,70
T339/2,T313,17:08:36,4,-1,1,AB5996,0,1,91
C694,C669/2,17:08:46,4,-1,-1,AB6335,0,1,30
T324/2,T327,17:09:26,4,-1,1,AB6353,0,1,71
T313,T315,17:09:36,4,-1,1,AB5996,0,1,20
C669/2,C687,17:09:36,4,-1,1,AB6335,0,1,20
T327,T326/1,17:10:27,4,-1,1,AB6353,0,1,20
C687,C675,17:10:37,4,-1,1,AB6335,0,1,50
T315,T375,17:10:57,4,-1,1,AB5996,0,1,70
C675,C678,17:11:28,4,-1,1,AB6335,1,1,30
T326/1,T337,17:11:28,4,-1,1,AB6353,0,1,50
T375,T380,17:11:58,4,-1,1,AB5996,0,1,30
T337,T336/2,17:12:18,4,-1,1,AB6353,0,1,30
C678,C665,17:12:28,4,-1,1,AB6335,0,1,30
T380,T379,17:12:39,4,-1,1,AB5996,0,1,10
C665,C663,17:13:09,4,-1,1,AB6335,0,1,10
T379,T359,17:13:29,4,-1,1,AB5996,0,1,20
C663,C661,17:14:10,4,-1,1,AB6335,0,1,20
C661,C659,17:14:42,4,-1,1,AB6335,0,1,10
T359,T355/1,17:15:02,4,-1,1,AB5996,0,1,82
C659,C654/2,17:18:16,4,-1,1,AB6335,1,1,90
C654/2,C653,17:20:07,4,-1,1,AB6335,0,1,30
C688/1,C691,17:20:37,4,-1,1,AB5996,0,1,30
C653,C692,17:22:59,4,-1,1,AB6335,0,1,141
C691,C652,17:23:29,4,-1,1,AB5996,0,1,131
C652,C655,17:24:30,4,-1,1,AB5996,0,1,30
C655,C660,17:26:23,4,-1,1,AB5996,1,1,92
C689/1,T360,17:27:03,4,-1,1,AB6335,0,1,102
C660,C662,17:27:13,4,-1,1,AB5996,0,1,20
C662,C664,17:27:54,4,-1,1,AB5996,0,1,30
C664,C666,17:28:14,4,-1,1,AB5996,0,1,10
T360,T376/1,17:28:25,4,-1,1,AB6335,0,1,40
C666,C677,17:28:45,4,-1,1,AB5996,0,1,10
C677,C667,17:29:15,4,-1,-1,AB5996,0,1,20
C667,C680,17:30:47,4,-1,-1,AB5996,1,1,82
T376/1,T363/1,17:30:57,4,-1,1,AB6335,0,1,142
C680,C669/1,17:31:18,4,-1,1,AB5996,0,1,20
T336/2,T335,17:32:08,4,-1,1,AB6353,0,1,30
T363/1,T306,17:32:49,4,-1,1,AB6335,0,1,70
T335,T338,17:32:59,4,-1,1,AB6353,0,1,10
C669/1,C693,17:33:09,4,-1,1,AB5996,0,1,60
C693,C681,17:34:31,4,-1,1,AB5996,0,1,72
T306,T314/2,17:34:31,4,-1,-1,AB6335,0,1,92
T338,T326/3,17:34:52,4,-1,-1,AB6353,0,1,72
C681,C671,17:35:22,4,-1,-1,AB5996,0,1,40
T314/2,T318,17:35:22,4,-1,-1,AB6335,0,1,10
T326/3,T332/2,17:36:04,4,-1,1,AB6353,0,1,41
T318,T319,17:36:24,4,-1,-1,AB6335,0,1,10
C671,C695,17:36:54,4,-1,-1,AB5996,0,1,80
T319,T320,17:38:05,4,-1,-1,AB6335,0,1,91
T332/2,T325/2,17:38:46,4,-1,1,AB6353,0,1,102
C695,C673,17:39:07,4,-1,-1,AB5996,0,1,92
T325/2,T339/2,17:39:47,4,-1,1,AB6353,0,1,30
C673,C672,17:39:57,4,-1,1,AB5996,0,1,30
T320,T321/2,17:39:57,4,-1,-1,AB6335,0,1,20
T321/2,T323,17:40:48,4,-1,1,AB6335,0,1,30
T323,T324/2,17:41:28,4,-1,1,AB6335,0,1,20
T339/2,T313,17:42:20,4,-1,1,AB6353,0,1,92
T313,T315,17:43:00,4,-1,1,AB6353,0,1,20
C672,C670,17:43:00,4,-1,1,AB5996,0,1,142
T324/2,T327,17:43:10,4,-1,1,AB6335,0,1,60
C670,C679,17:44:04,4,-1,1,AB5996,0,1,30
T327,T326/1,17:44:04,4,-1,1,AB6335,0,1,20
T315,T375,17:44:24,4,-1,1,AB6353,0,1,50
T375,T380,17:45:46,4,-1,1,AB6353,0,1,41
C679,C694,17:45:56,4,-1,-1,AB5996,0,1,81
T326/1,T337,17:46:06,4,-1,1,AB6335,0,1,81
T380,T379,17:46:37,4,-1,1,AB6353,0,1,20
T337,T336/2,17:46:47,4,-1,1,AB6335,0,1,30
C694,C669/2,17:46:57,4,-1,-1,AB5996,0,1,20
T379,T359,17:47:58,4,-1,1,AB6353,0,1,70
C669/2,C687,17:47:58,4,-1,1,AB5996,0,1,30
T359,T355/1,17:48:58,4,-1,1,AB6353,0,1,50
C687,C675,17:49:08,4,-1,1,AB5996,0,1,60
C675,C678,17:50:30,4,-1,1,AB5996,1,1,51
C678,C665,17:51:01,4,-1,1,AB5996,0,1,20
C665,C661,17:52:03,4,-1,1,AB5996,1,1,52
C661,C659,17:52:44,4,-1,1,AB5996,0,1,30
C688/1,C691,17:54:15,4,-1,1,AB6353,0,1,20
C659,C656,17:54:25,4,-1,1,AB5996,0,1,50
C656,C654/2,17:55:26,4,-1,1,AB5996,0,1,50
C691,C652,17:56:47,4,-1,1,AB6353,0,1,111
C654/2,C653,17:56:57,4,-1,1,AB5996,0,1,80
C652,C655,17:57:48,4,-1,1,AB6353,0,1,30
C653,C692,17:58:39,4,-1,1,AB5996,0,1,60
C655,C660,17:59:49,4,-1,1,AB6353,1,1,101
C660,C662,18:00:20,4,-1,-1,AB6353,0,1,20
C692,C689/1,18:00:41,4,-1,-1,AB5996,0,1,62
C662,C664,18:01:02,4,-1,-1,AB6353,0,1,30
C664,C666,18:01:42,4,-1,-1,AB6353,0,1,10
C666,C677,18:02:02,4,-1,-1,AB6353,0,1,10
C677,C676,18:03:03,4,-1,-1,AB6353,1,1,50
C676,C680,18:04:14,4,-1,-1,AB6353,0,1,50
C689/1,T360,18:04:44,4,-1,-1,AB5996,0,1,172
C680,C669/1,18:05:15,4,-1,1,AB6353,0,1,30
T336/2,T335,18:06:56,4,-1,1,AB6335,0,1,40
T360,T376/1,18:07:27,4,-1,1,AB5996,0,1,91
C669/1,C681,18:07:47,4,-1,1,AB6353,1,1,141
T335,T338,18:08:27,4,-1,1,AB6335,0,1,20
C681,C671,18:09:18,4,-1,-1,AB6353,0,1,50
T376/1,T363/1,18:09:28,4,-1,1,AB5996,0,1,71
C671,C695,18:10:50,4,-1,-1,AB6353,0,1,82
T338,T326/3,18:11:33,4,-1,-1,AB6335,0,1,155
C695,C673,18:12:24,4,-1,-1,AB6353,0,1,83
T326/3,T332/2,18:12:54,4,-1,1,AB6335,0,1,60
C673,C672,18:13:25,4,-1,1,AB6353,0,1,40
T363/1,T306,18:14:36,4,-1,1,AB5996,0,1,162
C672,C670,18:15:57,4,-1,1,AB6353,0,1,111
T332/2,T325/2,18:16:38,4,-1,1,AB6335,0,1,161
T306,T318,18:16:58,4,-1,-1,AB5996,1,1,121
T325/2,T339/2,18:17:49,4,-1,2,AB6335,0,1,30
C670,C694,18:18:19,4,-1,-1,AB6353,1,1,121
C694,C669/2,18:19:10,4,-1,-1,AB6353,0,1,30
T318,T319,18:20:02,4,-1,-1,AB5996,0,1,72
C669/2,C687,18:20:34,4,-1,-1,AB6353,0,1,21
T319,T320,18:20:54,4,-1,-1,AB5996,0,1,41
C687,C675,18:22:25,4,-1,1,AB6353,0,1,60
T320,T321/2,18:22:25,4,-1,-1,AB5996,0,1,20
T339/2,T313,18:22:35,4,-1,2,AB6335,0,1,173
C675,C668,18:23:26,4,-1,1,AB6353,0,1,20
T313,T315,18:23:37,4,-1,2,AB6335,0,1,21
T321/2,T323,18:23:37,4,-1,1,AB5996,0,1,21
C668,C678,18:24:07,4,-1,1,AB6353,0,1,10
T323,T324/2,18:24:28,4,-1,1,AB5996,0,1,20
C678,C665,18:24:38,4,-1,1,AB6353,0,1,20
T315,T375,18:24:58,4,-1,1,AB6335,0,1,70
C665,C663,18:24:58,4,-1,1,AB6353,0,1,10
C663,C661,18:25:39,4,-1,-1,AB6353,0,1,30
T375,T380,18:26:19,4,-1,1,AB6335,0,1,30
C661,C659,18:26:19,4,-1,1,AB6353,0,1,30
T380,T379,18:27:10,4,-1,1,AB6335,0,1,10
T324/2,T327,18:27:20,4,-1,1,AB5996,0,1,91
C659,C656,18:27:34,4,-1,1,AB6353,0,1,34
T327,T326/1,18:28:25,4,-1,1,AB5996,0,1,30
T379,T359,18:28:35,4,-1,1,AB6335,0,1,40
C656,C654/2,18:29:05,4,-1,1,AB6353,0,1,50
T359,T355/1,18:29:46,4,-1,1,AB6335,0,1,60
T326/1,T337,18:30:06,4,-1,1,AB5996,0,1,70
C654/2,C653,18:30:46,4,-1,1,AB6353,0,1,80
T337,T336/2,18:31:07,4,-1,1,AB5996,0,1,30
C653,C692,18:32:07,4,-1,1,AB6353,0,1,40
C692,C689/1,18:33:29,4,-1,1,AB6353,0,1,30
C688/1,C691,18:35:43,4,-1,1,AB6335,0,1,50
C689/1,T360,18:37:04,4,-1,1,AB6353,0,1,184
C691,C652,18:37:14,4,-1,1,AB6335,0,1,60
C652,C655,18:38:15,4,-1,1,AB6335,0,1,30
C655,C657,18:39:35,4,-1,1,AB6335,0,1,50
C657,C662,18:40:57,4,-1,1,AB6335,1,1,71
C662,C664,18:41:27,4,-1,1,AB6335,0,1,20
C664,C666,18:41:57,4,-1,1,AB6335,0,1,10
C666,C677,18:42:18,4,-1,1,AB6335,0,1,10
C677,C667,18:42:48,4,-1,1,AB6335,0,1,20
T336/2,T335,18:43:08,4,-1,1,AB5996,0,1,30
C667,C676,18:43:08,4,-1,-1,AB6335,0,1,10
T335,T338,18:43:59,4,-1,1,AB5996,0,1,10
C676,C680,18:44:09,4,-1,-1,AB6335,0,1,50
C680,C669/1,18:45:00,4,-1,1,AB6335,0,1,20
T363/1,T306,18:45:00,4,-1,2,AB6353,0,1,172
T338,T326/3,18:47:03,4,-1,-1,AB5996,0,1,163
T306,T314/2,18:47:03,4,-1,-1,AB6353,0,1,92
C669/1,C693,18:47:33,4,-1,1,AB6335,0,1,72
T326/3,T332/2,18:47:53,4,-1,1,AB5996,0,1,40
T314/2,T318,18:48:34,4,-1,-1,AB6353,0,1,10
C693,C681,18:48:44,4,-1,1,AB6335,0,1,60
T318,T319,18:49:14,4,-1,-1,AB6353,0,1,10
C681,C671,18:49:35,4,-1,-1,AB6335,0,1,40
C671,C695,18:51:36,4,-1,-1,AB6335,0,1,90
T319,T320,18:51:36,4,-1,-1,AB6353,0,1,131
T332/2,T325/2,18:51:56,4,-1,1,AB5996,0,1,181
T320,T321/2,18:52:37,4,-1,-1,AB6353,0,1,20
C695,C673,18:52:57,4,-1,-1,AB6335,0,1,70
T325/2,T339/2,18:53:07,4,-1,2,AB5996,0,1,30
T321/2,T323,18:53:27,4,-1,1,AB6353,0,1,20
C673,C672,18:53:57,4,-1,1,AB6335,0,1,30
T323,T324/2,18:54:08,4,-1,1,AB6353,0,1,10
C672,C670,18:56:19,4,-1,1,AB6335,0,1,111
T339/2,T313,18:56:39,4,-1,1,AB5996,0,1,171
T324/2,T327,18:56:39,4,-1,1,AB6353,0,1,80
T327,T326/1,18:57:20,4,-1,1,AB6353,0,1,30
C670,C679,18:57:32,4,-1,1,AB6335,0,1,32
T313,T315,18:57:42,4,-1,2,AB5996,0,1,10
T326/1,T337,18:58:43,4,-1,1,AB6353,0,1,50
C679,C694,18:59:13,4,-1,-1,AB6335,0,1,70
T315,T375,18:59:33,4,-1,1,AB5996,0,1,100
T337,T336/2,18:59:43,4,-1,1,AB6353,0,1,20
C694,C669/2,18:59:53,4,-1,-1,AB6335,0,1,20
C669/2,C687,19:01:14,4,-1,1,AB6335,0,1,30
T375,T380,19:02:05,4,-1,1,AB5996,0,1,90
T380,T379,19:02:45,4,-1,1,AB5996,0,1,10
C687,C675,19:02:55,4,-1,1,AB6335,0,1,60
T379,T359,19:03:26,4,-1,1,AB5996,0,1,20
C675,C668,19:03:56,4,-1,1,AB6335,0,1,20
C668,C678,19:04:36,4,-1,1,AB6335,0,1,10
T359,T355/1,19:04:47,4,-1,1,AB5996,0,1,60
C678,C665,19:05:07,4,-1,1,AB6335,0,1,20
C665,C663,19:05:27,4,-1,1,AB6335,0,1,10
C663,C661,19:06:07,4,-1,1,AB6335,0,1,30
C661,C659,19:06:38,4,-1,1,AB6335,0,1,20
C659,C656,19:07:59,4,-1,1,AB6335,0,1,30
C656,C654/2,19:09:19,4,-1,1,AB6335,0,1,50
C654/2,C653,19:10:32,4,-1,1,AB6335,0,1,52
C688/1,C691,19:10:43,4,-1,1,AB5996,0,1,32
C653,C692,19:12:34,4,-1,1,AB6335,0,1,80
C691,C652,19:13:04,4,-1,1,AB5996,0,1,101
C692,C689/1,19:14:15,4,-1,1,AB6335,0,1,40
C652,C657,19:15:15,4,-1,1,AB5996,1,1,111
T336/2,T335,19:16:06,4,-1,1,AB6353,0,1,20
C657,C660,19:16:36,4,-1,1,AB5996,0,1,50
T335,T338,19:17:07,4,-1,1,AB6353,0,1,10
C660,C662,19:17:17,4,-1,1,AB5996,0,1,20
C689/1,T360,19:17:17,4,-1,1,AB6335,0,1,111
C662,C664,19:18:17,4,-1,1,AB5996,0,1,30
T360,T376/1,19:18:17,4,-1,1,AB6335,0,1,20
C664,C666,19:18:38,4,-1,1,AB5996,0,1,10
T338,T326/3,19:18:48,4,-1,-1,AB6353,0,1,60
C666,C677,19:19:08,4,-1,1,AB5996,0,1,20
T376/1,T363/1,19:19:28,4,-1,2,AB6335,0,1,60
T326/3,T332/2,19:19:38,4,-1,1,AB6353,0,1,40
C677,C667,19:19:38,4,-1,1,AB5996,0,1,20
C667,C680,19:21:30,4,-1,-1,AB5996,1,1,80
T363/1,T306,19:21:50,4,-1,3,AB6335,0,1,90
C680,C669/1,19:22:20,4,-1,1,AB5996,0,1,20
T306,T314/2,19:23:12,4,-1,-1,AB6335,0,1,62
C669/1,C693,19:23:34,4,-1,1,AB5996,0,1,52
C693,C681,19:24:45,4,-1,1,AB5996,0,1,60
T325/2,T339/2,19:25:56,4,-1,2,AB6353,0,1,30
C681,C671,19:26:06,4,-1,-1,AB5996,0,1,50
T339/2,T313,19:27:47,4,-1,3,AB6353,0,1,70
C671,C695,19:27:57,4,-1,-1,AB5996,0,1,80
T319,T320,19:27:57,4,-1,-1,AB6335,0,1,90
T313,T315,19:28:48,4,-1,2,AB6353,0,1,30
T320,T321/2,19:28:48,4,-1,-1,AB6335,0,1,20
C695,C672,19:30:08,4,-1,1,AB5996,1,1,121
T315,T375,19:31:19,4,-1,1,AB6353,0,1,111
T321/2,T323,19:32:00,4,-1,1,AB6335,0,1,131
T375,T380,19:32:30,4,-1,1,AB6353,0,1,30
T323,T324/2,19:32:40,4,-1,1,AB6335,0,1,10
C672,C670,19:33:00,4,-1,1,AB5996,0,1,131
T380,T379,19:33:10,4,-1,1,AB6353,0,1,10
T324/2,T327,19:33:53,4,-1,1,AB6335,0,1,62
C670,C679,19:34:13,4,-1,1,AB5996,0,1,30
T379,T359,19:34:33,4,-1,1,AB6353,0,1,60
T327,T326/1,19:34:53,4,-1,1,AB6335,0,1,20
T359,T355/1,19:35:34,4,-1,1,AB6353,0,1,50
C679,C694,19:35:44,4,-1,-1,AB5996,0,1,80
T326/1,T337,19:36:04,4,-1,1,AB6335,0,1,60
C694,C669/2,19:36:34,4,-1,-1,AB5996,0,1,30
T337,T336/2,19:36:45,4,-1,1,AB6335,0,1,30
C669/2,C687,19:37:45,4,-1,1,AB5996,0,1,20
C687,C675,19:39:26,4,-1,1,AB5996,0,1,70
C675,C668,19:39:56,4,-1,1,AB5996,0,1,20
C668,C678,19:40:17,4,-1,1,AB5996,0,1,10
C678,C663,19:41:17,4,-1,1,AB5996,1,1,40
C688/1,C691,19:41:48,4,-1,1,AB6353,0,1,40
C663,C661,19:41:58,4,-1,1,AB5996,0,1,30
C661,C659,19:42:38,4,-1,1,AB5996,0,1,30
C659,C656,19:43:40,4,-1,1,AB5996,0,1,51
C691,C652,19:43:50,4,-1,1,AB6353,0,1,82
C656,C654/2,19:44:32,4,-1,1,AB5996,0,1,42
C652,C655,19:45:03,4,-1,1,AB6353,0,1,30
C654/2,C653,19:45:43,4,-1,1,AB5996,0,1,50
C655,C657,19:45:53,4,-1,1,AB6353,0,1,40
C657,C662,19:47:04,4,-1,1,AB6353,1,1,60
C653,C692,19:47:34,4,-1,1,AB5996,0,1,70
C662,C664,19:47:55,4,-1,1,AB6353,0,1,20
C664,C666,19:48:15,4,-1,1,AB6353,0,1,10
C666,C677,19:48:45,4,-1,1,AB6353,0,1,20
C677,C667,19:49:05,4,-1,1,AB6353,0,1,10
C692,C689/1,19:49:05,4,-1,1,AB5996,0,1,50
C667,C676,19:49:36,4,-1,-1,AB6353,0,1,20
C676,C680,19:50:36,4,-1,-1,AB6353,0,1,50
C680,C669/1,19:51:27,4,-1,1,AB6353,0,1,20
C689/1,T360,19:52:17,4,-1,1,AB5996,0,1,151
C669/1,C693,19:52:48,4,-1,1,AB6353,0,1,50
T360,T376/1,19:53:28,4,-1,1,AB5996,0,1,40
C693,C681,19:53:58,4,-1,1,AB6353,0,1,60
C681,C671,19:54:59,4,-1,-1,AB6353,0,1,50
T376/1,T363/1,19:55:29,4,-1,1,AB5996,0,1,80
C671,C695,19:56:20,4,-1,-1,AB6353,0,1,70
T363/1,T306,19:57:43,4,-1,1,AB5996,0,1,70
C695,C673,19:57:53,4,-1,-1,AB6353,0,1,80
C673,C672,19:58:43,4,-1,1,AB6353,0,1,20
T306,T314/2,19:59:24,4,-1,-1,AB5996,0,1,60
C672,C670,20:01:15,4,-1,1,AB6353,0,1,111
T318,T319,20:01:35,4,-1,-1,AB5996,0,1,10
C670,C679,20:02:05,4,-1,1,AB6353,0,1,40
T319,T320,20:02:25,4,-1,-1,AB5996,0,1,40
T320,T321/2,20:03:16,4,-1,-1,AB5996,0,1,10
C679,C694,20:03:26,4,-1,-1,AB6353,0,1,70
C694,C669/2,20:04:17,4,-1,-1,AB6353,0,1,40
T321/2,T323,20:04:27,4,-1,1,AB5996,0,1,30
C669/2,C687,20:04:57,4,-1,1,AB6353,0,1,20
T323,T324/2,20:05:17,4,-1,1,AB5996,0,1,10
C687,C675,20:05:58,4,-1,1,AB6353,0,1,50
C675,C668,20:06:38,4,-1,1,AB6353,0,1,20
C668,C678,20:06:58,4,-1,1,AB6353,0,1,10
T324/2,T327,20:07:18,4,-1,1,AB5996,0,1,90
C678,C665,20:07:59,4,-1,1,AB6353,0,1,20
T327,T326/1,20:08:09,4,-1,1,AB5996,0,1,30
C665,C661,20:09:00,4,-1,1,AB6353,1,1,50
C661,C659,20:09:31,4,-1,1,AB6353,0,1,21
T326/1,T337,20:09:41,4,-1,1,AB5996,0,1,61
C659,C656,20:10:22,4,-1,1,AB6353,0,1,40
T337,T336/2,20:10:42,4,-1,1,AB5996,0,1,40
C656,C654/2,20:11:12,4,-1,1,AB6353,0,1,40
C654/2,C653,20:12:53,4,-1,1,AB6353,0,1,80
C653,C692,20:14:44,4,-1,1,AB6353,0,1,80
C692,C689/1,20:15:57,4,-1,1,AB6353,0,1,20
C689/1,T360,20:18:39,4,-1,1,AB6353,0,1,131
T360,T376/1,20:19:49,4,-1,1,AB6353,0,1,30
T376/1,T363/1,20:21:54,4,-1,1,AB6353,0,1,114
T363/1,T306,20:23:57,4,-1,1,AB6353,0,1,72
T306,T314/2,20:25:07,4,-1,-1,AB6353,0,1,40
T318,T319,20:26:48,4,-1,-1,AB6353,0,1,50
T319,T320,20:28:19,4,-1,-1,AB6353,0,1,70
T320,T321/2,20:29:20,4,-1,-1,AB6353,0,1,30
T321/2,T323,20:30:13,4,-1,1,AB6353,0,1,40
T323,T324/2,20:30:54,4,-1,1,AB6353,0,1,10
T324/2,T327,20:32:14,4,-1,1,AB6353,0,1,50
T327,T326/1,20:33:25,4,-1,1,AB6353,0,1,30
T326/1,T337,20:34:47,4,-1,1,AB6353,0,1,50
T337,T336/2,20:35:37,4,-1,1,AB6353,0,1,20
T336/2,T335,5:30:57,1,-1,1,AC1864,0,1,20
T335,T326/3,5:32:18,1,-1,-1,AC1864,1,1,70
T326/3,T332/2,5:33:08,1,-1,1,AC1864,0,1,30
T332/2,T325/2,5:34:29,1,-1,1,AC1864,0,1,70
T325/2,T339/2,5:35:30,1,-1,1,AC1864,0,1,20
T339/2,T313,5:36:32,1,-1,1,AC1864,0,1,31
T313,T375,5:38:34,1,-1,1,AC1864,1,1,81
T375,T380,5:39:14,1,-1,1,AC1864,0,1,30
T380,T379,5:39:54,1,-1,1,AC1864,0,1,10
T379,T359,5:40:35,1,-1,1,AC1864,0,1,20
T359,T355/1,5:41:36,1,-1,-1,AC1864,0,1,50
T355/1,C688/1,5:45:08,1,-1,1,AC1864,0,1,191
C688/1,C691,5:45:58,1,-1,1,AC1864,0,1,30
C691,C652,5:47:29,1,-1,1,AC1864,0,1,50
C652,C655,5:48:30,1,-1,1,AC1864,0,1,30
C655,C657,5:49:20,1,-1,-1,AC1864,0,1,40
C657,C660,5:50:04,1,-1,-1,AC1864,0,1,30
C660,C662,5:50:55,1,-1,-1,AC1864,0,1,20
C662,C664,5:51:36,1,-1,-1,AC1864,0,1,30
C664,C666,5:52:26,1,-1,-1,AC1864,0,1,20
C666,C677,5:52:46,1,-1,-1,AC1864,0,1,10
C677,C667,5:53:37,1,-1,-1,AC1864,0,1,20
C667,C676,5:54:17,1,-1,-1,AC1864,0,1,20
C676,C680,5:55:18,1,-1,-1,AC1864,0,1,50
C680,C669/1,5:56:39,1,-1,-1,AC1864,0,1,40
C669/1,C693,5:57:59,1,-1,-1,AC1864,0,1,60
C693,C681,5:59:33,1,-1,1,AC1864,0,1,73
C681,C695,6:02:05,1,-1,-1,AC1864,1,1,141
C695,C673,6:04:06,1,-1,-1,AC1864,0,1,90
T336/2,T335,6:05:37,1,-1,1,AB5769,0,1,10
T335,T326/3,6:06:58,1,-1,-1,AB5769,1,1,70
T326/3,T332/2,6:08:18,1,-1,1,AB5769,0,1,40
C673,C672,6:08:39,1,-1,-1,AC1864,0,1,161
T332/2,T325/2,6:09:49,1,-1,1,AB5769,0,1,50
T325/2,T339/2,6:10:34,1,-1,1,AB5769,0,1,14
C672,C670,6:11:24,1,-1,-1,AC1864,0,1,125
T339/2,T313,6:11:34,1,-1,1,AB5769,0,1,30
C670,C679,6:12:05,1,-1,-1,AC1864,0,1,30
C679,C694,6:13:36,1,-1,-1,AC1864,0,1,70
T313,T375,6:13:46,1,-1,1,AB5769,1,1,90
C694,C669/2,6:14:26,1,-1,-1,AC1864,0,1,30
T375,T380,6:15:17,1,-1,1,AB5769,0,1,60
T380,T379,6:16:07,1,-1,1,AB5769,0,1,10
C669/2,C675,6:16:17,1,-1,1,AC1864,1,1,90
T379,T359,6:16:48,1,-1,1,AB5769,0,1,10
C675,C668,6:16:48,1,-1,-1,AC1864,0,1,20
C668,C678,6:17:08,1,-1,-1,AC1864,0,1,10
C678,C665,6:17:38,1,-1,-1,AC1864,0,1,20
T359,T355/1,6:17:48,1,-1,1,AB5769,0,1,50
C665,C663,6:17:58,1,-1,-1,AC1864,0,1,10
C663,C661,6:18:39,1,-1,-1,AC1864,0,1,30
C661,C659,6:19:09,1,-1,-1,AC1864,0,1,20
C659,C656,6:20:20,1,-1,2,AC1864,0,1,40
C656,C654/2,6:21:34,1,-1,2,AC1864,0,1,43
C654/2,C653,6:23:05,1,-1,1,AC1864,0,1,70
C688/1,C691,6:23:15,1,-1,1,AB5769,0,1,30
C653,C692,6:23:55,1,-1,3,AC1864,0,1,40
C691,C652,6:24:46,1,-1,1,AB5769,0,1,50
C652,C655,6:25:26,1,-1,1,AB5769,0,1,30
C692,C689/1,6:25:26,1,-1,1,AC1864,0,1,40
C655,C657,6:26:37,1,-1,-1,AB5769,0,1,40
C689/1,T360,6:27:38,1,-1,1,AC1864,0,1,100
C657,C660,6:27:48,1,-1,-1,AB5769,0,1,40
C660,C662,6:28:38,1,-1,-1,AB5769,0,1,20
T360,T376/1,6:28:38,1,-1,1,AC1864,0,1,20
C662,C664,6:29:29,1,-1,-1,AB5769,0,1,30
T376/1,T363/1,6:29:49,1,-1,1,AC1864,0,1,60
C664,C677,6:30:40,1,-1,-1,AB5769,1,1,50
T363/1,T306,6:30:50,1,-1,1,AC1864,0,1,50
C677,C667,6:31:32,1,-1,-1,AB5769,0,1,11
T306,T314/2,6:31:32,1,-1,-1,AC1864,0,1,32
C667,C676,6:32:12,1,-1,-1,AB5769,0,1,10
C676,C680,6:33:14,1,-1,-1,AB5769,0,1,51
T319,T320,6:33:14,1,-1,-1,AC1864,0,1,30
C680,C669/1,6:34:25,1,-1,1,AB5769,0,1,40
T321/2,T323,6:34:35,1,-1,1,AC1864,0,1,10
T323,T324/2,6:35:15,1,-1,1,AC1864,0,1,10
C669/1,C693,6:35:36,1,-1,1,AB5769,0,1,50
T324/2,T327,6:36:26,1,-1,1,AC1864,0,1,50
C693,C681,6:36:56,1,-1,-1,AB5769,0,1,70
T327,T326/1,6:37:17,1,-1,1,AC1864,0,1,30
C681,C695,6:39:48,1,-1,-1,AB5769,1,1,141
T336/2,T335,6:39:58,1,-1,1,AB5996,0,1,20
T326/1,T337,6:40:08,1,-1,1,AC1864,0,1,151
T337,T336/2,6:40:39,1,-1,1,AC1864,0,1,20
T335,T338,6:40:59,1,-1,1,AB5996,0,1,10
C695,C673,6:41:30,1,-1,-1,AB5769,0,1,81
T338,T326/3,6:41:50,1,-1,-1,AB5996,0,1,40
C673,C672,6:42:20,1,-1,1,AB5769,0,1,30
T326/3,T332/2,6:42:40,1,-1,1,AB5996,0,1,30
T332/2,T325/2,6:44:04,1,-1,1,AB5996,0,1,53
C672,C670,6:44:34,1,-1,1,AB5769,0,1,114
T325/2,T339/2,6:44:44,1,-1,1,AB5996,0,1,20
C670,C679,6:45:15,1,-1,1,AB5769,0,1,30
T339/2,T313,6:45:45,1,-1,1,AB5996,0,1,40
T313,T315,6:46:36,1,-1,1,AB5996,0,1,20
C679,C694,6:47:06,1,-1,-1,AB5769,0,1,80
T315,T375,6:47:47,1,-1,1,AB5996,0,1,60
C694,C669/2,6:47:47,1,-1,-1,AB5769,0,1,30
C669/2,C687,6:48:37,1,-1,1,AB5769,0,1,30
T375,T379,6:49:18,1,-1,1,AB5996,1,1,81
C687,C675,6:49:38,1,-1,-1,AB5769,0,1,50
T379,T359,6:50:09,1,-1,1,AB5996,0,1,40
C675,C668,6:50:09,1,-1,-1,AB5769,0,1,20
C668,C678,6:50:29,1,-1,-1,AB5769,0,1,10
C678,C665,6:50:59,1,-1,-1,AB5769,0,1,20
T359,T355/1,6:51:19,1,-1,1,AB5996,0,1,60
C665,C663,6:51:29,1,-1,-1,AB5769,0,1,20
C663,C661,6:52:10,1,-1,-1,AB5769,0,1,30
C661,C659,6:52:32,1,-1,1,AB5769,0,1,12
C659,C656,6:53:44,1,-1,1,AB5769,0,1,41
C656,C654/2,6:54:47,1,-1,1,AB5769,0,1,42
C654/2,C653,6:56:08,1,-1,1,AB5769,0,1,30
C688/1,C691,6:56:58,1,-1,1,AB5996,0,1,80
C653,C692,6:57:08,1,-1,1,AB5769,0,1,40
C691,C652,6:57:59,1,-1,1,AB5996,0,1,50
C692,C689/1,6:58:19,1,-1,1,AB5769,0,1,50
C652,C655,6:58:59,1,-1,1,AB5996,0,1,30
C655,C657,6:59:42,1,-1,1,AB5996,0,1,32
C657,C660,7:00:33,1,-1,1,AB5996,0,1,40
C689/1,T360,7:00:53,1,-1,1,AB5769,0,1,113
C660,C664,7:01:54,1,-1,1,AB5996,1,1,60
T360,T376/1,7:02:14,1,-1,1,AB5769,0,1,70
C664,C666,7:02:44,1,-1,1,AB5996,0,1,20
C666,C677,7:03:04,1,-1,1,AB5996,0,1,10
T376/1,T363/1,7:03:25,1,-1,1,AB5769,0,1,60
C677,C667,7:03:35,1,-1,3,AB5996,0,1,20
C667,C676,7:04:15,1,-1,-1,AB5996,0,1,10
T363/1,T306,7:04:15,1,-1,1,AB5769,0,1,40
T306,T314/2,7:04:56,1,-1,-1,AB5769,0,1,30
T336/2,T335,7:05:26,1,-1,1,AC1864,0,1,40
C676,C680,7:05:36,1,-1,-1,AB5996,0,1,70
T335,T338,7:06:06,1,-1,1,AC1864,0,1,10
C680,C669/1,7:06:06,1,-1,1,AB5996,0,1,20
T319,T320,7:06:57,1,-1,-1,AB5769,0,1,20
C669/1,C693,7:07:27,1,-1,1,AB5996,0,1,50
T338,T326/3,7:07:37,1,-1,-1,AC1864,0,1,60
T320,T321/2,7:07:37,1,-1,-1,AB5769,0,1,10
T321/2,T323,7:08:18,1,-1,1,AB5769,0,1,10
T326/3,T332/2,7:08:28,1,-1,1,AC1864,0,1,30
C693,C681,7:08:58,1,-1,1,AB5996,0,1,80
T323,T324/2,7:08:58,1,-1,1,AB5769,0,1,10
T332/2,T325/2,7:09:49,1,-1,1,AC1864,0,1,50
T324/2,T327,7:10:09,1,-1,1,AB5769,0,1,60
T325/2,T339/2,7:10:19,1,-1,1,AC1864,0,1,20
C681,C671,7:10:19,1,-1,-1,AB5996,0,1,50
T327,T326/1,7:10:49,1,-1,1,AB5769,0,1,30
T339/2,T313,7:11:40,1,-1,1,AC1864,0,1,50
C671,C695,7:11:50,1,-1,-1,AB5996,0,1,80
T326/1,T337,7:11:50,1,-1,1,AB5769,0,1,50
T313,T315,7:12:42,1,-1,1,AC1864,0,1,21
T337,T336/2,7:12:42,1,-1,1,AB5769,0,1,21
C695,C673,7:13:42,1,-1,-1,AB5996,0,1,70
T315,T375,7:14:13,1,-1,1,AC1864,0,1,70
C673,C672,7:14:43,1,-1,-1,AB5996,0,1,30
T375,T380,7:15:13,1,-1,1,AC1864,0,1,30
T380,T379,7:15:54,1,-1,1,AC1864,0,1,10
T379,T359,7:16:44,1,-1,1,AC1864,0,1,20
C672,C670,7:17:15,1,-1,-1,AB5996,0,1,121
T359,T355/1,7:17:45,1,-1,1,AC1864,0,1,50
C670,C679,7:17:55,1,-1,-1,AB5996,0,1,30
C679,C694,7:19:36,1,-1,-1,AB5996,0,1,80
C694,C669/2,7:20:27,1,-1,-1,AB5996,0,1,40
C669/2,C687,7:21:17,1,-1,1,AB5996,0,1,20
C687,C675,7:22:18,1,-1,1,AB5996,0,1,50
C675,C678,7:23:09,1,-1,1,AB5996,1,1,40
C688/1,C691,7:23:49,1,-1,1,AC1864,0,1,40
C678,C665,7:23:59,1,-1,1,AB5996,0,1,20
C665,C663,7:24:30,1,-1,1,AB5996,0,1,20
C663,C661,7:25:00,1,-1,1,AB5996,0,1,20
C691,C652,7:25:44,1,-1,1,AC1864,0,1,84
C661,C659,7:25:44,1,-1,1,AB5996,0,1,34
C659,C656,7:26:24,1,-1,1,AB5996,0,1,30
C652,C655,7:26:55,1,-1,1,AC1864,0,1,30
C656,C654/2,7:27:45,1,-1,1,AB5996,0,1,50
C655,C657,7:28:16,1,-1,1,AC1864,0,1,50
C657,C660,7:29:16,1,-1,1,AC1864,0,1,30
C654/2,C653,7:29:27,1,-1,1,AB5996,0,1,91
C660,C662,7:29:57,1,-1,1,AC1864,0,1,20
C662,C664,7:30:37,1,-1,1,AC1864,0,1,30
C653,C692,7:30:58,1,-1,1,AB5996,0,1,70
C664,C677,7:31:38,1,-1,1,AC1864,1,1,50
C677,C667,7:32:08,1,-1,1,AC1864,0,1,20
C667,C676,7:32:39,1,-1,-1,AC1864,0,1,20
C692,C689/1,7:32:59,1,-1,1,AB5996,0,1,80
C676,C680,7:33:39,1,-1,-1,AC1864,0,1,50
T336/2,T335,7:34:10,1,-1,1,AB5769,0,1,30
C680,C669/1,7:34:30,1,-1,1,AC1864,0,1,20
T335,T338,7:34:50,1,-1,1,AB5769,0,1,10
C669/1,C693,7:35:34,1,-1,1,AC1864,0,1,44
T338,T326/3,7:36:15,1,-1,-1,AB5769,0,1,54
C689/1,T360,7:36:45,1,-1,1,AB5996,0,1,155
C693,C681,7:36:55,1,-1,1,AC1864,0,1,70
T326/3,T332/2,7:37:05,1,-1,1,AB5769,0,1,40
C681,C671,7:38:06,1,-1,-1,AC1864,0,1,40
T332/2,T325/2,7:38:46,1,-1,1,AB5769,0,1,50
T360,T376/1,7:38:56,1,-1,1,AB5996,0,1,90
T325/2,T339/2,7:39:37,1,-1,1,AB5769,0,1,20
T376/1,T363/1,7:40:47,1,-1,1,AB5996,0,1,101
C671,C673,7:40:58,1,-1,-1,AC1864,1,1,161
T339/2,T313,7:41:38,1,-1,1,AB5769,0,1,50
T363/1,T306,7:42:08,1,-1,1,AB5996,0,1,50
T313,T315,7:42:40,1,-1,1,AB5769,0,1,21
C673,C672,7:42:40,1,-1,1,AC1864,0,1,71
T306,T314/2,7:43:20,1,-1,-1,AB5996,0,1,40
T315,T375,7:44:15,1,-1,1,AB5769,0,1,64
C672,C670,7:45:15,1,-1,-1,AC1864,0,1,115
T318,T319,7:45:15,1,-1,-1,AB5996,0,1,10
T375,T380,7:45:46,1,-1,1,AB5769,0,1,50
C670,C679,7:45:56,1,-1,-1,AC1864,0,1,30
T319,T320,7:46:16,1,-1,-1,AB5996,0,1,40
T380,T379,7:46:27,1,-1,1,AB5769,0,1,10
T320,T321/2,7:47:07,1,-1,-1,AB5996,0,1,10
T379,T359,7:47:27,1,-1,1,AB5769,0,1,40
C679,C694,7:47:27,1,-1,-1,AC1864,0,1,70
C694,C669/2,7:48:08,1,-1,-1,AC1864,0,1,20
T321/2,T323,7:48:08,1,-1,1,AB5996,0,1,20
T359,T355/1,7:48:28,1,-1,1,AB5769,0,1,50
T323,T324/2,7:49:08,1,-1,1,AB5996,0,1,10
C669/2,C687,7:49:19,1,-1,1,AC1864,0,1,20
T324/2,T327,7:50:53,1,-1,1,AB5996,0,1,63
C687,C675,7:51:03,1,-1,1,AC1864,0,1,53
C675,C668,7:51:53,1,-1,1,AC1864,0,1,20
T327,T326/1,7:52:03,1,-1,1,AB5996,0,1,30
C668,C678,7:52:34,1,-1,1,AC1864,0,1,20
C678,C665,7:53:04,1,-1,1,AC1864,0,1,20
T326/1,T337,7:53:04,1,-1,1,AB5996,0,1,50
C665,C663,7:53:25,1,-1,1,AC1864,0,1,10
T337,T336/2,7:53:58,1,-1,1,AB5996,0,1,20
C663,C661,7:54:08,1,-1,1,AC1864,0,1,30
C688/1,C691,7:54:18,1,-1,1,AB5769,0,1,40
C661,C659,7:54:42,1,-1,1,AC1864,0,1,23
C659,C656,7:55:54,1,-1,1,AC1864,0,1,41
C691,C652,7:56:55,1,-1,1,AB5769,0,1,122
C656,C654/2,7:57:05,1,-1,1,AC1864,0,1,50
C652,C655,7:58:05,1,-1,1,AB5769,0,1,60
C654/2,C653,7:58:26,1,-1,1,AC1864,0,1,60
C655,C657,7:59:26,1,-1,-1,AB5769,0,1,40
C657,C660,8:00:07,1,-1,-1,AB5769,0,1,30
C653,C692,8:00:27,1,-1,-1,AC1864,0,1,71
C660,C662,8:00:58,1,-1,-1,AB5769,0,1,20
C662,C664,8:01:48,1,-1,-1,AB5769,0,1,30
C692,C689/1,8:02:19,1,-1,-1,AC1864,0,1,60
C664,C666,8:02:29,1,-1,-1,AB5769,0,1,20
C666,C677,8:02:49,1,-1,-1,AB5769,0,1,10
C677,C667,8:03:19,1,-1,-1,AB5769,0,1,20
C667,C676,8:03:40,1,-1,-1,AB5769,0,1,10
C676,C680,8:05:02,1,-1,-1,AB5769,0,1,51
C689/1,T360,8:05:12,1,-1,1,AC1864,0,1,112
C680,C669/1,8:06:04,1,-1,1,AB5769,0,1,42
T360,T376/1,8:06:24,1,-1,1,AC1864,0,1,40
C669/1,C693,8:07:15,1,-1,1,AB5769,0,1,50
T376/1,T363/1,8:07:15,1,-1,1,AC1864,0,1,40
T336/2,T335,8:07:25,1,-1,1,AB5996,0,1,40
T335,T338,8:08:16,1,-1,1,AB5996,0,1,10
C693,C681,8:08:26,1,-1,1,AB5769,0,1,60
T363/1,T306,8:08:36,1,-1,1,AC1864,0,1,50
C681,C671,8:09:26,1,-1,-1,AB5769,0,1,50
T306,T318,8:09:37,1,-1,-1,AC1864,1,1,40
T338,T326/3,8:10:27,1,-1,-1,AB5996,0,1,111
C671,C695,8:11:07,1,-1,-1,AB5769,0,1,80
T326/3,T332/2,8:11:18,1,-1,1,AB5996,0,1,40
T318,T319,8:11:58,1,-1,-1,AC1864,0,1,111
C695,C673,8:12:28,1,-1,-1,AB5769,0,1,70
T319,T320,8:12:38,1,-1,-1,AC1864,0,1,30
C673,C672,8:13:19,1,-1,1,AB5769,0,1,20
T320,T321/2,8:13:29,1,-1,-1,AC1864,0,1,10
T332/2,T325/2,8:14:09,1,-1,1,AB5996,0,1,131
T321/2,T323,8:15:00,1,-1,1,AC1864,0,1,30
T325/2,T339/2,8:15:10,1,-1,1,AB5996,0,1,20
C672,C670,8:15:33,1,-1,1,AB5769,0,1,104
C670,C679,8:16:14,1,-1,1,AB5769,0,1,30
C679,C694,8:17:45,1,-1,-1,AB5769,0,1,70
T339/2,T313,8:17:55,1,-1,1,AB5996,0,1,121
T324/2,T327,8:18:05,1,-1,1,AC1864,0,1,121
C694,C669/2,8:18:35,1,-1,-1,AB5769,0,1,30
T313,T315,8:18:56,1,-1,1,AB5996,0,1,10
T327,T326/1,8:19:16,1,-1,1,AC1864,0,1,40
C669/2,C687,8:19:26,1,-1,1,AB5769,0,1,20
T326/1,T337,8:20:27,1,-1,1,AC1864,0,1,60
C687,C675,8:20:37,1,-1,1,AB5769,0,1,60
C675,C668,8:21:27,1,-1,1,AB5769,0,1,20
T337,T336/2,8:21:27,1,-1,1,AC1864,0,1,30
C668,C678,8:21:48,1,-1,1,AB5769,0,1,10
C678,C665,8:22:38,1,-1,1,AB5769,0,1,20
C665,C663,8:23:08,1,-1,1,AB5769,0,1,20
C663,C661,8:23:39,1,-1,1,AB5769,0,1,20
T375,T380,8:24:09,1,-1,1,AB5996,0,1,30
C661,C659,8:24:09,1,-1,1,AB5769,0,1,20
T380,T379,8:24:40,1,-1,1,AB5996,0,1,10
C659,C656,8:25:20,1,-1,1,AB5769,0,1,30
T379,T359,8:25:52,1,-1,1,AB5996,0,1,62
C656,C654/2,8:26:42,1,-1,1,AB5769,0,1,50
T359,T355/1,8:27:13,1,-1,2,AB5996,0,1,70
C654/2,C653,8:28:34,1,-1,1,AB5769,0,1,90
C653,C692,8:31:05,1,-1,2,AB5769,0,1,80
C688/1,C691,8:33:07,1,-1,1,AB5996,0,1,50
C692,C689/1,8:33:17,1,-1,1,AB5769,0,1,70
T336/2,T335,8:34:28,1,-1,2,AC1864,0,1,40
C691,C652,8:35:08,1,-1,1,AB5996,0,1,91
T335,T338,8:35:28,1,-1,3,AC1864,0,1,10
C689/1,T360,8:35:48,1,-1,1,AB5769,0,1,111
C652,C655,8:36:19,1,-1,1,AB5996,0,1,40
T338,T326/3,8:36:49,1,-1,-1,AC1864,0,1,60
T360,T376/1,8:36:49,1,-1,1,AB5769,0,1,50
C655,C657,8:37:20,1,-1,1,AB5996,0,1,40
T326/3,T332/2,8:37:52,1,-1,2,AC1864,0,1,42
C657,C660,8:38:33,1,-1,1,AB5996,0,1,40
T376/1,T363/1,8:38:53,1,-1,3,AB5769,0,1,113
C660,C662,8:39:13,1,-1,1,AB5996,0,1,10
C662,C664,8:39:54,1,-1,1,AB5996,0,1,30
T363/1,T306,8:40:34,1,-1,3,AB5769,0,1,60
C664,C677,8:40:44,1,-1,2,AB5996,1,1,40
C677,C667,8:41:35,1,-1,1,AB5996,0,1,30
T306,T314/2,8:41:45,1,-1,-1,AB5769,0,1,40
C667,C676,8:41:55,1,-1,-1,AB5996,0,1,10
T314/2,T318,8:43:06,1,-1,-1,AB5769,0,1,20
C676,C680,8:43:16,1,-1,-1,AB5996,0,1,60
T325/2,T339/2,8:43:26,1,-1,2,AC1864,0,1,20
C680,C669/1,8:44:17,1,-1,-1,AB5996,0,1,20
T319,T320,8:44:37,1,-1,-1,AB5769,0,1,20
C669/1,C693,8:45:27,1,-1,1,AB5996,0,1,50
T339/2,T313,8:45:48,1,-1,3,AC1864,0,1,90
T320,T321/2,8:45:48,1,-1,-1,AB5769,0,1,10
T321/2,T323,8:46:48,1,-1,1,AB5769,0,1,10
T313,T315,8:47:29,1,-1,2,AC1864,0,1,50
C693,C681,8:47:29,1,-1,1,AB5996,0,1,90
T323,T324/2,8:47:39,1,-1,1,AB5769,0,1,10
C681,C671,8:48:29,1,-1,-1,AB5996,0,1,50
T315,T375,8:49:44,1,-1,1,AC1864,0,1,115
C671,C695,8:50:05,1,-1,-1,AB5996,0,1,85
T324/2,T327,8:50:45,1,-1,1,AB5769,0,1,155
T375,T380,8:51:36,1,-1,1,AC1864,0,1,70
C695,C673,8:51:56,1,-1,-1,AB5996,0,1,90
T380,T379,8:52:26,1,-1,1,AC1864,0,1,20
C673,C672,8:52:56,1,-1,1,AB5996,0,1,30
T379,T359,8:53:07,1,-1,1,AC1864,0,1,20
T327,T337,8:53:17,1,-1,1,AB5769,1,1,121
T359,T355/1,8:54:07,1,-1,1,AC1864,0,1,50
T337,T336/2,8:54:07,1,-1,1,AB5769,0,1,30
C672,C670,8:55:58,1,-1,-1,AB5996,0,1,121
C670,C679,8:56:49,1,-1,-1,AB5996,0,1,30
C679,C694,8:58:34,1,-1,-1,AB5996,0,1,84
C694,C669/2,8:59:35,1,-1,-1,AB5996,0,1,40
C688/1,C691,9:00:25,1,-1,1,AC1864,0,1,30
C669/2,C687,9:00:35,1,-1,1,AB5996,0,1,30
C691,C652,9:02:06,1,-1,1,AC1864,0,1,50
C687,C675,9:02:16,1,-1,1,AB5996,0,1,60
C675,C668,9:02:47,1,-1,1,AB5996,0,1,20
C652,C655,9:03:07,1,-1,1,AC1864,0,1,20
C668,C678,9:03:07,1,-1,1,AB5996,0,1,10
C678,C665,9:03:37,1,-1,1,AB5996,0,1,20
C665,C663,9:03:57,1,-1,1,AB5996,0,1,10
C655,C657,9:04:48,1,-1,1,AC1864,0,1,50
C663,C661,9:04:48,1,-1,1,AB5996,0,1,30
C661,C659,9:05:28,1,-1,1,AB5996,0,1,30
C657,C660,9:06:09,1,-1,1,AC1864,0,1,50
C659,C656,9:06:39,1,-1,1,AB5996,0,1,40
C660,C662,9:07:19,1,-1,1,AC1864,0,1,20
T336/2,T335,9:07:30,1,-1,1,AB5769,0,1,30
C656,C654/2,9:07:40,1,-1,1,AB5996,0,1,50
T335,T338,9:08:20,1,-1,1,AB5769,0,1,10
C662,C664,9:08:34,1,-1,1,AC1864,0,1,54
C664,C666,9:09:05,1,-1,1,AC1864,0,1,10
C654/2,C653,9:09:05,1,-1,1,AB5996,0,1,30
C666,C677,9:09:25,1,-1,-1,AC1864,0,1,10
T338,T326/3,9:10:05,1,-1,-1,AB5769,0,1,60
C677,C667,9:10:25,1,-1,-1,AC1864,0,1,30
T326/3,T332/2,9:10:56,1,-1,1,AB5769,0,1,30
C667,C676,9:11:06,1,-1,-1,AC1864,0,1,10
C653,C692,9:11:06,1,-1,1,AB5996,0,1,111
C676,C680,9:12:27,1,-1,-1,AC1864,0,1,50
T332/2,T325/2,9:12:47,1,-1,1,AB5769,0,1,60
C692,C689/1,9:13:07,1,-1,1,AB5996,0,1,70
C680,C669/1,9:13:17,1,-1,1,AC1864,0,1,20
T325/2,T339/2,9:13:27,1,-1,2,AB5769,0,1,20
C669/1,C693,9:14:48,1,-1,1,AC1864,0,1,50
T339/2,T313,9:14:58,1,-1,3,AB5769,0,1,60
T313,T315,9:15:49,1,-1,2,AB5769,0,1,20
C693,C681,9:16:29,1,-1,1,AC1864,0,1,70
C689/1,T360,9:17:10,1,-1,1,AB5996,0,1,141
C681,C671,9:17:42,1,-1,-1,AC1864,0,1,52
T315,T375,9:18:22,1,-1,1,AB5769,0,1,133
T360,T376/1,9:18:45,1,-1,1,AB5996,0,1,72
C671,C695,9:19:25,1,-1,-1,AC1864,0,1,82
T375,T380,9:19:55,1,-1,1,AB5769,0,1,30
T380,T379,9:20:46,1,-1,1,AB5769,0,1,20
T376/1,T363/1,9:21:06,1,-1,2,AB5996,0,1,90
T379,T359,9:21:16,1,-1,1,AB5769,0,1,20
C695,C672,9:21:46,1,-1,1,AC1864,1,1,121
T363/1,T306,9:22:17,1,-1,2,AB5996,0,1,50
T306,T314/2,9:23:07,1,-1,-1,AB5996,0,1,40
C672,C670,9:24:38,1,-1,1,AC1864,0,1,141
T319,T320,9:25:09,1,-1,-1,AB5996,0,1,30
C670,C679,9:25:39,1,-1,-1,AC1864,0,1,30
T321/2,T323,9:26:40,1,-1,1,AB5996,0,1,30
C688/1,C691,9:27:20,1,-1,1,AB5769,0,1,60
T323,T324/2,9:27:40,1,-1,1,AB5996,0,1,10
C679,C694,9:27:50,1,-1,-1,AC1864,0,1,101
C694,C669/2,9:28:44,1,-1,-1,AC1864,0,1,43
T324/2,T327,9:29:14,1,-1,1,AB5996,0,1,53
C669/2,C687,9:29:34,1,-1,1,AC1864,0,1,20
C691,C652,9:29:44,1,-1,1,AB5769,0,1,103
T327,T326/1,9:30:04,1,-1,1,AB5996,0,1,20
C652,C655,9:30:55,1,-1,1,AB5769,0,1,30
T326/1,T337,9:31:05,1,-1,1,AB5996,0,1,40
C687,C668,9:31:35,1,-1,1,AC1864,1,1,101
C668,C678,9:31:56,1,-1,1,AC1864,0,1,10
T337,T336/2,9:31:56,1,-1,1,AB5996,0,1,20
C655,C657,9:32:16,1,-1,2,AB5769,0,1,50
C678,C665,9:32:26,1,-1,1,AC1864,0,1,20
C665,C663,9:32:46,1,-1,1,AC1864,0,1,10
C657,C660,9:33:17,1,-1,1,AB5769,0,1,40
C663,C661,9:33:47,1,-1,1,AC1864,0,1,30
C660,C662,9:33:57,1,-1,1,AB5769,0,1,20
C661,C659,9:34:17,1,-1,1,AC1864,0,1,20
C662,C664,9:34:27,1,-1,1,AB5769,0,1,20
C664,C666,9:34:47,1,-1,1,AB5769,0,1,10
C659,C656,9:35:28,1,-1,1,AC1864,0,1,30
C666,C667,9:35:38,1,-1,1,AB5769,1,1,40
C667,C676,9:35:58,1,-1,-1,AB5769,0,1,10
C676,C680,9:36:59,1,-1,-1,AB5769,0,1,50
C656,C654/2,9:36:59,1,-1,1,AC1864,0,1,50
C680,C669/1,9:37:39,1,-1,1,AB5769,0,1,20
C654/2,C653,9:38:32,1,-1,1,AC1864,0,1,72
C669/1,C693,9:38:42,1,-1,1,AB5769,0,1,42
T336/2,T335,9:38:52,1,-1,1,AB5996,0,1,42
T335,T338,9:39:45,1,-1,1,AB5996,0,1,10
C693,C681,9:39:55,1,-1,1,AB5769,0,1,62
C653,C692,9:40:45,1,-1,1,AC1864,0,1,92
C681,C671,9:40:55,1,-1,-1,AB5769,0,1,50
T338,T326/3,9:41:26,1,-1,-1,AB5996,0,1,60
C692,C689/1,9:41:46,1,-1,1,AC1864,0,1,20
C671,C695,9:42:36,1,-1,-1,AB5769,0,1,80
T326/3,T332/2,9:42:46,1,-1,1,AB5996,0,1,40
C695,C672,9:44:38,1,-1,1,AB5769,1,1,100
T332/2,T325/2,9:44:48,1,-1,1,AB5996,0,1,60
C689/1,T360,9:44:48,1,-1,1,AC1864,0,1,131
T325/2,T339/2,9:45:38,1,-1,1,AB5996,0,1,20
T360,T376/1,9:46:19,1,-1,1,AC1864,0,1,60
C672,C670,9:47:19,1,-1,1,AB5769,0,1,111
T376/1,T363/1,9:47:50,1,-1,1,AC1864,0,1,80
T339/2,T313,9:48:30,1,-1,2,AB5996,0,1,141
C670,C679,9:48:30,1,-1,1,AB5769,0,1,40
T363/1,T306,9:49:20,1,-1,2,AC1864,0,1,60
T313,T315,9:49:35,1,-1,1,AB5996,0,1,24
C679,C694,9:49:55,1,-1,-1,AB5769,0,1,74
T306,T318,9:50:05,1,-1,-1,AC1864,1,1,30
C694,C669/2,9:50:35,1,-1,-1,AB5769,0,1,30
T315,T375,9:51:06,1,-1,1,AB5996,0,1,80
C669/2,C687,9:51:16,1,-1,1,AB5769,0,1,20
T318,T319,9:51:36,1,-1,-1,AC1864,0,1,70
T375,T380,9:52:16,1,-1,1,AB5996,0,1,30
T319,T320,9:52:57,1,-1,-1,AC1864,0,1,40
T380,T359,9:53:17,1,-1,1,AB5996,1,1,30
C687,C668,9:53:17,1,-1,1,AB5769,1,1,80
T320,T321/2,9:53:17,1,-1,-1,AC1864,0,1,10
C668,C678,9:53:37,1,-1,1,AB5769,0,1,10
T321/2,T323,9:54:18,1,-1,1,AC1864,0,1,20
T359,T355/1,9:54:48,1,-1,1,AB5996,0,1,60
C678,C663,9:55:08,1,-1,1,AB5769,1,1,50
T323,T324/2,9:55:08,1,-1,1,AC1864,0,1,10
C663,C661,9:55:48,1,-1,1,AB5769,0,1,30
T324/2,T327,9:56:10,1,-1,1,AC1864,0,1,51
C661,C659,9:56:20,1,-1,1,AB5769,0,1,20
T327,T326/1,9:56:50,1,-1,1,AC1864,0,1,30
C659,C656,9:57:20,1,-1,1,AB5769,0,1,40
T326/1,T337,9:58:04,1,-1,1,AC1864,0,1,53
C656,C654/2,9:58:35,1,-1,1,AB5769,0,1,50
T337,T336/2,9:58:55,1,-1,1,AC1864,0,1,40
C654/2,C653,9:59:56,1,-1,1,AB5769,0,1,40
C653,C692,10:00:56,1,-1,1,AB5769,0,1,40
C688/1,C691,10:01:16,1,-1,1,AB5996,0,1,70
C692,C689/1,10:02:37,1,-1,1,AB5769,0,1,80
C691,C652,10:02:47,1,-1,1,AB5996,0,1,50
C652,C655,10:04:08,1,-1,1,AB5996,0,1,30
C655,C657,10:05:39,1,-1,1,AB5996,0,1,50
C689/1,T360,10:05:39,1,-1,1,AB5769,0,1,131
T335,T338,10:06:40,1,-1,1,AB5457,0,1,10
C657,C660,10:06:50,1,-1,1,AB5996,0,1,50
T360,T376/1,10:06:50,1,-1,1,AB5769,0,1,60
C660,C662,10:07:40,1,-1,1,AB5996,0,1,30
T338,T326/3,10:08:01,1,-1,-1,AB5457,0,1,70
T376/1,T363/1,10:08:21,1,-1,1,AB5769,0,1,80
C662,C664,10:08:34,1,-1,1,AB5996,0,1,33
T326/3,T332/2,10:08:44,1,-1,1,AB5457,0,1,33
C664,C666,10:09:15,1,-1,1,AB5996,0,1,20
C666,C677,10:09:35,1,-1,1,AB5996,0,1,10
T363/1,T306,10:09:56,1,-1,1,AB5769,0,1,71
T332/2,T325/2,10:10:26,1,-1,1,AB5457,0,1,61
C677,C667,10:10:26,1,-1,1,AB5996,0,1,20
C667,C676,10:10:46,1,-1,-1,AB5996,0,1,10
T306,T314/2,10:10:46,1,-1,-1,AB5769,0,1,40
T325/2,T339/2,10:11:16,1,-1,1,AB5457,0,1,20
C676,C680,10:11:57,1,-1,-1,AB5996,0,1,60
T314/2,T318,10:12:17,1,-1,-1,AB5769,0,1,10
T339/2,T313,10:12:27,1,-1,1,AB5457,0,1,50
T318,T319,10:12:47,1,-1,-1,AB5769,0,1,10
C680,C669/1,10:12:58,1,-1,1,AB5996,0,1,30
T313,T315,10:13:18,1,-1,1,AB5457,0,1,20
T319,T320,10:14:08,1,-1,-1,AB5769,0,1,50
C669/1,C693,10:14:18,1,-1,1,AB5996,0,1,60
T320,T321/2,10:14:59,1,-1,-1,AB5769,0,1,10
T315,T375,10:15:09,1,-1,1,AB5457,0,1,70
C693,C681,10:15:39,1,-1,-1,AB5996,0,1,70
T321/2,T323,10:15:59,1,-1,1,AB5769,0,1,40
T375,T380,10:16:32,1,-1,1,AB5457,0,1,62
C681,C671,10:17:02,1,-1,-1,AB5996,0,1,42
T323,T324/2,10:17:02,1,-1,1,AB5769,0,1,10
T380,T379,10:17:12,1,-1,1,AB5457,0,1,20
T379,T359,10:18:03,1,-1,1,AB5457,0,1,20
T324/2,T327,10:18:43,1,-1,1,AB5769,0,1,60
C671,C695,10:18:53,1,-1,-1,AB5996,0,1,80
T359,T355/1,10:19:24,1,-1,1,AB5457,0,1,60
T327,T326/1,10:19:35,1,-1,1,AB5769,0,1,31
T326/1,T337,10:20:26,1,-1,1,AB5769,0,1,40
C695,C673,10:20:36,1,-1,-1,AB5996,0,1,92
C673,C672,10:21:06,1,-1,1,AB5996,0,1,20
T337,T336/2,10:21:06,1,-1,1,AB5769,0,1,20
C672,C670,10:23:58,1,-1,1,AB5996,0,1,131
C670,C679,10:24:48,1,-1,1,AB5996,0,1,40
C688/1,C691,10:26:09,1,-1,1,AB5457,0,1,90
C679,C694,10:26:39,1,-1,-1,AB5996,0,1,80
C691,C652,10:27:44,1,-1,1,AB5457,0,1,74
C694,C669/2,10:27:44,1,-1,-1,AB5996,0,1,44
C652,C655,10:28:44,1,-1,1,AB5457,0,1,30
C655,C657,10:29:55,1,-1,1,AB5457,0,1,50
C669/2,C675,10:29:55,1,-1,1,AB5996,1,1,90
C675,C668,10:30:25,1,-1,1,AB5996,0,1,20
C668,C678,10:30:46,1,-1,1,AB5996,0,1,10
C657,C660,10:30:56,1,-1,1,AB5457,0,1,50
C678,C665,10:31:16,1,-1,1,AB5996,0,1,20
C660,C662,10:31:26,1,-1,1,AB5457,0,1,20
C665,C663,10:31:46,1,-1,1,AB5996,0,1,20
C662,C664,10:32:06,1,-1,1,AB5457,0,1,30
C664,C666,10:32:27,1,-1,1,AB5457,0,1,10
C666,C677,10:32:57,1,-1,1,AB5457,0,1,20
C663,C659,10:32:57,1,-1,1,AB5996,1,1,40
C659,C656,10:33:48,1,-1,1,AB5996,0,1,40
C677,C676,10:34:08,1,-1,-1,AB5457,1,1,50
C656,C654/2,10:34:48,1,-1,1,AB5996,0,1,40
C676,C680,10:35:18,1,-1,-1,AB5457,0,1,60
C654/2,C653,10:36:00,1,-1,1,AB5996,0,1,61
C680,C669/1,10:36:10,1,-1,1,AB5457,0,1,20
T336/2,T335,10:37:32,1,-1,1,AC1864,0,1,40
C669/1,C693,10:37:42,1,-1,1,AB5457,0,1,50
C653,C692,10:37:42,1,-1,1,AB5996,0,1,60
T335,T338,10:38:02,1,-1,1,AC1864,0,1,10
C692,C689/1,10:38:44,1,-1,1,AB5996,0,1,22
C693,C681,10:39:05,1,-1,1,AB5457,0,1,72
T338,T326/3,10:39:45,1,-1,-1,AC1864,0,1,70
C681,C671,10:40:25,1,-1,-1,AB5457,0,1,50
T326/3,T332/2,10:40:36,1,-1,1,AC1864,0,1,40
C689/1,T360,10:41:46,1,-1,1,AB5996,0,1,131
C671,C695,10:42:07,1,-1,-1,AB5457,0,1,91
T332/2,T325/2,10:42:17,1,-1,1,AC1864,0,1,60
T325/2,T339/2,10:43:28,1,-1,1,AC1864,0,1,30
T360,T376/1,10:43:28,1,-1,1,AB5996,0,1,60
C695,C673,10:44:18,1,-1,-1,AB5457,0,1,100
C673,C672,10:45:09,1,-1,1,AB5457,0,1,40
T339/2,T313,10:45:19,1,-1,1,AC1864,0,1,60
T376/1,T363/1,10:45:39,1,-1,1,AB5996,0,1,101
T313,T315,10:46:29,1,-1,1,AC1864,0,1,10
T363/1,T306,10:47:20,1,-1,1,AB5996,0,1,70
T315,T375,10:47:53,1,-1,1,AC1864,0,1,63
C672,C670,10:48:13,1,-1,1,AB5457,0,1,143
T306,T318,10:48:23,1,-1,-1,AB5996,1,1,40
C670,C679,10:48:55,1,-1,1,AB5457,0,1,31
T375,T380,10:49:55,1,-1,1,AC1864,0,1,80
T318,T319,10:50:15,1,-1,-1,AB5996,0,1,70
T380,T379,10:50:36,1,-1,1,AC1864,0,1,10
C679,C694,10:50:56,1,-1,-1,AB5457,0,1,80
T319,T320,10:51:36,1,-1,-1,AB5996,0,1,40
T379,T359,10:51:46,1,-1,1,AC1864,0,1,40
C694,C669/2,10:51:57,1,-1,-1,AB5457,0,1,40
T320,T321/2,10:52:27,1,-1,-1,AB5996,0,1,10
T359,T355/1,10:52:47,1,-1,1,AC1864,0,1,50
C669/2,C687,10:52:57,1,-1,1,AB5457,0,1,30
T321/2,T323,10:53:38,1,-1,1,AB5996,0,1,30
T323,T324/2,10:54:08,1,-1,1,AB5996,0,1,10
C687,C675,10:54:28,1,-1,1,AB5457,0,1,60
C675,C668,10:55:09,1,-1,1,AB5457,0,1,10
T324/2,T327,10:55:09,1,-1,1,AB5996,0,1,50
C668,C678,10:55:59,1,-1,1,AB5457,0,1,10
T327,T326/1,10:56:09,1,-1,1,AB5996,0,1,30
C678,C665,10:57:10,1,-1,1,AB5457,0,1,30
T326/1,T337,10:57:20,1,-1,1,AB5996,0,1,60
C665,C663,10:57:52,1,-1,1,AB5457,0,1,10
T337,T336/2,10:58:13,1,-1,1,AB5996,0,1,30
C688/1,C691,10:58:43,1,-1,1,AC1864,0,1,30
C663,C661,10:58:53,1,-1,1,AB5457,0,1,30
C661,C659,10:59:43,1,-1,1,AB5457,0,1,30
C691,C652,11:00:55,1,-1,1,AC1864,0,1,102
C659,C656,11:01:46,1,-1,1,AB5457,0,1,60
C652,C655,11:02:06,1,-1,1,AC1864,0,1,40
C656,C654/2,11:02:58,1,-1,1,AB5457,0,1,51
C655,C657,11:04:08,1,-1,1,AC1864,0,1,50
C654/2,C653,11:04:39,1,-1,1,AB5457,0,1,40
C657,C660,11:05:19,1,-1,1,AC1864,0,1,50
C653,C692,11:06:09,1,-1,1,AB5457,0,1,50
C660,C662,11:06:19,1,-1,1,AC1864,0,1,30
C662,C664,11:07:03,1,-1,1,AC1864,0,1,30
C692,C689/1,11:07:13,1,-1,1,AB5457,0,1,20
C664,C666,11:07:33,1,-1,1,AC1864,0,1,20
C666,C677,11:08:04,1,-1,1,AC1864,0,1,20
C677,C667,11:08:44,1,-1,1,AC1864,0,1,10
C667,C676,11:09:14,1,-1,-1,AC1864,0,1,20
C689/1,T360,11:09:55,1,-1,1,AB5457,0,1,111
T336/2,T335,11:10:35,1,-1,1,AB5769,0,1,20
C676,C680,11:10:35,1,-1,-1,AC1864,0,1,70
C680,C669/1,11:11:17,1,-1,1,AC1864,0,1,30
T335,T338,11:11:27,1,-1,1,AB5769,0,1,10
T360,T376/1,11:12:37,1,-1,1,AB5457,0,1,80
T338,T326/3,11:13:08,1,-1,-1,AB5769,0,1,70
C669/1,C693,11:13:18,1,-1,1,AC1864,0,1,70
T326/3,T332/2,11:14:49,1,-1,1,AB5769,0,1,91
C693,C681,11:14:49,1,-1,1,AC1864,0,1,81
T376/1,T363/1,11:15:19,1,-1,1,AB5457,0,1,121
C681,C671,11:15:50,1,-1,-1,AC1864,0,1,50
T332/2,T325/2,11:16:10,1,-1,1,AB5769,0,1,70
T363/1,T306,11:16:42,1,-1,1,AB5457,0,1,52
T325/2,T339/2,11:17:02,1,-1,1,AB5769,0,1,20
C671,C695,11:17:23,1,-1,-1,AC1864,0,1,82
T306,T314/2,11:17:23,1,-1,-1,AB5457,0,1,30
T339/2,T313,11:18:35,1,-1,1,AB5769,0,1,62
T318,T319,11:19:15,1,-1,-1,AB5457,0,1,61
C695,C673,11:19:25,1,-1,-1,AC1864,0,1,92
T313,T315,11:19:46,1,-1,1,AB5769,0,1,20
C673,C672,11:20:06,1,-1,1,AC1864,0,1,30
T315,T375,11:20:56,1,-1,1,AB5769,0,1,60
T319,T320,11:20:56,1,-1,-1,AB5457,0,1,60
T375,T380,11:21:57,1,-1,1,AB5769,0,1,20
T380,T379,11:22:58,1,-1,1,AB5769,0,1,10
C672,C670,11:23:18,1,-1,1,AC1864,0,1,141
T379,T359,11:23:28,1,-1,1,AB5769,0,1,20
T321/2,T323,11:23:48,1,-1,1,AB5457,0,1,30
C670,C679,11:23:58,1,-1,1,AC1864,0,1,30
T323,T324/2,11:24:29,1,-1,1,AB5457,0,1,20
T359,T355/1,11:24:39,1,-1,1,AB5769,0,1,60
C679,C694,11:25:39,1,-1,-1,AC1864,0,1,90
T324/2,T327,11:26:20,1,-1,1,AB5457,0,1,70
C694,C669/2,11:26:33,1,-1,-1,AC1864,0,1,33
T327,T326/1,11:27:14,1,-1,1,AB5457,0,1,30
C669/2,C687,11:27:34,1,-1,1,AC1864,0,1,30
T326/1,T337,11:28:45,1,-1,1,AB5457,0,1,80
C687,C675,11:28:55,1,-1,1,AC1864,0,1,70
C675,C668,11:29:35,1,-1,1,AC1864,0,1,30
T337,T336/2,11:29:56,1,-1,1,AB5457,0,1,40
C668,C678,11:30:06,1,-1,2,AC1864,0,1,20
C688/1,C691,11:30:56,1,-1,1,AB5769,0,1,70
C678,C665,11:30:56,1,-1,2,AC1864,0,1,40
C665,C663,11:31:27,1,-1,1,AC1864,0,1,20
C691,C652,11:32:17,1,-1,1,AB5769,0,1,50
C663,C661,11:32:17,1,-1,1,AC1864,0,1,30
C661,C659,11:32:58,1,-1,1,AC1864,0,1,30
C652,C655,11:33:48,1,-1,1,AB5769,0,1,50
C659,C656,11:34:49,1,-1,1,AC1864,0,1,40
C655,C657,11:34:59,1,-1,1,AB5769,0,1,50
C657,C660,11:35:49,1,-1,1,AB5769,0,1,40
C656,C654/2,11:36:00,1,-1,1,AC1864,0,1,50
C660,C662,11:36:41,1,-1,1,AB5769,0,1,21
C662,C664,11:37:21,1,-1,1,AB5769,0,1,30
C654/2,C653,11:37:32,1,-1,1,AC1864,0,1,72
C664,C666,11:38:03,1,-1,1,AB5769,0,1,20
C666,C677,11:38:23,1,-1,1,AB5769,0,1,10
C677,C667,11:39:04,1,-1,1,AB5769,0,1,30
C653,C692,11:39:35,1,-1,1,AC1864,0,1,50
C692,C689/1,11:40:25,1,-1,1,AC1864,0,1,20
C667,C680,11:40:35,1,-1,-1,AB5769,1,1,80
C680,C669/1,11:41:26,1,-1,1,AB5769,0,1,20
C669/1,C693,11:42:37,1,-1,1,AB5769,0,1,50
C689/1,T360,11:43:37,1,-1,1,AC1864,0,1,121
T336/2,T335,11:45:28,1,-1,1,AB5996,0,1,30
T360,T376/1,11:45:49,1,-1,1,AC1864,0,1,101
C693,C671,11:45:59,1,-1,-1,AB5769,1,1,182
T335,T338,11:46:09,1,-1,1,AB5996,0,1,20
T376/1,T363/1,11:47:20,1,-1,1,AC1864,0,1,81
C671,C695,11:47:30,1,-1,-1,AB5769,0,1,80
T338,T326/3,11:47:40,1,-1,-1,AB5996,0,1,60
T363/1,T306,11:48:34,1,-1,1,AC1864,0,1,43
T326/3,T332/2,11:49:04,1,-1,1,AB5996,0,1,53
T306,T318,11:49:24,1,-1,-1,AC1864,1,1,30
C695,C672,11:49:35,1,-1,1,AB5769,1,1,114
T332/2,T325/2,11:50:45,1,-1,1,AB5996,0,1,81
T318,T319,11:51:16,1,-1,-1,AC1864,0,1,60
T325/2,T339/2,11:52:06,1,-1,1,AB5996,0,1,40
C672,C670,11:52:26,1,-1,1,AB5769,0,1,131
T319,T320,11:52:47,1,-1,-1,AC1864,0,1,40
C670,C679,11:53:07,1,-1,1,AB5769,0,1,30
T339/2,T313,11:53:47,1,-1,1,AB5996,0,1,60
T313,T315,11:54:48,1,-1,1,AB5996,0,1,20
C679,C694,11:54:58,1,-1,-1,AB5769,0,1,101
T321/2,T323,11:54:58,1,-1,1,AC1864,0,1,30
C694,C669/2,11:55:49,1,-1,-1,AB5769,0,1,40
T323,T324/2,11:55:49,1,-1,1,AC1864,0,1,10
T315,T375,11:56:30,1,-1,1,AB5996,0,1,91
C669/2,C687,11:57:10,1,-1,1,AB5769,0,1,20
T375,T380,11:57:40,1,-1,1,AB5996,0,1,30
T324/2,T327,11:57:40,1,-1,1,AC1864,0,1,70
T380,T379,11:58:01,1,-1,1,AB5996,0,1,10
T327,T326/1,11:58:21,1,-1,1,AC1864,0,1,20
C687,C675,11:58:33,1,-1,1,AB5769,0,1,52
C675,C668,11:59:23,1,-1,1,AB5769,0,1,20
T326/1,T337,11:59:33,1,-1,1,AC1864,0,1,60
C668,C678,11:59:53,1,-1,1,AB5769,0,1,10
C678,C665,12:00:24,1,-1,1,AB5769,0,1,20
T379,T355/1,12:00:35,1,-1,1,AB5996,1,1,144
T337,T336/2,12:00:35,1,-1,1,AC1864,0,1,31
C665,C663,12:00:55,1,-1,2,AB5769,0,1,20
C663,C661,12:01:46,1,-1,2,AB5769,0,1,40
C661,C659,12:02:26,1,-1,1,AB5769,0,1,30
C659,C656,12:03:37,1,-1,1,AB5769,0,1,30
C656,C654/2,12:04:38,1,-1,1,AB5769,0,1,50
C688/1,C691,12:05:58,1,-1,1,AB5996,0,1,30
C654/2,C653,12:06:09,1,-1,1,AB5769,0,1,40
C691,C652,12:07:19,1,-1,1,AB5996,0,1,50
C652,C655,12:08:30,1,-1,1,AB5996,0,1,30
C653,C692,12:08:30,1,-1,2,AB5769,0,1,91
C692,C689/1,12:09:44,1,-1,1,AB5769,0,1,33
C655,C657,12:09:54,1,-1,1,AB5996,0,1,43
C657,C660,12:11:05,1,-1,1,AB5996,0,1,50
C660,C662,12:11:36,1,-1,1,AB5996,0,1,20
C662,C664,12:12:26,1,-1,1,AB5996,0,1,40
C664,C666,12:12:47,1,-1,1,AB5996,0,1,10
C689/1,T360,12:12:57,1,-1,1,AB5769,0,1,141
C666,C677,12:13:07,1,-1,1,AB5996,0,1,10
C677,C667,12:13:38,1,-1,1,AB5996,0,1,20
C667,C676,12:13:58,1,-1,-1,AB5996,0,1,10
T360,T376/1,12:14:18,1,-1,1,AB5769,0,1,50
C676,C680,12:15:19,1,-1,-1,AB5996,0,1,60
C680,C669/1,12:15:49,1,-1,1,AB5996,0,1,20
C669/1,C693,12:17:11,1,-1,1,AB5996,0,1,61
T376/1,T363/1,12:17:11,1,-1,1,AB5769,0,1,162
C693,C681,12:18:35,1,-1,1,AB5996,0,1,74
T363/1,T306,12:18:46,1,-1,1,AB5769,0,1,60
T306,T314/2,12:19:36,1,-1,-1,AB5769,0,1,40
T336/2,T335,12:20:16,1,-1,1,AC1864,0,1,30
T335,T338,12:20:57,1,-1,1,AC1864,0,1,10
C681,C695,12:21:17,1,-1,-1,AB5996,1,1,141
T318,T319,12:21:17,1,-1,-1,AB5769,0,1,10
T319,T320,12:22:08,1,-1,-1,AB5769,0,1,40
T338,T326/3,12:22:28,1,-1,-1,AC1864,0,1,71
C695,C673,12:23:09,1,-1,-1,AB5996,0,1,101
T326/3,T332/2,12:23:29,1,-1,1,AC1864,0,1,40
C673,C672,12:23:59,1,-1,1,AB5996,0,1,30
T320,T321/2,12:23:59,1,-1,-1,AB5769,0,1,10
T332/2,T325/2,12:25:33,1,-1,1,AC1864,0,1,83
T321/2,T323,12:25:43,1,-1,1,AB5769,0,1,43
T325/2,T339/2,12:26:04,1,-1,1,AC1864,0,1,20
C672,C670,12:26:34,1,-1,-1,AB5996,0,1,124
T323,T324/2,12:26:44,1,-1,1,AB5769,0,1,10
T339/2,T313,12:27:35,1,-1,1,AC1864,0,1,40
C670,C679,12:27:55,1,-1,-1,AB5996,0,1,40
T313,T315,12:28:26,1,-1,1,AC1864,0,1,20
T324/2,T327,12:28:36,1,-1,1,AB5769,0,1,71
T327,T326/1,12:29:16,1,-1,1,AB5769,0,1,30
C679,C694,12:29:36,1,-1,-1,AB5996,0,1,90
T326/1,T337,12:30:17,1,-1,1,AB5769,0,1,50
T315,T375,12:30:27,1,-1,1,AC1864,0,1,90
C694,C669/2,12:30:27,1,-1,-1,AB5996,0,1,30
T337,T336/2,12:30:57,1,-1,1,AB5769,0,1,30
T375,T380,12:31:17,1,-1,1,AC1864,0,1,20
C669/2,C687,12:31:38,1,-1,1,AB5996,0,1,30
T380,T379,12:31:48,1,-1,1,AC1864,0,1,10
T379,T359,12:32:58,1,-1,1,AC1864,0,1,20
C687,C675,12:33:09,1,-1,1,AB5996,0,1,70
C675,C668,12:33:39,1,-1,1,AB5996,0,1,20
C668,C678,12:33:59,1,-1,1,AB5996,0,1,10
T359,T355/1,12:34:09,1,-1,1,AC1864,0,1,60
C678,C665,12:34:40,1,-1,1,AB5996,0,1,30
C665,C663,12:35:00,1,-1,1,AB5996,0,1,10
C663,C661,12:36:05,1,-1,1,AB5996,0,1,30
C661,C659,12:36:36,1,-1,1,AB5996,0,1,20
C659,C656,12:37:56,1,-1,1,AB5996,0,1,40
C656,C654/2,12:39:17,1,-1,1,AB5996,0,1,50
C654/2,C653,12:41:03,1,-1,1,AB5996,0,1,65
C688/1,C652,12:41:54,1,-1,1,AC1864,1,1,146
C653,C692,12:42:24,1,-1,1,AB5996,0,1,60
C652,C655,12:43:05,1,-1,1,AC1864,0,1,30
C692,C689/1,12:43:46,1,-1,1,AB5996,0,1,21
C655,C657,12:43:56,1,-1,1,AC1864,0,1,41
C657,C660,12:44:47,1,-1,1,AC1864,0,1,30
C660,C662,12:45:27,1,-1,1,AC1864,0,1,20
C662,C664,12:46:07,1,-1,1,AC1864,0,1,30
C664,C666,12:46:38,1,-1,1,AC1864,0,1,20
C689/1,T360,12:46:48,1,-1,1,AB5996,0,1,131
C666,C677,12:47:29,1,-1,1,AC1864,0,1,40
C677,C667,12:48:00,1,-1,1,AC1864,0,1,21
C667,C676,12:48:43,1,-1,-1,AC1864,0,1,10
C676,C680,12:49:54,1,-1,-1,AC1864,0,1,60
C680,C669/1,12:50:34,1,-1,1,AC1864,0,1,30
T360,T363/1,12:50:34,1,-1,1,AB5996,1,1,185
C669/1,C693,12:51:55,1,-1,1,AC1864,0,1,60
T363/1,T306,12:52:46,1,-1,1,AB5996,0,1,50
C693,C681,12:53:36,1,-1,1,AC1864,0,1,90
T306,T314/2,12:53:36,1,-1,-1,AB5996,0,1,40
C681,C671,12:54:37,1,-1,-1,AC1864,0,1,50
T336/2,T335,12:55:17,1,-1,1,AB5769,0,1,20
T314/2,T318,12:55:28,1,-1,-1,AB5996,0,1,10
T335,T338,12:55:58,1,-1,1,AB5769,0,1,10
C671,C695,12:56:18,1,-1,-1,AC1864,0,1,90
T318,T319,12:56:28,1,-1,-1,AB5996,0,1,10
T338,T326/3,12:57:29,1,-1,-1,AB5769,0,1,70
T319,T320,12:57:49,1,-1,-1,AB5996,0,1,60
T326/3,T332/2,12:58:29,1,-1,1,AB5769,0,1,50
C695,C673,12:58:29,1,-1,-1,AC1864,0,1,121
T320,T321/2,12:59:20,1,-1,-1,AB5996,0,1,20
C673,C672,12:59:52,1,-1,-1,AC1864,0,1,72
T332/2,T325/2,13:00:22,1,-1,1,AB5769,0,1,72
T321/2,T323,13:00:45,1,-1,1,AB5996,0,1,52
T325/2,T339/2,13:01:05,1,-1,1,AB5769,0,1,20
T323,T324/2,13:01:45,1,-1,1,AB5996,0,1,10
T339/2,T313,13:02:46,1,-1,1,AB5769,0,1,60
C672,C670,13:02:56,1,-1,-1,AC1864,0,1,153
T324/2,T327,13:02:56,1,-1,1,AB5996,0,1,60
T313,T315,13:03:36,1,-1,1,AB5769,0,1,20
T327,T326/1,13:03:57,1,-1,1,AB5996,0,1,30
C670,C679,13:04:07,1,-1,-1,AC1864,0,1,30
T315,T375,13:04:47,1,-1,1,AB5769,0,1,60
T326/1,T337,13:04:47,1,-1,1,AB5996,0,1,40
T337,T336/2,13:05:38,1,-1,1,AB5996,0,1,30
C679,C694,13:05:58,1,-1,-1,AC1864,0,1,101
T375,T380,13:06:08,1,-1,1,AB5769,0,1,50
T380,T379,13:06:38,1,-1,1,AB5769,0,1,20
C694,C669/2,13:06:59,1,-1,-1,AC1864,0,1,50
C669/2,C687,13:08:09,1,-1,1,AC1864,0,1,30
T379,T355/1,13:08:50,1,-1,1,AB5769,1,1,101
C687,C675,13:09:33,1,-1,1,AC1864,0,1,74
C675,C668,13:10:04,1,-1,1,AC1864,0,1,20
C668,C678,13:10:24,1,-1,1,AC1864,0,1,10
C678,C665,13:11:04,1,-1,1,AC1864,0,1,30
C665,C663,13:11:25,1,-1,1,AC1864,0,1,10
C663,C661,13:12:25,1,-1,1,AC1864,0,1,30
C661,C659,13:13:17,1,-1,1,AC1864,0,1,30
C688/1,C691,13:14:07,1,-1,1,AB5769,0,1,40
C659,C656,13:14:18,1,-1,1,AC1864,0,1,40
C656,C654/2,13:15:38,1,-1,1,AC1864,0,1,50
C691,C652,13:16:39,1,-1,1,AB5769,0,1,121
C654/2,C653,13:16:59,1,-1,1,AC1864,0,1,40
C652,C655,13:17:50,1,-1,1,AB5769,0,1,30
C655,C657,13:19:03,1,-1,1,AB5769,0,1,42
C657,C660,13:19:53,1,-1,1,AB5769,0,1,40
C660,C662,13:21:14,1,-1,1,AB5769,0,1,20
C662,C664,13:21:44,1,-1,1,AB5769,0,1,20
C664,C666,13:22:35,1,-1,1,AB5769,0,1,20
C666,C677,13:22:55,1,-1,1,AB5769,0,1,10
C677,C667,13:23:25,1,-1,1,AB5769,0,1,20
C667,C676,13:24:06,1,-1,-1,AB5769,0,1,20
C689/1,T360,13:24:46,1,-1,1,AC1864,0,1,121
C676,C680,13:25:27,1,-1,-1,AB5769,0,1,50
C680,C669/1,13:26:48,1,-1,-1,AB5769,0,1,50
T360,T376/1,13:26:58,1,-1,1,AC1864,0,1,80
C669/1,C693,13:28:09,1,-1,-1,AB5769,0,1,50
C693,C681,13:29:50,1,-1,2,AB5769,0,1,70
T376/1,T363/1,13:29:50,1,-1,1,AC1864,0,1,151
T336/2,T335,13:30:00,1,-1,1,AB5996,0,1,30
C681,C671,13:30:42,1,-1,-1,AB5769,0,1,42
T335,T338,13:30:52,1,-1,1,AB5996,0,1,10
T363/1,T306,13:31:45,1,-1,1,AC1864,0,1,62
T338,T326/3,13:32:25,1,-1,-1,AB5996,0,1,50
C671,C695,13:32:35,1,-1,-1,AB5769,0,1,82
T306,T314/2,13:32:45,1,-1,-1,AC1864,0,1,40
T326/3,T332/2,13:33:16,1,-1,1,AB5996,0,1,30
T314/2,T318,13:33:46,1,-1,-1,AC1864,0,1,30
C695,C673,13:34:26,1,-1,-1,AB5769,0,1,90
C673,C672,13:34:57,1,-1,-1,AB5769,0,1,20
T332/2,T325/2,13:35:48,1,-1,1,AB5996,0,1,81
T325/2,T339/2,13:36:28,1,-1,1,AB5996,0,1,10
T319,T320,13:36:38,1,-1,-1,AC1864,0,1,121
C672,C670,13:37:19,1,-1,-1,AB5769,0,1,101
T339/2,T313,13:37:59,1,-1,1,AB5996,0,1,50
C670,C679,13:38:09,1,-1,-1,AB5769,0,1,30
T320,T321/2,13:38:29,1,-1,-1,AC1864,0,1,10
T313,T315,13:39:10,1,-1,1,AB5996,0,1,20
T321/2,T323,13:39:40,1,-1,1,AC1864,0,1,30
C679,C694,13:40:10,1,-1,-1,AB5769,0,1,90
T315,T375,13:40:53,1,-1,1,AB5996,0,1,72
C694,C669/2,13:41:03,1,-1,-1,AB5769,0,1,30
T323,T324/2,13:41:23,1,-1,1,AC1864,0,1,10
C669/2,C687,13:42:04,1,-1,1,AB5769,0,1,30
T375,T380,13:42:14,1,-1,1,AB5996,0,1,30
T324/2,T327,13:42:54,1,-1,1,AC1864,0,1,70
T380,T379,13:43:15,1,-1,1,AB5996,0,1,10
C687,C675,13:43:25,1,-1,1,AB5769,0,1,70
T379,T359,13:43:55,1,-1,1,AB5996,0,1,20
C675,C668,13:44:05,1,-1,1,AB5769,0,1,30
T327,T326/1,13:44:05,1,-1,1,AC1864,0,1,20
C668,C678,13:44:25,1,-1,1,AB5769,0,1,10
C678,C665,13:45:17,1,-1,1,AB5769,0,1,20
T326/1,T337,13:45:17,1,-1,1,AC1864,0,1,61
T359,T355/1,13:45:27,1,-1,1,AB5996,0,1,61
C665,C663,13:45:47,1,-1,1,AB5769,0,1,20
T337,T336/2,13:46:08,1,-1,1,AC1864,0,1,30
C663,C661,13:46:38,1,-1,1,AB5769,0,1,40
C661,C659,13:47:49,1,-1,1,AB5769,0,1,60
C659,C654/2,13:50:35,1,-1,1,AB5769,1,1,115
C688/1,C691,13:52:26,1,-1,1,AB5996,0,1,80
C654/2,C653,13:53:47,1,-1,1,AB5769,0,1,131
C691,C652,13:54:38,1,-1,1,AB5996,0,1,91
C652,C655,13:55:28,1,-1,1,AB5996,0,1,30
C655,C657,13:56:29,1,-1,1,AB5996,0,1,50
C653,C692,13:56:59,1,-1,1,AB5769,0,1,172
C657,C660,13:57:40,1,-1,1,AB5996,0,1,40
C692,C689/1,13:58:00,1,-1,1,AB5769,0,1,20
C660,C662,13:58:20,1,-1,1,AB5996,0,1,20
C662,C664,13:59:04,1,-1,1,AB5996,0,1,30
C664,C677,13:59:55,1,-1,1,AB5996,1,1,40
C677,C667,14:00:46,1,-1,1,AB5996,0,1,10
C667,C676,14:01:17,1,-1,-1,AB5996,0,1,20
C689/1,T360,14:01:37,1,-1,1,AB5769,0,1,122
C676,C680,14:02:17,1,-1,-1,AB5996,0,1,50
C680,C669/1,14:03:38,1,-1,-1,AB5996,0,1,40
T360,T376/1,14:03:48,1,-1,1,AB5769,0,1,90
C669/1,C693,14:04:59,1,-1,-1,AB5996,0,1,60
T376/1,T363/1,14:05:39,1,-1,1,AB5769,0,1,80
T336/2,T335,14:06:00,1,-1,1,AC1864,0,1,30
C693,C681,14:06:33,1,-1,1,AB5996,0,1,83
T335,T338,14:06:43,1,-1,1,AC1864,0,1,10
C681,C671,14:07:24,1,-1,-1,AB5996,0,1,40
T363/1,T306,14:07:24,1,-1,1,AB5769,0,1,63
T338,T326/3,14:08:05,1,-1,-1,AC1864,0,1,71
C671,C695,14:08:55,1,-1,-1,AB5996,0,1,81
T306,T314/2,14:09:05,1,-1,-1,AB5769,0,1,50
T326/3,T332/2,14:09:16,1,-1,1,AC1864,0,1,50
T314/2,T318,14:09:56,1,-1,-1,AB5769,0,1,10
T332/2,T325/2,14:10:37,1,-1,1,AC1864,0,1,60
C695,C673,14:10:37,1,-1,-1,AB5996,0,1,91
T318,T319,14:10:57,1,-1,-1,AB5769,0,1,10
C673,C672,14:11:07,1,-1,1,AB5996,0,1,20
T325/2,T339/2,14:11:27,1,-1,1,AC1864,0,1,30
T319,T320,14:12:08,1,-1,-1,AB5769,0,1,50
T339/2,T313,14:13:19,1,-1,1,AC1864,0,1,70
C672,C670,14:13:49,1,-1,1,AB5996,0,1,121
T313,T315,14:14:19,1,-1,1,AC1864,0,1,20
C670,C679,14:14:29,1,-1,1,AB5996,0,1,30
T321/2,T323,14:16:03,1,-1,1,AB5769,0,1,62
C679,C694,14:16:13,1,-1,-1,AB5996,0,1,83
T315,T375,14:16:53,1,-1,1,AC1864,0,1,123
C694,C669/2,14:17:14,1,-1,-1,AB5996,0,1,40
T323,T324/2,14:17:24,1,-1,1,AB5769,0,1,10
C669/2,C687,14:18:24,1,-1,1,AB5996,0,1,40
T324/2,T327,14:18:34,1,-1,1,AB5769,0,1,60
T375,T380,14:19:05,1,-1,1,AC1864,0,1,50
T327,T326/1,14:19:15,1,-1,1,AB5769,0,1,30
C687,C675,14:19:35,1,-1,1,AB5996,0,1,60
T380,T379,14:19:45,1,-1,1,AC1864,0,1,10
C675,C668,14:20:16,1,-1,1,AB5996,0,1,30
T326/1,T337,14:20:16,1,-1,1,AB5769,0,1,51
C668,C678,14:20:36,1,-1,1,AB5996,0,1,10
T337,T336/2,14:21:06,1,-1,1,AB5769,0,1,30
T379,T359,14:21:17,1,-1,1,AC1864,0,1,40
C678,C665,14:21:27,1,-1,1,AB5996,0,1,20
C665,C663,14:21:57,1,-1,1,AB5996,0,1,20
C663,C661,14:22:37,1,-1,1,AB5996,0,1,30
T359,T355/1,14:22:48,1,-1,1,AC1864,0,1,70
C661,C659,14:23:48,1,-1,1,AB5996,0,1,60
C659,C656,14:25:39,1,-1,1,AB5996,0,1,40
C656,C654/2,14:26:44,1,-1,1,AB5996,0,1,54
C654/2,C653,14:28:15,1,-1,1,AB5996,0,1,40
C688/1,C691,14:28:55,1,-1,1,AC1864,0,1,40
C653,C692,14:31:17,1,-1,1,AB5996,0,1,151
C691,C652,14:31:47,1,-1,1,AC1864,0,1,131
C652,C655,14:32:58,1,-1,1,AC1864,0,1,30
C692,C689/1,14:33:29,1,-1,1,AB5996,0,1,70
C655,C657,14:33:59,1,-1,1,AC1864,0,1,50
C657,C660,14:35:00,1,-1,1,AC1864,0,1,50
C660,C662,14:36:03,1,-1,1,AC1864,0,1,20
C689/1,T360,14:36:34,1,-1,1,AB5996,0,1,134
C662,C664,14:36:44,1,-1,1,AC1864,0,1,30
C664,C666,14:37:04,1,-1,1,AC1864,0,1,10
C666,C677,14:37:34,1,-1,1,AC1864,0,1,20
C677,C667,14:38:05,1,-1,1,AC1864,0,1,20
T360,T376/1,14:38:05,1,-1,1,AB5996,0,1,70
C667,C676,14:38:25,1,-1,-1,AC1864,0,1,10
C676,C680,14:39:36,1,-1,-1,AC1864,0,1,60
T336/2,T335,14:40:26,1,-1,1,AB5769,0,1,30
C680,C669/1,14:40:26,1,-1,1,AC1864,0,1,20
T376/1,T363/1,14:40:47,1,-1,1,AB5996,0,1,151
T335,T338,14:41:17,1,-1,1,AB5769,0,1,10
C669/1,C693,14:41:47,1,-1,1,AC1864,0,1,60
T363/1,T306,14:42:18,1,-1,1,AB5996,0,1,50
T338,T326/3,14:42:28,1,-1,-1,AB5769,0,1,60
C693,C681,14:43:08,1,-1,-1,AC1864,0,1,70
T306,T314/2,14:43:29,1,-1,-1,AB5996,0,1,40
T326/3,T332/2,14:43:39,1,-1,1,AB5769,0,1,50
C681,C671,14:44:09,1,-1,-1,AC1864,0,1,50
T332/2,T325/2,14:45:00,1,-1,1,AB5769,0,1,50
T318,T319,14:45:00,1,-1,-1,AB5996,0,1,50
T325/2,T339/2,14:46:02,1,-1,1,AB5769,0,1,30
C671,C695,14:46:02,1,-1,-1,AC1864,0,1,102
T319,T320,14:46:45,1,-1,-1,AB5996,0,1,52
T339/2,T313,14:48:26,1,-1,1,AB5769,0,1,101
C695,C673,14:48:36,1,-1,-1,AC1864,0,1,90
T320,T321/2,14:48:56,1,-1,-1,AB5996,0,1,10
T313,T315,14:49:26,1,-1,1,AB5769,0,1,20
C673,C672,14:49:36,1,-1,-1,AC1864,0,1,40
T321/2,T323,14:50:07,1,-1,1,AB5996,0,1,30
T323,T324/2,14:50:57,1,-1,1,AB5996,0,1,10
T315,T375,14:51:18,1,-1,1,AB5769,0,1,80
C672,C670,14:52:28,1,-1,1,AC1864,0,1,141
T324/2,T327,14:52:28,1,-1,1,AB5996,0,1,70
T375,T380,14:52:49,1,-1,1,AB5769,0,1,50
C670,C679,14:53:09,1,-1,1,AC1864,0,1,30
T380,T379,14:53:29,1,-1,1,AB5769,0,1,10
T327,T326/1,14:53:29,1,-1,1,AB5996,0,1,30
C679,C694,14:54:40,1,-1,-1,AC1864,0,1,80
T326/1,T337,14:54:40,1,-1,1,AB5996,0,1,60
C694,C669/2,14:55:31,1,-1,-1,AC1864,0,1,41
T337,T336/2,14:55:31,1,-1,1,AB5996,0,1,41
T379,T355/1,14:56:11,1,-1,1,AB5769,1,1,142
C669/2,C687,14:56:22,1,-1,1,AC1864,0,1,20
C687,C675,14:58:05,1,-1,1,AC1864,0,1,61
C675,C668,14:58:55,1,-1,1,AC1864,0,1,20
C668,C678,14:59:16,1,-1,1,AC1864,0,1,10
C678,C665,14:59:56,1,-1,1,AC1864,0,1,30
C665,C663,15:00:16,1,-1,1,AC1864,0,1,10
C663,C659,15:01:37,1,-1,1,AC1864,1,1,60
C688/1,C691,15:02:38,1,-1,1,AB5769,0,1,40
C659,C656,15:03:38,1,-1,1,AC1864,0,1,70
C691,C652,15:03:49,1,-1,1,AB5769,0,1,40
C656,C654/2,15:04:29,1,-1,1,AC1864,0,1,40
C652,C655,15:05:10,1,-1,1,AB5769,0,1,40
C655,C657,15:06:33,1,-1,1,AB5769,0,1,43
C654/2,C653,15:06:33,1,-1,1,AC1864,0,1,53
C657,C660,15:07:25,1,-1,1,AB5769,0,1,41
C660,C662,15:08:16,1,-1,1,AB5769,0,1,20
C662,C664,15:08:56,1,-1,1,AB5769,0,1,30
C653,C692,15:09:26,1,-1,1,AC1864,0,1,121
C664,C666,15:09:36,1,-1,1,AB5769,0,1,20
C666,C677,15:10:07,1,-1,1,AB5769,0,1,20
C677,C667,15:10:27,1,-1,1,AB5769,0,1,10
C667,C676,15:10:47,1,-1,-1,AB5769,0,1,10
C692,C689/1,15:11:17,1,-1,1,AC1864,0,1,60
C676,C680,15:11:58,1,-1,-1,AB5769,0,1,60
C680,C669/1,15:12:28,1,-1,1,AB5769,0,1,20
T336/2,T335,15:12:49,1,-1,2,AB5996,0,1,30
T335,T338,15:13:39,1,-1,1,AB5996,0,1,10
C669/1,C693,15:14:10,1,-1,1,AB5769,0,1,60
C689/1,T360,15:14:50,1,-1,1,AC1864,0,1,141
T338,T326/3,15:15:00,1,-1,-1,AB5996,0,1,60
C693,C681,15:15:52,1,-1,1,AB5769,0,1,72
T326/3,T332/2,15:16:03,1,-1,1,AB5996,0,1,42
T360,T376/1,15:16:34,1,-1,1,AC1864,0,1,73
T376/1,T363/1,15:18:15,1,-1,1,AC1864,0,1,80
T332/2,T325/2,15:18:25,1,-1,1,AB5996,0,1,101
C681,C695,15:18:45,1,-1,-1,AB5769,1,1,142
T325/2,T339/2,15:19:06,1,-1,1,AB5996,0,1,20
T363/1,T306,15:20:06,1,-1,1,AC1864,0,1,80
C695,C673,15:20:37,1,-1,-1,AB5769,0,1,91
T339/2,T313,15:20:47,1,-1,1,AB5996,0,1,60
C673,C672,15:21:07,1,-1,1,AB5769,0,1,20
T306,T314/2,15:21:37,1,-1,-1,AC1864,0,1,80
T313,T315,15:21:48,1,-1,1,AB5996,0,1,20
C672,C670,15:23:18,1,-1,1,AB5769,0,1,111
T315,T375,15:23:39,1,-1,1,AB5996,0,1,101
T318,T319,15:23:39,1,-1,-1,AC1864,0,1,50
C670,C679,15:24:40,1,-1,1,AB5769,0,1,40
T319,T320,15:24:50,1,-1,-1,AC1864,0,1,50
T375,T380,15:25:00,1,-1,1,AB5996,0,1,30
T380,T379,15:25:42,1,-1,1,AB5996,0,1,10
T320,T321/2,15:26:13,1,-1,-1,AC1864,0,1,20
C679,C694,15:26:23,1,-1,-1,AB5769,0,1,92
C694,C669/2,15:27:13,1,-1,-1,AB5769,0,1,40
T359,T355/1,15:27:55,1,-1,1,AB5996,0,1,71
T321/2,T323,15:28:05,1,-1,1,AC1864,0,1,41
C669/2,C687,15:28:45,1,-1,1,AB5769,0,1,40
T323,T324/2,15:29:06,1,-1,1,AC1864,0,1,10
C687,C675,15:30:16,1,-1,1,AB5769,0,1,70
C675,C668,15:30:47,1,-1,1,AB5769,0,1,20
T324/2,T327,15:30:47,1,-1,1,AC1864,0,1,60
C668,C678,15:31:27,1,-1,1,AB5769,0,1,20
T327,T326/1,15:31:27,1,-1,1,AC1864,0,1,20
C678,C665,15:31:57,1,-1,1,AB5769,0,1,20
C665,C663,15:32:18,1,-1,1,AB5769,0,1,10
C663,C661,15:32:58,1,-1,1,AB5769,0,1,30
T326/1,T337,15:32:58,1,-1,1,AC1864,0,1,60
C661,C659,15:33:39,1,-1,1,AB5769,0,1,30
T337,T336/2,15:33:49,1,-1,1,AC1864,0,1,40
C688/1,C691,15:34:09,1,-1,1,AB5996,0,1,81
C659,C654/2,15:36:05,1,-1,1,AB5769,1,1,95
C691,C652,15:36:25,1,-1,1,AB5996,0,1,95
C654/2,C653,15:37:36,1,-1,1,AB5769,0,1,50
C652,C655,15:38:06,1,-1,1,AB5996,0,1,30
C653,C692,15:39:07,1,-1,1,AB5769,0,1,60
C655,C657,15:39:27,1,-1,1,AB5996,0,1,40
C692,C689/1,15:39:47,1,-1,1,AB5769,0,1,20
C657,C660,15:40:27,1,-1,1,AB5996,0,1,40
C689/1,T360,15:44:00,1,-1,1,AB5769,0,1,161
T360,T376/1,15:45:31,1,-1,1,AB5769,0,1,61
C680,C669/1,15:45:52,1,-1,1,AB5996,0,1,20
C669/1,C693,15:47:24,1,-1,1,AB5996,0,1,61
T376/1,T363/1,15:47:54,1,-1,1,AB5769,0,1,132
T336/2,T335,15:48:25,1,-1,1,AC1864,0,1,20
C693,C681,15:49:05,1,-1,1,AB5996,0,1,70
T335,T338,15:49:15,1,-1,1,AC1864,0,1,30
C681,C671,15:50:06,1,-1,-1,AB5996,0,1,50
T363/1,T306,15:50:06,1,-1,1,AB5769,0,1,60
T306,T318,15:50:56,1,-1,-1,AB5769,1,1,40
T338,T326/3,15:51:16,1,-1,-1,AC1864,0,1,101
C671,C695,15:51:37,1,-1,-1,AB5996,0,1,81
T326/3,T332/2,15:52:07,1,-1,1,AC1864,0,1,30
T318,T319,15:52:58,1,-1,-1,AB5769,0,1,60
C695,C673,15:53:38,1,-1,-1,AB5996,0,1,91
T319,T320,15:54:19,1,-1,-1,AB5769,0,1,60
T332/2,T325/2,15:54:29,1,-1,1,AC1864,0,1,101
C673,C672,15:54:39,1,-1,-1,AB5996,0,1,50
T325/2,T339/2,15:56:00,1,-1,1,AC1864,0,1,40
T321/2,T323,15:57:13,1,-1,1,AB5769,0,1,30
T339/2,T313,15:57:23,1,-1,1,AC1864,0,1,40
C672,C670,15:57:23,1,-1,1,AB5996,0,1,133
C670,C679,15:58:24,1,-1,1,AB5996,0,1,40
T323,T324/2,15:58:24,1,-1,1,AB5769,0,1,20
T313,T315,15:58:34,1,-1,1,AC1864,0,1,20
C679,C694,15:59:55,1,-1,-1,AB5996,0,1,81
T324/2,T327,15:59:55,1,-1,1,AB5769,0,1,60
T315,T375,16:00:05,1,-1,1,AC1864,0,1,81
T327,T326/1,16:00:45,1,-1,1,AB5769,0,1,20
C694,C669/2,16:01:06,1,-1,-1,AB5996,0,1,20
T375,T380,16:01:46,1,-1,1,AC1864,0,1,60
T326/1,T337,16:01:56,1,-1,1,AB5769,0,1,50
C669/2,C687,16:02:26,1,-1,-1,AB5996,0,1,30
T380,T379,16:02:36,1,-1,1,AC1864,0,1,10
T337,T336/2,16:02:57,1,-1,1,AB5769,0,1,30
T379,T359,16:03:37,1,-1,1,AC1864,0,1,30
C687,C675,16:03:47,1,-1,1,AB5996,0,1,50
C675,C668,16:04:28,1,-1,1,AB5996,0,1,30
T359,T355/1,16:04:58,1,-1,1,AC1864,0,1,50
C668,C678,16:04:58,1,-1,1,AB5996,0,1,10
C678,C665,16:05:38,1,-1,1,AB5996,0,1,30
C665,C663,16:05:59,1,-1,1,AB5996,0,1,10
C663,C661,16:06:39,1,-1,1,AB5996,0,1,30
C661,C659,16:07:19,1,-1,1,AB5996,0,1,30
C659,C656,16:09:26,1,-1,1,AB5996,0,1,75
C688/1,C691,16:10:16,1,-1,1,AC1864,0,1,50
C656,C654/2,16:10:56,1,-1,1,AB5996,0,1,60
C691,C652,16:12:38,1,-1,1,AC1864,0,1,112
C652,C655,16:13:29,1,-1,1,AC1864,0,1,20
C655,C657,16:15:20,1,-1,1,AC1864,0,1,40
C657,C660,16:16:24,1,-1,1,AC1864,0,1,40
C660,C662,16:17:15,1,-1,1,AC1864,0,1,20
C662,C664,16:17:56,1,-1,1,AC1864,0,1,31
C692,C689/1,16:17:56,1,-1,1,AB5996,0,1,20
C664,C666,16:18:17,1,-1,1,AC1864,0,1,10
C666,C677,16:18:37,1,-1,1,AC1864,0,1,10
C677,C667,16:19:07,1,-1,-1,AC1864,0,1,20
C667,C676,16:19:37,1,-1,-1,AC1864,0,1,20
C689/1,T360,16:20:28,1,-1,1,AB5996,0,1,111
C676,C680,16:20:48,1,-1,-1,AC1864,0,1,60
C680,C669/1,16:21:29,1,-1,-1,AC1864,0,1,30
T360,T376/1,16:22:30,1,-1,1,AB5996,0,1,91
C669/1,C693,16:22:50,1,-1,-1,AC1864,0,1,60
T336/2,T335,16:23:10,1,-1,1,AB5769,0,1,30
T335,T338,16:24:03,1,-1,1,AB5769,0,1,20
C693,C681,16:24:33,1,-1,-1,AC1864,0,1,72
T376/1,T363/1,16:25:13,1,-1,1,AB5996,0,1,153
T338,T326/3,16:25:23,1,-1,-1,AB5769,0,1,70
C681,C671,16:25:44,1,-1,-1,AC1864,0,1,60
T326/3,T332/2,16:27:15,1,-1,1,AB5769,0,1,80
C671,C695,16:27:55,1,-1,-1,AC1864,0,1,90
T363/1,T306,16:28:05,1,-1,1,AB5996,0,1,131
T332/2,T325/2,16:28:25,1,-1,1,AB5769,0,1,60
T325/2,T339/2,16:29:06,1,-1,1,AB5769,0,1,20
T306,T314/2,16:29:56,1,-1,-1,AB5996,0,1,90
C695,C672,16:30:16,1,-1,1,AC1864,1,1,131
T339/2,T313,16:30:37,1,-1,1,AB5769,0,1,60
T313,T315,16:31:58,1,-1,1,AB5769,0,1,30
T318,T319,16:32:48,1,-1,-1,AB5996,0,1,80
T315,T375,16:33:39,1,-1,1,AB5769,0,1,80
T319,T320,16:33:39,1,-1,-1,AB5996,0,1,40
C672,C670,16:34:19,1,-1,1,AC1864,0,1,121
C670,C679,16:35:00,1,-1,1,AC1864,0,1,30
T320,T321/2,16:35:10,1,-1,-1,AB5996,0,1,20
T375,T380,16:35:32,1,-1,1,AB5769,0,1,73
T380,T379,16:36:13,1,-1,1,AB5769,0,1,10
C679,C694,16:36:23,1,-1,-1,AC1864,0,1,62
T379,T359,16:36:44,1,-1,1,AB5769,0,1,21
T321/2,T323,16:36:44,1,-1,1,AB5996,0,1,31
C694,C669/2,16:37:35,1,-1,-1,AC1864,0,1,40
T323,T324/2,16:37:55,1,-1,1,AB5996,0,1,10
C669/2,C687,16:38:15,1,-1,2,AC1864,0,1,20
T359,T355/1,16:38:25,1,-1,1,AB5769,0,1,90
C687,C675,16:39:16,1,-1,2,AC1864,0,1,50
T324/2,T327,16:39:36,1,-1,1,AB5996,0,1,50
C675,C668,16:39:46,1,-1,1,AC1864,0,1,20
C668,C678,16:40:06,1,-1,-1,AC1864,0,1,10
C678,C665,16:40:37,1,-1,-1,AC1864,0,1,20
T327,T326/1,16:40:37,1,-1,-1,AB5996,0,1,30
C665,C663,16:40:57,1,-1,-1,AC1864,0,1,10
T326/1,T337,16:41:47,1,-1,-1,AB5996,0,1,60
C663,C659,16:42:18,1,-1,-1,AC1864,1,1,70
T337,T336/2,16:42:58,1,-1,-1,AB5996,0,1,40
C688/1,C691,16:43:59,1,-1,-1,AB5769,0,1,40
C659,C656,16:43:59,1,-1,-1,AC1864,0,1,40
C656,C654/2,16:44:59,1,-1,-1,AC1864,0,1,50
C654/2,C653,16:46:00,1,-1,1,AC1864,0,1,30
C691,C652,16:46:52,1,-1,1,AB5769,0,1,143
C653,C692,16:47:35,1,-1,1,AC1864,0,1,74
C652,C655,16:47:55,1,-1,1,AB5769,0,1,32
C692,C689/1,16:49:06,1,-1,1,AC1864,0,1,40
C655,C657,16:49:36,1,-1,1,AB5769,0,1,70
C657,C660,16:50:37,1,-1,1,AB5769,0,1,50
C660,C664,16:51:58,1,-1,1,AB5769,1,1,50
C689/1,T360,16:51:58,1,-1,1,AC1864,0,1,121
C664,C666,16:52:28,1,-1,1,AB5769,0,1,20
C666,C677,16:52:48,1,-1,1,AB5769,0,1,10
C677,C667,16:53:29,1,-1,1,AB5769,0,1,30
T360,T376/1,16:53:39,1,-1,1,AC1864,0,1,50
C667,C676,16:53:59,1,-1,-1,AB5769,0,1,10
C676,C680,16:55:10,1,-1,-1,AB5769,0,1,60
T376/1,T363/1,16:55:20,1,-1,1,AC1864,0,1,90
C680,C669/1,16:56:03,1,-1,1,AB5769,0,1,42
C669/1,C693,16:57:25,1,-1,1,AB5769,0,1,50
T363/1,T306,16:57:25,1,-1,2,AC1864,0,1,70
T336/2,T335,16:58:05,1,-1,1,AB5996,0,1,40
T335,T338,16:58:46,1,-1,1,AB5996,0,1,10
C693,C681,16:58:46,1,-1,1,AB5769,0,1,70
C681,C671,16:59:36,1,-1,-1,AB5769,0,1,40
T306,T314/2,17:00:07,1,-1,-1,AC1864,0,1,141
T338,T326/3,17:00:17,1,-1,-1,AB5996,0,1,50
T326/3,T332/2,17:01:07,1,-1,1,AB5996,0,1,40
C671,C695,17:01:07,1,-1,-1,AB5769,0,1,80
T314/2,T318,17:02:18,1,-1,-1,AC1864,0,1,60
C695,C673,17:02:48,1,-1,-1,AB5769,0,1,90
T332/2,T325/2,17:02:58,1,-1,1,AB5996,0,1,80
C673,C672,17:03:29,1,-1,1,AB5769,0,1,30
T319,T320,17:03:59,1,-1,-1,AC1864,0,1,30
T325/2,T339/2,17:05:10,1,-1,2,AB5996,0,1,50
T321/2,T323,17:05:54,1,-1,1,AC1864,0,1,20
C672,C670,17:06:15,1,-1,1,AB5769,0,1,145
T323,T324/2,17:06:45,1,-1,1,AC1864,0,1,10
C670,C679,17:07:25,1,-1,1,AB5769,0,1,30
T339/2,T313,17:07:35,1,-1,1,AB5996,0,1,90
T313,T315,17:08:26,1,-1,1,AB5996,0,1,10
T324/2,T327,17:08:46,1,-1,1,AC1864,0,1,80
C679,C694,17:08:56,1,-1,-1,AB5769,0,1,80
C694,C669/2,17:09:37,1,-1,-1,AB5769,0,1,30
T327,T326/1,17:09:37,1,-1,1,AC1864,0,1,20
T315,T375,17:10:11,1,-1,1,AB5996,0,1,84
C669/2,C687,17:10:42,1,-1,1,AB5769,0,1,30
T326/1,T337,17:10:52,1,-1,1,AC1864,0,1,40
T375,T380,17:11:42,1,-1,1,AB5996,0,1,60
T337,T336/2,17:11:42,1,-1,1,AC1864,0,1,30
C687,C675,17:12:02,1,-1,1,AB5769,0,1,60
T380,T379,17:12:13,1,-1,1,AB5996,0,1,20
C675,C668,17:12:33,1,-1,1,AB5769,0,1,20
C668,C678,17:13:03,1,-1,1,AB5769,0,1,20
T379,T359,17:13:13,1,-1,1,AB5996,0,1,20
C678,C663,17:14:14,1,-1,1,AB5769,1,1,40
T359,T355/1,17:14:54,1,-1,1,AB5996,0,1,80
C663,C661,17:14:54,1,-1,1,AB5769,0,1,30
C661,C659,17:15:25,1,-1,1,AB5769,0,1,20
C659,C656,17:17:06,1,-1,1,AB5769,0,1,30
C656,C654/2,17:18:37,1,-1,1,AB5769,0,1,60
C654/2,C653,17:19:57,1,-1,1,AB5769,0,1,40
C688/1,C691,17:21:08,1,-1,1,AB5996,0,1,70
C653,C692,17:21:08,1,-1,1,AB5769,0,1,30
C692,C689/1,17:22:19,1,-1,1,AB5769,0,1,50
C691,C652,17:23:19,1,-1,1,AB5996,0,1,90
C652,C655,17:24:20,1,-1,1,AB5996,0,1,30
C689/1,T360,17:25:22,1,-1,1,AB5769,0,1,112
C655,C657,17:25:32,1,-1,1,AB5996,0,1,50
C657,C660,17:26:33,1,-1,1,AB5996,0,1,50
T360,T376/1,17:26:33,1,-1,1,AB5769,0,1,40
C660,C662,17:28:34,1,-1,1,AB5996,0,1,50
T376/1,T363/1,17:29:05,1,-1,1,AB5769,0,1,121
T336/2,T335,17:31:07,1,-1,1,AC1864,0,1,40
T363/1,T314/2,17:31:22,1,-1,-1,AB5769,1,1,85
T335,T338,17:31:43,1,-1,1,AC1864,0,1,21
C680,C669/1,17:32:54,1,-1,1,AB5996,0,1,10
T338,T326/3,17:33:04,1,-1,-1,AC1864,0,1,50
C669/1,C693,17:34:25,1,-1,1,AB5996,0,1,60
T318,T319,17:35:26,1,-1,-1,AB5769,0,1,141
C693,C681,17:35:46,1,-1,1,AB5996,0,1,70
T326/3,T339/2,17:36:26,1,-1,1,AC1864,2,1,171
C681,C671,17:36:46,1,-1,-1,AB5996,0,1,40
T319,T320,17:37:27,1,-1,-1,AB5769,0,1,111
C671,C695,17:38:17,1,-1,-1,AB5996,0,1,80
T339/2,T313,17:38:58,1,-1,1,AC1864,0,1,90
T313,T375,17:40:49,1,-1,1,AC1864,1,1,80
T321/2,T323,17:40:59,1,-1,1,AB5769,0,1,70
C695,C672,17:41:19,1,-1,-1,AB5996,1,1,131
T323,T324/2,17:41:29,1,-1,1,AB5769,0,1,10
T375,T380,17:41:50,1,-1,1,AC1864,0,1,20
T380,T379,17:42:43,1,-1,1,AC1864,0,1,10
T324/2,T327,17:43:04,1,-1,1,AB5769,0,1,53
T379,T359,17:43:44,1,-1,1,AC1864,0,1,30
T327,T326/1,17:43:54,1,-1,1,AB5769,0,1,30
C672,C670,17:44:25,1,-1,-1,AB5996,0,1,124
T359,T355/1,17:45:15,1,-1,1,AC1864,0,1,81
C670,C679,17:45:25,1,-1,-1,AB5996,0,1,30
T326/1,T337,17:45:25,1,-1,1,AB5769,0,1,81
T337,T336/2,17:45:56,1,-1,1,AB5769,0,1,20
C679,C694,17:47:07,1,-1,-1,AB5996,0,1,80
C694,C669/2,17:47:47,1,-1,-1,AB5996,0,1,30
C669/2,C687,17:49:32,1,-1,2,AB5996,0,1,44
C687,C675,17:51:03,1,-1,1,AB5996,0,1,60
C688/1,C691,17:51:13,1,-1,1,AC1864,0,1,20
C675,C668,17:51:34,1,-1,1,AB5996,0,1,21
C668,C678,17:51:55,1,-1,1,AB5996,0,1,10
C678,C665,17:52:25,1,-1,1,AB5996,0,1,20
C665,C663,17:52:55,1,-1,1,AB5996,0,1,10
C663,C661,17:53:36,1,-1,1,AB5996,0,1,30
C691,C652,17:53:46,1,-1,1,AC1864,0,1,111
C661,C659,17:54:16,1,-1,1,AB5996,0,1,20
C652,C655,17:54:46,1,-1,1,AC1864,0,1,30
C655,C657,17:55:37,1,-1,1,AC1864,0,1,40
C659,C656,17:55:37,1,-1,1,AB5996,0,1,40
C657,C660,17:56:48,1,-1,1,AC1864,0,1,40
C656,C654/2,17:56:48,1,-1,1,AB5996,0,1,60
C660,C664,17:57:48,1,-1,1,AC1864,1,1,50
C654/2,C653,17:58:19,1,-1,1,AB5996,0,1,50
C664,C666,17:58:29,1,-1,1,AC1864,0,1,20
C666,C677,17:58:49,1,-1,1,AC1864,0,1,10
C677,C667,17:59:19,1,-1,1,AC1864,0,1,20
C667,C676,17:59:50,1,-1,-1,AC1864,0,1,20
C676,C680,18:00:52,1,-1,-1,AC1864,0,1,52
C680,C669/1,18:01:54,1,-1,1,AC1864,0,1,31
C653,C692,18:02:54,1,-1,1,AB5996,0,1,142
C669/1,C693,18:03:04,1,-1,1,AC1864,0,1,50
C692,C689/1,18:04:05,1,-1,1,AB5996,0,1,20
C693,C681,18:04:25,1,-1,1,AC1864,0,1,70
C681,C671,18:05:16,1,-1,-1,AC1864,0,1,40
C671,C695,18:06:37,1,-1,-1,AC1864,0,1,70
C689/1,T360,18:06:47,1,-1,1,AB5996,0,1,131
T336/2,T335,18:08:08,1,-1,1,AB5769,0,1,50
C695,C673,18:08:28,1,-1,-1,AC1864,0,1,80
T335,T338,18:09:08,1,-1,1,AB5769,0,1,10
C673,C672,18:09:29,1,-1,-1,AC1864,0,1,30
T360,T376/1,18:09:29,1,-1,1,AB5996,0,1,121
T376/1,T363/1,18:11:41,1,-1,1,AB5996,0,1,111
C672,C670,18:12:11,1,-1,-1,AC1864,0,1,122
C670,C679,18:12:52,1,-1,-1,AC1864,0,1,20
C679,C694,18:14:24,1,-1,-1,AC1864,0,1,72
T363/1,T306,18:14:34,1,-1,1,AB5996,0,1,122
T326/3,T332/2,18:15:04,1,-1,3,AB5769,0,1,80
C694,C669/2,18:15:35,1,-1,-1,AC1864,0,1,40
T306,T318,18:15:45,1,-1,-1,AB5996,1,1,50
C669/2,C687,18:16:45,1,-1,-1,AC1864,0,1,30
T318,T319,18:17:56,1,-1,-1,AB5996,0,1,50
C687,C675,18:18:16,1,-1,1,AC1864,0,1,60
C675,C668,18:18:57,1,-1,1,AC1864,0,1,10
T319,T320,18:18:57,1,-1,-1,AB5996,0,1,30
T320,T321/2,18:19:47,1,-1,-1,AB5996,0,1,20
C678,C665,18:20:08,1,-1,1,AC1864,0,1,20
C665,C663,18:20:28,1,-1,1,AC1864,0,1,10
T325/2,T339/2,18:20:48,1,-1,2,AB5769,0,1,20
T321/2,T323,18:20:48,1,-1,1,AB5996,0,1,30
C663,C661,18:21:08,1,-1,1,AC1864,0,1,20
T323,T324/2,18:21:39,1,-1,1,AB5996,0,1,10
C661,C659,18:21:59,1,-1,1,AC1864,0,1,40
T339/2,T313,18:23:20,1,-1,1,AB5769,0,1,111
C659,C656,18:23:41,1,-1,1,AC1864,0,1,41
T324/2,T327,18:23:51,1,-1,1,AB5996,0,1,92
T313,T315,18:24:22,1,-1,2,AB5769,0,1,10
T327,T326/1,18:24:42,1,-1,1,AB5996,0,1,20
C656,C654/2,18:25:02,1,-1,1,AC1864,0,1,50
T326/1,T337,18:25:53,1,-1,1,AB5996,0,1,50
C654/2,C653,18:26:23,1,-1,1,AC1864,0,1,40
T337,T336/2,18:26:43,1,-1,1,AB5996,0,1,40
T315,T375,18:26:53,1,-1,1,AB5769,0,1,111
T375,T380,18:28:04,1,-1,1,AB5769,0,1,20
C653,C692,18:28:24,1,-1,1,AC1864,0,1,90
T380,T379,18:28:55,1,-1,1,AB5769,0,1,10
T379,T359,18:30:26,1,-1,1,AB5769,0,1,50
C692,C689/1,18:30:56,1,-1,1,AC1864,0,1,60
T359,T355/1,18:31:47,1,-1,1,AB5769,0,1,70
C689/1,T360,18:34:08,1,-1,1,AC1864,0,1,131
T360,T376/1,18:35:29,1,-1,1,AC1864,0,1,40
C688/1,C691,18:39:14,1,-1,1,AB5769,0,1,70
C691,C652,18:40:35,1,-1,-1,AB5769,0,1,50
C652,C655,18:41:46,1,-1,-1,AB5769,0,1,30
T336/2,T335,18:42:57,1,-1,-1,AB5996,0,1,20
C655,C657,18:42:57,1,-1,-1,AB5769,0,1,30
C657,C660,18:43:47,1,-1,-1,AB5769,0,1,40
T335,T338,18:43:57,1,-1,-1,AB5996,0,1,10
C660,C662,18:44:38,1,-1,-1,AB5769,0,1,20
T363/1,T306,18:44:48,1,-1,-1,AC1864,0,1,181
T338,T326/3,18:45:28,1,-1,-1,AB5996,0,1,60
C662,C666,18:45:38,1,-1,1,AB5769,1,1,50
C666,C677,18:45:59,1,-1,1,AB5769,0,1,10
T306,T314/2,18:46:09,1,-1,-1,AC1864,0,1,50
T326/3,T332/2,18:46:29,1,-1,2,AB5996,0,1,40
C677,C667,18:46:29,1,-1,2,AB5769,0,1,20
C667,C676,18:46:49,1,-1,-1,AB5769,0,1,10
C676,C680,18:47:53,1,-1,-1,AB5769,0,1,53
C680,C669/1,18:48:44,1,-1,1,AB5769,0,1,20
C669/1,C693,18:50:05,1,-1,1,AB5769,0,1,60
T314/2,T318,18:50:15,1,-1,-1,AC1864,0,1,90
C693,C681,18:51:26,1,-1,1,AB5769,0,1,70
T319,T320,18:51:56,1,-1,-1,AC1864,0,1,30
T325/2,T339/2,18:52:06,1,-1,2,AB5996,0,1,40
C681,C671,18:52:16,1,-1,-1,AB5769,0,1,40
T320,T321/2,18:52:47,1,-1,-1,AC1864,0,1,10
C671,C695,18:54:07,1,-1,-1,AB5769,0,1,80
T321/2,T323,18:54:38,1,-1,1,AC1864,0,1,70
T339/2,T313,18:54:48,1,-1,1,AB5996,0,1,111
T313,T315,18:55:28,1,-1,2,AB5996,0,1,20
T323,T324/2,18:55:59,1,-1,1,AC1864,0,1,20
C695,C672,18:56:59,1,-1,-1,AB5769,1,1,151
T315,T375,18:57:10,1,-1,1,AB5996,0,1,91
T324/2,T327,18:57:20,1,-1,1,AC1864,0,1,50
T327,T326/1,18:58:11,1,-1,1,AC1864,0,1,30
T375,T380,18:58:31,1,-1,1,AB5996,0,1,40
T380,T379,18:59:32,1,-1,1,AB5996,0,1,10
C672,C670,19:00:02,1,-1,-1,AB5769,0,1,131
T326/1,T337,19:00:02,1,-1,1,AC1864,0,1,70
T379,T359,19:00:23,1,-1,1,AB5996,0,1,20
T337,T336/2,19:00:43,1,-1,1,AC1864,0,1,20
C670,C679,19:00:53,1,-1,-1,AB5769,0,1,30
T359,T355/1,19:01:44,1,-1,1,AB5996,0,1,70
C679,C694,19:02:44,1,-1,-1,AB5769,0,1,80
C694,C669/2,19:03:35,1,-1,-1,AB5769,0,1,40
C669/2,C687,19:05:16,1,-1,-1,AB5769,0,1,30
C687,C675,19:07:01,1,-1,1,AB5769,0,1,74
C675,C668,19:07:52,1,-1,1,AB5769,0,1,20
C688/1,C691,19:08:12,1,-1,1,AB5996,0,1,20
C668,C678,19:08:12,1,-1,1,AB5769,0,1,10
C678,C665,19:08:54,1,-1,1,AB5769,0,1,20
C665,C663,19:09:34,1,-1,1,AB5769,0,1,20
C663,C661,19:10:25,1,-1,1,AB5769,0,1,30
C661,C659,19:10:55,1,-1,1,AB5769,0,1,20
C691,C652,19:11:46,1,-1,1,AB5996,0,1,151
C659,C656,19:12:16,1,-1,1,AB5769,0,1,40
C652,C655,19:12:57,1,-1,1,AB5996,0,1,30
C656,C654/2,19:13:27,1,-1,1,AB5769,0,1,50
C655,C657,19:14:07,1,-1,1,AB5996,0,1,50
C657,C660,19:14:58,1,-1,1,AB5996,0,1,40
C660,C662,19:15:28,1,-1,1,AB5996,0,1,20
C654/2,C653,19:15:48,1,-1,1,AB5769,0,1,121
T336/2,T335,19:16:09,1,-1,1,AC1864,0,1,30
T335,T338,19:16:49,1,-1,1,AC1864,0,1,10
C653,C692,19:17:19,1,-1,1,AB5769,0,1,50
C692,C689/1,19:18:44,1,-1,1,AB5769,0,1,10
T338,T326/3,19:19:04,1,-1,-1,AC1864,0,1,94
T326/3,T332/2,19:20:15,1,-1,2,AC1864,0,1,50
C669/1,C693,19:20:45,1,-1,-1,AB5996,0,1,50
C693,C681,19:22:27,1,-1,1,AB5996,0,1,71
C689/1,T360,19:22:37,1,-1,1,AB5769,0,1,132
T332/2,T325/2,19:23:28,1,-1,1,AC1864,0,1,162
T360,T376/1,19:23:58,1,-1,1,AB5769,0,1,40
T325/2,T339/2,19:24:18,1,-1,2,AC1864,0,1,40
C681,C695,19:24:59,1,-1,-1,AB5996,1,1,141
T339/2,T313,19:26:09,1,-1,1,AC1864,0,1,80
C695,C673,19:26:33,1,-1,-1,AB5996,0,1,84
T313,T315,19:27:04,1,-1,1,AC1864,0,1,20
C673,C672,19:27:04,1,-1,1,AB5996,0,1,20
T376/1,T363/1,19:27:14,1,-1,1,AB5769,0,1,124
T315,T375,19:29:15,1,-1,1,AC1864,0,1,90
C672,C670,19:29:55,1,-1,1,AB5996,0,1,131
T375,T380,19:30:26,1,-1,1,AC1864,0,1,30
T363/1,T306,19:30:36,1,-1,1,AB5769,0,1,111
C670,C679,19:30:46,1,-1,1,AB5996,0,1,40
T380,T379,19:31:16,1,-1,1,AC1864,0,1,20
T379,T359,19:31:46,1,-1,1,AC1864,0,1,20
T306,T314/2,19:31:56,1,-1,-1,AB5769,0,1,50
T359,T355/1,19:32:37,1,-1,1,AC1864,0,1,40
T314/2,T318,19:32:37,1,-1,-1,AB5769,0,1,10
C679,C669/2,19:32:57,1,-1,-1,AB5996,1,1,121
T318,T319,19:33:27,1,-1,-1,AB5769,0,1,40
C669/2,C687,19:34:08,1,-1,1,AB5996,0,1,20
T319,T320,19:34:58,1,-1,-1,AB5769,0,1,80
C687,C675,19:35:39,1,-1,1,AB5996,0,1,60
C675,C668,19:36:29,1,-1,1,AB5996,0,1,20
C668,C678,19:36:50,1,-1,1,AB5996,0,1,10
T320,T321/2,19:37:00,1,-1,-1,AB5769,0,1,70
C678,C665,19:37:32,1,-1,1,AB5996,0,1,21
C665,C663,19:37:52,1,-1,2,AB5996,0,1,10
T321/2,T323,19:37:52,1,-1,1,AB5769,0,1,20
C688/1,C691,19:38:02,1,-1,1,AC1864,0,1,42
C663,C661,19:38:32,1,-1,2,AB5996,0,1,30
T323,T324/2,19:38:32,1,-1,1,AB5769,0,1,20
C661,C659,19:39:03,1,-1,1,AB5996,0,1,20
T324/2,T327,19:39:33,1,-1,1,AB5769,0,1,50
C691,C652,19:40:13,1,-1,1,AC1864,0,1,101
T327,T326/1,19:40:24,1,-1,1,AB5769,0,1,20
C659,C654/2,19:41:14,1,-1,1,AB5996,1,1,111
C652,C655,19:41:24,1,-1,1,AC1864,0,1,30
T326/1,T337,19:41:44,1,-1,1,AB5769,0,1,60
C655,C657,19:42:35,1,-1,-1,AC1864,0,1,40
T337,T336/2,19:42:35,1,-1,1,AB5769,0,1,30
C654/2,C653,19:42:55,1,-1,1,AB5996,0,1,90
C657,C660,19:43:25,1,-1,3,AC1864,0,1,40
C660,C662,19:44:36,1,-1,1,AC1864,0,1,20
C662,C664,19:45:17,1,-1,1,AC1864,0,1,30
C653,C692,19:45:17,1,-1,1,AB5996,0,1,111
C666,C677,19:45:57,1,-1,-1,AC1864,0,1,20
C677,C667,19:46:17,1,-1,-1,AC1864,0,1,10
C692,C689/1,19:46:17,1,-1,1,AB5996,0,1,50
C667,C676,19:46:48,1,-1,-1,AC1864,0,1,20
C676,C680,19:47:48,1,-1,-1,AC1864,0,1,50
C680,C669/1,19:48:49,1,-1,1,AC1864,0,1,20
C689/1,T360,19:48:49,1,-1,1,AB5996,0,1,131
C669/1,C693,19:50:10,1,-1,1,AC1864,0,1,60
T360,T376/1,19:51:00,1,-1,1,AB5996,0,1,101
C693,C681,19:51:20,1,-1,1,AC1864,0,1,60
C681,C671,19:52:14,1,-1,-1,AC1864,0,1,40
T376/1,T363/1,19:52:55,1,-1,1,AB5996,0,1,104
C671,C695,19:53:55,1,-1,-1,AC1864,0,1,90
T363/1,T306,19:54:26,1,-1,1,AB5996,0,1,50
C695,C673,19:55:26,1,-1,-1,AC1864,0,1,81
T306,T314/2,19:55:26,1,-1,-1,AB5996,0,1,40
C673,C672,19:55:57,1,-1,1,AC1864,0,1,20
T318,T319,19:57:38,1,-1,-1,AB5996,0,1,80
T319,T320,19:58:38,1,-1,-1,AB5996,0,1,50
C672,C670,19:59:00,1,-1,1,AC1864,0,1,112
T320,T321/2,19:59:32,1,-1,-1,AB5996,0,1,11
C670,C679,20:00:34,1,-1,1,AC1864,0,1,31
T321/2,T323,20:00:34,1,-1,1,AB5996,0,1,21
T323,T324/2,20:01:24,1,-1,1,AB5996,0,1,10
C679,C694,20:02:15,1,-1,-1,AC1864,0,1,80
C694,C669/2,20:02:55,1,-1,-1,AC1864,0,1,30
T324/2,T327,20:02:55,1,-1,1,AB5996,0,1,60
T327,T326/1,20:03:46,1,-1,1,AB5996,0,1,30
C669/2,C687,20:04:06,1,-1,1,AC1864,0,1,30
T326/1,T337,20:04:46,1,-1,1,AB5996,0,1,50
T337,T336/2,20:05:27,1,-1,1,AB5996,0,1,30
C687,C675,20:05:37,1,-1,1,AC1864,0,1,50
C675,C668,20:06:27,1,-1,1,AC1864,0,1,20
C668,C678,20:07:18,1,-1,1,AC1864,0,1,20
C678,C665,20:08:19,1,-1,1,AC1864,0,1,30
C665,C663,20:08:39,1,-1,1,AC1864,0,1,10
C663,C661,20:09:19,1,-1,1,AC1864,0,1,30
C661,C659,20:09:49,1,-1,1,AC1864,0,1,20
C659,C656,20:11:00,1,-1,1,AC1864,0,1,50
C656,C654/2,20:12:03,1,-1,1,AC1864,0,1,42
C654/2,C653,20:13:14,1,-1,1,AC1864,0,1,30
C653,C692,20:15:05,1,-1,3,AC1864,0,1,70
C692,C689/1,20:16:06,1,-1,1,AC1864,0,1,30
C689/1,T360,20:18:27,1,-1,1,AC1864,0,1,100
T360,T376/1,20:19:48,1,-1,1,AC1864,0,1,40
T376/1,T363/1,20:22:19,1,-1,1,AC1864,0,1,141
T363/1,T306,20:24:12,1,-1,1,AC1864,0,1,72
T306,T314/2,20:25:23,1,-1,-1,AC1864,0,1,50
T318,T319,20:27:15,1,-1,-1,AC1864,0,1,101
T319,T320,20:28:07,1,-1,-1,AC1864,0,1,41
T321/2,T323,20:29:58,1,-1,1,AC1864,0,1,20
T323,T324/2,20:30:28,1,-1,1,AC1864,0,1,10
T324/2,T327,20:32:19,1,-1,1,AC1864,0,1,70
T327,T326/1,20:33:10,1,-1,1,AC1864,0,1,20
T326/1,T337,20:34:24,1,-1,1,AC1864,0,1,64
T337,T336/2,20:35:25,1,-1,1,AC1864,0,1,40
T336/2,T335,5:30:48,4,-1,1,AC1864,0,1,20
T335,T338,5:31:09,4,-1,1,AC1864,0,1,10
T338,T326/3,5:32:29,4,-1,-1,AC1864,0,1,40
T326/3,T325/2,5:34:25,4,-1,1,AC1864,1,1,95
T325/2,T339/2,5:35:16,4,-1,1,AC1864,0,1,20
T339/2,T313,5:35:56,4,-1,1,AC1864,0,1,30
T313,T315,5:36:57,4,-1,1,AC1864,0,1,20
T315,T375,5:37:57,4,-1,1,AC1864,0,1,50
T375,T380,5:38:28,4,-1,1,AC1864,0,1,10
T380,T379,5:39:18,4,-1,1,AC1864,0,1,20
T379,T355/1,5:40:49,4,-1,1,AC1864,1,1,80
T355/1,C688/1,5:44:13,4,-1,3,AC1864,0,1,193
C688/1,C691,5:45:34,4,-1,-1,AC1864,0,1,50
C691,C652,5:47:15,4,-1,-1,AC1864,0,1,60
C652,C655,5:48:25,4,-1,-1,AC1864,0,1,30
C655,C657,5:49:26,4,-1,-1,AC1864,0,1,50
C657,C660,5:50:07,4,-1,-1,AC1864,0,1,30
C660,C662,5:50:57,4,-1,-1,AC1864,0,1,20
C662,C664,5:51:37,4,-1,-1,AC1864,0,1,30
C664,C666,5:52:38,4,-1,-1,AC1864,0,1,20
C666,C677,5:52:58,4,-1,-1,AC1864,0,1,10
C677,C667,5:53:59,4,-1,-1,AC1864,0,1,30
C667,C676,5:54:19,4,-1,-1,AC1864,0,1,10
C676,C680,5:55:34,4,-1,-1,AC1864,0,1,64
C680,C669/1,5:56:34,4,-1,-1,AC1864,0,1,40
C669/1,C693,5:57:55,4,-1,-1,AC1864,0,1,60
C693,C681,5:59:16,4,-1,-1,AC1864,0,1,70
C681,C671,6:00:17,4,-1,-1,AC1864,0,1,50
C671,C695,6:01:58,4,-1,-1,AC1864,0,1,90
C695,C672,6:04:29,4,-1,-1,AC1864,1,1,121
T336/2,T335,6:05:30,4,-1,1,AB5769,0,1,20
T335,T338,6:05:50,4,-1,1,AB5769,0,1,10
T338,T326/3,6:06:53,4,-1,-1,AB5769,0,1,20
C672,C670,6:06:53,4,-1,-1,AC1864,0,1,113
C670,C679,6:07:44,4,-1,-1,AC1864,0,1,30
T326/3,T332/2,6:08:14,4,-1,1,AB5769,0,1,60
C679,C694,6:09:35,4,-1,-1,AC1864,0,1,90
T332/2,T325/2,6:10:05,4,-1,1,AB5769,0,1,60
C694,C669/2,6:10:26,4,-1,-1,AC1864,0,1,40
T325/2,T339/2,6:11:06,4,-1,1,AB5769,0,1,20
C669/2,C687,6:11:06,4,-1,-1,AC1864,0,1,20
T339/2,T313,6:11:56,4,-1,1,AB5769,0,1,40
C687,C675,6:12:17,4,-1,-1,AC1864,0,1,60
C675,C678,6:13:17,4,-1,-1,AC1864,1,1,50
C678,C665,6:13:48,4,-1,-1,AC1864,0,1,20
T313,T375,6:14:08,4,-1,1,AB5769,1,1,90
C665,C663,6:14:18,4,-1,-1,AC1864,0,1,20
C663,C661,6:14:58,4,-1,-1,AC1864,0,1,30
T375,T380,6:15:09,4,-1,1,AB5769,0,1,20
C661,C659,6:15:39,4,-1,-1,AC1864,0,1,30
T380,T379,6:15:59,4,-1,1,AB5769,0,1,10
C659,C656,6:16:39,4,-1,2,AC1864,0,1,40
T379,T359,6:16:50,4,-1,1,AB5769,0,1,20
C656,C654/2,6:17:52,4,-1,2,AC1864,0,1,52
T359,T355/1,6:18:13,4,-1,1,AB5769,0,1,52
C654/2,C653,6:19:03,4,-1,1,AC1864,0,1,40
C653,C692,6:21:14,4,-1,1,AC1864,0,1,121
C692,C689/1,6:22:25,4,-1,1,AC1864,0,1,60
C689/1,T360,6:24:38,4,-1,1,AC1864,0,1,111
C688/1,C691,6:24:48,4,-1,1,AB5769,0,1,80
T360,T376/1,6:25:58,4,-1,1,AC1864,0,1,60
C691,C652,6:26:29,4,-1,1,AB5769,0,1,50
T376/1,T363/1,6:27:29,4,-1,1,AC1864,0,1,70
C652,C655,6:27:50,4,-1,3,AB5769,0,1,30
T363/1,T306,6:28:32,4,-1,1,AC1864,0,1,52
C655,C657,6:28:52,4,-1,3,AB5769,0,1,42
T306,T314/2,6:29:23,4,-1,-1,AC1864,0,1,40
C657,C660,6:30:14,4,-1,-1,AB5769,0,1,40
T318,T319,6:30:34,4,-1,-1,AC1864,0,1,50
C660,C662,6:31:15,4,-1,-1,AB5769,0,1,30
T319,T320,6:31:15,4,-1,-1,AC1864,0,1,30
T320,T321/2,6:31:47,4,-1,-1,AC1864,0,1,10
C662,C664,6:32:17,4,-1,-1,AB5769,0,1,30
T321/2,T323,6:32:28,4,-1,1,AC1864,0,1,20
T323,T324/2,6:32:58,4,-1,1,AC1864,0,1,10
C664,C666,6:33:08,4,-1,-1,AB5769,0,1,20
C666,C677,6:33:38,4,-1,-1,AB5769,0,1,20
T324/2,T327,6:34:09,4,-1,1,AC1864,0,1,50
C677,C667,6:34:49,4,-1,-1,AB5769,0,1,30
C667,C676,6:35:09,4,-1,-1,AB5769,0,1,10
T327,T326/1,6:35:09,4,-1,1,AC1864,0,1,30
C676,C680,6:36:20,4,-1,-1,AB5769,0,1,60
C680,C669/1,6:37:13,4,-1,1,AB5769,0,1,40
C669/1,C693,6:38:44,4,-1,1,AB5769,0,1,60
C693,C681,6:40:05,4,-1,1,AB5769,0,1,70
T336/2,T335,6:40:55,4,-1,1,AB5209,0,1,40
C681,C671,6:41:26,4,-1,-1,AB5769,0,1,50
T335,T338,6:41:36,4,-1,1,AB5209,0,1,10
T338,T326/3,6:42:36,4,-1,-1,AB5209,0,1,50
C671,C695,6:42:56,4,-1,-1,AB5769,0,1,80
T326/3,T332/2,6:43:17,4,-1,1,AB5209,0,1,30
T326/1,T337,6:43:57,4,-1,1,AC1864,0,1,60
C695,C673,6:44:48,4,-1,-1,AB5769,0,1,80
T337,T336/2,6:44:48,4,-1,1,AC1864,0,1,40
T332/2,T339/2,6:44:58,4,-1,1,AB5209,1,1,70
C673,C672,6:45:48,4,-1,-1,AB5769,0,1,30
T339/2,T313,6:46:19,4,-1,1,AB5209,0,1,40
T313,T315,6:46:40,4,-1,1,AB5209,0,1,11
T315,T375,6:48:13,4,-1,1,AB5209,0,1,62
C672,C670,6:48:13,4,-1,-1,AB5769,0,1,124
T375,T380,6:49:03,4,-1,1,AB5209,0,1,20
C670,C679,6:49:03,4,-1,-1,AB5769,0,1,40
T380,T379,6:49:44,4,-1,1,AB5209,0,1,20
T379,T359,6:50:44,4,-1,1,AB5209,0,1,50
C679,C694,6:50:55,4,-1,-1,AB5769,0,1,80
C694,C669/2,6:51:37,4,-1,-1,AB5769,0,1,22
T359,T355/1,6:51:57,4,-1,1,AB5209,0,1,52
C669/2,C687,6:52:58,4,-1,-1,AB5769,0,1,30
C687,C675,6:54:29,4,-1,1,AB5769,0,1,60
C675,C668,6:54:59,4,-1,1,AB5769,0,1,20
C668,C678,6:55:20,4,-1,1,AB5769,0,1,10
C678,C665,6:56:24,4,-1,1,AB5769,0,1,30
C688/1,C691,6:56:54,4,-1,1,AB5209,0,1,20
C665,C663,6:57:04,4,-1,1,AB5769,0,1,10
C663,C661,6:57:45,4,-1,1,AB5769,0,1,30
C691,C652,6:58:15,4,-1,1,AB5209,0,1,50
C661,C659,6:58:15,4,-1,1,AB5769,0,1,20
C659,C656,6:59:26,4,-1,1,AB5769,0,1,30
C652,C655,6:59:36,4,-1,1,AB5209,0,1,30
C655,C657,7:00:36,4,-1,1,AB5209,0,1,50
C656,C654/2,7:00:47,4,-1,1,AB5769,0,1,40
C657,C660,7:01:17,4,-1,1,AB5209,0,1,30
C660,C662,7:02:08,4,-1,1,AB5209,0,1,20
C654/2,C653,7:02:08,4,-1,1,AB5769,0,1,60
C662,C664,7:02:48,4,-1,1,AB5209,0,1,30
C664,C666,7:03:28,4,-1,1,AB5209,0,1,10
C666,C677,7:03:49,4,-1,2,AB5209,0,1,10
C653,C692,7:04:29,4,-1,1,AB5769,0,1,131
C677,C676,7:04:39,4,-1,-1,AB5209,1,1,40
T336/2,T335,7:05:40,4,-1,1,AC1864,0,1,30
C676,C680,7:05:50,4,-1,-1,AB5209,0,1,60
C680,C669/1,7:06:33,4,-1,1,AB5209,0,1,12
C692,C689/1,7:06:53,4,-1,1,AB5769,0,1,72
T335,T326/3,7:07:34,4,-1,-1,AC1864,1,1,84
C669/1,C693,7:08:04,4,-1,1,AB5209,0,1,51
T326/3,T332/2,7:08:45,4,-1,1,AC1864,0,1,40
C693,C681,7:09:25,4,-1,-1,AB5209,0,1,70
T332/2,T325/2,7:09:57,4,-1,1,AC1864,0,1,51
C689/1,T360,7:09:57,4,-1,1,AB5769,0,1,142
C681,C671,7:10:17,4,-1,-1,AB5209,0,1,40
T325/2,T339/2,7:10:47,4,-1,1,AC1864,0,1,20
T360,T376/1,7:11:07,4,-1,1,AB5769,0,1,40
T339/2,T313,7:11:48,4,-1,1,AC1864,0,1,40
C671,C695,7:12:08,4,-1,-1,AB5209,0,1,80
T376/1,T363/1,7:12:08,4,-1,1,AB5769,0,1,50
T313,T315,7:12:49,4,-1,1,AC1864,0,1,20
T363/1,T306,7:13:19,4,-1,1,AB5769,0,1,40
C695,C673,7:13:39,4,-1,-1,AB5209,0,1,70
T315,T375,7:13:59,4,-1,1,AC1864,0,1,60
T306,T314/2,7:13:59,4,-1,-1,AB5769,0,1,30
C673,C672,7:14:40,4,-1,1,AB5209,0,1,30
T375,T380,7:14:50,4,-1,1,AC1864,0,1,20
T380,T379,7:15:42,4,-1,1,AC1864,0,1,10
T318,T319,7:15:42,4,-1,-1,AB5769,0,1,10
T319,T320,7:16:13,4,-1,-1,AB5769,0,1,20
T320,T321/2,7:16:43,4,-1,-1,AB5769,0,1,20
T379,T359,7:17:13,4,-1,1,AC1864,0,1,60
C672,C670,7:17:23,4,-1,-1,AB5209,0,1,123
T321/2,T323,7:17:23,4,-1,1,AB5769,0,1,20
C670,C679,7:18:14,4,-1,-1,AB5209,0,1,30
T359,T355/1,7:18:24,4,-1,-1,AC1864,0,1,60
T324/2,T327,7:19:35,4,-1,1,AB5769,0,1,50
C679,C694,7:19:55,4,-1,-1,AB5209,0,1,80
T327,T326/1,7:20:15,4,-1,1,AB5769,0,1,30
C694,C669/2,7:20:46,4,-1,-1,AB5209,0,1,40
T326/1,T337,7:21:16,4,-1,1,AB5769,0,1,50
C669/2,C687,7:21:26,4,-1,1,AB5209,0,1,20
T337,T336/2,7:21:56,4,-1,1,AB5769,0,1,30
C687,C675,7:22:27,4,-1,1,AB5209,0,1,50
C675,C678,7:23:27,4,-1,1,AB5209,1,1,40
C688/1,C691,7:23:38,4,-1,1,AC1864,0,1,40
C678,C665,7:23:48,4,-1,1,AB5209,0,1,10
C665,C663,7:24:18,4,-1,1,AB5209,0,1,20
C691,C652,7:25:08,4,-1,1,AC1864,0,1,50
C663,C661,7:25:08,4,-1,1,AB5209,0,1,30
C661,C659,7:25:59,4,-1,1,AB5209,0,1,20
C652,C655,7:26:29,4,-1,1,AC1864,0,1,30
C659,C656,7:27:00,4,-1,1,AB5209,0,1,30
C655,C657,7:27:54,4,-1,1,AC1864,0,1,64
C656,C654/2,7:28:24,4,-1,1,AB5209,0,1,50
C657,C660,7:28:54,4,-1,1,AC1864,0,1,50
C660,C662,7:29:25,4,-1,1,AC1864,0,1,20
C654/2,C653,7:29:46,4,-1,1,AB5209,0,1,41
C662,C666,7:30:26,4,-1,1,AC1864,1,1,50
C666,C667,7:31:27,4,-1,1,AC1864,1,1,50
C667,C676,7:31:57,4,-1,-1,AC1864,0,1,20
C653,C692,7:32:07,4,-1,1,AB5209,0,1,101
C676,C680,7:33:18,4,-1,-1,AC1864,0,1,60
C692,C689/1,7:33:48,4,-1,1,AB5209,0,1,50
C680,C669/1,7:33:59,4,-1,1,AC1864,0,1,20
T336/2,T335,7:34:19,4,-1,1,AB5769,0,1,20
T335,T338,7:35:34,4,-1,1,AB5769,0,1,14
C669/1,C693,7:35:34,4,-1,1,AC1864,0,1,54
C689/1,T360,7:36:24,4,-1,1,AB5209,0,1,105
T338,T326/3,7:37:05,4,-1,-1,AB5769,0,1,60
C693,C681,7:37:05,4,-1,1,AC1864,0,1,70
T326/3,T332/2,7:38:15,4,-1,1,AB5769,0,1,40
C681,C671,7:38:15,4,-1,-1,AC1864,0,1,50
T360,T376/1,7:38:15,4,-1,1,AB5209,0,1,70
T376/1,T363/1,7:39:26,4,-1,1,AB5209,0,1,40
C671,C695,7:39:37,4,-1,-1,AC1864,0,1,70
T332/2,T325/2,7:40:07,4,-1,1,AB5769,0,1,60
T363/1,T306,7:40:27,4,-1,1,AB5209,0,1,40
T325/2,T339/2,7:41:08,4,-1,1,AB5769,0,1,10
T306,T314/2,7:41:28,4,-1,-1,AB5209,0,1,30
C695,C672,7:41:48,4,-1,1,AC1864,1,1,121
T314/2,T318,7:42:18,4,-1,-1,AB5209,0,1,10
T339/2,T313,7:42:59,4,-1,1,AB5769,0,1,70
T319,T320,7:43:39,4,-1,-1,AB5209,0,1,30
T313,T315,7:44:20,4,-1,1,AB5769,0,1,20
C672,C670,7:44:20,4,-1,1,AC1864,0,1,111
T320,T321/2,7:44:30,4,-1,-1,AB5209,0,1,10
C670,C679,7:45:00,4,-1,1,AC1864,0,1,30
T321/2,T323,7:45:34,4,-1,1,AB5209,0,1,23
T315,T375,7:46:05,4,-1,1,AB5769,0,1,64
T323,T324/2,7:46:15,4,-1,1,AB5209,0,1,10
C679,C694,7:46:35,4,-1,-1,AC1864,0,1,74
C694,C669/2,7:47:15,4,-1,-1,AC1864,0,1,30
T324/2,T327,7:47:46,4,-1,1,AB5209,0,1,70
T375,T380,7:47:56,4,-1,1,AB5769,0,1,60
C669/2,C687,7:48:06,4,-1,1,AC1864,0,1,20
T327,T326/1,7:48:16,4,-1,1,AB5209,0,1,20
T380,T379,7:48:26,4,-1,1,AB5769,0,1,10
T379,T359,7:49:47,4,-1,1,AB5769,0,1,60
C687,C668,7:49:47,4,-1,1,AC1864,1,1,80
C668,C678,7:50:07,4,-1,1,AC1864,0,1,10
T326/1,T337,7:50:07,4,-1,1,AB5209,0,1,80
C678,C665,7:50:38,4,-1,1,AC1864,0,1,20
T337,T336/2,7:50:58,4,-1,1,AB5209,0,1,40
T359,T355/1,7:51:18,4,-1,1,AB5769,0,1,80
C665,C663,7:51:18,4,-1,1,AC1864,0,1,10
C663,C661,7:51:58,4,-1,1,AC1864,0,1,30
C661,C659,7:52:29,4,-1,1,AC1864,0,1,20
C659,C656,7:54:10,4,-1,1,AC1864,0,1,60
C656,C654/2,7:55:22,4,-1,1,AC1864,0,1,50
C654/2,C653,7:57:04,4,-1,1,AC1864,0,1,90
C688/1,C691,7:57:34,4,-1,1,AB5769,0,1,70
C653,C692,7:59:15,4,-1,1,AC1864,0,1,70
C691,C652,8:00:16,4,-1,1,AB5769,0,1,121
C652,C655,8:01:16,4,-1,1,AB5769,0,1,30
C692,C689/1,8:01:26,4,-1,1,AC1864,0,1,50
C655,C657,8:02:27,4,-1,1,AB5769,0,1,60
C657,C660,8:03:18,4,-1,1,AB5769,0,1,40
C660,C662,8:03:58,4,-1,1,AB5769,0,1,20
C689/1,T360,8:04:28,4,-1,1,AC1864,0,1,121
C662,C664,8:04:39,4,-1,1,AB5769,0,1,30
C664,C666,8:05:09,4,-1,1,AB5769,0,1,20
C666,C677,8:05:29,4,-1,1,AB5769,0,1,10
T360,T376/1,8:05:49,4,-1,1,AC1864,0,1,60
C677,C667,8:06:00,4,-1,1,AB5769,0,1,20
C667,C676,8:06:20,4,-1,-1,AB5769,0,1,10
T376/1,T363/1,8:07:11,4,-1,1,AC1864,0,1,71
T335,T338,8:07:21,4,-1,1,AB5209,0,1,10
C676,C680,8:07:34,4,-1,-1,AB5769,0,1,63
C680,C669/1,8:08:44,4,-1,-1,AB5769,0,1,40
T363/1,T306,8:08:44,4,-1,1,AC1864,0,1,60
T338,T326/3,8:09:05,4,-1,-1,AB5209,0,1,70
T306,T318,8:09:35,4,-1,-1,AC1864,1,1,40
T326/3,T332/2,8:09:55,4,-1,1,AB5209,0,1,40
C669/1,C693,8:09:55,4,-1,-1,AB5769,0,1,50
C693,C681,8:11:16,4,-1,1,AB5769,0,1,70
C681,C671,8:12:08,4,-1,-1,AB5769,0,1,41
T318,T319,8:12:48,4,-1,-1,AC1864,0,1,102
C671,C695,8:13:39,4,-1,-1,AB5769,0,1,70
T332/2,T325/2,8:13:49,4,-1,1,AB5209,0,1,193
T319,T320,8:13:49,4,-1,-1,AC1864,0,1,30
T320,T321/2,8:14:50,4,-1,-1,AC1864,0,1,10
T325/2,T339/2,8:15:00,4,-1,2,AB5209,0,1,30
C695,C673,8:15:20,4,-1,-1,AB5769,0,1,80
T321/2,T323,8:16:02,4,-1,1,AC1864,0,1,20
C673,C672,8:16:12,4,-1,1,AB5769,0,1,30
T323,T324/2,8:16:43,4,-1,1,AC1864,0,1,10
T339/2,T313,8:17:03,4,-1,1,AB5209,0,1,91
T313,T315,8:18:14,4,-1,1,AB5209,0,1,20
T324/2,T327,8:19:04,4,-1,1,AC1864,0,1,111
C672,C670,8:19:15,4,-1,1,AB5769,0,1,121
C670,C679,8:20:05,4,-1,1,AB5769,0,1,30
T327,T326/1,8:20:05,4,-1,1,AC1864,0,1,30
T315,T375,8:20:26,4,-1,1,AB5209,0,1,101
T326/1,T337,8:21:16,4,-1,1,AC1864,0,1,60
C679,C694,8:21:48,4,-1,-1,AB5769,0,1,92
T375,T380,8:21:58,4,-1,1,AB5209,0,1,61
T337,T336/2,8:21:58,4,-1,1,AC1864,0,1,31
T380,T379,8:22:28,4,-1,1,AB5209,0,1,10
C694,C669/2,8:22:49,4,-1,-1,AB5769,0,1,40
T379,T359,8:23:19,4,-1,1,AB5209,0,1,20
C669/2,C687,8:23:39,4,-1,1,AB5769,0,1,20
T359,T355/1,8:24:30,4,-1,2,AB5209,0,1,60
C687,C675,8:25:10,4,-1,1,AB5769,0,1,60
C675,C668,8:26:02,4,-1,1,AB5769,0,1,20
C668,C678,8:26:22,4,-1,1,AB5769,0,1,10
C678,C665,8:26:53,4,-1,1,AB5769,0,1,20
T355/1,C688/1,8:27:53,4,-1,1,AB5209,0,1,193
C665,C661,8:27:53,4,-1,1,AB5769,1,1,50
C661,C659,8:28:34,4,-1,1,AB5769,0,1,30
C688/1,C691,8:29:04,4,-1,1,AB5209,0,1,30
C659,C656,8:30:15,4,-1,1,AB5769,0,1,50
C691,C652,8:30:45,4,-1,1,AB5209,0,1,70
C652,C655,8:31:46,4,-1,1,AB5209,0,1,30
C656,C654/2,8:31:46,4,-1,1,AB5769,0,1,50
C655,C657,8:32:57,4,-1,1,AB5209,0,1,60
T336/2,T335,8:33:17,4,-1,1,AC1864,0,1,20
C654/2,C653,8:33:27,4,-1,1,AB5769,0,1,80
C657,C660,8:34:18,4,-1,1,AB5209,0,1,50
C660,C662,8:35:08,4,-1,1,AB5209,0,1,10
T338,T326/3,8:35:38,4,-1,-1,AC1864,0,1,60
C662,C664,8:35:48,4,-1,1,AB5209,0,1,30
C664,C677,8:36:29,4,-1,1,AB5209,1,1,30
T326/3,T332/2,8:36:49,4,-1,2,AC1864,0,1,40
C677,C667,8:36:59,4,-1,2,AB5209,0,1,20
C653,C692,8:37:09,4,-1,1,AB5769,0,1,91
C667,C676,8:37:20,4,-1,-1,AB5209,0,1,10
C676,C680,8:38:20,4,-1,-1,AB5209,0,1,50
C692,C689/1,8:38:51,4,-1,1,AB5769,0,1,10
C680,C669/1,8:39:32,4,-1,1,AB5209,0,1,41
T332/2,T325/2,8:40:03,4,-1,1,AC1864,0,1,183
C669/1,C693,8:40:43,4,-1,1,AB5209,0,1,60
T325/2,T339/2,8:40:53,4,-1,2,AC1864,0,1,30
C693,C681,8:42:25,4,-1,1,AB5209,0,1,82
C689/1,T360,8:42:46,4,-1,1,AB5769,0,1,163
C681,C671,8:43:16,4,-1,-1,AB5209,0,1,40
T339/2,T313,8:43:36,4,-1,2,AC1864,0,1,91
T360,T376/1,8:43:56,4,-1,1,AB5769,0,1,20
C671,C695,8:44:37,4,-1,-1,AB5209,0,1,70
T313,T315,8:45:17,4,-1,1,AC1864,0,1,50
T376/1,T363/1,8:45:27,4,-1,2,AB5769,0,1,50
C695,C673,8:46:08,4,-1,-1,AB5209,0,1,80
C673,C672,8:46:58,4,-1,1,AB5209,0,1,30
T363/1,T306,8:47:08,4,-1,2,AB5769,0,1,60
T315,T375,8:47:59,4,-1,1,AC1864,0,1,121
T306,T314/2,8:47:59,4,-1,-1,AB5769,0,1,30
T318,T319,8:49:40,4,-1,-1,AB5769,0,1,60
T375,T380,8:49:50,4,-1,1,AC1864,0,1,60
C672,C670,8:50:10,4,-1,1,AB5209,0,1,121
T380,T379,8:50:34,4,-1,1,AC1864,0,1,23
T319,T320,8:50:44,4,-1,-1,AB5769,0,1,33
C670,C679,8:50:54,4,-1,1,AB5209,0,1,20
T379,T359,8:51:15,4,-1,1,AC1864,0,1,20
T320,T321/2,8:51:46,4,-1,-1,AB5769,0,1,10
T359,T355/1,8:52:16,4,-1,1,AC1864,0,1,51
C679,C694,8:52:47,4,-1,-1,AB5209,0,1,81
C694,C669/2,8:53:57,4,-1,-1,AB5209,0,1,60
C669/2,C687,8:54:58,4,-1,1,AB5209,0,1,30
T321/2,T323,8:55:18,4,-1,2,AB5769,0,1,181
T355/1,C688/1,8:55:38,4,-1,1,AC1864,0,1,192
C687,C675,8:56:29,4,-1,1,AB5209,0,1,60
C688/1,C691,8:56:39,4,-1,1,AC1864,0,1,30
C675,C668,8:56:59,4,-1,1,AB5209,0,1,20
C668,C678,8:57:19,4,-1,1,AB5209,0,1,10
C678,C665,8:58:00,4,-1,1,AB5209,0,1,10
T324/2,T327,8:58:00,4,-1,1,AB5769,0,1,80
C691,C652,8:58:10,4,-1,1,AC1864,0,1,50
C665,C661,8:59:03,4,-1,1,AB5209,1,1,52
T327,T326/1,8:59:03,4,-1,1,AB5769,0,1,30
C652,C655,8:59:43,4,-1,1,AC1864,0,1,60
C661,C659,8:59:43,4,-1,1,AB5209,0,1,30
T326/1,T337,9:00:24,4,-1,1,AB5769,0,1,70
C655,C657,9:00:44,4,-1,1,AC1864,0,1,50
C659,C656,9:00:54,4,-1,1,AB5209,0,1,40
T337,T336/2,9:01:24,4,-1,1,AB5769,0,1,30
C657,C660,9:01:56,4,-1,1,AC1864,0,1,41
C656,C654/2,9:01:56,4,-1,1,AB5209,0,1,51
C660,C662,9:03:07,4,-1,1,AC1864,0,1,20
C654/2,C653,9:03:07,4,-1,1,AB5209,0,1,40
C662,C664,9:03:47,4,-1,1,AC1864,0,1,30
C664,C666,9:04:38,4,-1,1,AC1864,0,1,20
C666,C677,9:04:58,4,-1,1,AC1864,0,1,10
C653,C692,9:05:38,4,-1,1,AB5209,0,1,111
C677,C667,9:05:58,4,-1,1,AC1864,0,1,30
C667,C676,9:06:19,4,-1,-1,AC1864,0,1,10
C692,C689/1,9:07:09,4,-1,1,AB5209,0,1,30
C676,C680,9:07:50,4,-1,-1,AC1864,0,1,60
C680,C669/1,9:09:13,4,-1,1,AC1864,0,1,53
T336/2,T335,9:10:45,4,-1,1,AB5769,0,1,30
C689/1,T360,9:10:55,4,-1,1,AB5209,0,1,185
C669/1,C693,9:11:05,4,-1,1,AC1864,0,1,70
T335,T338,9:11:35,4,-1,1,AB5769,0,1,10
T360,T376/1,9:11:56,4,-1,1,AB5209,0,1,30
C693,C681,9:12:36,4,-1,1,AC1864,0,1,70
T338,T326/3,9:13:06,4,-1,-1,AB5769,0,1,60
C681,C671,9:13:47,4,-1,-1,AC1864,0,1,40
T326/3,T332/2,9:13:57,4,-1,1,AB5769,0,1,30
T376/1,T363/1,9:14:58,4,-1,2,AB5209,0,1,171
C671,C695,9:15:28,4,-1,-1,AC1864,0,1,80
T332/2,T325/2,9:15:48,4,-1,1,AB5769,0,1,70
T363/1,T306,9:16:18,4,-1,2,AB5209,0,1,50
T325/2,T339/2,9:16:39,4,-1,1,AB5769,0,1,20
C695,C673,9:17:09,4,-1,-1,AC1864,0,1,70
T306,T314/2,9:17:29,4,-1,-1,AB5209,0,1,30
C673,C672,9:17:39,4,-1,1,AC1864,0,1,20
T339/2,T313,9:18:20,4,-1,3,AB5769,0,1,70
T313,T315,9:19:32,4,-1,2,AB5769,0,1,22
T319,T320,9:19:42,4,-1,-1,AB5209,0,1,32
T320,T321/2,9:20:33,4,-1,-1,AB5209,0,1,10
C672,C679,9:21:03,4,-1,1,AC1864,1,1,163
T315,T375,9:21:13,4,-1,1,AB5769,0,1,70
T321/2,T323,9:21:34,4,-1,1,AB5209,0,1,20
T375,T380,9:22:14,4,-1,1,AB5769,0,1,40
T323,T324/2,9:22:34,4,-1,1,AB5209,0,1,10
T380,T379,9:23:15,4,-1,1,AB5769,0,1,10
C679,C694,9:23:15,4,-1,-1,AC1864,0,1,121
T379,T359,9:23:45,4,-1,1,AB5769,0,1,10
T324/2,T327,9:23:45,4,-1,1,AB5209,0,1,60
T327,T326/1,9:24:16,4,-1,1,AB5209,0,1,20
T326/1,T337,9:25:07,4,-1,1,AB5209,0,1,40
T359,T355/1,9:25:17,4,-1,1,AB5769,0,1,61
C694,C669/2,9:25:17,4,-1,-1,AC1864,0,1,91
T337,T336/2,9:25:58,4,-1,1,AB5209,0,1,30
C669/2,C687,9:26:18,4,-1,1,AC1864,0,1,20
C687,C675,9:27:18,4,-1,1,AC1864,0,1,50
C675,C668,9:27:49,4,-1,1,AC1864,0,1,10
C668,C678,9:28:19,4,-1,1,AC1864,0,1,20
C678,C665,9:28:49,4,-1,1,AC1864,0,1,20
C665,C663,9:29:10,4,-1,1,AC1864,0,1,10
C663,C661,9:29:50,4,-1,1,AC1864,0,1,30
C688/1,C691,9:30:35,4,-1,1,AB5769,0,1,34
C661,C659,9:30:35,4,-1,1,AC1864,0,1,34
C659,C656,9:31:46,4,-1,1,AC1864,0,1,40
C656,C654/2,9:32:46,4,-1,1,AC1864,0,1,40
C691,C652,9:33:27,4,-1,1,AB5769,0,1,131
C652,C655,9:34:17,4,-1,1,AB5769,0,1,30
C654/2,C653,9:34:17,4,-1,1,AC1864,0,1,70
C653,C692,9:36:08,4,-1,1,AC1864,0,1,80
C655,C660,9:36:49,4,-1,1,AB5769,1,1,141
C692,C689/1,9:36:49,4,-1,1,AC1864,0,1,20
C660,C662,9:37:49,4,-1,1,AB5769,0,1,20
T335,T338,9:38:10,4,-1,1,AB5209,0,1,10
C662,C664,9:38:32,4,-1,1,AB5769,0,1,32
C664,C666,9:39:12,4,-1,1,AB5769,0,1,20
C689/1,T360,9:39:23,4,-1,1,AC1864,0,1,113
C666,C677,9:39:34,4,-1,1,AB5769,0,1,11
T338,T326/3,9:39:44,4,-1,-1,AB5209,0,1,51
T360,T376/1,9:40:04,4,-1,1,AC1864,0,1,20
C677,C667,9:40:25,4,-1,1,AB5769,0,1,20
C667,C676,9:40:46,4,-1,-1,AB5769,0,1,10
T326/3,T332/2,9:40:56,4,-1,1,AB5209,0,1,41
T376/1,T363/1,9:41:37,4,-1,1,AC1864,0,1,82
C676,C680,9:41:57,4,-1,-1,AB5769,0,1,60
T332/2,T325/2,9:42:27,4,-1,1,AB5209,0,1,50
C680,C669/1,9:42:57,4,-1,1,AB5769,0,1,30
T325/2,T339/2,9:43:18,4,-1,1,AB5209,0,1,20
T363/1,T306,9:43:18,4,-1,1,AC1864,0,1,80
T306,T314/2,9:43:58,4,-1,-1,AC1864,0,1,30
T339/2,T313,9:44:49,4,-1,1,AB5209,0,1,70
T314/2,T318,9:45:09,4,-1,-1,AC1864,0,1,10
T313,T315,9:45:40,4,-1,1,AB5209,0,1,20
C669/1,C681,9:45:50,4,-1,1,AB5769,1,1,152
T319,T320,9:46:31,4,-1,-1,AC1864,0,1,41
C681,C671,9:46:51,4,-1,-1,AB5769,0,1,41
T320,T321/2,9:47:01,4,-1,-1,AC1864,0,1,10
T315,T375,9:47:11,4,-1,1,AB5209,0,1,81
T321/2,T323,9:47:52,4,-1,1,AC1864,0,1,30
T375,T380,9:48:12,4,-1,1,AB5209,0,1,20
T323,T324/2,9:48:33,4,-1,1,AC1864,0,1,10
C671,C695,9:48:43,4,-1,-1,AB5769,0,1,81
T380,T379,9:49:03,4,-1,1,AB5209,0,1,20
T324/2,T327,9:49:54,4,-1,1,AC1864,0,1,50
T379,T359,9:50:04,4,-1,1,AB5209,0,1,50
T327,T326/1,9:50:45,4,-1,1,AC1864,0,1,30
C695,C672,9:50:55,4,-1,-1,AB5769,1,1,121
T359,T355/1,9:51:05,4,-1,1,AB5209,0,1,50
T326/1,T337,9:52:05,4,-1,1,AC1864,0,1,70
T337,T336/2,9:53:27,4,-1,1,AC1864,0,1,30
C672,C670,9:54:17,4,-1,-1,AB5769,0,1,131
C670,C679,9:55:08,4,-1,1,AB5769,0,1,40
C679,C694,9:56:39,4,-1,-1,AB5769,0,1,80
C688/1,C691,9:56:49,4,-1,1,AB5209,0,1,50
C694,C669/2,9:57:49,4,-1,-1,AB5769,0,1,60
C691,C652,9:58:20,4,-1,1,AB5209,0,1,70
C669/2,C687,9:59:25,4,-1,1,AB5769,0,1,30
C652,C657,10:00:05,4,-1,3,AB5209,1,1,80
C657,C662,10:01:16,4,-1,-1,AB5209,1,1,60
C687,C675,10:01:16,4,-1,1,AB5769,0,1,70
C675,C668,10:01:46,4,-1,-1,AB5769,0,1,20
C662,C664,10:01:56,4,-1,-1,AB5209,0,1,30
C668,C678,10:02:06,4,-1,-1,AB5769,0,1,10
C664,C677,10:02:37,4,-1,1,AB5209,1,1,30
C678,C663,10:03:27,4,-1,1,AB5769,1,1,40
C677,C676,10:03:37,4,-1,-1,AB5209,1,1,40
C676,C680,10:04:38,4,-1,-1,AB5209,0,1,50
C663,C659,10:04:38,4,-1,1,AB5769,1,1,60
T336/2,T335,10:04:48,4,-1,1,AB5457,0,1,20
C680,C669/1,10:05:18,4,-1,1,AB5209,0,1,30
T335,T338,10:05:28,4,-1,1,AB5457,0,1,10
C659,C656,10:06:09,4,-1,1,AB5769,0,1,40
T338,T326/3,10:06:59,4,-1,-1,AB5457,0,1,70
C656,C654/2,10:07:10,4,-1,1,AB5769,0,1,40
C669/1,C681,10:07:54,4,-1,1,AB5209,1,1,125
T326/3,T332/2,10:08:04,4,-1,1,AB5457,0,1,54
C654/2,C653,10:08:24,4,-1,1,AB5769,0,1,30
C681,C671,10:08:46,4,-1,-1,AB5209,0,1,42
T332/2,T325/2,10:10:02,4,-1,1,AB5457,0,1,75
C671,C695,10:10:35,4,-1,-1,AB5209,0,1,88
C653,C692,10:10:35,4,-1,1,AB5769,0,1,108
T325/2,T339/2,10:10:56,4,-1,1,AB5457,0,1,32
C692,C689/1,10:11:37,4,-1,1,AB5769,0,1,10
C695,C673,10:12:07,4,-1,-1,AB5209,0,1,81
T339/2,T313,10:12:28,4,-1,1,AB5457,0,1,50
C673,C672,10:12:49,4,-1,1,AB5209,0,1,21
T313,T315,10:13:30,4,-1,1,AB5457,0,1,20
C689/1,T360,10:13:50,4,-1,1,AB5769,0,1,122
T315,T375,10:15:25,4,-1,1,AB5457,0,1,75
T360,T376/1,10:15:45,4,-1,1,AB5769,0,1,85
C672,C670,10:16:06,4,-1,1,AB5209,0,1,145
T375,T380,10:16:26,4,-1,1,AB5457,0,1,20
C670,C679,10:16:46,4,-1,1,AB5209,0,1,30
T380,T379,10:17:06,4,-1,1,AB5457,0,1,10
T376/1,T363/1,10:17:27,4,-1,1,AB5769,0,1,60
T379,T359,10:17:57,4,-1,1,AB5457,0,1,40
C679,C694,10:18:27,4,-1,-1,AB5209,0,1,70
T363/1,T306,10:19:08,4,-1,1,AB5769,0,1,90
T359,T355/1,10:19:28,4,-1,1,AB5457,0,1,60
C694,C669/2,10:19:58,4,-1,-1,AB5209,0,1,80
T306,T314/2,10:19:58,4,-1,-1,AB5769,0,1,30
C669/2,C687,10:20:49,4,-1,1,AB5209,0,1,20
T318,T319,10:21:49,4,-1,-1,AB5769,0,1,10
C687,C675,10:22:10,4,-1,1,AB5209,0,1,60
T319,T320,10:22:33,4,-1,-1,AB5769,0,1,33
C675,C678,10:23:03,4,-1,2,AB5209,1,1,43
T320,T321/2,10:23:23,4,-1,-1,AB5769,0,1,10
T321/2,T323,10:24:14,4,-1,1,AB5769,0,1,20
C678,C665,10:24:24,4,-1,2,AB5209,0,1,20
C665,C663,10:24:44,4,-1,1,AB5209,0,1,10
T323,T324/2,10:25:04,4,-1,1,AB5769,0,1,10
C688/1,C691,10:25:14,4,-1,1,AB5457,0,1,40
C663,C661,10:25:24,4,-1,1,AB5209,0,1,30
C661,C659,10:25:55,4,-1,1,AB5209,0,1,20
T324/2,T327,10:26:35,4,-1,1,AB5769,0,1,50
C659,C656,10:27:16,4,-1,1,AB5209,0,1,50
T327,T326/1,10:27:36,4,-1,1,AB5769,0,1,30
C691,C652,10:27:56,4,-1,1,AB5457,0,1,121
C656,C654/2,10:28:46,4,-1,1,AB5209,0,1,70
C652,C655,10:28:57,4,-1,1,AB5457,0,1,30
T326/1,T337,10:28:57,4,-1,1,AB5769,0,1,60
C654/2,C653,10:29:57,4,-1,1,AB5209,0,1,40
T337,T336/2,10:29:57,4,-1,1,AB5769,0,1,30
C655,C657,10:30:28,4,-1,1,AB5457,0,1,80
C657,C660,10:31:28,4,-1,1,AB5457,0,1,40
C653,C692,10:31:28,4,-1,1,AB5209,0,1,60
C692,C689/1,10:32:39,4,-1,1,AB5209,0,1,50
C660,C664,10:33:09,4,-1,1,AB5457,1,1,60
C664,C666,10:33:40,4,-1,1,AB5457,0,1,10
C666,C677,10:34:00,4,-1,1,AB5457,0,1,10
C677,C667,10:34:34,4,-1,1,AB5457,0,1,24
C667,C676,10:34:54,4,-1,-1,AB5457,0,1,10
C689/1,T360,10:35:15,4,-1,1,AB5209,0,1,105
C676,C680,10:36:05,4,-1,-1,AB5457,0,1,60
T336/2,T335,10:36:15,4,-1,1,AC1864,0,1,40
T360,T376/1,10:36:15,4,-1,1,AB5209,0,1,40
T335,T338,10:37:06,4,-1,1,AC1864,0,1,10
T376/1,T363/1,10:37:36,4,-1,1,AB5209,0,1,70
T338,T326/3,10:39:07,4,-1,-1,AC1864,0,1,70
C680,C669/1,10:39:27,4,-1,1,AB5457,0,1,171
T363/1,T314/2,10:39:47,4,-1,-1,AB5209,1,1,101
T326/3,T332/2,10:39:58,4,-1,1,AC1864,0,1,30
T318,T319,10:40:58,4,-1,-1,AB5209,0,1,40
C669/1,C693,10:41:18,4,-1,1,AB5457,0,1,60
T332/2,T325/2,10:41:49,4,-1,1,AC1864,0,1,70
T319,T320,10:41:49,4,-1,-1,AB5209,0,1,20
C693,C681,10:42:39,4,-1,1,AB5457,0,1,70
T325/2,T339/2,10:42:49,4,-1,1,AC1864,0,1,20
T321/2,T323,10:43:20,4,-1,1,AB5209,0,1,20
C681,C671,10:43:51,4,-1,-1,AB5457,0,1,41
T323,T324/2,10:44:31,4,-1,1,AB5209,0,1,20
T339/2,T313,10:45:02,4,-1,1,AC1864,0,1,80
C671,C695,10:45:22,4,-1,-1,AB5457,0,1,80
T324/2,T327,10:45:44,4,-1,1,AB5209,0,1,52
T327,T326/1,10:46:34,4,-1,1,AB5209,0,1,20
C695,C673,10:47:15,4,-1,-1,AB5457,0,1,90
T313,T375,10:47:25,4,-1,1,AC1864,1,1,80
T375,T380,10:47:56,4,-1,1,AC1864,0,1,10
C673,C672,10:47:56,4,-1,-1,AB5457,0,1,31
T326/1,T337,10:48:06,4,-1,1,AB5209,0,1,61
T380,T379,10:48:27,4,-1,1,AC1864,0,1,10
T379,T359,10:48:57,4,-1,1,AC1864,0,1,10
T337,T336/2,10:48:57,4,-1,1,AB5209,0,1,30
T359,T355/1,10:50:28,4,-1,1,AC1864,0,1,70
C672,C670,10:50:28,4,-1,-1,AB5457,0,1,121
C670,C679,10:51:18,4,-1,-1,AB5457,0,1,40
C679,C694,10:52:49,4,-1,-1,AB5457,0,1,80
C688/1,C691,10:56:55,4,-1,1,AC1864,0,1,70
C691,C652,10:58:16,4,-1,1,AC1864,0,1,40
C652,C655,10:59:17,4,-1,1,AC1864,0,1,30
C655,C657,11:00:38,4,-1,-1,AC1864,0,1,50
C669/2,C687,11:01:08,4,-1,-1,AB5457,0,1,50
C657,C660,11:01:48,4,-1,-1,AC1864,0,1,40
C687,C675,11:02:39,4,-1,1,AB5457,0,1,80
C660,C662,11:02:59,4,-1,-1,AC1864,0,1,20
C675,C668,11:03:09,4,-1,-1,AB5457,0,1,20
C668,C678,11:03:31,4,-1,-1,AB5457,0,1,11
C662,C666,11:04:12,4,-1,-1,AC1864,1,1,62
C678,C665,11:04:12,4,-1,-1,AB5457,0,1,20
C665,C663,11:04:44,4,-1,-1,AB5457,0,1,21
C666,C677,11:04:54,4,-1,1,AC1864,0,1,32
C663,C661,11:05:14,4,-1,1,AB5457,0,1,20
C677,C667,11:05:44,4,-1,1,AC1864,0,1,20
C661,C659,11:05:55,4,-1,1,AB5457,0,1,20
C667,C676,11:06:15,4,-1,-1,AC1864,0,1,20
C676,C680,11:07:36,4,-1,-1,AC1864,0,1,60
C659,C656,11:07:56,4,-1,1,AB5457,0,1,50
C656,C654/2,11:08:46,4,-1,1,AB5457,0,1,40
C680,C669/1,11:09:27,4,-1,1,AC1864,0,1,70
C654/2,C653,11:10:07,4,-1,1,AB5457,0,1,40
T336/2,T335,11:10:37,4,-1,1,AB5769,0,1,40
C669/1,C693,11:10:58,4,-1,1,AC1864,0,1,50
T335,T338,11:11:08,4,-1,1,AB5769,0,1,10
C653,C692,11:12:18,4,-1,1,AB5457,0,1,90
C693,C681,11:12:39,4,-1,1,AC1864,0,1,70
T338,T326/3,11:12:49,4,-1,-1,AB5769,0,1,60
C681,C671,11:13:39,4,-1,-1,AC1864,0,1,50
T326/3,T332/2,11:14:10,4,-1,1,AB5769,0,1,50
C692,C689/1,11:14:33,4,-1,1,AB5457,0,1,63
C671,C695,11:15:13,4,-1,-1,AC1864,0,1,73
T332/2,T325/2,11:15:54,4,-1,1,AB5769,0,1,70
T325/2,T339/2,11:16:34,4,-1,1,AB5769,0,1,10
C695,C673,11:16:44,4,-1,-1,AC1864,0,1,80
C673,C672,11:17:15,4,-1,1,AC1864,0,1,20
T339/2,T313,11:18:05,4,-1,1,AB5769,0,1,50
C689/1,T360,11:18:15,4,-1,1,AB5457,0,1,161
T313,T315,11:19:06,4,-1,1,AB5769,0,1,20
C672,C670,11:19:56,4,-1,1,AC1864,0,1,111
T315,T375,11:20:47,4,-1,1,AB5769,0,1,70
C670,C679,11:20:57,4,-1,1,AC1864,0,1,30
T360,T376/1,11:21:07,4,-1,1,AB5457,0,1,111
T376/1,T363/1,11:22:18,4,-1,1,AB5457,0,1,60
C679,C694,11:22:28,4,-1,-1,AC1864,0,1,80
T375,T380,11:22:58,4,-1,1,AB5769,0,1,91
T380,T379,11:23:39,4,-1,1,AB5769,0,1,10
C694,C669/2,11:23:49,4,-1,-1,AC1864,0,1,60
T379,T359,11:24:29,4,-1,1,AB5769,0,1,20
T363/1,T306,11:24:29,4,-1,1,AB5457,0,1,60
C669/2,C687,11:25:20,4,-1,1,AC1864,0,1,30
T306,T314/2,11:25:31,4,-1,-1,AB5457,0,1,41
T359,T355/1,11:25:41,4,-1,1,AB5769,0,1,61
C687,C675,11:26:22,4,-1,1,AC1864,0,1,50
C675,C668,11:26:52,4,-1,1,AC1864,0,1,20
C668,C678,11:27:33,4,-1,1,AC1864,0,1,10
T318,T319,11:27:33,4,-1,-1,AB5457,0,1,80
C678,C663,11:28:33,4,-1,1,AC1864,1,1,50
T319,T320,11:28:54,4,-1,-1,AB5457,0,1,70
C663,C661,11:29:04,4,-1,1,AC1864,0,1,20
C661,C659,11:29:54,4,-1,1,AC1864,0,1,40
T320,T321/2,11:30:05,4,-1,-1,AB5457,0,1,10
C659,C656,11:30:58,4,-1,1,AC1864,0,1,32
T321/2,T323,11:31:38,4,-1,1,AB5457,0,1,30
C656,C654/2,11:32:08,4,-1,1,AC1864,0,1,60
C688/1,C691,11:32:18,4,-1,1,AB5769,0,1,40
T323,T324/2,11:32:59,4,-1,1,AB5457,0,1,20
C654/2,C653,11:33:09,4,-1,1,AC1864,0,1,30
T324/2,T327,11:34:09,4,-1,1,AB5457,0,1,50
C691,C652,11:34:42,4,-1,1,AB5769,0,1,103
T327,T326/1,11:35:12,4,-1,1,AB5457,0,1,30
C653,C692,11:35:23,4,-1,1,AC1864,0,1,73
C652,C655,11:35:44,4,-1,1,AB5769,0,1,31
T326/1,T337,11:36:14,4,-1,1,AB5457,0,1,51
C655,C657,11:37:05,4,-1,1,AB5769,0,1,60
T337,T336/2,11:37:05,4,-1,1,AB5457,0,1,30
C692,C689/1,11:37:45,4,-1,1,AC1864,0,1,80
C657,C660,11:38:05,4,-1,1,AB5769,0,1,50
C660,C662,11:38:56,4,-1,1,AB5769,0,1,30
C662,C664,11:39:26,4,-1,1,AB5769,0,1,20
C664,C666,11:40:07,4,-1,1,AB5769,0,1,10
C666,C677,11:40:58,4,-1,1,AB5769,0,1,40
C689/1,T360,11:41:18,4,-1,1,AC1864,0,1,172
C677,C667,11:41:58,4,-1,1,AB5769,0,1,30
C667,C676,11:42:18,4,-1,-1,AB5769,0,1,10
T360,T376/1,11:43:19,4,-1,1,AC1864,0,1,90
C676,C680,11:43:39,4,-1,-1,AB5769,0,1,70
C680,C669/1,11:45:02,4,-1,-1,AB5769,0,1,52
T376/1,T363/1,11:45:02,4,-1,1,AC1864,0,1,92
T336/2,T335,11:45:43,4,-1,1,AB5209,0,1,31
T335,T338,11:46:34,4,-1,1,AB5209,0,1,20
C669/1,C693,11:46:34,4,-1,-1,AB5769,0,1,71
T363/1,T306,11:47:14,4,-1,1,AC1864,0,1,90
T338,T326/3,11:47:44,4,-1,-1,AB5209,0,1,60
C693,C681,11:47:55,4,-1,1,AB5769,0,1,70
T306,T314/2,11:48:05,4,-1,-1,AC1864,0,1,40
T326/3,T332/2,11:48:35,4,-1,1,AB5209,0,1,40
T314/2,T318,11:49:06,4,-1,-1,AC1864,0,1,10
C681,C671,11:49:16,4,-1,-1,AB5769,0,1,51
T318,T319,11:49:46,4,-1,-1,AC1864,0,1,10
T332/2,T325/2,11:50:27,4,-1,1,AB5209,0,1,60
C671,C695,11:50:37,4,-1,-1,AB5769,0,1,70
T319,T320,11:50:57,4,-1,-1,AC1864,0,1,50
T325/2,T339/2,11:51:07,4,-1,1,AB5209,0,1,20
T320,T321/2,11:52:18,4,-1,-1,AC1864,0,1,10
C695,C673,11:52:28,4,-1,-1,AB5769,0,1,81
T339/2,T313,11:53:19,4,-1,1,AB5209,0,1,70
C673,C672,11:53:29,4,-1,1,AB5769,0,1,30
T313,T315,11:53:59,4,-1,1,AB5209,0,1,20
T321/2,T323,11:53:59,4,-1,1,AC1864,0,1,50
T323,T324/2,11:54:42,4,-1,1,AC1864,0,1,10
T315,T375,11:55:22,4,-1,1,AB5209,0,1,72
T324/2,T327,11:56:04,4,-1,1,AC1864,0,1,51
T327,T326/1,11:56:44,4,-1,1,AC1864,0,1,30
T375,T380,11:56:54,4,-1,1,AB5209,0,1,30
C672,C670,11:57:04,4,-1,1,AB5769,0,1,152
T380,T379,11:57:35,4,-1,1,AB5209,0,1,20
C670,C679,11:57:55,4,-1,1,AB5769,0,1,40
T326/1,T337,11:58:05,4,-1,1,AC1864,0,1,71
T379,T359,11:58:36,4,-1,1,AB5209,0,1,30
T337,T336/2,11:59:06,4,-1,1,AC1864,0,1,30
C679,C694,11:59:26,4,-1,-1,AB5769,0,1,80
T359,T355/1,11:59:56,4,-1,1,AB5209,0,1,50
C694,C669/2,12:00:27,4,-1,-1,AB5769,0,1,40
C669/2,C687,12:01:28,4,-1,1,AB5769,0,1,30
C687,C675,12:02:59,4,-1,1,AB5769,0,1,60
C675,C668,12:03:49,4,-1,1,AB5769,0,1,20
C668,C678,12:04:10,4,-1,1,AB5769,0,1,10
C688/1,C691,12:04:43,4,-1,1,AB5209,0,1,43
C678,C665,12:04:43,4,-1,1,AB5769,0,1,23
C665,C663,12:05:04,4,-1,1,AB5769,0,1,10
C663,C661,12:05:54,4,-1,1,AB5769,0,1,30
C691,C652,12:06:04,4,-1,1,AB5209,0,1,60
C661,C659,12:06:25,4,-1,1,AB5769,0,1,20
C652,C655,12:07:15,4,-1,1,AB5209,0,1,30
C659,C656,12:07:45,4,-1,1,AB5769,0,1,40
C655,C657,12:08:36,4,-1,1,AB5209,0,1,60
C656,C654/2,12:08:56,4,-1,1,AB5769,0,1,60
C657,C660,12:09:37,4,-1,1,AB5209,0,1,50
C654/2,C653,12:09:57,4,-1,1,AB5769,0,1,40
C660,C662,12:10:17,4,-1,1,AB5209,0,1,20
C662,C664,12:10:57,4,-1,1,AB5209,0,1,30
C664,C677,12:11:38,4,-1,1,AB5209,1,1,30
C677,C667,12:12:18,4,-1,2,AB5209,0,1,20
C653,C692,12:12:28,4,-1,1,AB5769,0,1,121
C667,C676,12:12:39,4,-1,-1,AB5209,0,1,10
C676,C680,12:13:39,4,-1,-1,AB5209,0,1,50
C680,C669/1,12:14:20,4,-1,1,AB5209,0,1,20
C669/1,C693,12:15:52,4,-1,1,AB5209,0,1,60
C693,C681,12:17:23,4,-1,1,AB5209,0,1,80
C681,C671,12:18:24,4,-1,-1,AB5209,0,1,40
T360,T376/1,12:18:24,4,-1,1,AB5769,0,1,20
C671,C695,12:19:55,4,-1,-1,AB5209,0,1,80
T376/1,T363/1,12:20:25,4,-1,1,AB5769,0,1,70
T336/2,T335,12:21:26,4,-1,1,AC1864,0,1,40
T363/1,T306,12:21:46,4,-1,1,AB5769,0,1,50
C695,C673,12:21:56,4,-1,-1,AB5209,0,1,101
T335,T338,12:22:06,4,-1,1,AC1864,0,1,10
C673,C672,12:22:57,4,-1,1,AB5209,0,1,40
T338,T326/3,12:23:27,4,-1,-1,AC1864,0,1,60
T306,T314/2,12:23:27,4,-1,-1,AB5769,0,1,60
T326/3,T332/2,12:24:38,4,-1,1,AC1864,0,1,50
C672,C670,12:25:38,4,-1,1,AB5209,0,1,131
T332/2,T325/2,12:26:10,4,-1,1,AC1864,0,1,61
C670,C679,12:26:20,4,-1,1,AB5209,0,1,31
T318,T319,12:26:34,4,-1,-1,AB5769,0,1,96
T325/2,T339/2,12:26:54,4,-1,1,AC1864,0,1,20
C679,C694,12:27:46,4,-1,-1,AB5209,0,1,71
T319,T320,12:28:36,4,-1,-1,AB5769,0,1,81
C694,C669/2,12:28:46,4,-1,-1,AB5209,0,1,50
T339/2,T313,12:29:17,4,-1,1,AC1864,0,1,90
C669/2,C687,12:29:37,4,-1,1,AB5209,0,1,30
T313,T315,12:29:47,4,-1,1,AC1864,0,1,10
C687,C675,12:31:08,4,-1,1,AB5209,0,1,60
T321/2,T323,12:31:18,4,-1,1,AB5769,0,1,30
T315,T375,12:31:28,4,-1,1,AC1864,0,1,90
C675,C668,12:31:38,4,-1,1,AB5209,0,1,20
C668,C678,12:31:58,4,-1,1,AB5209,0,1,10
T375,T380,12:32:09,4,-1,1,AC1864,0,1,20
T323,T324/2,12:32:19,4,-1,1,AB5769,0,1,10
T380,T379,12:32:49,4,-1,1,AC1864,0,1,10
C678,C663,12:33:09,4,-1,1,AB5209,1,1,40
T379,T359,12:33:29,4,-1,1,AC1864,0,1,20
C663,C661,12:33:50,4,-1,1,AB5209,0,1,30
T324/2,T327,12:34:00,4,-1,1,AB5769,0,1,60
C661,C659,12:34:10,4,-1,1,AB5209,0,1,10
T327,T326/1,12:34:50,4,-1,1,AB5769,0,1,30
T359,T355/1,12:35:21,4,-1,1,AC1864,0,1,70
C659,C656,12:35:44,4,-1,1,AB5209,0,1,53
T326/1,T337,12:35:54,4,-1,1,AB5769,0,1,53
C656,C654/2,12:37:05,4,-1,1,AB5209,0,1,50
C654/2,C653,12:38:27,4,-1,1,AB5209,0,1,40
C653,C692,12:40:28,4,-1,1,AB5209,0,1,90
C692,C689/1,12:41:29,4,-1,1,AB5209,0,1,10
C688/1,C652,12:43:33,4,-1,1,AC1864,1,1,174
C652,C655,12:45:04,4,-1,1,AC1864,0,1,40
C655,C657,12:46:16,4,-1,1,AC1864,0,1,50
C657,C660,12:47:17,4,-1,1,AC1864,0,1,30
T360,T376/1,12:47:17,4,-1,1,AB5209,0,1,40
T376/1,T363/1,12:48:37,4,-1,1,AB5209,0,1,70
C660,C662,12:49:28,4,-1,1,AC1864,0,1,30
C662,C664,12:50:08,4,-1,1,AC1864,0,1,30
T363/1,T306,12:50:39,4,-1,1,AB5209,0,1,60
C664,C666,12:50:59,4,-1,1,AC1864,0,1,20
C666,C677,12:51:19,4,-1,1,AC1864,0,1,10
C677,C676,12:52:34,4,-1,-1,AC1864,1,1,53
C676,C680,12:53:54,4,-1,-1,AC1864,0,1,50
C680,C669/1,12:54:25,4,-1,1,AC1864,0,1,20
C669/1,C693,12:55:35,4,-1,1,AC1864,0,1,50
T336/2,T335,12:55:46,4,-1,1,AB5769,0,1,40
T335,T338,12:56:36,4,-1,1,AB5769,0,1,10
C693,C681,12:56:57,4,-1,1,AC1864,0,1,70
T314/2,T318,12:57:47,4,-1,-1,AB5209,0,1,20
C681,C671,12:58:07,4,-1,-1,AC1864,0,1,50
T338,T326/3,12:58:17,4,-1,-1,AB5769,0,1,60
T318,T319,12:58:28,4,-1,-1,AB5209,0,1,10
T326/3,T332/2,12:59:28,4,-1,1,AB5769,0,1,50
C671,C695,12:59:38,4,-1,-1,AC1864,0,1,80
C695,C673,13:01:09,4,-1,-1,AC1864,0,1,80
T319,T320,13:01:19,4,-1,-1,AB5209,0,1,161
T332/2,T325/2,13:01:50,4,-1,1,AB5769,0,1,90
C673,C672,13:01:50,4,-1,1,AC1864,0,1,30
T325/2,T339/2,13:02:52,4,-1,1,AB5769,0,1,20
T320,T321/2,13:03:12,4,-1,-1,AB5209,0,1,30
C672,C670,13:04:02,4,-1,1,AC1864,0,1,91
T339/2,T313,13:04:53,4,-1,1,AB5769,0,1,70
C670,C679,13:04:53,4,-1,1,AC1864,0,1,30
T321/2,T323,13:05:23,4,-1,1,AB5209,0,1,50
T313,T315,13:06:14,4,-1,1,AB5769,0,1,20
C679,C694,13:06:24,4,-1,-1,AC1864,0,1,80
T323,T324/2,13:06:24,4,-1,1,AB5209,0,1,10
C694,C669/2,13:07:15,4,-1,-1,AC1864,0,1,40
T324/2,T327,13:07:35,4,-1,1,AB5209,0,1,51
T315,T375,13:08:16,4,-1,1,AB5769,0,1,91
C669/2,C687,13:08:26,4,-1,1,AC1864,0,1,30
T327,T326/1,13:08:36,4,-1,1,AB5209,0,1,30
T375,T380,13:09:37,4,-1,1,AB5769,0,1,40
T326/1,T337,13:09:47,4,-1,1,AB5209,0,1,50
C687,C675,13:09:57,4,-1,1,AC1864,0,1,60
T380,T379,13:10:17,4,-1,1,AB5769,0,1,20
C675,C668,13:10:17,4,-1,-1,AC1864,0,1,10
T337,T336/2,13:10:17,4,-1,1,AB5209,0,1,20
C668,C678,13:10:47,4,-1,-1,AC1864,0,1,20
T379,T359,13:11:08,4,-1,1,AB5769,0,1,20
C678,C665,13:11:18,4,-1,-1,AC1864,0,1,20
C665,C663,13:11:38,4,-1,1,AC1864,0,1,10
C663,C661,13:12:18,4,-1,1,AC1864,0,1,30
T359,T355/1,13:12:49,4,-1,1,AB5769,0,1,90
C661,C659,13:13:09,4,-1,1,AC1864,0,1,20
C659,C656,13:15:45,4,-1,1,AC1864,0,1,95
C656,C654/2,13:16:46,4,-1,1,AC1864,0,1,51
C654/2,C653,13:17:37,4,-1,1,AC1864,0,1,30
C688/1,C691,13:18:07,4,-1,1,AB5769,0,1,70
C653,C692,13:18:58,4,-1,1,AC1864,0,1,40
C692,C689/1,13:19:58,4,-1,1,AC1864,0,1,50
C691,C652,13:20:19,4,-1,1,AB5769,0,1,90
C652,C655,13:20:59,4,-1,1,AB5769,0,1,30
C655,C657,13:22:20,4,-1,1,AB5769,0,1,70
C657,C660,13:23:12,4,-1,1,AB5769,0,1,40
C660,C662,13:24:13,4,-1,1,AB5769,0,1,50
C662,C664,13:24:43,4,-1,1,AB5769,0,1,20
T360,T376/1,13:24:54,4,-1,1,AC1864,0,1,30
C664,C666,13:25:14,4,-1,1,AB5769,0,1,20
C666,C677,13:25:34,4,-1,1,AB5769,0,1,10
C677,C667,13:26:05,4,-1,1,AB5769,0,1,20
C667,C676,13:26:35,4,-1,-1,AB5769,0,1,20
T376/1,T363/1,13:27:25,4,-1,1,AC1864,0,1,131
C676,C680,13:27:47,4,-1,-1,AB5769,0,1,62
C680,C669/1,13:28:18,4,-1,1,AB5769,0,1,20
T363/1,T306,13:29:49,4,-1,1,AC1864,0,1,101
C669/1,C693,13:30:19,4,-1,1,AB5769,0,1,70
T336/2,T335,13:30:39,4,-1,1,AB5209,0,1,30
T306,T318,13:30:39,4,-1,-1,AC1864,1,1,40
T335,T338,13:31:31,4,-1,1,AB5209,0,1,11
C693,C681,13:31:42,4,-1,1,AB5769,0,1,72
T318,T319,13:32:22,4,-1,-1,AC1864,0,1,82
C681,C671,13:32:43,4,-1,-1,AB5769,0,1,50
T338,T326/3,13:33:03,4,-1,-1,AB5209,0,1,61
T319,T320,13:33:33,4,-1,-1,AC1864,0,1,50
T326/3,T332/2,13:33:54,4,-1,1,AB5209,0,1,31
C671,C695,13:34:25,4,-1,-1,AB5769,0,1,91
T320,T321/2,13:34:45,4,-1,-1,AC1864,0,1,10
T332/2,T325/2,13:35:46,4,-1,1,AB5209,0,1,70
T325/2,T339/2,13:36:16,4,-1,1,AB5209,0,1,20
C695,C673,13:36:26,4,-1,-1,AB5769,0,1,101
T321/2,T323,13:36:26,4,-1,1,AC1864,0,1,50
C673,C672,13:37:06,4,-1,1,AB5769,0,1,30
T323,T324/2,13:37:17,4,-1,1,AC1864,0,1,10
T339/2,T313,13:37:57,4,-1,1,AB5209,0,1,70
T324/2,T327,13:38:38,4,-1,1,AC1864,0,1,60
T313,T315,13:38:48,4,-1,1,AB5209,0,1,20
T327,T326/1,13:39:18,4,-1,1,AC1864,0,1,30
C672,C670,13:40:29,4,-1,-1,AB5769,0,1,141
T315,T375,13:40:49,4,-1,1,AB5209,0,1,80
T326/1,T337,13:40:49,4,-1,1,AC1864,0,1,60
T337,T336/2,13:41:40,4,-1,1,AC1864,0,1,30
C670,C679,13:41:50,4,-1,-1,AB5769,0,1,40
T375,T379,13:42:14,4,-1,1,AB5209,1,1,44
T379,T359,13:42:44,4,-1,1,AB5209,0,1,20
C679,C694,13:43:35,4,-1,-1,AB5769,0,1,80
T359,T355/1,13:43:55,4,-1,1,AB5209,0,1,60
C694,C669/2,13:44:46,4,-1,-1,AB5769,0,1,41
C669/2,C687,13:46:17,4,-1,-1,AB5769,0,1,30
T355/1,C688/1,13:47:38,4,-1,1,AB5209,0,1,192
C687,C675,13:47:38,4,-1,1,AB5769,0,1,70
C675,C668,13:48:09,4,-1,1,AB5769,0,1,20
C668,C678,13:48:39,4,-1,1,AB5769,0,1,20
C678,C665,13:49:09,4,-1,1,AB5769,0,1,20
C688/1,C691,13:49:19,4,-1,1,AB5209,0,1,70
C665,C663,13:49:31,4,-1,1,AB5769,0,1,11
C663,C661,13:50:22,4,-1,1,AB5769,0,1,30
C691,C652,13:51:02,4,-1,1,AB5209,0,1,70
C661,C659,13:51:13,4,-1,1,AB5769,0,1,40
C652,C655,13:52:03,4,-1,1,AB5209,0,1,30
C659,C656,13:53:14,4,-1,1,AB5769,0,1,50
C655,C657,13:53:24,4,-1,1,AB5209,0,1,70
C657,C660,13:54:25,4,-1,1,AB5209,0,1,40
C656,C654/2,13:54:45,4,-1,1,AB5769,0,1,50
C660,C662,13:55:46,4,-1,1,AB5209,0,1,20
C662,C664,13:56:16,4,-1,1,AB5209,0,1,20
C654/2,C653,13:56:26,4,-1,1,AB5769,0,1,80
C664,C666,13:56:56,4,-1,1,AB5209,0,1,10
C666,C677,13:57:17,4,-1,1,AB5209,0,1,10
C677,C676,13:58:27,4,-1,-1,AB5209,1,1,40
C653,C692,13:58:48,4,-1,1,AB5769,0,1,90
C676,C680,13:59:28,4,-1,-1,AB5209,0,1,50
C692,C689/1,13:59:38,4,-1,1,AB5769,0,1,10
C680,C669/1,14:00:49,4,-1,1,AB5209,0,1,50
C693,C681,14:03:10,4,-1,1,AB5209,0,1,70
C689/1,T360,14:03:44,4,-1,1,AB5769,0,1,174
C681,C671,14:04:14,4,-1,-1,AB5209,0,1,40
C671,C695,14:05:55,4,-1,-1,AB5209,0,1,80
T360,T376/1,14:05:55,4,-1,1,AB5769,0,1,90
T336/2,T335,14:06:05,4,-1,1,AC1864,0,1,30
T335,T338,14:06:46,4,-1,1,AC1864,0,1,10
T338,T326/3,14:08:17,4,-1,-1,AC1864,0,1,70
C695,C672,14:08:17,4,-1,1,AB5209,1,1,111
T376/1,T363/1,14:08:37,4,-1,1,AB5769,0,1,151
T326/3,T332/2,14:09:28,4,-1,2,AC1864,0,1,50
T332/2,T325/2,14:11:39,4,-1,1,AC1864,0,1,111
T325/2,T339/2,14:12:50,4,-1,1,AC1864,0,1,20
C672,C670,14:12:50,4,-1,1,AB5209,0,1,141
C670,C679,14:14:14,4,-1,1,AB5209,0,1,40
T339/2,T313,14:15:45,4,-1,1,AC1864,0,1,131
C679,C694,14:15:45,4,-1,-1,AB5209,0,1,80
C694,C669/2,14:16:35,4,-1,-1,AB5209,0,1,40
T306,T314/2,14:16:56,4,-1,-1,AB5769,0,1,70
C669/2,C687,14:17:46,4,-1,1,AB5209,0,1,30
T313,T315,14:17:56,4,-1,1,AC1864,0,1,50
T318,T319,14:18:57,4,-1,-1,AB5769,0,1,10
C687,C675,14:19:07,4,-1,1,AB5209,0,1,60
C675,C678,14:20:28,4,-1,1,AB5209,1,1,40
T319,T320,14:20:28,4,-1,-1,AB5769,0,1,50
T315,T375,14:20:58,4,-1,1,AC1864,0,1,161
C678,C665,14:21:08,4,-1,1,AB5209,0,1,30
C665,C663,14:21:29,4,-1,1,AB5209,0,1,10
T320,T321/2,14:21:49,4,-1,-1,AB5769,0,1,20
C663,C661,14:22:09,4,-1,1,AB5209,0,1,30
T375,T380,14:22:29,4,-1,1,AC1864,0,1,30
T321/2,T323,14:23:10,4,-1,1,AB5769,0,1,30
C661,C659,14:23:20,4,-1,1,AB5209,0,1,60
T323,T324/2,14:24:02,4,-1,1,AB5769,0,1,10
T380,T359,14:24:22,4,-1,1,AC1864,1,1,92
C659,C656,14:25:02,4,-1,1,AB5209,0,1,60
T359,T355/1,14:25:33,4,-1,-1,AC1864,0,1,60
T324/2,T327,14:25:43,4,-1,1,AB5769,0,1,91
C656,C654/2,14:26:03,4,-1,1,AB5209,0,1,50
T327,T326/1,14:26:33,4,-1,1,AB5769,0,1,20
C654/2,C653,14:27:44,4,-1,1,AB5209,0,1,50
T326/1,T337,14:28:04,4,-1,1,AB5769,0,1,80
T337,T336/2,14:28:55,4,-1,1,AB5769,0,1,30
C653,C692,14:29:46,4,-1,1,AB5209,0,1,71
C692,C689/1,14:31:07,4,-1,1,AB5209,0,1,30
C688/1,C691,14:31:17,4,-1,1,AC1864,0,1,40
C691,C652,14:33:19,4,-1,1,AC1864,0,1,90
C652,C655,14:34:29,4,-1,1,AC1864,0,1,30
C689/1,T360,14:34:39,4,-1,1,AB5209,0,1,151
C655,C657,14:35:44,4,-1,1,AC1864,0,1,64
C657,C660,14:37:04,4,-1,1,AC1864,0,1,60
T360,T376/1,14:37:35,4,-1,1,AB5209,0,1,134
C660,C662,14:37:55,4,-1,-1,AC1864,0,1,30
C662,C664,14:38:35,4,-1,-1,AC1864,0,1,30
C664,C666,14:38:56,4,-1,-1,AC1864,0,1,10
C666,C677,14:39:16,4,-1,-1,AC1864,0,1,10
C677,C667,14:39:47,4,-1,-1,AC1864,0,1,20
T376/1,T363/1,14:40:17,4,-1,2,AB5209,0,1,152
C667,C680,14:41:18,4,-1,-1,AC1864,1,1,80
T336/2,T335,14:41:48,4,-1,1,AB5769,0,1,50
C680,C669/1,14:41:58,4,-1,1,AC1864,0,1,20
T335,T338,14:42:28,4,-1,1,AB5769,0,1,10
T363/1,T306,14:42:28,4,-1,3,AB5209,0,1,70
C669/1,C693,14:43:09,4,-1,1,AC1864,0,1,50
T306,T314/2,14:43:34,4,-1,-1,AB5209,0,1,55
T338,T326/3,14:43:54,4,-1,-1,AB5769,0,1,65
T314/2,T318,14:44:14,4,-1,-1,AB5209,0,1,10
C693,C681,14:44:34,4,-1,1,AC1864,0,1,74
T326/3,T332/2,14:45:05,4,-1,1,AB5769,0,1,40
T318,T319,14:45:15,4,-1,-1,AB5209,0,1,10
C681,C671,14:45:25,4,-1,-1,AC1864,0,1,40
T319,T320,14:46:28,4,-1,-1,AB5209,0,1,40
C671,C695,14:47:18,4,-1,-1,AC1864,0,1,80
T332/2,T325/2,14:47:28,4,-1,1,AB5769,0,1,101
T320,T321/2,14:47:39,4,-1,-1,AB5209,0,1,10
T325/2,T339/2,14:47:59,4,-1,1,AB5769,0,1,20
C695,C673,14:49:09,4,-1,-1,AC1864,0,1,80
T321/2,T323,14:49:09,4,-1,1,AB5209,0,1,40
T339/2,T313,14:49:33,4,-1,3,AB5769,0,1,63
C673,C672,14:49:53,4,-1,1,AC1864,0,1,20
T313,T315,14:50:23,4,-1,3,AB5769,0,1,30
T323,T324/2,14:50:35,4,-1,1,AB5209,0,1,31
T324/2,T327,14:52:26,4,-1,1,AB5209,0,1,91
C672,C670,14:52:36,4,-1,-1,AC1864,0,1,121
T327,T326/1,14:53:06,4,-1,1,AB5209,0,1,30
C670,C679,14:53:16,4,-1,-1,AC1864,0,1,30
T326/1,T337,14:54:17,4,-1,1,AB5209,0,1,60
C679,C694,14:54:37,4,-1,-1,AC1864,0,1,70
T337,T336/2,14:54:58,4,-1,1,AB5209,0,1,30
C694,C669/2,14:55:38,4,-1,-1,AC1864,0,1,40
T375,T380,14:55:58,4,-1,1,AB5769,0,1,60
C669/2,C687,14:56:29,4,-1,-1,AC1864,0,1,30
T380,T379,14:56:39,4,-1,1,AB5769,0,1,10
T379,T359,14:57:29,4,-1,1,AB5769,0,1,20
C687,C675,14:58:10,4,-1,1,AC1864,0,1,60
C675,C668,14:58:51,4,-1,1,AC1864,0,1,20
T359,T355/1,14:59:12,4,-1,1,AB5769,0,1,91
C668,C678,14:59:12,4,-1,1,AC1864,0,1,10
C678,C665,14:59:42,4,-1,1,AC1864,0,1,20
C665,C663,15:00:12,4,-1,1,AC1864,0,1,20
C663,C661,15:01:13,4,-1,1,AC1864,0,1,30
C661,C659,15:01:54,4,-1,1,AC1864,0,1,30
C659,C656,15:03:25,4,-1,1,AC1864,0,1,40
C656,C654/2,15:04:25,4,-1,1,AC1864,0,1,50
C688/1,C691,15:05:36,4,-1,1,AB5769,0,1,80
C654/2,C653,15:05:46,4,-1,1,AC1864,0,1,60
C691,C652,15:06:47,4,-1,1,AB5769,0,1,40
C652,C655,15:08:08,4,-1,1,AB5769,0,1,40
C653,C692,15:08:28,4,-1,1,AC1864,0,1,101
C655,C657,15:09:18,4,-1,2,AB5769,0,1,60
C692,C689/1,15:09:39,4,-1,1,AC1864,0,1,30
C657,C660,15:10:29,4,-1,1,AB5769,0,1,60
C660,C666,15:12:03,4,-1,1,AB5769,2,1,83
C666,C677,15:12:23,4,-1,1,AB5769,0,1,10
C689/1,T360,15:12:54,4,-1,1,AC1864,0,1,154
C677,C667,15:13:04,4,-1,-1,AB5769,0,1,30
T336/2,T335,15:13:24,4,-1,1,AB5209,0,1,30
C667,C676,15:13:24,4,-1,-1,AB5769,0,1,10
T335,T338,15:14:15,4,-1,1,AB5209,0,1,10
C676,C680,15:14:35,4,-1,-1,AB5769,0,1,60
T360,T376/1,15:15:16,4,-1,1,AC1864,0,1,101
C680,C669/1,15:15:36,4,-1,1,AB5769,0,1,30
T338,T326/3,15:15:56,4,-1,-1,AB5209,0,1,60
T326/3,T332/2,15:16:47,4,-1,1,AB5209,0,1,40
C669/1,C693,15:17:37,4,-1,1,AB5769,0,1,60
T376/1,T363/1,15:17:58,4,-1,2,AC1864,0,1,141
T332/2,T325/2,15:18:48,4,-1,1,AB5209,0,1,70
C693,C681,15:18:58,4,-1,1,AB5769,0,1,70
T325/2,T339/2,15:19:39,4,-1,1,AB5209,0,1,20
T363/1,T306,15:20:09,4,-1,2,AC1864,0,1,70
T306,T314/2,15:21:20,4,-1,-1,AC1864,0,1,40
C681,C695,15:21:34,4,-1,-1,AB5769,1,1,135
T339/2,T313,15:22:05,4,-1,1,AB5209,0,1,105
T314/2,T318,15:22:25,4,-1,-1,AC1864,0,1,30
T313,T315,15:23:05,4,-1,2,AB5209,0,1,10
C695,C673,15:23:15,4,-1,-1,AB5769,0,1,90
T319,T320,15:23:36,4,-1,-1,AC1864,0,1,40
C673,C672,15:23:56,4,-1,-1,AB5769,0,1,30
T320,T321/2,15:25:27,4,-1,-1,AC1864,0,1,10
T315,T375,15:25:57,4,-1,1,AB5209,0,1,121
C672,C670,15:26:58,4,-1,1,AB5769,0,1,151
T321/2,T323,15:27:08,4,-1,1,AC1864,0,1,60
T375,T380,15:27:38,4,-1,1,AB5209,0,1,70
C670,C679,15:27:48,4,-1,1,AB5769,0,1,40
T323,T324/2,15:27:48,4,-1,1,AC1864,0,1,10
T380,T379,15:28:39,4,-1,1,AB5209,0,1,20
T379,T359,15:29:20,4,-1,1,AB5209,0,1,20
T324/2,T327,15:29:20,4,-1,1,AC1864,0,1,71
C679,C694,15:29:31,4,-1,-1,AB5769,0,1,92
C694,C669/2,15:30:22,4,-1,-1,AB5769,0,1,40
T359,T355/1,15:30:42,4,-1,1,AB5209,0,1,70
T327,T337,15:31:02,4,-1,1,AC1864,1,1,80
C669/2,C687,15:31:33,4,-1,1,AB5769,0,1,30
T337,T336/2,15:32:14,4,-1,1,AC1864,0,1,30
C687,C675,15:33:14,4,-1,1,AB5769,0,1,80
C675,C668,15:33:44,4,-1,1,AB5769,0,1,20
C668,C678,15:34:05,4,-1,1,AB5769,0,1,10
C678,C663,15:35:36,4,-1,1,AB5769,1,1,50
C663,C661,15:36:36,4,-1,1,AB5769,0,1,30
C661,C659,15:37:17,4,-1,1,AB5769,0,1,20
C688/1,C691,15:37:57,4,-1,1,AB5209,0,1,80
C659,C656,15:38:48,4,-1,1,AB5769,0,1,40
C691,C652,15:39:49,4,-1,1,AB5209,0,1,70
C656,C654/2,15:39:49,4,-1,1,AB5769,0,1,40
C652,C655,15:41:20,4,-1,1,AB5209,0,1,40
C654/2,C653,15:41:54,4,-1,1,AB5769,0,1,95
C655,C657,15:42:45,4,-1,1,AB5209,0,1,70
C653,C692,15:43:35,4,-1,1,AB5769,0,1,90
C657,C660,15:44:06,4,-1,1,AB5209,0,1,50
C660,C662,15:44:56,4,-1,1,AB5209,0,1,20
C662,C664,15:45:27,4,-1,1,AB5209,0,1,20
C692,C689/1,15:45:47,4,-1,1,AB5769,0,1,40
C664,C677,15:46:37,4,-1,1,AB5209,1,1,40
C677,C667,15:47:18,4,-1,1,AB5209,0,1,30
C667,C676,15:47:38,4,-1,-1,AB5209,0,1,10
T336/2,T335,15:48:18,4,-1,1,AC1864,0,1,30
T335,T338,15:48:49,4,-1,1,AC1864,0,1,10
C676,C680,15:48:49,4,-1,-1,AB5209,0,1,60
C689/1,T360,15:49:09,4,-1,1,AB5769,0,1,151
T338,T326/3,15:50:00,4,-1,-1,AC1864,0,1,50
C680,C669/1,15:50:00,4,-1,1,AB5209,0,1,50
C669/1,C693,15:51:14,4,-1,1,AB5209,0,1,54
T360,T376/1,15:51:14,4,-1,1,AB5769,0,1,85
C693,C681,15:52:55,4,-1,1,AB5209,0,1,70
T376/1,T363/1,15:53:26,4,-1,1,AB5769,0,1,90
T326/3,T325/2,15:53:36,4,-1,1,AC1864,1,1,181
C681,C671,15:53:46,4,-1,-1,AB5209,0,1,40
T325/2,T339/2,15:54:26,4,-1,1,AC1864,0,1,30
C671,C695,15:55:27,4,-1,-1,AB5209,0,1,90
T363/1,T306,15:55:57,4,-1,1,AB5769,0,1,101
T306,T314/2,15:56:58,4,-1,-1,AB5769,0,1,40
T339/2,T313,15:57:08,4,-1,1,AC1864,0,1,131
C695,C673,15:57:28,4,-1,-1,AB5209,0,1,101
T313,T315,15:57:59,4,-1,1,AC1864,0,1,20
C673,C672,15:58:39,4,-1,-1,AB5209,0,1,40
T315,T375,15:59:40,4,-1,1,AC1864,0,1,81
T318,T319,15:59:50,4,-1,-1,AB5769,0,1,10
T319,T320,16:01:05,4,-1,-1,AB5769,0,1,64
T375,T380,16:01:15,4,-1,1,AC1864,0,1,54
T380,T379,16:02:06,4,-1,1,AC1864,0,1,10
C672,C670,16:02:06,4,-1,1,AB5209,0,1,165
T320,T321/2,16:02:26,4,-1,-1,AB5769,0,1,10
C670,C679,16:02:46,4,-1,1,AB5209,0,1,30
T379,T359,16:03:16,4,-1,1,AC1864,0,1,20
T321/2,T323,16:03:57,4,-1,1,AB5769,0,1,20
C679,C694,16:04:17,4,-1,-1,AB5209,0,1,70
T359,T355/1,16:04:27,4,-1,1,AC1864,0,1,60
T323,T324/2,16:04:27,4,-1,1,AB5769,0,1,10
C694,C669/2,16:05:08,4,-1,-1,AB5209,0,1,30
C669/2,C687,16:06:08,4,-1,1,AB5209,0,1,30
T324/2,T327,16:06:28,4,-1,1,AB5769,0,1,80
T327,T326/1,16:07:09,4,-1,1,AB5769,0,1,30
C687,C675,16:07:39,4,-1,2,AB5209,0,1,60
C675,C668,16:08:10,4,-1,1,AB5209,0,1,20
C668,C678,16:08:34,4,-1,1,AB5209,0,1,14
T326/1,T337,16:08:34,4,-1,1,AB5769,0,1,74
C678,C665,16:09:14,4,-1,1,AB5209,0,1,30
C665,C663,16:09:35,4,-1,1,AB5209,0,1,10
T337,T336/2,16:09:35,4,-1,1,AB5769,0,1,30
C688/1,C691,16:10:45,4,-1,1,AC1864,0,1,30
C663,C659,16:10:45,4,-1,1,AB5209,1,1,50
C659,C656,16:12:37,4,-1,1,AB5209,0,1,70
C691,C652,16:13:07,4,-1,1,AC1864,0,1,111
C656,C654/2,16:13:37,4,-1,1,AB5209,0,1,50
C652,C655,16:14:18,4,-1,1,AC1864,0,1,30
C655,C657,16:15:19,4,-1,1,AC1864,0,1,50
C654/2,C653,16:15:59,4,-1,1,AB5209,0,1,90
C657,C660,16:16:49,4,-1,1,AC1864,0,1,40
C660,C662,16:17:42,4,-1,1,AC1864,0,1,22
C653,C692,16:18:13,4,-1,1,AB5209,0,1,103
C662,C664,16:18:33,4,-1,1,AC1864,0,1,20
C664,C666,16:19:03,4,-1,1,AC1864,0,1,20
C666,C677,16:19:24,4,-1,1,AC1864,0,1,10
C692,C689/1,16:19:35,4,-1,1,AB5209,0,1,41
C677,C667,16:19:55,4,-1,1,AC1864,0,1,20
C667,C676,16:20:25,4,-1,-1,AC1864,0,1,20
C676,C680,16:21:36,4,-1,-1,AC1864,0,1,50
T336/2,T335,16:21:46,4,-1,1,AB5769,0,1,10
C680,C669/1,16:22:37,4,-1,-1,AC1864,0,1,30
T335,T338,16:22:47,4,-1,1,AB5769,0,1,10
C689/1,T360,16:23:27,4,-1,1,AB5209,0,1,181
T338,T326/3,16:24:18,4,-1,-1,AB5769,0,1,70
C669/1,C693,16:24:18,4,-1,-1,AC1864,0,1,60
T326/3,T332/2,16:25:08,4,-1,1,AB5769,0,1,40
T360,T376/1,16:25:18,4,-1,1,AB5209,0,1,90
C693,C681,16:25:39,4,-1,1,AC1864,0,1,70
C681,C671,16:26:39,4,-1,-1,AC1864,0,1,50
T376/1,T363/1,16:26:49,4,-1,1,AB5209,0,1,80
T332/2,T325/2,16:27:20,4,-1,1,AB5769,0,1,60
C671,C695,16:28:25,4,-1,-1,AC1864,0,1,75
T325/2,T339/2,16:28:55,4,-1,1,AB5769,0,1,60
T363/1,T306,16:29:06,4,-1,2,AB5209,0,1,70
C695,C673,16:30:06,4,-1,-1,AC1864,0,1,90
T306,T314/2,16:30:26,4,-1,-1,AB5209,0,1,70
C673,C672,16:30:36,4,-1,1,AC1864,0,1,20
T339/2,T313,16:31:17,4,-1,1,AB5769,0,1,90
T314/2,T318,16:31:17,4,-1,-1,AB5209,0,1,10
T318,T319,16:31:37,4,-1,-1,AB5209,0,1,10
T313,T315,16:32:18,4,-1,1,AB5769,0,1,20
T319,T320,16:33:39,4,-1,-1,AB5209,0,1,91
T315,T375,16:34:29,4,-1,1,AB5769,0,1,101
T375,T380,16:35:20,4,-1,1,AB5769,0,1,20
C672,C670,16:35:20,4,-1,1,AC1864,0,1,111
T320,T321/2,16:35:20,4,-1,-1,AB5209,0,1,10
T380,T379,16:35:40,4,-1,1,AB5769,0,1,10
T379,T359,16:36:34,4,-1,1,AB5769,0,1,23
C670,C679,16:36:34,4,-1,1,AC1864,0,1,23
T321/2,T323,16:36:34,4,-1,1,AB5209,0,1,33
T359,T355/1,16:37:45,4,-1,1,AB5769,0,1,60
T323,T324/2,16:37:55,4,-1,1,AB5209,0,1,10
C679,C694,16:38:05,4,-1,-1,AC1864,0,1,80
C694,C669/2,16:38:49,4,-1,-1,AC1864,0,1,34
T324/2,T327,16:39:29,4,-1,1,AB5209,0,1,64
C669/2,C687,16:40:00,4,-1,1,AC1864,0,1,30
T327,T326/1,16:40:20,4,-1,1,AB5209,0,1,30
C687,C675,16:41:24,4,-1,1,AC1864,0,1,50
C675,C668,16:41:54,4,-1,1,AC1864,0,1,20
T326/1,T337,16:41:54,4,-1,1,AB5209,0,1,80
C668,C665,16:42:46,4,-1,1,AC1864,1,1,41
T337,T336/2,16:42:46,4,-1,1,AB5209,0,1,31
C665,C663,16:43:06,4,-1,1,AC1864,0,1,10
C688/1,C691,16:43:47,4,-1,1,AB5769,0,1,50
C663,C659,16:44:17,4,-1,1,AC1864,1,1,60
C659,C656,16:45:07,4,-1,1,AC1864,0,1,30
C656,C654/2,16:46:38,4,-1,1,AC1864,0,1,50
C691,C655,16:47:09,4,-1,1,AB5769,1,1,171
C654/2,C653,16:48:30,4,-1,1,AC1864,0,1,70
C655,C657,16:48:40,4,-1,1,AB5769,0,1,60
C657,C660,16:49:34,4,-1,1,AB5769,0,1,43
C653,C692,16:50:04,4,-1,1,AC1864,0,1,64
C660,C662,16:50:14,4,-1,1,AB5769,0,1,20
C662,C664,16:50:55,4,-1,1,AB5769,0,1,30
C664,C666,16:51:25,4,-1,1,AB5769,0,1,20
C666,C677,16:52:05,4,-1,1,AB5769,0,1,30
C677,C667,16:52:37,4,-1,1,AB5769,0,1,21
C692,C689/1,16:52:37,4,-1,1,AC1864,0,1,61
C667,C676,16:52:57,4,-1,-1,AB5769,0,1,10
C676,C680,16:54:08,4,-1,-1,AB5769,0,1,60
C680,C669/1,16:55:08,4,-1,1,AB5769,0,1,20
C689/1,T360,16:55:18,4,-1,1,AC1864,0,1,121
T360,T376/1,16:56:19,4,-1,1,AC1864,0,1,20
C669/1,C693,16:56:29,4,-1,1,AB5769,0,1,60
C693,C681,16:57:50,4,-1,1,AB5769,0,1,70
T336/2,T335,16:58:33,4,-1,1,AB5209,0,1,63
C681,C671,16:58:43,4,-1,-1,AB5769,0,1,43
T335,T338,16:59:13,4,-1,1,AB5209,0,1,20
T376/1,T363/1,17:00:14,4,-1,1,AC1864,0,1,164
T338,T326/3,17:00:54,4,-1,-1,AB5209,0,1,70
T326/3,T332/2,17:01:45,4,-1,1,AB5209,0,1,40
T363/1,T306,17:01:55,4,-1,1,AC1864,0,1,60
T306,T318,17:02:56,4,-1,-1,AC1864,1,1,40
T332/2,T325/2,17:04:06,4,-1,2,AB5209,0,1,101
T325/2,T339/2,17:04:47,4,-1,2,AB5209,0,1,20
C672,C670,17:04:47,4,-1,1,AB5769,0,1,121
T318,T319,17:04:47,4,-1,-1,AC1864,0,1,60
C670,C679,17:05:37,4,-1,1,AB5769,0,1,30
T319,T320,17:05:37,4,-1,-1,AC1864,0,1,30
T339/2,T313,17:06:38,4,-1,1,AB5209,0,1,80
C679,C694,17:07:08,4,-1,-1,AB5769,0,1,80
T321/2,T323,17:07:49,4,-1,1,AC1864,0,1,20
C694,C669/2,17:07:59,4,-1,-1,AB5769,0,1,30
T323,T324/2,17:08:40,4,-1,1,AC1864,0,1,10
T313,T375,17:09:00,4,-1,1,AB5209,1,1,101
C669/2,C687,17:09:10,4,-1,1,AB5769,0,1,30
T375,T380,17:10:02,4,-1,1,AB5209,0,1,20
C687,C675,17:10:33,4,-1,-1,AB5769,0,1,72
T324/2,T327,17:10:33,4,-1,1,AC1864,0,1,50
T380,T379,17:10:53,4,-1,1,AB5209,0,1,20
C675,C668,17:11:03,4,-1,1,AB5769,0,1,20
T327,T326/1,17:11:13,4,-1,1,AC1864,0,1,30
C668,C678,17:11:23,4,-1,1,AB5769,0,1,10
T379,T359,17:11:44,4,-1,1,AB5209,0,1,30
C678,C665,17:11:54,4,-1,1,AB5769,0,1,20
C665,C663,17:12:24,4,-1,1,AB5769,0,1,20
T326/1,T337,17:12:34,4,-1,1,AC1864,0,1,71
T359,T355/1,17:13:15,4,-1,1,AB5209,0,1,70
C663,C661,17:13:15,4,-1,1,AB5769,0,1,30
T337,T336/2,17:13:35,4,-1,1,AC1864,0,1,20
C661,C659,17:13:55,4,-1,1,AB5769,0,1,30
C659,C656,17:15:36,4,-1,1,AB5769,0,1,40
C656,C654/2,17:16:27,4,-1,1,AB5769,0,1,40
C654/2,C653,17:17:47,4,-1,1,AB5769,0,1,60
C653,C692,17:18:58,4,-1,1,AB5769,0,1,60
C688/1,C691,17:19:18,4,-1,1,AB5209,0,1,80
C692,C689/1,17:20:49,4,-1,1,AB5769,0,1,60
C691,C652,17:21:20,4,-1,1,AB5209,0,1,70
C652,C655,17:22:20,4,-1,1,AB5209,0,1,30
C655,C657,17:23:33,4,-1,1,AB5209,0,1,61
C689/1,T360,17:23:54,4,-1,1,AB5769,0,1,133
C657,C660,17:24:24,4,-1,1,AB5209,0,1,40
T360,T376/1,17:25:15,4,-1,1,AB5769,0,1,60
C660,C664,17:25:45,4,-1,1,AB5209,1,1,50
C664,C666,17:26:05,4,-1,1,AB5209,0,1,10
C666,C677,17:26:35,4,-1,1,AB5209,0,1,20
C677,C667,17:27:06,4,-1,1,AB5209,0,1,20
T376/1,T363/1,17:27:26,4,-1,1,AB5769,0,1,111
C667,C676,17:27:36,4,-1,-1,AB5209,0,1,20
C676,C680,17:28:57,4,-1,-1,AB5209,0,1,60
T363/1,T306,17:29:27,4,-1,1,AB5769,0,1,40
C680,C669/1,17:29:47,4,-1,-1,AB5209,0,1,20
T306,T314/2,17:30:18,4,-1,-1,AB5769,0,1,40
T336/2,T335,17:30:58,4,-1,1,AC1864,0,1,30
T335,T338,17:31:29,4,-1,1,AC1864,0,1,10
C669/1,C693,17:31:29,4,-1,-1,AB5209,0,1,60
T318,T319,17:32:39,4,-1,-1,AB5769,0,1,40
C693,C681,17:32:49,4,-1,1,AB5209,0,1,70
T338,T326/3,17:33:00,4,-1,-1,AC1864,0,1,50
C681,C671,17:34:03,4,-1,-1,AB5209,0,1,43
T319,T320,17:34:23,4,-1,-1,AB5769,0,1,83
T326/3,T332/2,17:34:44,4,-1,1,AC1864,0,1,83
T320,T321/2,17:35:34,4,-1,-1,AB5769,0,1,10
C671,C695,17:35:44,4,-1,-1,AB5209,0,1,90
T332/2,T325/2,17:36:15,4,-1,1,AC1864,0,1,80
T321/2,T323,17:36:45,4,-1,1,AB5769,0,1,30
T325/2,T339/2,17:36:55,4,-1,2,AC1864,0,1,30
C695,C673,17:37:36,4,-1,-1,AB5209,0,1,81
T323,T324/2,17:37:46,4,-1,1,AB5769,0,1,10
C673,C672,17:38:06,4,-1,1,AB5209,0,1,20
T339/2,T313,17:39:57,4,-1,1,AC1864,0,1,90
T324/2,T327,17:39:57,4,-1,1,AB5769,0,1,80
T313,T315,17:40:58,4,-1,1,AC1864,0,1,10
C672,C670,17:40:58,4,-1,1,AB5209,0,1,121
T327,T326/1,17:40:58,4,-1,1,AB5769,0,1,40
C670,C679,17:41:59,4,-1,1,AB5209,0,1,30
T326/1,T337,17:41:59,4,-1,1,AB5769,0,1,50
T315,T375,17:42:49,4,-1,1,AC1864,0,1,60
T337,T336/2,17:42:59,4,-1,1,AB5769,0,1,30
T375,T380,17:43:52,4,-1,1,AC1864,0,1,20
C679,C669/2,17:44:22,4,-1,-1,AB5209,1,1,123
T380,T379,17:44:33,4,-1,1,AC1864,0,1,10
C669/2,C687,17:45:23,4,-1,1,AB5209,0,1,30
T379,T359,17:45:33,4,-1,1,AC1864,0,1,30
T359,T355/1,17:47:04,4,-1,1,AC1864,0,1,60
C687,C675,17:47:04,4,-1,1,AB5209,0,1,70
C675,C668,17:47:55,4,-1,1,AB5209,0,1,20
C668,C678,17:48:15,4,-1,1,AB5209,0,1,10
C678,C665,17:48:56,4,-1,1,AB5209,0,1,30
C665,C663,17:49:16,4,-1,1,AB5209,0,1,10
C663,C661,17:50:17,4,-1,1,AB5209,0,1,30
C661,C659,17:50:37,4,-1,1,AB5209,0,1,10
C659,C656,17:51:58,4,-1,1,AB5209,0,1,40
C688/1,C691,17:52:38,4,-1,1,AC1864,0,1,50
C656,C654/2,17:53:19,4,-1,1,AB5209,0,1,50
C691,C652,17:54:30,4,-1,1,AC1864,0,1,70
C654/2,C653,17:54:50,4,-1,1,AB5209,0,1,60
C652,C655,17:56:14,4,-1,1,AC1864,0,1,30
C653,C692,17:57:15,4,-1,1,AB5209,0,1,90
C655,C657,17:57:35,4,-1,1,AC1864,0,1,70
C657,C660,17:58:46,4,-1,1,AC1864,0,1,40
C692,C689/1,17:59:16,4,-1,1,AB5209,0,1,80
C660,C662,17:59:26,4,-1,1,AC1864,0,1,20
C662,C664,17:59:57,4,-1,1,AC1864,0,1,20
C664,C666,18:00:37,4,-1,1,AC1864,0,1,10
C666,C677,18:00:57,4,-1,1,AC1864,0,1,10
C677,C667,18:01:28,4,-1,-1,AC1864,0,1,20
C689/1,T360,18:01:48,4,-1,1,AB5209,0,1,121
C667,C676,18:01:58,4,-1,-1,AC1864,0,1,20
T360,T376/1,18:02:38,4,-1,1,AB5209,0,1,30
C676,C680,18:02:59,4,-1,-1,AC1864,0,1,50
C680,C669/1,18:03:59,4,-1,1,AC1864,0,1,20
T376/1,T363/1,18:05:03,4,-1,1,AB5209,0,1,124
C669/1,C693,18:05:34,4,-1,-1,AC1864,0,1,50
T336/2,T335,18:05:44,4,-1,1,AB5769,0,1,30
T335,T338,18:06:44,4,-1,1,AB5769,0,1,10
C693,C681,18:06:55,4,-1,1,AC1864,0,1,70
T363/1,T306,18:08:15,4,-1,1,AB5209,0,1,111
T338,T326/3,18:08:26,4,-1,-1,AB5769,0,1,60
C681,C671,18:08:36,4,-1,-1,AC1864,0,1,50
T326/3,T332/2,18:09:46,4,-1,2,AB5769,0,1,50
T306,T314/2,18:09:46,4,-1,-1,AB5209,0,1,80
C671,C695,18:10:17,4,-1,-1,AC1864,0,1,70
T314/2,T318,18:11:17,4,-1,-1,AB5209,0,1,10
T318,T319,18:11:48,4,-1,-1,AB5209,0,1,10
C695,C673,18:12:08,4,-1,-1,AC1864,0,1,80
T319,T320,18:12:38,4,-1,-1,AB5209,0,1,40
C673,C672,18:12:59,4,-1,1,AC1864,0,1,40
T320,T321/2,18:13:19,4,-1,-1,AB5209,0,1,20
C672,C670,18:15:00,4,-1,1,AC1864,0,1,90
T321/2,T323,18:15:20,4,-1,1,AB5209,0,1,40
T323,T324/2,18:15:54,4,-1,1,AB5209,0,1,10
C670,C679,18:16:05,4,-1,1,AC1864,0,1,30
T324/2,T327,18:17:46,4,-1,1,AB5209,0,1,80
C679,C694,18:17:56,4,-1,-1,AC1864,0,1,70
T325/2,T339/2,18:18:26,4,-1,2,AB5769,0,1,10
T327,T326/1,18:18:26,4,-1,1,AB5209,0,1,20
C694,C669/2,18:18:46,4,-1,-1,AC1864,0,1,30
T326/1,T337,18:19:37,4,-1,2,AB5209,0,1,60
C669/2,C687,18:20:07,4,-1,-1,AC1864,0,1,20
T337,T336/2,18:20:17,4,-1,1,AB5209,0,1,30
C687,C675,18:21:48,4,-1,1,AC1864,0,1,60
T339/2,T313,18:21:59,4,-1,1,AB5769,0,1,141
C675,C668,18:22:29,4,-1,1,AC1864,0,1,30
T313,T315,18:23:19,4,-1,2,AB5769,0,1,20
C678,C665,18:23:40,4,-1,1,AC1864,0,1,20
C665,C663,18:24:00,4,-1,1,AC1864,0,1,10
C663,C661,18:25:11,4,-1,1,AC1864,0,1,30
C661,C659,18:25:43,4,-1,1,AC1864,0,1,22
T315,T375,18:26:14,4,-1,1,AB5769,0,1,143
C659,C656,18:27:14,4,-1,1,AC1864,0,1,40
T375,T380,18:27:55,4,-1,1,AB5769,0,1,60
T380,T379,18:28:46,4,-1,1,AB5769,0,1,10
C656,C654/2,18:28:56,4,-1,1,AC1864,0,1,70
T379,T359,18:29:56,4,-1,1,AB5769,0,1,60
C654/2,C653,18:30:37,4,-1,1,AC1864,0,1,40
T359,T355/1,18:30:57,4,-1,2,AB5769,0,1,50
C653,C692,18:33:08,4,-1,2,AC1864,0,1,80
C692,C689/1,18:35:20,4,-1,1,AC1864,0,1,60
C688/1,C691,18:36:33,4,-1,1,AB5769,0,1,51
C691,C652,18:38:05,4,-1,1,AB5769,0,1,51
C689/1,T360,18:38:35,4,-1,1,AC1864,0,1,143
C652,C655,18:39:25,4,-1,1,AB5769,0,1,30
T360,T376/1,18:39:36,4,-1,1,AC1864,0,1,20
C655,C657,18:40:46,4,-1,1,AB5769,0,1,50
C657,C660,18:41:37,4,-1,1,AB5769,0,1,40
T376/1,T363/1,18:41:37,4,-1,2,AC1864,0,1,111
C660,C662,18:42:17,4,-1,1,AB5769,0,1,10
T336/2,T335,18:42:27,4,-1,1,AB5209,0,1,30
T335,T338,18:42:58,4,-1,1,AB5209,0,1,20
C662,C664,18:43:18,4,-1,1,AB5769,0,1,30
C664,C666,18:43:38,4,-1,1,AB5769,0,1,10
C666,C667,18:44:29,4,-1,1,AB5769,1,1,40
C667,C676,18:44:49,4,-1,-1,AB5769,0,1,10
T338,T326/3,18:45:29,4,-1,-1,AB5209,0,1,131
C676,C680,18:46:00,4,-1,-1,AB5769,0,1,60
T363/1,T306,18:46:00,4,-1,1,AC1864,0,1,192
T326/3,T332/2,18:46:32,4,-1,2,AB5209,0,1,42
C680,C669/1,18:46:52,4,-1,1,AB5769,0,1,20
T332/2,T325/2,18:48:34,4,-1,1,AB5209,0,1,101
C669/1,C693,18:48:34,4,-1,1,AB5769,0,1,50
T306,T314/2,18:48:54,4,-1,-1,AC1864,0,1,141
T325/2,T339/2,18:49:24,4,-1,3,AB5209,0,1,20
C693,C681,18:50:05,4,-1,1,AB5769,0,1,70
C681,C671,18:50:56,4,-1,-1,AB5769,0,1,41
T314/2,T318,18:51:06,4,-1,-1,AC1864,0,1,20
T339/2,T313,18:51:26,4,-1,1,AB5209,0,1,102
T318,T319,18:51:47,4,-1,-1,AC1864,0,1,10
T313,T315,18:52:47,4,-1,1,AB5209,0,1,50
C671,C695,18:52:47,4,-1,-1,AB5769,0,1,80
T319,T320,18:53:18,4,-1,-1,AC1864,0,1,60
C695,C673,18:54:28,4,-1,-1,AB5769,0,1,80
T320,T321/2,18:54:28,4,-1,-1,AC1864,0,1,20
T315,T375,18:54:49,4,-1,1,AB5209,0,1,111
C673,C672,18:55:19,4,-1,-1,AB5769,0,1,30
T321/2,T323,18:55:29,4,-1,1,AC1864,0,1,30
T375,T380,18:56:00,4,-1,1,AB5209,0,1,30
T323,T324/2,18:56:32,4,-1,1,AC1864,0,1,12
T380,T379,18:56:52,4,-1,1,AB5209,0,1,10
T379,T359,18:57:23,4,-1,1,AB5209,0,1,20
T324/2,T327,18:57:53,4,-1,1,AC1864,0,1,60
C672,C670,18:58:03,4,-1,-1,AB5769,0,1,113
T327,T326/1,18:58:33,4,-1,1,AC1864,0,1,30
T359,T355/1,18:58:43,4,-1,-1,AB5209,0,1,70
C670,C679,18:58:43,4,-1,-1,AB5769,0,1,30
T326/1,T337,18:59:44,4,-1,1,AC1864,0,1,60
T337,T336/2,19:00:25,4,-1,1,AC1864,0,1,30
C679,C694,19:00:35,4,-1,-1,AB5769,0,1,81
C694,C669/2,19:01:15,4,-1,-1,AB5769,0,1,30
C669/2,C687,19:02:36,4,-1,-1,AB5769,0,1,20
C687,C675,19:03:57,4,-1,1,AB5769,0,1,50
C688/1,C691,19:04:38,4,-1,1,AB5209,0,1,70
C675,C668,19:04:48,4,-1,1,AB5769,0,1,20
C668,C678,19:05:38,4,-1,1,AB5769,0,1,20
C691,C652,19:06:08,4,-1,1,AB5209,0,1,60
C678,C665,19:06:59,4,-1,1,AB5769,0,1,10
C652,C655,19:07:19,4,-1,1,AB5209,0,1,30
C665,C663,19:07:19,4,-1,1,AB5769,0,1,10
C663,C661,19:08:00,4,-1,1,AB5769,0,1,30
C655,C657,19:08:20,4,-1,1,AB5209,0,1,50
C661,C659,19:08:44,4,-1,1,AB5769,0,1,10
C657,C660,19:09:21,4,-1,1,AB5209,0,1,36
C660,C662,19:09:51,4,-1,1,AB5209,0,1,20
C659,C656,19:10:01,4,-1,1,AB5769,0,1,30
C662,C664,19:10:21,4,-1,1,AB5209,0,1,20
C664,C666,19:10:45,4,-1,1,AB5209,0,1,10
C656,C654/2,19:11:05,4,-1,1,AB5769,0,1,53
C666,C677,19:11:15,4,-1,1,AB5209,0,1,20
C677,C667,19:11:46,4,-1,1,AB5209,0,1,20
C667,C676,19:12:16,4,-1,-1,AB5209,0,1,20
C654/2,C653,19:12:26,4,-1,1,AB5769,0,1,70
C676,C669/1,19:13:47,4,-1,1,AB5209,1,1,81
C653,C692,19:14:18,4,-1,1,AB5769,0,1,70
C669/1,C693,19:15:08,4,-1,1,AB5209,0,1,50
C692,C689/1,19:15:49,4,-1,1,AB5769,0,1,40
T336/2,T335,19:16:29,4,-1,1,AC1864,0,1,30
C693,C681,19:16:29,4,-1,1,AB5209,0,1,70
C681,C671,19:17:20,4,-1,-1,AB5209,0,1,40
T338,T326/3,19:18:38,4,-1,-1,AC1864,0,1,60
C671,C695,19:18:48,4,-1,-1,AB5209,0,1,70
C689/1,T360,19:19:08,4,-1,1,AB5769,0,1,169
T326/3,T332/2,19:19:48,4,-1,2,AC1864,0,1,40
C695,C673,19:20:19,4,-1,-1,AB5209,0,1,80
T360,T376/1,19:20:29,4,-1,1,AB5769,0,1,40
C673,C672,19:20:49,4,-1,1,AB5209,0,1,20
T332/2,T325/2,19:21:30,4,-1,2,AC1864,0,1,70
T325/2,T339/2,19:22:20,4,-1,2,AC1864,0,1,20
T376/1,T363/1,19:23:02,4,-1,2,AB5769,0,1,102
C672,C670,19:23:22,4,-1,1,AB5209,0,1,132
T339/2,T313,19:24:13,4,-1,1,AC1864,0,1,71
C670,C679,19:24:23,4,-1,1,AB5209,0,1,30
T313,T315,19:25:24,4,-1,1,AC1864,0,1,20
C679,C694,19:25:55,4,-1,-1,AB5209,0,1,80
T363/1,T306,19:26:15,4,-1,2,AB5769,0,1,122
C694,C669/2,19:26:45,4,-1,-1,AB5209,0,1,40
T315,T375,19:26:55,4,-1,1,AC1864,0,1,80
T306,T314/2,19:27:16,4,-1,-1,AB5769,0,1,40
C669/2,C687,19:27:46,4,-1,1,AB5209,0,1,30
T375,T380,19:28:26,4,-1,1,AC1864,0,1,20
T314/2,T318,19:28:46,4,-1,-1,AB5769,0,1,10
T380,T379,19:29:07,4,-1,1,AC1864,0,1,10
C687,C675,19:29:27,4,-1,1,AB5209,0,1,60
T318,T319,19:29:27,4,-1,-1,AB5769,0,1,10
T379,T359,19:29:47,4,-1,1,AC1864,0,1,20
C675,C668,19:29:57,4,-1,1,AB5209,0,1,20
C668,C678,19:30:28,4,-1,1,AB5209,0,1,10
T319,T320,19:30:38,4,-1,-1,AB5769,0,1,60
T359,T355/1,19:30:48,4,-1,1,AC1864,0,1,50
C678,C665,19:31:08,4,-1,1,AB5209,0,1,30
C665,C663,19:31:28,4,-1,1,AB5209,0,1,10
C663,C661,19:32:09,4,-1,1,AB5209,0,1,30
T320,T321/2,19:32:19,4,-1,-1,AB5769,0,1,30
C661,C659,19:32:49,4,-1,1,AB5209,0,1,30
T321/2,T323,19:33:40,4,-1,1,AB5769,0,1,20
C659,C656,19:33:50,4,-1,1,AB5209,0,1,40
T323,T324/2,19:34:32,4,-1,1,AB5769,0,1,11
C656,C654/2,19:35:02,4,-1,1,AB5209,0,1,42
C688/1,C691,19:36:13,4,-1,1,AC1864,0,1,30
T324/2,T327,19:36:13,4,-1,1,AB5769,0,1,70
C654/2,C653,19:36:33,4,-1,1,AB5209,0,1,50
T327,T326/1,19:37:04,4,-1,1,AB5769,0,1,30
C653,C692,19:38:24,4,-1,1,AB5209,0,1,90
T326/1,T337,19:38:24,4,-1,1,AB5769,0,1,60
C691,C652,19:38:45,4,-1,1,AC1864,0,1,111
T337,T336/2,19:39:05,4,-1,1,AB5769,0,1,30
C692,C689/1,19:39:45,4,-1,1,AB5209,0,1,40
C652,C655,19:39:55,4,-1,1,AC1864,0,1,30
C655,C657,19:41:26,4,-1,1,AC1864,0,1,70
C657,C660,19:42:17,4,-1,1,AC1864,0,1,40
C689/1,T360,19:42:27,4,-1,1,AB5209,0,1,121
C660,C662,19:42:57,4,-1,1,AC1864,0,1,20
C662,C664,19:43:38,4,-1,1,AC1864,0,1,30
C664,C666,19:43:58,4,-1,1,AC1864,0,1,10
C666,C677,19:44:18,4,-1,1,AC1864,0,1,10
T360,T376/1,19:44:28,4,-1,1,AB5209,0,1,90
C677,C676,19:45:39,4,-1,-1,AC1864,1,1,40
C676,C680,19:46:40,4,-1,-1,AC1864,0,1,50
T376/1,T363/1,19:47:00,4,-1,1,AB5209,0,1,141
C680,C669/1,19:47:35,4,-1,1,AC1864,0,1,14
T363/1,T306,19:48:35,4,-1,1,AB5209,0,1,60
C669/1,C693,19:48:55,4,-1,1,AC1864,0,1,50
T306,T314/2,19:49:36,4,-1,-1,AB5209,0,1,40
C693,C681,19:50:16,4,-1,1,AC1864,0,1,70
T314/2,T318,19:50:16,4,-1,-1,AB5209,0,1,10
C681,C671,19:51:07,4,-1,-1,AC1864,0,1,30
T318,T319,19:51:07,4,-1,-1,AB5209,0,1,10
T319,T320,19:52:28,4,-1,-1,AB5209,0,1,60
C671,C695,19:52:58,4,-1,-1,AC1864,0,1,70
T320,T321/2,19:53:08,4,-1,-1,AB5209,0,1,10
T321/2,T323,19:53:59,4,-1,1,AB5209,0,1,20
T323,T324/2,19:54:39,4,-1,1,AB5209,0,1,10
C695,C672,19:54:59,4,-1,3,AC1864,1,1,111
T324/2,T327,19:56:00,4,-1,1,AB5209,0,1,60
T327,T326/1,19:56:42,4,-1,1,AB5209,0,1,31
C672,C670,19:57:22,4,-1,3,AC1864,0,1,102
T326/1,T337,19:57:44,4,-1,1,AB5209,0,1,52
C670,C679,19:58:05,4,-1,3,AC1864,0,1,30
T337,T336/2,19:58:35,4,-1,1,AB5209,0,1,30
C679,C694,19:59:35,4,-1,-1,AC1864,0,1,80
C694,C669/2,20:00:26,4,-1,-1,AC1864,0,1,40
C669/2,C687,20:01:06,4,-1,1,AC1864,0,1,20
C687,C675,20:02:27,4,-1,1,AC1864,0,1,60
C675,C668,20:03:08,4,-1,1,AC1864,0,1,20
C668,C678,20:03:28,4,-1,1,AC1864,0,1,10
C678,C665,20:04:49,4,-1,1,AC1864,0,1,20
C665,C661,20:05:49,4,-1,1,AC1864,1,1,50
C661,C659,20:06:20,4,-1,1,AC1864,0,1,20
C659,C656,20:07:42,4,-1,1,AC1864,0,1,40
C656,C654/2,20:09:03,4,-1,1,AC1864,0,1,50
C654/2,C653,20:10:24,4,-1,1,AC1864,0,1,40
C653,C692,20:13:16,4,-1,1,AC1864,0,1,131
C692,C689/1,20:14:06,4,-1,1,AC1864,0,1,20
C689/1,T360,20:16:08,4,-1,1,AC1864,0,1,91
T360,T376/1,20:17:29,4,-1,1,AC1864,0,1,50
T376/1,T363/1,20:19:53,4,-1,1,AC1864,0,1,123
T363/1,T306,20:22:15,4,-1,1,AC1864,0,1,70
T306,T318,20:23:06,4,-1,-1,AC1864,1,1,40
T319,T320,20:29:29,4,-1,-1,AC1864,0,1,100
T320,T321/2,20:31:00,4,-1,-1,AC1864,0,1,10
T321/2,T323,20:32:33,4,-1,1,AC1864,0,1,40
T323,T324/2,20:33:24,4,-1,1,AC1864,0,1,10
T324/2,T327,20:35:05,4,-1,1,AC1864,0,1,60
T327,T326/1,20:35:45,4,-1,1,AC1864,0,1,30
T326/1,T337,20:36:46,4,-1,1,AC1864,0,1,50
T337,T336/2,20:37:57,4,-1,1,AC1864,0,1,30
T336/2,T335,5:30:47,5,-1,1,AC1864,0,1,30
T335,T326/3,5:32:18,5,-1,-1,AC1864,1,1,80
T326/3,T332/2,5:33:19,5,-1,1,AC1864,0,1,30
T332/2,T325/2,5:34:29,5,-1,1,AC1864,0,1,50
T325/2,T339/2,5:35:20,5,-1,1,AC1864,0,1,20
T339/2,T313,5:36:22,5,-1,1,AC1864,0,1,40
T313,T375,5:38:35,5,-1,1,AC1864,1,1,90
T375,T380,5:40:26,5,-1,1,AC1864,0,1,80
T379,T355/1,5:42:17,5,-1,2,AC1864,1,1,70
C688/1,C691,5:47:11,5,-1,1,AC1864,0,1,71
C660,C662,5:52:46,5,-1,-1,AC1864,0,2,20
C662,C664,5:53:22,5,-1,-1,AC1864,0,2,25
C664,C666,5:54:04,5,-1,-1,AC1864,0,2,10
C666,C677,5:54:24,5,-1,-1,AC1864,0,2,10
C677,C667,5:54:55,5,-1,-1,AC1864,0,2,10
C667,C676,5:55:45,5,-1,-1,AC1864,0,2,20
C676,C680,5:56:46,5,-1,-1,AC1864,0,2,50
C680,C669/1,5:57:57,5,-1,-1,AC1864,0,2,40
C669/1,C693,5:59:07,5,-1,-1,AC1864,0,2,50
C693,C671,6:01:59,5,-1,-1,AC1864,1,2,141
C671,C695,6:03:50,5,-1,-1,AC1864,0,2,80
C695,C673,6:05:55,5,-1,-1,AC1864,0,2,81
T336/2,T335,6:06:05,5,-1,1,AB5769,0,2,10
T335,T338,6:06:35,5,-1,1,AB5769,0,2,10
C673,C672,6:06:55,5,-1,-1,AC1864,0,2,30
T338,T326/3,6:08:16,5,-1,-1,AB5769,0,2,60
T326/3,T332/2,6:09:37,5,-1,1,AB5769,0,2,70
C672,C670,6:09:47,5,-1,-1,AC1864,0,2,131
T332/2,T325/2,6:11:18,5,-1,1,AB5769,0,2,50
C670,C679,6:11:18,5,-1,-1,AC1864,0,2,40
T325/2,T339/2,6:12:19,5,-1,1,AB5769,0,2,20
C679,C694,6:12:59,5,-1,-1,AC1864,0,2,90
T339/2,T313,6:13:09,5,-1,1,AB5769,0,2,40
C694,C669/2,6:13:40,5,-1,-1,AC1864,0,2,30
T313,T315,6:14:20,5,-1,1,AB5769,0,2,10
C669/2,C687,6:14:32,5,-1,1,AC1864,0,2,22
T315,T375,6:15:34,5,-1,1,AB5769,0,2,61
C687,C675,6:15:34,5,-1,-1,AC1864,0,2,51
C675,C668,6:16:04,5,-1,-1,AC1864,0,2,20
C668,C678,6:16:24,5,-1,-1,AC1864,0,2,10
T375,T380,6:16:34,5,-1,1,AB5769,0,2,20
C678,C665,6:16:55,5,-1,-1,AC1864,0,2,20
C665,C663,6:17:15,5,-1,-1,AC1864,0,2,10
T380,T379,6:17:25,5,-1,1,AB5769,0,2,10
C663,C661,6:17:56,5,-1,-1,AC1864,0,2,30
C661,C659,6:18:36,5,-1,1,AC1864,0,2,30
T379,T359,6:18:46,5,-1,1,AB5769,0,2,50
C659,C656,6:19:37,5,-1,1,AC1864,0,2,50
T359,T355/1,6:19:57,5,-1,1,AB5769,0,2,60
C656,C654/2,6:20:58,5,-1,1,AC1864,0,2,50
C654/2,C692,6:23:19,5,-1,1,AC1864,1,2,111
C692,C689/1,6:24:32,5,-1,1,AC1864,0,2,22
C688/1,C691,6:26:33,5,-1,-1,AB5769,0,2,50
C689/1,T360,6:28:25,5,-1,1,AC1864,0,2,141
C691,C652,6:28:35,5,-1,1,AB5769,0,2,70
T360,T376/1,6:29:25,5,-1,1,AC1864,0,2,40
C652,C655,6:29:36,5,-1,1,AB5769,0,2,30
T376/1,T363/1,6:30:46,5,-1,1,AC1864,0,2,50
C655,C660,6:31:47,5,-1,-1,AB5769,1,2,121
T363/1,T306,6:32:07,5,-1,1,AC1864,0,2,70
C660,C662,6:32:38,5,-1,-1,AB5769,0,2,20
T306,T314/2,6:32:48,5,-1,-1,AC1864,0,2,30
C662,C664,6:33:28,5,-1,-1,AB5769,0,2,40
T318,T319,6:33:59,5,-1,-1,AC1864,0,2,40
C664,C677,6:34:29,5,-1,-1,AB5769,1,2,30
T319,T320,6:34:39,5,-1,-1,AC1864,0,2,30
T320,T321/2,6:34:59,5,-1,-1,AC1864,0,2,10
C677,C667,6:35:30,5,-1,-1,AB5769,0,2,20
T321/2,T323,6:35:50,5,-1,1,AC1864,0,2,20
C667,C676,6:36:20,5,-1,-1,AB5769,0,2,20
T323,T324/2,6:36:20,5,-1,1,AC1864,0,2,10
T324/2,T327,6:37:23,5,-1,1,AC1864,0,2,50
C676,C680,6:37:43,5,-1,-1,AB5769,0,2,60
T327,T326/1,6:38:13,5,-1,1,AC1864,0,2,20
C680,C669/1,6:38:44,5,-1,1,AB5769,0,2,30
T326/1,T336/2,6:40:05,5,-1,1,AC1864,1,2,101
C669/1,C693,6:40:15,5,-1,-1,AB5769,0,2,50
T336/2,T335,6:40:25,5,-1,1,AB5209,0,2,20
T335,T338,6:41:16,5,-1,1,AB5209,0,2,10
C693,C681,6:41:46,5,-1,-1,AB5769,0,2,81
T338,T326/3,6:42:07,5,-1,-1,AB5209,0,2,40
T326/3,T332/2,6:42:57,5,-1,1,AB5209,0,2,30
C681,C671,6:42:57,5,-1,-1,AB5769,0,2,50
T332/2,T325/2,6:44:38,5,-1,1,AB5209,0,2,50
C671,C695,6:44:49,5,-1,-1,AB5769,0,2,80
T325/2,T339/2,6:44:59,5,-1,1,AB5209,0,2,10
T339/2,T313,6:46:30,5,-1,1,AB5209,0,2,60
C695,C673,6:46:40,5,-1,-1,AB5769,0,2,80
T313,T315,6:47:20,5,-1,1,AB5209,0,2,10
C673,C672,6:47:32,5,-1,-1,AB5769,0,2,22
T315,T375,6:48:53,5,-1,1,AB5209,0,2,50
T375,T380,6:49:44,5,-1,1,AB5209,0,2,20
T380,T379,6:50:14,5,-1,1,AB5209,0,2,20
C672,C670,6:50:14,5,-1,-1,AB5769,0,2,131
C670,C679,6:50:55,5,-1,-1,AB5769,0,2,30
T379,T359,6:51:45,5,-1,1,AB5209,0,2,70
T359,T355/1,6:52:46,5,-1,1,AB5209,0,2,50
C679,C694,6:52:56,5,-1,-1,AB5769,0,2,80
C694,C669/2,6:53:47,5,-1,-1,AB5769,0,2,40
C669/2,C687,6:54:57,5,-1,1,AB5769,0,2,30
C687,C675,6:55:58,5,-1,1,AB5769,0,2,50
C675,C668,6:56:28,5,-1,1,AB5769,0,2,10
C668,C678,6:56:59,5,-1,1,AB5769,0,2,10
C678,C665,6:57:29,5,-1,1,AB5769,0,2,20
C665,C663,6:57:49,5,-1,1,AB5769,0,2,10
C663,C661,6:58:30,5,-1,1,AB5769,0,2,30
C688/1,C691,6:59:00,5,-1,1,AB5209,0,2,80
C661,C659,6:59:00,5,-1,1,AB5769,0,2,20
C659,C656,7:00:01,5,-1,1,AB5769,0,2,40
C656,C654/2,7:00:54,5,-1,1,AB5769,0,2,42
C691,C652,7:01:24,5,-1,1,AB5209,0,2,113
C654/2,C653,7:02:05,5,-1,1,AB5769,0,2,40
C652,C655,7:02:35,5,-1,1,AB5209,0,2,30
C655,C657,7:03:46,5,-1,1,AB5209,0,2,60
C653,C692,7:03:46,5,-1,1,AB5769,0,2,90
C657,C660,7:04:47,5,-1,1,AB5209,0,2,30
C692,C689/1,7:05:07,5,-1,1,AB5769,0,2,30
C660,C662,7:05:37,5,-1,1,AB5209,0,2,20
C662,C664,7:06:08,5,-1,1,AB5209,0,2,20
C664,C666,7:06:58,5,-1,1,AB5209,0,2,20
T336/2,T335,7:07:08,5,-1,1,AC1864,0,2,20
C666,C677,7:07:39,5,-1,1,AB5209,0,2,30
T335,T338,7:07:49,5,-1,1,AC1864,0,2,30
C689/1,T360,7:07:49,5,-1,1,AB5769,0,2,111
C677,C667,7:08:09,5,-1,1,AB5209,0,2,20
C667,C676,7:08:29,5,-1,-1,AB5209,0,2,10
T338,T326/3,7:09:10,5,-1,-1,AC1864,0,2,40
T360,T376/1,7:09:10,5,-1,1,AB5769,0,2,70
C676,C680,7:09:30,5,-1,-1,AB5209,0,2,50
T326/3,T332/2,7:10:00,5,-1,1,AC1864,0,2,40
C680,C669/1,7:10:32,5,-1,1,AB5209,0,2,21
T332/2,T325/2,7:11:22,5,-1,1,AC1864,0,2,50
T376/1,T363/1,7:11:22,5,-1,1,AB5769,0,2,112
T325/2,T339/2,7:12:03,5,-1,1,AC1864,0,2,10
C669/1,C693,7:12:03,5,-1,1,AB5209,0,2,50
T363/1,T314/2,7:13:13,5,-1,-1,AB5769,1,2,101
T339/2,T313,7:13:24,5,-1,1,AC1864,0,2,50
C693,C681,7:13:24,5,-1,-1,AB5209,0,2,70
T313,T315,7:14:04,5,-1,1,AC1864,0,2,10
T318,T319,7:14:04,5,-1,-1,AB5769,0,2,30
C681,C671,7:14:34,5,-1,-1,AB5209,0,2,50
T319,T320,7:14:45,5,-1,-1,AB5769,0,2,30
T315,T375,7:15:45,5,-1,1,AC1864,0,2,60
C671,C695,7:15:55,5,-1,-1,AB5209,0,2,70
T321/2,T323,7:15:55,5,-1,1,AB5769,0,2,10
T323,T324/2,7:16:26,5,-1,1,AB5769,0,2,10
T375,T380,7:17:27,5,-1,1,AC1864,0,2,71
C695,C673,7:17:37,5,-1,-1,AB5209,0,2,71
T324/2,T327,7:17:37,5,-1,1,AB5769,0,2,51
T380,T379,7:18:08,5,-1,1,AC1864,0,2,10
T327,T326/1,7:18:28,5,-1,1,AB5769,0,2,30
C673,C672,7:18:38,5,-1,-1,AB5209,0,2,30
T379,T359,7:18:58,5,-1,1,AC1864,0,2,20
T326/1,T337,7:19:49,5,-1,1,AB5769,0,2,50
T359,T355/1,7:20:09,5,-1,1,AC1864,0,2,60
T337,T336/2,7:20:50,5,-1,1,AB5769,0,2,30
C672,C679,7:22:02,5,-1,-1,AB5209,1,2,153
C679,C694,7:23:34,5,-1,-1,AB5209,0,2,70
C694,C669/2,7:24:14,5,-1,-1,AB5209,0,2,30
C669/2,C687,7:25:05,5,-1,1,AB5209,0,2,20
C687,C675,7:26:36,5,-1,1,AB5209,0,2,60
C688/1,C691,7:26:47,5,-1,1,AC1864,0,2,91
C675,C668,7:26:57,5,-1,1,AB5209,0,2,10
C668,C678,7:27:17,5,-1,1,AB5209,0,2,10
C678,C665,7:27:47,5,-1,1,AB5209,0,2,20
C691,C652,7:28:08,5,-1,1,AC1864,0,2,50
C665,C663,7:28:08,5,-1,1,AB5209,0,2,10
C663,C661,7:28:58,5,-1,1,AB5209,0,2,30
C652,C655,7:29:18,5,-1,1,AC1864,0,2,30
C661,C659,7:29:28,5,-1,1,AB5209,0,2,20
C655,C657,7:30:09,5,-1,2,AC1864,0,2,40
C659,C656,7:30:49,5,-1,2,AB5209,0,2,40
C657,C660,7:31:20,5,-1,1,AC1864,0,2,50
C660,C662,7:32:03,5,-1,1,AC1864,0,2,20
C656,C654/2,7:32:13,5,-1,1,AB5209,0,2,53
C662,C664,7:32:53,5,-1,1,AC1864,0,2,20
C664,C666,7:33:44,5,-1,1,AC1864,0,2,20
C666,C677,7:34:04,5,-1,1,AC1864,0,2,10
C677,C667,7:34:55,5,-1,1,AC1864,0,2,20
C667,C676,7:35:15,5,-1,-1,AC1864,0,2,10
T336/2,T335,7:35:25,5,-1,1,AB5769,0,2,20
T335,T338,7:35:55,5,-1,1,AB5769,0,2,10
C654/2,C692,7:35:55,5,-1,1,AB5209,1,2,171
C676,C680,7:36:46,5,-1,-1,AC1864,0,2,60
C692,C689/1,7:36:56,5,-1,1,AB5209,0,2,20
T338,T326/3,7:37:06,5,-1,-1,AB5769,0,2,60
C680,C669/1,7:37:37,5,-1,1,AC1864,0,2,20
T326/3,T332/2,7:37:57,5,-1,1,AB5769,0,2,40
C669/1,C693,7:38:58,5,-1,1,AC1864,0,2,50
T332/2,T325/2,7:39:28,5,-1,1,AB5769,0,2,50
C689/1,T360,7:39:48,5,-1,1,AB5209,0,2,121
T325/2,T339/2,7:40:29,5,-1,1,AB5769,0,2,20
C693,C681,7:40:39,5,-1,1,AC1864,0,2,70
T360,T376/1,7:40:39,5,-1,1,AB5209,0,2,20
T339/2,T313,7:41:50,5,-1,1,AB5769,0,2,40
T376/1,T363/1,7:42:53,5,-1,1,AB5209,0,2,123
T313,T315,7:43:03,5,-1,1,AB5769,0,2,20
C681,C695,7:43:03,5,-1,-1,AC1864,1,2,133
T363/1,T306,7:44:05,5,-1,1,AB5209,0,2,51
T315,T375,7:44:35,5,-1,1,AB5769,0,2,60
C695,C673,7:44:45,5,-1,-1,AC1864,0,2,81
T306,T318,7:45:16,5,-1,-1,AB5209,1,2,40
C673,C672,7:45:36,5,-1,1,AC1864,0,2,30
T375,T380,7:45:56,5,-1,1,AB5769,0,2,30
T380,T379,7:46:46,5,-1,1,AB5769,0,2,10
T318,T319,7:46:46,5,-1,-1,AB5209,0,2,60
T379,T359,7:47:17,5,-1,1,AB5769,0,2,20
T319,T320,7:47:37,5,-1,-1,AB5209,0,2,40
C672,C670,7:48:07,5,-1,1,AC1864,0,2,121
T359,T355/1,7:48:18,5,-1,2,AB5769,0,2,50
T320,T321/2,7:48:28,5,-1,-1,AB5209,0,2,20
C670,C679,7:48:48,5,-1,1,AC1864,0,2,30
T321/2,T323,7:49:18,5,-1,1,AB5209,0,2,20
T323,T324/2,7:50:09,5,-1,1,AB5209,0,2,10
C679,C694,7:50:19,5,-1,-1,AC1864,0,2,80
C694,C669/2,7:51:09,5,-1,-1,AC1864,0,2,40
T324/2,T327,7:51:09,5,-1,1,AB5209,0,2,50
T327,T326/1,7:51:40,5,-1,1,AB5209,0,2,20
C669/2,C687,7:52:20,5,-1,-1,AC1864,0,2,30
T326/1,T337,7:52:43,5,-1,1,AB5209,0,2,52
T337,T336/2,7:53:13,5,-1,1,AB5209,0,2,20
C687,C675,7:53:43,5,-1,1,AC1864,0,2,60
C675,C668,7:54:24,5,-1,1,AC1864,0,2,20
C688/1,C691,7:54:34,5,-1,1,AB5769,0,2,50
C668,C678,7:54:44,5,-1,1,AC1864,0,2,10
C678,C665,7:55:14,5,-1,1,AC1864,0,2,20
C665,C663,7:55:35,5,-1,1,AC1864,0,2,10
C663,C661,7:56:15,5,-1,1,AC1864,0,2,30
C691,C652,7:56:57,5,-1,1,AB5769,0,2,91
C661,C659,7:57:07,5,-1,1,AC1864,0,2,20
C652,C655,7:58:07,5,-1,1,AB5769,0,2,30
C659,C656,7:58:17,5,-1,1,AC1864,0,2,40
C655,C657,7:59:18,5,-1,1,AB5769,0,2,60
C656,C654/2,7:59:28,5,-1,1,AC1864,0,2,50
C657,C660,8:00:29,5,-1,1,AB5769,0,2,40
C654/2,C653,8:01:09,5,-1,1,AC1864,0,2,80
C660,C662,8:01:19,5,-1,1,AB5769,0,2,20
C662,C664,8:02:11,5,-1,1,AB5769,0,2,21
C664,C666,8:03:02,5,-1,1,AB5769,0,2,20
C666,C677,8:03:22,5,-1,1,AB5769,0,2,10
C653,C692,8:03:22,5,-1,1,AC1864,0,2,92
C677,C667,8:04:13,5,-1,1,AB5769,0,2,20
C692,C689/1,8:04:54,5,-1,1,AC1864,0,2,40
C667,C680,8:05:44,5,-1,-1,AB5769,1,2,80
C680,C669/1,8:07:06,5,-1,1,AB5769,0,2,51
T336/2,T335,8:07:37,5,-1,1,AB5209,0,2,30
C689/1,T360,8:07:37,5,-1,1,AC1864,0,2,112
C669/1,C693,8:08:17,5,-1,1,AB5769,0,2,50
T360,T376/1,8:08:27,5,-1,1,AC1864,0,2,20
T335,T338,8:08:37,5,-1,1,AB5209,0,2,10
T376/1,T363/1,8:09:18,5,-1,1,AC1864,0,2,40
C693,C681,8:09:58,5,-1,1,AB5769,0,2,80
T338,T326/3,8:10:08,5,-1,-1,AB5209,0,2,60
T363/1,T306,8:10:29,5,-1,1,AC1864,0,2,50
T326/3,T332/2,8:10:59,5,-1,1,AB5209,0,2,40
C681,C671,8:10:59,5,-1,-1,AB5769,0,2,50
T306,T314/2,8:11:19,5,-1,-1,AC1864,0,2,30
T332/2,T325/2,8:12:30,5,-1,1,AB5209,0,2,60
C671,C695,8:12:50,5,-1,-1,AB5769,0,2,80
T318,T319,8:12:50,5,-1,-1,AC1864,0,2,50
T325/2,T339/2,8:13:10,5,-1,1,AB5209,0,2,10
T319,T320,8:13:33,5,-1,-1,AC1864,0,2,32
T320,T321/2,8:14:03,5,-1,-1,AC1864,0,2,10
T339/2,T313,8:14:34,5,-1,1,AB5209,0,2,50
C695,C673,8:14:34,5,-1,-1,AB5769,0,2,83
T321/2,T323,8:14:44,5,-1,1,AC1864,0,2,10
T313,T315,8:15:24,5,-1,1,AB5209,0,2,20
C673,C672,8:15:34,5,-1,1,AB5769,0,2,30
T323,T324/2,8:15:45,5,-1,1,AC1864,0,2,10
T315,T375,8:16:45,5,-1,1,AB5209,0,2,50
T324/2,T327,8:16:45,5,-1,1,AC1864,0,2,50
T375,T380,8:17:36,5,-1,1,AB5209,0,2,20
T327,T326/1,8:17:36,5,-1,1,AC1864,0,2,20
C672,C670,8:18:06,5,-1,1,AB5769,0,2,131
T380,T379,8:18:26,5,-1,1,AB5209,0,2,10
C670,C679,8:18:47,5,-1,1,AB5769,0,2,30
T359,T355/1,8:19:47,5,-1,2,AB5209,0,2,50
C679,C694,8:20:48,5,-1,-1,AB5769,0,2,80
C694,C669/2,8:21:39,5,-1,-1,AB5769,0,2,40
C669/2,C687,8:22:39,5,-1,1,AB5769,0,2,40
C687,C675,8:24:20,5,-1,1,AB5769,0,2,70
C675,C678,8:25:06,5,-1,1,AB5769,1,2,34
C688/1,C691,8:25:26,5,-1,1,AB5209,0,2,54
C678,C665,8:25:36,5,-1,1,AB5769,0,2,20
C665,C663,8:26:06,5,-1,1,AB5769,0,2,20
C663,C659,8:27:07,5,-1,1,AB5769,1,2,50
C691,C652,8:27:37,5,-1,1,AB5209,0,2,91
C659,C656,8:28:28,5,-1,1,AB5769,0,2,50
C652,C655,8:28:48,5,-1,1,AB5209,0,2,30
C656,C654/2,8:29:59,5,-1,1,AB5769,0,2,50
C655,C660,8:31:10,5,-1,1,AB5209,1,2,131
C654/2,C653,8:31:33,5,-1,1,AB5769,0,2,63
C660,C662,8:31:53,5,-1,1,AB5209,0,2,20
C662,C664,8:32:34,5,-1,1,AB5209,0,2,30
C664,C666,8:32:54,5,-1,1,AB5209,0,2,10
C666,C677,8:33:14,5,-1,1,AB5209,0,2,10
C677,C667,8:33:44,5,-1,1,AB5209,0,2,20
C653,C692,8:33:44,5,-1,1,AB5769,0,2,101
T326/1,T337,8:33:55,5,-1,1,AC1864,0,2,70
C667,C676,8:34:05,5,-1,-1,AB5209,0,2,10
T337,T336/2,8:34:35,5,-1,1,AC1864,0,2,30
C676,C680,8:35:05,5,-1,-1,AB5209,0,2,50
T336/2,T335,8:35:36,5,-1,1,AC1864,0,2,10
C692,C689/1,8:35:56,5,-1,1,AB5769,0,2,81
C680,C669/1,8:36:07,5,-1,1,AB5209,0,2,30
T335,T338,8:36:27,5,-1,1,AC1864,0,2,10
T338,T326/3,8:37:27,5,-1,-1,AC1864,0,2,50
C669/1,C693,8:37:58,5,-1,1,AB5209,0,2,60
C689/1,T360,8:38:38,5,-1,1,AB5769,0,2,111
T326/3,T332/2,8:38:48,5,-1,1,AC1864,0,2,60
C693,C681,8:39:29,5,-1,1,AB5209,0,2,70
T360,T376/1,8:39:49,5,-1,1,AB5769,0,2,30
C681,C671,8:40:50,5,-1,-1,AB5209,0,2,50
T376/1,T363/1,8:41:00,5,-1,1,AB5769,0,2,40
T332/2,T313,8:41:53,5,-1,1,AC1864,2,2,174
T363/1,T306,8:42:13,5,-1,1,AB5769,0,2,40
C671,C695,8:42:23,5,-1,-1,AB5209,0,2,73
T313,T315,8:43:04,5,-1,1,AC1864,0,2,20
T306,T314/2,8:43:24,5,-1,-1,AB5769,0,2,40
T314/2,T318,8:44:05,5,-1,-1,AB5769,0,2,10
C695,C672,8:44:36,5,-1,1,AB5209,1,2,102
T318,T319,8:44:36,5,-1,-1,AB5769,0,2,11
T315,T375,8:45:17,5,-1,1,AC1864,0,2,102
T319,T320,8:45:17,5,-1,-1,AB5769,0,2,30
T320,T321/2,8:45:57,5,-1,-1,AB5769,0,2,10
T375,T380,8:46:17,5,-1,1,AC1864,0,2,30
T321/2,T323,8:46:48,5,-1,1,AB5769,0,2,20
T380,T379,8:46:58,5,-1,1,AC1864,0,2,10
T379,T359,8:47:48,5,-1,1,AC1864,0,2,30
T323,T324/2,8:47:48,5,-1,1,AB5769,0,2,10
C672,C670,8:48:10,5,-1,1,AB5209,0,2,132
C670,C679,8:48:43,5,-1,1,AB5209,0,2,23
T359,T355/1,8:48:53,5,-1,1,AC1864,0,2,53
T324/2,T327,8:49:14,5,-1,1,AB5769,0,2,63
T327,T326/1,8:50:04,5,-1,1,AB5769,0,2,20
C679,C694,8:50:24,5,-1,-1,AB5209,0,2,80
T326/1,T337,8:51:05,5,-1,1,AB5769,0,2,50
T337,T336/2,8:52:05,5,-1,1,AB5769,0,2,20
C694,C669/2,8:52:57,5,-1,-1,AB5209,0,2,122
C669/2,C687,8:53:37,5,-1,1,AB5209,0,2,20
C688/1,C691,8:54:48,5,-1,1,AC1864,0,2,50
C687,C675,8:55:18,5,-1,1,AB5209,0,2,60
C675,C668,8:55:49,5,-1,1,AB5209,0,2,20
C691,C652,8:56:09,5,-1,1,AC1864,0,2,50
C668,C678,8:56:09,5,-1,1,AB5209,0,2,10
C652,C655,8:57:00,5,-1,1,AC1864,0,2,30
C678,C663,8:57:00,5,-1,1,AB5209,1,2,40
C663,C659,8:58:02,5,-1,1,AB5209,1,2,52
C655,C657,8:58:22,5,-1,1,AC1864,0,2,72
C657,C660,8:59:02,5,-1,1,AC1864,0,2,30
C659,C656,8:59:02,5,-1,1,AB5209,0,2,30
C656,C654/2,9:00:13,5,-1,1,AB5209,0,2,60
C660,C664,9:00:23,5,-1,1,AC1864,1,2,50
C654/2,C653,9:01:14,5,-1,1,AB5209,0,2,30
C664,C677,9:01:34,5,-1,1,AC1864,1,2,40
C677,C667,9:02:04,5,-1,1,AC1864,0,2,20
C667,C676,9:02:25,5,-1,-1,AC1864,0,2,10
C676,C680,9:03:25,5,-1,-1,AC1864,0,2,50
C653,C692,9:03:35,5,-1,1,AB5209,0,2,121
C692,C689/1,9:04:46,5,-1,1,AB5209,0,2,40
C680,C669/1,9:05:27,5,-1,1,AC1864,0,2,90
C669/1,C693,9:06:48,5,-1,1,AC1864,0,2,50
C689/1,T360,9:07:38,5,-1,1,AB5209,0,2,131
C693,C681,9:08:29,5,-1,1,AC1864,0,2,70
T336/2,T335,9:09:09,5,-1,1,AB5769,0,2,30
T360,T376/1,9:09:19,5,-1,1,AB5209,0,2,70
C681,C671,9:09:39,5,-1,-1,AC1864,0,2,50
T376/1,T363/1,9:10:52,5,-1,1,AB5209,0,2,83
C671,C695,9:11:23,5,-1,-1,AC1864,0,2,83
T338,T326/3,9:11:43,5,-1,-1,AB5769,0,2,60
T363/1,T306,9:12:03,5,-1,1,AB5209,0,2,40
T326/3,T332/2,9:12:44,5,-1,1,AB5769,0,2,50
T306,T318,9:12:44,5,-1,-1,AB5209,1,2,30
C695,C673,9:13:24,5,-1,-1,AC1864,0,2,101
C673,C672,9:14:05,5,-1,1,AC1864,0,2,30
T332/2,T325/2,9:14:25,5,-1,1,AB5769,0,2,50
T318,T319,9:14:25,5,-1,-1,AB5209,0,2,50
T325/2,T339/2,9:14:55,5,-1,1,AB5769,0,2,10
T319,T320,9:15:05,5,-1,-1,AB5209,0,2,30
T339/2,T313,9:16:36,5,-1,1,AB5769,0,2,70
T321/2,T323,9:16:47,5,-1,1,AB5209,0,2,20
T323,T324/2,9:17:17,5,-1,1,AB5209,0,2,10
C672,C670,9:17:27,5,-1,1,AC1864,0,2,161
T313,T315,9:17:37,5,-1,1,AB5769,0,2,20
C670,C679,9:17:57,5,-1,1,AC1864,0,2,20
T324/2,T327,9:19:08,5,-1,1,AB5209,0,2,80
T315,T375,9:19:18,5,-1,1,AB5769,0,2,70
C679,C694,9:19:49,5,-1,-1,AC1864,0,2,90
T327,T326/1,9:19:59,5,-1,1,AB5209,0,2,20
T375,T380,9:20:20,5,-1,1,AB5769,0,2,21
T380,T379,9:21:02,5,-1,1,AB5769,0,2,10
T326/1,T337,9:21:02,5,-1,1,AB5209,0,2,52
C694,C669/2,9:21:12,5,-1,-1,AC1864,0,2,52
T379,T359,9:21:54,5,-1,1,AB5769,0,2,20
T337,T336/2,9:22:04,5,-1,1,AB5209,0,2,30
C669/2,C687,9:22:35,5,-1,1,AC1864,0,2,30
T359,T355/1,9:23:25,5,-1,1,AB5769,0,2,60
C687,C675,9:23:55,5,-1,1,AC1864,0,2,60
C675,C668,9:24:26,5,-1,1,AC1864,0,2,20
C668,C678,9:24:46,5,-1,1,AC1864,0,2,10
C678,C665,9:25:17,5,-1,1,AC1864,0,2,20
C665,C663,9:25:47,5,-1,1,AC1864,0,2,20
C663,C661,9:26:28,5,-1,1,AC1864,0,2,30
T355/1,C688/1,9:26:48,5,-1,1,AB5769,0,2,192
C661,C659,9:26:58,5,-1,1,AC1864,0,2,20
C688/1,C691,9:28:19,5,-1,1,AB5769,0,2,30
C659,C656,9:28:29,5,-1,2,AC1864,0,2,30
C656,C654/2,9:29:30,5,-1,2,AC1864,0,2,50
C691,C652,9:30:10,5,-1,1,AB5769,0,2,70
C654/2,C653,9:31:34,5,-1,1,AC1864,0,2,104
C652,C655,9:31:54,5,-1,1,AB5769,0,2,33
C653,C692,9:32:55,5,-1,1,AC1864,0,2,50
C655,C657,9:33:05,5,-1,1,AB5769,0,2,60
C657,C660,9:34:16,5,-1,1,AB5769,0,2,40
C692,C689/1,9:34:56,5,-1,1,AC1864,0,2,80
C660,C662,9:35:16,5,-1,1,AB5769,0,2,30
C662,C664,9:36:07,5,-1,1,AB5769,0,2,30
C664,C677,9:36:58,5,-1,1,AB5769,1,2,40
C689/1,T360,9:37:08,5,-1,1,AC1864,0,2,101
C677,C667,9:37:28,5,-1,1,AB5769,0,2,20
T336/2,T335,9:37:38,5,-1,1,AB5209,0,2,40
C667,C676,9:38:18,5,-1,-1,AB5769,0,2,20
T360,T376/1,9:38:49,5,-1,1,AC1864,0,2,81
T338,T326/3,9:39:50,5,-1,-1,AB5209,0,2,60
C676,C680,9:39:50,5,-1,-1,AB5769,0,2,60
T326/3,T332/2,9:40:33,5,-1,1,AB5209,0,2,33
T376/1,T363/1,9:40:43,5,-1,1,AC1864,0,2,104
C680,C669/1,9:41:14,5,-1,3,AB5769,0,2,53
T363/1,T306,9:41:44,5,-1,1,AC1864,0,2,40
T332/2,T325/2,9:42:04,5,-1,1,AB5209,0,2,60
C669/1,C693,9:42:35,5,-1,3,AB5769,0,2,50
T306,T314/2,9:42:45,5,-1,-1,AC1864,0,2,30
T325/2,T339/2,9:42:55,5,-1,1,AB5209,0,2,20
C693,C681,9:44:26,5,-1,1,AB5769,0,2,80
T339/2,T313,9:44:36,5,-1,1,AB5209,0,2,70
T314/2,T319,9:45:16,5,-1,-1,AC1864,1,2,101
T313,T315,9:45:27,5,-1,1,AB5209,0,2,20
C681,C671,9:45:27,5,-1,-1,AB5769,0,2,50
T319,T320,9:46:07,5,-1,-1,AC1864,0,2,30
T315,T375,9:46:27,5,-1,1,AB5209,0,2,50
T320,T321/2,9:46:47,5,-1,-1,AC1864,0,2,10
T375,T380,9:47:08,5,-1,1,AB5209,0,2,30
C671,C695,9:47:18,5,-1,-1,AB5769,0,2,80
T321/2,T323,9:47:48,5,-1,1,AC1864,0,2,20
T380,T379,9:47:58,5,-1,1,AB5209,0,2,20
T323,T324/2,9:48:39,5,-1,1,AC1864,0,2,20
T379,T359,9:48:49,5,-1,1,AB5209,0,2,30
C695,C673,9:49:09,5,-1,-1,AB5769,0,2,80
T324/2,T327,9:49:39,5,-1,1,AC1864,0,2,50
C673,C672,9:49:50,5,-1,1,AB5769,0,2,30
T359,T355/1,9:50:00,5,-1,1,AB5209,0,2,60
T327,T326/1,9:50:10,5,-1,1,AC1864,0,2,20
T326/1,T337,9:51:34,5,-1,1,AC1864,0,2,64
T337,T336/2,9:52:15,5,-1,1,AC1864,0,2,30
C672,C670,9:53:05,5,-1,1,AB5769,0,2,135
C670,C679,9:54:06,5,-1,1,AB5769,0,2,40
C679,C694,9:55:37,5,-1,-1,AB5769,0,2,80
C688/1,C691,9:55:57,5,-1,1,AB5209,0,2,40
C694,C669/2,9:56:48,5,-1,-1,AB5769,0,2,50
C691,C652,9:57:28,5,-1,1,AB5209,0,2,70
C669/2,C687,9:57:58,5,-1,1,AB5769,0,2,40
C652,C655,9:58:39,5,-1,1,AB5209,0,2,40
C687,C675,9:59:19,5,-1,2,AB5769,0,2,70
C675,C668,9:59:50,5,-1,1,AB5769,0,2,20
C655,C657,10:00:00,5,-1,1,AB5209,0,2,70
C668,C665,10:00:43,5,-1,1,AB5769,1,2,43
C657,C660,10:01:14,5,-1,1,AB5209,0,2,53
C665,C663,10:01:14,5,-1,1,AB5769,0,2,20
C660,C662,10:01:54,5,-1,1,AB5209,0,2,20
C663,C661,10:01:54,5,-1,1,AB5769,0,2,30
C661,C659,10:02:56,5,-1,1,AB5769,0,2,41
C662,C666,10:03:16,5,-1,1,AB5209,1,2,51
C666,C677,10:03:37,5,-1,1,AB5209,0,2,10
C659,C656,10:04:07,5,-1,1,AB5769,0,2,40
C677,C667,10:04:17,5,-1,1,AB5209,0,2,20
C667,C676,10:04:37,5,-1,-1,AB5209,0,2,10
C656,C654/2,10:05:08,5,-1,1,AB5769,0,2,50
T336/2,T335,10:05:38,5,-1,1,AB5730,0,2,40
C676,C680,10:05:48,5,-1,-1,AB5209,0,2,60
T335,T338,10:06:18,5,-1,1,AB5730,0,2,10
C654/2,C653,10:06:18,5,-1,1,AB5769,0,2,40
T338,T326/3,10:07:49,5,-1,-1,AB5730,0,2,60
C653,C692,10:07:59,5,-1,1,AB5769,0,2,80
T326/3,T332/2,10:08:43,5,-1,1,AB5730,0,2,43
C692,C689/1,10:09:25,5,-1,1,AB5769,0,2,31
T332/2,T325/2,10:10:56,5,-1,1,AB5730,0,2,80
T325/2,T339/2,10:12:07,5,-1,1,AB5730,0,2,20
C689/1,T360,10:12:57,5,-1,1,AB5769,0,2,141
T339/2,T313,10:13:38,5,-1,1,AB5730,0,2,50
T313,T315,10:14:48,5,-1,1,AB5730,0,2,20
T360,T376/1,10:14:58,5,-1,1,AB5769,0,2,80
T315,T375,10:16:30,5,-1,1,AB5730,0,2,60
T376/1,T363/1,10:16:50,5,-1,1,AB5769,0,2,70
T375,T380,10:18:55,5,-1,1,AB5730,0,2,80
T363/1,T306,10:19:05,5,-1,1,AB5769,0,2,90
T380,T379,10:19:36,5,-1,1,AB5730,0,2,20
T306,T314/2,10:20:06,5,-1,-1,AB5769,0,2,40
T379,T359,10:20:26,5,-1,1,AB5730,0,2,20
T359,T355/1,10:21:27,5,-1,1,AB5730,0,2,50
T318,T319,10:21:57,5,-1,-1,AB5769,0,2,40
T319,T320,10:23:18,5,-1,-1,AB5769,0,2,60
T320,T321/2,10:24:09,5,-1,-1,AB5769,0,2,10
T321/2,T323,10:25:30,5,-1,1,AB5769,0,2,20
C688/1,C691,10:27:24,5,-1,1,AB5730,0,2,63
T324/2,T327,10:28:04,5,-1,1,AB5769,0,2,50
C691,C652,10:30:25,5,-1,1,AB5730,0,2,141
C652,C655,10:31:26,5,-1,1,AB5730,0,2,50
C655,C657,10:32:38,5,-1,1,AB5730,0,2,61
C669/1,C693,10:33:18,5,-1,-1,AB5209,0,2,61
T337,T336/2,10:33:38,5,-1,1,AB5769,0,2,30
C657,C660,10:33:49,5,-1,1,AB5730,0,2,50
C693,C681,10:34:39,5,-1,1,AB5209,0,2,70
C660,C662,10:34:59,5,-1,1,AB5730,0,2,20
C681,C671,10:35:42,5,-1,-1,AB5209,0,2,42
C662,C666,10:36:02,5,-1,1,AB5730,1,2,52
T336/2,T335,10:36:12,5,-1,1,AC1864,0,2,20
C666,C677,10:36:22,5,-1,1,AB5730,0,2,10
T335,T338,10:36:32,5,-1,1,AC1864,0,2,10
C677,C667,10:37:13,5,-1,1,AB5730,0,2,20
C671,C695,10:37:13,5,-1,-1,AB5209,0,2,80
T338,T326/3,10:38:14,5,-1,-1,AC1864,0,2,60
C667,C680,10:38:34,5,-1,-1,AB5730,1,2,70
T326/3,T332/2,10:39:04,5,-1,1,AC1864,0,2,30
C695,C673,10:39:14,5,-1,-1,AB5209,0,2,80
C673,C672,10:40:05,5,-1,1,AB5209,0,2,30
T332/2,T325/2,10:40:35,5,-1,1,AC1864,0,2,50
C680,C669/1,10:40:45,5,-1,1,AB5730,0,2,91
T325/2,T339/2,10:41:36,5,-1,1,AC1864,0,2,10
C669/1,C693,10:42:36,5,-1,1,AB5730,0,2,70
C672,C670,10:42:57,5,-1,1,AB5209,0,2,121
C670,C679,10:44:01,5,-1,1,AB5209,0,2,34
C693,C681,10:44:21,5,-1,1,AB5730,0,2,94
T339/2,T313,10:44:32,5,-1,1,AC1864,0,2,105
T313,T315,10:45:02,5,-1,1,AC1864,0,2,10
C681,C671,10:45:22,5,-1,-1,AB5730,0,2,50
C679,C694,10:45:42,5,-1,-1,AB5209,0,2,70
T315,T375,10:46:33,5,-1,1,AC1864,0,2,81
C694,C669/2,10:47:03,5,-1,-1,AB5209,0,2,40
C671,C695,10:47:14,5,-1,-1,AB5730,0,2,81
C669/2,C687,10:47:54,5,-1,1,AB5209,0,2,20
T375,T380,10:48:34,5,-1,1,AC1864,0,2,80
C695,C673,10:49:05,5,-1,-1,AB5730,0,2,101
T380,T379,10:49:35,5,-1,1,AC1864,0,2,10
C675,C668,10:49:35,5,-1,1,AB5209,0,2,20
T379,T359,10:50:05,5,-1,1,AC1864,0,2,20
C673,C672,10:50:05,5,-1,1,AB5730,0,2,40
C668,C678,10:50:16,5,-1,1,AB5209,0,2,10
C678,C665,10:50:46,5,-1,1,AB5209,0,2,20
T359,T355/1,10:51:16,5,-1,1,AC1864,0,2,60
C665,C663,10:51:16,5,-1,1,AB5209,0,2,20
C663,C661,10:51:47,5,-1,1,AB5209,0,2,20
C661,C659,10:52:17,5,-1,1,AB5209,0,2,20
C672,C670,10:53:28,5,-1,1,AB5730,0,2,171
C659,C656,10:53:58,5,-1,1,AB5209,0,2,50
C656,C654/2,10:54:59,5,-1,1,AB5209,0,2,50
C670,C694,10:55:49,5,-1,-1,AB5730,1,2,131
C654/2,C653,10:56:19,5,-1,1,AB5209,0,2,40
C688/1,C691,10:56:50,5,-1,1,AC1864,0,2,40
C694,C669/2,10:57:00,5,-1,-1,AB5730,0,2,60
C653,C692,10:57:10,5,-1,1,AB5209,0,2,40
C669/2,C687,10:57:42,5,-1,1,AB5730,0,2,21
C687,C675,10:59:03,5,-1,1,AB5730,0,2,60
C692,C689/1,10:59:23,5,-1,1,AB5209,0,2,90
C675,C668,10:59:33,5,-1,1,AB5730,0,2,20
C691,C652,10:59:43,5,-1,1,AC1864,0,2,131
C668,C678,10:59:53,5,-1,1,AB5730,0,2,10
C678,C665,11:00:44,5,-1,1,AB5730,0,2,30
C652,C655,11:00:54,5,-1,1,AC1864,0,2,40
C665,C663,11:01:14,5,-1,1,AB5730,0,2,20
C663,C661,11:02:05,5,-1,1,AB5730,0,2,40
C655,C657,11:02:25,5,-1,1,AC1864,0,2,81
C689/1,T360,11:02:35,5,-1,1,AB5209,0,2,141
C661,C659,11:02:56,5,-1,1,AB5730,0,2,30
C657,C660,11:03:36,5,-1,1,AC1864,0,2,60
T360,T376/1,11:03:36,5,-1,1,AB5209,0,2,20
C660,C662,11:04:27,5,-1,1,AC1864,0,2,20
C659,C656,11:04:37,5,-1,1,AB5730,0,2,40
C662,C664,11:04:57,5,-1,1,AC1864,0,2,20
T376/1,T363/1,11:04:57,5,-1,1,AB5209,0,2,71
C656,C654/2,11:05:38,5,-1,1,AB5730,0,2,50
C664,C666,11:05:48,5,-1,1,AC1864,0,2,20
C666,C677,11:06:18,5,-1,1,AC1864,0,2,20
T363/1,T306,11:06:28,5,-1,1,AB5209,0,2,50
C677,C667,11:06:59,5,-1,1,AC1864,0,2,20
C654/2,C653,11:06:59,5,-1,1,AB5730,0,2,50
C667,C676,11:07:29,5,-1,-1,AC1864,0,2,20
T306,T314/2,11:07:29,5,-1,-1,AB5209,0,2,30
C676,C680,11:08:30,5,-1,-1,AC1864,0,2,50
C653,C692,11:08:30,5,-1,1,AB5730,0,2,70
T314/2,T318,11:09:00,5,-1,-1,AB5209,0,2,10
T336/2,T335,11:09:45,5,-1,1,AB5769,0,2,45
C680,C669/1,11:09:45,5,-1,1,AC1864,0,2,45
C692,C689/1,11:09:45,5,-1,1,AB5730,0,2,10
T318,T320,11:10:46,5,-1,-1,AB5209,1,2,70
C669/1,C693,11:11:26,5,-1,1,AC1864,0,2,60
T335,T326/3,11:11:47,5,-1,-1,AB5769,1,2,80
T326/3,T332/2,11:12:47,5,-1,1,AB5769,0,2,50
C693,C681,11:12:47,5,-1,1,AC1864,0,2,70
T320,T321/2,11:13:48,5,-1,-1,AB5209,0,2,70
T332/2,T325/2,11:14:49,5,-1,1,AB5769,0,2,70
T321/2,T323,11:15:09,5,-1,1,AB5209,0,2,40
T325/2,T339/2,11:15:19,5,-1,1,AB5769,0,2,20
C681,C695,11:15:29,5,-1,-1,AC1864,1,2,131
T360,T376/1,11:15:29,5,-1,1,AB5730,0,2,40
T323,T324/2,11:15:29,5,-1,1,AB5209,0,2,10
T324/2,T327,11:16:54,5,-1,1,AB5209,0,2,54
T339/2,T313,11:17:34,5,-1,1,AB5769,0,2,95
T327,T326/1,11:17:55,5,-1,1,AB5209,0,2,30
C695,C673,11:18:05,5,-1,-1,AC1864,0,2,105
T376/1,T363/1,11:18:05,5,-1,1,AB5730,0,2,125
T313,T315,11:18:56,5,-1,1,AB5769,0,2,31
C673,C672,11:18:56,5,-1,1,AC1864,0,2,41
T326/1,T337,11:19:07,5,-1,1,AB5209,0,2,61
T363/1,T306,11:19:47,5,-1,1,AB5730,0,2,50
T337,T336/2,11:19:57,5,-1,1,AB5209,0,2,30
T315,T375,11:20:58,5,-1,1,AB5769,0,2,111
T306,T314/2,11:20:58,5,-1,-1,AB5730,0,2,50
T375,T380,11:22:29,5,-1,1,AB5769,0,2,40
C672,C670,11:22:29,5,-1,1,AC1864,0,2,151
T314/2,T318,11:22:39,5,-1,-1,AB5730,0,2,10
C670,C679,11:23:09,5,-1,1,AC1864,0,2,30
T380,T379,11:23:19,5,-1,1,AB5769,0,2,10
T318,T319,11:23:19,5,-1,-1,AB5730,0,2,10
T319,T320,11:24:20,5,-1,-1,AB5730,0,2,50
C679,C694,11:24:44,5,-1,-1,AC1864,0,2,84
T379,T355/1,11:25:24,5,-1,1,AB5769,1,2,84
T320,T321/2,11:25:34,5,-1,-1,AB5730,0,2,10
C694,C669/2,11:25:44,5,-1,-1,AC1864,0,2,50
T321/2,T323,11:26:56,5,-1,1,AB5730,0,2,31
C669/2,C687,11:27:16,5,-1,1,AC1864,0,2,30
T323,T324/2,11:27:36,5,-1,1,AB5730,0,2,10
C687,C675,11:28:27,5,-1,1,AC1864,0,2,50
T324/2,T327,11:29:07,5,-1,1,AB5730,0,2,60
C675,C668,11:29:17,5,-1,1,AC1864,0,2,20
T327,T326/1,11:29:48,5,-1,1,AB5730,0,2,20
C668,C678,11:29:58,5,-1,1,AC1864,0,2,20
C678,C665,11:30:38,5,-1,1,AC1864,0,2,10
C665,C663,11:30:59,5,-1,1,AC1864,0,2,10
C663,C661,11:31:39,5,-1,1,AC1864,0,2,20
T326/1,T337,11:31:39,5,-1,1,AB5730,0,2,81
C688/1,C691,11:32:10,5,-1,1,AB5769,0,2,71
C661,C659,11:32:32,5,-1,1,AC1864,0,2,42
T337,T336/2,11:32:42,5,-1,1,AB5730,0,2,31
C691,C652,11:33:22,5,-1,1,AB5769,0,2,50
C659,C656,11:34:04,5,-1,1,AC1864,0,2,51
C652,C655,11:34:44,5,-1,1,AB5769,0,2,40
C656,C654/2,11:35:04,5,-1,1,AC1864,0,2,50
C655,C657,11:36:25,5,-1,1,AB5769,0,2,91
C654/2,C653,11:36:35,5,-1,1,AC1864,0,2,70
C657,C660,11:37:36,5,-1,1,AB5769,0,2,60
C653,C692,11:38:16,5,-1,1,AC1864,0,2,40
C660,C662,11:38:26,5,-1,1,AB5769,0,2,30
C662,C664,11:38:57,5,-1,1,AB5769,0,2,20
C664,C666,11:39:37,5,-1,1,AB5769,0,2,20
C692,C689/1,11:39:37,5,-1,1,AC1864,0,2,50
C666,C677,11:39:58,5,-1,1,AB5769,0,2,10
C677,C667,11:40:38,5,-1,1,AB5769,0,2,20
C667,C676,11:40:58,5,-1,-1,AB5769,0,2,10
C676,C680,11:42:39,5,-1,-1,AB5769,0,2,90
C689/1,T360,11:43:10,5,-1,1,AC1864,0,2,171
C680,C669/1,11:43:44,5,-1,1,AB5769,0,2,54
C669/1,C693,11:45:15,5,-1,1,AB5769,0,2,70
T336/2,T335,11:46:07,5,-1,1,AB5209,0,2,20
T335,T338,11:46:27,5,-1,1,AB5209,0,2,10
C693,C681,11:46:37,5,-1,1,AB5769,0,2,71
C681,C671,11:47:38,5,-1,-1,AB5769,0,2,50
T338,T326/3,11:48:28,5,-1,-1,AB5209,0,2,70
T326/3,T332/2,11:49:09,5,-1,1,AB5209,0,2,30
C671,C695,11:49:09,5,-1,-1,AB5769,0,2,80
T363/1,T306,11:49:59,5,-1,1,AC1864,0,2,111
C695,C673,11:50:42,5,-1,-1,AB5769,0,2,72
T332/2,T325/2,11:50:52,5,-1,1,AB5209,0,2,83
T325/2,T339/2,11:51:22,5,-1,1,AB5209,0,2,20
C673,C672,11:51:53,5,-1,1,AB5769,0,2,30
T306,T314/2,11:52:23,5,-1,-1,AC1864,0,2,101
T339/2,T313,11:53:24,5,-1,1,AB5209,0,2,91
T313,T315,11:54:04,5,-1,1,AB5209,0,2,10
C672,C670,11:54:55,5,-1,1,AB5769,0,2,151
T318,T319,11:55:15,5,-1,-1,AC1864,0,2,101
T315,T375,11:55:25,5,-1,1,AB5209,0,2,60
C670,C679,11:55:45,5,-1,1,AB5769,0,2,40
T319,T320,11:56:56,5,-1,-1,AC1864,0,2,90
C679,C694,11:57:57,5,-1,-1,AB5769,0,2,80
T375,T379,11:58:07,5,-1,1,AB5209,1,2,101
T320,T321/2,11:58:07,5,-1,-1,AC1864,0,2,20
T379,T359,11:59:07,5,-1,1,AB5209,0,2,50
C694,C669/2,11:59:07,5,-1,-1,AB5769,0,2,40
T321/2,T323,11:59:58,5,-1,1,AC1864,0,2,60
C669/2,C687,12:00:18,5,-1,-1,AB5769,0,2,40
T323,T324/2,12:00:49,5,-1,1,AC1864,0,2,20
C687,C675,12:01:19,5,-1,1,AB5769,0,2,50
C675,C668,12:01:49,5,-1,1,AB5769,0,2,10
C668,C678,12:02:09,5,-1,1,AB5769,0,2,10
T324/2,T327,12:02:50,5,-1,1,AC1864,0,2,71
C678,C663,12:03:10,5,-1,1,AB5769,1,2,40
C663,C661,12:03:52,5,-1,1,AB5769,0,2,31
C688/1,C691,12:04:42,5,-1,1,AB5209,0,2,20
T327,T337,12:04:42,5,-1,1,AC1864,1,2,81
C661,C659,12:04:53,5,-1,1,AB5769,0,2,30
T337,T336/2,12:05:23,5,-1,1,AC1864,0,2,30
C659,C656,12:06:24,5,-1,1,AB5769,0,2,50
C691,C652,12:06:34,5,-1,1,AB5209,0,2,71
C656,C654/2,12:07:25,5,-1,1,AB5769,0,2,50
C652,C655,12:07:36,5,-1,1,AB5209,0,2,41
C655,C657,12:08:47,5,-1,1,AB5209,0,2,60
C654/2,C653,12:09:17,5,-1,1,AB5769,0,2,90
C657,C660,12:10:28,5,-1,1,AB5209,0,2,70
C653,C692,12:10:48,5,-1,1,AB5769,0,2,70
C660,C662,12:10:59,5,-1,1,AB5209,0,2,20
C662,C664,12:11:59,5,-1,1,AB5209,0,2,30
C692,C689/1,12:12:30,5,-1,1,AB5769,0,2,40
C664,C677,12:13:20,5,-1,1,AB5209,1,2,50
C677,C667,12:13:53,5,-1,1,AB5209,0,2,20
C667,C676,12:14:14,5,-1,-1,AB5209,0,2,10
C676,C680,12:15:14,5,-1,-1,AB5209,0,2,50
C689/1,T360,12:16:05,5,-1,1,AB5769,0,2,141
C680,C669/1,12:16:25,5,-1,1,AB5209,0,2,30
C669/1,C693,12:17:46,5,-1,1,AB5209,0,2,50
T360,T376/1,12:18:47,5,-1,1,AB5769,0,2,131
C693,C681,12:19:07,5,-1,1,AB5209,0,2,60
T376/1,T363/1,12:19:47,5,-1,1,AB5769,0,2,50
C681,C671,12:20:08,5,-1,-1,AB5209,0,2,50
T363/1,T306,12:21:08,5,-1,1,AB5769,0,2,60
C671,C695,12:21:39,5,-1,-1,AB5209,0,2,80
T306,T314/2,12:22:09,5,-1,-1,AB5769,0,2,40
T314/2,T318,12:22:49,5,-1,-1,AB5769,0,2,10
C695,C673,12:23:09,5,-1,-1,AB5209,0,2,80
T318,T319,12:23:33,5,-1,-1,AB5769,0,2,13
C673,C672,12:23:53,5,-1,1,AB5209,0,2,33
T336/2,T335,12:24:13,5,-1,1,AC1864,0,2,30
T335,T338,12:25:04,5,-1,1,AC1864,0,2,40
T319,T320,12:25:04,5,-1,-1,AB5769,0,2,60
T320,T321/2,12:25:34,5,-1,-1,AB5769,0,2,10
T338,T326/3,12:26:35,5,-1,-1,AC1864,0,2,70
T321/2,T323,12:26:55,5,-1,1,AB5769,0,2,30
C672,C670,12:27:15,5,-1,1,AB5209,0,2,121
T326/3,T332/2,12:27:25,5,-1,1,AC1864,0,2,30
T323,T324/2,12:27:35,5,-1,1,AB5769,0,2,10
C670,C679,12:27:56,5,-1,1,AB5209,0,2,30
T324/2,T327,12:28:46,5,-1,1,AB5769,0,2,60
C679,C694,12:29:17,5,-1,-1,AB5209,0,2,70
T327,T326/1,12:29:47,5,-1,1,AB5769,0,2,30
C694,C669/2,12:30:07,5,-1,-1,AB5209,0,2,30
T332/2,T325/2,12:30:37,5,-1,1,AC1864,0,2,151
C669/2,C687,12:31:08,5,-1,1,AB5209,0,2,30
T326/1,T337,12:31:08,5,-1,1,AB5769,0,2,50
T325/2,T339/2,12:31:38,5,-1,1,AC1864,0,2,30
T337,T336/2,12:31:48,5,-1,1,AB5769,0,2,30
C687,C675,12:32:54,5,-1,1,AB5209,0,2,55
T339/2,T313,12:33:15,5,-1,1,AC1864,0,2,65
C675,C668,12:33:25,5,-1,3,AB5209,0,2,20
C668,C678,12:33:45,5,-1,3,AB5209,0,2,10
C678,C665,12:34:15,5,-1,3,AB5209,0,2,20
T313,T315,12:34:37,5,-1,1,AC1864,0,2,51
C665,C663,12:34:37,5,-1,1,AB5209,0,2,11
C663,C661,12:35:17,5,-1,1,AB5209,0,2,30
C661,C659,12:35:47,5,-1,1,AB5209,0,2,20
T315,T375,12:36:18,5,-1,1,AC1864,0,2,80
C659,C656,12:36:58,5,-1,1,AB5209,0,2,40
T375,T380,12:37:28,5,-1,1,AC1864,0,2,20
T380,T379,12:37:59,5,-1,1,AC1864,0,2,10
C656,C654/2,12:37:59,5,-1,1,AB5209,0,2,50
T379,T359,12:39:20,5,-1,1,AC1864,0,2,60
C654/2,C653,12:39:30,5,-1,1,AB5209,0,2,50
T359,T355/1,12:40:32,5,-1,1,AC1864,0,2,61
C653,C692,12:42:03,5,-1,1,AB5209,0,2,112
C692,C689/1,12:43:04,5,-1,1,AB5209,0,2,10
C688/1,C691,12:45:45,5,-1,1,AC1864,0,2,40
C689/1,T360,12:46:16,5,-1,1,AB5209,0,2,172
T360,T376/1,12:47:37,5,-1,1,AB5209,0,2,30
C691,C652,12:48:17,5,-1,1,AC1864,0,2,91
C652,C655,12:49:28,5,-1,1,AC1864,0,2,30
T376/1,T363/1,12:49:38,5,-1,1,AB5209,0,2,50
C655,C657,12:50:39,5,-1,1,AC1864,0,2,60
C657,C660,12:51:40,5,-1,1,AC1864,0,2,40
C660,C662,12:53:13,5,-1,1,AC1864,0,2,30
C662,C664,12:53:44,5,-1,1,AC1864,0,2,21
C664,C666,12:54:04,5,-1,1,AC1864,0,2,10
T363/1,T306,12:54:04,5,-1,1,AB5209,0,2,134
C666,C677,12:54:35,5,-1,1,AC1864,0,2,10
C677,C667,12:54:55,5,-1,1,AC1864,0,2,10
C667,C676,12:55:25,5,-1,-1,AC1864,0,2,20
T336/2,T335,12:55:35,5,-1,1,AB5769,0,2,30
T335,T338,12:56:36,5,-1,1,AB5769,0,2,10
C676,C680,12:56:56,5,-1,-1,AC1864,0,2,60
T306,T314/2,12:56:56,5,-1,-1,AB5209,0,2,131
C680,C669/1,12:57:37,5,-1,-1,AC1864,0,2,20
T338,T326/3,12:58:07,5,-1,-1,AB5769,0,2,60
T326/3,T332/2,12:59:08,5,-1,1,AB5769,0,2,40
C669/1,C693,12:59:18,5,-1,-1,AC1864,0,2,70
T314/2,T318,12:59:18,5,-1,-1,AB5209,0,2,10
T318,T319,13:00:29,5,-1,-1,AB5209,0,2,10
C693,C671,13:01:29,5,-1,-1,AC1864,1,2,121
T319,T320,13:02:00,5,-1,-1,AB5209,0,2,81
T332/2,T325/2,13:02:42,5,-1,1,AB5769,0,2,173
C671,C695,13:03:02,5,-1,-1,AC1864,0,2,82
T320,T321/2,13:03:12,5,-1,-1,AB5209,0,2,10
T325/2,T339/2,13:03:33,5,-1,1,AB5769,0,2,20
T321/2,T323,13:04:34,5,-1,1,AB5209,0,2,30
C695,C673,13:04:54,5,-1,-1,AC1864,0,2,91
T323,T324/2,13:05:24,5,-1,1,AB5209,0,2,20
T339/2,T313,13:06:05,5,-1,1,AB5769,0,2,80
C673,C672,13:06:25,5,-1,1,AC1864,0,2,30
T324/2,T327,13:06:56,5,-1,1,AB5209,0,2,61
T313,T315,13:07:07,5,-1,1,AB5769,0,2,20
T327,T326/1,13:07:47,5,-1,1,AB5209,0,2,30
T315,T375,13:08:38,5,-1,1,AB5769,0,2,80
T326/1,T337,13:08:48,5,-1,1,AB5209,0,2,50
C672,C670,13:09:28,5,-1,1,AC1864,0,2,141
T337,T336/2,13:09:48,5,-1,1,AB5209,0,2,30
C670,C679,13:10:19,5,-1,1,AC1864,0,2,30
T375,T380,13:10:29,5,-1,1,AB5769,0,2,80
T380,T379,13:10:49,5,-1,1,AB5769,0,2,10
C679,C694,13:11:50,5,-1,-1,AC1864,0,2,80
T379,T359,13:12:00,5,-1,1,AB5769,0,2,50
C694,C669/2,13:12:33,5,-1,-1,AC1864,0,2,32
T359,T355/1,13:13:03,5,-1,-1,AB5769,0,2,53
C669/2,C687,13:13:54,5,-1,1,AC1864,0,2,20
C687,C675,13:15:25,5,-1,1,AC1864,0,2,60
C675,C668,13:15:55,5,-1,1,AC1864,0,2,20
C668,C678,13:16:16,5,-1,1,AC1864,0,2,10
C678,C665,13:16:46,5,-1,1,AC1864,0,2,20
C665,C663,13:17:06,5,-1,1,AC1864,0,2,10
C663,C661,13:18:07,5,-1,1,AC1864,0,2,30
C661,C659,13:18:37,5,-1,1,AC1864,0,2,20
C688/1,C691,13:19:08,5,-1,1,AB5769,0,2,60
C659,C656,13:20:49,5,-1,1,AC1864,0,2,61
C691,C652,13:21:20,5,-1,1,AB5769,0,2,91
C656,C654/2,13:22:11,5,-1,1,AC1864,0,2,51
C652,C655,13:22:32,5,-1,1,AB5769,0,2,31
C654/2,C653,13:23:14,5,-1,1,AC1864,0,2,31
C655,C657,13:23:44,5,-1,1,AB5769,0,2,51
C653,C692,13:24:56,5,-1,1,AC1864,0,2,72
C657,C660,13:25:06,5,-1,1,AB5769,0,2,52
C660,C662,13:25:37,5,-1,1,AB5769,0,2,20
C662,C664,13:26:17,5,-1,1,AB5769,0,2,30
C692,C689/1,13:26:17,5,-1,1,AC1864,0,2,40
C664,C666,13:27:08,5,-1,1,AB5769,0,2,20
C666,C667,13:27:58,5,-1,1,AB5769,1,2,40
C667,C676,13:28:29,5,-1,-1,AB5769,0,2,20
T336/2,T335,13:28:50,5,-1,1,AB5209,0,2,31
T335,T338,13:29:10,5,-1,1,AB5209,0,2,10
C676,C680,13:29:50,5,-1,-1,AB5769,0,2,60
C689/1,T360,13:30:01,5,-1,1,AC1864,0,2,142
T338,T326/3,13:30:21,5,-1,-1,AB5209,0,2,60
C680,C669/1,13:30:53,5,-1,1,AB5769,0,2,20
T326/3,T332/2,13:31:03,5,-1,1,AB5209,0,2,30
C669/1,C693,13:32:34,5,-1,1,AB5769,0,2,60
T360,T376/1,13:32:44,5,-1,1,AC1864,0,2,111
T332/2,T325/2,13:33:05,5,-1,1,AB5209,0,2,60
T325/2,T339/2,13:34:05,5,-1,1,AB5209,0,2,20
C693,C681,13:34:05,5,-1,1,AB5769,0,2,80
C681,C671,13:34:57,5,-1,-1,AB5769,0,2,41
T339/2,T313,13:35:27,5,-1,1,AB5209,0,2,71
T376/1,T363/1,13:35:58,5,-1,1,AC1864,0,2,183
C671,C695,13:36:38,5,-1,-1,AB5769,0,2,90
T313,T375,13:38:40,5,-1,1,AB5209,1,2,141
C695,C672,13:39:20,5,-1,1,AB5769,1,2,131
T363/1,T314/2,13:40:12,5,-1,-1,AC1864,1,2,193
T375,T380,13:40:22,5,-1,1,AB5209,0,2,71
T380,T379,13:41:14,5,-1,1,AB5209,0,2,20
T314/2,T318,13:42:05,5,-1,-1,AC1864,0,2,20
T379,T359,13:42:15,5,-1,1,AB5209,0,2,20
C672,C670,13:42:48,5,-1,1,AB5769,0,2,165
T318,T319,13:42:48,5,-1,-1,AC1864,0,2,10
T359,T355/1,13:43:38,5,-1,1,AB5209,0,2,60
C670,C679,13:44:39,5,-1,1,AB5769,0,2,30
T319,T320,13:45:19,5,-1,-1,AC1864,0,2,131
C679,C694,13:46:20,5,-1,-1,AB5769,0,2,80
T320,T321/2,13:46:43,5,-1,-1,AC1864,0,2,10
C694,C669/2,13:47:23,5,-1,-1,AB5769,0,2,50
T321/2,T323,13:48:24,5,-1,1,AC1864,0,2,30
C669/2,C687,13:48:34,5,-1,1,AB5769,0,2,40
C688/1,C691,13:49:14,5,-1,1,AB5209,0,2,50
T323,T324/2,13:49:25,5,-1,1,AC1864,0,2,10
C687,C675,13:50:15,5,-1,1,AB5769,0,2,60
C675,C668,13:50:49,5,-1,1,AB5769,0,2,10
C668,C678,13:51:10,5,-1,1,AB5769,0,2,10
T324/2,T327,13:51:10,5,-1,1,AC1864,0,2,54
C691,C652,13:51:30,5,-1,1,AB5209,0,2,104
C678,C665,13:51:40,5,-1,1,AB5769,0,2,20
T327,T326/1,13:52:10,5,-1,1,AC1864,0,2,30
C652,C655,13:52:34,5,-1,1,AB5209,0,2,33
C665,C661,13:52:54,5,-1,1,AB5769,1,2,63
T326/1,T337,13:53:14,5,-1,1,AC1864,0,2,53
C655,C657,13:53:24,5,-1,1,AB5209,0,2,40
C661,C659,13:53:24,5,-1,1,AB5769,0,2,20
T337,T336/2,13:54:05,5,-1,1,AC1864,0,2,30
C657,C660,13:54:45,5,-1,1,AB5209,0,2,60
C659,C656,13:55:16,5,-1,1,AB5769,0,2,60
C660,C662,13:55:36,5,-1,1,AB5209,0,2,20
C662,C664,13:56:07,5,-1,1,AB5209,0,2,20
C656,C654/2,13:56:17,5,-1,1,AB5769,0,2,50
C664,C677,13:56:57,5,-1,1,AB5209,1,2,40
C677,C667,13:57:48,5,-1,1,AB5209,0,2,20
C654/2,C653,13:57:48,5,-1,1,AB5769,0,2,71
C667,C676,13:58:09,5,-1,-1,AB5209,0,2,10
C676,C680,13:59:19,5,-1,-1,AB5209,0,2,60
C653,C692,13:59:40,5,-1,1,AB5769,0,2,90
C680,C669/1,14:00:20,5,-1,1,AB5209,0,2,40
C692,C689/1,14:01:12,5,-1,1,AB5769,0,2,30
C669/1,C693,14:02:13,5,-1,1,AB5209,0,2,50
C693,C681,14:03:56,5,-1,1,AB5209,0,2,72
C681,C671,14:05:17,5,-1,-1,AB5209,0,2,50
T336/2,T335,14:05:37,5,-1,1,AC1864,0,2,10
C689/1,T360,14:05:37,5,-1,1,AB5769,0,2,163
T335,T338,14:06:38,5,-1,1,AC1864,0,2,10
C671,C695,14:06:48,5,-1,-1,AB5209,0,2,80
T360,T376/1,14:07:28,5,-1,1,AB5769,0,2,80
T338,T326/3,14:08:19,5,-1,-1,AC1864,0,2,80
C695,C673,14:08:39,5,-1,-1,AB5209,0,2,101
T326/3,T332/2,14:09:20,5,-1,1,AC1864,0,2,50
T376/1,T363/1,14:10:00,5,-1,1,AB5769,0,2,142
C673,C672,14:10:10,5,-1,1,AB5209,0,2,60
T332/2,T325/2,14:10:51,5,-1,1,AC1864,0,2,70
T363/1,T306,14:11:42,5,-1,1,AB5769,0,2,60
T325/2,T339/2,14:11:52,5,-1,1,AC1864,0,2,20
C672,C670,14:13:12,5,-1,1,AB5209,0,2,131
T306,T314/2,14:13:33,5,-1,-1,AB5769,0,2,101
C670,C679,14:14:03,5,-1,1,AB5209,0,2,40
T339/2,T313,14:14:13,5,-1,1,AC1864,0,2,101
C679,C694,14:15:24,5,-1,-1,AB5209,0,2,70
T313,T315,14:15:34,5,-1,1,AC1864,0,2,20
T314/2,T318,14:15:34,5,-1,-1,AB5769,0,2,10
C694,C669/2,14:16:25,5,-1,-1,AB5209,0,2,40
T318,T319,14:16:25,5,-1,-1,AB5769,0,2,10
C669/2,C687,14:17:07,5,-1,1,AB5209,0,2,20
T315,T375,14:17:38,5,-1,1,AC1864,0,2,82
C687,C675,14:18:49,5,-1,1,AB5209,0,2,70
C675,C668,14:19:19,5,-1,1,AB5209,0,2,10
T375,T380,14:19:39,5,-1,1,AC1864,0,2,50
C668,C678,14:19:49,5,-1,1,AB5209,0,2,20
C678,C665,14:20:20,5,-1,1,AB5209,0,2,20
C665,C663,14:20:55,5,-1,1,AB5209,0,2,20
T380,T379,14:21:05,5,-1,1,AC1864,0,2,20
C663,C661,14:21:36,5,-1,1,AB5209,0,2,20
T320,T321/2,14:21:46,5,-1,-1,AB5769,0,2,10
T379,T359,14:21:56,5,-1,1,AC1864,0,2,20
C661,C659,14:22:16,5,-1,1,AB5209,0,2,30
T359,T355/1,14:22:57,5,-1,1,AC1864,0,2,50
T321/2,T323,14:22:57,5,-1,1,AB5769,0,2,30
C659,C656,14:23:27,5,-1,1,AB5209,0,2,50
T323,T324/2,14:23:59,5,-1,1,AB5769,0,2,31
C656,C654/2,14:24:30,5,-1,1,AB5209,0,2,51
T324/2,T327,14:26:01,5,-1,1,AB5769,0,2,61
C654/2,C653,14:26:12,5,-1,1,AB5209,0,2,61
T327,T326/1,14:26:42,5,-1,1,AB5769,0,2,20
C653,C692,14:28:13,5,-1,1,AB5209,0,2,70
T326/1,T337,14:28:23,5,-1,1,AB5769,0,2,70
C688/1,C691,14:29:13,5,-1,1,AC1864,0,2,70
C692,C689/1,14:29:24,5,-1,1,AB5209,0,2,20
T337,T336/2,14:29:24,5,-1,1,AB5769,0,2,30
C691,C652,14:31:46,5,-1,1,AC1864,0,2,91
C652,C655,14:32:47,5,-1,1,AC1864,0,2,30
C689/1,T360,14:33:17,5,-1,1,AB5209,0,2,112
C655,C657,14:33:57,5,-1,1,AC1864,0,2,60
T360,T376/1,14:34:18,5,-1,1,AB5209,0,2,20
C657,C660,14:35:08,5,-1,1,AC1864,0,2,30
T376/1,T363/1,14:36:09,5,-1,1,AB5209,0,2,101
C660,C662,14:36:39,5,-1,1,AC1864,0,2,20
C662,C664,14:37:10,5,-1,1,AC1864,0,2,20
C664,C666,14:37:33,5,-1,1,AC1864,0,2,12
T363/1,T306,14:37:43,5,-1,2,AB5209,0,2,63
C666,C677,14:37:53,5,-1,1,AC1864,0,2,10
C677,C667,14:38:33,5,-1,1,AC1864,0,2,20
T306,T314/2,14:38:33,5,-1,-1,AB5209,0,2,40
C667,C676,14:39:14,5,-1,-1,AC1864,0,2,10
T314/2,T318,14:39:44,5,-1,-1,AB5209,0,2,10
T318,T319,14:40:14,5,-1,-1,AB5209,0,2,10
C676,C680,14:40:35,5,-1,-1,AC1864,0,2,50
T336/2,T335,14:40:55,5,-1,1,AB5769,0,2,40
C680,C669/1,14:41:50,5,-1,1,AC1864,0,2,44
T335,T338,14:42:10,5,-1,1,AB5769,0,2,10
T319,T320,14:42:30,5,-1,-1,AB5209,0,2,125
T338,T326/3,14:43:52,5,-1,-1,AB5769,0,2,61
C669/1,C693,14:44:22,5,-1,1,AC1864,0,2,102
T320,T321/2,14:44:53,5,-1,-1,AB5209,0,2,20
T326/3,T332/2,14:45:03,5,-1,1,AB5769,0,2,30
C693,C681,14:45:54,5,-1,1,AC1864,0,2,70
T321/2,T323,14:45:54,5,-1,1,AB5209,0,2,30
C681,C671,14:46:49,5,-1,-1,AC1864,0,2,45
T332/2,T325/2,14:47:09,5,-1,1,AB5769,0,2,65
T325/2,T339/2,14:48:03,5,-1,2,AB5769,0,2,43
T323,T324/2,14:48:33,5,-1,1,AB5209,0,2,50
C671,C695,14:48:44,5,-1,-1,AC1864,0,2,83
T339/2,T313,14:50:04,5,-1,3,AB5769,0,2,80
C695,C672,14:51:17,5,-1,1,AC1864,1,2,123
T313,T315,14:51:28,5,-1,2,AB5769,0,2,20
T324/2,T327,14:51:52,5,-1,1,AB5209,0,2,137
T327,T326/1,14:52:33,5,-1,1,AB5209,0,2,31
T315,T375,14:53:04,5,-1,1,AB5769,0,2,61
T326/1,T337,14:53:34,5,-1,1,AB5209,0,2,50
C672,C670,14:53:55,5,-1,1,AC1864,0,2,123
T337,T336/2,14:54:15,5,-1,1,AB5209,0,2,30
C670,C679,14:54:37,5,-1,1,AC1864,0,2,31
T375,T380,14:55:17,5,-1,1,AB5769,0,2,30
C679,C694,14:56:08,5,-1,-1,AC1864,0,2,80
T380,T379,14:56:18,5,-1,1,AB5769,0,2,10
C694,C669/2,14:56:59,5,-1,-1,AC1864,0,2,40
T379,T359,14:57:19,5,-1,1,AB5769,0,2,20
C669/2,C687,14:58:09,5,-1,1,AC1864,0,2,20
T359,T355/1,14:58:40,5,-1,1,AB5769,0,2,70
C687,C675,14:59:41,5,-1,1,AC1864,0,2,61
C675,C668,15:00:22,5,-1,1,AC1864,0,2,20
C668,C678,15:00:42,5,-1,1,AC1864,0,2,10
C678,C665,15:01:13,5,-1,1,AC1864,0,2,20
C665,C663,15:01:34,5,-1,1,AC1864,0,2,11
C663,C661,15:02:35,5,-1,1,AC1864,0,2,31
C661,C659,15:03:06,5,-1,1,AC1864,0,2,20
C688/1,C691,15:04:57,5,-1,1,AB5769,0,2,20
C659,C656,15:05:37,5,-1,1,AC1864,0,2,70
C656,C654/2,15:06:48,5,-1,1,AC1864,0,2,60
C691,C652,15:07:18,5,-1,1,AB5769,0,2,121
C654/2,C653,15:08:09,5,-1,1,AC1864,0,2,60
C652,C655,15:08:39,5,-1,1,AB5769,0,2,30
C653,C692,15:09:24,5,-1,1,AC1864,0,2,44
C655,C657,15:09:54,5,-1,1,AB5769,0,2,50
C657,C660,15:10:55,5,-1,1,AB5769,0,2,50
C692,C689/1,15:10:55,5,-1,1,AC1864,0,2,60
C660,C662,15:11:55,5,-1,1,AB5769,0,2,30
C662,C664,15:12:36,5,-1,1,AB5769,0,2,30
C664,C666,15:13:06,5,-1,1,AB5769,0,2,20
C666,C677,15:13:37,5,-1,1,AB5769,0,2,20
C677,C667,15:14:27,5,-1,1,AB5769,0,2,20
C667,C676,15:15:28,5,-1,-1,AB5769,0,2,20
T336/2,T335,15:16:08,5,-1,1,AB5209,0,2,20
T335,T338,15:17:19,5,-1,1,AB5209,0,2,20
T360,T376/1,15:17:29,5,-1,1,AC1864,0,2,80
C680,C669/1,15:18:10,5,-1,1,AB5769,0,2,30
T338,T326/3,15:18:53,5,-1,-1,AB5209,0,2,53
T376/1,T363/1,15:19:14,5,-1,2,AC1864,0,2,94
T326/3,T332/2,15:19:44,5,-1,1,AB5209,0,2,40
C669/1,C693,15:19:54,5,-1,1,AB5769,0,2,60
C693,C681,15:21:25,5,-1,1,AB5769,0,2,80
C681,C671,15:22:26,5,-1,-1,AB5769,0,2,50
T332/2,T325/2,15:22:46,5,-1,1,AB5209,0,2,111
T363/1,T306,15:23:06,5,-1,2,AC1864,0,2,71
T325/2,T339/2,15:23:37,5,-1,1,AB5209,0,2,20
C671,C695,15:24:19,5,-1,-1,AB5769,0,2,92
T339/2,T313,15:25:50,5,-1,1,AB5209,0,2,90
C695,C673,15:26:10,5,-1,-1,AB5769,0,2,101
T306,T318,15:26:20,5,-1,-1,AC1864,1,2,162
T313,T315,15:26:52,5,-1,2,AB5209,0,2,20
C673,C672,15:27:02,5,-1,1,AB5769,0,2,30
T318,T319,15:28:12,5,-1,-1,AC1864,0,2,101
T315,T375,15:29:43,5,-1,1,AB5209,0,2,131
T319,T320,15:29:43,5,-1,-1,AC1864,0,2,50
C672,C670,15:29:53,5,-1,1,AB5769,0,2,141
T375,T380,15:30:54,5,-1,1,AB5209,0,2,20
C670,C679,15:30:54,5,-1,1,AB5769,0,2,20
T320,T321/2,15:31:15,5,-1,-1,AC1864,0,2,10
T380,T379,15:31:45,5,-1,1,AB5209,0,2,10
T321/2,T323,15:32:25,5,-1,1,AC1864,0,2,30
T379,T359,15:32:56,5,-1,1,AB5209,0,2,40
C679,C694,15:32:56,5,-1,-1,AB5769,0,2,91
T323,T324/2,15:33:46,5,-1,1,AC1864,0,2,20
C694,C669/2,15:33:57,5,-1,-1,AB5769,0,2,40
T359,T355/1,15:34:07,5,-1,1,AB5209,0,2,60
C669/2,C687,15:34:57,5,-1,1,AB5769,0,2,30
T324/2,T327,15:35:38,5,-1,1,AC1864,0,2,90
C687,C675,15:36:18,5,-1,1,AB5769,0,2,70
T327,T326/1,15:36:39,5,-1,1,AC1864,0,2,30
C675,C668,15:36:59,5,-1,1,AB5769,0,2,20
C668,C678,15:37:19,5,-1,1,AB5769,0,2,10
T326/1,T337,15:37:39,5,-1,1,AC1864,0,2,50
C678,C665,15:37:49,5,-1,1,AB5769,0,2,20
C665,C663,15:38:10,5,-1,1,AB5769,0,2,10
T337,T336/2,15:38:43,5,-1,1,AC1864,0,2,23
C663,C661,15:38:53,5,-1,1,AB5769,0,2,33
C661,C659,15:39:44,5,-1,1,AB5769,0,2,40
C688/1,C691,15:40:34,5,-1,1,AB5209,0,2,30
C659,C656,15:41:55,5,-1,1,AB5769,0,2,50
C691,C652,15:42:21,5,-1,1,AB5209,0,2,75
C656,C654/2,15:43:02,5,-1,1,AB5769,0,2,41
C652,C655,15:43:33,5,-1,1,AB5209,0,2,30
C654/2,C653,15:44:13,5,-1,1,AB5769,0,2,40
C655,C657,15:44:54,5,-1,1,AB5209,0,2,71
C657,C660,15:46:15,5,-1,1,AB5209,0,2,60
C653,C692,15:46:45,5,-1,1,AB5769,0,2,70
C660,C662,15:47:16,5,-1,1,AB5209,0,2,10
C662,C664,15:47:57,5,-1,1,AB5209,0,2,31
C692,C689/1,15:47:57,5,-1,1,AB5769,0,2,20
C664,C666,15:48:38,5,-1,1,AB5209,0,2,20
C666,C677,15:49:18,5,-1,1,AB5209,0,2,30
C677,C667,15:49:59,5,-1,1,AB5209,0,2,30
T335,T326/3,15:50:10,5,-1,-1,AC1864,1,2,92
C667,C676,15:50:20,5,-1,-1,AB5209,0,2,10
T326/3,T332/2,15:51:13,5,-1,2,AC1864,0,2,40
C676,C680,15:51:23,5,-1,-1,AB5209,0,2,50
C689/1,T360,15:51:33,5,-1,1,AB5769,0,2,124
C680,C669/1,15:52:34,5,-1,1,AB5209,0,2,30
T360,T376/1,15:52:54,5,-1,1,AB5769,0,2,20
T332/2,T325/2,15:54:00,5,-1,1,AC1864,0,2,136
T325/2,T339/2,15:55:12,5,-1,2,AC1864,0,2,20
C669/1,C681,15:55:12,5,-1,1,AB5209,1,2,137
C681,C671,15:56:02,5,-1,-1,AB5209,0,2,40
T376/1,T363/1,15:56:12,5,-1,1,AB5769,0,2,147
T339/2,T313,15:57:23,5,-1,1,AC1864,0,2,80
C671,C695,15:57:34,5,-1,-1,AB5209,0,2,81
C695,C673,15:59:15,5,-1,-1,AB5209,0,2,91
T313,T315,15:59:26,5,-1,1,AC1864,0,2,20
T363/1,T306,15:59:56,5,-1,1,AB5769,0,2,153
C673,C672,16:00:16,5,-1,1,AB5209,0,2,40
T315,T375,16:00:57,5,-1,1,AC1864,0,2,70
T375,T380,16:02:18,5,-1,1,AC1864,0,2,20
C672,C670,16:02:28,5,-1,1,AB5209,0,2,111
T306,T314/2,16:02:48,5,-1,-1,AB5769,0,2,151
C670,C679,16:03:08,5,-1,1,AB5209,0,2,30
T380,T379,16:03:18,5,-1,1,AC1864,0,2,20
T318,T319,16:04:59,5,-1,-1,AB5769,0,2,10
T379,T359,16:05:09,5,-1,1,AC1864,0,2,40
C679,C694,16:05:09,5,-1,-1,AB5209,0,2,80
C694,C669/2,16:06:01,5,-1,-1,AB5209,0,2,40
T359,T355/1,16:06:44,5,-1,1,AC1864,0,2,63
T319,T320,16:07:04,5,-1,-1,AB5769,0,2,104
C669/2,C687,16:07:35,5,-1,1,AB5209,0,2,30
T320,T321/2,16:08:26,5,-1,-1,AB5769,0,2,10
C687,C675,16:08:56,5,-1,1,AB5209,0,2,70
C675,C668,16:09:26,5,-1,1,AB5209,0,2,10
T321/2,T323,16:10:07,5,-1,1,AB5769,0,2,50
C668,C678,16:10:17,5,-1,1,AB5209,0,2,20
T323,T324/2,16:11:18,5,-1,1,AB5769,0,2,10
C678,C663,16:11:28,5,-1,1,AB5209,1,2,50
C663,C661,16:12:08,5,-1,1,AB5209,0,2,30
C661,C659,16:12:59,5,-1,1,AB5209,0,2,30
C688/1,C691,16:13:19,5,-1,1,AC1864,0,2,70
T324/2,T327,16:13:29,5,-1,1,AB5769,0,2,60
C659,C656,16:14:33,5,-1,1,AB5209,0,2,53
C691,C652,16:14:53,5,-1,1,AC1864,0,2,53
T327,T337,16:15:44,5,-1,1,AB5769,1,2,104
C656,C654/2,16:15:55,5,-1,1,AB5209,0,2,62
C652,C655,16:16:16,5,-1,1,AC1864,0,2,31
T337,T336/2,16:16:16,5,-1,1,AB5769,0,2,20
C654/2,C653,16:17:07,5,-1,1,AB5209,0,2,40
C655,C657,16:17:37,5,-1,1,AC1864,0,2,60
C657,C660,16:18:28,5,-1,1,AC1864,0,2,40
C653,C692,16:18:48,5,-1,2,AB5209,0,2,70
C660,C662,16:19:18,5,-1,1,AC1864,0,2,20
C662,C664,16:19:59,5,-1,1,AC1864,0,2,30
C692,C689/1,16:20:29,5,-1,1,AB5209,0,2,30
C664,C666,16:20:39,5,-1,1,AC1864,0,2,20
C666,C677,16:20:59,5,-1,1,AC1864,0,2,10
T336/2,T335,16:22:02,5,-1,1,AB5769,0,2,30
C677,C676,16:22:12,5,-1,-1,AC1864,1,2,40
C676,C680,16:23:44,5,-1,-1,AC1864,0,2,60
T338,T326/3,16:24:04,5,-1,-1,AB5769,0,2,50
C689/1,T360,16:24:24,5,-1,1,AB5209,0,2,162
C680,C669/1,16:24:55,5,-1,1,AC1864,0,2,40
T326/3,T332/2,16:25:46,5,-1,1,AB5769,0,2,71
T360,T376/1,16:26:47,5,-1,1,AB5209,0,2,40
C669/1,C693,16:27:58,5,-1,1,AC1864,0,2,60
T376/1,T363/1,16:28:08,5,-1,2,AB5209,0,2,70
T332/2,T325/2,16:29:39,5,-1,1,AB5769,0,2,182
C693,C681,16:29:39,5,-1,1,AC1864,0,2,70
C681,C671,16:30:40,5,-1,-1,AC1864,0,2,40
T325/2,T339/2,16:31:00,5,-1,1,AB5769,0,2,30
T363/1,T306,16:31:00,5,-1,2,AB5209,0,2,131
C671,C695,16:32:45,5,-1,-1,AC1864,0,2,95
T306,T314/2,16:33:05,5,-1,-1,AB5209,0,2,105
T339/2,T313,16:33:15,5,-1,1,AB5769,0,2,101
C695,C673,16:34:17,5,-1,-1,AC1864,0,2,81
T313,T315,16:34:27,5,-1,1,AB5769,0,2,10
C673,C672,16:35:07,5,-1,1,AC1864,0,2,30
T314/2,T318,16:35:07,5,-1,-1,AB5209,0,2,20
T318,T319,16:36:08,5,-1,-1,AB5209,0,2,10
T315,T375,16:37:19,5,-1,1,AB5769,0,2,101
T319,T320,16:37:29,5,-1,-1,AB5209,0,2,40
C672,C670,16:38:09,5,-1,1,AC1864,0,2,141
C670,C679,16:38:50,5,-1,1,AC1864,0,2,30
T320,T321/2,16:39:00,5,-1,-1,AB5209,0,2,20
T375,T380,16:39:41,5,-1,1,AB5769,0,2,61
T380,T379,16:40:32,5,-1,1,AB5769,0,2,10
C679,C694,16:40:32,5,-1,-1,AC1864,0,2,81
T321/2,T323,16:40:32,5,-1,1,AB5209,0,2,40
C694,C669/2,16:41:23,5,-1,-1,AC1864,0,2,40
T379,T359,16:41:33,5,-1,1,AB5769,0,2,20
T323,T324/2,16:41:43,5,-1,1,AB5209,0,2,10
T359,T355/1,16:42:58,5,-1,1,AB5769,0,2,40
C669/2,C687,16:43:08,5,-1,1,AC1864,0,2,30
T324/2,T327,16:43:08,5,-1,1,AB5209,0,2,50
T327,T326/1,16:44:08,5,-1,1,AB5209,0,2,30
C687,C675,16:44:29,5,-1,1,AC1864,0,2,70
T326/1,T337,16:45:29,5,-1,1,AB5209,0,2,70
C675,C668,16:45:39,5,-1,1,AC1864,0,2,20
C668,C678,16:46:00,5,-1,1,AC1864,0,2,10
T337,T336/2,16:46:20,5,-1,1,AB5209,0,2,40
C678,C665,16:46:40,5,-1,1,AC1864,0,2,30
C665,C663,16:47:11,5,-1,1,AC1864,0,2,20
C663,C661,16:48:34,5,-1,1,AC1864,0,2,30
C661,C659,16:49:14,5,-1,1,AC1864,0,2,30
C688/1,C691,16:49:36,5,-1,1,AB5769,0,2,32
C659,C656,16:50:57,5,-1,1,AC1864,0,2,50
C691,C652,16:51:07,5,-1,1,AB5769,0,2,60
C652,C655,16:52:28,5,-1,1,AB5769,0,2,40
C656,C654/2,16:52:38,5,-1,1,AC1864,0,2,60
C655,C657,16:53:39,5,-1,1,AB5769,0,2,60
C654/2,C653,16:54:19,5,-1,1,AC1864,0,2,50
C657,C660,16:54:50,5,-1,1,AB5769,0,2,40
C660,C662,16:55:42,5,-1,1,AB5769,0,2,10
C653,C692,16:55:42,5,-1,1,AC1864,0,2,52
C662,C664,16:56:22,5,-1,1,AB5769,0,2,30
C692,C689/1,16:57:03,5,-1,1,AC1864,0,2,30
C664,C666,16:57:13,5,-1,1,AB5769,0,2,20
C666,C677,16:57:54,5,-1,1,AB5769,0,2,31
T336/2,T335,16:58:05,5,-1,1,AB5209,0,2,20
T335,T338,16:58:45,5,-1,1,AB5209,0,2,10
C677,C667,16:58:45,5,-1,1,AB5769,0,2,20
C667,C676,16:59:36,5,-1,-1,AB5769,0,2,20
T338,T326/3,16:59:56,5,-1,-1,AB5209,0,2,50
C676,C680,17:00:47,5,-1,-1,AB5769,0,2,50
C689/1,T360,17:00:47,5,-1,1,AC1864,0,2,162
T326/3,T332/2,17:01:07,5,-1,1,AB5209,0,2,50
C680,C669/1,17:02:48,5,-1,1,AB5769,0,2,90
C669/1,C693,17:04:29,5,-1,1,AB5769,0,2,60
T332/2,T325/2,17:04:39,5,-1,1,AB5209,0,2,161
T360,T363/1,17:04:59,5,-1,1,AC1864,1,2,191
T325/2,T339/2,17:05:32,5,-1,1,AB5209,0,2,32
C693,C681,17:05:42,5,-1,1,AB5769,0,2,62
C681,C671,17:06:42,5,-1,-1,AB5769,0,2,50
T363/1,T306,17:07:13,5,-1,1,AC1864,0,2,60
T339/2,T313,17:08:13,5,-1,1,AB5209,0,2,111
C671,C695,17:08:34,5,-1,-1,AB5769,0,2,80
T306,T314/2,17:08:34,5,-1,-1,AC1864,0,2,70
T313,T315,17:09:04,5,-1,1,AB5209,0,2,20
C695,C673,17:10:25,5,-1,-1,AB5769,0,2,80
T315,T375,17:10:36,5,-1,1,AB5209,0,2,81
T318,T319,17:10:36,5,-1,-1,AC1864,0,2,11
C673,C672,17:11:27,5,-1,1,AB5769,0,2,30
T319,T320,17:11:37,5,-1,-1,AC1864,0,2,40
T375,T380,17:11:57,5,-1,1,AB5209,0,2,20
T380,T379,17:12:58,5,-1,1,AB5209,0,2,20
T320,T321/2,17:13:18,5,-1,-1,AC1864,0,2,20
C672,C670,17:14:08,5,-1,1,AB5769,0,2,121
T321/2,T323,17:14:29,5,-1,1,AC1864,0,2,30
T379,T359,17:14:39,5,-1,1,AB5209,0,2,60
C670,C679,17:14:49,5,-1,1,AB5769,0,2,30
T323,T324/2,17:15:19,5,-1,1,AC1864,0,2,10
C679,C694,17:16:10,5,-1,-1,AB5769,0,2,70
T359,T355/1,17:16:20,5,-1,1,AB5209,0,2,80
T324/2,T327,17:17:45,5,-1,1,AC1864,0,2,95
C694,C669/2,17:17:55,5,-1,-1,AB5769,0,2,70
C669/2,C687,17:19:06,5,-1,1,AB5769,0,2,30
T327,T337,17:19:37,5,-1,1,AC1864,1,2,91
T337,T336/2,17:20:17,5,-1,1,AC1864,0,2,30
C687,C675,17:20:37,5,-1,1,AB5769,0,2,60
C675,C668,17:21:28,5,-1,1,AB5769,0,2,20
C688/1,C691,17:21:58,5,-1,1,AB5209,0,2,50
C668,C678,17:21:58,5,-1,1,AB5769,0,2,20
C678,C663,17:23:19,5,-1,1,AB5769,1,2,50
C663,C661,17:23:59,5,-1,1,AB5769,0,2,20
C691,C652,17:24:33,5,-1,1,AB5209,0,2,104
C661,C659,17:25:04,5,-1,1,AB5769,0,2,30
C652,C655,17:25:44,5,-1,1,AB5209,0,2,30
C655,C657,17:26:45,5,-1,1,AB5209,0,2,50
C659,C654/2,17:27:25,5,-1,1,AB5769,1,2,90
C657,C660,17:27:35,5,-1,1,AB5209,0,2,40
C660,C662,17:28:26,5,-1,1,AB5209,0,2,30
C654/2,C653,17:28:46,5,-1,1,AB5769,0,2,40
C662,C666,17:29:27,5,-1,1,AB5209,1,2,50
C666,C677,17:29:47,5,-1,1,AB5209,0,2,10
C677,C676,17:30:38,5,-1,-1,AB5209,1,2,40
C653,C692,17:30:38,5,-1,1,AB5769,0,2,101
T336/2,T335,17:30:48,5,-1,1,AC1864,0,2,30
C676,C680,17:31:38,5,-1,-1,AB5209,0,2,50
T335,T338,17:32:09,5,-1,1,AC1864,0,2,50
C680,C669/1,17:32:19,5,-1,1,AB5209,0,2,30
T338,T326/3,17:33:40,5,-1,-1,AC1864,0,2,70
C669/1,C693,17:34:00,5,-1,1,AB5209,0,2,60
T326/3,T332/2,17:35:21,5,-1,1,AC1864,0,2,80
C693,C681,17:35:21,5,-1,1,AB5209,0,2,70
C681,C671,17:36:13,5,-1,-1,AB5209,0,2,40
T332/2,T325/2,17:37:03,5,-1,1,AC1864,0,2,91
C671,C695,17:38:04,5,-1,-1,AB5209,0,2,80
T360,T376/1,17:38:04,5,-1,1,AB5769,0,2,111
T325/2,T339/2,17:38:14,5,-1,1,AC1864,0,2,40
C695,C673,17:40:05,5,-1,-1,AB5209,0,2,90
T339/2,T313,17:40:26,5,-1,1,AC1864,0,2,101
T376/1,T363/1,17:40:56,5,-1,1,AB5769,0,2,161
C673,C672,17:41:16,5,-1,1,AB5209,0,2,40
T313,T315,17:41:57,5,-1,1,AC1864,0,2,30
T363/1,T306,17:43:08,5,-1,1,AB5769,0,2,70
C672,C670,17:43:38,5,-1,1,AB5209,0,2,111
T315,T375,17:44:08,5,-1,1,AC1864,0,2,80
C670,C679,17:44:18,5,-1,1,AB5209,0,2,30
T306,T314/2,17:45:50,5,-1,-1,AB5769,0,2,141
T375,T380,17:46:10,5,-1,1,AC1864,0,2,40
C679,C694,17:46:35,5,-1,-1,AB5209,0,2,75
T380,T379,17:46:55,5,-1,1,AC1864,0,2,20
C694,C669/2,17:47:46,5,-1,-1,AB5209,0,2,40
T379,T359,17:47:56,5,-1,1,AC1864,0,2,30
C669/2,C687,17:48:57,5,-1,-1,AB5209,0,2,20
T359,T355/1,17:49:18,5,-1,1,AC1864,0,2,61
C687,C675,17:50:28,5,-1,1,AB5209,0,2,70
T319,T320,17:50:38,5,-1,-1,AB5769,0,2,111
C675,C668,17:51:29,5,-1,1,AB5209,0,2,20
C668,C678,17:51:49,5,-1,1,AB5209,0,2,10
C678,C665,17:52:20,5,-1,1,AB5209,0,2,20
C665,C663,17:52:44,5,-1,1,AB5209,0,2,10
T321/2,T323,17:52:54,5,-1,1,AB5769,0,2,20
C663,C661,17:53:24,5,-1,1,AB5209,0,2,30
C661,C659,17:53:54,5,-1,1,AB5209,0,2,20
T323,T324/2,17:53:54,5,-1,1,AB5769,0,2,10
C659,C656,17:55:26,5,-1,1,AB5209,0,2,50
T324/2,T327,17:55:36,5,-1,1,AB5769,0,2,71
C688/1,C691,17:56:16,5,-1,1,AC1864,0,2,50
T327,T326/1,17:56:26,5,-1,1,AB5769,0,2,20
C656,C654/2,17:56:47,5,-1,1,AB5209,0,2,40
T326/1,T337,17:57:37,5,-1,1,AB5769,0,2,60
C654/2,C653,17:58:08,5,-1,1,AB5209,0,2,50
T337,T336/2,17:58:38,5,-1,1,AB5769,0,2,30
C691,C652,17:58:48,5,-1,1,AC1864,0,2,101
C652,C655,18:00:09,5,-1,1,AC1864,0,2,30
C655,C657,18:01:00,5,-1,1,AC1864,0,2,40
C653,C692,18:01:00,5,-1,1,AB5209,0,2,151
C692,C689/1,18:02:21,5,-1,1,AB5209,0,2,30
C657,C664,18:03:14,5,-1,1,AC1864,2,2,103
C664,C677,18:04:04,5,-1,1,AC1864,1,2,40
C677,C676,18:05:15,5,-1,-1,AC1864,1,2,50
C689/1,T360,18:05:35,5,-1,1,AB5209,0,2,151
C676,C680,18:06:26,5,-1,-1,AC1864,0,2,60
T360,T376/1,18:06:26,5,-1,1,AB5209,0,2,20
C680,C669/1,18:07:27,5,-1,1,AC1864,0,2,20
C669/1,C693,18:08:48,5,-1,1,AC1864,0,2,60
T336/2,T335,18:08:58,5,-1,1,AB5769,0,2,50
T335,T338,18:09:38,5,-1,-1,AB5769,0,2,10
C693,C681,18:10:08,5,-1,1,AC1864,0,2,70
C681,C671,18:10:59,5,-1,-1,AC1864,0,2,40
T338,T326/3,18:12:00,5,-1,-1,AB5769,0,2,90
C671,C695,18:12:42,5,-1,-1,AC1864,0,2,73
T326/3,T332/2,18:13:43,5,-1,2,AB5769,0,2,40
T363/1,T306,18:13:53,5,-1,3,AB5209,0,2,113
C695,C672,18:15:04,5,-1,1,AC1864,1,2,121
T332/2,T325/2,18:16:25,5,-1,1,AB5769,0,2,121
T325/2,T339/2,18:16:55,5,-1,1,AB5769,0,2,20
T306,T314/2,18:17:36,5,-1,-1,AB5209,0,2,181
C672,C670,18:17:56,5,-1,1,AC1864,0,2,131
C670,C679,18:18:46,5,-1,1,AC1864,0,2,30
T314/2,T318,18:18:57,5,-1,-1,AB5209,0,2,10
T318,T319,18:19:37,5,-1,-1,AB5209,0,2,10
T339/2,T313,18:19:47,5,-1,2,AB5769,0,2,121
T319,T320,18:20:38,5,-1,-1,AB5209,0,2,50
C679,C694,18:20:48,5,-1,-1,AC1864,0,2,80
T313,T315,18:21:28,5,-1,2,AB5769,0,2,30
C694,C669/2,18:21:38,5,-1,-1,AC1864,0,2,30
T320,T321/2,18:21:38,5,-1,-1,AB5209,0,2,10
T321/2,T323,18:23:09,5,-1,1,AB5209,0,2,30
T315,T375,18:23:30,5,-1,1,AB5769,0,2,111
C669/2,C687,18:23:50,5,-1,1,AC1864,0,2,30
T323,T324/2,18:23:50,5,-1,1,AB5209,0,2,10
C687,C675,18:25:03,5,-1,1,AC1864,0,2,63
T324/2,T327,18:25:44,5,-1,1,AB5209,0,2,60
T375,T380,18:25:54,5,-1,1,AB5769,0,2,93
C675,C668,18:26:04,5,-1,1,AC1864,0,2,30
C668,C678,18:26:24,5,-1,1,AC1864,0,2,10
T327,T326/1,18:26:24,5,-1,1,AB5209,0,2,20
T380,T379,18:26:44,5,-1,1,AB5769,0,2,20
C678,C665,18:26:55,5,-1,1,AC1864,0,2,20
C665,C663,18:27:15,5,-1,1,AC1864,0,2,10
T326/1,T337,18:27:35,5,-1,1,AB5209,0,2,50
T379,T359,18:27:45,5,-1,1,AB5769,0,2,20
T337,T336/2,18:28:16,5,-1,1,AB5209,0,2,30
C663,C661,18:28:26,5,-1,1,AC1864,0,2,40
T359,T355/1,18:28:56,5,-1,1,AB5769,0,2,60
C661,C659,18:28:56,5,-1,1,AC1864,0,2,20
C659,C654/2,18:31:07,5,-1,1,AC1864,1,2,80
C654/2,C653,18:32:28,5,-1,1,AC1864,0,2,40
C688/1,C691,18:33:59,5,-1,1,AB5769,0,2,50
C653,C692,18:34:30,5,-1,1,AC1864,0,2,111
C691,C652,18:35:30,5,-1,1,AB5769,0,2,60
C692,C689/1,18:36:33,5,-1,1,AC1864,0,2,83
C652,C657,18:38:04,5,-1,1,AB5769,1,2,113
C657,C662,18:39:15,5,-1,1,AB5769,1,2,60
C662,C664,18:39:47,5,-1,1,AB5769,0,2,22
C689/1,T360,18:39:58,5,-1,1,AC1864,0,2,143
C664,C666,18:40:08,5,-1,1,AB5769,0,2,10
C666,C677,18:40:28,5,-1,3,AB5769,0,2,10
C677,C667,18:40:58,5,-1,-1,AB5769,0,2,20
C667,C676,18:41:18,5,-1,-1,AB5769,0,2,10
C676,C680,18:42:19,5,-1,-1,AB5769,0,2,50
T360,T376/1,18:42:49,5,-1,1,AC1864,0,2,131
T336/2,T335,18:43:20,5,-1,1,AB5209,0,2,30
C680,C669/1,18:43:34,5,-1,1,AB5769,0,2,44
T335,T338,18:43:54,5,-1,1,AB5209,0,2,10
T338,T326/3,18:44:55,5,-1,-1,AB5209,0,2,50
T376/1,T363/1,18:45:25,5,-1,3,AC1864,0,2,91
T326/3,T332/2,18:45:55,5,-1,2,AB5209,0,2,50
C669/1,C681,18:45:55,5,-1,1,AB5769,1,2,121
C681,C671,18:46:46,5,-1,-1,AB5769,0,2,40
T363/1,T306,18:48:17,5,-1,3,AC1864,0,2,111
C671,C695,18:48:37,5,-1,-1,AB5769,0,2,80
T306,T314/2,18:49:07,5,-1,-1,AC1864,0,2,40
T332/2,T325/2,18:49:38,5,-1,1,AB5209,0,2,181
C695,C673,18:50:08,5,-1,-1,AB5769,0,2,70
T325/2,T339/2,18:50:28,5,-1,2,AB5209,0,2,20
C673,C672,18:50:50,5,-1,-1,AB5769,0,2,31
T314/2,T318,18:51:41,5,-1,-1,AC1864,0,2,10
T318,T319,18:52:43,5,-1,-1,AC1864,0,2,21
T339/2,T313,18:53:03,5,-1,3,AB5209,0,2,123
C672,C670,18:53:03,5,-1,-1,AB5769,0,2,113
T313,T315,18:54:04,5,-1,3,AB5209,0,2,20
T319,T320,18:54:04,5,-1,-1,AC1864,0,2,70
C670,C679,18:54:55,5,-1,-1,AB5769,0,2,30
T320,T321/2,18:55:15,5,-1,-1,AC1864,0,2,10
T315,T375,18:56:17,5,-1,1,AB5209,0,2,102
T321/2,T323,18:56:17,5,-1,1,AC1864,0,2,20
C679,C694,18:56:27,5,-1,-1,AB5769,0,2,82
T323,T324/2,18:56:57,5,-1,1,AC1864,0,2,10
C694,C669/2,18:57:18,5,-1,-1,AB5769,0,2,40
T375,T380,18:58:18,5,-1,1,AB5209,0,2,50
C669/2,C687,18:58:18,5,-1,1,AB5769,0,2,30
T324/2,T327,18:58:49,5,-1,1,AC1864,0,2,70
T380,T379,18:59:19,5,-1,1,AB5209,0,2,10
C687,C675,18:59:29,5,-1,1,AB5769,0,2,60
C675,C668,18:59:49,5,-1,1,AB5769,0,2,10
T327,T326/1,18:59:49,5,-1,1,AC1864,0,2,20
C668,C678,19:00:09,5,-1,1,AB5769,0,2,10
T379,T359,19:00:20,5,-1,1,AB5209,0,2,20
C678,C665,19:00:42,5,-1,1,AB5769,0,2,10
T326/1,T337,19:01:12,5,-1,1,AC1864,0,2,72
C665,C661,19:01:42,5,-1,1,AB5769,1,2,50
T359,T355/1,19:02:13,5,-1,1,AB5209,0,2,90
C661,C659,19:02:13,5,-1,1,AB5769,0,2,20
T337,T336/2,19:02:13,5,-1,1,AC1864,0,2,30
C659,C656,19:03:35,5,-1,1,AB5769,0,2,40
C656,C654/2,19:04:46,5,-1,1,AB5769,0,2,61
C654/2,C653,19:05:57,5,-1,1,AB5769,0,2,40
C653,C692,19:06:38,5,-1,1,AB5769,0,2,30
C688/1,C691,19:06:58,5,-1,1,AB5209,0,2,30
C692,C689/1,19:07:48,5,-1,1,AB5769,0,2,60
C691,C652,19:09:09,5,-1,1,AB5209,0,2,101
C689/1,T360,19:10:20,5,-1,1,AB5769,0,2,121
C652,C657,19:11:02,5,-1,1,AB5209,1,2,92
C657,C660,19:12:02,5,-1,1,AB5209,0,2,30
T360,T376/1,19:12:02,5,-1,1,AB5769,0,2,70
C660,C662,19:12:33,5,-1,1,AB5209,0,2,10
C662,C664,19:13:13,5,-1,1,AB5209,0,2,30
C664,C666,19:13:44,5,-1,1,AB5209,0,2,20
C666,C677,19:14:04,5,-1,1,AB5209,0,2,10
T376/1,T363/1,19:14:14,5,-1,2,AB5769,0,2,121
C677,C676,19:14:54,5,-1,-1,AB5209,1,2,40
C676,C680,19:15:55,5,-1,-1,AB5209,0,2,50
T336/2,T335,19:16:05,5,-1,1,AC1864,0,2,30
C680,C669/1,19:16:36,5,-1,1,AB5209,0,2,30
T363/1,T306,19:16:36,5,-1,2,AB5769,0,2,80
T335,T338,19:17:06,5,-1,1,AC1864,0,2,10
T306,T314/2,19:17:36,5,-1,-1,AB5769,0,2,40
C669/1,C693,19:17:46,5,-1,1,AB5209,0,2,50
T338,T326/3,19:18:27,5,-1,-1,AC1864,0,2,60
C693,C681,19:18:57,5,-1,1,AB5209,0,2,60
C681,C671,19:19:58,5,-1,-1,AB5209,0,2,50
T318,T319,19:19:58,5,-1,-1,AB5769,0,2,10
T326/3,T332/2,19:20:28,5,-1,1,AC1864,0,2,90
T319,T320,19:21:08,5,-1,-1,AB5769,0,2,60
C671,C695,19:21:19,5,-1,-1,AB5209,0,2,70
T332/2,T325/2,19:21:49,5,-1,1,AC1864,0,2,60
T320,T321/2,19:22:29,5,-1,-1,AB5769,0,2,20
T325/2,T339/2,19:23:34,5,-1,1,AC1864,0,2,33
T321/2,T323,19:23:34,5,-1,1,AB5769,0,2,23
C695,C672,19:24:24,5,-1,1,AB5209,1,2,135
T323,T324/2,19:24:24,5,-1,1,AB5769,0,2,10
T324/2,T327,19:25:37,5,-1,1,AB5769,0,2,62
T339/2,T313,19:25:57,5,-1,2,AC1864,0,2,83
T327,T326/1,19:26:18,5,-1,1,AB5769,0,2,20
C672,C670,19:26:38,5,-1,1,AB5209,0,2,103
T326/1,T337,19:27:18,5,-1,1,AB5769,0,2,50
T313,T315,19:27:49,5,-1,2,AC1864,0,2,20
C670,C679,19:27:59,5,-1,1,AB5209,0,2,40
T337,T336/2,19:27:59,5,-1,1,AB5769,0,2,30
C679,C694,19:29:34,5,-1,-1,AB5209,0,2,84
C694,C669/2,19:30:34,5,-1,-1,AB5209,0,2,40
C669/2,C687,19:31:25,5,-1,1,AB5209,0,2,30
T315,T375,19:31:36,5,-1,1,AC1864,0,2,176
C687,C675,19:32:47,5,-1,1,AB5209,0,2,50
C675,C668,19:33:17,5,-1,1,AB5209,0,2,20
T375,T380,19:33:58,5,-1,1,AC1864,0,2,81
C668,C678,19:33:58,5,-1,1,AB5209,0,2,10
C678,C665,19:34:28,5,-1,1,AB5209,0,2,20
C665,C663,19:34:48,5,-1,1,AB5209,0,2,10
T380,T379,19:34:59,5,-1,1,AC1864,0,2,20
C663,C661,19:35:19,5,-1,1,AB5209,0,2,20
T379,T359,19:35:49,5,-1,1,AC1864,0,2,20
C661,C659,19:35:49,5,-1,1,AB5209,0,2,20
C659,C656,19:36:44,5,-1,1,AB5209,0,2,33
T359,T355/1,19:37:04,5,-1,1,AC1864,0,2,64
C656,C654/2,19:37:44,5,-1,1,AB5209,0,2,40
C654/2,C653,19:39:15,5,-1,1,AB5209,0,2,50
C653,C692,19:41:16,5,-1,1,AB5209,0,2,111
C688/1,C691,19:42:47,5,-1,1,AC1864,0,2,70
C692,C689/1,19:42:57,5,-1,1,AB5209,0,2,50
C691,C652,19:44:38,5,-1,1,AC1864,0,2,70
C652,C655,19:45:19,5,-1,1,AC1864,0,2,30
C689/1,T360,19:45:49,5,-1,1,AB5209,0,2,121
C655,C660,19:47:22,5,-1,1,AC1864,1,2,112
C660,C662,19:48:24,5,-1,1,AC1864,0,2,30
T360,T376/1,19:48:44,5,-1,1,AB5209,0,2,132
C662,C664,19:48:54,5,-1,1,AC1864,0,2,20
C664,C667,19:50:05,5,-1,1,AC1864,2,2,60
C667,C676,19:50:36,5,-1,-1,AC1864,0,2,21
T376/1,T363/1,19:51:07,5,-1,2,AB5209,0,2,132
C676,C680,19:51:37,5,-1,-1,AC1864,0,2,50
C680,C669/1,19:52:27,5,-1,-1,AC1864,0,2,30
T363/1,T306,19:53:28,5,-1,3,AB5209,0,2,90
C669/1,C693,19:53:48,5,-1,-1,AC1864,0,2,60
T306,T314/2,19:54:19,5,-1,-1,AB5209,0,2,40
C693,C681,19:55:19,5,-1,1,AC1864,0,2,80
T318,T319,19:55:50,5,-1,-1,AB5209,0,2,10
T319,T320,19:56:54,5,-1,-1,AB5209,0,2,54
C681,C695,19:57:45,5,-1,-1,AC1864,1,2,135
T320,T321/2,19:58:05,5,-1,-1,AB5209,0,2,20
T321/2,T323,19:59:06,5,-1,1,AB5209,0,2,40
C695,C673,19:59:46,5,-1,-1,AC1864,0,2,111
T323,T324/2,19:59:46,5,-1,1,AB5209,0,2,10
C673,C672,20:00:47,5,-1,1,AC1864,0,2,30
T324/2,T327,20:01:07,5,-1,1,AB5209,0,2,50
T327,T326/1,20:01:58,5,-1,1,AB5209,0,2,20
T326/1,T337,20:02:58,5,-1,1,AB5209,0,2,50
C672,C670,20:03:39,5,-1,1,AC1864,0,2,121
T337,T336/2,20:03:59,5,-1,1,AB5209,0,2,30
C670,C679,20:04:50,5,-1,1,AC1864,0,2,30
C679,C694,20:06:33,5,-1,-1,AC1864,0,2,93
C694,C669/2,20:07:23,5,-1,-1,AC1864,0,2,40
C669/2,C687,20:08:34,5,-1,1,AC1864,0,2,30
C687,C675,20:10:25,5,-1,1,AC1864,0,2,60
C675,C668,20:10:56,5,-1,1,AC1864,0,2,20
C668,C678,20:11:46,5,-1,1,AC1864,0,2,20
C678,C665,20:12:16,5,-1,1,AC1864,0,2,20
C665,C663,20:12:47,5,-1,1,AC1864,0,2,20
C663,C661,20:13:17,5,-1,1,AC1864,0,2,20
C661,C659,20:13:48,5,-1,1,AC1864,0,2,21
C659,C656,20:15:40,5,-1,1,AC1864,0,2,50
C656,C654/2,20:16:51,5,-1,1,AC1864,0,2,50
C654/2,C653,20:18:23,5,-1,2,AC1864,0,2,72
C653,C692,20:20:35,5,-1,1,AC1864,0,2,100
C692,C689/1,20:21:27,5,-1,1,AC1864,0,2,10
C689/1,T360,20:23:49,5,-1,1,AC1864,0,2,111
T363/1,T306,20:30:27,5,-1,1,AC1864,0,2,60
T306,T314/2,20:31:38,5,-1,-1,AC1864,0,2,40
T314/2,T318,20:32:39,5,-1,-1,AC1864,0,2,10
T318,T319,20:33:29,5,-1,-1,AC1864,0,2,10
T319,T320,20:34:31,5,-1,-1,AC1864,0,2,51
T320,T321/2,20:35:33,5,-1,-1,AC1864,0,2,11
T321/2,T323,20:37:35,5,-1,1,AC1864,0,2,40
T323,T324/2,20:38:25,5,-1,1,AC1864,0,2,10
T324/2,T327,20:40:07,5,-1,1,AC1864,0,2,60
T327,T326/1,20:40:58,5,-1,1,AC1864,0,2,30
T326/1,T337,20:41:58,5,-1,1,AC1864,0,2,50
T337,T336/2,20:42:59,5,-1,1,AC1864,0,2,30
