startStation,endStation,time,weekday,passengerFlow,trafficCondition,busPlate,passbyNum,weather,arrivalDuration
M95/3,M22,6:00:42,3,-1,1,MX7769,0,2,62
M22,M10,6:02:43,3,-1,1,MX7769,0,2,70
M10,M16/1,6:04:14,3,-1,1,MX7769,0,2,50
M16/1,M109,6:05:45,3,-1,1,MX7769,0,2,20
M109,M112,6:08:37,3,-1,1,MX7769,0,2,141
M112,M127,6:09:17,3,-1,1,MX7769,0,2,20
M127,M125,6:09:57,3,-1,1,MX7769,0,2,30
M136/2,M139/2,6:10:58,3,-1,2,MX7769,0,2,10
M139/2,M184,6:12:49,3,-1,1,MX7769,0,2,70
M184,M188,6:13:30,3,-1,1,MX7769,0,2,10
M188,M203/2,6:14:51,3,-1,1,MX7769,0,2,70
M203/2,M182/1,6:17:56,3,-1,1,MX7769,1,2,175
M95/3,M22,6:19:58,3,-1,1,MX7866,0,2,30
M182/1,T431,6:21:39,3,-1,1,MX7769,0,2,202
M22,M10,6:21:49,3,-1,1,MX7866,0,2,80
T431,T335,6:22:49,3,-1,1,MX7769,0,2,60
M10,M16/1,6:23:30,3,-1,1,MX7866,0,2,90
T338,T326/3,6:24:43,3,-1,-1,MX7769,0,2,42
M16/1,M109,6:24:53,3,-1,1,MX7866,0,2,20
T326/3,T332/2,6:26:04,3,-1,1,MX7769,0,2,70
T332/2,T325/2,6:27:04,3,-1,1,MX7769,0,2,40
T325/2,T339/2,6:27:25,3,-1,1,MX7769,0,2,10
M109,M112,6:27:45,3,-1,1,MX7866,0,2,131
T339/2,T408/1,6:29:46,3,-1,-1,MX7769,0,2,111
M112,M127,6:29:56,3,-1,1,MX7866,0,2,90
M127,M125,6:30:47,3,-1,1,MX7866,0,2,40
T408/1,T343,6:31:17,3,-1,-1,MX7769,0,2,80
C657,C654/3,6:31:57,3,-1,1,MY7560,2,2,50
M125,M139/2,6:32:58,3,-1,2,MX7866,1,2,101
T343,T316,6:33:18,3,-1,1,MX7769,0,2,90
C654/3,C653/2,6:33:38,3,-1,1,MY7560,0,2,90
M139/2,M184,6:33:59,3,-1,2,MX7866,0,2,20
C653/2,C692,6:34:49,3,-1,1,MY7560,0,2,50
M184,M203/2,6:35:09,3,-1,1,MX7866,1,2,30
T316,T345/5,6:35:20,3,-1,1,MX7769,0,2,101
C692,C689/1,6:35:40,3,-1,1,MY7560,0,2,40
M203/2,M277,6:36:20,3,-1,-1,MX7866,0,2,60
T345/5,T344,6:36:44,3,-1,1,MX7769,0,2,54
T344,T356/1,6:37:45,3,-1,1,MX7769,0,2,30
M277,M182/1,6:38:36,3,-1,1,MX7866,0,2,121
C689/1,T355/2,6:38:46,3,-1,1,MY7560,0,2,111
T356/1,T358,6:39:16,3,-1,1,MX7769,0,2,80
T358,T373/2,6:40:07,3,-1,1,MX7769,0,2,30
T373/2,T375,6:40:57,3,-1,1,MX7769,0,2,40
T355/2,T360,6:40:57,3,-1,1,MY7560,0,2,101
M95/3,M22,6:41:07,3,-1,1,AA7537,0,2,90
T375,T380,6:41:58,3,-1,1,MX7769,0,2,40
T360,T376/1,6:42:08,3,-1,1,MY7560,0,2,40
M182/1,T431,6:42:28,3,-1,1,MX7866,0,2,202
T380,T379,6:42:28,3,-1,1,MX7769,0,2,10
M22,M10,6:43:08,3,-1,1,AA7537,0,2,101
T376/1,T363/1,6:43:08,3,-1,1,MY7560,0,2,50
T431,T335,6:43:39,3,-1,1,MX7866,0,2,60
T379,T359,6:43:39,3,-1,1,MX7769,0,2,50
T363/1,T374,6:44:09,3,-1,1,MY7560,0,2,40
T335,T338,6:44:29,3,-1,1,MX7866,0,2,40
T359,T355/1,6:44:39,3,-1,1,MX7769,0,2,40
T374,T406,6:44:49,3,-1,1,MY7560,0,2,30
M10,M16/1,6:45:00,3,-1,1,AA7537,0,2,101
T338,T326/3,6:46:12,3,-1,-1,MX7866,0,2,82
M16/1,M109,6:46:22,3,-1,1,AA7537,0,2,20
T326/3,T332/2,6:47:23,3,-1,1,MX7866,0,2,50
C655,C653/2,6:48:14,3,-1,1,MY9491,4,2,30
T355/1,C688/1,6:48:34,3,-1,2,MX7769,0,2,224
M109,M112,6:48:44,3,-1,1,AA7537,0,2,111
T332/2,T339/2,6:49:14,3,-1,1,MX7866,1,2,101
C653/2,C692,6:49:55,3,-1,3,MY9491,0,2,80
C688/1,C691,6:50:05,3,-1,1,MX7769,0,2,60
M112,M127,6:50:35,3,-1,1,AA7537,0,2,80
T406,T345/1,6:50:35,3,-1,-1,MY7560,0,2,335
T339/2,T408/1,6:51:16,3,-1,-1,MX7866,0,2,90
M127,M125,6:51:36,3,-1,1,AA7537,0,2,20
C691,C652,6:52:26,3,-1,1,MX7769,0,2,111
T345/1,T322,6:52:26,3,-1,-1,MY7560,0,2,80
T408/1,T343,6:52:36,3,-1,-1,MX7866,0,2,60
C652,C655,6:53:17,3,-1,1,MX7769,0,2,30
M125,M136/2,6:53:28,3,-1,1,AA7537,0,2,81
M136/2,M139/2,6:53:58,3,-1,1,AA7537,0,2,10
C655,C657,6:54:08,3,-1,1,MX7769,0,2,40
C692,T355/2,6:54:08,3,-1,1,MY9491,1,2,213
T322,T342,6:54:19,3,-1,-1,MY7560,0,2,71
T343,T316,6:54:39,3,-1,1,MX7866,0,2,92
M139/2,M184,6:54:59,3,-1,1,AA7537,0,2,30
C657,C686,6:54:59,3,-1,1,MX7769,0,2,20
T342,T409,6:55:09,3,-1,1,MY7560,0,2,40
M184,M188,6:56:10,3,-1,1,AA7537,0,2,10
T316,T345/5,6:56:20,3,-1,1,MX7866,0,2,90
C686,C656,6:56:20,3,-1,1,MX7769,0,2,40
T409,T368,6:56:30,3,-1,1,MY7560,0,2,60
T355/2,T376/1,6:56:50,3,-1,1,MY9491,1,2,131
T368,T324/2,6:57:00,3,-1,1,MY7560,0,2,20
M188,M203/2,6:57:21,3,-1,1,AA7537,0,2,20
C656,C654/3,6:57:21,3,-1,1,MX7769,0,2,50
T376/1,T363/1,6:57:53,3,-1,1,MY9491,0,2,42
T324/2,T327,6:58:03,3,-1,1,MY7560,0,2,30
M203/2,M277,6:58:13,3,-1,-1,AA7537,0,2,30
T345/5,T356/1,6:58:34,3,-1,1,MX7866,1,2,83
T327,T326/2,6:59:14,3,-1,1,MY7560,0,2,20
T363/1,T406,6:59:24,3,-1,1,MY9491,1,2,70
T356/1,T358,7:00:05,3,-1,1,MX7866,0,2,60
C654/3,C653/2,7:00:15,3,-1,1,MX7769,0,2,50
T326/2,T337,7:00:15,3,-1,1,MY7560,0,2,50
M95/3,M22,7:00:25,3,-1,1,MY9487,0,2,30
M277,M182/1,7:00:25,3,-1,1,AA7537,0,2,121
T358,T373/2,7:00:45,3,-1,1,MX7866,0,2,30
T337,T334,7:01:16,3,-1,1,MY7560,0,2,20
T373/2,T375,7:01:36,3,-1,1,MX7866,0,2,30
C653/2,C692,7:01:56,3,-1,2,MX7769,0,2,80
T375,T380,7:02:26,3,-1,1,MX7866,0,2,40
T334,T430,7:02:36,3,-1,1,MY7560,0,2,50
M22,M10,7:02:47,3,-1,1,MY9487,0,2,70
T380,T379,7:02:57,3,-1,1,MX7866,0,2,10
T379,T359,7:03:27,3,-1,1,MX7866,0,2,20
M182/1,T431,7:03:47,3,-1,1,AA7537,0,2,191
C692,C689/1,7:03:47,3,-1,1,MX7769,0,2,60
T406,T345/1,7:04:07,3,-1,-1,MY9491,0,2,252
M10,M16/1,7:04:28,3,-1,1,MY9487,0,2,60
T359,T355/1,7:04:28,3,-1,1,MX7866,0,2,50
T431,T335,7:05:28,3,-1,1,AA7537,0,2,90
M16/1,M109,7:05:48,3,-1,1,MY9487,0,2,20
C689/1,T355/2,7:05:48,3,-1,1,MX7769,0,2,111
T345/1,T322,7:06:09,3,-1,-1,MY9491,0,2,90
T338,T326/3,7:06:59,3,-1,-1,AA7537,0,2,50
T430,M177,7:07:30,3,-1,1,MY7560,0,2,272
T355/2,T360,7:07:50,3,-1,1,MX7769,0,2,101
T322,T342,7:07:50,3,-1,-1,MY9491,0,2,80
T355/1,C688/1,7:08:20,3,-1,2,MX7866,0,2,202
T326/3,T325/2,7:09:13,3,-1,1,AA7537,1,2,113
T342,T409,7:09:33,3,-1,1,MY9491,0,2,60
M177,M198,7:09:33,3,-1,2,MY7560,0,2,113
T360,T376/1,7:09:43,3,-1,1,MX7769,0,2,83
T325/2,T339/2,7:09:53,3,-1,1,AA7537,0,2,20
C688/1,C691,7:09:53,3,-1,1,MX7866,0,2,70
M109,M112,7:10:14,3,-1,2,MY9487,0,2,214
T376/1,T363/1,7:11:04,3,-1,1,MX7769,0,2,60
T339/2,T408/1,7:11:25,3,-1,-1,AA7537,0,2,70
T409,T324/2,7:11:25,3,-1,1,MY9491,1,2,80
M112,M127,7:11:35,3,-1,1,MY9487,0,2,20
C691,C652,7:11:35,3,-1,1,MX7866,0,2,80
T363/1,T374,7:11:45,3,-1,1,MX7769,0,2,30
C652,C655,7:12:25,3,-1,1,MX7866,0,2,30
T374,T406,7:12:25,3,-1,1,MX7769,0,2,30
M198,M183/2,7:12:35,3,-1,2,MY7560,0,2,172
M127,M125,7:12:56,3,-1,1,MY9487,0,2,30
T324/2,T327,7:13:06,3,-1,1,MY9491,0,2,60
T408/1,T343,7:13:26,3,-1,-1,AA7537,0,2,50
C655,C657,7:13:36,3,-1,1,MX7866,0,2,40
M183/2,M140/1,7:13:46,3,-1,1,MY7560,0,2,10
T327,T326/2,7:13:56,3,-1,1,MY9491,0,2,30
M125,M136/2,7:14:27,3,-1,1,MY9487,0,2,20
C657,C686,7:14:27,3,-1,1,MX7866,0,2,20
T326/2,T337,7:14:57,3,-1,1,MY9491,0,2,50
T343,T316,7:15:27,3,-1,1,AA7537,0,2,91
C686,C656,7:15:37,3,-1,1,MX7866,0,2,30
T337,T334,7:15:37,3,-1,1,MY9491,0,2,20
M136/2,M139/2,7:16:08,3,-1,2,MY9487,0,2,70
M140/1,M137/2,7:16:18,3,-1,1,MY7560,0,2,60
C656,C654/3,7:16:58,3,-1,1,MX7866,0,2,60
T334,T430,7:16:58,3,-1,1,MY9491,0,2,60
M137/2,M132/1,7:17:08,3,-1,1,MY7560,0,2,30
M95/3,M22,7:17:49,3,-1,1,AA7450,0,2,40
T316,T345/5,7:17:49,3,-1,1,AA7537,0,2,131
T406,T345/1,7:17:49,3,-1,-1,MX7769,0,2,313
M132/1,M200,7:18:09,3,-1,1,MY7560,0,2,20
M139/2,M184,7:18:29,3,-1,2,MY9487,0,2,70
T345/5,T344,7:19:20,3,-1,1,AA7537,0,2,50
M184,M188,7:19:40,3,-1,1,MY9487,0,2,10
T345/1,T322,7:19:40,3,-1,-1,MX7769,0,2,80
M22,M10,7:20:00,3,-1,1,AA7450,0,2,70
T344,T356/1,7:20:10,3,-1,1,AA7537,0,2,20
C654/3,C653/2,7:20:44,3,-1,1,MX7866,0,2,53
M200,M121,7:20:44,3,-1,1,MY7560,1,2,104
M188,M203/2,7:21:04,3,-1,1,MY9487,0,2,10
T322,T342,7:21:35,3,-1,-1,MX7769,0,2,94
T430,M177,7:21:45,3,-1,1,MY9491,0,2,276
T356/1,T358,7:22:15,3,-1,1,AA7537,0,2,91
M121,M119,7:22:15,3,-1,2,MY7560,0,2,50
M10,M16/1,7:22:25,3,-1,1,AA7450,0,2,80
T342,T409,7:22:46,3,-1,1,MX7769,0,2,40
T358,T373/2,7:23:16,3,-1,1,AA7537,0,2,30
M119,M113,7:23:26,3,-1,-1,MY7560,0,2,40
T373/2,T375,7:24:06,3,-1,1,AA7537,0,2,20
C653/2,C689/1,7:24:37,3,-1,1,MX7866,1,2,222
T409,T368,7:24:37,3,-1,1,MX7769,0,2,80
M16/1,M109,7:24:47,3,-1,1,AA7450,0,2,80
M177,M198,7:24:47,3,-1,1,MY9491,0,2,161
T375,T380,7:25:07,3,-1,1,AA7537,0,2,20
M113,M94,7:25:07,3,-1,-1,MY7560,0,2,90
M203/2,M182/1,7:25:37,3,-1,1,MY9487,1,2,222
T380,T379,7:25:37,3,-1,1,AA7537,0,2,10
T368,T324/2,7:25:58,3,-1,1,MX7769,0,2,40
T379,T359,7:26:08,3,-1,1,AA7537,0,2,20
M94,M95/3,7:26:08,3,-1,-1,MY7560,0,2,40
M198,M183/2,7:26:18,3,-1,2,MY9491,0,2,80
T359,T355/1,7:27:08,3,-1,1,AA7537,0,2,50
C689/1,T355/2,7:27:29,3,-1,1,MX7866,0,2,131
T324/2,T327,7:27:39,3,-1,1,MX7769,0,2,60
M183/2,M140/1,7:28:19,3,-1,1,MY9491,0,2,20
M109,M112,7:28:29,3,-1,1,AA7450,0,2,192
T327,T326/2,7:28:50,3,-1,1,MX7769,0,2,30
M140/1,M137/2,7:29:10,3,-1,1,MY9491,0,2,30
T355/2,T360,7:29:35,3,-1,1,MX7866,0,2,85
M112,M127,7:29:55,3,-1,1,AA7450,0,2,35
M182/1,T431,7:29:55,3,-1,1,MY9487,0,2,217
T326/2,T337,7:30:05,3,-1,1,MX7769,0,2,55
T360,T376/1,7:30:36,3,-1,1,MX7866,0,2,20
T337,T334,7:30:56,3,-1,1,MX7769,0,2,20
M127,M125,7:31:16,3,-1,1,AA7450,0,2,30
T431,T335,7:31:47,3,-1,1,MY9487,0,2,81
T355/1,C688/1,7:31:47,3,-1,1,AA7537,0,2,258
T376/1,T363/1,7:31:47,3,-1,1,MX7866,0,2,60
T335,T338,7:32:37,3,-1,1,MY9487,0,2,10
T363/1,T374,7:32:37,3,-1,1,MX7866,0,2,20
M137/2,M132/1,7:32:47,3,-1,1,MY9491,0,2,20
M125,M139/2,7:32:58,3,-1,2,AA7450,1,2,50
T374,T406,7:33:28,3,-1,1,MX7866,0,2,30
C688/1,C691,7:33:48,3,-1,1,AA7537,0,2,70
M132/1,M200,7:33:48,3,-1,2,MY9491,0,2,20
T338,T326/3,7:34:19,3,-1,-1,MY9487,0,2,70
M139/2,M184,7:34:29,3,-1,2,AA7450,0,2,40
M200,M201,7:34:49,3,-1,-1,MY9491,0,2,20
M184,M188,7:35:30,3,-1,1,AA7450,0,2,20
C691,C652,7:35:30,3,-1,1,AA7537,0,2,70
T326/3,T332/2,7:35:40,3,-1,1,MY9487,0,2,70
M201,M121,7:35:50,3,-1,1,MY9491,0,2,20
C652,C655,7:36:40,3,-1,1,AA7537,0,2,40
M188,M203/2,7:37:11,3,-1,1,AA7450,0,2,20
M121,M119,7:37:11,3,-1,1,MY9491,0,2,20
T334,M177,7:37:21,3,-1,1,MX7769,1,2,344
T332/2,T325/2,7:37:33,3,-1,1,MY9487,0,2,73
C655,C657,7:37:53,3,-1,1,AA7537,0,2,42
C657,C686,7:38:24,3,-1,1,AA7537,0,2,20
M203/2,M277,7:38:34,3,-1,-1,AA7450,0,2,50
T325/2,T339/2,7:38:34,3,-1,1,MY9487,0,2,20
M119,M113,7:39:04,3,-1,-1,MY9491,0,2,81
C686,C656,7:39:46,3,-1,1,AA7537,0,2,21
M177,M198,7:40:06,3,-1,1,MX7769,0,2,132
T406,T345/1,7:40:47,3,-1,-1,MX7866,0,2,418
M113,M94,7:40:47,3,-1,-1,MY9491,0,2,50
M277,M182/1,7:40:57,3,-1,1,AA7450,0,2,132
C656,C654/3,7:41:07,3,-1,1,AA7537,0,2,40
M94,M95/3,7:42:08,3,-1,-1,MY9491,0,2,60
T339/2,T408/1,7:42:18,3,-1,-1,MY9487,0,2,183
M198,M183/2,7:42:18,3,-1,1,MX7769,0,2,121
T345/1,T322,7:42:48,3,-1,-1,MX7866,0,2,101
M95/3,M22,7:43:29,3,-1,1,MY7560,0,2,111
M183/2,M140/1,7:43:39,3,-1,1,MX7769,0,2,50
T408/1,T343,7:44:29,3,-1,-1,MY9487,0,2,111
T322,T342,7:44:39,3,-1,-1,MX7866,0,2,101
C654/3,C653/2,7:44:50,3,-1,3,AA7537,0,2,192
M182/1,T431,7:45:00,3,-1,1,AA7450,0,2,202
M140/1,M137/2,7:45:10,3,-1,1,MX7769,0,2,70
C653/2,C692,7:45:54,3,-1,1,AA7537,0,2,54
M137/2,M132/1,7:46:04,3,-1,1,MX7769,0,2,20
T343,T316,7:47:05,3,-1,1,MY9487,0,2,104
C692,C689/1,7:47:05,3,-1,1,AA7537,0,2,40
M22,M10,7:47:37,3,-1,1,MY7560,0,2,187
T431,T338,7:48:18,3,-1,1,AA7450,1,2,163
T342,T409,7:48:38,3,-1,1,MX7866,0,2,72
T316,T345/5,7:49:08,3,-1,1,MY9487,0,2,113
C689/1,T355/2,7:50:09,3,-1,1,AA7537,0,2,151
T409,T368,7:50:09,3,-1,1,MX7866,0,2,60
T338,T326/3,7:50:19,3,-1,-1,AA7450,0,2,101
M132/1,M200,7:50:19,3,-1,3,MX7769,0,2,184
T368,T324/2,7:51:00,3,-1,1,MX7866,0,2,40
T345/5,T344,7:51:20,3,-1,1,MY9487,0,2,91
T326/3,T332/2,7:51:34,3,-1,1,AA7450,0,2,44
M10,M16/1,7:51:44,3,-1,1,MY7560,0,2,145
M200,M201,7:51:54,3,-1,-1,MX7769,0,2,20
T355/2,T360,7:52:05,3,-1,1,AA7537,0,2,95
T344,T356/1,7:52:25,3,-1,1,MY9487,0,2,30
T324/2,T327,7:52:25,3,-1,1,MX7866,0,2,50
T360,T376/1,7:52:55,3,-1,1,AA7537,0,2,30
T327,T326/2,7:53:36,3,-1,1,MX7866,0,2,20
M201,M121,7:54:16,3,-1,1,MX7769,0,2,50
T376/1,T363/1,7:54:46,3,-1,1,AA7537,0,2,101
T356/1,T358,7:54:57,3,-1,1,MY9487,0,2,141
T332/2,T325/2,7:55:27,3,-1,1,AA7450,0,2,192
T326/2,T337,7:55:27,3,-1,1,MX7866,0,2,80
T325/2,T339/2,7:56:07,3,-1,1,AA7450,0,2,20
M16/1,M109,7:56:18,3,-1,1,MY7560,0,2,80
T358,T373/2,7:56:18,3,-1,1,MY9487,0,2,30
T363/1,T374,7:56:18,3,-1,1,AA7537,0,2,50
T337,T334,7:56:18,3,-1,1,MX7866,0,2,20
T374,T406,7:57:08,3,-1,2,AA7537,0,2,30
T373/2,T375,7:57:28,3,-1,1,MY9487,0,2,30
T334,T430,7:57:49,3,-1,1,MX7866,0,2,40
T339/2,T408/1,7:57:59,3,-1,-1,AA7450,0,2,80
M121,M119,7:58:09,3,-1,2,MX7769,0,2,171
T375,T380,7:58:19,3,-1,1,MY9487,0,2,20
T380,T379,7:59:10,3,-1,1,MY9487,0,2,10
T379,T359,7:59:54,3,-1,1,MY9487,0,2,20
M109,M112,8:00:04,3,-1,1,MY7560,0,2,155
T408/1,T343,8:00:25,3,-1,-1,AA7450,0,2,125
T359,T355/1,8:01:15,3,-1,1,MY9487,0,2,60
T406,T345/1,8:01:56,3,-1,-1,AA7537,0,2,267
T343,T316,8:02:46,3,-1,1,AA7450,0,2,91
M112,M127,8:02:56,3,-1,1,MY7560,0,2,50
T430,M177,8:02:56,3,-1,1,MX7866,0,2,277
M95/3,M22,8:03:57,3,-1,1,MY9491,0,2,338
T345/1,T322,8:04:48,3,-1,-1,AA7537,0,2,131
T316,T345/5,8:04:58,3,-1,1,AA7450,0,2,121
M127,M125,8:05:18,3,-1,1,MY7560,0,2,70
T355/1,C688/1,8:05:28,3,-1,1,MY9487,0,2,242
M177,M198,8:05:58,3,-1,1,MX7866,0,2,141
T322,T342,8:06:29,3,-1,-1,AA7537,0,2,80
T345/5,T344,8:06:49,3,-1,1,AA7450,0,2,70
M198,M183/2,8:06:59,3,-1,2,MX7866,0,2,50
M125,M136/2,8:07:20,3,-1,1,MY7560,0,2,40
C688/1,C691,8:07:40,3,-1,1,MY9487,0,2,70
T344,T356/1,8:07:50,3,-1,1,AA7450,0,2,30
T342,T409,8:08:20,3,-1,1,AA7537,0,2,70
M136/2,M139/2,8:09:04,3,-1,1,MY7560,0,2,74
T356/1,T358,8:09:14,3,-1,1,AA7450,0,2,74
C691,C652,8:09:14,3,-1,1,MY9487,0,2,53
M183/2,M140/1,8:09:14,3,-1,1,MX7866,0,2,53
M139/2,M184,8:10:25,3,-1,1,MY7560,0,2,40
T358,T373/2,8:10:25,3,-1,1,AA7450,0,2,30
C652,C655,8:10:35,3,-1,1,MY9487,0,2,40
T409,T368,8:10:35,3,-1,1,AA7537,0,2,101
M140/1,M137/2,8:10:55,3,-1,1,MX7866,0,2,60
M22,M10,8:11:16,3,-1,2,MY9491,0,2,151
M184,M188,8:11:36,3,-1,1,MY7560,0,2,10
T373/2,T375,8:11:36,3,-1,1,AA7450,0,2,40
T368,T324/2,8:11:46,3,-1,1,AA7537,0,2,30
M137/2,M132/1,8:11:46,3,-1,1,MX7866,0,2,20
M113,M94,8:11:46,3,-1,-1,MX7769,0,2,141
C655,C657,8:12:06,3,-1,1,MY9487,0,2,60
T375,T380,8:12:27,3,-1,1,AA7450,0,2,20
C657,C686,8:12:37,3,-1,1,MY9487,0,2,20
M188,M203/2,8:13:17,3,-1,1,MY7560,0,2,20
T380,T379,8:13:17,3,-1,1,AA7450,0,2,20
T324/2,T327,8:13:48,3,-1,1,AA7537,0,2,70
T379,T359,8:13:58,3,-1,1,AA7450,0,2,20
M203/2,M277,8:14:38,3,-1,-1,MY7560,0,2,40
C686,C656,8:14:38,3,-1,1,MY9487,0,2,80
M94,M95/3,8:14:48,3,-1,-1,MX7769,0,2,141
T359,T355/1,8:15:19,3,-1,1,AA7450,0,2,60
M132/1,M200,8:15:29,3,-1,2,MX7866,0,2,172
M95/3,M22,8:15:39,3,-1,2,MY9362,0,2,141
M10,M16/1,8:15:49,3,-1,2,MY9491,0,2,243
C656,C654/3,8:16:31,3,-1,1,MY9487,0,2,62
T327,T337,8:16:31,3,-1,1,AA7537,1,2,123
M200,M201,8:17:02,3,-1,-1,MX7866,0,2,52
M277,M182/1,8:17:12,3,-1,1,MY7560,0,2,143
T337,T334,8:17:35,3,-1,1,AA7537,0,2,22
M16/1,M109,8:18:15,3,-1,2,MY9491,0,2,63
M201,M121,8:18:25,3,-1,3,MX7866,0,2,63
T334,T430,8:19:16,3,-1,1,AA7537,0,2,70
T355/1,C688/1,8:20:06,3,-1,1,AA7450,0,2,257
M22,M10,8:20:37,3,-1,2,MY9362,0,2,172
C688/1,C691,8:21:38,3,-1,1,AA7450,0,2,30
C654/3,C653/2,8:21:38,3,-1,1,MY9487,0,2,81
M182/1,T431,8:21:48,3,-1,1,MY7560,0,2,242
M121,M119,8:22:28,3,-1,3,MX7866,0,2,192
C691,C652,8:22:38,3,-1,1,AA7450,0,2,30
C653/2,C692,8:23:29,3,-1,1,MY9487,0,2,91
T431,T335,8:23:39,3,-1,1,MY7560,0,2,80
T430,M177,8:23:49,3,-1,1,AA7537,0,2,253
T335,T338,8:24:20,3,-1,1,MY7560,0,2,10
C652,C655,8:24:50,3,-1,1,AA7450,0,2,121
M109,M112,8:25:00,3,-1,2,MY9491,0,2,273
M10,M16/1,8:25:10,3,-1,2,MY9362,0,2,212
C692,C689/1,8:25:20,3,-1,1,MY9487,0,2,80
T338,T326/3,8:25:44,3,-1,-1,MY7560,0,2,53
C655,C657,8:26:04,3,-1,1,AA7450,0,2,43
M177,M198,8:26:44,3,-1,2,AA7537,0,2,134
C657,C686,8:26:55,3,-1,1,AA7450,0,2,20
T326/3,T332/2,8:27:05,3,-1,2,MY7560,0,2,70
M112,M127,8:28:16,3,-1,2,MY9491,0,2,80
M198,M183/2,8:28:16,3,-1,2,AA7537,0,2,80
C686,C656,8:28:26,3,-1,1,AA7450,0,2,30
C689/1,T355/2,8:28:46,3,-1,1,MY9487,0,2,172
M16/1,M109,8:28:56,3,-1,1,MY9362,0,2,91
C656,C654/3,8:29:57,3,-1,1,AA7450,0,2,60
M183/2,M140/1,8:30:17,3,-1,1,AA7537,0,2,10
M127,M125,8:30:27,3,-1,1,MY9491,0,2,61
T355/2,T360,8:31:18,3,-1,1,MY9487,0,2,121
M95/3,M22,8:31:28,3,-1,1,MX7769,0,2,142
T332/2,T325/2,8:31:48,3,-1,1,MY7560,0,2,273
M125,M136/2,8:32:19,3,-1,1,MY9491,0,2,30
T325/2,T339/2,8:32:49,3,-1,1,MY7560,0,2,20
C654/3,C653/2,8:32:59,3,-1,1,AA7450,0,2,121
M140/1,M137/2,8:33:09,3,-1,1,AA7537,0,2,111
T360,T376/1,8:33:20,3,-1,1,MY9487,0,2,111
M136/2,M139/2,8:33:43,3,-1,1,MY9491,0,2,33
M137/2,M132/1,8:34:14,3,-1,2,AA7537,0,2,20
M22,M10,8:34:44,3,-1,2,MX7769,0,2,175
C653/2,C692,8:34:44,3,-1,1,AA7450,0,2,50
M109,M112,8:34:54,3,-1,2,MY9362,0,2,297
T376/1,T363/1,8:35:04,3,-1,1,MY9487,0,2,91
M132/1,M200,8:35:36,3,-1,3,AA7537,0,2,21
M139/2,M184,8:35:56,3,-1,2,MY9491,0,2,41
T339/2,T408/1,8:36:06,3,-1,-1,MY7560,0,2,166
C692,C689/1,8:36:26,3,-1,1,AA7450,0,2,61
M200,M201,8:36:36,3,-1,-1,AA7537,0,2,20
T363/1,T374,8:37:17,3,-1,1,MY9487,0,2,81
M10,M16/1,8:37:37,3,-1,3,MX7769,0,2,111
M184,M188,8:37:37,3,-1,2,MY9491,0,2,60
M201,M121,8:37:37,3,-1,3,AA7537,0,2,40
M112,M127,8:37:47,3,-1,2,MY9362,0,2,70
M188,M203/2,8:38:08,3,-1,1,MY9491,0,2,10
T374,T406,8:38:28,3,-1,1,MY9487,0,2,40
M121,M119,8:39:19,3,-1,2,AA7537,0,2,30
M203/2,M277,8:39:29,3,-1,-1,MY9491,0,2,50
T408/1,T343,8:39:29,3,-1,-1,MY7560,0,2,192
C689/1,T355/2,8:39:39,3,-1,1,AA7450,0,2,131
M127,M125,8:41:20,3,-1,1,MY9362,0,2,202
M16/1,M109,8:41:30,3,-1,2,MX7769,0,2,91
M277,M182/1,8:41:40,3,-1,1,MY9491,0,2,121
T343,T316,8:42:21,3,-1,1,MY7560,0,2,91
M119,M113,8:42:21,3,-1,-1,AA7537,0,2,131
T355/2,T360,8:42:44,3,-1,1,AA7450,0,2,144
M125,M136/2,8:42:54,3,-1,1,MY9362,0,2,43
M136/2,M139/2,8:44:35,3,-1,2,MY9362,0,2,70
T360,T376/1,8:44:56,3,-1,1,AA7450,0,2,111
T316,T345/5,8:45:16,3,-1,1,MY7560,0,2,151
T406,T345/1,8:45:16,3,-1,-1,MY9487,0,2,367
M113,M94,8:45:46,3,-1,-1,AA7537,0,2,121
M182/1,T431,8:45:56,3,-1,1,MY9491,0,2,225
T376/1,T363/1,8:46:58,3,-1,1,AA7450,0,2,81
M139/2,M184,8:47:08,3,-1,2,MY9362,0,2,92
T431,T335,8:47:44,3,-1,1,MY9491,0,2,85
T335,T338,8:48:14,3,-1,1,MY9491,0,2,10
T345/5,T344,8:48:14,3,-1,1,MY7560,0,2,137
M109,M112,8:48:34,3,-1,2,MX7769,0,2,360
M184,M188,8:48:34,3,-1,1,MY9362,0,2,20
T363/1,T374,8:48:44,3,-1,1,AA7450,0,2,60
M188,M203/2,8:49:35,3,-1,1,MY9362,0,2,10
T338,T326/3,8:49:35,3,-1,-1,MY9491,0,2,60
M94,M95/3,8:49:35,3,-1,-1,AA7537,0,2,167
T344,T356/1,8:49:55,3,-1,1,MY7560,0,2,70
T374,T406,8:50:05,3,-1,1,AA7450,0,2,50
T326/3,T332/2,8:50:26,3,-1,2,MY9491,0,2,40
M112,M127,8:50:56,3,-1,2,MX7769,0,2,90
T345/1,T322,8:51:06,3,-1,-1,MY9487,0,2,329
M203/2,M277,8:51:16,3,-1,-1,MY9362,0,2,60
T332/2,T325/2,8:52:17,3,-1,1,MY9491,0,2,91
M127,M125,8:52:57,3,-1,1,MX7769,0,2,70
T325/2,T339/2,8:52:57,3,-1,2,MY9491,0,2,20
T356/1,T358,8:53:18,3,-1,1,MY7560,0,2,192
T322,T342,8:53:28,3,-1,-1,MY9487,0,2,111
M277,M182/1,8:53:58,3,-1,1,MY9362,0,2,151
M22,M10,8:54:18,3,-1,1,MX7866,0,2,212
M125,M136/2,8:54:18,3,-1,1,MX7769,0,2,10
T339/2,T408/1,8:54:49,3,-1,-1,MY9491,0,2,70
T342,T409,8:55:29,3,-1,1,MY9487,0,2,81
T358,T373/2,8:55:50,3,-1,1,MY7560,0,2,121
M136/2,M139/2,8:56:00,3,-1,2,MX7769,0,2,71
M10,M16/1,8:56:34,3,-1,2,MX7866,0,2,95
T409,T368,8:56:54,3,-1,1,MY9487,0,2,54
T408/1,T343,8:57:35,3,-1,-1,MY9491,0,2,155
T406,T345/1,8:57:35,3,-1,-1,AA7450,0,2,378
T368,T324/2,8:57:55,3,-1,1,MY9487,0,2,30
M139/2,M184,8:58:15,3,-1,2,MX7769,0,2,101
M182/1,T431,8:58:25,3,-1,1,MY9362,0,2,226
M16/1,M109,8:58:45,3,-1,2,MX7866,0,2,20
T373/2,T375,8:58:45,3,-1,1,MY7560,0,2,40
T343,T316,8:59:46,3,-1,1,MY9491,0,2,90
T375,T380,8:59:56,3,-1,1,MY7560,0,2,30
M184,M188,9:00:16,3,-1,1,MX7769,0,2,20
T324/2,T327,9:00:16,3,-1,1,MY9487,0,2,80
T431,T335,9:00:27,3,-1,1,MY9362,0,2,111
T380,T379,9:00:37,3,-1,1,MY7560,0,2,10
T345/1,T322,9:00:37,3,-1,-1,AA7450,0,2,151
T379,T359,9:01:17,3,-1,1,MY7560,0,2,30
T335,T338,9:01:27,3,-1,1,MY9362,0,2,40
M188,M203/2,9:01:37,3,-1,1,MX7769,0,2,20
T316,T345/5,9:01:47,3,-1,1,MY9491,0,2,101
T359,T355/1,9:02:38,3,-1,1,MY7560,0,2,70
T322,T342,9:02:38,3,-1,-1,AA7450,0,2,101
M109,M112,9:02:48,3,-1,1,MX7866,0,2,202
T327,T337,9:02:48,3,-1,1,MY9487,1,2,111
M203/2,M277,9:02:58,3,-1,-1,MX7769,0,2,60
T338,T326/3,9:03:18,3,-1,-1,MY9362,0,2,91
T345/5,T344,9:03:18,3,-1,1,MY9491,0,2,70
T337,T334,9:03:29,3,-1,1,MY9487,0,2,30
T344,T356/1,9:03:59,3,-1,1,MY9491,0,2,30
T326/3,T332/2,9:04:09,3,-1,2,MY9362,0,2,40
T342,T409,9:04:19,3,-1,1,AA7450,0,2,70
T334,T430,9:05:00,3,-1,1,MY9487,0,2,50
M112,M127,9:05:34,3,-1,2,MX7866,0,2,84
M277,M182/1,9:05:34,3,-1,1,MX7769,0,2,145
T332/2,T325/2,9:05:54,3,-1,1,MY9362,0,2,84
T325/2,T339/2,9:06:55,3,-1,1,MY9362,0,2,20
T409,T368,9:07:05,3,-1,1,AA7450,0,2,134
T356/1,T358,9:07:37,3,-1,1,MY9491,0,2,177
M127,M125,9:07:47,3,-1,1,MX7866,0,2,83
T368,T324/2,9:07:47,3,-1,1,AA7450,0,2,32
T355/1,C691,9:08:28,3,-1,1,MY7560,1,2,329
T339/2,T408/1,9:08:48,3,-1,-1,MY9362,0,2,70
T324/2,T327,9:09:08,3,-1,1,AA7450,0,2,50
M125,M136/2,9:09:28,3,-1,1,MX7866,0,2,40
M182/1,T431,9:09:39,3,-1,1,MX7769,0,2,224
C691,C652,9:09:59,3,-1,1,MY7560,0,2,60
T327,T326/2,9:09:59,3,-1,1,AA7450,0,2,20
T430,M177,9:10:29,3,-1,1,MY9487,0,2,295
T431,T335,9:10:59,3,-1,1,MX7769,0,2,60
T358,T373/2,9:10:59,3,-1,1,MY9491,0,2,192
M136/2,M139/2,9:11:09,3,-1,2,MX7866,0,2,40
T408/1,T343,9:11:32,3,-1,-1,MY9362,0,2,123
C652,C655,9:11:52,3,-1,1,MY7560,0,2,103
T335,T338,9:12:02,3,-1,1,MX7769,0,2,10
T326/2,T337,9:12:12,3,-1,1,AA7450,0,2,93
T373/2,T375,9:12:43,3,-1,1,MY9491,0,2,30
C655,C657,9:13:03,3,-1,1,MY7560,0,2,50
T337,T334,9:13:03,3,-1,1,AA7450,0,2,30
M139/2,M184,9:13:23,3,-1,3,MX7866,0,2,50
C657,C686,9:13:34,3,-1,1,MY7560,0,2,21
T338,T326/3,9:13:44,3,-1,-1,MX7769,0,2,81
T375,T380,9:13:44,3,-1,1,MY9491,0,2,41
T343,T316,9:13:54,3,-1,1,MY9362,0,2,102
M177,M198,9:13:54,3,-1,2,MY9487,0,2,174
T334,T430,9:14:04,3,-1,1,AA7450,0,2,41
T380,T379,9:14:25,3,-1,1,MY9491,0,2,20
C686,C656,9:14:35,3,-1,1,MY7560,0,2,30
M184,M188,9:14:45,3,-1,1,MX7866,0,2,20
T326/3,T332/2,9:15:05,3,-1,1,MX7769,0,2,60
T379,T359,9:15:05,3,-1,1,MY9491,0,2,20
C656,C654/3,9:15:46,3,-1,1,MY7560,0,2,60
M188,M203/2,9:16:06,3,-1,1,MX7866,0,2,20
T316,T345/5,9:16:06,3,-1,1,MY9362,0,2,121
T359,T355/1,9:16:06,3,-1,1,MY9491,0,2,50
M198,M183/2,9:16:16,3,-1,3,MY9487,0,2,131
T332/2,T325/2,9:16:26,3,-1,1,MX7769,0,2,70
T325/2,T339/2,9:17:07,3,-1,1,MX7769,0,2,10
M183/2,M140/1,9:17:17,3,-1,1,MY9487,0,2,10
T345/5,T344,9:18:18,3,-1,1,MY9362,0,2,111
M140/1,M137/2,9:18:28,3,-1,1,MY9487,0,2,30
T344,T356/1,9:19:08,3,-1,1,MY9362,0,2,40
T430,M177,9:19:08,3,-1,1,AA7450,0,2,283
M137/2,M132/1,9:19:49,3,-1,2,MY9487,0,2,50
M203/2,M182/1,9:20:19,3,-1,1,MX7866,1,2,212
T355/1,C688/1,9:20:19,3,-1,1,MY9491,0,2,222
C688/1,C691,9:21:19,3,-1,1,MY9491,0,2,30
T339/2,T343,9:21:30,3,-1,-1,MX7769,1,2,232
T356/1,T358,9:21:30,3,-1,1,MY9362,0,2,101
C654/3,C653/2,9:21:30,3,-1,1,MY7560,0,2,70
T358,T373/2,9:22:50,3,-1,1,MY9362,0,2,40
C691,C652,9:23:21,3,-1,1,MY9491,0,2,90
T343,T316,9:23:34,3,-1,1,MX7769,0,2,94
C653/2,C692,9:23:44,3,-1,1,MY7560,0,2,114
M132/1,M200,9:23:44,3,-1,3,MY9487,0,2,114
C652,C655,9:23:54,3,-1,1,MY9491,0,2,20
M177,M183/2,9:24:05,3,-1,2,AA7450,1,2,266
C692,C689/1,9:24:15,3,-1,1,MY7560,0,2,10
M182/1,T431,9:24:25,3,-1,1,MX7866,0,2,215
T373/2,T375,9:24:35,3,-1,1,MY9362,0,2,40
C655,C657,9:25:15,3,-1,1,MY9491,0,2,50
T316,T345/5,9:25:36,3,-1,1,MX7769,0,2,111
M200,M201,9:25:36,3,-1,-1,MY9487,0,2,20
C657,C686,9:25:46,3,-1,1,MY9491,0,2,20
T375,T380,9:25:56,3,-1,1,MY9362,0,2,30
M183/2,M140/1,9:25:56,3,-1,1,AA7450,0,2,50
T431,T335,9:26:06,3,-1,1,MX7866,0,2,70
T380,T379,9:26:26,3,-1,1,MY9362,0,2,10
T335,T338,9:26:56,3,-1,1,MX7866,0,2,40
T345/5,T344,9:27:06,3,-1,1,MX7769,0,2,60
C686,C656,9:27:27,3,-1,1,MY9491,0,2,50
M201,M121,9:27:27,3,-1,2,MY9487,0,2,40
M140/1,M137/2,9:27:47,3,-1,1,AA7450,0,2,60
M22,M10,9:27:57,3,-1,1,AA7537,0,2,111
T379,T359,9:27:57,3,-1,1,MY9362,0,2,80
T344,T356/1,9:28:07,3,-1,1,MX7769,0,2,30
C656,C654/3,9:28:17,3,-1,1,MY9491,0,2,40
C689/1,T355/2,9:28:17,3,-1,1,MY7560,0,2,161
T359,T355/1,9:28:58,3,-1,1,MY9362,0,2,50
M137/2,M132/1,9:28:58,3,-1,2,AA7450,0,2,50
M121,M119,9:28:58,3,-1,2,MY9487,0,2,50
T356/1,T358,9:29:18,3,-1,1,MX7769,0,2,50
T358,T373/2,9:30:08,3,-1,1,MX7769,0,2,30
T355/2,T360,9:30:39,3,-1,1,MY7560,0,2,111
M10,M16/1,9:31:09,3,-1,1,AA7537,0,2,80
C654/3,C653/2,9:31:19,3,-1,1,MY9491,0,2,40
M119,M113,9:32:00,3,-1,-1,MY9487,0,2,111
T373/2,T375,9:32:10,3,-1,1,MX7769,0,2,40
T360,T376/1,9:32:10,3,-1,1,MY7560,0,2,80
T338,T339/2,9:32:20,3,-1,1,MX7866,3,2,283
M132/1,M200,9:32:34,3,-1,3,AA7450,0,2,165
C653/2,C692,9:33:04,3,-1,1,MY9491,0,2,64
T376/1,T363/1,9:33:15,3,-1,1,MY7560,0,2,54
T355/1,C688/1,9:33:35,3,-1,1,MY9362,0,2,236
M113,M94,9:33:55,3,-1,-1,MY9487,0,2,40
T363/1,T374,9:34:15,3,-1,1,MY7560,0,2,30
M200,M201,9:34:25,3,-1,-1,AA7450,0,2,20
T375,T359,9:34:35,3,-1,1,MX7769,2,2,121
M16/1,M109,9:34:56,3,-1,1,AA7537,0,2,70
T339/2,T408/1,9:35:06,3,-1,-1,MX7866,0,2,121
C688/1,C691,9:35:06,3,-1,1,MY9362,0,2,30
C692,C689/1,9:35:06,3,-1,1,MY9491,0,2,60
T374,T406,9:35:26,3,-1,1,MY7560,0,2,60
T359,T355/1,9:35:36,3,-1,1,MX7769,0,2,50
M201,M121,9:35:36,3,-1,2,AA7450,0,2,30
M94,M95/3,9:35:46,3,-1,-1,MY9487,0,2,80
T408/1,T343,9:36:37,3,-1,-1,MX7866,0,2,80
M121,M119,9:37:07,3,-1,2,AA7450,0,2,40
C691,C655,9:37:37,3,-1,1,MY9362,1,2,111
M109,M112,9:37:57,3,-1,2,AA7537,0,2,131
C689/1,T355/2,9:37:57,3,-1,1,MY9491,0,2,101
C655,C657,9:38:58,3,-1,1,MY9362,0,2,50
M119,M113,9:39:18,3,-1,-1,AA7450,0,2,90
T355/1,C688/1,9:39:29,3,-1,1,MX7769,0,2,222
C657,C686,9:39:39,3,-1,1,MY9362,0,2,20
T355/2,T360,9:39:49,3,-1,1,MY9491,0,2,90
M112,M127,9:40:49,3,-1,2,AA7537,0,2,60
T343,T345/5,9:40:49,3,-1,1,MX7866,1,2,212
C688/1,C691,9:41:20,3,-1,1,MX7769,0,2,70
C686,C656,9:41:20,3,-1,1,MY9362,0,2,30
M113,M94,9:41:20,3,-1,-1,AA7450,0,2,50
T360,T376/1,9:42:04,3,-1,1,MY9491,0,2,104
C656,C654/3,9:42:14,3,-1,1,MY9362,0,2,40
T406,T345/1,9:42:14,3,-1,-1,MY7560,0,2,327
T345/5,T344,9:42:24,3,-1,1,MX7866,0,2,50
M127,M125,9:43:04,3,-1,1,AA7537,0,2,60
T344,T356/1,9:43:04,3,-1,1,MX7866,0,2,30
C691,C652,9:43:35,3,-1,1,MX7769,0,2,111
T376/1,T363/1,9:44:05,3,-1,1,MY9491,0,2,111
C652,C655,9:44:15,3,-1,1,MX7769,0,2,30
C655,C657,9:45:06,3,-1,1,MX7769,0,2,40
M94,M95/3,9:45:06,3,-1,-1,AA7450,0,2,171
T345/1,T322,9:45:26,3,-1,-1,MY7560,0,2,151
C657,C686,9:45:36,3,-1,1,MX7769,0,2,20
M125,M136/2,9:45:46,3,-1,1,AA7537,0,2,80
T363/1,T406,9:45:46,3,-1,2,MY9491,1,2,70
T356/1,T358,9:45:56,3,-1,1,MX7866,0,2,141
M136/2,M139/2,9:46:47,3,-1,2,AA7537,0,2,20
T358,T373/2,9:46:57,3,-1,1,MX7866,0,2,30
C686,C656,9:47:07,3,-1,1,MX7769,0,2,30
T322,T342,9:47:57,3,-1,-1,MY7560,0,2,121
T373/2,T375,9:48:08,3,-1,1,MX7866,0,2,40
C656,C654/3,9:48:28,3,-1,1,MX7769,0,2,60
M139/2,M184,9:48:48,3,-1,2,AA7537,0,2,40
T375,T380,9:49:08,3,-1,1,MX7866,0,2,30
T380,T379,9:49:38,3,-1,1,MX7866,0,2,10
T342,T409,9:49:38,3,-1,1,MY7560,0,2,70
M184,M188,9:49:59,3,-1,1,AA7537,0,2,20
C654/3,C653/2,9:49:59,3,-1,1,MX7769,0,2,60
C654/3,T355/2,9:49:59,3,-1,1,MY9362,3,2,434
T379,T359,9:51:09,3,-1,1,MX7866,0,2,70
T409,T368,9:51:30,3,-1,1,MY7560,0,2,80
M16/1,M109,9:51:40,3,-1,1,MY9487,0,2,10
M188,M203/2,9:51:50,3,-1,1,AA7537,0,2,20
T355/2,T360,9:51:50,3,-1,1,MY9362,0,2,101
T359,T355/1,9:52:20,3,-1,1,MX7866,0,2,50
T368,T324/2,9:52:20,3,-1,1,MY7560,0,2,40
C653/2,C689/1,9:52:44,3,-1,1,MX7769,1,2,115
T360,T376/1,9:52:44,3,-1,1,MY9362,0,2,24
M203/2,M277,9:53:35,3,-1,-1,AA7537,0,2,50
T406,T345/1,9:53:35,3,-1,-1,MY9491,0,2,438
T324/2,T327,9:53:55,3,-1,1,MY7560,0,2,60
M109,M112,9:55:06,3,-1,2,MY9487,0,2,151
T327,T326/2,9:55:06,3,-1,1,MY7560,0,2,30
T376/1,T363/1,9:55:16,3,-1,1,MY9362,0,2,121
M277,M182/1,9:55:46,3,-1,1,AA7537,0,2,121
T326/2,T337,9:56:17,3,-1,1,MY7560,0,2,40
T363/1,T374,9:56:27,3,-1,1,MY9362,0,2,30
T345/1,T322,9:56:37,3,-1,-1,MY9491,0,2,121
T355/1,C688/1,9:56:57,3,-1,1,MX7866,0,2,262
T337,T334,9:57:07,3,-1,1,MY7560,0,2,30
C689/1,T360,9:57:27,3,-1,1,MX7769,1,2,252
T374,T406,9:57:38,3,-1,2,MY9362,0,2,30
M112,M127,9:57:48,3,-1,2,MY9487,0,2,131
T360,T376/1,9:58:08,3,-1,1,MX7769,0,2,20
T322,T342,9:58:08,3,-1,-1,MY9491,0,2,81
C688/1,C691,9:58:38,3,-1,1,MX7866,0,2,70
T334,T430,9:58:38,3,-1,1,MY7560,0,2,50
T342,T409,9:59:08,3,-1,1,MY9491,0,2,30
T376/1,T363/1,9:59:19,3,-1,1,MX7769,0,2,60
M127,M125,9:59:39,3,-1,1,MY9487,0,2,70
M182/1,T431,9:59:39,3,-1,1,AA7537,0,2,202
T363/1,T374,10:00:40,3,-1,1,MX7769,0,2,60
T409,T368,10:00:40,3,-1,1,MY9491,0,2,60
T431,T335,10:01:10,3,-1,1,AA7537,0,2,70
C691,C652,10:01:10,3,-1,1,MX7866,0,2,121
T368,T324/2,10:01:20,3,-1,1,MY9491,0,2,30
T374,T406,10:01:32,3,-1,1,MX7769,0,2,31
T335,T338,10:01:52,3,-1,1,AA7537,0,2,10
C652,C655,10:02:12,3,-1,1,MX7866,0,2,40
M95/3,M22,10:02:42,3,-1,1,AA7450,0,2,82
M125,M136/2,10:02:42,3,-1,1,MY9487,0,2,92
T324/2,T327,10:02:42,3,-1,1,MY9491,0,2,50
T338,T326/3,10:03:23,3,-1,-1,AA7537,0,2,60
C655,C657,10:03:23,3,-1,1,MX7866,0,2,40
T406,T345/1,10:03:23,3,-1,-1,MY9362,0,2,334
T430,M177,10:03:23,3,-1,1,MY7560,0,2,274
C657,C686,10:04:03,3,-1,1,MX7866,0,2,20
T326/3,T332/2,10:04:23,3,-1,1,AA7537,0,2,40
M136/2,M139/2,10:04:44,3,-1,2,MY9487,0,2,81
T327,T337,10:04:44,3,-1,1,MY9491,1,2,101
T337,T334,10:05:25,3,-1,1,MY9491,0,2,20
C686,C656,10:05:55,3,-1,1,MX7866,0,2,60
M177,M198,10:06:05,3,-1,1,MY7560,0,2,142
T332/2,T325/2,10:06:15,3,-1,1,AA7537,0,2,90
M22,M10,10:06:25,3,-1,1,AA7450,0,2,122
M139/2,M184,10:06:25,3,-1,1,MY9487,0,2,50
C656,C654/3,10:06:56,3,-1,1,MX7866,0,2,50
T334,T430,10:06:56,3,-1,1,MY9491,0,2,50
T325/2,T339/2,10:07:06,3,-1,1,AA7537,0,2,20
T406,T345/1,10:07:06,3,-1,-1,MX7769,0,2,324
M184,M188,10:07:26,3,-1,1,MY9487,0,2,10
M198,M183/2,10:07:46,3,-1,1,MY7560,0,2,90
T345/1,T342,10:07:56,3,-1,-1,MY9362,1,2,253
T339/2,T408/1,10:08:47,3,-1,-1,AA7537,0,2,70
M10,M16/1,10:08:57,3,-1,1,AA7450,0,2,121
M188,M203/2,10:09:17,3,-1,1,MY9487,0,2,80
M183/2,M140/1,10:09:17,3,-1,1,MY7560,0,2,10
T345/1,T322,10:09:37,3,-1,-1,MX7769,0,2,131
T342,T368,10:10:08,3,-1,1,MY9362,1,2,101
T408/1,T343,10:10:48,3,-1,-1,AA7537,0,2,101
C654/3,C653/2,10:10:48,3,-1,1,MX7866,0,2,70
T368,T324/2,10:10:48,3,-1,1,MY9362,0,2,30
M203/2,M277,10:11:08,3,-1,-1,MY9487,0,2,60
M16/1,M109,10:11:28,3,-1,1,AA7450,0,2,80
T430,M177,10:11:28,3,-1,1,MY9491,0,2,262
M140/1,M132/1,10:11:49,3,-1,2,MY7560,1,2,101
T322,T342,10:12:09,3,-1,-1,MX7769,0,2,141
T324/2,T327,10:12:19,3,-1,1,MY9362,0,2,70
C653/2,C692,10:12:39,3,-1,1,MX7866,0,2,50
T343,T316,10:12:59,3,-1,1,AA7537,0,2,80
T342,T409,10:13:20,3,-1,1,MX7769,0,2,40
C692,C689/1,10:13:40,3,-1,1,MX7866,0,2,30
M132/1,M200,10:13:50,3,-1,2,MY7560,0,2,20
M277,M182/1,10:14:00,3,-1,1,MY9487,0,2,161
M177,M198,10:14:00,3,-1,1,MY9491,0,2,131
T409,T368,10:14:34,3,-1,1,MX7769,0,2,64
M200,M201,10:14:34,3,-1,-1,MY7560,0,2,14
T316,T345/5,10:15:15,3,-1,1,AA7537,0,2,115
M201,M121,10:15:35,3,-1,2,MY7560,0,2,20
T368,T324/2,10:15:45,3,-1,1,MX7769,0,2,40
M95/3,M22,10:15:55,3,-1,1,AC3449,0,2,50
M109,M112,10:15:55,3,-1,2,AA7450,0,2,155
M198,M183/2,10:16:15,3,-1,2,MY9491,0,2,101
T327,T326/2,10:16:25,3,-1,1,MY9362,0,2,216
T345/5,T344,10:16:36,3,-1,1,AA7537,0,2,40
C689/1,T355/2,10:16:36,3,-1,1,MX7866,0,2,135
M121,M119,10:17:06,3,-1,2,MY7560,0,2,40
T344,T356/1,10:17:16,3,-1,1,AA7537,0,2,20
T324/2,T327,10:17:16,3,-1,1,MX7769,0,2,60
M183/2,M140/1,10:17:26,3,-1,1,MY9491,0,2,10
M182/1,T431,10:17:56,3,-1,1,MY9487,0,2,202
T326/2,T337,10:17:56,3,-1,1,MY9362,0,2,70
M112,M127,10:18:17,3,-1,1,AA7450,0,2,70
T327,T326/2,10:18:17,3,-1,1,MX7769,0,2,30
M22,M10,10:18:37,3,-1,1,AC3449,0,2,90
T337,T334,10:18:47,3,-1,1,MY9362,0,2,20
M119,M113,10:18:57,3,-1,-1,MY7560,0,2,60
T355/2,T360,10:19:07,3,-1,1,MX7866,0,2,121
T326/2,T337,10:19:17,3,-1,1,MX7769,0,2,50
T431,T335,10:19:37,3,-1,1,MY9487,0,2,90
T356/1,T358,10:19:37,3,-1,1,AA7537,0,2,101
M140/1,M137/2,10:19:58,3,-1,1,MY9491,0,2,80
T337,T334,10:20:08,3,-1,1,MX7769,0,2,30
M113,M94,10:20:08,3,-1,-1,MY7560,0,2,30
T335,T338,10:20:28,3,-1,1,MY9487,0,2,10
T358,T373/2,10:20:28,3,-1,1,AA7537,0,2,20
M127,M125,10:20:38,3,-1,1,AA7450,0,2,60
M137/2,M132/1,10:20:48,3,-1,1,MY9491,0,2,30
T373/2,T375,10:21:19,3,-1,1,AA7537,0,2,20
T360,T376/1,10:21:29,3,-1,1,MX7866,0,2,111
M10,M16/1,10:21:49,3,-1,1,AC3449,0,2,111
T338,T326/3,10:22:09,3,-1,-1,MY9487,0,2,70
T375,T380,10:22:29,3,-1,1,AA7537,0,2,40
M132/1,M200,10:22:29,3,-1,2,MY9491,0,2,60
M94,M95/3,10:23:00,3,-1,-1,MY7560,0,2,141
T380,T379,10:23:10,3,-1,1,AA7537,0,2,10
T326/3,T332/2,10:23:30,3,-1,1,MY9487,0,2,70
T376/1,T363/1,10:23:30,3,-1,1,MX7866,0,2,111
M200,M201,10:23:50,3,-1,-1,MY9491,0,2,50
M16/1,M109,10:24:00,3,-1,1,AC3449,0,2,80
M125,M139/2,10:24:10,3,-1,2,AA7450,1,2,131
T379,T359,10:24:10,3,-1,1,AA7537,0,2,30
T363/1,T374,10:24:44,3,-1,1,MX7866,0,2,64
T332/2,T325/2,10:25:14,3,-1,1,MY9487,0,2,74
T359,T355/1,10:25:14,3,-1,1,AA7537,0,2,54
T374,T406,10:25:25,3,-1,1,MX7866,0,2,30
M201,M121,10:25:25,3,-1,2,MY9491,0,2,40
T334,M177,10:25:55,3,-1,1,MY9362,1,2,377
M139/2,M184,10:26:05,3,-1,1,AA7450,0,2,40
T325/2,T339/2,10:26:15,3,-1,1,MY9487,0,2,20
T334,M177,10:26:15,3,-1,1,MX7769,1,2,347
M121,M119,10:26:25,3,-1,2,MY9491,0,2,30
M184,M188,10:27:36,3,-1,1,AA7450,0,2,40
M109,M112,10:28:16,3,-1,1,AC3449,0,2,141
T339/2,T408/1,10:28:26,3,-1,-1,MY9487,0,2,101
M177,M198,10:28:57,3,-1,2,MY9362,0,2,171
M188,M203/2,10:29:17,3,-1,1,AA7450,0,2,70
T355/1,C688/1,10:29:17,3,-1,1,AA7537,0,2,232
M119,M113,10:29:47,3,-1,-1,MY9491,0,2,131
M198,M183/2,10:29:57,3,-1,2,MY9362,0,2,50
C688/1,C691,10:30:07,3,-1,1,AA7537,0,2,30
M177,M183/2,10:30:07,3,-1,1,MX7769,1,2,222
M203/2,M277,10:30:18,3,-1,-1,AA7450,0,2,50
T406,T345/1,10:30:38,3,-1,-1,MX7866,0,2,292
M183/2,M140/1,10:30:38,3,-1,1,MY9362,0,2,10
M113,M94,10:30:48,3,-1,-1,MY9491,0,2,20
M112,M127,10:30:58,3,-1,1,AC3449,0,2,40
T408/1,T343,10:31:28,3,-1,-1,MY9487,0,2,151
M183/2,M140/1,10:31:38,3,-1,1,MX7769,0,2,40
M95/3,M22,10:31:48,3,-1,1,AC3709,0,2,50
C691,C652,10:32:09,3,-1,1,AA7537,0,2,91
M277,M182/1,10:32:39,3,-1,1,AA7450,0,2,131
M94,M95/3,10:32:39,3,-1,-1,MY9491,0,2,91
T345/1,T322,10:32:49,3,-1,-1,MX7866,0,2,101
M22,M10,10:33:20,3,-1,2,AC3709,0,2,40
M140/1,M137/2,10:33:20,3,-1,1,MY9362,0,2,131
C652,C655,10:33:32,3,-1,1,AA7537,0,2,52
M140/1,M137/2,10:33:32,3,-1,1,MX7769,0,2,72
T343,T316,10:33:42,3,-1,1,MY9487,0,2,102
M127,M125,10:34:22,3,-1,1,AC3449,0,2,123
M137/2,M132/1,10:34:42,3,-1,2,MY9362,0,2,50
C655,C657,10:34:52,3,-1,1,AA7537,0,2,50
M137/2,M132/1,10:34:52,3,-1,2,MX7769,0,2,50
T322,T342,10:35:13,3,-1,-1,MX7866,0,2,112
C657,C686,10:35:33,3,-1,1,AA7537,0,2,30
M182/1,T431,10:36:13,3,-1,1,AA7450,0,2,203
T316,T345/5,10:36:23,3,-1,1,MY9487,0,2,141
T342,T409,10:36:23,3,-1,1,MX7866,0,2,50
M10,M16/1,10:36:35,3,-1,3,AC3709,0,2,61
M125,M136/2,10:36:35,3,-1,1,AC3449,0,2,81
M136/2,M139/2,10:37:15,3,-1,1,AC3449,0,2,30
C686,C656,10:37:15,3,-1,1,AA7537,0,2,40
T409,T368,10:37:35,3,-1,1,MX7866,0,2,60
M132/1,M200,10:37:45,3,-1,3,MY9362,0,2,91
T431,T335,10:38:06,3,-1,1,AA7450,0,2,80
C656,C654/3,10:38:16,3,-1,1,AA7537,0,2,50
T368,T324/2,10:38:16,3,-1,1,MX7866,0,2,30
T345/5,T344,10:38:36,3,-1,1,MY9487,0,2,111
T335,T338,10:38:56,3,-1,1,AA7450,0,2,10
M200,M201,10:38:56,3,-1,-1,MY9362,0,2,20
M16/1,M109,10:39:06,3,-1,1,AC3709,0,2,20
M132/1,M200,10:39:06,3,-1,3,MX7769,0,2,151
M139/2,M184,10:39:27,3,-1,1,AC3449,0,2,40
T344,T356/1,10:39:27,3,-1,1,MY9487,0,2,30
T324/2,T327,10:39:57,3,-1,1,MX7866,0,2,60
T338,T326/3,10:40:07,3,-1,-1,AA7450,0,2,60
M201,M121,10:40:17,3,-1,2,MY9362,0,2,50
M200,M201,10:40:27,3,-1,-1,MX7769,0,2,20
T327,T326/2,10:40:58,3,-1,1,MX7866,0,2,30
M184,M188,10:41:08,3,-1,1,AC3449,0,2,50
T326/3,T332/2,10:41:28,3,-1,1,AA7450,0,2,50
M188,M203/2,10:41:48,3,-1,1,AC3449,0,2,20
M201,M121,10:41:48,3,-1,2,MX7769,0,2,50
M121,M119,10:41:48,3,-1,2,MY9362,0,2,40
T326/2,T337,10:41:58,3,-1,1,MX7866,0,2,50
T356/1,T358,10:42:08,3,-1,1,MY9487,0,2,151
T332/2,T325/2,10:42:49,3,-1,1,AA7450,0,2,60
T337,T334,10:42:49,3,-1,1,MX7866,0,2,20
M109,M112,10:42:59,3,-1,2,AC3709,0,2,171
T358,T373/2,10:43:19,3,-1,1,MY9487,0,2,40
M121,M119,10:43:19,3,-1,2,MX7769,0,2,70
M203/2,M277,10:43:29,3,-1,-1,AC3449,0,2,50
T325/2,T339/2,10:43:39,3,-1,1,AA7450,0,2,20
T373/2,T375,10:44:35,3,-1,1,MY9487,0,2,35
C654/3,C692,10:44:35,3,-1,1,AA7537,1,2,187
T334,T430,10:44:45,3,-1,1,MX7866,0,2,66
T375,T380,10:45:26,3,-1,1,MY9487,0,2,30
M112,M127,10:45:36,3,-1,2,AC3709,0,2,40
T339/2,T408/1,10:45:46,3,-1,-1,AA7450,0,2,86
M119,M94,10:45:46,3,-1,-1,MY9362,1,2,227
M277,M182/1,10:45:56,3,-1,1,AC3449,0,2,136
M119,M94,10:45:56,3,-1,-1,MX7769,1,2,146
T380,T379,10:46:06,3,-1,1,MY9487,0,2,20
M94,M95/3,10:46:57,3,-1,-1,MY9362,0,2,60
T379,T359,10:47:07,3,-1,1,MY9487,0,2,20
M94,M95/3,10:47:17,3,-1,-1,MX7769,0,2,60
M95/3,M22,10:47:57,3,-1,1,AC3674,0,2,50
M127,M125,10:47:57,3,-1,1,AC3709,0,2,40
T408/1,T343,10:48:17,3,-1,-1,AA7450,0,2,90
T359,T355/1,10:48:38,3,-1,1,MY9487,0,2,70
C692,T355/2,10:48:48,3,-1,1,AA7537,1,2,242
M182/1,T431,10:49:38,3,-1,1,AC3449,0,2,191
M22,M10,10:49:58,3,-1,1,AC3674,0,2,50
T430,M177,10:49:58,3,-1,1,MX7866,0,2,292
T343,T316,10:50:08,3,-1,1,AA7450,0,2,80
M125,M136/2,10:50:19,3,-1,2,AC3709,0,2,90
T355/2,T360,10:50:39,3,-1,1,AA7537,0,2,90
M136/2,M139/2,10:50:59,3,-1,1,AC3709,0,2,30
T431,T335,10:51:29,3,-1,1,AC3449,0,2,70
M10,M16/1,10:51:49,3,-1,2,AC3674,0,2,60
T335,T338,10:52:10,3,-1,1,AC3449,0,2,10
T316,T345/5,10:52:33,3,-1,-1,AA7450,0,2,124
T360,T376/1,10:52:44,3,-1,1,AA7537,0,2,94
M177,M198,10:52:44,3,-1,2,MX7866,0,2,134
T355/1,C688/1,10:52:54,3,-1,1,MY9487,0,2,246
M139/2,M184,10:53:14,3,-1,1,AC3709,0,2,40
T338,T326/3,10:53:44,3,-1,-1,AC3449,0,2,60
M16/1,M109,10:53:54,3,-1,1,AC3674,0,2,60
M184,M188,10:54:25,3,-1,1,AC3709,0,2,10
C688/1,C691,10:54:25,3,-1,1,MY9487,0,2,40
T345/5,T344,10:54:45,3,-1,1,AA7450,0,2,90
T326/3,T332/2,10:54:55,3,-1,1,AC3449,0,2,40
T376/1,T363/1,10:54:55,3,-1,1,AA7537,0,2,121
M198,M183/2,10:55:15,3,-1,2,MX7866,0,2,141
M188,M203/2,10:55:35,3,-1,1,AC3709,0,2,20
T344,T356/1,10:55:45,3,-1,1,AA7450,0,2,30
T363/1,T374,10:56:06,3,-1,1,AA7537,0,2,50
T332/2,T325/2,10:56:36,3,-1,1,AC3449,0,2,60
T374,T406,10:56:36,3,-1,1,AA7537,0,2,20
M183/2,M140/1,10:56:46,3,-1,2,MX7866,0,2,20
C691,C652,10:56:56,3,-1,1,MY9487,0,2,101
T356/1,T358,10:57:27,3,-1,1,AA7450,0,2,70
M109,M112,10:57:37,3,-1,1,AC3674,0,2,182
T325/2,T339/2,10:57:37,3,-1,1,AC3449,0,2,20
C652,C655,10:58:07,3,-1,1,MY9487,0,2,30
T358,T373/2,10:58:17,3,-1,1,AA7450,0,2,20
M203/2,M182/1,10:59:18,3,-1,1,AC3709,1,2,192
T339/2,T408/1,10:59:18,3,-1,-1,AC3449,0,2,70
M140/1,M137/2,10:59:28,3,-1,1,MX7866,0,2,101
T373/2,T375,10:59:38,3,-1,1,AA7450,0,2,50
C655,C657,10:59:38,3,-1,1,MY9487,0,2,50
M112,M127,11:00:08,3,-1,1,AC3674,0,2,40
C657,C686,11:00:39,3,-1,1,MY9487,0,2,20
M137/2,M132/1,11:00:49,3,-1,1,MX7866,0,2,50
T408/1,T343,11:01:09,3,-1,-1,AC3449,0,2,70
T375,T380,11:01:29,3,-1,1,AA7450,0,2,90
M127,M125,11:01:39,3,-1,1,AC3674,0,2,40
T380,T379,11:02:10,3,-1,1,AA7450,0,2,20
T406,T345/1,11:02:40,3,-1,-1,AA7537,0,2,333
C686,C656,11:02:50,3,-1,1,MY9487,0,2,90
M125,M136/2,11:03:00,3,-1,1,AC3674,0,2,30
M182/1,T431,11:03:10,3,-1,1,AC3709,0,2,202
T379,T359,11:03:20,3,-1,1,AA7450,0,2,40
T343,T316,11:03:34,3,-1,1,AC3449,0,2,104
M132/1,M200,11:03:34,3,-1,3,MX7866,0,2,114
T431,T335,11:04:14,3,-1,1,AC3709,0,2,53
T359,T355/1,11:04:34,3,-1,1,AA7450,0,2,60
M136/2,M139/2,11:04:45,3,-1,2,AC3674,0,2,70
C656,C654/3,11:04:45,3,-1,1,MY9487,0,2,60
T335,T338,11:05:05,3,-1,1,AC3709,0,2,10
M200,M201,11:05:05,3,-1,-1,MX7866,0,2,30
T316,T345/5,11:05:35,3,-1,1,AC3449,0,2,111
T338,T326/3,11:06:36,3,-1,-1,AC3709,0,2,50
M201,M121,11:06:46,3,-1,2,MX7866,0,2,40
M139/2,M184,11:07:16,3,-1,1,AC3674,0,2,50
T345/1,T322,11:07:16,3,-1,-1,AA7537,0,2,161
T345/5,T344,11:07:26,3,-1,1,AC3449,0,2,90
T326/3,T332/2,11:07:36,3,-1,1,AC3709,0,2,30
T344,T356/1,11:08:07,3,-1,1,AC3449,0,2,30
M121,M119,11:08:27,3,-1,2,MX7866,0,2,50
M184,M188,11:08:37,3,-1,1,AC3674,0,2,10
T322,T342,11:08:47,3,-1,-1,AA7537,0,2,80
T332/2,T325/2,11:08:57,3,-1,1,AC3709,0,2,50
T355/1,C688/1,11:08:57,3,-1,1,AA7450,0,2,232
M22,M10,11:09:58,3,-1,1,MY7560,0,2,121
M188,M203/2,11:09:58,3,-1,1,AC3674,0,2,20
M119,M113,11:10:08,3,-1,-1,MX7866,0,2,70
T325/2,T339/2,11:10:18,3,-1,1,AC3709,0,2,30
T342,T409,11:10:38,3,-1,1,AA7537,0,2,60
M113,M94,11:11:29,3,-1,-1,MX7866,0,2,30
C688/1,C691,11:11:39,3,-1,1,AA7450,0,2,80
T409,T368,11:11:39,3,-1,1,AA7537,0,2,30
T339/2,T408/1,11:11:49,3,-1,-1,AC3709,0,2,60
T356/1,T358,11:11:49,3,-1,1,AC3449,0,2,202
M10,M16/1,11:12:09,3,-1,1,MY7560,0,2,60
C654/3,C653/2,11:12:19,3,-1,1,MY9487,0,2,434
T368,T324/2,11:12:39,3,-1,1,AA7537,0,2,30
T358,T373/2,11:12:50,3,-1,1,AC3449,0,2,30
C691,C652,11:12:50,3,-1,1,AA7450,0,2,30
M94,M95/3,11:13:00,3,-1,-1,MX7866,0,2,60
M16/1,M109,11:13:20,3,-1,1,MY7560,0,2,10
C653/2,C692,11:13:42,3,-1,1,MY9487,0,2,73
M203/2,M182/1,11:13:53,3,-1,1,AC3674,1,2,194
T408/1,T343,11:14:13,3,-1,-1,AC3709,0,2,73
T373/2,T375,11:14:13,3,-1,1,AC3449,0,2,30
T324/2,T327,11:14:13,3,-1,1,AA7537,0,2,52
C652,C655,11:14:33,3,-1,1,AA7450,0,2,93
M95/3,M22,11:14:43,3,-1,1,MY9362,0,2,113
T375,T380,11:15:03,3,-1,1,AC3449,0,2,30
T327,T326/2,11:15:13,3,-1,1,AA7537,0,2,30
C692,C689/1,11:15:34,3,-1,1,MY9487,0,2,70
T380,T379,11:15:54,3,-1,1,AC3449,0,2,20
C655,C657,11:15:54,3,-1,1,AA7450,0,2,50
M109,M112,11:16:04,3,-1,2,MY7560,0,2,111
T343,T316,11:16:24,3,-1,1,AC3709,0,2,80
T326/2,T337,11:16:34,3,-1,1,AA7537,0,2,60
C657,C686,11:16:44,3,-1,1,AA7450,0,2,30
T337,T334,11:17:25,3,-1,1,AA7537,0,2,30
M182/1,T431,11:17:35,3,-1,1,AC3674,0,2,202
T379,T359,11:18:15,3,-1,1,AC3449,0,2,60
M22,M10,11:18:25,3,-1,1,MY9362,0,2,90
T316,T345/5,11:18:25,3,-1,1,AC3709,0,2,111
C686,C656,11:18:25,3,-1,1,AA7450,0,2,50
M112,M127,11:18:35,3,-1,1,MY7560,0,2,40
C689/1,T355/2,11:18:45,3,-1,1,MY9487,0,2,151
T334,T430,11:18:56,3,-1,1,AA7537,0,2,50
T431,T335,11:19:06,3,-1,1,AC3674,0,2,80
T359,T355/1,11:19:16,3,-1,1,AC3449,0,2,50
T335,T338,11:19:36,3,-1,1,AC3674,0,2,10
C656,C654/3,11:19:46,3,-1,1,AA7450,0,2,50
M127,M125,11:20:37,3,-1,1,MY7560,0,2,30
T345/5,T344,11:20:47,3,-1,1,AC3709,0,2,40
M10,M16/1,11:20:57,3,-1,2,MY9362,0,2,80
T338,T326/3,11:21:17,3,-1,-1,AC3674,0,2,70
T355/2,T360,11:21:17,3,-1,1,MY9487,0,2,111
T344,T356/1,11:21:27,3,-1,1,AC3709,0,2,20
C654/3,C653/2,11:21:47,3,-1,1,AA7450,0,2,101
M16/1,M109,11:22:08,3,-1,1,MY9362,0,2,30
T326/3,T332/2,11:22:18,3,-1,1,AC3674,0,2,50
T360,T376/1,11:22:38,3,-1,1,MY9487,0,2,70
M125,M136/2,11:23:08,3,-1,1,MY7560,0,2,90
T356/1,T358,11:23:08,3,-1,1,AC3709,0,2,60
C653/2,C692,11:23:08,3,-1,1,AA7450,0,2,60
T355/1,C688/1,11:23:28,3,-1,1,AC3449,0,2,232
T332/2,T325/2,11:23:59,3,-1,1,AC3674,0,2,60
M136/2,M139/2,11:24:09,3,-1,1,MY7560,0,2,10
T430,M177,11:24:09,3,-1,1,AA7537,0,2,292
T358,T373/2,11:24:19,3,-1,1,AC3709,0,2,30
C692,C689/1,11:24:19,3,-1,1,AA7450,0,2,10
T325/2,T339/2,11:24:49,3,-1,1,AC3674,0,2,10
T376/1,T363/1,11:24:59,3,-1,1,MY9487,0,2,111
C688/1,C691,11:25:30,3,-1,1,AC3449,0,2,70
T373/2,T375,11:25:40,3,-1,1,AC3709,0,2,50
M139/2,M184,11:26:00,3,-1,2,MY7560,0,2,40
T375,T380,11:26:20,3,-1,1,AC3709,0,2,20
T363/1,T374,11:26:38,3,-1,1,MY9487,0,2,37
M184,M188,11:26:58,3,-1,1,MY7560,0,2,20
T339/2,T408/1,11:26:58,3,-1,-1,AC3674,0,2,88
T380,T379,11:26:58,3,-1,1,AC3709,0,2,20
C689/1,T355/2,11:26:58,3,-1,1,AA7450,0,2,138
M177,M198,11:26:58,3,-1,2,AA7537,0,2,128
M109,M127,11:27:28,3,-1,1,MY9362,1,2,260
T379,T359,11:27:28,3,-1,1,AC3709,0,2,10
C691,C652,11:27:38,3,-1,2,AC3449,0,2,98
T374,T406,11:27:38,3,-1,2,MY9487,0,2,20
T359,T355/1,11:28:44,3,-1,1,AC3709,0,2,65
C652,C655,11:29:04,3,-1,1,AC3449,0,2,41
T355/2,T360,11:29:04,3,-1,1,AA7450,0,2,106
M203/2,M277,11:29:14,3,-1,-1,MY7560,0,2,40
M198,M183/2,11:29:14,3,-1,3,AA7537,0,2,116
T408/1,T343,11:29:25,3,-1,-1,AC3674,0,2,61
M127,M125,11:29:56,3,-1,1,MY9362,0,2,51
M95/3,M22,11:30:57,3,-1,2,MY9491,0,2,112
M183/2,M140/1,11:30:57,3,-1,2,AA7537,0,2,40
T360,T376/1,11:31:07,3,-1,1,AA7450,0,2,102
C655,C686,11:31:17,3,-1,1,AC3449,1,2,100
M277,M182/1,11:31:37,3,-1,1,MY7560,0,2,132
T343,T316,11:31:37,3,-1,1,AC3674,0,2,91
M125,M136/2,11:31:58,3,-1,1,MY9362,0,2,70
M140/1,M137/2,11:32:28,3,-1,1,AA7537,0,2,40
T376/1,T363/1,11:32:38,3,-1,1,AA7450,0,2,81
T355/1,C688/1,11:32:48,3,-1,1,AC3709,0,2,223
C686,C656,11:32:58,3,-1,1,AC3449,0,2,70
M22,M10,11:33:08,3,-1,1,MY9491,0,2,80
T316,T345/5,11:33:08,3,-1,1,AC3674,0,2,80
T363/1,T374,11:33:39,3,-1,1,AA7450,0,2,50
M136/2,M139/2,11:34:09,3,-1,2,MY9362,0,2,20
C656,C654/3,11:34:09,3,-1,1,AC3449,0,2,60
T374,T406,11:34:19,3,-1,1,AA7450,0,2,30
C688/1,C691,11:34:39,3,-1,1,AC3709,0,2,60
T406,T345/1,11:34:49,3,-1,-1,MY9487,0,2,365
M137/2,M132/1,11:34:49,3,-1,1,AA7537,0,2,60
M182/1,T431,11:35:30,3,-1,1,MY7560,0,2,191
M10,M16/1,11:35:40,3,-1,1,MY9491,0,2,80
M132/1,M200,11:35:50,3,-1,3,AA7537,0,2,20
M139/2,M184,11:36:20,3,-1,2,MY9362,0,2,90
T345/5,T344,11:36:34,3,-1,1,AC3674,0,2,74
M200,M201,11:36:55,3,-1,-1,AA7537,0,2,20
C691,C652,11:37:05,3,-1,1,AC3709,0,2,115
M16/1,M109,11:37:15,3,-1,1,MY9491,0,2,20
T431,T335,11:37:15,3,-1,1,MY7560,0,2,64
M184,M188,11:37:25,3,-1,1,MY9362,0,2,20
C652,C655,11:37:55,3,-1,1,AC3709,0,2,40
T335,T338,11:38:05,3,-1,1,MY7560,0,2,10
M188,M203/2,11:38:15,3,-1,1,MY9362,0,2,20
T344,T356/1,11:38:15,3,-1,1,AC3674,0,2,30
M201,M121,11:38:15,3,-1,2,AA7537,0,2,70
C655,C657,11:38:46,3,-1,1,AC3709,0,2,40
T345/1,T322,11:38:56,3,-1,-1,MY9487,0,2,185
T338,T326/3,11:39:06,3,-1,-1,MY7560,0,2,50
C657,C686,11:39:16,3,-1,1,AC3709,0,2,20
M203/2,M277,11:39:36,3,-1,-1,MY9362,0,2,60
T326/3,T332/2,11:39:56,3,-1,1,MY7560,0,2,40
C654/3,C653/2,11:39:56,3,-1,1,AC3449,0,2,60
T356/1,T358,11:40:07,3,-1,1,AC3674,0,2,101
C686,C656,11:40:47,3,-1,1,AC3709,0,2,60
T358,T373/2,11:41:07,3,-1,1,AC3674,0,2,30
M121,M119,11:41:07,3,-1,2,AA7537,0,2,81
M109,M127,11:41:28,3,-1,1,MY9491,1,2,202
T322,T342,11:41:28,3,-1,-1,MY9487,0,2,141
C656,C654/3,11:41:38,3,-1,1,AC3709,0,2,40
M277,M182/1,11:41:58,3,-1,1,MY9362,0,2,131
C653/2,C692,11:41:58,3,-1,1,AC3449,0,2,91
T332/2,T325/2,11:42:08,3,-1,1,MY7560,0,2,70
T406,T345/1,11:42:08,3,-1,-1,AA7450,0,2,449
M127,M125,11:42:28,3,-1,1,MY9491,0,2,20
T342,T409,11:42:28,3,-1,1,MY9487,0,2,30
T373/2,T375,11:42:39,3,-1,1,AC3674,0,2,20
T325/2,T339/2,11:43:19,3,-1,1,MY7560,0,2,30
C692,C689/1,11:43:29,3,-1,1,AC3449,0,2,61
C654/3,C653/2,11:43:50,3,-1,1,AC3709,0,2,91
T409,T368,11:43:50,3,-1,1,MY9487,0,2,61
M119,M113,11:44:10,3,-1,-1,AA7537,0,2,122
T375,T380,11:44:30,3,-1,1,AC3674,0,2,50
T345/1,T322,11:45:01,3,-1,-1,AA7450,0,2,162
T368,T324/2,11:45:01,3,-1,1,MY9487,0,2,30
T380,T379,11:45:21,3,-1,1,AC3674,0,2,10
T339/2,T408/1,11:45:34,3,-1,-1,MY7560,0,2,104
C653/2,C692,11:45:34,3,-1,1,AC3709,0,2,94
M125,M136/2,11:45:54,3,-1,1,MY9491,0,2,94
M113,M94,11:45:54,3,-1,-1,AA7537,0,2,33
T379,T359,11:46:05,3,-1,1,AC3674,0,2,10
M136/2,M139/2,11:46:25,3,-1,2,MY9491,0,2,10
T324/2,T327,11:46:55,3,-1,1,MY9487,0,2,60
T359,T355/1,11:47:05,3,-1,1,AC3674,0,2,50
M182/1,T335,11:47:15,3,-1,1,MY9362,1,2,287
C692,C689/1,11:47:15,3,-1,1,AC3709,0,2,40
T322,T342,11:47:46,3,-1,-1,AA7450,0,2,154
T335,T338,11:47:56,3,-1,1,MY9362,0,2,10
T408/1,T343,11:47:56,3,-1,-1,MY7560,0,2,101
T327,T326/2,11:48:06,3,-1,1,MY9487,0,2,30
M94,M95/3,11:48:06,3,-1,-1,AA7537,0,2,81
C689/1,T360,11:48:16,3,-1,1,AC3449,1,2,256
M139/2,M184,11:48:26,3,-1,1,MY9491,0,2,91
M184,M188,11:49:07,3,-1,1,MY9491,0,2,10
T338,T326/3,11:49:17,3,-1,-1,MY9362,0,2,70
M95/3,M22,11:49:27,3,-1,1,MX7769,0,2,111
T326/2,T337,11:49:27,3,-1,1,MY9487,0,2,70
M188,M203/2,11:49:47,3,-1,1,MY9491,0,2,10
T343,T316,11:49:57,3,-1,1,MY7560,0,2,80
T360,T376/1,11:49:57,3,-1,1,AC3449,0,2,80
T342,T409,11:49:57,3,-1,1,AA7450,0,2,60
C689/1,T355/2,11:50:17,3,-1,1,AC3709,0,2,131
T337,T334,11:50:17,3,-1,1,MY9487,0,2,30
T376/1,T363/1,11:51:08,3,-1,1,AC3449,0,2,40
M203/2,M277,11:51:18,3,-1,-1,MY9491,0,2,60
T355/1,C688/1,11:51:28,3,-1,1,AC3674,0,2,232
T409,T368,11:51:38,3,-1,1,AA7450,0,2,70
T316,T345/5,11:52:09,3,-1,1,MY7560,0,2,121
M22,M10,11:52:19,3,-1,1,MX7769,0,2,121
T326/3,T325/2,11:52:19,3,-1,1,MY9362,1,2,161
T355/2,T360,11:52:19,3,-1,1,AC3709,0,2,101
T368,T324/2,11:52:39,3,-1,1,AA7450,0,2,50
T363/1,T374,11:52:49,3,-1,1,AC3449,0,2,50
M277,M182/1,11:53:19,3,-1,1,MY9491,0,2,111
T325/2,T339/2,11:53:19,3,-1,1,MY9362,0,2,20
C688/1,C691,11:53:39,3,-1,1,AC3674,0,2,90
T374,T406,11:53:39,3,-1,1,AC3449,0,2,30
T345/5,T344,11:53:50,3,-1,1,MY7560,0,2,80
T324/2,T327,11:54:10,3,-1,1,AA7450,0,2,60
M10,M16/1,11:54:20,3,-1,1,MX7769,0,2,70
T360,T376/1,11:54:20,3,-1,1,AC3709,0,2,90
T344,T356/1,11:54:45,3,-1,1,MY7560,0,2,24
T327,T326/2,11:54:45,3,-1,1,AA7450,0,2,24
C691,C652,11:55:25,3,-1,1,AC3674,0,2,65
T376/1,T363/1,11:55:25,3,-1,1,AC3709,0,2,50
T339/2,T408/1,11:55:35,3,-1,-1,MY9362,0,2,95
T326/2,T337,11:55:56,3,-1,1,AA7450,0,2,60
M16/1,M109,11:56:16,3,-1,1,MX7769,0,2,20
T356/1,T358,11:56:46,3,-1,1,MY7560,0,2,101
T337,T334,11:56:46,3,-1,1,AA7450,0,2,20
T334,M177,11:56:46,3,-1,1,MY9487,1,2,358
T363/1,T374,11:56:56,3,-1,1,AC3709,0,2,40
T358,T373/2,11:57:27,3,-1,1,MY7560,0,2,30
C652,C655,11:57:27,3,-1,1,AC3674,0,2,40
T374,T406,11:57:57,3,-1,1,AC3709,0,2,30
T408/1,T343,11:58:27,3,-1,-1,MY9362,0,2,161
M182/1,T335,11:58:47,3,-1,1,MY9491,1,2,287
T373/2,T375,11:58:47,3,-1,1,MY7560,0,2,20
C655,C657,11:58:47,3,-1,1,AC3674,0,2,40
C657,C686,11:59:18,3,-1,1,AC3674,0,2,20
T335,T338,11:59:28,3,-1,1,MY9491,0,2,10
T406,T345/1,11:59:48,3,-1,-1,AC3449,0,2,358
M109,M112,12:00:18,3,-1,1,MX7769,0,2,191
T343,T316,12:00:18,3,-1,1,MY9362,0,2,90
T375,T380,12:00:59,3,-1,1,MY7560,0,2,80
M177,M198,12:01:09,3,-1,2,MY9487,0,2,222
T338,T326/3,12:01:29,3,-1,-1,MY9491,0,2,90
C686,C656,12:01:29,3,-1,1,AC3674,0,2,90
T380,T379,12:01:59,3,-1,1,MY7560,0,2,20
M112,M127,12:02:09,3,-1,1,MX7769,0,2,30
T326/3,T332/2,12:02:20,3,-1,1,MY9491,0,2,40
T379,T359,12:02:20,3,-1,1,MY7560,0,2,10
T316,T345/5,12:02:52,3,-1,1,MY9362,0,2,123
T345/1,T322,12:02:52,3,-1,-1,AC3449,0,2,143
C656,C654/3,12:03:02,3,-1,1,AC3674,0,2,52
T334,M177,12:03:02,3,-1,1,AA7450,1,2,335
M127,M125,12:03:13,3,-1,1,MX7769,0,2,20
T359,T355/1,12:03:35,3,-1,1,MY7560,0,2,62
T332/2,T325/2,12:03:45,3,-1,1,MY9491,0,2,62
T406,T345/1,12:03:45,3,-1,-1,AC3709,0,2,317
T345/5,T344,12:04:05,3,-1,1,MY9362,0,2,62
M198,M183/2,12:04:25,3,-1,2,MY9487,0,2,156
T325/2,T339/2,12:04:35,3,-1,1,MY9491,0,2,20
T322,T342,12:04:35,3,-1,-1,AC3449,0,2,93
M125,M136/2,12:05:06,3,-1,1,MX7769,0,2,20
T344,T356/1,12:05:46,3,-1,1,MY9362,0,2,30
T339/2,T408/1,12:06:06,3,-1,-1,MY9491,0,2,60
M183/2,M140/1,12:06:06,3,-1,1,MY9487,0,2,20
T342,T409,12:06:17,3,-1,1,AC3449,0,2,40
M177,M198,12:06:17,3,-1,1,AA7450,0,2,161
M136/2,M139/2,12:06:47,3,-1,1,MX7769,0,2,70
T345/1,T322,12:06:47,3,-1,-1,AC3709,0,2,161
T355/1,C688/1,12:07:27,3,-1,1,MY7560,0,2,222
T409,T368,12:07:37,3,-1,1,AC3449,0,2,50
T356/1,T358,12:07:47,3,-1,1,MY9362,0,2,80
M139/2,M184,12:07:58,3,-1,1,MX7769,0,2,30
T408/1,T343,12:07:58,3,-1,-1,MY9491,0,2,90
T322,T342,12:08:18,3,-1,-1,AC3709,0,2,80
M198,M183/2,12:08:28,3,-1,2,AA7450,0,2,121
T368,T324/2,12:08:38,3,-1,1,AC3449,0,2,40
M140/1,M137/2,12:08:38,3,-1,1,MY9487,0,2,111
M184,M188,12:08:48,3,-1,1,MX7769,0,2,10
T358,T373/2,12:08:48,3,-1,1,MY9362,0,2,30
C654/3,C653/2,12:08:48,3,-1,1,AC3674,0,2,141
C688/1,C691,12:09:28,3,-1,-1,MY7560,0,2,80
M183/2,M140/1,12:09:28,3,-1,1,AA7450,0,2,20
T343,T316,12:09:49,3,-1,1,MY9491,0,2,90
T324/2,T327,12:09:59,3,-1,1,AC3449,0,2,50
M137/2,M132/1,12:09:59,3,-1,1,MY9487,0,2,40
M188,M203/2,12:10:09,3,-1,1,MX7769,0,2,20
T373/2,T375,12:10:09,3,-1,1,MY9362,0,2,20
T342,T409,12:10:09,3,-1,1,AC3709,0,2,50
C691,C652,12:10:29,3,-1,1,MY7560,0,2,40
C653/2,C692,12:10:49,3,-1,1,AC3674,0,2,70
T327,T326/2,12:10:59,3,-1,1,AC3449,0,2,20
M22,M10,12:11:44,3,-1,2,MX7866,0,2,115
M203/2,M277,12:11:44,3,-1,-1,MX7769,0,2,34
T409,T368,12:11:44,3,-1,1,AC3709,0,2,64
C692,C689/1,12:11:54,3,-1,1,AC3674,0,2,10
M140/1,M132/1,12:11:54,3,-1,1,AA7450,1,2,105
T326/2,T337,12:12:04,3,-1,1,AC3449,0,2,54
T375,T380,12:12:15,3,-1,1,MY9362,0,2,85
T316,T345/5,12:12:25,3,-1,1,MY9491,0,2,135
M132/1,M200,12:12:25,3,-1,3,MY9487,0,2,75
T368,T324/2,12:12:45,3,-1,1,AC3709,0,2,40
T337,T334,12:12:45,3,-1,1,AC3449,0,2,30
C652,C655,12:12:55,3,-1,1,MY7560,0,2,135
T380,T379,12:13:05,3,-1,1,MY9362,0,2,20
T345/5,T344,12:13:25,3,-1,1,MY9491,0,2,50
T334,T430,12:13:45,3,-1,1,AC3449,0,2,50
T379,T359,12:13:56,3,-1,1,MY9362,0,2,20
T324/2,T327,12:13:56,3,-1,1,AC3709,0,2,50
M277,M182/1,12:14:06,3,-1,1,MX7769,0,2,131
T344,T356/1,12:14:06,3,-1,1,MY9491,0,2,30
M10,M16/1,12:14:16,3,-1,2,MX7866,0,2,80
C655,C657,12:14:16,3,-1,1,MY7560,0,2,50
M200,M201,12:14:16,3,-1,-1,MY9487,0,2,40
C657,C686,12:14:46,3,-1,1,MY7560,0,2,20
T359,T355/1,12:15:06,3,-1,1,MY9362,0,2,60
T327,T326/2,12:15:06,3,-1,1,AC3709,0,2,30
T356/1,T358,12:15:37,3,-1,1,MY9491,0,2,80
M132/1,M200,12:15:37,3,-1,3,AA7450,0,2,131
M201,M121,12:15:37,3,-1,2,MY9487,0,2,30
T326/2,T337,12:15:57,3,-1,1,AC3709,0,2,40
C686,C656,12:16:17,3,-1,1,MY7560,0,2,60
T358,T373/2,12:16:37,3,-1,1,MY9491,0,2,30
M200,M201,12:16:37,3,-1,-1,AA7450,0,2,30
T337,T334,12:16:48,3,-1,1,AC3709,0,2,20
M16/1,M109,12:17:18,3,-1,1,MX7866,0,2,91
C656,C654/3,12:17:18,3,-1,1,MY7560,0,2,50
C689/1,T360,12:17:18,3,-1,1,AC3674,1,2,252
T373/2,T375,12:17:48,3,-1,1,MY9491,0,2,50
M182/1,T431,12:17:58,3,-1,1,MX7769,0,2,192
T334,T430,12:17:58,3,-1,1,AC3709,0,2,50
M201,M121,12:17:58,3,-1,2,AA7450,0,2,40
M121,M119,12:17:58,3,-1,2,MY9487,0,2,101
T375,T380,12:18:19,3,-1,1,MY9491,0,2,20
T360,T376/1,12:18:19,3,-1,1,AC3674,0,2,30
T380,T379,12:18:39,3,-1,1,MY9491,0,2,10
T430,M177,12:18:49,3,-1,1,AC3449,0,2,293
T431,T335,12:19:09,3,-1,1,MX7769,0,2,60
T355/1,C688/1,12:19:19,3,-1,1,MY9362,0,2,242
T376/1,T363/1,12:19:39,3,-1,1,AC3674,0,2,50
M121,M119,12:19:50,3,-1,2,AA7450,0,2,70
T335,T338,12:20:10,3,-1,1,MX7769,0,2,10
T379,T359,12:20:10,3,-1,1,MY9491,0,2,60
C688/1,C691,12:20:54,3,-1,1,MY9362,0,2,54
M119,M113,12:20:54,3,-1,-1,MY9487,0,2,115
T359,T355/1,12:21:25,3,-1,1,MY9491,0,2,50
T363/1,T374,12:21:25,3,-1,1,AC3674,0,2,40
M109,M112,12:21:35,3,-1,2,MX7866,0,2,196
M177,M198,12:21:45,3,-1,2,AC3449,0,2,135
C654/3,C653/2,12:21:55,3,-1,1,MY7560,0,2,60
T338,T326/3,12:22:05,3,-1,-1,MX7769,0,2,80
T374,T406,12:22:25,3,-1,1,AC3674,0,2,30
T430,M177,12:22:36,3,-1,1,AC3709,0,2,267
M113,M94,12:22:36,3,-1,-1,MY9487,0,2,30
M119,M113,12:22:46,3,-1,-1,AA7450,0,2,131
M198,M183/2,12:22:56,3,-1,1,AC3449,0,2,60
T326/3,T332/2,12:23:16,3,-1,1,MX7769,0,2,50
C691,C652,12:23:16,3,-1,1,MY9362,0,2,91
M112,M127,12:23:46,3,-1,1,MX7866,0,2,40
M183/2,M140/1,12:23:56,3,-1,1,AC3449,0,2,40
C652,C655,12:24:27,3,-1,1,MY9362,0,2,40
C653/2,C689/1,12:24:37,3,-1,1,MY7560,1,2,141
M113,M94,12:24:37,3,-1,-1,AA7450,0,2,20
M94,M95/3,12:24:37,3,-1,-1,MY9487,0,2,70
T332/2,T325/2,12:25:07,3,-1,1,MX7769,0,2,90
M127,M125,12:25:17,3,-1,1,MX7866,0,2,50
T355/1,C688/1,12:25:17,3,-1,1,MY9491,0,2,222
M177,M198,12:25:17,3,-1,2,AC3709,0,2,121
M140/1,M137/2,12:25:17,3,-1,1,AC3449,0,2,20
T325/2,T339/2,12:25:38,3,-1,1,MX7769,0,2,20
C655,C657,12:25:58,3,-1,1,MY9362,0,2,40
C688/1,C691,12:26:08,3,-1,1,MY9491,0,2,30
C657,C686,12:26:28,3,-1,1,MY9362,0,2,20
M198,M183/2,12:26:48,3,-1,2,AC3709,0,2,80
T406,T345/1,12:26:58,3,-1,-1,AC3674,0,2,242
M137/2,M132/1,12:27:08,3,-1,1,AC3449,0,2,40
C689/1,T355/2,12:27:19,3,-1,1,MY7560,0,2,121
M125,M139/2,12:27:49,3,-1,2,MX7866,1,2,111
C686,C656,12:28:19,3,-1,1,MY9362,0,2,60
M94,M95/3,12:28:19,3,-1,-1,AA7450,0,2,161
M183/2,M140/1,12:28:29,3,-1,1,AC3709,0,2,20
T339/2,T408/1,12:28:39,3,-1,-1,MX7769,0,2,141
C691,C652,12:28:39,3,-1,1,MY9491,0,2,131
M132/1,M200,12:28:39,3,-1,3,AC3449,0,2,40
C656,C654/3,12:29:31,3,-1,1,MY9362,0,2,51
T355/2,T360,12:29:31,3,-1,1,MY7560,0,2,112
M140/1,M137/2,12:29:31,3,-1,1,AC3709,0,2,31
C652,C655,12:29:41,3,-1,1,MY9491,0,2,31
M200,M201,12:30:01,3,-1,-1,AC3449,0,2,20
T408/1,T343,12:30:12,3,-1,-1,MX7769,0,2,62
M139/2,M184,12:30:22,3,-1,1,MX7866,0,2,40
T360,T376/1,12:30:22,3,-1,1,MY7560,0,2,30
T345/1,T322,12:30:42,3,-1,-1,AC3674,0,2,193
C655,C657,12:30:52,3,-1,1,MY9491,0,2,50
M137/2,M132/1,12:30:52,3,-1,1,AC3709,0,2,40
M184,M188,12:31:22,3,-1,1,MX7866,0,2,20
C657,C686,12:31:34,3,-1,1,MY9491,0,2,21
C654/3,C653/2,12:31:44,3,-1,1,MY9362,0,2,92
M95/3,M22,12:32:14,3,-1,1,AA7537,0,2,162
M188,M203/2,12:32:14,3,-1,1,MX7866,0,2,20
T343,T316,12:32:14,3,-1,1,MX7769,0,2,91
T376/1,T363/1,12:32:14,3,-1,1,MY7560,0,2,102
M132/1,M200,12:32:14,3,-1,3,AC3709,0,2,30
M201,M121,12:32:14,3,-1,3,AC3449,0,2,112
T322,T342,12:32:44,3,-1,-1,AC3674,0,2,102
C686,C656,12:32:54,3,-1,1,MY9491,0,2,50
M200,M201,12:33:04,3,-1,-1,AC3709,0,2,20
C653/2,C692,12:33:25,3,-1,1,MY9362,0,2,90
T363/1,T374,12:33:35,3,-1,1,MY7560,0,2,40
M121,M119,12:33:45,3,-1,2,AC3449,0,2,50
M22,M10,12:34:05,3,-1,1,AA7537,0,2,60
C656,C654/3,12:34:05,3,-1,1,MY9491,0,2,60
T342,T409,12:34:05,3,-1,1,AC3674,0,2,40
T374,T406,12:34:15,3,-1,1,MY7560,0,2,30
T316,T345/5,12:34:26,3,-1,1,MX7769,0,2,91
M201,M121,12:34:26,3,-1,3,AC3709,0,2,30
C692,C689/1,12:34:46,3,-1,1,MY9362,0,2,50
T409,T368,12:35:26,3,-1,1,AC3674,0,2,50
M121,M119,12:35:26,3,-1,2,AC3709,0,2,30
M203/2,M182/1,12:35:36,3,-1,1,MX7866,1,2,171
M119,M113,12:35:46,3,-1,-1,AC3449,0,2,70
T345/5,T344,12:36:27,3,-1,1,MX7769,0,2,80
T368,T324/2,12:36:27,3,-1,1,AC3674,0,2,30
M10,M16/1,12:36:47,3,-1,2,AA7537,0,2,80
C654/3,C653/2,12:36:47,3,-1,1,MY9491,0,2,151
M113,M94,12:37:07,3,-1,-1,AC3449,0,2,10
C689/1,T355/2,12:37:37,3,-1,1,MY9362,0,2,131
M119,M113,12:37:58,3,-1,-1,AC3709,0,2,80
T324/2,T327,12:38:08,3,-1,1,AC3674,0,2,40
C653/2,C692,12:38:28,3,-1,2,MY9491,0,2,90
M16/1,M109,12:39:20,3,-1,1,AA7537,0,2,81
T327,T326/2,12:39:20,3,-1,1,AC3674,0,2,41
M113,M94,12:39:30,3,-1,-1,AC3709,0,2,21
M182/1,T431,12:39:40,3,-1,1,MX7866,0,2,203
T344,T358,12:39:40,3,-1,1,MX7769,1,2,172
C692,C689/1,12:39:40,3,-1,1,MY9491,0,2,41
T355/2,T360,12:39:50,3,-1,1,MY9362,0,2,112
T406,T345/1,12:40:34,3,-1,-1,MY7560,0,2,358
T358,T373/2,12:40:44,3,-1,1,MX7769,0,2,23
T326/2,T337,12:40:44,3,-1,1,AC3674,0,2,63
M94,M95/3,12:40:54,3,-1,-1,AC3449,0,2,145
T431,T335,12:41:04,3,-1,1,MX7866,0,2,74
C689/1,T355/2,12:41:34,3,-1,1,MY9491,0,2,104
T337,T334,12:41:34,3,-1,1,AC3674,0,2,20
T335,T338,12:41:55,3,-1,1,MX7866,0,2,20
T360,T376/1,12:42:15,3,-1,1,MY9362,0,2,124
T373/2,T375,12:42:35,3,-1,1,MX7769,0,2,30
T345/1,T322,12:42:35,3,-1,-1,MY7560,0,2,90
M109,M112,12:43:15,3,-1,1,AA7537,0,2,185
T355/2,T360,12:43:46,3,-1,1,MY9491,0,2,101
M94,M95/3,12:43:56,3,-1,-1,AC3709,0,2,225
T375,T380,12:44:06,3,-1,1,MX7769,0,2,60
T322,T342,12:44:26,3,-1,-1,MY7560,0,2,101
T380,T379,12:44:57,3,-1,1,MX7769,0,2,20
M112,M127,12:45:17,3,-1,1,AA7537,0,2,20
T379,T359,12:45:17,3,-1,1,MX7769,0,2,10
T376/1,T363/1,12:45:27,3,-1,1,MY9362,0,2,172
T342,T409,12:45:27,3,-1,1,MY7560,0,2,30
T359,T355/1,12:46:28,3,-1,1,MX7769,0,2,61
M127,M125,12:46:38,3,-1,1,AA7537,0,2,71
T360,T363/1,12:46:59,3,-1,1,MY9491,1,2,162
T338,T339/2,12:47:49,3,-1,1,MX7866,3,2,334
T334,M177,12:47:49,3,-1,1,AC3674,1,2,334
T363/1,T406,12:48:00,3,-1,1,MY9362,1,2,101
T409,T368,12:48:00,3,-1,1,MY7560,0,2,101
M125,M136/2,12:48:40,3,-1,1,AA7537,0,2,111
M136/2,M139/2,12:49:10,3,-1,2,AA7537,0,2,20
T363/1,T406,12:49:10,3,-1,1,MY9491,1,2,90
T368,T324/2,12:49:10,3,-1,1,MY7560,0,2,40
T355/1,C688/1,12:50:03,3,-1,1,MX7769,0,2,204
T339/2,T408/1,12:50:23,3,-1,-1,MX7866,0,2,123
T324/2,T327,12:50:44,3,-1,1,MY7560,0,2,60
M139/2,M184,12:51:04,3,-1,2,AA7537,0,2,50
M177,M198,12:51:14,3,-1,2,AC3674,0,2,163
M184,M188,12:51:54,3,-1,1,AA7537,0,2,20
C688/1,C691,12:51:54,3,-1,1,MX7769,0,2,70
T408/1,T343,12:52:14,3,-1,-1,MX7866,0,2,80
T327,T337,12:52:55,3,-1,1,MY7560,1,2,101
M188,M203/2,12:53:26,3,-1,1,AA7537,0,2,10
T337,T334,12:53:36,3,-1,1,MY7560,0,2,20
M198,M183/2,12:53:36,3,-1,2,AC3674,0,2,131
C691,C652,12:54:06,3,-1,1,MX7769,0,2,101
T343,T316,12:54:36,3,-1,1,MX7866,0,2,101
M183/2,M140/1,12:54:46,3,-1,1,AC3674,0,2,20
C652,C655,12:55:07,3,-1,1,MX7769,0,2,30
M203/2,M277,12:55:17,3,-1,-1,AA7537,0,2,80
T334,T430,12:55:17,3,-1,1,MY7560,0,2,50
M140/1,M137/2,12:55:27,3,-1,1,AC3674,0,2,10
M95/3,M22,12:56:17,3,-1,2,MY9487,0,2,141
C655,C657,12:56:27,3,-1,1,MX7769,0,2,40
M137/2,M132/1,12:56:38,3,-1,1,AC3674,0,2,40
T316,T345/5,12:56:48,3,-1,1,MX7866,0,2,111
C657,C686,12:56:58,3,-1,1,MX7769,0,2,20
T406,T345/1,12:57:08,3,-1,-1,MY9491,0,2,455
M277,M182/1,12:58:09,3,-1,1,AA7537,0,2,161
T345/5,T344,12:58:19,3,-1,1,MX7866,0,2,50
M132/1,M200,12:58:19,3,-1,3,AC3674,0,2,50
M22,M10,12:58:59,3,-1,1,MY9487,0,2,91
C686,C656,12:58:59,3,-1,1,MX7769,0,2,91
T344,T356/1,12:59:19,3,-1,1,MX7866,0,2,30
T345/1,T322,12:59:30,3,-1,-1,MY9362,0,2,121
M200,M201,12:59:30,3,-1,-1,AC3674,0,2,20
T430,M177,12:59:50,3,-1,1,MY7560,0,2,262
C656,C654/3,13:00:10,3,-1,-1,MX7769,0,2,60
M201,M121,13:01:01,3,-1,-1,AC3674,0,2,50
M10,M16/1,13:01:21,3,-1,-1,MY9487,0,2,81
T356/1,T358,13:01:41,3,-1,-1,MX7866,0,2,131
T322,T342,13:01:51,3,-1,-1,MY9362,0,2,121
C654/3,C653/2,13:02:02,3,-1,-1,MX7769,0,2,91
M182/1,T431,13:02:32,3,-1,-1,AA7537,0,2,223
M121,M119,13:02:32,3,-1,-1,AC3674,0,2,50
T358,T373/2,13:02:42,3,-1,-1,MX7866,0,2,30
T345/1,T342,13:02:42,3,-1,-1,MY9491,1,2,293
T342,T409,13:03:13,3,-1,-1,MY9362,0,2,50
T342,T409,13:03:23,3,-1,-1,MY9491,0,2,30
M119,M113,13:03:43,3,-1,-1,AC3674,0,2,30
T431,T335,13:04:24,3,-1,-1,AA7537,0,2,91
M177,M183/2,13:04:24,3,-1,-1,MY7560,1,2,233
M16/1,M109,13:04:34,3,-1,-1,MY9487,0,2,70
T373/2,T375,13:04:34,3,-1,-1,MX7866,0,2,60
T409,T368,13:04:34,3,-1,-1,MY9362,0,2,70
T409,T368,13:04:54,3,-1,-1,MY9491,0,2,80
C653/2,C689/1,13:05:14,3,-1,1,MX7769,1,2,182
M113,M94,13:05:14,3,-1,-1,AC3674,0,2,30
T335,T338,13:05:34,3,-1,1,AA7537,0,2,20
T368,T324/2,13:05:34,3,-1,1,MY9362,0,2,40
M183/2,M140/1,13:05:34,3,-1,1,MY7560,0,2,30
T368,T324/2,13:05:54,3,-1,1,MY9491,0,2,50
M140/1,M137/2,13:06:05,3,-1,1,MY7560,0,2,20
T375,T380,13:06:35,3,-1,1,MX7866,0,2,90
M94,M95/3,13:07:05,3,-1,-1,AC3674,0,2,90
T380,T379,13:07:25,3,-1,1,MX7866,0,2,10
T324/2,T327,13:07:25,3,-1,1,MY9362,0,2,80
T338,T326/3,13:07:56,3,-1,-1,AA7537,0,2,111
T379,T359,13:07:56,3,-1,1,MX7866,0,2,20
C689/1,T355/2,13:07:56,3,-1,1,MX7769,0,2,121
T324/2,T327,13:07:56,3,-1,1,MY9491,0,2,90
T327,T326/2,13:08:06,3,-1,1,MY9362,0,2,30
M137/2,M132/1,13:08:26,3,-1,1,MY7560,0,2,60
M109,M112,13:08:36,3,-1,1,MY9487,0,2,171
T327,T326/2,13:08:36,3,-1,1,MY9491,0,2,30
T359,T355/1,13:09:06,3,-1,1,MX7866,0,2,60
T326/3,T332/2,13:09:17,3,-1,1,AA7537,0,2,70
T326/2,T337,13:09:47,3,-1,1,MY9362,0,2,80
T326/2,T337,13:09:57,3,-1,1,MY9491,0,2,70
T355/2,T360,13:10:07,3,-1,1,MX7769,0,2,111
T337,T334,13:10:17,3,-1,1,MY9362,0,2,10
M112,M127,13:10:27,3,-1,1,MY9487,0,2,30
T332/2,T325/2,13:10:48,3,-1,1,AA7537,0,2,80
T337,T334,13:10:48,3,-1,1,MY9491,0,2,30
M132/1,M200,13:11:38,3,-1,2,MY7560,0,2,70
T325/2,T339/2,13:12:08,3,-1,1,AA7537,0,2,30
M127,M125,13:12:18,3,-1,1,MY9487,0,2,70
T360,T376/1,13:12:18,3,-1,1,MX7769,0,2,111
T334,T430,13:12:29,3,-1,1,MY9491,0,2,70
M200,M201,13:12:39,3,-1,-1,MY7560,0,2,20
T355/1,C688/1,13:13:39,3,-1,1,MX7866,0,2,262
T376/1,T363/1,13:13:39,3,-1,1,MX7769,0,2,70
M201,M121,13:14:10,3,-1,2,MY7560,0,2,30
M125,M136/2,13:14:30,3,-1,1,MY9487,0,2,30
T339/2,T408/1,13:14:30,3,-1,-1,AA7537,0,2,101
M136/2,M139/2,13:15:00,3,-1,2,MY9487,0,2,20
T363/1,T374,13:15:00,3,-1,1,MX7769,0,2,50
C688/1,C691,13:15:20,3,-1,1,MX7866,0,2,30
M121,M119,13:15:44,3,-1,2,MY7560,0,2,63
T374,T406,13:16:04,3,-1,1,MX7769,0,2,30
T408/1,T343,13:16:44,3,-1,-1,AA7537,0,2,114
M139/2,M184,13:16:54,3,-1,1,MY9487,0,2,70
C691,C652,13:16:54,3,-1,1,MX7866,0,2,70
T334,M177,13:17:15,3,-1,1,MY9362,1,2,366
T430,M177,13:17:45,3,-1,1,MY9491,0,2,296
M184,M188,13:18:05,3,-1,1,MY9487,0,2,10
C652,C655,13:18:15,3,-1,1,MX7866,0,2,40
M119,M113,13:18:26,3,-1,-1,MY7560,0,2,131
M188,M203/2,13:19:16,3,-1,1,MY9487,0,2,10
C655,C657,13:19:37,3,-1,1,MX7866,0,2,50
M113,M94,13:19:57,3,-1,-1,MY7560,0,2,20
C657,C686,13:20:17,3,-1,1,MX7866,0,2,30
M95/3,M22,13:20:27,3,-1,2,AA7450,0,2,40
M177,M198,13:20:27,3,-1,2,MY9362,0,2,151
M94,M95/3,13:21:28,3,-1,-1,MY7560,0,2,60
T343,T345/5,13:21:48,3,-1,1,AA7537,1,2,232
T406,T345/1,13:21:58,3,-1,-1,MX7769,0,2,293
M198,M183/2,13:21:58,3,-1,2,MY9362,0,2,70
M177,M183/2,13:22:08,3,-1,2,MY9491,1,2,212
M203/2,M182/1,13:22:59,3,-1,1,MY9487,1,2,171
C686,C656,13:23:09,3,-1,1,MX7866,0,2,121
T345/5,T344,13:23:19,3,-1,1,AA7537,0,2,50
M183/2,M140/1,13:23:29,3,-1,1,MY9362,0,2,50
M183/2,M140/1,13:23:59,3,-1,1,MY9491,0,2,20
T344,T356/1,13:24:09,3,-1,1,AA7537,0,2,30
C656,C654/3,13:24:09,3,-1,1,MX7866,0,2,50
M140/1,M137/2,13:25:00,3,-1,1,MY9362,0,2,50
M22,M10,13:25:41,3,-1,1,AA7450,0,2,304
M137/2,M132/1,13:25:51,3,-1,1,MY9362,0,2,41
T356/1,T358,13:26:12,3,-1,1,AA7537,0,2,81
T345/1,T342,13:26:33,3,-1,-1,MX7769,1,2,244
M140/1,M137/2,13:26:43,3,-1,1,MY9491,0,2,113
M182/1,T431,13:27:03,3,-1,1,MY9487,0,2,214
T358,T373/2,13:27:13,3,-1,1,AA7537,0,2,30
M132/1,M200,13:27:23,3,-1,3,MY9362,0,2,50
M10,M16/1,13:27:33,3,-1,1,AA7450,0,2,81
C654/3,C653/2,13:27:43,3,-1,1,MX7866,0,2,60
M137/2,M132/1,13:28:04,3,-1,1,MY9491,0,2,50
T373/2,T375,13:28:14,3,-1,1,AA7537,0,2,20
T342,T409,13:28:24,3,-1,1,MX7769,0,2,81
M16/1,M109,13:28:34,3,-1,1,AA7450,0,2,10
T431,T335,13:28:44,3,-1,1,MY9487,0,2,91
M200,M201,13:29:05,3,-1,-1,MY9362,0,2,30
T375,T380,13:29:15,3,-1,1,AA7537,0,2,30
T335,T338,13:29:36,3,-1,1,MY9487,0,2,21
T380,T379,13:29:46,3,-1,1,AA7537,0,2,10
T409,T368,13:30:06,3,-1,1,MX7769,0,2,71
M132/1,M200,13:30:16,3,-1,3,MY9491,0,2,30
M201,M121,13:30:36,3,-1,2,MY9362,0,2,71
T338,T326/3,13:30:57,3,-1,-1,MY9487,0,2,60
C653/2,C689/1,13:30:57,3,-1,1,MX7866,1,2,162
M200,M201,13:31:17,3,-1,-1,MY9491,0,2,20
T379,T359,13:31:27,3,-1,1,AA7537,0,2,70
T368,T324/2,13:31:27,3,-1,1,MX7769,0,2,40
M109,M112,13:31:37,3,-1,1,AA7450,0,2,90
T326/3,T332/2,13:31:57,3,-1,1,MY9487,0,2,50
M201,M121,13:32:07,3,-1,2,MY9491,0,2,40
M121,M119,13:32:28,3,-1,2,MY9362,0,2,80
M121,M119,13:32:48,3,-1,2,MY9491,0,2,30
T359,T355/1,13:32:58,3,-1,1,AA7537,0,2,70
T324/2,T327,13:33:18,3,-1,1,MX7769,0,2,80
C689/1,T355/2,13:33:28,3,-1,1,MX7866,0,2,121
M112,M127,13:33:38,3,-1,1,AA7450,0,2,50
T332/2,T325/2,13:34:19,3,-1,1,MY9487,0,2,70
T327,T326/2,13:34:49,3,-1,1,MX7769,0,2,50
T325/2,T339/2,13:35:20,3,-1,1,MY9487,0,2,20
M127,M125,13:35:32,3,-1,1,AA7450,0,2,42
M119,M113,13:35:42,3,-1,-1,MY9362,0,2,143
M119,M113,13:35:52,3,-1,-1,MY9491,0,2,143
T355/2,T360,13:36:13,3,-1,1,MX7866,0,2,134
T326/2,T337,13:36:13,3,-1,1,MX7769,0,2,63
T355/1,C688/1,13:37:03,3,-1,1,AA7537,0,2,235
M125,M136/2,13:37:23,3,-1,1,AA7450,0,2,60
T360,T376/1,13:37:23,3,-1,1,MX7866,0,2,30
T339/2,T408/1,13:37:33,3,-1,-1,MY9487,0,2,70
M113,M94,13:37:33,3,-1,-1,MY9362,0,2,101
M113,M94,13:37:33,3,-1,-1,MY9491,0,2,40
T337,T334,13:37:54,3,-1,1,MX7769,0,2,30
C688/1,C691,13:38:14,3,-1,1,AA7537,0,2,30
M94,M95/3,13:38:34,3,-1,-1,MY9362,0,2,50
M136/2,M139/2,13:38:44,3,-1,1,AA7450,0,2,60
M94,M95/3,13:38:44,3,-1,-1,MY9491,0,2,50
T376/1,T363/1,13:39:14,3,-1,1,MX7866,0,2,100
C691,C652,13:39:25,3,-1,1,AA7537,0,2,40
T334,T430,13:39:25,3,-1,1,MX7769,0,2,50
T408/1,T343,13:39:35,3,-1,-1,MY9487,0,2,100
M139/2,M184,13:40:15,3,-1,1,AA7450,0,2,40
C652,C655,13:40:35,3,-1,1,AA7537,0,2,40
T363/1,T374,13:40:56,3,-1,1,MX7866,0,2,80
M184,M188,13:41:06,3,-1,1,AA7450,0,2,10
T343,T316,13:41:36,3,-1,1,MY9487,0,2,90
C655,C657,13:41:46,3,-1,1,AA7537,0,2,50
T374,T406,13:41:46,3,-1,1,MX7866,0,2,40
C657,C686,13:42:37,3,-1,1,AA7537,0,2,20
M188,M203/2,13:42:47,3,-1,1,AA7450,0,2,10
T316,T345/5,13:43:27,3,-1,1,MY9487,0,2,101
M22,M10,13:43:48,3,-1,1,MY7560,0,2,273
T430,M177,13:44:08,3,-1,1,MX7769,0,2,273
M203/2,M277,13:44:18,3,-1,-1,AA7450,0,2,30
C686,C656,13:44:18,3,-1,1,AA7537,0,2,70
T345/5,T344,13:44:58,3,-1,1,MY9487,0,2,80
C656,C654/3,13:45:39,3,-1,1,AA7537,0,2,40
T344,T356/1,13:45:49,3,-1,1,MY9487,0,2,30
M10,M16/1,13:45:59,3,-1,1,MY7560,0,2,101
M277,M182/1,13:47:00,3,-1,1,AA7450,0,2,151
T356/1,T358,13:47:20,3,-1,1,MY9487,0,2,50
T406,T345/1,13:47:20,3,-1,-1,MX7866,0,2,253
M16/1,M109,13:47:42,3,-1,1,MY7560,0,2,10
T358,T373/2,13:48:12,3,-1,1,MY9487,0,2,30
T345/1,T322,13:50:06,3,-1,-1,MX7866,0,2,123
C654/3,C653/2,13:50:16,3,-1,1,AA7537,0,2,246
M177,M183/2,13:50:56,3,-1,2,MX7769,1,2,358
M182/1,T431,13:51:27,3,-1,1,AA7450,0,2,204
C653/2,C692,13:51:47,3,-1,1,AA7537,0,2,80
T373/2,T375,13:51:57,3,-1,1,MY9487,0,2,121
T322,T342,13:52:07,3,-1,-1,MX7866,0,2,101
M109,M112,13:52:37,3,-1,1,MY7560,0,2,242
C692,C689/1,13:52:47,3,-1,1,AA7537,0,2,30
T431,T335,13:53:08,3,-1,1,AA7450,0,2,70
T375,T380,13:53:08,3,-1,1,MY9487,0,2,60
T380,T379,13:53:58,3,-1,1,MY9487,0,2,20
T342,T409,13:53:58,3,-1,1,MX7866,0,2,70
T335,T338,13:54:08,3,-1,1,AA7450,0,2,10
T379,T359,13:54:29,3,-1,1,MY9487,0,2,10
M183/2,M137/2,13:54:29,3,-1,1,MX7769,1,2,161
M112,M127,13:55:09,3,-1,1,MY7560,0,2,101
M95/3,M22,13:55:19,3,-1,1,MY9362,0,2,50
T338,T326/3,13:55:19,3,-1,-1,AA7450,0,2,60
T409,T368,13:55:39,3,-1,1,MX7866,0,2,70
M137/2,M132/1,13:55:39,3,-1,1,MX7769,0,2,40
T359,T355/1,13:55:59,3,-1,1,MY9487,0,2,70
C689/1,T355/2,13:56:30,3,-1,1,AA7537,0,2,171
T326/3,T332/2,13:56:40,3,-1,1,AA7450,0,2,60
T368,T324/2,13:56:40,3,-1,1,MX7866,0,2,40
M22,M10,13:57:52,3,-1,1,MY9362,0,2,92
M127,M125,13:57:52,3,-1,1,MY7560,0,2,112
M132/1,M200,13:58:43,3,-1,3,MX7769,0,2,60
T324/2,T327,13:58:53,3,-1,1,MX7866,0,2,80
T355/2,T360,13:59:03,3,-1,1,AA7537,0,2,113
M125,M136/2,13:59:24,3,-1,1,MY7560,0,2,61
T332/2,T339/2,13:59:45,3,-1,1,AA7450,1,2,144
T327,T326/2,13:59:45,3,-1,1,MX7866,0,2,31
M136/2,M139/2,13:59:55,3,-1,1,MY7560,0,2,20
M200,M201,13:59:55,3,-1,-1,MX7769,0,2,20
M10,M16/1,14:00:15,3,-1,1,MY9362,0,2,112
T355/1,C688/1,14:00:25,3,-1,1,MY9487,0,2,245
T326/2,T337,14:01:06,3,-1,1,MX7866,0,2,70
M139/2,M184,14:01:26,3,-1,2,MY7560,0,2,50
T360,T376/1,14:01:36,3,-1,1,AA7537,0,2,132
C688/1,C691,14:01:46,3,-1,1,MY9487,0,2,50
T337,T334,14:02:16,3,-1,1,MX7866,0,2,30
M201,M121,14:02:16,3,-1,2,MX7769,0,2,50
M95/3,M22,14:03:27,3,-1,1,MY9491,0,2,30
T376/1,T363/1,14:03:37,3,-1,1,AA7537,0,2,111
T334,T430,14:03:37,3,-1,1,MX7866,0,2,50
C691,C652,14:03:57,3,-1,1,MY9487,0,2,101
M121,M119,14:03:57,3,-1,2,MX7769,0,2,50
M184,M188,14:04:28,3,-1,1,MY7560,0,2,60
T339/2,T343,14:04:28,3,-1,-1,AA7450,1,2,222
C652,C655,14:04:58,3,-1,1,MY9487,0,2,30
T363/1,T374,14:04:58,3,-1,1,AA7537,0,2,40
M22,M10,14:05:28,3,-1,1,MY9491,0,2,80
T374,T406,14:05:38,3,-1,1,AA7537,0,2,30
M119,M113,14:05:59,3,-1,-1,MX7769,0,2,80
M188,M203/2,14:06:09,3,-1,1,MY7560,0,2,10
C655,C657,14:06:09,3,-1,1,MY9487,0,2,40
T343,T316,14:06:39,3,-1,1,AA7450,0,2,91
C657,C686,14:06:49,3,-1,1,MY9487,0,2,20
M203/2,M277,14:07:31,3,-1,-1,MY7560,0,2,41
M113,M94,14:07:41,3,-1,-1,MX7769,0,2,41
M16/1,M127,14:07:51,3,-1,1,MY9362,2,2,415
M10,M16/1,14:08:02,3,-1,1,MY9491,0,2,122
C686,C656,14:09:02,3,-1,1,MY9487,0,2,90
T430,M177,14:09:22,3,-1,1,MX7866,0,2,294
M277,M182/1,14:09:44,3,-1,1,MY7560,0,2,122
T316,T345/5,14:09:54,3,-1,1,AA7450,0,2,174
M94,M95/3,14:09:54,3,-1,-1,MX7769,0,2,122
M127,M125,14:10:04,3,-1,1,MY9362,0,2,82
C656,C654/3,14:10:04,3,-1,1,MY9487,0,2,41
M16/1,M109,14:11:05,3,-1,1,MY9491,0,2,122
M125,M136/2,14:12:05,3,-1,1,MY9362,0,2,70
T345/5,T356/1,14:12:46,3,-1,1,AA7450,1,2,131
T406,T345/1,14:12:56,3,-1,-1,AA7537,0,2,417
M177,M198,14:12:56,3,-1,2,MX7866,0,2,151
M136/2,M139/2,14:13:36,3,-1,2,MY9362,0,2,40
M182/1,T431,14:13:47,3,-1,1,MY7560,0,2,202
T356/1,T358,14:14:47,3,-1,1,AA7450,0,2,111
C654/3,C653/2,14:14:57,3,-1,1,MY9487,0,2,262
M109,M112,14:15:17,3,-1,2,MY9491,0,2,202
T431,T335,14:15:17,3,-1,1,MY7560,0,2,80
M198,M183/2,14:15:17,3,-1,2,MX7866,0,2,131
M139/2,M184,14:15:38,3,-1,1,MY9362,0,2,40
T335,T338,14:16:08,3,-1,1,MY7560,0,2,20
M183/2,M140/1,14:16:18,3,-1,1,MX7866,0,2,10
C653/2,C692,14:16:28,3,-1,1,MY9487,0,2,81
M112,M127,14:16:49,3,-1,1,MY9491,0,2,40
T345/1,T322,14:16:59,3,-1,-1,AA7537,0,2,202
C692,C689/1,14:17:29,3,-1,1,MY9487,0,2,30
T338,T326/3,14:17:39,3,-1,-1,MY7560,0,2,60
M184,M188,14:17:59,3,-1,1,MY9362,0,2,50
M127,M125,14:18:20,3,-1,1,MY9491,0,2,50
T358,T373/2,14:18:32,3,-1,1,AA7450,0,2,184
M140/1,M137/2,14:18:32,3,-1,1,MX7866,0,2,42
T322,T342,14:19:13,3,-1,-1,AA7537,0,2,93
M188,M203/2,14:19:23,3,-1,1,MY9362,0,2,20
M137/2,M132/1,14:19:35,3,-1,1,MX7866,0,2,42
M125,M136/2,14:19:55,3,-1,1,MY9491,0,2,20
T326/3,T325/2,14:20:25,3,-1,1,MY7560,1,2,155
C689/1,T355/2,14:20:25,3,-1,1,MY9487,0,2,135
T342,T409,14:20:25,3,-1,1,AA7537,0,2,40
M22,M10,14:20:56,3,-1,2,AC3674,0,2,60
M136/2,M139/2,14:21:06,3,-1,2,MY9491,0,2,20
M203/2,M277,14:21:16,3,-1,-1,MY9362,0,2,80
T325/2,T339/2,14:21:16,3,-1,1,MY7560,0,2,20
T373/2,T375,14:22:07,3,-1,1,AA7450,0,2,50
T409,T368,14:22:07,3,-1,1,AA7537,0,2,81
M132/1,M200,14:22:27,3,-1,3,MX7866,0,2,40
T355/2,T360,14:22:47,3,-1,1,MY9487,0,2,111
M139/2,M184,14:22:57,3,-1,2,MY9491,0,2,30
T339/2,T408/1,14:23:07,3,-1,-1,MY7560,0,2,70
T368,T324/2,14:23:07,3,-1,1,AA7537,0,2,30
T375,T380,14:23:17,3,-1,1,AA7450,0,2,30
M10,M16/1,14:23:27,3,-1,2,AC3674,0,2,91
T360,T376/1,14:23:38,3,-1,1,MY9487,0,2,10
M277,M182/1,14:23:48,3,-1,1,MY9362,0,2,141
M200,M201,14:23:48,3,-1,-1,MX7866,0,2,30
T380,T379,14:24:08,3,-1,1,AA7450,0,2,20
T324/2,T327,14:24:48,3,-1,1,AA7537,0,2,70
M184,M188,14:24:58,3,-1,1,MY9491,0,2,70
T408/1,T343,14:25:20,3,-1,-1,MY7560,0,2,92
T327,T326/2,14:25:33,3,-1,1,AA7537,0,2,23
T379,T359,14:25:54,3,-1,1,AA7450,0,2,85
M201,M121,14:25:54,3,-1,2,MX7866,0,2,85
T376/1,T363/1,14:26:14,3,-1,1,MY9487,0,2,105
M16/1,M109,14:26:44,3,-1,1,AC3674,0,2,176
T326/2,T337,14:27:04,3,-1,1,AA7537,0,2,70
M121,M119,14:27:04,3,-1,2,MX7866,0,2,40
M188,M277,14:27:15,3,-1,-1,MY9491,1,2,80
T359,T355/1,14:27:15,3,-1,1,AA7450,0,2,60
T363/1,T374,14:27:25,3,-1,1,MY9487,0,2,40
T343,T316,14:27:37,3,-1,1,MY7560,0,2,82
T337,T334,14:27:47,3,-1,1,AA7537,0,2,22
M182/1,T431,14:28:17,3,-1,1,MY9362,0,2,229
T374,T406,14:28:17,3,-1,2,MY9487,0,2,30
M277,M182/1,14:29:28,3,-1,1,MY9491,0,2,123
T316,T345/5,14:29:28,3,-1,1,MY7560,0,2,100
M119,M113,14:29:28,3,-1,-1,MX7866,0,2,111
T334,T430,14:29:38,3,-1,1,AA7537,0,2,60
T431,T335,14:29:48,3,-1,1,MY9362,0,2,80
M109,M112,14:30:08,3,-1,1,AC3674,0,2,151
T345/5,T344,14:31:09,3,-1,1,MY7560,0,2,70
T335,T338,14:31:19,3,-1,1,MY9362,0,2,80
T355/1,C688/1,14:31:19,3,-1,1,AA7450,0,2,222
T344,T356/1,14:31:59,3,-1,1,MY7560,0,2,30
M113,M94,14:31:59,3,-1,-1,MX7866,0,2,50
M112,M127,14:32:53,3,-1,1,AC3674,0,2,53
T338,T326/3,14:33:03,3,-1,-1,MY9362,0,2,93
T406,T345/1,14:33:03,3,-1,-1,MY9487,0,2,275
C688/1,C691,14:33:13,3,-1,1,AA7450,0,2,73
M182/1,T431,14:33:23,3,-1,1,MY9491,0,2,204
T356/1,T358,14:33:33,3,-1,1,MY7560,0,2,73
M94,M95/3,14:33:43,3,-1,-1,MX7866,0,2,70
M127,M125,14:34:14,3,-1,1,AC3674,0,2,20
T431,T335,14:34:44,3,-1,1,MY9491,0,2,71
T358,T373/2,14:34:44,3,-1,1,MY7560,0,2,30
C691,C652,14:35:05,3,-1,1,AA7450,0,2,81
T430,M177,14:35:25,3,-1,1,AA7537,0,2,296
T335,T338,14:35:35,3,-1,1,MY9491,0,2,10
T326/3,T325/2,14:35:45,3,-1,1,MY9362,1,2,151
M95/3,M22,14:36:05,3,-1,2,MX7769,0,2,131
M125,M136/2,14:36:05,3,-1,1,AC3674,0,2,20
T373/2,T375,14:36:05,3,-1,1,MY7560,0,2,30
C652,C655,14:36:15,3,-1,1,AA7450,0,2,40
T375,T380,14:36:36,3,-1,1,MY7560,0,2,20
T325/2,T339/2,14:36:46,3,-1,1,MY9362,0,2,20
T345/1,T322,14:36:56,3,-1,-1,MY9487,0,2,212
T338,T326/3,14:37:16,3,-1,-1,MY9491,0,2,70
T380,T379,14:37:26,3,-1,1,MY7560,0,2,10
M136/2,M139/2,14:37:36,3,-1,2,AC3674,0,2,60
C655,C657,14:37:36,3,-1,1,AA7450,0,2,50
C657,C686,14:38:06,3,-1,1,AA7450,0,2,20
T379,T359,14:38:17,3,-1,1,MY7560,0,2,20
T326/3,T332/2,14:38:27,3,-1,1,MY9491,0,2,50
T339/2,T408/1,14:38:47,3,-1,-1,MY9362,0,2,80
T322,T342,14:38:47,3,-1,-1,MY9487,0,2,90
M139/2,M184,14:39:17,3,-1,2,AC3674,0,2,70
M177,M198,14:39:27,3,-1,2,AA7537,0,2,171
T359,T355/1,14:39:37,3,-1,1,MY7560,0,2,50
C686,C656,14:39:58,3,-1,1,AA7450,0,2,60
T332/2,T325/2,14:40:08,3,-1,1,MY9491,0,2,91
M184,M188,14:40:38,3,-1,1,AC3674,0,2,50
T325/2,T339/2,14:40:38,3,-1,1,MY9491,0,2,10
C656,C654/3,14:40:58,3,-1,1,AA7450,0,2,50
M22,M16/1,14:41:08,3,-1,2,MX7769,1,2,222
T342,T368,14:41:08,3,-1,1,MY9487,1,2,101
M188,M203/2,14:41:39,3,-1,1,AC3674,0,2,50
M198,M183/2,14:41:39,3,-1,2,AA7537,0,2,121
T408/1,T343,14:41:49,3,-1,-1,MY9362,0,2,151
T368,T324/2,14:42:29,3,-1,1,MY9487,0,2,50
M183/2,M140/1,14:42:29,3,-1,1,AA7537,0,2,10
T339/2,T408/1,14:43:10,3,-1,-1,MY9491,0,2,111
M16/1,M109,14:43:40,3,-1,1,MX7769,0,2,101
T324/2,T327,14:44:10,3,-1,1,MY9487,0,2,60
T343,T316,14:44:33,3,-1,1,MY9362,0,2,113
T355/1,C688/1,14:44:33,3,-1,1,MY7560,0,2,265
T408/1,T343,14:44:43,3,-1,-1,MY9491,0,2,83
C654/3,C653/2,14:44:54,3,-1,1,AA7450,0,2,214
M140/1,M137/2,14:45:04,3,-1,1,AA7537,0,2,53
T327,T326/2,14:45:14,3,-1,1,MY9487,0,2,30
M203/2,M182/1,14:45:44,3,-1,1,AC3674,1,2,205
C688/1,C691,14:46:15,3,-1,1,MY7560,0,2,71
C653/2,C692,14:46:25,3,-1,1,AA7450,0,2,71
T343,T316,14:46:45,3,-1,1,MY9491,0,2,91
T326/2,T337,14:46:45,3,-1,1,MY9487,0,2,81
M137/2,M132/1,14:46:45,3,-1,1,AA7537,0,2,60
M109,M112,14:47:06,3,-1,2,MX7769,0,2,175
T337,T334,14:47:16,3,-1,1,MY9487,0,2,20
T316,T345/5,14:47:26,3,-1,1,MY9362,0,2,162
C692,C689/1,14:47:46,3,-1,1,AA7450,0,2,71
M112,M127,14:48:47,3,-1,1,MX7769,0,2,50
T334,T430,14:48:57,3,-1,1,MY9487,0,2,91
M132/1,M200,14:49:17,3,-1,3,AA7537,0,2,80
T316,T345/5,14:49:27,3,-1,1,MY9491,0,2,152
T345/5,T356/1,14:49:58,3,-1,1,MY9362,1,2,131
C691,C655,14:50:08,3,-1,1,MY7560,1,2,192
M127,M125,14:50:28,3,-1,1,MX7769,0,2,70
M200,M201,14:50:28,3,-1,-1,AA7537,0,2,30
C689/1,T355/2,14:50:48,3,-1,1,AA7450,0,2,151
C655,C657,14:51:19,3,-1,1,MY7560,0,2,40
T345/5,T356/1,14:51:39,3,-1,1,MY9491,1,2,101
M201,M121,14:51:49,3,-1,2,AA7537,0,2,50
M182/1,T335,14:51:59,3,-1,1,AC3674,1,2,334
C657,C686,14:51:59,3,-1,1,MY7560,0,2,20
T356/1,T358,14:52:10,3,-1,1,MY9362,0,2,121
M125,M139/2,14:52:43,3,-1,2,MX7769,1,2,84
T335,T338,14:52:43,3,-1,1,AC3674,0,2,10
T356/1,T358,14:52:54,3,-1,1,MY9491,0,2,54
T355/2,T360,14:53:04,3,-1,1,AA7450,0,2,104
T358,T373/2,14:53:24,3,-1,1,MY9362,0,2,50
C686,C656,14:53:54,3,-1,1,MY7560,0,2,30
T360,T376/1,14:53:54,3,-1,1,AA7450,0,2,30
M95/3,M22,14:54:04,3,-1,1,MY9282,0,2,40
M121,M119,14:54:04,3,-1,1,AA7537,0,2,60
T338,T326/3,14:54:14,3,-1,-1,AC3674,0,2,50
T430,M177,14:54:14,3,-1,1,MY9487,0,2,286
T358,T373/2,14:54:36,3,-1,1,MY9491,0,2,91
M139/2,M184,14:54:46,3,-1,1,MX7769,0,2,41
C656,C654/3,14:54:56,3,-1,1,MY7560,0,2,51
M184,M188,14:55:46,3,-1,1,MX7769,0,2,20
M119,M113,14:55:46,3,-1,-1,AA7537,0,2,81
T376/1,T363/1,14:56:07,3,-1,1,AA7450,0,2,102
T373/2,T375,14:56:17,3,-1,1,MY9362,0,2,70
T326/3,T325/2,14:56:57,3,-1,1,AC3674,1,2,141
T373/2,T375,14:56:57,3,-1,1,MY9491,0,2,131
T375,T380,14:56:57,3,-1,1,MY9362,0,2,30
M188,M203/2,14:57:07,3,-1,1,MX7769,0,2,60
M22,M10,14:57:17,3,-1,1,MY9282,0,2,161
M177,M198,14:57:17,3,-1,2,MY9487,0,2,141
T325/2,T339/2,14:57:28,3,-1,1,AC3674,0,2,20
M113,M94,14:57:28,3,-1,-1,AA7537,0,2,91
T380,T379,14:57:38,3,-1,1,MY9362,0,2,20
T363/1,T374,14:57:48,3,-1,1,AA7450,0,2,50
M198,M183/2,14:58:28,3,-1,2,MY9487,0,2,60
T375,T380,14:58:38,3,-1,1,MY9491,0,2,80
M10,M16/1,14:59:39,3,-1,2,MY9282,0,2,80
T380,T379,14:59:39,3,-1,1,MY9491,0,2,10
C654/3,C653/2,14:59:39,3,-1,1,MY7560,0,2,101
T339/2,T408/1,14:59:59,3,-1,-1,AC3674,0,2,121
M183/2,M140/1,14:59:59,3,-1,1,MY9487,0,2,50
T379,T359,15:00:30,3,-1,1,MY9491,0,2,20
T379,T355/1,15:00:50,3,-1,1,MY9362,1,2,151
C653/2,C692,15:01:00,3,-1,1,MY7560,0,2,60
M94,M95/3,15:01:00,3,-1,-1,AA7537,0,2,131
M140/1,M137/2,15:01:34,3,-1,1,MY9487,0,2,44
M203/2,M182/1,15:01:44,3,-1,1,MX7769,1,2,266
T359,T355/1,15:02:05,3,-1,1,MY9491,0,2,74
M16/1,M109,15:02:35,3,-1,1,MY9282,0,2,125
T408/1,T343,15:03:15,3,-1,-1,AC3674,0,2,115
M137/2,M132/1,15:03:15,3,-1,1,MY9487,0,2,70
C692,C689/1,15:03:47,3,-1,1,MY7560,0,2,156
T355/1,C688/1,15:04:58,3,-1,1,MY9362,0,2,217
M182/1,T431,15:05:28,3,-1,1,MX7769,0,2,203
T374,T345/1,15:05:28,3,-1,-1,AA7450,1,2,450
M132/1,M200,15:05:38,3,-1,3,MY9487,0,2,40
C689/1,T355/2,15:05:58,3,-1,1,MY7560,0,2,121
T343,T316,15:06:09,3,-1,2,AC3674,0,2,101
M109,M112,15:06:19,3,-1,1,MY9282,0,2,162
T355/1,C688/1,15:06:29,3,-1,1,MY9491,0,2,243
T431,T335,15:06:59,3,-1,1,MX7769,0,2,60
C688/1,C691,15:06:59,3,-1,1,MY9362,0,2,20
M200,M201,15:07:09,3,-1,-1,MY9487,0,2,20
M112,M127,15:07:19,3,-1,1,MY9282,0,2,40
T335,T338,15:07:50,3,-1,1,MX7769,0,2,10
T316,T345/5,15:08:10,3,-1,1,AC3674,0,2,111
C688/1,C691,15:08:20,3,-1,1,MY9491,0,2,70
T355/2,T360,15:08:20,3,-1,1,MY7560,0,2,121
T345/1,T322,15:08:20,3,-1,-1,AA7450,0,2,141
M201,M121,15:08:20,3,-1,2,MY9487,0,2,30
C691,C652,15:08:51,3,-1,1,MY9362,0,2,92
M127,M125,15:09:12,3,-1,1,MY9282,0,2,71
T338,T326/3,15:09:33,3,-1,-1,MX7769,0,2,51
M121,M119,15:09:53,3,-1,1,MY9487,0,2,41
T345/5,T344,15:10:03,3,-1,1,AC3674,0,2,61
C652,C655,15:10:13,3,-1,1,MY9362,0,2,30
T360,T376/1,15:10:23,3,-1,1,MY7560,0,2,81
M125,M136/2,15:10:54,3,-1,1,MY9282,0,2,30
C691,C652,15:10:54,3,-1,1,MY9491,0,2,111
T326/3,T332/2,15:11:04,3,-1,1,MX7769,0,2,60
T344,T356/1,15:11:04,3,-1,1,AC3674,0,2,30
T322,T342,15:11:14,3,-1,-1,AA7450,0,2,142
C652,C655,15:11:44,3,-1,1,MY9491,0,2,40
C655,C657,15:11:44,3,-1,1,MY9362,0,2,50
C657,C686,15:12:35,3,-1,1,MY9362,0,2,30
M136/2,M139/2,15:12:45,3,-1,1,MY9282,0,2,80
M119,M113,15:12:45,3,-1,-1,MY9487,0,2,121
M95/3,M22,15:12:55,3,-1,1,MX7866,0,2,101
T376/1,T363/1,15:12:55,3,-1,1,MY7560,0,2,141
T342,T409,15:12:55,3,-1,1,AA7450,0,2,40
T332/2,T325/2,15:13:15,3,-1,1,MX7769,0,2,91
C655,C657,15:13:15,3,-1,1,MY9491,0,2,50
M139/2,M184,15:13:56,3,-1,1,MY9282,0,2,30
T409,T368,15:13:56,3,-1,1,AA7450,0,2,50
C657,C686,15:14:16,3,-1,1,MY9491,0,2,30
T325/2,T339/2,15:14:26,3,-1,1,MX7769,0,2,40
T363/1,T374,15:14:26,3,-1,1,MY7560,0,2,40
M113,M94,15:14:26,3,-1,-1,MY9487,0,2,30
T356/1,T358,15:14:46,3,-1,1,AC3674,0,2,202
M22,M10,15:14:56,3,-1,1,MX7866,0,2,111
M184,M188,15:15:07,3,-1,1,MY9282,0,2,10
C686,C656,15:15:07,3,-1,1,MY9362,0,2,121
T368,T324/2,15:15:07,3,-1,1,AA7450,0,2,40
M94,M95/3,15:15:17,3,-1,-1,MY9487,0,2,40
T374,T406,15:15:27,3,-1,1,MY7560,0,2,30
T358,T373/2,15:15:37,3,-1,1,AC3674,0,2,20
M188,M203/2,15:16:08,3,-1,1,MY9282,0,2,10
C656,C654/3,15:16:18,3,-1,1,MY9362,0,2,50
M10,M16/1,15:16:38,3,-1,1,MX7866,0,2,60
C686,C656,15:16:38,3,-1,1,MY9491,0,2,40
M203/2,M277,15:16:58,3,-1,-1,MY9282,0,2,20
T324/2,T327,15:16:58,3,-1,1,AA7450,0,2,70
T373/2,T375,15:17:39,3,-1,1,AC3674,0,2,30
T339/2,T408/1,15:17:49,3,-1,-1,MX7769,0,2,162
C656,C654/3,15:17:59,3,-1,1,MY9491,0,2,60
T327,T326/2,15:17:59,3,-1,1,AA7450,0,2,30
T375,T380,15:19:20,3,-1,1,AC3674,0,2,30
T408/1,T343,15:19:34,3,-1,-1,MX7769,0,2,95
T326/2,T337,15:19:44,3,-1,1,AA7450,0,2,74
M277,M182/1,15:19:54,3,-1,1,MY9282,0,2,155
T380,T379,15:20:14,3,-1,1,AC3674,0,2,10
T337,T334,15:20:14,3,-1,1,AA7450,0,2,20
M16/1,M109,15:20:55,3,-1,2,MX7866,0,2,196
C654/3,C692,15:21:15,3,-1,1,MY9362,1,2,277
T343,T316,15:21:35,3,-1,1,MX7769,0,2,90
T379,T359,15:21:45,3,-1,1,AC3674,0,2,50
T334,T430,15:21:45,3,-1,1,AA7450,0,2,60
C692,C689/1,15:22:56,3,-1,1,MY9362,0,2,50
T359,T355/1,15:23:17,3,-1,1,AC3674,0,2,81
M109,M112,15:23:47,3,-1,2,MX7866,0,2,131
M182/1,T431,15:24:28,3,-1,1,MY9282,0,2,222
T316,T345/5,15:24:48,3,-1,1,MX7769,0,2,151
C654/3,C653/2,15:24:48,3,-1,1,MY9491,0,2,111
M112,M127,15:25:08,3,-1,1,MX7866,0,2,50
M95/3,M22,15:26:19,3,-1,1,AA7537,0,2,50
T431,T335,15:26:29,3,-1,1,MY9282,0,2,90
T345/5,T344,15:26:39,3,-1,1,MX7769,0,2,80
C689/1,T355/2,15:26:39,3,-1,1,MY9362,0,2,212
C653/2,C692,15:26:49,3,-1,1,MY9491,0,2,101
T430,M177,15:27:09,3,-1,1,AA7450,0,2,303
T335,T338,15:27:19,3,-1,1,MY9282,0,2,20
T345/1,T322,15:27:19,3,-1,-1,MY7560,0,2,131
M22,M10,15:27:40,3,-1,1,AA7537,0,2,40
M127,M125,15:27:40,3,-1,1,MX7866,0,2,111
T355/1,C688/1,15:28:37,3,-1,1,AC3674,0,2,290
T338,T326/3,15:29:08,3,-1,-1,MY9282,0,2,68
M125,M136/2,15:29:29,3,-1,1,MX7866,0,2,20
C688/1,C691,15:29:29,3,-1,1,AC3674,0,2,30
T355/2,T360,15:29:29,3,-1,1,MY9362,0,2,118
T322,T342,15:29:50,3,-1,-1,MY7560,0,2,119
T326/3,T332/2,15:30:20,3,-1,1,MY9282,0,2,61
M177,M198,15:30:40,3,-1,2,AA7450,0,2,180
M10,M16/1,15:31:01,3,-1,2,AA7537,0,2,143
T344,T358,15:31:01,3,-1,1,MX7769,1,2,241
M136/2,M139/2,15:31:35,3,-1,1,MX7866,0,2,84
T342,T409,15:31:35,3,-1,1,MY7560,0,2,64
T360,T376/1,15:31:55,3,-1,1,MY9362,0,2,94
C691,C652,15:32:05,3,-1,1,AC3674,0,2,84
T358,T373/2,15:32:15,3,-1,1,MX7769,0,2,30
C689/1,T355/2,15:32:15,3,-1,1,MY9491,0,2,135
T332/2,T325/2,15:32:35,3,-1,1,MY9282,0,2,84
M198,M183/2,15:33:06,3,-1,1,AA7450,0,2,135
M16/1,M109,15:33:16,3,-1,1,AA7537,0,2,20
T409,T368,15:33:26,3,-1,1,MY7560,0,2,90
T376/1,T363/1,15:33:36,3,-1,1,MY9362,0,2,80
T325/2,T339/2,15:33:56,3,-1,1,MY9282,0,2,40
C652,C655,15:33:56,3,-1,1,AC3674,0,2,10
M183/2,M140/1,15:33:56,3,-1,1,AA7450,0,2,10
M139/2,M184,15:34:06,3,-1,1,MX7866,0,2,50
T355/2,T360,15:34:26,3,-1,1,MY9491,0,2,111
T368,T324/2,15:34:48,3,-1,1,MY7560,0,2,42
T360,T376/1,15:35:08,3,-1,1,MY9491,0,2,20
M140/1,M137/2,15:35:08,3,-1,1,AA7450,0,2,42
M109,M112,15:35:19,3,-1,1,AA7537,0,2,52
T373/2,T375,15:35:29,3,-1,1,MX7769,0,2,40
C655,C657,15:35:39,3,-1,1,AC3674,0,2,50
M184,M188,15:35:49,3,-1,1,MX7866,0,2,60
T363/1,T374,15:35:49,3,-1,1,MY9362,0,2,71
T339/2,T408/1,15:36:09,3,-1,-1,MY9282,0,2,81
C657,C686,15:36:09,3,-1,1,AC3674,0,2,20
M137/2,M132/1,15:36:30,3,-1,1,AA7450,0,2,50
T374,T406,15:36:40,3,-1,2,MY9362,0,2,40
T324/2,T327,15:36:40,3,-1,1,MY7560,0,2,70
M188,M203/2,15:37:20,3,-1,1,MX7866,0,2,70
M112,M127,15:37:30,3,-1,1,AA7537,0,2,20
T375,T380,15:37:40,3,-1,1,MX7769,0,2,80
T376/1,T363/1,15:37:40,3,-1,1,MY9491,0,2,111
T327,T326/2,15:37:40,3,-1,1,MY7560,0,2,30
C686,C656,15:38:21,3,-1,1,AC3674,0,2,90
T408/1,T343,15:38:34,3,-1,-1,MY9282,0,2,124
T326/2,T337,15:38:54,3,-1,1,MY7560,0,2,53
T379,T359,15:39:15,3,-1,1,MX7769,0,2,20
C656,C654/3,15:39:45,3,-1,1,AC3674,0,2,50
T337,T334,15:39:45,3,-1,1,MY7560,0,2,20
M127,M125,15:40:05,3,-1,1,AA7537,0,2,144
T359,T355/1,15:40:15,3,-1,1,MX7769,0,2,50
T363/1,T374,15:40:26,3,-1,1,MY9491,0,2,70
M132/1,M200,15:40:26,3,-1,3,AA7450,0,2,144
T343,T316,15:40:36,3,-1,1,MY9282,0,2,101
T334,T430,15:41:06,3,-1,1,MY7560,0,2,50
M203/2,M182/1,15:41:27,3,-1,1,MX7866,1,2,206
C654/3,C653/2,15:41:37,3,-1,1,AC3674,0,2,91
T374,T406,15:41:37,3,-1,1,MY9491,0,2,61
M200,M201,15:41:37,3,-1,-1,AA7450,0,2,20
T316,T345/5,15:42:38,3,-1,-1,MY9282,0,2,111
M201,M121,15:43:18,3,-1,2,AA7450,0,2,60
M125,M139/2,15:43:38,3,-1,2,AA7537,1,2,111
T406,T345/1,15:43:38,3,-1,-1,MY9362,0,2,388
C653/2,C692,15:43:59,3,-1,1,AC3674,0,2,80
M10,M16/1,15:44:09,3,-1,2,MY9487,0,2,91
T345/5,T344,15:44:09,3,-1,1,MY9282,0,2,70
M139/2,M184,15:44:49,3,-1,2,AA7537,0,2,30
T355/1,C688/1,15:44:49,3,-1,1,MX7769,0,2,223
C692,C689/1,15:44:59,3,-1,1,AC3674,0,2,20
T344,T356/1,15:45:20,3,-1,1,MY9282,0,2,40
M182/1,T431,15:45:40,3,-1,1,MX7866,0,2,222
M184,M188,15:45:50,3,-1,1,AA7537,0,2,10
T430,M177,15:46:20,3,-1,1,MY7560,0,2,303
M121,M119,15:46:20,3,-1,2,AA7450,0,2,131
M16/1,M109,15:46:32,3,-1,1,MY9487,0,2,41
C688/1,C691,15:46:32,3,-1,1,MX7769,0,2,31
T345/1,T322,15:47:02,3,-1,-1,MY9362,0,2,183
T431,T335,15:47:12,3,-1,1,MX7866,0,2,71
T356/1,T358,15:47:22,3,-1,1,MY9282,0,2,102
C689/1,T355/2,15:47:54,3,-1,1,AC3674,0,2,144
T335,T338,15:48:05,3,-1,1,MX7866,0,2,10
T406,T345/1,15:48:15,3,-1,-1,MY9491,0,2,387
M119,M113,15:48:15,3,-1,-1,AA7450,0,2,52
C691,C652,15:48:25,3,-1,1,MX7769,0,2,82
T358,T373/2,15:48:35,3,-1,1,MY9282,0,2,30
M177,M198,15:49:05,3,-1,2,MY7560,0,2,133
T322,T342,15:49:36,3,-1,-1,MY9362,0,2,143
C652,C655,15:49:46,3,-1,1,MX7769,0,2,30
T338,T326/3,15:50:06,3,-1,-1,MX7866,0,2,80
T373/2,T375,15:50:06,3,-1,1,MY9282,0,2,40
T355/2,T360,15:50:06,3,-1,1,AC3674,0,2,101
M113,M94,15:50:26,3,-1,-1,AA7450,0,2,121
T375,T380,15:50:56,3,-1,1,MY9282,0,2,30
C655,C657,15:50:56,3,-1,1,MX7769,0,2,60
T345/1,T322,15:50:56,3,-1,-1,MY9491,0,2,141
T342,T409,15:50:56,3,-1,1,MY9362,0,2,50
M198,M183/2,15:50:56,3,-1,2,MY7560,0,2,101
M109,M112,15:51:06,3,-1,1,MY9487,0,2,212
M203/2,M182/1,15:51:06,3,-1,1,AA7537,1,2,181
C657,C686,15:51:57,3,-1,1,MX7769,0,2,30
T360,T376/1,15:51:57,3,-1,2,AC3674,0,2,80
T409,T368,15:51:57,3,-1,1,MY9362,0,2,50
M94,M95/3,15:51:57,3,-1,-1,AA7450,0,2,40
T380,T379,15:52:27,3,-1,1,MY9282,0,2,10
T322,T342,15:52:27,3,-1,-1,MY9491,0,2,80
M112,M127,15:52:48,3,-1,1,MY9487,0,2,50
T379,T359,15:52:58,3,-1,1,MY9282,0,2,20
T326/3,T325/2,15:53:08,3,-1,1,MX7866,1,2,171
T368,T324/2,15:53:08,3,-1,1,MY9362,0,2,60
M183/2,M140/1,15:53:08,3,-1,1,MY7560,0,2,20
C686,C656,15:53:18,3,-1,1,MX7769,0,2,60
T342,T409,15:53:28,3,-1,1,MY9491,0,2,50
T359,T355/1,15:53:59,3,-1,1,MY9282,0,2,50
T376/1,T363/1,15:53:59,3,-1,2,AC3674,0,2,111
T325/2,T339/2,15:54:09,3,-1,1,MX7866,0,2,30
T409,T368,15:54:19,3,-1,1,MY9491,0,2,40
M140/1,M137/2,15:54:19,3,-1,1,MY7560,0,2,30
C656,C654/3,15:54:29,3,-1,1,MX7769,0,2,60
M127,M125,15:54:39,3,-1,1,MY9487,0,2,40
T368,T324/2,15:55:09,3,-1,1,MY9491,0,2,40
T324/2,T327,15:55:09,3,-1,1,MY9362,0,2,70
M182/1,T431,15:55:45,3,-1,1,AA7537,0,2,227
M137/2,M132/1,15:55:55,3,-1,1,MY7560,0,2,20
T363/1,T374,15:56:05,3,-1,1,AC3674,0,2,75
T327,T326/2,15:56:15,3,-1,1,MY9362,0,2,30
C654/3,C653/2,15:56:45,3,-1,1,MX7769,0,2,116
T374,T406,15:56:55,3,-1,1,AC3674,0,2,40
T324/2,T327,15:56:55,3,-1,1,MY9491,0,2,70
M125,M136/2,15:57:26,3,-1,1,MY9487,0,2,60
T431,T335,15:57:26,3,-1,1,AA7537,0,2,80
T327,T326/2,15:57:26,3,-1,1,MY9491,0,2,20
T355/1,C688/1,15:57:56,3,-1,1,MY9282,0,2,207
T335,T338,15:58:06,3,-1,1,AA7537,0,2,10
T326/2,T334,15:58:06,3,-1,1,MY9362,1,2,101
T326/2,T337,15:58:36,3,-1,1,MY9491,0,2,60
C653/2,C692,15:58:57,3,-1,1,MX7769,0,2,111
T337,T334,15:59:07,3,-1,1,MY9491,0,2,20
M22,M10,15:59:17,3,-1,1,AC3371,0,2,131
M136/2,M139/2,15:59:17,3,-1,2,MY9487,0,2,81
M132/1,M200,15:59:27,3,-1,2,MY7560,0,2,131
T338,T326/3,15:59:37,3,-1,-1,AA7537,0,2,60
T334,T430,15:59:37,3,-1,1,MY9362,0,2,50
T339/2,T343,15:59:58,3,-1,-1,MX7866,1,2,298
T326/3,T332/2,16:00:28,3,-1,1,AA7537,0,2,40
M200,M201,16:00:28,3,-1,-1,MY7560,0,2,20
M139/2,M184,16:00:38,3,-1,1,MY9487,0,2,30
T334,T430,16:00:38,3,-1,1,MY9491,0,2,60
M184,M188,16:01:49,3,-1,1,MY9487,0,2,10
T332/2,T325/2,16:01:59,3,-1,1,AA7537,0,2,70
M10,M16/1,16:02:09,3,-1,2,AC3371,0,2,101
T343,T316,16:02:09,3,-1,1,MX7866,0,2,101
M188,M203/2,16:02:19,3,-1,1,MY9487,0,2,10
T406,T345/1,16:02:19,3,-1,-1,AC3674,0,2,303
C688/1,C652,16:02:29,3,-1,1,MY9282,1,2,172
T325/2,T339/2,16:03:20,3,-1,2,AA7537,0,2,30
C689/1,T355/2,16:03:32,3,-1,1,MX7769,0,2,204
M203/2,M277,16:03:42,3,-1,-1,MY9487,0,2,42
C652,C655,16:03:52,3,-1,1,MY9282,0,2,42
T316,T345/5,16:04:02,3,-1,1,MX7866,0,2,102
M201,M121,16:04:02,3,-1,3,MY7560,0,2,163
M16/1,M109,16:04:12,3,-1,1,AC3371,0,2,52
T430,M177,16:04:43,3,-1,1,MY9362,0,2,295
T345/1,T322,16:04:53,3,-1,-1,AC3674,0,2,123
C655,C657,16:05:03,3,-1,1,MY9282,0,2,30
T339/2,T408/1,16:05:43,3,-1,-1,AA7537,0,2,101
T345/5,T344,16:05:43,3,-1,1,MX7866,0,2,60
C657,C686,16:05:43,3,-1,1,MY9282,0,2,20
T430,M177,16:05:43,3,-1,1,MY9491,0,2,284
T355/2,T360,16:05:53,3,-1,1,MX7769,0,2,111
M277,M182/1,16:06:03,3,-1,1,MY9487,0,2,131
T322,T342,16:06:34,3,-1,-1,AC3674,0,2,90
M109,M112,16:06:54,3,-1,1,AC3371,0,2,111
M121,M119,16:07:24,3,-1,2,MY7560,0,2,141
M177,M198,16:07:45,3,-1,2,MY9362,0,2,121
T342,T409,16:08:05,3,-1,1,AC3674,0,2,50
C686,C656,16:08:15,3,-1,1,MY9282,0,2,30
T408/1,T343,16:08:25,3,-1,-1,AA7537,0,2,141
M177,M198,16:08:25,3,-1,2,MY9491,0,2,151
T360,T376/1,16:08:35,3,-1,1,MX7769,0,2,131
M112,M127,16:09:06,3,-1,1,AC3371,0,2,30
C656,C654/3,16:09:16,3,-1,1,MY9282,0,2,50
M198,M183/2,16:09:36,3,-1,1,MY9362,0,2,101
T344,T373/2,16:09:46,3,-1,1,MX7866,2,2,232
T409,T368,16:09:56,3,-1,1,AC3674,0,2,80
M198,M183/2,16:10:06,3,-1,2,MY9491,0,2,91
M182/1,T431,16:10:27,3,-1,1,MY9487,0,2,233
T343,T316,16:10:27,3,-1,1,AA7537,0,2,91
M183/2,M140/1,16:10:27,3,-1,1,MY9362,0,2,10
M127,M125,16:10:48,3,-1,1,AC3371,0,2,31
T376/1,T363/1,16:10:48,3,-1,1,MX7769,0,2,122
T368,T324/2,16:10:48,3,-1,1,AC3674,0,2,20
M183/2,M140/1,16:10:48,3,-1,1,MY9491,0,2,20
T373/2,T375,16:11:29,3,-1,1,MX7866,0,2,61
M119,M113,16:11:29,3,-1,-1,MY7560,0,2,132
T431,T335,16:11:49,3,-1,1,MY9487,0,2,71
C654/3,C653/2,16:12:09,3,-1,1,MY9282,0,2,122
M113,M94,16:12:19,3,-1,-1,MY7560,0,2,30
T324/2,T327,16:12:29,3,-1,1,AC3674,0,2,60
T335,T338,16:12:39,3,-1,1,MY9487,0,2,10
T363/1,T374,16:13:00,3,-1,1,MX7769,0,2,40
M140/1,M137/2,16:13:10,3,-1,1,MY9362,0,2,101
M140/1,M137/2,16:13:10,3,-1,1,MY9491,0,2,70
M125,M136/2,16:13:20,3,-1,1,AC3371,0,2,30
T375,T380,16:13:30,3,-1,1,MX7866,0,2,80
T327,T326/2,16:13:30,3,-1,1,AC3674,0,2,30
C653/2,C692,16:13:50,3,-1,1,MY9282,0,2,80
M94,M95/3,16:13:50,3,-1,-1,MY7560,0,2,50
T316,T344,16:14:00,3,-1,1,AA7537,1,2,202
T380,T379,16:14:10,3,-1,1,MX7866,0,2,20
M95/3,M22,16:14:21,3,-1,1,AA7450,0,2,80
T374,T406,16:14:21,3,-1,1,MX7769,0,2,50
M137/2,M132/1,16:14:21,3,-1,1,MY9362,0,2,50
M137/2,M132/1,16:14:21,3,-1,1,MY9491,0,2,40
T344,T356/1,16:14:34,3,-1,1,AA7537,0,2,23
T379,T359,16:14:34,3,-1,1,MX7866,0,2,13
M136/2,M139/2,16:14:44,3,-1,2,AC3371,0,2,63
T326/2,T337,16:15:04,3,-1,1,AC3674,0,2,63
T338,T332/2,16:15:24,3,-1,1,MY9487,1,2,134
C692,C689/1,16:15:35,3,-1,1,MY9282,0,2,94
T359,T355/1,16:15:45,3,-1,1,MX7866,0,2,60
T337,T334,16:15:55,3,-1,1,AC3674,0,2,30
M22,M10,16:16:15,3,-1,1,AA7450,0,2,81
M132/1,M200,16:16:45,3,-1,3,MY9491,0,2,91
M132/1,M200,16:16:45,3,-1,3,MY9362,0,2,101
T356/1,T358,16:17:06,3,-1,1,AA7537,0,2,101
M139/2,M184,16:17:16,3,-1,2,AC3371,0,2,40
T332/2,T325/2,16:17:16,3,-1,1,MY9487,0,2,70
T334,T430,16:17:26,3,-1,1,AC3674,0,2,70
C689/1,T355/2,16:17:36,3,-1,1,MY9282,0,2,111
T325/2,T339/2,16:17:56,3,-1,2,MY9487,0,2,20
T358,T373/2,16:17:56,3,-1,1,AA7537,0,2,30
M184,M188,16:18:17,3,-1,1,AC3371,0,2,10
M10,M16/1,16:18:37,3,-1,2,AA7450,0,2,131
M200,M201,16:18:47,3,-1,-1,MY9491,0,2,40
T373/2,T375,16:18:57,3,-1,1,AA7537,0,2,30
M188,M203/2,16:19:07,3,-1,1,AC3371,0,2,10
T375,T380,16:19:28,3,-1,1,AA7537,0,2,20
T355/1,C688/1,16:19:48,3,-1,1,MX7866,0,2,222
T339/2,T408/1,16:19:58,3,-1,-1,MY9487,0,2,80
T380,T379,16:20:08,3,-1,1,AA7537,0,2,10
M16/1,M109,16:20:28,3,-1,1,AA7450,0,2,10
M200,M121,16:20:28,3,-1,3,MY9362,1,2,152
M203/2,M277,16:20:39,3,-1,-1,AC3371,0,2,71
T355/2,T360,16:20:39,3,-1,1,MY9282,0,2,152
T379,T359,16:20:50,3,-1,1,AA7537,0,2,10
T406,T345/1,16:20:50,3,-1,-1,MX7769,0,2,345
T359,T355/1,16:21:42,3,-1,1,AA7537,0,2,42
C688/1,C691,16:21:52,3,-1,1,MX7866,0,2,83
T360,T376/1,16:22:33,3,-1,1,MY9282,0,2,72
T430,M177,16:22:33,3,-1,1,AC3674,0,2,276
T408/1,T343,16:22:53,3,-1,-1,MY9487,0,2,154
M109,M112,16:23:35,3,-1,1,AA7450,0,2,134
M277,M182/1,16:23:35,3,-1,1,AC3371,0,2,165
T345/1,T322,16:23:35,3,-1,-1,MX7769,0,2,122
C691,C652,16:24:25,3,-1,1,MX7866,0,2,132
T343,T316,16:25:06,3,-1,1,MY9487,0,2,91
M112,M127,16:25:16,3,-1,1,AA7450,0,2,60
T322,T342,16:25:16,3,-1,-1,MX7769,0,2,80
T376/1,T363/1,16:25:26,3,-1,1,MY9282,0,2,142
C652,C655,16:25:36,3,-1,1,MX7866,0,2,30
M121,M119,16:26:17,3,-1,2,MY9362,0,2,274
C655,C657,16:26:47,3,-1,1,MX7866,0,2,50
T363/1,T374,16:26:47,3,-1,1,MY9282,0,2,40
M127,M125,16:26:57,3,-1,1,AA7450,0,2,80
T355/1,C688/1,16:27:07,3,-1,1,AA7537,0,2,294
T342,T409,16:27:07,3,-1,1,MX7769,0,2,60
M177,M198,16:27:07,3,-1,2,AC3674,0,2,172
T316,T345/5,16:27:27,3,-1,1,MY9487,0,2,121
C657,C686,16:27:27,3,-1,1,MX7866,0,2,20
T374,T406,16:27:27,3,-1,1,MY9282,0,2,30
M95/3,M22,16:27:38,3,-1,1,MY7560,0,2,80
M182/1,T431,16:27:38,3,-1,1,AC3371,0,2,192
C688/1,C691,16:27:58,3,-1,1,AA7537,0,2,30
T409,T368,16:28:18,3,-1,1,MX7769,0,2,50
C686,C656,16:29:09,3,-1,1,MX7866,0,2,60
M198,M183/2,16:29:09,3,-1,2,AC3674,0,2,111
M119,M113,16:29:19,3,-1,-1,MY9362,0,2,121
T431,T335,16:29:29,3,-1,1,AC3371,0,2,101
T368,T324/2,16:29:29,3,-1,1,MX7769,0,2,50
M125,M139/2,16:29:49,3,-1,2,AA7450,1,2,162
M22,M10,16:29:59,3,-1,1,MY7560,0,2,101
T345/5,T356/1,16:30:10,3,-1,1,MY9487,1,2,152
C691,C652,16:30:10,3,-1,1,AA7537,0,2,101
C656,C654/3,16:30:20,3,-1,1,MX7866,0,2,50
M119,M113,16:30:20,3,-1,-1,MY9491,0,2,141
C652,C655,16:31:10,3,-1,1,AA7537,0,2,10
T324/2,T327,16:31:35,3,-1,1,MX7769,0,2,65
M139/2,M184,16:31:45,3,-1,2,AA7450,0,2,75
M113,M94,16:31:45,3,-1,-1,MY9362,0,2,136
T338,T326/3,16:32:15,3,-1,-1,AC3371,0,2,65
M10,M16/1,16:32:26,3,-1,2,MY7560,0,2,75
C655,C657,16:32:26,3,-1,1,AA7537,0,2,40
M183/2,M140/1,16:32:26,3,-1,1,AC3674,0,2,30
T327,T326/2,16:32:36,3,-1,1,MX7769,0,2,30
T356/1,T358,16:32:46,3,-1,1,MY9487,0,2,146
C657,C686,16:33:06,3,-1,1,AA7537,0,2,30
M184,M188,16:33:26,3,-1,1,AA7450,0,2,30
T358,T373/2,16:33:37,3,-1,1,MY9487,0,2,20
M113,M94,16:33:37,3,-1,-1,MY9491,0,2,40
T326/2,T337,16:33:47,3,-1,1,MX7769,0,2,60
T406,T345/1,16:33:57,3,-1,-1,MY9282,0,2,308
C654/3,C653/2,16:34:07,3,-1,1,MX7866,0,2,207
M140/1,M137/2,16:34:07,3,-1,1,AC3674,0,2,30
C686,C656,16:34:27,3,-1,1,AA7537,0,2,40
T326/3,T325/2,16:34:38,3,-1,1,AC3371,1,2,111
T337,T334,16:34:48,3,-1,1,MX7769,0,2,30
M188,M203/2,16:35:08,3,-1,1,AA7450,0,2,80
M94,M95/3,16:35:08,3,-1,-1,MY9362,0,2,172
C656,C654/3,16:35:28,3,-1,1,AA7537,0,2,50
T373/2,T375,16:35:38,3,-1,1,MY9487,0,2,70
T325/2,T339/2,16:35:48,3,-1,1,AC3371,0,2,30
T345/1,T322,16:35:58,3,-1,-1,MY9282,0,2,91
T334,T430,16:36:19,3,-1,1,MX7769,0,2,50
M16/1,M109,16:36:29,3,-1,1,MY7560,0,2,182
M137/2,M132/1,16:36:39,3,-1,1,AC3674,0,2,70
M203/2,M277,16:36:49,3,-1,-1,AA7450,0,2,30
C653/2,C689/1,16:36:59,3,-1,1,MX7866,1,2,141
T375,T380,16:37:40,3,-1,1,MY9487,0,2,80
M94,M95/3,16:38:00,3,-1,-1,MY9491,0,2,182
T322,T342,16:38:10,3,-1,-1,MY9282,0,2,101
T380,T379,16:38:20,3,-1,1,MY9487,0,2,20
T339/2,T408/1,16:38:30,3,-1,-1,AC3371,0,2,91
M277,M182/1,16:39:21,3,-1,1,AA7450,0,2,141
C689/1,T355/2,16:39:21,3,-1,1,MX7866,0,2,101
M132/1,M200,16:39:43,3,-1,3,AC3674,0,2,113
T379,T355/1,16:40:24,3,-1,1,MY9487,1,2,103
M109,M112,16:40:44,3,-1,1,MY7560,0,2,174
T342,T368,16:40:54,3,-1,1,MY9282,1,2,133
M200,M201,16:40:54,3,-1,-1,AC3674,0,2,20
T408/1,T343,16:41:14,3,-1,-1,AC3371,0,2,133
T430,M177,16:41:25,3,-1,1,MX7769,0,2,285
T355/2,T360,16:41:35,3,-1,1,MX7866,0,2,101
T368,T324/2,16:42:25,3,-1,1,MY9282,0,2,50
M201,M121,16:42:25,3,-1,3,AC3674,0,2,40
M112,M127,16:42:35,3,-1,1,MY7560,0,2,30
M182/1,T431,16:43:06,3,-1,1,AA7450,0,2,192
T343,T316,16:43:16,3,-1,1,AC3371,0,2,91
C654/3,C692,16:43:26,3,-1,1,AA7537,1,2,232
M95/3,M22,16:43:46,3,-1,2,MY9491,0,2,111
T360,T376/1,16:44:17,3,-1,1,MX7866,0,2,131
T324/2,T327,16:44:17,3,-1,1,MY9282,0,2,60
M121,M119,16:44:27,3,-1,3,AC3674,0,2,60
M127,M125,16:44:37,3,-1,1,MY7560,0,2,111
T431,T335,16:44:37,3,-1,2,AA7450,0,2,80
T355/1,C688/1,16:44:57,3,-1,1,MY9487,0,2,242
M177,M198,16:44:57,3,-1,2,MX7769,0,2,172
T327,T326/2,16:45:07,3,-1,1,MY9282,0,2,20
T316,T345/5,16:45:38,3,-1,1,AC3371,0,2,121
M125,M136/2,16:46:08,3,-1,1,MY7560,0,2,30
T376/1,T363/1,16:46:08,3,-1,1,MX7866,0,2,101
T326/2,T337,16:46:08,3,-1,1,MY9282,0,2,50
M119,M113,16:46:08,3,-1,-1,AC3674,0,2,40
C688/1,C691,16:46:28,3,-1,1,MY9487,0,2,20
T337,T334,16:46:28,3,-1,1,MY9282,0,2,10
C689/1,T355/2,16:46:59,3,-1,1,AA7537,0,2,131
T345/5,T344,16:47:09,3,-1,1,AC3371,0,2,60
M198,M183/2,16:47:09,3,-1,3,MX7769,0,2,121
T363/1,T374,16:47:29,3,-1,1,MX7866,0,2,60
M136/2,M139/2,16:47:49,3,-1,2,MY7560,0,2,60
T338,T326/3,16:47:49,3,-1,-1,AA7450,0,2,80
T344,T356/1,16:47:59,3,-1,1,AC3371,0,2,30
T334,T430,16:47:59,3,-1,1,MY9282,0,2,50
M113,M94,16:47:59,3,-1,-1,AC3674,0,2,30
M22,M10,16:48:10,3,-1,1,MY9491,0,2,182
T374,T406,16:48:20,3,-1,1,MX7866,0,2,40
M183/2,M140/1,16:48:34,3,-1,1,MX7769,0,2,24
T326/3,T332/2,16:48:54,3,-1,1,AA7450,0,2,54
M139/2,M184,16:49:04,3,-1,2,MY7560,0,2,30
C691,C652,16:49:04,3,-1,1,MY9487,0,2,145
T355/2,T360,16:49:14,3,-1,1,AA7537,0,2,95
M140/1,M137/2,16:49:45,3,-1,1,MX7769,0,2,40
M184,M188,16:49:55,3,-1,1,MY7560,0,2,10
T360,T376/1,16:50:20,3,-1,1,AA7537,0,2,35
M10,M16/1,16:50:32,3,-1,3,MY9491,0,2,98
T332/2,T325/2,16:50:32,3,-1,1,AA7450,0,2,88
T356/1,T358,16:50:43,3,-1,1,AC3371,0,2,153
C652,C655,16:50:43,3,-1,1,MY9487,0,2,88
T325/2,T339/2,16:51:17,3,-1,1,AA7450,0,2,34
M137/2,M132/1,16:51:17,3,-1,1,MX7769,0,2,82
T358,T373/2,16:51:48,3,-1,1,AC3371,0,2,30
C655,C657,16:51:58,3,-1,1,MY9487,0,2,40
M188,M203/2,16:52:09,3,-1,1,MY7560,0,2,86
T376/1,T363/1,16:52:09,3,-1,1,AA7537,0,2,86
T373/2,T375,16:52:45,3,-1,1,AC3371,0,2,10
C657,C686,16:52:45,3,-1,1,MY9487,0,2,10
M94,M95/3,16:52:55,3,-1,-1,AC3674,0,2,251
T430,M177,16:53:05,3,-1,1,MY9282,0,2,295
T339/2,T408/1,16:53:15,3,-1,-1,AA7450,0,2,87
M203/2,M277,16:53:46,3,-1,-1,MY7560,0,2,61
T363/1,T374,16:53:56,3,-1,1,AA7537,0,2,71
M16/1,M109,16:54:16,3,-1,1,MY9491,0,2,101
T375,T380,16:54:26,3,-1,1,AC3371,0,2,30
C686,C656,16:54:26,3,-1,1,MY9487,0,2,30
M132/1,M200,16:54:26,3,-1,2,MX7769,0,2,81
T374,T406,16:54:57,3,-1,1,AA7537,0,2,30
T406,T345/1,16:55:07,3,-1,-1,MX7866,0,2,353
T380,T379,16:55:18,3,-1,1,AC3371,0,2,20
C656,C654/3,16:55:38,3,-1,1,MY9487,0,2,50
M200,M201,16:55:38,3,-1,-1,MX7769,0,2,30
T408/1,T343,16:55:58,3,-1,-1,AA7450,0,2,121
M177,M198,16:56:18,3,-1,2,MY9282,0,2,142
T379,T359,16:56:49,3,-1,1,AC3371,0,2,71
M277,M182/1,16:56:59,3,-1,1,MY7560,0,2,182
M95/3,M22,16:57:09,3,-1,2,MY9362,0,2,111
M201,M121,16:57:29,3,-1,3,MX7769,0,2,50
T343,T316,16:58:00,3,-1,1,AA7450,0,2,91
C654/3,C653/2,16:58:00,3,-1,1,MY9487,0,2,91
M198,M183/2,16:58:10,3,-1,2,MY9282,0,2,101
T345/1,T322,16:58:20,3,-1,-1,MX7866,0,2,162
M109,M112,16:58:30,3,-1,1,MY9491,0,2,182
T359,T355/1,16:58:30,3,-1,1,AC3371,0,2,70
M121,M119,16:58:40,3,-1,2,MX7769,0,2,40
T406,T345/1,16:59:11,3,-1,-1,AA7537,0,2,243
M22,M10,16:59:21,3,-1,1,MY9362,0,2,50
M183/2,M140/1,16:59:21,3,-1,1,MY9282,0,2,10
T322,T342,17:00:15,3,-1,-1,MX7866,0,2,84
T316,T345/5,17:00:25,3,-1,1,AA7450,0,2,114
M112,M127,17:00:35,3,-1,1,MY9491,0,2,20
M119,M113,17:01:25,3,-1,-1,MX7769,0,2,111
C653/2,C689/1,17:01:35,3,-1,1,MY9487,1,2,185
M140/1,M137/2,17:01:35,3,-1,1,MY9282,0,2,91
M182/1,T431,17:01:46,3,-1,1,MY7560,0,2,225
T345/1,T322,17:01:46,3,-1,-1,AA7537,0,2,111
T345/5,T344,17:01:56,3,-1,1,AA7450,0,2,50
T342,T409,17:01:56,3,-1,1,MX7866,0,2,60
M10,M16/1,17:02:16,3,-1,2,MY9362,0,2,80
T355/1,C688/1,17:02:26,3,-1,1,AC3371,0,2,205
M127,M125,17:02:36,3,-1,1,MY9491,0,2,111
T344,T356/1,17:02:46,3,-1,1,AA7450,0,2,20
M137/2,M132/1,17:02:56,3,-1,2,MY9282,0,2,70
M125,M136/2,17:03:17,3,-1,1,MY9491,0,2,30
T322,T342,17:03:27,3,-1,-1,AA7537,0,2,70
T431,T335,17:03:47,3,-1,1,MY7560,0,2,101
C688/1,C691,17:04:17,3,-1,1,AC3371,0,2,30
C689/1,T355/2,17:04:28,3,-1,1,MY9487,0,2,151
T335,T338,17:04:38,3,-1,1,MY7560,0,2,20
M136/2,M139/2,17:04:48,3,-1,1,MY9491,0,2,60
T409,T324/2,17:04:48,3,-1,1,MX7866,1,2,141
T356/1,T358,17:04:58,3,-1,1,AA7450,0,2,121
T342,T409,17:05:08,3,-1,1,AA7537,0,2,40
M113,M94,17:05:18,3,-1,-1,MX7769,0,2,141
M16/1,M109,17:05:28,3,-1,1,MY9362,0,2,131
M132/1,M200,17:05:28,3,-1,3,MY9282,0,2,50
T338,T326/3,17:05:38,3,-1,-1,MY7560,0,2,50
T358,T373/2,17:05:59,3,-1,1,AA7450,0,2,30
M139/2,M184,17:06:09,3,-1,2,MY9491,0,2,40
T409,T368,17:06:29,3,-1,1,AA7537,0,2,60
T324/2,T327,17:06:29,3,-1,1,MX7866,0,2,60
T326/3,T332/2,17:07:10,3,-1,1,MY7560,0,2,70
T355/2,T360,17:07:10,3,-1,1,MY9487,0,2,121
T368,T324/2,17:07:34,3,-1,1,AA7537,0,2,24
T327,T326/2,17:07:34,3,-1,1,MX7866,0,2,24
M94,M95/3,17:07:34,3,-1,-1,MX7769,0,2,95
M184,M188,17:07:44,3,-1,1,MY9491,0,2,10
T373/2,T375,17:07:44,3,-1,1,AA7450,0,2,65
M109,M112,17:07:55,3,-1,1,MY9362,0,2,105
C691,C655,17:08:15,3,-1,1,AC3371,1,2,186
M200,M201,17:08:15,3,-1,-1,MY9282,0,2,115
T326/2,T337,17:08:45,3,-1,1,MX7866,0,2,60
T332/2,T325/2,17:08:55,3,-1,1,MY7560,0,2,95
M201,M121,17:08:55,3,-1,3,MY9282,0,2,30
T325/2,T339/2,17:09:15,3,-1,1,MY7560,0,2,10
T324/2,T327,17:09:15,3,-1,1,AA7537,0,2,70
M188,M203/2,17:09:26,3,-1,1,MY9491,0,2,10
C655,C657,17:09:26,3,-1,1,AC3371,0,2,40
T360,T376/1,17:09:26,3,-1,1,MY9487,0,2,101
T337,T334,17:09:36,3,-1,1,MX7866,0,2,20
T375,T380,17:09:46,3,-1,1,AA7450,0,2,50
C657,C686,17:10:06,3,-1,1,AC3371,0,2,30
M112,M127,17:10:16,3,-1,1,MY9362,0,2,60
T327,T326/2,17:10:16,3,-1,1,AA7537,0,2,20
T380,T379,17:10:37,3,-1,1,AA7450,0,2,20
T376/1,T363/1,17:11:17,3,-1,1,MY9487,0,2,101
T334,T430,17:11:27,3,-1,1,MX7866,0,2,50
M121,M119,17:11:27,3,-1,2,MY9282,0,2,111
C686,C656,17:11:37,3,-1,1,AC3371,0,2,60
T326/2,T337,17:11:37,3,-1,1,AA7537,0,2,70
M127,M125,17:11:47,3,-1,1,MY9362,0,2,50
T339/2,T408/1,17:11:57,3,-1,-1,MY7560,0,2,111
T379,T359,17:12:18,3,-1,1,AA7450,0,2,50
T337,T334,17:12:18,3,-1,1,AA7537,0,2,10
C656,C654/3,17:12:38,3,-1,1,AC3371,0,2,40
M125,M136/2,17:12:48,3,-1,1,MY9362,0,2,20
T363/1,T374,17:13:08,3,-1,1,MY9487,0,2,60
M203/2,M182/1,17:13:29,3,-1,1,MY9491,1,2,222
T359,T355/1,17:13:29,3,-1,1,AA7450,0,2,60
T334,T430,17:13:39,3,-1,1,AA7537,0,2,70
T374,T406,17:13:59,3,-1,1,MY9487,0,2,30
M136/2,M139/2,17:14:19,3,-1,1,MY9362,0,2,60
T408/1,T343,17:14:54,3,-1,-1,MY7560,0,2,165
M119,M94,17:15:44,3,-1,-1,MY9282,1,2,216
M139/2,M184,17:16:35,3,-1,2,MY9362,0,2,101
C654/3,C653/2,17:16:35,3,-1,1,AC3371,0,2,70
T430,M177,17:16:35,3,-1,1,MX7866,0,2,297
T355/1,C688/1,17:17:15,3,-1,1,AA7450,0,2,196
T343,T316,17:17:25,3,-1,1,MY7560,0,2,91
M94,M95/3,17:17:25,3,-1,-1,MY9282,0,2,70
M184,M188,17:17:46,3,-1,1,MY9362,0,2,10
M182/1,T431,17:17:46,3,-1,1,MY9491,0,2,216
C653/2,C692,17:18:16,3,-1,1,AC3371,0,2,91
M95/3,M22,17:18:26,3,-1,1,AC3674,0,2,121
T430,M177,17:18:26,3,-1,1,AA7537,0,2,277
C688/1,C691,17:18:37,3,-1,1,AA7450,0,2,30
C692,C689/1,17:18:57,3,-1,1,AC3371,0,2,10
M188,M203/2,17:19:07,3,-1,1,MY9362,0,2,10
T316,T345/5,17:19:07,3,-1,1,MY7560,0,2,91
T431,T335,17:19:17,3,-1,1,MY9491,0,2,81
M177,M198,17:19:48,3,-1,2,MX7866,0,2,152
T335,T338,17:20:08,3,-1,1,MY9491,0,2,10
C691,C652,17:20:18,3,-1,1,AA7450,0,2,70
M203/2,M277,17:20:28,3,-1,-1,MY9362,0,2,50
T406,T345/1,17:20:28,3,-1,-1,MY9487,0,2,334
M22,M10,17:20:38,3,-1,1,AC3674,0,2,101
T345/5,T344,17:21:09,3,-1,1,MY7560,0,2,111
M177,M198,17:21:19,3,-1,2,AA7537,0,2,131
C652,C655,17:21:29,3,-1,1,AA7450,0,2,40
T344,T356/1,17:21:49,3,-1,1,MY7560,0,2,30
T338,T326/3,17:21:59,3,-1,-1,MY9491,0,2,70
C655,C657,17:22:50,3,-1,1,AA7450,0,2,50
M198,M183/2,17:22:50,3,-1,2,MX7866,0,2,172
M10,M16/1,17:23:00,3,-1,2,AC3674,0,2,81
M277,M182/1,17:23:00,3,-1,1,MY9362,0,2,141
T326/3,T332/2,17:23:10,3,-1,1,MY9491,0,2,50
C689/1,T355/2,17:23:10,3,-1,1,AC3371,0,2,192
M198,M183/2,17:23:10,3,-1,2,AA7537,0,2,101
C657,C686,17:23:44,3,-1,1,AA7450,0,2,23
T345/1,T322,17:24:14,3,-1,-1,MY9487,0,2,195
M183/2,M140/1,17:24:14,3,-1,1,MX7866,0,2,20
M183/2,M140/1,17:24:35,3,-1,1,AA7537,0,2,10
T356/1,T358,17:24:55,3,-1,1,MY7560,0,2,165
C686,C656,17:25:15,3,-1,1,AA7450,0,2,20
T332/2,T325/2,17:25:25,3,-1,1,MY9491,0,2,124
T358,T373/2,17:25:56,3,-1,1,MY7560,0,2,30
T355/2,T360,17:25:56,3,-1,1,AC3371,0,2,111
C656,C654/3,17:26:16,3,-1,1,AA7450,0,2,40
M16/1,M109,17:26:26,3,-1,1,AC3674,0,2,111
T325/2,T339/2,17:26:26,3,-1,1,MY9491,0,2,30
T322,T342,17:26:36,3,-1,-1,MY9487,0,2,111
T360,T376/1,17:26:46,3,-1,1,AC3371,0,2,20
M140/1,M137/2,17:26:46,3,-1,1,AA7537,0,2,91
T373/2,T375,17:27:07,3,-1,1,MY7560,0,2,40
M140/1,M137/2,17:27:17,3,-1,1,MX7866,0,2,131
M182/1,T431,17:27:27,3,-1,1,MY9362,0,2,246
T375,T380,17:28:08,3,-1,1,MY7560,0,2,30
T342,T409,17:28:08,3,-1,1,MY9487,0,2,81
T380,T379,17:28:38,3,-1,1,MY7560,0,2,10
T339/2,T408/1,17:28:58,3,-1,-1,MY9491,0,2,80
T376/1,T363/1,17:29:08,3,-1,1,AC3371,0,2,121
T379,T359,17:29:39,3,-1,1,MY7560,0,2,20
T409,T368,17:29:49,3,-1,1,MY9487,0,2,70
T431,T338,17:29:59,3,-1,1,MY9362,1,2,141
T363/1,T374,17:30:29,3,-1,1,AC3371,0,2,40
M109,M112,17:30:50,3,-1,2,AC3674,0,2,192
T359,T355/1,17:31:00,3,-1,1,MY7560,0,2,60
T374,T406,17:31:20,3,-1,1,AC3371,0,2,30
T368,T324/2,17:31:20,3,-1,1,MY9487,0,2,60
T408/1,T343,17:31:32,3,-1,-1,MY9491,0,2,123
M137/2,M132/1,17:32:02,3,-1,1,MX7866,0,2,153
C654/3,C653/2,17:32:13,3,-1,1,AA7450,0,2,123
M112,M127,17:33:04,3,-1,1,AC3674,0,2,41
M137/2,M132/1,17:33:04,3,-1,1,AA7537,0,2,175
T338,T332/2,17:33:14,3,-1,1,MY9362,1,2,165
T324/2,T327,17:33:14,3,-1,1,MY9487,0,2,71
T343,T316,17:33:55,3,-1,1,MY9491,0,2,92
C653/2,C692,17:34:05,3,-1,1,AA7450,0,2,102
M127,M125,17:34:15,3,-1,1,AC3674,0,2,20
T332/2,T325/2,17:34:35,3,-1,1,MY9362,0,2,60
T325/2,T339/2,17:35:26,3,-1,2,MY9362,0,2,20
C692,C689/1,17:35:26,3,-1,1,AA7450,0,2,30
T355/1,C688/1,17:35:56,3,-1,1,MY7560,0,2,244
M125,M136/2,17:36:27,3,-1,2,AC3674,0,2,60
T316,T345/5,17:36:37,3,-1,1,MY9491,0,2,151
M132/1,M200,17:36:37,3,-1,3,MX7866,0,2,121
M132/1,M200,17:36:47,3,-1,3,AA7537,0,2,121
M95/3,M22,17:37:17,3,-1,2,MX7769,0,2,151
T339/2,T408/1,17:37:58,3,-1,-1,MY9362,0,2,111
T345/5,T344,17:37:58,3,-1,1,MY9491,0,2,70
C688/1,C691,17:37:58,3,-1,1,MY7560,0,2,60
M200,M201,17:37:58,3,-1,-1,AA7537,0,2,30
M136/2,M139/2,17:38:28,3,-1,2,AC3674,0,2,80
T406,T345/1,17:38:38,3,-1,-1,AC3371,0,2,426
T327,T337,17:38:48,3,-1,1,MY9487,1,2,313
M201,M121,17:39:09,3,-1,3,AA7537,0,2,60
M200,M121,17:39:09,3,-1,3,MX7866,1,2,101
T337,T334,17:39:29,3,-1,1,MY9487,0,2,20
T344,T356/1,17:39:39,3,-1,1,MY9491,0,2,30
C691,C652,17:39:39,3,-1,1,MY7560,0,2,60
M139/2,M184,17:39:49,3,-1,2,AC3674,0,2,40
C689/1,T355/2,17:39:49,3,-1,1,AA7450,0,2,172
T408/1,T343,17:40:30,3,-1,-1,MY9362,0,2,131
C652,C655,17:41:10,3,-1,1,MY7560,0,2,50
M184,M188,17:41:20,3,-1,1,AC3674,0,2,10
T334,T430,17:41:20,3,-1,1,MY9487,0,2,71
T356/1,T358,17:41:33,3,-1,1,MY9491,0,2,83
M22,M10,17:42:13,3,-1,2,MX7769,0,2,285
C655,C657,17:42:23,3,-1,1,MY7560,0,2,50
T355/2,T360,17:42:23,3,-1,1,AA7450,0,2,113
M188,M203/2,17:42:35,3,-1,1,AC3674,0,2,41
T343,T316,17:42:35,3,-1,1,MY9362,0,2,94
T358,T373/2,17:42:45,3,-1,1,MY9491,0,2,31
T345/1,T322,17:42:45,3,-1,-1,AC3371,0,2,205
C657,C686,17:43:05,3,-1,1,MY7560,0,2,20
M203/2,M277,17:43:36,3,-1,-1,AC3674,0,2,30
T360,T376/1,17:43:46,3,-1,1,AA7450,0,2,61
T373/2,T375,17:44:06,3,-1,1,MY9491,0,2,40
M121,M119,17:44:16,3,-1,2,MX7866,0,2,236
T322,T342,17:44:57,3,-1,-1,AC3371,0,2,101
M10,M16/1,17:45:27,3,-1,2,MX7769,0,2,152
T316,T345/5,17:45:27,3,-1,1,MY9362,0,2,152
T376/1,T363/1,17:45:27,3,-1,1,AA7450,0,2,91
M121,M119,17:45:27,3,-1,2,AA7537,0,2,307
T375,T380,17:45:47,3,-1,1,MY9491,0,2,81
M277,M182/1,17:46:08,3,-1,1,AC3674,0,2,141
C686,C656,17:46:18,3,-1,1,MY7560,0,2,111
T342,T409,17:46:28,3,-1,1,AC3371,0,2,40
T380,T379,17:46:38,3,-1,1,MY9491,0,2,10
T430,M177,17:46:58,3,-1,1,MY9487,0,2,285
T345/5,T356/1,17:47:39,3,-1,1,MY9362,1,2,111
T363/1,T374,17:47:39,3,-1,1,AA7450,0,2,70
T409,T368,17:47:49,3,-1,1,AC3371,0,2,70
M119,M113,17:47:49,3,-1,-1,AA7537,0,2,101
M16/1,M109,17:48:09,3,-1,1,MX7769,0,2,111
M119,M113,17:48:09,3,-1,-1,MX7866,0,2,172
T379,T359,17:48:19,3,-1,1,MY9491,0,2,80
T374,T406,17:48:19,3,-1,1,AA7450,0,2,30
C656,C654/3,17:48:40,3,-1,1,MY7560,0,2,71
T368,T324/2,17:49:00,3,-1,1,AC3371,0,2,40
T356/1,T358,17:49:32,3,-1,1,MY9362,0,2,103
T359,T355/1,17:49:32,3,-1,1,MY9491,0,2,63
T358,T373/2,17:50:27,3,-1,1,MY9362,0,2,34
M182/1,T431,17:50:37,3,-1,1,AC3674,0,2,228
M177,M198,17:50:47,3,-1,2,MY9487,0,2,157
M113,M94,17:51:07,3,-1,-1,AA7537,0,2,107
T324/2,T327,17:51:17,3,-1,1,AC3371,0,2,50
T373/2,T375,17:51:58,3,-1,1,MY9362,0,2,50
T327,T326/2,17:52:18,3,-1,1,AC3371,0,2,20
T431,T335,17:52:38,3,-1,1,AC3674,0,2,90
M109,M112,17:52:48,3,-1,2,MX7769,0,2,228
M198,M183/2,17:53:09,3,-1,2,MY9487,0,2,131
T355/1,C688/1,17:53:39,3,-1,1,MY9491,0,2,226
T326/2,T337,17:53:39,3,-1,1,AC3371,0,2,70
T375,T380,17:53:59,3,-1,1,MY9362,0,2,40
T337,T334,17:54:29,3,-1,1,AC3371,0,2,20
T380,T379,17:54:40,3,-1,1,MY9362,0,2,10
M94,M95/3,17:54:40,3,-1,-1,AA7537,0,2,161
M113,M95/3,17:54:50,3,-1,-1,MX7866,1,2,359
M112,M127,17:55:10,3,-1,1,MX7769,0,2,131
T379,T359,17:55:20,3,-1,1,MY9362,0,2,20
C654/3,C653/2,17:55:20,3,-1,1,MY7560,0,2,111
T406,T345/1,17:55:20,3,-1,-1,AA7450,0,2,390
M183/2,M140/1,17:55:35,3,-1,3,MY9487,0,2,45
T338,T326/3,17:55:55,3,-1,-1,AC3674,0,2,95
T334,T430,17:56:15,3,-1,1,AC3371,0,2,65
M127,M125,17:56:46,3,-1,1,MX7769,0,2,60
T359,T355/1,17:57:06,3,-1,1,MY9362,0,2,80
C688/1,C652,17:57:06,3,-1,1,MY9491,1,2,156
C653/2,C692,17:57:26,3,-1,1,MY7560,0,2,91
M140/1,M137/2,17:57:36,3,-1,3,MY9487,0,2,91
T345/1,T322,17:57:57,3,-1,-1,AA7450,0,2,141
M95/3,M22,17:58:27,3,-1,1,MY9282,0,2,111
C652,C655,17:58:27,3,-1,1,MY9491,0,2,40
M125,M136/2,17:58:47,3,-1,2,MX7769,0,2,70
C655,C657,17:59:38,3,-1,1,MY9491,0,2,50
T326/3,T339/2,18:00:08,3,-1,1,AC3674,2,2,242
C657,C686,18:00:08,3,-1,1,MY9491,0,2,20
T322,T342,18:00:18,3,-1,-1,AA7450,0,2,90
M137/2,M132/1,18:00:18,3,-1,1,MY9487,0,2,80
M136/2,M139/2,18:00:38,3,-1,2,MX7769,0,2,90
M22,M10,18:01:09,3,-1,1,MY9282,0,2,90
T342,T409,18:01:39,3,-1,1,AA7450,0,2,50
T430,M177,18:01:49,3,-1,1,AC3371,0,2,303
M139/2,M184,18:02:00,3,-1,2,MX7769,0,2,30
T339/2,T408/1,18:02:20,3,-1,-1,AC3674,0,2,101
T355/1,C688/1,18:02:20,3,-1,1,MY9362,0,2,303
C686,C656,18:03:05,3,-1,1,MY9491,0,2,136
C692,T355/2,18:03:15,3,-1,1,MY7560,1,2,298
M10,M16/1,18:03:25,3,-1,1,MY9282,0,2,65
C688/1,C691,18:03:25,3,-1,1,MY9362,0,2,20
M132/1,M200,18:03:35,3,-1,3,MY9487,0,2,75
M184,M188,18:03:45,3,-1,1,MX7769,0,2,10
T409,T368,18:04:05,3,-1,1,AA7450,0,2,125
C656,C654/3,18:04:16,3,-1,1,MY9491,0,2,60
M188,M203/2,18:04:46,3,-1,1,MX7769,0,2,10
C691,C652,18:05:06,3,-1,1,MY9362,0,2,81
T368,T324/2,18:05:16,3,-1,1,AA7450,0,2,30
M200,M201,18:05:47,3,-1,-1,MY9487,0,2,30
C652,C655,18:05:57,3,-1,1,MY9362,0,2,30
M203/2,M277,18:06:48,3,-1,-1,MX7769,0,2,50
T408/1,T343,18:06:48,3,-1,-1,AC3674,0,2,222
C655,C657,18:06:48,3,-1,1,MY9362,0,2,40
T355/2,T360,18:06:58,3,-1,1,MY7560,0,2,151
C657,C686,18:07:28,3,-1,1,MY9362,0,2,20
T324/2,T327,18:07:28,3,-1,1,AA7450,0,2,50
C654/3,C653/2,18:07:38,3,-1,1,MY9491,0,2,60
M201,M121,18:07:58,3,-1,3,MY9487,0,2,50
T327,T326/2,18:08:40,3,-1,1,AA7450,0,2,31
C653/2,C692,18:09:00,3,-1,1,MY9491,0,2,51
T343,T316,18:09:20,3,-1,1,AC3674,0,2,92
C686,C656,18:09:20,3,-1,1,MY9362,0,2,40
T360,T376/1,18:09:43,3,-1,1,MY7560,0,2,114
M177,M183/2,18:09:53,3,-1,2,AC3371,1,2,408
M277,M182/1,18:10:03,3,-1,1,MX7769,0,2,175
T326/2,T337,18:10:13,3,-1,1,AA7450,0,2,52
C656,C654/3,18:10:35,3,-1,1,MY9362,0,2,61
M16/1,M112,18:10:45,3,-1,1,MY9282,1,2,429
T316,T345/5,18:10:45,3,-1,1,AC3674,0,2,71
C692,C689/1,18:10:45,3,-1,1,MY9491,0,2,61
T337,T334,18:11:15,3,-1,1,AA7450,0,2,30
T345/5,T344,18:11:56,3,-1,1,AC3674,0,2,50
M112,M127,18:12:06,3,-1,1,MY9282,0,2,50
M183/2,M140/1,18:12:26,3,-1,3,AC3371,0,2,60
T334,T430,18:12:46,3,-1,1,AA7450,0,2,60
M121,M119,18:13:37,3,-1,2,MY9487,0,2,234
M22,M10,18:14:07,3,-1,1,MX7866,0,2,81
T376/1,T363/1,18:14:18,3,-1,1,MY7560,0,2,264
C689/1,T355/2,18:14:28,3,-1,1,MY9491,0,2,182
M140/1,M137/2,18:14:28,3,-1,2,AC3371,0,2,70
M127,M125,18:15:08,3,-1,1,MY9282,0,2,131
C654/3,C653/2,18:15:08,3,-1,1,MY9362,0,2,60
T344,T358,18:15:18,3,-1,1,AC3674,1,2,182
T358,T373/2,18:16:19,3,-1,1,AC3674,0,2,30
M182/1,T431,18:16:29,3,-1,1,MX7769,0,2,253
M125,M136/2,18:16:39,3,-1,2,MY9282,0,2,70
M10,M16/1,18:17:00,3,-1,2,MX7866,0,2,121
C653/2,C692,18:17:00,3,-1,1,MY9362,0,2,91
T355/2,T360,18:17:10,3,-1,1,MY9491,0,2,111
T373/2,T375,18:17:43,3,-1,1,AC3674,0,2,22
T363/1,T374,18:17:53,3,-1,1,MY7560,0,2,144
T431,T335,18:18:03,3,-1,1,MX7769,0,2,63
M119,M113,18:18:03,3,-1,-1,MY9487,0,2,164
T430,M177,18:18:13,3,-1,1,AA7450,0,2,296
M136/2,M139/2,18:18:23,3,-1,2,MY9282,0,2,20
T360,T376/1,18:18:23,3,-1,1,MY9491,0,2,40
T335,T338,18:19:05,3,-1,2,MX7769,0,2,20
M137/2,M132/1,18:19:05,3,-1,1,AC3371,0,2,185
M16/1,M109,18:19:25,3,-1,1,MX7866,0,2,61
T375,T380,18:19:55,3,-1,1,AC3674,0,2,70
T374,T406,18:19:55,3,-1,2,MY7560,0,2,70
T380,T379,18:20:37,3,-1,1,AC3674,0,2,10
M139/2,M184,18:21:07,3,-1,2,MY9282,0,2,81
T338,T326/3,18:21:07,3,-1,-1,MX7769,0,2,81
M184,M188,18:21:48,3,-1,1,MY9282,0,2,20
M113,M94,18:21:48,3,-1,-1,MY9487,0,2,132
C692,T355/2,18:21:58,3,-1,1,MY9362,1,2,255
M177,M198,18:21:58,3,-1,2,AA7450,0,2,173
T379,T355/1,18:22:28,3,-1,1,AC3674,1,2,80
T326/3,T332/2,18:22:48,3,-1,1,MX7769,0,2,91
M188,M203/2,18:23:19,3,-1,1,MY9282,0,2,50
M94,M95/3,18:23:29,3,-1,-1,MY9487,0,2,50
M109,M112,18:23:49,3,-1,2,MX7866,0,2,212
T355/2,T360,18:24:29,3,-1,1,MY9362,0,2,121
M198,M183/2,18:24:29,3,-1,3,AA7450,0,2,141
M203/2,M277,18:24:40,3,-1,-1,MY9282,0,2,50
M112,M127,18:25:10,3,-1,1,MX7866,0,2,70
T332/2,T325/2,18:25:40,3,-1,1,MX7769,0,2,101
T360,T376/1,18:25:40,3,-1,2,MY9362,0,2,50
M183/2,M140/1,18:25:50,3,-1,3,AA7450,0,2,20
M127,M125,18:26:45,3,-1,1,MX7866,0,2,74
T325/2,T339/2,18:26:45,3,-1,2,MX7769,0,2,24
M132/1,M200,18:26:45,3,-1,1,AC3371,0,2,409
T376/1,T363/1,18:27:05,3,-1,3,MY9491,0,2,408
T355/1,C688/1,18:27:26,3,-1,1,AC3674,0,2,287
M125,M136/2,18:27:46,3,-1,2,MX7866,0,2,30
M200,M201,18:27:46,3,-1,-1,AC3371,0,2,10
M277,M182/1,18:28:16,3,-1,1,MY9282,0,2,206
T406,T345/1,18:28:47,3,-1,-1,MY7560,0,2,408
M140/1,M137/2,18:29:07,3,-1,2,AA7450,0,2,141
M136/2,M139/2,18:29:27,3,-1,3,MX7866,0,2,80
T339/2,T408/1,18:29:27,3,-1,-1,MX7769,0,2,111
C688/1,C691,18:29:27,3,-1,1,AC3674,0,2,80
T363/1,T374,18:29:27,3,-1,1,MY9491,0,2,91
M201,M121,18:29:27,3,-1,3,AC3371,0,2,50
T374,T406,18:30:38,3,-1,1,MY9491,0,2,40
C691,C652,18:30:48,3,-1,1,AC3674,0,2,40
T376/1,T363/1,18:31:29,3,-1,3,MY9362,0,2,338
M139/2,M184,18:31:39,3,-1,2,MX7866,0,2,50
C652,C655,18:32:09,3,-1,1,AC3674,0,2,70
M121,M119,18:32:09,3,-1,2,AC3371,0,2,91
T345/1,T322,18:33:00,3,-1,-1,MY7560,0,2,182
T408/1,T343,18:33:10,3,-1,-1,MX7769,0,2,212
M184,M188,18:33:52,3,-1,1,MX7866,0,2,10
C655,C686,18:33:52,3,-1,1,AC3674,1,2,73
T363/1,T374,18:34:23,3,-1,1,MY9362,0,2,93
M182/1,T431,18:34:35,3,-1,1,MY9282,0,2,308
M119,M113,18:34:55,3,-1,-1,AC3371,0,2,83
T374,T406,18:35:16,3,-1,2,MY9362,0,2,30
M188,M203/2,18:35:26,3,-1,1,MX7866,0,2,62
T343,T316,18:35:26,3,-1,1,MX7769,0,2,93
C686,C656,18:35:36,3,-1,1,AC3674,0,2,40
M203/2,M277,18:36:26,3,-1,-1,MX7866,0,2,40
C656,C654/3,18:36:37,3,-1,1,AC3674,0,2,50
T431,T338,18:37:27,3,-1,1,MY9282,1,2,141
T406,T345/1,18:37:47,3,-1,-1,MY9491,0,2,399
T316,T345/5,18:37:58,3,-1,-1,MX7769,0,2,141
M113,M94,18:37:58,3,-1,-1,AC3371,0,2,131
M137/2,M132/1,18:38:28,3,-1,1,AA7450,0,2,378
C654/3,C653/2,18:38:38,3,-1,1,AC3674,0,2,70
M95/3,M22,18:38:48,3,-1,2,MY9487,0,2,50
M277,M182/1,18:38:48,3,-1,1,MX7866,0,2,131
T345/5,T344,18:39:19,3,-1,1,MX7769,0,2,40
C653/2,C692,18:39:29,3,-1,1,AC3674,0,2,30
T338,T332/2,18:39:59,3,-1,1,MY9282,1,2,131
M94,M95/3,18:39:59,3,-1,-1,AC3371,0,2,70
C692,C689/1,18:40:29,3,-1,1,AC3674,0,2,10
T345/1,T322,18:40:40,3,-1,-1,MY9491,0,2,121
M22,M10,18:41:53,3,-1,1,MY9487,0,2,133
M132/1,M200,18:42:03,3,-1,3,AA7450,0,2,30
T406,T345/1,18:42:13,3,-1,-1,MY9362,0,2,326
T332/2,T325/2,18:42:33,3,-1,1,MY9282,0,2,113
M200,M201,18:43:04,3,-1,-1,AA7450,0,2,30
T325/2,T339/2,18:43:44,3,-1,1,MY9282,0,2,30
M10,M16/1,18:44:25,3,-1,2,MY9487,0,2,91
M182/1,T431,18:44:25,3,-1,1,MX7866,0,2,265
M201,M121,18:44:25,3,-1,3,AA7450,0,2,30
C689/1,T355/2,18:45:05,3,-1,1,AC3674,0,2,265
T344,T358,18:45:15,3,-1,1,MX7769,1,2,346
M121,M119,18:45:46,3,-1,3,AA7450,0,2,30
T431,T335,18:45:56,3,-1,1,MX7866,0,2,81
T339/2,T408/1,18:46:06,3,-1,-1,MY9282,0,2,111
M16/1,M109,18:46:26,3,-1,1,MY9487,0,2,20
T358,T373/2,18:46:26,3,-1,1,MX7769,0,2,30
T335,T338,18:46:47,3,-1,1,MX7866,0,2,10
T322,T342,18:47:17,3,-1,-1,MY9491,0,2,366
T355/2,T360,18:47:27,3,-1,1,AC3674,0,2,111
M119,M113,18:47:27,3,-1,-1,AA7450,0,2,50
T345/1,T342,18:47:37,3,-1,-1,MY9362,1,2,293
T338,T326/3,18:48:07,3,-1,-1,MX7866,0,2,60
T360,T376/1,18:48:28,3,-1,2,AC3674,0,2,40
T342,T409,18:48:28,3,-1,1,MY7560,0,2,70
T342,T409,18:48:38,3,-1,1,MY9491,0,2,60
T373/2,T375,18:48:58,3,-1,2,MX7769,0,2,40
M113,M94,18:48:58,3,-1,-1,AA7450,0,2,30
T342,T409,18:49:28,3,-1,1,MY9362,0,2,60
M109,M112,18:50:09,3,-1,1,MY9487,0,2,161
T375,T380,18:50:09,3,-1,1,MX7769,0,2,30
M94,M95/3,18:50:19,3,-1,-1,AA7450,0,2,40
T409,T368,18:50:29,3,-1,1,MY7560,0,2,101
M112,M127,18:50:59,3,-1,1,MY9487,0,2,30
T380,T379,18:51:10,3,-1,1,MX7769,0,2,20
T409,T368,18:51:10,3,-1,1,MY9491,0,2,121
T376/1,T363/1,18:51:42,3,-1,2,AC3674,0,2,133
T409,T368,18:51:42,3,-1,1,MY9362,0,2,103
T368,T324/2,18:51:52,3,-1,1,MY7560,0,2,42
T368,T324/2,18:51:52,3,-1,1,MY9491,0,2,32
T379,T359,18:52:02,3,-1,1,MX7769,0,2,20
M127,M125,18:52:12,3,-1,1,MY9487,0,2,30
T326/3,T325/2,18:52:43,3,-1,1,MX7866,1,2,265
T368,T324/2,18:52:43,3,-1,1,MY9362,0,2,30
T359,T355/1,18:53:23,3,-1,1,MX7769,0,2,71
T325/2,T339/2,18:53:34,3,-1,1,MX7866,0,2,31
M125,M136/2,18:53:55,3,-1,2,MY9487,0,2,20
T408/1,T343,18:54:05,3,-1,-1,MY9282,0,2,407
T324/2,T327,18:54:15,3,-1,1,MY9491,0,2,92
T363/1,T374,18:54:25,3,-1,1,AC3674,0,2,82
T324/2,T327,18:54:35,3,-1,1,MY7560,0,2,82
T324/2,T327,18:54:56,3,-1,1,MY9362,0,2,81
M136/2,M139/2,18:55:16,3,-1,2,MY9487,0,2,30
T374,T406,18:55:36,3,-1,1,AC3674,0,2,30
T327,T326/2,18:55:46,3,-1,1,MY9362,0,2,40
T343,T316,18:56:06,3,-1,1,MY9282,0,2,90
T327,T326/2,18:56:17,3,-1,1,MY7560,0,2,30
T339/2,T408/1,18:56:27,3,-1,-1,MX7866,0,2,141
T327,T337,18:56:37,3,-1,1,MY9491,1,2,121
T337,T334,18:57:17,3,-1,1,MY9491,0,2,20
M139/2,M184,18:57:27,3,-1,2,MY9487,0,2,40
T326/2,T334,18:57:27,3,-1,1,MY9362,1,2,90
T316,T345/5,18:57:37,3,-1,1,MY9282,0,2,80
T326/2,T337,18:57:47,3,-1,1,MY7560,0,2,80
M184,M188,18:58:38,3,-1,1,MY9487,0,2,10
T355/1,C688/1,18:58:38,3,-1,2,MX7769,0,2,303
T337,T334,18:58:38,3,-1,1,MY7560,0,2,20
T334,T430,18:58:38,3,-1,1,MY9491,0,2,70
T408/1,T343,18:58:48,3,-1,-1,MX7866,0,2,131
T334,T430,18:58:58,3,-1,1,MY9362,0,2,50
M22,M10,18:59:08,3,-1,1,AA7537,0,2,60
T334,T430,18:59:59,3,-1,1,MY7560,0,2,60
M188,M203/2,19:00:39,3,-1,2,MY9487,0,2,40
T345/5,T344,19:00:39,3,-1,1,MY9282,0,2,161
T343,T316,19:00:50,3,-1,2,MX7866,0,2,91
C688/1,C691,19:01:10,3,-1,1,MX7769,0,2,60
T344,T356/1,19:01:34,3,-1,1,MY9282,0,2,44
M10,M16/1,19:01:44,3,-1,2,AA7537,0,2,74
T316,T345/5,19:02:34,3,-1,-1,MX7866,0,2,94
C691,C652,19:03:05,3,-1,1,MX7769,0,2,104
T406,T345/1,19:03:35,3,-1,-1,AC3674,0,2,398
T345/5,T344,19:04:06,3,-1,1,MX7866,0,2,60
T430,M177,19:04:06,3,-1,2,MY9491,0,2,307
M16/1,M109,19:04:16,3,-1,1,AA7537,0,2,91
C652,C655,19:04:26,3,-1,1,MX7769,0,2,30
T356/1,T358,19:04:46,3,-1,1,MY9282,0,2,182
T344,T356/1,19:05:06,3,-1,1,MX7866,0,2,40
T430,M177,19:05:27,3,-1,2,MY9362,0,2,368
C655,C657,19:05:47,3,-1,1,MX7769,0,2,50
M203/2,M182/1,19:05:57,3,-1,1,MY9487,1,2,276
T358,T373/2,19:05:57,3,-1,1,MY9282,0,2,30
C657,C686,19:06:17,3,-1,1,MX7769,0,2,20
M109,M112,19:06:48,3,-1,1,AA7537,0,2,91
T356/1,T358,19:07:08,3,-1,1,MX7866,0,2,70
T430,M177,19:07:08,3,-1,2,MY7560,0,2,408
T345/1,T322,19:07:18,3,-1,-1,AC3674,0,2,192
C686,C656,19:07:38,3,-1,1,MX7769,0,2,30
T358,T373/2,19:07:58,3,-1,1,MX7866,0,2,30
M112,M127,19:08:19,3,-1,1,AA7537,0,2,10
T373/2,T375,19:08:49,3,-1,1,MY9282,0,2,40
C656,C654/3,19:08:49,3,-1,1,MX7769,0,2,50
T322,T342,19:09:29,3,-1,-1,AC3674,0,2,91
T373/2,T375,19:09:40,3,-1,1,MX7866,0,2,50
M127,M125,19:09:50,3,-1,1,AA7537,0,2,20
T375,T380,19:10:10,3,-1,1,MY9282,0,2,30
C654/3,C653/2,19:10:10,3,-1,1,MX7769,0,2,60
M177,M198,19:10:34,3,-1,2,MY9491,0,2,337
M182/1,T431,19:10:54,3,-1,1,MY9487,0,2,266
M177,M198,19:10:54,3,-1,2,MY9362,0,2,286
T380,T379,19:11:04,3,-1,1,MY9282,0,2,10
T342,T409,19:11:04,3,-1,1,AC3674,0,2,54
T379,T359,19:11:34,3,-1,1,MY9282,0,2,10
T375,T380,19:11:55,3,-1,1,MX7866,0,2,60
M125,M136/2,19:12:05,3,-1,2,AA7537,0,2,60
T409,T368,19:12:15,3,-1,1,AC3674,0,2,60
T431,T335,19:12:25,3,-1,1,MY9487,0,2,70
T380,T379,19:12:36,3,-1,1,MX7866,0,2,21
T359,T355/1,19:12:46,3,-1,1,MY9282,0,2,61
T379,T359,19:13:07,3,-1,1,MX7866,0,2,20
T335,T338,19:13:17,3,-1,1,MY9487,0,2,20
T368,T324/2,19:13:17,3,-1,1,AC3674,0,2,30
M136/2,M139/2,19:13:27,3,-1,1,AA7537,0,2,20
C653/2,C692,19:13:27,3,-1,1,MX7769,0,2,102
T359,T355/1,19:14:07,3,-1,1,MX7866,0,2,50
T324/2,T327,19:14:58,3,-1,1,AC3674,0,2,70
M177,M198,19:14:58,3,-1,2,MY7560,0,2,389
M198,M183/2,19:14:58,3,-1,1,MY9491,0,2,183
T338,T326/3,19:15:38,3,-1,-1,MY9487,0,2,111
M139/2,M184,19:15:48,3,-1,2,AA7537,0,2,50
M198,M183/2,19:15:48,3,-1,2,MY9362,0,2,192
M95/3,M22,19:15:59,3,-1,1,AC3371,0,2,20
T327,T326/2,19:15:59,3,-1,1,AC3674,0,2,30
T326/3,T332/2,19:16:29,3,-1,2,MY9487,0,2,30
M184,M188,19:17:10,3,-1,1,AA7537,0,2,31
M183/2,M140/1,19:17:10,3,-1,3,MY9491,0,2,41
T355/1,C688/1,19:17:20,3,-1,1,MY9282,0,2,233
T326/2,T337,19:17:20,3,-1,1,AC3674,0,2,71
M183/2,M140/1,19:17:32,3,-1,3,MY9362,0,2,11
M22,M10,19:17:53,3,-1,2,AC3371,0,2,73
C692,T355/2,19:18:13,3,-1,1,MX7769,1,2,245
T337,T334,19:18:13,3,-1,1,AC3674,0,2,20
M188,M203/2,19:18:23,3,-1,2,AA7537,0,2,40
T355/1,C688/1,19:18:44,3,-1,1,MX7866,0,2,236
C688/1,C691,19:18:54,3,-1,1,MY9282,0,2,41
T334,T430,19:19:45,3,-1,1,AC3674,0,2,50
M140/1,M137/2,19:19:45,3,-1,3,MY9491,0,2,102
M10,M16/1,19:19:55,3,-1,2,AC3371,0,2,70
M203/2,M277,19:19:55,3,-1,-1,AA7537,0,2,50
T332/2,T325/2,19:19:55,3,-1,1,MY9487,0,2,164
M198,M183/2,19:19:55,3,-1,2,MY7560,0,2,206
C688/1,C691,19:20:05,3,-1,1,MX7866,0,2,50
M140/1,M137/2,19:20:15,3,-1,3,MY9362,0,2,122
T325/2,T339/2,19:20:46,3,-1,1,MY9487,0,2,20
T355/2,T360,19:20:46,3,-1,1,MX7769,0,2,121
M16/1,M109,19:21:16,3,-1,1,AC3371,0,2,10
M183/2,M140/1,19:21:16,3,-1,3,MY7560,0,2,10
C691,C652,19:21:56,3,-1,1,MX7866,0,2,80
M277,M182/1,19:22:17,3,-1,1,AA7537,0,2,131
C691,C655,19:22:17,3,-1,1,MY9282,1,2,161
T360,T376/1,19:22:27,3,-1,1,MX7769,0,2,70
C652,C655,19:23:07,3,-1,1,MX7866,0,2,40
M109,M112,19:23:17,3,-1,1,AC3371,0,2,60
C655,C657,19:23:17,3,-1,1,MY9282,0,2,40
T339/2,T408/1,19:23:37,3,-1,-1,MY9487,0,2,101
M140/1,M137/2,19:23:48,3,-1,3,MY7560,0,2,90
C655,C657,19:23:58,3,-1,1,MX7866,0,2,40
C657,C686,19:23:58,3,-1,1,MY9282,0,2,30
M112,M127,19:24:38,3,-1,1,AC3371,0,2,40
C657,C686,19:24:38,3,-1,1,MX7866,0,2,30
T376/1,T363/1,19:25:08,3,-1,1,MX7769,0,2,111
T430,M177,19:25:08,3,-1,1,AC3674,0,2,293
C686,C656,19:25:19,3,-1,1,MY9282,0,2,20
M127,M125,19:25:49,3,-1,1,AC3371,0,2,40
C686,C656,19:26:09,3,-1,1,MX7866,0,2,50
T408/1,T343,19:26:39,3,-1,-1,MY9487,0,2,161
C656,C654/3,19:26:39,3,-1,1,MY9282,0,2,50
M125,M136/2,19:27:00,3,-1,2,AC3371,0,2,20
C656,C654/3,19:27:20,3,-1,1,MX7866,0,2,60
T363/1,T406,19:27:30,3,-1,1,MX7769,1,2,111
M136/2,M139/2,19:27:40,3,-1,2,AC3371,0,2,20
M137/2,M132/1,19:27:50,3,-1,1,MY9491,0,2,424
M137/2,M132/1,19:28:00,3,-1,1,MY9362,0,2,424
T343,T316,19:28:43,3,-1,1,MY9487,0,2,92
M177,M198,19:29:13,3,-1,3,AC3674,0,2,163
M139/2,M184,19:29:43,3,-1,2,AC3371,0,2,50
C654/3,C692,19:29:54,3,-1,1,MY9282,1,2,163
M132/1,M200,19:29:54,3,-1,3,MY9491,0,2,30
M132/1,M200,19:29:54,3,-1,3,MY9362,0,2,20
M137/2,M132/1,19:30:34,3,-1,1,MY7560,0,2,315
M184,M188,19:31:04,3,-1,1,AC3371,0,2,30
T316,T345/5,19:31:25,3,-1,1,MY9487,0,2,121
M188,M203/2,19:31:45,3,-1,1,AC3371,0,2,20
M198,M183/2,19:31:45,3,-1,3,AC3674,0,2,141
C692,C689/1,19:32:25,3,-1,1,MY9282,0,2,141
M200,M201,19:32:36,3,-1,-1,MY9491,0,2,20
M203/2,M277,19:32:56,3,-1,-1,AC3371,0,2,50
M200,M201,19:32:56,3,-1,-1,MY9362,0,2,30
T345/5,T344,19:33:06,3,-1,1,MY9487,0,2,91
M183/2,M140/1,19:33:06,3,-1,3,AC3674,0,2,10
T406,T345/1,19:33:26,3,-1,-1,MX7769,0,2,335
C654/3,C689/1,19:33:57,3,-1,1,MX7866,2,2,243
M132/1,M200,19:33:57,3,-1,3,MY7560,0,2,101
M140/1,M137/2,19:34:07,3,-1,2,AC3674,0,2,30
T344,T356/1,19:34:17,3,-1,1,MY9487,0,2,50
M201,M121,19:34:37,3,-1,3,MY9491,0,2,50
C689/1,T355/2,19:34:47,3,-1,1,MY9282,0,2,101
M201,M121,19:34:57,3,-1,3,MY9362,0,2,50
M200,M201,19:35:28,3,-1,-1,MY7560,0,2,40
M121,M119,19:35:48,3,-1,2,MY9491,0,2,40
M121,M119,19:36:18,3,-1,2,MY9362,0,2,60
C689/1,T355/2,19:36:39,3,-1,1,MX7866,0,2,151
T345/1,T322,19:36:39,3,-1,-1,MX7769,0,2,172
T356/1,T358,19:36:49,3,-1,1,MY9487,0,2,131
M137/2,M132/1,19:36:49,3,-1,1,AC3674,0,2,70
M201,M121,19:36:59,3,-1,2,MY7560,0,2,30
T355/2,T360,19:37:09,3,-1,1,MY9282,0,2,91
M95/3,M22,19:37:29,3,-1,1,AA7450,0,2,212
T358,T373/2,19:38:00,3,-1,2,MY9487,0,2,30
M119,M113,19:38:10,3,-1,-1,MY9491,0,2,111
T322,T342,19:38:20,3,-1,-1,MX7769,0,2,91
M119,M113,19:38:20,3,-1,-1,MY9362,0,2,111
T355/2,T360,19:38:50,3,-1,1,MX7866,0,2,111
T360,T376/1,19:39:01,3,-1,1,MY9282,0,2,81
M121,M119,19:39:01,3,-1,2,MY7560,0,2,50
M113,M94,19:39:11,3,-1,-1,MY9491,0,2,30
T373/2,T375,19:39:21,3,-1,1,MY9487,0,2,40
M22,M10,19:39:42,3,-1,1,AA7450,0,2,71
T342,T409,19:39:52,3,-1,1,MX7769,0,2,61
T375,T380,19:40:34,3,-1,1,MY9487,0,2,31
M119,M113,19:40:34,3,-1,-1,MY7560,0,2,51
T376/1,T363/1,19:40:54,3,-1,2,MY9282,0,2,103
M94,M95/3,19:41:04,3,-1,-1,MY9491,0,2,82
T360,T376/1,19:41:14,3,-1,1,MX7866,0,2,113
M132/1,M200,19:41:14,3,-1,3,AC3674,0,2,92
T380,T379,19:41:24,3,-1,1,MY9487,0,2,10
M10,M16/1,19:41:34,3,-1,1,AA7450,0,2,71
T409,T368,19:41:45,3,-1,1,MX7769,0,2,82
M113,M95/3,19:41:55,3,-1,-1,MY9362,1,2,184
M200,M201,19:42:15,3,-1,-1,AC3674,0,2,20
T363/1,T374,19:42:35,3,-1,1,MY9282,0,2,60
M16/1,M109,19:42:45,3,-1,1,AA7450,0,2,20
M113,M94,19:42:45,3,-1,-1,MY7560,0,2,111
T376/1,T363/1,19:43:05,3,-1,2,MX7866,0,2,80
T374,T406,19:43:05,3,-1,1,MY9282,0,2,20
T368,T324/2,19:43:16,3,-1,1,MX7769,0,2,50
T379,T359,19:43:26,3,-1,1,MY9487,0,2,80
M201,M121,19:43:26,3,-1,2,AC3674,0,2,30
T363/1,T374,19:44:47,3,-1,1,MX7866,0,2,80
M121,M119,19:44:47,3,-1,2,AC3674,0,2,40
T359,T355/1,19:45:17,3,-1,1,MY9487,0,2,70
T324/2,T327,19:45:17,3,-1,1,MX7769,0,2,70
T374,T406,19:45:27,3,-1,1,MX7866,0,2,30
M94,M95/3,19:45:27,3,-1,-1,MY7560,0,2,151
M109,M112,19:45:59,3,-1,1,AA7450,0,2,142
T327,T326/2,19:46:19,3,-1,1,MX7769,0,2,30
M119,M113,19:46:39,3,-1,-1,AC3674,0,2,61
M112,M127,19:46:50,3,-1,1,AA7450,0,2,10
M113,M94,19:47:20,3,-1,-1,AC3674,0,2,20
T326/2,T337,19:47:40,3,-1,1,MX7769,0,2,50
M127,M125,19:48:00,3,-1,1,AA7450,0,2,30
T337,T334,19:48:42,3,-1,1,MX7769,0,2,31
M94,M95/3,19:48:52,3,-1,-1,AC3674,0,2,31
T406,T345/1,19:49:03,3,-1,-1,MY9282,0,2,347
M125,M136/2,19:49:33,3,-1,1,AA7450,0,2,30
T355/1,C688/1,19:49:33,3,-1,1,MY9487,0,2,224
T334,T430,19:50:44,3,-1,1,MX7769,0,2,70
T406,T345/1,19:50:54,3,-1,-1,MX7866,0,2,316
C688/1,C691,19:51:04,3,-1,1,MY9487,0,2,40
M136/2,M139/2,19:51:24,3,-1,1,AA7450,0,2,91
T345/1,T322,19:51:24,3,-1,-1,MY9282,0,2,101
M139/2,M184,19:52:35,3,-1,1,AA7450,0,2,40
M184,M188,19:53:26,3,-1,1,AA7450,0,2,10
C691,C652,19:53:26,3,-1,1,MY9487,0,2,101
T322,T342,19:53:26,3,-1,-1,MY9282,0,2,111
T345/1,T322,19:53:56,3,-1,-1,MX7866,0,2,171
C652,C655,19:54:36,3,-1,1,MY9487,0,2,30
T342,T409,19:54:36,3,-1,1,MY9282,0,2,30
M188,M203/2,19:55:17,3,-1,1,AA7450,0,2,10
C655,C657,19:55:47,3,-1,1,MY9487,0,2,40
T409,T368,19:55:47,3,-1,1,MY9282,0,2,40
T322,T342,19:56:07,3,-1,-1,MX7866,0,2,111
C657,C686,19:56:18,3,-1,1,MY9487,0,2,20
M203/2,M277,19:56:28,3,-1,-1,AA7450,0,2,40
T368,T324/2,19:56:38,3,-1,1,MY9282,0,2,20
T342,T409,19:57:38,3,-1,1,MX7866,0,2,60
C686,C656,19:57:59,3,-1,1,MY9487,0,2,50
T324/2,T327,19:57:59,3,-1,1,MY9282,0,2,50
T327,T326/2,19:58:49,3,-1,1,MY9282,0,2,20
C656,C654/3,19:58:59,3,-1,1,MY9487,0,2,50
T409,T368,19:59:30,3,-1,1,MX7866,0,2,81
T326/2,T337,19:59:40,3,-1,1,MY9282,0,2,40
T368,T324/2,20:00:34,3,-1,1,MX7866,0,2,43
T337,T334,20:00:34,3,-1,1,MY9282,0,2,13
C654/3,C653/2,20:00:44,3,-1,1,MY9487,0,2,84
T334,T430,20:01:55,3,-1,1,MY9282,0,2,40
T324/2,T327,20:02:05,3,-1,1,MX7866,0,2,70
C653/2,C692,20:02:15,3,-1,1,MY9487,0,2,80
T327,T326/2,20:03:26,3,-1,1,MX7866,0,2,40
C692,C689/1,20:03:56,3,-1,1,MY9487,0,2,70
T326/2,T337,20:04:46,3,-1,1,MX7866,0,2,60
T337,T334,20:05:47,3,-1,1,MX7866,0,2,30
T431,T335,20:05:57,3,-1,1,AA7537,0,2,80
T335,T338,20:06:27,3,-1,1,AA7537,0,2,10
T334,T430,20:07:08,3,-1,1,MX7866,0,2,50
C689/1,T355/2,20:07:38,3,-1,1,MY9487,0,2,181
T355/2,T360,20:10:13,3,-1,1,MY9487,0,2,125
T338,T332/2,20:10:44,3,-1,1,AA7537,1,2,226
T360,T376/1,20:11:04,3,-1,1,MY9487,0,2,40
M177,M183/2,20:11:44,3,-1,2,MX7769,1,2,256
T431,T335,20:12:05,3,-1,1,AC3371,0,2,80
T332/2,T325/2,20:12:35,3,-1,1,AA7537,0,2,101
T335,T338,20:12:55,3,-1,1,AC3371,0,2,10
M183/2,M140/1,20:12:55,3,-1,1,MX7769,0,2,10
T325/2,T339/2,20:13:25,3,-1,1,AA7537,0,2,20
T376/1,T363/1,20:13:25,3,-1,1,MY9487,0,2,111
T338,T326/3,20:14:16,3,-1,-1,AC3371,0,2,70
M182/1,T335,20:14:46,3,-1,1,AA7450,1,2,357
T363/1,T374,20:15:06,3,-1,1,MY9487,0,2,40
T335,T338,20:15:17,3,-1,1,AA7450,0,2,10
T339/2,T408/1,20:15:47,3,-1,-1,AA7537,0,2,90
T374,T406,20:15:47,3,-1,1,MY9487,0,2,30
M140/1,M137/2,20:15:47,3,-1,1,MX7769,0,2,121
T338,T326/3,20:16:27,3,-1,-1,AA7450,0,2,60
M137/2,M132/1,20:16:58,3,-1,1,MX7769,0,2,40
T326/3,T325/2,20:17:08,3,-1,1,AC3371,1,2,141
T326/3,T332/2,20:17:18,3,-1,1,AA7450,0,2,40
M177,M198,20:17:38,3,-1,2,MY9282,0,2,141
T325/2,T339/2,20:17:48,3,-1,1,AC3371,0,2,20
T332/2,T325/2,20:19:09,3,-1,1,AA7450,0,2,90
T408/1,T343,20:19:19,3,-1,-1,AA7537,0,2,191
T339/2,T408/1,20:19:29,3,-1,-1,AC3371,0,2,60
M177,M198,20:19:29,3,-1,2,MX7866,0,2,181
M132/1,M200,20:19:29,3,-1,3,MX7769,0,2,50
M198,M183/2,20:19:49,3,-1,2,MY9282,0,2,121
T325/2,T339/2,20:20:10,3,-1,-1,AA7450,0,2,30
M200,M201,20:20:40,3,-1,-1,MX7769,0,2,30
T406,T345/1,20:21:10,3,-1,-1,MY9487,0,2,313
M183/2,M140/1,20:21:20,3,-1,-1,MY9282,0,2,40
T343,T316,20:21:33,3,-1,-1,AA7537,0,2,103
M198,M183/2,20:21:33,3,-1,-1,MX7866,0,2,113
M201,M121,20:21:43,3,-1,-1,MX7769,0,2,22
T408/1,T343,20:21:53,3,-1,-1,AC3371,0,2,123
M140/1,M137/2,20:22:43,3,-1,-1,MY9282,0,2,40
T339/2,T408/1,20:23:04,3,-1,-1,AA7450,0,2,90
M183/2,M140/1,20:23:04,3,-1,-1,MX7866,0,2,50
M121,M119,20:23:14,3,-1,-1,MX7769,0,2,30
T345/1,T322,20:23:35,3,-1,-1,MY9487,0,2,122
T316,T345/5,20:23:45,3,-1,-1,AA7537,0,2,91
T343,T316,20:24:05,3,-1,-1,AC3371,0,2,92
M140/1,M137/2,20:24:25,3,-1,-1,MX7866,0,2,50
M95/3,M22,20:24:36,3,-1,-1,MY9362,0,2,195
T408/1,T343,20:24:56,3,-1,-1,AA7450,0,2,50
M119,M113,20:25:06,3,-1,-1,MX7769,0,2,80
T345/5,T344,20:25:16,3,-1,1,AA7537,0,2,50
M137/2,M132/1,20:25:36,3,-1,1,MY9282,0,2,80
T316,T345/5,20:25:56,3,-1,1,AC3371,0,2,91
M137/2,M132/1,20:25:56,3,-1,1,MX7866,0,2,50
M113,M94,20:25:56,3,-1,-1,MX7769,0,2,20
T322,T342,20:26:07,3,-1,-1,MY9487,0,2,111
M132/1,M200,20:26:47,3,-1,3,MY9282,0,2,20
M22,M10,20:26:57,3,-1,1,MY9362,0,2,81
M94,M95/3,20:26:57,3,-1,-1,MX7769,0,2,30
T345/5,T344,20:27:18,3,-1,1,AC3371,0,2,50
T343,T316,20:27:48,3,-1,1,AA7450,0,2,80
T344,T358,20:27:48,3,-1,1,AA7537,1,2,141
T342,T409,20:27:48,3,-1,1,MY9487,0,2,60
T344,T356/1,20:27:58,3,-1,1,AC3371,0,2,20
M132/1,M200,20:28:29,3,-1,3,MX7866,0,2,71
M200,M201,20:28:29,3,-1,-1,MY9282,0,2,61
T358,T373/2,20:28:49,3,-1,1,AA7537,0,2,30
M10,M16/1,20:28:59,3,-1,1,MY9362,0,2,101
M201,M121,20:29:09,3,-1,2,MY9282,0,2,30
T409,T368,20:29:29,3,-1,1,MY9487,0,2,81
T316,T345/5,20:29:40,3,-1,1,AA7450,0,2,101
T356/1,T358,20:29:40,3,-1,1,AC3371,0,2,81
M200,M201,20:29:40,3,-1,-1,MX7866,0,2,10
T373/2,T375,20:29:50,3,-1,1,AA7537,0,2,20
M16/1,M109,20:30:00,3,-1,1,MY9362,0,2,20
T358,T373/2,20:30:20,3,-1,1,AC3371,0,2,30
T368,T324/2,20:30:40,3,-1,1,MY9487,0,2,30
T375,T380,20:31:00,3,-1,1,AA7537,0,2,30
T345/5,T344,20:31:11,3,-1,1,AA7450,0,2,70
M201,M121,20:31:11,3,-1,2,MX7866,0,2,70
T373/2,T375,20:31:34,3,-1,1,AC3371,0,2,43
T344,T356/1,20:31:44,3,-1,1,AA7450,0,2,23
T380,T379,20:31:44,3,-1,1,AA7537,0,2,10
M109,M112,20:31:54,3,-1,2,MY9362,0,2,84
T324/2,T327,20:32:14,3,-1,1,MY9487,0,2,63
M121,M119,20:32:24,3,-1,1,MX7866,0,2,50
M112,M127,20:32:55,3,-1,1,MY9362,0,2,50
T375,T380,20:32:55,3,-1,1,AC3371,0,2,30
M121,M113,20:33:05,3,-1,-1,MY9282,1,2,205
T356/1,T358,20:33:15,3,-1,1,AA7450,0,2,70
T379,T355/1,20:33:15,3,-1,1,AA7537,1,2,80
T380,T379,20:33:35,3,-1,1,AC3371,0,2,20
T358,T373/2,20:33:55,3,-1,1,AA7450,0,2,30
T379,T359,20:34:06,3,-1,1,AC3371,0,2,20
M127,M125,20:34:46,3,-1,1,MY9362,0,2,60
T373/2,T375,20:35:06,3,-1,1,AA7450,0,2,40
T359,T355/1,20:35:16,3,-1,1,AC3371,0,2,50
M113,M95/3,20:35:16,3,-1,-1,MY9282,1,2,80
M125,M136/2,20:36:17,3,-1,1,MY9362,0,2,10
M119,M94,20:36:17,3,-1,-1,MX7866,1,2,212
T375,T380,20:36:27,3,-1,1,AA7450,0,2,50
T344,T356/1,20:36:47,3,-1,1,MY9491,0,2,30
T355/1,C688/1,20:36:47,3,-1,1,AA7537,0,2,191
T380,T379,20:36:57,3,-1,1,AA7450,0,2,20
T379,T359,20:37:38,3,-1,1,AA7450,0,2,20
C688/1,C691,20:37:48,3,-1,1,AA7537,0,2,20
M94,M95/3,20:37:48,3,-1,-1,MX7866,0,2,60
M136/2,M139/2,20:38:08,3,-1,1,MY9362,0,2,70
T356/1,T358,20:38:18,3,-1,1,MY9491,0,2,60
T327,T337,20:38:28,3,-1,1,MY9487,1,2,313
T359,T355/1,20:38:38,3,-1,1,AA7450,0,2,50
C691,C652,20:39:09,3,-1,1,AA7537,0,2,30
T337,T334,20:39:09,3,-1,1,MY9487,0,2,10
M139/2,M184,20:39:19,3,-1,1,MY9362,0,2,30
T358,T373/2,20:39:19,3,-1,1,MY9491,0,2,30
T355/1,C688/1,20:39:19,3,-1,1,AC3371,0,2,232
M184,M188,20:39:59,3,-1,1,MY9362,0,2,10
T373/2,T375,20:39:59,3,-1,1,MY9491,0,2,20
C688/1,C691,20:40:30,3,-1,1,AC3371,0,2,30
C652,C655,20:40:30,3,-1,1,AA7537,0,2,60
T334,T430,20:41:00,3,-1,1,MY9487,0,2,50
M188,M203/2,20:41:10,3,-1,1,MY9362,0,2,20
C655,C657,20:41:30,3,-1,1,AA7537,0,2,40
T375,T380,20:42:01,3,-1,1,MY9491,0,2,80
C691,C652,20:42:01,3,-1,1,AC3371,0,2,60
C657,C686,20:42:01,3,-1,1,AA7537,0,2,10
T355/1,C688/1,20:42:21,3,-1,1,AA7450,0,2,212
M203/2,M277,20:42:34,3,-1,-1,MY9362,0,2,53
T380,T379,20:42:44,3,-1,1,MY9491,0,2,10
C652,C655,20:43:15,3,-1,1,AC3371,0,2,64
T379,T359,20:43:35,3,-1,1,MY9491,0,2,20
C686,C656,20:43:35,3,-1,1,AA7537,0,2,30
C688/1,C691,20:43:55,3,-1,1,AA7450,0,2,30
C655,C657,20:44:15,3,-1,1,AC3371,0,2,40
T359,T355/1,20:44:46,3,-1,1,MY9491,0,2,60
C657,C686,20:44:46,3,-1,1,AC3371,0,2,20
C656,C654/3,20:44:56,3,-1,1,AA7537,0,2,50
M277,M182/1,20:45:06,3,-1,1,MY9362,0,2,141
C691,C652,20:45:46,3,-1,1,AA7450,0,2,70
C686,C656,20:45:57,3,-1,1,AC3371,0,2,30
T430,M177,20:45:57,3,-1,1,MY9487,0,2,286
C652,C655,20:46:47,3,-1,1,AA7450,0,2,30
M22,M10,20:47:07,3,-1,1,AC3674,0,2,101
C656,C654/3,20:47:27,3,-1,1,AC3371,0,2,50
C655,C657,20:47:38,3,-1,1,AA7450,0,2,40
C657,C686,20:48:18,3,-1,1,AA7450,0,2,30
M10,M16/1,20:48:48,3,-1,2,AC3674,0,2,40
M177,M198,20:48:48,3,-1,1,MY9487,0,2,131
C654/3,C653/2,20:48:58,3,-1,1,AA7537,0,2,90
M182/1,T431,20:49:19,3,-1,1,MY9362,0,2,212
T355/1,C688/1,20:49:39,3,-1,1,MY9491,0,2,252
C686,C656,20:49:39,3,-1,1,AA7450,0,2,50
T431,T335,20:50:39,3,-1,1,MY9362,0,2,70
C656,C654/3,20:50:39,3,-1,1,AA7450,0,2,50
C653/2,C692,20:50:39,3,-1,1,AA7537,0,2,90
M16/1,M109,20:51:00,3,-1,1,AC3674,0,2,10
M198,M183/2,20:51:20,3,-1,2,MY9487,0,2,141
T335,T338,20:51:34,3,-1,1,MY9362,0,2,14
C688/1,C691,20:51:54,3,-1,1,MY9491,0,2,74
C692,C689/1,20:52:04,3,-1,1,AA7537,0,2,54
M109,M112,20:53:05,3,-1,1,AC3674,0,2,70
T338,T326/3,20:53:05,3,-1,-1,MY9362,0,2,70
M183/2,M140/1,20:53:05,3,-1,1,MY9487,0,2,20
C654/3,C689/1,20:53:25,3,-1,1,AC3371,2,2,236
M140/1,M137/2,20:54:06,3,-1,1,MY9487,0,2,30
T326/3,T332/2,20:54:16,3,-1,1,MY9362,0,2,50
C691,C652,20:54:16,3,-1,1,MY9491,0,2,90
C689/1,T355/2,20:54:26,3,-1,1,AA7537,0,2,111
M137/2,M132/1,20:54:56,3,-1,1,MY9487,0,2,20
M112,M127,20:55:06,3,-1,1,AC3674,0,2,10
T332/2,T325/2,20:55:26,3,-1,1,MY9362,0,2,50
C652,C655,20:55:47,3,-1,1,MY9491,0,2,60
C654/3,C653/2,20:55:47,3,-1,1,AA7450,0,2,70
M132/1,M200,20:55:57,3,-1,3,MY9487,0,2,20
M127,M125,20:56:17,3,-1,1,AC3674,0,2,30
T325/2,T339/2,20:56:27,3,-1,1,MY9362,0,2,20
C689/1,T355/2,20:56:27,3,-1,1,AC3371,0,2,151
C655,C657,20:56:47,3,-1,1,MY9491,0,2,50
T355/2,T360,20:56:47,3,-1,1,AA7537,0,2,101
C653/2,C692,20:56:57,3,-1,1,AA7450,0,2,60
C657,C686,20:57:28,3,-1,1,MY9491,0,2,20
C692,C689/1,20:57:48,3,-1,1,AA7450,0,2,20
M200,M201,20:57:48,3,-1,-1,MY9487,0,2,30
T355/2,T360,20:58:18,3,-1,1,AC3371,0,2,101
T339/2,T408/1,20:58:38,3,-1,-1,MY9362,0,2,90
T360,T376/1,20:58:38,3,-1,1,AA7537,0,2,80
M125,M136/2,20:58:49,3,-1,1,AC3674,0,2,90
C686,C656,20:58:49,3,-1,1,MY9491,0,2,30
T360,T376/1,20:59:10,3,-1,1,AC3371,0,2,21
M201,M121,20:59:10,3,-1,2,MY9487,0,2,41
M136/2,M139/2,20:59:20,3,-1,2,AC3674,0,2,10
C656,C654/3,21:00:00,3,-1,1,MY9491,0,2,60
T376/1,T363/1,21:00:00,3,-1,1,AA7537,0,2,71
T376/1,T363/1,21:00:21,3,-1,1,AC3371,0,2,60
C689/1,T355/2,21:00:33,3,-1,1,AA7450,0,2,134
T408/1,T343,21:00:43,3,-1,-1,MY9362,0,2,114
T363/1,T374,21:01:03,3,-1,1,AA7537,0,2,20
M121,M119,21:01:13,3,-1,2,MY9487,0,2,52
T363/1,T374,21:01:23,3,-1,1,AC3371,0,2,40
M139/2,M184,21:01:54,3,-1,1,AC3674,0,2,113
T374,T406,21:02:04,3,-1,1,AC3371,0,2,30
M184,M188,21:02:34,3,-1,1,AC3674,0,2,10
T355/2,T360,21:02:44,3,-1,1,AA7450,0,2,111
T343,T316,21:03:05,3,-1,1,MY9362,0,2,101
M188,M203/2,21:03:25,3,-1,1,AC3674,0,2,10
T360,T376/1,21:03:25,3,-1,1,AA7450,0,2,30
M119,M113,21:03:35,3,-1,-1,MY9487,0,2,101
M113,M94,21:04:25,3,-1,-1,MY9487,0,2,30
T316,T345/5,21:04:56,3,-1,1,MY9362,0,2,90
C654/3,C653/2,21:05:16,3,-1,1,MY9491,0,2,100
M94,M95/3,21:05:36,3,-1,-1,MY9487,0,2,40
T376/1,T363/1,21:05:46,3,-1,1,AA7450,0,2,121
M95/3,M22,21:05:56,3,-1,1,MX7769,0,2,80
T345/5,T344,21:06:06,3,-1,1,MY9362,0,2,50
T374,T345/1,21:06:27,3,-1,-1,AA7537,1,2,313
T406,T345/1,21:06:37,3,-1,-1,AC3371,0,2,252
M203/2,M182/1,21:06:47,3,-1,1,AC3674,1,2,191
C653/2,C692,21:06:47,3,-1,1,MY9491,0,2,70
T344,T356/1,21:07:07,3,-1,1,MY9362,0,2,30
T363/1,T374,21:07:07,3,-1,1,AA7450,0,2,40
C692,C689/1,21:07:37,3,-1,1,MY9491,0,2,30
T374,T406,21:07:48,3,-1,1,AA7450,0,2,20
M22,M10,21:08:28,3,-1,1,MX7769,0,2,101
T345/1,T322,21:08:58,3,-1,-1,AA7537,0,2,111
T356/1,T358,21:09:18,3,-1,1,MY9362,0,2,101
M182/1,T431,21:10:09,3,-1,1,AC3674,0,2,191
C689/1,T355/2,21:10:09,3,-1,1,MY9491,0,2,121
M10,M16/1,21:10:29,3,-1,1,MX7769,0,2,101
T322,T342,21:10:29,3,-1,-1,AA7537,0,2,80
T358,T373/2,21:10:39,3,-1,1,MY9362,0,2,30
T345/1,T342,21:10:39,3,-1,-1,AC3371,1,2,191
T431,T335,21:11:32,3,-1,1,AC3674,0,2,72
T342,T409,21:11:42,3,-1,1,AA7537,0,2,42
T342,T409,21:11:42,3,-1,1,AC3371,0,2,32
T373/2,T375,21:12:12,3,-1,1,MY9362,0,2,30
M16/1,M109,21:12:22,3,-1,1,MX7769,0,2,10
T355/2,T360,21:12:43,3,-1,1,MY9491,0,2,123
T409,T368,21:12:43,3,-1,1,AA7537,0,2,30
T409,T368,21:12:53,3,-1,1,AC3371,0,2,40
T406,T345/1,21:13:23,3,-1,-1,AA7450,0,2,315
T360,T376/1,21:13:44,3,-1,1,MY9491,0,2,41
T368,T324/2,21:13:44,3,-1,1,AA7537,0,2,31
T375,T380,21:13:54,3,-1,1,MY9362,0,2,61
T368,T324/2,21:13:54,3,-1,1,AC3371,0,2,41
M109,M112,21:14:25,3,-1,1,MX7769,0,2,81
T380,T379,21:14:55,3,-1,1,MY9362,0,2,10
T338,T332/2,21:15:05,3,-1,1,AC3674,1,2,132
T376/1,T363/1,21:15:15,3,-1,1,MY9491,0,2,80
T324/2,T327,21:15:25,3,-1,1,AA7537,0,2,50
T379,T359,21:15:35,3,-1,1,MY9362,0,2,10
T345/1,T322,21:15:35,3,-1,-1,AA7450,0,2,101
T324/2,T327,21:15:56,3,-1,1,AC3371,0,2,70
M112,M127,21:16:16,3,-1,1,MX7769,0,2,20
T363/1,T374,21:16:26,3,-1,1,MY9491,0,2,30
T327,T326/2,21:16:26,3,-1,1,AA7537,0,2,20
T327,T326/2,21:16:46,3,-1,1,AC3371,0,2,30
T359,T355/1,21:16:56,3,-1,1,MY9362,0,2,70
T374,T406,21:17:16,3,-1,1,MY9491,0,2,30
M127,M125,21:17:27,3,-1,1,MX7769,0,2,30
T322,T342,21:17:27,3,-1,-1,AA7450,0,2,101
T326/2,T337,21:17:27,3,-1,1,AA7537,0,2,50
T332/2,T325/2,21:17:47,3,-1,1,AC3674,0,2,111
T326/2,T337,21:17:47,3,-1,1,AC3371,0,2,50
T337,T334,21:18:07,3,-1,1,AA7537,0,2,20
T325/2,T339/2,21:18:17,3,-1,1,AC3674,0,2,20
T337,T334,21:18:17,3,-1,1,AC3371,0,2,10
M125,M136/2,21:19:08,3,-1,1,MX7769,0,2,70
T342,T409,21:19:08,3,-1,1,AA7450,0,2,60
T334,T430,21:19:38,3,-1,1,AA7537,0,2,80
T334,T430,21:19:48,3,-1,1,AC3371,0,2,40
M136/2,M139/2,21:19:58,3,-1,2,MX7769,0,2,30
T339/2,T408/1,21:20:18,3,-1,-1,AC3674,0,2,70
T409,T368,21:20:18,3,-1,1,AA7450,0,2,60
T368,T324/2,21:21:09,3,-1,1,AA7450,0,2,40
M139/2,M184,21:21:29,3,-1,1,MX7769,0,2,30
T355/1,C688/1,21:21:29,3,-1,1,MY9362,0,2,232
M184,M188,21:22:31,3,-1,1,MX7769,0,2,11
T408/1,T343,21:22:51,3,-1,-1,AC3674,0,2,82
T324/2,T327,21:22:51,3,-1,1,AA7450,0,2,72
C688/1,C691,21:23:02,3,-1,1,MY9362,0,2,41
T406,T345/1,21:23:02,3,-1,-1,MY9491,0,2,304
M188,M203/2,21:23:32,3,-1,1,MX7769,0,2,20
T430,M177,21:24:02,3,-1,1,AA7537,0,2,254
M203/2,M277,21:24:12,3,-1,-1,MX7769,0,2,30
T327,T326/2,21:24:12,3,-1,1,AA7450,0,2,30
T430,M177,21:24:33,3,-1,1,AC3371,0,2,274
T343,T316,21:25:03,3,-1,1,AC3674,0,2,101
T345/1,T322,21:25:13,3,-1,-1,MY9491,0,2,101
C691,C652,21:25:23,3,-1,1,MY9362,0,2,90
T326/2,T337,21:25:23,3,-1,1,AA7450,0,2,60
T337,T334,21:26:04,3,-1,1,AA7450,0,2,30
M277,M182/1,21:26:34,3,-1,1,MX7769,0,2,131
T316,T345/5,21:26:34,3,-1,1,AC3674,0,2,71
C652,C655,21:26:34,3,-1,1,MY9362,0,2,30
T322,T342,21:27:25,3,-1,-1,MY9491,0,2,101
C655,C657,21:27:35,3,-1,1,MY9362,0,2,50
T334,T430,21:27:35,3,-1,1,AA7450,0,2,50
T345/5,T344,21:27:55,3,-1,1,AC3674,0,2,70
C657,C686,21:28:15,3,-1,1,MY9362,0,2,20
M177,M198,21:28:25,3,-1,2,AA7537,0,2,161
M177,M198,21:28:25,3,-1,2,AC3371,0,2,151
T342,T409,21:28:35,3,-1,1,MY9491,0,2,60
T344,T356/1,21:28:46,3,-1,1,AC3674,0,2,40
T409,T368,21:29:36,3,-1,1,MY9491,0,2,50
C686,C656,21:29:46,3,-1,2,MY9362,0,2,30
M198,M183/2,21:29:46,3,-1,2,AA7537,0,2,70
M198,M183/2,21:29:56,3,-1,2,AC3371,0,2,70
T356/1,T358,21:30:27,3,-1,1,AC3674,0,2,90
T368,T324/2,21:30:27,3,-1,1,MY9491,0,2,30
M182/1,T431,21:30:37,3,-1,1,MX7769,0,2,212
C656,C654/3,21:30:57,3,-1,1,MY9362,0,2,60
M183/2,M140/1,21:30:57,3,-1,1,AA7537,0,2,30
M183/2,M140/1,21:31:07,3,-1,1,AC3371,0,2,40
T358,T373/2,21:31:27,3,-1,1,AC3674,0,2,30
T324/2,T327,21:31:57,3,-1,1,MY9491,0,2,60
T431,T335,21:32:08,3,-1,2,MX7769,0,2,70
M140/1,M137/2,21:32:08,3,-1,1,AA7537,0,2,40
M140/1,M137/2,21:32:08,3,-1,1,AC3371,0,2,20
T335,T338,21:32:28,3,-1,2,MX7769,0,2,10
T327,T326/2,21:32:48,3,-1,1,MY9491,0,2,30
T430,M177,21:32:48,3,-1,1,AA7450,0,2,293
M137/2,M132/1,21:32:58,3,-1,1,AA7537,0,2,10
M137/2,M132/1,21:33:08,3,-1,1,AC3371,0,2,20
T338,T326/3,21:33:39,3,-1,-1,MX7769,0,2,50
M132/1,M200,21:33:59,3,-1,3,AA7537,0,2,20
T373/2,T375,21:34:09,3,-1,1,AC3674,0,2,40
T326/3,T332/2,21:34:29,3,-1,1,MX7769,0,2,30
T326/2,T334,21:34:29,3,-1,1,MY9491,1,2,90
M132/1,M200,21:34:39,3,-1,3,AC3371,0,2,50
C654/3,C653/2,21:34:59,3,-1,1,MY9362,0,2,60
M200,M201,21:34:59,3,-1,-1,AA7537,0,2,10
M177,M198,21:35:40,3,-1,2,AA7450,0,2,141
M200,M201,21:35:50,3,-1,-1,AC3371,0,2,30
T332/2,T325/2,21:36:00,3,-1,1,MX7769,0,2,70
T375,T380,21:36:00,3,-1,1,AC3674,0,2,80
M201,M121,21:36:00,3,-1,2,AA7537,0,2,50
T334,T430,21:36:20,3,-1,1,MY9491,0,2,60
C653/2,C692,21:36:31,3,-1,1,MY9362,0,2,71
T325/2,T339/2,21:36:42,3,-1,1,MX7769,0,2,21
M201,M121,21:36:42,3,-1,2,AC3371,0,2,21
T380,T379,21:37:02,3,-1,1,AC3674,0,2,20
M121,M119,21:37:22,3,-1,2,AA7537,0,2,30
C692,C689/1,21:37:44,3,-1,1,MY9362,0,2,52
M198,M183/2,21:37:44,3,-1,1,AA7450,0,2,114
T379,T359,21:37:54,3,-1,1,AC3674,0,2,42
M121,M119,21:37:54,3,-1,2,AC3371,0,2,32
T339/2,T408/1,21:38:25,3,-1,-1,MX7769,0,2,82
M183/2,M140/1,21:39:06,3,-1,1,AA7450,0,2,41
T359,T355/1,21:39:17,3,-1,1,AC3674,0,2,72
M119,M113,21:39:57,3,-1,-1,AA7537,0,2,142
T408/1,T343,21:40:07,3,-1,-1,MX7769,0,2,90
M119,M113,21:40:07,3,-1,-1,AC3371,0,2,90
M140/1,M137/2,21:40:17,3,-1,-1,AA7450,0,2,40
C689/1,T355/2,21:40:27,3,-1,-1,MY9362,0,2,152
M113,M94,21:40:37,3,-1,-1,AA7537,0,2,10
T430,M177,21:41:08,3,-1,-1,MY9491,0,2,276
M137/2,M132/1,21:41:38,3,-1,-1,AA7450,0,2,50
T343,T316,21:41:48,3,-1,-1,MX7769,0,2,90
M94,M95/3,21:41:58,3,-1,-1,AA7537,0,2,40
M113,M94,21:42:08,3,-1,-1,AC3371,0,2,60
T355/2,T360,21:42:49,3,-1,-1,MY9362,0,2,111
T360,T376/1,21:43:39,3,-1,-1,MY9362,0,2,30
M132/1,M200,21:43:39,3,-1,-1,AA7450,0,2,30
T316,T345/5,21:44:10,3,-1,-1,MX7769,0,2,111
T355/1,C688/1,21:44:10,3,-1,-1,AC3674,0,2,242
M177,M198,21:44:35,3,-1,-1,MY9491,0,2,146
M200,M201,21:44:35,3,-1,-1,AA7450,0,2,14
M94,M95/3,21:44:35,3,-1,-1,AC3371,0,2,95
T376/1,T363/1,21:45:15,3,-1,1,MY9362,0,2,55
M201,M121,21:45:35,3,-1,1,AA7450,0,2,30
T345/5,T344,21:45:55,3,-1,1,MX7769,0,2,60
C688/1,C691,21:46:06,3,-1,1,AC3674,0,2,70
M198,M183/2,21:46:06,3,-1,2,MY9491,0,2,80
T344,T356/1,21:46:36,3,-1,1,MX7769,0,2,30
T363/1,T374,21:46:46,3,-1,1,MY9362,0,2,60
M121,M119,21:47:06,3,-1,2,AA7450,0,2,50
M183/2,M140/1,21:47:37,3,-1,1,MY9491,0,2,21
T374,T406,21:47:58,3,-1,2,MY9362,0,2,31
M140/1,M137/2,21:48:28,3,-1,1,MY9491,0,2,30
T356/1,T358,21:49:08,3,-1,1,MX7769,0,2,132
M137/2,M132/1,21:49:18,3,-1,1,MY9491,0,2,20
M119,M113,21:49:18,3,-1,-1,AA7450,0,2,90
C691,C655,21:49:59,3,-1,1,AC3674,1,2,192
T358,T373/2,21:50:29,3,-1,1,MX7769,0,2,40
M132/1,M200,21:50:29,3,-1,2,MY9491,0,2,30
M95/3,M22,21:50:39,3,-1,1,AC3371,0,2,70
M200,M201,21:51:00,3,-1,-1,MY9491,0,2,10
M113,M94,21:51:00,3,-1,-1,AA7450,0,2,40
C655,C657,21:51:20,3,-1,1,AC3674,0,2,50
M94,M95/3,21:52:01,3,-1,-1,AA7450,0,2,30
M22,M10,21:52:22,3,-1,1,AC3371,0,2,50
T373/2,T375,21:52:22,3,-1,1,MX7769,0,2,40
C657,C686,21:52:22,3,-1,1,AC3674,0,2,30
M201,M121,21:52:42,3,-1,1,MY9491,0,2,82
M121,M119,21:53:53,3,-1,2,MY9491,0,2,40
C686,C656,21:54:03,3,-1,1,AC3674,0,2,40
T375,T380,21:54:44,3,-1,1,MX7769,0,2,71
M10,M16/1,21:54:54,3,-1,1,AC3371,0,2,71
C656,C654/3,21:54:54,3,-1,1,AC3674,0,2,41
T406,T345/1,21:55:14,3,-1,-1,MY9362,0,2,426
M16/1,M109,21:55:24,3,-1,1,AC3371,0,2,10
M119,M113,21:55:24,3,-1,-1,MY9491,0,2,61
T380,T379,21:55:34,3,-1,1,MX7769,0,2,20
T379,T359,21:56:25,3,-1,1,MX7769,0,2,20
C654/3,C653/2,21:56:56,3,-1,1,AC3674,0,2,60
M113,M94,21:57:26,3,-1,-1,MY9491,0,2,71
M109,M112,21:57:36,3,-1,1,AC3371,0,2,71
T359,T355/1,21:57:36,3,-1,1,MX7769,0,2,60
T345/1,T322,21:58:16,3,-1,-1,MY9362,0,2,161
C653/2,C692,21:58:37,3,-1,1,AC3674,0,2,80
M94,M95/3,21:58:37,3,-1,-1,MY9491,0,2,40
M112,M127,21:59:37,3,-1,1,AC3371,0,2,70
T322,T342,22:00:08,3,-1,-1,MY9362,0,2,100
C692,C689/1,22:00:18,3,-1,1,AC3674,0,2,60
M127,M125,22:01:08,3,-1,1,AC3371,0,2,20
T342,T409,22:01:18,3,-1,1,MY9362,0,2,40
T355/1,C688/1,22:02:19,3,-1,1,MX7769,0,2,242
M125,M136/2,22:02:29,3,-1,1,AC3371,0,2,60
T409,T368,22:02:39,3,-1,1,MY9362,0,2,60
M136/2,M139/2,22:02:59,3,-1,2,AC3371,0,2,20
C689/1,T355/2,22:03:09,3,-1,1,AC3674,0,2,141
C688/1,C691,22:03:42,3,-1,1,MX7769,0,2,32
T368,T324/2,22:03:42,3,-1,1,MY9362,0,2,42
M139/2,M184,22:04:02,3,-1,1,AC3371,0,2,30
M184,M188,22:04:34,3,-1,1,AC3371,0,2,11
C691,C652,22:05:35,3,-1,1,MX7769,0,2,72
T324/2,T327,22:05:35,3,-1,1,MY9362,0,2,82
M188,M203/2,22:05:45,3,-1,1,AC3371,0,2,10
T355/2,T360,22:05:45,3,-1,1,AC3674,0,2,123
C652,C655,22:06:46,3,-1,1,MX7769,0,2,30
T360,T376/1,22:06:56,3,-1,1,AC3674,0,2,50
T327,T326/2,22:06:56,3,-1,1,MY9362,0,2,30
M203/2,M277,22:07:36,3,-1,-1,AC3371,0,2,40
T326/2,T337,22:08:07,3,-1,1,MY9362,0,2,60
C655,C657,22:08:17,3,-1,1,MX7769,0,2,50
C657,C686,22:08:57,3,-1,1,MX7769,0,2,20
T376/1,T363/1,22:08:57,3,-1,1,AC3674,0,2,111
T337,T334,22:08:57,3,-1,1,MY9362,0,2,20
M277,M182/1,22:09:48,3,-1,1,AC3371,0,2,121
C686,C656,22:10:08,3,-1,2,MX7769,0,2,30
T334,T430,22:10:08,3,-1,1,MY9362,0,2,50
M95/3,M22,22:10:59,3,-1,1,AA7450,0,2,60
T363/1,T374,22:10:59,3,-1,1,AC3674,0,2,50
C656,C654/3,22:11:19,3,-1,2,MX7769,0,2,60
T374,T406,22:11:39,3,-1,1,AC3674,0,2,30
C654/3,C653/2,22:12:33,3,-1,1,MX7769,0,2,44
T358,T373/2,22:12:43,3,-1,1,AA7537,0,2,34
M22,M10,22:13:14,3,-1,1,AA7450,0,2,84
T373/2,T375,22:13:34,3,-1,1,AA7537,0,2,10
M182/1,T431,22:13:44,3,-1,1,AC3371,0,2,195
C653/2,C692,22:13:44,3,-1,1,MX7769,0,2,60
C692,C689/1,22:14:35,3,-1,1,MX7769,0,2,30
M10,M16/1,22:15:15,3,-1,2,AA7450,0,2,70
T375,T380,22:15:15,3,-1,1,AA7537,0,2,60
T430,M177,22:15:25,3,-1,1,MY9362,0,2,306
T431,T335,22:15:35,3,-1,1,AC3371,0,2,80
T380,T359,22:16:26,3,-1,1,AA7537,1,2,50
M16/1,M109,22:16:36,3,-1,1,AA7450,0,2,30
T406,T345/1,22:17:16,3,-1,-1,AC3674,0,2,316
T338,T326/3,22:17:47,3,-1,-1,AC3371,0,2,70
T359,T355/1,22:17:47,3,-1,1,AA7537,0,2,50
C689/1,T355/2,22:18:07,3,-1,1,MX7769,0,2,181
M109,M112,22:18:27,3,-1,2,AA7450,0,2,80
M112,M127,22:19:48,3,-1,1,AA7450,0,2,40
T345/1,T322,22:19:48,3,-1,-1,AC3674,0,2,101
M177,M183/2,22:19:58,3,-1,2,MY9362,1,2,232
T326/3,T325/2,22:20:28,3,-1,1,AC3371,1,2,131
T355/2,T360,22:20:28,3,-1,1,MX7769,0,2,111
M127,M125,22:21:09,3,-1,1,AA7450,0,2,40
M183/2,M140/1,22:21:09,3,-1,1,MY9362,0,2,20
T325/2,T339/2,22:21:19,3,-1,1,AC3371,0,2,20
T355/1,C688/1,22:21:39,3,-1,1,AA7537,0,2,202
T322,T342,22:21:39,3,-1,-1,AC3674,0,2,101
T360,T376/1,22:22:19,3,-1,1,MX7769,0,2,101
C688/1,C691,22:22:30,3,-1,1,AA7537,0,2,20
M125,M136/2,22:23:00,3,-1,1,AA7450,0,2,80
T339/2,T408/1,22:23:10,3,-1,-1,AC3371,0,2,70
M136/2,M139/2,22:23:32,3,-1,2,AA7450,0,2,22
T342,T409,22:23:32,3,-1,1,AC3674,0,2,62
M140/1,M137/2,22:23:32,3,-1,1,MY9362,0,2,103
C691,C652,22:24:03,3,-1,1,AA7537,0,2,62
T376/1,T363/1,22:24:03,3,-1,1,MX7769,0,2,93
T409,T368,22:24:23,3,-1,1,AC3674,0,2,30
M137/2,M132/1,22:24:23,3,-1,1,MY9362,0,2,20
M139/2,M184,22:24:43,3,-1,1,AA7450,0,2,40
C652,C655,22:25:03,3,-1,1,AA7537,0,2,30
M184,M188,22:25:23,3,-1,1,AA7450,0,2,20
T408/1,T343,22:25:23,3,-1,-1,AC3371,0,2,90
T368,T324/2,22:25:34,3,-1,1,AC3674,0,2,30
M188,M203/2,22:25:54,3,-1,1,AA7450,0,2,10
C655,C657,22:26:24,3,-1,1,AA7537,0,2,50
T363/1,T406,22:26:24,3,-1,1,MX7769,1,2,111
M132/1,M200,22:26:24,3,-1,2,MY9362,0,2,80
M203/2,M277,22:27:05,3,-1,-1,AA7450,0,2,50
T324/2,T327,22:27:05,3,-1,1,AC3674,0,2,50
C657,C686,22:27:15,3,-1,1,AA7537,0,2,20
M200,M201,22:27:35,3,-1,-1,MY9362,0,2,10
T343,T316,22:27:45,3,-1,1,AC3371,0,2,101
T327,T326/2,22:28:15,3,-1,1,AC3674,0,2,30
C686,C656,22:28:26,3,-1,2,AA7537,0,2,30
M201,M121,22:28:46,3,-1,2,MY9362,0,2,50
M277,M182/1,22:29:26,3,-1,1,AA7450,0,2,131
C656,C654/3,22:29:26,3,-1,2,AA7537,0,2,40
T326/2,T337,22:29:26,3,-1,1,AC3674,0,2,60
T316,T345/5,22:29:36,3,-1,-1,AC3371,0,2,90
M121,M119,22:30:07,3,-1,2,MY9362,0,2,40
T337,T334,22:30:37,3,-1,1,AC3674,0,2,20
T345/5,T344,22:30:47,3,-1,1,AC3371,0,2,60
T406,T345/1,22:31:17,3,-1,-1,MX7769,0,2,242
T344,T356/1,22:31:38,3,-1,1,AC3371,0,2,20
M119,M113,22:31:48,3,-1,-1,MY9362,0,2,90
T334,T430,22:31:58,3,-1,1,AC3674,0,2,50
M182/1,T431,22:33:08,3,-1,1,AA7450,0,2,202
T345/1,T322,22:33:29,3,-1,-1,MX7769,0,2,101
M113,M94,22:33:59,3,-1,-1,MY9362,0,2,90
M95/3,M22,22:34:19,3,-1,1,MY9491,0,2,121
T356/1,T358,22:34:19,3,-1,1,AC3371,0,2,111
C654/3,C653/2,22:34:19,3,-1,1,AA7537,0,2,50
T431,T335,22:34:39,3,-1,1,AA7450,0,4,70
M94,M95/3,22:35:00,3,-1,-1,MY9362,0,4,30
T358,T373/2,22:35:10,3,-1,1,AC3371,0,4,30
T335,T338,22:35:20,3,-1,1,AA7450,0,4,10
T322,T342,22:35:32,3,-1,-1,MX7769,0,4,93
C653/2,C692,22:35:42,3,-1,1,AA7537,0,4,73
M22,M10,22:36:13,3,-1,1,MY9491,0,4,73
T373/2,T375,22:36:23,3,-1,1,AC3371,0,4,40
T338,T326/3,22:36:34,3,-1,-1,AA7450,0,4,61
C692,C689/1,22:36:44,3,-1,1,AA7537,0,4,41
T430,M177,22:36:44,3,-1,1,AC3674,0,4,276
T342,T409,22:37:04,3,-1,1,MX7769,0,4,41
T326/3,T332/2,22:37:35,3,-1,1,AA7450,0,4,50
M10,M16/1,22:37:45,3,-1,1,MY9491,0,4,60
T375,T380,22:37:45,3,-1,1,AC3371,0,4,40
T409,T368,22:38:15,3,-1,1,MX7769,0,4,60
T380,T379,22:38:45,3,-1,1,AC3371,0,4,20
T368,T324/2,22:38:56,3,-1,1,MX7769,0,4,30
T332/2,T325/2,22:39:16,3,-1,1,AA7450,0,4,60
T379,T359,22:39:26,3,-1,1,AC3371,0,4,20
C689/1,T355/2,22:39:26,3,-1,1,AA7537,0,4,131
T325/2,T339/2,22:39:56,3,-1,1,AA7450,0,4,20
M177,M198,22:39:56,3,-1,1,AC3674,0,4,141
M16/1,M109,22:40:06,3,-1,1,MY9491,0,4,10
T324/2,T327,22:40:16,3,-1,1,MX7769,0,4,60
T359,T355/1,22:40:57,3,-1,1,AC3371,0,4,60
T355/2,T360,22:41:27,3,-1,1,AA7537,0,4,101
T327,T326/2,22:41:27,3,-1,1,MX7769,0,4,40
T339/2,T408/1,22:41:57,3,-1,-1,AA7450,0,4,80
M198,M183/2,22:42:28,3,-1,1,AC3674,0,4,141
M109,M112,22:42:38,3,-1,1,MY9491,0,4,121
T326/2,T337,22:42:38,3,-1,1,MX7769,0,4,60
M112,M127,22:43:08,3,-1,1,MY9491,0,4,10
M183/2,M140/1,22:43:28,3,-1,1,AC3674,0,4,10
T408/1,T343,22:43:38,3,-1,-1,AA7450,0,4,60
T337,T334,22:43:49,3,-1,1,MX7769,0,4,30
M127,M125,22:44:19,3,-1,1,MY9491,0,4,30
T360,T363/1,22:44:39,3,-1,1,AA7537,1,2,171
T355/1,C688/1,22:45:30,3,-1,1,AC3371,0,2,242
M140/1,M137/2,22:45:30,3,-1,1,AC3674,0,2,70
M125,M136/2,22:45:40,3,-1,1,MY9491,0,2,20
T343,T316,22:45:40,3,-1,1,AA7450,0,2,80
M136/2,M139/2,22:46:10,3,-1,2,MY9491,0,4,20
T363/1,T374,22:46:10,3,-1,1,AA7537,0,4,50
M137/2,M132/1,22:46:52,3,-1,1,AC3674,0,4,20
C688/1,C691,22:47:02,3,-1,1,AC3371,0,2,30
M139/2,M184,22:47:54,3,-1,2,MY9491,0,2,61
T316,T345/5,22:47:54,3,-1,1,AA7450,0,2,93
M132/1,M200,22:48:04,3,-1,2,AC3674,0,2,20
M184,M188,22:48:34,3,-1,1,MY9491,0,2,10
C691,C652,22:48:54,3,-1,1,AC3371,0,2,60
M188,M203/2,22:49:15,3,-1,1,MY9491,0,2,10
T345/5,T344,22:49:15,3,-1,1,AA7450,0,2,50
M200,M201,22:49:15,3,-1,-1,AC3674,0,2,10
T334,M177,22:49:55,3,-1,1,MX7769,1,2,336
T344,T356/1,22:50:05,3,-1,1,AA7450,0,2,30
M203/2,M277,22:50:25,3,-1,-1,MY9491,0,2,30
M201,M121,22:50:25,3,-1,1,AC3674,0,2,10
C652,C655,22:50:56,3,-1,1,AC3371,0,2,111
M121,M119,22:51:16,3,-1,2,AC3674,0,2,10
T356/1,T358,22:51:46,3,-1,1,AA7450,0,2,50
C655,C657,22:52:06,3,-1,1,AC3371,0,2,50
T374,T345/1,22:52:06,3,-1,-1,AA7537,1,2,346
T358,T373/2,22:52:27,3,-1,1,AA7450,0,2,30
M277,M182/1,22:52:47,3,-1,1,MY9491,0,2,131
C657,C686,22:52:47,3,-1,1,AC3371,0,2,30
M177,M198,22:52:57,3,-1,1,MX7769,0,2,161
T373/2,T375,22:53:17,3,-1,1,AA7450,0,2,40
M119,M113,22:53:17,3,-1,-1,AC3674,0,2,60
C686,C656,22:53:57,3,-1,1,AC3371,0,2,40
T345/1,T322,22:54:08,3,-1,-1,AA7537,0,2,80
M198,M183/2,22:54:08,3,-1,2,MX7769,0,2,60
C656,C654/3,22:54:48,3,-1,1,AC3371,0,2,40
M113,M94,22:54:48,3,-1,-1,AC3674,0,2,20
M183/2,M140/1,22:55:08,3,-1,1,MX7769,0,2,20
T375,T359,22:55:18,3,-1,1,AA7450,2,2,70
M95/3,M22,22:55:49,3,-1,1,MY9362,0,2,131
T322,T342,22:56:09,3,-1,-1,AA7537,0,2,90
M94,M95/3,22:56:09,3,-1,-1,AC3674,0,2,40
M182/1,T431,22:56:19,3,-1,1,MY9491,0,2,192
T359,T355/1,22:56:19,3,-1,1,AA7450,0,2,50
M22,M10,22:56:59,3,-1,1,MY9362,0,2,40
M140/1,M137/2,22:56:59,3,-1,1,MX7769,0,2,60
T342,T409,22:57:32,3,-1,1,AA7537,0,2,72
T431,T335,22:57:42,3,-1,1,MY9491,0,2,62
M137/2,M132/1,22:58:02,3,-1,1,MX7769,0,2,30
T335,T338,22:58:22,3,-1,1,MY9491,0,2,10
T409,T368,22:58:22,3,-1,1,AA7537,0,2,40
M10,M16/1,22:58:33,3,-1,1,MY9362,0,2,50
T368,T324/2,22:59:03,3,-1,1,AA7537,0,2,30
T338,T326/3,22:59:34,3,-1,-1,MY9491,0,2,61
M132/1,M200,22:59:44,3,-1,3,MX7769,0,2,51
C654/3,C653/2,23:00:05,3,-1,1,AC3371,0,2,61
T355/1,C688/1,23:00:15,3,-1,1,AA7450,0,2,205
T324/2,T327,23:00:35,3,-1,1,AA7537,0,2,71
T326/3,T332/2,23:00:45,3,-1,1,MY9491,0,2,60
C688/1,C691,23:01:15,3,-1,1,AA7450,0,2,30
M16/1,M112,23:01:46,3,-1,1,MY9362,1,2,152
M200,M121,23:01:56,3,-1,1,MX7769,1,2,90
C653/2,C692,23:02:06,3,-1,1,AC3371,0,2,90
T332/2,T325/2,23:02:16,3,-1,1,MY9491,0,2,70
T327,T337,23:02:26,3,-1,1,AA7537,1,2,80
M112,M127,23:02:36,3,-1,1,MY9362,0,2,20
T325/2,T339/2,23:02:36,3,-1,1,MY9491,0,2,10
C691,C652,23:02:56,3,-1,1,AA7450,0,2,70
C692,C689/1,23:02:56,3,-1,1,AC3371,0,2,10
M121,M119,23:02:56,3,-1,1,MX7769,0,2,40
M127,M125,23:03:37,3,-1,1,MY9362,0,2,30
C652,C655,23:03:57,3,-1,1,AA7450,0,2,30
T337,T430,23:04:07,3,-1,1,AA7537,1,2,91
M119,M113,23:04:17,3,-1,-1,MX7769,0,2,40
T339/2,T408/1,23:04:37,3,-1,-1,MY9491,0,2,80
M125,M136/2,23:04:48,3,-1,1,MY9362,0,2,20
C655,C657,23:05:08,3,-1,1,AA7450,0,2,50
M136/2,M139/2,23:05:28,3,-1,1,MY9362,0,2,30
M113,M94,23:05:48,3,-1,-1,MX7769,0,2,70
C657,C686,23:05:58,3,-1,1,AA7450,0,2,30
C689/1,T355/2,23:06:19,3,-1,1,AC3371,0,2,131
T408/1,T343,23:06:29,3,-1,-1,MY9491,0,2,90
M94,M95/3,23:06:49,3,-1,-1,MX7769,0,2,50
M139/2,M184,23:07:09,3,-1,1,MY9362,0,2,80
M184,M188,23:08:00,3,-1,1,MY9362,0,2,20
C686,C654/3,23:08:20,3,-1,1,AA7450,1,2,101
T343,T316,23:08:30,3,-1,1,MY9491,0,2,90
T355/2,T360,23:08:30,3,-1,1,AC3371,0,2,101
T430,M177,23:08:40,3,-1,1,AA7537,0,2,262
M188,M203/2,23:09:20,3,-1,1,MY9362,0,2,10
T360,T376/1,23:09:20,3,-1,1,AC3371,0,2,30
C654/3,C653/2,23:10:04,3,-1,1,AA7450,0,2,73
T316,T345/5,23:10:34,3,-1,1,MY9491,0,2,83
C653/2,C692,23:11:45,3,-1,1,AA7450,0,2,90
M177,M198,23:11:45,3,-1,2,AA7537,0,2,144
T345/5,T344,23:12:05,3,-1,1,MY9491,0,2,80
T376/1,T363/1,23:12:25,3,-1,1,AC3371,0,2,171
M203/2,M182/1,23:12:46,3,-1,1,MY9362,1,2,181
T344,T356/1,23:12:46,3,-1,1,MY9491,0,2,30
C692,C689/1,23:13:16,3,-1,1,AA7450,0,2,80
M198,M183/2,23:13:56,3,-1,2,AA7537,0,2,121
T356/1,T358,23:14:06,3,-1,1,MY9491,0,2,50
T363/1,T374,23:14:17,3,-1,1,AC3371,0,2,40
M22,M10,23:14:57,3,-1,1,AC3674,0,2,40
T358,T373/2,23:14:57,3,-1,1,MY9491,0,2,30
T374,T406,23:14:57,3,-1,1,AC3371,0,2,30
M183/2,M140/1,23:15:07,3,-1,1,AA7537,0,2,50
T373/2,T375,23:15:27,3,-1,1,MY9491,0,2,20
C689/1,T355/2,23:15:27,3,-1,1,AA7450,0,2,101
M140/1,M137/2,23:16:18,3,-1,1,AA7537,0,2,40
M10,M16/1,23:16:28,3,-1,1,AC3674,0,2,60
M182/1,T431,23:16:38,3,-1,1,MY9362,0,2,202
T375,T380,23:16:58,3,-1,1,MY9491,0,2,40
T355/2,T360,23:17:49,3,-1,1,AA7450,0,2,111
M137/2,M132/1,23:17:49,3,-1,1,AA7537,0,2,10
T431,T335,23:17:59,3,-1,1,MY9362,0,2,70
T335,T338,23:18:19,3,-1,1,MY9362,0,2,10
M16/1,M109,23:18:29,3,-1,1,AC3674,0,2,10
T380,T355/1,23:19:32,3,-1,1,MY9491,2,2,123
T338,T326/3,23:19:52,3,-1,-1,MY9362,0,2,82
T360,T376/1,23:20:03,3,-1,1,AA7450,0,2,103
M132/1,M200,23:20:03,3,-1,3,AA7537,0,2,93
M109,M112,23:21:04,3,-1,1,AC3674,0,2,114
T406,T345/1,23:21:15,3,-1,-1,AC3371,0,2,367
M200,M201,23:21:45,3,-1,-1,AA7537,0,2,61
T326/3,T325/2,23:21:55,3,-1,1,MY9362,1,2,112
T376/1,T363/1,23:21:55,3,-1,1,AA7450,0,2,102
M112,M127,23:22:35,3,-1,1,AC3674,0,2,10
T325/2,T339/2,23:22:46,3,-1,1,MY9362,0,2,20
M201,M121,23:22:56,3,-1,1,AA7537,0,2,30
M127,M125,23:23:26,3,-1,1,AC3674,0,2,20
T363/1,T374,23:23:46,3,-1,1,AA7450,0,2,70
T345/1,T322,23:23:46,3,-1,-1,AC3371,0,2,111
T355/1,C688/1,23:23:56,3,-1,1,MY9491,0,2,243
M121,M119,23:23:56,3,-1,1,AA7537,0,2,30
M125,M136/2,23:24:17,3,-1,1,AC3674,0,2,20
T374,T406,23:24:27,3,-1,1,AA7450,0,2,30
T339/2,T408/1,23:24:37,3,-1,-1,MY9362,0,2,91
M136/2,M139/2,23:24:47,3,-1,2,AC3674,0,2,10
C688/1,C691,23:24:47,3,-1,1,MY9491,0,2,40
T322,T342,23:25:07,3,-1,-1,AC3371,0,2,70
M139/2,M184,23:26:28,3,-1,1,AC3674,0,2,70
T342,T409,23:26:28,3,-1,1,AC3371,0,2,40
T408/1,T343,23:26:48,3,-1,-1,MY9362,0,2,121
M119,M113,23:26:48,3,-1,-1,AA7537,0,2,161
M184,M188,23:27:08,3,-1,1,AC3674,0,2,10
C691,C652,23:27:08,3,-1,1,MY9491,0,2,101
T409,T368,23:27:19,3,-1,1,AC3371,0,2,40
M113,M94,23:27:19,3,-1,-1,AA7537,0,2,10
M188,M203/2,23:27:39,3,-1,1,AC3674,0,2,10
C652,C655,23:27:59,3,-1,1,MY9491,0,2,30
T368,T324/2,23:28:09,3,-1,1,AC3371,0,2,30
M94,M95/3,23:28:19,3,-1,-1,AA7537,0,2,30
T343,T316,23:29:00,3,-1,1,MY9362,0,2,90
T406,T345/1,23:29:00,3,-1,-1,AA7450,0,2,252
C655,C686,23:29:30,3,-1,1,MY9491,1,2,80
T324/2,T327,23:29:30,3,-1,1,AC3371,0,2,50
T327,T326/2,23:30:20,3,-1,1,AC3371,0,2,20
C686,C656,23:30:34,3,-1,2,MY9491,0,2,23
T316,T345/5,23:31:04,3,-1,1,MY9362,0,2,114
T345/1,T322,23:31:04,3,-1,-1,AA7450,0,2,84
M203/2,M182/1,23:31:14,3,-1,1,AC3674,1,2,185
C656,C654/3,23:31:35,3,-1,2,MY9491,0,2,50
T326/2,T337,23:31:35,3,-1,1,AC3371,0,2,50
M95/3,M22,23:32:05,3,-1,1,MX7769,0,2,91
T337,T334,23:32:15,3,-1,1,AC3371,0,2,20
T345/5,T344,23:32:25,3,-1,1,MY9362,0,2,70
T322,T342,23:32:55,3,-1,-1,AA7450,0,2,80
T334,T430,23:33:26,3,-1,1,AC3371,0,2,50
M22,M10,23:33:46,3,-1,1,MX7769,0,2,70
M182/1,T431,23:34:36,3,-1,1,AC3674,0,2,192
T344,T358,23:34:57,3,-1,1,MY9362,1,2,121
M10,M16/1,23:35:17,3,-1,2,MX7769,0,2,60
T342,T368,23:35:17,3,-1,1,AA7450,1,2,101
T431,T335,23:35:47,3,-1,1,AC3674,0,2,60
T358,T373/2,23:35:47,3,-1,1,MY9362,0,2,20
T368,T324/2,23:35:47,3,-1,1,AA7450,0,2,20
T335,T338,23:36:07,3,-1,1,AC3674,0,2,10
T373/2,T375,23:36:58,3,-1,1,MY9362,0,2,40
C654/3,C653/2,23:37:08,3,-1,1,MY9491,0,2,60
T338,T326/3,23:37:18,3,-1,-1,AC3674,0,2,60
M16/1,M109,23:37:28,3,-1,1,MX7769,0,2,10
T324/2,T327,23:37:28,3,-1,1,AA7450,0,2,70
T375,T380,23:37:38,3,-1,1,MY9362,0,2,20
T430,M177,23:37:59,3,-1,1,AC3371,0,4,262
T380,T379,23:38:09,3,-1,1,MY9362,0,4,10
T327,T326/2,23:38:29,3,-1,1,AA7450,0,4,30
C653/2,C692,23:38:39,3,-1,1,MY9491,0,4,70
T379,T359,23:39:09,3,-1,1,MY9362,0,4,40
T326/3,T325/2,23:39:20,3,-1,1,AC3674,1,4,101
T326/2,T337,23:39:42,3,-1,1,AA7450,0,4,63
T325/2,T339/2,23:39:52,3,-1,1,AC3674,0,4,10
C692,C689/1,23:39:52,3,-1,1,MY9491,0,4,43
M109,M112,23:40:03,3,-1,1,MX7769,0,4,123
T359,T355/1,23:40:23,3,-1,1,MY9362,0,4,63
T337,T334,23:40:33,3,-1,1,AA7450,0,2,20
M177,M198,23:40:43,3,-1,2,AC3371,0,2,123
T339/2,T408/1,23:41:13,3,-1,-1,AC3674,0,2,60
M112,M127,23:41:34,3,-1,1,MX7769,0,2,10
T334,T430,23:41:54,3,-1,1,AA7450,0,2,50
M198,M183/2,23:41:54,3,-1,2,AC3371,0,2,60
M127,M125,23:42:24,3,-1,1,MX7769,0,2,30
C689/1,T355/2,23:42:35,3,-1,1,MY9491,0,2,131
M183/2,M140/1,23:42:55,3,-1,1,AC3371,0,2,10
M125,M136/2,23:43:05,3,-1,1,MX7769,0,2,10
T408/1,T343,23:43:35,3,-1,-1,AC3674,0,2,121
M136/2,M139/2,23:43:45,3,-1,2,MX7769,0,2,10
T355/1,C688/1,23:44:16,3,-1,1,MY9362,0,2,212
M139/2,M184,23:44:36,3,-1,2,MX7769,0,2,30
M140/1,M137/2,23:44:36,3,-1,1,AC3371,0,2,60
T355/2,T360,23:44:46,3,-1,1,MY9491,0,2,101
M184,M188,23:45:16,3,-1,1,MX7769,0,2,10
M188,M203/2,23:45:36,3,-1,1,MX7769,0,2,10
T343,T316,23:45:36,3,-1,1,AC3674,0,2,101
C688/1,C691,23:45:36,3,-1,1,MY9362,0,2,50
M137/2,M132/1,23:45:47,3,-1,1,AC3371,0,2,10
T360,T376/1,23:45:57,3,-1,1,MY9491,0,2,50
M203/2,M277,23:46:37,3,-1,-1,MX7769,0,2,40
T430,M177,23:46:47,3,-1,1,AA7450,0,2,282
M132/1,M200,23:46:47,3,-1,3,AC3371,0,2,20
M200,M201,23:47:28,3,-1,-1,AC3371,0,2,10
T316,T345/5,23:47:48,3,-1,1,AC3674,0,2,111
C691,C652,23:47:58,3,-1,1,MY9362,0,2,101
T376/1,T363/1,23:47:58,3,-1,1,MY9491,0,2,111
M201,M121,23:48:18,3,-1,1,AC3371,0,2,10
C652,C655,23:48:59,3,-1,1,MY9362,0,2,30
T363/1,T374,23:49:19,3,-1,1,MY9491,0,2,60
M121,M119,23:49:19,3,-1,1,AC3371,0,2,30
T345/5,T344,23:49:29,3,-1,1,AC3674,0,2,40
M177,M198,23:49:29,3,-1,1,AA7450,0,2,151
C655,C657,23:49:59,3,-1,1,MY9362,0,2,50
T374,T406,23:49:59,3,-1,2,MY9491,0,2,30
T344,T356/1,23:50:30,3,-1,1,AC3674,0,2,30
M119,M113,23:50:30,3,-1,-1,AC3371,0,2,30
C657,C686,23:50:50,3,-1,1,MY9362,0,2,30
M113,M94,23:50:50,3,-1,-1,AC3371,0,2,10
M198,M183/2,23:51:40,3,-1,2,AA7450,0,2,111
M94,M95/3,23:52:01,3,-1,-1,AC3371,0,2,40
M277,T431,23:52:11,3,-1,1,MX7769,1,2,323
T356/1,T358,23:52:11,3,-1,1,AC3674,0,2,60
C686,C656,23:52:11,3,-1,2,MY9362,0,2,40
T358,T373/2,23:52:44,3,-1,1,AC3674,0,2,23
C656,C654/3,23:53:04,3,-1,2,MY9362,0,2,43
T431,T335,23:53:25,3,-1,1,MX7769,0,2,63
T373/2,T375,23:53:45,3,-1,1,AC3674,0,2,40
C654/3,C653/2,23:54:15,3,-1,1,MY9362,0,2,30
T375,T380,23:54:35,3,-1,1,AC3674,0,2,20
M140/1,M137/2,23:54:35,3,-1,1,AA7450,0,2,40
T380,T379,23:55:16,3,-1,1,AC3674,0,2,20
T406,T345/1,23:55:36,3,-1,-1,MY9491,0,2,306
M137/2,M132/1,23:55:36,3,-1,1,AA7450,0,2,20
C653/2,C692,23:55:56,3,-1,1,MY9362,0,2,80
T335,T332/2,23:56:06,3,-1,1,MX7769,2,2,141
T379,T359,23:56:26,3,-1,1,AC3674,0,2,50
M132/1,M200,23:56:37,3,-1,2,AA7450,0,2,20
C692,C689/1,23:56:57,3,-1,1,MY9362,0,2,40
T332/2,T325/2,23:57:17,3,-1,1,MX7769,0,2,60
M200,M201,23:57:37,3,-1,-1,AA7450,0,2,10
T325/2,T339/2,23:57:47,3,-1,1,MX7769,0,2,20
T359,T355/1,23:57:47,3,-1,1,AC3674,0,2,60
T345/1,T322,23:57:47,3,-1,-1,MY9491,0,2,101
M201,M121,23:58:38,3,-1,1,AA7450,0,2,20
T339/2,T408/1,23:58:58,3,-1,-1,MX7769,0,2,60
T322,T342,23:59:39,3,-1,-1,MY9491,0,2,101
M121,M119,23:59:39,3,-1,1,AA7450,0,2,30
C689/1,T355/2,23:59:49,3,-1,1,MY9362,0,2,131
T342,T409,0:00:29,4,-1,1,MY9491,0,2,40
T408/1,T343,0:00:39,4,-1,-1,MX7769,0,2,81
M119,M113,0:01:00,4,-1,-1,AA7450,0,2,40
T409,T368,0:01:30,4,-1,1,MY9491,0,2,50
T355/2,T360,0:01:50,4,-1,1,MY9362,0,2,111
M113,M94,0:02:00,4,-1,-1,AA7450,0,2,30
T368,T324/2,0:02:20,4,-1,1,MY9491,0,2,30
T343,T316,0:02:34,4,-1,1,MX7769,0,2,94
T355/1,C688/1,0:02:34,4,-1,1,AC3674,0,2,256
M94,M95/3,0:02:54,4,-1,-1,AA7450,0,2,20
T360,T376/1,0:03:04,4,-1,1,MY9362,0,2,63
T324/2,T327,0:03:24,4,-1,1,MY9491,0,2,50
C688/1,C691,0:04:05,4,-1,1,AC3674,0,2,50
T327,T326/2,0:04:15,4,-1,1,MY9491,0,2,30
T316,T345/5,0:04:25,4,-1,-1,MX7769,0,2,101
T376/1,T363/1,0:04:45,4,-1,1,MY9362,0,2,90
T326/2,T337,0:05:16,4,-1,1,MY9491,0,2,50
T345/5,T344,0:05:36,4,-1,1,MX7769,0,2,50
T337,T334,0:05:46,4,-1,1,MY9491,0,2,20
T363/1,T374,0:05:56,4,-1,1,MY9362,0,2,40
T344,T356/1,0:06:36,4,-1,1,MX7769,0,2,40
C691,C655,0:06:36,4,-1,1,AC3674,1,2,141
T374,T406,0:06:36,4,-1,1,MY9362,0,2,30
T334,T430,0:06:47,4,-1,1,MY9491,0,2,50
T356/1,T358,0:07:47,4,-1,1,MX7769,0,2,50
C655,C657,0:07:57,4,-1,1,AC3674,0,2,50
C657,C686,0:08:28,4,-1,1,AC3674,0,2,20
T358,T373/2,0:08:38,4,-1,1,MX7769,0,2,30
T373/2,T375,0:09:18,4,-1,1,MX7769,0,2,30
C686,C656,0:09:38,4,-1,2,AC3674,0,2,40
C656,C654/3,0:10:39,4,-1,2,AC3674,0,2,50
T375,T380,0:10:59,4,-1,1,MX7769,0,2,70
T380,T379,0:11:40,4,-1,1,MX7769,0,2,20
T406,T345/1,0:11:50,4,-1,-1,MY9362,0,2,303
T379,T359,0:12:00,4,-1,1,MX7769,0,2,10
T430,M177,0:12:10,4,-1,1,MY9491,0,2,293
T359,T355/1,0:13:12,4,-1,1,MX7769,0,2,61
C654/3,C692,0:14:04,4,-1,1,AC3674,1,2,164
T345/1,T322,0:14:14,4,-1,-1,MY9362,0,2,102
M177,M198,0:14:44,4,-1,1,MY9491,0,2,132
M198,M183/2,0:15:55,4,-1,1,MY9491,0,2,60
T322,T342,0:16:05,4,-1,-1,MY9362,0,2,101
C689/1,T355/2,0:16:35,4,-1,1,AC3674,0,2,111
M183/2,M140/1,0:16:35,4,-1,1,MY9491,0,2,20
T342,T409,0:16:55,4,-1,1,MY9362,0,2,40
T355/1,C688/1,0:17:16,4,-1,-1,MX7769,0,2,222
M140/1,M137/2,0:17:16,4,-1,1,MY9491,0,2,30
M137/2,M132/1,0:18:06,4,-1,1,MY9491,0,2,20
C688/1,C691,0:18:16,4,-1,1,MX7769,0,2,20
T409,T368,0:18:26,4,-1,1,MY9362,0,2,70
T355/2,T360,0:18:37,4,-1,1,AC3674,0,2,111
M132/1,M200,0:18:57,4,-1,2,MY9491,0,2,10
T368,T324/2,0:19:07,4,-1,1,MY9362,0,2,30
T360,T376/1,0:19:17,4,-1,1,AC3674,0,2,30
M200,M201,0:19:37,4,-1,-1,MY9491,0,2,10
T324/2,T327,0:19:57,4,-1,1,MY9362,0,2,40
C691,C652,0:20:07,4,-1,-1,MX7769,0,2,90
T327,T326/2,0:20:48,4,-1,-1,MY9362,0,2,20
M201,M121,0:20:48,4,-1,-1,MY9491,0,2,30
C652,C655,0:21:08,4,-1,-1,MX7769,0,2,40
T376/1,T363/1,0:21:28,4,-1,-1,AC3674,0,2,121
M121,M119,0:21:38,4,-1,-1,MY9491,0,2,30
T326/2,T337,0:21:49,4,-1,-1,MY9362,0,2,50
C655,C657,0:22:09,4,-1,-1,MX7769,0,2,40
T337,T334,0:22:29,4,-1,-1,MY9362,0,2,20
C657,C686,0:22:59,4,-1,-1,MX7769,0,2,20
T363/1,T406,0:23:09,4,-1,-1,AC3674,1,2,80
M119,M94,0:23:09,4,-1,-1,MY9491,1,2,60
T334,T430,0:23:53,4,-1,-1,MY9362,0,2,53
M94,M95/3,0:24:13,4,-1,-1,MY9491,0,2,20
C686,C654/3,0:25:14,4,-1,1,MX7769,1,2,101
T406,T345/1,0:26:05,4,-1,-1,AC3674,0,2,151
C654/3,C689/1,0:28:16,4,-1,1,MX7769,2,2,161
T345/1,T322,0:28:26,4,-1,-1,AC3674,0,2,121
T430,M177,0:28:56,4,-1,1,MY9362,0,2,292
T322,T342,0:29:57,4,-1,-1,AC3674,0,2,80
M177,M198,0:31:08,4,-1,1,MY9362,0,2,111
T342,T409,0:31:28,4,-1,1,AC3674,0,2,60
M198,M183/2,0:31:58,4,-1,2,MY9362,0,2,40
C689/1,T360,0:32:29,4,-1,1,MX7769,1,2,222
M183/2,M140/1,0:32:39,4,-1,1,MY9362,0,2,10
T409,T324/2,0:33:39,4,-1,1,AC3674,1,2,121
T360,T376/1,0:34:10,4,-1,1,MX7769,0,2,80
T324/2,T327,0:34:40,4,-1,1,AC3674,0,2,50
M140/1,M137/2,0:34:40,4,-1,1,MY9362,0,2,70
T376/1,T363/1,0:35:00,4,-1,1,MX7769,0,2,40
T327,T326/2,0:35:10,4,-1,1,AC3674,0,2,20
M137/2,M132/1,0:35:35,4,-1,1,MY9362,0,2,44
T363/1,T374,0:36:05,4,-1,1,MX7769,0,2,30
T326/2,T337,0:36:15,4,-1,1,AC3674,0,2,54
M132/1,M200,0:36:15,4,-1,2,MY9362,0,2,20
T374,T406,0:37:05,4,-1,1,MX7769,0,2,30
M200,M201,0:37:05,4,-1,-1,MY9362,0,2,20
T337,T430,0:37:46,4,-1,1,AC3674,1,2,80
M201,M121,0:38:06,4,-1,1,MY9362,0,2,30
M121,M119,0:38:57,4,-1,1,MY9362,0,2,30
T406,T345/1,0:39:47,4,-1,-1,MX7769,0,2,151
M119,M113,0:40:58,4,-1,-1,MY9362,0,2,80
M113,M94,0:41:38,4,-1,-1,MY9362,0,2,20
T345/1,T322,0:41:48,4,-1,-1,MX7769,0,2,90
T430,M177,0:42:19,4,-1,1,AC3674,0,2,262
M94,M95/3,0:42:19,4,-1,-1,MY9362,0,2,20
T322,T342,0:43:34,4,-1,-1,MX7769,0,2,94
T342,T409,0:44:34,4,-1,1,MX7769,0,2,40
M177,M198,0:44:34,4,-1,1,AC3674,0,2,125
T409,T368,0:45:25,4,-1,1,MX7769,0,2,40
M198,M183/2,0:45:25,4,-1,1,AC3674,0,2,40
M183/2,M140/1,0:46:25,4,-1,1,AC3674,0,2,50
T368,T327,0:47:06,4,-1,1,MX7769,1,2,90
M140/1,M137/2,0:47:06,4,-1,1,AC3674,0,2,20
T327,T326/2,0:47:46,4,-1,1,MX7769,0,2,30
M137/2,M132/1,0:47:56,4,-1,1,AC3674,0,2,20
T326/2,T337,0:48:37,4,-1,1,MX7769,0,2,40
T337,T334,0:48:57,4,-1,1,MX7769,0,2,10
M132/1,M200,0:49:27,4,-1,3,AC3674,0,2,10
T334,T430,0:49:58,4,-1,1,MX7769,0,2,40
M200,M201,0:50:18,4,-1,-1,AC3674,0,2,40
M201,M121,0:51:08,4,-1,1,AC3674,0,2,20
M121,M113,0:53:30,4,-1,-1,AC3674,1,2,111
M113,M94,0:53:50,4,-1,-1,AC3674,0,2,10
T430,M177,0:54:42,4,-1,1,MX7769,0,2,274
M94,M95/3,0:54:42,4,-1,-1,AC3674,0,2,32
M177,M198,0:56:45,4,-1,1,MX7769,0,3,112
M198,M183/2,0:57:35,4,-1,1,MX7769,0,3,40
M183/2,M140/1,0:58:15,4,-1,1,MX7769,0,3,20
M140/1,M137/2,1:00:17,4,-1,1,MX7769,0,3,111
M137/2,M132/1,1:01:07,4,-1,1,MX7769,0,3,40
M132/1,M200,1:02:28,4,-1,2,MX7769,0,3,30
M200,M201,1:02:58,4,-1,-1,MX7769,0,3,10
M201,M121,1:03:59,4,-1,1,MX7769,0,3,30
M121,M94,1:06:42,4,-1,-1,MX7769,2,3,142
M94,M95/3,1:07:12,4,-1,-1,MX7769,0,3,20
M95/3,M22,6:01:04,4,-1,1,MX7769,0,2,75
M22,M16/1,6:05:06,4,-1,1,MX7769,1,2,192
M16/1,M109,6:06:57,4,-1,1,MX7769,0,2,10
M109,M112,6:09:59,4,-1,1,MX7769,0,2,141
M112,M127,6:10:50,4,-1,1,MX7769,0,2,30
M127,M125,6:11:44,4,-1,1,MX7769,0,2,23
M125,M136/2,6:13:25,4,-1,1,MX7769,0,2,60
M136/2,M139/2,6:14:16,4,-1,1,MX7769,0,2,20
M139/2,M184,6:16:07,4,-1,2,MX7769,0,2,70
M184,M188,6:16:57,4,-1,1,MX7769,0,2,20
M188,M203/2,6:17:58,4,-1,1,MX7769,0,2,10
M203/2,M277,6:18:59,4,-1,-1,MX7769,0,2,40
M277,M182/1,6:21:22,4,-1,-1,MX7769,0,2,132
M95/3,M22,6:22:03,4,-1,-1,MX7866,0,2,123
M22,M10,6:24:29,4,-1,-1,MX7866,0,2,115
M182/1,T431,6:25:09,4,-1,1,MX7769,0,2,206
M10,M16/1,6:26:10,4,-1,1,MX7866,0,2,70
T431,T335,6:26:20,4,-1,1,MX7769,0,2,60
T335,T338,6:27:05,4,-1,1,MX7769,0,2,20
M16/1,M109,6:28:16,4,-1,1,MX7866,0,2,20
T338,T326/3,6:28:26,4,-1,-1,MX7769,0,2,60
T326/3,T339/2,6:30:47,4,-1,1,MX7769,2,2,131
C657,C656,6:31:08,4,-1,1,AA7537,1,2,10
M109,M127,6:31:48,4,-1,1,MX7866,1,2,171
C656,C654/3,6:31:58,4,-1,1,AA7537,0,2,40
M127,M125,6:32:59,4,-1,1,MX7866,0,2,50
T339/2,T408/1,6:32:59,4,-1,-1,MX7769,0,2,101
C654/3,C653/2,6:33:49,4,-1,1,AA7537,0,2,70
T408/1,T343,6:34:10,4,-1,-1,MX7769,0,2,50
M125,M136/2,6:34:20,4,-1,1,MX7866,0,2,20
C653/2,C692,6:34:30,4,-1,2,AA7537,0,2,30
M136/2,M139/2,6:35:00,4,-1,1,MX7866,0,2,10
T343,T316,6:36:24,4,-1,1,MX7769,0,2,94
M139/2,M184,6:36:55,4,-1,1,MX7866,0,2,80
M184,M188,6:37:45,4,-1,1,MX7866,0,2,10
M188,M203/2,6:38:05,4,-1,1,MX7866,0,2,10
T316,T345/5,6:38:15,4,-1,-1,MX7769,0,2,101
C689/1,T355/2,6:38:56,4,-1,1,AA7537,0,2,111
M203/2,M277,6:39:26,4,-1,-1,MX7866,0,2,60
T345/5,T344,6:39:36,4,-1,1,MX7769,0,2,70
T344,T356/1,6:40:37,4,-1,1,MX7769,0,2,30
T355/2,T360,6:40:57,4,-1,1,AA7537,0,2,90
M95/3,M22,6:41:28,4,-1,1,MY9362,0,2,60
M277,M182/1,6:41:58,4,-1,1,MX7866,0,2,141
T356/1,T358,6:42:49,4,-1,1,MX7769,0,2,101
T360,T376/1,6:42:59,4,-1,1,AA7537,0,2,111
M22,M10,6:43:29,4,-1,1,MY9362,0,2,91
T358,T373/2,6:43:39,4,-1,1,MX7769,0,2,20
T376/1,T363/1,6:44:09,4,-1,1,AA7537,0,2,60
T373/2,T375,6:44:20,4,-1,1,MX7769,0,2,30
T375,T380,6:45:02,4,-1,1,MX7769,0,2,10
M10,M16/1,6:45:22,4,-1,1,MY9362,0,2,62
T380,T379,6:45:22,4,-1,1,MX7769,0,2,10
T363/1,T374,6:45:22,4,-1,1,AA7537,0,2,62
M182/1,T431,6:46:03,4,-1,1,MX7866,0,2,214
T374,T406,6:46:03,4,-1,1,AA7537,0,2,30
T379,T359,6:46:23,4,-1,1,MX7769,0,2,40
M16/1,M109,6:47:24,4,-1,1,MY9362,0,2,20
T431,T335,6:47:24,4,-1,1,MX7866,0,2,70
T359,T355/1,6:47:24,4,-1,1,MX7769,0,2,50
T335,T338,6:48:14,4,-1,1,MX7866,0,2,20
C655,C653/2,6:48:14,4,-1,1,MY9491,4,2,20
C653/2,C692,6:49:25,4,-1,1,MY9491,0,2,60
T338,T326/3,6:49:56,4,-1,-1,MX7866,0,2,81
M109,M112,6:50:26,4,-1,1,MY9362,0,2,152
M112,M127,6:50:57,4,-1,1,MY9362,0,2,20
C692,C689/1,6:51:17,4,-1,1,MY9491,0,2,101
M127,M125,6:51:47,4,-1,1,MY9362,0,2,20
T355/1,C688/1,6:51:47,4,-1,1,MX7769,0,2,233
T406,T345/1,6:52:17,4,-1,-1,AA7537,0,2,364
T326/3,T325/2,6:52:28,4,-1,1,MX7866,1,2,131
T325/2,T339/2,6:52:58,4,-1,1,MX7866,0,2,20
C688/1,C691,6:53:08,4,-1,1,MX7769,0,2,50
C689/1,T355/2,6:53:18,4,-1,1,MY9491,0,2,101
M125,M136/2,6:53:28,4,-1,1,MY9362,0,2,70
M136/2,M139/2,6:54:09,4,-1,2,MY9362,0,2,10
T345/1,T322,6:54:19,4,-1,-1,AA7537,0,2,81
C691,C652,6:54:59,4,-1,1,MX7769,0,2,101
T339/2,T408/1,6:55:10,4,-1,-1,MX7866,0,2,111
T355/2,T360,6:55:20,4,-1,1,MY9491,0,2,101
C652,C655,6:55:50,4,-1,1,MX7769,0,2,30
T360,T376/1,6:55:50,4,-1,1,MY9491,0,2,20
M139/2,M184,6:56:00,4,-1,2,MY9362,0,2,81
T322,T342,6:56:00,4,-1,-1,AA7537,0,2,71
T408/1,T343,6:56:44,4,-1,-1,MX7866,0,2,73
C655,C657,6:56:54,4,-1,1,MX7769,0,2,43
T342,T409,6:57:04,4,-1,1,AA7537,0,2,43
M184,M188,6:57:14,4,-1,1,MY9362,0,2,20
T376/1,T363/1,6:57:25,4,-1,1,MY9491,0,2,84
C657,C686,6:57:35,4,-1,1,MX7769,0,2,30
M188,M203/2,6:57:55,4,-1,1,MY9362,0,2,10
T409,T368,6:58:25,4,-1,1,AA7537,0,2,50
C686,C656,6:58:36,4,-1,1,MX7769,0,2,20
M203/2,M277,6:58:46,4,-1,-1,MY9362,0,2,30
T363/1,T406,6:58:56,4,-1,1,MY9491,1,2,61
T343,T316,6:59:06,4,-1,1,MX7866,0,2,101
T368,T324/2,6:59:06,4,-1,1,AA7537,0,2,20
C656,C654/3,6:59:47,4,-1,1,MX7769,0,2,50
T324/2,T327,7:00:17,4,-1,1,AA7537,0,2,40
M95/3,M22,7:00:27,4,-1,1,AA7450,0,2,70
M277,M182/1,7:01:08,4,-1,1,MY9362,0,2,131
T327,T326/2,7:01:08,4,-1,1,AA7537,0,2,20
T316,T345/5,7:01:18,4,-1,1,MX7866,0,2,121
T326/2,T337,7:02:18,4,-1,1,AA7537,0,2,60
M22,M10,7:02:39,4,-1,1,AA7450,0,2,60
T345/5,T344,7:02:49,4,-1,1,MX7866,0,2,60
T337,T334,7:02:49,4,-1,1,AA7537,0,2,20
C654/3,C653/2,7:03:09,4,-1,1,MX7769,0,2,40
T406,T345/1,7:03:49,4,-1,-1,MY9491,0,2,283
M10,M16/1,7:04:00,4,-1,1,AA7450,0,2,50
T344,T356/1,7:04:00,4,-1,1,MX7866,0,2,40
T334,T430,7:04:43,4,-1,1,AA7537,0,2,93
M182/1,T431,7:04:53,4,-1,1,MY9362,0,2,205
C653/2,C692,7:05:13,4,-1,1,MX7769,0,2,114
T356/1,T358,7:05:23,4,-1,1,MX7866,0,2,73
T345/1,T322,7:05:33,4,-1,-1,MY9491,0,2,83
M16/1,M109,7:06:04,4,-1,1,AA7450,0,2,103
T431,T335,7:06:04,4,-1,1,MY9362,0,2,60
T358,T373/2,7:06:24,4,-1,1,MX7866,0,2,30
T335,T338,7:06:44,4,-1,1,MY9362,0,2,10
C692,C689/1,7:06:44,4,-1,1,MX7769,0,2,70
T373/2,T375,7:07:04,4,-1,1,MX7866,0,2,20
T322,T342,7:07:25,4,-1,-1,MY9491,0,2,80
T375,T380,7:07:55,4,-1,1,MX7866,0,2,20
T342,T409,7:08:15,4,-1,1,MY9491,0,2,40
T380,T379,7:08:46,4,-1,1,MX7866,0,2,10
T379,T359,7:09:06,4,-1,1,MX7866,0,2,10
C689/1,T355/2,7:09:06,4,-1,1,MX7769,0,2,111
T409,T368,7:09:06,4,-1,1,MY9491,0,2,40
T368,T324/2,7:09:56,4,-1,1,MY9491,0,2,30
T430,M177,7:09:56,4,-1,1,AA7537,0,2,273
T338,T332/2,7:10:17,4,-1,1,MY9362,1,2,172
M109,M112,7:10:27,4,-1,1,AA7450,0,2,202
T359,T355/1,7:10:27,4,-1,1,MX7866,0,2,70
T332/2,T325/2,7:11:07,4,-1,1,MY9362,0,2,40
T355/2,T360,7:11:17,4,-1,1,MX7769,0,2,101
T324/2,T327,7:11:28,4,-1,1,MY9491,0,2,50
T360,T376/1,7:11:58,4,-1,1,MX7769,0,2,30
T325/2,T339/2,7:12:08,4,-1,1,MY9362,0,2,20
T327,T326/2,7:12:08,4,-1,1,MY9491,0,2,20
M177,M198,7:12:38,4,-1,1,AA7537,0,2,131
M112,M127,7:12:49,4,-1,1,AA7450,0,2,121
T326/2,T337,7:13:09,4,-1,1,MY9491,0,2,50
T337,T334,7:13:49,4,-1,1,MY9491,0,2,20
T339/2,T408/1,7:14:00,4,-1,-1,MY9362,0,2,81
T376/1,T363/1,7:14:10,4,-1,1,MX7769,0,2,111
M127,M125,7:14:33,4,-1,1,AA7450,0,2,73
M198,M183/2,7:14:43,4,-1,2,AA7537,0,2,114
T355/1,C688/1,7:14:53,4,-1,1,MX7866,0,2,215
T363/1,T374,7:15:03,4,-1,1,MX7769,0,2,43
T334,T430,7:15:03,4,-1,1,MY9491,0,2,43
T374,T406,7:15:33,4,-1,1,MX7769,0,2,20
M183/2,M140/1,7:15:33,4,-1,1,AA7537,0,2,10
C688/1,C691,7:15:54,4,-1,1,MX7866,0,2,30
M125,M136/2,7:16:04,4,-1,1,AA7450,0,2,20
M136/2,M139/2,7:16:34,4,-1,2,AA7450,0,2,10
T408/1,T343,7:16:34,4,-1,-1,MY9362,0,2,144
C691,C652,7:17:36,4,-1,1,MX7866,0,2,81
M95/3,M22,7:17:46,4,-1,1,MY9487,0,2,21
M140/1,M137/2,7:17:56,4,-1,1,AA7537,0,2,41
M139/2,M184,7:18:36,4,-1,2,AA7450,0,2,40
C652,C655,7:18:36,4,-1,1,MX7866,0,2,40
T343,T316,7:18:57,4,-1,1,MY9362,0,2,112
M137/2,M132/1,7:19:07,4,-1,1,AA7537,0,2,40
M184,M188,7:19:27,4,-1,1,AA7450,0,2,10
T430,M177,7:19:37,4,-1,1,MY9491,0,2,254
C655,C657,7:19:47,4,-1,1,MX7866,0,2,40
M132/1,M200,7:20:08,4,-1,3,AA7537,0,2,30
M22,M10,7:20:18,4,-1,1,MY9487,0,2,60
T316,T345/5,7:20:48,4,-1,1,MY9362,0,2,91
C657,C686,7:20:48,4,-1,1,MX7866,0,2,30
M200,M201,7:21:18,4,-1,-1,AA7537,0,2,60
M188,M203/2,7:21:39,4,-1,1,AA7450,0,2,80
T345/5,T344,7:22:19,4,-1,1,MY9362,0,2,60
C686,C656,7:22:19,4,-1,2,MX7866,0,2,40
T406,T345/1,7:22:29,4,-1,-1,MX7769,0,2,385
M201,M121,7:22:29,4,-1,1,AA7537,0,2,30
M203/2,M277,7:23:00,4,-1,-1,AA7450,0,2,50
T344,T356/1,7:23:20,4,-1,1,MY9362,0,2,30
C656,C654/3,7:23:20,4,-1,2,MX7866,0,2,50
M121,M119,7:23:33,4,-1,2,AA7537,0,2,13
M10,M16/1,7:24:03,4,-1,1,MY9487,0,2,94
T345/1,T322,7:24:24,4,-1,-1,MX7769,0,2,94
T356/1,T358,7:24:44,4,-1,1,MY9362,0,2,50
M177,M183/2,7:24:44,4,-1,1,MY9491,1,2,276
M277,M182/1,7:25:24,4,-1,1,AA7450,0,2,134
M16/1,M109,7:25:35,4,-1,1,MY9487,0,2,20
T358,T373/2,7:25:45,4,-1,1,MY9362,0,2,30
T322,T342,7:26:05,4,-1,-1,MX7769,0,2,91
M119,M113,7:26:15,4,-1,-1,AA7537,0,2,121
T373/2,T375,7:26:36,4,-1,1,MY9362,0,2,41
C654/3,C653/2,7:26:36,4,-1,1,MX7866,0,2,183
M183/2,M140/1,7:26:36,4,-1,2,MY9491,0,2,11
M140/1,M137/2,7:27:37,4,-1,1,MY9491,0,2,40
M113,M94,7:27:37,4,-1,-1,AA7537,0,2,10
T375,T380,7:27:47,4,-1,1,MY9362,0,2,40
T342,T409,7:27:57,4,-1,1,MX7769,0,2,60
M137/2,M132/1,7:28:17,4,-1,1,MY9491,0,2,20
T380,T379,7:28:28,4,-1,1,MY9362,0,2,10
M94,M95/3,7:29:08,4,-1,-1,AA7537,0,2,40
T379,T359,7:29:18,4,-1,1,MY9362,0,2,40
T409,T368,7:29:18,4,-1,1,MX7769,0,2,60
M182/1,T431,7:29:28,4,-1,1,AA7450,0,2,213
M109,M112,7:29:38,4,-1,2,MY9487,0,2,193
C653/2,C689/1,7:29:49,4,-1,1,MX7866,1,2,182
T368,T324/2,7:29:49,4,-1,1,MX7769,0,2,20
T359,T355/1,7:30:19,4,-1,1,MY9362,0,2,50
M132/1,M200,7:30:19,4,-1,2,MY9491,0,2,50
T431,T335,7:30:49,4,-1,1,AA7450,0,2,70
T335,T338,7:31:43,4,-1,1,AA7450,0,2,10
T324/2,T327,7:31:43,4,-1,1,MX7769,0,2,63
M200,M201,7:31:53,4,-1,-1,MY9491,0,2,20
T327,T326/2,7:32:44,4,-1,1,MX7769,0,2,40
M201,M121,7:32:44,4,-1,1,MY9491,0,2,20
T338,T326/3,7:33:04,4,-1,-1,AA7450,0,2,61
M112,M125,7:33:25,4,-1,1,MY9487,1,2,175
M121,M119,7:33:48,4,-1,1,MY9491,0,2,23
T326/2,T337,7:33:58,4,-1,1,MX7769,0,2,53
C689/1,T360,7:34:39,4,-1,1,MX7866,1,2,269
T355/1,C688/1,7:34:59,4,-1,1,MY9362,0,2,269
M125,M136/2,7:35:09,4,-1,1,MY9487,0,2,30
T337,T334,7:35:09,4,-1,1,MX7769,0,2,20
M119,M113,7:35:19,4,-1,-1,MY9491,0,2,50
T360,T376/1,7:36:10,4,-1,1,MX7866,0,2,70
T326/3,T325/2,7:36:20,4,-1,1,AA7450,1,2,185
C688/1,C691,7:36:20,4,-1,1,MY9362,0,2,40
T334,T430,7:36:32,4,-1,1,MX7769,0,2,52
M136/2,M139/2,7:36:52,4,-1,2,MY9487,0,2,83
M113,M94,7:36:52,4,-1,-1,MY9491,0,2,42
T325/2,T339/2,7:37:13,4,-1,1,AA7450,0,2,20
T376/1,T363/1,7:37:23,4,-1,1,MX7866,0,2,62
M94,M95/3,7:38:04,4,-1,-1,MY9491,0,2,41
M139/2,M184,7:38:14,4,-1,2,MY9487,0,2,40
T363/1,T374,7:38:25,4,-1,1,MX7866,0,2,30
C691,C652,7:38:45,4,-1,1,MY9362,0,2,102
T339/2,T408/1,7:39:05,4,-1,-1,AA7450,0,2,80
T374,T406,7:39:05,4,-1,1,MX7866,0,2,30
M184,M188,7:39:25,4,-1,1,MY9487,0,2,20
C652,C655,7:39:47,4,-1,1,MY9362,0,2,31
M188,M203/2,7:40:27,4,-1,1,MY9487,0,2,10
C655,C657,7:41:07,4,-1,1,MY9362,0,2,50
T430,M177,7:41:18,4,-1,1,MX7769,0,2,275
T408/1,T343,7:41:48,4,-1,-1,AA7450,0,2,91
C657,C686,7:41:58,4,-1,1,MY9362,0,2,30
M95/3,M22,7:42:29,4,-1,1,AA7537,0,2,30
C686,C656,7:43:29,4,-1,1,MY9362,0,2,40
T343,T316,7:44:00,4,-1,1,AA7450,0,2,101
M177,M198,7:44:20,4,-1,2,MX7769,0,2,131
M203/2,M182/1,7:44:34,4,-1,1,MY9487,1,2,206
C656,C654/3,7:44:54,4,-1,1,MY9362,0,2,74
T406,T345/1,7:45:14,4,-1,-1,MX7866,0,2,349
M198,M183/2,7:46:25,4,-1,3,MX7769,0,2,111
T316,T345/5,7:46:35,4,-1,1,AA7450,0,2,121
M22,M10,7:46:46,4,-1,1,AA7537,0,2,185
T345/1,T322,7:48:17,4,-1,-1,MX7866,0,2,151
T345/5,T344,7:48:27,4,-1,1,AA7450,0,2,70
M183/2,M140/1,7:48:27,4,-1,1,MX7769,0,2,20
M182/1,T431,7:48:37,4,-1,1,MY9487,0,2,212
T344,T356/1,7:49:07,4,-1,1,AA7450,0,2,20
C654/3,C653/2,7:49:48,4,-1,1,MY9362,0,2,70
T431,T335,7:49:58,4,-1,1,MY9487,0,2,70
T322,T342,7:49:58,4,-1,-1,MX7866,0,2,91
M140/1,M137/2,7:50:49,4,-1,1,MX7769,0,2,111
T335,T338,7:50:59,4,-1,1,MY9487,0,2,20
T356/1,T358,7:50:59,4,-1,1,AA7450,0,2,91
M10,M16/1,7:51:19,4,-1,2,AA7537,0,2,151
T342,T409,7:51:49,4,-1,1,MX7866,0,2,70
M137/2,M132/1,7:51:49,4,-1,2,MX7769,0,2,30
T358,T373/2,7:51:59,4,-1,1,AA7450,0,2,30
C653/2,C692,7:51:59,4,-1,1,MY9362,0,2,111
T338,T326/3,7:52:42,4,-1,-1,MY9487,0,2,83
C692,C689/1,7:52:52,4,-1,1,MY9362,0,2,10
T373/2,T375,7:53:02,4,-1,1,AA7450,0,2,30
T409,T368,7:53:33,4,-1,1,MX7866,0,2,60
T326/3,T332/2,7:53:43,4,-1,1,MY9487,0,2,50
T375,T380,7:53:53,4,-1,1,AA7450,0,2,20
T368,T324/2,7:54:23,4,-1,1,MX7866,0,2,30
T380,T359,7:55:14,4,-1,1,AA7450,1,2,40
T332/2,T325/2,7:55:34,4,-1,1,MY9487,0,2,101
C689/1,T355/2,7:56:05,4,-1,1,MY9362,0,2,121
T324/2,T327,7:56:05,4,-1,1,MX7866,0,2,50
M132/1,M200,7:56:05,4,-1,3,MX7769,0,2,80
M16/1,M109,7:56:25,4,-1,1,AA7537,0,2,245
T359,T355/1,7:56:25,4,-1,1,AA7450,0,2,60
T325/2,T339/2,7:56:55,4,-1,1,MY9487,0,2,10
M200,M201,7:57:05,4,-1,-1,MX7769,0,2,30
T327,T326/2,7:57:26,4,-1,1,MX7866,0,2,30
T355/2,T360,7:58:27,4,-1,1,MY9362,0,2,112
M95/3,M22,7:58:37,4,-1,2,MY9491,0,2,71
T339/2,T408/1,7:58:48,4,-1,-1,MY9487,0,2,82
T326/2,T337,7:58:48,4,-1,1,MX7866,0,2,50
M201,M121,7:58:58,4,-1,2,MX7769,0,2,70
T337,T334,7:59:48,4,-1,1,MX7866,0,2,30
M109,M112,8:00:09,4,-1,1,AA7537,0,2,173
T360,T376/1,8:00:19,4,-1,1,MY9362,0,2,91
T334,T430,8:01:19,4,-1,1,MX7866,0,2,50
T408/1,T343,8:01:30,4,-1,-1,MY9487,0,2,141
T355/1,C688/1,8:01:30,4,-1,2,AA7450,0,2,264
M121,M119,8:01:30,4,-1,3,MX7769,0,2,91
M112,M127,8:02:43,4,-1,1,AA7537,0,2,73
C688/1,C691,8:02:53,4,-1,1,AA7450,0,2,42
T376/1,T363/1,8:02:53,4,-1,1,MY9362,0,2,123
M22,M10,8:03:54,4,-1,2,MY9491,0,2,184
T363/1,T374,8:04:04,4,-1,1,MY9362,0,2,30
C691,C652,8:04:24,4,-1,1,AA7450,0,2,60
T343,T316,8:04:34,4,-1,1,MY9487,0,2,111
M127,M125,8:04:54,4,-1,1,AA7537,0,2,70
T374,T406,8:05:04,4,-1,1,MY9362,0,2,30
C652,C655,8:05:46,4,-1,1,AA7450,0,2,41
T430,M177,8:06:16,4,-1,1,MX7866,0,2,286
M119,M113,8:06:46,4,-1,-1,MX7769,0,2,101
C655,C657,8:07:07,4,-1,1,AA7450,0,2,40
M125,M136/2,8:07:47,4,-1,1,AA7537,0,2,111
C657,C686,8:07:57,4,-1,1,AA7450,0,2,20
M136/2,M139/2,8:08:38,4,-1,2,AA7537,0,2,20
T316,T344,8:08:58,4,-1,1,MY9487,1,2,233
C686,C656,8:09:28,4,-1,1,AA7450,0,2,40
T344,T356/1,8:09:59,4,-1,1,MY9487,0,2,40
T406,T345/1,8:10:19,4,-1,-1,MY9362,0,2,304
M139/2,M184,8:10:50,4,-1,1,AA7537,0,2,40
M177,M183/2,8:10:50,4,-1,2,MX7866,1,2,233
M113,M94,8:10:50,4,-1,-1,MX7769,0,2,222
C656,C654/3,8:11:00,4,-1,1,AA7450,0,2,60
T356/1,T358,8:11:20,4,-1,1,MY9487,0,2,70
M10,M16/1,8:11:54,4,-1,3,MY9491,0,2,297
M184,M188,8:12:14,4,-1,1,AA7537,0,2,30
T358,T373/2,8:12:14,4,-1,1,MY9487,0,2,30
M183/2,M140/1,8:12:24,4,-1,1,MX7866,0,2,50
T345/1,T322,8:13:15,4,-1,-1,MY9362,0,2,155
M140/1,M137/2,8:13:56,4,-1,1,MX7866,0,2,61
M188,M203/2,8:14:18,4,-1,1,AA7537,0,2,93
M95/3,M22,8:14:38,4,-1,2,MY7560,0,2,61
M137/2,M132/1,8:14:38,4,-1,1,MX7866,0,2,10
T373/2,T375,8:14:58,4,-1,1,MY9487,0,2,103
C654/3,C653/2,8:15:29,4,-1,1,AA7450,0,2,92
T322,T342,8:15:39,4,-1,-1,MY9362,0,2,112
T375,T380,8:15:49,4,-1,1,MY9487,0,2,30
M132/1,M200,8:15:49,4,-1,3,MX7866,0,2,30
T380,T379,8:16:29,4,-1,1,MY9487,0,2,10
C653/2,C692,8:16:29,4,-1,-1,AA7450,0,2,50
M200,M201,8:17:10,4,-1,-1,MX7866,0,2,20
T342,T409,8:17:20,4,-1,1,MY9362,0,2,71
M94,M95/3,8:17:44,4,-1,-1,MX7769,0,2,299
M203/2,M182/1,8:18:24,4,-1,1,AA7537,1,2,226
C692,C689/1,8:18:24,4,-1,1,AA7450,0,2,30
M16/1,M109,8:18:35,4,-1,1,MY9491,0,2,104
T379,T355/1,8:18:35,4,-1,1,MY9487,1,2,115
M201,M121,8:18:55,4,-1,3,MX7866,0,2,94
T409,T368,8:19:25,4,-1,1,MY9362,0,2,91
M22,M10,8:20:26,4,-1,-1,MY7560,0,2,162
T368,T324/2,8:20:36,4,-1,-1,MY9362,0,2,40
C689/1,T355/2,8:21:57,4,-1,-1,AA7450,0,2,172
T324/2,T327,8:22:28,4,-1,-1,MY9362,0,2,70
M182/1,T431,8:22:58,4,-1,-1,AA7537,0,2,243
M109,M112,8:23:18,4,-1,-1,MY9491,0,2,233
T355/1,C688/1,8:23:18,4,-1,-1,MY9487,0,2,253
C688/1,C691,8:24:29,4,-1,-1,MY9487,0,2,20
T355/2,T360,8:24:29,4,-1,-1,AA7450,0,2,121
T431,T335,8:24:39,4,-1,-1,AA7537,0,2,91
T327,T337,8:24:39,4,-1,-1,MY9362,1,2,111
M112,M127,8:25:10,4,-1,1,MY9491,0,2,80
T337,T334,8:25:32,4,-1,1,MY9362,0,2,22
T338,T326/3,8:26:23,4,-1,-1,AA7537,0,2,50
T360,T376/1,8:26:23,4,-1,1,AA7450,0,2,83
C691,C652,8:27:24,4,-1,1,MY9487,0,2,154
T334,T430,8:27:24,4,-1,1,MY9362,0,2,91
M10,M16/1,8:28:25,4,-1,3,MY7560,0,2,438
C652,C655,8:28:25,4,-1,1,MY9487,0,2,30
M127,M125,8:28:45,4,-1,1,MY9491,0,2,40
T376/1,T363/1,8:28:55,4,-1,1,AA7450,0,2,141
C655,C657,8:29:45,4,-1,1,MY9487,0,2,40
C657,C686,8:30:36,4,-1,1,MY9487,0,2,40
T363/1,T374,8:30:36,4,-1,1,AA7450,0,2,60
T326/3,T325/2,8:30:56,4,-1,1,AA7537,1,2,263
T374,T406,8:31:37,4,-1,1,AA7450,0,2,40
T325/2,T339/2,8:31:47,4,-1,2,AA7537,0,2,20
M125,M136/2,8:31:57,4,-1,1,MY9491,0,2,101
C686,C656,8:31:57,4,-1,1,MY9487,0,2,30
T430,M177,8:32:28,4,-1,1,MY9362,0,2,293
M136/2,M139/2,8:32:38,4,-1,2,MY9491,0,2,10
C656,C654/3,8:33:18,4,-1,1,MY9487,0,2,70
M95/3,M10,8:34:09,4,-1,3,MX7769,1,2,273
T339/2,T408/1,8:34:09,4,-1,-1,AA7537,0,2,121
M94,M95/3,8:34:19,4,-1,-1,MX7866,0,2,223
M16/1,M109,8:34:29,4,-1,1,MY7560,0,2,70
M139/2,M184,8:34:49,4,-1,3,MY9491,0,2,81
M177,M198,8:35:30,4,-1,2,MY9362,0,2,151
T408/1,T343,8:35:50,4,-1,-1,AA7537,0,2,40
M184,M188,8:36:33,4,-1,1,MY9491,0,2,42
M198,M183/2,8:37:14,4,-1,2,MY9362,0,2,83
C654/3,C653/2,8:37:24,4,-1,1,MY9487,0,2,63
T406,T345/1,8:37:54,4,-1,-1,AA7450,0,2,326
M109,M112,8:38:14,4,-1,2,MY7560,0,2,164
T343,T316,8:38:14,4,-1,2,AA7537,0,2,91
M188,M203/2,8:38:25,4,-1,1,MY9491,0,2,81
M183/2,M140/1,8:38:55,4,-1,2,MY9362,0,2,10
M112,M127,8:39:15,4,-1,1,MY7560,0,2,50
M203/2,M277,8:39:46,4,-1,-1,MY9491,0,2,50
M140/1,M137/2,8:40:16,4,-1,1,MY9362,0,2,40
C653/2,C692,8:40:26,4,-1,1,MY9487,0,2,121
T316,T345/5,8:41:37,4,-1,1,AA7537,0,2,192
M10,M16/1,8:41:47,4,-1,1,MX7769,0,2,427
T345/1,T322,8:41:47,4,-1,-1,AA7450,0,2,202
M277,M182/1,8:41:57,4,-1,1,MY9491,0,2,121
M137/2,M132/1,8:41:57,4,-1,1,MY9362,0,2,60
C692,C689/1,8:42:58,4,-1,1,MY9487,0,2,80
M127,M125,8:43:08,4,-1,1,MY7560,0,2,131
T345/5,T344,8:43:28,4,-1,1,AA7537,0,2,60
M132/1,M200,8:43:28,4,-1,3,MY9362,0,2,20
T322,T342,8:44:09,4,-1,-1,AA7450,0,2,121
T344,T356/1,8:44:19,4,-1,1,AA7537,0,2,30
M16/1,M109,8:44:59,4,-1,2,MX7769,0,2,81
M200,M201,8:45:10,4,-1,-1,MY9362,0,2,40
T342,T409,8:45:32,4,-1,1,AA7450,0,2,32
M125,M139/2,8:45:52,4,-1,2,MY7560,1,2,103
M182/1,T431,8:46:13,4,-1,1,MY9491,0,2,225
C689/1,T355/2,8:46:23,4,-1,1,MY9487,0,2,154
T356/1,T358,8:46:33,4,-1,1,AA7537,0,2,113
T409,T368,8:47:13,4,-1,1,AA7450,0,2,80
M201,M121,8:47:23,4,-1,2,MY9362,0,2,123
T358,T373/2,8:47:35,4,-1,1,AA7537,0,2,31
T431,T335,8:47:45,4,-1,1,MY9491,0,2,71
M139/2,M184,8:48:05,4,-1,2,MY7560,0,2,61
T368,T324/2,8:48:15,4,-1,1,AA7450,0,2,30
M109,M112,8:48:25,4,-1,2,MX7769,0,2,153
M121,M119,8:48:25,4,-1,2,MY9362,0,2,50
T335,T338,8:48:35,4,-1,1,MY9491,0,2,10
T355/2,T360,8:49:06,4,-1,1,MY9487,0,2,122
T373/2,T375,8:49:36,4,-1,1,AA7537,0,2,30
M184,M188,8:49:56,4,-1,1,MY7560,0,2,20
T324/2,T327,8:49:56,4,-1,1,AA7450,0,2,60
T338,T326/3,8:50:17,4,-1,-1,MY9491,0,2,70
T375,T380,8:50:27,4,-1,1,AA7537,0,2,20
T360,T376/1,8:50:27,4,-1,1,MY9487,0,2,30
M112,M127,8:50:37,4,-1,2,MX7769,0,2,70
T326/3,T332/2,8:51:07,4,-1,2,MY9491,0,2,30
T380,T379,8:51:07,4,-1,1,AA7537,0,2,20
T327,T326/2,8:51:17,4,-1,1,AA7450,0,2,30
M119,M113,8:51:28,4,-1,-1,MY9362,0,2,141
M95/3,M22,8:51:48,4,-1,1,MX7866,0,2,151
M203/2,M277,8:52:28,4,-1,-1,MY7560,0,2,60
T379,T359,8:52:28,4,-1,1,AA7537,0,2,70
T332/2,T325/2,8:52:38,4,-1,1,MY9491,0,2,70
T326/2,T337,8:52:38,4,-1,1,AA7450,0,2,70
M127,M125,8:52:59,4,-1,1,MX7769,0,2,91
T376/1,T363/1,8:52:59,4,-1,1,MY9487,0,2,131
T325/2,T339/2,8:53:39,4,-1,1,MY9491,0,2,20
T337,T334,8:53:39,4,-1,1,AA7450,0,2,30
M113,M94,8:53:49,4,-1,-1,MY9362,0,2,101
T363/1,T374,8:54:20,4,-1,1,MY9487,0,2,40
M22,M10,8:54:53,4,-1,2,MX7866,0,2,114
M125,M136/2,8:54:53,4,-1,1,MX7769,0,2,43
M277,M182/1,8:54:53,4,-1,1,MY7560,0,2,134
T334,T430,8:55:13,4,-1,1,AA7450,0,2,53
T374,T406,8:55:24,4,-1,1,MY9487,0,2,30
M94,M95/3,8:55:24,4,-1,-1,MY9362,0,2,50
T339/2,T408/1,8:56:04,4,-1,-1,MY9491,0,2,91
M136/2,M139/2,8:56:55,4,-1,2,MX7769,0,2,91
M10,M16/1,8:57:05,4,-1,1,MX7866,0,2,101
T359,C688/1,8:57:25,4,-1,1,AA7537,1,2,287
M139/2,M184,8:58:07,4,-1,2,MX7769,0,2,30
C688/1,C691,8:58:47,4,-1,1,AA7537,0,2,20
M182/1,T431,8:58:57,4,-1,1,MY7560,0,2,203
M184,M188,8:59:17,4,-1,1,MX7769,0,2,40
T408/1,T343,9:00:28,4,-1,-1,MY9491,0,2,253
T431,T335,9:00:38,4,-1,1,MY7560,0,2,60
C691,C652,9:00:38,4,-1,1,AA7537,0,2,101
T430,M177,9:00:38,4,-1,1,AA7450,0,2,314
M16/1,M109,9:00:48,4,-1,2,MX7866,0,2,111
M188,M203/2,9:01:09,4,-1,1,MX7769,0,2,20
C652,C655,9:01:19,4,-1,1,AA7537,0,2,30
T406,T345/1,9:01:29,4,-1,-1,MY9487,0,2,354
T335,T338,9:01:49,4,-1,1,MY7560,0,2,20
M203/2,M277,9:02:20,4,-1,-1,MX7769,0,2,30
T343,T316,9:02:30,4,-1,2,MY9491,0,2,91
C655,C657,9:03:00,4,-1,1,AA7537,0,2,40
M177,M198,9:03:10,4,-1,2,AA7450,0,2,131
T338,T326/3,9:03:32,4,-1,-1,MY7560,0,2,62
C657,C686,9:03:43,4,-1,1,AA7537,0,2,22
T316,T345/5,9:04:13,4,-1,1,MY9491,0,2,93
M277,M182/1,9:04:43,4,-1,1,MX7769,0,2,133
T326/3,T332/2,9:04:43,4,-1,1,MY7560,0,2,40
T345/1,T322,9:04:43,4,-1,-1,MY9487,0,2,174
M198,M183/2,9:05:04,4,-1,2,AA7450,0,2,103
C686,C656,9:05:24,4,-1,1,AA7537,0,2,50
T345/5,T344,9:05:34,4,-1,1,MY9491,0,2,70
M109,M112,9:06:04,4,-1,2,MX7866,0,2,255
C656,C654/3,9:06:14,4,-1,1,AA7537,0,2,40
T332/2,T325/2,9:06:45,4,-1,1,MY7560,0,2,81
T322,T342,9:06:55,4,-1,-1,MY9487,0,2,121
M183/2,M140/1,9:06:55,4,-1,1,AA7450,0,2,10
M112,M127,9:07:15,4,-1,2,MX7866,0,2,60
T344,T358,9:07:35,4,-1,1,MY9491,1,2,101
T325/2,T339/2,9:07:46,4,-1,1,MY7560,0,2,20
T358,T373/2,9:08:26,4,-1,1,MY9491,0,2,30
M140/1,M137/2,9:08:26,4,-1,1,AA7450,0,2,40
T342,T409,9:08:36,4,-1,1,MY9487,0,2,60
M127,M125,9:09:17,4,-1,1,MX7866,0,2,91
T409,T368,9:09:47,4,-1,1,MY9487,0,2,60
T339/2,T408/1,9:09:57,4,-1,-1,MY7560,0,2,91
M182/1,T335,9:10:07,4,-1,1,MX7769,1,2,293
T373/2,T375,9:10:07,4,-1,1,MY9491,0,2,80
M137/2,M132/1,9:10:07,4,-1,1,AA7450,0,2,20
M125,M136/2,9:10:38,4,-1,2,MX7866,0,2,40
T368,T324/2,9:10:38,4,-1,1,MY9487,0,2,20
C654/3,C653/2,9:10:48,4,-1,1,AA7537,0,2,70
T335,T338,9:11:08,4,-1,1,MX7769,0,2,20
T375,T380,9:11:38,4,-1,1,MY9491,0,2,70
M132/1,M200,9:11:38,4,-1,3,AA7450,0,2,20
T380,T379,9:12:20,4,-1,1,MY9491,0,2,10
T408/1,T343,9:12:30,4,-1,-1,MY7560,0,2,132
T324/2,T327,9:12:30,4,-1,1,MY9487,0,2,61
C653/2,C692,9:12:50,4,-1,1,AA7537,0,2,81
M200,M201,9:13:00,4,-1,-1,AA7450,0,2,20
M136/2,M139/2,9:13:35,4,-1,2,MX7866,0,2,85
T379,T359,9:13:35,4,-1,1,MY9491,0,2,45
T338,T332/2,9:13:56,4,-1,1,MX7769,1,2,137
C692,C689/1,9:13:56,4,-1,1,AA7537,0,2,10
T359,T355/1,9:14:36,4,-1,1,MY9491,0,2,50
M201,M121,9:14:36,4,-1,2,AA7450,0,2,50
T343,T316,9:14:46,4,-1,1,MY7560,0,2,105
T327,T337,9:14:46,4,-1,1,MY9487,1,2,95
T332/2,T325/2,9:15:37,4,-1,1,MX7769,0,2,80
T337,T334,9:15:37,4,-1,1,MY9487,0,2,20
M95/3,M22,9:16:07,4,-1,2,MY9362,0,2,40
M121,M119,9:16:07,4,-1,2,AA7450,0,2,40
M139/2,M184,9:16:17,4,-1,2,MX7866,0,2,50
C689/1,T355/2,9:16:27,4,-1,1,AA7537,0,2,121
T325/2,T339/2,9:16:37,4,-1,1,MX7769,0,2,30
M184,M188,9:17:08,4,-1,1,MX7866,0,2,30
T316,T345/5,9:17:08,4,-1,1,MY7560,0,2,131
T334,T430,9:17:08,4,-1,1,MY9487,0,2,80
M119,M113,9:17:28,4,-1,-1,AA7450,0,2,50
M188,M203/2,9:17:58,4,-1,1,MX7866,0,2,10
T355/1,C688/1,9:17:58,4,-1,1,MY9491,0,2,192
T355/2,T360,9:18:39,4,-1,1,AA7537,0,2,101
M113,M94,9:18:49,4,-1,-1,AA7450,0,2,40
T339/2,T408/1,9:18:59,4,-1,-1,MX7769,0,2,111
T345/5,T344,9:19:09,4,-1,1,MY7560,0,2,91
C688/1,C691,9:19:40,4,-1,1,MY9491,0,2,60
T344,T356/1,9:19:50,4,-1,1,MY7560,0,2,30
M22,M10,9:20:00,4,-1,1,MY9362,0,2,172
M203/2,M277,9:20:00,4,-1,-1,MX7866,0,2,81
T360,T376/1,9:20:20,4,-1,1,AA7537,0,2,70
T408/1,T343,9:20:32,4,-1,-1,MX7769,0,2,62
M94,M95/3,9:20:32,4,-1,-1,AA7450,0,2,62
C691,C652,9:21:53,4,-1,1,MY9491,0,2,93
M277,M182/1,9:22:24,4,-1,1,MX7866,0,2,133
T430,M177,9:22:24,4,-1,1,MY9487,0,2,305
T343,T316,9:22:45,4,-1,1,MX7769,0,2,102
T356/1,T358,9:22:45,4,-1,1,MY7560,0,2,132
T376/1,T363/1,9:22:45,4,-1,1,AA7537,0,2,112
M10,M16/1,9:23:05,4,-1,2,MY9362,0,2,112
C652,C655,9:23:05,4,-1,1,MY9491,0,2,30
T358,T373/2,9:23:56,4,-1,1,MY7560,0,2,40
C655,C657,9:24:06,4,-1,1,MY9491,0,2,50
T363/1,T374,9:24:16,4,-1,1,AA7537,0,2,60
C657,C686,9:24:56,4,-1,1,MY9491,0,2,30
T374,T406,9:25:07,4,-1,1,AA7537,0,2,20
T316,T345/5,9:25:27,4,-1,1,MX7769,0,2,141
M177,M198,9:25:27,4,-1,2,MY9487,0,2,151
M182/1,T431,9:26:17,4,-1,1,MX7866,0,2,202
T373/2,T375,9:26:17,4,-1,1,MY7560,0,2,60
C686,C656,9:26:17,4,-1,1,MY9491,0,2,30
T345/5,T344,9:27:08,4,-1,1,MX7769,0,2,70
C656,C654/3,9:27:18,4,-1,1,MY9491,0,2,50
T344,T356/1,9:27:38,4,-1,1,MX7769,0,2,20
M198,M183/2,9:27:38,4,-1,2,MY9487,0,2,121
T375,T380,9:27:49,4,-1,1,MY7560,0,2,60
T431,T335,9:27:59,4,-1,1,MX7866,0,2,80
M16/1,M109,9:28:29,4,-1,2,MY9362,0,2,313
T380,T379,9:28:39,4,-1,1,MY7560,0,2,20
T335,T338,9:28:49,4,-1,1,MX7866,0,2,20
M183/2,M140/1,9:29:20,4,-1,1,MY9487,0,2,20
T356/1,T358,9:29:31,4,-1,1,MX7769,0,2,82
T379,T359,9:29:31,4,-1,1,MY7560,0,2,21
T358,T373/2,9:30:11,4,-1,1,MX7769,0,2,30
M140/1,M137/2,9:30:42,4,-1,1,MY9487,0,2,40
T359,T355/1,9:31:12,4,-1,1,MY7560,0,2,60
C654/3,C653/2,9:31:12,4,-1,1,MY9491,0,2,213
T406,T345/1,9:31:55,4,-1,-1,AA7537,0,2,397
M137/2,M132/1,9:32:05,4,-1,1,MY9487,0,2,42
C653/2,C692,9:32:45,4,-1,1,MY9491,0,2,70
T373/2,T380,9:32:55,4,-1,1,MX7769,1,2,92
M109,M112,9:33:16,4,-1,2,MY9362,0,2,204
T338,T339/2,9:33:56,4,-1,1,MX7866,3,2,296
T379,T359,9:34:06,4,-1,1,MX7769,0,2,20
T345/1,T322,9:34:06,4,-1,-1,AA7537,0,2,101
M132/1,M200,9:34:06,4,-1,3,MY9487,0,2,71
C692,C689/1,9:34:27,4,-1,1,MY9491,0,2,71
M112,M127,9:35:07,4,-1,2,MY9362,0,2,71
T355/1,C688/1,9:35:17,4,-1,1,MY7560,0,2,234
M200,M201,9:36:08,4,-1,-1,MY9487,0,2,20
M127,M125,9:36:58,4,-1,1,MY9362,0,2,70
T339/2,T408/1,9:37:09,4,-1,-1,MX7866,0,2,161
C688/1,C691,9:37:09,4,-1,1,MY7560,0,2,60
C689/1,T355/2,9:37:09,4,-1,1,MY9491,0,2,121
T322,T342,9:37:09,4,-1,-1,AA7537,0,2,151
M201,M121,9:37:49,4,-1,2,MY9487,0,2,81
T359,C688/1,9:38:40,4,-1,1,MX7769,1,2,263
T342,T409,9:38:40,4,-1,1,AA7537,0,2,50
T408/1,T343,9:38:50,4,-1,-1,MX7866,0,2,70
M121,M119,9:39:00,4,-1,2,MY9487,0,2,40
M125,M136/2,9:39:20,4,-1,2,MY9362,0,2,80
C691,C652,9:39:20,4,-1,1,MY7560,0,2,111
T355/2,T360,9:39:20,4,-1,1,MY9491,0,2,101
T409,T368,9:39:20,4,-1,1,AA7537,0,2,30
C688/1,C691,9:39:33,4,-1,1,MX7769,0,2,43
T360,T376/1,9:40:04,4,-1,1,MY9491,0,2,20
M136/2,M139/2,9:40:14,4,-1,2,MY9362,0,2,20
C652,C655,9:40:24,4,-1,1,MY7560,0,2,50
T368,T324/2,9:40:34,4,-1,1,AA7537,0,2,30
T343,T316,9:40:54,4,-1,2,MX7866,0,2,94
T376/1,T363/1,9:41:35,4,-1,1,MY9491,0,2,60
C655,C657,9:41:45,4,-1,1,MY7560,0,2,50
C691,C652,9:41:55,4,-1,1,MX7769,0,2,111
T324/2,T327,9:41:55,4,-1,1,AA7537,0,2,50
M119,M113,9:42:15,4,-1,-1,MY9487,0,2,141
M139/2,M184,9:42:25,4,-1,2,MY9362,0,2,50
C657,C686,9:42:25,4,-1,1,MY7560,0,2,30
T363/1,T374,9:42:25,4,-1,1,MY9491,0,2,30
M95/3,M22,9:42:46,4,-1,1,AA7450,0,2,151
C652,C655,9:42:46,4,-1,1,MX7769,0,2,20
T374,T406,9:43:06,4,-1,1,MY9491,0,2,30
T327,T326/2,9:43:06,4,-1,1,AA7537,0,2,30
M184,M188,9:43:16,4,-1,1,MY9362,0,2,10
T316,T345/5,9:43:36,4,-1,1,MX7866,0,2,141
C655,C657,9:43:46,4,-1,1,MX7769,0,2,50
M113,M94,9:44:07,4,-1,-1,MY9487,0,2,30
C657,C686,9:44:17,4,-1,1,MX7769,0,2,20
T326/2,T337,9:44:17,4,-1,1,AA7537,0,2,60
C686,C656,9:44:27,4,-1,1,MY7560,0,2,30
M188,M203/2,9:44:37,4,-1,1,MY9362,0,2,10
M22,M10,9:44:47,4,-1,1,AA7450,0,2,70
T345/5,T344,9:44:57,4,-1,1,MX7866,0,2,50
C686,C656,9:45:38,4,-1,1,MX7769,0,2,30
T337,T334,9:45:38,4,-1,1,AA7537,0,2,30
T344,T356/1,9:45:48,4,-1,1,MX7866,0,2,40
C656,C654/3,9:45:48,4,-1,1,MY7560,0,2,60
M203/2,M277,9:46:28,4,-1,-1,MY9362,0,2,70
C656,C654/3,9:46:38,4,-1,1,MX7769,0,2,50
M94,M95/3,9:47:09,4,-1,-1,MY9487,0,2,141
M10,M16/1,9:47:19,4,-1,2,AA7450,0,2,121
T356/1,T358,9:47:19,4,-1,1,MX7866,0,2,50
T334,T430,9:47:39,4,-1,1,AA7537,0,2,50
C654/3,C653/2,9:47:49,4,-1,1,MY7560,0,2,80
T358,T373/2,9:48:09,4,-1,1,MX7866,0,2,30
M277,M182/1,9:49:04,4,-1,1,MY9362,0,2,146
T373/2,T375,9:49:04,4,-1,1,MX7866,0,2,20
C653/2,C692,9:49:15,4,-1,1,MY7560,0,2,54
T406,T345/1,9:49:45,4,-1,-1,MY9491,0,2,378
C654/3,C653/2,9:50:05,4,-1,1,MX7769,0,2,60
M16/1,M109,9:50:15,4,-1,1,AA7450,0,2,80
T375,T380,9:50:15,4,-1,1,MX7866,0,2,50
T380,T379,9:50:56,4,-1,1,MX7866,0,2,20
C692,C689/1,9:51:06,4,-1,1,MY7560,0,2,50
T379,T359,9:51:57,4,-1,1,MX7866,0,2,40
T345/1,T322,9:52:07,4,-1,-1,MY9491,0,2,121
T430,M177,9:52:17,4,-1,1,AA7537,0,2,267
C653/2,C689/1,9:52:27,4,-1,1,MX7769,1,2,131
M182/1,T431,9:53:08,4,-1,1,MY9362,0,2,212
T359,T355/1,9:53:28,4,-1,1,MX7866,0,2,60
M109,M112,9:53:38,4,-1,1,AA7450,0,2,141
T431,T335,9:54:39,4,-1,1,MY9362,0,2,80
C689/1,T355/2,9:54:39,4,-1,1,MY7560,0,2,161
T322,T342,9:54:59,4,-1,-1,MY9491,0,2,151
M177,M198,9:55:19,4,-1,2,AA7537,0,2,141
C689/1,T355/2,9:55:29,4,-1,1,MX7769,0,2,151
M112,M127,9:55:50,4,-1,1,AA7450,0,2,70
T335,T338,9:56:00,4,-1,1,MY9362,0,2,20
T342,T409,9:56:31,4,-1,1,MY9491,0,2,61
M198,M183/2,9:57:22,4,-1,2,AA7537,0,2,112
T355/2,T360,9:57:32,4,-1,1,MY7560,0,2,132
T355/1,C688/1,9:57:42,4,-1,2,MX7866,0,2,243
T355/2,T360,9:57:42,4,-1,1,MX7769,0,2,112
T409,T368,9:57:52,4,-1,1,MY9491,0,2,50
M127,M125,9:58:12,4,-1,1,AA7450,0,2,70
T338,T326/3,9:58:34,4,-1,-1,MY9362,0,2,112
C688/1,C691,9:58:34,4,-1,1,MX7866,0,2,21
T368,T324/2,9:58:54,4,-1,1,MY9491,0,2,31
M183/2,M140/1,9:59:04,4,-1,1,AA7537,0,2,10
T360,T376/1,9:59:35,4,-1,1,MY7560,0,2,102
T360,T376/1,9:59:35,4,-1,1,MX7769,0,2,102
M125,M136/2,9:59:55,4,-1,1,AA7450,0,2,71
T326/3,T332/2,9:59:55,4,-1,1,MY9362,0,2,71
C691,C652,10:00:15,4,-1,1,MX7866,0,2,60
M140/1,M137/2,10:00:25,4,-1,1,AA7537,0,2,20
M136/2,M139/2,10:00:36,4,-1,3,AA7450,0,2,20
T324/2,T327,10:00:36,4,-1,1,MY9491,0,2,71
T332/2,T325/2,10:01:06,4,-1,1,MY9362,0,2,60
M95/3,M22,10:01:26,4,-1,1,MY9487,0,2,91
C652,C655,10:01:26,4,-1,1,MX7866,0,2,40
M137/2,M132/1,10:01:26,4,-1,1,AA7537,0,2,20
T327,T326/2,10:01:47,4,-1,1,MY9491,0,2,20
T376/1,T363/1,10:01:57,4,-1,1,MY7560,0,2,131
T325/2,T339/2,10:02:07,4,-1,1,MY9362,0,2,20
T376/1,T363/1,10:02:07,4,-1,1,MX7769,0,2,131
M132/1,M200,10:02:37,4,-1,3,AA7537,0,2,30
T363/1,T374,10:02:47,4,-1,1,MX7769,0,2,30
T363/1,T374,10:02:57,4,-1,1,MY7560,0,2,30
C655,C657,10:03:07,4,-1,1,MX7866,0,2,50
M139/2,M184,10:03:18,4,-1,2,AA7450,0,2,60
M200,M201,10:03:18,4,-1,-1,AA7537,0,2,10
T374,T406,10:03:28,4,-1,1,MX7769,0,2,30
T326/2,T337,10:03:28,4,-1,1,MY9491,0,2,70
T374,T406,10:03:38,4,-1,1,MY7560,0,2,30
M22,M10,10:03:48,4,-1,2,MY9487,0,2,91
M184,M188,10:03:48,4,-1,1,AA7450,0,2,20
C657,C686,10:03:48,4,-1,1,MX7866,0,2,30
T337,T334,10:04:08,4,-1,1,MY9491,0,2,30
T339/2,T408/1,10:04:29,4,-1,-1,MY9362,0,2,91
M201,M121,10:04:59,4,-1,2,AA7537,0,2,91
M188,M203/2,10:05:09,4,-1,1,AA7450,0,2,20
T334,T430,10:05:29,4,-1,1,MY9491,0,2,60
C686,C656,10:05:49,4,-1,1,MX7866,0,2,70
M121,M119,10:06:34,4,-1,2,AA7537,0,2,85
M203/2,M277,10:06:44,4,-1,-1,AA7450,0,2,54
C656,C654/3,10:06:54,4,-1,1,MX7866,0,2,44
T408/1,T343,10:07:04,4,-1,-1,MY9362,0,2,125
M10,M16/1,10:07:15,4,-1,2,MY9487,0,2,85
M119,M113,10:08:25,4,-1,-1,AA7537,0,2,80
M277,M182/1,10:09:06,4,-1,1,AA7450,0,2,131
T343,T316,10:09:16,4,-1,1,MY9362,0,2,101
T406,T345/1,10:09:16,4,-1,-1,MX7769,0,2,307
T406,T345/1,10:09:26,4,-1,-1,MY7560,0,2,317
M113,M94,10:10:07,4,-1,-1,AA7537,0,2,20
T430,M177,10:10:27,4,-1,1,MY9491,0,2,287
C654/3,C653/2,10:10:37,4,-1,1,MX7866,0,2,80
T345/1,T322,10:11:17,4,-1,-1,MX7769,0,2,91
T345/1,T322,10:11:28,4,-1,-1,MY7560,0,2,101
M94,M95/3,10:11:48,4,-1,-1,AA7537,0,2,50
T316,T345/5,10:11:58,4,-1,1,MY9362,0,2,151
C653/2,C692,10:12:28,4,-1,-1,MX7866,0,2,70
M177,M198,10:12:49,4,-1,2,MY9491,0,2,111
M182/1,T431,10:12:59,4,-1,1,AA7450,0,2,202
T322,T342,10:12:59,4,-1,-1,MX7769,0,2,91
T322,T342,10:13:09,4,-1,-1,MY7560,0,2,81
C692,C689/1,10:13:19,4,-1,1,MX7866,0,2,20
T431,T335,10:14:42,4,-1,1,AA7450,0,2,72
T342,T409,10:14:42,4,-1,1,MX7769,0,2,92
T342,T409,10:14:52,4,-1,1,MY7560,0,2,82
T345/5,T344,10:15:12,4,-1,1,MY9362,0,2,173
M198,M183/2,10:15:12,4,-1,2,MY9491,0,2,133
T335,T338,10:15:22,4,-1,1,AA7450,0,2,20
M183/2,M140/1,10:15:53,4,-1,1,MY9491,0,2,10
M16/1,M127,10:16:03,4,-1,1,MY9487,2,2,386
T344,T356/1,10:16:13,4,-1,1,MY9362,0,2,30
T409,T368,10:16:23,4,-1,1,MX7769,0,2,81
T409,T368,10:16:23,4,-1,1,MY7560,0,2,81
C689/1,T355/2,10:16:34,4,-1,1,MX7866,0,2,122
T338,T326/3,10:16:54,4,-1,-1,AA7450,0,2,71
T368,T324/2,10:17:14,4,-1,1,MY7560,0,2,30
M95/3,M22,10:17:24,4,-1,2,AC3371,0,2,122
T368,T324/2,10:17:24,4,-1,1,MX7769,0,2,30
M140/1,M137/2,10:17:24,4,-1,1,MY9491,0,2,40
M127,M125,10:17:35,4,-1,1,MY9487,0,2,50
T326/3,T332/2,10:17:45,4,-1,1,AA7450,0,2,30
M137/2,M132/1,10:18:25,4,-1,1,MY9491,0,2,30
T355/2,T360,10:18:56,4,-1,1,MX7866,0,2,101
M125,M136/2,10:19:16,4,-1,1,MY9487,0,2,30
T332/2,T325/2,10:19:16,4,-1,1,AA7450,0,2,71
T356/1,T358,10:19:16,4,-1,1,MY9362,0,2,121
T324/2,T327,10:19:16,4,-1,1,MY7560,0,2,50
T324/2,T327,10:19:26,4,-1,1,MX7769,0,2,60
T325/2,T339/2,10:19:57,4,-1,1,AA7450,0,2,20
T360,T376/1,10:20:07,4,-1,1,MX7866,0,2,50
T327,T326/2,10:20:07,4,-1,1,MY7560,0,2,30
M132/1,M200,10:20:07,4,-1,2,MY9491,0,2,40
T358,T373/2,10:20:17,4,-1,1,MY9362,0,2,30
T327,T326/2,10:20:17,4,-1,1,MX7769,0,2,30
M22,M10,10:20:27,4,-1,1,AC3371,0,2,101
M136/2,M139/2,10:20:57,4,-1,1,MY9487,0,2,20
T376/1,T363/1,10:20:57,4,-1,1,MX7866,0,2,40
T326/2,T337,10:21:17,4,-1,1,MX7769,0,2,50
M200,M201,10:21:17,4,-1,-1,MY9491,0,2,20
T373/2,T375,10:21:38,4,-1,1,MY9362,0,2,40
M10,M16/1,10:22:08,4,-1,2,AC3371,0,2,60
T339/2,T408/1,10:22:08,4,-1,-1,AA7450,0,2,80
T337,T334,10:22:08,4,-1,1,MX7769,0,2,30
T363/1,T374,10:22:18,4,-1,1,MX7866,0,2,60
M201,M121,10:22:28,4,-1,2,MY9491,0,2,40
T375,T380,10:23:09,4,-1,1,MY9362,0,2,60
M139/2,M184,10:23:29,4,-1,2,MY9487,0,2,40
M121,M119,10:23:49,4,-1,2,MY9491,0,2,40
T380,T379,10:23:59,4,-1,1,MY9362,0,2,10
T326/2,T337,10:23:59,4,-1,1,MY7560,0,2,60
T334,T430,10:24:20,4,-1,1,MX7769,0,2,91
T337,T334,10:24:33,4,-1,1,MY7560,0,2,13
M184,M188,10:25:04,4,-1,1,MY9487,0,2,20
T379,T359,10:25:04,4,-1,1,MY9362,0,2,30
T408/1,T343,10:25:24,4,-1,-1,AA7450,0,2,175
M119,M113,10:25:24,4,-1,-1,MY9491,0,2,64
T334,T430,10:25:44,4,-1,1,MY7560,0,2,50
M16/1,M109,10:25:54,4,-1,1,AC3371,0,2,104
M113,M94,10:26:35,4,-1,-1,MY9491,0,2,30
M188,M203/2,10:26:45,4,-1,1,MY9487,0,2,80
T359,T355/1,10:27:06,4,-1,1,MY9362,0,2,81
M94,M95/3,10:27:26,4,-1,-1,MY9491,0,2,30
T343,T316,10:27:37,4,-1,1,AA7450,0,2,102
T430,M177,10:28:58,4,-1,1,MX7769,0,2,264
M109,M112,10:29:28,4,-1,2,AC3371,0,2,162
T316,T345/5,10:29:48,4,-1,1,AA7450,0,2,121
T374,T345/1,10:29:58,4,-1,-1,MX7866,1,2,449
T430,M177,10:30:29,4,-1,1,MY7560,0,2,274
M203/2,M182/1,10:30:39,4,-1,1,MY9487,1,2,182
T355/1,C688/1,10:30:59,4,-1,1,MY9362,0,2,222
M95/3,M22,10:31:09,4,-1,1,AC3709,0,2,60
M177,M198,10:31:39,4,-1,2,MX7769,0,2,131
C688/1,C691,10:32:00,4,-1,1,MY9362,0,2,20
T345/5,T344,10:32:10,4,-1,1,AA7450,0,2,101
M112,M127,10:32:20,4,-1,1,AC3371,0,2,80
T344,T356/1,10:33:10,4,-1,1,AA7450,0,2,40
T345/1,T322,10:33:10,4,-1,-1,MX7866,0,2,161
M22,M10,10:33:34,4,-1,2,AC3709,0,2,94
M177,M198,10:33:34,4,-1,2,MY7560,0,2,155
M198,M183/2,10:33:34,4,-1,2,MX7769,0,2,94
M183/2,M140/1,10:34:35,4,-1,1,MX7769,0,2,10
M182/1,T431,10:34:45,4,-1,1,MY9487,0,2,216
M127,M125,10:34:55,4,-1,1,AC3371,0,2,60
C691,C652,10:35:15,4,-1,1,MY9362,0,2,155
T356/1,T358,10:35:26,4,-1,1,AA7450,0,2,111
M10,M16/1,10:35:36,4,-1,2,AC3709,0,2,60
M198,M183/2,10:35:36,4,-1,2,MY7560,0,2,111
M140/1,M137/2,10:35:36,4,-1,1,MX7769,0,2,40
T322,T342,10:35:56,4,-1,-1,MX7866,0,2,155
T431,T335,10:36:06,4,-1,1,MY9487,0,2,70
M183/2,M140/1,10:36:16,4,-1,1,MY7560,0,2,10
C652,C655,10:36:26,4,-1,1,MY9362,0,2,30
T358,T373/2,10:36:36,4,-1,1,AA7450,0,2,40
T335,T338,10:36:57,4,-1,1,MY9487,0,2,10
M125,M136/2,10:37:07,4,-1,1,AC3371,0,2,70
M137/2,M132/1,10:37:07,4,-1,1,MX7769,0,2,30
T342,T409,10:37:17,4,-1,1,MX7866,0,2,40
M16/1,M109,10:37:37,4,-1,1,AC3709,0,2,60
M136/2,M139/2,10:37:47,4,-1,2,AC3371,0,2,10
C655,C657,10:37:47,4,-1,1,MY9362,0,2,40
T373/2,T375,10:38:18,4,-1,1,AA7450,0,2,40
C657,C686,10:38:28,4,-1,1,MY9362,0,2,30
T338,T326/3,10:38:38,4,-1,-1,MY9487,0,2,70
T409,T368,10:38:38,4,-1,1,MX7866,0,2,60
M140/1,M137/2,10:38:48,4,-1,1,MY7560,0,2,81
M139/2,M184,10:39:39,4,-1,2,AC3371,0,2,40
T326/3,T332/2,10:39:39,4,-1,1,MY9487,0,2,50
T368,T324/2,10:39:39,4,-1,1,MX7866,0,2,40
M137/2,M132/1,10:39:59,4,-1,1,MY7560,0,2,30
T375,T380,10:40:09,4,-1,-1,AA7450,0,2,70
M132/1,M200,10:40:09,4,-1,-1,MX7769,0,2,91
M109,M112,10:40:40,4,-1,-1,AC3709,0,2,141
C686,C656,10:40:40,4,-1,-1,MY9362,0,2,81
T332/2,T325/2,10:41:00,4,-1,-1,MY9487,0,2,50
T380,T359,10:41:00,4,-1,-1,AA7450,1,2,40
T324/2,T327,10:41:00,4,-1,-1,MX7866,0,2,60
M184,M188,10:41:10,4,-1,-1,AC3371,0,2,10
M200,M201,10:41:40,4,-1,-1,MX7769,0,2,20
T325/2,T339/2,10:41:50,4,-1,-1,MY9487,0,2,20
C656,C654/3,10:41:50,4,-1,-1,MY9362,0,2,60
T359,T355/1,10:42:11,4,-1,-1,AA7450,0,2,60
M132/1,M200,10:42:43,4,-1,-1,MY7560,0,2,113
M188,M203/2,10:42:54,4,-1,-1,AC3371,0,2,20
M201,M121,10:42:54,4,-1,-1,MX7769,0,2,42
M112,M127,10:43:04,4,-1,-1,AC3709,0,2,30
T339/2,T408/1,10:43:54,4,-1,-1,MY9487,0,2,81
M200,M201,10:43:54,4,-1,-1,MY7560,0,2,20
T327,T337,10:44:04,4,-1,-1,MX7866,1,2,123
M127,M125,10:44:15,4,-1,-1,AC3709,0,2,30
M121,M119,10:44:25,4,-1,-1,MX7769,0,2,50
T337,T334,10:45:26,4,-1,1,MX7866,0,2,30
M201,M121,10:45:36,4,-1,2,MY7560,0,2,40
M125,M136/2,10:45:46,4,-1,1,AC3709,0,2,30
M203/2,M182/1,10:45:56,4,-1,1,AC3371,1,2,162
T355/1,C688/1,10:45:56,4,-1,-1,AA7450,0,2,215
C654/3,C653/2,10:45:56,4,-1,1,MY9362,0,2,81
M136/2,M139/2,10:46:26,4,-1,2,AC3709,0,2,20
T408/1,T343,10:46:47,4,-1,-1,MY9487,0,2,141
T334,T430,10:46:47,4,-1,1,MX7866,0,2,50
M119,M113,10:46:57,4,-1,-1,MX7769,0,2,101
C688/1,C691,10:47:07,4,-1,1,AA7450,0,2,30
C653/2,C692,10:47:07,4,-1,-1,MY9362,0,2,60
M95/3,M22,10:47:17,4,-1,1,AC3674,0,2,30
M121,M119,10:47:17,4,-1,2,MY7560,0,2,50
M139/2,M184,10:48:18,4,-1,2,AC3709,0,2,40
C692,C689/1,10:48:18,4,-1,1,MY9362,0,2,40
C691,C652,10:48:48,4,-1,1,AA7450,0,2,70
M184,M188,10:49:08,4,-1,1,AC3709,0,2,10
M113,M94,10:49:08,4,-1,-1,MX7769,0,2,101
T343,T316,10:49:19,4,-1,1,MY9487,0,2,111
M22,M10,10:49:59,4,-1,2,AC3674,0,2,101
M119,M113,10:49:59,4,-1,-1,MY7560,0,2,131
C652,C655,10:50:09,4,-1,1,AA7450,0,2,30
M188,M203/2,10:50:19,4,-1,1,AC3709,0,2,60
C689/1,T355/2,10:50:40,4,-1,1,MY9362,0,2,111
M182/1,T335,10:50:50,4,-1,1,AC3371,1,2,263
C655,C657,10:51:32,4,-1,1,AA7450,0,2,52
T430,M177,10:51:32,4,-1,1,MX7866,0,2,275
M94,M95/3,10:51:42,4,-1,-1,MX7769,0,2,113
C657,C686,10:52:03,4,-1,1,AA7450,0,2,20
M10,M16/1,10:52:13,4,-1,3,AC3674,0,2,72
M113,M94,10:52:23,4,-1,-1,MY7560,0,2,103
T316,T345/5,10:52:34,4,-1,1,MY9487,0,2,165
T355/2,T360,10:53:05,4,-1,1,MY9362,0,2,134
M203/2,M182/1,10:53:35,4,-1,1,AC3709,1,2,175
T338,T326/3,10:53:35,4,-1,-1,AC3371,0,2,72
C686,C656,10:53:45,4,-1,1,AA7450,0,2,60
T345/5,T344,10:54:05,4,-1,1,MY9487,0,2,80
M177,M198,10:54:05,4,-1,2,MX7866,0,2,122
M16/1,M109,10:54:15,4,-1,2,AC3674,0,2,10
T360,T376/1,10:54:26,4,-1,1,MY9362,0,2,50
T344,T356/1,10:54:46,4,-1,1,MY9487,0,2,30
M94,M95/3,10:54:46,4,-1,-1,MY7560,0,2,111
C656,C654/3,10:55:06,4,-1,1,AA7450,0,2,50
T326/3,T325/2,10:55:57,4,-1,1,AC3371,1,2,131
T376/1,T363/1,10:56:27,4,-1,1,MY9362,0,2,70
M198,M183/2,10:56:27,4,-1,3,MX7866,0,2,131
T325/2,T339/2,10:56:47,4,-1,1,AC3371,0,2,20
M109,M112,10:56:58,4,-1,2,AC3674,0,2,141
M182/1,T431,10:56:58,4,-1,1,AC3709,0,2,192
T356/1,T358,10:57:08,4,-1,1,MY9487,0,2,101
M183/2,M140/1,10:57:28,4,-1,1,MX7866,0,2,10
T358,T373/2,10:57:48,4,-1,1,MY9487,0,2,30
T363/1,T374,10:57:48,4,-1,1,MY9362,0,2,30
T431,T335,10:58:08,4,-1,1,AC3709,0,2,60
M112,M127,10:58:29,4,-1,1,AC3674,0,2,40
T339/2,T408/1,10:58:39,4,-1,-1,AC3371,0,2,80
T335,T338,10:58:49,4,-1,1,AC3709,0,2,10
T373/2,T375,10:58:49,4,-1,1,MY9487,0,2,30
C654/3,C653/2,10:58:49,4,-1,1,AA7450,0,2,80
T374,T406,10:58:59,4,-1,2,MY9362,0,2,30
M140/1,M137/2,10:59:50,4,-1,1,MX7866,0,2,50
T338,T326/3,11:00:40,4,-1,-1,AC3709,0,2,50
C653/2,C692,11:00:40,4,-1,1,AA7450,0,2,91
M127,M125,11:00:51,4,-1,1,AC3674,0,2,20
T408/1,T343,11:00:51,4,-1,-1,AC3371,0,2,121
T375,T379,11:01:01,4,-1,1,MY9487,1,2,91
T326/3,T332/2,11:01:34,4,-1,1,AC3709,0,2,43
T379,T359,11:01:34,4,-1,1,MY9487,0,2,23
T343,T316,11:02:45,4,-1,1,AC3371,0,2,84
M137/2,M132/1,11:02:45,4,-1,1,MX7866,0,2,84
T359,T355/1,11:03:06,4,-1,1,MY9487,0,2,70
T332/2,T325/2,11:03:36,4,-1,1,AC3709,0,2,70
M132/1,M200,11:04:27,4,-1,3,MX7866,0,2,50
M125,M136/2,11:04:37,4,-1,1,AC3674,0,2,91
T325/2,T339/2,11:04:37,4,-1,1,AC3709,0,2,20
T406,T345/1,11:04:47,4,-1,-1,MY9362,0,2,337
T316,T345/5,11:04:57,4,-1,1,AC3371,0,2,91
C689/1,T355/2,11:05:17,4,-1,1,AA7450,0,2,172
M200,M201,11:05:27,4,-1,-1,MX7866,0,2,10
M136/2,M139/2,11:06:38,4,-1,2,AC3674,0,2,70
T339/2,T408/1,11:06:48,4,-1,-1,AC3709,0,2,80
T345/5,T344,11:06:48,4,-1,1,AC3371,0,2,30
M201,M121,11:07:08,4,-1,2,MX7866,0,2,80
T344,T356/1,11:07:39,4,-1,1,AC3371,0,2,30
T355/1,C688/1,11:07:39,4,-1,-1,MY9487,0,2,242
M139/2,M184,11:08:09,4,-1,2,AC3674,0,2,30
T355/2,T360,11:08:09,4,-1,1,AA7450,0,2,131
M121,M119,11:08:19,4,-1,2,MX7866,0,2,40
T408/1,T343,11:08:50,4,-1,-1,AC3709,0,2,91
T345/1,T322,11:08:50,4,-1,-1,MY9362,0,2,222
C688/1,C691,11:09:20,4,-1,1,MY9487,0,2,40
M184,M188,11:09:32,4,-1,1,AC3674,0,2,12
T360,T376/1,11:09:42,4,-1,1,AA7450,0,2,82
M22,M10,11:10:34,4,-1,1,AA7537,0,2,114
T356/1,T358,11:10:44,4,-1,1,AC3371,0,2,155
C691,C652,11:10:54,4,-1,1,MY9487,0,2,62
M119,M113,11:10:54,4,-1,-1,MX7866,0,2,114
T343,T316,11:11:05,4,-1,2,AC3709,0,2,92
T322,T342,11:11:15,4,-1,-1,MY9362,0,2,124
M188,M203/2,11:11:25,4,-1,1,AC3674,0,2,20
T358,T373/2,11:11:25,4,-1,1,AC3371,0,2,30
T376/1,T363/1,11:11:25,4,-1,1,AA7450,0,2,92
C652,C655,11:11:55,4,-1,1,MY9487,0,2,30
T373/2,T375,11:12:36,4,-1,1,AC3371,0,2,40
T363/1,T374,11:12:36,4,-1,1,AA7450,0,2,40
T342,T409,11:12:46,4,-1,1,MY9362,0,2,50
T316,T345/5,11:13:07,4,-1,-1,AC3709,0,2,111
M203/2,M277,11:13:17,4,-1,-1,AC3674,0,2,61
C655,C657,11:13:17,4,-1,1,MY9487,0,2,51
T374,T406,11:13:17,4,-1,2,AA7450,0,2,30
M113,M94,11:13:37,4,-1,-1,MX7866,0,2,121
T375,T380,11:13:47,4,-1,1,AC3371,0,2,51
M95/3,M22,11:14:07,4,-1,1,MY7560,0,2,81
T409,T368,11:14:17,4,-1,1,MY9362,0,2,60
M10,M16/1,11:14:28,4,-1,2,AA7537,0,2,80
T345/5,T344,11:14:28,4,-1,1,AC3709,0,2,60
C657,C686,11:14:28,4,-1,1,MY9487,0,2,50
M94,M95/3,11:14:28,4,-1,-1,MX7866,0,2,40
T380,T379,11:14:38,4,-1,1,AC3371,0,2,20
T344,T356/1,11:15:08,4,-1,1,AC3709,0,2,20
T368,T324/2,11:15:18,4,-1,1,MY9362,0,2,40
M277,M182/1,11:15:38,4,-1,1,AC3674,0,2,131
C686,C656,11:16:09,4,-1,1,MY9487,0,2,50
M22,M10,11:16:49,4,-1,1,MY7560,0,2,80
T356/1,T358,11:16:59,4,-1,1,AC3709,0,2,60
T324/2,T327,11:16:59,4,-1,1,MY9362,0,2,70
C656,C654/3,11:17:10,4,-1,1,MY9487,0,2,50
M16/1,M109,11:17:20,4,-1,1,AA7537,0,2,60
T379,T355/1,11:17:20,4,-1,1,AC3371,1,2,131
T358,T373/2,11:17:52,4,-1,1,AC3709,0,2,20
T327,T326/2,11:18:02,4,-1,1,MY9362,0,2,30
T373/2,T375,11:18:53,4,-1,1,AC3709,0,2,31
T326/2,T337,11:18:53,4,-1,1,MY9362,0,2,41
T406,T345/1,11:19:03,4,-1,-1,AA7450,0,2,336
M10,M16/1,11:19:24,4,-1,2,MY7560,0,2,81
T337,T334,11:19:34,4,-1,1,MY9362,0,2,20
T375,T380,11:19:44,4,-1,1,AC3709,0,2,20
M182/1,T431,11:19:54,4,-1,1,AC3674,0,2,205
T380,T379,11:20:04,4,-1,1,AC3709,0,2,10
T379,T359,11:20:45,4,-1,1,AC3709,0,2,20
T355/1,C688/1,11:21:05,4,-1,1,AC3371,0,2,203
C654/3,C653/2,11:21:05,4,-1,1,MY9487,0,2,80
T334,T430,11:21:05,4,-1,1,MY9362,0,2,80
M16/1,M109,11:21:25,4,-1,1,MY7560,0,2,20
T345/1,T322,11:21:25,4,-1,-1,AA7450,0,2,121
T431,T335,11:21:45,4,-1,1,AC3674,0,2,80
M109,M112,11:22:06,4,-1,2,AA7537,0,2,212
T359,T355/1,11:22:06,4,-1,1,AC3709,0,2,60
T335,T338,11:22:26,4,-1,1,AC3674,0,2,10
C688/1,C691,11:22:56,4,-1,1,AC3371,0,2,70
C653/2,C692,11:23:06,4,-1,1,MY9487,0,2,111
M112,M127,11:23:57,4,-1,1,AA7537,0,2,40
T338,T326/3,11:23:57,4,-1,-1,AC3674,0,2,60
T322,T342,11:24:07,4,-1,-1,AA7450,0,2,121
C691,C652,11:24:17,4,-1,1,AC3371,0,2,70
M127,M125,11:24:58,4,-1,1,AA7537,0,2,30
T326/3,T332/2,11:24:58,4,-1,1,AC3674,0,2,40
C692,C689/1,11:25:08,4,-1,1,MY9487,0,2,60
T355/1,C688/1,11:25:28,4,-1,1,AC3709,0,2,192
C652,C655,11:25:28,4,-1,1,AC3371,0,2,30
T342,T409,11:25:39,4,-1,1,AA7450,0,2,50
T430,M177,11:26:09,4,-1,1,MY9362,0,2,293
C688/1,C691,11:26:29,4,-1,1,AC3709,0,2,40
T332/2,T325/2,11:26:39,4,-1,1,AC3674,0,2,70
C655,C657,11:26:39,4,-1,1,AC3371,0,2,50
M95/3,M22,11:27:10,4,-1,1,MY9491,0,2,40
T325/2,T339/2,11:27:30,4,-1,1,AC3674,0,2,20
C657,C686,11:27:30,4,-1,1,AC3371,0,2,30
T409,T368,11:27:30,4,-1,1,AA7450,0,2,70
M109,M112,11:27:40,4,-1,2,MY7560,0,2,283
C691,C652,11:28:34,4,-1,1,AC3709,0,2,104
C689/1,T355/2,11:28:34,4,-1,1,MY9487,0,2,155
T368,T324/2,11:28:34,4,-1,1,AA7450,0,2,43
M22,M10,11:29:15,4,-1,1,MY9491,0,2,94
M125,M139/2,11:29:15,4,-1,2,AA7537,1,2,195
T339/2,T408/1,11:29:15,4,-1,-1,AC3674,0,2,74
M112,M127,11:29:35,4,-1,1,MY7560,0,2,40
C652,C655,11:29:45,4,-1,1,AC3709,0,2,30
C686,C656,11:29:45,4,-1,2,AC3371,0,2,60
M177,M198,11:29:45,4,-1,2,MY9362,0,2,175
M139/2,M184,11:30:25,4,-1,2,AA7537,0,2,30
T324/2,T327,11:30:25,4,-1,1,AA7450,0,2,80
M127,M125,11:30:46,4,-1,1,MY7560,0,2,40
C656,C654/3,11:30:46,4,-1,1,AC3371,0,2,50
T408/1,T343,11:31:06,4,-1,-1,AC3674,0,2,60
C655,C657,11:31:16,4,-1,1,AC3709,0,2,60
T355/2,T360,11:31:16,4,-1,1,MY9487,0,2,111
T327,T326/2,11:31:16,4,-1,1,AA7450,0,2,30
M184,M188,11:31:26,4,-1,1,AA7537,0,2,10
M10,M16/1,11:31:46,4,-1,2,MY9491,0,2,91
C657,C686,11:31:46,4,-1,1,AC3709,0,2,20
M198,M183/2,11:31:46,4,-1,2,MY9362,0,2,91
M125,M136/2,11:32:27,4,-1,1,MY7560,0,2,50
T326/2,T337,11:32:27,4,-1,1,AA7450,0,2,60
M188,M203/2,11:32:47,4,-1,1,AA7537,0,2,10
T337,T334,11:33:08,4,-1,1,AA7450,0,2,20
C686,C656,11:33:18,4,-1,1,AC3709,0,2,50
T343,T316,11:33:28,4,-1,1,AC3674,0,2,91
M183/2,M140/1,11:33:28,4,-1,1,MY9362,0,2,10
M16/1,M109,11:33:48,4,-1,1,MY9491,0,2,70
M136/2,M139/2,11:34:18,4,-1,2,MY7560,0,2,80
C656,C654/3,11:34:18,4,-1,1,AC3709,0,2,50
M203/2,M277,11:34:29,4,-1,-1,AA7537,0,2,60
C654/3,C653/2,11:35:09,4,-1,1,AC3371,0,2,101
T316,T345/5,11:35:19,4,-1,1,AC3674,0,2,101
M139/2,M184,11:35:50,4,-1,2,MY7560,0,2,40
M140/1,M137/2,11:36:00,4,-1,1,MY9362,0,2,101
C653/2,C692,11:36:44,4,-1,-1,AC3371,0,2,84
T360,T376/1,11:36:44,4,-1,1,MY9487,0,2,125
M184,M188,11:37:04,4,-1,1,MY7560,0,2,30
M277,M182/1,11:37:04,4,-1,1,AA7537,0,2,145
M137/2,M132/1,11:37:24,4,-1,1,MY9362,0,2,64
M109,M112,11:37:44,4,-1,1,MY9491,0,2,155
M188,M203/2,11:38:35,4,-1,1,MY7560,0,2,70
C654/3,C653/2,11:38:55,4,-1,1,AC3709,0,2,80
T376/1,T363/1,11:39:05,4,-1,1,MY9487,0,2,131
M132/1,M200,11:39:26,4,-1,3,MY9362,0,2,20
M112,M127,11:39:46,4,-1,1,MY9491,0,2,91
T334,M177,11:39:46,4,-1,1,AA7450,1,2,367
C653/2,C692,11:40:16,4,-1,-1,AC3709,0,2,70
T363/1,T374,11:40:26,4,-1,1,MY9487,0,2,60
M203/2,M277,11:40:47,4,-1,-1,MY7560,0,2,101
M182/1,T431,11:40:57,4,-1,1,AA7537,0,2,202
M200,M201,11:40:57,4,-1,-1,MY9362,0,2,30
M127,M125,11:41:07,4,-1,1,MY9491,0,2,30
C689/1,T355/2,11:41:37,4,-1,1,AC3371,0,2,232
T374,T406,11:41:37,4,-1,2,MY9487,0,2,40
T345/5,T344,11:42:08,4,-1,1,AC3674,0,2,60
C692,C689/1,11:42:08,4,-1,1,AC3709,0,2,50
M201,M121,11:42:28,4,-1,2,MY9362,0,2,80
T431,T335,11:42:48,4,-1,1,AA7537,0,2,70
M125,M136/2,11:42:58,4,-1,1,MY9491,0,2,20
M177,M198,11:42:58,4,-1,2,AA7450,0,2,161
T344,T356/1,11:43:18,4,-1,1,AC3674,0,2,40
M136/2,M139/2,11:43:39,4,-1,2,MY9491,0,2,30
M277,M182/1,11:43:39,4,-1,1,MY7560,0,2,162
T355/2,T360,11:43:39,4,-1,1,AC3371,0,2,101
T360,T376/1,11:44:50,4,-1,1,AC3371,0,2,30
C689/1,T355/2,11:45:10,4,-1,1,AC3709,0,2,131
M198,M183/2,11:45:10,4,-1,2,AA7450,0,2,121
M139/2,M184,11:45:20,4,-1,2,MY9491,0,2,70
T356/1,T358,11:45:20,4,-1,1,AC3674,0,2,101
T335,T332/2,11:45:55,4,-1,1,AA7537,2,2,156
T358,T373/2,11:46:15,4,-1,1,AC3674,0,2,30
M183/2,M140/1,11:46:15,4,-1,2,AA7450,0,2,30
M121,M113,11:46:35,4,-1,-1,MY9362,1,2,186
M184,M188,11:46:55,4,-1,1,MY9491,0,2,40
T355/2,T360,11:47:05,4,-1,1,AC3709,0,2,91
T376/1,T363/1,11:47:05,4,-1,1,AC3371,0,2,70
M182/1,T431,11:47:16,4,-1,1,MY7560,0,2,196
T332/2,T325/2,11:47:36,4,-1,1,AA7537,0,2,70
M113,M94,11:47:36,4,-1,-1,MY9362,0,2,30
T325/2,T339/2,11:48:06,4,-1,1,AA7537,0,2,20
T406,T345/1,11:48:06,4,-1,-1,MY9487,0,2,318
M140/1,M137/2,11:48:16,4,-1,1,AA7450,0,2,60
M188,M203/2,11:48:26,4,-1,1,MY9491,0,2,80
T373/2,T375,11:48:37,4,-1,1,AC3674,0,2,50
T360,T376/1,11:48:47,4,-1,1,AC3709,0,2,91
T363/1,T374,11:48:47,4,-1,1,AC3371,0,2,30
M95/3,M22,11:48:58,4,-1,1,MX7769,0,2,81
T431,T335,11:48:58,4,-1,1,MY7560,0,2,71
T335,T338,11:49:29,4,-1,1,MY7560,0,2,10
M94,M95/3,11:49:29,4,-1,-1,MY9362,0,2,72
M203/2,M277,11:49:39,4,-1,-1,MY9491,0,2,52
T339/2,T408/1,11:49:39,4,-1,-1,AA7537,0,2,62
T375,T380,11:49:39,4,-1,1,AC3674,0,2,21
T374,T406,11:49:50,4,-1,1,AC3371,0,2,31
M137/2,M132/1,11:50:11,4,-1,1,AA7450,0,2,73
T376/1,T363/1,11:50:34,4,-1,1,AC3709,0,2,96
T338,T326/3,11:50:55,4,-1,-1,MY7560,0,2,53
T380,T379,11:51:05,4,-1,1,AC3674,0,2,10
M277,M182/1,11:51:58,4,-1,1,MY9491,0,2,127
T379,T359,11:51:58,4,-1,1,AC3674,0,2,20
T363/1,T374,11:51:58,4,-1,1,AC3709,0,2,62
M22,M10,11:52:08,4,-1,2,MX7769,0,2,159
T408/1,T343,11:52:08,4,-1,-1,AA7537,0,2,83
M132/1,M200,11:52:08,4,-1,3,AA7450,0,2,42
T374,T406,11:52:50,4,-1,2,AC3709,0,2,31
T359,T355/1,11:53:11,4,-1,1,AC3674,0,2,62
T326/3,T325/2,11:53:33,4,-1,1,MY7560,1,2,127
M200,M201,11:53:44,4,-1,-1,AA7450,0,2,22
M10,M16/1,11:53:54,4,-1,2,MX7769,0,2,75
T343,T316,11:54:05,4,-1,1,AA7537,0,2,85
T325/2,T339/2,11:54:26,4,-1,1,MY7560,0,2,10
T345/1,T342,11:54:26,4,-1,-1,MY9487,1,2,328
T406,T345/1,11:55:19,4,-1,-1,AC3371,0,2,307
T342,T409,11:55:19,4,-1,1,MY9487,0,2,41
M182/1,T431,11:55:50,4,-1,1,MY9491,0,2,201
M201,M121,11:55:50,4,-1,2,AA7450,0,2,73
T339/2,T408/1,11:56:11,4,-1,-1,MY7560,0,2,62
T316,T345/5,11:56:31,4,-1,1,AA7537,0,2,135
T406,T345/1,11:56:42,4,-1,-1,AC3709,0,2,221
T409,T368,11:56:53,4,-1,1,MY9487,0,2,83
T431,T335,11:57:24,4,-1,1,MY9491,0,2,83
T355/1,C688/1,11:57:35,4,-1,1,AC3674,0,2,220
T345/5,T344,11:57:45,4,-1,1,AA7537,0,2,52
T335,T338,11:58:06,4,-1,1,MY9491,0,2,10
T344,T356/1,11:58:17,4,-1,1,AA7537,0,2,20
T345/1,T322,11:58:17,4,-1,-1,AC3371,0,2,125
T368,T324/2,11:58:17,4,-1,1,MY9487,0,2,31
T408/1,T343,11:58:48,4,-1,-1,MY7560,0,2,136
M16/1,M109,11:59:20,4,-1,1,MX7769,0,2,209
T345/1,T322,11:59:20,4,-1,-1,AC3709,0,2,125
C688/1,C691,11:59:32,4,-1,1,AC3674,0,2,43
T338,T326/3,11:59:42,4,-1,-1,MY9491,0,2,64
M121,M113,11:59:42,4,-1,-1,AA7450,1,2,180
T356/1,T358,11:59:53,4,-1,1,AA7537,0,2,53
T324/2,T327,12:00:03,4,-1,1,MY9487,0,2,74
T343,T316,12:00:34,4,-1,1,MY7560,0,2,85
T326/3,T332/2,12:00:45,4,-1,1,MY9491,0,2,52
T322,T342,12:00:45,4,-1,-1,AC3371,0,2,137
T358,T373/2,12:00:55,4,-1,1,AA7537,0,2,31
T327,T326/2,12:00:55,4,-1,1,MY9487,0,2,31
T332/2,T325/2,12:01:48,4,-1,1,MY9491,0,2,52
C691,C652,12:01:48,4,-1,1,AC3674,0,2,83
T322,T342,12:01:48,4,-1,-1,AC3709,0,2,136
T326/2,T337,12:02:09,4,-1,1,MY9487,0,2,63
T316,T345/5,12:02:31,4,-1,1,MY7560,0,2,95
M113,M94,12:02:31,4,-1,-1,AA7450,0,2,147
T325/2,T339/2,12:02:41,4,-1,1,MY9491,0,2,21
C652,C655,12:03:02,4,-1,1,AC3674,0,2,20
T342,T409,12:03:02,4,-1,1,AC3371,0,2,53
T342,T409,12:03:13,4,-1,1,AC3709,0,2,42
T337,T334,12:03:13,4,-1,1,MY9487,0,2,20
T373/2,T375,12:03:44,4,-1,1,AA7537,0,2,41
M109,M112,12:04:10,4,-1,2,MX7769,0,2,215
T375,T380,12:04:21,4,-1,1,AA7537,0,2,10
C655,C657,12:04:21,4,-1,1,AC3674,0,2,47
M94,M95/3,12:04:21,4,-1,-1,AA7450,0,2,78
T339/2,T408/1,12:04:31,4,-1,-1,MY9491,0,2,78
T380,T379,12:04:42,4,-1,1,AA7537,0,2,10
T409,T368,12:04:42,4,-1,1,AC3709,0,2,78
T334,T430,12:04:42,4,-1,1,MY9487,0,2,57
T345/5,T344,12:04:52,4,-1,1,MY7560,0,2,120
T409,T368,12:05:03,4,-1,1,AC3371,0,2,89
C657,C686,12:05:13,4,-1,1,AC3674,0,2,31
T344,T356/1,12:05:34,4,-1,1,MY7560,0,2,31
T368,T324/2,12:05:34,4,-1,1,AC3709,0,2,31
M112,M127,12:06:05,4,-1,2,MX7769,0,2,41
T368,T324/2,12:06:05,4,-1,1,AC3371,0,2,52
T379,T359,12:06:16,4,-1,1,AA7537,0,2,73
C686,C656,12:06:58,4,-1,1,AC3674,0,2,62
T324/2,T327,12:06:58,4,-1,1,AC3709,0,2,52
T408/1,T343,12:07:08,4,-1,-1,MY9491,0,2,146
T356/1,T358,12:07:08,4,-1,1,MY7560,0,2,83
M127,M125,12:07:18,4,-1,1,MX7769,0,2,31
T324/2,T327,12:07:18,4,-1,1,AC3371,0,2,62
T359,T355/1,12:07:50,4,-1,1,AA7537,0,2,52
C656,C654/3,12:08:00,4,-1,1,AC3674,0,2,52
T327,T326/2,12:08:00,4,-1,1,AC3709,0,2,21
T327,T326/2,12:08:00,4,-1,1,AC3371,0,2,21
T358,T373/2,12:08:11,4,-1,1,MY7560,0,2,31
M125,M136/2,12:09:03,4,-1,1,MX7769,0,2,62
T343,T316,12:09:13,4,-1,1,MY9491,0,2,83
T326/2,T337,12:09:24,4,-1,1,AC3709,0,2,52
T326/2,T337,12:09:45,4,-1,1,AC3371,0,2,94
M95/3,M22,12:09:55,4,-1,1,MX7866,0,2,156
T373/2,T375,12:10:05,4,-1,1,MY7560,0,2,31
C654/3,C653/2,12:10:05,4,-1,1,AC3674,0,2,73
T430,M177,12:10:05,4,-1,1,MY9487,0,2,313
T337,T334,12:10:27,4,-1,1,AC3709,0,2,21
T337,T334,12:10:37,4,-1,1,AC3371,0,2,31
M136/2,M139/2,12:10:59,4,-1,2,MX7769,0,2,21
T316,T345/5,12:11:33,4,-1,1,MY9491,0,2,98
T375,T380,12:11:33,4,-1,1,MY7560,0,2,45
C653/2,C692,12:12:05,4,-1,-1,AC3674,0,2,87
T334,T430,12:12:05,4,-1,1,AC3709,0,2,55
T334,T430,12:12:15,4,-1,1,AC3371,0,2,65
T380,T379,12:12:26,4,-1,1,MY7560,0,2,21
T355/1,C688/1,12:12:26,4,-1,-1,AA7537,0,2,265
M22,M10,12:13:08,4,-1,2,MX7866,0,2,150
T345/5,T344,12:13:18,4,-1,1,MY9491,0,2,52
M177,M198,12:13:18,4,-1,2,MY9487,0,2,139
M139/2,M184,12:13:29,4,-1,2,MX7769,0,2,41
C692,C689/1,12:13:29,4,-1,1,AC3674,0,2,31
C688/1,C691,12:13:39,4,-1,1,AA7537,0,2,31
T379,T359,12:14:01,4,-1,1,MY7560,0,2,74
M198,M183/2,12:15:36,4,-1,3,MY9487,0,2,126
M10,M16/1,12:16:07,4,-1,2,MX7866,0,2,148
T344,T358,12:16:18,4,-1,1,MY9491,1,2,169
C691,C652,12:16:18,4,-1,1,AA7537,0,2,104
M183/2,M140/1,12:16:18,4,-1,1,MY9487,0,2,31
T430,M177,12:16:28,4,-1,1,AC3709,0,2,253
T430,M177,12:16:49,4,-1,1,AC3371,0,2,253
M184,M203/2,12:17:00,4,-1,1,MX7769,1,2,115
C689/1,T355/2,12:17:00,4,-1,1,AC3674,0,2,146
T358,T373/2,12:17:21,4,-1,1,MY9491,0,2,31
C652,C655,12:17:32,4,-1,1,AA7537,0,2,31
M140/1,M137/2,12:17:53,4,-1,1,MY9487,0,2,52
M203/2,M277,12:18:14,4,-1,-1,MX7769,0,2,42
C655,C657,12:18:45,4,-1,1,AA7537,0,2,42
T373/2,T380,12:19:07,4,-1,1,MY9491,1,2,73
M137/2,M132/1,12:19:07,4,-1,2,MY9487,0,2,31
C657,C686,12:19:28,4,-1,1,AA7537,0,2,31
T355/2,T360,12:19:28,4,-1,1,AC3674,0,2,116
M16/1,M109,12:19:38,4,-1,1,MX7866,0,2,147
T380,T379,12:19:38,4,-1,1,MY9491,0,2,10
T359,C688/1,12:19:49,4,-1,-1,MY7560,1,2,326
M177,M198,12:20:00,4,-1,2,AC3371,0,2,137
T379,T359,12:20:10,4,-1,1,MY9491,0,2,21
M132/1,M200,12:20:10,4,-1,3,MY9487,0,2,21
M277,M182/1,12:20:42,4,-1,1,MX7769,0,2,137
C686,C656,12:20:53,4,-1,1,AA7537,0,2,42
T360,T376/1,12:21:24,4,-1,1,AC3674,0,2,105
M177,M183/2,12:21:24,4,-1,2,AC3709,1,2,253
M200,M201,12:21:24,4,-1,-1,MY9487,0,2,31
M198,M183/2,12:21:34,4,-1,2,AC3371,0,2,84
C656,C654/3,12:22:06,4,-1,1,AA7537,0,2,51
C688/1,C691,12:22:16,4,-1,1,MY7560,0,2,72
T376/1,T363/1,12:22:37,4,-1,1,AC3674,0,2,51
M183/2,M140/1,12:23:09,4,-1,1,AC3709,0,2,42
M183/2,M140/1,12:23:19,4,-1,1,AC3371,0,2,42
M201,M121,12:23:19,4,-1,3,MY9487,0,2,84
C691,C652,12:23:44,4,-1,1,MY7560,0,2,56
T363/1,T374,12:24:05,4,-1,1,AC3674,0,2,56
M109,M112,12:24:37,4,-1,2,MX7866,0,2,182
M140/1,M137/2,12:24:37,4,-1,1,AC3709,0,2,52
M140/1,M137/2,12:24:37,4,-1,1,AC3371,0,2,31
M182/1,T431,12:24:47,4,-1,1,MX7769,0,2,213
T374,T406,12:24:47,4,-1,1,AC3674,0,2,31
M121,M119,12:24:47,4,-1,2,MY9487,0,2,31
T359,C688/1,12:25:29,4,-1,-1,MY9491,1,2,308
M137/2,M132/1,12:25:40,4,-1,1,AC3709,0,2,31
M137/2,M132/1,12:25:51,4,-1,1,AC3371,0,2,42
M112,M127,12:26:12,4,-1,1,MX7866,0,2,42
C652,C655,12:26:12,4,-1,1,MY7560,0,2,137
T431,T335,12:26:22,4,-1,1,MX7769,0,2,73
C688/1,C691,12:26:53,4,-1,1,MY9491,0,2,52
T335,T338,12:27:04,4,-1,1,MX7769,0,2,10
C655,C657,12:27:47,4,-1,1,MY7560,0,2,53
M132/1,M200,12:27:57,4,-1,3,AC3709,0,2,84
C657,C686,12:28:18,4,-1,1,MY7560,0,2,21
M132/1,M200,12:28:18,4,-1,3,AC3371,0,2,95
T338,T326/3,12:28:39,4,-1,-1,MX7769,0,2,63
M200,M201,12:28:49,4,-1,-1,AC3709,0,2,20
M127,M125,12:29:10,4,-1,1,MX7866,0,2,157
C691,C652,12:29:10,4,-1,1,MY9491,0,2,94
C654/3,C653/2,12:29:10,4,-1,1,AA7537,0,2,105
M119,M113,12:29:33,4,-1,-1,MY9487,0,2,264
T326/3,T332/2,12:29:43,4,-1,1,MX7769,0,2,43
M200,M201,12:29:43,4,-1,-1,AC3371,0,2,22
M125,M136/2,12:29:54,4,-1,1,MX7866,0,2,10
C686,C656,12:29:54,4,-1,1,MY7560,0,2,53
M201,M121,12:29:54,4,-1,2,AC3709,0,2,10
C652,C655,12:30:15,4,-1,1,MY9491,0,2,31
C653/2,C692,12:30:25,4,-1,-1,AA7537,0,2,64
M136/2,M139/2,12:30:35,4,-1,2,MX7866,0,2,20
M121,M119,12:30:56,4,-1,2,AC3709,0,2,20
C656,C654/3,12:31:17,4,-1,1,MY7560,0,2,52
M201,M121,12:31:17,4,-1,2,AC3371,0,2,31
M95/3,M22,12:31:28,4,-1,1,MY9362,0,2,62
C655,C657,12:31:28,4,-1,1,MY9491,0,2,42
T332/2,T325/2,12:31:38,4,-1,1,MX7769,0,2,94
C692,C689/1,12:31:38,4,-1,1,AA7537,0,2,62
C657,C686,12:32:04,4,-1,1,MY9491,0,2,26
M139/2,M184,12:32:15,4,-1,2,MX7866,0,2,68
T406,T345/1,12:32:15,4,-1,-1,AC3674,0,2,384
M113,M94,12:32:15,4,-1,-1,MY9487,0,2,109
T325/2,T339/2,12:32:36,4,-1,1,MX7769,0,2,31
C654/3,C653/2,12:32:57,4,-1,1,MY7560,0,2,88
M121,M119,12:32:57,4,-1,2,AC3371,0,2,31
C686,C656,12:33:38,4,-1,1,MY9491,0,2,62
M119,M113,12:33:38,4,-1,-1,AC3709,0,2,130
M94,M95/3,12:33:49,4,-1,-1,MY9487,0,2,52
M22,M10,12:34:20,4,-1,2,MY9362,0,2,125
C653/2,C692,12:34:34,4,-1,-1,MY7560,0,2,55
M184,M203/2,12:34:44,4,-1,1,MX7866,1,2,97
T339/2,T408/1,12:34:44,4,-1,-1,MX7769,0,2,97
T345/1,T322,12:34:44,4,-1,-1,AC3674,0,2,118
C689/1,T355/2,12:34:55,4,-1,1,AA7537,0,2,139
M203/2,M277,12:35:37,4,-1,-1,MX7866,0,2,31
M113,M94,12:35:37,4,-1,-1,AC3709,0,2,86
C656,C654/3,12:35:47,4,-1,1,MY9491,0,2,52
M119,M113,12:35:47,4,-1,-1,AC3371,0,2,107
C692,C689/1,12:36:08,4,-1,1,MY7560,0,2,31
M10,M16/1,12:36:39,4,-1,2,MY9362,0,2,73
T408/1,T343,12:36:39,4,-1,-1,MX7769,0,2,83
T322,T342,12:36:39,4,-1,-1,AC3674,0,2,83
T355/2,T360,12:37:00,4,-1,1,AA7537,0,2,94
M113,M94,12:37:42,4,-1,-1,AC3371,0,2,83
M94,M95/3,12:37:53,4,-1,-1,AC3709,0,2,104
T360,T376/1,12:38:03,4,-1,1,AA7537,0,2,52
T342,T409,12:38:03,4,-1,1,AC3674,0,2,52
M277,M182/1,12:38:14,4,-1,1,MX7866,0,2,146
T343,T316,12:38:56,4,-1,1,MX7769,0,2,94
C689/1,T355/2,12:39:06,4,-1,1,MY7560,0,2,136
C654/3,C653/2,12:39:17,4,-1,1,MY9491,0,2,41
M16/1,M109,12:39:38,4,-1,1,MY9362,0,2,62
T409,T368,12:39:38,4,-1,1,AC3674,0,2,62
T368,T324/2,12:40:45,4,-1,1,AC3674,0,2,46
T376/1,T363/1,12:40:56,4,-1,1,AA7537,0,2,151
M94,M95/3,12:41:17,4,-1,-1,AC3371,0,2,172
C653/2,C692,12:41:48,4,-1,1,MY9491,0,2,140
T316,T345/5,12:41:59,4,-1,1,MX7769,0,2,140
T363/1,T374,12:42:20,4,-1,1,AA7537,0,2,41
T324/2,T327,12:42:42,4,-1,1,AC3674,0,2,75
T374,T406,12:43:14,4,-1,1,AA7537,0,2,31
T355/2,T376/1,12:43:24,4,-1,1,MY7560,1,2,226
T345/5,T344,12:43:40,4,-1,1,MX7769,0,2,67
M109,M127,12:43:50,4,-1,1,MY9362,1,2,174
M182/1,T335,12:43:50,4,-1,1,MX7866,1,2,294
C692,C689/1,12:43:50,4,-1,1,MY9491,0,2,78
T327,T326/2,12:44:01,4,-1,1,AC3674,0,2,20
T376/1,T363/1,12:44:34,4,-1,1,MY7560,0,2,54
T335,T338,12:44:45,4,-1,1,MX7866,0,2,10
T344,T356/1,12:44:45,4,-1,1,MX7769,0,2,33
M127,M125,12:45:16,4,-1,1,MY9362,0,2,31
T326/2,T337,12:45:16,4,-1,1,AC3674,0,2,65
T337,T334,12:45:59,4,-1,1,AC3674,0,2,21
C689/1,T355/2,12:46:20,4,-1,1,MY9491,0,2,105
T338,T326/3,12:46:32,4,-1,-1,MX7866,0,2,96
T356/1,T358,12:46:32,4,-1,1,MX7769,0,2,86
M125,M136/2,12:46:43,4,-1,1,MY9362,0,2,54
T363/1,T406,12:47:14,4,-1,1,MY7560,1,2,107
M136/2,M139/2,12:47:25,4,-1,2,MY9362,0,2,31
T334,T430,12:47:25,4,-1,1,AC3674,0,2,42
T358,T373/2,12:47:35,4,-1,1,MX7769,0,2,21
T326/3,T332/2,12:47:57,4,-1,1,MX7866,0,2,73
T355/2,T360,12:48:28,4,-1,1,MY9491,0,2,105
M139/2,M184,12:49:34,4,-1,2,MY9362,0,2,76
T373/2,T375,12:49:44,4,-1,1,MX7769,0,2,34
T406,T345/1,12:49:55,4,-1,-1,AA7537,0,2,390
M184,M188,12:50:37,4,-1,1,MY9362,0,2,20
T360,T376/1,12:50:47,4,-1,1,MY9491,0,2,107
T332/2,T339/2,12:50:58,4,-1,1,MX7866,1,2,160
T375,T380,12:50:58,4,-1,1,MX7769,0,2,21
T380,T379,12:51:19,4,-1,1,MX7769,0,2,10
T379,T359,12:52:01,4,-1,1,MX7769,0,2,21
M188,M203/2,12:52:11,4,-1,1,MY9362,0,2,10
T376/1,T363/1,12:52:11,4,-1,1,MY9491,0,2,73
T406,T345/1,12:52:43,4,-1,-1,MY7560,0,2,318
T430,M177,12:52:43,4,-1,1,AC3674,0,2,286
T359,T355/1,12:53:04,4,-1,1,MX7769,0,2,52
T339/2,T408/1,12:53:36,4,-1,-1,MX7866,0,2,137
T363/1,T374,12:53:36,4,-1,1,MY9491,0,2,31
T345/1,T322,12:53:46,4,-1,-1,AA7537,0,2,137
T408/1,T343,12:55:11,4,-1,-1,MX7866,0,2,85
M95/3,M22,12:55:32,4,-1,1,AA7450,0,2,63
T322,T342,12:55:54,4,-1,-1,AA7537,0,2,115
T345/1,T322,12:56:04,4,-1,-1,MY7560,0,2,137
M203/2,M182/1,12:56:57,4,-1,1,MY9362,1,2,243
T342,T409,12:57:18,4,-1,1,AA7537,0,2,31
M177,M183/2,12:57:18,4,-1,1,AC3674,1,2,232
T343,T316,12:57:28,4,-1,1,MX7866,0,2,94
T355/1,C688/1,12:58:03,4,-1,1,MX7769,0,2,267
T322,T342,12:58:14,4,-1,-1,MY7560,0,2,87
M22,M10,12:58:24,4,-1,2,AA7450,0,2,129
M183/2,M140/1,12:58:45,4,-1,1,AC3674,0,2,31
C688/1,C691,12:59:28,4,-1,1,MX7769,0,2,31
T342,T409,12:59:28,4,-1,1,MY7560,0,2,31
T409,T368,12:59:28,4,-1,1,AA7537,0,2,119
M140/1,M137/2,12:59:28,4,-1,1,AC3674,0,2,21
T368,T324/2,13:00:32,4,-1,1,AA7537,0,2,32
M10,M16/1,13:00:53,4,-1,2,AA7450,0,2,75
M182/1,T431,13:00:53,4,-1,1,MY9362,0,2,204
T374,T345/1,13:01:14,4,-1,-1,MY9491,1,2,448
C691,C652,13:01:25,4,-1,1,MX7769,0,2,74
T409,T368,13:01:35,4,-1,1,MY7560,0,2,117
T316,T344,13:02:07,4,-1,1,MX7866,1,2,243
T324/2,T327,13:02:07,4,-1,1,AA7537,0,2,63
M137/2,M132/1,13:02:07,4,-1,1,AC3674,0,2,73
T431,T335,13:02:28,4,-1,1,MY9362,0,2,73
C652,C655,13:02:28,4,-1,1,MX7769,0,2,31
T368,T324/2,13:02:49,4,-1,1,MY7560,0,2,42
T344,T356/1,13:03:10,4,-1,1,MX7866,0,2,31
T345/1,T322,13:03:10,4,-1,-1,MY9491,0,2,94
T335,T338,13:03:20,4,-1,1,MY9362,0,2,10
T327,T326/2,13:03:20,4,-1,1,AA7537,0,2,31
M132/1,M200,13:03:52,4,-1,3,AC3674,0,2,31
T324/2,T327,13:04:23,4,-1,1,MY7560,0,2,73
T322,T342,13:04:44,4,-1,-1,MY9491,0,2,83
T327,T326/2,13:04:55,4,-1,1,MY7560,0,2,20
T326/2,T337,13:04:55,4,-1,1,AA7537,0,2,73
M200,M201,13:04:55,4,-1,-1,AC3674,0,2,10
T356/1,T358,13:05:16,4,-1,1,MX7866,0,2,94
C655,C657,13:05:16,4,-1,1,MX7769,0,2,52
T338,T326/3,13:05:26,4,-1,-1,MY9362,0,2,115
M16/1,M109,13:05:37,4,-1,1,AA7450,0,2,199
T337,T334,13:05:37,4,-1,1,AA7537,0,2,20
C657,C686,13:05:58,4,-1,1,MX7769,0,2,31
T326/2,T337,13:06:08,4,-1,1,MY7560,0,2,52
T326/3,T332/2,13:06:19,4,-1,1,MY9362,0,2,41
M201,M121,13:06:29,4,-1,2,AC3674,0,2,21
T358,T373/2,13:06:39,4,-1,1,MX7866,0,2,20
T334,T430,13:06:39,4,-1,1,AA7537,0,2,52
T342,T368,13:06:50,4,-1,1,MY9491,1,2,104
T337,T334,13:06:50,4,-1,1,MY7560,0,2,20
T373/2,T375,13:07:42,4,-1,1,MX7866,0,2,31
T332/2,T325/2,13:07:53,4,-1,1,MY9362,0,2,73
T368,T324/2,13:07:53,4,-1,1,MY9491,0,2,31
M121,M119,13:08:03,4,-1,2,AC3674,0,2,31
T334,T430,13:08:24,4,-1,1,MY7560,0,2,52
C686,C656,13:08:45,4,-1,1,MX7769,0,2,125
T325/2,T339/2,13:08:56,4,-1,1,MY9362,0,2,20
M109,M112,13:09:27,4,-1,1,AA7450,0,2,168
T375,T380,13:09:27,4,-1,1,MX7866,0,2,73
C656,C654/3,13:09:38,4,-1,1,MX7769,0,2,42
T324/2,T327,13:09:38,4,-1,1,MY9491,0,2,63
T380,T379,13:10:09,4,-1,1,MX7866,0,2,10
T327,T326/2,13:10:20,4,-1,1,MY9491,0,2,20
T339/2,T408/1,13:10:32,4,-1,-1,MY9362,0,2,64
T379,T359,13:10:32,4,-1,1,MX7866,0,2,11
M119,M113,13:10:32,4,-1,-1,AC3674,0,2,106
T430,M177,13:11:24,4,-1,2,AA7537,0,2,273
M112,M127,13:11:44,4,-1,1,AA7450,0,2,52
T359,T355/1,13:11:44,4,-1,1,MX7866,0,2,62
T326/2,T334,13:11:44,4,-1,1,MY9491,1,2,72
M113,M94,13:12:05,4,-1,-1,AC3674,0,2,51
T408/1,T343,13:12:57,4,-1,-1,MY9362,0,2,124
M127,M125,13:13:08,4,-1,1,AA7450,0,2,31
T430,M177,13:13:28,4,-1,2,MY7560,0,2,293
C654/3,C653/2,13:13:39,4,-1,1,MX7769,0,2,62
M94,M95/3,13:14:10,4,-1,-1,AC3674,0,2,62
M177,M198,13:14:21,4,-1,2,AA7537,0,2,145
M125,M136/2,13:15:02,4,-1,1,AA7450,0,2,72
M136/2,M139/2,13:15:33,4,-1,2,AA7450,0,2,21
M177,M198,13:16:15,4,-1,2,MY7560,0,2,135
M198,M183/2,13:16:15,4,-1,2,AA7537,0,2,104
T355/1,C688/1,13:16:46,4,-1,2,MX7866,0,2,281
C653/2,C692,13:16:46,4,-1,2,MX7769,0,2,166
T343,T345/5,13:16:57,4,-1,1,MY9362,1,2,197
M139/2,M184,13:17:17,4,-1,2,AA7450,0,2,31
M183/2,M140/1,13:17:17,4,-1,1,AA7537,0,2,10
C692,C689/1,13:17:49,4,-1,1,MX7769,0,2,52
M184,M188,13:17:59,4,-1,1,AA7450,0,2,10
C688/1,C691,13:17:59,4,-1,1,MX7866,0,2,20
T334,M177,13:18:10,4,-1,1,MY9491,1,2,343
M198,M183/2,13:18:20,4,-1,2,MY7560,0,2,114
T345/5,T344,13:18:34,4,-1,1,MY9362,0,2,86
T344,T356/1,13:19:15,4,-1,1,MY9362,0,2,31
M183/2,M140/1,13:19:15,4,-1,1,MY7560,0,2,10
M140/1,M137/2,13:19:47,4,-1,1,AA7537,0,2,86
M188,M203/2,13:19:57,4,-1,1,AA7450,0,2,83
C691,C652,13:20:39,4,-1,1,MX7866,0,2,124
M140/1,M137/2,13:20:39,4,-1,1,MY7560,0,2,62
M177,M198,13:21:10,4,-1,2,MY9491,0,2,146
T356/1,T358,13:21:35,4,-1,1,MY9362,0,2,118
M137/2,M132/1,13:21:35,4,-1,1,AA7537,0,2,45
C689/1,T355/2,13:21:45,4,-1,1,MX7769,0,2,181
M95/3,M22,13:22:17,4,-1,1,MY9487,0,2,150
C652,C657,13:23:08,4,-1,1,MX7866,1,2,107
M198,M183/2,13:23:08,4,-1,2,MY9491,0,2,107
M137/2,M132/1,13:23:19,4,-1,1,MY7560,0,2,82
T355/2,T360,13:23:39,4,-1,1,MX7769,0,2,93
M203/2,M182/1,13:24:00,4,-1,1,AA7450,1,2,201
C657,C686,13:24:00,4,-1,1,MX7866,0,2,41
T358,T375,13:24:11,4,-1,1,MY9362,1,2,134
M183/2,M140/1,13:24:35,4,-1,1,MY9491,0,2,13
M22,M10,13:24:45,4,-1,2,MY9487,0,2,96
T375,T380,13:24:55,4,-1,1,MY9362,0,2,20
M132/1,M200,13:25:16,4,-1,3,AA7537,0,2,97
T380,T379,13:25:37,4,-1,1,MY9362,0,2,10
M132/1,M200,13:25:37,4,-1,3,MY7560,0,2,96
C686,C656,13:25:58,4,-1,1,MX7866,0,2,83
M200,M201,13:26:09,4,-1,-1,AA7537,0,2,10
T379,T359,13:26:34,4,-1,1,MY9362,0,2,25
M200,M201,13:26:44,4,-1,-1,MY7560,0,2,46
C656,C654/3,13:26:55,4,-1,1,MX7866,0,2,46
M10,M16/1,13:27:05,4,-1,2,MY9487,0,2,66
M140/1,M137/2,13:27:05,4,-1,1,MY9491,0,2,88
T360,T363/1,13:27:26,4,-1,1,MX7769,1,2,205
M201,M121,13:27:26,4,-1,2,AA7537,0,2,31
M182/1,T431,13:27:47,4,-1,1,AA7450,0,2,192
T359,T355/1,13:27:47,4,-1,1,MY9362,0,2,62
M201,M121,13:27:58,4,-1,2,MY7560,0,2,31
M137/2,M132/1,13:28:08,4,-1,1,MY9491,0,2,31
M16/1,M109,13:28:50,4,-1,1,MY9487,0,2,20
T363/1,T374,13:29:00,4,-1,1,MX7769,0,2,52
M121,M119,13:29:35,4,-1,2,AA7537,0,2,65
M121,M119,13:29:35,4,-1,2,MY7560,0,2,86
T431,T335,13:30:00,4,-1,1,AA7450,0,2,122
T374,T406,13:30:00,4,-1,1,MX7769,0,2,39
M132/1,M200,13:30:11,4,-1,3,MY9491,0,2,10
T335,T338,13:30:21,4,-1,1,AA7450,0,2,10
C654/3,C653/2,13:31:03,4,-1,1,MX7866,0,2,52
M200,M201,13:31:03,4,-1,-1,MY9491,0,2,10
T355/1,C688/1,13:31:46,4,-1,1,MY9362,0,2,217
M119,M113,13:31:46,4,-1,-1,AA7537,0,2,84
M119,M113,13:32:07,4,-1,-1,MY7560,0,2,74
T338,T326/3,13:32:17,4,-1,-1,AA7450,0,2,74
M201,M121,13:32:28,4,-1,2,MY9491,0,2,31
M109,M112,13:32:49,4,-1,1,MY9487,0,2,183
M121,M119,13:33:20,4,-1,2,MY9491,0,2,21
C688/1,C691,13:33:34,4,-1,1,MY9362,0,2,24
C653/2,C692,13:33:34,4,-1,1,MX7866,0,2,140
T326/3,T332/2,13:33:44,4,-1,1,AA7450,0,2,76
M112,M127,13:33:55,4,-1,1,MY9487,0,2,20
M113,M94,13:33:55,4,-1,-1,AA7537,0,2,86
M113,M94,13:34:05,4,-1,-1,MY7560,0,2,86
M127,M125,13:34:58,4,-1,1,MY9487,0,2,31
C692,C689/1,13:34:58,4,-1,1,MX7866,0,2,73
C691,C652,13:35:08,4,-1,1,MY9362,0,2,83
M94,M95/3,13:35:19,4,-1,-1,AA7537,0,2,52
T332/2,T325/2,13:35:29,4,-1,1,AA7450,0,2,94
M94,M95/3,13:35:40,4,-1,-1,MY7560,0,2,73
M119,M113,13:35:50,4,-1,-1,MY9491,0,2,115
T325/2,T339/2,13:36:01,4,-1,1,AA7450,0,2,21
C652,C655,13:36:32,4,-1,1,MY9362,0,2,41
T406,T345/1,13:36:42,4,-1,-1,MX7769,0,2,391
M113,M94,13:36:42,4,-1,-1,MY9491,0,2,31
M125,M136/2,13:37:14,4,-1,1,MY9487,0,2,83
C655,C657,13:37:45,4,-1,1,MY9362,0,2,52
M136/2,M139/2,13:37:56,4,-1,1,MY9487,0,2,21
C689/1,T355/2,13:37:56,4,-1,1,MX7866,0,2,136
T339/2,T408/1,13:38:17,4,-1,-1,AA7450,0,2,83
C657,C686,13:38:17,4,-1,1,MY9362,0,2,20
M94,M95/3,13:38:58,4,-1,-1,MY9491,0,2,104
T345/1,T322,13:39:44,4,-1,-1,MX7769,0,2,171
M139/2,M184,13:39:55,4,-1,1,MY9487,0,2,35
C686,C656,13:39:55,4,-1,1,MY9362,0,2,66
T355/2,T360,13:40:05,4,-1,1,MX7866,0,2,108
T408/1,T343,13:40:16,4,-1,-1,AA7450,0,2,98
T360,T376/1,13:40:47,4,-1,1,MX7866,0,2,31
C656,C654/3,13:41:08,4,-1,1,MY9362,0,2,52
T322,T342,13:41:39,4,-1,-1,MX7769,0,2,93
M184,M188,13:42:00,4,-1,1,MY9487,0,2,62
T376/1,T363/1,13:42:21,4,-1,1,MX7866,0,2,84
T343,T316,13:42:33,4,-1,1,AA7450,0,2,106
T342,T409,13:43:15,4,-1,1,MX7769,0,2,63
T363/1,T374,13:43:36,4,-1,1,MX7866,0,2,41
M95/3,M22,13:43:57,4,-1,1,AA7537,0,2,30
M188,M203/2,13:43:57,4,-1,1,MY9487,0,2,20
T374,T406,13:44:18,4,-1,1,MX7866,0,2,31
T316,T345/5,13:44:39,4,-1,1,AA7450,0,2,114
T409,T368,13:44:39,4,-1,1,MX7769,0,2,72
M203/2,M277,13:45:45,4,-1,-1,MY9487,0,2,65
T368,T324/2,13:45:55,4,-1,1,MX7769,0,2,45
T345/5,T344,13:46:57,4,-1,1,AA7450,0,2,97
C654/3,C653/2,13:46:57,4,-1,1,MY9362,0,2,62
M22,M10,13:47:28,4,-1,2,AA7537,0,2,201
T344,T356/1,13:47:39,4,-1,1,AA7450,0,2,20
T324/2,T327,13:47:49,4,-1,1,MX7769,0,2,62
M277,M182/1,13:48:32,4,-1,1,MY9487,0,2,157
C653/2,C692,13:48:32,4,-1,1,MY9362,0,2,84
T327,T326/2,13:49:14,4,-1,1,MX7769,0,2,31
C692,C689/1,13:49:45,4,-1,1,MY9362,0,2,52
M10,M16/1,13:50:06,4,-1,2,AA7537,0,2,146
T406,T345/1,13:50:06,4,-1,-1,MX7866,0,2,337
T326/2,T337,13:50:38,4,-1,1,MX7769,0,2,52
T356/1,T358,13:51:19,4,-1,1,AA7450,0,2,199
T337,T334,13:51:19,4,-1,1,MX7769,0,2,31
M182/1,T431,13:52:36,4,-1,1,MY9487,0,2,202
C689/1,T355/2,13:52:36,4,-1,1,MY9362,0,2,150
T334,T430,13:52:46,4,-1,1,MX7769,0,2,51
M16/1,M109,13:53:07,4,-1,1,AA7537,0,2,72
T345/1,T322,13:53:18,4,-1,-1,MX7866,0,2,160
M95/3,M22,13:54:20,4,-1,1,MY7560,0,2,93
T431,T335,13:54:20,4,-1,1,MY9487,0,2,72
T358,T373/2,13:55:03,4,-1,1,AA7450,0,2,188
T355/2,T360,13:55:03,4,-1,1,MY9362,0,2,115
T335,T338,13:55:13,4,-1,1,MY9487,0,2,10
T322,T342,13:55:34,4,-1,-1,MX7866,0,2,115
T360,T376/1,13:56:26,4,-1,1,MY9362,0,2,51
M109,M112,13:56:36,4,-1,1,AA7537,0,2,157
T342,T409,13:57:08,4,-1,1,MX7866,0,2,72
T338,T332/2,13:57:29,4,-1,1,MY9487,1,2,114
T376/1,T363/1,13:57:29,4,-1,1,MY9362,0,2,52
T373/2,T375,13:57:39,4,-1,1,AA7450,0,2,31
M22,M10,13:58:00,4,-1,1,MY7560,0,2,114
T430,M177,13:58:21,4,-1,1,MX7769,0,2,302
T363/1,T374,13:58:32,4,-1,1,MY9362,0,2,42
T409,T368,13:58:43,4,-1,1,MX7866,0,2,73
M112,M127,13:58:53,4,-1,1,AA7537,0,2,32
T332/2,T325/2,13:59:14,4,-1,1,MY9487,0,2,63
T374,T406,13:59:14,4,-1,1,MY9362,0,2,31
T368,T324/2,13:59:39,4,-1,1,MX7866,0,2,45
T375,T380,13:59:59,4,-1,1,AA7450,0,2,98
M10,M16/1,14:00:10,4,-1,2,MY7560,0,2,87
M127,M125,14:00:10,4,-1,1,AA7537,0,2,55
T325/2,T339/2,14:00:10,4,-1,1,MY9487,0,2,20
T380,T379,14:00:45,4,-1,1,AA7450,0,2,10
T324/2,T327,14:01:27,4,-1,1,MX7866,0,2,52
M125,M136/2,14:01:47,4,-1,1,AA7537,0,2,31
T327,T326/2,14:02:19,4,-1,1,MX7866,0,2,21
M177,M198,14:02:19,4,-1,2,MX7769,0,2,160
M16/1,M109,14:02:40,4,-1,1,MY7560,0,2,73
M136/2,M139/2,14:03:01,4,-1,2,AA7537,0,2,63
T379,T355/1,14:03:34,4,-1,1,AA7450,1,2,126
T326/2,T337,14:03:34,4,-1,1,MX7866,0,2,64
M198,M183/2,14:03:54,4,-1,3,MX7769,0,2,84
T337,T334,14:04:15,4,-1,1,MX7866,0,2,20
T339/2,T343,14:04:36,4,-1,-1,MY9487,1,2,231
M139/2,M184,14:04:57,4,-1,2,AA7537,0,2,83
T406,T345/1,14:05:38,4,-1,-1,MY9362,0,2,359
M109,M112,14:05:49,4,-1,1,MY7560,0,2,124
M183/2,M140/1,14:05:49,4,-1,1,MX7769,0,2,31
T343,T316,14:06:41,4,-1,1,MY9487,0,2,93
M140/1,M137/2,14:06:51,4,-1,1,MX7769,0,2,31
M184,M277,14:07:02,4,-1,-1,AA7537,2,2,114
M95/3,M10,14:07:23,4,-1,1,MY9491,1,2,229
T355/1,C688/1,14:08:04,4,-1,1,AA7450,0,2,260
M112,M127,14:08:36,4,-1,1,MY7560,0,2,62
T345/1,T322,14:08:36,4,-1,-1,MY9362,0,2,156
M10,M16/1,14:08:46,4,-1,2,MY9491,0,2,62
M137/2,M132/1,14:08:46,4,-1,1,MX7769,0,2,31
T316,T345/5,14:09:07,4,-1,1,MY9487,0,2,135
C688/1,C691,14:09:28,4,-1,1,AA7450,0,2,41
M277,M182/1,14:09:49,4,-1,1,AA7537,0,2,156
M127,M125,14:10:00,4,-1,1,MY7560,0,2,31
T322,T342,14:10:41,4,-1,-1,MY9362,0,2,94
M132/1,M200,14:10:52,4,-1,3,MX7769,0,2,62
M16/1,M109,14:11:02,4,-1,1,MY9491,0,2,104
T345/5,T344,14:11:13,4,-1,1,MY9487,0,2,94
T334,M177,14:11:23,4,-1,1,MX7866,1,2,396
M125,M136/2,14:11:56,4,-1,1,MY7560,0,2,74
T344,T356/1,14:12:17,4,-1,1,MY9487,0,2,42
C691,C652,14:12:17,4,-1,1,AA7450,0,2,126
T342,T409,14:12:17,4,-1,1,MY9362,0,2,63
M200,M201,14:12:17,4,-1,-1,MX7769,0,2,10
M136/2,M139/2,14:12:48,4,-1,2,MY7560,0,2,20
C652,C655,14:13:20,4,-1,1,AA7450,0,2,31
T409,T368,14:13:43,4,-1,1,MY9362,0,2,75
M177,M198,14:13:53,4,-1,2,MX7866,0,2,128
T356/1,T358,14:14:03,4,-1,1,MY9487,0,2,85
M201,M121,14:14:14,4,-1,2,MX7769,0,2,96
T368,T324/2,14:14:25,4,-1,1,MY9362,0,2,31
M139/2,M184,14:14:45,4,-1,2,MY7560,0,2,31
C655,C657,14:14:45,4,-1,1,AA7450,0,2,52
M198,M183/2,14:14:56,4,-1,2,MX7866,0,2,52
T358,T373/2,14:15:17,4,-1,2,MY9487,0,2,52
C657,C686,14:15:17,4,-1,1,AA7450,0,2,21
M121,M119,14:15:28,4,-1,2,MX7769,0,2,42
M109,M112,14:15:49,4,-1,1,MY9491,0,2,190
M184,M188,14:16:09,4,-1,1,MY7560,0,2,20
T324/2,T327,14:16:20,4,-1,1,MY9362,0,2,83
M183/2,M140/1,14:17:05,4,-1,1,MX7866,0,2,20
T327,T326/2,14:17:15,4,-1,1,MY9362,0,2,31
C686,C656,14:17:36,4,-1,1,AA7450,0,2,97
M119,M113,14:17:47,4,-1,-1,MX7769,0,2,128
M188,M203/2,14:17:57,4,-1,1,MY7560,0,2,73
T373/2,T375,14:18:08,4,-1,1,MY9487,0,2,41
C656,C654/3,14:18:49,4,-1,1,AA7450,0,2,62
T326/2,T334,14:19:10,4,-1,1,MY9362,1,2,83
M113,M94,14:19:10,4,-1,-1,MX7769,0,2,31
T326/3,T332/2,14:19:21,4,-1,1,AA7537,0,2,52
M203/2,M277,14:19:32,4,-1,-1,MY7560,0,2,53
M112,M125,14:19:53,4,-1,1,MY9491,1,2,178
M140/1,M137/2,14:19:53,4,-1,1,MX7866,0,2,105
T375,T380,14:20:25,4,-1,1,MY9487,0,2,84
M22,M10,14:20:35,4,-1,1,AC3371,0,2,74
T334,T430,14:20:45,4,-1,1,MY9362,0,2,84
M94,M95/3,14:20:45,4,-1,-1,MX7769,0,2,84
T332/2,T325/2,14:21:06,4,-1,1,AA7537,0,2,94
T380,T379,14:21:17,4,-1,1,MY9487,0,2,21
T325/2,T339/2,14:21:27,4,-1,1,AA7537,0,2,10
M137/2,M132/1,14:21:27,4,-1,1,MX7866,0,2,62
M125,M136/2,14:21:38,4,-1,1,MY9491,0,2,20
M277,M182/1,14:22:19,4,-1,1,MY7560,0,2,156
T379,T359,14:22:19,4,-1,1,MY9487,0,2,51
M10,M16/1,14:22:51,4,-1,2,AC3371,0,2,72
M136/2,M139/2,14:23:22,4,-1,2,MY9491,0,2,73
C654/3,C653/2,14:23:22,4,-1,1,AA7450,0,2,104
M132/1,M200,14:23:22,4,-1,3,MX7866,0,2,73
T359,T355/1,14:23:56,4,-1,1,MY9487,0,2,75
T339/2,T408/1,14:24:07,4,-1,-1,AA7537,0,2,117
M139/2,M184,14:24:38,4,-1,2,MY9491,0,2,21
M184,M188,14:25:31,4,-1,1,MY9491,0,2,21
T430,M177,14:25:31,4,-1,1,MY9362,0,2,274
M16/1,M109,14:25:41,4,-1,1,AC3371,0,2,52
C653/2,C692,14:25:41,4,-1,1,AA7450,0,2,73
C692,C689/1,14:26:43,4,-1,1,AA7450,0,2,20
M188,M203/2,14:26:53,4,-1,1,MY9491,0,2,10
T408/1,T316,14:27:03,4,-1,1,AA7537,1,2,165
M182/1,T335,14:27:58,4,-1,1,MY7560,1,2,306
M203/2,M277,14:28:19,4,-1,-1,MY9491,0,2,41
M177,M198,14:28:29,4,-1,2,MY9362,0,2,126
T335,T338,14:28:39,4,-1,1,MY7560,0,2,10
T355/1,C688/1,14:28:39,4,-1,1,MY9487,0,2,251
M109,M112,14:28:59,4,-1,2,AC3371,0,2,146
C689/1,T355/2,14:29:34,4,-1,1,AA7450,0,2,116
M198,M183/2,14:29:34,4,-1,1,MY9362,0,2,54
T316,T345/5,14:29:44,4,-1,1,AA7537,0,2,126
M200,M113,14:30:15,4,-1,-1,MX7866,3,2,347
M112,M127,14:30:25,4,-1,1,AC3371,0,2,30
T338,T326/3,14:30:25,4,-1,-1,MY7560,0,2,64
C688/1,C691,14:30:35,4,-1,1,MY9487,0,2,74
M183/2,M140/1,14:30:35,4,-1,1,MY9362,0,2,20
M277,M182/1,14:30:56,4,-1,1,MY9491,0,2,146
T326/3,T332/2,14:31:27,4,-1,1,MY7560,0,2,41
T345/5,T344,14:31:58,4,-1,1,AA7537,0,2,82
M127,M125,14:32:09,4,-1,1,AC3371,0,2,62
T355/2,T360,14:32:09,4,-1,1,AA7450,0,2,124
M140/1,M137/2,14:32:40,4,-1,1,MY9362,0,2,52
T344,T356/1,14:32:50,4,-1,1,AA7537,0,2,21
T360,T376/1,14:33:11,4,-1,1,AA7450,0,2,31
M113,M94,14:33:11,4,-1,-1,MX7866,0,2,20
C691,C652,14:33:32,4,-1,1,MY9487,0,2,125
T332/2,T325/2,14:33:43,4,-1,1,MY7560,0,2,62
M137/2,M132/1,14:34:03,4,-1,2,MY9362,0,2,72
T356/1,T358,14:34:24,4,-1,1,AA7537,0,2,52
M94,M95/3,14:34:24,4,-1,-1,MX7866,0,2,41
T325/2,T339/2,14:34:35,4,-1,1,MY7560,0,2,31
M125,M136/2,14:34:45,4,-1,1,AC3371,0,2,52
C652,C655,14:34:45,4,-1,1,MY9487,0,2,41
T376/1,T363/1,14:34:56,4,-1,1,AA7450,0,2,94
M182/1,T431,14:35:06,4,-1,1,MY9491,0,2,219
C655,C657,14:35:38,4,-1,1,MY9487,0,2,42
M136/2,M139/2,14:36:20,4,-1,2,AC3371,0,2,63
T339/2,T408/1,14:36:20,4,-1,-1,MY7560,0,2,73
T358,T373/2,14:36:20,4,-1,1,AA7537,0,2,73
T431,T335,14:36:30,4,-1,1,MY9491,0,2,63
C657,C686,14:36:30,4,-1,1,MY9487,0,2,21
T363/1,T374,14:36:41,4,-1,1,AA7450,0,2,63
M132/1,M200,14:36:51,4,-1,3,MY9362,0,2,105
M95/3,M22,14:37:12,4,-1,1,MX7769,0,2,147
T335,T338,14:37:12,4,-1,1,MY9491,0,2,10
M139/2,M184,14:37:54,4,-1,2,AC3371,0,2,52
T373/2,T375,14:38:05,4,-1,1,AA7537,0,2,10
T374,T406,14:38:05,4,-1,1,AA7450,0,2,42
C686,C656,14:38:15,4,-1,1,MY9487,0,2,73
T338,T326/3,14:38:47,4,-1,-1,MY9491,0,2,84
T408/1,T343,14:38:57,4,-1,-1,MY7560,0,2,94
T375,T380,14:39:08,4,-1,1,AA7537,0,2,20
M22,M10,14:39:18,4,-1,1,MX7769,0,2,84
C656,C654/3,14:39:18,4,-1,1,MY9487,0,2,52
M200,M201,14:39:18,4,-1,-1,MY9362,0,2,41
M184,M188,14:39:39,4,-1,1,AC3371,0,2,62
T326/3,T332/2,14:39:39,4,-1,1,MY9491,0,2,42
T332/2,T325/2,14:40:56,4,-1,1,MY9491,0,2,66
T343,T316,14:40:56,4,-1,1,MY7560,0,2,87
M188,M203/2,14:41:07,4,-1,1,AC3371,0,2,76
T379,T359,14:41:07,4,-1,1,AA7537,0,2,31
M201,M121,14:41:37,4,-1,2,MY9362,0,2,76
T325/2,T339/2,14:41:48,4,-1,1,MY9491,0,2,21
M10,M16/1,14:41:59,4,-1,2,MX7769,0,2,128
T359,T355/1,14:42:19,4,-1,1,AA7537,0,2,62
M203/2,M277,14:42:35,4,-1,-1,AC3371,0,2,46
T339/2,T408/1,14:43:16,4,-1,-1,MY9491,0,2,57
T316,T345/5,14:43:16,4,-1,1,MY7560,0,2,129
M121,M119,14:43:27,4,-1,1,MY9362,0,2,41
C654/3,C653/2,14:43:37,4,-1,1,MY9487,0,2,88
T345/5,T344,14:44:51,4,-1,1,MY7560,0,2,63
M16/1,M109,14:45:43,4,-1,1,MX7769,0,2,104
C653/2,C692,14:45:43,4,-1,1,MY9487,0,2,114
M119,M113,14:45:43,4,-1,-1,MY9362,0,2,125
T355/1,C688/1,14:46:14,4,-1,1,AA7537,0,2,219
C692,C689/1,14:46:56,4,-1,1,MY9487,0,2,51
T408/1,T316,14:47:17,4,-1,1,MY9491,1,2,219
T344,T358,14:47:48,4,-1,1,MY7560,1,2,124
C688/1,C691,14:47:58,4,-1,1,AA7537,0,2,62
T358,T373/2,14:48:50,4,-1,1,MY7560,0,2,31
M277,T431,14:49:21,4,-1,1,AC3371,1,2,396
C689/1,T355/2,14:49:21,4,-1,1,MY9487,0,2,114
M113,M94,14:49:32,4,-1,-1,MY9362,0,2,197
T316,T345/5,14:50:03,4,-1,1,MY9491,0,2,135
C691,C652,14:50:35,4,-1,1,AA7537,0,2,125
M109,M112,14:50:45,4,-1,2,MX7769,0,2,239
T373/2,T375,14:50:45,4,-1,1,MY7560,0,2,42
T431,T335,14:51:27,4,-1,1,AC3371,0,2,94
C652,C655,14:51:48,4,-1,1,AA7537,0,2,31
T345/5,T344,14:51:58,4,-1,1,MY9491,0,2,72
T355/2,T360,14:51:58,4,-1,1,MY9487,0,2,115
T375,T380,14:52:09,4,-1,1,MY7560,0,2,62
T322,T342,14:52:09,4,-1,-1,AA7450,0,2,125
M112,M127,14:52:19,4,-1,1,MX7769,0,2,52
T335,T338,14:52:19,4,-1,1,AC3371,0,2,10
T380,T379,14:53:01,4,-1,1,MY7560,0,2,20
C655,C657,14:53:01,4,-1,1,AA7537,0,2,41
M94,M95/3,14:53:01,4,-1,-1,MY9362,0,2,157
M95/3,M22,14:53:35,4,-1,2,AA7365,0,2,44
C657,C686,14:53:45,4,-1,1,AA7537,0,2,34
M127,M125,14:53:56,4,-1,1,MX7769,0,2,54
T379,T359,14:53:56,4,-1,1,MY7560,0,2,20
T360,T376/1,14:53:56,4,-1,1,MY9487,0,2,86
T338,T326/3,14:54:17,4,-1,-1,AC3371,0,2,76
T342,T368,14:54:38,4,-1,1,AA7450,1,2,118
M125,M136/2,14:55:19,4,-1,1,MX7769,0,2,41
T344,T358,14:55:19,4,-1,1,MY9491,1,2,190
T359,T355/1,14:55:19,4,-1,1,MY7560,0,2,72
T376/1,T363/1,14:55:34,4,-1,1,MY9487,0,2,87
C686,C656,14:55:55,4,-1,1,AA7537,0,2,66
T368,T324/2,14:56:27,4,-1,1,AA7450,0,2,41
T363/1,T374,14:56:48,4,-1,1,MY9487,0,2,31
M136/2,M139/2,14:56:58,4,-1,1,MX7769,0,2,62
C656,C654/3,14:57:09,4,-1,1,AA7537,0,2,41
M22,M10,14:57:19,4,-1,2,AA7365,0,2,171
T326/3,T325/2,14:57:19,4,-1,1,AC3371,1,2,161
T374,T406,14:57:51,4,-1,1,MY9487,0,2,31
T358,T373/2,14:58:01,4,-1,1,MY9491,0,2,125
T325/2,T339/2,14:58:11,4,-1,1,AC3371,0,2,41
T324/2,T327,14:58:11,4,-1,1,AA7450,0,2,62
M139/2,M184,14:58:22,4,-1,1,MX7769,0,2,41
T327,T326/2,14:59:05,4,-1,1,AA7450,0,2,20
T355/1,C688/1,14:59:25,4,-1,-1,MY7560,0,2,231
M184,M188,14:59:36,4,-1,1,MX7769,0,2,10
M10,M16/1,14:59:46,4,-1,2,AA7365,0,2,94
T339/2,T408/1,15:00:07,4,-1,-1,AC3371,0,2,92
C654/3,C653/2,15:00:38,4,-1,1,AA7537,0,2,82
T373/2,T375,15:01:09,4,-1,1,MY9491,0,2,41
T326/2,T334,15:01:19,4,-1,1,AA7450,1,2,93
M188,M203/2,15:01:30,4,-1,1,MX7769,0,2,20
C653/2,C692,15:01:40,4,-1,-1,AA7537,0,2,52
T408/1,T343,15:01:51,4,-1,-1,AC3371,0,2,62
T375,T380,15:02:11,4,-1,1,MY9491,0,2,31
T380,T379,15:02:35,4,-1,1,MY9491,0,2,12
M203/2,M277,15:02:45,4,-1,-1,MX7769,0,2,44
T334,T430,15:02:45,4,-1,1,AA7450,0,2,54
C688/1,C655,15:03:17,4,-1,1,MY7560,2,2,210
C692,C689/1,15:03:17,4,-1,1,AA7537,0,2,85
M16/1,M109,15:03:48,4,-1,1,AA7365,0,2,148
T343,T316,15:04:29,4,-1,1,AC3371,0,2,93
T379,T355/1,15:04:29,4,-1,1,MY9491,1,2,82
C655,C657,15:04:29,4,-1,1,MY7560,0,2,51
T406,T345/1,15:04:40,4,-1,-1,MY9487,0,2,345
C657,C686,15:05:10,4,-1,1,MY7560,0,2,30
M277,M182/1,15:05:56,4,-1,1,MX7769,0,2,169
C689/1,T355/2,15:05:56,4,-1,1,AA7537,0,2,128
T316,T345/5,15:06:16,4,-1,1,AC3371,0,2,96
M109,M112,15:07:35,4,-1,1,AA7365,0,2,164
C686,C656,15:07:35,4,-1,1,MY7560,0,2,62
T345/1,T322,15:07:45,4,-1,-1,MY9487,0,2,129
M112,M127,15:08:06,4,-1,1,AA7365,0,2,21
T355/2,T360,15:08:27,4,-1,1,AA7537,0,2,141
T345/5,T344,15:08:38,4,-1,1,AC3371,0,2,63
T430,M177,15:08:38,4,-1,1,AA7450,0,2,310
C656,C654/3,15:08:58,4,-1,1,MY7560,0,2,51
T344,T356/1,15:09:19,4,-1,1,AC3371,0,2,30
T355/1,C688/1,15:10:00,4,-1,1,MY9491,0,2,310
T360,T376/1,15:10:10,4,-1,1,AA7537,0,2,82
T322,T342,15:10:10,4,-1,-1,MY9487,0,2,134
M127,M125,15:10:44,4,-1,1,AA7365,0,2,136
T342,T409,15:11:14,4,-1,1,MY9487,0,2,30
T356/1,T358,15:11:24,4,-1,1,AC3371,0,2,84
M182/1,T431,15:11:34,4,-1,1,MX7769,0,2,281
M95/3,M22,15:11:44,4,-1,1,MX7866,0,2,20
C688/1,C691,15:11:44,4,-1,1,MY9491,0,2,70
T376/1,T363/1,15:12:05,4,-1,1,AA7537,0,2,104
T409,T368,15:12:35,4,-1,1,MY9487,0,2,70
M177,M198,15:12:35,4,-1,2,AA7450,0,2,185
T358,T373/2,15:12:55,4,-1,1,AC3371,0,2,50
T431,T335,15:13:05,4,-1,1,MX7769,0,2,80
M125,M136/2,15:13:46,4,-1,1,AA7365,0,2,30
T335,T338,15:13:56,4,-1,1,MX7769,0,2,10
T363/1,T374,15:13:56,4,-1,1,AA7537,0,2,60
T368,T324/2,15:13:56,4,-1,1,MY9487,0,2,50
M136/2,M139/2,15:14:37,4,-1,2,AA7365,0,2,30
T373/2,T375,15:14:57,4,-1,1,AC3371,0,2,40
C654/3,C653/2,15:15:07,4,-1,1,MY7560,0,2,131
T374,T406,15:15:07,4,-1,1,AA7537,0,2,50
M22,M10,15:15:17,4,-1,1,MX7866,0,2,182
M198,M183/2,15:15:17,4,-1,2,AA7450,0,2,152
T338,T326/3,15:15:37,4,-1,-1,MX7769,0,2,71
T324/2,T327,15:15:48,4,-1,1,MY9487,0,2,60
C691,C655,15:15:58,4,-1,1,MY9491,1,2,212
M139/2,M184,15:16:28,4,-1,2,AA7365,0,2,30
C653/2,C692,15:16:28,4,-1,1,MY7560,0,2,71
T375,T380,15:16:48,4,-1,1,AC3371,0,2,50
M183/2,M140/1,15:16:48,4,-1,1,AA7450,0,2,20
T326/3,T332/2,15:16:59,4,-1,1,MX7769,0,2,60
C655,C686,15:17:19,4,-1,1,MY9491,1,2,70
T380,T379,15:17:29,4,-1,1,AC3371,0,2,10
C692,C689/1,15:17:49,4,-1,1,MY7560,0,2,60
M184,M188,15:18:20,4,-1,1,AA7365,0,2,50
T327,T337,15:18:20,4,-1,1,MY9487,1,2,121
T332/2,T325/2,15:18:52,4,-1,1,MX7769,0,2,83
T379,T359,15:18:52,4,-1,1,AC3371,0,2,32
M10,M16/1,15:19:02,4,-1,2,MX7866,0,2,184
C686,C656,15:19:02,4,-1,1,MY9491,0,2,20
T337,T334,15:19:02,4,-1,1,MY9487,0,2,20
M140/1,M137/2,15:19:34,4,-1,1,AA7450,0,2,41
T325/2,T339/2,15:19:44,4,-1,1,MX7769,0,2,21
M188,M203/2,15:19:54,4,-1,1,AA7365,0,2,62
T359,T355/1,15:20:35,4,-1,1,AC3371,0,2,92
C656,C654/3,15:20:35,4,-1,1,MY9491,0,2,50
T334,T430,15:20:45,4,-1,1,MY9487,0,2,71
T406,T345/1,15:20:55,4,-1,-1,AA7537,0,2,338
M203/2,M277,15:21:46,4,-1,-1,AA7365,0,2,60
C689/1,T355/2,15:21:56,4,-1,1,MY7560,0,2,173
T339/2,T408/1,15:22:16,4,-1,-1,MX7769,0,2,101
M137/2,M132/1,15:22:47,4,-1,1,AA7450,0,2,101
T345/1,T322,15:23:27,4,-1,-1,AA7537,0,2,101
M16/1,M109,15:24:08,4,-1,1,MX7866,0,2,202
T408/1,T343,15:24:28,4,-1,-1,MX7769,0,2,111
C654/3,C653/2,15:24:28,4,-1,1,MY9491,0,2,50
M277,M182/1,15:24:49,4,-1,1,AA7365,0,2,172
T355/2,T360,15:24:49,4,-1,1,MY7560,0,2,121
M95/3,M22,15:25:19,4,-1,1,MY9362,0,2,30
T322,T342,15:25:19,4,-1,-1,AA7537,0,2,101
T355/1,C688/1,15:25:49,4,-1,1,AC3371,0,2,283
M132/1,M200,15:25:59,4,-1,3,AA7450,0,2,80
T430,M177,15:26:10,4,-1,1,MY9487,0,2,293
T343,T316,15:26:44,4,-1,1,MX7769,0,2,95
T360,T376/1,15:26:54,4,-1,1,MY7560,0,2,105
M22,M10,15:27:04,4,-1,2,MY9362,0,2,75
T342,T409,15:27:25,4,-1,1,AA7537,0,2,65
C688/1,C691,15:27:45,4,-1,1,AC3371,0,2,60
C653/2,C692,15:27:55,4,-1,2,MY9491,0,2,135
M109,M112,15:28:46,4,-1,1,MX7866,0,2,206
T409,T368,15:28:46,4,-1,1,AA7537,0,2,50
C692,C689/1,15:29:06,4,-1,1,MY9491,0,2,40
M200,M121,15:29:06,4,-1,2,AA7450,1,2,121
T376/1,T363/1,15:29:16,4,-1,1,MY7560,0,2,121
T316,T345/5,15:29:36,4,-1,1,MX7769,0,2,151
C691,C652,15:29:36,4,-1,1,AC3371,0,2,81
M177,M198,15:29:47,4,-1,2,MY9487,0,2,172
M112,M127,15:30:07,4,-1,1,MX7866,0,2,20
T363/1,T374,15:30:27,4,-1,1,MY7560,0,2,30
T368,T324/2,15:30:27,4,-1,1,AA7537,0,2,60
M182/1,T431,15:30:37,4,-1,1,AA7365,0,2,243
C652,C655,15:30:47,4,-1,1,AC3371,0,2,10
T345/5,T344,15:31:28,4,-1,1,MX7769,0,2,91
T374,T406,15:31:28,4,-1,1,MY7560,0,2,30
M198,M183/2,15:31:28,4,-1,2,MY9487,0,2,91
M127,M125,15:31:38,4,-1,1,MX7866,0,2,60
C655,C657,15:31:38,4,-1,1,AC3371,0,2,40
T324/2,T327,15:31:48,4,-1,1,AA7537,0,2,61
C657,C686,15:32:09,4,-1,1,AC3371,0,2,20
C689/1,T355/2,15:32:09,4,-1,1,MY9491,0,2,142
M10,M16/1,15:32:19,4,-1,2,MY9362,0,2,263
T431,T335,15:32:39,4,-1,1,AA7365,0,2,81
T327,T326/2,15:32:39,4,-1,1,AA7537,0,2,30
M125,M136/2,15:32:59,4,-1,1,MX7866,0,2,10
T344,T356/1,15:32:59,4,-1,1,MX7769,0,2,81
M183/2,M140/1,15:33:30,4,-1,1,MY9487,0,2,60
T335,T338,15:33:40,4,-1,1,AA7365,0,2,10
C686,C656,15:34:10,4,-1,1,AC3371,0,2,60
T326/2,T337,15:34:10,4,-1,1,AA7537,0,2,60
M136/2,M139/2,15:34:20,4,-1,2,MX7866,0,2,20
T355/2,T360,15:34:32,4,-1,1,MY9491,0,2,113
T337,T334,15:34:43,4,-1,1,AA7537,0,2,22
M16/1,M109,15:35:03,4,-1,1,MY9362,0,2,42
M121,M113,15:35:03,4,-1,-1,AA7450,1,2,296
T338,T326/3,15:35:13,4,-1,-1,AA7365,0,2,62
M140/1,M137/2,15:35:13,4,-1,1,MY9487,0,2,72
C656,C654/3,15:35:23,4,-1,1,AC3371,0,2,40
T360,T376/1,15:35:54,4,-1,1,MY9491,0,2,41
T334,T430,15:35:54,4,-1,1,AA7537,0,2,61
M139/2,M184,15:36:05,4,-1,2,MX7866,0,2,41
T326/3,T332/2,15:36:45,4,-1,1,AA7365,0,2,71
M137/2,M132/1,15:36:45,4,-1,1,MY9487,0,2,50
T356/1,T358,15:36:55,4,-1,1,MX7769,0,2,225
T406,T345/1,15:36:55,4,-1,-1,MY7560,0,2,317
M184,M188,15:37:06,4,-1,1,MX7866,0,2,20
C654/3,C653/2,15:37:06,4,-1,1,AC3371,0,2,71
T332/2,T325/2,15:38:06,4,-1,1,AA7365,0,2,71
T376/1,T363/1,15:38:17,4,-1,1,MY9491,0,2,132
M113,M94,15:38:17,4,-1,-1,AA7450,0,2,132
M188,M203/2,15:38:27,4,-1,1,MX7866,0,2,20
T325/2,T339/2,15:38:57,4,-1,1,AA7365,0,2,30
T358,T373/2,15:38:57,4,-1,1,MX7769,0,2,40
T345/1,T322,15:39:07,4,-1,-1,MY7560,0,2,91
C653/2,C692,15:39:18,4,-1,1,AC3371,0,2,91
M109,M112,15:39:28,4,-1,1,MY9362,0,2,203
T363/1,T374,15:39:48,4,-1,1,MY9491,0,2,40
M132/1,M200,15:39:48,4,-1,3,MY9487,0,2,80
C692,C689/1,15:40:18,4,-1,1,AC3371,0,2,10
M94,M95/3,15:40:39,4,-1,-1,AA7450,0,2,91
T374,T406,15:40:49,4,-1,1,MY9491,0,2,30
T322,T342,15:40:49,4,-1,-1,MY7560,0,2,80
M112,M127,15:40:59,4,-1,1,MY9362,0,2,30
T339/2,T408/1,15:40:59,4,-1,-1,AA7365,0,2,91
T430,M177,15:40:59,4,-1,1,AA7537,0,2,273
M200,M201,15:41:09,4,-1,-1,MY9487,0,2,30
T373/2,T375,15:41:19,4,-1,1,MX7769,0,2,50
M203/2,M182/1,15:42:00,4,-1,1,MX7866,1,2,202
T342,T409,15:42:10,4,-1,1,MY7560,0,2,40
T375,T380,15:42:44,4,-1,1,MX7769,0,2,23
M127,M125,15:43:14,4,-1,1,MY9362,0,2,64
T408/1,T343,15:43:24,4,-1,-1,AA7365,0,2,115
T380,T379,15:43:44,4,-1,1,MX7769,0,2,10
T409,T324/2,15:44:05,4,-1,1,MY7560,1,2,91
C689/1,T355/2,15:44:15,4,-1,1,AC3371,0,2,175
M201,M121,15:44:15,4,-1,3,MY9487,0,2,40
T379,T359,15:44:35,4,-1,1,MX7769,0,2,10
M125,M136/2,15:45:16,4,-1,1,MY9362,0,2,91
T343,T316,15:45:36,4,-1,1,AA7365,0,2,91
M136/2,M139/2,15:46:16,4,-1,2,MY9362,0,2,10
T406,T345/1,15:46:16,4,-1,-1,MY9491,0,2,297
T324/2,T327,15:46:16,4,-1,1,MY7560,0,2,60
M182/1,T431,15:46:26,4,-1,1,MX7866,0,2,222
T359,T355/1,15:46:26,4,-1,1,MX7769,0,2,80
M177,M183/2,15:46:37,4,-1,3,AA7537,1,2,287
T355/2,T360,15:46:47,4,-1,1,AC3371,0,2,121
M121,M119,15:46:57,4,-1,2,MY9487,0,2,101
T327,T326/2,15:47:07,4,-1,1,MY7560,0,2,30
T431,T335,15:47:47,4,-1,1,MX7866,0,2,70
T360,T376/1,15:47:47,4,-1,1,AC3371,0,2,20
M183/2,M140/1,15:47:47,4,-1,1,AA7537,0,2,30
T316,T345/5,15:47:58,4,-1,1,AA7365,0,2,131
M139/2,M184,15:48:18,4,-1,2,MY9362,0,2,50
T326/2,T337,15:48:18,4,-1,1,MY7560,0,2,50
T335,T338,15:48:38,4,-1,1,MX7866,0,2,10
T337,T334,15:49:09,4,-1,1,MY7560,0,2,20
M184,M188,15:49:29,4,-1,1,MY9362,0,2,20
T376/1,T363/1,15:49:29,4,-1,2,AC3371,0,2,91
T345/1,T322,15:49:29,4,-1,-1,MY9491,0,2,152
M188,M203/2,15:50:09,4,-1,1,MY9362,0,2,20
T338,T326/3,15:50:09,4,-1,-1,MX7866,0,2,81
T345/5,T356/1,15:50:09,4,-1,1,AA7365,1,2,121
M140/1,M137/2,15:50:29,4,-1,1,AA7537,0,2,90
M119,M113,15:50:29,4,-1,-1,MY9487,0,2,162
T334,T430,15:50:40,4,-1,1,MY7560,0,2,70
M22,M10,15:51:00,4,-1,1,AA7450,0,2,151
T363/1,T374,15:51:00,4,-1,1,AC3371,0,2,50
T355/1,C688/1,15:51:10,4,-1,-1,MX7769,0,2,253
M203/2,M277,15:51:20,4,-1,-1,MY9362,0,2,40
T322,T342,15:51:44,4,-1,-1,MY9491,0,2,114
M137/2,M132/1,15:52:04,4,-1,1,AA7537,0,2,30
T356/1,T358,15:52:34,4,-1,1,AA7365,0,2,124
T326/3,T325/2,15:52:44,4,-1,1,MX7866,1,2,144
M113,M94,15:52:54,4,-1,-1,MY9487,0,2,94
C688/1,C691,15:53:14,4,-1,1,MX7769,0,2,70
T342,T409,15:53:14,4,-1,1,MY9491,0,2,70
T325/2,T339/2,15:53:35,4,-1,1,MX7866,0,2,20
T358,T373/2,15:53:35,4,-1,1,AA7365,0,2,30
M10,M16/1,15:53:55,4,-1,2,AA7450,0,2,101
M277,M182/1,15:54:05,4,-1,1,MY9362,0,2,151
T409,T368,15:54:15,4,-1,1,MY9491,0,2,50
T373/2,T375,15:55:06,4,-1,1,AA7365,0,2,30
T368,T324/2,15:55:06,4,-1,1,MY9491,0,2,40
C691,C652,15:55:26,4,-1,1,MX7769,0,2,80
M94,M95/3,15:55:26,4,-1,-1,MY9487,0,2,101
T430,M177,15:55:36,4,-1,1,MY7560,0,2,286
T339/2,T408/1,15:56:16,4,-1,-1,MX7866,0,2,151
T375,T380,15:56:16,4,-1,1,AA7365,0,2,40
M132/1,M200,15:56:27,4,-1,3,AA7537,0,2,232
T380,T379,15:56:37,4,-1,1,AA7365,0,2,10
C652,C655,15:56:47,4,-1,1,MX7769,0,2,30
T324/2,T327,15:57:17,4,-1,1,MY9491,0,2,70
M16/1,M109,15:57:27,4,-1,1,AA7450,0,2,121
M200,M201,15:57:27,4,-1,-1,AA7537,0,2,10
T408/1,T343,15:57:37,4,-1,-1,MX7866,0,2,60
T327,T326/2,15:57:58,4,-1,1,MY9491,0,2,30
C655,C657,15:58:08,4,-1,1,MX7769,0,2,50
M182/1,T431,15:58:18,4,-1,1,MY9362,0,2,222
T379,T359,15:58:28,4,-1,1,AA7365,0,2,60
C657,C686,15:58:48,4,-1,1,MX7769,0,2,30
M201,M121,15:59:09,4,-1,3,AA7537,0,2,91
T326/2,T337,15:59:19,4,-1,1,MY9491,0,2,60
M177,M198,15:59:19,4,-1,2,MY7560,0,2,172
T431,T335,15:59:49,4,-1,1,MY9362,0,2,61
T343,T316,15:59:49,4,-1,1,MX7866,0,2,91
M95/3,M22,16:00:00,4,-1,1,MY9487,0,2,121
T359,T355/1,16:00:00,4,-1,1,AA7365,0,2,61
T337,T334,16:00:10,4,-1,1,MY9491,0,2,20
M198,M183/2,16:01:04,4,-1,2,MY7560,0,2,95
M109,M112,16:01:25,4,-1,1,AA7450,0,2,166
C686,C654/3,16:01:35,4,-1,1,MX7769,1,2,125
T334,T430,16:01:35,4,-1,1,MY9491,0,2,60
M121,M119,16:01:35,4,-1,2,AA7537,0,2,135
T338,T326/3,16:01:45,4,-1,-1,MY9362,0,2,60
T316,T345/5,16:02:25,4,-1,1,MX7866,0,2,145
T345/1,T322,16:02:45,4,-1,-1,AC3371,0,2,131
T326/3,T332/2,16:02:56,4,-1,1,MY9362,0,2,50
M183/2,M140/1,16:03:26,4,-1,1,MY7560,0,2,40
M22,M10,16:03:36,4,-1,1,MY9487,0,2,151
M112,M127,16:03:46,4,-1,1,AA7450,0,2,101
T345/5,T344,16:03:56,4,-1,1,MX7866,0,2,70
T355/1,C688/1,16:03:56,4,-1,1,AA7365,0,2,226
T344,T356/1,16:04:38,4,-1,1,MX7866,0,2,30
M119,M113,16:04:38,4,-1,-1,AA7537,0,2,122
T332/2,T325/2,16:04:58,4,-1,1,MY9362,0,2,112
C654/3,C653/2,16:04:58,4,-1,1,MX7769,0,2,172
T322,T342,16:04:58,4,-1,-1,AC3371,0,2,102
M140/1,M137/2,16:04:58,4,-1,1,MY7560,0,2,50
C688/1,C691,16:05:18,4,-1,1,AA7365,0,2,70
T342,T409,16:05:59,4,-1,1,AC3371,0,2,40
M137/2,M132/1,16:05:59,4,-1,1,MY7560,0,2,30
M127,M125,16:06:10,4,-1,1,AA7450,0,2,102
M10,M16/1,16:06:20,4,-1,2,MY9487,0,2,102
T325/2,T339/2,16:06:20,4,-1,1,MY9362,0,2,51
T430,M177,16:06:20,4,-1,1,MY9491,0,2,264
C691,C652,16:07:06,4,-1,1,AA7365,0,2,67
T356/1,T358,16:07:16,4,-1,1,MX7866,0,2,137
C653/2,C692,16:07:36,4,-1,1,MX7769,0,2,127
T409,T368,16:07:36,4,-1,1,AC3371,0,2,86
C652,C655,16:08:16,4,-1,1,AA7365,0,2,30
T358,T373/2,16:08:26,4,-1,1,MX7866,0,2,30
C692,C689/1,16:08:26,4,-1,1,MX7769,0,2,10
T368,T324/2,16:08:26,4,-1,1,AC3371,0,2,20
M125,M136/2,16:08:47,4,-1,2,AA7450,0,2,146
M16/1,M109,16:09:07,4,-1,1,MY9487,0,2,10
T373/2,T375,16:09:17,4,-1,1,MX7866,0,2,20
M113,M94,16:09:27,4,-1,-1,AA7537,0,2,249
M177,M198,16:09:37,4,-1,2,MY9491,0,2,121
T339/2,T408/1,16:09:47,4,-1,-1,MY9362,0,2,111
M136/2,M139/2,16:09:58,4,-1,1,AA7450,0,2,50
C655,C686,16:09:58,4,-1,1,AA7365,1,2,70
T324/2,T327,16:10:28,4,-1,1,AC3371,0,2,70
T375,T380,16:10:38,4,-1,1,MX7866,0,2,50
M132/1,M200,16:10:38,4,-1,3,MY7560,0,2,171
T380,T379,16:11:09,4,-1,1,MX7866,0,2,10
T327,T326/2,16:11:19,4,-1,1,AC3371,0,2,20
T379,T359,16:11:49,4,-1,1,MX7866,0,2,20
M200,M201,16:11:49,4,-1,-1,MY7560,0,2,20
T408/1,T343,16:12:09,4,-1,-1,MY9362,0,2,121
C689/1,T355/2,16:12:09,4,-1,1,MX7769,0,2,151
M109,M112,16:12:19,4,-1,1,MY9487,0,2,141
M139/2,M184,16:12:29,4,-1,2,AA7450,0,2,40
C686,C656,16:12:29,4,-1,1,AA7365,0,2,111
M198,M183/2,16:12:29,4,-1,2,MY9491,0,2,162
M94,M95/3,16:12:29,4,-1,-1,AA7537,0,2,111
T326/2,T337,16:13:00,4,-1,1,AC3371,0,2,70
T359,T355/1,16:13:20,4,-1,1,MX7866,0,2,70
C656,C654/3,16:13:32,4,-1,1,AA7365,0,2,52
T343,T316,16:14:35,4,-1,1,MY9362,0,2,104
M183/2,M140/1,16:14:45,4,-1,1,MY9491,0,2,10
M112,M127,16:14:55,4,-1,1,MY9487,0,2,82
T355/2,T360,16:15:05,4,-1,1,MX7769,0,2,125
T337,T430,16:15:15,4,-1,1,AC3371,1,2,103
M127,M125,16:16:26,4,-1,1,MY9487,0,2,60
M184,M203/2,16:16:36,4,-1,1,AA7450,1,2,184
T360,T376/1,16:16:36,4,-1,1,MX7769,0,2,81
T316,T345/5,16:16:46,4,-1,-1,MY9362,0,2,111
M140/1,M137/2,16:16:56,4,-1,1,MY9491,0,2,50
T355/1,C688/1,16:17:17,4,-1,1,MX7866,0,2,214
M201,M119,16:17:17,4,-1,2,MY7560,1,2,287
C654/3,C653/2,16:17:27,4,-1,1,AA7365,0,2,214
M203/2,M277,16:18:17,4,-1,-1,AA7450,0,2,40
T345/5,T344,16:18:17,4,-1,1,MY9362,0,2,80
M137/2,M132/1,16:18:17,4,-1,2,MY9491,0,2,50
M95/3,M22,16:18:47,4,-1,2,AA7537,0,2,101
T344,T356/1,16:18:58,4,-1,1,MY9362,0,2,30
T376/1,T363/1,16:19:18,4,-1,1,MX7769,0,2,151
C688/1,C691,16:19:28,4,-1,1,MX7866,0,2,101
C653/2,C692,16:19:38,4,-1,1,AA7365,0,2,80
M125,M139/2,16:20:18,4,-1,2,MY9487,1,2,171
T430,M177,16:20:18,4,-1,1,AC3371,0,2,273
C692,C689/1,16:20:49,4,-1,1,AA7365,0,2,40
T363/1,T374,16:20:49,4,-1,1,MX7769,0,2,30
M277,M182/1,16:20:59,4,-1,1,AA7450,0,2,151
T356/1,T358,16:21:19,4,-1,1,MY9362,0,2,131
M139/2,M184,16:21:29,4,-1,2,MY9487,0,2,30
C691,C652,16:21:39,4,-1,1,MX7866,0,2,121
T374,T406,16:21:39,4,-1,1,MX7769,0,2,40
M119,M113,16:21:39,4,-1,-1,MY7560,0,2,171
M22,M10,16:22:20,4,-1,1,AA7537,0,2,161
T358,T373/2,16:22:34,4,-1,1,MY9362,0,2,34
M132/1,M200,16:22:34,4,-1,3,MY9491,0,2,54
M184,M188,16:22:44,4,-1,1,MY9487,0,2,10
C652,C655,16:22:55,4,-1,1,MX7866,0,2,34
M113,M94,16:23:15,4,-1,-1,MY7560,0,2,30
M200,M201,16:23:25,4,-1,-1,MY9491,0,2,20
M188,M203/2,16:23:55,4,-1,1,MY9487,0,2,30
T373/2,T375,16:23:55,4,-1,1,MY9362,0,2,30
C689/1,T355/2,16:23:55,4,-1,1,AA7365,0,2,125
C655,C657,16:24:05,4,-1,1,MX7866,0,2,40
M177,M198,16:24:15,4,-1,2,AC3371,0,2,186
M95/3,M22,16:24:56,4,0,1,AB5571,0,2,10
C657,C686,16:24:56,4,-1,1,MX7866,0,2,30
M10,M16/1,16:25:06,4,-1,3,AA7537,0,2,151
M203/2,M277,16:25:06,4,-1,-1,MY9487,0,2,50
M182/1,T431,16:25:16,4,-1,1,AA7450,0,2,206
M201,M121,16:25:26,4,-1,3,MY9491,0,2,80
T375,T380,16:25:46,4,-1,1,MY9362,0,2,40
T355/2,T360,16:26:17,4,-1,1,AA7365,0,2,111
T380,T379,16:26:27,4,-1,1,MY9362,0,2,10
C686,C656,16:26:27,4,-1,1,MX7866,0,2,30
M198,M183/2,16:26:47,4,-1,3,AC3371,0,2,141
M94,M95/3,16:26:47,4,-1,-1,MY7560,0,2,171
T431,T335,16:27:28,4,-1,1,AA7450,0,2,90
T379,T359,16:27:28,4,-1,1,MY9362,0,2,10
C656,C654/3,16:27:28,4,-1,1,MX7866,0,2,50
M277,M182/1,16:27:58,4,-1,1,MY9487,0,2,161
T335,T338,16:28:08,4,-1,1,AA7450,0,2,10
M183/2,M140/1,16:28:08,4,-1,1,AC3371,0,2,20
M16/1,M109,16:28:18,4,-1,1,AA7537,0,2,121
T406,T345/1,16:28:18,4,-1,-1,MX7769,0,2,323
T360,T363/1,16:28:38,4,-1,1,AA7365,1,2,101
T359,T355/1,16:28:59,4,-1,1,MY9362,0,2,80
C654/3,C653/2,16:29:29,4,-1,1,MX7866,0,2,91
T338,T326/3,16:29:49,4,-1,-1,AA7450,0,2,60
T363/1,T374,16:30:19,4,-1,1,AA7365,0,2,70
M140/1,M137/2,16:30:40,4,-1,1,AC3371,0,2,111
M22,M10,16:31:10,4,1,2,AB5571,0,2,343
T374,T406,16:31:10,4,-1,1,AA7365,0,2,40
T326/3,T332/2,16:31:20,4,-1,2,AA7450,0,2,80
M109,M112,16:31:41,4,-1,2,AA7537,0,2,142
C653/2,C692,16:32:02,4,-1,1,MX7866,0,2,142
M182/1,T431,16:32:22,4,-1,1,MY9487,0,2,223
C692,C689/1,16:32:42,4,-1,1,MX7866,0,2,20
M112,M127,16:32:52,4,-1,1,AA7537,0,2,60
M121,M113,16:33:02,4,-1,-1,MY9491,1,2,385
T345/1,T322,16:33:13,4,-1,-1,MX7769,0,2,284
T355/1,C688/1,16:33:23,4,-1,1,MY9362,0,2,243
T431,T335,16:33:33,4,-1,1,MY9487,0,2,60
T332/2,T325/2,16:33:33,4,-1,1,AA7450,0,2,111
M137/2,M132/1,16:33:33,4,-1,2,AC3371,0,2,121
M10,M16/1,16:33:53,4,3,3,AB5571,0,2,131
M127,M125,16:34:23,4,-1,1,AA7537,0,2,30
T335,T338,16:34:34,4,-1,1,MY9487,0,2,10
T325/2,T339/2,16:34:44,4,-1,1,AA7450,0,2,40
C688/1,C691,16:34:54,4,-1,1,MY9362,0,2,40
T338,T326/3,16:35:34,4,-1,-1,MY9487,0,2,40
C689/1,T355/2,16:35:45,4,-1,1,MX7866,0,2,151
M113,M94,16:35:45,4,-1,-1,MY9491,0,2,81
C691,C652,16:36:05,4,-1,1,MY9362,0,2,50
T322,T342,16:36:15,4,-1,-1,MX7769,0,2,141
T326/3,T332/2,16:36:35,4,-1,1,MY9487,0,2,40
M16/1,M109,16:36:55,4,3,1,AB5571,0,2,111
C652,C655,16:37:16,4,-1,1,MY9362,0,2,30
T339/2,T408/1,16:37:26,4,-1,-1,AA7450,0,2,121
M95/3,M22,16:37:36,4,-1,2,MY7560,0,2,162
M125,M139/2,16:37:36,4,-1,2,AA7537,1,2,101
T342,T409,16:37:36,4,-1,1,MX7769,0,2,40
M132/1,M200,16:37:36,4,-1,3,AC3371,0,2,121
T355/2,T360,16:38:06,4,-1,1,MX7866,0,2,111
T332/2,T325/2,16:38:37,4,-1,1,MY9487,0,2,91
C655,C657,16:38:37,4,-1,1,MY9362,0,2,50
M139/2,M184,16:38:57,4,-1,1,AA7537,0,2,30
C657,C686,16:39:07,4,-1,1,MY9362,0,2,20
T409,T368,16:39:07,4,-1,1,MX7769,0,2,70
M109,M112,16:39:37,4,3,2,AB5571,0,2,121
T325/2,T339/2,16:39:47,4,-1,1,MY9487,0,2,30
T360,T376/1,16:39:47,4,-1,1,MX7866,0,2,70
M22,M10,16:39:57,4,-1,1,MY7560,0,2,70
M200,M201,16:39:57,4,-1,-1,AC3371,0,2,10
T408/1,T343,16:40:08,4,-1,-1,AA7450,0,2,101
T368,T324/2,16:40:08,4,-1,1,MX7769,0,2,40
M184,M188,16:40:18,4,-1,1,AA7537,0,2,20
C686,C656,16:40:58,4,-1,1,MY9362,0,2,40
M201,M121,16:41:08,4,-1,3,AC3371,0,2,20
T376/1,T363/1,16:41:49,4,-1,1,MX7866,0,2,111
M94,M95/3,16:41:49,4,-1,-1,MY9491,0,2,242
T339/2,T408/1,16:41:59,4,-1,-1,MY9487,0,2,101
M112,M127,16:42:09,4,2,2,AB5571,0,2,50
C656,C654/3,16:42:09,4,-1,1,MY9362,0,2,60
T343,T316,16:42:19,4,-1,1,AA7450,0,2,101
T345/1,T322,16:42:19,4,-1,-1,AA7365,0,2,171
M10,M16/1,16:42:29,4,-1,1,MY7560,0,2,70
M188,M203/2,16:42:29,4,-1,1,AA7537,0,2,80
T324/2,T327,16:42:29,4,-1,1,MX7769,0,2,70
M121,M119,16:42:39,4,-1,3,AC3371,0,2,30
T363/1,T374,16:42:49,4,-1,1,MX7866,0,2,30
T327,T326/2,16:43:32,4,-1,1,MX7769,0,2,32
T374,T406,16:43:42,4,-1,1,MX7866,0,2,32
T408/1,T343,16:44:02,4,-1,-1,MY9487,0,2,93
M127,M125,16:44:12,4,3,1,AB5571,0,2,30
M203/2,M277,16:44:23,4,-1,-1,AA7537,0,2,62
T316,T345/5,16:44:43,4,-1,1,AA7450,0,2,133
T326/2,T337,16:44:43,4,-1,1,MX7769,0,2,60
T322,T342,16:45:03,4,-1,-1,AA7365,0,2,133
M119,M113,16:45:03,4,-1,-1,AC3371,0,2,80
T337,T334,16:45:13,4,-1,1,MX7769,0,2,20
M16/1,M109,16:45:23,4,-1,1,MY7560,0,2,91
T343,T316,16:46:04,4,-1,1,MY9487,0,2,91
C654/3,C653/2,16:46:24,4,-1,1,MY9362,0,2,234
T334,T430,16:46:54,4,-1,1,MX7769,0,2,50
M277,M182/1,16:47:05,4,-1,1,AA7537,0,2,141
T316,T345/5,16:47:25,4,-1,1,MY9487,0,2,70
M125,M136/2,16:47:45,4,4,1,AB5571,0,2,70
T345/5,T356/1,16:48:05,4,-1,1,AA7450,1,2,131
M113,M94,16:48:05,4,-1,-1,AC3371,0,2,20
T342,T368,16:48:25,4,-1,1,AA7365,1,2,161
M109,M112,16:48:46,4,-1,1,MY7560,0,2,151
M136/2,M139/2,16:48:46,4,4,2,AB5571,0,2,10
C653/2,C692,16:48:56,4,-1,1,MY9362,0,2,121
T368,T324/2,16:49:16,4,-1,1,AA7365,0,2,40
C692,C689/1,16:50:27,4,-1,1,MY9362,0,2,60
M139/2,M184,16:50:37,4,4,2,AB5571,0,2,40
T345/5,T344,16:50:47,4,-1,1,MY9487,0,2,60
T406,T345/1,16:50:47,4,-1,-1,MX7866,0,2,343
T324/2,T327,16:50:57,4,-1,1,AA7365,0,2,50
M112,M127,16:51:27,4,-1,2,MY7560,0,2,151
M184,M188,16:51:38,4,4,1,AB5571,0,2,20
M182/1,T431,16:51:48,4,-1,1,AA7537,0,2,222
T344,T356/1,16:51:48,4,-1,1,MY9487,0,2,40
T327,T326/2,16:51:58,4,-1,1,AA7365,0,2,30
T430,M177,16:51:58,4,-1,1,MX7769,0,2,293
M188,M203/2,16:52:38,4,4,1,AB5571,0,2,10
C689/1,T355/2,16:52:48,4,-1,1,MY9362,0,2,111
M127,M125,16:53:19,4,-1,1,MY7560,0,2,60
T345/1,T322,16:53:19,4,-1,-1,MX7866,0,2,141
T356/1,T358,16:53:29,4,-1,1,AA7450,0,2,293
T431,T335,16:53:39,4,-1,1,AA7537,0,2,80
T326/2,T337,16:53:39,4,-1,1,AA7365,0,2,70
M94,M95/3,16:53:49,4,-1,-1,AC3371,0,2,262
M203/2,M277,16:54:19,4,4,-1,AB5571,0,2,50
T335,T338,16:54:19,4,-1,1,AA7537,0,2,20
T337,T334,16:54:19,4,-1,1,AA7365,0,2,20
T358,T373/2,16:54:29,4,-1,1,AA7450,0,2,30
T355/2,T360,16:55:33,4,-1,1,MY9362,0,2,124
T373/2,T375,16:55:43,4,-1,1,AA7450,0,2,33
T322,T342,16:55:43,4,-1,-1,MX7866,0,2,114
T334,T430,16:55:43,4,-1,1,AA7365,0,2,73
M177,M198,16:55:43,4,-1,2,MX7769,0,2,175
M125,M139/2,16:55:53,4,-1,2,MY7560,1,2,134
M95/3,M22,16:56:24,4,-1,2,MY9491,0,2,63
T338,T326/3,16:56:24,4,-1,-1,AA7537,0,2,104
T360,T376/1,16:56:34,4,-1,1,MY9362,0,2,40
M277,M182/1,16:57:04,4,4,1,AB5571,0,2,154
T342,T409,16:57:14,4,-1,1,MX7866,0,2,70
T375,T380,16:57:24,4,-1,1,AA7450,0,2,40
M139/2,M184,16:57:35,4,-1,2,MY7560,0,2,40
M198,M183/2,16:57:55,4,-1,2,MX7769,0,2,121
T380,T379,16:58:15,4,-1,1,AA7450,0,2,20
T376/1,T363/1,16:58:25,4,-1,1,MY9362,0,2,101
T356/1,T358,16:58:55,4,-1,1,MY9487,0,2,417
M184,M188,16:59:05,4,-1,1,MY7560,0,2,10
T379,T359,16:59:16,4,-1,1,AA7450,0,2,50
T409,T368,16:59:16,4,-1,1,MX7866,0,2,90
M183/2,M140/1,16:59:16,4,-1,1,MX7769,0,2,10
T358,T373/2,16:59:37,4,-1,1,MY9487,0,2,31
M188,M203/2,16:59:57,4,-1,1,MY7560,0,2,20
T326/3,T325/2,16:59:57,4,-1,2,AA7537,1,2,203
T363/1,T374,17:00:07,4,-1,-1,MY9362,0,2,61
M140/1,M137/2,17:00:27,4,-1,-1,MX7769,0,2,30
T368,T324/2,17:00:37,4,-1,-1,MX7866,0,2,60
T373/2,T375,17:00:48,4,-1,-1,MY9487,0,2,30
T359,T355/1,17:00:48,4,-1,-1,AA7450,0,2,60
T430,M177,17:00:58,4,-1,-1,AA7365,0,2,304
T325/2,T339/2,17:01:08,4,-1,-1,AA7537,0,2,60
T374,T406,17:01:08,4,-1,-1,MY9362,0,2,40
M22,M10,17:01:18,4,-1,-1,MY9491,0,2,213
M203/2,M277,17:01:18,4,-1,-1,MY7560,0,2,50
M182/1,T431,17:01:18,4,4,-1,AB5571,0,2,213
T375,T380,17:01:28,4,-1,-1,MY9487,0,2,20
M137/2,M132/1,17:01:58,4,-1,-1,MX7769,0,2,50
T324/2,T327,17:02:08,4,-1,-1,MX7866,0,2,50
T380,T379,17:02:49,4,-1,-1,MY9487,0,2,20
T431,T335,17:03:09,4,4,-1,AB5571,0,2,101
T339/2,T408/1,17:03:29,4,-1,-1,AA7537,0,2,101
T379,T359,17:03:29,4,-1,-1,MY9487,0,2,20
T327,T326/2,17:03:29,4,-1,-1,MX7866,0,2,30
M10,M16/1,17:03:40,4,-1,-1,MY9491,0,2,91
M277,M182/1,17:03:50,4,-1,-1,MY7560,0,2,141
T335,T338,17:04:00,4,3,-1,AB5571,0,2,10
M132/1,M200,17:04:00,4,-1,-1,MX7769,0,2,70
T359,T355/1,17:04:34,4,-1,-1,MY9487,0,2,54
T355/1,C688/1,17:04:34,4,-1,-1,AA7450,0,2,206
M177,M198,17:04:34,4,-1,-1,AA7365,0,2,155
T326/2,T337,17:05:15,4,-1,1,MX7866,0,2,84
M200,M201,17:05:15,4,-1,-1,MX7769,0,2,30
T408/1,T343,17:05:35,4,-1,-1,AA7537,0,2,95
C688/1,C691,17:05:55,4,-1,1,AA7450,0,2,40
T337,T334,17:05:55,4,-1,1,MX7866,0,2,20
M198,M183/2,17:06:25,4,-1,1,AA7365,0,2,101
T406,T345/1,17:06:35,4,-1,-1,MY9362,0,2,317
C691,C652,17:07:26,4,-1,1,AA7450,0,2,60
M201,M121,17:07:26,4,-1,3,MX7769,0,2,50
T334,T430,17:07:36,4,-1,1,MX7866,0,2,50
T343,T316,17:07:56,4,-1,1,AA7537,0,2,90
M182/1,T431,17:08:06,4,-1,1,MY7560,0,2,212
M183/2,M140/1,17:08:06,4,-1,1,AA7365,0,2,50
M16/1,M109,17:08:27,4,-1,1,MY9491,0,2,192
T355/1,C688/1,17:08:37,4,-1,1,MY9487,0,2,222
C652,C655,17:08:37,4,-1,1,AA7450,0,2,40
C688/1,C691,17:09:27,4,-1,1,MY9487,0,2,40
T338,T325/2,17:09:48,4,3,1,AB5571,2,2,313
M140/1,M137/2,17:09:48,4,-1,1,AA7365,0,2,70
T431,T335,17:09:58,4,-1,1,MY7560,0,2,91
C655,C657,17:09:58,4,-1,1,AA7450,0,2,50
T316,T345/5,17:10:08,4,-1,-1,AA7537,0,2,121
C657,C686,17:10:28,4,-1,1,AA7450,0,2,20
T345/1,T322,17:10:38,4,-1,-1,MY9362,0,2,192
T325/2,T339/2,17:10:48,4,3,1,AB5571,0,2,20
T335,T338,17:10:58,4,-1,1,MY7560,0,2,10
C691,C652,17:11:08,4,-1,1,MY9487,0,2,50
M109,M112,17:11:29,4,-1,2,MY9491,0,2,141
T345/5,T344,17:11:59,4,-1,1,AA7537,0,2,50
C686,C656,17:11:59,4,-1,1,AA7450,0,2,30
C652,C655,17:12:09,4,-1,1,MY9487,0,2,30
M121,M119,17:12:19,4,-1,3,MX7769,0,2,222
T338,T326/3,17:12:39,4,-1,-1,MY7560,0,2,80
T344,T356/1,17:12:39,4,-1,1,AA7537,0,2,30
T322,T342,17:12:39,4,-1,-1,MY9362,0,2,101
M137/2,M132/1,17:12:50,4,-1,1,AA7365,0,2,101
T430,M177,17:13:00,4,-1,1,MX7866,0,2,303
C655,C657,17:13:10,4,-1,1,MY9487,0,2,50
C656,C654/3,17:13:10,4,-1,1,AA7450,0,2,60
M112,M127,17:13:20,4,-1,1,MY9491,0,2,40
T339/2,T408/1,17:13:34,4,3,-1,AB5571,0,2,124
C657,C686,17:13:44,4,-1,1,MY9487,0,2,23
T342,T409,17:13:54,4,-1,1,MY9362,0,2,43
T326/3,T332/2,17:14:14,4,-1,1,MY7560,0,2,84
T356/1,T358,17:14:54,4,-1,1,AA7537,0,2,124
M127,M125,17:15:25,4,-1,1,MY9491,0,2,90
T409,T368,17:15:25,4,-1,1,MY9362,0,2,70
C686,C656,17:15:45,4,-1,1,MY9487,0,2,80
T332/2,T325/2,17:15:55,4,-1,1,MY7560,0,2,90
T408/1,T343,17:15:55,4,3,-1,AB5571,0,2,70
T358,T373/2,17:16:05,4,-1,1,AA7537,0,2,40
T368,T324/2,17:16:36,4,-1,1,MY9362,0,2,40
T325/2,T339/2,17:16:46,4,-1,1,MY7560,0,2,20
M125,M136/2,17:16:56,4,-1,1,MY9491,0,2,20
C656,C654/3,17:16:56,4,-1,1,MY9487,0,2,50
T373/2,T375,17:17:06,4,-1,1,AA7537,0,2,20
M177,M198,17:17:06,4,-1,2,MX7866,0,2,171
M132/1,M200,17:17:06,4,-1,3,AA7365,0,2,111
C654/3,C653/2,17:17:16,4,-1,1,AA7450,0,2,50
M136/2,M139/2,17:17:46,4,-1,2,MY9491,0,2,20
M119,M113,17:17:46,4,-1,-1,MX7769,0,2,222
M95/3,M22,17:17:56,4,-1,2,AC3371,0,2,60
T375,T380,17:18:07,4,-1,1,AA7537,0,2,20
M200,M201,17:18:07,4,-1,-1,AA7365,0,2,20
T324/2,T327,17:18:37,4,-1,1,MY9362,0,2,70
T343,T316,17:18:47,4,3,1,AB5571,0,2,91
T380,T379,17:18:47,4,-1,1,AA7537,0,2,10
T339/2,T408/1,17:19:07,4,-1,-1,MY7560,0,2,101
T379,T359,17:19:07,4,-1,1,AA7537,0,2,10
M198,M183/2,17:19:31,4,-1,2,MX7866,0,2,135
M201,M121,17:19:31,4,-1,3,AA7365,0,2,44
M139/2,M184,17:19:42,4,-1,2,MY9491,0,2,34
T327,T326/2,17:19:42,4,-1,1,MY9362,0,2,34
C653/2,C692,17:19:52,4,-1,1,AA7450,0,2,125
M183/2,M140/1,17:20:12,4,-1,1,MX7866,0,2,20
T359,T355/1,17:20:43,4,-1,1,AA7537,0,2,71
T326/2,T337,17:20:43,4,-1,1,MY9362,0,2,51
M22,M10,17:20:53,4,-1,2,AC3371,0,2,126
T316,T345/5,17:20:53,4,3,1,AB5571,0,2,106
C692,C689/1,17:20:53,4,-1,1,AA7450,0,2,10
M140/1,M137/2,17:21:04,4,-1,1,MX7866,0,2,41
M184,M188,17:21:14,4,-1,1,MY9491,0,2,51
T337,T334,17:21:34,4,-1,1,MY9362,0,2,20
C654/3,C692,17:22:14,4,-1,1,MY9487,1,2,308
M113,M94,17:22:14,4,-1,-1,MX7769,0,2,132
T408/1,T343,17:22:25,4,-1,-1,MY7560,0,2,162
T345/5,T344,17:22:55,4,3,1,AB5571,0,2,80
C692,C689/1,17:22:55,4,-1,1,MY9487,0,2,10
M188,M203/2,17:23:06,4,-1,1,MY9491,0,2,81
M137/2,M132/1,17:23:06,4,-1,2,MX7866,0,2,91
M10,M16/1,17:23:26,4,-1,3,AC3371,0,2,71
T344,T356/1,17:23:36,4,3,1,AB5571,0,2,30
T334,T430,17:23:36,4,-1,1,MY9362,0,2,51
C689/1,T355/2,17:23:46,4,-1,1,AA7450,0,2,112
M203/2,M277,17:24:47,4,-1,-1,MY9491,0,2,30
T343,T316,17:24:47,4,-1,1,MY7560,0,2,101
T355/1,C688/1,17:24:47,4,-1,1,AA7537,0,2,223
M121,M119,17:24:47,4,-1,3,AA7365,0,2,264
M94,M95/3,17:24:47,4,-1,-1,MX7769,0,2,112
T356/1,T358,17:25:17,4,3,1,AB5571,0,2,60
T358,T373/2,17:26:08,4,3,1,AB5571,0,2,20
C688/1,C691,17:26:18,4,-1,1,AA7537,0,2,50
C689/1,T355/2,17:26:18,4,-1,1,MY9487,0,2,171
T355/2,T360,17:26:38,4,-1,1,AA7450,0,2,131
T373/2,T375,17:27:00,4,3,2,AB5571,0,2,21
M277,M182/1,17:27:10,4,-1,1,MY9491,0,2,132
T316,T345/5,17:27:10,4,-1,2,MY7560,0,2,132
T375,T380,17:28:02,4,3,1,AB5571,0,2,20
C691,C652,17:28:02,4,-1,1,AA7537,0,2,52
M16/1,M109,17:28:12,4,-1,1,AC3371,0,2,215
T355/2,T360,17:28:33,4,-1,1,MY9487,0,2,93
T380,T379,17:28:43,4,3,1,AB5571,0,2,10
M132/1,M200,17:28:53,4,-1,3,MX7866,0,2,123
T360,T376/1,17:29:03,4,-1,2,AA7450,0,2,123
T430,M177,17:29:03,4,-1,1,MY9362,0,2,296
T379,T359,17:29:13,4,3,1,AB5571,0,2,20
T360,T376/1,17:29:13,4,-1,2,MY9487,0,2,20
T345/5,T344,17:29:23,4,-1,1,MY7560,0,2,123
C652,C655,17:29:23,4,-1,1,AA7537,0,2,30
M200,M201,17:29:58,4,-1,-1,MX7866,0,2,10
M119,M113,17:29:58,4,-1,-1,AA7365,0,2,219
C655,C657,17:30:48,4,-1,1,AA7537,0,2,50
T344,T356/1,17:30:58,4,-1,1,MY7560,0,2,40
T359,T355/1,17:31:08,4,3,1,AB5571,0,2,105
T376/1,T363/1,17:31:08,4,-1,2,AA7450,0,2,115
T376/1,T363/1,17:31:18,4,-1,2,MY9487,0,2,80
M201,M121,17:31:39,4,-1,3,MX7866,0,2,50
M109,M112,17:31:49,4,-1,1,AC3371,0,2,145
M182/1,T431,17:31:59,4,-1,1,MY9491,0,2,206
C657,C686,17:31:59,4,-1,1,AA7537,0,2,20
T363/1,T374,17:32:50,4,-1,1,MY9487,0,2,40
T363/1,T374,17:32:50,4,-1,1,AA7450,0,2,60
T431,T335,17:33:45,4,-1,1,MY9491,0,2,75
T374,T406,17:33:45,4,-1,1,AA7450,0,2,34
T374,T406,17:33:45,4,-1,1,MY9487,0,2,34
M177,M198,17:33:45,4,-1,2,MY9362,0,2,176
M112,M127,17:34:15,4,-1,2,AC3371,0,2,40
C686,C656,17:34:25,4,-1,1,AA7537,0,2,40
T335,T338,17:34:45,4,-1,1,MY9491,0,2,20
M113,M94,17:34:55,4,-1,-1,AA7365,0,2,40
T355/1,C688/1,17:35:16,4,3,-1,AB5571,0,2,237
M121,M119,17:35:16,4,-1,3,MX7866,0,2,146
T356/1,T358,17:35:26,4,-1,1,MY7560,0,2,227
M127,M125,17:35:36,4,-1,1,AC3371,0,2,20
C656,C654/3,17:35:46,4,-1,1,AA7537,0,2,50
T338,T326/3,17:36:26,4,-1,-1,MY9491,0,2,70
M95/3,M22,17:36:37,4,-1,2,MX7769,0,2,101
T358,T373/2,17:36:37,4,-1,1,MY7560,0,2,30
C688/1,C691,17:37:17,4,3,1,AB5571,0,2,80
T326/3,T332/2,17:37:27,4,-1,1,MY9491,0,2,40
M198,M183/2,17:37:27,4,-1,2,MY9362,0,2,202
T373/2,T375,17:37:47,4,-1,1,MY7560,0,2,30
M125,M136/2,17:37:57,4,-1,1,AC3371,0,2,60
C691,C652,17:39:08,4,3,1,AB5571,0,2,70
M136/2,M139/2,17:39:39,4,-1,2,AC3371,0,2,70
T375,T380,17:39:49,4,-1,1,MY7560,0,2,70
M183/2,M140/1,17:39:49,4,-1,1,MY9362,0,2,40
M22,M10,17:40:09,4,-1,1,MX7769,0,2,161
T332/2,T325/2,17:40:09,4,-1,1,MY9491,0,2,131
C652,C655,17:40:19,4,3,1,AB5571,0,2,40
T380,T379,17:41:00,4,-1,1,MY7560,0,2,20
T406,T345/1,17:41:00,4,-1,-1,AA7450,0,2,424
T406,T345/1,17:41:00,4,-1,-1,MY9487,0,2,374
T325/2,T339/2,17:41:24,4,-1,1,MY9491,0,2,24
C655,C657,17:41:34,4,3,1,AB5571,0,2,44
C657,C686,17:42:04,4,3,1,AB5571,0,2,20
T379,T359,17:42:14,4,-1,1,MY7560,0,2,50
M139/2,M184,17:42:25,4,-1,3,AC3371,0,2,30
T345/1,T322,17:42:55,4,-1,-1,MY9487,0,2,91
M140/1,M137/2,17:43:15,4,-1,1,MY9362,0,2,111
T339/2,T408/1,17:43:25,4,-1,-1,MY9491,0,2,70
T359,T355/1,17:43:35,4,-1,1,MY7560,0,2,70
M184,M188,17:43:46,4,-1,1,AC3371,0,2,10
T345/1,T322,17:43:46,4,-1,-1,AA7450,0,2,141
C654/3,C692,17:44:26,4,-1,1,AA7537,1,2,307
C686,C656,17:44:46,4,2,1,AB5571,0,2,111
C692,C689/1,17:44:56,4,-1,1,AA7537,0,2,10
T322,T342,17:45:17,4,-1,-1,MY9487,0,2,91
M188,M203/2,17:45:37,4,-1,1,AC3371,0,2,10
C656,C654/3,17:45:47,4,2,1,AB5571,0,2,50
T322,T342,17:46:07,4,-1,-1,AA7450,0,2,111
M10,M109,17:46:28,4,-1,1,MX7769,1,2,327
T342,T409,17:46:52,4,-1,1,MY9487,0,2,54
M137/2,M132/1,17:47:02,4,-1,1,MY9362,0,2,196
M113,M94,17:47:02,4,-1,-1,MX7866,0,2,44
M203/2,M277,17:47:13,4,-1,-1,AC3371,0,2,65
T342,T409,17:47:44,4,-1,1,AA7450,0,2,42
T355/1,C688/1,17:48:20,4,-1,1,MY7560,0,2,274
T408/1,T343,17:48:34,4,-1,-1,MY9491,0,2,248
C689/1,T355/2,17:48:34,4,-1,1,AA7537,0,2,197
T409,T368,17:48:34,4,-1,1,MY9487,0,2,81
C654/3,C653/2,17:49:05,4,2,1,AB5571,0,2,70
C688/1,C691,17:49:25,4,-1,1,MY7560,0,2,30
T368,T324/2,17:49:45,4,-1,1,MY9487,0,2,40
T409,T368,17:49:55,4,-1,1,AA7450,0,2,95
M132/1,M200,17:50:16,4,-1,3,MY9362,0,2,50
T343,T316,17:50:26,4,-1,1,MY9491,0,2,80
M277,M182/1,17:50:46,4,-1,1,AC3371,0,2,202
C653/2,C692,17:50:46,4,3,2,AB5571,0,2,70
C691,C652,17:50:56,4,-1,1,MY7560,0,2,80
T355/2,T360,17:51:06,4,-1,1,AA7537,0,2,101
T368,T324/2,17:51:06,4,-1,1,AA7450,0,2,30
M109,M112,17:51:26,4,-1,1,MX7769,0,2,222
C652,C655,17:51:57,4,-1,1,MY7560,0,2,30
C692,C689/1,17:51:57,4,3,1,AB5571,0,2,20
T324/2,T327,17:52:27,4,-1,1,MY9487,0,2,50
T360,T376/1,17:52:37,4,-1,1,AA7537,0,2,60
T324/2,T327,17:52:37,4,-1,1,AA7450,0,2,60
M94,M95/3,17:52:47,4,-1,-1,MX7866,0,2,222
T316,T345/5,17:52:58,4,-1,1,MY9491,0,2,111
M112,M127,17:53:08,4,-1,1,MX7769,0,2,91
C655,C657,17:53:08,4,-1,1,MY7560,0,2,40
M200,M201,17:53:08,4,-1,-1,MY9362,0,2,50
T327,T326/2,17:53:28,4,-1,1,MY9487,0,2,30
T327,T326/2,17:53:48,4,-1,1,AA7450,0,2,40
C657,C686,17:53:58,4,-1,1,MY7560,0,2,40
T345/5,T344,17:54:40,4,-1,1,MY9491,0,2,61
C689/1,T355/2,17:54:50,4,3,1,AB5571,0,2,132
T376/1,T363/1,17:54:50,4,-1,1,AA7537,0,2,122
T326/2,T337,17:54:50,4,-1,1,MY9487,0,2,61
M201,M121,17:54:50,4,-1,3,MY9362,0,2,41
T326/2,T337,17:55:21,4,-1,1,AA7450,0,2,72
T344,T356/1,17:55:36,4,-1,2,MY9491,0,2,36
C686,C656,17:55:57,4,-1,1,MY7560,0,2,76
T337,T334,17:55:57,4,-1,1,MY9487,0,2,20
T337,T334,17:56:07,4,-1,1,AA7450,0,2,30
M182/1,T431,17:56:37,4,-1,1,AC3371,0,2,270
C656,C654/3,17:56:57,4,-1,1,MY7560,0,2,50
T363/1,T374,17:56:57,4,-1,1,AA7537,0,2,60
T355/2,T360,17:57:07,4,3,1,AB5571,0,2,106
T334,T430,17:57:28,4,-1,1,MY9487,0,2,60
T334,T430,17:57:38,4,-1,1,AA7450,0,2,60
T374,T406,17:57:48,4,-1,2,AA7537,0,2,30
M127,M136/2,17:57:58,4,-1,1,MX7769,1,2,218
T360,T376/1,17:57:58,4,3,1,AB5571,0,2,30
T431,T335,17:58:32,4,-1,1,AC3371,0,2,95
T356/1,T358,17:58:53,4,-1,1,MY9491,0,2,186
T335,T338,17:59:13,4,-1,1,AC3371,0,2,10
T376/1,T363/1,17:59:23,4,3,1,AB5571,0,2,74
T358,T373/2,17:59:53,4,-1,1,MY9491,0,2,30
M136/2,M139/2,18:00:04,4,-1,2,MX7769,0,2,20
M95/3,M22,18:00:24,4,-1,2,AA7365,0,2,267
T373/2,T375,18:01:05,4,-1,1,MY9491,0,2,30
M121,M119,18:01:15,4,-1,3,MY9362,0,2,375
T338,T326/3,18:01:25,4,-1,-1,AC3371,0,2,102
C654/3,C653/2,18:01:46,4,-1,1,MY7560,0,2,247
T363/1,T374,18:01:46,4,3,1,AB5571,0,2,92
T375,T380,18:02:06,4,-1,1,MY9491,0,2,20
T326/3,T332/2,18:02:26,4,-1,2,AC3371,0,2,40
T374,T406,18:02:26,4,3,2,AB5571,0,2,30
M139/2,M184,18:02:46,4,-1,2,MX7769,0,2,50
T380,T379,18:02:46,4,-1,1,MY9491,0,2,10
C653/2,C692,18:03:37,4,-1,1,MY7560,0,2,101
T430,M177,18:03:37,4,-1,1,MY9487,0,2,359
M22,M10,18:04:08,4,-1,2,AA7365,0,2,172
T406,T345/1,18:04:08,4,-1,-1,AA7537,0,2,335
M184,M188,18:04:18,4,-1,1,MX7769,0,2,10
T379,T355/1,18:04:38,4,-1,1,MY9491,1,2,81
M188,M203/2,18:04:58,4,-1,1,MX7769,0,2,20
C692,C689/1,18:04:58,4,-1,1,MY7560,0,2,40
T430,M177,18:05:08,4,-1,1,AA7450,0,2,420
T332/2,T325/2,18:05:18,4,-1,1,AC3371,0,2,121
M119,M113,18:05:18,4,-1,-1,MY9362,0,2,152
T325/2,T339/2,18:06:30,4,-1,1,AC3371,0,2,60
M203/2,M277,18:06:50,4,-1,-1,MX7769,0,2,81
T345/1,T322,18:07:20,4,-1,-1,AA7537,0,2,162
T339/2,T408/1,18:08:45,4,-1,-1,AC3371,0,2,105
T355/1,C688/1,18:08:45,4,-1,1,MY9491,0,2,227
C689/1,T355/2,18:09:06,4,-1,1,MY7560,0,2,186
T322,T342,18:09:46,4,-1,-1,AA7537,0,2,101
C688/1,C691,18:10:06,4,-1,1,MY9491,0,2,50
T406,T345/1,18:10:27,4,2,-1,AB5571,0,2,419
M10,M16/1,18:10:57,4,-1,3,AA7365,0,2,328
M277,M182/1,18:10:57,4,-1,1,MX7769,0,2,226
M113,M94,18:10:57,4,-1,-1,MY9362,0,2,70
M177,M198,18:11:17,4,-1,2,MY9487,0,2,348
T342,T409,18:11:38,4,-1,1,AA7537,0,2,50
T355/2,T360,18:11:48,4,-1,1,MY7560,0,2,111
T408/1,T343,18:12:28,4,-1,-1,AC3371,0,2,212
T360,T376/1,18:12:38,4,-1,1,MY7560,0,2,30
M177,M198,18:12:48,4,-1,2,AA7450,0,2,348
C691,C655,18:12:59,4,-1,1,MY9491,1,2,131
T345/1,T322,18:13:19,4,3,-1,AB5571,0,2,131
T409,T368,18:13:29,4,-1,1,AA7537,0,2,70
M16/1,M109,18:13:59,4,-1,1,AA7365,0,2,60
C655,C657,18:14:20,4,-1,1,MY9491,0,2,40
T368,T324/2,18:14:46,4,-1,1,AA7537,0,2,46
T376/1,T363/1,18:15:16,4,-1,1,MY7560,0,2,147
T322,T342,18:15:16,4,3,-1,AB5571,0,2,86
M94,M95/3,18:15:16,4,-1,-1,MY9362,0,2,208
C657,C686,18:15:26,4,-1,1,MY9491,0,2,40
M198,M183/2,18:15:57,4,-1,2,MY9487,0,2,208
T343,T316,18:16:27,4,-1,1,AC3371,0,2,111
M95/3,M22,18:16:37,4,-1,2,MX7866,0,2,157
T342,T409,18:16:47,4,3,1,AB5571,0,2,40
T324/2,T327,18:17:08,4,-1,1,AA7537,0,2,71
M183/2,M140/1,18:17:38,4,-1,3,MY9487,0,2,20
M182/1,T431,18:17:48,4,-1,1,MX7769,0,2,289
C686,C656,18:17:48,4,-1,1,MY9491,0,2,101
T363/1,T374,18:18:08,4,-1,1,MY7560,0,2,121
T409,T368,18:18:08,4,3,1,AB5571,0,2,70
T316,T345/5,18:18:19,4,-1,1,AC3371,0,2,101
M198,M183/2,18:18:19,4,-1,2,AA7450,0,2,212
M109,M112,18:18:39,4,-1,1,AA7365,0,2,182
T327,T326/2,18:18:59,4,-1,1,AA7537,0,2,40
C656,C654/3,18:19:09,4,-1,1,MY9491,0,2,60
T374,T406,18:19:19,4,-1,2,MY7560,0,2,40
T368,T324/2,18:19:19,4,3,1,AB5571,0,2,30
M183/2,M140/1,18:19:40,4,-1,3,AA7450,0,2,20
T345/5,T344,18:19:50,4,-1,1,AC3371,0,2,60
M112,M127,18:20:00,4,-1,1,AA7365,0,2,50
T431,T335,18:20:00,4,-1,1,MX7769,0,2,101
T344,T356/1,18:20:44,4,-1,1,AC3371,0,2,24
T326/2,T337,18:20:55,4,-1,1,AA7537,0,2,105
T324/2,T327,18:21:15,4,3,1,AB5571,0,2,74
T335,T338,18:21:35,4,-1,1,MX7769,0,2,10
T337,T334,18:22:05,4,-1,1,AA7537,0,2,30
M140/1,M137/2,18:23:06,4,-1,3,MY9487,0,2,247
M127,M125,18:23:16,4,-1,1,AA7365,0,2,121
T356/1,T358,18:23:16,4,-1,1,AC3371,0,2,121
T327,T337,18:23:37,4,3,1,AB5571,1,2,111
T338,T326/3,18:23:47,4,-1,-1,MX7769,0,2,80
T334,T430,18:23:57,4,-1,1,AA7537,0,2,50
T358,T373/2,18:24:27,4,-1,1,AC3371,0,2,30
C654/3,C653/2,18:24:47,4,-1,1,MY9491,0,2,101
T337,T334,18:24:47,4,3,1,AB5571,0,2,30
T326/3,T332/2,18:24:57,4,-1,1,MX7769,0,2,50
M140/1,M137/2,18:24:57,4,-1,3,AA7450,0,2,277
M125,M136/2,18:26:08,4,-1,2,AA7365,0,2,30
M137/2,M132/1,18:26:08,4,-1,2,MY9487,0,2,70
T334,T430,18:26:19,4,3,1,AB5571,0,2,60
C653/2,C692,18:26:29,4,-1,1,MY9491,0,2,91
T406,T345/1,18:26:39,4,-1,-1,MY7560,0,2,409
T332/2,T325/2,18:26:59,4,-1,1,MX7769,0,2,91
T373/2,T375,18:27:09,4,-1,1,AC3371,0,2,40
M137/2,M132/1,18:27:19,4,-1,2,AA7450,0,2,91
T325/2,T339/2,18:27:40,4,-1,2,MX7769,0,2,20
C692,C689/1,18:27:40,4,-1,1,MY9491,0,2,30
T375,T380,18:28:20,4,-1,1,AC3371,0,2,20
M136/2,M139/2,18:28:43,4,-1,2,AA7365,0,2,93
M16/1,M109,18:28:53,4,-1,1,MX7866,0,2,134
T380,T379,18:29:14,4,-1,1,AC3371,0,2,10
T345/1,T322,18:29:34,4,-1,-1,MY7560,0,2,134
T339/2,T408/1,18:29:54,4,-1,-1,MX7769,0,2,80
M139/2,M184,18:30:45,4,-1,1,AA7365,0,2,40
T379,T359,18:30:55,4,-1,1,AC3371,0,2,70
C689/1,T355/2,18:30:55,4,-1,1,MY9491,0,2,154
T322,T342,18:31:15,4,-1,-1,MY7560,0,2,91
M132/1,M200,18:31:15,4,-1,3,MY9487,0,2,91
M132/1,M200,18:32:06,4,-1,3,AA7450,0,2,60
M184,M188,18:32:26,4,-1,1,AA7365,0,2,10
T359,T355/1,18:32:26,4,-1,1,AC3371,0,2,80
T408/1,T343,18:32:36,4,-1,-1,MX7769,0,2,151
T342,T409,18:32:36,4,-1,1,MY7560,0,2,50
M200,M201,18:32:46,4,-1,-1,MY9487,0,2,40
M200,M201,18:33:27,4,-1,-1,AA7450,0,2,20
T355/2,T360,18:33:38,4,-1,1,MY9491,0,2,112
M109,M112,18:33:48,4,-1,2,MX7866,0,2,223
M188,M203/2,18:34:18,4,-1,2,AA7365,0,2,20
T409,T368,18:34:18,4,-1,1,MY7560,0,2,92
T360,T376/1,18:34:28,4,-1,1,MY9491,0,2,20
T430,M177,18:34:28,4,4,2,AB5571,0,2,459
M201,M121,18:34:28,4,-1,3,MY9487,0,2,40
T343,T316,18:34:59,4,-1,1,MX7769,0,2,102
M112,M127,18:35:09,4,-1,3,MX7866,0,2,70
M201,M121,18:35:09,4,-1,3,AA7450,0,2,50
T368,T324/2,18:35:39,4,-1,1,MY7560,0,2,30
T355/1,C688/1,18:36:32,4,-1,1,AC3371,0,2,206
M203/2,M277,18:37:03,4,-1,-1,AA7365,0,2,103
T376/1,T363/1,18:37:13,4,-1,1,MY9491,0,2,154
T324/2,T327,18:37:13,4,-1,1,MY7560,0,2,63
T316,T345/5,18:37:34,4,-1,1,MX7769,0,2,144
M121,M119,18:37:34,4,-1,2,MY9487,0,2,114
M127,M125,18:37:44,4,-1,1,MX7866,0,2,104
T327,T326/2,18:38:14,4,-1,1,MY7560,0,2,20
C688/1,C691,18:38:45,4,-1,1,AC3371,0,2,81
T363/1,T374,18:39:35,4,-1,1,MY9491,0,2,91
M177,M198,18:39:35,4,-1,3,AA7537,0,2,215
M121,M119,18:39:35,4,-1,2,AA7450,0,2,205
M125,M136/2,18:39:45,4,-1,2,MX7866,0,2,50
T345/5,T344,18:39:56,4,-1,1,MX7769,0,2,101
T326/2,T337,18:40:06,4,-1,1,MY7560,0,2,60
M177,M198,18:40:06,4,4,3,AB5571,0,2,276
M119,M113,18:40:36,4,-1,-1,MY9487,0,2,81
T337,T334,18:41:06,4,-1,1,MY7560,0,2,20
T374,T406,18:41:16,4,-1,1,MY9491,0,2,70
M277,M182/1,18:41:37,4,-1,1,AA7365,0,2,253
M136/2,M139/2,18:41:47,4,-1,2,MX7866,0,2,10
C691,C652,18:41:47,4,-1,1,AC3371,0,2,101
T334,T430,18:42:37,4,-1,1,MY7560,0,2,40
M113,M94,18:42:47,4,-1,-1,MY9487,0,2,80
C652,C655,18:42:58,4,-1,1,AC3371,0,2,10
M198,M183/2,18:43:08,4,-1,3,AA7537,0,2,182
M198,M183/2,18:43:08,4,4,3,AB5571,0,2,171
M139/2,M184,18:43:38,4,-1,2,MX7866,0,2,40
C655,C657,18:44:19,4,-1,1,AC3371,0,2,40
M183/2,M140/1,18:44:29,4,-1,2,AA7537,0,2,20
T344,T358,18:44:49,4,-1,1,MX7769,1,2,263
C657,C686,18:44:49,4,-1,1,AC3371,0,2,20
M183/2,M140/1,18:44:59,4,4,2,AB5571,0,2,50
M113,M94,18:45:30,4,-1,-1,AA7450,0,2,40
T358,T373/2,18:45:50,4,-1,1,MX7769,0,2,40
C686,C656,18:46:20,4,-1,1,AC3371,0,2,60
M140/1,M137/2,18:46:51,4,-1,3,AA7537,0,2,80
M140/1,M137/2,18:46:51,4,4,3,AB5571,0,2,70
M188,M203/2,18:47:21,4,-1,1,MX7866,0,2,30
C656,C654/3,18:47:21,4,-1,1,AC3371,0,2,50
T406,T345/1,18:47:55,4,-1,-1,MY9491,0,2,378
T373/2,T375,18:48:15,4,-1,1,MX7769,0,2,40
M94,M95/3,18:48:15,4,-1,-1,MY9487,0,2,266
M203/2,M277,18:48:35,4,-1,-1,MX7866,0,2,50
C654/3,C653/2,18:49:36,4,-1,1,AC3371,0,2,70
T375,T380,18:50:06,4,-1,1,MX7769,0,2,70
T345/1,T322,18:50:37,4,-1,-1,MY9491,0,2,151
T380,T379,18:50:57,4,-1,1,MX7769,0,2,10
M137/2,M132/1,18:50:57,4,-1,2,AA7537,0,2,215
C653/2,C692,18:51:17,4,-1,1,AC3371,0,2,90
T379,T359,18:51:47,4,-1,1,MX7769,0,2,20
M137/2,M132/1,18:51:58,4,4,2,AB5571,0,2,263
C692,C689/1,18:52:08,4,-1,1,AC3371,0,2,20
M94,M95/3,18:52:18,4,-1,-1,AA7450,0,2,347
T322,T342,18:52:28,4,-1,-1,MY9491,0,2,91
T359,T355/1,18:53:29,4,-1,1,MX7769,0,2,71
T342,T409,18:53:49,4,-1,1,MY9491,0,2,40
M132/1,M200,18:53:59,4,-1,2,AA7537,0,2,71
M95/3,M22,18:54:20,4,-1,1,MY9362,0,2,182
M277,M182/1,18:55:11,4,-1,1,MX7866,0,2,375
M200,M201,18:55:11,4,-1,-1,AA7537,0,2,20
M132/1,M200,18:55:34,4,4,3,AB5571,0,2,63
T409,T368,18:56:05,4,-1,1,MY9491,0,2,93
M201,M121,18:56:35,4,-1,3,AA7537,0,2,73
M200,M201,18:56:45,4,4,-1,AB5571,0,2,20
T335,T338,18:56:55,4,-1,1,AA7365,0,2,20
M22,M10,18:57:15,4,-1,1,MY9362,0,2,134
C689/1,T355/2,18:57:15,4,-1,1,AC3371,0,2,236
T368,T324/2,18:57:26,4,-1,1,MY9491,0,2,30
M201,M121,18:58:16,4,4,3,AB5571,0,2,70
T355/1,C688/1,18:58:36,4,-1,1,MX7769,0,2,266
M121,M119,18:58:36,4,-1,2,AA7537,0,2,70
T338,T326/3,18:58:46,4,-1,-1,AA7365,0,2,70
T355/2,T360,18:59:27,4,-1,1,AC3371,0,2,101
M177,M198,18:59:27,4,-1,2,MY7560,0,2,192
M10,M16/1,19:00:17,4,-1,2,MY9362,0,2,101
T324/2,T327,19:00:17,4,-1,1,MY9491,0,2,101
C688/1,C691,19:00:28,4,-1,1,MX7769,0,2,70
T326/3,T332/2,19:00:58,4,-1,2,AA7365,0,2,101
T327,T326/2,19:00:58,4,-1,1,MY9491,0,2,30
M121,M119,19:00:58,4,4,2,AB5571,0,2,101
T360,T376/1,19:01:18,4,-1,1,AC3371,0,2,101
M119,M113,19:01:28,4,-1,-1,AA7537,0,2,80
M198,M183/2,19:01:49,4,-1,3,MY7560,0,2,131
T326/2,T337,19:02:29,4,-1,1,MY9491,0,2,70
M16/1,M109,19:02:49,4,-1,1,MY9362,0,2,91
M182/1,T431,19:02:49,4,-1,1,MX7866,0,2,364
T337,T334,19:03:09,4,-1,1,MY9491,0,2,10
M113,M94,19:03:09,4,-1,-1,AA7537,0,2,20
C691,C652,19:03:20,4,-1,1,MX7769,0,2,131
T376/1,T363/1,19:03:20,4,-1,2,AC3371,0,2,111
M183/2,M140/1,19:03:34,4,-1,2,MY7560,0,2,35
M119,M113,19:03:34,4,4,-1,AB5571,0,2,95
T332/2,T325/2,19:03:55,4,-1,1,AA7365,0,2,156
T431,T335,19:04:25,4,-1,1,MX7866,0,2,75
C652,C655,19:04:25,4,-1,1,MX7769,0,2,30
T334,T430,19:04:45,4,-1,1,MY9491,0,2,50
T335,T338,19:05:05,4,-1,1,MX7866,0,2,10
T325/2,T339/2,19:05:05,4,-1,2,AA7365,0,2,30
T363/1,T374,19:05:16,4,-1,1,AC3371,0,2,50
M140/1,M137/2,19:05:16,4,-1,2,MY7560,0,2,50
C655,C657,19:05:46,4,-1,1,MX7769,0,2,50
T338,T326/3,19:06:16,4,-1,-1,MX7866,0,2,60
T374,T406,19:06:16,4,-1,2,AC3371,0,2,30
M109,M112,19:06:26,4,-1,1,MY9362,0,2,172
C657,C686,19:06:37,4,-1,1,MX7769,0,2,20
M113,M94,19:07:07,4,4,-1,AB5571,0,2,161
M94,M95/3,19:07:17,4,-1,-1,AA7537,0,2,172
T339/2,T408/1,19:07:27,4,-1,-1,AA7365,0,2,91
T326/3,T332/2,19:07:57,4,-1,2,MX7866,0,2,91
M112,M127,19:08:28,4,-1,1,MY9362,0,2,20
C686,C656,19:08:28,4,-1,1,MX7769,0,2,30
C656,C654/3,19:09:29,4,-1,1,MX7769,0,2,50
M137/2,M132/1,19:09:29,4,-1,1,MY7560,0,2,161
M94,M95/3,19:09:49,4,-1,-1,AB5571,0,2,101
T408/1,T343,19:10:29,4,-1,-1,AA7365,0,2,171
M127,M125,19:10:39,4,-1,1,MY9362,0,2,50
T332/2,T325/2,19:10:49,4,-1,1,MX7866,0,2,141
T325/2,T339/2,19:12:15,4,-1,1,MX7866,0,2,54
T406,T345/1,19:12:15,4,-1,-1,AC3371,0,2,317
T430,M177,19:12:15,4,-1,1,MY9491,0,2,408
M95/3,M22,19:13:05,4,-1,1,AA7450,0,2,156
C654/3,C653/2,19:13:25,4,-1,1,MX7769,0,2,216
M125,M136/2,19:13:56,4,-1,2,MY9362,0,2,50
M132/1,M200,19:13:56,4,-1,3,MY7560,0,2,206
T343,T345/5,19:14:36,4,-1,1,AA7365,1,2,216
T339/2,T408/1,19:14:46,4,-1,-1,MX7866,0,2,141
M200,M201,19:15:07,4,-1,-1,MY7560,0,2,20
C653/2,C692,19:15:27,4,-1,-1,MX7769,0,2,101
M136/2,M139/2,19:15:57,4,-1,2,MY9362,0,2,40
C692,C689/1,19:15:57,4,-1,1,MX7769,0,2,10
M22,M10,19:16:07,4,-1,2,AA7450,0,2,151
T345/1,T322,19:16:07,4,-1,-1,AC3371,0,2,182
T345/5,T344,19:16:17,4,-1,1,AA7365,0,2,50
M201,M121,19:16:38,4,-1,3,MY7560,0,2,40
M177,M198,19:16:58,4,-1,2,MY9491,0,2,171
T344,T356/1,19:17:18,4,-1,1,AA7365,0,2,40
T408/1,T343,19:17:28,4,-1,-1,MX7866,0,2,121
T322,T342,19:17:59,4,-1,-1,AC3371,0,2,70
M139/2,M184,19:18:19,4,-1,2,MY9362,0,2,40
M198,M183/2,19:18:19,4,-1,2,MY9491,0,2,70
M10,M16/1,19:18:39,4,-1,2,AA7450,0,2,101
M184,M188,19:18:49,4,-1,1,MY9362,0,2,20
T356/1,T358,19:19:19,4,-1,1,AA7365,0,2,111
M188,M203/2,19:19:30,4,-1,1,MY9362,0,2,20
C689/1,T355/2,19:19:30,4,-1,1,MX7769,0,2,131
T342,T409,19:19:30,4,-1,2,AC3371,0,2,40
T343,T316,19:19:50,4,-1,1,MX7866,0,2,91
M183/2,M140/1,19:19:50,4,-1,2,MY9491,0,2,10
T358,T373/2,19:20:20,4,-1,1,AA7365,0,2,30
M203/2,M277,19:20:33,4,-1,-1,MY9362,0,2,42
M121,M113,19:21:03,4,-1,-1,MY7560,1,2,234
T409,T368,19:21:53,4,-1,1,AC3371,0,2,80
T355/2,T360,19:22:04,4,-1,1,MX7769,0,2,113
M140/1,M137/2,19:22:14,4,-1,1,MY9491,0,2,80
T316,T345/5,19:22:24,4,-1,1,MX7866,0,2,123
T373/2,T375,19:22:34,4,-1,1,AA7365,0,2,30
T368,T324/2,19:22:54,4,-1,1,AC3371,0,2,40
T345/5,T344,19:23:45,4,-1,1,MX7866,0,2,50
M16/1,M109,19:24:25,4,-1,1,AA7450,0,2,232
T375,T380,19:24:25,4,-1,1,AA7365,0,2,50
M137/2,M132/1,19:24:35,4,-1,2,MY9491,0,2,90
T324/2,T327,19:24:45,4,-1,1,AC3371,0,2,70
M113,M94,19:24:45,4,-1,-1,MY7560,0,2,90
T344,T356/1,19:24:55,4,-1,1,MX7866,0,2,40
T380,T379,19:25:06,4,-1,1,AA7365,0,2,10
T360,T363/1,19:25:06,4,-1,1,MX7769,1,2,171
M277,M182/1,19:25:16,4,-1,1,MY9362,0,2,272
T379,T359,19:26:16,4,-1,1,AA7365,0,2,30
T327,T326/2,19:26:26,4,-1,1,AC3371,0,2,30
T363/1,T374,19:26:57,4,-1,1,MX7769,0,2,60
M22,M10,19:27:07,4,-1,1,MY9487,0,2,161
T356/1,T358,19:27:17,4,-1,1,MX7866,0,2,101
M132/1,M200,19:27:27,4,-1,3,MY9491,0,2,30
T374,T406,19:27:47,4,-1,1,MX7769,0,2,20
M94,M95/3,19:27:47,4,-1,-1,MY7560,0,2,151
T358,T373/2,19:28:08,4,-1,1,MX7866,0,2,40
T326/2,T337,19:28:08,4,-1,1,AC3371,0,2,91
M109,M112,19:28:28,4,-1,1,AA7450,0,2,181
T337,T334,19:28:48,4,-1,1,AC3371,0,2,10
M200,M201,19:28:58,4,-1,-1,MY9491,0,2,20
M10,M16/1,19:29:08,4,-1,2,MY9487,0,2,60
T373/2,T375,19:29:39,4,-1,1,MX7866,0,2,60
M112,M127,19:30:19,4,-1,1,AA7450,0,2,70
M201,M121,19:30:29,4,-1,3,MY9491,0,2,20
T334,T430,19:30:50,4,-1,1,AC3371,0,2,70
M16/1,M109,19:31:10,4,-1,1,MY9487,0,2,50
T359,C688/1,19:31:10,4,-1,1,AA7365,1,2,283
M182/1,T431,19:31:33,4,-1,1,MY9362,0,2,286
T375,T380,19:31:53,4,-1,1,MX7866,0,2,63
M121,M119,19:32:03,4,-1,3,MY9491,0,2,43
T380,T379,19:32:34,4,-1,1,MX7866,0,2,10
C688/1,C691,19:32:34,4,-1,1,AA7365,0,2,40
T379,T359,19:33:04,4,-1,1,MX7866,0,2,10
T431,T335,19:33:34,4,-1,1,MY9362,0,2,70
T406,T345/1,19:33:54,4,-1,-1,MX7769,0,2,306
M119,M113,19:33:54,4,-1,-1,MY9491,0,2,101
M109,M112,19:34:15,4,-1,1,MY9487,0,2,141
M127,M125,19:34:15,4,-1,1,AA7450,0,2,184
C691,C652,19:34:25,4,-1,1,AA7365,0,2,80
T335,T338,19:34:35,4,-1,1,MY9362,0,2,20
C652,C655,19:35:26,4,-1,1,AA7365,0,2,30
M113,M94,19:35:26,4,-1,-1,MY9491,0,2,70
T430,M177,19:35:56,4,-1,2,AC3371,0,2,286
C655,C657,19:36:16,4,-1,1,AA7365,0,2,40
M112,M127,19:36:26,4,-1,1,MY9487,0,2,40
M94,M95/3,19:36:26,4,-1,-1,MY9491,0,2,30
T345/1,T322,19:36:37,4,-1,-1,MX7769,0,2,121
T338,T326/3,19:36:57,4,-1,-1,MY9362,0,2,111
C657,C686,19:36:57,4,-1,1,AA7365,0,2,30
M125,M136/2,19:37:27,4,-1,1,AA7450,0,2,80
T326/3,T332/2,19:37:57,4,-1,1,MY9362,0,2,50
M127,M125,19:38:08,4,-1,1,MY9487,0,2,50
C686,C656,19:38:08,4,-1,1,AA7365,0,2,30
T359,C688/1,19:38:18,4,-1,1,MX7866,1,2,283
M136/2,M139/2,19:38:28,4,-1,2,AA7450,0,2,20
T322,T342,19:38:38,4,-1,-1,MX7769,0,2,101
C656,C654/3,19:39:08,4,-1,1,AA7365,0,2,50
M177,M198,19:39:29,4,-1,2,AC3371,0,2,151
C688/1,C691,19:39:39,4,-1,1,MX7866,0,2,30
T342,T409,19:39:39,4,-1,1,MX7769,0,2,40
M125,M136/2,19:39:49,4,-1,1,MY9487,0,2,30
M139/2,M184,19:40:29,4,-1,2,AA7450,0,2,40
T332/2,T325/2,19:40:29,4,-1,1,MY9362,0,2,111
T409,T368,19:41:10,4,-1,1,MX7769,0,2,70
T325/2,T339/2,19:41:20,4,-1,1,MY9362,0,2,20
M136/2,M139/2,19:41:42,4,-1,2,MY9487,0,2,73
M22,M10,19:41:52,4,-1,1,AA7537,0,2,93
M184,M188,19:42:13,4,-1,1,AA7450,0,2,20
M198,M183/2,19:42:23,4,-1,2,AC3371,0,2,164
C691,C655,19:42:34,4,-1,1,MX7866,1,2,134
T368,T324/2,19:42:34,4,-1,1,MX7769,0,2,51
M139/2,M184,19:42:54,4,-1,2,MY9487,0,2,41
M188,M203/2,19:43:14,4,-1,1,AA7450,0,2,20
C654/3,C653/2,19:43:35,4,-1,1,AA7365,0,2,102
T339/2,T408/1,19:43:45,4,-1,-1,MY9362,0,2,102
M184,M188,19:43:55,4,-1,1,MY9487,0,2,10
M183/2,M140/1,19:43:55,4,-1,1,AC3371,0,2,10
M10,M16/1,19:44:05,4,-1,1,AA7537,0,2,71
C655,C657,19:44:05,4,-1,1,MX7866,0,2,50
M203/2,M277,19:44:36,4,-1,-1,AA7450,0,2,40
C657,C686,19:44:46,4,-1,1,MX7866,0,2,30
T324/2,T327,19:44:46,4,-1,1,MX7769,0,2,70
M140/1,M137/2,19:45:16,4,-1,1,AC3371,0,2,40
M188,M203/2,19:45:36,4,-1,1,MY9487,0,2,80
T327,T326/2,19:45:57,4,-1,1,MX7769,0,2,20
C686,C656,19:46:07,4,-1,1,MX7866,0,2,30
C653/2,C692,19:46:07,4,-1,1,AA7365,0,2,141
M16/1,M109,19:46:17,4,-1,1,AA7537,0,2,40
T408/1,T343,19:46:37,4,-1,-1,MY9362,0,2,151
M137/2,M132/1,19:46:47,4,-1,1,AC3371,0,2,30
M203/2,M277,19:46:57,4,-1,-1,MY9487,0,2,50
C656,C654/3,19:47:07,4,-1,1,MX7866,0,2,50
C692,C689/1,19:47:07,4,-1,1,AA7365,0,2,40
T326/2,T337,19:47:07,4,-1,1,MX7769,0,2,60
M277,M182/1,19:47:38,4,-1,1,AA7450,0,2,171
T337,T334,19:48:08,4,-1,1,MX7769,0,2,30
M109,M112,19:48:28,4,-1,1,AA7537,0,2,111
T343,T316,19:48:38,4,-1,2,MY9362,0,2,90
M132/1,M200,19:48:48,4,-1,3,AC3371,0,2,50
C654/3,C653/2,19:49:29,4,-1,1,MX7866,0,2,80
M277,M182/1,19:49:39,4,-1,1,MY9487,0,2,151
M112,M127,19:49:49,4,-1,1,AA7537,0,2,30
M200,M201,19:49:49,4,-1,-1,AC3371,0,2,10
T316,T345/5,19:50:09,4,-1,1,MY9362,0,2,80
C689/1,T355/2,19:50:09,4,-1,1,AA7365,0,2,151
T334,T430,19:50:19,4,-1,1,MX7769,0,2,60
C653/2,C692,19:51:10,4,-1,1,MX7866,0,2,80
M127,M125,19:51:20,4,-1,1,AA7537,0,2,30
M201,M121,19:51:20,4,-1,3,AC3371,0,2,30
T345/5,T344,19:51:54,4,-1,1,MY9362,0,2,74
C692,C689/1,19:51:54,4,-1,1,MX7866,0,2,20
M182/1,T431,19:52:15,4,-1,1,AA7450,0,2,216
T344,T356/1,19:52:37,4,-1,1,MY9362,0,2,32
T355/2,T360,19:52:37,4,-1,1,AA7365,0,2,117
M121,M119,19:52:47,4,-1,2,AC3371,0,2,52
M125,M136/2,19:53:17,4,-1,1,AA7537,0,2,102
M182/1,T431,19:53:27,4,-1,1,MY9487,0,2,198
T360,T376/1,19:53:27,4,-1,1,AA7365,0,2,30
M136/2,M139/2,19:54:18,4,-1,2,AA7537,0,2,30
T431,T335,19:54:18,4,-1,1,AA7450,0,2,101
C689/1,T355/2,19:54:28,4,-1,1,MX7866,0,2,123
M119,M113,19:54:48,4,-1,-1,AC3371,0,2,70
T431,T335,19:54:58,4,-1,1,MY9487,0,2,70
T335,T338,19:54:58,4,-1,1,AA7450,0,2,10
T356/1,T358,19:54:58,4,-1,1,MY9362,0,2,121
T376/1,T363/1,19:54:58,4,-1,1,AA7365,0,2,80
M113,M94,19:55:09,4,-1,-1,AC3371,0,2,10
T335,T338,19:55:39,4,-1,1,MY9487,0,2,10
T358,T373/2,19:56:19,4,-1,1,MY9362,0,2,40
T430,M177,19:56:19,4,-1,1,MX7769,0,2,309
M139/2,M184,19:56:50,4,-1,2,AA7537,0,2,80
T355/2,T360,19:56:50,4,-1,1,MX7866,0,2,111
T363/1,T374,19:56:50,4,-1,1,AA7365,0,2,70
M94,M95/3,19:56:50,4,-1,-1,AC3371,0,2,30
T338,T326/3,19:57:10,4,-1,-1,AA7450,0,2,90
T338,T326/3,19:57:33,4,-1,-1,MY9487,0,2,93
T374,T406,19:57:33,4,-1,1,AA7365,0,2,33
T360,T376/1,19:58:03,4,-1,1,MX7866,0,2,53
M95/3,M22,19:58:13,4,-1,1,MY7560,0,2,73
M184,M188,19:58:13,4,-1,1,AA7537,0,2,30
T373/2,T375,19:58:13,4,-1,1,MY9362,0,2,30
T326/3,T332/2,19:58:34,4,-1,1,MY9487,0,2,40
T326/3,T332/2,19:58:34,4,-1,1,AA7450,0,2,50
T376/1,T363/1,19:59:34,4,-1,1,MX7866,0,2,80
M188,M203/2,19:59:55,4,-1,1,AA7537,0,2,70
T375,T380,19:59:55,4,-1,1,MY9362,0,2,30
T332/2,T325/2,20:00:25,4,-1,1,MY9487,0,2,70
M22,M10,20:00:45,4,-1,1,MY7560,0,2,101
M177,M198,20:00:45,4,-1,2,MX7769,0,2,161
T332/2,T325/2,20:00:55,4,-1,1,AA7450,0,2,91
T380,T379,20:00:55,4,-1,1,MY9362,0,2,20
T363/1,T374,20:01:15,4,-1,1,MX7866,0,2,50
M203/2,M277,20:01:26,4,-1,-1,AA7537,0,2,50
T325/2,T339/2,20:01:26,4,-1,1,MY9487,0,2,20
T325/2,T339/2,20:01:56,4,-1,1,AA7450,0,2,20
T374,T406,20:01:56,4,-1,1,MX7866,0,2,30
M10,M16/1,20:02:26,4,-1,1,MY7560,0,2,70
T379,T359,20:02:26,4,-1,1,MY9362,0,2,40
M198,M183/2,20:02:37,4,-1,3,MX7769,0,2,102
T406,T345/1,20:03:08,4,-1,-1,AA7365,0,2,324
T339/2,T408/1,20:03:18,4,-1,-1,MY9487,0,2,81
M16/1,M109,20:03:38,4,-1,1,MY7560,0,2,60
T359,T355/1,20:03:38,4,-1,1,MY9362,0,2,60
T339/2,T408/1,20:03:58,4,-1,-1,AA7450,0,2,70
M277,M182/1,20:04:19,4,-1,1,AA7537,0,2,162
M183/2,M140/1,20:04:19,4,-1,2,MX7769,0,2,50
M140/1,M137/2,20:05:40,4,-1,1,MX7769,0,2,50
T408/1,T343,20:05:50,4,-1,-1,MY9487,0,2,131
M109,M112,20:06:00,4,-1,1,MY7560,0,2,101
T408/1,T343,20:06:10,4,-1,-1,AA7450,0,2,121
T345/1,T322,20:06:34,4,-1,-1,AA7365,0,2,145
M137/2,M132/1,20:06:55,4,-1,1,MX7769,0,2,20
T343,T316,20:07:56,4,-1,1,MY9487,0,2,81
M132/1,M200,20:08:16,4,-1,3,MX7769,0,2,30
M112,M127,20:08:26,4,-1,1,MY7560,0,2,30
T343,T316,20:08:26,4,-1,1,AA7450,0,2,111
M182/1,T431,20:08:36,4,-1,1,AA7537,0,2,196
T322,T342,20:08:46,4,-1,-1,AA7365,0,2,101
T355/1,C688/1,20:08:56,4,-1,-1,MY9362,0,2,287
T406,T345/1,20:09:06,4,-1,-1,MX7866,0,2,420
M200,M201,20:09:27,4,-1,-1,MX7769,0,2,20
M127,M125,20:09:37,4,-1,1,MY7560,0,2,40
T316,T345/5,20:09:57,4,-1,1,MY9487,0,2,91
C688/1,C691,20:10:17,4,-1,1,MY9362,0,2,30
T342,T409,20:10:17,4,-1,1,AA7365,0,2,40
T316,T345/5,20:10:27,4,-1,1,AA7450,0,2,101
T431,T335,20:10:47,4,-1,1,AA7537,0,2,121
M201,M121,20:10:47,4,-1,3,MX7769,0,2,30
M125,M136/2,20:10:58,4,-1,1,MY7560,0,2,30
T335,T338,20:11:18,4,-1,1,AA7537,0,2,20
T345/5,T344,20:11:38,4,-1,1,MY9487,0,2,70
T345/1,T322,20:11:48,4,-1,-1,MX7866,0,2,131
T409,T368,20:11:58,4,-1,1,AA7365,0,2,70
T345/5,T344,20:12:08,4,-1,1,AA7450,0,2,80
C691,C652,20:12:08,4,-1,1,MY9362,0,2,80
M136/2,M139/2,20:12:39,4,-1,1,MY7560,0,2,50
T338,T326/3,20:12:39,4,-1,-1,AA7537,0,2,70
M121,M119,20:12:39,4,-1,2,MX7769,0,2,60
T344,T356/1,20:12:59,4,-1,1,AA7450,0,2,40
T368,T324/2,20:13:09,4,-1,1,AA7365,0,2,30
C652,C655,20:13:19,4,-1,1,MY9362,0,2,40
T326/3,T332/2,20:13:39,4,-1,1,AA7537,0,2,30
T322,T342,20:13:39,4,-1,-1,MX7866,0,2,101
M139/2,M184,20:14:00,4,-1,1,MY7560,0,2,30
T344,T358,20:14:00,4,-1,1,MY9487,1,2,131
C655,C657,20:14:32,4,-1,1,MY9362,0,2,52
M119,M113,20:14:32,4,-1,-1,MX7769,0,2,72
T356/1,T358,20:14:42,4,-1,1,AA7450,0,2,62
T358,T373/2,20:14:42,4,-1,1,MY9487,0,2,22
T342,T409,20:14:42,4,-1,1,MX7866,0,2,42
M184,M188,20:15:02,4,-1,1,MY7560,0,2,10
C657,C686,20:15:02,4,-1,1,MY9362,0,2,20
T324/2,T327,20:15:02,4,-1,1,AA7365,0,2,62
M113,M94,20:15:02,4,-1,-1,MX7769,0,2,20
T332/2,T325/2,20:15:33,4,-1,1,AA7537,0,2,83
T358,T373/2,20:15:43,4,-1,1,AA7450,0,2,31
C686,C656,20:15:53,4,-1,2,MY9362,0,2,20
T373/2,T375,20:16:04,4,-1,1,MY9487,0,2,30
T409,T368,20:16:04,4,-1,1,MX7866,0,2,71
T325/2,T339/2,20:16:14,4,-1,1,AA7537,0,2,20
M94,M95/3,20:16:14,4,-1,-1,MX7769,0,2,40
T327,T326/2,20:16:24,4,-1,1,AA7365,0,2,30
T373/2,T375,20:16:44,4,-1,1,AA7450,0,2,30
M188,M203/2,20:17:04,4,-1,1,MY7560,0,2,91
T375,T380,20:17:24,4,-1,1,MY9487,0,2,70
C656,C654/3,20:17:24,4,-1,2,MY9362,0,2,60
T375,T380,20:17:35,4,-1,1,AA7450,0,2,30
T368,T324/2,20:17:35,4,-1,1,MX7866,0,2,50
T326/2,T337,20:17:35,4,-1,1,AA7365,0,2,60
T380,T379,20:17:45,4,-1,1,MY9487,0,2,10
T339/2,T408/1,20:18:15,4,-1,-1,AA7537,0,2,91
T380,T379,20:18:15,4,-1,1,AA7450,0,2,10
M203/2,M277,20:18:36,4,-1,-1,MY7560,0,2,51
T379,T359,20:18:36,4,-1,1,MY9487,0,2,21
C654/3,C653/2,20:18:57,4,-1,1,MY9362,0,2,61
T337,T334,20:18:57,4,-1,1,AA7365,0,2,41
T379,T359,20:19:07,4,-1,1,AA7450,0,2,30
T359,T355/1,20:19:37,4,-1,1,MY9487,0,2,50
T408/1,T343,20:20:07,4,-1,-1,AA7537,0,2,60
T324/2,T326/2,20:20:07,4,-1,1,MX7866,1,2,112
M95/3,M22,20:20:28,4,-1,1,MY9491,0,2,428
T359,T355/1,20:20:28,4,-1,1,AA7450,0,2,70
M277,M182/1,20:21:28,4,-1,1,MY7560,0,2,161
T334,T430,20:21:38,4,-1,1,AA7365,0,2,60
T326/2,T337,20:21:49,4,-1,1,MX7866,0,2,80
T343,T316,20:22:19,4,-1,1,AA7537,0,2,101
C653/2,C689/1,20:22:19,4,-1,1,MY9362,1,2,192
T355/1,C688/1,20:23:41,4,-1,1,MY9487,0,2,233
M22,M10,20:24:21,4,-1,1,MY9491,0,2,223
T316,T345/5,20:24:21,4,-1,1,AA7537,0,2,112
T355/1,C688/1,20:25:03,4,-1,1,AA7450,0,2,234
C689/1,T355/2,20:25:13,4,-1,1,MY9362,0,2,143
C688/1,C691,20:25:33,4,-1,1,MY9487,0,2,60
T345/5,T344,20:25:43,4,-1,1,AA7537,0,2,50
M182/1,T431,20:26:03,4,-1,1,MY7560,0,2,194
M10,M16/1,20:26:34,4,-1,2,MY9491,0,2,80
T344,T356/1,20:26:34,4,-1,1,AA7537,0,2,40
C688/1,C691,20:26:54,4,-1,1,AA7450,0,2,30
C691,C652,20:27:14,4,-1,1,MY9487,0,2,70
T355/2,T360,20:27:34,4,-1,1,MY9362,0,2,111
T430,M177,20:27:34,4,-1,1,AA7365,0,2,315
T431,T335,20:28:15,4,-1,1,MY7560,0,2,101
T356/1,T358,20:28:15,4,-1,1,AA7537,0,2,90
C652,C655,20:28:15,4,-1,1,MY9487,0,2,30
T360,T376/1,20:28:15,4,-1,1,MY9362,0,2,30
M16/1,M109,20:28:25,4,-1,1,MY9491,0,2,20
C691,C652,20:28:35,4,-1,1,AA7450,0,2,60
T335,T338,20:28:55,4,-1,1,MY7560,0,2,10
T358,T373/2,20:29:05,4,-1,1,AA7537,0,2,30
C655,C657,20:29:16,4,-1,1,MY9487,0,2,50
T337,M177,20:29:16,4,-1,1,MX7866,2,2,436
C652,C655,20:29:46,4,-1,1,AA7450,0,2,30
C657,C686,20:29:46,4,-1,1,MY9487,0,2,20
T338,T326/3,20:30:06,4,-1,-1,MY7560,0,2,60
T373/2,T375,20:30:06,4,-1,1,AA7537,0,2,30
M109,M112,20:30:16,4,-1,1,MY9491,0,2,70
C655,C657,20:30:57,4,-1,1,AA7450,0,2,50
T376/1,T363/1,20:31:07,4,-1,1,MY9362,0,2,161
T326/3,T332/2,20:31:17,4,-1,1,MY7560,0,2,50
C686,C656,20:31:17,4,-1,1,MY9487,0,2,70
M177,M198,20:31:17,4,-1,1,AA7365,0,2,151
M112,M127,20:31:27,4,-1,1,MY9491,0,2,40
C657,C686,20:31:37,4,-1,1,AA7450,0,2,20
M127,M125,20:32:18,4,-1,1,MY9491,0,2,20
C656,C654/3,20:32:18,4,-1,1,MY9487,0,2,50
T363/1,T374,20:32:28,4,-1,1,MY9362,0,2,40
T332/2,T325/2,20:32:58,4,-1,1,MY7560,0,2,50
T375,T379,20:32:58,4,-1,1,AA7537,1,2,90
T374,T406,20:33:08,4,-1,1,MY9362,0,2,30
M177,M198,20:33:08,4,-1,1,MX7866,0,2,141
M125,M136/2,20:33:18,4,-1,1,MY9491,0,2,20
C686,C656,20:33:28,4,-1,1,AA7450,0,2,70
M198,M183/2,20:33:28,4,-1,1,AA7365,0,2,111
T379,T359,20:33:38,4,-1,1,AA7537,0,2,10
M136/2,M139/2,20:33:59,4,-1,1,MY9491,0,2,20
T325/2,T339/2,20:33:59,4,-1,1,MY7560,0,2,20
C656,C654/3,20:34:29,4,-1,1,AA7450,0,2,50
M183/2,M140/1,20:34:29,4,-1,1,AA7365,0,2,10
T359,T355/1,20:34:49,4,-1,1,AA7537,0,2,60
M198,M183/2,20:35:30,4,-1,2,MX7866,0,2,131
M139/2,M184,20:35:40,4,-1,1,MY9491,0,2,40
T339/2,T408/1,20:35:40,4,-1,-1,MY7560,0,2,61
C654/3,C653/2,20:36:21,4,-1,1,MY9487,0,2,222
M183/2,M140/1,20:36:32,4,-1,1,MX7866,0,2,21
M184,M188,20:36:42,4,-1,1,MY9491,0,2,21
M140/1,M137/2,20:36:52,4,-1,1,AA7365,0,2,132
M188,M203/2,20:37:32,4,-1,1,MY9491,0,2,10
T408/1,T343,20:37:32,4,-1,-1,MY7560,0,2,71
M137/2,M132/1,20:37:53,4,-1,1,AA7365,0,2,30
C654/3,C653/2,20:38:13,4,-1,1,AA7450,0,2,183
M140/1,M137/2,20:38:33,4,-1,1,MX7866,0,2,60
C653/2,C692,20:38:53,4,-1,-1,MY9487,0,2,141
M132/1,M200,20:39:14,4,-1,3,AA7365,0,2,30
T406,T345/1,20:39:24,4,-1,-1,MY9362,0,2,355
T343,T316,20:39:34,4,-1,1,MY7560,0,2,90
T355/1,C688/1,20:39:34,4,-1,-1,AA7537,0,2,254
C692,C689/1,20:39:44,4,-1,1,MY9487,0,2,10
M137/2,M132/1,20:39:54,4,-1,1,MX7866,0,2,50
C653/2,C692,20:40:04,4,-1,-1,AA7450,0,2,91
M200,M201,20:40:24,4,-1,-1,AA7365,0,2,20
C692,C689/1,20:41:05,4,-1,1,AA7450,0,2,30
M203/2,M182/1,20:41:15,4,-1,1,MY9491,1,2,181
C688/1,C691,20:41:15,4,-1,1,AA7537,0,2,40
M132/1,M200,20:41:25,4,-1,3,MX7866,0,2,50
T345/1,T322,20:41:45,4,-1,-1,MY9362,0,2,111
T316,T345/5,20:41:55,4,-1,1,MY7560,0,2,131
M201,M121,20:42:05,4,-1,3,AA7365,0,2,40
C689/1,T355/2,20:42:56,4,-1,1,MY9487,0,2,141
C691,C652,20:43:16,4,-1,1,AA7537,0,2,80
T345/5,T344,20:43:26,4,-1,1,MY7560,0,2,60
M121,M119,20:43:36,4,-1,2,AA7365,0,2,60
T322,T342,20:43:47,4,-1,-1,MY9362,0,2,101
T344,T356/1,20:44:07,4,-1,1,MY7560,0,2,30
C689/1,T355/2,20:44:27,4,-1,1,AA7450,0,2,151
C652,C655,20:44:37,4,-1,1,AA7537,0,2,40
M200,M201,20:44:37,4,-1,-1,MX7866,0,2,10
T342,T409,20:44:57,4,-1,1,MY9362,0,2,40
T355/2,T360,20:45:18,4,-1,1,MY9487,0,2,101
T356/1,T358,20:45:28,4,-1,1,MY7560,0,2,70
C655,C657,20:45:38,4,-1,1,AA7537,0,2,40
M95/3,M22,20:45:58,4,-1,1,AC3371,0,2,121
T360,T376/1,20:45:58,4,-1,1,MY9487,0,2,20
C657,C686,20:46:18,4,-1,1,AA7537,0,2,30
T409,T368,20:46:18,4,-1,1,MY9362,0,2,60
T355/2,T360,20:46:38,4,-1,1,AA7450,0,2,121
M182/1,T431,20:46:49,4,-1,1,MY9491,0,2,192
T358,T373/2,20:47:19,4,-1,1,MY7560,0,2,40
M119,M113,20:47:19,4,-1,-1,AA7365,0,2,161
C686,C656,20:47:29,4,-1,1,AA7537,0,2,30
T368,T324/2,20:47:29,4,-1,1,MY9362,0,2,40
M201,M119,20:47:39,4,-1,1,MX7866,1,2,141
T376/1,T363/1,20:48:09,4,-1,1,MY9487,0,2,101
T360,T376/1,20:48:20,4,-1,1,AA7450,0,2,91
M22,M10,20:48:30,4,-1,1,AC3371,0,2,101
T431,T335,20:48:30,4,-1,1,MY9491,0,2,70
C656,C654/3,20:48:30,4,-1,1,AA7537,0,2,50
T373/2,T375,20:48:40,4,-1,1,MY7560,0,2,40
T324/2,T327,20:49:33,4,-1,1,MY9362,0,2,63
M113,M94,20:49:33,4,-1,-1,AA7365,0,2,93
T376/1,T363/1,20:49:43,4,-1,1,AA7450,0,2,73
T363/1,T374,20:50:03,4,-1,1,MY9487,0,2,73
M10,M16/1,20:50:13,4,-1,2,AC3371,0,2,63
T335,T326/3,20:50:34,4,-1,-1,MY9491,1,2,73
T375,T380,20:50:34,4,-1,1,MY7560,0,2,83
T327,T326/2,20:50:44,4,-1,1,MY9362,0,2,30
M94,M95/3,20:50:54,4,-1,-1,AA7365,0,2,40
T363/1,T374,20:51:04,4,-1,1,AA7450,0,2,60
T374,T406,20:51:04,4,-1,1,MY9487,0,2,30
T380,T379,20:51:24,4,-1,1,MY7560,0,2,10
T374,T406,20:51:44,4,-1,1,AA7450,0,2,30
M119,M113,20:51:44,4,-1,-1,MX7866,0,2,235
C654/3,C653/2,20:51:55,4,-1,1,AA7537,0,2,50
T379,T359,20:52:15,4,-1,1,MY7560,0,2,20
T326/2,T337,20:52:25,4,-1,1,MY9362,0,2,91
M16/1,M109,20:52:45,4,-1,1,AC3371,0,2,91
T337,T334,20:53:05,4,-1,1,MY9362,0,2,20
M113,M94,20:53:05,4,-1,-1,MX7866,0,2,20
T326/3,T325/2,20:53:16,4,-1,1,MY9491,1,2,151
T359,T355/1,20:53:16,4,-1,1,MY7560,0,2,50
C653/2,C692,20:53:36,4,-1,1,AA7537,0,2,70
T325/2,T339/2,20:54:06,4,-1,1,MY9491,0,2,20
C692,C689/1,20:54:36,4,-1,1,AA7537,0,2,50
M94,M95/3,20:54:36,4,-1,-1,MX7866,0,2,60
M109,M112,20:54:57,4,-1,1,AC3371,0,2,101
T334,T430,20:55:27,4,-1,1,MY9362,0,2,60
T339/2,T408/1,20:56:07,4,-1,-1,MY9491,0,2,90
T355/1,C688/1,20:57:28,4,-1,-1,MY7560,0,2,222
C689/1,T355/2,20:57:28,4,-1,1,AA7537,0,2,151
M112,M127,20:57:38,4,-1,1,AC3371,0,2,141
T406,T345/1,20:57:48,4,-1,-1,MY9487,0,2,394
T406,T345/1,20:58:09,4,-1,-1,AA7450,0,2,363
T408/1,T343,20:58:49,4,-1,-1,MY9491,0,2,121
M127,M125,20:59:20,4,-1,1,AC3371,0,2,30
C688/1,C691,20:59:30,4,-1,1,MY7560,0,2,80
T355/2,T360,20:59:40,4,-1,1,AA7537,0,2,101
T345/1,T322,21:00:20,4,-1,-1,AA7450,0,2,111
T343,T316,21:00:41,4,-1,1,MY9491,0,2,92
T430,M177,21:00:52,4,-1,1,MY9362,0,2,314
M125,M136/2,21:01:02,4,-1,1,AC3371,0,2,30
M136/2,M139/2,21:02:02,4,-1,2,AC3371,0,2,20
C691,C655,21:02:02,4,-1,1,MY7560,1,2,122
T360,T376/1,21:02:02,4,-1,1,AA7537,0,2,102
T316,T345/5,21:02:34,4,-1,1,MY9491,0,2,81
T322,T342,21:02:34,4,-1,-1,AA7450,0,2,102
M139/2,M184,21:03:04,4,-1,2,AC3371,0,2,41
T345/1,T342,21:03:04,4,-1,-1,MY9487,1,2,214
C655,C657,21:03:24,4,-1,1,MY7560,0,2,50
T376/1,T363/1,21:03:24,4,-1,1,AA7537,0,2,71
M184,M188,21:03:45,4,-1,1,AC3371,0,2,10
T342,T409,21:04:05,4,-1,1,AA7450,0,2,60
T342,T409,21:04:05,4,-1,1,MY9487,0,2,30
C657,C686,21:04:15,4,-1,1,MY7560,0,2,30
T363/1,T374,21:04:35,4,-1,1,AA7537,0,2,40
T345/5,T344,21:04:45,4,-1,1,MY9491,0,2,121
M188,M203/2,21:05:16,4,-1,1,AC3371,0,2,10
T374,T406,21:05:16,4,-1,1,AA7537,0,2,30
T409,T368,21:05:16,4,-1,1,MY9487,0,2,60
M177,M198,21:05:26,4,-1,2,MY9362,0,2,172
C686,C656,21:05:36,4,-1,2,MY7560,0,2,50
T409,T368,21:05:36,4,-1,1,AA7450,0,2,60
M203/2,M277,21:06:06,4,-1,-1,AC3371,0,2,30
T368,T324/2,21:06:27,4,-1,1,AA7450,0,2,40
T368,T324/2,21:06:27,4,-1,1,MY9487,0,2,30
C656,C654/3,21:06:37,4,-1,2,MY7560,0,2,50
T344,T358,21:06:47,4,-1,1,MY9491,1,2,111
M95/3,M22,21:07:07,4,-1,1,MX7769,0,2,101
T324/2,T327,21:07:27,4,-1,1,MY9487,0,2,40
M198,M183/2,21:07:27,4,-1,2,MY9362,0,2,111
T358,T373/2,21:07:48,4,-1,1,MY9491,0,2,30
T324/2,T327,21:08:08,4,-1,1,AA7450,0,2,60
T327,T326/2,21:08:38,4,-1,1,MY9487,0,2,30
T373/2,T375,21:08:58,4,-1,1,MY9491,0,2,20
M183/2,M140/1,21:08:58,4,-1,1,MY9362,0,2,10
M277,M182/1,21:09:09,4,-1,1,AC3371,0,2,172
T327,T326/2,21:09:19,4,-1,1,AA7450,0,2,30
M22,M10,21:09:39,4,-1,1,MX7769,0,2,91
T326/2,T337,21:09:59,4,-1,1,MY9487,0,2,60
T326/2,T337,21:10:40,4,-1,1,AA7450,0,2,71
T337,T334,21:10:50,4,-1,1,MY9487,0,2,20
M10,M16/1,21:11:10,4,-1,1,MX7769,0,2,50
T375,T380,21:11:10,4,-1,1,MY9491,0,2,81
M140/1,M137/2,21:11:20,4,-1,1,MY9362,0,2,101
C654/3,C653/2,21:11:31,4,-1,1,MY7560,0,2,71
T337,T334,21:11:31,4,-1,1,AA7450,0,2,30
T406,T345/1,21:11:51,4,-1,-1,AA7537,0,2,384
T380,T379,21:12:01,4,-1,1,MY9491,0,2,10
M137/2,M132/1,21:12:21,4,-1,1,MY9362,0,2,20
C653/2,C692,21:13:04,4,-1,1,MY7560,0,2,72
T334,T430,21:13:14,4,-1,1,AA7450,0,2,62
M16/1,M109,21:13:34,4,-1,1,MX7769,0,2,93
M132/1,M200,21:13:34,4,-1,3,MY9362,0,2,20
M182/1,T431,21:13:44,4,-1,1,AC3371,0,2,204
T379,T359,21:13:54,4,-1,1,MY9491,0,2,70
C692,C689/1,21:13:54,4,-1,1,MY7560,0,2,30
T345/1,T322,21:14:04,4,-1,-1,AA7537,0,2,81
M200,M201,21:15:05,4,-1,-1,MY9362,0,2,20
T431,T335,21:15:15,4,-1,1,AC3371,0,2,80
T359,T355/1,21:15:36,4,-1,1,MY9491,0,2,70
M109,M112,21:15:46,4,-1,1,MX7769,0,2,101
T322,T342,21:15:56,4,-1,-1,AA7537,0,2,91
T335,T338,21:16:26,4,-1,1,AC3371,0,2,10
M201,M121,21:16:26,4,-1,2,MY9362,0,2,40
C689/1,T355/2,21:16:46,4,-1,1,MY7560,0,2,131
M112,M127,21:17:07,4,-1,1,MX7769,0,2,40
T334,M177,21:17:17,4,-1,1,MY9487,1,2,336
T342,T409,21:17:27,4,-1,1,AA7537,0,2,60
M121,M119,21:17:27,4,-1,1,MY9362,0,2,20
T338,T326/3,21:17:57,4,-1,-1,AC3371,0,2,60
T409,T368,21:18:17,4,-1,1,AA7537,0,2,40
M127,M125,21:18:48,4,-1,1,MX7769,0,2,50
T430,M177,21:18:58,4,-1,1,AA7450,0,2,334
T355/2,T360,21:19:08,4,-1,1,MY7560,0,2,111
T355/1,C688/1,21:19:49,4,-1,1,MY9491,0,2,222
T368,T324/2,21:19:49,4,-1,1,AA7537,0,2,40
M119,M113,21:19:49,4,-1,-1,MY9362,0,2,91
T360,T376/1,21:20:19,4,-1,1,MY7560,0,2,50
M125,M136/2,21:20:49,4,-1,1,MX7769,0,2,91
M113,M94,21:20:59,4,-1,-1,MY9362,0,2,30
T324/2,T327,21:21:20,4,-1,1,AA7537,0,2,60
M136/2,M139/2,21:21:33,4,-1,2,MX7769,0,2,23
M177,M198,21:21:44,4,-1,2,MY9487,0,2,165
T376/1,T363/1,21:21:54,4,-1,1,MY7560,0,2,84
T326/3,T339/2,21:22:04,4,-1,1,AC3371,2,2,216
M94,M95/3,21:22:14,4,-1,-1,MY9362,0,2,30
M177,M198,21:22:24,4,-1,2,AA7450,0,2,145
T327,T326/2,21:22:34,4,-1,1,AA7537,0,2,20
M139/2,M184,21:23:15,4,-1,2,MX7769,0,2,60
C688/1,C691,21:23:25,4,-1,1,MY9491,0,2,30
T363/1,T374,21:23:25,4,-1,1,MY7560,0,2,40
M198,M183/2,21:23:35,4,-1,2,MY9487,0,2,101
M198,M183/2,21:23:55,4,-1,2,AA7450,0,2,80
T339/2,T408/1,21:24:15,4,-1,-1,AC3371,0,2,80
T374,T406,21:24:15,4,-1,1,MY7560,0,2,30
M184,M188,21:24:25,4,-1,1,MX7769,0,2,20
M183/2,M140/1,21:24:56,4,-1,1,MY9487,0,2,10
T326/2,T334,21:25:06,4,-1,1,AA7537,1,2,121
M183/2,M140/1,21:25:16,4,-1,1,AA7450,0,2,20
M188,M203/2,21:25:26,4,-1,1,MX7769,0,2,20
C691,C652,21:25:46,4,-1,1,MY9491,0,2,91
M140/1,M137/2,21:26:07,4,-1,1,MY9487,0,2,30
C652,C655,21:26:57,4,-1,1,MY9491,0,2,30
T334,T430,21:27:07,4,-1,1,AA7537,0,2,60
T408/1,T343,21:27:18,4,-1,-1,AC3371,0,2,131
M140/1,M137/2,21:27:28,4,-1,1,AA7450,0,2,101
M137/2,M132/1,21:27:28,4,-1,1,MY9487,0,2,40
C655,C657,21:28:18,4,-1,1,MY9491,0,2,50
M137/2,M132/1,21:28:28,4,-1,1,AA7450,0,2,40
C657,C686,21:28:49,4,-1,1,MY9491,0,2,20
M132/1,M200,21:28:49,4,-1,3,MY9487,0,2,20
M203/2,M182/1,21:29:29,4,-1,1,MX7769,1,2,202
T343,T316,21:29:29,4,-1,1,AC3371,0,2,101
M132/1,M200,21:29:29,4,-1,3,AA7450,0,2,20
T406,T345/1,21:29:39,4,-1,-1,MY7560,0,2,303
C686,C656,21:30:10,4,-1,1,MY9491,0,2,30
M200,M201,21:30:10,4,-1,-1,MY9487,0,2,10
M200,M201,21:30:42,4,-1,-1,AA7450,0,2,10
C656,C654/3,21:31:16,4,-1,1,MY9491,0,2,56
M95/3,M22,21:31:26,4,-1,2,MY9362,0,2,127
M201,M121,21:31:26,4,-1,2,MY9487,0,2,10
T345/1,T322,21:31:57,4,-1,-1,MY7560,0,2,84
M201,M121,21:31:57,4,-1,2,AA7450,0,2,30
T316,T344,21:32:17,4,-1,1,AC3371,1,2,157
M121,M119,21:32:27,4,-1,2,MY9487,0,2,30
M22,M10,21:32:47,4,-1,1,MY9362,0,2,40
T344,T356/1,21:32:47,4,-1,1,AC3371,0,2,20
T430,M177,21:32:47,4,-1,1,AA7537,0,2,309
M121,M119,21:33:07,4,-1,2,AA7450,0,2,40
T322,T342,21:33:28,4,-1,-1,MY7560,0,2,80
M10,M16/1,21:34:18,4,-1,1,MY9362,0,2,50
M119,M113,21:34:18,4,-1,-1,MY9487,0,2,60
T356/1,T358,21:34:28,4,-1,1,AC3371,0,2,70
M182/1,T431,21:34:39,4,-1,1,MX7769,0,2,202
T342,T409,21:35:09,4,-1,1,MY7560,0,2,60
T358,T373/2,21:35:29,4,-1,1,AC3371,0,2,30
M119,M113,21:36:00,4,-1,-1,AA7450,0,2,121
M16/1,M109,21:36:10,4,-1,1,MY9362,0,2,40
T431,T335,21:36:10,4,-1,1,MX7769,0,2,81
M113,M94,21:36:20,4,-1,-1,MY9487,0,2,91
T409,T368,21:36:35,4,-1,1,MY7560,0,2,65
T335,T338,21:36:45,4,-1,1,MX7769,0,2,10
M113,M94,21:36:55,4,-1,-1,AA7450,0,2,20
T373/2,T375,21:37:16,4,-1,1,AC3371,0,2,20
C654/3,C653/2,21:37:26,4,-1,1,MY9491,0,2,65
T368,T324/2,21:37:26,4,-1,1,MY7560,0,2,30
M177,M198,21:37:26,4,-1,1,AA7537,0,2,177
M94,M95/3,21:37:36,4,-1,-1,MY9487,0,2,40
T338,T326/3,21:38:26,4,-1,-1,MX7769,0,2,60
M94,M95/3,21:38:26,4,-1,-1,AA7450,0,2,70
C653/2,C692,21:38:57,4,-1,1,MY9491,0,2,80
M109,M112,21:39:07,4,-1,2,MY9362,0,2,121
T375,T380,21:39:07,4,-1,1,AC3371,0,2,60
T324/2,T327,21:39:07,4,-1,1,MY7560,0,2,60
T326/3,T332/2,21:39:17,4,-1,1,MX7769,0,2,30
M198,M183/2,21:39:37,4,-1,1,AA7537,0,2,121
T380,T379,21:39:47,4,-1,1,AC3371,0,2,10
T327,T326/2,21:40:08,4,-1,1,MY7560,0,2,20
T379,T359,21:40:38,4,-1,1,AC3371,0,2,20
C692,C689/1,21:40:48,4,-1,1,MY9491,0,2,91
M183/2,M140/1,21:41:08,4,-1,1,AA7537,0,2,20
M112,M127,21:41:18,4,-1,1,MY9362,0,2,40
T332/2,T325/2,21:41:29,4,-1,1,MX7769,0,2,91
T326/2,T337,21:41:29,4,-1,1,MY7560,0,2,50
T359,T355/1,21:41:49,4,-1,1,AC3371,0,2,60
T325/2,T339/2,21:41:59,4,-1,1,MX7769,0,2,20
T337,T334,21:42:19,4,-1,1,MY7560,0,2,20
M127,M125,21:42:30,4,-1,1,MY9362,0,2,20
C689/1,T355/2,21:43:00,4,-1,1,MY9491,0,2,111
M140/1,M137/2,21:43:32,4,-1,1,AA7537,0,2,112
T339/2,T408/1,21:43:42,4,-1,-1,MX7769,0,2,72
T334,T430,21:43:42,4,-1,1,MY7560,0,2,41
M125,M136/2,21:44:32,4,-1,1,MY9362,0,2,72
M137/2,M132/1,21:44:42,4,-1,1,AA7537,0,2,40
T355/2,T360,21:45:13,4,-1,1,MY9491,0,2,101
M136/2,M139/2,21:45:23,4,-1,2,MY9362,0,2,10
T355/1,C688/1,21:45:43,4,-1,1,AC3371,0,2,203
T408/1,T343,21:45:53,4,-1,-1,MX7769,0,2,121
T360,T376/1,21:46:45,4,-1,1,MY9491,0,2,71
C688/1,C691,21:46:55,4,-1,1,AC3371,0,2,31
M139/2,M184,21:47:05,4,-1,2,MY9362,0,2,30
M132/1,M200,21:47:15,4,-1,2,AA7537,0,2,61
T343,T316,21:47:56,4,-1,1,MX7769,0,2,92
T376/1,T363/1,21:48:06,4,-1,1,MY9491,0,2,70
M200,M201,21:48:16,4,-1,-1,AA7537,0,2,20
M184,M188,21:49:06,4,-1,1,MY9362,0,2,60
T430,M177,21:49:06,4,-1,1,MY7560,0,2,314
M188,M203/2,21:49:37,4,-1,1,MY9362,0,2,10
M201,M121,21:49:37,4,-1,1,AA7537,0,2,60
T363/1,T374,21:49:47,4,-1,1,MY9491,0,2,40
T316,T345/5,21:49:57,4,-1,1,MX7769,0,2,111
C691,C652,21:50:07,4,-1,1,AC3371,0,2,111
M203/2,M277,21:50:37,4,-1,-1,MY9362,0,2,30
M121,M119,21:50:48,4,-1,2,AA7537,0,2,40
T345/5,T344,21:51:18,4,-1,1,MX7769,0,2,50
C652,C655,21:51:18,4,-1,1,AC3371,0,2,40
T344,T356/1,21:51:58,4,-1,1,MX7769,0,2,30
C655,C657,21:52:39,4,-1,1,AC3371,0,2,40
M277,M182/1,21:52:49,4,-1,1,MY9362,0,2,121
M177,M198,21:53:09,4,-1,2,MY7560,0,2,151
T356/1,T358,21:53:19,4,-1,1,MX7769,0,2,50
M119,M113,21:53:19,4,-1,-1,AA7537,0,2,141
M22,M10,21:53:40,4,-1,1,MY9487,0,2,60
C657,C686,21:53:40,4,-1,1,AC3371,0,2,30
M198,M183/2,21:54:10,4,-1,2,MY7560,0,2,50
T358,T373/2,21:54:40,4,-1,1,MX7769,0,2,30
C686,C656,21:55:00,4,-1,2,AC3371,0,2,60
M113,M94,21:55:11,4,-1,-1,AA7537,0,2,70
M10,M16/1,21:55:35,4,-1,2,MY9487,0,2,84
M183/2,M140/1,21:55:35,4,-1,1,MY7560,0,2,23
C656,C654/3,21:56:05,4,-1,2,AC3371,0,2,44
M140/1,M137/2,21:56:25,4,-1,1,MY7560,0,2,30
T373/2,T375,21:56:35,4,-1,1,MX7769,0,2,30
M16/1,M109,21:56:55,4,-1,1,MY9487,0,2,60
T374,T345/1,21:56:55,4,-1,-1,MY9491,1,2,418
M94,M95/3,21:57:06,4,-1,-1,AA7537,0,2,50
T375,T380,21:57:36,4,-1,1,MX7769,0,2,20
C654/3,C653/2,21:57:46,4,-1,1,AC3371,0,2,80
M182/1,T431,21:57:56,4,-1,1,MY9362,0,2,206
M137/2,M132/1,21:57:56,4,-1,1,MY7560,0,2,20
T380,T379,21:58:47,4,-1,1,MX7769,0,2,20
M109,M112,21:58:57,4,-1,1,MY9487,0,2,80
T431,T335,21:59:27,4,-1,1,MY9362,0,2,60
T345/1,T322,21:59:27,4,-1,-1,MY9491,0,2,131
M112,M127,22:00:08,4,-1,1,MY9487,0,2,50
C653/2,C692,22:00:08,4,-1,-1,AC3371,0,2,80
M132/1,M200,22:00:18,4,-1,3,MY7560,0,2,60
T379,T355/1,22:00:58,4,-1,1,MX7769,1,2,91
M200,M201,22:01:18,4,-1,-1,MY7560,0,2,20
T335,T326/3,22:01:39,4,-1,-1,MY9362,1,2,91
M127,M125,22:01:49,4,-1,1,MY9487,0,2,40
C692,C689/1,22:01:49,4,-1,1,AC3371,0,2,20
T322,T342,22:01:59,4,-1,-1,MY9491,0,2,121
M201,M121,22:02:29,4,-1,2,MY7560,0,2,30
T326/3,T332/2,22:03:00,4,-1,1,MY9362,0,2,70
T342,T409,22:03:20,4,-1,1,MY9491,0,2,50
M121,M119,22:03:40,4,-1,2,MY7560,0,2,40
M125,M136/2,22:03:50,4,-1,1,MY9487,0,2,70
T409,T368,22:04:21,4,-1,1,MY9491,0,2,40
M136/2,M139/2,22:04:44,4,-1,1,MY9487,0,2,23
C689/1,T355/2,22:04:54,4,-1,1,AC3371,0,2,134
T332/2,T325/2,22:05:25,4,-1,1,MY9362,0,2,104
T368,T324/2,22:05:25,4,-1,1,MY9491,0,2,30
T325/2,T339/2,22:06:05,4,-1,1,MY9362,0,2,20
T355/1,C688/1,22:06:05,4,-1,1,MX7769,0,2,266
M119,M113,22:06:15,4,-1,-1,MY7560,0,2,114
M139/2,M184,22:06:26,4,-1,2,MY9487,0,2,60
T355/2,T360,22:06:56,4,-1,1,AC3371,0,2,111
T324/2,T327,22:06:56,4,-1,1,MY9491,0,2,60
C688/1,C691,22:07:26,4,-1,1,MX7769,0,2,30
M113,M94,22:07:46,4,-1,-1,MY7560,0,2,60
M188,M203/2,22:07:57,4,-1,1,MY9487,0,2,10
T339/2,T408/1,22:07:57,4,-1,-1,MY9362,0,2,70
T327,T326/2,22:07:57,4,-1,1,MY9491,0,2,20
T360,T376/1,22:08:07,4,-1,1,AC3371,0,2,30
M203/2,M277,22:08:47,4,-1,-1,MY9487,0,2,40
C691,C652,22:08:47,4,-1,1,MX7769,0,2,40
M94,M95/3,22:08:47,4,-1,-1,MY7560,0,2,30
T326/2,T337,22:09:18,4,-1,1,MY9491,0,2,50
T337,T334,22:09:58,4,-1,1,MY9491,0,2,30
C652,C655,22:10:08,4,-1,1,MX7769,0,2,40
T376/1,T363/1,22:10:18,4,-1,1,AC3371,0,2,121
T408/1,T343,22:10:39,4,-1,-1,MY9362,0,2,141
C655,C657,22:11:19,4,-1,1,MX7769,0,2,50
M277,M182/1,22:11:39,4,-1,1,MY9487,0,2,161
T334,T430,22:11:39,4,-1,1,MY9491,0,2,50
C657,C686,22:12:00,4,-1,1,MX7769,0,2,20
T363/1,T374,22:12:20,4,-1,1,AC3371,0,2,70
T374,T406,22:13:22,4,-1,1,AC3371,0,2,30
T343,T345/5,22:14:14,4,-1,1,MY9362,1,2,174
C686,C656,22:14:24,4,-1,1,MX7769,0,2,40
C656,C654/3,22:15:15,4,-1,1,MX7769,0,2,40
T345/5,T344,22:15:35,4,-1,1,MY9362,0,2,70
M182/1,T431,22:16:05,4,-1,1,MY9487,0,2,193
M22,M10,22:16:15,4,-1,1,AA7537,0,2,60
T344,T356/1,22:16:36,4,-1,1,MY9362,0,2,40
C654/3,C653/2,22:16:46,4,-1,1,MX7769,0,2,60
T430,M177,22:16:46,4,-1,1,MY9491,0,2,296
T431,T335,22:17:16,4,-1,1,MY9487,0,2,60
C653/2,C692,22:18:37,4,-1,1,MX7769,0,2,101
T356/1,T358,22:18:47,4,-1,1,MY9362,0,2,111
T406,T345/1,22:19:38,4,-1,-1,AC3371,0,2,334
T335,T332/2,22:19:48,4,-1,1,MY9487,2,2,121
T358,T373/2,22:19:58,4,-1,1,MY9362,0,2,30
M10,M109,22:21:09,4,-1,1,AA7537,1,2,263
T332/2,T325/2,22:21:09,4,-1,1,MY9487,0,2,40
M177,M198,22:21:09,4,-1,1,MY9491,0,2,141
T373/2,T375,22:21:19,4,-1,1,MY9362,0,2,30
C689/1,T355/2,22:21:29,4,-1,1,MX7769,0,2,121
T325/2,T339/2,22:22:10,4,-1,1,MY9487,0,2,20
T375,T380,22:22:34,4,-1,1,MY9362,0,2,24
M198,M183/2,22:22:34,4,-1,2,MY9491,0,2,64
T345/1,T322,22:22:44,4,-1,-1,AC3371,0,2,145
T380,T379,22:22:54,4,-1,1,MY9362,0,2,10
T379,T359,22:23:45,4,-1,1,MY9362,0,2,10
T355/2,T360,22:23:55,4,-1,1,MX7769,0,2,105
T339/2,T408/1,22:24:05,4,-1,-1,MY9487,0,2,70
M109,M112,22:24:25,4,-1,1,AA7537,0,2,155
M183/2,M140/1,22:24:25,4,-1,1,MY9491,0,2,10
T322,T342,22:24:46,4,-1,-1,AC3371,0,2,101
T360,T376/1,22:24:56,4,-1,1,MX7769,0,2,40
T359,T355/1,22:25:16,4,-1,1,MY9362,0,2,60
M112,M127,22:25:36,4,-1,1,AA7537,0,2,30
T408/1,T343,22:25:56,4,-1,-1,MY9487,0,2,80
T342,T409,22:26:37,4,-1,1,AC3371,0,2,60
M140/1,M137/2,22:26:37,4,-1,1,MY9491,0,2,101
T376/1,T363/1,22:26:57,4,-1,1,MX7769,0,2,111
M127,M125,22:27:17,4,-1,1,AA7537,0,2,91
T343,T316,22:27:48,4,-1,1,MY9487,0,2,80
M137/2,M132/1,22:27:48,4,-1,1,MY9491,0,2,40
T409,T368,22:27:58,4,-1,1,AC3371,0,2,60
M125,M136/2,22:28:08,4,-1,1,AA7537,0,2,10
T363/1,T374,22:28:28,4,-1,1,MX7769,0,2,40
M136/2,M139/2,22:28:48,4,-1,2,AA7537,0,2,20
T368,T324/2,22:28:59,4,-1,1,AC3371,0,2,30
T374,T406,22:29:09,4,-1,1,MX7769,0,2,30
M132/1,M200,22:29:29,4,-1,2,MY9491,0,2,20
T355/1,C688/1,22:29:59,4,-1,1,MY9362,0,2,263
T316,T345/5,22:30:09,4,-1,1,MY9487,0,2,121
T324/2,T327,22:30:30,4,-1,1,AC3371,0,2,50
M200,M201,22:30:40,4,-1,-1,MY9491,0,2,20
M139/2,M184,22:30:50,4,-1,2,AA7537,0,2,50
C688/1,C691,22:30:50,4,-1,1,MY9362,0,2,20
T345/5,T344,22:31:32,4,-1,1,MY9487,0,2,51
T327,T326/2,22:31:42,4,-1,1,AC3371,0,2,31
M201,M121,22:31:42,4,-1,1,MY9491,0,2,21
M184,M188,22:31:52,4,-1,1,AA7537,0,2,20
T326/2,T337,22:32:42,4,-1,1,AC3371,0,2,50
C691,C652,22:33:03,4,-1,1,MY9362,0,2,80
M121,M119,22:33:03,4,-1,2,MY9491,0,2,40
T344,T356/1,22:33:13,4,-1,1,MY9487,0,2,80
T337,T334,22:33:13,4,-1,1,AC3371,0,2,20
M188,M203/2,22:33:23,4,-1,1,AA7537,0,2,80
C652,C655,22:34:25,4,-1,1,MY9362,0,2,40
T356/1,T358,22:34:36,4,-1,1,MY9487,0,2,72
M203/2,M277,22:34:46,4,-1,-1,AA7537,0,2,60
M119,M113,22:35:06,4,-1,-1,MY9491,0,2,60
T358,T373/2,22:35:16,4,-1,1,MY9487,0,2,30
C655,C657,22:35:46,4,-1,1,MY9362,0,2,40
T406,T345/1,22:35:56,4,-1,-1,MX7769,0,2,397
C657,C686,22:36:17,4,-1,1,MY9362,0,2,20
T373/2,T375,22:36:27,4,-1,1,MY9487,0,2,30
M113,M94,22:36:47,4,-1,-1,MY9491,0,2,70
T375,T380,22:37:07,4,-1,1,MY9487,0,2,20
M22,M10,22:37:17,4,-1,1,MY7560,0,2,80
M277,M182/1,22:37:17,4,-1,1,AA7537,0,2,141
C686,C656,22:37:28,4,-1,1,MY9362,0,2,30
T380,T379,22:37:38,4,-1,1,MY9487,0,2,10
M94,M95/3,22:37:48,4,-1,-1,MY9491,0,2,30
T379,T359,22:38:23,4,-1,1,MY9487,0,2,20
C656,C654/3,22:38:33,4,-1,1,MY9362,0,2,55
T345/1,T322,22:38:33,4,-1,-1,MX7769,0,2,126
M10,M16/1,22:38:54,4,-1,1,MY7560,0,2,85
T359,T355/1,22:39:34,4,-1,1,MY9487,0,2,50
T334,M177,22:40:04,4,-1,1,AC3371,1,2,359
T322,T342,22:40:45,4,-1,-1,MX7769,0,2,111
C654/3,C653/2,22:41:15,4,-1,1,MY9362,0,2,141
M16/1,M109,22:42:06,4,-1,1,MY7560,0,2,131
T342,T409,22:42:26,4,-1,1,MX7769,0,2,50
M182/1,T431,22:42:57,4,-1,1,AA7537,0,2,202
C653/2,C692,22:42:57,4,-1,-1,MY9362,0,2,91
T355/1,C688/1,22:43:27,4,-1,-1,MY9487,0,2,222
M109,M112,22:43:37,4,-1,1,MY7560,0,2,60
C692,C689/1,22:43:57,4,-1,1,MY9362,0,2,50
M177,M198,22:44:07,4,-1,2,AC3371,0,2,161
T409,T368,22:44:18,4,-1,1,MX7769,0,2,80
M112,M127,22:44:38,4,-1,1,MY7560,0,2,30
T431,T335,22:44:58,4,-1,1,AA7537,0,2,91
C688/1,C691,22:45:08,4,-1,1,MY9487,0,2,60
T368,T324/2,22:45:18,4,-1,1,MX7769,0,2,30
M127,M125,22:45:48,4,-1,1,MY7560,0,2,20
M198,M183/2,22:45:59,4,-1,2,AC3371,0,2,101
C689/1,T355/2,22:46:19,4,-1,1,MY9362,0,2,111
M183/2,M140/1,22:46:59,4,-1,1,AC3371,0,2,20
M125,M136/2,22:47:09,4,-1,1,MY7560,0,2,10
T324/2,T327,22:47:09,4,-1,1,MX7769,0,2,50
C691,C652,22:47:20,4,-1,1,MY9487,0,2,91
M136/2,M139/2,22:47:40,4,-1,2,MY7560,0,2,20
T327,T326/2,22:48:00,4,-1,1,MX7769,0,2,20
T355/2,T360,22:48:10,4,-1,1,MY9362,0,2,101
C652,C655,22:48:20,4,-1,1,MY9487,0,2,30
M140/1,M137/2,22:48:34,4,-1,1,AC3371,0,2,54
M139/2,M184,22:48:45,4,-1,2,MY7560,0,2,34
C655,C657,22:49:15,4,-1,1,MY9487,0,2,40
M184,M188,22:49:35,4,-1,1,MY7560,0,2,20
T326/2,T334,22:49:35,4,-1,1,MX7769,1,2,74
T335,T325/2,22:49:45,4,-1,1,AA7537,3,2,267
T360,T376/1,22:49:45,4,-1,1,MY9362,0,2,70
C657,C686,22:49:55,4,-1,1,MY9487,0,2,20
M137/2,M132/1,22:50:06,4,-1,1,AC3371,0,2,30
T325/2,T339/2,22:50:47,4,-1,1,AA7537,0,2,30
C686,C656,22:51:07,4,-1,1,MY9487,0,2,30
T334,T430,22:51:07,4,-1,1,MX7769,0,2,51
M188,M203/2,22:51:17,4,-1,1,MY7560,0,2,71
M132/1,M200,22:51:27,4,-1,2,AC3371,0,2,20
M203/2,M277,22:51:57,4,-1,-1,MY7560,0,2,30
C656,C654/3,22:51:57,4,-1,1,MY9487,0,2,40
T339/2,T408/1,22:52:38,4,-1,-1,AA7537,0,2,70
T363/1,T374,22:52:38,4,-1,1,MY9362,0,2,30
M200,M201,22:52:48,4,-1,-1,AC3371,0,2,30
T374,T406,22:53:18,4,-1,1,MY9362,0,2,30
M201,M121,22:53:49,4,-1,1,AC3371,0,2,20
M95/3,M22,22:54:29,4,-1,1,MY9491,0,2,60
T408/1,T343,22:54:39,4,-1,-1,AA7537,0,2,101
M277,M182/1,22:54:50,4,-1,1,MY7560,0,2,162
M121,M119,22:55:00,4,-1,2,AC3371,0,2,30
M22,M10,22:56:15,4,-1,1,MY9491,0,2,75
T430,M177,22:56:15,4,-1,1,MX7769,0,2,298
T406,T345/1,22:56:35,4,-1,-1,MY9362,0,2,166
T343,T316,22:57:16,4,-1,1,AA7537,0,2,91
M119,M113,22:57:26,4,-1,-1,AC3371,0,2,111
M10,M16/1,22:57:56,4,-1,2,MY9491,0,2,80
M113,M94,22:58:06,4,-1,-1,AC3371,0,2,10
T345/1,T322,22:58:47,4,-1,-1,MY9362,0,2,111
C654/3,C653/2,22:58:57,4,-1,1,MY9487,0,2,91
M182/1,T431,22:59:17,4,-1,1,MY7560,0,2,202
M94,M95/3,22:59:17,4,-1,-1,AC3371,0,2,60
T316,T345/5,22:59:37,4,-1,1,AA7537,0,2,101
C653/2,C692,23:00:08,4,-1,-1,MY9487,0,2,60
T322,T342,23:00:18,4,-1,-1,MY9362,0,2,80
T431,T335,23:00:38,4,-1,-1,MY7560,0,2,70
M177,M198,23:00:48,4,-1,-1,MX7769,0,2,151
M16/1,M109,23:00:58,4,-1,-1,MY9491,0,2,70
T345/5,T344,23:00:58,4,-1,-1,AA7537,0,2,40
T335,T338,23:01:19,4,-1,-1,MY7560,0,2,10
C692,C689/1,23:01:39,4,-1,-1,MY9487,0,2,70
T342,T409,23:01:39,4,-1,-1,MY9362,0,2,40
T344,T356/1,23:01:59,4,-1,-1,AA7537,0,2,30
M198,M183/2,23:02:09,4,-1,-1,MX7769,0,2,70
T338,T326/3,23:02:50,4,-1,-1,MY7560,0,2,60
T409,T368,23:03:00,4,-1,-1,MY9362,0,2,60
M183/2,M140/1,23:03:44,4,-1,-1,MX7769,0,2,34
T368,T324/2,23:03:55,4,-1,-1,MY9362,0,2,34
T356/1,T358,23:04:15,4,-1,-1,AA7537,0,2,125
C689/1,T355/2,23:04:15,4,-1,-1,MY9487,0,2,125
M109,M112,23:04:25,4,-1,-1,MY9491,0,2,135
T358,T373/2,23:04:45,4,-1,-1,AA7537,0,2,20
T326/3,T325/2,23:05:05,4,-1,1,MY7560,1,2,125
M140/1,M137/2,23:05:05,4,-1,1,MX7769,0,2,50
T324/2,T327,23:05:16,4,-1,1,MY9362,0,2,50
T373/2,T375,23:05:36,4,-1,1,AA7537,0,2,20
M112,M127,23:05:46,4,-1,1,MY9491,0,2,30
T325/2,T339/2,23:06:06,4,-1,1,MY7560,0,2,30
T355/2,T360,23:06:16,4,-1,1,MY9487,0,2,101
T327,T326/2,23:06:16,4,-1,1,MY9362,0,2,40
M137/2,M132/1,23:06:16,4,-1,1,MX7769,0,2,40
M127,M125,23:06:47,4,-1,1,MY9491,0,2,20
T375,T380,23:06:57,4,-1,1,AA7537,0,2,20
T326/2,T337,23:07:07,4,-1,1,MY9362,0,2,40
T360,T376/1,23:07:17,4,-1,1,MY9487,0,2,30
M132/1,M200,23:07:27,4,-1,2,MX7769,0,2,40
M125,M136/2,23:07:47,4,-1,1,MY9491,0,2,10
T380,T379,23:07:58,4,-1,1,AA7537,0,2,20
T337,T334,23:07:58,4,-1,1,MY9362,0,2,30
M136/2,M139/2,23:08:28,4,-1,2,MY9491,0,2,10
M200,M201,23:08:28,4,-1,-1,MX7769,0,2,10
T379,T359,23:09:18,4,-1,1,AA7537,0,2,50
T334,T430,23:09:29,4,-1,1,MY9362,0,2,60
T376/1,T363/1,23:09:49,4,-1,1,MY9487,0,2,121
M201,M121,23:09:59,4,-1,2,MX7769,0,2,80
T339/2,T343,23:10:09,4,-1,-1,MY7560,1,2,212
M139/2,M184,23:10:19,4,-1,2,MY9491,0,2,80
T359,T355/1,23:10:50,4,-1,1,AA7537,0,2,60
M121,M119,23:10:50,4,-1,2,MX7769,0,2,30
M184,M188,23:11:10,4,-1,1,MY9491,0,2,10
T363/1,T374,23:11:20,4,-1,1,MY9487,0,2,30
M188,M203/2,23:11:50,4,-1,1,MY9491,0,2,10
T374,T406,23:12:00,4,-1,2,MY9487,0,2,30
M119,M113,23:12:00,4,-1,-1,MX7769,0,2,40
T343,T316,23:12:11,4,-1,1,MY7560,0,2,101
M203/2,M277,23:12:43,4,-1,-1,MY9491,0,2,32
M95/3,M22,23:13:33,4,-1,1,AC3371,0,2,72
M113,M94,23:13:33,4,-1,-1,MX7769,0,2,50
T430,M177,23:14:14,4,-1,1,MY9362,0,2,274
T316,T345/5,23:14:24,4,-1,2,MY7560,0,2,123
T355/1,C688/1,23:14:24,4,-1,-1,AA7537,0,2,193
M94,M95/3,23:14:24,4,-1,-1,MX7769,0,2,30
M22,M10,23:15:24,4,-1,1,AC3371,0,2,60
M277,M182/1,23:15:35,4,-1,1,MY9491,0,2,161
C688/1,C691,23:15:35,4,-1,1,AA7537,0,2,40
T345/5,T344,23:15:55,4,-1,1,MY7560,0,2,50
C691,C652,23:16:45,4,-1,1,AA7537,0,2,30
M10,M16/1,23:16:56,4,-1,1,AC3371,0,2,70
T406,T345/1,23:16:56,4,-1,-1,MY9487,0,2,285
T344,T358,23:18:06,4,-1,1,MY7560,1,2,121
C652,C655,23:18:06,4,-1,1,AA7537,0,2,60
M177,M198,23:18:27,4,-1,1,MY9362,0,2,141
M16/1,M109,23:18:37,4,-1,1,AC3371,0,2,40
T358,T373/2,23:18:47,4,-1,1,MY7560,0,2,30
C655,C657,23:19:07,4,-1,1,AA7537,0,2,40
T373/2,T375,23:19:17,4,-1,1,MY7560,0,2,20
T345/1,T322,23:19:17,4,-1,-1,MY9487,0,2,111
C657,C686,23:19:48,4,-1,1,AA7537,0,2,30
T375,T380,23:19:58,4,-1,1,MY7560,0,2,20
M182/1,T431,23:20:08,4,-1,1,MY9491,0,2,192
M109,M112,23:20:28,4,-1,1,AC3371,0,2,80
M198,M183/2,23:20:28,4,-1,2,MY9362,0,2,111
T380,T379,23:20:38,4,-1,1,MY7560,0,2,10
M112,M127,23:21:09,4,-1,1,AC3371,0,2,10
C686,C656,23:21:09,4,-1,2,AA7537,0,2,30
T322,T342,23:21:09,4,-1,-1,MY9487,0,2,81
T431,T335,23:21:39,4,-1,1,MY9491,0,2,70
M183/2,M140/1,23:21:49,4,-1,1,MY9362,0,2,10
C656,C654/3,23:21:59,4,-1,2,AA7537,0,2,40
M127,M125,23:22:19,4,-1,1,AC3371,0,2,20
T335,T338,23:22:19,4,-1,1,MY9491,0,2,20
T379,T359,23:22:19,4,-1,1,MY7560,0,2,70
T342,T409,23:22:30,4,-1,1,MY9487,0,2,40
C654/3,C653/2,23:23:10,4,-1,1,AA7537,0,2,30
T359,T355/1,23:23:20,4,-1,1,MY7560,0,2,50
T409,T368,23:23:20,4,-1,1,MY9487,0,2,40
T338,T326/3,23:23:34,4,-1,-1,MY9491,0,2,54
M125,M136/2,23:23:55,4,-1,1,AC3371,0,2,44
T368,T324/2,23:23:55,4,-1,1,MY9487,0,2,20
C653/2,C692,23:24:05,4,-1,1,AA7537,0,2,44
M140/1,M137/2,23:24:15,4,-1,1,MY9362,0,2,95
M136/2,M139/2,23:24:25,4,-1,2,AC3371,0,2,20
T326/3,T332/2,23:24:25,4,-1,1,MY9491,0,2,40
T324/2,T327,23:25:05,4,-1,1,MY9487,0,2,60
M137/2,M132/1,23:25:26,4,-1,1,MY9362,0,2,30
T327,T326/2,23:25:36,4,-1,1,MY9487,0,2,20
T332/2,T325/2,23:25:46,4,-1,1,MY9491,0,2,60
M139/2,M184,23:26:26,4,-1,1,AC3371,0,2,70
T325/2,T339/2,23:26:36,4,-1,1,MY9491,0,2,20
T326/2,T337,23:26:36,4,-1,1,MY9487,0,2,50
T355/1,C688/1,23:26:47,4,-1,1,MY7560,0,2,192
M132/1,M200,23:26:47,4,-1,2,MY9362,0,2,40
C689/1,T355/2,23:26:57,4,-1,1,AA7537,0,2,101
T337,T334,23:27:17,4,-1,1,MY9487,0,2,30
M184,M188,23:27:37,4,-1,1,AC3371,0,2,30
M200,M201,23:27:37,4,-1,-1,MY9362,0,2,10
M188,M203/2,23:27:57,4,-1,1,AC3371,0,2,10
T339/2,T408/1,23:28:08,4,-1,-1,MY9491,0,2,60
C688/1,C691,23:28:28,4,-1,1,MY7560,0,2,60
T334,T430,23:28:28,4,-1,1,MY9487,0,2,50
T355/2,T360,23:28:38,4,-1,1,AA7537,0,2,80
M201,M121,23:28:38,4,-1,1,MY9362,0,2,30
M203/2,M277,23:28:58,4,-1,-1,AC3371,0,2,40
M121,M119,23:29:28,4,-1,1,MY9362,0,2,30
T360,T376/1,23:29:49,4,-1,1,AA7537,0,2,50
T408/1,T343,23:30:19,4,-1,-1,MY9491,0,2,111
M95/3,M22,23:30:50,4,-1,1,MX7769,0,2,30
C691,C655,23:31:00,4,-1,1,MY7560,1,2,121
M119,M113,23:31:00,4,-1,-1,MY9362,0,2,80
M277,M182/1,23:31:40,4,-1,1,AC3371,0,2,151
T343,T316,23:32:11,4,-1,1,MY9491,0,2,80
C655,C657,23:32:11,4,-1,1,MY7560,0,2,50
T376/1,T363/1,23:32:11,4,-1,1,AA7537,0,2,131
M22,M10,23:32:44,4,-1,1,MX7769,0,2,83
M113,M94,23:32:44,4,-1,-1,MY9362,0,2,94
C657,C686,23:32:54,4,-1,1,MY7560,0,2,20
T363/1,T374,23:33:14,4,-1,1,AA7537,0,2,40
T430,M177,23:33:35,4,-1,1,MY9487,0,2,296
M94,M95/3,23:33:35,4,-1,-1,MY9362,0,2,30
C686,C656,23:33:55,4,-1,1,MY7560,0,2,20
T316,T345/5,23:34:05,4,-1,-1,MY9491,0,2,91
T374,T406,23:34:05,4,-1,1,AA7537,0,2,30
M10,M16/1,23:34:25,4,-1,2,MX7769,0,2,60
C656,C654/3,23:35:06,4,-1,1,MY7560,0,2,50
T345/5,T344,23:35:16,4,-1,1,MY9491,0,2,50
M16/1,M109,23:35:56,4,-1,1,MX7769,0,2,60
M182/1,T431,23:35:56,4,-1,1,AC3371,0,2,192
T431,T335,23:37:07,4,-1,1,AC3371,0,2,60
M177,M198,23:37:07,4,-1,2,MY9487,0,2,121
T335,T338,23:37:48,4,-1,1,AC3371,0,2,10
M198,M183/2,23:38:28,4,-1,2,MY9487,0,2,70
M109,M112,23:38:38,4,-1,1,MX7769,0,2,131
T344,T358,23:38:38,4,-1,1,MY9491,1,2,192
C654/3,C653/2,23:38:48,4,-1,1,MY7560,0,2,202
T338,T326/3,23:39:08,4,-1,-1,AC3371,0,2,50
M112,M127,23:39:19,4,-1,1,MX7769,0,2,30
T358,T373/2,23:39:29,4,-1,1,MY9491,0,2,20
M183/2,M140/1,23:39:29,4,-1,1,MY9487,0,2,10
T373/2,T375,23:39:59,4,-1,1,MY9491,0,2,20
T406,T345/1,23:39:59,4,-1,-1,AA7537,0,2,344
M127,M125,23:40:09,4,-1,1,MX7769,0,2,20
C653/2,C692,23:40:19,4,-1,1,MY7560,0,2,70
T375,T380,23:40:39,4,-1,1,MY9491,0,2,20
T326/3,T325/2,23:41:10,4,-1,1,AC3371,1,2,111
T325/2,T339/2,23:41:34,4,-1,1,AC3371,0,2,13
T380,T379,23:41:34,4,-1,1,MY9491,0,2,13
C692,C689/1,23:41:44,4,-1,1,MY7560,0,2,74
M140/1,M137/2,23:41:44,4,-1,1,MY9487,0,2,44
M125,M139/2,23:41:54,4,-1,1,MX7769,1,2,74
T345/1,T322,23:42:04,4,-1,-1,AA7537,0,2,84
T379,T359,23:42:14,4,-1,1,MY9491,0,2,20
M139/2,M184,23:42:55,4,-1,1,MX7769,0,2,40
M137/2,M132/1,23:42:55,4,-1,1,MY9487,0,2,30
T339/2,T408/1,23:43:05,4,-1,-1,AC3371,0,2,60
T359,T355/1,23:43:25,4,-1,1,MY9491,0,2,40
M184,M188,23:43:36,4,-1,1,MX7769,0,2,21
T322,T342,23:43:46,4,-1,-1,AA7537,0,2,92
M132/1,M200,23:43:56,4,-1,2,MY9487,0,2,10
C689/1,T355/2,23:44:27,4,-1,1,MY7560,0,2,132
T408/1,T343,23:45:07,4,-1,-1,AC3371,0,2,80
T342,T409,23:45:07,4,-1,1,AA7537,0,2,50
M200,M201,23:45:07,4,-1,-1,MY9487,0,2,20
M188,M203/2,23:45:17,4,-1,1,MX7769,0,2,80
T409,T368,23:45:58,4,-1,1,AA7537,0,2,40
M201,M121,23:45:58,4,-1,1,MY9487,0,2,10
M203/2,M277,23:46:08,4,-1,-1,MX7769,0,2,40
T355/2,T360,23:46:28,4,-1,1,MY7560,0,2,101
T368,T324/2,23:46:58,4,-1,1,AA7537,0,2,30
T355/1,C688/1,23:47:09,4,-1,-1,MY9491,0,2,182
T343,T316,23:47:29,4,-1,1,AC3371,0,2,101
M121,M119,23:47:29,4,-1,1,MY9487,0,2,30
T324/2,T327,23:47:59,4,-1,1,AA7537,0,2,40
M277,M182/1,23:48:29,4,-1,1,MX7769,0,2,131
C688/1,C691,23:48:40,4,-1,1,MY9491,0,2,40
T327,T326/2,23:48:40,4,-1,1,AA7537,0,2,30
M119,M113,23:48:40,4,-1,-1,MY9487,0,2,40
T316,T345/5,23:48:50,4,-1,1,AC3371,0,2,70
T360,T363/1,23:49:00,4,-1,1,MY7560,1,2,131
T345/5,T344,23:49:44,4,-1,1,AC3371,0,2,43
M113,M94,23:49:54,4,-1,-1,MY9487,0,2,43
T326/2,T334,23:50:14,4,-1,1,AA7537,1,2,74
T344,T356/1,23:50:24,4,-1,1,AC3371,0,2,30
T363/1,T374,23:50:24,4,-1,1,MY7560,0,2,50
C691,C652,23:50:44,4,-1,1,MY9491,0,2,84
M94,M95/3,23:51:05,4,-1,-1,MY9487,0,2,40
C652,C655,23:51:25,4,-1,1,MY9491,0,2,30
T334,T430,23:51:35,4,-1,1,AA7537,0,2,70
M182/1,T431,23:52:36,4,-1,1,MX7769,0,2,195
T356/1,T358,23:52:36,4,-1,1,AC3371,0,2,111
C655,C657,23:52:36,4,-1,1,MY9491,0,2,40
T358,T373/2,23:53:06,4,-1,1,AC3371,0,2,20
C657,C686,23:53:06,4,-1,1,MY9491,0,2,20
T431,T335,23:53:46,4,-1,1,MX7769,0,2,60
T373/2,T375,23:54:07,4,-1,1,AC3371,0,2,30
T335,T338,23:54:27,4,-1,1,MX7769,0,2,10
C686,C656,23:54:27,4,-1,1,MY9491,0,2,30
T338,T326/3,23:55:17,4,-1,-1,MX7769,0,2,40
T375,T380,23:55:17,4,-1,1,AC3371,0,2,50
C656,C654/3,23:55:17,4,-1,1,MY9491,0,2,40
T380,T359,23:56:18,4,-1,1,AC3371,1,2,40
C654/3,C653/2,23:56:18,4,-1,1,MY9491,0,2,30
T326/3,T332/2,23:56:49,4,-1,1,MX7769,0,2,80
T430,M177,23:56:59,4,-1,1,AA7537,0,2,303
T359,T355/1,23:57:19,4,-1,1,AC3371,0,2,50
C653/2,C692,23:57:39,4,-1,1,MY9491,0,2,70
T374,T345/1,23:57:59,4,-1,-1,MY7560,1,2,435
T332/2,T325/2,23:58:20,4,-1,1,MX7769,0,2,70
T325/2,T339/2,23:58:46,4,-1,1,MX7769,0,2,10
C692,C689/1,23:59:06,4,-1,1,MY9491,0,2,76
T355/1,C688/1,0:00:47,5,-1,-1,AC3371,0,2,187
M177,M198,0:00:57,5,-1,1,AA7537,0,2,141
C689/1,T355/2,0:01:07,5,-1,1,MY9491,0,2,101
T339/2,T408/1,0:01:27,5,-1,-1,MX7769,0,2,101
C688/1,C691,0:01:48,5,-1,1,AC3371,0,2,30
T345/1,T342,0:01:58,5,-1,-1,MY7560,1,2,192
M198,M183/2,0:01:58,5,-1,1,AA7537,0,2,50
T408/1,T343,0:02:38,5,-1,-1,MX7769,0,2,50
T355/2,T360,0:02:48,5,-1,1,MY9491,0,2,91
C691,C652,0:03:09,5,-1,1,AC3371,0,2,40
T342,T409,0:03:09,5,-1,1,MY7560,0,2,40
M183/2,M140/1,0:03:29,5,-1,1,AA7537,0,2,20
C652,C655,0:04:09,5,-1,1,AC3371,0,2,30
T409,T368,0:04:09,5,-1,1,MY7560,0,2,50
M140/1,M137/2,0:04:09,5,-1,1,AA7537,0,2,10
T360,T376/1,0:04:29,5,-1,1,MY9491,0,2,91
T343,T316,0:04:40,5,-1,1,MX7769,0,2,101
T368,T324/2,0:05:00,5,-1,1,MY7560,0,2,30
M137/2,M132/1,0:05:10,5,-1,1,AA7537,0,2,20
C655,C657,0:05:20,5,-1,1,AC3371,0,2,50
T316,T345/5,0:06:12,5,-1,1,MX7769,0,2,81
C657,C686,0:06:12,5,-1,1,AC3371,0,2,30
T376/1,T363/1,0:06:12,5,-1,1,MY9491,0,2,51
M132/1,M200,0:06:22,5,-1,2,AA7537,0,2,20
T324/2,T327,0:06:32,5,-1,1,MY7560,0,2,60
C686,C656,0:06:52,5,-1,1,AC3371,0,2,20
T363/1,T374,0:07:23,5,-1,1,MY9491,0,2,40
T327,T326/2,0:07:23,5,-1,1,MY7560,0,2,30
M200,M201,0:07:23,5,-1,-1,AA7537,0,2,20
T345/5,T344,0:07:43,5,-1,1,MX7769,0,2,80
T374,T406,0:08:03,5,-1,1,MY9491,0,2,30
C656,C654/3,0:08:13,5,-1,1,AC3371,0,2,50
T326/2,T337,0:08:23,5,-1,1,MY7560,0,2,50
T344,T356/1,0:08:34,5,-1,1,MX7769,0,2,30
M201,M121,0:08:44,5,-1,1,AA7537,0,2,71
T337,T334,0:09:14,5,-1,1,MY7560,0,2,20
M121,M119,0:09:45,5,-1,1,AA7537,0,2,30
C654/3,C653/2,0:09:55,5,-1,1,AC3371,0,2,70
T356/1,T358,0:10:05,5,-1,1,MX7769,0,2,60
T334,T430,0:10:25,5,-1,1,MY7560,0,2,50
T358,T373/2,0:10:45,5,-1,1,MX7769,0,2,30
M119,M113,0:11:06,5,-1,-1,AA7537,0,2,60
T373/2,T375,0:11:16,5,-1,1,MX7769,0,2,20
C653/2,C692,0:11:16,5,-1,3,AC3371,0,2,70
T375,T380,0:11:56,5,-1,1,MX7769,0,2,20
M113,M94,0:12:27,5,-1,-1,AA7537,0,2,20
C692,C689/1,0:12:47,5,-1,1,AC3371,0,2,40
T380,T359,0:13:07,5,-1,1,MX7769,1,2,40
M94,M95/3,0:13:07,5,-1,-1,AA7537,0,2,30
T359,T355/1,0:13:58,5,-1,1,MX7769,0,2,40
T406,T345/1,0:13:58,5,-1,-1,MY9491,0,2,334
T430,M177,0:15:29,5,-1,1,MY7560,0,2,293
C689/1,T355/2,0:15:49,5,-1,1,AC3371,0,2,141
T345/1,T322,0:17:00,5,-1,-1,MY9491,0,2,121
T355/2,T360,0:17:42,5,-1,1,AC3371,0,2,92
T355/1,C688/1,0:17:52,5,-1,2,MX7769,0,2,203
C688/1,C691,0:18:44,5,-1,1,MX7769,0,2,31
T322,T342,0:18:44,5,-1,-1,MY9491,0,2,94
M177,M198,0:19:25,5,-1,1,MY7560,0,2,144
T360,T376/1,0:20:05,5,-1,1,AC3371,0,2,112
T342,T409,0:20:05,5,-1,1,MY9491,0,2,50
M198,M183/2,0:20:35,5,-1,1,MY7560,0,2,60
C691,C652,0:20:46,5,-1,1,MX7769,0,2,111
T409,T368,0:21:16,5,-1,1,MY9491,0,2,40
M183/2,M140/1,0:21:16,5,-1,1,MY7560,0,2,10
C652,C655,0:21:26,5,-1,1,MX7769,0,2,30
T368,T324/2,0:21:56,5,-1,1,MY9491,0,2,30
M140/1,M137/2,0:22:07,5,-1,1,MY7560,0,2,30
C655,C657,0:22:37,5,-1,1,MX7769,0,2,50
T376/1,T363/1,0:22:37,5,-1,1,AC3371,0,2,141
M137/2,M132/1,0:22:57,5,-1,1,MY7560,0,2,20
C657,C686,0:23:07,5,-1,1,MX7769,0,2,20
T324/2,T327,0:23:07,5,-1,1,MY9491,0,2,50
C686,C656,0:23:58,5,-1,2,MX7769,0,2,20
M132/1,M200,0:23:58,5,-1,2,MY7560,0,2,20
T327,T326/2,0:24:08,5,-1,1,MY9491,0,2,20
T363/1,T374,0:24:48,5,-1,1,AC3371,0,2,91
C656,C654/3,0:24:59,5,-1,2,MX7769,0,2,50
T326/2,T337,0:25:09,5,-1,1,MY9491,0,2,50
M200,M201,0:25:09,5,-1,-1,MY7560,0,2,20
T374,T406,0:25:29,5,-1,1,AC3371,0,2,30
T337,T334,0:25:59,5,-1,1,MY9491,0,2,20
M201,M121,0:26:09,5,-1,1,MY7560,0,2,20
C654/3,C653/2,0:26:19,5,-1,1,MX7769,0,2,50
M121,M119,0:27:03,5,-1,1,MY7560,0,2,20
T334,T430,0:27:23,5,-1,1,MY9491,0,2,50
T406,T345/1,0:28:34,5,-1,-1,AC3371,0,2,175
M119,M113,0:28:34,5,-1,-1,MY7560,0,2,50
C653/2,C689/1,0:28:55,5,-1,1,MX7769,1,2,141
M113,M94,0:29:45,5,-1,-1,MY7560,0,2,50
T345/1,T322,0:30:36,5,-1,-1,AC3371,0,2,90
M94,M95/3,0:30:36,5,-1,-1,MY7560,0,2,20
C689/1,T355/2,0:31:36,5,-1,1,MX7769,0,2,151
T430,M177,0:32:07,5,-1,1,MY9491,0,2,272
T322,T342,0:32:27,5,-1,-1,AC3371,0,2,90
T355/2,T360,0:33:27,5,-1,1,MX7769,0,2,101
T342,T409,0:33:38,5,-1,1,AC3371,0,2,30
T360,T376/1,0:34:28,5,-1,1,MX7769,0,2,40
T409,T368,0:35:19,5,-1,1,AC3371,0,2,50
T376/1,T363/1,0:35:49,5,-1,1,MX7769,0,2,70
M177,M198,0:35:49,5,-1,2,MY9491,0,2,131
T368,T324/2,0:36:09,5,-1,1,AC3371,0,2,30
T363/1,T374,0:36:50,5,-1,1,MX7769,0,2,30
T324/2,T327,0:37:10,5,-1,1,AC3371,0,2,50
T374,T406,0:37:30,5,-1,1,MX7769,0,2,30
T327,T326/2,0:37:50,5,-1,1,AC3371,0,2,30
M198,M183/2,0:37:50,5,-1,2,MY9491,0,2,111
M183/2,M140/1,0:38:43,5,-1,1,MY9491,0,2,10
T326/2,T334,0:39:13,5,-1,1,AC3371,1,2,72
M140/1,M137/2,0:39:54,5,-1,1,MY9491,0,2,40
T406,T345/1,0:40:35,5,-1,-1,MX7769,0,2,164
M137/2,M132/1,0:40:45,5,-1,1,MY9491,0,2,31
M132/1,M200,0:41:36,5,-1,2,MY9491,0,2,20
T345/1,T322,0:42:06,5,-1,-1,MX7769,0,2,80
M200,M201,0:42:26,5,-1,-1,MY9491,0,2,10
M201,M121,0:43:07,5,-1,1,MY9491,0,2,20
T322,T342,0:43:37,5,-1,-1,MX7769,0,2,80
M121,M119,0:43:57,5,-1,1,MY9491,0,2,20
T334,M177,0:44:28,5,-1,1,AC3371,1,2,304
T342,T324/2,0:45:49,5,-1,1,MX7769,2,2,121
M119,M113,0:46:09,5,-1,-1,MY9491,0,2,121
T324/2,T327,0:47:00,5,-1,1,MX7769,0,2,60
M113,M94,0:47:10,5,-1,-1,MY9491,0,2,20
M177,M198,0:47:32,5,-1,1,AC3371,0,2,123
M94,M95/3,0:47:52,5,-1,-1,MY9491,0,2,32
M198,M183/2,0:48:23,5,-1,2,AC3371,0,2,40
T327,T337,0:49:04,5,-1,1,MX7769,1,2,91
M183/2,M140/1,0:49:24,5,-1,1,AC3371,0,2,50
T337,T334,0:49:44,5,-1,1,MX7769,0,2,20
M140/1,M137/2,0:50:25,5,-1,1,AC3371,0,2,30
T334,T430,0:51:05,5,-1,1,MX7769,0,2,50
M137/2,M132/1,0:51:26,5,-1,1,AC3371,0,2,30
M132/1,M200,0:52:47,5,-1,2,AC3371,0,2,20
M200,M201,0:53:27,5,-1,-1,AC3371,0,2,10
M201,M121,0:54:18,5,-1,1,AC3371,0,2,20
M121,M119,0:55:18,5,-1,1,AC3371,0,2,20
T430,M177,0:55:38,5,-1,1,MX7769,0,2,262
M119,M113,0:57:19,5,-1,-1,AC3371,0,2,80
M177,M198,0:58:43,5,-1,1,MX7769,0,2,113
M113,M94,0:59:03,5,-1,-1,AC3371,0,2,60
M94,M95/3,0:59:43,5,-1,-1,AC3371,0,2,20
M198,M183/2,0:59:53,5,-1,1,MX7769,0,2,60
M183/2,M140/1,1:01:14,5,-1,1,MX7769,0,2,20
M140/1,M137/2,1:02:15,5,-1,1,MX7769,0,2,50
M137/2,M132/1,1:03:06,5,-1,1,MX7769,0,2,30
M132/1,M200,1:03:56,5,-1,3,MX7769,0,2,20
M200,M201,1:04:37,5,-1,-1,MX7769,0,2,20
M201,M121,1:05:37,5,-1,1,MX7769,0,2,30
M121,M119,1:06:38,5,-1,1,MX7769,0,2,30
M119,M113,1:08:49,5,-1,-1,MX7769,0,2,121
M113,M94,1:09:42,5,-1,-1,MX7769,0,2,22
M94,M95/3,1:10:22,5,-1,-1,MX7769,0,2,20
M95/3,M22,6:01:44,5,-1,1,MY9487,0,2,123
M22,M10,6:03:25,5,-1,1,MY9487,0,2,60
M10,M16/1,6:06:47,5,-1,2,MY9487,0,2,131
M16/1,M109,6:07:58,5,-1,1,MY9487,0,2,40
M109,M112,6:10:19,5,-1,1,MY9487,0,2,121
M112,M127,6:10:50,5,-1,1,MY9487,0,2,10
M127,M125,6:11:42,5,-1,1,MY9487,0,2,22
M125,M136/2,6:13:23,5,-1,1,MY9487,0,2,60
M136/2,M139/2,6:13:44,5,-1,1,MY9487,0,2,10
M139/2,M184,6:14:54,5,-1,1,MY9487,0,2,30
M184,M188,6:15:45,5,-1,1,MY9487,0,2,10
M188,M203/2,6:17:06,5,-1,1,MY9487,0,2,60
M203/2,M277,6:18:17,5,-1,-1,MY9487,0,2,40
M277,M182/1,6:20:18,5,-1,1,MY9487,0,2,111
M22,M10,6:20:48,5,-1,1,MY9211,0,2,70
M10,M16/1,6:22:29,5,-1,1,MY9211,0,2,50
M182/1,T431,6:23:44,5,-1,1,MY9487,0,2,195
T431,T335,6:25:05,5,-1,1,MY9487,0,2,71
T335,T338,6:25:35,5,-1,1,MY9487,0,2,10
M16/1,M109,6:26:06,5,-1,1,MY9211,0,2,101
T338,T326/3,6:27:06,5,-1,-1,MY9487,0,2,80
M109,M112,6:27:47,5,-1,1,MY9211,0,2,80
T326/3,T332/2,6:27:47,5,-1,1,MY9487,0,2,30
M112,M127,6:28:38,5,-1,1,MY9211,0,2,30
M127,M125,6:29:28,5,-1,1,MY9211,0,2,30
M125,M136/2,6:31:09,5,-1,1,MY9211,0,2,40
M136/2,M139/2,6:31:50,5,-1,1,MY9211,0,2,20
T332/2,T408/1,6:31:50,5,-1,-1,MY9487,2,2,232
C656,C654/3,6:32:00,5,-1,1,MX7769,0,2,50
T408/1,T343,6:33:31,5,-1,-1,MY9487,0,2,81
M139/2,M184,6:33:41,5,-1,1,MY9211,0,2,91
C654/3,C653/2,6:33:51,5,-1,1,MX7769,0,2,80
M184,M188,6:34:22,5,-1,1,MY9211,0,2,10
M188,M203/2,6:34:52,5,-1,1,MY9211,0,2,10
T343,T316,6:35:33,5,-1,1,MY9487,0,2,91
C653/2,C692,6:36:03,5,-1,2,MX7769,0,2,101
M95/3,M22,6:36:13,5,-1,1,MY9491,0,2,30
M203/2,M277,6:36:13,5,-1,-1,MY9211,0,2,30
T316,T345/5,6:37:14,5,-1,-1,MY9487,0,2,91
C692,C689/1,6:37:14,5,-1,1,MX7769,0,2,50
M22,M10,6:37:54,5,-1,1,MY9491,0,2,70
M277,M182/1,6:38:25,5,-1,1,MY9211,0,2,121
T345/5,T344,6:38:35,5,-1,1,MY9487,0,2,70
M10,M16/1,6:39:35,5,-1,1,MY9491,0,2,70
T344,T356/1,6:39:35,5,-1,1,MY9487,0,2,30
C689/1,T355/2,6:40:16,5,-1,1,MX7769,0,2,121
M16/1,M109,6:41:37,5,-1,1,MY9491,0,2,91
T356/1,T358,6:41:37,5,-1,1,MY9487,0,2,81
T355/2,T360,6:42:17,5,-1,1,MX7769,0,2,91
M182/1,T431,6:42:27,5,-1,1,MY9211,0,2,212
T358,T373/2,6:42:37,5,-1,1,MY9487,0,2,30
T360,T376/1,6:42:58,5,-1,1,MX7769,0,2,20
T373/2,T375,6:43:08,5,-1,1,MY9487,0,2,20
T431,T335,6:43:48,5,-1,1,MY9211,0,2,60
T376/1,T363/1,6:43:48,5,-1,1,MX7769,0,2,40
T375,T380,6:44:09,5,-1,1,MY9487,0,2,50
T335,T338,6:44:19,5,-1,1,MY9211,0,2,10
T380,T379,6:44:29,5,-1,1,MY9487,0,2,10
M109,M127,6:44:39,5,-1,1,MY9491,1,2,131
T363/1,T374,6:44:39,5,-1,1,MX7769,0,2,30
T374,T406,6:45:19,5,-1,1,MX7769,0,2,30
M127,M125,6:45:40,5,-1,1,MY9491,0,2,40
T338,T326/3,6:45:50,5,-1,-1,MY9211,0,2,60
T379,T355/1,6:45:50,5,-1,1,MY9487,1,2,70
T326/3,T332/2,6:46:52,5,-1,1,MY9211,0,2,51
M125,M136/2,6:47:02,5,-1,1,MY9491,0,2,51
M136/2,M139/2,6:47:22,5,-1,2,MY9491,0,2,10
M139/2,M184,6:48:23,5,-1,2,MY9491,0,2,30
T332/2,T339/2,6:48:23,5,-1,1,MY9211,1,2,71
C655,C653/2,6:48:43,5,-1,1,MY9362,4,2,50
M184,M188,6:49:24,5,-1,1,MY9491,0,2,10
T355/1,C688/1,6:50:04,5,-1,1,MY9487,0,2,224
T406,T345/1,6:50:14,5,-1,-1,MX7769,0,2,284
M188,M203/2,6:50:55,5,-1,1,MY9491,0,2,20
C688/1,C691,6:51:25,5,-1,1,MY9487,0,2,40
M203/2,M277,6:51:56,5,-1,-1,MY9491,0,2,41
T345/1,T322,6:52:27,5,-1,-1,MX7769,0,2,92
T339/2,T343,6:52:47,5,-1,-1,MY9211,1,2,233
C691,C655,6:53:48,5,-1,1,MY9487,1,2,121
C653/2,T355/2,6:53:48,5,-1,1,MY9362,2,2,294
M277,M182/1,6:54:18,5,-1,1,MY9491,0,2,131
T322,T342,6:54:18,5,-1,-1,MX7769,0,2,80
T343,T316,6:54:48,5,-1,1,MY9211,0,2,91
M95/3,M22,6:55:09,5,-1,1,AA7450,0,2,80
C655,C657,6:55:09,5,-1,1,MY9487,0,2,40
T342,T409,6:55:19,5,-1,1,MX7769,0,2,40
C657,C686,6:55:59,5,-1,1,MY9487,0,2,30
T355/2,T360,6:55:59,5,-1,1,MY9362,0,2,101
T409,T368,6:56:09,5,-1,1,MX7769,0,2,40
T368,T324/2,6:56:40,5,-1,1,MX7769,0,2,20
M22,M10,6:56:50,5,-1,1,AA7450,0,2,60
T360,T376/1,6:56:50,5,-1,1,MY9362,0,2,30
T316,T345/5,6:57:00,5,-1,1,MY9211,0,2,121
C686,C656,6:57:35,5,-1,1,MY9487,0,2,45
T324/2,T327,6:57:35,5,-1,1,MX7769,0,2,45
M182/1,T431,6:57:56,5,-1,1,MY9491,0,2,207
T345/5,T344,6:58:16,5,-1,1,MY9211,0,2,50
T376/1,T363/1,6:58:26,5,-1,1,MY9362,0,2,60
T327,T326/2,6:58:26,5,-1,1,MX7769,0,2,30
M10,M16/1,6:58:46,5,-1,1,AA7450,0,2,70
T431,T335,6:59:06,5,-1,1,MY9491,0,2,60
C656,C654/3,6:59:06,5,-1,1,MY9487,0,2,60
T344,T356/1,6:59:17,5,-1,1,MY9211,0,2,20
T363/1,T374,6:59:17,5,-1,1,MY9362,0,2,20
T326/2,T337,6:59:27,5,-1,1,MX7769,0,2,50
T335,T338,6:59:57,5,-1,1,MY9491,0,2,20
T374,T406,6:59:57,5,-1,1,MY9362,0,2,30
M16/1,M109,7:00:48,5,-1,1,AA7450,0,2,91
T356/1,T358,7:00:48,5,-1,1,MY9211,0,2,70
T338,T326/3,7:01:08,5,-1,-1,MY9491,0,2,60
T358,T373/2,7:01:38,5,-1,1,MY9211,0,2,20
T337,T430,7:01:48,5,-1,1,MX7769,1,2,111
T326/3,T332/2,7:02:19,5,-1,1,MY9491,0,2,60
T373/2,T375,7:02:19,5,-1,1,MY9211,0,2,30
T375,T380,7:02:59,5,-1,1,MY9211,0,2,20
M109,M112,7:03:09,5,-1,2,AA7450,0,2,111
T380,T379,7:03:19,5,-1,1,MY9211,0,2,10
T332/2,T325/2,7:03:41,5,-1,1,MY9491,0,2,72
C654/3,C653/2,7:03:52,5,-1,1,MY9487,0,2,72
T325/2,T339/2,7:04:02,5,-1,1,MY9491,0,2,10
T379,T359,7:04:34,5,-1,1,MY9211,0,2,62
M112,M127,7:05:24,5,-1,1,AA7450,0,2,62
T359,T355/1,7:05:34,5,-1,1,MY9211,0,2,50
T339/2,T408/1,7:05:54,5,-1,-1,MY9491,0,2,70
C653/2,C692,7:06:05,5,-1,1,MY9487,0,2,80
T406,T345/1,7:06:05,5,-1,-1,MY9362,0,2,357
T430,M177,7:06:35,5,-1,1,MX7769,0,2,276
M127,M125,7:06:45,5,-1,1,AA7450,0,2,20
C692,C689/1,7:07:15,5,-1,1,MY9487,0,2,30
M125,M136/2,7:07:56,5,-1,1,AA7450,0,2,10
T408/1,T343,7:08:06,5,-1,-1,MY9491,0,2,121
T345/1,T322,7:08:06,5,-1,-1,MY9362,0,2,91
M136/2,M139/2,7:08:16,5,-1,2,AA7450,0,2,10
T355/1,C688/1,7:09:07,5,-1,1,MY9211,0,2,202
M139/2,M184,7:09:17,5,-1,2,AA7450,0,2,20
T322,T342,7:09:47,5,-1,-1,MY9362,0,2,80
T343,T316,7:10:18,5,-1,1,MY9491,0,2,91
C689/1,T355/2,7:10:28,5,-1,1,MY9487,0,2,131
C688/1,C691,7:10:38,5,-1,1,MY9211,0,2,60
M177,M183/2,7:10:48,5,-1,2,MX7769,1,2,212
T342,T409,7:10:58,5,-1,1,MY9362,0,2,40
M183/2,M140/1,7:12:09,5,-1,1,MX7769,0,2,10
M188,M203/2,7:12:19,5,-1,1,AA7450,0,2,91
T316,T345/5,7:12:19,5,-1,1,MY9491,0,2,111
T409,T368,7:12:29,5,-1,1,MY9362,0,2,60
M22,M10,7:12:39,5,-1,1,MY9154,0,2,91
T355/2,T360,7:12:39,5,-1,1,MY9487,0,2,101
C691,C652,7:12:59,5,-1,1,MY9211,0,2,111
T368,T324/2,7:13:33,5,-1,1,MY9362,0,2,33
M203/2,M277,7:13:43,5,-1,-1,AA7450,0,2,53
C652,C655,7:13:43,5,-1,1,MY9211,0,2,23
T345/5,T344,7:13:53,5,-1,1,MY9491,0,2,53
T360,T376/1,7:13:53,5,-1,1,MY9487,0,2,53
M10,M16/1,7:14:23,5,-1,1,MY9154,0,2,63
C655,C657,7:14:44,5,-1,1,MY9211,0,2,50
M140/1,M137/2,7:14:44,5,-1,1,MX7769,0,2,104
T344,T356/1,7:14:54,5,-1,1,MY9491,0,2,30
T376/1,T363/1,7:15:04,5,-1,1,MY9487,0,2,60
T324/2,T327,7:15:04,5,-1,1,MY9362,0,2,60
C657,C686,7:15:14,5,-1,1,MY9211,0,2,20
M137/2,M132/1,7:15:34,5,-1,1,MX7769,0,2,30
M277,M182/1,7:15:54,5,-1,1,AA7450,0,2,121
T363/1,T374,7:15:54,5,-1,1,MY9487,0,2,40
T356/1,T358,7:16:35,5,-1,1,MY9491,0,2,60
C686,C656,7:16:35,5,-1,1,MY9211,0,2,30
M132/1,M200,7:16:45,5,-1,2,MX7769,0,2,30
T327,T337,7:16:55,5,-1,1,MY9362,1,2,80
T358,T373/2,7:17:26,5,-1,1,MY9491,0,2,30
M200,M201,7:17:26,5,-1,-1,MX7769,0,2,10
T337,T334,7:17:46,5,-1,1,MY9362,0,2,20
C656,C654/3,7:17:56,5,-1,1,MY9211,0,2,50
M16/1,M109,7:18:06,5,-1,1,MY9154,0,2,91
T373/2,T375,7:18:26,5,-1,1,MY9491,0,2,30
M201,M121,7:18:26,5,-1,1,MX7769,0,2,40
T334,T430,7:18:57,5,-1,1,MY9362,0,2,50
T375,T380,7:19:37,5,-1,1,MY9491,0,2,50
M121,M119,7:19:37,5,-1,1,MX7769,0,2,30
M182/1,T431,7:19:47,5,-1,1,AA7450,0,2,192
T380,T379,7:19:57,5,-1,1,MY9491,0,2,10
M109,M112,7:20:28,5,-1,1,MY9154,0,2,91
T379,T359,7:20:28,5,-1,1,MY9491,0,2,20
M119,M113,7:20:58,5,-1,-1,MX7769,0,2,60
M112,M127,7:21:28,5,-1,1,MY9154,0,2,30
T431,T335,7:21:28,5,-1,1,AA7450,0,2,70
C654/3,C653/2,7:21:28,5,-1,1,MY9211,0,2,50
T359,T355/1,7:21:49,5,-1,1,MY9491,0,2,70
M127,M125,7:22:19,5,-1,1,MY9154,0,2,20
T335,T338,7:22:19,5,-1,1,AA7450,0,2,20
M113,M94,7:22:19,5,-1,-1,MX7769,0,2,40
T374,T345/1,7:22:29,5,-1,-1,MY9487,1,2,384
M94,M95/3,7:22:49,5,-1,-1,MX7769,0,2,20
C653/2,C692,7:23:20,5,-1,1,MY9211,0,2,101
T430,M177,7:23:40,5,-1,1,MY9362,0,2,273
M125,M136/2,7:23:50,5,-1,1,MY9154,0,2,60
T338,T326/3,7:23:50,5,-1,-1,AA7450,0,2,60
M136/2,M139/2,7:24:21,5,-1,1,MY9154,0,2,20
T326/3,T332/2,7:24:33,5,-1,1,AA7450,0,2,33
C692,C689/1,7:24:33,5,-1,1,MY9211,0,2,53
M139/2,M184,7:26:25,5,-1,1,MY9154,0,2,60
T345/1,T342,7:26:25,5,-1,-1,MY9487,1,2,215
M177,M198,7:26:25,5,-1,1,MY9362,0,2,144
T355/1,C688/1,7:26:36,5,-1,1,MY9491,0,2,267
C689/1,T355/2,7:26:56,5,-1,1,MY9211,0,2,112
T342,T409,7:27:27,5,-1,1,MY9487,0,2,40
M198,M183/2,7:27:27,5,-1,2,MY9362,0,2,50
T332/2,T408/1,7:27:47,5,-1,-1,AA7450,2,2,173
C688/1,C691,7:28:07,5,-1,1,MY9491,0,2,80
M188,M203/2,7:28:17,5,-1,1,MY9154,0,2,50
T409,T368,7:28:17,5,-1,1,MY9487,0,2,30
M183/2,M140/1,7:28:27,5,-1,1,MY9362,0,2,20
T368,T324/2,7:28:58,5,-1,1,MY9487,0,2,30
T355/2,T360,7:29:08,5,-1,1,MY9211,0,2,101
M95/3,M22,7:29:18,5,-1,1,MY9282,0,2,91
M203/2,M277,7:29:48,5,-1,-1,MY9154,0,2,30
C691,C652,7:29:58,5,-1,1,MY9491,0,2,70
T408/1,T343,7:30:19,5,-1,-1,AA7450,0,2,131
T324/2,T327,7:30:19,5,-1,1,MY9487,0,2,60
T360,T376/1,7:30:39,5,-1,1,MY9211,0,2,60
M140/1,M137/2,7:30:49,5,-1,1,MY9362,0,2,111
C652,C655,7:31:10,5,-1,1,MY9491,0,2,30
T327,T326/2,7:31:20,5,-1,1,MY9487,0,2,10
M137/2,M132/1,7:31:45,5,-1,1,MY9362,0,2,34
M277,M182/1,7:32:05,5,-1,1,MY9154,0,2,126
C655,C657,7:32:05,5,-1,1,MY9491,0,2,45
T376/1,T363/1,7:32:15,5,-1,1,MY9211,0,2,85
T326/2,T337,7:32:25,5,-1,1,MY9487,0,2,50
T343,T316,7:32:35,5,-1,2,AA7450,0,2,95
C657,C686,7:32:35,5,-1,1,MY9491,0,2,20
T363/1,T374,7:33:06,5,-1,1,MY9211,0,2,40
T337,T334,7:33:16,5,-1,1,MY9487,0,2,20
M132/1,M200,7:33:46,5,-1,2,MY9362,0,2,10
T374,T406,7:33:56,5,-1,1,MY9211,0,2,30
C686,C656,7:34:06,5,-1,1,MY9491,0,2,30
T334,T430,7:34:26,5,-1,1,MY9487,0,2,50
T316,T345/5,7:34:47,5,-1,1,AA7450,0,2,111
M200,M201,7:34:57,5,-1,-1,MY9362,0,2,20
M22,M16/1,7:35:07,5,-1,2,MY9282,1,2,288
C656,C654/3,7:35:07,5,-1,1,MY9491,0,2,50
M182/1,T431,7:35:47,5,-1,1,MY9154,0,2,202
M201,M121,7:35:47,5,-1,1,MY9362,0,2,20
C654/3,C653/2,7:36:28,5,-1,1,MY9491,0,2,50
T345/5,T344,7:36:38,5,-1,1,AA7450,0,2,91
M121,M119,7:36:58,5,-1,1,MY9362,0,2,20
T431,T335,7:37:19,5,-1,1,MY9154,0,2,60
T344,T356/1,7:37:29,5,-1,1,AA7450,0,2,30
M16/1,M109,7:37:49,5,-1,1,MY9282,0,2,141
C653/2,C692,7:37:49,5,-1,1,MY9491,0,2,70
T335,T338,7:37:59,5,-1,1,MY9154,0,2,10
T430,M177,7:39:10,5,-1,1,MY9487,0,2,273
T338,T326/3,7:39:20,5,-1,-1,MY9154,0,2,50
T356/1,T358,7:39:20,5,-1,1,AA7450,0,2,70
C692,C689/1,7:39:20,5,-1,1,MY9491,0,2,50
M119,M113,7:39:33,5,-1,-1,MY9362,0,2,114
T358,T373/2,7:40:04,5,-1,1,AA7450,0,2,30
T326/3,T332/2,7:40:24,5,-1,1,MY9154,0,2,40
T406,T345/1,7:40:34,5,-1,-1,MY9211,0,2,367
T373/2,T375,7:40:55,5,-1,1,AA7450,0,2,30
M113,M94,7:41:25,5,-1,-1,MY9362,0,2,81
T332/2,T325/2,7:41:45,5,-1,1,MY9154,0,2,50
T375,T380,7:41:45,5,-1,1,AA7450,0,2,40
M177,M198,7:41:45,5,-1,2,MY9487,0,2,131
C689/1,T355/2,7:41:55,5,-1,1,MY9491,0,2,111
M94,M95/3,7:41:55,5,-1,-1,MY9362,0,2,20
T325/2,T339/2,7:42:26,5,-1,1,MY9154,0,2,20
T380,T379,7:42:26,5,-1,1,AA7450,0,2,10
T345/1,T322,7:42:46,5,-1,-1,MY9211,0,2,101
M109,M127,7:42:56,5,-1,1,MY9282,1,2,286
T379,T359,7:42:56,5,-1,1,AA7450,0,2,20
T355/2,T360,7:43:57,5,-1,1,MY9491,0,2,111
T339/2,T408/1,7:44:07,5,-1,-1,MY9154,0,2,60
T359,T355/1,7:44:07,5,-1,1,AA7450,0,2,60
M127,M125,7:44:27,5,-1,1,MY9282,0,2,60
T360,T376/1,7:44:27,5,-1,1,MY9491,0,2,20
T322,T342,7:44:37,5,-1,-1,MY9211,0,2,91
M198,M183/2,7:44:37,5,-1,1,MY9487,0,2,161
T376/1,T363/1,7:45:08,5,-1,1,MY9491,0,2,30
M95/3,M10,7:45:28,5,-1,1,MX7769,1,2,293
M125,M136/2,7:45:38,5,-1,1,MY9282,0,2,40
M183/2,M140/1,7:45:38,5,-1,1,MY9487,0,2,20
T408/1,T343,7:45:48,5,-1,-1,MY9154,0,2,80
T363/1,T374,7:45:48,5,-1,1,MY9491,0,2,20
M136/2,M139/2,7:46:18,5,-1,2,MY9282,0,2,20
T342,T409,7:46:18,5,-1,1,MY9211,0,2,70
T374,T406,7:47:09,5,-1,1,MY9491,0,2,50
M10,M16/1,7:47:19,5,-1,1,MX7769,0,2,70
M139/2,M184,7:47:19,5,-1,2,MY9282,0,2,40
T355/1,C688/1,7:47:29,5,-1,1,AA7450,0,2,192
T409,T368,7:47:39,5,-1,1,MY9211,0,2,40
M140/1,M137/2,7:47:39,5,-1,1,MY9487,0,2,60
M184,M188,7:47:50,5,-1,1,MY9282,0,2,10
T343,T316,7:47:50,5,-1,1,MY9154,0,2,91
C688/1,C691,7:48:25,5,-1,1,AA7450,0,2,35
T368,T324/2,7:48:25,5,-1,1,MY9211,0,2,35
M188,M203/2,7:48:36,5,-1,1,MY9282,0,2,11
M137/2,M132/1,7:48:46,5,-1,1,MY9487,0,2,41
M203/2,M277,7:49:47,5,-1,-1,MY9282,0,2,60
T324/2,T327,7:49:47,5,-1,1,MY9211,0,2,50
C691,C652,7:49:57,5,-1,1,AA7450,0,2,70
T316,T345/5,7:50:17,5,-1,1,MY9154,0,2,132
T327,T326/2,7:50:38,5,-1,1,MY9211,0,2,30
M132/1,M200,7:50:38,5,-1,2,MY9487,0,2,50
C652,C655,7:50:48,5,-1,1,AA7450,0,2,30
M16/1,M109,7:51:08,5,-1,1,MX7769,0,2,91
T345/5,T344,7:51:38,5,-1,1,MY9154,0,2,50
T326/2,T337,7:51:38,5,-1,1,MY9211,0,2,50
M200,M201,7:51:48,5,-1,-1,MY9487,0,2,10
M277,M182/1,7:51:59,5,-1,1,MY9282,0,2,121
C655,C657,7:52:09,5,-1,1,AA7450,0,2,50
T406,T345/1,7:52:19,5,-1,-1,MY9491,0,2,299
T337,T334,7:52:29,5,-1,1,MY9211,0,2,20
C657,C686,7:52:39,5,-1,1,AA7450,0,2,20
T344,T356/1,7:52:59,5,-1,1,MY9154,0,2,40
M201,M121,7:53:09,5,-1,1,MY9487,0,2,50
M109,M112,7:54:04,5,-1,1,MX7769,0,2,145
C686,C656,7:54:14,5,-1,1,AA7450,0,2,54
T334,T430,7:54:14,5,-1,1,MY9211,0,2,54
M121,M119,7:54:24,5,-1,1,MY9487,0,2,30
T356/1,T358,7:54:44,5,-1,1,MY9154,0,2,94
T345/1,T322,7:54:55,5,-1,-1,MY9491,0,2,125
T358,T373/2,7:55:25,5,-1,1,MY9154,0,2,30
C656,C654/3,7:55:25,5,-1,1,AA7450,0,2,60
M112,M127,7:55:56,5,-1,1,MX7769,0,2,20
M182/1,T431,7:55:56,5,-1,1,MY9282,0,2,207
T373/2,T375,7:55:56,5,-1,1,MY9154,0,2,20
C654/3,C653/2,7:56:57,5,-1,1,AA7450,0,2,60
M119,M113,7:56:57,5,-1,-1,MY9487,0,2,122
T322,T342,7:57:07,5,-1,-1,MY9491,0,2,102
T431,T335,7:57:17,5,-1,1,MY9282,0,2,70
T375,T380,7:57:38,5,-1,1,MY9154,0,2,70
M127,M125,7:57:58,5,-1,1,MX7769,0,2,30
T380,T379,7:57:58,5,-1,1,MY9154,0,2,10
T335,T338,7:58:08,5,-1,1,MY9282,0,2,30
M113,M94,7:58:18,5,-1,-1,MY9487,0,2,70
C653/2,C692,7:58:28,5,-1,-1,AA7450,0,2,60
T342,T409,7:58:28,5,-1,1,MY9491,0,2,50
T379,T359,7:59:09,5,-1,1,MY9154,0,2,40
T430,M177,7:59:09,5,-1,1,MY9211,0,2,274
T338,T326/3,7:59:39,5,-1,-1,MY9282,0,2,60
M94,M95/3,7:59:39,5,-1,-1,MY9487,0,2,40
M125,M136/2,7:59:49,5,-1,1,MX7769,0,2,20
C692,C689/1,7:59:59,5,-1,1,AA7450,0,2,50
M22,M10,8:00:10,5,-1,1,MX7866,0,2,152
T359,T355/1,8:00:10,5,-1,1,MY9154,0,2,50
T409,T368,8:00:10,5,-1,1,MY9491,0,2,50
M136/2,M139/2,8:00:42,5,-1,2,MX7769,0,2,32
T326/3,T332/2,8:00:52,5,-1,1,MY9282,0,2,62
T368,T324/2,8:01:02,5,-1,1,MY9491,0,2,30
M177,M198,8:01:43,5,-1,1,MY9211,0,2,123
T332/2,T325/2,8:01:53,5,-1,1,MY9282,0,2,40
M139/2,M184,8:02:33,5,-1,1,MX7769,0,2,70
T324/2,T327,8:02:33,5,-1,1,MY9491,0,2,60
T325/2,T339/2,8:02:44,5,-1,1,MY9282,0,2,20
M10,M16/1,8:02:54,5,-1,1,MX7866,0,2,101
M198,M183/2,8:03:14,5,-1,2,MY9211,0,2,81
T327,T326/2,8:03:34,5,-1,1,MY9491,0,2,50
C689/1,T355/2,8:03:44,5,-1,1,AA7450,0,2,172
M183/2,M140/1,8:04:35,5,-1,1,MY9211,0,2,20
T339/2,T408/1,8:04:45,5,-1,-1,MY9282,0,2,80
T355/1,C688/1,8:04:45,5,-1,1,MY9154,0,2,265
T326/2,T337,8:04:55,5,-1,1,MY9491,0,2,70
M16/1,M109,8:05:15,5,-1,1,MX7866,0,2,10
M188,M203/2,8:05:26,5,-1,1,MX7769,0,2,10
T337,T334,8:05:26,5,-1,1,MY9491,0,2,20
M140/1,M137/2,8:05:46,5,-1,1,MY9211,0,2,40
T355/2,T360,8:05:56,5,-1,1,AA7450,0,2,111
C688/1,C691,8:06:26,5,-1,1,MY9154,0,2,70
T408/1,T343,8:06:36,5,-1,-1,MY9282,0,2,91
M95/3,M22,8:06:47,5,-1,1,MY9362,0,2,111
M137/2,M132/1,8:06:47,5,-1,1,MY9211,0,2,30
T334,T430,8:06:57,5,-1,1,MY9491,0,2,80
M132/1,M200,8:07:37,5,-1,3,MY9211,0,2,10
M109,M112,8:07:47,5,-1,2,MX7866,0,2,111
C691,C652,8:07:47,5,-1,1,MY9154,0,2,40
T343,T316,8:08:48,5,-1,1,MY9282,0,2,80
C652,C655,8:08:48,5,-1,1,MY9154,0,2,30
M200,M201,8:08:48,5,-1,-1,MY9211,0,2,10
T360,T363/1,8:08:58,5,-1,1,AA7450,1,2,141
M203/2,M182/1,8:09:08,5,-1,1,MX7769,1,2,192
M22,M10,8:09:18,5,-1,1,MY9362,0,2,111
M112,M127,8:09:29,5,-1,1,MX7866,0,2,30
C655,C657,8:09:59,5,-1,1,MY9154,0,2,50
T363/1,T374,8:09:59,5,-1,1,AA7450,0,2,50
M201,M121,8:10:09,5,-1,1,MY9211,0,2,30
C657,C686,8:10:29,5,-1,1,MY9154,0,2,20
T374,T406,8:10:50,5,-1,1,AA7450,0,2,30
M127,M125,8:11:10,5,-1,1,MX7866,0,2,70
T316,T345/5,8:11:20,5,-1,1,MY9282,0,2,111
M10,M16/1,8:11:33,5,-1,2,MY9362,0,2,94
M121,M119,8:11:33,5,-1,2,MY9211,0,2,43
T430,M177,8:12:03,5,-1,1,MY9491,0,2,286
C686,C656,8:12:14,5,-1,1,MY9154,0,2,63
M125,M136/2,8:12:34,5,-1,1,MX7866,0,2,60
M182/1,T431,8:12:54,5,-1,1,MX7769,0,2,195
T345/5,T344,8:12:54,5,-1,1,MY9282,0,2,81
M16/1,M109,8:13:35,5,-1,1,MY9362,0,2,50
M136/2,M139/2,8:13:35,5,-1,1,MX7866,0,2,20
C656,C654/3,8:13:35,5,-1,1,MY9154,0,2,50
T344,T356/1,8:13:55,5,-1,1,MY9282,0,2,40
M119,M113,8:14:15,5,-1,-1,MY9211,0,2,121
T431,T335,8:14:35,5,-1,1,MX7769,0,2,80
M177,M198,8:14:45,5,-1,1,MY9491,0,2,151
M139/2,M184,8:15:36,5,-1,1,MX7866,0,2,80
T406,T345/1,8:15:36,5,-1,-1,AA7450,0,2,266
M113,M94,8:15:46,5,-1,-1,MY9211,0,2,30
M109,M112,8:15:56,5,-1,1,MY9362,0,2,101
M94,M95/3,8:16:27,5,-1,-1,MY9211,0,2,30
M184,M188,8:16:37,5,-1,1,MX7866,0,2,20
M112,M127,8:16:47,5,-1,1,MY9362,0,2,20
T338,T326/3,8:16:47,5,-1,-1,MX7769,0,2,81
T356/1,T358,8:16:47,5,-1,1,MY9282,0,2,161
M188,M203/2,8:17:17,5,-1,1,MX7866,0,2,10
T326/3,T332/2,8:17:38,5,-1,1,MX7769,0,2,40
T358,T373/2,8:17:38,5,-1,1,MY9282,0,2,30
C654/3,C653/2,8:17:38,5,-1,1,MY9154,0,2,50
T345/1,T322,8:17:58,5,-1,-1,AA7450,0,2,121
M198,M183/2,8:18:08,5,-1,2,MY9491,0,2,192
T373/2,T375,8:18:28,5,-1,1,MY9282,0,2,30
M203/2,M277,8:18:38,5,-1,-1,MX7866,0,2,50
M127,M125,8:18:48,5,-1,1,MY9362,0,2,30
T332/2,T325/2,8:18:48,5,-1,1,MX7769,0,2,60
T325/2,T339/2,8:19:09,5,-1,1,MX7769,0,2,10
C653/2,C692,8:19:09,5,-1,1,MY9154,0,2,50
T375,T380,8:19:49,5,-1,1,MY9282,0,2,60
T322,T342,8:19:59,5,-1,-1,AA7450,0,2,91
T380,T379,8:20:33,5,-1,1,MY9282,0,2,13
M125,M136/2,8:20:43,5,-1,1,MY9362,0,2,43
C692,C689/1,8:20:43,5,-1,1,MY9154,0,2,63
M277,M182/1,8:20:53,5,-1,1,MX7866,0,2,124
T339/2,T408/1,8:20:53,5,-1,-1,MX7769,0,2,73
M183/2,M140/1,8:20:53,5,-1,1,MY9491,0,2,43
T379,T359,8:21:13,5,-1,1,MY9282,0,2,20
T342,T409,8:21:44,5,-1,1,AA7450,0,2,61
M136/2,M139/2,8:22:14,5,-1,1,MY9362,0,2,71
T359,T355/1,8:22:24,5,-1,1,MY9282,0,2,61
M140/1,M137/2,8:22:24,5,-1,1,MY9491,0,2,81
T408/1,T343,8:23:05,5,-1,-1,MX7769,0,2,121
T409,T368,8:23:15,5,-1,1,AA7450,0,2,70
M139/2,M184,8:23:25,5,-1,1,MY9362,0,2,40
M137/2,M132/1,8:23:45,5,-1,1,MY9491,0,2,40
M95/3,M22,8:24:16,5,-1,1,MY9487,0,2,111
T368,T324/2,8:24:16,5,-1,1,AA7450,0,2,40
M184,M188,8:24:26,5,-1,1,MY9362,0,2,20
C689/1,T355/2,8:24:26,5,-1,1,MY9154,0,2,151
M182/1,T431,8:24:46,5,-1,1,MX7866,0,2,192
M132/1,M200,8:24:46,5,-1,2,MY9491,0,2,20
M188,M203/2,8:25:16,5,-1,1,MY9362,0,2,10
T343,T316,8:25:16,5,-1,1,MX7769,0,2,81
T324/2,T327,8:25:57,5,-1,1,AA7450,0,2,60
M200,M201,8:25:57,5,-1,-1,MY9491,0,2,20
T431,T335,8:26:07,5,-1,1,MX7866,0,2,70
M203/2,M277,8:26:27,5,-1,-1,MY9362,0,2,40
T355/2,T360,8:26:37,5,-1,1,MY9154,0,2,101
M22,M10,8:26:48,5,-1,1,MY9487,0,2,101
T355/1,C688/1,8:26:48,5,-1,1,MY9282,0,2,232
T335,T338,8:26:58,5,-1,1,MX7866,0,2,20
T360,T376/1,8:27:48,5,-1,1,MY9154,0,2,40
T316,T345/5,8:27:58,5,-1,1,MX7769,0,2,121
T327,T337,8:28:29,5,-1,1,AA7450,1,2,131
M277,M182/1,8:28:39,5,-1,1,MY9362,0,2,121
T338,T326/3,8:28:49,5,-1,-1,MX7866,0,2,80
M10,M16/1,8:28:59,5,-1,2,MY9487,0,2,101
T376/1,T363/1,8:28:59,5,-1,1,MY9154,0,2,60
T345/5,T344,8:29:19,5,-1,1,MX7769,0,2,70
T337,T334,8:29:19,5,-1,1,AA7450,0,2,20
T344,T356/1,8:30:10,5,-1,1,MX7769,0,2,30
T363/1,T374,8:30:10,5,-1,1,MY9154,0,2,30
M201,M113,8:30:10,5,-1,-1,MY9491,2,2,222
T334,T430,8:30:51,5,-1,1,AA7450,0,2,50
M16/1,M109,8:31:01,5,-1,1,MY9487,0,2,40
T374,T406,8:31:01,5,-1,1,MY9154,0,2,30
T326/3,T325/2,8:31:33,5,-1,1,MX7866,1,2,154
T356/1,T358,8:31:33,5,-1,1,MX7769,0,2,52
M113,M94,8:31:33,5,-1,-1,MY9491,0,2,52
T325/2,T339/2,8:32:04,5,-1,1,MX7866,0,2,20
T358,T373/2,8:32:24,5,-1,1,MX7769,0,2,30
M182/1,T431,8:32:34,5,-1,1,MY9362,0,2,194
M94,M95/3,8:32:34,5,-1,-1,MY9491,0,2,30
C688/1,C655,8:32:44,5,-1,1,MY9282,2,2,285
T373/2,T375,8:33:05,5,-1,1,MX7769,0,2,30
T375,T380,8:33:45,5,-1,1,MX7769,0,2,20
T431,T335,8:34:05,5,-1,1,MY9362,0,2,80
C655,C657,8:34:05,5,-1,1,MY9282,0,2,50
T380,T379,8:34:26,5,-1,1,MX7769,0,2,10
T335,T338,8:34:36,5,-1,1,MY9362,0,2,10
C657,C686,8:34:56,5,-1,1,MY9282,0,2,20
M109,M112,8:35:16,5,-1,2,MY9487,0,2,212
T406,T345/1,8:35:47,5,-1,-1,MY9154,0,2,275
T430,M177,8:35:57,5,-1,1,AA7450,0,2,285
T338,T326/3,8:36:27,5,-1,-1,MY9362,0,2,70
T339/2,T343,8:36:27,5,-1,-1,MX7866,1,2,212
C686,C656,8:36:37,5,-1,1,MY9282,0,2,60
T326/3,T332/2,8:37:07,5,-1,1,MY9362,0,2,30
M112,M127,8:37:38,5,-1,1,MY9487,0,2,121
C656,C654/3,8:37:48,5,-1,1,MY9282,0,2,60
T345/1,T322,8:38:08,5,-1,-1,MY9154,0,2,111
T343,T316,8:38:28,5,-1,1,MX7866,0,2,80
T332/2,T325/2,8:38:39,5,-1,1,MY9362,0,2,60
M127,M125,8:39:29,5,-1,1,MY9487,0,2,50
T325/2,T339/2,8:39:29,5,-1,1,MY9362,0,2,30
T379,C688/1,8:39:49,5,-1,1,MX7769,2,2,313
C654/3,C653/2,8:39:49,5,-1,1,MY9282,0,2,80
M177,M183/2,8:40:20,5,-1,1,AA7450,1,2,232
T322,T342,8:40:40,5,-1,-1,MY9154,0,2,121
T316,T345/5,8:41:00,5,-1,1,MX7866,0,2,141
M125,M136/2,8:41:10,5,-1,1,MY9487,0,2,30
T339/2,T408/1,8:41:20,5,-1,-1,MY9362,0,2,80
M136/2,M139/2,8:41:43,5,-1,1,MY9487,0,2,10
T342,T409,8:41:43,5,-1,1,MY9154,0,2,42
M183/2,M140/1,8:41:43,5,-1,1,AA7450,0,2,10
C688/1,C691,8:41:53,5,-1,1,MX7769,0,2,52
M95/3,M22,8:42:33,5,-1,1,MY9211,0,2,153
T345/5,T344,8:42:43,5,-1,1,MX7866,0,2,50
M140/1,M137/2,8:43:04,5,-1,1,AA7450,0,2,50
T408/1,T343,8:43:14,5,-1,-1,MY9362,0,2,101
T409,T368,8:43:14,5,-1,1,MY9154,0,2,50
C653/2,C689/1,8:43:24,5,-1,1,MY9282,1,2,194
T344,T356/1,8:43:34,5,-1,1,MX7866,0,2,20
M139/2,M184,8:43:44,5,-1,1,MY9487,0,2,30
C691,C652,8:44:05,5,-1,1,MX7769,0,2,121
M137/2,M132/1,8:44:05,5,-1,1,AA7450,0,2,30
T368,T324/2,8:44:15,5,-1,1,MY9154,0,2,40
M184,M188,8:44:55,5,-1,1,MY9487,0,2,10
C652,C655,8:44:55,5,-1,1,MX7769,0,2,30
T356/1,T358,8:45:15,5,-1,1,MX7866,0,2,60
T343,T316,8:45:26,5,-1,1,MY9362,0,2,91
T324/2,T327,8:45:36,5,-1,1,MY9154,0,2,50
M22,M10,8:46:06,5,-1,1,MY9211,0,2,141
T358,T373/2,8:46:06,5,-1,1,MX7866,0,2,30
C655,C657,8:46:06,5,-1,1,MX7769,0,2,40
M132/1,M200,8:46:06,5,-1,2,AA7450,0,2,70
M188,M203/2,8:46:26,5,-1,1,MY9487,0,2,10
T327,T326/2,8:46:46,5,-1,1,MY9154,0,2,30
C657,C686,8:47:07,5,-1,1,MX7769,0,2,20
M200,M201,8:47:07,5,-1,-1,AA7450,0,2,20
T316,T345/5,8:47:17,5,-1,1,MY9362,0,2,101
M203/2,M277,8:47:47,5,-1,-1,MY9487,0,2,40
T373/2,T375,8:47:57,5,-1,1,MX7866,0,2,40
T326/2,T337,8:47:57,5,-1,1,MY9154,0,2,60
M10,M16/1,8:48:18,5,-1,2,MY9211,0,2,70
T345/5,T344,8:48:38,5,-1,1,MY9362,0,2,60
T337,T334,8:48:48,5,-1,1,MY9154,0,2,30
C686,C654/3,8:49:08,5,-1,1,MX7769,1,2,80
M201,M121,8:49:08,5,-1,1,AA7450,0,2,111
T344,T356/1,8:49:28,5,-1,1,MY9362,0,2,30
T375,T380,8:49:39,5,-1,1,MX7866,0,2,70
T355/2,T360,8:50:09,5,-1,1,MY9282,0,2,111
M277,M182/1,8:50:19,5,-1,1,MY9487,0,2,141
T334,T430,8:50:19,5,-1,1,MY9154,0,2,60
T379,T359,8:50:29,5,-1,1,MX7866,0,2,20
M121,M119,8:50:29,5,-1,2,AA7450,0,2,70
T356/1,T358,8:51:10,5,-1,1,MY9362,0,2,80
T359,T355/1,8:51:51,5,-1,1,MX7866,0,2,61
T360,T376/1,8:52:01,5,-1,1,MY9282,0,2,102
M16/1,M109,8:52:11,5,-1,1,MY9211,0,2,51
T358,T373/2,8:52:11,5,-1,1,MY9362,0,2,30
T373/2,T375,8:53:02,5,-1,1,MY9362,0,2,30
C654/3,C653/2,8:53:12,5,-1,1,MX7769,0,2,30
T376/1,T363/1,8:53:12,5,-1,1,MY9282,0,2,60
T375,T380,8:53:53,5,-1,1,MY9362,0,2,30
M182/1,T431,8:54:13,5,-1,1,MY9487,0,2,203
T380,T379,8:54:23,5,-1,1,MY9362,0,2,10
T363/1,T374,8:54:23,5,-1,1,MY9282,0,2,20
M119,M113,8:54:33,5,-1,-1,AA7450,0,2,193
C653/2,C692,8:55:03,5,-1,1,MX7769,0,2,91
T430,M177,8:55:14,5,-1,1,MY9154,0,2,264
T379,T359,8:55:24,5,-1,1,MY9362,0,2,50
T374,T406,8:55:34,5,-1,1,MY9282,0,2,30
T431,T335,8:55:44,5,-1,1,MY9487,0,2,60
T355/1,C688/1,8:56:04,5,-1,1,MX7866,0,2,232
M113,M94,8:56:04,5,-1,-1,AA7450,0,2,20
T335,T338,8:56:35,5,-1,1,MY9487,0,2,10
M109,M112,8:56:45,5,-1,1,MY9211,0,2,222
C688/1,C691,8:57:36,5,-1,1,MX7866,0,2,40
M112,M127,8:57:46,5,-1,1,MY9211,0,2,50
T338,T326/3,8:57:46,5,-1,-1,MY9487,0,2,60
C692,C689/1,8:57:46,5,-1,1,MX7769,0,2,111
T326/3,T332/2,8:58:37,5,-1,1,MY9487,0,2,30
C691,C652,8:58:37,5,-1,1,MX7866,0,2,50
M177,M198,8:58:47,5,-1,2,MY9154,0,2,162
C652,C655,8:59:17,5,-1,1,MX7866,0,2,30
M127,M125,8:59:37,5,-1,1,MY9211,0,2,70
T332/2,T325/2,8:59:57,5,-1,1,MY9487,0,2,50
M94,M95/3,9:00:08,5,-1,-1,AA7450,0,2,212
C655,C657,9:00:18,5,-1,1,MX7866,0,2,40
T359,C688/1,9:00:28,5,-1,1,MY9362,1,2,293
T325/2,T339/2,9:00:38,5,-1,1,MY9487,0,2,20
M198,M183/2,9:00:38,5,-1,2,MY9154,0,2,91
C657,C686,9:00:48,5,-1,1,MX7866,0,2,20
C689/1,T355/2,9:00:48,5,-1,1,MX7769,0,2,111
T406,T345/1,9:00:58,5,-1,-1,MY9282,0,2,314
M125,M136/2,9:01:29,5,-1,1,MY9211,0,2,20
C688/1,C691,9:01:39,5,-1,1,MY9362,0,2,60
T339/2,T408/1,9:02:19,5,-1,-1,MY9487,0,2,60
C686,C656,9:02:19,5,-1,1,MX7866,0,2,40
M183/2,M140/1,9:02:29,5,-1,1,MY9154,0,2,20
T355/2,T360,9:03:00,5,-1,1,MX7769,0,2,101
C691,C652,9:03:10,5,-1,1,MY9362,0,2,70
C656,C654/3,9:03:10,5,-1,1,MX7866,0,2,40
M136/2,M139/2,9:03:20,5,-1,1,MY9211,0,2,70
T345/1,T322,9:03:32,5,-1,-1,MY9282,0,2,133
M95/3,M22,9:04:02,5,-1,1,MY9491,0,2,265
T360,T376/1,9:04:02,5,-1,1,MX7769,0,2,42
T408/1,T343,9:04:13,5,-1,-1,MY9487,0,2,103
C652,C655,9:04:13,5,-1,1,MY9362,0,2,40
C654/3,C653/2,9:04:33,5,-1,1,MX7866,0,2,50
M139/2,M184,9:04:43,5,-1,1,MY9211,0,2,30
T376/1,T363/1,9:04:53,5,-1,1,MX7769,0,2,40
M140/1,M137/2,9:05:13,5,-1,1,MY9154,0,2,113
C655,C657,9:05:23,5,-1,1,MY9362,0,2,40
T363/1,T374,9:05:44,5,-1,1,MX7769,0,2,40
M22,M10,9:05:54,5,-1,2,MY9491,0,2,70
T322,T342,9:06:04,5,-1,-1,MY9282,0,2,121
M184,M188,9:06:24,5,-1,1,MY9211,0,2,20
T343,T316,9:06:24,5,-1,1,MY9487,0,2,91
C657,C686,9:06:24,5,-1,1,MY9362,0,2,30
T374,T406,9:06:34,5,-1,1,MX7769,0,2,30
M137/2,M132/1,9:06:34,5,-1,1,MY9154,0,2,40
C653/2,C692,9:06:55,5,-1,2,MX7866,0,2,131
C686,C656,9:07:35,5,-1,1,MY9362,0,2,30
T342,T409,9:07:35,5,-1,1,MY9282,0,2,60
C692,C689/1,9:08:05,5,-1,1,MX7866,0,2,60
M188,M203/2,9:08:26,5,-1,1,MY9211,0,2,20
C656,C654/3,9:08:36,5,-1,1,MY9362,0,2,50
T409,T368,9:08:56,5,-1,1,MY9282,0,2,70
M132/1,M200,9:08:56,5,-1,2,MY9154,0,2,30
T316,T345/5,9:09:26,5,-1,-1,MY9487,0,2,151
T368,T324/2,9:09:57,5,-1,1,MY9282,0,2,30
M10,M16/1,9:10:07,5,-1,2,MY9491,0,2,151
M200,M201,9:10:17,5,-1,-1,MY9154,0,2,20
C689/1,T355/2,9:10:57,5,-1,1,MX7866,0,2,111
T345/5,T344,9:11:08,5,-1,1,MY9487,0,2,60
T324/2,T327,9:11:18,5,-1,1,MY9282,0,2,60
M201,M121,9:11:38,5,-1,2,MY9154,0,2,30
T344,T356/1,9:12:08,5,-1,1,MY9487,0,2,30
T406,T345/1,9:12:39,5,-1,-1,MX7769,0,2,333
M203/2,M182/1,9:12:49,5,-1,1,MY9211,1,2,192
T327,T326/2,9:12:59,5,-1,1,MY9282,0,2,50
C654/3,C653/2,9:13:09,5,-1,1,MY9362,0,2,60
T355/2,T360,9:13:09,5,-1,1,MX7866,0,2,91
M121,M119,9:13:09,5,-1,3,MY9154,0,2,40
T356/1,T358,9:13:29,5,-1,1,MY9487,0,2,50
M16/1,M109,9:14:00,5,-1,1,MY9491,0,2,70
T326/2,T337,9:14:10,5,-1,1,MY9282,0,2,50
T358,T373/2,9:14:20,5,-1,1,MY9487,0,2,30
T345/1,T322,9:14:43,5,-1,-1,MX7769,0,2,93
T373/2,T375,9:15:03,5,-1,1,MY9487,0,2,20
T360,T363/1,9:15:03,5,-1,1,MX7866,1,2,103
T337,T334,9:15:23,5,-1,1,MY9282,0,2,20
C653/2,C689/1,9:15:43,5,-1,1,MY9362,1,2,123
T375,T380,9:16:04,5,-1,1,MY9487,0,2,40
T363/1,T374,9:16:04,5,-1,1,MX7866,0,2,40
T380,T379,9:16:34,5,-1,1,MY9487,0,2,20
T374,T406,9:16:44,5,-1,1,MX7866,0,2,30
M182/1,T431,9:16:54,5,-1,1,MY9211,0,2,214
T334,T430,9:16:54,5,-1,1,MY9282,0,2,50
M119,M113,9:16:54,5,-1,-1,MY9154,0,2,174
T379,T359,9:17:04,5,-1,1,MY9487,0,2,20
M109,M112,9:17:14,5,-1,2,MY9491,0,2,151
T322,T342,9:17:25,5,-1,-1,MX7769,0,2,141
T431,T335,9:18:05,5,-1,1,MY9211,0,2,60
T359,T355/1,9:18:05,5,-1,1,MY9487,0,2,50
C689/1,T355/2,9:18:25,5,-1,1,MY9362,0,2,141
M113,M94,9:18:25,5,-1,-1,MY9154,0,2,50
M112,M127,9:18:36,5,-1,1,MY9491,0,2,61
T342,T409,9:18:36,5,-1,1,MX7769,0,2,41
T335,T338,9:18:57,5,-1,1,MY9211,0,2,10
T409,T368,9:19:57,5,-1,1,MX7769,0,2,70
T355/2,T360,9:20:18,5,-1,1,MY9362,0,2,101
M127,M125,9:20:28,5,-1,1,MY9491,0,2,30
T368,T324/2,9:20:58,5,-1,1,MX7769,0,2,40
T338,T332/2,9:21:28,5,-1,1,MY9211,1,2,131
M94,M95/3,9:21:28,5,-1,-1,MY9154,0,2,141
T360,T376/1,9:21:49,5,-1,1,MY9362,0,2,50
T430,M177,9:21:49,5,-1,1,MY9282,0,2,284
T324/2,T327,9:21:59,5,-1,1,MX7769,0,2,50
M125,M136/2,9:22:09,5,-1,1,MY9491,0,2,20
T406,T345/1,9:22:09,5,-1,-1,MX7866,0,2,304
T355/1,C688/1,9:22:29,5,-1,1,MY9487,0,2,253
T332/2,T325/2,9:22:39,5,-1,1,MY9211,0,2,50
T376/1,T363/1,9:23:00,5,-1,1,MY9362,0,2,50
T327,T326/2,9:23:10,5,-1,1,MX7769,0,2,30
T325/2,T339/2,9:23:40,5,-1,1,MY9211,0,2,30
T363/1,T374,9:24:00,5,-1,1,MY9362,0,2,30
M136/2,M139/2,9:24:10,5,-1,2,MY9491,0,2,101
C688/1,C691,9:24:21,5,-1,1,MY9487,0,2,91
T374,T406,9:24:43,5,-1,1,MY9362,0,2,32
T326/2,T337,9:24:43,5,-1,1,MX7769,0,2,83
T337,T334,9:25:13,5,-1,1,MX7769,0,2,20
M139/2,M184,9:25:33,5,-1,2,MY9491,0,2,40
T339/2,T408/1,9:25:54,5,-1,-1,MY9211,0,2,93
C691,C652,9:26:04,5,-1,1,MY9487,0,2,80
T345/1,T342,9:26:24,5,-1,-1,MX7866,1,2,224
C652,C655,9:26:44,5,-1,1,MY9487,0,2,30
T334,T430,9:26:54,5,-1,1,MX7769,0,2,50
C655,C657,9:27:35,5,-1,1,MY9487,0,2,40
T342,T409,9:27:55,5,-1,1,MX7866,0,2,60
M188,M203/2,9:28:05,5,-1,1,MY9491,0,2,10
M95/3,M22,9:28:15,5,-1,1,AA7450,0,2,212
T408/1,T343,9:28:15,5,-1,-1,MY9211,0,2,131
C657,C686,9:28:37,5,-1,1,MY9487,0,2,31
T409,T368,9:29:07,5,-1,1,MX7866,0,2,61
M203/2,M277,9:29:37,5,-1,-1,MY9491,0,2,60
M177,M183/2,9:29:37,5,-1,3,MY9282,1,2,428
C686,C656,9:30:08,5,-1,1,MY9487,0,2,40
T368,T324/2,9:30:08,5,-1,1,MX7866,0,2,30
T343,T316,9:30:28,5,-1,1,MY9211,0,2,91
T406,T345/1,9:30:58,5,-1,-1,MY9362,0,2,334
M22,M10,9:31:08,5,-1,2,AA7450,0,2,60
C656,C654/3,9:31:08,5,-1,1,MY9487,0,2,50
T324/2,T327,9:31:39,5,-1,1,MX7866,0,2,60
T430,M177,9:31:49,5,-1,1,MX7769,0,2,284
M183/2,M140/1,9:31:49,5,-1,1,MY9282,0,2,40
M277,M182/1,9:31:59,5,-1,1,MY9491,0,2,131
T316,T345/5,9:32:39,5,-1,1,MY9211,0,2,121
T327,T326/2,9:32:39,5,-1,1,MX7866,0,2,30
C654/3,C653/2,9:33:00,5,-1,2,MY9487,0,2,70
M140/1,M137/2,9:33:20,5,-1,1,MY9282,0,2,50
T345/1,T322,9:33:31,5,-1,-1,MY9362,0,2,122
T326/2,T337,9:33:42,5,-1,1,MX7866,0,2,51
M10,M16/1,9:33:52,5,-1,3,AA7450,0,2,102
T345/5,T344,9:34:12,5,-1,1,MY9211,0,2,82
C653/2,C692,9:34:22,5,-1,1,MY9487,0,2,72
T337,T334,9:34:22,5,-1,1,MX7866,0,2,20
T344,T356/1,9:35:14,5,-1,1,MY9211,0,2,30
M137/2,M132/1,9:35:24,5,-1,1,MY9282,0,2,81
T334,T430,9:35:54,5,-1,1,MX7866,0,2,50
C692,C689/1,9:36:04,5,-1,1,MY9487,0,2,50
T322,T342,9:36:14,5,-1,-1,MY9362,0,2,142
M177,M183/2,9:36:14,5,-1,2,MX7769,1,2,245
M16/1,M109,9:37:15,5,-1,1,AA7450,0,2,131
M182/1,T335,9:37:15,5,-1,1,MY9491,1,2,275
T356/1,T358,9:37:15,5,-1,1,MY9211,0,2,91
T342,T409,9:37:35,5,-1,2,MY9362,0,2,50
M132/1,M200,9:37:35,5,-1,3,MY9282,0,2,60
T335,T338,9:37:56,5,-1,1,MY9491,0,2,10
M183/2,M140/1,9:37:56,5,-1,1,MX7769,0,2,20
T358,T373/2,9:38:16,5,-1,1,MY9211,0,2,30
T409,T368,9:38:36,5,-1,2,MY9362,0,2,50
C689/1,T355/2,9:38:46,5,-1,1,MY9487,0,2,131
T373/2,T375,9:38:57,5,-1,1,MY9211,0,2,30
M140/1,M137/2,9:39:07,5,-1,1,MX7769,0,2,40
T368,T324/2,9:39:17,5,-1,1,MY9362,0,2,30
M109,M112,9:39:27,5,-1,2,AA7450,0,2,81
T375,T380,9:39:37,5,-1,1,MY9211,0,2,20
T338,T326/3,9:39:57,5,-1,-1,MY9491,0,2,91
T380,T379,9:40:07,5,-1,1,MY9211,0,2,10
T324/2,T327,9:40:18,5,-1,1,MY9362,0,2,40
T430,M177,9:40:38,5,-1,1,MX7866,0,2,273
M200,M121,9:40:38,5,-1,2,MY9282,1,2,141
T355/2,T360,9:40:58,5,-1,1,MY9487,0,2,101
M137/2,M132/1,9:40:58,5,-1,1,MX7769,0,2,30
T326/3,T332/2,9:41:18,5,-1,1,MY9491,0,2,70
T379,T359,9:41:18,5,-1,1,MY9211,0,2,40
T327,T326/2,9:41:18,5,-1,1,MY9362,0,2,20
T360,T376/1,9:41:29,5,-1,1,MY9487,0,2,20
T332/2,T325/2,9:42:09,5,-1,1,MY9491,0,2,40
T359,T355/1,9:42:29,5,-1,1,MY9211,0,2,60
T326/2,T337,9:42:29,5,-1,1,MY9362,0,2,60
M112,M127,9:42:39,5,-1,2,AA7450,0,2,101
T376/1,T363/1,9:42:39,5,-1,1,MY9487,0,2,60
T325/2,T339/2,9:43:00,5,-1,1,MY9491,0,2,20
T337,T334,9:43:20,5,-1,1,MY9362,0,2,20
M132/1,M200,9:43:20,5,-1,3,MX7769,0,2,111
T363/1,T374,9:43:51,5,-1,1,MY9487,0,2,41
M177,M198,9:43:51,5,-1,2,MX7866,0,2,152
M127,M125,9:44:12,5,-1,1,AA7450,0,2,30
T374,T406,9:44:42,5,-1,1,MY9487,0,2,40
M200,M201,9:44:42,5,-1,-1,MX7769,0,2,10
T339/2,T408/1,9:45:34,5,-1,-1,MY9491,0,2,92
M198,M183/2,9:45:44,5,-1,3,MX7866,0,2,102
M201,M121,9:45:54,5,-1,2,MX7769,0,2,61
M125,M136/2,9:46:14,5,-1,1,AA7450,0,2,51
T355/1,C688/1,9:46:14,5,-1,1,MY9211,0,2,204
M183/2,M140/1,9:47:15,5,-1,1,MX7866,0,2,20
M121,M113,9:47:15,5,-1,-1,MY9282,1,2,356
M121,M119,9:47:46,5,-1,2,MX7769,0,2,102
M113,M94,9:47:46,5,-1,-1,MY9282,0,2,21
C688/1,C691,9:47:57,5,-1,1,MY9211,0,2,61
T408/1,T343,9:48:07,5,-1,-1,MY9491,0,2,132
M136/2,M139/2,9:48:17,5,-1,2,AA7450,0,2,92
M140/1,M137/2,9:48:37,5,-1,1,MX7866,0,2,50
T334,M177,9:49:28,5,-1,1,MY9362,1,2,336
M139/2,M184,9:49:58,5,-1,2,AA7450,0,2,60
C691,C652,9:49:58,5,-1,1,MY9211,0,2,91
M137/2,M132/1,9:50:18,5,-1,1,MX7866,0,2,30
T343,T316,9:50:38,5,-1,1,MY9491,0,2,121
C652,C655,9:50:59,5,-1,1,MY9211,0,2,40
M184,M188,9:51:19,5,-1,1,AA7450,0,2,40
T406,T345/1,9:51:29,5,-1,-1,MY9487,0,2,397
M94,M95/3,9:51:29,5,-1,-1,MY9282,0,2,212
M188,M203/2,9:51:49,5,-1,1,AA7450,0,2,20
M95/3,M22,9:51:59,5,-1,1,MY9154,0,2,151
M177,M198,9:52:10,5,-1,2,MY9362,0,2,141
T316,T345/5,9:52:20,5,-1,1,MY9491,0,2,81
C655,C657,9:52:20,5,-1,1,MY9211,0,2,50
M132/1,M200,9:52:20,5,-1,2,MX7866,0,2,50
C657,C686,9:52:50,5,-1,1,MY9211,0,2,20
M200,M201,9:53:20,5,-1,-1,MX7866,0,2,20
M119,M113,9:53:20,5,-1,-1,MX7769,0,2,293
T345/5,T344,9:54:03,5,-1,1,MY9491,0,2,52
T345/1,T322,9:54:23,5,-1,-1,MY9487,0,2,143
C686,C656,9:54:33,5,-1,1,MY9211,0,2,60
M198,M183/2,9:54:43,5,-1,2,MY9362,0,2,143
M201,M121,9:54:43,5,-1,2,MX7866,0,2,30
T344,T356/1,9:54:53,5,-1,1,MY9491,0,2,40
C656,C654/3,9:55:24,5,-1,2,MY9211,0,2,40
M113,M94,9:55:24,5,-1,-1,MX7769,0,2,40
M203/2,M182/1,9:55:34,5,-1,1,AA7450,1,2,194
M183/2,M140/1,9:56:04,5,-1,1,MY9362,0,2,40
T322,T342,9:56:24,5,-1,-1,MY9487,0,2,101
M22,M10,9:56:45,5,-1,1,MY9154,0,2,121
T356/1,T358,9:57:15,5,-1,1,MY9491,0,2,101
M94,M95/3,9:57:25,5,-1,-1,MX7769,0,2,101
M140/1,M137/2,9:57:35,5,-1,1,MY9362,0,2,70
T342,T409,9:58:06,5,-1,1,MY9487,0,2,80
T358,T373/2,9:58:16,5,-1,1,MY9491,0,2,30
M137/2,M132/1,9:58:46,5,-1,1,MY9362,0,2,50
M121,M119,9:58:46,5,-1,3,MX7866,0,2,182
M10,M16/1,9:58:56,5,-1,2,MY9154,0,2,111
T373/2,T375,9:59:27,5,-1,1,MY9491,0,2,30
M182/1,T431,9:59:37,5,-1,1,AA7450,0,2,202
C654/3,C653/2,9:59:37,5,-1,1,MY9211,0,2,232
T409,T368,9:59:37,5,-1,1,MY9487,0,2,70
T375,T380,10:00:17,5,-1,1,MY9491,0,2,20
T368,T324/2,10:00:17,5,-1,1,MY9487,0,2,30
T380,T379,10:00:48,5,-1,1,MY9491,0,2,20
T431,T335,10:00:58,5,-1,1,AA7450,0,2,70
M132/1,M200,10:01:18,5,-1,3,MY9362,0,2,91
M16/1,M109,10:01:38,5,-1,1,MY9154,0,2,30
T379,T359,10:01:38,5,-1,1,MY9491,0,2,20
C653/2,C692,10:01:38,5,-1,1,MY9211,0,2,91
T335,T338,10:01:48,5,-1,1,AA7450,0,2,10
T324/2,T327,10:01:58,5,-1,1,MY9487,0,2,91
M200,M201,10:02:29,5,-1,-1,MY9362,0,2,20
T327,T326/2,10:02:49,5,-1,1,MY9487,0,2,30
T359,T355/1,10:03:09,5,-1,1,MY9491,0,2,70
C692,C689/1,10:03:09,5,-1,1,MY9211,0,2,50
T338,T326/3,10:03:30,5,-1,-1,AA7450,0,2,70
M201,M121,10:04:00,5,-1,3,MY9362,0,2,40
T326/2,T337,10:04:10,5,-1,1,MY9487,0,2,60
T326/3,T332/2,10:04:32,5,-1,1,AA7450,0,2,52
M109,M112,10:04:53,5,-1,2,MY9154,0,2,133
T337,T334,10:05:03,5,-1,1,MY9487,0,2,20
M119,M113,10:05:23,5,-1,-1,MX7866,0,2,244
T332/2,T325/2,10:06:14,5,-1,1,AA7450,0,2,70
M112,M127,10:06:24,5,-1,1,MY9154,0,2,50
T334,T430,10:06:24,5,-1,1,MY9487,0,2,60
C689/1,T355/2,10:06:44,5,-1,1,MY9211,0,2,174
T325/2,T339/2,10:07:24,5,-1,1,AA7450,0,2,30
M113,M94,10:07:24,5,-1,-1,MX7866,0,2,40
T355/1,C688/1,10:07:55,5,-1,1,MY9491,0,2,275
M127,M125,10:08:25,5,-1,1,MY9154,0,2,50
M121,M119,10:08:36,5,-1,3,MY9362,0,2,223
M94,M95/3,10:08:36,5,-1,-1,MX7866,0,2,51
C688/1,C691,10:09:17,5,-1,1,MY9491,0,2,40
T355/2,T360,10:09:17,5,-1,1,MY9211,0,2,112
T339/2,T408/1,10:09:47,5,-1,-1,AA7450,0,2,102
C691,C652,10:10:28,5,-1,1,MY9491,0,2,50
M95/3,M22,10:10:48,5,-1,1,MY9282,0,2,70
M125,M136/2,10:10:48,5,-1,1,MY9154,0,2,30
T430,M177,10:11:08,5,-1,1,MY9487,0,2,274
T360,T376/1,10:11:29,5,-1,1,MY9211,0,2,111
C652,C655,10:11:39,5,-1,1,MY9491,0,2,30
M136/2,M139/2,10:12:29,5,-1,2,MY9154,0,2,60
T376/1,T363/1,10:12:49,5,-1,1,MY9211,0,2,70
T408/1,T343,10:13:41,5,-1,-1,AA7450,0,2,213
C655,C686,10:13:41,5,-1,1,MY9491,1,2,82
M177,M198,10:13:41,5,-1,2,MY9487,0,2,122
T363/1,T374,10:14:02,5,-1,1,MY9211,0,2,30
T374,T406,10:14:43,5,-1,1,MY9211,0,2,31
M139/2,M184,10:14:53,5,-1,2,MY9154,0,2,82
T343,T316,10:15:44,5,-1,1,AA7450,0,2,92
M198,M183/2,10:15:44,5,-1,2,MY9487,0,2,112
C686,C656,10:15:54,5,-1,1,MY9491,0,2,92
M184,M188,10:16:24,5,-1,1,MY9154,0,2,10
M119,M113,10:16:24,5,-1,-1,MY9362,0,2,305
C656,C654/3,10:16:55,5,-1,1,MY9491,0,2,50
M183/2,M140/1,10:17:15,5,-1,1,MY9487,0,2,10
M188,M203/2,10:17:25,5,-1,1,MY9154,0,2,10
M22,M16/1,10:17:36,5,-1,2,MY9282,1,2,398
T316,T345/5,10:17:36,5,-1,1,AA7450,0,2,102
T345/5,T344,10:19:17,5,-1,1,AA7450,0,2,91
T344,T356/1,10:19:58,5,-1,1,AA7450,0,2,30
M140/1,M137/2,10:20:08,5,-1,1,MY9487,0,2,91
C654/3,C653/2,10:20:48,5,-1,1,MY9491,0,2,50
T406,T345/1,10:20:48,5,-1,-1,MY9211,0,2,355
M203/2,M182/1,10:21:19,5,-1,1,MY9154,1,2,202
M137/2,M132/1,10:21:39,5,-1,1,MY9487,0,2,60
T356/1,T358,10:21:59,5,-1,1,AA7450,0,2,91
M113,M94,10:21:59,5,-1,-1,MY9362,0,2,182
T358,T373/2,10:22:50,5,-1,1,AA7450,0,2,30
C653/2,C692,10:23:00,5,-1,1,MY9491,0,2,121
M94,M95/3,10:23:34,5,-1,-1,MY9362,0,2,54
T345/1,T322,10:23:44,5,-1,-1,MY9211,0,2,155
T373/2,T375,10:23:54,5,-1,1,AA7450,0,2,33
C692,C689/1,10:23:54,5,-1,1,MY9491,0,2,34
M132/1,M200,10:24:04,5,-1,3,MY9487,0,2,30
T375,T380,10:24:35,5,-1,1,AA7450,0,2,20
M200,M201,10:24:55,5,-1,-1,MY9487,0,2,20
T380,T379,10:25:05,5,-1,1,AA7450,0,2,10
M182/1,T431,10:25:15,5,-1,1,MY9154,0,2,205
T322,T342,10:26:17,5,-1,-1,MY9211,0,2,142
T431,T335,10:26:58,5,-1,1,MY9154,0,2,80
C689/1,T355/2,10:27:18,5,-1,1,MY9491,0,2,142
T379,T355/1,10:27:38,5,-1,1,AA7450,1,2,132
T342,T409,10:27:48,5,-1,1,MY9211,0,2,60
T335,T338,10:27:58,5,-1,1,MY9154,0,2,10
T409,T368,10:29:10,5,-1,1,MY9211,0,2,61
T338,T326/3,10:29:20,5,-1,-1,MY9154,0,2,50
M95/3,M22,10:29:43,5,-1,2,MX7866,0,2,73
T355/2,T360,10:30:04,5,-1,1,MY9491,0,2,115
T326/3,T332/2,10:30:14,5,-1,1,MY9154,0,2,40
T368,T324/2,10:30:14,5,-1,1,MY9211,0,2,40
M201,M121,10:30:14,5,-1,3,MY9487,0,2,257
M112,M125,10:30:54,5,-1,1,MY9282,1,2,176
T332/2,T325/2,10:32:06,5,-1,1,MY9154,0,2,71
T360,T376/1,10:32:16,5,-1,1,MY9491,0,2,81
T324/2,T327,10:32:16,5,-1,1,MY9211,0,2,81
T355/1,C688/1,10:32:47,5,-1,1,AA7450,0,2,278
M125,M136/2,10:33:17,5,-1,1,MY9282,0,2,101
T325/2,T339/2,10:33:17,5,-1,1,MY9154,0,2,20
T327,T326/2,10:33:17,5,-1,1,MY9211,0,2,30
T376/1,T363/1,10:33:27,5,-1,1,MY9491,0,2,50
M22,M10,10:33:58,5,-1,2,MX7866,0,2,80
M136/2,M139/2,10:34:08,5,-1,1,MY9282,0,2,40
C688/1,C691,10:34:08,5,-1,1,AA7450,0,2,30
T363/1,T374,10:34:38,5,-1,1,MY9491,0,2,40
T326/2,T337,10:34:38,5,-1,1,MY9211,0,2,50
T339/2,T408/1,10:34:48,5,-1,-1,MY9154,0,2,60
T374,T406,10:35:18,5,-1,1,MY9491,0,2,30
T337,T334,10:35:39,5,-1,1,MY9211,0,2,20
C691,C652,10:36:09,5,-1,1,AA7450,0,2,80
M139/2,M184,10:36:50,5,-1,2,MY9282,0,2,50
T334,T430,10:37:10,5,-1,1,MY9211,0,2,50
M10,M16/1,10:37:20,5,-1,2,MX7866,0,2,101
C652,C655,10:37:20,5,-1,1,AA7450,0,2,30
T408/1,T343,10:37:30,5,-1,-1,MY9154,0,2,111
M184,M188,10:37:40,5,-1,1,MY9282,0,2,30
M121,M119,10:37:51,5,-1,3,MY9487,0,2,354
C655,C657,10:38:42,5,-1,1,AA7450,0,2,51
M188,M203/2,10:39:12,5,-1,1,MY9282,0,2,71
C657,C686,10:39:22,5,-1,1,AA7450,0,2,30
T343,T316,10:39:33,5,-1,1,MY9154,0,2,82
M16/1,M109,10:40:44,5,-1,1,MX7866,0,2,82
C686,C656,10:40:54,5,-1,1,AA7450,0,2,30
T406,T345/1,10:41:47,5,-1,-1,MY9491,0,2,378
T316,T345/5,10:42:07,5,-1,1,MY9154,0,2,143
C656,C654/3,10:42:07,5,-1,1,AA7450,0,2,62
T430,M177,10:42:27,5,-1,1,MY9211,0,2,276
M203/2,M182/1,10:42:59,5,-1,1,MY9282,1,2,195
M119,M113,10:43:19,5,-1,-1,MY9487,0,2,308
T345/5,T344,10:43:50,5,-1,1,MY9154,0,2,82
T344,T356/1,10:44:30,5,-1,1,MY9154,0,2,30
T345/1,T322,10:44:40,5,-1,-1,MY9491,0,2,132
M109,M112,10:45:00,5,-1,1,MX7866,0,2,163
M113,M94,10:45:33,5,-1,-1,MY9487,0,2,42
C654/3,C653/2,10:46:03,5,-1,1,AA7450,0,2,154
M177,M198,10:46:03,5,-1,2,MY9211,0,2,174
T356/1,T358,10:46:14,5,-1,1,MY9154,0,2,62
T322,T342,10:46:44,5,-1,-1,MY9491,0,2,93
M182/1,T431,10:47:04,5,-1,1,MY9282,0,2,204
T358,T373/2,10:47:24,5,-1,1,MY9154,0,2,30
C653/2,C692,10:47:24,5,-1,1,AA7450,0,2,60
M198,M183/2,10:47:55,5,-1,2,MY9211,0,2,101
M94,M95/3,10:47:55,5,-1,-1,MY9487,0,2,91
M95/3,M22,10:48:15,5,-1,1,MX7769,0,2,81
M112,M127,10:48:15,5,-1,2,MX7866,0,2,70
T431,T335,10:48:25,5,-1,1,MY9282,0,2,70
T373/2,T375,10:48:25,5,-1,1,MY9154,0,2,30
T342,T409,10:48:56,5,-1,1,MY9491,0,2,91
T375,T380,10:49:06,5,-1,1,MY9154,0,2,20
M183/2,M140/1,10:49:06,5,-1,1,MY9211,0,2,20
C692,C689/1,10:49:16,5,-1,1,AA7450,0,2,70
T335,T338,10:49:36,5,-1,1,MY9282,0,2,20
T380,T379,10:49:56,5,-1,1,MY9154,0,2,20
T379,T359,10:50:27,5,-1,1,MY9154,0,2,20
M127,M125,10:50:37,5,-1,1,MX7866,0,2,91
T409,T368,10:50:37,5,-1,1,MY9491,0,2,70
T359,T355/1,10:51:27,5,-1,1,MY9154,0,2,50
M140/1,M137/2,10:51:27,5,-1,1,MY9211,0,2,91
T338,T326/3,10:51:38,5,-1,-1,MY9282,0,2,91
T368,T324/2,10:51:48,5,-1,1,MY9491,0,2,50
M22,M10,10:52:08,5,-1,1,MX7769,0,2,101
C689/1,T355/2,10:52:08,5,-1,1,AA7450,0,2,131
M137/2,M132/1,10:52:18,5,-1,1,MY9211,0,2,40
T326/3,T332/2,10:52:48,5,-1,1,MY9282,0,2,40
T324/2,T327,10:53:19,5,-1,1,MY9491,0,2,60
T327,T326/2,10:54:19,5,-1,1,MY9491,0,2,30
T355/2,T360,10:54:30,5,-1,1,AA7450,0,2,101
M10,M16/1,10:54:40,5,-1,2,MX7769,0,2,91
M125,M136/2,10:54:40,5,-1,1,MX7866,0,2,91
T332/2,T325/2,10:54:50,5,-1,1,MY9282,0,2,91
T355/1,C688/1,10:55:10,5,-1,1,MY9154,0,2,202
M136/2,M139/2,10:55:31,5,-1,1,MX7866,0,2,20
T325/2,T339/2,10:55:41,5,-1,1,MY9282,0,2,20
T326/2,T337,10:55:41,5,-1,1,MY9491,0,2,71
T360,T376/1,10:56:11,5,-1,1,AA7450,0,2,71
T337,T334,10:56:21,5,-1,1,MY9491,0,2,30
M132/1,M200,10:56:21,5,-1,3,MY9211,0,2,162
M139/2,M184,10:57:22,5,-1,2,MX7866,0,2,40
T376/1,T363/1,10:57:34,5,-1,1,AA7450,0,2,62
T334,T430,10:57:44,5,-1,1,MY9491,0,2,51
C688/1,C691,10:57:54,5,-1,1,MY9154,0,2,82
M16/1,M109,10:58:04,5,-1,1,MX7769,0,2,92
T339/2,T408/1,10:58:24,5,-1,-1,MY9282,0,2,112
T363/1,T374,10:58:24,5,-1,1,AA7450,0,2,40
M200,M201,10:58:35,5,-1,-1,MY9211,0,2,40
M184,M188,10:58:45,5,-1,1,MX7866,0,2,10
T374,T406,10:59:05,5,-1,1,AA7450,0,2,30
M188,M203/2,10:59:46,5,-1,1,MX7866,0,2,21
C691,C652,10:59:57,5,-1,1,MY9154,0,2,81
T408/1,T343,11:00:47,5,-1,-1,MY9282,0,2,112
C652,C655,11:01:07,5,-1,1,MY9154,0,2,30
M203/2,M277,11:01:17,5,-1,-1,MX7866,0,2,50
M109,M112,11:01:38,5,-1,1,MX7769,0,2,162
C655,C657,11:02:28,5,-1,1,MY9154,0,2,50
T430,M177,11:02:59,5,-1,1,MY9491,0,2,284
T343,T316,11:03:09,5,-1,1,MY9282,0,2,91
C657,C686,11:03:09,5,-1,1,MY9154,0,2,30
M277,M182/1,11:03:39,5,-1,1,MX7866,0,2,131
C686,C656,11:05:04,5,-1,1,MY9154,0,2,74
T406,T345/1,11:05:04,5,-1,-1,AA7450,0,2,338
M201,M121,11:05:34,5,-1,3,MY9211,0,2,409
M112,M127,11:05:54,5,-1,2,MX7769,0,2,135
T316,T345/5,11:05:54,5,-1,-1,MY9282,0,2,135
C656,C654/3,11:06:25,5,-1,1,MY9154,0,2,50
M177,M198,11:07:07,5,-1,2,MY9491,0,2,153
T345/5,T344,11:08:08,5,-1,1,MY9282,0,2,123
M182/1,T431,11:08:18,5,-1,1,MX7866,0,2,248
M198,M183/2,11:08:18,5,-1,2,MY9491,0,2,60
T344,T356/1,11:08:48,5,-1,1,MY9282,0,2,30
M95/3,M22,11:09:39,5,-1,1,MY9362,0,2,80
M127,M125,11:09:39,5,-1,1,MX7769,0,2,161
M183/2,M140/1,11:09:39,5,-1,1,MY9491,0,2,20
T431,T335,11:10:30,5,-1,1,MX7866,0,2,101
T345/1,T322,11:10:30,5,-1,-1,AA7450,0,2,192
T356/1,T358,11:10:50,5,-1,1,MY9282,0,2,60
M140/1,M137/2,11:10:50,5,-1,1,MY9491,0,2,40
M22,M10,11:11:10,5,-1,1,MY9362,0,2,70
T335,T338,11:11:10,5,-1,1,MX7866,0,2,10
T358,T373/2,11:11:51,5,-1,1,MY9282,0,2,30
M125,M136/2,11:12:21,5,-1,2,MX7769,0,2,30
M137/2,M132/1,11:12:21,5,-1,1,MY9491,0,2,50
T322,T342,11:12:43,5,-1,-1,AA7450,0,2,123
T338,T326/3,11:12:53,5,-1,-1,MX7866,0,2,82
M121,M119,11:12:53,5,-1,3,MY9211,0,2,388
C654/3,C653/2,11:13:03,5,-1,1,MY9154,0,2,153
M10,M16/1,11:13:14,5,-1,2,MY9362,0,2,83
T373/2,T375,11:13:24,5,-1,1,MY9282,0,2,40
T342,T409,11:13:44,5,-1,1,AA7450,0,2,40
M136/2,M139/2,11:13:54,5,-1,2,MX7769,0,2,61
T326/3,T332/2,11:14:04,5,-1,1,MX7866,0,2,61
M132/1,M200,11:14:25,5,-1,3,MY9491,0,2,91
C653/2,C692,11:14:45,5,-1,1,MY9154,0,2,81
T375,T380,11:14:55,5,-1,1,MY9282,0,2,80
M139/2,M184,11:15:15,5,-1,2,MX7769,0,2,40
T409,T368,11:15:15,5,-1,1,AA7450,0,2,60
T380,T379,11:15:47,5,-1,1,MY9282,0,2,10
T332/2,T325/2,11:15:57,5,-1,1,MX7866,0,2,102
M200,M201,11:15:57,5,-1,-1,MY9491,0,2,20
M184,M188,11:16:07,5,-1,1,MX7769,0,2,20
C692,C689/1,11:16:17,5,-1,1,MY9154,0,2,61
T368,T324/2,11:16:17,5,-1,1,AA7450,0,2,30
T325/2,T339/2,11:16:37,5,-1,1,MX7866,0,2,30
T379,T359,11:16:58,5,-1,1,MY9282,0,2,40
M16/1,M109,11:17:18,5,-1,1,MY9362,0,2,91
M188,M203/2,11:17:58,5,-1,1,MX7769,0,2,10
T324/2,T327,11:18:19,5,-1,1,AA7450,0,2,60
T359,T355/1,11:18:29,5,-1,1,MY9282,0,2,70
M203/2,M277,11:18:59,5,-1,-1,MX7769,0,2,30
C689/1,T355/2,11:19:09,5,-1,1,MY9154,0,2,131
T327,T326/2,11:19:29,5,-1,1,AA7450,0,2,30
T326/2,T337,11:20:44,5,-1,1,AA7450,0,2,63
M109,M112,11:21:14,5,-1,2,MY9362,0,2,185
T339/2,T343,11:21:14,5,-1,-1,MX7866,1,2,236
T355/2,T360,11:21:34,5,-1,1,MY9154,0,2,114
M119,M113,11:21:44,5,-1,-1,MY9211,0,2,327
T337,T334,11:21:54,5,-1,1,AA7450,0,2,20
M201,M121,11:22:25,5,-1,3,MY9491,0,2,367
M112,M127,11:22:45,5,-1,2,MY9362,0,2,40
T355/1,C688/1,11:22:45,5,-1,1,MY9282,0,2,246
T343,T316,11:23:16,5,-1,1,MX7866,0,2,91
T334,T430,11:23:36,5,-1,1,AA7450,0,2,60
C688/1,C691,11:23:46,5,-1,1,MY9282,0,2,20
M113,M94,11:24:06,5,-1,-1,MY9211,0,2,101
T360,T376/1,11:24:16,5,-1,1,MY9154,0,2,91
M127,M125,11:24:27,5,-1,1,MY9362,0,2,30
T316,T345/5,11:25:27,5,-1,1,MX7866,0,2,121
T376/1,T363/1,11:25:27,5,-1,1,MY9154,0,2,60
M94,M95/3,11:26:28,5,-1,-1,MY9211,0,2,101
M277,T335,11:26:38,5,-1,1,MX7769,2,2,438
T363/1,T374,11:26:58,5,-1,1,MY9154,0,2,60
T335,T338,11:27:19,5,-1,1,MX7769,0,2,20
T345/5,T344,11:27:29,5,-1,1,MX7866,0,2,60
T374,T406,11:27:39,5,-1,1,MY9154,0,2,20
M125,M136/2,11:27:59,5,-1,1,MY9362,0,2,40
C691,C655,11:27:59,5,-1,1,MY9282,1,2,243
T344,T356/1,11:28:09,5,-1,1,MX7866,0,2,30
M121,M119,11:28:47,5,-1,3,MY9491,0,2,331
T430,M177,11:29:27,5,-1,1,AA7450,0,2,320
M136/2,M139/2,11:29:37,5,-1,2,MY9362,0,2,50
T356/1,T358,11:30:38,5,-1,1,MX7866,0,2,91
M95/3,M22,11:30:48,5,-1,1,MY9487,0,2,60
T358,T373/2,11:31:18,5,-1,1,MX7866,0,2,30
C655,C657,11:31:49,5,-1,1,MY9282,0,2,40
M139/2,M184,11:32:19,5,-1,1,MY9362,0,2,50
T338,T325/2,11:32:19,5,-1,1,MX7769,2,2,290
C657,C686,11:32:30,5,-1,1,MY9282,0,2,20
T325/2,T339/2,11:32:50,5,-1,1,MX7769,0,2,20
T373/2,T375,11:33:00,5,-1,1,MX7866,0,2,40
M177,M198,11:33:42,5,-1,2,AA7450,0,2,163
M22,M10,11:33:52,5,-1,1,MY9487,0,2,122
M184,M188,11:33:52,5,-1,1,MY9362,0,2,41
T375,T380,11:34:02,5,-1,1,MX7866,0,2,30
M119,M113,11:34:12,5,-1,-1,MY9491,0,2,254
T380,T379,11:34:43,5,-1,1,MX7866,0,2,10
C686,C656,11:34:53,5,-1,1,MY9282,0,2,92
T406,T345/1,11:34:53,5,-1,-1,MY9154,0,2,423
M188,M203/2,11:35:34,5,-1,1,MY9362,0,2,11
T379,T359,11:35:34,5,-1,1,MX7866,0,2,41
C656,C654/3,11:35:54,5,-1,1,MY9282,0,2,51
M198,M183/2,11:35:54,5,-1,2,AA7450,0,2,122
M10,M16/1,11:36:45,5,-1,2,MY9487,0,2,132
T359,T355/1,11:36:45,5,-1,1,MX7866,0,2,60
M113,M94,11:36:45,5,-1,-1,MY9491,0,2,30
M183/2,M140/1,11:37:26,5,-1,2,AA7450,0,2,10
T339/2,T343,11:37:46,5,-1,-1,MX7769,1,2,275
C654/3,C653/2,11:38:06,5,-1,1,MY9282,0,2,80
M16/1,M109,11:38:57,5,-1,1,MY9487,0,2,70
M203/2,M182/1,11:39:47,5,-1,1,MY9362,1,2,202
T343,T316,11:39:57,5,-1,2,MX7769,0,2,91
T345/1,T322,11:39:57,5,-1,-1,MY9154,0,2,151
M94,M95/3,11:39:57,5,-1,-1,MY9491,0,2,151
M140/1,M137/2,11:40:07,5,-1,1,AA7450,0,2,40
M137/2,M132/1,11:41:28,5,-1,1,AA7450,0,2,60
T355/1,C688/1,11:41:38,5,-1,1,MX7866,0,2,252
T322,T342,11:42:09,5,-1,-1,MY9154,0,2,121
T316,T345/5,11:42:29,5,-1,1,MX7769,0,2,131
M132/1,M200,11:43:10,5,-1,3,AA7450,0,2,50
M109,M112,11:43:20,5,-1,2,MY9487,0,2,192
C688/1,C691,11:43:42,5,-1,1,MX7866,0,2,63
T342,T409,11:43:42,5,-1,1,MY9154,0,2,73
M182/1,T431,11:43:52,5,-1,1,MY9362,0,2,214
T345/5,T344,11:43:52,5,-1,1,MX7769,0,2,52
C653/2,C689/1,11:43:52,5,-1,1,MY9282,1,2,295
T344,T356/1,11:44:33,5,-1,1,MX7769,0,2,30
M200,M201,11:44:53,5,-1,-1,AA7450,0,2,40
T431,T335,11:45:03,5,-1,1,MY9362,0,2,60
M112,M127,11:45:44,5,-1,1,MY9487,0,2,131
T335,T338,11:45:54,5,-1,1,MY9362,0,2,10
T356/1,T358,11:46:04,5,-1,1,MX7769,0,2,80
T409,T368,11:46:04,5,-1,1,MY9154,0,2,91
C691,C652,11:46:14,5,-1,1,MX7866,0,2,81
C689/1,T355/2,11:46:35,5,-1,1,MY9282,0,2,131
T358,T373/2,11:47:05,5,-1,1,MX7769,0,2,40
T368,T324/2,11:47:15,5,-1,1,MY9154,0,2,50
M127,M125,11:47:25,5,-1,1,MY9487,0,2,71
C652,C655,11:47:46,5,-1,1,MX7866,0,2,30
M201,M121,11:48:26,5,-1,3,AA7450,0,2,141
T373/2,T375,11:48:36,5,-1,1,MX7769,0,2,60
C655,C657,11:49:07,5,-1,1,MX7866,0,2,50
T324/2,T327,11:49:07,5,-1,1,MY9154,0,2,70
T355/2,T360,11:49:37,5,-1,1,MY9282,0,2,131
M125,M136/2,11:49:57,5,-1,1,MY9487,0,2,91
T375,T380,11:49:57,5,-1,1,MX7769,0,2,71
C657,C686,11:49:57,5,-1,1,MX7866,0,2,20
T338,T325/2,11:50:18,5,-1,1,MY9362,2,2,253
T360,T376/1,11:50:18,5,-1,1,MY9282,0,2,20
T327,T326/2,11:50:18,5,-1,1,MY9154,0,2,30
M136/2,M139/2,11:50:58,5,-1,2,MY9487,0,2,30
T380,T379,11:50:58,5,-1,1,MX7769,0,2,20
T325/2,T339/2,11:51:18,5,-1,1,MY9362,0,2,20
T379,T359,11:51:29,5,-1,1,MX7769,0,2,20
T376/1,T363/1,11:51:39,5,-1,1,MY9282,0,2,60
T326/2,T337,11:51:39,5,-1,1,MY9154,0,2,70
C686,C656,11:51:49,5,-1,1,MX7866,0,2,70
T359,T355/1,11:52:29,5,-1,1,MX7769,0,2,50
T337,T334,11:52:39,5,-1,1,MY9154,0,2,20
M139/2,M184,11:52:49,5,-1,2,MY9487,0,2,40
C656,C654/3,11:53:00,5,-1,1,MX7866,0,2,60
T363/1,T374,11:53:30,5,-1,1,MY9282,0,2,50
M184,M188,11:53:40,5,-1,1,MY9487,0,2,10
T339/2,T408/1,11:54:00,5,-1,-1,MY9362,0,2,121
T374,T406,11:54:10,5,-1,1,MY9282,0,2,30
T334,T430,11:54:34,5,-1,1,MY9154,0,2,53
M121,M119,11:54:44,5,-1,3,AA7450,0,2,286
M95/3,M22,11:55:04,5,-1,1,MY9211,0,2,30
M188,M203/2,11:55:04,5,-1,1,MY9487,0,2,53
T408/1,T343,11:55:45,5,-1,-1,MY9362,0,2,70
M203/2,M277,11:56:15,5,-1,-1,MY9487,0,2,40
T355/1,C688/1,11:56:15,5,-1,1,MX7769,0,2,215
T343,T316,11:57:56,5,-1,1,MY9362,0,2,90
M22,M10,11:58:06,5,-1,1,MY9211,0,2,151
C688/1,C691,11:58:16,5,-1,1,MX7769,0,2,70
M277,M182/1,11:58:57,5,-1,1,MY9487,0,2,141
T430,M177,11:59:28,5,-1,1,MY9154,0,2,284
C654/3,C692,11:59:48,5,-1,1,MX7866,1,2,233
T406,T345/1,11:59:48,5,-1,-1,MY9282,0,2,314
M119,M113,11:59:48,5,-1,-1,AA7450,0,2,233
T316,T345/5,12:00:20,5,-1,1,MY9362,0,2,113
C691,C652,12:00:43,5,-1,1,MX7769,0,2,96
M10,M16/1,12:01:03,5,-1,2,MY9211,0,2,74
C692,C689/1,12:01:03,5,-1,1,MX7866,0,2,63
M113,M94,12:01:14,5,-1,-1,AA7450,0,2,30
C652,C655,12:01:56,5,-1,1,MX7769,0,2,32
T345/5,T356/1,12:03:00,5,-1,1,MY9362,1,2,95
M177,M198,12:03:00,5,-1,2,MY9154,0,2,180
C655,C657,12:03:10,5,-1,1,MX7769,0,2,41
M16/1,M109,12:03:55,5,-1,1,MY9211,0,2,54
C657,C686,12:04:05,5,-1,1,MX7769,0,2,21
C689/1,T355/2,12:04:15,5,-1,1,MX7866,0,2,138
M182/1,T431,12:04:36,5,-1,1,MY9487,0,2,266
T356/1,T358,12:04:36,5,-1,1,MY9362,0,2,76
T358,T373/2,12:05:28,5,-1,1,MY9362,0,2,30
C686,C656,12:06:00,5,-1,1,MX7769,0,2,62
M198,M183/2,12:06:00,5,-1,2,MY9154,0,2,146
T431,T335,12:06:21,5,-1,1,MY9487,0,2,83
T355/2,T360,12:06:42,5,-1,1,MX7866,0,2,115
M109,M112,12:06:53,5,-1,2,MY9211,0,2,127
T373/2,T375,12:06:53,5,-1,1,MY9362,0,2,42
M183/2,M140/1,12:07:04,5,-1,1,MY9154,0,2,10
C656,C654/3,12:07:14,5,-1,1,MX7769,0,2,42
T345/1,T322,12:07:14,5,-1,-1,MY9282,0,2,136
T335,T338,12:07:24,5,-1,1,MY9487,0,2,10
T375,T380,12:07:35,5,-1,1,MY9362,0,2,20
T360,T376/1,12:07:35,5,-1,1,MX7866,0,2,20
T380,T379,12:07:56,5,-1,1,MY9362,0,2,11
M140/1,M137/2,12:08:06,5,-1,1,MY9154,0,2,41
M112,M127,12:08:38,5,-1,1,MY9211,0,2,53
T379,T359,12:08:38,5,-1,1,MY9362,0,2,10
T338,T326/3,12:09:20,5,-1,-1,MY9487,0,2,83
T322,T342,12:09:20,5,-1,-1,MY9282,0,2,115
T359,T355/1,12:09:44,5,-1,1,MY9362,0,2,54
T376/1,T363/1,12:09:54,5,-1,1,MX7866,0,2,107
M137/2,M132/1,12:10:26,5,-1,2,MY9154,0,2,76
M127,M125,12:10:57,5,-1,1,MY9211,0,2,73
T326/3,T332/2,12:10:57,5,-1,2,MY9487,0,2,83
T342,T409,12:10:57,5,-1,1,MY9282,0,2,63
C654/3,C653/2,12:11:18,5,-1,1,MX7769,0,2,93
T363/1,T374,12:11:42,5,-1,1,MX7866,0,2,44
T374,T406,12:12:22,5,-1,2,MX7866,0,2,20
T332/2,T325/2,12:12:32,5,-1,1,MY9487,0,2,74
T409,T368,12:12:32,5,-1,1,MY9282,0,2,74
M125,M136/2,12:12:53,5,-1,1,MY9211,0,2,20
T325/2,T339/2,12:13:23,5,-1,1,MY9487,0,2,20
M132/1,M200,12:13:45,5,-1,3,MY9154,0,2,62
T355/1,C688/1,12:14:05,5,-1,1,MY9362,0,2,229
T368,T324/2,12:14:15,5,-1,1,MY9282,0,2,40
M136/2,M139/2,12:14:45,5,-1,2,MY9211,0,2,30
C653/2,C689/1,12:14:45,5,-1,1,MX7769,1,2,193
M200,M201,12:15:26,5,-1,-1,MY9154,0,2,30
T339/2,T408/1,12:15:46,5,-1,-1,MY9487,0,2,101
C688/1,C691,12:16:06,5,-1,1,MY9362,0,2,81
T324/2,T327,12:16:37,5,-1,1,MY9282,0,2,50
M139/2,M184,12:17:07,5,-1,1,MY9211,0,2,30
M184,M188,12:18:08,5,-1,1,MY9211,0,2,10
T408/1,T343,12:18:18,5,-1,-1,MY9487,0,2,131
T327,T326/2,12:18:18,5,-1,1,MY9282,0,2,30
C691,C652,12:18:28,5,-1,1,MY9362,0,2,101
T406,T345/1,12:18:28,5,-1,-1,MX7866,0,2,273
C689/1,T355/2,12:18:48,5,-1,1,MX7769,0,2,172
M188,M203/2,12:19:19,5,-1,1,MY9211,0,2,60
C652,C655,12:19:19,5,-1,1,MY9362,0,2,40
T326/2,T337,12:19:49,5,-1,1,MY9282,0,2,60
T343,T316,12:20:31,5,-1,1,MY9487,0,2,92
C655,C657,12:20:41,5,-1,1,MY9362,0,2,51
T337,T334,12:20:41,5,-1,1,MY9282,0,2,21
M203/2,M277,12:21:11,5,-1,-1,MY9211,0,2,81
T355/2,T360,12:21:11,5,-1,1,MX7769,0,2,112
C657,C686,12:21:21,5,-1,1,MY9362,0,2,20
M95/3,M22,12:21:53,5,-1,1,MY9491,0,2,93
T345/1,T322,12:22:03,5,-1,-1,MX7866,0,2,133
T316,T345/5,12:22:34,5,-1,1,MY9487,0,2,113
T334,T430,12:22:44,5,-1,1,MY9282,0,2,93
T360,T376/1,12:22:55,5,-1,1,MX7769,0,2,82
M277,M182/1,12:23:36,5,-1,1,MY9211,0,2,134
C686,C656,12:23:46,5,-1,1,MY9362,0,2,103
T345/5,T344,12:24:17,5,-1,1,MY9487,0,2,51
T376/1,T363/1,12:24:47,5,-1,1,MX7769,0,2,102
T344,T356/1,12:24:57,5,-1,1,MY9487,0,2,20
C656,C654/3,12:25:07,5,-1,1,MY9362,0,2,50
M22,M10,12:25:18,5,-1,1,MY9491,0,2,112
T322,T342,12:25:28,5,-1,-1,MX7866,0,2,163
T363/1,T374,12:26:38,5,-1,1,MX7769,0,2,30
T356/1,T358,12:26:59,5,-1,1,MY9487,0,2,91
T374,T406,12:27:19,5,-1,1,MX7769,0,2,20
T342,T409,12:27:19,5,-1,1,MX7866,0,2,70
T358,T373/2,12:27:49,5,-1,1,MY9487,0,2,30
M182/1,T431,12:27:59,5,-1,1,MY9211,0,2,212
M10,M16/1,12:28:10,5,-1,1,MY9491,0,2,101
T430,M177,12:28:20,5,-1,1,MY9282,0,2,294
T409,T368,12:28:43,5,-1,1,MX7866,0,2,73
T373/2,T375,12:28:53,5,-1,1,MY9487,0,2,43
M121,M119,12:29:03,5,-1,3,MY9154,0,2,450
C654/3,C653/2,12:29:23,5,-1,1,MY9362,0,2,83
T431,T335,12:29:44,5,-1,1,MY9211,0,2,71
T368,T324/2,12:29:54,5,-1,1,MX7866,0,2,30
T335,T338,12:30:34,5,-1,1,MY9211,0,2,10
T375,T380,12:31:15,5,-1,1,MY9487,0,2,80
C653/2,C692,12:31:35,5,-1,2,MY9362,0,2,101
M177,M198,12:31:35,5,-1,2,MY9282,0,2,141
T324/2,T327,12:31:56,5,-1,1,MX7866,0,2,71
T338,T326/3,12:32:06,5,-1,-1,MY9211,0,2,61
T380,T379,12:32:16,5,-1,1,MY9487,0,2,10
T326/3,T332/2,12:32:56,5,-1,1,MY9211,0,2,30
T327,T326/2,12:32:56,5,-1,1,MX7866,0,2,30
M16/1,M109,12:33:07,5,-1,1,MY9491,0,2,132
T379,T359,12:33:07,5,-1,1,MY9487,0,2,20
C692,C689/1,12:33:37,5,-1,1,MY9362,0,2,80
M198,M183/2,12:33:57,5,-1,2,MY9282,0,2,131
T359,T355/1,12:34:28,5,-1,1,MY9487,0,2,70
T406,T345/1,12:34:28,5,-1,-1,MX7769,0,2,418
T326/2,T337,12:34:38,5,-1,1,MX7866,0,2,91
T332/2,T325/2,12:34:58,5,-1,1,MY9211,0,2,80
T337,T334,12:35:18,5,-1,1,MX7866,0,2,20
T325/2,T339/2,12:35:28,5,-1,1,MY9211,0,2,10
M119,M113,12:35:59,5,-1,-1,MY9154,0,2,324
M183/2,M140/1,12:36:19,5,-1,1,MY9282,0,2,121
C689/1,T355/2,12:36:29,5,-1,1,MY9362,0,2,111
T334,T430,12:36:49,5,-1,1,MX7866,0,2,50
T339/2,T408/1,12:37:50,5,-1,-1,MY9211,0,2,101
M140/1,M137/2,12:38:00,5,-1,1,MY9282,0,2,80
M109,M112,12:38:31,5,-1,1,MY9491,0,2,253
T355/2,T360,12:38:31,5,-1,1,MY9362,0,2,92
T345/1,T322,12:38:42,5,-1,-1,MX7769,0,2,233
T355/1,C688/1,12:39:02,5,-1,1,MY9487,0,2,253
T360,T376/1,12:39:12,5,-1,1,MY9362,0,2,30
M137/2,M132/1,12:39:12,5,-1,1,MY9282,0,2,51
M112,M127,12:39:34,5,-1,1,MY9491,0,2,52
M113,M94,12:39:34,5,-1,-1,MY9154,0,2,32
T408/1,T343,12:40:05,5,-1,-1,MY9211,0,2,104
M127,M125,12:40:55,5,-1,1,MY9491,0,2,40
C688/1,C691,12:40:55,5,-1,1,MY9487,0,2,40
T376/1,T363/1,12:41:46,5,-1,1,MY9362,0,2,143
T322,T409,12:41:46,5,-1,1,MX7769,1,2,154
T343,T316,12:42:16,5,-1,1,MY9211,0,2,91
T430,M177,12:42:16,5,-1,1,MX7866,0,2,317
M94,M95/3,12:42:33,5,-1,-1,MY9154,0,2,117
T409,T368,12:43:03,5,-1,1,MX7769,0,2,56
C691,C652,12:43:13,5,-1,1,MY9487,0,2,107
T363/1,T374,12:43:13,5,-1,1,MY9362,0,2,40
M132/1,M200,12:43:55,5,-1,2,MY9282,0,2,219
M125,M136/2,12:44:05,5,-1,2,MY9491,0,2,30
T374,T406,12:44:15,5,-1,2,MY9362,0,2,30
T368,T324/2,12:44:25,5,-1,1,MX7769,0,2,30
C652,C655,12:44:35,5,-1,1,MY9487,0,2,30
M200,M201,12:44:56,5,-1,-1,MY9282,0,2,10
T316,T344,12:45:57,5,-1,1,MY9211,1,2,204
C655,C657,12:45:57,5,-1,1,MY9487,0,2,40
M177,M198,12:46:07,5,-1,2,MX7866,0,2,163
T324/2,T327,12:46:17,5,-1,1,MX7769,0,1,81
C657,C686,12:46:27,5,-1,1,MY9487,0,1,20
T344,T356/1,12:46:37,5,-1,1,MY9211,0,1,30
T327,T326/2,12:46:58,5,-1,1,MX7769,0,1,20
M198,M183/2,12:47:18,5,-1,2,MX7866,0,1,60
M136/2,M139/2,12:47:38,5,-1,1,MY9491,0,1,81
M95/3,M22,12:48:39,5,-1,1,AA7450,0,1,192
T326/2,T337,12:48:49,5,-1,1,MX7769,0,1,81
M183/2,M140/1,12:48:49,5,-1,1,MX7866,0,1,40
T356/1,T358,12:49:09,5,-1,1,MY9211,0,1,141
C686,C654/3,12:49:19,5,-1,1,MY9487,1,1,91
T337,T334,12:49:30,5,-1,1,MX7769,0,1,30
M201,M121,12:49:40,5,-1,3,MY9282,0,1,263
M140/1,M137/2,12:49:50,5,-1,1,MX7866,0,1,50
T358,T373/2,12:50:00,5,-1,1,MY9211,0,1,40
M139/2,M184,12:50:20,5,-1,2,MY9491,0,1,50
T406,T345/1,12:50:20,5,-1,-1,MY9362,0,1,334
T373/2,T375,12:51:02,5,-1,1,MY9211,0,1,30
M22,M10,12:51:23,5,-1,1,AA7450,0,1,133
M184,M188,12:51:33,5,-1,1,MY9491,0,1,20
T375,T380,12:52:13,5,-1,1,MY9211,0,1,30
M137/2,M132/1,12:52:13,5,-1,1,MX7866,0,1,80
T345/1,T322,12:52:44,5,-1,-1,MY9362,0,1,121
T380,T379,12:52:54,5,-1,1,MY9211,0,1,10
M188,M203/2,12:53:14,5,-1,1,MY9491,0,1,20
T379,T359,12:53:45,5,-1,1,MY9211,0,1,20
M10,M16/1,12:54:05,5,-1,2,AA7450,0,1,81
M132/1,M200,12:54:15,5,-1,3,MX7866,0,1,60
T359,T355/1,12:54:45,5,-1,1,MY9211,0,1,50
C654/3,C692,12:54:45,5,-1,2,MY9487,1,1,172
M16/1,M109,12:54:55,5,-1,1,AA7450,0,1,20
M203/2,M277,12:54:55,5,-1,-1,MY9491,0,1,70
T322,T342,12:54:55,5,-1,-1,MY9362,0,1,101
T334,M177,12:55:26,5,-1,1,MX7769,1,1,346
M200,M201,12:55:46,5,-1,-1,MX7866,0,1,20
T342,T409,12:55:56,5,-1,1,MY9362,0,1,40
M121,M119,12:55:56,5,-1,3,MY9282,0,1,303
M277,M182/1,12:57:37,5,-1,1,MY9491,0,1,151
M109,M112,12:57:47,5,-1,1,AA7450,0,1,121
T409,T368,12:57:47,5,-1,1,MY9362,0,1,80
T355/1,C688/1,12:58:28,5,-1,2,MY9211,0,1,212
T368,T324/2,12:58:48,5,-1,1,MY9362,0,1,30
M177,M198,12:58:58,5,-1,2,MX7769,0,1,161
M112,M127,12:59:39,5,-1,2,AA7450,0,1,20
C688/1,C691,12:59:39,5,-1,1,MY9211,0,1,40
C689/1,T355/2,13:00:00,5,-1,1,MY9487,0,1,183
T324/2,T327,13:00:20,5,-1,1,MY9362,0,1,61
M198,M183/2,13:00:53,5,-1,2,MX7769,0,1,104
T327,T326/2,13:01:13,5,-1,1,MY9362,0,1,30
C691,C652,13:01:44,5,-1,1,MY9211,0,1,83
M182/1,T431,13:01:54,5,-1,1,MY9491,0,1,215
M183/2,M140/1,13:02:14,5,-1,1,MX7769,0,1,10
M119,M113,13:02:14,5,-1,-1,MY9282,0,1,287
T326/2,T337,13:02:24,5,-1,1,MY9362,0,1,61
C652,C655,13:02:55,5,-1,1,MY9211,0,1,30
T355/2,T360,13:02:55,5,-1,1,MY9487,0,1,142
T337,T334,13:03:15,5,-1,1,MY9362,0,1,20
M127,M125,13:03:25,5,-1,1,AA7450,0,1,184
T431,T335,13:03:25,5,-1,1,MY9491,0,1,81
T360,T376/1,13:03:56,5,-1,1,MY9487,0,1,30
M113,M94,13:03:56,5,-1,-1,MY9282,0,1,50
T335,T338,13:04:16,5,-1,1,MY9491,0,1,10
C655,C657,13:04:26,5,-1,1,MY9211,0,1,50
T334,T430,13:04:46,5,-1,1,MY9362,0,1,60
C657,C686,13:04:56,5,-1,1,MY9211,0,1,20
M140/1,M137/2,13:04:56,5,-1,1,MX7769,0,1,30
M201,M119,13:04:56,5,-1,3,MX7866,1,1,449
T376/1,T363/1,13:05:57,5,-1,1,MY9487,0,1,111
T338,T326/3,13:06:07,5,-1,-1,MY9491,0,1,80
M125,M136/2,13:06:27,5,-1,1,AA7450,0,1,70
M137/2,M132/1,13:06:27,5,-1,2,MX7769,0,1,30
C686,C656,13:06:58,5,-1,1,MY9211,0,1,30
M136/2,M139/2,13:07:08,5,-1,2,AA7450,0,1,30
T363/1,T374,13:07:28,5,-1,1,MY9487,0,1,40
M94,M95/3,13:07:38,5,-1,-1,MY9282,0,1,212
T326/3,T332/2,13:07:58,5,-1,1,MY9491,0,1,70
C656,C654/3,13:07:58,5,-1,1,MY9211,0,1,50
T374,T406,13:08:29,5,-1,1,MY9487,0,1,30
M119,M113,13:09:19,5,-1,-1,MX7866,0,1,202
T430,M177,13:09:29,5,-1,1,MY9362,0,1,273
M139/2,M184,13:09:40,5,-1,2,AA7450,0,1,70
M132/1,M200,13:09:40,5,-1,3,MX7769,0,1,91
T332/2,T325/2,13:09:50,5,-1,1,MY9491,0,1,60
M95/3,M22,13:10:10,5,-1,2,MY9154,0,1,80
M184,M188,13:10:45,5,-1,1,AA7450,0,1,10
M200,M201,13:10:45,5,-1,-1,MX7769,0,1,10
T325/2,T339/2,13:11:15,5,-1,1,MY9491,0,1,20
M113,M94,13:11:15,5,-1,-1,MX7866,0,1,95
M22,M10,13:12:10,5,-1,1,MY9154,0,1,74
M188,M203/2,13:12:33,5,-1,1,AA7450,0,1,23
M201,M121,13:12:53,5,-1,3,MX7769,0,1,98
T339/2,T408/1,13:13:24,5,-1,-1,MY9491,0,1,84
C654/3,C653/2,13:13:24,5,-1,1,MY9211,0,1,84
M10,M16/1,13:14:14,5,-1,2,MY9154,0,1,70
M203/2,M277,13:14:14,5,-1,-1,AA7450,0,1,60
M177,M183/2,13:14:14,5,-1,2,MY9362,1,1,254
M94,M95/3,13:14:25,5,-1,-1,MX7866,0,1,155
M121,M119,13:14:45,5,-1,3,MX7769,0,1,61
T406,T345/1,13:14:55,5,-1,-1,MY9487,0,1,356
C653/2,C692,13:15:56,5,-1,1,MY9211,0,1,132
T408/1,T343,13:16:06,5,-1,-1,MY9491,0,1,101
M183/2,M140/1,13:16:06,5,-1,1,MY9362,0,1,10
M277,M182/1,13:16:47,5,-1,1,AA7450,0,1,142
C692,C689/1,13:17:17,5,-1,1,MY9211,0,1,50
T345/1,T322,13:17:17,5,-1,-1,MY9487,0,1,121
M16/1,M109,13:18:18,5,-1,1,MY9154,0,1,141
T343,T316,13:18:38,5,-1,1,MY9491,0,1,101
M140/1,M137/2,13:18:48,5,-1,1,MY9362,0,1,101
M137/2,M132/1,13:19:49,5,-1,1,MY9362,0,1,30
M119,M113,13:19:49,5,-1,-1,MX7769,0,1,263
T322,T342,13:20:09,5,-1,-1,MY9487,0,1,161
C689/1,T355/2,13:20:50,5,-1,1,MY9211,0,1,171
M182/1,T431,13:21:00,5,-1,1,AA7450,0,1,212
T316,T345/5,13:21:43,5,-1,1,MY9491,0,1,164
T342,T409,13:21:53,5,-1,1,MY9487,0,1,73
M113,M94,13:21:53,5,-1,-1,MX7769,0,1,32
M132/1,M200,13:22:13,5,-1,3,MY9362,0,1,83
M109,M112,13:22:23,5,-1,1,MY9154,0,1,133
T431,T335,13:22:55,5,-1,1,AA7450,0,1,94
T409,T368,13:23:15,5,-1,1,MY9487,0,1,71
M112,M127,13:23:45,5,-1,2,MY9154,0,1,30
T335,T338,13:23:45,5,-1,1,AA7450,0,1,10
T355/2,T360,13:23:45,5,-1,1,MY9211,0,1,145
T368,T324/2,13:24:06,5,-1,1,MY9487,0,1,30
M200,M201,13:24:06,5,-1,-1,MY9362,0,1,40
M94,M95/3,13:24:26,5,-1,-1,MX7769,0,1,132
T345/5,T344,13:24:46,5,-1,1,MY9491,0,1,60
M201,M121,13:25:06,5,-1,3,MY9362,0,1,30
T338,T326/3,13:25:27,5,-1,-1,AA7450,0,1,70
M127,M125,13:25:37,5,-1,1,MY9154,0,1,50
T324/2,T327,13:25:37,5,-1,1,MY9487,0,1,50
T344,T356/1,13:25:57,5,-1,1,MY9491,0,1,40
T360,T376/1,13:25:57,5,-1,1,MY9211,0,1,111
T326/3,T332/2,13:26:38,5,-1,1,AA7450,0,1,40
T327,T326/2,13:26:48,5,-1,1,MY9487,0,1,30
M121,M119,13:26:58,5,-1,3,MY9362,0,1,60
M125,M136/2,13:27:28,5,-1,1,MY9154,0,1,70
T326/2,T337,13:28:09,5,-1,1,MY9487,0,1,70
T356/1,T358,13:28:29,5,-1,1,MY9491,0,1,101
T376/1,T363/1,13:28:29,5,-1,1,MY9211,0,1,131
T332/2,T325/2,13:28:49,5,-1,1,AA7450,0,1,91
T337,T334,13:28:59,5,-1,1,MY9487,0,1,20
M136/2,M139/2,13:29:20,5,-1,1,MY9154,0,1,70
T358,T373/2,13:29:31,5,-1,1,MY9491,0,1,31
T325/2,T339/2,13:30:12,5,-1,1,AA7450,0,1,62
T363/1,T374,13:30:12,5,-1,1,MY9211,0,1,40
T334,T430,13:30:34,5,-1,1,MY9487,0,1,53
T373/2,T375,13:30:44,5,-1,1,MY9491,0,1,32
T374,T406,13:30:44,5,-1,1,MY9211,0,1,22
M139/2,M184,13:31:35,5,-1,2,MY9154,0,1,40
M119,M113,13:31:35,5,-1,-1,MY9362,0,1,246
T339/2,T408/1,13:32:16,5,-1,-1,AA7450,0,1,91
T375,T380,13:32:56,5,-1,1,MY9491,0,1,91
T380,T379,13:33:16,5,-1,1,MY9491,0,1,10
M184,M188,13:33:26,5,-1,1,MY9154,0,1,10
T379,T359,13:33:47,5,-1,1,MY9491,0,1,20
M113,M94,13:34:17,5,-1,-1,MY9362,0,1,80
M188,M203/2,13:34:27,5,-1,1,MY9154,0,1,10
T359,T355/1,13:35:08,5,-1,1,MY9491,0,1,70
T430,M177,13:35:28,5,-1,1,MY9487,0,1,273
T408/1,T343,13:35:48,5,-1,-1,AA7450,0,1,151
M94,M95/3,13:35:58,5,-1,-1,MY9362,0,1,80
M203/2,M277,13:36:29,5,-1,-1,MY9154,0,1,60
M95/3,M22,13:36:59,5,-1,1,MX7769,0,1,71
T406,T345/1,13:37:40,5,-1,-1,MY9211,0,1,404
T343,T316,13:38:10,5,-1,1,AA7450,0,1,101
M277,M182/1,13:39:01,5,-1,1,MY9154,0,1,142
M177,M198,13:39:01,5,-1,2,MY9487,0,1,142
T355/1,C688/1,13:39:11,5,-1,1,MY9491,0,1,233
M22,M10,13:39:34,5,-1,1,MX7769,0,1,134
T316,T345/5,13:40:14,5,-1,1,AA7450,0,1,114
C688/1,C691,13:40:25,5,-1,1,MY9491,0,1,30
M198,M183/2,13:41:09,5,-1,1,MY9487,0,1,107
M10,M16/1,13:41:49,5,-1,2,MX7769,0,1,74
M183/2,M140/1,13:42:20,5,-1,1,MY9487,0,1,10
T345/1,T322,13:42:31,5,-1,-1,MY9211,0,1,190
T345/5,T344,13:42:42,5,-1,1,AA7450,0,1,62
C691,C652,13:42:52,5,-1,1,MY9491,0,1,102
T344,T356/1,13:43:22,5,-1,1,AA7450,0,1,20
M182/1,T431,13:43:54,5,-1,1,MY9154,0,1,209
C652,C655,13:44:04,5,-1,1,MY9491,0,1,20
T322,T342,13:44:45,5,-1,-1,MY9211,0,1,92
M140/1,M137/2,13:44:55,5,-1,1,MY9487,0,1,60
T431,T335,13:45:15,5,-1,1,MY9154,0,1,71
M16/1,M109,13:45:35,5,-1,1,MX7769,0,1,111
T356/1,T358,13:45:35,5,-1,1,AA7450,0,1,111
T335,T338,13:45:56,5,-1,1,MY9154,0,1,10
M137/2,M132/1,13:46:06,5,-1,2,MY9487,0,1,40
T342,T409,13:46:16,5,-1,1,MY9211,0,1,50
T358,T373/2,13:46:26,5,-1,1,AA7450,0,1,30
C655,C657,13:46:26,5,-1,1,MY9491,0,1,60
T338,T326/3,13:47:07,5,-1,-1,MY9154,0,1,50
C657,C686,13:47:07,5,-1,1,MY9491,0,1,30
T409,T368,13:47:17,5,-1,1,MY9211,0,1,50
T326/3,T332/2,13:47:57,5,-1,1,MY9154,0,1,30
M132/1,M200,13:47:57,5,-1,2,MY9487,0,1,60
T373/2,T375,13:48:07,5,-1,1,AA7450,0,1,60
T368,T324/2,13:48:28,5,-1,1,MY9211,0,1,30
M109,M112,13:49:08,5,-1,1,MX7769,0,1,131
M200,M201,13:49:18,5,-1,-1,MY9487,0,1,20
C686,C656,13:49:38,5,-1,1,MY9491,0,1,111
T375,T380,13:49:48,5,-1,1,AA7450,0,1,30
T332/2,T325/2,13:50:19,5,-1,1,MY9154,0,1,80
T380,T379,13:50:29,5,-1,1,AA7450,0,1,10
T324/2,T327,13:50:29,5,-1,1,MY9211,0,1,71
M201,M121,13:50:49,5,-1,3,MY9487,0,1,40
C656,C654/3,13:51:00,5,-1,1,MY9491,0,1,60
T379,T359,13:51:20,5,-1,1,AA7450,0,1,30
T325/2,T339/2,13:51:40,5,-1,1,MY9154,0,1,20
M112,M127,13:52:00,5,-1,1,MX7769,0,1,101
T327,T337,13:53:03,5,-1,1,MY9211,1,1,123
T359,T355/1,13:53:13,5,-1,1,AA7450,0,1,83
T337,T334,13:53:33,5,-1,1,MY9211,0,1,20
T339/2,T408/1,13:53:44,5,-1,-1,MY9154,0,1,83
M95/3,M10,13:54:35,5,-1,1,MY9282,1,1,276
T334,T430,13:54:55,5,-1,1,MY9211,0,1,50
M127,M125,13:55:05,5,-1,1,MX7769,0,1,142
C654/3,C653/2,13:55:45,5,-1,1,MY9491,0,1,90
M10,M16/1,13:56:05,5,-1,2,MY9282,0,1,49
T408/1,T343,13:56:15,5,-1,-1,MY9154,0,1,80
M125,M136/2,13:56:45,5,-1,2,MX7769,0,1,90
T355/1,C688/1,13:56:55,5,-1,1,AA7450,0,1,212
C653/2,C692,13:57:56,5,-1,1,MY9491,0,1,111
M16/1,M109,13:58:16,5,-1,1,MY9282,0,1,91
M121,M119,13:58:16,5,-1,3,MY9487,0,1,375
T343,T316,13:58:26,5,-1,1,MY9154,0,1,91
M136/2,M139/2,13:58:37,5,-1,2,MX7769,0,1,81
C688/1,C691,13:58:37,5,-1,1,AA7450,0,1,61
C692,C689/1,13:59:48,5,-1,1,MY9491,0,1,60
M139/2,M184,13:59:58,5,-1,2,MX7769,0,1,30
T430,M177,13:59:58,5,-1,1,MY9211,0,1,293
C691,C652,14:00:28,5,-1,1,AA7450,0,1,70
T316,T345/5,14:01:09,5,-1,1,MY9154,0,1,151
M184,M188,14:01:19,5,-1,1,MX7769,0,1,20
C652,C655,14:01:39,5,-1,1,AA7450,0,1,40
M188,M203/2,14:02:20,5,-1,1,MX7769,0,1,50
M109,M127,14:02:40,5,-1,2,MY9282,1,1,222
C655,C657,14:03:10,5,-1,1,AA7450,0,1,50
C689/1,T355/2,14:03:10,5,-1,1,MY9491,0,1,131
M177,M198,14:03:44,5,-1,2,MY9211,0,1,164
M203/2,M277,14:04:04,5,-1,-1,MX7769,0,1,63
C657,C686,14:04:04,5,-1,1,AA7450,0,1,30
T345/5,T344,14:04:14,5,-1,1,MY9154,0,1,104
T344,T356/1,14:05:05,5,-1,1,MY9154,0,1,30
M198,M183/2,14:05:05,5,-1,2,MY9211,0,1,70
T355/2,T360,14:06:06,5,-1,1,MY9491,0,1,131
M127,M125,14:06:16,5,-1,1,MY9282,0,1,175
T356/1,T358,14:06:26,5,-1,1,MY9154,0,1,60
M277,M182/1,14:06:36,5,-1,1,MX7769,0,1,131
M183/2,M140/1,14:06:46,5,-1,1,MY9211,0,1,20
C686,C656,14:07:16,5,-1,1,AA7450,0,1,121
T358,T373/2,14:07:27,5,-1,1,MY9154,0,1,30
M125,M136/2,14:07:37,5,-1,2,MY9282,0,1,60
M119,M113,14:07:57,5,-1,-1,MY9487,0,1,263
T360,T376/1,14:08:17,5,-1,1,MY9491,0,1,80
T373/2,T375,14:08:27,5,-1,1,MY9154,0,1,30
C656,C654/3,14:08:27,5,-1,1,AA7450,0,1,60
M136/2,M139/2,14:08:37,5,-1,2,MY9282,0,1,20
M95/3,M22,14:08:48,5,-1,1,MY9362,0,1,101
M140/1,M137/2,14:09:28,5,-1,1,MY9211,0,1,111
T376/1,T363/1,14:09:58,5,-1,1,MY9491,0,1,91
M113,M94,14:10:09,5,-1,-1,MY9487,0,1,50
T375,T380,14:10:19,5,-1,1,MY9154,0,1,60
M139/2,M184,14:10:39,5,-1,2,MY9282,0,1,60
M182/1,T431,14:10:59,5,-1,1,MX7769,0,1,212
T380,T379,14:11:09,5,-1,1,MY9154,0,1,10
M137/2,M132/1,14:11:09,5,-1,1,MY9211,0,1,40
T363/1,T374,14:11:40,5,-1,1,MY9491,0,1,50
T379,T359,14:11:50,5,-1,1,MY9154,0,1,20
T431,T335,14:12:34,5,-1,1,MX7769,0,1,64
T374,T406,14:12:44,5,-1,2,MY9491,0,1,33
M184,M188,14:12:54,5,-1,1,MY9282,0,1,10
M22,M16/1,14:13:04,5,-1,2,MY9362,1,1,226
C654/3,C653/2,14:13:04,5,-1,1,AA7450,0,1,256
T335,T338,14:13:14,5,-1,1,MX7769,0,1,10
T359,T355/1,14:13:14,5,-1,1,MY9154,0,1,64
M94,M95/3,14:13:14,5,-1,-1,MY9487,0,1,145
M132/1,M200,14:14:36,5,-1,-1,MY9211,0,1,51
M188,M203/2,14:14:47,5,-1,1,MY9282,0,1,10
T338,T326/3,14:14:47,5,-1,-1,MX7769,0,1,61
C653/2,C692,14:15:27,5,-1,1,AA7450,0,1,132
M16/1,M109,14:16:28,5,-1,1,MY9362,0,1,142
C692,C689/1,14:16:38,5,-1,1,AA7450,0,1,10
M200,M201,14:16:38,5,-1,-1,MY9211,0,1,50
T355/1,C688/1,14:17:19,5,-1,1,MY9154,0,1,234
T326/3,T325/2,14:17:30,5,-1,1,MX7769,1,1,152
T325/2,T339/2,14:18:10,5,-1,1,MX7769,0,1,30
M201,M121,14:18:20,5,-1,3,MY9211,0,1,50
M203/2,M182/1,14:18:52,5,-1,1,MY9282,1,1,215
C688/1,C691,14:18:52,5,-1,1,MY9154,0,1,20
T406,T345/1,14:19:02,5,-1,-1,MY9491,0,1,337
M109,M112,14:19:33,5,-1,1,MY9362,0,1,123
C689/1,T355/2,14:20:54,5,-1,1,AA7450,0,1,153
C691,C652,14:21:45,5,-1,1,MY9154,0,1,121
M112,M127,14:21:55,5,-1,1,MY9362,0,1,50
T339/2,T408/1,14:21:55,5,-1,-1,MX7769,0,1,172
T345/1,T322,14:22:15,5,-1,-1,MY9491,0,1,172
M121,M119,14:22:55,5,-1,3,MY9211,0,1,202
C652,C655,14:23:06,5,-1,1,MY9154,0,1,30
T408/1,T343,14:23:26,5,-1,-1,MX7769,0,1,60
T355/2,T360,14:23:46,5,-1,1,AA7450,0,1,121
M182/1,T431,14:23:56,5,-1,1,MY9282,0,1,233
T322,T342,14:24:16,5,-1,-1,MY9491,0,1,101
C655,C657,14:24:37,5,-1,1,MY9154,0,1,50
T360,T376/1,14:24:57,5,-1,1,AA7450,0,1,30
T431,T335,14:25:17,5,-1,1,MY9282,0,1,70
C657,C686,14:25:17,5,-1,1,MY9154,0,1,20
T343,T316,14:25:27,5,-1,1,MX7769,0,1,91
T342,T409,14:25:27,5,-1,1,MY9491,0,1,60
M127,M125,14:26:08,5,-1,1,MY9362,0,1,212
T376/1,T363/1,14:26:38,5,-1,1,AA7450,0,1,91
T409,T368,14:27:19,5,-1,1,MY9491,0,1,60
T316,T345/5,14:27:39,5,-1,1,MX7769,0,1,111
T363/1,T374,14:27:59,5,-1,1,AA7450,0,1,50
M125,M136/2,14:28:09,5,-1,2,MY9362,0,1,40
C686,C656,14:28:19,5,-1,1,MY9154,0,1,151
T374,T406,14:28:50,5,-1,1,AA7450,0,1,30
T368,T324/2,14:28:50,5,-1,1,MY9491,0,1,40
M119,M113,14:28:50,5,-1,-1,MY9211,0,1,273
M136/2,M139/2,14:29:00,5,-1,2,MY9362,0,1,20
T345/5,T344,14:29:20,5,-1,1,MX7769,0,1,50
C656,C654/3,14:29:32,5,-1,1,MY9154,0,1,62
T344,T356/1,14:30:13,5,-1,1,MX7769,0,1,30
M139/2,M184,14:30:54,5,-1,1,MY9362,0,1,30
M113,M94,14:31:25,5,-1,-1,MY9211,0,1,112
T324/2,T327,14:31:35,5,-1,1,MY9491,0,1,82
T356/1,T358,14:32:06,5,-1,1,MX7769,0,1,101
M184,M188,14:32:36,5,-1,1,MY9362,0,1,10
T327,T326/2,14:32:36,5,-1,1,MY9491,0,1,30
T358,T373/2,14:33:17,5,-1,1,MX7769,0,1,40
M188,M203/2,14:33:57,5,-1,1,MY9362,0,1,10
M94,M95/3,14:34:28,5,-1,-1,MY9211,0,1,141
T326/2,T337,14:34:48,5,-1,1,MY9491,0,1,101
C654/3,C653/2,14:34:58,5,-1,1,MY9154,0,1,91
T373/2,T375,14:35:18,5,-1,1,MX7769,0,1,60
T337,T334,14:35:18,5,-1,1,MY9491,0,1,20
T406,T345/1,14:35:38,5,-1,-1,AA7450,0,1,398
C653/2,C692,14:36:20,5,-1,1,MY9154,0,1,71
T375,T380,14:36:33,5,-1,1,MX7769,0,1,44
T380,T379,14:37:14,5,-1,1,MX7769,0,1,20
C692,C689/1,14:37:44,5,-1,1,MY9154,0,1,30
T334,T430,14:37:54,5,-1,1,MY9491,0,1,135
T379,T359,14:38:14,5,-1,1,MX7769,0,1,30
M203/2,M182/1,14:38:24,5,-1,1,MY9362,1,1,216
T345/1,T322,14:38:24,5,-1,-1,AA7450,0,1,111
T343,T316,14:38:35,5,-1,1,MY9282,0,1,81
M22,M16/1,14:39:05,5,-1,2,MY9487,1,1,297
T359,T355/1,14:40:06,5,-1,1,MX7769,0,1,50
M16/1,M109,14:40:36,5,-1,1,MY9487,0,1,40
T316,T345/5,14:40:57,5,-1,1,MY9282,0,1,121
C689/1,T355/2,14:41:07,5,-1,1,MY9154,0,1,152
T322,T342,14:41:37,5,-1,-1,AA7450,0,1,182
T430,M177,14:43:22,5,-1,1,MY9491,0,1,307
M182/1,T431,14:43:42,5,-1,1,MY9362,0,1,267
T345/5,T344,14:43:42,5,-1,1,MY9282,0,1,155
T355/2,T360,14:43:42,5,-1,1,MY9154,0,1,125
T431,T335,14:45:24,5,-1,1,MY9362,0,1,80
T355/1,C688/1,14:45:24,5,-1,1,MX7769,0,1,287
M109,M112,14:45:35,5,-1,1,MY9487,0,1,227
T409,T368,14:45:45,5,-1,1,AA7450,0,1,112
T360,T376/1,14:45:55,5,-1,1,MY9154,0,1,92
T335,T338,14:46:05,5,-1,1,MY9362,0,1,10
M112,M127,14:46:46,5,-1,2,MY9487,0,1,20
T344,T358,14:46:56,5,-1,1,MY9282,1,1,162
C688/1,C691,14:47:26,5,-1,1,MX7769,0,1,60
M177,M198,14:47:26,5,-1,2,MY9491,0,1,163
T358,T373/2,14:48:01,5,-1,1,MY9282,0,1,34
T368,T324/2,14:48:01,5,-1,1,AA7450,0,1,64
T338,T332/2,14:48:42,5,-1,1,MY9362,1,1,126
T376/1,T363/1,14:48:42,5,-1,1,MY9154,0,1,156
M127,M125,14:48:52,5,-1,1,MY9487,0,1,51
T373/2,T375,14:48:52,5,-1,1,MY9282,0,1,31
M22,M10,14:49:02,5,-1,1,MY7560,0,1,116
M198,M183/2,14:49:13,5,-1,2,MY9491,0,1,96
T375,T380,14:49:53,5,-1,1,MY9282,0,1,30
T324/2,T327,14:50:03,5,-1,1,AA7450,0,1,81
M183/2,M140/1,14:50:13,5,-1,2,MY9491,0,1,20
C691,C652,14:50:23,5,-1,1,MX7769,0,1,132
T363/1,T374,14:50:23,5,-1,1,MY9154,0,1,40
T332/2,T325/2,14:50:35,5,-1,1,MY9362,0,1,92
M10,M16/1,14:50:55,5,-1,1,MY7560,0,1,62
T380,T379,14:50:55,5,-1,1,MY9282,0,1,10
C652,C655,14:51:15,5,-1,1,MX7769,0,1,30
T374,T406,14:51:15,5,-1,1,MY9154,0,1,30
T325/2,T339/2,14:51:26,5,-1,1,MY9362,0,1,20
T379,T359,14:51:26,5,-1,1,MY9282,0,1,20
T327,T326/2,14:51:26,5,-1,1,AA7450,0,1,30
M125,M136/2,14:52:16,5,-1,1,MY9487,0,1,81
C655,C657,14:52:16,5,-1,1,MX7769,0,1,40
T359,T355/1,14:52:37,5,-1,1,MY9282,0,1,60
M140/1,M137/2,14:52:37,5,-1,1,MY9491,0,1,70
C657,C686,14:52:57,5,-1,1,MX7769,0,1,30
T326/2,T337,14:52:57,5,-1,1,AA7450,0,1,80
M136/2,M139/2,14:53:17,5,-1,1,MY9487,0,1,40
T339/2,T408/1,14:53:37,5,-1,-1,MY9362,0,1,80
M137/2,M132/1,14:53:47,5,-1,3,MY9491,0,1,50
T337,T334,14:53:57,5,-1,1,AA7450,0,1,20
C686,C656,14:54:48,5,-1,1,MX7769,0,1,60
M139/2,M184,14:54:58,5,-1,1,MY9487,0,1,30
T408/1,T343,14:56:09,5,-1,-1,MY9362,0,1,131
C656,C654/3,14:56:09,5,-1,1,MX7769,0,1,50
T334,T430,14:56:09,5,-1,1,AA7450,0,1,81
M16/1,M109,14:56:19,5,-1,1,MY7560,0,1,212
T355/1,C688/1,14:56:50,5,-1,1,MY9282,0,1,222
M132/1,M200,14:57:20,5,-1,3,MY9491,0,1,101
M184,M188,14:57:32,5,-1,1,MY9487,0,1,22
M188,M203/2,14:57:52,5,-1,1,MY9487,0,1,10
T406,T345/1,14:57:52,5,-1,-1,MY9154,0,1,376
T343,T316,14:58:23,5,-1,1,MY9362,0,1,93
C688/1,C691,14:58:34,5,-1,1,MY9282,0,1,20
M200,M201,14:58:34,5,-1,-1,MY9491,0,1,30
M95/3,M22,14:59:55,5,-1,2,MY9211,0,1,61
T316,T345/5,15:00:25,5,-1,1,MY9362,0,1,111
M109,M112,15:00:35,5,-1,2,MY7560,0,1,173
T345/1,T322,15:00:56,5,-1,-1,MY9154,0,1,121
M203/2,M277,15:01:16,5,-1,-1,MY9487,0,1,91
M201,M121,15:01:16,5,-1,3,MY9491,0,1,40
T345/5,T344,15:01:56,5,-1,1,MY9362,0,1,80
C654/3,C653/2,15:02:07,5,-1,1,MX7769,0,1,81
M22,M10,15:02:17,5,-1,1,MY9211,0,1,111
T430,M177,15:02:17,5,-1,1,AA7450,0,1,337
M112,M127,15:02:47,5,-1,2,MY7560,0,1,20
M121,M119,15:02:58,5,-1,3,MY9491,0,1,40
C691,C657,15:03:08,5,-1,1,MY9282,2,1,253
C653/2,C692,15:03:38,5,-1,1,MX7769,0,1,70
T322,T342,15:03:48,5,-1,-1,MY9154,0,1,142
C657,C686,15:03:58,5,-1,1,MY9282,0,1,30
M127,M125,15:04:29,5,-1,1,MY7560,0,1,30
M10,M16/1,15:04:39,5,-1,2,MY9211,0,1,91
M277,M182/1,15:04:39,5,-1,1,MY9487,0,1,192
T342,T409,15:05:09,5,-1,1,MY9154,0,1,50
C692,C689/1,15:05:19,5,-1,1,MX7769,0,1,60
M125,M136/2,15:05:40,5,-1,1,MY7560,0,1,20
M136/2,M139/2,15:07:17,5,-1,2,MY7560,0,1,44
T344,T358,15:07:17,5,-1,1,MY9362,1,1,310
T409,T368,15:07:17,5,-1,1,MY9154,0,1,97
M177,M198,15:07:58,5,-1,1,AA7450,0,1,269
C686,C654/3,15:08:08,5,-1,1,MY9282,1,1,199
T358,T373/2,15:08:18,5,-1,1,MY9362,0,1,30
T368,T324/2,15:08:38,5,-1,1,MY9154,0,1,40
C689/1,T355/2,15:08:48,5,-1,1,MX7769,0,1,158
M16/1,M109,15:09:19,5,-1,1,MY9211,0,1,80
T373/2,T375,15:09:29,5,-1,1,MY9362,0,1,30
M198,M183/2,15:09:29,5,-1,2,AA7450,0,1,80
M139/2,M184,15:09:59,5,-1,1,MY7560,0,1,91
T375,T380,15:10:20,5,-1,1,MY9362,0,1,20
M119,M113,15:10:30,5,-1,-1,MY9491,0,1,422
M183/2,M140/1,15:10:41,5,-1,1,AA7450,0,1,10
T324/2,T327,15:10:51,5,-1,1,MY9154,0,1,61
M184,M188,15:11:01,5,-1,1,MY7560,0,1,10
T355/2,T360,15:11:01,5,-1,1,MX7769,0,1,101
M182/1,T431,15:11:11,5,-1,1,MY9487,0,1,290
T380,T379,15:11:11,5,-1,1,MY9362,0,1,10
T379,T359,15:12:02,5,-1,1,MY9362,0,1,20
C654/3,C692,15:12:12,5,-1,1,MY9282,1,1,233
M188,M203/2,15:12:34,5,-1,1,MY7560,0,1,12
T327,T326/2,15:12:34,5,-1,1,MY9154,0,1,32
M109,M112,15:13:05,5,-1,2,MY9211,0,1,165
T431,T335,15:13:05,5,-1,1,MY9487,0,1,72
T359,T355/1,15:13:25,5,-1,1,MY9362,0,1,72
T360,T376/1,15:13:25,5,-1,1,MX7769,0,1,103
M95/3,M22,15:13:35,5,-1,2,MX7866,0,1,123
T326/2,T337,15:13:45,5,-1,1,MY9154,0,1,61
M203/2,M277,15:13:56,5,-1,-1,MY7560,0,1,40
T335,T338,15:14:06,5,-1,1,MY9487,0,1,10
M112,M127,15:14:16,5,-1,1,MY9211,0,1,30
M113,M94,15:14:26,5,-1,-1,MY9491,0,1,205
M137/2,M132/1,15:14:36,5,-1,2,AA7450,0,1,50
T337,T334,15:14:56,5,-1,1,MY9154,0,1,30
T376/1,T363/1,15:15:06,5,-1,1,MX7769,0,1,91
M22,M10,15:15:17,5,-1,2,MX7866,0,1,50
T338,T326/3,15:15:57,5,-1,-1,MY9487,0,1,70
M127,M125,15:16:27,5,-1,1,MY9211,0,1,60
T326/3,T332/2,15:16:48,5,-1,1,MY9487,0,1,30
C692,T355/2,15:16:48,5,-1,1,MY9282,1,1,265
T334,T430,15:16:48,5,-1,1,MY9154,0,1,60
M277,M182/1,15:17:18,5,-1,1,MY7560,0,1,192
T363/1,T374,15:17:28,5,-1,1,MX7769,0,1,40
T355/1,C688/1,15:17:38,5,-1,1,MY9362,0,1,222
M94,M95/3,15:17:59,5,-1,-1,MY9491,0,1,151
M125,M136/2,15:18:39,5,-1,1,MY9211,0,1,20
T374,T406,15:18:39,5,-1,1,MX7769,0,1,50
M10,M16/1,15:18:49,5,-1,3,MX7866,0,1,172
T332/2,T325/2,15:19:20,5,-1,1,MY9487,0,1,111
C688/1,C691,15:19:20,5,-1,1,MY9362,0,1,50
T355/2,T360,15:19:40,5,-1,1,MY9282,0,1,141
T325/2,T339/2,15:20:10,5,-1,1,MY9487,0,1,20
M136/2,M139/2,15:20:44,5,-1,2,MY9211,0,1,63
M132/1,M200,15:20:54,5,-1,3,AA7450,0,1,317
T360,T376/1,15:21:04,5,-1,1,MY9282,0,1,63
C691,C652,15:21:24,5,-1,1,MY9362,0,1,84
T430,M177,15:22:15,5,-1,1,MY9154,0,1,307
M16/1,M109,15:22:25,5,-1,1,MX7866,0,1,124
M200,M201,15:22:25,5,-1,-1,AA7450,0,1,20
M182/1,T431,15:22:46,5,-1,1,MY7560,0,1,286
T339/2,T408/1,15:22:46,5,-1,-1,MY9487,0,1,101
C652,C655,15:22:46,5,-1,1,MY9362,0,1,40
M139/2,M184,15:22:56,5,-1,2,MY9211,0,1,81
M184,M188,15:23:57,5,-1,1,MY9211,0,1,10
C655,C657,15:24:07,5,-1,1,MY9362,0,1,60
T376/1,T363/1,15:24:17,5,-1,1,MY9282,0,1,182
C657,C686,15:24:37,5,-1,1,MY9362,0,1,20
M201,M121,15:24:37,5,-1,3,AA7450,0,1,40
T431,T335,15:24:47,5,-1,1,MY7560,0,1,91
T335,T338,15:25:18,5,-1,1,MY7560,0,1,10
T408/1,T343,15:25:18,5,-1,-1,MY9487,0,1,131
M188,M203/2,15:25:28,5,-1,1,MY9211,0,1,20
T406,T345/1,15:25:48,5,-1,-1,MX7769,0,1,398
T363/1,T374,15:26:28,5,-1,1,MY9282,0,1,80
M177,M198,15:26:28,5,-1,2,MY9154,0,1,192
M109,M112,15:26:50,5,-1,1,MX7866,0,1,183
T338,T326/3,15:26:50,5,-1,-1,MY7560,0,1,61
M203/2,M277,15:27:00,5,-1,-1,MY9211,0,1,41
T374,T406,15:27:10,5,-1,1,MY9282,0,1,30
M112,M127,15:27:32,5,-1,1,MX7866,0,1,22
C686,C656,15:27:43,5,-1,1,MY9362,0,1,144
M121,M119,15:27:43,5,-1,3,AA7450,0,1,63
T326/3,T332/2,15:28:03,5,-1,2,MY7560,0,1,42
T343,T316,15:28:03,5,-1,1,MY9487,0,1,104
C656,C654/3,15:29:04,5,-1,1,MY9362,0,1,60
T332/2,T325/2,15:29:34,5,-1,1,MY7560,0,1,50
M277,M182/1,15:29:54,5,-1,1,MY9211,0,1,164
T316,T345/5,15:29:54,5,-1,2,MY9487,0,1,91
M127,M125,15:30:25,5,-1,1,MX7866,0,1,101
M198,M183/2,15:30:25,5,-1,1,MY9154,0,1,225
T325/2,T339/2,15:30:35,5,-1,1,MY7560,0,1,20
T345/1,T342,15:30:45,5,-1,-1,MX7769,1,1,245
M183/2,M140/1,15:31:26,5,-1,1,MY9154,0,1,10
T345/5,T344,15:31:36,5,-1,1,MY9487,0,1,81
M95/3,M22,15:31:46,5,-1,2,MY9491,0,1,71
T342,T409,15:32:06,5,-1,1,MX7769,0,1,40
T344,T356/1,15:32:37,5,-1,1,MY9487,0,1,30
T406,T345/1,15:32:57,5,-1,-1,MY9282,0,1,336
T339/2,T408/1,15:33:37,5,-1,-1,MY7560,0,1,111
M22,M10,15:33:47,5,-1,1,MY9491,0,1,91
T409,T368,15:33:47,5,-1,1,MX7769,0,1,60
M125,M136/2,15:33:58,5,-1,2,MX7866,0,1,80
C654/3,C653/2,15:33:58,5,-1,1,MY9362,0,1,80
M140/1,M137/2,15:33:58,5,-1,1,MY9154,0,1,111
M119,M113,15:34:39,5,-1,-1,AA7450,0,1,345
T356/1,T358,15:35:10,5,-1,1,MY9487,0,1,142
T368,T324/2,15:35:10,5,-1,1,MX7769,0,1,50
M182/1,T431,15:35:20,5,-1,1,MY9211,0,1,275
M136/2,M139/2,15:35:53,5,-1,1,MX7866,0,1,63
T358,T373/2,15:35:53,5,-1,1,MY9487,0,1,32
C653/2,C692,15:35:53,5,-1,1,MY9362,0,1,104
T345/1,T322,15:35:53,5,-1,-1,MY9282,0,1,135
M137/2,M132/1,15:35:53,5,-1,2,MY9154,0,1,63
M10,M16/1,15:36:03,5,-1,2,MY9491,0,1,84
T408/1,T343,15:36:03,5,-1,-1,MY7560,0,1,94
T324/2,T327,15:36:54,5,-1,1,MX7769,0,1,60
T373/2,T375,15:37:24,5,-1,1,MY9487,0,1,40
C692,C689/1,15:37:46,5,-1,1,MY9362,0,1,71
T431,T335,15:37:56,5,-1,1,MY9211,0,1,112
T322,T342,15:37:56,5,-1,-1,MY9282,0,1,102
T327,T326/2,15:37:56,5,-1,1,MX7769,0,1,31
M139/2,M184,15:38:06,5,-1,2,MX7866,0,1,41
T375,T380,15:38:16,5,-1,1,MY9487,0,1,30
T343,T316,15:38:26,5,-1,1,MY7560,0,1,92
M113,M94,15:38:26,5,-1,-1,AA7450,0,1,142
T335,T338,15:38:47,5,-1,1,MY9211,0,1,10
T342,T409,15:38:57,5,-1,1,MY9282,0,1,50
M132/1,M200,15:38:57,5,-1,3,MY9154,0,1,20
T380,T379,15:39:07,5,-1,1,MY9487,0,1,20
T326/2,T337,15:39:17,5,-1,1,MX7769,0,1,71
M184,M188,15:39:27,5,-1,1,MX7866,0,1,20
T337,T334,15:39:57,5,-1,1,MX7769,0,1,30
M16/1,M109,15:40:08,5,-1,1,MY9491,0,1,131
T379,T359,15:40:08,5,-1,1,MY9487,0,1,10
M200,M201,15:40:18,5,-1,-1,MY9154,0,1,20
T409,T368,15:40:38,5,-1,1,MY9282,0,1,70
T338,T326/3,15:40:48,5,-1,-1,MY9211,0,1,91
T316,T345/5,15:40:48,5,-1,1,MY7560,0,1,131
M188,M203/2,15:41:30,5,-1,1,MX7866,0,1,11
C689/1,T355/2,15:41:30,5,-1,1,MY9362,0,1,163
T334,T430,15:41:30,5,-1,1,MX7769,0,1,82
T368,T324/2,15:41:50,5,-1,1,MY9282,0,1,41
T359,T355/1,15:42:00,5,-1,1,MY9487,0,1,82
M201,M121,15:42:20,5,-1,3,MY9154,0,1,40
M203/2,M277,15:42:41,5,-1,-1,MX7866,0,1,50
T326/3,T332/2,15:42:41,5,-1,1,MY9211,0,1,102
T345/5,T344,15:42:41,5,-1,1,MY7560,0,1,102
M109,M112,15:43:21,5,-1,2,MY9491,0,1,122
T324/2,T327,15:43:21,5,-1,1,MY9282,0,1,60
M94,M95/3,15:43:21,5,-1,-1,AA7450,0,1,234
T344,T356/1,15:43:45,5,-1,1,MY7560,0,1,33
T332/2,T325/2,15:44:05,5,-1,2,MY9211,0,1,54
T355/2,T360,15:44:05,5,-1,1,MY9362,0,1,125
T327,T326/2,15:44:26,5,-1,1,MY9282,0,1,30
M112,M127,15:45:16,5,-1,1,MY9491,0,1,40
M277,M182/1,15:45:16,5,-1,1,MX7866,0,1,145
T360,T376/1,15:45:26,5,-1,1,MY9362,0,1,50
T326/2,T337,15:45:37,5,-1,1,MY9282,0,1,60
T325/2,T339/2,15:45:47,5,-1,2,MY9211,0,1,50
T430,M177,15:46:07,5,-1,1,MX7769,0,1,267
M121,M119,15:46:17,5,-1,3,MY9154,0,1,175
T337,T334,15:46:27,5,-1,1,MY9282,0,1,40
T355/1,C688/1,15:46:37,5,-1,1,MY9487,0,1,257
T356/1,T358,15:46:47,5,-1,1,MY7560,0,1,141
M127,M125,15:46:58,5,-1,1,MY9491,0,1,50
T358,T373/2,15:47:38,5,-1,1,MY7560,0,1,30
C688/1,C691,15:48:08,5,-1,1,MY9487,0,1,50
T339/2,T408/1,15:48:18,5,-1,-1,MY9211,0,1,111
T376/1,T363/1,15:48:29,5,-1,1,MY9362,0,1,151
M125,M136/2,15:49:29,5,-1,2,MY9491,0,1,91
M177,M198,15:49:39,5,-1,2,MX7769,0,1,161
T373/2,T375,15:49:50,5,-1,1,MY7560,0,1,40
C691,C652,15:50:10,5,-1,1,MY9487,0,1,91
T363/1,T374,15:50:21,5,-1,1,MY9362,0,1,51
M95/3,M22,15:50:31,5,-1,1,AA7450,0,1,102
T408/1,T343,15:50:31,5,-1,-1,MY9211,0,1,92
M182/1,T431,15:50:51,5,-1,1,MX7866,0,1,274
T375,T380,15:51:12,5,-1,1,MY7560,0,1,50
M136/2,M139/2,15:51:22,5,-1,2,MY9491,0,1,71
C652,C655,15:51:22,5,-1,1,MY9487,0,1,40
T374,T406,15:51:34,5,-1,1,MY9362,0,1,32
T380,T379,15:51:44,5,-1,1,MY7560,0,1,10
M198,M183/2,15:51:54,5,-1,2,MX7769,0,1,124
T343,T316,15:52:35,5,-1,1,MY9211,0,1,93
T431,T335,15:52:45,5,-1,1,MX7866,0,1,93
C655,C657,15:52:45,5,-1,1,MY9487,0,1,51
M22,M10,15:52:55,5,-1,1,AA7450,0,1,103
T379,T359,15:53:16,5,-1,1,MY7560,0,1,50
T334,M177,15:53:16,5,-1,1,MY9282,1,1,378
C657,C686,15:53:26,5,-1,1,MY9487,0,1,30
M183/2,M140/1,15:53:26,5,-1,2,MX7769,0,1,40
T335,T338,15:53:36,5,-1,1,MX7866,0,1,10
M139/2,M184,15:53:46,5,-1,2,MY9491,0,1,91
M119,M113,15:53:56,5,-1,-1,MY9154,0,1,368
T316,T345/5,15:54:16,5,-1,2,MY9211,0,1,81
T359,T355/1,15:54:37,5,-1,1,MY7560,0,1,71
T338,T326/3,15:54:47,5,-1,-1,MX7866,0,1,50
M140/1,M137/2,15:54:47,5,-1,1,MX7769,0,1,40
M10,M16/1,15:55:28,5,-1,1,AA7450,0,1,91
M184,M188,15:55:28,5,-1,1,MY9491,0,1,20
C686,C656,15:55:48,5,-1,1,MY9487,0,1,101
M188,M203/2,15:55:58,5,-1,1,MY9491,0,1,10
T326/3,T332/2,15:55:58,5,-1,1,MX7866,0,1,40
M177,M198,15:56:08,5,-1,2,MY9282,0,1,121
T345/5,T344,15:56:18,5,-1,1,MY9211,0,1,80
M137/2,M132/1,15:56:18,5,-1,1,MX7769,0,1,40
M113,M94,15:56:18,5,-1,-1,MY9154,0,1,81
C656,C654/3,15:56:59,5,-1,1,MY9487,0,1,60
T344,T356/1,15:57:29,5,-1,1,MY9211,0,1,30
T332/2,T325/2,15:57:50,5,-1,1,MX7866,0,1,81
T406,T345/1,15:57:50,5,-1,-1,MY9362,0,1,304
M203/2,M277,15:58:00,5,-1,-1,MY9491,0,1,81
M198,M183/2,15:58:00,5,-1,2,MY9282,0,1,101
T325/2,T339/2,15:58:40,5,-1,1,MX7866,0,1,20
T355/1,C688/1,15:58:40,5,-1,1,MY7560,0,1,223
M94,M95/3,15:58:50,5,-1,-1,MY9154,0,1,132
T356/1,T358,15:59:21,5,-1,1,MY9211,0,1,80
C654/3,C653/2,15:59:33,5,-1,1,MY9487,0,1,133
M132/1,M200,15:59:33,5,-1,3,MX7769,0,1,154
M16/1,M109,15:59:43,5,-1,1,AA7450,0,1,143
M183/2,M140/1,16:00:24,5,-1,1,MY9282,0,1,50
C688/1,C691,16:00:34,5,-1,1,MY7560,0,1,50
T345/1,T322,16:00:34,5,-1,-1,MY9362,0,1,93
M277,M182/1,16:00:44,5,-1,1,MY9491,0,1,153
M200,M201,16:00:44,5,-1,-1,MX7769,0,1,10
T358,T373/2,16:00:54,5,-1,1,MY9211,0,1,30
C653/2,C692,16:01:34,5,-1,1,MY9487,0,1,101
T339/2,T408/1,16:01:45,5,-1,-1,MX7866,0,1,153
T373/2,T375,16:01:55,5,-1,1,MY9211,0,1,40
M140/1,M137/2,16:01:55,5,-1,1,MY9282,0,1,60
M201,M121,16:02:25,5,-1,3,MX7769,0,1,70
T375,T380,16:02:55,5,-1,1,MY9211,0,1,30
T322,T342,16:02:55,5,-1,-1,MY9362,0,1,101
C692,C689/1,16:03:16,5,-1,1,MY9487,0,1,50
T408/1,T343,16:03:26,5,-1,-1,MX7866,0,1,70
M137/2,M132/1,16:03:26,5,-1,1,MY9282,0,1,70
M109,M112,16:03:46,5,-1,1,AA7450,0,1,182
T380,T379,16:03:56,5,-1,1,MY9211,0,1,20
T342,T409,16:04:36,5,-1,1,MY9362,0,1,70
T379,T359,16:04:57,5,-1,1,MY9211,0,1,10
C691,C655,16:04:57,5,-1,1,MY7560,1,1,222
M112,M127,16:05:47,5,-1,1,AA7450,0,1,50
T343,T316,16:05:47,5,-1,1,MX7866,0,1,91
M182/1,T431,16:06:08,5,-1,1,MY9491,0,1,262
T359,T355/1,16:06:08,5,-1,1,MY9211,0,1,60
C689/1,T355/2,16:06:08,5,-1,1,MY9487,0,1,121
C655,C657,16:06:28,5,-1,1,MY7560,0,1,60
M132/1,M200,16:06:38,5,-1,3,MY9282,0,1,101
T409,T368,16:06:48,5,-1,1,MY9362,0,1,111
C657,C686,16:07:08,5,-1,1,MY7560,0,1,30
M127,M125,16:07:28,5,-1,1,AA7450,0,1,70
T431,T335,16:07:49,5,-1,1,MY9491,0,1,80
M121,M119,16:07:49,5,-1,3,MX7769,0,1,313
T368,T324/2,16:07:59,5,-1,1,MY9362,0,1,40
M200,M201,16:07:59,5,-1,-1,MY9282,0,1,20
T316,T345/5,16:08:09,5,-1,1,MX7866,0,1,131
T335,T338,16:08:29,5,-1,1,MY9491,0,1,10
T355/2,T360,16:08:39,5,-1,1,MY9487,0,1,111
T360,T376/1,16:09:37,5,-1,1,MY9487,0,1,32
T345/5,T344,16:09:48,5,-1,1,MX7866,0,1,58
T338,T326/3,16:09:58,5,-1,-1,MY9491,0,1,78
C686,C656,16:10:08,5,-1,1,MY7560,0,1,30
T355/1,C688/1,16:10:18,5,-1,1,MY9211,0,1,240
M201,M121,16:10:18,5,-1,3,MY9282,0,1,73
T324/2,T327,16:10:59,5,-1,1,MY9362,0,1,60
C656,C654/3,16:11:09,5,-1,1,MY7560,0,1,50
M125,M136/2,16:11:19,5,-1,2,AA7450,0,1,149
T326/3,T332/2,16:11:19,5,-1,1,MY9491,0,1,60
T344,T356/1,16:11:19,5,-1,1,MX7866,0,1,81
T376/1,T363/1,16:11:19,5,-1,1,MY9487,0,1,50
M136/2,M139/2,16:12:20,5,-1,2,AA7450,0,1,30
C688/1,C691,16:12:20,5,-1,1,MY9211,0,1,30
T327,T326/2,16:12:33,5,-1,1,MY9362,0,1,33
T363/1,T374,16:12:43,5,-1,1,MY9487,0,1,33
T332/2,T325/2,16:12:53,5,-1,1,MY9491,0,1,73
T356/1,T358,16:12:53,5,-1,1,MX7866,0,1,83
T374,T406,16:13:23,5,-1,1,MY9487,0,1,30
T358,T373/2,16:13:35,5,-1,1,MX7866,0,1,31
C654/3,C653/2,16:13:35,5,-1,1,MY7560,0,1,85
T326/2,T337,16:13:55,5,-1,1,MY9362,0,1,71
M22,M10,16:14:15,5,0,1,AC3955,0,1,71
T325/2,T339/2,16:14:15,5,-1,1,MY9491,0,1,20
M139/2,M184,16:14:55,5,-1,2,AA7450,0,1,60
T337,T334,16:14:55,5,-1,1,MY9362,0,1,30
T373/2,T375,16:15:06,5,-1,1,MX7866,0,1,50
C691,C652,16:15:16,5,-1,1,MY9211,0,1,112
M119,M113,16:15:26,5,-1,-1,MX7769,0,1,361
C653/2,C692,16:16:06,5,-1,1,MY7560,0,1,141
M184,M188,16:16:26,5,-1,1,AA7450,0,1,20
C652,C655,16:16:26,5,-1,1,MY9211,0,1,30
T339/2,T408/1,16:16:37,5,-1,-1,MY9491,0,1,91
M113,M94,16:16:47,5,-1,-1,MX7769,0,1,30
M10,M16/1,16:16:57,5,0,2,AC3955,0,1,80
T334,T430,16:16:57,5,-1,1,MY9362,0,1,60
T375,T380,16:17:07,5,-1,1,MX7866,0,1,91
C692,C689/1,16:17:07,5,-1,1,MY7560,0,1,50
C655,C657,16:17:27,5,-1,1,MY9211,0,1,40
M188,M203/2,16:17:37,5,-1,1,AA7450,0,1,20
T380,T379,16:17:58,5,-1,1,MX7866,0,1,10
C657,C686,16:17:58,5,-1,1,MY9211,0,1,10
T379,T359,16:18:28,5,-1,1,MX7866,0,1,20
T408/1,T343,16:18:59,5,-1,-1,MY9491,0,1,132
T359,T355/1,16:19:40,5,-1,1,MX7866,0,1,60
M203/2,M277,16:20:15,5,-1,-1,AA7450,0,1,107
T406,T345/1,16:20:15,5,-1,-1,MY9487,0,1,329
C689/1,T355/2,16:20:45,5,-1,1,MY7560,0,1,167
C686,C656,16:20:56,5,-1,1,MY9211,0,1,136
M94,M95/3,16:20:56,5,-1,-1,MX7769,0,1,157
T343,T316,16:21:16,5,-1,1,MY9491,0,1,85
C656,C654/3,16:22:17,5,-1,1,MY9211,0,1,50
T430,M177,16:22:27,5,-1,1,MY9362,0,1,309
T355/2,T360,16:23:07,5,-1,1,MY7560,0,1,101
T345/1,T322,16:23:07,5,-1,-1,MY9487,0,1,111
M277,M182/1,16:23:17,5,-1,1,AA7450,0,1,172
T355/1,C688/1,16:23:38,5,-1,1,MX7866,0,1,217
M16/1,M109,16:23:48,5,0,1,AC3955,0,1,212
T316,T345/5,16:24:08,5,-1,1,MY9491,0,1,141
T322,T342,16:25:08,5,-1,-1,MY9487,0,1,90
T360,T376/1,16:25:49,5,-1,1,MY7560,0,1,131
C688/1,C691,16:26:09,5,-1,1,MX7866,0,1,101
T345/5,T356/1,16:26:19,5,-1,1,MY9491,1,1,81
T342,T409,16:26:19,5,-1,1,MY9487,0,1,40
C654/3,C653/2,16:26:30,5,-1,1,MY9211,0,1,81
M177,M198,16:27:20,5,-1,2,MY9362,0,1,182
M109,M112,16:27:32,5,0,2,AC3955,0,1,143
C691,C652,16:27:42,5,-1,1,MX7866,0,1,82
C653/2,C692,16:27:52,5,-1,1,MY9211,0,1,72
T376/1,T363/1,16:28:02,5,-1,1,MY7560,0,1,61
T409,T368,16:28:02,5,-1,1,MY9487,0,1,92
M182/1,T431,16:28:33,5,-1,1,AA7450,0,1,255
T356/1,T358,16:28:44,5,-1,1,MY9491,0,1,83
C692,C689/1,16:28:44,5,-1,1,MY9211,0,1,41
C652,C655,16:29:04,5,-1,1,MX7866,0,1,71
M112,M127,16:29:34,5,0,1,AC3955,0,1,30
T363/1,T374,16:29:34,5,-1,1,MY7560,0,1,30
T368,T324/2,16:29:34,5,-1,1,MY9487,0,1,30
T431,T335,16:29:54,5,-1,1,AA7450,0,1,60
T358,T373/2,16:29:54,5,-1,1,MY9491,0,1,30
M198,M183/2,16:29:54,5,-1,2,MY9362,0,1,142
C655,C657,16:30:05,5,-1,1,MX7866,0,1,40
M95/3,M22,16:30:25,5,-1,1,MY9154,0,1,142
T374,T406,16:30:35,5,-1,1,MY7560,0,1,30
T335,T338,16:30:55,5,-1,1,AA7450,0,1,10
C657,C686,16:30:55,5,-1,1,MX7866,0,1,40
T373/2,T375,16:31:05,5,-1,1,MY9491,0,1,40
C689/1,T355/2,16:31:25,5,-1,1,MY9211,0,1,131
M127,M125,16:31:36,5,0,1,AC3955,0,1,70
M183/2,M140/1,16:31:36,5,-1,1,MY9362,0,1,40
T375,T380,16:32:06,5,-1,1,MY9491,0,1,30
T338,T326/3,16:32:46,5,-1,-1,AA7450,0,1,91
M140/1,M137/2,16:32:57,5,-1,1,MY9362,0,1,30
T324/2,T327,16:33:17,5,-1,1,MY9487,0,1,70
M22,M10,16:33:27,5,-1,1,MY9154,0,1,121
C686,C656,16:33:37,5,-1,1,MX7866,0,1,91
T355/2,T360,16:33:37,5,-1,1,MY9211,0,1,101
T379,T359,16:33:57,5,-1,1,MY9491,0,1,50
M125,M136/2,16:34:07,5,1,1,AC3955,0,1,80
T326/3,T332/2,16:34:07,5,-1,1,AA7450,0,1,70
T327,T326/2,16:34:18,5,-1,1,MY9487,0,1,40
M137/2,M132/1,16:34:38,5,-1,1,MY9362,0,1,60
T359,T355/1,16:35:08,5,-1,1,MY9491,0,1,60
M10,M16/1,16:35:38,5,-1,2,MY9154,0,1,80
T326/2,T337,16:35:38,5,-1,1,MY9487,0,1,70
T332/2,T325/2,16:35:59,5,-1,1,AA7450,0,1,80
T337,T334,16:36:09,5,-1,1,MY9487,0,1,20
M136/2,M139/2,16:36:19,5,1,2,AC3955,0,1,60
T360,T376/1,16:36:29,5,-1,1,MY9211,0,1,111
T406,T345/1,16:36:59,5,-1,-1,MY7560,0,1,364
T325/2,T339/2,16:37:32,5,-1,2,AA7450,0,1,42
T334,T430,16:37:32,5,-1,1,MY9487,0,1,62
T376/1,T363/1,16:38:45,5,-1,1,MY9211,0,1,125
M132/1,M200,16:38:45,5,-1,3,MY9362,0,1,125
M139/2,M184,16:39:15,5,1,2,AC3955,0,1,52
C656,C653/2,16:39:15,5,-1,1,MX7866,1,1,327
T339/2,T408/1,16:39:25,5,-1,-1,AA7450,0,1,82
T355/1,C688/1,16:39:35,5,-1,1,MY9491,0,1,236
T345/1,T322,16:39:35,5,-1,-1,MY7560,0,1,103
T363/1,T374,16:40:16,5,-1,1,MY9211,0,1,50
M200,M201,16:40:16,5,-1,-1,MY9362,0,1,40
C688/1,C691,16:40:47,5,-1,1,MY9491,0,1,31
T374,T406,16:40:57,5,-1,1,MY9211,0,1,31
M184,M188,16:41:07,5,2,1,AC3955,0,1,10
C653/2,C692,16:41:18,5,-1,1,MX7866,0,1,112
T408/1,T343,16:41:38,5,-1,-1,AA7450,0,1,92
T322,T342,16:41:48,5,-1,-1,MY7560,0,1,122
M201,M121,16:41:48,5,-1,3,MY9362,0,1,70
C691,C652,16:42:18,5,-1,1,MY9491,0,1,60
C692,C689/1,16:42:18,5,-1,1,MX7866,0,1,20
M16/1,M109,16:42:28,5,-1,1,MY9154,0,1,246
T430,M177,16:42:49,5,-1,1,MY9487,0,1,306
M188,M203/2,16:43:19,5,2,1,AC3955,0,1,60
T342,T409,16:43:19,5,-1,1,MY7560,0,1,50
T343,T316,16:43:39,5,-1,1,AA7450,0,1,80
C652,C655,16:43:39,5,-1,1,MY9491,0,1,30
T409,T368,16:45:03,5,-1,1,MY7560,0,1,63
C655,C657,16:45:13,5,-1,1,MY9491,0,1,53
T316,T345/5,16:45:33,5,-1,1,AA7450,0,1,103
C689/1,T355/2,16:45:33,5,-1,1,MX7866,0,1,154
M203/2,M277,16:45:53,5,2,-1,AC3955,0,1,80
M109,M112,16:46:04,5,-1,1,MY9154,0,1,154
T368,T324/2,16:46:04,5,-1,1,MY7560,0,1,30
C657,C686,16:46:24,5,-1,1,MY9491,0,1,30
T345/5,T344,16:47:04,5,-1,1,AA7450,0,1,70
T344,T356/1,16:47:45,5,-1,1,AA7450,0,1,30
T355/2,T360,16:48:05,5,-1,1,MX7866,0,1,111
T406,T345/1,16:48:05,5,-1,-1,MY9211,0,1,316
M112,M127,16:48:35,5,-1,1,MY9154,0,1,40
M177,M198,16:48:35,5,-1,3,MY9487,0,1,192
M277,M182/1,16:48:56,5,2,1,AC3955,0,1,171
T324/2,T327,16:49:06,5,-1,1,MY7560,0,1,80
M121,M119,16:49:16,5,-1,3,MY9362,0,1,367
C686,C656,16:49:36,5,-1,1,MY9491,0,1,40
M127,M125,16:49:56,5,-1,1,MY9154,0,1,50
T360,T376/1,16:50:06,5,-1,1,MX7866,0,1,80
T327,T326/2,16:50:06,5,-1,1,MY7560,0,1,30
M198,M183/2,16:50:06,5,-1,2,MY9487,0,1,70
C656,C654/3,16:50:37,5,-1,1,MY9491,0,1,50
T356/1,T358,16:50:47,5,-1,1,AA7450,0,1,131
T345/1,T322,16:50:47,5,-1,-1,MY9211,0,1,151
T326/2,T337,16:51:28,5,-1,1,MY7560,0,1,60
M183/2,M140/1,16:51:38,5,-1,1,MY9487,0,1,20
M95/3,M22,16:51:48,5,-1,1,MX7769,0,1,202
T358,T373/2,16:51:48,5,-1,1,AA7450,0,1,30
M125,M136/2,16:51:58,5,-1,2,MY9154,0,1,30
T337,T334,16:51:58,5,-1,1,MY7560,0,1,20
T376/1,T363/1,16:52:08,5,-1,1,MX7866,0,1,111
T322,T342,16:52:49,5,-1,-1,MY9211,0,1,111
T363/1,T374,16:53:29,5,-1,1,MX7866,0,1,50
T334,T430,16:53:39,5,-1,1,MY7560,0,1,60
M119,M113,16:53:39,5,-1,-1,MY9362,0,1,202
M136/2,M139/2,16:53:49,5,-1,2,MY9154,0,1,70
M140/1,M137/2,16:54:00,5,-1,1,MY9487,0,1,80
T373/2,T375,16:54:20,5,-1,1,AA7450,0,1,70
T374,T406,16:54:20,5,-1,1,MX7866,0,1,40
M182/1,T431,16:54:35,5,2,1,AC3955,0,1,238
M22,M10,16:54:45,5,-1,1,MX7769,0,1,116
M137/2,M132/1,16:55:35,5,-1,2,MY9487,0,1,50
T431,T335,16:55:56,5,2,1,AC3955,0,1,70
M139/2,M184,16:56:16,5,-1,2,MY9154,0,1,90
C654/3,C653/2,16:56:16,5,-1,1,MY9491,0,1,116
T375,T380,16:56:26,5,-1,1,AA7450,0,1,70
T335,T338,16:56:46,5,2,1,AC3955,0,1,10
T380,T379,16:56:46,5,-1,1,AA7450,0,1,10
T342,T368,16:56:56,5,-1,1,MY9211,1,1,207
T379,T359,16:57:17,5,-1,1,AA7450,0,1,20
M113,M94,16:57:27,5,-1,-1,MY9362,0,1,40
M184,M188,16:57:57,5,-1,1,MY9154,0,1,10
T368,T324/2,16:58:07,5,-1,1,MY9211,0,1,50
M132/1,M200,16:58:17,5,-1,3,MY9487,0,1,91
M10,M16/1,16:58:27,5,-1,3,MX7769,0,1,171
T338,T326/3,16:58:27,5,2,-1,AC3955,0,1,70
C653/2,C692,16:58:27,5,-1,1,MY9491,0,1,121
T359,T355/1,16:59:08,5,-1,1,AA7450,0,1,80
T326/3,T332/2,16:59:28,5,2,1,AC3955,0,1,50
T406,T345/1,16:59:28,5,-1,-1,MX7866,0,1,262
T430,M177,16:59:28,5,-1,1,MY7560,0,1,308
M188,M203/2,16:59:58,5,-1,1,MY9154,0,1,91
C692,C689/1,16:59:58,5,-1,1,MY9491,0,1,40
T324/2,T327,17:00:29,5,-1,-1,MY9211,0,1,80
M200,M201,17:00:29,5,-1,-1,MY9487,0,1,40
M94,M95/3,17:00:59,5,-1,-1,MY9362,0,1,131
T327,T326/2,17:01:19,5,-1,-1,MY9211,0,1,30
M203/2,M277,17:01:30,5,-1,-1,MY9154,0,1,50
T332/2,T325/2,17:01:40,5,2,-1,AC3955,0,1,70
T345/1,T322,17:02:00,5,-1,-1,MX7866,0,1,131
M201,M121,17:02:00,5,-1,-1,MY9487,0,1,50
M16/1,M109,17:02:10,5,-1,-1,MX7769,0,1,20
T326/2,T337,17:02:30,5,-1,-1,MY9211,0,1,50
T325/2,T339/2,17:02:50,5,1,-1,AC3955,0,1,30
T355/1,C688/1,17:03:11,5,-1,-1,AA7450,0,1,222
C689/1,T355/2,17:03:11,5,-1,-1,MY9491,0,1,161
T337,T334,17:03:34,5,-1,-1,MY9211,0,1,33
M177,M198,17:03:54,5,-1,-1,MY7560,0,1,134
M277,M182/1,17:04:14,5,-1,-1,MY9154,0,1,154
T322,T342,17:04:35,5,-1,-1,MX7866,0,1,124
C688/1,C691,17:05:15,5,-1,1,AA7450,0,1,70
T339/2,T408/1,17:05:25,5,2,-1,AC3955,0,1,101
T334,T430,17:05:25,5,-1,1,MY9211,0,1,60
T355/2,T360,17:05:46,5,-1,1,MY9491,0,1,121
T342,T409,17:05:56,5,-1,1,MX7866,0,1,40
M198,M183/2,17:06:06,5,-1,2,MY7560,0,1,121
M109,M112,17:06:26,5,-1,1,MX7769,0,1,141
M121,M119,17:06:56,5,-1,3,MY9487,0,1,235
C691,C652,17:07:17,5,-1,1,AA7450,0,1,111
T409,T368,17:07:27,5,-1,1,MX7866,0,1,60
T360,T376/1,17:07:57,5,-1,1,MY9491,0,1,101
M183/2,M140/1,17:07:57,5,-1,1,MY7560,0,1,10
T408/1,T343,17:08:17,5,2,-1,AC3955,0,1,101
C652,C655,17:08:17,5,-1,1,AA7450,0,1,30
T368,T324/2,17:08:27,5,-1,1,MX7866,0,1,50
T376/1,T363/1,17:09:28,5,-1,1,MY9491,0,1,60
C655,C657,17:09:38,5,-1,1,AA7450,0,1,50
T324/2,T327,17:09:59,5,-1,1,MX7866,0,1,50
C657,C686,17:10:09,5,-1,1,AA7450,0,1,20
T343,T316,17:10:19,5,2,1,AC3955,0,1,101
M182/1,T431,17:10:39,5,-1,1,MY9154,0,1,293
M140/1,M137/2,17:10:49,5,-1,1,MY7560,0,1,101
M112,M125,17:11:00,5,-1,1,MX7769,1,1,263
T363/1,T374,17:11:10,5,-1,1,MY9491,0,1,20
T327,T326/2,17:11:10,5,-1,1,MX7866,0,1,40
T430,M177,17:11:10,5,-1,1,MY9211,0,1,303
T374,T406,17:12:12,5,-1,1,MY9491,0,1,30
C686,C656,17:12:22,5,-1,1,AA7450,0,1,82
T316,T345/5,17:12:32,5,2,1,AC3955,0,1,122
T326/2,T337,17:12:32,5,-1,1,MX7866,0,1,50
T431,T335,17:12:42,5,-1,1,MY9154,0,1,92
T337,T334,17:13:13,5,-1,1,MX7866,0,1,30
M22,M10,17:13:23,5,-1,2,MY9282,0,1,153
C656,C654/3,17:13:23,5,-1,1,AA7450,0,1,50
T335,T338,17:13:34,5,-1,1,MY9154,0,1,11
T345/5,T344,17:14:14,5,2,1,AC3955,0,1,51
T334,T430,17:14:45,5,-1,1,MX7866,0,1,50
M137/2,M132/1,17:14:45,5,-1,1,MY7560,0,1,204
T338,T326/3,17:15:05,5,-1,-1,MY9154,0,1,60
T344,T356/1,17:15:05,5,2,1,AC3955,0,1,30
M119,M113,17:15:15,5,-1,-1,MY9487,0,1,356
M10,M16/1,17:15:55,5,-1,1,MY9282,0,1,101
M177,M198,17:16:16,5,-1,2,MY9211,0,1,193
T326/3,T332/2,17:16:26,5,-1,1,MY9154,0,1,50
T356/1,T358,17:17:16,5,2,1,AC3955,0,1,80
M16/1,M109,17:17:26,5,-1,1,MY9282,0,1,40
T406,T345/1,17:17:26,5,-1,-1,MY9491,0,1,263
M113,M94,17:17:47,5,-1,-1,MY9487,0,1,30
M125,M139/2,17:18:07,5,-1,1,MX7769,1,1,232
T358,T373/2,17:18:17,5,2,1,AC3955,0,1,30
M198,M183/2,17:18:27,5,-1,1,MY9211,0,1,121
T373/2,T375,17:19:08,5,2,1,AC3955,0,1,30
M183/2,M140/1,17:19:08,5,-1,1,MY9211,0,1,10
M139/2,M184,17:19:18,5,-1,2,MX7769,0,1,40
T332/2,T325/2,17:19:18,5,-1,1,MY9154,0,1,131
C654/3,C653/2,17:19:38,5,-1,1,AA7450,0,1,152
M132/1,M200,17:19:38,5,-1,3,MY7560,0,1,111
T345/1,T322,17:19:48,5,-1,-1,MY9491,0,1,101
T430,M177,17:19:58,5,-1,1,MX7866,0,1,303
T375,T380,17:20:23,5,1,1,AC3955,0,1,34
M184,M188,17:20:33,5,-1,1,MX7769,0,1,44
M140/1,M137/2,17:20:33,5,-1,1,MY9211,0,1,44
M200,M201,17:20:33,5,-1,-1,MY7560,0,1,10
C653/2,C692,17:20:43,5,-1,1,AA7450,0,1,54
T325/2,T339/2,17:20:53,5,-1,1,MY9154,0,1,30
M94,M95/3,17:21:03,5,-1,-1,MY9487,0,1,165
M109,M112,17:21:23,5,-1,1,MY9282,0,1,176
T380,T379,17:21:23,5,1,1,AC3955,0,1,20
C692,C689/1,17:21:44,5,-1,1,AA7450,0,1,20
M188,M203/2,17:21:54,5,-1,1,MX7769,0,1,70
M201,M121,17:22:04,5,-1,3,MY7560,0,1,40
T379,T359,17:22:14,5,1,1,AC3955,0,1,20
T322,T342,17:22:24,5,-1,-1,MY9491,0,1,101
M112,M127,17:23:05,5,-1,2,MY9282,0,1,91
T339/2,T408/1,17:23:05,5,-1,-1,MY9154,0,1,91
M137/2,M132/1,17:23:05,5,-1,1,MY9211,0,1,80
M203/2,M277,17:23:25,5,-1,-1,MX7769,0,1,70
T359,T355/1,17:23:36,5,1,1,AC3955,0,1,62
T342,T409,17:24:17,5,-1,1,MY9491,0,1,72
C689/1,T355/2,17:25:07,5,-1,1,AA7450,0,1,163
T408/1,T343,17:25:48,5,-1,-1,MY9154,0,1,121
T409,T368,17:25:58,5,-1,1,MY9491,0,1,70
M177,M198,17:26:18,5,-1,2,MX7866,0,1,223
M121,M119,17:26:18,5,-1,3,MY7560,0,1,203
M132/1,M200,17:26:28,5,-1,3,MY9211,0,1,70
M277,M182/1,17:26:59,5,-1,1,MX7769,0,1,202
T368,T324/2,17:27:09,5,-1,1,MY9491,0,1,50
M200,M201,17:27:49,5,-1,-1,MY9211,0,1,40
T343,T316,17:27:59,5,-1,1,MY9154,0,1,101
T355/2,T360,17:27:59,5,-1,1,AA7450,0,1,131
M127,M125,17:28:40,5,-1,1,MY9282,0,1,324
T360,T376/1,17:29:10,5,-1,1,AA7450,0,1,40
M198,M183/2,17:29:10,5,-1,2,MX7866,0,1,161
T355/1,C688/1,17:29:20,5,1,1,AC3955,0,1,323
T324/2,T327,17:29:20,5,-1,1,MY9491,0,1,60
T316,T345/5,17:29:43,5,-1,1,MY9154,0,1,93
M201,M121,17:30:33,5,-1,3,MY9211,0,1,123
C688/1,C691,17:30:53,5,1,1,AC3955,0,1,60
T327,T326/2,17:30:53,5,-1,1,MY9491,0,1,20
M125,M136/2,17:31:04,5,-1,2,MY9282,0,1,90
T376/1,T363/1,17:31:14,5,-1,1,AA7450,0,1,113
M183/2,M140/1,17:31:34,5,-1,2,MX7866,0,1,60
T345/5,T344,17:31:44,5,-1,1,MY9154,0,1,91
T326/2,T337,17:32:15,5,-1,1,MY9491,0,1,71
T344,T356/1,17:32:45,5,-1,1,MY9154,0,1,40
C691,C652,17:32:45,5,1,1,AC3955,0,1,81
M119,M113,17:32:45,5,-1,-1,MY7560,0,1,192
T337,T334,17:32:55,5,-1,1,MY9491,0,1,20
M136/2,M139/2,17:33:05,5,-1,2,MY9282,0,1,20
M182/1,T431,17:33:05,5,-1,1,MX7769,0,1,296
T363/1,T374,17:33:26,5,-1,1,AA7450,0,1,80
M140/1,M137/2,17:33:26,5,-1,1,MX7866,0,1,50
C652,C655,17:33:47,5,1,1,AC3955,0,1,21
T374,T406,17:34:18,5,-1,1,AA7450,0,1,30
M95/3,M22,17:34:53,5,-1,1,MY9362,0,1,270
T334,T430,17:34:53,5,-1,1,MY9491,0,1,87
C655,C657,17:35:03,5,1,1,AC3955,0,1,45
T431,T335,17:35:14,5,-1,1,MX7769,0,1,86
T356/1,T358,17:35:14,5,-1,1,MY9154,0,1,86
M139/2,M184,17:35:34,5,-1,2,MY9282,0,1,40
C657,C686,17:35:44,5,1,1,AC3955,0,1,20
T335,T338,17:36:04,5,-1,1,MX7769,0,1,40
T358,T373/2,17:36:35,5,-1,1,MY9154,0,1,30
M137/2,M132/1,17:36:35,5,-1,2,MX7866,0,1,101
M184,M188,17:37:15,5,-1,1,MY9282,0,1,91
M121,M119,17:37:15,5,-1,3,MY9211,0,1,310
M22,M10,17:37:25,5,-1,1,MY9362,0,1,121
T338,T326/3,17:37:46,5,-1,-1,MX7769,0,1,70
M188,M203/2,17:38:06,5,-1,1,MY9282,0,1,40
T373/2,T375,17:38:06,5,-1,1,MY9154,0,1,40
M203/2,M277,17:38:46,5,-1,-1,MY9282,0,1,30
C686,C656,17:39:06,5,2,1,AC3955,0,1,161
M132/1,M200,17:39:17,5,-1,2,MX7866,0,1,70
M113,M95/3,17:39:17,5,-1,-1,MY7560,1,1,232
T375,T380,17:39:57,5,-1,1,MY9154,0,1,60
M200,M201,17:40:27,5,-1,-1,MX7866,0,1,20
M10,M16/1,17:40:38,5,-1,2,MY9362,0,1,111
T380,T379,17:40:38,5,-1,1,MY9154,0,1,10
C656,C654/3,17:40:48,5,2,1,AC3955,0,1,50
T406,T345/1,17:40:58,5,-1,-1,AA7450,0,1,364
T379,T359,17:41:18,5,-1,1,MY9154,0,1,30
T430,M177,17:41:48,5,-1,2,MY9491,0,1,404
M201,M121,17:42:19,5,-1,3,MX7866,0,1,60
T359,T355/1,17:42:39,5,-1,1,MY9154,0,1,60
T326/3,T325/2,17:42:59,5,-1,1,MX7769,1,1,303
T325/2,T339/2,17:43:30,5,-1,1,MX7769,0,1,10
M119,M113,17:44:41,5,-1,-1,MY9211,0,1,303
C654/3,C653/2,17:45:01,5,2,1,AC3955,0,1,111
T345/1,T322,17:45:01,5,-1,-1,AA7450,0,1,222
M277,M182/1,17:45:11,5,-1,1,MY9282,0,1,374
M16/1,M109,17:46:01,5,-1,1,MY9362,0,1,151
C653/2,C692,17:46:54,5,2,2,AC3955,0,1,102
M177,M198,17:46:54,5,-1,2,MY9491,0,1,163
M113,M94,17:46:54,5,-1,-1,MY9211,0,1,32
T355/1,C688/1,17:47:04,5,-1,1,MY9154,0,1,234
T322,T342,17:47:04,5,-1,-1,AA7450,0,1,92
T339/2,T408/1,17:47:24,5,-1,-1,MX7769,0,1,184
M198,M183/2,17:48:25,5,-1,2,MY9491,0,1,80
T408/1,T343,17:48:36,5,-1,-1,MX7769,0,1,61
C688/1,C691,17:48:36,5,-1,1,MY9154,0,1,41
C692,C689/1,17:48:36,5,2,1,AC3955,0,1,51
T342,T409,17:48:56,5,-1,1,AA7450,0,1,51
M121,M119,17:49:26,5,-1,3,MX7866,0,1,316
M183/2,M140/1,17:50:17,5,-1,2,MY9491,0,1,50
M109,M112,17:50:27,5,-1,1,MY9362,0,1,172
T343,T316,17:50:47,5,-1,1,MX7769,0,1,91
C691,C652,17:50:57,5,-1,1,MY9154,0,1,101
M182/1,T431,17:51:18,5,-1,1,MY9282,0,1,263
T409,T324/2,17:51:28,5,-1,1,AA7450,1,1,131
M140/1,M137/2,17:51:58,5,-1,1,MY9491,0,1,50
C652,C655,17:52:08,5,-1,1,MY9154,0,1,40
C689/1,T355/2,17:52:08,5,3,1,AC3955,0,1,151
T324/2,T327,17:52:49,5,-1,1,AA7450,0,1,60
M94,M95/3,17:53:09,5,-1,-1,MY9211,0,1,273
T431,T335,17:53:19,5,-1,1,MY9282,0,1,101
C655,C657,17:53:29,5,-1,1,MY9154,0,1,50
T327,T326/2,17:53:29,5,-1,1,AA7450,0,1,20
M112,M127,17:53:39,5,-1,2,MY9362,0,1,60
M22,M10,17:53:49,5,-1,1,MY9487,0,1,141
T335,T338,17:53:59,5,-1,1,MY9282,0,1,20
C657,C686,17:54:33,5,-1,1,MY9154,0,1,33
T326/2,T337,17:54:43,5,-1,1,AA7450,0,1,64
T338,T326/3,17:54:54,5,-1,-1,MY9282,0,1,44
M137/2,M132/1,17:54:54,5,-1,2,MY9491,0,1,145
M119,M113,17:54:54,5,-1,-1,MX7866,0,1,246
T316,T344,17:55:04,5,-1,1,MX7769,1,1,236
T355/2,T360,17:55:14,5,3,1,AC3955,0,1,135
T337,T334,17:55:24,5,-1,1,AA7450,0,1,30
M127,M125,17:55:44,5,-1,1,MY9362,0,1,84
C686,C656,17:56:25,5,-1,1,MY9154,0,1,80
T334,T430,17:56:35,5,-1,1,AA7450,0,1,60
T360,T376/1,17:56:55,5,3,1,AC3955,0,1,70
T344,T358,17:57:15,5,-1,1,MX7769,1,1,121
M10,M16/1,17:57:36,5,-1,3,MY9487,0,1,141
T326/3,T325/2,17:57:46,5,-1,1,MY9282,1,1,161
C656,C654/3,17:57:46,5,-1,1,MY9154,0,1,60
M113,M94,17:58:16,5,-1,-1,MX7866,0,1,151
T358,T373/2,17:58:26,5,-1,1,MX7769,0,1,40
T325/2,T339/2,17:59:07,5,-1,1,MY9282,0,1,40
T376/1,T363/1,17:59:17,5,3,1,AC3955,0,1,131
T373/2,T375,17:59:57,5,-1,1,MX7769,0,1,40
M16/1,M109,18:00:07,5,-1,1,MY9487,0,1,20
M125,M136/2,18:00:07,5,-1,1,MY9362,0,1,90
M132/1,M200,18:00:07,5,-1,3,MY9491,0,1,60
T339/2,T408/1,18:01:08,5,-1,-1,MY9282,0,1,70
T363/1,T374,18:01:08,5,3,1,AC3955,0,1,50
T375,T380,18:01:38,5,-1,1,MX7769,0,1,80
M94,M95/3,18:01:38,5,-1,-1,MX7866,0,1,161
M109,M112,18:01:58,5,-1,2,MY9487,0,1,60
T430,M177,18:01:58,5,-1,1,AA7450,0,1,283
M200,M201,18:01:58,5,-1,-1,MY9491,0,1,20
T374,T406,18:02:09,5,3,1,AC3955,0,1,30
T380,T379,18:02:39,5,-1,1,MX7769,0,1,20
M136/2,M139/2,18:02:59,5,-1,1,MY9362,0,1,60
T379,T359,18:03:29,5,-1,1,MX7769,0,1,30
C654/3,C653/2,18:03:29,5,-1,1,MY9154,0,1,141
T408/1,T343,18:04:10,5,-1,-1,MY9282,0,1,121
M112,M127,18:04:40,5,-1,2,MY9487,0,1,151
T359,T355/1,18:05:01,5,-1,1,MX7769,0,1,60
M201,M121,18:05:33,5,-1,3,MY9491,0,1,93
M127,M125,18:06:04,5,-1,1,MY9487,0,1,73
T343,T316,18:06:04,5,-1,1,MY9282,0,1,83
C653/2,C692,18:06:04,5,-1,1,MY9154,0,1,133
M125,M136/2,18:06:34,5,-1,1,MY9487,0,1,10
C692,C689/1,18:07:36,5,-1,1,MY9154,0,1,31
M177,M198,18:07:46,5,-1,2,AA7450,0,1,297
M139/2,M184,18:07:57,5,-1,2,MY9362,0,1,32
T406,T345/1,18:08:37,5,3,-1,AC3955,0,1,337
M136/2,M139/2,18:08:47,5,-1,2,MY9487,0,1,82
T355/1,C688/1,18:09:07,5,-1,1,MX7769,0,1,214
M95/3,M22,18:09:28,5,-1,1,MY7560,0,1,91
M184,M188,18:09:38,5,-1,1,MY9362,0,1,10
C688/1,C691,18:10:18,5,-1,1,MX7769,0,1,30
M198,M183/2,18:10:59,5,-1,2,AA7450,0,1,181
M188,M203/2,18:11:09,5,-1,1,MY9362,0,1,10
T316,T356/1,18:11:09,5,-1,1,MY9282,2,1,294
M139/2,M184,18:11:29,5,-1,2,MY9487,0,1,50
T345/1,T322,18:11:59,5,3,-1,AC3955,0,1,151
C691,C652,18:12:09,5,-1,1,MX7769,0,1,91
C689/1,T355/2,18:12:19,5,-1,1,MY9154,0,1,171
M121,M119,18:13:00,5,-1,3,MY9491,0,1,396
M203/2,M277,18:13:10,5,-1,-1,MY9362,0,1,40
M22,M10,18:13:20,5,-1,1,MY7560,0,1,111
C652,C655,18:13:31,5,-1,1,MX7769,0,1,40
M183/2,M140/1,18:13:31,5,-1,1,AA7450,0,1,20
M184,M188,18:14:01,5,-1,1,MY9487,0,1,20
T356/1,T358,18:14:44,5,-1,1,MY9282,0,1,144
C655,C657,18:14:54,5,-1,1,MX7769,0,1,53
T322,T342,18:15:04,5,4,-1,AC3955,0,1,134
M188,M203/2,18:15:25,5,-1,1,MY9487,0,1,50
T358,T373/2,18:15:25,5,-1,1,MY9282,0,1,30
T355/2,T360,18:15:25,5,-1,1,MY9154,0,1,114
C657,C686,18:15:45,5,-1,1,MX7769,0,1,30
M140/1,M137/2,18:15:55,5,-1,1,AA7450,0,1,93
M10,M16/1,18:16:05,5,-1,1,MY7560,0,1,80
M277,M182/1,18:16:05,5,-1,1,MY9362,0,1,154
T360,T376/1,18:16:39,5,-1,1,MY9154,0,1,34
T342,T409,18:16:39,5,4,1,AC3955,0,1,44
M203/2,M277,18:16:49,5,-1,-1,MY9487,0,1,34
T373/2,T375,18:17:20,5,-1,1,MY9282,0,1,40
M16/1,M109,18:18:03,5,-1,1,MY7560,0,1,53
T409,T368,18:18:23,5,4,1,AC3955,0,1,63
T375,T380,18:18:44,5,-1,1,MY9282,0,1,51
C686,C656,18:18:44,5,-1,1,MX7769,0,1,124
M119,M113,18:18:44,5,-1,-1,MY9491,0,1,178
M277,M182/1,18:19:14,5,-1,1,MY9487,0,1,134
T380,T379,18:19:38,5,-1,1,MY9282,0,1,24
T376/1,T363/1,18:19:38,5,-1,1,MY9154,0,1,115
M137/2,M132/1,18:19:38,5,-1,2,AA7450,0,1,158
C656,C654/3,18:19:48,5,-1,1,MX7769,0,1,54
T368,T324/2,18:20:09,5,4,1,AC3955,0,1,30
M113,M94,18:20:59,5,-1,-1,MY9491,0,1,30
T379,T359,18:21:09,5,-1,1,MY9282,0,1,40
T363/1,T374,18:21:40,5,-1,1,MY9154,0,1,50
T374,T406,18:22:32,5,-1,1,MY9154,0,1,42
M182/1,T431,18:22:43,5,-1,1,MY9362,0,1,228
T359,T355/1,18:22:43,5,-1,1,MY9282,0,1,73
M182/1,T431,18:23:37,5,-1,1,MY9487,0,1,198
T324/2,T327,18:23:37,5,4,1,AC3955,0,1,64
M109,M127,18:23:47,5,-1,1,MY7560,1,1,248
M132/1,M200,18:24:07,5,-1,3,AA7450,0,1,167
M94,M95/3,18:24:18,5,-1,-1,MY9491,0,1,105
T431,T335,18:24:28,5,-1,1,MY9362,0,1,70
M200,M201,18:25:08,5,-1,-1,AA7450,0,1,30
M95/3,M22,18:25:18,5,-1,1,MY9211,0,1,155
T335,T338,18:25:18,5,-1,1,MY9362,0,1,10
T431,T335,18:25:28,5,-1,1,MY9487,0,1,80
T327,T326/2,18:25:28,5,5,1,AC3955,0,1,40
C654/3,C653/2,18:25:59,5,-1,1,MX7769,0,1,121
M127,M125,18:26:09,5,-1,1,MY7560,0,1,91
T338,T326/3,18:26:19,5,-1,-1,MY9362,0,1,50
T335,T338,18:26:39,5,-1,1,MY9487,0,1,20
M201,M121,18:26:39,5,-1,3,AA7450,0,1,40
T355/1,C688/1,18:26:59,5,-1,1,MY9282,0,1,222
T326/3,T332/2,18:27:20,5,-1,2,MY9362,0,1,40
T326/2,T337,18:27:32,5,5,1,AC3955,0,1,83
C653/2,C692,18:28:13,5,-1,1,MX7769,0,1,123
M22,M10,18:28:23,5,-1,1,MY9211,0,1,113
T338,T326/3,18:28:53,5,-1,-1,MY9487,0,1,123
C692,C689/1,18:29:03,5,-1,1,MX7769,0,1,30
T337,T334,18:29:13,5,5,1,AC3955,0,1,20
T332/2,T325/2,18:29:23,5,-1,1,MY9362,0,1,70
T406,T345/1,18:29:33,5,-1,-1,MY9154,0,1,386
M125,M136/2,18:29:44,5,-1,2,MY7560,0,1,40
T326/3,T332/2,18:29:54,5,-1,2,MY9487,0,1,50
M121,M119,18:30:14,5,-1,3,AA7450,0,1,162
T325/2,T339/2,18:30:24,5,-1,2,MY9362,0,1,10
T334,T430,18:30:24,5,5,1,AC3955,0,1,60
M10,M16/1,18:31:05,5,-1,2,MY9211,0,1,111
M136/2,M139/2,18:31:15,5,-1,2,MY7560,0,1,30
T332/2,T325/2,18:31:25,5,-1,1,MY9487,0,1,70
T325/2,T339/2,18:32:25,5,-1,2,MY9487,0,1,30
C689/1,T355/2,18:32:56,5,-1,1,MX7769,0,1,182
M16/1,M109,18:33:06,5,-1,2,MY9211,0,1,71
T339/2,T408/1,18:33:06,5,-1,-1,MY9362,0,1,121
T345/1,T322,18:33:17,5,-1,-1,MY9154,0,1,142
M139/2,M184,18:33:27,5,-1,2,MY7560,0,1,81
C688/1,C657,18:33:47,5,-1,1,MY9282,3,1,324
C657,C686,18:34:17,5,-1,1,MY9282,0,1,20
T339/2,T408/1,18:34:38,5,-1,-1,MY9487,0,1,101
M184,M188,18:34:58,5,-1,1,MY7560,0,1,10
T355/2,T360,18:35:28,5,-1,1,MX7769,0,1,101
T322,T342,18:35:38,5,-1,-1,MY9154,0,1,111
M188,M203/2,18:35:48,5,-1,1,MY7560,0,1,20
M109,M112,18:36:09,5,-1,1,MY9211,0,1,111
T430,M177,18:36:09,5,5,1,AC3955,0,1,324
T408/1,T343,18:36:29,5,-1,-1,MY9362,0,1,192
C686,C656,18:36:29,5,-1,1,MY9282,0,1,101
M119,M113,18:36:29,5,-1,-1,AA7450,0,1,293
M203/2,M277,18:37:09,5,-1,-1,MY7560,0,1,30
C656,C654/3,18:37:30,5,-1,1,MY9282,0,1,50
T360,T376/1,18:37:50,5,-1,1,MX7769,0,1,111
T342,T409,18:37:50,5,-1,1,MY9154,0,1,70
M113,M94,18:38:00,5,-1,-1,AA7450,0,1,30
M112,M127,18:38:32,5,-1,2,MY9211,0,1,82
T343,T316,18:38:52,5,-1,1,MY9362,0,1,112
T408/1,T343,18:39:02,5,-1,-1,MY9487,0,1,223
T409,T368,18:39:43,5,-1,1,MY9154,0,1,83
M94,M95/3,18:40:24,5,-1,-1,AA7450,0,1,112
M277,M182/1,18:40:34,5,-1,1,MY7560,0,1,194
T316,T345/5,18:40:34,5,-1,1,MY9362,0,1,81
M127,M125,18:40:54,5,-1,2,MY9211,0,1,80
T376/1,T363/1,18:41:04,5,-1,1,MX7769,0,1,184
T343,T316,18:41:14,5,-1,1,MY9487,0,1,112
C654/3,C692,18:41:14,5,-1,1,MY9282,1,1,214
T368,T324/2,18:41:45,5,-1,1,MY9154,0,1,50
C692,C689/1,18:42:25,5,-1,1,MY9282,0,1,40
T363/1,T374,18:43:07,5,-1,1,MX7769,0,1,92
M177,M198,18:43:27,5,5,2,AC3955,0,1,213
T316,T345/5,18:43:37,5,-1,1,MY9487,0,1,122
T345/5,T344,18:43:57,5,-1,1,MY9362,0,1,92
T374,T406,18:44:07,5,-1,1,MX7769,0,1,40
M125,M136/2,18:44:18,5,-1,2,MY9211,0,1,152
T324/2,T327,18:45:08,5,-1,1,MY9154,0,1,90
T345/5,T344,18:45:28,5,-1,1,MY9487,0,1,101
M198,M183/2,18:45:28,5,5,2,AC3955,0,1,111
C689/1,T355/2,18:45:49,5,-1,1,MY9282,0,1,192
M136/2,M139/2,18:45:59,5,-1,2,MY9211,0,1,50
T327,T326/2,18:45:59,5,-1,1,MY9154,0,1,30
M182/1,T431,18:46:09,5,-1,1,MY7560,0,1,212
M183/2,M140/1,18:46:49,5,5,2,AC3955,0,1,20
M95/3,M22,18:46:59,5,-1,2,MX7866,0,1,70
T326/2,T337,18:47:20,5,-1,1,MY9154,0,1,60
T431,T335,18:48:02,5,-1,1,MY7560,0,1,82
T337,T334,18:48:12,5,-1,1,MY9154,0,1,40
M139/2,M184,18:48:22,5,-1,2,MY9211,0,1,40
T355/2,T360,18:48:42,5,-1,1,MY9282,0,1,143
T344,T358,18:49:14,5,-1,1,MY9362,1,1,286
T406,T345/1,18:49:14,5,-1,-1,MX7769,0,1,265
T344,T358,18:49:24,5,-1,1,MY9487,1,1,215
T334,T430,18:49:24,5,-1,1,MY9154,0,1,61
M22,M10,18:49:34,5,-1,2,MX7866,0,1,92
T335,T326/3,18:49:34,5,-1,-1,MY7560,1,1,71
T360,T376/1,18:49:44,5,-1,1,MY9282,0,1,30
T358,T373/2,18:50:14,5,-1,1,MY9362,0,1,40
M184,M188,18:50:25,5,-1,1,MY9211,0,1,70
T358,T373/2,18:50:25,5,-1,1,MY9487,0,1,40
M140/1,M137/2,18:51:25,5,5,2,AC3955,0,1,245
T326/3,T332/2,18:51:35,5,-1,1,MY7560,0,1,91
T373/2,T375,18:51:46,5,-1,1,MY9362,0,1,40
T345/1,T322,18:51:46,5,-1,-1,MX7769,0,1,131
T373/2,T375,18:52:06,5,-1,1,MY9487,0,1,50
M10,M16/1,18:52:16,5,-1,2,MX7866,0,1,111
M188,M203/2,18:52:16,5,-1,1,MY9211,0,1,70
T376/1,T363/1,18:53:07,5,-1,1,MY9282,0,1,182
T375,T380,18:53:47,5,-1,1,MY9362,0,1,91
T375,T380,18:53:47,5,-1,1,MY9487,0,1,60
T332/2,T325/2,18:53:57,5,-1,1,MY7560,0,1,131
T322,T342,18:53:57,5,-1,-1,MX7769,0,1,81
M203/2,M277,18:54:17,5,-1,-1,MY9211,0,1,80
T380,T379,18:54:28,5,-1,1,MY9362,0,1,10
T380,T379,18:54:38,5,-1,1,MY9487,0,1,20
M16/1,M109,18:54:58,5,-1,1,MX7866,0,1,111
T379,T359,18:55:08,5,-1,1,MY9362,0,1,20
T363/1,T374,18:55:08,5,-1,1,MY9282,0,1,50
T325/2,T339/2,18:55:28,5,-1,2,MY7560,0,1,20
T379,T359,18:55:38,5,-1,1,MY9487,0,1,20
T342,T409,18:55:38,5,-1,1,MX7769,0,1,70
T430,M177,18:55:59,5,-1,1,MY9154,0,1,364
T374,T406,18:56:09,5,-1,1,MY9282,0,1,30
T359,T355/1,18:56:59,5,-1,1,MY9362,0,1,70
T359,T355/1,18:57:09,5,-1,1,MY9487,0,1,80
T339/2,T408/1,18:57:50,5,-1,-1,MY7560,0,1,111
T409,T368,18:58:00,5,-1,1,MX7769,0,1,121
M277,M182/1,18:58:41,5,-1,1,MY9211,0,1,253
M109,M112,18:58:51,5,-1,1,MX7866,0,1,182
T368,T324/2,18:59:34,5,-1,1,MX7769,0,1,42
T408/1,T343,19:00:34,5,-1,-1,MY7560,0,1,103
M137/2,M132/1,19:00:34,5,5,1,AC3955,0,1,326
M112,M127,19:00:55,5,-1,1,MX7866,0,1,70
M177,M198,19:00:55,5,-1,2,MY9154,0,1,144
T406,T345/1,19:01:25,5,-1,-1,MY9282,0,1,265
T355/1,C688/1,19:01:45,5,-1,-1,MY9362,0,1,255
T324/2,T327,19:01:55,5,-1,1,MX7769,0,1,80
T355/1,C688/1,19:02:05,5,-1,-1,MY9487,0,1,255
T343,T316,19:02:36,5,-1,1,MY7560,0,1,90
M198,M183/2,19:02:56,5,-1,2,MY9154,0,1,111
M127,M125,19:03:06,5,-1,1,MX7866,0,1,40
C688/1,C691,19:03:37,5,-1,1,MY9362,0,1,80
C688/1,C691,19:03:47,5,-1,1,MY9487,0,1,70
M132/1,M200,19:03:47,5,5,3,AC3955,0,1,40
T327,T326/2,19:03:57,5,-1,1,MX7769,0,1,30
M182/1,T431,19:04:07,5,-1,1,MY9211,0,1,212
T316,T345/5,19:04:07,5,-1,1,MY7560,0,1,80
M183/2,M140/1,19:04:07,5,-1,3,MY9154,0,1,40
T345/1,T322,19:04:47,5,-1,-1,MY9282,0,1,131
M200,M201,19:04:47,5,4,-1,AC3955,0,1,20
C691,C652,19:05:38,5,-1,1,MY9362,0,1,80
T326/2,T337,19:05:38,5,-1,1,MX7769,0,1,80
C691,C652,19:05:48,5,-1,1,MY9487,0,1,80
T431,T335,19:06:08,5,-1,1,MY9211,0,1,80
T345/5,T344,19:06:08,5,-1,1,MY7560,0,1,101
M201,M121,19:06:08,5,4,3,AC3955,0,1,30
T335,T338,19:06:49,5,-1,1,MY9211,0,1,10
C652,C655,19:06:49,5,-1,1,MY9362,0,1,30
M125,M136/2,19:06:59,5,-1,2,MX7866,0,1,131
T344,T356/1,19:06:59,5,-1,1,MY7560,0,1,40
T322,T342,19:06:59,5,-1,-1,MY9282,0,1,101
T337,T334,19:06:59,5,-1,1,MX7769,0,1,30
M140/1,M137/2,19:07:09,5,-1,3,MY9154,0,1,141
C652,C655,19:07:29,5,-1,1,MY9487,0,1,60
M121,M119,19:07:50,5,4,3,AC3955,0,1,60
C655,C657,19:08:00,5,-1,1,MY9362,0,1,50
M136/2,M139/2,19:08:45,5,-1,2,MX7866,0,1,65
T338,T326/3,19:08:45,5,-1,-1,MY9211,0,1,85
C657,C686,19:08:45,5,-1,1,MY9362,0,1,34
T342,T409,19:08:45,5,-1,2,MY9282,0,1,65
C655,C657,19:08:55,5,-1,1,MY9487,0,1,65
T334,T430,19:09:15,5,-1,1,MX7769,0,1,125
M137/2,M132/1,19:09:25,5,-1,1,MY9154,0,1,40
C657,C686,19:09:45,5,-1,1,MY9487,0,1,30
T326/3,T332/2,19:10:06,5,-1,2,MY9211,0,1,50
C686,C656,19:10:16,5,-1,1,MY9362,0,1,30
T409,T368,19:10:46,5,-1,1,MY9282,0,1,80
T356/1,T358,19:10:56,5,-1,1,MY7560,0,1,196
C686,C656,19:11:06,5,-1,1,MY9487,0,1,40
M119,M113,19:11:06,5,4,-1,AC3955,0,1,111
M139/2,M184,19:11:37,5,-1,1,MX7866,0,1,50
C656,C654/3,19:11:47,5,-1,1,MY9362,0,1,60
T358,T373/2,19:11:57,5,-1,1,MY7560,0,1,30
T368,T324/2,19:11:57,5,-1,1,MY9282,0,1,40
M95/3,M16/1,19:12:17,5,-1,2,MY9491,2,1,348
C656,C654/3,19:12:17,5,-1,1,MY9487,0,1,60
T332/2,T325/2,19:12:27,5,-1,1,MY9211,0,1,91
M113,M94,19:12:27,5,4,-1,AC3955,0,1,40
M184,M188,19:13:08,5,-1,1,MX7866,0,1,10
T325/2,T339/2,19:13:28,5,-1,1,MY9211,0,1,20
T373/2,T375,19:13:38,5,-1,2,MY7560,0,1,50
C654/3,C653/2,19:13:58,5,-1,1,MY9362,0,1,111
M132/1,M200,19:14:09,5,-1,3,MY9154,0,1,121
M188,M203/2,19:14:19,5,-1,1,MX7866,0,1,10
T324/2,T327,19:14:19,5,-1,1,MY9282,0,1,60
M94,M95/3,19:14:19,5,-1,-1,AC3955,0,1,50
M16/1,M109,19:14:29,5,-1,1,MY9491,0,1,20
T327,T326/2,19:15:43,5,-1,1,MY9282,0,1,22
T339/2,T408/1,19:15:53,5,-1,-1,MY9211,0,1,104
T375,T380,19:15:53,5,-1,1,MY7560,0,1,84
M200,M201,19:15:53,5,-1,-1,MY9154,0,1,20
C653/2,C692,19:16:13,5,-1,1,MY9362,0,1,124
M203/2,M277,19:16:23,5,-1,-1,MX7866,0,1,63
T380,T379,19:16:44,5,-1,1,MY7560,0,1,10
C692,C689/1,19:16:44,5,-1,1,MY9362,0,1,10
M109,M112,19:17:04,5,-1,1,MY9491,0,1,91
M201,M121,19:17:24,5,-1,3,MY9154,0,1,40
T379,T359,19:17:34,5,-1,1,MY7560,0,1,10
C654/3,C653/2,19:17:34,5,-1,1,MY9487,0,1,40
T326/2,T337,19:17:34,5,-1,1,MY9282,0,1,80
T408/1,T343,19:18:35,5,-1,-1,MY9211,0,2,141
T359,T355/1,19:18:35,5,-1,1,MY7560,0,2,50
T337,T334,19:18:35,5,-1,1,MY9282,0,2,20
M121,M119,19:18:35,5,-1,2,MY9154,0,2,30
C653/2,C692,19:19:05,5,-1,1,MY9487,0,2,70
M112,M127,19:19:15,5,-1,1,MY9491,0,2,30
C692,C689/1,19:19:36,5,-1,1,MY9487,0,2,20
T334,T430,19:19:46,5,-1,1,MY9282,0,2,60
C689/1,T355/2,19:19:56,5,-1,1,MY9362,0,2,141
M127,M125,19:20:34,5,-1,1,MY9491,0,2,47
T343,T316,19:20:44,5,-1,1,MY9211,0,2,88
M277,M182/1,19:21:14,5,-1,1,MX7866,0,2,280
M119,M113,19:21:34,5,-1,-1,MY9154,0,2,128
T355/1,C688/1,19:22:19,5,-1,1,MY7560,0,2,203
M125,M136/2,19:22:29,5,-1,1,MY9491,0,2,54
C689/1,T355/2,19:22:39,5,-1,1,MY9487,0,2,152
T355/2,T360,19:22:49,5,-1,1,MY9362,0,2,115
M136/2,M139/2,19:23:19,5,-1,2,MY9491,0,2,10
C688/1,C691,19:23:29,5,-1,1,MY7560,0,2,30
M113,M94,19:23:40,5,-1,-1,MY9154,0,2,101
T360,T376/1,19:24:00,5,-1,1,MY9362,0,2,40
T316,T344,19:24:33,5,-1,1,MY9211,1,2,208
T355/2,T360,19:24:43,5,-1,1,MY9487,0,2,113
T344,T356/1,19:25:27,5,-1,2,MY9211,0,2,44
M139/2,M184,19:25:47,5,-1,1,MY9491,0,2,20
T360,T376/1,19:25:57,5,-1,1,MY9487,0,2,64
M94,M95/3,19:25:57,5,-1,-1,MY9154,0,2,97
M182/1,T431,19:26:18,5,-1,1,MX7866,0,2,198
M184,M188,19:26:38,5,-1,1,MY9491,0,2,10
T430,M177,19:26:38,5,-1,1,MY9282,0,2,391
M95/3,M22,19:26:58,5,-1,2,AA7450,0,2,115
T376/1,T363/1,19:26:58,5,-1,2,MY9362,0,2,168
M177,M198,19:27:08,5,-1,2,MX7769,0,2,239
C691,C655,19:27:18,5,-1,1,MY7560,1,2,188
T431,T335,19:28:09,5,-1,1,MX7866,0,2,80
M188,M203/2,19:28:19,5,-1,1,MY9491,0,2,91
C655,C657,19:28:29,5,-1,1,MY7560,0,2,40
T335,T338,19:28:49,5,-1,1,MX7866,0,2,10
T356/1,T358,19:28:59,5,-1,1,MY9211,0,2,202
T363/1,T374,19:28:59,5,-1,1,MY9362,0,2,50
M198,M183/2,19:28:59,5,-1,2,MX7769,0,2,91
M22,M10,19:29:20,5,-1,1,AA7450,0,2,91
T363/1,T374,19:29:20,5,-1,1,MY9487,0,2,60
C657,C686,19:29:45,5,-1,1,MY7560,0,2,34
T374,T406,19:30:05,5,-1,1,MY9362,0,2,30
T358,T373/2,19:30:15,5,-1,1,MY9211,0,2,40
T338,T326/3,19:30:25,5,-1,-1,MX7866,0,2,75
T374,T406,19:30:25,5,-1,1,MY9487,0,2,30
M183/2,M140/1,19:30:25,5,-1,1,MX7769,0,2,10
M10,M16/1,19:30:55,5,-1,2,AA7450,0,2,60
C686,C656,19:31:26,5,-1,1,MY7560,0,2,30
T326/3,T332/2,19:31:36,5,-1,1,MX7866,0,2,50
M140/1,M137/2,19:31:36,5,-1,1,MX7769,0,2,30
M16/1,M109,19:31:56,5,-1,1,AA7450,0,2,20
C656,C654/3,19:32:36,5,-1,1,MY7560,0,2,60
T373/2,T375,19:32:48,5,-1,1,MY9211,0,2,31
M177,M198,19:32:48,5,-1,2,MY9282,0,2,162
M137/2,M132/1,19:32:48,5,-1,1,MX7769,0,2,41
T332/2,T325/2,19:33:38,5,-1,1,MX7866,0,2,91
T375,T380,19:33:48,5,-1,1,MY9211,0,2,30
M203/2,M182/1,19:33:58,5,-1,1,MY9491,1,2,319
T325/2,T339/2,19:33:58,5,-1,1,MX7866,0,2,10
M198,M183/2,19:33:58,5,-1,2,MY9282,0,2,60
M132/1,M200,19:34:39,5,-1,3,MX7769,0,2,60
M109,M112,19:34:49,5,-1,1,AA7450,0,2,142
T380,T379,19:34:59,5,-1,1,MY9211,0,2,10
T379,T359,19:35:50,5,-1,1,MY9211,0,2,20
T406,T345/1,19:35:50,5,-1,-1,MY9362,0,2,304
M183/2,M140/1,19:35:50,5,-1,1,MY9282,0,2,20
C654/3,C653/2,19:36:00,5,-1,1,MY7560,0,2,60
M200,M201,19:36:10,5,-1,-1,MX7769,0,2,60
M112,M127,19:36:44,5,-1,1,AA7450,0,2,44
T359,T355/1,19:37:25,5,-1,1,MY9211,0,2,64
T406,T345/1,19:37:25,5,-1,-1,MY9487,0,2,379
M201,M121,19:37:25,5,-1,2,MX7769,0,2,40
T339/2,T343,19:38:05,5,-1,-1,MX7866,1,2,206
C653/2,C692,19:38:05,5,-1,1,MY7560,0,2,104
M127,M125,19:38:25,5,-1,1,AA7450,0,2,30
M121,M119,19:38:35,5,-1,2,MX7769,0,2,30
T345/1,T322,19:39:26,5,-1,-1,MY9362,0,2,161
T345/1,T322,19:39:26,5,-1,-1,MY9487,0,2,101
M125,M136/2,19:39:56,5,-1,1,AA7450,0,2,20
M182/1,T431,19:40:06,5,-1,1,MY9491,0,2,212
T343,T316,19:40:16,5,-1,1,MX7866,0,2,90
T322,T342,19:41:07,5,-1,-1,MY9362,0,2,91
T322,T342,19:41:17,5,-1,-1,MY9487,0,2,91
M136/2,M139/2,19:41:38,5,-1,2,AA7450,0,2,50
T431,T335,19:41:38,5,-1,1,MY9491,0,2,81
M140/1,M201,19:42:18,5,-1,-1,MY9282,3,2,303
M119,M113,19:42:28,5,-1,-1,MX7769,0,2,222
T316,T345/5,19:42:38,5,-1,1,MX7866,0,2,101
T342,T409,19:42:38,5,-1,1,MY9362,0,2,40
T355/1,C688/1,19:42:48,5,-1,1,MY9211,0,2,263
T335,T338,19:42:58,5,-1,1,MY9491,0,2,20
C689/1,T355/2,19:42:58,5,-1,1,MY7560,0,2,192
M139/2,M184,19:43:09,5,-1,1,AA7450,0,2,30
T342,T409,19:43:09,5,-1,1,MY9487,0,2,70
M201,M121,19:43:50,5,-1,2,MY9282,0,2,51
T409,T368,19:44:10,5,-1,1,MY9362,0,2,61
T409,T368,19:44:10,5,-1,1,MY9487,0,2,51
T345/5,T344,19:44:20,5,-1,1,MX7866,0,2,71
C688/1,C691,19:44:34,5,-1,1,MY9211,0,2,23
M113,M94,19:44:54,5,-1,-1,MX7769,0,2,54
T338,T326/3,19:45:04,5,-1,-1,MY9491,0,2,95
T344,T356/1,19:45:14,5,-1,1,MX7866,0,2,40
M184,M188,19:45:25,5,-1,1,AA7450,0,2,30
T355/2,T360,19:45:25,5,-1,1,MY7560,0,2,104
T368,T324/2,19:45:55,5,-1,1,MY9362,0,2,40
T368,T324/2,19:45:55,5,-1,1,MY9487,0,2,40
M188,M203/2,19:46:05,5,-1,1,AA7450,0,2,10
M94,M95/3,19:46:05,5,-1,-1,MX7769,0,2,40
T360,T376/1,19:46:15,5,-1,1,MY7560,0,2,20
C691,C652,19:46:25,5,-1,1,MY9211,0,2,50
T356/1,T358,19:47:07,5,-1,1,MX7866,0,2,71
M203/2,M277,19:47:17,5,-1,-1,AA7450,0,2,61
T326/3,T325/2,19:47:27,5,-1,1,MY9491,1,2,132
C652,C655,19:47:27,5,-1,1,MY9211,0,2,30
T324/2,T327,19:47:27,5,-1,1,MY9362,0,2,50
T358,T373/2,19:47:57,5,-1,1,MX7866,0,2,30
M95/3,M22,19:48:07,5,0,1,AC3955,0,2,142
T324/2,T327,19:48:28,5,-1,1,MY9487,0,2,70
T325/2,T339/2,19:48:38,5,-1,1,MY9491,0,2,20
C655,C657,19:48:48,5,-1,1,MY9211,0,2,40
T373/2,T375,19:48:58,5,-1,1,MX7866,0,2,40
T376/1,T363/1,19:49:18,5,-1,1,MY7560,0,2,121
T327,T326/2,19:49:18,5,-1,1,MY9362,0,2,30
T327,T326/2,19:49:18,5,-1,1,MY9487,0,2,30
C657,C686,19:49:28,5,-1,1,MY9211,0,2,30
T339/2,T408/1,19:50:19,5,-1,-1,MY9491,0,2,60
T326/2,T337,19:50:19,5,-1,1,MY9362,0,2,50
T375,T380,19:50:29,5,-1,1,MX7866,0,2,40
T363/1,T374,19:50:49,5,-1,1,MY7560,0,2,40
T326/2,T337,19:50:49,5,-1,1,MY9487,0,2,70
C686,C656,19:50:59,5,-1,1,MY9211,0,2,60
M22,M10,19:51:10,5,0,1,AC3955,0,2,70
T380,T379,19:51:10,5,-1,1,MX7866,0,2,20
T337,T334,19:51:20,5,-1,1,MY9362,0,2,20
M277,M182/1,19:51:34,5,-1,1,AA7450,0,2,246
T337,T334,19:51:34,5,-1,1,MY9487,0,2,24
T374,T406,19:51:44,5,-1,1,MY7560,0,2,34
T379,T359,19:52:14,5,-1,1,MX7866,0,2,20
C656,C654/3,19:52:14,5,-1,1,MY9211,0,2,40
T408/1,T343,19:52:45,5,-1,-1,MY9491,0,2,115
T334,T430,19:52:55,5,-1,1,MY9362,0,2,50
T334,T430,19:53:05,5,-1,1,MY9487,0,2,50
T359,T355/1,19:53:25,5,-1,1,MX7866,0,2,60
M10,M16/1,19:54:16,5,0,1,AC3955,0,2,101
T343,T316,19:54:46,5,-1,1,MY9491,0,2,90
M16/1,M109,19:55:37,5,0,1,AC3955,0,2,10
C654/3,C653/2,19:55:37,5,-1,1,MY9211,0,2,70
M182/1,T431,19:56:07,5,-1,1,AA7450,0,2,191
T316,T345/5,19:56:27,5,-1,1,MY9491,0,2,90
C653/2,C692,19:56:47,5,-1,1,MY9211,0,2,50
T431,T335,19:57:32,5,-1,1,AA7450,0,2,75
T355/1,C688/1,19:57:42,5,-1,1,MX7866,0,2,226
C692,C689/1,19:57:42,5,-1,1,MY9211,0,2,10
T335,T338,19:57:52,5,-1,1,AA7450,0,2,10
T345/5,T344,19:58:02,5,-1,1,MY9491,0,2,85
M109,M112,19:58:33,5,0,1,AC3955,0,2,115
T406,T345/1,19:58:33,5,-1,-1,MY7560,0,2,348
T338,T326/3,19:58:53,5,-1,-1,AA7450,0,2,50
T344,T356/1,19:58:53,5,-1,1,MY9491,0,2,40
C688/1,C691,19:58:53,5,-1,1,MX7866,0,2,20
M112,M127,19:59:58,5,0,1,AC3955,0,2,30
T430,M177,19:59:58,5,-1,1,MY9362,0,2,382
T326/3,T332/2,20:00:18,5,-1,1,AA7450,0,2,50
T430,M177,20:00:18,5,-1,1,MY9487,0,2,392
C689/1,T355/2,20:00:38,5,-1,1,MY9211,0,2,155
M127,M125,20:01:19,5,0,1,AC3955,0,2,10
T345/1,T322,20:01:29,5,-1,-1,MY7560,0,2,111
C691,C652,20:01:49,5,-1,1,MX7866,0,2,121
T356/1,T358,20:02:19,5,-1,1,MY9491,0,2,196
T332/2,T325/2,20:02:39,5,-1,1,AA7450,0,2,101
C652,C655,20:02:50,5,-1,1,MX7866,0,2,20
T355/2,T360,20:02:50,5,-1,1,MY9211,0,2,101
T358,T373/2,20:03:00,5,-1,1,MY9491,0,2,30
T322,T342,20:03:20,5,-1,-1,MY7560,0,2,101
T325/2,T339/2,20:03:42,5,-1,1,AA7450,0,2,32
M125,M136/2,20:04:02,5,0,1,AC3955,0,2,82
T373/2,T375,20:04:02,5,-1,1,MY9491,0,2,30
C655,C657,20:04:02,5,-1,1,MX7866,0,2,42
T360,T376/1,20:04:02,5,-1,1,MY9211,0,2,30
T342,T409,20:04:33,5,-1,1,MY7560,0,2,40
C657,C686,20:04:53,5,-1,1,MX7866,0,2,30
M136/2,M139/2,20:05:03,5,0,2,AC3955,0,2,20
T375,T380,20:05:03,5,-1,1,MY9491,0,2,50
T380,T379,20:05:23,5,-1,1,MY9491,0,2,10
T339/2,T408/1,20:05:34,5,-1,-1,AA7450,0,2,70
C686,C656,20:06:15,5,-1,1,MX7866,0,2,41
T379,T359,20:06:25,5,-1,1,MY9491,0,2,20
T376/1,T363/1,20:06:25,5,-1,1,MY9211,0,2,102
T409,T368,20:06:25,5,-1,1,MY7560,0,2,81
M139/2,M184,20:06:45,5,1,2,AC3955,0,2,61
M177,M198,20:06:45,5,-1,2,MY9487,0,2,152
M177,M198,20:06:56,5,-1,2,MY9362,0,2,203
C656,C654/3,20:07:16,5,-1,1,MX7866,0,2,50
T368,T324/2,20:07:26,5,-1,1,MY7560,0,2,30
M184,M188,20:07:56,5,1,1,AC3955,0,2,10
T359,T355/1,20:07:56,5,-1,1,MY9491,0,2,60
T363/1,T374,20:08:16,5,-1,1,MY9211,0,2,30
T408/1,T343,20:08:27,5,-1,-1,AA7450,0,2,151
M188,M203/2,20:08:57,5,1,1,AC3955,0,2,20
C654/3,C653/2,20:08:57,5,-1,1,MX7866,0,2,60
M198,M183/2,20:09:07,5,-1,2,MY9487,0,2,121
T374,T406,20:09:17,5,-1,1,MY9211,0,2,40
T324/2,T327,20:09:17,5,-1,1,MY7560,0,2,60
M198,M183/2,20:09:17,5,-1,2,MY9362,0,2,121
M203/2,M277,20:10:08,5,1,-1,AC3955,0,2,50
T343,T316,20:10:18,5,-1,1,AA7450,0,2,80
M183/2,M140/1,20:10:18,5,-1,1,MY9487,0,2,10
M183/2,M140/1,20:10:28,5,-1,1,MY9362,0,2,20
T327,T326/2,20:10:38,5,-1,1,MY7560,0,2,30
C653/2,C692,20:10:58,5,-1,1,MX7866,0,2,101
C692,C689/1,20:11:19,5,-1,1,MX7866,0,2,10
M140/1,M137/2,20:11:29,5,-1,1,MY9487,0,2,40
T326/2,T337,20:11:39,5,-1,1,MY7560,0,2,50
M140/1,M137/2,20:11:39,5,-1,1,MY9362,0,2,40
T355/1,C688/1,20:12:09,5,-1,1,MY9491,0,2,232
T316,T345/5,20:12:29,5,-1,1,AA7450,0,2,101
M137/2,M132/1,20:12:29,5,-1,1,MY9487,0,2,50
T337,T334,20:12:39,5,-1,1,MY7560,0,2,20
M137/2,M132/1,20:13:10,5,-1,1,MY9362,0,2,50
M277,M182/1,20:13:34,5,1,1,AC3955,0,2,196
T345/5,T344,20:13:44,5,-1,1,AA7450,0,2,34
C688/1,C691,20:13:44,5,-1,1,MY9491,0,2,54
T406,T345/1,20:14:25,5,-1,-1,MY9211,0,2,277
T344,T356/1,20:14:45,5,-1,1,AA7450,0,2,30
C691,C652,20:14:55,5,-1,1,MY9491,0,2,40
C689/1,T355/2,20:15:15,5,-1,1,MX7866,0,2,165
T334,T430,20:15:15,5,-1,1,MY7560,0,2,50
M132/1,M200,20:15:35,5,-1,2,MY9487,0,2,20
C652,C655,20:15:46,5,-1,1,MY9491,0,2,30
T356/1,T358,20:16:26,5,-1,1,AA7450,0,2,80
M200,M201,20:16:26,5,-1,-1,MY9487,0,2,10
C655,C657,20:16:36,5,-1,1,MY9491,0,2,40
M132/1,M200,20:16:46,5,-1,2,MY9362,0,2,50
T358,T373/2,20:16:56,5,-1,1,AA7450,0,2,20
M95/3,M22,20:17:07,5,-1,2,MX7769,0,2,171
T345/1,T322,20:17:17,5,-1,-1,MY9211,0,2,141
C657,C686,20:17:27,5,-1,1,MY9491,0,2,20
T355/2,T360,20:17:37,5,-1,1,MX7866,0,2,111
M200,M201,20:17:47,5,-1,-1,MY9362,0,2,10
M201,M121,20:17:47,5,-1,2,MY9487,0,2,40
T373/2,T375,20:17:57,5,-1,1,AA7450,0,2,20
C686,C656,20:18:38,5,-1,1,MY9491,0,2,30
M121,M119,20:18:48,5,-1,2,MY9487,0,2,30
M182/1,T431,20:18:58,5,0,1,AC3955,0,2,202
T322,T342,20:19:08,5,-1,-1,MY9211,0,2,90
M201,M121,20:19:08,5,-1,2,MY9362,0,2,30
C656,C654/3,20:19:38,5,-1,1,MY9491,0,2,40
T375,T380,20:19:48,5,-1,1,AA7450,0,2,80
T360,T376/1,20:19:48,5,-1,1,MX7866,0,2,101
T431,T335,20:21:03,5,0,1,AC3955,0,2,94
T430,M177,20:21:13,5,-1,1,MY7560,0,2,317
M22,M10,20:21:54,5,-1,1,MX7769,0,2,226
T379,T359,20:21:54,5,-1,1,AA7450,0,2,40
T342,T368,20:21:54,5,-1,1,MY9211,1,2,125
T335,T338,20:22:04,5,0,1,AC3955,0,2,10
M119,M113,20:22:24,5,-1,-1,MY9487,0,2,165
T359,T355/1,20:22:54,5,-1,1,AA7450,0,2,50
T376/1,T363/1,20:22:54,5,-1,1,MX7866,0,2,175
T368,T324/2,20:23:04,5,-1,1,MY9211,0,2,40
M113,M94,20:23:25,5,-1,-1,MY9487,0,2,20
T338,T326/3,20:23:35,5,0,-1,AC3955,0,2,60
M121,M113,20:23:55,5,-1,-1,MY9362,1,2,246
M10,M16/1,20:24:25,5,-1,1,MX7769,0,2,70
M94,M95/3,20:24:25,5,-1,-1,MY9487,0,2,50
T363/1,T374,20:24:37,5,-1,1,MX7866,0,2,51
T326/3,T332/2,20:24:47,5,0,1,AC3955,0,2,62
T324/2,T327,20:24:57,5,-1,1,MY9211,0,2,72
T374,T406,20:25:27,5,-1,1,MX7866,0,2,20
C654/3,C653/2,20:25:37,5,-1,1,MY9491,0,2,82
M113,M94,20:25:48,5,-1,-1,MY9362,0,2,40
M177,M198,20:26:08,5,-1,2,MY7560,0,2,173
T332/2,T325/2,20:26:38,5,1,1,AC3955,0,2,60
T327,T326/2,20:26:38,5,-1,1,MY9211,0,2,40
T355/1,C688/1,20:26:58,5,-1,1,AA7450,0,2,213
M16/1,M109,20:27:19,5,-1,1,MX7769,0,2,121
M198,M183/2,20:27:19,5,-1,2,MY7560,0,2,60
C653/2,C692,20:27:49,5,-1,1,MY9491,0,2,101
C688/1,C691,20:28:09,5,-1,1,AA7450,0,2,30
T325/2,T339/2,20:28:19,5,0,1,AC3955,0,2,30
T326/2,T337,20:28:19,5,-1,1,MY9211,0,2,60
M94,M95/3,20:28:19,5,-1,-1,MY9362,0,2,101
M183/2,M140/1,20:29:00,5,-1,1,MY7560,0,2,50
T337,T334,20:29:20,5,-1,1,MY9211,0,2,20
C692,C689/1,20:29:30,5,-1,1,MY9491,0,2,60
M109,M112,20:29:40,5,-1,1,MX7769,0,2,91
C691,C652,20:29:50,5,-1,1,AA7450,0,2,70
T339/2,T408/1,20:30:21,5,0,-1,AC3955,0,2,70
M140/1,M137/2,20:30:21,5,-1,1,MY7560,0,2,40
C652,C655,20:31:05,5,-1,1,AA7450,0,2,30
M112,M127,20:31:15,5,-1,1,MX7769,0,2,54
T334,T430,20:31:35,5,-1,1,MY9211,0,2,60
M137/2,M132/1,20:31:35,5,-1,1,MY7560,0,2,20
T406,T345/1,20:32:05,5,-1,-1,MX7866,0,2,387
C655,C657,20:32:26,5,-1,1,AA7450,0,2,50
C689/1,T355/2,20:32:36,5,-1,1,MY9491,0,2,135
T408/1,T343,20:33:06,5,0,-1,AC3955,0,2,111
M127,M125,20:33:16,5,-1,1,MX7769,0,2,70
C657,C686,20:33:16,5,-1,1,AA7450,0,2,30
T345/1,T322,20:34:17,5,-1,-1,MX7866,0,2,80
C686,C656,20:34:27,5,-1,1,AA7450,0,2,20
M132/1,M200,20:34:37,5,-1,3,MY7560,0,2,121
T355/2,T360,20:34:47,5,-1,1,MY9491,0,2,101
T343,T316,20:35:18,5,0,1,AC3955,0,2,101
M125,M136/2,20:35:28,5,-1,1,MX7769,0,2,70
C656,C654/3,20:35:28,5,-1,1,AA7450,0,2,50
M200,M201,20:35:48,5,-1,-1,MY7560,0,2,20
T322,T342,20:36:08,5,-1,-1,MX7866,0,2,91
M136/2,M139/2,20:37:09,5,-1,2,MX7769,0,2,50
T342,T409,20:37:19,5,-1,1,MX7866,0,2,40
M201,M121,20:37:19,5,-1,2,MY7560,0,2,40
T430,M177,20:37:59,5,-1,1,MY9211,0,2,374
T316,T345/5,20:38:09,5,0,1,AC3955,0,2,141
T409,T368,20:38:34,5,-1,1,MX7866,0,2,64
M121,M119,20:38:34,5,-1,2,MY7560,0,2,54
T360,T363/1,20:39:34,5,-1,1,MY9491,1,2,276
T368,T324/2,20:39:34,5,-1,1,MX7866,0,2,30
M139/2,M184,20:39:44,5,-1,2,MX7769,0,2,84
T345/5,T344,20:39:54,5,0,1,AC3955,0,2,60
M184,M188,20:40:35,5,-1,1,MX7769,0,2,20
T344,T356/1,20:40:45,5,0,1,AC3955,0,2,20
M188,M203/2,20:41:15,5,-1,1,MX7769,0,2,20
C654/3,C653/2,20:41:25,5,-1,1,AA7450,0,2,90
T363/1,T374,20:41:25,5,-1,1,MY9491,0,2,40
T324/2,T327,20:41:25,5,-1,1,MX7866,0,2,60
M119,M113,20:41:25,5,-1,-1,MY7560,0,2,131
T374,T406,20:42:06,5,-1,1,MY9491,0,2,30
M203/2,M277,20:42:16,5,-1,-1,MX7769,0,2,30
T356/1,T358,20:42:36,5,0,1,AC3955,0,2,60
C653/2,C692,20:42:36,5,-1,1,AA7450,0,2,60
T327,T326/2,20:42:46,5,-1,1,MX7866,0,2,20
M113,M94,20:42:56,5,-1,-1,MY7560,0,2,30
T358,T373/2,20:43:17,5,0,1,AC3955,0,2,30
C692,C689/1,20:43:37,5,-1,1,AA7450,0,2,10
T326/2,T337,20:44:17,5,-1,1,MX7866,0,2,60
T373/2,T375,20:44:38,5,0,1,AC3955,0,2,50
M94,M95/3,20:44:38,5,-1,-1,MY7560,0,2,70
T337,T334,20:44:48,5,-1,1,MX7866,0,2,20
M177,M198,20:45:18,5,-1,2,MY9211,0,2,171
T375,T380,20:46:08,5,0,1,AC3955,0,2,40
C689/1,T355/2,20:46:08,5,-1,1,AA7450,0,2,111
M277,M182/1,20:46:19,5,-1,1,MX7769,0,2,232
T334,T430,20:46:19,5,-1,1,MX7866,0,2,60
M198,M183/2,20:47:09,5,-1,2,MY9211,0,2,101
T380,T379,20:47:19,5,0,1,AC3955,0,2,10
T406,T345/1,20:48:20,5,-1,-1,MY9491,0,2,363
T355/2,T360,20:48:31,5,-1,1,AA7450,0,2,102
M183/2,M140/1,20:48:41,5,-1,1,MY9211,0,2,10
T379,T359,20:48:51,5,0,1,AC3955,0,2,72
T359,T355/1,20:50:15,5,0,1,AC3955,0,1,63
T345/1,T322,20:50:55,5,-1,-1,MY9491,0,1,103
T360,T363/1,20:51:05,5,-1,1,AA7450,1,1,113
M140/1,M137/2,20:51:05,5,-1,1,MY9211,0,1,90
M182/1,T431,20:51:36,5,-1,1,MX7769,0,1,205
T363/1,T374,20:52:26,5,-1,1,AA7450,0,1,40
M137/2,M132/1,20:52:36,5,-1,1,MY9211,0,1,20
T322,T342,20:52:46,5,-1,-1,MY9491,0,1,90
T430,M177,20:52:57,5,-1,1,MX7866,0,1,367
T431,T335,20:53:07,5,-1,1,MX7769,0,1,80
T374,T406,20:53:27,5,-1,1,AA7450,0,1,30
T335,T338,20:53:47,5,-1,1,MX7769,0,1,10
T342,T409,20:53:47,5,-1,1,MY9491,0,1,30
M132/1,M200,20:53:57,5,-1,3,MY9211,0,1,30
T355/1,C688/1,20:54:38,5,0,1,AC3955,0,1,242
T409,T368,20:55:08,5,-1,1,MY9491,0,1,50
T338,T326/3,20:55:18,5,-1,-1,MX7769,0,1,60
M200,M201,20:55:18,5,-1,-1,MY9211,0,1,20
T368,T324/2,20:56:13,5,-1,1,MY9491,0,1,44
T326/3,T332/2,20:56:43,5,-1,1,MX7769,0,1,74
C688/1,C691,20:56:43,5,0,1,AC3955,0,1,74
M201,M121,20:56:43,5,-1,1,MY9211,0,1,40
M121,M119,20:57:33,5,-1,1,MY9211,0,1,20
T332/2,T325/2,20:58:04,5,-1,1,MX7769,0,1,50
T324/2,T327,20:58:04,5,-1,1,MY9491,0,1,60
C691,C652,20:58:34,5,0,1,AC3955,0,1,90
T325/2,T339/2,20:58:54,5,-1,1,MX7769,0,1,20
T327,T326/2,20:58:54,5,-1,1,MY9491,0,1,30
M177,M198,20:59:15,5,-1,2,MX7866,0,1,161
C652,C655,20:59:45,5,0,1,AC3955,0,1,40
T326/2,T337,20:59:55,5,-1,1,MY9491,0,1,50
T406,T345/1,21:00:05,5,-1,-1,AA7450,0,1,388
M119,M113,21:00:25,5,-1,-1,MY9211,0,1,151
T337,T334,21:00:56,5,-1,1,MY9491,0,1,20
C655,C657,21:01:06,5,0,1,AC3955,0,1,50
M198,M183/2,21:01:26,5,-1,2,MX7866,0,1,121
M95/3,M22,21:01:46,5,-1,1,MY9487,0,1,60
C657,C686,21:02:06,5,0,1,AC3955,0,1,30
M113,M94,21:02:06,5,-1,-1,MY9211,0,1,40
T345/1,T322,21:02:17,5,-1,-1,AA7450,0,1,101
T334,T430,21:02:27,5,-1,1,MY9491,0,1,50
M183/2,M140/1,21:02:37,5,-1,1,MX7866,0,1,10
T339/2,T343,21:02:47,5,-1,-1,MX7769,1,1,212
C686,C656,21:03:27,5,0,1,AC3955,0,1,50
M94,M95/3,21:03:27,5,-1,-1,MY9211,0,1,70
M22,M10,21:03:48,5,-1,1,MY9487,0,1,91
M140/1,M137/2,21:03:48,5,-1,1,MX7866,0,1,40
T322,T342,21:03:58,5,-1,-1,AA7450,0,1,91
T343,T316,21:04:38,5,-1,1,MX7769,0,1,91
C656,C654/3,21:04:49,5,0,1,AC3955,0,1,50
T342,T409,21:04:49,5,-1,1,AA7450,0,1,30
M137/2,M132/1,21:05:09,5,-1,1,MX7866,0,1,50
M10,M16/1,21:05:49,5,-1,1,MY9487,0,1,80
T316,T345/5,21:05:59,5,-1,1,MX7769,0,1,70
T409,T368,21:06:30,5,-1,1,AA7450,0,1,70
M132/1,M200,21:07:10,5,-1,3,MX7866,0,1,40
T345/5,T344,21:07:20,5,-1,1,MX7769,0,1,50
T368,T324/2,21:07:42,5,-1,1,AA7450,0,1,41
M16/1,M109,21:08:13,5,-1,1,MY9487,0,1,20
M200,M201,21:08:13,5,-1,-1,MX7866,0,1,20
T430,M177,21:09:04,5,-1,1,MY9491,0,1,316
C654/3,C653/2,21:09:24,5,0,1,AC3955,0,1,61
T324/2,T327,21:09:34,5,-1,1,AA7450,0,1,60
M201,M121,21:09:45,5,-1,2,MX7866,0,1,50
T344,T358,21:09:55,5,-1,1,MX7769,1,1,142
M109,M112,21:10:35,5,-1,1,MY9487,0,1,80
T358,T373/2,21:10:45,5,-1,1,MX7769,0,1,20
T327,T326/2,21:10:45,5,-1,1,AA7450,0,1,20
M121,M119,21:10:45,5,-1,2,MX7866,0,1,30
C653/2,C692,21:11:16,5,0,1,AC3955,0,1,101
T373/2,T375,21:11:50,5,-1,1,MX7769,0,1,34
M112,M127,21:12:20,5,-1,1,MY9487,0,1,30
T326/2,T337,21:12:20,5,-1,1,AA7450,0,1,54
M119,M113,21:12:20,5,-1,-1,MX7866,0,1,64
T375,T380,21:12:44,5,-1,1,MX7769,0,1,34
C692,C689/1,21:12:44,5,0,1,AC3955,0,1,54
T380,T379,21:13:04,5,-1,1,MX7769,0,1,10
M113,M94,21:13:15,5,-1,-1,MX7866,0,1,40
T337,T334,21:13:25,5,-1,1,AA7450,0,1,20
M177,M198,21:13:55,5,-1,2,MY9491,0,1,125
M127,M125,21:14:05,5,-1,1,MY9487,0,1,30
T379,T359,21:14:25,5,-1,1,MX7769,0,1,70
M94,M95/3,21:14:25,5,-1,-1,MX7866,0,1,40
T359,T355/1,21:15:36,5,-1,1,MX7769,0,1,60
T334,T430,21:15:46,5,-1,1,AA7450,0,1,60
M125,M136/2,21:15:56,5,-1,1,MY9487,0,1,50
M198,M183/2,21:15:56,5,-1,2,MY9491,0,1,111
C689/1,T355/2,21:16:27,5,0,1,AC3955,0,1,181
M136/2,M139/2,21:16:47,5,-1,2,MY9487,0,1,10
M183/2,M140/1,21:17:07,5,-1,1,MY9491,0,1,20
M139/2,M184,21:18:28,5,-1,2,MY9487,0,1,40
T355/2,T360,21:18:58,5,0,1,AC3955,0,1,111
M140/1,M137/2,21:19:29,5,-1,1,MY9491,0,1,101
M184,M188,21:19:49,5,-1,1,MY9487,0,1,10
T355/1,C688/1,21:19:49,5,-1,1,MX7769,0,1,202
T360,T376/1,21:19:49,5,0,1,AC3955,0,1,30
M137/2,M132/1,21:20:39,5,-1,1,MY9491,0,1,30
M188,M203/2,21:21:10,5,-1,1,MY9487,0,1,10
T430,M177,21:21:10,5,-1,1,AA7450,0,1,313
C688/1,C691,21:21:32,5,-1,1,MX7769,0,1,52
M132/1,M200,21:21:52,5,-1,3,MY9491,0,1,32
T376/1,T363/1,21:22:32,5,0,1,AC3955,0,1,143
C691,C652,21:22:53,5,-1,1,MX7769,0,1,50
M200,M201,21:22:53,5,-1,-1,MY9491,0,1,20
C652,C655,21:24:13,5,-1,1,MX7769,0,1,30
M201,M121,21:24:24,5,-1,1,MY9491,0,1,40
T363/1,T374,21:24:44,5,0,1,AC3955,0,1,40
C655,C657,21:25:24,5,-1,1,MX7769,0,1,40
M121,M119,21:25:34,5,-1,2,MY9491,0,1,40
T374,T406,21:25:44,5,0,1,AC3955,0,1,30
C657,C686,21:26:05,5,-1,1,MX7769,0,1,30
M203/2,M182/1,21:26:15,5,-1,1,MY9487,1,1,262
C686,C656,21:27:26,5,-1,1,MX7769,0,1,30
M177,M198,21:27:26,5,-1,2,AA7450,0,1,151
M95/3,M22,21:27:36,5,-1,1,MX7866,0,1,60
M119,M113,21:27:56,5,-1,-1,MY9491,0,1,80
C656,C654/3,21:28:36,5,-1,1,MX7769,0,1,50
M198,M183/2,21:29:37,5,-1,2,AA7450,0,1,121
M113,M94,21:29:37,5,-1,-1,MY9491,0,1,80
M94,M95/3,21:30:48,5,-1,-1,MY9491,0,1,40
M22,M10,21:30:58,5,-1,1,MX7866,0,1,101
T406,T345/1,21:31:18,5,0,-1,AC3955,0,1,313
M183/2,M140/1,21:31:28,5,-1,1,AA7450,0,1,20
M182/1,T431,21:31:48,5,-1,1,MY9487,0,1,212
C654/3,C653/2,21:32:49,5,-1,1,MX7769,0,1,232
T431,T335,21:33:09,5,-1,1,MY9487,0,1,70
M10,M16/1,21:33:29,5,-1,1,MX7866,0,1,80
M140/1,M137/2,21:33:50,5,-1,1,AA7450,0,1,101
T335,T338,21:34:00,5,-1,1,MY9487,0,1,10
T345/1,T322,21:34:00,5,0,-1,AC3955,0,1,111
C653/2,C692,21:34:43,5,-1,1,MX7769,0,1,104
T322,T342,21:35:44,5,0,-1,AC3955,0,1,93
M16/1,M109,21:35:54,5,-1,1,MX7866,0,1,20
T338,T326/3,21:35:54,5,-1,-1,MY9487,0,1,94
C692,C689/1,21:36:04,5,-1,1,MX7769,0,1,60
M137/2,M132/1,21:36:14,5,-1,1,AA7450,0,1,60
T326/3,T332/2,21:37:05,5,-1,1,MY9487,0,1,50
M109,M112,21:37:49,5,-1,1,MX7866,0,1,64
T342,T368,21:38:09,5,0,1,AC3955,1,1,104
T332/2,T325/2,21:38:29,5,-1,1,MY9487,0,1,74
M132/1,M200,21:38:29,5,-1,3,AA7450,0,1,30
C689/1,T355/2,21:38:50,5,-1,1,MX7769,0,1,145
T325/2,T339/2,21:39:10,5,-1,1,MY9487,0,1,20
T368,T324/2,21:39:33,5,0,1,AC3955,0,1,32
M200,M201,21:39:33,5,-1,-1,AA7450,0,1,12
M112,M127,21:39:43,5,-1,1,MX7866,0,1,103
M201,M121,21:40:44,5,-1,2,AA7450,0,1,40
M127,M125,21:40:54,5,-1,1,MX7866,0,1,30
T355/2,T360,21:41:04,5,-1,1,MX7769,0,1,103
T339/2,T408/1,21:41:24,5,-1,-1,MY9487,0,1,101
T324/2,T327,21:41:34,5,0,1,AC3955,0,1,60
M121,M119,21:41:54,5,-1,2,AA7450,0,1,30
T360,T376/1,21:42:55,5,-1,1,MX7769,0,1,91
T327,T326/2,21:43:05,5,1,1,AC3955,0,1,30
M125,M136/2,21:43:26,5,-1,1,MX7866,0,1,80
M119,M113,21:43:56,5,-1,-1,AA7450,0,1,70
T408/1,T343,21:44:16,5,-1,-1,MY9487,0,1,151
T326/2,T337,21:44:26,5,1,1,AC3955,0,1,60
T376/1,T363/1,21:44:56,5,-1,1,MX7769,0,1,111
T337,T334,21:44:56,5,1,1,AC3955,0,1,20
M113,M94,21:45:07,5,-1,-1,AA7450,0,1,20
M136/2,M139/2,21:45:17,5,-1,1,MX7866,0,1,70
T343,T316,21:46:27,5,-1,1,MY9487,0,1,90
T363/1,T374,21:46:58,5,-1,1,MX7769,0,1,80
T334,T430,21:46:58,5,1,1,AC3955,0,1,50
M94,M95/3,21:46:58,5,-1,-1,AA7450,0,1,90
M139/2,M184,21:47:18,5,-1,2,MX7866,0,1,80
T374,T406,21:47:38,5,-1,1,MX7769,0,1,20
T316,T345/5,21:48:49,5,-1,1,MY9487,0,1,111
M95/3,M22,21:48:59,5,-1,1,MY9491,0,1,141
M184,M188,21:49:19,5,-1,1,MX7866,0,1,60
T345/5,T344,21:50:10,5,-1,1,MY9487,0,1,60
M188,M203/2,21:51:04,5,-1,1,MX7866,0,1,64
M22,M10,21:51:55,5,-1,1,MY9491,0,1,115
T406,T345/1,21:52:15,5,-1,-1,MX7769,0,1,266
T430,M177,21:53:06,5,1,1,AC3955,0,1,327
T344,T358,21:53:26,5,-1,1,MY9487,1,1,186
M10,M16/1,21:54:06,5,-1,1,MY9491,0,1,80
T358,T373/2,21:54:27,5,-1,1,MY9487,0,1,30
M16/1,M109,21:55:08,5,-1,1,MY9491,0,1,10
T373/2,T375,21:55:38,5,-1,1,MY9487,0,1,30
M203/2,M182/1,21:55:48,5,-1,1,MX7866,1,1,253
T375,T380,21:56:49,5,-1,1,MY9487,0,1,40
T345/1,T342,21:56:59,5,-1,-1,MX7769,1,1,253
T380,T379,21:57:39,5,-1,1,MY9487,0,1,10
M109,M112,21:58:00,5,-1,1,MY9491,0,1,111
T342,T409,21:58:33,5,-1,1,MX7769,0,1,33
T379,T359,21:58:53,5,-1,1,MY9487,0,1,33
M177,M198,21:59:24,5,1,2,AC3955,0,1,185
M112,M127,21:59:34,5,-1,1,MY9491,0,1,20
T409,T368,21:59:44,5,-1,1,MX7769,0,1,60
T359,T355/1,22:00:14,5,-1,1,MY9487,0,1,60
M127,M125,22:00:34,5,-1,1,MY9491,0,1,30
T368,T324/2,22:00:45,5,-1,1,MX7769,0,1,40
M182/1,T431,22:01:15,5,-1,1,MX7866,0,1,205
M198,M183/2,22:01:35,5,1,2,AC3955,0,1,121
M125,M136/2,22:02:16,5,-1,1,MY9491,0,1,50
T324/2,T327,22:02:16,5,-1,1,MX7769,0,1,60
M136/2,M139/2,22:03:06,5,-1,1,MY9491,0,1,20
T431,T335,22:03:16,5,-1,1,MX7866,0,1,80
M183/2,M140/1,22:03:36,5,1,1,AC3955,0,1,20
T335,T338,22:04:07,5,-1,1,MX7866,0,1,10
M139/2,M184,22:04:47,5,-1,1,MY9491,0,1,30
T327,T337,22:04:57,5,-1,1,MX7769,1,1,111
T355/1,C688/1,22:05:07,5,-1,-1,MY9487,0,1,252
M184,M188,22:05:38,5,-1,1,MY9491,0,1,10
T338,T326/3,22:05:38,5,-1,-1,MX7866,0,1,70
T337,T334,22:05:48,5,-1,1,MX7769,0,1,20
M140/1,M137/2,22:05:48,5,1,1,AC3955,0,1,101
M95/3,M22,22:05:58,5,-1,1,AA7450,0,1,50
C688/1,C691,22:06:39,5,-1,1,MY9487,0,1,60
M137/2,M132/1,22:06:49,5,1,1,AC3955,0,1,20
T326/3,T332/2,22:06:59,5,-1,1,MX7866,0,1,60
T334,T430,22:07:19,5,-1,1,MX7769,0,1,50
M188,M203/2,22:07:29,5,-1,1,MY9491,0,1,10
C691,C652,22:08:10,5,-1,1,MY9487,0,1,40
M132/1,M200,22:08:10,5,1,2,AC3955,0,1,30
M22,M10,22:08:42,5,-1,1,AA7450,0,1,113
T332/2,T325/2,22:09:02,5,-1,1,MX7866,0,1,93
T325/2,T339/2,22:09:47,5,-1,1,MX7866,0,1,34
C652,C655,22:09:47,5,-1,2,MY9487,0,1,54
M200,M201,22:09:47,5,0,-1,AC3955,0,1,44
M10,M16/1,22:10:07,5,-1,1,AA7450,0,1,54
C655,C657,22:10:47,5,-1,1,MY9487,0,1,40
M203/2,M182/1,22:11:08,5,-1,1,MY9491,1,1,188
M201,M121,22:11:08,5,0,1,AC3955,0,1,40
T339/2,T408/1,22:11:38,5,-1,-1,MX7866,0,1,80
C657,C686,22:11:38,5,-1,1,MY9487,0,1,30
M16/1,M109,22:12:18,5,-1,1,AA7450,0,1,70
M121,M119,22:12:28,5,0,1,AC3955,0,1,40
T430,M177,22:13:09,5,-1,1,MX7769,0,1,339
C686,C656,22:13:39,5,-1,2,MY9487,0,1,80
M119,M113,22:14:10,5,0,-1,AC3955,0,1,50
M109,M112,22:14:20,5,-1,1,AA7450,0,1,70
T408/1,T343,22:14:20,5,-1,-1,MX7866,0,1,151
C656,C654/3,22:14:54,5,-1,1,MY9487,0,1,64
M113,M94,22:14:54,5,0,-1,AC3955,0,1,10
M182/1,T431,22:15:35,5,-1,1,MY9491,0,1,196
M112,M127,22:16:15,5,-1,1,AA7450,0,1,70
T343,T316,22:16:25,5,-1,1,MX7866,0,1,90
C654/3,C653/2,22:17:07,5,-1,1,MY9487,0,1,102
M94,M95/3,22:17:07,5,-1,-1,AC3955,0,1,81
T431,T335,22:17:17,5,-1,1,MY9491,0,1,81
M127,M125,22:17:27,5,-1,1,AA7450,0,1,30
T316,T345/5,22:18:07,5,-1,1,MX7866,0,1,90
M125,M136/2,22:18:48,5,-1,1,AA7450,0,1,30
T338,T326/3,22:18:48,5,-1,-1,MY9491,0,1,40
C653/2,C692,22:18:58,5,-1,1,MY9487,0,1,91
M177,M198,22:19:28,5,-1,2,MX7769,0,1,161
T326/3,T332/2,22:19:38,5,-1,1,MY9491,0,1,30
T345/5,T344,22:19:38,5,-1,1,MX7866,0,1,70
M136/2,M139/2,22:20:09,5,-1,2,AA7450,0,1,50
C692,C689/1,22:20:49,5,-1,1,MY9487,0,1,70
T332/2,T325/2,22:21:19,5,-1,1,MY9491,0,1,60
M198,M183/2,22:21:30,5,-1,2,MX7769,0,1,111
T325/2,T339/2,22:22:00,5,-1,1,MY9491,0,1,10
M139/2,M184,22:22:33,5,-1,2,AA7450,0,1,42
T344,T358,22:22:33,5,-1,1,MX7866,1,1,154
M183/2,M140/1,22:22:33,5,-1,1,MX7769,0,1,12
T358,T373/2,22:23:13,5,-1,1,MX7866,0,1,30
M184,M188,22:23:54,5,-1,1,AA7450,0,1,10
T339/2,T408/1,22:23:54,5,-1,-1,MY9491,0,1,71
C689/1,T355/2,22:23:54,5,-1,1,MY9487,0,1,144
T373/2,T375,22:24:24,5,-1,1,MX7866,0,1,40
M140/1,M137/2,22:24:55,5,-1,1,MX7769,0,1,101
T375,T380,22:25:15,5,-1,1,MX7866,0,1,20
M188,M203/2,22:25:25,5,-1,1,AA7450,0,1,10
T408/1,T343,22:25:35,5,-1,-1,MY9491,0,1,91
M137/2,M132/1,22:25:55,5,-1,1,MX7769,0,1,30
T380,T379,22:26:05,5,-1,1,MX7866,0,1,20
T355/2,T360,22:26:26,5,-1,1,MY9487,0,1,111
M203/2,M277,22:26:36,5,-1,-1,AA7450,0,1,30
M95/3,M22,22:27:16,5,0,1,AC3955,0,1,90
M132/1,M200,22:27:26,5,-1,2,MX7769,0,1,30
T343,T316,22:27:36,5,-1,1,MY9491,0,1,90
T379,T355/1,22:27:57,5,-1,1,MX7866,1,1,80
T360,T376/1,22:28:17,5,-1,1,MY9487,0,1,90
M200,M201,22:28:37,5,-1,-1,MX7769,0,1,20
M22,M10,22:28:57,5,0,1,AC3955,0,1,50
T316,T345/5,22:29:17,5,-1,1,MY9491,0,1,70
M277,M182/1,22:29:28,5,-1,1,AA7450,0,1,161
M201,M121,22:29:48,5,-1,1,MX7769,0,1,40
T376/1,T363/1,22:30:08,5,-1,1,MY9487,0,1,101
M121,M119,22:30:48,5,-1,1,MX7769,0,1,30
M10,M16/1,22:30:59,5,0,1,AC3955,0,1,80
T345/5,T344,22:31:09,5,-1,1,MY9491,0,1,101
T344,T356/1,22:31:49,5,-1,1,MY9491,0,1,30
T363/1,T374,22:32:09,5,-1,1,MY9487,0,1,40
T355/1,C688/1,22:32:19,5,-1,1,MX7866,0,1,242
T356/1,T358,22:33:10,5,-1,1,MY9491,0,1,60
T374,T406,22:33:10,5,-1,1,MY9487,0,1,40
M16/1,M109,22:33:20,5,0,1,AC3955,0,1,101
C688/1,C691,22:33:20,5,-1,1,MX7866,0,1,20
M119,M113,22:33:20,5,-1,-1,MX7769,0,1,111
T358,T373/2,22:33:54,5,-1,1,MY9491,0,1,20
M182/1,T431,22:34:04,5,-1,1,AA7450,0,1,196
M113,M94,22:34:25,5,-1,-1,MX7769,0,1,30
T373/2,T375,22:34:55,5,-1,1,MY9491,0,1,30
C691,C652,22:35:05,5,-1,1,MX7866,0,1,70
M109,M112,22:35:25,5,0,1,AC3955,0,1,91
T431,T335,22:35:35,5,-1,1,AA7450,0,1,70
T375,T380,22:36:06,5,-1,1,MY9491,0,1,60
C652,C655,22:36:06,5,-1,1,MX7866,0,1,30
M94,M95/3,22:36:16,5,-1,-1,MX7769,0,1,80
T380,T379,22:37:06,5,-1,1,MY9491,0,1,20
C655,C657,22:37:17,5,-1,1,MX7866,0,1,50
T335,T326/3,22:37:27,5,-1,-1,AA7450,1,1,80
T379,T359,22:37:37,5,-1,1,MY9491,0,1,20
C657,C686,22:37:47,5,-1,1,MX7866,0,1,20
M112,M127,22:37:57,5,0,1,AC3955,0,1,60
T326/3,T332/2,22:38:27,5,-1,1,AA7450,0,1,40
T406,T345/1,22:38:27,5,-1,-1,MY9487,0,1,283
T359,T355/1,22:38:48,5,-1,1,MY9491,0,1,60
C686,C656,22:39:18,5,-1,2,MX7866,0,1,40
M127,M125,22:39:38,5,0,1,AC3955,0,1,40
T332/2,T325/2,22:39:38,5,-1,1,AA7450,0,1,60
C656,C654/3,22:40:19,5,-1,1,MX7866,0,1,50
T325/2,T339/2,22:40:29,5,-1,1,AA7450,0,1,20
M125,M136/2,22:40:49,5,0,1,AC3955,0,1,10
C654/3,C653/2,22:41:50,5,-1,2,MX7866,0,1,60
T345/1,T322,22:41:50,5,-1,-1,MY9487,0,1,181
M136/2,M139/2,22:42:33,5,0,1,AC3955,0,1,53
T339/2,T408/1,22:42:33,5,-1,-1,AA7450,0,1,104
T355/1,C688/1,22:42:33,5,-1,1,MY9491,0,1,195
C653/2,C692,22:43:14,5,-1,2,MX7866,0,1,74
T322,T342,22:43:44,5,-1,-1,MY9487,0,1,94
M139/2,M184,22:43:54,5,0,1,AC3955,0,1,40
C688/1,C691,22:43:54,5,-1,1,MY9491,0,1,40
C692,C689/1,22:44:14,5,-1,1,MX7866,0,1,50
M184,M188,22:44:35,5,0,1,AC3955,0,1,10
T342,T409,22:45:15,5,-1,1,MY9487,0,1,60
T408/1,T343,22:45:25,5,-1,-1,AA7450,0,1,131
C691,C652,22:45:35,5,-1,1,MY9491,0,1,60
M188,M203/2,22:45:56,5,0,1,AC3955,0,1,10
T409,T368,22:46:26,5,-1,1,MY9487,0,1,60
C652,C655,22:46:37,5,-1,1,MY9491,0,1,31
C689/1,T355/2,22:46:37,5,-1,1,MX7866,0,1,112
M203/2,M277,22:47:07,5,0,-1,AC3955,0,1,51
T368,T324/2,22:47:28,5,-1,1,MY9487,0,1,30
C655,C657,22:47:48,5,-1,1,MY9491,0,1,40
T355/2,T360,22:48:28,5,-1,1,MX7866,0,1,101
C657,C686,22:48:38,5,-1,1,MY9491,0,1,20
T343,T345/5,22:49:09,5,-1,1,AA7450,1,1,193
T360,T376/1,22:49:09,5,-1,1,MX7866,0,1,20
T324/2,T327,22:49:09,5,-1,1,MY9487,0,1,60
M277,M182/1,22:49:49,5,0,1,AC3955,0,1,151
C686,C656,22:49:49,5,-1,1,MY9491,0,1,30
T345/5,T344,22:50:09,5,-1,1,AA7450,0,1,40
T327,T326/2,22:50:19,5,-1,1,MY9487,0,1,30
T376/1,T363/1,22:50:30,5,-1,1,MX7866,0,1,70
M95/3,M22,22:50:40,5,-1,1,MX7769,0,1,80
T344,T356/1,22:50:50,5,-1,1,AA7450,0,1,30
C656,C654/3,22:50:50,5,-1,1,MY9491,0,1,50
T326/2,T337,22:51:43,5,-1,1,MY9487,0,1,73
M22,M10,22:52:04,5,-1,1,MX7769,0,1,63
T363/1,T374,22:52:04,5,-1,1,MX7866,0,1,53
T374,T406,22:52:34,5,-1,1,MX7866,0,1,20
T337,T334,22:52:34,5,-1,1,MY9487,0,1,20
T356/1,T373/2,22:53:04,5,-1,1,AA7450,1,1,124
M10,M16/1,22:53:45,5,-1,2,MX7769,0,1,90
T373/2,T375,22:53:55,5,-1,1,AA7450,0,1,20
T334,T430,22:54:25,5,-1,1,MY9487,0,1,50
M182/1,T431,22:54:36,5,0,1,AC3955,0,1,205
T375,T380,22:54:56,5,-1,1,AA7450,0,1,20
M16/1,M109,22:55:06,5,-1,1,MX7769,0,1,40
T380,T379,22:55:26,5,-1,1,AA7450,0,1,10
T431,T335,22:57:07,5,0,1,AC3955,0,1,121
T379,T355/1,22:57:07,5,-1,1,AA7450,1,1,90
T335,T338,22:57:48,5,0,1,AC3955,0,1,10
T406,T345/1,22:58:28,5,-1,-1,MX7866,0,1,343
T338,T326/3,22:58:58,5,0,-1,AC3955,0,1,60
M109,M127,22:59:09,5,-1,1,MX7769,1,1,212
C654/3,C653/2,22:59:09,5,-1,1,MY9491,0,1,70
T430,M177,22:59:19,5,-1,1,MY9487,0,1,283
T326/3,T332/2,22:59:44,5,0,1,AC3955,0,1,35
M127,M125,23:00:35,5,-1,1,MX7769,0,1,76
C653/2,C692,23:00:55,5,-1,-1,MY9491,0,1,96
T345/1,T322,23:01:06,5,-1,-1,MX7866,0,1,127
M125,M136/2,23:01:36,5,-1,1,MX7769,0,1,20
T332/2,T325/2,23:01:47,5,0,1,AC3955,0,1,82
T355/1,C688/1,23:01:47,5,-1,-1,AA7450,0,1,248
M136/2,M139/2,23:02:32,5,-1,1,MX7769,0,1,34
C692,C689/1,23:02:32,5,-1,1,MY9491,0,1,65
T325/2,T339/2,23:02:42,5,0,1,AC3955,0,1,10
T322,T342,23:02:42,5,-1,-1,MX7866,0,1,85
C688/1,C691,23:03:32,5,-1,1,AA7450,0,1,60
M139/2,M184,23:04:13,5,-1,1,MX7769,0,1,40
T342,T409,23:04:13,5,-1,1,MX7866,0,1,50
C689/1,T355/2,23:05:03,5,-1,1,MY9491,0,1,111
C691,C652,23:05:24,5,-1,1,AA7450,0,1,80
M184,M188,23:05:35,5,-1,1,MX7769,0,1,41
T409,T368,23:05:35,5,-1,1,MX7866,0,1,61
T339/2,T408/1,23:05:45,5,0,-1,AC3955,0,1,132
T368,T324/2,23:06:25,5,-1,1,MX7866,0,1,30
C652,C655,23:06:35,5,-1,1,AA7450,0,1,40
M188,M203/2,23:07:06,5,-1,1,MX7769,0,1,60
T355/2,T360,23:07:16,5,-1,1,MY9491,0,1,101
C655,C657,23:07:26,5,-1,1,AA7450,0,1,40
T324/2,T327,23:07:56,5,-1,1,MX7866,0,1,70
M203/2,M277,23:08:06,5,-1,-1,MX7769,0,1,30
C657,C686,23:08:06,5,-1,1,AA7450,0,1,30
M177,M198,23:08:06,5,-1,1,MY9487,0,1,183
T408/1,T343,23:08:17,5,0,-1,AC3955,0,1,111
T327,T326/2,23:08:37,5,-1,1,MX7866,0,1,30
T360,T376/1,23:08:57,5,-1,1,MY9491,0,1,80
M198,M183/2,23:09:37,5,-1,1,MY9487,0,1,80
T326/2,T337,23:09:48,5,-1,1,MX7866,0,1,50
T343,T316,23:10:18,5,0,1,AC3955,0,1,80
C686,C654/3,23:10:18,5,-1,1,AA7450,1,1,80
M277,M182/1,23:10:43,5,-1,1,MX7769,0,1,146
T337,T334,23:10:43,5,-1,1,MX7866,0,1,35
T376/1,T363/1,23:10:53,5,-1,1,MY9491,0,1,96
M183/2,M140/1,23:11:03,5,-1,1,MY9487,0,1,20
T316,T345/5,23:11:44,5,0,1,AC3955,0,1,75
T334,T430,23:12:04,5,-1,1,MX7866,0,1,50
T345/5,T344,23:12:55,5,0,1,AC3955,0,1,40
M140/1,M137/2,23:12:55,5,-1,1,MY9487,0,1,50
T363/1,T374,23:13:15,5,-1,1,MY9491,0,1,30
T344,T356/1,23:13:35,5,0,1,AC3955,0,1,30
T374,T406,23:13:55,5,-1,1,MY9491,0,1,30
C654/3,C653/2,23:14:05,5,-1,1,AA7450,0,1,40
M137/2,M132/1,23:14:15,5,-1,1,MY9487,0,1,20
T356/1,T358,23:15:06,5,0,1,AC3955,0,1,50
M132/1,M200,23:15:16,5,-1,3,MY9487,0,1,10
M182/1,T431,23:15:46,5,-1,1,MX7769,0,1,202
T358,T373/2,23:15:46,5,0,1,AC3955,0,1,30
C653/2,C692,23:15:46,5,-1,1,AA7450,0,1,70
M200,M201,23:16:27,5,-1,-1,MY9487,0,1,20
T373/2,T375,23:16:37,5,0,1,AC3955,0,1,20
T430,M177,23:16:57,5,-1,1,MX7866,0,1,283
T431,T335,23:17:29,5,-1,1,MX7769,0,1,61
T375,T380,23:17:29,5,0,1,AC3955,0,1,31
M201,M121,23:17:29,5,-1,1,MY9487,0,1,31
C692,C689/1,23:17:39,5,-1,1,AA7450,0,1,72
T380,T379,23:18:09,5,0,1,AC3955,0,1,10
T335,T338,23:18:19,5,-1,1,MX7769,0,1,10
M121,M119,23:18:30,5,-1,1,MY9487,0,1,30
T379,T359,23:18:40,5,0,1,AC3955,0,1,20
T406,T345/1,23:19:15,5,-1,-1,MY9491,0,1,259
T338,T326/3,23:19:45,5,-1,-1,MX7769,0,1,65
T359,T355/1,23:19:45,5,0,1,AC3955,0,1,50
M119,M113,23:19:56,5,-1,-1,MY9487,0,1,50
C689/1,T355/2,23:20:26,5,-1,1,AA7450,0,1,136
T345/1,T322,23:20:57,5,-1,-1,MY9491,0,1,92
M16/1,M109,23:21:07,5,-1,1,MY9282,0,1,132
M113,M94,23:21:07,5,-1,-1,MY9487,0,1,30
T326/3,T325/2,23:21:48,5,-1,1,MX7769,1,1,102
M94,M95/3,23:21:58,5,-1,-1,MY9487,0,1,20
T322,T342,23:22:38,5,-1,-1,MY9491,0,1,90
T325/2,T339/2,23:22:48,5,-1,1,MX7769,0,1,30
T355/2,T360,23:22:48,5,-1,1,AA7450,0,1,121
T342,T409,23:23:39,5,-1,1,MY9491,0,1,40
M177,M198,23:23:59,5,-1,2,MX7866,0,1,171
T355/1,C688/1,23:24:30,5,0,2,AC3955,0,1,253
T360,T376/1,23:24:50,5,-1,1,AA7450,0,1,101
T409,T368,23:24:50,5,-1,1,MY9491,0,1,60
T339/2,T408/1,23:25:10,5,-1,-1,MX7769,0,1,91
T368,T324/2,23:25:44,5,-1,1,MY9491,0,1,44
M109,M127,23:26:04,5,-1,1,MY9282,1,1,286
C688/1,C691,23:26:15,5,0,1,AC3955,0,1,30
M198,M183/2,23:26:15,5,-1,2,MX7866,0,1,115
M127,M125,23:27:05,5,-1,1,MY9282,0,1,40
T324/2,T327,23:27:05,5,-1,1,MY9491,0,1,40
T408/1,T343,23:27:25,5,-1,-1,MX7769,0,1,101
T376/1,T363/1,23:27:46,5,-1,1,AA7450,0,1,165
T327,T326/2,23:27:56,5,-1,1,MY9491,0,1,20
M183/2,M140/1,23:28:16,5,-1,1,MX7866,0,1,20
C691,C652,23:28:36,5,0,1,AC3955,0,1,101
M125,M136/2,23:28:46,5,-1,1,MY9282,0,1,60
T363/1,T374,23:28:56,5,-1,1,AA7450,0,1,40
T343,T316,23:29:17,5,-1,1,MX7769,0,1,91
M140/1,M137/2,23:29:17,5,-1,1,MX7866,0,1,40
T374,T406,23:29:37,5,-1,1,AA7450,0,1,30
T326/2,T334,23:29:37,5,-1,1,MY9491,1,1,70
C652,C655,23:29:47,5,0,1,AC3955,0,1,30
M136/2,M139/2,23:30:37,5,-1,1,MY9282,0,1,70
T334,T430,23:30:58,5,-1,1,MY9491,0,1,50
M95/3,M22,23:31:18,5,-1,1,MY9487,0,1,40
C655,C657,23:31:18,5,0,1,AC3955,0,1,40
M137/2,M132/1,23:31:18,5,-1,1,MX7866,0,1,50
M139/2,M184,23:31:28,5,-1,1,MY9282,0,1,20
T316,T345/5,23:31:28,5,-1,1,MX7769,0,1,101
M184,M188,23:32:09,5,-1,1,MY9282,0,1,10
C657,C686,23:32:09,5,0,1,AC3955,0,1,20
T345/5,T344,23:32:39,5,-1,1,MX7769,0,1,50
M132/1,M200,23:33:09,5,-1,3,MX7866,0,1,50
T344,T356/1,23:33:19,5,-1,1,MX7769,0,1,30
M22,M10,23:33:29,5,-1,1,MY9487,0,1,70
C686,C656,23:33:29,5,0,1,AC3955,0,1,60
M188,M203/2,23:33:50,5,-1,1,MY9282,0,1,20
T356/1,T358,23:34:20,5,-1,1,MX7769,0,1,50
M200,M201,23:34:20,5,-1,-1,MX7866,0,1,10
C656,C654/3,23:34:34,5,0,1,AC3955,0,1,54
M10,M16/1,23:34:44,5,-1,1,MY9487,0,1,64
T358,T373/2,23:35:14,5,-1,1,MX7769,0,1,30
T406,T345/1,23:35:24,5,-1,-1,AA7450,0,1,337
M16/1,M109,23:35:44,5,-1,1,MY9487,0,1,20
T373/2,T375,23:36:05,5,-1,1,MX7769,0,1,20
C654/3,C653/2,23:36:05,5,0,2,AC3955,0,1,60
T430,M177,23:36:05,5,-1,1,MY9491,0,1,296
M201,M119,23:37:05,5,-1,1,MX7866,1,1,141
M203/2,M182/1,23:37:36,5,-1,1,MY9282,1,1,205
T375,T380,23:37:36,5,-1,1,MX7769,0,1,50
C653/2,C692,23:37:46,5,0,-1,AC3955,0,1,80
T380,T379,23:38:16,5,-1,1,MX7769,0,1,10
M109,M112,23:38:46,5,-1,1,MY9487,0,1,131
T345/1,T342,23:38:46,5,-1,-1,AA7450,1,1,181
C692,C689/1,23:38:57,5,0,1,AC3955,0,1,40
T379,T359,23:39:07,5,-1,1,MX7769,0,1,10
M119,M113,23:39:17,5,-1,-1,MX7866,0,1,90
T342,T409,23:39:47,5,-1,1,AA7450,0,1,50
T359,T355/1,23:39:57,5,-1,1,MX7769,0,1,40
M113,M94,23:40:18,5,-1,-1,MX7866,0,1,30
M112,M127,23:40:28,5,-1,1,MY9487,0,1,40
M177,M198,23:40:48,5,-1,2,MY9491,0,1,131
T409,T368,23:40:58,5,-1,1,AA7450,0,1,60
M94,M95/3,23:40:58,5,-1,-1,MX7866,0,1,30
M127,M125,23:41:38,5,-1,1,MY9487,0,1,30
T368,T324/2,23:41:49,5,-1,1,AA7450,0,1,40
C689/1,T355/2,23:42:09,5,0,1,AC3955,0,1,151
M198,M183/2,23:42:29,5,-1,2,MY9491,0,1,90
T324/2,T327,23:43:09,5,-1,1,AA7450,0,1,50
M125,M136/2,23:43:20,5,-1,1,MY9487,0,1,10
T355/1,C688/1,23:43:52,5,-1,1,MX7769,0,1,193
T327,T326/2,23:43:52,5,-1,1,AA7450,0,1,32
M182/1,T431,23:44:02,5,-1,1,MY9282,0,1,203
M183/2,M140/1,23:44:12,5,-1,1,MY9491,0,1,10
T355/2,T360,23:44:42,5,0,1,AC3955,0,1,123
M136/2,M139/2,23:44:52,5,-1,2,MY9487,0,1,60
T326/2,T337,23:44:52,5,-1,1,AA7450,0,1,50
M140/1,M137/2,23:45:02,5,-1,1,MY9491,0,1,40
T360,T376/1,23:45:23,5,0,1,AC3955,0,1,20
T337,T334,23:45:23,5,-1,1,AA7450,0,1,20
M139/2,M184,23:45:54,5,-1,2,MY9487,0,1,31
C688/1,C691,23:45:54,5,-1,1,MX7769,0,1,82
M137/2,M132/1,23:46:04,5,-1,1,MY9491,0,1,20
M184,M188,23:46:25,5,-1,1,MY9487,0,1,10
T334,T430,23:46:25,5,-1,1,AA7450,0,1,50
T376/1,T363/1,23:46:35,5,0,1,AC3955,0,1,60
C691,C652,23:47:15,5,-1,1,MX7769,0,1,50
M132/1,M200,23:47:15,5,-1,2,MY9491,0,1,30
T431,T338,23:47:25,5,-1,1,MY9282,1,1,173
M188,M203/2,23:47:46,5,-1,1,MY9487,0,1,20
M203/2,M277,23:48:26,5,-1,-1,MY9487,0,1,30
T338,T326/3,23:48:26,5,-1,-1,MY9282,0,1,50
C652,C655,23:48:26,5,-1,1,MX7769,0,1,60
M200,M201,23:48:36,5,-1,-1,MY9491,0,1,30
T363/1,T374,23:48:56,5,0,1,AC3955,0,1,50
C655,C657,23:49:37,5,-1,1,MX7769,0,1,50
T374,T406,23:49:37,5,0,1,AC3955,0,1,30
M201,M121,23:49:37,5,-1,1,MY9491,0,1,30
C657,C686,23:50:27,5,-1,1,MX7769,0,1,30
M121,M119,23:50:48,5,-1,1,MY9491,0,1,30
M277,M182/1,23:50:58,5,-1,1,MY9487,0,1,141
T326/3,T325/2,23:50:58,5,-1,1,MY9282,1,1,141
C686,C656,23:51:38,5,-1,1,MX7769,0,1,30
T430,M177,23:51:38,5,-1,1,AA7450,0,1,303
T325/2,T339/2,23:51:58,5,-1,1,MY9282,0,1,20
C656,C654/3,23:52:49,5,-1,1,MX7769,0,1,60
M119,M113,23:53:19,5,-1,-1,MY9491,0,1,111
T339/2,T408/1,23:53:29,5,-1,-1,MY9282,0,1,60
C654/3,C653/2,23:53:50,5,-1,1,MX7769,0,1,40
T406,T345/1,23:53:50,5,0,-1,AC3955,0,1,242
M113,M94,23:54:52,5,-1,-1,MY9491,0,1,62
M182/1,T431,23:55:02,5,-1,1,MY9487,0,1,204
T408/1,T343,23:55:45,5,-1,-1,MY9282,0,1,95
M94,M95/3,23:55:45,5,-1,-1,MY9491,0,1,22
C653/2,C692,23:55:55,5,-1,1,MX7769,0,1,115
M177,M198,23:56:05,5,-1,2,AA7450,0,1,135
T431,T335,23:56:25,5,-1,1,MY9487,0,1,72
T345/1,T322,23:56:25,5,0,-1,AC3955,0,1,113
C692,C689/1,23:56:36,5,-1,1,MX7769,0,1,20
T335,T338,23:56:46,5,-1,1,MY9487,0,1,10
T343,T316,23:57:46,5,-1,1,MY9282,0,1,90
M198,M183/2,23:57:46,5,-1,2,AA7450,0,1,90
T338,T326/3,23:58:06,5,-1,-1,MY9487,0,1,70
T322,T342,23:58:06,5,0,-1,AC3955,0,1,90
M183/2,M140/1,23:58:47,5,-1,1,AA7450,0,1,10
T316,T345/5,23:58:57,5,-1,-1,MY9282,0,1,60
C689/1,T355/2,23:58:57,5,-1,1,MX7769,0,1,121
T326/3,T325/2,23:59:48,5,-1,1,MY9487,1,1,80
T342,T368,0:00:08,6,0,1,AC3955,1,1,90
T325/2,T339/2,0:00:18,6,-1,1,MY9487,0,1,20
T345/5,T344,0:00:18,6,-1,1,MY9282,0,1,60
T355/2,T360,0:00:48,6,-1,1,MX7769,0,1,101
M140/1,M137/2,0:00:48,6,-1,1,AA7450,0,1,91
T344,T356/1,0:00:58,6,-1,1,MY9282,0,1,30
T368,T324/2,0:01:19,6,0,1,AC3955,0,1,40
T356/1,T358,0:01:59,6,-1,1,MY9282,0,1,50
M137/2,M132/1,0:01:59,6,-1,1,AA7450,0,1,50
T339/2,T408/1,0:02:19,6,-1,-1,MY9487,0,1,90
T324/2,T327,0:02:29,6,0,1,AC3955,0,1,50
T358,T373/2,0:02:40,6,-1,1,MY9282,0,1,30
T360,T376/1,0:02:40,6,-1,1,MX7769,0,1,91
T373/2,T375,0:03:10,6,-1,1,MY9282,0,1,20
T327,T326/2,0:03:20,6,0,1,AC3955,0,1,30
M132/1,M200,0:03:30,6,-1,2,AA7450,0,1,40
T408/1,T343,0:04:11,6,-1,-1,MY9487,0,1,80
T375,T380,0:04:11,6,-1,1,MY9282,0,1,30
M200,M201,0:04:21,6,-1,-1,AA7450,0,1,20
T326/2,T337,0:04:33,6,0,1,AC3955,0,1,62
T380,T379,0:04:43,6,-1,1,MY9282,0,1,10
T376/1,T363/1,0:04:53,6,-1,1,MX7769,0,1,123
T337,T334,0:05:13,6,0,1,AC3955,0,1,20
T379,T359,0:05:24,6,-1,1,MY9282,0,1,20
M201,M121,0:05:24,6,-1,1,AA7450,0,1,20
T343,T316,0:06:14,6,-1,1,MY9487,0,1,101
T363/1,T374,0:06:14,6,-1,1,MX7769,0,1,60
T334,T430,0:06:34,6,0,1,AC3955,0,1,50
M121,M119,0:06:34,6,-1,1,AA7450,0,1,30
T359,T355/1,0:06:45,6,-1,1,MY9282,0,1,70
T374,T406,0:06:55,6,-1,1,MX7769,0,1,30
T316,T345/5,0:07:45,6,-1,-1,MY9487,0,1,80
M119,M113,0:07:45,6,-1,-1,AA7450,0,1,40
T345/5,T344,0:09:16,6,-1,1,MY9487,0,1,60
M113,M94,0:09:46,6,-1,-1,AA7450,0,1,80
T344,T356/1,0:10:07,6,-1,1,MY9487,0,1,30
M94,M95/3,0:10:57,6,-1,-1,AA7450,0,1,30
T355/1,C688/1,0:11:07,6,-1,1,MY9282,0,1,252
T406,T345/1,0:11:48,6,-1,-1,MX7769,0,1,272
T430,M177,0:12:18,6,0,1,AC3955,0,1,323
T356/1,T373/2,0:12:38,6,-1,1,MY9487,1,1,141
T373/2,T375,0:13:09,6,-1,1,MY9487,0,1,20
T375,T380,0:13:39,6,-1,1,MY9487,0,1,20
T380,T379,0:13:59,6,-1,1,MY9487,0,1,10
T345/1,T322,0:14:09,6,-1,-1,MX7769,0,1,121
T379,T359,0:14:30,6,-1,1,MY9487,0,1,20
T359,T355/1,0:15:40,6,-1,1,MY9487,0,1,60
T322,T342,0:15:50,6,-1,-1,MX7769,0,1,90
C688/1,C652,0:16:21,6,-1,1,MY9282,1,1,272
T342,T409,0:16:44,6,-1,1,MX7769,0,1,43
M177,M198,0:17:14,6,1,1,AC3955,0,1,154
T409,T368,0:17:54,6,-1,1,MX7769,0,1,60
M198,M183/2,0:18:15,6,1,2,AC3955,0,1,50
C652,C657,0:18:37,6,-1,1,MY9282,1,1,123
T368,T324/2,0:18:37,6,-1,1,MX7769,0,1,32
C657,C686,0:19:18,6,-1,1,MY9282,0,1,20
T324/2,T327,0:19:28,6,-1,1,MX7769,0,1,40
M183/2,M140/1,0:19:28,6,1,1,AC3955,0,1,20
T355/1,C688/1,0:19:58,6,-1,1,MY9487,0,1,227
C686,C656,0:20:18,6,-1,2,MY9282,0,1,30
T327,T326/2,0:20:39,6,-1,1,MX7769,0,1,30
C688/1,C691,0:20:59,6,-1,1,MY9487,0,1,30
C656,C654/3,0:21:19,6,-1,2,MY9282,0,1,50
M140/1,M137/2,0:21:29,6,1,1,AC3955,0,1,91
T326/2,T337,0:21:39,6,-1,1,MX7769,0,1,50
T337,T334,0:22:10,6,-1,1,MX7769,0,1,20
C691,C652,0:22:44,6,-1,1,MY9487,0,1,75
M137/2,M132/1,0:22:55,6,0,1,AC3955,0,1,20
T334,T430,0:23:15,6,-1,1,MX7769,0,1,54
C652,C655,0:23:25,6,-1,1,MY9487,0,1,30
M132/1,M200,0:24:15,6,0,2,AC3955,0,1,20
C655,C657,0:24:36,6,-1,1,MY9487,0,1,50
C654/3,C692,0:24:36,6,-1,2,MY9282,1,1,166
C657,C686,0:25:06,6,-1,1,MY9487,0,1,20
C692,C689/1,0:25:26,6,-1,1,MY9282,0,1,20
M200,M201,0:25:26,6,0,-1,AC3955,0,1,30
C686,C656,0:26:27,6,-1,1,MY9487,0,1,40
M201,M121,0:26:37,6,0,1,AC3955,0,1,30
C656,C654/3,0:27:28,6,-1,1,MY9487,0,1,50
C689/1,T355/2,0:27:48,6,-1,1,MY9282,0,1,121
M121,M119,0:27:58,6,0,1,AC3955,0,1,40
T430,M177,0:28:18,6,-1,1,MX7769,0,1,293
T355/2,T360,0:29:59,6,-1,1,MY9282,0,1,101
M119,M113,0:30:19,6,0,-1,AC3955,0,1,101
M113,M94,0:31:20,6,0,-1,AC3955,0,1,20
T360,T376/1,0:31:52,6,-1,1,MY9282,0,1,92
M177,M198,0:32:12,6,-1,1,MX7769,0,1,122
T376/1,T363/1,0:33:03,6,-1,1,MY9282,0,1,60
M94,M95/3,0:33:23,6,-1,-1,AC3955,0,1,60
T363/1,T374,0:33:53,6,-1,1,MY9282,0,1,30
M198,M183/2,0:33:53,6,-1,2,MX7769,0,1,90
T374,T406,0:34:34,6,-1,1,MY9282,0,1,20
M183/2,M140/1,0:35:24,6,-1,1,MX7769,0,1,10
M140/1,M137/2,0:36:15,6,-1,1,MX7769,0,1,30
C692,C689/1,0:36:55,6,-1,1,MY9487,0,1,30
M137/2,M132/1,0:37:15,6,-1,1,MX7769,0,1,30
M132/1,M200,0:38:06,6,-1,2,MX7769,0,1,20
T406,T345/1,0:39:17,6,-1,-1,MY9282,0,1,272
M200,M201,0:39:17,6,-1,-1,MX7769,0,1,10
C689/1,T355/2,0:39:47,6,-1,1,MY9487,0,1,141
M201,M121,0:40:17,6,-1,1,MX7769,0,1,20
T345/1,T322,0:40:48,6,-1,-1,MY9282,0,1,80
M121,M119,0:41:18,6,-1,1,MX7769,0,1,30
T355/2,T360,0:41:38,6,-1,1,MY9487,0,1,101
T360,T376/1,0:42:49,6,-1,1,MY9487,0,1,30
T322,T342,0:42:59,6,-1,-1,MY9282,0,1,101
M119,M113,0:43:09,6,-1,-1,MX7769,0,1,90
T376/1,T363/1,0:44:20,6,-1,1,MY9487,0,1,80
T342,T409,0:44:20,6,-1,1,MY9282,0,1,50
M113,M94,0:44:20,6,-1,-1,MX7769,0,1,50
T363/1,T374,0:45:25,6,-1,1,MY9487,0,1,40
T409,T368,0:45:25,6,-1,1,MY9282,0,1,50
M94,M95/3,0:45:25,6,-1,-1,MX7769,0,1,40
T374,T406,0:46:05,6,-1,1,MY9487,0,1,30
T368,T324/2,0:46:15,6,-1,1,MY9282,0,1,20
T324/2,T327,0:47:36,6,-1,1,MY9282,0,1,50
T327,T326/2,0:48:27,6,-1,1,MY9282,0,1,20
T326/2,T337,0:49:27,6,-1,1,MY9282,0,1,50
T406,T345/1,0:49:38,6,-1,-1,MY9487,0,2,202
T337,T334,0:50:28,6,-1,1,MY9282,0,2,30
T345/1,T322,0:51:39,6,-1,-1,MY9487,0,2,100
T334,T430,0:51:39,6,-1,1,MY9282,0,2,40
T322,T342,0:53:20,6,-1,-1,MY9487,0,2,90
T342,T409,0:54:11,6,-1,1,MY9487,0,2,40
T409,T368,0:55:12,6,-1,1,MY9487,0,2,50
T368,T324/2,0:55:52,6,-1,1,MY9487,0,2,30
T430,M177,0:56:23,6,-1,1,MY9282,0,2,273
T324/2,T327,0:56:54,6,-1,1,MY9487,0,2,51
T327,T326/2,0:57:34,6,-1,1,MY9487,0,2,30
T326/2,T334,0:58:55,6,-1,1,MY9487,1,2,70
T334,T430,1:00:06,6,-1,1,MY9487,0,2,50
M177,M183/2,1:01:47,6,-1,1,MY9282,1,2,282
M183/2,M140/1,1:02:37,6,-1,1,MY9282,0,2,20
M140/1,M137/2,1:04:18,6,-1,1,MY9282,0,2,80
T430,M177,1:04:59,6,-1,1,MY9487,0,2,282
M137/2,M132/1,1:05:09,6,-1,1,MY9282,0,2,30
M132/1,M200,1:05:59,6,-1,3,MY9282,0,2,10
M200,M201,1:07:23,6,-1,-1,MY9282,0,2,73
M201,M121,1:08:48,6,-1,1,MY9282,0,2,64
M177,M198,1:09:18,6,-1,1,MY9487,0,2,145
M121,M119,1:09:48,6,-1,1,MY9282,0,2,20
M198,M183/2,1:10:59,6,-1,1,MY9487,0,2,90
M183/2,M140/1,1:11:40,6,-1,1,MY9487,0,2,20
M119,M113,1:11:50,6,-1,-1,MY9282,0,2,111
M140/1,M137/2,1:13:12,6,-1,1,MY9487,0,2,30
M113,M94,1:13:12,6,-1,-1,MY9282,0,2,62
M94,M95/3,1:13:52,6,-1,-1,MY9282,0,2,30
M137/2,M132/1,1:14:02,6,-1,1,MY9487,0,2,20
M132/1,M200,1:14:54,6,-1,3,MY9487,0,2,20
M200,M201,1:15:45,6,-1,-1,MY9487,0,2,20
M201,M121,1:16:56,6,-1,1,MY9487,0,2,40
M121,M119,1:17:47,6,-1,1,MY9487,0,2,40
M119,M113,1:19:48,6,-1,-1,MY9487,0,2,111
M113,M94,1:21:39,6,-1,-1,MY9487,0,2,90
M94,M95/3,1:22:32,6,-1,-1,MY9487,0,2,32
M95/3,M22,6:00:24,6,-1,1,MY9487,0,2,40
M22,M10,6:01:35,6,-1,1,MY9487,0,2,30
M10,M16/1,6:03:16,6,-1,1,MY9487,0,2,60
M16/1,M109,6:04:16,6,-1,1,MY9487,0,2,20
M109,M112,6:07:18,6,-1,1,MY9487,0,2,151
M112,M127,6:08:09,6,-1,1,MY9487,0,2,20
M127,M125,6:09:09,6,-1,1,MY9487,0,2,50
M125,M136/2,6:10:20,6,-1,1,MY9487,0,2,20
M136/2,M139/2,6:10:41,6,-1,1,MY9487,0,2,10
M139/2,M184,6:12:44,6,-1,1,MY9487,0,2,71
M184,M188,6:13:24,6,-1,1,MY9487,0,2,10
M188,M203/2,6:13:45,6,-1,1,MY9487,0,2,10
M203/2,M277,6:14:45,6,-1,-1,MY9487,0,2,40
M277,M182/1,6:16:56,6,-1,1,MY9487,0,2,121
M95/3,M22,6:21:29,6,-1,1,MY7560,0,2,70
M182/1,T335,6:21:29,6,-1,1,MY9487,1,2,262
T335,T338,6:22:09,6,-1,1,MY9487,0,2,10
M22,M10,6:22:40,6,-1,1,MY7560,0,2,40
T338,T326/3,6:23:20,6,-1,-1,MY9487,0,2,60
T326/3,T332/2,6:24:12,6,-1,1,MY9487,0,2,30
M10,M16/1,6:24:22,6,-1,1,MY7560,0,2,81
T332/2,T325/2,6:25:12,6,-1,1,MY9487,0,2,50
M16/1,M109,6:25:22,6,-1,1,MY7560,0,2,10
T325/2,T339/2,6:25:54,6,-1,1,MY9487,0,2,10
M109,M112,6:27:24,6,-1,1,MY7560,0,2,90
T339/2,T408/1,6:27:35,6,-1,-1,MY9487,0,2,80
M112,M127,6:28:45,6,-1,1,MY7560,0,2,10
M127,M125,6:29:36,6,-1,1,MY7560,0,2,20
T408/1,T343,6:29:56,6,-1,-1,MY9487,0,2,131
M125,M136/2,6:31:07,6,-1,1,MY7560,0,2,60
M136/2,M139/2,6:31:37,6,-1,1,MY7560,0,2,10
T343,T316,6:31:47,6,-1,1,MY9487,0,2,80
M139/2,M184,6:32:27,6,-1,1,MY7560,0,2,30
M184,M188,6:33:28,6,-1,1,MY7560,0,2,20
C654/3,C653/2,6:33:28,6,-1,1,MX7769,0,2,70
T316,T345/5,6:33:38,6,-1,-1,MY9487,0,2,101
T345/5,T344,6:34:59,6,-1,1,MY9487,0,2,70
M188,M203/2,6:35:09,6,-1,1,MY7560,0,2,80
C653/2,C692,6:35:19,6,-1,-1,MX7769,0,2,100
M203/2,M277,6:35:49,6,-1,-1,MY7560,0,2,30
T344,T356/1,6:36:00,6,-1,1,MY9487,0,2,30
T356/1,T358,6:37:17,6,-1,1,MY9487,0,2,67
C692,C689/1,6:37:17,6,-1,1,MX7769,0,2,108
T358,T373/2,6:37:48,6,-1,1,MY9487,0,2,20
M277,M182/1,6:37:58,6,-1,1,MY7560,0,2,118
T373/2,T375,6:38:28,6,-1,1,MY9487,0,2,20
C689/1,T355/2,6:39:09,6,-1,1,MX7769,0,2,90
T375,T380,6:39:29,6,-1,1,MY9487,0,2,30
T380,T379,6:39:49,6,-1,1,MY9487,0,2,10
T379,T359,6:40:29,6,-1,1,MY9487,0,2,20
M95/3,M22,6:40:50,6,-1,1,MY9491,0,2,50
T355/2,T360,6:41:10,6,-1,1,MX7769,0,2,90
M182/1,T431,6:41:30,6,-1,1,MY7560,0,2,202
T359,T355/1,6:41:30,6,-1,1,MY9487,0,2,50
T360,T376/1,6:42:10,6,-1,1,MX7769,0,2,20
T376/1,T363/1,6:42:54,6,-1,1,MX7769,0,2,33
T431,T335,6:43:04,6,-1,1,MY7560,0,2,63
M22,M10,6:43:34,6,-1,1,MY9491,0,2,104
T335,T338,6:43:34,6,-1,1,MY7560,0,2,10
T363/1,T374,6:43:44,6,-1,1,MX7769,0,2,30
T338,T326/3,6:44:55,6,-1,-1,MY7560,0,2,50
M10,M16/1,6:45:05,6,-1,1,MY9491,0,2,80
T355/1,C688/1,6:45:15,6,-1,-1,MY9487,0,2,194
T326/3,T332/2,6:45:36,6,-1,1,MY7560,0,2,30
M16/1,M109,6:46:16,6,-1,1,MY9491,0,2,20
C688/1,C691,6:46:16,6,-1,-1,MY9487,0,2,30
T332/2,T325/2,6:46:56,6,-1,1,MY7560,0,2,70
T325/2,T339/2,6:47:17,6,-1,1,MY7560,0,2,10
C691,C652,6:48:17,6,-1,-1,MY9487,0,2,100
C654/3,C653/2,6:48:17,6,-1,1,MX7866,0,2,50
T339/2,T408/1,6:48:27,6,-1,-1,MY7560,0,2,40
M109,M112,6:49:18,6,-1,1,MY9491,0,2,141
C652,C655,6:49:18,6,-1,-1,MY9487,0,2,30
M112,M127,6:49:48,6,-1,1,MY9491,0,2,20
T374,T345/1,6:49:58,6,-1,-1,MX7769,1,2,363
T408/1,T343,6:50:08,6,-1,-1,MY7560,0,2,70
C655,C657,6:50:08,6,-1,-1,MY9487,0,2,40
M127,M125,6:50:39,6,-1,1,MY9491,0,2,20
C657,C686,6:50:49,6,-1,-1,MY9487,0,2,30
C653/2,C689/1,6:51:31,6,-1,1,MX7866,1,2,183
M125,M136/2,6:51:51,6,-1,1,MY9491,0,2,10
C686,C656,6:52:01,6,-1,1,MY9487,0,2,30
T345/1,T322,6:52:01,6,-1,-1,MX7769,0,2,92
T343,T316,6:52:12,6,-1,1,MY7560,0,2,92
C656,C654/3,6:52:53,6,-1,-1,MY9487,0,2,41
M136/2,M139/2,6:53:44,6,-1,1,MY9491,0,2,50
C689/1,T355/2,6:53:54,6,-1,1,MX7866,0,2,112
T316,T345/5,6:54:04,6,-1,-1,MY7560,0,2,102
T322,T342,6:54:04,6,-1,-1,MX7769,0,2,90
M139/2,M184,6:54:54,6,-1,1,MY9491,0,2,30
T342,T409,6:55:04,6,-1,1,MX7769,0,2,50
T345/5,T344,6:55:14,6,-1,1,MY7560,0,2,50
T355/2,T360,6:55:35,6,-1,1,MX7866,0,2,90
M184,M188,6:55:55,6,-1,1,MY9491,0,2,10
T344,T356/1,6:55:55,6,-1,1,MY7560,0,2,30
T409,T368,6:55:55,6,-1,1,MX7769,0,2,40
T360,T376/1,6:56:15,6,-1,1,MX7866,0,2,20
T368,T324/2,6:56:25,6,-1,1,MX7769,0,2,20
C654/3,C653/2,6:56:56,6,-1,1,MY9487,0,2,60
T324/2,T327,6:57:16,6,-1,1,MX7769,0,2,40
M188,M203/2,6:57:26,6,-1,1,MY9491,0,2,10
T356/1,T358,6:57:26,6,-1,1,MY7560,0,2,80
T376/1,T363/1,6:57:36,6,-1,1,MX7866,0,2,40
C653/2,C692,6:57:56,6,-1,-1,MY9487,0,2,50
T358,T373/2,6:58:06,6,-1,1,MY7560,0,2,30
T327,T326/2,6:58:27,6,-1,1,MX7769,0,2,30
M203/2,M277,6:58:37,6,-1,-1,MY9491,0,2,60
T373/2,T375,6:58:37,6,-1,1,MY7560,0,2,20
T363/1,T374,6:58:47,6,-1,1,MX7866,0,2,30
T326/2,T337,6:59:07,6,-1,1,MX7769,0,2,30
T374,T406,6:59:27,6,-1,1,MX7866,0,2,30
C692,C689/1,6:59:47,6,-1,1,MY9487,0,2,90
T337,T334,6:59:58,6,-1,1,MX7769,0,2,10
T375,T379,7:00:18,6,-1,1,MY7560,1,2,90
M277,M182/1,7:00:48,6,-1,1,MY9491,0,2,121
T334,T430,7:01:28,6,-1,1,MX7769,0,2,80
T379,T355/1,7:01:39,6,-1,1,MY7560,1,2,70
C689/1,T355/2,7:02:00,6,-1,1,MY9487,0,2,112
T355/2,T360,7:04:04,6,-1,1,MY9487,0,2,93
M182/1,T431,7:04:24,6,-1,1,MY9491,0,2,195
T406,T345/1,7:04:34,6,-1,-1,MX7866,0,2,296
T355/1,C688/1,7:05:05,6,-1,-1,MY7560,0,2,195
M22,M10,7:05:15,6,-1,1,MY9154,0,2,90
T431,T335,7:05:55,6,-1,1,MY9491,0,2,70
T360,T376/1,7:05:55,6,-1,1,MY9487,0,2,90
T430,M177,7:06:25,6,-1,1,MX7769,0,2,265
T345/1,T322,7:06:36,6,-1,-1,MX7866,0,2,101
C688/1,C652,7:06:46,6,-1,-1,MY7560,1,2,90
T376/1,T363/1,7:06:56,6,-1,1,MY9487,0,2,50
M10,M16/1,7:07:26,6,-1,1,MY9154,0,2,80
T335,T326/3,7:07:56,6,-1,-1,MY9491,1,2,90
C652,C655,7:07:56,6,-1,-1,MY7560,0,2,60
T363/1,T374,7:07:56,6,-1,1,MY9487,0,2,30
T322,T342,7:08:27,6,-1,-1,MX7866,0,2,80
T374,T406,7:08:37,6,-1,1,MY9487,0,2,30
T326/3,T332/2,7:08:57,6,-1,1,MY9491,0,2,40
C655,C657,7:08:57,6,-1,-1,MY7560,0,2,50
T342,T409,7:09:27,6,-1,1,MX7866,0,2,40
M16/1,M109,7:09:38,6,-1,1,MY9154,0,2,10
C657,C686,7:09:38,6,-1,-1,MY7560,0,2,10
M177,M183/2,7:09:48,6,-1,1,MX7769,1,2,181
T332/2,T339/2,7:10:18,6,-1,1,MY9491,1,2,60
T409,T368,7:10:38,6,-1,1,MX7866,0,2,60
C686,C656,7:10:58,6,-1,1,MY7560,0,2,50
M183/2,M140/1,7:10:58,6,-1,1,MX7769,0,2,20
T368,T324/2,7:11:19,6,-1,1,MX7866,0,2,20
M140/1,M137/2,7:11:39,6,-1,1,MX7769,0,2,30
M109,M112,7:11:49,6,-1,1,MY9154,0,2,80
C656,C654/3,7:11:59,6,-1,-1,MY7560,0,2,50
T339/2,T408/1,7:12:09,6,-1,-1,MY9491,0,2,91
T324/2,T327,7:12:30,6,-1,1,MX7866,0,2,50
M137/2,M132/1,7:12:30,6,-1,1,MX7769,0,2,20
M112,M127,7:12:40,6,-1,1,MY9154,0,2,20
T327,T326/2,7:13:20,6,-1,1,MX7866,0,2,20
M132/1,M200,7:13:32,6,-1,2,MX7769,0,2,32
T408/1,T343,7:13:42,6,-1,-1,MY9491,0,2,82
M127,M125,7:13:52,6,-1,1,MY9154,0,2,32
T326/2,T337,7:14:23,6,-1,1,MX7866,0,2,50
M125,M136/2,7:14:33,6,-1,1,MY9154,0,2,10
M200,M201,7:14:33,6,-1,-1,MX7769,0,2,20
M136/2,M139/2,7:15:13,6,-1,1,MY9154,0,2,20
T337,T334,7:15:13,6,-1,1,MX7866,0,2,20
C654/3,C653/2,7:15:23,6,-1,1,MY7560,0,2,60
M201,M121,7:15:23,6,-1,1,MX7769,0,2,30
T343,T316,7:15:33,6,-1,1,MY9491,0,2,80
T406,T345/1,7:15:33,6,-1,-1,MY9487,0,2,406
T334,T430,7:16:14,6,-1,1,MX7866,0,2,50
M139/2,M184,7:16:54,6,-1,1,MY9154,0,2,30
C653/2,C689/1,7:17:24,6,-1,1,MY7560,1,2,111
T345/1,T322,7:17:35,6,-1,-1,MY9487,0,2,101
M184,M188,7:17:45,6,-1,1,MY9154,0,2,10
T316,T345/5,7:18:25,6,-1,-1,MY9491,0,2,161
M121,M113,7:18:45,6,-1,-1,MX7769,1,2,171
T322,T342,7:19:16,6,-1,-1,MY9487,0,2,90
M188,M203/2,7:19:26,6,-1,1,MY9154,0,2,20
C689/1,T355/2,7:19:56,6,-1,1,MY7560,0,2,131
M203/2,M277,7:20:16,6,-1,-1,MY9154,0,2,40
T345/5,T344,7:20:16,6,-1,1,MY9491,0,2,90
T430,M177,7:20:57,6,-1,1,MX7866,0,2,272
M113,M95/3,7:20:57,6,-1,-1,MX7769,1,2,40
T342,T409,7:21:07,6,-1,1,MY9487,0,2,70
T344,T356/1,7:21:17,6,-1,1,MY9491,0,2,30
T355/2,T360,7:21:57,6,-1,1,MY7560,0,2,90
T409,T368,7:22:07,6,-1,1,MY9487,0,2,50
M277,M182/1,7:22:38,6,-1,1,MY9154,0,2,131
T368,T324/2,7:22:48,6,-1,1,MY9487,0,2,20
T356/1,T358,7:23:28,6,-1,1,MY9491,0,2,80
T360,T376/1,7:23:28,6,-1,1,MY7560,0,2,80
M95/3,M22,7:23:38,6,-1,1,MY9282,0,2,70
M177,M198,7:23:38,6,-1,1,MX7866,0,2,121
T324/2,T327,7:24:09,6,-1,1,MY9487,0,2,60
T358,T373/2,7:24:19,6,-1,1,MY9491,0,2,30
T327,T326/2,7:24:49,6,-1,1,MY9487,0,2,20
M22,M10,7:25:19,6,-1,1,MY9282,0,2,40
T373/2,T375,7:25:19,6,-1,1,MY9491,0,2,30
T376/1,T363/1,7:25:19,6,-1,1,MY7560,0,2,101
M198,M183/2,7:25:31,6,-1,1,MX7866,0,2,102
T326/2,T337,7:26:01,6,-1,1,MY9487,0,2,61
T375,T380,7:26:11,6,-1,1,MY9491,0,2,40
T363/1,T374,7:26:32,6,-1,1,MY7560,0,2,31
M183/2,M140/1,7:26:32,6,-1,1,MX7866,0,2,11
M182/1,T431,7:26:43,6,-1,1,MY9154,0,2,204
T337,T334,7:26:43,6,-1,1,MY9487,0,2,21
M10,M16/1,7:26:53,6,-1,1,MY9282,0,2,71
T380,T379,7:26:53,6,-1,1,MY9491,0,2,10
T374,T406,7:27:13,6,-1,1,MY7560,0,2,30
M140/1,M137/2,7:27:33,6,-1,1,MX7866,0,2,50
T334,T430,7:27:53,6,-1,1,MY9487,0,2,50
T431,T335,7:28:03,6,-1,1,MY9154,0,2,70
T379,T359,7:28:03,6,-1,1,MY9491,0,2,60
T335,T338,7:28:34,6,-1,1,MY9154,0,2,10
M16/1,M109,7:28:54,6,-1,1,MY9282,0,2,10
M137/2,M132/1,7:29:04,6,-1,1,MX7866,0,2,20
T359,T355/1,7:29:14,6,-1,1,MY9491,0,2,60
T338,T326/3,7:29:55,6,-1,-1,MY9154,0,2,50
M132/1,M200,7:30:25,6,-1,2,MX7866,0,2,20
M109,M112,7:30:55,6,-1,1,MY9282,0,2,81
T326/3,T332/2,7:31:06,6,-1,1,MY9154,0,2,40
M200,M201,7:31:06,6,-1,-1,MX7866,0,2,10
T406,T345/1,7:31:16,6,-1,-1,MY7560,0,2,232
M201,M121,7:32:16,6,-1,1,MX7866,0,2,40
T430,M177,7:32:36,6,-1,1,MY9487,0,2,272
T355/1,C688/1,7:32:57,6,-1,-1,MY9491,0,2,202
T345/1,T322,7:32:57,6,-1,-1,MY7560,0,2,80
M112,M127,7:33:07,6,-1,1,MY9282,0,2,70
T332/2,T325/2,7:33:07,6,-1,1,MY9154,0,2,70
M121,M119,7:33:47,6,-1,1,MX7866,0,2,60
T325/2,T339/2,7:33:57,6,-1,1,MY9154,0,2,30
M127,M125,7:34:08,6,-1,1,MY9282,0,2,30
C688/1,C691,7:34:18,6,-1,-1,MY9491,0,2,40
T322,T342,7:34:28,6,-1,-1,MY7560,0,2,80
T342,T409,7:35:28,6,-1,1,MY7560,0,2,40
M177,M198,7:35:28,6,-1,1,MY9487,0,2,141
M125,M136/2,7:35:38,6,-1,1,MY9282,0,2,60
T339/2,T408/1,7:35:38,6,-1,-1,MY9154,0,2,80
M136/2,M139/2,7:35:59,6,-1,1,MY9282,0,2,10
M119,M113,7:36:09,6,-1,-1,MX7866,0,2,121
C691,C652,7:36:19,6,-1,-1,MY9491,0,2,90
T409,T368,7:36:29,6,-1,1,MY7560,0,2,40
T368,T324/2,7:36:59,6,-1,1,MY7560,0,2,20
M139/2,M184,7:37:23,6,-1,1,MY9282,0,2,44
C652,C655,7:37:23,6,-1,-1,MY9491,0,2,34
M198,M183/2,7:37:34,6,-1,1,MY9487,0,2,115
M113,M94,7:37:44,6,-1,-1,MX7866,0,2,74
M184,M188,7:37:54,6,-1,1,MY9282,0,2,10
T408/1,T343,7:37:54,6,-1,-1,MY9154,0,2,94
M183/2,M140/1,7:38:24,6,-1,1,MY9487,0,2,10
C655,C657,7:38:34,6,-1,-1,MY9491,0,2,40
T324/2,T326/2,7:38:34,6,-1,1,MY7560,1,2,70
M94,M95/3,7:38:34,6,-1,-1,MX7866,0,2,40
M188,M203/2,7:39:25,6,-1,1,MY9282,0,2,80
C657,C686,7:39:25,6,-1,-1,MY9491,0,2,20
T326/2,T337,7:39:25,6,-1,1,MY7560,0,2,40
M140/1,M137/2,7:39:45,6,-1,1,MY9487,0,2,40
T337,T334,7:39:55,6,-1,1,MY7560,0,2,20
T343,T316,7:40:05,6,-1,1,MY9154,0,2,91
M137/2,M132/1,7:40:46,6,-1,1,MY9487,0,2,30
M203/2,M277,7:40:56,6,-1,-1,MY9282,0,2,60
C686,C656,7:40:56,6,-1,1,MY9491,0,2,30
T334,T430,7:41:16,6,-1,1,MY7560,0,2,70
M132/1,M200,7:41:46,6,-1,2,MY9487,0,2,30
C656,C654/3,7:42:06,6,-1,-1,MY9491,0,2,50
T316,T345/5,7:42:32,6,-1,-1,MY9154,0,2,136
M200,M201,7:42:42,6,-1,-1,MY9487,0,2,10
M95/3,M10,7:43:02,6,-1,1,MX7769,1,2,156
M277,M182/1,7:43:02,6,-1,1,MY9282,0,2,116
C654/3,C653/2,7:43:42,6,-1,1,MY9491,0,2,50
M201,M121,7:43:42,6,-1,1,MY9487,0,2,20
T345/5,T344,7:44:03,6,-1,1,MY9154,0,2,60
T344,T356/1,7:44:43,6,-1,1,MY9154,0,2,30
C653/2,C692,7:44:43,6,-1,-1,MY9491,0,2,40
M121,M119,7:44:53,6,-1,1,MY9487,0,2,30
M10,M16/1,7:45:03,6,-1,1,MX7769,0,2,80
M16/1,M109,7:46:04,6,-1,1,MX7769,0,2,20
T430,M177,7:46:04,6,-1,1,MY7560,0,2,277
C692,C689/1,7:46:24,6,-1,1,MY9491,0,2,60
M119,M113,7:46:34,6,-1,-1,MY9487,0,2,80
M182/1,T431,7:46:54,6,-1,1,MY9282,0,2,202
T356/1,T358,7:46:54,6,-1,1,MY9154,0,2,90
T358,T373/2,7:47:46,6,-1,1,MY9154,0,2,21
T431,T335,7:48:06,6,-1,1,MY9282,0,2,61
M177,M198,7:48:36,6,-1,1,MY7560,0,2,122
T335,T338,7:48:47,6,-1,1,MY9282,0,2,10
T373/2,T375,7:48:47,6,-1,1,MY9154,0,2,50
M109,M112,7:48:57,6,-1,1,MX7769,0,2,122
M113,M95/3,7:49:07,6,-1,-1,MY9487,1,2,122
C689/1,T355/2,7:49:17,6,-1,1,MY9491,0,2,142
M112,M127,7:49:27,6,-1,1,MX7769,0,2,20
T375,T380,7:49:37,6,-1,1,MY9154,0,2,20
T338,T326/3,7:50:07,6,-1,-1,MY9282,0,2,50
M198,M183/2,7:50:07,6,-1,1,MY7560,0,2,80
T380,T379,7:50:18,6,-1,1,MY9154,0,2,10
M127,M125,7:50:28,6,-1,1,MX7769,0,2,20
T326/3,T332/2,7:50:48,6,-1,1,MY9282,0,2,30
M183/2,M140/1,7:51:08,6,-1,1,MY7560,0,2,20
M95/3,M22,7:51:18,6,-1,1,MX7866,0,2,50
T379,T359,7:51:18,6,-1,1,MY9154,0,2,40
T355/2,T360,7:51:18,6,-1,1,MY9491,0,2,111
M125,M136/2,7:51:28,6,-1,1,MX7769,0,2,10
M140/1,M137/2,7:51:49,6,-1,1,MY7560,0,2,20
M136/2,M139/2,7:52:09,6,-1,1,MX7769,0,2,10
T332/2,T325/2,7:52:19,6,-1,1,MY9282,0,2,50
T359,T355/1,7:52:29,6,-1,1,MY9154,0,2,60
T360,T376/1,7:52:49,6,-1,1,MY9491,0,2,80
M137/2,M132/1,7:52:49,6,-1,1,MY7560,0,2,40
T325/2,T339/2,7:53:10,6,-1,1,MY9282,0,2,20
M139/2,M184,7:53:20,6,-1,1,MX7769,0,2,50
M22,M10,7:53:33,6,-1,1,MX7866,0,2,114
M132/1,M200,7:53:33,6,-1,2,MY7560,0,2,13
M200,M201,7:54:24,6,-1,-1,MY7560,0,2,20
M184,M188,7:54:44,6,-1,1,MX7769,0,2,10
M10,M16/1,7:54:54,6,-1,1,MX7866,0,2,50
T339/2,T408/1,7:54:54,6,-1,-1,MY9282,0,2,70
T376/1,T363/1,7:54:54,6,-1,1,MY9491,0,2,114
M201,M121,7:55:04,6,-1,1,MY7560,0,2,20
T363/1,T374,7:55:45,6,-1,1,MY9491,0,2,30
M188,M203/2,7:55:55,6,-1,1,MX7769,0,2,10
T374,T406,7:56:15,6,-1,1,MY9491,0,2,20
T355/1,C688/1,7:56:25,6,-1,-1,MY9154,0,2,205
T408/1,T343,7:56:35,6,-1,-1,MY9282,0,2,90
M16/1,M109,7:56:45,6,-1,1,MX7866,0,2,10
M203/2,M277,7:56:55,6,-1,-1,MX7769,0,2,30
M121,M113,7:57:05,6,-1,-1,MY7560,1,2,90
C688/1,C691,7:57:26,6,-1,-1,MY9154,0,2,30
T343,T316,7:58:46,6,-1,1,MY9282,0,2,80
M277,M182/1,7:58:56,6,-1,1,MX7769,0,2,111
C691,C652,7:58:56,6,-1,-1,MY9154,0,2,60
M113,M94,7:58:56,6,-1,-1,MY7560,0,2,80
M109,M112,7:59:17,6,-1,1,MX7866,0,2,111
M94,M95/3,7:59:37,6,-1,-1,MY7560,0,2,20
C652,C655,7:59:57,6,-1,-1,MY9154,0,2,30
M112,M127,8:00:07,6,-1,1,MX7866,0,2,20
C655,C657,8:01:18,6,-1,-1,MY9154,0,2,50
M127,M125,8:01:28,6,-1,1,MX7866,0,2,40
T406,T345/1,8:01:38,6,-1,-1,MY9491,0,2,313
T316,T345/5,8:01:48,6,-1,-1,MY9282,0,2,171
C657,C686,8:02:08,6,-1,-1,MY9154,0,2,20
M125,M136/2,8:02:49,6,-1,1,MX7866,0,2,20
M182/1,T431,8:02:49,6,-1,1,MX7769,0,2,202
M136/2,M139/2,8:03:19,6,-1,1,MX7866,0,2,20
T345/5,T344,8:03:29,6,-1,1,MY9282,0,2,90
C686,C656,8:03:39,6,-1,1,MY9154,0,2,60
T345/1,T322,8:03:39,6,-1,-1,MY9491,0,2,101
T431,T335,8:04:20,6,-1,1,MX7769,0,2,70
T344,T356/1,8:04:33,6,-1,1,MY9282,0,2,33
C656,C654/3,8:04:43,6,-1,-1,MY9154,0,2,10
T335,T338,8:05:13,6,-1,1,MX7769,0,2,20
M139/2,M184,8:05:24,6,-1,1,MX7866,0,2,63
T322,T342,8:05:24,6,-1,-1,MY9491,0,2,94
C654/3,C653/2,8:05:54,6,-1,1,MY9154,0,2,40
M184,M188,8:06:14,6,-1,1,MX7866,0,2,10
M95/3,M22,8:06:24,6,-1,1,MY9362,0,2,101
T342,T409,8:06:24,6,-1,1,MY9491,0,2,40
T338,T326/3,8:06:44,6,-1,-1,MX7769,0,2,80
T356/1,T358,8:06:44,6,-1,1,MY9282,0,2,101
M188,M203/2,8:07:35,6,-1,1,MX7866,0,2,10
T326/3,T332/2,8:07:45,6,-1,1,MX7769,0,2,50
T358,T373/2,8:07:45,6,-1,1,MY9282,0,2,30
C653/2,C692,8:07:45,6,-1,-1,MY9154,0,2,101
T409,T368,8:07:55,6,-1,1,MY9491,0,2,81
T373/2,T375,8:08:46,6,-1,1,MY9282,0,2,30
T368,T324/2,8:08:46,6,-1,1,MY9491,0,2,40
M22,M10,8:08:56,6,-1,1,MY9362,0,2,101
T332/2,T325/2,8:08:56,6,-1,1,MX7769,0,2,60
C692,C689/1,8:09:16,6,-1,1,MY9154,0,2,70
T325/2,T339/2,8:09:26,6,-1,1,MX7769,0,2,10
T375,T380,8:09:47,6,-1,1,MY9282,0,2,30
T324/2,T327,8:10:07,6,-1,1,MY9491,0,2,50
T380,T379,8:10:27,6,-1,1,MY9282,0,2,10
M10,M16/1,8:10:37,6,-1,1,MY9362,0,2,60
M203/2,M182/1,8:10:47,6,-1,1,MX7866,1,2,171
T379,T359,8:11:18,6,-1,1,MY9282,0,2,20
T327,T326/2,8:11:28,6,-1,1,MY9491,0,2,50
M16/1,M109,8:11:58,6,-1,1,MY9362,0,2,10
T359,T355/1,8:12:18,6,-1,1,MY9282,0,2,50
C689/1,T355/2,8:12:28,6,-1,1,MY9154,0,2,151
T326/2,T337,8:12:38,6,-1,1,MY9491,0,2,50
T339/2,T343,8:12:59,6,-1,-1,MX7769,1,2,181
T337,T334,8:13:19,6,-1,1,MY9491,0,2,20
T334,T430,8:14:30,6,-1,1,MY9491,0,2,50
M182/1,T431,8:14:40,6,-1,1,MX7866,0,2,202
T355/2,T360,8:14:40,6,-1,1,MY9154,0,2,121
M109,M112,8:14:50,6,-1,1,MY9362,0,2,141
T343,T316,8:14:50,6,-1,1,MX7769,0,2,80
T431,T335,8:15:53,6,-1,1,MX7866,0,2,63
T360,T376/1,8:16:03,6,-1,1,MY9154,0,2,63
M112,M127,8:16:34,6,-1,1,MY9362,0,2,50
T335,T338,8:16:34,6,-1,1,MX7866,0,2,20
T355/1,C688/1,8:16:44,6,-1,-1,MY9282,0,2,255
T376/1,T363/1,8:17:14,6,-1,1,MY9154,0,2,60
T316,T345/5,8:17:24,6,-1,-1,MX7769,0,2,144
M95/3,M22,8:17:45,6,-1,1,MY9487,0,2,10
C688/1,C691,8:17:45,6,-1,-1,MY9282,0,2,30
T338,T326/3,8:17:55,6,-1,-1,MX7866,0,2,70
M127,M125,8:18:25,6,-1,1,MY9362,0,2,60
T345/5,T344,8:18:55,6,-1,1,MX7769,0,2,50
T430,M177,8:19:16,6,-1,1,MY9491,0,2,275
M125,M136/2,8:19:46,6,-1,1,MY9362,0,2,10
T344,T356/1,8:19:46,6,-1,1,MX7769,0,2,30
T326/3,T339/2,8:20:37,6,-1,1,MX7866,2,2,151
M136/2,M139/2,8:21:27,6,-1,1,MY9362,0,2,70
T356/1,T358,8:21:37,6,-1,1,MX7769,0,2,80
C691,C655,8:21:47,6,-1,-1,MY9282,1,2,192
T358,T373/2,8:22:07,6,-1,1,MX7769,0,2,20
M177,M198,8:22:18,6,-1,1,MY9491,0,2,161
M22,M16/1,8:22:28,6,-1,1,MY9487,1,2,232
M139/2,M184,8:22:48,6,-1,1,MY9362,0,2,40
T339/2,T408/1,8:22:58,6,-1,-1,MX7866,0,2,91
C655,C657,8:22:58,6,-1,-1,MY9282,0,2,40
T373/2,T375,8:23:08,6,-1,1,MX7769,0,2,20
M184,M188,8:23:38,6,-1,1,MY9362,0,2,20
C657,C686,8:23:38,6,-1,-1,MY9282,0,2,30
T375,T380,8:23:59,6,-1,1,MX7769,0,2,20
M198,M183/2,8:24:09,6,-1,1,MY9491,0,2,101
T408/1,T343,8:24:19,6,-1,-1,MX7866,0,2,70
T406,T345/1,8:24:29,6,-1,-1,MY9154,0,2,151
T380,T379,8:24:39,6,-1,1,MX7769,0,2,10
M16/1,M109,8:24:49,6,-1,1,MY9487,0,2,20
M188,M203/2,8:24:59,6,-1,1,MY9362,0,2,10
C686,C656,8:24:59,6,-1,1,MY9282,0,2,40
T379,T359,8:25:33,6,-1,1,MX7769,0,2,22
M183/2,M140/1,8:25:43,6,-1,1,MY9491,0,2,43
C656,C654/3,8:26:13,6,-1,-1,MY9282,0,2,63
T343,T316,8:26:23,6,-1,1,MX7866,0,2,93
T359,T355/1,8:26:23,6,-1,1,MX7769,0,2,40
M109,M112,8:26:33,6,-1,1,MY9487,0,2,73
T345/1,T322,8:27:03,6,-1,-1,MY9154,0,2,124
M140/1,M137/2,8:27:14,6,-1,1,MY9491,0,2,50
M112,M127,8:27:34,6,-1,1,MY9487,0,2,50
M137/2,M132/1,8:28:14,6,-1,1,MY9491,0,2,30
M203/2,M182/1,8:28:24,6,-1,1,MY9362,1,2,161
M127,M125,8:28:34,6,-1,1,MY9487,0,2,30
T316,T345/5,8:28:55,6,-1,-1,MX7866,0,2,141
T322,T342,8:29:05,6,-1,-1,MY9154,0,2,90
M132/1,M200,8:29:46,6,-1,2,MY9491,0,2,10
T355/1,C688/1,8:30:16,6,-1,-1,MX7769,0,2,203
M125,M136/2,8:30:27,6,-1,1,MY9487,0,2,91
T342,T409,8:30:27,6,-1,1,MY9154,0,2,40
T345/5,T344,8:30:37,6,-1,1,MX7866,0,2,60
M95/3,M22,8:30:47,6,-1,1,MY9211,0,2,50
M200,M201,8:30:47,6,-1,-1,MY9491,0,2,10
M136/2,M139/2,8:31:07,6,-1,1,MY9487,0,2,20
T344,T356/1,8:31:17,6,-1,1,MX7866,0,2,30
M182/1,T431,8:31:47,6,-1,1,MY9362,0,2,193
T409,T368,8:31:47,6,-1,1,MY9154,0,2,40
C688/1,C691,8:32:28,6,-1,-1,MX7769,0,2,40
C654/3,C653/2,8:32:38,6,-1,1,MY9282,0,2,101
M201,M121,8:32:38,6,-1,1,MY9491,0,2,70
T368,T324/2,8:32:48,6,-1,1,MY9154,0,2,40
T356/1,T358,8:32:58,6,-1,1,MX7866,0,2,70
M22,M10,8:33:08,6,-1,1,MY9211,0,2,101
T431,T335,8:33:08,6,-1,1,MY9362,0,2,60
M121,M119,8:33:08,6,-1,1,MY9491,0,2,20
M139/2,M184,8:33:19,6,-1,1,MY9487,0,2,60
T358,T373/2,8:34:09,6,-1,1,MX7866,0,2,30
M184,M188,8:34:29,6,-1,1,MY9487,0,2,20
C691,C652,8:34:39,6,-1,-1,MX7769,0,2,60
T324/2,T327,8:34:39,6,-1,1,MY9154,0,2,80
M188,M203/2,8:35:00,6,-1,1,MY9487,0,2,10
T335,T326/3,8:35:10,6,-1,-1,MY9362,1,2,90
T373/2,T375,8:35:10,6,-1,1,MX7866,0,2,30
M119,M113,8:35:10,6,-1,-1,MY9491,0,2,80
C653/2,C692,8:35:20,6,-1,-1,MY9282,0,2,151
T327,T326/2,8:35:32,6,-1,1,MY9154,0,2,32
C652,C655,8:35:42,6,-1,-1,MX7769,0,2,52
T326/3,T332/2,8:35:52,6,-1,1,MY9362,0,2,32
T375,T380,8:35:52,6,-1,1,MX7866,0,2,20
M10,M16/1,8:36:12,6,-1,1,MY9211,0,2,163
M203/2,M277,8:36:23,6,-1,-1,MY9487,0,2,50
T380,T379,8:36:23,6,-1,1,MX7866,0,2,10
M113,M94,8:36:23,6,-1,-1,MY9491,0,2,40
C655,C657,8:36:33,6,-1,-1,MX7769,0,2,40
C692,C689/1,8:36:33,6,-1,1,MY9282,0,2,50
T332/2,T325/2,8:37:03,6,-1,1,MY9362,0,2,60
T379,T359,8:37:03,6,-1,1,MX7866,0,2,20
C657,C686,8:37:13,6,-1,-1,MX7769,0,2,30
M16/1,M109,8:37:33,6,-1,1,MY9211,0,2,10
M94,M95/3,8:37:33,6,-1,-1,MY9491,0,2,50
T325/2,T339/2,8:37:43,6,-1,1,MY9362,0,2,20
T359,T355/1,8:38:04,6,-1,1,MX7866,0,2,50
M277,M182/1,8:38:34,6,-1,1,MY9487,0,2,121
C686,C656,8:38:34,6,-1,1,MX7769,0,2,30
T339/2,T408/1,8:39:24,6,-1,-1,MY9362,0,2,70
C656,C654/3,8:39:35,6,-1,-1,MX7769,0,2,50
T326/2,T337,8:39:45,6,-1,1,MY9154,0,2,50
C689/1,T355/2,8:40:25,6,-1,1,MY9282,0,2,141
T337,T334,8:40:45,6,-1,1,MY9154,0,2,20
M109,M112,8:41:36,6,-1,1,MY9211,0,2,191
T408/1,T343,8:41:36,6,-1,-1,MY9362,0,2,121
T355/1,C688/1,8:41:56,6,-1,-1,MX7866,0,2,202
T334,T430,8:42:16,6,-1,1,MY9154,0,2,50
M182/1,T431,8:42:26,6,-1,1,MY9487,0,2,202
C688/1,C691,8:42:36,6,-1,-1,MX7866,0,2,20
T355/2,T360,8:42:57,6,-1,1,MY9282,0,2,121
C654/3,C653/2,8:43:17,6,-1,1,MX7769,0,2,80
M112,M127,8:43:27,6,-1,1,MY9211,0,2,40
T343,T316,8:43:27,6,-1,1,MY9362,0,2,80
T431,T335,8:43:47,6,-1,1,MY9487,0,2,60
T360,T376/1,8:43:57,6,-1,1,MY9282,0,2,30
T335,T338,8:44:28,6,-1,1,MY9487,0,2,10
M127,M125,8:44:38,6,-1,1,MY9211,0,2,30
C691,C652,8:44:38,6,-1,-1,MX7866,0,2,90
T376/1,T363/1,8:44:58,6,-1,1,MY9282,0,2,50
C653/2,C692,8:45:18,6,-1,-1,MX7769,0,2,80
M95/3,M22,8:45:38,6,-1,1,MY7560,0,2,111
C652,C655,8:45:49,6,-1,-1,MX7866,0,2,30
M125,M136/2,8:45:59,6,-1,1,MY9211,0,2,20
T338,T326/3,8:46:09,6,-1,-1,MY9487,0,2,70
T363/1,T374,8:46:09,6,-1,1,MY9282,0,2,50
T316,T345/5,8:46:19,6,-1,-1,MY9362,0,2,141
M136/2,M139/2,8:46:29,6,-1,1,MY9211,0,2,20
C692,C689/1,8:46:29,6,-1,1,MX7769,0,2,60
M22,M10,8:47:09,6,-1,1,MY7560,0,2,60
C655,C657,8:47:09,6,-1,-1,MX7866,0,2,50
T430,M177,8:47:20,6,-1,1,MY9154,0,2,283
C657,C686,8:47:34,6,-1,-1,MX7866,0,2,14
T345/5,T344,8:47:44,6,-1,1,MY9362,0,2,65
T326/3,T325/2,8:47:55,6,-1,1,MY9487,1,2,95
M139/2,M184,8:48:25,6,-1,1,MY9211,0,2,75
T344,T356/1,8:48:25,6,-1,1,MY9362,0,2,30
T325/2,T339/2,8:48:35,6,-1,1,MY9487,0,2,10
C686,C656,8:48:45,6,-1,1,MX7866,0,2,20
M10,M16/1,8:49:25,6,-1,1,MY7560,0,2,80
M184,M188,8:49:25,6,-1,1,MY9211,0,2,20
C689/1,T355/2,8:49:25,6,-1,1,MX7769,0,2,146
C656,C654/3,8:49:46,6,-1,-1,MX7866,0,2,50
M177,M198,8:49:46,6,-1,1,MY9154,0,2,121
T339/2,T408/1,8:50:26,6,-1,-1,MY9487,0,2,60
M16/1,M109,8:50:36,6,-1,1,MY7560,0,2,20
M188,M203/2,8:50:57,6,-1,1,MY9211,0,2,10
T356/1,T373/2,8:51:17,6,-1,1,MY9362,1,2,131
T355/2,T360,8:51:27,6,-1,1,MX7769,0,2,101
C654/3,C653/2,8:51:37,6,-1,1,MX7866,0,2,30
T408/1,T343,8:51:47,6,-1,-1,MY9487,0,2,60
M198,M183/2,8:51:57,6,-1,1,MY9154,0,2,121
T373/2,T375,8:52:07,6,-1,1,MY9362,0,2,30
T360,T376/1,8:52:18,6,-1,1,MX7769,0,2,30
M203/2,M277,8:52:28,6,-1,-1,MY9211,0,2,50
C653/2,C692,8:53:18,6,-1,-1,MX7866,0,2,90
T376/1,T363/1,8:53:28,6,-1,1,MX7769,0,2,60
T375,T380,8:53:38,6,-1,1,MY9362,0,2,70
M183/2,M140/1,8:53:38,6,-1,1,MY9154,0,2,40
T343,T316,8:53:49,6,-1,1,MY9487,0,2,90
M109,M112,8:53:59,6,-1,1,MY7560,0,2,171
T363/1,T374,8:54:09,6,-1,1,MX7769,0,2,20
T380,T379,8:54:19,6,-1,1,MY9362,0,2,20
T374,T345/1,8:54:19,6,-1,-1,MY9282,1,2,439
T379,T359,8:54:39,6,-1,1,MY9362,0,2,10
M277,M182/1,8:54:49,6,-1,1,MY9211,0,2,131
T374,T406,8:54:49,6,-1,1,MX7769,0,2,30
C692,C689/1,8:54:59,6,-1,1,MX7866,0,2,60
M112,M127,8:55:20,6,-1,1,MY7560,0,2,40
M140/1,M137/2,8:55:20,6,-1,1,MY9154,0,2,50
T316,T345/5,8:55:41,6,-1,-1,MY9487,0,2,102
T359,T355/1,8:55:41,6,-1,1,MY9362,0,2,52
T345/1,T322,8:56:22,6,-1,-1,MY9282,0,2,82
M137/2,M132/1,8:56:32,6,-1,1,MY9154,0,2,40
M127,M125,8:56:42,6,-1,1,MY7560,0,2,20
T345/5,T344,8:57:13,6,-1,1,MY9487,0,2,60
M132/1,M200,8:57:33,6,-1,2,MY9154,0,2,20
T344,T356/1,8:57:53,6,-1,1,MY9487,0,2,30
C689/1,T355/2,8:57:53,6,-1,1,MX7866,0,2,111
M125,M136/2,8:58:34,6,-1,1,MY7560,0,2,81
M182/1,T431,8:58:34,6,-1,1,MY9211,0,2,194
T406,T345/1,8:58:44,6,-1,-1,MX7769,0,2,224
T322,T342,8:58:44,6,-1,-1,MY9282,0,2,111
M200,M201,8:58:54,6,-1,-1,MY9154,0,2,20
T356/1,T358,8:59:14,6,-1,1,MY9487,0,2,50
T355/1,C688/1,8:59:14,6,-1,-1,MY9362,0,2,202
M136/2,M139/2,8:59:24,6,-1,1,MY7560,0,2,10
T355/2,T360,8:59:45,6,-1,1,MX7866,0,2,101
T431,T335,8:59:55,6,-1,1,MY9211,0,2,70
T358,T373/2,8:59:55,6,-1,1,MY9487,0,2,30
T342,T409,8:59:55,6,-1,1,MY9282,0,2,40
M201,M121,9:00:15,6,-1,1,MY9154,0,2,30
T373/2,T375,9:00:36,6,-1,1,MY9487,0,2,31
M95/3,M22,9:00:46,6,-1,1,MY9491,0,2,41
T335,T338,9:00:46,6,-1,1,MY9211,0,2,21
T360,T376/1,9:00:46,6,-1,1,MX7866,0,2,31
T345/1,T322,9:00:46,6,-1,-1,MX7769,0,2,102
M139/2,M184,9:01:17,6,-1,1,MY7560,0,2,71
C688/1,C691,9:01:17,6,-1,-1,MY9362,0,2,81
T375,T380,9:01:37,6,-1,1,MY9487,0,2,30
M121,M119,9:01:37,6,-1,1,MY9154,0,2,30
T409,T368,9:01:47,6,-1,1,MY9282,0,2,81
M22,M10,9:01:57,6,-1,1,MY9491,0,2,30
T338,T326/3,9:02:17,6,-1,-1,MY9211,0,2,80
T380,T379,9:02:17,6,-1,1,MY9487,0,2,10
M184,M203/2,9:02:27,6,-1,1,MY7560,1,2,30
T379,T359,9:02:38,6,-1,1,MY9487,0,2,10
T368,T324/2,9:02:38,6,-1,1,MY9282,0,2,30
T322,T342,9:02:48,6,-1,-1,MX7769,0,2,111
T326/3,T332/2,9:03:08,6,-1,1,MY9211,0,2,40
T376/1,T363/1,9:03:08,6,-1,1,MX7866,0,2,121
C691,C652,9:03:18,6,-1,-1,MY9362,0,2,91
M203/2,M277,9:03:28,6,-1,-1,MY7560,0,2,30
T359,T355/1,9:03:38,6,-1,1,MY9487,0,2,40
T363/1,T374,9:03:59,6,-1,1,MX7866,0,2,20
T342,T409,9:03:59,6,-1,1,MX7769,0,2,60
T324/2,T327,9:04:09,6,-1,1,MY9282,0,2,50
M10,M16/1,9:04:19,6,-1,1,MY9491,0,2,70
C652,C655,9:04:19,6,-1,-1,MY9362,0,2,30
T332/2,T325/2,9:04:29,6,-1,1,MY9211,0,2,60
M119,M113,9:04:39,6,-1,-1,MY9154,0,2,141
T374,T406,9:04:49,6,-1,1,MX7866,0,2,40
C655,C657,9:05:09,6,-1,-1,MY9362,0,2,40
T327,T326/2,9:05:19,6,-1,1,MY9282,0,2,30
M16/1,M109,9:05:30,6,-1,1,MY9491,0,2,10
M277,M182/1,9:05:30,6,-1,1,MY7560,0,2,111
T409,T324/2,9:05:30,6,-1,1,MX7769,1,2,70
T325/2,T339/2,9:05:40,6,-1,1,MY9211,0,2,10
C657,C686,9:05:50,6,-1,-1,MY9362,0,2,20
M113,M94,9:05:50,6,-1,-1,MY9154,0,2,30
T326/2,T337,9:06:20,6,-1,1,MY9282,0,2,50
T324/2,T327,9:06:52,6,-1,1,MX7769,0,2,51
T355/1,C688/1,9:07:02,6,-1,-1,MY9487,0,2,193
M94,M95/3,9:07:02,6,-1,-1,MY9154,0,2,41
C686,C656,9:07:22,6,-1,1,MY9362,0,2,40
T327,T326/2,9:07:22,6,-1,1,MX7769,0,2,20
T339/2,T408/1,9:07:32,6,-1,-1,MY9211,0,2,72
T337,T334,9:07:32,6,-1,1,MY9282,0,2,30
M109,M112,9:08:13,6,-1,1,MY9491,0,2,122
T326/2,T337,9:08:13,6,-1,1,MX7769,0,2,40
C688/1,C691,9:08:33,6,-1,-1,MY9487,0,2,80
C656,C654/3,9:08:33,6,-1,-1,MY9362,0,2,50
T334,T430,9:09:03,6,-1,1,MY9282,0,2,60
M182/1,T431,9:09:34,6,-1,1,MY7560,0,2,203
T408/1,T343,9:09:44,6,-1,-1,MY9211,0,2,101
T406,T345/1,9:09:44,6,-1,-1,MX7866,0,2,284
C654/3,C653/2,9:10:04,6,-1,1,MY9362,0,2,60
T337,T430,9:10:04,6,-1,1,MX7769,1,2,101
M112,M127,9:10:44,6,-1,1,MY9491,0,2,131
C691,C652,9:10:55,6,-1,-1,MY9487,0,2,131
T431,T335,9:11:05,6,-1,1,MY7560,0,2,60
M127,M125,9:11:35,6,-1,1,MY9491,0,2,40
C652,C655,9:11:35,6,-1,-1,MY9487,0,2,30
T335,T338,9:11:45,6,-1,1,MY7560,0,2,10
T343,T316,9:11:45,6,-1,1,MY9211,0,2,90
C653/2,C692,9:11:45,6,-1,-1,MY9362,0,2,91
C655,C657,9:12:26,6,-1,-1,MY9487,0,2,40
T338,T326/3,9:12:46,6,-1,-1,MY7560,0,2,50
C657,C686,9:13:06,6,-1,-1,MY9487,0,2,30
C692,C689/1,9:13:16,6,-1,1,MY9362,0,2,60
T345/1,T342,9:13:16,6,-1,-1,MX7866,1,2,192
M125,M136/2,9:13:26,6,-1,1,MY9491,0,2,90
T326/3,T332/2,9:13:26,6,-1,1,MY7560,0,2,30
M136/2,M139/2,9:13:57,6,-1,1,MY9491,0,2,20
T430,M177,9:14:07,6,-1,1,MY9282,0,2,273
T316,T345/5,9:14:27,6,-1,-1,MY9211,0,2,151
C686,C656,9:14:27,6,-1,1,MY9487,0,2,30
T430,M177,9:14:27,6,-1,1,MX7769,0,2,252
T332/2,T325/2,9:14:47,6,-1,1,MY7560,0,2,50
T342,T409,9:14:47,6,-1,1,MX7866,0,2,50
T325/2,T339/2,9:15:18,6,-1,1,MY7560,0,2,20
C656,C654/3,9:15:28,6,-1,-1,MY9487,0,2,50
C689/1,T355/2,9:15:58,6,-1,1,MY9362,0,2,131
T345/5,T344,9:16:08,6,-1,1,MY9211,0,2,90
M139/2,M184,9:16:18,6,-1,1,MY9491,0,2,90
T409,T368,9:16:28,6,-1,1,MX7866,0,2,70
T339/2,T408/1,9:16:48,6,-1,-1,MY7560,0,2,70
M177,M198,9:16:59,6,-1,1,MY9282,0,2,121
M184,M188,9:17:09,6,-1,1,MY9491,0,2,10
T344,T356/1,9:17:09,6,-1,1,MY9211,0,2,30
T368,T324/2,9:17:09,6,-1,1,MX7866,0,2,30
C654/3,C653/2,9:17:29,6,-1,1,MY9487,0,2,80
T355/2,T360,9:17:59,6,-1,1,MY9362,0,2,101
M188,M203/2,9:18:40,6,-1,1,MY9491,0,2,10
T408/1,T343,9:18:40,6,-1,-1,MY7560,0,2,70
M177,M183/2,9:18:40,6,-1,1,MX7769,1,2,242
T324/2,T327,9:18:50,6,-1,1,MX7866,0,2,70
M198,M183/2,9:18:50,6,-1,1,MY9282,0,2,90
T360,T376/1,9:19:10,6,-1,1,MY9362,0,2,60
C653/2,C692,9:19:20,6,-1,-1,MY9487,0,2,101
M203/2,M277,9:19:34,6,-1,-1,MY9491,0,2,44
T356/1,T373/2,9:19:34,6,-1,1,MY9211,1,2,104
T327,T326/2,9:19:44,6,-1,1,MX7866,0,2,23
M183/2,M140/1,9:20:04,6,-1,1,MX7769,0,2,10
M183/2,M140/1,9:20:25,6,-1,1,MY9282,0,2,10
T343,T316,9:20:35,6,-1,1,MY7560,0,2,84
T373/2,T375,9:20:45,6,-1,1,MY9211,0,2,40
C692,C689/1,9:20:45,6,-1,1,MY9487,0,2,70
T376/1,T363/1,9:20:55,6,-1,1,MY9362,0,2,94
M140/1,M137/2,9:21:15,6,-1,1,MX7769,0,2,30
M140/1,M137/2,9:21:25,6,-1,1,MY9282,0,2,30
T375,T380,9:21:46,6,-1,1,MY9211,0,2,50
M277,M182/1,9:22:06,6,-1,1,MY9491,0,2,141
T363/1,T374,9:22:06,6,-1,1,MY9362,0,2,40
M137/2,M132/1,9:22:16,6,-1,1,MX7769,0,2,50
T316,T345/5,9:22:26,6,-1,-1,MY7560,0,2,101
T380,T379,9:22:26,6,-1,1,MY9211,0,2,20
M137/2,M132/1,9:22:36,6,-1,1,MY9282,0,2,60
T326/2,T430,9:22:46,6,-1,1,MX7866,2,2,171
T374,T406,9:23:06,6,-1,1,MY9362,0,2,30
C689/1,T355/2,9:23:27,6,-1,1,MY9487,0,2,141
M132/1,M200,9:23:47,6,-1,2,MX7769,0,2,20
T345/5,T344,9:23:57,6,-1,1,MY7560,0,2,60
T379,T355/1,9:24:07,6,-1,1,MY9211,1,2,90
T344,T356/1,9:24:37,6,-1,1,MY7560,0,2,20
T355/2,T360,9:25:48,6,-1,1,MY9487,0,2,100
M200,M121,9:25:48,6,-1,1,MX7769,1,2,90
M182/1,T431,9:26:08,6,-1,1,MY9491,0,2,202
M132/1,M201,9:26:18,6,-1,-1,MY9282,1,2,111
T360,T376/1,9:26:39,6,-1,1,MY9487,0,2,40
T356/1,T358,9:26:49,6,-1,1,MY7560,0,2,90
M121,M119,9:26:59,6,-1,1,MX7769,0,2,30
T430,M177,9:27:29,6,-1,1,MX7866,0,2,272
T358,T373/2,9:27:39,6,-1,1,MY7560,0,2,30
M201,M121,9:27:39,6,-1,1,MY9282,0,2,50
M22,M10,9:28:00,6,-1,1,MY9154,0,2,70
T431,T335,9:28:00,6,-1,1,MY9491,0,2,91
T373/2,T375,9:28:20,6,-1,1,MY7560,0,2,30
T355/1,C688/1,9:28:32,6,-1,-1,MY9211,0,2,254
T335,T338,9:28:42,6,-1,1,MY9491,0,2,10
M121,M119,9:28:42,6,-1,1,MY9282,0,2,32
T376/1,T363/1,9:29:02,6,-1,1,MY9487,0,2,103
T406,T345/1,9:29:12,6,-1,-1,MY9362,0,2,355
M119,M94,9:29:33,6,-1,-1,MX7769,1,2,123
M10,M16/1,9:30:03,6,-1,1,MY9154,0,2,70
T338,T326/3,9:30:03,6,-1,-1,MY9491,0,2,60
T375,T379,9:30:03,6,-1,1,MY7560,1,2,81
T363/1,T374,9:30:03,6,-1,1,MY9487,0,2,30
C688/1,C691,9:30:13,6,-1,-1,MY9211,0,2,71
M177,M198,9:30:24,6,-1,1,MX7866,0,2,143
M94,M95/3,9:30:24,6,-1,-1,MX7769,0,2,20
T374,T406,9:30:44,6,-1,1,MY9487,0,2,30
M119,M113,9:30:44,6,-1,-1,MY9282,0,2,61
M16/1,M109,9:31:15,6,-1,1,MY9154,0,2,10
T326/3,T332/2,9:31:25,6,-1,1,MY9491,0,2,61
M113,M94,9:31:35,6,-1,-1,MY9282,0,2,30
T345/1,T322,9:32:15,6,-1,-1,MY9362,0,2,162
T379,T355/1,9:32:25,6,-1,1,MY7560,1,2,111
M94,M95/3,9:32:25,6,-1,-1,MY9282,0,2,20
T332/2,T325/2,9:32:46,6,-1,1,MY9491,0,2,60
C691,C652,9:32:46,6,-1,-1,MY9211,0,2,111
C652,C655,9:33:26,6,-1,-1,MY9211,0,2,30
M198,M183/2,9:33:36,6,-1,1,MX7866,0,2,181
T325/2,T339/2,9:33:46,6,-1,1,MY9491,0,2,20
M109,M112,9:34:17,6,-1,1,MY9154,0,2,121
C655,C657,9:34:47,6,-1,-1,MY9211,0,2,50
M183/2,M140/1,9:34:47,6,-1,1,MX7866,0,2,30
C657,C686,9:35:17,6,-1,-1,MY9211,0,2,20
T339/2,T408/1,9:35:37,6,-1,-1,MY9491,0,2,70
T406,T345/1,9:35:48,6,-1,-1,MY9487,0,2,272
T322,T342,9:35:48,6,-1,-1,MY9362,0,2,171
T355/1,C688/1,9:35:58,6,-1,-1,MY7560,0,2,181
M112,M127,9:36:08,6,-1,1,MY9154,0,2,30
M140/1,M137/2,9:36:38,6,-1,1,MX7866,0,2,40
C686,C656,9:36:48,6,-1,1,MY9211,0,2,40
T342,T409,9:37:18,6,-1,1,MY9362,0,2,40
M137/2,M132/1,9:37:29,6,-1,1,MX7866,0,2,40
T408/1,T343,9:37:39,6,-1,-1,MY9491,0,2,111
T345/1,T322,9:37:49,6,-1,-1,MY9487,0,2,101
C688/1,C691,9:37:59,6,-1,-1,MY7560,0,2,30
M127,M125,9:38:09,6,-1,1,MY9154,0,2,30
C656,C654/3,9:38:39,6,-1,-1,MY9211,0,2,60
T409,T368,9:38:39,6,-1,1,MY9362,0,2,50
M132/1,M200,9:38:50,6,-1,2,MX7866,0,2,40
T322,T342,9:39:32,6,-1,-1,MY9487,0,2,93
T368,T324/2,9:39:32,6,-1,1,MY9362,0,2,32
M125,M136/2,9:39:42,6,-1,1,MY9154,0,2,10
M200,M201,9:39:42,6,-1,-1,MX7866,0,2,32
T343,T316,9:39:53,6,-1,1,MY9491,0,2,93
M136/2,M139/2,9:40:33,6,-1,1,MY9154,0,2,10
C654/3,C653/2,9:40:33,6,-1,1,MY9211,0,2,83
T342,T409,9:40:33,6,-1,1,MY9487,0,2,50
M201,M121,9:41:03,6,-1,1,MX7866,0,2,50
T324/2,T327,9:41:23,6,-1,1,MY9362,0,2,80
T316,T345/5,9:41:55,6,-1,-1,MY9491,0,2,112
C691,C657,9:42:05,6,-1,-1,MY7560,2,2,205
C653/2,C692,9:42:15,6,-1,-1,MY9211,0,2,91
T409,T368,9:42:15,6,-1,1,MY9487,0,2,81
M139/2,M184,9:42:35,6,-1,1,MY9154,0,2,30
C657,C686,9:42:45,6,-1,-1,MY7560,0,2,20
T368,T324/2,9:43:06,6,-1,1,MY9487,0,2,40
T345/5,T344,9:43:46,6,-1,1,MY9491,0,2,101
T327,T337,9:43:46,6,-1,1,MY9362,1,2,111
C692,C689/1,9:44:06,6,-1,1,MY9211,0,2,60
M184,M188,9:44:16,6,-1,1,MY9154,0,2,10
C686,C656,9:44:16,6,-1,1,MY7560,0,2,50
T324/2,T327,9:44:16,6,-1,1,MY9487,0,2,60
T337,T334,9:44:27,6,-1,1,MY9362,0,2,20
T344,T356/1,9:44:47,6,-1,1,MY9491,0,2,30
M121,M113,9:44:47,6,-1,-1,MX7866,1,2,203
T327,T326/2,9:44:57,6,-1,1,MY9487,0,2,30
M188,M203/2,9:45:17,6,-1,1,MY9154,0,2,10
C656,C654/3,9:45:37,6,-1,-1,MY7560,0,2,40
T334,T430,9:45:37,6,-1,1,MY9362,0,2,40
T326/2,T337,9:46:18,6,-1,1,MY9487,0,2,70
C689/1,T355/2,9:46:28,6,-1,1,MY9211,0,2,111
M113,M94,9:46:28,6,-1,-1,MX7866,0,2,30
M203/2,M277,9:46:48,6,-1,-1,MY9154,0,2,40
T337,T334,9:46:58,6,-1,1,MY9487,0,2,30
T356/1,T358,9:47:08,6,-1,1,MY9491,0,2,101
M94,M95/3,9:47:49,6,-1,-1,MX7866,0,2,50
T358,T373/2,9:48:09,6,-1,1,MY9491,0,2,30
T334,T430,9:48:19,6,-1,1,MY9487,0,2,50
M95/3,M22,9:48:29,6,-1,1,MY9282,0,2,30
M277,M182/1,9:48:59,6,-1,1,MY9154,0,2,121
T355/2,T360,9:48:59,6,-1,1,MY9211,0,2,111
C654/3,C653/2,9:49:10,6,-1,1,MY7560,0,2,60
T373/2,T375,9:49:20,6,-1,1,MY9491,0,2,50
T375,T380,9:50:02,6,-1,1,MY9491,0,2,20
T380,T379,9:50:23,6,-1,1,MY9491,0,2,10
T430,M177,9:50:23,6,-1,1,MY9362,0,2,275
C653/2,C692,9:50:35,6,-1,-1,MY7560,0,2,75
M22,M10,9:50:55,6,-1,1,MY9282,0,2,95
T360,T376/1,9:51:05,6,-1,1,MY9211,0,2,115
T379,T359,9:51:15,6,-1,1,MY9491,0,2,20
T359,T355/1,9:52:16,6,-1,1,MY9491,0,2,50
C692,C689/1,9:52:36,6,-1,1,MY7560,0,2,101
T376/1,T363/1,9:52:56,6,-1,1,MY9211,0,2,101
M10,M16/1,9:53:06,6,-1,1,MY9282,0,2,90
M182/1,T431,9:53:06,6,-1,1,MY9154,0,2,204
T430,M177,9:53:06,6,-1,1,MY9487,0,2,277
M177,M198,9:53:17,6,-1,1,MY9362,0,2,141
T363/1,T374,9:54:07,6,-1,1,MY9211,0,2,40
T374,T406,9:54:47,6,-1,1,MY9211,0,2,30
T431,T335,9:54:58,6,-1,1,MY9154,0,2,60
M16/1,M109,9:55:08,6,-1,1,MY9282,0,2,111
C689/1,T355/2,9:55:18,6,-1,1,MY7560,0,2,121
M198,M183/2,9:55:18,6,-1,1,MY9362,0,2,111
T335,T338,9:55:48,6,-1,1,MY9154,0,2,10
M177,M198,9:55:58,6,-1,1,MY9487,0,2,141
T355/1,C688/1,9:56:18,6,-1,-1,MY9491,0,2,222
M183/2,M140/1,9:57:10,6,-1,1,MY9362,0,2,51
T355/2,T360,9:57:20,6,-1,1,MY7560,0,2,102
M198,M183/2,9:57:20,6,-1,1,MY9487,0,2,61
T338,T326/3,9:57:33,6,-1,-1,MY9154,0,2,63
C688/1,C691,9:57:43,6,-1,-1,MY9491,0,2,43
M183/2,M140/1,9:57:53,6,-1,1,MY9487,0,2,20
T360,T376/1,9:58:24,6,-1,1,MY7560,0,2,50
T326/3,T332/2,9:58:34,6,-1,1,MY9154,0,2,50
M140/1,M137/2,9:58:34,6,-1,1,MY9362,0,2,40
M109,M112,9:58:44,6,-1,1,MY9282,0,2,175
M140/1,M137/2,9:58:54,6,-1,1,MY9487,0,2,30
C691,C652,9:59:35,6,-1,-1,MY9491,0,2,80
M137/2,M132/1,9:59:55,6,-1,1,MY9362,0,2,50
M112,M127,10:00:15,6,-1,1,MY9282,0,2,40
T332/2,T325/2,10:00:25,6,-1,1,MY9154,0,2,70
C652,C655,10:00:25,6,-1,-1,MY9491,0,2,30
T376/1,T363/1,10:00:35,6,-1,1,MY7560,0,2,121
T406,T345/1,10:00:45,6,-1,-1,MY9211,0,2,347
M132/1,M200,10:00:55,6,-1,2,MY9362,0,2,10
M127,M125,10:01:26,6,-1,1,MY9282,0,2,50
M137/2,M132/1,10:01:26,6,-1,1,MY9487,0,2,60
T363/1,T374,10:01:36,6,-1,1,MY7560,0,2,30
T325/2,T339/2,10:01:46,6,-1,1,MY9154,0,2,10
C655,C657,10:01:46,6,-1,-1,MY9491,0,2,40
T374,T406,10:02:16,6,-1,1,MY7560,0,2,30
M125,M136/2,10:02:26,6,-1,1,MY9282,0,2,20
C657,C686,10:02:26,6,-1,-1,MY9491,0,2,30
M200,M201,10:02:47,6,-1,-1,MY9362,0,2,20
M136/2,M139/2,10:03:07,6,-1,1,MY9282,0,2,20
M132/1,M200,10:03:17,6,-1,2,MY9487,0,2,20
T339/2,T408/1,10:03:47,6,-1,-1,MY9154,0,2,70
C686,C656,10:03:57,6,-1,1,MY9491,0,2,50
T345/1,T322,10:04:18,6,-1,-1,MY9211,0,2,121
M200,M201,10:04:18,6,-1,-1,MY9487,0,2,30
M201,M121,10:04:18,6,-1,1,MY9362,0,2,40
M139/2,M184,10:05:08,6,-1,1,MY9282,0,2,101
C656,C654/3,10:05:18,6,-1,-1,MY9491,0,2,50
M121,M119,10:05:28,6,-1,1,MY9362,0,2,40
M201,M121,10:05:49,6,-1,1,MY9487,0,2,40
M184,M188,10:06:09,6,-1,1,MY9282,0,2,10
T408/1,T343,10:06:09,6,-1,-1,MY9154,0,2,80
T322,T342,10:06:29,6,-1,-1,MY9211,0,2,101
C654/3,C653/2,10:06:49,6,-1,1,MY9491,0,2,50
T406,T345/1,10:06:59,6,-1,-1,MY7560,0,2,262
M188,M203/2,10:07:09,6,-1,1,MY9282,0,2,10
T342,T409,10:07:43,6,-1,1,MY9211,0,2,63
M203/2,M277,10:08:13,6,-1,-1,MY9282,0,2,20
T343,T316,10:08:13,6,-1,1,MY9154,0,2,94
M119,M113,10:08:45,6,-1,-1,MY9362,0,2,115
T345/1,T322,10:08:55,6,-1,-1,MY7560,0,2,95
T409,T368,10:08:55,6,-1,1,MY9211,0,2,51
C653/2,C692,10:09:15,6,-1,-1,MY9491,0,2,92
M95/3,M22,10:09:45,6,-1,1,MX7866,0,2,20
T368,T324/2,10:09:56,6,-1,1,MY9211,0,2,40
T316,T345/5,10:10:16,6,-1,-1,MY9154,0,2,90
M113,M94,10:10:16,6,-1,-1,MY9362,0,2,30
C692,C689/1,10:10:26,6,-1,1,MY9491,0,2,50
T322,T342,10:10:26,6,-1,-1,MY7560,0,2,80
M277,M182/1,10:10:36,6,-1,1,MY9282,0,2,132
M94,M95/3,10:11:26,6,-1,-1,MY9362,0,2,40
T324/2,T327,10:11:47,6,-1,1,MY9211,0,2,50
T342,T409,10:11:57,6,-1,1,MY7560,0,2,60
T345/5,T344,10:12:07,6,-1,1,MY9154,0,2,90
M121,M113,10:12:17,6,-1,-1,MY9487,1,2,347
M22,M10,10:12:27,6,-1,1,MX7866,0,2,121
T327,T326/2,10:12:27,6,-1,1,MY9211,0,2,30
C689/1,T355/2,10:12:47,6,-1,1,MY9491,0,2,121
T344,T356/1,10:12:58,6,-1,1,MY9154,0,2,30
T409,T368,10:13:38,6,-1,1,MY7560,0,2,70
T326/2,T337,10:13:38,6,-1,1,MY9211,0,2,60
M182/1,T431,10:14:18,6,-1,1,MY9282,0,2,192
T337,T334,10:14:18,6,-1,1,MY9211,0,2,30
M113,M94,10:14:28,6,-1,-1,MY9487,0,2,70
T355/2,T360,10:14:39,6,-1,1,MY9491,0,2,101
T368,T324/2,10:14:49,6,-1,1,MY7560,0,2,40
M10,M16/1,10:15:09,6,-1,1,MX7866,0,2,131
T356/1,T358,10:15:19,6,-1,1,MY9154,0,2,80
T360,T376/1,10:15:39,6,-1,1,MY9491,0,2,30
T334,T430,10:15:49,6,-1,1,MY9211,0,2,50
M94,M95/3,10:15:49,6,-1,-1,MY9487,0,2,60
T358,T373/2,10:16:20,6,-1,1,MY9154,0,2,30
T324/2,T327,10:16:20,6,-1,1,MY7560,0,2,60
T431,T335,10:16:32,6,-1,1,MY9282,0,2,103
T327,T326/2,10:17:02,6,-1,1,MY7560,0,2,30
T335,T338,10:17:12,6,-1,1,MY9282,0,2,10
T376/1,T363/1,10:17:23,6,-1,1,MY9491,0,2,93
T373/2,T375,10:17:34,6,-1,1,MY9154,0,2,41
M16/1,M109,10:18:04,6,-1,1,MX7866,0,2,104
T375,T380,10:18:04,6,-1,1,MY9154,0,2,20
T326/2,T337,10:18:14,6,-1,1,MY7560,0,2,61
T363/1,T374,10:18:24,6,-1,1,MY9491,0,2,30
T338,T326/3,10:18:34,6,-1,-1,MY9282,0,2,50
T380,T379,10:18:44,6,-1,1,MY9154,0,2,10
T379,T359,10:19:15,6,-1,1,MY9154,0,2,20
T374,T406,10:19:15,6,-1,1,MY9491,0,2,40
T326/3,T332/2,10:19:35,6,-1,1,MY9282,0,2,50
T337,T430,10:20:05,6,-1,1,MY7560,1,2,80
T359,T355/1,10:20:36,6,-1,1,MY9154,0,2,70
T430,M177,10:20:46,6,-1,1,MY9211,0,2,286
T332/2,T325/2,10:20:56,6,-1,1,MY9282,0,2,50
T325/2,T339/2,10:21:36,6,-1,1,MY9282,0,2,10
T339/2,T408/1,10:23:27,6,-1,-1,MY9282,0,2,70
M109,M127,10:23:48,6,-1,1,MX7866,1,2,303
T406,T345/1,10:23:58,6,-1,-1,MY9491,0,2,272
T355/1,C688/1,10:24:28,6,-1,-1,MY9154,0,2,222
T430,M177,10:24:58,6,-1,1,MY7560,0,2,282
M177,M183/2,10:25:29,6,-1,1,MY9211,1,2,242
M95/3,M22,10:25:49,6,-1,1,MY9362,0,2,141
M127,M125,10:25:49,6,-1,1,MX7866,0,2,50
T408/1,T343,10:25:49,6,-1,-1,MY9282,0,2,90
C688/1,C691,10:26:19,6,-1,-1,MY9154,0,2,70
T345/1,T322,10:26:50,6,-1,-1,MY9491,0,2,161
M183/2,M140/1,10:27:00,6,-1,1,MY9211,0,2,50
M177,M198,10:27:30,6,-1,1,MY7560,0,2,121
T343,T316,10:27:50,6,-1,1,MY9282,0,2,90
M22,M10,10:28:20,6,-1,1,MY9362,0,2,90
M125,M136/2,10:28:20,6,-1,1,MX7866,0,2,90
C691,C652,10:28:34,6,-1,-1,MY9154,0,2,94
M140/1,M137/2,10:28:34,6,-1,1,MY9211,0,2,53
T322,T342,10:29:04,6,-1,-1,MY9491,0,2,124
M198,M183/2,10:29:24,6,-1,1,MY7560,0,2,104
M137/2,M132/1,10:29:35,6,-1,1,MY9211,0,2,50
T316,T345/5,10:30:15,6,-1,-1,MY9282,0,2,134
C652,C655,10:30:15,6,-1,-1,MY9154,0,2,30
T342,T409,10:30:15,6,-1,1,MY9491,0,2,60
M136/2,M139/2,10:30:25,6,-1,1,MX7866,0,2,60
M10,M16/1,10:30:35,6,-1,1,MY9362,0,2,60
M183/2,M140/1,10:30:45,6,-1,1,MY7560,0,2,50
M132/1,M200,10:30:45,6,-1,2,MY9211,0,2,20
C655,C657,10:31:36,6,-1,-1,MY9154,0,2,50
T409,T368,10:31:46,6,-1,1,MY9491,0,2,60
C657,C686,10:32:16,6,-1,-1,MY9154,0,2,30
M200,M201,10:32:16,6,-1,-1,MY9211,0,2,30
T345/5,T344,10:32:37,6,-1,1,MY9282,0,2,131
M139/2,M184,10:32:47,6,-1,1,MX7866,0,2,70
M140/1,M137/2,10:32:47,6,-1,1,MY7560,0,2,80
M16/1,M109,10:33:07,6,-1,1,MY9362,0,2,101
T368,T324/2,10:33:07,6,-1,1,MY9491,0,2,40
T344,T356/1,10:33:27,6,-1,1,MY9282,0,2,30
M201,M121,10:33:27,6,-1,1,MY9211,0,2,30
M137/2,M132/1,10:33:58,6,-1,1,MY7560,0,2,50
C686,C656,10:34:08,6,-1,1,MY9154,0,2,70
T324/2,T327,10:34:38,6,-1,1,MY9491,0,2,60
M121,M119,10:34:48,6,-1,1,MY9211,0,2,40
M132/1,M200,10:35:18,6,-1,2,MY7560,0,2,20
M184,M188,10:35:28,6,-1,1,MX7866,0,2,70
M95/3,M22,10:35:39,6,-1,1,MX7769,0,2,10
C656,C654/3,10:35:39,6,-1,-1,MY9154,0,2,60
T356/1,T358,10:35:49,6,-1,1,MY9282,0,2,80
M109,M112,10:35:59,6,-1,1,MY9362,0,2,121
M200,M201,10:36:09,6,-1,-1,MY7560,0,2,20
T358,T373/2,10:36:49,6,-1,1,MY9282,0,2,20
T327,T337,10:36:59,6,-1,1,MY9491,1,2,121
M112,M127,10:37:20,6,-1,1,MY9362,0,2,50
C654/3,C653/2,10:37:20,6,-1,1,MY9154,0,2,50
M201,M121,10:37:20,6,-1,1,MY7560,0,2,30
T373/2,T375,10:37:31,6,-1,1,MY9282,0,2,31
T337,T334,10:37:51,6,-1,1,MY9491,0,2,31
M188,M203/2,10:38:01,6,-1,1,MX7866,0,2,71
T375,T380,10:38:31,6,-1,1,MY9282,0,2,40
C653/2,C692,10:38:31,6,-1,-1,MY9154,0,2,50
M121,M119,10:38:31,6,-1,1,MY7560,0,2,40
T380,T379,10:38:52,6,-1,1,MY9282,0,2,10
T334,T430,10:39:12,6,-1,1,MY9491,0,2,50
M203/2,M277,10:39:32,6,-1,-1,MX7866,0,2,50
M127,M125,10:39:42,6,-1,1,MY9362,0,2,60
M119,M113,10:39:42,6,-1,-1,MY9211,0,2,273
M22,M10,10:39:52,6,-1,1,MX7769,0,2,121
T379,T359,10:39:52,6,-1,1,MY9282,0,2,20
C692,C689/1,10:40:33,6,-1,1,MY9154,0,2,70
M113,M94,10:41:03,6,-1,-1,MY9211,0,2,50
M119,M113,10:41:23,6,-1,-1,MY7560,0,2,161
T359,T355/1,10:41:34,6,-1,1,MY9282,0,2,71
M277,M182/1,10:41:54,6,-1,1,MX7866,0,2,131
M94,M95/3,10:42:04,6,-1,-1,MY9211,0,2,50
M125,M136/2,10:42:44,6,-1,1,MY9362,0,2,81
M136/2,M139/2,10:43:25,6,-1,1,MY9362,0,2,20
C689/1,T355/2,10:43:35,6,-1,1,MY9154,0,2,141
M113,M95/3,10:43:55,6,-1,-1,MY7560,1,2,101
M10,M109,10:44:25,6,-1,1,MX7769,1,2,232
T430,M177,10:44:25,6,-1,1,MY9491,0,2,283
M139/2,M184,10:45:36,6,-1,1,MY9362,0,2,30
M182/1,T431,10:45:56,6,-1,1,MX7866,0,2,202
T355/2,T360,10:46:07,6,-1,1,MY9154,0,2,111
T355/1,C688/1,10:46:27,6,-1,-1,MY9282,0,2,272
C688/1,C691,10:47:07,6,-1,-1,MY9282,0,2,20
M184,M188,10:47:17,6,-1,1,MY9362,0,2,30
M177,M198,10:47:17,6,-1,1,MY9491,0,2,141
M109,M112,10:47:38,6,-1,1,MX7769,0,2,111
T360,T376/1,10:47:38,6,-1,1,MY9154,0,2,60
T431,T335,10:47:58,6,-1,1,MX7866,0,2,91
T335,T338,10:48:48,6,-1,1,MX7866,0,2,10
M188,M203/2,10:49:09,6,-1,1,MY9362,0,2,20
T376/1,T363/1,10:49:09,6,-1,1,MY9154,0,2,80
M112,M127,10:49:29,6,-1,1,MX7769,0,2,60
M198,M183/2,10:49:29,6,-1,1,MY9491,0,2,111
T338,T326/3,10:50:19,6,-1,-1,MX7866,0,2,50
T363/1,T374,10:50:19,6,-1,1,MY9154,0,2,50
M203/2,M277,10:50:50,6,-1,-1,MY9362,0,2,70
M183/2,M140/1,10:51:00,6,-1,1,MY9491,0,2,20
M95/3,M22,10:51:10,6,-1,1,MY9211,0,2,60
M127,M125,10:51:40,6,-1,1,MX7769,0,2,40
T326/3,T332/2,10:51:40,6,-1,1,MX7866,0,2,60
C691,C657,10:52:01,6,-1,-1,MY9282,2,2,283
M140/1,M137/2,10:52:01,6,-1,1,MY9491,0,2,30
M22,M10,10:52:34,6,-1,1,MY9211,0,2,53
C657,C686,10:52:34,6,-1,-1,MY9282,0,2,23
M277,M182/1,10:53:14,6,-1,1,MY9362,0,2,134
T332/2,T325/2,10:53:14,6,-1,1,MX7866,0,2,83
M137/2,M132/1,10:53:35,6,-1,1,MY9491,0,2,50
T325/2,T339/2,10:53:45,6,-1,1,MX7866,0,2,20
M125,M139/2,10:54:05,6,-1,1,MX7769,1,2,60
C686,C656,10:54:15,6,-1,1,MY9282,0,2,60
M10,M16/1,10:55:16,6,-1,1,MY9211,0,2,80
C656,C654/3,10:55:16,6,-1,-1,MY9282,0,2,50
M132/1,M200,10:55:36,6,-1,2,MY9491,0,2,30
M139/2,M184,10:55:56,6,-1,1,MX7769,0,2,30
C654/3,C653/2,10:56:37,6,-1,1,MY9282,0,2,50
M184,M188,10:57:07,6,-1,1,MX7769,0,2,30
M182/1,T431,10:57:07,6,-1,1,MY9362,0,2,202
M16/1,M109,10:57:17,6,-1,1,MY9211,0,2,10
T339/2,T408/1,10:57:17,6,-1,-1,MX7866,0,2,151
T374,T345/1,10:58:07,6,-1,-1,MY9154,1,2,437
C653/2,C692,10:58:18,6,-1,-1,MY9282,0,2,80
M200,M121,10:58:38,6,-1,1,MY9491,1,2,131
M188,M203/2,10:58:48,6,-1,1,MX7769,0,2,70
T431,T335,10:58:48,6,-1,1,MY9362,0,2,70
T408/1,T343,10:58:48,6,-1,-1,MX7866,0,2,70
C692,C689/1,10:59:08,6,-1,1,MY9282,0,2,40
T335,T338,10:59:28,6,-1,1,MY9362,0,2,10
M109,M112,10:59:49,6,-1,1,MY9211,0,2,101
M121,M119,10:59:59,6,-1,1,MY9491,0,2,30
M203/2,M277,11:00:19,6,-1,-1,MX7769,0,2,50
T338,T326/3,11:00:49,6,-1,-1,MY9362,0,2,70
T345/1,T322,11:00:49,6,-1,-1,MY9154,0,2,111
T343,T316,11:01:20,6,-1,1,MX7866,0,2,90
T326/3,T332/2,11:01:34,6,-1,1,MY9362,0,2,24
C689/1,T355/2,11:01:54,6,-1,1,MY9282,0,2,155
M112,M127,11:02:04,6,-1,1,MY9211,0,2,44
M277,M182/1,11:02:35,6,-1,1,MX7769,0,2,125
T322,T342,11:02:35,6,-1,-1,MY9154,0,2,95
T316,T345/5,11:03:05,6,-1,-1,MX7866,0,2,90
T332/2,T325/2,11:03:35,6,-1,1,MY9362,0,2,90
T355/2,T360,11:03:45,6,-1,1,MY9282,0,2,101
T342,T409,11:03:45,6,-1,1,MY9154,0,2,40
M127,M125,11:04:16,6,-1,1,MY9211,0,2,70
T325/2,T339/2,11:04:36,6,-1,1,MY9362,0,2,20
T360,T376/1,11:04:36,6,-1,1,MY9282,0,2,40
T409,T368,11:04:56,6,-1,1,MY9154,0,2,60
T345/5,T344,11:05:06,6,-1,1,MX7866,0,2,60
M125,M136/2,11:05:37,6,-1,1,MY9211,0,2,20
M119,M113,11:05:47,6,-1,-1,MY9491,0,2,327
T376/1,T363/1,11:05:57,6,-1,1,MY9282,0,2,60
T368,T324/2,11:06:07,6,-1,1,MY9154,0,2,40
M182/1,T431,11:06:27,6,-1,1,MX7769,0,2,202
T363/1,T374,11:06:47,6,-1,1,MY9282,0,2,30
T339/2,T408/1,11:06:58,6,-1,-1,MY9362,0,2,80
M136/2,M139/2,11:07:18,6,-1,1,MY9211,0,2,70
T374,T406,11:07:28,6,-1,1,MY9282,0,2,30
T324/2,T327,11:07:38,6,-1,1,MY9154,0,2,50
T344,T358,11:07:48,6,-1,1,MX7866,1,2,131
T431,T335,11:07:58,6,-1,1,MX7769,0,2,70
M113,M94,11:07:58,6,-1,-1,MY9491,0,2,101
M139/2,M184,11:08:39,6,-1,1,MY9211,0,2,40
T335,T338,11:08:39,6,-1,1,MX7769,0,2,10
T327,T326/2,11:08:39,6,-1,1,MY9154,0,2,30
T358,T373/2,11:08:49,6,-1,1,MX7866,0,2,20
M184,M188,11:09:39,6,-1,1,MY9211,0,2,20
T408/1,T343,11:09:39,6,-1,-1,MY9362,0,2,141
M94,M95/3,11:09:49,6,-1,-1,MY9491,0,2,80
T338,T326/3,11:10:00,6,-1,-1,MX7769,0,2,50
T373/2,T375,11:10:00,6,-1,1,MX7866,0,2,40
T375,T380,11:10:51,6,-1,1,MX7866,0,2,20
M188,M203/2,11:11:11,6,-1,1,MY9211,0,2,10
T326/3,T332/2,11:11:22,6,-1,1,MX7769,0,2,71
T380,T379,11:11:42,6,-1,1,MX7866,0,2,10
T343,T316,11:12:02,6,-1,1,MY9362,0,2,112
T379,T359,11:12:22,6,-1,1,MX7866,0,2,20
T326/2,T337,11:13:03,6,-1,1,MY9154,0,2,60
M203/2,M277,11:13:13,6,-1,-1,MY9211,0,2,80
T332/2,T325/2,11:13:23,6,-1,1,MX7769,0,2,90
T359,T355/1,11:13:53,6,-1,1,MX7866,0,2,70
T406,T345/1,11:13:53,6,-1,-1,MY9282,0,2,365
M95/3,M22,11:14:03,6,-1,1,MY9487,0,2,90
T325/2,T339/2,11:14:03,6,-1,1,MX7769,0,2,20
T337,T334,11:14:03,6,-1,1,MY9154,0,2,20
T316,T345/5,11:14:24,6,-1,-1,MY9362,0,2,101
T334,T430,11:15:34,6,-1,1,MY9154,0,2,50
M277,M182/1,11:15:44,6,-1,1,MY9211,0,2,141
T345/5,T344,11:15:55,6,-1,1,MY9362,0,2,70
T339/2,T408/1,11:16:45,6,-1,-1,MX7769,0,2,111
M22,M10,11:17:36,6,-1,1,MY9487,0,2,202
T355/1,C688/1,11:17:36,6,-1,-1,MX7866,0,2,202
T345/1,T342,11:17:46,6,-1,-1,MY9282,1,2,192
T408/1,T343,11:18:06,6,-1,-1,MX7769,0,2,50
T344,T358,11:18:46,6,-1,1,MY9362,1,2,161
T342,T409,11:18:56,6,-1,1,MY9282,0,2,40
T358,T373/2,11:19:27,6,-1,1,MY9362,0,2,30
M182/1,T431,11:19:37,6,-1,1,MY9211,0,2,202
C688/1,C691,11:19:37,6,-1,-1,MX7866,0,2,60
M10,M16/1,11:19:47,6,-1,1,MY9487,0,2,101
T343,T316,11:20:07,6,-1,1,MX7769,0,2,90
T373/2,T375,11:20:07,6,-1,1,MY9362,0,2,30
T409,T368,11:20:17,6,-1,1,MY9282,0,2,70
T431,T335,11:21:18,6,-1,1,MY9211,0,2,70
T368,T324/2,11:21:18,6,-1,1,MY9282,0,2,40
T316,T345/5,11:21:28,6,-1,-1,MX7769,0,2,70
T375,T380,11:21:28,6,-1,1,MY9362,0,2,50
C691,C652,11:21:28,6,-1,-1,MX7866,0,2,80
T335,T338,11:22:09,6,-1,1,MY9211,0,2,10
T380,T379,11:22:19,6,-1,1,MY9362,0,2,10
M16/1,M109,11:22:39,6,-1,1,MY9487,0,2,121
C652,C655,11:22:59,6,-1,-1,MX7866,0,2,40
T379,T359,11:23:09,6,-1,1,MY9362,0,2,10
T324/2,T327,11:23:09,6,-1,1,MY9282,0,2,80
T338,T326/3,11:23:29,6,-1,-1,MY9211,0,2,70
T430,M198,11:23:29,6,-1,1,MY9154,1,2,464
T345/5,T356/1,11:23:40,6,-1,1,MX7769,1,2,90
T359,T355/1,11:24:20,6,-1,1,MY9362,0,2,60
T326/3,T332/2,11:24:32,6,-1,1,MY9211,0,2,42
C655,C686,11:24:42,6,-1,-1,MX7866,1,2,72
T327,T337,11:24:42,6,-1,1,MY9282,1,2,82
T356/1,T358,11:24:52,6,-1,1,MX7769,0,2,62
T337,T334,11:25:23,6,-1,1,MY9282,0,2,30
M198,M183/2,11:25:33,6,-1,1,MY9154,0,2,113
M109,M112,11:25:53,6,-1,1,MY9487,0,2,143
T332/2,T325/2,11:25:53,6,-1,1,MY9211,0,2,50
T358,T373/2,11:25:53,6,-1,1,MX7769,0,2,30
T373/2,T375,11:26:33,6,-1,1,MX7769,0,2,20
C686,C656,11:26:33,6,-1,1,MX7866,0,2,60
T334,T430,11:26:33,6,-1,1,MY9282,0,2,40
T325/2,T339/2,11:26:44,6,-1,1,MY9211,0,2,10
M183/2,M140/1,11:26:54,6,-1,1,MY9154,0,2,40
M112,M127,11:27:14,6,-1,1,MY9487,0,2,40
T375,T380,11:27:14,6,-1,1,MX7769,0,2,20
C656,C654/3,11:27:44,6,-1,-1,MX7866,0,2,50
T380,T379,11:27:54,6,-1,1,MX7769,0,2,10
M140/1,M137/2,11:28:25,6,-1,1,MY9154,0,2,40
M127,M125,11:28:45,6,-1,1,MY9487,0,2,40
T339/2,T408/1,11:28:45,6,-1,-1,MY9211,0,2,81
T355/1,C688/1,11:28:45,6,-1,-1,MY9362,0,2,242
T379,T359,11:29:15,6,-1,1,MX7769,0,2,50
M137/2,M132/1,11:29:26,6,-1,1,MY9154,0,2,30
C654/3,C653/2,11:29:46,6,-1,1,MX7866,0,2,70
T359,T355/1,11:30:16,6,-1,1,MX7769,0,2,50
C688/1,C691,11:30:47,6,-1,-1,MY9362,0,2,81
T408/1,T343,11:31:17,6,-1,-1,MY9211,0,2,141
M125,M136/2,11:31:27,6,-1,1,MY9487,0,2,91
T430,M177,11:31:37,6,-1,1,MY9282,0,2,273
C653/2,C692,11:31:47,6,-1,-1,MX7866,0,2,111
C691,C652,11:31:57,6,-1,-1,MY9362,0,2,40
M200,M201,11:32:18,6,-1,-1,MY9154,0,2,30
T343,T316,11:33:18,6,-1,1,MY9211,0,2,101
C692,C689/1,11:33:18,6,-1,1,MX7866,0,2,70
T355/1,C688/1,11:33:28,6,-1,-1,MX7769,0,2,181
M136/2,M139/2,11:33:38,6,-1,1,MY9487,0,2,30
M201,M121,11:33:49,6,-1,1,MY9154,0,2,30
M177,M198,11:34:09,6,-1,1,MY9282,0,2,141
C688/1,C691,11:34:29,6,-1,-1,MX7769,0,2,30
T316,T345/5,11:34:59,6,-1,-1,MY9211,0,2,90
C652,C655,11:35:09,6,-1,-1,MY9362,0,2,151
M121,M119,11:35:20,6,-1,1,MY9154,0,2,40
M139/2,M184,11:35:50,6,-1,1,MY9487,0,2,60
C691,C655,11:36:34,6,-1,-1,MX7769,1,2,104
C689/1,T355/2,11:36:34,6,-1,1,MX7866,0,2,125
M198,M183/2,11:36:44,6,-1,1,MY9282,0,2,135
C655,C657,11:37:15,6,-1,-1,MY9362,0,2,84
M184,M188,11:37:35,6,-1,1,MY9487,0,2,10
M183/2,M140/1,11:37:55,6,-1,1,MY9282,0,2,20
C657,C686,11:38:05,6,-1,-1,MY9362,0,2,20
T355/2,T360,11:38:46,6,-1,1,MX7866,0,2,101
M119,M113,11:38:46,6,-1,-1,MY9154,0,2,165
C655,C657,11:38:56,6,-1,-1,MX7769,0,2,80
M188,M203/2,11:39:26,6,-1,1,MY9487,0,2,10
T345/5,T358,11:39:26,6,-1,1,MY9211,2,2,236
M95/3,M22,11:39:36,6,-1,1,MY7560,0,2,151
T358,T373/2,11:40:27,6,-1,1,MY9211,0,2,30
M140/1,M137/2,11:40:27,6,-1,1,MY9282,0,2,101
M203/2,M277,11:40:47,6,-1,-1,MY9487,0,2,50
C657,C686,11:41:07,6,-1,-1,MX7769,0,2,121
C686,C656,11:41:07,6,-1,1,MY9362,0,2,111
T360,T376/1,11:41:07,6,-1,1,MX7866,0,2,111
M113,M94,11:41:07,6,-1,-1,MY9154,0,2,101
M22,M10,11:41:28,6,-1,1,MY7560,0,2,91
T373/2,T375,11:41:38,6,-1,1,MY9211,0,2,40
M137/2,M132/1,11:42:08,6,-1,1,MY9282,0,2,20
T375,T380,11:42:18,6,-1,1,MY9211,0,2,30
C656,C654/3,11:42:18,6,-1,-1,MY9362,0,2,60
M94,M95/3,11:42:38,6,-1,-1,MY9154,0,2,50
M277,M182/1,11:42:59,6,-1,1,MY9487,0,2,121
T380,T379,11:42:59,6,-1,1,MY9211,0,2,10
T376/1,T363/1,11:43:09,6,-1,1,MX7866,0,2,91
C686,C656,11:43:19,6,-1,1,MX7769,0,2,60
T379,T359,11:43:59,6,-1,1,MY9211,0,2,30
M10,M16/1,11:44:19,6,-1,1,MY7560,0,2,101
C656,C654/3,11:44:19,6,-1,-1,MX7769,0,2,50
C654/3,C653/2,11:44:30,6,-1,1,MY9362,0,2,111
T363/1,T374,11:44:50,6,-1,1,MX7866,0,2,60
T359,T355/1,11:45:10,6,-1,1,MY9211,0,2,60
M132/1,M200,11:45:10,6,-1,2,MY9282,0,2,60
T374,T406,11:45:33,6,-1,1,MX7866,0,2,33
C653/2,C692,11:46:14,6,-1,-1,MY9362,0,2,83
M200,M201,11:46:24,6,-1,-1,MY9282,0,2,30
M182/1,T431,11:46:44,6,-1,1,MY9487,0,2,205
M201,M121,11:47:35,6,-1,1,MY9282,0,2,30
C692,C689/1,11:47:55,6,-1,1,MY9362,0,2,70
T431,T335,11:48:15,6,-1,1,MY9487,0,2,80
M16/1,M109,11:48:25,6,-1,1,MY7560,0,2,131
T335,T338,11:49:06,6,-1,1,MY9487,0,2,10
C654/3,C653/2,11:49:16,6,-1,1,MX7769,0,2,275
T355/1,C688/1,11:49:26,6,-1,-1,MY9211,0,2,245
C689/1,T355/2,11:51:09,6,-1,1,MY9362,0,2,143
M121,M113,11:51:09,6,-1,-1,MY9282,1,2,174
C688/1,C691,11:51:39,6,-1,-1,MY9211,0,2,81
M109,M112,11:51:50,6,-1,1,MY7560,0,2,131
T338,T332/2,11:52:20,6,-1,1,MY9487,1,2,173
T406,T345/1,11:52:20,6,-1,-1,MX7866,0,2,386
C653/2,C689/1,11:53:02,6,-1,1,MX7769,1,2,203
M113,M94,11:53:02,6,-1,-1,MY9282,0,2,62
M112,M127,11:53:12,6,-1,1,MY7560,0,2,40
T332/2,T325/2,11:53:32,6,-1,1,MY9487,0,2,60
T355/2,T360,11:53:32,6,-1,1,MY9362,0,2,112
C691,C652,11:53:42,6,-1,-1,MY9211,0,2,82
M94,M95/3,11:53:42,6,-1,-1,MY9282,0,2,20
T325/2,T339/2,11:54:23,6,-1,1,MY9487,0,2,20
T360,T376/1,11:54:23,6,-1,1,MY9362,0,2,20
C652,C655,11:54:53,6,-1,-1,MY9211,0,2,30
M127,M125,11:55:34,6,-1,1,MY7560,0,2,60
C689/1,T355/2,11:55:44,6,-1,1,MX7769,0,2,111
C655,C657,11:56:04,6,-1,-1,MY9211,0,2,40
T376/1,T363/1,11:56:04,6,-1,1,MY9362,0,2,71
T339/2,T408/1,11:56:46,6,-1,-1,MY9487,0,2,81
T363/1,T374,11:57:06,6,-1,1,MY9362,0,2,30
C657,C686,11:57:16,6,-1,-1,MY9211,0,2,30
M125,M136/2,11:57:26,6,-1,1,MY7560,0,2,61
T374,T406,11:57:47,6,-1,1,MY9362,0,2,30
M136/2,M139/2,11:57:57,6,-1,1,MY7560,0,2,20
T355/2,T360,11:57:57,6,-1,1,MX7769,0,2,102
M95/3,M22,11:58:07,6,-1,1,MY9491,0,2,81
T345/1,T322,11:58:17,6,-1,-1,MX7866,0,2,112
T360,T376/1,11:58:27,6,-1,1,MX7769,0,2,20
T408/1,T343,11:58:57,6,-1,-1,MY9487,0,2,111
C686,C656,11:59:18,6,-1,1,MY9211,0,2,80
M139/2,M184,11:59:58,6,-1,1,MY7560,0,2,40
T376/1,T363/1,11:59:58,6,-1,1,MX7769,0,2,81
C656,C654/3,12:00:29,6,-1,-1,MY9211,0,2,50
T322,T342,12:00:29,6,-1,-1,MX7866,0,2,101
M184,M188,12:00:59,6,-1,1,MY7560,0,2,10
T363/1,T374,12:00:59,6,-1,1,MX7769,0,2,50
T343,T316,12:01:09,6,-1,1,MY9487,0,2,91
M188,M203/2,12:01:29,6,-1,1,MY7560,0,2,10
T374,T406,12:01:39,6,-1,1,MX7769,0,2,30
C654/3,C653/2,12:01:49,6,-1,1,MY9211,0,2,50
T342,T409,12:02:10,6,-1,1,MX7866,0,2,60
M22,M10,12:02:20,6,-1,1,MY9491,0,2,242
T316,T345/5,12:02:32,6,-1,-1,MY9487,0,2,72
M203/2,M277,12:03:02,6,-1,-1,MY7560,0,2,52
T409,T368,12:03:33,6,-1,1,MX7866,0,2,60
M10,M16/1,12:03:53,6,-1,1,MY9491,0,2,60
T406,T345/1,12:03:53,6,-1,-1,MY9362,0,2,335
T345/5,T344,12:04:03,6,-1,1,MY9487,0,2,60
C653/2,C692,12:04:33,6,-1,-1,MY9211,0,2,90
T368,T324/2,12:04:33,6,-1,1,MX7866,0,2,30
T344,T356/1,12:04:43,6,-1,1,MY9487,0,2,30
M277,M182/1,12:05:34,6,-1,1,MY7560,0,2,141
T406,T345/1,12:06:14,6,-1,-1,MX7769,0,2,264
C692,C689/1,12:06:35,6,-1,1,MY9211,0,2,80
T324/2,T327,12:06:35,6,-1,1,MX7866,0,2,60
T345/1,T322,12:06:45,6,-1,-1,MY9362,0,2,101
T356/1,T358,12:07:15,6,-1,1,MY9487,0,2,141
T327,T326/2,12:07:25,6,-1,1,MX7866,0,2,30
M16/1,M109,12:07:36,6,-1,1,MY9491,0,2,111
T358,T373/2,12:08:16,6,-1,1,MY9487,0,2,30
T326/2,T337,12:08:46,6,-1,1,MX7866,0,2,70
C689/1,T355/2,12:09:06,6,-1,1,MY9211,0,2,111
T373/2,T375,12:09:17,6,-1,1,MY9487,0,2,30
T337,T334,12:09:27,6,-1,1,MX7866,0,2,20
T322,T342,12:09:37,6,-1,-1,MY9362,0,2,151
T345/1,T342,12:09:37,6,-1,-1,MX7769,1,2,182
M182/1,T431,12:09:47,6,-1,1,MY7560,0,2,212
T375,T380,12:10:07,6,-1,1,MY9487,0,2,20
T342,T409,12:10:37,6,-1,1,MY9362,0,2,50
T380,T379,12:10:48,6,-1,1,MY9487,0,2,20
T342,T409,12:10:48,6,-1,1,MX7769,0,2,40
T334,T430,12:10:48,6,-1,1,MX7866,0,2,70
M109,M127,12:11:28,6,-1,1,MY9491,1,2,171
T431,T335,12:11:28,6,-1,1,MY7560,0,2,70
T355/2,T360,12:11:28,6,-1,1,MY9211,0,2,101
T409,T368,12:11:48,6,-1,1,MY9362,0,2,50
T409,T368,12:11:48,6,-1,1,MX7769,0,2,50
T335,T338,12:12:19,6,-1,1,MY7560,0,2,10
T379,T355/1,12:12:39,6,-1,1,MY9487,1,2,90
T368,T324/2,12:12:39,6,-1,1,MX7769,0,2,40
T368,T324/2,12:12:49,6,-1,1,MY9362,0,2,40
M127,M125,12:12:59,6,-1,1,MY9491,0,2,20
T338,T326/3,12:14:00,6,-1,-1,MY7560,0,2,70
T360,T376/1,12:14:00,6,-1,1,MY9211,0,2,121
T324/2,T327,12:14:00,6,-1,1,MX7769,0,2,60
T324/2,T327,12:14:20,6,-1,1,MY9362,0,2,60
T327,T326/2,12:14:33,6,-1,1,MX7769,0,2,23
T326/3,T332/2,12:15:14,6,-1,1,MY7560,0,2,64
T327,T326/2,12:15:14,6,-1,1,MY9362,0,2,30
T430,M177,12:15:54,6,-1,1,MX7866,0,2,276
T326/2,T337,12:16:04,6,-1,1,MX7769,0,2,60
T332/2,T325/2,12:16:15,6,-1,1,MY7560,0,2,50
T326/2,T337,12:16:15,6,-1,1,MY9362,0,2,50
M125,M136/2,12:16:25,6,-1,1,MY9491,0,2,80
T376/1,T363/1,12:16:35,6,-1,1,MY9211,0,2,144
T337,T334,12:16:35,6,-1,1,MX7769,0,2,20
T337,T334,12:16:45,6,-1,1,MY9362,0,2,20
T325/2,T339/2,12:17:05,6,-1,1,MY7560,0,2,20
T355/1,C688/1,12:17:15,6,-1,-1,MY9487,0,2,246
C688/1,C691,12:17:56,6,-1,-1,MY9487,0,2,30
T334,T430,12:18:06,6,-1,1,MX7769,0,2,60
T363/1,T374,12:18:16,6,-1,1,MY9211,0,2,60
M136/2,M139/2,12:18:26,6,-1,1,MY9491,0,2,70
T339/2,T408/1,12:18:56,6,-1,-1,MY7560,0,2,70
T374,T406,12:19:07,6,-1,1,MY9211,0,2,30
C691,C652,12:19:17,6,-1,-1,MY9487,0,2,50
M177,M198,12:19:27,6,-1,1,MX7866,0,2,171
M95/3,M22,12:19:37,6,-1,1,MY9154,0,2,91
C652,C655,12:20:17,6,-1,-1,MY9487,0,2,30
M198,M183/2,12:20:17,6,-1,1,MX7866,0,2,40
M139/2,M184,12:20:48,6,-1,1,MY9491,0,2,70
M183/2,M140/1,12:21:18,6,-1,1,MX7866,0,2,10
T408/1,T343,12:21:28,6,-1,-1,MY7560,0,2,101
C655,C657,12:21:38,6,-1,-1,MY9487,0,2,40
M184,M188,12:22:08,6,-1,1,MY9491,0,2,10
M22,M10,12:22:19,6,-1,1,MY9154,0,2,101
C657,C686,12:22:29,6,-1,-1,MY9487,0,2,30
T430,M177,12:22:39,6,-1,1,MX7769,0,2,262
T334,M177,12:22:49,6,-1,1,MY9362,1,2,333
M188,M203/2,12:23:29,6,-1,1,MY9491,0,2,10
T343,T316,12:23:39,6,-1,1,MY7560,0,2,90
M140/1,M137/2,12:24:00,6,-1,1,MX7866,0,2,50
C686,C656,12:24:52,6,-1,1,MY9487,0,2,82
T406,T345/1,12:24:52,6,-1,-1,MY9211,0,2,315
M10,M16/1,12:25:02,6,-1,1,MY9154,0,2,42
M177,M198,12:25:12,6,-1,1,MX7769,0,2,123
M203/2,M277,12:25:22,6,-1,-1,MY9491,0,2,50
T316,T345/5,12:25:22,6,-1,-1,MY7560,0,2,92
M177,M198,12:25:22,6,-1,1,MY9362,0,2,123
C656,C654/3,12:26:03,6,-1,-1,MY9487,0,2,50
M137/2,M132/1,12:26:23,6,-1,1,MX7866,0,2,70
M16/1,M109,12:27:14,6,-1,1,MY9154,0,2,20
T345/5,T356/1,12:27:34,6,-1,1,MY7560,1,2,111
M198,M183/2,12:27:34,6,-1,1,MX7769,0,2,131
C654/3,C653/2,12:27:44,6,-1,1,MY9487,0,2,60
T345/1,T322,12:27:44,6,-1,-1,MY9211,0,2,151
M198,M183/2,12:27:44,6,-1,1,MY9362,0,2,131
M277,M182/1,12:27:54,6,-1,1,MY9491,0,2,141
M132/1,M200,12:28:04,6,-1,2,MX7866,0,2,60
C653/2,C692,12:29:05,6,-1,-1,MY9487,0,2,70
M183/2,M140/1,12:29:05,6,-1,1,MX7769,0,2,50
M183/2,M140/1,12:29:15,6,-1,1,MY9362,0,2,50
M200,M201,12:29:25,6,-1,-1,MX7866,0,2,10
T356/1,T358,12:29:46,6,-1,1,MY7560,0,2,112
T322,T342,12:29:56,6,-1,-1,MY9211,0,2,112
C692,C689/1,12:30:07,6,-1,1,MY9487,0,2,30
T358,T373/2,12:30:27,6,-1,1,MY7560,0,2,30
M140/1,M137/2,12:30:37,6,-1,1,MX7769,0,2,71
M140/1,M137/2,12:30:37,6,-1,1,MY9362,0,2,50
T373/2,T375,12:30:57,6,-1,1,MY7560,0,2,20
M109,M112,12:31:27,6,-1,1,MY9154,0,2,172
M201,M121,12:31:27,6,-1,1,MX7866,0,2,101
M137/2,M132/1,12:31:38,6,-1,1,MX7769,0,2,30
T342,T409,12:31:58,6,-1,1,MY9211,0,2,60
M137/2,M132/1,12:31:58,6,-1,1,MY9362,0,2,40
M182/1,T431,12:32:08,6,-1,1,MY9491,0,2,213
C689/1,T355/2,12:32:28,6,-1,1,MY9487,0,2,111
T375,T380,12:32:38,6,-1,1,MY7560,0,2,40
M121,M119,12:32:48,6,-1,1,MX7866,0,2,50
T380,T379,12:33:20,6,-1,1,MY7560,0,2,11
T409,T368,12:33:20,6,-1,1,MY9211,0,2,71
M132/1,M200,12:33:20,6,-1,2,MY9362,0,2,51
M132/1,M200,12:33:20,6,-1,2,MX7769,0,2,61
M112,M127,12:33:42,6,-1,1,MY9154,0,2,43
T431,T335,12:33:52,6,-1,1,MY9491,0,2,64
T368,T324/2,12:34:13,6,-1,1,MY9211,0,2,30
M200,M201,12:34:13,6,-1,-1,MX7769,0,2,10
M200,M201,12:34:43,6,-1,-1,MY9362,0,2,30
M127,M125,12:34:53,6,-1,1,MY9154,0,2,20
T379,T359,12:34:53,6,-1,1,MY7560,0,2,60
T355/2,T360,12:34:53,6,-1,1,MY9487,0,2,104
T335,T338,12:35:13,6,-1,1,MY9491,0,2,20
M201,M121,12:35:33,6,-1,1,MX7769,0,2,70
T359,T355/1,12:36:04,6,-1,1,MY7560,0,2,60
M201,M121,12:36:14,6,-1,1,MY9362,0,2,70
T324/2,T326/2,12:36:44,6,-1,1,MY9211,1,2,101
M125,M136/2,12:37:15,6,-1,1,MY9154,0,2,91
T360,T376/1,12:37:15,6,-1,1,MY9487,0,2,111
M121,M119,12:37:25,6,-1,1,MY9362,0,2,30
T338,T326/3,12:37:35,6,-1,-1,MY9491,0,2,111
M121,M119,12:37:35,6,-1,1,MX7769,0,2,111
M119,M113,12:37:45,6,-1,-1,MX7866,0,2,252
M136/2,M139/2,12:37:55,6,-1,1,MY9154,0,2,10
T326/2,T337,12:38:05,6,-1,1,MY9211,0,2,70
M113,M94,12:38:36,6,-1,-1,MX7866,0,2,20
T326/3,T332/2,12:38:46,6,-1,1,MY9491,0,2,60
T337,T334,12:38:56,6,-1,1,MY9211,0,2,30
T376/1,T363/1,12:39:06,6,-1,1,MY9487,0,2,101
M139/2,M184,12:39:57,6,-1,1,MY9154,0,2,30
T334,T430,12:40:17,6,-1,1,MY9211,0,2,50
T332/2,T325/2,12:40:27,6,-1,1,MY9491,0,2,91
T363/1,T374,12:40:27,6,-1,1,MY9487,0,2,40
M95/3,M22,12:40:37,6,-1,1,MY9282,0,2,60
M184,M188,12:40:37,6,-1,1,MY9154,0,2,10
T355/1,C688/1,12:40:37,6,-1,-1,MY7560,0,2,242
T325/2,T339/2,12:40:57,6,-1,1,MY9491,0,2,20
T374,T406,12:41:08,6,-1,1,MY9487,0,2,30
M119,M113,12:41:08,6,-1,-1,MX7769,0,2,182
M119,M113,12:41:08,6,-1,-1,MY9362,0,2,151
M94,M95/3,12:41:08,6,-1,-1,MX7866,0,2,111
C688/1,C691,12:42:08,6,-1,-1,MY7560,0,2,80
M188,M203/2,12:42:18,6,-1,1,MY9154,0,2,10
M22,M10,12:42:49,6,-1,1,MY9282,0,2,90
T339/2,T408/1,12:43:49,6,-1,-1,MY9491,0,2,131
M113,M94,12:43:49,6,-1,-1,MY9362,0,2,111
M113,M94,12:44:20,6,-1,-1,MX7769,0,2,182
M10,M16/1,12:44:33,6,-1,1,MY9282,0,2,53
C691,C655,12:45:03,6,-1,-1,MY7560,1,2,164
T430,M177,12:45:13,6,-1,1,MY9211,0,2,285
T406,T345/1,12:45:33,6,-1,-1,MY9487,0,2,255
M203/2,M182/1,12:45:43,6,-1,1,MY9154,1,2,174
T408/1,T343,12:45:43,6,-1,-1,MY9491,0,2,103
M94,M95/3,12:45:53,6,-1,-1,MY9362,0,2,80
C655,C657,12:46:24,6,-1,-1,MY7560,0,2,40
M16/1,M109,12:46:34,6,-1,1,MY9282,0,2,20
M94,M95/3,12:46:34,6,-1,-1,MX7769,0,2,101
C657,C686,12:47:04,6,-1,-1,MY7560,0,2,20
T343,T316,12:47:55,6,-1,1,MY9491,0,2,91
T345/1,T322,12:48:15,6,-1,-1,MY9487,0,2,151
C686,C656,12:48:45,6,-1,1,MY7560,0,2,30
M177,M198,12:49:06,6,-1,1,MY9211,0,2,182
M182/1,T431,12:49:36,6,-1,1,MY9154,0,2,202
C656,C654/3,12:49:46,6,-1,-1,MY7560,0,2,50
T322,T342,12:49:57,6,-1,-1,MY9487,0,2,91
T316,T345/5,12:50:07,6,-1,-1,MY9491,0,2,121
M109,M112,12:50:17,6,-1,1,MY9282,0,2,131
T431,T335,12:50:57,6,-1,1,MY9154,0,2,60
T342,T409,12:51:18,6,-1,1,MY9487,0,2,60
M198,M183/2,12:51:18,6,-1,1,MY9211,0,2,121
T335,T338,12:51:38,6,-1,1,MY9154,0,2,10
T409,T368,12:52:38,6,-1,1,MY9487,0,2,50
C654/3,C653/2,12:52:49,6,-1,1,MY7560,0,2,161
T345/5,T356/1,12:52:59,6,-1,1,MY9491,1,2,161
T338,T326/3,12:53:09,6,-1,-1,MY9154,0,2,50
M112,M127,12:53:19,6,-1,1,MY9282,0,2,40
T368,T324/2,12:53:29,6,-1,1,MY9487,0,2,40
M183/2,M140/1,12:53:29,6,-1,1,MY9211,0,2,40
C653/2,C692,12:53:39,6,-1,-1,MY7560,0,2,40
T356/1,T358,12:54:10,6,-1,1,MY9491,0,2,50
M127,M125,12:54:34,6,-1,1,MY9282,0,2,34
T326/3,T332/2,12:54:34,6,-1,1,MY9154,0,2,44
T358,T373/2,12:54:54,6,-1,1,MY9491,0,2,34
C692,C689/1,12:55:04,6,-1,1,MY7560,0,2,64
M140/1,M137/2,12:55:04,6,-1,1,MY9211,0,2,44
T324/2,T327,12:55:55,6,-1,1,MY9487,0,2,80
T332/2,T325/2,12:56:15,6,-1,1,MY9154,0,2,70
M125,M136/2,12:56:25,6,-1,1,MY9282,0,2,60
T373/2,T375,12:56:25,6,-1,1,MY9491,0,2,70
M137/2,M132/1,12:56:36,6,-1,1,MY9211,0,2,50
T327,T326/2,12:56:46,6,-1,1,MY9487,0,2,30
M136/2,M139/2,12:56:56,6,-1,1,MY9282,0,2,20
T325/2,T339/2,12:57:16,6,-1,1,MY9154,0,2,20
T375,T380,12:57:16,6,-1,1,MY9491,0,2,20
T380,T379,12:58:17,6,-1,1,MY9491,0,2,10
M132/1,M200,12:58:17,6,-1,2,MY9211,0,2,20
C689/1,T355/2,12:58:27,6,-1,1,MY7560,0,2,142
T326/2,T337,12:58:48,6,-1,1,MY9487,0,2,81
T339/2,T408/1,12:58:58,6,-1,-1,MY9154,0,2,60
M139/2,M184,12:59:08,6,-1,1,MY9282,0,2,40
M95/3,M22,12:59:18,6,-1,1,MY9362,0,2,131
T337,T334,12:59:18,6,-1,1,MY9487,0,2,20
M200,M201,12:59:28,6,-1,-1,MY9211,0,2,20
T379,T355/1,13:00:08,6,-1,1,MY9491,1,2,80
T355/2,T360,13:00:39,6,-1,1,MY7560,0,2,90
M184,M188,13:00:59,6,-1,1,MY9282,0,2,10
T408/1,T343,13:01:09,6,-1,-1,MY9154,0,2,111
T334,T430,13:01:09,6,-1,1,MY9487,0,2,70
M201,M121,13:01:09,6,-1,1,MY9211,0,2,30
M22,M10,13:01:50,6,-1,1,MY9362,0,2,111
M188,M203/2,13:01:50,6,-1,1,MY9282,0,2,10
M121,M119,13:02:33,6,-1,1,MY9211,0,2,43
T343,T316,13:03:04,6,-1,1,MY9154,0,2,94
M203/2,M277,13:03:34,6,-1,-1,MY9282,0,2,60
T360,T363/1,13:03:34,6,-1,1,MY7560,1,2,155
M119,M113,13:04:04,6,-1,-1,MY9211,0,2,81
T355/1,C688/1,13:04:14,6,-1,-1,MY9491,0,2,225
T316,T345/5,13:04:35,6,-1,-1,MY9154,0,2,81
T363/1,T374,13:04:35,6,-1,1,MY7560,0,2,30
M10,M16/1,13:04:45,6,-1,1,MY9362,0,2,91
C688/1,C691,13:05:05,6,-1,-1,MY9491,0,2,40
T374,T406,13:05:26,6,-1,1,MY7560,0,2,30
T345/5,T344,13:05:36,6,-1,1,MY9154,0,2,40
M16/1,M109,13:05:56,6,-1,1,MY9362,0,2,10
M277,M182/1,13:05:56,6,-1,1,MY9282,0,2,131
M113,M94,13:05:56,6,-1,-1,MY9211,0,2,70
T344,T356/1,13:06:57,6,-1,1,MY9154,0,2,30
T430,M177,13:07:07,6,-1,1,MY9487,0,2,287
C691,C652,13:07:47,6,-1,-1,MY9491,0,2,101
M94,M95/3,13:07:47,6,-1,-1,MY9211,0,2,70
M109,M112,13:08:58,6,-1,1,MY9362,0,2,111
C652,C655,13:09:08,6,-1,-1,MY9491,0,2,30
T356/1,T373/2,13:09:28,6,-1,1,MY9154,1,2,131
M182/1,T431,13:09:59,6,-1,1,MY9282,0,2,202
M177,M198,13:09:59,6,-1,1,MY9487,0,2,141
T406,T345/1,13:10:19,6,-1,-1,MY7560,0,2,283
C655,C657,13:10:30,6,-1,-1,MY9491,0,2,51
T373/2,T375,13:10:40,6,-1,1,MY9154,0,2,40
M112,M127,13:11:00,6,-1,1,MY9362,0,2,40
M198,M183/2,13:11:00,6,-1,1,MY9487,0,2,40
T431,T335,13:11:20,6,-1,1,MY9282,0,2,70
T375,T380,13:11:31,6,-1,1,MY9154,0,2,21
C657,C686,13:11:31,6,-1,-1,MY9491,0,2,31
T335,T338,13:12:12,6,-1,1,MY9282,0,2,10
T380,T379,13:12:12,6,-1,1,MY9154,0,2,10
M127,M125,13:12:33,6,-1,1,MY9362,0,2,41
T379,T359,13:13:03,6,-1,1,MY9154,0,2,20
M183/2,M140/1,13:13:03,6,-1,1,MY9487,0,2,20
T345/1,T322,13:13:24,6,-1,-1,MY7560,0,2,81
C686,C656,13:13:34,6,-1,1,MY9491,0,2,40
T338,T326/3,13:14:04,6,-1,-1,MY9282,0,2,102
M140/1,M137/2,13:14:14,6,-1,1,MY9487,0,2,30
T359,T355/1,13:14:24,6,-1,1,MY9154,0,2,50
T326/3,T332/2,13:14:58,6,-1,1,MY9282,0,2,44
C656,C654/3,13:15:09,6,-1,-1,MY9491,0,2,64
M95/3,M22,13:15:19,6,-1,1,MX7769,0,2,145
M125,M136/2,13:15:19,6,-1,1,MY9362,0,2,84
M137/2,M132/1,13:15:19,6,-1,1,MY9487,0,2,44
T322,T342,13:15:39,6,-1,-1,MY7560,0,2,115
M136/2,M139/2,13:16:09,6,-1,1,MY9362,0,2,20
T332/2,T325/2,13:16:40,6,-1,1,MY9282,0,2,90
T342,T409,13:17:10,6,-1,1,MY7560,0,2,70
M132/1,M200,13:17:10,6,-1,2,MY9487,0,2,60
T325/2,T339/2,13:17:32,6,-1,1,MY9282,0,2,12
T355/1,C688/1,13:17:42,6,-1,-1,MY9154,0,2,187
M139/2,M184,13:18:33,6,-1,1,MY9362,0,2,50
M200,M201,13:18:43,6,-1,-1,MY9487,0,2,20
T409,T368,13:18:53,6,-1,1,MY7560,0,2,80
M22,M16/1,13:19:03,6,-1,1,MX7769,1,2,174
M184,M188,13:19:34,6,-1,1,MY9362,0,2,10
C688/1,C691,13:19:34,6,-1,-1,MY9154,0,2,60
T368,T324/2,13:19:44,6,-1,1,MY7560,0,2,30
C654/3,C653/2,13:20:14,6,-1,1,MY9491,0,2,81
M201,M121,13:20:14,6,-1,1,MY9487,0,2,40
C691,C652,13:20:44,6,-1,-1,MY9154,0,2,40
M188,M203/2,13:20:55,6,-1,1,MY9362,0,2,10
M16/1,M109,13:21:05,6,-1,1,MX7769,0,2,30
T324/2,T327,13:21:37,6,-1,1,MY7560,0,2,52
M121,M119,13:21:47,6,-1,1,MY9487,0,2,51
C652,C655,13:22:07,6,-1,-1,MY9154,0,2,41
M203/2,M277,13:22:17,6,-1,-1,MY9362,0,2,20
T339/2,T343,13:22:17,6,-1,-1,MY9282,1,2,234
C653/2,C692,13:22:17,6,-1,-1,MY9491,0,2,112
M109,M112,13:22:37,6,-1,1,MX7769,0,2,60
T327,T326/2,13:22:57,6,-1,1,MY7560,0,2,30
C655,C657,13:23:18,6,-1,-1,MY9154,0,2,50
C657,C686,13:23:58,6,-1,-1,MY9154,0,2,30
C692,C689/1,13:24:18,6,-1,1,MY9491,0,2,80
T343,T316,13:24:28,6,-1,1,MY9282,0,2,90
T326/2,T337,13:24:28,6,-1,1,MY7560,0,2,80
M119,M113,13:24:49,6,-1,-1,MY9487,0,2,172
T316,T345/5,13:26:00,6,-1,-1,MY9282,0,2,80
M113,M94,13:26:00,6,-1,-1,MY9487,0,2,30
M95/3,M22,13:26:10,6,-1,1,MX7866,0,2,81
C686,C656,13:26:30,6,-1,1,MY9154,0,2,91
T334,T430,13:26:30,6,-1,1,MY7560,0,2,40
C689/1,T355/2,13:26:50,6,-1,1,MY9491,0,2,111
M94,M95/3,13:27:11,6,-1,-1,MY9487,0,2,40
M112,M125,13:27:32,6,-1,1,MX7769,1,2,243
C656,C654/3,13:27:42,6,-1,-1,MY9154,0,2,61
T355/2,T360,13:29:13,6,-1,1,MY9491,0,2,111
T345/5,T344,13:29:35,6,-1,1,MY9282,0,2,204
M22,M10,13:29:45,6,-1,1,MX7866,0,2,204
M125,M139/2,13:29:45,6,-1,1,MX7769,1,2,123
T360,T376/1,13:29:45,6,-1,1,MY9491,0,2,22
T344,T356/1,13:30:46,6,-1,1,MY9282,0,2,20
M10,M16/1,13:31:26,6,-1,1,MX7866,0,2,60
C654/3,C653/2,13:31:36,6,-1,1,MY9154,0,2,60
T376/1,T363/1,13:31:46,6,-1,1,MY9491,0,2,90
M139/2,M184,13:32:06,6,-1,1,MX7769,0,2,40
T356/1,T358,13:32:57,6,-1,1,MY9282,0,2,90
M184,M188,13:33:17,6,-1,1,MX7769,0,2,20
C653/2,C692,13:33:27,6,-1,-1,MY9154,0,2,40
T363/1,T374,13:33:27,6,-1,1,MY9491,0,2,30
M16/1,M109,13:33:58,6,-1,1,MX7866,0,2,40
T358,T373/2,13:34:08,6,-1,1,MY9282,0,2,30
M188,M203/2,13:34:18,6,-1,1,MX7769,0,2,10
T374,T406,13:34:18,6,-1,1,MY9491,0,2,20
C692,C689/1,13:34:28,6,-1,1,MY9154,0,2,20
M109,M112,13:35:39,6,-1,1,MX7866,0,2,91
M203/2,M277,13:35:59,6,-1,-1,MX7769,0,2,70
M112,M127,13:36:10,6,-1,1,MX7866,0,2,20
T373/2,T375,13:36:20,6,-1,1,MY9282,0,2,61
C689/1,T355/2,13:36:52,6,-1,1,MY9154,0,2,103
M127,M125,13:37:23,6,-1,1,MX7866,0,2,40
T375,T380,13:37:53,6,-1,1,MY9282,0,2,61
M182/1,T335,13:38:24,6,-1,1,MY9362,1,2,316
T380,T379,13:38:44,6,-1,1,MY9282,0,2,20
T379,T359,13:39:14,6,-1,1,MY9282,0,2,20
T355/2,T360,13:39:14,6,-1,1,MY9154,0,2,111
M125,M136/2,13:39:45,6,-1,1,MX7866,0,2,81
T406,T345/1,13:39:55,6,-1,-1,MY9491,0,2,286
M136/2,M139/2,13:40:36,6,-1,1,MX7866,0,2,10
T360,T376/1,13:40:36,6,-1,1,MY9154,0,2,50
T335,T332/2,13:41:46,6,-1,1,MY9362,2,2,172
M22,M10,13:42:07,6,-1,1,AC3549,0,2,80
M177,M198,13:42:07,6,-1,1,MY7560,0,2,162
T376/1,T363/1,13:42:37,6,-1,1,MY9154,0,2,111
M139/2,M184,13:42:57,6,-1,1,MX7866,0,2,60
T359,T355/1,13:42:57,6,-1,1,MY9282,0,2,212
T345/1,T322,13:42:57,6,-1,-1,MY9491,0,2,161
T332/2,T325/2,13:43:27,6,-1,1,MY9362,0,2,90
M10,M16/1,13:44:08,6,-1,1,AC3549,0,2,80
T325/2,T339/2,13:44:08,6,-1,1,MY9362,0,2,30
M198,M183/2,13:44:08,6,-1,1,MY7560,0,2,111
M184,M188,13:44:28,6,-1,1,MX7866,0,2,60
M188,M203/2,13:44:58,6,-1,1,MX7866,0,2,20
T322,T342,13:45:19,6,-1,-1,MY9491,0,2,111
M183/2,M140/1,13:45:59,6,-1,1,MY7560,0,2,10
M203/2,M277,13:46:09,6,-1,-1,MX7866,0,2,50
M16/1,M109,13:46:29,6,-1,1,AC3549,0,2,20
T342,T409,13:46:29,6,-1,1,MY9491,0,2,40
T339/2,T408/1,13:46:50,6,-1,-1,MY9362,0,2,101
T355/1,C688/1,13:47:00,6,-1,-1,MY9282,0,2,212
T409,T368,13:48:23,6,-1,1,MY9491,0,2,82
M140/1,M137/2,13:48:33,6,-1,1,MY7560,0,2,103
C688/1,C691,13:49:03,6,-1,-1,MY9282,0,2,50
T408/1,T343,13:49:13,6,-1,-1,MY9362,0,2,123
M109,M112,13:49:23,6,-1,1,AC3549,0,2,90
M137/2,M132/1,13:49:43,6,-1,1,MY7560,0,2,40
T368,T324/2,13:49:54,6,-1,1,MY9491,0,2,30
T363/1,T345/1,13:50:04,6,-1,-1,MY9154,2,2,406
M277,M182/1,13:50:44,6,-1,1,MX7866,0,2,264
M182/1,T431,13:51:25,6,-1,1,MX7769,0,2,212
T324/2,T327,13:51:55,6,-1,1,MY9491,0,2,70
C691,C652,13:52:05,6,-1,-1,MY9282,0,2,161
T345/1,T322,13:52:35,6,-1,-1,MY9154,0,2,111
M112,M127,13:52:55,6,-1,1,AC3549,0,2,80
T327,T326/2,13:52:55,6,-1,1,MY9491,0,2,30
T431,T335,13:53:16,6,-1,1,MX7769,0,2,80
C652,C655,13:53:16,6,-1,-1,MY9282,0,2,30
T343,T345/5,13:53:56,6,-1,-1,MY9362,1,2,222
T335,T338,13:54:16,6,-1,1,MX7769,0,2,10
M132/1,M201,13:54:26,6,-1,-1,MY7560,1,2,171
T326/2,T337,13:54:37,6,-1,1,MY9491,0,2,90
M182/1,T431,13:54:47,6,-1,1,MX7866,0,2,192
C655,C657,13:54:47,6,-1,-1,MY9282,0,2,50
T322,T342,13:54:47,6,-1,-1,MY9154,0,2,121
M127,M125,13:54:57,6,-1,1,AC3549,0,2,80
T338,T326/3,13:55:27,6,-1,-1,MX7769,0,2,60
C657,C686,13:55:27,6,-1,-1,MY9282,0,2,20
M95/3,M22,13:55:37,6,-1,1,MY9487,0,2,80
T345/5,T344,13:55:37,6,-1,1,MY9362,0,2,91
T342,T409,13:55:37,6,-1,1,MY9154,0,2,40
M201,M121,13:55:58,6,-1,1,MY7560,0,2,50
T431,T335,13:56:28,6,-1,1,MX7866,0,2,81
T326/3,T332/2,13:56:38,6,-1,1,MX7769,0,2,50
T344,T356/1,13:56:38,6,-1,1,MY9362,0,2,30
T337,T430,13:56:38,6,-1,1,MY9491,1,2,111
T409,T368,13:56:48,6,-1,1,MY9154,0,2,60
T335,T338,13:56:58,6,-1,1,MX7866,0,2,10
M125,M136/2,13:57:29,6,-1,1,AC3549,0,2,40
M121,M119,13:57:29,6,-1,1,MY7560,0,2,40
C686,C656,13:57:39,6,-1,1,MY9282,0,2,91
T368,T324/2,13:57:39,6,-1,1,MY9154,0,2,30
T338,T326/3,13:58:40,6,-1,-1,MX7866,0,2,70
T332/2,T325/2,13:58:50,6,-1,1,MX7769,0,2,121
M136/2,M139/2,13:59:00,6,-1,1,AC3549,0,2,60
T356/1,T358,13:59:00,6,-1,1,MY9362,0,2,131
C656,C654/3,13:59:00,6,-1,-1,MY9282,0,2,40
T325/2,T339/2,13:59:20,6,-1,1,MX7769,0,2,20
T324/2,T327,13:59:20,6,-1,1,MY9154,0,2,81
M119,M113,13:59:32,6,-1,-1,MY7560,0,2,112
M22,M10,13:59:42,6,-1,1,MY9487,0,2,163
T326/3,T332/2,13:59:52,6,-1,1,MX7866,0,2,52
T358,T373/2,14:00:02,6,-1,1,MY9362,0,2,30
T327,T326/2,14:00:02,6,-1,1,MY9154,0,2,20
M139/2,M184,14:00:34,6,-1,1,AC3549,0,2,41
T373/2,T375,14:01:18,6,-1,1,MY9362,0,2,34
T326/2,T334,14:01:48,6,-1,1,MY9154,1,2,85
M184,M188,14:01:58,6,-1,1,AC3549,0,2,10
T332/2,T325/2,14:01:58,6,-1,1,MX7866,0,2,105
M10,M16/1,14:02:19,6,-1,1,MY9487,0,2,84
T375,T380,14:02:19,6,-1,1,MY9362,0,2,30
T430,M177,14:02:19,6,-1,1,MY9491,0,2,289
M113,M94,14:02:19,6,-1,-1,MY7560,0,2,146
T325/2,T339/2,14:02:49,6,-1,1,MX7866,0,2,20
T339/2,T408/1,14:02:49,6,-1,-1,MX7769,0,2,146
T380,T379,14:02:59,6,-1,1,MY9362,0,2,10
T334,T430,14:03:10,6,-1,1,MY9154,0,2,50
M188,M203/2,14:03:30,6,-1,1,AC3549,0,2,71
T379,T359,14:03:30,6,-1,1,MY9362,0,2,20
M16/1,M109,14:04:10,6,-1,1,MY9487,0,2,40
T408/1,T343,14:04:10,6,-1,-1,MX7769,0,2,60
M94,M95/3,14:04:10,6,-1,-1,MY7560,0,2,101
T359,T355/1,14:04:54,6,-1,1,MY9362,0,2,63
C654/3,C689/1,14:04:54,6,-1,1,MY9282,2,2,321
T339/2,T408/1,14:05:04,6,-1,-1,MX7866,0,2,94
M203/2,M277,14:05:24,6,-1,-1,AC3549,0,2,63
M95/3,M22,14:05:54,6,-1,1,MY9211,0,2,30
M177,M198,14:05:54,6,-1,1,MY9491,0,2,164
T343,T316,14:06:26,6,-1,1,MX7769,0,2,91
T408/1,T343,14:06:36,6,-1,-1,MX7866,0,2,71
M198,M183/2,14:07:26,6,-1,1,MY9491,0,2,81
M277,M182/1,14:08:27,6,-1,1,AC3549,0,2,172
T430,M177,14:08:27,6,-1,1,MY9154,0,2,287
M22,M10,14:08:37,6,-1,1,MY9211,0,2,101
M109,M112,14:08:37,6,-1,1,MY9487,0,2,182
T343,T316,14:08:37,6,-1,1,MX7866,0,2,90
T316,T345/5,14:08:57,6,-1,-1,MX7769,0,2,121
T355/1,C688/1,14:08:57,6,-1,-1,MY9362,0,2,223
C689/1,T355/2,14:09:07,6,-1,1,MY9282,0,2,172
M183/2,M140/1,14:09:07,6,-1,1,MY9491,0,2,40
M112,M127,14:10:38,6,-1,1,MY9487,0,2,20
T316,T345/5,14:10:38,6,-1,-1,MX7866,0,2,90
T345/5,T344,14:10:38,6,-1,1,MX7769,0,2,60
C688/1,C691,14:10:38,6,-1,-1,MY9362,0,2,60
M140/1,M137/2,14:10:38,6,-1,1,MY9491,0,2,40
M10,M16/1,14:10:59,6,-1,1,MY9211,0,2,80
M137/2,M132/1,14:11:49,6,-1,1,MY9491,0,2,30
T345/5,T344,14:11:59,6,-1,1,MX7866,0,2,50
T355/2,T360,14:11:59,6,-1,1,MY9282,0,2,121
M127,M125,14:12:19,6,-1,1,MY9487,0,2,60
M177,M198,14:12:19,6,-1,1,MY9154,0,2,181
M182/1,T431,14:12:50,6,-1,1,AC3549,0,2,212
T344,T356/1,14:12:50,6,-1,1,MX7866,0,2,30
C691,C652,14:13:10,6,-1,-1,MY9362,0,2,111
M198,M183/2,14:13:32,6,-1,1,MY9154,0,2,51
M16/1,M109,14:14:02,6,-1,1,MY9211,0,2,102
T344,T358,14:14:02,6,-1,1,MX7769,1,2,173
C652,C655,14:14:12,6,-1,-1,MY9362,0,2,30
T360,T376/1,14:14:12,6,-1,1,MY9282,0,2,92
M125,M136/2,14:14:22,6,-1,1,MY9487,0,2,20
T356/1,T358,14:14:22,6,-1,1,MX7866,0,2,62
M183/2,M140/1,14:14:43,6,-1,1,MY9154,0,2,30
M132/1,M200,14:14:43,6,-1,2,MY9491,0,2,112
T358,T373/2,14:14:53,6,-1,1,MX7769,0,2,30
T431,T335,14:15:13,6,-1,1,AC3549,0,2,91
T358,T373/2,14:15:23,6,-1,1,MX7866,0,2,30
C655,C657,14:15:33,6,-1,-1,MY9362,0,2,40
T335,T338,14:16:04,6,-1,1,AC3549,0,2,10
T373/2,T375,14:16:04,6,-1,1,MX7769,0,2,30
C657,C686,14:16:04,6,-1,-1,MY9362,0,2,20
T376/1,T363/1,14:16:14,6,-1,1,MY9282,0,2,111
M140/1,M137/2,14:16:14,6,-1,1,MY9154,0,2,40
M136/2,M139/2,14:16:34,6,-1,1,MY9487,0,2,91
T373/2,T375,14:16:34,6,-1,1,MX7866,0,2,50
M200,M201,14:16:34,6,-1,-1,MY9491,0,2,20
M137/2,M132/1,14:17:25,6,-1,1,MY9154,0,2,30
M139/2,M184,14:17:35,6,-1,1,MY9487,0,2,20
M109,M112,14:17:45,6,-1,1,MY9211,0,2,162
T363/1,T374,14:17:45,6,-1,1,MY9282,0,2,50
C686,C656,14:18:15,6,-1,1,MY9362,0,2,60
T374,T406,14:18:25,6,-1,1,MY9282,0,2,30
M112,M127,14:18:47,6,-1,1,MY9211,0,2,21
T375,T380,14:18:47,6,-1,1,MX7769,0,2,71
M201,M121,14:18:47,6,-1,1,MY9491,0,2,61
T375,T380,14:18:57,6,-1,1,MX7866,0,2,81
M184,M188,14:19:17,6,-1,1,MY9487,0,2,61
T338,T326/3,14:19:17,6,-1,-1,AC3549,0,2,142
M132/1,M200,14:19:17,6,-1,2,MY9154,0,2,51
C656,C654/3,14:19:27,6,-1,-1,MY9362,0,2,50
T380,T379,14:19:37,6,-1,1,MX7769,0,2,20
T380,T379,14:19:47,6,-1,1,MX7866,0,2,20
M127,M125,14:19:57,6,-1,1,MY9211,0,2,30
M188,M203/2,14:19:57,6,-1,1,MY9487,0,2,30
M200,M201,14:20:08,6,-1,-1,MY9154,0,2,10
T379,T359,14:20:18,6,-1,1,MX7769,0,2,20
T379,T359,14:20:18,6,-1,1,MX7866,0,2,20
M121,M119,14:20:18,6,-1,1,MY9491,0,2,40
M203/2,M277,14:21:08,6,-1,-1,MY9487,0,2,30
T326/3,T332/2,14:21:29,6,-1,1,AC3549,0,2,111
M201,M121,14:21:29,6,-1,1,MY9154,0,2,30
M95/3,M22,14:21:39,6,-1,1,MY7560,0,2,131
T359,T355/1,14:21:39,6,-1,1,MX7769,0,2,60
T359,T355/1,14:21:49,6,-1,1,MX7866,0,2,60
M121,M119,14:22:39,6,-1,1,MY9154,0,2,40
T332/2,T325/2,14:23:20,6,-1,1,AC3549,0,2,101
M277,M182/1,14:23:30,6,-1,1,MY9487,0,2,131
M119,M113,14:23:40,6,-1,-1,MY9491,0,2,171
M125,M136/2,14:23:50,6,-1,1,MY9211,0,2,40
M22,M10,14:24:10,6,-1,1,MY7560,0,2,141
T406,T345/1,14:24:10,6,-1,-1,MY9282,0,2,333
T325/2,T339/2,14:24:44,6,-1,1,AC3549,0,2,33
M113,M94,14:25:04,6,-1,-1,MY9491,0,2,30
C654/3,C653/2,14:25:24,6,-1,1,MY9362,0,2,84
M136/2,M139/2,14:25:35,6,-1,1,MY9211,0,2,74
T355/1,C688/1,14:26:15,6,-1,-1,MX7769,0,2,256
T355/1,C688/1,14:26:15,6,-1,-1,MX7866,0,2,235
M10,M16/1,14:26:48,6,-1,1,MY7560,0,2,146
M119,M113,14:26:48,6,-1,-1,MY9154,0,2,197
C653/2,C692,14:26:58,6,-1,-1,MY9362,0,2,83
T339/2,T408/1,14:27:08,6,-1,-1,AC3549,0,2,103
M94,M95/3,14:27:18,6,-1,-1,MY9491,0,2,83
M182/1,T431,14:27:58,6,-1,1,MY9487,0,2,204
T345/1,T322,14:27:58,6,-1,-1,MY9282,0,2,123
M139/2,M184,14:28:08,6,-1,1,MY9211,0,2,40
C688/1,C691,14:28:08,6,-1,-1,MX7866,0,2,60
C688/1,C691,14:28:08,6,-1,-1,MX7769,0,2,70
C692,C689/1,14:28:19,6,-1,1,MY9362,0,2,40
M16/1,M109,14:29:39,6,-1,1,MY7560,0,2,60
T431,T335,14:29:39,6,-1,1,MY9487,0,2,70
T408/1,T343,14:29:39,6,-1,-1,AC3549,0,2,101
C691,C652,14:29:39,6,-1,-1,MX7769,0,2,60
M113,M94,14:29:50,6,-1,-1,MY9154,0,2,101
C691,C652,14:30:10,6,-1,-1,MX7866,0,2,80
T322,T342,14:30:10,6,-1,-1,MY9282,0,2,111
T335,T338,14:30:20,6,-1,1,MY9487,0,2,10
M184,M188,14:30:32,6,-1,1,MY9211,0,2,62
C689/1,T355/2,14:30:52,6,-1,1,MY9362,0,2,113
C652,C655,14:31:23,6,-1,-1,MX7769,0,2,50
C652,C655,14:31:33,6,-1,-1,MX7866,0,2,40
T342,T409,14:31:53,6,-1,1,MY9282,0,2,50
M188,M203/2,14:32:13,6,-1,1,MY9211,0,2,10
T338,T326/3,14:32:13,6,-1,-1,MY9487,0,2,81
T343,T316,14:32:13,6,-1,1,AC3549,0,2,101
M94,M95/3,14:32:13,6,-1,-1,MY9154,0,2,101
M109,M112,14:32:54,6,-1,1,MY7560,0,2,121
C655,C657,14:33:04,6,-1,-1,MX7769,0,2,70
C655,C657,14:33:04,6,-1,-1,MX7866,0,2,70
T326/3,T332/2,14:33:14,6,-1,1,MY9487,0,2,50
T355/2,T360,14:33:14,6,-1,1,MY9362,0,2,111
T409,T368,14:33:34,6,-1,1,MY9282,0,2,70
C657,C686,14:33:45,6,-1,-1,MX7769,0,2,30
C657,C686,14:33:45,6,-1,-1,MX7866,0,2,30
T316,T345/5,14:33:55,6,-1,-1,AC3549,0,2,91
M112,M127,14:34:15,6,-1,1,MY7560,0,2,20
M203/2,M277,14:34:15,6,-1,-1,MY9211,0,2,60
T368,T324/2,14:34:36,6,-1,1,MY9282,0,2,31
T332/2,T325/2,14:34:46,6,-1,1,MY9487,0,2,81
T360,T376/1,14:35:06,6,-1,1,MY9362,0,2,71
C686,C656,14:35:37,6,-1,1,MX7769,0,2,71
T345/5,T344,14:35:47,6,-1,1,AC3549,0,2,92
C686,C656,14:35:47,6,-1,1,MX7866,0,2,71
T325/2,T339/2,14:36:07,6,-1,1,MY9487,0,2,40
T324/2,T327,14:36:07,6,-1,1,MY9282,0,2,50
C656,C654/3,14:36:38,6,-1,-1,MX7769,0,2,50
M277,M182/1,14:36:48,6,-1,1,MY9211,0,2,142
C656,C654/3,14:36:48,6,-1,-1,MX7866,0,2,50
T344,T356/1,14:37:08,6,-1,1,AC3549,0,2,30
T376/1,T363/1,14:37:08,6,-1,1,MY9362,0,2,70
T327,T326/2,14:37:38,6,-1,1,MY9282,0,2,50
T363/1,T374,14:38:29,6,-1,1,MY9362,0,2,30
T326/2,T337,14:38:49,6,-1,1,MY9282,0,2,60
M127,M125,14:38:59,6,-1,1,MY7560,0,2,232
T356/1,T358,14:38:59,6,-1,1,AC3549,0,2,90
T337,T334,14:39:33,6,-1,1,MY9282,0,2,34
T374,T406,14:39:44,6,-1,1,MY9362,0,2,34
T358,T373/2,14:39:54,6,-1,1,AC3549,0,2,20
M125,M136/2,14:40:24,6,-1,1,MY7560,0,2,20
M95/3,M22,14:40:34,6,-1,1,MY9491,0,2,94
T334,T430,14:40:54,6,-1,1,MY9282,0,2,60
T339/2,T343,14:41:05,6,-1,-1,MY9487,1,2,226
T373/2,T375,14:41:05,6,-1,1,AC3549,0,2,30
M136/2,M139/2,14:41:15,6,-1,1,MY7560,0,2,10
M182/1,T431,14:41:35,6,-1,1,MY9211,0,2,236
C654/3,C653/2,14:41:45,6,-1,1,MX7769,0,2,287
C654/3,C653/2,14:41:45,6,-1,1,MX7866,0,2,71
M139/2,M184,14:42:56,6,-1,1,MY7560,0,2,30
T431,T335,14:42:56,6,-1,1,MY9211,0,2,70
T343,T316,14:43:06,6,-1,1,MY9487,0,2,80
T375,T380,14:43:16,6,-1,1,AC3549,0,2,70
C653/2,C692,14:43:26,6,-1,-1,MX7769,0,2,90
M184,M188,14:43:47,6,-1,1,MY7560,0,2,10
M22,M10,14:43:57,6,-1,1,MY9491,0,2,111
T335,T338,14:44:07,6,-1,1,MY9211,0,2,20
T380,T379,14:44:07,6,-1,1,AC3549,0,2,10
C653/2,C692,14:44:27,6,-1,-1,MX7866,0,2,111
T379,T359,14:44:47,6,-1,1,AC3549,0,2,20
M188,M203/2,14:45:18,6,-1,1,MY7560,0,2,10
T316,T345/5,14:45:18,6,-1,-1,MY9487,0,2,111
C692,C689/1,14:45:48,6,-1,1,MX7769,0,2,101
T338,T326/3,14:45:58,6,-1,-1,MY9211,0,2,70
T359,T355/1,14:45:58,6,-1,1,AC3549,0,2,60
C692,C689/1,14:45:58,6,-1,1,MX7866,0,2,40
T430,M177,14:46:08,6,-1,1,MY9282,0,2,303
T406,T345/1,14:46:18,6,-1,-1,MY9362,0,2,333
M10,M16/1,14:46:39,6,-1,1,MY9491,0,2,70
T345/5,T344,14:46:49,6,-1,1,MY9487,0,2,50
M203/2,M277,14:46:59,6,-1,-1,MY7560,0,2,40
T326/3,T332/2,14:46:59,6,-1,1,MY9211,0,2,40
C689/1,T355/2,14:48:42,6,-1,1,MX7769,0,2,123
T332/2,T325/2,14:48:52,6,-1,1,MY9211,0,2,82
C689/1,T355/2,14:48:52,6,-1,1,MX7866,0,2,113
M277,M182/1,14:49:43,6,-1,1,MY7560,0,2,143
T325/2,T339/2,14:49:43,6,-1,1,MY9211,0,2,20
T344,T358,14:49:43,6,-1,1,MY9487,1,2,163
M16/1,M109,14:50:03,6,-1,1,MY9491,0,2,20
T358,T373/2,14:50:33,6,-1,1,MY9487,0,2,30
T355/2,T360,14:50:33,6,-1,1,MX7866,0,2,91
T345/1,T342,14:50:43,6,-1,-1,MY9362,1,2,234
T355/2,T360,14:51:03,6,-1,1,MX7769,0,2,111
T355/1,C688/1,14:51:14,6,-1,-1,AC3549,0,2,285
M177,M198,14:51:14,6,-1,1,MY9282,0,2,151
T373/2,T375,14:51:54,6,-1,1,MY9487,0,2,40
T342,T409,14:51:54,6,-1,1,MY9362,0,2,40
T339/2,T408/1,14:52:04,6,-1,-1,MY9211,0,2,111
M198,M183/2,14:52:45,6,-1,1,MY9282,0,2,80
T375,T380,14:52:55,6,-1,1,MY9487,0,2,30
C688/1,C691,14:53:05,6,-1,-1,AC3549,0,2,40
T360,T376/1,14:53:36,6,-1,1,MX7866,0,2,132
T360,T376/1,14:53:36,6,-1,1,MX7769,0,2,111
T409,T368,14:53:36,6,-1,1,MY9362,0,2,81
M109,M112,14:53:46,6,-1,1,MY9491,0,2,152
T380,T379,14:53:46,6,-1,1,MY9487,0,2,21
M112,M127,14:54:26,6,-1,1,MY9491,0,2,20
T379,T359,14:54:26,6,-1,1,MY9487,0,2,20
C691,C652,14:54:26,6,-1,-1,AC3549,0,2,40
M183/2,M140/1,14:54:26,6,-1,1,MY9282,0,2,20
M182/1,T431,14:54:37,6,-1,1,MY7560,0,2,233
T408/1,T343,14:54:37,6,-1,-1,MY9211,0,2,142
T368,T324/2,14:54:57,6,-1,1,MY9362,0,2,40
T376/1,T363/1,14:55:27,6,-1,1,MX7866,0,2,101
T376/1,T363/1,14:55:27,6,-1,1,MX7769,0,2,101
M127,M125,14:55:37,6,-1,1,MY9491,0,2,30
T359,T355/1,14:55:47,6,-1,1,MY9487,0,2,50
T431,T335,14:56:08,6,-1,1,MY7560,0,2,60
C652,C655,14:56:08,6,-1,-1,AC3549,0,2,90
T335,T338,14:56:58,6,-1,1,MY7560,0,2,10
T343,T316,14:56:58,6,-1,1,MY9211,0,2,111
T363/1,T374,14:56:58,6,-1,1,MX7866,0,2,40
T324/2,T327,14:56:58,6,-1,1,MY9362,0,2,70
T363/1,T374,14:57:08,6,-1,1,MX7769,0,2,50
M125,M136/2,14:57:18,6,-1,1,MY9491,0,2,20
M140/1,M137/2,14:57:18,6,-1,1,MY9282,0,2,121
C655,C657,14:57:29,6,-1,-1,AC3549,0,2,40
T374,T406,14:57:39,6,-1,1,MX7866,0,2,30
T374,T406,14:57:59,6,-1,1,MX7769,0,2,30
T327,T326/2,14:57:59,6,-1,1,MY9362,0,2,30
T338,T326/3,14:58:19,6,-1,-1,MY7560,0,2,60
C657,C686,14:58:19,6,-1,-1,AC3549,0,2,20
M137/2,M132/1,14:58:49,6,-1,1,MY9282,0,2,60
M95/3,M22,14:59:20,6,-1,1,MY9154,0,2,70
M136/2,M139/2,14:59:20,6,-1,1,MY9491,0,2,70
T326/2,T337,14:59:20,6,-1,1,MY9362,0,2,60
T316,T345/5,14:59:33,6,-1,-1,MY9211,0,2,134
T337,T334,15:00:03,6,-1,1,MY9362,0,2,20
T355/1,C688/1,15:00:13,6,-1,-1,MY9487,0,2,235
C686,C656,15:00:23,6,-1,1,AC3549,0,2,83
T326/3,T325/2,15:00:44,6,-1,1,MY7560,1,2,124
T334,T430,15:01:14,6,-1,1,MY9362,0,2,50
T325/2,T339/2,15:01:24,6,-1,1,MY7560,0,2,10
C656,C654/3,15:01:24,6,-1,-1,AC3549,0,2,40
T345/5,T344,15:01:34,6,-1,1,MY9211,0,2,111
C688/1,C691,15:01:34,6,-1,-1,MY9487,0,2,50
M139/2,M184,15:01:45,6,-1,1,MY9491,0,2,40
M132/1,M200,15:02:26,6,-1,2,MY9282,0,2,91
T344,T356/1,15:02:36,6,-1,1,MY9211,0,2,51
M184,M188,15:02:56,6,-1,1,MY9491,0,2,10
T406,T345/1,15:02:56,6,-1,-1,MX7866,0,2,307
M22,M10,15:03:16,6,-1,1,MY9154,0,2,152
C691,C652,15:03:37,6,-1,-1,MY9487,0,2,91
T339/2,T408/1,15:03:57,6,-1,-1,MY7560,0,2,122
C652,C655,15:04:17,6,-1,-1,MY9487,0,2,30
M188,M203/2,15:04:37,6,-1,1,MY9491,0,2,20
T356/1,T358,15:04:48,6,-1,1,MY9211,0,2,121
M200,M201,15:04:58,6,-1,-1,MY9282,0,2,81
T406,T345/1,15:05:08,6,-1,-1,MX7769,0,2,408
M10,M16/1,15:05:18,6,-1,1,MY9154,0,2,70
C655,C657,15:05:18,6,-1,-1,MY9487,0,2,50
T408/1,T343,15:05:28,6,-1,-1,MY7560,0,2,70
C654/3,C653/2,15:05:28,6,-1,1,AC3549,0,2,121
T345/1,T322,15:05:28,6,-1,-1,MX7866,0,2,141
T358,T373/2,15:05:48,6,-1,1,MY9211,0,2,30
C657,C686,15:06:10,6,-1,-1,MY9487,0,2,31
T430,M177,15:06:10,6,-1,1,MY9362,0,2,285
M203/2,M277,15:06:20,6,-1,-1,MY9491,0,2,61
M201,M121,15:06:20,6,-1,1,MY9282,0,2,61
M121,M119,15:07:21,6,-1,1,MY9282,0,2,30
T343,T316,15:07:34,6,-1,1,MY7560,0,2,95
T373/2,T375,15:07:34,6,-1,1,MY9211,0,2,73
T322,T342,15:07:34,6,-1,-1,MX7866,0,2,95
C653/2,C692,15:08:04,6,-1,-1,AC3549,0,2,93
T345/1,T322,15:08:14,6,-1,-1,MX7769,0,2,165
M16/1,M109,15:08:54,6,-1,1,MY9154,0,2,114
T342,T409,15:08:54,6,-1,1,MX7866,0,2,40
M277,M182/1,15:09:05,6,-1,1,MY9491,0,2,154
C692,C689/1,15:09:05,6,-1,1,AC3549,0,2,10
T375,T380,15:09:15,6,-1,1,MY9211,0,2,70
C686,C656,15:09:25,6,-1,1,MY9487,0,2,144
T322,T342,15:09:46,6,-1,-1,MX7769,0,2,81
M177,M198,15:09:56,6,-1,1,MY9362,0,2,165
T316,T345/5,15:10:06,6,-1,-1,MY7560,0,2,142
T409,T368,15:10:06,6,-1,1,MX7866,0,2,51
C656,C654/3,15:10:26,6,-1,-1,MY9487,0,2,50
M119,M113,15:10:26,6,-1,-1,MY9282,0,2,132
T380,T379,15:10:57,6,-1,1,MY9211,0,2,20
T342,T409,15:11:07,6,-1,1,MX7769,0,2,50
T368,T324/2,15:11:07,6,-1,1,MX7866,0,2,30
T345/5,T344,15:11:27,6,-1,1,MY7560,0,2,50
M198,M183/2,15:11:47,6,-1,1,MY9362,0,2,101
T344,T356/1,15:12:08,6,-1,1,MY7560,0,2,30
M113,M94,15:12:28,6,-1,-1,MY9282,0,2,91
T324/2,T327,15:12:38,6,-1,1,MX7866,0,2,50
T409,T324/2,15:12:48,6,-1,1,MX7769,1,2,91
M183/2,M140/1,15:13:08,6,-1,1,MY9362,0,2,20
M109,M112,15:13:29,6,-1,1,MY9154,0,2,192
T379,T355/1,15:13:29,6,-1,1,MY9211,1,2,141
C689/1,T355/2,15:13:29,6,-1,1,AC3549,0,2,131
M182/1,T431,15:13:59,6,-1,1,MY9491,0,2,222
T327,T326/2,15:14:09,6,-1,1,MX7866,0,2,30
M94,M95/3,15:14:09,6,-1,-1,MY9282,0,2,50
T324/2,T327,15:14:20,6,-1,1,MX7769,0,2,60
T356/1,T358,15:14:51,6,-1,1,MY7560,0,2,122
T327,T326/2,15:15:11,6,-1,1,MX7769,0,2,30
M112,M127,15:15:21,6,-1,1,MY9154,0,2,20
T431,T335,15:15:21,6,-1,1,MY9491,0,2,71
T358,T373/2,15:15:42,6,-1,1,MY7560,0,2,31
T355/2,T360,15:15:52,6,-1,1,AC3549,0,2,103
M140/1,M137/2,15:15:52,6,-1,1,MY9362,0,2,103
T326/2,T334,15:16:02,6,-1,1,MX7866,1,2,92
T335,T338,15:16:23,6,-1,1,MY9491,0,2,20
T326/2,T334,15:16:33,6,-1,1,MX7769,1,2,71
M127,M125,15:16:43,6,-1,1,MY9154,0,2,40
C654/3,C692,15:17:03,6,-1,-1,MY9487,1,2,376
T355/1,C688/1,15:17:33,6,-1,-1,MY9211,0,2,234
T334,T430,15:17:33,6,-1,1,MX7866,0,2,60
T373/2,T375,15:17:44,6,-1,1,MY7560,0,2,30
T334,T430,15:17:44,6,-1,1,MX7769,0,2,60
M137/2,M132/1,15:17:54,6,-1,1,MY9362,0,2,80
T360,T376/1,15:18:14,6,-1,1,AC3549,0,2,121
T338,T326/3,15:18:44,6,-1,-1,MY9491,0,2,121
T375,T380,15:18:54,6,-1,1,MY7560,0,2,30
C688/1,C691,15:19:04,6,-1,-1,MY9211,0,2,20
C692,C689/1,15:19:04,6,-1,1,MY9487,0,2,80
M125,M136/2,15:19:15,6,-1,1,MY9154,0,2,91
T380,T379,15:19:25,6,-1,1,MY7560,0,2,10
M136/2,M139/2,15:19:55,6,-1,1,MY9154,0,2,10
C691,C652,15:20:26,6,-1,-1,MY9211,0,2,40
T376/1,T363/1,15:20:26,6,-1,1,AC3549,0,2,91
T379,T359,15:20:46,6,-1,1,MY7560,0,2,70
T326/3,T325/2,15:21:06,6,-1,1,MY9491,1,2,131
M132/1,M200,15:21:06,6,-1,2,MY9362,0,2,40
T359,T355/1,15:21:46,6,-1,1,MY7560,0,2,50
C652,C655,15:21:57,6,-1,-1,MY9211,0,2,40
T325/2,T339/2,15:22:07,6,-1,1,MY9491,0,2,30
C689/1,T355/2,15:22:07,6,-1,1,MY9487,0,2,141
M139/2,M184,15:22:17,6,-1,1,MY9154,0,2,90
T430,M177,15:22:37,6,-1,1,MX7866,0,2,293
T430,M177,15:22:37,6,-1,1,MX7769,0,2,283
M200,M201,15:22:47,6,-1,-1,MY9362,0,2,20
C655,C657,15:22:57,6,-1,-1,MY9211,0,2,40
M95/3,M22,15:23:17,6,-1,1,MY9282,0,2,121
T363/1,T374,15:23:28,6,-1,1,AC3549,0,2,60
M184,M188,15:23:48,6,-1,1,MY9154,0,2,20
C657,C686,15:23:58,6,-1,-1,MY9211,0,2,30
M188,M203/2,15:24:29,6,-1,1,MY9154,0,2,10
T374,T406,15:24:29,6,-1,1,AC3549,0,2,30
M201,M121,15:24:29,6,-1,1,MY9362,0,2,51
T355/2,T360,15:24:39,6,-1,1,MY9487,0,2,121
T339/2,T408/1,15:24:59,6,-1,-1,MY9491,0,2,142
T355/1,C688/1,15:25:19,6,-1,-1,MY7560,0,2,202
M22,M10,15:25:40,6,-1,1,MY9282,0,2,91
M177,M198,15:25:40,6,-1,1,MX7769,0,2,111
M177,M198,15:26:00,6,-1,1,MX7866,0,2,172
M121,M119,15:26:00,6,-1,1,MY9362,0,2,50
T360,T376/1,15:26:20,6,-1,1,MY9487,0,2,70
C688/1,C691,15:26:31,6,-1,-1,MY7560,0,2,31
T408/1,T343,15:26:41,6,-1,-1,MY9491,0,2,71
M203/2,M277,15:26:51,6,-1,-1,MY9154,0,2,81
C686,C656,15:27:22,6,-1,1,MY9211,0,2,162
M198,M183/2,15:27:22,6,-1,1,MX7769,0,2,91
M198,M183/2,15:27:22,6,-1,1,MX7866,0,2,71
M10,M16/1,15:27:42,6,-1,1,MY9282,0,2,81
M183/2,M140/1,15:28:22,6,-1,1,MX7769,0,2,10
M183/2,M140/1,15:28:32,6,-1,1,MX7866,0,2,10
C656,C654/3,15:28:53,6,-1,-1,MY9211,0,2,50
T343,T316,15:29:03,6,-1,1,MY9491,0,2,90
C691,C652,15:29:03,6,-1,-1,MY7560,0,2,121
T376/1,T363/1,15:29:03,6,-1,1,MY9487,0,2,151
M119,M113,15:29:23,6,-1,-1,MY9362,0,2,182
M277,M182/1,15:29:33,6,-1,1,MY9154,0,2,151
C652,C655,15:30:14,6,-1,-1,MY7560,0,2,40
T406,T345/1,15:30:14,6,-1,-1,AC3549,0,2,314
T363/1,T374,15:30:54,6,-1,1,MY9487,0,2,60
M140/1,M137/2,15:30:54,6,-1,1,MX7769,0,2,111
M140/1,M137/2,15:30:54,6,-1,1,MX7866,0,2,111
C655,C657,15:31:35,6,-1,-1,MY7560,0,2,50
T374,T406,15:31:35,6,-1,1,MY9487,0,2,30
T316,T345/5,15:32:05,6,-1,-1,MY9491,0,2,172
C657,C686,15:32:05,6,-1,-1,MY7560,0,2,20
M137/2,M132/1,15:32:15,6,-1,1,MX7769,0,2,40
M137/2,M132/1,15:32:25,6,-1,1,MX7866,0,2,40
M16/1,M109,15:32:46,6,-1,1,MY9282,0,2,283
M113,M94,15:32:46,6,-1,-1,MY9362,0,2,141
T345/1,T322,15:33:06,6,-1,-1,AC3549,0,2,121
C686,C656,15:33:36,6,-1,1,MY7560,0,2,30
C654/3,C653/2,15:33:36,6,-1,1,MY9211,0,2,131
M182/1,T431,15:33:56,6,-1,1,MY9154,0,2,212
T345/5,T344,15:33:56,6,-1,1,MY9491,0,2,101
C656,C654/3,15:34:37,6,-1,-1,MY7560,0,2,50
C653/2,C692,15:34:37,6,-1,-1,MY9211,0,2,50
M132/1,M200,15:34:47,6,-1,2,MX7769,0,2,60
M132/1,M200,15:34:47,6,-1,2,MX7866,0,2,50
T344,T356/1,15:35:07,6,-1,1,MY9491,0,2,30
T322,T342,15:35:07,6,-1,-1,AC3549,0,2,91
M200,M201,15:35:28,6,-1,-1,MX7769,0,2,10
T431,T335,15:35:48,6,-1,1,MY9154,0,2,81
M200,M201,15:35:58,6,-1,-1,MX7866,0,2,10
M94,M95/3,15:35:58,6,-1,-1,MY9362,0,2,162
C692,C689/1,15:36:08,6,-1,1,MY9211,0,2,20
T342,T409,15:36:28,6,-1,1,AC3549,0,2,30
T335,T338,15:36:38,6,-1,1,MY9154,0,2,10
M109,M112,15:36:49,6,-1,1,MY9282,0,2,151
M201,M121,15:36:49,6,-1,1,MX7769,0,2,50
T356/1,T358,15:37:19,6,-1,1,MY9491,0,2,91
T406,T345/1,15:37:39,6,-1,-1,MY9487,0,2,354
M112,M127,15:37:49,6,-1,1,MY9282,0,2,20
T338,T326/3,15:37:49,6,-1,-1,MY9154,0,2,60
M201,M121,15:37:49,6,-1,1,MX7866,0,2,91
M121,M119,15:37:49,6,-1,1,MX7769,0,2,30
T409,T368,15:38:09,6,-1,1,AC3549,0,2,70
T358,T373/2,15:38:20,6,-1,1,MY9491,0,2,30
C654/3,C653/2,15:38:20,6,-1,1,MY7560,0,2,70
T326/3,T332/2,15:39:02,6,-1,1,MY9154,0,2,42
T368,T324/2,15:39:32,6,-1,1,AC3549,0,2,40
T373/2,T375,15:39:42,6,-1,1,MY9491,0,2,40
M121,M119,15:39:42,6,-1,1,MX7866,0,2,70
M127,M125,15:39:52,6,-1,1,MY9282,0,2,70
C689/1,T355/2,15:40:13,6,-1,1,MY9211,0,2,123
T375,T380,15:40:59,6,-1,1,MY9491,0,2,46
T332/2,T325/2,15:41:09,6,-1,1,MY9154,0,2,86
T324/2,T327,15:41:19,6,-1,1,AC3549,0,2,66
C653/2,C692,15:41:39,6,-1,-1,MY7560,0,2,188
T380,T379,15:41:50,6,-1,1,MY9491,0,2,10
M119,M113,15:41:50,6,-1,-1,MX7769,0,2,209
M95/3,M22,15:42:00,6,-1,1,MY9362,0,2,81
C692,C689/1,15:42:00,6,-1,1,MY7560,0,2,10
T327,T326/2,15:42:10,6,-1,1,AC3549,0,2,20
T325/2,T339/2,15:42:20,6,-1,1,MY9154,0,2,20
T379,T359,15:42:40,6,-1,1,MY9491,0,2,20
T345/1,T342,15:42:40,6,-1,-1,MY9487,1,2,270
T355/2,T360,15:42:50,6,-1,1,MY9211,0,2,131
M125,M139/2,15:43:11,6,-1,1,MY9282,1,2,131
M119,M113,15:43:21,6,-1,-1,MX7866,0,2,208
T342,T409,15:43:33,6,-1,1,MY9487,0,2,42
T359,T355/1,15:43:43,6,-1,1,MY9491,0,2,52
T326/2,T337,15:43:43,6,-1,1,AC3549,0,2,62
M113,M94,15:44:13,6,-1,-1,MX7769,0,2,40
M113,M94,15:44:13,6,-1,-1,MX7866,0,2,30
M139/2,M184,15:44:24,6,-1,1,MY9282,0,2,30
T360,T376/1,15:44:34,6,-1,1,MY9211,0,2,40
T337,T334,15:44:34,6,-1,1,AC3549,0,2,20
M22,M10,15:44:44,6,-1,1,MY9362,0,2,113
T339/2,T408/1,15:44:44,6,-1,-1,MY9154,0,2,83
T409,T368,15:44:44,6,-1,1,MY9487,0,2,40
M184,M188,15:45:45,6,-1,1,MY9282,0,2,20
T368,T324/2,15:45:55,6,-1,1,MY9487,0,2,40
M94,M95/3,15:45:55,6,-1,-1,MX7769,0,2,91
C689/1,T355/2,15:46:05,6,-1,1,MY7560,0,2,164
T376/1,T363/1,15:46:15,6,-1,1,MY9211,0,2,60
T334,T430,15:46:35,6,-1,1,AC3549,0,2,60
M10,M16/1,15:47:16,6,-1,1,MY9362,0,2,91
M188,M203/2,15:47:16,6,-1,1,MY9282,0,2,10
M94,M95/3,15:47:16,6,-1,-1,MX7866,0,2,161
T408/1,T343,15:47:26,6,-1,-1,MY9154,0,2,121
T363/1,T374,15:47:46,6,-1,1,MY9211,0,2,40
T355/2,T360,15:48:17,6,-1,1,MY7560,0,2,101
T355/1,C688/1,15:48:27,6,-1,-1,MY9491,0,2,253
T374,T406,15:48:27,6,-1,1,MY9211,0,2,30
T324/2,T327,15:48:27,6,-1,1,MY9487,0,2,80
C688/1,C691,15:49:17,6,-1,-1,MY9491,0,2,40
T343,T316,15:49:37,6,-1,1,MY9154,0,2,90
T360,T376/1,15:49:37,6,-1,1,MY7560,0,2,70
M203/2,M277,15:50:18,6,-1,-1,MY9282,0,2,121
T327,T337,15:50:38,6,-1,1,MY9487,1,2,111
T337,T334,15:51:08,6,-1,1,MY9487,0,2,20
T316,T345/5,15:51:49,6,-1,-1,MY9154,0,2,121
T430,M177,15:51:49,6,-1,1,AC3549,0,2,293
M16/1,M109,15:51:59,6,-1,1,MY9362,0,2,141
C691,C652,15:51:59,6,-1,-1,MY9491,0,2,121
T334,T430,15:52:29,6,-1,1,MY9487,0,2,50
M277,M182/1,15:52:50,6,-1,1,MY9282,0,2,141
C652,C655,15:53:10,6,-1,-1,MY9491,0,2,40
T376/1,T363/1,15:53:20,6,-1,1,MY7560,0,2,101
T345/5,T344,15:53:41,6,-1,1,MY9154,0,2,72
C655,C657,15:54:12,6,-1,-1,MY9491,0,2,51
T344,T356/1,15:54:22,6,-1,1,MY9154,0,2,30
C657,C686,15:54:42,6,-1,-1,MY9491,0,2,20
T363/1,T374,15:54:42,6,-1,1,MY7560,0,2,30
M109,M112,15:55:23,6,-1,1,MY9362,0,2,132
T406,T345/1,15:55:23,6,-1,-1,MY9211,0,2,375
T374,T406,15:55:53,6,-1,1,MY7560,0,2,40
M177,M198,15:56:03,6,-1,1,AC3549,0,2,141
C686,C656,15:57:24,6,-1,1,MY9491,0,2,111
T430,M177,15:57:24,6,-1,1,MY9487,0,2,284
M112,M127,15:57:34,6,-1,1,MY9362,0,2,20
M182/1,T431,15:57:34,6,-1,1,MY9282,0,2,202
T356/1,T358,15:57:34,6,-1,1,MY9154,0,2,151
T358,T373/2,15:58:25,6,-1,1,MY9154,0,2,30
C656,C654/3,15:58:25,6,-1,-1,MY9491,0,2,50
M198,M183/2,15:58:25,6,-1,1,AC3549,0,2,131
M127,M125,15:58:55,6,-1,1,MY9362,0,2,40
T373/2,T375,15:58:55,6,-1,1,MY9154,0,2,20
T345/1,T322,15:59:05,6,-1,-1,MY9211,0,2,202
M183/2,M140/1,15:59:36,6,-1,1,AC3549,0,2,10
T375,T380,15:59:46,6,-1,1,MY9154,0,2,20
T380,T379,16:00:26,6,-1,1,MY9154,0,2,10
M95/3,M22,16:00:46,6,-1,1,MX7769,0,2,141
T431,T326/3,16:01:07,6,-1,-1,MY9282,2,2,182
T322,T342,16:01:17,6,-1,-1,MY9211,0,2,101
T326/3,T332/2,16:01:57,6,-1,1,MY9282,0,2,40
T406,T345/1,16:01:57,6,-1,-1,MY7560,0,2,313
T379,T359,16:02:07,6,-1,1,MY9154,0,2,60
M140/1,M137/2,16:02:07,6,-1,1,AC3549,0,2,91
M125,M136/2,16:02:17,6,-1,1,MY9362,0,2,91
C654/3,C692,16:02:28,6,-1,-1,MY9491,1,2,202
T342,T409,16:02:38,6,-1,1,MY9211,0,2,40
M177,M198,16:02:38,6,-1,1,MY9487,0,2,192
M137/2,M132/1,16:02:58,6,-1,1,AC3549,0,2,20
M22,M10,16:03:18,6,-1,1,MX7769,0,2,101
C692,C689/1,16:03:18,6,-1,1,MY9491,0,2,20
T359,T355/1,16:03:28,6,-1,1,MY9154,0,2,70
M136/2,M139/2,16:03:59,6,-1,1,MY9362,0,2,20
T345/1,T322,16:04:09,6,-1,-1,MY7560,0,2,91
T409,T368,16:04:09,6,-1,1,MY9211,0,2,60
M198,M183/2,16:04:29,6,-1,1,MY9487,0,2,101
M10,M16/1,16:05:09,6,-1,1,MX7769,0,2,91
T332/2,T325/2,16:05:09,6,-1,1,MY9282,0,2,91
T368,T324/2,16:05:09,6,-1,1,MY9211,0,2,50
M132/1,M200,16:05:40,6,-1,2,AC3549,0,2,30
T325/2,T339/2,16:06:00,6,-1,1,MY9282,0,2,20
M139/2,M184,16:06:20,6,-1,1,MY9362,0,2,91
M183/2,M140/1,16:06:20,6,-1,1,MY9487,0,2,10
M200,M201,16:06:53,6,-1,-1,AC3549,0,2,20
M184,M188,16:07:33,6,-1,1,MY9362,0,2,10
T355/1,C688/1,16:07:33,6,-1,-1,MY9154,0,2,224
M140/1,M137/2,16:07:33,6,-1,1,MY9487,0,2,30
M16/1,M109,16:07:54,6,-1,1,MX7769,0,2,81
C689/1,T355/2,16:07:54,6,-1,1,MY9491,0,2,154
T324/2,T327,16:08:04,6,-1,1,MY9211,0,2,60
T339/2,T408/1,16:08:14,6,-1,-1,MY9282,0,2,91
T322,T368,16:08:14,6,-1,1,MY7560,2,2,214
M201,M121,16:08:34,6,-1,1,AC3549,0,2,40
T368,T324/2,16:09:04,6,-1,1,MY7560,0,2,30
M137/2,M132/1,16:09:04,6,-1,1,MY9487,0,2,60
T327,T326/2,16:09:15,6,-1,1,MY9211,0,2,30
M188,M203/2,16:09:25,6,-1,1,MY9362,0,2,20
C688/1,C691,16:09:25,6,-1,-1,MY9154,0,2,80
T355/2,T360,16:10:36,6,-1,1,MY9491,0,2,121
T324/2,T327,16:10:46,6,-1,1,MY7560,0,2,60
M203/2,M277,16:10:56,6,-1,-1,MY9362,0,2,50
T326/2,T337,16:10:56,6,-1,1,MY9211,0,2,60
M121,M119,16:10:56,6,-1,1,AC3549,0,2,90
T408/1,T343,16:11:16,6,-1,-1,MY9282,0,2,121
T337,T334,16:11:36,6,-1,1,MY9211,0,2,30
T360,T376/1,16:11:46,6,-1,1,MY9491,0,2,30
T327,T326/2,16:11:56,6,-1,1,MY7560,0,2,30
M132/1,M200,16:11:56,6,-1,2,MY9487,0,2,40
C691,C652,16:12:07,6,-1,-1,MY9154,0,2,111
T343,T316,16:13:17,6,-1,1,MY9282,0,2,80
C652,C655,16:13:17,6,-1,-1,MY9154,0,2,30
T326/2,T337,16:13:17,6,-1,1,MY7560,0,2,70
M200,M201,16:13:38,6,-1,-1,MY9487,0,2,30
M109,M127,16:13:48,6,-1,1,MX7769,1,2,273
T337,T334,16:13:48,6,-1,1,MY7560,0,2,10
M95/3,M22,16:14:08,6,-1,1,MX7866,0,2,80
C655,C657,16:14:28,6,-1,-1,MY9154,0,2,50
T376/1,T363/1,16:14:38,6,-1,1,MY9491,0,2,161
M119,M113,16:14:38,6,-1,-1,AC3549,0,2,131
M277,M182/1,16:14:59,6,-1,1,MY9362,0,2,232
M127,M125,16:15:09,6,-1,1,MX7769,0,2,30
C657,C686,16:15:09,6,-1,-1,MY9154,0,2,30
T334,T430,16:15:09,6,-1,1,MY7560,0,2,50
M201,M121,16:15:49,6,-1,1,MY9487,0,2,80
T363/1,T374,16:16:09,6,-1,1,MY9491,0,2,60
M113,M94,16:16:09,6,-1,-1,AC3549,0,2,30
T374,T406,16:17:11,6,-1,1,MY9491,0,2,51
T316,T344,16:17:31,6,-1,1,MY9282,1,1,233
T334,M177,16:18:21,6,-1,1,MY9211,1,1,354
M94,M95/3,16:18:33,6,-1,-1,AC3549,0,1,92
M121,M119,16:18:43,6,-1,1,MY9487,0,1,122
M125,M136/2,16:19:33,6,-1,1,MX7769,0,1,71
C686,C656,16:19:33,6,-1,1,MY9154,0,1,152
M182/1,T431,16:19:53,6,-1,1,MY9362,0,1,213
T430,M177,16:20:24,6,-1,1,MY7560,0,1,294
C656,C654/3,16:20:34,6,-1,-1,MY9154,0,1,50
T344,T358,16:20:44,6,-1,1,MY9282,1,1,182
M22,M16/1,16:20:54,6,-1,1,MX7866,1,1,345
M136/2,M139/2,16:21:15,6,-1,1,MX7769,0,1,60
T358,T373/2,16:21:25,6,-1,1,MY9282,0,1,30
T431,T335,16:21:45,6,-1,1,MY9362,0,1,71
M177,M198,16:22:15,6,-1,1,MY9211,0,1,162
T373/2,T375,16:22:26,6,-1,1,MY9282,0,1,30
T335,T338,16:22:46,6,-1,1,MY9362,0,1,20
C654/3,C653/2,16:22:56,6,-1,1,MY9154,0,1,101
T406,T345/1,16:23:26,6,-1,-1,MY9491,0,1,365
M139/2,M184,16:23:36,6,-1,1,MX7769,0,1,70
M198,M183/2,16:23:47,6,-1,1,MY9211,0,1,70
T375,T380,16:23:57,6,-1,1,MY9282,0,1,60
M177,M198,16:23:57,6,-1,1,MY7560,0,1,172
T338,T326/3,16:24:17,6,-1,-1,MY9362,0,1,70
M16/1,M109,16:24:27,6,-1,1,MX7866,0,1,70
C653/2,C692,16:24:27,6,-1,-1,MY9154,0,1,70
T380,T379,16:24:37,6,-1,1,MY9282,0,1,10
M184,M188,16:24:47,6,-1,1,MX7769,0,1,10
M119,M113,16:24:47,6,-1,-1,MY9487,0,1,293
T326/3,T332/2,16:25:08,6,-1,1,MY9362,0,1,40
T379,T359,16:25:28,6,-1,1,MY9282,0,1,20
C692,C689/1,16:25:28,6,-1,1,MY9154,0,1,40
M183/2,M140/1,16:25:28,6,-1,1,MY9211,0,1,20
M188,M203/2,16:25:38,6,-1,1,MX7769,0,1,10
M198,M183/2,16:25:58,6,-1,1,MY7560,0,1,111
T359,T355/1,16:26:39,6,-1,1,MY9282,0,1,60
T345/1,T322,16:26:39,6,-1,-1,MY9491,0,1,131
T332/2,T325/2,16:26:59,6,-1,1,MY9362,0,1,60
M183/2,M140/1,16:27:09,6,-1,1,MY7560,0,1,10
M203/2,M277,16:27:19,6,-1,-1,MX7769,0,1,60
M113,M94,16:27:49,6,-1,-1,MY9487,0,1,121
T325/2,T339/2,16:27:59,6,-1,1,MY9362,0,1,20
M140/1,M137/2,16:28:10,6,-1,1,MY9211,0,1,121
M109,M112,16:28:20,6,-1,1,MX7866,0,1,121
C689/1,T355/2,16:28:20,6,-1,1,MY9154,0,1,141
T322,T342,16:28:20,6,-1,-1,MY9491,0,1,91
M140/1,M137/2,16:28:52,6,-1,1,MY7560,0,1,72
M94,M95/3,16:29:33,6,-1,-1,MY9487,0,1,61
M277,M182/1,16:29:43,6,-1,1,MX7769,0,1,134
T342,T409,16:29:43,6,-1,1,MY9491,0,1,41
T339/2,T408/1,16:30:04,6,-1,-1,MY9362,0,1,81
M95/3,M22,16:30:14,6,-1,1,AC3549,0,1,10
M137/2,M132/1,16:30:24,6,-1,1,MY9211,0,1,102
T355/2,T360,16:30:34,6,-1,1,MY9154,0,1,122
M137/2,M132/1,16:30:34,6,-1,1,MY7560,0,1,50
T355/1,C688/1,16:30:54,6,-1,-1,MY9282,0,1,225
T409,T368,16:31:46,6,-1,1,MY9491,0,1,92
M132/1,M200,16:31:46,6,-1,2,MY9211,0,1,31
T360,T376/1,16:32:16,6,-1,1,MY9154,0,1,71
M132/1,M200,16:32:16,6,-1,2,MY7560,0,1,51
T408/1,T343,16:32:26,6,-1,-1,MY9362,0,1,112
T368,T324/2,16:32:37,6,-1,1,MY9491,0,1,40
C688/1,C691,16:32:47,6,-1,-1,MY9282,0,1,10
M22,M10,16:33:47,6,-1,1,AC3549,0,1,131
M112,M125,16:33:57,6,-1,1,MX7866,1,1,305
M182/1,T431,16:33:57,6,-1,1,MX7769,0,1,203
T343,T316,16:34:28,6,-1,1,MY9362,0,1,90
T376/1,T363/1,16:34:28,6,-1,1,MY9154,0,1,121
T324/2,T327,16:34:28,6,-1,1,MY9491,0,1,60
M200,M121,16:34:48,6,-1,1,MY9211,1,1,141
M200,M121,16:35:08,6,-1,1,MY7560,1,1,161
C691,C655,16:35:29,6,-1,-1,MY9282,1,1,151
T327,T326/2,16:35:39,6,-1,1,MY9491,0,1,30
T363/1,T374,16:35:49,6,-1,1,MY9154,0,1,50
M125,M136/2,16:36:09,6,-1,1,MX7866,0,1,80
M121,M119,16:36:09,6,-1,1,MY9211,0,1,40
M121,M119,16:36:19,6,-1,1,MY7560,0,1,50
M10,M16/1,16:36:39,6,-1,1,AC3549,0,1,91
T316,T345/5,16:36:39,6,-1,-1,MY9362,0,1,121
C655,C657,16:36:39,6,-1,-1,MY9282,0,1,40
T374,T406,16:37:00,6,-1,1,MY9154,0,1,60
M136/2,M139/2,16:37:20,6,-1,1,MX7866,0,1,20
C657,C686,16:37:34,6,-1,-1,MY9282,0,1,23
T326/2,T337,16:37:34,6,-1,1,MY9491,0,1,84
T345/5,T344,16:37:44,6,-1,1,MY9362,0,1,54
T431,T326/3,16:37:54,6,-1,-1,MX7769,2,1,206
T337,T334,16:38:34,6,-1,1,MY9491,0,1,50
T344,T356/1,16:39:05,6,-1,1,MY9362,0,1,40
T326/3,T332/2,16:39:15,6,-1,1,MX7769,0,1,60
M139/2,M184,16:39:25,6,-1,1,MX7866,0,1,80
C686,C656,16:39:35,6,-1,1,MY9282,0,1,90
M16/1,M109,16:39:55,6,-1,1,AC3549,0,1,91
T334,T430,16:40:15,6,-1,1,MY9491,0,1,70
T332/2,T325/2,16:40:46,6,-1,1,MX7769,0,1,71
C656,C654/3,16:40:46,6,-1,-1,MY9282,0,1,51
M184,M188,16:40:56,6,-1,1,MX7866,0,1,20
M119,M113,16:40:56,6,-1,-1,MY9211,0,1,236
M119,M113,16:40:56,6,-1,-1,MY7560,0,1,192
T356/1,T358,16:41:17,6,-1,1,MY9362,0,1,121
T325/2,T339/2,16:41:47,6,-1,1,MX7769,0,1,30
M109,M112,16:42:27,6,-1,1,AC3549,0,1,80
T358,T373/2,16:42:27,6,-1,1,MY9362,0,1,30
M188,M203/2,16:42:48,6,-1,1,MX7866,0,1,20
T406,T345/1,16:43:08,6,-1,-1,MY9154,0,1,347
T373/2,T375,16:43:28,6,-1,1,MY9362,0,1,30
M95/3,M22,16:43:38,6,-1,1,MY9487,0,1,111
M203/2,M277,16:44:09,6,-1,-1,MX7866,0,1,50
T339/2,T408/1,16:44:19,6,-1,-1,MX7769,0,1,111
T375,T380,16:44:29,6,-1,1,MY9362,0,1,20
M112,M127,16:44:39,6,-1,1,AC3549,0,1,20
M113,M94,16:44:39,6,-1,-1,MY9211,0,1,171
M113,M94,16:44:49,6,-1,-1,MY7560,0,1,30
T380,T379,16:45:09,6,-1,1,MY9362,0,1,20
C654/3,C653/2,16:46:00,6,-1,1,MY9282,0,1,283
M94,M95/3,16:46:10,6,-1,-1,MY7560,0,1,70
T408/1,T343,16:46:32,6,-1,-1,MX7769,0,1,123
T379,T359,16:46:32,6,-1,1,MY9362,0,1,42
T430,M177,16:46:32,6,-1,1,MY9491,0,1,315
M94,M95/3,16:46:42,6,-1,-1,MY9211,0,1,82
M127,M125,16:47:03,6,-1,1,AC3549,0,1,93
M277,M182/1,16:47:13,6,-1,1,MX7866,0,1,173
T345/1,T342,16:47:13,6,-1,-1,MY9154,1,1,184
M22,M10,16:47:33,6,-1,1,MY9487,0,1,163
C653/2,C692,16:47:33,6,-1,-1,MY9282,0,1,10
T359,T355/1,16:47:53,6,-1,1,MY9362,0,1,60
T342,T409,16:48:13,6,-1,1,MY9154,0,1,50
T343,T316,16:48:34,6,-1,1,MX7769,0,1,91
M125,M136/2,16:48:54,6,-1,1,AC3549,0,1,20
T409,T368,16:49:34,6,-1,1,MY9154,0,1,60
M10,M16/1,16:49:55,6,-1,1,MY9487,0,1,91
C692,C689/1,16:50:05,6,-1,1,MY9282,0,1,131
M136/2,M139/2,16:50:35,6,-1,1,AC3549,0,1,91
M177,M198,16:50:35,6,-1,1,MY9491,0,1,161
T368,T324/2,16:51:05,6,-1,1,MY9154,0,1,50
M139/2,M184,16:52:06,6,-1,1,AC3549,0,1,40
M182/1,T431,16:52:06,6,-1,1,MX7866,0,1,212
M198,M183/2,16:52:46,6,-1,1,MY9491,0,1,121
T316,T344,16:52:57,6,-1,1,MX7769,1,1,222
M184,M188,16:53:07,6,-1,1,AC3549,0,1,10
T355/1,C688/1,16:53:07,6,-1,-1,MY9362,0,1,283
C689/1,T355/2,16:53:07,6,-1,1,MY9282,0,1,121
T324/2,T327,16:53:27,6,-1,1,MY9154,0,1,60
T344,T356/1,16:53:37,6,-1,1,MX7769,0,1,30
M183/2,M140/1,16:53:37,6,-1,1,MY9491,0,1,20
T431,T335,16:53:47,6,-1,1,MX7866,0,1,80
M16/1,M109,16:54:07,6,-1,1,MY9487,0,1,182
T327,T326/2,16:54:18,6,-1,1,MY9154,0,1,40
M188,M203/2,16:54:48,6,-1,1,AC3549,0,1,10
T355/2,T360,16:54:58,6,-1,1,MY9282,0,1,101
C688/1,C691,16:55:18,6,-1,-1,MY9362,0,1,80
T356/1,T358,16:55:28,6,-1,1,MX7769,0,1,80
T326/2,T337,16:55:28,6,-1,1,MY9154,0,1,60
T335,T326/3,16:55:59,6,-1,-1,MX7866,1,1,101
M140/1,M137/2,16:55:59,6,-1,1,MY9491,0,1,111
T360,T376/1,16:56:19,6,-1,1,MY9282,0,1,50
T358,T373/2,16:56:29,6,-1,1,MX7769,0,1,30
T337,T334,16:56:29,6,-1,1,MY9154,0,1,20
M203/2,M277,16:56:39,6,-1,-1,AC3549,0,1,60
M137/2,M132/1,16:57:10,6,-1,1,MY9491,0,1,60
T326/3,T332/2,16:57:20,6,-1,1,MX7866,0,1,70
T373/2,T375,16:57:33,6,-1,1,MX7769,0,1,33
C691,C652,16:57:53,6,-1,-1,MY9362,0,1,113
T334,T430,16:58:23,6,-1,1,MY9154,0,1,63
M109,M112,16:58:33,6,-1,1,MY9487,0,1,174
T376/1,T363/1,16:58:43,6,-1,1,MY9282,0,1,134
C652,C655,16:58:54,6,-1,-1,MY9362,0,1,30
M132/1,M200,16:59:04,6,-1,2,MY9491,0,1,60
T375,T380,16:59:14,6,-1,1,MX7769,0,1,70
T332/2,T325/2,16:59:24,6,-1,1,MX7866,0,1,111
M277,M182/1,16:59:34,6,-1,1,AC3549,0,1,164
C655,C657,16:59:54,6,-1,-1,MY9362,0,1,50
T380,T379,17:00:04,6,-1,1,MX7769,0,1,10
T325/2,T339/2,17:00:25,6,-1,1,MX7866,0,1,50
T363/1,T374,17:00:35,6,-1,1,MY9282,0,1,50
M112,M127,17:00:45,6,-1,1,MY9487,0,1,30
T379,T359,17:00:55,6,-1,1,MX7769,0,1,20
C657,C686,17:00:55,6,-1,-1,MY9362,0,1,30
M200,M201,17:00:55,6,-1,-1,MY9491,0,1,40
T374,T406,17:01:35,6,-1,1,MY9282,0,1,30
M127,M125,17:02:06,6,-1,1,MY9487,0,1,30
M201,M121,17:02:16,6,-1,1,MY9491,0,1,40
M95/3,M22,17:02:26,6,-1,1,MY9211,0,1,101
T359,T355/1,17:02:26,6,-1,1,MX7769,0,1,80
C686,C656,17:02:46,6,-1,1,MY9362,0,1,70
C656,C654/3,17:03:47,6,-1,-1,MY9362,0,1,50
M121,M119,17:03:47,6,-1,1,MY9491,0,1,40
T430,M177,17:04:37,6,-1,1,MY9154,0,1,333
M125,M136/2,17:04:58,6,-1,1,MY9487,0,1,50
T339/2,T343,17:05:18,6,-1,-1,MX7866,1,1,242
M182/1,T335,17:05:48,6,-1,1,AC3549,1,1,333
C654/3,C653/2,17:05:48,6,-1,1,MY9362,0,1,80
M22,M10,17:06:29,6,-1,1,MY9211,0,1,171
M136/2,M139/2,17:06:29,6,-1,1,MY9487,0,1,40
T355/1,C688/1,17:06:29,6,-1,-1,MX7769,0,1,222
T335,T338,17:06:39,6,-1,1,AC3549,0,1,10
T343,T316,17:07:19,6,-1,1,MX7866,0,1,91
C653/2,C692,17:07:50,6,-1,-1,MY9362,0,1,111
M10,M16/1,17:08:10,6,-1,1,MY9211,0,1,70
C688/1,C691,17:08:10,6,-1,-1,MX7769,0,1,70
M119,M113,17:08:10,6,-1,-1,MY9491,0,1,232
T406,T345/1,17:08:20,6,-1,-1,MY9282,0,1,333
T338,T326/3,17:08:35,6,-1,-1,AC3549,0,1,85
M139/2,M184,17:08:45,6,-1,1,MY9487,0,1,44
C692,C689/1,17:09:25,6,-1,1,MY9362,0,1,75
M177,M198,17:09:25,6,-1,1,MY9154,0,1,176
M184,M188,17:09:55,6,-1,1,MY9487,0,1,10
T345/1,T322,17:10:36,6,-1,-1,MY9282,0,1,111
M198,M183/2,17:10:46,6,-1,1,MY9154,0,1,70
T316,T344,17:11:16,6,-1,1,MX7866,1,1,216
T326/3,T325/2,17:11:26,6,-1,1,AC3549,1,1,151
M188,M203/2,17:11:47,6,-1,1,MY9487,0,1,10
M16/1,M109,17:12:17,6,-1,1,MY9211,0,1,131
T344,T356/1,17:12:17,6,-1,1,MX7866,0,1,30
C689/1,T355/2,17:12:17,6,-1,1,MY9362,0,1,131
M113,M94,17:12:17,6,-1,-1,MY9491,0,1,202
T325/2,T339/2,17:12:27,6,-1,1,AC3549,0,1,20
T322,T342,17:12:37,6,-1,-1,MY9282,0,1,91
M183/2,M140/1,17:12:37,6,-1,1,MY9154,0,1,20
C691,C686,17:12:47,6,-1,-1,MX7769,3,1,252
M203/2,M277,17:13:48,6,-1,-1,MY9487,0,1,70
T342,T409,17:14:08,6,-1,1,MY9282,0,1,50
T339/2,T408/1,17:14:39,6,-1,-1,AC3549,0,1,90
T356/1,T358,17:14:49,6,-1,1,MX7866,0,1,111
T355/2,T360,17:14:49,6,-1,1,MY9362,0,1,111
C686,C656,17:14:59,6,-1,1,MX7769,0,1,30
T409,T368,17:15:19,6,-1,1,MY9282,0,1,50
M140/1,M137/2,17:15:29,6,-1,1,MY9154,0,1,121
M94,M95/3,17:15:29,6,-1,-1,MY9491,0,1,151
T358,T373/2,17:15:49,6,-1,1,MX7866,0,1,30
C656,C654/3,17:16:10,6,-1,-1,MX7769,0,1,50
M277,M182/1,17:16:32,6,-1,1,MY9487,0,1,143
T408/1,T343,17:16:52,6,-1,-1,AC3549,0,1,92
T373/2,T375,17:16:52,6,-1,1,MX7866,0,1,32
T360,T376/1,17:17:02,6,-1,1,MY9362,0,1,82
M109,M112,17:17:32,6,-1,1,MY9211,0,1,183
T368,T324/2,17:17:32,6,-1,1,MY9282,0,1,72
T375,T380,17:17:53,6,-1,1,MX7866,0,1,30
T380,T379,17:18:13,6,-1,1,MX7866,0,1,10
T376/1,T363/1,17:18:53,6,-1,1,MY9362,0,1,101
T343,T316,17:19:13,6,-1,1,AC3549,0,1,101
T379,T359,17:19:34,6,-1,1,MX7866,0,1,60
M137/2,M132/1,17:19:34,6,-1,1,MY9154,0,1,193
T324/2,T326/2,17:20:34,6,-1,1,MY9282,1,1,131
T359,T355/1,17:20:44,6,-1,1,MX7866,0,1,60
T363/1,T374,17:21:05,6,-1,1,MY9362,0,1,80
M182/1,T431,17:21:15,6,-1,1,MY9487,0,1,222
C654/3,C653/2,17:21:15,6,-1,1,MX7769,0,1,283
T316,T345/5,17:21:25,6,-1,-1,AC3549,0,1,111
M112,M127,17:21:45,6,-1,1,MY9211,0,1,20
T374,T406,17:22:05,6,-1,1,MY9362,0,1,30
T326/2,T337,17:22:05,6,-1,1,MY9282,0,1,80
M132/1,M200,17:22:26,6,-1,2,MY9154,0,1,60
M127,M125,17:22:56,6,-1,1,MY9211,0,1,50
T431,T335,17:23:06,6,-1,1,MY9487,0,1,70
T345/5,T344,17:23:16,6,-1,1,AC3549,0,1,70
T337,T334,17:23:36,6,-1,1,MY9282,0,1,30
M200,M201,17:23:47,6,-1,-1,MY9154,0,1,20
T335,T338,17:23:57,6,-1,1,MY9487,0,1,10
C653/2,C692,17:23:57,6,-1,-1,MX7769,0,1,141
T344,T356/1,17:24:07,6,-1,1,AC3549,0,1,30
M125,M136/2,17:25:07,6,-1,1,MY9211,0,1,30
T355/1,C688/1,17:25:18,6,-1,-1,MX7866,0,1,242
C692,C689/1,17:25:18,6,-1,1,MX7769,0,1,50
M201,M121,17:25:18,6,-1,1,MY9154,0,1,30
T334,T430,17:25:58,6,-1,1,MY9282,0,1,60
M95/3,M22,17:26:18,6,-1,1,MY9491,0,1,192
T338,T326/3,17:26:18,6,-1,-1,MY9487,0,1,101
M136/2,M139/2,17:26:28,6,-1,1,MY9211,0,1,70
C688/1,C691,17:26:39,6,-1,-1,MX7866,0,1,30
T356/1,T358,17:26:49,6,-1,1,AC3549,0,1,141
M121,M119,17:26:49,6,-1,1,MY9154,0,1,40
T326/3,T332/2,17:27:39,6,-1,1,MY9487,0,1,70
T358,T373/2,17:27:39,6,-1,1,AC3549,0,1,30
C691,C652,17:28:20,6,-1,-1,MX7866,0,1,50
T373/2,T375,17:28:31,6,-1,1,AC3549,0,1,21
C689/1,T355/2,17:28:31,6,-1,1,MX7769,0,1,143
T406,T345/1,17:28:52,6,-1,-1,MY9362,0,1,355
M139/2,M184,17:29:02,6,-1,1,MY9211,0,1,82
T332/2,T325/2,17:29:02,6,-1,1,MY9487,0,1,72
C652,C655,17:29:44,6,-1,-1,MX7866,0,1,72
M22,M10,17:29:54,6,-1,1,MY9491,0,1,145
T325/2,T339/2,17:30:04,6,-1,1,MY9487,0,1,30
T375,T380,17:30:04,6,-1,1,AC3549,0,1,30
T355/2,T360,17:30:35,6,-1,1,MX7769,0,1,103
C655,C657,17:30:55,6,-1,-1,MX7866,0,1,40
M184,M188,17:31:05,6,-1,1,MY9211,0,1,50
T380,T379,17:31:15,6,-1,1,AC3549,0,1,20
M188,M203/2,17:31:25,6,-1,1,MY9211,0,1,10
T360,T376/1,17:31:25,6,-1,1,MX7769,0,1,30
C657,C686,17:31:36,6,-1,-1,MX7866,0,1,30
M10,M16/1,17:31:46,6,-1,1,MY9491,0,1,70
T430,M177,17:31:46,6,-1,1,MY9282,0,1,337
T345/1,T322,17:32:06,6,-1,-1,MY9362,0,1,101
M119,M113,17:32:16,6,-1,-1,MY9154,0,1,246
T379,T359,17:32:26,6,-1,1,AC3549,0,1,20
T339/2,T408/1,17:32:36,6,-1,-1,MY9487,0,1,101
M203/2,M277,17:33:07,6,-1,-1,MY9211,0,1,80
T376/1,T363/1,17:33:07,6,-1,1,MX7769,0,1,70
T359,T355/1,17:33:47,6,-1,1,AC3549,0,1,60
C686,C656,17:34:17,6,-1,1,MX7866,0,1,101
T322,T342,17:34:17,6,-1,-1,MY9362,0,1,101
M16/1,M109,17:34:28,6,-1,1,MY9491,0,1,50
T363/1,T374,17:34:38,6,-1,1,MX7769,0,1,20
M113,M94,17:34:48,6,-1,-1,MY9154,0,1,111
T408/1,T343,17:35:38,6,-1,-1,MY9487,0,1,161
C656,C654/3,17:35:38,6,-1,-1,MX7866,0,1,50
T374,T406,17:35:38,6,-1,1,MX7769,0,1,30
T342,T409,17:35:38,6,-1,1,MY9362,0,1,50
M277,M182/1,17:35:59,6,-1,1,MY9211,0,1,161
M177,M198,17:35:59,6,-1,1,MY9282,0,1,151
M94,M95/3,17:36:39,6,-1,-1,MY9154,0,1,70
M198,M183/2,17:36:59,6,-1,1,MY9282,0,1,40
T409,T368,17:37:20,6,-1,1,MY9362,0,1,70
M183/2,M140/1,17:38:10,6,-1,1,MY9282,0,1,30
M109,M112,17:38:20,6,-1,1,MY9491,0,1,161
T355/1,C688/1,17:38:30,6,-1,-1,AC3549,0,1,252
T368,T324/2,17:38:30,6,-1,1,MY9362,0,1,40
T343,T316,17:38:40,6,-1,1,MY9487,0,1,101
M112,M127,17:39:33,6,-1,1,MY9491,0,1,42
M140/1,M137/2,17:39:43,6,-1,1,MY9282,0,1,52
C688/1,C691,17:40:13,6,-1,-1,AC3549,0,1,62
T316,T345/5,17:40:24,6,-1,-1,MY9487,0,1,92
T324/2,T327,17:40:54,6,-1,1,MY9362,0,1,70
M127,M125,17:41:45,6,-1,1,MY9491,0,1,80
C654/3,C689/1,17:41:45,6,-1,1,MX7866,2,1,325
M182/1,T431,17:42:05,6,-1,1,MY9211,0,1,214
T327,T326/2,17:42:05,6,-1,1,MY9362,0,1,50
M137/2,M132/1,17:42:05,6,-1,1,MY9282,0,1,111
T345/5,T344,17:42:15,6,-1,1,MY9487,0,1,91
C691,C652,17:42:25,6,-1,-1,AC3549,0,1,91
T344,T356/1,17:42:55,6,-1,1,MY9487,0,1,30
T406,T345/1,17:43:06,6,-1,-1,MX7769,0,1,436
T326/2,T337,17:43:16,6,-1,1,MY9362,0,1,60
C652,C655,17:43:36,6,-1,-1,AC3549,0,1,40
T337,T334,17:44:06,6,-1,1,MY9362,0,1,20
C655,C657,17:44:36,6,-1,-1,AC3549,0,1,50
C689/1,T355/2,17:44:36,6,-1,1,MX7866,0,1,151
T431,T335,17:44:47,6,-1,1,MY9211,0,1,91
T356/1,T358,17:45:07,6,-1,1,MY9487,0,1,70
C657,C686,17:45:17,6,-1,-1,AC3549,0,1,30
M125,M136/2,17:45:27,6,-1,1,MY9491,0,1,50
T345/1,T322,17:45:27,6,-1,-1,MX7769,0,1,131
T334,T430,17:45:27,6,-1,1,MY9362,0,1,40
T335,T338,17:45:57,6,-1,1,MY9211,0,1,10
T358,T373/2,17:45:57,6,-1,1,MY9487,0,1,20
M132/1,M200,17:45:57,6,-1,2,MY9282,0,1,131
M200,M201,17:46:58,6,-1,-1,MY9282,0,1,50
T373/2,T375,17:47:08,6,-1,1,MY9487,0,1,20
C686,C656,17:47:08,6,-1,1,AC3549,0,1,70
T355/2,T360,17:47:08,6,-1,1,MX7866,0,1,111
M136/2,M139/2,17:47:18,6,-1,1,MY9491,0,1,80
T360,T376/1,17:47:59,6,-1,1,MX7866,0,1,30
T322,T342,17:47:59,6,-1,-1,MX7769,0,1,141
T338,T326/3,17:48:19,6,-1,-1,MY9211,0,1,111
T375,T380,17:48:19,6,-1,1,MY9487,0,1,40
C656,C654/3,17:48:19,6,-1,-1,AC3549,0,1,50
M201,M121,17:49:10,6,-1,1,MY9282,0,1,101
T380,T379,17:49:32,6,-1,1,MY9487,0,1,12
T376/1,T363/1,17:49:32,6,-1,1,MX7866,0,1,82
T342,T409,17:49:32,6,-1,1,MX7769,0,1,52
M139/2,M184,17:49:42,6,-1,1,MY9491,0,1,72
T326/3,T332/2,17:49:52,6,-1,1,MY9211,0,1,82
M95/3,M22,17:50:12,6,-1,1,MY9154,0,1,163
T379,T359,17:50:23,6,-1,1,MY9487,0,1,20
M121,M119,17:50:45,6,-1,1,MY9282,0,1,72
M184,M188,17:51:05,6,-1,1,MY9491,0,1,30
T409,T368,17:51:05,6,-1,1,MX7769,0,1,62
T332/2,T325/2,17:51:15,6,-1,1,MY9211,0,1,72
T430,M177,17:51:15,6,-1,1,MY9362,0,1,317
T363/1,T374,17:51:25,6,-1,1,MX7866,0,1,50
T374,T406,17:52:06,6,-1,1,MX7866,0,1,30
T368,T324/2,17:52:06,6,-1,1,MX7769,0,1,30
T359,T355/1,17:52:26,6,-1,1,MY9487,0,1,91
M188,M203/2,17:52:36,6,-1,1,MY9491,0,1,10
T325/2,T339/2,17:53:06,6,-1,1,MY9211,0,1,40
C654/3,C653/2,17:53:06,6,-1,1,AC3549,0,1,91
M22,M10,17:53:16,6,-1,1,MY9154,0,1,131
T324/2,T327,17:53:47,6,-1,1,MX7769,0,1,50
M203/2,M277,17:54:07,6,-1,-1,MY9491,0,1,60
M119,M113,17:54:17,6,-1,-1,MY9282,0,1,182
C653/2,C692,17:55:08,6,-1,-1,AC3549,0,1,80
T327,T326/2,17:55:08,6,-1,1,MX7769,0,1,20
M113,M95/3,17:55:58,6,-1,-1,MY9282,1,1,90
M10,M16/1,17:56:18,6,-1,1,MY9154,0,1,111
T339/2,T408/1,17:56:18,6,-1,-1,MY9211,0,1,101
C692,C689/1,17:56:29,6,-1,1,AC3549,0,1,20
M277,M182/1,17:56:49,6,-1,1,MY9491,0,1,151
T355/1,C688/1,17:57:29,6,-1,-1,MY9487,0,1,273
M177,M198,17:57:29,6,-1,1,MY9362,0,1,202
T326/2,T430,17:58:54,6,-1,1,MX7769,2,1,215
C688/1,C691,17:59:04,6,-1,-1,MY9487,0,1,53
T408/1,T343,17:59:14,6,-1,-1,MY9211,0,1,155
T406,T345/1,17:59:24,6,-1,-1,MX7866,0,1,387
C689/1,T355/2,17:59:34,6,-1,1,AC3549,0,1,145
M198,M183/2,17:59:34,6,-1,1,MY9362,0,1,114
M183/2,M140/1,18:00:59,6,-1,1,MY9362,0,1,20
M16/1,M109,18:01:29,6,-1,1,MY9154,0,1,135
M182/1,T431,18:01:39,6,-1,1,MY9491,0,1,199
T343,T316,18:01:39,6,-1,1,MY9211,0,1,90
T355/2,T360,18:01:49,6,-1,1,AC3549,0,1,101
C691,C652,18:02:10,6,-1,-1,MY9487,0,1,131
T360,T376/1,18:03:00,6,-1,1,AC3549,0,1,40
T431,T335,18:03:20,6,-1,1,MY9491,0,1,70
C652,C655,18:03:20,6,-1,-1,MY9487,0,1,30
T345/1,T322,18:03:20,6,-1,-1,MX7866,0,1,226
T316,T345/5,18:03:34,6,-1,-1,MY9211,0,1,104
T335,T338,18:04:04,6,-1,1,MY9491,0,1,10
M140/1,M137/2,18:04:04,6,-1,1,MY9362,0,1,94
C655,C657,18:04:44,6,-1,-1,MY9487,0,1,50
C657,C686,18:05:15,6,-1,-1,MY9487,0,1,20
T376/1,T363/1,18:05:15,6,-1,1,AC3549,0,1,124
M109,M112,18:05:35,6,-1,1,MY9154,0,1,111
T345/5,T344,18:05:35,6,-1,1,MY9211,0,1,101
T322,T342,18:05:45,6,-1,-1,MX7866,0,1,111
T338,T326/3,18:06:26,6,-1,-1,MY9491,0,1,121
T363/1,T374,18:06:56,6,-1,1,AC3549,0,1,30
T342,T409,18:07:16,6,-1,1,MX7866,0,1,60
C686,C656,18:07:46,6,-1,1,MY9487,0,1,30
M137/2,M132/1,18:07:46,6,-1,1,MY9362,0,1,171
M112,M127,18:07:57,6,-1,1,MY9154,0,1,30
T374,T406,18:08:07,6,-1,1,AC3549,0,1,30
T326/3,T325/2,18:08:37,6,-1,1,MY9491,1,1,121
T344,T358,18:09:28,6,-1,1,MY9211,1,1,202
T325/2,T339/2,18:09:38,6,-1,1,MY9491,0,1,40
C656,C654/3,18:09:38,6,-1,-1,MY9487,0,1,70
T409,T368,18:09:38,6,-1,1,MX7866,0,1,111
M127,M125,18:10:08,6,-1,1,MY9154,0,1,50
T358,T373/2,18:10:18,6,-1,1,MY9211,0,1,20
T368,T324/2,18:10:38,6,-1,1,MX7866,0,1,30
T373/2,T375,18:11:39,6,-1,1,MY9211,0,1,50
M95/3,M22,18:11:49,6,-1,1,MY9282,0,1,20
T339/2,T408/1,18:11:49,6,-1,-1,MY9491,0,1,70
M132/1,M200,18:12:19,6,-1,2,MY9362,0,1,141
T324/2,T327,18:12:32,6,-1,1,MX7866,0,1,72
C654/3,C653/2,18:13:02,6,-1,1,MY9487,0,1,123
T375,T380,18:13:32,6,-1,1,MY9211,0,1,82
M200,M201,18:13:53,6,-1,-1,MY9362,0,1,30
T327,T326/2,18:14:03,6,-1,1,MX7866,0,1,40
M125,M136/2,18:14:23,6,-1,1,MY9154,0,1,91
C653/2,C692,18:14:23,6,-1,-1,MY9487,0,1,70
T408/1,T343,18:14:34,6,-1,-1,MY9491,0,1,144
M22,M10,18:14:54,6,-1,1,MY9282,0,1,122
T380,T379,18:14:54,6,-1,1,MY9211,0,1,10
T406,T345/1,18:15:15,6,-1,-1,AC3549,0,1,417
M201,M121,18:15:25,6,-1,1,MY9362,0,1,30
T326/2,T337,18:15:35,6,-1,1,MX7866,0,1,60
M136/2,M139/2,18:15:45,6,-1,1,MY9154,0,1,30
T379,T359,18:15:45,6,-1,1,MY9211,0,1,20
T337,T334,18:16:15,6,-1,1,MX7866,0,1,20
C692,C689/1,18:16:36,6,-1,1,MY9487,0,1,80
T343,T316,18:16:56,6,-1,1,MY9491,0,1,101
T359,T355/1,18:17:06,6,-1,1,MY9211,0,1,50
M121,M119,18:17:16,6,-1,1,MY9362,0,1,50
M10,M16/1,18:17:36,6,-1,1,MY9282,0,1,91
T334,T430,18:17:46,6,-1,1,MX7866,0,1,50
M139/2,M184,18:17:56,6,-1,1,MY9154,0,1,40
M198,M183/2,18:17:56,6,-1,1,MX7769,0,1,101
T316,T345/5,18:18:27,6,-1,-1,MY9491,0,1,80
T345/1,T322,18:18:27,6,-1,-1,AC3549,0,1,131
M184,M188,18:19:07,6,-1,1,MY9154,0,1,20
T345/5,T344,18:19:48,6,-1,1,MY9491,0,1,60
C689/1,T355/2,18:20:08,6,-1,1,MY9487,0,1,172
T322,T342,18:20:18,6,-1,-1,AC3549,0,1,101
M183/2,M140/1,18:20:18,6,-1,1,MX7769,0,1,20
M16/1,M109,18:20:59,6,-1,1,MY9282,0,1,172
M188,M203/2,18:20:59,6,-1,1,MY9154,0,1,91
T355/1,C688/1,18:21:19,6,-1,-1,MY9211,0,1,222
M119,M113,18:21:49,6,-1,-1,MY9362,0,1,263
T344,T356/1,18:21:59,6,-1,1,MY9491,0,1,101
T342,T409,18:22:09,6,-1,1,AC3549,0,1,40
M203/2,M277,18:22:35,6,-1,-1,MY9154,0,1,45
C688/1,C691,18:22:45,6,-1,-1,MY9211,0,1,45
T355/2,T360,18:22:45,6,-1,1,MY9487,0,1,106
M113,M94,18:22:45,6,-1,-1,MY9362,0,1,25
M140/1,M137/2,18:22:55,6,-1,1,MX7769,0,1,55
T356/1,T358,18:23:15,6,-1,1,MY9491,0,1,65
T430,M177,18:23:46,6,-1,1,MX7866,0,1,349
T358,T373/2,18:24:16,6,-1,1,MY9491,0,1,30
T360,T376/1,18:24:16,6,-1,1,MY9487,0,1,50
M137/2,M132/1,18:24:26,6,-1,1,MX7769,0,1,60
T409,T368,18:24:57,6,-1,1,AC3549,0,1,131
C691,C652,18:25:17,6,-1,-1,MY9211,0,1,121
T373/2,T375,18:25:37,6,-1,1,MY9491,0,1,40
M94,M95/3,18:25:37,6,-1,-1,MY9362,0,1,131
T368,T324/2,18:25:47,6,-1,1,AC3549,0,1,30
M109,M112,18:26:07,6,-1,1,MY9282,0,1,237
M277,M182/1,18:26:07,6,-1,1,MY9154,0,1,202
T375,T380,18:26:28,6,-1,1,MY9491,0,1,30
C652,C655,18:26:28,6,-1,-1,MY9211,0,1,30
M112,M127,18:26:58,6,-1,1,MY9282,0,1,40
T380,T379,18:27:18,6,-1,1,MY9491,0,1,20
T376/1,T363/1,18:27:18,6,-1,1,MY9487,0,1,161
C655,C657,18:27:38,6,-1,-1,MY9211,0,1,40
T324/2,T327,18:27:38,6,-1,1,AC3549,0,1,70
M132/1,M200,18:27:49,6,-1,2,MX7769,0,1,80
C657,C686,18:28:09,6,-1,-1,MY9211,0,1,20
T327,T326/2,18:28:39,6,-1,1,AC3549,0,1,30
T379,T359,18:28:49,6,-1,1,MY9491,0,1,70
T363/1,T374,18:29:09,6,-1,1,MY9487,0,1,40
M177,M198,18:29:20,6,-1,1,MX7866,0,1,202
M200,M201,18:29:40,6,-1,-1,MX7769,0,1,30
T374,T406,18:29:50,6,-1,1,MY9487,0,1,30
T326/2,T337,18:29:50,6,-1,1,AC3549,0,1,60
C686,C656,18:30:00,6,-1,1,MY9211,0,1,60
M127,M125,18:30:43,6,-1,1,MY9282,0,1,174
T359,T355/1,18:30:43,6,-1,1,MY9491,0,1,83
C656,C654/3,18:31:04,6,-1,-1,MY9211,0,1,43
M182/1,T431,18:31:24,6,-1,1,MY9154,0,1,205
T337,T334,18:31:24,6,-1,1,AC3549,0,1,20
M125,M136/2,18:31:44,6,-1,1,MY9282,0,1,50
M201,M121,18:31:44,6,-1,1,MX7769,0,1,104
M198,M183/2,18:32:04,6,-1,1,MX7866,0,1,154
C654/3,C653/2,18:32:45,6,-1,1,MY9211,0,1,70
M183/2,M140/1,18:33:05,6,-1,1,MX7866,0,1,10
T431,T335,18:33:15,6,-1,1,MY9154,0,1,60
M121,M119,18:33:35,6,-1,1,MX7769,0,1,101
T334,T430,18:33:46,6,-1,1,AC3549,0,1,80
M136/2,M139/2,18:33:56,6,-1,1,MY9282,0,1,20
T335,T338,18:34:16,6,-1,1,MY9154,0,1,10
T355/1,C688/1,18:34:16,6,-1,-1,MY9491,0,1,202
C653/2,C692,18:34:16,6,-1,-1,MY9211,0,1,80
M95/3,M22,18:34:37,6,-1,1,MY9362,0,1,112
C692,C689/1,18:34:57,6,-1,1,MY9211,0,1,20
T406,T345/1,18:35:28,6,-1,-1,MY9487,0,1,327
T338,T326/3,18:35:38,6,-1,-1,MY9154,0,1,71
M140/1,M137/2,18:35:48,6,-1,1,MX7866,0,1,122
C688/1,C691,18:36:08,6,-1,-1,MY9491,0,1,90
T326/3,T332/2,18:36:28,6,-1,1,MY9154,0,1,40
M137/2,M132/1,18:37:09,6,-1,1,MX7866,0,1,50
M139/2,M184,18:37:29,6,-1,1,MY9282,0,1,101
M22,M10,18:37:49,6,-1,1,MY9362,0,1,141
M119,M113,18:38:10,6,-1,-1,MX7769,0,1,202
M184,M188,18:38:20,6,-1,1,MY9282,0,1,20
C691,C655,18:38:54,6,-1,-1,MY9491,1,1,135
C689/1,T355/2,18:39:04,6,-1,1,MY9211,0,1,185
M113,M94,18:39:04,6,-1,-1,MX7769,0,1,20
T332/2,T325/2,18:39:14,6,-1,1,MY9154,0,1,94
M132/1,M200,18:39:54,6,-1,2,MX7866,0,1,135
C655,C657,18:40:05,6,-1,-1,MY9491,0,1,40
M188,M203/2,18:40:15,6,-1,1,MY9282,0,1,81
M10,M16/1,18:40:25,6,-1,1,MY9362,0,1,111
T325/2,T339/2,18:40:25,6,-1,1,MY9154,0,1,30
T430,M177,18:40:45,6,-1,1,AC3549,0,1,368
C657,C686,18:40:55,6,-1,-1,MY9491,0,1,20
M200,M201,18:40:55,6,-1,-1,MX7866,0,1,20
T345/1,T322,18:41:06,6,-1,-1,MY9487,0,1,317
M94,M95/3,18:41:26,6,-1,-1,MX7769,0,1,101
T355/2,T360,18:41:36,6,-1,1,MY9211,0,1,121
M16/1,M109,18:42:37,6,-1,1,MY9362,0,1,10
T339/2,T408/1,18:42:37,6,-1,-1,MY9154,0,1,91
T360,T376/1,18:42:47,6,-1,1,MY9211,0,1,40
M201,M121,18:43:17,6,-1,1,MX7866,0,1,131
C686,C656,18:43:37,6,-1,1,MY9491,0,1,80
T322,T342,18:43:37,6,-1,-1,MY9487,0,1,111
M121,M119,18:44:28,6,-1,1,MX7866,0,1,30
C656,C654/3,18:44:58,6,-1,-1,MY9491,0,1,40
T342,T409,18:45:08,6,-1,1,MY9487,0,1,50
M203/2,M182/1,18:45:18,6,-1,1,MY9282,1,1,252
T376/1,T363/1,18:45:18,6,-1,1,MY9211,0,1,111
T408/1,T343,18:45:29,6,-1,-1,MY9154,0,1,131
M109,M112,18:46:29,6,-1,1,MY9362,0,1,161
T409,T368,18:46:39,6,-1,1,MY9487,0,1,70
M177,M198,18:46:49,6,-1,1,AC3549,0,1,161
T363/1,T374,18:47:10,6,-1,1,MY9211,0,1,60
T343,T316,18:47:20,6,-1,1,MY9154,0,1,90
T374,T406,18:47:44,6,-1,1,MY9211,0,1,24
M112,M127,18:48:14,6,-1,1,MY9362,0,1,54
T368,T324/2,18:48:24,6,-1,1,MY9487,0,1,40
C654/3,C653/2,18:48:34,6,-1,1,MY9491,0,1,40
M198,M183/2,18:48:34,6,-1,1,AC3549,0,1,94
M119,M113,18:49:35,6,-1,-1,MX7866,0,1,256
T316,T345/5,18:49:45,6,-1,-1,MY9154,0,1,131
M183/2,M140/1,18:49:45,6,-1,1,AC3549,0,1,10
M127,M125,18:50:16,6,-1,1,MY9362,0,1,90
M113,M94,18:50:26,6,-1,-1,MX7866,0,1,40
M182/1,T431,18:50:36,6,-1,1,MY9282,0,1,206
C653/2,C692,18:50:36,6,-1,-1,MY9491,0,1,111
T324/2,T327,18:50:56,6,-1,1,MY9487,0,1,70
T345/5,T344,18:51:16,6,-1,1,MY9154,0,1,60
M94,M95/3,18:51:37,6,-1,-1,MX7866,0,1,50
T327,T326/2,18:51:57,6,-1,1,MY9487,0,1,30
T431,T335,18:52:07,6,-1,1,MY9282,0,1,80
T344,T356/1,18:52:17,6,-1,1,MY9154,0,1,40
M140/1,M137/2,18:52:17,6,-1,1,AC3549,0,1,101
M125,M136/2,18:52:27,6,-1,1,MY9362,0,1,20
C692,C689/1,18:52:27,6,-1,1,MY9491,0,1,30
T335,T338,18:52:37,6,-1,1,MY9282,0,1,10
M136/2,M139/2,18:53:08,6,-1,1,MY9362,0,1,20
T406,T345/1,18:53:38,6,-1,-1,MY9211,0,1,333
T326/2,T337,18:53:48,6,-1,1,MY9487,0,1,70
T338,T326/3,18:54:28,6,-1,-1,MY9282,0,1,80
T356/1,T358,18:54:39,6,-1,1,MY9154,0,1,111
M137/2,M132/1,18:54:39,6,-1,1,AC3549,0,1,80
T337,T334,18:54:49,6,-1,1,MY9487,0,1,30
T326/3,T332/2,18:54:59,6,-1,1,MY9282,0,1,20
T358,T373/2,18:55:29,6,-1,1,MY9154,0,1,30
T332/2,T325/2,18:56:34,6,-1,1,MY9282,0,1,54
C689/1,T355/2,18:56:34,6,-1,1,MY9491,0,1,175
T345/1,T322,18:56:34,6,-1,-1,MY9211,0,1,155
T373/2,T375,18:56:44,6,-1,1,MY9154,0,1,44
M139/2,M184,18:56:54,6,-1,1,MY9362,0,1,44
T325/2,T339/2,18:57:24,6,-1,1,MY9282,0,1,20
M184,M188,18:57:35,6,-1,1,MY9362,0,1,10
T334,T430,18:57:45,6,-1,1,MY9487,0,1,60
M188,M203/2,18:58:05,6,-1,1,MY9362,0,1,10
T375,T380,18:58:05,6,-1,1,MY9154,0,1,30
M132/1,M200,18:58:15,6,-1,2,AC3549,0,1,30
T380,T379,18:59:06,6,-1,1,MY9154,0,1,20
T355/2,T360,18:59:16,6,-1,1,MY9491,0,1,131
M200,M201,18:59:16,6,-1,-1,AC3549,0,1,20
M203/2,M277,18:59:26,6,-1,-1,MY9362,0,1,50
T379,T359,18:59:26,6,-1,1,MY9154,0,1,10
T322,T342,18:59:36,6,-1,-1,MY9211,0,1,152
T339/2,T408/1,18:59:46,6,-1,-1,MY9282,0,1,91
T359,T355/1,19:00:37,6,-1,1,MY9154,0,1,50
M201,M121,19:00:47,6,-1,1,AC3549,0,1,40
T342,T409,19:00:57,6,-1,1,MY9211,0,1,50
T360,T376/1,19:01:17,6,-1,1,MY9491,0,1,90
T408/1,T343,19:01:48,6,-1,-1,MY9282,0,1,111
T409,T368,19:02:18,6,-1,1,MY9211,0,1,60
M277,M182/1,19:02:28,6,-1,1,MY9362,0,1,171
M121,M119,19:02:48,6,-1,1,AC3549,0,1,60
T376/1,T363/1,19:03:09,6,-1,1,MY9491,0,1,90
T430,M177,19:03:19,6,-1,1,MY9487,0,1,323
T368,T324/2,19:03:29,6,-1,1,MY9211,0,1,30
T343,T316,19:03:49,6,-1,1,MY9282,0,1,91
M119,M113,19:04:30,6,-1,-1,AC3549,0,1,60
T355/1,C688/1,19:05:00,6,-1,-1,MY9154,0,1,222
T363/1,T374,19:05:00,6,-1,1,MY9491,0,1,70
T324/2,T327,19:05:34,6,-1,1,MY9211,0,1,84
T316,T345/5,19:05:44,6,-1,-1,MY9282,0,1,85
T374,T406,19:05:44,6,-1,1,MY9491,0,1,34
T327,T326/2,19:06:15,6,-1,1,MY9211,0,1,20
M113,M94,19:06:15,6,-1,-1,AC3549,0,1,40
C688/1,C691,19:06:35,6,-1,-1,MY9154,0,1,60
T345/5,T344,19:07:15,6,-1,1,MY9282,0,1,80
M182/1,T431,19:07:36,6,-1,1,MY9362,0,1,206
M22,M16/1,19:07:46,6,-1,1,MX7866,1,1,206
T326/2,T337,19:07:46,6,-1,1,MY9211,0,1,80
M94,M95/3,19:07:46,6,-1,-1,AC3549,0,1,70
T344,T356/1,19:07:56,6,-1,1,MY9282,0,1,30
C691,C652,19:08:06,6,-1,-1,MY9154,0,1,80
T337,T334,19:08:36,6,-1,1,MY9211,0,1,30
M16/1,M109,19:08:46,6,-1,1,MX7866,0,1,20
T431,T335,19:08:57,6,-1,1,MY9362,0,1,70
M177,M198,19:09:27,6,-1,1,MY9487,0,1,182
T335,T338,19:09:37,6,-1,1,MY9362,0,1,10
C652,C657,19:10:07,6,-1,-1,MY9154,1,1,80
T334,T430,19:10:07,6,-1,1,MY9211,0,1,60
T356/1,T358,19:10:48,6,-1,1,MY9282,0,1,121
C657,C686,19:10:58,6,-1,-1,MY9154,0,1,30
M198,M183/2,19:11:08,6,-1,1,MY9487,0,1,90
T338,T326/3,19:11:38,6,-1,-1,MY9362,0,1,91
T358,T373/2,19:11:49,6,-1,1,MY9282,0,1,30
M109,M112,19:12:19,6,-1,1,MX7866,0,1,131
T406,T345/1,19:12:19,6,-1,-1,MY9491,0,1,384
C686,C656,19:12:39,6,-1,1,MY9154,0,1,80
T326/3,T332/2,19:12:59,6,-1,1,MY9362,0,1,70
C656,C654/3,19:13:34,6,-1,-1,MY9154,0,1,44
M183/2,M140/1,19:13:34,6,-1,1,MY9487,0,1,75
T373/2,T375,19:13:44,6,-1,1,MY9282,0,1,65
M112,M127,19:14:25,6,-1,1,MX7866,0,1,20
T332/2,T325/2,19:14:36,6,-1,1,MY9362,0,1,76
M140/1,M137/2,19:14:46,6,-1,1,MY9487,0,1,31
C654/3,C653/2,19:15:16,6,-1,1,MY9154,0,1,71
T325/2,T339/2,19:15:26,6,-1,1,MY9362,0,1,20
T375,T380,19:15:36,6,-1,1,MY9282,0,1,81
T380,T379,19:15:57,6,-1,1,MY9282,0,1,10
T345/1,T342,19:16:17,6,-1,-1,MY9491,1,1,207
T430,M177,19:16:17,6,-1,1,MY9211,0,1,318
M127,M125,19:16:27,6,-1,1,MX7866,0,1,80
C653/2,C692,19:16:27,6,-1,1,MY9154,0,1,60
M137/2,M132/1,19:16:27,6,-1,1,MY9487,0,1,40
T342,T409,19:17:28,6,-1,1,MY9491,0,1,40
M125,M136/2,19:17:48,6,-1,1,MX7866,0,1,60
C692,C689/1,19:17:48,6,-1,1,MY9154,0,1,50
T339/2,T408/1,19:17:58,6,-1,-1,MY9362,0,1,111
M136/2,M139/2,19:18:38,6,-1,2,MX7866,0,1,20
T379,T355/1,19:18:38,6,-1,1,MY9282,1,1,131
M132/1,M200,19:18:49,6,-1,3,MY9487,0,1,60
T409,T368,19:18:59,6,-1,1,MY9491,0,1,60
T368,T324/2,19:19:59,6,-1,1,MY9491,0,1,30
T408/1,T343,19:20:20,6,-1,-1,MY9362,0,1,121
C689/1,T355/2,19:20:20,6,-1,1,MY9154,0,1,121
M200,M201,19:20:20,6,-1,-1,MY9487,0,1,40
M139/2,M184,19:21:14,6,-1,1,MX7866,0,1,74
T324/2,T327,19:21:24,6,-1,1,MY9491,0,1,50
M184,M188,19:22:15,6,-1,1,MX7866,0,1,10
T355/2,T360,19:22:25,6,-1,1,MY9154,0,1,101
M95/3,M22,19:22:36,6,-1,1,MX7769,0,1,112
T355/1,C688/1,19:22:36,6,-1,1,MY9282,0,1,197
M201,M121,19:22:36,6,-1,3,MY9487,0,1,51
T343,T316,19:22:46,6,-1,1,MY9362,0,1,92
T327,T326/2,19:22:56,6,-1,1,MY9491,0,1,20
M121,M119,19:23:47,6,-1,3,MY9487,0,1,30
T326/2,T337,19:23:57,6,-1,1,MY9491,0,1,50
M188,M203/2,19:24:27,6,-1,1,MX7866,0,1,20
M177,M183/2,19:24:27,6,-1,1,MY9211,1,1,278
T316,T345/5,19:24:37,6,-1,1,MY9362,0,1,101
C688/1,C691,19:24:37,6,-1,1,MY9282,0,1,60
M22,M10,19:24:48,6,-1,1,MX7769,0,1,60
T360,T376/1,19:24:48,6,-1,1,MY9154,0,1,111
T337,T334,19:24:58,6,-1,1,MY9491,0,1,20
M203/2,M277,19:25:18,6,-1,-1,MX7866,0,1,30
C691,C652,19:25:48,6,-1,1,MY9282,0,1,50
M183/2,M140/1,19:25:48,6,-1,1,MY9211,0,1,20
T345/5,T344,19:26:09,6,-1,1,MY9362,0,1,70
T334,T430,19:26:19,6,-1,1,MY9491,0,1,50
M10,M16/1,19:26:49,6,-1,1,MX7769,0,1,50
M119,M113,19:26:49,6,-1,-1,MY9487,0,1,161
T344,T356/1,19:26:59,6,-1,1,MY9362,0,1,40
M140/1,M137/2,19:27:09,6,-1,1,MY9211,0,1,60
T376/1,T363/1,19:27:29,6,-1,1,MY9154,0,1,151
M16/1,M109,19:27:50,6,-1,1,MX7769,0,1,10
M113,M94,19:28:00,6,-1,-1,MY9487,0,1,30
M277,M182/1,19:28:10,6,-1,1,MX7866,0,1,161
T363/1,T374,19:28:35,6,-1,1,MY9154,0,1,34
T356/1,T358,19:28:55,6,-1,1,MY9362,0,1,105
T374,T406,19:29:15,6,-1,1,MY9154,0,1,30
M94,M95/3,19:29:25,6,-1,-1,MY9487,0,1,40
T358,T373/2,19:30:06,6,-1,1,MY9362,0,1,30
M137/2,M132/1,19:30:06,6,-1,1,MY9211,0,1,105
M109,M112,19:30:36,6,-1,1,MX7769,0,1,70
C652,C657,19:31:06,6,-1,1,MY9282,1,1,307
T373/2,T375,19:31:16,6,-1,1,MY9362,0,1,30
T430,M177,19:31:26,6,-1,1,MY9491,0,1,297
T375,T380,19:32:07,6,-1,1,MY9362,0,1,30
C656,C654/3,19:32:07,6,-1,1,MY9282,0,1,50
M112,M127,19:32:17,6,-1,1,MX7769,0,1,20
T380,T379,19:32:47,6,-1,1,MY9362,0,1,10
T379,T359,19:33:28,6,-1,1,MY9362,0,1,20
M132/1,M200,19:33:28,6,-1,3,MY9211,0,1,80
M182/1,T431,19:33:48,6,-1,1,MX7866,0,1,202
M127,M125,19:34:39,6,-1,1,MX7769,0,1,90
T359,T355/1,19:34:39,6,-1,1,MY9362,0,1,60
M200,M201,19:34:49,6,-1,-1,MY9211,0,1,10
T406,T345/1,19:35:09,6,-1,-1,MY9154,0,1,323
T431,T335,19:35:39,6,-1,1,MX7866,0,1,80
M177,M198,19:36:10,6,-1,2,MY9491,0,1,141
M201,M121,19:36:10,6,-1,2,MY9211,0,1,30
C654/3,C653/2,19:36:20,6,-1,1,MY9282,0,1,232
T335,T338,19:36:40,6,-1,1,MX7866,0,1,50
M125,M136/2,19:36:50,6,-1,1,MX7769,0,1,20
M198,M183/2,19:37:32,6,-1,2,MY9491,0,1,72
T345/1,T322,19:37:42,6,-1,-1,MY9154,0,1,113
M121,M119,19:37:42,6,-1,3,MY9211,0,1,42
T338,T326/3,19:38:23,6,-1,-1,MX7866,0,1,92
T355/1,C688/1,19:38:44,6,-1,-1,MY9362,0,1,215
M136/2,M139/2,19:38:54,6,-1,2,MX7769,0,1,20
M183/2,M140/1,19:39:04,6,-1,1,MY9491,0,1,41
T322,T342,19:39:35,6,-1,-1,MY9154,0,1,81
T326/3,T332/2,19:39:45,6,-1,1,MX7866,0,1,70
M139/2,M184,19:40:05,6,-1,2,MX7769,0,1,30
C688/1,C691,19:40:25,6,-1,1,MY9362,0,1,50
C653/2,T355/2,19:40:35,6,-1,1,MY9282,2,1,235
M140/1,M137/2,19:40:35,6,-1,1,MY9491,0,1,60
M119,M113,19:40:45,6,-1,-1,MY9211,0,1,142
M184,M188,19:41:16,6,-1,1,MX7769,0,1,10
T342,T409,19:41:16,6,-1,1,MY9154,0,1,70
T332/2,T325/2,19:41:26,6,-1,1,MX7866,0,1,70
M137/2,M132/1,19:41:56,6,-1,1,MY9491,0,1,40
C691,C652,19:42:17,6,-1,1,MY9362,0,1,80
T325/2,T339/2,19:42:27,6,-1,1,MX7866,0,1,30
T355/2,T360,19:42:37,6,-1,1,MY9282,0,1,101
M113,M94,19:42:47,6,-1,-1,MY9211,0,1,91
M188,M203/2,19:43:17,6,-1,1,MX7769,0,1,70
C652,C655,19:43:17,6,-1,1,MY9362,0,1,20
C655,C657,19:44:08,6,-1,1,MY9362,0,1,40
T360,T376/1,19:44:08,6,-1,1,MY9282,0,1,70
T368,T324/2,19:44:08,6,-1,1,MY9154,0,1,40
T339/2,T408/1,19:44:38,6,-1,-1,MX7866,0,1,90
M94,M95/3,19:44:38,6,-1,-1,MY9211,0,1,80
M132/1,M200,19:44:48,6,-1,3,MY9491,0,1,20
C657,C686,19:44:58,6,-1,1,MY9362,0,1,20
M200,M201,19:45:59,6,-1,-1,MY9491,0,1,20
T324/2,T327,19:46:09,6,-1,1,MY9154,0,1,70
T376/1,T363/1,19:47:10,6,-1,1,MY9282,0,1,171
M201,M121,19:47:10,6,-1,3,MY9491,0,1,40
T408/1,T343,19:47:33,6,-1,-1,MX7866,0,1,144
C686,C654/3,19:47:33,6,-1,1,MY9362,1,1,104
T327,T326/2,19:47:33,6,-1,1,MY9154,0,1,43
M203/2,M182/1,19:47:54,6,-1,1,MX7769,1,1,246
M121,M119,19:48:14,6,-1,2,MY9491,0,1,30
T363/1,T374,19:48:34,6,-1,1,MY9282,0,1,50
T326/2,T337,19:48:44,6,-1,1,MY9154,0,1,50
M95/3,M22,19:48:54,6,-1,1,AC3549,0,1,94
C654/3,C653/2,19:49:04,6,-1,1,MY9362,0,1,60
T374,T406,19:49:15,6,-1,1,MY9282,0,1,30
T343,T316,19:49:35,6,-1,1,MX7866,0,1,91
T337,T334,19:49:35,6,-1,1,MY9154,0,1,30
M22,M10,19:50:05,6,-1,1,AC3549,0,1,30
C653/2,C692,19:51:07,6,-1,1,MY9362,0,1,91
T334,T430,19:51:17,6,-1,1,MY9154,0,1,61
M119,M113,19:51:27,6,-1,-1,MY9491,0,1,183
M10,M16/1,19:51:47,6,-1,1,AC3549,0,1,50
M113,M94,19:52:07,6,-1,-1,MY9491,0,1,30
C692,C689/1,19:52:18,6,-1,1,MY9362,0,1,40
T316,T345/5,19:52:28,6,-1,1,MX7866,0,1,142
M182/1,T431,19:53:08,6,-1,1,MX7769,0,1,193
M16/1,M109,19:53:28,6,-1,1,AC3549,0,1,10
T345/5,T344,19:53:59,6,-1,1,MX7866,0,1,60
T344,T356/1,19:54:39,6,-1,1,MX7866,0,1,30
T431,T335,19:54:49,6,-1,1,MX7769,0,1,60
C689/1,T355/2,19:55:09,6,-1,1,MY9362,0,1,141
M94,M95/3,19:55:09,6,-1,-1,MY9491,0,1,141
T406,T345/1,19:55:19,6,-1,-1,MY9282,0,1,344
T335,T338,19:55:40,6,-1,1,MX7769,0,1,10
M109,M112,19:56:10,6,-1,1,AC3549,0,1,90
T356/1,T358,19:56:53,6,-1,1,MX7866,0,1,123
T338,T326/3,19:57:13,6,-1,-1,MX7769,0,1,53
T355/2,T360,19:57:23,6,-1,1,MY9362,0,1,103
T430,M177,19:57:44,6,-1,1,MY9154,0,1,366
T358,T373/2,19:58:04,6,-1,1,MX7866,0,1,30
T345/1,T322,19:58:04,6,-1,-1,MY9282,0,1,154
T326/3,T332/2,19:58:14,6,-1,1,MX7769,0,1,30
M112,M127,19:58:34,6,-1,1,AC3549,0,1,40
T373/2,T375,19:58:54,6,-1,1,MX7866,0,1,20
T360,T376/1,19:59:35,6,-1,1,MY9362,0,1,101
T332/2,T325/2,19:59:55,6,-1,1,MX7769,0,1,60
T322,T342,19:59:55,6,-1,-1,MY9282,0,1,101
T375,T380,20:00:05,6,-1,1,MX7866,0,1,30
M127,M125,20:00:46,6,-1,1,AC3549,0,1,40
T325/2,T339/2,20:00:56,6,-1,1,MX7769,0,1,20
T380,T379,20:00:56,6,-1,1,MX7866,0,1,10
T342,T409,20:01:06,6,-1,1,MY9282,0,1,40
T376/1,T363/1,20:01:37,6,-1,1,MY9362,0,1,111
T379,T359,20:01:57,6,-1,1,MX7866,0,1,10
T409,T368,20:01:57,6,-1,1,MY9282,0,1,41
M125,M136/2,20:02:48,6,-1,1,AC3549,0,1,20
T363/1,T374,20:02:58,6,-1,1,MY9362,0,1,30
T359,T355/1,20:03:08,6,-1,1,MX7866,0,1,50
T368,T324/2,20:03:18,6,-1,1,MY9282,0,1,30
M177,M198,20:03:18,6,-1,1,MY9154,0,1,172
M136/2,M139/2,20:03:28,6,-1,1,AC3549,0,1,10
T339/2,T408/1,20:03:38,6,-1,-1,MX7769,0,1,121
T374,T406,20:03:48,6,-1,1,MY9362,0,1,40
M198,M183/2,20:04:19,6,-1,2,MY9154,0,1,50
T408/1,T343,20:04:49,6,-1,-1,MX7769,0,1,50
T324/2,T327,20:04:59,6,-1,1,MY9282,0,1,50
M183/2,M140/1,20:05:29,6,-1,1,MY9154,0,1,10
M139/2,M184,20:05:39,6,-1,1,AC3549,0,1,40
M140/1,M137/2,20:06:41,6,-1,1,MY9154,0,1,31
T327,T337,20:07:11,6,-1,1,MY9282,1,1,102
M184,M188,20:07:32,6,-1,1,AC3549,0,1,10
M137/2,M132/1,20:07:42,6,-1,1,MY9154,0,1,30
T355/1,C688/1,20:08:02,6,-1,1,MX7866,0,1,263
T337,T334,20:08:02,6,-1,1,MY9282,0,1,20
T343,T345/5,20:08:44,6,-1,1,MX7769,1,1,184
M132/1,M200,20:09:04,6,-1,3,MY9154,0,1,52
M188,M203/2,20:09:24,6,-1,1,AC3549,0,1,10
T334,T430,20:09:24,6,-1,1,MY9282,0,1,50
T406,T345/1,20:09:35,6,-1,-1,MY9362,0,1,336
C688/1,C691,20:09:55,6,-1,1,MX7866,0,1,20
M200,M201,20:09:55,6,-1,-1,MY9154,0,1,10
T345/5,T344,20:10:25,6,-1,1,MX7769,0,1,70
M201,M121,20:11:16,6,-1,2,MY9154,0,1,30
M203/2,M277,20:11:26,6,-1,-1,AC3549,0,1,60
T344,T356/1,20:11:36,6,-1,1,MX7769,0,1,40
C691,C652,20:11:46,6,-1,1,MX7866,0,1,60
T345/1,T322,20:11:56,6,-1,-1,MY9362,0,1,131
M121,M119,20:12:26,6,-1,2,MY9154,0,1,30
C652,C655,20:12:57,6,-1,1,MX7866,0,1,50
T356/1,T358,20:13:27,6,-1,1,MX7769,0,1,70
C655,C657,20:13:57,6,-1,1,MX7866,0,1,40
T322,T342,20:13:57,6,-1,-1,MY9362,0,1,90
T358,T373/2,20:14:18,6,-1,1,MX7769,0,1,20
T430,M177,20:14:28,6,-1,1,MY9282,0,1,283
C657,C686,20:14:48,6,-1,1,MX7866,0,1,30
M277,M182/1,20:15:08,6,-1,1,AC3549,0,1,212
M119,M113,20:15:08,6,-1,-1,MY9154,0,1,111
T373/2,T375,20:15:28,6,-1,1,MX7769,0,1,40
T342,T409,20:15:39,6,-1,1,MY9362,0,1,70
C686,C656,20:16:29,6,-1,1,MX7866,0,1,40
M95/3,M22,20:16:59,6,-1,1,MY9211,0,1,192
T375,T380,20:16:59,6,-1,1,MX7769,0,1,80
T409,T368,20:16:59,6,-1,1,MY9362,0,1,50
M113,M94,20:16:59,6,-1,-1,MY9154,0,1,70
C656,C654/3,20:17:40,6,-1,1,MX7866,0,1,50
T380,T379,20:17:50,6,-1,1,MX7769,0,1,10
T368,T324/2,20:18:00,6,-1,1,MY9362,0,1,30
M94,M95/3,20:18:20,6,-1,-1,MY9154,0,1,50
M177,M198,20:19:14,6,-1,2,MY9282,0,1,154
T379,T359,20:19:24,6,-1,1,MX7769,0,1,63
M22,M10,20:20:04,6,-1,1,MY9211,0,1,124
T324/2,T327,20:20:14,6,-1,1,MY9362,0,1,90
M198,M183/2,20:20:14,6,-1,1,MY9282,0,1,50
T359,T355/1,20:20:55,6,-1,1,MX7769,0,1,60
M183/2,M140/1,20:21:25,6,-1,1,MY9282,0,1,10
T327,T326/2,20:21:35,6,-1,1,MY9362,0,1,30
M10,M16/1,20:21:56,6,-1,1,MY9211,0,1,60
M182/1,T431,20:21:56,6,-1,1,AC3549,0,1,202
T326/2,T337,20:22:46,6,-1,1,MY9362,0,1,60
M16/1,M109,20:23:16,6,-1,1,MY9211,0,1,10
T337,T334,20:23:47,6,-1,1,MY9362,0,1,20
M140/1,M137/2,20:23:57,6,-1,1,MY9282,0,1,80
T431,T335,20:24:27,6,-1,1,AC3549,0,1,111
T355/1,C688/1,20:24:27,6,-1,1,MX7769,0,1,192
C654/3,C653/2,20:24:27,6,-1,1,MX7866,0,1,70
M109,M112,20:25:38,6,-1,1,MY9211,0,1,80
C688/1,C691,20:25:38,6,-1,1,MX7769,0,1,20
T334,T430,20:25:38,6,-1,1,MY9362,0,1,50
M137/2,M132/1,20:25:58,6,-1,1,MY9282,0,1,101
T338,T326/3,20:27:19,6,-1,-1,AC3549,0,1,70
M112,M127,20:27:39,6,-1,1,MY9211,0,1,40
C691,C652,20:27:49,6,-1,1,MX7769,0,1,90
C653/2,C689/1,20:27:59,6,-1,1,MX7866,1,1,202
M132/1,M200,20:28:10,6,-1,3,MY9282,0,1,20
M127,M125,20:28:34,6,-1,1,MY9211,0,1,13
M200,M201,20:28:54,6,-1,-1,MY9282,0,1,34
C652,C657,20:29:34,6,-1,1,MX7769,1,1,84
T326/3,T332/2,20:29:55,6,-1,1,AC3549,0,1,145
C657,C686,20:30:15,6,-1,1,MX7769,0,1,30
M201,M121,20:30:25,6,-1,1,MY9282,0,1,80
M125,M136/2,20:30:35,6,-1,1,MY9211,0,1,10
C689/1,T355/2,20:30:55,6,-1,1,MX7866,0,1,141
T430,M177,20:31:05,6,-1,1,MY9362,0,1,307
T332/2,T325/2,20:31:15,6,-1,1,AC3549,0,1,70
C686,C656,20:31:15,6,-1,1,MX7769,0,1,30
M136/2,M139/2,20:31:26,6,-1,2,MY9211,0,1,10
T325/2,T339/2,20:32:16,6,-1,1,AC3549,0,1,20
C656,C654/3,20:32:16,6,-1,1,MX7769,0,1,50
M121,M119,20:32:16,6,-1,1,MY9282,0,1,70
M139/2,M184,20:33:07,6,-1,2,MY9211,0,1,30
T355/2,T360,20:33:37,6,-1,1,MX7866,0,1,131
T339/2,T408/1,20:34:58,6,-1,-1,AC3549,0,1,101
M119,M113,20:35:48,6,-1,-1,MY9282,0,1,202
M95/3,M22,20:35:59,6,-1,2,MY9491,0,1,121
M184,M188,20:35:59,6,-1,1,MY9211,0,1,10
M177,M198,20:36:39,6,-1,2,MY9362,0,1,141
T360,T363/1,20:36:59,6,-1,1,MX7866,1,1,192
M188,M203/2,20:37:19,6,-1,1,MY9211,0,1,10
T408/1,T343,20:37:40,6,-1,-1,AC3549,0,1,131
M113,M95/3,20:37:40,6,-1,-1,MY9282,1,1,80
C654/3,C653/2,20:37:50,6,-1,1,MX7769,0,1,70
M198,M183/2,20:38:30,6,-1,2,MY9362,0,1,101
M22,M10,20:38:40,6,-1,1,MY9491,0,1,121
M203/2,M277,20:38:40,6,-1,-1,MY9211,0,1,60
T363/1,T374,20:38:51,6,-1,1,MX7866,0,1,60
C653/2,C692,20:39:11,6,-1,1,MX7769,0,1,70
C692,C689/1,20:39:53,6,-1,1,MX7769,0,1,20
T374,T406,20:39:53,6,-1,1,MX7866,0,1,32
T343,T316,20:40:04,6,-1,1,AC3549,0,1,93
M183/2,M140/1,20:40:14,6,-1,1,MY9362,0,1,20
M10,M16/1,20:40:24,6,-1,1,MY9491,0,1,83
M277,M182/1,20:41:25,6,-1,1,MY9211,0,1,154
M140/1,M137/2,20:41:25,6,-1,1,MY9362,0,1,40
T316,T345/5,20:42:15,6,-1,-1,AC3549,0,1,101
M16/1,M109,20:42:25,6,-1,1,MY9491,0,1,10
M137/2,M132/1,20:42:36,6,-1,1,MY9362,0,1,40
T345/5,T344,20:43:36,6,-1,1,AC3549,0,1,40
C689/1,T355/2,20:43:36,6,-1,1,MX7769,0,1,172
T344,T356/1,20:44:37,6,-1,1,AC3549,0,1,30
M132/1,M200,20:45:48,6,-1,3,MY9362,0,1,50
T406,T345/1,20:46:08,6,-1,-1,MX7866,0,1,354
M109,M127,20:46:58,6,-1,1,MY9491,1,1,181
T355/2,T376/1,20:47:08,6,-1,1,MX7769,1,1,181
T356/1,T358,20:47:59,6,-1,1,AC3549,0,1,101
T376/1,T363/1,20:48:19,6,-1,1,MX7769,0,1,60
M200,M121,20:48:19,6,-1,2,MY9362,1,1,101
M182/1,T431,20:48:29,6,-1,1,MY9211,0,1,202
T345/1,T322,20:48:39,6,-1,-1,MX7866,0,1,141
T358,T373/2,20:49:00,6,-1,1,AC3549,0,1,30
M127,M125,20:49:20,6,-1,1,MY9491,0,1,131
T373/2,T375,20:50:03,6,-1,1,AC3549,0,1,30
T363/1,T406,20:50:13,6,-1,1,MX7769,1,1,93
T431,T335,20:50:23,6,-1,1,MY9211,0,1,73
T322,T342,20:50:54,6,-1,-1,MX7866,0,1,104
T375,T380,20:51:04,6,-1,1,AC3549,0,1,20
M125,M136/2,20:51:24,6,-1,1,MY9491,0,1,20
T335,T338,20:51:24,6,-1,1,MY9211,0,1,10
T380,T379,20:51:55,6,-1,1,AC3549,0,1,10
M121,M113,20:52:05,6,-1,-1,MY9362,1,1,195
T342,T409,20:52:25,6,-1,1,MX7866,0,1,50
T338,T326/3,20:52:55,6,-1,-1,MY9211,0,1,60
M136/2,M139/2,20:53:15,6,-1,1,MY9491,0,1,10
T379,T359,20:53:15,6,-1,1,AC3549,0,1,60
M113,M94,20:53:36,6,-1,-1,MY9362,0,1,30
T326/3,T332/2,20:53:46,6,-1,1,MY9211,0,1,30
T409,T368,20:53:56,6,-1,1,MX7866,0,1,60
T359,T355/1,20:54:57,6,-1,1,AC3549,0,1,60
M94,M95/3,20:54:57,6,-1,-1,MY9362,0,1,40
T368,T324/2,20:55:17,6,-1,1,MX7866,0,1,40
M139/2,M184,20:55:27,6,-1,1,MY9491,0,1,70
T332/2,T325/2,20:55:47,6,-1,1,MY9211,0,1,80
T325/2,T339/2,20:56:28,6,-1,1,MY9211,0,1,20
T324/2,T327,20:56:58,6,-1,1,MX7866,0,1,60
M184,M188,20:57:28,6,-1,1,MY9491,0,1,20
T406,T345/1,20:57:38,6,-1,-1,MX7769,0,1,424
T339/2,T408/1,20:58:19,6,-1,-1,MY9211,0,1,80
M188,M203/2,20:59:40,6,-1,1,MY9491,0,1,20
T345/1,T322,20:59:40,6,-1,-1,MX7769,0,1,101
T327,T337,20:59:40,6,-1,1,MX7866,1,1,111
T337,T334,21:00:42,6,-1,1,MX7866,0,1,31
T355/1,C688/1,21:00:52,6,-1,1,AC3549,0,1,233
M203/2,M277,21:01:22,6,-1,-1,MY9491,0,1,50
T322,T342,21:01:22,6,-1,-1,MX7769,0,1,92
T408/1,T343,21:01:32,6,-1,-1,MY9211,0,1,173
T334,T430,21:02:13,6,-1,1,MX7866,0,1,60
C688/1,C691,21:02:34,6,-1,1,AC3549,0,1,71
T342,T368,21:03:14,6,-1,1,MX7769,1,1,101
M95/3,M10,21:03:24,6,-1,1,MY9154,1,1,214
T343,T316,21:03:44,6,-1,1,MY9211,0,1,91
M277,M182/1,21:04:15,6,-1,1,MY9491,0,1,162
T368,T324/2,21:04:15,6,-1,1,MX7769,0,1,40
C691,C652,21:05:15,6,-1,1,AC3549,0,1,131
T316,T345/5,21:05:36,6,-1,1,MY9211,0,1,101
M10,M16/1,21:05:46,6,-1,1,MY9154,0,1,101
T324/2,T327,21:06:16,6,-1,1,MX7769,0,1,60
T345/5,T344,21:07:06,6,-1,1,MY9211,0,1,80
T327,T326/2,21:07:06,6,-1,1,MX7769,0,1,20
C652,C657,21:07:17,6,-1,1,AC3549,1,1,60
C657,C686,21:07:47,6,-1,1,AC3549,0,1,20
T430,M177,21:07:57,6,-1,1,MX7866,0,1,313
M16/1,M109,21:08:07,6,-1,1,MY9154,0,1,20
T326/2,T337,21:08:27,6,-1,1,MX7769,0,1,60
C686,C656,21:09:08,6,-1,1,AC3549,0,1,50
T337,T334,21:09:18,6,-1,1,MX7769,0,1,20
M109,M112,21:10:08,6,-1,1,MY9154,0,1,60
C656,C654/3,21:10:08,6,-1,1,AC3549,0,1,50
T344,T358,21:10:29,6,-1,1,MY9211,1,1,161
T334,T430,21:10:49,6,-1,1,MX7769,0,1,60
M182/1,T431,21:11:09,6,-1,1,MY9491,0,1,202
T358,T373/2,21:11:09,6,-1,1,MY9211,0,1,30
T373/2,T375,21:12:00,6,-1,1,MY9211,0,1,20
M112,M127,21:12:20,6,-1,1,MY9154,0,1,30
T431,T335,21:13:00,6,-1,1,MY9491,0,1,70
C654/3,C653/2,21:13:21,6,-1,1,AC3549,0,1,70
T375,T380,21:13:33,6,-1,1,MY9211,0,1,42
M177,M198,21:13:33,6,-1,1,MX7866,0,1,255
T335,T338,21:13:53,6,-1,1,MY9491,0,1,10
M127,M125,21:14:04,6,-1,1,MY9154,0,1,30
T380,T379,21:14:24,6,-1,1,MY9211,0,1,10
C653/2,C692,21:15:04,6,-1,1,AC3549,0,1,90
T379,T359,21:15:14,6,-1,1,MY9211,0,1,20
M198,M183/2,21:15:45,6,-1,1,MX7866,0,1,121
M125,M136/2,21:16:05,6,-1,1,MY9154,0,1,70
T338,T326/3,21:16:05,6,-1,-1,MY9491,0,1,101
T430,M177,21:16:05,6,-1,1,MX7769,0,1,305
C692,C689/1,21:16:35,6,-1,1,AC3549,0,1,60
T359,T355/1,21:16:45,6,-1,1,MY9211,0,1,60
M183/2,M140/1,21:17:16,6,-1,1,MX7866,0,1,20
M136/2,M139/2,21:18:06,6,-1,1,MY9154,0,1,80
T326/3,T325/2,21:18:26,6,-1,1,MY9491,1,1,131
T325/2,T339/2,21:19:17,6,-1,1,MY9491,0,1,10
C689/1,T355/2,21:19:27,6,-1,1,AC3549,0,1,111
M140/1,M137/2,21:19:27,6,-1,1,MX7866,0,1,80
M177,M198,21:19:47,6,-1,1,MX7769,0,1,141
M139/2,M184,21:19:57,6,-1,1,MY9154,0,1,60
T339/2,T408/1,21:21:18,6,-1,-1,MY9491,0,1,80
T355/1,C688/1,21:21:18,6,-1,1,MY9211,0,1,222
M184,M188,21:21:28,6,-1,1,MY9154,0,1,40
T355/2,T360,21:21:59,6,-1,1,AC3549,0,1,111
M137/2,M132/1,21:21:59,6,-1,1,MX7866,0,1,70
C688/1,C691,21:22:29,6,-1,1,MY9211,0,1,30
M198,M183/2,21:22:29,6,-1,2,MX7769,0,1,151
T360,T376/1,21:22:59,6,-1,1,AC3549,0,1,20
M188,M203/2,21:23:10,6,-1,1,MY9154,0,1,70
M132/1,M200,21:23:10,6,-1,3,MX7866,0,1,30
T408/1,T343,21:23:20,6,-1,-1,MY9491,0,1,101
M183/2,M140/1,21:23:33,6,-1,1,MX7769,0,1,22
C691,C652,21:24:13,6,-1,1,MY9211,0,1,93
M200,M201,21:24:23,6,-1,-1,MX7866,0,1,10
M95/3,M22,21:25:04,6,-1,1,MY9282,0,1,30
T343,T316,21:25:14,6,-1,1,MY9491,0,1,90
C652,C655,21:25:14,6,-1,1,MY9211,0,1,30
T376/1,T363/1,21:25:34,6,-1,1,AC3549,0,1,144
M140/1,M137/2,21:25:54,6,-1,1,MX7769,0,1,111
C655,C657,21:26:14,6,-1,1,MY9211,0,1,50
M22,M10,21:26:35,6,-1,1,MY9282,0,1,40
C657,C686,21:26:45,6,-1,1,MY9211,0,1,20
T316,T345/5,21:26:55,6,-1,1,MY9491,0,1,91
M137/2,M132/1,21:27:05,6,-1,1,MX7769,0,1,40
M203/2,M182/1,21:27:25,6,-1,1,MY9154,1,1,202
T363/1,T374,21:27:25,6,-1,1,AC3549,0,1,40
M10,M16/1,21:27:45,6,-1,1,MY9282,0,1,60
M201,M119,21:27:45,6,-1,2,MX7866,1,1,182
T374,T406,21:28:06,6,-1,1,AC3549,0,1,20
M132/1,M200,21:28:16,6,-1,2,MX7769,0,1,20
T345/5,T344,21:28:26,6,-1,1,MY9491,0,1,60
C686,C656,21:28:46,6,-1,1,MY9211,0,1,30
T344,T356/1,21:29:06,6,-1,1,MY9491,0,1,30
M200,M201,21:29:17,6,-1,-1,MX7769,0,1,20
M16/1,M109,21:29:47,6,-1,1,MY9282,0,1,20
C656,C654/3,21:29:57,6,-1,1,MY9211,0,1,40
M201,M121,21:30:27,6,-1,2,MX7769,0,1,50
T356/1,T358,21:30:58,6,-1,1,MY9491,0,1,90
M119,M113,21:30:58,6,-1,-1,MX7866,0,1,161
M109,M112,21:31:08,6,-1,1,MY9282,0,1,40
C654/3,C653/2,21:31:28,6,-1,1,MY9211,0,1,50
T358,T373/2,21:31:38,6,-1,1,MY9491,0,1,30
M121,M119,21:31:38,6,-1,2,MX7769,0,1,40
M113,M94,21:32:19,6,-1,-1,MX7866,0,1,30
M182/1,T431,21:32:39,6,-1,1,MY9154,0,1,212
T373/2,T375,21:32:49,6,-1,1,MY9491,0,1,40
M112,M127,21:32:59,6,-1,1,MY9282,0,1,80
M94,M95/3,21:33:29,6,-1,-1,MX7866,0,1,40
T375,T380,21:34:00,6,-1,1,MY9491,0,1,40
C653/2,C692,21:34:00,6,-1,1,MY9211,0,1,121
M119,M113,21:34:20,6,-1,-1,MX7769,0,1,151
M127,M125,21:34:35,6,-1,1,MY9282,0,1,55
T406,T345/1,21:34:35,6,-1,-1,AC3549,0,1,379
T431,T335,21:34:45,6,-1,1,MY9154,0,1,86
T380,T379,21:35:06,6,-1,1,MY9491,0,1,10
M125,M136/2,21:35:16,6,-1,1,MY9282,0,1,10
T335,T338,21:35:36,6,-1,1,MY9154,0,1,10
C692,C689/1,21:35:36,6,-1,1,MY9211,0,1,60
T379,T359,21:35:47,6,-1,1,MY9491,0,1,31
M113,M94,21:36:17,6,-1,-1,MX7769,0,1,30
T359,T355/1,21:36:48,6,-1,1,MY9491,0,1,50
T338,T326/3,21:37:08,6,-1,-1,MY9154,0,1,60
M136/2,M139/2,21:37:18,6,-1,2,MY9282,0,1,90
M94,M95/3,21:37:38,6,-1,-1,MX7769,0,1,60
T345/1,T322,21:37:48,6,-1,-1,AC3549,0,1,172
C689/1,T355/2,21:37:58,6,-1,1,MY9211,0,1,111
T326/3,T332/2,21:38:29,6,-1,1,MY9154,0,1,40
T322,T342,21:39:29,6,-1,-1,AC3549,0,1,90
M139/2,M184,21:39:50,6,-1,2,MY9282,0,1,70
M184,M188,21:40:10,6,-1,1,MY9282,0,1,10
T332/2,T325/2,21:40:10,6,-1,1,MY9154,0,1,60
T355/1,C688/1,21:40:32,6,-1,1,MY9491,0,1,214
T355/2,T360,21:40:32,6,-1,1,MY9211,0,1,113
T342,T409,21:40:42,6,-1,1,AC3549,0,1,32
T325/2,T339/2,21:41:03,6,-1,1,MY9154,0,1,20
T360,T376/1,21:41:23,6,-1,1,MY9211,0,1,40
M188,M203/2,21:41:33,6,-1,1,MY9282,0,1,72
C688/1,C691,21:41:33,6,-1,1,MY9491,0,1,30
T409,T368,21:41:33,6,-1,1,AC3549,0,1,40
C691,C652,21:42:44,6,-1,1,MY9491,0,1,40
T368,T324/2,21:42:54,6,-1,1,AC3549,0,1,40
T339/2,T408/1,21:43:14,6,-1,-1,MY9154,0,1,101
C652,C655,21:43:55,6,-1,1,MY9491,0,1,60
T376/1,T363/1,21:44:05,6,-1,1,MY9211,0,1,151
T324/2,T327,21:44:15,6,-1,1,AC3549,0,1,60
T363/1,T374,21:45:15,6,-1,1,MY9211,0,1,40
T327,T326/2,21:45:15,6,-1,1,AC3549,0,1,20
M203/2,M182/1,21:45:36,6,-1,1,MY9282,1,1,212
C655,C686,21:45:36,6,-1,1,MY9491,1,1,70
T374,T406,21:45:56,6,-1,1,MY9211,0,1,30
T408/1,T343,21:46:16,6,-1,-1,MY9154,0,1,131
T326/2,T337,21:46:46,6,-1,1,AC3549,0,1,60
C686,C656,21:46:57,6,-1,2,MY9491,0,1,20
T337,T334,21:47:27,6,-1,1,AC3549,0,1,30
C656,C654/3,21:47:57,6,-1,2,MY9491,0,1,40
T343,T316,21:48:28,6,-1,1,MY9154,0,1,90
T334,T430,21:48:48,6,-1,1,AC3549,0,1,50
T316,T345/5,21:51:09,6,-1,1,MY9154,0,1,121
C654/3,C653/2,21:51:19,6,-1,1,MY9491,0,1,191
M182/1,T431,21:51:50,6,-1,1,MY9282,0,1,212
T406,T345/1,21:52:10,6,-1,-1,MY9211,0,1,363
T345/5,T344,21:52:44,6,-1,1,MY9154,0,1,64
M22,M10,21:53:24,6,-1,1,MX7769,0,1,50
T344,T356/1,21:53:24,6,-1,1,MY9154,0,1,30
C653/2,C692,21:53:55,6,-1,1,MY9491,0,1,125
T345/1,T322,21:54:35,6,-1,-1,MY9211,0,1,121
T430,M177,21:54:35,6,-1,1,AC3549,0,1,337
T431,T338,21:54:45,6,-1,1,MY9282,1,1,145
C692,C689/1,21:54:55,6,-1,1,MY9491,0,1,40
T356/1,T358,21:55:26,6,-1,1,MY9154,0,1,90
M10,M16/1,21:55:56,6,-1,1,MX7769,0,1,131
T338,T326/3,21:55:56,6,-1,-1,MY9282,0,1,60
T322,T342,21:56:16,6,-1,-1,MY9211,0,1,90
T358,T373/2,21:56:26,6,-1,1,MY9154,0,1,30
T373/2,T375,21:57:07,6,-1,1,MY9154,0,1,20
T342,T409,21:57:27,6,-1,1,MY9211,0,1,40
C689/1,T355/2,21:57:47,6,-1,1,MY9491,0,1,141
T375,T380,21:58:18,6,-1,1,MY9154,0,1,30
T409,T368,21:58:38,6,-1,1,MY9211,0,1,60
T326/3,T325/2,21:59:08,6,-1,1,MY9282,1,1,171
T380,T379,21:59:08,6,-1,1,MY9154,0,1,20
T368,T324/2,21:59:18,6,-1,1,MY9211,0,1,30
T325/2,T339/2,21:59:49,6,-1,1,MY9282,0,1,10
M177,M198,21:59:49,6,-1,2,AC3549,0,1,151
T355/2,T360,22:00:19,6,-1,1,MY9491,0,1,121
T379,T355/1,22:00:59,6,-1,1,MY9154,1,1,80
T324/2,T327,22:00:59,6,-1,1,MY9211,0,1,70
T360,T376/1,22:01:20,6,-1,1,MY9491,0,1,30
T327,T326/2,22:01:32,6,-1,1,MY9211,0,1,22
M16/1,M112,22:01:52,6,-1,1,MX7769,1,1,274
M198,M183/2,22:02:12,6,-1,2,AC3549,0,1,123
T376/1,T363/1,22:02:53,6,-1,1,MY9491,0,1,80
T326/2,T337,22:02:53,6,-1,1,MY9211,0,1,70
M112,M127,22:03:23,6,-1,1,MX7769,0,1,30
T337,T334,22:03:23,6,-1,1,MY9211,0,1,20
M183/2,M140/1,22:03:23,6,-1,1,AC3549,0,1,10
M127,M125,22:04:44,6,-1,1,MX7769,0,1,20
T339/2,T343,22:04:44,6,-1,-1,MY9282,1,1,224
T363/1,T374,22:04:44,6,-1,1,MY9491,0,1,30
T334,T430,22:04:44,6,-1,1,MY9211,0,1,50
T355/1,C688/1,22:05:24,6,-1,1,MY9154,0,1,232
T374,T406,22:05:24,6,-1,1,MY9491,0,1,30
M140/1,M137/2,22:05:55,6,-1,1,AC3549,0,1,111
T343,T316,22:06:25,6,-1,1,MY9282,0,1,70
C688/1,C691,22:06:35,6,-1,1,MY9154,0,1,20
M137/2,M132/1,22:06:55,6,-1,1,AC3549,0,1,20
M125,M136/2,22:07:05,6,-1,1,MX7769,0,1,90
M136/2,M139/2,22:07:47,6,-1,2,MX7769,0,1,21
T316,T345/5,22:08:17,6,-1,1,MY9282,0,1,102
C691,C652,22:08:17,6,-1,1,MY9154,0,1,61
M132/1,M200,22:08:58,6,-1,2,AC3549,0,1,30
C652,C655,22:09:28,6,-1,1,MY9154,0,1,30
M139/2,M184,22:09:38,6,-1,2,MX7769,0,1,80
T345/5,T344,22:09:38,6,-1,1,MY9282,0,1,70
M184,M188,22:10:18,6,-1,1,MX7769,0,1,10
T430,M177,22:10:18,6,-1,1,MY9211,0,1,304
M200,M201,22:10:18,6,-1,-1,AC3549,0,1,20
T344,T356/1,22:10:49,6,-1,1,MY9282,0,1,50
C655,C657,22:10:49,6,-1,2,MY9154,0,1,40
T406,T345/1,22:10:59,6,-1,-1,MY9491,0,1,294
M201,M121,22:11:19,6,-1,2,AC3549,0,1,20
C657,C686,22:11:50,6,-1,2,MY9154,0,1,30
M188,M203/2,22:12:00,6,-1,1,MX7769,0,1,20
M121,M119,22:12:34,6,-1,2,AC3549,0,1,34
T356/1,T358,22:12:45,6,-1,1,MY9282,0,1,95
C686,C656,22:13:15,6,-1,1,MY9154,0,1,64
T358,T373/2,22:13:25,6,-1,1,MY9282,0,1,30
T345/1,T322,22:13:25,6,-1,-1,MY9491,0,1,115
M119,M113,22:14:16,6,-1,-1,AC3549,0,1,60
T373/2,T375,22:14:36,6,-1,1,MY9282,0,1,50
C656,C654/3,22:14:36,6,-1,1,MY9154,0,1,50
T322,T342,22:14:56,6,-1,-1,MY9491,0,1,80
M113,M94,22:15:06,6,-1,-1,AC3549,0,1,10
T375,T380,22:15:16,6,-1,1,MY9282,0,1,20
T380,T379,22:15:36,6,-1,1,MY9282,0,1,10
M203/2,M182/1,22:15:57,6,-1,1,MX7769,1,1,202
T379,T359,22:16:07,6,-1,1,MY9282,0,1,20
T342,T409,22:16:17,6,-1,1,MY9491,0,1,40
M94,M95/3,22:16:17,6,-1,-1,AC3549,0,1,30
C654/3,C653/2,22:16:37,6,-1,1,MY9154,0,1,91
T359,T355/1,22:16:57,6,-1,1,MY9282,0,1,40
T409,T368,22:17:07,6,-1,1,MY9491,0,1,40
C653/2,C692,22:17:58,6,-1,1,MY9154,0,1,70
T368,T324/2,22:18:08,6,-1,1,MY9491,0,1,30
C692,C689/1,22:19:29,6,-1,1,MY9154,0,1,50
T324/2,T327,22:19:39,6,-1,1,MY9491,0,1,50
M177,M198,22:19:49,6,-1,1,MY9211,0,1,151
T355/1,C688/1,22:20:30,6,-1,1,MY9282,0,1,191
M182/1,T431,22:20:40,6,-1,1,MX7769,0,1,191
T327,T326/2,22:20:50,6,-1,1,MY9491,0,1,30
C688/1,C691,22:21:42,6,-1,1,MY9282,0,1,52
C689/1,T355/2,22:21:52,6,-1,1,MY9154,0,1,112
T326/2,T337,22:21:52,6,-1,1,MY9491,0,1,52
M198,M183/2,22:21:52,6,-1,2,MY9211,0,1,112
T431,T335,22:22:12,6,-1,1,MX7769,0,1,62
T337,T334,22:22:34,6,-1,1,MY9491,0,1,21
T335,T338,22:22:54,6,-1,1,MX7769,0,1,10
M183/2,M140/1,22:22:54,6,-1,1,MY9211,0,1,10
T355/2,T360,22:23:55,6,-1,1,MY9154,0,1,102
T334,T430,22:24:15,6,-1,1,MY9491,0,1,50
T338,T326/3,22:24:25,6,-1,-1,MX7769,0,1,50
C691,C655,22:24:55,6,-1,1,MY9282,1,1,183
M140/1,M137/2,22:24:55,6,-1,1,MY9211,0,1,40
T360,T376/1,22:25:16,6,-1,1,MY9154,0,1,50
M95/3,M22,22:25:26,6,-1,1,AC3549,0,1,131
T326/3,T332/2,22:25:36,6,-1,1,MX7769,0,1,60
C655,C657,22:25:56,6,-1,1,MY9282,0,1,50
M137/2,M132/1,22:25:56,6,-1,1,MY9211,0,1,20
C657,C686,22:26:37,6,-1,1,MY9282,0,1,20
M22,M10,22:27:07,6,-1,1,AC3549,0,1,30
T376/1,T363/1,22:27:07,6,-1,1,MY9154,0,1,101
T332/2,T325/2,22:27:17,6,-1,1,MX7769,0,1,60
M132/1,M200,22:27:27,6,-1,3,MY9211,0,1,40
T325/2,T339/2,22:27:57,6,-1,1,MX7769,0,1,20
C686,C654/3,22:28:28,6,-1,1,MY9282,1,1,80
T363/1,T374,22:28:38,6,-1,1,MY9154,0,1,40
M10,M16/1,22:28:58,6,-1,1,AC3549,0,1,70
T430,M177,22:29:18,6,-1,1,MY9491,0,1,293
M200,M201,22:29:18,6,-1,-1,MY9211,0,1,30
T339/2,T408/1,22:29:29,6,-1,-1,MX7769,0,1,60
M201,M121,22:30:29,6,-1,2,MY9211,0,1,30
M16/1,M109,22:31:43,6,-1,1,AC3549,0,1,73
M121,M119,22:31:53,6,-1,1,MY9211,0,1,53
T408/1,T343,22:32:13,6,-1,-1,MX7769,0,1,154
M177,M198,22:33:25,6,-1,1,MY9491,0,1,145
M198,M183/2,22:34:26,6,-1,2,MY9491,0,1,50
M109,M112,22:34:36,6,-1,1,AC3549,0,1,121
T343,T316,22:34:36,6,-1,1,MX7769,0,1,90
M119,M113,22:34:56,6,-1,-1,MY9211,0,1,111
M112,M127,22:35:47,6,-1,1,AC3549,0,1,30
C654/3,C653/2,22:35:47,6,-1,1,MY9282,0,1,418
T374,T345/1,22:35:57,6,-1,-1,MY9154,1,1,428
T316,T345/5,22:36:17,6,-1,1,MX7769,0,1,70
M113,M94,22:36:17,6,-1,-1,MY9211,0,1,60
M183/2,M140/1,22:36:37,6,-1,1,MY9491,0,1,40
M127,M125,22:36:47,6,-1,1,AC3549,0,1,20
C653/2,C692,22:36:47,6,-1,1,MY9282,0,1,20
M125,M136/2,22:37:48,6,-1,1,AC3549,0,1,20
T345/5,T344,22:37:48,6,-1,1,MX7769,0,1,60
M94,M95/3,22:37:48,6,-1,-1,MY9211,0,1,60
M140/1,M137/2,22:37:58,6,-1,1,MY9491,0,1,50
T344,T356/1,22:38:28,6,-1,1,MX7769,0,1,30
M137/2,M132/1,22:38:49,6,-1,1,MY9491,0,1,30
C692,C689/1,22:39:09,6,-1,1,MY9282,0,1,131
M136/2,M139/2,22:39:19,6,-1,1,AC3549,0,1,60
T345/1,T342,22:39:29,6,-1,-1,MY9154,1,1,182
M132/1,M200,22:39:49,6,-1,3,MY9491,0,1,10
M139/2,M184,22:40:20,6,-1,2,AC3549,0,1,30
T342,T409,22:40:31,6,-1,1,MY9154,0,1,41
T356/1,T358,22:40:51,6,-1,1,MX7769,0,1,71
M184,M188,22:41:01,6,-1,1,AC3549,0,1,10
C689/1,T355/2,22:41:11,6,-1,1,MY9282,0,1,112
M200,M201,22:41:35,6,-1,-1,MY9491,0,1,23
T358,T373/2,22:41:45,6,-1,1,MX7769,0,1,23
T409,T324/2,22:42:15,6,-1,1,MY9154,1,1,83
T373/2,T375,22:42:45,6,-1,1,MX7769,0,1,20
M201,M121,22:42:45,6,-1,2,MY9491,0,1,20
M188,M277,22:42:55,6,-1,-1,AC3549,1,1,60
T355/2,T360,22:43:26,6,-1,1,MY9282,0,1,111
T324/2,T327,22:43:46,6,-1,1,MY9154,0,1,60
M121,M119,22:43:56,6,-1,2,MY9491,0,1,30
T327,T326/2,22:44:37,6,-1,1,MY9154,0,1,20
T375,T379,22:44:57,6,-1,1,MX7769,1,1,101
T360,T376/1,22:45:07,6,-1,1,MY9282,0,1,80
T326/2,T337,22:45:27,6,-1,1,MY9154,0,1,30
M277,M182/1,22:45:37,6,-1,1,AC3549,0,1,151
T379,T359,22:45:47,6,-1,1,MX7769,0,1,20
T337,T334,22:46:08,6,-1,1,MY9154,0,1,30
M119,M113,22:46:08,6,-1,-1,MY9491,0,1,91
T359,T355/1,22:46:48,6,-1,1,MX7769,0,1,50
M113,M94,22:46:58,6,-1,-1,MY9491,0,1,20
T334,T430,22:47:18,6,-1,1,MY9154,0,1,40
T376/1,T363/1,22:47:28,6,-1,1,MY9282,0,1,131
M94,M95/3,22:48:09,6,-1,-1,MY9491,0,1,40
T363/1,T374,22:48:29,6,-1,1,MY9282,0,1,30
M182/1,T431,22:50:22,6,-1,1,AC3549,0,1,193
T355/1,C688/1,22:50:52,6,-1,1,MX7769,0,1,223
T431,T335,22:51:33,6,-1,1,AC3549,0,1,60
M22,M10,22:51:43,6,-1,1,MY9211,0,1,91
T335,T338,22:52:13,6,-1,1,AC3549,0,1,10
C688/1,C691,22:52:33,6,-1,1,MX7769,0,1,60
T430,M177,22:52:33,6,-1,1,MY9154,0,1,294
T338,T326/3,22:53:24,6,-1,-1,AC3549,0,1,50
M10,M16/1,22:54:04,6,-1,1,MY9211,0,1,90
T374,T345/1,22:54:24,6,-1,-1,MY9282,1,1,335
M16/1,M109,22:55:15,6,-1,1,MY9211,0,1,20
T326/3,T325/2,22:56:06,6,-1,1,AC3549,1,1,131
T345/1,T322,22:56:06,6,-1,-1,MY9282,0,1,90
C691,C657,22:56:36,6,-1,1,MX7769,2,1,202
M177,M198,22:56:46,6,-1,1,MY9154,0,1,141
T325/2,T339/2,22:57:06,6,-1,1,AC3549,0,1,20
M109,M112,22:57:26,6,-1,1,MY9211,0,1,91
C657,C686,22:57:26,6,-1,1,MX7769,0,1,20
T322,T342,22:57:47,6,-1,-1,MY9282,0,1,80
M198,M183/2,22:58:17,6,-1,2,MY9154,0,1,80
T342,T409,22:58:37,6,-1,1,MY9282,0,1,40
C686,C656,22:58:47,6,-1,1,MX7769,0,1,50
T339/2,T408/1,22:58:57,6,-1,-1,AC3549,0,1,80
M112,M127,22:59:08,6,-1,1,MY9211,0,1,20
T409,T368,22:59:38,6,-1,1,MY9282,0,1,50
M183/2,M140/1,22:59:38,6,-1,1,MY9154,0,1,30
C656,C654/3,22:59:58,6,-1,1,MX7769,0,1,50
M127,M125,23:00:08,6,-1,1,MY9211,0,1,20
T368,T324/2,23:00:08,6,-1,1,MY9282,0,1,20
M140/1,M137/2,23:00:18,6,-1,1,MY9154,0,1,20
M137/2,M132/1,23:01:09,6,-1,1,MY9154,0,1,20
T324/2,T327,23:01:19,6,-1,1,MY9282,0,1,50
M125,M136/2,23:01:29,6,-1,1,MY9211,0,1,10
T408/1,T343,23:01:29,6,-1,-1,AC3549,0,1,111
C654/3,C653/2,23:01:39,6,-1,1,MX7769,0,1,70
T327,T326/2,23:02:00,6,-1,1,MY9282,0,1,20
M132/1,M200,23:02:20,6,-1,3,MY9154,0,1,20
T326/2,T337,23:03:04,6,-1,1,MY9282,0,1,53
M136/2,M139/2,23:03:14,6,-1,2,MY9211,0,1,74
T343,T316,23:03:34,6,-1,1,AC3549,0,1,84
M200,M201,23:03:34,6,-1,-1,MY9154,0,1,20
T337,T334,23:03:54,6,-1,1,MY9282,0,1,20
C653/2,C689/1,23:04:15,6,-1,1,MX7769,1,1,134
M95/3,M22,23:04:35,6,-1,1,MY9491,0,1,40
M201,M121,23:04:35,6,-1,1,MY9154,0,1,30
T334,T430,23:05:05,6,-1,1,MY9282,0,1,40
M139/2,M184,23:05:35,6,-1,1,MY9211,0,1,121
M22,M10,23:05:46,6,-1,1,MY9491,0,1,50
T316,T345/5,23:05:46,6,-1,1,AC3549,0,1,121
M121,M119,23:05:46,6,-1,1,MY9154,0,1,30
M184,M188,23:06:16,6,-1,1,MY9211,0,1,10
C689/1,T355/2,23:07:06,6,-1,1,MX7769,0,1,131
M119,M113,23:07:06,6,-1,-1,MY9154,0,1,40
M188,M203/2,23:07:38,6,-1,1,MY9211,0,1,71
M10,M16/1,23:07:58,6,-1,1,MY9491,0,1,81
T345/5,T344,23:07:58,6,-1,1,AC3549,0,1,41
M113,M94,23:08:08,6,-1,-1,MY9154,0,1,30
M203/2,M277,23:08:28,6,-1,-1,MY9211,0,1,40
T344,T356/1,23:08:28,6,-1,1,AC3549,0,1,20
M94,M95/3,23:09:19,6,-1,-1,MY9154,0,1,40
T355/2,T360,23:09:29,6,-1,1,MX7769,0,1,111
T430,M177,23:09:59,6,-1,1,MY9282,0,1,274
M16/1,M109,23:10:10,6,-1,1,MY9491,0,1,20
T356/1,T358,23:10:10,6,-1,1,AC3549,0,1,60
T358,T373/2,23:10:44,6,-1,1,AC3549,0,1,24
T360,T376/1,23:10:44,6,-1,1,MX7769,0,1,54
M277,M182/1,23:11:04,6,-1,1,MY9211,0,1,145
T373/2,T375,23:11:35,6,-1,1,AC3549,0,1,30
M109,M112,23:11:55,6,-1,1,MY9491,0,1,70
T376/1,T363/1,23:12:05,6,-1,1,MX7769,0,1,70
T375,T380,23:12:45,6,-1,1,AC3549,0,1,20
T363/1,T374,23:13:26,6,-1,1,MX7769,0,1,50
M112,M127,23:13:36,6,-1,1,MY9491,0,1,20
T380,T379,23:13:36,6,-1,1,AC3549,0,1,10
T374,T406,23:13:56,6,-1,1,MX7769,0,1,20
M127,M125,23:14:16,6,-1,1,MY9491,0,1,30
T379,T359,23:14:26,6,-1,1,AC3549,0,1,10
M177,M198,23:15:07,6,-1,1,MY9282,0,1,131
T359,T355/1,23:15:37,6,-1,1,AC3549,0,1,60
M125,M136/2,23:15:47,6,-1,1,MY9491,0,1,60
M182/1,T431,23:15:57,6,-1,1,MY9211,0,1,202
M136/2,M139/2,23:16:18,6,-1,2,MY9491,0,1,20
M198,M183/2,23:16:48,6,-1,2,MY9282,0,1,90
T431,T335,23:17:18,6,-1,1,MY9211,0,1,70
T335,T338,23:17:59,6,-1,1,MY9211,0,1,10
M183/2,M140/1,23:18:09,6,-1,1,MY9282,0,1,50
M139/2,M184,23:18:19,6,-1,2,MY9491,0,1,70
M184,M188,23:18:59,6,-1,1,MY9491,0,1,10
T355/1,C688/1,23:19:10,6,-1,1,AC3549,0,1,202
T406,T345/1,23:19:10,6,-1,-1,MX7769,0,1,293
T338,T326/3,23:19:34,6,-1,-1,MY9211,0,1,64
M140/1,M137/2,23:19:34,6,-1,1,MY9282,0,1,44
M188,M203/2,23:20:04,6,-1,1,MY9491,0,1,10
C688/1,C691,23:20:15,6,-1,1,AC3549,0,1,20
T326/3,T332/2,23:20:25,6,-1,1,MY9211,0,1,40
M137/2,M132/1,23:20:35,6,-1,1,MY9282,0,1,20
M203/2,M277,23:20:55,6,-1,-1,MY9491,0,1,30
T345/1,T322,23:21:35,6,-1,-1,MX7769,0,1,121
T332/2,T325/2,23:21:46,6,-1,1,MY9211,0,1,70
T325/2,T339/2,23:22:16,6,-1,1,MY9211,0,1,10
M132/1,M200,23:22:26,6,-1,3,MY9282,0,1,20
M277,M182/1,23:23:17,6,-1,1,MY9491,0,1,121
C691,C655,23:23:27,6,-1,1,AC3549,1,1,161
T322,T342,23:23:27,6,-1,-1,MX7769,0,1,91
M200,M201,23:23:27,6,-1,-1,MY9282,0,1,20
T339/2,T408/1,23:24:07,6,-1,-1,MY9211,0,1,70
C655,C657,23:24:37,6,-1,1,AC3549,0,1,40
M201,M121,23:24:48,6,-1,1,MY9282,0,1,40
C657,C686,23:25:18,6,-1,1,AC3549,0,1,30
T342,T368,23:25:18,6,-1,1,MX7769,1,1,101
T368,T324/2,23:25:58,6,-1,1,MX7769,0,1,30
T408/1,T343,23:26:08,6,-1,-1,MY9211,0,1,111
C686,C654/3,23:27:19,6,-1,1,AC3549,1,1,90
T324/2,T327,23:27:19,6,-1,1,MX7769,0,1,50
T343,T316,23:28:10,6,-1,1,MY9211,0,1,90
T327,T326/2,23:28:10,6,-1,1,MX7769,0,1,30
M121,M113,23:28:10,6,-1,-1,MY9282,1,1,181
C654/3,C653/2,23:28:20,6,-1,1,AC3549,0,1,40
M182/1,T335,23:28:31,6,-1,1,MY9491,1,1,263
T326/2,T337,23:29:34,6,-1,1,MX7769,0,1,53
M113,M94,23:29:44,6,-1,-1,MY9282,0,1,23
T337,T334,23:29:54,6,-1,1,MX7769,0,1,10
T338,T326/3,23:30:04,6,-1,-1,MY9491,0,1,43
T316,T345/5,23:30:14,6,-1,1,MY9211,0,1,114
C653/2,C692,23:30:35,6,-1,1,AC3549,0,1,124
M94,M95/3,23:30:35,6,-1,-1,MY9282,0,1,30
T326/3,T332/2,23:30:45,6,-1,1,MY9491,0,1,20
T334,T430,23:31:15,6,-1,1,MX7769,0,1,50
T345/5,T344,23:31:25,6,-1,1,MY9211,0,1,60
T344,T356/1,23:32:06,6,-1,1,MY9211,0,1,30
M95/3,M22,23:32:16,6,-1,1,MY9154,0,1,111
T332/2,T325/2,23:32:26,6,-1,1,MY9491,0,1,91
T325/2,T339/2,23:33:06,6,-1,1,MY9491,0,1,20
M22,M10,23:33:27,6,-1,1,MY9154,0,1,40
T356/1,T358,23:34:17,6,-1,1,MY9211,0,1,121
C692,T355/2,23:34:17,6,-1,1,AC3549,1,1,212
T339/2,T408/1,23:34:27,6,-1,-1,MY9491,0,1,50
M10,M16/1,23:34:37,6,-1,1,MY9154,0,1,50
T358,T373/2,23:35:08,6,-1,1,MY9211,0,1,30
T373/2,T375,23:35:58,6,-1,1,MY9211,0,1,20
T430,M177,23:36:08,6,-1,1,MX7769,0,1,283
T355/2,T360,23:36:29,6,-1,1,AC3549,0,1,111
T375,T380,23:37:09,6,-1,1,MY9211,0,1,20
M109,M112,23:37:19,6,-1,1,MY9154,0,1,50
T380,T379,23:37:50,6,-1,1,MY9211,0,1,10
M112,M127,23:38:00,6,-1,1,MY9154,0,1,20
T408/1,T316,23:38:10,6,-1,1,MY9491,1,1,202
T360,T376/1,23:38:10,6,-1,1,AC3549,0,1,80
T379,T359,23:38:20,6,-1,1,MY9211,0,1,20
M127,M125,23:38:41,6,-1,1,MY9154,0,1,20
T359,T355/1,23:39:21,6,-1,1,MY9211,0,1,50
M125,M136/2,23:39:44,6,-1,1,MY9154,0,1,32
T316,T345/5,23:39:44,6,-1,1,MY9491,0,1,84
T376/1,T363/1,23:39:54,6,-1,1,AC3549,0,1,94
M136/2,M139/2,23:40:14,6,-1,1,MY9154,0,1,10
T345/5,T344,23:40:55,6,-1,1,MY9491,0,1,50
T363/1,T374,23:41:05,6,-1,1,AC3549,0,1,40
M139/2,M184,23:41:25,6,-1,1,MY9154,0,1,30
T344,T356/1,23:41:35,6,-1,1,MY9491,0,1,30
M177,M198,23:41:35,6,-1,1,MX7769,0,1,154
M184,M188,23:41:45,6,-1,1,MY9154,0,1,10
T374,T406,23:41:45,6,-1,1,AC3549,0,1,30
T355/1,C688/1,23:42:56,6,-1,2,MY9211,0,1,202
T356/1,T358,23:43:06,6,-1,1,MY9491,0,1,80
M198,M183/2,23:43:16,6,-1,1,MX7769,0,1,90
M188,M203/2,23:43:37,6,-1,1,MY9154,0,1,70
T358,T373/2,23:43:37,6,-1,1,MY9491,0,1,20
T373/2,T375,23:44:17,6,-1,1,MY9491,0,1,20
M183/2,M140/1,23:44:17,6,-1,1,MX7769,0,1,20
C688/1,C691,23:44:27,6,-1,1,MY9211,0,1,30
M203/2,M277,23:44:37,6,-1,-1,MY9154,0,1,20
T375,T380,23:46:08,6,-1,1,MY9491,0,1,70
M140/1,M137/2,23:46:39,6,-1,1,MX7769,0,1,101
M277,M182/1,23:46:49,6,-1,1,MY9154,0,1,121
C691,C652,23:46:49,6,-1,1,MY9211,0,1,111
T380,T379,23:46:59,6,-1,1,MY9491,0,1,20
T406,T345/1,23:46:59,6,-1,-1,AC3549,0,1,303
M137/2,M132/1,23:47:39,6,-1,1,MX7769,0,1,30
C652,C655,23:47:49,6,-1,1,MY9211,0,1,30
T379,T355/1,23:48:40,6,-1,1,MY9491,1,1,80
M132/1,M200,23:48:40,6,-1,2,MX7769,0,1,30
C655,C657,23:49:00,6,-1,1,MY9211,0,1,50
T345/1,T322,23:49:10,6,-1,-1,AC3549,0,1,91
C657,C686,23:49:33,6,-1,1,MY9211,0,1,23
M200,M201,23:49:33,6,-1,-1,MX7769,0,1,12
M182/1,T431,23:50:34,6,-1,1,MY9154,0,1,194
C686,C656,23:50:44,6,-1,1,MY9211,0,1,30
T322,T342,23:50:44,6,-1,-1,AC3549,0,1,83
M201,M121,23:50:44,6,-1,1,MX7769,0,1,40
C656,C654/3,23:51:35,6,-1,1,MY9211,0,1,40
T431,T335,23:51:45,6,-1,1,MY9154,0,1,60
M121,M119,23:51:45,6,-1,1,MX7769,0,1,30
T342,T409,23:52:05,6,-1,1,AC3549,0,1,40
T335,T338,23:52:15,6,-1,1,MY9154,0,1,10
T355/1,C688/1,23:53:06,6,-1,1,MY9491,0,1,225
T409,T368,23:53:06,6,-1,1,AC3549,0,1,50
T338,T326/3,23:53:16,6,-1,-1,MY9154,0,1,50
C654/3,C692,23:53:36,6,-1,1,MY9211,1,1,91
M119,M113,23:53:36,6,-1,-1,MX7769,0,1,80
T368,T324/2,23:53:46,6,-1,1,AC3549,0,1,20
T326/3,T332/2,23:53:57,6,-1,1,MY9154,0,1,30
C692,C689/1,23:54:37,6,-1,1,MY9211,0,1,40
T324/2,T327,23:54:47,6,-1,1,AC3549,0,1,40
C688/1,C691,23:54:57,6,-1,2,MY9491,0,1,70
T332/2,T325/2,23:55:07,6,-1,1,MY9154,0,1,50
T327,T326/2,23:55:28,6,-1,1,AC3549,0,1,30
T325/2,T339/2,23:55:38,6,-1,1,MY9154,0,1,20
M113,M95/3,23:56:08,6,-1,-1,MX7769,1,1,80
T326/2,T337,23:56:28,6,-1,1,AC3549,0,1,50
C691,C652,23:56:49,6,-1,1,MY9491,0,1,91
T339/2,T408/1,23:56:59,6,-1,-1,MY9154,0,1,70
C689/1,T355/2,23:56:59,6,-1,1,MY9211,0,1,111
T337,T334,23:56:59,6,-1,1,AC3549,0,1,20
C652,C655,23:57:59,6,-1,1,MY9491,0,1,30
T334,T430,23:57:59,6,-1,1,AC3549,0,1,40
T355/2,T360,23:58:44,6,-1,1,MY9211,0,1,95
T408/1,T343,23:59:14,6,-1,-1,MY9154,0,1,95
C655,C657,23:59:14,6,-1,1,MY9491,0,1,40
C657,C686,0:00:05,0,-1,1,MY9491,0,1,30
C686,C656,0:01:16,0,-1,1,MY9491,0,1,30
C656,C654/3,0:02:12,0,-1,1,MY9491,0,1,40
T360,T363/1,0:02:22,0,-1,1,MY9211,1,1,197
T430,M177,0:02:44,0,-1,1,AC3549,0,1,264
T343,T345/5,0:02:54,0,-1,-1,MY9154,1,1,199
T363/1,T374,0:03:14,0,-1,1,MY9211,0,1,30
C654/3,C653/2,0:03:34,0,-1,1,MY9491,0,1,50
T374,T406,0:03:55,0,-1,1,MY9211,0,1,30
T345/5,T344,0:04:35,0,-1,1,MY9154,0,1,50
C653/2,C692,0:05:15,0,-1,1,MY9491,0,1,50
T344,T356/1,0:05:36,0,-1,1,MY9154,0,1,30
C692,C689/1,0:06:26,0,-1,1,MY9491,0,1,30
T406,T345/1,0:06:57,0,-1,-1,MY9211,0,1,171
T356/1,T358,0:07:17,0,-1,1,MY9154,0,1,60
M177,M198,0:07:37,0,-1,1,AC3549,0,1,151
T358,T373/2,0:07:47,0,-1,1,MY9154,0,1,20
T373/2,T375,0:08:38,0,-1,1,MY9154,0,1,30
M198,M183/2,0:09:08,0,-1,1,AC3549,0,1,80
T345/1,T322,0:09:18,0,-1,-1,MY9211,0,1,101
C689/1,T355/2,0:09:28,0,-1,1,MY9491,0,1,151
M183/2,M140/1,0:09:59,0,-1,1,AC3549,0,1,10
T375,T380,0:10:29,0,-1,1,MY9154,0,1,80
T322,T342,0:10:59,0,-1,-1,MY9211,0,1,90
T355/2,T360,0:11:40,0,-1,1,MY9491,0,1,111
M140/1,M137/2,0:11:50,0,-1,1,AC3549,0,1,70
T380,T359,0:12:10,0,-1,1,MY9154,1,1,91
T342,T409,0:12:10,0,-1,1,MY9211,0,1,50
T359,T355/1,0:13:15,0,-1,1,MY9154,0,1,54
M137/2,M132/1,0:13:15,0,-1,1,AC3549,0,1,30
T360,T376/1,0:13:45,0,-1,1,MY9491,0,1,95
T409,T324/2,0:13:55,0,-1,1,MY9211,1,1,80
M132/1,M200,0:14:15,0,-1,2,AC3549,0,1,10
T376/1,T363/1,0:15:16,0,-1,1,MY9491,0,1,80
T324/2,T327,0:15:16,0,-1,1,MY9211,0,1,50
M200,M201,0:15:57,0,-1,-1,AC3549,0,1,20
T363/1,T374,0:16:07,0,-1,1,MY9491,0,1,30
T327,T326/2,0:16:07,0,-1,1,MY9211,0,1,20
T374,T406,0:16:47,0,-1,1,MY9491,0,1,30
T355/1,C688/1,0:16:57,0,-1,1,MY9154,0,1,202
T326/2,T337,0:16:57,0,-1,1,MY9211,0,1,40
M201,M121,0:17:17,0,-1,1,AC3549,0,1,30
T337,T334,0:17:28,0,-1,1,MY9211,0,1,10
C688/1,C691,0:17:48,0,-1,1,MY9154,0,1,30
T334,T430,0:18:48,0,-1,1,MY9211,0,1,50
M121,M119,0:18:48,0,-1,1,AC3549,0,1,40
C691,C652,0:19:29,0,-1,1,MY9154,0,1,50
T406,T345/1,0:20:19,0,-1,-1,MY9491,0,1,202
M119,M113,0:20:30,0,-1,-1,AC3549,0,1,70
C652,C655,0:20:40,0,-1,1,MY9154,0,1,30
M113,M94,0:21:34,0,-1,-1,AC3549,0,1,34
C655,C657,0:21:44,0,-1,1,MY9154,0,1,44
C657,C686,0:22:15,0,-1,1,MY9154,0,1,20
T345/1,T322,0:22:25,0,-1,-1,MY9491,0,1,105
M94,M95/3,0:22:55,0,-1,-1,AC3549,0,1,40
C686,C656,0:23:05,0,-1,2,MY9154,0,1,30
T430,M177,0:23:36,0,-1,1,MY9211,0,1,277
C656,C654/3,0:24:06,0,-1,2,MY9154,0,1,40
T322,T342,0:24:46,0,-1,-1,MY9491,0,1,111
T342,T409,0:25:37,0,-1,1,MY9491,0,1,30
M177,M198,0:26:37,0,-1,1,MY9211,0,1,131
T409,T368,0:26:58,0,-1,1,MY9491,0,1,50
C654/3,C692,0:27:08,0,-1,1,MY9154,1,1,151
T368,T324/2,0:27:38,0,-1,1,MY9491,0,1,20
C692,C689/1,0:28:08,0,-1,1,MY9154,0,1,50
M198,M183/2,0:28:08,0,-1,2,MY9211,0,1,80
T324/2,T327,0:28:39,0,-1,1,MY9491,0,1,40
T327,T326/2,0:29:09,0,-1,1,MY9491,0,1,20
M183/2,M140/1,0:29:09,0,-1,1,MY9211,0,1,10
T326/2,T337,0:30:32,0,-1,1,MY9491,0,1,52
C689/1,T355/2,0:31:02,0,-1,1,MY9154,0,1,133
T337,T334,0:31:02,0,-1,1,MY9491,0,1,20
M140/1,M137/2,0:31:22,0,-1,1,MY9211,0,1,102
T334,T430,0:32:13,0,-1,1,MY9491,0,1,40
M137/2,M132/1,0:32:34,0,-1,1,MY9211,0,1,41
T355/2,T360,0:32:54,0,-1,1,MY9154,0,1,102
M132/1,M200,0:33:35,0,-1,2,MY9211,0,1,20
T360,T376/1,0:33:45,0,-1,1,MY9154,0,1,40
M200,M201,0:34:15,0,-1,-1,MY9211,0,1,20
M201,M121,0:35:16,0,-1,2,MY9211,0,1,30
T376/1,T363/1,0:35:46,0,-1,1,MY9154,0,1,111
M121,M119,0:36:16,0,-1,1,MY9211,0,1,30
T430,M177,0:36:57,0,-1,1,MY9491,0,1,273
T363/1,T374,0:37:17,0,-1,1,MY9154,0,1,50
T374,T406,0:37:57,0,-1,1,MY9154,0,1,30
M119,M113,0:38:07,0,-1,-1,MY9211,0,1,70
M113,M94,0:38:48,0,-1,-1,MY9211,0,1,30
M94,M95/3,0:39:49,0,-1,-1,MY9211,0,1,30
T406,T345/1,0:40:59,0,-1,-1,MY9154,0,1,171
M177,M183/2,0:41:30,0,-1,2,MY9491,1,1,232
T345/1,T322,0:42:43,0,-1,-1,MY9154,0,1,83
M183/2,M140/1,0:42:53,0,-1,1,MY9491,0,1,43
M140/1,M137/2,0:44:14,0,-1,1,MY9491,0,1,60
T322,T342,0:44:24,0,-1,-1,MY9154,0,1,90
M137/2,M132/1,0:45:15,0,-1,1,MY9491,0,1,40
T342,T409,0:45:35,0,-1,1,MY9154,0,1,40
M132/1,M200,0:46:26,0,-1,2,MY9491,0,1,20
M200,M201,0:47:36,0,-1,-1,MY9491,0,1,20
T409,T324/2,0:48:07,0,-1,1,MY9154,1,1,90
M201,M121,0:48:37,0,-1,1,MY9491,0,1,10
T324/2,T327,0:49:17,0,-1,1,MY9154,0,1,50
M121,M119,0:49:38,0,-1,1,MY9491,0,1,30
T327,T326/2,0:49:58,0,-1,1,MY9154,0,2,30
T326/2,T337,0:50:48,0,-1,1,MY9154,0,2,40
M119,M113,0:50:59,0,-1,-1,MY9491,0,2,60
T337,T334,0:51:19,0,-1,1,MY9154,0,2,20
T334,T430,0:52:09,0,-1,1,MY9154,0,2,40
M113,M94,0:52:50,0,-1,-1,MY9491,0,2,80
M94,M95/3,0:53:32,0,-1,-1,MY9491,0,2,21
T430,M177,0:56:44,0,-1,1,MY9154,0,2,264
M177,M198,0:59:36,0,-1,1,MY9154,0,2,121
M198,M183/2,1:00:56,0,-1,-1,MY9154,0,2,70
M183/2,M140/1,1:02:07,0,-1,-1,MY9154,0,2,30
M140/1,M137/2,1:03:18,0,-1,-1,MY9154,0,2,40
M137/2,M132/1,1:04:08,0,-1,-1,MY9154,0,2,30
M132/1,M200,1:05:09,0,-1,2,MY9154,0,2,20
M200,M201,1:05:39,0,-1,-1,MY9154,0,2,10
M201,M121,1:06:43,0,-1,1,MY9154,0,2,23
M121,M119,1:07:33,0,-1,1,MY9154,0,2,30
M119,M113,1:08:44,0,-1,-1,MY9154,0,2,40
M113,M94,1:09:45,0,-1,-1,MY9154,0,2,40
M94,M95/3,1:10:45,0,-1,-1,MY9154,0,2,30
