startStation,endStation,time,weekday,passengerFlow,trafficCondition,busPlate,passbyNum,weather,arrivalDuration
M1/9,M7/1,6:01:27,3,-1,1,MU9578,0,2,80
M7/1,M16/1,6:05:40,3,0,1,MU9578,0,2,171
M1/9,M7/1,6:07:32,3,-1,1,MX2063,0,2,71
M16/1,M111,6:07:42,3,0,1,MU9578,0,2,40
M111,M112,6:09:44,3,1,1,MU9578,0,2,71
M7/1,M16/1,6:10:45,3,-1,1,MX2063,0,2,102
M112,M127,6:10:55,3,1,1,MU9578,0,2,10
M16/1,M111,6:11:37,3,-1,1,MX2063,0,2,21
M127,M125,6:11:47,3,1,1,MU9578,0,2,21
M125,M135/2,6:13:38,3,2,1,MU9578,0,2,60
M111,M112,6:14:28,3,-1,1,MX2063,0,2,90
M1/9,M7/1,6:15:09,3,-1,1,MW2420,0,2,141
M112,M127,6:15:29,3,-1,1,MX2063,0,2,10
M127,M125,6:16:19,3,-1,1,MX2063,0,2,20
M1/9,M7/1,6:18:14,3,1,1,MX2037,0,2,144
M7/1,M16/1,6:18:34,3,-1,1,MW2420,0,2,144
M125,M135/2,6:18:44,3,-1,1,MX2063,0,2,104
M16/1,M111,6:20:56,3,-1,1,MW2420,0,2,90
M7/1,M16/1,6:21:16,3,1,1,MX2037,0,2,141
M135/2,M161,6:21:26,3,1,-1,MU9578,4,2,427
M161,M70,6:22:06,3,1,-1,MU9578,0,2,10
M16/1,M111,6:22:47,3,2,1,MX2037,0,2,30
M1/9,M7/1,6:23:17,3,-1,1,MX1714,0,2,80
M111,M112,6:24:08,3,-1,1,MW2420,0,2,121
M70,M118,6:24:28,3,1,1,MU9578,0,2,111
M135/2,M161,6:24:38,3,-1,-1,MX2063,4,2,282
M7/1,M16/1,6:24:58,3,-1,1,MX1714,0,2,90
M112,M127,6:25:08,3,-1,1,MW2420,0,2,10
M111,M112,6:25:39,3,1,1,MX2037,0,2,131
M127,M125,6:26:09,3,-1,1,MW2420,0,2,20
M112,M127,6:26:39,3,1,1,MX2037,0,2,10
M70,M118,6:26:39,3,-1,1,MX2063,0,2,70
M16/1,M111,6:27:10,3,-1,1,MX1714,0,2,30
M127,M125,6:27:40,3,1,1,MX2037,0,2,20
M125,M135/2,6:28:20,3,-1,1,MW2420,0,2,80
M125,M135/2,6:29:45,3,1,1,MX2037,0,2,94
M111,M112,6:30:46,3,-1,1,MX1714,0,2,91
M7/1,M16/1,6:31:17,3,-1,1,MX1711,0,2,71
M112,M127,6:31:37,3,-1,1,MX1714,0,2,10
M127,M125,6:32:27,3,-1,1,MX1714,0,2,30
M16/1,M111,6:33:18,3,-1,1,MX1711,0,2,10
M1/9,M7/1,6:34:18,3,-1,1,MX1601,0,2,90
M125,M135/2,6:34:39,3,-1,1,MX1714,0,2,90
M135/2,M161,6:35:19,3,-1,-1,MW2420,4,2,374
M111,M112,6:35:39,3,-1,2,MX1711,0,2,90
M161,M70,6:35:59,3,-1,-1,MW2420,0,2,10
M112,M127,6:36:34,3,-1,1,MX1711,0,2,24
M135/2,M161,6:36:54,3,0,-1,MX2037,4,2,389
M127,M125,6:37:14,3,-1,1,MX1711,0,2,20
M7/1,M16/1,6:37:35,3,-1,1,MX1601,0,2,155
M161,M70,6:37:35,3,0,-1,MX2037,0,2,10
M70,M118,6:37:35,3,-1,1,MW2420,0,2,60
M70,M118,6:39:06,3,0,1,MX2037,0,2,40
M125,M135/2,6:39:36,3,-1,1,MX1711,0,2,101
M16/1,M111,6:39:56,3,-1,1,MX1601,0,2,60
M1/9,M7/1,6:40:57,3,2,1,MX1240,0,2,90
M135/2,M161,6:42:28,3,-1,-1,MX1714,4,2,428
M161,M70,6:43:08,3,-1,-1,MX1714,0,2,10
M111,M112,6:43:18,3,-1,2,MX1601,0,2,121
M7/1,M16/1,6:44:09,3,2,1,MX1240,0,2,161
M112,M127,6:45:29,3,-1,1,MX1601,0,2,20
M70,M118,6:45:29,3,-1,1,MX1714,0,2,111
M16/1,M111,6:46:20,3,2,1,MX1240,0,2,70
M135/2,M161,6:46:42,3,-1,-1,MX1711,4,2,375
M1/9,M7/1,6:47:02,3,0,1,MX1721,0,2,133
M127,M125,6:47:02,3,-1,1,MX1601,0,2,20
M161,M70,6:47:02,3,-1,-1,MX1711,0,2,10
M70,M118,6:48:33,3,-1,1,MX1711,0,2,70
M125,M135/2,6:49:24,3,-1,1,MX1601,0,2,50
M111,M112,6:49:44,3,3,1,MX1240,0,2,131
M7/1,M16/1,6:50:35,3,2,1,MX1721,0,2,161
M112,M127,6:50:55,3,3,1,MX1240,0,2,20
M127,M125,6:52:05,3,3,1,MX1240,0,2,40
M16/1,M111,6:52:47,3,2,1,MX1721,0,2,81
M1/9,M7/1,6:53:27,3,3,1,MX2193,0,2,152
M125,M135/2,6:53:47,3,3,1,MX1240,0,2,81
M111,M112,6:55:59,3,1,2,MX1721,0,2,121
M7/1,M16/1,6:56:49,3,3,1,MX2193,0,2,171
M112,M127,6:57:09,3,1,1,MX1721,0,2,20
M135/2,M161,6:57:19,3,-1,-1,MX1601,4,2,404
M127,M125,6:58:00,3,1,1,MX1721,0,2,20
M161,M70,6:58:00,3,-1,-1,MX1601,0,2,10
M1/9,M7/1,6:58:20,3,2,1,MU9578,0,2,60
M70,M118,6:58:54,3,-1,1,MX1601,0,2,10
M16/1,M111,6:59:14,3,3,1,MX2193,0,2,84
M125,M135/2,7:00:25,3,1,1,MX1721,0,2,101
M135/2,M161,7:00:25,3,4,-1,MX1240,4,2,347
M161,M70,7:00:55,3,4,-1,MX1240,0,2,20
M7/1,M16/1,7:01:26,3,2,1,MU9578,0,2,151
M16/1,M111,7:01:36,3,-1,1,MW2693,0,2,20
M111,M112,7:02:16,3,4,2,MX2193,0,2,80
M16/1,M111,7:03:37,3,1,1,MU9578,0,2,60
M112,M127,7:03:37,3,4,1,MX2193,0,2,30
M111,M112,7:03:57,3,-1,2,MW2693,0,2,60
M70,M118,7:04:38,3,4,1,MX1240,0,2,202
M1/9,M7/1,7:04:48,3,-1,1,MX2141,0,2,80
M127,M125,7:04:58,3,4,1,MX2193,0,2,30
M112,M127,7:05:18,3,-1,1,MW2693,0,2,20
M111,M112,7:05:48,3,1,2,MU9578,0,2,90
M127,M125,7:06:29,3,-1,1,MW2693,0,2,20
M125,M135/2,7:06:49,3,5,1,MX2193,0,2,40
M112,M127,7:06:59,3,2,1,MU9578,0,2,20
M135/2,M161,7:08:10,3,0,-1,MX1721,4,2,373
M125,M135/2,7:08:31,3,-1,1,MW2693,0,2,41
M135/2,M170/2,7:08:31,3,5,1,MX2193,0,2,41
M7/1,M16/1,7:08:52,3,-1,1,MX2141,0,2,203
M127,M125,7:08:52,3,2,1,MU9578,0,2,31
M161,M70,7:08:52,3,0,-1,MX1721,0,2,10
M16/1,M111,7:10:12,3,2,1,MX2141,0,2,20
M125,M135/2,7:10:23,3,2,1,MU9578,0,2,40
M70,M118,7:10:55,3,0,1,MX1721,0,2,82
M1/9,M7/1,7:12:36,3,-1,1,MX1983,0,2,133
M111,M112,7:12:36,3,2,2,MX2141,0,2,50
M112,M127,7:14:37,3,3,1,MX2141,0,2,50
M170/2,M161,7:15:28,3,5,-1,MX2193,3,2,365
M1/9,M7/1,7:15:58,3,-1,1,MW2420,0,2,121
M7/1,M16/1,7:16:08,3,-1,1,MX1983,0,2,151
M161,M70,7:16:08,3,5,-1,MX2193,0,2,10
M111,M112,7:16:59,3,-1,1,MX2063,0,2,40
M127,M125,7:16:59,3,3,1,MX2141,0,2,30
M135/2,M70,7:17:39,3,-1,-1,MW2693,5,2,487
M135/2,M161,7:17:59,3,3,-1,MU9578,4,2,404
M16/1,M111,7:18:34,3,-1,1,MX1983,0,2,74
M161,M70,7:18:44,3,3,-1,MU9578,0,2,24
M70,M118,7:18:44,3,5,1,MX2193,0,2,114
M112,M127,7:19:04,3,-1,1,MX2063,0,2,20
M7/1,M16/1,7:19:55,3,-1,1,MW2420,0,2,185
M127,M125,7:20:25,3,-1,1,MX2063,0,2,30
M70,M118,7:20:45,3,-1,1,MW2693,0,2,145
M111,M112,7:21:36,3,-1,1,MX1983,0,2,80
M125,M135/2,7:21:56,3,3,1,MX2141,0,2,182
M1/9,M7/1,7:22:26,3,1,1,MX2037,0,2,80
M112,M127,7:22:36,3,-1,1,MX1983,0,2,20
M125,M135/2,7:22:36,3,-1,1,MX2063,0,2,91
M16/1,M111,7:22:57,3,-1,1,MW2420,0,2,80
M127,M125,7:23:57,3,-1,1,MX1983,0,2,20
M111,M112,7:25:28,3,-1,1,MW2420,0,2,60
M7/1,M16/1,7:25:48,3,4,1,MX2037,0,2,141
M125,M135/2,7:25:48,3,-1,1,MX1983,0,2,70
M16/1,M111,7:27:30,3,4,1,MX2037,0,2,40
M112,M127,7:27:50,3,-1,1,MW2420,0,2,60
M127,M125,7:29:03,3,-1,1,MW2420,0,2,42
M111,M112,7:30:05,3,3,1,MX2037,0,2,51
M125,M135/2,7:30:56,3,-1,1,MW2420,0,2,50
M135/2,M161,7:30:56,3,4,-1,MX2141,4,2,468
M135/2,M161,7:31:26,3,-1,-1,MX2063,4,2,438
M161,M70,7:31:46,3,4,-1,MX2141,0,2,20
M161,M70,7:32:17,3,-1,-1,MX2063,0,2,20
M112,M127,7:32:47,3,3,1,MX2037,0,2,30
M70,M118,7:33:27,3,4,1,MX2141,0,2,50
M127,M125,7:34:18,3,3,1,MX2037,0,2,40
M7/1,M16/1,7:35:39,3,-1,1,MX1714,0,2,202
M70,M118,7:35:59,3,-1,1,MX2063,0,2,182
M125,M135/2,7:36:40,3,3,1,MX2037,0,2,91
M135/2,M161,7:36:50,3,-1,-1,MX1983,4,2,446
M161,M70,7:37:33,3,-1,-1,MX1983,0,2,13
M16/1,M111,7:37:54,3,-1,1,MX1714,0,2,33
M1/9,M7/1,7:38:24,3,4,1,MX2215,0,2,377
M135/2,M161,7:38:44,3,-1,-1,MW2420,4,2,397
M161,M70,7:39:35,3,-1,-1,MW2420,0,2,10
M111,M112,7:40:38,3,-1,1,MX1714,0,2,52
M7/1,M16/1,7:40:58,3,4,1,MX2215,0,2,133
M70,M118,7:40:58,3,-1,1,MX1983,0,2,174
M70,M118,7:41:18,3,-1,1,MW2420,0,2,61
M112,M127,7:42:09,3,-1,1,MX1714,0,2,50
M16/1,M111,7:44:11,3,4,1,MX2215,0,2,121
M127,M125,7:44:11,3,-1,1,MX1714,0,2,40
M135/2,M161,7:45:45,3,1,-1,MX2037,4,2,471
M161,M70,7:46:35,3,1,-1,MX2037,0,2,10
M125,M135/2,7:47:06,3,-1,1,MX1714,0,2,81
M111,M112,7:47:58,3,4,1,MX2215,0,2,102
M70,M118,7:48:28,3,0,1,MX2037,0,2,82
M7/1,M16/1,7:49:08,3,-1,1,MX1711,0,2,193
M1/9,M7/1,7:50:50,3,-1,1,MX1601,0,2,121
M112,M127,7:51:10,3,4,1,MX2215,0,2,91
M127,M125,7:52:35,3,4,1,MX2215,0,2,30
M16/1,M111,7:54:26,3,-1,1,MX1711,0,2,161
M125,M135/2,7:54:57,3,4,1,MX2215,0,2,70
M7/1,M16/1,7:55:07,3,-1,2,MX1601,0,2,171
M135/2,M161,7:57:18,3,-1,-1,MX1714,4,2,540
M111,M112,7:57:59,3,-1,1,MX1711,0,2,70
M161,M70,7:58:39,3,-1,-1,MX1714,0,2,20
M16/1,M111,7:59:33,3,-1,1,MX1601,0,2,114
M112,M127,8:00:44,3,-1,1,MX1711,0,2,50
M70,M118,8:00:54,3,-1,2,MX1714,0,2,104
M111,M112,8:02:06,3,-1,2,MX1601,0,2,41
M127,M125,8:02:37,3,-1,1,MX1711,0,2,40
M112,M127,8:05:08,3,-1,1,MX1601,0,2,60
M135/2,M161,8:05:32,3,2,-1,MX2215,4,2,565
M125,M135/2,8:05:53,3,-1,2,MX1711,0,2,104
M161,M70,8:06:13,3,2,-1,MX2215,0,2,20
M127,M125,8:07:35,3,-1,1,MX1601,0,2,40
M70,M118,8:08:16,3,1,2,MX2215,0,2,30
M1/9,M7/1,8:09:47,3,3,2,MX2193,0,2,172
M7/1,M16/1,8:09:47,3,3,2,MX1721,0,2,254
M125,M135/2,8:10:58,3,-1,2,MX1601,0,2,101
M1/9,M7/1,8:11:28,3,-1,2,MW2693,0,2,81
M135/2,M161,8:15:56,3,-1,-1,MX1711,4,2,530
M1/9,M7/1,8:16:36,3,3,2,MU9578,0,2,206
M16/1,M111,8:16:36,3,3,2,MX1721,0,2,112
M161,M70,8:16:36,3,-1,-1,MX1711,0,2,20
M7/1,M16/1,8:17:17,3,4,2,MX2193,0,2,358
M70,M118,8:17:37,3,-1,2,MX1711,0,2,40
M7/1,M16/1,8:19:08,3,-1,2,MW2693,0,2,399
M16/1,M111,8:20:29,3,5,2,MX2193,0,2,70
M111,M112,8:21:10,3,4,2,MX1721,0,2,101
M135/2,M161,8:21:20,3,-1,-1,MX1601,4,2,480
M1/9,M7/1,8:21:44,3,0,2,MX2141,0,2,175
M7/1,M16/1,8:22:14,3,5,2,MU9578,0,2,246
M16/1,M111,8:22:24,3,-1,2,MW2693,0,2,114
M70,M118,8:23:25,3,-1,2,MX1601,0,2,30
M112,M127,8:23:35,3,4,2,MX1721,0,2,30
M111,M112,8:25:06,3,5,2,MX2193,0,2,161
M127,M125,8:25:06,3,4,2,MX1721,0,2,60
M111,M112,8:25:16,3,-1,2,MW2693,0,2,70
M16/1,M111,8:26:27,3,5,1,MU9578,0,2,121
M7/1,M16/1,8:26:37,3,4,2,MX2141,0,2,202
M1/9,M7/1,8:26:57,3,-1,2,MX2063,0,2,151
M125,M135/2,8:27:38,3,4,2,MX1721,0,2,70
M112,M127,8:30:00,3,5,2,MX2193,0,2,162
M112,M127,8:30:10,3,-1,2,MW2693,0,2,101
M111,M112,8:30:20,3,5,2,MU9578,0,2,141
M7/1,M16/1,8:31:11,3,-1,2,MX2063,0,2,202
M16/1,M111,8:31:21,3,4,1,MX2141,0,2,172
M127,M125,8:32:05,3,5,1,MX2193,0,2,64
M127,M125,8:32:16,3,-1,1,MW2693,0,2,64
M112,M127,8:33:57,3,5,2,MU9578,0,2,60
M111,M112,8:34:47,3,4,2,MX2141,0,2,101
M125,M135/2,8:34:57,3,5,1,MX2193,0,2,60
M125,M135/2,8:35:08,3,-1,1,MW2693,0,2,70
M16/1,M111,8:35:28,3,-1,2,MX2063,0,2,141
M127,M125,8:36:18,3,5,1,MU9578,0,2,50
M111,M112,8:39:13,3,-1,2,MX2063,0,2,114
M125,M135/2,8:39:13,3,5,1,MU9578,0,2,83
M135/2,M161,8:39:55,3,0,-1,MX1721,4,2,615
M161,M70,8:40:45,3,0,-1,MX1721,0,2,10
M112,M127,8:41:06,3,4,2,MX2141,0,2,152
M70,M118,8:43:17,3,0,1,MX1721,0,2,101
M127,M125,8:43:38,3,5,1,MX2141,0,2,70
M1/9,M7/1,8:44:18,3,4,2,MX2037,0,2,141
M112,M127,8:44:48,3,-1,2,MX2063,0,2,141
M127,M125,8:46:32,3,-1,1,MX2063,0,2,52
M125,M135/2,8:47:22,3,5,2,MX2141,0,2,93
M7/1,M16/1,8:48:13,3,4,2,MX2037,0,2,184
M1/9,M7/1,8:49:36,3,-1,1,MX1714,0,2,93
M125,M135/2,8:49:36,3,-1,2,MX2063,0,2,133
M161,M70,8:49:36,3,5,-1,MX2193,0,2,30
M16/1,M111,8:50:06,3,5,2,MX2037,0,2,30
M161,M70,8:50:06,3,-1,-1,MW2693,0,2,30
M70,M118,8:50:37,3,5,1,MX2193,0,2,20
M7/1,M16/1,8:52:58,3,-1,2,MX1714,0,2,121
M111,M112,8:52:58,3,3,3,MX2037,0,2,80
M161,M70,8:52:58,3,5,-1,MU9578,0,2,10
M112,M127,8:55:50,3,4,2,MX2037,0,2,40
M70,M118,8:56:44,3,5,1,MU9578,0,2,216
M16/1,M111,8:56:54,3,-1,2,MX1714,0,2,135
M127,M125,8:58:26,3,3,1,MX2037,0,2,81
M111,M112,9:00:27,3,-1,-1,MX1714,0,2,111
M135/2,M161,9:00:47,3,-1,-1,MX2063,4,2,610
M70,M118,9:00:57,3,-1,-1,MW2693,0,2,620
M125,M135/2,9:01:48,3,3,-1,MX2037,0,2,161
M161,M70,9:01:58,3,5,-1,MX2141,0,2,20
M112,M127,9:02:08,3,-1,-1,MX1714,0,2,60
M161,M70,9:02:08,3,-1,-1,MX2063,0,2,30
M70,M118,9:03:29,3,-1,-1,MX2063,0,2,40
M127,M125,9:03:49,3,-1,-1,MX1714,0,2,40
M70,M118,9:03:49,3,5,-1,MX2141,0,2,60
M1/9,M7/1,9:06:26,3,4,2,MX2215,0,2,379
M125,M135/2,9:07:48,3,-1,2,MX1714,0,2,122
M7/1,M16/1,9:08:48,3,4,2,MX2215,0,2,122
M16/1,M111,9:11:34,3,4,2,MX2215,0,2,112
M7/1,M16/1,9:13:46,3,-1,2,MX1711,0,2,172
M111,M112,9:15:06,3,4,2,MX2215,0,2,91
M16/1,M111,9:16:07,3,-1,1,MX1711,0,2,30
M161,M70,9:16:48,3,1,-1,MX2037,0,2,20
M70,M118,9:18:29,3,1,1,MX2037,0,2,50
M112,M127,9:18:49,3,4,2,MX2215,0,2,111
M111,M112,9:18:59,3,-1,2,MX1711,0,2,70
M127,M125,9:20:30,3,4,2,MX2215,0,2,70
M161,M70,9:21:43,3,-1,-1,MX1714,0,2,32
M112,M127,9:22:24,3,-1,2,MX1711,0,2,113
M70,M118,9:23:14,3,-1,1,MX1714,0,2,50
M1/9,M7/1,9:24:05,3,1,2,MX1240,0,2,184
M125,M135/2,9:24:05,3,4,2,MX2215,0,2,91
M127,M125,9:24:25,3,-1,2,MX1711,0,2,50
M125,M135/2,9:26:26,3,-1,1,MX1711,0,2,60
M7/1,M16/1,9:27:47,3,2,1,MX1240,0,2,151
M1/9,M7/1,9:30:39,3,2,1,MX1721,0,2,171
M16/1,M111,9:32:54,3,3,2,MX1240,0,2,195
M7/1,M16/1,9:34:56,3,2,1,MX1721,0,2,236
M111,M112,9:35:46,3,3,2,MX1240,0,2,121
M135/2,M161,9:36:37,3,-1,-1,MX1711,4,2,539
M161,M70,9:37:07,3,0,-1,MX2215,0,2,10
M161,M70,9:37:47,3,-1,-1,MX1711,0,2,20
M1/9,M7/1,9:38:28,3,4,2,MX2193,0,2,121
M70,M118,9:38:48,3,0,1,MX2215,0,2,70
M112,M127,9:38:58,3,3,2,MX1240,0,2,100
M70,M118,9:39:08,3,-1,1,MX1711,0,2,60
M16/1,M111,9:40:49,3,1,-1,MX1721,0,2,111
M127,M125,9:41:09,3,4,-1,MX1240,0,2,50
M1/9,M7/1,9:43:16,3,3,-1,MU9578,0,2,147
M7/1,M16/1,9:43:26,3,5,-1,MX2193,0,2,157
M125,M135/2,9:44:58,3,5,-1,MX1240,0,2,141
M111,M112,9:45:08,3,1,2,MX1721,0,2,111
M7/1,M16/1,9:47:29,3,3,3,MU9578,0,2,202
M16/1,M111,9:47:29,3,5,1,MX2193,0,2,101
M112,M127,9:47:29,3,1,2,MX1721,0,2,30
M127,M125,9:49:34,3,1,1,MX1721,0,2,64
M16/1,M111,9:49:54,3,3,1,MU9578,0,2,54
M111,M112,9:50:25,3,5,2,MX2193,0,2,74
M125,M135/2,9:52:16,3,1,1,MX1721,0,2,121
M112,M127,9:53:26,3,5,2,MX2193,0,2,80
M111,M112,9:54:37,3,3,2,MU9578,0,2,101
M127,M125,9:55:38,3,5,2,MX2193,0,2,60
M112,M127,9:57:19,3,4,2,MU9578,0,2,90
M125,M135/2,9:58:19,3,5,1,MX2193,0,2,80
M161,M70,9:58:29,3,5,-1,MX1240,0,2,10
M127,M125,9:58:50,3,4,2,MU9578,0,2,50
M1/9,M7/1,9:59:10,3,5,2,MX2141,0,2,202
M70,M118,9:59:54,3,5,1,MX1240,0,2,54
M125,M135/2,10:01:45,3,4,1,MU9578,0,2,111
M135/2,M161,10:03:16,3,0,-1,MX1721,4,2,599
M161,M70,10:04:27,3,0,-1,MX1721,0,2,20
M7/1,M16/1,10:04:37,3,3,2,MX2141,0,2,232
M70,M118,10:05:47,3,0,1,MX1721,0,2,40
M127,M125,10:07:08,3,-1,1,MX2063,0,2,20
M16/1,M111,10:08:39,3,3,1,MX2141,0,2,111
M125,M135/2,10:10:44,3,-1,1,MX2063,0,2,54
M111,M112,10:13:07,3,4,1,MX2141,0,2,132
M161,M70,10:14:17,3,5,-1,MX2193,0,2,20
M70,M118,10:15:18,3,5,1,MX2193,0,2,40
M112,M127,10:15:38,3,4,1,MX2141,0,2,50
M161,M70,10:15:59,3,4,-1,MU9578,0,2,20
M127,M125,10:18:04,3,4,1,MX2141,0,2,40
M70,M118,10:18:04,3,4,1,MU9578,0,2,80
M125,M135/2,10:20:25,3,5,1,MX2141,0,2,60
M135/2,M161,10:21:36,3,-1,-1,MX2063,4,2,601
M161,M70,10:22:26,3,-1,-1,MX2063,0,2,10
M70,M118,10:23:47,3,-1,1,MX2063,0,2,50
M16/1,M111,10:24:18,3,-1,1,MX2239,0,2,30
M1/9,M7/1,10:24:28,3,3,1,MX2215,0,2,272
M111,M112,10:27:50,3,-1,2,MX2239,0,2,111
M7/1,M16/1,10:29:23,3,3,2,MX2215,0,2,285
M112,M127,10:30:24,3,-1,2,MX2239,0,2,134
M16/1,M111,10:32:25,3,4,1,MX2215,0,2,111
M127,M125,10:32:25,3,-1,1,MX2239,0,2,40
M135/2,M161,10:33:06,3,5,-1,MX2141,4,2,598
M161,M70,10:34:06,3,5,-1,MX2141,0,2,10
M111,M112,10:35:27,3,3,1,MX2215,0,2,50
M125,M135/2,10:35:57,3,-1,1,MX2239,0,2,90
M1/9,M7/1,10:36:07,3,-1,2,MW2420,0,2,111
M70,M118,10:36:07,3,5,1,MX2141,0,2,70
M7/1,M16/1,10:36:38,3,-1,2,AA7029,0,2,161
M112,M127,10:37:38,3,3,2,MX2215,0,2,30
M127,M125,10:38:59,3,3,1,MX2215,0,2,30
M16/1,M111,10:39:20,3,-1,1,AA7029,0,2,91
M7/1,M16/1,10:40:01,3,-1,2,MW2420,0,2,183
M125,M135/2,10:42:23,3,4,1,MX2215,0,2,90
M16/1,M111,10:43:04,3,-1,1,MW2420,0,2,122
M111,M112,10:43:04,3,-1,2,AA7029,0,2,122
M112,M127,10:45:36,3,-1,2,AA7029,0,2,40
M111,M112,10:46:16,3,-1,1,MW2420,0,2,90
M135/2,M161,10:46:57,3,-1,-1,MX2239,4,2,558
M127,M125,10:47:37,3,-1,2,AA7029,0,2,30
M1/9,M7/1,10:47:57,3,3,2,MX2037,0,2,161
M161,M70,10:47:57,3,-1,-1,MX2239,0,2,10
M112,M127,10:48:48,3,-1,2,MW2420,0,2,40
M70,M118,10:48:48,3,-1,1,MX2239,0,2,10
M127,M125,10:50:59,3,-1,1,MW2420,0,2,40
M125,M135/2,10:51:19,3,-1,1,AA7029,0,2,161
M7/1,M16/1,10:52:10,3,4,2,MX2037,0,2,151
M16/1,M111,10:54:25,3,4,1,MX2037,0,2,40
M125,M135/2,10:54:45,3,-1,1,MW2420,0,2,155
M161,M70,10:56:36,3,1,-1,MX2215,0,2,20
M7/1,M16/1,10:57:17,3,-1,1,MX1714,0,2,191
M111,M112,10:57:57,3,3,1,MX2037,0,2,111
M70,M118,10:59:28,3,0,1,MX2215,0,2,121
M16/1,M111,11:00:08,3,-1,1,MX1714,0,2,121
M112,M127,11:00:08,3,4,1,MX2037,0,2,40
M135/2,M161,11:01:19,3,-1,-1,AA7029,4,2,569
M161,M70,11:01:59,3,-1,-1,AA7029,0,2,10
M127,M125,11:02:20,3,4,2,MX2037,0,2,30
M111,M112,11:03:10,3,-1,1,MX1714,0,2,60
M70,M118,11:03:45,3,-1,1,AA7029,0,2,54
M125,M135/2,11:05:05,3,4,1,MX2037,0,2,70
M7/1,M16/1,11:05:46,3,-1,1,MX1711,0,2,185
M112,M127,11:05:46,3,-1,1,MX1714,0,2,50
M127,M125,11:06:56,3,-1,1,MX1714,0,2,40
M16/1,M111,11:07:07,3,-1,1,MX1711,0,2,20
M161,M70,11:10:09,3,-1,-1,MW2420,0,2,10
M125,M135/2,11:10:29,3,-1,2,MX1714,0,2,171
M111,M112,11:10:39,3,-1,1,MX1711,0,2,100
M70,M118,11:11:09,3,-1,1,MW2420,0,2,20
M112,M127,11:11:29,3,-1,2,MX1711,0,2,40
M1/9,M7/1,11:11:39,3,-1,1,MX1601,0,2,121
M127,M125,11:12:10,3,-1,1,MX1711,0,2,30
M135/2,M161,11:13:34,3,3,-1,MX2037,4,2,417
M125,M135/2,11:13:54,3,-1,2,MX1711,0,2,70
M161,M70,11:14:55,3,2,-1,MX2037,0,2,30
M7/1,M16/1,11:16:26,3,-1,2,MX1601,0,2,111
M70,M118,11:17:06,3,1,2,MX2037,0,2,80
M16/1,M111,11:17:56,3,-1,1,MX1601,0,2,30
M1/9,M7/1,11:19:17,3,2,2,MX1240,0,2,201
M135/2,M161,11:19:48,3,-1,-1,MX1714,4,2,477
M161,M70,11:21:18,3,-1,-1,MX1714,0,2,30
M111,M112,11:21:29,3,-1,2,MX1601,0,2,101
M7/1,M16/1,11:22:49,3,2,1,MX1240,0,2,171
M70,M118,11:23:09,3,-1,2,MX1714,0,2,80
M112,M127,11:23:32,3,-1,1,MX1601,0,2,62
M135/2,M161,11:23:32,3,-1,-1,MX1711,4,2,496
M16/1,M111,11:24:12,3,2,1,MX1240,0,2,20
M161,M70,11:24:44,3,-1,-1,MX1711,0,2,10
M127,M125,11:26:46,3,-1,1,MX1601,0,2,50
M111,M112,11:26:56,3,2,1,MX1240,0,2,60
M70,M118,11:28:37,3,-1,2,MX1711,0,2,212
M1/9,M7/1,11:28:47,3,0,1,MX1721,0,2,111
M112,M127,11:29:07,3,3,1,MX1240,0,2,20
M7/1,M16/1,11:29:37,3,1,2,MX2141,0,2,171
M127,M125,11:29:58,3,3,1,MX1240,0,2,40
M16/1,M111,11:30:48,3,1,1,MX2141,0,2,20
M125,M135/2,11:31:18,3,-1,1,MX1601,0,2,151
M7/1,M16/1,11:31:49,3,4,1,MX1721,0,2,131
M16/1,M111,11:33:00,3,3,1,MX1721,0,2,30
M125,M135/2,11:33:44,3,3,1,MX1240,0,2,114
M111,M112,11:34:34,3,1,1,MX2141,0,2,135
M1/9,M7/1,11:35:25,3,2,1,MX2193,0,2,125
M112,M127,11:36:35,3,2,1,MX2141,0,2,30
M1/9,M16/1,11:37:56,3,-1,1,MX2239,1,2,478
M111,M112,11:37:56,3,3,1,MX1721,0,2,171
M127,M125,11:37:56,3,2,1,MX2141,0,2,40
M112,M127,11:39:38,3,3,1,MX1721,0,2,20
M7/1,M16/1,11:40:48,3,2,1,MX2193,0,2,192
M16/1,M111,11:41:08,3,-1,1,MX2239,0,2,131
M1/9,M7/1,11:41:39,3,-1,1,MW2693,0,2,121
M127,M125,11:41:39,3,3,2,MX1721,0,2,40
M125,M135/2,11:42:09,3,1,1,MX2141,0,2,181
M16/1,M111,11:43:33,3,2,1,MX2193,0,2,64
M111,M112,11:44:24,3,-1,1,MX2239,0,2,84
M125,M135/2,11:45:15,3,3,1,MX1721,0,2,91
M7/1,M16/1,11:45:25,3,-1,1,MW2693,0,2,175
M112,M127,11:46:46,3,-1,1,MX2239,0,2,60
M161,M70,11:46:56,3,-1,-1,MX1601,0,2,20
M111,M112,11:47:26,3,2,1,MX2193,0,2,101
M16/1,M111,11:47:46,3,-1,1,MW2693,0,2,60
M7/1,M16/1,11:48:37,3,2,1,MU9578,0,2,172
M161,M70,11:48:37,3,3,-1,MX1240,0,2,40
M70,M118,11:48:57,3,-1,2,MX1601,0,2,70
M112,M127,11:49:17,3,3,1,MX2193,0,2,40
M127,M125,11:49:17,3,-1,1,MX2239,0,2,30
M16/1,M111,11:49:48,3,3,1,MU9578,0,2,20
M70,M118,11:50:28,3,3,2,MX1240,0,2,90
M111,M112,11:51:49,3,-1,1,MW2693,0,2,121
M127,M125,11:52:34,3,3,1,MX2193,0,2,105
M112,M127,11:53:15,3,-1,1,MW2693,0,2,30
M111,M112,11:53:25,3,3,1,MU9578,0,2,115
M125,M135/2,11:53:55,3,-1,1,MX2239,0,2,176
M127,M125,11:54:46,3,-1,1,MW2693,0,2,50
M112,M127,11:55:16,3,3,1,MU9578,0,2,80
M125,M135/2,11:56:07,3,3,1,MX2193,0,2,111
M135/2,M161,11:56:17,3,1,-1,MX1721,4,2,581
M127,M125,11:56:57,3,3,1,MU9578,0,2,60
M161,M70,11:57:07,3,0,-1,MX2141,0,2,10
M161,M70,11:57:37,3,0,-1,MX1721,0,2,20
M70,M118,11:59:49,3,0,1,MX2141,0,2,90
M125,M135/2,11:59:59,3,-1,1,MW2693,0,2,202
M70,M118,12:00:19,3,0,1,MX1721,0,2,121
M125,M135/2,12:01:32,3,3,2,MU9578,0,2,173
M111,M112,12:03:13,3,-1,1,MX2063,0,2,50
M112,M127,12:04:37,3,-1,1,MX2063,0,2,32
M7/1,M16/1,12:04:47,3,-1,1,AA7029,0,2,174
M135/2,M161,12:05:17,3,-1,-1,MX2239,4,2,510
M127,M125,12:05:58,3,-1,1,MX2063,0,2,40
M161,M70,12:06:28,3,-1,-1,MX2239,0,2,20
M135/2,M161,12:06:49,3,3,-1,MX2193,4,2,490
M16/1,M111,12:07:09,3,-1,1,AA7029,0,2,81
M161,M70,12:08:09,3,3,-1,MX2193,0,2,50
M70,M118,12:08:09,3,-1,1,MX2239,0,2,60
M1/9,M7/1,12:08:50,3,5,1,MX2037,0,2,161
M70,M118,12:09:10,3,3,1,MX2193,0,2,30
M125,M135/2,12:09:20,3,-1,2,MX2063,0,2,161
M111,M112,12:10:23,3,-1,1,AA7029,0,2,113
M7/1,M16/1,12:12:35,3,5,2,MX2037,0,2,102
M112,M127,12:12:45,3,-1,1,AA7029,0,2,60
M1/9,M7/1,12:13:36,3,-1,2,MX1714,0,2,70
M127,M125,12:14:06,3,-1,1,AA7029,0,2,30
M161,M70,12:15:07,3,-1,-1,MW2693,0,2,20
M161,M70,12:15:27,3,3,-1,MU9578,0,2,40
M16/1,M111,12:15:37,3,5,1,MX2037,0,2,141
M125,M135/2,12:16:48,3,-1,1,AA7029,0,2,90
M70,M118,12:16:48,3,-1,1,MW2693,0,2,50
M70,M118,12:16:58,3,3,1,MU9578,0,2,50
M7/1,M16/1,12:17:38,3,-1,2,MX1714,0,2,191
M111,M112,12:19:40,3,5,1,MX2037,0,2,151
M16/1,M111,12:20:00,3,-1,1,MX1714,0,2,20
M112,M127,12:21:33,3,5,1,MX2037,0,2,10
M127,M125,12:22:44,3,5,2,MX2037,0,2,20
M111,M112,12:23:05,3,-1,1,MX1714,0,2,71
M161,M70,12:24:36,3,-1,-1,MX2063,0,2,20
M125,M135/2,12:24:56,3,5,1,MX2037,0,2,60
M112,M127,12:25:26,3,-1,1,MX1714,0,2,30
M7/1,M16/1,12:26:17,3,-1,1,MX1711,0,2,141
M127,M125,12:26:47,3,-1,2,MX1714,0,2,60
M16/1,M111,12:28:28,3,-1,1,MX1711,0,2,30
M70,M118,12:30:19,3,-1,1,MX2063,0,2,302
M125,M135/2,12:30:29,3,-1,1,MX1714,0,2,141
M111,M112,12:32:10,3,-1,1,MX1711,0,2,111
M70,M118,12:32:54,3,-1,1,AA7029,0,2,114
M112,M127,12:33:04,3,-1,1,MX1711,0,2,20
M127,M125,12:34:15,3,-1,1,MX1711,0,2,30
M135/2,M161,12:35:16,3,3,-1,MX2037,4,2,549
M161,M70,12:36:17,3,3,-1,MX2037,0,2,20
M125,M135/2,12:37:27,3,-1,1,MX1711,0,2,151
M70,M118,12:37:47,3,2,1,MX2037,0,2,40
M1/9,M7/1,12:39:19,3,-1,1,AA7020,0,2,448
M135/2,M161,12:40:43,3,-1,-1,MX1714,4,2,543
M161,M70,12:41:43,3,-1,-1,MX1714,0,2,20
M1/9,M7/1,12:42:34,3,3,1,MX1240,0,2,111
M7/1,M16/1,12:42:34,3,-1,1,AA7020,0,2,121
M70,M118,12:43:15,3,-1,1,MX1714,0,2,60
M16/1,M111,12:46:27,3,-1,1,AA7020,0,2,141
M7/1,M16/1,12:47:27,3,4,1,MX1240,0,2,162
M135/2,M161,12:47:58,3,-1,-1,MX1711,4,2,508
M111,M112,12:48:38,3,-1,1,AA7020,0,2,70
M161,M70,12:49:09,3,-1,-1,MX1711,0,2,10
M70,M118,12:50:30,3,-1,1,MX1711,0,2,40
M112,M127,12:52:14,3,-1,1,AA7020,0,2,63
M16/1,M111,12:52:45,3,4,1,MX1240,0,2,226
M127,M125,12:53:35,3,-1,1,AA7020,0,2,30
M1/9,M7/1,12:55:27,3,0,2,MX1721,0,2,111
M111,M112,12:55:37,3,4,1,MX1240,0,2,90
M125,M135/2,12:56:37,3,-1,1,AA7020,0,2,101
M112,M127,12:57:28,3,4,1,MX1240,0,2,10
M127,M125,12:58:49,3,4,1,MX1240,0,2,30
M7/1,M16/1,12:59:10,3,2,2,MX1721,0,2,121
M125,M135/2,13:01:14,3,4,-1,MX1240,0,2,100
M1/9,M7/1,13:01:54,3,2,-1,MX2193,0,2,164
M16/1,M111,13:02:25,3,2,-1,MX1721,0,2,111
M7/1,M16/1,13:04:57,3,3,-1,MX2193,0,2,142
M111,M112,13:06:08,3,1,1,MX1721,0,2,121
M16/1,M111,13:07:09,3,3,1,MX2193,0,2,30
M112,M127,13:08:40,3,1,1,MX1721,0,2,30
M111,M112,13:09:41,3,4,1,MX2193,0,2,41
M127,M125,13:10:02,3,1,1,MX1721,0,2,30
M161,M70,13:11:14,3,-1,-1,AA7020,0,2,72
M112,M127,13:12:14,3,4,1,MX2193,0,2,40
M125,M135/2,13:13:35,3,1,1,MX1721,0,2,131
M127,M125,13:14:16,3,4,1,MX2193,0,2,81
M161,M70,13:14:26,3,5,-1,MX1240,0,2,20
M70,M118,13:14:26,3,-1,1,AA7020,0,2,131
M70,M118,13:15:37,3,5,1,MX1240,0,2,60
M16/1,M111,13:17:38,3,0,1,MU9578,0,2,20
M125,M135/2,13:19:59,3,4,1,MX2193,0,2,212
M111,M112,13:20:34,3,1,-1,MU9578,0,2,54
M112,M127,13:23:16,3,1,-1,MU9578,0,2,51
M1/9,M7/1,13:24:17,3,-1,-1,MX2063,0,2,192
M127,M125,13:24:37,3,1,-1,MU9578,0,2,40
M135/2,M161,13:25:27,3,0,-1,MX1721,4,2,620
M161,M70,13:26:58,3,0,-1,MX1721,0,2,30
M125,M135/2,13:27:50,3,1,1,MU9578,0,2,162
M1/9,M7/1,13:28:54,3,-1,1,MW2420,0,2,155
M7/1,M16/1,13:28:54,3,-1,1,MX2063,0,2,176
M70,M118,13:28:54,3,0,1,MX1721,0,2,53
M1/9,M7/1,13:29:54,3,2,1,MX2037,0,2,20
M16/1,M111,13:30:35,3,-1,1,MX2063,0,2,20
M135/2,M161,13:31:05,3,5,-1,MX2193,4,2,570
M7/1,M16/1,13:32:16,3,-1,1,MW2420,0,2,141
M161,M70,13:32:26,3,5,-1,MX2193,0,2,30
M70,M118,13:33:37,3,5,1,MX2193,0,2,40
M111,M112,13:34:37,3,-1,1,MX2063,0,2,111
M16/1,M111,13:34:48,3,-1,1,MW2420,0,2,60
M7/1,M16/1,13:35:48,3,2,1,MX2037,0,2,343
M112,M127,13:35:48,3,-1,1,MX2063,0,2,30
M135/2,M161,13:35:58,3,2,-1,MU9578,4,2,414
M161,M70,13:37:09,3,2,-1,MU9578,0,2,30
M16/1,M111,13:37:19,3,3,1,MX2037,0,2,30
M127,M125,13:37:29,3,-1,1,MX2063,0,2,20
M111,M112,13:38:32,3,-1,1,MW2420,0,2,143
M70,M118,13:39:12,3,2,1,MU9578,0,2,83
M111,M112,13:40:13,3,2,1,MX2037,0,2,60
M112,M127,13:40:33,3,-1,1,MW2420,0,2,30
M125,M135/2,13:41:04,3,-1,1,MX2063,0,2,141
M127,M125,13:41:44,3,-1,1,MW2420,0,2,30
M112,M127,13:42:14,3,2,1,MX2037,0,2,20
M1/9,M7/1,13:43:15,3,-1,1,MX1714,0,2,181
M127,M125,13:43:35,3,3,1,MX2037,0,2,30
M125,M135/2,13:44:16,3,-1,1,MW2420,0,2,101
M125,M135/2,13:46:27,3,2,1,MX2037,0,2,101
M7/1,M16/1,13:46:47,3,-1,1,MX1714,0,2,141
M16/1,M111,13:48:08,3,-1,1,MX1714,0,2,30
M1/9,M7/1,13:48:18,3,-1,1,MX1711,0,2,141
M135/2,M161,13:49:59,3,-1,-1,MX2063,4,2,434
M161,M70,13:51:10,3,-1,-1,MX2063,0,2,30
M111,M112,13:51:20,3,-1,1,MX1714,0,2,80
M7/1,M16/1,13:51:50,3,-1,2,MX1711,0,2,161
M135/2,M161,13:52:11,3,-1,-1,MW2420,4,2,373
M161,M70,13:53:14,3,-1,-1,MW2420,0,2,10
M70,M118,13:53:25,3,-1,1,MX2063,0,2,94
M112,M127,13:53:45,3,-1,1,MX1714,0,2,41
M135/2,M161,13:54:16,3,2,-1,MX2037,4,2,398
M16/1,M111,13:54:26,3,-1,1,MX1711,0,2,30
M70,M118,13:54:46,3,-1,1,MW2420,0,2,60
M161,M70,13:55:16,3,2,-1,MX2037,0,2,30
M127,M125,13:55:37,3,-1,1,MX1714,0,2,30
M111,M112,13:57:07,3,-1,1,MX1711,0,2,30
M70,M118,13:57:28,3,1,1,MX2037,0,2,90
M125,M135/2,13:58:28,3,-1,1,MX1714,0,2,111
M112,M127,13:59:19,3,-1,1,MX1711,0,2,50
M127,M125,14:00:50,3,-1,1,MX1711,0,2,50
M125,M135/2,14:03:25,3,-1,1,MX1711,0,2,100
M1/9,M7/1,14:05:37,3,3,1,MX1240,0,2,171
M135/2,M161,14:07:48,3,-1,-1,MX1714,4,2,478
M161,M70,14:08:49,3,-1,-1,MX1714,0,2,20
M7/1,M16/1,14:09:09,3,3,1,MX1240,0,2,181
M70,M118,14:11:14,3,-1,1,MX1714,0,2,84
M16/1,M111,14:11:45,3,3,1,MX1240,0,2,70
M135/2,M161,14:13:05,3,-1,-1,MX1711,4,2,438
M161,M70,14:14:57,3,-1,-1,MX1711,0,2,31
M111,M112,14:15:18,3,4,1,MX1240,0,2,112
M70,M118,14:17:19,3,-1,1,MX1711,0,2,80
M112,M127,14:18:29,3,5,1,MX1240,0,2,80
M7/1,M16/1,14:18:50,3,0,2,MX1721,0,2,151
M127,M125,14:20:46,3,5,1,MX1240,0,2,40
M16/1,M111,14:22:48,3,0,1,MX1721,0,2,182
M1/9,M7/1,14:24:39,3,4,2,MX2193,0,2,161
M111,M112,14:24:39,3,0,1,MX1721,0,2,40
M125,M135/2,14:24:39,3,5,1,MX1240,0,2,151
M112,M127,14:27:11,3,0,1,MX1721,0,2,60
M7/1,M16/1,14:28:32,3,4,2,MX2193,0,2,152
M127,M125,14:28:53,3,0,1,MX1721,0,2,50
M16/1,M111,14:31:35,3,4,1,MX2193,0,2,101
M111,M112,14:33:46,3,5,1,MX2193,0,2,60
M7/1,M16/1,14:33:56,3,-1,2,MW2693,0,2,181
M125,M135/2,14:35:37,3,0,1,MX1721,0,2,262
M16/1,M111,14:35:48,3,-1,1,MW2693,0,2,40
M1/9,M7/1,14:35:58,3,-1,2,MX1983,0,2,151
M112,M127,14:35:58,3,5,1,MX2193,0,2,10
M135/2,M161,14:37:19,3,5,-1,MX1240,4,2,608
M127,M125,14:37:49,3,5,1,MX2193,0,2,60
M161,M70,14:38:19,3,5,-1,MX1240,0,2,20
M1/9,M7/1,14:39:10,3,1,2,MU9578,0,2,141
M7/1,M16/1,14:39:10,3,-1,2,MX1983,0,2,141
M111,M112,14:39:34,3,-1,2,MW2693,0,2,64
M70,M118,14:40:15,3,5,1,MX1240,0,2,64
M125,M135/2,14:41:15,3,5,1,MX2193,0,2,70
M16/1,M111,14:41:36,3,-1,1,MX1983,0,2,80
M112,M127,14:41:56,3,-1,1,MW2693,0,2,40
M7/1,M16/1,14:42:36,3,2,2,MU9578,0,2,161
M127,M125,14:42:56,3,-1,1,MW2693,0,2,20
M1/9,M7/1,14:43:57,3,-1,2,MX2063,0,2,101
M111,M112,14:44:58,3,-1,2,MX1983,0,2,80
M135/2,M161,14:44:58,3,0,-1,MX1721,4,2,459
M125,M135/2,14:45:28,3,-1,2,MW2693,0,2,80
M16/1,M111,14:45:38,3,2,1,MU9578,0,2,111
M161,M70,14:45:48,3,0,-1,MX1721,0,2,40
M112,M127,14:46:29,3,-1,1,MX1983,0,2,40
M70,M118,14:47:30,3,0,1,MX1721,0,2,60
M7/1,M16/1,14:47:40,3,-1,2,MX2063,0,2,182
M127,M125,14:47:40,3,-1,2,MX1983,0,2,30
M111,M112,14:48:00,3,2,1,MU9578,0,2,70
M16/1,M111,14:50:05,3,-1,1,MX2063,0,2,50
M112,M127,14:50:25,3,2,1,MU9578,0,2,111
M127,M125,14:51:46,3,2,2,MU9578,0,2,30
M125,M135/2,14:51:46,3,-1,2,MX1983,0,2,182
M111,M112,14:53:17,3,-1,1,MX2063,0,2,70
M112,M127,14:54:38,3,-1,1,MX2063,0,2,30
M125,M135/2,14:55:08,3,3,1,MU9578,0,2,141
M1/9,M7/1,14:55:29,3,-1,1,AA3137,0,2,263
M161,M70,14:55:29,3,5,-1,MX2193,0,2,20
M127,M125,14:55:59,3,-1,2,MX2063,0,2,50
M70,M118,14:57:44,3,5,1,MX2193,0,2,104
M7/1,M16/1,14:58:14,3,-1,2,AA3137,0,2,84
M161,M70,14:58:14,3,-1,-1,MW2693,0,2,20
M70,M118,14:59:25,3,-1,1,MW2693,0,2,40
M1/9,M7/1,14:59:55,3,-1,1,MX2215,0,2,90
M16/1,M111,15:00:56,3,-1,-1,AA3137,0,2,90
M125,M135/2,15:01:16,3,-1,-1,MX2063,0,2,191
M135/2,M161,15:03:07,3,-1,-1,MX1983,4,2,539
M7/1,M16/1,15:03:58,3,2,-1,MX2215,0,2,191
M111,M112,15:03:58,3,-1,-1,AA3137,0,2,171
M161,M70,15:04:08,3,-1,-1,MX1983,0,2,20
M16/1,M111,15:05:08,3,1,1,MX2215,0,2,10
M112,M127,15:05:39,3,-1,1,AA3137,0,2,71
M70,M118,15:05:39,3,-1,1,MX1983,0,2,61
M127,M125,15:07:03,3,-1,2,AA3137,0,2,30
M111,M112,15:08:03,3,1,1,MX2215,0,2,50
M161,M70,15:09:14,3,2,-1,MU9578,0,2,20
M112,M127,15:10:14,3,1,1,MX2215,0,2,20
M70,M118,15:10:45,3,2,1,MU9578,0,2,50
M125,M135/2,15:11:15,3,-1,2,AA3137,0,2,141
M127,M125,15:11:45,3,1,2,MX2215,0,2,40
M7/1,M16/1,15:12:26,3,-1,2,MX1714,0,2,191
M161,M70,15:13:57,3,-1,-1,MX2063,0,2,20
M16/1,M111,15:14:07,3,-1,1,MX1714,0,2,40
M125,M135/2,15:15:28,3,1,1,MX2215,0,2,151
M70,M118,15:16:18,3,-1,2,MX2063,0,2,101
M1/9,M7/1,15:17:49,3,-1,1,MX1711,0,2,111
M111,M112,15:18:10,3,-1,1,MX1714,0,2,141
M112,M127,15:19:43,3,-1,2,MX1714,0,2,52
M7/1,M16/1,15:21:03,3,-1,1,MX1711,0,2,153
M135/2,M161,15:21:14,3,-1,-1,AA3137,4,2,527
M127,M125,15:21:24,3,-1,1,MX1714,0,2,60
M161,M70,15:21:54,3,-1,-1,AA3137,0,2,10
M16/1,M111,15:24:16,3,-1,1,MX1711,0,2,141
M125,M135/2,15:24:16,3,-1,1,MX1714,0,2,101
M70,M118,15:24:56,3,-1,2,AA3137,0,2,121
M1/9,M7/1,15:25:47,3,-1,1,MW2420,0,2,101
M135/2,M161,15:26:37,3,0,-1,MX2215,4,2,588
M111,M112,15:27:58,3,-1,2,MX1711,0,2,111
M161,M70,15:28:28,3,0,-1,MX2215,0,2,30
M1/9,M7/1,15:29:09,3,-1,1,AA7604,0,2,101
M7/1,M16/1,15:29:50,3,-1,2,MW2420,0,2,202
M70,M118,15:30:00,3,0,1,MX2215,0,2,70
M112,M127,15:30:10,3,-1,1,MX1711,0,2,20
M127,M125,15:31:21,3,-1,2,MX1711,0,2,30
M16/1,M111,15:31:34,3,-1,1,MW2420,0,2,43
M7/1,M16/1,15:32:55,3,-1,2,AA7604,0,2,175
M125,M135/2,15:34:26,3,-1,2,MX1711,0,2,141
M135/2,M161,15:34:47,3,-1,-1,MX1714,4,2,570
M111,M112,15:35:08,3,-1,2,MW2420,0,2,91
M16/1,M111,15:35:38,3,-1,1,AA7604,0,2,101
M161,M70,15:35:58,3,-1,-1,MX1714,0,2,30
M111,M112,15:37:19,3,-1,2,AA7604,0,2,40
M112,M127,15:37:40,3,-1,1,MW2420,0,2,30
M127,M125,15:39:04,3,-1,1,MW2420,0,2,44
M112,M127,15:39:15,3,-1,1,AA7604,0,2,20
M70,M118,15:39:15,3,-1,1,MX1714,0,2,165
M127,M125,15:42:37,3,-1,1,AA7604,0,2,171
M125,M135/2,15:43:07,3,-1,1,MW2420,0,2,141
M1/9,M7/1,15:43:17,3,-1,1,MW2646,0,2,212
M7/1,M16/1,15:43:57,3,0,2,MX1240,0,2,252
M1/9,M7/1,15:45:08,3,-1,1,MX2141,0,2,212
M125,M135/2,15:45:08,3,-1,2,AA7604,0,2,101
M16/1,M111,15:46:49,3,0,1,MX1240,0,2,111
M135/2,M161,15:46:59,3,-1,-1,MX1711,4,2,590
M7/1,M16/1,15:47:10,3,-1,1,MW2646,0,2,202
M161,M70,15:48:02,3,-1,-1,MX1711,0,2,20
M7/1,M16/1,15:49:23,3,-1,1,MX2141,0,2,224
M16/1,M111,15:49:44,3,-1,1,MW2646,0,2,81
M111,M112,15:50:14,3,1,1,MX1240,0,2,122
M1/9,M7/1,15:51:25,3,1,1,MX1721,0,2,90
M16/1,M111,15:51:46,3,0,1,MX2141,0,2,81
M111,M112,15:52:16,3,-1,1,MW2646,0,2,50
M112,M127,15:52:56,3,1,1,MX1240,0,2,60
M112,M127,15:54:17,3,-1,1,MW2646,0,2,30
M7/1,M16/1,15:54:37,3,2,1,MX1721,0,2,131
M127,M125,15:54:58,3,1,1,MX1240,0,2,40
M135/2,M161,15:54:58,3,-1,-1,MW2420,4,2,619
M111,M112,15:55:28,3,0,1,MX2141,0,2,111
M161,M70,15:55:48,3,-1,-1,MW2420,0,2,20
M135/2,M161,15:56:18,3,-1,-1,AA7604,4,2,609
M127,M125,15:56:29,3,-1,2,MW2646,0,2,70
M70,M118,15:56:49,3,-1,1,MX1711,0,2,435
M1/9,M7/1,15:57:49,3,2,1,MX2193,0,2,161
M112,M127,15:57:49,3,0,1,MX2141,0,2,20
M161,M70,15:57:49,3,-1,-1,AA7604,0,2,80
M125,M135/2,15:58:45,3,2,2,MX1240,0,2,105
M127,M125,15:59:05,3,0,2,MX2141,0,2,55
M16/1,M111,15:59:15,3,1,1,MX1721,0,2,196
M125,M135/2,16:00:36,3,-1,2,MW2646,0,2,121
M70,M118,16:01:16,3,-1,1,MW2420,0,2,206
M125,M135/2,16:01:36,3,0,2,MX2141,0,2,70
M7/1,M16/1,16:02:17,3,3,1,MX2193,0,2,212
M111,M112,16:02:47,3,0,1,MX1721,0,2,131
M70,M118,16:03:17,3,-1,1,AA7604,0,2,307
M16/1,M111,16:04:18,3,3,1,MX2193,0,2,60
M112,M127,16:05:09,3,0,1,MX1721,0,2,60
M1/9,M7/1,16:05:49,3,-1,1,MX1983,0,2,151
M111,M112,16:06:50,3,3,1,MX2193,0,2,60
M127,M125,16:07:10,3,0,2,MX1721,0,2,40
M112,M127,16:08:52,3,3,1,MX2193,0,2,20
M16/1,M111,16:09:22,3,-1,1,MW2693,0,2,122
M7/1,M16/1,16:09:44,3,-1,1,MX1983,0,2,194
M135/2,M161,16:09:44,3,2,-1,MX1240,4,2,588
M125,M135/2,16:10:05,3,0,2,MX1721,0,2,92
M127,M125,16:10:25,3,3,2,MX2193,0,2,40
M161,M70,16:10:46,3,2,-1,MX1240,0,2,20
M16/1,M111,16:12:06,3,-1,1,MX1983,0,2,20
M111,M112,16:12:27,3,-1,1,MW2693,0,2,111
M70,M118,16:13:17,3,2,2,MX1240,0,2,111
M125,M135/2,16:13:28,3,4,2,MX2193,0,2,131
M7/1,M16/1,16:14:18,3,1,2,MU9578,0,2,182
M111,M112,16:14:38,3,-1,1,MX1983,0,2,111
M112,M127,16:14:38,3,-1,1,MW2693,0,2,20
M161,M70,16:14:38,3,-1,-1,MW2646,0,2,20
M161,M70,16:14:48,3,0,-1,MX2141,0,2,10
M1/9,M7/1,16:15:19,3,-1,2,MX2063,0,2,151
M127,M125,16:16:09,3,-1,1,MW2693,0,2,30
M112,M127,16:16:50,3,-1,1,MX1983,0,2,50
M70,M118,16:17:10,3,-1,2,MW2646,0,2,131
M70,M118,16:17:10,3,0,2,MX2141,0,2,111
M16/1,M111,16:18:23,3,1,1,MU9578,0,2,194
M127,M125,16:19:24,3,-1,1,MX1983,0,2,71
M125,M135/2,16:19:24,3,-1,2,MW2693,0,2,101
M7/1,M16/1,16:20:05,3,-1,2,MX2063,0,2,214
M111,M112,16:21:26,3,2,1,MU9578,0,2,51
M16/1,M111,16:22:47,3,-1,1,MX2063,0,2,70
M125,M135/2,16:22:47,3,-1,2,MX1983,0,2,152
M112,M127,16:23:48,3,2,1,MU9578,0,2,20
M161,M70,16:23:48,3,0,-1,MX1721,0,2,10
M127,M125,16:25:29,3,2,2,MU9578,0,2,60
M111,M112,16:25:39,3,-1,1,MX2063,0,2,60
M135/2,M170/2,16:25:39,3,-1,2,MX1983,0,2,121
M70,M118,16:26:30,3,0,2,MX1721,0,2,111
M125,M135/2,16:27:43,3,2,2,MU9578,0,2,72
M112,M127,16:27:53,3,-1,1,MX2063,0,2,20
M161,M70,16:27:53,3,4,-1,MX2193,0,2,20
M127,M125,16:29:14,3,-1,2,MX2063,0,2,40
M1/9,M7/1,16:29:34,3,1,1,MX2215,0,2,245
M7/1,M16/1,16:30:08,3,-1,2,AA3137,0,2,400
M70,M118,16:30:18,3,5,2,MX2193,0,2,84
M161,M70,16:32:32,3,-1,-1,MW2693,0,2,12
M125,M135/2,16:32:42,3,-1,2,MX2063,0,2,143
M7/1,M16/1,16:33:23,3,2,2,MX2215,0,2,134
M16/1,M111,16:33:35,3,-1,1,AA3137,0,2,115
M70,M118,16:34:25,3,-1,2,MW2693,0,2,92
M16/1,M111,16:36:38,3,2,1,MX2215,0,2,142
M111,M112,16:36:48,3,-1,1,AA3137,0,2,183
M1/9,M7/1,16:39:10,3,-1,1,MX1714,0,2,81
M111,M112,16:40:05,3,1,1,MX2215,0,2,74
M112,M125,16:40:15,3,-1,2,AA3137,1,2,116
M112,M127,16:42:27,3,1,1,MX2215,0,2,30
M125,M135/2,16:42:57,3,-1,1,AA3137,0,2,142
M127,M125,16:43:48,3,1,2,MX2215,0,2,30
M7/1,M16/1,16:44:08,3,-1,2,MX1714,0,2,253
M161,M118,16:45:50,3,2,2,MU9578,1,2,172
M125,M135/2,16:46:20,3,0,1,MX2215,0,2,91
M16/1,M111,16:47:55,3,-1,1,MX1714,0,2,114
M161,M70,16:48:55,3,-1,-1,MX2063,0,2,20
M161,M70,16:49:15,3,-1,-1,MX1983,0,2,10
M111,M112,16:50:53,3,-1,1,MX1714,0,2,117
M70,M118,16:50:53,3,-1,2,MX2063,0,2,76
M70,M118,16:51:33,3,-1,2,MX1983,0,2,107
M112,M127,16:52:04,3,-1,1,MX1714,0,2,30
M127,M125,16:53:15,3,-1,1,MX1714,0,2,30
M1/9,M7/1,16:54:46,3,-1,2,MW2420,0,2,152
M125,M135/2,16:55:37,3,-1,2,MX1714,0,2,91
M7/1,M16/1,16:58:59,3,-1,2,MW2420,0,2,181
M161,M70,17:00:50,3,-1,-1,AA3137,0,2,30
M16/1,M111,17:02:55,3,-1,1,MW2420,0,2,144
M111,M112,17:07:29,3,-1,1,MW2420,0,2,151
M1/9,M16/1,17:07:49,3,-1,2,AA7604,1,2,419
M161,M70,17:07:49,3,0,-1,MX2215,0,2,20
M70,M118,17:09:10,3,0,3,MX2215,0,2,50
M112,M127,17:09:54,3,-1,1,MW2420,0,2,43
M16/1,M111,17:10:55,3,-1,1,AA7604,0,2,81
M127,M125,17:11:25,3,-1,1,MW2420,0,2,40
M111,M112,17:15:03,3,-1,1,AA7604,0,2,106
M125,M135/2,17:16:44,3,-1,1,MW2420,0,2,258
M112,M127,17:17:05,3,-1,1,AA7604,0,2,60
M1/9,M7/1,17:17:25,3,0,1,MX2141,0,2,187
M127,M125,17:18:06,3,-1,1,AA7604,0,2,20
M7/1,M16/1,17:21:19,3,2,2,MX2141,0,2,131
M125,M135/2,17:21:49,3,-1,2,AA7604,0,2,162
M1/9,M7/1,17:22:40,3,1,2,MX1721,0,2,232
M16/1,M111,17:23:44,3,2,1,MX2141,0,2,74
M161,M70,17:24:45,3,-1,-1,MX1714,0,2,10
M7/1,M16/1,17:26:57,3,1,2,MX1721,0,2,202
M111,M112,17:27:27,3,3,1,MX2141,0,2,121
M70,M118,17:27:47,3,-1,2,MX1714,0,2,141
M16/1,M111,17:30:14,3,1,1,MX1721,0,2,85
M112,M127,17:30:24,3,3,1,MX2141,0,2,75
M127,M125,17:32:05,3,3,1,MX2141,0,2,60
M1/9,M7/1,17:32:56,3,0,2,MX2193,0,2,81
M111,M112,17:33:16,3,0,1,MX1721,0,2,70
M112,M127,17:35:38,3,0,1,MX1721,0,2,50
M125,M135/2,17:36:39,3,3,1,MX2141,0,2,212
M7/1,M16/1,17:36:49,3,0,2,MX2193,0,2,182
M16/1,M111,17:37:39,3,-1,1,MW2717,0,2,121
M127,M125,17:37:39,3,0,2,MX1721,0,2,40
M16/1,M111,17:39:15,3,0,1,MX2193,0,2,85
M125,M135/2,17:39:56,3,0,1,MX1721,0,2,60
M1/9,M7/1,17:40:06,3,-1,2,MW2693,0,2,156
M135/2,M170/2,17:40:47,3,3,2,MX2141,0,2,122
M111,M112,17:42:08,3,-1,1,MW2717,0,2,193
M111,M112,17:42:18,3,0,1,MX2193,0,2,111
M7/1,M16/1,17:43:59,3,-1,2,MW2693,0,2,182
M112,M127,17:44:09,3,-1,1,MW2717,0,2,40
M112,M127,17:44:19,3,0,1,MX2193,0,2,20
M127,M125,17:46:35,3,0,1,MX2193,0,2,105
M16/1,M111,17:48:16,3,-1,1,MW2693,0,2,176
M127,M135/2,17:48:26,3,-1,2,MW2717,1,2,246
M161,M70,17:49:57,3,-1,-1,MW2420,0,2,20
M161,M70,17:50:18,3,-1,-1,AA7604,0,2,20
M125,M135/2,17:50:48,3,0,1,MX2193,0,2,151
M70,M118,17:52:39,3,-1,3,MW2420,0,2,90
M111,M112,17:52:49,3,-1,1,MW2693,0,2,161
M112,M127,17:55:14,3,-1,1,MW2693,0,2,30
M1/9,M7/1,17:55:35,3,-1,1,MX1983,0,2,165
M127,M125,17:56:55,3,-1,1,MW2693,0,2,30
M125,M135/2,17:59:27,3,-1,2,MW2693,0,2,60
M7/1,M16/1,18:00:07,3,-1,1,MX1983,0,2,222
M1/9,M7/1,18:00:38,3,-1,1,AA3137,0,2,182
M16/1,M111,18:03:10,3,-1,1,MX1983,0,2,121
M7/1,M16/1,18:04:35,3,-1,1,AA3137,0,2,165
M111,M112,18:07:17,3,-1,1,MX1983,0,2,131
M16/1,M111,18:09:00,3,-1,1,AA3137,0,2,173
M112,M127,18:09:33,3,-1,1,MX1983,0,2,63
M111,M112,18:10:44,3,-1,1,AA3137,0,2,31
M127,M125,18:10:54,3,-1,2,MX1983,0,2,41
M1/9,M7/1,18:11:14,3,1,1,MX2215,0,2,114
M112,M127,18:12:56,3,-1,1,AA3137,0,2,111
M125,M135/2,18:14:07,3,-1,2,MX1983,0,2,111
M127,M125,18:15:07,3,-1,2,AA3137,0,2,101
M7/1,M16/1,18:16:18,3,2,2,MX2215,0,2,212
M125,M135/2,18:18:10,3,-1,2,AA3137,0,2,81
M16/1,M111,18:19:24,3,2,1,MX2215,0,2,95
M135/2,M170/2,18:21:06,3,-1,2,AA3137,0,2,121
M111,M112,18:22:16,3,2,1,MX2215,0,2,80
M112,M127,18:24:58,3,1,1,MX2215,0,2,50
M161,M70,18:25:59,3,0,-1,MX1721,0,2,30
M127,M125,18:27:10,3,1,2,MX2215,0,2,70
M70,M118,18:28:35,3,0,3,MX1721,0,2,136
M125,M135/2,18:31:18,3,1,2,MX2215,0,2,187
M1/9,M7/1,18:33:32,3,4,1,MX2099,0,2,154
M7/1,M16/1,18:38:07,3,5,1,MX2099,0,2,202
M161,M70,18:38:58,3,-1,-1,MW2717,0,2,40
M70,M118,18:40:29,3,-1,3,MW2717,0,2,40
M16/1,M111,18:42:22,3,5,1,MX2099,0,2,214
M161,M70,18:43:35,3,3,-1,MX2141,0,2,72
M70,M118,18:44:36,3,3,3,MX2141,0,2,30
M161,M70,18:44:46,3,0,-1,MX2193,0,2,30
M161,M70,18:45:06,3,-1,-1,MW2693,0,2,30
M111,M112,18:45:26,3,3,1,MX2099,0,2,60
M70,M118,18:45:36,3,0,3,MX2193,0,2,20
M112,M127,18:47:07,3,3,1,MX2099,0,2,10
M1/9,M7/1,18:47:27,3,2,1,MX2037,0,2,131
M70,M118,18:47:27,3,-1,3,MW2693,0,2,50
M161,M70,18:47:48,3,-1,-1,MX1983,0,2,70
M127,M125,18:49:19,3,4,2,MX2099,0,2,30
M161,M70,18:50:09,3,-1,-1,AA3137,0,2,40
M7/1,M16/1,18:50:50,3,2,1,MX2037,0,2,141
M161,M70,18:51:20,3,0,-1,MX2215,0,2,70
M70,M118,18:51:35,3,-1,3,MX1983,0,2,136
M125,M135/2,18:52:05,3,3,2,MX2099,0,2,95
M16/1,M111,18:53:06,3,2,1,MX2037,0,2,30
M70,M118,18:53:47,3,-1,3,AA3137,0,2,111
M135/2,M170/2,18:54:17,3,3,2,MX2099,0,2,60
M70,M118,18:54:47,3,0,3,MX2215,0,2,131
M111,M112,18:56:18,3,2,1,MX2037,0,2,111
M170/2,M69/2,18:57:09,3,3,1,MX2099,0,2,50
M1/9,M7/1,18:58:10,3,-1,1,MX1711,0,2,172
M69/2,M160/1,18:58:21,3,3,-1,MX2099,0,2,30
M112,M127,18:58:33,3,2,1,MX2037,0,2,53
M160/1,M158/2,18:59:34,3,3,-1,MX2099,0,2,11
M127,M125,19:00:05,3,2,1,MX2037,0,2,41
M125,M135/2,19:01:37,3,2,2,MX2037,0,2,51
M158/2,M161,19:02:07,3,2,-1,MX2099,0,2,91
M7/1,M16/1,19:02:17,3,-1,2,MX1711,0,2,162
M135/2,M170/2,19:04:08,3,2,2,MX2037,0,2,101
M16/1,M111,19:04:29,3,-1,1,MX1711,0,2,70
M161,M70,19:05:49,3,1,-1,MX2099,0,2,192
M1/9,M7/1,19:06:20,3,-1,1,MW2420,0,2,182
M111,M112,19:07:32,3,-1,1,MX1711,0,2,113
M170/2,M69/2,19:07:32,3,2,1,MX2037,0,2,123
M70,M118,19:07:53,3,1,2,MX2099,0,2,50
M69/2,M160/1,19:08:35,3,2,-1,MX2037,0,2,42
M112,M127,19:08:55,3,-1,1,MX1711,0,2,20
M160/1,M158/2,19:09:35,3,2,-1,MX2037,0,2,10
M7/1,M16/1,19:10:06,3,-1,2,MW2420,0,2,153
M127,M125,19:11:07,3,-1,2,MX1711,0,2,40
M158/2,M161,19:11:07,3,1,-1,MX2037,0,2,40
M16/1,M111,19:12:38,3,-1,1,MW2420,0,2,90
M161,M70,19:12:58,3,1,-1,MX2037,0,2,20
M125,M135/2,19:13:58,3,-1,1,MX1711,0,2,70
M111,M112,19:14:59,3,-1,1,MW2420,0,2,50
M70,M118,19:16:20,3,1,2,MX2037,0,2,171
M135/2,M170/2,19:16:34,3,-1,2,MX1711,0,2,64
M112,M127,19:17:04,3,-1,1,MW2420,0,2,30
M170/2,M69/2,19:18:25,3,-1,1,MX1711,0,2,70
M127,M125,19:18:45,3,-1,1,MW2420,0,2,50
M69/2,M160/1,19:19:56,3,-1,-1,MX1711,0,2,40
M160/1,M158/2,19:21:07,3,-1,-1,MX1711,0,2,30
M1/9,M7/1,19:22:28,3,-1,1,MW2646,0,2,181
M125,M135/2,19:22:38,3,-1,1,MW2420,0,2,171
M158/2,M161,19:22:58,3,-1,-1,MX1711,0,2,90
M161,M70,19:24:09,3,-1,-1,MX1711,0,2,30
M135/2,M170/2,19:25:19,3,-1,1,MW2420,0,2,80
M7/1,M16/1,19:26:20,3,-1,1,MW2646,0,2,181
M16/1,M111,19:27:54,3,-1,1,MW2646,0,2,40
M70,M118,19:28:15,3,-1,2,MX1711,0,2,195
M170/2,M69/2,19:28:56,3,-1,1,MW2420,0,2,132
M69/2,M160/1,19:30:07,3,-1,-1,MW2420,0,2,30
M111,M112,19:30:27,3,-1,1,MW2646,0,2,101
M160/1,M158/2,19:30:57,3,-1,-1,MW2420,0,2,10
M158/2,M161,19:32:08,3,-1,-1,MW2420,0,2,20
M112,M127,19:32:29,3,-1,1,MW2646,0,2,50
M161,M70,19:32:59,3,-1,-1,MW2420,0,2,10
M127,M125,19:33:44,3,-1,1,MW2646,0,2,10
M70,M118,19:34:34,3,-1,1,MW2420,0,2,50
M1/9,M7/1,19:35:15,3,0,1,MX2141,0,2,176
M125,M135/2,19:37:16,3,-1,2,MW2646,0,2,151
M7/1,M16/1,19:40:18,3,0,1,MX2141,0,2,202
M135/2,M170/2,19:40:28,3,-1,2,MW2646,0,2,141
M16/1,M111,19:43:00,3,1,1,MX2141,0,2,90
M170/2,M69/2,19:44:13,3,-1,1,MW2646,0,2,143
M69/2,M160/1,19:45:45,3,-1,-1,MW2646,0,2,30
M7/1,M16/1,19:47:06,3,-1,2,MW2717,0,2,183
M111,M112,19:47:16,3,1,1,MX2141,0,2,151
M158/2,M161,19:48:07,3,-1,-1,MW2646,0,2,20
M161,M70,19:48:57,3,-1,-1,MW2646,0,2,20
M16/1,M111,19:49:07,3,-1,1,MW2717,0,2,40
M112,M127,19:49:18,3,1,1,MX2141,0,2,50
M127,M125,19:50:49,3,2,2,MX2141,0,2,40
M70,M118,19:51:09,3,-1,1,MW2646,0,2,91
M111,M112,19:51:49,3,-1,2,MW2717,0,2,101
M112,M127,19:53:01,3,-1,1,MW2717,0,2,20
M127,M125,19:54:03,3,-1,2,MW2717,0,2,30
M125,M135/2,19:54:13,3,2,2,MX2141,0,2,92
M1/9,M7/1,19:54:23,3,-1,2,MX2063,0,2,204
M135/2,M170/2,19:57:25,3,2,1,MX2141,0,2,111
M7/1,M16/1,19:57:35,3,-1,1,MX2063,0,2,161
M125,M170/2,19:58:56,3,-1,1,MW2717,1,2,262
M16/1,M111,19:59:57,3,-1,1,MX2063,0,2,70
M7/1,M16/1,20:00:58,3,2,1,MX1240,0,2,151
M170/2,M69/2,20:00:58,3,2,1,MX2141,0,2,60
M111,M112,20:02:39,3,-1,1,MX2063,0,2,111
M170/2,M69/2,20:02:39,3,-1,1,MW2717,0,2,141
M69/2,M160/1,20:02:39,3,3,-1,MX2141,0,2,50
M69/2,M160/1,20:03:29,3,-1,-1,MW2717,0,2,30
M160/1,M158/2,20:03:39,3,2,-1,MX2141,0,2,10
M16/1,M111,20:04:10,3,2,1,MX1240,0,2,161
M160/1,M158/2,20:04:31,3,-1,-1,MW2717,0,2,20
M112,M127,20:04:41,3,-1,1,MX2063,0,2,41
M158/2,M161,20:04:51,3,2,-1,MX2141,0,2,20
M1/9,M7/1,20:05:44,3,0,2,MX1721,0,2,144
M111,M112,20:05:54,3,3,1,MX1240,0,2,43
M127,M125,20:06:04,3,-1,1,MX2063,0,2,30
M158/2,M161,20:06:34,3,-1,-1,MW2717,0,2,83
M161,M70,20:07:15,3,2,-1,MX2141,0,2,70
M161,M70,20:07:45,3,-1,-1,MW2717,0,2,20
M112,M127,20:08:05,3,3,1,MX1240,0,2,30
M70,M118,20:08:36,3,2,1,MX2141,0,2,30
M127,M125,20:09:06,3,3,1,MX1240,0,2,30
M7/1,M16/1,20:09:16,3,0,2,MX1721,0,2,161
M125,M135/2,20:09:16,3,-1,1,MX2063,0,2,141
M16/1,M111,20:10:37,3,0,1,MX1721,0,2,20
M125,M135/2,20:10:47,3,3,1,MX1240,0,2,40
M135/2,M170/2,20:11:27,3,-1,1,MX2063,0,2,90
M118,M239/9,20:13:19,3,-1,-1,MX2141,0,2,212
M135/2,M170/2,20:13:29,3,3,1,MX1240,0,2,90
M111,M112,20:14:09,3,0,1,MX1721,0,2,90
M170/2,M69/2,20:14:50,3,-1,1,MX2063,0,2,141
M170/2,M69/2,20:15:20,3,4,1,MX1240,0,2,70
M7/1,M16/1,20:15:47,3,-1,2,MX1714,0,2,168
M69/2,M160/1,20:15:47,3,-1,-1,MX2063,0,2,27
M112,M127,20:16:38,3,0,1,MX1721,0,2,60
M69/2,M160/1,20:16:58,3,4,-1,MX1240,0,2,50
M160/1,M158/2,20:17:18,3,-1,-1,MX2063,0,2,20
M127,M125,20:17:58,3,0,1,MX1721,0,2,40
M160/1,M158/2,20:18:29,3,4,-1,MX1240,0,2,20
M16/1,M111,20:18:49,3,-1,1,MX1714,0,2,121
M1/9,M7/1,20:20:00,3,1,2,MX2193,0,2,101
M158/2,M161,20:20:10,3,4,-1,MX1240,0,2,50
M125,M135/2,20:20:30,3,0,1,MX1721,0,2,101
M161,M70,20:20:30,3,-1,-1,MX2063,0,2,10
M161,M70,20:21:33,3,4,-1,MX1240,0,2,12
M111,M112,20:21:53,3,-1,1,MX1714,0,2,93
M70,M118,20:22:24,3,-1,1,MX2063,0,2,73
M112,M127,20:23:55,3,-1,1,MX1714,0,2,20
M70,M118,20:23:55,3,4,1,MX1240,0,2,90
M7/1,M16/1,20:24:15,3,2,1,MX2193,0,2,204
M127,M125,20:24:55,3,-1,1,MX1714,0,2,30
M135/2,M170/2,20:25:15,3,0,2,MX1721,0,2,202
M16/1,M111,20:25:37,3,2,1,MX2193,0,2,21
M125,M135/2,20:26:27,3,-1,1,MX1714,0,2,50
M170/2,M69/2,20:27:08,3,0,1,MX1721,0,2,50
M111,M112,20:27:58,3,3,1,MX2193,0,2,80
M69/2,M160/1,20:28:50,3,0,-1,MX1721,0,2,41
M112,M127,20:29:10,3,3,1,MX2193,0,2,10
M1/9,M7/1,20:29:34,3,-1,1,MW2693,0,2,126
M135/2,M170/2,20:29:34,3,-1,2,MX1714,0,2,126
M160/1,M158/2,20:29:34,3,0,-1,MX1721,0,2,24
M127,M125,20:30:25,3,3,1,MX2193,0,2,30
M158/2,M161,20:31:05,3,0,-1,MX1721,0,2,40
M170/2,M69/2,20:31:25,3,-1,1,MX1714,0,2,60
M161,M70,20:32:06,3,0,-1,MX1721,0,2,10
M69/2,M160/1,20:32:36,3,-1,-1,MX1714,0,2,40
M7/1,M16/1,20:33:06,3,-1,1,MW2693,0,2,121
M125,M135/2,20:33:17,3,3,1,MX2193,0,2,131
M160/1,M158/2,20:33:47,3,-1,-1,MX1714,0,2,30
M16/1,M111,20:34:17,3,-1,1,MW2693,0,2,30
M70,M118,20:34:27,3,0,1,MX1721,0,2,90
M158/2,M161,20:34:58,3,-1,-1,MX1714,0,2,40
M135/2,M170/2,20:35:48,3,4,2,MX2193,0,2,80
M161,M70,20:36:08,3,-1,-1,MX1714,0,2,20
M170/2,M69/2,20:37:29,3,4,1,MX2193,0,2,60
M70,M118,20:37:49,3,-1,1,MX1714,0,2,60
M111,M112,20:38:09,3,-1,2,MW2693,0,2,131
M69/2,M160/1,20:39:00,3,4,-1,MX2193,0,2,40
M112,M127,20:40:45,3,-1,1,MW2693,0,2,71
M158/2,M161,20:40:55,3,4,-1,MX2193,0,2,10
M7/1,M16/1,20:41:15,3,2,1,MU9578,0,2,165
M127,M125,20:41:46,3,-1,1,MW2693,0,2,20
M1/9,M7/1,20:42:26,3,-1,1,AA3137,0,2,132
M161,M70,20:43:37,3,4,-1,MX2193,0,2,10
M125,M135/2,20:43:57,3,-1,1,MW2693,0,2,60
M16/1,M111,20:44:17,3,3,1,MU9578,0,2,121
M7/1,M16/1,20:45:18,3,-1,2,AA3137,0,2,161
M135/2,M170/2,20:45:58,3,-1,2,MW2693,0,2,70
M111,M112,20:46:28,3,3,1,MU9578,0,2,60
M16/1,M111,20:46:59,3,-1,1,AA3137,0,2,20
M170/2,M69/2,20:47:49,3,-1,1,MW2693,0,2,60
M112,M127,20:48:50,3,3,1,MU9578,0,2,90
M69/2,M160/1,20:49:00,3,-1,-1,MW2693,0,2,40
M111,M112,20:49:43,3,-1,1,AA3137,0,2,103
M160/1,M158/2,20:49:53,3,-1,-1,MW2693,0,2,20
M127,M125,20:50:03,3,3,1,MU9578,0,2,30
M1/9,M7/1,20:50:33,3,-1,2,AA2751,0,2,113
M158/2,M161,20:51:04,3,-1,-1,MW2693,0,2,20
M112,M127,20:51:55,3,-1,1,AA3137,0,2,61
M161,M70,20:51:55,3,-1,-1,MW2693,0,2,10
M125,M135/2,20:52:36,3,3,1,MU9578,0,2,142
M127,M125,20:52:56,3,-1,1,AA3137,0,2,20
M70,M118,20:53:26,3,-1,1,MW2693,0,2,40
M7/1,M16/1,20:54:17,3,-1,2,AA2751,0,2,131
M16/1,M111,20:55:47,3,-1,1,AA2751,0,2,20
M125,M135/2,20:55:47,3,-1,1,AA3137,0,2,121
M135/2,M170/2,20:55:47,3,3,1,MU9578,0,2,100
M7/1,M16/1,20:57:29,3,-1,1,MX1711,0,2,171
M170/2,M69/2,20:57:49,3,3,1,MU9578,0,2,60
M135/2,M170/2,20:58:09,3,-1,1,AA3137,0,2,60
M69/2,M160/1,20:59:20,3,3,-1,MU9578,0,2,40
M111,M112,20:59:40,3,-1,1,AA2751,0,2,141
M170/2,M69/2,20:59:40,3,-1,1,AA3137,0,2,40
M16/1,M111,20:59:50,3,-1,1,MX1711,0,2,30
M1/9,M7/1,21:00:10,3,-1,1,MW2420,0,2,101
M69/2,M160/1,21:00:43,3,-1,-1,AA3137,0,2,22
M111,M112,21:01:13,3,-1,1,MX1711,0,2,40
M158/2,M161,21:01:24,3,3,-1,MU9578,0,2,30
M112,M127,21:01:54,3,-1,1,AA2751,0,2,60
M160/1,M158/2,21:01:54,3,-1,-1,AA3137,0,2,20
M112,M127,21:02:14,3,-1,1,MX1711,0,2,30
M161,M70,21:02:14,3,3,-1,MU9578,0,2,20
M1/9,M7/1,21:03:05,3,-1,1,AA7604,0,2,121
M127,M125,21:03:05,3,-1,1,AA2751,0,2,20
M158/2,M161,21:03:15,3,-1,-1,AA3137,0,2,30
M127,M125,21:03:25,3,-1,1,MX1711,0,2,30
M70,M118,21:03:36,3,3,1,MU9578,0,2,61
M7/1,M16/1,21:03:46,3,-1,1,MW2420,0,2,173
M161,M70,21:04:17,3,-1,-1,AA3137,0,2,20
M70,M118,21:05:17,3,-1,1,AA3137,0,2,30
M125,M135/2,21:05:58,3,-1,1,AA2751,0,2,90
M16/1,M111,21:06:08,3,-1,1,MW2420,0,2,121
M125,M135/2,21:06:08,3,-1,1,MX1711,0,2,100
M111,M112,21:07:59,3,-1,1,MW2420,0,2,50
M7/1,M111,21:08:19,3,-1,1,AA7604,1,2,242
M135/2,M170/2,21:08:29,3,-1,1,AA2751,0,2,80
M135/2,M170/2,21:08:29,3,-1,1,MX1711,0,2,80
M112,M127,21:10:00,3,-1,1,MW2420,0,2,20
M170/2,M69/2,21:10:10,3,-1,1,MX1711,0,2,60
M111,M112,21:10:45,3,-1,1,AA7604,0,2,105
M127,M125,21:11:35,3,-1,1,MW2420,0,2,20
M112,M127,21:11:55,3,-1,1,AA7604,0,2,30
M170/2,M69/2,21:12:16,3,-1,1,AA2751,0,2,80
M69/2,M160/1,21:12:16,3,-1,-1,MX1711,0,2,50
M127,M125,21:12:56,3,-1,1,AA7604,0,2,20
M160/1,M158/2,21:13:06,3,-1,-1,MX1711,0,2,20
M69/2,M160/1,21:13:26,3,-1,-1,AA2751,0,2,30
M125,M135/2,21:13:47,3,-1,1,MW2420,0,2,70
M158/2,M161,21:14:07,3,-1,-1,MX1711,0,2,50
M160/1,M158/2,21:14:37,3,-1,-1,AA2751,0,2,10
M161,M70,21:14:37,3,-1,-1,MX1711,0,2,20
M125,M135/2,21:14:47,3,-1,1,AA7604,0,2,50
M70,M118,21:15:28,3,-1,1,MX1711,0,2,30
M135/2,M170/2,21:16:18,3,-1,2,MW2420,0,2,101
M135/2,M170/2,21:16:28,3,-1,2,AA7604,0,2,90
M1/9,M7/1,21:17:49,3,3,1,MX1240,0,2,121
M170/2,M69/2,21:18:09,3,-1,1,MW2420,0,2,50
M158/2,M161,21:18:50,3,-1,-1,AA2751,0,2,192
M69/2,M160/1,21:19:20,3,-1,-1,MW2420,0,2,40
M170/2,M160/1,21:19:32,3,-1,-1,AA7604,1,2,123
M160/1,M158/2,21:20:23,3,-1,-1,MW2420,0,2,10
M160/1,M158/2,21:20:34,3,-1,-1,AA7604,0,2,11
M161,M70,21:20:44,3,-1,-1,AA2751,0,2,72
M7/1,M16/1,21:21:45,3,4,1,MX1240,0,2,154
M158/2,M161,21:22:05,3,-1,-1,MW2420,0,2,40
M158/2,M161,21:22:15,3,-1,-1,AA7604,0,2,60
M70,M118,21:22:25,3,-1,1,AA2751,0,2,60
M161,M70,21:23:06,3,-1,-1,MW2420,0,2,20
M16/1,M111,21:23:26,3,4,1,MX1240,0,2,30
M161,M70,21:23:36,3,-1,-1,AA7604,0,2,30
M70,M118,21:25:57,3,-1,1,MW2420,0,2,100
M70,M118,21:26:38,3,-1,1,AA7604,0,2,131
M111,M112,21:28:29,3,5,1,MX1240,0,2,171
M7/1,M16/1,21:30:52,3,-1,1,MX1714,0,2,172
M112,M127,21:31:12,3,5,1,MX1240,0,2,82
M16/1,M111,21:32:05,3,-1,1,MX1714,0,2,30
M127,M125,21:32:36,3,5,1,MX1240,0,2,40
M111,M112,21:34:17,3,-1,1,MX1714,0,2,70
M125,M135/2,21:34:17,3,5,1,MX1240,0,2,50
M112,M127,21:35:48,3,-1,1,MX1714,0,2,30
M135/2,M170/2,21:37:08,3,5,1,MX1240,0,2,100
M127,M125,21:37:18,3,-1,1,MX1714,0,2,30
M170/2,M69/2,21:39:09,3,5,1,MX1240,0,2,60
M125,M135/2,21:39:20,3,-1,1,MX1714,0,2,60
M7/1,M16/1,21:39:52,3,1,1,MX1721,0,2,386
M69/2,M160/1,21:40:23,3,5,-1,MX1240,0,2,40
M135/2,M170/2,21:41:13,3,-1,-1,MX1714,0,2,80
M160/1,M158/2,21:41:23,3,5,-1,MX1240,0,2,10
M16/1,M111,21:42:24,3,1,-1,MX1721,0,2,90
M170/2,M69/2,21:42:54,3,-1,-1,MX1714,0,2,50
M1/9,M7/1,21:43:04,3,-1,-1,AA3137,0,2,161
M158/2,M161,21:43:25,3,5,-1,MX1240,0,2,81
M69/2,M160/1,21:44:05,3,-1,-1,MX1714,0,2,40
M161,M70,21:44:15,3,5,-1,MX1240,0,2,10
M111,M112,21:44:25,3,0,-1,MX1721,0,2,50
M160/1,M158/2,21:45:36,3,-1,-1,MX1714,0,2,40
M7/1,M16/1,21:46:16,3,-1,2,AA3137,0,2,141
M112,M127,21:46:37,3,0,1,MX1721,0,2,60
M158/2,M161,21:47:17,3,-1,-1,MX1714,0,2,60
M1/9,M7/1,21:47:47,3,3,2,MX2193,0,2,151
M127,M125,21:47:47,3,0,1,MX1721,0,2,20
M16/1,M111,21:48:38,3,-1,1,AA3137,0,2,70
M161,M70,21:48:38,3,-1,-1,MX1714,0,2,40
M125,M135/2,21:49:59,3,0,1,MX1721,0,2,90
M111,M112,21:50:39,3,-1,1,AA3137,0,2,40
M70,M118,21:50:39,3,-1,1,MX1714,0,2,60
M1/9,M7/1,21:51:09,3,-1,1,MW2614,0,2,111
M135/2,M170/2,21:51:30,3,0,1,MX1721,0,2,40
M70,M118,21:51:30,3,5,1,MX1240,0,2,393
M7/1,M16/1,21:51:40,3,4,1,MX2193,0,2,222
M112,M127,21:51:40,3,-1,1,AA3137,0,2,20
M7/1,M16/1,21:53:01,3,-1,1,MW2614,0,2,81
M170/2,M69/2,21:53:01,3,0,1,MX1721,0,2,51
M16/1,M111,21:53:11,3,4,1,MX2193,0,2,30
M127,M125,21:53:21,3,-1,1,AA3137,0,2,20
M69/2,M160/1,21:54:13,3,0,-1,MX1721,0,2,30
M160/1,M158/2,21:54:54,3,0,-1,MX1721,0,2,10
M16/1,M111,21:55:14,3,-1,1,MW2614,0,2,71
M125,M135/2,21:55:14,3,-1,1,AA3137,0,2,61
M111,M112,21:55:25,3,4,1,MX2193,0,2,61
M158/2,M161,21:56:36,3,0,-1,MX1721,0,2,71
M135/2,M170/2,21:57:27,3,-1,1,AA3137,0,2,71
M1/9,M7/1,21:57:37,3,-1,1,MW2693,0,2,112
M161,M70,21:57:37,3,0,-1,MX1721,0,2,10
M112,M127,21:57:47,3,5,1,MX2193,0,2,50
M170/2,M69/2,21:58:48,3,-1,1,AA3137,0,2,40
M127,M125,21:58:58,3,5,1,MX2193,0,2,30
M69/2,M160/1,21:59:58,3,-1,-1,AA3137,0,2,20
M70,M118,21:59:58,3,0,1,MX1721,0,2,111
M111,M112,22:00:18,3,-1,2,MW2614,0,2,161
M7/1,M16/1,22:01:19,3,-1,1,MW2693,0,2,181
M125,M135/2,22:01:19,3,5,1,MX2193,0,2,100
M112,M127,22:02:34,3,-1,1,MW2614,0,2,14
M135/2,M170/2,22:03:24,3,5,1,MX2193,0,2,74
M127,M125,22:03:35,3,-1,1,MW2614,0,2,20
M158/2,M161,22:03:35,3,-1,-1,AA3137,0,2,95
M16/1,M111,22:03:55,3,-1,1,MW2693,0,2,30
M161,M70,22:04:15,3,-1,-1,AA3137,0,2,10
M170/2,M69/2,22:05:06,3,5,1,MX2193,0,2,50
M70,M118,22:05:36,3,-1,1,AA3137,0,2,30
M125,M135/2,22:06:06,3,-1,1,MW2614,0,2,100
M69/2,M160/1,22:06:16,3,5,-1,MX2193,0,2,40
M111,M112,22:06:57,3,-1,1,MW2693,0,2,111
M112,M127,22:08:07,3,-1,1,MW2693,0,2,30
M135/2,M170/2,22:09:08,3,-1,1,MW2614,0,2,131
M127,M125,22:09:18,3,-1,1,MW2693,0,2,30
M158/2,M161,22:10:09,3,5,-1,MX2193,0,2,90
M125,M135/2,22:11:13,3,-1,1,MW2693,0,2,64
M170/2,M69/2,22:11:13,3,-1,1,MW2614,0,2,64
M161,M70,22:11:13,3,5,-1,MX2193,0,2,10
M70,M118,22:12:04,3,5,1,MX2193,0,2,20
M69/2,M160/1,22:12:34,3,-1,-1,MW2614,0,2,40
M135/2,M170/2,22:13:14,3,-1,2,MW2693,0,2,70
M160/1,M158/2,22:13:55,3,-1,-1,MW2614,0,2,20
M170/2,M69/2,22:15:05,3,-1,1,MW2693,0,2,60
M158/2,M161,22:15:36,3,-1,-1,MW2614,0,2,60
M161,M70,22:16:06,3,-1,-1,MW2614,0,2,10
M69/2,M160/1,22:16:16,3,-1,-1,MW2693,0,2,20
M70,M118,22:16:57,3,-1,1,MW2614,0,2,40
M160/1,M158/2,22:17:37,3,-1,-1,MW2693,0,2,20
M158/2,M161,22:19:18,3,-1,-1,MW2693,0,2,40
M161,M70,22:20:39,3,-1,-1,MW2693,0,2,20
M70,M118,22:22:32,3,-1,1,MW2693,0,2,83
M7/1,M16/1,22:25:04,3,-1,1,MW2420,0,2,151
M16/1,M111,22:27:26,3,-1,1,MW2420,0,2,80
M111,M112,22:29:57,3,-1,1,MW2420,0,2,80
M1/9,M7/1,22:31:08,3,-1,1,AA2751,0,2,161
M112,M127,22:31:42,3,-1,1,MW2420,0,2,44
M127,M125,22:32:55,3,-1,1,MW2420,0,2,32
M7/1,M16/1,22:34:36,3,-1,1,AA2751,0,2,143
M125,M135/2,22:35:07,3,-1,1,MW2420,0,4,60
M16/1,M111,22:36:07,3,-1,1,AA2751,0,4,20
M135/2,M170/2,22:37:08,3,-1,1,MW2420,0,4,60
M170/2,M69/2,22:38:59,3,-1,1,MW2420,0,4,50
M111,M112,22:39:09,3,-1,1,AA2751,0,4,121
M69/2,M160/1,22:40:30,3,-1,-1,MW2420,0,4,50
M7/1,M16/1,22:41:10,3,-1,2,MX1714,0,4,171
M112,M127,22:41:32,3,-1,1,AA2751,0,4,42
M160/1,M158/2,22:42:13,3,-1,-1,MW2420,0,4,30
M127,M125,22:42:43,3,-1,1,AA2751,0,4,30
M1/9,M7/1,22:44:04,3,-1,2,MX1711,0,4,173
M16/1,M111,22:44:14,3,-1,1,MX1714,0,4,121
M158/2,M161,22:44:44,3,-1,-1,MW2420,0,2,90
M125,M135/2,22:45:14,3,-1,1,AA2751,0,2,80
M161,M70,22:45:45,3,-1,-1,MW2420,0,2,10
M1/9,M7/1,22:47:06,3,-1,2,AA3137,0,2,80
M70,M118,22:47:06,3,-1,1,MW2420,0,2,50
M7/1,M16/1,22:47:26,3,-1,2,MX1711,0,2,181
M111,M112,22:47:26,3,-1,1,MX1714,0,2,100
M135/2,M170/2,22:47:26,3,-1,1,AA2751,0,2,70
M112,M127,22:48:16,3,-1,1,MX1714,0,2,20
M170/2,M69/2,22:48:57,3,-1,1,AA2751,0,2,40
M127,M125,22:49:27,3,-1,1,MX1714,0,2,30
M69/2,M160/1,22:50:17,3,-1,-1,AA2751,0,2,30
M7/1,M16/1,22:50:38,3,-1,2,AA3137,0,2,141
M16/1,M111,22:50:48,3,-1,1,MX1711,0,2,131
M125,M135/2,22:50:58,3,-1,1,MX1714,0,2,60
M160/1,M158/2,22:51:38,3,-1,-1,AA2751,0,2,10
M16/1,M111,22:52:59,3,-1,1,AA3137,0,2,70
M158/2,M161,22:52:59,3,-1,-1,AA2751,0,2,30
M135/2,M170/2,22:53:09,3,-1,1,MX1714,0,2,90
M111,M112,22:53:39,3,-1,1,MX1711,0,2,90
M161,M70,22:54:20,3,-1,-1,AA2751,0,2,20
M112,M127,22:54:35,3,-1,1,MX1711,0,2,24
M170/2,M69/2,22:54:55,3,-1,1,MX1714,0,2,55
M7/1,M16/1,22:55:05,3,-1,1,AA7604,0,2,358
M111,M112,22:55:15,3,-1,1,AA3137,0,2,55
M127,M125,22:55:25,3,-1,1,MX1711,0,2,20
M70,M118,22:55:45,3,-1,1,AA2751,0,2,50
M69/2,M160/1,22:56:05,3,-1,-1,MX1714,0,2,30
M112,M127,22:56:16,3,-1,1,AA3137,0,2,30
M125,M135/2,22:56:56,3,-1,1,MX1711,0,2,70
M16/1,M111,22:57:06,3,-1,1,AA7604,0,2,111
M160/1,M158/2,22:57:06,3,-1,-1,MX1714,0,2,20
M127,M125,22:57:26,3,-1,1,AA3137,0,2,30
M125,M135/2,22:58:47,3,-1,1,AA3137,0,2,40
M158/2,M161,22:58:47,3,-1,-1,MX1714,0,2,80
M135/2,M170/2,22:59:07,3,-1,1,MX1711,0,2,100
M161,M70,22:59:17,3,-1,-1,MX1714,0,2,10
M111,M112,23:00:08,3,-1,1,AA7604,0,2,121
M70,M118,23:00:48,3,-1,1,MX1714,0,2,50
M112,M127,23:00:58,3,-1,1,AA7604,0,2,10
M135/2,M170/2,23:01:09,3,-1,1,AA3137,0,2,111
M170/2,M69/2,23:01:09,3,-1,1,MX1711,0,2,60
M127,M125,23:01:49,3,-1,1,AA7604,0,2,20
M69/2,M160/1,23:02:19,3,-1,-1,MX1711,0,2,40
M170/2,M69/2,23:02:50,3,-1,1,AA3137,0,2,50
M160/1,M158/2,23:03:20,3,-1,-1,MX1711,0,2,20
M125,M135/2,23:03:34,3,-1,1,AA7604,0,2,54
M69/2,M160/1,23:03:44,3,-1,-1,AA3137,0,2,23
M158/2,M161,23:04:04,3,-1,-1,MX1711,0,2,20
M161,M70,23:04:44,3,-1,-1,MX1711,0,2,10
M135/2,M170/2,23:05:35,3,-1,2,AA7604,0,2,80
M70,M118,23:05:55,3,-1,1,MX1711,0,2,60
M158/2,M161,23:06:05,3,-1,-1,AA3137,0,2,20
M170/2,M69/2,23:07:06,3,-1,1,AA7604,0,2,50
M69/2,M160/1,23:07:56,3,-1,-1,AA7604,0,2,20
M161,M70,23:08:26,3,-1,-1,AA3137,0,2,20
M160/1,M158/2,23:09:07,3,-1,-1,AA7604,0,2,10
M1/9,M7/1,23:09:27,3,2,1,MX2193,0,2,50
M70,M118,23:09:27,3,-1,1,AA3137,0,2,30
M158/2,M161,23:10:58,3,-1,-1,AA7604,0,2,50
M70,M118,23:11:48,3,-1,1,AA7604,0,2,20
M7/1,M16/1,23:12:59,3,2,1,MX2193,0,2,171
M1/9,M7/1,23:14:20,3,-1,1,MW2693,0,2,70
M16/1,M111,23:14:32,3,2,1,MX2193,0,2,32
M111,M112,23:16:03,3,2,1,MX2193,0,2,30
M7/1,M16/1,23:16:23,3,-1,1,MW2693,0,2,70
M112,M127,23:17:54,3,2,1,MX2193,0,2,40
M16/1,M111,23:18:25,3,-1,1,MW2693,0,2,70
M127,M125,23:19:05,3,2,1,MX2193,0,2,30
M111,M112,23:20:46,3,-1,1,MW2693,0,2,60
M125,M135/2,23:21:16,3,2,1,MX2193,0,2,90
M112,M127,23:22:27,3,-1,1,MW2693,0,2,10
M127,M125,23:23:18,3,-1,1,MW2693,0,2,20
M135/2,M170/2,23:23:28,3,2,2,MX2193,0,2,80
M1/9,M7/1,23:24:08,3,-1,1,MX2351,0,2,141
M125,M135/2,23:24:39,3,-1,1,MW2693,0,2,40
M170/2,M69/2,23:25:19,3,2,1,MX2193,0,2,60
M135/2,M170/2,23:25:49,3,-1,1,MW2693,0,2,40
M69/2,M160/1,23:26:44,3,2,-1,MX2193,0,2,44
M160/1,M158/2,23:27:34,3,2,-1,MX2193,0,2,10
M7/1,M16/1,23:27:44,3,-1,1,MX2351,0,2,145
M170/2,M69/2,23:28:35,3,-1,1,MW2693,0,2,40
M16/1,M111,23:29:15,3,-1,1,MX2351,0,2,30
M69/2,M160/1,23:29:25,3,-1,-1,MW2693,0,2,20
M158/2,M161,23:29:46,3,2,-1,MX2193,0,2,80
M160/1,M158/2,23:30:06,3,-1,-1,MW2693,0,2,10
M161,M70,23:30:46,3,2,-1,MX2193,0,2,10
M70,M118,23:31:17,3,2,1,MX2193,0,2,20
M158/2,M161,23:31:47,3,-1,-1,MW2693,0,2,60
M111,M112,23:32:07,3,-1,1,MX2351,0,2,100
M161,M70,23:32:47,3,-1,-1,MW2693,0,2,20
M112,M127,23:33:48,3,-1,1,MX2351,0,2,20
M70,M118,23:33:58,3,-1,1,MW2693,0,2,50
M127,M125,23:34:49,3,-1,1,MX2351,0,2,20
M125,M135/2,23:37:01,3,-1,1,MX2351,0,2,101
M135/2,M170/2,23:39:15,3,-1,1,MX2351,0,4,100
M7/1,M16/1,23:40:56,3,-1,1,MW2420,0,2,201
M170/2,M69/2,23:40:56,3,-1,1,MX2351,0,2,50
M1/9,M7/1,23:41:06,3,-1,1,AA3137,0,2,40
M16/1,M111,23:41:57,3,-1,1,MW2420,0,2,20
M69/2,M160/1,23:42:07,3,-1,-1,MX2351,0,2,30
M160/1,M158/2,23:42:57,3,-1,-1,MX2351,0,2,10
M158/2,M161,23:43:58,3,-1,-1,MX2351,0,2,10
M7/1,M16/1,23:44:08,3,-1,1,AA3137,0,2,171
M111,M112,23:44:48,3,-1,1,MW2420,0,2,111
M161,M70,23:44:58,3,-1,-1,MX2351,0,2,10
M16/1,M111,23:45:59,3,-1,1,AA3137,0,2,70
M70,M118,23:46:29,3,-1,1,MX2351,0,2,50
M112,M127,23:46:40,3,-1,1,MW2420,0,2,30
M127,M125,23:47:40,3,-1,1,MW2420,0,2,30
M111,M112,23:48:00,3,-1,1,AA3137,0,2,20
M112,M127,23:49:44,3,-1,1,AA3137,0,2,20
M125,M135/2,23:49:54,3,-1,1,MW2420,0,2,103
M127,M125,23:50:24,3,-1,1,AA3137,0,2,20
M16/1,M111,23:50:34,3,-1,1,MX1714,0,2,20
M1/9,M7/1,23:51:25,3,-1,1,MX1711,0,2,111
M125,M135/2,23:51:45,3,-1,1,AA3137,0,2,40
M135/2,M170/2,23:51:45,3,-1,2,MW2420,0,2,50
M111,M112,23:52:46,3,-1,1,MX1714,0,2,70
M170/2,M69/2,23:53:16,3,-1,1,MW2420,0,2,60
M112,M127,23:53:26,3,-1,1,MX1714,0,2,20
M135/2,M170/2,23:53:26,3,-1,2,AA3137,0,2,70
M127,M125,23:54:17,3,-1,1,MX1714,0,2,30
M69/2,M160/1,23:54:27,3,-1,-1,MW2420,0,2,40
M7/1,M16/1,23:54:38,3,-1,1,MX1711,0,2,152
M170/2,M69/2,23:54:58,3,-1,1,AA3137,0,2,41
M69/2,M160/1,23:55:59,3,-1,-1,AA3137,0,2,50
M125,M135/2,23:56:19,3,-1,1,MX1714,0,2,101
M16/1,M111,23:56:59,3,-1,1,MX1711,0,2,20
M160/1,M158/2,23:57:19,3,-1,-1,AA3137,0,2,10
M135/2,M170/2,23:57:40,3,-1,1,MX1714,0,2,60
M158/2,M161,23:57:40,3,-1,-1,MW2420,0,2,60
M161,M70,23:58:10,3,-1,-1,MW2420,0,2,10
M158/2,M161,23:58:20,3,-1,-1,AA3137,0,2,40
M170/2,M69/2,23:59:03,3,-1,1,MX1714,0,2,53
M70,M118,23:59:03,3,-1,1,MW2420,0,2,30
M111,M112,23:59:14,3,-1,1,MX1711,0,2,73
M161,M70,23:59:54,3,-1,-1,AA3137,0,2,60
M69/2,M160/1,0:00:04,4,-1,-1,MX1714,0,2,30
M112,M127,0:00:55,4,-1,1,MX1711,0,2,20
M160/1,M158/2,0:00:55,4,-1,-1,MX1714,0,2,20
M70,M118,0:01:05,4,-1,1,AA3137,0,2,50
M127,M125,0:01:45,4,-1,1,MX1711,0,2,20
M158/2,M161,0:02:46,4,-1,-1,MX1714,0,2,80
M1/9,M16/1,0:03:16,4,-1,1,AA7604,1,2,295
M161,M70,0:03:16,4,-1,-1,MX1714,0,2,10
M125,M135/2,0:04:07,4,-1,1,MX1711,0,2,80
M70,M118,0:04:47,4,-1,1,MX1714,0,2,60
M16/1,M111,0:05:27,4,-1,1,AA7604,0,2,70
M135/2,M170/2,0:05:37,4,-1,1,MX1711,0,2,50
M111,M112,0:07:08,4,-1,1,AA7604,0,2,40
M170/2,M69/2,0:07:19,4,-1,1,MX1711,0,2,60
M69/2,M160/1,0:08:19,4,-1,-1,MX1711,0,2,30
M112,M127,0:08:49,4,-1,1,AA7604,0,2,10
M160/1,M158/2,0:09:20,4,-1,-1,MX1711,0,2,30
M127,M125,0:09:51,4,-1,1,AA7604,0,2,31
M158/2,M161,0:10:01,4,-1,-1,MX1711,0,2,10
M125,M135/2,0:11:05,4,-1,1,AA7604,0,2,30
M161,M70,0:11:05,4,-1,-1,MX1711,0,2,10
M70,M118,0:12:15,4,-1,1,MX1711,0,2,60
M135/2,M170/2,0:12:36,4,-1,1,AA7604,0,2,60
M170/2,M69/2,0:14:47,4,-1,1,AA7604,0,2,111
M7/1,M16/1,0:15:47,4,0,1,MX1721,0,2,356
M69/2,M160/1,0:15:47,4,-1,-1,AA7604,0,2,30
M160/1,M158/2,0:16:38,4,-1,-1,AA7604,0,2,10
M16/1,M111,0:18:09,4,0,1,MX1721,0,2,111
M158/2,M161,0:18:19,4,-1,-1,AA7604,0,2,60
M161,M70,0:19:10,4,-1,-1,AA7604,0,2,20
M111,M112,0:19:50,4,0,1,MX1721,0,2,50
M1/9,M7/1,0:20:00,4,-1,1,MW2693,0,2,71
M112,M127,0:21:34,4,0,-1,MX1721,0,2,32
M127,M125,0:21:54,4,0,-1,MX1721,0,2,10
M7/1,M16/1,0:22:24,4,-1,-1,MW2693,0,2,113
M125,M135/2,0:23:25,4,0,-1,MX1721,0,2,30
M16/1,M111,0:24:46,4,-1,-1,MW2693,0,2,111
M135/2,M170/2,0:24:56,4,0,-1,MX1721,0,2,50
M170/2,M69/2,0:26:06,4,0,1,MX1721,0,2,40
M111,M112,0:26:16,4,-1,1,MW2693,0,2,40
M69/2,M160/1,0:26:47,4,0,-1,MX1721,0,2,20
M160/1,M158/2,0:27:27,4,0,-1,MX1721,0,2,10
M112,M127,0:27:48,4,-1,1,MW2693,0,2,10
M127,M125,0:28:48,4,-1,1,MW2693,0,2,20
M158/2,M161,0:28:58,4,0,-1,MX1721,0,2,50
M161,M70,0:29:49,4,0,-1,MX1721,0,2,20
M125,M135/2,0:31:10,4,-1,1,MW2693,0,2,90
M135/2,M170/2,0:33:05,4,-1,1,MW2693,0,2,70
M1/9,M7/1,0:33:15,4,-1,1,MX2063,0,2,134
M170/2,M69/2,0:34:05,4,-1,1,MW2693,0,2,30
M69/2,M160/1,0:35:06,4,-1,-1,MW2693,0,2,20
M7/1,M16/1,0:36:17,4,-1,1,MX2063,0,2,141
M16/1,M111,0:37:27,4,-1,1,MX2063,0,2,20
M158/2,M161,0:37:37,4,-1,-1,MW2693,0,2,50
M161,M70,0:37:58,4,-1,-1,MW2693,0,2,10
M70,M118,0:38:28,4,-1,1,MW2693,0,2,20
M111,M112,0:38:48,4,-1,1,MX2063,0,2,30
M1/9,M7/1,0:39:08,4,-1,1,AA3137,0,2,90
M112,M127,0:40:39,4,-1,1,MX2063,0,2,10
M7/1,M16/1,0:41:32,4,-1,1,AA3137,0,2,133
M127,M125,0:41:42,4,-1,1,MX2063,0,2,32
M125,M135/2,0:42:53,4,-1,1,MX2063,0,2,40
M16/1,M111,0:43:23,4,-1,1,AA3137,0,2,20
M135/2,M170/2,0:44:14,4,-1,1,MX2063,0,2,40
M111,M112,0:45:25,4,-1,1,AA3137,0,2,70
M170/2,M69/2,0:45:25,4,-1,1,MX2063,0,2,50
M7/1,M16/1,0:46:06,4,-1,1,MX1714,0,2,131
M69/2,M160/1,0:46:36,4,-1,-1,MX2063,0,2,30
M112,M127,0:47:06,4,-1,1,AA3137,0,2,10
M160/1,M158/2,0:47:16,4,-1,-1,MX2063,0,2,10
M127,M125,0:48:17,4,-1,1,AA3137,0,2,20
M16/1,M111,0:48:27,4,-1,1,MX1714,0,2,111
M125,M135/2,0:49:07,4,-1,1,AA3137,0,2,30
M158/2,M161,0:49:38,4,-1,-1,MX2063,0,2,101
M161,M70,0:50:08,4,-1,-1,MX2063,0,2,10
M111,M112,0:50:18,4,-1,1,MX1714,0,2,70
M1/9,M7/1,0:50:28,4,-1,1,MX1711,0,2,80
M135/2,M170/2,0:50:38,4,-1,1,AA3137,0,2,50
M70,M118,0:50:59,4,-1,1,MX2063,0,2,30
M112,M127,0:51:49,4,-1,1,MX1714,0,2,20
M170/2,M69/2,0:51:49,4,-1,1,AA3137,0,2,40
M7/1,M16/1,0:52:10,4,-1,1,MX1711,0,2,70
M127,M125,0:52:40,4,-1,1,MX1714,0,2,20
M69/2,M160/1,0:52:50,4,-1,-1,AA3137,0,2,30
M16/1,M111,0:53:53,4,-1,1,MX1711,0,2,20
M125,M135/2,0:53:53,4,-1,1,MX1714,0,2,32
M160/1,M158/2,0:53:53,4,-1,-1,AA3137,0,2,10
M158/2,M161,0:54:44,4,-1,-1,AA3137,0,2,21
M135/2,M170/2,0:55:14,4,-1,2,MX1714,0,3,51
M111,M112,0:55:25,4,-1,1,MX1711,0,3,50
M161,M70,0:55:25,4,-1,-1,AA3137,0,3,10
M112,M127,0:56:35,4,-1,1,MX1711,0,3,20
M170/2,M69/2,0:56:35,4,-1,1,MX1714,0,3,40
M69/2,M160/1,0:57:16,4,-1,-1,MX1714,0,3,30
M127,M125,0:57:26,4,-1,1,MX1711,0,3,20
M160/1,M158/2,0:57:46,4,-1,-1,MX1714,0,3,20
M158/2,M161,0:58:37,4,-1,-1,MX1714,0,3,20
M125,M135/2,0:58:47,4,-1,1,MX1711,0,3,40
M161,M70,0:59:07,4,-1,-1,MX1714,0,3,20
M135/2,M170/2,1:00:08,4,-1,2,MX1711,0,3,60
M70,M118,1:00:08,4,-1,1,MX1714,0,3,40
M170/2,M69/2,1:01:18,4,-1,1,MX1711,0,3,40
M1/9,M7/1,1:02:19,4,-1,1,AA7604,0,3,202
M69/2,M160/1,1:02:19,4,-1,-1,MX1711,0,3,30
M160/1,M158/2,1:03:09,4,-1,-1,MX1711,0,3,20
M158/2,M161,1:03:33,4,-1,-1,MX1711,0,3,13
M161,M70,1:03:53,4,-1,-1,MX1711,0,3,10
M70,M118,1:04:54,4,-1,1,MX1711,0,3,50
M7/1,M16/1,1:05:55,4,-1,1,AA7604,0,3,165
M16/1,M111,1:07:56,4,-1,1,AA7604,0,3,60
M111,M112,1:09:57,4,-1,1,AA7604,0,3,90
M112,M127,1:10:58,4,-1,1,AA7604,0,3,20
M127,M125,1:11:58,4,-1,1,AA7604,0,3,40
M125,M135/2,1:14:00,4,-1,1,AA7604,0,3,90
M135/2,M170/2,1:16:05,4,-1,1,AA7604,0,3,95
M1/9,M7/1,1:16:56,4,0,1,MX1721,0,3,80
M170/2,M69/2,1:17:47,4,-1,1,AA7604,0,3,61
M69/2,M160/1,1:18:38,4,-1,-1,AA7604,0,3,20
M160/1,M158/2,1:19:28,4,-1,-1,AA7604,0,3,20
M7/1,M16/1,1:19:48,4,0,1,MX1721,0,3,131
M158/2,M161,1:20:55,4,-1,-1,AA7604,0,3,44
M16/1,M111,1:21:25,4,0,1,MX1721,0,3,86
M161,M70,1:21:25,4,-1,-1,AA7604,0,3,10
M111,M112,1:22:36,4,0,1,MX1721,0,3,30
M112,M127,1:23:26,4,0,1,MX1721,0,3,10
M127,M125,1:24:17,4,0,1,MX1721,0,3,10
M125,M135/2,1:25:48,4,0,1,MX1721,0,3,60
M135/2,M170/2,1:27:19,4,0,1,MX1721,0,3,60
M170/2,M69/2,1:28:29,4,0,1,MX1721,0,3,40
M69/2,M160/1,1:29:20,4,0,-1,MX1721,0,3,20
M160/1,M158/2,1:29:43,4,0,-1,MX1721,0,3,10
M158/2,M161,1:31:15,4,0,-1,MX1721,0,3,51
M7/1,M16/1,6:03:24,4,0,1,MU9578,0,2,63
M16/1,M111,6:05:15,4,0,1,MU9578,0,2,70
M111,M112,6:07:37,4,0,1,MU9578,0,2,30
M1/9,M7/1,6:08:48,4,-1,1,MX2063,0,2,131
M112,M127,6:08:58,4,0,1,MU9578,0,2,10
M127,M125,6:09:58,4,1,1,MU9578,0,2,20
M7/1,M16/1,6:11:40,4,-1,1,MX2063,0,2,151
M125,M135/2,6:12:10,4,1,1,MU9578,0,2,101
M16/1,M111,6:13:11,4,-1,1,MX2063,0,2,20
M1/9,M7/1,6:15:06,4,-1,1,MW2420,0,2,155
M111,M112,6:16:16,4,-1,1,MX2063,0,2,70
M112,M127,6:18:18,4,-1,1,MX2063,0,2,50
M135/2,M161,6:18:18,4,1,-1,MU9578,4,2,307
M7/1,M16/1,6:18:28,4,-1,1,MW2420,0,2,151
M1/9,M7/1,6:18:38,4,2,1,MX2037,0,2,101
M161,M70,6:18:58,4,1,-1,MU9578,0,2,10
M127,M125,6:19:08,4,-1,1,MX2063,0,2,20
M70,M118,6:20:19,4,0,1,MU9578,0,2,50
M125,M135/2,6:20:29,4,-1,1,MX2063,0,2,50
M16/1,M111,6:20:49,4,-1,1,MW2420,0,2,111
M7/1,M16/1,6:21:42,4,2,1,MX2037,0,2,143
M111,M112,6:22:54,4,-1,1,MW2420,0,2,61
M16/1,M111,6:24:35,4,2,1,MX2037,0,2,81
M1/9,M7/1,6:24:46,4,-1,1,MX1714,0,2,205
M112,M127,6:24:56,4,-1,1,MW2420,0,2,40
M127,M125,6:26:06,4,-1,1,MW2420,0,2,30
M7/1,M16/1,6:26:37,4,-1,1,MX1714,0,2,91
M135/2,M161,6:26:57,4,-1,-1,MX2063,4,2,347
M111,M112,6:27:07,4,2,1,MX2037,0,2,60
M161,M70,6:27:28,4,-1,-1,MX2063,0,2,10
M112,M127,6:28:18,4,2,1,MX2037,0,2,20
M125,M135/2,6:28:18,4,-1,1,MW2420,0,2,101
M16/1,M111,6:28:28,4,-1,1,MX1714,0,2,30
M70,M118,6:28:59,4,-1,1,MX2063,0,2,50
M127,M125,6:29:19,4,2,1,MX2037,0,2,10
M111,M127,6:31:33,4,-1,1,MX1714,1,2,103
M125,M135/2,6:31:33,4,1,1,MX2037,0,2,93
M7/1,M16/1,6:31:53,4,-1,1,MX1711,0,2,113
M127,M125,6:32:24,4,-1,1,MX1714,0,2,30
M135/2,M161,6:34:15,4,-1,-1,MW2420,4,2,316
M1/9,M7/1,6:34:25,4,-1,1,MX1601,0,2,111
M16/1,M111,6:34:25,4,-1,1,MX1711,0,2,30
M125,M135/2,6:34:35,4,-1,1,MX1714,0,2,91
M161,M70,6:35:05,4,-1,-1,MW2420,0,2,10
M70,M118,6:36:06,4,-1,1,MW2420,0,2,40
M111,M112,6:37:07,4,-1,1,MX1711,0,2,70
M7/1,M16/1,6:37:37,4,-1,1,MX1601,0,2,131
M112,M127,6:38:07,4,-1,1,MX1711,0,2,30
M127,M125,6:38:58,4,-1,1,MX1711,0,2,30
M135/2,M161,6:39:08,4,0,-1,MX2037,4,2,404
M16/1,M111,6:39:18,4,-1,1,MX1601,0,2,60
M161,M70,6:39:49,4,0,-1,MX2037,0,2,20
M70,M118,6:40:49,4,0,1,MX2037,0,2,30
M1/9,M7/1,6:40:59,4,2,1,MX1240,0,2,161
M125,M135/2,6:40:59,4,-1,1,MX1711,0,2,101
M135/2,M161,6:42:45,4,-1,-1,MX1714,4,2,429
M111,M112,6:43:05,4,-1,1,MX1601,0,2,196
M161,M70,6:43:05,4,-1,-1,MX1714,0,2,10
M112,M127,6:44:16,4,-1,1,MX1601,0,2,10
M7/1,M16/1,6:44:26,4,2,1,MX1240,0,2,186
M70,M118,6:44:57,4,-1,1,MX1714,0,2,101
M127,M125,6:45:27,4,-1,1,MX1601,0,2,20
M16/1,M111,6:45:47,4,2,1,MX1240,0,2,30
M125,M135/2,6:47:18,4,-1,1,MX1601,0,2,80
M135/2,M161,6:47:48,4,-1,-1,MX1711,4,2,377
M111,M112,6:47:59,4,3,1,MX1240,0,2,60
M161,M70,6:48:29,4,-1,-1,MX1711,0,2,20
M112,M127,6:49:19,4,3,1,MX1240,0,2,30
M70,M118,6:49:19,4,-1,1,MX1711,0,2,30
M1/9,M7/1,6:50:20,4,3,1,MX1721,0,2,141
M127,M125,6:50:20,4,3,1,MX1240,0,2,30
M125,M135/2,6:52:24,4,3,1,MX1240,0,2,91
M1/9,M7/1,6:53:24,4,3,1,MX2193,0,2,121
M7/1,M16/1,6:53:45,4,4,1,MX1721,0,2,141
M135/2,M161,6:54:46,4,-1,-1,MX1601,4,2,377
M161,M70,6:55:17,4,-1,-1,MX1601,0,2,10
M16/1,M111,6:55:37,4,3,1,MX1721,0,2,20
M70,M118,6:56:17,4,-1,1,MX1601,0,2,20
M7/1,M16/1,6:56:27,4,3,1,MX2193,0,2,142
M1/9,M7/1,6:56:58,4,-1,1,MX2154,0,2,121
M16/1,M111,6:57:28,4,3,1,MX2193,0,2,10
M1/9,M7/1,6:58:19,4,1,1,MU9578,0,2,91
M111,M112,6:59:29,4,2,1,MX1721,0,2,151
M7/1,M16/1,6:59:50,4,-1,1,MX2154,0,2,151
M135/2,M161,7:00:00,4,4,-1,MX1240,4,2,405
M111,M112,7:00:20,4,4,1,MX2193,0,2,101
M161,M70,7:00:42,4,4,-1,MX1240,0,2,10
M112,M127,7:01:23,4,2,1,MX1721,0,2,40
M7/1,M16/1,7:01:43,4,1,1,MU9578,0,2,163
M112,M127,7:01:43,4,4,1,MX2193,0,2,20
M70,M118,7:02:03,4,4,1,MX1240,0,2,50
M16/1,M111,7:02:13,4,-1,1,MX2154,0,2,30
M127,M125,7:02:33,4,2,1,MX1721,0,2,20
M127,M125,7:03:14,4,4,1,MX2193,0,2,20
M16/1,M111,7:04:04,4,1,1,MU9578,0,2,50
M1/9,M7/1,7:04:46,4,-1,1,MX2141,0,2,132
M125,M135/2,7:05:07,4,3,1,MX1721,0,2,82
M125,M135/2,7:05:27,4,4,1,MX2193,0,2,50
M111,M112,7:05:47,4,-1,1,MX2154,0,2,102
M111,M112,7:07:08,4,1,1,MU9578,0,2,101
M112,M127,7:07:08,4,-1,1,MX2154,0,2,50
M1/9,M7/1,7:07:58,4,-1,1,MX2063,0,2,121
M7/1,M16/1,7:08:09,4,1,1,MX2141,0,2,151
M112,M127,7:08:09,4,1,1,MU9578,0,2,10
M127,M125,7:08:19,4,-1,1,MX2154,0,2,30
M127,M125,7:10:10,4,1,1,MU9578,0,2,101
M125,M135/2,7:10:10,4,-1,1,MX2154,0,2,50
M16/1,M111,7:10:31,4,2,1,MX2141,0,2,71
M7/1,M16/1,7:11:21,4,-1,1,MX2063,0,2,152
M135/2,M161,7:11:44,4,0,-1,MX1721,4,2,326
M135/2,M161,7:12:14,4,4,-1,MX2193,4,2,336
M1/9,M7/1,7:12:24,4,-1,1,MX1983,0,2,103
M16/1,M111,7:12:34,4,-1,1,MX2063,0,2,10
M161,M70,7:12:44,4,0,-1,MX1721,0,2,10
M161,M70,7:13:05,4,4,-1,MX2193,0,2,10
M125,M135/2,7:13:25,4,1,1,MU9578,0,2,154
M111,M112,7:13:35,4,2,1,MX2141,0,2,50
M70,M118,7:14:26,4,0,1,MX1721,0,2,60
M70,M118,7:15:06,4,4,1,MX2193,0,2,91
M111,M112,7:15:26,4,-1,1,MX2063,0,2,40
M112,M127,7:15:57,4,2,1,MX2141,0,2,50
M7/1,M16/1,7:16:37,4,-1,1,MX1983,0,2,242
M112,M127,7:17:18,4,-1,1,MX2063,0,2,20
M127,M125,7:17:38,4,4,1,MX2141,0,2,30
M135/2,M161,7:18:08,4,-1,-1,MX2154,4,2,323
M127,M125,7:18:28,4,-1,1,MX2063,0,2,40
M161,M70,7:18:49,4,-1,-1,MX2154,0,2,10
M16/1,M111,7:18:59,4,-1,1,MX1983,0,2,70
M135/2,M161,7:19:49,4,1,-1,MU9578,4,2,323
M125,M135/2,7:20:00,4,4,1,MX2141,0,2,60
M161,M70,7:20:32,4,1,-1,MU9578,0,2,22
M125,M135/2,7:21:13,4,-1,1,MX2063,0,2,83
M111,M112,7:21:53,4,-1,2,MX1983,0,2,93
M1/9,M7/1,7:22:23,4,-1,1,MX1625,0,2,174
M70,M118,7:23:14,4,1,1,MU9578,0,2,71
M112,M127,7:24:15,4,-1,1,MX1983,0,2,50
M127,M125,7:25:57,4,-1,1,MX1983,0,2,30
M112,M127,7:26:17,4,-1,1,MW2420,0,2,30
M7/1,M16/1,7:26:28,4,-1,2,MX1625,0,2,162
M1/9,M7/1,7:27:18,4,1,2,MX2037,0,2,70
M127,M125,7:27:18,4,-1,1,MW2420,0,2,30
M16/1,M111,7:27:48,4,-1,1,MX1625,0,2,20
M125,M135/2,7:27:48,4,-1,1,MX1983,0,2,50
M125,M135/2,7:29:34,4,-1,1,MW2420,0,2,95
M135/2,M161,7:29:44,4,5,-1,MX2141,4,2,491
M135/2,M161,7:29:44,4,-1,-1,MX2063,4,2,450
M161,M70,7:30:34,4,5,-1,MX2141,0,2,10
M111,M112,7:30:45,4,-1,1,MX1625,0,2,60
M161,M70,7:30:45,4,-1,-1,MX2063,0,2,20
M7/1,M16/1,7:30:55,4,4,2,MX2037,0,2,135
M70,M118,7:31:35,4,5,1,MX2141,0,2,20
M70,M118,7:31:55,4,-1,1,MX2063,0,2,30
M112,M127,7:33:06,4,-1,1,MX1625,0,2,70
M16/1,M111,7:34:18,4,4,1,MX2037,0,2,92
M127,M125,7:34:28,4,-1,1,MX1625,0,2,40
M7/1,M16/1,7:35:39,4,-1,1,MX1714,0,2,132
M16/1,M111,7:36:43,4,-1,1,MX1714,0,2,33
M125,M135/2,7:37:34,4,-1,1,MX1625,0,2,114
M111,M112,7:37:44,4,4,2,MX2037,0,2,83
M135/2,M161,7:39:15,4,-1,-1,MX1983,4,2,510
M7/1,M16/1,7:39:25,4,1,1,MX2215,0,2,336
M135/2,M161,7:39:25,4,-1,-1,MW2420,4,2,510
M111,M112,7:39:55,4,-1,2,MX1714,0,2,101
M112,M127,7:40:15,4,4,1,MX2037,0,2,50
M161,M70,7:40:15,4,-1,-1,MX1983,0,2,10
M161,M70,7:40:36,4,-1,-1,MW2420,0,2,10
M16/1,M111,7:41:47,4,1,1,MX2215,0,2,60
M112,M127,7:41:57,4,-1,1,MX1714,0,2,101
M70,M118,7:42:27,4,-1,1,MX1983,0,2,91
M70,M118,7:42:27,4,-1,1,MW2420,0,2,71
M127,M125,7:43:28,4,4,1,MX2037,0,2,101
M111,M112,7:45:10,4,2,1,MX2215,0,2,101
M127,M125,7:45:52,4,-1,1,MX1714,0,2,173
M112,M127,7:46:32,4,1,1,MX2215,0,2,40
M135/2,M170/2,7:47:13,4,-1,1,MX1625,0,2,91
M125,M135/2,7:47:33,4,4,1,MX2037,0,2,101
M127,M125,7:48:14,4,1,1,MX2215,0,2,70
M7/1,M16/1,7:48:44,4,-1,1,MX1711,0,2,182
M125,M135/2,7:49:25,4,-1,1,MX1714,0,2,111
M125,M135/2,7:52:08,4,1,1,MX2215,0,2,112
M16/1,M111,7:52:18,4,-1,1,MX1711,0,2,101
M111,M112,7:56:24,4,-1,2,MX1711,0,2,165
M1/9,M7/1,7:57:36,4,2,2,MX1240,0,2,236
M170/2,M161,7:58:06,4,-1,-1,MX1625,3,2,602
M7/1,M16/1,7:58:37,4,-1,2,MX1601,0,2,388
M112,M127,7:58:37,4,-1,2,MX1711,0,2,92
M16/1,M111,7:59:17,4,-1,1,MW2183,0,2,91
M161,M70,7:59:17,4,-1,-1,MX1625,0,2,30
M127,M125,7:59:37,4,-1,1,MX1711,0,2,30
M70,M118,8:00:28,4,-1,1,MX1625,0,2,40
M111,M112,8:02:20,4,-1,1,MW2183,0,2,91
M125,M135/2,8:02:33,4,-1,1,MX1711,0,2,114
M161,M70,8:02:53,4,2,-1,MX2037,0,2,20
M161,M70,8:03:03,4,-1,-1,MX1714,0,2,10
M70,M118,8:04:24,4,-1,1,MX1714,0,2,40
M112,M127,8:04:34,4,-1,1,MW2183,0,2,60
M70,M118,8:04:34,4,1,1,MX2037,0,2,60
M161,M70,8:04:44,4,0,-1,MX2215,0,2,20
M16/1,M111,8:05:15,4,-1,1,MX1601,0,2,327
M127,M125,8:06:07,4,-1,1,MW2183,0,2,30
M70,M118,8:06:07,4,0,1,MX2215,0,2,62
M125,M135/2,8:08:39,4,-1,2,MW2183,0,2,80
M1/9,M7/1,8:09:29,4,3,2,MX2193,0,2,182
M111,M112,8:09:49,4,-1,2,MX1601,0,2,141
M112,M127,8:12:35,4,-1,1,MX1601,0,2,30
M135/2,M70,8:13:05,4,-1,-1,MX1711,5,2,510
M1/9,M7/1,8:13:15,4,3,3,MU9578,0,2,236
M70,M118,8:14:07,4,-1,1,MX1711,0,2,30
M127,M125,8:14:37,4,-1,1,MX1601,0,2,40
M16/1,M111,8:15:28,4,4,2,MX1240,0,2,213
M125,M135/2,8:18:20,4,-1,1,MX1601,0,2,161
M111,M112,8:19:35,4,5,2,MX1240,0,2,104
M1/9,M7/1,8:20:05,4,0,3,MX2141,0,2,115
M16/1,M111,8:20:35,4,3,2,MX1721,0,2,84
M161,M70,8:21:46,4,-1,-1,MW2183,0,2,10
M7/1,M16/1,8:22:27,4,4,2,MX2193,0,2,439
M70,M118,8:22:47,4,-1,1,MW2183,0,2,30
M7/1,M16/1,8:23:48,4,4,2,MU9578,0,2,622
M112,M127,8:24:38,4,5,1,MX1240,0,2,121
M111,M112,8:25:09,4,3,1,MX1721,0,2,131
M1/9,M7/1,8:25:39,4,-1,2,MX2063,0,2,91
M16/1,M111,8:26:41,4,4,2,MX2193,0,2,72
M127,M125,8:27:42,4,5,1,MX1240,0,2,20
M16/1,M111,8:28:43,4,3,2,MU9578,0,2,121
M112,M127,8:28:43,4,3,1,MX1721,0,2,91
M127,M125,8:30:35,4,3,1,MX1721,0,2,50
M111,M112,8:30:45,4,5,2,MX2193,0,2,101
M7/1,M16/1,8:31:05,4,4,3,MX2141,0,2,518
M111,M112,8:32:37,4,4,2,MU9578,0,2,213
M112,M127,8:33:28,4,5,1,MX2193,0,2,40
M161,M70,8:33:48,4,-1,-1,MX1601,0,2,20
M125,M135/2,8:34:39,4,5,1,MX1240,0,2,284
M16/1,M111,8:34:49,4,4,1,MX2141,0,2,152
M70,M118,8:34:59,4,-1,1,MX1601,0,2,30
M125,M135/2,8:35:20,4,2,2,MX1721,0,2,172
M112,M127,8:35:30,4,4,1,MU9578,0,2,50
M1/9,M7/1,8:35:40,4,-1,3,MX1983,0,2,212
M127,M125,8:36:10,4,5,1,MX2193,0,2,81
M127,M125,8:38:16,4,4,1,MU9578,0,2,145
M1/9,M7/1,8:39:06,4,-1,3,MW2420,0,2,226
M111,M112,8:39:47,4,5,2,MX2141,0,2,182
M125,M135/2,8:40:17,4,5,1,MX2193,0,2,91
M125,M135/2,8:41:48,4,4,1,MU9578,0,2,80
M112,M127,8:42:29,4,5,1,MX2141,0,2,30
M7/1,M16/1,8:43:09,4,-1,1,MX1983,0,2,429
M16/1,M111,8:43:19,4,-1,2,MX2063,0,2,222
M127,M125,8:44:34,4,5,1,MX2141,0,2,75
M7/1,M16/1,8:46:05,4,-1,2,MW2420,0,2,358
M111,M112,8:47:16,4,-1,2,MX2063,0,2,131
M16/1,M111,8:47:37,4,-1,2,MX1983,0,2,216
M125,M135/2,8:48:27,4,5,2,MX2141,0,2,91
M161,M70,8:49:28,4,0,-1,MX1721,0,2,20
M112,M127,8:49:38,4,-1,2,MX2063,0,2,70
M16/1,M111,8:49:48,4,-1,2,MW2420,0,2,81
M111,M112,8:50:49,4,-1,2,MX1983,0,2,101
M127,M125,8:51:19,4,-1,2,MX2063,0,2,50
M70,M118,8:51:40,4,0,1,MX1721,0,2,70
M1/9,M7/1,8:53:14,4,-1,2,MX1714,0,2,185
M111,M112,8:53:14,4,-1,2,MW2420,0,2,124
M112,M127,8:53:55,4,-1,3,MX1983,0,2,115
M125,M135/2,8:55:37,4,-1,2,MX2063,0,2,162
M127,M125,8:55:47,4,-1,2,MX1983,0,2,40
M112,M127,8:55:57,4,-1,3,MW2420,0,2,50
M1/9,M7/1,8:56:17,4,3,1,MX2037,0,2,183
M7/1,M16/1,8:56:47,4,-1,1,MX1714,0,2,203
M161,M70,8:57:28,4,5,-1,MX2193,0,2,10
M1/9,M7/1,8:58:18,4,3,1,MX2215,0,2,121
M127,M125,8:58:39,4,-1,2,MW2420,0,2,101
M125,M135/2,8:58:39,4,-1,2,MX1983,0,2,111
M161,M70,8:59:39,4,3,-1,MU9578,0,2,30
M70,M118,9:00:20,4,5,1,MX2193,0,2,131
M7/1,M16/1,9:00:42,4,3,1,MX2037,0,2,204
M70,M118,9:00:42,4,3,1,MU9578,0,2,52
M16/1,M111,9:00:52,4,-1,2,MX1714,0,2,133
M125,M135/2,9:01:44,4,-1,2,MW2420,0,2,144
M16/1,M111,9:03:15,4,3,2,MX2037,0,2,112
M7/1,M16/1,9:04:49,4,3,1,MX2215,0,2,319
M111,M112,9:04:59,4,-1,1,MX1714,0,2,113
M111,M112,9:05:59,4,2,2,MX2037,0,2,40
M112,M127,9:06:44,4,-1,2,MX1714,0,2,34
M161,M70,9:06:44,4,5,-1,MX2141,0,2,10
M16/1,M111,9:07:15,4,3,2,MX2215,0,2,95
M127,M125,9:08:05,4,-1,1,MX1714,0,2,40
M70,M118,9:08:15,4,5,1,MX2141,0,2,50
M112,M127,9:08:36,4,3,2,MX2037,0,2,41
M127,M125,9:10:18,4,3,1,MX2037,0,2,50
M125,M135/2,9:10:18,4,-1,2,MX1714,0,2,50
M161,M70,9:11:28,4,-1,-1,MX2063,0,2,10
M111,M112,9:11:49,4,3,2,MX2215,0,2,131
M70,M118,9:12:59,4,-1,1,MX2063,0,2,50
M112,M127,9:13:54,4,3,2,MX2215,0,2,20
M125,M135/2,9:14:15,4,3,2,MX2037,0,2,135
M127,M125,9:15:25,4,3,1,MX2215,0,2,50
M161,M70,9:17:07,4,-1,-1,MX1983,0,2,30
M125,M135/2,9:17:27,4,3,1,MX2215,0,2,70
M161,M70,9:18:28,4,-1,-1,MW2420,0,2,20
M70,M118,9:19:08,4,-1,1,MX1983,0,2,101
M70,M118,9:19:39,4,-1,1,MW2420,0,2,60
M161,M70,9:23:56,4,-1,-1,MX1714,0,2,10
M135/2,M161,9:24:36,4,1,-1,MX2037,4,2,550
M161,M70,9:25:47,4,1,-1,MX2037,0,2,20
M70,M118,9:26:07,4,-1,1,MX1714,0,2,80
M135/2,M161,9:26:37,4,0,-1,MX2215,4,2,489
M161,M70,9:27:18,4,0,-1,MX2215,0,2,10
M70,M118,9:27:38,4,1,1,MX2037,0,2,60
M70,M118,9:28:29,4,0,1,MX2215,0,2,40
M7/1,M16/1,9:31:16,4,0,1,MX1721,0,2,131
M1/9,M7/1,9:32:06,4,5,1,MX2193,0,2,121
M16/1,M111,9:33:17,4,0,2,MX1721,0,2,30
M111,M112,9:35:59,4,0,1,MX1721,0,2,50
M7/1,M16/1,9:36:40,4,5,1,MX2193,0,2,212
M127,M125,9:39:13,4,0,1,MX1721,0,2,50
M1/9,M7/1,9:40:04,4,2,1,MX1240,0,2,204
M16/1,M111,9:41:25,4,5,1,MX2193,0,2,50
M125,M135/2,9:43:46,4,0,1,MX1721,0,2,202
M7/1,M16/1,9:44:07,4,2,2,MX1240,0,2,181
M111,M112,9:44:57,4,5,1,MX2193,0,2,80
M112,M127,9:47:09,4,5,1,MX2193,0,2,80
M127,M125,9:49:20,4,5,1,MX2193,0,2,40
M1/9,M7/1,9:49:32,4,3,2,MU9578,0,2,173
M16/1,M111,9:50:02,4,3,1,MX1240,0,2,305
M7/1,M16/1,9:52:45,4,4,2,MU9578,0,2,152
M111,M112,9:52:45,4,3,1,MX1240,0,2,91
M125,M135/2,9:53:25,4,5,1,MX2193,0,2,131
M112,M127,9:54:56,4,4,1,MX1240,0,2,40
M135/2,M161,9:54:56,4,0,-1,MX1721,4,2,558
M16/1,M111,9:56:17,4,3,1,MU9578,0,2,90
M161,M70,9:56:27,4,0,-1,MX1721,0,2,30
M127,M125,9:56:48,4,4,2,MX1240,0,2,30
M1/9,M7/1,9:57:38,4,-1,2,MX2063,0,2,91
M70,M118,9:58:09,4,0,1,MX1721,0,2,60
M111,M112,9:59:30,4,3,1,MU9578,0,2,121
M125,M135/2,10:00:30,4,5,1,MX1240,0,2,131
M1/9,M7/1,10:00:50,4,3,2,MX2141,0,2,141
M7/1,M16/1,10:00:50,4,-1,2,MX2063,0,2,141
M112,M127,10:02:15,4,3,1,MU9578,0,2,63
M135/2,M161,10:02:25,4,5,-1,MX2193,4,2,458
M16/1,M111,10:02:35,4,-1,1,MX2063,0,2,50
M161,M70,10:03:35,4,5,-1,MX2193,0,2,10
M127,M125,10:03:56,4,4,1,MU9578,0,2,30
M70,M118,10:04:36,4,5,1,MX2193,0,2,30
M7/1,M16/1,10:05:17,4,3,2,MX2141,0,2,222
M125,M135/2,10:06:28,4,4,2,MU9578,0,2,101
M111,M112,10:06:58,4,-1,1,MX2063,0,2,161
M161,M70,10:07:08,4,4,-1,MX2172,0,2,20
M16/1,M111,10:07:48,4,4,1,MX2141,0,2,60
M70,M118,10:09:30,4,4,1,MX2172,0,2,111
M112,M127,10:09:50,4,-1,2,MX2063,0,2,70
M111,M112,10:11:04,4,4,1,MX2141,0,2,94
M135/2,M161,10:11:14,4,5,-1,MX1240,4,2,579
M127,M125,10:11:24,4,-1,1,MX2063,0,2,40
M161,M70,10:12:15,4,5,-1,MX1240,0,2,30
M70,M118,10:13:26,4,5,1,MX1240,0,2,60
M112,M127,10:13:36,4,5,1,MX2141,0,2,70
M125,M135/2,10:14:07,4,-1,1,MX2063,0,2,70
M135/2,M161,10:14:07,4,4,-1,MU9578,4,2,408
M1/9,M7/1,10:15:07,4,-1,1,MX2239,0,2,273
M161,M70,10:15:07,4,4,-1,MU9578,0,2,10
M127,M125,10:15:28,4,5,1,MX2141,0,2,40
M1/9,M16/1,10:15:58,4,-1,1,MX1983,1,2,347
M70,M118,10:16:38,4,4,1,MU9578,0,2,50
M1/9,M7/1,10:16:48,4,-1,1,MX1625,0,2,121
M125,M135/2,10:17:39,4,5,1,MX2141,0,2,61
M16/1,M111,10:18:33,4,-1,1,MX1983,0,2,64
M7/1,M16/1,10:18:44,4,-1,1,MX2239,0,2,155
M7/1,M16/1,10:20:55,4,-1,2,MX1625,0,2,215
M16/1,M111,10:22:06,4,-1,1,MX2239,0,2,131
M111,M112,10:22:06,4,-1,2,MX1983,0,2,101
M135/2,M161,10:22:26,4,-1,-1,MX2063,4,2,408
M161,M70,10:23:57,4,-1,-1,MX2063,0,2,20
M16/1,M111,10:24:17,4,-1,1,MX1625,0,2,70
M112,M127,10:24:38,4,-1,1,MX1983,0,2,50
M70,M118,10:25:28,4,-1,1,MX2063,0,2,50
M111,M112,10:25:48,4,-1,2,MX2239,0,2,111
M1/9,M7/1,10:26:29,4,-1,2,AA7029,0,2,101
M7/1,M16/1,10:26:29,4,4,3,MX2215,0,2,91
M127,M125,10:26:59,4,-1,1,MX1983,0,2,40
M111,M112,10:27:30,4,-1,2,MX1625,0,2,131
M135/2,M161,10:27:40,4,5,-1,MX2141,4,2,546
M112,M127,10:28:32,4,-1,2,MX2239,0,2,62
M161,M70,10:28:42,4,5,-1,MX2141,0,2,22
M125,M135/2,10:29:03,4,-1,1,MX1983,0,2,52
M16/1,M111,10:29:44,4,4,1,MX2215,0,2,83
M127,M125,10:29:44,4,-1,1,MX2239,0,2,41
M7/1,M16/1,10:30:04,4,-1,2,AA7029,0,2,124
M112,M127,10:30:14,4,-1,2,MX1625,0,2,92
M70,M118,10:30:14,4,5,1,MX2141,0,2,51
M127,M125,10:32:06,4,-1,1,MX1625,0,2,30
M1/9,M7/1,10:33:07,4,-1,2,MW2420,0,2,101
M111,M112,10:33:17,4,4,2,MX2215,0,2,90
M125,M135/2,10:33:57,4,-1,1,MX2239,0,2,202
M125,M135/2,10:34:27,4,-1,1,MX1625,0,2,60
M16/1,M112,10:35:18,4,-1,2,AA7029,1,2,263
M112,M127,10:35:28,4,3,1,MX2215,0,2,30
M127,M125,10:37:09,4,3,1,MX2215,0,2,40
M7/1,M16/1,10:37:19,4,-1,2,MW2420,0,2,222
M112,M127,10:37:29,4,-1,1,AA7029,0,2,40
M127,M125,10:38:53,4,-1,1,AA7029,0,2,33
M1/9,M7/1,10:39:14,4,-1,2,MW2183,0,2,134
M125,M135/2,10:39:24,4,3,1,MX2215,0,2,50
M125,M135/2,10:41:25,4,-1,1,AA7029,0,2,70
M7/1,M16/1,10:42:36,4,-1,2,MW2183,0,2,141
M135/2,M161,10:43:37,4,-1,-1,MX1625,4,2,438
M1/9,M7/1,10:44:07,4,3,1,MX2037,0,2,192
M16/1,M111,10:44:17,4,-1,2,MW2420,0,2,303
M135/2,M70,10:44:38,4,-1,-1,MX2239,5,2,559
M161,M70,10:44:58,4,-1,-1,MX1625,0,2,20
M70,M118,10:45:48,4,-1,1,MX2239,0,2,20
M111,M112,10:46:29,4,-1,2,MW2420,0,2,50
M70,M118,10:46:59,4,-1,1,MX1983,0,2,111
M16/1,M111,10:47:30,4,-1,2,MW2183,0,2,192
M7/1,M16/1,10:47:40,4,4,2,MX2037,0,2,111
M112,M127,10:48:33,4,-1,1,MW2420,0,2,32
M135/2,M161,10:49:34,4,0,-1,MX2215,4,2,529
M16/1,M111,10:49:54,4,4,2,MX2037,0,2,81
M111,M112,10:50:14,4,-1,2,MW2183,0,2,51
M127,M125,10:50:46,4,-1,2,MW2420,0,2,31
M161,M70,10:50:46,4,0,-1,MX2215,0,2,21
M135/2,M161,10:51:46,4,-1,-1,AA7029,4,2,550
M111,M112,10:52:27,4,4,2,MX2037,0,2,60
M112,M127,10:52:27,4,-1,1,MW2183,0,2,50
M70,M118,10:53:28,4,0,1,MX2215,0,2,111
M127,M125,10:53:38,4,-1,2,MW2183,0,2,20
M125,M135/2,10:55:09,4,-1,1,MW2420,0,2,161
M70,M118,10:55:19,4,-1,1,AA7029,0,2,141
M7/1,M16/1,10:55:59,4,-1,2,MX1714,0,2,222
M112,M127,10:56:10,4,4,1,MX2037,0,2,192
M125,M135/2,10:56:52,4,-1,1,MW2183,0,2,103
M127,M125,10:57:53,4,4,1,MX2037,0,2,40
M16/1,M111,10:58:33,4,-1,1,MX1714,0,2,40
M125,M135/2,11:00:15,4,4,1,MX2037,0,2,102
M7/1,M16/1,11:00:36,4,-1,1,MX1711,0,2,183
M111,M112,11:01:46,4,-1,2,MX1714,0,2,121
M16/1,M111,11:02:47,4,-1,1,MX1711,0,2,70
M112,M127,11:03:38,4,-1,1,MX1714,0,2,20
M135/2,M161,11:04:38,4,-1,-1,MW2420,4,2,498
M127,M125,11:04:59,4,-1,1,MX1714,0,2,50
M111,M112,11:05:09,4,-1,2,MX1711,0,2,90
M135/2,M161,11:06:00,4,-1,-1,MW2183,4,2,496
M161,M70,11:06:00,4,-1,-1,MW2420,0,2,30
M112,M127,11:06:30,4,-1,2,MX1711,0,2,60
M161,M70,11:06:50,4,-1,-1,MW2183,0,2,20
M70,M118,11:07:43,4,-1,1,MW2420,0,2,63
M125,M135/2,11:07:53,4,-1,1,MX1714,0,2,93
M127,M125,11:08:03,4,-1,1,MX1711,0,2,30
M70,M118,11:08:54,4,-1,1,MW2183,0,2,80
M135/2,M161,11:09:24,4,1,-1,MX2037,4,2,488
M161,M70,11:10:15,4,1,-1,MX2037,0,2,10
M125,M135/2,11:11:05,4,-1,1,MX1711,0,2,80
M70,M118,11:11:46,4,1,1,MX2037,0,2,50
M1/9,M7/1,11:13:07,4,-1,2,MX1601,0,2,131
M1/9,M7/1,11:16:09,4,1,1,MX2141,0,2,202
M7/1,M16/1,11:17:09,4,-1,2,MX1601,0,2,161
M135/2,M161,11:18:01,4,-1,-1,MX1714,4,2,516
M161,M70,11:19:06,4,-1,-1,MX1714,0,2,21
M16/1,M111,11:19:36,4,-1,1,MX1601,0,2,61
M7/1,M16/1,11:20:27,4,2,1,MX2141,0,2,176
M135/2,M161,11:20:47,4,-1,-1,MX1711,4,2,490
M1/9,M7/1,11:20:57,4,1,1,MX1240,0,2,186
M161,M70,11:21:38,4,-1,-1,MX1711,0,2,10
M70,M118,11:21:48,4,-1,1,MX1714,0,2,131
M16/1,M111,11:21:58,4,2,1,MX2141,0,2,50
M111,M112,11:22:08,4,-1,2,MX1601,0,2,81
M7/1,M16/1,11:24:42,4,1,1,MX1240,0,2,204
M1/9,M7/1,11:25:32,4,4,2,MX1721,0,2,153
M112,M127,11:25:32,4,-1,1,MX1601,0,2,72
M70,M118,11:25:32,4,-1,1,MX1711,0,2,194
M127,M125,11:26:54,4,-1,1,MX1601,0,2,60
M111,M112,11:27:14,4,2,2,MX2141,0,2,131
M16/1,M111,11:27:54,4,1,1,MX1240,0,2,111
M7/1,M16/1,11:29:37,4,4,2,MX1721,0,2,203
M112,M127,11:29:37,4,3,1,MX2141,0,2,30
M125,M135/2,11:30:27,4,-1,1,MX1601,0,2,101
M16/1,M111,11:31:48,4,4,1,MX1721,0,2,70
M111,M112,11:31:58,4,1,2,MX1240,0,2,141
M127,M125,11:31:58,4,5,1,MX2141,0,2,30
M112,M127,11:34:20,4,2,1,MX1240,0,2,40
M125,M135/2,11:34:53,4,5,1,MX2141,0,2,144
M111,M112,11:35:34,4,4,1,MX1721,0,2,94
M127,M125,11:35:54,4,2,1,MX1240,0,2,40
M1/9,M7/1,11:36:55,4,0,2,MX2193,0,2,225
M112,M127,11:37:45,4,4,1,MX1721,0,2,111
M125,M135/2,11:38:56,4,2,1,MX1240,0,2,101
M127,M125,11:39:27,4,4,1,MX1721,0,2,40
M7/1,M16/1,11:42:09,4,1,2,MX2193,0,2,192
M1/9,M7/1,11:43:20,4,0,2,MU9578,0,2,192
M125,M135/2,11:43:30,4,3,2,MX1721,0,2,141
M161,M70,11:43:40,4,-1,-1,MX1601,0,2,20
M16/1,M111,11:44:34,4,1,1,MX2193,0,2,53
M70,M118,11:44:54,4,-1,1,MX1601,0,2,63
M111,M112,11:46:35,4,2,1,MX2193,0,2,50
M135/2,M161,11:47:46,4,5,-1,MX2141,4,2,600
M7/1,M16/1,11:48:27,4,1,2,MU9578,0,2,183
M135/2,M161,11:49:09,4,3,-1,MX1240,4,2,561
M161,M70,11:49:19,4,5,-1,MX2141,0,2,20
M112,M127,11:49:45,4,2,1,MX2193,0,2,57
M16/1,M111,11:50:48,4,1,2,MU9578,0,2,62
M161,M70,11:50:48,4,3,-1,MX1240,0,2,41
M127,M125,11:51:42,4,3,1,MX2193,0,2,43
M70,M118,11:52:03,4,5,1,MX2141,0,2,116
M111,M112,11:52:44,4,1,2,MU9578,0,2,41
M135/2,M161,11:52:55,4,0,-1,MX1721,4,2,470
M70,M118,11:53:16,4,3,1,MX1240,0,2,116
M16/1,M111,11:53:26,4,-1,2,MX2239,0,2,83
M161,M70,11:53:58,4,0,-1,MX1721,0,2,10
M112,M127,11:55:11,4,2,1,MU9578,0,2,52
M125,M135/2,11:55:43,4,3,1,MX2193,0,2,157
M111,M112,11:56:35,4,-1,2,MX2239,0,2,136
M127,M125,11:56:46,4,2,1,MU9578,0,2,52
M70,M118,11:57:07,4,0,1,MX1721,0,2,146
M1/9,M7/1,11:57:49,4,-1,2,MW2420,0,2,147
M112,M127,11:58:42,4,-1,1,MX2239,0,2,32
M125,M135/2,11:59:45,4,2,1,MU9578,0,2,137
M1/9,M7/1,12:00:53,4,-1,2,AA7029,0,2,404
M127,M125,12:01:14,4,-1,1,MX2239,0,2,141
M7/1,M16/1,12:01:24,4,-1,2,MW2420,0,2,162
M125,M135/2,12:04:36,4,-1,1,MX2239,0,2,139
M7/1,M16/1,12:04:47,4,-1,2,AA7029,0,2,213
M16/1,M111,12:06:11,4,-1,2,MW2420,0,2,223
M135/2,M161,12:06:32,4,4,-1,MX2193,4,2,512
M161,M70,12:07:13,4,4,-1,MX2193,0,2,10
M111,M112,12:09:19,4,-1,2,MW2420,0,2,125
M70,M118,12:10:00,4,4,1,MX2193,0,2,125
M135/2,M161,12:10:21,4,2,-1,MU9578,4,2,547
M7/1,M16/1,12:11:04,4,4,2,MX2037,0,2,188
M161,M70,12:11:04,4,2,-1,MU9578,0,2,10
M16/1,M111,12:11:25,4,-1,2,AA7029,0,2,251
M112,M127,12:11:57,4,-1,1,MW2420,0,2,53
M70,M118,12:13:11,4,2,1,MU9578,0,2,84
M127,M125,12:13:32,4,-1,1,MW2420,0,2,52
M111,M112,12:14:34,4,-1,2,AA7029,0,2,73
M16/1,M111,12:14:45,4,4,2,MX2037,0,2,157
M135/2,M161,12:15:48,4,-1,-1,MX2239,4,2,618
M125,M135/2,12:16:30,4,-1,1,MW2420,0,2,136
M111,M112,12:16:40,4,4,2,MX2037,0,2,52
M1/9,M7/1,12:17:01,4,-1,2,MX1714,0,2,146
M112,M127,12:17:01,4,-1,1,AA7029,0,2,125
M70,M118,12:17:32,4,-1,1,MX2239,0,2,41
M127,M125,12:18:15,4,-1,1,AA7029,0,2,42
M112,M127,12:19:07,4,4,1,MX2037,0,2,63
M7/1,M16/1,12:21:03,4,-1,2,MX1714,0,2,189
M127,M125,12:21:03,4,4,1,MX2037,0,2,63
M125,M135/2,12:21:24,4,-1,1,AA7029,0,2,126
M125,M135/2,12:23:55,4,4,1,MX2037,0,2,77
M135/2,M161,12:24:05,4,-1,-1,MW2420,4,2,393
M161,M70,12:24:47,4,-1,-1,MW2420,0,2,10
M70,M118,12:26:33,4,-1,1,MW2420,0,2,73
M16/1,M111,12:29:10,4,-1,1,MX1714,0,2,382
M135/2,M161,12:29:10,4,-1,-1,AA7029,4,2,413
M7/1,M16/1,12:29:35,4,-1,2,MX1711,0,2,203
M161,M70,12:30:17,4,-1,-1,AA7029,0,2,21
M7/1,M16/1,12:31:54,4,-1,2,MW2630,0,2,163
M70,M118,12:32:15,4,-1,1,AA7029,0,2,106
M135/2,M161,12:32:56,4,2,-1,MX2037,4,2,468
M16/1,M111,12:33:49,4,-1,1,MX1711,0,2,83
M111,M112,12:33:59,4,-1,2,MX1714,0,2,190
M161,M70,12:33:59,4,2,-1,MX2037,0,2,10
M16/1,M111,12:35:26,4,-1,1,MW2630,0,2,118
M70,M118,12:35:37,4,2,1,MX2037,0,2,62
M112,M127,12:36:29,4,-1,1,MX1714,0,2,41
M111,M112,12:37:00,4,-1,1,MX1711,0,2,115
M127,M125,12:37:42,4,-1,1,MX1714,0,2,31
M111,M112,12:38:14,4,-1,1,MW2630,0,2,73
M112,M127,12:38:45,4,-1,1,MX1711,0,2,52
M7/1,M16/1,12:39:27,4,-1,2,MX1601,0,2,167
M112,M127,12:40:33,4,-1,1,MW2630,0,2,107
M125,M135/2,12:40:43,4,-1,1,MX1714,0,2,97
M1/9,M7/1,12:40:54,4,-1,2,AA7020,0,2,202
M127,M125,12:41:15,4,-1,2,MX1711,0,2,107
M16/1,M111,12:41:58,4,-1,1,MX1601,0,2,84
M127,M125,12:42:40,4,-1,2,MW2630,0,2,84
M125,M135/2,12:43:55,4,-1,1,MX1711,0,2,107
M111,M112,12:44:58,4,-1,1,MX1601,0,2,96
M1/9,M7/1,12:45:40,4,3,2,MX1240,0,2,115
M7/1,M16/1,12:46:01,4,-1,2,AA7020,0,2,222
M125,M135/2,12:46:22,4,-1,2,MW2630,0,2,146
M112,M127,12:47:17,4,-1,1,MX1601,0,2,42
M16/1,M111,12:48:43,4,-1,1,AA7020,0,2,75
M127,M125,12:48:43,4,-1,1,MX1601,0,2,33
M135/2,M161,12:49:15,4,-1,-1,MX1714,4,2,436
M7/1,M16/1,12:49:25,4,3,2,MX1240,0,2,193
M161,M70,12:50:17,4,-1,-1,MX1714,0,2,20
M135/2,M170/2,12:50:28,4,-1,2,MW2630,0,2,104
M125,M135/2,12:51:20,4,-1,2,MX1601,0,2,62
M111,M112,12:51:44,4,-1,1,AA7020,0,2,107
M70,M118,12:51:44,4,-1,1,MX1714,0,2,44
M16/1,M111,12:52:57,4,3,1,MX1240,0,2,148
M1/9,M7/1,12:53:39,4,2,2,MX1721,0,2,159
M112,M127,12:54:10,4,-1,1,AA7020,0,2,21
M135/2,M161,12:54:10,4,-1,-1,MX1711,4,2,488
M111,M112,12:55:14,4,3,1,MX1240,0,2,63
M161,M70,12:55:14,4,-1,-1,MX1711,0,2,21
M127,M125,12:56:17,4,-1,2,AA7020,0,2,52
M7/1,M16/1,12:56:48,4,2,2,MX1721,0,2,126
M112,M127,12:56:48,4,3,1,MX1240,0,2,52
M70,M118,12:57:42,4,-1,1,MX1711,0,2,106
M127,M125,12:58:03,4,3,2,MX1240,0,2,31
M125,M135/2,12:58:24,4,-1,1,AA7020,0,2,64
M16/1,M111,12:58:35,4,2,1,MX1721,0,2,52
M1/9,M7/1,12:59:59,4,3,2,MX2193,0,2,125
M135/2,M161,13:00:45,4,-1,-1,MX1601,4,2,519
M125,M135/2,13:01:16,4,3,1,MX1240,0,2,119
M161,M70,13:01:48,4,-1,-1,MX1601,0,2,10
M111,M112,13:02:09,4,2,1,MX1721,0,2,107
M70,M118,13:03:22,4,-1,1,MX1601,0,2,52
M112,M127,13:03:32,4,2,1,MX1721,0,2,10
M7/1,M16/1,13:04:04,4,4,2,MX2193,0,2,167
M127,M125,13:04:57,4,2,2,MX1721,0,2,32
M161,M70,13:05:50,4,-1,-1,MW2630,0,2,10
M70,M118,13:07:17,4,-1,1,MW2630,0,2,42
M16/1,M111,13:07:38,4,4,1,MX2193,0,2,86
M125,M135/2,13:08:09,4,1,1,MX1721,0,2,118
M135/2,M161,13:10:28,4,4,-1,MX1240,4,2,499
M111,M112,13:11:03,4,4,2,MX2193,0,2,118
M161,M70,13:12:28,4,4,-1,MX1240,0,2,21
M1/9,M7/1,13:13:09,4,3,2,MU9578,0,2,125
M112,M127,13:13:20,4,5,1,MX2193,0,2,41
M70,M118,13:14:46,4,4,1,MX1240,0,2,96
M127,M125,13:14:56,4,5,1,MX2193,0,2,41
M7/1,M16/1,13:15:58,4,3,2,MU9578,0,2,145
M125,M135/2,13:17:56,4,5,1,MX2193,0,2,106
M16/1,M111,13:18:27,4,3,1,MU9578,0,2,64
M161,M70,13:21:13,4,0,-1,MX1721,0,2,10
M111,M112,13:22:38,4,3,1,MU9578,0,2,95
M70,M118,13:22:58,4,0,1,MX1721,0,2,72
M112,M127,13:24:55,4,3,1,MU9578,0,2,64
M16/1,M111,13:25:16,4,-1,1,MX2063,0,2,31
M127,M125,13:28:17,4,3,2,MU9578,0,2,170
M1/9,M7/1,13:29:02,4,-1,2,MW2420,0,2,194
M111,M112,13:29:13,4,-1,1,MX2063,0,2,76
M161,M70,13:31:19,4,5,-1,MX2193,0,2,21
M112,M127,13:31:41,4,-1,1,MX2063,0,2,64
M125,M135/2,13:31:52,4,4,2,MU9578,0,2,95
M7/1,M16/1,13:32:24,4,-1,3,MW2420,0,2,158
M127,M125,13:33:05,4,-1,1,MX2063,0,2,30
M70,M118,13:33:46,4,5,1,MX2193,0,2,62
M7/1,M16/1,13:35:34,4,2,2,MX2037,0,2,159
M16/1,M111,13:36:16,4,-1,1,MW2420,0,2,181
M125,M135/2,13:37:40,4,-1,1,MX2063,0,2,191
M16/1,M111,13:38:32,4,2,1,MX2037,0,2,114
M111,M112,13:40:06,4,-1,1,MW2420,0,2,73
M111,M112,13:41:40,4,2,1,MX2037,0,2,125
M1/9,M7/1,13:41:50,4,-1,2,MX1714,0,2,103
M112,M127,13:42:21,4,-1,1,MW2420,0,2,51
M135/2,M161,13:42:44,4,5,-1,MU9578,4,2,589
M127,M125,13:43:57,4,-1,1,MW2420,0,2,20
M112,M127,13:44:07,4,1,1,MX2037,0,2,31
M7/1,M16/1,13:45:10,4,-1,2,MX1714,0,2,155
M127,M125,13:45:10,4,1,1,MX2037,0,2,20
M161,M118,13:46:07,4,5,1,MU9578,1,2,181
M135/2,M161,13:46:28,4,-1,-1,MX2063,4,2,454
M16/1,M111,13:47:09,4,-1,1,MX1714,0,2,51
M125,M135/2,13:47:19,4,-1,1,MW2420,0,2,119
M161,M70,13:47:32,4,-1,-1,MX2063,0,2,12
M125,M135/2,13:48:34,4,1,1,MX2037,0,2,157
M111,M112,13:49:36,4,-1,1,MX1714,0,2,93
M70,M118,13:50:08,4,-1,1,MX2063,0,2,124
M112,M127,13:52:06,4,-1,1,MX1714,0,2,55
M127,M125,13:53:50,4,-1,2,MX1714,0,2,41
M7/1,M16/1,13:54:32,4,-1,2,MX1711,0,2,177
M125,M135/2,13:56:19,4,-1,1,MX1714,0,2,107
M16/1,M111,13:57:12,4,-1,1,MX1711,0,2,93
M135/2,M161,13:58:24,4,-1,-1,MW2420,4,2,559
M135/2,M161,13:59:17,4,1,-1,MX2037,4,2,559
M161,M70,13:59:27,4,-1,-1,MW2420,0,2,21
M111,M112,14:00:30,4,-1,1,MX1711,0,2,135
M161,M70,14:00:30,4,1,-1,MX2037,0,2,31
M70,M118,14:01:32,4,-1,1,MW2420,0,2,93
M70,M118,14:02:04,4,0,1,MX2037,0,2,72
M1/9,M7/1,14:02:25,4,-1,1,MX1601,0,2,104
M112,M127,14:02:35,4,-1,1,MX1711,0,2,31
M127,M125,14:03:49,4,-1,2,MX1711,0,2,31
M135/2,M161,14:05:59,4,-1,-1,MX1714,4,2,527
M7/1,M16/1,14:06:20,4,-1,2,MX1601,0,2,172
M161,M70,14:07:02,4,-1,-1,MX1714,0,2,20
M125,M135/2,14:07:12,4,-1,1,MX1711,0,2,104
M1/9,M7/1,14:08:57,4,2,1,MX1240,0,2,188
M16/1,M111,14:08:57,4,-1,1,MX1601,0,2,94
M111,M112,14:12:59,4,-1,1,MX1601,0,2,148
M7/1,M16/1,14:13:52,4,4,2,MX1240,0,2,180
M112,M127,14:15:28,4,-1,1,MX1601,0,2,63
M127,M125,14:16:44,4,-1,1,MX1601,0,2,24
M135/2,M161,14:17:47,4,-1,-1,MX1711,4,2,561
M161,M70,14:18:18,4,-1,-1,MX1711,0,2,10
M16/1,M111,14:18:28,4,4,1,MX1240,0,2,191
M7/1,M16/1,14:18:39,4,2,3,MX1721,0,2,149
M70,M118,14:20:13,4,-1,1,MX1711,0,2,83
M125,M135/2,14:20:23,4,-1,1,MX1601,0,2,135
M16/1,M111,14:21:57,4,1,1,MX1721,0,2,104
M111,M112,14:21:57,4,4,1,MX1240,0,2,136
M1/9,M7/1,14:23:10,4,3,2,MX2193,0,2,114
M112,M127,14:24:37,4,4,1,MX1240,0,2,52
M111,M112,14:25:24,4,0,2,MX1721,0,2,99
M127,M125,14:25:56,4,5,1,MX1240,0,2,31
M7/1,M16/1,14:27:10,4,4,1,MX2193,0,2,153
M16/1,M111,14:29:06,4,4,1,MX2193,0,2,25
M127,M125,14:29:26,4,0,1,MX1721,0,2,55
M125,M135/2,14:29:26,4,5,1,MX1240,0,2,135
M135/2,M161,14:31:09,4,-1,-1,MX1601,4,2,561
M161,M70,14:32:12,4,-1,-1,MX1601,0,2,20
M111,M112,14:32:55,4,5,2,MX2193,0,2,116
M125,M135/2,14:33:37,4,0,1,MX1721,0,2,148
M112,M127,14:34:08,4,5,1,MX2193,0,2,20
M70,M118,14:34:29,4,-1,1,MX1601,0,2,73
M127,M125,14:36:17,4,5,1,MX2193,0,2,31
M7/1,M16/1,14:37:32,4,-1,2,MX1983,0,2,204
M125,M135/2,14:39:07,4,5,1,MX2193,0,2,73
M1/9,M7/1,14:40:45,4,4,1,MU9578,0,2,139
M135/2,M161,14:41:06,4,5,-1,MX1240,4,2,501
M16/1,M111,14:41:47,4,-1,1,MX1983,0,2,191
M1/9,M7/1,14:42:18,4,-1,1,MX2063,0,2,148
M161,M70,14:42:39,4,5,-1,MX1240,0,2,41
M7/1,M16/1,14:45:33,4,4,2,MU9578,0,2,236
M7/1,M16/1,14:45:33,4,-1,2,MX2063,0,2,132
M70,M118,14:45:33,4,5,1,MX1240,0,2,122
M111,M112,14:46:05,4,-1,1,MX1983,0,2,122
M161,M70,14:46:25,4,0,-1,MX1721,0,2,20
M112,M127,14:48:29,4,-1,2,MX1983,0,2,41
M1/9,M7/1,14:49:00,4,-1,2,MX1625,0,2,124
M127,M125,14:49:32,4,-1,1,MX1983,0,2,31
M16/1,M111,14:50:13,4,4,1,MU9578,0,2,197
M70,M118,14:50:13,4,0,1,MX1721,0,2,155
M16/1,M111,14:50:35,4,-1,1,MX2063,0,2,280
M125,M135/2,14:51:58,4,-1,1,MX1983,0,2,62
M111,M112,14:53:11,4,4,1,MU9578,0,2,51
M7/1,M16/1,14:54:26,4,-1,2,MX1625,0,2,189
M111,M112,14:54:57,4,-1,1,MX2063,0,2,106
M112,M127,14:55:28,4,4,1,MU9578,0,2,31
M1/9,M7/1,14:55:39,4,-1,2,AA2836,0,2,189
M112,M127,14:57:17,4,-1,1,MX2063,0,2,66
M127,M125,14:58:51,4,5,1,MU9578,0,2,93
M16/1,M111,14:59:42,4,-1,1,MX1625,0,2,187
M127,M125,14:59:42,4,-1,1,MX2063,0,2,62
M1/9,M7/1,15:00:03,4,0,2,MX2215,0,2,197
M125,M135/2,15:01:38,4,5,1,MU9578,0,2,115
M7/1,M16/1,15:01:59,4,-1,2,AA2836,0,2,323
M135/2,M161,15:02:55,4,-1,-1,MX1983,4,2,560
M1/9,M7/1,15:03:37,4,1,2,MX2037,0,2,119
M125,M135/2,15:03:47,4,-1,1,MX2063,0,2,161
M111,M112,15:04:08,4,-1,1,MX1625,0,2,129
M16/1,M111,15:04:18,4,-1,1,AA2836,0,2,61
M161,M70,15:04:39,4,-1,-1,MX1983,0,2,41
M7/1,M16/1,15:05:10,4,1,3,MX2215,0,2,254
M112,M127,15:06:05,4,-1,1,MX1625,0,2,20
M127,M125,15:07:38,4,-1,1,MX1625,0,2,31
M111,M112,15:07:59,4,-1,1,AA2836,0,2,210
M7/1,M16/1,15:08:51,4,1,3,MX2037,0,2,196
M16/1,M111,15:08:51,4,1,1,MX2215,0,2,83
M1/9,M7/1,15:09:44,4,-1,2,MW2183,0,2,177
M125,M135/2,15:10:35,4,-1,1,MX1625,0,2,125
M112,M125,15:11:46,4,-1,2,AA2836,1,2,132
M111,M112,15:12:26,4,0,1,MX2215,0,2,131
M7/1,M16/1,15:13:37,4,-1,2,MW2183,0,2,212
M112,M127,15:13:47,4,0,1,MX2215,0,2,20
M135/2,M161,15:14:07,4,-1,-1,MX2063,4,2,578
M125,M135/2,15:14:28,4,-1,1,AA2836,0,2,50
M127,M125,15:14:58,4,0,2,MX2215,0,2,30
M161,M70,15:15:28,4,5,-1,MU9578,0,2,20
M161,M70,15:16:09,4,-1,-1,MX2063,0,2,30
M16/1,M111,15:16:29,4,1,2,MX2037,0,2,303
M70,M118,15:17:20,4,5,1,MU9578,0,2,70
M125,M135/2,15:17:50,4,0,2,MX2215,0,2,131
M70,M118,15:18:10,4,-1,1,MX2063,0,2,101
M111,M112,15:18:52,4,1,2,MX2037,0,2,82
M1/9,M7/1,15:19:23,4,-1,2,MX1711,0,2,72
M16/1,M111,15:20:24,4,-1,1,MW2183,0,2,377
M112,M127,15:20:24,4,2,1,MX2037,0,2,50
M135/2,M161,15:21:35,4,-1,-1,MX1625,4,2,579
M7/1,M16/1,15:21:45,4,-1,2,MX1714,0,2,366
M127,M125,15:22:06,4,1,1,MX2037,0,2,50
M111,M112,15:22:26,4,-1,1,MW2183,0,2,40
M161,M70,15:22:46,4,-1,-1,MX1625,0,2,30
M135/2,M161,15:24:17,4,-1,-1,AA2836,4,2,508
M112,M127,15:24:27,4,-1,1,MW2183,0,2,40
M70,M118,15:24:27,4,-1,1,MX1625,0,2,60
M7/1,M16/1,15:24:37,4,-1,2,MX1711,0,2,293
M127,M125,15:25:28,4,-1,1,MW2183,0,2,20
M161,M70,15:25:38,4,-1,-1,AA2836,0,2,40
M135/2,M161,15:26:08,4,0,-1,MX2215,4,2,467
M125,M135/2,15:27:09,4,1,1,MX2037,0,2,272
M16/1,M111,15:27:29,4,-1,1,MX1714,0,2,182
M161,M70,15:27:39,4,0,-1,MX2215,0,2,30
M125,M135/2,15:28:10,4,-1,1,MW2183,0,2,91
M70,M118,15:29:48,4,0,1,MX2215,0,2,88
M111,M112,15:31:19,4,-1,1,MX1714,0,2,81
M16/1,M111,15:31:50,4,-1,1,MX1711,0,2,210
M1/9,M7/1,15:32:00,4,-1,2,MX1601,0,2,121
M112,M127,15:32:41,4,-1,1,MX1714,0,2,41
M127,M125,15:34:33,4,-1,1,MX1714,0,2,60
M111,M112,15:34:53,4,-1,1,MX1711,0,2,50
M7/1,M16/1,15:35:35,4,-1,3,MX1601,0,2,132
M112,M127,15:35:55,4,-1,1,MX1711,0,2,20
M135/2,M161,15:36:45,4,1,-1,MX2037,4,2,515
M127,M125,15:37:37,4,-1,1,MX1711,0,2,71
M125,M135/2,15:37:37,4,-1,1,MX1714,0,2,112
M135/2,M161,15:38:38,4,-1,-1,MW2183,4,2,509
M125,M135/2,15:39:28,4,-1,1,MX1711,0,2,60
M161,M70,15:39:38,4,-1,-1,MW2183,0,2,20
M70,M118,15:40:29,4,0,1,MX2037,0,2,131
M16/1,M111,15:41:09,4,-1,1,MX1601,0,2,294
M70,M118,15:41:40,4,-1,1,MW2183,0,2,90
M1/9,M7/1,15:41:50,4,-1,2,MX2141,0,2,121
M1/9,M7/1,15:43:15,4,-1,2,AA2998,0,2,115
M111,M112,15:44:15,4,-1,1,MX1601,0,2,70
M7/1,M16/1,15:45:16,4,-1,2,MX2141,0,2,161
M7/1,M16/1,15:46:47,4,-1,2,AA2998,0,2,141
M112,M127,15:46:47,4,-1,1,MX1601,0,2,60
M135/2,M161,15:47:07,4,-1,-1,MX1714,4,2,469
M161,M70,15:47:58,4,-1,-1,MX1714,0,2,20
M127,M125,15:48:08,4,-1,1,MX1601,0,2,30
M16/1,M111,15:48:18,4,1,1,MX2141,0,2,111
M16/1,M111,15:48:48,4,-1,1,AA2998,0,2,50
M135/2,M161,15:48:58,4,-1,-1,MX1711,4,2,539
M70,M118,15:49:49,4,-1,1,MX1714,0,2,70
M161,M70,15:50:09,4,-1,-1,MX1711,0,2,20
M125,M135/2,15:51:10,4,-1,1,MX1601,0,2,121
M1/9,M7/1,15:51:35,4,0,1,MX1721,0,2,136
M111,M112,15:53:06,4,1,1,MX2141,0,2,176
M111,M112,15:53:26,4,-1,1,AA2998,0,2,111
M70,M118,15:54:17,4,-1,1,MX1711,0,2,196
M112,M127,15:54:37,4,1,1,MX2141,0,2,30
M7/1,M16/1,15:54:57,4,0,2,MX1721,0,2,171
M112,M127,15:55:47,4,-1,1,AA2998,0,2,30
M127,M125,15:55:58,4,1,1,MX2141,0,2,40
M127,M125,15:56:48,4,-1,1,AA2998,0,2,30
M1/9,M7/1,15:57:49,4,3,1,MX2193,0,2,161
M16/1,M111,15:58:09,4,0,1,MX1721,0,2,111
M125,M135/2,15:58:29,4,2,1,MX2141,0,2,100
M125,M135/2,16:00:20,4,-1,1,AA2998,0,2,161
M7/1,M16/1,16:00:44,4,3,2,MX2193,0,2,144
M1/9,M7/1,16:00:54,4,2,1,MX2172,0,2,114
M111,M112,16:00:54,4,0,1,MX1721,0,2,54
M161,M70,16:03:15,4,-1,-1,MX1601,0,2,30
M70,M118,16:03:56,4,-1,1,MX1601,0,2,10
M112,M127,16:04:17,4,0,1,MX1721,0,2,81
M7/1,M16/1,16:04:27,4,3,2,MX2172,0,2,152
M16/1,M111,16:05:48,4,4,1,MX2193,0,2,213
M1/9,M7/1,16:05:58,4,-1,1,MX1983,0,2,223
M127,M125,16:06:18,4,0,1,MX1721,0,2,70
M16/1,M111,16:08:55,4,3,1,MX2172,0,2,186
M111,M112,16:09:35,4,4,1,MX2193,0,2,121
M7/1,M16/1,16:10:27,4,-1,2,MX1983,0,2,193
M125,M135/2,16:10:27,4,0,2,MX1721,0,2,61
M111,M112,16:11:49,4,2,2,MX2172,0,2,81
M112,M127,16:11:59,4,4,1,MX2193,0,2,50
M161,M70,16:12:29,4,3,-1,MX2141,0,2,20
M127,M125,16:13:42,4,5,1,MX2193,0,2,32
M112,M127,16:14:26,4,2,1,MX2172,0,2,86
M7/1,M16/1,16:14:47,4,1,2,MU9578,0,2,229
M16/1,M111,16:14:47,4,-1,2,MX1983,0,2,168
M70,M118,16:14:47,4,2,1,MX2141,0,2,87
M125,M135/2,16:15:38,4,5,2,MX2193,0,2,50
M127,M125,16:15:58,4,2,1,MX2172,0,2,60
M1/9,M7/1,16:16:50,4,-1,2,MX2063,0,2,230
M16/1,M111,16:18:21,4,1,2,MU9578,0,2,80
M111,M112,16:18:43,4,-1,2,MX1983,0,2,144
M125,M135/2,16:19:03,4,1,2,MX2172,0,2,122
M7/1,M16/1,16:19:43,4,-1,2,MX2063,0,2,132
M112,M127,16:21:24,4,-1,1,MX1983,0,2,50
M111,M112,16:22:25,4,2,1,MU9578,0,2,80
M16/1,M111,16:22:45,4,-1,1,MX2063,0,2,90
M7/1,M16/1,16:23:26,4,-1,3,MX1625,0,2,161
M127,M125,16:23:36,4,-1,2,MX1983,0,2,60
M161,M70,16:24:06,4,0,-1,MX1721,0,2,30
M1/9,M7/1,16:24:47,4,-1,2,AA2836,0,2,191
M112,M127,16:25:37,4,2,1,MU9578,0,2,90
M16/1,M111,16:26:07,4,-1,1,MX1625,0,2,101
M111,M112,16:26:07,4,-1,1,MX2063,0,2,141
M125,M135/2,16:26:38,4,-1,1,MX1983,0,2,81
M112,M127,16:27:28,4,-1,1,MX2063,0,2,40
M111,M112,16:27:59,4,-1,1,MX1625,0,2,40
M70,M118,16:28:29,4,0,2,MX1721,0,2,202
M7/1,M16/1,16:28:49,4,-1,3,AA2836,0,2,161
M127,M125,16:28:49,4,2,1,MU9578,0,2,161
M161,M70,16:28:59,4,5,-1,MX2193,0,2,20
M127,M125,16:29:20,4,-1,1,MX2063,0,2,80
M70,M118,16:30:01,4,5,2,MX2193,0,2,41
M112,M127,16:30:32,4,-1,1,MX1625,0,2,72
M16/1,M111,16:30:42,4,-1,1,AA2836,0,2,31
M1/9,M7/1,16:31:02,4,2,2,MX2215,0,2,203
M125,M135/2,16:32:34,4,2,1,MU9578,0,2,132
M161,M70,16:32:54,4,0,-1,MX2172,0,2,20
M127,M125,16:33:04,4,-1,1,MX1625,0,2,50
M125,M135/2,16:33:34,4,-1,1,MX2063,0,2,161
M70,M118,16:34:35,4,0,2,MX2172,0,2,70
M7/1,M16/1,16:34:55,4,3,3,MX2215,0,2,151
M111,M112,16:35:25,4,-1,1,AA2836,0,2,141
M125,M135/2,16:36:26,4,-1,1,MX1625,0,2,141
M16/1,M111,16:37:06,4,2,1,MX2215,0,2,60
M112,M127,16:37:47,4,-1,2,AA2836,0,2,90
M1/9,M7/1,16:37:57,4,2,1,MX2037,0,2,232
M127,M125,16:38:47,4,-1,1,AA2836,0,2,30
M111,M112,16:39:28,4,1,1,MX2215,0,2,80
M161,M70,16:41:09,4,-1,-1,MX1983,0,2,10
M125,M135/2,16:41:39,4,-1,1,AA2836,0,2,50
M112,M127,16:41:49,4,1,2,MX2215,0,2,30
M7/1,M16/1,16:41:59,4,2,1,MX2037,0,2,182
M127,M125,16:44:25,4,1,2,MX2215,0,2,75
M16/1,M111,16:45:36,4,2,1,MX2037,0,2,111
M70,M118,16:45:46,4,2,2,MU9578,0,2,40
M125,M135/2,16:47:07,4,0,2,MX2215,0,2,71
M161,M70,16:47:07,4,-1,-1,MX2063,0,2,20
M16/1,M111,16:47:38,4,-1,1,MW2183,0,2,111
M7/1,M16/1,16:47:58,4,-1,2,MX1714,0,2,131
M70,M118,16:47:58,4,-1,2,MX2063,0,2,40
M111,M112,16:49:09,4,2,1,MX2037,0,2,121
M1/9,M7/1,16:49:53,4,-1,1,MX1711,0,2,267
M161,M70,16:50:03,4,-1,-1,MX1625,0,2,20
M16/1,M111,16:50:23,4,-1,1,MX1714,0,2,40
M111,M112,16:50:23,4,-1,1,MW2183,0,2,95
M112,M127,16:51:15,4,2,2,MX2037,0,2,40
M70,M118,16:51:35,4,-1,1,MX1625,0,2,40
M112,M127,16:52:36,4,-1,2,MW2183,0,2,40
M127,M125,16:53:06,4,2,1,MX2037,0,2,40
M127,M125,16:53:37,4,-1,1,MW2183,0,2,20
M111,M112,16:54:17,4,-1,1,MX1714,0,2,90
M7/1,M16/1,16:54:27,4,-1,2,MX1711,0,2,202
M125,M135/2,16:55:28,4,2,1,MX2037,0,2,60
M125,M135/2,16:55:38,4,-1,1,MW2183,0,2,60
M16/1,M111,16:56:49,4,-1,1,MX1711,0,2,70
M112,M127,16:57:20,4,-1,1,MX1714,0,2,71
M127,M125,16:58:54,4,-1,1,MX1714,0,2,50
M161,M70,16:59:24,4,0,-1,MX2215,0,2,10
M1/9,M7/1,16:59:55,4,-1,2,MX1601,0,2,141
M111,M112,16:59:55,4,-1,1,MX1711,0,2,40
M70,M118,17:00:55,4,0,-1,MX2215,0,2,50
M125,M135/2,17:01:05,4,-1,-1,MX1714,0,2,70
M112,M127,17:02:16,4,-1,-1,MX1711,0,2,40
M127,M125,17:03:37,4,-1,-1,MX1711,0,2,40
M7/1,M16/1,17:03:57,4,-1,-1,MX1601,0,2,161
M135/2,M161,17:05:39,4,1,-1,MX2037,4,2,550
M125,M135/2,17:05:59,4,-1,2,MX1711,0,2,80
M135/2,M161,17:05:59,4,-1,-1,MW2183,4,2,539
M161,M70,17:06:33,4,1,-1,MX2037,0,2,23
M161,M70,17:06:53,4,-1,-1,MW2183,0,2,10
M16/1,M111,17:08:34,4,-1,1,MX1601,0,2,205
M70,M118,17:08:34,4,-1,1,MW2183,0,2,80
M1/9,M7/1,17:10:26,4,-1,1,AA2998,0,2,212
M135/2,M161,17:12:17,4,-1,-1,MX1714,4,2,610
M111,M112,17:13:07,4,-1,1,MX1601,0,2,121
M161,M70,17:13:07,4,-1,-1,MX1714,0,2,20
M7/1,M16/1,17:14:28,4,-1,2,AA2998,0,2,232
M112,M127,17:15:29,4,-1,1,MX1601,0,2,30
M70,M118,17:15:39,4,-1,2,MX1714,0,2,141
M1/9,M7/1,17:17:21,4,0,2,MX2141,0,2,203
M127,M125,17:17:33,4,-1,1,MX1601,0,2,83
M16/1,M111,17:19:35,4,-1,1,AA2998,0,2,226
M125,M135/2,17:19:55,4,-1,1,MX1601,0,2,60
M161,M70,17:21:26,4,-1,-1,MX1711,0,2,10
M7/1,M16/1,17:21:56,4,1,-1,MX2141,0,2,212
M16/1,M111,17:23:07,4,1,-1,MX2141,0,2,30
M111,M112,17:23:48,4,-1,-1,AA2998,0,2,141
M112,M127,17:26:29,4,-1,2,AA2998,0,2,131
M70,M118,17:26:59,4,-1,2,MX1711,0,2,272
M1/9,M7/1,17:27:42,4,2,1,MX2193,0,2,204
M111,M112,17:27:42,4,1,1,MX2141,0,2,133
M127,M125,17:28:03,4,-1,2,AA2998,0,2,42
M112,M127,17:30:14,4,2,2,MX2141,0,2,70
M125,M135/2,17:30:34,4,-1,2,AA2998,0,2,70
M1/9,M7/1,17:31:15,4,2,1,MX2172,0,2,151
M127,M125,17:31:55,4,2,1,MX2141,0,2,40
M7/1,M16/1,17:32:15,4,4,2,MX2193,0,2,161
M125,M135/2,17:33:46,4,2,2,MX2141,0,2,70
M161,M70,17:33:46,4,-1,-1,MX1601,0,2,10
M7/1,M16/1,17:34:47,4,2,2,MX2172,0,2,191
M16/1,M111,17:35:07,4,4,1,MX2193,0,2,60
M70,M118,17:35:37,4,-1,2,MX1601,0,2,60
M111,M112,17:38:59,4,5,1,MX2193,0,2,121
M16/1,M111,17:39:44,4,2,1,MX2172,0,2,216
M1/9,M7/1,17:40:04,4,-1,1,MX2063,0,2,135
M112,M127,17:41:05,4,5,1,MX2193,0,2,30
M111,M112,17:42:36,4,2,1,MX2172,0,2,60
M127,M125,17:43:06,4,5,1,MX2193,0,2,40
M7/1,M16/1,17:44:17,4,-1,1,MX2063,0,2,222
M112,M127,17:45:17,4,2,1,MX2172,0,2,80
M125,M135/2,17:45:58,4,5,2,MX2193,0,2,80
M127,M125,17:46:58,4,2,1,MX2172,0,2,50
M161,M70,17:47:29,4,2,-1,MX2141,0,2,20
M125,M135/2,17:49:42,4,2,2,MX2172,0,2,113
M70,M118,17:50:02,4,2,2,MX2141,0,2,102
M16/1,M111,17:52:35,4,-1,1,MX2063,0,2,366
M111,M112,17:55:07,4,-1,1,MX2063,0,2,70
M1/9,M7/1,17:57:28,4,-1,2,MX1625,0,2,212
M112,M127,17:57:38,4,-1,1,MX2063,0,2,40
M1/9,M7/1,17:58:49,4,-1,2,AA2836,0,2,121
M127,M125,17:59:10,4,-1,1,MX2063,0,2,60
M125,M135/2,18:01:25,4,-1,1,MX2063,0,2,82
M7/1,M16/1,18:03:36,4,-1,2,MX1625,0,2,266
M7/1,M16/1,18:04:07,4,-1,2,AA2836,0,2,244
M1/9,M7/1,18:05:38,4,2,1,MX2215,0,2,182
M16/1,M111,18:11:05,4,-1,1,MX1625,0,2,408
M16/1,M111,18:11:46,4,-1,1,AA2836,0,2,377
M7/1,M16/1,18:13:17,4,3,2,MX2215,0,2,347
M1/9,M7/1,18:14:38,4,2,1,MX2037,0,2,161
M111,M112,18:15:28,4,-1,1,MX1625,0,2,101
M111,M112,18:17:09,4,-1,1,AA2836,0,2,192
M161,M70,18:17:09,4,5,-1,MX2193,0,2,30
M112,M127,18:18:10,4,-1,1,MX1625,0,2,40
M70,M118,18:18:45,4,5,3,MX2193,0,2,54
M16/1,M111,18:19:25,4,3,1,MX2215,0,2,297
M112,M127,18:19:46,4,-1,1,AA2836,0,2,40
M127,M125,18:19:46,4,-1,2,MX1625,0,2,50
M161,M70,18:20:36,4,1,-1,MX2172,0,2,20
M7/1,M16/1,18:21:27,4,2,2,MX2037,0,2,348
M127,M125,18:22:17,4,-1,2,AA2836,0,2,101
M70,M118,18:22:17,4,2,3,MX2172,0,2,50
M111,M112,18:22:38,4,3,2,MX2215,0,2,80
M7/1,M16/1,18:23:18,4,-1,2,MW2183,0,2,253
M125,M135/2,18:23:18,4,-1,2,MX1625,0,2,70
M161,M70,18:24:59,4,-1,-1,MX2063,0,2,30
M112,M127,18:25:31,4,2,2,MX2215,0,2,41
M135/2,M170/2,18:25:51,4,-1,1,MX1625,0,2,92
M16/1,M111,18:26:21,4,3,1,MX2037,0,2,112
M125,M135/2,18:27:12,4,-1,2,AA2836,0,2,173
M7/1,M16/1,18:27:44,4,-1,1,MX1714,0,2,165
M70,M118,18:28:36,4,-1,3,MX2063,0,2,83
M16/1,M111,18:28:56,4,-1,1,MW2183,0,2,267
M1/9,M7/1,18:29:06,4,-1,1,MX1711,0,2,144
M127,M125,18:29:27,4,2,2,MX2215,0,2,154
M111,M112,18:30:07,4,2,1,MX2037,0,2,152
M135/2,M170/2,18:30:27,4,-1,1,AA2836,0,2,122
M170/2,M69/2,18:31:48,4,-1,1,MX1625,0,2,276
M16/1,M111,18:31:58,4,-1,1,MX1714,0,2,111
M111,M112,18:32:09,4,-1,1,MW2183,0,2,101
M112,M127,18:32:19,4,2,2,MX2037,0,2,60
M69/2,M160/1,18:32:59,4,-1,-1,MX1625,0,2,20
M7/1,M16/1,18:34:00,4,-1,2,MX1711,0,2,212
M112,M127,18:34:10,4,-1,2,MW2183,0,2,70
M127,M125,18:34:20,4,2,2,MX2037,0,2,70
M125,M135/2,18:34:20,4,2,2,MX2215,0,2,182
M170/2,M69/2,18:34:20,4,-1,1,AA2836,0,2,131
M160/1,M158/2,18:34:20,4,-1,-1,MX1625,0,2,20
M111,M112,18:35:45,4,-1,1,MX1714,0,2,54
M69/2,M160/1,18:35:45,4,-1,-1,AA2836,0,2,54
M127,M125,18:36:15,4,-1,2,MW2183,0,2,60
M158/2,M161,18:36:25,4,-1,-1,MX1625,0,2,40
M160/1,M158/2,18:37:06,4,-1,-1,AA2836,0,2,50
M1/9,M7/1,18:37:16,4,-1,1,MX1601,0,2,121
M125,M135/2,18:37:16,4,2,2,MX2037,0,2,81
M112,M127,18:37:57,4,-1,3,MX1714,0,2,30
M125,M135/2,18:39:07,4,-1,2,MW2183,0,2,91
M161,M70,18:39:07,4,-1,-1,MX1625,0,2,40
M16/1,M111,18:39:18,4,-1,1,MX1711,0,2,202
M127,M125,18:39:18,4,-1,2,MX1714,0,2,40
M1/9,M7/1,18:40:28,4,-1,1,AA2998,0,2,131
M70,M118,18:40:59,4,-1,1,MX1625,0,2,70
M135/2,M170/2,18:41:19,4,2,1,MX2215,0,2,323
M158/2,M161,18:41:19,4,-1,-1,AA2836,0,2,192
M125,M135/2,18:41:39,4,-1,2,MX1714,0,2,70
M7/1,M16/1,18:42:33,4,-1,1,MX1601,0,2,266
M111,M112,18:42:53,4,-1,1,MX1711,0,2,94
M135/2,M170/2,18:43:03,4,2,1,MX2037,0,2,286
M161,M70,18:43:23,4,-1,-1,AA2836,0,2,30
M135/2,M170/2,18:43:34,4,-1,1,MW2183,0,2,215
M7/1,M16/1,18:44:44,4,-1,1,AA2998,0,2,235
M16/1,M111,18:44:44,4,-1,1,MX1601,0,2,50
M112,M127,18:45:05,4,-1,2,MX1711,0,2,30
M70,M118,18:45:05,4,-1,1,AA2836,0,2,60
M170/2,M69/2,18:45:45,4,2,1,MX2215,0,2,101
M127,M125,18:46:05,4,-1,2,MX1711,0,2,30
M111,M112,18:46:56,4,-1,1,MX1601,0,2,70
M69/2,M160/1,18:47:16,4,2,-1,MX2215,0,2,50
M135/2,M170/2,18:47:26,4,-1,3,MX1714,0,2,273
M16/1,M111,18:47:36,4,-1,1,AA2998,0,2,121
M170/2,M69/2,18:47:36,4,-1,1,MW2183,0,2,81
M69/2,M160/1,18:47:47,4,1,-1,MX2037,0,2,40
M160/1,M158/2,18:48:17,4,2,-1,MX2215,0,2,10
M160/1,M158/2,18:48:57,4,1,-1,MX2037,0,2,10
M170/2,M69/2,18:49:18,4,-1,1,MX1714,0,2,60
M112,M127,18:49:28,4,-1,2,MX1601,0,2,50
M111,M112,18:50:18,4,-1,1,AA2998,0,2,101
M69/2,M158/2,18:50:49,4,-1,-1,MW2183,1,2,171
M69/2,M160/1,18:50:59,4,-1,-1,MX1714,0,2,60
M127,M125,18:51:39,4,-1,1,MX1601,0,2,30
M158/2,M161,18:51:39,4,2,-1,MX2215,0,2,151
M160/1,M158/2,18:52:32,4,-1,-1,MX1714,0,2,23
M158/2,M161,18:52:32,4,1,-1,MX2037,0,2,164
M161,M70,18:52:53,4,1,-1,MX2215,0,2,20
M70,M118,18:53:53,4,1,1,MX2215,0,2,10
M112,M125,18:54:24,4,-1,1,AA2998,1,2,144
M125,M135/2,18:54:44,4,-1,2,MX1601,0,2,121
M135/2,M170/2,18:54:54,4,-1,3,MX1711,0,2,275
M161,M70,18:55:04,4,1,-1,MX2037,0,2,101
M1/9,M7/1,18:56:25,4,5,1,MX2141,0,2,90
M158/2,M161,18:56:25,4,-1,-1,MW2183,0,2,296
M158/2,M161,18:56:25,4,-1,-1,MX1714,0,2,192
M125,M135/2,18:56:45,4,-1,2,AA2998,0,2,80
M118,M239/9,18:57:26,4,-1,-1,MX2215,0,2,121
M161,M70,18:57:36,4,-1,-1,MW2183,0,2,60
M170/2,M69/2,18:57:46,4,-1,1,MX1711,0,2,80
M161,M70,18:57:46,4,-1,-1,MX1714,0,2,10
M70,M118,18:58:26,4,-1,1,MW2183,0,2,40
M69/2,M160/1,18:59:27,4,-1,-1,MX1711,0,2,50
M70,M118,18:59:37,4,-1,1,MX1714,0,2,90
M7/1,M16/1,19:00:27,4,2,2,MX2141,0,2,181
M135/2,M170/2,19:00:58,4,-1,1,AA2998,0,2,181
M160/1,M158/2,19:00:58,4,-1,-1,MX1711,0,2,30
M118,M239/9,19:01:28,4,-1,-1,MW2183,0,2,90
M158/2,M161,19:03:40,4,-1,-1,MX1711,0,2,101
M16/1,M111,19:03:50,4,3,1,MX2141,0,2,121
M170/2,M69/2,19:03:50,4,-1,1,AA2998,0,2,161
M69/2,M160/1,19:04:50,4,-1,-1,AA2998,0,2,20
M135/2,M161,19:04:50,4,-1,-1,MX1601,4,2,596
M161,M70,19:04:50,4,-1,-1,MX1711,0,2,20
M1/9,M7/1,19:05:00,4,2,1,MX1721,0,2,161
M161,M70,19:06:06,4,-1,-1,MX1601,0,2,20
M160/1,M158/2,19:06:16,4,-1,-1,AA2998,0,2,20
M111,M112,19:06:46,4,3,1,MX2141,0,2,95
M70,M118,19:07:27,4,-1,1,MX1711,0,2,136
M70,M118,19:07:37,4,-1,1,MX1601,0,2,40
M7/1,M16/1,19:08:07,4,2,2,MX1721,0,2,111
M158/2,M161,19:08:37,4,-1,-1,AA2998,0,2,60
M112,M127,19:08:58,4,3,1,MX2141,0,2,40
M161,M70,19:10:19,4,-1,-1,AA2998,0,2,20
M16/1,M111,19:10:29,4,2,2,MX1721,0,2,80
M127,M125,19:10:59,4,3,2,MX2141,0,2,50
M70,M118,19:11:50,4,-1,1,AA2998,0,2,50
M1/9,M7/1,19:12:40,4,3,2,MX2193,0,2,171
M111,M112,19:13:45,4,1,1,MX1721,0,2,104
M125,M135/2,19:14:55,4,3,2,MX2141,0,2,94
M112,M127,19:15:56,4,0,1,MX1721,0,2,60
M7/1,M16/1,19:17:17,4,4,2,MX2193,0,2,191
M127,M125,19:17:17,4,0,2,MX1721,0,2,30
M135/2,M170/2,19:18:28,4,4,1,MX2141,0,2,141
M16/1,M111,19:20:19,4,4,1,MX2193,0,2,101
M170/2,M69/2,19:20:29,4,4,1,MX2141,0,2,50
M125,M135/2,19:20:49,4,1,1,MX1721,0,2,131
M69/2,M160/1,19:22:20,4,5,-1,MX2141,0,2,40
M1/9,M7/1,19:22:30,4,-1,1,MX1983,0,2,242
M111,M112,19:22:50,4,5,1,MX2193,0,2,50
M135/2,M170/2,19:23:21,4,0,2,MX1721,0,2,60
M160/1,M158/2,19:23:44,4,5,-1,MX2141,0,2,10
M112,M127,19:24:44,4,5,1,MX2193,0,2,30
M158/2,M161,19:25:35,4,5,-1,MX2141,0,2,40
M7/1,M16/1,19:26:05,4,-1,2,MX1983,0,2,111
M127,M125,19:26:05,4,5,1,MX2193,0,2,40
M170/2,M69/2,19:26:46,4,0,1,MX1721,0,2,70
M161,M70,19:26:46,4,5,-1,MX2141,0,2,20
M69/2,M160/1,19:28:17,4,0,-1,MX1721,0,2,40
M125,M135/2,19:28:27,4,5,1,MX2193,0,2,80
M70,M118,19:28:47,4,4,1,MX2141,0,2,70
M16/1,M111,19:29:07,4,-1,1,MX1983,0,2,80
M160/1,M158/2,19:29:17,4,0,-1,MX1721,0,2,10
M158/2,M161,19:30:08,4,0,-1,MX1721,0,2,10
M135/2,M170/2,19:30:58,4,5,1,MX2193,0,2,101
M111,M112,19:31:08,4,-1,1,MX1983,0,2,50
M161,M70,19:31:39,4,0,-1,MX1721,0,2,10
M112,M127,19:32:49,4,-1,1,MX1983,0,2,30
M170/2,M69/2,19:33:20,4,5,1,MX2193,0,2,70
M69/2,M160/1,19:34:35,4,5,-1,MX2193,0,2,41
M160/1,M158/2,19:35:35,4,5,-1,MX2193,0,2,10
M127,M125,19:36:16,4,-1,2,MX1983,0,2,162
M158/2,M161,19:37:26,4,5,-1,MX2193,0,2,70
M161,M70,19:38:27,4,5,-1,MX2193,0,2,20
M125,M135/2,19:38:57,4,-1,1,MX1983,0,2,80
M70,M118,19:39:38,4,5,1,MX2193,0,2,50
M135/2,M170/2,19:43:00,4,-1,1,MX1983,0,2,141
M1/9,M7/1,19:43:20,4,4,1,MX2172,0,2,161
M170/2,M69/2,19:44:42,4,-1,1,MX1983,0,2,50
M69/2,M160/1,19:45:53,4,-1,-1,MX1983,0,2,30
M7/1,M16/1,19:46:23,4,5,1,MX2172,0,2,171
M160/1,M158/2,19:46:54,4,-1,-1,MX1983,0,2,20
M16/1,M111,19:47:55,4,5,1,MX2172,0,2,30
M158/2,M161,19:48:35,4,-1,-1,MX1983,0,2,40
M161,M70,19:49:57,4,-1,-1,MX1983,0,2,20
M1/9,M7/1,19:51:07,4,0,1,MX2215,0,2,233
M111,M112,19:51:07,4,5,1,MX2172,0,2,102
M112,M127,19:53:39,4,4,1,MX2172,0,2,50
M7/1,M16/1,19:55:00,4,0,1,MX2215,0,2,191
M127,M125,19:55:10,4,4,1,MX2172,0,2,50
M16/1,M111,19:57:03,4,0,1,MX2215,0,2,102
M125,M135/2,19:57:23,4,4,1,MX2172,0,2,101
M7/1,M16/1,19:58:14,4,-1,1,MX2063,0,2,183
M1/9,M7/1,19:59:24,4,1,1,MU9578,0,2,100
M135/2,M170/2,20:01:15,4,4,1,MX2172,0,2,151
M111,M112,20:01:25,4,0,1,MX2215,0,2,111
M16/1,M111,20:02:06,4,-1,1,MX2063,0,2,131
M7/1,M16/1,20:02:37,4,1,1,MU9578,0,2,152
M170/2,M69/2,20:02:57,4,4,1,MX2172,0,2,61
M16/1,M111,20:03:48,4,2,1,MU9578,0,2,40
M112,M127,20:03:48,4,0,1,MX2215,0,2,40
M111,M112,20:04:18,4,-1,1,MX2063,0,2,80
M69/2,M160/1,20:04:28,4,5,-1,MX2172,0,2,40
M160/1,M158/2,20:05:29,4,4,-1,MX2172,0,2,20
M111,M112,20:05:39,4,2,1,MU9578,0,2,70
M127,M125,20:05:39,4,0,1,MX2215,0,2,40
M158/2,M161,20:06:20,4,4,-1,MX2172,0,2,20
M112,M127,20:06:37,4,-1,1,MX2063,0,2,37
M161,M70,20:06:57,4,4,-1,MX2172,0,2,20
M112,M127,20:07:07,4,2,1,MU9578,0,2,67
M1/9,M7/1,20:07:18,4,-1,1,AA2836,0,2,219
M125,M135/2,20:07:58,4,0,1,MX2215,0,2,70
M127,M125,20:08:38,4,-1,1,MX2063,0,2,70
M70,M118,20:08:38,4,4,1,MX2172,0,2,70
M127,M125,20:08:59,4,2,1,MU9578,0,2,60
M1/9,M7/1,20:10:29,4,1,1,MX2037,0,2,90
M125,M135/2,20:11:20,4,-1,1,MX2063,0,2,100
M135/2,M170/2,20:11:20,4,1,1,MX2215,0,2,111
M7/1,M16/1,20:11:54,4,-1,1,AA2836,0,2,265
M125,M135/2,20:11:54,4,2,1,MU9578,0,2,144
M170/2,M69/2,20:13:14,4,2,1,MX2215,0,2,60
M7/1,M16/1,20:13:35,4,1,1,MX2037,0,2,164
M69/2,M160/1,20:14:45,4,2,-1,MX2215,0,2,30
M135/2,M170/2,20:15:26,4,-1,1,MX2063,0,2,161
M135/2,M170/2,20:15:36,4,2,1,MU9578,0,2,151
M16/1,M111,20:16:06,4,-1,1,AA2836,0,2,161
M160/1,M158/2,20:16:26,4,2,-1,MX2215,0,2,30
M170/2,M69/2,20:17:07,4,-1,1,MX2063,0,2,50
M170/2,M69/2,20:17:37,4,2,1,MU9578,0,2,80
M16/1,M111,20:17:57,4,0,1,MX2037,0,2,202
M69/2,M160/1,20:17:57,4,-1,-1,MX2063,0,2,20
M69/2,M160/1,20:18:38,4,2,-1,MU9578,0,2,40
M160/1,M158/2,20:19:08,4,-1,-1,MX2063,0,2,10
M158/2,M161,20:19:08,4,1,-1,MX2215,0,2,121
M111,M112,20:19:38,4,-1,1,AA2836,0,2,80
M160/1,M158/2,20:19:38,4,2,-1,MU9578,0,2,10
M7/1,M16/1,20:19:58,4,-1,2,MX1714,0,2,131
M161,M70,20:20:29,4,1,-1,MX2215,0,2,30
M112,M127,20:20:59,4,-1,1,AA2836,0,2,70
M158/2,M161,20:21:19,4,-1,-1,MX2063,0,2,70
M158/2,M161,20:21:19,4,2,-1,MU9578,0,2,60
M111,M112,20:21:50,4,0,1,MX2037,0,2,101
M127,M125,20:22:10,4,-1,1,AA2836,0,2,20
M161,M70,20:22:20,4,-1,-1,MX2063,0,2,10
M70,M118,20:22:31,4,1,1,MX2215,0,2,72
M161,M70,20:22:41,4,2,-1,MU9578,0,2,21
M1/9,M7/1,20:23:12,4,-1,1,MX1711,0,2,102
M16/1,M111,20:23:22,4,-1,1,MX1714,0,2,72
M112,M127,20:23:52,4,0,1,MX2037,0,2,30
M127,M125,20:24:53,4,0,1,MX2037,0,2,30
M125,M135/2,20:24:53,4,-1,1,AA2836,0,2,111
M70,M118,20:25:23,4,-1,1,MX2063,0,2,50
M70,M118,20:25:43,4,1,1,MU9578,0,2,141
M111,M112,20:26:24,4,-1,1,MX1714,0,2,40
M7/1,M16/1,20:26:44,4,-1,2,MX1711,0,2,131
M125,M135/2,20:27:14,4,0,1,MX2037,0,2,111
M112,M127,20:27:34,4,-1,1,MX1714,0,2,20
M135/2,M170/2,20:27:44,4,-1,1,AA2836,0,2,80
M16/1,M111,20:28:36,4,-1,1,MX1711,0,2,31
M127,M125,20:28:36,4,-1,1,MX1714,0,2,21
M1/9,M7/1,20:29:37,4,-1,1,MX1601,0,2,122
M135/2,M170/2,20:29:47,4,0,1,MX2037,0,2,81
M125,M135/2,20:30:57,4,-1,1,MX1714,0,2,90
M170/2,M69/2,20:30:57,4,-1,1,AA2836,0,2,131
M111,M112,20:31:48,4,-1,1,MX1711,0,2,50
M170/2,M69/2,20:31:48,4,0,1,MX2037,0,2,70
M69/2,M160/1,20:32:18,4,-1,-1,AA2836,0,2,40
M7/1,M16/1,20:32:49,4,-1,2,MX1601,0,2,131
M112,M127,20:32:59,4,-1,1,MX1711,0,2,20
M69/2,M160/1,20:33:19,4,0,-1,MX2037,0,2,50
M160/1,M158/2,20:33:39,4,-1,-1,AA2836,0,2,10
M135/2,M170/2,20:33:59,4,-1,1,MX1714,0,2,121
M16/1,M111,20:34:10,4,-1,1,MX1601,0,2,41
M160/1,M158/2,20:34:21,4,0,-1,MX2037,0,2,21
M127,M125,20:34:32,4,-1,1,MX1711,0,2,32
M158/2,M161,20:35:02,4,-1,-1,AA2836,0,2,62
M170/2,M69/2,20:35:22,4,-1,1,MX1714,0,2,50
M1/9,M7/1,20:36:04,4,-1,1,AA2998,0,2,103
M69/2,M160/1,20:36:14,4,-1,-1,MX1714,0,2,30
M161,M70,20:36:14,4,-1,-1,AA2836,0,2,20
M125,M135/2,20:36:54,4,-1,1,MX1711,0,2,80
M158/2,M161,20:37:04,4,0,-1,MX2037,0,2,90
M160/1,M158/2,20:37:14,4,-1,-1,MX1714,0,2,10
M111,M112,20:37:24,4,-1,1,MX1601,0,2,132
M161,M70,20:37:55,4,0,-1,MX2037,0,2,20
M70,M118,20:37:55,4,-1,1,AA2836,0,2,80
M112,M127,20:38:45,4,-1,1,MX1601,0,2,30
M158/2,M161,20:38:55,4,-1,-1,MX1714,0,2,70
M7/1,M16/1,20:39:26,4,-1,1,AA2998,0,2,101
M135/2,M170/2,20:39:46,4,-1,2,MX1711,0,2,111
M161,M70,20:39:46,4,-1,-1,MX1714,0,2,10
M127,M125,20:40:26,4,-1,1,MX1601,0,2,50
M70,M118,20:41:07,4,-1,1,MX1714,0,2,60
M170/2,M69/2,20:41:27,4,-1,1,MX1711,0,2,50
M16/1,M111,20:42:27,4,-1,1,AA2998,0,2,50
M125,M135/2,20:42:38,4,-1,1,MX1601,0,2,50
M69/2,M160/1,20:42:38,4,-1,-1,MX1711,0,2,40
M1/9,M7/1,20:43:58,4,1,1,MX1721,0,2,131
M160/1,M158/2,20:44:08,4,-1,-1,MX1711,0,2,30
M158/2,M161,20:44:59,4,-1,-1,MX1711,0,2,40
M111,M112,20:45:29,4,-1,1,AA2998,0,2,50
M135/2,M170/2,20:45:39,4,-1,2,MX1601,0,2,141
M161,M70,20:46:00,4,-1,-1,MX1711,0,2,30
M1/9,M7/1,20:47:10,4,1,2,MX2193,0,2,90
M70,M118,20:47:20,4,-1,1,MX1711,0,2,60
M7/1,M16/1,20:47:33,4,1,2,MX1721,0,2,164
M170/2,M69/2,20:47:33,4,-1,1,MX1601,0,2,53
M112,M127,20:47:53,4,-1,1,AA2998,0,2,113
M69/2,M160/1,20:48:34,4,-1,-1,MX1601,0,2,30
M127,M125,20:49:15,4,-1,1,AA2998,0,2,61
M160/1,M158/2,20:49:15,4,-1,-1,MX1601,0,2,21
M16/1,M111,20:49:36,4,1,1,MX1721,0,2,62
M158/2,M161,20:50:27,4,-1,-1,MX1601,0,2,30
M7/1,M16/1,20:50:47,4,1,2,MX2193,0,2,183
M125,M135/2,20:50:57,4,-1,1,AA2998,0,2,20
M161,M70,20:51:28,4,-1,-1,MX1601,0,2,10
M111,M112,20:52:08,4,0,1,MX1721,0,2,101
M70,M118,20:52:28,4,-1,1,MX1601,0,2,20
M16/1,M111,20:52:48,4,2,1,MX2193,0,2,70
M135/2,M170/2,20:53:19,4,-1,2,AA2998,0,2,70
M112,M127,20:53:59,4,0,1,MX1721,0,2,20
M111,M112,20:55:00,4,2,1,MX2193,0,2,40
M1/9,M7/1,20:55:20,4,3,1,MX2172,0,2,101
M127,M125,20:55:20,4,0,1,MX1721,0,2,30
M170/2,M69/2,20:55:40,4,-1,1,AA2998,0,2,50
M69/2,M160/1,20:56:52,4,-1,-1,AA2998,0,2,31
M112,M127,20:57:43,4,2,1,MX2193,0,2,50
M160/1,M158/2,20:57:43,4,-1,-1,AA2998,0,2,20
M125,M135/2,20:58:13,4,0,1,MX1721,0,2,122
M7/1,M16/1,20:58:55,4,2,1,MX2172,0,2,173
M158/2,M161,20:59:15,4,-1,-1,AA2998,0,2,10
M127,M125,20:59:25,4,2,1,MX2193,0,2,30
M16/1,M111,21:01:37,4,2,1,MX2172,0,2,50
M161,M70,21:01:57,4,-1,-1,AA2998,0,2,80
M135/2,M170/2,21:02:08,4,0,1,MX1721,0,2,151
M125,M135/2,21:02:28,4,2,2,MX2193,0,2,101
M70,M118,21:02:38,4,-1,1,AA2998,0,2,10
M170/2,M69/2,21:03:49,4,0,1,MX1721,0,2,50
M111,M112,21:04:19,4,2,1,MX2172,0,2,101
M135/2,M170/2,21:04:29,4,2,1,MX2193,0,2,80
M69/2,M160/1,21:04:49,4,0,-1,MX1721,0,2,30
M170/2,M69/2,21:05:54,4,2,1,MX2193,0,2,54
M112,M127,21:06:04,4,2,1,MX2172,0,2,64
M160/1,M158/2,21:06:04,4,0,-1,MX1721,0,2,20
M69/2,M160/1,21:07:05,4,2,-1,MX2193,0,2,30
M127,M125,21:07:35,4,2,1,MX2172,0,2,30
M160/1,M158/2,21:07:55,4,2,-1,MX2193,0,2,20
M158/2,M161,21:09:06,4,0,-1,MX1721,0,2,121
M161,M70,21:10:27,4,0,-1,MX1721,0,2,20
M125,M135/2,21:10:37,4,2,1,MX2172,0,2,70
M158/2,M161,21:10:47,4,2,-1,MX2193,0,2,91
M161,M70,21:11:38,4,2,-1,MX2193,0,2,10
M135/2,M170/2,21:12:49,4,1,1,MX2172,0,2,80
M70,M118,21:13:09,4,0,1,MX1721,0,2,111
M70,M118,21:13:19,4,2,1,MX2193,0,2,60
M170/2,M69/2,21:14:20,4,1,1,MX2172,0,2,50
M69/2,M160/1,21:15:21,4,1,-1,MX2172,0,2,30
M160/1,M158/2,21:16:44,4,1,-1,MX2172,0,2,50
M1/9,M7/1,21:17:34,4,-1,1,AA2836,0,2,205
M158/2,M161,21:19:16,4,0,-1,MX2172,0,2,90
M161,M70,21:20:06,4,0,-1,MX2172,0,2,20
M7/1,M16/1,21:20:47,4,-1,1,AA2836,0,2,121
M70,M118,21:21:07,4,0,1,MX2172,0,2,30
M16/1,M111,21:24:09,4,-1,1,AA2836,0,2,80
M7/1,M16/1,21:24:49,4,1,1,MX2037,0,2,192
M111,M112,21:26:07,4,-1,1,AA2836,0,2,30
M16/1,M111,21:27:38,4,1,1,MX2037,0,2,70
M112,M127,21:28:09,4,-1,1,AA2836,0,2,20
M111,M112,21:29:19,4,1,1,MX2037,0,2,40
M7/1,M16/1,21:29:29,4,-1,1,MX1714,0,2,171
M127,M125,21:29:29,4,-1,1,AA2836,0,2,30
M125,M135/2,21:31:01,4,-1,1,AA2836,0,2,61
M16/1,M111,21:31:22,4,-1,1,MX1714,0,2,61
M112,M127,21:31:44,4,2,1,MX2037,0,2,62
M1/9,M7/1,21:32:14,4,-1,1,MX1711,0,2,144
M111,M112,21:32:45,4,-1,1,MX1714,0,2,50
M127,M125,21:33:25,4,2,1,MX2037,0,2,20
M135/2,M170/2,21:33:25,4,-1,1,AA2836,0,2,111
M112,M127,21:33:45,4,-1,1,MX1714,0,2,30
M127,M125,21:34:56,4,-1,1,MX1714,0,2,20
M170/2,M69/2,21:35:06,4,-1,1,AA2836,0,2,60
M7/1,M16/1,21:35:36,4,-1,1,MX1711,0,2,131
M69/2,M160/1,21:35:47,4,-1,-1,AA2836,0,2,10
M125,M135/2,21:36:17,4,1,1,MX2037,0,2,70
M160/1,M158/2,21:36:47,4,-1,-1,AA2836,0,2,10
M125,M135/2,21:37:08,4,-1,1,MX1714,0,2,70
M135/2,M170/2,21:37:38,4,1,2,MX2037,0,2,40
M16/1,M111,21:38:08,4,-1,1,MX1711,0,2,40
M170/2,M69/2,21:39:09,4,1,1,MX2037,0,2,60
M158/2,M161,21:39:09,4,-1,-1,AA2836,0,2,121
M135/2,M170/2,21:39:29,4,-1,2,MX1714,0,2,91
M69/2,M160/1,21:40:32,4,0,-1,MX2037,0,2,32
M1/9,M7/1,21:41:12,4,-1,1,MX1601,0,2,143
M170/2,M69/2,21:41:12,4,-1,1,MX1714,0,2,52
M160/1,M158/2,21:41:22,4,0,-1,MX2037,0,2,10
M70,M118,21:41:32,4,-1,1,AA2836,0,2,50
M69/2,M160/1,21:42:13,4,-1,-1,MX1714,0,2,30
M111,M127,21:42:44,4,-1,1,MX1711,1,2,174
M158/2,M161,21:43:04,4,0,-1,MX2037,0,2,71
M160/1,M158/2,21:43:24,4,-1,-1,MX1714,0,2,20
M127,M125,21:43:55,4,-1,1,MX1711,0,2,30
M158/2,M161,21:44:45,4,-1,-1,MX1714,0,2,50
M7/1,M16/1,21:45:05,4,-1,1,MX1601,0,2,162
M161,M70,21:45:26,4,-1,-1,MX1714,0,2,10
M70,M118,21:45:26,4,0,1,MX2037,0,2,50
M70,M118,21:46:26,4,-1,1,MX1714,0,2,40
M125,M135/2,21:46:47,4,-1,1,MX1711,0,2,111
M16/1,M111,21:48:17,4,-1,1,MX1601,0,2,111
M135/2,M170/2,21:49:08,4,-1,1,MX1711,0,2,111
M1/9,M7/1,21:49:38,4,-1,1,AA2998,0,2,141
M111,M112,21:50:39,4,-1,1,MX1601,0,2,60
M170/2,M69/2,21:51:09,4,-1,1,MX1711,0,2,70
M69/2,M160/1,21:52:00,4,-1,-1,MX1711,0,2,30
M160/1,M158/2,21:52:40,4,-1,-1,MX1711,0,2,20
M7/1,M16/1,21:52:50,4,-1,1,AA2998,0,2,101
M112,M127,21:53:11,4,-1,1,MX1601,0,2,70
M127,M125,21:54:24,4,-1,1,MX1601,0,2,20
M158/2,M161,21:54:34,4,-1,-1,MX1711,0,2,83
M161,M70,21:55:15,4,-1,-1,MX1711,0,2,20
M16/1,M111,21:55:25,4,-1,1,AA2998,0,2,80
M70,M118,21:56:16,4,-1,1,MX1711,0,2,50
M125,M135/2,21:56:36,4,-1,1,MX1601,0,2,80
M111,M112,21:57:26,4,-1,1,AA2998,0,2,80
M1/9,M7/1,21:59:08,4,2,1,MX1721,0,2,121
M135/2,M170/2,21:59:08,4,-1,1,MX1601,0,2,80
M112,M125,22:01:09,4,-1,1,AA2998,1,2,212
M170/2,M69/2,22:01:09,4,-1,1,MX1601,0,2,71
M1/9,M7/1,22:01:29,4,1,1,MX2193,0,2,151
M69/2,M160/1,22:02:10,4,-1,-1,MX1601,0,2,30
M7/1,M16/1,22:02:34,4,3,1,MX1721,0,2,125
M125,M135/2,22:03:45,4,-1,1,AA2998,0,2,95
M16/1,M111,22:04:05,4,2,1,MX1721,0,2,50
M158/2,M161,22:04:36,4,-1,-1,MX1601,0,2,60
M161,M70,22:05:16,4,-1,-1,MX1601,0,2,10
M135/2,M170/2,22:05:26,4,-1,1,AA2998,0,2,60
M7/1,M16/1,22:05:56,4,1,1,MX2193,0,2,161
M70,M118,22:06:07,4,-1,1,MX1601,0,2,20
M111,M112,22:06:57,4,2,1,MX1721,0,2,80
M170/2,M69/2,22:07:17,4,-1,1,AA2998,0,2,70
M16/1,M111,22:07:38,4,1,1,MX2193,0,2,40
M1/9,M7/1,22:08:48,4,3,1,MX2172,0,2,91
M112,M127,22:08:48,4,2,1,MX1721,0,2,20
M69/2,M160/1,22:08:48,4,-1,-1,AA2998,0,2,40
M160/1,M158/2,22:09:39,4,-1,-1,AA2998,0,2,10
M111,M112,22:10:09,4,1,1,MX2193,0,2,91
M127,M125,22:10:42,4,2,1,MX1721,0,2,22
M158/2,M161,22:10:52,4,-1,-1,AA2998,0,2,32
M7/1,M16/1,22:11:53,4,3,1,MX2172,0,2,153
M112,M127,22:12:03,4,2,1,MX2193,0,2,10
M16/1,M111,22:12:53,4,3,1,MX2172,0,2,30
M125,M135/2,22:12:53,4,1,1,MX1721,0,2,70
M127,M125,22:13:44,4,2,1,MX2193,0,2,30
M161,M70,22:14:04,4,-1,-1,AA2998,0,2,151
M111,M112,22:14:55,4,3,1,MX2172,0,2,70
M135/2,M170/2,22:15:15,4,1,1,MX1721,0,2,91
M70,M118,22:15:15,4,-1,1,AA2998,0,2,20
M112,M127,22:15:45,4,3,1,MX2172,0,2,20
M125,M135/2,22:15:45,4,2,1,MX2193,0,2,50
M127,M125,22:16:56,4,3,1,MX2172,0,2,30
M170/2,M69/2,22:17:16,4,0,1,MX1721,0,2,70
M135/2,M170/2,22:17:36,4,2,1,MX2193,0,2,60
M125,M135/2,22:18:37,4,2,1,MX2172,0,2,70
M170/2,M69/2,22:18:57,4,3,1,MX2193,0,2,40
M69/2,M160/1,22:18:57,4,0,-1,MX1721,0,2,30
M160/1,M158/2,22:19:38,4,0,-1,MX1721,0,2,10
M69/2,M160/1,22:20:08,4,3,-1,MX2193,0,2,30
M158/2,M161,22:20:49,4,0,-1,MX1721,0,2,30
M135/2,M170/2,22:21:09,4,2,1,MX2172,0,2,101
M161,M70,22:21:49,4,0,-1,MX1721,0,2,20
M158/2,M161,22:22:34,4,3,-1,MX2193,0,2,44
M170/2,M69/2,22:23:15,4,2,1,MX2172,0,2,65
M161,M70,22:23:35,4,3,-1,MX2193,0,2,20
M69/2,M160/1,22:24:16,4,2,-1,MX2172,0,2,30
M1/9,M7/1,22:24:46,4,-1,1,MX2063,0,2,176
M160/1,M158/2,22:25:16,4,2,-1,MX2172,0,2,20
M158/2,M161,22:25:57,4,2,-1,MX2172,0,2,10
M161,M70,22:26:47,4,2,-1,MX2172,0,2,10
M70,M118,22:27:07,4,3,1,MX2193,0,2,182
M7/1,M16/1,22:27:48,4,-1,1,MX2063,0,2,141
M1/9,M7/1,22:28:08,4,-1,1,AA2836,0,2,202
M70,M118,22:28:49,4,2,1,MX2172,0,2,101
M16/1,M111,22:30:09,4,-1,1,MX2063,0,2,80
M7/1,M16/1,22:31:12,4,-1,1,AA2836,0,2,153
M111,M112,22:32:23,4,-1,1,MX2063,0,2,80
M1/9,M7/1,22:32:43,4,0,1,MX2037,0,2,153
M112,M127,22:33:03,4,-1,1,MX2063,0,2,10
M16/1,M111,22:33:34,4,-1,1,AA2836,0,2,71
M127,M125,22:33:54,4,-1,1,MX2063,0,2,10
M7/1,M16/1,22:35:46,4,0,1,MX2037,0,2,142
M111,M112,22:35:46,4,-1,1,AA2836,0,2,80
M125,M135/2,22:36:06,4,-1,1,MX2063,0,2,80
M135/2,M170/2,22:37:37,4,-1,1,MX2063,0,2,50
M112,M127,22:37:57,4,-1,1,AA2836,0,2,60
M16/1,M111,22:38:38,4,1,1,MX2037,0,2,80
M127,M125,22:39:08,4,-1,1,AA2836,0,2,30
M111,M112,22:40:19,4,0,1,MX2037,0,2,70
M170/2,M69/2,22:40:49,4,-1,1,MX2063,0,2,131
M112,M127,22:41:09,4,0,1,MX2037,0,2,10
M125,M135/2,22:41:19,4,-1,1,AA2836,0,2,80
M69/2,M160/1,22:42:00,4,-1,-1,MX2063,0,2,30
M127,M125,22:42:10,4,1,1,MX2037,0,2,20
M7/1,M16/1,22:42:34,4,-1,1,MX1714,0,2,145
M160/1,M158/2,22:42:34,4,-1,-1,MX2063,0,2,14
M135/2,M170/2,22:43:25,4,-1,1,AA2836,0,2,65
M158/2,M161,22:43:25,4,-1,-1,MX2063,0,2,20
M1/9,M7/1,22:43:55,4,-1,1,MX1711,0,2,115
M161,M70,22:44:16,4,-1,-1,MX2063,0,2,20
M125,M135/2,22:44:26,4,0,1,MX2037,0,2,101
M170/2,M69/2,22:45:06,4,-1,1,AA2836,0,2,50
M70,M118,22:45:26,4,-1,1,MX2063,0,2,40
M16/1,M111,22:45:37,4,-1,1,MX1714,0,2,121
M7/1,M16/1,22:45:47,4,-1,1,MX1711,0,2,90
M69/2,M160/1,22:46:07,4,-1,-1,AA2836,0,2,20
M160/1,M158/2,22:47:07,4,-1,-1,AA2836,0,2,10
M135/2,M170/2,22:47:18,4,0,1,MX2037,0,2,131
M158/2,M161,22:48:18,4,-1,-1,AA2836,0,2,10
M111,M112,22:48:38,4,-1,1,MX1714,0,2,90
M16/1,M111,22:49:09,4,-1,1,MX1711,0,2,121
M170/2,M69/2,22:49:09,4,0,1,MX2037,0,2,60
M112,M127,22:49:39,4,-1,1,MX1714,0,2,30
M161,M70,22:49:39,4,-1,-1,AA2836,0,2,20
M69/2,M160/1,22:50:20,4,0,-1,MX2037,0,2,30
M70,M118,22:50:32,4,-1,1,AA2836,0,2,22
M127,M125,22:51:02,4,-1,1,MX1714,0,2,30
M160/1,M158/2,22:51:22,4,0,-1,MX2037,0,2,10
M111,M112,22:51:43,4,-1,1,MX1711,0,2,82
M158/2,M161,22:52:13,4,0,-1,MX2037,0,2,10
M112,M127,22:52:53,4,-1,1,MX1711,0,2,40
M125,M135/2,22:53:03,4,-1,1,MX1714,0,2,80
M1/9,M16/1,22:53:34,4,-1,1,MX1601,1,2,355
M127,M125,22:53:54,4,-1,1,MX1711,0,2,30
M161,M70,22:54:34,4,0,-1,MX2037,0,2,10
M135/2,M170/2,22:55:25,4,-1,1,MX1714,0,2,80
M125,M135/2,22:55:45,4,-1,1,MX1711,0,2,50
M70,M118,22:55:45,4,0,1,MX2037,0,2,40
M16/1,M111,22:55:55,4,-1,1,MX1601,0,2,80
M170/2,M69/2,22:57:06,4,-1,1,MX1714,0,2,60
M135/2,M170/2,22:57:36,4,-1,1,MX1711,0,2,50
M111,M112,22:57:57,4,-1,1,MX1601,0,2,70
M69/2,M160/1,22:58:07,4,-1,-1,MX1714,0,2,30
M112,M127,22:58:57,4,-1,1,MX1601,0,2,20
M170/2,M69/2,22:59:07,4,-1,1,MX1711,0,2,40
M160/1,M158/2,22:59:07,4,-1,-1,MX1714,0,2,30
M1/9,M7/1,22:59:58,4,-1,1,AA2998,0,2,151
M158/2,M161,22:59:58,4,-1,-1,MX1714,0,2,30
M127,M125,23:00:08,4,-1,1,MX1601,0,2,20
M69/2,M160/1,23:00:18,4,-1,-1,MX1711,0,2,40
M161,M70,23:00:28,4,-1,-1,MX1714,0,2,10
M160/1,M158/2,23:01:49,4,-1,-1,MX1711,0,2,30
M70,M118,23:01:49,4,-1,1,MX1714,0,2,50
M125,M135/2,23:01:59,4,-1,1,MX1601,0,2,80
M7/1,M16/1,23:03:20,4,-1,1,AA2998,0,2,131
M135/2,M170/2,23:03:34,4,-1,1,MX1601,0,2,54
M158/2,M161,23:03:34,4,-1,-1,MX1711,0,2,85
M161,M70,23:04:05,4,-1,-1,MX1711,0,2,10
M16/1,M111,23:04:45,4,-1,1,AA2998,0,2,50
M170/2,M69/2,23:04:55,4,-1,1,MX1601,0,2,40
M70,M118,23:05:36,4,-1,1,MX1711,0,2,60
M69/2,M160/1,23:06:06,4,-1,-1,MX1601,0,2,40
M111,M112,23:07:37,4,-1,1,AA2998,0,2,91
M160/1,M158/2,23:07:37,4,-1,-1,MX1601,0,2,10
M112,M127,23:08:28,4,-1,1,AA2998,0,2,10
M158/2,M161,23:08:38,4,-1,-1,MX1601,0,2,10
M7/1,M16/1,23:09:18,4,1,2,MX1721,0,2,303
M161,M70,23:09:28,4,-1,-1,MX1601,0,2,10
M127,M125,23:09:59,4,-1,1,AA2998,0,2,40
M70,M118,23:10:39,4,-1,1,MX1601,0,2,50
M1/9,M7/1,23:11:10,4,2,1,MX2193,0,2,90
M16/1,M111,23:11:40,4,0,1,MX1721,0,2,80
M125,M135/2,23:12:00,4,-1,1,AA2998,0,2,60
M135/2,M170/2,23:13:44,4,-1,1,AA2998,0,2,60
M7/1,M16/1,23:13:54,4,2,1,MX2193,0,2,134
M111,M112,23:14:04,4,0,1,MX1721,0,2,80
M16/1,M111,23:15:15,4,2,1,MX2193,0,2,20
M112,M127,23:16:26,4,0,1,MX1721,0,2,20
M170/2,M69/2,23:16:56,4,-1,1,AA2998,0,2,141
M111,M112,23:17:17,4,3,1,MX2193,0,2,70
M127,M125,23:17:27,4,0,1,MX1721,0,2,20
M1/9,M7/1,23:17:47,4,2,1,MX2172,0,2,90
M112,M127,23:18:07,4,3,1,MX2193,0,2,10
M69/2,M160/1,23:18:07,4,-1,-1,AA2998,0,2,40
M127,M125,23:18:58,4,3,1,MX2193,0,2,20
M160/1,M158/2,23:18:58,4,-1,-1,AA2998,0,2,10
M125,M135/2,23:19:18,4,0,1,MX1721,0,2,91
M7/1,M16/1,23:20:29,4,2,1,MX2172,0,2,141
M125,M135/2,23:20:39,4,3,1,MX2193,0,2,70
M158/2,M161,23:20:39,4,-1,-1,AA2998,0,2,40
M135/2,M170/2,23:21:19,4,0,1,MX1721,0,2,70
M161,M70,23:21:50,4,-1,-1,AA2998,0,2,10
M70,M118,23:22:44,4,-1,1,AA2998,0,2,33
M170/2,M69/2,23:22:54,4,0,1,MX1721,0,2,33
M135/2,M170/2,23:23:04,4,3,1,MX2193,0,2,104
M16/1,M111,23:23:44,4,2,1,MX2172,0,2,104
M69/2,M160/1,23:24:45,4,0,-1,MX1721,0,2,30
M170/2,M69/2,23:24:55,4,3,1,MX2193,0,2,40
M69/2,M160/1,23:25:56,4,3,-1,MX2193,0,2,30
M160/1,M158/2,23:26:46,4,3,-1,MX2193,0,2,10
M111,M112,23:26:56,4,2,1,MX2172,0,2,90
M112,M127,23:27:47,4,3,1,MX2172,0,2,20
M158/2,M161,23:27:47,4,0,-1,MX1721,0,2,60
M158/2,M161,23:27:47,4,3,-1,MX2193,0,2,20
M161,M70,23:28:48,4,0,-1,MX1721,0,2,10
M127,M125,23:28:58,4,3,1,MX2172,0,2,30
M161,M70,23:28:58,4,3,-1,MX2193,0,2,10
M125,M135/2,23:30:49,4,3,1,MX2172,0,2,50
M70,M118,23:30:49,4,0,1,MX1721,0,2,90
M1/9,M7/1,23:32:00,4,-1,2,MX2063,0,2,90
M135/2,M170/2,23:33:13,4,3,1,MX2172,0,2,94
M70,M118,23:34:14,4,3,1,MX2193,0,2,276
M170/2,M69/2,23:34:55,4,3,1,MX2172,0,2,50
M7/1,M16/1,23:35:25,4,-1,2,MX2063,0,2,172
M69/2,M160/1,23:35:55,4,2,-1,MX2172,0,2,30
M1/9,M7/1,23:36:56,4,-1,2,AA2836,0,2,121
M16/1,M111,23:37:37,4,-1,1,MX2063,0,2,70
M160/1,M158/2,23:37:37,4,2,-1,MX2172,0,2,50
M158/2,M161,23:38:07,4,1,-1,MX2172,0,2,10
M161,M70,23:38:57,4,1,-1,MX2172,0,2,20
M111,M112,23:39:28,4,-1,1,MX2063,0,2,70
M7/1,M16/1,23:39:48,4,-1,2,AA2836,0,2,141
M70,M118,23:40:18,4,1,-1,MX2172,0,2,50
M112,M127,23:40:28,4,-1,-1,MX2063,0,2,10
M127,M125,23:41:29,4,-1,-1,MX2063,0,2,20
M16/1,M111,23:42:50,4,-1,-1,AA2836,0,2,101
M125,M135/2,23:43:43,4,-1,-1,MX2063,0,2,103
M7/1,M16/1,23:44:47,4,0,-1,MX2037,0,2,157
M111,M112,23:44:47,4,-1,-1,AA2836,0,2,87
M135/2,M170/2,23:45:18,4,-1,1,MX2063,0,2,30
M112,M127,23:45:28,4,-1,1,AA2836,0,2,20
M1/9,M7/1,23:46:28,4,-1,1,MX1714,0,2,135
M16/1,M111,23:46:28,4,0,1,MX2037,0,2,40
M127,M125,23:46:28,4,-1,1,AA2836,0,2,30
M170/2,M69/2,23:47:09,4,-1,1,MX2063,0,2,60
M125,M135/2,23:48:09,4,-1,1,AA2836,0,2,30
M69/2,M160/1,23:48:30,4,-1,-1,MX2063,0,2,40
M111,M112,23:49:20,4,0,1,MX2037,0,2,90
M160/1,M158/2,23:49:43,4,-1,-1,MX2063,0,2,22
M7/1,M16/1,23:49:53,4,-1,1,MX1714,0,2,164
M112,M127,23:50:24,4,0,1,MX2037,0,2,30
M158/2,M161,23:50:35,4,-1,-1,MX2063,0,2,41
M1/9,M7/1,23:51:15,4,-1,1,MX1711,0,2,81
M127,M125,23:51:15,4,0,1,MX2037,0,2,20
M135/2,M170/2,23:51:15,4,-1,1,AA2836,0,2,135
M16/1,M111,23:51:35,4,-1,1,MX1714,0,2,20
M161,M70,23:52:26,4,-1,-1,MX2063,0,2,10
M170/2,M69/2,23:52:46,4,-1,1,AA2836,0,2,40
M125,M135/2,23:53:06,4,0,1,MX2037,0,2,70
M7/1,M16/1,23:53:26,4,-1,1,MX1711,0,2,121
M69/2,M160/1,23:53:37,4,-1,-1,AA2836,0,2,30
M160/1,M158/2,23:54:07,4,-1,-1,AA2836,0,2,10
M111,M112,23:54:17,4,-1,1,MX1714,0,2,101
M70,M118,23:54:17,4,-1,1,MX2063,0,2,80
M112,M127,23:55:18,4,-1,1,MX1714,0,2,20
M135/2,M170/2,23:55:18,4,0,2,MX2037,0,2,90
M158/2,M161,23:55:28,4,-1,-1,AA2836,0,2,30
M127,M125,23:56:08,4,-1,1,MX1714,0,2,20
M16/1,M111,23:56:40,4,-1,1,MX1711,0,2,102
M170/2,M69/2,23:56:50,4,0,1,MX2037,0,2,41
M125,M135/2,23:57:52,4,-1,1,MX1714,0,2,72
M69/2,M160/1,23:57:52,4,0,-1,MX2037,0,2,32
M70,M118,23:57:52,4,-1,1,AA2836,0,2,93
M160/1,M158/2,23:58:22,4,0,-1,MX2037,0,2,10
M111,M112,23:58:55,4,-1,1,MX1711,0,2,82
M1/9,M7/1,23:59:15,4,-1,1,MX1601,0,2,82
M158/2,M161,23:59:15,4,0,-1,MX2037,0,2,10
M135/2,M170/2,23:59:45,4,-1,2,MX1714,0,2,50
M112,M127,23:59:56,4,-1,1,MX1711,0,2,20
M127,M125,0:00:57,5,-1,1,MX1711,0,2,31
M170/2,M69/2,0:01:07,5,-1,1,MX1714,0,2,51
M7/1,M16/1,0:02:08,5,-1,1,MX1601,0,2,112
M69/2,M160/1,0:02:28,5,-1,-1,MX1714,0,2,50
M70,M118,0:02:28,5,0,1,MX2037,0,2,70
M125,M135/2,0:02:38,5,-1,1,MX1711,0,2,40
M160/1,M158/2,0:03:49,5,-1,-1,MX1714,0,2,30
M135/2,M170/2,0:04:19,5,-1,2,MX1711,0,2,70
M16/1,M111,0:05:10,5,-1,1,MX1601,0,2,121
M170/2,M69/2,0:05:41,5,-1,1,MX1711,0,2,41
M158/2,M161,0:05:51,5,-1,-1,MX1714,0,2,71
M161,M70,0:06:12,5,-1,-1,MX1714,0,2,10
M69/2,M160/1,0:06:32,5,-1,-1,MX1711,0,2,20
M1/9,M7/1,0:06:42,5,-1,1,AA2998,0,2,102
M70,M118,0:06:52,5,-1,1,MX1714,0,2,20
M160/1,M158/2,0:08:03,5,-1,-1,MX1711,0,2,40
M111,M112,0:08:23,5,-1,1,MX1601,0,2,121
M158/2,M161,0:09:15,5,-1,-1,MX1711,0,2,61
M112,M127,0:09:25,5,-1,1,MX1601,0,2,10
M7/1,M16/1,0:09:55,5,-1,1,AA2998,0,2,162
M161,M70,0:09:55,5,-1,-1,MX1711,0,2,10
M127,M125,0:10:26,5,-1,1,MX1601,0,2,20
M70,M118,0:11:26,5,-1,1,MX1711,0,2,60
M125,M135/2,0:12:07,5,-1,1,MX1601,0,2,60
M16/1,M111,0:12:27,5,-1,1,AA2998,0,2,101
M135/2,M170/2,0:13:58,5,-1,1,MX1601,0,2,60
M111,M112,0:15:19,5,-1,1,AA2998,0,2,111
M170/2,M69/2,0:16:19,5,-1,1,MX1601,0,2,101
M7/1,M16/1,0:17:00,5,1,1,MX1721,0,2,454
M112,M127,0:17:00,5,-1,1,AA2998,0,2,90
M69/2,M160/1,0:17:34,5,-1,-1,MX1601,0,2,34
M127,M125,0:17:54,5,-1,1,AA2998,0,2,10
M160/1,M158/2,0:18:35,5,-1,-1,MX1601,0,2,10
M16/1,M111,0:19:15,5,1,1,MX1721,0,2,70
M158/2,M161,0:19:45,5,-1,-1,MX1601,0,2,20
M1/9,M7/1,0:20:05,5,1,1,MX2172,0,2,60
M125,M135/2,0:20:16,5,-1,1,AA2998,0,2,101
M161,M70,0:20:36,5,-1,-1,MX1601,0,2,10
M111,M112,0:21:47,5,1,1,MX1721,0,2,101
M135/2,M170/2,0:21:47,5,-1,1,AA2998,0,2,50
M112,M127,0:22:27,5,1,1,MX1721,0,2,10
M7/1,M16/1,0:22:47,5,1,1,MX2172,0,2,131
M127,M125,0:23:18,5,0,1,MX1721,0,2,20
M170/2,M69/2,0:23:18,5,-1,1,AA2998,0,2,50
M69/2,M160/1,0:24:08,5,-1,-1,AA2998,0,2,30
M16/1,M111,0:24:38,5,1,1,MX2172,0,2,50
M160/1,M158/2,0:24:49,5,-1,-1,AA2998,0,2,10
M125,M135/2,0:25:29,5,0,1,MX1721,0,2,40
M135/2,M170/2,0:26:40,5,0,2,MX1721,0,2,31
M158/2,M161,0:26:40,5,-1,-1,AA2998,0,2,51
M161,M70,0:27:34,5,-1,-1,AA2998,0,2,12
M170/2,M69/2,0:27:44,5,0,1,MX1721,0,2,42
M70,M118,0:28:24,5,-1,1,AA2998,0,2,30
M69/2,M160/1,0:28:34,5,0,-1,MX1721,0,2,20
M111,M127,0:28:44,5,1,1,MX2172,1,2,154
M160/1,M158/2,0:29:15,5,0,-1,MX1721,0,2,10
M127,M125,0:29:35,5,1,1,MX2172,0,2,20
M158/2,M161,0:30:15,5,0,-1,MX1721,0,2,20
M161,M70,0:31:06,5,0,-1,MX1721,0,2,10
M125,M135/2,0:31:36,5,1,1,MX2172,0,2,101
M1/9,M7/1,0:32:57,5,-1,1,MX2063,0,2,111
M135/2,M170/2,0:33:07,5,0,3,MX2172,0,2,60
M170/2,M69/2,0:34:28,5,0,1,MX2172,0,2,60
M69/2,M160/1,0:35:08,5,0,-1,MX2172,0,2,30
M7/1,M16/1,0:36:09,5,-1,1,MX2063,0,2,141
M160/1,M158/2,0:36:19,5,0,-1,MX2172,0,2,20
M158/2,M161,0:37:10,5,0,-1,MX2172,0,2,20
M161,M70,0:37:40,5,0,-1,MX2172,0,2,20
M16/1,M111,0:38:34,5,-1,1,MX2063,0,2,74
M70,M118,0:38:34,5,0,1,MX2172,0,2,44
M1/9,M7/1,0:38:54,5,-1,1,AA2836,0,2,54
M111,M112,0:40:56,5,-1,1,MX2063,0,2,91
M112,M127,0:41:46,5,-1,1,MX2063,0,2,20
M7/1,M16/1,0:42:07,5,-1,1,AA2836,0,2,182
M127,M125,0:42:37,5,-1,1,MX2063,0,2,20
M16/1,M111,0:43:28,5,-1,1,AA2836,0,2,50
M125,M135/2,0:44:08,5,-1,1,MX2063,0,2,60
M111,M112,0:45:19,5,-1,1,AA2836,0,2,80
M135/2,M170/2,0:45:39,5,-1,1,MX2063,0,2,50
M112,M127,0:46:09,5,-1,1,AA2836,0,2,10
M127,M125,0:47:00,5,-1,1,AA2836,0,2,20
M170/2,M69/2,0:47:10,5,-1,1,MX2063,0,2,50
M7/1,M16/1,0:47:20,5,-1,1,MX1714,0,2,121
M69/2,M160/1,0:47:54,5,-1,-1,MX2063,0,2,33
M16/1,M111,0:48:44,5,-1,1,MX1714,0,2,40
M125,M135/2,0:48:55,5,-1,1,AA2836,0,2,80
M160/1,M158/2,0:48:55,5,-1,-1,MX2063,0,2,10
M158/2,M161,0:49:35,5,-1,-1,MX2063,0,2,10
M135/2,M170/2,0:50:26,5,-1,1,AA2836,0,2,50
M1/9,M7/1,0:50:56,5,-1,1,MX1711,0,2,121
M111,M112,0:51:46,5,-1,1,MX1714,0,2,90
M170/2,M69/2,0:51:46,5,-1,1,AA2836,0,2,40
M161,M70,0:51:46,5,-1,-1,MX2063,0,2,80
M112,M127,0:52:47,5,-1,1,MX1714,0,2,20
M69/2,M160/1,0:52:57,5,-1,-1,AA2836,0,2,30
M7/1,M16/1,0:53:17,5,-1,1,MX1711,0,2,121
M127,M125,0:53:17,5,-1,1,MX1714,0,2,20
M70,M118,0:53:28,5,-1,1,MX2063,0,2,80
M16/1,M111,0:54:08,5,-1,1,MX1711,0,2,30
M125,M135/2,0:56:02,5,-1,1,MX1714,0,2,134
M111,M112,0:56:43,5,-1,1,MX1711,0,2,93
M161,M70,0:56:43,5,-1,-1,AA2836,0,2,40
M135/2,M170/2,0:57:13,5,-1,1,MX1714,0,2,40
M70,M118,0:57:23,5,-1,1,AA2836,0,2,30
M112,M127,0:57:33,5,-1,1,MX1711,0,2,20
M1/9,M7/1,0:58:14,5,-1,1,MX1601,0,2,60
M127,M125,0:58:24,5,-1,1,MX1711,0,2,30
M170/2,M69/2,0:59:45,5,-1,1,MX1714,0,2,121
M125,M135/2,1:00:05,5,-1,1,MX1711,0,2,80
M69/2,M160/1,1:00:25,5,-1,-1,MX1714,0,2,30
M7/1,M16/1,1:01:16,5,-1,1,MX1601,0,2,141
M160/1,M158/2,1:01:16,5,-1,-1,MX1714,0,2,20
M135/2,M170/2,1:01:36,5,-1,1,MX1711,0,2,70
M170/2,M69/2,1:02:57,5,-1,1,MX1711,0,2,40
M158/2,M161,1:02:57,5,-1,-1,MX1714,0,2,90
M69/2,M160/1,1:03:27,5,-1,-1,MX1711,0,2,20
M161,M70,1:03:27,5,-1,-1,MX1714,0,2,20
M160/1,M158/2,1:03:58,5,-1,-1,MX1711,0,2,10
M16/1,M111,1:04:08,5,-1,1,MX1601,0,2,121
M158/2,M161,1:04:38,5,-1,-1,MX1711,0,2,30
M70,M118,1:04:38,5,-1,1,MX1714,0,2,40
M161,M70,1:05:19,5,-1,-1,MX1711,0,2,10
M70,M118,1:05:59,5,-1,1,MX1711,0,2,30
M111,M112,1:06:29,5,-1,1,MX1601,0,2,101
M112,M127,1:07:10,5,-1,1,MX1601,0,2,20
M127,M125,1:08:02,5,-1,1,MX1601,0,2,20
M1/9,M7/1,1:08:22,5,-1,1,AA2998,0,2,92
M125,M135/2,1:09:03,5,-1,1,MX1601,0,2,50
M135/2,M170/2,1:10:14,5,-1,2,MX1601,0,2,50
M7/1,M16/1,1:10:54,5,-1,1,AA2998,0,2,111
M170/2,M69/2,1:12:25,5,-1,1,MX1601,0,2,101
M16/1,M111,1:12:55,5,-1,1,AA2998,0,2,80
M69/2,M160/1,1:13:05,5,-1,-1,MX1601,0,2,20
M160/1,M158/2,1:13:46,5,-1,-1,MX1601,0,2,10
M111,M112,1:14:36,5,-1,1,AA2998,0,2,40
M158/2,M161,1:15:17,5,-1,-1,MX1601,0,2,50
M161,M70,1:15:57,5,-1,-1,MX1601,0,2,10
M70,M118,1:16:17,5,-1,1,MX1601,0,2,10
M112,M127,1:16:27,5,-1,1,AA2998,0,2,20
M1/9,M7/1,1:17:18,5,0,1,MX1721,0,2,101
M127,M125,1:17:18,5,-1,1,AA2998,0,2,20
M125,M135/2,1:18:49,5,-1,1,AA2998,0,2,60
M135/2,M170/2,1:19:40,5,-1,1,AA2998,0,2,20
M7/1,M16/1,1:19:50,5,0,1,MX1721,0,2,121
M16/1,M111,1:21:32,5,0,1,MX1721,0,2,72
M170/2,M69/2,1:21:53,5,-1,1,AA2998,0,2,112
M69/2,M160/1,1:22:54,5,-1,-1,AA2998,0,2,31
M111,M112,1:23:55,5,0,1,MX1721,0,2,91
M158/2,M161,1:24:25,5,-1,-1,AA2998,0,2,10
M112,M127,1:24:46,5,0,1,MX1721,0,2,20
M127,M125,1:25:16,5,0,1,MX1721,0,2,20
M161,M70,1:25:56,5,-1,-1,AA2998,0,2,50
M125,M135/2,1:26:17,5,0,1,MX1721,0,2,30
M70,M118,1:26:37,5,-1,1,AA2998,0,2,20
M135/2,M170/2,1:27:17,5,0,1,MX1721,0,2,50
M170/2,M69/2,1:28:28,5,0,1,MX1721,0,2,40
M69/2,M160/1,1:29:29,5,0,-1,MX1721,0,2,30
M160/1,M158/2,1:29:49,5,0,-1,MX1721,0,2,10
M158/2,M161,1:30:39,5,0,-1,MX1721,0,2,30
M161,M118,1:32:02,5,0,1,MX1721,1,2,52
M1/9,M7/1,6:03:58,5,-1,1,AA3016,0,2,222
M7/1,M16/1,6:07:00,5,-1,1,AA3016,0,2,111
M1/9,M7/1,6:08:44,5,-1,2,MX2063,0,2,144
M16/1,M111,6:09:55,5,-1,1,AA3016,0,2,80
M7/1,M16/1,6:10:35,5,-1,1,MX2063,0,2,91
M16/1,M111,6:11:46,5,-1,1,MX2063,0,2,40
M111,M112,6:11:46,5,-1,1,AA3016,0,2,70
M111,M112,6:13:17,5,-1,1,MX2063,0,2,60
M1/9,M7/1,6:13:48,5,-1,1,MW2420,0,2,80
M112,M125,6:13:58,5,-1,1,AA3016,1,2,80
M112,M127,6:14:18,5,-1,1,MX2063,0,2,20
M127,M125,6:15:18,5,-1,1,MX2063,0,2,30
M125,M135/2,6:15:29,5,-1,1,AA3016,0,2,30
M125,M135/2,6:17:00,5,-1,1,MX2063,0,2,60
M7/1,M16/1,6:17:10,5,-1,1,MW2420,0,2,181
M1/9,M7/1,6:18:12,5,2,1,MX2037,0,2,113
M16/1,M111,6:18:54,5,-1,1,MW2420,0,2,51
M111,M112,6:21:06,5,-1,1,MW2420,0,2,71
M7/1,M16/1,6:21:16,5,1,1,MX2037,0,2,121
M135/2,M161,6:21:26,5,-1,-1,AA3016,4,2,326
M161,M70,6:21:46,5,-1,-1,AA3016,0,2,10
M112,M127,6:22:27,5,-1,1,MW2420,0,2,20
M70,M118,6:22:37,5,-1,1,AA3016,0,2,10
M16/1,M111,6:22:47,5,1,1,MX2037,0,2,30
M135/2,M161,6:23:07,5,-1,-1,MX2063,4,2,324
M127,M125,6:23:27,5,-1,1,MW2420,0,2,30
M161,M70,6:23:58,5,-1,-1,MX2063,0,2,20
M111,M112,6:24:08,5,1,1,MX2037,0,2,40
M125,M135/2,6:24:58,5,-1,1,MW2420,0,2,60
M127,M125,6:26:09,5,1,1,MX2037,0,2,30
M125,M135/2,6:28:10,5,1,1,MX2037,0,2,90
M16/1,M111,6:29:45,5,-1,1,MX1714,0,2,84
M70,M118,6:30:35,5,-1,1,MX2063,0,2,377
M7/1,M16/1,6:32:46,5,-1,1,MX1711,0,2,161
M111,M112,6:32:57,5,-1,1,MX1714,0,2,111
M112,M127,6:33:37,5,-1,1,MX1714,0,2,20
M127,M125,6:34:38,5,-1,1,MX1714,0,2,20
M16/1,M111,6:34:58,5,-1,1,MX1711,0,2,60
M135/2,M161,6:35:08,5,0,-1,MX2037,4,2,374
M161,M70,6:35:48,5,0,-1,MX2037,0,2,20
M125,M135/2,6:36:39,5,-1,1,MX1714,0,2,50
M70,M118,6:37:00,5,0,1,MX2037,0,2,30
M111,M112,6:37:30,5,-1,1,MX1711,0,2,91
M7/1,M16/1,6:38:01,5,-1,1,MX1601,0,2,162
M112,M127,6:38:11,5,-1,1,MX1711,0,2,10
M127,M125,6:38:43,5,-1,1,MX1711,0,2,22
M125,M135/2,6:41:05,5,-1,1,MX1711,0,2,111
M16/1,M111,6:41:45,5,-1,1,MX1601,0,2,141
M1/9,M7/1,6:42:26,5,3,1,MX1240,0,2,141
M111,M112,6:43:27,5,-1,1,MX1601,0,2,61
M112,M127,6:44:27,5,-1,1,MX1601,0,2,10
M135/2,M161,6:44:38,5,-1,-1,MX1714,4,2,407
M161,M70,6:45:08,5,-1,-1,MX1714,0,2,20
M127,M125,6:45:18,5,-1,1,MX1601,0,2,10
M7/1,M16/1,6:45:48,5,4,2,MX1240,0,2,161
M70,M118,6:46:19,5,-1,1,MX1714,0,2,40
M125,M135/2,6:47:50,5,-1,1,MX1601,0,2,111
M135/2,M161,6:48:00,5,-1,-1,MX1711,4,2,384
M16/1,M111,6:48:42,5,4,1,MX1240,0,2,113
M161,M70,6:48:42,5,-1,-1,MX1711,0,2,22
M70,M118,6:50:14,5,-1,1,MX1711,0,2,61
M111,M112,6:51:25,5,4,1,MX1240,0,2,111
M1/9,M7/1,6:51:55,5,2,2,MX2193,0,2,121
M7/1,M16/1,6:52:05,5,2,2,MX1721,0,2,141
M112,M127,6:52:36,5,4,1,MX1240,0,2,20
M16/1,M111,6:53:57,5,2,1,MX1721,0,2,60
M127,M125,6:54:17,5,4,1,MX1240,0,2,30
M7/1,M16/1,6:55:07,5,2,1,MX2193,0,2,161
M125,M135/2,6:55:38,5,5,1,MX1240,0,2,40
M135/2,M161,6:55:38,5,-1,-1,MX1601,4,2,385
M111,M112,6:56:08,5,2,1,MX1721,0,2,60
M161,M70,6:56:18,5,-1,-1,MX1601,0,2,10
M112,M127,6:57:19,5,1,1,MX1721,0,2,30
M70,M118,6:57:19,5,-1,1,MX1601,0,2,30
M127,M125,6:58:19,5,1,1,MX1721,0,2,20
M16/1,M111,6:59:11,5,2,1,MX2193,0,2,182
M125,M135/2,7:00:24,5,1,1,MX1721,0,2,93
M111,M112,7:01:04,5,3,1,MX2193,0,2,70
M135/2,M161,7:01:35,5,5,-1,MX1240,4,2,306
M7/1,M16/1,7:02:09,5,-1,1,AA3016,0,2,421
M112,M127,7:02:09,5,3,1,MX2193,0,2,10
M161,M70,7:02:29,5,5,-1,MX1240,0,2,20
M16/1,M111,7:02:39,5,-1,1,MW2693,0,2,84
M127,M125,7:02:59,5,3,1,MX2193,0,2,20
M70,M118,7:03:51,5,5,1,MX1240,0,2,51
M16/1,M111,7:04:22,5,-1,1,AA3016,0,2,72
M1/9,M7/1,7:04:43,5,-1,1,MX2141,0,2,103
M111,M112,7:04:43,5,-1,1,MW2693,0,2,41
M125,M135/2,7:05:24,5,3,1,MX2193,0,2,61
M112,M127,7:05:34,5,-1,1,MW2693,0,2,30
M111,M112,7:06:14,5,-1,1,AA3016,0,2,91
M135/2,M161,7:06:34,5,0,-1,MX1721,4,2,330
M127,M125,7:06:55,5,-1,1,MW2693,0,2,40
M161,M70,7:07:25,5,0,-1,MX1721,0,2,10
M7/1,M16/1,7:08:17,5,-1,1,MX2141,0,2,142
M112,M127,7:08:27,5,-1,1,AA3016,0,2,92
M125,M135/2,7:08:47,5,-1,1,MW2693,0,2,50
M70,M118,7:08:47,5,0,1,MX1721,0,2,40
M1/9,M7/1,7:09:37,5,-1,1,MX2063,0,2,152
M16/1,M111,7:09:37,5,2,1,MX2141,0,2,40
M127,M125,7:09:37,5,-1,1,AA3016,0,2,30
M135/2,M170/2,7:11:08,5,-1,1,MW2693,0,2,101
M1/9,M7/1,7:11:19,5,-1,1,MX1983,0,2,141
M125,M135/2,7:11:39,5,-1,1,AA3016,0,2,40
M135/2,M161,7:12:09,5,4,-1,MX2193,4,2,344
M111,M112,7:12:29,5,2,1,MX2141,0,2,91
M7/1,M16/1,7:12:40,5,-1,1,MX2063,0,2,151
M161,M70,7:13:00,5,4,-1,MX2193,0,2,20
M112,M127,7:13:33,5,2,1,MX2141,0,2,23
M127,M125,7:14:44,5,2,1,MX2141,0,2,20
M7/1,M16/1,7:14:54,5,-1,1,MX1983,0,2,175
M16/1,M111,7:14:54,5,-1,1,MX2063,0,2,70
M170/2,M161,7:15:34,5,-1,-1,MW2693,3,2,235
M1/9,M7/1,7:15:55,5,-1,1,MW2420,0,2,154
M161,M70,7:16:25,5,-1,-1,MW2693,0,2,10
M111,M112,7:16:45,5,-1,1,MX2063,0,2,40
M125,M135/2,7:16:45,5,3,1,MX2141,0,2,60
M1/9,M7/1,7:17:36,5,-1,1,MX1625,0,2,131
M112,M127,7:18:16,5,-1,1,MX2063,0,2,20
M70,M118,7:18:16,5,-1,1,MW2693,0,2,80
M16/1,M111,7:18:26,5,-1,1,MX1983,0,2,90
M135/2,M161,7:18:57,5,-1,-1,AA3016,4,2,377
M127,M125,7:19:17,5,-1,1,MX2063,0,2,30
M7/1,M16/1,7:19:27,5,-1,1,MW2420,0,2,181
M111,M112,7:20:28,5,-1,1,MX1983,0,2,40
M161,M70,7:20:38,5,-1,-1,AA3016,0,2,91
M125,M135/2,7:21:08,5,-1,1,MX2063,0,2,80
M7/1,M16/1,7:21:18,5,-1,1,MX1625,0,2,182
M112,M127,7:21:28,5,-1,1,MX1983,0,2,30
M16/1,M111,7:21:49,5,-1,1,MW2420,0,2,70
M1/9,M7/1,7:22:19,5,2,1,MX2037,0,2,131
M127,M125,7:22:29,5,-1,1,MX1983,0,2,30
M16/1,M111,7:23:30,5,-1,1,MX1625,0,2,81
M125,M135/2,7:24:10,5,-1,1,MX1983,0,2,70
M135/2,M161,7:24:21,5,3,-1,MX2141,4,2,394
M111,M112,7:25:14,5,-1,1,MW2420,0,2,113
M161,M70,7:25:14,5,3,-1,MX2141,0,2,20
M7/1,M16/1,7:25:34,5,2,2,MX2037,0,2,164
M111,M112,7:26:45,5,-1,1,MX1625,0,2,111
M70,M118,7:26:55,5,3,1,MX2141,0,2,70
M16/1,M111,7:27:05,5,2,1,MX2037,0,2,40
M112,M127,7:27:15,5,-1,1,MW2420,0,2,30
M112,M127,7:27:46,5,-1,1,MX1625,0,2,30
M135/2,M161,7:27:56,5,-1,-1,MX2063,4,2,356
M127,M125,7:28:16,5,-1,1,MW2420,0,2,20
M161,M70,7:28:26,5,-1,-1,MX2063,0,2,10
M7/1,M16/1,7:29:07,5,-1,2,MX1714,0,2,172
M127,M125,7:29:47,5,-1,1,MX1625,0,2,50
M111,M112,7:29:57,5,2,1,MX2037,0,2,111
M135/2,M161,7:29:57,5,-1,-1,MX1983,4,2,283
M125,M135/2,7:30:38,5,-1,1,MW2420,0,2,80
M161,M70,7:30:38,5,-1,-1,MX1983,0,2,10
M112,M127,7:30:48,5,2,1,MX2037,0,2,20
M1/9,M7/1,7:31:48,5,3,1,MX2215,0,2,121
M127,M125,7:31:58,5,2,1,MX2037,0,2,20
M70,M118,7:31:58,5,-1,1,MX2063,0,2,182
M16/1,M111,7:32:09,5,-1,1,MX1714,0,2,111
M125,M135/2,7:32:09,5,-1,1,MX1625,0,2,70
M125,M135/2,7:34:33,5,1,1,MX2037,0,2,113
M7/1,M16/1,7:35:13,5,4,2,MX2215,0,2,143
M111,M112,7:35:13,5,-1,1,MX1714,0,2,103
M112,M127,7:37:14,5,-1,1,MX1714,0,2,30
M16/1,M111,7:37:24,5,3,1,MX2215,0,2,70
M127,M125,7:38:15,5,-1,1,MX1714,0,2,30
M135/2,M161,7:38:25,5,-1,-1,MW2420,4,2,426
M161,M70,7:39:16,5,-1,-1,MW2420,0,2,10
M125,M135/2,7:39:36,5,-1,1,MX1714,0,2,50
M111,M112,7:40:06,5,3,1,MX2215,0,2,80
M135/2,M161,7:40:16,5,-1,-1,MX1625,4,2,416
M161,M70,7:41:07,5,-1,-1,MX1625,0,2,20
M112,M127,7:41:57,5,2,1,MX2215,0,2,20
M70,M118,7:42:18,5,-1,1,MX1625,0,2,40
M16/1,M111,7:42:28,5,-1,1,MX1711,0,2,50
M127,M125,7:43:18,5,2,1,MX2215,0,2,30
M135/2,M161,7:43:18,5,0,-1,MX2037,4,2,495
M161,M70,7:44:09,5,0,-1,MX2037,0,2,20
M125,M135/2,7:44:49,5,2,1,MX2215,0,2,50
M111,M112,7:44:59,5,-1,1,MX1711,0,2,70
M70,M118,7:45:50,5,0,1,MX2037,0,2,60
M112,M127,7:47:03,5,-1,1,MX1711,0,2,20
M135/2,M161,7:47:13,5,-1,-1,MX1714,4,2,416
M127,M125,7:48:03,5,-1,1,MX1711,0,2,20
M161,M70,7:48:24,5,-1,-1,MX1714,0,2,30
M1/9,M7/1,7:48:44,5,-1,1,MW2183,0,2,194
M70,M118,7:49:55,5,-1,1,MX1714,0,2,70
M125,M135/2,7:50:05,5,-1,1,MX1711,0,2,70
M135/2,M161,7:51:16,5,1,-1,MX2215,4,2,325
M161,M70,7:52:06,5,0,-1,MX2215,0,2,20
M7/1,M16/1,7:52:26,5,-1,1,MW2183,0,2,192
M70,M118,7:53:27,5,0,1,MX2215,0,2,50
M7/1,M16/1,7:54:07,5,-1,1,MX1601,0,2,151
M1/9,M7/1,7:54:18,5,1,1,MX1240,0,2,121
M16/1,M111,7:54:38,5,-1,1,MW2183,0,2,70
M16/1,M111,7:56:19,5,-1,1,MX1601,0,2,60
M111,M112,7:57:09,5,-1,2,MW2183,0,2,70
M135/2,M161,7:57:09,5,-1,-1,MX1711,4,2,364
M7/1,M16/1,7:57:40,5,2,1,MX1240,0,2,172
M70,M118,7:58:34,5,-1,1,MX1711,0,2,23
M1/9,M7/1,7:59:04,5,2,1,MX1721,0,2,165
M111,M112,7:59:04,5,-1,2,MX1601,0,2,104
M112,M127,7:59:24,5,-1,1,MW2183,0,2,40
M16/1,M111,7:59:55,5,2,1,MX1240,0,2,70
M127,M125,8:00:35,5,-1,1,MW2183,0,2,30
M112,M127,8:00:45,5,-1,1,MX1601,0,2,40
M127,M125,8:01:56,5,-1,1,MX1601,0,2,20
M111,M112,8:02:26,5,2,2,MX1240,0,2,90
M1/9,M7/1,8:02:36,5,2,1,MX2193,0,2,161
M7/1,M16/1,8:03:07,5,2,1,MX1721,0,2,192
M125,M135/2,8:03:57,5,-1,1,MW2183,0,2,101
M112,M127,8:04:07,5,2,1,MX1240,0,2,30
M125,M135/2,8:04:07,5,-1,1,MX1601,0,2,91
M127,M125,8:05:28,5,3,1,MX1240,0,2,30
M1/9,M7/1,8:06:09,5,-1,2,MW2693,0,2,131
M7/1,M16/1,8:06:19,5,3,2,MX2193,0,2,161
M16/1,M111,8:06:49,5,2,1,MX1721,0,2,101
M125,M135/2,8:07:50,5,3,1,MX1240,0,2,111
M1/9,M7/1,8:08:00,5,-1,2,AA3016,0,2,91
M16/1,M111,8:08:41,5,3,1,MX2193,0,2,101
M111,M112,8:09:11,5,2,2,MX1721,0,2,60
M7/1,M16/1,8:09:44,5,-1,2,MW2693,0,2,174
M1/9,M7/1,8:10:44,5,2,2,MX2141,0,2,20
M111,M112,8:10:54,5,3,1,MX2193,0,2,50
M112,M127,8:11:25,5,2,1,MX1721,0,2,30
M135/2,M161,8:11:45,5,-1,-1,MX1601,4,2,386
M135/2,M161,8:11:45,5,-1,-1,MW2183,4,2,407
M16/1,M111,8:12:05,5,-1,1,MW2693,0,2,70
M7/1,M16/1,8:12:15,5,-1,2,AA3016,0,2,141
M161,M70,8:12:36,5,-1,-1,MW2183,0,2,20
M161,M70,8:12:36,5,-1,-1,MX1601,0,2,20
M112,M127,8:12:46,5,3,1,MX2193,0,2,20
M127,M125,8:12:46,5,2,1,MX1721,0,2,30
M111,M112,8:14:07,5,-1,1,MW2693,0,2,40
M127,M125,8:14:17,5,3,1,MX2193,0,2,40
M70,M118,8:14:17,5,-1,1,MW2183,0,2,70
M70,M118,8:14:27,5,-1,1,MX1601,0,2,60
M125,M135/2,8:15:17,5,2,1,MX1721,0,2,50
M16/1,M111,8:15:28,5,-1,1,AA3016,0,2,111
M135/2,M161,8:16:08,5,3,-1,MX1240,4,2,437
M112,M127,8:16:18,5,-1,1,MW2693,0,2,60
M7/1,M16/1,8:16:59,5,2,1,MX2141,0,2,364
M161,M70,8:16:59,5,3,-1,MX1240,0,2,20
M125,M135/2,8:17:19,5,3,1,MX2193,0,2,121
M111,M112,8:17:29,5,-1,1,AA3016,0,2,30
M127,M125,8:17:29,5,-1,1,MW2693,0,2,20
M70,M118,8:18:42,5,3,1,MX1240,0,2,72
M125,M135/2,8:19:13,5,-1,1,MW2693,0,2,40
M112,M127,8:19:43,5,-1,1,AA3016,0,2,113
M16/1,M111,8:20:44,5,3,1,MX2141,0,2,121
M127,M125,8:21:14,5,-1,1,AA3016,0,2,30
M1/9,M7/1,8:21:44,5,-1,1,MX1983,0,2,182
M135/2,M161,8:21:44,5,0,-1,MX1721,4,2,325
M111,M112,8:22:45,5,3,1,MX2141,0,2,30
M161,M70,8:22:45,5,0,-1,MX1721,0,2,30
M70,M118,8:24:26,5,0,1,MX1721,0,2,60
M125,M135/2,8:24:36,5,-1,1,AA3016,0,2,131
M112,M127,8:25:07,5,3,1,MX2141,0,2,40
M135/2,M161,8:25:27,5,4,-1,MX2193,4,2,437
M7/1,M16/1,8:25:37,5,-1,2,MX1983,0,2,151
M135/2,M161,8:25:57,5,-1,-1,MW2693,4,2,354
M161,M70,8:26:07,5,4,-1,MX2193,0,2,10
M111,M112,8:26:17,5,-1,1,MX2063,0,2,40
M127,M125,8:26:48,5,4,1,MX2141,0,2,30
M161,M70,8:27:08,5,-1,-1,MW2693,0,2,30
M70,M118,8:27:18,5,4,1,MX2193,0,2,30
M16/1,M111,8:27:38,5,-1,1,MX1983,0,2,70
M125,M135/2,8:28:29,5,4,1,MX2141,0,2,50
M112,M127,8:28:39,5,-1,1,MX2063,0,2,30
M111,M112,8:29:50,5,-1,1,MX1983,0,2,50
M127,M125,8:30:00,5,-1,1,MX2063,0,2,30
M112,M127,8:32:14,5,-1,1,MX1983,0,2,61
M1/9,M16/1,8:32:24,5,-1,2,MW2420,1,2,356
M125,M135/2,8:32:24,5,-1,1,MX2063,0,2,61
M135/2,M161,8:32:24,5,-1,-1,AA3016,4,2,345
M70,M118,8:33:14,5,-1,1,MW2693,0,2,335
M127,M125,8:33:24,5,-1,1,MX1983,0,2,30
M1/9,M7/1,8:34:15,5,-1,2,MX1625,0,2,111
M16/1,M111,8:34:45,5,-1,1,MW2420,0,2,60
M135/2,M170/2,8:35:05,5,-1,1,MX2063,0,2,80
M125,M135/2,8:35:36,5,-1,1,MX1983,0,2,91
M161,M118,8:35:36,5,-1,1,AA3016,1,2,182
M111,M112,8:37:07,5,-1,2,MW2420,0,2,70
M1/9,M7/1,8:37:17,5,-1,1,MX2239,0,2,50
M1/9,M7/1,8:37:27,5,3,1,MX2037,0,2,131
M135/2,M161,8:37:37,5,4,-1,MX2141,4,2,456
M7/1,M16/1,8:38:28,5,-1,2,MX1625,0,2,202
M161,M70,8:38:38,5,4,-1,MX2141,0,2,10
M112,M127,8:39:39,5,-1,1,MW2420,0,2,70
M170/2,M161,8:40:49,5,-1,-1,MX2063,3,2,303
M127,M125,8:41:10,5,-1,1,MW2420,0,2,40
M16/1,M111,8:41:33,5,-1,1,MX1625,0,2,114
M135/2,M161,8:41:53,5,-1,-1,MX1983,4,2,306
M161,M70,8:42:34,5,-1,-1,MX1983,0,2,10
M1/9,M7/1,8:42:54,5,-1,2,MX1714,0,2,104
M1/9,M7/1,8:43:14,5,0,2,MX2215,0,2,101
M7/1,M16/1,8:43:34,5,4,2,MX2037,0,2,225
M70,M118,8:43:55,5,-1,1,MX2063,0,2,101
M111,M112,8:44:25,5,-1,1,MX1625,0,2,111
M125,M135/2,8:45:05,5,-1,1,MW2420,0,2,192
M112,M127,8:46:36,5,-1,1,MX1625,0,2,40
M16/1,M111,8:46:57,5,4,1,MX2037,0,2,121
M7/1,M16/1,8:47:27,5,-1,2,MX1714,0,2,212
M127,M125,8:48:58,5,-1,1,MX1625,0,2,30
M7/1,M16/1,8:49:08,5,0,2,MX2215,0,2,343
M111,M112,8:49:38,5,4,1,MX2037,0,2,80
M16/1,M111,8:50:49,5,-1,1,MX1714,0,2,70
M125,M135/2,8:50:59,5,-1,1,MX1625,0,2,60
M112,M127,8:51:40,5,4,1,MX2037,0,2,20
M16/1,M111,8:52:32,5,0,1,MX2215,0,2,52
M135/2,M161,8:53:13,5,-1,-1,MW2420,4,2,436
M127,M125,8:53:33,5,4,1,MX2037,0,2,40
M161,M70,8:53:54,5,-1,-1,MW2420,0,2,10
M111,M112,8:54:24,5,-1,1,MX1714,0,2,163
M111,M112,8:54:54,5,0,1,MX2215,0,2,91
M70,M118,8:55:04,5,-1,1,MW2420,0,2,20
M16/1,M111,8:55:55,5,-1,1,MX1711,0,2,40
M112,M127,8:56:05,5,-1,1,MX1714,0,2,50
M125,M135/2,8:56:15,5,4,1,MX2037,0,2,101
M112,M127,8:57:16,5,0,1,MX2215,0,2,60
M127,M125,8:58:06,5,-1,1,MX1714,0,2,60
M135/2,M161,8:58:37,5,-1,-1,MX1625,4,2,396
M111,M112,8:59:07,5,-1,1,MX1711,0,2,141
M127,M125,8:59:27,5,0,1,MX2215,0,2,70
M161,M70,8:59:27,5,-1,-1,MX1625,0,2,20
M1/9,M7/1,8:59:48,5,-1,2,MW2183,0,2,121
M125,M135/2,9:00:18,5,-1,1,MX1714,0,2,60
M70,M118,9:00:48,5,-1,1,MX1625,0,2,50
M112,M127,9:00:58,5,-1,1,MX1711,0,2,30
M125,M135/2,9:01:59,5,0,1,MX2215,0,2,121
M127,M125,9:02:29,5,-1,1,MX1711,0,2,50
M16/1,M111,9:02:39,5,-1,1,MX2239,0,2,161
M7/1,M16/1,9:04:12,5,-1,2,MW2183,0,2,162
M135/2,M161,9:04:42,5,2,-1,MX2037,4,2,415
M111,M112,9:04:52,5,-1,1,MX2239,0,2,60
M125,M135/2,9:05:12,5,-1,1,MX1711,0,2,91
M161,M70,9:05:43,5,2,-1,MX2037,0,2,20
M1/9,M7/1,9:06:23,5,-1,2,MX1601,0,2,151
M112,M127,9:07:05,5,-1,1,MX2239,0,2,122
M70,M118,9:07:45,5,1,1,MX2037,0,2,61
M16/1,M111,9:08:25,5,-1,1,MW2183,0,2,162
M127,M125,9:08:56,5,-1,1,MX2239,0,2,40
M135/2,M161,9:09:06,5,-1,-1,MX1714,4,2,457
M161,M70,9:09:56,5,-1,-1,MX1714,0,2,20
M70,M118,9:10:57,5,-1,1,MX1714,0,2,30
M135/2,M161,9:11:17,5,0,-1,MX2215,4,2,487
M125,M135/2,9:11:38,5,-1,1,MX2239,0,2,101
M135/2,M161,9:11:38,5,-1,-1,MX1711,4,2,324
M111,M112,9:11:58,5,-1,2,MW2183,0,2,131
M7/1,M16/1,9:12:08,5,-1,2,MX1601,0,2,273
M161,M70,9:12:18,5,0,-1,MX2215,0,2,20
M1/9,M7/1,9:12:49,5,3,1,MX1240,0,2,172
M161,M70,9:13:09,5,-1,-1,MX1711,0,2,20
M70,M118,9:13:09,5,0,1,MX2215,0,2,40
M112,M127,9:14:20,5,-1,1,MW2183,0,2,40
M70,M118,9:14:43,5,-1,1,MX1711,0,2,63
M16/1,M111,9:16:04,5,-1,2,MX1601,0,2,155
M127,M125,9:16:04,5,-1,1,MW2183,0,2,40
M7/1,M16/1,9:16:55,5,4,2,MX1240,0,2,205
M125,M135/2,9:18:46,5,-1,1,MW2183,0,2,91
M111,M112,9:19:16,5,-1,2,MX1601,0,2,101
M16/1,M111,9:19:57,5,4,2,MX1240,0,2,80
M112,M127,9:21:18,5,-1,1,MX1601,0,2,30
M135/2,M170/2,9:21:18,5,-1,1,MW2183,0,2,90
M135/2,M161,9:21:28,5,-1,-1,MX2239,4,2,539
M1/9,M7/1,9:22:28,5,4,2,MX2193,0,2,161
M7/1,M16/1,9:22:28,5,0,3,MX1721,0,2,232
M111,M112,9:22:39,5,4,2,MX1240,0,2,91
M161,M70,9:22:59,5,-1,-1,MX2239,0,2,30
M127,M125,9:23:19,5,-1,1,MX1601,0,2,30
M70,M118,9:23:39,5,-1,1,MX2239,0,2,20
M112,M127,9:25:03,5,4,1,MX1240,0,2,63
M16/1,M111,9:25:34,5,0,2,MX1721,0,2,73
M7/1,M16/1,9:25:54,5,5,3,MX2193,0,2,154
M127,M125,9:26:24,5,4,1,MX1240,0,2,40
M125,M135/2,9:27:05,5,-1,1,MX1601,0,2,151
M170/2,M161,9:27:35,5,-1,-1,MW2183,3,2,336
M111,M112,9:28:15,5,0,2,MX1721,0,2,121
M161,M70,9:28:25,5,-1,-1,MW2183,0,2,10
M16/1,M111,9:29:07,5,5,2,MX2193,0,2,91
M125,M135/2,9:29:37,5,4,1,MX1240,0,2,122
M112,M127,9:30:48,5,0,1,MX1721,0,2,40
M70,M118,9:30:48,5,-1,1,MW2183,0,2,101
M16/1,M111,9:31:08,5,-1,1,MW2693,0,2,60
M127,M125,9:32:39,5,0,1,MX1721,0,2,30
M111,M112,9:33:51,5,5,2,MX2193,0,2,142
M7/1,M16/1,9:34:01,5,-1,3,AA3016,0,2,621
M111,M112,9:34:01,5,-1,2,MW2693,0,2,112
M1/9,M7/1,9:35:23,5,3,2,MX2141,0,2,133
M135/2,M161,9:35:34,5,-1,-1,MX1601,4,2,449
M125,M135/2,9:35:55,5,0,1,MX1721,0,2,133
M161,M70,9:36:15,5,-1,-1,MX1601,0,2,10
M112,M127,9:36:35,5,-1,1,MW2693,0,2,133
M112,M127,9:36:45,5,5,1,MX2193,0,2,70
M135/2,M161,9:37:36,5,5,-1,MX1240,4,2,437
M16/1,M111,9:37:46,5,-1,1,AA3016,0,2,101
M127,M125,9:37:46,5,-1,1,MW2693,0,2,20
M70,M118,9:37:46,5,-1,2,MX1601,0,2,50
M127,M125,9:38:26,5,5,1,MX2193,0,2,30
M161,M70,9:38:26,5,5,-1,MX1240,0,2,20
M7/1,M16/1,9:39:17,5,3,2,MX2141,0,2,192
M70,M118,9:39:37,5,5,2,MX1240,0,2,50
M125,M135/2,9:39:57,5,-1,1,MW2693,0,2,80
M111,M112,9:40:48,5,-1,-1,AA3016,0,2,40
M125,M135/2,9:41:28,5,5,-1,MX2193,0,2,111
M16/1,M111,9:43:20,5,3,-1,MX2141,0,2,161
M112,M127,9:43:20,5,-1,-1,AA3016,0,2,131
M135/2,M161,9:44:12,5,0,-1,MX1721,4,2,366
M1/9,M7/1,9:44:53,5,-1,-1,MX1983,0,2,194
M127,M125,9:45:03,5,-1,2,AA3016,0,2,40
M161,M70,9:45:13,5,0,-1,MX1721,0,2,10
M111,M112,9:46:24,5,4,2,MX2141,0,2,70
M70,M118,9:46:54,5,0,1,MX1721,0,2,50
M1/9,M7/1,9:47:55,5,-1,2,MW2420,0,2,182
M125,M135/2,9:48:25,5,-1,1,AA3016,0,2,121
M7/1,M16/1,9:48:46,5,-1,2,MX1983,0,2,141
M112,M127,9:49:36,5,4,1,MX2141,0,2,101
M135/2,M161,9:49:46,5,-1,-1,MW2693,4,2,538
M161,M70,9:50:27,5,-1,-1,MW2693,0,2,20
M16/1,M111,9:51:07,5,-1,1,MX1983,0,2,80
M127,M125,9:51:18,5,4,2,MX2141,0,2,40
M7/1,M16/1,9:51:38,5,-1,2,MW2420,0,2,152
M70,M118,9:51:58,5,-1,1,MW2693,0,2,50
M135/2,M161,9:52:59,5,5,-1,MX2193,4,2,579
M111,M112,9:53:59,5,-1,2,MX1983,0,2,90
M161,M70,9:53:59,5,5,-1,MX2193,0,2,10
M125,M135/2,9:54:20,5,4,1,MX2141,0,2,131
M1/9,M7/1,9:54:41,5,-1,2,MX1625,0,2,111
M16/1,M111,9:54:51,5,-1,1,MW2420,0,2,111
M125,M135/2,9:54:51,5,-1,1,MX2063,0,2,81
M112,M127,9:55:21,5,-1,1,MX1983,0,2,30
M70,M118,9:55:21,5,5,1,MX2193,0,2,20
M135/2,M161,9:56:35,5,-1,-1,AA3016,4,2,429
M127,M125,9:57:06,5,-1,1,MX1983,0,2,30
M161,M70,9:57:36,5,-1,-1,AA3016,0,2,10
M111,M112,9:58:06,5,-1,1,MW2420,0,2,124
M135/2,M170/2,9:58:17,5,-1,2,MX2063,0,2,101
M7/1,M16/1,9:58:47,5,-1,2,MX1625,0,2,185
M125,M135/2,9:59:58,5,-1,1,MX1983,0,2,70
M70,M118,9:59:58,5,-1,1,AA3016,0,2,101
M112,M127,10:00:38,5,-1,1,MW2420,0,2,60
M16/1,M111,10:01:39,5,-1,1,MX1625,0,2,111
M127,M125,10:02:09,5,-1,1,MW2420,0,2,40
M125,M135/2,10:03:53,5,-1,1,MW2420,0,2,61
M135/2,M161,10:04:03,5,5,-1,MX2141,4,2,481
M7/1,M16/1,10:04:53,5,-1,2,MX1714,0,2,174
M161,M70,10:05:04,5,5,-1,MX2141,0,2,20
M111,M112,10:05:14,5,-1,1,MX1625,0,2,92
M170/2,M161,10:05:34,5,-1,-1,MX2063,3,2,407
M161,M70,10:06:14,5,-1,-1,MX2063,0,2,10
M135/2,M161,10:06:45,5,-1,-1,MX1983,4,2,315
M112,M127,10:07:36,5,-1,1,MX1625,0,2,61
M161,M70,10:07:36,5,-1,-1,MX1983,0,2,20
M70,M118,10:08:26,5,5,1,MX2141,0,2,142
M16/1,M111,10:08:36,5,-1,1,MX1714,0,2,101
M127,M125,10:09:17,5,-1,1,MX1625,0,2,50
M7/1,M16/1,10:09:57,5,5,2,MX2215,0,2,498
M111,M112,10:10:28,5,-1,2,MX1714,0,2,50
M125,M135/2,10:11:28,5,-1,2,MX1625,0,2,70
M135/2,M161,10:12:59,5,-1,-1,MW2420,4,2,506
M112,M127,10:13:09,5,-1,1,MX1714,0,2,30
M16/1,M111,10:13:42,5,5,1,MX2215,0,2,133
M1/9,M7/1,10:13:52,5,-1,2,MX2239,0,2,457
M161,M70,10:14:02,5,-1,-1,MW2420,0,2,10
M127,M125,10:14:43,5,-1,2,MX1714,0,2,41
M111,M112,10:16:04,5,5,2,MX2215,0,2,70
M125,M135/2,10:16:55,5,-1,1,MX1714,0,2,70
M112,M127,10:18:27,5,5,2,MX2215,0,2,61
M70,M118,10:18:27,5,-1,1,MW2420,0,2,183
M7/1,M16/1,10:18:37,5,-1,2,MX2239,0,2,243
M127,M125,10:19:07,5,5,1,MX2215,0,2,30
M135/2,M161,10:19:47,5,-1,-1,MX1625,4,2,428
M161,M70,10:20:48,5,-1,-1,MX1625,0,2,10
M1/9,M7/1,10:21:39,5,-1,1,MW2183,0,2,131
M125,M135/2,10:22:19,5,5,1,MX2215,0,2,60
M70,M118,10:23:20,5,-1,1,MX1625,0,2,80
M7/1,M16/1,10:25:24,5,-1,2,MW2183,0,2,134
M16/1,M111,10:25:54,5,-1,1,MX2239,0,2,275
M1/9,M7/1,10:26:45,5,-1,1,AA7029,0,2,225
M135/2,M161,10:27:25,5,-1,-1,MX1714,4,2,528
M161,M70,10:28:16,5,-1,-1,MX1714,0,2,10
M111,M112,10:28:46,5,-1,1,MX2239,0,2,80
M7/1,M16/1,10:30:17,5,-1,2,AA7029,0,2,121
M16/1,M111,10:30:47,5,-1,1,MW2183,0,2,252
M112,M127,10:31:08,5,-1,1,MX2239,0,2,40
M1/9,M7/1,10:31:18,5,1,2,MX2037,0,2,121
M127,M125,10:32:29,5,-1,2,MX2239,0,2,50
M135/2,M161,10:32:59,5,0,-1,MX2215,4,2,525
M161,M70,10:33:39,5,0,-1,MX2215,0,2,20
M111,M112,10:34:10,5,-1,2,MW2183,0,2,111
M16/1,M111,10:34:32,5,-1,1,AA7029,0,2,133
M1/9,M7/1,10:35:53,5,2,1,MX1240,0,2,153
M7/1,M16/1,10:36:13,5,4,2,MX2037,0,2,153
M125,M135/2,10:37:14,5,-1,1,MX2239,0,2,121
M111,M112,10:37:44,5,-1,2,AA7029,0,2,121
M112,M127,10:38:05,5,-1,1,MW2183,0,2,172
M16/1,M111,10:38:55,5,4,2,MX2037,0,2,90
M127,M125,10:39:05,5,-1,1,MW2183,0,2,30
M7/1,M16/1,10:39:36,5,2,2,MX1240,0,2,182
M112,M127,10:40:06,5,-1,1,AA7029,0,2,30
M16/1,M111,10:41:07,5,2,1,MX1240,0,2,70
M111,M112,10:41:37,5,4,1,MX2037,0,2,50
M127,M125,10:42:48,5,-1,1,AA7029,0,2,101
M125,M135/2,10:43:08,5,-1,1,MW2183,0,2,131
M111,M112,10:43:49,5,2,1,MX1240,0,2,80
M112,M127,10:44:09,5,4,1,MX2037,0,2,50
M112,M127,10:46:22,5,2,1,MX1240,0,2,62
M125,M135/2,10:46:32,5,-1,1,AA7029,0,2,163
M127,M125,10:47:23,5,5,1,MX2037,0,2,80
M1/9,M7/1,10:47:33,5,3,2,MX2193,0,2,111
M135/2,M161,10:48:44,5,-1,-1,MX2239,4,2,568
M127,M125,10:49:04,5,2,1,MX1240,0,2,50
M16/1,M111,10:49:25,5,-1,1,MX1711,0,2,91
M161,M70,10:49:36,5,-1,-1,MX2239,0,2,11
M70,M118,10:50:26,5,-1,1,MX2239,0,2,20
M125,M135/2,10:50:36,5,5,1,MX2037,0,2,71
M7/1,M16/1,10:51:37,5,1,2,MX2193,0,2,183
M135/2,M161,10:51:47,5,-1,-1,MW2183,4,2,447
M111,M112,10:52:28,5,-1,2,MX1711,0,2,70
M161,M70,10:52:38,5,-1,-1,MW2183,0,2,10
M112,M127,10:53:18,5,-1,1,MX1711,0,2,40
M125,M135/2,10:53:48,5,3,1,MX1240,0,2,70
M1/9,M7/1,10:53:59,5,-1,2,MX1601,0,2,111
M135/2,M161,10:53:59,5,-1,-1,AA7029,4,2,365
M16/1,M111,10:54:09,5,1,1,MX2193,0,2,101
M70,M118,10:54:09,5,-1,1,MW2183,0,2,50
M161,M70,10:55:09,5,-1,-1,AA7029,0,2,10
M127,M125,10:55:32,5,-1,2,MX1711,0,2,113
M70,M118,10:55:52,5,-1,1,AA7029,0,2,20
M111,M112,10:57:54,5,1,1,MX2193,0,2,101
M125,M135/2,10:58:54,5,-1,1,MX1711,0,2,142
M7/1,M16/1,10:59:05,5,-1,1,MX1601,0,2,212
M135/2,M161,11:00:47,5,3,-1,MX2037,4,2,529
M16/1,M111,11:01:27,5,-1,1,MX1601,0,2,30
M1/9,M7/1,11:01:58,5,2,1,MX2141,0,2,121
M112,M127,11:01:58,5,1,3,MX2193,0,2,101
M161,M70,11:02:18,5,2,-1,MX2037,0,2,40
M70,M118,11:03:39,5,2,1,MX2037,0,2,60
M135/2,M161,11:04:09,5,3,-1,MX1240,4,2,507
M127,M125,11:04:40,5,1,2,MX2193,0,2,30
M161,M70,11:05:10,5,3,-1,MX1240,0,2,20
M111,M112,11:05:20,5,-1,2,MX1601,0,2,121
M7/1,M16/1,11:06:43,5,2,2,MX2141,0,2,224
M1/9,M7/1,11:07:13,5,3,1,MX1721,0,2,234
M135/2,M161,11:07:33,5,-1,-1,MX1711,4,2,436
M70,M118,11:07:44,5,3,1,MX1240,0,2,123
M161,M70,11:08:34,5,-1,-1,MX1711,0,2,20
M112,M127,11:08:44,5,-1,2,MX1601,0,2,80
M125,M135/2,11:09:15,5,2,1,MX2193,0,2,244
M16/1,M111,11:09:25,5,2,1,MX2141,0,2,111
M111,M112,11:11:17,5,2,1,MX2141,0,2,50
M127,M125,11:12:07,5,-1,1,MX1601,0,2,131
M1/9,M7/1,11:12:58,5,-1,1,MX1983,0,2,233
M70,M118,11:12:58,5,-1,1,MX1711,0,2,243
M7/1,M16/1,11:13:08,5,4,2,MX1721,0,2,324
M16/1,M111,11:14:39,5,4,1,MX1721,0,2,30
M112,M127,11:15:20,5,2,1,MX2141,0,2,91
M125,M135/2,11:16:01,5,-1,1,MX1601,0,2,132
M7/1,M16/1,11:16:32,5,-1,2,MX1983,0,2,142
M127,M125,11:16:52,5,2,1,MX2141,0,2,60
M111,M112,11:18:24,5,4,2,MX1721,0,2,81
M16/1,M111,11:19:25,5,-1,1,MX1983,0,2,111
M112,M127,11:20:36,5,4,2,MX1721,0,2,51
M135/2,M161,11:21:07,5,3,-1,MX2193,4,2,589
M125,M135/2,11:21:27,5,2,1,MX2141,0,2,152
M161,M70,11:22:07,5,3,-1,MX2193,0,2,20
M1/9,M7/1,11:22:18,5,-1,2,MW2693,0,2,152
M111,M112,11:22:18,5,-1,2,MX1983,0,2,101
M127,M125,11:22:28,5,4,1,MX1721,0,2,20
M112,M127,11:24:19,5,-1,2,MX1983,0,2,40
M70,M118,11:24:29,5,3,1,MX2193,0,2,111
M127,M125,11:26:00,5,-1,2,MX1983,0,2,60
M7/1,M16/1,11:26:10,5,-1,2,MW2693,0,2,171
M125,M135/2,11:26:20,5,3,1,MX1721,0,2,131
M7/1,M16/1,11:28:13,5,-1,2,MX1625,0,2,173
M16/1,M111,11:30:25,5,-1,1,MW2693,0,2,203
M125,M135/2,11:30:25,5,-1,1,MX1983,0,2,152
M161,M70,11:30:25,5,-1,-1,MX1601,0,2,20
M16/1,M111,11:30:45,5,-1,1,MX1625,0,2,101
M70,M118,11:31:46,5,-1,1,MX1601,0,2,40
M1/9,M7/1,11:31:56,5,-1,2,MX2063,0,2,121
M1/9,M16/1,11:32:16,5,-1,2,AA3016,1,2,507
M111,M112,11:32:16,5,-1,1,MW2693,0,2,50
M135/2,M161,11:32:47,5,1,-1,MX2141,4,2,548
M161,M70,11:33:47,5,0,-1,MX2141,0,2,20
M111,M112,11:33:58,5,-1,1,MX1625,0,2,70
M16/1,M111,11:34:18,5,-1,1,AA3016,0,2,60
M70,M118,11:35:29,5,0,1,MX2141,0,2,60
M112,M127,11:35:59,5,-1,1,MW2693,0,2,182
M112,M127,11:36:29,5,-1,1,MX1625,0,2,80
M7/1,M16/1,11:37:10,5,-1,2,MX2063,0,2,232
M111,M112,11:37:44,5,-1,2,AA3016,0,2,85
M127,M125,11:37:54,5,-1,1,MW2693,0,2,34
M127,M125,11:38:35,5,-1,1,MX1625,0,2,40
M7/1,M16/1,11:38:55,5,4,2,MX2215,0,2,358
M161,M70,11:39:05,5,0,-1,MX1721,0,2,20
M112,M127,11:40:07,5,-1,1,AA3016,0,2,41
M125,M135/2,11:41:08,5,-1,1,MW2693,0,2,122
M16/1,M111,11:41:28,5,4,2,MX2215,0,2,90
M70,M118,11:41:28,5,0,2,MX1721,0,2,111
M125,M135/2,11:42:18,5,-1,1,MX1625,0,2,141
M127,M125,11:42:29,5,-1,1,AA3016,0,2,40
M16/1,M111,11:43:19,5,-1,2,MX2063,0,2,274
M111,M112,11:44:10,5,4,2,MX2215,0,2,91
M161,M70,11:44:20,5,-1,-1,MX1983,0,2,10
M112,M127,11:46:03,5,4,1,MX2215,0,2,50
M111,M112,11:46:13,5,-1,2,MX2063,0,2,91
M125,M135/2,11:46:23,5,-1,1,AA3016,0,2,143
M7/1,M16/1,11:47:35,5,-1,2,MW2420,0,2,183
M112,M127,11:47:45,5,-1,1,MX2063,0,2,31
M127,M125,11:47:56,5,4,1,MX2215,0,2,51
M7/1,M16/1,11:48:46,5,-1,2,MX2239,0,2,173
M127,M125,11:49:37,5,-1,1,MX2063,0,2,30
M16/1,M111,11:50:07,5,-1,1,MW2420,0,2,101
M125,M135/2,11:51:08,5,4,1,MX2215,0,2,121
M16/1,M111,11:52:09,5,-1,1,MX2239,0,2,111
M111,M112,11:52:39,5,-1,2,MW2420,0,2,81
M125,M135/2,11:52:39,5,-1,1,MX2063,0,2,131
M1/9,M7/1,11:52:59,5,-1,1,MW2183,0,2,141
M135/2,M161,11:53:30,5,-1,-1,MW2693,4,2,610
M161,M70,11:54:20,5,-1,-1,MW2693,0,2,10
M112,M127,11:54:52,5,-1,1,MW2420,0,2,20
M161,M70,11:55:53,5,-1,-1,MX1625,0,2,30
M1/9,M7/1,11:56:03,5,3,2,MX2037,0,2,234
M70,M118,11:56:03,5,-1,1,MW2693,0,2,80
M7/1,M16/1,11:56:44,5,-1,2,MW2183,0,2,143
M135/2,M161,11:57:04,5,-1,-1,AA3016,4,2,558
M111,M127,11:57:14,5,-1,1,MX2239,1,2,203
M70,M118,11:57:14,5,-1,1,MX1625,0,2,40
M127,M125,11:57:24,5,-1,2,MW2420,0,2,70
M16/1,M111,11:59:06,5,-1,1,MW2183,0,2,101
M161,M118,11:59:06,5,-1,1,AA3016,1,2,101
M127,M125,11:59:17,5,-1,2,MX2239,0,2,62
M7/1,M16/1,11:59:58,5,4,2,MX2037,0,2,143
M135/2,M161,12:01:23,5,0,-1,MX2215,4,2,534
M111,M112,12:01:33,5,-1,1,MW2183,0,2,84
M1/9,M7/1,12:02:26,5,-1,1,MX1714,0,2,210
M161,M70,12:02:26,5,0,-1,MX2215,0,2,20
M125,M135/2,12:02:38,5,-1,1,MW2420,0,2,211
M135/2,M161,12:02:59,5,-1,-1,MX2063,4,2,539
M161,M70,12:03:43,5,-1,-1,MX2063,0,2,10
M16/1,M111,12:03:53,5,4,1,MX2037,0,2,170
M125,M135/2,12:04:03,5,-1,1,MX2239,0,2,211
M70,M118,12:04:14,5,0,1,MX2215,0,2,74
M112,M127,12:04:25,5,-1,2,MW2183,0,2,161
M7/1,M16/1,12:06:31,5,-1,1,MX1714,0,2,137
M127,M125,12:06:31,5,-1,2,MW2183,0,2,20
M111,M112,12:07:02,5,4,2,MX2037,0,2,105
M112,M127,12:09:48,5,4,2,MX2037,0,2,84
M1/9,M7/1,12:10:23,5,-1,1,MX1711,0,2,180
M16/1,M111,12:10:23,5,-1,1,MX1714,0,2,66
M125,M135/2,12:10:23,5,-1,1,MW2183,0,2,140
M127,M125,12:12:08,5,4,2,MX2037,0,2,62
M7/1,M16/1,12:12:48,5,-1,1,MX1711,0,2,125
M135/2,M161,12:13:09,5,-1,-1,MW2420,4,2,535
M161,M70,12:14:30,5,-1,-1,MW2420,0,2,20
M111,M112,12:15:34,5,-1,2,MX1714,0,2,175
M70,M118,12:15:34,5,-1,1,MW2420,0,2,44
M16/1,M111,12:15:44,5,-1,1,MX1711,0,2,125
M125,M135/2,12:16:45,5,4,2,MX2037,0,2,155
M112,M127,12:16:55,5,-1,1,MX1714,0,2,40
M161,M70,12:17:46,5,-1,-1,MX2239,0,2,60
M111,M112,12:18:26,5,-1,2,MX1711,0,2,101
M112,M127,12:19:17,5,-1,1,MX1711,0,2,40
M70,M118,12:19:17,5,-1,1,MX2239,0,2,60
M127,M125,12:20:07,5,-1,2,MX1714,0,2,40
M127,M125,12:21:08,5,-1,2,MX1711,0,2,70
M125,M135/2,12:22:49,5,-1,2,MX1714,0,2,101
M125,M135/2,12:24:20,5,-1,2,MX1711,0,2,91
M1/9,M7/1,12:24:42,5,-1,1,MX1601,0,2,194
M7/1,M16/1,12:29:17,5,-1,1,MX1601,0,2,202
M161,M118,12:29:48,5,-1,2,MW2183,1,2,101
M161,M70,12:31:19,5,1,-1,MX2037,0,2,10
M70,M118,12:33:00,5,0,2,MX2037,0,2,70
M16/1,M111,12:33:10,5,-1,1,MX1601,0,2,121
M1/9,M7/1,12:34:13,5,2,1,MX1240,0,2,204
M135/2,M161,12:35:15,5,-1,-1,MX1711,4,2,529
M161,M70,12:35:55,5,-1,-1,MX1714,0,2,10
M161,M70,12:36:15,5,-1,-1,MX1711,0,2,20
M111,M112,12:36:26,5,-1,1,MX1601,0,2,101
M7/1,M16/1,12:37:46,5,2,2,MX1240,0,2,182
M70,M118,12:37:46,5,-1,2,MX1714,0,2,70
M112,M127,12:38:47,5,-1,1,MX1601,0,2,20
M7/1,M16/1,12:39:58,5,0,2,MX1721,0,2,131
M127,M125,12:40:28,5,-1,-1,MX1601,0,2,40
M16/1,M111,12:41:59,5,2,-1,MX1240,0,2,202
M1/9,M7/1,12:42:32,5,-1,-1,AA7020,0,2,194
M16/1,M111,12:42:32,5,0,-1,MX1721,0,2,123
M70,M118,12:43:44,5,-1,-1,MX1711,0,2,428
M111,M112,12:44:45,5,2,-1,MX1240,0,2,92
M111,M112,12:44:55,5,4,-1,MX1721,0,2,40
M125,M135/2,12:44:55,5,-1,-1,MX1601,0,2,143
M1/9,M7/1,12:45:46,5,2,1,MX2193,0,2,193
M7/1,M16/1,12:46:06,5,-1,2,AA7020,0,2,141
M112,M127,12:46:36,5,2,1,MX1240,0,1,40
M112,M127,12:46:57,5,4,1,MX1721,0,1,50
M127,M125,12:48:07,5,2,2,MX1240,0,1,80
M1/9,M7/1,12:48:58,5,-1,1,MW2693,0,1,121
M127,M125,12:49:18,5,4,2,MX1721,0,1,111
M7/1,M16/1,12:49:28,5,3,2,MX2193,0,1,151
M16/1,M111,12:50:09,5,-1,1,AA7020,0,1,121
M125,M135/2,12:51:50,5,2,1,MX1240,0,1,172
M7/1,M16/1,12:52:10,5,-1,2,MW2693,0,1,111
M16/1,M111,12:52:41,5,3,1,MX2193,0,1,101
M111,M112,12:53:33,5,-1,1,AA7020,0,1,62
M125,M135/2,12:54:04,5,4,1,MX1721,0,1,92
M16/1,M111,12:54:54,5,-1,1,MW2693,0,1,70
M111,M112,12:55:35,5,3,1,MX2193,0,1,70
M112,M127,12:55:55,5,-1,2,AA7020,0,1,30
M111,M112,12:57:26,5,-1,1,MW2693,0,1,81
M127,M125,12:57:57,5,-1,2,AA7020,0,1,101
M112,M127,12:58:07,5,3,2,MX2193,0,1,40
M112,M127,12:59:38,5,-1,2,MW2693,0,1,30
M161,M70,13:00:08,5,-1,-1,MX1601,0,1,30
M7/1,M16/1,13:00:59,5,-1,1,AA3016,0,1,578
M70,M118,13:00:59,5,-1,1,MX1601,0,1,20
M127,M125,13:02:00,5,3,2,MX2193,0,1,151
M125,M135/2,13:02:40,5,-1,2,AA7020,0,1,121
M127,M125,13:02:50,5,-1,2,MW2693,0,1,141
M16/1,M111,13:03:38,5,-1,1,AA3016,0,1,37
M125,M135/2,13:05:39,5,4,2,MX2193,0,1,121
M111,M112,13:06:09,5,-1,1,AA3016,0,1,70
M125,M135/2,13:06:09,5,-1,2,MW2693,0,1,90
M161,M70,13:06:50,5,2,-1,MX1240,0,1,20
M112,M127,13:08:15,5,-1,2,AA3016,0,1,30
M161,M70,13:08:55,5,0,-1,MX1721,0,1,20
M70,M118,13:10:52,5,2,1,MX1240,0,1,187
M70,M118,13:11:02,5,0,1,MX1721,0,1,86
M127,M125,13:11:12,5,-1,1,AA3016,0,1,136
M7/1,M16/1,13:11:22,5,-1,1,MX2063,0,1,166
M1/9,M7/1,13:14:18,5,-1,1,MW2420,0,1,175
M16/1,M111,13:15:39,5,-1,1,MX2063,0,1,153
M125,M135/2,13:15:49,5,-1,2,AA3016,0,1,193
M7/1,M16/1,13:18:35,5,-1,1,MW2420,0,1,155
M111,M112,13:18:35,5,-1,1,MX2063,0,1,105
M161,M70,13:19:25,5,4,-1,MX2193,0,1,50
M161,M70,13:19:25,5,-1,-1,MW2693,0,1,40
M16/1,M111,13:21:17,5,-1,1,MW2420,0,1,101
M112,M127,13:21:17,5,-1,2,MX2063,0,1,90
M70,M118,13:21:37,5,-1,1,MW2693,0,1,91
M127,M125,13:23:18,5,-1,1,MX2063,0,1,50
M111,M112,13:24:39,5,-1,1,MW2420,0,1,80
M1/9,M7/1,13:25:29,5,0,1,MX2037,0,1,131
M112,M127,13:27:23,5,-1,2,MW2420,0,1,50
M125,M135/2,13:28:05,5,-1,2,MX2063,0,1,155
M7/1,M16/1,13:29:16,5,4,1,MX2037,0,1,123
M127,M125,13:30:27,5,-1,2,MW2420,0,1,121
M16/1,M111,13:33:37,5,3,1,MX2037,0,1,179
M125,M135/2,13:33:37,5,-1,1,MW2420,0,1,118
M1/9,M7/1,13:35:18,5,-1,1,MX1714,0,1,219
M111,M112,13:36:53,5,3,1,MX2037,0,1,94
M7/1,M16/1,13:38:55,5,-1,1,MX1714,0,1,206
M112,M127,13:39:35,5,4,2,MX2037,0,1,40
M127,M125,13:40:56,5,4,2,MX2037,0,1,30
M16/1,M111,13:41:27,5,-1,1,MX1714,0,1,101
M7/1,M16/1,13:42:07,5,-1,2,MX1711,0,1,161
M111,M112,13:44:39,5,-1,1,MX1714,0,1,111
M161,M70,13:44:39,5,-1,-1,MX2063,0,1,20
M125,M135/2,13:45:30,5,3,2,MX2037,0,1,111
M16/1,M111,13:45:40,5,-1,1,MX1711,0,1,111
M70,M118,13:46:43,5,-1,1,MX2063,0,1,103
M112,M127,13:47:33,5,-1,2,MX1714,0,1,60
M161,M70,13:47:43,5,-1,-1,MW2420,0,1,10
M111,M112,13:48:14,5,-1,1,MX1711,0,1,113
M127,M125,13:49:36,5,-1,2,MX1714,0,1,60
M70,M118,13:49:36,5,-1,1,MW2420,0,1,60
M112,M127,13:51:07,5,-1,2,MX1711,0,1,60
M125,M135/2,13:52:27,5,-1,3,MX1714,0,1,60
M127,M125,13:52:58,5,-1,1,MX1711,0,1,60
M125,M135/2,13:56:00,5,-1,2,MX1711,0,1,70
M161,M70,13:59:08,5,0,-1,MX2037,0,1,10
M70,M118,14:01:19,5,0,1,MX2037,0,1,80
M1/9,M7/1,14:02:40,5,3,1,MX1240,0,1,253
M135/2,M161,14:04:23,5,-1,-1,MX1714,4,1,624
M161,M70,14:05:35,5,-1,-1,MX1714,0,1,21
M7/1,M16/1,14:06:45,5,3,2,MX1240,0,1,172
M135/2,M161,14:06:56,5,-1,-1,MX1711,4,1,579
M70,M118,14:07:26,5,-1,1,MX1714,0,1,70
M161,M70,14:07:46,5,-1,-1,MX1711,0,1,10
M1/9,M7/1,14:08:47,5,0,1,MX1721,0,1,161
M16/1,M111,14:09:37,5,3,1,MX1240,0,1,111
M70,M118,14:10:38,5,-1,1,MX1711,0,1,111
M111,M112,14:11:49,5,4,2,MX1240,0,1,70
M7/1,M16/1,14:13:10,5,3,1,MX1721,0,1,202
M1/9,M7/1,14:13:51,5,0,1,MX2193,0,1,192
M112,M127,14:14:32,5,4,1,MX1240,0,1,72
M1/9,M7/1,14:15:23,5,-1,1,MW2693,0,1,183
M16/1,M111,14:16:34,5,2,2,MX1721,0,1,121
M127,M125,14:18:25,5,4,1,MX1240,0,1,151
M7/1,M16/1,14:18:35,5,1,2,MX2193,0,1,182
M7/1,M16/1,14:20:37,5,-1,1,MW2693,0,1,273
M111,M112,14:20:57,5,2,1,MX1721,0,1,111
M1/9,M7/1,14:23:18,5,-1,1,AA3016,0,1,151
M16/1,M111,14:23:29,5,1,1,MX2193,0,1,232
M112,M127,14:23:39,5,2,1,MX1721,0,1,131
M16/1,M111,14:23:49,5,-1,1,MW2693,0,1,60
M125,M135/2,14:23:49,5,5,2,MX1240,0,1,262
M111,M112,14:26:33,5,1,1,MX2193,0,1,83
M111,M112,14:26:53,5,-1,1,MW2693,0,1,73
M7/1,M16/1,14:27:04,5,-1,2,AA3016,0,1,154
M127,M125,14:27:04,5,2,1,MX1721,0,1,113
M112,M127,14:28:59,5,3,2,MX2193,0,1,54
M112,M127,14:29:09,5,-1,2,MW2693,0,1,20
M16/1,M111,14:31:35,5,-1,1,AA3016,0,1,145
M127,M125,14:31:35,5,4,1,MX2193,0,1,70
M125,M135/2,14:31:35,5,1,1,MX1721,0,1,200
M127,M125,14:32:25,5,-1,1,MW2693,0,1,50
M111,M112,14:33:56,5,-1,1,AA3016,0,1,50
M125,M135/2,14:34:47,5,4,1,MX2193,0,1,131
M112,M127,14:35:27,5,-1,2,AA3016,0,1,10
M125,M135/2,14:35:58,5,-1,1,MW2693,0,1,71
M1/9,M7/1,14:37:50,5,-1,2,MX2063,0,1,203
M127,M125,14:38:33,5,-1,1,AA3016,0,1,165
M161,M70,14:38:33,5,5,-1,MX1240,0,1,22
M70,M118,14:40:24,5,5,-1,MX1240,0,1,70
M7/1,M16/1,14:41:05,5,-1,-1,MX2063,0,1,111
M125,M135/2,14:43:06,5,-1,-1,AA3016,0,1,242
M16/1,M111,14:43:26,5,-1,-1,MX2063,0,1,80
M161,M70,14:45:28,5,0,-1,MX1721,0,1,20
M1/9,M7/1,14:45:38,5,-1,1,MW2420,0,1,293
M111,M112,14:46:08,5,-1,1,MX2063,0,1,60
M70,M118,14:48:10,5,0,1,MX1721,0,1,101
M112,M127,14:48:32,5,-1,2,MX2063,0,1,22
M161,M70,14:49:33,5,5,-1,MX2193,0,1,20
M7/1,M16/1,14:50:45,5,-1,1,MW2420,0,1,235
M127,M125,14:50:55,5,-1,2,MX2063,0,1,81
M161,M70,14:51:45,5,-1,-1,MW2693,0,1,50
M1/9,M7/1,14:52:05,5,3,1,MX2037,0,1,203
M70,M118,14:52:46,5,5,1,MX2193,0,1,172
M125,M135/2,14:53:16,5,-1,2,MX2063,0,1,60
M70,M118,14:54:37,5,-1,1,MW2693,0,1,141
M7/1,M16/1,14:56:04,5,3,1,MX2037,0,1,187
M16/1,M111,14:56:34,5,-1,1,MW2420,0,1,268
M161,M70,14:59:06,5,-1,-1,AA3016,0,1,30
M111,M112,15:00:27,5,-1,1,MW2420,0,1,111
M70,M118,15:01:28,5,-1,1,AA3016,0,1,101
M1/9,M7/1,15:01:58,5,-1,1,MX1714,0,1,212
M16/1,M111,15:02:39,5,3,1,MX2037,0,1,293
M112,M127,15:02:49,5,-1,2,MW2420,0,1,30
M1/9,M7/1,15:03:19,5,-1,1,AB6256,0,1,171
M127,M125,15:04:34,5,-1,2,MW2420,0,1,34
M7/1,M16/1,15:05:45,5,-1,2,MX1714,0,1,186
M111,M112,15:05:45,5,3,1,MX2037,0,1,84
M135/2,M161,15:05:45,5,-1,-1,MX2063,4,1,590
M161,M70,15:06:56,5,-1,-1,MX2063,0,1,20
M7/1,M16/1,15:08:06,5,-1,2,AB6256,0,1,226
M125,M135/2,15:08:06,5,-1,2,MW2420,0,1,141
M70,M118,15:08:37,5,-1,1,MX2063,0,1,70
M112,M127,15:09:07,5,4,2,MX2037,0,1,60
M16/1,M111,15:09:48,5,-1,1,MX1714,0,1,111
M127,M125,15:10:18,5,4,1,MX2037,0,1,20
M1/9,M7/1,15:11:19,5,-1,2,MX1711,0,1,182
M16/1,M111,15:13:50,5,-1,1,AB6256,0,1,171
M111,M112,15:13:50,5,-1,1,MX1714,0,1,161
M125,M135/2,15:13:50,5,3,2,MX2037,0,1,131
M112,M127,15:15:45,5,-1,1,MX1714,0,1,30
M7/1,M16/1,15:16:05,5,-1,2,MX1711,0,1,236
M111,M112,15:16:47,5,-1,1,AB6256,0,1,112
M127,M125,15:17:23,5,-1,2,MX1714,0,1,67
M135/2,M170/2,15:17:23,5,3,1,MX2037,0,1,107
M112,M127,15:17:43,5,-1,1,AB6256,0,1,10
M127,M125,15:19:45,5,-1,2,AB6256,0,1,30
M16/1,M111,15:19:56,5,-1,1,MX1711,0,1,112
M1/9,M7/1,15:20:46,5,-1,2,MX1601,0,1,112
M125,M135/2,15:21:07,5,-1,2,MX1714,0,1,132
M161,M70,15:21:47,5,-1,-1,MW2420,0,1,10
M111,M112,15:22:28,5,-1,1,MX1711,0,1,60
M70,M118,15:23:18,5,-1,2,MW2420,0,1,50
M125,M135/2,15:23:28,5,-1,2,AB6256,0,1,162
M7/1,M16/1,15:24:10,5,-1,3,MX1601,0,1,112
M112,M127,15:25:05,5,-1,2,MX1711,0,1,30
M16/1,M111,15:25:55,5,-1,1,MX1601,0,1,30
M127,M125,15:27:43,5,-1,1,MX1711,0,1,86
M111,M112,15:28:13,5,-1,1,MX1601,0,1,76
M112,M127,15:30:30,5,-1,2,MX1601,0,1,55
M125,M135/2,15:32:22,5,-1,2,MX1711,0,1,157
M127,M125,15:33:23,5,-1,2,MX1601,0,1,122
M135/2,M161,15:33:33,5,-1,-1,MX1714,4,1,584
M7/1,M16/1,15:33:53,5,1,2,MX1240,0,1,152
M161,M70,15:34:43,5,-1,-1,MX1714,0,1,20
M135/2,M161,15:34:54,5,-1,-1,AB6256,4,1,487
M1/9,M7/1,15:35:14,5,-1,2,MX2141,0,1,309
M16/1,M111,15:35:34,5,1,1,MX1240,0,1,40
M161,M70,15:35:44,5,-1,-1,AB6256,0,1,20
M70,M118,15:36:55,5,-1,1,MX1714,0,1,101
M70,M118,15:37:56,5,-1,1,AB6256,0,1,91
M125,M135/2,15:38:36,5,-1,1,MX1601,0,1,182
M7/1,M16/1,15:38:56,5,2,2,MX2141,0,1,171
M111,M112,15:39:57,5,1,1,MX1240,0,1,151
M135/2,M161,15:41:48,5,-1,-1,MX1711,4,1,475
M112,M127,15:41:59,5,1,2,MX1240,0,1,40
M161,M70,15:42:39,5,2,-1,MX2037,0,1,10
M161,M70,15:42:49,5,-1,-1,MX1711,0,1,10
M16/1,M111,15:43:51,5,2,1,MX2141,0,1,183
M127,M125,15:44:31,5,2,2,MX1240,0,1,50
M70,M118,15:44:51,5,2,1,MX2037,0,1,70
M1/9,M7/1,15:46:25,5,0,2,MX1721,0,1,114
M70,M118,15:46:25,5,-1,1,MX1711,0,1,164
M111,M112,15:46:56,5,2,1,MX2141,0,1,60
M125,M135/2,15:47:26,5,2,2,MX1240,0,1,111
M112,M127,15:48:47,5,3,2,MX2141,0,1,30
M135/2,M161,15:49:27,5,-1,-1,MX1601,4,1,499
M1/9,M7/1,15:49:38,5,-1,2,MX1983,0,1,182
M7/1,M16/1,15:50:08,5,0,1,MX1721,0,1,161
M161,M70,15:50:18,5,-1,-1,MX1601,0,1,30
M127,M125,15:50:28,5,3,2,MX2141,0,1,50
M1/9,M7/1,15:51:29,5,2,1,MX2193,0,1,131
M70,M118,15:51:39,5,-1,1,MX1601,0,1,40
M7/1,M16/1,15:52:44,5,-1,1,MX1983,0,1,165
M16/1,M111,15:53:34,5,0,1,MX1721,0,1,115
M125,M135/2,15:53:34,5,3,2,MX2141,0,1,135
M7/1,M16/1,15:54:35,5,2,1,MX2193,0,1,151
M111,M112,15:55:56,5,0,2,MX1721,0,1,70
M16/1,M111,15:56:26,5,-1,2,MX1983,0,1,161
M112,M127,15:58:17,5,0,1,MX1721,0,1,40
M16/1,M111,15:59:38,5,2,2,MX2193,0,1,191
M111,M112,15:59:38,5,-1,2,MX1983,0,1,101
M127,M125,15:59:58,5,0,2,MX1721,0,1,40
M161,M70,16:00:39,5,3,-1,MX1240,0,1,10
M112,M127,16:01:59,5,-1,1,MX1983,0,1,30
M1/9,M7/1,16:02:33,5,-1,1,MX1625,0,1,175
M125,M135/2,16:02:43,5,0,2,MX1721,0,1,74
M111,M112,16:03:14,5,3,1,MX2193,0,1,104
M127,M125,16:04:24,5,-1,1,MX1983,0,1,80
M70,M118,16:05:05,5,2,2,MX1240,0,1,235
M1/9,M7/1,16:05:45,5,-1,1,AA3016,0,1,151
M112,M127,16:05:45,5,3,1,MX2193,0,1,50
M7/1,M16/1,16:07:06,5,-1,2,MX1625,0,1,232
M161,M70,16:07:06,5,3,-1,MX2141,0,1,20
M127,M125,16:07:26,5,3,1,MX2193,0,1,60
M7/1,M16/1,16:07:37,5,-1,2,MW2693,0,1,242
M125,M135/2,16:08:17,5,-1,2,MX1983,0,1,101
M70,M118,16:09:48,5,3,2,MX2141,0,1,70
M7/1,M16/1,16:10:08,5,-1,2,AA3016,0,1,242
M1/9,M7/1,16:10:29,5,-1,1,MX2063,0,1,354
M125,M135/2,16:11:19,5,3,1,MX2193,0,1,171
M16/1,M111,16:12:00,5,-1,1,MX1625,0,1,192
M16/1,M111,16:12:10,5,-1,1,MW2693,0,1,242
M7/1,M16/1,16:13:34,5,-1,2,MX2063,0,1,145
M111,M112,16:14:45,5,-1,1,MX1625,0,1,60
M111,M112,16:15:05,5,-1,1,MW2693,0,1,70
M135/2,M161,16:15:05,5,0,-1,MX1721,4,1,610
M16/1,M111,16:15:25,5,-1,1,AA3016,0,1,152
M161,M70,16:16:06,5,0,-1,MX1721,0,1,30
M112,M127,16:17:06,5,-1,2,MX1625,0,1,50
M112,M127,16:17:37,5,-1,2,MW2693,0,1,60
M111,M112,16:18:01,5,-1,1,AA3016,0,1,64
M16/1,M111,16:18:21,5,-1,1,MX2063,0,1,145
M127,M125,16:18:41,5,-1,2,MX1625,0,1,40
M127,M125,16:19:12,5,-1,2,MW2693,0,1,30
M135/2,M161,16:19:32,5,-1,-1,MX1983,4,1,594
M1/9,M7/1,16:19:42,5,-1,1,MW2420,0,1,176
M112,M127,16:20:23,5,-1,2,AA3016,0,1,50
M161,M70,16:20:33,5,-1,-1,MX1983,0,1,20
M111,M112,16:21:24,5,-1,1,MX2063,0,1,101
M135/2,M161,16:22:04,5,4,-1,MX2193,4,1,594
M127,M125,16:22:24,5,-1,1,AA3016,0,1,111
M70,M118,16:22:44,5,-1,2,MX1983,0,1,90
M161,M70,16:23:15,5,4,-1,MX2193,0,1,20
M125,M135/2,16:23:25,5,-1,2,MX1625,0,1,232
M112,M127,16:24:06,5,-1,2,MX2063,0,1,81
M125,M135/2,16:24:37,5,-1,2,MW2693,0,1,243
M70,M118,16:24:37,5,4,2,MX2193,0,1,40
M7/1,M16/1,16:24:57,5,-1,2,MW2420,0,1,233
M127,M125,16:25:44,5,-1,1,MX2063,0,1,57
M125,M135/2,16:27:56,5,-1,2,AA3016,0,1,229
M16/1,M111,16:28:37,5,-1,1,MW2420,0,1,182
M1/9,M7/1,16:29:48,5,-1,2,MW2183,0,1,202
M125,M135/2,16:30:09,5,-1,2,MX2063,0,1,173
M111,M112,16:33:05,5,-1,1,MW2420,0,1,121
M135/2,M161,16:33:05,5,-1,-1,MW2693,4,1,430
M135/2,M161,16:33:05,5,-1,-1,MX1625,4,1,463
M7/1,M16/1,16:33:15,5,-1,3,MW2183,0,1,155
M161,M70,16:33:35,5,-1,-1,MW2693,0,1,10
M161,M70,16:33:55,5,-1,-1,MX1625,0,1,20
M135/2,M170/2,16:34:15,5,-1,2,MX2063,0,1,151
M70,M118,16:34:26,5,-1,1,MW2693,0,1,30
M70,M118,16:35:16,5,-1,1,MX1625,0,1,50
M112,M127,16:35:57,5,-1,1,MW2420,0,1,60
M16/1,M111,16:37:38,5,-1,1,MW2183,0,1,202
M127,M125,16:39:19,5,-1,2,MW2420,0,1,151
M7/1,M16/1,16:39:40,5,0,2,MX2215,0,1,405
M111,M112,16:40:20,5,-1,1,MW2183,0,1,81
M170/2,M161,16:40:31,5,-1,-1,MX2063,3,1,345
M1/9,M7/1,16:41:01,5,-1,1,AB6256,0,1,183
M161,M70,16:41:22,5,-1,-1,MX2063,0,1,10
M112,M127,16:42:32,5,-1,2,MW2183,0,1,20
M125,M135/2,16:44:13,5,-1,2,MW2420,0,1,161
M70,M118,16:44:35,5,-1,1,MX2063,0,1,163
M127,M125,16:44:55,5,-1,2,MW2183,0,1,92
M7/1,M16/1,16:45:36,5,-1,2,MX1714,0,1,325
M16/1,M111,16:45:56,5,0,1,MX2215,0,1,193
M7/1,M16/1,16:46:57,5,-1,2,AB6256,0,1,295
M125,M135/2,16:48:08,5,-1,2,MW2183,0,1,112
M111,M112,16:49:39,5,1,1,MX2215,0,1,131
M16/1,M111,16:50:42,5,-1,1,MX1714,0,1,123
M16/1,M111,16:50:52,5,-1,1,AB6256,0,1,112
M112,M127,16:50:52,5,1,2,MX2215,0,1,31
M127,M125,16:52:13,5,1,2,MX2215,0,1,50
M111,M112,16:53:34,5,-1,1,AB6256,0,1,101
M111,M112,16:53:34,5,-1,1,MX1714,0,1,111
M7/1,M16/1,16:54:14,5,-1,2,MX1711,0,1,222
M112,M127,16:55:56,5,-1,2,MX1714,0,1,40
M112,M127,16:55:56,5,-1,2,AB6256,0,1,30
M125,M135/2,16:55:56,5,1,1,MX2215,0,1,151
M1/9,M7/1,16:56:36,5,-1,2,MX1601,0,1,467
M127,M125,16:57:37,5,-1,2,MX1714,0,1,50
M161,M70,16:57:57,5,-1,-1,MW2420,0,1,10
M127,M125,16:58:07,5,-1,2,AB6256,0,1,60
M135/2,M161,16:59:18,5,-1,-1,MW2183,4,1,578
M125,M135/2,16:59:58,5,-1,1,MX1714,0,1,80
M70,M118,17:00:39,5,-1,-1,MW2420,0,1,111
M161,M70,17:00:49,5,-1,-1,MW2183,0,1,20
M125,M135/2,17:01:19,5,-1,-1,AB6256,0,1,151
M16/1,M111,17:01:39,5,-1,-1,MX1711,0,1,222
M7/1,M16/1,17:01:49,5,-1,-1,MX1601,0,1,222
M70,M118,17:02:40,5,-1,-1,MW2183,0,1,80
M111,M112,17:04:55,5,-1,-1,MX1711,0,1,60
M16/1,M111,17:05:26,5,-1,1,MX1601,0,1,30
M112,M127,17:06:46,5,-1,2,MX1711,0,1,30
M111,M112,17:08:07,5,-1,1,MX1601,0,1,60
M127,M125,17:08:37,5,-1,2,MX1711,0,1,40
M112,M127,17:10:18,5,-1,2,MX1601,0,1,60
M161,M70,17:10:18,5,0,-1,MX2215,0,1,20
M135/2,M161,17:11:09,5,-1,-1,MX1714,4,1,600
M125,M135/2,17:11:29,5,-1,2,MX1711,0,1,70
M161,M70,17:12:32,5,-1,-1,MX1714,0,1,22
M70,M118,17:13:02,5,0,2,MX2215,0,1,103
M70,M118,17:14:04,5,-1,2,MX1714,0,1,71
M161,M70,17:14:54,5,-1,-1,AB6256,0,1,30
M1/9,M7/1,17:15:35,5,1,1,MX2141,0,1,172
M127,M125,17:15:35,5,-1,2,MX1601,0,1,245
M70,M118,17:16:25,5,-1,2,AB6256,0,1,50
M7/1,M16/1,17:19:38,5,1,1,MX2141,0,1,141
M125,M135/2,17:20:28,5,-1,-1,MX1601,0,1,242
M16/1,M111,17:23:20,5,2,-1,MX2141,0,1,131
M161,M70,17:24:32,5,-1,-1,MX1711,0,1,20
M111,M112,17:26:53,5,3,1,MX2141,0,1,121
M1/9,M7/1,17:27:49,5,2,1,MX1721,0,1,309
M70,M118,17:27:49,5,-1,2,MX1711,0,1,146
M112,M127,17:29:10,5,3,2,MX2141,0,1,70
M7/1,M16/1,17:31:07,5,2,2,MX1721,0,1,167
M127,M125,17:31:58,5,3,2,MX2141,0,1,104
M16/1,M111,17:34:29,5,1,1,MX1721,0,1,161
M161,M70,17:34:29,5,-1,-1,MX1601,0,1,30
M125,M135/2,17:35:44,5,3,2,MX2141,0,1,135
M70,M118,17:35:54,5,-1,1,MX1601,0,1,44
M1/9,M7/1,17:36:45,5,1,2,MX2193,0,1,84
M111,M112,17:37:56,5,1,1,MX1721,0,1,61
M135/2,M170/2,17:39:17,5,4,2,MX2141,0,1,132
M7/1,M16/1,17:40:38,5,1,2,MX2193,0,1,223
M112,M127,17:40:38,5,1,2,MX1721,0,1,40
M127,M125,17:42:43,5,0,2,MX1721,0,1,63
M1/9,M7/1,17:45:04,5,-1,1,MW2693,0,1,174
M170/2,M69/2,17:45:34,5,4,1,MX2141,0,1,171
M16/1,M111,17:46:05,5,1,1,MX2193,0,1,265
M125,M135/2,17:47:16,5,0,2,MX1721,0,1,182
M69/2,M160/1,17:47:27,5,4,-1,MX2141,0,1,50
M111,M112,17:48:47,5,2,1,MX2193,0,1,80
M7/1,M16/1,17:49:08,5,-1,1,MW2693,0,1,203
M160/1,M158/2,17:49:18,5,4,-1,MX2141,0,1,10
M158/2,M161,17:50:49,5,4,-1,MX2141,0,1,40
M112,M127,17:51:19,5,3,2,MX2193,0,1,60
M16/1,M111,17:51:49,5,-1,1,MW2693,0,1,101
M161,M70,17:52:00,5,4,-1,MX2141,0,1,20
M135/2,M170/2,17:52:10,5,0,1,MX1721,0,1,171
M1/9,M7/1,17:52:20,5,-1,1,AA3016,0,1,323
M127,M125,17:53:12,5,3,2,MX2193,0,1,62
M170/2,M69/2,17:54:13,5,0,1,MX1721,0,1,50
M70,M118,17:54:23,5,4,1,MX2141,0,1,101
M111,M112,17:54:33,5,-1,1,MW2693,0,1,80
M69/2,M160/1,17:55:14,5,0,-1,MX1721,0,1,30
M1/9,M7/1,17:55:44,5,-1,2,MX2063,0,1,101
M7/1,M16/1,17:55:44,5,-1,3,AA3016,0,1,131
M160/1,M158/2,17:56:04,5,0,-1,MX1721,0,1,10
M125,M135/2,17:56:25,5,3,2,MX2193,0,1,131
M112,M127,17:57:05,5,-1,2,MW2693,0,1,81
M16/1,M111,17:58:06,5,-1,2,AA3016,0,1,20
M158/2,M161,17:58:27,5,0,-1,MX1721,0,1,81
M161,M70,17:59:47,5,0,-1,MX1721,0,1,40
M7/1,M16/1,17:59:58,5,-1,3,MX2063,0,1,213
M111,M112,17:59:58,5,-1,1,AA3016,0,1,40
M127,M125,18:00:28,5,-1,2,MW2693,0,1,151
M70,M118,18:01:18,5,0,1,MX1721,0,1,70
M135/2,M170/2,18:01:39,5,4,1,MX2193,0,1,212
M16/1,M111,18:02:29,5,-1,1,MX2063,0,1,40
M112,M127,18:03:00,5,-1,3,AA3016,0,1,50
M127,M125,18:04:55,5,-1,2,AA3016,0,1,70
M170/2,M69/2,18:04:55,5,5,1,MX2193,0,1,125
M125,M135/2,18:05:05,5,-1,2,MW2693,0,1,186
M111,M112,18:05:16,5,-1,1,MX2063,0,1,80
M112,M127,18:06:37,5,-1,2,MX2063,0,1,20
M69/2,M160/1,18:06:48,5,5,-1,MX2193,0,1,50
M127,M125,18:07:48,5,-1,2,MX2063,0,1,40
M125,M135/2,18:08:29,5,-1,2,AA3016,0,1,131
M135/2,M170/2,18:10:10,5,-1,1,MW2693,0,1,80
M158/2,M161,18:10:20,5,5,-1,MX2193,0,1,30
M125,M135/2,18:11:00,5,-1,2,MX2063,0,1,141
M1/9,M7/1,18:11:10,5,-1,1,MW2420,0,1,181
M135/2,M170/2,18:11:53,5,-1,1,AA3016,0,1,93
M161,M70,18:12:44,5,5,-1,MX2193,0,1,10
M170/2,M69/2,18:13:04,5,-1,1,MW2693,0,1,60
M135/2,M170/2,18:13:34,5,-1,1,MX2063,0,1,111
M69/2,M160/1,18:14:15,5,-1,-1,MW2693,0,1,20
M70,M118,18:14:55,5,5,1,MX2193,0,1,40
M160/1,M158/2,18:15:46,5,-1,-1,MW2693,0,1,20
M7/1,M16/1,18:16:06,5,-1,1,MW2420,0,1,242
M170/2,M69/2,18:18:01,5,-1,1,MX2063,0,1,216
M1/9,M7/1,18:18:11,5,-1,1,MW2183,0,1,216
M170/2,M69/2,18:18:21,5,-1,1,AA3016,0,1,276
M16/1,M111,18:18:31,5,-1,1,MW2420,0,1,74
M69/2,M160/1,18:19:12,5,-1,-1,MX2063,0,1,30
M158/2,M161,18:19:43,5,-1,-1,MW2693,0,1,197
M69/2,M160/1,18:20:13,5,-1,-1,AA3016,0,1,71
M160/1,M158/2,18:20:34,5,-1,-1,MX2063,0,1,10
M161,M70,18:20:54,5,-1,-1,MW2693,0,1,10
M160/1,M158/2,18:21:04,5,-1,-1,AA3016,0,1,10
M111,M112,18:22:25,5,-1,1,MW2420,0,1,121
M7/1,M16/1,18:22:45,5,-1,1,MW2183,0,1,223
M70,M118,18:22:55,5,-1,1,MW2693,0,1,90
M158/2,M161,18:24:36,5,-1,-1,MX2063,0,1,161
M16/1,M111,18:24:46,5,-1,1,MW2183,0,1,70
M112,M127,18:24:56,5,-1,1,MW2420,0,1,50
M158/2,M161,18:25:07,5,-1,-1,AA3016,0,1,101
M161,M70,18:25:47,5,-1,-1,MX2063,0,1,40
M161,M70,18:27:18,5,-1,-1,AA3016,0,1,20
M70,M118,18:27:18,5,-1,1,MX2063,0,1,60
M111,M112,18:27:38,5,-1,2,MW2183,0,1,90
M127,M125,18:28:49,5,-1,2,MW2420,0,1,151
M70,M118,18:28:49,5,-1,1,AA3016,0,1,60
M112,M127,18:29:09,5,-1,1,MW2183,0,1,40
M1/9,M7/1,18:33:33,5,3,1,MX2215,0,1,139
M125,M135/2,18:33:54,5,-1,2,MW2420,0,1,170
M127,M135/2,18:37:26,5,-1,2,MW2183,1,1,436
M7/1,M16/1,18:37:46,5,3,2,MX2215,0,1,171
M135/2,M170/2,18:38:06,5,-1,1,MW2420,0,1,161
M16/1,M111,18:40:08,5,3,1,MX2215,0,1,101
M170/2,M69/2,18:40:38,5,-1,1,MW2420,0,1,80
M135/2,M170/2,18:41:08,5,-1,1,MW2183,0,1,151
M69/2,M160/1,18:42:09,5,-1,-1,MW2420,0,1,40
M7/1,M16/1,18:42:39,5,-1,2,MX1714,0,1,151
M160/1,M158/2,18:43:42,5,-1,-1,MW2420,0,1,22
M111,M112,18:44:02,5,3,1,MX2215,0,1,82
M16/1,M111,18:44:23,5,-1,1,MX1714,0,1,93
M170/2,M69/2,18:45:14,5,-1,1,MW2183,0,1,92
M158/2,M161,18:46:25,5,-1,-1,MW2420,0,1,90
M112,M127,18:46:35,5,3,2,MX2215,0,1,60
M69/2,M160/1,18:47:05,5,-1,-1,MW2183,0,1,60
M161,M70,18:47:56,5,-1,-1,MW2420,0,1,20
M7/1,M16/1,18:48:06,5,-1,2,MX1711,0,1,274
M111,M112,18:48:36,5,-1,1,MX1714,0,1,141
M127,M125,18:48:36,5,2,2,MX2215,0,1,50
M160/1,M158/2,18:48:57,5,-1,-1,MW2183,0,1,10
M112,M127,18:50:28,5,-1,1,MX1714,0,1,50
M16/1,M111,18:50:48,5,-1,1,MX1711,0,1,101
M70,M118,18:50:58,5,-1,1,MW2420,0,1,141
M1/9,M7/1,18:51:08,5,-1,1,MX1601,0,1,212
M125,M135/2,18:51:18,5,2,2,MX2215,0,1,90
M158/2,M161,18:51:18,5,-1,-1,MW2183,0,1,90
M127,M125,18:51:38,5,-1,2,MX1714,0,1,30
M161,M70,18:53:19,5,-1,-1,MW2183,0,1,30
M70,M118,18:54:10,5,-1,1,MW2183,0,1,30
M111,M112,18:54:45,5,-1,1,MX1711,0,1,116
M7/1,M16/1,18:55:16,5,-1,1,MX1601,0,1,166
M135/2,M170/2,18:55:26,5,2,1,MX2215,0,1,166
M125,M135/2,18:55:36,5,-1,2,MX1714,0,1,167
M1/9,M7/1,18:56:17,5,-1,1,MX1625,0,1,126
M112,M127,18:56:57,5,-1,1,MX1711,0,1,30
M170/2,M69/2,18:57:17,5,2,1,MX2215,0,1,60
M16/1,M111,18:57:38,5,-1,1,MX1601,0,1,70
M127,M125,18:58:48,5,-1,2,MX1711,0,1,30
M69/2,M160/1,18:58:58,5,2,-1,MX2215,0,1,40
M135/2,M170/2,18:59:29,5,-1,1,MX1714,0,1,181
M7/1,M16/1,18:59:49,5,-1,1,MX1625,0,1,171
M160/1,M158/2,18:59:59,5,2,-1,MX2215,0,1,10
M111,M112,19:01:31,5,-1,-1,MX1601,0,1,102
M16/1,M111,19:02:01,5,-1,-1,MX1625,0,1,51
M170/2,M69/2,19:02:12,5,-1,-1,MX1714,0,1,81
M69/2,M160/1,19:03:02,5,-1,-1,MX1714,0,1,30
M112,M127,19:03:26,5,-1,-1,MX1601,0,1,34
M158/2,M161,19:03:26,5,1,-1,MX2215,0,1,146
M161,M70,19:04:17,5,1,-1,MX2215,0,1,10
M125,M135/2,19:04:37,5,-1,-1,MX1711,0,1,237
M1/9,M7/1,19:04:47,5,5,-1,MX2141,0,1,145
M111,M112,19:04:47,5,-1,-1,MX1625,0,1,80
M127,M125,19:04:47,5,-1,-1,MX1601,0,1,40
M160/1,M158/2,19:04:47,5,-1,-1,MX1714,0,1,30
M70,M118,19:06:08,5,0,1,MX2215,0,1,70
M112,M127,19:06:48,5,-1,1,MX1625,0,1,30
M158/2,M161,19:07:59,5,-1,-1,MX1714,0,1,131
M135/2,M170/2,19:08:09,5,-1,1,MX1711,0,1,151
M127,M125,19:08:29,5,-1,2,MX1625,0,1,40
M161,M70,19:09:00,5,-1,-1,MX1714,0,1,10
M7/1,M16/1,19:09:20,5,5,1,MX2141,0,1,212
M125,M135/2,19:09:41,5,-1,1,MX1601,0,1,233
M170/2,M69/2,19:10:11,5,-1,1,MX1711,0,1,71
M1/9,M7/1,19:11:03,5,-1,1,AB6256,0,1,163
M70,M118,19:11:23,5,-1,1,MX1714,0,1,91
M125,M135/2,19:11:33,5,-1,1,MX1625,0,1,143
M69/2,M160/1,19:11:33,5,-1,-1,MX1711,0,1,40
M16/1,M111,19:12:24,5,0,1,MX2141,0,1,122
M135/2,M170/2,19:12:24,5,-1,1,MX1601,0,1,111
M160/1,M158/2,19:13:35,5,-1,-1,MX1711,0,1,30
M7/1,M16/1,19:14:35,5,-1,1,AB6256,0,1,101
M135/2,M170/2,19:14:45,5,-1,1,MX1625,0,1,101
M111,M112,19:15:26,5,0,1,MX2141,0,1,90
M170/2,M69/2,19:16:16,5,-1,1,MX1601,0,1,101
M16/1,M111,19:16:57,5,-1,1,AB6256,0,1,91
M112,M127,19:17:27,5,0,1,MX2141,0,1,60
M158/2,M161,19:17:27,5,-1,-1,MX1711,0,1,172
M69/2,M160/1,19:17:47,5,-1,-1,MX1601,0,1,40
M170/2,M69/2,19:18:28,5,-1,1,MX1625,0,2,172
M127,M125,19:19:18,5,0,2,MX2141,0,2,40
M161,M70,19:19:28,5,-1,-1,MX1711,0,2,20
M69/2,M160/1,19:19:49,5,-1,-1,MX1625,0,2,50
M158/2,M161,19:20:19,5,-1,-1,MX1601,0,2,60
M111,M112,19:20:29,5,-1,1,AB6256,0,2,121
M160/1,M158/2,19:20:59,5,-1,-1,MX1625,0,2,10
M125,M135/2,19:21:50,5,0,1,MX2141,0,2,80
M70,M118,19:21:50,5,-1,1,MX1711,0,2,101
M112,M127,19:22:44,5,-1,1,AB6256,0,2,74
M158/2,M161,19:23:04,5,-1,-1,MX1625,0,2,64
M161,M70,19:23:14,5,-1,-1,MX1601,0,2,124
M70,M118,19:23:35,5,-1,1,MX1601,0,2,10
M127,M125,19:24:25,5,-1,2,AB6256,0,2,50
M135/2,M170/2,19:25:26,5,0,1,MX2141,0,2,111
M161,M70,19:25:56,5,-1,-1,MX1625,0,2,30
M125,M135/2,19:27:07,5,-1,2,AB6256,0,2,121
M7/1,M16/1,19:27:27,5,-1,1,MW2417,0,2,377
M70,M118,19:27:27,5,-1,1,MX1625,0,2,60
M170/2,M69/2,19:28:28,5,1,1,MX2141,0,2,141
M16/1,M111,19:29:47,5,-1,1,MW2417,0,2,30
M69/2,M160/1,19:29:57,5,0,-1,MX2141,0,2,40
M135/2,M170/2,19:31:08,5,-1,1,AB6256,0,2,111
M158/2,M161,19:32:39,5,0,-1,MX2141,0,2,10
M111,M112,19:32:49,5,-1,1,MW2417,0,2,101
M112,M127,19:34:56,5,-1,1,MW2417,0,2,10
M170/2,M69/2,19:34:56,5,-1,1,AB6256,0,2,147
M161,M70,19:35:16,5,0,-1,MX2141,0,2,10
M127,M125,19:35:47,5,-1,1,MW2417,0,2,30
M69/2,M160/1,19:36:17,5,-1,-1,AB6256,0,2,50
M70,M118,19:37:14,5,0,1,MX2141,0,2,76
M160/1,M158/2,19:37:24,5,-1,-1,AB6256,0,2,10
M125,M135/2,19:37:54,5,-1,1,MW2417,0,2,87
M135/2,M170/2,19:40:56,5,-1,1,MW2417,0,2,111
M158/2,M161,19:40:56,5,-1,-1,AB6256,0,2,161
M161,M70,19:42:07,5,-1,-1,AB6256,0,2,20
M170/2,M69/2,19:42:37,5,-1,1,MW2417,0,2,50
M1/9,M7/1,19:43:48,5,-1,1,MW2183,0,2,30
M69/2,M160/1,19:45:10,5,-1,-1,MW2417,0,2,60
M160/1,M158/2,19:46:03,5,-1,-1,MW2417,0,2,10
M158/2,M161,19:48:49,5,-1,-1,MW2417,0,2,121
M1/9,M7/1,19:49:30,5,0,1,MX2215,0,2,152
M7/1,M16/1,19:49:41,5,-1,1,MW2183,0,2,341
M161,M70,19:49:51,5,-1,-1,MW2417,0,2,20
M16/1,M111,19:51:12,5,-1,1,MW2183,0,2,20
M7/1,M16/1,19:53:14,5,0,1,MX2215,0,2,173
M111,M112,19:53:44,5,-1,1,MW2183,0,2,90
M1/9,M7/1,19:54:25,5,1,1,MX1721,0,2,192
M16/1,M111,19:55:46,5,0,1,MX2215,0,2,30
M112,M127,19:56:26,5,-1,1,MW2183,0,2,80
M127,M125,19:57:06,5,-1,1,MW2183,0,2,20
M7/1,M16/1,19:57:37,5,1,1,MX1721,0,2,141
M111,M112,19:58:27,5,0,1,MX2215,0,2,70
M125,M135/2,19:59:38,5,-1,1,MW2183,0,2,100
M16/1,M111,19:59:48,5,0,1,MX1721,0,2,60
M112,M127,19:59:58,5,1,1,MX2215,0,2,30
M1/9,M7/1,20:00:59,5,-1,1,MW2693,0,2,181
M127,M125,20:00:59,5,1,1,MX2215,0,2,20
M111,M112,20:02:00,5,0,1,MX1721,0,2,81
M135/2,M170/2,20:03:02,5,-1,1,MW2183,0,2,143
M112,M127,20:03:22,5,0,1,MX1721,0,2,30
M125,M135/2,20:03:22,5,1,1,MX2215,0,2,72
M7/1,M16/1,20:04:03,5,-1,1,MW2693,0,2,163
M127,M125,20:04:33,5,0,1,MX1721,0,2,40
M170/2,M69/2,20:04:53,5,-1,1,MW2183,0,2,50
M69/2,M160/1,20:05:54,5,-1,-1,MW2183,0,2,20
M16/1,M111,20:06:34,5,-1,1,MW2693,0,2,30
M125,M135/2,20:06:34,5,0,1,MX1721,0,2,60
M160/1,M158/2,20:06:55,5,-1,-1,MW2183,0,2,10
M135/2,M170/2,20:07:15,5,0,2,MX2215,0,2,121
M170/2,M69/2,20:09:06,5,0,1,MX2215,0,2,70
M111,M112,20:09:16,5,-1,1,MW2693,0,2,101
M158/2,M161,20:09:26,5,-1,-1,MW2183,0,2,101
M135/2,M170/2,20:09:36,5,0,2,MX1721,0,2,101
M161,M70,20:10:17,5,-1,-1,MW2183,0,2,10
M1/9,M7/1,20:10:27,5,-1,1,MX1931,0,2,293
M69/2,M160/1,20:10:37,5,0,-1,MX2215,0,2,40
M112,M127,20:11:17,5,-1,1,MW2693,0,2,50
M170/2,M69/2,20:11:17,5,0,1,MX1721,0,2,60
M160/1,M158/2,20:11:37,5,0,-1,MX2215,0,2,10
M69/2,M160/1,20:12:18,5,0,-1,MX1721,0,2,40
M127,M125,20:12:48,5,-1,1,MW2693,0,2,30
M158/2,M161,20:13:08,5,0,-1,MX2215,0,2,70
M160/1,M158/2,20:13:18,5,0,-1,MX1721,0,2,20
M7/1,M16/1,20:13:49,5,-1,1,MX1931,0,2,161
M161,M70,20:13:49,5,0,-1,MX2215,0,2,20
M70,M118,20:14:19,5,-1,1,MW2183,0,2,202
M158/2,M161,20:14:39,5,0,-1,MX1721,0,2,50
M125,M135/2,20:15:20,5,-1,1,MW2693,0,2,90
M161,M70,20:15:20,5,0,-1,MX1721,0,2,10
M70,M118,20:15:43,5,0,1,MX2215,0,2,83
M16/1,M111,20:16:45,5,-1,1,MX1931,0,2,115
M135/2,M170/2,20:18:09,5,-1,1,MW2693,0,2,84
M111,M112,20:18:42,5,-1,1,MX1931,0,2,32
M170/2,M69/2,20:20:57,5,-1,1,MW2693,0,2,50
M112,M127,20:21:18,5,-1,1,MX1931,0,2,50
M69/2,M160/1,20:22:08,5,-1,-1,MW2693,0,2,30
M127,M125,20:22:38,5,-1,1,MX1931,0,2,40
M160/1,M158/2,20:23:19,5,-1,-1,MW2693,0,2,10
M158/2,M161,20:24:29,5,-1,-1,MW2693,0,2,20
M1/9,M7/1,20:25:00,5,3,1,MX2099,0,2,151
M125,M135/2,20:25:41,5,-1,1,MX1931,0,2,152
M161,M70,20:26:53,5,-1,-1,MW2693,0,2,82
M70,M118,20:28:04,5,-1,1,MW2693,0,2,50
M7/1,M16/1,20:28:24,5,5,1,MX2099,0,2,111
M135/2,M170/2,20:29:25,5,-1,1,MX1931,0,2,151
M16/1,M111,20:30:05,5,5,1,MX2099,0,2,30
M170/2,M69/2,20:31:36,5,-1,1,MX1931,0,2,70
M1/9,M7/1,20:32:47,5,-1,1,AB6256,0,2,202
M111,M112,20:32:47,5,4,1,MX2099,0,2,60
M69/2,M160/1,20:32:47,5,-1,-1,MX1931,0,2,30
M160/1,M158/2,20:34:08,5,-1,-1,MX1931,0,2,10
M112,M127,20:34:48,5,3,1,MX2099,0,2,111
M127,M125,20:35:49,5,3,1,MX2099,0,2,20
M158/2,M161,20:35:49,5,-1,-1,MX1931,0,2,50
M7/1,M16/1,20:36:09,5,-1,1,AB6256,0,2,131
M161,M70,20:37:00,5,-1,-1,MX1931,0,2,20
M125,M135/2,20:38:11,5,3,2,MX2099,0,2,80
M16/1,M111,20:38:34,5,-1,1,AB6256,0,2,83
M70,M118,20:38:34,5,-1,1,MX1931,0,2,53
M7/1,M16/1,20:41:15,5,-1,1,MX1714,0,2,121
M135/2,M170/2,20:41:45,5,3,1,MX2099,0,2,131
M111,M112,20:42:06,5,-1,1,AB6256,0,2,141
M16/1,M111,20:42:46,5,-1,1,MX1714,0,2,30
M112,M127,20:43:16,5,-1,1,AB6256,0,2,20
M170/2,M69/2,20:43:47,5,3,1,MX2099,0,2,60
M127,M125,20:44:37,5,-1,2,AB6256,0,2,30
M69/2,M160/1,20:45:08,5,2,-1,MX2099,0,2,30
M111,M112,20:45:38,5,-1,1,MX1714,0,2,90
M160/1,M158/2,20:46:08,5,2,-1,MX2099,0,2,10
M125,M135/2,20:46:59,5,-1,2,AB6256,0,2,90
M158/2,M161,20:46:59,5,1,-1,MX2099,0,2,10
M1/9,M7/1,20:47:09,5,2,1,MX2193,0,2,141
M112,M127,20:47:39,5,-1,1,MX1714,0,2,30
M161,M70,20:47:59,5,1,-1,MX2099,0,2,10
M127,M125,20:48:50,5,-1,1,MX1714,0,2,30
M70,M118,20:49:10,5,0,1,MX2099,0,1,30
M135/2,M170/2,20:49:45,5,-1,1,AB6256,0,1,115
M1/9,M7/1,20:50:26,5,-1,1,AA3016,0,1,166
M7/1,M16/1,20:50:46,5,3,1,MX2193,0,1,146
M170/2,M69/2,20:51:46,5,-1,1,AB6256,0,1,60
M125,M135/2,20:51:57,5,-1,1,MX1714,0,1,141
M69/2,M160/1,20:52:27,5,-1,-1,AB6256,0,1,10
M16/1,M111,20:53:17,5,3,1,MX2193,0,1,60
M160/1,M158/2,20:53:48,5,-1,-1,AB6256,0,1,10
M7/1,M16/1,20:53:58,5,-1,1,AA3016,0,1,191
M16/1,M111,20:55:19,5,-1,1,AA3016,0,1,50
M1/9,M7/1,20:55:29,5,-1,2,MX2063,0,1,111
M158/2,M161,20:55:39,5,-1,-1,AB6256,0,1,70
M111,M112,20:55:49,5,3,1,MX2193,0,1,80
M135/2,M170/2,20:55:59,5,-1,1,MX1714,0,1,141
M161,M70,20:56:29,5,-1,-1,AB6256,0,1,10
M111,M112,20:57:20,5,-1,1,AA3016,0,1,70
M170/2,M69/2,20:57:40,5,-1,1,MX1714,0,1,50
M112,M127,20:57:50,5,3,1,MX2193,0,1,50
M70,M118,20:58:00,5,-1,1,AB6256,0,1,50
M69/2,M160/1,20:58:44,5,-1,-1,MX1714,0,1,33
M7/1,M16/1,20:59:14,5,-1,1,MX2063,0,1,164
M112,M127,20:59:24,5,-1,1,AA3016,0,1,40
M127,M125,20:59:24,5,4,1,MX2193,0,1,20
M160/1,M158/2,20:59:34,5,-1,-1,MX1714,0,1,20
M127,M125,21:00:29,5,-1,1,AA3016,0,1,10
M158/2,M161,21:01:19,5,-1,-1,MX1714,0,1,60
M16/1,M111,21:01:50,5,-1,1,MX2063,0,1,50
M125,M135/2,21:02:30,5,4,1,MX2193,0,1,111
M161,M70,21:02:40,5,-1,-1,MX1714,0,1,20
M111,M112,21:03:52,5,-1,1,MX2063,0,1,41
M125,M135/2,21:03:52,5,-1,1,AA3016,0,1,112
M70,M118,21:04:32,5,-1,1,MX1714,0,1,82
M135/2,M170/2,21:05:43,5,4,1,MX2193,0,1,121
M112,M127,21:05:53,5,-1,1,MX2063,0,1,40
M135/2,M170/2,21:06:35,5,-1,1,AA3016,0,1,152
M127,M125,21:07:05,5,-1,1,MX2063,0,1,30
M170/2,M69/2,21:08:06,5,5,1,MX2193,0,1,70
M170/2,M69/2,21:08:16,5,-1,1,AA3016,0,1,50
M125,M135/2,21:08:56,5,-1,1,MX2063,0,1,50
M69/2,M160/1,21:09:27,5,5,-1,MX2193,0,1,40
M69/2,M160/1,21:10:07,5,-1,-1,AA3016,0,1,40
M135/2,M170/2,21:10:27,5,-1,1,MX2063,0,1,40
M160/1,M158/2,21:10:27,5,5,-1,MX2193,0,1,20
M160/1,M158/2,21:11:08,5,-1,-1,AA3016,0,1,30
M158/2,M161,21:11:38,5,5,-1,MX2193,0,1,20
M170/2,M69/2,21:12:08,5,-1,1,MX2063,0,1,60
M158/2,M161,21:12:18,5,-1,-1,AA3016,0,1,20
M69/2,M160/1,21:13:19,5,-1,-1,MX2063,0,1,20
M161,M70,21:13:19,5,5,-1,MX2193,0,1,30
M161,M70,21:14:20,5,-1,-1,AA3016,0,1,10
M160/1,M158/2,21:14:33,5,-1,-1,MX2063,0,1,13
M70,M118,21:14:33,5,5,1,MX2193,0,1,64
M158/2,M161,21:15:34,5,-1,-1,MX2063,0,1,20
M7/1,M16/1,21:17:45,5,0,1,MX1721,0,1,131
M161,M70,21:18:26,5,-1,-1,MX2063,0,1,131
M70,M118,21:19:57,5,-1,1,MX2063,0,1,70
M16/1,M111,21:20:57,5,0,1,MX1721,0,1,80
M111,M112,21:23:59,5,0,1,MX1721,0,1,100
M127,M125,21:27:46,5,1,1,MX1721,0,1,30
M7/1,M16/1,21:28:16,5,-1,1,MX1711,0,1,185
M16/1,M111,21:29:47,5,-1,1,MX1711,0,1,20
M125,M135/2,21:31:08,5,1,1,MX1721,0,1,131
M1/9,M7/1,21:32:09,5,-1,1,MX1601,0,1,90
M111,M112,21:32:49,5,-1,2,MX1711,0,1,50
M135/2,M170/2,21:33:29,5,0,1,MX1721,0,1,60
M112,M127,21:34:34,5,-1,1,MX1711,0,1,24
M170/2,M69/2,21:35:04,5,0,1,MX1721,0,1,54
M7/1,M16/1,21:35:45,5,-1,1,MX1601,0,1,155
M127,M125,21:36:25,5,-1,1,MX1711,0,1,30
M69/2,M160/1,21:37:16,5,0,-1,MX1721,0,1,30
M16/1,M111,21:37:57,5,-1,1,MX1601,0,1,71
M160/1,M158/2,21:38:48,5,0,-1,MX1721,0,1,50
M125,M135/2,21:38:58,5,-1,1,MX1711,0,1,101
M111,M112,21:40:59,5,-1,1,MX1601,0,1,70
M158/2,M161,21:40:59,5,0,-1,MX1721,0,1,60
M135/2,M170/2,21:41:19,5,-1,1,MX1711,0,1,101
M112,M127,21:43:05,5,-1,1,MX1601,0,1,65
M170/2,M69/2,21:43:15,5,-1,1,MX1711,0,1,65
M161,M70,21:43:15,5,0,-1,MX1721,0,1,55
M127,M125,21:44:16,5,-1,2,MX1601,0,1,20
M69/2,M160/1,21:44:36,5,-1,-1,MX1711,0,1,50
M1/9,M7/1,21:44:56,5,-1,1,AB6256,0,1,111
M160/1,M158/2,21:46:17,5,-1,-1,MX1711,0,1,20
M125,M135/2,21:46:48,5,-1,1,MX1601,0,1,101
M158/2,M161,21:47:38,5,-1,-1,MX1711,0,1,30
M7/1,M16/1,21:47:48,5,-1,1,AB6256,0,1,161
M16/1,M111,21:48:59,5,-1,1,AB6256,0,1,20
M135/2,M170/2,21:49:19,5,-1,1,MX1601,0,1,101
M161,M70,21:49:19,5,-1,-1,MX1711,0,1,20
M70,M118,21:50:55,5,-1,1,MX1711,0,1,44
M170/2,M69/2,21:51:05,5,-1,1,MX1601,0,1,54
M69/2,M160/1,21:52:26,5,-1,-1,MX1601,0,1,40
M111,M112,21:52:56,5,-1,1,AB6256,0,1,155
M160/1,M158/2,21:53:46,5,-1,-1,MX1601,0,1,10
M112,M127,21:54:52,5,-1,1,AB6256,0,1,35
M158/2,M161,21:55:22,5,-1,-1,MX1601,0,1,40
M127,M125,21:55:53,5,-1,1,AB6256,0,1,20
M161,M70,21:56:23,5,-1,-1,MX1601,0,1,10
M70,M118,21:57:45,5,-1,1,MX1601,0,1,30
M125,M135/2,21:57:55,5,-1,1,AB6256,0,1,70
M1/9,M7/1,21:59:26,5,-1,1,AA3016,0,1,91
M135/2,M170/2,22:00:17,5,-1,1,AB6256,0,1,70
M170/2,M69/2,22:02:53,5,-1,1,AB6256,0,1,45
M7/1,M16/1,22:03:54,5,-1,1,AA3016,0,1,207
M69/2,M160/1,22:04:04,5,-1,-1,AB6256,0,1,30
M160/1,M158/2,22:05:15,5,-1,-1,AB6256,0,1,10
M7/1,M16/1,22:05:45,5,-1,1,MX1714,0,1,141
M16/1,M111,22:06:15,5,-1,1,AA3016,0,1,30
M158/2,M161,22:07:16,5,-1,-1,AB6256,0,1,80
M161,M70,22:07:56,5,-1,-1,AB6256,0,1,10
M16/1,M111,22:08:06,5,-1,1,MX1714,0,1,20
M111,M112,22:08:06,5,-1,1,AA3016,0,1,50
M70,M118,22:09:17,5,-1,1,AB6256,0,1,40
M111,M112,22:09:37,5,-1,1,MX1714,0,1,40
M112,M127,22:10:28,5,-1,1,AA3016,0,1,50
M112,M127,22:11:08,5,-1,1,MX1714,0,1,50
M127,M125,22:11:59,5,-1,1,AA3016,0,1,30
M127,M125,22:12:29,5,-1,1,MX1714,0,1,40
M1/9,M7/1,22:13:33,5,-1,1,MX2063,0,1,164
M125,M135/2,22:14:03,5,-1,1,AA3016,0,1,43
M125,M135/2,22:14:34,5,-1,1,MX1714,0,1,50
M135/2,M170/2,22:15:44,5,-1,1,AA3016,0,1,40
M7/1,M16/1,22:16:35,5,-1,1,MX2063,0,1,91
M135/2,M170/2,22:17:05,5,-1,1,MX1714,0,1,111
M170/2,M69/2,22:17:05,5,-1,1,AA3016,0,1,20
M69/2,M160/1,22:18:16,5,-1,-1,AA3016,0,1,30
M16/1,M111,22:18:46,5,-1,1,MX2063,0,1,40
M170/2,M69/2,22:19:07,5,-1,1,MX1714,0,1,60
M160/1,M158/2,22:19:37,5,-1,-1,AA3016,0,1,10
M69/2,M160/1,22:20:07,5,-1,-1,MX1714,0,1,30
M111,M112,22:21:08,5,-1,1,MX2063,0,1,70
M160/1,M158/2,22:21:18,5,-1,-1,MX1714,0,1,20
M158/2,M161,22:21:48,5,-1,-1,AA3016,0,1,111
M158/2,M161,22:22:08,5,-1,-1,MX1714,0,1,40
M112,M127,22:22:29,5,-1,1,MX2063,0,1,40
M161,M70,22:22:39,5,-1,-1,AA3016,0,1,20
M161,M70,22:22:39,5,-1,-1,MX1714,0,1,10
M127,M125,22:24:00,5,-1,1,MX2063,0,1,20
M70,M118,22:24:10,5,-1,1,AA3016,0,1,70
M70,M118,22:24:20,5,-1,1,MX1714,0,1,70
M125,M135/2,22:26:43,5,-1,1,MX2063,0,1,100
M135/2,M170/2,22:29:15,5,-1,1,MX2063,0,1,100
M170/2,M69/2,22:31:36,5,-1,1,MX2063,0,1,80
M69/2,M160/1,22:32:47,5,-1,-1,MX2063,0,1,30
M160/1,M158/2,22:34:18,5,-1,-1,MX2063,0,1,10
M1/9,M7/1,22:34:28,5,-1,1,MX1711,0,1,202
M158/2,M161,22:35:19,5,-1,-1,MX2063,0,1,20
M161,M70,22:37:33,5,-1,-1,MX2063,0,1,63
M1/9,M7/1,22:37:53,5,-1,1,MX1601,0,1,144
M7/1,M16/1,22:37:53,5,-1,1,MX1711,0,1,144
M70,M118,22:38:33,5,-1,1,MX2063,0,1,30
M16/1,M111,22:40:04,5,-1,1,MX1711,0,1,30
M7/1,M16/1,22:41:05,5,-1,1,MX1601,0,1,161
M111,M112,22:42:15,5,-1,1,MX1711,0,1,80
M16/1,M111,22:42:25,5,-1,1,MX1601,0,1,20
M112,M127,22:44:17,5,-1,1,MX1711,0,1,20
M111,M112,22:45:17,5,-1,1,MX1601,0,1,80
M127,M125,22:45:27,5,-1,1,MX1711,0,1,30
M112,M127,22:46:18,5,-1,1,MX1601,0,1,30
M127,M125,22:46:58,5,-1,1,MX1601,0,1,20
M125,M135/2,22:48:09,5,-1,1,MX1711,0,1,80
M125,M135/2,22:49:15,5,-1,1,MX1601,0,1,96
M1/9,M7/1,22:50:26,5,1,1,MX2193,0,1,101
M135/2,M170/2,22:51:17,5,-1,2,MX1711,0,1,141
M135/2,M170/2,22:51:27,5,-1,2,MX1601,0,1,91
M1/9,M16/1,22:51:47,5,0,1,MX1721,1,1,440
M16/1,M111,22:53:12,5,0,1,MX1721,0,1,30
M170/2,M69/2,22:53:22,5,-1,1,MX1711,0,1,70
M170/2,M69/2,22:53:22,5,-1,1,MX1601,0,1,70
M7/1,M16/1,22:53:44,5,1,1,MX2193,0,1,168
M69/2,M160/1,22:54:35,5,-1,-1,MX1711,0,1,40
M111,M112,22:54:55,5,0,1,MX1721,0,1,70
M69/2,M160/1,22:54:55,5,-1,-1,MX1601,0,1,30
M16/1,M111,22:55:15,5,1,1,MX2193,0,1,20
M160/1,M158/2,22:55:46,5,-1,-1,MX1711,0,1,20
M160/1,M158/2,22:56:36,5,-1,-1,MX1601,0,1,10
M112,M127,22:56:56,5,0,1,MX1721,0,1,50
M158/2,M161,22:57:47,5,-1,-1,MX1711,0,1,80
M158/2,M161,22:57:47,5,-1,-1,MX1601,0,1,20
M111,M112,22:57:57,5,1,1,MX2193,0,1,70
M127,M125,22:57:57,5,0,1,MX1721,0,1,20
M161,M70,22:58:48,5,-1,-1,MX1711,0,1,10
M161,M70,22:58:58,5,-1,-1,MX1601,0,1,20
M1/9,M7/1,22:59:58,5,-1,1,MW2693,0,1,161
M70,M118,22:59:58,5,-1,1,MX1601,0,1,30
M112,M127,23:00:08,5,1,1,MX2193,0,1,50
M70,M118,23:00:08,5,-1,1,MX1711,0,1,50
M125,M135/2,23:00:29,5,0,1,MX1721,0,1,131
M127,M125,23:01:29,5,2,1,MX2193,0,1,20
M7/1,M16/1,23:02:44,5,-1,1,MW2693,0,1,135
M135/2,M170/2,23:03:04,5,0,1,MX1721,0,1,115
M125,M135/2,23:03:35,5,2,1,MX2193,0,1,75
M170/2,M69/2,23:04:56,5,0,1,MX1721,0,1,50
M135/2,M170/2,23:05:36,5,2,1,MX2193,0,1,80
M16/1,M111,23:05:46,5,-1,1,MW2693,0,1,151
M69/2,M160/1,23:06:16,5,0,-1,MX1721,0,1,30
M170/2,M69/2,23:07:17,5,2,1,MX2193,0,1,60
M111,M112,23:07:47,5,-1,1,MW2693,0,1,70
M160/1,M158/2,23:07:57,5,0,-1,MX1721,0,1,20
M69/2,M160/1,23:08:38,5,2,-1,MX2193,0,1,30
M112,M127,23:09:38,5,-1,1,MW2693,0,1,30
M160/1,M158/2,23:09:59,5,2,-1,MX2193,0,1,20
M158/2,M161,23:09:59,5,0,-1,MX1721,0,1,40
M161,M70,23:10:29,5,0,-1,MX1721,0,1,10
M127,M125,23:10:39,5,-1,1,MW2693,0,1,20
M7/1,M16/1,23:11:09,5,-1,1,AA3016,0,1,464
M158/2,M161,23:11:50,5,2,-1,MX2193,0,1,40
M16/1,M111,23:12:20,5,-1,1,AA3016,0,1,20
M125,M135/2,23:12:52,5,-1,1,MW2693,0,1,92
M161,M70,23:13:43,5,2,-1,MX2193,0,1,10
M1/9,M7/1,23:14:23,5,-1,1,MX2063,0,1,100
M135/2,M170/2,23:15:05,5,-1,1,MW2693,0,1,91
M70,M118,23:15:05,5,2,1,MX2193,0,1,51
M111,M112,23:15:35,5,-1,1,AA3016,0,1,183
M112,M127,23:16:36,5,-1,1,AA3016,0,1,10
M170/2,M69/2,23:16:46,5,-1,1,MW2693,0,1,40
M7/1,M16/1,23:17:26,5,-1,1,MX2063,0,1,131
M127,M125,23:17:37,5,-1,1,AA3016,0,1,20
M69/2,M160/1,23:17:57,5,-1,-1,MW2693,0,1,30
M16/1,M111,23:18:37,5,-1,1,MX2063,0,1,20
M160/1,M158/2,23:18:37,5,-1,-1,MW2693,0,1,10
M158/2,M161,23:19:18,5,-1,-1,MW2693,0,1,10
M125,M135/2,23:19:28,5,-1,1,AA3016,0,1,40
M135/2,M170/2,23:21:20,5,-1,2,AA3016,0,1,71
M111,M112,23:21:51,5,-1,1,MX2063,0,1,82
M70,M118,23:21:51,5,-1,1,MW2693,0,1,30
M170/2,M69/2,23:23:14,5,-1,1,AA3016,0,1,53
M112,M127,23:24:35,5,-1,1,MX2063,0,1,70
M69/2,M160/1,23:24:35,5,-1,-1,AA3016,0,1,50
M127,M125,23:26:06,5,-1,1,MX2063,0,1,30
M7/1,M16/1,23:27:17,5,-1,1,MX1714,0,1,101
M158/2,M161,23:27:37,5,-1,-1,AA3016,0,1,121
M125,M135/2,23:27:47,5,-1,1,MX2063,0,1,40
M161,M70,23:28:38,5,-1,-1,AA3016,0,1,30
M70,M118,23:29:08,5,-1,1,AA3016,0,1,20
M16/1,M111,23:29:28,5,-1,1,MX1714,0,1,30
M135/2,M170/2,23:30:59,5,-1,1,MX2063,0,1,100
M111,M112,23:31:29,5,-1,1,MX1714,0,1,70
M112,M127,23:32:51,5,-1,1,MX1714,0,1,41
M170/2,M69/2,23:32:51,5,-1,1,MX2063,0,1,41
M127,M125,23:33:42,5,-1,1,MX1714,0,1,20
M69/2,M160/1,23:34:34,5,-1,-1,MX2063,0,1,42
M125,M135/2,23:35:45,5,-1,1,MX1714,0,1,60
M160/1,M158/2,23:36:25,5,-1,-1,MX2063,0,1,10
M135/2,M170/2,23:37:36,5,-1,2,MX1714,0,1,70
M158/2,M161,23:38:06,5,-1,-1,MX2063,0,1,40
M7/1,M16/1,23:38:57,5,-1,1,MX1711,0,1,161
M170/2,M69/2,23:39:07,5,-1,1,MX1714,0,1,50
M161,M70,23:39:07,5,-1,-1,MX2063,0,1,20
M16/1,M111,23:40:08,5,-1,1,MX1711,0,1,20
M69/2,M160/1,23:40:08,5,-1,-1,MX1714,0,1,20
M70,M118,23:40:18,5,-1,-1,MX2063,0,1,50
M160/1,M158/2,23:40:58,5,-1,-1,MX1714,0,1,20
M1/9,M7/1,23:41:29,5,-1,-1,MX1601,0,1,131
M158/2,M161,23:41:39,5,-1,-1,MX1714,0,1,20
M161,M70,23:42:19,5,-1,-1,MX1714,0,1,20
M111,M112,23:42:59,5,-1,-1,MX1711,0,1,101
M70,M118,23:43:33,5,-1,-1,MX1714,0,1,44
M112,M127,23:44:54,5,-1,-1,MX1711,0,1,20
M7/1,M16/1,23:45:04,5,-1,1,MX1601,0,1,175
M127,M125,23:46:05,5,-1,1,MX1711,0,1,30
M16/1,M111,23:46:15,5,-1,1,MX1601,0,1,20
M125,M135/2,23:48:06,5,-1,1,MX1711,0,1,80
M111,M112,23:48:57,5,-1,1,MX1601,0,1,100
M112,M127,23:49:47,5,-1,1,MX1601,0,1,10
M135/2,M170/2,23:49:47,5,-1,2,MX1711,0,1,50
M127,M125,23:50:48,5,-1,1,MX1601,0,1,30
M170/2,M69/2,23:50:58,5,-1,1,MX1711,0,1,40
M69/2,M160/1,23:51:58,5,-1,-1,MX1711,0,1,30
M160/1,M158/2,23:52:59,5,-1,-1,MX1711,0,1,20
M125,M135/2,23:53:09,5,-1,1,MX1601,0,1,111
M135/2,M170/2,23:55:12,5,-1,1,MX1601,0,1,82
M158/2,M161,23:55:22,5,-1,-1,MX1711,0,1,112
M161,M70,23:55:55,5,-1,-1,MX1711,0,1,10
M70,M118,23:56:46,5,-1,1,MX1711,0,1,20
M170/2,M69/2,23:57:06,5,-1,1,MX1601,0,1,50
M1/9,M7/1,23:57:36,5,0,1,MX1721,0,1,134
M69/2,M160/1,23:58:06,5,-1,-1,MX1601,0,1,30
M158/2,M161,0:00:28,6,-1,-1,MX1601,0,1,70
M1/9,M7/1,0:00:48,6,0,1,MX2193,0,1,141
M7/1,M16/1,0:00:48,6,1,1,MX1721,0,1,121
M70,M118,0:01:49,6,-1,1,MX1601,0,1,10
M16/1,M111,0:03:09,6,1,1,MX1721,0,1,101
M7/1,M16/1,0:03:40,6,1,1,MX2193,0,1,141
M111,M112,0:04:53,6,0,1,MX1721,0,1,63
M16/1,M111,0:05:43,6,1,1,MX2193,0,1,30
M112,M127,0:05:53,6,0,1,MX1721,0,1,10
M127,M125,0:06:44,6,0,1,MX1721,0,1,20
M111,M112,0:08:16,6,1,1,MX2193,0,1,70
M125,M135/2,0:08:46,6,0,1,MX1721,0,1,81
M112,M127,0:09:27,6,1,1,MX2193,0,1,30
M7/1,M16/1,0:09:37,6,-1,1,MW2693,0,1,141
M127,M125,0:10:07,6,1,1,MX2193,0,1,20
M135/2,M170/2,0:10:27,6,0,2,MX1721,0,1,60
M170/2,M69/2,0:11:38,6,0,1,MX1721,0,1,30
M16/1,M111,0:11:58,6,-1,1,MW2693,0,1,20
M125,M135/2,0:11:58,6,2,1,MX2193,0,1,70
M69/2,M160/1,0:12:49,6,0,-1,MX1721,0,1,40
M135/2,M170/2,0:13:39,6,2,2,MX2193,0,1,70
M160/1,M158/2,0:13:39,6,0,-1,MX1721,0,1,20
M111,M112,0:14:34,6,-1,1,MW2693,0,1,114
M158/2,M161,0:14:44,6,0,-1,MX1721,0,1,23
M1/9,M7/1,0:15:14,6,-1,1,AA3016,0,1,114
M170/2,M69/2,0:15:14,6,2,1,MX2193,0,1,64
M112,M127,0:15:24,6,-1,1,MW2693,0,1,10
M161,M70,0:15:34,6,0,-1,MX1721,0,1,20
M127,M125,0:16:05,6,-1,1,MW2693,0,1,20
M69/2,M160/1,0:16:05,6,2,-1,MX2193,0,1,20
M70,M118,0:16:25,6,0,1,MX1721,0,1,20
M160/1,M158/2,0:17:05,6,2,-1,MX2193,0,1,10
M125,M135/2,0:17:15,6,-1,1,MW2693,0,1,40
M158/2,M161,0:18:06,6,2,-1,MX2193,0,1,10
M7/1,M16/1,0:18:16,6,-1,1,AA3016,0,1,161
M135/2,M170/2,0:18:46,6,-1,1,MW2693,0,1,50
M161,M70,0:18:46,6,2,-1,MX2193,0,1,10
M1/9,M7/1,0:20:07,6,-1,1,MX2063,0,1,111
M70,M118,0:20:07,6,2,1,MX2193,0,1,50
M16/1,M111,0:20:27,6,-1,1,AA3016,0,1,60
M170/2,M69/2,0:20:58,6,-1,1,MW2693,0,1,90
M69/2,M160/1,0:22:18,6,-1,-1,MW2693,0,1,40
M111,M112,0:22:29,6,-1,1,AA3016,0,1,60
M7/1,M16/1,0:22:39,6,-1,1,MX2063,0,1,100
M160/1,M158/2,0:23:09,6,-1,-1,MW2693,0,1,20
M112,M127,0:23:29,6,-1,1,AA3016,0,1,40
M127,M125,0:24:20,6,-1,1,AA3016,0,1,10
M16/1,M111,0:24:50,6,-1,1,MX2063,0,1,70
M158/2,M161,0:24:50,6,-1,-1,MW2693,0,1,70
M161,M70,0:25:34,6,-1,-1,MW2693,0,1,13
M70,M118,0:26:14,6,-1,1,MW2693,0,1,30
M125,M135/2,0:26:24,6,-1,1,AA3016,0,1,64
M111,M112,0:27:19,6,-1,1,MX2063,0,1,74
M135/2,M170/2,0:27:59,6,-1,1,AA3016,0,1,70
M112,M127,0:28:20,6,-1,1,MX2063,0,1,20
M127,M125,0:29:11,6,-1,1,MX2063,0,1,20
M170/2,M69/2,0:29:21,6,-1,1,AA3016,0,1,30
M69/2,M160/1,0:30:23,6,-1,-1,AA3016,0,1,30
M125,M135/2,0:31:24,6,-1,1,MX2063,0,1,102
M160/1,M158/2,0:31:24,6,-1,-1,AA3016,0,1,20
M158/2,M161,0:32:35,6,-1,-1,AA3016,0,1,20
M135/2,M170/2,0:32:55,6,-1,1,MX2063,0,1,50
M7/1,M16/1,0:33:16,6,-1,1,MX1714,0,1,80
M161,M70,0:34:16,6,-1,-1,AA3016,0,1,10
M16/1,M111,0:35:27,6,-1,1,MX1714,0,1,111
M70,M118,0:35:27,6,-1,1,AA3016,0,1,40
M170/2,M69/2,0:35:47,6,-1,1,MX2063,0,1,111
M69/2,M160/1,0:36:48,6,-1,-1,MX2063,0,1,30
M111,M112,0:37:38,6,-1,1,MX1714,0,1,90
M160/1,M158/2,0:37:38,6,-1,-1,MX2063,0,1,10
M1/9,M7/1,0:38:49,6,-1,1,MX1601,0,1,141
M112,M127,0:39:09,6,-1,1,MX1714,0,1,10
M161,M70,0:39:29,6,-1,-1,MX2063,0,1,20
M127,M125,0:40:10,6,-1,1,MX1714,0,1,30
M70,M118,0:40:20,6,-1,1,MX2063,0,1,40
M125,M135/2,0:41:14,6,-1,1,MX1714,0,1,40
M7/1,M16/1,0:41:55,6,-1,1,MX1601,0,1,165
M16/1,M111,0:42:35,6,-1,1,MX1601,0,1,20
M135/2,M170/2,0:42:45,6,-1,1,MX1714,0,1,60
M170/2,M69/2,0:45:27,6,-1,1,MX1714,0,1,131
M111,M112,0:46:17,6,-1,1,MX1601,0,1,171
M69/2,M160/1,0:46:28,6,-1,-1,MX1714,0,1,40
M112,M127,0:47:18,6,-1,1,MX1601,0,1,10
M160/1,M158/2,0:47:18,6,-1,-1,MX1714,0,1,20
M127,M125,0:48:09,6,-1,1,MX1601,0,1,30
M1/9,M7/1,0:48:59,6,-1,1,AA7185,0,1,141
M158/2,M161,0:48:59,6,-1,-1,MX1714,0,1,70
M125,M135/2,0:49:09,6,-1,1,MX1601,0,1,40
M161,M70,0:49:39,6,-1,-1,MX1714,0,2,10
M135/2,M170/2,0:50:32,6,-1,-1,MX1601,0,2,52
M70,M118,0:51:02,6,-1,-1,MX1714,0,2,52
M170/2,M69/2,0:51:42,6,-1,-1,MX1601,0,2,40
M7/1,M16/1,0:52:03,6,-1,-1,AA7185,0,2,143
M69/2,M160/1,0:52:43,6,-1,-1,MX1601,0,2,30
M160/1,M158/2,0:53:23,6,-1,-1,MX1601,0,2,20
M16/1,M111,0:54:14,6,-1,-1,AA7185,0,2,90
M158/2,M161,0:54:14,6,-1,-1,MX1601,0,2,30
M161,M70,0:54:44,6,-1,-1,MX1601,0,2,10
M70,M118,0:55:45,6,-1,1,MX1601,0,2,30
M111,M112,0:56:05,6,-1,1,AA7185,0,2,50
M1/9,M7/1,0:56:25,6,1,1,MX1240,0,2,161
M112,M127,0:57:06,6,-1,1,AA7185,0,2,10
M127,M125,0:58:26,6,-1,1,AA7185,0,2,20
M1/9,M7/1,0:59:27,6,0,1,MX1721,0,2,111
M7/1,M16/1,0:59:27,6,2,1,MX1240,0,2,141
M125,M135/2,1:00:08,6,-1,1,AA7185,0,2,60
M16/1,M111,1:01:08,6,2,1,MX1240,0,2,30
M135/2,M170/2,1:01:38,6,-1,1,AA7185,0,2,50
M7/1,M16/1,1:01:59,6,0,1,MX1721,0,2,111
M111,M112,1:02:29,6,2,1,MX1240,0,2,50
M16/1,M111,1:02:59,6,0,1,MX1721,0,2,20
M170/2,M69/2,1:02:59,6,-1,1,AA7185,0,2,40
M112,M127,1:03:19,6,2,1,MX1240,0,2,10
M127,M125,1:04:10,6,2,1,MX1240,0,2,30
M69/2,M160/1,1:04:10,6,-1,-1,AA7185,0,2,20
M160/1,M158/2,1:05:04,6,-1,-1,AA7185,0,2,10
M111,M112,1:05:44,6,0,1,MX1721,0,2,104
M125,M135/2,1:05:54,6,2,1,MX1240,0,2,70
M112,M127,1:06:35,6,0,1,MX1721,0,2,10
M127,M125,1:07:15,6,0,1,MX1721,0,2,10
M161,M70,1:07:15,6,-1,-1,AA7185,0,2,10
M70,M118,1:07:36,6,-1,1,AA7185,0,2,10
M135/2,M170/2,1:07:56,6,2,1,MX1240,0,2,90
M125,M135/2,1:09:06,6,0,1,MX1721,0,2,80
M170/2,M69/2,1:09:27,6,2,1,MX1240,0,2,50
M69/2,M160/1,1:10:17,6,2,-1,MX1240,0,2,20
M135/2,M170/2,1:11:18,6,0,1,MX1721,0,2,80
M160/1,M158/2,1:11:18,6,2,-1,MX1240,0,2,10
M158/2,M161,1:11:48,6,2,-1,MX1240,0,2,20
M7/1,M16/1,1:12:18,6,-1,1,MW2693,0,2,121
M170/2,M69/2,1:12:39,6,0,1,MX1721,0,2,50
M16/1,M111,1:13:49,6,-1,1,MW2693,0,2,40
M69/2,M160/1,1:13:49,6,0,-1,MX1721,0,2,30
M161,M70,1:13:59,6,2,-1,MX1240,0,2,10
M160/1,M158/2,1:14:54,6,0,-1,MX1721,0,2,10
M111,M112,1:15:14,6,-1,1,MW2693,0,2,40
M70,M118,1:15:14,6,2,1,MX1240,0,2,54
M112,M127,1:16:15,6,-1,1,MW2693,0,2,10
M127,M125,1:16:56,6,-1,1,MW2693,0,2,20
M158/2,M161,1:16:56,6,0,-1,MX1721,0,2,80
M1/9,M7/1,1:17:06,6,-1,1,AA3016,0,2,90
M161,M70,1:17:16,6,0,-1,MX1721,0,2,10
M125,M135/2,1:17:56,6,-1,1,MW2693,0,2,40
M70,M118,1:17:56,6,0,1,MX1721,0,2,10
M135/2,M170/2,1:19:17,6,-1,1,MW2693,0,2,50
M7/1,M16/1,1:19:37,6,-1,1,AA3016,0,2,141
M170/2,M69/2,1:20:38,6,-1,1,MW2693,0,2,50
M69/2,M160/1,1:21:18,6,-1,-1,MW2693,0,2,20
M16/1,M111,1:21:28,6,-1,1,AA3016,0,2,90
M160/1,M158/2,1:22:09,6,-1,-1,MW2693,0,2,10
M111,M112,1:23:09,6,-1,1,AA3016,0,2,50
M158/2,M161,1:23:50,6,-1,-1,MW2693,0,2,70
M112,M127,1:24:10,6,-1,1,AA3016,0,2,40
M161,M70,1:24:10,6,-1,-1,MW2693,0,2,10
M127,M125,1:24:42,6,-1,1,AA3016,0,2,21
M70,M118,1:25:32,6,-1,1,MW2693,0,2,40
M125,M135/2,1:26:13,6,-1,1,AA3016,0,2,60
M135/2,M170/2,1:27:44,6,-1,1,AA3016,0,2,60
M170/2,M69/2,1:29:55,6,-1,1,AA3016,0,2,111
M69/2,M160/1,1:30:25,6,-1,-1,AA3016,0,2,10
M158/2,M161,1:32:16,6,-1,-1,AA3016,0,2,50
M7/1,M16/1,6:03:45,6,0,1,MU9578,0,2,91
M16/1,M111,6:06:06,6,0,1,MU9578,0,2,50
M111,M112,6:08:28,6,0,1,MU9578,0,2,80
M1/9,M7/1,6:08:38,6,-1,1,MX2063,0,2,151
M112,M127,6:09:48,6,1,1,MU9578,0,2,20
M127,M125,6:10:59,6,1,1,MU9578,0,2,20
M7/1,M16/1,6:11:39,6,-1,1,MX2063,0,2,151
M125,M135/2,6:12:20,6,1,1,MU9578,0,2,40
M16/1,M111,6:13:04,6,-1,1,MX2063,0,2,20
M1/9,M7/1,6:13:45,6,-1,1,MX1041,0,2,94
M111,M112,6:15:05,6,-1,1,MX2063,0,2,80
M112,M127,6:16:06,6,-1,1,MX2063,0,2,10
M7/1,M16/1,6:16:46,6,-1,1,MX1041,0,2,151
M127,M125,6:16:57,6,-1,1,MX2063,0,2,20
M135/2,M161,6:18:07,6,1,-1,MU9578,4,2,313
M16/1,M111,6:18:27,6,-1,1,MX1041,0,2,40
M1/9,M7/1,6:18:38,6,2,1,MX2037,0,2,60
M125,M135/2,6:18:38,6,-1,1,MX2063,0,2,40
M161,M70,6:18:48,6,1,-1,MU9578,0,2,10
M111,M112,6:20:19,6,-1,1,MX1041,0,2,40
M135/2,M170/2,6:20:29,6,-1,2,MX2063,0,2,60
M7/1,M16/1,6:21:49,6,2,1,MX2037,0,2,161
M112,M127,6:22:20,6,-1,1,MX1041,0,2,40
M70,M118,6:22:30,6,1,1,MU9578,0,2,202
M127,M125,6:23:20,6,-1,1,MX1041,0,2,20
M16/1,M111,6:23:41,6,2,1,MX2037,0,2,50
M170/2,M161,6:24:53,6,-1,-1,MX2063,3,2,233
M125,M135/2,6:25:13,6,-1,1,MX1041,0,2,40
M161,M70,6:25:33,6,-1,-1,MX2063,0,2,10
M111,M112,6:26:34,6,1,1,MX2037,0,2,121
M112,M127,6:27:34,6,1,1,MX2037,0,2,10
M127,M125,6:28:25,6,2,1,MX2037,0,2,20
M125,M135/2,6:29:56,6,1,1,MX2037,0,2,40
M135/2,M161,6:31:47,6,-1,-1,MX1041,4,2,353
M70,M118,6:33:38,6,-1,1,MX1041,0,2,60
M7/1,M16/1,6:35:59,6,-1,1,MX1711,0,2,161
M135/2,M161,6:36:50,6,0,-1,MX2037,4,2,383
M161,M70,6:37:20,6,0,-1,MX2037,0,2,10
M16/1,M111,6:38:10,6,-1,1,MX1711,0,2,30
M70,M118,6:38:21,6,0,1,MX2037,0,2,30
M1/9,M7/1,6:39:04,6,-1,1,MX1601,0,2,134
M111,M112,6:41:06,6,-1,1,MX1711,0,2,121
M112,M127,6:41:56,6,-1,1,MX1711,0,2,30
M7/1,M16/1,6:42:26,6,-1,1,MX1601,0,2,151
M127,M125,6:43:07,6,-1,1,MX1711,0,2,40
M16/1,M111,6:44:18,6,-1,1,MX1601,0,2,80
M125,M135/2,6:44:28,6,-1,1,MX1711,0,2,40
M1/9,M7/1,6:47:04,6,2,1,MX1240,0,2,136
M111,M112,6:47:14,6,-1,1,MX1601,0,2,95
M112,M127,6:48:05,6,-1,1,MX1601,0,2,10
M127,M125,6:49:06,6,-1,1,MX1601,0,2,20
M1/9,M7/1,6:50:27,6,-1,1,AA3016,0,2,111
M7/1,M16/1,6:50:27,6,3,1,MX1240,0,2,142
M125,M135/2,6:50:37,6,-1,1,MX1601,0,2,30
M135/2,M161,6:52:08,6,-1,-1,MX1711,4,2,399
M16/1,M111,6:52:38,6,3,1,MX1240,0,2,70
M161,M70,6:52:49,6,-1,-1,MX1711,0,2,20
M7/1,M16/1,6:53:29,6,-1,1,AA3016,0,2,141
M70,M118,6:53:59,6,-1,1,MX1711,0,2,50
M16/1,M111,6:54:50,6,-1,1,AA3016,0,2,20
M111,M112,6:55:10,6,4,1,MX1240,0,2,101
M112,M127,6:56:11,6,4,1,MX1240,0,2,20
M111,M112,6:56:43,6,-1,1,AA3016,0,2,72
M112,M127,6:57:34,6,-1,1,AA3016,0,2,10
M127,M125,6:57:34,6,4,1,MX1240,0,2,30
M135/2,M161,6:57:34,6,-1,-1,MX1601,4,2,375
M1/9,M7/1,6:58:14,6,3,1,MU9578,0,2,143
M161,M70,6:58:14,6,-1,-1,MX1601,0,2,10
M127,M125,6:58:44,6,-1,1,AA3016,0,2,60
M125,M135/2,6:58:54,6,4,1,MX1240,0,2,40
M70,M118,6:59:15,6,-1,1,MX1601,0,2,40
M125,M135/2,7:00:15,6,-1,1,AA3016,0,2,40
M135/2,M170/2,7:00:56,6,5,2,MX1240,0,2,80
M7/1,M16/1,7:01:16,6,3,1,MU9578,0,2,141
M16/1,M111,7:03:27,6,3,1,MU9578,0,2,50
M111,M112,7:04:48,6,3,1,MU9578,0,2,40
M112,M127,7:05:59,6,3,1,MU9578,0,2,10
M1/9,M7/1,7:06:19,6,-1,1,MX2063,0,2,141
M170/2,M161,7:06:19,6,5,-1,MX1240,3,2,282
M135/2,M161,7:06:19,6,-1,-1,AA3016,4,2,313
M161,M70,7:06:39,6,-1,-1,AA3016,0,2,10
M127,M125,7:07:09,6,3,1,MU9578,0,2,30
M70,M118,7:07:40,6,5,1,MX1240,0,2,30
M125,M135/2,7:08:33,6,4,1,MU9578,0,2,43
M7/1,M16/1,7:09:34,6,-1,1,MX2063,0,2,164
M70,M118,7:09:44,6,-1,1,AA3016,0,2,174
M16/1,M111,7:12:05,6,-1,1,MX2063,0,2,80
M1/9,M7/1,7:14:17,6,-1,1,MX1041,0,2,141
M111,M112,7:14:17,6,-1,1,MX2063,0,2,90
M112,M127,7:15:17,6,-1,1,MX2063,0,2,10
M127,M125,7:16:38,6,-1,1,MX2063,0,2,20
M135/2,M161,7:16:38,6,4,-1,MU9578,4,2,434
M161,M70,7:17:18,6,4,-1,MU9578,0,2,10
M70,M118,7:17:59,6,4,1,MU9578,0,2,10
M125,M135/2,7:18:09,6,-1,1,MX2063,0,2,50
M7/1,M16/1,7:18:19,6,-1,1,MX1041,0,2,202
M1/9,M7/1,7:19:10,6,3,1,MX2037,0,2,101
M135/2,M170/2,7:20:25,6,-1,2,MX2063,0,2,75
M16/1,M111,7:20:45,6,-1,1,MX1041,0,2,70
M7/1,M16/1,7:22:26,6,3,1,MX2037,0,2,161
M111,M112,7:22:36,6,-1,1,MX1041,0,2,60
M16/1,M111,7:24:48,6,2,1,MX2037,0,2,70
M112,M127,7:24:58,6,-1,1,MX1041,0,2,70
M170/2,M161,7:25:28,6,-1,-1,MX2063,3,2,232
M127,M125,7:25:48,6,-1,1,MX1041,0,2,20
M161,M70,7:26:29,6,-1,-1,MX2063,0,2,10
M111,M112,7:27:19,6,2,1,MX2037,0,2,50
M125,M135/2,7:27:50,6,-1,1,MX1041,0,2,40
M112,M127,7:28:20,6,2,1,MX2037,0,2,20
M127,M125,7:29:20,6,2,1,MX2037,0,2,20
M125,M135/2,7:30:44,6,2,1,MX2037,0,2,40
M135/2,M170/2,7:30:54,6,-1,2,MX1041,0,2,114
M7/1,M16/1,7:32:25,6,-1,1,MX1714,0,2,80
M16/1,M111,7:33:36,6,-1,1,MX1714,0,2,20
M111,M112,7:37:28,6,-1,1,MX1714,0,2,131
M170/2,M161,7:37:28,6,-1,-1,MX1041,3,2,363
M135/2,M161,7:37:49,6,0,-1,MX2037,4,2,373
M161,M70,7:38:09,6,-1,-1,MX1041,0,2,10
M161,M70,7:38:19,6,0,-1,MX2037,0,2,10
M70,M118,7:39:34,6,-1,1,MX1041,0,2,44
M112,M127,7:40:14,6,-1,1,MX1714,0,2,74
M127,M125,7:40:55,6,-1,1,MX1714,0,2,30
M70,M118,7:41:05,6,0,1,MX2037,0,2,135
M16/1,M111,7:41:35,6,-1,1,MX1711,0,2,121
M125,M135/2,7:42:46,6,-1,1,MX1714,0,2,80
M111,M112,7:43:16,6,-1,1,MX1711,0,2,60
M1/9,M7/1,7:43:36,6,-1,1,MX1601,0,2,90
M112,M127,7:44:27,6,-1,1,MX1711,0,2,30
M127,M125,7:45:17,6,-1,1,MX1711,0,2,20
M125,M135/2,7:46:38,6,-1,1,MX1711,0,2,40
M7/1,M16/1,7:47:09,6,-1,1,MX1601,0,2,162
M16/1,M111,7:48:24,6,-1,1,MX1601,0,2,30
M111,M112,7:50:05,6,-1,1,MX1601,0,2,50
M135/2,M161,7:50:15,6,-1,-1,MX1714,4,2,388
M112,M127,7:50:56,6,-1,1,MX1601,0,2,30
M161,M70,7:50:56,6,-1,-1,MX1714,0,2,10
M70,M118,7:52:27,6,-1,1,MX1714,0,2,60
M127,M125,7:52:37,6,-1,1,MX1601,0,2,30
M1/9,M16/1,7:53:48,6,3,1,MX2215,1,2,343
M135/2,M161,7:53:58,6,-1,-1,MX1711,4,2,398
M161,M70,7:54:28,6,-1,-1,MX1711,0,2,10
M16/1,M111,7:54:58,6,3,1,MX2215,0,2,20
M125,M135/2,7:55:18,6,-1,1,MX1601,0,2,111
M1/9,M7/1,7:55:49,6,3,1,MX1240,0,2,121
M111,M112,7:57:50,6,3,1,MX2215,0,2,100
M112,M127,7:58:43,6,3,1,MX2215,0,2,10
M7/1,M16/1,7:58:53,6,3,1,MX1240,0,2,143
M1/9,M7/1,7:59:03,6,-1,1,MW2183,0,2,113
M127,M125,7:59:33,6,3,1,MX2215,0,2,10
M70,M118,7:59:53,6,-1,1,MX1711,0,2,305
M125,M135/2,8:01:04,6,3,1,MX2215,0,2,30
M16/1,M111,8:01:24,6,3,1,MX1240,0,2,80
M7/1,M16/1,8:02:15,6,-1,1,MW2183,0,2,141
M135/2,M161,8:02:25,6,-1,-1,MX1601,4,2,365
M16/1,M111,8:03:27,6,-1,1,MW2183,0,2,20
M161,M70,8:03:47,6,-1,-1,MX1601,0,2,10
M111,M112,8:04:07,6,3,1,MX1240,0,2,112
M1/9,M7/1,8:04:27,6,-1,1,AA3016,0,2,111
M70,M118,8:04:57,6,-1,1,MX1601,0,2,30
M112,M127,8:05:08,6,3,1,MX1240,0,2,10
M111,M112,8:05:48,6,-1,1,MW2183,0,2,70
M127,M125,8:06:18,6,3,1,MX1240,0,2,30
M7/1,M16/1,8:07:29,6,-1,1,AA3016,0,2,171
M127,M125,8:07:49,6,-1,1,MW2183,0,2,20
M135/2,M161,8:08:32,6,1,-1,MX2215,4,2,366
M125,M135/2,8:08:42,6,4,1,MX1240,0,2,103
M1/9,M7/1,8:09:34,6,2,1,MU9578,0,2,145
M161,M70,8:09:34,6,1,-1,MX2215,0,2,22
M16/1,M111,8:09:55,6,-1,1,AA3016,0,2,42
M125,M135/2,8:10:35,6,-1,1,MW2183,0,2,123
M70,M118,8:10:45,6,0,1,MX2215,0,2,50
M1/9,M7/1,8:11:25,6,-1,1,MX2063,0,2,133
M111,M112,8:12:06,6,-1,1,AA3016,0,2,50
M135/2,M170/2,8:12:06,6,-1,2,MW2183,0,2,50
M7/1,M16/1,8:12:56,6,3,1,MU9578,0,2,131
M112,M127,8:12:56,6,-1,1,AA3016,0,2,10
M127,M125,8:13:47,6,-1,1,AA3016,0,2,20
M16/1,M111,8:14:17,6,3,1,MU9578,0,2,30
M7/1,M16/1,8:14:58,6,-1,1,MX2063,0,2,181
M111,M112,8:15:38,6,3,1,MU9578,0,2,30
M125,M135/2,8:16:08,6,-1,1,AA3016,0,2,100
M16/1,M111,8:16:29,6,-1,1,MX2063,0,2,20
M135/2,M161,8:16:29,6,4,-1,MX1240,4,2,414
M161,M70,8:17:09,6,4,-1,MX1240,0,2,10
M112,M127,8:17:39,6,2,1,MU9578,0,2,30
M1/9,M7/1,8:18:20,6,-1,1,MX2141,0,2,111
M70,M118,8:18:20,6,4,1,MX1240,0,2,40
M170/2,M161,8:18:33,6,-1,-1,MW2183,3,2,356
M161,M70,8:19:13,6,-1,-1,MW2183,0,2,10
M127,M125,8:19:23,6,2,1,MU9578,0,2,63
M111,M112,8:19:54,6,-1,1,MX2063,0,2,134
M112,M127,8:20:54,6,-1,1,MX2063,0,2,10
M125,M135/2,8:21:45,6,3,1,MU9578,0,2,90
M127,M125,8:22:05,6,-1,1,MX2063,0,2,20
M7/1,M16/1,8:22:25,6,3,1,MX2141,0,2,192
M135/2,M161,8:22:35,6,-1,-1,AA3016,4,2,346
M161,M70,8:23:16,6,-1,-1,AA3016,0,2,10
M1/9,M7/1,8:23:36,6,-1,1,MX1041,0,2,131
M125,M135/2,8:24:06,6,-1,1,MX2063,0,2,50
M70,M118,8:24:06,6,-1,1,MW2183,0,2,262
M16/1,M111,8:24:57,6,3,1,MX2141,0,2,80
M1/9,M7/1,8:25:07,6,1,1,MX2037,0,2,101
M70,M118,8:25:17,6,-1,1,AA3016,0,2,80
M135/2,M170/2,8:25:27,6,-1,2,MX2063,0,2,30
M7/1,M16/1,8:26:38,6,-1,1,MX1041,0,2,151
M111,M112,8:26:48,6,3,1,MX2141,0,2,60
M135/2,M161,8:28:09,6,3,-1,MU9578,4,2,333
M7/1,M16/1,8:28:49,6,1,1,MX2037,0,2,181
M112,M127,8:28:59,6,3,1,MX2141,0,2,30
M16/1,M111,8:29:10,6,-1,1,MX1041,0,2,70
M161,M70,8:29:32,6,2,-1,MU9578,0,2,22
M70,M118,8:30:02,6,2,1,MU9578,0,2,10
M127,M125,8:30:22,6,3,1,MX2141,0,2,40
M170/2,M161,8:30:22,6,-1,-1,MX2063,3,2,264
M16/1,M111,8:31:03,6,1,1,MX2037,0,2,123
M161,M70,8:31:03,6,-1,-1,MX2063,0,2,20
M111,M112,8:31:13,6,-1,1,MX1041,0,2,50
M1/9,M16/1,8:32:05,6,-1,1,MX1983,1,2,306
M125,M135/2,8:33:16,6,3,1,MX2141,0,2,132
M16/1,M111,8:33:26,6,-1,1,MX1983,0,2,30
M112,M127,8:33:46,6,-1,1,MX1041,0,2,80
M70,M118,8:33:46,6,-1,1,MX2063,0,2,131
M111,M112,8:34:27,6,1,1,MX2037,0,2,101
M127,M125,8:35:27,6,-1,1,MX1041,0,2,30
M1/9,M7/1,8:37:28,6,-1,1,MX1714,0,2,141
M111,M112,8:37:28,6,-1,1,MX1983,0,2,151
M125,M135/2,8:38:29,6,-1,1,MX1041,0,2,121
M112,M127,8:38:39,6,-1,1,MX1983,0,2,60
M125,M135/2,8:39:10,6,2,1,MX2037,0,2,60
M127,M125,8:40:00,6,-1,1,MX1983,0,2,30
M135/2,M161,8:40:32,6,3,-1,MX2141,4,2,375
M7/1,M16/1,8:41:02,6,-1,1,MX1714,0,2,172
M161,M70,8:41:42,6,4,-1,MX2141,0,2,10
M125,M135/2,8:42:03,6,-1,1,MX1983,0,2,80
M16/1,M111,8:42:13,6,-1,1,MX1714,0,2,30
M70,M118,8:43:45,6,3,1,MX2141,0,2,70
M1/9,M16/1,8:44:16,6,-1,1,MX2239,1,2,538
M16/1,M111,8:46:17,6,-1,1,MX2239,0,2,30
M111,M112,8:46:27,6,-1,1,MX1714,0,2,111
M135/2,M161,8:46:27,6,-1,-1,MX1041,4,2,427
M135/2,M161,8:46:47,6,0,-1,MX2037,4,2,386
M161,M70,8:47:18,6,-1,-1,MX1041,0,2,20
M112,M127,8:48:18,6,-1,1,MX1714,0,2,40
M70,M118,8:48:28,6,-1,1,MX1041,0,2,40
M135/2,M161,8:48:49,6,-1,-1,MX1983,4,2,353
M111,M112,8:49:19,6,-1,1,MX2239,0,2,141
M127,M125,8:49:19,6,-1,1,MX1714,0,2,30
M7/1,M16/1,8:49:29,6,-1,1,MX1711,0,2,181
M1/9,M7/1,8:49:39,6,-1,1,MX1625,0,2,101
M161,M70,8:49:49,6,-1,-1,MX1983,0,2,20
M70,M118,8:50:09,6,0,1,MX2037,0,2,111
M16/1,M111,8:50:50,6,-1,1,MX1711,0,2,30
M112,M127,8:51:32,6,-1,1,MX2239,0,2,52
M125,M135/2,8:51:42,6,-1,1,MX1714,0,2,113
M70,M118,8:51:52,6,-1,1,MX1983,0,2,113
M1/9,M7/1,8:52:13,6,-1,1,MX1601,0,2,123
M127,M125,8:53:03,6,-1,1,MX2239,0,2,40
M7/1,M16/1,8:53:33,6,-1,1,MX1625,0,2,193
M111,M127,8:54:54,6,-1,1,MX1711,1,2,202
M125,M135/2,8:55:25,6,-1,1,MX2239,0,2,101
M127,M125,8:55:35,6,-1,1,MX1711,0,2,20
M7/1,M16/1,8:56:45,6,-1,1,MX1601,0,2,192
M16/1,M111,8:56:56,6,-1,1,MX1625,0,2,80
M1/9,M7/1,8:57:06,6,0,1,MX2215,0,2,70
M125,M135/2,8:57:06,6,-1,1,MX1711,0,2,40
M16/1,M111,8:59:17,6,-1,1,MX1601,0,2,90
M111,M112,8:59:27,6,-1,1,MX1625,0,2,60
M135/2,M161,9:00:38,6,-1,-1,MX1714,4,2,474
M111,M112,9:01:18,6,-1,1,MX1601,0,2,60
M112,M127,9:01:38,6,-1,1,MX1625,0,2,20
M161,M70,9:01:49,6,-1,-1,MX1714,0,2,20
M7/1,M16/1,9:02:19,6,0,1,MX2215,0,2,303
M127,M125,9:02:49,6,-1,1,MX1625,0,2,40
M112,M127,9:03:20,6,-1,1,MX1601,0,2,10
M135/2,M161,9:03:20,6,-1,-1,MX2239,4,2,414
M70,M118,9:03:20,6,-1,1,MX1714,0,2,70
M135/2,M161,9:03:40,6,-1,-1,MX1711,4,2,323
M161,M70,9:03:50,6,-1,-1,MX2239,0,2,10
M70,M118,9:04:20,6,-1,1,MX2239,0,2,20
M127,M125,9:04:54,6,-1,1,MX1601,0,2,20
M125,M135/2,9:05:24,6,-1,1,MX1625,0,2,84
M16/1,M111,9:05:45,6,0,1,MX2215,0,2,124
M1/9,M7/1,9:06:35,6,3,1,MX1240,0,2,90
M125,M135/2,9:07:26,6,-1,1,MX1601,0,2,80
M111,M112,9:08:16,6,0,1,MX2215,0,2,70
M7/1,M16/1,9:09:47,6,4,1,MX1240,0,2,100
M161,M118,9:10:07,6,-1,1,MX1711,1,2,357
M112,M127,9:10:17,6,1,1,MX2215,0,2,30
M127,M125,9:11:38,6,1,1,MX2215,0,2,20
M16/1,M111,9:12:08,6,4,1,MX1240,0,2,60
M135/2,M161,9:12:39,6,-1,-1,MX1625,4,2,393
M161,M70,9:13:19,6,-1,-1,MX1625,0,2,10
M125,M135/2,9:13:39,6,1,1,MX2215,0,2,70
M70,M118,9:14:20,6,-1,1,MX1625,0,2,30
M111,M112,9:14:54,6,5,1,MX1240,0,2,74
M135/2,M161,9:15:04,6,-1,-1,MX1601,4,2,398
M161,M70,9:15:55,6,-1,-1,MX1601,0,2,10
M1/9,M7/1,9:16:05,6,-1,1,MW2183,0,2,145
M70,M118,9:16:45,6,-1,1,MX1601,0,2,20
M112,M127,9:17:06,6,5,1,MX1240,0,2,40
M1/9,M7/1,9:18:07,6,-1,1,AA3016,0,2,132
M127,M125,9:18:38,6,5,1,MX1240,0,2,20
M7/1,M16/1,9:19:38,6,-1,1,MW2183,0,2,162
M135/2,M161,9:20:08,6,0,-1,MX2215,4,2,348
M7/1,M16/1,9:20:40,6,-1,1,AA3016,0,2,122
M16/1,M111,9:20:40,6,-1,1,MW2183,0,2,21
M161,M70,9:20:40,6,0,-1,MX2215,0,2,11
M125,M135/2,9:21:44,6,5,1,MX1240,0,2,116
M111,M112,9:21:55,6,-1,1,MW2183,0,2,34
M70,M118,9:21:55,6,0,1,MX2215,0,2,44
M1/9,M7/1,9:22:25,6,2,1,MU9578,0,2,166
M16/1,M111,9:22:45,6,-1,1,AA3016,0,2,60
M112,M127,9:24:16,6,-1,1,MW2183,0,2,40
M135/2,M170/2,9:24:26,6,5,2,MX1240,0,2,90
M111,M112,9:25:27,6,-1,1,AA3016,0,2,60
M127,M125,9:25:27,6,-1,1,MW2183,0,2,30
M7/1,M16/1,9:26:07,6,2,1,MU9578,0,2,181
M112,M127,9:27:18,6,-1,1,AA3016,0,2,10
M125,M135/2,9:27:18,6,-1,1,MW2183,0,2,50
M16/1,M111,9:29:09,6,2,1,MU9578,0,2,90
M127,M125,9:29:09,6,-1,1,AA3016,0,2,30
M1/9,M7/1,9:32:05,6,2,1,MX2141,0,2,125
M111,M112,9:32:05,6,4,1,MU9578,0,2,50
M125,M135/2,9:32:35,6,-1,1,AA3016,0,2,101
M170/2,M161,9:33:56,6,5,-1,MX1240,3,2,519
M112,M127,9:34:38,6,4,1,MU9578,0,2,31
M161,M70,9:35:08,6,5,-1,MX1240,0,2,20
M7/1,M16/1,9:35:28,6,2,1,MX2141,0,2,112
M111,M112,9:35:48,6,-1,1,MX2063,0,2,60
M70,M118,9:36:19,6,5,1,MX1240,0,2,50
M127,M125,9:36:39,6,4,1,MU9578,0,2,20
M1/9,M7/1,9:36:49,6,-1,1,MX1041,0,2,152
M135/2,M161,9:36:59,6,-1,-1,MW2183,4,2,490
M161,M70,9:37:50,6,-1,-1,MW2183,0,2,10
M16/1,M111,9:38:00,6,2,1,MX2141,0,2,30
M112,M127,9:38:00,6,-1,1,MX2063,0,2,60
M127,M125,9:39:02,6,-1,1,MX2063,0,2,30
M125,M135/2,9:39:02,6,4,1,MU9578,0,2,72
M1/9,M7/1,9:39:52,6,4,1,MX2037,0,2,193
M7/1,M16/1,9:40:23,6,-1,1,MX1041,0,2,132
M135/2,M161,9:40:23,6,-1,-1,AA3016,4,2,386
M161,M70,9:41:23,6,-1,-1,AA3016,0,2,10
M111,M112,9:41:34,6,2,1,MX2141,0,2,112
M16/1,M111,9:42:15,6,-1,1,MX1041,0,2,30
M125,M135/2,9:42:15,6,-1,1,MX2063,0,2,142
M7/1,M16/1,9:43:26,6,4,1,MX2037,0,2,152
M70,M118,9:44:06,6,-1,1,AA3016,0,2,141
M112,M127,9:44:16,6,3,1,MX2141,0,2,50
M111,M112,9:45:17,6,-1,1,MX1041,0,2,111
M127,M125,9:45:47,6,3,1,MX2141,0,2,30
M16/1,M111,9:45:57,6,4,1,MX2037,0,2,111
M1/9,M7/1,9:46:17,6,-1,1,MX1983,0,2,141
M135/2,M161,9:46:27,6,3,-1,MU9578,4,2,395
M112,M127,9:47:08,6,-1,1,MX1041,0,2,20
M161,M70,9:47:18,6,3,-1,MU9578,0,2,10
M125,M135/2,9:48:08,6,3,1,MX2141,0,2,70
M111,M112,9:48:29,6,4,1,MX2037,0,2,90
M127,M125,9:48:39,6,-1,1,MX1041,0,2,30
M70,M118,9:48:49,6,5,1,MU9578,0,2,50
M7/1,M16/1,9:50:34,6,-1,1,MX1983,0,2,135
M112,M127,9:50:34,6,4,1,MX2037,0,2,44
M135/2,M161,9:51:14,6,-1,-1,MX2063,4,2,468
M127,M125,9:51:45,6,4,1,MX2037,0,2,20
M125,M135/2,9:51:45,6,-1,1,MX1041,0,2,135
M161,M70,9:52:05,6,-1,-1,MX2063,0,2,20
M16/1,M111,9:52:55,6,-1,1,MX1983,0,2,50
M70,M118,9:53:26,6,-1,1,MX2063,0,2,50
M125,M135/2,9:53:36,6,4,1,MX2037,0,2,60
M7/1,M16/1,9:55:07,6,-1,1,MX1714,0,2,181
M111,M112,9:55:47,6,-1,1,MX1983,0,2,101
M1/9,M7/1,9:56:07,6,-1,1,MX2239,0,2,509
M16/1,M111,9:57:18,6,-1,1,MX1714,0,2,30
M135/2,M161,9:57:59,6,3,-1,MX2141,4,2,499
M112,M127,9:58:19,6,-1,1,MX1983,0,2,60
M7/1,M16/1,9:59:19,6,-1,1,MX2239,0,2,151
M127,M125,9:59:19,6,-1,1,MX1983,0,2,20
M161,M70,9:59:30,6,3,-1,MX2141,0,2,20
M135/2,M161,9:59:40,6,-1,-1,MX1041,4,2,404
M111,M112,9:59:50,6,-1,1,MX1714,0,2,50
M161,M70,10:00:20,6,-1,-1,MX1041,0,2,10
M70,M118,10:01:13,6,3,1,MX2141,0,2,52
M112,M127,10:01:35,6,-1,1,MX1714,0,2,31
M16/1,M111,10:01:45,6,-1,1,MX2239,0,2,21
M70,M118,10:01:55,6,-1,1,MX1041,0,2,62
M135/2,M161,10:02:15,6,1,-1,MX2037,4,2,418
M127,M125,10:02:35,6,-1,1,MX1714,0,2,20
M125,M135/2,10:02:35,6,-1,1,MX1983,0,2,113
M161,M70,10:02:46,6,1,-1,MX2037,0,2,10
M70,M118,10:03:26,6,1,1,MX2037,0,2,20
M7/1,M16/1,10:04:32,6,-1,1,MX1711,0,2,156
M125,M135/2,10:04:52,6,-1,1,MX1714,0,2,66
M1/9,M7/1,10:05:44,6,-1,1,MX1625,0,2,128
M16/1,M111,10:05:54,6,-1,1,MX1711,0,2,31
M111,M112,10:05:54,6,-1,1,MX2239,0,2,158
M112,M127,10:07:56,6,-1,1,MX2239,0,2,20
M111,M112,10:09:16,6,-1,1,MX1711,0,2,101
M7/1,M16/1,10:09:27,6,-1,1,MX1625,0,2,181
M127,M125,10:10:07,6,-1,1,MX2239,0,2,30
M1/9,M7/1,10:10:27,6,-1,1,MX1601,0,2,131
M112,M127,10:11:18,6,-1,1,MX1711,0,2,40
M16/1,M111,10:12:08,6,-1,1,MX1625,0,2,121
M135/2,M161,10:12:08,6,-1,-1,MX1983,4,2,491
M135/2,M161,10:12:08,6,-1,-1,MX1714,4,2,363
M125,M135/2,10:12:28,6,-1,1,MX2239,0,2,70
M127,M125,10:12:49,6,-1,1,MX1711,0,2,40
M161,M70,10:13:09,6,-1,-1,MX1983,0,2,20
M161,M70,10:13:09,6,-1,-1,MX1714,0,2,10
M7/1,M16/1,10:14:09,6,-1,1,MX1601,0,2,161
M125,M135/2,10:15:20,6,-1,1,MX1711,0,2,111
M111,M112,10:16:04,6,-1,1,MX1625,0,2,124
M16/1,M111,10:18:16,6,-1,1,MX1601,0,2,121
M112,M127,10:18:36,6,-1,1,MX1625,0,2,60
M70,M118,10:18:36,6,-1,1,MX1714,0,2,317
M127,M125,10:19:57,6,-1,1,MX1625,0,2,40
M111,M112,10:21:28,6,-1,1,MX1601,0,2,90
M135/2,M161,10:21:48,6,-1,-1,MX2239,4,2,478
M161,M70,10:22:59,6,-1,-1,MX2239,0,2,10
M125,M135/2,10:23:29,6,-1,1,MX1625,0,2,70
M70,M118,10:23:29,6,-1,1,MX2239,0,2,10
M7/1,M16/1,10:23:49,6,4,1,MX2215,0,2,434
M135/2,M161,10:23:49,6,-1,-1,MX1711,4,2,414
M112,M127,10:23:59,6,-1,1,MX1601,0,2,50
M161,M70,10:24:45,6,-1,-1,MX1711,0,2,10
M127,M125,10:26:16,6,-1,1,MX1601,0,2,30
M16/1,M111,10:27:06,6,4,1,MX2215,0,2,111
M70,M118,10:27:47,6,-1,1,MX1711,0,2,151
M111,M112,10:29:28,6,4,1,MX2215,0,2,50
M1/9,M7/1,10:29:48,6,-1,1,MW2183,0,2,141
M112,M127,10:31:19,6,4,1,MX2215,0,2,40
M125,M135/2,10:31:19,6,-1,1,MX1601,0,2,171
M7/1,M16/1,10:31:29,6,-1,1,MW2183,0,2,90
M127,M125,10:32:30,6,4,1,MX2215,0,2,30
M16/1,M111,10:33:32,6,-1,1,MW2183,0,2,52
M135/2,M161,10:33:32,6,-1,-1,MX1625,4,2,517
M161,M70,10:34:13,6,-1,-1,MX1625,0,2,10
M125,M135/2,10:35:25,6,4,1,MX2215,0,2,91
M70,M118,10:35:35,6,-1,1,MX1625,0,2,60
M111,M112,10:36:05,6,-1,1,MW2183,0,2,30
M7/1,M16/1,10:36:35,6,-1,1,AA3016,0,2,488
M16/1,M111,10:37:56,6,-1,1,AA3016,0,2,10
M135/2,M161,10:39:17,6,-1,-1,MX1601,4,2,397
M161,M70,10:40:07,6,-1,-1,MX1601,0,2,10
M112,M127,10:40:18,6,-1,1,MW2183,0,2,201
M111,M112,10:41:38,6,-1,1,AA3016,0,2,90
M127,M125,10:41:59,6,-1,1,MW2183,0,2,40
M70,M118,10:41:59,6,-1,1,MX1601,0,2,70
M1/9,M7/1,10:42:29,6,1,1,MX2141,0,2,131
M112,M127,10:44:00,6,-1,1,AA3016,0,2,20
M125,M135/2,10:45:24,6,-1,1,MW2183,0,2,124
M127,M125,10:46:04,6,-1,1,AA3016,0,2,30
M7/1,M16/1,10:46:24,6,2,1,MX2141,0,2,144
M135/2,M161,10:47:05,6,1,-1,MX2215,4,2,558
M161,M70,10:48:05,6,0,-1,MX2215,0,2,10
M16/1,M111,10:48:56,6,2,1,MX2141,0,2,80
M125,M135/2,10:50:17,6,-1,1,AA3016,0,2,121
M70,M118,10:50:27,6,0,1,MX2215,0,2,90
M1/9,M7/1,10:51:59,6,2,1,MX1240,0,2,182
M111,M112,10:52:59,6,2,1,MX2141,0,2,111
M135/2,M161,10:53:52,6,-1,-1,MW2183,4,2,427
M7/1,M16/1,10:54:13,6,2,1,MX1240,0,2,113
M161,M70,10:54:53,6,-1,-1,MW2183,0,2,10
M112,M127,10:55:33,6,2,1,MX2141,0,2,70
M70,M118,10:55:54,6,-1,1,MW2183,0,2,20
M1/9,M7/1,10:57:04,6,-1,1,MX1983,0,2,80
M127,M125,10:57:14,6,2,1,MX2141,0,2,30
M16/1,M111,10:57:25,6,2,1,MX1240,0,2,161
M7/1,M16/1,11:00:07,6,-1,1,MX1983,0,2,162
M135/2,M161,11:00:37,6,-1,-1,AA3016,4,2,518
M111,M112,11:01:08,6,2,1,MX1240,0,2,80
M125,M135/2,11:01:08,6,2,1,MX2141,0,2,121
M161,M70,11:01:58,6,-1,-1,AA3016,0,2,10
M112,M127,11:02:08,6,2,1,MX1240,0,2,30
M16/1,M111,11:03:29,6,-1,1,MX1983,0,2,111
M127,M125,11:03:39,6,2,1,MX1240,0,2,60
M70,M118,11:03:49,6,-1,1,AA3016,0,2,70
M1/9,M7/1,11:04:31,6,5,1,MU9578,0,2,142
M125,M135/2,11:06:13,6,2,1,MX1240,0,2,61
M111,M112,11:07:34,6,-1,1,MX1983,0,2,70
M7/1,M16/1,11:08:04,6,2,1,MU9578,0,2,151
M112,M127,11:10:05,6,-1,1,MX1983,0,2,20
M127,M125,11:11:16,6,-1,1,MX1983,0,2,40
M16/1,M111,11:12:07,6,2,1,MU9578,0,2,131
M135/2,M161,11:12:07,6,2,-1,MX2141,4,2,537
M125,M135/2,11:12:57,6,-1,1,MX1983,0,2,80
M161,M70,11:13:17,6,2,-1,MX2141,0,2,10
M111,M112,11:14:28,6,3,1,MU9578,0,2,50
M135/2,M161,11:16:30,6,3,-1,MX1240,4,2,485
M70,M118,11:16:30,6,2,1,MX2141,0,2,141
M112,M127,11:16:50,6,3,1,MU9578,0,2,40
M161,M70,11:18:04,6,3,-1,MX1240,0,2,20
M127,M125,11:18:14,6,3,1,MU9578,0,2,30
M7/1,M16/1,11:19:45,6,-1,1,MX2239,0,2,175
M70,M118,11:19:45,6,3,1,MX1240,0,2,80
M125,M135/2,11:20:46,6,3,1,MU9578,0,2,90
M135/2,M161,11:21:16,6,-1,-1,MX1983,4,2,397
M1/9,M7/1,11:22:37,6,-1,1,MX1041,0,2,171
M161,M70,11:22:37,6,-1,-1,MX1983,0,2,10
M16/1,M111,11:22:47,6,-1,1,MX2239,0,2,131
M111,M112,11:24:38,6,-1,1,MX2239,0,2,30
M7/1,M16/1,11:26:09,6,-1,1,MX1041,0,2,161
M112,M127,11:26:59,6,-1,1,MX2239,0,2,30
M127,M125,11:28:03,6,-1,1,MX2239,0,2,43
M16/1,M111,11:29:13,6,-1,1,MX1041,0,2,123
M125,M135/2,11:30:24,6,-1,1,MX2239,0,2,60
M1/9,M7/1,11:30:34,6,4,1,MX2037,0,2,111
M7/1,M16/1,11:30:44,6,-1,1,MX1625,0,2,101
M111,M112,11:31:45,6,-1,1,MX1041,0,2,50
M16/1,M111,11:33:36,6,-1,1,MX1625,0,2,131
M112,M127,11:34:06,6,-1,1,MX1041,0,2,30
M7/1,M16/1,11:34:27,6,4,1,MX2037,0,2,141
M161,M70,11:34:27,6,2,-1,MU9578,0,2,20
M111,M112,11:35:37,6,-1,1,MX1625,0,2,50
M127,M125,11:35:37,6,-1,1,MX1041,0,2,60
M70,M118,11:37:08,6,2,1,MU9578,0,2,121
M112,M127,11:38:09,6,-1,1,MX1625,0,2,70
M125,M135/2,11:38:49,6,-1,1,MX1041,0,2,131
M1/9,M7/1,11:39:20,6,4,1,MX2215,0,2,60
M127,M125,11:39:42,6,-1,1,MX1625,0,2,43
M135/2,M161,11:40:53,6,-1,-1,MX2239,4,2,527
M125,M135/2,11:42:14,6,-1,1,MX1625,0,2,131
M161,M70,11:42:14,6,-1,-1,MX2239,0,2,20
M16/1,M112,11:42:34,6,4,1,MX2037,1,2,457
M70,M118,11:43:25,6,-1,1,MX2239,0,2,30
M7/1,M16/1,11:44:15,6,4,1,MX2215,0,2,262
M112,M127,11:45:06,6,4,1,MX2037,0,2,20
M112,M127,11:45:26,6,-1,1,MX1714,0,2,30
M127,M125,11:46:27,6,4,1,MX2037,0,2,30
M16/1,M111,11:46:47,6,4,1,MX2215,0,2,131
M127,M125,11:47:17,6,-1,1,MX1714,0,2,40
M135/2,M161,11:48:19,6,-1,-1,MX1041,4,2,415
M125,M135/2,11:49:20,6,5,1,MX2037,0,2,102
M161,M70,11:49:20,6,-1,-1,MX1041,0,2,20
M7/1,M16/1,11:49:52,6,-1,1,MX1711,0,2,144
M111,M112,11:49:52,6,4,1,MX2215,0,2,92
M125,M135/2,11:49:52,6,-1,1,MX1714,0,2,82
M135/2,M161,11:50:22,6,-1,-1,MX1625,4,2,396
M70,M118,11:51:02,6,-1,1,MX1041,0,2,50
M1/9,M7/1,11:51:13,6,-1,1,MW2183,0,2,152
M161,M70,11:51:23,6,-1,-1,MX1625,0,2,20
M112,M127,11:52:13,6,4,1,MX2215,0,2,50
M70,M118,11:52:33,6,-1,1,MX1625,0,2,50
M16/1,M111,11:52:54,6,-1,1,MX1711,0,2,20
M127,M125,11:53:04,6,4,1,MX2215,0,2,40
M7/1,M16/1,11:53:54,6,-1,1,MW2183,0,2,151
M16/1,M111,11:55:15,6,-1,1,MW2183,0,2,40
M111,M112,11:55:25,6,-1,1,MX1711,0,2,111
M1/9,M7/1,11:55:55,6,-1,1,MX1601,0,2,151
M125,M135/2,11:56:36,6,4,1,MX2215,0,2,161
M112,M127,11:57:48,6,-1,1,MX1711,0,2,41
M111,M112,11:58:28,6,-1,1,MW2183,0,2,132
M127,M125,11:58:28,6,-1,1,MX1711,0,2,30
M135/2,M161,11:58:38,6,2,-1,MX2037,4,2,455
M135/2,M161,11:58:48,6,-1,-1,MX1714,4,2,445
M161,M70,11:59:29,6,2,-1,MX2037,0,2,20
M161,M70,11:59:49,6,-1,-1,MX1714,0,2,20
M7/1,M16/1,12:00:19,6,-1,1,MX1601,0,2,172
M112,M127,12:00:50,6,-1,1,MW2183,0,2,60
M70,M118,12:01:10,6,2,1,MX2037,0,2,70
M16/1,M111,12:01:42,6,-1,1,MX1601,0,2,22
M125,M135/2,12:01:42,6,-1,1,MX1711,0,2,133
M127,M125,12:02:16,6,-1,1,MW2183,0,2,56
M125,M135/2,12:05:08,6,-1,1,MW2183,0,2,111
M111,M112,12:05:48,6,-1,1,MX1601,0,2,100
M70,M118,12:06:29,6,-1,1,MX1714,0,2,369
M112,M127,12:08:00,6,-1,1,MX1601,0,2,20
M135/2,M161,12:08:00,6,0,-1,MX2215,4,2,581
M1/9,M7/1,12:09:02,6,0,1,MX2141,0,2,193
M127,M125,12:09:12,6,-1,1,MX1601,0,2,20
M161,M70,12:09:12,6,0,-1,MX2215,0,2,10
M135/2,M161,12:10:53,6,-1,-1,MX1711,4,2,456
M70,M118,12:11:14,6,0,1,MX2215,0,2,80
M1/9,M7/1,12:12:04,6,2,1,MX1240,0,2,192
M161,M70,12:12:04,6,-1,-1,MX1711,0,2,20
M125,M135/2,12:12:25,6,-1,1,MX1601,0,2,121
M7/1,M16/1,12:13:06,6,0,1,MX2141,0,2,142
M70,M118,12:13:47,6,-1,1,MX1711,0,2,82
M135/2,M161,12:16:19,6,-1,-1,MW2183,4,2,569
M7/1,M16/1,12:16:29,6,2,1,MX1240,0,2,202
M1/9,M7/1,12:16:49,6,-1,1,MX1983,0,2,304
M16/1,M111,12:16:49,6,0,1,MX2141,0,2,171
M1/9,M7/1,12:18:32,6,-1,1,AA3016,0,2,224
M16/1,M111,12:18:42,6,2,1,MX1240,0,2,42
M111,M112,12:18:53,6,0,1,MX2141,0,2,42
M135/2,M161,12:20:03,6,-1,-1,MX1601,4,2,406
M7/1,M16/1,12:20:13,6,-1,1,MX1983,0,2,101
M111,M112,12:20:44,6,2,1,MX1240,0,2,70
M112,M127,12:20:54,6,0,1,MX2141,0,2,30
M161,M70,12:20:54,6,-1,-1,MX1601,0,2,10
M7/1,M16/1,12:21:54,6,-1,1,AA3016,0,2,171
M70,M118,12:22:36,6,-1,1,MX1601,0,2,61
M112,M127,12:22:56,6,2,1,MX1240,0,2,31
M127,M125,12:22:56,6,1,1,MX2141,0,2,41
M1/9,M7/1,12:23:17,6,3,1,MU9578,0,2,203
M16/1,M111,12:23:17,6,-1,1,MX1983,0,2,72
M127,M125,12:24:47,6,2,1,MX1240,0,2,30
M16/1,M111,12:25:08,6,-1,1,AA3016,0,2,131
M125,M135/2,12:25:58,6,1,1,MX2141,0,2,101
M7/1,M16/1,12:26:18,6,3,1,MU9578,0,2,121
M111,M112,12:26:18,6,-1,1,MX1983,0,2,80
M111,M112,12:27:59,6,-1,1,AA3016,0,2,80
M125,M135/2,12:27:59,6,2,1,MX1240,0,2,131
M112,M127,12:28:20,6,-1,1,MX1983,0,2,40
M16/1,M111,12:29:13,6,4,1,MU9578,0,2,123
M1/9,M7/1,12:29:33,6,-1,1,MX2063,0,2,93
M112,M127,12:29:53,6,-1,1,AA3016,0,2,20
M127,M125,12:30:24,6,-1,1,MX1983,0,2,40
M127,M125,12:32:15,6,-1,1,AA3016,0,2,50
M1/9,M7/1,12:32:55,6,-1,1,MX2239,0,2,295
M7/1,M16/1,12:33:15,6,-1,1,MX2063,0,2,171
M111,M112,12:33:15,6,5,1,MU9578,0,2,90
M125,M135/2,12:33:25,6,-1,1,MX1983,0,2,90
M135/2,M161,12:34:46,6,0,-1,MX2141,4,2,406
M125,M135/2,12:35:37,6,-1,1,AA3016,0,2,111
M16/1,M111,12:35:47,6,-1,1,MX2063,0,2,80
M112,M127,12:35:47,6,5,1,MU9578,0,2,30
M1/9,M7/1,12:35:57,6,-1,1,MX1041,0,2,131
M161,M70,12:36:07,6,0,-1,MX2141,0,2,20
M7/1,M16/1,12:36:28,6,-1,1,MX2239,0,2,131
M135/2,M161,12:36:48,6,2,-1,MX1240,4,2,475
M16/1,M111,12:38:09,6,-1,1,MX2239,0,2,30
M161,M70,12:38:09,6,2,-1,MX1240,0,2,20
M111,M112,12:38:39,6,-1,1,MX2063,0,2,90
M70,M118,12:39:19,6,2,1,MX1240,0,2,40
M7/1,M16/1,12:39:50,6,-1,1,MX1041,0,2,151
M112,M127,12:40:53,6,-1,1,MX2063,0,2,33
M127,M135/2,12:41:14,6,5,1,MU9578,1,2,225
M111,M112,12:41:24,6,-1,1,MX2239,0,2,104
M127,M125,12:42:04,6,-1,1,MX2063,0,2,30
M70,M118,12:42:55,6,0,1,MX2141,0,2,366
M112,M127,12:43:05,6,-1,1,MX2239,0,2,80
M16/1,M111,12:43:45,6,-1,1,MX1041,0,2,151
M125,M135/2,12:44:46,6,-1,1,MX2063,0,2,81
M135/2,M161,12:44:46,6,-1,-1,MX1983,4,2,528
M127,M125,12:44:56,6,-1,1,MX2239,0,2,50
M135/2,M161,12:45:06,6,-1,-1,AA3016,4,2,468
M1/9,M7/1,12:45:37,6,4,1,MX2037,0,2,162
M161,M70,12:46:17,6,-1,-1,MX1983,0,2,20
M161,M70,12:46:27,6,-1,-1,AA3016,0,2,20
M111,M112,12:46:37,6,-1,1,MX1041,0,2,10
M125,M135/2,12:47:28,6,-1,1,MX2239,0,2,90
M112,M127,12:47:48,6,-1,1,MX1041,0,2,10
M70,M118,12:48:29,6,-1,1,AA3016,0,2,80
M127,M125,12:49:09,6,-1,1,MX1041,0,2,20
M135/2,M161,12:49:19,6,5,-1,MU9578,4,2,384
M7/1,M16/1,12:49:49,6,4,1,MX2037,0,2,181
M161,M70,12:49:49,6,5,-1,MU9578,0,2,10
M1/9,M7/1,12:50:40,6,-1,1,AA7020,0,2,587
M125,M135/2,12:51:52,6,-1,1,MX1041,0,2,92
M70,M118,12:51:52,6,5,1,MU9578,0,2,92
M16/1,M111,12:52:02,6,4,1,MX2037,0,2,71
M135/2,M161,12:52:12,6,-1,-1,MX2063,4,2,355
M161,M70,12:53:33,6,-1,-1,MX2063,0,2,20
M7/1,M16/1,12:54:54,6,-1,1,AA7020,0,2,171
M111,M112,12:55:14,6,4,1,MX2037,0,2,90
M70,M118,12:55:14,6,-1,1,MX2063,0,2,60
M112,M127,12:56:25,6,4,1,MX2037,0,2,10
M16/1,M111,12:57:26,6,-1,1,AA7020,0,2,71
M127,M125,12:57:56,6,4,1,MX2037,0,2,30
M135/2,M161,12:58:27,6,-1,-1,MX2239,4,2,587
M161,M70,12:59:17,6,-1,-1,MX2239,0,2,20
M7/1,M16/1,12:59:37,6,-1,1,MX1714,0,2,192
M111,M112,12:59:58,6,-1,1,AA7020,0,2,50
M70,M118,13:00:18,6,-1,1,MX2239,0,2,10
M125,M135/2,13:00:28,6,4,1,MX2037,0,2,121
M112,M127,13:01:59,6,-1,1,AA7020,0,2,30
M135/2,M161,13:02:19,6,-1,-1,MX1041,4,2,545
M161,M70,13:03:20,6,-1,-1,MX1041,0,2,20
M16/1,M111,13:03:31,6,-1,1,MX1714,0,2,122
M127,M125,13:03:41,6,-1,1,AA7020,0,2,41
M70,M118,13:04:44,6,-1,1,MX1041,0,2,52
M111,M112,13:05:34,6,-1,1,MX1714,0,2,50
M7/1,M16/1,13:05:44,6,-1,1,MX1711,0,2,195
M1/9,M7/1,13:06:36,6,-1,1,MW2183,0,2,112
M112,M127,13:07:16,6,-1,1,MX1714,0,2,20
M125,M135/2,13:07:57,6,-1,1,AA7020,0,2,172
M16/1,M111,13:08:17,6,-1,1,MX1711,0,2,20
M127,M125,13:09:07,6,-1,1,MX1714,0,2,50
M7/1,M16/1,13:09:38,6,-1,1,MW2183,0,2,141
M111,M112,13:10:28,6,-1,1,MX1711,0,2,40
M16/1,M111,13:12:20,6,-1,1,MW2183,0,2,60
M125,M135/2,13:12:20,6,-1,1,MX1714,0,2,111
M112,M127,13:12:33,6,-1,1,MX1711,0,2,34
M127,M125,13:13:44,6,-1,1,MX1711,0,2,40
M111,M112,13:13:54,6,-1,1,MW2183,0,2,30
M161,M70,13:14:15,6,1,-1,MX2037,0,2,20
M112,M127,13:14:56,6,-1,1,MW2183,0,2,10
M70,M118,13:15:16,6,1,1,MX2037,0,2,40
M127,M125,13:16:17,6,-1,1,MW2183,0,2,30
M7/1,M16/1,13:16:27,6,-1,1,MX1601,0,2,192
M125,M135/2,13:16:47,6,-1,1,MX1711,0,2,131
M135/2,M161,13:17:17,6,-1,-1,AA7020,4,2,459
M16/1,M111,13:18:38,6,-1,1,MX1601,0,2,111
M161,M70,13:18:48,6,-1,-1,AA7020,0,2,30
M125,M135/2,13:18:58,6,-1,1,MW2183,0,2,101
M70,M118,13:19:59,6,-1,1,AA7020,0,2,60
M1/9,M7/1,13:20:39,6,4,1,MX2215,0,2,161
M111,M112,13:21:00,6,-1,1,MX1601,0,2,50
M135/2,M161,13:21:32,6,-1,-1,MX1714,4,2,498
M112,M127,13:22:33,6,-1,1,MX1601,0,2,50
M161,M70,13:22:33,6,-1,-1,MX1714,0,2,20
M127,M125,13:24:14,6,-1,1,MX1601,0,2,40
M135/2,M161,13:24:24,6,-1,-1,MX1711,4,2,386
M7/1,M16/1,13:24:54,6,3,1,MX2215,0,2,182
M7/1,M16/1,13:24:54,6,0,1,MX1240,0,2,171
M161,M70,13:25:15,6,-1,-1,MX1711,0,2,20
M16/1,M111,13:27:16,6,0,1,MX1240,0,2,70
M135/2,M161,13:27:16,6,-1,-1,MW2183,4,2,437
M70,M118,13:27:16,6,-1,1,MX1714,0,2,222
M16/1,M111,13:27:26,6,3,1,MX2215,0,2,80
M125,M135/2,13:28:17,6,-1,1,MX1601,0,2,151
M161,M70,13:28:27,6,-1,-1,MW2183,0,2,20
M111,M112,13:29:28,6,1,1,MX1240,0,2,60
M111,M112,13:29:38,6,2,1,MX2215,0,2,40
M70,M118,13:29:58,6,-1,1,MX1711,0,2,262
M112,M127,13:30:49,6,1,1,MX1240,0,2,40
M112,M127,13:31:50,6,2,1,MX2215,0,2,20
M127,M125,13:32:20,6,1,1,MX1240,0,2,30
M127,M125,13:34:23,6,2,1,MX2215,0,2,100
M1/9,M7/1,13:36:45,6,1,1,MU9578,0,2,121
M1/9,M7/1,13:36:55,6,-1,1,AA3016,0,2,141
M125,M135/2,13:37:56,6,1,1,MX1240,0,2,182
M135/2,M161,13:37:56,6,-1,-1,MX1601,4,2,437
M125,M135/2,13:38:16,6,1,1,MX2215,0,2,131
M161,M70,13:38:46,6,-1,-1,MX1601,0,2,20
M7/1,M16/1,13:40:07,6,-1,1,AA3016,0,2,161
M7/1,M16/1,13:40:17,6,1,1,MU9578,0,2,202
M70,M118,13:40:27,6,-1,1,MX1601,0,2,60
M16/1,M111,13:42:19,6,-1,1,AA3016,0,2,20
M16/1,M111,13:42:29,6,1,1,MU9578,0,2,20
M111,M112,13:45:55,6,-1,1,AA3016,0,2,91
M111,M112,13:45:55,6,2,1,MU9578,0,2,91
M1/9,M7/1,13:46:46,6,-1,1,MX2063,0,2,102
M112,M127,13:47:37,6,-1,1,AA3016,0,2,20
M112,M127,13:47:47,6,4,1,MU9578,0,2,20
M135/2,M161,13:47:47,6,3,-1,MX1240,4,2,489
M135/2,M161,13:48:47,6,0,-1,MX2215,4,2,469
M127,M125,13:49:18,6,-1,1,AA3016,0,2,30
M161,M70,13:49:48,6,3,-1,MX1240,0,2,30
M7/1,M16/1,13:50:29,6,-1,1,MX2063,0,2,162
M161,M70,13:50:39,6,0,-1,MX2215,0,2,30
M127,M125,13:50:49,6,4,1,MU9578,0,2,121
M1/9,M7/1,13:51:29,6,-1,1,MX1041,0,2,101
M70,M118,13:52:32,6,3,1,MX1240,0,2,153
M70,M118,13:52:32,6,0,1,MX2215,0,2,92
M125,M135/2,13:52:52,6,-1,1,AA3016,0,2,122
M16/1,M111,13:53:02,6,-1,1,MX2063,0,2,82
M125,M135/2,13:53:12,6,4,1,MU9578,0,2,92
M7/1,M16/1,13:55:03,6,-1,1,MX1041,0,2,151
M111,M112,13:56:04,6,-1,1,MX2063,0,2,80
M16/1,M111,13:57:25,6,-1,1,MX1041,0,2,60
M112,M127,13:58:46,6,-1,1,MX2063,0,2,40
M111,M112,14:00:27,6,-1,1,MX1041,0,2,101
M127,M125,14:00:27,6,-1,1,MX2063,0,2,50
M135/2,M161,14:00:27,6,-1,-1,AA3016,4,2,384
M135/2,M161,14:00:37,6,5,-1,MU9578,4,2,374
M1/9,M7/1,14:00:47,6,2,1,MX2037,0,2,192
M161,M70,14:01:08,6,-1,-1,AA3016,0,2,20
M161,M70,14:01:48,6,5,-1,MU9578,0,2,30
M112,M127,14:02:08,6,-1,1,MX1041,0,2,30
M70,M118,14:02:49,6,-1,1,AA3016,0,2,60
M127,M125,14:03:19,6,-1,1,MX1041,0,2,30
M125,M135/2,14:03:39,6,-1,1,MX2063,0,2,121
M70,M118,14:03:39,6,5,1,MU9578,0,2,60
M7/1,M16/1,14:04:34,6,2,1,MX2037,0,2,165
M16/1,M111,14:06:15,6,3,1,MX2037,0,2,90
M125,M135/2,14:06:25,6,-1,1,MX1041,0,2,101
M111,M112,14:08:47,6,3,1,MX2037,0,2,90
M135/2,M161,14:10:58,6,-1,-1,MX2063,4,2,363
M112,M127,14:11:08,6,2,1,MX2037,0,2,40
M161,M70,14:12:09,6,-1,-1,MX2063,0,2,30
M7/1,M16/1,14:12:29,6,-1,1,MX1714,0,2,121
M127,M125,14:13:20,6,2,1,MX2037,0,2,70
M70,M118,14:13:31,6,-1,1,MX2063,0,2,51
M16/1,M111,14:16:34,6,-1,1,MX1714,0,2,121
M135/2,M161,14:16:54,6,-1,-1,MX1041,4,2,558
M125,M135/2,14:17:04,6,2,1,MX2037,0,2,121
M161,M70,14:17:55,6,-1,-1,MX1041,0,2,10
M111,M112,14:19:47,6,-1,1,MX1714,0,2,30
M70,M118,14:20:07,6,-1,1,MX1041,0,2,91
M112,M127,14:22:09,6,-1,1,MX1714,0,2,10
M7/1,M16/1,14:23:09,6,-1,1,MX1711,0,2,151
M127,M125,14:23:40,6,-1,1,MX1714,0,2,30
M125,M135/2,14:25:55,6,-1,1,MX1714,0,2,40
M135/2,M161,14:26:46,6,2,-1,MX2037,4,2,469
M16/1,M111,14:27:17,6,-1,1,MX1711,0,2,101
M111,M112,14:28:58,6,-1,1,MX1711,0,2,50
M70,M118,14:29:08,6,1,1,MX2037,0,2,50
M7/1,M16/1,14:30:59,6,-1,1,MX1601,0,2,111
M112,M127,14:31:09,6,-1,1,MX1711,0,2,40
M127,M125,14:32:41,6,-1,1,MX1711,0,2,41
M16/1,M111,14:35:13,6,-1,1,MX1601,0,2,141
M125,M135/2,14:35:34,6,-1,1,MX1711,0,2,121
M135/2,M161,14:36:34,6,-1,-1,MX1714,4,2,527
M161,M70,14:37:25,6,-1,-1,MX1714,0,2,10
M111,M112,14:37:35,6,-1,1,MX1601,0,2,50
M1/9,M7/1,14:39:16,6,2,1,MX1240,0,2,162
M112,M127,14:40:07,6,-1,1,MX1601,0,2,40
M70,M118,14:41:18,6,-1,1,MX1714,0,2,172
M127,M125,14:41:58,6,-1,1,MX1601,0,2,20
M7/1,M16/1,14:42:28,6,3,1,MX1240,0,2,161
M16/1,M111,14:45:34,6,3,1,MX1240,0,2,84
M135/2,M161,14:45:34,6,-1,-1,MX1711,4,2,519
M161,M70,14:46:15,6,-1,-1,MX1711,0,2,10
M111,M112,14:48:16,6,3,1,MX1240,0,2,101
M125,M135/2,14:48:16,6,-1,1,MX1601,0,2,317
M70,M118,14:48:26,6,-1,1,MX1711,0,2,111
M1/9,M7/1,14:48:46,6,-1,1,AA3016,0,2,171
M112,M127,14:50:38,6,3,1,MX1240,0,2,50
M127,M125,14:51:48,6,4,1,MX1240,0,2,30
M7/1,M16/1,14:52:08,6,-1,1,AA3016,0,2,141
M125,M135/2,14:55:13,6,4,1,MX1240,0,2,133
M16/1,M111,14:56:34,6,-1,1,AA3016,0,2,131
M1/9,M7/1,14:56:54,6,2,1,MU9578,0,2,151
M135/2,M161,14:59:46,6,-1,-1,MX1601,4,2,538
M161,M70,15:00:27,6,-1,-1,MX1601,0,2,10
M111,M112,15:00:37,6,-1,1,AA3016,0,2,212
M7/1,M16/1,15:01:17,6,3,1,MU9578,0,2,212
M70,M118,15:01:47,6,-1,1,MX1601,0,2,50
M112,M127,15:03:18,6,-1,1,AA3016,0,2,60
M16/1,M111,15:03:39,6,3,1,MU9578,0,2,40
M1/9,M7/1,15:04:49,6,-1,1,MX2063,0,2,131
M127,M125,15:06:02,6,-1,1,AA3016,0,2,93
M135/2,M161,15:06:12,6,5,-1,MX1240,4,2,578
M161,M70,15:07:23,6,5,-1,MX1240,0,2,10
M111,M112,15:07:43,6,4,1,MU9578,0,2,143
M7/1,M16/1,15:08:04,6,-1,1,MX2063,0,2,131
M70,M118,15:09:14,6,5,1,MX1240,0,2,70
M16/1,M111,15:09:45,6,-1,1,MX2063,0,2,40
M112,M127,15:10:05,6,4,1,MU9578,0,2,30
M127,M125,15:11:17,6,4,1,MU9578,0,2,30
M125,M135/2,15:11:17,6,-1,1,AA3016,0,2,152
M111,M112,15:13:18,6,-1,1,MX2063,0,2,121
M125,M135/2,15:14:29,6,4,1,MU9578,0,2,121
M112,M127,15:15:33,6,-1,1,MX2063,0,2,34
M1/9,M7/1,15:16:03,6,-1,1,MX1041,0,2,145
M127,M125,15:16:54,6,-1,1,MX2063,0,2,40
M1/9,M7/1,15:18:05,6,2,1,MX2037,0,2,10
M125,M135/2,15:19:56,6,-1,1,MX2063,0,2,111
M7/1,M16/1,15:20:57,6,-1,1,MX1041,0,2,233
M135/2,M70,15:21:58,6,-1,-1,AA3016,5,2,580
M135/2,M161,15:22:38,6,5,-1,MU9578,4,2,394
M161,M70,15:23:29,6,5,-1,MU9578,0,2,10
M70,M118,15:23:49,6,-1,1,AA3016,0,2,80
M7/1,M16/1,15:24:29,6,2,1,MX2037,0,2,353
M16/1,M111,15:25:10,6,-1,1,MX1041,0,2,151
M70,M118,15:25:10,6,4,1,MU9578,0,2,80
M16/1,M111,15:27:23,6,2,1,MX2037,0,2,70
M111,M112,15:27:43,6,-1,1,MX1041,0,2,50
M1/9,M7/1,15:28:54,6,-1,1,MX1714,0,2,141
M135/2,M161,15:29:45,6,-1,-1,MX2063,4,2,476
M112,M127,15:30:25,6,-1,1,MX1041,0,2,121
M161,M70,15:30:45,6,-1,-1,MX2063,0,2,10
M111,M112,15:31:05,6,2,1,MX2037,0,2,90
M7/1,M16/1,15:31:46,6,-1,1,MX1714,0,2,151
M1/9,M7/1,15:32:06,6,0,1,MW2648,0,2,151
M112,M127,15:32:16,6,2,1,MX2037,0,2,30
M127,M125,15:32:57,6,-1,1,MX1041,0,2,40
M70,M118,15:32:57,6,-1,1,MX2063,0,2,90
M127,M125,15:34:17,6,2,1,MX2037,0,2,60
M16/1,M111,15:35:18,6,-1,1,MX1714,0,2,161
M7/1,M16/1,15:35:58,6,1,1,MW2648,0,2,171
M125,M135/2,15:36:39,6,-1,1,MX1041,0,2,131
M1/9,M7/1,15:38:34,6,-1,1,MX1711,0,2,165
M16/1,M111,15:38:44,6,0,1,MW2648,0,2,115
M111,M112,15:38:44,6,-1,1,MX1714,0,2,95
M125,M135/2,15:38:54,6,2,1,MX2037,0,2,135
M127,M125,15:41:36,6,-1,1,MX1714,0,2,71
M111,M112,15:41:56,6,0,1,MW2648,0,2,111
M7/1,M16/1,15:42:17,6,-1,1,MX1711,0,2,151
M1/9,M7/1,15:43:17,6,-1,1,MX1625,0,2,91
M16/1,M111,15:43:48,6,-1,1,MX1711,0,2,30
M112,M127,15:44:28,6,1,1,MW2648,0,2,70
M125,M135/2,15:45:19,6,-1,1,MX1714,0,2,151
M127,M125,15:46:09,6,1,1,MW2648,0,2,50
M7/1,M16/1,15:46:29,6,-1,1,MX1625,0,2,151
M1/9,M7/1,15:47:54,6,-1,1,AA6604,0,2,84
M111,M112,15:47:54,6,-1,1,MX1711,0,2,134
M125,M135/2,15:48:54,6,1,1,MW2648,0,2,114
M112,M127,15:49:56,6,-1,1,MX1711,0,2,31
M127,M125,15:51:06,6,-1,1,MX1711,0,2,30
M16/1,M111,15:52:17,6,-1,1,MX1625,0,2,233
M7/1,M16/1,15:52:37,6,-1,1,AA6604,0,2,213
M161,M70,15:52:37,6,1,-1,MX2037,0,2,20
M1/9,M7/1,15:52:58,6,-1,1,MX1601,0,2,121
M125,M135/2,15:53:28,6,-1,1,MX1711,0,2,101
M70,M118,15:54:18,6,-1,1,MX1041,0,2,70
M70,M118,15:54:18,6,0,1,MX2037,0,2,70
M111,M112,15:55:09,6,-1,1,MX1625,0,2,131
M1/9,M7/1,15:56:00,6,-1,1,MX2215,0,2,80
M7/1,M16/1,15:57:01,6,-1,1,MX1601,0,2,193
M112,M127,15:57:22,6,-1,1,MX1625,0,2,40
M16/1,M111,15:57:32,6,-1,1,AA6604,0,2,162
M135/2,M161,15:57:52,6,-1,-1,MX1714,4,2,618
M127,M125,15:58:33,6,-1,1,MX1625,0,2,30
M161,M70,15:58:53,6,-1,-1,MX1714,0,2,20
M7/1,M16/1,15:59:44,6,1,1,MX2215,0,2,122
M70,M118,16:00:35,6,-1,1,MX1714,0,2,50
M16/1,M111,16:00:55,6,-1,1,MX1601,0,2,132
M111,M112,16:00:55,6,-1,1,AA6604,0,2,70
M135/2,M161,16:01:15,6,0,-1,MW2648,4,2,598
M125,M135/2,16:02:16,6,-1,1,MX1625,0,2,131
M161,M70,16:02:26,6,0,-1,MW2648,0,2,10
M1/9,M7/1,16:02:36,6,2,1,MX1240,0,2,111
M111,M112,16:02:57,6,-1,1,MX1601,0,2,70
M112,M127,16:02:57,6,-1,1,AA6604,0,2,111
M16/1,M111,16:03:27,6,1,1,MX2215,0,2,80
M135/2,M161,16:03:27,6,-1,-1,MX1711,4,2,416
M70,M118,16:03:37,6,0,1,MW2648,0,2,50
M161,M70,16:04:07,6,-1,-1,MX1711,0,2,10
M127,M125,16:04:18,6,-1,1,AA6604,0,2,40
M112,M127,16:04:38,6,-1,1,MX1601,0,2,10
M127,M125,16:05:59,6,-1,1,MX1601,0,2,20
M111,M112,16:06:09,6,1,1,MX2215,0,2,80
M7/1,M16/1,16:06:29,6,2,1,MX1240,0,2,181
M125,M135/2,16:07:19,6,-1,1,AA6604,0,2,111
M112,M127,16:08:20,6,1,1,MX2215,0,2,40
M70,M118,16:08:41,6,-1,1,MX1711,0,2,243
M125,M135/2,16:08:51,6,-1,1,MX1601,0,2,101
M1/9,M7/1,16:09:02,6,-1,1,MX1721,0,2,153
M127,M125,16:09:45,6,1,1,MX2215,0,2,32
M16/1,M111,16:10:05,6,2,1,MX1240,0,2,165
M7/1,M16/1,16:12:58,6,1,1,MX1721,0,2,172
M1/9,M7/1,16:13:28,6,-1,1,MW2183,0,2,203
M111,M112,16:13:28,6,3,1,MX1240,0,2,101
M125,M135/2,16:13:28,6,1,1,MX2215,0,2,142
M135/2,M161,16:13:49,6,-1,-1,MX1625,4,2,611
M161,M70,16:14:29,6,-1,-1,MX1625,0,2,10
M1/9,M7/1,16:15:30,6,1,1,MW2705,0,2,181
M112,M127,16:15:40,6,3,1,MX1240,0,2,60
M16/1,M111,16:15:50,6,1,1,MX1721,0,2,80
M70,M118,16:16:10,6,-1,1,MX1625,0,2,60
M135/2,M161,16:16:20,6,-1,-1,AA6604,4,2,469
M135/2,M161,16:17:04,6,-1,-1,MX1601,4,2,438
M7/1,M16/1,16:17:14,6,-1,1,MW2183,0,2,154
M161,M70,16:17:14,6,-1,-1,AA6604,0,2,10
M127,M125,16:17:24,6,3,1,MX1240,0,2,50
M161,M70,16:17:54,6,-1,-1,MX1601,0,1,20
M70,M118,16:18:45,6,-1,1,AA6604,0,1,60
M111,M112,16:19:05,6,0,1,MX1721,0,1,111
M70,M118,16:19:05,6,-1,1,MX1601,0,1,60
M135/2,M170/2,16:19:15,6,0,2,MX2215,0,1,265
M7/1,M16/1,16:19:55,6,2,1,MW2705,0,1,235
M16/1,M111,16:20:16,6,-1,1,MW2183,0,1,131
M112,M127,16:21:06,6,0,1,MX1721,0,1,111
M125,M135/2,16:21:36,6,4,1,MX1240,0,1,131
M127,M125,16:22:17,6,0,1,MX1721,0,1,30
M111,M112,16:22:37,6,-1,1,MW2183,0,1,70
M170/2,M161,16:24:18,6,0,-1,MX2215,3,1,292
M112,M127,16:24:38,6,-1,1,MW2183,0,1,50
M16/1,M111,16:24:48,6,2,1,MW2705,0,1,262
M125,M135/2,16:25:09,6,0,1,MX1721,0,1,121
M161,M70,16:25:09,6,0,-1,MX2215,0,1,10
M127,M125,16:25:59,6,-1,1,MW2183,0,1,40
M1/9,M7/1,16:26:29,6,-1,1,MX2141,0,1,131
M70,M118,16:26:50,6,0,1,MX2215,0,1,70
M111,M112,16:28:43,6,2,1,MW2705,0,1,123
M125,M135/2,16:29:03,6,-1,1,MW2183,0,1,71
M7/1,M16/1,16:30:14,6,1,1,MX2141,0,1,132
M112,M127,16:31:14,6,1,1,MW2705,0,1,60
M135/2,M161,16:32:45,6,4,-1,MX1240,4,1,587
M127,M125,16:33:46,6,1,1,MW2705,0,1,70
M16/1,M111,16:35:37,6,1,1,MX2141,0,1,252
M135/2,M161,16:35:37,6,0,-1,MX1721,4,1,577
M111,M112,16:37:28,6,2,1,MX2141,0,1,60
M135/2,M161,16:37:48,6,-1,-1,MW2183,4,1,454
M125,M135/2,16:37:58,6,1,1,MW2705,0,1,191
M70,M118,16:37:58,6,4,1,MX1240,0,1,222
M161,M70,16:38:29,6,-1,-1,MW2183,0,1,10
M1/9,M7/1,16:39:09,6,1,1,MX2037,0,1,131
M112,M127,16:39:39,6,2,1,MX2141,0,1,50
M127,M125,16:40:53,6,2,1,MX2141,0,1,32
M7/1,M16/1,16:42:55,6,2,1,MX2037,0,1,175
M125,M135/2,16:43:56,6,2,1,MX2141,0,1,132
M7/1,M16/1,16:44:17,6,-1,1,MX1041,0,1,173
M16/1,M111,16:46:18,6,2,1,MX2037,0,1,100
M7/1,M16/1,16:47:18,6,-1,1,MW2417,0,1,181
M16/1,M111,16:49:34,6,-1,1,MX1041,0,1,135
M111,M112,16:49:44,6,1,1,MX2037,0,1,85
M16/1,M111,16:50:05,6,-1,1,MW2417,0,1,75
M161,M70,16:51:05,6,1,-1,MW2705,0,1,20
M111,M112,16:51:26,6,-1,1,MX1041,0,1,70
M112,M127,16:51:56,6,1,1,MX2037,0,1,100
M1/9,M7/1,16:53:17,6,-1,1,MX1714,0,1,161
M112,M127,16:53:27,6,-1,1,MX1041,0,1,20
M127,M125,16:53:47,6,1,1,MX2037,0,1,50
M111,M112,16:53:57,6,-1,1,MW2417,0,1,131
M70,M118,16:53:57,6,0,1,MW2705,0,1,101
M127,M125,16:54:58,6,-1,1,MX1041,0,1,40
M135/2,M161,16:55:18,6,2,-1,MX2141,4,1,590
M112,M127,16:55:58,6,-1,1,MW2417,0,1,50
M7/1,M16/1,16:56:40,6,-1,1,MX1714,0,1,162
M125,M135/2,16:57:51,6,1,1,MX2037,0,1,142
M70,M118,16:57:51,6,2,1,MX2141,0,1,61
M127,M125,16:58:01,6,-1,1,MW2417,0,1,51
M125,M135/2,16:58:11,6,-1,1,MX1041,0,1,102
M16/1,M111,16:59:12,6,-1,1,MX1714,0,1,101
M7/1,M16/1,17:01:45,6,-1,1,MX1711,0,1,437
M125,M135/2,17:01:45,6,-1,1,MW2417,0,1,153
M111,M112,17:02:56,6,-1,1,MX1714,0,1,141
M112,M127,17:04:27,6,-1,1,MX1714,0,1,40
M1/9,M7/1,17:05:27,6,-1,1,MX1931,0,1,90
M135/2,M161,17:05:27,6,2,-1,MX2037,4,1,405
M127,M125,17:05:37,6,-1,1,MX1714,0,1,20
M161,M70,17:06:58,6,1,-1,MX2037,0,1,80
M16/1,M111,17:08:09,6,-1,1,MX1711,0,1,272
M125,M135/2,17:08:59,6,-1,1,MX1714,0,1,131
M70,M118,17:09:09,6,1,1,MX2037,0,1,90
M7/1,M16/1,17:09:30,6,-1,1,MX1931,0,1,152
M111,M112,17:10:52,6,-1,1,MX1711,0,1,92
M161,M70,17:11:02,6,-1,-1,MX1041,0,1,20
M70,M118,17:12:03,6,-1,1,MX1041,0,1,40
M112,M127,17:12:43,6,-1,1,MX1711,0,1,20
M16/1,M111,17:13:04,6,-1,1,MX1931,0,1,80
M127,M125,17:13:44,6,-1,1,MX1711,0,1,30
M111,M112,17:16:26,6,-1,1,MX1931,0,1,121
M125,M135/2,17:16:57,6,-1,1,MX1711,0,1,101
M161,M70,17:17:07,6,-1,-1,MW2417,0,1,10
M112,M127,17:18:38,6,-1,1,MX1931,0,1,40
M135/2,M161,17:18:38,6,-1,-1,MX1714,4,1,537
M1/9,M7/1,17:19:18,6,-1,1,MX1601,0,1,141
M161,M70,17:19:38,6,-1,-1,MX1714,0,1,20
M70,M118,17:19:59,6,-1,1,MW2417,0,1,151
M127,M125,17:20:09,6,-1,1,MX1931,0,1,30
M70,M118,17:20:59,6,-1,1,MX1714,0,1,70
M135/2,M170/2,17:21:29,6,-1,2,MX1711,0,1,111
M7/1,M16/1,17:22:43,6,-1,1,MX1601,0,1,143
M125,M135/2,17:23:03,6,-1,1,MX1931,0,1,83
M1/9,M7/1,17:24:24,6,-1,1,AA6604,0,1,124
M135/2,M170/2,17:26:25,6,-1,2,MX1931,0,1,121
M170/2,M69/2,17:26:25,6,-1,1,MX1711,0,1,141
M7/1,M16/1,17:27:26,6,-1,1,AA6604,0,1,161
M69/2,M160/1,17:27:26,6,-1,-1,MX1711,0,1,30
M16/1,M111,17:27:46,6,-1,1,MX1601,0,1,212
M160/1,M158/2,17:28:47,6,-1,-1,MX1711,0,1,20
M170/2,M69/2,17:29:17,6,-1,1,MX1931,0,1,50
M69/2,M160/1,17:30:18,6,-1,-1,MX1931,0,1,40
M16/1,M111,17:30:38,6,-1,1,AA6604,0,1,70
M158/2,M161,17:30:58,6,-1,-1,MX1711,0,1,101
M111,M112,17:31:49,6,-1,1,MX1601,0,1,232
M161,M70,17:31:49,6,-1,-1,MX1711,0,1,20
M70,M118,17:33:10,6,-1,1,MX1711,0,1,40
M158/2,M161,17:33:20,6,-1,-1,MX1931,0,1,80
M161,M70,17:34:13,6,-1,-1,MX1931,0,1,10
M112,M127,17:34:44,6,-1,1,MX1601,0,1,70
M111,M112,17:34:54,6,-1,1,AA6604,0,1,144
M70,M118,17:35:24,6,-1,1,MX1931,0,1,40
M7/1,M16/1,17:36:04,6,4,1,MX1240,0,1,285
M112,M127,17:37:15,6,-1,1,AA6604,0,1,60
M127,M125,17:37:15,6,-1,1,MX1601,0,1,90
M118,M239/9,17:38:16,6,-1,-1,MX1931,0,1,90
M16/1,M111,17:38:56,6,4,1,MX1240,0,1,60
M127,M125,17:39:47,6,-1,1,AA6604,0,1,101
M125,M135/2,17:41:38,6,-1,1,MX1601,0,1,191
M111,M112,17:43:49,6,5,1,MX1240,0,1,131
M125,M135/2,17:45:20,6,-1,1,AA6604,0,1,222
M7/1,M16/1,17:46:04,6,-1,1,AA2989,0,1,205
M135/2,M170/2,17:46:25,6,-1,2,MX1601,0,1,195
M112,M127,17:46:35,6,5,1,MX1240,0,1,60
M127,M125,17:47:56,6,5,1,MX1240,0,1,30
M135/2,M170/2,17:49:07,6,-1,2,AA6604,0,1,90
M16/1,M111,17:49:57,6,-1,1,AA2989,0,1,70
M1/9,M7/1,17:50:17,6,-1,1,MW2183,0,1,181
M170/2,M69/2,17:50:17,6,-1,1,MX1601,0,1,181
M69/2,M160/1,17:51:38,6,-1,-1,MX1601,0,1,50
M170/2,M69/2,17:51:48,6,-1,1,AA6604,0,1,121
M125,M135/2,17:52:19,6,5,1,MX1240,0,1,202
M69/2,M160/1,17:53:09,6,-1,-1,AA6604,0,1,50
M160/1,M158/2,17:54:00,6,-1,-1,AA6604,0,1,10
M7/1,M16/1,17:54:34,6,-1,1,MW2183,0,1,206
M158/2,M161,17:54:44,6,-1,-1,MX1601,0,1,44
M111,M127,17:55:04,6,-1,1,AA2989,1,1,165
M161,M70,17:56:05,6,-1,-1,MX1601,0,1,20
M127,M125,17:56:45,6,-1,1,AA2989,0,1,30
M135/2,M170/2,17:56:45,6,5,2,MX1240,0,1,145
M158/2,M161,17:56:56,6,-1,-1,AA6604,0,1,121
M70,M118,17:57:26,6,-1,1,MX1601,0,1,40
M161,M70,17:57:46,6,-1,-1,AA6604,0,1,30
M16/1,M111,17:58:47,6,-1,1,MW2183,0,1,222
M70,M118,17:58:47,6,-1,1,AA6604,0,1,40
M125,M135/2,17:59:17,6,-1,1,AA2989,0,1,90
M111,M112,18:00:08,6,-1,1,MW2183,0,1,30
M170/2,M69/2,18:00:38,6,5,1,MX1240,0,1,161
M118,M239/9,18:01:28,6,-1,-1,MX1601,0,1,131
M135/2,M170/2,18:01:49,6,-1,2,AA2989,0,1,60
M69/2,M160/1,18:01:49,6,5,-1,MX1240,0,1,30
M1/9,M7/1,18:02:39,6,0,1,MX2141,0,1,191
M112,M127,18:03:09,6,-1,1,MW2183,0,1,111
M160/1,M158/2,18:03:30,6,5,-1,MX1240,0,1,20
M118,M239/9,18:03:30,6,-1,-1,AA6604,0,1,132
M170/2,M69/2,18:05:13,6,-1,1,AA2989,0,1,82
M127,M125,18:05:44,6,-1,1,MW2183,0,1,60
M158/2,M161,18:06:14,6,5,-1,MX1240,0,1,113
M69/2,M160/1,18:06:44,6,-1,-1,AA2989,0,1,50
M7/1,M16/1,18:07:05,6,3,1,MX2141,0,1,184
M161,M70,18:07:25,6,5,-1,MX1240,0,1,30
M125,M135/2,18:08:36,6,-1,1,MW2183,0,1,121
M70,M118,18:08:46,6,5,1,MX1240,0,1,40
M16/1,M111,18:09:16,6,3,1,MX2141,0,1,70
M158/2,M161,18:10:27,6,-1,-1,AA2989,0,1,101
M161,M70,18:11:08,6,-1,-1,AA2989,0,1,10
M70,M118,18:12:08,6,-1,1,AA2989,0,1,30
M111,M112,18:12:49,6,3,1,MX2141,0,1,80
M1/9,M7/1,18:12:59,6,5,1,MW2648,0,1,121
M118,M239/9,18:13:09,6,-1,-1,MX1240,0,1,141
M135/2,M170/2,18:13:39,6,-1,2,MW2183,0,1,172
M112,M127,18:15:04,6,5,1,MX2141,0,1,10
M118,M239/9,18:15:14,6,-1,-1,AA2989,0,1,135
M170/2,M69/2,18:16:15,6,-1,1,MW2183,0,1,101
M127,M125,18:17:16,6,5,1,MX2141,0,1,40
M69/2,M160/1,18:17:26,6,-1,-1,MW2183,0,1,30
M7/1,M16/1,18:17:36,6,0,1,MW2648,0,1,181
M7/1,M16/1,18:18:16,6,-1,1,MX1041,0,1,191
M160/1,M158/2,18:18:46,6,-1,-1,MW2183,0,1,20
M125,M135/2,18:19:37,6,5,1,MX2141,0,1,60
M158/2,M161,18:21:38,6,-1,-1,MW2183,0,1,141
M16/1,M111,18:22:19,6,0,1,MW2648,0,1,222
M16/1,M111,18:22:19,6,-1,1,MX1041,0,1,161
M161,M70,18:22:39,6,-1,-1,MW2183,0,1,10
M135/2,M170/2,18:22:49,6,5,2,MX2141,0,1,121
M70,M118,18:23:50,6,-1,1,MW2183,0,1,30
M111,M112,18:24:43,6,-1,1,MX1041,0,1,63
M111,M112,18:24:53,6,2,1,MW2648,0,1,83
M170/2,M69/2,18:25:54,6,5,1,MX2141,0,1,60
M112,M127,18:26:34,6,2,1,MW2648,0,1,90
M112,M127,18:26:44,6,-1,1,MX1041,0,1,30
M69/2,M160/1,18:27:55,6,5,-1,MX2141,0,1,20
M118,M239/9,18:28:05,6,-1,-1,MW2183,0,1,171
M127,M125,18:28:15,6,2,1,MW2648,0,1,40
M127,M125,18:28:47,6,-1,1,MX1041,0,1,31
M160/1,M158/2,18:29:07,6,5,-1,MX2141,0,1,10
M125,M135/2,18:30:58,6,2,1,MW2648,0,1,121
M158/2,M161,18:31:08,6,5,-1,MX2141,0,1,70
M1/9,M7/1,18:31:59,6,1,1,MX2215,0,1,151
M161,M70,18:31:59,6,5,-1,MX2141,0,1,10
M125,M135/2,18:32:49,6,-1,1,MX1041,0,1,70
M70,M118,18:32:49,6,5,1,MX2141,0,1,30
M7/1,M16/1,18:33:50,6,-1,1,MW2417,0,1,242
M135/2,M170/2,18:34:33,6,2,2,MW2648,0,1,144
M7/1,M16/1,18:36:04,6,1,1,MX2215,0,1,185
M118,M239/9,18:36:04,6,-1,-1,MX2141,0,1,134
M170/2,M69/2,18:36:15,6,2,1,MW2648,0,1,50
M135/2,M170/2,18:36:25,6,-1,2,MX1041,0,1,134
M69/2,M160/1,18:37:45,6,1,-1,MW2648,0,1,40
M16/1,M111,18:38:26,6,-1,1,MW2417,0,1,141
M16/1,M111,18:38:36,6,1,1,MX2215,0,1,121
M170/2,M69/2,18:38:36,6,-1,1,MX1041,0,1,60
M160/1,M158/2,18:38:56,6,1,-1,MW2648,0,1,10
M1/9,M7/1,18:39:37,6,3,1,MX2037,0,1,171
M69/2,M160/1,18:40:17,6,-1,-1,MX1041,0,1,50
M111,M112,18:40:57,6,-1,1,MW2417,0,1,80
M160/1,M158/2,18:42:08,6,-1,-1,MX1041,0,1,10
M1/9,M7/1,18:42:18,6,-1,1,MX1625,0,1,212
M111,M112,18:42:18,6,1,1,MX2215,0,1,80
M158/2,M161,18:42:49,6,1,-1,MW2648,0,1,191
M112,M127,18:43:09,6,-1,1,MW2417,0,1,40
M161,M70,18:43:59,6,1,-1,MW2648,0,1,30
M112,M127,18:44:33,6,1,1,MX2215,0,1,74
M161,M70,18:44:33,6,-1,-1,MX1041,0,1,23
M70,M118,18:44:43,6,1,1,MW2648,0,1,23
M7/1,M16/1,18:44:54,6,4,1,MX2037,0,1,145
M127,M125,18:44:54,6,-1,1,MW2417,0,1,33
M70,M118,18:45:14,6,-1,1,MX1041,0,1,20
M127,M125,18:45:34,6,1,1,MX2215,0,1,30
M7/1,M16/1,18:45:54,6,-1,1,MX1625,0,1,175
M16/1,M111,18:47:15,6,-1,1,MX1625,0,1,20
M16/1,M111,18:47:15,6,4,1,MX2037,0,1,30
M118,M239/9,18:47:15,6,-1,-1,MW2648,0,1,101
M118,M239/9,18:48:26,6,-1,-1,MX1041,0,1,141
M111,M112,18:49:06,6,3,1,MX2037,0,1,60
M111,M112,18:49:16,6,-1,1,MX1625,0,1,60
M125,M135/2,18:50:07,6,-1,1,MW2417,0,1,202
M125,M135/2,18:50:17,6,0,1,MX2215,0,1,212
M112,M127,18:51:18,6,3,1,MX2037,0,1,20
M112,M127,18:51:18,6,-1,1,MX1625,0,1,60
M127,M125,18:52:38,6,3,1,MX2037,0,1,40
M127,M125,18:52:38,6,-1,1,MX1625,0,1,40
M135/2,M170/2,18:53:19,6,-1,2,MW2417,0,1,131
M135/2,M170/2,18:53:19,6,0,2,MX2215,0,1,111
M170/2,M69/2,18:55:20,6,-1,1,MW2417,0,1,60
M170/2,M69/2,18:55:20,6,0,1,MX2215,0,1,60
M69/2,M160/1,18:56:44,6,-1,-1,MW2417,0,1,31
M125,M135/2,18:56:54,6,3,1,MX2037,0,1,185
M69/2,M160/1,18:56:54,6,0,-1,MX2215,0,1,41
M125,M135/2,18:57:15,6,-1,1,MX1625,0,1,195
M16/1,M111,18:57:56,6,-1,1,MX1711,0,1,21
M160/1,M158/2,18:58:16,6,-1,-1,MW2417,0,1,20
M160/1,M158/2,18:58:16,6,0,-1,MX2215,0,1,20
M135/2,M170/2,18:59:57,6,3,2,MX2037,0,1,101
M135/2,M170/2,18:59:57,6,-1,2,MX1625,0,1,101
M158/2,M161,18:59:57,6,0,-1,MX2215,0,1,70
M158/2,M161,18:59:57,6,-1,-1,MW2417,0,1,80
M161,M70,19:00:38,6,-1,-1,MW2417,0,1,10
M111,M112,19:00:48,6,-1,1,MX1711,0,1,60
M161,M70,19:00:48,6,0,-1,MX2215,0,1,10
M170/2,M69/2,19:01:18,6,2,1,MX2037,0,1,40
M170/2,M69/2,19:01:28,6,-1,1,MX1625,0,1,50
M70,M118,19:01:48,6,-1,1,MW2417,0,1,30
M70,M118,19:01:59,6,0,1,MX2215,0,1,30
M112,M127,19:02:49,6,-1,1,MX1711,0,1,30
M69/2,M160/1,19:02:49,6,2,-1,MX2037,0,1,50
M69/2,M160/1,19:02:59,6,-1,-1,MX1625,0,1,50
M127,M125,19:04:33,6,-1,1,MX1711,0,1,53
M160/1,M158/2,19:04:33,6,-1,-1,MX1625,0,1,13
M118,M239/9,19:05:14,6,-1,-1,MW2417,0,1,94
M118,M239/9,19:05:24,6,-1,-1,MX2215,0,1,104
M125,M135/2,19:06:35,6,-1,1,MX1711,0,1,80
M158/2,M161,19:06:35,6,-1,-1,MX1625,0,1,90
M158/2,M161,19:06:35,6,2,-1,MX2037,0,1,90
M161,M70,19:07:05,6,-1,-1,MX1625,0,1,10
M161,M70,19:07:35,6,2,-1,MX2037,0,1,20
M70,M118,19:07:45,6,-1,1,MX1625,0,1,10
M70,M118,19:08:36,6,1,1,MX2037,0,1,20
M7/1,M16/1,19:10:07,6,-1,1,MX1931,0,1,356
M135/2,M170/2,19:10:17,6,-1,2,MX1711,0,1,131
M1/9,M7/1,19:11:17,6,-1,1,AA7020,0,1,518
M118,M239/9,19:11:28,6,-1,-1,MX1625,0,1,121
M170/2,M69/2,19:12:18,6,-1,1,MX1711,0,1,70
M16/1,M111,19:12:48,6,-1,1,MX1931,0,1,90
M69/2,M160/1,19:13:29,6,-1,-1,MX1711,0,1,40
M118,M239/9,19:13:29,6,-1,-1,MX2037,0,1,161
M160/1,M158/2,19:14:19,6,-1,-1,MX1711,0,1,20
M7/1,M16/1,19:14:39,6,-1,1,AA7020,0,1,141
M111,M112,19:15:20,6,-1,1,MX1931,0,1,90
M158/2,M161,19:16:02,6,-1,-1,MX1711,0,1,72
M112,M127,19:16:34,6,-1,1,MX1931,0,1,21
M161,M70,19:16:44,6,-1,-1,MX1711,0,1,10
M16/1,M111,19:17:14,6,-1,1,AA7020,0,1,72
M127,M125,19:17:45,6,-1,2,MX1931,0,1,30
M70,M118,19:17:45,6,-1,1,MX1711,0,1,30
M1/9,M7/1,19:19:36,6,4,1,MX2172,0,1,255
M111,M112,19:20:26,6,-1,1,AA7020,0,1,80
M118,M239/9,19:21:17,6,-1,-1,MX1711,0,1,111
M125,M135/2,19:21:27,6,-1,2,MX1931,0,1,151
M112,M127,19:21:47,6,-1,1,AA7020,0,1,30
M7/1,M16/1,19:22:38,6,5,1,MX2172,0,1,151
M127,M125,19:22:58,6,-1,1,AA7020,0,1,20
M135/2,M170/2,19:25:09,6,-1,1,MX1931,0,1,131
M125,M135/2,19:25:19,6,-1,1,AA7020,0,1,90
M16/1,M111,19:25:50,6,4,1,MX2172,0,1,161
M170/2,M69/2,19:26:54,6,-1,1,MX1931,0,1,63
M69/2,M160/1,19:27:54,6,-1,-1,MX1931,0,1,30
M111,M112,19:28:25,6,3,1,MX2172,0,1,70
M1/9,M7/1,19:28:45,6,0,1,MX2141,0,1,377
M135/2,M170/2,19:28:55,6,-1,1,AA7020,0,1,141
M160/1,M158/2,19:28:55,6,-1,-1,MX1931,0,1,10
M112,M127,19:30:36,6,3,1,MX2172,0,1,80
M158/2,M161,19:30:36,6,-1,-1,MX1931,0,1,50
M170/2,M69/2,19:31:06,6,-1,1,AA7020,0,1,70
M161,M70,19:31:26,6,-1,-1,MX1931,0,1,20
M7/1,M16/1,19:31:57,6,0,1,MX2141,0,1,161
M70,M118,19:32:07,6,-1,1,MX1931,0,1,10
M127,M125,19:32:27,6,3,1,MX2172,0,1,90
M69/2,M160/1,19:32:27,6,-1,-1,AA7020,0,1,30
M1/9,M7/1,19:33:38,6,1,1,MX1721,0,1,468
M160/1,M158/2,19:33:48,6,-1,-1,AA7020,0,1,10
M16/1,M111,19:34:18,6,0,1,MX2141,0,1,90
M118,M239/9,19:35:39,6,-1,-1,MX1931,0,1,141
M158/2,M161,19:36:09,6,-1,-1,AA7020,0,1,80
M125,M135/2,19:36:20,6,2,1,MX2172,0,1,141
M111,M112,19:37:01,6,0,1,MX2141,0,1,51
M7/1,M16/1,19:37:21,6,1,1,MX1721,0,1,162
M161,M70,19:37:21,6,-1,-1,AA7020,0,1,20
M70,M118,19:38:34,6,-1,1,AA7020,0,1,31
M16/1,M111,19:38:44,6,1,1,MX1721,0,1,31
M112,M127,19:38:54,6,0,1,MX2141,0,1,51
M135/2,M170/2,19:39:04,6,2,1,MX2172,0,1,103
M127,M125,19:40:05,6,0,1,MX2141,0,1,20
M170/2,M69/2,19:41:06,6,2,1,MX2172,0,1,81
M111,M112,19:41:46,6,0,1,MX1721,0,1,101
M69/2,M160/1,19:41:56,6,2,-1,MX2172,0,1,30
M118,M239/9,19:43:07,6,-1,-1,AA7020,0,1,171
M160/1,M158/2,19:43:27,6,2,-1,MX2172,0,1,20
M112,M127,19:43:47,6,0,1,MX1721,0,1,40
M125,M135/2,19:44:38,6,0,1,MX2141,0,1,202
M158/2,M161,19:44:38,6,2,-1,MX2172,0,1,20
M127,M125,19:45:49,6,0,1,MX1721,0,1,20
M161,M70,19:45:49,6,2,-1,MX2172,0,1,10
M1/9,M7/1,19:46:29,6,2,1,MU9578,0,1,547
M7/1,M16/1,19:46:49,6,-1,1,MX2063,0,1,161
M70,M118,19:46:49,6,2,1,MX2172,0,1,30
M135/2,M170/2,19:47:10,6,0,1,MX2141,0,1,111
M125,M135/2,19:48:04,6,0,1,MX1721,0,1,54
M16/1,M111,19:49:14,6,-1,1,MX2063,0,1,60
M118,M239/9,19:49:45,6,-1,-1,MX2172,0,1,121
M7/1,M16/1,19:49:55,6,2,1,MU9578,0,1,165
M170/2,M69/2,19:50:36,6,0,1,MX2141,0,1,141
M135/2,M170/2,19:51:06,6,0,1,MX1721,0,1,121
M111,M112,19:51:16,6,-1,1,MX2063,0,1,60
M16/1,M111,19:51:36,6,2,1,MU9578,0,1,30
M69/2,M160/1,19:51:36,6,0,-1,MX2141,0,1,30
M112,M127,19:52:07,6,-1,1,MX2063,0,1,20
M127,M125,19:52:47,6,-1,2,MX2063,0,1,10
M170/2,M69/2,19:52:47,6,0,1,MX1721,0,1,50
M111,M112,19:53:17,6,2,1,MU9578,0,1,60
M160/1,M158/2,19:53:17,6,0,-1,MX2141,0,1,10
M69/2,M160/1,19:54:18,6,0,-1,MX1721,0,1,60
M158/2,M161,19:54:28,6,0,-1,MX2141,0,1,40
M1/9,M7/1,19:54:38,6,-1,1,MW2417,0,1,181
M160/1,M158/2,19:54:58,6,0,-1,MX1721,0,1,10
M125,M135/2,19:55:08,6,-1,1,MX2063,0,1,70
M112,M127,19:55:19,6,2,1,MU9578,0,1,40
M161,M70,19:55:19,6,0,-1,MX2141,0,1,10
M70,M118,19:55:59,6,0,1,MX2141,0,1,20
M158/2,M161,19:56:49,6,0,-1,MX1721,0,1,50
M127,M125,19:57:00,6,2,1,MU9578,0,1,40
M135/2,M170/2,19:57:20,6,-1,1,MX2063,0,1,60
M161,M70,19:57:40,6,0,-1,MX1721,0,1,10
M70,M118,19:58:31,6,0,1,MX1721,0,1,20
M7/1,M16/1,19:58:41,6,-1,1,MW2417,0,1,192
M125,M135/2,19:58:51,6,2,1,MU9578,0,1,91
M118,M239/9,19:59:01,6,-1,-1,MX2141,0,1,90
M118,M239/9,20:00:45,6,-1,-1,MX1721,0,1,83
M1/9,M7/1,20:00:55,6,-1,1,MX1625,0,1,184
M170/2,M69/2,20:00:55,6,-1,1,MX2063,0,1,70
M135/2,M170/2,20:01:37,6,2,1,MU9578,0,1,91
M16/1,M111,20:01:57,6,-1,1,MW2417,0,1,132
M69/2,M160/1,20:02:07,6,-1,-1,MX2063,0,1,41
M160/1,M158/2,20:02:48,6,-1,-1,MX2063,0,1,10
M170/2,M69/2,20:03:08,6,2,1,MU9578,0,1,60
M158/2,M161,20:03:58,6,-1,-1,MX2063,0,1,30
M7/1,M16/1,20:04:08,6,-1,1,MX1625,0,1,141
M69/2,M160/1,20:04:08,6,2,-1,MU9578,0,1,30
M161,M70,20:04:49,6,-1,-1,MX2063,0,1,20
M160/1,M158/2,20:05:09,6,2,-1,MU9578,0,1,10
M111,M112,20:05:39,6,-1,1,MW2417,0,1,101
M70,M118,20:05:49,6,-1,1,MX2063,0,1,30
M158/2,M161,20:06:10,6,2,-1,MU9578,0,1,30
M16/1,M111,20:06:32,6,-1,1,MX1625,0,1,72
M1/9,M7/1,20:06:52,6,2,1,MW2648,0,1,173
M112,M127,20:07:53,6,-1,1,MW2417,0,1,30
M161,M70,20:08:34,6,2,-1,MU9578,0,1,112
M118,M239/9,20:08:44,6,-1,-1,MX2063,0,1,122
M70,M118,20:08:54,6,2,1,MU9578,0,1,10
M111,M112,20:09:05,6,-1,1,MX1625,0,1,81
M127,M125,20:09:15,6,-1,1,MW2417,0,1,30
M7/1,M16/1,20:10:35,6,3,1,MW2648,0,1,162
M112,M127,20:10:56,6,-1,1,MX1625,0,1,20
M118,M239/9,20:12:16,6,-1,-1,MU9578,0,1,131
M127,M125,20:12:27,6,-1,1,MX1625,0,1,40
M125,M135/2,20:12:27,6,-1,1,MW2417,0,1,141
M16/1,M111,20:12:47,6,2,1,MW2648,0,1,30
M111,M112,20:15:08,6,1,1,MW2648,0,1,40
M135/2,M170/2,20:15:18,6,-1,1,MW2417,0,1,101
M125,M135/2,20:15:28,6,-1,1,MX1625,0,1,131
M16/1,M111,20:16:49,6,-1,1,MX1714,0,1,121
M170/2,M69/2,20:17:20,6,-1,1,MW2417,0,1,70
M112,M127,20:17:30,6,1,1,MW2648,0,1,30
M135/2,M170/2,20:17:50,6,-1,1,MX1625,0,1,90
M111,M112,20:18:34,6,-1,1,MX1714,0,1,34
M127,M125,20:18:44,6,1,1,MW2648,0,1,34
M69/2,M160/1,20:19:35,6,-1,-1,MW2417,0,1,50
M1/9,M7/1,20:20:25,6,-1,1,MW2183,0,1,111
M160/1,M158/2,20:20:46,6,-1,-1,MW2417,0,1,10
M112,M127,20:20:56,6,-1,1,MX1714,0,1,30
M170/2,M69/2,20:20:56,6,-1,1,MX1625,0,1,141
M16/1,M111,20:21:16,6,-1,1,MX1711,0,1,90
M158/2,M161,20:22:07,6,-1,-1,MW2417,0,1,50
M127,M125,20:22:37,6,-1,1,MX1714,0,1,70
M125,M135/2,20:22:57,6,0,1,MW2648,0,1,161
M161,M70,20:23:07,6,-1,-1,MW2417,0,1,10
M7/1,M16/1,20:23:17,6,-1,1,MW2183,0,1,131
M69/2,M160/1,20:23:38,6,-1,-1,MX1625,0,1,131
M111,M112,20:23:48,6,-1,1,MX1711,0,1,141
M70,M118,20:23:58,6,-1,1,MW2417,0,1,30
M160/1,M158/2,20:24:38,6,-1,-1,MX1625,0,1,10
M112,M127,20:24:48,6,-1,1,MX1711,0,1,30
M125,M135/2,20:24:58,6,-1,1,MX1714,0,1,101
M135/2,M170/2,20:25:39,6,1,1,MW2648,0,1,80
M16/1,M111,20:25:49,6,-1,1,MW2183,0,1,50
M158/2,M161,20:25:49,6,-1,-1,MX1625,0,1,40
M127,M125,20:25:59,6,-1,1,MX1711,0,1,30
M1/9,M7/1,20:26:29,6,-1,1,MX1931,0,1,171
M118,M239/9,20:27:00,6,-1,-1,MW2417,0,1,80
M170/2,M69/2,20:27:20,6,1,1,MW2648,0,1,50
M70,M118,20:27:30,6,-1,1,MX1625,0,1,30
M135/2,M170/2,20:27:50,6,-1,1,MX1714,0,1,131
M125,M135/2,20:28:10,6,-1,1,MX1711,0,1,80
M111,M112,20:28:45,6,-1,1,MW2183,0,1,125
M69/2,M160/1,20:28:45,6,1,-1,MW2648,0,1,44
M170/2,M69/2,20:29:25,6,-1,1,MX1714,0,1,40
M7/1,M16/1,20:29:46,6,-1,1,MX1931,0,1,115
M160/1,M158/2,20:29:46,6,1,-1,MW2648,0,1,10
M112,M127,20:30:36,6,-1,1,MW2183,0,1,10
M69/2,M160/1,20:30:56,6,-1,-1,MX1714,0,1,50
M118,M239/9,20:30:56,6,-1,-1,MX1625,0,1,80
M158/2,M161,20:31:06,6,1,-1,MW2648,0,1,30
M135/2,M170/2,20:31:47,6,-1,1,MX1711,0,1,141
M16/1,M111,20:31:57,6,-1,1,MX1931,0,1,70
M127,M125,20:32:17,6,-1,1,MW2183,0,1,40
M160/1,M158/2,20:32:17,6,-1,-1,MX1714,0,1,20
M161,M70,20:32:27,6,1,-1,MW2648,0,1,10
M158/2,M161,20:32:58,6,-1,-1,MX1714,0,1,20
M70,M118,20:33:28,6,0,1,MW2648,0,1,20
M170/2,M69/2,20:33:38,6,-1,1,MX1711,0,1,60
M161,M70,20:33:38,6,-1,-1,MX1714,0,1,10
M1/9,M7/1,20:34:18,6,-1,1,MX1601,0,1,161
M70,M118,20:34:18,6,-1,1,MX1714,0,1,20
M111,M112,20:34:39,6,-1,1,MX1931,0,1,90
M125,M135/2,20:34:49,6,-1,1,MW2183,0,1,111
M69/2,M160/1,20:34:59,6,-1,-1,MX1711,0,1,30
M112,M127,20:35:49,6,-1,1,MX1931,0,1,20
M160/1,M158/2,20:35:49,6,-1,-1,MX1711,0,1,20
M127,M125,20:36:50,6,-1,2,MX1931,0,1,20
M118,M239/9,20:37:00,6,-1,-1,MW2648,0,1,141
M118,M239/9,20:37:10,6,-1,-1,MX1714,0,1,90
M135/2,M170/2,20:37:54,6,-1,2,MW2183,0,1,114
M7/1,M16/1,20:38:04,6,-1,1,MX1601,0,1,155
M158/2,M161,20:38:04,6,-1,-1,MX1711,0,1,104
M161,M70,20:38:45,6,-1,-1,MX1711,0,1,10
M125,M135/2,20:39:25,6,-1,1,MX1931,0,1,111
M170/2,M69/2,20:39:25,6,-1,1,MW2183,0,1,60
M70,M118,20:39:45,6,-1,1,MX1711,0,1,30
M16/1,M111,20:40:36,6,-1,1,MX1601,0,1,70
M69/2,M160/1,20:40:36,6,-1,-1,MW2183,0,1,20
M7/1,M16/1,20:40:56,6,2,1,MX1240,0,1,141
M135/2,M170/2,20:42:07,6,-1,1,MX1931,0,1,80
M118,M239/9,20:42:17,6,-1,-1,MX1711,0,1,80
M16/1,M111,20:42:47,6,2,1,MX1240,0,1,30
M111,M112,20:42:47,6,-1,1,MX1601,0,1,40
M158/2,M161,20:43:28,6,-1,-1,MW2183,0,1,70
M161,M70,20:44:18,6,-1,-1,MW2183,0,1,20
M111,M112,20:44:38,6,2,1,MX1240,0,1,40
M70,M118,20:44:38,6,-1,1,MW2183,0,1,10
M112,M127,20:44:48,6,-1,1,MX1601,0,1,70
M170/2,M69/2,20:45:19,6,-1,1,MX1931,0,1,151
M69/2,M160/1,20:46:20,6,-1,-1,MX1931,0,1,30
M127,M125,20:46:40,6,-1,1,MX1601,0,1,50
M112,M127,20:47:00,6,2,1,MX1240,0,1,40
M160/1,M158/2,20:47:10,6,-1,-1,MX1931,0,1,10
M118,M239/9,20:47:10,6,-1,-1,MW2183,0,1,91
M1/9,M7/1,20:47:33,6,2,1,MX1721,0,1,346
M125,M135/2,20:48:23,6,-1,2,MX1601,0,1,40
M127,M125,20:48:33,6,2,1,MX1240,0,1,30
M158/2,M161,20:48:53,6,-1,-1,MX1931,0,1,60
M161,M70,20:49:55,6,-1,-1,MX1931,0,1,10
M135/2,M170/2,20:50:25,6,-1,1,MX1601,0,1,50
M70,M118,20:50:36,6,-1,1,MX1931,0,1,10
M7/1,M16/1,20:50:46,6,3,2,MX1721,0,1,142
M125,M135/2,20:52:06,6,2,2,MX1240,0,1,151
M16/1,M111,20:53:17,6,2,1,MX1721,0,1,70
M170/2,M69/2,20:53:17,6,-1,1,MX1601,0,1,131
M118,M239/9,20:53:37,6,-1,-1,MX1931,0,1,141
M69/2,M160/1,20:54:18,6,-1,-1,MX1601,0,1,30
M135/2,M170/2,20:54:28,6,2,1,MX1240,0,1,80
M1/9,M7/1,20:55:28,6,-1,2,MW1140,0,1,141
M111,M112,20:55:49,6,1,1,MX1721,0,1,90
M170/2,M69/2,20:55:49,6,2,1,MX1240,0,1,50
M69/2,M160/1,20:56:49,6,2,-1,MX1240,0,1,30
M7/1,M16/1,20:56:59,6,1,1,MU9578,0,1,424
M112,M127,20:57:44,6,1,1,MX1721,0,1,44
M160/1,M158/2,20:57:44,6,2,-1,MX1240,0,1,23
M158/2,M161,20:57:44,6,-1,-1,MX1601,0,1,104
M7/1,M16/1,20:58:24,6,-1,1,MW1140,0,1,124
M158/2,M161,20:58:34,6,2,-1,MX1240,0,1,30
M70,M118,20:58:44,6,-1,1,MX1601,0,1,10
M127,M125,20:58:54,6,1,1,MX1721,0,1,20
M16/1,M111,20:59:25,6,1,1,MU9578,0,1,101
M1/9,M7/1,20:59:55,6,-1,2,MX2063,0,1,141
M16/1,M111,20:59:55,6,-1,1,MW1140,0,1,20
M161,M70,20:59:55,6,2,-1,MX1240,0,1,20
M70,M118,21:01:06,6,2,1,MX1240,0,1,30
M118,M239/9,21:01:56,6,-1,-1,MX1601,0,1,121
M111,M112,21:02:16,6,1,1,MU9578,0,1,101
M111,M112,21:02:16,6,-1,1,MW1140,0,1,40
M125,M135/2,21:02:16,6,2,1,MX1721,0,1,131
M118,M239/9,21:03:27,6,-1,-1,MX1240,0,1,101
M7/1,M16/1,21:03:47,6,-1,2,MX2063,0,1,181
M135/2,M170/2,21:04:07,6,0,1,MX1721,0,1,60
M112,M127,21:04:28,6,-1,1,MW1140,0,1,30
M112,M127,21:04:28,6,1,1,MU9578,0,1,70
M127,M125,21:05:38,6,0,1,MU9578,0,1,40
M127,M125,21:05:38,6,-1,1,MW1140,0,1,30
M170/2,M69/2,21:05:48,6,0,1,MX1721,0,1,50
M16/1,M111,21:06:09,6,-1,1,MX2063,0,1,80
M69/2,M160/1,21:06:49,6,0,-1,MX1721,0,1,20
M125,M135/2,21:07:19,6,0,1,MU9578,0,1,70
M125,M135/2,21:07:40,6,-1,1,MW1140,0,1,80
M160/1,M158/2,21:07:40,6,0,-1,MX1721,0,1,10
M1/9,M7/1,21:08:10,6,-1,1,MX1041,0,1,161
M111,M112,21:08:34,6,-1,1,MX2063,0,1,64
M158/2,M161,21:09:45,6,0,-1,MX1721,0,1,70
M135/2,M170/2,21:10:15,6,1,2,MU9578,0,1,114
M135/2,M170/2,21:10:25,6,-1,2,MW1140,0,1,111
M161,M70,21:10:45,6,0,-1,MX1721,0,1,10
M112,M127,21:10:55,6,-1,1,MX2063,0,1,70
M7/1,M16/1,21:11:16,6,-1,1,MX1041,0,1,141
M70,M118,21:11:46,6,0,1,MX1721,0,1,30
M127,M125,21:12:16,6,-1,1,MX2063,0,1,30
M170/2,M69/2,21:12:16,6,1,1,MU9578,0,1,70
M170/2,M69/2,21:12:26,6,-1,1,MW1140,0,1,80
M16/1,M111,21:12:47,6,-1,1,MX1041,0,1,40
M69/2,M160/1,21:13:17,6,0,-1,MU9578,0,1,30
M69/2,M160/1,21:13:27,6,-1,-1,MW1140,0,1,30
M160/1,M158/2,21:13:57,6,-1,-1,MW1140,0,1,10
M160/1,M158/2,21:14:07,6,0,-1,MU9578,0,1,10
M111,M112,21:15:08,6,-1,1,MX1041,0,1,80
M125,M135/2,21:15:28,6,-1,1,MX2063,0,1,80
M118,M239/9,21:15:28,6,-1,-1,MX1721,0,1,151
M158/2,M161,21:15:48,6,0,-1,MU9578,0,1,50
M1/9,M7/1,21:15:59,6,4,1,MX2037,0,1,161
M158/2,M161,21:15:59,6,-1,-1,MW1140,0,1,40
M112,M127,21:16:09,6,-1,1,MX1041,0,1,20
M161,M70,21:16:39,6,0,-1,MU9578,0,1,10
M127,M125,21:17:09,6,-1,1,MX1041,0,1,20
M161,M70,21:17:09,6,-1,-1,MW1140,0,1,10
M70,M118,21:17:30,6,0,1,MU9578,0,1,20
M70,M118,21:17:50,6,-1,1,MW1140,0,1,20
M7/1,M16/1,21:18:00,6,4,1,MX2037,0,1,111
M135/2,M170/2,21:18:10,6,-1,1,MX2063,0,1,121
M16/1,M111,21:19:04,6,3,1,MX2037,0,1,20
M1/9,M7/1,21:19:14,6,1,1,MW2648,0,1,124
M125,M135/2,21:19:24,6,-1,1,MX1041,0,1,104
M170/2,M69/2,21:19:55,6,-1,1,MX2063,0,1,40
M69/2,M160/1,21:21:05,6,-1,-1,MX2063,0,1,30
M118,M239/9,21:21:36,6,-1,-1,MU9578,0,1,141
M118,M239/9,21:21:36,6,-1,-1,MW1140,0,1,131
M160/1,M158/2,21:21:46,6,-1,-1,MX2063,0,1,20
M111,M112,21:22:26,6,3,1,MX2037,0,1,101
M135/2,M170/2,21:22:26,6,-1,2,MX1041,0,1,131
M158/2,M161,21:23:17,6,-1,-1,MX2063,0,1,70
M7/1,M16/1,21:23:27,6,1,2,MW2648,0,1,232
M112,M127,21:23:37,6,3,1,MX2037,0,1,20
M161,M70,21:23:57,6,-1,-1,MX2063,0,1,10
M170/2,M69/2,21:24:27,6,-1,1,MX1041,0,1,60
M70,M118,21:24:48,6,-1,1,MX2063,0,1,20
M127,M125,21:24:58,6,3,1,MX2037,0,1,30
M69/2,M160/1,21:25:28,6,-1,-1,MX1041,0,1,40
M160/1,M158/2,21:26:08,6,-1,-1,MX1041,0,1,10
M118,M239/9,21:26:49,6,-1,-1,MX2063,0,1,90
M16/1,M111,21:27:09,6,1,1,MW2648,0,1,101
M125,M135/2,21:27:29,6,3,1,MX2037,0,1,101
M161,M70,21:29:04,6,-1,-1,MX1041,0,1,10
M135/2,M170/2,21:29:15,6,3,1,MX2037,0,1,54
M70,M118,21:29:55,6,-1,1,MX1041,0,1,20
M7/1,M16/1,21:30:35,6,-1,1,MX1714,0,1,155
M111,M112,21:30:45,6,0,1,MW2648,0,1,121
M170/2,M69/2,21:30:45,6,3,1,MX2037,0,1,40
M112,M127,21:31:56,6,0,1,MW2648,0,1,10
M69/2,M160/1,21:31:56,6,2,-1,MX2037,0,1,30
M16/1,M111,21:32:06,6,-1,1,MX1714,0,1,20
M118,M239/9,21:32:06,6,-1,-1,MX1041,0,1,90
M160/1,M158/2,21:32:57,6,2,-1,MX2037,0,1,10
M1/9,M7/1,21:33:37,6,-1,1,MX1711,0,1,202
M127,M125,21:33:37,6,1,1,MW2648,0,1,30
M111,M112,21:34:08,6,-1,1,MX1714,0,1,30
M158/2,M161,21:34:18,6,2,-1,MX2037,0,1,40
M112,M127,21:35:59,6,-1,1,MX1714,0,1,20
M125,M135/2,21:36:29,6,1,1,MW2648,0,1,131
M161,M70,21:36:29,6,2,-1,MX2037,0,1,10
M7/1,M16/1,21:36:59,6,-1,1,MX1711,0,1,171
M70,M118,21:36:59,6,2,1,MX2037,0,1,10
M127,M125,21:37:09,6,-1,1,MX1714,0,1,30
M16/1,M111,21:38:32,6,-1,1,MX1711,0,1,22
M125,M135/2,21:38:42,6,-1,1,MX1714,0,1,32
M118,M239/9,21:39:13,6,-1,-1,MX2037,0,1,92
M135/2,M170/2,21:39:23,6,1,1,MW2648,0,1,123
M111,M112,21:40:34,6,-1,1,MX1711,0,1,40
M135/2,M170/2,21:41:04,6,-1,1,MX1714,0,1,111
M170/2,M69/2,21:41:04,6,1,1,MW2648,0,1,50
M69/2,M160/1,21:42:25,6,0,-1,MW2648,0,1,30
M112,M127,21:42:35,6,-1,1,MX1711,0,1,30
M170/2,M69/2,21:42:45,6,-1,1,MX1714,0,1,40
M127,M125,21:43:46,6,-1,1,MX1711,0,1,30
M69/2,M160/1,21:43:46,6,-1,-1,MX1714,0,1,20
M158/2,M161,21:44:26,6,0,-1,MW2648,0,1,20
M160/1,M158/2,21:44:46,6,-1,-1,MX1714,0,1,20
M125,M135/2,21:45:37,6,-1,1,MX1711,0,1,70
M161,M70,21:45:37,6,0,-1,MW2648,0,1,20
M70,M118,21:46:17,6,0,1,MW2648,0,1,10
M158/2,M161,21:46:27,6,-1,-1,MX1714,0,1,80
M161,M70,21:47:18,6,-1,-1,MX1714,0,1,10
M135/2,M170/2,21:47:48,6,-1,2,MX1711,0,1,70
M70,M118,21:47:58,6,-1,1,MX1714,0,1,20
M170/2,M69/2,21:49:09,6,-1,1,MX1711,0,1,60
M118,M239/9,21:49:29,6,-1,-1,MW2648,0,1,101
M69/2,M160/1,21:50:51,6,-1,-1,MX1711,0,1,42
M118,M239/9,21:51:22,6,-1,-1,MX1714,0,1,102
M160/1,M158/2,21:51:45,6,-1,-1,MX1711,0,1,23
M158/2,M161,21:53:16,6,-1,-1,MX1711,0,1,70
M112,M127,21:53:56,6,-1,1,MX1601,0,1,40
M161,M70,21:53:56,6,-1,-1,MX1711,0,1,10
M70,M118,21:54:47,6,-1,1,MX1711,0,1,30
M7/1,M16/1,21:55:17,6,3,1,MX1240,0,1,171
M127,M125,21:55:17,6,-1,1,MX1601,0,1,30
M16/1,M111,21:57:28,6,3,1,MX1240,0,1,80
M118,M239/9,21:57:28,6,-1,-1,MX1711,0,1,100
M125,M170/2,21:59:09,6,-1,1,MX1601,1,1,171
M111,M112,22:00:53,6,4,1,MX1240,0,1,103
M170/2,M69/2,22:01:13,6,-1,1,MX1601,0,1,52
M112,M127,22:02:13,6,5,1,MX1240,0,1,20
M69/2,M160/1,22:02:13,6,-1,-1,MX1601,0,1,30
M1/9,M7/1,22:02:23,6,2,1,MX1721,0,1,184
M160/1,M158/2,22:03:04,6,-1,-1,MX1601,0,1,10
M127,M125,22:03:44,6,5,1,MX1240,0,1,40
M158/2,M161,22:04:25,6,-1,-1,MX1601,0,1,20
M7/1,M16/1,22:05:46,6,2,1,MX1721,0,1,191
M125,M135/2,22:06:06,6,5,1,MX1240,0,1,101
M161,M70,22:06:06,6,-1,-1,MX1601,0,1,70
M70,M118,22:06:56,6,-1,1,MX1601,0,1,20
M1/9,M7/1,22:07:16,6,3,1,MU9578,0,1,121
M135/2,M170/2,22:07:47,6,5,1,MX1240,0,1,60
M16/1,M111,22:08:17,6,2,1,MX1721,0,1,70
M170/2,M69/2,22:09:08,6,5,1,MX1240,0,1,50
M118,M239/9,22:09:48,6,-1,-1,MX1601,0,1,100
M7/1,M16/1,22:10:28,6,3,1,MU9578,0,1,151
M69/2,M160/1,22:10:28,6,5,-1,MX1240,0,1,40
M111,M112,22:10:59,6,1,1,MX1721,0,1,70
M160/1,M158/2,22:11:29,6,5,-1,MX1240,0,1,20
M158/2,M161,22:12:33,6,5,-1,MX1240,0,1,23
M16/1,M111,22:12:43,6,3,1,MU9578,0,1,33
M112,M127,22:13:54,6,0,1,MX1721,0,1,70
M111,M112,22:14:24,6,3,1,MU9578,0,1,40
M127,M125,22:15:05,6,0,1,MX1721,0,1,30
M161,M70,22:15:05,6,5,-1,MX1240,0,1,111
M112,M127,22:15:35,6,3,1,MU9578,0,1,30
M70,M118,22:15:55,6,5,1,MX1240,0,1,20
M127,M125,22:16:46,6,3,1,MU9578,0,1,30
M125,M135/2,22:17:26,6,0,1,MX1721,0,1,101
M1/9,M7/1,22:18:27,6,-1,1,MX1041,0,1,151
M125,M135/2,22:18:47,6,3,1,MU9578,0,1,80
M135/2,M170/2,22:19:38,6,0,1,MX1721,0,1,80
M118,M239/9,22:19:38,6,-1,-1,MX1240,0,1,111
M135/2,M170/2,22:21:29,6,3,2,MU9578,0,1,111
M7/1,M16/1,22:22:09,6,-1,1,MX1041,0,1,181
M170/2,M69/2,22:22:39,6,0,1,MX1721,0,1,131
M170/2,M69/2,22:23:10,6,3,1,MU9578,0,1,60
M16/1,M111,22:23:32,6,-1,1,MX1041,0,1,32
M69/2,M160/1,22:23:42,6,0,-1,MX1721,0,1,32
M69/2,M160/1,22:24:22,6,3,-1,MU9578,0,1,40
M111,M112,22:25:23,6,-1,1,MX1041,0,1,30
M160/1,M158/2,22:25:23,6,0,-1,MX1721,0,1,20
M160/1,M158/2,22:25:44,6,3,-1,MU9578,0,1,21
M158/2,M161,22:26:15,6,0,-1,MX1721,0,1,10
M1/9,M7/1,22:26:25,6,3,1,MX2037,0,1,122
M158/2,M161,22:26:45,6,3,-1,MU9578,0,1,10
M161,M70,22:26:55,6,0,-1,MX1721,0,1,10
M112,M127,22:27:05,6,-1,1,MX1041,0,1,20
M70,M118,22:27:46,6,0,1,MX1721,0,1,10
M127,M125,22:28:16,6,-1,1,MX1041,0,1,20
M161,M70,22:28:46,6,3,-1,MU9578,0,1,10
M7/1,M16/1,22:29:37,6,3,1,MX2037,0,1,131
M70,M118,22:29:37,6,3,1,MU9578,0,1,20
M125,M135/2,22:30:27,6,-1,1,MX1041,0,1,60
M118,M239/9,22:31:28,6,-1,-1,MX1721,0,1,161
M16/1,M111,22:31:58,6,3,1,MX2037,0,1,50
M135/2,M170/2,22:33:09,6,-1,1,MX1041,0,1,131
M118,M239/9,22:33:19,6,-1,-1,MU9578,0,1,141
M111,M112,22:34:20,6,2,1,MX2037,0,1,90
M170/2,M69/2,22:34:52,6,-1,1,MX1041,0,1,42
M112,M127,22:35:23,6,3,1,MX2037,0,1,10
M127,M125,22:36:23,6,2,1,MX2037,0,1,20
M69/2,M160/1,22:36:23,6,-1,-1,MX1041,0,1,50
M160/1,M158/2,22:37:14,6,-1,-1,MX1041,0,1,10
M7/1,M16/1,22:37:54,6,-1,1,MX1714,0,1,90
M125,M135/2,22:37:54,6,2,1,MX2037,0,1,40
M158/2,M161,22:37:54,6,-1,-1,MX1041,0,1,10
M16/1,M111,22:40:26,6,-1,1,MX1714,0,1,20
M161,M70,22:40:46,6,-1,-1,MX1041,0,1,10
M135/2,M170/2,22:41:06,6,2,1,MX2037,0,1,131
M70,M118,22:41:16,6,-1,1,MX1041,0,1,20
M111,M112,22:42:47,6,-1,1,MX1714,0,1,30
M118,M239/9,22:43:58,6,-1,-1,MX1041,0,1,101
M112,M127,22:44:49,6,-1,1,MX1714,0,1,20
M170/2,M69/2,22:44:49,6,1,1,MX2037,0,1,151
M7/1,M16/1,22:45:29,6,-1,1,MX1711,0,1,131
M127,M125,22:45:39,6,-1,1,MX1714,0,1,20
M69/2,M160/1,22:45:39,6,1,-1,MX2037,0,1,20
M160/1,M158/2,22:46:19,6,1,-1,MX2037,0,1,10
M16/1,M111,22:46:50,6,-1,1,MX1711,0,1,20
M158/2,M161,22:47:10,6,1,-1,MX2037,0,1,20
M125,M135/2,22:47:20,6,-1,1,MX1714,0,1,60
M161,M70,22:47:54,6,1,-1,MX2037,0,1,10
M70,M118,22:48:34,6,1,1,MX2037,0,1,20
M135/2,M170/2,22:49:05,6,-1,1,MX1714,0,1,50
M111,M112,22:49:15,6,-1,1,MX1711,0,1,40
M170/2,M69/2,22:50:46,6,-1,1,MX1714,0,1,40
M112,M127,22:51:26,6,-1,1,MX1711,0,1,30
M69/2,M160/1,22:51:36,6,-1,-1,MX1714,0,1,20
M118,M239/9,22:51:46,6,-1,-1,MX2037,0,1,121
M1/9,M7/1,22:52:06,6,-1,1,MX1601,0,1,121
M160/1,M158/2,22:52:17,6,-1,-1,MX1714,0,1,10
M127,M125,22:52:27,6,-1,1,MX1711,0,1,30
M125,M135/2,22:53:47,6,-1,1,MX1711,0,1,30
M158/2,M161,22:54:28,6,-1,-1,MX1714,0,1,100
M7/1,M16/1,22:55:08,6,-1,1,MX1601,0,1,141
M161,M70,22:55:18,6,-1,-1,MX1714,0,1,20
M135/2,M170/2,22:55:28,6,-1,1,MX1711,0,1,60
M70,M118,22:55:50,6,-1,1,MX1714,0,1,10
M170/2,M69/2,22:57:12,6,-1,1,MX1711,0,1,61
M16/1,M111,22:57:22,6,-1,1,MX1601,0,1,61
M69/2,M160/1,22:58:04,6,-1,-1,MX1711,0,1,30
M118,M239/9,22:58:34,6,-1,-1,MX1714,0,1,92
M111,M112,22:58:44,6,-1,1,MX1601,0,1,30
M160/1,M158/2,22:59:55,6,-1,-1,MX1711,0,1,20
M112,M127,23:00:35,6,-1,1,MX1601,0,1,60
M158/2,M161,23:01:36,6,-1,-1,MX1711,0,1,70
M127,M125,23:01:56,6,-1,1,MX1601,0,1,20
M161,M70,23:02:06,6,-1,-1,MX1711,0,1,10
M70,M118,23:02:47,6,-1,1,MX1711,0,1,20
M125,M135/2,23:03:47,6,-1,1,MX1601,0,1,50
M118,M239/9,23:05:18,6,-1,-1,MX1711,0,1,111
M135/2,M170/2,23:07:09,6,-1,2,MX1601,0,1,191
M7/1,M16/1,23:08:05,6,1,1,MX1240,0,1,156
M170/2,M69/2,23:09:16,6,-1,1,MX1601,0,1,70
M69/2,M160/1,23:10:16,6,-1,-1,MX1601,0,1,30
M16/1,M111,23:10:26,6,1,1,MX1240,0,1,40
M1/9,M7/1,23:11:07,6,1,2,MX1721,0,1,171
M160/1,M158/2,23:11:07,6,-1,-1,MX1601,0,1,10
M111,M112,23:12:58,6,1,1,MX1240,0,1,90
M158/2,M161,23:13:48,6,-1,-1,MX1601,0,1,111
M7/1,M16/1,23:14:19,6,2,2,MX1721,0,1,131
M161,M70,23:14:49,6,-1,-1,MX1601,0,1,20
M112,M127,23:15:09,6,1,1,MX1240,0,1,60
M70,M118,23:15:29,6,-1,1,MX1601,0,1,30
M1/9,M7/1,23:16:00,6,1,1,MU9578,0,1,131
M127,M125,23:16:00,6,1,1,MX1240,0,1,30
M16/1,M111,23:16:42,6,2,1,MX1721,0,1,72
M118,M239/9,23:17:33,6,-1,-1,MX1601,0,1,82
M111,M112,23:18:03,6,1,1,MX1721,0,1,30
M125,M135/2,23:18:03,6,2,1,MX1240,0,1,50
M7/1,M16/1,23:19:45,6,1,1,MU9578,0,1,192
M112,M127,23:19:55,6,1,1,MX1721,0,1,20
M127,M125,23:21:06,6,0,1,MX1721,0,1,30
M135/2,M170/2,23:21:26,6,2,1,MX1240,0,1,121
M125,M135/2,23:22:47,6,0,1,MX1721,0,1,40
M16/1,M111,23:23:07,6,1,1,MU9578,0,1,161
M170/2,M69/2,23:23:07,6,2,1,MX1240,0,1,60
M69/2,M160/1,23:24:28,6,2,-1,MX1240,0,1,40
M111,M112,23:24:38,6,1,1,MU9578,0,1,30
M135/2,M170/2,23:25:19,6,0,2,MX1721,0,1,100
M160/1,M158/2,23:25:19,6,2,-1,MX1240,0,1,10
M158/2,M161,23:26:19,6,2,-1,MX1240,0,1,30
M112,M127,23:26:39,6,1,1,MU9578,0,1,50
M127,M125,23:27:44,6,2,1,MU9578,0,1,34
M161,M70,23:28:04,6,2,-1,MX1240,0,1,74
M170/2,M69/2,23:28:34,6,0,1,MX1721,0,1,145
M1/9,M7/1,23:28:45,6,-1,1,MX1041,0,1,115
M70,M118,23:28:45,6,2,1,MX1240,0,1,20
M125,M135/2,23:29:35,6,2,1,MU9578,0,1,60
M69/2,M160/1,23:29:35,6,0,-1,MX1721,0,1,30
M118,M239/9,23:31:06,6,-1,-1,MX1240,0,1,100
M135/2,M170/2,23:31:16,6,2,1,MU9578,0,1,70
M7/1,M16/1,23:32:27,6,-1,1,MX1041,0,1,161
M158/2,M161,23:32:37,6,0,-1,MX1721,0,1,80
M170/2,M69/2,23:33:07,6,1,1,MU9578,0,1,50
M1/9,M7/1,23:33:27,6,0,1,MX2037,0,1,101
M16/1,M111,23:33:58,6,-1,1,MX1041,0,1,20
M69/2,M160/1,23:33:58,6,1,-1,MU9578,0,1,20
M70,M118,23:33:58,6,0,1,MX1721,0,1,20
M160/1,M158/2,23:34:58,6,1,-1,MU9578,0,1,10
M111,M112,23:35:49,6,-1,1,MX1041,0,1,40
M158/2,M161,23:36:09,6,1,-1,MU9578,0,1,20
M7/1,M16/1,23:36:39,6,1,1,MX2037,0,1,151
M112,M127,23:36:39,6,-1,1,MX1041,0,1,20
M118,M239/9,23:36:49,6,-1,-1,MX1721,0,1,90
M161,M70,23:37:20,6,1,-1,MU9578,0,1,20
M127,M125,23:37:30,6,-1,1,MX1041,0,1,20
M70,M118,23:37:50,6,1,1,MU9578,0,1,20
M16/1,M111,23:38:00,6,1,1,MX2037,0,1,20
M125,M135/2,23:39:23,6,-1,1,MX1041,0,1,62
M111,M112,23:40:25,6,1,1,MX2037,0,1,81
M118,M239/9,23:40:55,6,-1,-1,MU9578,0,1,91
M135/2,M170/2,23:41:35,6,-1,1,MX1041,0,1,101
M112,M127,23:41:46,6,1,1,MX2037,0,1,50
M127,M125,23:42:46,6,1,1,MX2037,0,1,20
M170/2,M69/2,23:43:06,6,-1,1,MX1041,0,1,50
M69/2,M160/1,23:44:08,6,-1,-1,MX1041,0,1,30
M125,M135/2,23:44:58,6,0,1,MX2037,0,1,91
M160/1,M158/2,23:44:58,6,-1,-1,MX1041,0,1,10
M158/2,M161,23:45:49,6,-1,-1,MX1041,0,1,10
M161,M70,23:47:09,6,-1,-1,MX1041,0,1,10
M135/2,M170/2,23:47:20,6,0,1,MX2037,0,1,111
M7/1,M16/1,23:47:43,6,-1,1,MX1714,0,1,154
M70,M118,23:47:43,6,-1,1,MX1041,0,1,23
M16/1,M111,23:48:33,6,-1,1,MX1714,0,1,20
M170/2,M69/2,23:48:54,6,0,1,MX2037,0,1,50
M69/2,M160/1,23:49:54,6,0,-1,MX2037,0,1,20
M111,M112,23:50:04,6,-1,1,MX1714,0,1,40
M118,M239/9,23:50:04,6,-1,-1,MX1041,0,1,90
M1/9,M7/1,23:50:55,6,-1,1,MX1711,0,1,60
M112,M127,23:50:55,6,-1,1,MX1714,0,1,20
M160/1,M158/2,23:50:55,6,0,-1,MX2037,0,1,10
M158/2,M161,23:51:45,6,0,-1,MX2037,0,1,20
M127,M125,23:51:56,6,-1,1,MX1714,0,1,30
M161,M70,23:52:06,6,0,-1,MX2037,0,1,10
M70,M118,23:52:36,6,0,1,MX2037,0,1,20
M125,M135/2,23:53:16,6,-1,1,MX1714,0,1,40
M7/1,M16/1,23:53:57,6,-1,1,MX1711,0,1,151
M118,M239/9,23:54:07,6,-1,-1,MX2037,0,1,80
M16/1,M111,23:55:07,6,-1,1,MX1711,0,1,20
M135/2,M170/2,23:55:18,6,-1,1,MX1714,0,1,80
M111,M112,23:56:28,6,-1,1,MX1711,0,1,40
M170/2,M69/2,23:56:59,6,-1,1,MX1714,0,1,50
M112,M127,23:57:19,6,-1,1,MX1711,0,1,10
M127,M125,23:58:09,6,-1,1,MX1711,0,1,20
M69/2,M160/1,23:58:19,6,-1,-1,MX1714,0,1,30
M160/1,M158/2,23:59:00,6,-1,-1,MX1714,0,1,10
M125,M135/2,23:59:40,6,-1,1,MX1711,0,1,50
M158/2,M161,0:00:21,0,-1,-1,MX1714,0,1,60
M1/9,M7/1,0:00:53,0,-1,1,MX1601,0,1,103
M135/2,M170/2,0:00:53,0,-1,1,MX1711,0,1,52
M161,M70,0:00:53,0,-1,-1,MX1714,0,1,10
M70,M118,0:01:33,0,-1,1,MX1714,0,1,20
M170/2,M69/2,0:02:34,0,-1,1,MX1711,0,1,60
M7/1,M16/1,0:03:35,0,-1,1,MX1601,0,1,121
M69/2,M160/1,0:03:35,0,-1,-1,MX1711,0,1,30
M118,M239/9,0:03:55,0,-1,-1,MX1714,0,1,90
M160/1,M158/2,0:04:45,0,-1,-1,MX1711,0,1,20
M158/2,M161,0:05:46,0,-1,-1,MX1711,0,1,30
M16/1,M111,0:05:56,0,-1,2,MX1601,0,1,80
M161,M70,0:06:36,0,-1,-1,MX1711,0,1,10
M70,M118,0:07:17,0,-1,1,MX1711,0,1,20
M111,M112,0:07:37,0,-1,1,MX1601,0,1,30
M118,M239/9,0:09:08,0,-1,-1,MX1711,0,1,100
M127,M125,0:09:18,0,-1,1,MX1601,0,1,20
M125,M135/2,0:10:49,0,-1,1,MX1601,0,1,20
M7/1,M16/1,0:11:50,0,1,1,MX1240,0,1,181
M1/9,M7/1,0:12:34,0,0,1,MX1721,0,1,175
M135/2,M170/2,0:12:34,0,-1,1,MX1601,0,1,54
M16/1,M111,0:14:05,0,1,1,MX1240,0,1,80
M170/2,M69/2,0:14:55,0,-1,1,MX1601,0,1,121
M7/1,M16/1,0:15:36,0,0,1,MX1721,0,1,131
M111,M112,0:15:46,0,1,1,MX1240,0,1,40
M69/2,M160/1,0:15:56,0,-1,-1,MX1601,0,1,20
M160/1,M158/2,0:16:26,0,-1,-1,MX1601,0,1,10
M112,M127,0:16:46,0,1,1,MX1240,0,1,20
M16/1,M111,0:17:47,0,0,1,MX1721,0,1,70
M127,M125,0:17:47,0,1,1,MX1240,0,1,20
M158/2,M161,0:17:47,0,-1,-1,MX1601,0,1,40
M1/9,M7/1,0:18:17,0,1,1,MU9578,0,1,131
M161,M70,0:18:27,0,-1,-1,MX1601,0,1,10
M111,M112,0:18:48,0,0,1,MX1721,0,1,30
M70,M118,0:19:18,0,-1,1,MX1601,0,1,20
M112,M127,0:19:28,0,0,1,MX1721,0,1,10
M125,M135/2,0:20:19,0,2,1,MX1240,0,1,121
M127,M125,0:20:29,0,0,1,MX1721,0,1,30
M118,M239/9,0:21:19,0,-1,-1,MX1601,0,1,90
M7/1,M16/1,0:21:39,0,1,1,MU9578,0,1,161
M125,M135/2,0:21:50,0,0,1,MX1721,0,1,30
M135/2,M170/2,0:22:10,0,2,2,MX1240,0,1,60
M135/2,M170/2,0:23:24,0,0,2,MX1721,0,1,50
M16/1,M111,0:23:34,0,1,1,MU9578,0,1,104
M170/2,M69/2,0:24:25,0,2,1,MX1240,0,1,111
M170/2,M69/2,0:24:46,0,0,1,MX1721,0,1,51
M111,M112,0:25:27,0,1,1,MU9578,0,1,40
M69/2,M160/1,0:25:27,0,2,-1,MX1240,0,1,30
M69/2,M160/1,0:25:57,0,0,-1,MX1721,0,1,40
M160/1,M158/2,0:26:07,0,2,-1,MX1240,0,1,10
M112,M127,0:26:27,0,1,1,MU9578,0,1,20
M160/1,M158/2,0:26:37,0,0,-1,MX1721,0,1,10
M1/9,M7/1,0:26:57,0,-1,1,MX2063,0,1,162
M127,M125,0:27:18,0,1,1,MU9578,0,1,30
M158/2,M161,0:27:58,0,2,-1,MX1240,0,1,90
M158/2,M161,0:28:08,0,0,-1,MX1721,0,1,30
M125,M135/2,0:28:28,0,1,1,MU9578,0,1,30
M161,M70,0:28:40,0,2,-1,MX1240,0,1,11
M161,M70,0:28:50,0,0,-1,MX1721,0,1,21
M70,M118,0:29:10,0,2,1,MX1240,0,1,20
M70,M118,0:29:10,0,0,1,MX1721,0,1,10
M7/1,M16/1,0:29:54,0,-1,1,MX2063,0,1,136
M135/2,M170/2,0:30:05,0,1,1,MU9578,0,1,64
M118,M239/9,0:30:55,0,-1,-1,MX1240,0,1,80
M118,M239/9,0:30:55,0,-1,-1,MX1721,0,1,80
M16/1,M111,0:31:46,0,-1,1,MX2063,0,1,40
M170/2,M69/2,0:32:36,0,1,1,MU9578,0,1,141
M111,M112,0:33:16,0,-1,1,MX2063,0,1,40
M69/2,M160/1,0:33:37,0,1,-1,MU9578,0,1,30
M112,M127,0:34:07,0,-1,1,MX2063,0,1,10
M160/1,M158/2,0:34:17,0,1,-1,MU9578,0,1,10
M127,M125,0:34:58,0,-1,1,MX2063,0,1,20
M158/2,M161,0:35:08,0,1,-1,MU9578,0,1,40
M161,M70,0:35:28,0,1,-1,MU9578,0,1,10
M1/9,M7/1,0:35:48,0,-1,1,MX1041,0,1,141
M125,M135/2,0:36:18,0,-1,1,MX2063,0,1,40
M70,M118,0:36:18,0,1,1,MU9578,0,1,20
M135/2,M170/2,0:37:39,0,-1,1,MX2063,0,1,50
M118,M239/9,0:38:40,0,-1,-1,MU9578,0,1,101
M1/9,M7/1,0:38:50,0,0,1,MX2037,0,1,141
M7/1,M16/1,0:39:00,0,-1,1,MX1041,0,1,151
M170/2,M69/2,0:39:00,0,-1,1,MX2063,0,1,40
M16/1,M111,0:40:12,0,-1,1,MX1041,0,1,20
M69/2,M160/1,0:40:34,0,-1,-1,MX2063,0,1,52
M160/1,M158/2,0:41:14,0,-1,-1,MX2063,0,1,10
M111,M112,0:41:24,0,-1,1,MX1041,0,1,30
M7/1,M16/1,0:41:55,0,0,1,MX2037,0,1,154
M112,M127,0:42:15,0,-1,1,MX1041,0,1,20
M16/1,M111,0:42:25,0,0,1,MX2037,0,1,20
M158/2,M161,0:42:35,0,-1,-1,MX2063,0,1,40
M127,M125,0:42:55,0,-1,1,MX1041,0,1,20
M125,M135/2,0:44:07,0,-1,1,MX1041,0,1,30
M111,M112,0:44:27,0,0,1,MX2037,0,1,60
M161,M118,0:44:27,0,-1,1,MX2063,1,1,60
M1/9,M7/1,0:44:37,0,-1,1,MX1714,0,1,122
M112,M127,0:45:08,0,0,1,MX2037,0,1,10
M135/2,M170/2,0:45:38,0,-1,2,MX1041,0,1,50
M127,M125,0:45:58,0,0,1,MX2037,0,1,20
M170/2,M69/2,0:46:49,0,-1,1,MX1041,0,1,40
M7/1,M16/1,0:47:29,0,-1,1,MX1714,0,1,141
M125,M135/2,0:47:29,0,0,1,MX2037,0,1,40
M69/2,M160/1,0:47:29,0,-1,-1,MX1041,0,1,10
M118,M239/9,0:47:29,0,-1,-1,MX2063,0,1,121
M160/1,M158/2,0:48:20,0,-1,-1,MX1041,0,1,10
M16/1,M111,0:48:47,0,-1,1,MX1714,0,1,27
M135/2,M170/2,0:49:07,0,0,2,MX2037,0,1,57
M70,M118,0:49:48,0,-1,1,MX1041,0,1,10
M170/2,M69/2,0:50:08,0,0,1,MX2037,0,2,40
M1/9,M7/1,0:50:38,0,-1,1,MX1711,0,2,111
M111,M112,0:50:48,0,-1,1,MX1714,0,2,40
M69/2,M160/1,0:51:09,0,0,-1,MX2037,0,2,20
M112,M127,0:51:39,0,-1,1,MX1714,0,2,10
M160/1,M158/2,0:51:49,0,0,-1,MX2037,0,2,20
M118,M239/9,0:52:09,0,-1,-1,MX1041,0,2,90
M127,M125,0:52:19,0,-1,1,MX1714,0,2,30
M158/2,M161,0:52:30,0,0,-1,MX2037,0,2,10
M125,M135/2,0:53:42,0,-1,1,MX1714,0,2,32
M7/1,M16/1,0:53:52,0,-1,1,MX1711,0,2,163
M70,M118,0:54:53,0,0,1,MX2037,0,2,10
M16/1,M111,0:55:03,0,-1,1,MX1711,0,2,20
M135/2,M170/2,0:55:13,0,-1,1,MX1714,0,2,60
M170/2,M69/2,0:56:24,0,-1,1,MX1714,0,2,30
M69/2,M160/1,0:57:04,0,-1,-1,MX1714,0,2,20
M111,M112,0:57:24,0,-1,1,MX1711,0,2,60
M118,M239/9,0:57:24,0,-1,-1,MX2037,0,2,100
M160/1,M158/2,0:57:55,0,-1,-1,MX1714,0,2,20
M112,M127,0:58:15,0,-1,1,MX1711,0,2,20
M127,M125,0:58:45,0,-1,1,MX1711,0,2,20
M158/2,M161,0:59:25,0,-1,-1,MX1714,0,2,80
M125,M135/2,1:00:06,0,-1,1,MX1711,0,2,60
M70,M118,1:00:26,0,-1,1,MX1714,0,2,20
M1/9,M7/1,1:00:56,0,-1,1,MX1601,0,2,101
M135/2,M170/2,1:01:47,0,-1,1,MX1711,0,2,70
M118,M239/9,1:02:27,0,-1,-1,MX1714,0,2,60
M170/2,M69/2,1:02:58,0,-1,1,MX1711,0,2,40
M69/2,M160/1,1:03:48,0,-1,-1,MX1711,0,2,30
M7/1,M16/1,1:04:18,0,-1,1,MX1601,0,2,171
M160/1,M158/2,1:04:18,0,-1,-1,MX1711,0,2,20
M16/1,M111,1:05:29,0,-1,1,MX1601,0,2,10
M158/2,M161,1:06:20,0,-1,-1,MX1711,0,2,90
M111,M112,1:06:44,0,-1,1,MX1601,0,2,24
M70,M118,1:07:04,0,-1,1,MX1711,0,2,20
M112,M127,1:07:34,0,-1,1,MX1601,0,2,10
M127,M125,1:08:35,0,-1,1,MX1601,0,2,20
M118,M239/9,1:09:25,0,-1,-1,MX1711,0,2,80
M7/1,M16/1,1:09:35,0,1,1,MX1240,0,2,131
M125,M135/2,1:10:26,0,-1,1,MX1601,0,2,90
M135/2,M170/2,1:11:37,0,-1,1,MX1601,0,2,40
M16/1,M111,1:11:57,0,1,1,MX1240,0,2,80
M111,M112,1:13:28,0,1,1,MX1240,0,2,50
M170/2,M69/2,1:13:58,0,-1,1,MX1601,0,2,111
M112,M127,1:14:18,0,1,1,MX1240,0,2,10
M69/2,M160/1,1:14:49,0,-1,-1,MX1601,0,2,20
M127,M125,1:15:09,0,1,1,MX1240,0,2,20
M125,M135/2,1:16:34,0,1,1,MX1240,0,2,44
M158/2,M161,1:16:34,0,-1,-1,MX1601,0,2,34
M1/9,M7/1,1:16:54,0,0,1,MX1721,0,2,85
M161,M70,1:16:54,0,-1,-1,MX1601,0,2,10
M70,M118,1:17:15,0,-1,1,MX1601,0,2,10
M135/2,M170/2,1:17:55,0,1,1,MX1240,0,2,50
M7/1,M16/1,1:18:36,0,0,1,MX1721,0,2,81
M118,M239/9,1:18:57,0,-1,-1,MX1601,0,2,71
M16/1,M111,1:19:47,0,0,1,MX1721,0,2,30
M170/2,M69/2,1:20:27,0,1,1,MX1240,0,2,122
M111,M112,1:20:58,0,0,1,MX1721,0,2,40
M69/2,M160/1,1:21:18,0,1,-1,MX1240,0,2,20
M160/1,M158/2,1:21:48,0,1,-1,MX1240,0,2,10
M112,M127,1:22:08,0,0,1,MX1721,0,2,20
M158/2,M161,1:22:19,0,1,-1,MX1240,0,2,10
M161,M70,1:23:50,0,1,-1,MX1240,0,2,30
M125,M135/2,1:24:00,0,0,1,MX1721,0,2,60
M70,M118,1:24:34,0,1,1,MX1240,0,2,33
M135/2,M170/2,1:25:45,0,0,2,MX1721,0,2,94
M170/2,M69/2,1:26:55,0,0,1,MX1721,0,2,10
M118,M239/9,1:27:05,0,-1,-1,MX1240,0,2,101
M69/2,M158/2,1:28:36,0,0,-1,MX1721,1,2,80
M158/2,M161,1:29:37,0,0,-1,MX1721,0,2,20
M161,M70,1:30:58,0,0,-1,MX1721,0,2,50
M118,M239/9,1:33:29,0,-1,-1,MX1721,0,2,90
