startStation,endStation,time,weekday,passengerFlow,trafficCondition,busPlate,passbyNum,weather,arrivalDuration
8,9,0:01:13,0,-1,1,AA6835,0,2,123
9,10,0:01:43,0,-1,1,AA6835,0,2,20
10,11,0:05:05,0,-1,1,AA6835,0,2,60
11,12,0:05:35,0,-1,1,AA6835,0,2,20
12,13,0:06:46,0,-1,1,AA6835,0,2,50
13,14,0:08:27,0,-1,1,AA6835,0,2,50
14,15,0:09:38,0,-1,-1,AA6835,0,2,60
15,16,0:11:49,0,-1,1,AA6835,0,2,111
16,17,0:18:57,0,-1,1,AA6835,0,2,376
17,18,0:19:58,0,-1,1,AA6835,0,2,20
18,19,0:25:04,0,-1,2,AA6835,0,2,295
19,20,0:27:35,0,-1,1,AA6835,0,2,111
20,21,0:29:27,0,-1,1,AA6835,0,2,90
21,22,0:31:58,0,-1,-1,AA6835,0,2,90
0,1,0:49:21,0,-1,-1,AA6835,0,2,61
1,2,0:51:24,0,-1,1,AA6835,0,2,102
2,3,0:53:05,0,-1,1,AA6835,0,2,40
3,4,0:55:06,0,-1,1,AA6835,0,2,80
4,5,0:57:38,0,-1,1,AA6835,0,2,111
5,6,0:58:39,0,-1,1,AA6835,0,2,20
6,7,1:06:57,0,-1,1,AA6835,0,2,478
7,8,1:08:28,0,-1,-1,AA6835,0,2,80
8,9,1:09:29,0,-1,1,AA6835,0,2,40
9,10,1:10:10,0,-1,-1,AA6835,0,2,20
10,11,1:11:44,0,-1,-1,AA6835,0,2,50
11,12,1:12:24,0,-1,-1,AA6835,0,2,30
12,13,1:13:46,0,-1,-1,AA6835,0,2,60
13,14,1:14:46,0,-1,-1,AA6835,0,2,40
14,15,1:15:47,0,-1,-1,AA6835,0,2,30
15,16,1:17:38,0,-1,1,AA6835,0,2,80
16,17,1:24:14,0,-1,1,AA6835,0,2,366
17,18,1:24:55,0,-1,1,AA6835,0,2,20
18,19,1:29:08,0,-1,2,AA6835,0,2,233
19,20,1:30:49,0,-1,1,AA6835,0,2,50
20,21,1:32:10,0,-1,1,AA6835,0,2,70
21,22,1:33:42,0,-1,-1,AA6835,0,2,81
0,1,6:39:30,0,-1,-1,AA6835,0,2,80
1,2,6:41:35,0,-1,2,AA6835,0,2,104
2,3,6:43:26,0,-1,2,AA6835,0,2,40
3,4,6:45:17,0,-1,1,AA6835,0,2,50
4,5,6:48:19,0,-1,1,AA6835,0,2,131
5,6,6:49:42,0,-1,1,AA6835,0,2,22
6,7,6:59:06,0,-1,1,AA6835,0,2,539
7,8,7:01:38,0,-1,2,AA6835,0,2,141
8,9,7:02:58,0,-1,1,AA6835,0,2,50
9,10,7:03:49,0,-1,1,AA6835,0,2,20
10,11,7:05:42,0,-1,1,AA6835,0,2,91
11,12,7:06:32,0,-1,1,AA6835,0,2,20
12,13,7:07:53,0,-1,1,AA6835,0,2,50
13,14,7:08:43,0,-1,1,AA6835,0,2,30
14,15,7:09:54,0,-1,-1,AA6835,0,2,40
15,16,7:12:36,0,-1,1,AA6835,0,2,141
16,17,7:19:00,0,-1,1,AA6835,0,2,363
17,18,7:20:02,0,-1,1,AA6835,0,2,30
18,19,7:24:17,0,-1,2,AA6835,0,2,244
19,20,7:25:48,0,-1,1,AA6835,0,2,30
20,21,7:29:33,0,-1,1,AA6835,0,2,215
21,22,7:31:25,0,-1,-1,AA6835,0,2,80
0,1,7:48:06,0,-1,-1,AA6835,0,2,50
1,2,7:50:38,0,-1,3,AA6835,0,2,131
2,3,7:54:04,0,-1,3,AA6835,0,2,104
3,4,7:58:17,0,-1,1,AA6835,0,2,111
4,5,8:02:19,0,-1,1,AA6835,0,2,151
5,6,8:03:42,0,-1,1,AA6835,0,2,30
6,7,8:12:49,0,-1,1,AA6835,0,2,536
7,8,8:14:54,0,-1,2,AA6835,0,2,115
8,9,8:17:26,0,-1,1,AA6835,0,2,131
9,10,8:18:06,0,-1,1,AA6835,0,2,30
10,11,8:20:38,0,-1,1,AA6835,0,2,141
11,12,8:21:49,0,-1,1,AA6835,0,2,30
12,13,8:25:37,0,-1,1,AA6835,0,2,157
13,14,8:26:58,0,-1,2,AA6835,0,2,50
14,15,8:28:39,0,-1,-1,AA6835,0,2,50
15,16,8:31:55,0,-1,-1,AA6835,0,2,185
16,17,8:38:50,0,-1,1,AA6835,0,2,384
17,18,8:42:16,0,-1,1,AA6835,0,2,161
18,19,8:49:26,0,-1,3,AA6835,0,2,409
19,20,8:55:10,0,-1,2,AA6835,0,2,273
20,21,8:59:26,0,-1,1,AA6835,0,2,161
21,22,9:01:38,0,-1,-1,AA6835,0,2,90
0,1,9:08:54,0,-1,-1,AA6835,0,2,84
1,2,9:10:36,0,-1,3,AA6835,0,2,91
2,3,9:13:28,0,-1,3,AA6835,0,2,161
3,4,9:16:19,0,-1,1,AA6835,0,2,121
4,5,9:20:03,0,-1,1,AA6835,0,2,162
5,6,9:21:54,0,-1,-1,AA6835,0,2,20
6,7,9:32:46,0,-1,1,AA6835,0,2,641
7,8,9:34:37,0,-1,2,AA6835,0,2,101
8,9,9:36:08,0,-1,1,AA6835,0,2,50
9,10,9:37:09,0,-1,1,AA6835,0,2,20
10,11,9:39:50,0,-1,1,AA6835,0,2,141
11,12,9:40:44,0,-1,1,AA6835,0,2,23
12,13,9:42:15,0,-1,1,AA6835,0,2,70
13,14,9:43:25,0,-1,1,AA6835,0,2,40
14,15,9:44:47,0,-1,-1,AA6835,0,2,30
15,16,9:46:48,0,-1,1,AA6835,0,2,70
16,17,9:54:17,0,-1,1,AA6835,0,2,398
17,18,9:55:07,0,-1,1,AA6835,0,2,10
18,19,10:00:05,0,-1,2,AA6835,0,2,277
19,20,10:03:27,0,-1,1,AA6835,0,2,182
20,21,10:06:29,0,-1,1,AA6835,0,2,161
21,22,10:08:44,0,-1,-1,AA6835,0,2,93
0,1,10:47:04,0,-1,-1,AA6835,0,2,20
1,2,10:49:07,0,-1,2,AA6835,0,2,51
2,4,10:54:26,0,-1,1,AA6835,1,2,228
4,5,10:58:49,0,-1,1,AA6835,0,2,182
5,6,11:00:34,0,-1,1,AA6835,0,2,33
6,7,11:11:57,0,-1,1,AA6835,0,2,673
7,8,11:14:09,0,-1,2,AA6835,0,2,101
8,9,11:15:44,0,-1,1,AA6835,0,2,64
9,10,11:16:35,0,-1,1,AA6835,0,2,40
10,11,11:19:48,0,-1,1,AA6835,0,2,162
11,12,11:20:48,0,-1,1,AA6835,0,2,30
12,13,11:21:59,0,-1,1,AA6835,0,2,60
13,14,11:23:10,0,-1,1,AA6835,0,2,40
14,15,11:24:45,0,-1,-1,AA6835,0,2,40
15,16,11:28:08,0,-1,1,AA6835,0,2,162
16,17,11:35:36,0,-1,1,AA6835,0,2,387
17,18,11:36:57,0,-1,1,AA6835,0,2,30
18,19,11:42:20,0,-1,3,AA6835,0,2,313
19,20,11:45:25,0,-1,1,AA6835,0,2,112
20,21,11:48:58,0,-1,1,AA6835,0,2,181
21,22,11:50:39,0,-1,-1,AA6835,0,2,91
0,1,11:59:48,0,-1,-1,AA6835,0,2,30
1,2,12:03:00,0,-1,2,AA6835,0,2,111
2,3,12:05:36,0,-1,2,AA6835,0,2,91
3,4,12:06:47,0,-1,1,AA6835,0,2,20
4,5,12:11:00,0,-1,1,AA6835,0,2,161
5,6,12:12:45,0,-1,1,AA6835,0,2,30
6,7,12:23:54,0,-1,1,AA6835,0,2,659
7,8,12:25:36,0,-1,2,AA6835,0,2,91
8,9,12:27:27,0,-1,1,AA6835,0,2,101
9,10,12:28:17,0,-1,1,AA6835,0,2,20
10,11,12:30:49,0,-1,1,AA6835,0,2,131
11,12,12:31:50,0,-1,1,AA6835,0,2,20
12,13,12:34:16,0,-1,1,AA6835,0,2,81
13,14,12:35:17,0,-1,1,AA6835,0,2,40
14,15,12:36:28,0,-1,-1,AA6835,0,2,60
15,16,12:39:10,0,-1,1,AA6835,0,2,90
16,17,12:46:18,0,-1,1,AA6835,0,2,375
17,18,12:48:00,0,-1,1,AA6835,0,2,31
18,19,12:54:07,0,-1,2,AA6835,0,2,346
19,20,12:56:48,0,-1,1,AA6835,0,2,141
20,21,12:58:50,0,-1,1,AA6835,0,2,111
21,22,13:00:43,0,-1,-1,AA6835,0,2,82
0,1,13:16:25,0,-1,-1,AA6835,0,2,60
1,2,13:17:56,0,-1,3,AA6835,0,2,40
2,3,13:19:47,0,-1,2,AA6835,0,2,20
3,4,13:21:48,0,-1,1,AA6835,0,2,111
4,5,13:25:34,0,-1,1,AA6835,0,2,144
5,6,13:27:25,0,-1,1,AA6835,0,2,20
6,7,13:37:04,0,-1,2,AA6835,0,2,558
7,8,13:38:55,0,-1,2,AA6835,0,2,100
8,9,13:40:37,0,-1,1,AA6835,0,2,60
9,10,13:41:28,0,-1,1,AA6835,0,2,30
10,11,13:43:49,0,-1,1,AA6835,0,2,131
11,12,13:44:44,0,-1,1,AA6835,0,2,44
12,13,13:47:07,0,-1,1,AA6835,0,2,102
13,14,13:48:18,0,-1,1,AA6835,0,2,40
14,15,13:49:59,0,-1,-1,AA6835,0,2,80
15,16,13:53:03,0,-1,1,AA6835,0,2,143
16,17,13:59:58,0,-1,1,AA6835,0,2,375
17,18,14:01:50,0,-1,1,AA6835,0,2,40
18,19,14:09:58,0,-1,3,AA6835,0,2,478
19,22,14:20:54,0,-1,-1,AA6835,2,2,554
0,1,14:29:39,0,-1,-1,AA6835,0,2,60
1,2,14:31:34,0,-1,3,AA6835,0,2,13
2,3,14:33:05,0,-1,2,AA6835,0,2,20
3,4,14:35:06,0,-1,1,AA6835,0,2,60
4,5,14:39:19,0,-1,1,AA6835,0,2,151
5,6,14:41:00,0,-1,1,AA6835,0,2,30
6,7,14:53:52,0,-1,1,AA6835,0,2,752
7,8,14:56:24,0,-1,2,AA6835,0,2,141
8,9,14:58:06,0,-1,1,AA6835,0,2,61
10,11,15:00:48,0,-1,1,AA6835,0,2,30
11,12,15:01:39,0,-1,1,AA6835,0,2,40
12,13,15:04:53,0,-1,1,AA6835,0,2,113
13,14,15:06:04,0,-1,2,AA6835,0,2,30
14,15,15:07:25,0,-1,-1,AA6835,0,2,50
15,16,15:10:18,0,-1,1,AA6835,0,2,141
16,17,15:18:26,0,-1,1,AA6835,0,2,438
17,18,15:20:07,0,-1,1,AA6835,0,2,40
18,19,15:27:07,0,-1,2,AA6835,0,2,409
19,20,15:30:49,0,-1,1,AA6835,0,2,151
20,21,15:34:01,0,-1,1,AA6835,0,2,182
21,22,15:36:44,0,-1,-1,AA6835,0,2,91
0,1,15:50:17,0,-1,-1,AA6835,0,2,123
1,2,15:51:37,0,-1,2,AA6835,0,2,50
2,3,15:53:19,0,-1,2,AA6835,0,2,50
3,4,15:55:14,0,-1,1,AA6835,0,2,30
4,5,15:58:46,0,-1,1,AA6835,0,2,141
5,6,16:00:07,0,-1,1,AA6835,0,2,20
6,8,16:15:01,0,-1,2,AA6835,1,2,884
8,9,16:16:25,0,-1,1,AA6835,0,2,50
9,11,16:20:32,0,-1,1,AA6835,1,2,216
11,12,16:21:23,0,-1,1,AA6835,0,2,20
12,13,16:23:35,0,-1,1,AA6835,0,2,101
13,14,16:25:17,0,-1,2,AA6835,0,2,61
14,15,16:27:43,0,-1,-1,AA6835,0,2,93
15,16,16:31:16,0,-1,1,AA6835,0,2,193
16,17,16:39:05,0,-1,1,AA6835,0,2,418
17,18,16:40:16,0,-1,-1,AA6835,0,2,40
18,19,16:49:28,0,-1,3,AA6835,0,2,541
19,20,16:51:59,0,-1,-1,AA6835,0,2,60
20,21,16:57:57,0,-1,1,AA6835,0,2,323
21,22,17:00:39,0,-1,-1,AA6835,0,2,111
0,1,17:07:05,0,-1,-1,AA6835,0,2,60
1,3,17:11:49,0,-1,2,AA6835,1,2,273
3,4,17:14:19,0,-1,1,AA6835,0,2,79
4,5,17:18:17,0,-1,1,AA6835,0,2,163
5,6,17:19:38,0,-1,1,AA6835,0,2,30
6,8,17:32:28,0,-1,2,AA6835,1,2,759
8,9,17:33:29,0,-1,1,AA6835,0,2,30
9,10,17:34:50,0,-1,1,AA6835,0,2,40
10,11,17:38:35,0,-1,1,AA6835,0,2,195
11,12,17:39:46,0,-1,1,AA6835,0,2,30
12,13,17:41:04,0,-1,1,AA6835,0,2,68
13,14,17:41:55,0,-1,1,AA6835,0,2,40
14,15,17:44:48,0,-1,-1,AA6835,0,2,152
15,16,17:47:53,0,-1,1,AA6835,0,2,154
16,17,17:55:30,0,-1,2,AA6835,0,2,386
17,18,17:57:36,0,-1,1,AA6835,0,2,70
18,19,18:05:09,0,-1,3,AA6835,0,2,442
19,20,18:09:26,0,-1,1,AA6835,0,2,195
20,21,18:15:25,0,-1,1,AA6835,0,2,298
21,22,18:17:57,0,-1,-1,AA6835,0,2,111
0,1,18:27:44,0,-1,-1,AA6835,0,2,94
1,2,18:30:39,0,-1,3,AA6835,0,2,165
2,3,18:33:57,0,-1,2,AA6835,0,2,112
3,4,18:36:26,0,-1,1,AA6835,0,2,98
4,5,18:39:58,0,-1,2,AA6835,0,2,131
5,6,18:41:19,0,-1,1,AA6835,0,2,30
6,7,18:55:58,0,-1,1,AA6835,0,1,868
7,8,18:57:59,0,-1,1,AA6835,0,1,101
8,9,18:59:55,0,-1,1,AA6835,0,1,60
9,10,19:00:56,0,-1,1,AA6835,0,1,30
10,12,19:04:25,0,-1,2,AA6835,1,1,111
12,13,19:06:37,0,-1,1,AA6835,0,1,80
13,14,19:08:10,0,-1,3,AA6835,0,1,52
14,15,19:11:00,0,-1,-1,AA6835,0,1,50
15,16,19:13:45,0,-1,1,AA6835,0,1,145
16,17,19:20:29,0,-1,2,AA6835,0,1,363
17,18,19:21:40,0,-1,1,AA6835,0,1,30
18,19,19:28:35,0,-1,3,AA6835,0,1,404
19,20,19:32:58,0,-1,1,AA6835,0,1,101
20,22,19:38:44,0,-1,-1,AA6835,1,1,285
0,1,20:12:07,0,-1,-1,AA6835,0,1,30
1,2,20:14:09,0,-1,2,AA6835,0,1,30
2,3,20:15:50,0,-1,2,AA6835,0,1,30
3,4,20:17:54,0,-1,1,AA6835,0,1,114
4,5,20:20:38,0,-1,1,AA6835,0,1,133
5,6,20:21:49,0,-1,1,AA6835,0,1,10
6,7,20:30:38,0,-1,1,AA6835,0,1,509
7,8,20:33:09,0,-1,2,AA6835,0,1,121
8,9,20:34:42,0,-1,1,AA6835,0,1,52
9,10,20:35:34,0,-1,1,AA6835,0,1,31
10,11,20:38:26,0,-1,1,AA6835,0,1,101
11,12,20:39:26,0,-1,1,AA6835,0,1,20
12,13,20:41:17,0,-1,1,AA6835,0,1,60
13,14,20:42:38,0,-1,1,AA6835,0,1,40
14,15,20:44:09,0,-1,-1,AA6835,0,1,40
15,16,20:47:04,0,-1,1,AA6835,0,1,144
16,17,20:54:10,0,-1,1,AA6835,0,1,364
17,18,20:56:12,0,-1,1,AA6835,0,1,40
18,19,21:00:46,0,-1,2,AA6835,0,1,252
19,20,21:02:48,0,-1,1,AA6835,0,1,50
20,21,21:06:00,0,-1,1,AA6835,0,1,182
21,22,21:08:35,0,-1,-1,AA6835,0,1,94
0,1,21:31:24,0,-1,-1,AA6835,0,1,40
1,2,21:34:16,0,-1,2,AA6835,0,1,111
2,3,21:36:17,0,-1,1,AA6835,0,1,60
3,4,21:38:39,0,-1,1,AA6835,0,1,101
4,5,21:41:34,0,-1,1,AA6835,0,1,134
5,6,21:42:44,0,-1,1,AA6835,0,1,20
6,8,21:53:23,0,-1,2,AA6835,1,1,628
8,9,21:54:54,0,-1,1,AA6835,0,1,50
9,10,21:55:45,0,-1,1,AA6835,0,1,30
10,11,21:59:58,0,-1,1,AA6835,0,1,121
11,12,22:00:58,0,-1,-1,AA6835,0,1,30
12,13,22:03:44,0,-1,-1,AA6835,0,1,74
13,14,22:04:24,0,-1,-1,AA6835,0,1,30
14,15,22:06:15,0,-1,-1,AA6835,0,1,80
15,16,22:09:01,0,-1,1,AA6835,0,1,104
16,17,22:16:24,0,-1,1,AA6835,0,1,372
17,18,22:17:45,0,-1,1,AA6835,0,1,30
18,19,22:22:22,0,-1,2,AA6835,0,1,267
19,20,22:24:36,0,-1,1,AA6835,0,1,71
20,21,22:26:58,0,-1,1,AA6835,0,1,132
21,22,22:28:59,0,-1,-1,AA6835,0,1,75
0,1,22:42:05,0,-1,-1,AA6835,0,1,75
1,2,22:44:41,0,-1,2,AA6835,0,1,145
2,3,22:46:35,0,-1,2,AA6835,0,1,21
3,4,22:48:34,0,-1,1,AA6835,0,1,54
4,5,22:51:05,0,-1,1,AA6835,0,1,107
5,6,22:52:26,0,-1,1,AA6835,0,1,20
6,7,23:01:02,0,-1,1,AA6835,0,1,505
7,8,23:02:43,0,-1,2,AA6835,0,1,90
8,9,23:03:44,0,-1,1,AA6835,0,1,40
9,10,23:04:25,0,-1,1,AA6835,0,1,30
10,11,23:07:37,0,-1,1,AA6835,0,1,80
11,12,23:08:07,0,-1,1,AA6835,0,1,20
12,13,23:09:48,0,-1,1,AA6835,0,1,70
13,14,23:10:59,0,-1,1,AA6835,0,1,30
14,15,23:12:54,0,-1,-1,AA6835,0,1,94
15,16,23:15:15,0,-1,1,AA6835,0,1,131
16,17,23:22:20,0,-1,1,AA6835,0,1,383
17,18,23:23:20,0,-1,1,AA6835,0,1,30
18,19,23:27:44,0,-1,2,AA6835,0,1,242
19,20,23:30:57,0,-1,1,AA6835,0,1,112
20,21,23:34:19,0,-1,1,AA6835,0,1,161
21,22,23:36:34,0,-1,-1,AA6835,0,1,94
0,1,6:49:32,0,-1,-1,AA7096,0,2,32
1,3,6:53:59,0,-1,-1,AA7096,1,2,202
3,4,6:56:55,0,-1,1,AA7096,0,2,94
4,5,7:00:07,0,-1,1,AA7096,0,2,141
5,6,7:01:48,0,-1,1,AA7096,0,2,20
6,7,7:11:05,0,-1,2,AA7096,0,2,547
7,8,7:13:26,0,-1,2,AA7096,0,2,131
8,9,7:14:47,0,-1,1,AA7096,0,2,50
9,10,7:15:48,0,-1,1,AA7096,0,2,30
10,11,7:17:49,0,-1,1,AA7096,0,2,80
11,12,7:18:40,0,-1,1,AA7096,0,2,20
12,13,7:20:22,0,-1,1,AA7096,0,2,82
13,14,7:21:03,0,-1,1,AA7096,0,2,30
14,15,7:23:06,0,-1,-1,AA7096,0,2,30
15,16,7:25:07,0,-1,1,AA7096,0,2,70
16,17,7:32:27,0,-1,1,AA7096,0,2,378
17,18,7:34:08,0,-1,1,AA7096,0,2,40
18,19,7:38:45,0,-1,2,AA7096,0,2,266
19,20,7:45:45,0,-1,2,AA7096,0,2,318
20,21,7:49:27,0,-1,1,AA7096,0,2,202
21,22,7:52:09,0,-1,-1,AA7096,0,2,101
0,1,7:59:17,0,-1,-1,AA7096,0,2,50
1,2,8:02:41,0,-1,3,AA7096,0,2,153
2,3,8:05:44,0,-1,3,AA7096,0,2,172
3,4,8:09:47,0,-1,1,AA7096,0,2,172
4,5,8:13:59,0,-1,1,AA7096,0,2,161
5,6,8:15:55,0,-1,1,AA7096,0,2,20
6,7,8:25:47,0,-1,1,AA7096,0,2,582
7,8,8:28:29,0,-1,2,AA7096,0,2,151
8,9,8:30:04,0,-1,-1,AA7096,0,2,64
9,10,8:31:15,0,-1,-1,AA7096,0,2,30
10,11,8:33:06,0,-1,-1,AA7096,0,2,60
11,12,8:35:38,0,-1,2,AA7096,0,2,111
12,13,8:38:50,0,-1,2,AA7096,0,2,111
13,14,8:40:35,0,-1,2,AA7096,0,2,60
14,15,8:42:26,0,-1,-1,AA7096,0,2,50
15,16,8:46:49,0,-1,1,AA7096,0,2,192
16,17,8:54:09,0,-1,1,AA7096,0,2,384
17,18,8:57:15,0,-1,1,AA7096,0,2,95
18,19,9:04:00,0,-1,3,AA7096,0,2,384
19,20,9:07:39,0,-1,2,AA7096,0,2,131
20,21,9:11:06,0,-1,1,AA7096,0,2,152
21,22,9:13:07,0,-1,-1,AA7096,0,2,91
0,1,9:21:34,0,-1,-1,AA7096,0,2,151
1,2,9:24:36,0,-1,-1,AA7096,0,2,131
2,3,9:27:58,0,-1,3,AA7096,0,2,131
3,4,9:31:45,0,-1,1,AA7096,0,2,105
4,5,9:35:17,0,-1,1,AA7096,0,2,181
5,6,9:36:58,0,-1,1,AA7096,0,2,30
6,7,9:47:29,0,-1,2,AA7096,0,2,620
7,8,9:50:55,0,-1,2,AA7096,0,2,175
8,9,9:52:56,0,-1,1,AA7096,0,2,70
9,10,9:54:07,0,-1,1,AA7096,0,2,30
10,11,9:55:58,0,-1,1,AA7096,0,2,60
11,12,9:56:59,0,-1,1,AA7096,0,2,30
12,13,9:59:00,0,-1,1,AA7096,0,2,101
13,14,9:59:55,0,-1,1,AA7096,0,2,20
14,15,10:01:36,0,-1,-1,AA7096,0,2,40
15,16,10:03:57,0,-1,1,AA7096,0,2,91
16,17,10:10:45,0,-1,1,AA7096,0,2,397
17,18,10:11:56,0,-1,1,AA7096,0,2,30
18,19,10:17:29,0,-1,3,AA7096,0,2,323
19,20,10:19:46,0,-1,2,AA7096,0,2,60
20,21,10:23:08,0,-1,1,AA7096,0,2,191
21,22,10:25:09,0,-1,-1,AA7096,0,2,81
0,1,10:40:27,0,-1,-1,AA7096,0,2,60
1,2,10:41:38,0,-1,3,AA7096,0,2,20
2,3,10:45:42,0,-1,3,AA7096,0,2,122
3,4,10:48:25,0,-1,1,AA7096,0,2,90
4,5,10:52:44,0,-1,1,AA7096,0,2,156
5,6,10:54:06,0,-1,1,AA7096,0,2,20
6,7,11:04:38,0,-1,2,AA7096,0,2,611
7,8,11:07:00,0,-1,2,AA7096,0,2,131
8,9,11:09:35,0,-1,1,AA7096,0,2,80
9,10,11:10:26,0,-1,1,AA7096,0,2,30
10,11,11:12:28,0,-1,1,AA7096,0,2,50
11,12,11:13:28,0,-1,1,AA7096,0,2,30
12,13,11:14:59,0,-1,1,AA7096,0,2,60
13,14,11:16:25,0,-1,1,AA7096,0,2,40
14,15,11:18:57,0,-1,-1,AA7096,0,2,40
15,16,11:21:29,0,-1,1,AA7096,0,2,80
16,17,11:29:49,0,-1,1,AA7096,0,2,449
17,18,11:31:52,0,-1,1,AA7096,0,2,20
18,19,11:37:37,0,-1,3,AA7096,0,2,324
19,20,11:41:19,0,-1,1,AA7096,0,2,111
20,21,11:44:24,0,-1,1,AA7096,0,2,154
21,22,11:46:36,0,-1,-1,AA7096,0,2,90
0,1,6:29:43,0,-1,-1,AA7149,0,2,60
1,2,6:31:25,0,-1,-1,AA7149,0,2,80
2,4,6:35:27,0,-1,1,AA7149,1,2,181
4,5,6:38:09,0,-1,1,AA7149,0,2,131
5,6,6:39:50,0,-1,1,AA7149,0,2,20
6,7,6:48:59,0,-1,1,AA7149,0,2,529
7,8,6:51:08,0,-1,-1,AA7149,0,2,107
8,9,6:52:28,0,-1,-1,AA7149,0,2,60
9,10,6:53:29,0,-1,-1,AA7149,0,2,30
10,11,6:55:20,0,-1,1,AA7149,0,2,70
11,12,6:55:52,0,-1,1,AA7149,0,2,20
12,13,6:57:25,0,-1,1,AA7149,0,2,62
13,14,6:58:16,0,-1,1,AA7149,0,2,40
14,15,6:59:57,0,-1,-1,AA7149,0,2,30
15,16,7:02:38,0,-1,1,AA7149,0,2,131
16,17,7:09:34,0,-1,1,AA7149,0,2,374
17,18,7:10:45,0,-1,1,AA7149,0,2,30
18,19,7:15:28,0,-1,2,AA7149,0,2,272
19,20,7:17:39,0,-1,1,AA7149,0,2,60
20,21,7:19:52,0,-1,1,AA7149,0,2,92
21,22,7:21:35,0,-1,-1,AA7149,0,2,82
0,1,7:34:28,0,-1,-1,AA7149,0,2,50
1,2,7:36:34,0,-1,2,AA7149,0,2,84
2,3,7:40:06,0,-1,2,AA7149,0,2,111
3,4,7:42:33,0,-1,1,AA7149,0,2,31
4,5,7:46:25,0,-1,1,AA7149,0,2,151
5,6,7:48:37,0,-1,1,AA7149,0,2,30
6,7,7:58:27,0,-1,1,AA7149,0,2,580
7,8,8:00:38,0,-1,2,AA7149,0,2,111
8,9,8:02:09,0,-1,1,AA7149,0,2,60
9,10,8:03:22,0,-1,1,AA7149,0,2,30
10,11,8:05:13,0,-1,1,AA7149,0,2,50
11,12,8:06:04,0,-1,1,AA7149,0,2,20
12,13,8:08:16,0,-1,1,AA7149,0,2,91
13,14,8:09:26,0,-1,1,AA7149,0,2,30
14,15,8:11:18,0,-1,-1,AA7149,0,2,50
15,16,8:15:14,0,-1,1,AA7149,0,2,206
16,17,8:22:19,0,-1,1,AA7149,0,2,374
17,18,8:23:44,0,-1,1,AA7149,0,2,34
18,19,8:28:49,0,-1,3,AA7149,0,2,295
19,20,8:35:17,0,-1,2,AA7149,0,2,344
20,21,8:39:54,0,-1,1,AA7149,0,2,226
21,22,8:41:56,0,-1,-1,AA7149,0,2,91
0,1,8:51:58,0,-1,-1,AA7149,0,2,70
1,2,8:54:09,0,-1,3,AA7149,0,2,111
2,3,8:56:00,0,-1,3,AA7149,0,2,20
3,4,9:00:37,0,-1,1,AA7149,0,2,181
4,5,9:04:52,0,-1,1,AA7149,0,2,153
5,6,9:07:19,0,-1,1,AA7149,0,2,71
6,7,9:17:20,0,-1,1,AA7149,0,2,581
7,8,9:18:52,0,-1,2,AA7149,0,2,81
8,9,9:20:33,0,-1,-1,AA7149,0,2,80
9,10,9:21:14,0,-1,-1,AA7149,0,2,20
10,11,9:23:25,0,-1,-1,AA7149,0,2,111
11,12,9:23:56,0,-1,-1,AA7149,0,2,20
12,13,9:26:27,0,-1,1,AA7149,0,2,121
13,14,9:27:18,0,-1,1,AA7149,0,2,40
14,15,9:29:09,0,-1,-1,AA7149,0,2,40
15,16,9:32:16,0,-1,1,AA7149,0,2,156
16,17,9:39:30,0,-1,1,AA7149,0,2,394
17,18,9:40:44,0,-1,1,AA7149,0,2,43
18,19,9:45:37,0,-1,2,AA7149,0,2,283
19,20,9:49:32,0,-1,2,AA7149,0,2,163
20,21,9:52:16,0,-1,1,AA7149,0,2,113
21,22,9:54:27,0,-1,-1,AA7149,0,2,90
0,1,10:05:28,0,-1,-1,AA7149,0,2,50
1,2,10:07:33,0,-1,2,AA7149,0,2,32
2,3,10:09:34,0,-1,2,AA7149,0,2,60
3,4,10:10:55,0,-1,1,AA7149,0,2,30
4,5,10:14:17,0,-1,1,AA7149,0,2,131
5,6,10:15:38,0,-1,1,AA7149,0,2,20
6,7,10:25:19,0,-1,1,AA7149,0,2,571
7,8,10:27:13,0,-1,2,AA7149,0,2,103
8,9,10:28:55,0,-1,1,AA7149,0,2,81
10,11,10:31:23,0,-1,1,AA7149,0,2,76
11,12,10:32:15,0,-1,1,AA7149,0,2,30
12,14,10:34:43,0,-1,1,AA7149,1,2,112
14,15,10:35:54,0,-1,-1,AA7149,0,2,30
15,16,10:37:56,0,-1,1,AA7149,0,2,91
16,17,10:45:42,0,-1,1,AA7149,0,2,435
17,18,10:46:44,0,-1,1,AA7149,0,2,32
18,19,10:52:23,0,-1,2,AA7149,0,2,328
19,20,10:55:37,0,-1,1,AA7149,0,2,132
20,21,10:59:19,0,-1,1,AA7149,0,2,192
21,22,11:01:05,0,-1,-1,AA7149,0,2,85
0,1,11:51:19,0,-1,-1,AA7149,0,2,1543
1,2,11:54:04,0,-1,2,AA7149,0,2,73
2,3,11:55:56,0,-1,2,AA7149,0,2,30
3,4,11:58:17,0,-1,1,AA7149,0,2,100
4,5,12:01:19,0,-1,1,AA7149,0,2,151
5,6,12:02:30,0,-1,1,AA7149,0,2,20
6,7,12:11:44,0,-1,1,AA7149,0,2,543
7,8,12:14:26,0,-1,2,AA7149,0,2,141
8,9,12:16:38,0,-1,1,AA7149,0,2,91
9,10,12:17:48,0,-1,1,AA7149,0,2,40
10,11,12:19:50,0,-1,1,AA7149,0,2,60
11,12,12:20:52,0,-1,1,AA7149,0,2,32
12,13,12:22:54,0,-1,1,AA7149,0,2,70
13,14,12:24:25,0,-1,1,AA7149,0,2,40
14,15,12:25:56,0,-1,-1,AA7149,0,2,40
15,16,12:28:58,0,-1,1,AA7149,0,2,161
16,17,12:36:08,0,-1,1,AA7149,0,2,399
17,18,12:37:49,0,-1,1,AA7149,0,2,30
18,19,12:44:37,0,-1,3,AA7149,0,2,387
19,20,12:47:38,0,-1,1,AA7149,0,2,70
20,21,12:51:35,0,-1,1,AA7149,0,2,171
21,22,12:53:46,0,-1,-1,AA7149,0,2,80
0,1,13:05:46,0,-1,-1,AA7149,0,2,60
1,2,13:08:48,0,-1,2,AA7149,0,2,171
2,3,13:10:40,0,-1,2,AA7149,0,2,51
3,4,13:12:42,0,-1,1,AA7149,0,2,50
4,5,13:16:25,0,-1,1,AA7149,0,2,141
5,6,13:17:46,0,-1,1,AA7149,0,2,20
6,7,13:29:37,0,-1,1,AA7149,0,2,690
7,8,13:32:08,0,-1,2,AA7149,0,2,121
8,9,13:33:49,0,-1,1,AA7149,0,2,80
9,10,13:35:00,0,-1,1,AA7149,0,2,30
10,11,13:38:24,0,-1,1,AA7149,0,2,141
11,12,13:39:05,0,-1,1,AA7149,0,2,30
12,13,13:41:48,0,-1,1,AA7149,0,2,80
13,14,13:43:29,0,-1,1,AA7149,0,2,40
14,15,13:45:04,0,-1,-1,AA7149,0,2,30
15,16,13:47:37,0,-1,1,AA7149,0,2,112
16,17,13:54:54,0,-1,1,AA7149,0,2,376
17,18,13:56:15,0,-1,1,AA7149,0,2,20
18,19,14:02:20,0,-1,3,AA7149,0,2,344
19,20,14:04:53,0,-1,1,AA7149,0,2,80
20,21,14:08:06,0,-1,1,AA7149,0,2,162
21,22,14:10:48,0,-1,-1,AA7149,0,2,91
0,1,14:19:58,0,-1,-1,AA7149,0,2,50
1,2,14:22:15,0,-1,2,AA7149,0,2,126
2,3,14:24:06,0,-1,2,AA7149,0,2,30
3,4,14:26:27,0,-1,1,AA7149,0,2,40
4,5,14:30:20,0,-1,1,AA7149,0,2,171
5,6,14:32:04,0,-1,1,AA7149,0,2,20
6,7,14:42:53,0,-1,1,AA7149,0,2,618
7,8,14:45:24,0,-1,2,AA7149,0,2,131
8,9,14:47:36,0,-1,1,AA7149,0,2,60
9,10,14:48:47,0,-1,1,AA7149,0,2,30
10,12,14:51:39,0,-1,1,AA7149,1,2,100
12,13,14:53:52,0,-1,1,AA7149,0,2,103
13,14,14:54:53,0,-1,1,AA7149,0,2,30
14,15,14:56:24,0,-1,-1,AA7149,0,2,30
15,16,14:58:47,0,-1,1,AA7149,0,2,112
16,17,15:06:54,0,-1,1,AA7149,0,2,447
17,18,15:08:16,0,-1,1,AA7149,0,2,40
18,19,15:15:44,0,-1,3,AA7149,0,2,438
19,21,15:21:28,0,-1,1,AA7149,1,2,242
21,22,15:23:44,0,-1,-1,AA7149,0,2,85
0,1,15:37:35,0,-1,-1,AA7149,0,2,81
1,2,15:39:36,0,-1,2,AA7149,0,2,70
2,3,15:41:07,0,-1,2,AA7149,0,2,40
3,4,15:43:18,0,-1,1,AA7149,0,2,90
4,5,15:47:02,0,-1,1,AA7149,0,2,142
5,6,15:48:13,0,-1,1,AA7149,0,2,20
6,7,16:00:58,0,-1,2,AA7149,0,2,743
7,8,16:03:43,0,-1,2,AA7149,0,2,134
8,9,16:05:45,0,-1,1,AA7149,0,2,92
9,10,16:06:56,0,-1,1,AA7149,0,2,40
10,11,16:09:17,0,-1,1,AA7149,0,2,101
11,12,16:10:18,0,-1,1,AA7149,0,2,30
12,13,16:12:19,0,-1,1,AA7149,0,2,80
13,14,16:13:20,0,-1,2,AA7149,0,2,40
14,15,16:15:12,0,-1,-1,AA7149,0,2,30
15,16,16:18:17,0,-1,1,AA7149,0,2,141
16,17,16:25:28,0,-1,1,AA7149,0,2,400
17,18,16:26:31,0,-1,1,AA7149,0,2,32
18,19,16:35:43,0,-1,2,AA7149,0,2,542
19,20,16:38:05,0,-1,1,AA7149,0,2,60
20,21,16:41:07,0,-1,-1,AA7149,0,2,171
21,22,16:43:08,0,-1,-1,AA7149,0,2,90
7,8,17:13:59,0,-1,2,AA7149,0,2,79
8,9,17:15:34,0,-1,1,AA7149,0,2,54
9,10,17:16:19,0,-1,1,AA7149,0,2,35
10,11,17:18:48,0,-1,1,AA7149,0,2,107
11,12,17:19:38,0,-1,1,AA7149,0,2,20
12,13,17:20:49,0,-1,1,AA7149,0,2,60
13,14,17:21:42,0,-1,2,AA7149,0,2,42
14,15,17:24:16,0,-1,-1,AA7149,0,2,40
15,16,17:26:54,0,-1,1,AA7149,0,2,104
16,17,17:34:29,0,-1,2,AA7149,0,2,400
17,18,17:36:00,0,-1,1,AA7149,0,2,50
18,19,17:43:37,0,-1,3,AA7149,0,2,446
19,20,17:47:43,0,-1,2,AA7149,0,2,144
20,21,17:50:46,0,-1,-1,AA7149,0,2,142
21,22,17:53:15,0,-1,-1,AA7149,0,2,103
0,2,18:09:36,0,-1,3,AA7149,1,2,246
2,3,18:11:48,0,-1,2,AA7149,0,2,60
3,4,18:13:09,0,-1,1,AA7149,0,2,40
4,5,18:17:17,0,-1,2,AA7149,0,2,177
5,6,18:18:58,0,-1,1,AA7149,0,2,30
6,7,18:35:55,0,-1,1,AA7149,0,2,997
7,8,18:37:57,0,-1,2,AA7149,0,2,111
8,9,18:39:18,0,-1,1,AA7149,0,2,40
9,10,18:40:18,0,-1,1,AA7149,0,2,40
10,11,18:43:04,0,-1,1,AA7149,0,2,105
11,12,18:44:46,0,-1,2,AA7149,0,2,30
12,13,18:49:33,0,-1,1,AA7149,0,2,179
13,14,18:52:05,0,-1,-1,AA7149,0,1,132
14,15,18:54:57,0,-1,-1,AA7149,0,1,60
15,16,18:58:44,0,-1,1,AA7149,0,1,206
16,17,19:05:36,0,-1,3,AA7149,0,1,391
17,18,19:07:18,0,-1,1,AA7149,0,1,50
18,19,19:16:27,0,-1,3,AA7149,0,1,539
19,20,19:18:59,0,-1,1,AA7149,0,1,91
20,21,19:22:00,0,-1,1,AA7149,0,1,171
21,22,19:24:04,0,-1,-1,AA7149,0,1,90
7,8,19:43:17,0,-1,2,AA7149,0,1,101
8,9,19:44:28,0,-1,1,AA7149,0,1,40
9,10,19:45:18,0,-1,1,AA7149,0,1,20
10,11,19:47:09,0,-1,1,AA7149,0,1,70
11,12,19:47:54,0,-1,1,AA7149,0,1,20
12,13,19:49:35,0,-1,1,AA7149,0,1,80
13,14,19:50:46,0,-1,-1,AA7149,0,1,40
14,15,19:51:57,0,-1,-1,AA7149,0,1,30
15,16,19:54:38,0,-1,-1,AA7149,0,1,100
16,17,20:01:26,0,-1,1,AA7149,0,1,377
17,18,20:02:57,0,-1,1,AA7149,0,1,40
18,19,20:08:04,0,-1,2,AA7149,0,1,296
19,20,20:11:27,0,-1,1,AA7149,0,1,162
20,21,20:14:59,0,-1,1,AA7149,0,1,202
21,22,20:17:44,0,-1,-1,AA7149,0,1,84
0,1,21:15:39,0,-1,-1,AA7149,0,1,30
1,2,21:16:49,0,-1,2,AA7149,0,1,20
2,3,21:18:14,0,-1,1,AA7149,0,1,30
3,4,21:20:05,0,-1,1,AA7149,0,1,50
4,5,21:23:07,0,-1,1,AA7149,0,1,131
5,6,21:25:08,0,-1,1,AA7149,0,1,30
6,7,21:34:16,0,-1,1,AA7149,0,1,537
7,8,21:35:37,0,-1,2,AA7149,0,1,70
8,9,21:36:57,0,-1,1,AA7149,0,1,40
9,10,21:37:58,0,-1,1,AA7149,0,1,30
10,11,21:40:53,0,-1,1,AA7149,0,1,114
11,12,21:42:04,0,-1,1,AA7149,0,1,30
12,13,21:43:45,0,-1,1,AA7149,0,1,60
13,14,21:44:47,0,-1,1,AA7149,0,1,30
14,15,21:46:28,0,-1,-1,AA7149,0,1,40
15,16,21:48:19,0,-1,1,AA7149,0,1,70
16,17,21:55:05,0,-1,1,AA7149,0,1,355
17,18,21:56:37,0,-1,1,AA7149,0,1,41
18,19,22:01:39,0,-1,-1,AA7149,0,1,276
19,20,22:04:44,0,-1,-1,AA7149,0,1,125
20,21,22:08:07,0,-1,1,AA7149,0,1,191
21,22,22:10:02,0,-1,-1,AA7149,0,1,94
0,1,22:29:09,0,-1,-1,AA7149,0,1,70
1,2,22:30:36,0,-1,1,AA7149,0,1,77
2,3,22:33:13,0,-1,1,AA7149,0,1,146
3,4,22:35:05,0,-1,1,AA7149,0,1,80
4,5,22:38:04,0,-1,1,AA7149,0,1,131
5,6,22:39:15,0,-1,1,AA7149,0,1,20
6,7,22:48:13,0,-1,1,AA7149,0,1,528
7,8,22:50:00,0,-1,2,AA7149,0,1,85
8,9,22:51:15,0,-1,1,AA7149,0,1,40
9,10,22:52:16,0,-1,1,AA7149,0,1,30
10,11,22:53:57,0,-1,1,AA7149,0,1,60
11,12,22:55:08,0,-1,1,AA7149,0,1,20
12,13,22:56:55,0,-1,1,AA7149,0,1,66
13,14,22:58:16,0,-1,1,AA7149,0,1,30
14,15,22:59:26,0,-1,-1,AA7149,0,1,30
15,16,23:01:33,0,-1,1,AA7149,0,1,85
16,17,23:08:37,0,-1,1,AA7149,0,1,373
17,18,23:10:18,0,-1,1,AA7149,0,1,30
18,19,23:14:55,0,-1,2,AA7149,0,1,256
19,20,23:17:27,0,-1,1,AA7149,0,1,90
20,21,23:19:08,0,-1,1,AA7149,0,1,90
21,22,23:21:09,0,-1,-1,AA7149,0,1,80
0,1,23:43:50,0,-1,-1,AA7149,0,1,30
1,2,23:46:23,0,-1,2,AA7149,0,1,123
2,3,23:48:24,0,-1,2,AA7149,0,1,50
3,4,23:50:15,0,-1,1,AA7149,0,1,60
4,5,23:52:57,0,-1,1,AA7149,0,1,121
5,6,23:53:58,0,-1,1,AA7149,0,1,20
0,1,0:10:49,0,-1,-1,AA7242,0,2,60
1,2,0:12:31,0,-1,2,AA7242,0,2,72
2,3,0:14:43,0,-1,1,AA7242,0,2,60
3,4,0:15:34,0,-1,1,AA7242,0,2,20
4,5,0:18:07,0,-1,1,AA7242,0,2,132
5,6,0:19:07,0,-1,1,AA7242,0,2,10
6,7,0:28:06,0,-1,1,AA7242,0,2,518
7,8,0:29:47,0,-1,2,AA7242,0,2,90
8,9,0:30:47,0,-1,1,AA7242,0,2,40
9,10,0:31:38,0,-1,1,AA7242,0,2,30
10,11,0:33:49,0,-1,1,AA7242,0,2,121
11,12,0:34:40,0,-1,1,AA7242,0,2,20
12,14,0:36:33,0,-1,1,AA7242,1,2,72
14,15,0:37:43,0,-1,-1,AA7242,0,2,30
15,16,0:39:34,0,-1,1,AA7242,0,2,90
16,17,0:45:58,0,-1,1,AA7242,0,2,353
17,18,0:46:59,0,-1,1,AA7242,0,2,30
18,19,0:51:34,0,-1,2,AA7242,0,2,265
19,20,0:54:06,0,-1,1,AA7242,0,2,111
20,21,0:55:57,0,-1,1,AA7242,0,2,90
21,22,0:57:48,0,-1,-1,AA7242,0,2,80
0,1,1:21:51,0,-1,-1,AA7242,0,2,60
1,2,1:22:31,0,-1,1,AA7242,0,2,20
2,3,1:24:45,0,-1,2,AA7242,0,2,92
3,5,1:27:27,0,-1,1,AA7242,1,2,142
5,6,1:28:28,0,-1,1,AA7242,0,2,20
6,7,1:37:14,0,-1,1,AA7242,0,2,516
7,8,1:39:16,0,-1,-1,AA7242,0,2,80
8,9,1:40:57,0,-1,1,AA7242,0,2,70
9,10,1:41:37,0,-1,1,AA7242,0,2,20
10,11,1:43:08,0,-1,1,AA7242,0,2,60
11,13,1:44:59,0,-1,1,AA7242,1,2,80
13,14,1:45:39,0,-1,1,AA7242,0,2,30
14,15,1:46:42,0,-1,-1,AA7242,0,2,32
15,16,1:48:13,0,-1,1,AA7242,0,2,80
16,18,1:54:58,0,-1,1,AA7242,1,2,394
18,19,1:59:24,0,-1,2,AA7242,0,2,256
19,20,2:00:55,0,-1,1,AA7242,0,2,60
20,21,2:02:46,0,-1,1,AA7242,0,2,90
21,22,2:04:37,0,-1,-1,AA7242,0,2,80
0,1,7:27:59,0,-1,-1,AA7242,0,2,91
1,2,7:29:20,0,-1,2,AA7242,0,2,70
2,3,7:32:07,0,-1,2,AA7242,0,2,122
3,4,7:34:18,0,-1,1,AA7242,0,2,40
4,5,7:38:55,0,-1,1,AA7242,0,2,155
5,6,7:40:36,0,-1,1,AA7242,0,2,20
6,7,7:50:48,0,-1,1,AA7242,0,2,601
7,8,7:52:49,0,-1,1,AA7242,0,2,101
8,9,7:54:24,0,-1,1,AA7242,0,2,64
9,10,7:55:35,0,-1,1,AA7242,0,2,30
10,11,7:57:16,0,-1,1,AA7242,0,2,80
11,12,7:57:57,0,-1,1,AA7242,0,2,30
12,13,7:59:28,0,-1,1,AA7242,0,2,70
13,14,8:00:38,0,-1,1,AA7242,0,2,40
14,15,8:03:12,0,-1,-1,AA7242,0,2,72
15,16,8:06:24,0,-1,1,AA7242,0,2,151
16,17,8:13:09,0,-1,1,AA7242,0,2,364
17,19,8:19:27,0,-1,2,AA7242,1,2,327
19,20,8:25:27,0,-1,2,AA7242,0,2,238
20,21,8:28:59,0,-1,1,AA7242,0,2,192
21,22,8:31:35,0,-1,-1,AA7242,0,2,91
0,1,8:42:46,0,-1,-1,AA7242,0,2,40
1,2,8:45:59,0,-1,3,AA7242,0,2,111
2,3,8:49:56,0,-1,3,AA7242,0,2,196
3,4,8:54:29,0,-1,1,AA7242,0,2,151
4,5,8:58:46,0,-1,1,AA7242,0,2,155
5,6,9:02:28,0,-1,1,AA7242,0,2,80
6,7,9:13:48,0,-1,1,AA7242,0,2,638
7,8,9:15:39,0,-1,2,AA7242,0,2,101
8,9,9:17:30,0,-1,1,AA7242,0,2,91
9,10,9:18:21,0,-1,1,AA7242,0,2,30
10,11,9:22:55,0,-1,-1,AA7242,0,2,252
11,12,9:23:46,0,-1,-1,AA7242,0,2,20
12,13,9:26:07,0,-1,1,AA7242,0,2,121
13,14,9:27:08,0,-1,1,AA7242,0,2,30
14,15,9:28:39,0,-1,-1,AA7242,0,2,30
15,16,9:31:35,0,-1,1,AA7242,0,2,135
16,17,9:38:19,0,-1,1,AA7242,0,2,363
17,18,9:39:30,0,-1,1,AA7242,0,2,20
18,19,9:45:27,0,-1,2,AA7242,0,2,326
19,20,9:47:29,0,-1,2,AA7242,0,2,50
20,21,9:49:42,0,-1,1,AA7242,0,2,112
21,22,9:51:35,0,-1,-1,AA7242,0,2,83
0,1,9:58:50,0,-1,-1,AA7242,0,2,30
1,2,10:01:26,0,-1,2,AA7242,0,2,80
2,3,10:04:07,0,-1,2,AA7242,0,2,50
3,4,10:06:40,0,-1,1,AA7242,0,2,112
4,5,10:10:35,0,-1,1,AA7242,0,2,151
5,6,10:12:16,0,-1,1,AA7242,0,2,20
6,7,10:21:47,0,-1,1,AA7242,0,2,560
7,8,10:24:29,0,-1,2,AA7242,0,2,121
8,9,10:26:00,0,-1,1,AA7242,0,2,70
9,10,10:26:33,0,-1,1,AA7242,0,2,22
10,11,10:29:15,0,-1,1,AA7242,0,2,101
11,12,10:30:07,0,-1,1,AA7242,0,2,20
12,13,10:31:08,0,-1,1,AA7242,0,2,40
13,14,10:32:25,0,-1,1,AA7242,0,2,61
14,15,10:33:53,0,-1,-1,AA7242,0,2,31
15,16,10:35:54,0,-1,1,AA7242,0,2,91
16,17,10:43:49,0,-1,1,AA7242,0,2,445
17,18,10:45:01,0,-1,1,AA7242,0,2,30
18,19,10:50:38,0,-1,2,AA7242,0,2,316
19,20,10:53:24,0,-1,1,AA7242,0,2,91
20,21,10:54:46,0,-1,1,AA7242,0,2,71
21,22,10:56:47,0,-1,-1,AA7242,0,2,90
0,1,11:16:04,0,-1,-1,AA7242,0,2,95
1,2,11:17:25,0,-1,2,AA7242,0,2,70
2,3,11:19:38,0,-1,2,AA7242,0,2,70
3,4,11:22:19,0,-1,1,AA7242,0,2,101
4,5,11:26:47,0,-1,1,AA7242,0,2,162
5,6,11:28:08,0,-1,1,AA7242,0,2,40
6,7,11:37:47,0,-1,2,AA7242,0,2,569
7,8,11:39:48,0,-1,2,AA7242,0,2,111
8,9,11:41:19,0,-1,1,AA7242,0,2,30
9,10,11:42:43,0,-1,1,AA7242,0,2,32
10,11,11:44:45,0,-1,1,AA7242,0,2,61
11,12,11:45:25,0,-1,1,AA7242,0,2,30
12,13,11:47:17,0,-1,1,AA7242,0,2,80
13,14,11:48:17,0,-1,1,AA7242,0,2,30
14,15,11:49:58,0,-1,-1,AA7242,0,2,40
15,16,11:52:00,0,-1,1,AA7242,0,2,91
16,17,11:59:28,0,-1,1,AA7242,0,2,417
17,18,12:00:59,0,-1,1,AA7242,0,2,30
18,19,12:06:37,0,-1,2,AA7242,0,2,327
19,20,12:10:09,0,-1,1,AA7242,0,2,161
20,21,12:13:15,0,-1,1,AA7242,0,2,165
21,22,12:15:16,0,-1,-1,AA7242,0,2,90
0,1,14:38:48,0,-1,-1,AA7242,0,2,111
1,2,14:40:09,0,-1,2,AA7242,0,2,10
2,3,14:41:52,0,-1,2,AA7242,0,2,32
3,4,14:44:14,0,-1,1,AA7242,0,2,70
4,5,14:48:06,0,-1,1,AA7242,0,2,141
5,6,14:49:17,0,-1,1,AA7242,0,2,30
6,7,15:00:58,0,-1,1,AA7242,0,2,690
7,8,15:03:40,0,-1,2,AA7242,0,2,131
8,9,15:05:23,0,-1,1,AA7242,0,2,72
9,10,15:06:04,0,-1,1,AA7242,0,2,20
10,11,15:09:37,0,-1,1,AA7242,0,2,101
11,12,15:10:28,0,-1,1,AA7242,0,2,30
12,13,15:12:39,0,-1,1,AA7242,0,2,101
13,14,15:13:43,0,-1,2,AA7242,0,2,33
14,15,15:15:34,0,-1,-1,AA7242,0,2,40
15,16,15:17:56,0,-1,1,AA7242,0,2,101
16,17,15:25:36,0,-1,1,AA7242,0,2,409
17,18,15:27:27,0,-1,1,AA7242,0,2,50
18,19,15:35:53,0,-1,3,AA7242,0,2,495
19,20,15:39:26,0,-1,1,AA7242,0,2,90
20,21,15:43:08,0,-1,1,AA7242,0,2,181
21,22,15:45:10,0,-1,-1,AA7242,0,2,90
0,1,15:58:36,0,-1,-1,AA7242,0,2,80
1,2,16:00:38,0,-1,3,AA7242,0,2,80
2,3,16:01:59,0,-1,2,AA7242,0,2,40
3,4,16:04:13,0,-1,1,AA7242,0,2,53
4,5,16:07:46,0,-1,1,AA7242,0,2,121
5,6,16:09:47,0,-1,1,AA7242,0,2,30
6,7,16:24:06,0,-1,1,AA7242,0,2,838
7,8,16:25:48,0,-1,2,AA7242,0,2,91
8,9,16:28:03,0,-1,1,AA7242,0,2,113
9,10,16:28:44,0,-1,1,AA7242,0,2,20
10,11,16:33:07,0,-1,1,AA7242,0,2,192
11,12,16:34:18,0,-1,1,AA7242,0,2,30
12,13,16:35:43,0,-1,1,AA7242,0,2,73
13,14,16:37:24,0,-1,2,AA7242,0,2,70
14,15,16:41:07,0,-1,-1,AA7242,0,2,40
15,16,16:45:40,0,-1,1,AA7242,0,2,203
16,17,16:53:14,0,-1,-1,AA7242,0,2,399
17,18,16:54:35,0,-1,-1,AA7242,0,2,30
18,19,17:02:53,0,-1,3,AA7242,0,2,477
19,20,17:05:44,0,-1,1,AA7242,0,2,80
20,21,17:10:17,0,-1,1,AA7242,0,2,252
21,22,17:13:35,0,-1,-1,AA7242,0,2,136
0,1,17:22:12,0,-1,-1,AA7242,0,2,72
1,2,17:24:36,0,-1,2,AA7242,0,2,70
2,3,17:27:59,0,-1,2,AA7242,0,2,136
3,4,17:31:17,0,-1,1,AA7242,0,2,137
4,5,17:35:10,0,-1,1,AA7242,0,2,151
5,6,17:36:21,0,-1,1,AA7242,0,2,30
6,7,17:49:24,0,-1,1,AA7242,0,2,770
7,8,17:51:21,0,-1,-1,AA7242,0,2,107
8,9,17:52:54,0,-1,-1,AA7242,0,2,72
9,10,17:54:09,0,-1,-1,AA7242,0,2,20
10,11,17:56:56,0,-1,1,AA7242,0,2,156
11,12,17:58:17,0,-1,1,AA7242,0,2,20
12,13,18:00:23,0,-1,1,AA7242,0,2,60
13,14,18:01:42,0,-1,1,AA7242,0,2,47
14,15,18:04:09,0,-1,-1,AA7242,0,2,60
15,16,18:08:45,0,-1,1,AA7242,0,2,236
16,17,18:15:56,0,-1,3,AA7242,0,2,389
17,18,18:18:07,0,-1,1,AA7242,0,2,40
18,19,18:30:50,0,-1,3,AA7242,0,2,752
19,20,18:36:36,0,-1,1,AA7242,0,2,189
20,21,18:43:55,0,-1,1,AA7242,0,2,418
21,22,18:47:13,0,-1,-1,AA7242,0,2,112
0,1,18:54:47,0,-1,-1,AA7242,0,1,30
1,2,18:57:29,0,-1,2,AA7242,0,1,151
2,3,18:59:55,0,-1,2,AA7242,0,1,105
3,4,19:02:21,0,-1,1,AA7242,0,1,74
4,5,19:06:07,0,-1,2,AA7242,0,1,131
5,6,19:08:33,0,-1,1,AA7242,0,1,44
6,7,19:21:20,0,-1,1,AA7242,0,1,757
7,8,19:23:14,0,-1,2,AA7242,0,1,103
8,9,19:24:45,0,-1,1,AA7242,0,1,60
9,10,19:25:56,0,-1,1,AA7242,0,1,30
10,11,19:27:34,0,-1,1,AA7242,0,1,88
11,12,19:28:25,0,-1,1,AA7242,0,1,30
12,13,19:30:26,0,-1,1,AA7242,0,1,81
13,14,19:31:47,0,-1,2,AA7242,0,1,40
14,15,19:34:49,0,-1,-1,AA7242,0,1,70
15,16,19:37:53,0,-1,1,AA7242,0,1,153
16,17,19:44:48,0,-1,1,AA7242,0,1,373
17,18,19:46:29,0,-1,1,AA7242,0,1,40
18,19,19:51:37,0,-1,-1,AA7242,0,1,287
19,20,19:54:49,0,-1,-1,AA7242,0,1,141
20,21,19:57:54,0,-1,1,AA7242,0,1,155
21,22,20:00:06,0,-1,-1,AA7242,0,1,90
0,1,20:31:18,0,-1,-1,AA7242,0,1,70
1,2,20:32:59,0,-1,2,AA7242,0,1,40
2,3,20:34:20,0,-1,2,AA7242,0,1,40
3,4,20:36:14,0,-1,1,AA7242,0,1,81
4,5,20:39:26,0,-1,1,AA7242,0,1,141
5,6,20:41:27,0,-1,1,AA7242,0,1,40
6,7,20:51:08,0,-1,1,AA7242,0,1,570
7,8,20:53:39,0,-1,2,AA7242,0,1,111
8,9,20:55:02,0,-1,1,AA7242,0,1,72
9,10,20:55:52,0,-1,1,AA7242,0,1,30
10,11,20:57:44,0,-1,1,AA7242,0,1,101
11,12,20:58:55,0,-1,1,AA7242,0,1,30
12,13,21:00:46,0,-1,1,AA7242,0,1,50
13,14,21:02:17,0,-1,1,AA7242,0,1,40
14,15,21:03:58,0,-1,-1,AA7242,0,1,30
15,16,21:07:11,0,-1,1,AA7242,0,1,141
16,17,21:13:58,0,-1,1,AA7242,0,1,364
17,18,21:15:19,0,-1,1,AA7242,0,1,30
18,19,21:20:15,0,-1,2,AA7242,0,1,276
19,20,21:22:47,0,-1,1,AA7242,0,1,101
20,21,21:25:18,0,-1,1,AA7242,0,1,131
21,22,21:27:40,0,-1,-1,AA7242,0,1,90
0,1,21:43:55,0,-1,-1,AA7242,0,1,90
1,2,21:45:47,0,-1,2,AA7242,0,1,90
2,3,21:47:28,0,-1,2,AA7242,0,1,40
3,4,21:49:40,0,-1,1,AA7242,0,1,80
4,5,21:52:43,0,-1,1,AA7242,0,1,143
5,6,21:53:44,0,-1,1,AA7242,0,1,20
6,7,22:03:00,0,-1,-1,AA7242,0,1,535
7,8,22:04:44,0,-1,-1,AA7242,0,1,94
8,9,22:06:15,0,-1,1,AA7242,0,1,70
9,10,22:07:26,0,-1,1,AA7242,0,1,30
10,11,22:10:22,0,-1,1,AA7242,0,1,165
11,12,22:11:25,0,-1,1,AA7242,0,1,20
12,13,22:13:18,0,-1,1,AA7242,0,1,67
13,14,22:14:43,0,-1,1,AA7242,0,1,40
14,15,22:16:44,0,-1,-1,AA7242,0,1,40
15,16,22:18:59,0,-1,1,AA7242,0,1,105
16,17,22:26:08,0,-1,1,AA7242,0,1,373
17,19,22:32:31,0,-1,2,AA7242,1,1,332
19,20,22:34:35,0,-1,1,AA7242,0,1,71
20,21,22:37:54,0,-1,1,AA7242,0,1,189
21,22,22:40:19,0,-1,-1,AA7242,0,1,104
0,1,22:53:47,0,-1,-1,AA7242,0,1,80
1,2,22:56:35,0,-1,2,AA7242,0,1,136
2,3,22:58:26,0,-1,1,AA7242,0,1,101
3,4,23:00:27,0,-1,1,AA7242,0,1,90
4,5,23:02:54,0,-1,1,AA7242,0,1,111
5,6,23:04:25,0,-1,1,AA7242,0,1,20
6,7,23:13:44,0,-1,1,AA7242,0,1,539
7,8,23:16:06,0,-1,2,AA7242,0,1,121
8,9,23:17:16,0,-1,1,AA7242,0,1,40
9,10,23:18:07,0,-1,1,AA7242,0,1,30
10,11,23:21:29,0,-1,1,AA7242,0,1,181
11,12,23:22:30,0,-1,1,AA7242,0,1,30
12,13,23:23:52,0,-1,1,AA7242,0,1,52
13,14,23:24:53,0,-1,1,AA7242,0,1,40
14,15,23:26:24,0,-1,-1,AA7242,0,1,30
15,16,23:28:35,0,-1,1,AA7242,0,1,101
16,17,23:35:20,0,-1,1,AA7242,0,1,374
17,18,23:36:34,0,-1,1,AA7242,0,1,34
18,19,23:40:47,0,-1,2,AA7242,0,1,242
19,20,23:42:29,0,-1,1,AA7242,0,1,50
20,21,23:44:52,0,-1,1,AA7242,0,1,133
21,22,23:46:43,0,-1,-1,AA7242,0,1,80
0,1,6:01:48,0,-1,-1,AA7301,0,2,80
1,2,6:04:10,0,-1,2,AA7301,0,2,131
2,3,6:06:24,0,-1,1,AA7301,0,2,102
3,4,6:08:36,0,-1,1,AA7301,0,2,70
4,5,6:10:57,0,-1,1,AA7301,0,2,101
5,7,6:21:24,0,-1,-1,AA7301,1,2,562
7,8,6:23:36,0,-1,-1,AA7301,0,2,101
8,9,6:24:46,0,-1,-1,AA7301,0,2,50
9,10,6:25:57,0,-1,1,AA7301,0,2,30
10,11,6:27:38,0,-1,1,AA7301,0,2,80
11,12,6:27:58,0,-1,1,AA7301,0,2,10
12,13,6:29:23,0,-1,1,AA7301,0,2,50
13,14,6:30:04,0,-1,-1,AA7301,0,2,30
14,15,6:31:25,0,-1,-1,AA7301,0,2,30
15,16,6:33:46,0,-1,-1,AA7301,0,2,121
16,17,6:40:00,0,-1,1,AA7301,0,2,353
17,19,6:45:47,0,-1,2,AA7301,1,2,313
19,21,6:50:07,0,-1,-1,AA7301,1,2,208
21,22,6:52:08,0,-1,-1,AA7301,0,2,90
0,1,6:58:46,0,-1,-1,AA7301,0,2,70
1,2,7:01:17,0,-1,1,AA7301,0,2,101
2,3,7:03:29,0,-1,1,AA7301,0,2,40
3,4,7:05:21,0,-1,1,AA7301,0,2,102
4,5,7:09:14,0,-1,1,AA7301,0,2,131
5,6,7:10:35,0,-1,1,AA7301,0,2,20
6,7,7:19:20,0,-1,1,AA7301,0,2,515
7,8,7:21:35,0,-1,1,AA7301,0,2,122
8,9,7:22:56,0,-1,1,AA7301,0,2,50
9,10,7:24:07,0,-1,1,AA7301,0,2,30
10,11,7:26:18,0,-1,1,AA7301,0,2,111
11,12,7:27:09,0,-1,1,AA7301,0,2,30
12,13,7:28:29,0,-1,1,AA7301,0,2,50
13,14,7:29:33,0,-1,1,AA7301,0,2,33
14,15,7:31:04,0,-1,-1,AA7301,0,2,30
15,16,7:34:18,0,-1,1,AA7301,0,2,161
16,17,7:41:27,0,-1,1,AA7301,0,2,388
17,18,7:42:53,0,-1,1,AA7301,0,2,41
18,19,7:48:16,0,-1,3,AA7301,0,2,313
19,20,7:53:44,0,-1,2,AA7301,0,2,206
20,21,7:56:36,0,-1,1,AA7301,0,2,161
21,22,7:58:37,0,-1,-1,AA7301,0,2,101
0,1,8:05:13,0,-1,-1,AA7301,0,2,40
1,2,8:08:16,0,-1,3,AA7301,0,2,161
2,3,8:10:27,0,-1,3,AA7301,0,2,60
3,4,8:16:45,0,-1,2,AA7301,0,2,327
4,5,8:20:28,0,-1,1,AA7301,0,2,121
5,6,8:22:29,0,-1,1,AA7301,0,2,20
6,7,8:32:25,0,-1,-1,AA7301,0,2,585
7,8,8:35:48,0,-1,1,AA7301,0,2,182
8,9,8:37:49,0,-1,1,AA7301,0,2,80
9,10,8:39:00,0,-1,1,AA7301,0,2,30
10,11,8:42:57,0,-1,1,AA7301,0,2,202
11,12,8:44:18,0,-1,1,AA7301,0,2,50
12,13,8:49:26,0,-1,2,AA7301,0,2,136
13,14,8:50:37,0,-1,1,AA7301,0,2,30
14,15,8:51:58,0,-1,-1,AA7301,0,2,30
15,16,8:54:19,0,-1,1,AA7301,0,2,91
16,17,9:01:18,0,-1,1,AA7301,0,2,367
17,18,9:04:42,0,-1,1,AA7301,0,2,123
18,19,9:11:36,0,-1,3,AA7301,0,2,358
19,20,9:14:08,0,-1,2,AA7301,0,2,60
20,21,9:18:21,0,-1,1,AA7301,0,2,202
21,22,9:20:13,0,-1,-1,AA7301,0,2,60
0,2,9:32:26,0,-1,3,AA7301,1,2,287
2,3,9:35:38,0,-1,3,AA7301,0,2,101
3,4,9:36:58,0,-1,1,AA7301,0,2,20
4,5,9:40:44,0,-1,1,AA7301,0,2,154
5,6,9:42:15,0,-1,1,AA7301,0,2,20
6,7,9:51:35,0,-1,1,AA7301,0,2,540
7,8,9:53:36,0,-1,2,AA7301,0,2,111
8,9,9:56:38,0,-1,1,AA7301,0,2,151
10,11,9:59:34,0,-1,1,AA7301,0,2,75
11,12,10:00:15,0,-1,1,AA7301,0,2,30
12,13,10:01:36,0,-1,1,AA7301,0,2,60
13,14,10:02:26,0,-1,1,AA7301,0,2,30
14,15,10:03:47,0,-1,-1,AA7301,0,2,30
15,16,10:06:19,0,-1,1,AA7301,0,2,121
16,17,10:13:27,0,-1,1,AA7301,0,2,365
17,18,10:14:47,0,-1,1,AA7301,0,2,30
18,19,10:20:36,0,-1,3,AA7301,0,2,338
19,20,10:24:29,0,-1,1,AA7301,0,2,171
20,21,10:27:54,0,-1,1,AA7301,0,2,164
21,22,10:30:07,0,-1,-1,AA7301,0,2,101
0,1,11:06:39,0,-1,-1,AA7301,0,2,40
1,2,11:09:56,0,-1,3,AA7301,0,2,131
2,3,11:11:37,0,-1,2,AA7301,0,2,30
3,4,11:14:29,0,-1,1,AA7301,0,2,80
4,5,11:18:17,0,-1,1,AA7301,0,2,132
5,7,11:29:29,0,-1,1,AA7301,1,2,611
7,8,11:31:32,0,-1,2,AA7301,0,2,113
8,9,11:33:24,0,-1,1,AA7301,0,2,102
9,10,11:34:15,0,-1,1,AA7301,0,2,40
10,11,11:36:47,0,-1,1,AA7301,0,2,141
11,12,11:37:57,0,-1,1,AA7301,0,2,30
12,13,11:39:48,0,-1,1,AA7301,0,2,70
13,14,11:41:09,0,-1,1,AA7301,0,2,40
14,15,11:42:10,0,-1,-1,AA7301,0,2,30
15,16,11:44:24,0,-1,1,AA7301,0,2,111
16,17,11:51:09,0,-1,1,AA7301,0,2,374
17,19,11:58:27,0,-1,3,AA7301,1,2,387
19,20,12:02:00,0,-1,1,AA7301,0,2,172
20,21,12:05:46,0,-1,1,AA7301,0,2,216
21,22,12:08:18,0,-1,-1,AA7301,0,2,80
0,1,12:22:33,0,-1,-1,AA7301,0,2,40
1,2,12:25:16,0,-1,2,AA7301,0,2,141
2,3,12:27:37,0,-1,2,AA7301,0,2,70
3,4,12:30:29,0,-1,1,AA7301,0,2,111
4,5,12:34:16,0,-1,1,AA7301,0,2,126
5,7,12:45:47,0,-1,2,AA7301,1,2,609
7,8,12:47:38,0,-1,2,AA7301,0,2,70
8,9,12:49:03,0,-1,1,AA7301,0,2,63
9,10,12:49:44,0,-1,1,AA7301,0,2,20
10,11,12:51:35,0,-1,1,AA7301,0,2,80
11,12,12:52:25,0,-1,1,AA7301,0,2,30
12,13,12:53:36,0,-1,1,AA7301,0,2,50
13,14,12:54:57,0,-1,1,AA7301,0,2,60
14,15,12:56:58,0,-1,-1,AA7301,0,2,30
15,16,12:58:50,0,-1,1,AA7301,0,2,80
17,18,13:06:57,0,-1,1,AA7301,0,2,40
18,19,13:14:03,0,-1,3,AA7301,0,2,416
19,20,13:16:55,0,-1,1,AA7301,0,2,131
20,21,13:18:26,0,-1,1,AA7301,0,2,81
21,22,13:20:48,0,-1,-1,AA7301,0,2,90
0,1,13:37:34,0,-1,-1,AA7301,0,2,90
1,2,13:38:55,0,-1,2,AA7301,0,2,70
2,3,13:41:28,0,-1,2,AA7301,0,2,80
3,4,13:44:10,0,-1,1,AA7301,0,2,81
4,5,13:47:27,0,-1,1,AA7301,0,2,132
5,6,13:49:28,0,-1,1,AA7301,0,2,20
6,7,14:00:18,0,-1,1,AA7301,0,2,639
7,8,14:02:20,0,-1,2,AA7301,0,2,111
8,9,14:04:23,0,-1,1,AA7301,0,2,90
9,10,14:05:43,0,-1,1,AA7301,0,2,40
10,11,14:07:46,0,-1,1,AA7301,0,2,112
11,12,14:08:46,0,-1,1,AA7301,0,2,30
12,13,14:10:28,0,-1,1,AA7301,0,2,71
13,14,14:11:19,0,-1,1,AA7301,0,2,30
14,15,14:13:01,0,-1,-1,AA7301,0,2,30
15,16,14:15:24,0,-1,1,AA7301,0,2,111
16,17,14:22:35,0,-1,1,AA7301,0,2,369
17,18,14:23:35,0,-1,1,AA7301,0,2,20
18,19,14:31:10,0,-1,2,AA7301,0,2,434
19,20,14:34:15,0,-1,1,AA7301,0,2,151
20,21,14:38:08,0,-1,1,AA7301,0,2,181
21,22,14:39:59,0,-1,-1,AA7301,0,2,80
0,1,14:54:13,0,-1,-1,AA7301,0,2,73
1,2,14:56:24,0,-1,2,AA7301,0,2,50
2,3,14:58:57,0,-1,2,AA7301,0,2,40
3,4,15:00:38,0,-1,1,AA7301,0,2,30
4,5,15:04:10,0,-1,1,AA7301,0,2,141
5,6,15:05:43,0,-1,1,AA7301,0,2,30
6,7,15:16:15,0,-1,2,AA7301,0,2,621
7,8,15:18:06,0,-1,1,AA7301,0,2,101
8,9,15:20:28,0,-1,1,AA7301,0,2,91
9,10,15:21:28,0,-1,1,AA7301,0,2,10
10,11,15:25:15,0,-1,1,AA7301,0,2,186
11,12,15:26:26,0,-1,1,AA7301,0,2,50
12,13,15:30:08,0,-1,2,AA7301,0,2,111
13,14,15:30:59,0,-1,2,AA7301,0,2,20
14,15,15:32:20,0,-1,-1,AA7301,0,2,40
15,16,15:34:32,0,-1,1,AA7301,0,2,111
16,17,15:41:27,0,-1,1,AA7301,0,2,375
17,18,15:42:18,0,-1,1,AA7301,0,2,40
18,19,15:50:17,0,-1,3,AA7301,0,2,468
19,20,15:53:53,0,-1,1,AA7301,0,2,115
20,21,15:57:36,0,-1,1,AA7301,0,2,172
21,22,15:59:57,0,-1,-1,AA7301,0,2,90
0,1,10:29:15,0,-1,-1,AA7341,0,2,40
1,2,10:31:33,0,-1,2,AA7341,0,2,66
2,3,10:33:53,0,-1,2,AA7341,0,2,62
3,4,10:36:55,0,-1,1,AA7341,0,2,90
4,5,10:40:58,0,-1,1,AA7341,0,2,171
5,6,10:42:29,0,-1,1,AA7341,0,2,30
6,7,10:53:24,0,-1,2,AA7341,0,2,645
7,8,10:55:47,0,-1,1,AA7341,0,2,132
8,9,10:57:28,0,-1,1,AA7341,0,2,60
9,10,10:58:08,0,-1,1,AA7341,0,2,30
10,11,11:01:15,0,-1,1,AA7341,0,2,166
11,12,11:02:36,0,-1,1,AA7341,0,2,30
12,13,11:04:18,0,-1,1,AA7341,0,2,60
13,14,11:05:08,0,-1,1,AA7341,0,2,40
14,15,11:06:39,0,-1,-1,AA7341,0,2,40
15,16,11:09:05,0,-1,1,AA7341,0,2,91
16,17,11:16:25,0,-1,1,AA7341,0,2,409
17,18,11:17:57,0,-1,1,AA7341,0,2,51
18,19,11:23:34,0,-1,3,AA7341,0,2,317
19,20,11:27:17,0,-1,1,AA7341,0,2,162
20,21,11:29:49,0,-1,1,AA7341,0,2,141
21,22,11:32:03,0,-1,-1,AA7341,0,2,103
0,1,12:14:26,0,-1,-1,AA7341,0,2,60
1,2,12:16:48,0,-1,2,AA7341,0,2,71
2,3,12:19:39,0,-1,2,AA7341,0,2,90
3,4,12:20:42,0,-1,1,AA7341,0,2,22
4,5,12:24:45,0,-1,1,AA7341,0,2,182
5,6,12:27:57,0,-1,1,AA7341,0,2,40
6,7,12:39:20,0,-1,1,AA7341,0,2,652
7,8,12:41:45,0,-1,2,AA7341,0,2,123
8,9,12:43:26,0,-1,1,AA7341,0,2,50
9,10,12:44:27,0,-1,1,AA7341,0,2,30
10,11,12:47:28,0,-1,1,AA7341,0,2,131
11,12,12:48:33,0,-1,1,AA7341,0,2,43
12,13,12:50:24,0,-1,1,AA7341,0,2,70
13,14,12:51:25,0,-1,1,AA7341,0,2,40
14,15,12:53:56,0,-1,-1,AA7341,0,2,60
15,16,12:56:18,0,-1,1,AA7341,0,2,111
16,17,13:04:25,0,-1,1,AA7341,0,2,426
17,18,13:05:46,0,-1,1,AA7341,0,2,40
18,19,13:13:02,0,-1,3,AA7341,0,2,426
19,20,13:15:14,0,-1,1,AA7341,0,2,50
20,21,13:18:26,0,-1,1,AA7341,0,2,172
21,22,13:20:48,0,-1,-1,AA7341,0,2,101
0,1,13:28:16,0,-1,-1,AA7341,0,2,70
1,2,13:29:57,0,-1,2,AA7341,0,2,50
2,3,13:32:18,0,-1,2,AA7341,0,2,90
3,4,13:34:30,0,-1,1,AA7341,0,2,121
4,5,13:38:34,0,-1,1,AA7341,0,2,161
5,6,13:40:07,0,-1,1,AA7341,0,2,30
6,7,13:52:42,0,-1,1,AA7341,0,2,735
7,8,13:55:24,0,-1,2,AA7341,0,2,141
8,9,13:56:55,0,-1,1,AA7341,0,2,40
9,10,13:58:17,0,-1,1,AA7341,0,2,40
10,11,14:00:59,0,-1,1,AA7341,0,2,70
11,12,14:02:10,0,-1,1,AA7341,0,2,30
12,13,14:04:02,0,-1,1,AA7341,0,2,70
13,14,14:05:23,0,-1,1,AA7341,0,2,50
14,15,14:07:24,0,-1,-1,AA7341,0,2,50
15,16,14:10:18,0,-1,1,AA7341,0,2,131
16,17,14:18:17,0,-1,1,AA7341,0,2,418
17,18,14:20:18,0,-1,1,AA7341,0,2,50
18,19,14:27:28,0,-1,3,AA7341,0,2,419
19,20,14:33:45,0,-1,1,AA7341,0,2,346
20,21,14:35:57,0,-1,1,AA7341,0,2,111
21,22,14:38:08,0,-1,-1,AA7341,0,2,90
0,1,6:10:37,0,-1,-1,AA7392,0,2,10
1,2,6:12:22,0,-1,1,AA7392,0,2,30
2,3,6:14:35,0,-1,1,AA7392,0,2,91
3,4,6:16:56,0,-1,1,AA7392,0,2,80
4,5,6:19:18,0,-1,1,AA7392,0,2,121
7,8,6:32:05,0,-1,-1,AA7392,0,2,121
8,9,6:33:26,0,-1,-1,AA7392,0,2,50
9,10,6:34:37,0,-1,-1,AA7392,0,2,30
10,11,6:36:07,0,-1,1,AA7392,0,2,70
11,12,6:36:58,0,-1,1,AA7392,0,2,20
12,13,6:38:19,0,-1,1,AA7392,0,2,50
13,14,6:38:59,0,-1,1,AA7392,0,2,30
14,15,6:40:20,0,-1,-1,AA7392,0,2,30
15,16,6:42:35,0,-1,1,AA7392,0,2,101
16,17,6:49:09,0,-1,1,AA7392,0,2,363
17,18,6:50:07,0,-1,-1,AA7392,0,2,25
18,19,6:55:10,0,-1,2,AA7392,0,2,283
19,20,6:57:35,0,-1,1,AA7392,0,2,50
20,21,6:59:26,0,-1,1,AA7392,0,2,90
21,22,7:01:17,0,-1,-1,AA7392,0,2,80
0,1,7:11:35,0,-1,-1,AA7392,0,2,80
1,2,7:13:06,0,-1,2,AA7392,0,2,70
2,3,7:15:07,0,-1,2,AA7392,0,2,40
3,4,7:16:59,0,-1,1,AA7392,0,2,40
4,5,7:20:43,0,-1,1,AA7392,0,2,122
5,6,7:22:35,0,-1,1,AA7392,0,2,30
6,11,7:37:34,0,-1,1,AA7392,4,2,888
11,12,7:38:35,0,-1,1,AA7392,0,2,20
12,13,7:40:06,0,-1,1,AA7392,0,2,50
13,14,7:40:57,0,-1,1,AA7392,0,2,40
14,15,7:42:33,0,-1,-1,AA7392,0,2,31
15,16,7:45:15,0,-1,1,AA7392,0,2,141
16,17,7:51:59,0,-1,1,AA7392,0,2,363
17,18,7:53:44,0,-1,1,AA7392,0,2,64
18,19,7:59:07,0,-1,3,AA7392,0,2,303
19,20,8:02:09,0,-1,2,AA7392,0,2,80
20,21,8:06:04,0,-1,1,AA7392,0,2,162
21,22,8:08:05,0,-1,-1,AA7392,0,2,91
0,1,8:20:18,0,-1,-1,AA7392,0,2,60
1,2,8:22:19,0,-1,3,AA7392,0,2,50
2,3,8:25:47,0,-1,3,AA7392,0,2,147
3,4,8:29:43,0,-1,1,AA7392,0,2,175
4,5,8:33:56,0,-1,-1,AA7392,0,2,171
5,6,8:37:39,0,-1,1,AA7392,0,2,121
6,7,8:48:55,0,-1,2,AA7392,0,2,656
7,8,8:51:27,0,-1,2,AA7392,0,2,141
8,9,8:53:29,0,-1,1,AA7392,0,2,60
9,10,8:54:19,0,-1,1,AA7392,0,2,30
10,11,8:57:05,0,-1,1,AA7392,0,2,115
11,12,8:57:56,0,-1,1,AA7392,0,2,20
12,13,9:02:18,0,-1,1,AA7392,0,2,232
13,14,9:03:29,0,-1,1,AA7392,0,2,40
14,15,9:04:42,0,-1,-1,AA7392,0,2,32
15,16,9:06:59,0,-1,1,AA7392,0,2,116
16,17,9:14:18,0,-1,1,AA7392,0,2,388
17,18,9:15:39,0,-1,1,AA7392,0,2,40
18,19,9:22:45,0,-1,-1,AA7392,0,2,415
19,20,9:25:57,0,-1,2,AA7392,0,2,101
20,21,9:30:10,0,-1,1,AA7392,0,2,192
21,22,9:32:16,0,-1,-1,AA7392,0,2,91
0,1,9:45:37,0,-1,-1,AA7392,0,2,40
1,2,9:48:19,0,-1,2,AA7392,0,2,80
2,3,9:51:45,0,-1,3,AA7392,0,2,93
3,4,9:55:07,0,-1,1,AA7392,0,2,141
4,5,9:59:20,0,-1,1,AA7392,0,2,151
5,6,10:01:15,0,-1,1,AA7392,0,2,30
6,7,10:11:46,0,-1,1,AA7392,0,2,620
7,8,10:14:07,0,-1,2,AA7392,0,2,131
8,9,10:16:38,0,-1,1,AA7392,0,2,70
9,10,10:17:29,0,-1,1,AA7392,0,2,30
10,11,10:20:06,0,-1,1,AA7392,0,2,116
11,12,10:21:06,0,-1,1,AA7392,0,2,20
12,13,10:23:08,0,-1,1,AA7392,0,2,80
13,14,10:23:58,0,-1,1,AA7392,0,2,40
14,15,10:25:39,0,-1,-1,AA7392,0,2,30
15,16,10:28:14,0,-1,1,AA7392,0,2,124
16,17,10:35:14,0,-1,1,AA7392,0,2,378
17,18,10:37:15,0,-1,1,AA7392,0,2,60
18,19,10:43:29,0,-1,2,AA7392,0,2,364
19,20,10:47:04,0,-1,1,AA7392,0,2,133
20,21,10:49:47,0,-1,1,AA7392,0,2,142
21,22,10:51:52,0,-1,-1,AA7392,0,2,84
11,12,11:45:15,0,-1,1,AA7392,0,2,30
12,13,11:46:46,0,-1,1,AA7392,0,2,60
13,14,11:47:37,0,-1,1,AA7392,0,2,30
14,15,11:49:08,0,-1,-1,AA7392,0,2,30
15,16,11:51:50,0,-1,1,AA7392,0,2,131
16,17,11:59:18,0,-1,1,AA7392,0,2,417
17,18,12:00:18,0,-1,1,AA7392,0,2,40
18,19,12:06:07,0,-1,2,AA7392,0,2,338
19,20,12:09:19,0,-1,1,AA7392,0,2,151
20,21,12:13:05,0,-1,1,AA7392,0,2,175
21,22,12:15:06,0,-1,-1,AA7392,0,2,80
0,1,12:34:47,0,-1,-1,AA7392,0,2,102
1,2,12:36:48,0,-1,2,AA7392,0,2,60
2,3,12:39:31,0,-1,2,AA7392,0,2,62
3,4,12:41:35,0,-1,1,AA7392,0,2,40
4,5,12:45:37,0,-1,1,AA7392,0,2,171
5,6,12:47:38,0,-1,1,AA7392,0,2,40
6,7,12:57:49,0,-1,1,AA7392,0,2,589
7,8,13:00:21,0,-1,2,AA7392,0,2,131
8,9,13:01:53,0,-1,1,AA7392,0,2,70
9,10,13:03:14,0,-1,1,AA7392,0,2,30
10,11,13:06:16,0,-1,1,AA7392,0,2,151
11,12,13:07:27,0,-1,1,AA7392,0,2,30
12,13,13:09:28,0,-1,1,AA7392,0,2,81
13,14,13:10:50,0,-1,1,AA7392,0,2,41
14,15,13:12:32,0,-1,-1,AA7392,0,2,40
15,16,13:14:44,0,-1,1,AA7392,0,2,101
16,17,13:21:58,0,-1,1,AA7392,0,2,374
17,18,13:23:09,0,-1,1,AA7392,0,2,30
18,19,13:28:56,0,-1,2,AA7392,0,2,336
19,20,13:31:48,0,-1,1,AA7392,0,2,80
20,21,13:34:10,0,-1,1,AA7392,0,2,101
21,22,13:36:23,0,-1,-1,AA7392,0,2,92
0,1,13:48:48,0,-1,-1,AA7392,0,2,91
1,2,13:50:39,0,-1,3,AA7392,0,2,90
2,3,13:52:53,0,-1,2,AA7392,0,2,62
3,4,13:54:54,0,-1,1,AA7392,0,2,50
4,5,13:58:47,0,-1,1,AA7392,0,2,162
5,6,14:00:39,0,-1,1,AA7392,0,2,30
6,7,14:13:12,0,-1,2,AA7392,0,2,733
7,8,14:15:24,0,-1,2,AA7392,0,2,111
8,9,14:17:17,0,-1,1,AA7392,0,2,82
9,10,14:18:07,0,-1,1,AA7392,0,2,30
10,11,14:22:45,0,-1,1,AA7392,0,2,176
11,12,14:23:35,0,-1,1,AA7392,0,2,30
12,13,14:26:17,0,-1,1,AA7392,0,2,121
13,14,14:27:18,0,-1,1,AA7392,0,2,30
14,15,14:28:49,0,-1,-1,AA7392,0,2,40
15,16,14:31:34,0,-1,1,AA7392,0,2,134
16,17,14:38:48,0,-1,1,AA7392,0,2,384
17,18,14:40:50,0,-1,1,AA7392,0,2,40
18,19,14:48:27,0,-1,3,AA7392,0,2,436
19,20,14:53:10,0,-1,1,AA7392,0,2,202
20,21,14:58:57,0,-1,1,AA7392,0,2,314
21,22,15:02:09,0,-1,-1,AA7392,0,2,141
0,1,15:14:24,0,-1,-1,AA7392,0,2,94
1,2,15:16:15,0,-1,3,AA7392,0,2,50
2,3,15:18:36,0,-1,3,AA7392,0,2,70
3,4,15:21:59,0,-1,1,AA7392,0,2,131
4,5,15:25:15,0,-1,1,AA7392,0,2,145
5,6,15:27:07,0,-1,1,AA7392,0,2,50
6,7,15:39:46,0,-1,1,AA7392,0,2,739
7,8,15:42:18,0,-1,1,AA7392,0,2,111
8,9,15:44:39,0,-1,1,AA7392,0,2,80
9,10,15:45:20,0,-1,1,AA7392,0,2,20
10,11,15:49:36,0,-1,1,AA7392,0,2,164
11,12,15:50:47,0,-1,1,AA7392,0,2,30
12,13,15:53:43,0,-1,1,AA7392,0,2,145
13,14,15:55:44,0,-1,2,AA7392,0,2,60
14,15,15:57:36,0,-1,-1,AA7392,0,2,40
15,16,16:00:17,0,-1,1,AA7392,0,2,131
16,17,16:07:26,0,-1,1,AA7392,0,2,388
17,18,16:09:27,0,-1,1,AA7392,0,2,60
18,19,16:19:37,0,-1,3,AA7392,0,2,589
19,20,16:23:45,0,-1,2,AA7392,0,2,142
20,21,16:28:44,0,-1,1,AA7392,0,2,226
21,22,16:31:16,0,-1,-1,AA7392,0,2,112
0,1,16:42:28,0,-1,-1,AA7392,0,2,60
1,2,16:44:59,0,-1,-1,AA7392,0,2,60
2,3,16:48:07,0,-1,2,AA7392,0,2,102
3,4,16:50:39,0,-1,-1,AA7392,0,2,91
4,5,16:54:45,0,-1,-1,AA7392,0,2,185
5,6,16:56:26,0,-1,1,AA7392,0,2,40
6,7,17:07:46,0,-1,1,AA7392,0,2,669
7,8,17:09:17,0,-1,2,AA7392,0,2,80
8,9,17:11:49,0,-1,1,AA7392,0,2,121
9,10,17:12:59,0,-1,1,AA7392,0,2,30
10,11,17:16:50,0,-1,1,AA7392,0,2,195
11,12,17:17:57,0,-1,1,AA7392,0,2,10
12,13,17:19:18,0,-1,1,AA7392,0,2,60
13,14,17:20:29,0,-1,2,AA7392,0,2,40
14,15,17:22:22,0,-1,-1,AA7392,0,2,30
15,16,17:26:03,0,-1,1,AA7392,0,2,188
16,17,17:33:39,0,-1,2,AA7392,0,2,424
17,18,17:35:20,0,-1,1,AA7392,0,2,20
18,19,17:42:05,0,-1,3,AA7392,0,2,385
19,20,17:47:43,0,-1,2,AA7392,0,2,205
20,21,17:50:46,0,-1,-1,AA7392,0,2,142
21,22,17:53:25,0,-1,-1,AA7392,0,2,103
1,2,18:05:09,0,-1,3,AA7392,0,2,40
2,3,18:09:46,0,-1,2,AA7392,0,2,162
3,4,18:12:28,0,-1,1,AA7392,0,2,101
4,5,18:16:46,0,-1,2,AA7392,0,2,146
5,6,18:18:48,0,-1,1,AA7392,0,2,50
6,7,18:35:35,0,-1,1,AA7392,0,2,997
7,8,18:37:47,0,-1,2,AA7392,0,2,121
8,9,18:39:08,0,-1,1,AA7392,0,2,50
9,10,18:40:29,0,-1,1,AA7392,0,2,50
10,11,18:42:54,0,-1,1,AA7392,0,2,115
11,12,18:44:15,0,-1,2,AA7392,0,2,30
12,13,18:48:34,0,-1,1,AA7392,0,2,172
13,14,18:50:44,0,-1,-1,AA7392,0,2,71
14,15,18:54:27,0,-1,-1,AA7392,0,1,172
15,16,18:58:09,0,-1,1,AA7392,0,1,192
16,17,19:05:16,0,-1,3,AA7392,0,1,381
17,18,19:07:08,0,-1,1,AA7392,0,1,60
18,19,19:14:46,0,-1,3,AA7392,0,1,448
19,20,19:19:19,0,-1,1,AA7392,0,1,222
20,21,19:22:10,0,-1,1,AA7392,0,1,111
21,22,19:24:45,0,-1,-1,AA7392,0,1,101
0,1,19:38:03,0,-1,-1,AA7392,0,1,111
1,3,19:42:47,0,-1,2,AA7392,1,1,191
3,4,19:44:48,0,-1,1,AA7392,0,1,70
4,5,19:48:14,0,-1,1,AA7392,0,1,166
5,6,19:50:06,0,-1,-1,AA7392,0,1,50
6,7,19:59:45,0,-1,1,AA7392,0,1,559
7,8,20:01:26,0,-1,2,AA7392,0,1,80
8,9,20:02:57,0,-1,1,AA7392,0,1,60
9,10,20:03:48,0,-1,1,AA7392,0,1,40
10,11,20:05:49,0,-1,1,AA7392,0,1,101
11,12,20:07:00,0,-1,1,AA7392,0,1,20
12,13,20:08:54,0,-1,1,AA7392,0,1,94
13,14,20:10:57,0,-1,1,AA7392,0,1,50
14,15,20:12:28,0,-1,-1,AA7392,0,1,20
15,16,20:15:50,0,-1,1,AA7392,0,1,171
16,17,20:22:29,0,-1,1,AA7392,0,1,379
17,18,20:24:10,0,-1,1,AA7392,0,1,60
18,21,20:34:00,0,-1,1,AA7392,2,1,579
21,22,20:35:44,0,-1,-1,AA7392,0,1,83
16,17,0:00:20,0,-1,1,AA7405,0,2,363
17,19,0:06:36,0,-1,2,AA7405,1,2,333
19,20,0:09:08,0,-1,1,AA7405,0,2,111
20,21,0:11:09,0,-1,1,AA7405,0,2,111
21,22,0:12:41,0,-1,-1,AA7405,0,2,82
0,2,0:38:14,0,-1,1,AA7405,1,2,193
2,3,0:39:55,0,-1,1,AA7405,0,2,40
3,4,0:41:56,0,-1,1,AA7405,0,2,90
4,5,0:44:17,0,-1,1,AA7405,0,2,121
5,6,0:45:18,0,-1,1,AA7405,0,2,30
6,7,0:53:35,0,-1,1,AA7405,0,2,487
7,8,0:54:46,0,-1,-1,AA7405,0,2,60
8,9,0:55:47,0,-1,1,AA7405,0,2,40
9,10,0:56:17,0,-1,1,AA7405,0,2,20
10,11,0:57:58,0,-1,1,AA7405,0,2,80
11,12,0:58:29,0,-1,1,AA7405,0,2,20
12,13,0:59:39,0,-1,1,AA7405,0,2,40
13,14,1:00:32,0,-1,1,AA7405,0,2,42
14,15,1:01:12,0,-1,-1,AA7405,0,2,30
15,16,1:02:44,0,-1,1,AA7405,0,2,71
16,17,1:09:09,0,-1,1,AA7405,0,2,364
17,18,1:10:00,0,-1,1,AA7405,0,2,40
18,19,1:14:56,0,-1,-1,AA7405,0,2,286
19,20,1:15:57,0,-1,1,AA7405,0,2,40
20,21,1:17:18,0,-1,1,AA7405,0,2,70
21,22,1:18:49,0,-1,-1,AA7405,0,2,80
0,1,7:42:21,0,-1,-1,AA7419,0,2,462
1,2,7:44:54,0,-1,2,AA7419,0,2,141
2,3,7:49:58,0,-1,3,AA7419,0,2,111
3,4,7:53:00,0,-1,1,AA7419,0,2,111
4,5,7:57:36,0,-1,1,AA7419,0,2,161
5,6,8:00:28,0,-1,1,AA7419,0,2,60
6,8,8:12:28,0,-1,2,AA7419,1,2,710
8,9,8:13:59,0,-1,1,AA7419,0,2,70
9,10,8:15:14,0,-1,1,AA7419,0,2,30
10,11,8:17:16,0,-1,1,AA7419,0,2,70
11,12,8:18:16,0,-1,1,AA7419,0,2,30
12,13,8:21:08,0,-1,1,AA7419,0,2,141
13,14,8:22:29,0,-1,2,AA7419,0,2,40
14,15,8:24:36,0,-1,-1,AA7419,0,2,62
15,16,8:27:49,0,-1,1,AA7419,0,2,151
16,17,8:34:47,0,-1,-1,AA7419,0,2,377
17,18,8:37:39,0,-1,1,AA7419,0,2,121
18,19,8:42:57,0,-1,3,AA7419,0,2,307
19,20,8:49:16,0,-1,2,AA7419,0,2,368
20,21,8:52:18,0,-1,1,AA7419,0,2,172
21,22,8:54:39,0,-1,-1,AA7419,0,2,101
0,1,9:01:38,0,-1,-1,AA7419,0,2,70
1,2,9:04:42,0,-1,3,AA7419,0,2,83
2,3,9:07:49,0,-1,3,AA7419,0,2,101
3,4,9:11:26,0,-1,1,AA7419,0,2,91
4,5,9:14:58,0,-1,1,AA7419,0,2,131
5,6,9:17:00,0,-1,1,AA7419,0,2,30
6,7,9:27:18,0,-1,1,AA7419,0,2,597
7,8,9:29:19,0,-1,2,AA7419,0,2,111
8,9,9:31:45,0,-1,1,AA7419,0,2,95
9,10,9:32:46,0,-1,1,AA7419,0,2,30
10,11,9:35:17,0,-1,1,AA7419,0,2,101
11,12,9:36:08,0,-1,1,AA7419,0,2,20
12,13,9:37:59,0,-1,1,AA7419,0,2,80
13,14,9:38:50,0,-1,1,AA7419,0,2,40
14,15,9:40:34,0,-1,-1,AA7419,0,2,33
15,16,9:42:55,0,-1,1,AA7419,0,2,111
16,17,9:49:10,0,-1,1,AA7419,0,2,364
17,19,9:55:38,0,-1,2,AA7419,1,2,335
19,20,9:59:00,0,-1,1,AA7419,0,2,111
20,21,10:01:36,0,-1,1,AA7419,0,2,111
21,22,10:03:47,0,-1,-1,AA7419,0,2,91
0,1,10:14:47,0,-1,-1,AA7419,0,2,579
1,2,10:16:59,0,-1,2,AA7419,0,2,30
2,3,10:19:35,0,-1,3,AA7419,0,2,60
3,4,10:20:46,0,-1,1,AA7419,0,2,20
4,5,10:23:58,0,-1,1,AA7419,0,2,151
5,6,10:25:39,0,-1,1,AA7419,0,2,30
6,7,10:36:04,0,-1,1,AA7419,0,2,614
7,8,10:38:26,0,-1,1,AA7419,0,2,121
8,9,10:40:27,0,-1,1,AA7419,0,2,70
9,11,10:44:20,0,-1,1,AA7419,1,2,212
11,12,10:45:22,0,-1,1,AA7419,0,2,30
12,13,10:47:45,0,-1,1,AA7419,0,2,102
13,14,10:49:17,0,-1,1,AA7419,0,2,40
14,15,10:50:48,0,-1,-1,AA7419,0,2,30
15,16,10:53:24,0,-1,1,AA7419,0,2,126
16,17,11:01:25,0,-1,1,AA7419,0,2,429
17,18,11:02:47,0,-1,1,AA7419,0,2,30
18,19,11:08:55,0,-1,2,AA7419,0,2,358
19,20,11:11:37,0,-1,1,AA7419,0,2,71
20,21,11:13:38,0,-1,1,AA7419,0,2,90
21,22,11:15:54,0,-1,-1,AA7419,0,2,105
0,1,11:25:46,0,-1,-1,AA7419,0,2,71
1,2,11:28:28,0,-1,3,AA7419,0,2,60
2,3,11:29:59,0,-1,2,AA7419,0,2,20
3,4,11:32:34,0,-1,1,AA7419,0,2,51
4,5,11:37:47,0,-1,1,AA7419,0,2,222
5,6,11:39:38,0,-1,1,AA7419,0,2,40
6,7,11:49:38,0,-1,2,AA7419,0,2,589
7,8,11:52:10,0,-1,2,AA7419,0,2,141
8,9,11:53:43,0,-1,1,AA7419,0,2,53
9,10,11:54:45,0,-1,1,AA7419,0,2,41
10,11,11:57:17,0,-1,1,AA7419,0,2,131
11,12,11:58:37,0,-1,1,AA7419,0,2,40
12,13,12:02:20,0,-1,1,AA7419,0,2,121
13,14,12:03:00,0,-1,1,AA7419,0,2,30
14,15,12:04:56,0,-1,-1,AA7419,0,2,30
15,16,12:06:57,0,-1,1,AA7419,0,2,70
16,17,12:13:55,0,-1,1,AA7419,0,2,367
17,18,12:15:16,0,-1,1,AA7419,0,2,20
18,19,12:22:03,0,-1,3,AA7419,0,2,396
19,20,12:26:06,0,-1,1,AA7419,0,2,162
20,22,12:32:44,0,-1,-1,AA7419,1,2,388
0,2,15:43:59,0,-1,2,AA7419,1,2,202
2,3,15:45:31,0,-1,2,AA7419,0,2,41
3,4,15:47:43,0,-1,1,AA7419,0,2,91
4,5,15:51:07,0,-1,1,AA7419,0,2,163
5,6,15:52:28,0,-1,1,AA7419,0,2,30
6,7,16:04:34,0,-1,2,AA7419,0,2,706
7,8,16:07:06,0,-1,2,AA7419,0,2,141
8,9,16:08:37,0,-1,1,AA7419,0,2,60
9,10,16:09:17,0,-1,1,AA7419,0,2,30
10,11,16:10:18,0,-1,1,AA7419,0,2,50
11,12,16:10:48,0,-1,1,AA7419,0,2,20
12,13,16:12:29,0,-1,1,AA7419,0,2,80
13,14,16:13:20,0,-1,2,AA7419,0,2,40
14,15,16:14:51,0,-1,-1,AA7419,0,2,31
15,16,16:17:56,0,-1,1,AA7419,0,2,121
16,17,16:25:07,0,-1,1,AA7419,0,2,400
17,18,16:26:10,0,-1,1,AA7419,0,2,21
18,19,16:34:40,0,-1,2,AA7419,0,2,489
19,20,16:37:55,0,-1,1,AA7419,0,2,121
20,21,16:41:07,0,-1,-1,AA7419,0,2,171
21,22,16:43:18,0,-1,-1,AA7419,0,2,101
0,1,16:58:07,0,-1,-1,AA7419,0,2,60
1,2,17:00:49,0,-1,2,AA7419,0,2,30
2,3,17:02:42,0,-1,2,AA7419,0,2,52
3,4,17:04:54,0,-1,1,AA7419,0,2,70
4,5,17:08:46,0,-1,1,AA7419,0,2,141
5,6,17:10:27,0,-1,1,AA7419,0,2,20
6,7,17:20:59,0,-1,1,AA7419,0,2,622
7,8,17:23:05,0,-1,2,AA7419,0,2,115
8,9,17:24:36,0,-1,1,AA7419,0,2,60
9,10,17:25:53,0,-1,1,AA7419,0,2,20
10,11,17:29:00,0,-1,1,AA7419,0,2,135
11,12,17:30:13,0,-1,1,AA7419,0,2,30
12,13,17:31:48,0,-1,1,AA7419,0,2,50
13,14,17:32:58,0,-1,2,AA7419,0,2,40
14,15,17:34:50,0,-1,-1,AA7419,0,2,40
15,16,17:37:24,0,-1,1,AA7419,0,2,104
16,17,17:44:38,0,-1,1,AA7419,0,2,383
17,18,17:46:20,0,-1,1,AA7419,0,2,30
18,19,17:53:59,0,-1,-1,AA7419,0,2,446
19,20,17:59:33,0,-1,1,AA7419,0,2,186
20,21,18:04:59,0,-1,1,AA7419,0,2,316
21,22,18:07:45,0,-1,-1,AA7419,0,2,94
1,2,18:20:08,0,-1,3,AA7419,0,2,121
2,3,18:22:20,0,-1,2,AA7419,0,2,90
3,4,18:24:28,0,-1,1,AA7419,0,2,86
4,5,18:27:44,0,-1,2,AA7419,0,2,165
5,6,18:29:15,0,-1,1,AA7419,0,2,20
6,7,18:45:52,0,-1,1,AA7419,0,2,987
7,8,18:47:54,0,-1,1,AA7419,0,2,111
8,9,18:49:33,0,-1,1,AA7419,0,2,78
9,10,18:50:03,0,-1,1,AA7419,0,2,20
10,11,18:54:47,0,-1,-1,AA7419,0,1,192
11,12,18:55:58,0,-1,2,AA7419,0,1,30
12,13,18:58:09,0,-1,1,AA7419,0,1,91
13,14,18:59:35,0,-1,3,AA7419,0,1,50
14,15,19:02:00,0,-1,-1,AA7419,0,1,64
15,16,19:04:46,0,-1,1,AA7419,0,1,121
16,17,19:11:31,0,-1,3,AA7419,0,1,375
17,18,19:12:45,0,-1,1,AA7419,0,1,22
18,19,19:21:10,0,-1,3,AA7419,0,1,485
19,20,19:23:44,0,-1,1,AA7419,0,1,83
20,21,19:27:03,0,-1,1,AA7419,0,1,188
21,22,19:28:35,0,-1,-1,AA7419,0,1,40
0,2,19:44:58,0,-1,2,AA7419,1,1,212
2,3,19:46:19,0,-1,2,AA7419,0,1,20
3,4,19:48:25,0,-1,1,AA7419,0,1,65
4,5,19:51:16,0,-1,-1,AA7419,0,1,131
5,6,19:52:17,0,-1,-1,AA7419,0,1,20
6,7,20:01:47,0,-1,1,AA7419,0,1,559
7,8,20:03:07,0,-1,2,AA7419,0,1,70
8,9,20:04:38,0,-1,1,AA7419,0,1,50
9,10,20:05:19,0,-1,1,AA7419,0,1,20
10,11,20:07:33,0,-1,1,AA7419,0,1,114
11,12,20:08:44,0,-1,1,AA7419,0,1,30
12,13,20:10:16,0,-1,1,AA7419,0,1,71
13,14,20:11:37,0,-1,1,AA7419,0,1,50
14,15,20:13:08,0,-1,-1,AA7419,0,1,30
15,16,20:15:29,0,-1,1,AA7419,0,1,101
16,17,20:22:39,0,-1,1,AA7419,0,1,389
17,18,20:24:10,0,-1,1,AA7419,0,1,30
18,19,20:28:27,0,-1,3,AA7419,0,1,246
19,20,20:31:38,0,-1,1,AA7419,0,1,151
20,21,20:34:20,0,-1,1,AA7419,0,1,131
21,22,20:36:04,0,-1,-1,AA7419,0,1,81
0,1,11:33:35,0,-1,-1,AA7480,0,2,102
1,2,11:35:46,0,-1,2,AA7480,0,2,40
2,3,11:37:37,0,-1,2,AA7480,0,2,40
3,4,11:38:58,0,-1,1,AA7480,0,2,20
4,5,11:42:43,0,-1,1,AA7480,0,2,154
5,6,11:44:24,0,-1,1,AA7480,0,2,40
6,8,11:55:56,0,-1,2,AA7480,1,2,680
8,9,11:58:17,0,-1,1,AA7480,0,2,80
9,10,11:58:58,0,-1,1,AA7480,0,2,30
10,11,12:00:49,0,-1,1,AA7480,0,2,70
11,12,12:01:50,0,-1,1,AA7480,0,2,50
12,13,12:07:27,0,-1,1,AA7480,0,2,171
13,14,12:08:28,0,-1,1,AA7480,0,2,40
14,15,12:10:19,0,-1,-1,AA7480,0,2,101
15,16,12:13:15,0,-1,1,AA7480,0,2,165
16,17,12:20:32,0,-1,1,AA7480,0,2,366
17,18,12:23:24,0,-1,1,AA7480,0,2,30
18,19,12:28:58,0,-1,3,AA7480,0,2,313
19,20,12:33:04,0,-1,1,AA7480,0,2,165
20,21,12:34:47,0,-1,1,AA7480,0,2,50
21,22,12:36:18,0,-1,-1,AA7480,0,2,30
0,1,12:47:28,0,-1,-1,AA7480,0,2,121
1,2,12:49:24,0,-1,3,AA7480,0,2,73
2,3,12:52:15,0,-1,2,AA7480,0,2,80
3,4,12:54:27,0,-1,1,AA7480,0,2,80
4,5,12:58:09,0,-1,1,AA7480,0,2,151
5,6,13:00:00,0,-1,1,AA7480,0,2,10
6,8,13:13:22,0,-1,2,AA7480,1,2,759
8,9,13:15:34,0,-1,1,AA7480,0,2,121
9,10,13:16:45,0,-1,1,AA7480,0,2,20
10,11,13:19:27,0,-1,1,AA7480,0,2,80
11,12,13:20:17,0,-1,1,AA7480,0,2,20
12,13,13:22:19,0,-1,1,AA7480,0,2,90
13,17,13:35:20,0,-1,1,AA7480,3,2,751
17,18,13:36:43,0,-1,1,AA7480,0,2,40
18,19,13:42:18,0,-1,2,AA7480,0,2,324
19,21,13:48:48,0,-1,1,AA7480,1,2,288
21,22,13:51:09,0,-1,-1,AA7480,0,2,121
0,1,14:00:08,0,-1,-1,AA7480,0,2,90
1,2,14:02:20,0,-1,2,AA7480,0,2,121
2,3,14:05:23,0,-1,3,AA7480,0,2,171
3,4,14:07:36,0,-1,1,AA7480,0,2,91
4,5,14:12:09,0,-1,1,AA7480,0,2,263
5,6,14:14:23,0,-1,1,AA7480,0,2,112
6,7,14:28:18,0,-1,1,AA7480,0,2,804
7,8,14:31:44,0,-1,2,AA7480,0,2,195
8,9,14:33:35,0,-1,1,AA7480,0,2,60
9,10,14:34:46,0,-1,1,AA7480,0,2,50
10,11,14:37:48,0,-1,1,AA7480,0,2,161
11,12,14:38:38,0,-1,1,AA7480,0,2,20
12,13,14:40:50,0,-1,1,AA7480,0,2,90
13,15,14:43:03,0,-1,-1,AA7480,1,2,123
15,16,14:45:24,0,-1,1,AA7480,0,2,101
16,17,14:52:59,0,-1,1,AA7480,0,2,374
17,18,14:54:23,0,-1,1,AA7480,0,2,30
18,19,15:02:50,0,-1,3,AA7480,0,2,486
19,22,15:13:33,0,-1,-1,AA7480,2,2,562
0,1,8:10:47,0,-1,-1,AA7489,0,2,30
1,2,8:12:28,0,-1,3,AA7489,0,2,30
2,3,8:16:45,0,-1,3,AA7489,0,2,166
3,4,8:20:38,0,-1,1,AA7489,0,2,90
4,5,8:24:25,0,-1,1,AA7489,0,2,155
5,6,8:25:47,0,-1,1,AA7489,0,2,20
6,8,8:38:30,0,-1,1,AA7489,1,2,741
8,9,8:41:56,0,-1,1,AA7489,0,2,165
9,10,8:42:57,0,-1,1,AA7489,0,2,30
10,11,8:46:49,0,-1,1,AA7489,0,2,222
11,12,8:48:35,0,-1,1,AA7489,0,2,75
12,13,8:53:59,0,-1,2,AA7489,0,2,232
13,14,8:55:00,0,-1,1,AA7489,0,2,30
14,15,8:56:35,0,-1,-1,AA7489,0,2,34
15,16,8:59:26,0,-1,1,AA7489,0,2,131
16,17,9:06:39,0,-1,1,AA7489,0,2,381
17,18,9:08:20,0,-1,1,AA7489,0,2,50
18,19,9:14:58,0,-1,3,AA7489,0,2,374
19,20,9:17:10,0,-1,2,AA7489,0,2,81
20,21,9:20:44,0,-1,-1,AA7489,0,2,193
21,22,9:22:55,0,-1,-1,AA7489,0,2,91
0,1,9:37:09,0,-1,-1,AA7489,0,2,121
1,2,9:39:20,0,-1,3,AA7489,0,2,121
2,3,9:41:44,0,-1,3,AA7489,0,2,104
3,4,9:44:36,0,-1,1,AA7489,0,2,101
4,5,9:47:29,0,-1,1,AA7489,0,2,121
5,6,9:49:00,0,-1,1,AA7489,0,2,20
6,7,9:58:29,0,-1,2,AA7489,0,2,549
7,8,10:01:05,0,-1,2,AA7489,0,2,145
8,9,10:03:07,0,-1,1,AA7489,0,2,70
9,10,10:03:47,0,-1,1,AA7489,0,2,30
10,11,10:05:28,0,-1,1,AA7489,0,2,80
11,12,10:06:29,0,-1,1,AA7489,0,2,30
12,13,10:08:13,0,-1,1,AA7489,0,2,72
13,14,10:09:34,0,-1,1,AA7489,0,2,40
14,15,10:11:15,0,-1,-1,AA7489,0,2,20
15,16,10:13:37,0,-1,1,AA7489,0,2,90
16,17,10:20:26,0,-1,1,AA7489,0,2,378
17,19,10:27:33,0,-1,3,AA7489,1,2,397
19,20,10:31:23,0,-1,2,AA7489,0,2,168
20,21,10:35:14,0,-1,1,AA7489,0,2,179
21,22,10:37:05,0,-1,-1,AA7489,0,2,101
0,1,10:57:58,0,-1,-1,AA7489,0,2,101
1,2,11:00:44,0,-1,3,AA7489,0,2,104
2,4,11:06:19,0,-1,1,AA7489,1,2,253
4,5,11:10:46,0,-1,1,AA7489,0,2,172
5,6,11:12:28,0,-1,1,AA7489,0,2,20
6,7,11:21:59,0,-1,1,AA7489,0,2,551
7,8,11:24:04,0,-1,2,AA7489,0,2,115
8,9,11:25:56,0,-1,1,AA7489,0,2,71
9,10,11:26:36,0,-1,1,AA7489,0,2,30
10,11,11:29:19,0,-1,1,AA7489,0,2,101
11,12,11:30:19,0,-1,1,AA7489,0,2,30
12,13,11:32:23,0,-1,1,AA7489,0,2,92
13,14,11:33:45,0,-1,1,AA7489,0,2,40
14,15,11:35:16,0,-1,-1,AA7489,0,2,30
15,16,11:37:57,0,-1,1,AA7489,0,2,131
16,17,11:45:05,0,-1,1,AA7489,0,2,377
17,18,11:46:26,0,-1,1,AA7489,0,2,40
18,19,11:52:50,0,-1,3,AA7489,0,2,364
19,20,11:56:56,0,-1,1,AA7489,0,2,172
20,21,12:00:59,0,-1,1,AA7489,0,2,232
21,22,12:03:00,0,-1,-1,AA7489,0,2,80
0,1,12:11:00,0,-1,-1,AA7489,0,2,50
1,2,12:13:15,0,-1,2,AA7489,0,2,90
2,3,12:15:57,0,-1,2,AA7489,0,2,101
3,4,12:18:19,0,-1,1,AA7489,0,2,70
4,5,12:22:33,0,-1,1,AA7489,0,2,153
5,6,12:24:45,0,-1,1,AA7489,0,2,20
6,7,12:34:06,0,-1,1,AA7489,0,2,550
7,8,12:35:48,0,-1,2,AA7489,0,2,91
8,9,12:37:18,0,-1,1,AA7489,0,2,50
9,10,12:38:09,0,-1,1,AA7489,0,2,40
10,11,12:40:12,0,-1,1,AA7489,0,2,112
11,12,12:41:14,0,-1,1,AA7489,0,2,30
12,13,12:43:26,0,-1,1,AA7489,0,2,101
13,14,12:44:37,0,-1,1,AA7489,0,2,50
14,15,12:46:28,0,-1,-1,AA7489,0,2,50
15,16,12:49:34,0,-1,1,AA7489,0,2,175
16,17,12:56:48,0,-1,1,AA7489,0,2,394
17,18,12:57:39,0,-1,1,AA7489,0,2,30
18,19,13:04:05,0,-1,2,AA7489,0,2,365
19,20,13:07:47,0,-1,1,AA7489,0,2,202
20,21,13:10:20,0,-1,1,AA7489,0,2,102
21,22,13:12:42,0,-1,-1,AA7489,0,2,91
0,1,14:47:26,0,-1,-1,AA7489,0,2,70
1,2,14:49:27,0,-1,2,AA7489,0,2,50
2,3,14:51:49,0,-1,1,AA7489,0,2,131
3,4,14:54:23,0,-1,1,AA7489,0,2,93
4,5,14:58:27,0,-1,1,AA7489,0,2,152
5,6,14:59:58,0,-1,1,AA7489,0,2,30
6,7,15:11:18,0,-1,2,AA7489,0,2,670
7,8,15:14:13,0,-1,2,AA7489,0,2,154
8,9,15:16:15,0,-1,1,AA7489,0,2,101
9,10,15:17:05,0,-1,1,AA7489,0,2,30
10,11,15:20:48,0,-1,1,AA7489,0,2,212
11,12,15:23:54,0,-1,1,AA7489,0,2,156
12,13,15:27:37,0,-1,1,AA7489,0,2,131
13,14,15:28:58,0,-1,1,AA7489,0,2,40
14,15,15:30:59,0,-1,-1,AA7489,0,2,40
15,16,15:34:22,0,-1,1,AA7489,0,2,162
16,17,15:41:17,0,-1,1,AA7489,0,2,375
17,18,15:42:38,0,-1,1,AA7489,0,2,50
18,19,15:50:47,0,-1,3,AA7489,0,2,468
19,20,15:54:03,0,-1,1,AA7489,0,2,95
20,21,15:57:56,0,-1,1,AA7489,0,2,192
21,22,16:00:17,0,-1,-1,AA7489,0,2,101
0,1,16:09:47,0,-1,-1,AA7489,0,2,70
1,2,16:11:59,0,-1,3,AA7489,0,2,80
2,3,16:15:22,0,-1,2,AA7489,0,2,192
3,4,16:18:07,0,-1,1,AA7489,0,2,101
4,5,16:22:04,0,-1,1,AA7489,0,2,122
5,6,16:23:25,0,-1,1,AA7489,0,2,30
6,7,16:36:34,0,-1,1,AA7489,0,2,778
7,8,16:38:25,0,-1,2,AA7489,0,2,90
8,9,16:40:06,0,-1,1,AA7489,0,2,70
9,10,16:41:07,0,-1,-1,AA7489,0,2,30
10,11,16:43:28,0,-1,-1,AA7489,0,2,121
11,12,16:44:39,0,-1,-1,AA7489,0,2,30
12,13,16:46:35,0,-1,1,AA7489,0,2,75
13,14,16:47:57,0,-1,2,AA7489,0,2,31
14,15,16:49:58,0,-1,-1,AA7489,0,2,40
15,16,16:52:34,0,-1,-1,AA7489,0,2,125
16,17,17:01:40,0,-1,1,AA7489,0,2,495
17,18,17:03:03,0,-1,1,AA7489,0,2,30
18,19,17:09:17,0,-1,3,AA7489,0,2,353
19,20,17:12:59,0,-1,1,AA7489,0,2,101
20,21,17:17:00,0,-1,1,AA7489,0,2,181
21,22,17:19:28,0,-1,-1,AA7489,0,2,101
0,1,17:29:52,0,-1,-1,AA7489,0,2,113
1,2,17:32:18,0,-1,2,AA7489,0,2,80
2,3,17:35:50,0,-1,2,AA7489,0,2,151
3,4,17:38:15,0,-1,1,AA7489,0,2,90
4,5,17:42:05,0,-1,1,AA7489,0,2,129
5,6,17:43:27,0,-1,1,AA7489,0,2,30
6,7,17:54:09,0,-1,-1,AA7489,0,2,631
7,8,17:56:36,0,-1,1,AA7489,0,2,126
8,9,17:58:07,0,-1,1,AA7489,0,2,70
9,10,17:59:22,0,-1,1,AA7489,0,2,25
10,11,18:01:31,0,-1,1,AA7489,0,2,57
11,12,18:02:58,0,-1,1,AA7489,0,2,10
12,13,18:04:49,0,-1,1,AA7489,0,2,70
13,14,18:06:53,0,-1,2,AA7489,0,2,73
14,15,18:11:07,0,-1,-1,AA7489,0,2,80
15,16,18:15:05,0,-1,1,AA7489,0,2,217
16,17,18:23:01,0,-1,3,AA7489,0,2,394
17,18,18:24:38,0,-1,1,AA7489,0,2,30
18,19,18:36:26,0,-1,3,AA7489,0,2,697
19,20,18:41:19,0,-1,2,AA7489,0,2,283
20,21,18:49:33,0,-1,1,AA7489,0,2,442
21,22,18:52:15,0,-1,-1,AA7489,0,1,112
0,1,19:25:35,0,-1,-1,AA7489,0,1,50
1,2,19:27:34,0,-1,3,AA7489,0,1,108
2,3,19:29:26,0,-1,2,AA7489,0,1,50
3,4,19:31:57,0,-1,1,AA7489,0,1,80
4,5,19:35:10,0,-1,1,AA7489,0,1,131
5,6,19:36:42,0,-1,1,AA7489,0,1,20
6,7,19:47:34,0,-1,1,AA7489,0,1,631
7,8,19:49:35,0,-1,2,AA7489,0,1,101
8,9,19:51:06,0,-1,-1,AA7489,0,1,50
9,10,19:52:07,0,-1,-1,AA7489,0,1,40
10,11,19:55:19,0,-1,1,AA7489,0,1,111
11,12,19:56:20,0,-1,1,AA7489,0,1,30
12,13,19:58:14,0,-1,1,AA7489,0,1,70
13,14,19:59:15,0,-1,1,AA7489,0,1,40
14,15,20:01:16,0,-1,-1,AA7489,0,1,40
15,16,20:03:28,0,-1,1,AA7489,0,1,101
16,17,20:10:26,0,-1,1,AA7489,0,1,378
17,18,20:11:57,0,-1,1,AA7489,0,1,40
18,19,20:17:04,0,-1,2,AA7489,0,1,286
19,20,20:20:28,0,-1,1,AA7489,0,1,183
20,21,20:22:09,0,-1,1,AA7489,0,1,80
21,22,20:24:54,0,-1,-1,AA7489,0,1,94
0,1,20:44:29,0,-1,-1,AA7489,0,1,50
1,2,20:46:14,0,-1,1,AA7489,0,1,63
2,3,20:48:36,0,-1,1,AA7489,0,1,92
3,4,20:49:37,0,-1,1,AA7489,0,1,30
4,5,20:52:29,0,-1,1,AA7489,0,1,141
5,6,20:54:52,0,-1,1,AA7489,0,1,42
6,7,21:04:29,0,-1,1,AA7489,0,1,567
7,8,21:06:50,0,-1,2,AA7489,0,1,131
8,9,21:07:53,0,-1,1,AA7489,0,1,42
9,10,21:08:45,0,-1,1,AA7489,0,1,31
10,11,21:11:26,0,-1,1,AA7489,0,1,141
11,12,21:12:37,0,-1,1,AA7489,0,1,30
12,13,21:14:48,0,-1,1,AA7489,0,1,70
13,14,21:16:09,0,-1,1,AA7489,0,1,50
14,15,21:17:54,0,-1,-1,AA7489,0,1,33
15,16,21:20:05,0,-1,1,AA7489,0,1,111
16,17,21:26:49,0,-1,1,AA7489,0,1,363
17,18,21:27:50,0,-1,1,AA7489,0,1,30
18,19,21:33:05,0,-1,2,AA7489,0,1,304
19,20,21:35:47,0,-1,1,AA7489,0,1,70
20,21,21:39:29,0,-1,1,AA7489,0,1,172
21,22,21:41:34,0,-1,-1,AA7489,0,1,83
0,1,21:58:47,0,-1,-1,AA7489,0,1,30
1,2,22:00:48,0,-1,-1,AA7489,0,1,30
2,3,22:03:20,0,-1,-1,AA7489,0,1,101
3,4,22:05:35,0,-1,1,AA7489,0,1,40
4,5,22:09:11,0,-1,1,AA7489,0,1,135
5,6,22:10:55,0,-1,1,AA7489,0,1,32
6,7,22:20:26,0,-1,1,AA7489,0,1,561
7,8,22:22:44,0,-1,-1,AA7489,0,1,97
8,9,22:24:16,0,-1,1,AA7489,0,1,51
9,10,22:25:17,0,-1,1,AA7489,0,1,31
10,11,22:28:19,0,-1,1,AA7489,0,1,45
11,12,22:29:50,0,-1,1,AA7489,0,1,20
12,13,22:32:31,0,-1,1,AA7489,0,1,64
13,14,22:33:54,0,-1,1,AA7489,0,1,41
14,15,22:35:43,0,-1,-1,AA7489,0,1,37
15,16,22:38:14,0,-1,1,AA7489,0,1,131
16,17,22:46:03,0,-1,1,AA7489,0,1,378
17,18,22:47:15,0,-1,1,AA7489,0,1,30
18,19,22:52:37,0,-1,2,AA7489,0,1,297
19,20,22:55:59,0,-1,1,AA7489,0,1,151
20,21,22:58:26,0,-1,1,AA7489,0,1,136
21,22,23:00:47,0,-1,-1,AA7489,0,1,90
0,1,23:11:29,0,-1,-1,AA7489,0,1,40
1,2,23:13:04,0,-1,1,AA7489,0,1,34
2,3,23:14:55,0,-1,1,AA7489,0,1,40
3,4,23:16:56,0,-1,1,AA7489,0,1,70
4,5,23:19:48,0,-1,1,AA7489,0,1,131
5,6,23:21:09,0,-1,1,AA7489,0,1,20
6,7,23:30:47,0,-1,1,AA7489,0,1,558
7,8,23:32:58,0,-1,2,AA7489,0,1,111
8,9,23:34:19,0,-1,1,AA7489,0,1,50
9,10,23:35:10,0,-1,1,AA7489,0,1,30
10,11,23:39:06,0,-1,1,AA7489,0,1,215
11,12,23:40:47,0,-1,1,AA7489,0,1,30
12,13,23:42:19,0,-1,1,AA7489,0,1,60
13,14,23:43:50,0,-1,1,AA7489,0,1,40
14,15,23:45:12,0,-1,-1,AA7489,0,1,30
15,16,23:48:04,0,-1,1,AA7489,0,1,151
16,17,23:55:09,0,-1,1,AA7489,0,1,384
17,18,23:56:31,0,-1,1,AA7489,0,1,41
0,1,15:03:30,0,-1,-1,AA7596,0,2,80
1,2,15:05:53,0,-1,3,AA7596,0,2,70
2,3,15:07:56,0,-1,2,AA7596,0,2,51
3,4,15:10:48,0,-1,1,AA7596,0,2,121
4,5,15:15:34,0,-1,1,AA7596,0,2,215
5,6,15:17:16,0,-1,1,AA7596,0,2,30
6,7,15:29:18,0,-1,1,AA7596,0,2,712
7,8,15:31:19,0,-1,2,AA7596,0,2,111
8,9,15:33:41,0,-1,1,AA7596,0,2,121
9,10,15:34:52,0,-1,1,AA7596,0,2,30
10,11,15:38:35,0,-1,1,AA7596,0,2,203
11,12,15:39:46,0,-1,2,AA7596,0,2,30
12,13,15:41:37,0,-1,1,AA7596,0,2,70
13,14,15:42:58,0,-1,1,AA7596,0,2,40
14,15,15:44:39,0,-1,-1,AA7596,0,2,40
15,16,15:47:53,0,-1,1,AA7596,0,2,141
16,17,15:54:44,0,-1,1,AA7596,0,2,380
17,18,15:55:55,0,-1,1,AA7596,0,2,30
18,19,16:02:39,0,-1,3,AA7596,0,2,394
19,20,16:05:15,0,-1,2,AA7596,0,2,92
20,21,16:09:27,0,-1,1,AA7596,0,2,191
21,22,16:11:39,0,-1,-1,AA7596,0,2,90
0,2,16:27:01,0,-1,2,AA7596,1,2,185
2,3,16:29:34,0,-1,2,AA7596,0,2,143
3,4,16:32:17,0,-1,1,AA7596,0,2,91
4,5,16:36:24,0,-1,1,AA7596,0,2,166
5,6,16:37:45,0,-1,1,AA7596,0,2,30
6,7,16:50:49,0,-1,-1,AA7596,0,2,763
7,8,16:53:14,0,-1,-1,AA7596,0,2,105
8,9,16:54:45,0,-1,-1,AA7596,0,2,80
9,10,16:55:36,0,-1,1,AA7596,0,2,40
10,11,16:58:48,0,-1,1,AA7596,0,2,151
11,12,16:59:49,0,-1,1,AA7596,0,2,30
12,13,17:01:30,0,-1,1,AA7596,0,2,60
13,14,17:02:32,0,-1,2,AA7596,0,2,52
14,15,17:05:44,0,-1,-1,AA7596,0,2,50
15,16,17:08:26,0,-1,1,AA7596,0,2,121
16,17,17:15:23,0,-1,1,AA7596,0,2,376
17,18,17:16:19,0,-1,1,AA7596,0,2,35
18,19,17:24:26,0,-1,3,AA7596,0,2,466
19,20,17:29:42,0,-1,1,AA7596,0,2,306
20,21,17:31:37,0,-1,1,AA7596,0,2,105
21,22,17:33:39,0,-1,-1,AA7596,0,2,111
1,2,17:42:37,0,-1,3,AA7596,0,2,51
2,3,17:45:08,0,-1,3,AA7596,0,2,141
3,4,17:48:54,0,-1,1,AA7596,0,2,163
4,5,17:53:15,0,-1,-1,AA7596,0,2,169
5,6,17:55:20,0,-1,1,AA7596,0,2,30
6,7,18:07:14,0,-1,1,AA7596,0,2,703
7,8,18:09:26,0,-1,2,AA7596,0,2,122
8,9,18:11:17,0,-1,1,AA7596,0,2,101
9,10,18:11:58,0,-1,1,AA7596,0,2,30
10,11,18:15:05,0,-1,1,AA7596,0,2,96
11,12,18:16:36,0,-1,1,AA7596,0,2,30
12,13,18:19:38,0,-1,1,AA7596,0,2,131
13,14,18:22:20,0,-1,2,AA7596,0,2,101
14,15,18:26:29,0,-1,-1,AA7596,0,2,60
15,16,18:29:05,0,-1,1,AA7596,0,2,115
16,17,18:36:56,0,-1,3,AA7596,0,2,406
17,18,18:38:57,0,-1,1,AA7596,0,2,50
18,19,18:48:14,0,-1,3,AA7596,0,2,546
19,20,18:53:16,0,-1,-1,AA7596,0,1,192
20,21,18:55:48,0,-1,1,AA7596,0,1,141
21,22,18:58:20,0,-1,-1,AA7596,0,1,91
0,1,19:09:19,0,-1,-1,AA7596,0,1,58
1,2,19:11:51,0,-1,3,AA7596,0,1,51
2,3,19:15:16,0,-1,2,AA7596,0,1,121
3,4,19:17:38,0,-1,1,AA7596,0,1,101
4,5,19:21:00,0,-1,2,AA7596,0,1,171
5,6,19:22:10,0,-1,1,AA7596,0,1,30
6,7,19:33:29,0,-1,1,AA7596,0,1,667
7,8,19:35:52,0,-1,2,AA7596,0,1,102
8,9,19:37:22,0,-1,1,AA7596,0,1,70
9,10,19:39:04,0,-1,1,AA7596,0,1,71
10,11,19:41:06,0,-1,1,AA7596,0,1,100
11,12,19:42:06,0,-1,1,AA7596,0,1,30
12,13,19:44:07,0,-1,1,AA7596,0,1,80
13,14,19:45:18,0,-1,2,AA7596,0,1,30
14,15,19:46:39,0,-1,-1,AA7596,0,1,20
15,16,19:49:05,0,-1,1,AA7596,0,1,105
16,17,19:56:20,0,-1,1,AA7596,0,1,394
17,18,19:57:44,0,-1,1,AA7596,0,1,40
18,19,20:02:37,0,-1,3,AA7596,0,1,282
19,20,20:05:49,0,-1,1,AA7596,0,1,131
20,21,20:07:33,0,-1,1,AA7596,0,1,94
21,22,20:09:56,0,-1,-1,AA7596,0,1,102
19,20,0:00:52,0,-1,1,AA7842,0,2,52
20,21,0:03:24,0,-1,1,AA7842,0,2,121
21,22,0:05:25,0,-1,-1,AA7842,0,2,80
0,1,0:24:20,0,-1,-1,AA7842,0,2,50
1,2,0:26:25,0,-1,1,AA7842,0,2,70
2,3,0:28:26,0,-1,1,AA7842,0,2,60
3,4,0:30:27,0,-1,1,AA7842,0,2,80
4,5,0:33:19,0,-1,1,AA7842,0,2,141
5,7,0:43:17,0,-1,1,AA7842,1,2,557
7,8,0:44:48,0,-1,-1,AA7842,0,2,80
8,10,0:46:49,0,-1,1,AA7842,1,2,90
10,11,0:48:00,0,-1,1,AA7842,0,2,50
11,12,0:48:51,0,-1,1,AA7842,0,2,30
12,13,0:49:52,0,-1,1,AA7842,0,2,51
13,14,0:51:04,0,-1,1,AA7842,0,2,41
14,15,0:52:05,0,-1,-1,AA7842,0,2,30
15,16,0:54:16,0,-1,1,AA7842,0,2,101
16,17,1:01:02,0,-1,1,AA7842,0,2,366
17,18,1:02:13,0,-1,1,AA7842,0,2,40
18,19,1:06:47,0,-1,2,AA7842,0,2,264
19,20,1:07:28,0,-1,1,AA7842,0,2,30
20,21,1:10:43,0,-1,-1,AA7842,0,2,145
21,22,1:12:14,0,-1,-1,AA7842,0,2,80
0,1,6:18:58,0,-1,-1,AA7842,0,2,60
1,2,6:21:24,0,-1,-1,AA7842,0,2,136
2,3,6:23:15,0,-1,-1,AA7842,0,2,50
3,4,6:25:17,0,-1,1,AA7842,0,2,40
4,5,6:29:33,0,-1,1,AA7842,0,2,155
5,6,6:31:14,0,-1,-1,AA7842,0,2,40
6,7,6:40:20,0,-1,1,AA7842,0,2,535
7,8,6:42:35,0,-1,2,AA7842,0,2,121
8,9,6:43:56,0,-1,1,AA7842,0,2,50
9,10,6:45:07,0,-1,1,AA7842,0,2,40
10,11,6:46:38,0,-1,1,AA7842,0,2,80
11,12,6:48:09,0,-1,1,AA7842,0,2,30
12,13,6:49:20,0,-1,1,AA7842,0,2,50
13,14,6:50:17,0,-1,-1,AA7842,0,2,45
14,15,6:51:28,0,-1,-1,AA7842,0,2,40
15,16,6:54:09,0,-1,-1,AA7842,0,2,101
16,17,7:01:07,0,-1,1,AA7842,0,2,387
17,19,7:06:52,0,-1,2,AA7842,1,2,304
19,20,7:10:55,0,-1,1,AA7842,0,2,151
20,21,7:12:56,0,-1,1,AA7842,0,2,111
21,22,7:14:47,0,-1,-1,AA7842,0,2,101
0,1,7:23:06,0,-1,-1,AA7842,0,2,90
1,2,7:24:37,0,-1,2,AA7842,0,2,40
2,3,7:26:48,0,-1,2,AA7842,0,2,40
3,4,7:28:50,0,-1,1,AA7842,0,2,30
4,5,7:33:17,0,-1,1,AA7842,0,2,173
5,6,7:35:29,0,-1,1,AA7842,0,2,30
6,7,7:44:44,0,-1,1,AA7842,0,2,544
7,8,7:47:06,0,-1,1,AA7842,0,2,131
8,9,7:48:47,0,-1,1,AA7842,0,2,60
9,10,7:49:47,0,-1,1,AA7842,0,2,30
10,11,7:51:08,0,-1,1,AA7842,0,2,70
11,12,7:52:09,0,-1,1,AA7842,0,2,20
12,13,7:53:44,0,-1,1,AA7842,0,2,64
13,14,7:55:25,0,-1,1,AA7842,0,2,50
14,15,7:57:06,0,-1,-1,AA7842,0,2,50
15,16,7:59:17,0,-1,1,AA7842,0,2,80
16,17,8:06:34,0,-1,1,AA7842,0,2,386
17,18,8:08:16,0,-1,1,AA7842,0,2,40
18,19,8:14:54,0,-1,2,AA7842,0,2,388
19,20,8:22:09,0,-1,2,AA7842,0,2,374
20,21,8:25:37,0,-1,1,AA7842,0,2,187
21,22,8:27:49,0,-1,-1,AA7842,0,2,90
0,1,8:35:38,0,-1,-1,AA7842,0,2,398
1,2,8:38:40,0,-1,3,AA7842,0,2,121
2,3,8:41:56,0,-1,3,AA7842,0,2,111
3,4,8:47:10,0,-1,2,AA7842,0,2,192
4,5,8:52:48,0,-1,1,AA7842,0,2,171
5,6,8:55:40,0,-1,1,AA7842,0,2,60
6,7,9:06:18,0,-1,2,AA7842,0,2,607
7,8,9:08:44,0,-1,2,AA7842,0,2,114
8,9,9:10:46,0,-1,1,AA7842,0,2,81
9,10,9:12:47,0,-1,1,AA7842,0,2,70
10,11,9:15:29,0,-1,1,AA7842,0,2,151
11,12,9:16:29,0,-1,1,AA7842,0,2,30
12,14,9:19:23,0,-1,1,AA7842,1,2,142
14,15,9:20:33,0,-1,-1,AA7842,0,2,30
15,16,9:22:45,0,-1,-1,AA7842,0,2,80
16,17,9:29:50,0,-1,1,AA7842,0,2,384
17,18,9:31:15,0,-1,1,AA7842,0,2,54
18,19,9:38:09,0,-1,3,AA7842,0,2,404
19,20,9:43:36,0,-1,2,AA7842,0,2,275
20,21,9:47:08,0,-1,1,AA7842,0,2,202
21,22,9:49:20,0,-1,-1,AA7842,0,2,80
1,2,10:25:09,0,-1,2,AA7842,0,2,91
2,3,10:28:25,0,-1,2,AA7842,0,2,111
3,4,10:30:37,0,-1,1,AA7842,0,2,71
4,5,10:35:14,0,-1,1,AA7842,0,2,168
5,6,10:36:55,0,-1,1,AA7842,0,2,30
6,7,10:47:25,0,-1,2,AA7842,0,2,619
7,8,10:49:27,0,-1,2,AA7842,0,2,102
8,10,10:52:13,0,-1,1,AA7842,1,2,115
10,11,10:55:27,0,-1,1,AA7842,0,2,152
11,12,10:56:17,0,-1,1,AA7842,0,2,20
12,13,10:57:48,0,-1,1,AA7842,0,2,60
13,14,10:59:09,0,-1,1,AA7842,0,2,50
14,15,11:01:25,0,-1,-1,AA7842,0,2,51
15,16,11:03:37,0,-1,1,AA7842,0,2,81
16,19,11:18:57,0,-1,3,AA7842,2,2,879
19,20,11:21:19,0,-1,1,AA7842,0,2,70
20,21,11:24:55,0,-1,1,AA7842,0,2,186
21,22,11:27:17,0,-1,-1,AA7842,0,2,101
0,1,11:40:59,0,-1,-1,AA7842,0,2,740
1,2,11:43:13,0,-1,2,AA7842,0,2,83
2,3,11:45:46,0,-1,2,AA7842,0,2,112
3,4,11:46:56,0,-1,1,AA7842,0,2,20
4,5,11:50:39,0,-1,1,AA7842,0,2,161
5,6,11:52:50,0,-1,1,AA7842,0,2,30
6,7,12:02:30,0,-1,1,AA7842,0,2,569
7,8,12:04:26,0,-1,2,AA7842,0,2,85
8,9,12:06:07,0,-1,1,AA7842,0,2,60
9,10,12:07:07,0,-1,1,AA7842,0,2,30
10,11,12:08:48,0,-1,1,AA7842,0,2,80
11,12,12:10:19,0,-1,1,AA7842,0,2,30
12,13,12:13:25,0,-1,1,AA7842,0,2,145
13,14,12:14:36,0,-1,1,AA7842,0,2,50
14,15,12:15:37,0,-1,-1,AA7842,0,2,30
15,16,12:18:09,0,-1,1,AA7842,0,2,90
16,17,12:26:26,0,-1,1,AA7842,0,2,457
17,18,12:28:27,0,-1,1,AA7842,0,2,40
18,19,12:34:47,0,-1,3,AA7842,0,2,359
19,20,12:38:59,0,-1,1,AA7842,0,2,181
20,21,12:41:55,0,-1,1,AA7842,0,2,155
21,22,12:43:56,0,-1,-1,AA7842,0,2,90
1,2,12:58:19,0,-1,3,AA7842,0,2,111
2,3,13:01:13,0,-1,2,AA7842,0,2,102
3,4,13:03:34,0,-1,1,AA7842,0,2,80
4,5,13:07:47,0,-1,1,AA7842,0,2,171
5,6,13:09:18,0,-1,1,AA7842,0,2,20
6,7,13:19:47,0,-1,1,AA7842,0,2,618
7,8,13:21:18,0,-1,2,AA7842,0,2,80
8,9,13:22:49,0,-1,1,AA7842,0,2,60
9,10,13:23:29,0,-1,1,AA7842,0,2,30
10,11,13:25:02,0,-1,1,AA7842,0,2,72
11,12,13:25:44,0,-1,1,AA7842,0,2,21
12,13,13:28:16,0,-1,1,AA7842,0,2,111
13,14,13:29:06,0,-1,2,AA7842,0,2,30
14,15,13:30:17,0,-1,-1,AA7842,0,2,30
15,16,13:32:59,0,-1,1,AA7842,0,2,111
16,17,13:40:27,0,-1,1,AA7842,0,2,407
19,20,13:51:50,0,-1,1,AA7842,0,2,70
20,21,13:55:55,0,-1,1,AA7842,0,2,224
21,22,13:58:17,0,-1,-1,AA7842,0,2,91
1,2,14:11:49,0,-1,2,AA7842,0,2,50
2,3,14:14:33,0,-1,2,AA7842,0,2,153
3,4,14:16:56,0,-1,1,AA7842,0,2,82
4,5,14:20:54,0,-1,1,AA7842,0,2,156
5,6,14:23:25,0,-1,1,AA7842,0,2,40
6,7,14:34:46,0,-1,1,AA7842,0,2,670
7,8,14:36:47,0,-1,2,AA7842,0,2,111
8,9,14:38:28,0,-1,1,AA7842,0,2,90
9,10,14:38:59,0,-1,1,AA7842,0,2,20
10,11,14:41:00,0,-1,1,AA7842,0,2,80
11,12,14:42:02,0,-1,1,AA7842,0,2,20
12,13,14:43:54,0,-1,1,AA7842,0,2,80
13,14,14:44:54,0,-1,1,AA7842,0,2,40
14,15,14:46:35,0,-1,-1,AA7842,0,2,40
15,16,14:49:37,0,-1,1,AA7842,0,2,162
16,17,14:56:55,0,-1,1,AA7842,0,2,396
17,18,14:58:06,0,-1,1,AA7842,0,2,41
18,19,15:05:23,0,-1,3,AA7842,0,2,426
19,20,15:07:25,0,-1,1,AA7842,0,2,81
20,21,15:11:59,0,-1,1,AA7842,0,2,222
21,22,15:14:24,0,-1,-1,AA7842,0,2,104
1,2,15:26:56,0,-1,2,AA7842,0,2,91
2,3,15:29:38,0,-1,2,AA7842,0,2,151
3,4,15:32:00,0,-1,1,AA7842,0,2,80
4,5,15:35:53,0,-1,1,AA7842,0,2,141
5,6,15:37:14,0,-1,1,AA7842,0,2,30
6,7,15:49:36,0,-1,1,AA7842,0,2,731
7,8,15:51:37,0,-1,2,AA7842,0,2,111
8,9,15:53:08,0,-1,1,AA7842,0,2,50
9,10,15:53:43,0,-1,1,AA7842,0,2,24
10,11,15:55:44,0,-1,1,AA7842,0,2,70
11,12,15:56:55,0,-1,1,AA7842,0,2,30
12,13,15:59:17,0,-1,1,AA7842,0,2,111
13,14,16:00:38,0,-1,1,AA7842,0,2,50
14,15,16:03:20,0,-1,-1,AA7842,0,2,60
15,16,16:06:05,0,-1,1,AA7842,0,2,122
16,17,16:12:49,0,-1,1,AA7842,0,2,373
17,18,16:14:20,0,-1,1,AA7842,0,2,60
18,19,16:23:15,0,-1,3,AA7842,0,2,523
19,20,16:26:10,0,-1,1,AA7842,0,2,83
20,21,16:28:54,0,-1,1,AA7842,0,2,112
21,22,16:31:26,0,-1,-1,AA7842,0,2,112
8,9,16:52:34,0,-1,-1,AA7842,0,2,54
9,10,16:53:14,0,-1,-1,AA7842,0,2,30
10,11,16:55:05,0,-1,1,AA7842,0,2,70
11,12,16:56:06,0,-1,1,AA7842,0,2,30
12,13,16:57:57,0,-1,1,AA7842,0,2,90
13,14,16:58:58,0,-1,2,AA7842,0,2,40
14,15,17:00:09,0,-1,-1,AA7842,0,2,60
15,16,17:03:43,0,-1,1,AA7842,0,2,204
16,17,17:12:29,0,-1,1,AA7842,0,2,485
17,19,17:23:15,0,-1,3,AA7842,1,2,556
19,20,17:27:15,0,-1,1,AA7842,0,2,179
20,21,17:31:37,0,-1,1,AA7842,0,2,208
21,22,17:33:39,0,-1,-1,AA7842,0,2,101
0,1,17:49:54,0,-1,-1,AA7842,0,2,91
1,2,17:52:44,0,-1,-1,AA7842,0,2,108
2,3,17:53:59,0,-1,-1,AA7842,0,2,54
3,4,17:56:10,0,-1,1,AA7842,0,2,90
4,5,18:00:44,0,-1,1,AA7842,0,2,167
5,6,18:02:38,0,-1,1,AA7842,0,2,45
6,7,18:20:08,0,-1,1,AA7842,0,2,1040
7,8,18:22:20,0,-1,2,AA7842,0,2,90
8,10,18:24:38,0,-1,1,AA7842,1,2,107
10,11,18:27:09,0,-1,1,AA7842,0,2,111
11,12,18:28:54,0,-1,1,AA7842,0,2,30
12,13,18:33:06,0,-1,2,AA7842,0,2,156
13,14,18:35:35,0,-1,2,AA7842,0,2,118
14,15,18:37:57,0,-1,-1,AA7842,0,2,50
15,16,18:40:49,0,-1,1,AA7842,0,2,111
16,17,18:49:08,0,-1,3,AA7842,0,2,408
17,19,18:59:55,0,-1,3,AA7842,1,1,612
19,20,19:05:16,0,-1,1,AA7842,0,1,250
20,21,19:13:55,0,-1,1,AA7842,0,1,468
21,22,19:16:17,0,-1,-1,AA7842,0,1,90
1,2,19:55:19,0,-1,2,AA7842,0,1,50
2,3,19:57:24,0,-1,2,AA7842,0,1,104
3,4,19:59:35,0,-1,1,AA7842,0,1,90
4,5,20:02:27,0,-1,1,AA7842,0,1,141
5,6,20:03:38,0,-1,1,AA7842,0,1,40
6,7,20:12:58,0,-1,1,AA7842,0,1,550
7,8,20:15:09,0,-1,2,AA7842,0,1,121
8,9,20:16:54,0,-1,1,AA7842,0,1,74
9,10,20:17:44,0,-1,1,AA7842,0,1,40
10,11,20:19:57,0,-1,1,AA7842,0,1,102
11,12,20:20:58,0,-1,1,AA7842,0,1,30
12,13,20:22:59,0,-1,1,AA7842,0,1,90
13,14,20:24:20,0,-1,1,AA7842,0,1,50
14,15,20:25:54,0,-1,-1,AA7842,0,1,50
15,16,20:28:16,0,-1,1,AA7842,0,1,111
16,17,20:35:02,0,-1,1,AA7842,0,1,375
17,18,20:36:14,0,-1,1,AA7842,0,1,40
18,19,20:41:07,0,-1,2,AA7842,0,1,282
19,20,20:42:38,0,-1,1,AA7842,0,1,60
20,21,20:44:39,0,-1,1,AA7842,0,1,111
21,22,20:47:24,0,-1,-1,AA7842,0,1,101
1,2,21:03:28,0,-1,2,AA7842,0,1,30
2,3,21:05:19,0,-1,1,AA7842,0,1,60
3,4,21:07:21,0,-1,1,AA7842,0,1,80
4,5,21:10:36,0,-1,1,AA7842,0,1,142
5,7,21:21:06,0,-1,1,AA7842,1,1,589
7,8,21:23:07,0,-1,1,AA7842,0,1,90
8,9,21:24:18,0,-1,1,AA7842,0,1,50
9,10,21:25:18,0,-1,1,AA7842,0,1,40
10,11,21:27:10,0,-1,1,AA7842,0,1,90
11,12,21:28:10,0,-1,1,AA7842,0,1,20
12,13,21:29:43,0,-1,1,AA7842,0,1,60
13,14,21:31:04,0,-1,1,AA7842,0,1,50
14,15,21:32:45,0,-1,-1,AA7842,0,1,60
15,16,21:35:16,0,-1,1,AA7842,0,1,111
16,17,21:42:14,0,-1,1,AA7842,0,1,387
17,18,21:43:35,0,-1,1,AA7842,0,1,30
18,19,21:48:49,0,-1,2,AA7842,0,1,303
19,20,21:50:20,0,-1,1,AA7842,0,1,50
20,21,21:53:13,0,-1,1,AA7842,0,1,161
21,22,21:55:15,0,-1,-1,AA7842,0,1,90
1,2,22:16:24,0,-1,2,AA7842,0,1,40
2,3,22:18:29,0,-1,1,AA7842,0,1,74
3,4,22:20:36,0,-1,1,AA7842,0,1,96
4,5,22:23:24,0,-1,1,AA7842,0,1,137
5,6,22:24:36,0,-1,1,AA7842,0,1,20
6,8,22:35:32,0,-1,1,AA7842,1,1,646
8,9,22:36:53,0,-1,1,AA7842,0,1,60
9,10,22:37:44,0,-1,1,AA7842,0,1,30
10,11,22:39:45,0,-1,1,AA7842,0,1,101
11,12,22:40:50,0,-1,1,AA7842,0,1,10
12,13,22:42:46,0,-1,1,AA7842,0,1,60
13,14,22:43:46,0,-1,1,AA7842,0,1,35
14,15,22:44:51,0,-1,-1,AA7842,0,1,10
15,16,22:47:49,0,-1,1,AA7842,0,1,147
16,17,22:54:28,0,-1,1,AA7842,0,1,374
17,18,22:55:59,0,-1,1,AA7842,0,1,50
18,19,23:01:02,0,-1,2,AA7842,0,1,293
19,20,23:02:33,0,-1,1,AA7842,0,1,60
20,21,23:05:15,0,-1,1,AA7842,0,1,151
21,22,23:07:16,0,-1,-1,AA7842,0,1,90
0,1,23:27:24,0,-1,-1,AA7842,0,1,50
1,3,23:31:38,0,-1,1,AA7842,1,1,233
3,4,23:33:39,0,-1,1,AA7842,0,1,90
4,5,23:36:20,0,-1,1,AA7842,0,1,131
5,7,23:46:33,0,-1,1,AA7842,1,1,578
7,8,23:48:14,0,-1,1,AA7842,0,1,90
8,9,23:49:35,0,-1,1,AA7842,0,1,50
9,10,23:50:26,0,-1,1,AA7842,0,1,30
10,11,23:52:37,0,-1,1,AA7842,0,1,90
11,12,23:53:38,0,-1,1,AA7842,0,1,30
12,13,23:55:09,0,-1,1,AA7842,0,1,60
13,14,23:56:20,0,-1,1,AA7842,0,1,40
14,15,23:57:22,0,-1,-1,AA7842,0,1,30
15,16,23:59:43,0,-1,1,AA7842,0,1,111
0,1,15:30:59,0,-1,-1,AC4098,0,2,20
1,2,15:33:00,0,0,2,AC4098,0,2,50
2,3,15:35:42,0,0,2,AC4098,0,2,152
3,4,15:38:35,0,0,1,AC4098,0,2,121
4,5,15:42:28,0,0,1,AC4098,0,2,151
5,6,15:43:39,0,0,1,AC4098,0,2,20
6,7,15:56:35,0,0,1,AC4098,0,2,766
7,8,15:59:27,0,0,2,AC4098,0,2,161
8,9,16:00:48,0,0,1,AC4098,0,2,70
9,10,16:01:18,0,0,1,AC4098,0,2,20
10,11,16:04:44,0,0,1,AC4098,0,2,175
11,12,16:05:45,0,0,1,AC4098,0,2,30
12,13,16:07:46,0,0,1,AC4098,0,2,90
13,14,16:08:37,0,0,2,AC4098,0,2,40
14,15,16:10:28,0,0,-1,AC4098,0,2,60
15,16,16:13:40,0,0,1,AC4098,0,2,141
16,18,16:22:24,0,0,1,AC4098,1,2,484
18,19,16:31:57,0,0,2,AC4098,0,2,562
19,20,16:35:33,0,0,1,AC4098,0,2,95
20,21,16:38:25,0,0,1,AC4098,0,2,161
21,22,16:40:46,0,-1,-1,AC4098,0,2,80
0,1,7:03:59,0,-1,-1,MZ8441,0,2,50
1,2,7:06:22,0,-1,1,MZ8441,0,2,90
2,3,7:08:13,0,-1,2,MZ8441,0,2,90
3,4,7:10:14,0,-1,1,MZ8441,0,2,70
4,5,7:13:06,0,-1,1,MZ8441,0,2,141
5,6,7:14:37,0,-1,1,MZ8441,0,2,20
6,8,7:26:08,0,-1,1,MZ8441,1,2,680
8,9,7:27:49,0,-1,1,MZ8441,0,2,70
9,10,7:29:00,0,-1,1,MZ8441,0,2,30
10,11,7:30:24,0,-1,1,MZ8441,0,2,63
11,12,7:31:14,0,-1,1,MZ8441,0,2,30
12,13,7:32:57,0,-1,1,MZ8441,0,2,60
13,14,7:33:48,0,-1,1,MZ8441,0,2,20
14,15,7:35:49,0,-1,-1,MZ8441,0,2,91
15,16,7:38:35,0,-1,1,MZ8441,0,2,135
16,17,7:46:35,0,-1,1,MZ8441,0,2,450
17,18,7:48:27,0,-1,1,MZ8441,0,2,60
18,19,7:53:34,0,-1,3,MZ8441,0,2,297
19,20,8:01:09,0,-1,2,MZ8441,0,2,374
20,21,8:03:52,0,-1,1,MZ8441,0,2,133
21,22,8:06:24,0,-1,-1,MZ8441,0,2,101
0,1,7:27:24,1,-1,-1,AA6507,0,4,70
1,2,7:29:43,1,-1,2,AA6507,0,4,91
2,3,7:32:13,1,-1,-1,AA6507,0,4,57
3,4,7:34:47,1,-1,-1,AA6507,0,4,39
4,5,7:39:34,1,-1,1,AA6507,0,4,202
5,6,7:41:35,1,-1,1,AA6507,0,4,40
6,7,7:51:20,1,-1,1,AA6507,0,4,561
7,8,7:52:54,1,-1,1,AA6507,0,4,82
8,9,7:54:26,1,-1,1,AA6507,0,4,56
9,10,7:55:23,1,-1,1,AA6507,0,4,34
10,11,7:58:47,1,-1,1,AA6507,0,4,191
11,12,7:59:47,1,-1,1,AA6507,0,4,26
12,13,8:01:37,1,-1,1,AA6507,0,4,85
13,14,8:03:24,1,-1,1,AA6507,0,4,61
14,15,8:05:47,1,-1,-1,AA6507,0,4,58
15,16,8:09:33,1,-1,1,AA6507,0,4,168
16,17,8:17:10,1,-1,1,AA6507,0,4,420
17,18,8:19:22,1,-1,1,AA6507,0,4,61
18,19,8:25:08,1,-1,3,AA6507,0,4,334
19,20,8:28:09,1,-1,2,AA6507,0,4,82
20,21,8:31:25,1,-1,1,AA6507,0,4,146
21,22,8:34:46,1,-1,-1,AA6507,0,4,120
0,1,8:45:09,1,-1,-1,AA6507,0,4,58
1,3,8:51:49,1,-1,3,AA6507,1,4,338
3,4,8:54:35,1,-1,1,AA6507,0,4,120
4,5,9:00:46,1,-1,1,AA6507,0,4,310
5,6,9:02:58,1,-1,1,AA6507,0,4,46
6,7,9:13:22,1,-1,1,AA6507,0,4,612
7,8,9:15:46,1,-1,2,AA6507,0,4,129
8,9,9:17:54,1,-1,1,AA6507,0,4,104
9,10,9:18:31,1,-1,1,AA6507,0,4,25
10,11,9:20:52,1,-1,1,AA6507,0,4,117
11,12,9:21:39,1,-1,1,AA6507,0,4,22
12,13,9:25:02,1,-1,1,AA6507,0,4,131
13,14,9:25:38,1,-1,1,AA6507,0,4,23
14,15,9:27:12,1,-1,-1,AA6507,0,4,34
15,16,9:30:02,1,-1,1,AA6507,0,4,123
16,17,9:36:57,1,-1,1,AA6507,0,4,392
17,18,9:38:45,1,-1,1,AA6507,0,4,46
18,19,9:44:46,1,-1,3,AA6507,0,4,349
19,20,9:51:24,1,-1,2,AA6507,0,4,338
20,21,9:54:57,1,-1,1,AA6507,0,2,201
21,22,9:57:01,1,-1,-1,AA6507,0,2,87
0,1,10:07:35,1,-1,-1,AA6507,0,4,60
1,3,10:11:44,1,-1,2,AA6507,1,4,203
3,4,10:14:26,1,-1,1,AA6507,0,2,81
4,5,10:18:51,1,-1,1,AA6507,0,2,157
5,6,10:20:24,1,-1,1,AA6507,0,2,22
6,7,10:31:10,1,-1,1,AA6507,0,4,622
7,8,10:33:37,1,-1,2,AA6507,0,4,119
8,9,10:35:12,1,-1,1,AA6507,0,4,83
9,10,10:36:01,1,-1,1,AA6507,0,4,25
10,11,10:38:21,1,-1,1,AA6507,0,4,128
11,12,10:39:11,1,-1,1,AA6507,0,4,24
12,13,10:41:37,1,-1,1,AA6507,0,2,121
13,14,10:43:03,1,-1,1,AA6507,0,2,34
14,15,10:44:47,1,-1,-1,AA6507,0,2,34
15,16,10:47:10,1,-1,1,AA6507,0,2,96
16,17,10:53:59,1,-1,1,AA6507,0,2,362
17,18,10:55:33,1,-1,1,AA6507,0,2,46
18,19,11:00:25,1,-1,3,AA6507,0,2,279
19,21,11:07:27,1,-1,1,AA6507,1,4,352
21,22,11:09:47,1,-1,-1,AA6507,0,4,93
0,1,11:20:35,1,-1,-1,AA6507,0,2,59
1,2,11:21:56,1,-1,1,AA6507,0,2,34
2,3,11:24:18,1,-1,2,AA6507,0,2,130
3,4,11:26:38,1,-1,1,AA6507,0,2,47
4,5,11:30:22,1,-1,1,AA6507,0,2,142
5,6,11:31:33,1,-1,1,AA6507,0,4,23
6,7,11:40:47,1,-1,1,AA6507,0,4,542
7,8,11:43:09,1,-1,2,AA6507,0,4,130
8,9,11:45:07,1,-1,1,AA6507,0,4,84
9,10,11:45:55,1,-1,1,AA6507,0,4,12
10,11,11:47:28,1,-1,1,AA6507,0,4,58
11,12,11:48:27,1,-1,1,AA6507,0,4,24
12,13,11:50:01,1,-1,1,AA6507,0,4,46
13,14,11:51:37,1,-1,1,AA6507,0,4,48
14,15,11:52:49,1,-1,-1,AA6507,0,4,35
15,16,11:54:45,1,-1,1,AA6507,0,4,68
16,17,12:02:02,1,-1,1,AA6507,0,4,374
17,18,12:03:36,1,-1,1,AA6507,0,4,59
18,19,12:09:10,1,-1,3,AA6507,0,4,322
19,20,12:12:00,1,-1,2,AA6507,0,2,106
20,21,12:14:47,1,-1,1,AA6507,0,2,132
21,22,12:17:00,1,-1,-1,AA6507,0,2,82
0,1,15:11:50,1,-1,-1,AA6507,0,4,73
1,2,15:14:13,1,-1,2,AA6507,0,4,34
2,3,15:16:53,1,-1,2,AA6507,0,4,67
3,4,15:19:06,1,-1,1,AA6507,0,4,60
4,18,15:24:37,1,-1,1,AA6507,1,4,250
6,7,15:42:23,1,-1,1,AA6507,0,4,1054
7,8,15:45:08,1,-1,2,AA6507,0,4,141
8,9,15:46:46,1,-1,1,AA6507,0,4,85
9,10,15:47:48,1,-1,1,AA6507,0,4,36
10,11,15:51:23,1,-1,1,AA6507,0,4,155
11,12,15:52:32,1,-1,1,AA6507,0,4,33
12,13,15:54:38,1,-1,1,AA6507,0,2,90
13,14,15:55:50,1,-1,1,AA6507,0,2,36
14,15,15:57:25,1,-1,-1,AA6507,0,2,35
15,16,15:59:50,1,-1,1,AA6507,0,2,99
16,17,16:06:58,1,-1,2,AA6507,0,4,391
17,18,16:08:35,1,-1,1,AA6507,0,4,35
18,19,16:15:24,1,-1,2,AA6507,0,4,384
19,20,16:18:50,1,-1,1,AA6507,0,4,110
20,21,16:22:45,1,-1,1,AA6507,0,4,212
21,22,16:25:09,1,-1,-1,AA6507,0,4,107
0,1,16:31:40,1,-1,-1,AA6507,0,4,93
1,3,16:35:22,1,-1,2,AA6507,1,4,163
3,4,16:37:02,1,-1,1,AA6507,0,4,11
4,5,16:40:56,1,-1,1,AA6507,0,4,164
5,6,16:41:50,1,-1,1,AA6507,0,4,22
6,7,16:53:59,1,-1,2,AA6507,0,2,717
7,8,16:55:45,1,-1,1,AA6507,0,2,94
8,9,16:57:24,1,-1,1,AA6507,0,2,69
9,10,16:58:11,1,-1,1,AA6507,0,2,34
10,11,17:00:47,1,-1,1,AA6507,0,2,111
11,12,17:01:36,1,-1,1,AA6507,0,2,26
12,13,17:02:59,1,-1,1,AA6507,0,2,47
13,14,17:04:21,1,-1,2,AA6507,0,2,46
14,15,17:06:57,1,-1,-1,AA6507,0,2,37
15,16,17:09:35,1,-1,1,AA6507,0,2,99
16,17,17:16:58,1,-1,1,AA6507,0,2,394
17,18,17:17:58,1,-1,1,AA6507,0,2,22
18,19,17:25:49,1,-1,2,AA6507,0,2,459
19,20,17:31:11,1,-1,1,AA6507,0,2,213
20,21,17:35:49,1,-1,1,AA6507,0,2,252
21,22,17:38:10,1,-1,-1,AA6507,0,2,94
0,1,17:46:00,1,-1,-1,AA6507,0,2,11
1,2,17:48:10,1,-1,2,AA6507,0,2,72
2,3,17:51:39,1,-1,2,AA6507,0,2,127
3,4,17:52:29,1,-1,1,AA6507,0,2,26
4,5,17:56:02,1,-1,1,AA6507,0,2,142
5,6,17:57:48,1,-1,1,AA6507,0,2,23
6,7,18:08:49,1,-1,2,AA6507,0,2,648
7,8,18:11:51,1,-1,2,AA6507,0,2,146
8,9,18:13:41,1,-1,1,AA6507,0,2,72
9,10,18:14:16,1,-1,1,AA6507,0,2,23
10,11,18:17:01,1,-1,1,AA6507,0,2,153
11,12,18:17:56,1,-1,1,AA6507,0,2,31
12,13,18:20:07,1,-1,1,AA6507,0,2,107
13,14,18:21:08,1,-1,2,AA6507,0,2,34
14,15,18:24:03,1,-1,-1,AA6507,0,2,56
15,16,18:30:46,1,-1,1,AA6507,0,2,389
16,17,18:40:02,1,-1,3,AA6507,0,2,393
17,18,18:41:25,1,-1,1,AA6507,0,2,34
18,19,18:52:46,1,-1,3,AA6507,0,2,667
19,20,18:56:20,1,-1,1,AA6507,0,2,128
20,21,18:59:55,1,-1,1,AA6507,0,2,177
21,22,19:02:40,1,-1,-1,AA6507,0,2,96
0,1,19:16:12,1,-1,-1,AA6507,0,2,38
1,2,19:17:58,1,-1,3,AA6507,0,2,35
2,3,19:20:47,1,-1,2,AA6507,0,2,137
3,4,19:22:46,1,-1,1,AA6507,0,2,70
4,5,19:25:40,1,-1,1,AA6507,0,2,138
5,6,19:27:17,1,-1,1,AA6507,0,2,31
6,8,19:41:27,1,-1,2,AA6507,1,2,838
8,9,19:42:49,1,-1,1,AA6507,0,2,57
9,10,19:43:38,1,-1,1,AA6507,0,2,35
10,11,19:45:38,1,-1,1,AA6507,0,2,108
11,12,19:46:13,1,-1,1,AA6507,0,2,23
12,13,19:47:22,1,-1,1,AA6507,0,2,46
13,14,19:48:09,1,-1,1,AA6507,0,2,35
14,15,19:50:24,1,-1,-1,AA6507,0,2,49
15,16,19:52:23,1,-1,1,AA6507,0,2,95
16,17,19:59:49,1,-1,1,AA6507,0,2,358
17,18,20:01:11,1,-1,1,AA6507,0,2,34
18,20,20:09:30,1,-1,1,AA6507,1,2,485
20,21,20:12:16,1,-1,1,AA6507,0,2,120
21,22,20:15:00,1,-1,-1,AA6507,0,2,96
0,1,20:53:48,1,-1,-1,AA6507,0,2,60
1,2,20:55:29,1,-1,1,AA6507,0,2,24
2,3,20:58:01,1,-1,1,AA6507,0,2,117
3,4,20:59:10,1,-1,1,AA6507,0,2,35
4,5,21:02:46,1,-1,1,AA6507,0,2,179
5,6,21:04:07,1,-1,1,AA6507,0,2,22
6,7,21:13:14,1,-1,1,AA6507,0,2,535
7,8,21:14:48,1,-1,1,AA6507,0,2,83
8,9,21:16:06,1,-1,1,AA6507,0,2,43
9,10,21:17:10,1,-1,1,AA6507,0,2,23
10,11,21:19:26,1,-1,1,AA6507,0,2,50
11,12,21:20:50,1,-1,1,AA6507,0,2,25
12,13,21:22:49,1,-1,1,AA6507,0,2,71
13,14,21:23:51,1,-1,1,AA6507,0,2,36
14,15,21:25:27,1,-1,-1,AA6507,0,2,37
15,16,21:27:24,1,-1,1,AA6507,0,2,68
16,17,21:34:30,1,-1,1,AA6507,0,2,378
17,18,21:35:56,1,-1,1,AA6507,0,2,34
18,19,21:40:37,1,-1,2,AA6507,0,2,268
19,20,21:43:13,1,-1,1,AA6507,0,2,71
20,21,21:45:04,1,-1,1,AA6507,0,2,99
21,22,21:47:44,1,-1,-1,AA6507,0,2,83
0,1,22:06:33,1,-1,-1,AA6507,0,2,47
2,3,22:10:00,1,-1,2,AA6507,0,2,41
3,4,22:12:03,1,-1,1,AA6507,0,2,71
4,5,22:14:43,1,-1,1,AA6507,0,2,125
5,6,22:16:04,1,-1,1,AA6507,0,2,23
6,7,22:24:55,1,-1,1,AA6507,0,2,519
7,8,22:27:36,1,-1,1,AA6507,0,2,113
8,9,22:29:00,1,-1,1,AA6507,0,2,47
9,10,22:30:14,1,-1,1,AA6507,0,2,35
10,11,22:33:17,1,-1,1,AA6507,0,2,147
11,12,22:34:15,1,-1,1,AA6507,0,2,22
12,13,22:36:15,1,-1,1,AA6507,0,2,59
13,14,22:37:34,1,-1,1,AA6507,0,2,41
14,15,22:39:13,1,-1,-1,AA6507,0,2,36
15,16,22:41:48,1,-1,1,AA6507,0,2,93
16,17,22:48:24,1,-1,1,AA6507,0,2,358
17,18,22:49:37,1,-1,1,AA6507,0,2,27
18,19,22:54:58,1,-1,3,AA6507,0,2,298
19,20,22:57:34,1,-1,1,AA6507,0,2,95
20,21,23:00:39,1,-1,-1,AA6507,0,2,162
21,22,23:02:47,1,-1,-1,AA6507,0,2,81
0,1,23:17:37,1,-1,-1,AA6507,0,2,84
1,2,23:19:27,1,-1,1,AA6507,0,2,61
2,3,23:21:39,1,-1,1,AA6507,0,2,61
3,4,23:22:40,1,-1,1,AA6507,0,2,23
4,5,23:26:24,1,-1,1,AA6507,0,2,188
5,6,23:27:47,1,-1,1,AA6507,0,2,36
6,7,23:36:28,1,-1,1,AA6507,0,2,508
7,8,23:38:23,1,-1,1,AA6507,0,2,104
8,9,23:39:24,1,-1,1,AA6507,0,2,47
9,10,23:40:35,1,-1,1,AA6507,0,2,35
10,11,23:42:46,1,-1,1,AA6507,0,2,60
11,12,23:43:34,1,-1,1,AA6507,0,2,12
12,13,23:45:11,1,-1,1,AA6507,0,2,59
13,14,23:46:12,1,-1,1,AA6507,0,2,36
14,15,23:47:49,1,-1,-1,AA6507,0,2,36
15,16,23:49:35,1,-1,1,AA6507,0,2,82
16,17,23:56:13,1,-1,1,AA6507,0,2,361
17,18,23:57:37,1,-1,1,AA6507,0,2,34
1,2,6:43:20,1,-1,2,AA6835,0,4,186
2,3,6:45:09,1,-1,2,AA6835,0,4,35
3,4,6:46:57,1,-1,1,AA6835,0,4,22
4,5,6:49:46,1,-1,1,AA6835,0,4,108
5,6,6:51:34,1,-1,1,AA6835,0,4,23
6,7,7:00:58,1,-1,1,AA6835,0,4,551
7,8,7:03:10,1,-1,-1,AA6835,0,4,120
8,9,7:04:23,1,-1,1,AA6835,0,4,47
9,10,7:05:36,1,-1,1,AA6835,0,4,25
10,11,7:07:48,1,-1,1,AA6835,0,4,120
11,12,7:08:35,1,-1,1,AA6835,0,4,23
12,13,7:09:57,1,-1,1,AA6835,0,4,57
13,14,7:10:48,1,-1,1,AA6835,0,4,27
14,15,7:12:08,1,-1,-1,AA6835,0,4,57
15,16,7:13:47,1,-1,1,AA6835,0,4,74
16,17,7:20:37,1,-1,1,AA6835,0,1,352
17,18,7:21:57,1,-1,1,AA6835,0,1,34
18,19,7:27:00,1,-1,2,AA6835,0,4,291
19,20,7:29:32,1,-1,1,AA6835,0,4,139
20,21,7:32:13,1,-1,-1,AA6835,0,4,149
21,22,7:34:20,1,-1,-1,AA6835,0,4,103
0,1,7:48:24,1,-1,-1,AA6835,0,4,47
1,2,7:52:42,1,-1,3,AA6835,0,4,234
2,3,7:56:10,1,-1,3,AA6835,0,4,115
3,4,7:58:47,1,-1,1,AA6835,0,4,109
4,5,8:02:57,1,-1,1,AA6835,0,4,142
5,6,8:04:37,1,-1,1,AA6835,0,4,22
6,7,8:14:59,1,-1,1,AA6835,0,4,610
7,8,8:16:58,1,-1,2,AA6835,0,4,107
8,9,8:18:21,1,-1,1,AA6835,0,4,46
9,10,8:19:22,1,-1,1,AA6835,0,4,34
10,11,8:22:58,1,-1,1,AA6835,0,2,204
11,12,8:23:57,1,-1,1,AA6835,0,2,23
12,13,8:26:36,1,-1,2,AA6835,0,4,135
13,14,8:27:45,1,-1,2,AA6835,0,4,36
14,15,8:29:22,1,-1,-1,AA6835,0,4,34
15,16,8:34:22,1,-1,1,AA6835,0,4,265
16,17,8:41:33,1,-1,1,AA6835,0,4,394
17,18,8:44:00,1,-1,1,AA6835,0,4,71
18,19,8:50:24,1,-1,3,AA6835,0,4,372
19,20,8:54:35,1,-1,2,AA6835,0,4,142
20,21,8:57:35,1,-1,1,AA6835,0,4,119
21,22,9:00:34,1,-1,-1,AA6835,0,4,167
0,1,9:08:48,1,-1,-1,AA6835,0,4,73
1,2,9:10:35,1,-1,3,AA6835,0,4,69
2,3,9:13:37,1,-1,3,AA6835,0,4,110
3,4,9:15:59,1,-1,1,AA6835,0,4,83
4,5,9:20:05,1,-1,1,AA6835,0,4,201
5,6,9:22:03,1,-1,1,AA6835,0,4,24
6,7,9:32:12,1,-1,1,AA6835,0,4,584
7,8,9:35:10,1,-1,1,AA6835,0,4,165
8,9,9:36:57,1,-1,1,AA6835,0,4,72
9,10,9:37:46,1,-1,1,AA6835,0,4,37
10,11,9:39:59,1,-1,1,AA6835,0,4,85
11,12,9:40:59,1,-1,1,AA6835,0,4,24
12,13,9:42:33,1,-1,1,AA6835,0,4,59
13,14,9:44:11,1,-1,1,AA6835,0,4,49
14,15,9:45:11,1,-1,-1,AA6835,0,4,36
15,16,9:48:09,1,-1,1,AA6835,0,4,143
16,17,9:55:09,1,-1,1,AA6835,0,2,394
17,18,9:56:36,1,-1,1,AA6835,0,2,51
18,19,10:02:11,1,-1,3,AA6835,0,2,321
19,20,10:09:11,1,-1,2,AA6835,0,4,360
20,21,10:12:30,1,-1,1,AA6835,0,4,175
21,22,10:14:26,1,-1,-1,AA6835,0,2,57
0,1,10:48:19,1,-1,-1,AA6835,0,2,33
1,2,10:49:49,1,-1,2,AA6835,0,2,24
2,3,10:51:34,1,-1,2,AA6835,0,2,34
3,4,10:54:24,1,-1,1,AA6835,0,2,71
4,5,10:58:23,1,-1,1,AA6835,0,2,158
5,6,10:59:36,1,-1,1,AA6835,0,2,23
6,7,11:10:10,1,-1,1,AA6835,0,4,621
7,8,11:12:47,1,-1,1,AA6835,0,2,132
8,9,11:15:19,1,-1,1,AA6835,0,2,82
9,10,11:16:11,1,-1,1,AA6835,0,2,35
10,11,11:18:58,1,-1,1,AA6835,0,2,143
11,12,11:19:58,1,-1,1,AA6835,0,2,22
12,13,11:21:22,1,-1,1,AA6835,0,2,58
13,14,11:22:08,1,-1,1,AA6835,0,2,34
14,15,11:23:30,1,-1,-1,AA6835,0,2,35
15,16,11:26:15,1,-1,1,AA6835,0,2,140
16,17,11:33:23,1,-1,1,AA6835,0,4,380
17,18,11:34:20,1,-1,1,AA6835,0,4,22
18,19,11:40:01,1,-1,3,AA6835,0,4,316
19,20,11:43:21,1,-1,1,AA6835,0,4,142
20,21,11:45:43,1,-1,1,AA6835,0,4,108
21,22,11:47:40,1,-1,-1,AA6835,0,4,82
0,1,12:03:59,1,-1,-1,AA6835,0,4,106
1,3,12:09:49,1,-1,2,AA6835,1,4,278
3,4,12:10:48,1,-1,1,AA6835,0,4,22
4,5,12:14:25,1,-1,1,AA6835,0,2,144
5,6,12:15:37,1,-1,1,AA6835,0,2,14
6,7,12:27:12,1,-1,1,AA6835,0,4,672
7,8,12:29:38,1,-1,2,AA6835,0,4,133
8,9,12:31:11,1,-1,1,AA6835,0,4,57
9,11,12:34:08,1,-1,1,AA6835,1,4,165
11,12,12:35:11,1,-1,1,AA6835,0,4,35
12,13,12:36:32,1,-1,1,AA6835,0,4,57
13,14,12:37:35,1,-1,2,AA6835,0,4,27
14,15,12:39:35,1,-1,-1,AA6835,0,4,61
15,16,12:42:01,1,-1,1,AA6835,0,4,85
16,17,12:49:03,1,-1,1,AA6835,0,4,363
17,18,12:50:23,1,-1,1,AA6835,0,4,35
18,19,12:55:48,1,-1,2,AA6835,0,4,312
19,20,12:58:55,1,-1,1,AA6835,0,4,83
20,21,13:00:21,1,-1,1,AA6835,0,4,74
21,22,13:02:19,1,-1,-1,AA6835,0,4,82
0,1,13:16:40,1,-1,-1,AA6835,0,4,69
1,2,13:19:26,1,-1,2,AA6835,0,4,154
2,3,13:21:22,1,-1,2,AA6835,0,4,35
3,4,13:23:55,1,-1,1,AA6835,0,4,140
4,5,13:27:26,1,-1,1,AA6835,0,4,141
5,6,13:29:01,1,-1,1,AA6835,0,4,25
6,7,13:37:43,1,-1,1,AA6835,0,4,510
7,8,13:40:04,1,-1,2,AA6835,0,4,128
8,9,13:41:28,1,-1,1,AA6835,0,4,35
9,10,13:42:15,1,-1,1,AA6835,0,4,23
10,11,13:44:36,1,-1,1,AA6835,0,4,129
11,12,13:45:35,1,-1,1,AA6835,0,4,35
12,13,13:46:44,1,-1,1,AA6835,0,4,46
13,14,13:47:57,1,-1,1,AA6835,0,4,37
14,15,13:49:21,1,-1,-1,AA6835,0,4,72
15,16,13:51:48,1,-1,1,AA6835,0,4,121
16,17,13:58:39,1,-1,1,AA6835,0,4,374
17,18,13:59:50,1,-1,1,AA6835,0,4,22
18,19,14:04:49,1,-1,2,AA6835,0,4,287
19,20,14:08:35,1,-1,1,AA6835,0,4,214
20,22,14:14:53,1,-1,-1,AA6835,1,4,343
0,1,14:29:28,1,-1,-1,AA6835,0,4,62
1,2,14:31:24,1,-1,3,AA6835,0,4,23
2,3,14:33:12,1,-1,2,AA6835,0,4,23
3,4,14:35:11,1,-1,1,AA6835,0,4,47
4,5,14:38:58,1,-1,1,AA6835,0,4,141
5,6,14:40:36,1,-1,1,AA6835,0,4,22
6,7,14:51:30,1,-1,1,AA6835,0,4,642
7,8,14:53:16,1,-1,2,AA6835,0,2,94
8,9,14:55:38,1,-1,1,AA6835,0,2,105
9,10,14:56:27,1,-1,1,AA6835,0,2,36
10,11,14:59:14,1,-1,1,AA6835,0,2,154
11,12,15:00:12,1,-1,1,AA6835,0,2,22
12,13,15:01:59,1,-1,1,AA6835,0,2,70
13,14,15:03:09,1,-1,1,AA6835,0,4,34
14,15,15:04:46,1,-1,-1,AA6835,0,4,35
15,16,15:08:09,1,-1,1,AA6835,0,4,166
16,17,15:15:21,1,-1,1,AA6835,0,4,384
17,18,15:16:31,1,-1,1,AA6835,0,4,34
18,19,15:22:00,1,-1,3,AA6835,0,4,318
19,20,15:26:57,1,-1,1,AA6835,0,4,237
20,21,15:31:59,1,-1,1,AA6835,0,4,253
21,22,15:34:29,1,-1,-1,AA6835,0,4,102
0,1,15:48:58,1,-1,-1,AA6835,0,4,34
1,2,15:51:34,1,-1,2,AA6835,0,4,83
2,3,15:52:54,1,-1,2,AA6835,0,4,68
3,4,15:55:14,1,-1,1,AA6835,0,2,23
4,5,15:59:00,1,-1,1,AA6835,0,2,154
5,6,16:00:38,1,-1,1,AA6835,0,2,11
6,7,16:12:25,1,-1,1,AA6835,0,4,695
7,10,16:17:00,1,-1,1,AA6835,2,4,250
10,11,16:20:49,1,-1,1,AA6835,0,4,194
11,12,16:21:59,1,-1,1,AA6835,0,4,11
12,13,16:23:46,1,-1,1,AA6835,0,4,95
13,14,16:26:57,1,-1,2,AA6835,0,4,155
14,15,16:30:06,1,-1,-1,AA6835,0,4,96
15,16,16:32:38,1,-1,1,AA6835,0,4,127
16,17,16:39:33,1,-1,1,AA6835,0,4,392
17,19,16:47:41,1,-1,3,AA6835,1,4,451
19,20,16:51:46,1,-1,1,AA6835,0,4,116
20,21,16:54:11,1,-1,1,AA6835,0,2,110
21,22,16:56:26,1,-1,-1,AA6835,0,2,89
0,1,17:10:01,1,-1,-1,AA6835,0,2,232
1,2,17:12:43,1,-1,3,AA6835,0,2,24
2,3,17:14:16,1,-1,2,AA6835,0,2,81
3,4,17:16:33,1,-1,1,AA6835,0,2,92
4,5,17:20:09,1,-1,1,AA6835,0,2,179
5,6,17:21:33,1,-1,1,AA6835,0,2,23
6,7,17:34:23,1,-1,1,AA6835,0,2,758
7,8,17:36:25,1,-1,2,AA6835,0,2,81
8,9,17:37:47,1,-1,1,AA6835,0,2,48
9,11,17:40:55,1,-1,1,AA6835,1,2,153
11,12,17:42:11,1,-1,1,AA6835,0,2,22
12,13,17:44:00,1,-1,1,AA6835,0,2,57
13,14,17:45:09,1,-1,1,AA6835,0,2,33
14,15,17:46:45,1,-1,-1,AA6835,0,2,69
15,16,17:50:44,1,-1,1,AA6835,0,2,226
16,17,17:58:47,1,-1,1,AA6835,0,2,415
17,18,18:00:49,1,-1,1,AA6835,0,2,36
18,19,18:09:37,1,-1,3,AA6835,0,2,516
19,20,18:14:04,1,-1,1,AA6835,0,2,181
20,21,18:16:38,1,-1,1,AA6835,0,2,118
21,22,18:19:08,1,-1,-1,AA6835,0,2,103
0,1,18:27:26,1,-1,-1,AA6835,0,2,130
1,2,18:29:14,1,-1,3,AA6835,0,2,95
2,3,18:31:09,1,-1,2,AA6835,0,2,45
3,4,18:33:28,1,-1,1,AA6835,0,2,77
4,5,18:37:02,1,-1,2,AA6835,0,2,130
5,6,18:38:15,1,-1,1,AA6835,0,2,24
6,7,18:50:23,1,-1,1,AA6835,0,2,716
7,8,18:52:10,1,-1,2,AA6835,0,2,96
8,9,18:53:36,1,-1,1,AA6835,0,2,73
9,10,18:54:23,1,-1,1,AA6835,0,2,36
10,11,18:56:44,1,-1,1,AA6835,0,2,104
11,12,18:57:22,1,-1,1,AA6835,0,2,25
12,13,19:01:03,1,-1,1,AA6835,0,2,164
13,14,19:02:40,1,-1,2,AA6835,0,2,73
14,15,19:04:49,1,-1,-1,AA6835,0,2,93
15,16,19:07:58,1,-1,1,AA6835,0,2,155
16,17,19:16:59,1,-1,1,AA6835,0,2,495
17,18,19:18:18,1,-1,1,AA6835,0,2,32
18,19,19:26:04,1,-1,2,AA6835,0,2,454
19,20,19:28:04,1,-1,1,AA6835,0,2,46
20,21,19:32:45,1,-1,1,AA6835,0,2,244
21,22,19:35:09,1,-1,-1,AA6835,0,2,62
0,3,20:15:59,1,-1,1,AA6835,2,2,270
3,4,20:17:58,1,-1,1,AA6835,0,2,107
4,5,20:21:19,1,-1,1,AA6835,0,2,162
5,7,20:31:36,1,-1,1,AA6835,1,2,559
7,8,20:33:40,1,-1,2,AA6835,0,2,111
8,9,20:35:27,1,-1,1,AA6835,0,2,59
9,10,20:36:14,1,-1,1,AA6835,0,2,23
10,11,20:40:49,1,-1,1,AA6835,0,2,263
11,12,20:42:02,1,-1,1,AA6835,0,2,24
12,13,20:44:11,1,-1,1,AA6835,0,2,57
13,14,20:45:52,1,-1,1,AA6835,0,2,49
14,15,20:47:34,1,-1,-1,AA6835,0,2,90
15,16,20:49:35,1,-1,1,AA6835,0,2,108
16,17,20:57:01,1,-1,1,AA6835,0,2,370
17,18,20:58:12,1,-1,1,AA6835,0,2,26
18,19,21:03:10,1,-1,2,AA6835,0,2,286
19,20,21:06:38,1,-1,1,AA6835,0,2,162
20,21,21:09:48,1,-1,1,AA6835,0,2,143
21,22,21:11:48,1,-1,-1,AA6835,0,2,83
0,1,21:29:34,1,-1,-1,AA6835,0,2,59
1,2,21:31:33,1,-1,2,AA6835,0,2,59
2,3,21:32:44,1,-1,2,AA6835,0,2,11
3,4,21:34:55,1,-1,1,AA6835,0,2,105
4,5,21:38:36,1,-1,1,AA6835,0,2,171
5,6,21:39:50,1,-1,1,AA6835,0,2,24
6,7,21:49:11,1,-1,1,AA6835,0,2,549
7,8,21:50:33,1,-1,2,AA6835,0,2,70
8,9,21:52:00,1,-1,1,AA6835,0,2,49
9,10,21:52:47,1,-1,1,AA6835,0,2,35
10,11,21:55:27,1,-1,1,AA6835,0,2,61
11,12,21:56:37,1,-1,1,AA6835,0,2,34
12,13,21:58:47,1,-1,1,AA6835,0,2,94
13,14,21:59:50,1,-1,1,AA6835,0,2,37
14,15,22:01:21,1,-1,-1,AA6835,0,2,56
15,16,22:03:46,1,-1,1,AA6835,0,2,121
16,17,22:10:51,1,-1,1,AA6835,0,2,364
17,18,22:11:51,1,-1,1,AA6835,0,2,24
18,19,22:16:38,1,-1,2,AA6835,0,2,275
19,21,22:21:55,1,-1,1,AA6835,1,2,218
21,22,22:23:55,1,-1,-1,AA6835,0,2,84
0,1,22:41:36,1,-1,-1,AA6835,0,2,81
1,2,22:43:01,1,-1,2,AA6835,0,2,48
2,3,22:45:00,1,-1,2,AA6835,0,2,72
3,4,22:47:00,1,-1,1,AA6835,0,2,71
4,5,22:49:59,1,-1,1,AA6835,0,2,145
5,6,22:51:17,1,-1,1,AA6835,0,2,24
6,7,23:00:15,1,-1,-1,AA6835,0,2,514
7,8,23:02:21,1,-1,-1,AA6835,0,2,112
8,9,23:03:23,1,-1,-1,AA6835,0,2,47
9,10,23:04:10,1,-1,-1,AA6835,0,2,22
10,11,23:06:22,1,-1,1,AA6835,0,2,118
11,12,23:07:08,1,-1,1,AA6835,0,2,22
12,13,23:08:48,1,-1,1,AA6835,0,2,46
13,14,23:09:49,1,-1,1,AA6835,0,2,38
14,15,23:11:03,1,-1,-1,AA6835,0,2,60
15,16,23:13:14,1,-1,1,AA6835,0,2,95
16,17,23:19:50,1,-1,1,AA6835,0,2,371
17,18,23:21:01,1,-1,1,AA6835,0,2,34
18,19,23:25:50,1,-1,2,AA6835,0,2,276
19,20,23:27:47,1,-1,1,AA6835,0,2,59
20,22,23:32:36,1,-1,-1,AA6835,1,2,252
0,1,6:51:58,1,-1,-1,AA7096,0,4,69
1,2,6:54:42,1,-1,2,AA7096,0,4,94
2,3,6:56:29,1,-1,1,AA7096,0,4,36
3,4,6:58:40,1,-1,1,AA7096,0,4,36
4,5,7:02:46,1,-1,1,AA7096,0,4,131
5,6,7:04:35,1,-1,1,AA7096,0,4,35
6,7,7:14:33,1,-1,2,AA7096,0,4,586
7,8,7:16:33,1,-1,2,AA7096,0,1,108
8,9,7:17:56,1,-1,1,AA7096,0,1,47
9,10,7:18:53,1,-1,1,AA7096,0,1,22
10,11,7:21:35,1,-1,1,AA7096,0,1,114
11,12,7:22:32,1,-1,1,AA7096,0,1,22
12,13,7:23:54,1,-1,1,AA7096,0,1,59
13,14,7:24:52,1,-1,1,AA7096,0,1,22
14,15,7:26:14,1,-1,-1,AA7096,0,4,45
15,16,7:28:34,1,-1,1,AA7096,0,4,94
16,17,7:35:10,1,-1,1,AA7096,0,4,372
17,18,7:36:47,1,-1,1,AA7096,0,4,35
18,19,7:41:58,1,-1,3,AA7096,0,4,288
19,20,7:47:10,1,-1,2,AA7096,0,4,202
20,21,7:50:21,1,-1,1,AA7096,0,4,165
21,22,7:52:54,1,-1,-1,AA7096,0,4,117
0,1,7:59:59,1,-1,-1,AA7096,0,4,49
1,2,8:02:34,1,-1,3,AA7096,0,4,72
2,3,8:05:59,1,-1,3,AA7096,0,4,138
3,4,8:10:36,1,-1,1,AA7096,0,4,168
4,5,8:15:37,1,-1,1,AA7096,0,4,182
5,6,8:17:34,1,-1,1,AA7096,0,4,23
6,7,8:28:20,1,-1,2,AA7096,0,4,634
7,8,8:30:38,1,-1,2,AA7096,0,4,122
8,9,8:32:22,1,-1,1,AA7096,0,4,57
9,10,8:33:22,1,-1,1,AA7096,0,4,24
10,11,8:35:10,1,-1,1,AA7096,0,4,60
11,12,8:36:07,1,-1,2,AA7096,0,4,22
12,13,8:38:16,1,-1,2,AA7096,0,4,92
13,14,8:39:25,1,-1,2,AA7096,0,4,34
14,15,8:41:33,1,-1,-1,AA7096,0,4,58
15,16,8:47:09,1,-1,1,AA7096,0,4,299
16,17,8:54:11,1,-1,1,AA7096,0,4,385
17,19,9:01:10,1,-1,2,AA7096,1,4,370
19,20,9:06:58,1,-1,2,AA7096,0,4,202
20,21,9:09:48,1,-1,1,AA7096,0,4,109
21,22,9:12:11,1,-1,-1,AA7096,0,4,107
0,2,9:20:40,1,-1,2,AA7096,1,4,105
2,3,9:24:04,1,-1,2,AA7096,0,4,121
3,4,9:26:26,1,-1,1,AA7096,0,4,58
4,5,9:30:37,1,-1,1,AA7096,0,4,158
5,6,9:32:35,1,-1,1,AA7096,0,4,23
6,7,9:43:37,1,-1,1,AA7096,0,4,648
7,8,9:45:33,1,-1,2,AA7096,0,4,104
8,9,9:47:33,1,-1,1,AA7096,0,4,72
9,10,9:48:35,1,-1,1,AA7096,0,4,25
10,11,9:51:24,1,-1,1,AA7096,0,4,122
11,12,9:52:21,1,-1,1,AA7096,0,4,22
12,13,9:53:35,1,-1,1,AA7096,0,2,58
13,14,9:54:34,1,-1,1,AA7096,0,2,34
14,15,9:56:36,1,-1,-1,AA7096,0,2,51
15,16,9:58:59,1,-1,1,AA7096,0,2,93
16,17,10:06:11,1,-1,1,AA7096,0,4,383
17,19,10:14:26,1,-1,3,AA7096,1,2,447
19,20,10:17:35,1,-1,2,AA7096,0,2,81
20,21,10:31:22,1,-1,1,AA7096,0,4,804
21,22,10:33:37,1,-1,-1,AA7096,0,4,107
0,1,10:43:03,1,-1,-1,AA7096,0,2,86
1,2,10:45:11,1,-1,2,AA7096,0,2,81
2,3,10:48:08,1,-1,2,AA7096,0,2,165
3,4,10:50:23,1,-1,1,AA7096,0,2,71
4,5,10:54:24,1,-1,1,AA7096,0,2,134
5,6,10:55:56,1,-1,1,AA7096,0,2,23
6,7,11:05:55,1,-1,1,AA7096,0,4,586
7,8,11:07:50,1,-1,1,AA7096,0,4,103
8,9,11:09:47,1,-1,1,AA7096,0,4,80
9,11,11:13:23,1,-1,1,AA7096,1,2,168
11,12,11:14:21,1,-1,1,AA7096,0,2,35
12,13,11:15:35,1,-1,1,AA7096,0,2,63
13,14,11:16:22,1,-1,1,AA7096,0,2,34
14,15,11:17:59,1,-1,-1,AA7096,0,2,50
15,16,11:20:35,1,-1,1,AA7096,0,2,97
16,17,11:27:37,1,-1,1,AA7096,0,2,375
17,18,11:29:11,1,-1,1,AA7096,0,2,47
18,19,11:34:20,1,-1,3,AA7096,0,4,297
19,20,11:37:58,1,-1,1,AA7096,0,4,132
20,21,11:40:58,1,-1,1,AA7096,0,4,168
21,22,11:43:43,1,-1,-1,AA7096,0,4,119
0,1,15:01:59,1,-1,-1,AA7096,0,2,94
1,2,15:04:22,1,-1,2,AA7096,0,4,73
2,3,15:06:11,1,-1,2,AA7096,0,4,35
3,4,15:08:21,1,-1,1,AA7096,0,4,35
4,5,15:12:26,1,-1,1,AA7096,0,4,165
5,6,15:14:01,1,-1,1,AA7096,0,4,34
6,7,15:25:22,1,-1,2,AA7096,0,4,669
7,8,15:26:45,1,-1,2,AA7096,0,4,70
8,9,15:28:37,1,-1,1,AA7096,0,4,51
9,10,15:29:12,1,-1,1,AA7096,0,4,22
10,11,15:31:36,1,-1,1,AA7096,0,4,120
11,12,15:34:17,1,-1,3,AA7096,0,4,137
12,13,15:36:50,1,-1,2,AA7096,0,4,94
13,14,15:37:51,1,-1,1,AA7096,0,4,37
14,15,15:39:50,1,-1,-1,AA7096,0,4,34
15,16,15:42:11,1,-1,1,AA7096,0,4,82
16,17,15:49:22,1,-1,1,AA7096,0,4,383
17,18,15:51:10,1,-1,1,AA7096,0,4,82
18,19,15:58:47,1,-1,3,AA7096,0,2,432
19,20,16:00:38,1,-1,1,AA7096,0,2,59
20,21,16:03:40,1,-1,1,AA7096,0,4,134
21,22,16:06:11,1,-1,-1,AA7096,0,4,93
0,1,16:20:49,1,-1,-1,AA7096,0,4,164
1,2,16:22:45,1,-1,2,AA7096,0,4,104
2,3,16:25:09,1,-1,2,AA7096,0,4,47
3,4,16:27:32,1,-1,1,AA7096,0,4,94
4,5,16:31:28,1,-1,1,AA7096,0,4,156
5,6,16:33:13,1,-1,1,AA7096,0,4,35
6,7,16:44:45,1,-1,1,AA7096,0,4,680
7,8,16:46:19,1,-1,2,AA7096,0,4,80
8,9,16:48:05,1,-1,1,AA7096,0,4,48
9,10,16:49:16,1,-1,1,AA7096,0,4,36
10,11,16:53:08,1,-1,1,AA7096,0,2,116
11,12,16:54:11,1,-1,1,AA7096,0,2,24
12,13,16:56:15,1,-1,1,AA7096,0,2,78
13,14,16:58:22,1,-1,2,AA7096,0,2,80
14,15,17:00:58,1,-1,-1,AA7096,0,2,60
15,16,17:04:21,1,-1,1,AA7096,0,2,129
16,17,17:11:11,1,-1,1,AA7096,0,2,373
17,18,17:12:31,1,-1,1,AA7096,0,2,11
18,19,17:20:58,1,-1,2,AA7096,0,2,495
19,20,17:24:45,1,-1,1,AA7096,0,2,145
20,21,17:29:49,1,-1,1,AA7096,0,2,252
21,22,17:32:14,1,-1,-1,AA7096,0,2,86
0,1,17:39:55,1,-1,-1,AA7096,0,2,69
1,2,17:42:46,1,-1,2,AA7096,0,2,99
2,3,17:45:48,1,-1,2,AA7096,0,2,119
3,4,17:49:43,1,-1,1,AA7096,0,2,143
4,5,17:53:39,1,-1,1,AA7096,0,2,134
5,7,18:08:03,1,-1,2,AA7096,1,2,791
7,8,18:10:26,1,-1,2,AA7096,0,2,131
8,9,18:11:51,1,-1,1,AA7096,0,2,36
9,10,18:13:04,1,-1,1,AA7096,0,2,36
10,11,18:15:28,1,-1,1,AA7096,0,2,83
11,12,18:16:27,1,-1,1,AA7096,0,2,22
12,13,18:19:08,1,-1,1,AA7096,0,2,103
13,14,18:20:57,1,-1,2,AA7096,0,2,50
14,15,18:22:30,1,-1,-1,AA7096,0,2,45
15,16,18:30:24,1,-1,1,AA7096,0,2,380
16,17,18:37:50,1,-1,3,AA7096,0,2,389
17,18,18:40:02,1,-1,1,AA7096,0,2,30
18,19,18:50:34,1,-1,3,AA7096,0,2,619
19,20,18:54:23,1,-1,1,AA7096,0,2,145
20,21,18:59:06,1,-1,1,AA7096,0,2,234
21,22,19:02:29,1,-1,-1,AA7096,0,2,96
0,1,19:09:15,1,-1,-1,AA7096,0,2,89
1,2,19:11:15,1,-1,3,AA7096,0,2,105
2,3,19:13:36,1,-1,3,AA7096,0,2,82
3,5,19:20:01,1,-1,1,AA7096,1,2,327
5,6,19:21:23,1,-1,1,AA7096,0,2,24
6,7,19:33:43,1,-1,1,AA7096,0,2,728
7,8,19:36:32,1,-1,2,AA7096,0,2,145
8,9,19:37:56,1,-1,1,AA7096,0,2,37
9,10,19:39:07,1,-1,1,AA7096,0,2,33
10,11,19:41:04,1,-1,1,AA7096,0,2,70
11,12,19:42:14,1,-1,1,AA7096,0,2,22
12,13,19:44:13,1,-1,1,AA7096,0,2,70
13,14,19:45:38,1,-1,1,AA7096,0,2,51
14,15,19:47:34,1,-1,-1,AA7096,0,2,22
15,16,19:49:47,1,-1,1,AA7096,0,2,74
16,17,19:57:02,1,-1,1,AA7096,0,2,397
17,19,20:03:44,1,-1,3,AA7096,1,2,354
19,20,20:07:29,1,-1,1,AA7096,0,2,151
20,21,20:10:16,1,-1,1,AA7096,0,2,155
21,22,20:12:16,1,-1,-1,AA7096,0,2,85
6,7,0:02:55,1,-1,1,AA7149,0,1,527
7,8,0:04:47,1,-1,1,AA7149,0,1,90
8,9,0:06:07,1,-1,1,AA7149,0,1,60
9,10,0:06:48,1,-1,1,AA7149,0,1,20
10,11,0:09:50,1,-1,1,AA7149,0,1,161
11,12,0:10:32,1,-1,1,AA7149,0,1,32
12,14,0:12:24,1,-1,1,AA7149,1,1,91
14,15,0:13:55,1,-1,-1,AA7149,0,1,30
15,16,0:16:06,1,-1,1,AA7149,0,1,80
16,17,0:22:44,1,-1,1,AA7149,0,1,356
17,18,0:23:24,1,-1,1,AA7149,0,1,30
18,19,0:28:07,1,-1,3,AA7149,0,1,272
19,20,0:30:49,1,-1,1,AA7149,0,1,111
20,21,0:33:43,1,-1,1,AA7149,0,1,114
21,22,0:35:55,1,-1,-1,AA7149,0,1,91
0,1,0:53:41,1,-1,-1,AA7149,0,1,50
1,2,0:54:52,1,-1,2,AA7149,0,1,51
2,3,0:56:44,1,-1,2,AA7149,0,1,60
3,4,0:58:45,1,-1,1,AA7149,0,1,70
4,5,1:01:07,1,-1,1,AA7149,0,1,122
5,6,1:02:02,1,-1,1,AA7149,0,1,24
6,7,1:10:16,1,-1,1,AA7149,0,1,484
7,8,1:11:47,1,-1,1,AA7149,0,1,80
8,9,1:12:38,1,-1,1,AA7149,0,1,40
9,10,1:13:18,1,-1,1,AA7149,0,1,20
10,11,1:14:20,1,-1,1,AA7149,0,1,50
11,12,1:14:54,1,-1,1,AA7149,0,1,20
12,13,1:16:15,1,-1,1,AA7149,0,1,60
13,14,1:17:05,1,-1,1,AA7149,0,1,20
14,15,1:17:56,1,-1,-1,AA7149,0,1,20
15,16,1:19:48,1,-1,1,AA7149,0,1,81
16,17,1:26:03,1,-1,1,AA7149,0,1,345
17,18,1:26:44,1,-1,1,AA7149,0,1,20
18,19,1:31:06,1,-1,2,AA7149,0,1,242
19,20,1:32:27,1,-1,1,AA7149,0,1,50
20,22,1:35:17,1,-1,-1,AA7149,1,1,159
0,1,7:41:58,1,-1,-1,AA7195,0,4,481
1,2,7:44:36,1,-1,3,AA7195,0,4,60
2,3,7:48:01,1,-1,2,AA7195,0,4,110
3,4,7:50:21,1,-1,1,AA7195,0,4,71
4,5,7:56:57,1,-1,1,AA7195,0,4,372
5,6,7:59:21,1,-1,1,AA7195,0,4,46
6,7,8:09:46,1,-1,1,AA7195,0,4,586
7,8,8:11:37,1,-1,2,AA7195,0,4,36
8,9,8:13:10,1,-1,1,AA7195,0,4,80
9,10,8:14:12,1,-1,1,AA7195,0,4,35
10,12,8:16:35,1,-1,1,AA7195,1,4,119
12,13,8:19:11,1,-1,1,AA7195,0,4,144
13,14,8:20:35,1,-1,2,AA7195,0,4,36
14,15,8:22:11,1,-1,-1,AA7195,0,2,50
15,16,8:24:57,1,-1,1,AA7195,0,4,141
16,17,8:32:11,1,-1,1,AA7195,0,4,382
17,18,8:34:10,1,-1,1,AA7195,0,4,84
18,19,8:39:47,1,-1,1,AA7195,0,4,313
19,22,8:50:13,1,-1,-1,AA7195,2,4,483
0,1,9:01:36,1,-1,-1,AA7195,0,4,564
1,2,9:03:35,1,-1,2,AA7195,0,4,96
2,3,9:07:46,1,-1,2,AA7195,0,4,131
3,4,9:10:23,1,-1,1,AA7195,0,4,82
4,5,9:14:24,1,-1,1,AA7195,0,4,145
5,6,9:15:59,1,-1,1,AA7195,0,4,35
6,7,9:26:26,1,-1,1,AA7195,0,4,604
7,8,9:29:11,1,-1,1,AA7195,0,4,96
8,9,9:31:24,1,-1,1,AA7195,0,4,59
9,10,9:32:12,1,-1,1,AA7195,0,4,24
10,14,9:39:10,1,-1,1,AA7195,3,4,368
14,15,9:40:46,1,-1,-1,AA7195,0,4,23
15,16,9:43:10,1,-1,1,AA7195,0,4,119
16,17,9:50:11,1,-1,1,AA7195,0,4,348
17,18,9:51:24,1,-1,1,AA7195,0,4,36
18,19,9:58:02,1,-1,3,AA7195,0,2,385
19,2,10:22:09,1,-1,3,AA7195,4,2,1413
2,3,10:23:46,1,-1,2,AA7195,0,4,85
3,4,10:26:38,1,-1,1,AA7195,0,4,95
4,5,10:30:32,1,-1,1,AA7195,0,4,149
5,6,10:32:47,1,-1,1,AA7195,0,4,69
6,7,10:42:04,1,-1,1,AA7195,0,2,545
7,8,10:44:36,1,-1,1,AA7195,0,2,139
8,9,10:47:34,1,-1,1,AA7195,0,2,154
9,10,10:48:19,1,-1,1,AA7195,0,2,34
10,12,10:51:57,1,-1,1,AA7195,1,2,190
12,13,10:53:48,1,-1,1,AA7195,0,2,99
13,14,10:54:58,1,-1,1,AA7195,0,2,34
14,15,10:57:11,1,-1,-1,AA7195,0,2,109
15,16,10:59:13,1,-1,1,AA7195,0,2,73
16,17,11:06:41,1,-1,1,AA7195,0,4,436
17,18,11:08:37,1,-1,1,AA7195,0,4,47
18,19,11:14:44,1,-1,3,AA7195,0,2,343
19,20,11:21:22,1,-1,1,AA7195,0,2,299
20,21,11:23:54,1,-1,1,AA7195,0,2,141
21,22,11:25:51,1,-1,-1,AA7195,0,2,46
0,1,11:34:55,1,-1,-1,AA7195,0,4,414
1,2,11:37:34,1,-1,2,AA7195,0,4,63
2,3,11:39:36,1,-1,2,AA7195,0,4,73
3,4,11:40:58,1,-1,1,AA7195,0,4,57
4,5,11:44:56,1,-1,1,AA7195,0,4,140
6,7,11:57:33,1,-1,1,AA7195,0,4,638
7,12,12:04:59,1,-1,1,AA7195,4,4,383
12,18,12:22:41,1,-1,1,AA7195,5,4,1051
18,19,12:26:14,1,-1,3,AA7195,0,4,177
19,20,12:29:27,1,-1,2,AA7195,0,4,157
20,21,12:31:22,1,-1,1,AA7195,0,4,68
21,22,12:33:21,1,-1,-1,AA7195,0,4,105
0,1,15:42:11,1,-1,-1,AA7195,0,4,93
1,2,15:43:34,1,-1,2,AA7195,0,4,47
2,3,15:46:01,1,-1,2,AA7195,0,4,75
3,4,15:48:23,1,-1,1,AA7195,0,4,22
4,5,15:52:21,1,-1,1,AA7195,0,4,152
5,6,15:53:29,1,-1,1,AA7195,0,4,11
6,7,16:05:00,1,-1,1,AA7195,0,4,645
7,8,16:07:21,1,-1,2,AA7195,0,4,104
8,9,16:08:23,1,-1,1,AA7195,0,4,46
9,10,16:09:27,1,-1,1,AA7195,0,4,39
10,11,16:12:37,1,-1,1,AA7195,0,4,174
11,12,16:13:24,1,-1,1,AA7195,0,4,34
12,13,16:15:12,1,-1,1,AA7195,0,4,95
13,14,16:16:47,1,-1,2,AA7195,0,4,82
14,15,16:18:27,1,-1,-1,AA7195,0,4,52
15,16,16:20:24,1,-1,1,AA7195,0,4,94
16,17,16:28:29,1,-1,1,AA7195,0,4,460
17,18,16:29:55,1,-1,1,AA7195,0,4,50
18,19,16:37:25,1,-1,3,AA7195,0,4,438
19,20,16:40:20,1,-1,1,AA7195,0,4,80
20,21,16:42:25,1,-1,1,AA7195,0,4,89
21,22,16:44:34,1,-1,-1,AA7195,0,4,46
0,1,16:58:11,1,-1,-1,AA7195,0,2,81
1,2,17:00:35,1,-1,3,AA7195,0,2,99
2,3,17:02:59,1,-1,2,AA7195,0,2,71
3,4,17:04:57,1,-1,1,AA7195,0,2,82
4,5,17:08:46,1,-1,1,AA7195,0,2,146
5,6,17:10:12,1,-1,1,AA7195,0,2,63
6,7,17:21:56,1,-1,1,AA7195,0,2,692
7,8,17:23:34,1,-1,2,AA7195,0,2,61
8,9,17:25:21,1,-1,1,AA7195,0,2,59
9,10,17:26:38,1,-1,1,AA7195,0,2,49
10,11,17:29:14,1,-1,1,AA7195,0,2,144
11,12,17:30:12,1,-1,1,AA7195,0,2,23
12,13,17:32:26,1,-1,1,AA7195,0,2,110
13,14,17:33:37,1,-1,2,AA7195,0,2,34
14,15,17:35:14,1,-1,-1,AA7195,0,2,74
15,16,17:37:21,1,-1,1,AA7195,0,2,92
16,17,17:45:20,1,-1,1,AA7195,0,2,441
17,18,17:47:09,1,-1,1,AA7195,0,2,69
18,19,17:56:02,1,-1,3,AA7195,0,2,521
19,20,18:04:00,1,-1,1,AA7195,0,2,431
20,21,18:06:34,1,-1,1,AA7195,0,2,141
21,22,18:08:37,1,-1,-1,AA7195,0,2,85
0,1,18:17:56,1,-1,-1,AA7195,0,2,147
1,2,18:21:08,1,-1,3,AA7195,0,2,156
2,3,18:24:03,1,-1,3,AA7195,0,2,149
3,4,18:26:36,1,-1,1,AA7195,0,2,103
4,5,18:30:12,1,-1,2,AA7195,0,2,154
5,6,18:31:48,1,-1,1,AA7195,0,2,38
6,7,18:46:13,1,-1,2,AA7195,0,2,853
7,8,18:47:58,1,-1,2,AA7195,0,2,93
8,9,18:49:20,1,-1,1,AA7195,0,2,70
9,11,18:52:46,1,-1,1,AA7195,1,2,190
11,12,18:53:47,1,-1,1,AA7195,0,2,25
12,13,18:55:46,1,-1,1,AA7195,0,2,82
13,14,18:56:57,1,-1,2,AA7195,0,2,47
14,15,18:58:31,1,-1,-1,AA7195,0,2,80
15,17,19:08:10,1,-1,1,AA7195,1,2,566
17,18,19:09:15,1,-1,1,AA7195,0,2,31
18,19,19:16:59,1,-1,3,AA7195,0,2,450
19,22,19:27:40,1,-1,-1,AA7195,2,2,550
0,1,19:39:42,1,-1,-1,AA7195,0,2,68
1,2,19:41:40,1,-1,2,AA7195,0,2,36
2,3,19:44:24,1,-1,2,AA7195,0,2,95
3,4,19:46:48,1,-1,1,AA7195,0,2,69
4,5,19:49:35,1,-1,1,AA7195,0,2,121
5,6,19:51:48,1,-1,1,AA7195,0,2,59
6,7,20:01:36,1,-1,1,AA7195,0,2,576
7,8,20:03:33,1,-1,2,AA7195,0,2,58
8,9,20:05:09,1,-1,1,AA7195,0,2,49
10,12,20:09:14,1,-1,1,AA7195,1,2,139
12,13,20:10:40,1,-1,1,AA7195,0,2,58
13,14,20:11:42,1,-1,1,AA7195,0,2,40
14,16,20:15:00,1,-1,1,AA7195,1,2,163
16,17,20:23:15,1,-1,1,AA7195,0,2,386
17,18,20:24:50,1,-1,1,AA7195,0,2,24
18,19,20:30:16,1,-1,2,AA7195,0,2,291
19,21,20:36:14,1,-1,1,AA7195,1,2,265
21,22,20:38:22,1,-1,-1,AA7195,0,2,105
0,1,0:03:06,1,-1,-1,AA7242,0,1,40
1,2,0:04:06,1,-1,1,AA7242,0,1,20
2,3,0:06:28,1,-1,1,AA7242,0,1,131
3,4,0:07:08,1,-1,1,AA7242,0,1,20
4,5,0:09:29,1,-1,1,AA7242,0,1,121
5,6,0:11:12,1,-1,1,AA7242,0,1,30
6,7,0:21:09,1,-1,1,AA7242,0,1,575
7,8,0:23:24,1,-1,1,AA7242,0,1,124
8,9,0:24:35,1,-1,1,AA7242,0,1,50
9,10,0:25:35,1,-1,1,AA7242,0,1,30
10,11,0:27:27,1,-1,1,AA7242,0,1,60
11,12,0:28:07,1,-1,1,AA7242,0,1,30
12,13,0:29:28,1,-1,1,AA7242,0,1,50
13,14,0:30:39,1,-1,1,AA7242,0,1,40
14,15,0:31:59,1,-1,-1,AA7242,0,1,40
15,16,0:33:54,1,-1,1,AA7242,0,1,80
16,17,0:40:18,1,-1,1,AA7242,0,1,353
17,18,0:41:28,1,-1,1,AA7242,0,1,30
18,19,0:46:16,1,-1,2,AA7242,0,1,266
19,20,0:48:57,1,-1,1,AA7242,0,1,121
20,21,0:50:59,1,-1,1,AA7242,0,1,111
21,22,0:52:40,1,-1,-1,AA7242,0,1,80
0,1,1:09:56,1,-1,-1,AA7242,0,1,91
1,2,1:11:27,1,-1,1,AA7242,0,1,30
2,3,1:13:08,1,-1,1,AA7242,0,1,50
3,4,1:13:49,1,-1,1,AA7242,0,1,10
4,5,1:17:56,1,-1,1,AA7242,0,1,131
5,6,1:18:57,1,-1,1,AA7242,0,1,21
6,7,1:27:44,1,-1,1,AA7242,0,1,516
7,8,1:29:25,1,-1,1,AA7242,0,1,90
8,9,1:30:46,1,-1,1,AA7242,0,1,60
9,10,1:31:37,1,-1,1,AA7242,0,1,30
10,11,1:33:32,1,-1,1,AA7242,0,1,84
11,12,1:34:16,1,-1,1,AA7242,0,1,10
12,13,1:35:27,1,-1,1,AA7242,0,1,50
13,14,1:36:17,1,-1,1,AA7242,0,1,30
14,15,1:37:32,1,-1,-1,AA7242,0,1,20
15,16,1:39:34,1,-1,1,AA7242,0,1,91
16,17,1:46:08,1,-1,1,AA7242,0,1,364
17,18,1:47:09,1,-1,1,AA7242,0,1,30
18,19,1:51:34,1,-1,-1,AA7242,0,1,254
19,20,1:52:54,1,-1,-1,AA7242,0,1,50
20,21,1:55:06,1,-1,1,AA7242,0,1,121
21,22,1:56:57,1,-1,-1,AA7242,0,1,90
0,1,6:10:59,1,-1,-1,AA7242,0,4,23
1,2,6:13:10,1,-1,2,AA7242,0,4,50
2,3,6:14:53,1,-1,1,AA7242,0,4,56
3,4,6:16:50,1,-1,1,AA7242,0,4,60
4,5,6:19:47,1,-1,1,AA7242,0,4,141
5,6,6:21:20,1,-1,1,AA7242,0,4,23
6,7,6:30:42,1,-1,1,AA7242,0,4,546
7,8,6:32:38,1,-1,2,AA7242,0,4,92
8,9,6:34:02,1,-1,1,AA7242,0,4,47
9,10,6:35:00,1,-1,1,AA7242,0,4,34
10,11,6:36:35,1,-1,1,AA7242,0,4,84
11,12,6:37:34,1,-1,1,AA7242,0,4,22
12,13,6:38:56,1,-1,1,AA7242,0,4,58
13,14,6:40:02,1,-1,1,AA7242,0,4,23
14,15,6:41:23,1,-1,-1,AA7242,0,4,33
15,16,6:43:08,1,-1,1,AA7242,0,4,69
16,17,6:49:57,1,-1,1,AA7242,0,4,370
17,18,6:50:59,1,-1,1,AA7242,0,4,23
18,19,6:56:40,1,-1,1,AA7242,0,4,329
19,20,6:59:14,1,-1,1,AA7242,0,4,117
20,21,7:01:09,1,-1,1,AA7242,0,4,103
21,22,7:03:10,1,-1,-1,AA7242,0,4,84
0,1,7:11:24,1,-1,-1,AA7242,0,4,63
1,2,7:13:06,1,-1,2,AA7242,0,4,57
2,3,7:14:57,1,-1,2,AA7242,0,4,98
3,4,7:16:56,1,-1,1,AA7242,0,1,69
4,5,7:19:40,1,-1,1,AA7242,0,1,116
5,6,7:21:12,1,-1,1,AA7242,0,1,11
6,7,7:30:06,1,-1,-1,AA7242,0,4,511
7,8,7:32:37,1,-1,-1,AA7242,0,4,115
8,9,7:33:56,1,-1,-1,AA7242,0,4,45
9,10,7:34:59,1,-1,-1,AA7242,0,4,23
10,11,7:36:59,1,-1,1,AA7242,0,4,81
11,12,7:38:10,1,-1,1,AA7242,0,4,35
12,13,7:39:34,1,-1,1,AA7242,0,4,60
13,14,7:40:31,1,-1,1,AA7242,0,4,34
14,15,7:42:45,1,-1,-1,AA7242,0,4,58
15,16,7:45:58,1,-1,1,AA7242,0,4,118
16,17,7:53:51,1,-1,1,AA7242,0,4,413
17,18,7:55:12,1,-1,1,AA7242,0,4,35
18,19,8:00:58,1,-1,3,AA7242,0,4,323
19,20,8:07:59,1,-1,2,AA7242,0,4,324
20,21,8:09:46,1,-1,1,AA7242,0,4,94
21,22,8:12:24,1,-1,-1,AA7242,0,4,94
0,1,8:22:11,1,-1,-1,AA7242,0,2,96
1,2,8:24:32,1,-1,3,AA7242,0,4,70
2,3,8:27:57,1,-1,3,AA7242,0,4,128
3,4,8:34:34,1,-1,1,AA7242,0,4,254
4,5,8:38:38,1,-1,1,AA7242,0,4,173
5,6,8:40:34,1,-1,1,AA7242,0,4,23
6,7,8:51:23,1,-1,2,AA7242,0,4,625
7,8,8:54:23,1,-1,2,AA7242,0,4,165
8,9,8:55:59,1,-1,1,AA7242,0,4,71
9,10,8:56:57,1,-1,1,AA7242,0,4,34
10,11,8:59:33,1,-1,1,AA7242,0,4,132
11,12,9:00:46,1,-1,3,AA7242,0,4,61
12,13,9:04:47,1,-1,3,AA7242,0,4,109
13,14,9:06:09,1,-1,2,AA7242,0,4,35
14,15,9:07:35,1,-1,-1,AA7242,0,4,25
15,16,9:10:11,1,-1,1,AA7242,0,4,94
16,17,9:16:56,1,-1,1,AA7242,0,4,368
17,18,9:18:19,1,-1,1,AA7242,0,4,36
18,19,9:25:15,1,-1,3,AA7242,0,4,403
19,20,9:30:49,1,-1,1,AA7242,0,4,275
20,21,9:35:56,1,-1,1,AA7242,0,4,296
21,22,9:38:22,1,-1,-1,AA7242,0,4,96
0,1,9:46:47,1,-1,-1,AA7242,0,4,37
1,2,9:49:10,1,-1,2,AA7242,0,4,47
2,3,9:51:47,1,-1,2,AA7242,0,4,71
3,4,9:54:23,1,-1,1,AA7242,0,2,83
4,5,9:58:47,1,-1,1,AA7242,0,2,158
5,6,10:00:34,1,-1,1,AA7242,0,2,11
6,7,10:12:07,1,-1,1,AA7242,0,4,669
7,8,10:13:39,1,-1,1,AA7242,0,2,80
8,9,10:16:00,1,-1,1,AA7242,0,2,106
9,10,10:16:36,1,-1,1,AA7242,0,2,22
10,11,10:19:03,1,-1,1,AA7242,0,2,111
11,12,10:20:01,1,-1,1,AA7242,0,2,24
12,13,10:21:12,1,-1,1,AA7242,0,2,59
13,14,10:22:09,1,-1,1,AA7242,0,2,34
14,15,10:23:34,1,-1,-1,AA7242,0,4,25
15,16,10:26:01,1,-1,1,AA7242,0,4,83
16,17,10:32:59,1,-1,1,AA7242,0,4,367
17,18,10:34:24,1,-1,1,AA7242,0,4,35
18,19,10:40:37,1,-1,2,AA7242,0,4,360
19,20,10:43:49,1,-1,1,AA7242,0,2,116
20,21,10:47:22,1,-1,1,AA7242,0,2,165
21,22,10:49:37,1,-1,-1,AA7242,0,2,100
0,1,11:25:04,1,-1,-1,AA7242,0,2,81
1,2,11:26:15,1,-1,1,AA7242,0,2,47
2,3,11:28:00,1,-1,2,AA7242,0,2,46
3,4,11:30:34,1,-1,1,AA7242,0,2,106
4,5,11:34:32,1,-1,1,AA7242,0,4,167
5,6,11:36:08,1,-1,1,AA7242,0,4,23
6,7,11:46:42,1,-1,2,AA7242,0,4,611
7,8,11:48:50,1,-1,2,AA7242,0,4,103
8,9,11:50:12,1,-1,1,AA7242,0,4,46
9,10,11:50:49,1,-1,1,AA7242,0,4,25
10,11,11:53:01,1,-1,1,AA7242,0,4,83
11,12,11:53:59,1,-1,1,AA7242,0,4,34
12,13,11:56:00,1,-1,1,AA7242,0,4,74
13,14,11:57:22,1,-1,1,AA7242,0,4,34
14,15,11:59:24,1,-1,-1,AA7242,0,4,48
15,16,12:01:51,1,-1,1,AA7242,0,4,123
16,17,12:08:47,1,-1,1,AA7242,0,4,370
17,18,12:11:00,1,-1,1,AA7242,0,4,82
18,19,12:18:23,1,-1,3,AA7242,0,2,418
19,20,12:21:16,1,-1,1,AA7242,0,2,128
20,21,12:24:16,1,-1,1,AA7242,0,4,119
21,22,12:26:14,1,-1,-1,AA7242,0,4,69
0,1,12:36:09,1,-1,-1,AA7242,0,4,68
1,2,12:38:45,1,-1,2,AA7242,0,4,70
2,3,12:41:20,1,-1,2,AA7242,0,4,81
3,4,12:43:23,1,-1,1,AA7242,0,4,59
4,5,12:47:27,1,-1,1,AA7242,0,4,162
5,6,12:48:51,1,-1,1,AA7242,0,4,23
6,7,12:59:47,1,-1,1,AA7242,0,4,632
7,8,13:02:19,1,-1,2,AA7242,0,4,117
8,9,13:04:20,1,-1,1,AA7242,0,4,93
9,10,13:05:21,1,-1,1,AA7242,0,4,36
10,11,13:07:39,1,-1,1,AA7242,0,4,69
11,12,13:08:51,1,-1,1,AA7242,0,4,24
12,13,13:10:26,1,-1,1,AA7242,0,4,58
13,14,13:11:36,1,-1,1,AA7242,0,4,34
14,15,13:13:20,1,-1,-1,AA7242,0,4,34
15,16,13:16:17,1,-1,1,AA7242,0,4,152
16,17,13:23:20,1,-1,1,AA7242,0,4,374
17,18,13:24:41,1,-1,1,AA7242,0,4,34
18,19,13:30:34,1,-1,2,AA7242,0,4,330
19,20,13:33:33,1,-1,1,AA7242,0,4,69
20,21,13:36:35,1,-1,1,AA7242,0,4,135
21,22,13:38:43,1,-1,-1,AA7242,0,4,93
0,1,13:47:57,1,-1,-1,AA7242,0,4,37
1,2,13:50:59,1,-1,2,AA7242,0,4,146
2,3,13:54:24,1,-1,2,AA7242,0,4,144
3,4,13:56:52,1,-1,1,AA7242,0,4,79
4,5,14:00:37,1,-1,1,AA7242,0,4,156
5,6,14:02:12,1,-1,1,AA7242,0,4,22
6,7,14:12:47,1,-1,1,AA7242,0,4,623
7,8,14:15:39,1,-1,2,AA7242,0,4,126
8,9,14:17:12,1,-1,1,AA7242,0,4,47
9,10,14:18:26,1,-1,1,AA7242,0,4,37
10,11,14:21:57,1,-1,1,AA7242,0,4,176
11,12,14:22:58,1,-1,1,AA7242,0,4,23
12,13,14:25:14,1,-1,1,AA7242,0,4,95
13,14,14:26:00,1,-1,1,AA7242,0,4,34
14,15,14:27:50,1,-1,-1,AA7242,0,4,41
15,16,14:30:26,1,-1,1,AA7242,0,4,96
16,17,14:37:24,1,-1,1,AA7242,0,4,371
17,19,14:46:09,1,-1,2,AA7242,1,4,465
19,20,14:50:30,1,-1,2,AA7242,0,4,161
20,21,14:53:29,1,-1,1,AA7242,0,2,142
21,22,14:55:27,1,-1,-1,AA7242,0,2,94
0,1,6:01:45,1,-1,-1,AA7301,0,1,69
1,2,6:04:04,1,-1,1,AA7301,0,1,69
2,3,6:06:24,1,-1,1,AA7301,0,4,35
3,4,6:08:25,1,-1,1,AA7301,0,4,48
4,5,6:11:11,1,-1,1,AA7301,0,4,118
5,6,6:12:20,1,-1,1,AA7301,0,4,22
6,7,6:21:20,1,-1,1,AA7301,0,4,525
7,8,6:23:36,1,-1,-1,AA7301,0,4,97
8,9,6:24:48,1,-1,1,AA7301,0,4,35
9,10,6:25:57,1,-1,1,AA7301,0,4,22
10,11,6:27:56,1,-1,1,AA7301,0,4,72
11,12,6:28:43,1,-1,1,AA7301,0,4,23
12,13,6:29:56,1,-1,1,AA7301,0,4,49
13,14,6:30:42,1,-1,1,AA7301,0,4,34
14,15,6:31:40,1,-1,-1,AA7301,0,4,22
15,16,6:33:50,1,-1,1,AA7301,0,4,106
16,17,6:40:26,1,-1,1,AA7301,0,4,360
17,18,6:41:12,1,-1,1,AA7301,0,4,22
18,19,6:45:47,1,-1,2,AA7301,0,4,263
19,20,6:47:33,1,-1,1,AA7301,0,4,58
20,21,6:50:36,1,-1,1,AA7301,0,4,158
21,22,6:52:21,1,-1,-1,AA7301,0,4,81
0,1,6:58:15,1,-1,-1,AA7301,0,4,47
1,2,7:00:01,1,-1,1,AA7301,0,4,57
2,3,7:01:33,1,-1,1,AA7301,0,4,34
3,4,7:03:22,1,-1,1,AA7301,0,4,62
4,5,7:06:11,1,-1,1,AA7301,0,4,119
5,6,7:07:36,1,-1,1,AA7301,0,4,26
6,7,7:16:33,1,-1,1,AA7301,0,1,524
7,8,7:18:19,1,-1,2,AA7301,0,1,94
8,9,7:19:29,1,-1,1,AA7301,0,1,35
9,10,7:20:26,1,-1,1,AA7301,0,1,22
10,11,7:21:57,1,-1,1,AA7301,0,1,79
11,12,7:22:32,1,-1,1,AA7301,0,1,23
12,13,7:23:54,1,-1,1,AA7301,0,1,47
13,14,7:24:41,1,-1,1,AA7301,0,1,34
14,15,7:26:02,1,-1,-1,AA7301,0,4,34
15,16,7:28:23,1,-1,1,AA7301,0,4,117
16,17,7:35:49,1,-1,1,AA7301,0,4,388
17,18,7:37:22,1,-1,1,AA7301,0,4,34
18,19,7:42:57,1,-1,3,AA7301,0,4,322
19,20,7:49:46,1,-1,2,AA7301,0,4,297
20,21,7:52:54,1,-1,1,AA7301,0,4,176
21,22,7:55:23,1,-1,-1,AA7301,0,4,92
0,1,8:05:00,1,-1,-1,AA7301,0,4,56
1,2,8:08:34,1,-1,3,AA7301,0,4,190
2,3,8:11:50,1,-1,3,AA7301,0,4,124
3,4,8:16:24,1,-1,1,AA7301,0,4,167
4,5,8:20:57,1,-1,1,AA7301,0,4,156
5,6,8:22:58,1,-1,1,AA7301,0,2,23
6,7,8:32:46,1,-1,2,AA7301,0,4,575
7,8,8:35:45,1,-1,2,AA7301,0,4,167
8,9,8:37:29,1,-1,1,AA7301,0,4,81
9,10,8:38:38,1,-1,1,AA7301,0,4,22
10,11,8:40:57,1,-1,1,AA7301,0,4,115
11,12,8:41:57,1,-1,2,AA7301,0,4,24
12,13,8:46:57,1,-1,2,AA7301,0,4,237
13,14,8:48:10,1,-1,2,AA7301,0,4,36
14,15,8:49:36,1,-1,-1,AA7301,0,4,60
15,16,8:53:09,1,-1,1,AA7301,0,4,165
16,17,8:59:45,1,-1,1,AA7301,0,4,368
17,18,9:00:46,1,-1,1,AA7301,0,4,26
18,19,9:06:35,1,-1,2,AA7301,0,4,325
19,20,9:11:35,1,-1,2,AA7301,0,4,192
20,21,9:14:24,1,-1,1,AA7301,0,4,157
21,22,9:16:56,1,-1,-1,AA7301,0,4,92
0,1,9:25:50,1,-1,-1,AA7301,0,4,48
1,2,9:29:00,1,-1,2,AA7301,0,4,165
2,3,9:31:48,1,-1,2,AA7301,0,4,94
3,4,9:35:10,1,-1,1,AA7301,0,4,154
4,5,9:38:57,1,-1,1,AA7301,0,4,143
5,6,9:39:59,1,-1,1,AA7301,0,4,11
6,7,9:49:59,1,-1,1,AA7301,0,4,576
7,8,9:51:47,1,-1,2,AA7301,0,4,71
8,9,9:53:00,1,-1,1,AA7301,0,2,49
9,10,9:53:47,1,-1,1,AA7301,0,2,36
10,11,9:55:09,1,-1,1,AA7301,0,2,69
11,12,9:56:09,1,-1,1,AA7301,0,2,24
12,13,9:57:25,1,-1,1,AA7301,0,2,49
13,14,9:58:13,1,-1,1,AA7301,0,2,36
14,15,9:59:23,1,-1,-1,AA7301,0,2,47
15,16,10:01:36,1,-1,1,AA7301,0,2,85
16,17,10:08:36,1,-1,1,AA7301,0,4,372
17,18,10:09:34,1,-1,1,AA7301,0,4,34
18,19,10:16:13,1,-1,3,AA7301,0,2,387
19,20,10:21:12,1,-1,1,AA7301,0,2,252
20,21,10:31:38,1,-1,1,AA7301,0,4,579
21,22,10:33:49,1,-1,-1,AA7301,0,4,107
0,1,11:07:15,1,-1,-1,AA7301,0,4,34
1,2,11:09:58,1,-1,3,AA7301,0,4,92
2,3,11:11:35,1,-1,2,AA7301,0,2,37
3,4,11:13:00,1,-1,1,AA7301,0,2,24
4,5,11:16:34,1,-1,1,AA7301,0,2,144
5,6,11:18:11,1,-1,1,AA7301,0,2,23
6,7,11:28:12,1,-1,1,AA7301,0,2,589
7,8,11:30:34,1,-1,2,AA7301,0,2,118
8,9,11:32:58,1,-1,1,AA7301,0,4,85
9,10,11:33:34,1,-1,1,AA7301,0,4,23
10,11,11:36:08,1,-1,1,AA7301,0,4,141
11,12,11:36:55,1,-1,1,AA7301,0,4,35
12,13,11:39:12,1,-1,1,AA7301,0,4,98
13,14,11:40:12,1,-1,1,AA7301,0,4,36
14,15,11:41:56,1,-1,-1,AA7301,0,4,34
15,16,11:44:31,1,-1,1,AA7301,0,4,131
16,17,11:51:00,1,-1,1,AA7301,0,4,364
17,18,11:53:25,1,-1,1,AA7301,0,4,23
18,19,11:59:12,1,-1,3,AA7301,0,4,335
19,20,12:03:23,1,-1,1,AA7301,0,4,178
20,21,12:05:10,1,-1,1,AA7301,0,4,94
21,22,12:07:32,1,-1,-1,AA7301,0,4,104
0,1,12:23:40,1,-1,-1,AA7301,0,4,47
1,2,12:26:49,1,-1,2,AA7301,0,4,104
2,3,12:29:27,1,-1,2,AA7301,0,4,146
3,4,12:32:22,1,-1,1,AA7301,0,4,59
4,5,12:36:09,1,-1,1,AA7301,0,4,156
5,6,12:38:22,1,-1,1,AA7301,0,4,23
6,7,12:48:28,1,-1,1,AA7301,0,4,593
7,8,12:50:23,1,-1,1,AA7301,0,4,92
8,9,12:52:10,1,-1,1,AA7301,0,4,94
9,10,12:52:57,1,-1,1,AA7301,0,4,35
10,11,12:54:46,1,-1,1,AA7301,0,4,71
11,12,12:55:35,1,-1,1,AA7301,0,4,12
12,13,12:57:09,1,-1,1,AA7301,0,4,57
13,14,12:57:55,1,-1,1,AA7301,0,4,34
14,15,12:59:19,1,-1,-1,AA7301,0,4,35
15,16,13:01:20,1,-1,1,AA7301,0,4,92
16,17,13:08:04,1,-1,1,AA7301,0,4,368
17,18,13:09:51,1,-1,1,AA7301,0,4,36
18,19,13:14:55,1,-1,2,AA7301,0,4,291
19,20,13:17:05,1,-1,1,AA7301,0,4,71
20,21,13:19:38,1,-1,1,AA7301,0,4,141
21,22,13:21:34,1,-1,-1,AA7301,0,4,104
0,1,13:36:07,1,-1,-1,AA7301,0,4,45
1,2,13:38:54,1,-1,2,AA7301,0,4,94
2,3,13:41:39,1,-1,2,AA7301,0,4,82
3,4,13:44:01,1,-1,1,AA7301,0,4,82
4,5,13:47:33,1,-1,1,AA7301,0,4,129
5,6,13:48:57,1,-1,1,AA7301,0,4,12
6,8,14:00:26,1,-1,2,AA7301,1,4,665
8,9,14:01:38,1,-1,1,AA7301,0,4,48
9,10,14:02:23,1,-1,1,AA7301,0,4,22
10,11,14:03:47,1,-1,1,AA7301,0,4,72
11,12,14:04:36,1,-1,1,AA7301,0,4,24
12,13,14:06:12,1,-1,1,AA7301,0,4,71
13,14,14:07:36,1,-1,1,AA7301,0,4,49
14,15,14:08:35,1,-1,-1,AA7301,0,4,23
15,16,14:11:21,1,-1,1,AA7301,0,4,142
16,17,14:19:01,1,-1,1,AA7301,0,4,400
17,18,14:21:09,1,-1,1,AA7301,0,4,58
18,19,14:27:38,1,-1,3,AA7301,0,4,376
19,21,14:34:11,1,-1,1,AA7301,1,4,380
21,22,14:36:37,1,-1,-1,AA7301,0,4,97
0,2,14:49:20,1,-1,2,AA7301,1,4,250
2,3,14:51:06,1,-1,3,AA7301,0,4,48
3,4,14:53:29,1,-1,1,AA7301,0,2,84
4,5,14:57:16,1,-1,1,AA7301,0,2,143
5,6,14:58:40,1,-1,1,AA7301,0,2,11
6,7,15:09:20,1,-1,1,AA7301,0,4,617
7,8,15:11:38,1,-1,2,AA7301,0,4,118
8,9,15:12:51,1,-1,1,AA7301,0,4,60
9,10,15:13:49,1,-1,1,AA7301,0,4,22
10,11,15:15:21,1,-1,1,AA7301,0,4,56
11,12,15:16:19,1,-1,1,AA7301,0,4,22
12,13,15:20:03,1,-1,2,AA7301,0,4,142
13,14,15:21:01,1,-1,2,AA7301,0,4,46
14,15,15:22:59,1,-1,-1,AA7301,0,4,34
15,16,15:26:00,1,-1,1,AA7301,0,4,145
16,17,15:33:50,1,-1,1,AA7301,0,4,413
17,18,15:35:27,1,-1,1,AA7301,0,4,22
18,19,15:41:36,1,-1,2,AA7301,0,4,357
19,20,15:44:22,1,-1,1,AA7301,0,4,106
20,21,15:46:35,1,-1,1,AA7301,0,4,121
21,22,15:48:35,1,-1,-1,AA7301,0,4,83
0,1,10:27:15,1,-1,-1,AA7341,0,4,23
1,2,10:29:47,1,-1,2,AA7341,0,4,80
2,3,10:31:49,1,-1,1,AA7341,0,4,52
3,4,10:34:24,1,-1,1,AA7341,0,4,74
4,5,10:38:21,1,-1,1,AA7341,0,4,139
5,6,10:39:47,1,-1,1,AA7341,0,4,23
6,7,10:49:37,1,-1,1,AA7341,0,2,566
7,8,10:51:57,1,-1,1,AA7341,0,2,116
8,9,10:53:35,1,-1,1,AA7341,0,2,74
9,10,10:54:24,1,-1,1,AA7341,0,2,35
10,11,10:56:36,1,-1,1,AA7341,0,2,121
11,12,10:57:11,1,-1,1,AA7341,0,2,22
12,13,10:58:49,1,-1,1,AA7341,0,2,73
13,14,10:59:48,1,-1,1,AA7341,0,2,46
14,15,11:01:00,1,-1,-1,AA7341,0,4,35
15,16,11:03:54,1,-1,1,AA7341,0,4,150
16,17,11:11:09,1,-1,1,AA7341,0,2,394
17,18,11:12:35,1,-1,1,AA7341,0,2,36
18,19,11:17:35,1,-1,3,AA7341,0,2,287
19,20,11:21:45,1,-1,1,AA7341,0,2,178
20,21,11:24:06,1,-1,1,AA7341,0,2,129
21,22,11:26:27,1,-1,-1,AA7341,0,2,82
0,1,12:12:00,1,-1,-1,AA7341,0,2,94
1,2,12:14:00,1,-1,2,AA7341,0,2,85
2,3,12:15:48,1,-1,2,AA7341,0,2,49
3,4,12:17:00,1,-1,1,AA7341,0,2,23
4,5,12:20:24,1,-1,1,AA7341,0,2,191
5,6,12:22:04,1,-1,1,AA7341,0,4,75
6,7,12:33:33,1,-1,1,AA7341,0,4,676
7,8,12:35:46,1,-1,2,AA7341,0,4,121
8,9,12:36:55,1,-1,1,AA7341,0,4,35
9,10,12:37:59,1,-1,1,AA7341,0,4,24
10,11,12:39:35,1,-1,1,AA7341,0,4,61
11,12,12:40:46,1,-1,1,AA7341,0,4,35
12,13,12:42:24,1,-1,1,AA7341,0,4,45
13,14,12:43:12,1,-1,1,AA7341,0,4,36
14,15,12:45:10,1,-1,-1,AA7341,0,4,49
15,16,12:47:04,1,-1,1,AA7341,0,4,102
16,17,12:53:58,1,-1,1,AA7341,0,4,365
17,18,12:55:11,1,-1,1,AA7341,0,4,37
18,19,13:01:32,1,-1,2,AA7341,0,4,356
19,20,13:04:44,1,-1,2,AA7341,0,4,145
20,21,13:07:39,1,-1,1,AA7341,0,4,138
21,22,13:09:38,1,-1,-1,AA7341,0,4,82
0,1,13:27:50,1,-1,-1,AA7341,0,4,129
1,2,13:30:00,1,-1,3,AA7341,0,4,84
2,3,13:32:23,1,-1,2,AA7341,0,4,131
3,4,13:34:48,1,-1,1,AA7341,0,4,63
4,5,13:38:18,1,-1,1,AA7341,0,4,142
5,6,13:40:17,1,-1,1,AA7341,0,4,24
6,8,13:50:59,1,-1,1,AA7341,1,4,618
8,9,13:52:48,1,-1,1,AA7341,0,4,59
9,10,13:53:49,1,-1,1,AA7341,0,4,36
10,11,13:56:07,1,-1,1,AA7341,0,4,79
11,12,13:56:52,1,-1,1,AA7341,0,4,22
12,13,13:58:39,1,-1,1,AA7341,0,4,73
13,14,13:59:16,1,-1,1,AA7341,0,4,23
14,15,14:01:13,1,-1,-1,AA7341,0,4,35
15,16,14:03:47,1,-1,1,AA7341,0,4,129
16,17,14:10:46,1,-1,1,AA7341,0,4,381
17,18,14:12:08,1,-1,1,AA7341,0,4,35
18,19,14:18:26,1,-1,3,AA7341,0,4,365
19,20,14:22:58,1,-1,1,AA7341,0,4,201
20,21,14:26:57,1,-1,1,AA7341,0,4,186
21,22,14:28:49,1,-1,-1,AA7341,0,4,89
0,1,14:39:09,1,-1,-1,AA7341,0,4,68
1,2,14:42:00,1,-1,2,AA7341,0,4,106
2,4,14:46:20,1,-1,1,AA7341,1,4,188
4,5,14:49:55,1,-1,1,AA7341,0,4,138
5,6,14:51:30,1,-1,1,AA7341,0,4,23
6,7,15:01:36,1,-1,1,AA7341,0,2,593
7,8,15:03:47,1,-1,2,AA7341,0,4,108
8,9,15:05:35,1,-1,1,AA7341,0,4,72
9,10,15:06:36,1,-1,1,AA7341,0,4,24
10,11,15:09:40,1,-1,1,AA7341,0,4,126
11,12,15:11:01,1,-1,1,AA7341,0,4,36
12,13,15:13:49,1,-1,2,AA7341,0,4,118
13,14,15:15:10,1,-1,1,AA7341,0,4,45
14,15,15:16:53,1,-1,-1,AA7341,0,4,45
15,16,15:20:50,1,-1,1,AA7341,0,4,164
16,17,15:27:56,1,-1,1,AA7341,0,4,380
17,18,15:30:11,1,-1,1,AA7341,0,4,70
18,19,15:37:02,1,-1,3,AA7341,0,4,386
19,20,15:41:47,1,-1,1,AA7341,0,4,151
20,21,15:43:58,1,-1,1,AA7341,0,4,83
21,22,15:46:12,1,-1,-1,AA7341,0,4,98
0,1,15:59:50,1,-1,-1,AA7341,0,2,99
1,2,16:02:12,1,-1,2,AA7341,0,2,118
2,3,16:03:52,1,-1,2,AA7341,0,4,62
3,4,16:06:23,1,-1,1,AA7341,0,4,82
4,5,16:11:03,1,-1,2,AA7341,0,4,183
5,6,16:12:25,1,-1,1,AA7341,0,4,35
6,7,16:23:58,1,-1,1,AA7341,0,4,680
7,8,16:26:10,1,-1,2,AA7341,0,4,119
8,9,16:27:43,1,-1,1,AA7341,0,4,46
9,10,16:28:18,1,-1,1,AA7341,0,4,22
10,11,16:31:05,1,-1,1,AA7341,0,4,133
11,12,16:32:06,1,-1,1,AA7341,0,4,26
12,13,16:34:10,1,-1,1,AA7341,0,4,80
13,14,16:36:39,1,-1,2,AA7341,0,4,112
14,15,16:39:00,1,-1,-1,AA7341,0,4,60
15,16,16:41:39,1,-1,1,AA7341,0,4,125
16,17,16:48:28,1,-1,1,AA7341,0,4,375
17,18,16:49:50,1,-1,1,AA7341,0,4,33
18,19,16:57:24,1,-1,3,AA7341,0,2,443
19,20,17:00:58,1,-1,1,AA7341,0,2,155
20,21,17:03:34,1,-1,1,AA7341,0,2,118
21,22,17:05:32,1,-1,-1,AA7341,0,2,83
0,1,17:14:16,1,-1,-1,AA7341,0,2,46
1,2,17:17:10,1,-1,3,AA7341,0,2,36
2,4,17:21:21,1,-1,1,AA7341,1,2,214
4,5,17:25:09,1,-1,2,AA7341,0,2,156
5,6,17:27:02,1,-1,1,AA7341,0,2,24
6,7,17:38:45,1,-1,1,AA7341,0,2,690
7,8,17:41:48,1,-1,2,AA7341,0,2,136
8,9,17:43:02,1,-1,1,AA7341,0,2,27
9,10,17:44:13,1,-1,1,AA7341,0,2,35
10,11,17:46:57,1,-1,1,AA7341,0,2,142
11,12,17:47:58,1,-1,1,AA7341,0,2,23
12,14,17:52:16,1,-1,1,AA7341,1,2,235
14,15,17:53:51,1,-1,-1,AA7341,0,2,82
15,16,18:00:01,1,-1,1,AA7341,0,2,321
16,17,18:08:03,1,-1,1,AA7341,0,2,433
17,18,18:10:02,1,-1,1,AA7341,0,2,61
18,19,18:19:08,1,-1,3,AA7341,0,2,534
19,21,18:29:25,1,-1,1,AA7341,1,2,426
21,22,18:31:21,1,-1,-1,AA7341,0,2,104
0,1,18:37:15,1,-1,-1,AA7341,0,2,24
1,3,18:43:50,1,-1,2,AA7341,1,2,323
3,4,18:46:01,1,-1,1,AA7341,0,2,94
4,5,18:49:20,1,-1,2,AA7341,0,2,164
5,6,18:50:45,1,-1,1,AA7341,0,2,22
6,7,19:04:49,1,-1,1,AA7341,0,2,831
7,8,19:06:54,1,-1,2,AA7341,0,2,114
8,9,19:08:44,1,-1,1,AA7341,0,2,69
9,10,19:09:52,1,-1,1,AA7341,0,2,36
10,11,19:13:02,1,-1,1,AA7341,0,2,177
11,12,19:14:10,1,-1,2,AA7341,0,2,34
12,13,19:16:24,1,-1,1,AA7341,0,2,73
13,14,19:17:58,1,-1,2,AA7341,0,2,59
14,15,19:20:23,1,-1,-1,AA7341,0,2,57
15,16,19:23:37,1,-1,1,AA7341,0,2,158
16,17,19:30:27,1,-1,1,AA7341,0,2,369
17,18,19:31:36,1,-1,1,AA7341,0,2,34
18,19,19:38:55,1,-1,2,AA7341,0,2,427
19,20,19:42:03,1,-1,1,AA7341,0,2,176
20,21,19:46:48,1,-1,1,AA7341,0,2,214
21,22,19:49:35,1,-1,-1,AA7341,0,2,98
0,1,20:26:34,1,-1,-1,AA7341,0,2,58
1,2,20:28:43,1,-1,2,AA7341,0,2,116
2,3,20:30:39,1,-1,1,AA7341,0,2,70
3,4,20:32:25,1,-1,1,AA7341,0,2,72
4,5,20:35:39,1,-1,1,AA7341,0,2,107
5,6,20:36:48,1,-1,1,AA7341,0,2,22
6,7,20:46:56,1,-1,1,AA7341,0,2,595
7,8,20:48:46,1,-1,2,AA7341,0,2,85
8,9,20:50:25,1,-1,1,AA7341,0,2,74
9,10,20:51:15,1,-1,1,AA7341,0,2,36
10,11,20:53:26,1,-1,1,AA7341,0,2,48
11,12,20:54:35,1,-1,1,AA7341,0,2,24
12,13,20:56:15,1,-1,1,AA7341,0,2,56
13,14,20:58:01,1,-1,1,AA7341,0,2,26
14,15,20:59:46,1,-1,-1,AA7341,0,2,36
15,16,21:02:22,1,-1,1,AA7341,0,2,95
16,17,21:09:25,1,-1,1,AA7341,0,2,375
17,18,21:10:36,1,-1,1,AA7341,0,2,23
18,19,21:15:50,1,-1,2,AA7341,0,2,301
19,20,21:19:14,1,-1,1,AA7341,0,2,187
20,21,21:21:14,1,-1,1,AA7341,0,2,107
21,22,21:23:26,1,-1,-1,AA7341,0,2,83
0,1,21:40:02,1,-1,-1,AA7341,0,2,12
1,2,21:43:37,1,-1,1,AA7341,0,2,191
2,3,21:45:38,1,-1,1,AA7341,0,2,109
3,4,21:47:44,1,-1,1,AA7341,0,2,71
4,5,21:50:47,1,-1,1,AA7341,0,2,159
5,6,21:52:00,1,-1,1,AA7341,0,2,23
6,7,22:01:21,1,-1,1,AA7341,0,2,549
7,8,22:03:11,1,-1,2,AA7341,0,2,97
8,9,22:04:34,1,-1,1,AA7341,0,2,48
9,10,22:05:34,1,-1,1,AA7341,0,2,34
10,11,22:09:49,1,-1,1,AA7341,0,2,231
11,12,22:10:51,1,-1,1,AA7341,0,2,26
12,13,22:13:04,1,-1,1,AA7341,0,2,86
13,14,22:14:29,1,-1,1,AA7341,0,2,35
14,15,22:16:38,1,-1,-1,AA7341,0,2,96
15,16,22:18:53,1,-1,1,AA7341,0,2,89
16,17,22:26:33,1,-1,1,AA7341,0,2,375
17,18,22:27:59,1,-1,1,AA7341,0,2,34
18,19,22:33:28,1,-1,3,AA7341,0,2,304
19,20,22:37:34,1,-1,1,AA7341,0,2,187
20,21,22:41:13,1,-1,1,AA7341,0,2,205
21,22,22:43:24,1,-1,-1,AA7341,0,2,83
0,1,22:53:21,1,-1,-1,AA7341,0,2,52
1,2,22:54:46,1,-1,2,AA7341,0,2,59
2,3,22:56:34,1,-1,2,AA7341,0,2,34
3,4,22:58:36,1,-1,1,AA7341,0,2,61
4,5,23:01:14,1,-1,-1,AA7341,0,2,120
5,6,23:02:58,1,-1,-1,AA7341,0,2,22
6,7,23:11:38,1,-1,1,AA7341,0,2,507
7,8,23:13:14,1,-1,1,AA7341,0,2,82
8,9,23:14:25,1,-1,1,AA7341,0,2,34
9,10,23:15:14,1,-1,1,AA7341,0,2,24
10,11,23:16:49,1,-1,1,AA7341,0,2,59
11,12,23:18:02,1,-1,1,AA7341,0,2,24
12,13,23:19:38,1,-1,1,AA7341,0,2,60
13,14,23:20:49,1,-1,1,AA7341,0,2,34
14,15,23:22:16,1,-1,-1,AA7341,0,2,37
15,16,23:24:50,1,-1,1,AA7341,0,2,106
16,17,23:31:49,1,-1,1,AA7341,0,2,370
17,18,23:32:58,1,-1,1,AA7341,0,2,34
18,19,23:37:48,1,-1,2,AA7341,0,2,274
19,20,23:40:46,1,-1,1,AA7341,0,2,93
20,21,23:43:22,1,-1,1,AA7341,0,2,143
21,22,23:45:11,1,-1,-1,AA7341,0,2,85
0,1,6:30:54,1,-1,-1,AA7392,0,4,57
1,2,6:33:01,1,-1,2,AA7392,0,4,115
2,3,6:35:00,1,-1,2,AA7392,0,4,46
3,4,6:37:00,1,-1,1,AA7392,0,4,70
4,5,6:39:38,1,-1,1,AA7392,0,4,123
5,6,6:41:01,1,-1,1,AA7392,0,4,23
6,7,6:49:46,1,-1,1,AA7392,0,4,513
7,8,6:52:21,1,-1,1,AA7392,0,4,143
8,9,6:53:44,1,-1,1,AA7392,0,4,59
9,10,6:54:30,1,-1,1,AA7392,0,4,23
10,11,6:56:04,1,-1,1,AA7392,0,4,35
11,12,6:56:40,1,-1,1,AA7392,0,4,23
12,13,6:57:51,1,-1,1,AA7392,0,4,46
13,14,6:58:40,1,-1,1,AA7392,0,4,36
14,15,6:59:49,1,-1,-1,AA7392,0,4,34
15,16,7:02:34,1,-1,1,AA7392,0,4,142
16,17,7:08:47,1,-1,1,AA7392,0,4,361
17,18,7:09:45,1,-1,1,AA7392,0,4,34
18,19,7:14:22,1,-1,2,AA7392,0,4,264
19,20,7:15:59,1,-1,1,AA7392,0,1,50
20,21,7:18:19,1,-1,1,AA7392,0,1,116
21,22,7:20:14,1,-1,-1,AA7392,0,1,81
0,1,7:34:20,1,-1,-1,AA7392,0,4,80
1,2,7:37:34,1,-1,3,AA7392,0,4,70
2,3,7:41:47,1,-1,2,AA7392,0,4,109
3,4,7:44:36,1,-1,1,AA7392,0,4,48
4,5,7:49:10,1,-1,1,AA7392,0,4,192
5,6,7:51:31,1,-1,1,AA7392,0,4,46
6,7,8:01:21,1,-1,1,AA7392,0,4,578
7,8,8:03:24,1,-1,1,AA7392,0,4,107
8,9,8:05:12,1,-1,1,AA7392,0,4,80
9,10,8:06:11,1,-1,1,AA7392,0,4,23
10,11,8:08:46,1,-1,1,AA7392,0,4,97
11,12,8:09:46,1,-1,1,AA7392,0,4,24
12,13,8:12:35,1,-1,1,AA7392,0,4,133
13,14,8:14:00,1,-1,2,AA7392,0,4,23
14,15,8:16:01,1,-1,-1,AA7392,0,4,38
15,16,8:18:21,1,-1,1,AA7392,0,4,116
16,17,8:25:36,1,-1,1,AA7392,0,4,361
17,18,8:26:58,1,-1,1,AA7392,0,4,33
18,19,8:33:34,1,-1,3,AA7392,0,4,384
19,20,8:39:13,1,-1,2,AA7392,0,4,291
20,21,8:43:12,1,-1,1,AA7392,0,4,180
21,22,8:45:46,1,-1,-1,AA7392,0,4,105
0,1,8:54:00,1,-1,-1,AA7392,0,4,50
1,2,8:56:46,1,-1,2,AA7392,0,4,118
2,3,8:59:45,1,-1,2,AA7392,0,4,117
3,4,9:02:23,1,-1,1,AA7392,0,4,96
4,5,9:06:35,1,-1,1,AA7392,0,4,146
5,6,9:08:22,1,-1,1,AA7392,0,4,35
6,7,9:18:31,1,-1,1,AA7392,0,4,594
7,8,9:20:28,1,-1,1,AA7392,0,4,93
8,9,9:21:50,1,-1,1,AA7392,0,4,45
9,10,9:23:03,1,-1,1,AA7392,0,4,36
10,11,9:25:27,1,-1,1,AA7392,0,4,94
11,12,9:26:37,1,-1,1,AA7392,0,4,34
12,13,9:30:02,1,-1,1,AA7392,0,4,111
13,14,9:31:12,1,-1,1,AA7392,0,4,35
14,15,9:32:48,1,-1,-1,AA7392,0,4,36
15,16,9:35:10,1,-1,1,AA7392,0,4,129
16,17,9:41:46,1,-1,1,AA7392,0,4,361
17,18,9:43:22,1,-1,1,AA7392,0,4,48
18,19,9:50:11,1,-1,2,AA7392,0,4,393
19,20,9:55:09,1,-1,2,AA7392,0,2,237
20,21,9:57:37,1,-1,1,AA7392,0,2,123
21,22,9:59:35,1,-1,-1,AA7392,0,2,81
0,1,10:12:18,1,-1,-1,AA7392,0,4,129
1,2,10:15:00,1,-1,3,AA7392,0,2,115
2,3,10:17:35,1,-1,2,AA7392,0,2,94
3,4,10:18:51,1,-1,1,AA7392,0,2,11
4,5,10:22:21,1,-1,1,AA7392,0,2,140
5,6,10:23:46,1,-1,1,AA7392,0,4,23
6,7,10:33:10,1,-1,1,AA7392,0,4,552
7,8,10:35:50,1,-1,2,AA7392,0,4,121
8,9,10:37:47,1,-1,1,AA7392,0,4,47
9,10,10:38:36,1,-1,1,AA7392,0,4,37
10,11,10:40:10,1,-1,1,AA7392,0,4,59
11,12,10:40:37,1,-1,1,AA7392,0,4,14
12,14,10:43:15,1,-1,1,AA7392,1,2,134
14,15,10:44:47,1,-1,-1,AA7392,0,2,35
15,16,10:47:10,1,-1,1,AA7392,0,2,96
16,17,10:54:11,1,-1,1,AA7392,0,2,374
17,18,10:55:45,1,-1,1,AA7392,0,2,58
18,19,11:00:36,1,-1,3,AA7392,0,2,280
19,20,11:03:31,1,-1,1,AA7392,0,4,92
20,21,11:07:15,1,-1,1,AA7392,0,4,189
21,22,11:09:12,1,-1,-1,AA7392,0,4,81
0,2,11:51:11,1,-1,2,AA7392,1,4,222
2,3,11:53:48,1,-1,1,AA7392,0,4,46
3,4,11:54:45,1,-1,1,AA7392,0,4,22
4,5,11:58:20,1,-1,1,AA7392,0,4,140
5,6,12:00:11,1,-1,1,AA7392,0,4,46
6,7,12:10:48,1,-1,2,AA7392,0,4,624
7,8,12:13:37,1,-1,2,AA7392,0,2,156
8,9,12:15:10,1,-1,1,AA7392,0,2,45
9,10,12:16:24,1,-1,1,AA7392,0,2,35
10,11,12:18:45,1,-1,1,AA7392,0,2,93
11,12,12:19:35,1,-1,1,AA7392,0,2,27
12,13,12:21:27,1,-1,1,AA7392,0,2,75
13,14,12:22:53,1,-1,1,AA7392,0,4,48
14,15,12:24:39,1,-1,-1,AA7392,0,4,35
15,16,12:27:48,1,-1,1,AA7392,0,4,151
16,17,12:35:34,1,-1,1,AA7392,0,4,417
17,18,12:37:35,1,-1,1,AA7392,0,4,62
18,19,12:43:23,1,-1,2,AA7392,0,4,324
19,20,12:46:17,1,-1,2,AA7392,0,4,91
20,21,12:48:04,1,-1,1,AA7392,0,4,96
21,22,12:50:11,1,-1,-1,AA7392,0,4,92
0,1,13:06:41,1,-1,-1,AA7392,0,4,80
1,2,13:08:16,1,-1,3,AA7392,0,4,48
2,3,13:10:26,1,-1,2,AA7392,0,4,82
3,4,13:12:57,1,-1,1,AA7392,0,4,93
4,5,13:16:28,1,-1,1,AA7392,0,4,117
5,6,13:17:53,1,-1,1,AA7392,0,4,24
6,7,13:27:03,1,-1,1,AA7392,0,4,537
7,8,13:30:11,1,-1,2,AA7392,0,4,141
8,9,13:32:10,1,-1,1,AA7392,0,4,83
9,10,13:33:09,1,-1,1,AA7392,0,4,34
10,11,13:35:22,1,-1,1,AA7392,0,4,86
11,12,13:36:19,1,-1,1,AA7392,0,4,22
12,13,13:37:31,1,-1,1,AA7392,0,4,45
13,14,13:38:54,1,-1,1,AA7392,0,4,35
14,15,13:40:04,1,-1,-1,AA7392,0,4,22
15,16,13:42:15,1,-1,1,AA7392,0,4,94
16,17,13:49:09,1,-1,1,AA7392,0,4,355
17,18,13:50:47,1,-1,1,AA7392,0,4,36
18,19,13:56:29,1,-1,2,AA7392,0,4,330
19,20,14:01:02,1,-1,1,AA7392,0,4,191
20,21,14:05:24,1,-1,1,AA7392,0,4,226
21,22,14:07:36,1,-1,-1,AA7392,0,4,83
0,1,14:19:47,1,-1,-1,AA7392,0,4,46
1,2,14:21:57,1,-1,2,AA7392,0,4,83
2,3,14:25:26,1,-1,3,AA7392,0,4,171
3,4,14:28:01,1,-1,1,AA7392,0,4,121
4,5,14:31:36,1,-1,1,AA7392,0,4,139
5,6,14:33:24,1,-1,1,AA7392,0,4,35
6,7,14:42:35,1,-1,2,AA7392,0,4,538
7,8,14:45:10,1,-1,2,AA7392,0,4,106
8,9,14:46:57,1,-1,1,AA7392,0,4,71
9,10,14:48:00,1,-1,1,AA7392,0,4,39
10,11,14:50:18,1,-1,1,AA7392,0,4,91
11,12,14:51:06,1,-1,1,AA7392,0,4,24
12,13,14:53:53,1,-1,1,AA7392,0,2,119
13,14,14:55:04,1,-1,1,AA7392,0,2,36
14,15,14:56:39,1,-1,-1,AA7392,0,2,25
15,16,14:59:14,1,-1,1,AA7392,0,2,129
16,17,15:06:36,1,-1,1,AA7392,0,4,405
17,18,15:08:21,1,-1,1,AA7392,0,4,48
18,19,15:15:21,1,-1,3,AA7392,0,4,407
19,20,15:18:05,1,-1,1,AA7392,0,4,72
20,21,15:20:26,1,-1,1,AA7392,0,4,117
21,22,15:22:36,1,-1,-1,AA7392,0,4,84
0,1,15:35:39,1,-1,-1,AA7392,0,4,93
1,2,15:37:25,1,-1,3,AA7392,0,4,94
2,3,15:40:38,1,-1,2,AA7392,0,4,94
3,4,15:43:22,1,-1,1,AA7392,0,4,94
4,5,15:47:24,1,-1,1,AA7392,0,4,158
5,6,15:48:23,1,-1,1,AA7392,0,4,35
6,7,15:59:50,1,-1,1,AA7392,0,2,652
7,8,16:01:49,1,-1,2,AA7392,0,2,106
8,9,16:02:49,1,-1,1,AA7392,0,4,36
9,10,16:03:40,1,-1,1,AA7392,0,4,38
10,11,16:08:47,1,-1,1,AA7392,0,4,191
11,12,16:09:27,1,-1,1,AA7392,0,4,27
12,13,16:11:03,1,-1,1,AA7392,0,4,57
13,14,16:12:37,1,-1,2,AA7392,0,4,82
14,15,16:14:23,1,-1,-1,AA7392,0,4,34
15,16,16:18:15,1,-1,1,AA7392,0,4,206
16,17,16:25:35,1,-1,1,AA7392,0,4,416
17,18,16:27:20,1,-1,1,AA7392,0,4,47
18,19,16:35:22,1,-1,3,AA7392,0,4,458
19,20,16:39:22,1,-1,1,AA7392,0,4,163
20,21,16:42:25,1,-1,1,AA7392,0,4,136
21,22,16:44:34,1,-1,-1,AA7392,0,4,106
0,1,16:51:22,1,-1,-1,AA7392,0,4,58
1,2,16:53:59,1,-1,2,AA7392,0,2,85
2,3,16:58:11,1,-1,2,AA7392,0,2,170
3,4,17:00:20,1,-1,1,AA7392,0,2,84
4,5,17:03:34,1,-1,1,AA7392,0,2,156
5,6,17:04:46,1,-1,1,AA7392,0,2,24
6,7,17:15:36,1,-1,1,AA7392,0,2,638
7,8,17:17:35,1,-1,2,AA7392,0,2,85
8,9,17:18:45,1,-1,1,AA7392,0,2,46
9,10,17:20:09,1,-1,1,AA7392,0,2,52
10,11,17:21:33,1,-1,1,AA7392,0,2,72
11,12,17:22:33,1,-1,1,AA7392,0,2,37
12,13,17:24:09,1,-1,1,AA7392,0,2,84
13,14,17:25:21,1,-1,2,AA7392,0,2,35
14,15,17:27:02,1,-1,-1,AA7392,0,2,24
15,16,17:30:36,1,-1,1,AA7392,0,2,166
16,17,17:37:21,1,-1,1,AA7392,0,2,370
17,18,17:38:57,1,-1,1,AA7392,0,2,46
18,19,17:46:45,1,-1,3,AA7392,0,2,456
19,20,17:50:10,1,-1,1,AA7392,0,2,84
20,21,17:53:28,1,-1,1,AA7392,0,2,174
21,22,17:55:50,1,-1,-1,AA7392,0,2,106
0,1,18:06:47,1,-1,-1,AA7392,0,2,106
1,2,18:09:01,1,-1,2,AA7392,0,2,122
2,3,18:12:16,1,-1,2,AA7392,0,2,121
3,4,18:15:40,1,-1,1,AA7392,0,2,119
4,5,18:19:20,1,-1,1,AA7392,0,2,139
5,8,18:37:50,1,-1,1,AA7392,2,2,1063
8,9,18:39:02,1,-1,1,AA7392,0,2,34
9,10,18:40:14,1,-1,1,AA7392,0,2,42
10,11,18:44:39,1,-1,1,AA7392,0,2,194
11,12,18:46:01,1,-1,1,AA7392,0,2,23
12,13,18:49:08,1,-1,1,AA7392,0,2,140
13,14,18:50:34,1,-1,2,AA7392,0,2,46
14,15,18:51:58,1,-1,-1,AA7392,0,2,37
15,16,18:54:23,1,-1,1,AA7392,0,2,120
16,17,19:02:17,1,-1,2,AA7392,0,2,414
17,18,19:03:50,1,-1,1,AA7392,0,2,35
18,19,19:12:49,1,-1,3,AA7392,0,2,527
19,20,19:16:12,1,-1,1,AA7392,0,2,145
20,21,19:17:58,1,-1,1,AA7392,0,2,83
21,22,19:19:49,1,-1,-1,AA7392,0,2,79
0,1,19:26:57,1,-1,-1,AA7392,0,2,99
1,2,19:29:04,1,-1,3,AA7392,0,2,59
2,3,19:31:25,1,-1,2,AA7392,0,2,83
3,4,19:32:58,1,-1,1,AA7392,0,2,59
4,5,19:36:20,1,-1,1,AA7392,0,2,145
5,6,19:37:45,1,-1,1,AA7392,0,2,26
6,7,19:47:22,1,-1,1,AA7392,0,2,566
7,8,19:49:06,1,-1,2,AA7392,0,2,80
8,9,19:50:36,1,-1,1,AA7392,0,2,49
9,10,19:51:36,1,-1,1,AA7392,0,2,23
10,11,19:53:21,1,-1,1,AA7392,0,2,57
11,12,19:54:27,1,-1,1,AA7392,0,2,24
12,13,19:56:15,1,-1,1,AA7392,0,2,71
13,14,19:57:26,1,-1,1,AA7392,0,2,35
14,15,19:59:13,1,-1,-1,AA7392,0,2,35
15,16,20:02:22,1,-1,1,AA7392,0,2,152
16,17,20:08:50,1,-1,1,AA7392,0,2,352
17,18,20:10:28,1,-1,1,AA7392,0,2,47
18,19,20:16:11,1,-1,2,AA7392,0,2,331
19,20,20:18:47,1,-1,1,AA7392,0,2,83
20,21,20:22:05,1,-1,1,AA7392,0,2,163
21,22,20:24:37,1,-1,-1,AA7392,0,2,94
0,2,21:17:48,1,-1,2,AA7392,1,2,145
2,3,21:19:50,1,-1,1,AA7392,0,2,62
3,4,21:22:13,1,-1,1,AA7392,0,2,95
4,5,21:25:27,1,-1,1,AA7392,0,2,157
5,6,21:26:38,1,-1,1,AA7392,0,2,22
6,7,21:36:08,1,-1,2,AA7392,0,2,557
7,8,21:37:59,1,-1,2,AA7392,0,2,98
8,9,21:39:13,1,-1,1,AA7392,0,2,36
9,10,21:39:50,1,-1,1,AA7392,0,2,24
10,11,21:43:00,1,-1,1,AA7392,0,2,132
11,12,21:43:48,1,-1,1,AA7392,0,2,23
12,13,21:45:55,1,-1,1,AA7392,0,2,63
13,14,21:47:09,1,-1,1,AA7392,0,2,48
14,15,21:48:42,1,-1,-1,AA7392,0,2,34
15,16,21:50:58,1,-1,1,AA7392,0,2,95
16,17,21:57:50,1,-1,1,AA7392,0,2,350
17,18,21:58:47,1,-1,1,AA7392,0,2,34
18,19,22:03:34,1,-1,2,AA7392,0,2,274
19,20,22:06:20,1,-1,1,AA7392,0,2,130
20,21,22:10:12,1,-1,1,AA7392,0,2,183
21,22,22:12:14,1,-1,-1,AA7392,0,2,95
0,1,22:29:24,1,-1,-1,AA7392,0,2,96
1,2,22:30:49,1,-1,2,AA7392,0,2,47
2,3,22:33:17,1,-1,2,AA7392,0,2,38
3,4,22:35:15,1,-1,1,AA7392,0,2,83
4,5,22:38:10,1,-1,1,AA7392,0,2,138
5,6,22:39:13,1,-1,1,AA7392,0,2,12
6,7,22:48:13,1,-1,1,AA7392,0,2,513
7,8,22:50:11,1,-1,2,AA7392,0,2,95
8,9,22:51:04,1,-1,1,AA7392,0,2,36
9,10,22:51:41,1,-1,1,AA7392,0,2,24
10,11,22:54:10,1,-1,1,AA7392,0,2,101
11,12,22:54:58,1,-1,1,AA7392,0,2,11
12,14,22:57:09,1,-1,1,AA7392,1,2,94
14,15,22:59:13,1,-1,-1,AA7392,0,2,36
15,16,23:01:48,1,-1,-1,AA7392,0,2,106
16,17,23:08:36,1,-1,1,AA7392,0,2,360
17,18,23:10:51,1,-1,1,AA7392,0,2,37
18,19,23:15:25,1,-1,2,AA7392,0,2,262
19,20,23:17:37,1,-1,1,AA7392,0,2,48
20,21,23:20:14,1,-1,1,AA7392,0,2,131
21,22,23:22:28,1,-1,-1,AA7392,0,2,86
0,1,23:45:11,1,-1,-1,AA7392,0,2,71
1,2,23:46:23,1,-1,1,AA7392,0,2,23
2,3,23:48:13,1,-1,1,AA7392,0,2,35
3,4,23:49:59,1,-1,1,AA7392,0,2,46
4,5,23:52:47,1,-1,1,AA7392,0,2,132
5,6,23:54:10,1,-1,1,AA7392,0,2,35
0,1,11:28:24,1,-1,-1,AA7480,0,2,35
1,2,11:30:10,1,-1,1,AA7480,0,2,35
2,3,11:32:08,1,-1,2,AA7480,0,4,23
3,4,11:34:20,1,-1,1,AA7480,0,4,57
4,5,11:38:48,1,-1,1,AA7480,0,4,172
5,6,11:40:12,1,-1,1,AA7480,0,4,23
6,7,11:50:12,1,-1,2,AA7480,0,4,588
7,8,11:52:13,1,-1,2,AA7480,0,4,109
8,9,11:53:48,1,-1,1,AA7480,0,4,71
9,10,11:54:57,1,-1,1,AA7480,0,4,34
10,11,11:56:36,1,-1,1,AA7480,0,4,76
11,12,11:57:33,1,-1,1,AA7480,0,4,45
12,13,11:59:24,1,-1,1,AA7480,0,4,75
13,14,12:00:24,1,-1,1,AA7480,0,4,25
14,15,12:02:02,1,-1,-1,AA7480,0,4,36
15,16,12:05:10,1,-1,1,AA7480,0,4,166
16,17,12:12:00,1,-1,1,AA7480,0,2,373
17,18,12:13:22,1,-1,1,AA7480,0,2,35
18,19,12:18:57,1,-1,3,AA7480,0,2,307
19,20,12:21:27,1,-1,1,AA7480,0,2,63
20,21,12:24:16,1,-1,1,AA7480,0,4,94
21,22,12:27:59,1,-1,-1,AA7480,0,4,150
0,1,12:45:55,1,-1,-1,AA7480,0,4,33
1,2,12:48:04,1,-1,3,AA7480,0,4,37
2,3,12:50:23,1,-1,2,AA7480,0,4,68
3,4,12:52:45,1,-1,1,AA7480,0,4,104
4,5,12:56:23,1,-1,1,AA7480,0,4,133
5,6,12:58:19,1,-1,1,AA7480,0,4,92
6,7,13:07:51,1,-1,1,AA7480,0,4,524
7,13,13:16:17,1,-1,1,AA7480,5,4,457
13,14,13:17:28,1,-1,1,AA7480,0,4,60
14,15,13:19:38,1,-1,-1,AA7480,0,4,92
15,16,13:21:34,1,-1,1,AA7480,0,4,47
16,17,13:28:13,1,-1,1,AA7480,0,4,363
17,18,13:29:24,1,-1,1,AA7480,0,4,22
18,19,13:34:48,1,-1,2,AA7480,0,4,276
19,21,13:39:18,1,-1,1,AA7480,1,4,178
21,22,13:40:53,1,-1,-1,AA7480,0,4,83
0,1,13:57:26,1,-1,-1,AA7480,0,4,45
1,2,13:59:50,1,-1,2,AA7480,0,4,70
2,3,14:02:00,1,-1,2,AA7480,0,4,34
3,4,14:04:11,1,-1,1,AA7480,0,4,108
4,5,14:07:59,1,-1,1,AA7480,0,4,131
6,8,14:25:49,1,-1,1,AA7480,1,4,914
8,9,14:26:46,1,-1,1,AA7480,0,4,45
9,10,14:28:01,1,-1,1,AA7480,0,4,23
10,11,14:29:51,1,-1,1,AA7480,0,4,62
11,12,14:30:37,1,-1,1,AA7480,0,4,23
12,13,14:33:48,1,-1,1,AA7480,0,4,154
13,14,14:34:48,1,-1,1,AA7480,0,4,48
14,15,14:35:37,1,-1,-1,AA7480,0,4,26
15,16,14:38:23,1,-1,1,AA7480,0,4,153
16,17,14:45:45,1,-1,1,AA7480,0,4,384
17,18,14:46:57,1,-1,1,AA7480,0,4,23
18,19,14:54:52,1,-1,2,AA7480,0,2,451
19,20,14:59:38,1,-1,1,AA7480,0,2,203
20,21,15:03:20,1,-1,1,AA7480,0,4,139
21,22,15:04:46,1,-1,-1,AA7480,0,4,35
18,19,0:01:14,1,-1,2,AA7489,0,1,273
19,20,0:04:16,1,-1,1,AA7489,0,1,101
20,21,0:07:28,1,-1,1,AA7489,0,1,131
21,22,0:09:29,1,-1,-1,AA7489,0,1,80
0,1,0:19:49,1,-1,-1,AA7489,0,1,50
1,2,0:20:59,1,-1,1,AA7489,0,1,30
2,3,0:23:14,1,-1,1,AA7489,0,1,40
3,4,0:25:15,1,-1,1,AA7489,0,1,80
4,5,0:27:47,1,-1,1,AA7489,0,1,121
5,6,0:29:08,1,-1,1,AA7489,0,1,20
6,7,0:38:06,1,-1,1,AA7489,0,1,528
7,8,0:39:47,1,-1,-1,AA7489,0,1,80
8,9,0:41:18,1,-1,1,AA7489,0,1,50
9,10,0:41:59,1,-1,1,AA7489,0,1,30
10,11,0:43:20,1,-1,1,AA7489,0,1,50
11,12,0:44:14,1,-1,1,AA7489,0,1,30
12,13,0:45:15,1,-1,1,AA7489,0,1,50
13,14,0:46:46,1,-1,1,AA7489,0,1,40
14,15,0:47:47,1,-1,-1,AA7489,0,1,30
15,16,0:49:48,1,-1,1,AA7489,0,1,91
16,17,0:56:13,1,-1,1,AA7489,0,1,354
17,18,0:57:34,1,-1,1,AA7489,0,1,30
18,19,1:02:22,1,-1,2,AA7489,0,1,267
19,20,1:05:43,1,-1,1,AA7489,0,1,138
20,21,1:08:15,1,-1,1,AA7489,0,1,131
21,22,1:10:26,1,-1,-1,AA7489,0,1,101
0,1,1:21:49,1,-1,-1,AA7489,0,1,40
1,2,1:23:10,1,-1,1,AA7489,0,1,40
2,3,1:24:42,1,-1,1,AA7489,0,1,30
3,4,1:25:33,1,-1,1,AA7489,0,1,10
4,5,1:27:54,1,-1,1,AA7489,0,1,121
5,6,1:28:45,1,-1,1,AA7489,0,1,10
6,7,1:37:32,1,-1,1,AA7489,0,1,506
7,8,1:39:23,1,-1,1,AA7489,0,1,91
8,9,1:41:25,1,-1,1,AA7489,0,1,40
9,10,1:42:16,1,-1,1,AA7489,0,1,30
10,11,1:43:47,1,-1,1,AA7489,0,1,80
11,12,1:44:27,1,-1,1,AA7489,0,1,30
12,13,1:45:58,1,-1,1,AA7489,0,1,70
13,14,1:46:49,1,-1,1,AA7489,0,1,40
14,15,1:47:59,1,-1,-1,AA7489,0,1,20
15,16,1:49:42,1,-1,1,AA7489,0,1,71
16,17,1:56:37,1,-1,1,AA7489,0,1,363
17,18,1:57:27,1,-1,1,AA7489,0,1,30
18,19,2:02:00,1,-1,2,AA7489,0,1,252
19,20,2:04:23,1,-1,1,AA7489,0,1,123
20,21,2:05:44,1,-1,1,AA7489,0,1,70
21,22,2:07:35,1,-1,-1,AA7489,0,1,101
0,1,8:11:01,1,-1,-1,AA7489,0,4,12
1,2,8:12:35,1,-1,3,AA7489,0,4,80
2,3,8:16:13,1,-1,3,AA7489,0,4,120
3,4,8:22:46,1,-1,1,AA7489,0,2,227
4,5,8:26:36,1,-1,1,AA7489,0,4,217
5,6,8:28:35,1,-1,1,AA7489,0,4,38
6,7,8:39:36,1,-1,2,AA7489,0,4,649
7,8,8:41:45,1,-1,2,AA7489,0,4,118
8,9,8:43:48,1,-1,1,AA7489,0,4,99
9,10,8:44:58,1,-1,1,AA7489,0,4,22
10,11,8:46:57,1,-1,1,AA7489,0,4,82
11,12,8:48:10,1,-1,2,AA7489,0,4,36
12,13,8:51:38,1,-1,2,AA7489,0,4,121
13,14,8:53:09,1,-1,1,AA7489,0,4,57
14,15,8:55:00,1,-1,-1,AA7489,0,4,60
15,16,8:58:46,1,-1,1,AA7489,0,4,166
16,17,9:06:21,1,-1,1,AA7489,0,4,395
17,18,9:07:59,1,-1,1,AA7489,0,4,49
18,19,9:14:24,1,-1,3,AA7489,0,4,373
19,20,9:19:06,1,-1,1,AA7489,0,4,187
20,21,9:23:52,1,-1,1,AA7489,0,4,226
21,22,9:26:14,1,-1,-1,AA7489,0,4,83
0,1,9:35:21,1,-1,-1,AA7489,0,4,69
1,2,9:36:34,1,-1,2,AA7489,0,4,49
2,3,9:38:22,1,-1,2,AA7489,0,4,47
3,4,9:40:23,1,-1,1,AA7489,0,4,46
4,5,9:44:59,1,-1,1,AA7489,0,4,168
5,6,9:46:21,1,-1,1,AA7489,0,4,23
6,7,9:56:49,1,-1,1,AA7489,0,2,602
7,8,9:58:59,1,-1,2,AA7489,0,2,106
8,9,10:00:34,1,-1,1,AA7489,0,2,46
9,10,10:01:22,1,-1,1,AA7489,0,2,24
10,11,10:04:12,1,-1,1,AA7489,0,4,156
11,12,10:05:00,1,-1,1,AA7489,0,4,23
12,13,10:06:34,1,-1,1,AA7489,0,4,69
13,14,10:07:35,1,-1,1,AA7489,0,4,49
14,15,10:08:59,1,-1,-1,AA7489,0,4,23
15,16,10:11:20,1,-1,1,AA7489,0,4,106
16,17,10:19:49,1,-1,1,AA7489,0,2,450
17,18,10:21:23,1,-1,1,AA7489,0,2,48
18,19,10:27:40,1,-1,3,AA7489,0,4,365
19,20,10:31:22,1,-1,1,AA7489,0,4,129
20,21,10:33:49,1,-1,1,AA7489,0,4,130
21,22,10:36:13,1,-1,-1,AA7489,0,4,96
0,1,10:56:19,1,-1,-1,AA7489,0,2,34
1,2,10:59:02,1,-1,2,AA7489,0,2,97
2,3,11:01:35,1,-1,2,AA7489,0,4,106
3,4,11:04:34,1,-1,1,AA7489,0,4,85
4,5,11:09:12,1,-1,1,AA7489,0,4,185
5,6,11:10:34,1,-1,1,AA7489,0,4,24
6,7,11:21:45,1,-1,1,AA7489,0,2,647
7,8,11:23:54,1,-1,2,AA7489,0,2,118
8,9,11:26:03,1,-1,1,AA7489,0,2,58
9,10,11:26:50,1,-1,1,AA7489,0,2,23
10,11,11:28:47,1,-1,1,AA7489,0,2,58
11,12,11:29:47,1,-1,1,AA7489,0,2,23
12,13,11:31:33,1,-1,1,AA7489,0,4,70
13,14,11:32:20,1,-1,1,AA7489,0,4,35
14,15,11:34:20,1,-1,-1,AA7489,0,4,45
15,16,11:37:08,1,-1,1,AA7489,0,4,108
16,17,11:44:31,1,-1,1,AA7489,0,4,393
17,18,11:45:55,1,-1,1,AA7489,0,4,36
18,19,11:53:36,1,-1,3,AA7489,0,4,450
19,20,11:59:12,1,-1,1,AA7489,0,4,324
20,21,12:02:37,1,-1,1,AA7489,0,4,169
21,22,12:04:59,1,-1,-1,AA7489,0,4,130
0,1,12:17:00,1,-1,-1,AA7489,0,2,109
1,2,12:19:08,1,-1,2,AA7489,0,2,11
2,3,12:21:51,1,-1,2,AA7489,0,4,151
3,4,12:23:05,1,-1,1,AA7489,0,4,23
4,5,12:27:00,1,-1,1,AA7489,0,4,164
5,6,12:29:04,1,-1,1,AA7489,0,4,41
6,7,12:38:56,1,-1,1,AA7489,0,4,581
7,8,12:41:50,1,-1,2,AA7489,0,4,134
8,9,12:43:23,1,-1,1,AA7489,0,4,59
9,10,12:44:21,1,-1,1,AA7489,0,4,34
10,11,12:46:41,1,-1,1,AA7489,0,4,90
11,12,12:47:40,1,-1,1,AA7489,0,4,25
12,13,12:49:14,1,-1,1,AA7489,0,4,69
13,14,12:49:59,1,-1,2,AA7489,0,4,34
14,15,12:52:10,1,-1,-1,AA7489,0,4,46
15,16,12:54:59,1,-1,1,AA7489,0,4,133
16,17,13:02:47,1,-1,1,AA7489,0,4,407
17,19,13:10:49,1,-1,2,AA7489,1,4,435
19,20,13:15:06,1,-1,1,AA7489,0,4,245
20,21,13:17:16,1,-1,1,AA7489,0,4,117
21,22,13:19:26,1,-1,-1,AA7489,0,4,93
0,1,14:55:27,1,-1,-1,AA7489,0,2,94
1,2,14:56:51,1,-1,3,AA7489,0,2,50
2,3,14:58:40,1,-1,2,AA7489,0,2,95
3,4,15:01:01,1,-1,1,AA7489,0,2,59
4,5,15:04:34,1,-1,1,AA7489,0,4,143
5,6,15:05:59,1,-1,1,AA7489,0,4,23
6,7,15:17:17,1,-1,1,AA7489,0,4,653
7,8,15:20:26,1,-1,2,AA7489,0,4,154
8,9,15:22:36,1,-1,1,AA7489,0,4,95
9,10,15:23:22,1,-1,1,AA7489,0,4,22
10,11,15:25:11,1,-1,1,AA7489,0,4,85
11,12,15:27:32,1,-1,3,AA7489,0,4,92
12,13,15:31:48,1,-1,3,AA7489,0,4,178
13,14,15:32:34,1,-1,1,AA7489,0,4,35
14,15,15:34:17,1,-1,-1,AA7489,0,4,38
15,16,15:36:27,1,-1,1,AA7489,0,4,107
16,17,15:43:10,1,-1,1,AA7489,0,4,357
17,18,15:45:08,1,-1,1,AA7489,0,4,58
18,19,15:52:32,1,-1,3,AA7489,0,4,431
19,20,15:55:50,1,-1,2,AA7489,0,2,186
20,21,15:58:47,1,-1,1,AA7489,0,2,141
21,22,16:00:50,1,-1,-1,AA7489,0,2,86
0,1,16:09:54,1,-1,-1,AA7489,0,4,113
1,2,16:11:49,1,-1,2,AA7489,0,4,103
2,3,16:14:12,1,-1,2,AA7489,0,4,130
3,4,16:16:23,1,-1,1,AA7489,0,4,34
4,5,16:20:12,1,-1,1,AA7489,0,4,169
5,6,16:22:11,1,-1,1,AA7489,0,4,23
6,7,16:33:25,1,-1,1,AA7489,0,4,662
7,8,16:34:58,1,-1,1,AA7489,0,4,82
8,9,16:36:08,1,-1,1,AA7489,0,4,46
9,10,16:36:50,1,-1,1,AA7489,0,4,29
10,11,16:39:00,1,-1,1,AA7489,0,4,106
11,12,16:39:46,1,-1,1,AA7489,0,4,23
12,13,16:41:28,1,-1,1,AA7489,0,4,67
13,14,16:43:36,1,-1,2,AA7489,0,4,116
14,15,16:47:05,1,-1,-1,AA7489,0,4,58
15,16,16:50:24,1,-1,1,AA7489,0,4,139
16,17,16:57:13,1,-1,1,AA7489,0,2,384
17,19,17:05:20,1,-1,2,AA7489,1,2,452
19,20,17:08:20,1,-1,1,AA7489,0,2,94
20,21,17:10:48,1,-1,1,AA7489,0,2,133
21,22,17:13:06,1,-1,-1,AA7489,0,2,46
0,1,17:23:09,1,-1,-1,AA7489,0,2,84
1,2,17:24:45,1,-1,2,AA7489,0,2,59
2,3,17:26:38,1,-1,2,AA7489,0,2,49
3,4,17:28:38,1,-1,1,AA7489,0,2,82
4,5,17:31:59,1,-1,1,AA7489,0,2,141
5,6,17:33:25,1,-1,1,AA7489,0,2,36
6,7,17:44:13,1,-1,1,AA7489,0,2,636
7,8,17:46:23,1,-1,2,AA7489,0,2,118
8,9,17:47:20,1,-1,1,AA7489,0,2,34
9,10,17:48:21,1,-1,1,AA7489,0,2,23
10,11,17:50:33,1,-1,1,AA7489,0,2,107
11,14,17:54:03,1,-1,1,AA7489,2,2,158
14,15,17:56:14,1,-1,-1,AA7489,0,2,34
15,16,18:05:35,1,-1,1,AA7489,0,2,525
16,17,18:13:16,1,-1,1,AA7489,0,2,389
17,18,18:14:56,1,-1,1,AA7489,0,2,52
18,19,18:24:29,1,-1,3,AA7489,0,2,558
19,20,18:29:49,1,-1,1,AA7489,0,2,167
20,21,18:34:27,1,-1,1,AA7489,0,2,220
21,22,18:37:39,1,-1,-1,AA7489,0,2,108
0,1,18:46:01,1,-1,-1,AA7489,0,2,57
1,2,18:48:10,1,-1,2,AA7489,0,2,105
2,3,18:50:10,1,-1,2,AA7489,0,2,50
3,4,18:53:21,1,-1,1,AA7489,0,2,131
4,5,18:56:57,1,-1,2,AA7489,0,2,141
5,6,18:58:19,1,-1,1,AA7489,0,2,22
6,8,19:13:36,1,-1,2,AA7489,1,2,904
8,9,19:15:34,1,-1,1,AA7489,0,2,83
9,10,19:16:24,1,-1,1,AA7489,0,2,25
10,11,19:18:41,1,-1,1,AA7489,0,2,112
11,12,19:19:26,1,-1,2,AA7489,0,2,22
12,13,19:21:23,1,-1,1,AA7489,0,2,82
13,14,19:23:10,1,-1,2,AA7489,0,2,58
14,15,19:25:40,1,-1,-1,AA7489,0,2,34
15,16,19:27:52,1,-1,1,AA7489,0,2,107
16,17,19:34:57,1,-1,1,AA7489,0,2,365
17,18,19:36:20,1,-1,1,AA7489,0,2,34
18,19,19:42:14,1,-1,2,AA7489,0,2,341
19,20,19:47:22,1,-1,1,AA7489,0,2,249
20,21,19:51:36,1,-1,1,AA7489,0,2,195
21,22,19:53:51,1,-1,-1,AA7489,0,2,87
0,1,20:41:01,1,-1,-1,AA7489,0,2,35
1,2,20:43:24,1,-1,2,AA7489,0,2,58
2,3,20:45:02,1,-1,2,AA7489,0,2,24
3,4,20:46:03,1,-1,1,AA7489,0,2,25
4,5,20:48:21,1,-1,1,AA7489,0,2,97
5,6,20:49:35,1,-1,1,AA7489,0,2,12
6,7,20:58:59,1,-1,1,AA7489,0,2,537
7,8,21:00:46,1,-1,2,AA7489,0,2,95
8,9,21:01:34,1,-1,1,AA7489,0,2,35
9,10,21:02:22,1,-1,1,AA7489,0,2,35
10,11,21:04:56,1,-1,1,AA7489,0,2,141
11,12,21:05:50,1,-1,1,AA7489,0,2,11
12,13,21:07:25,1,-1,1,AA7489,0,2,58
13,14,21:08:26,1,-1,1,AA7489,0,2,35
14,15,21:10:01,1,-1,-1,AA7489,0,2,49
15,16,21:12:00,1,-1,1,AA7489,0,2,84
16,17,21:18:25,1,-1,1,AA7489,0,2,346
17,18,21:19:38,1,-1,1,AA7489,0,2,35
18,19,21:24:03,1,-1,2,AA7489,0,2,252
19,20,21:26:27,1,-1,1,AA7489,0,2,82
20,21,21:28:46,1,-1,1,AA7489,0,2,93
21,22,21:30:56,1,-1,-1,AA7489,0,2,82
0,2,21:56:49,1,-1,1,AA7489,1,2,144
2,3,21:58:32,1,-1,2,AA7489,0,2,54
3,4,21:59:25,1,-1,1,AA7489,0,2,12
4,5,22:01:57,1,-1,1,AA7489,0,2,127
5,6,22:03:11,1,-1,1,AA7489,0,2,11
6,7,22:12:03,1,-1,1,AA7489,0,2,508
7,8,22:13:30,1,-1,2,AA7489,0,2,75
8,9,22:14:29,1,-1,1,AA7489,0,2,35
9,10,22:15:41,1,-1,1,AA7489,0,2,22
10,11,22:18:04,1,-1,1,AA7489,0,2,120
11,12,22:18:53,1,-1,1,AA7489,0,2,11
12,13,22:20:31,1,-1,1,AA7489,0,2,74
13,14,22:21:32,1,-1,1,AA7489,0,2,25
14,15,22:22:55,1,-1,-1,AA7489,0,2,36
15,16,22:24:30,1,-1,1,AA7489,0,2,83
16,17,22:31:02,1,-1,1,AA7489,0,2,343
17,18,22:32:14,1,-1,1,AA7489,0,2,35
18,19,22:36:53,1,-1,2,AA7489,0,2,265
19,21,22:41:25,1,-1,1,AA7489,1,2,217
21,22,22:44:11,1,-1,-1,AA7489,0,2,81
0,1,23:06:22,1,-1,-1,AA7489,0,2,36
1,2,23:08:12,1,-1,2,AA7489,0,2,75
2,3,23:10:02,1,-1,2,AA7489,0,2,51
3,4,23:11:03,1,-1,1,AA7489,0,2,36
4,5,23:14:25,1,-1,1,AA7489,0,2,166
5,6,23:15:25,1,-1,1,AA7489,0,2,11
6,8,23:25:50,1,-1,2,AA7489,1,2,600
8,9,23:26:59,1,-1,1,AA7489,0,2,45
9,10,23:28:00,1,-1,1,AA7489,0,2,36
10,11,23:29:09,1,-1,1,AA7489,0,2,46
11,12,23:30:08,1,-1,1,AA7489,0,2,23
12,13,23:31:26,1,-1,1,AA7489,0,2,50
13,14,23:32:01,1,-1,1,AA7489,0,2,23
14,15,23:33:25,1,-1,-1,AA7489,0,2,27
15,16,23:35:53,1,-1,1,AA7489,0,2,123
16,17,23:42:34,1,-1,1,AA7489,0,2,365
17,18,23:44:12,1,-1,1,AA7489,0,2,25
18,19,23:48:36,1,-1,3,AA7489,0,2,241
19,20,23:50:57,1,-1,1,AA7489,0,2,58
20,21,23:52:36,1,-1,1,AA7489,0,2,86
21,22,23:54:56,1,-1,-1,AA7489,0,2,81
16,17,0:06:07,1,-1,1,AA7842,0,1,374
17,19,0:12:04,1,-1,2,AA7842,1,1,316
19,20,0:14:25,1,-1,1,AA7842,0,1,70
20,21,0:16:06,1,-1,1,AA7842,0,1,90
21,22,0:18:18,1,-1,-1,AA7842,0,1,100
0,1,0:37:36,1,-1,-1,AA7842,0,1,50
1,2,0:39:37,1,-1,1,AA7842,0,1,80
2,3,0:41:28,1,-1,1,AA7842,0,1,40
3,4,0:43:34,1,-1,1,AA7842,0,1,95
4,5,0:46:16,1,-1,1,AA7842,0,1,131
5,6,0:47:16,1,-1,1,AA7842,0,1,20
6,7,0:55:53,1,-1,1,AA7842,0,1,496
7,8,0:57:14,1,-1,2,AA7842,0,1,70
8,9,0:58:14,1,-1,1,AA7842,0,1,40
9,10,0:58:45,1,-1,1,AA7842,0,1,20
10,11,1:00:17,1,-1,1,AA7842,0,1,81
11,12,1:00:47,1,-1,1,AA7842,0,1,20
12,14,1:02:44,1,-1,1,AA7842,1,1,106
14,15,1:03:45,1,-1,-1,AA7842,0,1,30
15,18,1:12:38,1,-1,1,AA7842,2,1,492
18,19,1:17:05,1,-1,1,AA7842,0,1,257
19,20,1:18:57,1,-1,1,AA7842,0,1,102
20,21,1:20:18,1,-1,1,AA7842,0,1,60
21,22,1:21:59,1,-1,-1,AA7842,0,1,91
1,2,6:24:48,1,-1,1,AA7842,0,4,47
2,3,6:26:43,1,-1,2,AA7842,0,4,46
3,4,6:28:43,1,-1,1,AA7842,0,4,47
4,5,6:31:52,1,-1,1,AA7842,0,4,138
5,7,6:42:34,1,-1,1,AA7842,1,4,572
7,8,6:44:45,1,-1,-1,AA7842,0,4,119
8,9,6:46:09,1,-1,1,AA7842,0,4,49
9,10,6:47:09,1,-1,1,AA7842,0,4,34
10,11,6:48:48,1,-1,1,AA7842,0,4,86
11,12,6:49:46,1,-1,1,AA7842,0,4,23
12,13,6:51:11,1,-1,1,AA7842,0,4,62
13,14,6:51:58,1,-1,1,AA7842,0,4,35
14,15,6:53:08,1,-1,-1,AA7842,0,4,34
15,16,6:55:40,1,-1,1,AA7842,0,4,94
16,17,7:02:19,1,-1,1,AA7842,0,4,374
17,22,7:15:35,1,-1,-1,AA7842,4,4,768
0,1,7:24:07,1,-1,-1,AA7842,0,1,106
1,2,7:25:39,1,-1,2,AA7842,0,4,11
2,3,7:29:54,1,-1,2,AA7842,0,4,126
3,4,7:32:13,1,-1,-1,AA7842,0,4,45
4,5,7:37:22,1,-1,1,AA7842,0,4,193
5,6,7:39:20,1,-1,1,AA7842,0,4,23
6,7,7:49:22,1,-1,1,AA7842,0,4,587
7,8,7:52:31,1,-1,1,AA7842,0,4,176
8,9,7:54:14,1,-1,1,AA7842,0,4,80
9,10,7:55:12,1,-1,1,AA7842,0,4,23
10,11,7:58:35,1,-1,1,AA7842,0,4,191
11,12,7:59:35,1,-1,1,AA7842,0,4,25
12,13,8:01:37,1,-1,1,AA7842,0,4,73
13,14,8:02:57,1,-1,1,AA7842,0,4,45
14,15,8:05:24,1,-1,-1,AA7842,0,4,91
15,16,8:09:21,1,-1,1,AA7842,0,4,190
16,17,8:17:10,1,-1,1,AA7842,0,4,421
17,18,8:19:22,1,-1,1,AA7842,0,4,73
18,19,8:26:24,1,-1,3,AA7842,0,4,410
19,20,8:28:09,1,-1,2,AA7842,0,4,81
20,21,8:31:25,1,-1,1,AA7842,0,4,157
21,22,8:34:46,1,-1,-1,AA7842,0,4,120
11,12,9:02:34,1,-1,3,AA7842,0,4,84
12,13,9:05:23,1,-1,3,AA7842,0,4,107
13,14,9:06:47,1,-1,2,AA7842,0,4,48
14,15,9:08:36,1,-1,-1,AA7842,0,4,50
15,16,9:10:47,1,-1,1,AA7842,0,4,94
16,17,9:17:42,1,-1,1,AA7842,0,4,379
17,18,9:20:05,1,-1,1,AA7842,0,4,59
18,19,9:26:14,1,-1,3,AA7842,0,4,357
19,20,9:33:48,1,-1,1,AA7842,0,4,419
20,21,9:36:09,1,-1,1,AA7842,0,4,106
21,22,9:38:22,1,-1,-1,AA7842,0,4,96
0,1,9:54:46,1,-1,-1,AA7842,0,2,58
1,3,9:59:35,1,-1,2,AA7842,1,2,241
3,4,10:00:46,1,-1,1,AA7842,0,2,23
4,5,10:04:36,1,-1,1,AA7842,0,4,157
5,7,10:16:00,1,-1,1,AA7842,1,2,600
7,8,10:18:39,1,-1,2,AA7842,0,2,146
8,9,10:20:12,1,-1,1,AA7842,0,2,58
9,10,10:21:00,1,-1,1,AA7842,0,2,35
10,11,10:23:23,1,-1,1,AA7842,0,4,131
11,12,10:24:23,1,-1,1,AA7842,0,4,24
12,14,10:26:51,1,-1,1,AA7842,1,4,121
14,15,10:28:03,1,-1,-1,AA7842,0,4,34
15,16,10:30:44,1,-1,1,AA7842,0,4,116
16,17,10:37:47,1,-1,1,AA7842,0,4,384
17,19,10:44:59,1,-1,2,AA7842,1,2,383
19,21,10:52:48,1,-1,1,AA7842,1,2,398
21,22,10:54:35,1,-1,-1,AA7842,0,2,93
1,2,11:44:31,1,-1,2,AA7842,0,4,24
2,3,11:47:40,1,-1,2,AA7842,0,4,152
3,4,11:50:36,1,-1,1,AA7842,0,4,106
4,5,11:55:09,1,-1,1,AA7842,0,4,187
5,6,11:57:46,1,-1,1,AA7842,0,4,46
6,8,12:10:37,1,-1,2,AA7842,1,4,759
8,9,12:12:12,1,-1,1,AA7842,0,2,47
9,10,12:12:47,1,-1,1,AA7842,0,2,24
10,11,12:14:58,1,-1,1,AA7842,0,2,119
11,12,12:16:00,1,-1,1,AA7842,0,2,22
12,13,12:17:59,1,-1,1,AA7842,0,2,70
13,14,12:19:20,1,-1,1,AA7842,0,2,45
14,15,12:21:27,1,-1,-1,AA7842,0,2,51
15,16,12:24:39,1,-1,1,AA7842,0,4,143
16,17,12:31:35,1,-1,1,AA7842,0,4,378
17,19,12:40:23,1,-1,2,AA7842,1,4,493
19,20,12:43:57,1,-1,1,AA7842,0,4,139
20,21,12:46:06,1,-1,1,AA7842,0,4,80
21,22,12:48:04,1,-1,-1,AA7842,0,4,83
1,2,13:01:20,1,-1,2,AA7842,0,4,92
2,3,13:03:10,1,-1,2,AA7842,0,4,50
3,4,13:05:21,1,-1,1,AA7842,0,4,60
4,5,13:09:03,1,-1,1,AA7842,0,4,142
5,7,13:21:09,1,-1,1,AA7842,1,4,654
7,8,13:22:57,1,-1,2,AA7842,0,4,94
8,9,13:24:29,1,-1,1,AA7842,0,4,57
9,10,13:25:29,1,-1,1,AA7842,0,4,36
10,11,13:27:50,1,-1,1,AA7842,0,4,129
11,12,13:28:49,1,-1,1,AA7842,0,4,24
12,13,13:30:23,1,-1,1,AA7842,0,4,59
13,14,13:31:33,1,-1,1,AA7842,0,4,35
14,15,13:33:21,1,-1,-1,AA7842,0,4,46
15,16,13:35:56,1,-1,1,AA7842,0,4,120
16,17,13:43:13,1,-1,1,AA7842,0,4,398
17,18,13:45:00,1,-1,1,AA7842,0,4,71
18,19,13:50:59,1,-1,2,AA7842,0,4,348
19,20,13:55:21,1,-1,1,AA7842,0,4,165
20,22,13:59:50,1,-1,-1,AA7842,1,4,257
1,2,14:09:48,1,-1,3,AA7842,0,4,50
2,3,14:12:59,1,-1,2,AA7842,0,4,166
3,4,14:15:16,1,-1,1,AA7842,0,4,34
4,5,14:19:36,1,-1,1,AA7842,0,4,202
5,6,14:21:22,1,-1,1,AA7842,0,4,36
6,7,14:32:00,1,-1,2,AA7842,0,4,626
7,8,14:33:48,1,-1,1,AA7842,0,4,96
8,9,14:34:59,1,-1,1,AA7842,0,4,35
9,10,14:35:37,1,-1,1,AA7842,0,4,26
10,11,14:37:36,1,-1,1,AA7842,0,4,95
11,12,14:38:34,1,-1,2,AA7842,0,4,34
12,13,14:40:36,1,-1,1,AA7842,0,4,86
13,14,14:42:00,1,-1,1,AA7842,0,4,48
14,15,14:43:12,1,-1,-1,AA7842,0,4,36
15,16,14:45:22,1,-1,1,AA7842,0,4,82
16,17,14:52:41,1,-1,1,AA7842,0,2,381
17,18,14:54:04,1,-1,1,AA7842,0,2,35
18,19,15:01:36,1,-1,3,AA7842,0,2,439
19,20,15:05:23,1,-1,1,AA7842,0,4,157
20,21,15:07:46,1,-1,1,AA7842,0,4,130
21,22,15:10:03,1,-1,-1,AA7842,0,4,89
0,1,15:23:10,1,-1,-1,AA7842,0,4,118
1,2,15:25:22,1,-1,3,AA7842,0,4,85
2,3,15:28:20,1,-1,2,AA7842,0,4,94
3,4,15:30:23,1,-1,1,AA7842,0,4,35
4,5,15:34:40,1,-1,1,AA7842,0,4,183
5,7,15:46:23,1,-1,1,AA7842,1,4,644
7,8,15:48:23,1,-1,2,AA7842,0,4,108
8,9,15:50:22,1,-1,1,AA7842,0,4,72
9,10,15:51:23,1,-1,1,AA7842,0,4,24
10,11,15:54:50,1,-1,1,AA7842,0,2,115
11,12,15:55:38,1,-1,1,AA7842,0,2,24
12,13,15:57:37,1,-1,1,AA7842,0,2,107
13,14,15:59:00,1,-1,1,AA7842,0,2,49
14,15,16:02:00,1,-1,-1,AA7842,0,2,34
15,16,16:04:15,1,-1,1,AA7842,0,4,85
16,17,16:11:15,1,-1,2,AA7842,0,4,385
17,18,16:12:49,1,-1,1,AA7842,0,4,48
18,19,16:20:24,1,-1,2,AA7842,0,4,442
19,20,16:23:46,1,-1,1,AA7842,0,4,95
20,21,16:27:20,1,-1,1,AA7842,0,4,179
21,22,16:29:41,1,-1,-1,AA7842,0,4,118
0,1,16:39:58,1,-1,-1,AA7842,0,4,82
1,3,16:43:24,1,-1,2,AA7842,1,4,183
3,4,16:46:19,1,-1,1,AA7842,0,4,128
4,5,16:50:24,1,-1,1,AA7842,0,4,151
5,6,16:51:46,1,-1,1,AA7842,0,4,34
6,7,17:02:59,1,-1,1,AA7842,0,2,662
7,8,17:04:34,1,-1,2,AA7842,0,2,83
8,9,17:06:19,1,-1,1,AA7842,0,2,35
9,10,17:07:08,1,-1,1,AA7842,0,2,22
10,11,17:09:35,1,-1,1,AA7842,0,2,75
11,12,17:10:35,1,-1,1,AA7842,0,2,23
12,13,17:12:54,1,-1,1,AA7842,0,2,103
13,14,17:14:38,1,-1,2,AA7842,0,2,69
14,15,17:16:58,1,-1,-1,AA7842,0,2,35
15,16,17:19:35,1,-1,1,AA7842,0,2,133
16,18,17:27:15,1,-1,1,AA7842,1,2,425
18,19,17:35:49,1,-1,3,AA7842,0,2,502
19,20,17:43:14,1,-1,1,AA7842,0,2,326
20,21,17:46:45,1,-1,1,AA7842,0,2,176
21,22,17:49:32,1,-1,-1,AA7842,0,2,106
1,2,17:59:22,1,-1,2,AA7842,0,2,58
2,3,18:01:38,1,-1,2,AA7842,0,2,97
3,4,18:02:48,1,-1,1,AA7842,0,2,23
4,5,18:07:51,1,-1,1,AA7842,0,2,195
5,7,18:21:45,1,-1,1,AA7842,1,2,776
7,9,18:25:04,1,-1,1,AA7842,1,2,188
9,11,18:29:25,1,-1,1,AA7842,1,2,230
11,12,18:30:46,1,-1,1,AA7842,0,2,33
12,13,18:34:39,1,-1,1,AA7842,0,2,159
13,14,18:37:02,1,-1,3,AA7842,0,2,83
14,15,18:40:02,1,-1,-1,AA7842,0,2,95
15,16,18:44:15,1,-1,1,AA7842,0,2,240
16,17,18:51:20,1,-1,2,AA7842,0,2,388
17,19,19:05:57,1,-1,2,AA7842,1,2,838
19,20,19:09:29,1,-1,1,AA7842,0,2,90
20,21,19:13:13,1,-1,1,AA7842,0,2,188
21,22,19:15:34,1,-1,-1,AA7842,0,2,95
1,2,19:52:58,1,-1,2,AA7842,0,2,70
2,3,19:55:39,1,-1,2,AA7842,0,2,107
3,4,19:56:39,1,-1,1,AA7842,0,2,35
4,5,19:59:37,1,-1,1,AA7842,0,2,155
5,6,20:01:00,1,-1,1,AA7842,0,2,23
6,7,20:10:40,1,-1,1,AA7842,0,2,568
7,9,20:14:10,1,-1,1,AA7842,1,2,199
9,10,20:15:00,1,-1,1,AA7842,0,2,24
10,11,20:18:09,1,-1,1,AA7842,0,2,106
11,12,20:19:21,1,-1,1,AA7842,0,2,33
12,13,20:21:06,1,-1,1,AA7842,0,2,70
13,14,20:22:28,1,-1,1,AA7842,0,2,46
14,15,20:24:02,1,-1,-1,AA7842,0,2,35
15,16,20:26:46,1,-1,1,AA7842,0,2,116
16,17,20:33:25,1,-1,1,AA7842,0,2,375
17,18,20:34:40,1,-1,1,AA7842,0,2,34
18,19,20:40:25,1,-1,3,AA7842,0,2,332
19,20,20:42:37,1,-1,2,AA7842,0,2,72
20,21,20:46:03,1,-1,1,AA7842,0,2,158
21,22,20:49:11,1,-1,-1,AA7842,0,2,97
1,2,21:04:44,1,-1,1,AA7842,0,2,26
2,3,21:07:13,1,-1,1,AA7842,0,2,93
3,4,21:09:25,1,-1,1,AA7842,0,2,95
4,5,21:12:26,1,-1,1,AA7842,0,2,145
5,6,21:13:14,1,-1,1,AA7842,0,2,23
6,8,21:23:14,1,-1,2,AA7842,1,2,589
8,9,21:24:39,1,-1,1,AA7842,0,2,72
9,10,21:25:15,1,-1,1,AA7842,0,2,24
10,11,21:27:37,1,-1,1,AA7842,0,2,92
11,12,21:28:34,1,-1,1,AA7842,0,2,34
12,14,21:31:19,1,-1,1,AA7842,1,2,141
14,15,21:32:57,1,-1,-1,AA7842,0,2,49
15,16,21:35:21,1,-1,1,AA7842,0,2,120
16,17,21:42:01,1,-1,1,AA7842,0,2,364
17,18,21:43:25,1,-1,1,AA7842,0,2,36
18,19,21:49:11,1,-1,3,AA7842,0,2,334
19,20,21:50:21,1,-1,1,AA7842,0,2,46
20,21,21:52:12,1,-1,1,AA7842,0,2,98
21,22,21:53:11,1,-1,-1,AA7842,0,2,47
0,1,22:18:04,1,-1,-1,AA7842,0,2,120
1,2,22:19:54,1,-1,2,AA7842,0,2,60
2,3,22:21:43,1,-1,2,AA7842,0,2,48
3,4,22:23:44,1,-1,1,AA7842,0,2,48
4,5,22:26:58,1,-1,1,AA7842,0,2,160
5,7,22:38:10,1,-1,2,AA7842,1,2,586
7,8,22:39:51,1,-1,2,AA7842,0,2,85
8,9,22:41:25,1,-1,1,AA7842,0,2,57
9,10,22:42:26,1,-1,1,AA7842,0,2,25
10,11,22:45:36,1,-1,1,AA7842,0,2,59
11,12,22:46:35,1,-1,1,AA7842,0,2,23
12,13,22:48:58,1,-1,1,AA7842,0,2,72
13,14,22:50:11,1,-1,1,AA7842,0,2,34
14,15,22:51:41,1,-1,-1,AA7842,0,2,37
15,16,22:53:35,1,-1,1,AA7842,0,2,66
16,17,23:00:02,1,-1,1,AA7842,0,2,363
17,18,23:01:25,1,-1,-1,AA7842,0,2,46
18,19,23:06:10,1,-1,2,AA7842,0,2,272
19,20,23:07:36,1,-1,1,AA7842,0,2,49
20,21,23:10:14,1,-1,1,AA7842,0,2,144
21,22,23:12:27,1,-1,-1,AA7842,0,2,95
1,2,23:31:26,1,-1,1,AA7842,0,2,50
2,3,23:33:25,1,-1,1,AA7842,0,2,49
3,4,23:35:16,1,-1,1,AA7842,0,2,74
4,5,23:38:00,1,-1,1,AA7842,0,2,127
5,6,23:39:01,1,-1,1,AA7842,0,2,11
6,7,23:47:37,1,-1,1,AA7842,0,2,504
7,8,23:49:59,1,-1,1,AA7842,0,2,105
8,9,23:51:34,1,-1,1,AA7842,0,2,59
9,10,23:52:11,1,-1,1,AA7842,0,2,23
10,11,23:54:44,1,-1,1,AA7842,0,2,92
11,12,23:56:00,1,-1,1,AA7842,0,2,40
12,13,23:57:02,1,-1,1,AA7842,0,2,49
13,14,23:57:48,1,-1,1,AA7842,0,2,22
14,15,23:59:14,1,-1,-1,AA7842,0,2,23
0,1,10:35:24,1,1,-1,AB4897,0,4,36
1,2,10:36:25,1,1,1,AB4897,0,4,23
2,3,10:39:59,1,1,1,AB4897,0,4,143
3,4,10:42:16,1,1,1,AB4897,0,2,87
4,5,10:45:34,1,2,1,AB4897,0,2,151
5,6,10:46:47,1,2,1,AB4897,0,2,26
6,8,10:58:49,1,2,1,AB4897,1,2,709
8,9,11:00:36,1,1,1,AB4897,0,2,60
9,10,11:01:23,1,1,1,AB4897,0,4,35
10,11,11:04:06,1,1,1,AB4897,0,4,80
11,12,11:05:09,1,1,1,AB4897,0,4,23
12,13,11:06:41,1,2,1,AB4897,0,4,57
13,14,11:08:01,1,2,1,AB4897,0,4,34
14,15,11:09:58,1,2,-1,AB4897,0,4,33
15,16,11:12:35,1,2,1,AB4897,0,2,74
16,17,11:19:47,1,0,1,AB4897,0,2,383
17,18,11:21:33,1,0,1,AB4897,0,2,46
18,19,11:28:00,1,0,3,AB4897,0,2,363
19,20,11:31:10,1,0,1,AB4897,0,2,130
20,21,11:33:46,1,0,1,AB4897,0,4,144
21,22,11:35:56,1,-1,-1,AB4897,0,4,95
0,1,11:57:11,1,1,-1,AB4897,0,4,83
1,2,11:58:47,1,1,2,AB4897,0,4,73
2,3,12:01:51,1,1,2,AB4897,0,4,111
3,4,12:03:00,1,1,1,AB4897,0,4,23
4,5,12:07:44,1,1,1,AB4897,0,4,212
5,6,12:11:00,1,1,1,AB4897,0,4,98
6,8,12:24:39,1,1,2,AB4897,1,4,794
8,9,12:26:03,1,1,1,AB4897,0,4,58
9,10,12:26:49,1,1,1,AB4897,0,4,35
10,11,12:28:23,1,1,1,AB4897,0,4,58
11,12,12:29:15,1,1,1,AB4897,0,4,23
12,13,12:30:37,1,1,1,AB4897,0,4,58
13,14,12:31:58,1,1,1,AB4897,0,4,47
14,15,12:33:33,1,2,-1,AB4897,0,4,36
15,16,12:36:09,1,2,1,AB4897,0,4,132
16,17,12:42:59,1,2,1,AB4897,0,4,375
17,18,12:43:57,1,2,1,AB4897,0,4,33
18,19,12:49:36,1,2,3,AB4897,0,4,327
19,20,12:52:57,1,2,1,AB4897,0,4,116
20,21,12:55:35,1,2,1,AB4897,0,4,145
21,22,12:57:32,1,-1,-1,AB4897,0,4,92
0,1,15:30:47,1,-1,-1,AC4015,0,4,117
1,2,15:32:23,1,-1,3,AC4015,0,4,85
2,3,15:35:50,1,-1,2,AC4015,0,4,120
3,4,15:38:27,1,-1,1,AC4015,0,4,108
4,5,15:42:35,1,-1,1,AC4015,0,4,176
5,6,15:44:09,1,-1,1,AC4015,0,4,47
6,7,15:55:38,1,-1,1,AC4015,0,2,676
7,8,15:57:48,1,-1,2,AC4015,0,2,118
8,9,15:59:50,1,-1,1,AC4015,0,2,75
9,10,16:00:26,1,-1,1,AC4015,0,2,22
10,11,16:06:58,1,-1,1,AC4015,0,4,261
11,12,16:08:00,1,-1,1,AC4015,0,4,23
12,13,16:10:05,1,-1,1,AC4015,0,4,65
13,14,16:11:15,1,-1,2,AC4015,0,4,34
14,15,16:13:24,1,-1,-1,AC4015,0,4,34
15,16,16:17:34,1,-1,1,AC4015,0,4,190
16,17,16:25:09,1,-1,1,AC4015,0,4,402
17,19,16:33:58,1,-1,2,AC4015,1,4,480
19,20,16:35:33,1,-1,1,AC4015,0,4,46
20,21,16:42:13,1,-1,1,AC4015,0,4,192
21,22,16:44:23,1,-1,-1,AC4015,0,4,94
0,1,7:03:36,1,-1,-1,MZ8441,0,4,49
1,2,7:06:34,1,-1,1,MZ8441,0,4,153
2,3,7:08:23,1,-1,1,MZ8441,0,4,35
3,4,7:10:20,1,-1,1,MZ8441,0,4,57
4,5,7:13:06,1,-1,1,MZ8441,0,4,138
5,6,7:14:45,1,-1,1,MZ8441,0,4,34
6,7,7:24:07,1,-1,2,MZ8441,0,1,549
7,8,7:26:25,1,-1,2,MZ8441,0,4,127
8,9,7:28:00,1,-1,1,MZ8441,0,4,71
9,10,7:29:09,1,-1,1,MZ8441,0,4,34
10,11,7:30:30,1,-1,-1,MZ8441,0,4,46
11,12,7:31:28,1,-1,-1,MZ8441,0,4,23
12,13,7:32:49,1,-1,-1,MZ8441,0,4,58
13,14,7:33:56,1,-1,-1,MZ8441,0,4,33
14,15,7:35:37,1,-1,-1,MZ8441,0,4,61
15,16,7:38:10,1,-1,1,MZ8441,0,4,60
16,17,7:48:12,1,-1,1,MZ8441,0,4,517
17,18,7:49:34,1,-1,1,MZ8441,0,4,23
18,19,7:56:10,1,-1,3,MZ8441,0,4,372
19,20,8:03:24,1,-1,2,MZ8441,0,4,229
20,21,8:07:21,1,-1,1,MZ8441,0,4,197
21,22,8:09:21,1,-1,-1,MZ8441,0,4,70
18,19,0:02:12,2,-1,2,AA6507,0,2,263
19,20,0:04:19,2,-1,1,AA6507,0,2,57
20,21,0:06:39,2,-1,1,AA6507,0,2,128
21,22,0:08:38,2,-1,-1,AA6507,0,2,84
0,1,7:17:45,2,-1,-1,AA6507,0,2,1497
1,2,7:19:47,2,-1,2,AA6507,0,2,39
2,3,7:21:46,2,-1,2,AA6507,0,2,58
3,4,7:23:45,2,-1,1,AA6507,0,2,46
4,5,7:27:11,2,-1,1,AA6507,0,2,155
5,6,7:28:35,2,-1,1,AA6507,0,2,23
6,7,7:38:09,2,-1,1,AA6507,0,2,551
7,8,7:40:19,2,-1,1,AA6507,0,2,105
8,9,7:41:52,2,-1,1,AA6507,0,2,46
9,10,7:42:50,2,-1,1,AA6507,0,2,22
10,11,7:45:01,2,-1,1,AA6507,0,2,96
11,12,7:45:48,2,-1,1,AA6507,0,2,23
12,13,7:47:11,2,-1,1,AA6507,0,2,59
13,14,7:48:21,2,-1,1,AA6507,0,2,34
14,15,7:49:51,2,-1,-1,AA6507,0,2,30
15,16,7:52:45,2,-1,1,AA6507,0,2,128
16,17,7:59:39,2,-1,1,AA6507,0,2,379
17,18,8:01:01,2,-1,-1,AA6507,0,2,35
18,20,8:11:38,2,-1,2,AA6507,1,2,624
20,21,8:15:08,2,-1,1,AA6507,0,2,186
21,22,8:17:36,2,-1,-1,AA6507,0,2,97
0,2,8:37:40,2,-1,3,AA6507,1,2,1170
2,3,8:41:51,2,-1,3,AA6507,0,2,192
3,4,8:51:00,2,-1,2,AA6507,0,1,311
4,5,8:58:36,2,-1,1,AA6507,0,1,179
5,6,9:00:11,2,-1,1,AA6507,0,1,35
6,7,9:10:36,2,-1,3,AA6507,0,1,601
7,8,9:13:13,2,-1,2,AA6507,0,1,145
8,9,9:15:02,2,-1,1,AA6507,0,1,84
9,11,9:19:23,2,-1,1,AA6507,1,1,250
11,12,9:20:22,2,-1,1,AA6507,0,1,46
12,13,9:23:23,2,-1,1,AA6507,0,1,72
13,14,9:24:10,2,-1,1,AA6507,0,1,34
14,15,9:25:58,2,-1,-1,AA6507,0,1,46
15,16,9:28:19,2,-1,1,AA6507,0,1,92
16,17,9:35:34,2,-1,2,AA6507,0,1,384
17,18,9:37:35,2,-1,1,AA6507,0,1,60
18,19,9:44:00,2,-1,3,AA6507,0,1,351
19,21,9:51:21,2,-1,1,AA6507,1,1,332
21,22,9:53:49,2,-1,-1,AA6507,0,1,109
0,1,9:59:22,2,-1,-1,AA6507,0,1,287
1,2,10:02:04,2,-1,3,AA6507,0,1,80
2,3,10:04:01,2,-1,3,AA6507,0,1,58
3,4,10:06:55,2,-1,2,AA6507,0,1,104
4,5,10:11:47,2,-1,1,AA6507,0,1,228
5,6,10:13:23,2,-1,1,AA6507,0,1,34
6,9,10:26:58,2,-1,1,AA6507,2,1,803
9,10,10:27:35,2,-1,1,AA6507,0,1,24
10,11,10:29:50,2,-1,1,AA6507,0,1,110
11,12,10:30:24,2,-1,1,AA6507,0,1,22
12,13,10:31:47,2,-1,1,AA6507,0,1,58
13,14,10:32:45,2,-1,1,AA6507,0,1,46
14,15,10:34:44,2,-1,-1,AA6507,0,1,56
15,16,10:37:21,2,-1,1,AA6507,0,1,120
16,17,10:43:50,2,-1,-1,AA6507,0,1,377
17,18,10:45:02,2,-1,-1,AA6507,0,1,46
18,19,10:50:17,2,-1,2,AA6507,0,1,302
19,20,10:53:27,2,-1,1,AA6507,0,1,154
20,21,10:56:12,2,-1,1,AA6507,0,1,152
21,22,10:58:13,2,-1,-1,AA6507,0,1,109
0,1,11:15:34,2,-1,-1,AA6507,0,1,1017
1,2,11:17:22,2,-1,2,AA6507,0,1,59
2,3,11:19:37,2,-1,2,AA6507,0,1,88
3,4,11:22:36,2,-1,1,AA6507,0,1,108
4,5,11:26:46,2,-1,1,AA6507,0,1,167
5,6,11:27:46,2,-1,1,AA6507,0,1,12
6,7,11:37:38,2,-1,1,AA6507,0,1,579
7,8,11:40:14,2,-1,2,AA6507,0,1,143
8,9,11:43:11,2,-1,1,AA6507,0,1,70
9,10,11:44:00,2,-1,1,AA6507,0,1,24
10,12,11:47:00,2,-1,1,AA6507,1,1,168
12,13,11:48:48,2,-1,1,AA6507,0,1,83
13,14,11:49:57,2,-1,1,AA6507,0,1,34
14,15,11:51:45,2,-1,-1,AA6507,0,1,70
15,16,11:54:10,2,-1,1,AA6507,0,1,93
16,17,12:01:07,2,-1,1,AA6507,0,1,405
17,18,12:02:41,2,-1,1,AA6507,0,1,46
18,19,12:08:49,2,-1,2,AA6507,0,1,355
19,20,12:11:23,2,-1,1,AA6507,0,1,82
20,21,12:15:10,2,-1,1,AA6507,0,1,168
21,22,12:17:34,2,-1,-1,AA6507,0,1,108
0,2,14:43:22,2,-1,3,AA6507,1,1,228
2,3,14:45:55,2,-1,2,AA6507,0,1,82
3,4,14:48:05,2,-1,1,AA6507,0,1,80
4,5,14:52:26,2,-1,1,AA6507,0,1,167
5,6,14:53:36,2,-1,1,AA6507,0,1,23
6,7,15:04:34,2,-1,1,AA6507,0,1,645
7,8,15:06:19,2,-1,1,AA6507,0,1,93
8,9,15:07:56,2,-1,1,AA6507,0,1,62
9,10,15:09:11,2,-1,1,AA6507,0,1,34
10,11,15:12:48,2,-1,1,AA6507,0,1,135
11,12,15:13:24,2,-1,1,AA6507,0,1,24
12,13,15:15:48,2,-1,1,AA6507,0,1,96
13,14,15:17:01,2,-1,1,AA6507,0,1,36
14,15,15:19:01,2,-1,-1,AA6507,0,1,35
15,16,15:23:12,2,-1,1,AA6507,0,1,216
16,17,15:31:01,2,-1,1,AA6507,0,1,406
17,19,15:38:10,2,-1,2,AA6507,1,1,394
19,20,15:41:40,2,-1,-1,AA6507,0,1,123
20,21,15:44:13,2,-1,-1,AA6507,0,1,106
21,22,15:47:00,2,-1,-1,AA6507,0,1,108
0,1,15:58:21,2,-1,-1,AA6507,0,2,58
1,2,16:00:40,2,-1,2,AA6507,0,2,57
2,3,16:04:09,2,-1,1,AA6507,0,2,92
3,4,16:06:58,2,-1,1,AA6507,0,2,121
4,5,16:11:37,2,-1,1,AA6507,0,2,208
5,6,16:13:49,2,-1,1,AA6507,0,2,24
6,7,16:26:16,2,-1,1,AA6507,0,2,735
7,8,16:28:51,2,-1,1,AA6507,0,2,142
8,9,16:30:50,2,-1,1,AA6507,0,2,95
9,10,16:31:48,2,-1,1,AA6507,0,2,34
10,11,16:34:48,2,-1,1,AA6507,0,2,167
11,12,16:36:01,2,-1,1,AA6507,0,2,23
12,13,16:38:15,2,-1,1,AA6507,0,2,110
13,14,16:39:25,2,-1,2,AA6507,0,2,23
14,15,16:41:57,2,-1,-1,AA6507,0,2,47
15,16,16:44:57,2,-1,1,AA6507,0,2,94
16,17,16:52:00,2,-1,1,AA6507,0,2,372
17,18,16:53:10,2,-1,1,AA6507,0,2,23
18,19,17:01:47,2,-1,2,AA6507,0,2,491
19,20,17:03:32,2,-1,1,AA6507,0,2,47
20,21,17:05:44,2,-1,1,AA6507,0,2,120
21,22,17:09:12,2,-1,-1,AA6507,0,2,172
0,1,17:17:48,2,-1,-1,AA6507,0,2,105
2,3,17:22:24,2,-1,2,AA6507,0,2,76
3,4,17:24:23,2,-1,1,AA6507,0,2,70
4,5,17:30:56,2,-1,1,AA6507,0,2,316
5,6,17:32:20,2,-1,1,AA6507,0,2,37
6,8,17:44:50,2,-1,2,AA6507,1,2,734
8,9,17:46:34,2,-1,1,AA6507,0,2,80
9,10,17:47:46,2,-1,1,AA6507,0,2,23
10,11,17:50:46,2,-1,1,AA6507,0,2,119
11,12,17:52:08,2,-1,1,AA6507,0,2,35
12,13,17:53:59,2,-1,2,AA6507,0,2,75
13,14,17:55:21,2,-1,2,AA6507,0,2,46
14,15,17:57:37,2,-1,-1,AA6507,0,2,50
15,16,18:07:18,2,-1,1,AA6507,0,2,523
16,17,18:15:50,2,-1,1,AA6507,0,2,431
17,18,18:17:37,2,-1,1,AA6507,0,2,35
18,19,18:29:35,2,-1,3,AA6507,0,2,706
19,20,18:32:09,2,-1,2,AA6507,0,2,69
20,21,18:36:35,2,-1,1,AA6507,0,2,228
21,22,18:40:09,2,-1,-1,AA6507,0,2,85
0,1,18:47:35,2,-1,-1,AA6507,0,2,96
1,2,18:49:21,2,-1,3,AA6507,0,2,70
2,3,18:51:58,2,-1,2,AA6507,0,2,58
3,4,18:54:36,2,-1,1,AA6507,0,2,107
4,5,18:59:47,2,-1,2,AA6507,0,2,263
5,6,19:01:23,2,-1,1,AA6507,0,2,24
6,7,19:14:02,2,-1,1,AA6507,0,2,746
7,8,19:15:50,2,-1,2,AA6507,0,2,96
8,9,19:17:12,2,-1,1,AA6507,0,2,59
9,10,19:18:14,2,-1,1,AA6507,0,2,37
10,11,19:20:52,2,-1,1,AA6507,0,2,121
11,12,19:22:16,2,-1,2,AA6507,0,2,59
12,13,19:24:49,2,-1,1,AA6507,0,2,142
13,14,19:26:01,2,-1,3,AA6507,0,2,37
14,15,19:27:24,2,-1,-1,AA6507,0,2,11
15,16,19:30:24,2,-1,1,AA6507,0,2,145
16,17,19:37:12,2,-1,1,AA6507,0,2,371
17,18,19:38:35,2,-1,1,AA6507,0,2,23
18,19,19:44:34,2,-1,3,AA6507,0,2,346
19,20,19:47:34,2,-1,1,AA6507,0,2,118
20,21,19:49:35,2,-1,1,AA6507,0,2,98
21,22,19:52:36,2,-1,-1,AA6507,0,2,117
0,1,20:31:23,2,-1,-1,AA6507,0,2,47
1,2,20:33:46,2,-1,2,AA6507,0,2,131
2,3,20:36:10,2,-1,1,AA6507,0,2,131
3,4,20:37:11,2,-1,1,AA6507,0,2,49
4,5,20:39:35,2,-1,1,AA6507,0,2,133
5,6,20:41:00,2,-1,1,AA6507,0,2,25
6,7,20:50:22,2,-1,1,AA6507,0,2,550
7,8,20:51:55,2,-1,2,AA6507,0,2,81
8,9,20:53:20,2,-1,1,AA6507,0,2,47
9,10,20:53:57,2,-1,1,AA6507,0,2,23
10,11,20:56:37,2,-1,1,AA6507,0,2,148
11,12,20:57:24,2,-1,1,AA6507,0,2,24
12,13,20:59:23,2,-1,1,AA6507,0,2,70
13,14,21:00:25,2,-1,1,AA6507,0,2,36
14,15,21:02:13,2,-1,-1,AA6507,0,2,23
15,16,21:04:38,2,-1,1,AA6507,0,2,109
16,17,21:11:50,2,-1,1,AA6507,0,2,395
17,18,21:13:13,2,-1,1,AA6507,0,2,59
18,19,21:18:23,2,-1,2,AA6507,0,2,297
19,21,21:23:25,2,-1,1,AA6507,1,2,218
21,22,21:26:13,2,-1,-1,AA6507,0,2,105
0,1,21:42:38,2,-1,-1,AA6507,0,2,52
1,2,21:44:30,2,-1,1,AA6507,0,2,73
2,3,21:47:08,2,-1,1,AA6507,0,2,93
3,4,21:48:12,2,-1,1,AA6507,0,2,25
4,5,21:51:24,2,-1,1,AA6507,0,2,155
5,6,21:53:02,2,-1,1,AA6507,0,2,23
6,7,22:02:32,2,-1,1,AA6507,0,2,562
7,8,22:04:43,2,-1,2,AA6507,0,2,111
8,9,22:05:54,2,-1,1,AA6507,0,2,40
9,10,22:07:05,2,-1,1,AA6507,0,2,30
10,11,22:11:17,2,-1,1,AA6507,0,2,242
11,12,22:12:08,2,-1,1,AA6507,0,2,20
12,13,22:14:39,2,-1,1,AA6507,0,2,80
13,14,22:16:00,2,-1,1,AA6507,0,2,30
14,15,22:18:24,2,-1,-1,AA6507,0,2,40
15,16,22:20:56,2,-1,-1,AA6507,0,2,70
16,17,22:28:40,2,-1,1,AA6507,0,2,383
17,18,22:30:11,2,-1,1,AA6507,0,2,40
18,19,22:35:24,2,-1,2,AA6507,0,2,302
19,20,22:37:25,2,-1,1,AA6507,0,2,50
20,21,22:39:37,2,-1,1,AA6507,0,2,90
21,22,22:41:58,2,-1,-1,AA6507,0,2,100
0,1,22:54:19,2,-1,-1,AA6507,0,2,90
1,3,22:58:15,2,-1,1,AA6507,1,2,165
3,4,23:00:26,2,-1,-1,AA6507,0,2,60
4,5,23:03:19,2,-1,-1,AA6507,0,2,142
5,6,23:04:42,2,-1,-1,AA6507,0,2,22
6,7,23:13:49,2,-1,1,AA6507,0,2,536
7,8,23:15:42,2,-1,1,AA6507,0,2,103
8,9,23:17:04,2,-1,1,AA6507,0,2,61
9,10,23:17:44,2,-1,1,AA6507,0,2,20
10,11,23:20:36,2,-1,1,AA6507,0,2,121
11,12,23:21:26,2,-1,1,AA6507,0,2,20
12,13,23:22:57,2,-1,1,AA6507,0,2,50
13,14,23:23:48,2,-1,1,AA6507,0,2,30
14,15,23:25:59,2,-1,-1,AA6507,0,2,60
15,16,23:28:02,2,-1,1,AA6507,0,2,82
16,17,23:34:36,2,-1,1,AA6507,0,2,374
17,18,23:35:37,2,-1,1,AA6507,0,2,30
18,19,23:40:33,2,-1,3,AA6507,0,2,286
19,20,23:42:24,2,-1,1,AA6507,0,2,50
20,21,23:44:15,2,-1,1,AA6507,0,2,70
21,22,23:46:07,2,-1,-1,AA6507,0,2,90
0,1,15:06:53,2,-1,-1,AA6835,0,1,127
1,2,15:08:59,2,-1,3,AA6835,0,1,63
2,3,15:11:35,2,-1,2,AA6835,0,1,84
3,4,15:14:00,2,-1,1,AA6835,0,1,59
4,5,15:20:24,2,-1,1,AA6835,0,1,324
5,6,15:21:59,2,-1,1,AA6835,0,1,24
6,7,15:34:09,2,-1,2,AA6835,0,1,704
7,8,15:35:57,2,-1,3,AA6835,0,1,96
8,9,15:38:38,2,-1,1,AA6835,0,1,121
9,10,15:39:14,2,-1,1,AA6835,0,1,22
10,11,15:42:50,2,-1,-1,AA6835,0,1,178
11,12,15:44:01,2,-1,-1,AA6835,0,1,24
12,13,15:47:00,2,-1,1,AA6835,0,1,108
13,14,15:48:56,2,-1,1,AA6835,0,1,58
14,15,15:51:58,2,-1,-1,AA6835,0,2,94
15,16,15:54:57,2,-1,1,AA6835,0,2,144
16,17,16:02:36,2,-1,1,AA6835,0,2,421
17,18,16:04:33,2,-1,1,AA6835,0,2,36
18,19,16:12:48,2,-1,2,AA6835,0,2,471
19,20,16:17:11,2,-1,2,AA6835,0,2,238
20,21,16:20:09,2,-1,-1,AA6835,0,2,166
21,22,16:22:13,2,-1,-1,AA6835,0,2,87
0,1,16:29:03,2,-1,-1,AA6835,0,2,47
1,2,16:32:01,2,-1,3,AA6835,0,2,154
2,3,16:34:01,2,-1,2,AA6835,0,2,72
3,4,16:35:01,2,-1,1,AA6835,0,2,12
4,5,16:40:23,2,-1,1,AA6835,0,2,251
5,6,16:42:09,2,-1,1,AA6835,0,2,35
6,7,16:53:10,2,-1,1,AA6835,0,2,649
7,8,16:55:33,2,-1,2,AA6835,0,2,94
8,9,16:56:58,2,-1,1,AA6835,0,2,23
9,10,16:57:49,2,-1,1,AA6835,0,2,39
10,11,17:00:47,2,-1,1,AA6835,0,2,144
11,12,17:01:59,2,-1,1,AA6835,0,2,23
12,13,17:03:56,2,-1,1,AA6835,0,2,83
13,14,17:05:10,2,-1,2,AA6835,0,2,35
14,15,17:07:22,2,-1,-1,AA6835,0,2,85
15,16,17:10:34,2,-1,1,AA6835,0,2,146
16,17,17:18:01,2,-1,1,AA6835,0,2,375
18,19,17:26:14,2,-1,3,AA6835,0,2,410
19,20,17:29:49,2,-1,1,AA6835,0,2,97
20,21,17:34:07,2,-1,1,AA6835,0,2,246
21,22,17:36:17,2,-1,-1,AA6835,0,2,107
0,2,17:45:37,2,-1,3,AA6835,1,2,208
2,3,17:47:46,2,-1,2,AA6835,0,2,83
3,4,17:50:10,2,-1,1,AA6835,0,2,71
4,5,17:59:58,2,-1,1,AA6835,0,2,528
5,7,18:13:36,2,-1,2,AA6835,1,2,769
7,8,18:15:39,2,-1,2,AA6835,0,2,97
8,9,18:17:25,2,-1,1,AA6835,0,2,71
9,10,18:18:13,2,-1,1,AA6835,0,2,35
10,11,18:20:59,2,-1,1,AA6835,0,2,131
11,12,18:22:10,2,-1,2,AA6835,0,2,35
12,13,18:24:18,2,-1,1,AA6835,0,2,81
13,14,18:26:58,2,-1,2,AA6835,0,2,132
14,16,18:33:00,2,-1,1,AA6835,1,2,266
16,17,18:40:33,2,-1,2,AA6835,0,2,390
17,18,18:41:58,2,-1,1,AA6835,0,2,23
18,19,18:51:58,2,-1,3,AA6835,0,2,575
19,20,18:57:46,2,-1,1,AA6835,0,2,178
20,21,19:03:48,2,-1,1,AA6835,0,2,326
21,22,19:06:22,2,-1,-1,AA6835,0,2,105
0,1,19:12:17,2,-1,-1,AA6835,0,2,23
1,2,19:14:13,2,-1,2,AA6835,0,2,23
2,3,19:15:25,2,-1,2,AA6835,0,2,11
3,4,19:18:00,2,-1,1,AA6835,0,2,130
4,5,19:22:40,2,-1,1,AA6835,0,2,194
5,6,19:24:26,2,-1,1,AA6835,0,2,23
6,7,19:35:46,2,-1,1,AA6835,0,2,668
7,8,19:38:12,2,-1,1,AA6835,0,2,110
8,9,19:39:48,2,-1,1,AA6835,0,2,60
9,10,19:40:36,2,-1,1,AA6835,0,2,24
10,11,19:43:09,2,-1,1,AA6835,0,2,129
11,12,19:44:21,2,-1,1,AA6835,0,2,22
12,13,19:46:11,2,-1,2,AA6835,0,2,73
13,14,19:47:34,2,-1,1,AA6835,0,2,35
14,15,19:49:20,2,-1,-1,AA6835,0,2,23
15,16,19:52:02,2,-1,1,AA6835,0,2,134
16,17,19:59:53,2,-1,1,AA6835,0,2,425
17,18,20:01:16,2,-1,1,AA6835,0,2,36
18,19,20:06:28,2,-1,2,AA6835,0,2,298
19,20,20:09:38,2,-1,1,AA6835,0,2,141
20,21,20:13:05,2,-1,1,AA6835,0,2,182
21,22,20:15:39,2,-1,-1,AA6835,0,2,81
0,1,10:40:01,2,-1,-1,AA6848,0,1,12
1,2,10:42:37,2,-1,-1,AA6848,0,1,36
2,3,10:44:15,2,-1,-1,AA6848,0,1,36
3,4,10:46:35,2,-1,1,AA6848,0,1,57
4,5,10:53:14,2,-1,1,AA6848,0,1,305
5,6,10:55:25,2,-1,1,AA6848,0,1,23
6,8,11:08:03,2,-1,2,AA6848,1,1,745
8,9,11:09:48,2,-1,1,AA6848,0,1,58
9,10,11:10:25,2,-1,1,AA6848,0,1,23
10,11,11:13:48,2,-1,1,AA6848,0,1,167
11,12,11:14:34,2,-1,1,AA6848,0,1,22
12,13,11:16:10,2,-1,1,AA6848,0,1,84
13,14,11:16:57,2,-1,1,AA6848,0,1,34
14,15,11:18:38,2,-1,-1,AA6848,0,1,41
15,16,11:20:59,2,-1,1,AA6848,0,1,93
16,17,11:28:22,2,-1,1,AA6848,0,1,407
17,18,11:29:37,2,-1,1,AA6848,0,1,23
18,19,11:36:51,2,-1,2,AA6848,0,1,422
19,20,11:39:38,2,-1,1,AA6848,0,1,107
20,21,11:41:49,2,-1,1,AA6848,0,1,83
21,22,11:44:12,2,-1,-1,AA6848,0,1,106
17,18,6:56:10,2,-1,1,AA7096,0,2,23
18,19,7:33:04,2,-1,3,AA7096,0,2,2187
19,20,7:37:23,2,-1,2,AA7096,0,2,165
20,21,7:41:52,2,-1,1,AA7096,0,2,222
21,22,7:44:38,2,-1,-1,AA7096,0,2,107
1,2,8:00:38,2,-1,-1,AA7096,0,2,70
2,3,8:04:20,2,-1,-1,AA7096,0,2,209
3,4,8:09:09,2,-1,1,AA7096,0,2,169
4,5,8:13:12,2,-1,1,AA7096,0,2,156
5,6,8:14:45,2,-1,1,AA7096,0,2,22
6,7,8:24:48,2,-1,1,AA7096,0,2,580
7,8,8:27:44,2,-1,2,AA7096,0,2,129
8,9,8:29:24,2,-1,1,AA7096,0,2,49
9,10,8:30:37,2,-1,1,AA7096,0,2,38
10,11,8:33:21,2,-1,1,AA7096,0,2,116
11,12,8:34:18,2,-1,1,AA7096,0,2,22
12,13,8:37:17,2,-1,2,AA7096,0,2,141
13,14,8:38:15,2,-1,2,AA7096,0,2,46
14,16,8:44:12,2,-1,1,AA7096,1,2,226
16,17,8:51:24,2,-1,1,AA7096,0,1,397
17,18,8:52:37,2,-1,1,AA7096,0,1,35
18,19,8:59:09,2,-1,2,AA7096,0,1,380
19,20,9:03:36,2,-1,2,AA7096,0,1,217
20,21,9:05:48,2,-1,1,AA7096,0,1,120
21,22,9:08:22,2,-1,-1,AA7096,0,1,108
11,12,9:35:22,2,-1,1,AA7096,0,1,24
12,13,9:38:21,2,-1,2,AA7096,0,1,71
13,14,9:39:34,2,-1,1,AA7096,0,1,37
14,15,9:41:49,2,-1,-1,AA7096,0,1,40
15,16,9:44:00,2,-1,1,AA7096,0,1,82
16,17,9:51:59,2,-1,1,AA7096,0,1,417
17,18,9:53:36,2,-1,1,AA7096,0,1,49
18,19,9:59:46,2,-1,3,AA7096,0,1,357
19,20,10:05:11,2,-1,1,AA7096,0,1,267
20,21,10:07:59,2,-1,1,AA7096,0,1,144
21,22,10:10:02,2,-1,-1,AA7096,0,1,84
0,1,10:49:32,2,-1,-1,AA7096,0,1,82
1,2,10:51:39,2,-1,2,AA7096,0,1,115
2,3,10:54:02,2,-1,2,AA7096,0,1,95
3,4,10:56:23,2,-1,1,AA7096,0,1,58
4,5,11:02:44,2,-1,1,AA7096,0,1,271
5,6,11:04:08,2,-1,1,AA7096,0,1,23
6,7,11:14:57,2,-1,1,AA7096,0,1,637
7,8,11:16:57,2,-1,1,AA7096,0,1,107
8,9,11:18:51,2,-1,1,AA7096,0,1,76
9,10,11:19:48,2,-1,1,AA7096,0,1,22
10,11,11:23:48,2,-1,1,AA7096,0,1,98
11,12,11:24:21,2,-1,1,AA7096,0,1,22
12,13,11:26:21,2,-1,1,AA7096,0,1,72
13,14,11:27:58,2,-1,1,AA7096,0,1,35
14,15,11:29:25,2,-1,-1,AA7096,0,1,36
15,16,11:31:35,2,-1,1,AA7096,0,1,50
16,17,11:39:02,2,-1,1,AA7096,0,1,387
17,18,11:40:26,2,-1,1,AA7096,0,1,35
18,19,11:45:23,2,-1,2,AA7096,0,1,286
19,21,11:51:45,2,-1,1,AA7096,1,1,334
21,22,11:53:46,2,-1,-1,AA7096,0,1,84
0,1,12:02:28,2,-1,-1,AA7096,0,1,69
1,2,12:04:54,2,-1,2,AA7096,0,1,60
2,3,12:08:00,2,-1,2,AA7096,0,1,127
3,4,12:10:24,2,-1,1,AA7096,0,1,95
4,5,12:14:58,2,-1,1,AA7096,0,1,167
5,6,12:16:21,2,-1,1,AA7096,0,1,24
6,7,12:29:07,2,-1,1,AA7096,0,1,753
7,8,12:31:33,2,-1,2,AA7096,0,1,134
8,9,12:32:49,2,-1,1,AA7096,0,1,53
9,10,12:33:37,2,-1,1,AA7096,0,1,24
10,11,12:36:26,2,-1,1,AA7096,0,1,121
11,12,12:37:36,2,-1,1,AA7096,0,1,35
12,13,12:39:02,2,-1,1,AA7096,0,1,62
13,14,12:40:14,2,-1,1,AA7096,0,1,24
14,15,12:41:47,2,-1,-1,AA7096,0,1,35
15,16,12:44:00,2,-1,1,AA7096,0,1,72
16,17,12:51:47,2,-1,1,AA7096,0,1,368
17,18,12:53:21,2,-1,1,AA7096,0,1,46
18,19,13:00:02,2,-1,2,AA7096,0,1,389
19,21,13:08:27,2,-1,1,AA7096,1,1,399
21,22,13:10:26,2,-1,-1,AA7096,0,1,85
0,1,13:18:08,2,-1,-1,AA7096,0,1,80
1,2,13:20:46,2,-1,3,AA7096,0,1,105
2,3,13:23:43,2,-1,2,AA7096,0,1,153
3,4,13:27:47,2,-1,1,AA7096,0,1,186
4,5,13:31:59,2,-1,1,AA7096,0,1,181
5,6,13:33:32,2,-1,1,AA7096,0,1,23
6,7,13:44:19,2,-1,2,AA7096,0,1,635
7,8,13:46:27,2,-1,2,AA7096,0,1,115
8,9,13:48:04,2,-1,1,AA7096,0,1,47
9,10,13:48:50,2,-1,1,AA7096,0,1,34
10,11,13:51:21,2,-1,1,AA7096,0,1,106
12,13,13:54:09,2,-1,1,AA7096,0,1,70
13,14,13:55:20,2,-1,1,AA7096,0,1,35
14,15,13:57:58,2,-1,-1,AA7096,0,1,119
15,16,14:00:44,2,-1,1,AA7096,0,1,142
16,17,14:08:12,2,-1,1,AA7096,0,1,374
17,19,14:16:00,2,-1,2,AA7096,1,1,397
19,20,14:19:37,2,-1,2,AA7096,0,1,71
20,22,14:24:46,2,-1,-1,AA7096,1,1,296
0,1,14:34:12,2,-1,-1,AA7096,0,1,81
1,2,14:37:23,2,-1,3,AA7096,0,1,70
2,3,14:40:20,2,-1,2,AA7096,0,1,118
3,4,14:44:20,2,-1,1,AA7096,0,1,129
4,5,14:48:17,2,-1,1,AA7096,0,1,152
5,7,15:03:48,2,-1,1,AA7096,1,1,837
7,8,15:05:56,2,-1,1,AA7096,0,1,115
8,9,15:07:43,2,-1,1,AA7096,0,1,50
9,10,15:08:59,2,-1,1,AA7096,0,1,37
10,11,15:11:35,2,-1,1,AA7096,0,1,73
11,12,15:12:23,2,-1,1,AA7096,0,1,23
12,13,15:15:12,2,-1,1,AA7096,0,1,72
13,14,15:16:24,2,-1,1,AA7096,0,1,48
14,15,15:18:13,2,-1,-1,AA7096,0,1,23
15,16,15:22:12,2,-1,1,AA7096,0,1,215
16,17,15:29:22,2,-1,1,AA7096,0,1,381
17,19,15:38:38,2,-1,2,AA7096,1,1,497
19,20,15:41:52,2,-1,-1,AA7096,0,1,85
20,21,15:46:24,2,-1,1,AA7096,0,1,213
21,22,15:48:33,2,-1,-1,AA7096,0,1,93
0,1,11:25:08,2,-1,-1,AA7149,0,1,47
1,2,11:28:10,2,-1,2,AA7149,0,1,121
2,3,11:30:00,2,-1,2,AA7149,0,1,98
3,4,11:32:22,2,-1,1,AA7149,0,1,61
4,5,11:37:03,2,-1,1,AA7149,0,1,173
5,6,11:38:25,2,-1,1,AA7149,0,1,23
6,7,11:48:35,2,-1,1,AA7149,0,1,584
7,8,11:51:10,2,-1,1,AA7149,0,1,108
8,9,11:52:21,2,-1,1,AA7149,0,1,35
9,11,11:57:36,2,-1,1,AA7149,1,1,300
11,12,11:58:58,2,-1,1,AA7149,0,1,22
12,13,12:01:54,2,-1,1,AA7149,0,1,58
13,14,12:03:30,2,-1,1,AA7149,0,1,72
14,15,12:05:06,2,-1,-1,AA7149,0,1,34
15,16,12:08:00,2,-1,1,AA7149,0,1,103
16,17,12:15:34,2,-1,1,AA7149,0,1,404
17,18,12:16:57,2,-1,1,AA7149,0,1,35
18,19,12:24:33,2,-1,3,AA7149,0,1,443
19,20,12:29:18,2,-1,1,AA7149,0,1,174
20,21,12:32:18,2,-1,1,AA7149,0,1,168
21,22,12:34:49,2,-1,-1,AA7149,0,1,96
0,2,12:46:24,2,-1,3,AA7149,1,1,169
2,3,12:48:50,2,-1,2,AA7149,0,1,35
3,4,12:50:46,2,-1,1,AA7149,0,1,34
4,5,12:55:35,2,-1,1,AA7149,0,1,217
5,6,12:56:49,2,-1,1,AA7149,0,1,12
6,7,13:09:00,2,-1,1,AA7149,0,1,705
7,8,13:11:24,2,-1,-1,AA7149,0,1,118
8,9,13:13:47,2,-1,-1,AA7149,0,1,95
9,10,13:14:46,2,-1,-1,AA7149,0,1,11
10,11,13:16:20,2,-1,1,AA7149,0,1,36
11,12,13:17:23,2,-1,1,AA7149,0,1,23
12,13,13:19:00,2,-1,1,AA7149,0,1,63
13,14,13:19:47,2,-1,2,AA7149,0,1,34
14,15,13:21:21,2,-1,-1,AA7149,0,1,23
15,16,13:24:41,2,-1,1,AA7149,0,1,175
16,17,13:31:20,2,-1,1,AA7149,0,1,376
17,18,13:32:46,2,-1,1,AA7149,0,1,23
18,19,13:38:44,2,-1,2,AA7149,0,1,346
19,20,13:41:12,2,-1,1,AA7149,0,1,65
20,21,13:44:19,2,-1,1,AA7149,0,1,176
21,22,13:46:53,2,-1,-1,AA7149,0,1,106
0,1,14:00:09,2,-1,-1,AA7149,0,1,107
1,2,14:02:45,2,-1,3,AA7149,0,1,96
2,3,14:05:23,2,-1,2,AA7149,0,1,57
3,4,14:07:48,2,-1,1,AA7149,0,1,86
4,18,14:13:13,2,-1,1,AA7149,1,1,252
6,7,14:24:22,2,-1,1,AA7149,0,1,658
7,8,14:27:36,2,-1,1,AA7149,0,1,158
8,9,14:29:23,2,-1,1,AA7149,0,1,80
9,10,14:30:33,2,-1,1,AA7149,0,1,11
10,11,14:32:51,2,-1,1,AA7149,0,1,126
11,12,14:34:37,2,-1,1,AA7149,0,1,35
12,13,14:36:59,2,-1,1,AA7149,0,1,118
13,14,14:37:59,2,-1,1,AA7149,0,1,35
14,15,14:39:33,2,-1,-1,AA7149,0,1,36
15,16,14:42:46,2,-1,1,AA7149,0,1,122
16,17,14:50:53,2,-1,1,AA7149,0,1,439
17,18,14:51:40,2,-1,1,AA7149,0,1,35
18,19,14:59:01,2,-1,2,AA7149,0,1,429
19,21,15:05:44,2,-1,1,AA7149,1,1,294
21,22,15:08:10,2,-1,-1,AA7149,0,1,76
0,1,15:25:49,2,-1,-1,AA7149,0,1,83
1,2,15:28:22,2,-1,2,AA7149,0,1,141
2,3,15:31:48,2,-1,2,AA7149,0,1,122
3,4,15:34:35,2,-1,1,AA7149,0,1,98
4,5,15:40:03,2,-1,1,AA7149,0,1,257
5,6,15:41:40,2,-1,-1,AA7149,0,1,23
6,7,15:52:57,2,-1,1,AA7149,0,2,664
7,8,15:54:44,2,-1,2,AA7149,0,2,95
8,9,15:55:59,2,-1,1,AA7149,0,2,62
9,10,15:56:46,2,-1,1,AA7149,0,2,23
10,11,15:58:57,2,-1,1,AA7149,0,2,94
11,12,16:00:06,2,-1,1,AA7149,0,2,23
12,13,16:03:22,2,-1,1,AA7149,0,2,138
13,14,16:04:45,2,-1,2,AA7149,0,2,47
14,15,16:08:21,2,-1,-1,AA7149,0,2,83
15,16,16:11:03,2,-1,1,AA7149,0,2,85
16,17,16:17:59,2,-1,1,AA7149,0,2,369
17,18,16:19:46,2,-1,1,AA7149,0,2,37
18,19,16:29:03,2,-1,3,AA7149,0,2,545
19,20,16:31:02,2,-1,1,AA7149,0,2,46
20,21,16:34:36,2,-1,1,AA7149,0,2,167
21,22,16:37:02,2,-1,-1,AA7149,0,2,96
3,4,16:51:01,2,-1,1,AA7149,0,2,106
4,5,16:56:35,2,-1,1,AA7149,0,2,263
5,6,16:57:49,2,-1,1,AA7149,0,2,12
6,7,17:08:08,2,-1,1,AA7149,0,2,596
7,8,17:09:47,2,-1,2,AA7149,0,2,85
8,9,17:11:46,2,-1,1,AA7149,0,2,83
9,10,17:12:46,2,-1,1,AA7149,0,2,11
10,11,17:16:48,2,-1,1,AA7149,0,2,195
11,12,17:17:48,2,-1,1,AA7149,0,2,24
12,13,17:19:23,2,-1,1,AA7149,0,2,70
13,14,17:21:07,2,-1,2,AA7149,0,2,68
14,15,17:23:47,2,-1,-1,AA7149,0,2,59
15,16,17:27:49,2,-1,1,AA7149,0,2,180
16,17,17:35:29,2,-1,1,AA7149,0,2,398
17,19,17:45:14,2,-1,2,AA7149,1,2,524
19,20,17:49:46,2,-1,1,AA7149,0,2,178
20,21,17:54:22,2,-1,1,AA7149,0,2,263
21,22,17:56:10,2,-1,-1,AA7149,0,2,95
0,1,18:04:15,2,-1,-1,AA7149,0,2,66
1,2,18:06:33,2,-1,3,AA7149,0,2,68
2,3,18:08:27,2,-1,3,AA7149,0,2,46
3,4,18:10:59,2,-1,1,AA7149,0,2,94
4,5,18:17:37,2,-1,1,AA7149,0,2,347
5,6,18:19:10,2,-1,1,AA7149,0,2,22
6,7,18:34:02,2,-1,1,AA7149,0,2,879
7,8,18:36:47,2,-1,1,AA7149,0,2,128
8,10,18:40:09,2,-1,1,AA7149,1,2,85
10,11,18:45:36,2,-1,1,AA7149,0,2,302
11,12,18:46:47,2,-1,1,AA7149,0,2,36
12,13,18:49:21,2,-1,1,AA7149,0,2,105
13,14,18:51:00,2,-1,2,AA7149,0,2,51
14,15,18:53:24,2,-1,-1,AA7149,0,2,35
15,16,18:59:08,2,-1,1,AA7149,0,2,318
16,17,19:06:22,2,-1,1,AA7149,0,2,405
17,18,19:07:20,2,-1,1,AA7149,0,2,34
18,19,19:14:50,2,-1,3,AA7149,0,2,437
19,20,19:19:14,2,-1,1,AA7149,0,2,109
20,21,19:23:03,2,-1,1,AA7149,0,2,202
21,22,19:25:49,2,-1,-1,AA7149,0,2,95
0,1,20:00:50,2,-1,-1,AA7149,0,2,93
1,2,20:02:19,2,-1,1,AA7149,0,2,63
2,3,20:04:30,2,-1,1,AA7149,0,2,86
3,4,20:07:17,2,-1,1,AA7149,0,2,96
4,5,20:10:03,2,-1,1,AA7149,0,2,141
5,6,20:11:17,2,-1,1,AA7149,0,2,12
6,7,20:20:59,2,-1,1,AA7149,0,2,558
7,8,20:23:27,2,-1,2,AA7149,0,2,135
8,9,20:24:52,2,-1,1,AA7149,0,2,49
9,10,20:25:39,2,-1,1,AA7149,0,2,23
10,11,20:27:25,2,-1,1,AA7149,0,2,94
11,12,20:28:45,2,-1,1,AA7149,0,2,23
12,13,20:30:35,2,-1,1,AA7149,0,2,74
13,14,20:31:59,2,-1,2,AA7149,0,2,48
14,15,20:33:46,2,-1,-1,AA7149,0,2,35
15,16,20:36:10,2,-1,1,AA7149,0,2,119
16,17,20:43:08,2,-1,1,AA7149,0,2,356
17,18,20:45:22,2,-1,1,AA7149,0,2,35
18,19,20:50:10,2,-1,2,AA7149,0,2,276
19,20,20:51:43,2,-1,1,AA7149,0,2,46
20,21,20:53:57,2,-1,1,AA7149,0,2,122
21,22,20:56:25,2,-1,-1,AA7149,0,2,96
0,1,21:02:13,2,-1,-1,AA7149,0,2,36
1,2,21:04:50,2,-1,1,AA7149,0,2,98
2,3,21:07:01,2,-1,2,AA7149,0,2,83
3,4,21:08:51,2,-1,1,AA7149,0,2,72
4,5,21:12:13,2,-1,1,AA7149,0,2,152
5,6,21:13:37,2,-1,1,AA7149,0,2,24
6,7,21:22:59,2,-1,2,AA7149,0,2,549
7,8,21:25:38,2,-1,1,AA7149,0,2,146
8,9,21:26:48,2,-1,1,AA7149,0,2,46
9,10,21:27:22,2,-1,1,AA7149,0,2,22
10,11,21:29:36,2,-1,1,AA7149,0,2,95
11,12,21:31:01,2,-1,1,AA7149,0,2,25
12,13,21:33:03,2,-1,1,AA7149,0,2,73
13,14,21:35:00,2,-1,1,AA7149,0,2,58
14,15,21:36:34,2,-1,-1,AA7149,0,2,47
15,16,21:38:45,2,-1,1,AA7149,0,2,118
16,17,21:45:35,2,-1,1,AA7149,0,2,361
17,18,21:47:08,2,-1,1,AA7149,0,2,46
18,19,21:51:59,2,-1,2,AA7149,0,2,278
19,20,21:54:11,2,-1,1,AA7149,0,2,58
20,21,21:57:22,2,-1,1,AA7149,0,2,166
21,22,21:59:09,2,-1,-1,AA7149,0,2,70
0,1,22:14:09,2,-1,-1,AA7149,0,2,30
1,2,22:16:20,2,-1,1,AA7149,0,2,70
2,3,22:18:14,2,-1,1,AA7149,0,2,50
3,4,22:20:26,2,-1,-1,AA7149,0,2,60
4,5,22:23:27,2,-1,-1,AA7149,0,2,141
5,6,22:24:58,2,-1,-1,AA7149,0,2,20
6,7,22:33:53,2,-1,1,AA7149,0,2,525
7,8,22:35:44,2,-1,1,AA7149,0,2,100
8,9,22:37:05,2,-1,1,AA7149,0,2,50
9,10,22:37:56,2,-1,1,AA7149,0,2,20
10,11,22:40:37,2,-1,1,AA7149,0,2,141
11,12,22:42:08,2,-1,1,AA7149,0,2,20
12,13,22:43:49,2,-1,1,AA7149,0,2,60
13,14,22:45:00,2,-1,1,AA7149,0,2,30
14,15,22:46:44,2,-1,-1,AA7149,0,2,74
15,16,22:48:56,2,-1,1,AA7149,0,2,100
16,17,22:55:50,2,-1,1,AA7149,0,2,373
17,18,22:57:00,2,-1,1,AA7149,0,2,30
18,19,23:02:19,2,-1,-1,AA7149,0,2,307
19,20,23:04:10,2,-1,-1,AA7149,0,2,40
20,21,23:07:15,2,-1,1,AA7149,0,2,153
21,22,23:09:06,2,-1,-1,AA7149,0,2,90
0,1,23:28:22,2,-1,-1,AA7149,0,2,92
1,2,23:29:53,2,-1,3,AA7149,0,2,40
2,3,23:31:34,2,-1,2,AA7149,0,2,30
3,4,23:33:46,2,-1,1,AA7149,0,2,70
4,5,23:36:37,2,-1,1,AA7149,0,2,141
5,6,23:37:58,2,-1,1,AA7149,0,2,20
6,7,23:47:27,2,-1,1,AA7149,0,2,558
7,8,23:49:39,2,-1,1,AA7149,0,2,90
8,9,23:51:09,2,-1,1,AA7149,0,2,60
9,10,23:52:10,2,-1,1,AA7149,0,2,30
10,11,23:54:06,2,-1,1,AA7149,0,2,90
11,12,23:54:56,2,-1,1,AA7149,0,2,30
12,13,23:56:17,2,-1,1,AA7149,0,2,50
13,14,23:57:38,2,-1,1,AA7149,0,2,50
14,15,23:58:49,2,-1,-1,AA7149,0,2,30
0,1,7:43:49,2,-1,-1,AA7195,0,2,93
1,2,7:46:47,2,-1,3,AA7195,0,2,46
2,3,7:50:03,2,-1,2,AA7195,0,2,90
3,4,7:55:56,2,-1,1,AA7195,0,2,168
4,5,8:00:50,2,-1,-1,AA7195,0,2,175
5,6,8:03:10,2,-1,-1,AA7195,0,2,11
6,7,8:14:56,2,-1,1,AA7195,0,2,671
7,9,8:19:11,2,-1,1,AA7195,1,2,157
9,10,8:19:49,2,-1,1,AA7195,0,2,26
10,14,8:28:19,2,-1,1,AA7195,3,2,439
14,15,8:32:46,2,-1,-1,AA7195,0,2,143
15,16,8:35:53,2,-1,1,AA7195,0,2,164
16,17,8:42:49,2,-1,1,AA7195,0,2,356
17,18,8:44:35,2,-1,1,AA7195,0,2,58
18,19,8:50:47,2,-1,2,AA7195,0,1,360
19,21,9:00:46,2,-1,1,AA7195,1,1,477
21,22,9:03:24,2,-1,-1,AA7195,0,1,83
0,1,9:14:00,2,-1,-1,AA7195,0,1,47
1,2,9:16:37,2,-1,2,AA7195,0,1,95
2,3,9:19:36,2,-1,3,AA7195,0,1,81
3,5,9:25:23,2,-1,1,AA7195,1,1,276
5,6,9:28:34,2,-1,1,AA7195,0,1,119
6,7,9:40:45,2,-1,2,AA7195,0,1,707
7,8,9:42:50,2,-1,2,AA7195,0,1,101
8,9,9:45:13,2,-1,1,AA7195,0,1,108
9,10,9:46:11,2,-1,1,AA7195,0,1,34
10,11,9:48:47,2,-1,1,AA7195,0,1,132
11,12,9:49:34,2,-1,1,AA7195,0,1,35
12,13,9:51:09,2,-1,2,AA7195,0,1,84
13,14,9:51:59,2,-1,1,AA7195,0,1,37
14,15,9:53:10,2,-1,-1,AA7195,0,1,47
15,16,9:55:59,2,-1,1,AA7195,0,1,143
16,17,10:03:38,2,-1,1,AA7195,0,1,411
17,18,10:05:11,2,-1,1,AA7195,0,1,46
18,19,10:10:50,2,-1,3,AA7195,0,1,315
19,22,10:23:43,2,-1,-1,AA7195,2,1,679
0,1,10:33:21,2,-1,-1,AA7195,0,1,71
1,2,10:35:21,2,-1,2,AA7195,0,1,105
2,3,10:37:46,2,-1,3,AA7195,0,1,49
3,4,10:40:48,2,-1,-1,AA7195,0,1,97
4,5,10:47:46,2,-1,1,AA7195,0,1,345
5,6,10:49:08,2,-1,1,AA7195,0,1,34
6,7,10:59:00,2,-1,1,AA7195,0,1,579
7,8,11:01:08,2,-1,2,AA7195,0,1,104
8,9,11:02:44,2,-1,1,AA7195,0,1,46
9,10,11:03:56,2,-1,1,AA7195,0,1,37
10,11,11:05:43,2,-1,1,AA7195,0,1,71
11,12,11:06:41,2,-1,1,AA7195,0,1,23
12,13,11:08:14,2,-1,1,AA7195,0,1,71
13,14,11:09:25,2,-1,1,AA7195,0,1,46
14,16,11:13:36,2,-1,1,AA7195,1,1,179
16,17,11:21:46,2,-1,1,AA7195,0,1,396
17,18,11:23:00,2,-1,1,AA7195,0,1,23
18,19,11:29:01,2,-1,3,AA7195,0,1,337
19,20,11:31:35,2,-1,1,AA7195,0,1,50
20,22,11:36:28,2,-1,-1,AA7195,1,1,256
0,1,11:44:47,2,-1,-1,AA7195,0,1,35
1,2,11:46:36,2,-1,3,AA7195,0,1,37
2,3,11:49:34,2,-1,2,AA7195,0,1,105
3,4,11:50:46,2,-1,1,AA7195,0,1,26
4,5,11:55:56,2,-1,1,AA7195,0,1,250
5,6,11:58:47,2,-1,1,AA7195,0,1,23
6,8,12:12:11,2,-1,2,AA7195,1,1,792
8,9,12:13:35,2,-1,1,AA7195,0,1,49
9,10,12:14:34,2,-1,1,AA7195,0,1,36
10,11,12:16:21,2,-1,1,AA7195,0,1,59
11,12,12:17:10,2,-1,1,AA7195,0,1,23
12,13,12:19:35,2,-1,1,AA7195,0,1,109
13,14,12:20:23,2,-1,1,AA7195,0,1,36
14,15,12:22:57,2,-1,-1,AA7195,0,1,45
15,16,12:25:09,2,-1,1,AA7195,0,1,108
16,17,12:32:38,2,-1,1,AA7195,0,1,398
17,18,12:33:49,2,-1,1,AA7195,0,1,35
18,19,12:39:38,2,-1,3,AA7195,0,1,337
19,20,12:43:11,2,-1,2,AA7195,0,1,119
20,22,12:48:27,2,-1,-1,AA7195,1,1,292
0,1,15:42:27,2,-1,-1,AA7195,0,1,46
1,2,15:44:01,2,-1,-1,AA7195,0,1,24
2,3,15:45:48,2,-1,2,AA7195,0,1,35
3,4,15:47:57,2,-1,1,AA7195,0,1,93
4,5,15:53:44,2,-1,1,AA7195,0,2,287
5,6,15:54:44,2,-1,1,AA7195,0,2,35
6,9,16:08:21,2,-1,1,AA7195,2,2,804
9,10,16:09:37,2,-1,1,AA7195,0,2,63
10,13,16:13:24,2,-1,1,AA7195,2,2,215
13,14,16:16:46,2,-1,2,AA7195,0,2,165
14,16,16:20:58,2,-1,-1,AA7195,1,2,168
16,17,16:27:37,2,-1,1,AA7195,0,2,336
17,18,16:29:03,2,-1,1,AA7195,0,2,23
18,19,16:36:12,2,-1,3,AA7195,0,2,382
19,21,16:41:34,2,-1,1,AA7195,1,2,259
21,22,16:43:12,2,-1,-1,AA7195,0,2,86
1,2,17:00:47,2,-1,2,AA7195,0,2,12
2,4,17:04:35,2,-1,1,AA7195,1,2,156
4,5,17:07:45,2,-1,1,AA7195,0,2,154
5,7,17:19:58,2,-1,1,AA7195,1,2,658
7,8,17:21:48,2,-1,2,AA7195,0,2,98
8,9,17:23:00,2,-1,1,AA7195,0,2,36
9,10,17:23:47,2,-1,1,AA7195,0,2,35
10,14,17:28:50,2,-1,2,AA7195,3,2,241
14,15,17:31:43,2,-1,-1,AA7195,0,2,149
15,16,17:35:17,2,-1,1,AA7195,0,2,188
16,18,17:43:28,2,-1,1,AA7195,1,2,430
18,19,17:51:21,2,-1,3,AA7195,0,2,461
19,20,17:55:35,2,-1,1,AA7195,0,2,206
20,21,17:59:34,2,-1,1,AA7195,0,2,204
21,22,18:01:10,2,-1,-1,AA7195,0,2,48
0,1,18:15:50,2,-1,-1,AA7195,0,2,72
1,2,18:18:01,2,-1,2,AA7195,0,2,118
2,3,18:22:10,2,-1,2,AA7195,0,2,179
3,4,18:24:18,2,-1,1,AA7195,0,2,69
4,18,18:33:38,2,-1,1,AA7195,1,2,496
6,7,18:45:09,2,-1,1,AA7195,0,2,666
7,9,18:48:10,2,-1,1,AA7195,1,2,142
9,10,18:48:45,2,-1,1,AA7195,0,2,22
10,11,18:53:12,2,-1,1,AA7195,0,2,218
11,12,18:54:13,2,-1,1,AA7195,0,2,23
12,13,18:56:23,2,-1,1,AA7195,0,2,94
13,14,18:57:46,2,-1,2,AA7195,0,2,71
14,15,19:00:00,2,-1,-1,AA7195,0,2,110
15,16,19:01:47,2,-1,1,AA7195,0,2,95
16,17,19:10:44,2,-1,1,AA7195,0,2,524
17,18,19:12:05,2,-1,1,AA7195,0,2,36
18,19,19:22:51,2,-1,3,AA7195,0,2,634
19,20,19:25:49,2,-1,1,AA7195,0,2,106
20,21,19:28:22,2,-1,1,AA7195,0,2,140
21,22,19:29:25,2,-1,-1,AA7195,0,2,48
2,5,19:55:38,2,-1,1,AA7195,2,2,542
5,6,19:56:39,2,-1,1,AA7195,0,2,23
6,7,20:05:40,2,-1,1,AA7195,0,2,517
7,8,20:07:29,2,-1,2,AA7195,0,2,85
8,9,20:08:55,2,-1,1,AA7195,0,2,49
9,10,20:09:38,2,-1,1,AA7195,0,2,30
10,11,20:11:41,2,-1,1,AA7195,0,2,109
11,14,20:14:53,2,-1,1,AA7195,2,2,180
14,15,20:16:44,2,-1,-1,AA7195,0,2,98
15,16,20:18:20,2,-1,1,AA7195,0,2,84
16,17,20:26:02,2,-1,1,AA7195,0,2,447
18,19,20:31:48,2,-1,3,AA7195,0,2,287
19,20,20:35:36,2,-1,1,AA7195,0,2,121
20,21,20:39:10,2,-1,1,AA7195,0,2,168
21,22,20:41:00,2,-1,-1,AA7195,0,2,25
0,1,6:11:57,2,-1,-1,AA7242,0,1,70
1,2,6:13:10,2,-1,2,AA7242,0,1,34
2,3,6:15:10,2,-1,1,AA7242,0,1,48
3,4,6:17:08,2,-1,1,AA7242,0,1,69
4,5,6:19:44,2,-1,1,AA7242,0,2,144
5,6,6:21:17,2,-1,1,AA7242,0,2,23
6,7,6:30:36,2,-1,1,AA7242,0,2,547
7,8,6:32:44,2,-1,-1,AA7242,0,2,104
8,9,6:34:10,2,-1,1,AA7242,0,2,49
9,10,6:34:59,2,-1,1,AA7242,0,2,22
10,11,6:36:44,2,-1,1,AA7242,0,2,57
11,12,6:38:03,2,-1,1,AA7242,0,2,34
12,14,6:39:59,2,-1,1,AA7242,1,2,92
14,15,6:41:20,2,-1,-1,AA7242,0,2,35
15,16,6:43:08,2,-1,1,AA7242,0,2,71
16,17,6:50:20,2,-1,1,AA7242,0,2,373
17,18,6:51:21,2,-1,1,AA7242,0,2,23
18,19,6:55:59,2,-1,2,AA7242,0,2,266
19,20,6:57:45,2,-1,1,AA7242,0,2,57
20,21,6:59:42,2,-1,1,AA7242,0,2,94
21,22,7:01:27,2,-1,-1,AA7242,0,2,82
0,1,7:11:13,2,-1,-1,AA7242,0,2,58
1,2,7:12:34,2,-1,2,AA7242,0,2,45
2,3,7:14:57,2,-1,1,AA7242,0,2,49
3,4,7:17:07,2,-1,1,AA7242,0,2,48
4,5,7:20:48,2,-1,1,AA7242,0,2,134
5,6,7:23:21,2,-1,1,AA7242,0,2,22
6,7,7:32:52,2,-1,1,AA7242,0,2,558
7,8,7:35:24,2,-1,2,AA7242,0,2,140
8,9,7:36:47,2,-1,1,AA7242,0,2,59
9,10,7:37:58,2,-1,1,AA7242,0,2,23
10,11,7:39:32,2,-1,1,AA7242,0,2,58
11,12,7:40:31,2,-1,1,AA7242,0,2,23
12,13,7:42:03,2,-1,1,AA7242,0,2,57
13,14,7:43:13,2,-1,1,AA7242,0,2,22
14,15,7:44:49,2,-1,-1,AA7242,0,2,26
15,16,7:47:47,2,-1,1,AA7242,0,2,106
16,17,7:54:58,2,-1,1,AA7242,0,2,372
17,18,7:56:33,2,-1,1,AA7242,0,2,48
18,19,8:01:58,2,-1,-1,AA7242,0,2,312
19,20,8:07:48,2,-1,2,AA7242,0,2,254
20,21,8:10:23,2,-1,1,AA7242,0,2,120
21,22,8:13:01,2,-1,-1,AA7242,0,2,82
0,1,8:21:00,2,-1,-1,AA7242,0,2,119
1,2,8:22:36,2,-1,3,AA7242,0,2,11
2,3,8:26:09,2,-1,3,AA7242,0,2,152
3,4,8:30:49,2,-1,1,AA7242,0,2,161
4,5,8:36:53,2,-1,1,AA7242,0,2,212
5,6,8:38:50,2,-1,1,AA7242,0,2,46
6,7,8:50:01,2,-1,2,AA7242,0,1,659
7,8,8:53:47,2,-1,1,AA7242,0,1,167
8,9,8:55:36,2,-1,1,AA7242,0,1,85
9,10,8:56:22,2,-1,1,AA7242,0,1,22
10,11,9:01:37,2,-1,1,AA7242,0,1,269
11,12,9:03:00,2,-1,2,AA7242,0,1,58
12,13,9:05:36,2,-1,3,AA7242,0,1,96
13,14,9:06:46,2,-1,1,AA7242,0,1,34
14,15,9:08:11,2,-1,-1,AA7242,0,1,35
15,16,9:10:48,2,-1,1,AA7242,0,1,96
16,17,9:18:01,2,-1,1,AA7242,0,1,373
17,18,9:19:36,2,-1,1,AA7242,0,1,57
18,19,9:27:45,2,-1,2,AA7242,0,1,477
19,20,9:33:46,2,-1,-1,AA7242,0,1,251
20,21,9:36:46,2,-1,1,AA7242,0,1,156
21,22,9:38:44,2,-1,-1,AA7242,0,1,95
0,1,9:48:08,2,-1,-1,AA7242,0,1,93
1,2,9:51:09,2,-1,3,AA7242,0,1,71
2,3,9:53:49,2,-1,3,AA7242,0,1,98
3,4,9:57:56,2,-1,1,AA7242,0,1,177
4,5,10:03:14,2,-1,1,AA7242,0,1,279
5,6,10:04:37,2,-1,1,AA7242,0,1,23
6,7,10:14:44,2,-1,1,AA7242,0,1,596
7,8,10:17:40,2,-1,2,AA7242,0,1,140
8,9,10:20:15,2,-1,1,AA7242,0,1,108
9,10,10:20:51,2,-1,1,AA7242,0,1,23
10,12,10:23:32,2,-1,1,AA7242,1,1,114
12,13,10:25:42,2,-1,1,AA7242,0,1,118
13,14,10:26:34,2,-1,1,AA7242,0,1,39
14,15,10:27:59,2,-1,-1,AA7242,0,1,36
15,16,10:30:24,2,-1,1,AA7242,0,1,98
16,17,10:38:10,2,-1,1,AA7242,0,1,395
17,18,10:39:37,2,-1,1,AA7242,0,1,50
18,19,10:45:02,2,-1,-1,AA7242,0,1,312
19,21,10:51:16,2,-1,1,AA7242,1,1,303
21,22,10:53:51,2,-1,-1,AA7242,0,1,96
11,12,11:43:36,2,-1,1,AA7242,0,1,24
12,13,11:45:23,2,-1,1,AA7242,0,1,71
13,14,11:46:47,2,-1,1,AA7242,0,1,48
14,15,11:48:35,2,-1,-1,AA7242,0,1,47
15,16,11:50:58,2,-1,1,AA7242,0,1,107
16,17,11:58:23,2,-1,1,AA7242,0,1,397
17,18,12:00:22,2,-1,1,AA7242,0,1,34
18,19,12:07:48,2,-1,2,AA7242,0,1,412
19,20,12:10:59,2,-1,1,AA7242,0,1,130
20,21,12:13:08,2,-1,1,AA7242,0,1,105
21,22,12:16:08,2,-1,-1,AA7242,0,1,93
0,1,12:33:01,2,-1,-1,AA7242,0,1,76
1,3,12:39:38,2,-1,2,AA7242,1,1,276
3,4,12:42:24,2,-1,1,AA7242,0,1,48
4,5,12:46:24,2,-1,1,AA7242,0,1,144
5,6,12:48:15,2,-1,1,AA7242,0,1,24
6,7,13:00:37,2,-1,1,AA7242,0,1,729
7,8,13:02:39,2,-1,1,AA7242,0,1,110
8,9,13:04:50,2,-1,1,AA7242,0,1,47
9,10,13:05:50,2,-1,1,AA7242,0,1,35
10,11,13:08:27,2,-1,1,AA7242,0,1,73
11,12,13:09:25,2,-1,1,AA7242,0,1,24
12,13,13:10:49,2,-1,-1,AA7242,0,1,47
13,14,13:12:35,2,-1,-1,AA7242,0,1,35
14,15,13:14:46,2,-1,-1,AA7242,0,1,47
15,16,13:16:59,2,-1,1,AA7242,0,1,86
16,17,13:24:41,2,-1,1,AA7242,0,1,404
17,18,13:25:26,2,-1,1,AA7242,0,1,33
18,19,13:31:20,2,-1,2,AA7242,0,1,342
19,20,13:34:08,2,-1,1,AA7242,0,1,129
20,21,13:37:09,2,-1,1,AA7242,0,1,169
21,22,13:39:08,2,-1,-1,AA7242,0,1,84
0,1,13:48:50,2,-1,-1,AA7242,0,1,81
1,2,13:50:58,2,-1,3,AA7242,0,1,47
2,3,13:52:47,2,-1,2,AA7242,0,1,97
3,4,13:54:57,2,-1,1,AA7242,0,1,47
4,5,13:59:11,2,-1,1,AA7242,0,1,181
5,6,14:01:34,2,-1,1,AA7242,0,1,37
6,7,14:11:20,2,-1,2,AA7242,0,1,573
7,8,14:13:24,2,-1,2,AA7242,0,1,109
8,9,14:15:10,2,-1,1,AA7242,0,1,70
9,10,14:16:13,2,-1,1,AA7242,0,1,25
10,11,14:19:25,2,-1,1,AA7242,0,1,132
11,12,14:20:23,2,-1,1,AA7242,0,1,23
12,13,14:22:35,2,-1,1,AA7242,0,1,84
13,14,14:23:35,2,-1,1,AA7242,0,1,36
14,15,14:25:21,2,-1,-1,AA7242,0,1,46
15,16,14:27:49,2,-1,1,AA7242,0,1,99
16,17,14:35:01,2,-1,1,AA7242,0,1,384
17,18,14:36:47,2,-1,1,AA7242,0,1,34
18,19,14:44:20,2,-1,2,AA7242,0,1,441
19,20,14:46:45,2,-1,1,AA7242,0,1,49
20,21,14:51:04,2,-1,1,AA7242,0,1,201
21,22,14:53:24,2,-1,-1,AA7242,0,1,92
0,1,15:16:13,2,-1,-1,AA7242,0,1,97
1,2,15:18:02,2,-1,3,AA7242,0,1,72
2,3,15:20:36,2,-1,2,AA7242,0,1,82
3,4,15:22:48,2,-1,1,AA7242,0,1,73
4,5,15:27:00,2,-1,1,AA7242,0,1,165
5,6,15:28:59,2,-1,1,AA7242,0,1,12
6,7,15:40:51,2,-1,-1,AA7242,0,1,689
7,8,15:42:38,2,-1,-1,AA7242,0,1,93
8,9,15:44:13,2,-1,-1,AA7242,0,1,71
9,10,15:45:12,2,-1,1,AA7242,0,1,46
10,11,15:47:23,2,-1,1,AA7242,0,1,95
11,12,15:48:33,2,-1,1,AA7242,0,1,35
12,13,15:51:45,2,-1,1,AA7242,0,1,105
13,14,15:53:33,2,-1,2,AA7242,0,2,71
14,15,15:55:20,2,-1,-1,AA7242,0,2,36
15,16,15:58:09,2,-1,1,AA7242,0,2,142
16,17,16:04:45,2,-1,1,AA7242,0,2,371
17,18,16:06:11,2,-1,1,AA7242,0,2,35
18,19,16:15:46,2,-1,2,AA7242,0,2,562
19,20,16:17:23,2,-1,2,AA7242,0,2,74
20,21,16:20:22,2,-1,-1,AA7242,0,2,132
21,22,16:22:25,2,-1,-1,AA7242,0,2,98
0,1,16:35:13,2,-1,-1,AA7242,0,2,708
1,3,16:39:25,2,-1,2,AA7242,1,2,203
3,4,16:41:46,2,-1,1,AA7242,0,2,94
4,5,16:47:03,2,-1,1,AA7242,0,2,242
5,7,17:00:35,2,-1,1,AA7242,1,2,765
7,8,17:02:21,2,-1,2,AA7242,0,2,93
8,9,17:04:09,2,-1,1,AA7242,0,2,61
9,10,17:04:58,2,-1,1,AA7242,0,2,22
10,11,17:09:00,2,-1,1,AA7242,0,2,230
11,12,17:10:10,2,-1,1,AA7242,0,2,22
12,13,17:11:46,2,-1,1,AA7242,0,2,59
13,14,17:13:09,2,-1,2,AA7242,0,2,34
14,15,17:14:43,2,-1,-1,AA7242,0,2,35
15,16,17:17:00,2,-1,1,AA7242,0,2,91
16,17,17:23:47,2,-1,1,AA7242,0,2,371
17,18,17:25:13,2,-1,1,AA7242,0,2,37
18,19,17:32:35,2,-1,3,AA7242,0,2,428
19,20,17:37:17,2,-1,1,AA7242,0,2,189
20,21,17:41:21,2,-1,1,AA7242,0,2,232
21,22,17:43:51,2,-1,-1,AA7242,0,2,68
0,1,17:51:09,2,-1,-1,AA7242,0,2,391
1,2,17:53:08,2,-1,2,AA7242,0,2,60
2,3,17:56:58,2,-1,2,AA7242,0,2,108
3,4,18:00:58,2,-1,1,AA7242,0,2,120
4,5,18:08:15,2,-1,1,AA7242,0,2,402
5,6,18:09:36,2,-1,1,AA7242,0,2,23
6,7,18:22:33,2,-1,1,AA7242,0,2,754
7,8,18:24:58,2,-1,2,AA7242,0,2,109
8,9,18:26:24,2,-1,1,AA7242,0,2,62
9,10,18:26:58,2,-1,1,AA7242,0,2,22
10,11,18:30:48,2,-1,1,AA7242,0,2,181
11,12,18:31:46,2,-1,2,AA7242,0,2,23
12,13,18:36:35,2,-1,1,AA7242,0,2,117
13,14,18:39:35,2,-1,2,AA7242,0,2,131
14,15,18:42:23,2,-1,-1,AA7242,0,2,72
15,16,18:46:58,2,-1,1,AA7242,0,2,214
16,17,18:54:01,2,-1,2,AA7242,0,2,384
17,18,18:55:35,2,-1,1,AA7242,0,2,35
18,19,19:04:36,2,-1,3,AA7242,0,2,529
19,20,19:09:35,2,-1,1,AA7242,0,2,169
20,21,19:13:15,2,-1,1,AA7242,0,2,151
21,22,19:15:37,2,-1,-1,AA7242,0,2,107
0,1,19:23:28,2,-1,-1,AA7242,0,2,423
1,3,19:27:24,2,-1,3,AA7242,1,2,166
3,4,19:29:36,2,-1,1,AA7242,0,2,47
4,5,19:33:36,2,-1,1,AA7242,0,2,179
5,6,19:34:58,2,-1,1,AA7242,0,2,22
6,7,19:46:23,2,-1,1,AA7242,0,2,672
7,8,19:48:45,2,-1,2,AA7242,0,2,130
8,9,19:50:25,2,-1,1,AA7242,0,2,65
9,10,19:51:24,2,-1,1,AA7242,0,2,22
10,11,19:54:49,2,-1,1,AA7242,0,2,179
11,12,19:56:02,2,-1,2,AA7242,0,2,24
12,13,19:57:53,2,-1,2,AA7242,0,2,74
13,14,19:58:52,2,-1,1,AA7242,0,2,35
14,15,20:00:27,2,-1,-1,AA7242,0,2,34
15,16,20:03:04,2,-1,1,AA7242,0,2,108
16,17,20:10:41,2,-1,1,AA7242,0,2,420
17,18,20:12:16,2,-1,1,AA7242,0,2,35
18,19,20:17:33,2,-1,2,AA7242,0,2,303
19,20,20:20:36,2,-1,1,AA7242,0,2,135
20,21,20:23:15,2,-1,1,AA7242,0,2,147
21,22,20:26:37,2,-1,-1,AA7242,0,2,93
0,1,0:03:10,2,-1,-1,AA7341,0,2,69
1,2,0:04:42,2,-1,1,AA7341,0,2,46
2,3,0:06:39,2,-1,1,AA7341,0,2,47
3,4,0:08:38,2,-1,1,AA7341,0,2,84
4,5,0:11:38,2,-1,1,AA7341,0,2,156
5,6,0:12:40,2,-1,1,AA7341,0,2,23
6,7,0:22:12,2,-1,1,AA7341,0,2,560
7,8,0:24:14,2,-1,1,AA7341,0,2,110
8,9,0:25:14,2,-1,1,AA7341,0,2,48
9,10,0:26:13,2,-1,1,AA7341,0,2,22
10,11,0:28:01,2,-1,1,AA7341,0,2,62
11,12,0:28:38,2,-1,1,AA7341,0,2,24
12,13,0:29:39,2,-1,1,AA7341,0,2,47
13,14,0:30:48,2,-1,1,AA7341,0,2,35
14,15,0:31:59,2,-1,-1,AA7341,0,2,23
15,16,0:34:07,2,-1,1,AA7341,0,2,92
16,17,0:40:45,2,-1,1,AA7341,0,2,363
17,18,0:42:10,2,-1,1,AA7341,0,2,23
18,19,0:46:59,2,-1,2,AA7341,0,2,265
19,20,0:49:11,2,-1,1,AA7341,0,2,96
20,21,0:50:59,2,-1,1,AA7341,0,2,84
21,22,0:52:57,2,-1,-1,AA7341,0,2,82
0,1,1:09:31,2,-1,-1,AA7341,0,2,70
1,2,1:11:22,2,-1,2,AA7341,0,2,62
2,3,1:13:08,2,-1,2,AA7341,0,2,34
3,4,1:15:22,2,-1,1,AA7341,0,2,74
4,5,1:17:56,2,-1,1,AA7341,0,2,106
5,6,1:19:07,2,-1,1,AA7341,0,2,22
6,7,1:27:44,2,-1,1,AA7341,0,2,504
7,8,1:29:11,2,-1,1,AA7341,0,2,75
8,9,1:30:36,2,-1,1,AA7341,0,2,50
9,10,1:31:10,2,-1,1,AA7341,0,2,11
10,12,1:33:10,2,-1,1,AA7341,1,2,85
12,13,1:34:36,2,-1,1,AA7341,0,2,49
13,14,1:35:35,2,-1,1,AA7341,0,2,35
14,15,1:36:46,2,-1,-1,AA7341,0,2,35
15,16,1:38:56,2,-1,1,AA7341,0,2,95
16,17,1:45:32,2,-1,1,AA7341,0,2,357
17,18,1:46:32,2,-1,1,AA7341,0,2,24
18,19,1:51:39,2,-1,2,AA7341,0,2,294
19,22,1:56:44,2,-1,-1,AA7341,2,2,281
0,1,6:34:10,2,-1,-1,AA7341,0,2,85
1,2,6:36:32,2,-1,2,AA7341,0,2,45
2,3,6:38:15,2,-1,1,AA7341,0,2,35
3,4,6:40:22,2,-1,2,AA7341,0,2,46
4,5,6:43:19,2,-1,2,AA7341,0,2,142
5,7,6:54:09,2,-1,2,AA7341,1,2,591
7,8,6:55:59,2,-1,2,AA7341,0,2,97
8,9,6:57:22,2,-1,1,AA7341,0,2,45
9,10,6:58:19,2,-1,1,AA7341,0,2,33
10,11,6:59:42,2,-1,1,AA7341,0,2,59
11,12,7:00:16,2,-1,1,AA7341,0,2,22
12,13,7:01:40,2,-1,1,AA7341,0,2,60
13,14,7:02:49,2,-1,1,AA7341,0,2,34
14,15,7:04:00,2,-1,-1,AA7341,0,2,35
15,16,7:06:47,2,-1,1,AA7341,0,2,107
16,17,7:13:32,2,-1,1,AA7341,0,2,369
17,18,7:14:34,2,-1,1,AA7341,0,2,26
18,19,7:19:19,2,-1,2,AA7341,0,2,273
19,20,7:20:48,2,-1,1,AA7341,0,2,35
20,21,7:24:10,2,-1,1,AA7341,0,2,154
21,22,7:26:34,2,-1,-1,AA7341,0,2,96
0,1,7:35:36,2,-1,-1,AA7341,0,2,81
1,2,7:36:35,2,-1,3,AA7341,0,2,25
2,3,7:39:55,2,-1,2,AA7341,0,2,117
3,4,7:42:03,2,-1,1,AA7341,0,2,92
4,5,7:46:35,2,-1,1,AA7341,0,2,165
5,6,7:48:21,2,-1,1,AA7341,0,2,34
6,7,7:58:18,2,-1,1,AA7341,0,2,585
7,8,8:01:13,2,-1,-1,AA7341,0,2,163
8,9,8:03:33,2,-1,-1,AA7341,0,2,117
9,10,8:04:35,2,-1,-1,AA7341,0,2,26
10,11,8:07:10,2,-1,1,AA7341,0,2,108
11,12,8:08:35,2,-1,1,AA7341,0,2,11
12,13,8:10:35,2,-1,1,AA7341,0,2,85
13,14,8:12:14,2,-1,2,AA7341,0,2,50
14,15,8:14:45,2,-1,-1,AA7341,0,2,57
15,16,8:18:22,2,-1,1,AA7341,0,2,143
16,17,8:25:46,2,-1,1,AA7341,0,2,394
17,18,8:27:20,2,-1,1,AA7341,0,2,70
18,19,8:32:10,2,-1,3,AA7341,0,2,277
19,20,8:35:41,2,-1,2,AA7341,0,2,187
20,21,8:39:02,2,-1,1,AA7341,0,2,128
21,22,8:41:24,2,-1,-1,AA7341,0,2,82
0,1,8:51:24,2,-1,-1,AA7341,0,1,514
1,2,8:53:24,2,-1,3,AA7341,0,1,71
2,3,8:56:10,2,-1,3,AA7341,0,1,95
3,4,9:00:23,2,-1,2,AA7341,0,1,167
4,5,9:04:57,2,-1,1,AA7341,0,1,188
5,6,9:06:23,2,-1,1,AA7341,0,1,34
6,7,9:15:50,2,-1,2,AA7341,0,1,555
7,8,9:18:38,2,-1,2,AA7341,0,1,156
8,9,9:20:22,2,-1,1,AA7341,0,1,81
9,10,9:21:35,2,-1,2,AA7341,0,1,36
10,11,9:23:47,2,-1,1,AA7341,0,1,120
11,12,9:24:48,2,-1,1,AA7341,0,1,27
12,13,9:28:08,2,-1,1,AA7341,0,1,129
13,14,9:29:09,2,-1,1,AA7341,0,1,50
14,15,9:30:58,2,-1,-1,AA7341,0,1,82
15,16,9:32:49,2,-1,-1,AA7341,0,1,73
16,17,9:39:46,2,-1,2,AA7341,0,1,394
17,18,9:40:33,2,-1,1,AA7341,0,1,35
18,19,9:46:23,2,-1,3,AA7341,0,1,337
19,20,9:51:36,2,-1,1,AA7341,0,1,241
20,21,9:55:59,2,-1,1,AA7341,0,1,216
21,22,9:57:33,2,-1,-1,AA7341,0,1,47
0,1,10:07:48,2,-1,-1,AA7341,0,1,40
1,2,10:09:37,2,-1,3,AA7341,0,1,47
2,3,10:11:47,2,-1,3,AA7341,0,1,82
3,4,10:14:09,2,-1,2,AA7341,0,1,70
4,5,10:19:40,2,-1,1,AA7341,0,1,259
5,7,10:30:24,2,-1,1,AA7341,1,1,585
7,8,10:33:21,2,-1,2,AA7341,0,1,164
8,9,10:35:33,2,-1,1,AA7341,0,1,94
9,10,10:36:21,2,-1,1,AA7341,0,1,35
10,11,10:38:10,2,-1,1,AA7341,0,1,72
11,12,10:38:46,2,-1,1,AA7341,0,1,23
12,13,10:40:13,2,-1,-1,AA7341,0,1,62
13,14,10:41:24,2,-1,-1,AA7341,0,1,35
14,15,10:42:37,2,-1,-1,AA7341,0,1,36
15,16,10:44:38,2,-1,-1,AA7341,0,1,95
16,17,10:51:51,2,-1,1,AA7341,0,1,395
17,19,10:58:36,2,-1,2,AA7341,1,1,347
19,20,11:01:20,2,-1,1,AA7341,0,1,70
20,21,11:05:32,2,-1,1,AA7341,0,1,225
21,22,11:07:39,2,-1,-1,AA7341,0,1,82
0,1,11:51:45,2,-1,-1,AA7341,0,1,58
1,2,11:53:58,2,-1,3,AA7341,0,1,81
2,3,11:55:34,2,-1,2,AA7341,0,1,35
3,4,11:59:09,2,-1,1,AA7341,0,1,133
4,5,12:03:30,2,-1,1,AA7341,0,1,222
5,6,12:04:18,2,-1,1,AA7341,0,1,24
6,7,12:16:57,2,-1,1,AA7341,0,1,734
7,8,12:19:11,2,-1,2,AA7341,0,1,121
8,9,12:20:35,2,-1,1,AA7341,0,1,47
9,10,12:21:36,2,-1,1,AA7341,0,1,37
10,11,12:23:35,2,-1,1,AA7341,0,1,107
11,12,12:24:33,2,-1,1,AA7341,0,1,24
12,13,12:26:24,2,-1,1,AA7341,0,1,74
13,14,12:28:09,2,-1,1,AA7341,0,1,93
14,15,12:30:09,2,-1,-1,AA7341,0,1,50
15,16,12:33:01,2,-1,1,AA7341,0,1,88
16,17,12:40:14,2,-1,1,AA7341,0,1,396
17,18,12:41:36,2,-1,1,AA7341,0,1,34
18,19,12:48:27,2,-1,2,AA7341,0,1,387
19,20,12:51:11,2,-1,1,AA7341,0,1,140
20,21,12:53:56,2,-1,1,AA7341,0,1,141
21,22,12:55:59,2,-1,-1,AA7341,0,1,109
0,1,13:05:38,2,-1,-1,AA7341,0,1,491
1,2,13:07:25,2,-1,2,AA7341,0,1,48
2,3,13:09:25,2,-1,2,AA7341,0,1,109
3,4,13:11:24,2,-1,-1,AA7341,0,1,69
4,5,13:14:46,2,-1,-1,AA7341,0,1,154
5,6,13:16:20,2,-1,1,AA7341,0,1,35
6,8,13:29:45,2,-1,2,AA7341,1,1,790
8,9,13:32:10,2,-1,1,AA7341,0,1,109
9,10,13:33:08,2,-1,1,AA7341,0,1,22
10,11,13:34:59,2,-1,1,AA7341,0,1,62
11,12,13:35:47,2,-1,1,AA7341,0,1,11
12,13,13:37:55,2,-1,1,AA7341,0,1,93
13,14,13:39:20,2,-1,1,AA7341,0,1,35
14,15,13:41:12,2,-1,-1,AA7341,0,1,34
15,16,13:43:56,2,-1,1,AA7341,0,1,117
16,17,13:51:21,2,-1,1,AA7341,0,1,398
17,18,13:52:59,2,-1,1,AA7341,0,1,23
18,19,13:59:34,2,-1,2,AA7341,0,1,360
19,21,14:06:21,2,-1,1,AA7341,1,1,263
21,22,14:08:12,2,-1,-1,AA7341,0,1,87
0,1,14:19:37,2,-1,-1,AA7341,0,1,590
1,2,14:20:59,2,-1,3,AA7341,0,1,35
2,4,14:25:57,2,-1,1,AA7341,1,1,286
4,5,14:31:54,2,-1,1,AA7341,0,1,272
5,6,14:33:27,2,-1,1,AA7341,0,1,23
6,7,14:43:56,2,-1,1,AA7341,0,1,618
7,8,14:45:44,2,-1,1,AA7341,0,1,95
8,9,14:47:08,2,-1,1,AA7341,0,1,50
9,10,14:47:54,2,-1,1,AA7341,0,1,34
10,11,14:49:39,2,-1,1,AA7341,0,1,93
11,12,14:50:53,2,-1,1,AA7341,0,1,62
12,13,14:53:12,2,-1,1,AA7341,0,1,104
13,14,14:54:37,2,-1,1,AA7341,0,1,48
14,16,14:58:37,2,-1,1,AA7341,1,1,181
16,17,15:06:53,2,-1,1,AA7341,0,1,448
17,18,15:07:32,2,-1,1,AA7341,0,1,25
18,19,15:15:24,2,-1,3,AA7341,0,1,460
19,20,15:18:13,2,-1,2,AA7341,0,1,72
20,21,15:22:24,2,-1,1,AA7341,0,1,238
21,22,15:24:51,2,-1,-1,AA7341,0,1,98
0,1,15:37:24,2,-1,-1,AA7341,0,1,47
1,2,15:39:37,2,-1,3,AA7341,0,1,98
2,3,15:41:17,2,-1,-1,AA7341,0,1,85
3,4,15:43:25,2,-1,-1,AA7341,0,1,81
4,5,15:47:46,2,-1,1,AA7341,0,1,188
5,6,15:48:56,2,-1,1,AA7341,0,1,23
6,7,16:01:39,2,-1,2,AA7341,0,2,750
7,8,16:03:34,2,-1,2,AA7341,0,2,104
8,10,16:05:59,2,-1,1,AA7341,1,2,98
10,11,16:08:34,2,-1,1,AA7341,0,2,130
11,12,16:09:37,2,-1,1,AA7341,0,2,27
12,13,16:11:26,2,-1,1,AA7341,0,2,71
13,14,16:13:36,2,-1,1,AA7341,0,2,60
14,15,16:16:22,2,-1,-1,AA7341,0,2,70
15,16,16:18:45,2,-1,1,AA7341,0,2,106
16,17,16:25:51,2,-1,1,AA7341,0,2,377
17,18,16:27:03,2,-1,1,AA7341,0,2,35
18,19,16:33:38,2,-1,3,AA7341,0,2,382
19,20,16:36:12,2,-1,1,AA7341,0,2,96
20,21,16:39:25,2,-1,1,AA7341,0,2,155
21,22,16:42:47,2,-1,-1,AA7341,0,2,190
1,2,16:53:21,2,-1,2,AA7341,0,2,46
2,3,16:55:33,2,-1,2,AA7341,0,2,71
3,4,16:57:49,2,-1,1,AA7341,0,2,62
4,5,17:01:22,2,-1,1,AA7341,0,2,178
5,7,17:14:19,2,-1,2,AA7341,1,2,728
7,8,17:16:14,2,-1,2,AA7341,0,2,103
8,9,17:18:01,2,-1,1,AA7341,0,2,85
9,11,17:21:21,2,-1,1,AA7341,1,2,163
11,12,17:22:24,2,-1,1,AA7341,0,2,36
12,13,17:23:47,2,-1,1,AA7341,0,2,71
13,14,17:24:35,2,-1,2,AA7341,0,2,36
14,15,17:28:12,2,-1,-1,AA7341,0,2,203
15,16,17:31:43,2,-1,1,AA7341,0,2,161
16,17,17:39:36,2,-1,1,AA7341,0,2,409
17,18,17:41:10,2,-1,1,AA7341,0,2,35
18,19,17:47:58,2,-1,2,AA7341,0,2,397
19,20,17:52:56,2,-1,1,AA7341,0,2,261
20,21,17:56:35,2,-1,1,AA7341,0,2,193
21,22,17:59:22,2,-1,-1,AA7341,0,2,120
0,1,18:09:48,2,-1,-1,AA7341,0,2,92
1,2,18:12:47,2,-1,3,AA7341,0,2,167
2,3,18:15:50,2,-1,2,AA7341,0,2,148
3,4,18:19:23,2,-1,1,AA7341,0,2,129
4,5,18:28:22,2,-1,2,AA7341,0,2,512
5,6,18:30:00,2,-1,1,AA7341,0,2,24
6,7,18:42:35,2,-1,1,AA7341,0,2,731
7,8,18:44:35,2,-1,1,AA7341,0,2,107
8,9,18:45:59,2,-1,1,AA7341,0,2,60
9,10,18:46:58,2,-1,1,AA7341,0,2,11
10,11,18:53:24,2,-1,1,AA7341,0,2,348
11,12,18:54:24,2,-1,1,AA7341,0,2,23
12,13,18:56:46,2,-1,1,AA7341,0,2,94
13,14,18:58:33,2,-1,2,AA7341,0,2,82
14,15,19:00:35,2,-1,-1,AA7341,0,2,98
15,16,19:03:36,2,-1,1,AA7341,0,2,120
16,17,19:10:44,2,-1,1,AA7341,0,2,391
17,18,19:12:17,2,-1,1,AA7341,0,2,35
18,19,19:23:03,2,-1,3,AA7341,0,2,623
19,20,19:26:01,2,-1,1,AA7341,0,2,107
20,21,19:28:22,2,-1,1,AA7341,0,2,129
21,22,19:30:47,2,-1,-1,AA7341,0,2,82
0,1,19:36:21,2,-1,-1,AA7341,0,2,22
1,2,19:38:00,2,-1,1,AA7341,0,2,47
2,3,19:40:49,2,-1,1,AA7341,0,2,109
3,4,19:43:09,2,-1,1,AA7341,0,2,93
4,5,19:47:34,2,-1,1,AA7341,0,2,215
5,6,19:49:47,2,-1,1,AA7341,0,2,38
6,8,20:02:19,2,-1,1,AA7341,1,2,738
8,9,20:03:40,2,-1,1,AA7341,0,2,36
9,10,20:04:30,2,-1,1,AA7341,0,2,24
10,11,20:06:39,2,-1,1,AA7341,0,2,117
11,12,20:07:41,2,-1,1,AA7341,0,2,24
12,13,20:09:38,2,-1,1,AA7341,0,2,80
13,14,20:10:53,2,-1,1,AA7341,0,2,49
14,15,20:12:29,2,-1,-1,AA7341,0,2,36
15,16,20:15:39,2,-1,1,AA7341,0,2,141
16,17,20:23:15,2,-1,1,AA7341,0,2,426
17,18,20:24:14,2,-1,1,AA7341,0,2,24
18,19,20:28:57,2,-1,3,AA7341,0,2,270
19,20,20:31:35,2,-1,1,AA7341,0,2,71
20,21,20:34:47,2,-1,1,AA7341,0,2,178
21,22,20:36:36,2,-1,-1,AA7341,0,2,84
0,1,21:16:24,2,-1,-1,AA7341,0,2,70
1,2,21:18:23,2,-1,1,AA7341,0,2,71
2,3,21:19:46,2,-1,2,AA7341,0,2,36
3,4,21:21:58,2,-1,1,AA7341,0,2,84
4,5,21:25:26,2,-1,1,AA7341,0,2,158
5,6,21:26:59,2,-1,1,AA7341,0,2,46
6,7,21:36:34,2,-1,1,AA7341,0,2,563
7,8,21:38:57,2,-1,2,AA7341,0,2,129
8,9,21:40:35,2,-1,1,AA7341,0,2,74
9,10,21:41:34,2,-1,1,AA7341,0,2,33
10,11,21:44:05,2,-1,1,AA7341,0,2,127
11,12,21:45:07,2,-1,1,AA7341,0,2,24
12,14,21:48:12,2,-1,1,AA7341,1,2,132
14,15,21:49:36,2,-1,-1,AA7341,0,2,35
15,16,21:52:11,2,-1,1,AA7341,0,2,107
16,17,21:59:44,2,-1,1,AA7341,0,2,391
17,18,22:00:59,2,-1,1,AA7341,0,2,40
18,19,22:06:04,2,-1,1,AA7341,0,2,295
19,20,22:09:26,2,-1,1,AA7341,0,2,151
20,21,22:13:18,2,-1,1,AA7341,0,2,181
21,22,22:15:40,2,-1,-1,AA7341,0,2,90
0,1,22:30:11,2,-1,-1,AA7341,0,2,91
1,2,22:31:32,2,-1,1,AA7341,0,2,30
2,3,22:33:13,2,-1,1,AA7341,0,2,50
3,4,22:35:24,2,-1,1,AA7341,0,2,80
4,5,22:38:26,2,-1,1,AA7341,0,2,131
5,6,22:39:57,2,-1,1,AA7341,0,2,40
6,7,22:49:06,2,-1,1,AA7341,0,2,538
7,8,22:51:07,2,-1,2,AA7341,0,2,100
8,9,22:52:28,2,-1,1,AA7341,0,2,50
9,10,22:53:18,2,-1,1,AA7341,0,2,20
10,11,22:54:59,2,-1,1,AA7341,0,2,70
11,12,22:55:50,2,-1,1,AA7341,0,2,20
12,13,22:57:35,2,-1,1,AA7341,0,2,64
13,14,22:58:25,2,-1,1,AA7341,0,2,40
14,15,22:59:56,2,-1,-1,AA7341,0,2,40
15,16,23:02:39,2,-1,-1,AA7341,0,2,132
16,17,23:09:37,2,-1,1,AA7341,0,2,387
17,18,23:10:57,2,-1,1,AA7341,0,2,30
18,19,23:16:02,2,-1,2,AA7341,0,2,294
19,20,23:17:34,2,-1,1,AA7341,0,2,81
20,21,23:20:26,2,-1,1,AA7341,0,2,141
21,22,23:22:37,2,-1,-1,AA7341,0,2,90
0,1,23:44:56,2,-1,-1,AA7341,0,2,20
1,2,23:46:07,2,-1,2,AA7341,0,2,50
2,3,23:48:08,2,-1,1,AA7341,0,2,90
3,4,23:50:19,2,-1,1,AA7341,0,2,90
4,5,23:53:15,2,-1,1,AA7341,0,2,146
5,6,23:54:36,2,-1,1,AA7341,0,2,30
0,2,6:03:01,2,-1,2,AA7367,1,1,139
2,3,6:04:59,2,-1,1,AA7367,0,1,57
3,4,6:06:48,2,-1,1,AA7367,0,1,38
4,5,6:09:36,2,-1,1,AA7367,0,1,132
5,6,6:10:34,2,-1,1,AA7367,0,1,11
6,8,6:21:52,2,-1,3,AA7367,1,2,666
8,9,6:23:11,2,-1,1,AA7367,0,2,45
9,10,6:24:22,2,-1,1,AA7367,0,2,35
10,11,6:25:33,2,-1,1,AA7367,0,2,58
11,12,6:26:09,2,-1,1,AA7367,0,2,23
12,13,6:27:36,2,-1,1,AA7367,0,2,60
13,14,6:28:12,2,-1,1,AA7367,0,2,23
14,15,6:29:21,2,-1,-1,AA7367,0,2,23
15,16,6:31:24,2,-1,1,AA7367,0,2,75
16,17,6:37:51,2,-1,1,AA7367,0,2,363
17,18,6:38:38,2,-1,1,AA7367,0,2,22
18,19,6:43:08,2,-1,2,AA7367,0,2,247
19,21,6:48:21,2,-1,1,AA7367,1,2,254
21,22,6:49:57,2,-1,-1,AA7367,0,2,81
0,1,6:56:36,2,-1,-1,AA7367,0,2,72
1,2,6:58:08,2,-1,1,AA7367,0,2,33
2,3,6:59:54,2,-1,1,AA7367,0,2,47
3,4,7:01:51,2,-1,1,AA7367,0,2,35
4,5,7:04:35,2,-1,1,AA7367,0,2,105
5,6,7:06:23,2,-1,1,AA7367,0,2,24
6,7,7:15:33,2,-1,1,AA7367,0,2,537
7,8,7:17:34,2,-1,1,AA7367,0,2,110
8,10,7:19:35,2,-1,1,AA7367,1,2,97
10,11,7:21:58,2,-1,1,AA7367,0,2,117
11,12,7:22:47,2,-1,1,AA7367,0,2,25
12,13,7:24:10,2,-1,1,AA7367,0,2,59
13,14,7:25:10,2,-1,1,AA7367,0,2,34
14,15,7:26:11,2,-1,-1,AA7367,0,2,23
15,16,7:28:23,2,-1,1,AA7367,0,2,84
16,17,7:35:36,2,-1,1,AA7367,0,2,386
17,18,7:36:59,2,-1,1,AA7367,0,2,48
18,19,7:42:50,2,-1,3,AA7367,0,2,339
19,20,7:47:11,2,-1,2,AA7367,0,2,168
20,21,7:51:22,2,-1,1,AA7367,0,2,215
21,22,7:54:46,2,-1,-1,AA7367,0,2,98
0,1,8:04:09,2,-1,-1,AA7367,0,2,93
1,2,8:06:34,2,-1,3,AA7367,0,2,95
2,3,8:10:00,2,-1,3,AA7367,0,2,96
3,4,8:12:48,2,-1,1,AA7367,0,2,58
4,5,8:18:10,2,-1,1,AA7367,0,2,143
5,6,8:20:24,2,-1,1,AA7367,0,2,23
6,7,8:29:58,2,-1,1,AA7367,0,2,562
7,8,8:33:21,2,-1,2,AA7367,0,2,178
8,9,8:35:53,2,-1,1,AA7367,0,2,106
9,10,8:36:53,2,-1,1,AA7367,0,2,23
10,11,8:41:00,2,-1,1,AA7367,0,2,211
11,12,8:42:14,2,-1,2,AA7367,0,2,23
12,13,8:47:22,2,-1,2,AA7367,0,2,213
13,14,8:48:22,2,-1,2,AA7367,0,1,36
14,15,8:50:12,2,-1,-1,AA7367,0,1,34
15,16,8:53:12,2,-1,1,AA7367,0,1,144
16,17,8:59:36,2,-1,1,AA7367,0,1,359
17,18,9:00:58,2,-1,1,AA7367,0,1,35
18,19,9:06:11,2,-1,3,AA7367,0,1,301
19,20,9:11:24,2,-1,2,AA7367,0,1,205
20,21,9:15:13,2,-1,1,AA7367,0,1,181
21,22,9:17:37,2,-1,-1,AA7367,0,1,94
0,1,9:27:45,2,-1,-1,AA7367,0,1,118
1,2,9:30:34,2,-1,-1,AA7367,0,1,73
2,3,9:33:46,2,-1,-1,AA7367,0,1,168
3,4,9:36:46,2,-1,1,AA7367,0,1,107
4,5,9:41:08,2,-1,1,AA7367,0,1,179
5,7,9:53:10,2,-1,1,AA7367,1,1,656
7,8,9:54:59,2,-1,2,AA7367,0,1,97
8,9,9:57:45,2,-1,1,AA7367,0,1,142
9,10,9:58:35,2,-1,1,AA7367,0,1,26
10,11,10:00:44,2,-1,1,AA7367,0,1,117
11,12,10:01:18,2,-1,1,AA7367,0,1,22
12,13,10:02:38,2,-1,1,AA7367,0,1,57
13,14,10:03:49,2,-1,1,AA7367,0,1,34
14,15,10:04:48,2,-1,-1,AA7367,0,1,23
15,16,10:07:35,2,-1,1,AA7367,0,1,120
16,17,10:14:21,2,-1,1,AA7367,0,1,369
17,18,10:15:55,2,-1,1,AA7367,0,1,35
18,19,10:21:14,2,-1,2,AA7367,0,1,295
19,21,10:27:11,2,-1,1,AA7367,1,1,321
21,22,10:29:22,2,-1,-1,AA7367,0,1,95
0,1,11:06:17,2,-1,-1,AA7367,0,1,45
1,2,11:08:14,2,-1,2,AA7367,0,1,93
2,3,11:10:01,2,-1,2,AA7367,0,1,46
3,4,11:12:34,2,-1,2,AA7367,0,1,93
4,5,11:17:34,2,-1,1,AA7367,0,1,238
5,6,11:19:26,2,-1,1,AA7367,0,1,22
6,7,11:29:37,2,-1,2,AA7367,0,1,599
7,8,11:31:35,2,-1,2,AA7367,0,1,106
8,9,11:33:35,2,-1,1,AA7367,0,1,107
9,11,11:37:03,2,-1,1,AA7367,1,1,196
11,12,11:38:02,2,-1,1,AA7367,0,1,24
12,13,11:39:50,2,-1,1,AA7367,0,1,71
13,14,11:41:13,2,-1,1,AA7367,0,1,59
14,15,11:42:48,2,-1,-1,AA7367,0,1,23
15,16,11:45:23,2,-1,1,AA7367,0,1,107
16,17,11:52:48,2,-1,1,AA7367,0,1,409
17,18,11:54:10,2,-1,1,AA7367,0,1,35
18,19,12:01:07,2,-1,2,AA7367,0,1,405
19,20,12:04:42,2,-1,1,AA7367,0,1,157
20,21,12:08:00,2,-1,1,AA7367,0,1,185
21,22,12:10:12,2,-1,-1,AA7367,0,1,119
0,1,12:23:35,2,-1,-1,AA7367,0,1,96
1,2,12:25:09,2,-1,2,AA7367,0,1,47
2,3,12:27:33,2,-1,2,AA7367,0,1,93
3,4,12:29:07,2,-1,1,AA7367,0,1,33
4,5,12:32:38,2,-1,1,AA7367,0,1,160
5,7,12:44:26,2,-1,1,AA7367,1,1,660
7,8,12:46:24,2,-1,1,AA7367,0,1,107
8,9,12:47:50,2,-1,1,AA7367,0,1,62
9,10,12:48:39,2,-1,1,AA7367,0,1,35
10,11,12:50:12,2,-1,1,AA7367,0,1,70
11,12,12:51:11,2,-1,1,AA7367,0,1,24
12,14,12:54:09,2,-1,1,AA7367,1,1,154
14,15,12:55:47,2,-1,-1,AA7367,0,1,24
15,16,12:58:01,2,-1,1,AA7367,0,1,109
16,17,13:04:50,2,-1,1,AA7367,0,1,385
17,18,13:06:13,2,-1,1,AA7367,0,1,35
18,19,13:13:36,2,-1,-1,AA7367,0,1,430
19,21,13:20:22,2,-1,1,AA7367,1,1,372
21,22,13:22:32,2,-1,-1,AA7367,0,1,82
0,1,13:37:32,2,-1,-1,AA7367,0,1,82
1,2,13:38:56,2,-1,3,AA7367,0,1,23
2,3,13:41:35,2,-1,2,AA7367,0,1,88
3,4,13:43:56,2,-1,1,AA7367,0,1,82
4,5,13:47:51,2,-1,1,AA7367,0,1,153
5,8,14:01:58,2,-1,1,AA7367,2,1,777
8,9,14:03:50,2,-1,1,AA7367,0,1,76
9,10,14:05:00,2,-1,1,AA7367,0,1,34
10,11,14:06:33,2,-1,1,AA7367,0,1,69
11,12,14:07:36,2,-1,1,AA7367,0,1,27
12,13,14:10:21,2,-1,1,AA7367,0,1,93
13,14,14:11:34,2,-1,1,AA7367,0,1,37
14,15,14:13:35,2,-1,-1,AA7367,0,1,34
15,16,14:16:13,2,-1,1,AA7367,0,1,133
16,17,14:23:23,2,-1,1,AA7367,0,1,394
17,18,14:24:34,2,-1,1,AA7367,0,1,24
18,19,14:30:44,2,-1,2,AA7367,0,1,346
19,20,14:34:01,2,-1,1,AA7367,0,1,139
20,21,14:36:59,2,-1,1,AA7367,0,1,129
21,22,14:39:45,2,-1,-1,AA7367,0,1,105
0,1,14:47:08,2,-1,-1,AA7367,0,1,61
1,2,14:49:39,2,-1,3,AA7367,0,1,68
2,3,14:51:15,2,-1,2,AA7367,0,1,22
3,4,14:53:24,2,-1,1,AA7367,0,1,81
4,5,14:57:26,2,-1,1,AA7367,0,1,158
5,6,14:59:01,2,-1,1,AA7367,0,1,12
6,7,15:11:47,2,-1,1,AA7367,0,1,753
7,8,15:14:12,2,-1,2,AA7367,0,1,132
8,9,15:16:24,2,-1,1,AA7367,0,1,120
9,10,15:17:01,2,-1,1,AA7367,0,1,24
10,11,15:20:48,2,-1,1,AA7367,0,1,178
11,12,15:21:59,2,-1,1,AA7367,0,1,35
12,13,15:24:26,2,-1,1,AA7367,0,1,97
13,14,15:25:37,2,-1,1,AA7367,0,1,46
14,15,15:27:45,2,-1,-1,AA7367,0,1,22
15,16,15:30:09,2,-1,1,AA7367,0,1,106
16,17,15:36:37,2,-1,1,AA7367,0,1,375
17,18,15:37:36,2,-1,1,AA7367,0,1,11
18,19,15:44:37,2,-1,-1,AA7367,0,1,399
19,21,15:51:09,2,-1,1,AA7367,1,1,333
21,22,15:53:33,2,-1,-1,AA7367,0,2,107
0,1,17:07:45,2,-1,-1,AA7367,0,2,45
1,2,17:09:58,2,-1,2,AA7367,0,2,57
2,4,17:14:43,2,-1,1,AA7367,1,2,224
4,5,17:19:23,2,-1,1,AA7367,0,2,257
5,6,17:20:45,2,-1,1,AA7367,0,2,22
6,7,17:32:09,2,-1,1,AA7367,0,2,672
7,8,17:33:56,2,-1,1,AA7367,0,2,80
8,9,17:35:41,2,-1,1,AA7367,0,2,82
9,10,17:36:40,2,-1,1,AA7367,0,2,35
10,11,17:40:45,2,-1,1,AA7367,0,2,173
11,12,17:41:57,2,-1,1,AA7367,0,2,35
12,13,17:43:39,2,-1,1,AA7367,0,2,56
13,14,17:44:38,2,-1,1,AA7367,0,2,34
14,15,17:47:11,2,-1,-1,AA7367,0,2,47
15,16,17:54:22,2,-1,1,AA7367,0,2,395
16,17,18:01:33,2,-1,1,AA7367,0,2,396
17,18,18:03:39,2,-1,1,AA7367,0,2,54
18,19,18:12:35,2,-1,2,AA7367,0,2,523
19,20,18:17:13,2,-1,1,AA7367,0,2,179
20,21,18:23:09,2,-1,1,AA7367,0,2,331
21,22,18:26:36,2,-1,-1,AA7367,0,2,109
0,1,18:34:14,2,-1,-1,AA7367,0,2,73
1,2,18:36:35,2,-1,3,AA7367,0,2,56
2,3,18:38:44,2,-1,2,AA7367,0,2,104
3,4,18:41:10,2,-1,1,AA7367,0,2,60
4,5,18:49:09,2,-1,2,AA7367,0,2,442
5,6,18:50:35,2,-1,1,AA7367,0,2,11
6,7,19:04:12,2,-1,1,AA7367,0,2,792
7,8,19:06:22,2,-1,2,AA7367,0,2,105
8,9,19:07:57,2,-1,1,AA7367,0,2,48
9,10,19:09:00,2,-1,1,AA7367,0,2,22
10,11,19:12:40,2,-1,1,AA7367,0,2,162
11,12,19:13:38,2,-1,1,AA7367,0,2,23
12,13,19:16:24,2,-1,1,AA7367,0,2,118
13,14,19:18:14,2,-1,2,AA7367,0,2,49
14,15,19:20:06,2,-1,-1,AA7367,0,2,24
15,16,19:22:27,2,-1,1,AA7367,0,2,107
16,17,19:30:13,2,-1,1,AA7367,0,2,404
17,19,19:38:59,2,-1,3,AA7367,1,2,477
19,20,19:43:58,2,-1,1,AA7367,0,2,226
20,21,19:47:10,2,-1,1,AA7367,0,2,155
21,22,19:49:35,2,-1,-1,AA7367,0,2,98
0,1,20:21:35,2,-1,-1,AA7367,0,2,84
1,2,20:23:38,2,-1,2,AA7367,0,2,111
2,3,20:25:16,2,-1,2,AA7367,0,2,48
3,4,20:27:13,2,-1,1,AA7367,0,2,70
4,5,20:30:12,2,-1,1,AA7367,0,2,143
5,6,20:31:35,2,-1,1,AA7367,0,2,35
6,7,20:40:34,2,-1,1,AA7367,0,2,526
7,8,20:42:45,2,-1,1,AA7367,0,2,118
8,10,20:44:47,2,-1,1,AA7367,1,2,87
10,11,20:48:07,2,-1,1,AA7367,0,2,188
11,12,20:49:11,2,-1,1,AA7367,0,2,23
12,13,20:51:08,2,-1,1,AA7367,0,2,81
13,14,20:52:18,2,-1,1,AA7367,0,2,35
14,15,20:53:57,2,-1,-1,AA7367,0,2,48
15,16,20:56:00,2,-1,1,AA7367,0,2,99
16,17,21:02:36,2,-1,1,AA7367,0,2,371
17,18,21:03:50,2,-1,1,AA7367,0,2,27
18,19,21:08:51,2,-1,2,AA7367,0,2,289
19,20,21:11:50,2,-1,1,AA7367,0,2,104
20,21,21:14:49,2,-1,1,AA7367,0,2,155
21,22,21:16:24,2,-1,-1,AA7367,0,2,82
1,2,21:32:51,2,-1,2,AA7367,0,2,86
2,3,21:34:15,2,-1,1,AA7367,0,2,48
3,4,21:35:12,2,-1,1,AA7367,0,2,11
4,5,21:39:21,2,-1,1,AA7367,0,2,153
5,6,21:40:35,2,-1,1,AA7367,0,2,26
6,8,21:50:36,2,-1,2,AA7367,1,2,588
8,9,21:51:35,2,-1,1,AA7367,0,2,47
9,10,21:52:23,2,-1,1,AA7367,0,2,23
10,11,21:54:11,2,-1,1,AA7367,0,2,58
11,12,21:55:00,2,-1,1,AA7367,0,2,24
12,13,21:57:11,2,-1,1,AA7367,0,2,69
13,14,21:58:22,2,-1,1,AA7367,0,2,47
14,15,22:00:18,2,-1,-1,AA7367,0,2,20
15,16,22:02:20,2,-1,1,AA7367,0,2,80
16,17,22:09:26,2,-1,1,AA7367,0,2,373
17,18,22:10:27,2,-1,1,AA7367,0,2,30
18,19,22:15:40,2,-1,2,AA7367,0,2,302
19,20,22:17:44,2,-1,1,AA7367,0,2,60
20,21,22:20:46,2,-1,-1,AA7367,0,2,151
21,22,22:22:37,2,-1,-1,AA7367,0,2,80
0,1,22:41:18,2,-1,-1,AA7367,0,2,70
1,2,22:42:38,2,-1,2,AA7367,0,2,60
2,3,22:45:00,2,-1,2,AA7367,0,2,50
3,4,22:46:54,2,-1,1,AA7367,0,2,84
4,5,22:49:46,2,-1,1,AA7367,0,2,131
5,6,22:50:57,2,-1,1,AA7367,0,2,20
6,7,23:00:26,2,-1,-1,AA7367,0,2,549
7,8,23:02:29,2,-1,-1,AA7367,0,2,112
8,9,23:03:29,2,-1,-1,AA7367,0,2,40
9,10,23:04:10,2,-1,-1,AA7367,0,2,30
10,11,23:05:32,2,-1,1,AA7367,0,2,50
11,12,23:06:23,2,-1,1,AA7367,0,2,30
12,13,23:08:06,2,-1,1,AA7367,0,2,60
13,14,23:08:56,2,-1,1,AA7367,0,2,30
14,15,23:10:07,2,-1,-1,AA7367,0,2,30
15,16,23:11:58,2,-1,1,AA7367,0,2,80
16,17,23:18:45,2,-1,1,AA7367,0,2,376
17,18,23:19:46,2,-1,1,AA7367,0,2,30
18,19,23:24:28,2,-1,2,AA7367,0,2,262
19,20,23:27:52,2,-1,2,AA7367,0,2,133
20,21,23:31:04,2,-1,1,AA7367,0,2,151
21,22,23:32:55,2,-1,-1,AA7367,0,2,81
6,7,0:03:10,2,-1,1,AA7392,0,2,528
7,8,0:04:42,2,-1,1,AA7392,0,2,80
8,9,0:06:04,2,-1,1,AA7392,0,2,47
9,10,0:07:13,2,-1,1,AA7392,0,2,34
10,11,0:10:25,2,-1,1,AA7392,0,2,131
11,13,0:12:02,2,-1,1,AA7392,1,2,84
13,14,0:12:40,2,-1,1,AA7392,0,2,23
14,15,0:14:40,2,-1,-1,AA7392,0,2,49
15,16,0:16:50,2,-1,1,AA7392,0,2,117
16,17,0:23:39,2,-1,1,AA7392,0,2,386
17,18,0:25:03,2,-1,1,AA7392,0,2,24
18,19,0:29:50,2,-1,2,AA7392,0,2,263
19,20,0:32:35,2,-1,1,AA7392,0,2,117
20,21,0:34:53,2,-1,1,AA7392,0,2,127
21,22,0:37:12,2,-1,-1,AA7392,0,2,92
0,1,0:53:21,2,-1,-1,AA7392,0,2,34
1,2,0:53:58,2,-1,2,AA7392,0,2,11
2,3,0:56:35,2,-1,1,AA7392,0,2,49
3,4,0:58:35,2,-1,1,AA7392,0,2,96
4,5,1:01:05,2,-1,1,AA7392,0,2,127
5,6,1:02:03,2,-1,1,AA7392,0,2,23
6,7,1:10:35,2,-1,1,AA7392,0,2,500
7,8,1:11:58,2,-1,-1,AA7392,0,2,71
8,9,1:12:46,2,-1,1,AA7392,0,2,35
9,10,1:13:20,2,-1,1,AA7392,0,2,23
10,11,1:14:33,2,-1,1,AA7392,0,2,49
11,12,1:15:10,2,-1,1,AA7392,0,2,24
12,14,1:17:18,2,-1,1,AA7392,1,2,91
14,15,1:18:32,2,-1,-1,AA7392,0,2,24
15,16,1:20:08,2,-1,1,AA7392,0,2,71
16,17,1:26:21,2,-1,1,AA7392,0,2,350
17,18,1:27:10,2,-1,1,AA7392,0,2,11
18,19,1:31:56,2,-1,2,AA7392,0,2,263
19,20,1:34:09,2,-1,1,AA7392,0,2,108
20,22,1:38:09,2,-1,-1,AA7392,1,2,201
0,1,10:20:27,2,-1,-1,AA7480,0,1,47
1,2,10:22:24,2,-1,3,AA7480,0,1,57
2,3,10:24:18,2,-1,2,AA7480,0,1,68
3,4,10:26:19,2,-1,1,AA7480,0,1,108
4,18,10:33:21,2,-1,1,AA7480,1,1,406
6,8,10:45:26,2,-1,2,AA7480,1,1,710
8,9,10:46:59,2,-1,1,AA7480,0,1,47
9,10,10:47:57,2,-1,1,AA7480,0,1,46
10,12,10:50:41,2,-1,1,AA7480,1,1,152
12,14,10:52:49,2,-1,1,AA7480,1,1,93
14,15,10:54:02,2,-1,-1,AA7480,0,1,22
15,16,10:56:23,2,-1,1,AA7480,0,1,81
16,19,11:11:12,2,-1,2,AA7480,2,1,852
19,20,11:13:09,2,-1,1,AA7480,0,1,82
20,21,11:15:22,2,-1,1,AA7480,0,1,94
21,22,11:16:57,2,-1,-1,AA7480,0,1,59
0,1,12:14:58,2,-1,-1,AA7480,0,1,132
1,2,12:17:57,2,-1,3,AA7480,0,1,47
2,3,12:20:00,2,-1,2,AA7480,0,1,37
3,4,12:22:23,2,-1,1,AA7480,0,1,61
4,5,12:26:36,2,-1,1,AA7480,0,1,133
5,6,12:28:21,2,-1,1,AA7480,0,1,11
6,7,12:39:50,2,-1,1,AA7480,0,1,642
7,8,12:41:36,2,-1,1,AA7480,0,1,47
8,9,12:42:48,2,-1,1,AA7480,0,1,48
9,10,12:43:34,2,-1,1,AA7480,0,1,35
10,11,12:46:01,2,-1,1,AA7480,0,1,133
11,12,12:47:00,2,-1,1,AA7480,0,1,23
12,14,12:49:48,2,-1,1,AA7480,1,1,143
14,19,13:08:27,2,-1,2,AA7480,4,1,1107
19,20,13:10:02,2,-1,1,AA7480,0,1,36
20,21,13:12:58,2,-1,-1,AA7480,0,1,164
21,22,13:13:58,2,-1,-1,AA7480,0,1,22
0,1,13:27:47,2,-1,-1,AA7480,0,1,106
1,2,13:29:09,2,-1,3,AA7480,0,1,57
2,3,13:32:34,2,-1,2,AA7480,0,1,157
3,4,13:34:35,2,-1,1,AA7480,0,1,86
4,5,13:38:44,2,-1,1,AA7480,0,1,142
6,7,13:51:21,2,-1,2,AA7480,0,1,643
7,14,14:02:45,2,-1,1,AA7480,6,1,655
14,15,14:03:50,2,-1,-1,AA7480,0,1,41
15,16,14:06:21,2,-1,1,AA7480,0,1,81
16,17,14:13:24,2,-1,1,AA7480,0,1,362
17,18,14:14:46,2,-1,1,AA7480,0,1,47
18,19,14:22:20,2,-1,3,AA7480,0,1,442
0,1,0:19:13,2,-1,-1,AA7489,0,2,62
1,2,0:20:38,2,-1,1,AA7489,0,2,37
2,3,0:22:59,2,-1,1,AA7489,0,2,128
3,4,0:25:14,2,-1,1,AA7489,0,2,84
4,5,0:27:49,2,-1,1,AA7489,0,2,118
5,6,0:28:51,2,-1,1,AA7489,0,2,12
6,7,0:37:24,2,-1,1,AA7489,0,2,489
7,8,0:38:46,2,-1,2,AA7489,0,2,70
8,9,0:39:48,2,-1,1,AA7489,0,2,39
9,10,0:40:34,2,-1,1,AA7489,0,2,34
10,11,0:41:35,2,-1,1,AA7489,0,2,50
11,12,0:42:22,2,-1,1,AA7489,0,2,23
12,13,0:43:19,2,-1,1,AA7489,0,2,45
13,14,0:44:06,2,-1,1,AA7489,0,2,35
14,15,0:45:16,2,-1,-1,AA7489,0,2,22
15,16,0:47:23,2,-1,1,AA7489,0,2,104
16,17,0:53:58,2,-1,1,AA7489,0,2,345
17,18,0:54:48,2,-1,1,AA7489,0,2,27
18,19,0:58:58,2,-1,2,AA7489,0,2,238
19,20,1:00:54,2,-1,1,AA7489,0,2,59
20,21,1:03:03,2,-1,1,AA7489,0,2,94
21,22,1:04:47,2,-1,-1,AA7489,0,2,81
0,1,1:21:27,2,-1,-1,AA7489,0,2,57
1,2,1:23:02,2,-1,1,AA7489,0,2,59
2,3,1:24:46,2,-1,2,AA7489,0,2,69
4,5,1:27:33,2,-1,1,AA7489,0,2,108
5,6,1:28:19,2,-1,1,AA7489,0,2,12
6,7,1:36:58,2,-1,1,AA7489,0,2,502
7,8,1:38:09,2,-1,-1,AA7489,0,2,59
8,9,1:41:00,2,-1,1,AA7489,0,2,39
9,10,1:41:35,2,-1,1,AA7489,0,2,23
10,11,1:43:12,2,-1,1,AA7489,0,2,85
11,13,1:44:56,2,-1,1,AA7489,1,2,80
13,14,1:45:32,2,-1,1,AA7489,0,2,24
14,15,1:46:32,2,-1,-1,AA7489,0,2,12
15,16,1:48:09,2,-1,1,AA7489,0,2,85
16,17,1:54:10,2,-1,1,AA7489,0,2,337
17,18,1:55:09,2,-1,1,AA7489,0,2,34
18,19,1:59:10,2,-1,2,AA7489,0,2,228
19,20,2:00:47,2,-1,1,AA7489,0,2,49
20,21,2:02:59,2,-1,1,AA7489,0,2,85
21,22,2:04:38,2,-1,-1,AA7489,0,2,86
0,1,8:12:02,2,-1,-1,AA7489,0,2,74
1,2,8:14:45,2,-1,3,AA7489,0,2,139
2,3,8:17:59,2,-1,3,AA7489,0,2,108
3,4,8:23:22,2,-1,2,AA7489,0,2,224
4,5,8:28:48,2,-1,2,AA7489,0,2,204
5,6,8:31:12,2,-1,1,AA7489,0,2,49
6,7,8:42:03,2,-1,1,AA7489,0,2,626
7,8,8:45:02,2,-1,1,AA7489,0,2,167
8,9,8:46:46,2,-1,1,AA7489,0,2,81
9,10,8:48:10,2,-1,1,AA7489,0,1,36
10,11,8:53:12,2,-1,1,AA7489,0,1,289
11,12,8:54:22,2,-1,1,AA7489,0,1,46
12,13,8:58:21,2,-1,2,AA7489,0,1,130
13,14,8:59:36,2,-1,2,AA7489,0,1,37
14,15,9:01:37,2,-1,-1,AA7489,0,1,50
15,16,9:04:33,2,-1,1,AA7489,0,1,116
16,17,9:11:36,2,-1,1,AA7489,0,1,387
17,18,9:13:13,2,-1,1,AA7489,0,1,60
18,19,9:19:47,2,-1,2,AA7489,0,1,382
19,20,9:28:46,2,-1,1,AA7489,0,1,478
20,21,9:31:58,2,-1,-1,AA7489,0,1,169
21,22,9:33:58,2,-1,-1,AA7489,0,1,107
0,1,9:40:21,2,-1,-1,AA7489,0,1,61
1,2,9:42:01,2,-1,3,AA7489,0,1,53
2,3,9:44:00,2,-1,2,AA7489,0,1,70
3,4,9:48:21,2,-1,1,AA7489,0,1,199
4,5,9:54:00,2,-1,1,AA7489,0,1,255
5,6,9:55:35,2,-1,1,AA7489,0,1,23
6,8,10:09:37,2,-1,2,AA7489,1,1,817
8,9,10:11:24,2,-1,1,AA7489,0,1,59
9,10,10:12:24,2,-1,1,AA7489,0,1,24
10,11,10:14:56,2,-1,1,AA7489,0,1,117
11,12,10:15:55,2,-1,1,AA7489,0,1,23
12,13,10:17:40,2,-1,1,AA7489,0,1,69
13,14,10:18:27,2,-1,1,AA7489,0,1,34
14,15,10:20:03,2,-1,-1,AA7489,0,1,23
15,16,10:23:09,2,-1,1,AA7489,0,1,138
16,17,10:30:24,2,-1,1,AA7489,0,1,412
17,18,10:31:35,2,-1,1,AA7489,0,1,34
18,19,10:37:33,2,-1,3,AA7489,0,1,334
19,20,10:41:48,2,-1,-1,AA7489,0,1,145
20,21,10:46:24,2,-1,1,AA7489,0,1,213
21,22,10:48:33,2,-1,-1,AA7489,0,1,94
0,1,10:57:37,2,-1,-1,AA7489,0,1,74
1,3,11:03:19,2,-1,2,AA7489,1,1,259
3,4,11:04:55,2,-1,1,AA7489,0,1,11
4,5,11:09:25,2,-1,1,AA7489,0,1,188
5,6,11:11:00,2,-1,1,AA7489,0,1,23
6,7,11:22:22,2,-1,1,AA7489,0,1,669
7,8,11:25:08,2,-1,2,AA7489,0,1,151
8,9,11:26:59,2,-1,1,AA7489,0,1,62
9,10,11:27:46,2,-1,1,AA7489,0,1,23
10,11,11:29:48,2,-1,1,AA7489,0,1,98
11,12,11:30:45,2,-1,1,AA7489,0,1,45
12,13,11:32:11,2,-1,1,AA7489,0,1,74
13,14,11:33:09,2,-1,1,AA7489,0,1,23
14,15,11:35:18,2,-1,-1,AA7489,0,1,34
15,16,11:37:50,2,-1,1,AA7489,0,1,81
16,17,11:45:23,2,-1,1,AA7489,0,1,405
17,18,11:46:36,2,-1,1,AA7489,0,1,37
18,20,11:55:45,2,-1,1,AA7489,1,1,537
20,21,11:58:47,2,-1,1,AA7489,0,1,147
21,22,12:01:07,2,-1,-1,AA7489,0,1,90
0,1,12:07:26,2,-1,-1,AA7489,0,1,46
1,2,12:10:24,2,-1,2,AA7489,0,1,155
2,3,12:13:46,2,-1,2,AA7489,0,1,143
3,4,12:14:58,2,-1,1,AA7489,0,1,23
4,5,12:20:35,2,-1,1,AA7489,0,1,266
5,6,12:21:47,2,-1,1,AA7489,0,1,25
6,7,12:33:49,2,-1,2,AA7489,0,1,710
7,8,12:36:02,2,-1,2,AA7489,0,1,121
8,9,12:37:36,2,-1,1,AA7489,0,1,58
9,10,12:38:36,2,-1,1,AA7489,0,1,36
10,11,12:40:48,2,-1,1,AA7489,0,1,106
11,12,12:41:47,2,-1,1,AA7489,0,1,23
12,13,12:43:23,2,-1,1,AA7489,0,1,70
13,14,12:44:12,2,-1,1,AA7489,0,1,37
14,15,12:46:01,2,-1,-1,AA7489,0,1,47
15,16,12:48:27,2,-1,1,AA7489,0,1,110
16,17,12:56:36,2,-1,1,AA7489,0,1,396
17,18,12:57:38,2,-1,1,AA7489,0,1,35
18,19,13:05:14,2,-1,2,AA7489,0,1,444
19,20,13:07:48,2,-1,1,AA7489,0,1,46
20,21,13:10:49,2,-1,-1,AA7489,0,1,142
21,22,13:13:10,2,-1,-1,AA7489,0,1,94
0,1,14:57:01,2,-1,-1,AA7489,0,1,143
1,3,15:02:24,2,-1,3,AA7489,1,1,273
3,4,15:04:34,2,-1,1,AA7489,0,1,70
4,5,15:08:59,2,-1,1,AA7489,0,1,194
5,6,15:10:33,2,-1,1,AA7489,0,1,22
6,7,15:22:24,2,-1,1,AA7489,0,1,699
7,8,15:24:51,2,-1,2,AA7489,0,1,134
8,9,15:26:47,2,-1,1,AA7489,0,1,93
9,10,15:27:34,2,-1,1,AA7489,0,1,34
10,11,15:32:57,2,-1,1,AA7489,0,1,262
11,12,15:33:57,2,-1,1,AA7489,0,1,34
12,13,15:36:49,2,-1,1,AA7489,0,1,88
13,14,15:37:58,2,-1,1,AA7489,0,1,45
14,15,15:40:03,2,-1,-1,AA7489,0,1,48
15,16,15:42:50,2,-1,-1,AA7489,0,1,93
16,17,15:50:11,2,-1,1,AA7489,0,1,394
17,18,15:51:21,2,-1,1,AA7489,0,1,34
18,19,16:00:53,2,-1,2,AA7489,0,2,559
19,20,16:04:56,2,-1,1,AA7489,0,2,162
20,21,16:08:09,2,-1,1,AA7489,0,2,153
21,22,16:10:14,2,-1,-1,AA7489,0,2,89
0,1,16:17:35,2,-1,-1,AA7489,0,2,109
1,3,16:22:25,2,-1,-1,AA7489,1,2,231
3,4,16:24:29,2,-1,-1,AA7489,0,2,36
4,5,16:29:03,2,-1,1,AA7489,0,2,191
5,6,16:30:15,2,-1,1,AA7489,0,2,25
6,7,16:41:10,2,-1,1,AA7489,0,2,630
7,8,16:43:58,2,-1,2,AA7489,0,2,155
8,9,16:45:35,2,-1,1,AA7489,0,2,72
9,10,16:46:12,2,-1,1,AA7489,0,2,25
10,11,16:48:50,2,-1,1,AA7489,0,2,131
11,12,16:49:49,2,-1,1,AA7489,0,2,24
12,13,16:51:24,2,-1,1,AA7489,0,2,57
13,14,16:52:23,2,-1,2,AA7489,0,2,35
14,15,16:54:34,2,-1,-1,AA7489,0,2,34
15,16,16:58:34,2,-1,1,AA7489,0,2,108
16,17,17:05:44,2,-1,1,AA7489,0,2,384
17,18,17:06:48,2,-1,1,AA7489,0,2,39
18,19,17:13:44,2,-1,3,AA7489,0,2,404
19,21,17:20:10,2,-1,1,AA7489,1,2,281
21,22,17:23:23,2,-1,-1,AA7489,0,2,95
0,1,17:30:01,2,-1,-1,AA7489,0,2,47
1,2,17:32:20,2,-1,3,AA7489,0,2,84
2,3,17:33:56,2,-1,2,AA7489,0,2,80
3,4,17:36:17,2,-1,1,AA7489,0,2,95
4,5,17:39:24,2,-1,1,AA7489,0,2,151
5,6,17:40:34,2,-1,1,AA7489,0,2,23
6,7,17:51:33,2,-1,1,AA7489,0,2,647
7,8,17:53:08,2,-1,2,AA7489,0,2,83
8,9,17:54:34,2,-1,1,AA7489,0,2,35
9,10,17:55:21,2,-1,1,AA7489,0,2,34
10,11,17:58:58,2,-1,1,AA7489,0,2,155
11,12,18:00:22,2,-1,1,AA7489,0,2,24
12,13,18:02:09,2,-1,1,AA7489,0,2,59
13,14,18:03:51,2,-1,2,AA7489,0,2,42
14,15,18:05:59,2,-1,-1,AA7489,0,2,33
15,16,18:12:24,2,-1,1,AA7489,0,2,350
16,17,18:20:01,2,-1,1,AA7489,0,2,400
17,19,18:33:24,2,-1,3,AA7489,1,2,756
19,20,18:36:47,2,-1,1,AA7489,0,2,152
20,21,18:40:33,2,-1,1,AA7489,0,2,201
21,22,18:42:47,2,-1,-1,AA7489,0,2,96
0,1,18:51:12,2,-1,-1,AA7489,0,2,36
1,2,18:53:00,2,-1,3,AA7489,0,2,62
2,3,18:56:23,2,-1,2,AA7489,0,2,153
3,4,18:58:21,2,-1,1,AA7489,0,2,70
4,5,19:02:46,2,-1,1,AA7489,0,2,229
5,8,19:16:24,2,-1,2,AA7489,2,2,784
8,9,19:17:24,2,-1,1,AA7489,0,2,35
9,10,19:18:14,2,-1,1,AA7489,0,2,25
10,11,19:19:25,2,-1,1,AA7489,0,2,46
11,12,19:20:29,2,-1,2,AA7489,0,2,35
12,14,19:23:03,2,-1,2,AA7489,1,2,130
14,15,19:25:01,2,-1,-1,AA7489,0,2,58
15,16,19:27:13,2,-1,1,AA7489,0,2,109
16,17,19:34:01,2,-1,1,AA7489,0,2,361
17,19,19:41:59,2,-1,3,AA7489,1,2,420
19,20,19:45:35,2,-1,1,AA7489,0,2,135
20,21,19:49:08,2,-1,1,AA7489,0,2,177
21,22,19:51:50,2,-1,-1,AA7489,0,2,84
0,2,20:47:33,2,-1,1,AA7489,1,2,192
2,3,20:50:22,2,-1,1,AA7489,0,2,158
3,4,20:51:30,2,-1,1,AA7489,0,2,22
4,5,20:55:00,2,-1,1,AA7489,0,2,123
5,6,20:56:37,2,-1,1,AA7489,0,2,25
6,7,21:06:02,2,-1,1,AA7489,0,2,541
7,8,21:07:52,2,-1,2,AA7489,0,2,98
8,10,21:09:41,2,-1,1,AA7489,1,2,97
10,11,21:12:25,2,-1,1,AA7489,0,2,139
11,12,21:13:49,2,-1,1,AA7489,0,2,23
12,13,21:15:49,2,-1,1,AA7489,0,2,71
13,14,21:17:12,2,-1,1,AA7489,0,2,36
14,15,21:18:46,2,-1,-1,AA7489,0,2,23
15,16,21:20:34,2,-1,1,AA7489,0,2,84
16,17,21:28:01,2,-1,1,AA7489,0,2,374
17,18,21:29:00,2,-1,1,AA7489,0,2,24
18,19,21:33:39,2,-1,2,AA7489,0,2,266
19,20,21:37:33,2,-1,1,AA7489,0,2,140
20,21,21:40:09,2,-1,1,AA7489,0,2,108
21,22,21:42:10,2,-1,-1,AA7489,0,2,81
0,1,21:58:10,2,-1,-1,AA7489,0,2,36
1,2,21:59:32,2,-1,2,AA7489,0,2,23
2,3,22:01:39,2,-1,2,AA7489,0,2,70
3,4,22:03:43,2,-1,1,AA7489,0,2,83
4,5,22:06:34,2,-1,1,AA7489,0,2,141
5,6,22:07:35,2,-1,1,AA7489,0,2,20
6,7,22:16:33,2,-1,1,AA7489,0,2,518
7,8,22:17:54,2,-1,2,AA7489,0,2,70
8,9,22:18:55,2,-1,1,AA7489,0,2,40
9,10,22:20:15,2,-1,-1,AA7489,0,2,30
10,11,22:21:56,2,-1,-1,AA7489,0,2,70
11,12,22:23:07,2,-1,-1,AA7489,0,2,30
12,13,22:24:38,2,-1,-1,AA7489,0,2,50
13,14,22:25:39,2,-1,1,AA7489,0,2,30
14,15,22:26:49,2,-1,-1,AA7489,0,2,40
15,16,22:29:10,2,-1,1,AA7489,0,2,111
16,17,22:35:24,2,-1,1,AA7489,0,2,353
17,18,22:36:35,2,-1,1,AA7489,0,2,30
18,19,22:41:28,2,-1,2,AA7489,0,2,272
19,20,22:44:09,2,-1,1,AA7489,0,2,70
20,21,22:47:35,2,-1,1,AA7489,0,2,165
21,22,22:49:26,2,-1,-1,AA7489,0,2,91
0,1,23:09:06,2,-1,-1,AA7489,0,2,40
1,2,23:11:28,2,-1,1,AA7489,0,2,70
2,3,23:13:09,2,-1,1,AA7489,0,2,60
3,4,23:15:20,2,-1,1,AA7489,0,2,90
4,5,23:18:15,2,-1,1,AA7489,0,2,132
5,6,23:19:35,2,-1,1,AA7489,0,2,30
6,7,23:28:22,2,-1,1,AA7489,0,2,516
7,8,23:30:54,2,-1,2,AA7489,0,2,141
8,9,23:31:44,2,-1,1,AA7489,0,2,40
9,10,23:32:55,2,-1,1,AA7489,0,2,30
10,11,23:34:36,2,-1,1,AA7489,0,2,90
11,12,23:35:37,2,-1,1,AA7489,0,2,20
12,13,23:37:28,2,-1,1,AA7489,0,2,70
13,14,23:38:08,2,-1,1,AA7489,0,2,30
14,15,23:39:29,2,-1,-1,AA7489,0,2,30
15,16,23:41:14,2,-1,1,AA7489,0,2,94
16,17,23:47:27,2,-1,1,AA7489,0,2,353
17,18,23:48:28,2,-1,1,AA7489,0,2,20
18,19,23:52:45,2,-1,2,AA7489,0,2,247
19,20,23:54:16,2,-1,1,AA7489,0,2,50
20,21,23:56:17,2,-1,1,AA7489,0,2,111
21,22,23:57:58,2,-1,-1,AA7489,0,2,90
15,16,0:01:13,2,-1,1,AA7842,0,2,94
16,17,0:08:01,2,-1,1,AA7842,0,2,384
17,18,0:09:01,2,-1,1,AA7842,0,2,23
18,19,0:13:39,2,-1,3,AA7842,0,2,265
19,20,0:15:38,2,-1,1,AA7842,0,2,83
20,21,0:18:36,2,-1,1,AA7842,0,2,142
21,22,0:20:12,2,-1,-1,AA7842,0,2,83
1,2,0:39:59,2,-1,2,AA7842,0,2,73
2,3,0:41:35,2,-1,2,AA7842,0,2,84
3,4,0:43:42,2,-1,1,AA7842,0,2,92
4,5,0:46:36,2,-1,1,AA7842,0,2,138
5,7,0:55:58,2,-1,1,AA7842,1,2,526
7,8,0:57:46,2,-1,-1,AA7842,0,2,96
8,9,0:58:35,2,-1,1,AA7842,0,2,37
9,10,0:59:09,2,-1,1,AA7842,0,2,23
10,11,1:00:43,2,-1,1,AA7842,0,2,70
11,12,1:01:28,2,-1,1,AA7842,0,2,34
12,13,1:02:51,2,-1,1,AA7842,0,2,47
13,14,1:04:13,2,-1,1,AA7842,0,2,47
14,15,1:05:11,2,-1,-1,AA7842,0,2,23
15,17,1:13:08,2,-1,1,AA7842,1,2,453
17,19,1:18:44,2,-1,2,AA7842,1,2,300
19,20,1:21:04,2,-1,1,AA7842,0,2,105
20,22,1:24:46,2,-1,-1,AA7842,1,2,187
1,2,6:24:58,2,-1,2,AA7842,0,2,59
2,3,6:26:47,2,-1,2,AA7842,0,2,49
3,4,6:28:35,2,-1,1,AA7842,0,2,34
4,5,6:33:08,2,-1,1,AA7842,0,2,152
5,6,6:34:48,2,-1,1,AA7842,0,2,26
6,7,6:43:44,2,-1,1,AA7842,0,2,524
7,8,6:46:01,2,-1,-1,AA7842,0,2,114
8,9,6:47:23,2,-1,1,AA7842,0,2,46
9,10,6:48:36,2,-1,1,AA7842,0,2,14
10,11,6:49:46,2,-1,1,AA7842,0,2,58
11,12,6:50:45,2,-1,1,AA7842,0,2,11
12,13,6:52:21,2,-1,1,AA7842,0,2,60
13,14,6:53:34,2,-1,1,AA7842,0,2,46
14,15,6:54:48,2,-1,-1,AA7842,0,2,38
15,16,6:57:34,2,-1,1,AA7842,0,2,95
16,17,7:04:35,2,-1,1,AA7842,0,2,387
17,18,7:05:59,2,-1,1,AA7842,0,2,47
18,19,7:11:48,2,-1,2,AA7842,0,2,336
19,20,7:15:44,2,-1,1,AA7842,0,2,131
20,21,7:19:08,2,-1,1,AA7842,0,2,168
21,22,7:21:35,2,-1,-1,AA7842,0,2,107
0,1,7:30:43,2,-1,-1,AA7842,0,2,441
1,2,7:32:28,2,-1,3,AA7842,0,2,23
2,3,7:37:47,2,-1,2,AA7842,0,2,130
3,4,7:40:42,2,-1,1,AA7842,0,2,57
4,5,7:45:13,2,-1,1,AA7842,0,2,177
5,6,7:47:47,2,-1,1,AA7842,0,2,59
6,7,7:58:07,2,-1,1,AA7842,0,2,585
7,8,8:01:13,2,-1,-1,AA7842,0,2,163
8,9,8:03:22,2,-1,-1,AA7842,0,2,106
9,10,8:04:35,2,-1,-1,AA7842,0,2,26
10,11,8:06:58,2,-1,1,AA7842,0,2,119
11,12,8:08:23,2,-1,1,AA7842,0,2,34
12,13,8:10:23,2,-1,1,AA7842,0,2,85
13,14,8:12:14,2,-1,2,AA7842,0,2,62
14,15,8:14:34,2,-1,-1,AA7842,0,2,69
15,16,8:18:10,2,-1,1,AA7842,0,2,181
16,17,8:25:46,2,-1,1,AA7842,0,2,406
17,18,8:27:44,2,-1,1,AA7842,0,2,70
18,19,8:33:44,2,-1,3,AA7842,0,2,347
19,20,8:41:39,2,-1,2,AA7842,0,2,403
20,21,8:46:24,2,-1,1,AA7842,0,2,226
21,22,8:48:46,2,-1,-1,AA7842,0,1,95
0,1,9:00:46,2,-1,-1,AA7842,0,1,610
1,2,9:02:01,2,-1,3,AA7842,0,1,50
2,3,9:05:48,2,-1,3,AA7842,0,1,120
3,4,9:08:34,2,-1,1,AA7842,0,1,96
4,5,9:13:13,2,-1,1,AA7842,0,1,207
5,6,9:14:37,2,-1,1,AA7842,0,1,24
6,7,9:24:36,2,-1,2,AA7842,0,1,586
7,8,9:27:21,2,-1,2,AA7842,0,1,129
8,9,9:28:58,2,-1,1,AA7842,0,1,61
9,10,9:30:09,2,-1,-1,AA7842,0,1,48
10,11,9:33:58,2,-1,-1,AA7842,0,1,191
11,12,9:34:58,2,-1,-1,AA7842,0,1,36
12,13,9:38:09,2,-1,2,AA7842,0,1,94
13,14,9:39:34,2,-1,1,AA7842,0,1,49
14,15,9:41:08,2,-1,-1,AA7842,0,1,58
15,16,9:44:13,2,-1,1,AA7842,0,1,131
16,17,9:51:21,2,-1,1,AA7842,0,1,403
17,18,9:52:34,2,-1,1,AA7842,0,1,46
18,19,9:58:46,2,-1,3,AA7842,0,1,360
19,20,10:01:18,2,-1,2,AA7842,0,1,92
20,21,10:05:35,2,-1,1,AA7842,0,1,245
21,22,10:07:48,2,-1,-1,AA7842,0,1,97
1,2,11:38:38,2,-1,2,AA7842,0,1,200
2,3,11:43:48,2,-1,2,AA7842,0,1,273
3,4,11:46:36,2,-1,1,AA7842,0,1,108
4,5,11:51:57,2,-1,1,AA7842,0,1,237
5,7,12:03:30,2,-1,2,AA7842,1,1,641
7,8,12:05:53,2,-1,2,AA7842,0,1,131
8,9,12:07:48,2,-1,1,AA7842,0,1,68
9,10,12:08:49,2,-1,1,AA7842,0,1,36
10,11,12:10:47,2,-1,1,AA7842,0,1,59
11,12,12:11:47,2,-1,1,AA7842,0,1,23
12,13,12:14:09,2,-1,1,AA7842,0,1,95
13,14,12:15:22,2,-1,1,AA7842,0,1,47
14,15,12:16:46,2,-1,-1,AA7842,0,1,37
15,16,12:18:58,2,-1,1,AA7842,0,1,84
16,17,12:25:59,2,-1,1,AA7842,0,1,384
17,18,12:27:22,2,-1,1,AA7842,0,1,46
18,19,12:34:01,2,-1,2,AA7842,0,1,387
19,20,12:37:25,2,-1,1,AA7842,0,1,155
20,21,12:39:26,2,-1,1,AA7842,0,1,98
21,22,12:41:24,2,-1,-1,AA7842,0,1,93
1,2,12:58:35,2,-1,2,AA7842,0,1,118
2,3,13:01:36,2,-1,2,AA7842,0,1,132
3,4,13:03:49,2,-1,1,AA7842,0,1,46
4,5,13:07:48,2,-1,1,AA7842,0,1,178
5,6,13:09:13,2,-1,1,AA7842,0,1,24
6,7,13:20:34,2,-1,1,AA7842,0,1,668
7,8,13:23:18,2,-1,2,AA7842,0,1,128
8,9,13:25:03,2,-1,1,AA7842,0,1,68
9,10,13:25:37,2,-1,1,AA7842,0,1,22
10,11,13:27:47,2,-1,1,AA7842,0,1,118
11,12,13:28:23,2,-1,1,AA7842,0,1,23
12,13,13:30:20,2,-1,1,AA7842,0,1,83
13,14,13:31:34,2,-1,1,AA7842,0,1,37
14,15,13:33:08,2,-1,-1,AA7842,0,1,34
15,16,13:35:35,2,-1,1,AA7842,0,1,122
16,17,13:42:45,2,-1,1,AA7842,0,1,383
17,18,13:44:08,2,-1,1,AA7842,0,1,35
18,19,13:51:21,2,-1,2,AA7842,0,1,421
19,22,13:58:10,2,-1,-1,AA7842,2,1,310
0,1,14:10:21,2,-1,-1,AA7842,0,1,576
1,2,14:13:35,2,-1,2,AA7842,0,1,121
2,3,14:16:25,2,-1,2,AA7842,0,1,110
3,4,14:18:49,2,-1,1,AA7842,0,1,35
4,5,14:26:33,2,-1,1,AA7842,0,1,381
5,7,14:41:08,2,-1,1,AA7842,1,1,799
7,8,14:43:10,2,-1,1,AA7842,0,1,109
8,9,14:45:09,2,-1,1,AA7842,0,1,72
9,10,14:45:55,2,-1,1,AA7842,0,1,11
10,11,14:49:05,2,-1,1,AA7842,0,1,167
11,13,14:53:48,2,-1,1,AA7842,1,1,237
13,14,14:55:12,2,-1,1,AA7842,0,1,59
14,15,14:56:47,2,-1,-1,AA7842,0,1,46
15,16,14:59:13,2,-1,1,AA7842,0,1,106
16,17,15:07:06,2,-1,1,AA7842,0,1,401
17,19,15:15:48,2,-1,3,AA7842,1,1,484
19,21,15:22:37,2,-1,1,AA7842,1,1,335
21,22,15:24:14,2,-1,-1,AA7842,0,1,61
0,1,7:50:14,2,3,-1,AB4819,0,2,88
1,2,7:52:45,2,4,3,AB4819,0,2,71
2,3,7:56:08,2,4,3,AB4819,0,2,128
3,4,8:00:15,2,4,-1,AB4819,0,2,150
4,5,8:04:20,2,3,-1,AB4819,0,2,187
5,6,8:06:46,2,2,1,AB4819,0,2,60
6,7,8:16:34,2,2,1,AB4819,0,2,575
7,8,8:18:37,2,2,2,AB4819,0,2,111
8,9,8:20:13,2,2,1,AB4819,0,2,61
9,10,8:21:24,2,2,1,AB4819,0,2,35
10,11,8:23:37,2,1,1,AB4819,0,2,119
11,12,8:24:25,2,1,1,AB4819,0,2,23
12,13,8:28:48,2,1,1,AB4819,0,2,193
13,14,8:29:58,2,1,1,AB4819,0,2,46
14,15,8:32:22,2,1,-1,AB4819,0,2,70
15,16,8:35:53,2,1,1,AB4819,0,2,130
16,17,8:43:13,2,1,1,AB4819,0,2,391
17,18,8:45:13,2,1,1,AB4819,0,2,61
18,19,8:52:01,2,1,2,AB4819,0,1,396
19,22,9:02:24,2,-1,-1,AB4819,2,1,599
0,1,9:20:11,2,1,-1,AB4819,0,1,35
1,2,9:22:49,2,1,3,AB4819,0,1,73
2,3,9:25:58,2,1,2,AB4819,0,1,108
3,4,9:28:34,2,1,1,AB4819,0,1,83
4,5,9:32:49,2,1,-1,AB4819,0,1,159
5,6,9:34:46,2,1,-1,AB4819,0,1,47
6,7,9:46:46,2,0,2,AB4819,0,1,683
7,8,9:49:34,2,0,2,AB4819,0,1,155
8,9,9:51:09,2,0,1,AB4819,0,1,71
9,10,9:52:23,2,0,1,AB4819,0,1,35
10,11,9:54:35,2,0,1,AB4819,0,1,84
11,12,9:55:35,2,0,1,AB4819,0,1,35
12,13,9:56:59,2,0,1,AB4819,0,1,59
13,14,9:58:08,2,0,1,AB4819,0,1,46
14,15,9:59:46,2,0,-1,AB4819,0,1,47
15,16,10:02:27,2,0,1,AB4819,0,1,103
16,17,10:09:50,2,0,1,AB4819,0,1,395
17,18,10:11:24,2,0,1,AB4819,0,1,34
18,19,10:17:05,2,0,3,AB4819,0,1,317
19,20,10:22:24,2,0,1,AB4819,0,1,236
20,22,10:27:11,2,-1,-1,AB4819,1,1,241
0,1,15:50:34,2,-1,-1,AB4830,0,1,109
1,2,15:52:33,2,-1,2,AB4830,0,2,59
2,3,15:54:44,2,-1,2,AB4830,0,2,59
3,4,15:57:11,2,-1,1,AB4830,0,2,71
4,5,16:02:25,2,-1,1,AB4830,0,2,219
5,6,16:04:33,2,-1,1,AB4830,0,2,47
6,7,16:17:23,2,-1,1,AB4830,0,2,758
7,8,16:19:19,2,-1,2,AB4830,0,2,103
8,9,16:21:10,2,-1,-1,AB4830,0,2,60
9,10,16:22:13,2,-1,-1,AB4830,0,2,39
15,16,16:33:50,2,-1,1,AB4830,0,2,132
16,17,16:41:10,2,-1,1,AB4830,0,2,405
17,18,16:43:00,2,-1,1,AB4830,0,2,51
18,20,16:54:11,2,-1,1,AB4830,1,2,659
20,21,16:56:35,2,-1,1,AB4830,0,2,132
21,22,16:58:46,2,-1,-1,AB4830,0,2,96
0,1,9:07:09,2,-1,-1,AB5532,0,1,81
1,2,9:09:23,2,-1,3,AB5532,0,1,71
2,3,9:12:12,2,-1,3,AB5532,0,1,23
3,4,9:14:24,2,-1,1,AB5532,0,1,35
4,5,9:19:00,2,-1,1,AB5532,0,1,178
5,6,9:20:47,2,-1,1,AB5532,0,1,35
6,7,9:34:09,2,-1,-1,AB5532,0,1,790
7,8,9:36:46,2,-1,2,AB5532,0,1,132
8,9,9:38:32,2,-1,1,AB5532,0,1,71
9,10,9:39:46,2,-1,1,AB5532,0,1,26
10,11,9:41:37,2,-1,1,AB5532,0,1,87
11,12,9:42:13,2,-1,2,AB5532,0,1,24
12,13,9:44:13,2,-1,2,AB5532,0,1,83
13,14,9:45:24,2,-1,1,AB5532,0,1,35
14,15,9:48:21,2,-1,-1,AB5532,0,1,46
15,16,9:50:35,2,-1,1,AB5532,0,1,96
16,17,9:57:33,2,-1,1,AB5532,0,1,383
17,18,9:58:46,2,-1,1,AB5532,0,1,37
18,19,10:04:01,2,-1,3,AB5532,0,1,290
19,20,10:12:59,2,-1,1,AB5532,0,1,444
20,21,10:15:20,2,-1,1,AB5532,0,1,105
21,22,10:17:28,2,-1,-1,AB5532,0,1,104
0,1,15:31:01,2,-1,-1,AC3966,0,1,39
1,2,15:33:10,2,1,2,AC3966,0,1,58
2,3,15:36:23,2,1,2,AC3966,0,1,123
3,4,15:38:38,2,0,1,AC3966,0,1,62
4,5,15:42:50,2,0,-1,AC3966,0,1,192
5,6,15:44:01,2,0,-1,AC3966,0,1,24
6,8,15:56:59,2,0,2,AC3966,1,2,765
8,9,15:58:21,2,0,1,AC3966,0,2,46
9,10,15:59:09,2,0,1,AC3966,0,2,23
10,11,16:02:36,2,0,1,AC3966,0,2,173
11,12,16:03:45,2,0,1,AC3966,0,2,23
12,13,16:05:48,2,0,1,AC3966,0,2,99
13,14,16:06:58,2,0,1,AC3966,0,2,46
14,15,16:09:49,2,0,-1,AC3966,0,2,39
15,16,16:12:48,2,0,1,AC3966,0,2,130
16,17,16:19:34,2,0,1,AC3966,0,2,382
17,18,16:20:58,2,0,-1,AC3966,0,2,36
18,19,16:29:38,2,0,3,AC3966,0,2,508
19,20,16:33:14,2,0,1,AC3966,0,2,166
20,21,16:35:01,2,0,1,AC3966,0,2,94
21,22,16:37:14,2,-1,-1,AC3966,0,2,97
0,1,7:03:37,2,-1,-1,MZ8441,0,2,47
1,2,7:04:47,2,-1,2,MZ8441,0,2,36
2,3,7:06:36,2,-1,2,MZ8441,0,2,36
3,4,7:08:43,2,-1,1,MZ8441,0,2,69
4,5,7:12:34,2,-1,1,MZ8441,0,2,150
5,6,7:14:19,2,-1,1,MZ8441,0,2,23
6,7,7:23:34,2,-1,1,MZ8441,0,2,539
7,8,7:26:11,2,-1,2,MZ8441,0,2,134
8,9,7:27:48,2,-1,1,MZ8441,0,2,73
9,10,7:28:35,2,-1,1,MZ8441,0,2,23
10,11,7:30:54,2,-1,1,MZ8441,0,2,92
11,12,7:31:40,2,-1,1,MZ8441,0,2,22
12,13,7:33:04,2,-1,1,MZ8441,0,2,59
13,14,7:34:02,2,-1,1,MZ8441,0,2,23
14,15,7:35:36,2,-1,-1,MZ8441,0,2,46
15,16,7:38:56,2,-1,1,MZ8441,0,2,177
16,17,7:46:47,2,-1,1,MZ8441,0,2,411
17,18,7:48:33,2,-1,1,MZ8441,0,2,45
18,19,7:53:59,2,-1,3,MZ8441,0,2,313
19,20,7:58:18,2,-1,1,MZ8441,0,2,234
20,21,8:01:01,2,-1,-1,MZ8441,0,2,116
21,22,8:02:58,2,-1,-1,MZ8441,0,2,94
0,1,0:03:45,3,-1,-1,AA6507,0,2,111
1,2,0:05:36,3,-1,1,AA6507,0,2,70
2,3,0:08:08,3,-1,1,AA6507,0,2,60
3,4,0:09:08,3,-1,1,AA6507,0,2,30
4,5,0:12:52,3,-1,1,AA6507,0,2,133
5,6,0:13:53,3,-1,1,AA6507,0,2,20
6,8,0:24:49,3,-1,1,AA6507,1,2,646
8,9,0:26:20,3,-1,1,AA6507,0,2,40
9,10,0:27:14,3,-1,1,AA6507,0,2,30
10,11,0:28:45,3,-1,1,AA6507,0,2,50
11,12,0:29:36,3,-1,1,AA6507,0,2,30
12,13,0:30:36,3,-1,1,AA6507,0,2,50
13,14,0:31:37,3,-1,1,AA6507,0,2,30
14,15,0:33:08,3,-1,-1,AA6507,0,2,40
15,16,0:35:09,3,-1,1,AA6507,0,2,80
16,17,0:41:46,3,-1,1,AA6507,0,2,376
17,18,0:42:56,3,-1,1,AA6507,0,2,30
18,19,0:47:29,3,-1,2,AA6507,0,2,262
19,20,0:49:11,3,-1,1,AA6507,0,2,51
20,21,0:51:13,3,-1,1,AA6507,0,2,80
21,22,0:53:04,3,-1,-1,AA6507,0,2,90
0,1,1:09:08,3,-1,-1,AA6507,0,2,20
1,2,1:10:38,3,-1,1,AA6507,0,2,30
2,3,1:13:00,3,-1,1,AA6507,0,2,40
3,4,1:14:00,3,-1,1,AA6507,0,2,20
4,5,1:17:34,3,-1,1,AA6507,0,2,131
5,6,1:18:45,3,-1,1,AA6507,0,2,20
6,7,1:27:40,3,-1,1,AA6507,0,2,524
7,8,1:29:25,3,-1,-1,AA6507,0,2,84
8,9,1:30:15,3,-1,1,AA6507,0,2,40
9,10,1:31:06,3,-1,1,AA6507,0,2,30
10,11,1:32:26,3,-1,1,AA6507,0,2,50
11,12,1:33:17,3,-1,1,AA6507,0,2,20
12,13,1:34:38,3,-1,1,AA6507,0,2,50
13,14,1:35:38,3,-1,1,AA6507,0,2,30
14,15,1:36:54,3,-1,-1,AA6507,0,2,20
15,16,1:38:55,3,-1,1,AA6507,0,2,80
16,17,1:45:28,3,-1,1,AA6507,0,2,373
17,18,1:46:49,3,-1,1,AA6507,0,2,30
18,19,1:51:25,3,-1,2,AA6507,0,2,265
19,20,1:54:07,3,-1,1,AA6507,0,2,100
20,21,1:55:07,3,-1,1,AA6507,0,2,50
21,22,1:56:48,3,-1,-1,AA6507,0,2,80
15,16,0:01:00,3,-1,1,AA7149,0,2,100
16,17,0:07:17,3,-1,1,AA7149,0,2,357
17,18,0:08:38,3,-1,1,AA7149,0,2,30
18,19,0:13:43,3,-1,2,AA7149,0,2,294
19,20,0:15:54,3,-1,1,AA7149,0,2,50
20,21,0:18:56,3,-1,1,AA7149,0,2,141
21,22,0:20:57,3,-1,-1,AA7149,0,2,80
0,1,0:37:52,3,-1,-1,AA7149,0,2,62
1,2,0:39:04,3,-1,1,AA7149,0,2,30
2,3,0:41:36,3,-1,2,AA7149,0,2,50
3,4,0:42:16,3,-1,1,AA7149,0,2,10
4,5,0:45:58,3,-1,1,AA7149,0,2,131
5,6,0:47:09,3,-1,1,AA7149,0,2,20
6,7,0:56:27,3,-1,1,AA7149,0,2,538
7,8,0:58:18,3,-1,1,AA7149,0,2,90
8,9,0:59:29,3,-1,1,AA7149,0,2,40
9,10,1:00:09,3,-1,1,AA7149,0,2,30
10,11,1:01:30,3,-1,1,AA7149,0,2,50
11,12,1:02:00,3,-1,1,AA7149,0,2,20
12,13,1:03:04,3,-1,1,AA7149,0,2,53
13,14,1:03:44,3,-1,1,AA7149,0,2,30
14,15,1:04:55,3,-1,-1,AA7149,0,2,20
15,16,1:07:06,3,-1,1,AA7149,0,2,100
16,17,1:13:30,3,-1,1,AA7149,0,2,353
17,18,1:14:21,3,-1,1,AA7149,0,2,30
18,19,1:18:45,3,-1,2,AA7149,0,2,252
19,20,1:20:46,3,-1,1,AA7149,0,2,60
20,21,1:23:18,3,-1,1,AA7149,0,2,100
21,22,1:25:09,3,-1,-1,AA7149,0,2,80
6,7,0:03:14,3,-1,2,AA7341,0,2,508
7,8,0:04:56,3,-1,2,AA7341,0,2,91
8,9,0:07:07,3,-1,1,AA7341,0,2,111
9,10,0:07:57,3,-1,1,AA7341,0,2,30
10,11,0:10:49,3,-1,1,AA7341,0,2,90
11,12,0:11:40,3,-1,1,AA7341,0,2,30
12,13,0:12:42,3,-1,1,AA7341,0,2,52
13,14,0:13:33,3,-1,1,AA7341,0,2,40
14,15,0:15:03,3,-1,-1,AA7341,0,2,30
15,16,0:17:15,3,-1,1,AA7341,0,2,60
16,17,0:24:09,3,-1,1,AA7341,0,2,373
17,18,0:25:09,3,-1,1,AA7341,0,2,30
18,19,0:30:06,3,-1,2,AA7341,0,2,286
19,20,0:32:47,3,-1,1,AA7341,0,2,121
20,21,0:35:09,3,-1,1,AA7341,0,2,131
21,22,0:37:10,3,-1,-1,AA7341,0,2,90
0,1,0:53:54,3,-1,-1,AA7341,0,2,20
1,2,0:55:47,3,-1,2,AA7341,0,2,60
2,3,0:58:18,3,-1,2,AA7341,0,2,70
3,4,1:00:09,3,-1,1,AA7341,0,2,70
4,5,1:02:54,3,-1,1,AA7341,0,2,134
5,6,1:04:04,3,-1,1,AA7341,0,2,20
6,7,1:13:00,3,-1,1,AA7341,0,2,525
7,8,1:14:33,3,-1,-1,AA7341,0,2,82
8,9,1:15:43,3,-1,1,AA7341,0,2,50
9,10,1:16:34,3,-1,1,AA7341,0,2,30
10,11,1:17:44,3,-1,1,AA7341,0,2,60
11,12,1:18:25,3,-1,1,AA7341,0,2,20
12,13,1:19:35,3,-1,1,AA7341,0,2,60
13,14,1:20:26,3,-1,1,AA7341,0,2,40
14,15,1:21:26,3,-1,-1,AA7341,0,2,40
15,16,1:23:07,3,-1,1,AA7341,0,2,70
16,17,1:29:45,3,-1,1,AA7341,0,2,367
17,18,1:30:35,3,-1,1,AA7341,0,2,30
18,19,1:34:58,3,-1,2,AA7341,0,2,252
19,20,1:36:10,3,-1,1,AA7341,0,2,51
20,22,1:39:25,3,-1,-1,AA7341,1,2,185
0,1,0:19:06,3,-1,-1,AA7489,0,2,20
1,2,0:21:27,3,-1,1,AA7489,0,2,131
2,3,0:22:58,3,-1,2,AA7489,0,2,10
3,4,0:23:38,3,-1,1,AA7489,0,2,20
4,5,0:26:00,3,-1,1,AA7489,0,2,131
5,6,0:27:04,3,-1,1,AA7489,0,2,20
6,7,0:35:49,3,-1,1,AA7489,0,2,514
7,8,0:37:20,3,-1,1,AA7489,0,2,70
8,9,0:38:12,3,-1,1,AA7489,0,2,30
9,10,0:38:44,3,-1,1,AA7489,0,2,21
10,11,0:40:15,3,-1,1,AA7489,0,2,70
11,12,0:40:45,3,-1,1,AA7489,0,2,20
12,13,0:41:46,3,-1,1,AA7489,0,2,50
13,14,0:42:36,3,-1,1,AA7489,0,2,30
14,15,0:43:37,3,-1,-1,AA7489,0,2,30
15,16,0:44:58,3,-1,1,AA7489,0,2,60
16,17,0:51:23,3,-1,1,AA7489,0,2,355
17,18,0:52:24,3,-1,1,AA7489,0,2,30
18,19,0:56:47,3,-1,1,AA7489,0,2,243
19,20,0:59:09,3,-1,1,AA7489,0,2,121
20,21,1:00:29,3,-1,1,AA7489,0,2,70
21,22,1:02:10,3,-1,-1,AA7489,0,2,90
0,1,1:20:56,3,-1,-1,AA7489,0,2,10
1,2,1:22:17,3,-1,1,AA7489,0,2,30
2,3,1:24:38,3,-1,2,AA7489,0,2,10
3,4,1:25:19,3,-1,1,AA7489,0,2,30
4,5,1:27:30,3,-1,1,AA7489,0,2,121
5,6,1:28:20,3,-1,1,AA7489,0,2,20
6,7,1:36:44,3,-1,1,AA7489,0,2,489
7,8,1:38:25,3,-1,-1,AA7489,0,2,90
8,9,1:40:56,3,-1,1,AA7489,0,2,30
9,10,1:41:46,3,-1,1,AA7489,0,2,30
10,11,1:43:07,3,-1,1,AA7489,0,2,70
11,12,1:43:37,3,-1,1,AA7489,0,2,20
12,13,1:44:28,3,-1,1,AA7489,0,2,40
13,14,1:45:18,3,-1,1,AA7489,0,2,40
14,15,1:45:59,3,-1,-1,AA7489,0,2,30
15,16,1:48:01,3,-1,1,AA7489,0,2,112
16,17,1:53:57,3,-1,1,AA7489,0,2,345
17,18,1:54:47,3,-1,1,AA7489,0,2,20
18,19,1:59:00,3,-1,2,AA7489,0,2,242
19,20,2:01:01,3,-1,1,AA7489,0,2,70
20,22,2:04:45,3,-1,-1,AA7489,1,2,191
0,1,15:01:50,0,-1,-1,AA5773,0,2,121
1,2,15:03:54,0,-1,2,AA5773,0,2,50
2,3,15:06:26,0,-1,2,AA5773,0,2,50
3,4,15:08:32,0,-1,1,AA5773,0,2,75
4,5,15:11:34,0,-1,1,AA5773,0,2,139
5,6,15:16:20,0,-1,1,AA5773,0,2,224
6,7,15:31:34,0,-1,1,AA5773,0,2,851
7,8,15:34:08,0,-1,2,AA5773,0,2,144
8,9,15:36:32,0,-1,1,AA5773,0,2,98
9,10,15:37:39,0,-1,1,AA5773,0,2,34
10,11,15:40:59,0,-1,1,AA5773,0,2,179
11,12,15:41:40,0,-1,1,AA5773,0,2,30
12,13,15:43:58,0,-1,1,AA5773,0,2,84
13,14,15:45:33,0,-1,2,AA5773,0,2,32
14,15,15:47:54,0,-1,-1,AA5773,0,2,35
15,16,15:50:14,0,-1,1,AA5773,0,2,85
16,17,15:56:58,0,-1,2,AA5773,0,2,352
17,18,16:00:48,0,-1,1,AA5773,0,2,157
18,19,16:11:08,0,-1,2,AA5773,0,2,569
19,20,16:14:48,0,-1,1,AA5773,0,2,102
20,21,16:18:47,0,-1,1,AA5773,0,2,217
21,22,16:20:59,0,-1,-1,AA5773,0,2,101
0,1,16:30:17,0,-1,-1,AA5773,0,2,54
1,2,16:32:06,0,-1,2,AA5773,0,2,41
2,3,16:34:31,0,-1,2,AA5773,0,2,93
3,4,16:36:59,0,-1,1,AA5773,0,2,116
4,5,16:40:47,0,-1,2,AA5773,0,2,187
5,6,16:43:06,0,-1,1,AA5773,0,2,87
6,7,16:55:44,0,-1,1,AA5773,0,2,712
7,8,16:58:26,0,-1,2,AA5773,0,2,128
8,9,17:00:01,0,-1,1,AA5773,0,2,54
9,10,17:01:03,0,-1,1,AA5773,0,2,42
10,11,17:04:55,0,-1,1,AA5773,0,2,211
11,12,17:05:58,0,-1,1,AA5773,0,2,20
12,13,17:07:39,0,-1,1,AA5773,0,2,60
13,14,17:09:15,0,-1,2,AA5773,0,2,40
14,15,17:11:16,0,-1,-1,AA5773,0,2,30
15,16,17:14:08,0,-1,1,AA5773,0,2,141
16,17,17:21:17,0,-1,2,AA5773,0,2,378
17,18,17:22:59,0,-1,1,AA5773,0,2,40
18,19,17:31:06,0,-1,3,AA5773,0,2,447
19,20,17:37:17,0,-1,1,AA5773,0,2,238
20,21,17:42:45,0,-1,1,AA5773,0,2,318
21,22,17:45:15,0,-1,-1,AA5773,0,2,92
0,1,17:54:02,0,-1,-1,AA5773,0,2,83
1,2,17:56:44,0,-1,3,AA5773,0,2,55
2,3,18:01:10,0,-1,2,AA5773,0,2,161
3,4,18:03:49,0,-1,1,AA5773,0,2,116
4,5,18:07:14,0,-1,2,AA5773,0,2,141
5,6,18:09:46,0,-1,1,AA5773,0,2,80
6,7,18:30:50,0,-1,2,AA5773,0,2,1172
7,8,18:32:43,0,-1,2,AA5773,0,2,102
8,9,18:34:24,0,-1,1,AA5773,0,2,60
9,10,18:35:04,0,-1,1,AA5773,0,2,30
10,11,18:38:57,0,-1,1,AA5773,0,2,161
11,12,18:40:18,0,-1,2,AA5773,0,2,40
12,13,18:43:33,0,-1,1,AA5773,0,2,133
13,14,18:44:44,0,-1,2,AA5773,0,2,40
14,15,18:47:15,0,-1,-1,AA5773,0,2,80
15,16,18:49:37,0,-1,1,AA5773,0,2,91
16,17,18:56:54,0,-1,3,AA5773,0,2,376
17,18,18:58:57,0,-1,1,AA5773,0,2,40
18,19,19:08:29,0,-1,2,AA5773,0,2,490
19,20,19:11:44,0,-1,1,AA5773,0,2,103
20,21,19:17:18,0,-1,1,AA5773,0,2,283
21,22,19:21:13,0,-1,-1,AA5773,0,2,114
0,1,19:27:07,0,-1,-1,AA5773,0,2,70
1,3,19:31:45,0,-1,2,AA5773,1,2,216
3,4,19:33:56,0,-1,1,AA5773,0,2,90
4,5,19:36:38,0,-1,1,AA5773,0,2,121
5,6,19:38:09,0,-1,1,AA5773,0,2,30
6,7,19:48:32,0,-1,2,AA5773,0,2,571
7,8,19:50:43,0,-1,2,AA5773,0,2,121
8,9,19:52:24,0,-1,1,AA5773,0,2,60
9,10,19:53:05,0,-1,1,AA5773,0,2,30
10,11,19:55:16,0,-1,1,AA5773,0,2,90
11,12,19:56:18,0,-1,1,AA5773,0,2,30
12,13,19:58:49,0,-1,1,AA5773,0,2,101
13,14,20:00:00,0,-1,1,AA5773,0,2,40
14,15,20:01:33,0,-1,-1,AA5773,0,2,30
15,16,20:03:34,0,-1,1,AA5773,0,2,70
16,17,20:10:39,0,-1,1,AA5773,0,2,374
17,18,20:12:11,0,-1,1,AA5773,0,2,40
18,19,20:18:07,0,-1,2,AA5773,0,2,304
19,20,20:20:59,0,-1,1,AA5773,0,2,101
20,21,20:24:23,0,-1,1,AA5773,0,2,163
21,22,20:26:44,0,-1,-1,AA5773,0,2,101
0,1,6:39:10,0,-1,-1,AA6835,0,2,50
1,2,6:41:34,0,-1,2,AA6835,0,2,80
2,3,6:43:05,0,-1,2,AA6835,0,2,10
3,4,6:45:27,0,-1,1,AA6835,0,2,81
4,5,6:47:59,0,-1,1,AA6835,0,2,101
5,6,6:49:33,0,-1,1,AA6835,0,2,23
6,7,6:57:34,0,-1,1,AA6835,0,2,451
7,8,6:59:26,0,-1,2,AA6835,0,2,101
8,9,7:00:47,0,-1,1,AA6835,0,2,50
9,10,7:01:37,0,-1,1,AA6835,0,2,20
10,11,7:03:18,0,-1,1,AA6835,0,2,60
11,12,7:04:09,0,-1,1,AA6835,0,2,20
12,13,7:05:40,0,-1,1,AA6835,0,2,50
13,14,7:06:43,0,-1,1,AA6835,0,2,32
14,15,7:07:33,0,-1,-1,AA6835,0,2,20
15,16,7:10:46,0,-1,1,AA6835,0,2,182
16,17,7:17:40,0,-1,1,AA6835,0,2,333
17,18,7:18:43,0,-1,1,AA6835,0,2,22
18,19,7:23:07,0,-1,2,AA6835,0,2,213
19,20,7:26:00,0,-1,2,AA6835,0,2,60
20,21,7:28:24,0,-1,1,AA6835,0,2,134
21,22,7:30:46,0,-1,-1,AA6835,0,2,91
0,1,7:48:25,0,-1,-1,AA6835,0,2,91
1,2,7:50:57,0,-1,-1,AA6835,0,2,40
2,3,7:55:34,0,-1,3,AA6835,0,2,195
3,4,7:58:36,0,-1,1,AA6835,0,2,121
4,5,8:02:20,0,-1,1,AA6835,0,2,142
5,6,8:03:35,0,-1,1,AA6835,0,2,20
6,7,8:12:56,0,-1,2,AA6835,0,2,499
7,8,8:14:47,0,-1,3,AA6835,0,2,101
8,9,8:16:29,0,-1,1,AA6835,0,2,70
9,10,8:18:00,0,-1,1,AA6835,0,2,30
10,11,8:21:03,0,-1,1,AA6835,0,2,121
11,12,8:22:14,0,-1,1,AA6835,0,2,20
12,13,8:26:07,0,-1,2,AA6835,0,2,202
13,14,8:26:47,0,-1,2,AA6835,0,2,30
14,15,8:30:35,0,-1,-1,AA6835,0,2,197
15,16,8:33:07,0,-1,1,AA6835,0,2,101
16,17,8:39:34,0,-1,1,AA6835,0,2,356
17,18,8:42:17,0,-1,1,AA6835,0,2,102
18,19,8:47:20,0,-1,3,AA6835,0,2,242
19,22,8:59:10,0,-1,-1,AA6835,2,2,647
0,1,9:09:32,0,-1,-1,AA6835,0,2,72
1,2,9:12:44,0,-1,3,AA6835,0,2,161
2,3,9:15:47,0,-1,3,AA6835,0,2,91
3,4,9:18:40,0,-1,1,AA6835,0,2,91
4,5,9:22:05,0,-1,1,AA6835,0,2,131
5,6,9:24:47,0,-1,1,AA6835,0,2,60
6,7,9:34:59,0,-1,2,AA6835,0,2,571
7,8,9:37:26,0,-1,1,AA6835,0,2,137
8,9,9:39:17,0,-1,1,AA6835,0,2,91
9,10,9:39:47,0,-1,1,AA6835,0,2,20
10,11,9:41:29,0,-1,1,AA6835,0,2,60
11,12,9:42:29,0,-1,1,AA6835,0,2,30
12,13,9:43:53,0,-1,2,AA6835,0,2,62
13,14,9:44:43,0,-1,1,AA6835,0,2,30
14,15,9:46:14,0,-1,-1,AA6835,0,2,50
15,16,9:48:36,0,-1,1,AA6835,0,2,121
16,17,9:55:54,0,-1,1,AA6835,0,2,407
17,18,9:57:46,0,-1,1,AA6835,0,2,41
18,19,10:02:11,0,-1,2,AA6835,0,2,234
19,20,10:05:14,0,-1,1,AA6835,0,2,132
20,21,10:09:18,0,-1,1,AA6835,0,2,233
21,22,10:10:49,0,-1,-1,AA6835,0,2,80
0,1,10:49:39,0,-1,-1,AA6835,0,2,80
1,2,10:50:50,0,-1,2,AA6835,0,2,60
2,3,10:53:34,0,-1,3,AA6835,0,2,70
3,4,10:54:55,0,-1,1,AA6835,0,2,40
4,5,10:58:18,0,-1,2,AA6835,0,2,131
5,6,10:59:39,0,-1,1,AA6835,0,2,20
6,7,11:11:59,0,-1,1,AA6835,0,2,669
7,8,11:14:45,0,-1,2,AA6835,0,2,115
8,9,11:16:37,0,-1,1,AA6835,0,2,92
9,10,11:17:07,0,-1,1,AA6835,0,2,20
10,11,11:19:49,0,-1,1,AA6835,0,2,101
11,12,11:20:50,0,-1,1,AA6835,0,2,20
12,13,11:22:33,0,-1,1,AA6835,0,2,72
13,14,11:23:44,0,-1,1,AA6835,0,2,30
14,15,11:25:35,0,-1,-1,AA6835,0,2,80
15,16,11:27:57,0,-1,1,AA6835,0,2,111
16,17,11:35:37,0,-1,1,AA6835,0,2,389
17,18,11:36:49,0,-1,1,AA6835,0,2,31
18,19,11:43:27,0,-1,-1,AA6835,0,2,354
19,20,11:45:18,0,-1,1,AA6835,0,2,40
20,21,11:48:33,0,-1,1,AA6835,0,2,154
21,22,11:50:14,0,-1,-1,AA6835,0,2,91
0,1,12:00:46,0,-1,-1,AA6835,0,2,101
1,2,12:03:08,0,-1,2,AA6835,0,2,122
2,3,12:05:35,0,-1,2,AA6835,0,2,66
3,4,12:07:07,0,-1,1,AA6835,0,2,30
4,5,12:10:39,0,-1,1,AA6835,0,2,121
5,6,12:12:51,0,-1,1,AA6835,0,2,60
6,7,12:29:17,0,-1,1,AA6835,0,2,883
7,8,12:31:59,0,-1,1,AA6835,0,2,151
8,9,12:33:52,0,-1,1,AA6835,0,2,102
9,10,12:34:55,0,-1,1,AA6835,0,2,32
10,12,12:37:57,0,-1,1,AA6835,1,2,171
12,13,12:39:38,0,-1,1,AA6835,0,2,81
13,14,12:40:59,0,-1,1,AA6835,0,2,40
14,15,12:42:53,0,-1,-1,AA6835,0,2,93
15,16,12:45:46,0,-1,1,AA6835,0,2,153
16,17,12:52:34,0,-1,1,AA6835,0,2,367
17,18,12:54:17,0,-1,1,AA6835,0,2,30
18,19,13:02:28,0,-1,2,AA6835,0,2,459
19,20,13:06:15,0,-1,1,AA6835,0,2,125
20,21,13:09:38,0,-1,1,AA6835,0,2,162
21,22,13:11:30,0,-1,-1,AA6835,0,2,60
0,1,13:21:33,0,-1,-1,AA6835,0,2,74
1,2,13:23:55,0,-1,3,AA6835,0,2,71
2,3,13:25:36,0,-1,2,AA6835,0,2,40
3,4,13:27:38,0,-1,1,AA6835,0,2,111
4,5,13:30:47,0,-1,1,AA6835,0,2,118
5,6,13:32:08,0,-1,1,AA6835,0,2,20
6,7,13:42:49,0,-1,1,AA6835,0,2,600
7,8,13:45:36,0,-1,2,AA6835,0,2,156
8,9,13:47:48,0,-1,1,AA6835,0,2,89
9,10,13:48:42,0,-1,1,AA6835,0,2,32
10,11,13:51:13,0,-1,1,AA6835,0,2,88
11,12,13:52:03,0,-1,1,AA6835,0,2,20
12,13,13:54:05,0,-1,1,AA6835,0,2,87
13,14,13:54:47,0,-1,1,AA6835,0,2,30
14,15,13:56:36,0,-1,-1,AA6835,0,2,78
15,16,13:58:30,0,-1,1,AA6835,0,2,103
16,17,14:04:44,0,-1,1,AA6835,0,2,343
17,18,14:07:38,0,-1,1,AA6835,0,2,92
18,19,14:18:34,0,-1,2,AA6835,0,2,565
19,20,14:21:18,0,-1,-1,AA6835,0,2,143
20,21,14:25:34,0,-1,1,AA6835,0,2,235
21,22,14:27:46,0,-1,-1,AA6835,0,2,90
0,1,14:42:12,0,-1,-1,AA6835,0,2,76
1,2,14:45:00,0,-1,3,AA6835,0,2,146
2,3,14:47:37,0,-1,2,AA6835,0,2,81
3,4,14:50:09,0,-1,1,AA6835,0,2,90
4,5,14:53:54,0,-1,1,AA6835,0,2,134
5,6,15:01:29,0,-1,1,AA6835,0,2,111
6,7,15:17:33,0,-1,1,AA6835,0,2,889
7,8,15:19:24,0,-1,2,AA6835,0,2,90
8,9,15:21:11,0,-1,1,AA6835,0,2,66
9,10,15:21:55,0,-1,1,AA6835,0,2,31
10,11,15:25:08,0,-1,1,AA6835,0,2,133
11,12,15:26:09,0,-1,1,AA6835,0,2,20
12,13,15:29:16,0,-1,1,AA6835,0,2,135
13,14,15:30:49,0,-1,2,AA6835,0,2,60
14,15,15:33:26,0,-1,-1,AA6835,0,2,112
15,16,15:36:20,0,-1,1,AA6835,0,2,142
16,17,15:45:33,0,-1,2,AA6835,0,2,484
17,18,15:50:44,0,-1,1,AA6835,0,2,236
18,19,15:59:37,0,-1,2,AA6835,0,2,457
19,20,16:02:44,0,-1,2,AA6835,0,2,105
20,21,16:06:49,0,-1,1,AA6835,0,2,193
21,22,16:08:43,0,-1,-1,AA6835,0,2,35
0,1,16:16:05,0,-1,-1,AA6835,0,2,98
1,2,16:18:26,0,-1,2,AA6835,0,2,42
2,3,16:20:18,0,-1,2,AA6835,0,2,91
3,4,16:23:10,0,-1,1,AA6835,0,2,85
4,5,16:26:26,0,-1,2,AA6835,0,2,128
5,6,16:33:18,0,-1,1,AA6835,0,2,170
6,7,16:46:02,0,-1,1,AA6835,0,2,711
7,8,16:47:49,0,-1,2,AA6835,0,2,85
8,9,16:49:56,0,-1,1,AA6835,0,2,31
9,10,16:50:39,0,-1,-1,AA6835,0,2,22
10,11,16:54:39,0,-1,-1,AA6835,0,2,219
11,12,16:55:23,0,-1,1,AA6835,0,2,21
12,13,16:56:54,0,-1,1,AA6835,0,2,70
13,14,16:57:53,0,-1,2,AA6835,0,2,36
14,15,17:00:21,0,-1,-1,AA6835,0,2,114
15,16,17:03:19,0,-1,1,AA6835,0,2,146
16,17,17:10:06,0,-1,2,AA6835,0,2,365
17,18,17:11:47,0,-1,1,AA6835,0,2,40
18,19,17:17:55,0,-1,3,AA6835,0,2,317
19,20,17:22:08,0,-1,2,AA6835,0,2,161
20,21,17:26:03,0,-1,1,AA6835,0,2,204
21,22,17:28:25,0,-1,-1,AA6835,0,2,111
0,1,17:42:25,0,-1,-1,AA6835,0,2,125
1,2,17:44:23,0,-1,3,AA6835,0,2,51
2,3,17:47:41,0,-1,2,AA6835,0,2,146
3,4,17:48:47,0,-1,1,AA6835,0,2,20
4,5,17:52:07,0,-1,2,AA6835,0,2,133
5,6,17:54:02,0,-1,1,AA6835,0,2,25
6,7,18:10:16,0,-1,1,AA6835,0,2,911
7,8,18:12:38,0,-1,1,AA6835,0,2,131
8,9,18:14:29,0,-1,1,AA6835,0,2,70
9,10,18:15:20,0,-1,1,AA6835,0,2,30
10,11,18:20:49,0,-1,1,AA6835,0,2,314
11,12,18:22:34,0,-1,1,AA6835,0,2,20
12,13,18:24:45,0,-1,1,AA6835,0,2,70
13,14,18:27:07,0,-1,2,AA6835,0,2,80
14,15,18:30:19,0,-1,-1,AA6835,0,2,101
15,16,18:33:53,0,-1,1,AA6835,0,2,183
16,17,18:40:58,0,-1,3,AA6835,0,2,374
17,18,18:43:23,0,-1,1,AA6835,0,2,50
18,19,18:52:39,0,-1,3,AA6835,0,2,526
19,20,18:55:44,0,-1,1,AA6835,0,2,80
20,21,19:00:38,0,-1,1,AA6835,0,2,223
21,22,19:03:05,0,-1,-1,AA6835,0,2,91
0,1,19:59:10,0,-1,-1,AA6835,0,2,91
1,2,20:01:02,0,-1,2,AA6835,0,2,41
2,3,20:03:04,0,-1,2,AA6835,0,2,60
3,4,20:05:25,0,-1,1,AA6835,0,2,131
4,5,20:08:17,0,-1,1,AA6835,0,2,121
5,6,20:09:28,0,-1,1,AA6835,0,2,20
6,7,20:19:18,0,-1,1,AA6835,0,2,549
7,9,20:23:22,0,-1,1,AA6835,1,2,203
9,10,20:24:43,0,-1,1,AA6835,0,2,40
10,11,20:27:35,0,-1,1,AA6835,0,2,80
11,12,20:28:25,0,-1,1,AA6835,0,2,20
12,13,20:30:07,0,-1,1,AA6835,0,2,70
13,14,20:31:07,0,-1,1,AA6835,0,2,30
14,15,20:32:48,0,-1,-1,AA6835,0,2,70
15,16,20:35:44,0,-1,1,AA6835,0,2,154
16,17,20:42:48,0,-1,1,AA6835,0,2,374
17,18,20:44:19,0,-1,1,AA6835,0,2,20
18,19,20:49:24,0,-1,2,AA6835,0,2,244
19,20,20:51:46,0,-1,1,AA6835,0,2,70
20,21,20:54:28,0,-1,1,AA6835,0,2,131
21,22,20:56:49,0,-1,-1,AA6835,0,2,91
0,1,21:08:32,0,-1,-1,AA6835,0,2,92
1,2,21:10:13,0,-1,-1,AA6835,0,2,80
2,3,21:12:25,0,-1,-1,AA6835,0,2,60
3,4,21:14:56,0,-1,-1,AA6835,0,2,80
4,5,21:17:38,0,-1,1,AA6835,0,2,121
5,6,21:18:49,0,-1,1,AA6835,0,2,20
6,7,21:27:37,0,-1,1,AA6835,0,2,492
7,8,21:29:48,0,-1,1,AA6835,0,2,121
8,9,21:30:59,0,-1,1,AA6835,0,2,40
9,10,21:31:40,0,-1,1,AA6835,0,2,20
10,11,21:35:08,0,-1,1,AA6835,0,2,106
11,12,21:36:08,0,-1,1,AA6835,0,2,20
12,13,21:37:50,0,-1,1,AA6835,0,2,70
13,14,21:39:05,0,-1,1,AA6835,0,2,30
14,15,21:40:57,0,-1,-1,AA6835,0,2,80
15,16,21:43:38,0,-1,1,AA6835,0,2,121
16,17,21:51:16,0,-1,3,AA6835,0,2,386
17,18,21:52:37,0,-1,1,AA6835,0,2,41
18,19,21:58:39,0,-1,1,AA6835,0,2,331
19,20,22:01:12,0,-1,1,AA6835,0,2,92
20,21,22:03:45,0,-1,1,AA6835,0,2,111
21,22,22:05:47,0,-1,-1,AA6835,0,2,81
0,1,22:26:23,0,-1,-1,AA6835,0,2,40
1,2,22:28:04,0,-1,2,AA6835,0,2,60
2,3,22:29:56,0,-1,2,AA6835,0,2,20
3,4,22:32:08,0,-1,1,AA6835,0,2,121
4,5,22:34:39,0,-1,1,AA6835,0,2,121
5,6,22:36:13,0,-1,1,AA6835,0,2,20
6,7,22:44:38,0,-1,1,AA6835,0,2,465
7,8,22:47:04,0,-1,1,AA6835,0,2,135
8,9,22:48:25,0,-1,1,AA6835,0,2,50
9,10,22:49:05,0,-1,1,AA6835,0,2,20
10,11,22:51:17,0,-1,1,AA6835,0,2,90
11,12,22:52:18,0,-1,1,AA6835,0,2,30
12,13,22:53:38,0,-1,1,AA6835,0,2,50
13,14,22:54:49,0,-1,1,AA6835,0,2,40
14,15,22:56:20,0,-1,-1,AA6835,0,2,50
15,16,22:58:13,0,-1,1,AA6835,0,2,91
16,17,23:05:08,0,-1,1,AA6835,0,2,363
17,18,23:06:59,0,-1,1,AA6835,0,2,30
18,19,23:11:03,0,-1,2,AA6835,0,2,203
19,20,23:12:34,0,-1,1,AA6835,0,2,50
20,21,23:15:57,0,-1,1,AA6835,0,2,192
21,22,23:17:48,0,-1,-1,AA6835,0,2,50
0,1,23:26:25,0,-1,-1,AA6835,0,2,30
1,2,23:28:06,0,-1,1,AA6835,0,2,70
2,3,23:29:47,0,-1,2,AA6835,0,2,30
3,4,23:32:09,0,-1,1,AA6835,0,2,80
4,5,23:34:44,0,-1,1,AA6835,0,2,114
5,6,23:35:55,0,-1,1,AA6835,0,2,20
6,7,23:44:57,0,-1,1,AA6835,0,2,488
7,8,23:46:48,0,-1,2,AA6835,0,2,101
8,9,23:47:49,0,-1,1,AA6835,0,2,40
9,10,23:48:59,0,-1,1,AA6835,0,2,30
10,11,23:50:53,0,-1,1,AA6835,0,2,42
11,12,23:51:33,0,-1,1,AA6835,0,2,30
12,13,23:53:34,0,-1,1,AA6835,0,2,90
13,14,23:54:35,0,-1,1,AA6835,0,2,40
14,15,23:55:56,0,-1,-1,AA6835,0,2,60
15,16,23:57:57,0,-1,1,AA6835,0,2,90
1,2,6:53:07,0,-1,1,AA7096,0,2,142
2,3,6:55:08,0,-1,2,AA7096,0,2,111
3,4,6:57:10,0,-1,1,AA7096,0,2,70
4,5,6:59:56,0,-1,1,AA7096,0,2,131
5,6,7:01:17,0,-1,1,AA7096,0,2,10
6,7,7:10:25,0,-1,1,AA7096,0,2,497
7,8,7:12:27,0,-1,2,AA7096,0,2,111
8,9,7:13:38,0,-1,1,AA7096,0,2,40
9,10,7:14:48,0,-1,1,AA7096,0,2,30
10,11,7:17:10,0,-1,1,AA7096,0,2,101
11,12,7:18:00,0,-1,1,AA7096,0,2,20
12,13,7:19:34,0,-1,1,AA7096,0,2,60
13,14,7:20:55,0,-1,1,AA7096,0,2,30
14,15,7:22:47,0,-1,-1,AA7096,0,2,41
15,16,7:25:09,0,-1,1,AA7096,0,2,91
16,17,7:32:37,0,-1,1,AA7096,0,2,387
17,18,7:33:48,0,-1,1,AA7096,0,2,30
18,19,7:38:45,0,-1,2,AA7096,0,2,256
19,20,7:43:39,0,-1,2,AA7096,0,2,283
20,21,7:47:14,0,-1,1,AA7096,0,2,195
21,22,7:49:36,0,-1,-1,AA7096,0,2,111
0,1,7:57:45,0,-1,-1,AA7096,0,2,80
1,2,8:00:07,0,-1,3,AA7096,0,2,60
2,3,8:03:45,0,-1,3,AA7096,0,2,117
3,4,8:10:44,0,-1,1,AA7096,0,2,307
4,5,8:14:37,0,-1,1,AA7096,0,2,141
5,6,8:16:49,0,-1,1,AA7096,0,2,40
6,7,8:26:37,0,-1,1,AA7096,0,2,537
7,8,8:28:39,0,-1,2,AA7096,0,2,111
8,9,8:30:35,0,-1,1,AA7096,0,2,65
9,10,8:31:36,0,-1,1,AA7096,0,2,30
10,11,8:33:37,0,-1,1,AA7096,0,2,60
11,12,8:35:08,0,-1,2,AA7096,0,2,60
12,13,8:40:04,0,-1,2,AA7096,0,2,214
13,14,8:41:56,0,-1,2,AA7096,0,2,71
14,15,8:44:08,0,-1,-1,AA7096,0,2,40
15,16,8:46:40,0,-1,1,AA7096,0,2,101
16,17,8:54:16,0,-1,1,AA7096,0,2,384
17,18,8:56:58,0,-1,1,AA7096,0,2,70
18,19,9:02:55,0,-1,3,AA7096,0,2,286
19,20,9:09:42,0,-1,2,AA7096,0,2,294
20,21,9:14:06,0,-1,1,AA7096,0,2,253
21,22,9:16:28,0,-1,-1,AA7096,0,2,91
0,1,9:24:37,0,-1,-1,AA7096,0,2,111
1,2,9:26:38,0,-1,3,AA7096,0,2,101
2,3,9:29:55,0,-1,3,AA7096,0,2,176
3,4,9:32:37,0,-1,1,AA7096,0,2,101
4,5,9:36:35,0,-1,2,AA7096,0,2,228
5,6,9:38:26,0,-1,1,AA7096,0,2,20
6,7,9:49:07,0,-1,2,AA7096,0,2,549
7,8,9:51:18,0,-1,2,AA7096,0,2,121
8,9,9:54:33,0,-1,1,AA7096,0,2,53
9,10,9:55:14,0,-1,1,AA7096,0,2,30
10,11,9:57:56,0,-1,1,AA7096,0,2,102
11,12,9:58:57,0,-1,1,AA7096,0,2,20
12,13,10:00:18,0,-1,1,AA7096,0,2,50
13,14,10:01:31,0,-1,1,AA7096,0,2,30
14,15,10:02:42,0,-1,-1,AA7096,0,2,40
15,16,10:04:54,0,-1,1,AA7096,0,2,70
16,17,10:11:49,0,-1,1,AA7096,0,2,375
17,18,10:13:13,0,-1,1,AA7096,0,2,30
18,19,10:18:57,0,-1,3,AA7096,0,2,293
19,20,10:21:59,0,-1,2,AA7096,0,2,111
20,21,10:25:13,0,-1,1,AA7096,0,2,143
21,22,10:27:25,0,-1,-1,AA7096,0,2,90
0,1,10:38:47,0,-1,-1,AA7096,0,2,70
1,2,10:40:49,0,-1,3,AA7096,0,2,50
2,3,10:43:33,0,-1,2,AA7096,0,2,114
3,4,10:44:54,0,-1,1,AA7096,0,2,40
4,5,10:48:48,0,-1,1,AA7096,0,2,152
5,6,10:50:19,0,-1,1,AA7096,0,2,30
6,7,11:02:42,0,-1,1,AA7096,0,2,682
7,8,11:04:33,0,-1,2,AA7096,0,2,101
8,9,11:06:35,0,-1,1,AA7096,0,2,91
9,10,11:07:15,0,-1,1,AA7096,0,2,30
10,11,11:10:38,0,-1,1,AA7096,0,2,101
11,12,11:11:49,0,-1,1,AA7096,0,2,30
12,13,11:13:44,0,-1,1,AA7096,0,2,74
13,14,11:15:05,0,-1,1,AA7096,0,2,40
14,15,11:16:47,0,-1,-1,AA7096,0,2,40
15,16,11:19:19,0,-1,1,AA7096,0,2,90
16,17,11:26:47,0,-1,2,AA7096,0,2,397
17,18,11:28:28,0,-1,1,AA7096,0,2,30
18,19,11:37:20,0,-1,3,AA7096,0,2,451
19,20,11:41:46,0,-1,-1,AA7096,0,2,171
20,21,11:43:47,0,-1,-1,AA7096,0,2,80
21,22,11:46:19,0,-1,-1,AA7096,0,2,101
0,2,11:31:50,0,-1,2,AA7149,1,2,192
2,3,11:33:46,0,-1,2,AA7149,0,2,30
3,4,11:36:38,0,-1,1,AA7149,0,2,81
4,5,11:40:45,0,-1,-1,AA7149,0,2,151
5,6,11:42:16,0,-1,-1,AA7149,0,2,20
6,7,11:53:38,0,-1,1,AA7149,0,2,620
7,8,11:56:12,0,-1,2,AA7149,0,2,134
8,9,11:58:24,0,-1,1,AA7149,0,2,101
9,10,11:59:15,0,-1,1,AA7149,0,2,30
10,11,12:02:48,0,-1,1,AA7149,0,2,142
11,12,12:03:59,0,-1,1,AA7149,0,2,30
12,13,12:05:56,0,-1,1,AA7149,0,2,76
13,14,12:06:56,0,-1,1,AA7149,0,2,30
14,15,12:08:38,0,-1,-1,AA7149,0,2,40
15,16,12:11:40,0,-1,1,AA7149,0,2,151
16,17,12:18:57,0,-1,1,AA7149,0,2,386
17,18,12:23:20,0,-1,1,AA7149,0,2,182
18,19,12:38:07,0,-1,3,AA7149,0,2,782
19,20,12:41:19,0,-1,2,AA7149,0,2,101
20,21,12:43:23,0,-1,1,AA7149,0,2,103
21,22,12:45:26,0,-1,-1,AA7149,0,2,91
0,1,12:56:29,0,-1,-1,AA7149,0,2,60
1,2,12:59:46,0,-1,3,AA7149,0,2,70
2,3,13:03:49,0,-1,2,AA7149,0,2,60
3,4,13:05:44,0,-1,1,AA7149,0,2,24
4,5,13:09:08,0,-1,1,AA7149,0,2,132
5,6,13:11:09,0,-1,1,AA7149,0,2,20
6,7,13:23:45,0,-1,2,AA7149,0,2,694
7,8,13:26:07,0,-1,2,AA7149,0,2,131
8,9,13:27:48,0,-1,1,AA7149,0,2,91
9,10,13:28:49,0,-1,1,AA7149,0,2,20
10,11,13:32:08,0,-1,1,AA7149,0,2,179
11,12,13:33:29,0,-1,1,AA7149,0,2,30
12,13,13:35:10,0,-1,1,AA7149,0,2,71
13,14,13:36:23,0,-1,2,AA7149,0,2,40
14,15,13:38:08,0,-1,-1,AA7149,0,2,84
15,16,13:40:55,0,-1,1,AA7149,0,2,135
16,17,13:48:00,0,-1,1,AA7149,0,2,372
17,18,13:49:54,0,-1,1,AA7149,0,2,52
18,19,13:56:36,0,-1,2,AA7149,0,2,337
19,20,14:00:06,0,-1,2,AA7149,0,2,198
20,21,14:02:56,0,-1,1,AA7149,0,2,159
21,22,14:04:55,0,-1,-1,AA7149,0,2,87
0,1,14:16:44,0,-1,-1,AA7149,0,2,56
1,3,14:21:39,0,-1,-1,AA7149,1,2,281
3,4,14:26:15,0,-1,1,AA7149,0,2,105
4,5,14:30:28,0,-1,1,AA7149,0,2,151
5,6,14:35:20,0,-1,1,AA7149,0,2,95
6,7,14:48:38,0,-1,2,AA7149,0,2,724
7,8,14:50:39,0,-1,2,AA7149,0,2,101
8,9,14:53:04,0,-1,1,AA7149,0,2,93
9,10,14:54:04,0,-1,1,AA7149,0,2,20
10,11,14:57:06,0,-1,1,AA7149,0,2,101
11,12,14:57:57,0,-1,1,AA7149,0,2,40
12,13,15:02:00,0,-1,2,AA7149,0,2,121
13,14,15:03:14,0,-1,1,AA7149,0,2,30
14,15,15:05:05,0,-1,-1,AA7149,0,2,60
15,16,15:07:47,0,-1,1,AA7149,0,2,80
16,17,15:14:47,0,-1,1,AA7149,0,2,362
17,18,15:21:35,0,-1,1,AA7149,0,2,241
18,19,15:33:16,0,-1,2,AA7149,0,2,610
19,20,15:34:54,0,-1,2,AA7149,0,2,55
20,21,15:37:49,0,-1,1,AA7149,0,2,144
21,22,15:40:08,0,-1,-1,AA7149,0,2,93
0,1,15:50:34,0,-1,-1,AA7149,0,2,149
1,2,15:53:12,0,-1,2,AA7149,0,2,72
2,3,15:55:45,0,-1,2,AA7149,0,2,88
3,4,15:57:39,0,-1,1,AA7149,0,2,83
4,5,16:01:39,0,-1,2,AA7149,0,2,175
5,6,16:04:07,0,-1,1,AA7149,0,2,62
6,7,16:19:18,0,-1,1,AA7149,0,2,852
7,8,16:21:34,0,-1,2,AA7149,0,2,115
8,9,16:23:10,0,-1,1,AA7149,0,2,63
9,10,16:24:18,0,-1,1,AA7149,0,2,25
10,11,16:27:08,0,-1,1,AA7149,0,2,147
11,12,16:28:10,0,-1,1,AA7149,0,2,21
12,13,16:29:45,0,-1,1,AA7149,0,2,62
13,14,16:31:04,0,-1,2,AA7149,0,2,68
14,15,16:33:18,0,-1,-1,AA7149,0,2,31
15,16,16:36:48,0,-1,1,AA7149,0,2,189
16,17,16:43:51,0,-1,2,AA7149,0,2,361
17,18,16:46:34,0,-1,1,AA7149,0,2,108
18,19,16:53:45,0,-1,-1,AA7149,0,2,377
19,20,16:58:56,0,-1,1,AA7149,0,2,192
20,21,17:02:26,0,-1,1,AA7149,0,2,188
21,22,17:04:44,0,-1,-1,AA7149,0,2,85
0,1,17:17:45,0,-1,-1,AA7149,0,2,95
1,2,17:20:17,0,-1,3,AA7149,0,2,70
2,3,17:23:39,0,-1,2,AA7149,0,2,181
3,4,17:26:23,0,-1,1,AA7149,0,2,103
4,5,17:30:46,0,-1,1,AA7149,0,2,181
5,6,17:32:07,0,-1,1,AA7149,0,2,30
6,7,17:46:36,0,-1,1,AA7149,0,2,818
7,8,17:48:37,0,-1,2,AA7149,0,2,110
8,9,17:49:53,0,-1,1,AA7149,0,2,31
9,10,17:50:54,0,-1,1,AA7149,0,2,30
10,11,17:54:54,0,-1,1,AA7149,0,2,135
11,12,17:56:10,0,-1,1,AA7149,0,2,20
12,13,17:57:57,0,-1,1,AA7149,0,2,83
13,15,18:01:43,0,-1,-1,AA7149,1,2,195
15,16,18:06:34,0,-1,1,AA7149,0,2,205
16,17,18:14:19,0,-1,3,AA7149,0,2,404
17,18,18:18:07,0,-1,1,AA7149,0,2,141
18,19,18:31:50,0,-1,3,AA7149,0,2,752
19,20,18:34:54,0,-1,2,AA7149,0,2,80
20,21,18:42:22,0,-1,1,AA7149,0,2,376
21,22,18:44:34,0,-1,-1,AA7149,0,2,101
0,1,18:57:46,0,-1,-1,AA7149,0,2,61
1,2,19:00:38,0,-1,3,AA7149,0,2,121
2,3,19:02:14,0,-1,2,AA7149,0,2,40
3,4,19:06:37,0,-1,1,AA7149,0,2,222
4,5,19:10:10,0,-1,2,AA7149,0,2,131
5,6,19:11:23,0,-1,1,AA7149,0,2,30
6,7,19:23:35,0,-1,1,AA7149,0,2,680
7,8,19:25:36,0,-1,2,AA7149,0,2,111
8,9,19:26:57,0,-1,1,AA7149,0,2,40
9,10,19:27:58,0,-1,1,AA7149,0,2,30
10,11,19:31:00,0,-1,1,AA7149,0,2,101
11,12,19:31:55,0,-1,1,AA7149,0,2,35
12,13,19:34:47,0,-1,1,AA7149,0,2,131
13,14,19:36:28,0,-1,2,AA7149,0,2,50
14,15,19:38:19,0,-1,-1,AA7149,0,2,91
15,16,19:39:54,0,-1,1,AA7149,0,2,64
16,17,19:46:48,0,-1,1,AA7149,0,2,353
17,18,19:48:32,0,-1,1,AA7149,0,2,32
18,19,19:54:56,0,-1,2,AA7149,0,2,333
19,20,19:58:29,0,-1,1,AA7149,0,2,141
20,21,20:01:53,0,-1,1,AA7149,0,2,173
21,22,20:03:54,0,-1,-1,AA7149,0,2,101
17,18,20:55:28,0,-1,1,AA7149,0,2,40
18,19,20:59:44,0,-1,2,AA7149,0,2,225
19,20,21:03:16,0,-1,1,AA7149,0,2,161
20,21,21:06:49,0,-1,1,AA7149,0,2,182
21,22,21:08:52,0,-1,-1,AA7149,0,2,82
0,2,21:28:27,0,-1,2,AA7149,1,2,171
2,3,21:30:39,0,-1,2,AA7149,0,2,111
3,4,21:33:22,0,-1,1,AA7149,0,2,71
4,5,21:36:18,0,-1,2,AA7149,0,2,111
5,6,21:37:50,0,-1,1,AA7149,0,2,30
6,7,21:56:34,0,-1,1,AA7149,0,2,1078
7,8,21:57:59,0,-1,2,AA7149,0,2,74
8,9,21:58:59,0,-1,1,AA7149,0,2,40
9,10,21:59:30,0,-1,1,AA7149,0,2,20
10,11,22:04:25,0,-1,1,AA7149,0,2,182
11,12,22:05:47,0,-1,1,AA7149,0,2,40
12,13,22:07:48,0,-1,1,AA7149,0,2,70
13,14,22:09:19,0,-1,1,AA7149,0,2,40
14,15,22:11:22,0,-1,-1,AA7149,0,2,30
15,16,22:13:44,0,-1,1,AA7149,0,2,102
16,17,22:20:53,0,-1,1,AA7149,0,2,367
17,18,22:22:04,0,-1,1,AA7149,0,2,30
18,19,22:27:13,0,-1,2,AA7149,0,2,258
19,20,22:29:26,0,-1,1,AA7149,0,2,71
20,21,22:31:58,0,-1,1,AA7149,0,2,131
21,22,22:33:39,0,-1,-1,AA7149,0,2,90
0,1,22:40:56,0,-1,-1,AA7149,0,2,70
1,2,22:43:07,0,-1,2,AA7149,0,2,60
2,3,22:44:59,0,-1,2,AA7149,0,2,20
3,4,22:47:14,0,-1,1,AA7149,0,2,84
4,5,22:49:56,0,-1,1,AA7149,0,2,131
5,6,22:51:07,0,-1,1,AA7149,0,2,20
6,7,22:59:24,0,-1,1,AA7149,0,2,456
7,8,23:01:46,0,-1,2,AA7149,0,2,131
8,9,23:02:56,0,-1,1,AA7149,0,2,50
9,10,23:03:47,0,-1,1,AA7149,0,2,20
10,11,23:06:59,0,-1,1,AA7149,0,2,121
11,12,23:07:50,0,-1,1,AA7149,0,2,30
12,13,23:09:31,0,-1,1,AA7149,0,2,60
13,14,23:10:43,0,-1,1,AA7149,0,2,41
14,15,23:12:45,0,-1,-1,AA7149,0,2,30
15,16,23:15:16,0,-1,1,AA7149,0,2,101
16,17,23:22:02,0,-1,1,AA7149,0,2,354
17,18,23:23:13,0,-1,1,AA7149,0,2,30
18,19,23:27:25,0,-1,2,AA7149,0,2,222
19,20,23:30:58,0,-1,1,AA7149,0,2,141
20,21,23:34:20,0,-1,1,AA7149,0,2,181
21,22,23:36:48,0,-1,-1,AA7149,0,2,94
0,1,6:29:38,0,-1,-1,AA7195,0,2,30
1,2,6:31:29,0,-1,-1,AA7195,0,2,30
2,3,6:33:06,0,-1,-1,AA7195,0,2,10
3,4,6:35:37,0,-1,1,AA7195,0,2,60
4,5,6:38:19,0,-1,1,AA7195,0,2,111
6,7,6:48:29,0,-1,1,AA7195,0,2,455
7,11,6:54:48,0,-1,1,AA7195,3,2,315
11,12,6:55:29,0,-1,1,AA7195,0,2,30
12,13,6:56:29,0,-1,1,AA7195,0,2,50
13,14,6:57:20,0,-1,1,AA7195,0,2,40
14,15,6:58:35,0,-1,-1,AA7195,0,2,30
15,16,7:01:07,0,-1,1,AA7195,0,2,91
16,17,7:07:43,0,-1,1,AA7195,0,2,376
17,18,7:08:44,0,-1,1,AA7195,0,2,30
18,19,7:13:07,0,-1,2,AA7195,0,2,222
19,21,7:19:14,0,-1,1,AA7195,1,2,325
21,22,7:21:45,0,-1,-1,AA7195,0,2,101
0,1,7:32:58,0,-1,-1,AA7195,0,2,40
1,3,7:37:44,0,-1,2,AA7195,1,2,266
3,5,7:46:03,0,-1,1,AA7195,1,2,468
5,6,7:47:24,0,-1,1,AA7195,0,2,40
6,8,7:59:17,0,-1,2,AA7195,1,2,661
8,10,8:02:10,0,-1,1,AA7195,1,2,162
10,11,8:04:36,0,-1,1,AA7195,0,2,121
11,12,8:05:37,0,-1,1,AA7195,0,2,30
12,13,8:06:58,0,-1,1,AA7195,0,2,50
13,14,8:08:09,0,-1,1,AA7195,0,2,60
14,15,8:10:10,0,-1,-1,AA7195,0,2,111
15,16,8:14:17,0,-1,1,AA7195,0,2,222
16,17,8:21:03,0,-1,1,AA7195,0,2,385
17,18,8:22:54,0,-1,1,AA7195,0,2,70
18,19,8:28:29,0,-1,3,AA7195,0,2,283
19,20,8:33:07,0,-1,2,AA7195,0,2,187
20,21,8:36:40,0,-1,1,AA7195,0,2,202
21,22,8:39:14,0,-1,-1,AA7195,0,2,93
0,2,8:53:46,0,-1,3,AA7195,1,2,232
2,3,8:58:09,0,-1,3,AA7195,0,2,202
3,4,9:02:25,0,-1,1,AA7195,0,2,205
4,5,9:06:29,0,-1,1,AA7195,0,2,182
5,6,9:08:30,0,-1,1,AA7195,0,2,40
6,7,9:18:50,0,-1,1,AA7195,0,2,590
7,8,9:21:04,0,-1,1,AA7195,0,2,123
8,9,9:22:45,0,-1,1,AA7195,0,2,60
9,10,9:23:26,0,-1,1,AA7195,0,2,30
10,11,9:25:07,0,-1,1,AA7195,0,2,60
11,12,9:25:48,0,-1,1,AA7195,0,2,30
12,13,9:27:49,0,-1,1,AA7195,0,2,70
13,14,9:28:39,0,-1,1,AA7195,0,2,40
14,15,9:30:05,0,-1,-1,AA7195,0,2,30
15,16,9:32:07,0,-1,1,AA7195,0,2,111
16,17,9:38:47,0,-1,2,AA7195,0,2,379
17,18,9:39:58,0,-1,1,AA7195,0,2,50
18,19,9:45:54,0,-1,2,AA7195,0,2,325
19,20,9:49:17,0,-1,1,AA7195,0,2,152
20,21,9:52:19,0,-1,1,AA7195,0,2,171
21,22,9:54:53,0,-1,-1,AA7195,0,2,93
0,1,10:07:57,0,-1,-1,AA7195,0,2,92
1,3,10:11:39,0,-1,2,AA7195,1,2,192
3,4,10:14:44,0,-1,1,AA7195,0,2,80
4,5,10:18:27,0,-1,1,AA7195,0,2,121
5,6,10:20:18,0,-1,1,AA7195,0,2,50
6,8,10:31:19,0,-1,2,AA7195,1,2,650
8,9,10:33:43,0,-1,1,AA7195,0,2,124
9,10,10:34:34,0,-1,1,AA7195,0,2,30
10,11,10:38:27,0,-1,1,AA7195,0,2,172
11,12,10:39:28,0,-1,1,AA7195,0,2,30
12,13,10:41:09,0,-1,1,AA7195,0,2,70
13,14,10:42:20,0,-1,1,AA7195,0,2,40
14,15,10:43:54,0,-1,-1,AA7195,0,2,63
15,16,10:47:06,0,-1,1,AA7195,0,2,182
16,17,10:55:16,0,-1,2,AA7195,0,2,479
17,18,10:56:57,0,-1,1,AA7195,0,2,60
18,19,11:05:04,0,-1,2,AA7195,0,2,436
19,20,11:09:27,0,-1,2,AA7195,0,2,182
20,21,11:12:19,0,-1,1,AA7195,0,2,161
21,22,11:14:45,0,-1,-1,AA7195,0,2,95
0,1,11:51:25,0,-1,-1,AA7195,0,2,2128
1,2,11:53:48,0,-1,2,AA7195,0,2,51
2,3,11:56:12,0,-1,2,AA7195,0,2,52
3,4,11:58:35,0,-1,1,AA7195,0,2,80
4,5,12:02:18,0,-1,1,AA7195,0,2,122
5,6,12:03:49,0,-1,1,AA7195,0,2,20
6,7,12:17:05,0,-1,1,AA7195,0,2,689
7,8,12:18:57,0,-1,2,AA7195,0,2,101
8,9,12:21:19,0,-1,1,AA7195,0,2,131
9,10,12:22:09,0,-1,1,AA7195,0,2,40
10,11,12:25:04,0,-1,1,AA7195,0,2,103
11,12,12:26:15,0,-1,1,AA7195,0,2,40
12,13,12:28:47,0,-1,1,AA7195,0,2,121
13,14,12:29:48,0,-1,1,AA7195,0,2,40
14,15,12:31:09,0,-1,-1,AA7195,0,2,30
15,16,12:34:12,0,-1,1,AA7195,0,2,163
16,17,12:42:10,0,-1,1,AA7195,0,2,425
17,18,12:46:37,0,-1,1,AA7195,0,2,131
18,19,12:54:58,0,-1,2,AA7195,0,2,379
19,21,12:59:56,0,-1,1,AA7195,1,2,257
21,22,13:02:07,0,-1,-1,AA7195,0,2,121
0,1,13:12:00,0,-1,-1,AA7195,0,2,50
1,2,13:14:44,0,-1,3,AA7195,0,2,143
2,3,13:17:36,0,-1,3,AA7195,0,2,111
3,4,13:20:19,0,-1,1,AA7195,0,2,122
4,5,13:23:45,0,-1,1,AA7195,0,2,121
5,6,13:25:16,0,-1,1,AA7195,0,2,10
6,7,13:37:57,0,-1,1,AA7195,0,2,679
7,8,13:39:32,0,-1,2,AA7195,0,2,84
8,9,13:41:57,0,-1,1,AA7195,0,2,62
9,10,13:42:59,0,-1,1,AA7195,0,2,30
10,11,13:45:26,0,-1,1,AA7195,0,2,94
11,12,13:46:19,0,-1,1,AA7195,0,2,22
12,13,13:48:42,0,-1,1,AA7195,0,2,105
13,14,13:49:44,0,-1,1,AA7195,0,2,41
14,15,13:51:33,0,-1,-1,AA7195,0,2,34
15,16,13:54:05,0,-1,1,AA7195,0,2,132
16,17,14:01:08,0,-1,1,AA7195,0,2,360
17,18,14:03:06,0,-1,1,AA7195,0,2,51
18,19,14:11:55,0,-1,2,AA7195,0,2,497
19,22,14:21:49,0,-1,-1,AA7195,2,2,508
0,1,14:29:37,0,-1,-1,AA7195,0,2,40
1,2,14:31:28,0,-1,3,AA7195,0,2,30
2,3,14:33:44,0,-1,3,AA7195,0,2,53
3,4,14:36:13,0,-1,1,AA7195,0,2,74
4,5,14:39:22,0,-1,1,AA7195,0,2,117
5,6,14:43:05,0,-1,1,AA7195,0,2,180
6,8,15:00:19,0,-1,2,AA7195,1,2,971
8,9,15:04:04,0,-1,1,AA7195,0,2,175
10,13,15:10:33,0,-1,1,AA7195,2,2,337
13,14,15:14:06,0,-1,1,AA7195,0,2,192
14,15,15:16:10,0,-1,-1,AA7195,0,2,113
15,16,15:19:14,0,-1,1,AA7195,0,2,163
16,17,15:26:09,0,-1,2,AA7195,0,2,384
17,18,15:30:29,0,-1,1,AA7195,0,2,105
18,19,15:39:15,0,-1,2,AA7195,0,2,515
19,22,15:47:08,0,-1,-1,AA7195,2,2,379
0,1,7:41:17,0,-1,-1,AA7242,0,2,81
1,2,7:44:29,0,-1,3,AA7242,0,2,80
2,3,7:48:15,0,-1,3,AA7242,0,2,131
3,4,7:52:38,0,-1,-1,AA7242,0,2,111
4,5,7:56:04,0,-1,1,AA7242,0,2,135
5,6,7:58:16,0,-1,1,AA7242,0,2,40
6,7,8:08:49,0,-1,2,AA7242,0,2,582
7,8,8:11:45,0,-1,3,AA7242,0,2,135
8,9,8:13:26,0,-1,1,AA7242,0,2,70
9,10,8:14:37,0,-1,1,AA7242,0,2,20
10,11,8:16:49,0,-1,1,AA7242,0,2,101
11,12,8:17:50,0,-1,1,AA7242,0,2,30
12,13,8:19:52,0,-1,1,AA7242,0,2,80
13,14,8:21:13,0,-1,2,AA7242,0,2,40
14,15,8:23:05,0,-1,-1,AA7242,0,2,70
15,16,8:27:18,0,-1,1,AA7242,0,2,222
16,17,8:34:18,0,-1,1,AA7242,0,2,369
17,18,8:35:39,0,-1,1,AA7242,0,2,40
18,19,8:40:35,0,-1,2,AA7242,0,2,234
19,20,8:45:09,0,-1,2,AA7242,0,2,223
20,21,8:49:03,0,-1,1,AA7242,0,2,213
21,22,8:51:14,0,-1,-1,AA7242,0,2,101
0,1,8:59:43,0,-1,-1,AA7242,0,2,94
1,2,9:01:34,0,-1,3,AA7242,0,2,60
2,3,9:05:58,0,-1,3,AA7242,0,2,152
3,4,9:10:53,0,-1,1,AA7242,0,2,193
4,5,9:14:57,0,-1,1,AA7242,0,2,152
5,6,9:17:40,0,-1,1,AA7242,0,2,50
6,7,9:29:45,0,-1,1,AA7242,0,2,674
7,8,9:32:37,0,-1,2,AA7242,0,2,151
8,9,9:34:28,0,-1,1,AA7242,0,2,91
9,10,9:35:39,0,-1,1,AA7242,0,2,30
10,11,9:38:57,0,-1,1,AA7242,0,2,141
11,12,9:39:47,0,-1,1,AA7242,0,2,20
12,13,9:41:29,0,-1,2,AA7242,0,2,70
13,14,9:42:19,0,-1,1,AA7242,0,2,30
14,15,9:43:53,0,-1,-1,AA7242,0,2,32
15,16,9:46:45,0,-1,1,AA7242,0,2,141
16,17,9:54:00,0,-1,1,AA7242,0,2,384
17,18,9:56:14,0,-1,1,AA7242,0,2,60
18,19,10:02:01,0,-1,2,AA7242,0,2,296
19,20,10:05:04,0,-1,1,AA7242,0,2,121
20,21,10:08:37,0,-1,1,AA7242,0,2,193
21,22,10:10:49,0,-1,-1,AA7242,0,2,91
0,1,10:19:07,0,-1,-1,AA7242,0,2,40
1,2,10:22:20,0,-1,2,AA7242,0,2,91
2,3,10:25:54,0,-1,2,AA7242,0,2,60
3,4,10:28:37,0,-1,1,AA7242,0,2,60
4,5,10:32:19,0,-1,1,AA7242,0,2,141
5,6,10:33:53,0,-1,1,AA7242,0,2,20
6,7,10:44:24,0,-1,1,AA7242,0,2,579
7,8,10:46:25,0,-1,1,AA7242,0,2,111
8,9,10:48:48,0,-1,1,AA7242,0,2,122
9,10,10:49:49,0,-1,1,AA7242,0,2,20
10,11,10:52:03,0,-1,1,AA7242,0,2,94
11,12,10:52:54,0,-1,1,AA7242,0,2,20
12,13,10:54:35,0,-1,1,AA7242,0,2,60
13,14,10:55:26,0,-1,1,AA7242,0,2,40
14,15,10:56:47,0,-1,-1,AA7242,0,2,50
15,16,10:58:58,0,-1,1,AA7242,0,2,111
16,17,11:05:55,0,-1,2,AA7242,0,2,365
17,18,11:07:15,0,-1,1,AA7242,0,2,40
18,19,11:14:55,0,-1,2,AA7242,0,2,408
19,20,11:17:17,0,-1,1,AA7242,0,2,70
20,21,11:19:49,0,-1,1,AA7242,0,2,131
21,22,11:21:30,0,-1,-1,AA7242,0,2,91
0,1,11:36:28,0,-1,-1,AA7242,0,2,81
1,2,11:38:24,0,-1,2,AA7242,0,2,84
2,3,11:41:36,0,-1,-1,AA7242,0,2,80
3,4,11:44:38,0,-1,-1,AA7242,0,2,80
4,5,11:48:03,0,-1,1,AA7242,0,2,123
5,6,11:49:54,0,-1,1,AA7242,0,2,40
6,7,12:01:57,0,-1,1,AA7242,0,2,672
7,8,12:03:59,0,-1,2,AA7242,0,2,111
8,9,12:05:46,0,-1,1,AA7242,0,2,86
9,10,12:06:36,0,-1,1,AA7242,0,2,30
10,12,12:09:28,0,-1,1,AA7242,1,2,91
12,13,12:11:09,0,-1,1,AA7242,0,2,60
13,14,12:12:10,0,-1,1,AA7242,0,2,30
14,15,12:13:21,0,-1,-1,AA7242,0,2,30
15,16,12:15:24,0,-1,1,AA7242,0,2,91
16,17,12:22:40,0,-1,1,AA7242,0,2,394
17,18,12:31:29,0,-1,1,AA7242,0,2,394
18,19,12:41:29,0,-1,2,AA7242,0,2,519
19,20,12:43:03,0,-1,2,AA7242,0,2,83
20,21,12:45:36,0,-1,1,AA7242,0,2,142
21,22,12:47:47,0,-1,-1,AA7242,0,2,90
0,1,15:28:02,0,-1,-1,AA7242,0,2,30
1,2,15:29:48,0,-1,3,AA7242,0,2,52
2,3,15:31:54,0,-1,3,AA7242,0,2,54
3,4,15:34:20,0,-1,1,AA7242,0,2,84
4,5,15:37:17,0,-1,1,AA7242,0,2,131
5,6,15:43:18,0,-1,1,AA7242,0,2,200
6,7,15:56:48,0,-1,2,AA7242,0,2,749
7,8,15:59:04,0,-1,1,AA7242,0,2,126
8,9,16:00:38,0,-1,1,AA7242,0,2,60
9,10,16:01:18,0,-1,1,AA7242,0,2,30
10,11,16:03:04,0,-1,1,AA7242,0,2,63
11,12,16:04:07,0,-1,1,AA7242,0,2,31
12,13,16:05:57,0,-1,1,AA7242,0,2,73
13,14,16:06:59,0,-1,2,AA7242,0,2,41
14,15,16:09:08,0,-1,-1,AA7242,0,2,25
15,16,16:12:14,0,-1,1,AA7242,0,2,151
16,17,16:19:18,0,-1,2,AA7242,0,2,382
17,18,16:21:20,0,-1,1,AA7242,0,2,102
18,19,16:32:16,0,-1,3,AA7242,0,2,579
19,20,16:35:35,0,-1,1,AA7242,0,2,146
20,21,16:38:00,0,-1,1,AA7242,0,2,125
21,22,16:40:19,0,-1,-1,AA7242,0,2,105
0,1,16:52:49,0,-1,-1,AA7242,0,2,43
1,3,16:58:05,0,-1,2,AA7242,1,2,194
3,4,17:00:52,0,-1,1,AA7242,0,2,94
4,5,17:04:20,0,-1,2,AA7242,0,2,134
5,6,17:05:37,0,-1,1,AA7242,0,2,10
6,7,17:16:54,0,-1,1,AA7242,0,2,616
7,8,17:18:56,0,-1,2,AA7242,0,2,111
8,9,17:20:27,0,-1,1,AA7242,0,2,40
9,10,17:21:07,0,-1,1,AA7242,0,2,30
10,11,17:25:00,0,-1,1,AA7242,0,2,141
11,12,17:25:53,0,-1,1,AA7242,0,2,20
12,13,17:27:34,0,-1,1,AA7242,0,2,60
13,14,17:29:46,0,-1,2,AA7242,0,2,91
14,15,17:32:37,0,-1,-1,AA7242,0,2,50
15,16,17:36:04,0,-1,1,AA7242,0,2,114
16,17,17:43:32,0,-1,1,AA7242,0,2,405
17,18,17:46:36,0,-1,1,AA7242,0,2,102
18,19,17:56:44,0,-1,3,AA7242,0,2,563
19,20,18:00:19,0,-1,1,AA7242,0,2,121
20,21,18:06:54,0,-1,1,AA7242,0,2,364
21,22,18:10:16,0,-1,-1,AA7242,0,2,111
0,1,18:18:17,0,-1,-1,AA7242,0,2,40
1,2,18:20:09,0,-1,3,AA7242,0,2,30
2,3,18:22:24,0,-1,3,AA7242,0,2,50
3,4,18:26:47,0,-1,1,AA7242,0,2,192
4,5,18:30:29,0,-1,3,AA7242,0,2,151
5,6,18:36:25,0,-1,1,AA7242,0,2,295
6,8,18:53:20,0,-1,1,AA7242,1,2,933
8,9,18:55:54,0,-1,1,AA7242,0,2,70
9,10,18:56:44,0,-1,1,AA7242,0,2,30
10,11,19:01:13,0,-1,1,AA7242,0,2,186
11,12,19:02:14,0,-1,2,AA7242,0,2,40
12,13,19:07:18,0,-1,1,AA7242,0,2,182
13,14,19:10:33,0,-1,2,AA7242,0,2,134
14,15,19:13:05,0,-1,-1,AA7242,0,2,101
15,16,19:15:26,0,-1,1,AA7242,0,2,70
16,17,19:23:25,0,-1,3,AA7242,0,2,447
17,18,19:24:35,0,-1,1,AA7242,0,2,20
18,19,19:31:20,0,-1,2,AA7242,0,2,353
19,20,19:34:37,0,-1,1,AA7242,0,2,161
20,21,19:38:19,0,-1,1,AA7242,0,2,202
21,22,19:39:54,0,-1,-1,AA7242,0,2,84
0,1,20:51:05,0,-1,-1,AA7242,0,2,50
1,2,20:52:36,0,-1,1,AA7242,0,2,30
2,3,20:54:17,0,-1,2,AA7242,0,2,40
3,4,20:55:48,0,-1,1,AA7242,0,2,50
4,5,20:59:24,0,-1,1,AA7242,0,2,134
5,6,21:00:35,0,-1,1,AA7242,0,2,20
6,7,21:10:03,0,-1,1,AA7242,0,2,527
7,8,21:12:15,0,-1,-1,AA7242,0,2,111
8,9,21:13:46,0,-1,-1,AA7242,0,2,40
9,10,21:14:36,0,-1,-1,AA7242,0,2,30
10,11,21:17:38,0,-1,1,AA7242,0,2,101
11,12,21:19:24,0,-1,1,AA7242,0,2,34
12,13,21:21:05,0,-1,1,AA7242,0,2,60
13,14,21:22:29,0,-1,1,AA7242,0,2,40
14,15,21:24:35,0,-1,-1,AA7242,0,2,50
15,16,21:27:06,0,-1,1,AA7242,0,2,101
16,17,21:34:12,0,-1,1,AA7242,0,2,375
17,18,21:36:18,0,-1,1,AA7242,0,2,70
18,19,21:51:05,0,-1,2,AA7242,0,2,805
19,20,21:54:29,0,-1,1,AA7242,0,2,142
20,21,21:57:39,0,-1,1,AA7242,0,2,139
21,22,22:01:02,0,-1,-1,AA7242,0,2,102
0,1,22:13:24,0,-1,-1,AA7242,0,2,30
1,3,22:16:37,0,-1,2,AA7242,1,2,152
3,4,22:18:49,0,-1,1,AA7242,0,2,90
4,5,22:22:14,0,-1,1,AA7242,0,2,114
5,6,22:23:50,0,-1,1,AA7242,0,2,20
6,7,22:32:28,0,-1,1,AA7242,0,2,487
7,8,22:33:59,0,-1,1,AA7242,0,2,70
8,9,22:35:20,0,-1,1,AA7242,0,2,40
9,10,22:36:23,0,-1,1,AA7242,0,2,30
10,11,22:39:15,0,-1,1,AA7242,0,2,161
11,12,22:40:16,0,-1,1,AA7242,0,2,20
12,13,22:41:57,0,-1,1,AA7242,0,2,60
13,14,22:44:18,0,-1,1,AA7242,0,2,40
14,15,22:45:50,0,-1,-1,AA7242,0,2,40
15,16,22:48:55,0,-1,1,AA7242,0,2,155
16,17,22:55:30,0,-1,1,AA7242,0,2,353
17,18,22:56:42,0,-1,1,AA7242,0,2,32
18,19,23:00:45,0,-1,2,AA7242,0,2,202
19,20,23:02:36,0,-1,1,AA7242,0,2,30
20,21,23:05:28,0,-1,1,AA7242,0,2,151
21,22,23:07:39,0,-1,-1,AA7242,0,2,80
0,1,23:44:05,0,-1,-1,AA7242,0,2,20
1,2,23:45:37,0,-1,1,AA7242,0,2,82
2,3,23:48:09,0,-1,1,AA7242,0,2,40
3,4,23:48:59,0,-1,1,AA7242,0,2,20
4,5,23:51:13,0,-1,1,AA7242,0,2,113
5,6,23:52:24,0,-1,1,AA7242,0,2,20
0,1,6:01:09,0,-1,-1,AA7301,0,2,40
1,2,6:02:44,0,-1,1,AA7301,0,2,23
2,3,6:04:45,0,-1,2,AA7301,0,2,40
3,4,6:06:57,0,-1,1,AA7301,0,2,40
4,5,6:10:39,0,-1,1,AA7301,0,2,141
5,6,6:12:11,0,-1,1,AA7301,0,2,30
6,7,6:20:39,0,-1,1,AA7301,0,2,467
7,8,6:22:32,0,-1,-1,AA7301,0,2,93
8,9,6:23:53,0,-1,1,AA7301,0,2,50
9,10,6:24:55,0,-1,1,AA7301,0,2,31
10,11,6:26:46,0,-1,1,AA7301,0,2,60
11,12,6:27:36,0,-1,1,AA7301,0,2,20
12,13,6:28:57,0,-1,1,AA7301,0,2,40
13,14,6:29:38,0,-1,1,AA7301,0,2,30
14,15,6:30:49,0,-1,-1,AA7301,0,2,30
15,16,6:33:26,0,-1,-1,AA7301,0,2,136
16,17,6:39:43,0,-1,1,AA7301,0,2,346
17,18,6:40:54,0,-1,1,AA7301,0,2,30
18,19,6:44:57,0,-1,2,AA7301,0,2,202
19,20,6:47:38,0,-1,1,AA7301,0,2,121
20,21,6:49:43,0,-1,1,AA7301,0,2,114
21,22,6:51:45,0,-1,-1,AA7301,0,2,92
0,1,6:58:35,0,-1,-1,AA7301,0,2,85
1,2,7:01:07,0,-1,2,AA7301,0,2,141
2,3,7:03:39,0,-1,2,AA7301,0,2,131
3,4,7:05:20,0,-1,1,AA7301,0,2,40
4,5,7:07:54,0,-1,1,AA7301,0,2,103
5,6,7:09:25,0,-1,1,AA7301,0,2,20
6,7,7:18:00,0,-1,2,AA7301,0,2,475
7,8,7:19:34,0,-1,2,AA7301,0,2,83
8,9,7:20:55,0,-1,1,AA7301,0,2,50
9,10,7:22:06,0,-1,1,AA7301,0,2,20
10,11,7:23:58,0,-1,1,AA7301,0,2,70
11,12,7:24:59,0,-1,1,AA7301,0,2,30
12,13,7:26:20,0,-1,1,AA7301,0,2,60
13,14,7:27:34,0,-1,1,AA7301,0,2,40
14,15,7:29:15,0,-1,-1,AA7301,0,2,50
15,16,7:32:17,0,-1,1,AA7301,0,2,151
16,17,7:39:25,0,-1,1,AA7301,0,2,367
17,18,7:40:47,0,-1,1,AA7301,0,2,30
18,19,7:46:13,0,-1,3,AA7301,0,2,276
19,20,7:49:16,0,-1,2,AA7301,0,2,121
20,21,7:52:38,0,-1,-1,AA7301,0,2,182
21,22,7:54:50,0,-1,-1,AA7301,0,2,91
0,1,8:03:35,0,-1,-1,AA7301,0,2,85
1,2,8:05:27,0,-1,3,AA7301,0,2,10
2,3,8:11:45,0,-1,3,AA7301,0,2,246
3,4,8:16:49,0,-1,1,AA7301,0,2,141
4,5,8:21:13,0,-1,1,AA7301,0,2,141
5,6,8:23:15,0,-1,1,AA7301,0,2,20
6,7,8:33:17,0,-1,1,AA7301,0,2,541
7,8,8:37:40,0,-1,1,AA7301,0,2,242
8,9,8:40:04,0,-1,1,AA7301,0,2,123
9,10,8:40:55,0,-1,1,AA7301,0,2,20
10,11,8:44:38,0,-1,1,AA7301,0,2,193
11,12,8:46:09,0,-1,1,AA7301,0,2,60
12,13,8:51:45,0,-1,1,AA7301,0,2,171
13,14,8:52:55,0,-1,2,AA7301,0,2,40
14,15,8:54:37,0,-1,-1,AA7301,0,2,50
15,16,8:57:49,0,-1,1,AA7301,0,2,151
16,17,9:04:17,0,-1,2,AA7301,0,2,348
17,18,9:06:59,0,-1,1,AA7301,0,2,101
18,19,9:13:15,0,-1,3,AA7301,0,2,304
19,20,9:17:09,0,-1,2,AA7301,0,2,224
20,21,9:20:44,0,-1,1,AA7301,0,2,194
21,22,9:22:55,0,-1,-1,AA7301,0,2,91
11,12,9:46:14,0,-1,2,AA7301,0,2,20
12,13,9:47:55,0,-1,2,AA7301,0,2,70
13,14,9:48:46,0,-1,1,AA7301,0,2,30
14,15,9:50:38,0,-1,-1,AA7301,0,2,30
15,16,9:52:29,0,-1,1,AA7301,0,2,80
16,17,9:59:28,0,-1,1,AA7301,0,2,368
17,18,10:01:10,0,-1,1,AA7301,0,2,61
18,19,10:06:56,0,-1,2,AA7301,0,2,294
19,20,10:09:18,0,-1,1,AA7301,0,2,60
20,21,10:11:19,0,-1,1,AA7301,0,2,101
21,22,10:13:13,0,-1,-1,AA7301,0,2,83
0,1,11:04:33,0,-1,-1,AA7301,0,2,30
1,2,11:06:25,0,-1,3,AA7301,0,2,60
2,3,11:07:56,0,-1,2,AA7301,0,2,40
3,4,11:10:38,0,-1,1,AA7301,0,2,80
4,5,11:14:04,0,-1,1,AA7301,0,2,125
5,6,11:16:07,0,-1,1,AA7301,0,2,51
6,7,11:29:59,0,-1,1,AA7301,0,2,791
7,8,11:32:00,0,-1,2,AA7301,0,2,111
8,9,11:33:26,0,-1,1,AA7301,0,2,50
9,10,11:34:06,0,-1,1,AA7301,0,2,20
10,11,11:36:38,0,-1,1,AA7301,0,2,131
11,12,11:37:33,0,-1,1,AA7301,0,2,23
12,13,11:39:45,0,-1,1,AA7301,0,2,91
13,14,11:40:45,0,-1,-1,AA7301,0,2,40
14,15,11:42:06,0,-1,-1,AA7301,0,2,40
15,16,11:44:08,0,-1,-1,AA7301,0,2,101
16,17,11:50:55,0,-1,1,AA7301,0,2,336
17,18,11:52:16,0,-1,1,AA7301,0,2,30
18,19,12:00:06,0,-1,2,AA7301,0,2,418
19,20,12:03:08,0,-1,1,AA7301,0,2,142
20,22,12:07:17,0,-1,-1,AA7301,1,2,207
0,1,12:23:43,0,-1,-1,AA7301,0,2,93
1,2,12:27:05,0,-1,2,AA7301,0,2,141
2,3,12:29:48,0,-1,2,AA7301,0,2,91
3,4,12:32:40,0,-1,1,AA7301,0,2,91
4,5,12:39:28,0,-1,2,AA7301,0,2,378
5,6,12:45:15,0,-1,1,AA7301,0,2,91
6,7,12:57:20,0,-1,1,AA7301,0,2,653
7,8,12:59:46,0,-1,2,AA7301,0,2,105
8,9,13:01:17,0,-1,1,AA7301,0,2,70
9,10,13:01:57,0,-1,1,AA7301,0,2,30
10,11,13:04:39,0,-1,1,AA7301,0,2,141
11,12,13:05:20,0,-1,1,AA7301,0,2,20
12,13,13:07:46,0,-1,1,AA7301,0,2,101
13,14,13:08:37,0,-1,1,AA7301,0,2,41
14,15,13:11:30,0,-1,-1,AA7301,0,2,91
15,16,13:13:33,0,-1,1,AA7301,0,2,103
16,17,13:20:19,0,-1,1,AA7301,0,2,365
17,18,13:22:14,0,-1,1,AA7301,0,2,30
18,19,13:29:09,0,-1,3,AA7301,0,2,344
19,20,13:31:38,0,-1,1,AA7301,0,2,138
20,21,13:34:19,0,-1,1,AA7301,0,2,121
21,22,13:36:34,0,-1,-1,AA7301,0,2,103
0,1,13:45:57,0,-1,-1,AA7301,0,2,135
1,2,13:47:48,0,-1,2,AA7301,0,2,89
2,3,13:50:15,0,-1,2,AA7301,0,2,72
3,4,13:52:48,0,-1,1,AA7301,0,2,55
4,5,13:55:59,0,-1,1,AA7301,0,2,114
5,6,13:57:49,0,-1,1,AA7301,0,2,41
6,7,14:09:50,0,-1,2,AA7301,0,2,679
7,8,14:12:05,0,-1,2,AA7301,0,2,124
8,9,14:13:46,0,-1,1,AA7301,0,2,69
9,10,14:14:26,0,-1,1,AA7301,0,2,20
10,11,14:17:28,0,-1,1,AA7301,0,2,120
11,12,14:18:34,0,-1,1,AA7301,0,2,34
12,13,14:22:12,0,-1,-1,AA7301,0,2,115
13,14,14:23:04,0,-1,-1,AA7301,0,2,41
14,15,14:24:50,0,-1,-1,AA7301,0,2,40
15,16,14:27:46,0,-1,1,AA7301,0,2,155
16,17,14:35:09,0,-1,1,AA7301,0,2,361
17,18,14:39:43,0,-1,1,AA7301,0,2,210
18,19,14:50:39,0,-1,2,AA7301,0,2,604
19,20,14:52:21,0,-1,1,AA7301,0,2,60
20,21,14:54:35,0,-1,1,AA7301,0,2,121
21,22,14:56:46,0,-1,-1,AA7301,0,2,90
0,2,15:11:44,0,-1,2,AA7301,1,2,204
2,3,15:13:46,0,-1,2,AA7301,0,2,49
3,4,15:15:39,0,-1,1,AA7301,0,2,51
4,5,15:19:24,0,-1,1,AA7301,0,2,153
5,6,15:23:47,0,-1,1,AA7301,0,2,112
6,7,15:38:11,0,-1,2,AA7301,0,2,802
7,8,15:40:08,0,-1,2,AA7301,0,2,93
8,9,15:41:50,0,-1,1,AA7301,0,2,72
9,10,15:42:45,0,-1,1,AA7301,0,2,11
10,11,15:45:10,0,-1,1,AA7301,0,2,122
11,12,15:46:04,0,-1,1,AA7301,0,2,20
12,13,15:49:20,0,-1,1,AA7301,0,2,85
13,14,15:50:14,0,-1,1,AA7301,0,2,41
14,15,15:52:10,0,-1,-1,AA7301,0,2,53
15,16,15:54:48,0,-1,1,AA7301,0,2,107
16,17,16:02:11,0,-1,2,AA7301,0,2,375
17,18,16:04:17,0,-1,1,AA7301,0,2,73
18,19,16:15:54,0,-1,3,AA7301,0,2,596
19,20,16:19:07,0,-1,1,AA7301,0,2,83
20,21,16:23:42,0,-1,1,AA7301,0,2,223
21,22,16:26:16,0,-1,-1,AA7301,0,2,107
0,1,10:24:03,0,-1,-1,AA7341,0,2,82
1,2,10:25:54,0,-1,2,AA7341,0,2,70
2,3,10:27:46,0,-1,2,AA7341,0,2,51
3,4,10:30:28,0,-1,1,AA7341,0,2,111
4,5,10:34:24,0,-1,1,AA7341,0,2,144
5,6,10:36:05,0,-1,1,AA7341,0,2,20
6,8,10:47:47,0,-1,1,AA7341,1,2,651
8,9,10:48:48,0,-1,1,AA7341,0,2,30
9,11,10:51:43,0,-1,1,AA7341,1,2,134
11,12,10:52:54,0,-1,1,AA7341,0,2,20
12,13,10:54:35,0,-1,1,AA7341,0,2,80
13,14,10:55:36,0,-1,1,AA7341,0,2,40
14,15,10:57:07,0,-1,-1,AA7341,0,2,20
15,16,11:00:19,0,-1,1,AA7341,0,2,121
16,17,11:07:05,0,-1,2,AA7341,0,2,375
17,18,11:08:16,0,-1,1,AA7341,0,2,50
18,19,11:15:15,0,-1,3,AA7341,0,2,408
19,20,11:17:28,0,-1,1,AA7341,0,2,70
20,21,11:19:49,0,-1,1,AA7341,0,2,131
21,22,11:21:40,0,-1,-1,AA7341,0,2,91
0,1,12:09:08,0,-1,-1,AA7341,0,2,60
1,2,12:10:39,0,-1,2,AA7341,0,2,40
2,3,12:12:00,0,-1,2,AA7341,0,2,40
3,4,12:14:34,0,-1,1,AA7341,0,2,72
4,5,12:18:16,0,-1,1,AA7341,0,2,111
5,6,12:23:00,0,-1,1,AA7341,0,2,121
6,7,12:41:40,0,-1,1,AA7341,0,2,995
7,8,12:44:55,0,-1,1,AA7341,0,2,165
8,9,12:46:27,0,-1,1,AA7341,0,2,50
9,10,12:47:07,0,-1,1,AA7341,0,2,30
10,11,12:49:39,0,-1,1,AA7341,0,2,131
11,12,12:50:39,0,-1,1,AA7341,0,2,30
12,13,12:52:14,0,-1,1,AA7341,0,2,64
13,14,12:53:25,0,-1,1,AA7341,0,2,40
14,15,12:55:08,0,-1,-1,AA7341,0,2,30
15,16,12:57:10,0,-1,1,AA7341,0,2,91
16,17,13:04:09,0,-1,1,AA7341,0,2,379
17,18,13:05:10,0,-1,1,AA7341,0,2,20
18,19,13:11:40,0,-1,2,AA7341,0,2,314
19,20,13:15:05,0,-1,2,AA7341,0,2,60
20,21,13:18:07,0,-1,1,AA7341,0,2,171
21,22,13:19:48,0,-1,-1,AA7341,0,2,90
0,1,13:32:48,0,-1,-1,AA7341,0,2,80
1,2,13:34:19,0,-1,2,AA7341,0,2,40
2,3,13:37:44,0,-1,2,AA7341,0,2,184
3,4,13:40:25,0,-1,1,AA7341,0,2,73
4,5,13:44:02,0,-1,1,AA7341,0,2,134
5,6,13:45:16,0,-1,1,AA7341,0,2,20
6,7,13:56:11,0,-1,1,AA7341,0,2,603
7,8,13:58:41,0,-1,2,AA7341,0,2,139
8,9,13:59:44,0,-1,1,AA7341,0,2,33
9,10,14:01:08,0,-1,1,AA7341,0,2,31
10,11,14:02:46,0,-1,1,AA7341,0,2,66
11,12,14:03:37,0,-1,1,AA7341,0,2,31
12,13,14:05:46,0,-1,1,AA7341,0,2,107
13,14,14:06:48,0,-1,1,AA7341,0,2,41
14,15,14:08:47,0,-1,-1,AA7341,0,2,35
15,16,14:11:03,0,-1,1,AA7341,0,2,82
16,17,14:17:38,0,-1,2,AA7341,0,2,363
17,18,14:22:54,0,-1,-1,AA7341,0,2,260
18,19,14:31:38,0,-1,2,AA7341,0,2,471
19,20,14:34:48,0,-1,2,AA7341,0,2,106
20,21,14:37:35,0,-1,1,AA7341,0,2,146
21,22,14:39:22,0,-1,-1,AA7341,0,2,97
0,1,6:11:41,0,-1,-1,AA7367,0,2,71
1,2,6:13:02,0,-1,1,AA7367,0,2,20
2,3,6:14:55,0,-1,1,AA7367,0,2,40
3,4,6:17:06,0,-1,1,AA7367,0,2,40
4,5,6:19:48,0,-1,1,AA7367,0,2,151
5,6,6:21:19,0,-1,1,AA7367,0,2,20
6,7,6:30:39,0,-1,-1,AA7367,0,2,518
7,8,6:32:45,0,-1,-1,AA7367,0,2,96
8,9,6:34:06,0,-1,-1,AA7367,0,2,50
9,10,6:35:07,0,-1,1,AA7367,0,2,30
10,11,6:37:08,0,-1,1,AA7367,0,2,111
11,12,6:37:49,0,-1,1,AA7367,0,2,30
12,13,6:39:20,0,-1,1,AA7367,0,2,70
13,14,6:40:03,0,-1,1,AA7367,0,2,30
14,15,6:41:04,0,-1,-1,AA7367,0,2,30
15,16,6:43:15,0,-1,1,AA7367,0,2,111
16,17,6:49:33,0,-1,1,AA7367,0,2,347
17,18,6:50:34,0,-1,1,AA7367,0,2,21
18,19,6:54:58,0,-1,2,AA7367,0,2,223
19,20,6:57:44,0,-1,1,AA7367,0,2,115
20,21,7:00:26,0,-1,1,AA7367,0,2,141
21,22,7:02:38,0,-1,-1,AA7367,0,2,91
0,1,7:11:26,0,-1,-1,AA7367,0,2,60
1,2,7:12:47,0,-1,2,AA7367,0,2,30
2,3,7:14:58,0,-1,2,AA7367,0,2,60
3,4,7:17:10,0,-1,1,AA7367,0,2,90
4,5,7:19:44,0,-1,1,AA7367,0,2,123
5,6,7:21:15,0,-1,1,AA7367,0,2,20
6,7,7:29:35,0,-1,1,AA7367,0,2,459
7,8,7:32:07,0,-1,2,AA7367,0,2,141
8,9,7:33:28,0,-1,1,AA7367,0,2,60
9,10,7:34:29,0,-1,1,AA7367,0,2,30
10,11,7:36:53,0,-1,1,AA7367,0,2,123
11,12,7:37:54,0,-1,1,AA7367,0,2,20
12,13,7:39:15,0,-1,1,AA7367,0,2,50
13,14,7:40:16,0,-1,1,AA7367,0,2,30
14,15,7:42:18,0,-1,-1,AA7367,0,2,60
15,16,7:44:19,0,-1,1,AA7367,0,2,80
16,17,7:51:07,0,-1,-1,AA7367,0,2,357
17,18,7:52:28,0,-1,-1,AA7367,0,2,50
18,19,7:57:25,0,-1,3,AA7367,0,2,266
19,21,8:04:26,0,-1,1,AA7367,1,2,410
21,22,8:06:37,0,-1,-1,AA7367,0,2,91
0,1,8:20:33,0,-1,-1,AA7367,0,2,60
1,2,8:22:44,0,-1,3,AA7367,0,2,70
2,3,8:26:37,0,-1,3,AA7367,0,2,151
3,4,8:32:36,0,-1,1,AA7367,0,2,328
4,5,8:36:19,0,-1,1,AA7367,0,2,141
5,6,8:38:53,0,-1,1,AA7367,0,2,42
6,7,8:49:23,0,-1,2,AA7367,0,2,589
7,8,8:52:45,0,-1,1,AA7367,0,2,182
8,9,8:54:06,0,-1,1,AA7367,0,2,60
9,10,8:55:17,0,-1,1,AA7367,0,2,30
10,11,9:03:16,0,-1,1,AA7367,0,2,377
11,12,9:04:07,0,-1,2,AA7367,0,2,20
12,13,9:06:59,0,-1,2,AA7367,0,2,70
13,14,9:07:50,0,-1,3,AA7367,0,2,40
14,15,9:09:20,0,-1,-1,AA7367,0,2,40
15,16,9:12:14,0,-1,1,AA7367,0,2,121
16,17,9:18:50,0,-1,2,AA7367,0,2,356
17,18,9:20:24,0,-1,1,AA7367,0,2,50
18,19,9:27:49,0,-1,3,AA7367,0,2,404
19,20,9:31:36,0,-1,2,AA7367,0,2,176
20,21,9:35:09,0,-1,1,AA7367,0,2,202
21,22,9:37:26,0,-1,-1,AA7367,0,2,96
2,3,9:51:38,0,-1,2,AA7367,0,2,91
3,4,9:54:10,0,-1,1,AA7367,0,2,91
4,5,9:57:05,0,-1,1,AA7367,0,2,141
5,6,9:58:57,0,-1,1,AA7367,0,2,30
6,7,10:09:08,0,-1,1,AA7367,0,2,559
7,8,10:11:39,0,-1,1,AA7367,0,2,141
8,9,10:13:13,0,-1,1,AA7367,0,2,53
9,10,10:13:54,0,-1,1,AA7367,0,2,20
10,11,10:16:15,0,-1,1,AA7367,0,2,111
11,12,10:16:56,0,-1,1,AA7367,0,2,30
12,13,10:18:17,0,-1,1,AA7367,0,2,70
13,14,10:19:27,0,-1,1,AA7367,0,2,40
14,15,10:20:48,0,-1,-1,AA7367,0,2,30
15,16,10:23:31,0,-1,1,AA7367,0,2,142
16,17,10:29:58,0,-1,1,AA7367,0,2,366
17,18,10:31:39,0,-1,1,AA7367,0,2,50
18,19,10:38:07,0,-1,2,AA7367,0,2,357
19,21,10:41:59,0,-1,1,AA7367,1,2,202
21,22,10:43:44,0,-1,-1,AA7367,0,2,93
0,1,11:22:01,0,-1,-1,AA7367,0,2,80
1,2,11:24:45,0,-1,3,AA7367,0,2,121
2,3,11:26:06,0,-1,2,AA7367,0,2,40
3,4,11:28:48,0,-1,1,AA7367,0,2,101
4,5,11:32:20,0,-1,1,AA7367,0,2,141
5,6,11:33:36,0,-1,1,AA7367,0,2,30
6,7,11:44:58,0,-1,-1,AA7367,0,2,611
7,8,11:46:50,0,-1,2,AA7367,0,2,101
8,9,11:48:43,0,-1,1,AA7367,0,2,93
9,10,11:49:24,0,-1,1,AA7367,0,2,30
10,11,11:51:35,0,-1,1,AA7367,0,2,111
11,12,11:52:16,0,-1,1,AA7367,0,2,30
12,13,11:53:58,0,-1,1,AA7367,0,2,61
13,14,11:55:00,0,-1,1,AA7367,0,2,41
14,15,11:56:12,0,-1,-1,AA7367,0,2,30
15,16,11:58:35,0,-1,1,AA7367,0,2,101
16,17,12:05:20,0,-1,1,AA7367,0,2,354
17,18,12:06:56,0,-1,1,AA7367,0,2,70
18,19,12:16:15,0,-1,2,AA7367,0,2,507
19,20,12:19:07,0,-1,1,AA7367,0,2,131
20,21,12:22:09,0,-1,1,AA7367,0,2,172
21,22,12:23:53,0,-1,-1,AA7367,0,2,93
0,1,12:34:55,0,-1,-1,AA7367,0,2,73
1,2,12:37:27,0,-1,2,AA7367,0,2,141
2,3,12:39:59,0,-1,2,AA7367,0,2,101
3,4,12:42:20,0,-1,1,AA7367,0,2,80
4,5,12:46:06,0,-1,1,AA7367,0,2,163
5,6,12:47:37,0,-1,1,AA7367,0,2,40
6,7,13:00:56,0,-1,1,AA7367,0,2,718
7,8,13:03:08,0,-1,2,AA7367,0,2,121
8,9,13:04:39,0,-1,1,AA7367,0,2,60
9,10,13:05:34,0,-1,1,AA7367,0,2,24
10,11,13:07:56,0,-1,1,AA7367,0,2,121
11,12,13:08:48,0,-1,1,AA7367,0,2,21
12,13,13:10:19,0,-1,1,AA7367,0,2,60
13,14,13:11:40,0,-1,1,AA7367,0,2,50
14,15,13:14:14,0,-1,-1,AA7367,0,2,40
15,16,13:16:46,0,-1,1,AA7367,0,2,121
16,17,13:23:25,0,-1,1,AA7367,0,2,368
17,18,13:24:46,0,-1,1,AA7367,0,2,50
18,19,13:32:18,0,-1,2,AA7367,0,2,422
19,21,13:39:01,0,-1,1,AA7367,1,2,321
21,22,13:41:15,0,-1,-1,AA7367,0,2,92
0,1,13:53:54,0,-1,-1,AA7367,0,2,98
1,2,13:56:47,0,-1,2,AA7367,0,2,161
2,3,13:58:41,0,-1,2,AA7367,0,2,93
3,4,14:03:59,0,-1,1,AA7367,0,2,140
4,5,14:07:38,0,-1,1,AA7367,0,2,133
5,6,14:09:40,0,-1,1,AA7367,0,2,42
6,7,14:25:34,0,-1,2,AA7367,0,2,881
7,8,14:27:36,0,-1,2,AA7367,0,2,111
8,9,14:29:17,0,-1,1,AA7367,0,2,70
9,10,14:29:57,0,-1,1,AA7367,0,2,20
10,11,14:32:19,0,-1,1,AA7367,0,2,121
11,12,14:33:34,0,-1,2,AA7367,0,2,54
12,13,14:36:34,0,-1,1,AA7367,0,2,73
13,14,14:37:35,0,-1,1,AA7367,0,2,30
14,15,14:38:59,0,-1,-1,AA7367,0,2,31
15,16,14:41:40,0,-1,1,AA7367,0,2,147
16,17,14:48:28,0,-1,2,AA7367,0,2,375
17,18,14:52:33,0,-1,1,AA7367,0,2,175
18,19,15:04:25,0,-1,2,AA7367,0,2,600
19,20,15:07:07,0,-1,1,AA7367,0,2,50
20,21,15:11:14,0,-1,1,AA7367,0,2,237
21,22,15:13:20,0,-1,-1,AA7367,0,2,95
0,1,15:19:44,0,-1,-1,AA7367,0,2,110
1,2,15:22:15,0,-1,3,AA7367,0,2,85
2,3,15:23:57,0,-1,3,AA7367,0,2,41
3,4,15:26:29,0,-1,1,AA7367,0,2,40
4,5,15:29:59,0,-1,2,AA7367,0,2,136
5,6,15:33:05,0,-1,1,AA7367,0,2,91
6,7,15:50:14,0,-1,1,AA7367,0,2,919
7,8,15:52:20,0,-1,1,AA7367,0,2,115
8,9,15:53:44,0,-1,1,AA7367,0,2,43
9,10,15:54:28,0,-1,1,AA7367,0,2,32
10,11,15:56:48,0,-1,1,AA7367,0,2,109
11,12,15:57:59,0,-1,2,AA7367,0,2,30
12,13,15:59:37,0,-1,2,AA7367,0,2,76
13,14,16:00:48,0,-1,2,AA7367,0,2,40
14,15,16:02:54,0,-1,-1,AA7367,0,2,20
15,16,16:06:07,0,-1,1,AA7367,0,2,163
16,17,16:12:45,0,-1,2,AA7367,0,2,367
17,18,16:17:07,0,-1,1,AA7367,0,2,182
18,19,16:26:58,0,-1,3,AA7367,0,2,553
19,20,16:28:32,0,-1,1,AA7367,0,2,73
20,21,16:31:35,0,-1,1,AA7367,0,2,132
21,22,16:33:49,0,-1,-1,AA7367,0,2,102
0,1,16:41:39,0,-1,-1,AA7367,0,2,438
1,2,16:44:03,0,-1,2,AA7367,0,2,123
2,3,16:47:59,0,-1,2,AA7367,0,2,106
3,4,16:51:10,0,-1,-1,AA7367,0,2,139
4,5,16:55:13,0,-1,2,AA7367,0,2,144
5,6,16:56:43,0,-1,1,AA7367,0,2,49
6,7,17:06:38,0,-1,2,AA7367,0,2,534
7,8,17:09:15,0,-1,1,AA7367,0,2,146
8,9,17:10:36,0,-1,1,AA7367,0,2,60
9,10,17:11:16,0,-1,1,AA7367,0,2,30
10,11,17:12:57,0,-1,1,AA7367,0,2,80
11,12,17:13:38,0,-1,1,AA7367,0,2,30
12,13,17:15:09,0,-1,1,AA7367,0,2,60
13,14,17:16:20,0,-1,2,AA7367,0,2,40
14,15,17:19:06,0,-1,-1,AA7367,0,2,60
15,16,17:22:18,0,-1,1,AA7367,0,2,161
16,17,17:29:25,0,-1,2,AA7367,0,2,366
17,18,17:30:56,0,-1,1,AA7367,0,2,20
18,19,17:40:43,0,-1,3,AA7367,0,2,526
19,20,17:43:32,0,-1,1,AA7367,0,2,87
20,21,17:46:57,0,-1,1,AA7367,0,2,174
21,22,17:49:33,0,-1,-1,AA7367,0,2,111
0,1,18:05:02,0,-1,-1,AA7367,0,2,898
1,2,18:06:34,0,-1,3,AA7367,0,2,60
2,3,18:08:45,0,-1,2,AA7367,0,2,80
3,4,18:12:28,0,-1,1,AA7367,0,2,151
4,5,18:16:06,0,-1,2,AA7367,0,2,136
5,6,18:19:18,0,-1,1,AA7367,0,2,131
6,7,18:37:36,0,-1,1,AA7367,0,2,942
7,8,18:39:58,0,-1,2,AA7367,0,2,131
8,9,18:41:42,0,-1,1,AA7367,0,2,83
9,10,18:42:22,0,-1,1,AA7367,0,2,30
10,11,18:45:04,0,-1,1,AA7367,0,2,101
11,12,18:46:15,0,-1,2,AA7367,0,2,30
12,13,18:48:57,0,-1,1,AA7367,0,2,111
13,14,18:50:08,0,-1,3,AA7367,0,2,50
14,15,18:52:59,0,-1,-1,AA7367,0,2,50
15,16,18:56:14,0,-1,1,AA7367,0,2,161
16,17,19:02:55,0,-1,2,AA7367,0,2,360
17,18,19:04:26,0,-1,1,AA7367,0,2,50
18,19,19:13:45,0,-1,2,AA7367,0,2,508
19,20,19:16:27,0,-1,2,AA7367,0,2,70
20,21,19:19:19,0,-1,1,AA7367,0,2,151
21,22,19:22:14,0,-1,-1,AA7367,0,2,91
0,1,19:43:06,0,-1,-1,AA7367,0,2,1221
1,2,19:44:57,0,-1,2,AA7367,0,2,80
2,3,19:48:20,0,-1,2,AA7367,0,2,141
3,4,19:50:43,0,-1,1,AA7367,0,2,101
4,5,19:53:45,0,-1,1,AA7367,0,2,141
5,6,19:54:46,0,-1,1,AA7367,0,2,30
6,7,20:05:05,0,-1,1,AA7367,0,2,567
7,8,20:06:46,0,-1,1,AA7367,0,2,91
8,9,20:08:28,0,-1,1,AA7367,0,2,70
9,10,20:09:08,0,-1,1,AA7367,0,2,30
10,11,20:12:01,0,-1,1,AA7367,0,2,152
11,12,20:13:03,0,-1,1,AA7367,0,2,20
12,13,20:15:05,0,-1,1,AA7367,0,2,80
13,14,20:16:26,0,-1,1,AA7367,0,2,40
14,15,20:17:47,0,-1,-1,AA7367,0,2,30
15,16,20:20:29,0,-1,1,AA7367,0,2,111
16,17,20:27:15,0,-1,1,AA7367,0,2,375
17,18,20:28:25,0,-1,1,AA7367,0,2,30
18,19,20:35:00,0,-1,2,AA7367,0,2,343
19,20,20:37:04,0,-1,1,AA7367,0,2,70
20,21,20:39:16,0,-1,1,AA7367,0,2,101
21,22,20:41:47,0,-1,-1,AA7367,0,2,101
0,1,6:19:58,0,-1,-1,AA7388,0,2,70
1,2,6:21:29,0,-1,1,AA7388,0,2,80
2,3,6:23:13,0,-1,2,AA7388,0,2,20
3,4,6:25:25,0,-1,1,AA7388,0,2,81
4,5,6:28:17,0,-1,1,AA7388,0,2,131
5,6,6:29:48,0,-1,1,AA7388,0,2,20
6,7,6:38:49,0,-1,1,AA7388,0,2,490
7,8,6:40:33,0,-1,2,AA7388,0,2,93
8,9,6:41:54,0,-1,1,AA7388,0,2,50
9,10,6:42:35,0,-1,1,AA7388,0,2,20
10,11,6:44:16,0,-1,1,AA7388,0,2,80
11,12,6:44:57,0,-1,1,AA7388,0,2,30
12,13,6:46:28,0,-1,1,AA7388,0,2,60
13,14,6:47:49,0,-1,1,AA7388,0,2,40
14,15,6:48:59,0,-1,-1,AA7388,0,2,30
15,16,6:50:54,0,-1,1,AA7388,0,2,71
16,17,6:57:44,0,-1,1,AA7388,0,2,369
17,18,6:58:55,0,-1,1,AA7388,0,2,20
18,19,7:03:49,0,-1,2,AA7388,0,2,253
19,20,7:05:50,0,-1,1,AA7388,0,2,111
20,21,7:08:34,0,-1,1,AA7388,0,2,121
21,22,7:10:36,0,-1,-1,AA7388,0,2,91
0,1,7:19:34,0,-1,-1,AA7388,0,2,83
1,2,7:21:05,0,-1,2,AA7388,0,2,70
2,3,7:24:49,0,-1,2,AA7388,0,2,121
3,4,7:28:55,0,-1,1,AA7388,0,2,141
4,5,7:32:48,0,-1,1,AA7388,0,2,141
5,6,7:34:49,0,-1,1,AA7388,0,2,20
6,7,7:43:19,0,-1,2,AA7388,0,2,458
7,8,7:45:53,0,-1,2,AA7388,0,2,144
8,9,7:47:24,0,-1,1,AA7388,0,2,60
9,10,7:48:35,0,-1,1,AA7388,0,2,30
10,11,7:50:57,0,-1,-1,AA7388,0,2,101
11,12,7:51:48,0,-1,-1,AA7388,0,2,20
12,13,7:53:29,0,-1,-1,AA7388,0,2,60
13,14,7:54:40,0,-1,-1,AA7388,0,2,30
14,15,7:56:24,0,-1,-1,AA7388,0,2,40
15,16,7:59:27,0,-1,1,AA7388,0,2,151
16,17,8:06:17,0,-1,1,AA7388,0,2,370
17,18,8:07:48,0,-1,1,AA7388,0,2,30
18,19,8:13:16,0,-1,3,AA7388,0,2,277
19,20,8:17:19,0,-1,2,AA7388,0,2,151
20,21,8:20:53,0,-1,1,AA7388,0,2,183
21,22,8:24:26,0,-1,-1,AA7388,0,2,111
0,1,8:31:46,0,-1,-1,AA7388,0,2,50
1,2,8:33:47,0,-1,3,AA7388,0,2,40
2,3,8:40:24,0,-1,3,AA7388,0,2,265
3,4,8:45:19,0,-1,2,AA7388,0,2,161
4,5,8:50:44,0,-1,2,AA7388,0,2,161
5,6,8:53:56,0,-1,1,AA7388,0,2,101
6,7,9:03:57,0,-1,2,AA7388,0,2,550
7,8,9:06:29,0,-1,1,AA7388,0,2,111
8,9,9:07:50,0,-1,1,AA7388,0,2,50
9,10,9:09:42,0,-1,2,AA7388,0,2,92
10,11,9:16:59,0,-1,1,AA7388,0,2,295
11,12,9:18:20,0,-1,1,AA7388,0,2,30
12,13,9:20:44,0,-1,1,AA7388,0,2,70
13,14,9:21:45,0,-1,1,AA7388,0,2,40
14,15,9:23:36,0,-1,-1,AA7388,0,2,50
15,16,9:26:58,0,-1,1,AA7388,0,2,141
16,17,9:35:09,0,-1,2,AA7388,0,2,460
17,18,9:38:06,0,-1,1,AA7388,0,2,60
18,19,9:44:23,0,-1,3,AA7388,0,2,285
19,22,9:54:33,0,-1,-1,AA7388,2,2,498
0,1,10:29:07,0,-1,-1,AA7388,0,2,50
1,2,10:31:29,0,-1,2,AA7388,0,2,80
2,3,10:33:53,0,-1,2,AA7388,0,2,73
3,4,10:37:16,0,-1,1,AA7388,0,2,71
4,5,10:41:19,0,-1,1,AA7388,0,2,151
5,6,10:42:30,0,-1,1,AA7388,0,2,10
6,7,10:52:34,0,-1,1,AA7388,0,2,553
7,8,10:54:35,0,-1,2,AA7388,0,2,111
8,9,10:56:16,0,-1,1,AA7388,0,2,60
9,10,10:57:07,0,-1,1,AA7388,0,2,10
10,11,10:59:08,0,-1,1,AA7388,0,2,30
11,12,10:59:49,0,-1,1,AA7388,0,2,20
12,13,11:01:31,0,-1,1,AA7388,0,2,72
13,14,11:02:42,0,-1,1,AA7388,0,2,30
14,15,11:04:03,0,-1,-1,AA7388,0,2,30
15,16,11:06:55,0,-1,1,AA7388,0,2,111
16,17,11:14:34,0,-1,1,AA7388,0,2,398
17,18,11:16:37,0,-1,1,AA7388,0,2,71
18,19,11:26:16,0,-1,2,AA7388,0,2,528
19,20,11:29:39,0,-1,1,AA7388,0,2,121
20,21,11:34:16,0,-1,1,AA7388,0,2,267
21,22,11:36:28,0,-1,-1,AA7388,0,2,91
0,1,11:46:19,0,-1,-1,AA7388,0,2,81
2,3,11:50:25,0,-1,2,AA7388,0,2,131
3,4,11:52:47,0,-1,1,AA7388,0,2,81
4,5,11:56:23,0,-1,1,AA7388,0,2,144
5,6,11:58:04,0,-1,1,AA7388,0,2,30
6,7,12:12:00,0,-1,1,AA7388,0,2,785
7,8,12:14:03,0,-1,2,AA7388,0,2,92
8,9,12:15:44,0,-1,1,AA7388,0,2,80
9,10,12:16:35,0,-1,1,AA7388,0,2,20
10,11,12:18:26,0,-1,1,AA7388,0,2,101
11,12,12:19:17,0,-1,1,AA7388,0,2,20
12,13,12:21:08,0,-1,1,AA7388,0,2,60
13,14,12:22:09,0,-1,1,AA7388,0,2,40
14,15,12:23:43,0,-1,-1,AA7388,0,2,43
15,16,12:26:05,0,-1,1,AA7388,0,2,121
16,17,12:34:34,0,-1,1,AA7388,0,2,469
17,18,12:42:00,0,-1,1,AA7388,0,2,232
18,19,12:50:19,0,-1,2,AA7388,0,2,404
19,20,12:54:58,0,-1,2,AA7388,0,2,194
20,21,12:58:10,0,-1,1,AA7388,0,2,172
21,22,13:00:26,0,-1,-1,AA7388,0,2,70
0,1,14:05:46,0,-1,-1,AA7388,0,2,74
1,2,14:07:18,0,-1,3,AA7388,0,2,20
2,3,14:09:29,0,-1,3,AA7388,0,2,41
3,4,14:13:35,0,-1,1,AA7388,0,2,162
4,5,14:17:07,0,-1,1,AA7388,0,2,140
5,6,14:21:59,0,-1,-1,AA7388,0,2,184
6,7,14:34:48,0,-1,2,AA7388,0,2,724
7,8,14:37:56,0,-1,2,AA7388,0,2,177
8,9,14:39:43,0,-1,1,AA7388,0,2,65
9,10,14:40:25,0,-1,1,AA7388,0,2,20
10,11,14:45:20,0,-1,1,AA7388,0,2,273
11,12,14:46:36,0,-1,1,AA7388,0,2,30
12,13,14:50:49,0,-1,1,AA7388,0,2,131
13,14,14:52:00,0,-1,1,AA7388,0,2,30
14,15,14:53:34,0,-1,-1,AA7388,0,2,40
15,16,14:55:56,0,-1,1,AA7388,0,2,101
16,17,15:03:04,0,-1,1,AA7388,0,2,367
17,18,15:09:15,0,-1,1,AA7388,0,2,280
18,19,15:19:44,0,-1,3,AA7388,0,2,541
19,20,15:23:37,0,-1,2,AA7388,0,2,222
20,21,15:25:39,0,-1,1,AA7388,0,2,111
21,22,15:27:42,0,-1,-1,AA7388,0,2,62
0,2,15:44:08,0,-1,2,AA7388,1,2,178
2,3,15:45:33,0,-1,2,AA7388,0,2,22
3,4,15:48:16,0,-1,1,AA7388,0,2,78
4,5,15:51:38,0,-1,1,AA7388,0,2,125
5,6,15:56:37,0,-1,1,AA7388,0,2,118
6,7,16:10:48,0,-1,2,AA7388,0,2,799
7,8,16:12:35,0,-1,2,AA7388,0,2,97
8,9,16:14:04,0,-1,1,AA7388,0,2,58
9,10,16:14:37,0,-1,1,AA7388,0,2,22
10,11,16:17:07,0,-1,1,AA7388,0,2,128
11,12,16:18:16,0,-1,1,AA7388,0,2,31
12,13,16:19:48,0,-1,1,AA7388,0,2,50
13,14,16:21:20,0,-1,2,AA7388,0,2,62
14,15,16:23:32,0,-1,-1,AA7388,0,2,43
15,16,16:25:34,0,-1,1,AA7388,0,2,91
16,17,16:32:27,0,-1,3,AA7388,0,2,370
17,18,16:38:33,0,-1,1,AA7388,0,2,115
18,19,16:46:13,0,-1,3,AA7388,0,2,408
19,20,16:49:56,0,-1,1,AA7388,0,2,127
20,21,16:52:26,0,-1,-1,AA7388,0,2,96
21,22,16:54:16,0,-1,-1,AA7388,0,2,87
2,3,17:09:55,0,-1,3,AA7388,0,2,50
3,4,17:12:27,0,-1,1,AA7388,0,2,60
4,5,17:16:10,0,-1,2,AA7388,0,2,121
5,6,17:17:45,0,-1,1,AA7388,0,2,20
6,7,17:28:25,0,-1,1,AA7388,0,2,568
7,8,17:30:26,0,-1,2,AA7388,0,2,111
8,9,17:31:47,0,-1,1,AA7388,0,2,50
9,10,17:32:48,0,-1,1,AA7388,0,2,20
10,11,17:35:21,0,-1,1,AA7388,0,2,133
11,12,17:36:15,0,-1,1,AA7388,0,2,31
12,13,17:38:08,0,-1,1,AA7388,0,2,71
13,14,17:39:19,0,-1,2,AA7388,0,2,40
14,15,17:42:04,0,-1,-1,AA7388,0,2,40
15,16,17:45:55,0,-1,1,AA7388,0,2,170
16,17,17:52:49,0,-1,2,AA7388,0,2,372
17,18,17:54:23,0,-1,1,AA7388,0,2,46
18,19,18:07:55,0,-1,3,AA7388,0,2,790
19,20,18:13:39,0,-1,1,AA7388,0,2,151
20,21,18:19:08,0,-1,1,AA7388,0,2,319
21,22,18:22:34,0,-1,-1,AA7388,0,2,104
0,1,18:44:23,0,-1,-1,AA7388,0,2,91
1,2,18:47:05,0,-1,2,AA7388,0,2,70
2,3,18:49:47,0,-1,2,AA7388,0,2,91
3,4,18:52:09,0,-1,1,AA7388,0,2,80
4,5,18:55:13,0,-1,2,AA7388,0,2,143
5,6,18:56:24,0,-1,1,AA7388,0,2,20
6,7,19:09:19,0,-1,1,AA7388,0,2,703
7,8,19:11:03,0,-1,1,AA7388,0,2,93
8,9,19:12:04,0,-1,1,AA7388,0,2,40
9,10,19:13:05,0,-1,1,AA7388,0,2,20
10,11,19:16:37,0,-1,1,AA7388,0,2,182
11,12,19:17:38,0,-1,2,AA7388,0,2,20
12,13,19:19:59,0,-1,1,AA7388,0,2,101
13,14,19:21:03,0,-1,2,AA7388,0,2,30
14,15,19:23:14,0,-1,-1,AA7388,0,2,40
15,16,19:26:47,0,-1,1,AA7388,0,2,192
16,17,19:33:36,0,-1,2,AA7388,0,2,388
17,18,19:34:57,0,-1,1,AA7388,0,2,30
18,19,19:40:54,0,-1,3,AA7388,0,2,286
19,20,19:44:07,0,-1,1,AA7388,0,2,121
20,21,19:48:09,0,-1,1,AA7388,0,2,212
21,22,19:50:23,0,-1,-1,AA7388,0,2,80
0,1,20:13:44,0,-1,-1,AA7388,0,2,41
1,2,20:15:35,0,-1,2,AA7388,0,2,101
2,3,20:17:27,0,-1,2,AA7388,0,2,60
3,4,20:18:27,0,-1,1,AA7388,0,2,20
4,5,20:22:10,0,-1,1,AA7388,0,2,151
5,6,20:23:12,0,-1,1,AA7388,0,2,10
6,7,20:32:58,0,-1,2,AA7388,0,2,535
7,8,20:34:50,0,-1,2,AA7388,0,2,70
8,9,20:35:44,0,-1,1,AA7388,0,2,43
9,10,20:36:24,0,-1,1,AA7388,0,2,30
10,11,20:39:36,0,-1,1,AA7388,0,2,171
11,12,20:40:57,0,-1,1,AA7388,0,2,30
12,13,20:42:28,0,-1,1,AA7388,0,2,50
13,14,20:43:39,0,-1,1,AA7388,0,2,40
14,15,20:45:00,0,-1,-1,AA7388,0,2,30
15,16,20:47:22,0,-1,1,AA7388,0,2,112
16,17,20:54:07,0,-1,1,AA7388,0,2,364
17,18,20:54:48,0,-1,1,AA7388,0,2,20
18,19,20:59:24,0,-1,2,AA7388,0,2,225
19,20,21:03:06,0,-1,1,AA7388,0,2,182
20,21,21:05:18,0,-1,1,AA7388,0,2,90
21,22,21:07:40,0,-1,-1,AA7388,0,2,80
0,1,7:24:49,0,-1,-1,AA7392,0,2,1760
1,2,7:27:13,0,-1,2,AA7392,0,2,63
2,3,7:29:55,0,-1,3,AA7392,0,2,60
3,4,7:34:19,0,-1,1,AA7392,0,2,162
4,5,7:38:15,0,-1,1,AA7392,0,2,134
5,6,7:39:46,0,-1,1,AA7392,0,2,30
6,7,7:48:45,0,-1,2,AA7392,0,2,488
7,8,7:50:57,0,-1,-1,AA7392,0,2,111
8,9,7:52:18,0,-1,-1,AA7392,0,2,50
9,10,7:53:19,0,-1,-1,AA7392,0,2,30
10,11,7:55:00,0,-1,-1,AA7392,0,2,70
11,12,7:55:54,0,-1,1,AA7392,0,2,20
12,13,7:57:25,0,-1,1,AA7392,0,2,60
13,14,7:58:06,0,-1,1,AA7392,0,2,30
14,15,7:59:57,0,-1,-1,AA7392,0,2,40
15,16,8:03:05,0,-1,1,AA7392,0,2,167
16,17,8:09:20,0,-1,1,AA7392,0,2,354
17,18,8:10:10,0,-1,1,AA7392,0,2,30
18,19,8:15:28,0,-1,3,AA7392,0,2,283
19,20,8:19:32,0,-1,2,AA7392,0,2,173
20,21,8:22:54,0,-1,1,AA7392,0,2,172
21,22,8:25:16,0,-1,-1,AA7392,0,2,91
0,1,8:41:15,0,-1,-1,AA7392,0,2,908
1,2,8:43:27,0,-1,3,AA7392,0,2,70
2,3,8:50:03,0,-1,3,AA7392,0,2,294
3,4,8:56:18,0,-1,1,AA7392,0,2,242
4,5,9:00:03,0,-1,1,AA7392,0,2,134
5,6,9:02:05,0,-1,1,AA7392,0,2,40
6,7,9:13:15,0,-1,1,AA7392,0,2,629
7,8,9:15:47,0,-1,2,AA7392,0,2,121
8,9,9:17:29,0,-1,1,AA7392,0,2,81
9,10,9:18:20,0,-1,2,AA7392,0,2,30
10,11,9:20:54,0,-1,1,AA7392,0,2,80
11,17,9:36:35,0,-1,2,AA7392,5,2,910
17,18,9:38:06,0,-1,1,AA7392,0,2,60
18,19,9:42:50,0,-1,3,AA7392,0,2,263
19,20,9:45:24,0,-1,1,AA7392,0,2,70
20,21,9:49:37,0,-1,1,AA7392,0,2,212
21,22,9:51:28,0,-1,-1,AA7392,0,2,101
0,1,9:58:07,0,-1,-1,AA7392,0,2,347
1,2,9:59:28,0,-1,3,AA7392,0,2,30
2,3,10:02:01,0,-1,2,AA7392,0,2,51
3,4,10:04:33,0,-1,1,AA7392,0,2,101
4,5,10:08:17,0,-1,1,AA7392,0,2,132
5,6,10:09:48,0,-1,1,AA7392,0,2,40
6,7,10:19:38,0,-1,1,AA7392,0,2,559
7,8,10:22:09,0,-1,1,AA7392,0,2,121
8,9,10:24:03,0,-1,1,AA7392,0,2,52
9,10,10:24:43,0,-1,1,AA7392,0,2,30
10,11,10:27:46,0,-1,1,AA7392,0,2,132
11,12,10:28:47,0,-1,1,AA7392,0,2,20
12,13,10:30:28,0,-1,1,AA7392,0,2,80
13,14,10:31:08,0,-1,1,AA7392,0,2,30
14,15,10:32:50,0,-1,-1,AA7392,0,2,30
15,16,10:36:05,0,-1,1,AA7392,0,2,152
16,19,10:53:14,0,-1,2,AA7392,2,2,978
19,20,10:55:16,0,-1,1,AA7392,0,2,60
20,21,10:58:48,0,-1,1,AA7392,0,2,161
21,22,11:00:50,0,-1,-1,AA7392,0,2,80
0,1,11:13:54,0,-1,-1,AA7392,0,2,692
1,2,11:15:25,0,-1,2,AA7392,0,2,40
2,3,11:18:08,0,-1,2,AA7392,0,2,111
3,4,11:20:30,0,-1,1,AA7392,0,2,50
4,5,11:24:14,0,-1,2,AA7392,0,2,133
5,6,11:25:45,0,-1,1,AA7392,0,2,40
6,7,11:39:24,0,-1,2,AA7392,0,2,737
7,8,11:41:16,0,-1,-1,AA7392,0,2,101
8,9,11:42:57,0,-1,-1,AA7392,0,2,50
9,10,11:43:27,0,-1,-1,AA7392,0,2,20
10,11,11:46:09,0,-1,1,AA7392,0,2,111
11,12,11:46:50,0,-1,1,AA7392,0,2,30
12,13,11:49:04,0,-1,1,AA7392,0,2,91
13,14,11:49:54,0,-1,1,AA7392,0,2,40
14,15,11:51:15,0,-1,-1,AA7392,0,2,30
15,16,11:53:48,0,-1,1,AA7392,0,2,132
16,17,12:01:06,0,-1,1,AA7392,0,2,387
17,18,12:02:07,0,-1,1,AA7392,0,2,30
18,19,12:12:10,0,-1,3,AA7392,0,2,551
19,20,12:15:14,0,-1,1,AA7392,0,2,101
20,21,12:19:47,0,-1,1,AA7392,0,2,212
21,22,12:22:19,0,-1,-1,AA7392,0,2,101
0,1,14:37:25,0,-1,-1,AA7392,0,2,82
1,2,14:39:43,0,-1,3,AA7392,0,2,65
2,3,14:42:12,0,-1,3,AA7392,0,2,43
3,4,14:44:18,0,-1,1,AA7392,0,2,41
4,5,14:48:07,0,-1,2,AA7392,0,2,143
5,6,14:52:00,0,-1,1,AA7392,0,2,151
6,7,15:08:55,0,-1,1,AA7392,0,2,910
7,8,15:10:33,0,-1,2,AA7392,0,2,87
8,9,15:12:57,0,-1,1,AA7392,0,2,122
9,10,15:13:46,0,-1,1,AA7392,0,2,37
10,11,15:16:50,0,-1,1,AA7392,0,2,133
11,12,15:17:43,0,-1,2,AA7392,0,2,20
12,13,15:20:18,0,-1,1,AA7392,0,2,91
13,14,15:21:23,0,-1,2,AA7392,0,2,44
14,15,15:23:47,0,-1,-1,AA7392,0,2,61
15,16,15:25:49,0,-1,1,AA7392,0,2,111
16,17,15:33:05,0,-1,2,AA7392,0,2,395
17,18,15:36:54,0,-1,1,AA7392,0,2,185
18,19,15:47:54,0,-1,2,AA7392,0,2,594
19,20,15:50:54,0,-1,1,AA7392,0,2,82
20,21,15:54:38,0,-1,1,AA7392,0,2,212
21,22,16:00:07,0,-1,-1,AA7392,0,2,297
0,1,16:08:07,0,-1,-1,AA7392,0,2,78
1,2,16:09:43,0,-1,3,AA7392,0,2,34
2,3,16:11:18,0,-1,2,AA7392,0,2,51
3,4,16:13:44,0,-1,1,AA7392,0,2,78
4,5,16:17:44,0,-1,1,AA7392,0,2,166
5,6,16:20:18,0,-1,1,AA7392,0,2,80
6,7,16:34:42,0,-1,1,AA7392,0,2,788
7,8,16:36:26,0,-1,2,AA7392,0,2,93
8,9,16:37:40,0,-1,1,AA7392,0,2,51
9,10,16:38:33,0,-1,1,AA7392,0,2,32
10,11,16:41:17,0,-1,1,AA7392,0,2,92
11,12,16:42:34,0,-1,1,AA7392,0,2,24
12,13,16:44:14,0,-1,1,AA7392,0,2,68
13,14,16:45:27,0,-1,2,AA7392,0,2,40
14,15,16:47:59,0,-1,-1,AA7392,0,2,43
15,17,16:58:46,0,-1,3,AA7392,1,2,616
17,18,17:00:32,0,-1,1,AA7392,0,2,41
18,19,17:05:58,0,-1,3,AA7392,0,2,284
19,20,17:10:26,0,-1,2,AA7392,0,2,167
20,21,17:14:08,0,-1,1,AA7392,0,2,202
21,22,17:16:34,0,-1,-1,AA7392,0,2,95
0,1,17:29:35,0,-1,-1,AA7392,0,2,101
1,2,17:32:48,0,-1,3,AA7392,0,2,121
2,3,17:35:54,0,-1,2,AA7392,0,2,94
3,4,17:38:38,0,-1,1,AA7392,0,2,102
4,5,17:42:35,0,-1,1,AA7392,0,2,165
5,6,17:45:25,0,-1,1,AA7392,0,2,51
6,7,17:59:18,0,-1,1,AA7392,0,2,782
7,8,18:00:59,0,-1,2,AA7392,0,2,91
8,9,18:02:28,0,-1,1,AA7392,0,2,55
9,10,18:03:49,0,-1,1,AA7392,0,2,30
10,11,18:06:54,0,-1,1,AA7392,0,2,111
11,12,18:08:05,0,-1,1,AA7392,0,2,20
12,13,18:10:47,0,-1,1,AA7392,0,2,91
13,14,18:12:07,0,-1,2,AA7392,0,2,40
14,15,18:14:09,0,-1,-1,AA7392,0,2,60
15,16,18:16:56,0,-1,1,AA7392,0,2,146
16,17,18:24:25,0,-1,3,AA7392,0,2,387
17,18,18:28:28,0,-1,1,AA7392,0,2,202
18,19,18:43:33,0,-1,3,AA7392,0,2,803
19,20,18:49:07,0,-1,1,AA7392,0,2,222
20,21,18:54:03,0,-1,1,AA7392,0,2,224
21,22,18:57:25,0,-1,-1,AA7392,0,2,101
0,1,19:10:43,0,-1,-1,AA7392,0,2,103
1,2,19:13:25,0,-1,2,AA7392,0,2,71
2,3,19:15:57,0,-1,3,AA7392,0,2,70
3,4,19:18:08,0,-1,1,AA7392,0,2,91
4,5,19:21:23,0,-1,2,AA7392,0,2,124
5,6,19:22:44,0,-1,1,AA7392,0,2,30
6,7,19:32:56,0,-1,2,AA7392,0,2,560
7,8,19:34:47,0,-1,2,AA7392,0,2,101
8,9,19:36:08,0,-1,1,AA7392,0,2,50
9,10,19:36:48,0,-1,1,AA7392,0,2,30
10,11,19:40:44,0,-1,1,AA7392,0,2,10
11,12,19:41:55,0,-1,1,AA7392,0,2,30
12,13,19:43:26,0,-1,1,AA7392,0,2,60
13,14,19:44:37,0,-1,2,AA7392,0,2,40
14,15,19:46:48,0,-1,-1,AA7392,0,2,30
15,16,19:49:22,0,-1,1,AA7392,0,2,123
16,17,19:56:28,0,-1,1,AA7392,0,2,375
17,18,19:58:09,0,-1,1,AA7392,0,2,30
18,19,20:04:14,0,-1,2,AA7392,0,2,294
19,20,20:07:37,0,-1,1,AA7392,0,2,151
20,21,20:12:11,0,-1,1,AA7392,0,2,233
21,22,20:14:15,0,-1,-1,AA7392,0,2,71
17,18,21:11:14,0,-1,-1,AA7392,0,2,20
18,19,21:15:57,0,-1,2,AA7392,0,2,232
19,21,21:20:55,0,-1,1,AA7392,1,2,176
21,22,21:23:34,0,-1,-1,AA7392,0,2,84
0,1,21:44:09,0,-1,-1,AA7392,0,2,101
1,2,21:45:40,0,-1,2,AA7392,0,2,80
2,3,21:47:23,0,-1,2,AA7392,0,2,40
3,4,21:49:24,0,-1,1,AA7392,0,2,70
4,5,21:52:37,0,-1,2,AA7392,0,2,132
5,6,21:54:08,0,-1,1,AA7392,0,2,40
6,7,22:03:45,0,-1,2,AA7392,0,2,535
7,8,22:05:27,0,-1,2,AA7392,0,2,91
8,9,22:06:38,0,-1,1,AA7392,0,2,50
9,10,22:07:38,0,-1,1,AA7392,0,2,30
10,11,22:11:22,0,-1,1,AA7392,0,2,162
11,12,22:12:22,0,-1,1,AA7392,0,2,30
12,13,22:14:36,0,-1,1,AA7392,0,2,71
13,14,22:15:57,0,-1,1,AA7392,0,2,40
14,15,22:17:58,0,-1,-1,AA7392,0,2,30
15,16,22:20:20,0,-1,1,AA7392,0,2,111
16,17,22:27:03,0,-1,1,AA7392,0,2,370
17,18,22:28:24,0,-1,1,AA7392,0,2,40
18,19,22:32:38,0,-1,2,AA7392,0,2,212
19,20,22:35:53,0,-1,1,AA7392,0,2,134
20,21,22:39:05,0,-1,1,AA7392,0,2,151
21,22,22:40:56,0,-1,-1,AA7392,0,2,80
0,1,22:53:48,0,-1,-1,AA7392,0,2,90
1,2,22:55:30,0,-1,1,AA7392,0,2,50
2,3,22:58:03,0,-1,2,AA7392,0,2,40
3,4,23:00:25,0,-1,1,AA7392,0,2,101
4,5,23:03:07,0,-1,1,AA7392,0,2,121
5,6,23:04:17,0,-1,1,AA7392,0,2,20
6,7,23:13:05,0,-1,1,AA7392,0,2,487
7,8,23:14:56,0,-1,1,AA7392,0,2,101
8,9,23:16:37,0,-1,1,AA7392,0,2,80
9,10,23:17:08,0,-1,1,AA7392,0,2,20
10,11,23:18:59,0,-1,1,AA7392,0,2,60
11,12,23:19:49,0,-1,1,AA7392,0,2,20
12,13,23:21:42,0,-1,1,AA7392,0,2,61
13,14,23:22:32,0,-1,1,AA7392,0,2,30
14,15,23:24:03,0,-1,-1,AA7392,0,2,30
15,16,23:26:35,0,-1,1,AA7392,0,2,111
16,17,23:33:50,0,-1,1,AA7392,0,2,384
17,18,23:35:14,0,-1,1,AA7392,0,2,30
18,19,23:40:33,0,-1,2,AA7392,0,2,224
19,20,23:42:34,0,-1,1,AA7392,0,2,50
20,21,23:45:17,0,-1,1,AA7392,0,2,122
21,22,23:47:28,0,-1,-1,AA7392,0,2,90
0,1,8:11:15,0,-1,-1,AA7489,0,2,30
1,2,8:14:17,0,-1,3,AA7489,0,2,161
2,3,8:19:52,0,-1,3,AA7489,0,2,244
3,4,8:24:46,0,-1,1,AA7489,0,2,131
4,5,8:29:09,0,-1,1,AA7489,0,2,182
5,6,8:30:55,0,-1,1,AA7489,0,2,20
6,7,8:40:55,0,-1,2,AA7489,0,2,548
7,8,8:45:29,0,-1,2,AA7489,0,2,222
8,9,8:47:32,0,-1,1,AA7489,0,2,82
9,10,8:48:32,0,-1,1,AA7489,0,2,30
10,11,8:54:47,0,-1,1,AA7489,0,2,354
11,12,8:55:47,0,-1,2,AA7489,0,2,30
12,13,9:00:34,0,-1,3,AA7489,0,2,154
13,14,9:01:45,0,-1,2,AA7489,0,2,40
14,15,9:03:37,0,-1,-1,AA7489,0,2,51
15,16,9:06:19,0,-1,1,AA7489,0,2,131
16,17,9:13:46,0,-1,2,AA7489,0,2,386
17,18,9:16:08,0,-1,1,AA7489,0,2,91
18,19,9:23:36,0,-1,3,AA7489,0,2,406
19,20,9:29:00,0,-1,2,AA7489,0,2,283
20,22,9:35:09,0,-1,-1,AA7489,1,2,323
0,1,9:41:49,0,-1,-1,AA7489,0,2,40
1,3,9:45:44,0,-1,2,AA7489,1,2,224
3,5,9:52:19,0,-1,1,AA7489,1,2,283
5,6,9:54:33,0,-1,1,AA7489,0,2,43
6,7,10:03:33,0,-1,1,AA7489,0,2,499
7,8,10:06:04,0,-1,2,AA7489,0,2,121
8,9,10:07:57,0,-1,1,AA7489,0,2,50
9,10,10:08:57,0,-1,1,AA7489,0,2,40
10,11,10:10:49,0,-1,1,AA7489,0,2,80
11,12,10:11:49,0,-1,1,AA7489,0,2,20
12,13,10:12:53,0,-1,1,AA7489,0,2,53
13,14,10:13:54,0,-1,1,AA7489,0,2,50
14,15,10:15:45,0,-1,-1,AA7489,0,2,40
15,16,10:18:17,0,-1,1,AA7489,0,2,101
16,17,10:25:23,0,-1,1,AA7489,0,2,396
17,18,10:27:05,0,-1,1,AA7489,0,2,30
18,19,10:33:10,0,-1,2,AA7489,0,2,303
19,20,10:35:25,0,-1,1,AA7489,0,2,124
20,21,10:39:28,0,-1,1,AA7489,0,2,202
21,22,10:41:39,0,-1,-1,AA7489,0,2,91
0,1,10:56:27,0,-1,-1,AA7489,0,2,50
1,2,10:59:08,0,-1,2,AA7489,0,2,80
2,3,11:01:41,0,-1,2,AA7489,0,2,102
3,4,11:04:33,0,-1,1,AA7489,0,2,70
4,5,11:08:36,0,-1,1,AA7489,0,2,151
5,6,11:10:48,0,-1,1,AA7489,0,2,60
6,7,11:23:34,0,-1,1,AA7489,0,2,705
7,8,11:26:36,0,-1,2,AA7489,0,2,142
8,9,11:28:58,0,-1,1,AA7489,0,2,121
9,10,11:30:09,0,-1,1,AA7489,0,2,40
10,11,11:32:35,0,-1,1,AA7489,0,2,126
11,12,11:33:46,0,-1,1,AA7489,0,2,30
12,13,11:35:17,0,-1,1,AA7489,0,2,60
13,14,11:36:28,0,-1,1,AA7489,0,2,40
14,15,11:38:34,0,-1,-1,AA7489,0,2,40
15,16,11:41:05,0,-1,-1,AA7489,0,2,80
16,17,11:48:23,0,-1,1,AA7489,0,2,386
17,18,11:50:35,0,-1,1,AA7489,0,2,60
18,19,11:58:14,0,-1,2,AA7489,0,2,419
19,20,12:01:16,0,-1,1,AA7489,0,2,80
20,21,12:05:20,0,-1,1,AA7489,0,2,192
21,22,12:07:17,0,-1,-1,AA7489,0,2,80
0,1,12:15:24,0,-1,-1,AA7489,0,2,101
1,2,12:18:57,0,-1,2,AA7489,0,2,70
2,3,12:21:39,0,-1,2,AA7489,0,2,80
3,4,12:23:00,0,-1,1,AA7489,0,2,40
4,5,12:26:35,0,-1,1,AA7489,0,2,141
5,6,12:34:55,0,-1,1,AA7489,0,2,83
6,7,12:49:59,0,-1,1,AA7489,0,2,833
7,8,12:51:43,0,-1,2,AA7489,0,2,94
8,9,12:53:25,0,-1,1,AA7489,0,2,50
9,10,12:54:38,0,-1,1,AA7489,0,2,40
10,11,12:58:55,0,-1,1,AA7489,0,2,227
11,12,13:00:06,0,-1,1,AA7489,0,2,30
12,13,13:01:57,0,-1,1,AA7489,0,2,81
13,14,13:02:48,0,-1,1,AA7489,0,2,40
14,15,13:04:39,0,-1,-1,AA7489,0,2,40
15,16,13:08:37,0,-1,1,AA7489,0,2,207
16,17,13:16:46,0,-1,1,AA7489,0,2,397
17,18,13:18:17,0,-1,1,AA7489,0,2,40
18,19,13:25:46,0,-1,3,AA7489,0,2,399
19,20,13:29:39,0,-1,1,AA7489,0,2,202
20,21,13:34:19,0,-1,1,AA7489,0,2,212
21,22,13:36:23,0,-1,-1,AA7489,0,2,93
0,1,14:52:00,0,-1,-1,AA7489,0,2,81
1,2,14:53:54,0,-1,2,AA7489,0,2,93
2,3,14:56:46,0,-1,2,AA7489,0,2,111
3,4,15:00:49,0,-1,1,AA7489,0,2,141
4,5,15:04:25,0,-1,1,AA7489,0,2,134
5,6,15:09:48,0,-1,1,AA7489,0,2,252
6,7,15:26:19,0,-1,1,AA7489,0,2,884
7,8,15:28:33,0,-1,1,AA7489,0,2,93
8,9,15:29:48,0,-1,1,AA7489,0,2,42
9,10,15:30:49,0,-1,1,AA7489,0,2,30
10,11,15:33:26,0,-1,1,AA7489,0,2,71
11,12,15:34:54,0,-1,2,AA7489,0,2,21
12,13,15:37:17,0,-1,1,AA7489,0,2,86
13,14,15:38:34,0,-1,2,AA7489,0,2,44
14,15,15:40:38,0,-1,-1,AA7489,0,2,50
15,16,15:42:45,0,-1,1,AA7489,0,2,75
16,17,15:49:20,0,-1,2,AA7489,0,2,362
17,18,15:54:05,0,-1,1,AA7489,0,2,200
18,19,16:04:34,0,-1,2,AA7489,0,2,563
19,21,16:11:53,0,-1,1,AA7489,1,2,375
21,22,16:13:34,0,-1,-1,AA7489,0,2,90
0,1,16:21:20,0,-1,-1,AA7489,0,2,31
1,2,16:23:10,0,-1,2,AA7489,0,2,85
2,3,16:25:11,0,-1,2,AA7489,0,2,31
3,4,16:27:38,0,-1,1,AA7489,0,2,61
4,5,16:31:04,0,-1,2,AA7489,0,2,121
5,6,16:35:03,0,-1,1,AA7489,0,2,135
6,7,16:47:27,0,-1,1,AA7489,0,2,712
7,8,16:48:51,0,-1,2,AA7489,0,2,72
8,9,16:50:39,0,-1,-1,AA7489,0,2,63
9,10,16:51:34,0,-1,-1,AA7489,0,2,33
10,11,16:53:10,0,-1,-1,AA7489,0,2,75
11,12,16:53:55,0,-1,-1,AA7489,0,2,20
12,13,16:55:13,0,-1,1,AA7489,0,2,45
13,14,16:56:27,0,-1,2,AA7489,0,2,43
14,15,16:57:53,0,-1,-1,AA7489,0,2,10
15,16,17:01:03,0,-1,1,AA7489,0,2,167
16,17,17:08:10,0,-1,2,AA7489,0,2,374
17,18,17:09:55,0,-1,1,AA7489,0,2,40
18,19,17:15:59,0,-1,3,AA7489,0,2,323
19,20,17:20:07,0,-1,2,AA7489,0,2,151
20,21,17:23:39,0,-1,1,AA7489,0,2,202
21,22,17:26:54,0,-1,-1,AA7489,0,2,113
17,18,17:54:13,0,-1,1,AA7489,0,2,36
18,19,18:07:34,0,-1,3,AA7489,0,2,694
19,20,18:11:17,0,-1,1,AA7489,0,2,91
20,21,18:19:08,0,-1,1,AA7489,0,2,430
21,22,18:21:53,0,-1,-1,AA7489,0,2,84
0,1,18:31:20,0,-1,-1,AA7489,0,2,40
1,2,18:34:54,0,-1,3,AA7489,0,2,194
2,3,18:37:46,0,-1,2,AA7489,0,2,101
3,4,18:40:38,0,-1,1,AA7489,0,2,121
4,5,18:44:13,0,-1,2,AA7489,0,2,121
5,6,18:46:05,0,-1,1,AA7489,0,2,30
6,7,19:01:13,0,-1,1,AA7489,0,2,858
7,8,19:02:35,0,-1,2,AA7489,0,2,71
8,9,19:04:06,0,-1,1,AA7489,0,2,60
9,10,19:04:46,0,-1,1,AA7489,0,2,20
10,11,19:07:08,0,-1,1,AA7489,0,2,91
11,12,19:07:58,0,-1,2,AA7489,0,2,20
12,13,19:10:33,0,-1,1,AA7489,0,2,103
13,14,19:13:15,0,-1,2,AA7489,0,2,111
14,15,19:14:46,0,-1,-1,AA7489,0,2,30
15,16,19:17:58,0,-1,1,AA7489,0,2,171
16,17,19:25:06,0,-1,3,AA7489,0,2,387
17,18,19:25:56,0,-1,1,AA7489,0,2,30
18,19,19:31:10,0,-1,2,AA7489,0,2,283
19,20,19:34:47,0,-1,1,AA7489,0,2,161
20,21,19:38:29,0,-1,1,AA7489,0,2,202
21,22,19:40:14,0,-1,-1,AA7489,0,2,74
0,1,20:31:48,0,-1,-1,AA7489,0,2,60
1,2,20:34:19,0,-1,2,AA7489,0,2,131
2,3,20:35:44,0,-1,1,AA7489,0,2,43
3,4,20:36:54,0,-1,1,AA7489,0,2,20
4,5,20:40:27,0,-1,1,AA7489,0,2,131
5,6,20:41:47,0,-1,1,AA7489,0,2,30
6,7,20:51:15,0,-1,1,AA7489,0,2,517
7,8,20:53:37,0,-1,2,AA7489,0,2,101
8,9,20:54:28,0,-1,1,AA7489,0,2,40
9,10,20:55:08,0,-1,1,AA7489,0,2,20
10,11,20:57:40,0,-1,1,AA7489,0,2,50
11,12,20:58:33,0,-1,1,AA7489,0,2,23
12,13,21:00:25,0,-1,1,AA7489,0,2,70
13,14,21:01:35,0,-1,1,AA7489,0,2,40
14,15,21:03:57,0,-1,-1,AA7489,0,2,50
15,16,21:05:58,0,-1,1,AA7489,0,2,101
16,17,21:12:25,0,-1,-1,AA7489,0,2,356
17,18,21:13:56,0,-1,-1,AA7489,0,2,30
18,19,21:18:29,0,-1,2,AA7489,0,2,232
19,20,21:21:05,0,-1,1,AA7489,0,2,135
20,21,21:22:40,0,-1,1,AA7489,0,2,60
21,22,21:24:45,0,-1,-1,AA7489,0,2,104
0,1,21:57:28,0,-1,-1,AA7489,0,2,34
1,2,21:59:20,0,-1,1,AA7489,0,2,60
2,3,22:01:53,0,-1,1,AA7489,0,2,103
3,4,22:03:55,0,-1,1,AA7489,0,2,50
4,5,22:07:28,0,-1,1,AA7489,0,2,121
5,6,22:08:39,0,-1,1,AA7489,0,2,30
6,7,22:16:58,0,-1,1,AA7489,0,2,448
7,8,22:19:19,0,-1,1,AA7489,0,2,131
8,9,22:20:33,0,-1,1,AA7489,0,2,43
9,10,22:21:44,0,-1,1,AA7489,0,2,40
10,11,22:25:22,0,-1,1,AA7489,0,2,208
11,12,22:26:33,0,-1,1,AA7489,0,2,30
12,13,22:28:55,0,-1,1,AA7489,0,2,60
13,14,22:30:16,0,-1,1,AA7489,0,2,40
14,15,22:31:47,0,-1,-1,AA7489,0,2,20
15,16,22:33:49,0,-1,1,AA7489,0,2,91
16,17,22:40:46,0,-1,1,AA7489,0,2,366
17,18,22:41:57,0,-1,1,AA7489,0,2,30
18,19,22:45:50,0,-1,2,AA7489,0,2,192
19,21,22:49:46,0,-1,1,AA7489,1,2,172
21,22,22:51:47,0,-1,-1,AA7489,0,2,80
0,1,23:09:42,0,-1,-1,AA7489,0,2,60
1,2,23:11:34,0,-1,2,AA7489,0,2,50
2,3,23:13:05,0,-1,2,AA7489,0,2,40
3,4,23:15:26,0,-1,1,AA7489,0,2,121
4,5,23:17:58,0,-1,1,AA7489,0,2,121
5,6,23:18:59,0,-1,1,AA7489,0,2,20
6,8,23:29:47,0,-1,1,AA7489,1,2,607
8,9,23:30:58,0,-1,1,AA7489,0,2,40
9,10,23:31:48,0,-1,1,AA7489,0,2,30
10,11,23:33:19,0,-1,1,AA7489,0,2,70
11,12,23:34:20,0,-1,1,AA7489,0,2,30
12,13,23:35:34,0,-1,1,AA7489,0,2,50
13,14,23:36:48,0,-1,1,AA7489,0,2,23
14,15,23:38:09,0,-1,-1,AA7489,0,2,20
15,16,23:40:20,0,-1,1,AA7489,0,2,111
16,17,23:46:58,0,-1,1,AA7489,0,2,355
17,18,23:47:59,0,-1,1,AA7489,0,2,30
18,19,23:52:03,0,-1,2,AA7489,0,2,204
19,20,23:54:05,0,-1,1,AA7489,0,2,101
20,21,23:55:46,0,-1,1,AA7489,0,2,91
21,22,23:57:37,0,-1,-1,AA7489,0,2,80
0,1,7:03:49,0,-1,-1,AA7864,0,2,50
1,2,7:05:40,0,-1,2,AA7864,0,2,40
2,3,7:08:24,0,-1,2,AA7864,0,2,91
3,4,7:10:25,0,-1,1,AA7864,0,2,91
4,5,7:13:27,0,-1,1,AA7864,0,2,141
5,6,7:14:58,0,-1,1,AA7864,0,2,30
6,7,7:23:58,0,-1,2,AA7864,0,2,509
7,8,7:26:53,0,-1,2,AA7864,0,2,154
8,9,7:28:24,0,-1,1,AA7864,0,2,60
9,10,7:29:25,0,-1,1,AA7864,0,2,30
10,11,7:31:06,0,-1,1,AA7864,0,2,70
11,12,7:31:57,0,-1,1,AA7864,0,2,20
12,13,7:33:18,0,-1,1,AA7864,0,2,30
13,14,7:34:19,0,-1,1,AA7864,0,2,40
14,15,7:35:50,0,-1,-1,AA7864,0,2,40
15,16,7:39:05,0,-1,1,AA7864,0,2,122
16,17,7:47:24,0,-1,1,AA7864,0,2,438
17,18,7:49:26,0,-1,1,AA7864,0,2,81
18,19,7:55:00,0,-1,-1,AA7864,0,2,293
19,20,7:57:25,0,-1,2,AA7864,0,2,70
20,21,8:00:37,0,-1,1,AA7864,0,2,151
21,22,8:02:54,0,-1,-1,AA7864,0,2,106
0,1,9:33:58,0,-1,-1,AB4144,0,2,70
1,3,9:39:37,0,-1,3,AB4144,1,2,319
3,4,9:42:29,0,-1,1,AB4144,0,2,141
4,5,9:46:34,0,-1,1,AB4144,0,2,151
5,6,9:48:36,0,-1,1,AB4144,0,2,51
6,7,9:57:46,0,-1,1,AB4144,0,2,509
7,8,10:00:08,0,-1,2,AB4144,0,2,131
8,9,10:01:41,0,-1,1,AB4144,0,2,82
9,10,10:02:11,0,-1,1,AB4144,0,2,20
10,11,10:03:53,0,-1,1,AB4144,0,2,51
11,12,10:04:43,0,-1,1,AB4144,0,2,20
12,13,10:06:25,0,-1,1,AB4144,0,2,70
13,14,10:08:07,0,-1,1,AB4144,0,2,40
14,15,10:10:18,0,-1,-1,AB4144,0,2,40
15,16,10:13:13,0,-1,1,AB4144,0,2,134
16,17,10:20:48,0,-1,1,AB4144,0,2,414
17,18,10:22:20,0,-1,1,AB4144,0,2,40
18,19,10:28:16,0,-1,2,AB4144,0,2,316
19,20,10:31:08,0,-1,1,AB4144,0,2,161
20,21,10:32:29,0,-1,1,AB4144,0,2,70
21,22,10:34:44,0,-1,-1,AB4144,0,2,94
0,1,15:32:35,0,-1,-1,AB5635,0,2,60
1,2,15:34:44,0,-1,3,AB5635,0,2,55
2,3,15:36:20,0,-1,2,AB5635,0,2,30
3,4,15:38:34,0,-1,1,AB5635,0,2,99
4,5,15:43:07,0,-1,1,AB5635,0,2,189
5,6,15:46:14,0,-1,1,AB5635,0,2,84
6,7,16:00:48,0,-1,2,AB5635,0,2,819
7,8,16:03:04,0,-1,1,AB5635,0,2,105
8,9,16:04:54,0,-1,1,AB5635,0,2,90
9,10,16:05:57,0,-1,1,AB5635,0,2,30
10,11,16:08:58,0,-1,1,AB5635,0,2,108
11,12,16:09:54,0,-1,1,AB5635,0,2,11
12,13,16:11:53,0,-1,1,AB5635,0,2,97
13,14,16:12:55,0,-1,2,AB5635,0,2,41
14,15,16:14:48,0,-1,-1,AB5635,0,2,21
15,16,16:18:05,0,-1,1,AB5635,0,2,163
16,17,16:24:40,0,-1,2,AB5635,0,2,363
17,18,16:28:52,0,-1,1,AB5635,0,2,165
18,19,16:38:11,0,-1,3,AB5635,0,2,485
19,20,16:42:21,0,-1,1,AB5635,0,2,134
20,21,16:45:27,0,-1,1,AB5635,0,2,130
21,22,16:47:38,0,-1,-1,AB5635,0,2,95
16,17,0:04:34,1,-1,1,AA6835,0,2,366
17,18,0:06:15,1,-1,1,AA6835,0,2,30
18,19,0:10:58,1,-1,2,AA6835,0,2,232
19,20,0:12:29,1,-1,1,AA6835,0,2,40
20,21,0:14:43,1,-1,1,AA6835,0,2,123
21,22,0:16:54,1,-1,-1,AA6835,0,2,91
0,1,0:36:41,1,-1,-1,AA6835,0,2,21
1,2,0:37:52,1,-1,2,AA6835,0,2,10
2,3,0:39:43,1,-1,1,AA6835,0,2,101
4,5,0:43:05,1,-1,1,AA6835,0,2,121
5,6,0:43:56,1,-1,1,AA6835,0,2,20
6,7,0:52:04,1,-1,-1,AA6835,0,2,457
7,8,0:54:05,1,-1,-1,AA6835,0,2,90
8,9,0:55:16,1,-1,1,AA6835,0,2,40
9,10,0:55:57,1,-1,1,AA6835,0,2,20
10,11,0:57:48,1,-1,1,AA6835,0,2,70
11,12,0:58:28,1,-1,1,AA6835,0,2,30
12,13,0:59:29,1,-1,1,AA6835,0,2,40
13,14,1:00:19,1,-1,1,AA6835,0,2,40
14,15,1:01:10,1,-1,-1,AA6835,0,2,20
15,16,1:03:53,1,-1,1,AA6835,0,2,111
16,17,1:10:07,1,-1,1,AA6835,0,2,353
17,18,1:11:18,1,-1,1,AA6835,0,2,30
18,19,1:15:07,1,-1,1,AA6835,0,2,209
19,21,1:20:20,1,-1,1,AA6835,1,2,282
21,22,1:22:14,1,-1,-1,AA6835,0,2,83
0,2,6:39:49,1,-1,2,AA6835,1,1,131
2,3,6:41:30,1,-1,2,AA6835,0,1,40
3,4,6:43:44,1,-1,1,AA6835,0,1,60
4,5,6:47:36,1,-1,1,AA6835,0,1,131
5,6,6:48:47,1,-1,1,AA6835,0,1,20
6,7,6:57:36,1,-1,1,AA6835,0,1,498
7,8,6:59:58,1,-1,-1,AA6835,0,1,131
8,9,7:01:19,1,-1,1,AA6835,0,1,60
9,10,7:02:19,1,-1,1,AA6835,0,1,30
10,11,7:03:42,1,-1,1,AA6835,0,1,62
11,12,7:04:13,1,-1,1,AA6835,0,1,20
12,13,7:05:44,1,-1,1,AA6835,0,1,60
13,14,7:06:34,1,-1,1,AA6835,0,1,40
14,15,7:07:35,1,-1,-1,AA6835,0,1,40
15,16,7:10:17,1,-1,1,AA6835,0,1,131
16,17,7:17:04,1,-1,1,AA6835,0,1,377
17,18,7:18:05,1,-1,1,AA6835,0,1,20
18,19,7:22:25,1,-1,2,AA6835,0,1,219
19,20,7:24:20,1,-1,1,AA6835,0,1,40
20,21,7:26:43,1,-1,1,AA6835,0,1,101
21,22,7:29:17,1,-1,-1,AA6835,0,1,81
0,1,7:45:17,1,-1,-1,AA6835,0,1,111
1,2,7:48:43,1,-1,3,AA6835,0,1,175
2,3,7:51:35,1,-1,3,AA6835,0,1,101
3,4,7:56:40,1,-1,1,AA6835,0,1,294
4,5,8:00:56,1,-1,1,AA6835,0,1,131
5,6,8:03:18,1,-1,1,AA6835,0,1,20
6,7,8:13:09,1,-1,-1,AA6835,0,1,540
7,8,8:15:12,1,-1,1,AA6835,0,1,112
8,9,8:16:44,1,-1,1,AA6835,0,1,51
9,10,8:17:55,1,-1,1,AA6835,0,1,30
10,11,8:19:28,1,-1,1,AA6835,0,1,62
11,12,8:20:19,1,-1,1,AA6835,0,1,30
12,13,8:22:32,1,-1,1,AA6835,0,1,93
13,14,8:23:23,1,-1,2,AA6835,0,1,30
14,15,8:26:07,1,-1,-1,AA6835,0,1,143
15,16,8:29:20,1,-1,1,AA6835,0,1,182
16,17,8:36:37,1,-1,1,AA6835,0,1,364
17,18,8:38:08,1,-1,1,AA6835,0,1,50
18,19,8:44:03,1,-1,2,AA6835,0,1,314
19,20,8:47:36,1,-1,2,AA6835,0,1,80
20,21,8:50:28,1,-1,1,AA6835,0,1,111
21,22,8:52:19,1,-1,-1,AA6835,0,1,80
0,1,9:05:54,1,-1,-1,AA6835,0,1,105
1,2,9:08:32,1,-1,3,AA6835,0,1,147
2,3,9:11:55,1,-1,2,AA6835,0,1,111
3,4,9:16:28,1,-1,1,AA6835,0,1,131
4,5,9:20:15,1,-1,1,AA6835,0,1,136
5,6,9:21:47,1,-1,1,AA6835,0,1,21
6,7,9:31:16,1,-1,2,AA6835,0,2,528
7,8,9:33:07,1,-1,2,AA6835,0,2,101
8,9,9:34:28,1,-1,1,AA6835,0,2,30
9,10,9:35:18,1,-1,1,AA6835,0,2,20
10,11,9:37:10,1,-1,1,AA6835,0,2,80
11,12,9:38:02,1,-1,1,AA6835,0,2,10
12,13,9:40:24,1,-1,1,AA6835,0,2,111
13,14,9:41:24,1,-1,1,AA6835,0,2,50
14,15,9:42:45,1,-1,-1,AA6835,0,2,60
15,16,9:45:07,1,-1,1,AA6835,0,2,111
16,17,9:51:36,1,-1,1,AA6835,0,2,359
17,18,9:53:28,1,-1,1,AA6835,0,2,70
18,19,9:58:08,1,-1,2,AA6835,0,2,250
19,20,10:01:32,1,-1,2,AA6835,0,2,153
20,21,10:04:55,1,-1,1,AA6835,0,2,193
21,22,10:06:47,1,-1,-1,AA6835,0,2,80
0,1,10:48:48,1,-1,-1,AA6835,0,2,60
1,2,10:51:29,1,-1,2,AA6835,0,2,80
2,3,10:53:35,1,-1,2,AA6835,0,2,40
3,4,10:54:56,1,-1,1,AA6835,0,2,20
4,5,10:58:09,1,-1,1,AA6835,0,2,121
5,6,10:59:19,1,-1,1,AA6835,0,2,20
6,7,11:11:10,1,-1,1,AA6835,0,2,669
7,8,11:13:34,1,-1,2,AA6835,0,2,134
8,9,11:15:05,1,-1,1,AA6835,0,2,70
9,10,11:16:06,1,-1,1,AA6835,0,2,30
10,11,11:18:58,1,-1,1,AA6835,0,2,161
11,12,11:19:59,1,-1,1,AA6835,0,2,30
12,13,11:21:34,1,-1,-1,AA6835,0,2,73
13,14,11:22:45,1,-1,-1,AA6835,0,2,30
14,15,11:25:16,1,-1,-1,AA6835,0,2,70
15,16,11:28:29,1,-1,1,AA6835,0,2,131
16,17,11:35:44,1,-1,1,AA6835,0,2,394
17,18,11:36:55,1,-1,1,AA6835,0,2,20
18,19,11:45:43,1,-1,2,AA6835,0,2,467
19,20,11:49:09,1,-1,1,AA6835,0,2,145
20,21,11:52:54,1,-1,1,AA6835,0,2,174
21,22,11:54:48,1,-1,-1,AA6835,0,2,83
0,1,12:03:27,1,-1,-1,AA6835,0,2,60
1,2,12:05:08,1,-1,2,AA6835,0,2,30
2,3,12:07:44,1,-1,2,AA6835,0,2,85
3,4,12:10:57,1,-1,1,AA6835,0,2,183
4,5,12:19:27,1,-1,1,AA6835,0,2,317
5,6,12:21:18,1,-1,1,AA6835,0,2,50
6,7,12:29:57,1,-1,1,AA6835,0,2,488
7,8,12:32:19,1,-1,2,AA6835,0,2,101
8,10,12:34:33,1,-1,1,AA6835,1,2,123
10,11,12:37:35,1,-1,1,AA6835,0,2,162
11,12,12:38:26,1,-1,1,AA6835,0,2,20
12,13,12:39:57,1,-1,1,AA6835,0,2,61
13,14,12:41:18,1,-1,1,AA6835,0,2,40
14,15,12:42:39,1,-1,-1,AA6835,0,2,60
15,16,12:44:55,1,-1,1,AA6835,0,2,114
16,17,12:51:59,1,-1,1,AA6835,0,2,394
17,18,12:53:24,1,-1,1,AA6835,0,2,30
18,19,12:57:39,1,-1,3,AA6835,0,2,214
19,20,13:00:35,1,-1,1,AA6835,0,2,135
20,21,13:02:27,1,-1,1,AA6835,0,2,60
21,22,13:04:18,1,-1,-1,AA6835,0,2,91
0,1,13:17:34,1,-1,-1,AA6835,0,2,83
1,2,13:19:15,1,-1,3,AA6835,0,2,30
2,3,13:21:27,1,-1,2,AA6835,0,2,60
3,4,13:23:48,1,-1,1,AA6835,0,2,101
4,5,13:27:05,1,-1,1,AA6835,0,2,125
5,6,13:28:26,1,-1,1,AA6835,0,2,20
6,7,13:36:54,1,-1,1,AA6835,0,2,478
7,8,13:39:16,1,-1,2,AA6835,0,2,131
8,9,13:40:27,1,-1,1,AA6835,0,2,40
9,10,13:41:27,1,-1,1,AA6835,0,2,30
10,11,13:44:29,1,-1,1,AA6835,0,2,161
11,12,13:45:20,1,-1,1,AA6835,0,2,20
12,13,13:48:34,1,-1,1,AA6835,0,2,121
13,14,13:49:55,1,-1,1,AA6835,0,2,70
14,15,13:51:36,1,-1,-1,AA6835,0,2,30
15,16,13:53:48,1,-1,1,AA6835,0,2,101
16,17,14:00:37,1,-1,1,AA6835,0,2,358
17,18,14:01:58,1,-1,1,AA6835,0,2,30
18,19,14:06:11,1,-1,2,AA6835,0,2,232
19,21,14:12:37,1,-1,1,AA6835,1,2,303
21,22,14:13:58,1,-1,-1,AA6835,0,2,50
0,1,14:28:49,1,-1,-1,AA6835,0,2,80
1,2,14:31:13,1,-1,3,AA6835,0,2,70
2,3,14:32:55,1,-1,3,AA6835,0,2,10
3,4,14:34:56,1,-1,1,AA6835,0,2,90
4,5,14:38:41,1,-1,1,AA6835,0,2,124
5,6,14:39:52,1,-1,1,AA6835,0,2,30
6,7,14:49:59,1,-1,2,AA6835,0,2,566
7,8,14:51:54,1,-1,2,AA6835,0,2,94
8,9,14:54:25,1,-1,1,AA6835,0,2,101
9,10,14:55:16,1,-1,1,AA6835,0,2,30
10,11,14:57:38,1,-1,1,AA6835,0,2,121
11,12,14:59:09,1,-1,1,AA6835,0,2,50
12,13,15:02:43,1,-1,1,AA6835,0,2,102
13,14,15:03:44,1,-1,2,AA6835,0,2,50
14,15,15:05:04,1,-1,-1,AA6835,0,2,50
15,16,15:08:18,1,-1,1,AA6835,0,2,152
16,17,15:15:27,1,-1,2,AA6835,0,2,378
17,18,15:16:33,1,-1,1,AA6835,0,2,10
20,21,15:29:17,1,-1,1,AA6835,0,2,203
21,22,15:31:18,1,-1,-1,AA6835,0,2,90
0,1,15:49:50,1,-1,-1,AA6835,0,2,60
1,2,15:51:43,1,-1,2,AA6835,0,2,42
2,3,15:54:04,1,-1,2,AA6835,0,2,70
3,4,15:56:33,1,-1,1,AA6835,0,2,72
4,5,16:00:05,1,-1,1,AA6835,0,2,121
5,6,16:01:26,1,-1,1,AA6835,0,2,30
6,7,16:11:47,1,-1,1,AA6835,0,2,580
7,8,16:13:28,1,-1,2,AA6835,0,2,90
8,9,16:15:10,1,-1,1,AA6835,0,2,60
9,10,16:15:44,1,-1,1,AA6835,0,2,20
10,12,16:19:36,1,-1,1,AA6835,1,2,222
12,13,16:21:07,1,-1,1,AA6835,0,2,60
13,14,16:22:08,1,-1,2,AA6835,0,2,40
14,15,16:24:09,1,-1,-1,AA6835,0,2,70
15,16,16:28:54,1,-1,1,AA6835,0,2,254
16,17,16:37:10,1,-1,1,AA6835,0,2,465
17,18,16:38:45,1,-1,1,AA6835,0,2,40
18,19,16:43:39,1,-1,3,AA6835,0,2,253
19,20,16:47:04,1,-1,1,AA6835,0,2,173
20,22,16:53:19,1,-1,-1,AA6835,1,2,334
0,5,17:19:26,1,-1,2,AA6835,4,2,741
5,6,17:21:07,1,-1,1,AA6835,0,2,40
6,7,17:32:32,1,-1,1,AA6835,0,2,644
7,8,17:34:45,1,-1,2,AA6835,0,2,112
8,9,17:37:06,1,-1,1,AA6835,0,2,111
9,10,17:38:07,1,-1,1,AA6835,0,2,30
10,11,17:40:39,1,-1,1,AA6835,0,2,111
11,12,17:41:49,1,-1,1,AA6835,0,2,20
12,13,17:44:14,1,-1,1,AA6835,0,2,91
13,14,17:45:46,1,-1,2,AA6835,0,2,40
14,15,17:47:37,1,-1,-1,AA6835,0,2,40
15,16,17:52:20,1,-1,1,AA6835,0,2,262
16,17,17:59:49,1,-1,2,AA6835,0,2,388
17,18,18:01:00,1,-1,1,AA6835,0,2,30
18,19,18:10:19,1,-1,2,AA6835,0,2,516
19,21,18:21:16,1,-1,1,AA6835,1,2,531
21,22,18:23:07,1,-1,-1,AA6835,0,2,101
0,1,18:28:36,1,-1,-1,AA6835,0,2,50
1,2,18:32:09,1,-1,3,AA6835,0,2,202
2,3,18:34:14,1,-1,2,AA6835,0,2,71
3,4,18:38:07,1,-1,1,AA6835,0,2,161
4,5,18:41:09,1,-1,2,AA6835,0,2,121
5,6,18:42:31,1,-1,1,AA6835,0,2,11
6,7,19:03:57,1,-1,1,AA6835,0,2,1224
7,8,19:05:59,1,-1,2,AA6835,0,2,91
8,9,19:07:40,1,-1,1,AA6835,0,2,50
9,10,19:08:33,1,-1,1,AA6835,0,2,13
10,11,19:11:15,1,-1,1,AA6835,0,2,50
11,12,19:12:46,1,-1,2,AA6835,0,2,20
12,13,19:16:44,1,-1,2,AA6835,0,2,173
13,14,19:18:36,1,-1,3,AA6835,0,2,70
14,15,19:20:57,1,-1,-1,AA6835,0,2,121
15,16,19:22:59,1,-1,1,AA6835,0,2,91
16,17,19:29:35,1,-1,2,AA6835,0,2,365
17,18,19:30:56,1,-1,1,AA6835,0,2,30
18,19,19:35:19,1,-1,2,AA6835,0,2,222
19,20,19:38:25,1,-1,1,AA6835,0,2,166
20,21,19:41:47,1,-1,1,AA6835,0,2,171
21,22,19:44:09,1,-1,-1,AA6835,0,2,100
0,1,20:16:36,1,-1,-1,AA6835,0,4,30
1,2,20:18:07,1,-1,2,AA6835,0,4,80
2,3,20:19:38,1,-1,2,AA6835,0,4,50
3,4,20:22:10,1,-1,1,AA6835,0,2,80
4,5,20:24:44,1,-1,2,AA6835,0,2,124
5,6,20:26:05,1,-1,1,AA6835,0,2,30
6,7,20:35:35,1,-1,1,AA6835,0,2,529
7,8,20:37:16,1,-1,2,AA6835,0,2,70
8,9,20:38:27,1,-1,1,AA6835,0,2,50
9,11,20:41:59,1,-1,1,AA6835,1,2,202
11,12,20:42:50,1,-1,1,AA6835,0,2,30
12,13,20:44:54,1,-1,1,AA6835,0,2,60
13,14,20:45:44,1,-1,1,AA6835,0,2,40
14,15,20:48:16,1,-1,-1,AA6835,0,2,121
15,16,20:50:37,1,-1,1,AA6835,0,2,121
16,17,20:56:53,1,-1,3,AA6835,0,2,345
17,18,20:58:04,1,-1,1,AA6835,0,2,20
18,19,21:03:07,1,-1,2,AA6835,0,2,252
19,20,21:06:19,1,-1,1,AA6835,0,2,141
20,21,21:08:53,1,-1,1,AA6835,0,2,143
21,22,21:11:05,1,-1,-1,AA6835,0,2,81
0,1,21:25:48,1,-1,-1,AA6835,0,4,30
1,2,21:27:29,1,-1,2,AA6835,0,4,90
2,3,21:29:00,1,-1,2,AA6835,0,4,30
3,4,21:30:05,1,-1,1,AA6835,0,2,55
4,5,21:32:26,1,-1,1,AA6835,0,2,111
5,6,21:33:37,1,-1,1,AA6835,0,2,20
6,7,21:42:15,1,-1,1,AA6835,0,2,477
7,8,21:44:16,1,-1,1,AA6835,0,2,111
8,9,21:45:17,1,-1,1,AA6835,0,2,40
9,10,21:46:08,1,-1,1,AA6835,0,2,20
10,11,21:47:49,1,-1,1,AA6835,0,2,90
11,12,21:48:29,1,-1,1,AA6835,0,2,30
12,13,21:50:18,1,-1,1,AA6835,0,2,78
13,14,21:51:18,1,-1,1,AA6835,0,2,40
14,15,21:52:49,1,-1,-1,AA6835,0,2,60
15,16,21:55:25,1,-1,1,AA6835,0,2,80
16,17,22:02:35,1,-1,1,AA6835,0,2,358
17,18,22:03:56,1,-1,1,AA6835,0,2,40
18,19,22:08:26,1,-1,2,AA6835,0,2,249
19,20,22:10:58,1,-1,1,AA6835,0,2,92
20,21,22:14:34,1,-1,1,AA6835,0,4,175
21,22,22:17:05,1,-1,-1,AA6835,0,4,91
0,1,22:33:23,1,-1,-1,AA6835,0,4,50
1,2,22:34:44,1,-1,1,AA6835,0,4,20
2,3,22:36:25,1,-1,2,AA6835,0,4,90
3,4,22:38:47,1,-1,1,AA6835,0,4,60
4,5,22:43:00,1,-1,1,AA6835,0,4,161
5,6,22:44:22,1,-1,1,AA6835,0,4,20
6,7,22:53:19,1,-1,1,AA6835,0,4,476
7,8,22:56:04,1,-1,2,AA6835,0,4,144
8,9,22:57:35,1,-1,1,AA6835,0,4,50
9,10,22:58:36,1,-1,1,AA6835,0,4,30
10,11,23:00:27,1,-1,1,AA6835,0,4,101
11,12,23:00:57,1,-1,1,AA6835,0,4,10
12,13,23:02:53,1,-1,1,AA6835,0,4,75
13,14,23:03:44,1,-1,1,AA6835,0,4,30
14,15,23:04:55,1,-1,-1,AA6835,0,4,40
15,16,23:07:06,1,-1,1,AA6835,0,4,101
16,17,23:13:52,1,-1,1,AA6835,0,4,376
17,18,23:14:53,1,-1,1,AA6835,0,4,30
18,19,23:18:56,1,-1,2,AA6835,0,4,202
19,20,23:20:47,1,-1,1,AA6835,0,4,40
20,21,23:22:58,1,-1,1,AA6835,0,4,121
21,22,23:25:00,1,-1,-1,AA6835,0,4,80
0,1,6:49:48,1,-1,-1,AA7096,0,1,70
1,2,6:51:29,1,-1,-1,AA7096,0,1,30
2,3,6:53:10,1,-1,-1,AA7096,0,1,40
3,4,6:55:24,1,-1,1,AA7096,0,1,63
4,5,6:59:17,1,-1,1,AA7096,0,1,131
5,6,7:00:28,1,-1,1,AA7096,0,1,20
6,7,7:09:46,1,-1,2,AA7096,0,1,497
7,8,7:11:58,1,-1,2,AA7096,0,1,111
8,9,7:13:19,1,-1,1,AA7096,0,1,50
9,10,7:14:40,1,-1,1,AA7096,0,1,30
10,11,7:16:04,1,-1,1,AA7096,0,1,43
11,12,7:17:04,1,-1,1,AA7096,0,1,20
12,13,7:18:25,1,-1,1,AA7096,0,1,50
13,14,7:19:38,1,-1,1,AA7096,0,1,42
14,15,7:20:30,1,-1,-1,AA7096,0,1,31
15,16,7:22:55,1,-1,1,AA7096,0,1,80
16,17,7:29:37,1,-1,1,AA7096,0,1,357
17,18,7:30:38,1,-1,1,AA7096,0,1,20
18,19,7:34:44,1,-1,2,AA7096,0,1,205
19,20,7:37:08,1,-1,1,AA7096,0,1,42
20,21,7:41:21,1,-1,1,AA7096,0,1,242
21,22,7:43:46,1,-1,-1,AA7096,0,1,102
0,1,7:54:28,1,-1,-1,AA7096,0,1,92
1,2,7:58:35,1,-1,3,AA7096,0,1,125
2,3,8:01:57,1,-1,3,AA7096,0,1,131
3,4,8:08:46,1,-1,1,AA7096,0,1,318
4,5,8:14:32,1,-1,-1,AA7096,0,1,163
5,6,8:16:23,1,-1,1,AA7096,0,1,20
6,7,8:27:08,1,-1,2,AA7096,0,1,563
7,8,8:30:00,1,-1,2,AA7096,0,1,121
8,9,8:31:14,1,-1,1,AA7096,0,1,30
9,10,8:32:24,1,-1,1,AA7096,0,1,20
10,11,8:35:06,1,-1,1,AA7096,0,1,101
11,12,8:36:37,1,-1,1,AA7096,0,1,50
12,13,8:41:41,1,-1,2,AA7096,0,1,112
13,14,8:42:52,1,-1,2,AA7096,0,1,40
14,15,8:44:44,1,-1,-1,AA7096,0,1,50
15,16,8:48:16,1,-1,1,AA7096,0,1,121
16,17,8:55:23,1,-1,1,AA7096,0,1,376
17,18,8:58:15,1,-1,1,AA7096,0,1,50
18,19,9:04:30,1,-1,-1,AA7096,0,1,323
19,20,9:08:20,1,-1,1,AA7096,0,1,135
20,21,9:11:55,1,-1,1,AA7096,0,1,171
21,22,9:14:06,1,-1,-1,AA7096,0,1,91
0,1,9:26:58,1,-1,-1,AA7096,0,2,98
1,2,9:30:05,1,-1,3,AA7096,0,2,75
2,3,9:33:27,1,-1,3,AA7096,0,2,101
3,4,9:36:49,1,-1,1,AA7096,0,2,151
4,5,9:40:34,1,-1,1,AA7096,0,2,141
5,6,9:42:45,1,-1,1,AA7096,0,2,30
6,8,9:56:37,1,-1,2,AA7096,1,2,781
8,9,9:58:08,1,-1,1,AA7096,0,2,40
9,10,9:59:19,1,-1,1,AA7096,0,2,20
10,11,10:01:00,1,-1,1,AA7096,0,2,60
11,12,10:02:02,1,-1,1,AA7096,0,2,30
12,13,10:03:34,1,-1,1,AA7096,0,2,61
13,14,10:04:45,1,-1,1,AA7096,0,2,30
14,15,10:06:37,1,-1,-1,AA7096,0,2,40
15,16,10:09:59,1,-1,1,AA7096,0,2,131
16,17,10:16:57,1,-1,1,AA7096,0,2,387
17,18,10:18:18,1,-1,1,AA7096,0,2,40
18,19,10:24:15,1,-1,2,AA7096,0,2,316
19,20,10:27:27,1,-1,1,AA7096,0,2,111
20,21,10:30:59,1,-1,-1,AA7096,0,2,202
21,22,10:32:54,1,-1,-1,AA7096,0,2,104
0,1,10:42:33,1,-1,-1,AA7096,0,2,63
1,2,10:43:34,1,-1,3,AA7096,0,2,10
2,3,10:46:16,1,-1,2,AA7096,0,2,111
3,4,10:48:37,1,-1,1,AA7096,0,2,50
4,5,10:52:20,1,-1,1,AA7096,0,2,141
5,6,10:53:55,1,-1,1,AA7096,0,2,30
6,7,11:04:35,1,-1,1,AA7096,0,2,589
7,8,11:07:17,1,-1,2,AA7096,0,2,151
8,9,11:08:48,1,-1,1,AA7096,0,2,40
9,10,11:09:39,1,-1,1,AA7096,0,2,30
10,11,11:11:32,1,-1,1,AA7096,0,2,72
11,12,11:12:12,1,-1,1,AA7096,0,2,30
12,13,11:14:05,1,-1,1,AA7096,0,2,80
13,14,11:15:25,1,-1,1,AA7096,0,2,50
14,15,11:18:07,1,-1,-1,AA7096,0,2,40
15,16,11:20:53,1,-1,-1,AA7096,0,2,115
16,17,11:27:48,1,-1,1,AA7096,0,2,374
17,18,11:29:19,1,-1,1,AA7096,0,2,50
18,19,11:38:56,1,-1,2,AA7096,0,2,502
19,20,11:41:18,1,-1,1,AA7096,0,2,50
20,21,11:45:33,1,-1,1,AA7096,0,2,214
21,22,11:47:54,1,-1,-1,AA7096,0,2,101
0,1,11:34:06,1,-1,-1,AA7149,0,2,101
1,2,11:35:54,1,-1,2,AA7149,0,2,42
2,3,11:38:05,1,-1,3,AA7149,0,2,60
4,5,11:57:10,1,-1,1,AA7149,0,2,901
5,6,11:59:34,1,-1,1,AA7149,0,2,20
6,7,12:09:36,1,-1,1,AA7149,0,2,551
7,8,12:11:48,1,-1,2,AA7149,0,2,101
8,9,12:14:10,1,-1,1,AA7149,0,2,50
9,10,12:15:10,1,-1,1,AA7149,0,2,30
10,11,12:17:15,1,-1,1,AA7149,0,2,70
11,12,12:18:05,1,-1,1,AA7149,0,2,20
12,13,12:20:07,1,-1,1,AA7149,0,2,60
13,14,12:21:18,1,-1,1,AA7149,0,2,30
14,15,12:23:09,1,-1,-1,AA7149,0,2,30
15,16,12:26:44,1,-1,1,AA7149,0,2,182
16,17,12:33:52,1,-1,1,AA7149,0,2,377
17,18,12:35:44,1,-1,1,AA7149,0,2,40
18,19,12:40:48,1,-1,2,AA7149,0,2,263
19,20,12:43:54,1,-1,1,AA7149,0,2,114
20,21,12:45:45,1,-1,1,AA7149,0,2,101
21,22,12:47:57,1,-1,-1,AA7149,0,2,90
0,1,12:56:39,1,-1,-1,AA7149,0,2,60
1,2,12:58:20,1,-1,2,AA7149,0,2,91
2,3,13:01:16,1,-1,2,AA7149,0,2,161
3,4,13:03:37,1,-1,1,AA7149,0,2,50
4,5,13:07:00,1,-1,1,AA7149,0,2,131
5,6,13:08:35,1,-1,1,AA7149,0,2,22
6,7,13:18:04,1,-1,2,AA7149,0,2,498
7,8,13:20:56,1,-1,2,AA7149,0,2,131
8,9,13:22:58,1,-1,1,AA7149,0,2,91
9,10,13:23:58,1,-1,1,AA7149,0,2,30
10,11,13:26:10,1,-1,1,AA7149,0,2,121
11,12,13:27:15,1,-1,1,AA7149,0,2,30
12,13,13:29:26,1,-1,1,AA7149,0,2,101
13,14,13:30:47,1,-1,1,AA7149,0,2,40
14,15,13:32:49,1,-1,-1,AA7149,0,2,81
15,16,13:35:13,1,-1,1,AA7149,0,2,123
16,17,13:42:18,1,-1,1,AA7149,0,2,364
17,18,13:43:49,1,-1,1,AA7149,0,2,30
18,19,13:48:54,1,-1,2,AA7149,0,2,234
19,20,13:53:07,1,-1,1,AA7149,0,2,202
20,21,13:56:50,1,-1,1,AA7149,0,2,212
21,22,13:58:55,1,-1,-1,AA7149,0,2,82
0,1,14:10:46,1,-1,-1,AA7149,0,2,121
1,2,14:13:27,1,-1,3,AA7149,0,2,101
2,3,14:16:29,1,-1,2,AA7149,0,2,90
3,4,14:20:26,1,-1,-1,AA7149,0,2,131
4,5,14:23:59,1,-1,-1,AA7149,0,2,131
5,6,14:26:18,1,-1,1,AA7149,0,2,30
6,7,14:36:17,1,-1,1,AA7149,0,2,528
7,8,14:39:12,1,-1,2,AA7149,0,2,164
8,9,14:41:13,1,-1,1,AA7149,0,2,101
9,10,14:42:34,1,-1,1,AA7149,0,2,40
10,11,14:46:07,1,-1,1,AA7149,0,2,202
11,12,14:47:58,1,-1,1,AA7149,0,2,80
12,13,14:51:54,1,-1,1,AA7149,0,2,114
13,14,14:53:05,1,-1,1,AA7149,0,2,40
14,15,14:55:56,1,-1,-1,AA7149,0,2,40
15,16,15:00:09,1,-1,1,AA7149,0,2,192
16,17,15:07:07,1,-1,1,AA7149,0,2,377
17,18,15:08:28,1,-1,1,AA7149,0,2,30
18,19,15:15:17,1,-1,3,AA7149,0,2,347
19,20,15:17:54,1,-1,1,AA7149,0,2,80
6,7,0:00:59,1,-1,1,AA7242,0,2,475
7,8,0:02:42,1,-1,2,AA7242,0,2,92
8,9,0:03:43,1,-1,1,AA7242,0,2,40
9,10,0:04:44,1,-1,1,AA7242,0,2,20
10,11,0:07:36,1,-1,1,AA7242,0,2,40
11,12,0:08:27,1,-1,1,AA7242,0,2,20
12,13,0:09:47,1,-1,1,AA7242,0,2,50
13,14,0:10:38,1,-1,1,AA7242,0,2,40
14,15,0:11:39,1,-1,-1,AA7242,0,2,20
15,16,0:13:51,1,-1,1,AA7242,0,2,81
16,17,0:20:27,1,-1,1,AA7242,0,2,354
17,18,0:21:27,1,-1,1,AA7242,0,2,20
18,19,0:25:41,1,-1,2,AA7242,0,2,213
19,20,0:27:34,1,-1,1,AA7242,0,2,60
20,21,0:29:25,1,-1,1,AA7242,0,2,80
21,22,0:31:16,1,-1,-1,AA7242,0,2,80
0,1,0:54:05,1,-1,-1,AA7242,0,2,70
1,2,0:54:46,1,-1,-1,AA7242,0,2,20
2,3,0:56:27,1,-1,1,AA7242,0,2,40
3,4,0:56:57,1,-1,1,AA7242,0,2,10
4,5,0:59:29,1,-1,1,AA7242,0,2,111
5,6,1:00:50,1,-1,1,AA7242,0,2,30
6,7,1:08:46,1,-1,1,AA7242,0,2,434
7,8,1:10:27,1,-1,-1,AA7242,0,2,90
8,9,1:11:18,1,-1,1,AA7242,0,2,30
9,10,1:11:58,1,-1,1,AA7242,0,2,30
10,11,1:13:12,1,-1,1,AA7242,0,2,53
11,12,1:14:06,1,-1,1,AA7242,0,2,30
12,14,1:15:37,1,-1,1,AA7242,1,2,80
14,15,1:16:38,1,-1,-1,AA7242,0,2,30
15,16,1:18:09,1,-1,1,AA7242,0,2,60
16,17,1:24:36,1,-1,1,AA7242,0,2,356
17,18,1:25:16,1,-1,1,AA7242,0,2,20
18,19,1:29:09,1,-1,2,AA7242,0,2,202
19,20,1:30:50,1,-1,1,AA7242,0,2,60
20,21,1:32:13,1,-1,1,AA7242,0,2,73
21,22,1:33:44,1,-1,-1,AA7242,0,2,80
0,1,6:31:49,1,-1,-1,AA7242,0,1,50
1,2,6:33:10,1,-1,1,AA7242,0,1,20
2,3,6:34:44,1,-1,2,AA7242,0,1,40
3,4,6:37:07,1,-1,1,AA7242,0,1,80
4,5,6:40:09,1,-1,1,AA7242,0,1,141
5,6,6:41:30,1,-1,1,AA7242,0,1,20
6,7,6:50:28,1,-1,-1,AA7242,0,1,487
7,8,6:52:50,1,-1,-1,AA7242,0,1,131
8,9,6:54:11,1,-1,-1,AA7242,0,1,60
9,10,6:55:04,1,-1,1,AA7242,0,1,30
10,11,6:56:46,1,-1,1,AA7242,0,1,81
11,12,6:57:46,1,-1,1,AA7242,0,1,30
12,13,6:58:47,1,-1,1,AA7242,0,1,50
13,14,6:59:48,1,-1,1,AA7242,0,1,30
14,15,7:00:48,1,-1,-1,AA7242,0,1,30
15,16,7:03:00,1,-1,1,AA7242,0,1,101
16,17,7:09:46,1,-1,1,AA7242,0,1,364
17,18,7:10:57,1,-1,1,AA7242,0,1,30
18,19,7:15:10,1,-1,2,AA7242,0,1,222
19,20,7:17:45,1,-1,1,AA7242,0,1,111
20,21,7:19:48,1,-1,1,AA7242,0,1,113
21,22,7:22:04,1,-1,-1,AA7242,0,1,94
0,1,7:35:55,1,-1,-1,AA7242,0,1,91
1,3,7:41:53,1,-1,3,AA7242,1,1,305
3,4,7:44:46,1,-1,1,AA7242,0,1,122
4,5,7:50:24,1,-1,1,AA7242,0,1,155
5,6,7:52:26,1,-1,1,AA7242,0,1,40
6,7,8:01:57,1,-1,1,AA7242,0,1,510
7,8,8:04:29,1,-1,2,AA7242,0,1,141
8,9,8:05:44,1,-1,1,AA7242,0,1,54
9,10,8:06:45,1,-1,1,AA7242,0,1,20
10,11,8:08:46,1,-1,1,AA7242,0,1,91
11,12,8:09:37,1,-1,1,AA7242,0,1,20
12,13,8:11:28,1,-1,-1,AA7242,0,1,70
13,14,8:12:59,1,-1,-1,AA7242,0,1,50
14,15,8:14:52,1,-1,-1,AA7242,0,1,51
15,16,8:18:05,1,-1,1,AA7242,0,1,162
16,17,8:24:55,1,-1,1,AA7242,0,1,366
17,18,8:26:07,1,-1,1,AA7242,0,1,30
18,19,8:30:43,1,-1,3,AA7242,0,1,225
19,20,8:35:06,1,-1,2,AA7242,0,1,182
20,21,8:38:28,1,-1,1,AA7242,0,1,151
21,22,8:40:41,1,-1,-1,AA7242,0,1,81
0,1,8:54:43,1,-1,-1,AA7242,0,1,740
1,2,8:57:25,1,-1,3,AA7242,0,1,91
2,3,9:01:48,1,-1,-1,AA7242,0,1,131
3,4,9:04:19,1,-1,-1,AA7242,0,1,91
4,5,9:08:10,1,-1,1,AA7242,0,1,135
5,6,9:10:24,1,-1,1,AA7242,0,1,20
6,7,9:20:05,1,-1,2,AA7242,0,1,540
7,8,9:23:18,1,-1,2,AA7242,0,1,152
8,9,9:25:30,1,-1,1,AA7242,0,2,101
9,10,9:26:38,1,-1,1,AA7242,0,2,37
10,11,9:29:20,1,-1,1,AA7242,0,2,121
11,12,9:30:45,1,-1,1,AA7242,0,2,50
12,13,9:34:38,1,-1,2,AA7242,0,2,90
13,14,9:35:49,1,-1,1,AA7242,0,2,40
14,15,9:37:00,1,-1,-1,AA7242,0,2,30
15,16,9:39:23,1,-1,1,AA7242,0,2,101
16,17,9:46:28,1,-1,1,AA7242,0,2,384
17,18,9:47:49,1,-1,1,AA7242,0,2,30
18,19,9:53:07,1,-1,2,AA7242,0,2,268
19,20,9:55:19,1,-1,2,AA7242,0,2,50
20,21,9:57:38,1,-1,1,AA7242,0,2,98
21,22,9:59:29,1,-1,-1,AA7242,0,2,80
0,1,10:10:09,1,-1,-1,AA7242,0,2,111
1,2,10:12:21,1,-1,3,AA7242,0,2,80
2,3,10:15:46,1,-1,3,AA7242,0,2,173
3,4,10:18:28,1,-1,1,AA7242,0,2,91
4,5,10:22:33,1,-1,1,AA7242,0,2,144
5,6,10:23:54,1,-1,1,AA7242,0,2,30
6,7,10:33:54,1,-1,-1,AA7242,0,2,529
7,8,10:35:36,1,-1,1,AA7242,0,2,90
8,9,10:37:17,1,-1,1,AA7242,0,2,80
9,10,10:37:47,1,-1,1,AA7242,0,2,20
10,11,10:39:59,1,-1,1,AA7242,0,2,91
11,12,10:40:59,1,-1,1,AA7242,0,2,30
12,13,10:43:04,1,-1,1,AA7242,0,2,94
13,14,10:45:05,1,-1,1,AA7242,0,2,70
14,15,10:45:45,1,-1,-1,AA7242,0,2,30
15,16,10:48:17,1,-1,1,AA7242,0,2,111
16,17,10:55:17,1,-1,1,AA7242,0,2,378
17,18,10:56:17,1,-1,1,AA7242,0,2,30
18,19,11:04:15,1,-1,2,AA7242,0,2,437
19,20,11:07:27,1,-1,1,AA7242,0,2,172
20,21,11:09:59,1,-1,1,AA7242,0,2,141
21,22,11:12:02,1,-1,-1,AA7242,0,2,72
0,1,11:52:34,1,-1,-1,AA7242,0,2,2137
1,2,11:54:08,1,-1,1,AA7242,0,2,53
2,3,11:55:49,1,-1,2,AA7242,0,2,60
3,4,11:58:23,1,-1,1,AA7242,0,2,82
4,5,12:11:28,1,-1,1,AA7242,0,2,744
5,6,12:12:59,1,-1,1,AA7242,0,2,30
6,7,12:21:48,1,-1,1,AA7242,0,2,499
7,9,12:25:13,1,-1,1,AA7242,1,2,194
9,10,12:26:03,1,-1,1,AA7242,0,2,30
10,11,12:28:06,1,-1,1,AA7242,0,2,112
11,12,12:29:27,1,-1,1,AA7242,0,2,30
12,13,12:31:39,1,-1,1,AA7242,0,2,101
13,14,12:32:39,1,-1,1,AA7242,0,2,50
14,15,12:34:13,1,-1,-1,AA7242,0,2,40
15,16,12:37:15,1,-1,1,AA7242,0,2,111
16,17,12:44:24,1,-1,1,AA7242,0,2,398
17,18,12:45:15,1,-1,1,AA7242,0,2,30
18,19,12:50:18,1,-1,2,AA7242,0,2,242
19,20,12:53:14,1,-1,1,AA7242,0,2,115
20,21,12:55:07,1,-1,1,AA7242,0,2,93
21,22,12:57:49,1,-1,-1,AA7242,0,2,101
0,1,13:07:52,1,-1,-1,AA7242,0,2,93
1,2,13:08:55,1,-1,2,AA7242,0,2,20
2,3,13:11:27,1,-1,2,AA7242,0,2,80
3,4,13:14:39,1,-1,1,AA7242,0,2,111
4,5,13:18:04,1,-1,1,AA7242,0,2,134
5,6,13:19:25,1,-1,1,AA7242,0,2,30
6,7,13:28:26,1,-1,2,AA7242,0,2,479
7,8,13:30:07,1,-1,2,AA7242,0,2,91
8,9,13:31:28,1,-1,1,AA7242,0,2,70
9,10,13:32:29,1,-1,1,AA7242,0,2,30
10,11,13:34:02,1,-1,1,AA7242,0,2,62
11,12,13:34:53,1,-1,1,AA7242,0,2,20
12,13,13:36:54,1,-1,1,AA7242,0,2,91
13,14,13:38:15,1,-1,1,AA7242,0,2,40
14,15,13:39:36,1,-1,-1,AA7242,0,2,40
15,16,13:41:37,1,-1,1,AA7242,0,2,90
16,17,13:49:45,1,-1,1,AA7242,0,2,446
17,18,13:50:45,1,-1,1,AA7242,0,2,30
18,19,13:55:09,1,-1,2,AA7242,0,2,222
19,20,13:57:32,1,-1,1,AA7242,0,2,132
20,21,13:59:05,1,-1,1,AA7242,0,2,62
21,22,14:01:07,1,-1,-1,AA7242,0,2,81
0,1,14:20:26,1,-1,-1,AA7242,0,2,101
1,2,14:23:59,1,-1,-1,AA7242,0,2,111
2,3,14:25:37,1,-1,3,AA7242,0,2,37
3,4,14:28:09,1,-1,1,AA7242,0,2,60
4,5,14:31:54,1,-1,1,AA7242,0,2,131
5,6,14:33:25,1,-1,1,AA7242,0,2,30
6,7,14:43:45,1,-1,1,AA7242,0,2,579
7,8,14:45:57,1,-1,2,AA7242,0,2,121
8,9,14:47:28,1,-1,1,AA7242,0,2,60
9,10,14:48:38,1,-1,1,AA7242,0,2,30
10,11,14:50:30,1,-1,1,AA7242,0,2,101
11,12,14:51:33,1,-1,1,AA7242,0,2,33
12,13,14:55:36,1,-1,1,AA7242,0,2,171
13,14,14:56:37,1,-1,1,AA7242,0,2,40
14,15,14:58:18,1,-1,-1,AA7242,0,2,50
15,16,15:01:10,1,-1,1,AA7242,0,2,131
16,17,15:08:08,1,-1,1,AA7242,0,2,367
17,18,15:09:29,1,-1,1,AA7242,0,2,30
18,19,15:15:27,1,-1,3,AA7242,0,2,317
19,20,15:19:45,1,-1,1,AA7242,0,2,161
0,1,15:38:18,1,-1,-1,AA7242,0,2,90
1,2,15:39:50,1,-1,2,AA7242,0,2,51
2,3,15:42:45,1,-1,2,AA7242,0,2,155
3,4,15:45:27,1,-1,1,AA7242,0,2,121
4,5,15:49:09,1,-1,1,AA7242,0,2,141
5,6,15:51:00,1,-1,1,AA7242,0,2,20
6,8,16:02:27,1,-1,1,AA7242,1,2,634
8,9,16:04:39,1,-1,1,AA7242,0,2,60
9,10,16:05:42,1,-1,1,AA7242,0,2,32
10,11,16:08:55,1,-1,1,AA7242,0,2,121
11,12,16:10:06,1,-1,1,AA7242,0,2,20
12,13,16:11:47,1,-1,1,AA7242,0,2,90
14,15,16:15:24,1,-1,-1,AA7242,0,2,145
15,16,16:18:05,1,-1,1,AA7242,0,2,101
16,17,16:26:42,1,-1,1,AA7242,0,2,426
17,18,16:29:04,1,-1,1,AA7242,0,2,101
18,19,16:34:27,1,-1,2,AA7242,0,2,272
19,20,16:38:05,1,-1,1,AA7242,0,2,96
20,21,16:41:18,1,-1,1,AA7242,0,2,183
21,22,16:44:00,1,-1,-1,AA7242,0,2,111
0,1,16:58:15,1,-1,-1,AA7242,0,2,772
1,2,16:59:57,1,-1,2,AA7242,0,2,50
2,3,17:02:39,1,-1,2,AA7242,0,2,90
3,4,17:05:23,1,-1,1,AA7242,0,2,124
4,5,17:08:45,1,-1,2,AA7242,0,2,141
5,6,17:10:06,1,-1,1,AA7242,0,2,30
6,7,17:19:16,1,-1,1,AA7242,0,2,509
7,8,17:21:07,1,-1,2,AA7242,0,2,101
8,9,17:22:07,1,-1,1,AA7242,0,2,30
9,10,17:22:48,1,-1,1,AA7242,0,2,30
10,11,17:25:15,1,-1,1,AA7242,0,2,60
11,12,17:25:56,1,-1,1,AA7242,0,2,20
12,13,17:27:57,1,-1,1,AA7242,0,2,91
13,14,17:29:38,1,-1,1,AA7242,0,2,60
14,15,17:31:09,1,-1,-1,AA7242,0,2,40
15,16,17:34:24,1,-1,1,AA7242,0,2,154
16,17,17:41:19,1,-1,1,AA7242,0,2,394
17,18,17:43:14,1,-1,1,AA7242,0,2,53
18,19,17:50:39,1,-1,3,AA7242,0,2,404
19,20,17:53:54,1,-1,2,AA7242,0,2,77
20,21,17:59:39,1,-1,1,AA7242,0,2,314
21,22,18:03:24,1,-1,-1,AA7242,0,2,112
0,1,18:13:45,1,-1,-1,AA7242,0,2,81
1,3,18:19:45,1,-1,2,AA7242,1,2,288
3,4,18:24:08,1,-1,1,AA7242,0,2,172
4,5,18:27:15,1,-1,2,AA7242,0,2,147
5,6,18:28:36,1,-1,1,AA7242,0,2,20
6,7,18:42:41,1,-1,1,AA7242,0,2,804
7,8,18:44:35,1,-1,2,AA7242,0,2,103
8,9,18:46:06,1,-1,1,AA7242,0,2,71
9,10,18:46:46,1,-1,1,AA7242,0,2,30
10,11,18:48:58,1,-1,1,AA7242,0,2,111
11,12,18:50:19,1,-1,1,AA7242,0,2,30
12,13,18:52:55,1,-1,1,AA7242,0,2,126
13,14,18:56:08,1,-1,3,AA7242,0,2,101
14,15,18:58:50,1,-1,-1,AA7242,0,2,40
15,16,19:01:46,1,-1,1,AA7242,0,2,131
16,17,19:08:44,1,-1,3,AA7242,0,2,377
17,18,19:10:45,1,-1,1,AA7242,0,2,80
18,19,19:22:28,1,-1,2,AA7242,0,2,582
19,20,19:25:52,1,-1,1,AA7242,0,2,80
20,21,19:29:45,1,-1,1,AA7242,0,2,192
21,22,19:32:17,1,-1,-1,AA7242,0,2,101
0,1,19:45:30,1,-1,-1,AA7242,0,2,70
1,2,19:47:22,1,-1,2,AA7242,0,2,40
2,3,19:49:57,1,-1,2,AA7242,0,2,111
3,4,19:51:28,1,-1,1,AA7242,0,2,50
4,5,19:55:45,1,-1,1,AA7242,0,2,226
5,6,19:58:16,1,-1,1,AA7242,0,2,90
6,7,20:15:25,1,-1,2,AA7242,0,4,978
7,8,20:17:06,1,-1,2,AA7242,0,4,91
8,9,20:18:17,1,-1,1,AA7242,0,4,50
9,10,20:18:58,1,-1,1,AA7242,0,4,30
10,11,20:21:09,1,-1,1,AA7242,0,4,90
11,12,20:22:00,1,-1,1,AA7242,0,2,30
12,13,20:24:55,1,-1,1,AA7242,0,2,114
13,14,20:26:15,1,-1,1,AA7242,0,2,40
14,15,20:28:17,1,-1,-1,AA7242,0,2,40
15,16,20:30:29,1,-1,1,AA7242,0,2,80
16,17,20:37:36,1,-1,1,AA7242,0,2,376
17,18,20:38:57,1,-1,1,AA7242,0,2,30
18,19,20:48:06,1,-1,2,AA7242,0,2,498
19,21,20:53:39,1,-1,1,AA7242,1,2,262
21,22,20:55:40,1,-1,-1,AA7242,0,2,90
0,1,21:32:26,1,-1,-1,AA7242,0,2,50
1,2,21:34:08,1,-1,1,AA7242,0,2,50
2,3,21:36:19,1,-1,1,AA7242,0,2,90
3,4,21:37:19,1,-1,1,AA7242,0,2,40
4,5,21:40:39,1,-1,1,AA7242,0,2,121
5,6,21:41:55,1,-1,1,AA7242,0,2,20
6,7,21:51:59,1,-1,1,AA7242,0,2,563
7,8,21:53:34,1,-1,2,AA7242,0,2,85
8,9,21:54:55,1,-1,1,AA7242,0,2,50
9,10,21:56:06,1,-1,1,AA7242,0,2,40
10,11,21:58:27,1,-1,1,AA7242,0,2,80
11,12,21:59:08,1,-1,1,AA7242,0,2,30
12,13,22:01:09,1,-1,1,AA7242,0,2,70
13,14,22:02:20,1,-1,1,AA7242,0,2,60
14,15,22:04:16,1,-1,-1,AA7242,0,2,30
15,16,22:06:44,1,-1,1,AA7242,0,2,108
16,17,22:14:44,1,-1,1,AA7242,0,4,388
17,18,22:15:55,1,-1,1,AA7242,0,4,20
18,19,22:20:38,1,-1,2,AA7242,0,4,232
19,20,22:22:39,1,-1,1,AA7242,0,4,60
20,21,22:25:54,1,-1,1,AA7242,0,4,184
21,22,22:28:06,1,-1,-1,AA7242,0,4,101
0,1,22:44:42,1,-1,-1,AA7242,0,4,70
1,2,22:45:44,1,-1,1,AA7242,0,4,10
2,3,22:48:16,1,-1,1,AA7242,0,4,131
3,4,22:50:27,1,-1,1,AA7242,0,4,101
4,5,22:52:59,1,-1,1,AA7242,0,4,121
5,6,22:54:09,1,-1,1,AA7242,0,4,20
6,7,23:02:28,1,-1,1,AA7242,0,4,468
7,8,23:04:14,1,-1,2,AA7242,0,4,91
8,9,23:05:45,1,-1,1,AA7242,0,4,60
9,10,23:06:36,1,-1,1,AA7242,0,4,30
10,11,23:09:17,1,-1,1,AA7242,0,4,131
11,12,23:10:08,1,-1,1,AA7242,0,4,20
12,13,23:11:49,1,-1,1,AA7242,0,4,60
13,14,23:12:29,1,-1,1,AA7242,0,4,30
14,15,23:13:52,1,-1,-1,AA7242,0,4,32
15,16,23:15:23,1,-1,1,AA7242,0,4,50
16,17,23:21:48,1,-1,1,AA7242,0,4,333
17,18,23:23:09,1,-1,1,AA7242,0,4,30
18,19,23:27:14,1,-1,2,AA7242,0,4,205
19,20,23:29:16,1,-1,1,AA7242,0,4,50
20,21,23:31:17,1,-1,1,AA7242,0,4,80
21,22,23:33:18,1,-1,-1,AA7242,0,4,90
0,1,23:47:55,1,-1,-1,AA7242,0,4,30
1,2,23:49:46,1,-1,1,AA7242,0,4,60
2,3,23:51:33,1,-1,2,AA7242,0,4,46
3,4,23:52:14,1,-1,1,AA7242,0,4,10
4,5,23:56:06,1,-1,1,AA7242,0,4,121
5,6,23:56:57,1,-1,1,AA7242,0,4,20
0,1,6:10:50,1,-1,-1,AA7367,0,1,31
1,2,6:12:24,1,-1,1,AA7367,0,1,20
2,3,6:14:56,1,-1,1,AA7367,0,1,30
3,4,6:17:07,1,-1,1,AA7367,0,1,121
4,5,6:19:39,1,-1,2,AA7367,0,1,101
5,6,6:21:00,1,-1,1,AA7367,0,1,10
6,7,6:29:48,1,-1,2,AA7367,0,1,485
7,8,6:31:59,1,-1,1,AA7367,0,1,121
8,9,6:33:20,1,-1,1,AA7367,0,1,50
9,10,6:34:14,1,-1,1,AA7367,0,1,20
10,11,6:35:57,1,-1,1,AA7367,0,1,61
11,12,6:36:27,1,-1,1,AA7367,0,1,20
12,13,6:38:08,1,-1,1,AA7367,0,1,60
13,14,6:39:09,1,-1,1,AA7367,0,1,30
14,15,6:40:30,1,-1,-1,AA7367,0,1,30
15,16,6:42:43,1,-1,1,AA7367,0,1,103
16,17,6:49:28,1,-1,1,AA7367,0,1,363
17,18,6:50:18,1,-1,-1,AA7367,0,1,30
18,19,6:55:04,1,-1,2,AA7367,0,1,225
19,20,6:58:06,1,-1,1,AA7367,0,1,141
20,21,7:00:59,1,-1,1,AA7367,0,1,151
21,22,7:03:00,1,-1,-1,AA7367,0,1,80
0,1,7:10:47,1,-1,-1,AA7367,0,1,50
1,2,7:12:28,1,-1,2,AA7367,0,1,80
2,3,7:15:10,1,-1,2,AA7367,0,1,111
3,4,7:17:14,1,-1,1,AA7367,0,1,50
4,5,7:21:00,1,-1,1,AA7367,0,1,134
5,6,7:22:25,1,-1,1,AA7367,0,1,20
6,7,7:30:48,1,-1,1,AA7367,0,1,438
7,8,7:32:53,1,-1,2,AA7367,0,1,114
8,9,7:34:14,1,-1,1,AA7367,0,1,50
9,10,7:35:15,1,-1,1,AA7367,0,1,30
10,11,7:36:47,1,-1,1,AA7367,0,1,42
11,12,7:37:48,1,-1,1,AA7367,0,1,30
12,13,7:39:09,1,-1,1,AA7367,0,1,50
13,14,7:40:20,1,-1,1,AA7367,0,1,30
14,15,7:41:43,1,-1,-1,AA7367,0,1,32
15,16,7:44:06,1,-1,1,AA7367,0,1,122
16,17,7:50:45,1,-1,1,AA7367,0,1,368
17,18,7:52:56,1,-1,1,AA7367,0,1,70
18,19,7:58:35,1,-1,3,AA7367,0,1,286
19,20,8:04:09,1,-1,2,AA7367,0,1,324
20,21,8:07:05,1,-1,1,AA7367,0,1,165
21,22,8:09:27,1,-1,-1,AA7367,0,1,91
0,1,8:24:44,1,-1,-1,AA7367,0,1,111
1,2,8:28:09,1,-1,3,AA7367,0,1,184
2,3,8:32:24,1,-1,3,AA7367,0,1,164
3,4,8:40:31,1,-1,1,AA7367,0,1,445
4,5,8:44:24,1,-1,1,AA7367,0,1,152
5,6,8:46:15,1,-1,1,AA7367,0,1,30
6,7,8:56:34,1,-1,1,AA7367,0,1,558
7,8,9:00:57,1,-1,-1,AA7367,0,1,252
8,9,9:02:28,1,-1,-1,AA7367,0,1,70
9,10,9:03:39,1,-1,-1,AA7367,0,1,30
10,11,9:06:55,1,-1,1,AA7367,0,1,175
11,12,9:07:39,1,-1,2,AA7367,0,1,34
12,13,9:10:54,1,-1,2,AA7367,0,1,154
13,14,9:12:05,1,-1,1,AA7367,0,1,50
14,15,9:13:36,1,-1,-1,AA7367,0,1,50
15,16,9:15:47,1,-1,1,AA7367,0,1,101
16,17,9:22:38,1,-1,1,AA7367,0,1,369
17,18,9:24:49,1,-1,1,AA7367,0,2,80
18,19,9:31:06,1,-1,2,AA7367,0,2,325
19,20,9:33:58,1,-1,2,AA7367,0,2,91
20,21,9:38:22,1,-1,1,AA7367,0,2,234
21,22,9:40:24,1,-1,-1,AA7367,0,2,91
0,1,9:49:20,1,-1,-1,AA7367,0,2,70
1,2,9:51:16,1,-1,2,AA7367,0,2,60
2,3,9:53:38,1,-1,2,AA7367,0,2,91
3,4,9:56:37,1,-1,1,AA7367,0,2,118
4,5,10:00:30,1,-1,1,AA7367,0,2,141
5,6,10:02:43,1,-1,1,AA7367,0,2,50
6,7,10:16:16,1,-1,1,AA7367,0,2,761
7,8,10:17:57,1,-1,2,AA7367,0,2,90
8,9,10:19:59,1,-1,1,AA7367,0,2,70
9,10,10:20:39,1,-1,1,AA7367,0,2,30
10,11,10:22:54,1,-1,1,AA7367,0,2,94
11,12,10:23:34,1,-1,1,AA7367,0,2,20
12,13,10:25:05,1,-1,1,AA7367,0,2,60
13,14,10:26:06,1,-1,1,AA7367,0,2,40
14,15,10:27:27,1,-1,-1,AA7367,0,2,40
15,16,10:30:39,1,-1,-1,AA7367,0,2,141
16,17,10:37:47,1,-1,1,AA7367,0,2,387
17,18,10:38:48,1,-1,1,AA7367,0,2,30
18,19,10:44:14,1,-1,2,AA7367,0,2,286
19,20,10:47:27,1,-1,2,AA7367,0,2,81
20,21,10:51:29,1,-1,1,AA7367,0,2,222
21,22,10:53:55,1,-1,-1,AA7367,0,2,95
0,1,11:26:07,1,-1,-1,AA7367,0,2,91
1,2,11:28:39,1,-1,3,AA7367,0,2,101
2,3,11:30:00,1,-1,2,AA7367,0,2,40
3,4,11:32:56,1,-1,1,AA7367,0,2,90
4,5,11:36:45,1,-1,1,AA7367,0,2,158
5,6,11:38:26,1,-1,1,AA7367,0,2,60
6,7,11:51:13,1,-1,2,AA7367,0,2,696
7,8,11:53:36,1,-1,2,AA7367,0,2,113
8,9,11:54:48,1,-1,1,AA7367,0,2,51
9,10,11:55:39,1,-1,1,AA7367,0,2,30
10,11,11:58:23,1,-1,1,AA7367,0,2,113
11,12,11:59:03,1,-1,1,AA7367,0,2,20
12,13,12:00:55,1,-1,1,AA7367,0,2,71
13,14,12:02:16,1,-1,1,AA7367,0,2,30
14,15,12:03:47,1,-1,-1,AA7367,0,2,30
15,16,12:05:59,1,-1,1,AA7367,0,2,91
16,17,12:13:09,1,-1,1,AA7367,0,2,379
17,18,12:14:10,1,-1,1,AA7367,0,2,30
18,19,12:19:17,1,-1,3,AA7367,0,2,236
19,20,12:22:09,1,-1,1,AA7367,0,2,101
20,22,12:26:24,1,-1,-1,AA7367,1,2,244
0,1,12:40:18,1,-1,-1,AA7367,0,2,91
1,2,12:41:49,1,-1,2,AA7367,0,2,30
2,3,12:44:34,1,-1,2,AA7367,0,2,104
3,4,12:47:16,1,-1,1,AA7367,0,2,101
4,5,12:50:59,1,-1,1,AA7367,0,2,151
5,6,12:52:44,1,-1,1,AA7367,0,2,44
6,8,13:03:07,1,-1,1,AA7367,1,2,582
8,9,13:04:38,1,-1,1,AA7367,0,2,50
9,10,13:05:29,1,-1,1,AA7367,0,2,30
10,11,13:07:52,1,-1,1,AA7367,0,2,113
11,12,13:08:55,1,-1,1,AA7367,0,2,32
12,13,13:10:36,1,-1,1,AA7367,0,2,70
13,14,13:12:07,1,-1,1,AA7367,0,2,30
14,15,13:14:29,1,-1,-1,AA7367,0,2,50
15,16,13:17:44,1,-1,1,AA7367,0,2,154
16,17,13:24:19,1,-1,1,AA7367,0,2,364
17,18,13:25:29,1,-1,1,AA7367,0,2,30
18,19,13:29:57,1,-1,2,AA7367,0,2,226
19,20,13:31:48,1,-1,1,AA7367,0,2,81
20,22,13:35:43,1,-1,-1,AA7367,1,2,214
0,1,13:48:24,1,-1,-1,AA7367,0,2,122
1,2,13:50:55,1,-1,3,AA7367,0,2,131
2,3,13:53:17,1,-1,2,AA7367,0,2,121
3,4,13:56:29,1,-1,1,AA7367,0,2,80
4,5,14:00:26,1,-1,1,AA7367,0,2,143
5,6,14:02:08,1,-1,1,AA7367,0,2,20
6,7,14:11:56,1,-1,2,AA7367,0,2,538
7,8,14:14:28,1,-1,2,AA7367,0,2,141
8,9,14:16:19,1,-1,1,AA7367,0,2,70
9,10,14:17:20,1,-1,1,AA7367,0,2,30
10,11,14:20:06,1,-1,1,AA7367,0,2,131
11,12,14:21:07,1,-1,-1,AA7367,0,2,30
12,13,14:23:49,1,-1,-1,AA7367,0,2,131
13,14,14:25:10,1,-1,1,AA7367,0,2,40
14,15,14:26:28,1,-1,-1,AA7367,0,2,30
15,16,14:28:59,1,-1,1,AA7367,0,2,121
16,17,14:36:07,1,-1,1,AA7367,0,2,374
17,18,14:37:28,1,-1,1,AA7367,0,2,50
18,19,14:43:25,1,-1,3,AA7367,0,2,306
19,20,14:45:47,1,-1,2,AA7367,0,2,71
20,21,14:48:28,1,-1,1,AA7367,0,2,151
21,22,14:51:00,1,-1,-1,AA7367,0,2,91
0,1,15:14:36,1,-1,-1,AA7367,0,2,683
2,3,15:18:45,1,-1,2,AA7367,0,2,90
3,4,15:21:07,1,-1,1,AA7367,0,2,91
5,6,15:25:54,1,-1,1,AA7367,0,2,30
6,7,15:34:55,1,-1,1,AA7367,0,2,490
7,8,15:37:07,1,-1,1,AA7367,0,2,121
8,9,15:38:28,1,-1,1,AA7367,0,2,60
9,10,15:39:08,1,-1,1,AA7367,0,2,20
10,11,15:41:14,1,-1,1,AA7367,0,2,84
11,12,15:42:15,1,-1,1,AA7367,0,2,20
12,13,15:44:06,1,-1,1,AA7367,0,2,91
13,14,15:44:57,1,-1,2,AA7367,0,2,40
14,15,15:46:28,1,-1,-1,AA7367,0,2,50
15,16,15:48:49,1,-1,1,AA7367,0,2,111
16,17,15:55:21,1,-1,1,AA7367,0,2,361
17,18,15:56:43,1,-1,1,AA7367,0,2,20
18,19,16:03:19,1,-1,3,AA7367,0,2,345
19,20,16:05:42,1,-1,1,AA7367,0,2,73
20,21,16:07:54,1,-1,1,AA7367,0,2,121
21,22,16:10:06,1,-1,-1,AA7367,0,2,91
0,1,16:28:54,1,-1,-1,AA7367,0,2,1086
1,2,16:30:45,1,-1,2,AA7367,0,2,80
2,3,16:34:07,1,-1,2,AA7367,0,2,141
3,4,16:37:00,1,-1,1,AA7367,0,2,122
4,5,16:40:17,1,-1,1,AA7367,0,2,122
5,6,16:41:48,1,-1,1,AA7367,0,2,30
6,8,16:51:47,1,-1,1,AA7367,1,2,568
8,9,16:53:29,1,-1,1,AA7367,0,2,50
9,10,16:54:09,1,-1,1,AA7367,0,2,30
10,11,16:58:56,1,-1,1,AA7367,0,2,266
11,12,16:59:37,1,-1,1,AA7367,0,2,20
12,13,17:01:08,1,-1,1,AA7367,0,2,60
13,14,17:02:49,1,-1,2,AA7367,0,2,60
14,15,17:05:13,1,-1,-1,AA7367,0,2,53
15,16,17:07:55,1,-1,1,AA7367,0,2,141
16,17,17:15:19,1,-1,3,AA7367,0,2,383
17,18,17:16:44,1,-1,1,AA7367,0,2,34
18,19,17:22:58,1,-1,3,AA7367,0,2,333
19,20,17:26:57,1,-1,1,AA7367,0,2,176
20,21,17:29:48,1,-1,1,AA7367,0,2,111
21,22,17:32:20,1,-1,-1,AA7367,0,2,111
0,1,17:48:17,1,-1,-1,AA7367,0,2,935
1,2,17:49:58,1,-1,3,AA7367,0,2,70
2,3,17:52:00,1,-1,2,AA7367,0,2,70
3,4,17:55:15,1,-1,1,AA7367,0,2,114
4,5,17:58:48,1,-1,1,AA7367,0,2,142
5,6,17:59:59,1,-1,1,AA7367,0,2,20
6,7,18:11:34,1,-1,1,AA7367,0,2,644
7,8,18:13:45,1,-1,2,AA7367,0,2,111
8,9,18:15:37,1,-1,1,AA7367,0,2,80
9,10,18:16:17,1,-1,1,AA7367,0,2,30
10,11,18:20:56,1,-1,1,AA7367,0,2,258
11,12,18:21:56,1,-1,2,AA7367,0,2,30
12,13,18:23:48,1,-1,1,AA7367,0,2,80
13,14,18:26:05,1,-1,3,AA7367,0,2,76
14,15,18:28:06,1,-1,-1,AA7367,0,2,50
15,16,18:30:48,1,-1,1,AA7367,0,2,141
16,17,18:38:17,1,-1,3,AA7367,0,2,388
17,18,18:39:48,1,-1,1,AA7367,0,2,40
18,19,18:58:29,1,-1,3,AA7367,0,2,1090
19,20,19:02:16,1,-1,2,AA7367,0,2,161
20,21,19:04:48,1,-1,2,AA7367,0,2,141
21,22,19:07:09,1,-1,-1,AA7367,0,2,111
0,1,19:19:47,1,-1,-1,AA7367,0,2,696
1,2,19:20:57,1,-1,3,AA7367,0,2,20
2,3,19:23:59,1,-1,3,AA7367,0,2,171
3,4,19:25:22,1,-1,1,AA7367,0,2,40
4,5,19:28:44,1,-1,2,AA7367,0,2,141
5,6,19:30:15,1,-1,1,AA7367,0,2,20
6,7,19:38:46,1,-1,1,AA7367,0,2,469
7,8,19:40:27,1,-1,2,AA7367,0,2,90
8,9,19:41:37,1,-1,1,AA7367,0,2,30
9,10,19:42:38,1,-1,1,AA7367,0,2,30
10,11,19:44:59,1,-1,1,AA7367,0,2,90
11,12,19:45:40,1,-1,1,AA7367,0,2,30
12,13,19:48:06,1,-1,1,AA7367,0,2,104
13,14,19:49:37,1,-1,2,AA7367,0,2,70
14,15,19:51:38,1,-1,-1,AA7367,0,2,60
15,16,19:54:54,1,-1,1,AA7367,0,2,132
16,17,20:02:09,1,-1,2,AA7367,0,2,384
17,18,20:03:30,1,-1,1,AA7367,0,2,50
18,19,20:12:50,1,-1,2,AA7367,0,4,549
19,20,20:15:35,1,-1,1,AA7367,0,4,101
20,21,20:18:17,1,-1,1,AA7367,0,4,151
21,22,20:20:29,1,-1,-1,AA7367,0,4,90
0,1,0:03:12,1,-1,-1,AA7392,0,2,40
1,2,0:04:04,1,-1,1,AA7392,0,2,21
2,3,0:06:35,1,-1,1,AA7392,0,2,50
3,4,0:07:16,1,-1,1,AA7392,0,2,10
4,5,0:11:18,1,-1,1,AA7392,0,2,121
5,6,0:12:19,1,-1,1,AA7392,0,2,20
6,7,0:20:47,1,-1,1,AA7392,0,2,457
7,8,0:22:08,1,-1,2,AA7392,0,2,70
8,9,0:22:58,1,-1,1,AA7392,0,2,20
9,10,0:23:49,1,-1,1,AA7392,0,2,20
10,11,0:25:10,1,-1,1,AA7392,0,2,50
11,12,0:25:51,1,-1,1,AA7392,0,2,31
12,13,0:27:04,1,-1,1,AA7392,0,2,52
13,14,0:28:15,1,-1,1,AA7392,0,2,40
14,15,0:29:25,1,-1,-1,AA7392,0,2,30
15,16,0:31:37,1,-1,1,AA7392,0,2,111
16,17,0:38:12,1,-1,1,AA7392,0,2,365
17,18,0:39:13,1,-1,1,AA7392,0,2,20
18,19,0:43:26,1,-1,2,AA7392,0,2,212
19,20,0:45:47,1,-1,1,AA7392,0,2,101
20,21,0:48:08,1,-1,1,AA7392,0,2,131
21,22,0:49:50,1,-1,-1,AA7392,0,2,80
0,1,1:08:56,1,-1,-1,AA7392,0,2,30
1,2,1:10:37,1,-1,1,AA7392,0,2,70
2,3,1:13:12,1,-1,1,AA7392,0,2,53
3,4,1:15:17,1,-1,1,AA7392,0,2,101
4,5,1:17:38,1,-1,1,AA7392,0,2,121
5,6,1:18:49,1,-1,1,AA7392,0,2,20
6,7,1:27:18,1,-1,1,AA7392,0,2,478
7,8,1:28:48,1,-1,-1,AA7392,0,2,80
8,9,1:29:39,1,-1,1,AA7392,0,2,30
9,10,1:30:30,1,-1,1,AA7392,0,2,30
10,11,1:31:53,1,-1,1,AA7392,0,2,52
11,12,1:32:53,1,-1,1,AA7392,0,2,20
12,13,1:34:04,1,-1,1,AA7392,0,2,50
13,14,1:35:15,1,-1,1,AA7392,0,2,30
14,15,1:36:36,1,-1,-1,AA7392,0,2,30
15,16,1:38:37,1,-1,1,AA7392,0,2,100
16,17,1:44:54,1,-1,1,AA7392,0,2,356
17,18,1:46:04,1,-1,1,AA7392,0,2,40
18,19,1:49:57,1,-1,2,AA7392,0,2,191
19,20,1:50:57,1,-1,1,AA7392,0,2,30
20,22,1:54:03,1,-1,-1,AA7392,1,2,175
0,1,7:27:24,1,-1,-1,AA7392,0,1,2033
1,2,7:29:17,1,-1,3,AA7392,0,1,70
2,3,7:31:39,1,-1,2,AA7392,0,1,30
3,4,7:34:14,1,-1,1,AA7392,0,1,101
4,5,7:38:19,1,-1,1,AA7392,0,1,143
5,6,7:40:00,1,-1,1,AA7392,0,1,20
6,7,7:49:23,1,-1,1,AA7392,0,1,502
7,8,7:52:56,1,-1,2,AA7392,0,1,202
8,9,7:53:48,1,-1,1,AA7392,0,1,31
9,10,7:54:49,1,-1,1,AA7392,0,1,30
10,11,7:56:50,1,-1,1,AA7392,0,1,80
11,12,7:57:44,1,-1,1,AA7392,0,1,23
12,13,7:59:05,1,-1,1,AA7392,0,1,50
13,14,7:59:56,1,-1,1,AA7392,0,1,40
14,15,8:01:17,1,-1,-1,AA7392,0,1,30
15,16,8:04:19,1,-1,1,AA7392,0,1,152
16,17,8:11:08,1,-1,-1,AA7392,0,1,368
17,18,8:14:00,1,-1,-1,AA7392,0,1,91
18,19,8:19:28,1,-1,3,AA7392,0,1,256
19,20,8:21:51,1,-1,2,AA7392,0,1,81
20,21,8:26:28,1,-1,1,AA7392,0,1,214
21,22,8:28:49,1,-1,-1,AA7392,0,1,101
0,1,8:45:45,1,-1,-1,AA7392,0,1,934
1,2,8:47:26,1,-1,3,AA7392,0,1,70
2,3,8:50:08,1,-1,3,AA7392,0,1,50
3,4,8:54:13,1,-1,1,AA7392,0,1,133
4,5,8:58:05,1,-1,1,AA7392,0,1,131
5,6,8:59:46,1,-1,1,AA7392,0,1,30
6,7,9:09:53,1,-1,2,AA7392,0,1,556
7,8,9:12:05,1,-1,2,AA7392,0,1,121
8,9,9:13:36,1,-1,1,AA7392,0,1,50
9,10,9:14:16,1,-1,1,AA7392,0,1,20
10,11,9:16:58,1,-1,1,AA7392,0,1,111
11,12,9:18:09,1,-1,2,AA7392,0,1,30
12,13,9:20:45,1,-1,1,AA7392,0,1,126
13,14,9:21:37,1,-1,1,AA7392,0,1,31
14,15,9:22:28,1,-1,-1,AA7392,0,1,30
15,16,9:25:19,1,-1,1,AA7392,0,2,141
16,17,9:32:16,1,-1,1,AA7392,0,2,386
17,18,9:34:08,1,-1,1,AA7392,0,2,50
18,19,9:39:23,1,-1,3,AA7392,0,2,274
19,20,9:41:14,1,-1,2,AA7392,0,2,60
20,21,9:45:27,1,-1,1,AA7392,0,2,202
21,22,9:47:28,1,-1,-1,AA7392,0,2,91
0,1,9:58:59,1,-1,-1,AA7392,0,2,659
1,2,10:01:10,1,-1,3,AA7392,0,2,60
2,3,10:04:25,1,-1,2,AA7392,0,2,112
3,4,10:06:47,1,-1,1,AA7392,0,2,91
4,5,10:10:19,1,-1,1,AA7392,0,2,141
5,6,10:11:50,1,-1,1,AA7392,0,2,30
6,7,10:23:44,1,-1,2,AA7392,0,2,641
7,8,10:26:46,1,-1,2,AA7392,0,2,161
8,9,10:28:48,1,-1,1,AA7392,0,2,101
9,10,10:29:48,1,-1,1,AA7392,0,2,30
10,11,10:32:20,1,-1,-1,AA7392,0,2,111
11,12,10:33:14,1,-1,-1,AA7392,0,2,30
12,13,10:34:55,1,-1,-1,AA7392,0,2,70
13,14,10:35:46,1,-1,1,AA7392,0,2,30
14,15,10:36:56,1,-1,-1,AA7392,0,2,30
15,16,10:39:18,1,-1,1,AA7392,0,2,90
16,17,10:47:57,1,-1,1,AA7392,0,2,367
17,18,10:49:18,1,-1,1,AA7392,0,2,40
18,19,10:55:17,1,-1,2,AA7392,0,2,318
19,20,10:57:28,1,-1,1,AA7392,0,2,70
20,21,11:00:42,1,-1,1,AA7392,0,2,163
21,22,11:03:14,1,-1,-1,AA7392,0,2,91
0,1,11:16:36,1,-1,-1,AA7392,0,2,761
1,2,11:19:08,1,-1,2,AA7392,0,2,60
2,3,11:23:45,1,-1,-1,AA7392,0,2,111
3,4,11:26:27,1,-1,1,AA7392,0,2,60
4,5,11:30:20,1,-1,1,AA7392,0,2,141
5,6,11:31:45,1,-1,1,AA7392,0,2,10
6,8,11:49:29,1,-1,2,AA7392,1,2,943
8,9,11:50:53,1,-1,1,AA7392,0,2,42
9,10,11:51:33,1,-1,1,AA7392,0,2,30
10,11,11:54:28,1,-1,1,AA7392,0,2,103
11,12,11:55:39,1,-1,1,AA7392,0,2,30
12,13,11:57:20,1,-1,1,AA7392,0,2,60
13,14,11:58:43,1,-1,1,AA7392,0,2,30
14,15,12:00:25,1,-1,-1,AA7392,0,2,30
15,16,12:03:17,1,-1,1,AA7392,0,2,141
16,17,12:09:57,1,-1,1,AA7392,0,2,369
17,18,12:11:08,1,-1,1,AA7392,0,2,40
18,19,12:16:34,1,-1,3,AA7392,0,2,276
19,20,12:19:57,1,-1,1,AA7392,0,2,111
20,21,12:24:02,1,-1,1,AA7392,0,2,194
21,22,12:26:03,1,-1,-1,AA7392,0,2,91
0,1,14:38:31,1,-1,-1,AA7392,0,2,73
1,2,14:39:52,1,-1,3,AA7392,0,2,20
2,3,14:42:04,1,-1,2,AA7392,0,2,50
3,4,14:45:16,1,-1,1,AA7392,0,2,131
4,5,14:49:49,1,-1,2,AA7392,0,2,141
5,6,14:51:44,1,-1,1,AA7392,0,2,33
6,7,15:01:30,1,-1,1,AA7392,0,2,525
7,8,15:03:33,1,-1,2,AA7392,0,2,92
8,9,15:05:35,1,-1,1,AA7392,0,2,60
9,10,15:06:37,1,-1,1,AA7392,0,2,31
10,11,15:09:09,1,-1,1,AA7392,0,2,91
11,12,15:10:09,1,-1,1,AA7392,0,2,20
12,13,15:12:55,1,-1,1,AA7392,0,2,122
13,14,15:14:06,1,-1,2,AA7392,0,2,40
14,15,15:16:22,1,-1,-1,AA7392,0,2,55
15,16,15:18:45,1,-1,1,AA7392,0,2,121
17,18,15:26:34,1,-1,1,AA7392,0,2,20
18,19,15:32:09,1,-1,2,AA7392,0,2,284
19,20,15:34:45,1,-1,1,AA7392,0,2,70
20,21,15:38:38,1,-1,1,AA7392,0,2,192
21,22,15:40:54,1,-1,-1,AA7392,0,2,85
0,1,15:57:44,1,-1,-1,AA7392,0,2,40
1,2,15:59:55,1,-1,2,AA7392,0,2,60
2,3,16:02:58,1,-1,2,AA7392,0,2,102
3,4,16:04:39,1,-1,1,AA7392,0,2,40
4,5,16:08:25,1,-1,1,AA7392,0,2,142
5,6,16:10:37,1,-1,1,AA7392,0,2,30
6,7,16:20:07,1,-1,1,AA7392,0,2,519
7,8,16:21:58,1,-1,1,AA7392,0,2,101
8,9,16:23:39,1,-1,1,AA7392,0,2,60
9,10,16:24:29,1,-1,1,AA7392,0,2,30
10,11,16:27:03,1,-1,1,AA7392,0,2,102
11,12,16:28:03,1,-1,1,AA7392,0,2,20
12,13,16:30:25,1,-1,1,AA7392,0,2,101
13,14,16:32:16,1,-1,1,AA7392,0,2,40
14,15,16:34:27,1,-1,-1,AA7392,0,2,40
15,16,16:37:34,1,-1,1,AA7392,0,2,156
16,17,16:44:20,1,-1,1,AA7392,0,2,375
17,18,16:46:13,1,-1,1,AA7392,0,2,30
18,19,16:51:27,1,-1,2,AA7392,0,2,273
19,20,16:54:29,1,-1,1,AA7392,0,2,101
20,21,16:58:15,1,-1,1,AA7392,0,2,205
21,22,17:02:18,1,-1,-1,AA7392,0,2,111
0,1,17:18:25,1,-1,-1,AA7392,0,2,90
1,2,17:19:56,1,-1,2,AA7392,0,2,20
2,3,17:24:00,1,-1,2,AA7392,0,2,142
3,4,17:28:38,1,-1,1,AA7392,0,2,182
4,5,17:32:52,1,-1,1,AA7392,0,2,153
5,6,17:34:24,1,-1,1,AA7392,0,2,30
6,7,17:43:54,1,-1,1,AA7392,0,2,519
7,8,17:46:16,1,-1,2,AA7392,0,2,111
8,9,17:47:37,1,-1,1,AA7392,0,2,50
9,10,17:48:48,1,-1,1,AA7392,0,2,40
10,11,17:51:09,1,-1,1,AA7392,0,2,111
11,12,17:52:10,1,-1,1,AA7392,0,2,20
12,13,17:54:14,1,-1,1,AA7392,0,2,74
13,14,17:55:15,1,-1,1,AA7392,0,2,40
14,15,17:56:56,1,-1,-1,AA7392,0,2,30
15,16,18:01:52,1,-1,1,AA7392,0,2,254
16,17,18:09:08,1,-1,2,AA7392,0,2,384
17,18,18:10:59,1,-1,1,AA7392,0,2,50
18,19,18:21:36,1,-1,3,AA7392,0,2,572
19,20,18:26:15,1,-1,1,AA7392,0,2,177
20,21,18:30:58,1,-1,1,AA7392,0,2,252
21,22,18:33:44,1,-1,-1,AA7392,0,2,125
0,1,18:41:09,1,-1,-1,AA7392,0,2,101
1,2,18:43:22,1,-1,3,AA7392,0,2,81
2,3,18:45:36,1,-1,2,AA7392,0,2,60
3,4,18:47:57,1,-1,1,AA7392,0,2,101
4,5,18:51:09,1,-1,2,AA7392,0,2,111
5,6,18:53:56,1,-1,1,AA7392,0,2,106
6,7,19:11:15,1,-1,1,AA7392,0,2,948
7,8,19:13:41,1,-1,-1,AA7392,0,2,135
8,9,19:15:13,1,-1,1,AA7392,0,2,61
9,10,19:16:04,1,-1,1,AA7392,0,2,30
10,11,19:18:56,1,-1,1,AA7392,0,2,121
11,12,19:20:17,1,-1,2,AA7392,0,2,30
12,13,19:22:28,1,-1,2,AA7392,0,2,91
13,14,19:23:49,1,-1,3,AA7392,0,2,50
14,15,19:26:33,1,-1,-1,AA7392,0,2,30
15,16,19:28:54,1,-1,1,AA7392,0,2,111
16,17,19:35:29,1,-1,2,AA7392,0,2,364
17,18,19:36:54,1,-1,1,AA7392,0,2,34
18,19,19:42:08,1,-1,3,AA7392,0,2,272
19,20,19:46:00,1,-1,1,AA7392,0,2,172
20,21,19:49:06,1,-1,1,AA7392,0,2,175
21,22,19:51:18,1,-1,-1,AA7392,0,2,111
0,1,20:33:43,1,-1,-1,AA7392,0,2,82
1,2,20:35:05,1,-1,2,AA7392,0,2,20
2,3,20:37:36,1,-1,2,AA7392,0,2,90
3,4,20:39:17,1,-1,1,AA7392,0,2,50
4,5,20:42:29,1,-1,2,AA7392,0,2,111
5,6,20:43:53,1,-1,1,AA7392,0,2,33
6,7,20:56:11,1,-1,1,AA7392,0,2,697
7,8,20:58:55,1,-1,1,AA7392,0,2,131
8,9,21:00:26,1,-1,1,AA7392,0,2,60
9,10,21:01:26,1,-1,1,AA7392,0,2,40
14,15,21:12:46,1,-1,-1,AA7392,0,4,40
15,16,21:15:38,1,-1,1,AA7392,0,4,101
16,17,21:22:36,1,-1,1,AA7392,0,4,377
17,18,21:23:57,1,-1,1,AA7392,0,4,20
18,19,21:29:35,1,-1,2,AA7392,0,2,277
19,20,21:32:06,1,-1,1,AA7392,0,2,70
20,21,21:36:09,1,-1,1,AA7392,0,2,191
21,22,21:38:20,1,-1,-1,AA7392,0,2,90
0,1,21:46:28,1,-1,-1,AA7392,0,2,70
1,2,21:48:49,1,-1,1,AA7392,0,2,60
2,3,21:50:48,1,-1,1,AA7392,0,2,60
3,4,21:52:49,1,-1,1,AA7392,0,2,70
4,5,21:55:56,1,-1,1,AA7392,0,2,121
5,6,21:57:17,1,-1,1,AA7392,0,2,30
6,7,22:05:54,1,-1,1,AA7392,0,2,486
7,8,22:07:45,1,-1,2,AA7392,0,2,101
8,9,22:09:06,1,-1,1,AA7392,0,2,40
9,10,22:10:18,1,-1,1,AA7392,0,2,31
10,11,22:13:43,1,-1,1,AA7392,0,4,144
11,12,22:14:44,1,-1,1,AA7392,0,4,30
12,13,22:16:15,1,-1,1,AA7392,0,4,60
13,14,22:17:46,1,-1,1,AA7392,0,4,40
14,15,22:19:07,1,-1,-1,AA7392,0,4,20
15,16,22:21:39,1,-1,1,AA7392,0,4,121
16,17,22:29:07,1,-1,1,AA7392,0,4,377
17,18,22:30:38,1,-1,1,AA7392,0,4,30
18,19,22:35:25,1,-1,2,AA7392,0,4,226
19,20,22:37:56,1,-1,1,AA7392,0,4,80
20,21,22:39:58,1,-1,1,AA7392,0,4,101
21,22,22:42:09,1,-1,-1,AA7392,0,4,90
0,1,22:54:30,1,-1,-1,AA7392,0,4,91
1,2,22:56:24,1,-1,1,AA7392,0,4,50
2,3,22:58:15,1,-1,2,AA7392,0,4,50
3,4,23:00:27,1,-1,1,AA7392,0,4,90
4,5,23:02:53,1,-1,1,AA7392,0,4,116
5,6,23:04:04,1,-1,1,AA7392,0,4,20
6,7,23:12:50,1,-1,1,AA7392,0,4,485
7,8,23:14:33,1,-1,1,AA7392,0,4,93
8,9,23:15:44,1,-1,1,AA7392,0,4,50
9,10,23:16:34,1,-1,1,AA7392,0,4,30
10,11,23:19:26,1,-1,1,AA7392,0,4,91
11,12,23:20:27,1,-1,1,AA7392,0,4,30
12,13,23:21:48,1,-1,1,AA7392,0,4,60
13,14,23:22:58,1,-1,1,AA7392,0,4,30
14,15,23:24:29,1,-1,-1,AA7392,0,4,30
15,16,23:26:34,1,-1,1,AA7392,0,4,94
16,17,23:33:28,1,-1,1,AA7392,0,4,374
17,18,23:34:49,1,-1,1,AA7392,0,4,30
18,19,23:39:25,1,-1,2,AA7392,0,4,222
19,20,23:42:27,1,-1,1,AA7392,0,4,121
20,21,23:44:08,1,-1,1,AA7392,0,4,90
21,22,23:46:09,1,-1,-1,AA7392,0,4,91
0,1,6:20:29,1,-1,-1,AA7440,0,1,70
1,2,6:22:23,1,-1,1,AA7440,0,1,92
2,3,6:25:04,1,-1,1,AA7440,0,1,40
3,4,6:27:16,1,-1,1,AA7440,0,1,60
4,5,6:31:09,1,-1,1,AA7440,0,1,151
5,6,6:32:40,1,-1,1,AA7440,0,1,20
6,7,6:41:20,1,-1,1,AA7440,0,1,456
7,8,6:43:13,1,-1,-1,AA7440,0,1,103
8,9,6:44:55,1,-1,1,AA7440,0,1,60
9,10,6:45:55,1,-1,1,AA7440,0,1,30
10,11,6:47:57,1,-1,1,AA7440,0,1,80
11,12,6:48:37,1,-1,1,AA7440,0,1,20
12,13,6:50:08,1,-1,-1,AA7440,0,1,60
13,14,6:51:19,1,-1,-1,AA7440,0,1,40
14,15,6:52:50,1,-1,-1,AA7440,0,1,40
15,16,6:55:14,1,-1,1,AA7440,0,1,113
16,17,7:02:09,1,-1,1,AA7440,0,1,364
17,18,7:03:10,1,-1,1,AA7440,0,1,20
18,19,7:07:35,1,-1,2,AA7440,0,1,222
19,20,7:09:26,1,-1,1,AA7440,0,1,50
20,21,7:11:58,1,-1,1,AA7440,0,1,101
21,22,7:13:59,1,-1,-1,AA7440,0,1,91
0,1,7:22:14,1,-1,-1,AA7440,0,1,94
1,2,7:24:51,1,-1,2,AA7440,0,1,136
2,3,7:28:36,1,-1,2,AA7440,0,1,61
3,4,7:31:49,1,-1,1,AA7440,0,1,151
4,5,7:36:47,1,-1,1,AA7440,0,1,153
5,6,7:38:49,1,-1,1,AA7440,0,1,10
6,7,7:47:58,1,-1,1,AA7440,0,1,478
7,8,7:50:14,1,-1,2,AA7440,0,1,125
8,9,7:52:06,1,-1,1,AA7440,0,1,80
9,10,7:53:16,1,-1,1,AA7440,0,1,30
10,11,7:54:59,1,-1,1,AA7440,0,1,70
11,12,7:55:59,1,-1,1,AA7440,0,1,30
12,13,7:57:44,1,-1,1,AA7440,0,1,64
13,14,7:58:55,1,-1,1,AA7440,0,1,40
14,15,8:00:56,1,-1,-1,AA7440,0,1,50
15,16,8:03:38,1,-1,1,AA7440,0,1,131
16,17,8:11:08,1,-1,-1,AA7440,0,1,368
17,18,8:13:50,1,-1,-1,AA7440,0,1,80
18,19,8:19:18,1,-1,3,AA7440,0,1,245
19,21,8:26:28,1,-1,1,AA7440,1,1,419
21,22,8:28:49,1,-1,-1,AA7440,0,1,101
0,1,8:38:08,1,-1,-1,AA7440,0,1,434
1,2,8:40:10,1,-1,3,AA7440,0,1,50
2,3,8:44:03,1,-1,3,AA7440,0,1,141
3,4,8:48:57,1,-1,1,AA7440,0,1,141
4,5,8:55:03,1,-1,1,AA7440,0,1,305
5,6,8:57:35,1,-1,1,AA7440,0,1,30
6,7,9:08:53,1,-1,2,AA7440,0,1,596
7,8,9:12:05,1,-1,2,AA7440,0,1,171
8,9,9:13:26,1,-1,1,AA7440,0,1,40
9,10,9:14:26,1,-1,1,AA7440,0,1,40
10,11,9:16:58,1,-1,1,AA7440,0,1,111
11,12,9:18:09,1,-1,2,AA7440,0,1,40
12,13,9:20:35,1,-1,1,AA7440,0,1,115
13,14,9:21:37,1,-1,1,AA7440,0,1,41
14,15,9:22:58,1,-1,-1,AA7440,0,1,40
15,16,9:25:40,1,-1,1,AA7440,0,2,141
16,17,9:32:47,1,-1,1,AA7440,0,2,406
17,18,9:35:08,1,-1,1,AA7440,0,2,70
18,19,9:40:44,1,-1,3,AA7440,0,2,305
19,20,9:45:17,1,-1,2,AA7440,0,2,182
20,21,9:48:09,1,-1,1,AA7440,0,2,131
21,22,9:50:05,1,-1,-1,AA7440,0,2,86
0,1,10:22:00,1,-1,-1,AA7440,0,2,60
1,2,10:24:25,1,-1,2,AA7440,0,2,80
2,3,10:25:56,1,-1,2,AA7440,0,2,30
3,4,10:28:48,1,-1,1,AA7440,0,2,90
4,5,10:32:34,1,-1,-1,AA7440,0,2,145
5,6,10:34:05,1,-1,-1,AA7440,0,2,30
6,7,10:43:24,1,-1,1,AA7440,0,2,518
7,8,10:46:16,1,-1,2,AA7440,0,2,161
8,9,10:48:27,1,-1,1,AA7440,0,2,91
9,10,10:49:28,1,-1,1,AA7440,0,2,50
10,11,10:52:44,1,-1,1,AA7440,0,2,155
11,12,10:53:45,1,-1,1,AA7440,0,2,20
12,13,10:55:27,1,-1,1,AA7440,0,2,71
13,14,10:56:48,1,-1,1,AA7440,0,2,40
14,15,10:58:29,1,-1,-1,AA7440,0,2,30
15,16,11:01:03,1,-1,1,AA7440,0,2,103
16,17,11:08:08,1,-1,1,AA7440,0,2,374
17,18,11:09:39,1,-1,1,AA7440,0,2,30
18,19,11:19:08,1,-1,2,AA7440,0,2,498
19,21,11:24:36,1,-1,-1,AA7440,1,2,242
21,22,11:26:58,1,-1,-1,AA7440,0,2,91
0,1,11:42:19,1,-1,-1,AA7440,0,2,111
1,2,11:44:52,1,-1,2,AA7440,0,2,113
2,3,11:47:44,1,-1,2,AA7440,0,2,111
3,4,11:49:09,1,-1,1,AA7440,0,2,74
4,18,12:09:57,1,-1,1,AA7440,1,2,1196
6,7,12:19:57,1,-1,1,AA7440,0,2,559
7,8,12:22:09,1,-1,2,AA7440,0,2,121
8,9,12:24:02,1,-1,1,AA7440,0,2,62
9,10,12:25:03,1,-1,1,AA7440,0,2,30
10,11,12:27:55,1,-1,1,AA7440,0,2,162
11,12,12:28:57,1,-1,1,AA7440,0,2,30
12,13,12:30:58,1,-1,1,AA7440,0,2,91
13,14,12:31:49,1,-1,1,AA7440,0,2,30
14,15,12:33:52,1,-1,-1,AA7440,0,2,62
15,16,12:36:55,1,-1,1,AA7440,0,2,162
16,17,12:44:14,1,-1,1,AA7440,0,2,388
17,18,12:46:05,1,-1,1,AA7440,0,2,40
18,19,12:51:09,1,-1,2,AA7440,0,2,262
19,20,12:54:57,1,-1,1,AA7440,0,2,143
20,21,12:57:49,1,-1,1,AA7440,0,2,162
21,22,12:59:55,1,-1,-1,AA7440,0,2,80
0,1,13:58:02,1,-1,-1,AA7440,0,2,92
1,2,13:59:55,1,-1,3,AA7440,0,2,20
2,3,14:01:58,1,-1,2,AA7440,0,2,50
3,4,14:04:09,1,-1,1,AA7440,0,2,70
4,5,14:07:33,1,-1,1,AA7440,0,2,133
5,6,14:09:35,1,-1,1,AA7440,0,2,30
6,7,14:18:55,1,-1,1,AA7440,0,2,510
7,8,14:21:37,1,-1,-1,AA7440,0,2,151
8,9,14:23:18,1,-1,-1,AA7440,0,2,60
9,10,14:24:09,1,-1,-1,AA7440,0,2,20
10,12,14:27:18,1,-1,1,AA7440,1,2,178
12,13,14:29:42,1,-1,1,AA7440,0,2,103
13,14,14:30:33,1,-1,1,AA7440,0,2,30
14,15,14:32:04,1,-1,-1,AA7440,0,2,61
15,16,14:34:56,1,-1,1,AA7440,0,2,111
16,17,14:42:04,1,-1,2,AA7440,0,2,377
17,18,14:43:45,1,-1,1,AA7440,0,2,30
18,19,14:49:19,1,-1,3,AA7440,0,2,293
19,20,14:52:24,1,-1,1,AA7440,0,2,73
20,21,14:55:56,1,-1,1,AA7440,0,2,161
21,22,14:57:48,1,-1,-1,AA7440,0,2,90
2,3,15:29:48,1,-1,2,AA7440,0,2,101
3,4,15:32:19,1,-1,1,AA7440,0,2,111
4,5,15:36:16,1,-1,1,AA7440,0,2,142
5,6,15:37:57,1,-1,1,AA7440,0,2,20
6,7,15:48:39,1,-1,1,AA7440,0,2,570
7,8,15:50:50,1,-1,2,AA7440,0,2,121
8,9,15:53:14,1,-1,1,AA7440,0,2,80
9,11,15:56:53,1,-1,1,AA7440,1,2,178
11,12,15:58:04,1,-1,1,AA7440,0,2,30
12,13,16:00:16,1,-1,1,AA7440,0,2,91
13,14,16:01:47,1,-1,1,AA7440,0,2,40
14,15,16:04:39,1,-1,-1,AA7440,0,2,142
15,16,16:07:34,1,-1,1,AA7440,0,2,134
16,17,16:14:59,1,-1,2,AA7440,0,2,394
17,18,16:16:14,1,-1,1,AA7440,0,2,30
18,19,16:22:08,1,-1,2,AA7440,0,2,303
19,21,16:29:24,1,-1,1,AA7440,1,2,415
21,22,16:31:56,1,-1,-1,AA7440,0,2,111
0,1,16:39:57,1,-1,-1,AA7440,0,2,61
1,2,16:42:39,1,-1,2,AA7440,0,2,80
2,3,16:44:32,1,-1,2,AA7440,0,2,62
3,4,16:46:33,1,-1,1,AA7440,0,2,30
4,5,16:49:56,1,-1,1,AA7440,0,2,131
5,6,16:51:27,1,-1,1,AA7440,0,2,30
6,7,17:01:38,1,-1,1,AA7440,0,2,570
7,8,17:03:29,1,-1,2,AA7440,0,2,101
8,9,17:05:13,1,-1,1,AA7440,0,2,73
9,10,17:06:14,1,-1,1,AA7440,0,2,30
10,11,17:09:05,1,-1,1,AA7440,0,2,151
11,12,17:10:36,1,-1,1,AA7440,0,2,30
12,13,17:12:58,1,-1,1,AA7440,0,2,100
13,14,17:14:08,1,-1,2,AA7440,0,2,40
14,15,17:15:49,1,-1,-1,AA7440,0,2,40
15,16,17:19:26,1,-1,1,AA7440,0,2,185
16,17,17:26:16,1,-1,2,AA7440,0,2,369
17,18,17:27:47,1,-1,1,AA7440,0,2,30
18,19,17:34:45,1,-1,2,AA7440,0,2,356
19,20,17:39:07,1,-1,1,AA7440,0,2,202
20,21,17:41:59,1,-1,1,AA7440,0,2,121
21,22,17:44:35,1,-1,-1,AA7440,0,2,91
0,1,17:56:36,1,-1,-1,AA7440,0,2,60
1,2,17:58:48,1,-1,3,AA7440,0,2,40
2,3,18:01:52,1,-1,2,AA7440,0,2,103
3,4,18:04:05,1,-1,1,AA7440,0,2,70
4,5,18:07:17,1,-1,2,AA7440,0,2,151
6,7,18:20:15,1,-1,1,AA7440,0,2,656
7,8,18:22:37,1,-1,2,AA7440,0,2,101
8,9,18:23:58,1,-1,1,AA7440,0,2,50
9,10,18:25:10,1,-1,1,AA7440,0,2,21
10,11,18:28:57,1,-1,1,AA7440,0,2,91
11,12,18:30:18,1,-1,1,AA7440,0,2,30
12,13,18:34:45,1,-1,1,AA7440,0,2,112
13,14,18:37:47,1,-1,3,AA7440,0,2,141
14,15,18:42:20,1,-1,-1,AA7440,0,2,111
15,16,18:45:56,1,-1,1,AA7440,0,2,143
16,17,18:53:36,1,-1,3,AA7440,0,2,449
17,18,18:56:58,1,-1,1,AA7440,0,2,121
18,19,19:10:25,1,-1,3,AA7440,0,2,684
19,20,19:14:43,1,-1,2,AA7440,0,2,86
20,21,19:17:55,1,-1,1,AA7440,0,2,182
21,22,19:20:47,1,-1,-1,AA7440,0,2,90
0,1,19:59:27,1,-1,-1,AA7440,0,2,111
1,2,20:01:08,1,-1,2,AA7440,0,2,30
2,3,20:02:49,1,-1,2,AA7440,0,2,40
3,4,20:05:21,1,-1,1,AA7440,0,2,131
4,5,20:08:27,1,-1,2,AA7440,0,2,151
5,6,20:09:58,1,-1,1,AA7440,0,2,40
6,7,20:21:09,1,-1,1,AA7440,0,4,610
7,8,20:22:50,1,-1,2,AA7440,0,2,90
8,9,20:24:04,1,-1,1,AA7440,0,2,30
9,10,20:24:55,1,-1,1,AA7440,0,2,30
10,11,20:26:56,1,-1,1,AA7440,0,2,111
11,12,20:27:46,1,-1,1,AA7440,0,2,30
12,13,20:29:18,1,-1,1,AA7440,0,2,71
13,14,20:30:19,1,-1,1,AA7440,0,2,40
14,15,20:32:20,1,-1,-1,AA7440,0,2,50
15,16,20:35:15,1,-1,1,AA7440,0,2,152
16,17,20:41:49,1,-1,3,AA7440,0,2,363
17,18,20:43:20,1,-1,1,AA7440,0,2,30
18,19,20:50:07,1,-1,2,AA7440,0,2,363
19,20,20:51:48,1,-1,1,AA7440,0,2,60
20,21,20:53:39,1,-1,1,AA7440,0,2,90
21,22,20:55:50,1,-1,-1,AA7440,0,2,90
0,1,21:06:09,1,-1,-1,AA7440,0,2,60
1,2,21:07:32,1,-1,2,AA7440,0,2,42
2,3,21:10:35,1,-1,2,AA7440,0,2,71
3,4,21:12:16,1,-1,1,AA7440,0,4,40
4,5,21:15:58,1,-1,1,AA7440,0,4,131
5,6,21:17:39,1,-1,1,AA7440,0,4,20
6,7,21:26:38,1,-1,1,AA7440,0,4,488
7,8,21:28:19,1,-1,2,AA7440,0,4,90
8,9,21:29:20,1,-1,1,AA7440,0,4,40
9,10,21:30:25,1,-1,1,AA7440,0,2,40
10,11,21:33:47,1,-1,1,AA7440,0,2,192
11,12,21:34:58,1,-1,1,AA7440,0,2,30
12,13,21:36:59,1,-1,1,AA7440,0,2,60
13,14,21:38:38,1,-1,1,AA7440,0,2,48
14,15,21:40:19,1,-1,-1,AA7440,0,2,30
15,16,21:42:25,1,-1,1,AA7440,0,2,85
16,17,21:49:09,1,-1,1,AA7440,0,2,363
17,18,21:50:28,1,-1,1,AA7440,0,2,40
18,19,21:55:56,1,-1,2,AA7440,0,2,297
19,20,21:59:38,1,-1,1,AA7440,0,2,151
20,21,22:02:35,1,-1,1,AA7440,0,2,166
21,22,22:04:36,1,-1,-1,AA7440,0,2,90
0,1,22:14:13,1,-1,-1,AA7440,0,4,63
1,2,22:15:44,1,-1,2,AA7440,0,4,40
2,3,22:18:27,1,-1,2,AA7440,0,4,131
3,4,22:20:38,1,-1,1,AA7440,0,4,70
4,5,22:24:23,1,-1,1,AA7440,0,4,154
5,6,22:25:24,1,-1,1,AA7440,0,4,20
6,7,22:34:24,1,-1,1,AA7440,0,4,489
7,8,22:36:36,1,-1,2,AA7440,0,4,90
8,9,22:38:17,1,-1,1,AA7440,0,4,50
9,10,22:38:47,1,-1,1,AA7440,0,4,20
10,11,22:40:18,1,-1,1,AA7440,0,4,50
11,12,22:41:19,1,-1,1,AA7440,0,4,20
12,13,22:43:10,1,-1,1,AA7440,0,4,70
13,14,22:44:52,1,-1,1,AA7440,0,4,40
14,15,22:46:14,1,-1,-1,AA7440,0,4,30
15,16,22:48:16,1,-1,1,AA7440,0,4,90
16,17,22:54:50,1,-1,1,AA7440,0,4,353
17,18,22:55:54,1,-1,1,AA7440,0,4,10
18,19,23:00:27,1,-1,2,AA7440,0,4,212
19,20,23:02:43,1,-1,1,AA7440,0,4,65
20,21,23:05:25,1,-1,1,AA7440,0,4,131
21,22,23:07:16,1,-1,-1,AA7440,0,4,80
0,1,23:25:10,1,-1,-1,AA7440,0,4,80
1,2,23:26:22,1,-1,1,AA7440,0,4,30
2,3,23:28:05,1,-1,2,AA7440,0,4,40
3,4,23:29:36,1,-1,1,AA7440,0,4,50
4,5,23:33:08,1,-1,1,AA7440,0,4,141
5,6,23:33:59,1,-1,1,AA7440,0,4,10
6,7,23:42:27,1,-1,1,AA7440,0,4,457
7,8,23:43:48,1,-1,1,AA7440,0,4,70
8,9,23:45:19,1,-1,1,AA7440,0,4,70
9,10,23:46:09,1,-1,1,AA7440,0,4,20
10,11,23:48:56,1,-1,1,AA7440,0,4,141
11,12,23:49:46,1,-1,1,AA7440,0,4,20
12,13,23:51:21,1,-1,1,AA7440,0,4,64
13,14,23:52:34,1,-1,1,AA7440,0,4,40
14,15,23:53:45,1,-1,-1,AA7440,0,4,30
15,16,23:55:56,1,-1,1,AA7440,0,4,91
0,1,0:18:46,1,-1,-1,AA7489,0,2,30
1,2,0:19:46,1,-1,1,AA7489,0,2,50
2,3,0:21:37,1,-1,2,AA7489,0,2,50
3,4,0:23:39,1,-1,1,AA7489,0,2,101
4,5,0:26:33,1,-1,1,AA7489,0,2,134
5,6,0:27:24,1,-1,1,AA7489,0,2,20
6,7,0:35:19,1,-1,1,AA7489,0,2,444
7,8,0:36:41,1,-1,2,AA7489,0,2,72
8,9,0:37:32,1,-1,1,AA7489,0,2,30
9,10,0:38:12,1,-1,1,AA7489,0,2,30
10,11,0:39:33,1,-1,1,AA7489,0,2,50
11,12,0:40:24,1,-1,1,AA7489,0,2,30
12,13,0:41:24,1,-1,1,AA7489,0,2,50
13,14,0:42:25,1,-1,1,AA7489,0,2,30
14,15,0:43:36,1,-1,-1,AA7489,0,2,30
15,16,0:44:57,1,-1,1,AA7489,0,2,70
16,17,0:51:10,1,-1,-1,AA7489,0,2,353
17,18,0:51:44,1,-1,-1,AA7489,0,2,10
18,19,0:55:36,1,-1,2,AA7489,0,2,181
19,20,0:57:27,1,-1,1,AA7489,0,2,40
20,21,0:58:48,1,-1,1,AA7489,0,2,70
21,22,1:00:50,1,-1,-1,AA7489,0,2,90
0,1,1:21:11,1,-1,-1,AA7489,0,2,30
1,2,1:22:25,1,-1,1,AA7489,0,2,63
2,3,1:24:46,1,-1,1,AA7489,0,2,90
3,4,1:25:37,1,-1,1,AA7489,0,2,20
4,5,1:27:48,1,-1,1,AA7489,0,2,121
5,6,1:28:28,1,-1,1,AA7489,0,2,10
6,7,1:36:46,1,-1,1,AA7489,0,2,457
7,8,1:38:27,1,-1,1,AA7489,0,2,90
8,9,1:40:58,1,-1,1,AA7489,0,2,30
9,10,1:41:39,1,-1,1,AA7489,0,2,20
10,11,1:43:30,1,-1,1,AA7489,0,2,60
11,12,1:44:10,1,-1,1,AA7489,0,2,20
12,13,1:45:14,1,-1,1,AA7489,0,2,40
13,14,1:46:04,1,-1,1,AA7489,0,2,30
14,15,1:47:05,1,-1,-1,AA7489,0,2,20
15,16,1:48:46,1,-1,1,AA7489,0,2,80
16,17,1:54:47,1,-1,1,AA7489,0,2,340
17,18,1:55:27,1,-1,1,AA7489,0,2,20
18,19,1:59:34,1,-1,2,AA7489,0,2,206
19,20,2:00:55,1,-1,1,AA7489,0,2,20
20,21,2:03:06,1,-1,1,AA7489,0,2,111
21,22,2:04:57,1,-1,-1,AA7489,0,2,80
0,1,8:13:20,1,-1,-1,AA7489,0,1,50
1,2,8:15:43,1,-1,3,AA7489,0,1,112
2,3,8:22:21,1,-1,3,AA7489,0,1,276
3,4,8:29:10,1,-1,1,AA7489,0,1,255
4,5,8:33:25,1,-1,1,AA7489,0,1,161
5,6,8:35:16,1,-1,1,AA7489,0,1,40
6,7,8:47:16,1,-1,1,AA7489,0,1,668
7,8,8:50:48,1,-1,2,AA7489,0,1,192
8,9,8:52:39,1,-1,1,AA7489,0,1,80
9,10,8:53:52,1,-1,1,AA7489,0,1,32
10,11,8:55:33,1,-1,1,AA7489,0,1,60
11,12,8:56:24,1,-1,2,AA7489,0,1,20
12,13,9:00:27,1,-1,-1,AA7489,0,1,202
13,14,9:01:17,1,-1,-1,AA7489,0,1,30
14,15,9:02:59,1,-1,-1,AA7489,0,1,40
15,16,9:05:00,1,-1,-1,AA7489,0,1,70
16,17,9:12:25,1,-1,1,AA7489,0,1,390
17,18,9:13:36,1,-1,1,AA7489,0,1,30
18,19,9:19:10,1,-1,2,AA7489,0,1,293
19,20,9:21:37,1,-1,2,AA7489,0,1,61
20,21,9:24:09,1,-1,1,AA7489,0,2,131
21,22,9:26:20,1,-1,-1,AA7489,0,2,101
0,1,9:37:52,1,-1,-1,AA7489,0,2,123
1,2,9:39:53,1,-1,3,AA7489,0,2,111
2,3,9:42:05,1,-1,3,AA7489,0,2,50
3,4,9:44:57,1,-1,1,AA7489,0,2,111
4,5,9:48:29,1,-1,1,AA7489,0,2,151
5,6,9:50:05,1,-1,1,AA7489,0,2,20
6,7,10:00:20,1,-1,1,AA7489,0,2,553
7,8,10:02:33,1,-1,2,AA7489,0,2,123
8,9,10:04:15,1,-1,1,AA7489,0,2,51
9,10,10:05:16,1,-1,1,AA7489,0,2,30
10,11,10:07:57,1,-1,1,AA7489,0,2,111
11,12,10:08:58,1,-1,1,AA7489,0,2,30
12,13,10:11:10,1,-1,1,AA7489,0,2,101
13,14,10:12:21,1,-1,1,AA7489,0,2,40
14,15,10:14:05,1,-1,-1,AA7489,0,2,41
15,16,10:16:26,1,-1,1,AA7489,0,2,91
16,17,10:23:34,1,-1,1,AA7489,0,2,387
17,18,10:25:15,1,-1,1,AA7489,0,2,60
18,19,10:30:59,1,-1,-1,AA7489,0,2,293
19,20,10:33:14,1,-1,-1,AA7489,0,2,64
20,21,10:37:17,1,-1,1,AA7489,0,2,212
21,22,10:39:18,1,-1,-1,AA7489,0,2,90
0,1,10:56:48,1,-1,-1,AA7489,0,2,101
1,2,11:00:42,1,-1,3,AA7489,0,2,133
2,3,11:04:05,1,-1,2,AA7489,0,2,40
3,4,11:06:57,1,-1,1,AA7489,0,2,101
4,5,11:10:29,1,-1,1,AA7489,0,2,141
5,6,11:12:02,1,-1,1,AA7489,0,2,20
6,7,11:25:47,1,-1,1,AA7489,0,2,691
7,8,11:28:19,1,-1,2,AA7489,0,2,111
8,9,11:30:20,1,-1,1,AA7489,0,2,50
9,10,11:31:04,1,-1,1,AA7489,0,2,30
10,11,11:34:17,1,-1,1,AA7489,0,2,161
11,12,11:35:21,1,-1,1,AA7489,0,2,20
12,13,11:36:55,1,-1,1,AA7489,0,2,71
13,14,11:38:36,1,-1,1,AA7489,0,2,50
14,15,11:39:57,1,-1,-1,AA7489,0,2,40
15,16,11:43:09,1,-1,1,AA7489,0,2,161
16,17,11:50:42,1,-1,1,AA7489,0,2,392
17,18,11:52:34,1,-1,1,AA7489,0,2,61
18,19,11:58:43,1,-1,2,AA7489,0,2,296
19,20,12:01:25,1,-1,1,AA7489,0,2,142
20,21,12:04:48,1,-1,1,AA7489,0,2,151
21,22,12:06:59,1,-1,-1,AA7489,0,2,90
0,1,12:18:05,1,-1,-1,AA7489,0,2,91
1,2,12:20:38,1,-1,3,AA7489,0,2,60
2,3,12:23:42,1,-1,3,AA7489,0,2,173
3,4,12:25:53,1,-1,3,AA7489,0,2,60
4,5,12:29:27,1,-1,1,AA7489,0,2,152
5,6,12:30:28,1,-1,1,AA7489,0,2,20
6,7,12:39:27,1,-1,1,AA7489,0,2,498
7,8,12:42:29,1,-1,2,AA7489,0,2,151
8,9,12:44:14,1,-1,1,AA7489,0,2,64
9,10,12:44:44,1,-1,1,AA7489,0,2,20
10,11,12:46:46,1,-1,1,AA7489,0,2,91
11,12,12:47:36,1,-1,1,AA7489,0,2,30
12,13,12:49:07,1,-1,1,AA7489,0,2,50
13,14,12:50:38,1,-1,1,AA7489,0,2,40
14,15,12:51:59,1,-1,-1,AA7489,0,2,30
15,16,12:54:57,1,-1,1,AA7489,0,2,157
16,17,13:02:17,1,-1,1,AA7489,0,2,398
17,18,13:03:37,1,-1,1,AA7489,0,2,40
18,19,13:08:35,1,-1,2,AA7489,0,2,267
19,20,13:11:37,1,-1,1,AA7489,0,2,151
20,21,13:13:59,1,-1,1,AA7489,0,2,131
21,22,13:15:40,1,-1,-1,AA7489,0,2,91
0,1,14:56:07,1,-1,-1,AA7489,0,2,91
1,3,15:00:09,1,-1,2,AA7489,1,2,232
3,4,15:02:43,1,-1,1,AA7489,0,2,92
4,5,15:06:16,1,-1,1,AA7489,0,2,131
5,6,15:07:38,1,-1,1,AA7489,0,2,30
6,7,15:17:34,1,-1,1,AA7489,0,2,545
7,8,15:19:45,1,-1,1,AA7489,0,2,111
11,12,15:28:27,1,-1,2,AA7489,0,2,182
12,13,15:31:59,1,-1,2,AA7489,0,2,90
13,14,15:33:34,1,-1,2,AA7489,0,2,64
14,15,15:35:56,1,-1,-1,AA7489,0,2,41
15,16,15:38:38,1,-1,1,AA7489,0,2,131
16,17,15:45:27,1,-1,1,AA7489,0,2,378
17,18,15:46:48,1,-1,1,AA7489,0,2,40
18,19,15:51:33,1,-1,2,AA7489,0,2,264
19,20,15:55:21,1,-1,1,AA7489,0,2,136
20,21,15:58:04,1,-1,1,AA7489,0,2,141
21,22,15:59:55,1,-1,-1,AA7489,0,2,101
0,1,16:09:16,1,-1,-1,AA7489,0,2,91
1,2,16:11:07,1,-1,2,AA7489,0,2,50
2,3,16:13:28,1,-1,2,AA7489,0,2,131
3,4,16:15:54,1,-1,1,AA7489,0,2,64
4,5,16:19:26,1,-1,2,AA7489,0,2,121
5,6,16:20:37,1,-1,1,AA7489,0,2,20
6,7,16:29:44,1,-1,1,AA7489,0,2,506
7,8,16:31:36,1,-1,2,AA7489,0,2,101
8,9,16:32:56,1,-1,1,AA7489,0,2,60
9,10,16:33:37,1,-1,1,AA7489,0,2,30
10,11,16:35:28,1,-1,1,AA7489,0,2,60
11,12,16:37:00,1,-1,1,AA7489,0,2,31
12,13,16:38:25,1,-1,1,AA7489,0,2,64
13,14,16:39:47,1,-1,1,AA7489,0,2,41
14,15,16:41:18,1,-1,-1,AA7489,0,2,50
15,16,16:44:00,1,-1,1,AA7489,0,2,141
16,17,16:50:47,1,-1,1,AA7489,0,2,364
17,18,16:52:08,1,-1,1,AA7489,0,2,50
18,19,16:57:55,1,-1,2,AA7489,0,2,306
19,20,17:00:58,1,-1,1,AA7489,0,2,172
20,21,17:03:19,1,-1,1,AA7489,0,2,111
21,22,17:05:33,1,-1,-1,AA7489,0,2,93
0,1,17:28:28,1,-1,-1,AA7489,0,2,60
1,2,17:30:29,1,-1,3,AA7489,0,2,90
2,3,17:32:10,1,-1,2,AA7489,0,2,91
3,4,17:34:34,1,-1,1,AA7489,0,2,102
4,5,17:37:57,1,-1,1,AA7489,0,2,121
5,6,17:39:18,1,-1,1,AA7489,0,2,30
6,7,17:49:18,1,-1,1,AA7489,0,2,559
7,8,17:51:39,1,-1,2,AA7489,0,2,131
8,9,17:52:47,1,-1,1,AA7489,0,2,47
9,11,17:57:16,1,-1,1,AA7489,1,2,236
11,12,17:57:58,1,-1,1,AA7489,0,2,20
12,13,18:00:39,1,-1,1,AA7489,0,2,131
13,14,18:02:02,1,-1,2,AA7489,0,2,42
14,15,18:04:05,1,-1,-1,AA7489,0,2,40
15,16,18:06:46,1,-1,1,AA7489,0,2,131
16,17,18:14:16,1,-1,2,AA7489,0,2,398
17,18,18:15:57,1,-1,1,AA7489,0,2,50
18,19,18:26:25,1,-1,3,AA7489,0,2,536
19,20,18:30:18,1,-1,1,AA7489,0,2,222
20,21,18:35:35,1,-1,1,AA7489,0,2,287
21,22,18:40:39,1,-1,-1,AA7489,0,2,202
0,1,18:52:55,1,-1,-1,AA7489,0,2,20
1,2,18:54:37,1,-1,3,AA7489,0,2,70
2,3,18:57:08,1,-1,2,AA7489,0,2,141
3,4,19:00:15,1,-1,1,AA7489,0,2,145
4,5,19:04:07,1,-1,3,AA7489,0,2,202
5,6,19:05:59,1,-1,1,AA7489,0,2,50
6,7,19:22:18,1,-1,1,AA7489,0,2,824
7,8,19:24:32,1,-1,2,AA7489,0,2,102
8,9,19:25:52,1,-1,1,AA7489,0,2,60
9,10,19:26:43,1,-1,1,AA7489,0,2,30
10,11,19:29:05,1,-1,1,AA7489,0,2,131
11,12,19:29:35,1,-1,2,AA7489,0,2,20
12,13,19:31:36,1,-1,1,AA7489,0,2,90
13,14,19:33:28,1,-1,2,AA7489,0,2,60
14,15,19:35:49,1,-1,-1,AA7489,0,2,40
15,16,19:38:05,1,-1,1,AA7489,0,2,91
16,17,19:44:59,1,-1,1,AA7489,0,2,363
17,18,19:46:10,1,-1,1,AA7489,0,2,30
18,19,19:52:10,1,-1,3,AA7489,0,2,317
19,20,19:54:44,1,-1,1,AA7489,0,2,81
20,21,19:58:26,1,-1,1,AA7489,0,2,202
21,22,20:00:18,1,-1,-1,AA7489,0,2,80
0,1,20:51:38,1,-1,-1,AA7489,0,2,80
1,2,20:52:48,1,-1,1,AA7489,0,2,50
2,3,20:54:19,1,-1,2,AA7489,0,2,50
3,4,20:55:30,1,-1,1,AA7489,0,2,30
4,5,20:59:15,1,-1,2,AA7489,0,2,131
5,6,21:00:26,1,-1,1,AA7489,0,2,30
6,7,21:09:33,1,-1,1,AA7489,0,2,517
7,8,21:12:36,1,-1,2,AA7489,0,4,142
8,9,21:13:47,1,-1,1,AA7489,0,4,50
9,10,21:14:37,1,-1,1,AA7489,0,4,30
10,11,21:16:39,1,-1,1,AA7489,0,4,111
11,12,21:17:39,1,-1,1,AA7489,0,4,20
12,13,21:19:20,1,-1,1,AA7489,0,4,60
13,14,21:20:24,1,-1,1,AA7489,0,4,30
14,15,21:21:55,1,-1,-1,AA7489,0,4,30
15,16,21:23:57,1,-1,1,AA7489,0,4,90
16,17,21:30:45,1,-1,1,AA7489,0,2,368
17,18,21:31:56,1,-1,1,AA7489,0,2,40
18,19,21:36:29,1,-1,2,AA7489,0,2,242
19,20,21:39:18,1,-1,1,AA7489,0,2,98
20,21,21:42:15,1,-1,1,AA7489,0,2,146
21,22,21:44:37,1,-1,-1,AA7489,0,2,90
0,1,21:59:58,1,-1,-1,AA7489,0,2,30
1,2,22:01:50,1,-1,1,AA7489,0,2,90
2,3,22:03:46,1,-1,1,AA7489,0,2,85
3,4,22:05:34,1,-1,1,AA7489,0,2,47
4,5,22:08:05,1,-1,1,AA7489,0,2,121
5,6,22:09:16,1,-1,1,AA7489,0,2,30
6,7,22:18:06,1,-1,1,AA7489,0,4,489
7,8,22:20:18,1,-1,1,AA7489,0,4,121
8,9,22:21:18,1,-1,1,AA7489,0,4,40
9,10,22:22:09,1,-1,1,AA7489,0,4,20
10,11,22:25:44,1,-1,1,AA7489,0,4,205
11,12,22:26:55,1,-1,1,AA7489,0,4,30
12,13,22:28:26,1,-1,1,AA7489,0,4,50
13,14,22:29:17,1,-1,1,AA7489,0,4,40
14,15,22:30:38,1,-1,-1,AA7489,0,4,20
15,16,22:32:33,1,-1,1,AA7489,0,4,84
16,17,22:39:17,1,-1,1,AA7489,0,4,374
17,18,22:40:28,1,-1,1,AA7489,0,4,40
18,19,22:44:52,1,-1,2,AA7489,0,4,223
19,20,22:47:25,1,-1,1,AA7489,0,4,111
20,21,22:49:16,1,-1,1,AA7489,0,4,101
21,22,22:51:38,1,-1,-1,AA7489,0,4,80
0,1,23:08:57,1,-1,-1,AA7489,0,4,50
1,2,23:11:19,1,-1,2,AA7489,0,4,121
2,3,23:13:10,1,-1,2,AA7489,0,4,40
3,4,23:15:23,1,-1,1,AA7489,0,4,80
4,5,23:18:05,1,-1,1,AA7489,0,4,131
5,6,23:19:16,1,-1,1,AA7489,0,4,30
6,7,23:27:45,1,-1,1,AA7489,0,4,458
7,8,23:29:36,1,-1,1,AA7489,0,4,101
8,9,23:30:57,1,-1,1,AA7489,0,4,50
9,10,23:31:27,1,-1,1,AA7489,0,4,20
10,11,23:33:28,1,-1,1,AA7489,0,4,101
11,12,23:34:29,1,-1,1,AA7489,0,4,30
12,13,23:35:43,1,-1,1,AA7489,0,4,43
13,14,23:36:53,1,-1,1,AA7489,0,4,30
14,15,23:38:14,1,-1,-1,AA7489,0,4,40
15,16,23:40:26,1,-1,1,AA7489,0,4,121
16,17,23:47:15,1,-1,1,AA7489,0,4,358
17,18,23:48:15,1,-1,1,AA7489,0,4,30
18,19,23:52:14,1,-1,2,AA7489,0,4,207
19,20,23:54:15,1,-1,1,AA7489,0,4,101
20,21,23:56:27,1,-1,1,AA7489,0,4,121
21,22,23:58:18,1,-1,-1,AA7489,0,4,80
0,1,6:00:48,1,-1,-1,AA7552,0,1,20
1,2,6:03:00,1,-1,-1,AA7552,0,1,50
2,3,6:04:55,1,-1,-1,AA7552,0,1,40
3,4,6:07:06,1,-1,2,AA7552,0,1,40
4,5,6:09:38,1,-1,2,AA7552,0,1,111
5,6,6:10:40,1,-1,1,AA7552,0,1,11
6,7,6:19:09,1,-1,1,AA7552,0,1,468
7,8,6:21:20,1,-1,2,AA7552,0,1,90
8,9,6:22:33,1,-1,1,AA7552,0,1,40
9,10,6:23:44,1,-1,1,AA7552,0,1,30
10,11,6:25:35,1,-1,1,AA7552,0,1,91
11,12,6:26:05,1,-1,1,AA7552,0,1,20
12,13,6:27:26,1,-1,1,AA7552,0,1,50
13,14,6:28:07,1,-1,1,AA7552,0,1,30
14,15,6:29:17,1,-1,-1,AA7552,0,1,30
15,16,6:31:19,1,-1,1,AA7552,0,1,101
16,17,6:37:48,1,-1,1,AA7552,0,1,358
17,18,6:38:38,1,-1,1,AA7552,0,1,20
18,19,6:42:43,1,-1,2,AA7552,0,1,204
19,20,6:44:14,1,-1,1,AA7552,0,1,50
20,21,6:46:26,1,-1,1,AA7552,0,1,80
21,22,6:48:27,1,-1,-1,AA7552,0,1,80
0,1,6:57:36,1,-1,-1,AA7552,0,1,81
1,2,6:59:37,1,-1,1,AA7552,0,1,60
2,3,7:01:39,1,-1,1,AA7552,0,1,50
3,4,7:03:42,1,-1,1,AA7552,0,1,72
4,5,7:06:24,1,-1,1,AA7552,0,1,121
5,6,7:07:35,1,-1,1,AA7552,0,1,10
6,8,7:18:05,1,-1,2,AA7552,1,1,569
8,9,7:19:26,1,-1,1,AA7552,0,1,40
9,10,7:20:19,1,-1,1,AA7552,0,1,30
10,11,7:22:45,1,-1,1,AA7552,0,1,104
11,12,7:23:39,1,-1,1,AA7552,0,1,10
12,13,7:25:12,1,-1,1,AA7552,0,1,61
13,14,7:26:12,1,-1,1,AA7552,0,1,30
14,15,7:28:47,1,-1,-1,AA7552,0,1,103
15,16,7:31:28,1,-1,1,AA7552,0,1,91
16,17,7:40:10,1,-1,1,AA7552,0,1,396
17,18,7:41:21,1,-1,1,AA7552,0,1,40
18,19,7:45:37,1,-1,2,AA7552,0,1,213
19,20,7:49:23,1,-1,2,AA7552,0,1,135
20,21,7:52:56,1,-1,1,AA7552,0,1,192
21,22,7:54:59,1,-1,-1,AA7552,0,1,80
0,1,8:04:29,1,-1,-1,AA7552,0,1,91
1,2,8:06:35,1,-1,3,AA7552,0,1,115
2,3,8:11:49,1,-1,-1,AA7552,0,1,212
3,4,8:18:48,1,-1,1,AA7552,0,1,348
4,5,8:22:43,1,-1,1,AA7552,0,1,163
5,6,8:25:15,1,-1,1,AA7552,0,1,30
6,7,8:36:27,1,-1,2,AA7552,0,1,609
7,8,8:39:49,1,-1,1,AA7552,0,1,161
8,9,8:41:41,1,-1,1,AA7552,0,1,70
9,10,8:42:32,1,-1,1,AA7552,0,1,20
10,11,8:44:54,1,-1,1,AA7552,0,1,91
11,12,8:45:45,1,-1,2,AA7552,0,1,20
12,13,8:49:37,1,-1,2,AA7552,0,1,111
13,14,8:50:48,1,-1,2,AA7552,0,1,40
14,15,8:52:49,1,-1,-1,AA7552,0,1,60
15,16,8:56:14,1,-1,1,AA7552,0,1,174
16,17,9:02:48,1,-1,-1,AA7552,0,1,364
17,18,9:04:09,1,-1,-1,AA7552,0,1,30
18,19,9:10:44,1,-1,2,AA7552,0,1,364
19,20,9:15:07,1,-1,1,AA7552,0,1,161
20,21,9:18:19,1,-1,1,AA7552,0,1,161
21,22,9:20:35,1,-1,-1,AA7552,0,1,85
12,13,9:46:38,1,-1,1,AA7552,0,2,91
13,14,9:47:28,1,-1,1,AA7552,0,2,40
14,15,9:49:35,1,-1,-1,AA7552,0,2,45
15,16,9:52:27,1,-1,1,AA7552,0,2,101
16,17,9:59:39,1,-1,1,AA7552,0,2,401
17,18,10:00:50,1,-1,1,AA7552,0,2,40
18,19,10:07:07,1,-1,2,AA7552,0,2,324
19,20,10:09:49,1,-1,2,AA7552,0,2,81
20,21,10:12:10,1,-1,1,AA7552,0,2,131
21,22,10:14:25,1,-1,-1,AA7552,0,2,92
0,1,11:05:16,1,-1,-1,AA7552,0,2,50
1,2,11:07:58,1,-1,2,AA7552,0,2,111
2,3,11:09:39,1,-1,2,AA7552,0,2,80
3,4,11:10:50,1,-1,1,AA7552,0,2,30
4,5,11:14:15,1,-1,1,AA7552,0,2,132
5,6,11:16:36,1,-1,1,AA7552,0,2,80
6,7,11:30:44,1,-1,1,AA7552,0,2,797
7,8,11:32:46,1,-1,2,AA7552,0,2,90
8,9,11:34:17,1,-1,1,AA7552,0,2,40
9,10,11:35:11,1,-1,1,AA7552,0,2,34
10,11,11:37:35,1,-1,1,AA7552,0,2,91
11,12,11:38:36,1,-1,1,AA7552,0,2,30
12,13,11:39:57,1,-1,1,AA7552,0,2,50
13,14,11:40:48,1,-1,1,AA7552,0,2,20
14,15,11:42:39,1,-1,-1,AA7552,0,2,50
15,16,11:46:13,1,-1,1,AA7552,0,2,133
16,17,11:53:04,1,-1,1,AA7552,0,2,360
17,18,11:54:18,1,-1,1,AA7552,0,2,31
18,19,12:00:45,1,-1,2,AA7552,0,2,346
19,20,12:03:37,1,-1,1,AA7552,0,2,101
20,21,12:07:10,1,-1,1,AA7552,0,2,202
21,22,12:09:15,1,-1,-1,AA7552,0,2,80
0,1,12:27:25,1,-1,-1,AA7552,0,2,71
1,2,12:29:47,1,-1,3,AA7552,0,2,111
2,3,12:33:52,1,-1,2,AA7552,0,2,154
3,4,12:36:45,1,-1,1,AA7552,0,2,111
4,5,12:39:57,1,-1,1,AA7552,0,2,142
5,6,12:41:29,1,-1,1,AA7552,0,2,10
6,7,12:50:08,1,-1,1,AA7552,0,2,468
7,8,12:52:09,1,-1,2,AA7552,0,2,101
8,9,12:53:34,1,-1,1,AA7552,0,2,40
9,10,12:54:37,1,-1,1,AA7552,0,2,32
10,11,12:57:49,1,-1,1,AA7552,0,2,131
11,12,12:58:54,1,-1,1,AA7552,0,2,20
12,13,13:00:25,1,-1,1,AA7552,0,2,60
13,14,13:01:56,1,-1,1,AA7552,0,2,40
14,15,13:03:37,1,-1,-1,AA7552,0,2,50
15,16,13:05:59,1,-1,1,AA7552,0,2,101
16,17,13:12:48,1,-1,1,AA7552,0,2,358
17,18,13:14:09,1,-1,1,AA7552,0,2,30
18,19,13:18:04,1,-1,2,AA7552,0,2,205
19,20,13:21:06,1,-1,1,AA7552,0,2,161
20,21,13:23:18,1,-1,1,AA7552,0,2,121
21,22,13:25:09,1,-1,-1,AA7552,0,2,101
0,1,13:37:14,1,-1,-1,AA7552,0,2,91
1,2,13:38:46,1,-1,2,AA7552,0,2,80
2,3,13:41:37,1,-1,2,AA7552,0,2,121
3,4,13:44:09,1,-1,1,AA7552,0,2,80
4,5,13:47:23,1,-1,1,AA7552,0,2,123
5,6,13:49:04,1,-1,1,AA7552,0,2,40
6,7,13:58:02,1,-1,1,AA7552,0,2,507
7,8,14:00:47,1,-1,2,AA7552,0,2,154
8,9,14:03:29,1,-1,1,AA7552,0,2,80
9,10,14:04:39,1,-1,1,AA7552,0,2,30
10,11,14:06:53,1,-1,1,AA7552,0,2,92
11,12,14:07:44,1,-1,1,AA7552,0,2,20
12,13,14:10:35,1,-1,1,AA7552,0,2,121
13,14,14:11:36,1,-1,1,AA7552,0,2,30
14,15,14:13:48,1,-1,-1,AA7552,0,2,40
15,16,14:16:19,1,-1,1,AA7552,0,2,80
16,17,14:23:08,1,-1,-1,AA7552,0,2,378
17,18,14:24:39,1,-1,-1,AA7552,0,2,50
18,19,14:30:12,1,-1,2,AA7552,0,2,275
19,20,14:34:56,1,-1,2,AA7552,0,2,161
20,21,14:39:12,1,-1,1,AA7552,0,2,245
21,22,14:41:03,1,-1,-1,AA7552,0,2,80
0,1,14:49:09,1,-1,-1,AA7552,0,2,10
1,3,14:53:05,1,-1,2,AA7552,1,2,215
3,4,14:55:26,1,-1,1,AA7552,0,2,121
4,5,14:58:48,1,-1,1,AA7552,0,2,131
5,6,15:00:19,1,-1,1,AA7552,0,2,30
6,7,15:09:59,1,-1,1,AA7552,0,2,539
7,8,15:12:24,1,-1,2,AA7552,0,2,134
8,9,15:14:16,1,-1,1,AA7552,0,2,60
9,10,15:14:57,1,-1,1,AA7552,0,2,30
10,11,15:17:04,1,-1,1,AA7552,0,2,106
11,12,15:19:35,1,-1,1,AA7552,0,2,101
14,15,15:26:34,1,-1,-1,AA7552,0,2,60
15,16,15:29:17,1,-1,1,AA7552,0,2,101
16,17,15:35:56,1,-1,1,AA7552,0,2,368
17,18,15:37:57,1,-1,1,AA7552,0,2,50
18,19,15:43:26,1,-1,3,AA7552,0,2,288
19,20,15:46:48,1,-1,1,AA7552,0,2,131
20,21,15:51:00,1,-1,1,AA7552,0,2,232
21,22,15:52:54,1,-1,-1,AA7552,0,2,80
0,1,15:04:34,1,5,-1,AB5264,0,2,80
1,2,15:06:47,1,5,2,AB5264,0,2,72
2,3,15:09:29,1,5,2,AB5264,0,2,80
3,4,15:12:03,1,4,1,AB5264,0,2,103
4,5,15:15:17,1,5,1,AB5264,0,2,131
5,6,15:16:43,1,5,1,AB5264,0,2,21
7,8,15:28:27,1,4,2,AB5264,0,2,142
8,9,15:30:18,1,4,1,AB5264,0,2,70
9,10,15:30:58,1,4,1,AB5264,0,2,30
10,11,15:33:00,1,4,1,AB5264,0,2,70
11,12,15:33:54,1,5,2,AB5264,0,2,20
12,13,15:37:27,1,5,2,AB5264,0,2,101
13,14,15:38:38,1,5,2,AB5264,0,2,50
14,15,15:40:34,1,5,-1,AB5264,0,2,43
15,16,15:43:26,1,5,1,AB5264,0,2,141
16,17,15:50:30,1,5,1,AB5264,0,2,383
17,18,15:52:23,1,5,1,AB5264,0,2,62
18,19,15:57:23,1,5,2,AB5264,0,2,269
19,20,16:00:05,1,5,1,AB5264,0,2,70
20,21,16:02:58,1,5,1,AB5264,0,2,112
21,22,16:06:13,1,-1,-1,AB5264,0,2,123
0,1,16:18:26,1,2,-1,AB5264,0,2,70
1,2,16:19:47,1,2,2,AB5264,0,2,30
2,3,16:22:38,1,2,2,AB5264,0,2,101
3,4,16:25:32,1,2,1,AB5264,0,2,112
4,5,16:29:04,1,2,1,AB5264,0,2,151
5,6,16:31:36,1,1,1,AB5264,0,2,111
6,7,16:40:07,1,2,1,AB5264,0,2,481
7,8,16:41:48,1,2,2,AB5264,0,2,90
8,9,16:43:29,1,2,1,AB5264,0,2,70
9,10,16:44:10,1,2,1,AB5264,0,2,30
10,11,16:46:44,1,2,1,AB5264,0,2,121
11,12,16:47:34,1,2,1,AB5264,0,2,30
12,13,16:49:15,1,2,1,AB5264,0,2,80
13,14,16:50:57,1,2,1,AB5264,0,2,70
14,15,16:53:29,1,2,-1,AB5264,0,2,30
15,16,16:57:04,1,2,1,AB5264,0,2,185
16,17,17:03:29,1,2,2,AB5264,0,2,354
17,18,17:04:53,1,3,1,AB5264,0,2,20
18,19,17:11:17,1,3,3,AB5264,0,2,333
19,20,17:14:59,1,3,1,AB5264,0,2,70
20,21,17:17:35,1,4,1,AB5264,0,2,95
21,22,17:20:06,1,-1,-1,AB5264,0,2,101
0,1,17:37:47,1,0,-1,AB5264,0,2,40
1,2,17:40:28,1,0,3,AB5264,0,2,60
2,3,17:43:54,1,0,3,AB5264,0,2,124
3,4,17:46:16,1,0,1,AB5264,0,2,101
4,5,17:49:58,1,0,1,AB5264,0,2,131
5,6,17:51:49,1,0,1,AB5264,0,2,40
6,8,18:03:04,1,0,2,AB5264,1,2,644
8,9,18:05:56,1,0,1,AB5264,0,2,141
9,10,18:07:07,1,0,1,AB5264,0,2,30
10,11,18:14:46,1,1,1,AB5264,0,2,408
11,12,18:16:07,1,1,2,AB5264,0,2,30
12,13,18:18:29,1,2,1,AB5264,0,2,101
13,14,18:20:25,1,2,3,AB5264,0,2,74
14,15,18:23:48,1,1,-1,AB5264,0,2,40
15,16,18:26:35,1,2,1,AB5264,0,2,147
16,17,18:34:35,1,4,3,AB5264,0,2,388
17,18,18:36:26,1,4,1,AB5264,0,2,40
18,19,18:45:46,1,4,3,AB5264,0,2,489
19,20,18:53:06,1,4,2,AB5264,0,2,257
20,21,18:58:29,1,4,2,AB5264,0,2,252
21,22,19:01:46,1,-1,-1,AB5264,0,2,131
0,1,19:07:50,1,0,-1,AB5264,0,2,40
1,2,19:09:34,1,1,3,AB5264,0,2,50
2,3,19:12:26,1,1,2,AB5264,0,2,121
3,4,19:13:51,1,0,1,AB5264,0,2,34
4,5,19:17:45,1,0,2,AB5264,0,2,151
5,6,19:19:26,1,0,1,AB5264,0,2,50
6,7,19:31:26,1,0,1,AB5264,0,2,669
7,8,19:34:18,1,0,2,AB5264,0,2,141
8,9,19:35:49,1,0,1,AB5264,0,2,50
9,10,19:36:44,1,0,1,AB5264,0,2,24
10,11,19:41:07,1,2,1,AB5264,0,2,90
11,12,19:42:08,1,3,1,AB5264,0,2,30
12,13,19:43:59,1,3,1,AB5264,0,2,80
13,14,19:45:19,1,3,2,AB5264,0,2,40
14,15,19:47:22,1,4,-1,AB5264,0,2,20
15,16,19:49:57,1,4,1,AB5264,0,2,121
16,17,19:57:16,1,4,1,AB5264,0,2,367
17,18,19:59:57,1,4,1,AB5264,0,2,121
18,19,20:11:39,1,4,2,AB5264,0,4,651
19,20,20:15:25,1,4,1,AB5264,0,4,111
20,21,20:18:07,1,5,1,AB5264,0,4,141
21,22,20:20:29,1,-1,-1,AB5264,0,4,90
0,1,21:20:44,1,1,-1,AB5264,0,4,94
1,2,21:22:05,1,1,2,AB5264,0,4,40
2,3,21:23:36,1,1,2,AB5264,0,4,50
3,4,21:25:58,1,1,1,AB5264,0,4,101
4,5,21:28:40,1,0,1,AB5264,0,4,121
5,6,21:30:35,1,0,1,AB5264,0,2,30
6,7,21:39:49,1,0,1,AB5264,0,2,503
7,8,21:41:35,1,0,1,AB5264,0,2,85
8,9,21:43:16,1,0,1,AB5264,0,2,70
9,10,21:44:06,1,0,1,AB5264,0,2,30
10,11,21:46:08,1,1,1,AB5264,0,2,50
11,12,21:47:18,1,2,1,AB5264,0,2,30
12,13,21:50:08,1,4,1,AB5264,0,2,88
13,14,21:50:58,1,4,1,AB5264,0,2,30
14,15,21:52:29,1,4,-1,AB5264,0,2,20
15,16,21:54:45,1,4,1,AB5264,0,2,85
16,17,22:02:35,1,3,1,AB5264,0,2,378
17,18,22:03:35,1,3,1,AB5264,0,2,20
18,19,22:07:45,1,3,2,AB5264,0,2,209
19,20,22:12:29,1,3,1,AB5264,0,2,121
20,21,22:14:44,1,3,1,AB5264,0,4,104
21,22,22:17:26,1,-1,-1,AB5264,0,4,91
1,2,22:27:15,1,1,1,AB5264,0,4,80
2,3,22:29:47,1,1,2,AB5264,0,4,40
3,4,22:32:09,1,0,1,AB5264,0,4,60
4,5,22:34:44,1,0,1,AB5264,0,4,121
5,6,22:35:55,1,0,1,AB5264,0,4,30
6,7,22:44:22,1,0,1,AB5264,0,4,476
7,8,22:46:34,1,0,1,AB5264,0,4,122
8,9,22:48:05,1,0,1,AB5264,0,4,70
9,10,22:49:16,1,0,1,AB5264,0,4,30
10,11,22:50:37,1,0,1,AB5264,0,4,50
11,12,22:51:28,1,0,1,AB5264,0,4,30
12,13,22:53:09,1,1,1,AB5264,0,4,60
13,14,22:54:19,1,1,1,AB5264,0,4,30
14,15,22:55:34,1,1,-1,AB5264,0,4,23
15,16,22:57:35,1,1,1,AB5264,0,4,101
16,17,23:04:24,1,1,1,AB5264,0,4,368
17,18,23:05:55,1,2,1,AB5264,0,4,30
18,19,23:10:18,1,2,2,AB5264,0,4,212
19,20,23:12:40,1,2,1,AB5264,0,4,60
20,21,23:15:34,1,2,1,AB5264,0,4,154
21,22,23:18:15,1,-1,-1,AB5264,0,4,80
0,1,23:36:33,1,1,-1,AB5264,0,4,60
1,2,23:38:04,1,1,1,AB5264,0,4,40
2,3,23:39:55,1,1,1,AB5264,0,4,50
3,4,23:42:07,1,0,1,AB5264,0,4,101
4,5,23:44:48,1,0,1,AB5264,0,4,141
5,6,23:45:59,1,0,1,AB5264,0,4,30
6,7,23:54:45,1,0,1,AB5264,0,4,491
7,8,23:57:07,1,0,2,AB5264,0,4,111
8,9,23:58:58,1,1,1,AB5264,0,4,70
9,10,23:59:49,1,1,1,AB5264,0,4,20
0,1,10:29:38,1,-1,-1,AB5413,0,2,70
1,2,10:31:29,1,-1,-1,AB5413,0,2,60
2,3,10:33:34,1,-1,-1,AB5413,0,2,60
3,4,10:34:55,1,-1,-1,AB5413,0,2,30
4,5,10:38:38,1,-1,1,AB5413,0,2,151
5,6,10:40:09,1,-1,1,AB5413,0,2,40
6,7,10:49:58,1,-1,1,AB5413,0,2,559
7,8,10:51:39,1,-1,2,AB5413,0,2,91
8,9,10:52:54,1,-1,1,AB5413,0,2,54
9,10,10:53:35,1,-1,1,AB5413,0,2,20
10,11,10:55:17,1,-1,1,AB5413,0,2,60
11,12,10:55:47,1,-1,1,AB5413,0,2,20
12,13,10:57:48,1,-1,1,AB5413,0,2,80
13,14,10:58:39,1,-1,1,AB5413,0,2,40
14,15,10:59:40,1,-1,-1,AB5413,0,2,20
15,16,11:02:13,1,-1,1,AB5413,0,2,113
16,17,11:09:08,1,-1,1,AB5413,0,2,364
17,18,11:10:39,1,-1,1,AB5413,0,2,50
18,19,11:20:43,1,-1,-1,AB5413,0,2,500
19,20,11:23:15,1,-1,-1,AB5413,0,2,121
20,21,11:26:47,1,-1,1,AB5413,0,2,131
21,22,11:29:19,1,-1,-1,AB5413,0,2,141
0,1,12:14:40,1,-1,-1,AB5413,0,2,151
1,2,12:17:05,1,-1,3,AB5413,0,2,60
2,3,12:20:28,1,-1,3,AB5413,0,2,192
3,4,12:23:09,1,-1,3,AB5413,0,2,60
4,5,12:27:05,1,-1,1,AB5413,0,2,152
5,6,12:28:16,1,-1,1,AB5413,0,2,20
6,7,12:37:15,1,-1,1,AB5413,0,2,488
7,8,12:39:47,1,-1,2,AB5413,0,2,121
8,9,12:41:18,1,-1,1,AB5413,0,2,70
9,10,12:42:09,1,-1,1,AB5413,0,2,30
10,11,12:44:34,1,-1,1,AB5413,0,2,124
11,12,12:45:45,1,-1,1,AB5413,0,2,30
12,13,12:47:16,1,-1,1,AB5413,0,2,60
13,14,12:48:27,1,-1,1,AB5413,0,2,40
14,15,12:50:08,1,-1,-1,AB5413,0,2,40
15,16,12:51:59,1,-1,1,AB5413,0,2,70
16,17,12:59:04,1,-1,1,AB5413,0,2,370
17,18,13:00:25,1,-1,1,AB5413,0,2,50
18,19,13:04:48,1,-1,2,AB5413,0,2,232
19,20,13:07:32,1,-1,1,AB5413,0,2,52
20,21,13:11:27,1,-1,1,AB5413,0,2,172
21,22,13:13:28,1,-1,-1,AB5413,0,2,90
0,1,13:26:00,1,-1,-1,AB5413,0,2,50
1,2,13:27:45,1,-1,2,AB5413,0,2,60
2,3,13:30:17,1,-1,2,AB5413,0,2,60
3,4,13:33:09,1,-1,1,AB5413,0,2,70
4,5,13:36:54,1,-1,1,AB5413,0,2,131
5,6,13:38:15,1,-1,1,AB5413,0,2,20
6,7,13:47:23,1,-1,2,AB5413,0,2,487
7,8,13:50:05,1,-1,2,AB5413,0,2,141
8,9,13:51:16,1,-1,1,AB5413,0,2,40
9,10,13:52:06,1,-1,1,AB5413,0,2,30
10,11,13:54:08,1,-1,1,AB5413,0,2,111
11,12,13:54:48,1,-1,1,AB5413,0,2,20
12,13,13:57:10,1,-1,1,AB5413,0,2,111
13,14,13:58:34,1,-1,1,AB5413,0,2,42
14,15,13:59:45,1,-1,-1,AB5413,0,2,30
15,16,14:01:48,1,-1,1,AB5413,0,2,81
16,17,14:09:04,1,-1,1,AB5413,0,2,366
17,18,14:10:46,1,-1,1,AB5413,0,2,50
18,19,14:16:19,1,-1,2,AB5413,0,2,272
19,20,14:19:16,1,-1,1,AB5413,0,2,50
21,22,14:24:19,1,-1,-1,AB5413,0,2,91
0,1,9:16:58,1,0,-1,AB5444,0,1,60
1,2,9:18:29,1,0,3,AB5444,0,1,10
2,3,9:21:47,1,0,3,AB5444,0,1,187
3,4,9:24:49,1,0,1,AB5444,0,2,70
4,5,9:28:39,1,0,1,AB5444,0,2,139
5,6,9:30:45,1,0,1,AB5444,0,2,40
6,7,9:40:34,1,0,1,AB5444,0,2,527
7,8,9:43:06,1,0,2,AB5444,0,2,111
8,9,9:45:37,1,0,1,AB5444,0,2,131
9,10,9:46:48,1,0,1,AB5444,0,2,30
10,11,9:49:20,1,0,1,AB5444,0,2,111
11,12,9:50:15,1,0,1,AB5444,0,2,30
12,13,9:52:17,1,0,1,AB5444,0,2,80
13,14,9:53:38,1,0,1,AB5444,0,2,50
14,15,9:54:59,1,0,-1,AB5444,0,2,30
15,16,9:57:18,1,0,1,AB5444,0,2,98
16,17,10:04:45,1,0,1,AB5444,0,2,407
17,18,10:06:16,1,0,1,AB5444,0,2,60
18,19,10:12:21,1,0,2,AB5444,0,2,323
19,20,10:15:26,1,0,1,AB5444,0,2,142
20,21,10:19:18,1,0,1,AB5444,0,2,222
21,22,10:21:40,1,-1,-1,AB5444,0,2,101
0,1,10:36:16,1,0,-1,AB5444,0,2,30
1,3,10:41:30,1,0,3,AB5444,1,2,252
3,4,10:44:35,1,0,1,AB5444,0,2,121
4,5,10:48:17,1,0,1,AB5444,0,2,131
5,6,10:49:48,1,0,1,AB5444,0,2,40
6,7,11:00:00,1,0,1,AB5444,0,2,571
7,8,11:01:43,1,0,2,AB5444,0,2,93
8,9,11:03:55,1,0,1,AB5444,0,2,111
9,10,11:04:55,1,0,1,AB5444,0,2,30
10,11,11:07:47,1,0,1,AB5444,0,2,151
11,12,11:08:48,1,0,1,AB5444,0,2,20
12,13,11:09:59,1,0,1,AB5444,0,2,60
13,14,11:10:50,1,0,1,AB5444,0,2,30
14,15,11:12:34,1,0,-1,AB5444,0,2,41
15,16,11:15:25,1,0,1,AB5444,0,2,121
16,17,11:22:45,1,0,-1,AB5444,0,2,398
17,18,11:24:36,1,0,-1,AB5444,0,2,70
18,19,11:31:35,1,0,2,AB5444,0,2,358
19,21,11:36:24,1,0,1,AB5444,1,2,279
21,22,11:38:36,1,-1,-1,AB5444,0,2,91
0,1,11:47:14,1,0,-1,AB5444,0,2,80
1,2,11:49:19,1,0,2,AB5444,0,2,74
2,3,11:52:04,1,0,2,AB5444,0,2,71
3,4,11:54:28,1,0,1,AB5444,0,2,83
4,18,12:10:07,1,0,1,AB5444,1,2,847
6,7,12:20:28,1,0,1,AB5444,0,2,580
7,8,12:23:42,1,0,2,AB5444,0,2,184
8,9,12:24:53,1,0,1,AB5444,0,2,40
9,10,12:25:53,1,0,1,AB5444,0,2,30
10,11,12:28:06,1,0,1,AB5444,0,2,112
11,12,12:28:57,1,0,1,AB5444,0,2,20
12,13,12:31:18,1,0,1,AB5444,0,2,101
13,14,12:32:09,1,0,1,AB5444,0,2,40
14,15,12:33:52,1,0,-1,AB5444,0,2,42
15,16,12:37:15,1,0,1,AB5444,0,2,162
16,17,12:44:24,1,0,1,AB5444,0,2,398
17,18,12:45:55,1,0,1,AB5444,0,2,30
18,19,12:51:29,1,0,2,AB5444,0,2,273
19,20,12:54:57,1,0,1,AB5444,0,2,133
20,21,12:57:49,1,0,1,AB5444,0,2,162
21,22,12:59:55,1,-1,-1,AB5444,0,2,80
0,1,15:41:45,1,1,-1,AC3672,0,2,60
1,2,15:44:06,1,1,2,AC3672,0,2,101
2,3,15:45:27,1,1,2,AC3672,0,2,40
3,4,15:47:38,1,1,1,AC3672,0,2,100
4,5,15:50:40,1,1,1,AC3672,0,2,151
5,6,15:52:23,1,1,1,AC3672,0,2,30
6,7,16:02:27,1,1,1,AC3672,0,2,553
7,8,16:04:29,1,1,1,AC3672,0,2,111
8,9,16:05:42,1,1,1,AC3672,0,2,52
9,10,16:06:23,1,1,1,AC3672,0,2,30
10,11,16:08:55,1,1,1,AC3672,0,2,111
11,12,16:09:36,1,1,1,AC3672,0,2,20
12,13,16:11:17,1,2,1,AC3672,0,2,70
13,14,16:12:28,1,2,2,AC3672,0,2,40
14,15,16:14:49,1,2,-1,AC3672,0,2,40
15,16,16:16:55,1,2,1,AC3672,0,2,90
16,17,16:23:19,1,2,1,AC3672,0,2,373
17,18,16:24:29,1,2,1,AC3672,0,2,40
18,19,16:28:54,1,2,2,AC3672,0,2,244
19,21,16:34:07,1,3,1,AC3672,1,2,232
21,22,16:36:18,1,-1,-1,AC3672,0,2,90
0,1,16:48:04,1,3,-1,AC3672,0,2,91
1,2,16:50:06,1,4,2,AC3672,0,2,40
2,3,16:52:58,1,4,2,AC3672,0,2,121
3,4,16:55:00,1,4,1,AC3672,0,2,80
4,5,16:59:16,1,4,1,AC3672,0,2,224
5,6,17:00:37,1,4,1,AC3672,0,2,30
6,7,17:11:07,1,4,1,AC3672,0,2,598
7,8,17:13:28,1,4,2,AC3672,0,2,131
8,9,17:15:09,1,5,1,AC3672,0,2,70
9,10,17:15:49,1,5,1,AC3672,0,2,30
10,11,17:17:24,1,5,1,AC3672,0,2,74
11,12,17:18:25,1,5,1,AC3672,0,2,20
12,13,17:19:46,1,5,1,AC3672,0,2,60
13,14,17:20:57,1,5,1,AC3672,0,2,30
14,15,17:22:28,1,5,-1,AC3672,0,2,30
15,16,17:25:15,1,5,1,AC3672,0,2,137
16,17,17:33:02,1,5,2,AC3672,0,2,416
17,18,17:34:45,1,5,1,AC3672,0,2,60
18,19,17:40:59,1,5,2,AC3672,0,2,333
19,21,17:47:16,1,5,1,AC3672,1,2,317
21,22,17:49:28,1,-1,-1,AC3672,0,2,90
0,1,18:04:15,1,1,-1,AC3672,0,2,30
1,3,18:08:18,1,2,2,AC3672,1,2,141
3,4,18:11:34,1,2,1,AC3672,0,2,165
4,5,18:14:56,1,2,2,AC3672,0,2,152
5,6,18:16:27,1,2,1,AC3672,0,2,30
6,7,18:33:34,1,2,1,AC3672,0,2,945
7,8,18:35:15,1,2,2,AC3672,0,2,91
8,9,18:36:26,1,2,1,AC3672,0,2,50
9,10,18:37:06,1,2,1,AC3672,0,2,30
10,11,18:40:39,1,3,1,AC3672,0,2,161
11,12,18:41:50,1,3,2,AC3672,0,2,30
12,13,18:45:26,1,4,1,AC3672,0,2,164
13,14,18:46:36,1,4,3,AC3672,0,2,50
14,15,18:48:58,1,4,-1,AC3672,0,2,40
15,16,18:51:30,1,4,1,AC3672,0,2,101
16,17,18:58:09,1,5,3,AC3672,0,2,359
17,18,19:01:15,1,5,1,AC3672,0,2,125
18,19,19:13:51,1,5,3,AC3672,0,2,624
19,20,19:16:34,1,5,1,AC3672,0,2,71
20,21,19:20:27,1,5,1,AC3672,0,2,222
21,22,19:22:28,1,-1,-1,AC3672,0,2,101
0,1,19:31:26,1,1,-1,AC3672,0,2,50
1,3,19:34:18,1,1,2,AC3672,1,2,121
3,4,19:36:20,1,2,1,AC3672,0,2,30
4,5,19:40:06,1,2,1,AC3672,0,2,141
5,6,19:41:07,1,2,1,AC3672,0,2,10
6,7,19:49:57,1,2,1,AC3672,0,2,499
7,8,19:51:28,1,2,2,AC3672,0,2,70
8,9,19:53:12,1,2,1,AC3672,0,2,73
9,10,19:53:53,1,2,1,AC3672,0,2,31
10,11,19:55:24,1,2,1,AC3672,0,2,60
11,12,19:56:05,1,2,1,AC3672,0,2,20
12,13,19:57:56,1,2,1,AC3672,0,2,60
13,14,19:58:57,1,2,1,AC3672,0,2,30
14,15,20:00:18,1,3,-1,AC3672,0,2,40
15,16,20:02:29,1,3,1,AC3672,0,2,80
16,17,20:08:57,1,3,2,AC3672,0,2,367
17,18,20:10:28,1,3,1,AC3672,0,2,60
18,19,20:17:27,1,3,2,AC3672,0,4,368
19,20,20:20:29,1,3,1,AC3672,0,4,151
20,21,20:21:49,1,3,1,AC3672,0,2,70
21,22,20:24:44,1,-1,-1,AC3672,0,2,83
0,1,15:31:49,1,0,-1,AC4098,0,2,70
1,2,15:33:20,1,0,2,AC4098,0,2,50
2,3,15:35:56,1,0,2,AC4098,0,2,101
3,4,15:38:38,1,0,1,AC4098,0,2,90
4,5,15:42:15,1,0,1,AC4098,0,2,134
5,6,15:43:46,1,0,1,AC4098,0,2,40
6,7,15:53:34,1,0,1,AC4098,0,2,547
7,8,15:56:03,1,0,2,AC4098,0,2,138
8,9,15:57:13,1,0,1,AC4098,0,2,40
9,10,15:57:54,1,0,1,AC4098,0,2,20
10,11,15:59:15,1,0,1,AC4098,0,2,50
11,12,16:00:46,1,0,1,AC4098,0,2,40
12,13,16:02:17,1,0,1,AC4098,0,2,81
13,14,16:03:59,1,0,1,AC4098,0,2,80
14,15,16:06:13,1,0,-1,AC4098,0,2,52
15,16,16:08:55,1,0,1,AC4098,0,2,132
16,17,16:16:04,1,0,2,AC4098,0,2,378
17,18,16:17:15,1,0,1,AC4098,0,2,30
18,19,16:23:49,1,0,2,AC4098,0,2,353
19,20,16:26:12,1,0,1,AC4098,0,2,112
20,21,16:29:24,1,0,1,AC4098,0,2,121
21,22,16:31:15,1,-1,-1,AC4098,0,2,90
0,1,7:04:23,1,-1,-1,MZ8441,0,1,82
1,2,7:06:34,1,-1,2,MZ8441,0,1,90
2,3,7:08:25,1,-1,2,MZ8441,0,1,30
3,4,7:10:27,1,-1,1,MZ8441,0,1,70
4,5,7:13:09,1,-1,1,MZ8441,0,1,131
5,6,7:14:30,1,-1,1,MZ8441,0,1,20
6,7,7:23:05,1,-1,2,MZ8441,0,1,474
7,8,7:25:42,1,-1,2,MZ8441,0,1,112
8,9,7:27:03,1,-1,1,MZ8441,0,1,51
9,10,7:27:55,1,-1,1,MZ8441,0,1,31
10,11,7:29:47,1,-1,1,MZ8441,0,1,80
11,12,7:30:38,1,-1,1,MZ8441,0,1,30
12,13,7:32:00,1,-1,1,MZ8441,0,1,61
13,14,7:32:53,1,-1,1,MZ8441,0,1,32
14,15,7:34:14,1,-1,-1,MZ8441,0,1,40
15,16,7:38:08,1,-1,1,MZ8441,0,1,204
16,17,7:46:48,1,-1,1,MZ8441,0,1,448
17,18,7:48:09,1,-1,1,MZ8441,0,1,30
18,19,7:54:28,1,-1,3,MZ8441,0,1,314
19,20,7:58:14,1,-1,2,MZ8441,0,1,155
20,21,8:00:06,1,-1,1,MZ8441,0,1,101
21,22,8:01:37,1,-1,-1,MZ8441,0,1,50
0,1,7:27:18,2,-1,-1,AA6835,0,2,1975
1,2,7:29:52,2,-1,2,AA6835,0,2,42
2,3,7:32:05,2,-1,2,AA6835,0,2,10
3,4,7:34:57,2,-1,1,AA6835,0,2,91
4,5,7:39:16,2,-1,1,AA6835,0,4,157
5,6,7:40:37,2,-1,1,AA6835,0,4,20
6,7,7:49:35,2,-1,1,AA6835,0,4,508
7,8,7:51:27,2,-1,2,AA6835,0,4,101
8,9,7:52:48,2,-1,1,AA6835,0,4,50
9,10,7:54:09,2,-1,1,AA6835,0,2,20
10,11,7:55:47,2,-1,1,AA6835,0,2,67
11,12,7:56:37,2,-1,1,AA6835,0,2,30
12,13,7:58:08,2,-1,1,AA6835,0,2,70
13,14,7:58:49,2,-1,1,AA6835,0,2,30
14,15,8:00:40,2,-1,-1,AA6835,0,2,60
15,16,8:04:04,2,-1,1,AA6835,0,2,173
16,17,8:11:30,2,-1,1,AA6835,0,2,375
17,18,8:12:52,2,-1,1,AA6835,0,2,30
18,19,8:18:09,2,-1,3,AA6835,0,2,256
19,22,8:30:36,2,-1,-1,AA6835,2,2,661
0,1,8:42:07,2,-1,-1,AA6835,0,2,661
1,2,8:44:29,2,-1,3,AA6835,0,2,60
2,3,8:48:24,2,-1,3,AA6835,0,2,163
3,4,8:54:18,2,-1,1,AA6835,0,2,182
4,5,8:59:15,2,-1,1,AA6835,0,2,216
5,6,9:00:46,2,-1,1,AA6835,0,2,20
6,7,9:10:07,2,-1,2,AA6835,0,2,510
7,8,9:12:09,2,-1,2,AA6835,0,2,111
8,9,9:13:45,2,-1,1,AA6835,0,2,55
9,10,9:14:25,2,-1,1,AA6835,0,2,20
10,11,9:17:07,2,-1,1,AA6835,0,2,151
11,12,9:17:47,2,-1,1,AA6835,0,2,30
12,13,9:19:59,2,-1,2,AA6835,0,2,111
13,14,9:21:10,2,-1,1,AA6835,0,2,40
14,15,9:22:32,2,-1,-1,AA6835,0,2,42
15,16,9:25:25,2,-1,1,AA6835,0,2,111
16,17,9:32:11,2,-1,1,AA6835,0,2,366
17,18,9:33:24,2,-1,1,AA6835,0,2,30
18,19,9:40:04,2,-1,2,AA6835,0,2,370
19,20,9:42:27,2,-1,2,AA6835,0,2,61
0,1,9:59:36,2,-1,-1,AA6835,0,2,652
1,2,10:02:08,2,-1,3,AA6835,0,2,131
2,3,10:03:49,2,-1,2,AA6835,0,2,20
3,4,10:06:37,2,-1,1,AA6835,0,2,157
4,5,10:10:09,2,-1,2,AA6835,0,2,131
5,6,10:11:30,2,-1,1,AA6835,0,2,20
6,7,10:26:14,2,-1,1,AA6835,0,2,843
7,8,10:29:16,2,-1,2,AA6835,0,2,131
8,9,10:31:58,2,-1,1,AA6835,0,2,121
9,10,10:32:49,2,-1,1,AA6835,0,2,40
10,11,10:35:00,2,-1,1,AA6835,0,2,121
11,12,10:35:53,2,-1,1,AA6835,0,2,20
12,13,10:37:14,2,-1,1,AA6835,0,2,60
13,14,10:38:25,2,-1,1,AA6835,0,2,30
14,15,10:40:06,2,-1,-1,AA6835,0,2,30
15,16,10:42:58,2,-1,1,AA6835,0,2,91
16,17,10:50:15,2,-1,1,AA6835,0,2,385
17,18,10:51:25,2,-1,1,AA6835,0,2,30
18,19,10:56:20,2,-1,2,AA6835,0,2,252
19,21,11:02:26,2,-1,1,AA6835,1,2,263
21,22,11:04:18,2,-1,-1,AA6835,0,2,81
0,1,11:15:09,2,-1,-1,AA6835,0,2,620
1,2,11:17:20,2,-1,2,AA6835,0,2,50
2,3,11:19:44,2,-1,2,AA6835,0,2,72
3,4,11:22:15,2,-1,1,AA6835,0,2,60
4,5,11:26:18,2,-1,1,AA6835,0,2,131
5,6,11:28:00,2,-1,1,AA6835,0,2,30
6,7,11:37:00,2,-1,1,AA6835,0,2,499
7,8,11:38:53,2,-1,2,AA6835,0,2,103
8,9,11:41:05,2,-1,-1,AA6835,0,2,91
9,10,11:41:56,2,-1,-1,AA6835,0,2,31
10,11,11:44:18,2,-1,-1,AA6835,0,2,101
11,12,11:45:19,2,-1,1,AA6835,0,2,30
12,13,11:47:01,2,-1,1,AA6835,0,2,51
13,14,11:48:02,2,-1,1,AA6835,0,2,30
14,15,11:49:34,2,-1,-1,AA6835,0,2,40
15,16,11:52:27,2,-1,1,AA6835,0,2,111
16,17,11:59:44,2,-1,1,AA6835,0,2,387
17,18,12:00:45,2,-1,1,AA6835,0,2,30
18,19,12:05:09,2,-1,2,AA6835,0,2,213
19,20,12:07:21,2,-1,1,AA6835,0,2,60
20,21,12:09:25,2,-1,1,AA6835,0,2,80
21,22,12:11:46,2,-1,-1,AA6835,0,2,101
0,1,14:38:16,2,-1,-1,AA6835,0,4,50
1,2,14:40:27,2,-1,3,AA6835,0,4,30
2,3,14:42:18,2,-1,3,AA6835,0,4,30
3,4,14:48:16,2,-1,1,AA6835,0,4,222
4,5,14:52:08,2,-1,2,AA6835,0,4,131
5,6,14:53:29,2,-1,1,AA6835,0,4,20
6,7,15:08:22,2,-1,1,AA6835,0,4,840
7,8,15:10:36,2,-1,1,AA6835,0,4,101
8,9,15:12:18,2,-1,1,AA6835,0,4,81
9,10,15:13:08,2,-1,1,AA6835,0,4,30
10,11,15:17:23,2,-1,1,AA6835,0,4,244
11,12,15:18:15,2,-1,2,AA6835,0,4,30
12,13,15:22:08,2,-1,2,AA6835,0,4,101
13,14,15:24:40,2,-1,2,AA6835,0,4,101
14,15,15:26:55,2,-1,-1,AA6835,0,4,104
15,16,15:29:37,2,-1,1,AA6835,0,4,81
16,17,15:37:05,2,-1,3,AA6835,0,4,396
17,18,15:38:26,2,-1,1,AA6835,0,4,40
18,19,15:48:58,2,-1,2,AA6835,0,4,601
19,20,15:51:29,2,-1,1,AA6835,0,4,70
20,21,15:54:04,2,-1,1,AA6835,0,4,114
21,22,15:56:17,2,-1,-1,AA6835,0,4,102
0,1,16:02:25,2,-1,-1,AA6835,0,4,104
1,2,16:05:07,2,-1,2,AA6835,0,4,91
2,3,16:08:29,2,-1,2,AA6835,0,4,121
3,4,16:11:25,2,-1,1,AA6835,0,4,134
4,5,16:14:37,2,-1,2,AA6835,0,4,121
5,6,16:15:58,2,-1,1,AA6835,0,4,30
6,8,16:31:57,2,-1,2,AA6835,1,4,918
8,9,16:33:17,2,-1,1,AA6835,0,4,50
9,10,16:34:08,2,-1,1,AA6835,0,4,30
10,11,16:37:03,2,-1,1,AA6835,0,4,113
11,12,16:38:03,2,-1,1,AA6835,0,4,20
12,13,16:39:55,2,-1,1,AA6835,0,4,80
13,14,16:43:27,2,-1,2,AA6835,0,4,192
14,15,16:47:51,2,-1,-1,AA6835,0,4,203
15,16,16:50:25,2,-1,1,AA6835,0,4,113
16,17,16:57:52,2,-1,1,AA6835,0,4,385
17,18,16:59:03,2,-1,1,AA6835,0,4,20
18,19,17:04:27,2,-1,3,AA6835,0,4,273
19,20,17:08:20,2,-1,1,AA6835,0,4,182
20,21,17:11:15,2,-1,1,AA6835,0,2,142
21,22,17:13:48,2,-1,-1,AA6835,0,2,81
0,1,17:22:50,2,-1,-1,AA6835,0,2,100
1,2,17:24:34,2,-1,3,AA6835,0,2,92
2,4,17:32:49,2,-1,1,AA6835,1,2,414
4,5,17:36:04,2,-1,1,AA6835,0,2,123
5,6,17:37:25,2,-1,1,AA6835,0,2,30
6,7,17:47:18,2,-1,1,AA6835,0,2,562
7,8,17:50:00,2,-1,2,AA6835,0,2,151
8,9,17:51:45,2,-1,1,AA6835,0,2,64
9,10,17:52:45,2,-1,1,AA6835,0,2,30
10,11,17:57:08,2,-1,1,AA6835,0,2,212
11,12,17:58:19,2,-1,1,AA6835,0,2,30
12,13,18:00:41,2,-1,1,AA6835,0,2,101
13,14,18:02:02,2,-1,2,AA6835,0,2,40
14,15,18:06:29,2,-1,-1,AA6835,0,2,70
15,16,18:11:36,2,-1,1,AA6835,0,2,267
16,17,18:19:34,2,-1,3,AA6835,0,2,417
17,18,18:21:25,2,-1,1,AA6835,0,2,50
18,19,18:38:00,2,-1,3,AA6835,0,2,943
19,21,18:44:48,2,-1,1,AA6835,1,2,262
21,22,18:47:20,2,-1,-1,AA6835,0,2,101
0,2,18:57:35,2,-1,2,AA6835,1,2,257
2,3,18:59:06,2,-1,2,AA6835,0,2,50
3,4,19:01:58,2,-1,1,AA6835,0,2,131
4,5,19:05:10,2,-1,2,AA6835,0,2,131
5,6,19:06:35,2,-1,2,AA6835,0,2,30
6,7,19:20:08,2,-1,1,AA6835,0,2,773
7,8,19:22:40,2,-1,2,AA6835,0,2,121
8,9,19:24:55,2,-1,1,AA6835,0,2,71
9,10,19:25:56,2,-1,1,AA6835,0,2,40
10,12,19:30:42,2,-1,1,AA6835,1,2,266
12,13,19:33:26,2,-1,1,AA6835,0,2,152
13,14,19:35:58,2,-1,2,AA6835,0,2,80
14,15,19:38:42,2,-1,-1,AA6835,0,2,123
15,16,19:41:45,2,-1,-1,AA6835,0,2,142
16,17,19:49:00,2,-1,3,AA6835,0,2,374
17,18,19:50:21,2,-1,1,AA6835,0,2,20
18,19,19:54:57,2,-1,3,AA6835,0,2,232
19,20,19:59:15,2,-1,1,AA6835,0,2,146
20,21,20:01:47,2,-1,1,AA6835,0,2,91
21,22,20:03:48,2,-1,-1,AA6835,0,2,91
0,1,20:48:35,2,-1,-1,AA6835,0,2,193
1,3,20:52:18,2,-1,2,AA6835,1,2,212
3,4,20:54:54,2,-1,1,AA6835,0,2,104
4,5,20:57:29,2,-1,3,AA6835,0,2,125
5,6,20:58:44,2,-1,1,AA6835,0,2,24
6,7,21:09:25,2,-1,1,AA6835,0,2,620
7,8,21:11:27,2,-1,1,AA6835,0,2,111
8,9,21:12:48,2,-1,1,AA6835,0,2,40
9,10,21:13:48,2,-1,1,AA6835,0,2,30
10,11,21:15:19,2,-1,1,AA6835,0,2,60
11,12,21:16:10,2,-1,1,AA6835,0,2,20
12,13,21:17:43,2,-1,1,AA6835,0,2,60
13,14,21:18:54,2,-1,1,AA6835,0,2,40
14,15,21:20:35,2,-1,-1,AA6835,0,2,91
15,16,21:23:17,2,-1,1,AA6835,0,2,131
16,17,21:30:37,2,-1,1,AA6835,0,2,399
17,18,21:31:48,2,-1,1,AA6835,0,2,30
18,19,21:36:35,2,-1,2,AA6835,0,2,256
19,20,21:39:17,2,-1,1,AA6835,0,2,151
20,21,21:42:42,2,-1,1,AA6835,0,2,194
21,22,21:45:34,2,-1,-1,AA6835,0,2,91
0,1,21:56:18,2,-1,-1,AA6835,0,2,81
1,2,21:58:09,2,-1,2,AA6835,0,2,30
2,3,22:00:03,2,-1,2,AA6835,0,2,72
3,4,22:02:14,2,-1,1,AA6835,0,2,60
4,5,22:05:47,2,-1,1,AA6835,0,2,121
5,6,22:06:58,2,-1,1,AA6835,0,2,20
6,7,22:15:37,2,-1,1,AA6835,0,2,488
7,8,22:17:28,2,-1,1,AA6835,0,2,90
8,9,22:18:39,2,-1,1,AA6835,0,2,50
9,10,22:19:32,2,-1,1,AA6835,0,2,32
10,11,22:21:03,2,-1,1,AA6835,0,2,60
11,12,22:21:43,2,-1,1,AA6835,0,2,30
12,13,22:23:19,2,-1,1,AA6835,0,2,50
13,14,22:24:31,2,-1,1,AA6835,0,2,51
14,15,22:26:13,2,-1,-1,AA6835,0,2,61
15,16,22:28:26,2,-1,1,AA6835,0,2,90
16,17,22:35:24,2,-1,1,AA6835,0,2,386
17,18,22:36:24,2,-1,1,AA6835,0,2,30
18,19,22:40:57,2,-1,1,AA6835,0,2,232
19,20,22:42:39,2,-1,1,AA6835,0,2,50
20,21,22:45:11,2,-1,1,AA6835,0,2,131
21,22,22:47:03,2,-1,-1,AA6835,0,2,91
0,1,22:59:03,2,-1,-1,AA6835,0,2,90
1,2,23:01:25,2,-1,2,AA6835,0,2,101
2,3,23:03:16,2,-1,2,AA6835,0,2,50
3,4,23:05:28,2,-1,1,AA6835,0,2,70
4,5,23:08:10,2,-1,1,AA6835,0,2,131
5,6,23:09:11,2,-1,1,AA6835,0,2,20
6,7,23:17:49,2,-1,1,AA6835,0,2,475
7,8,23:20:04,2,-1,2,AA6835,0,2,94
8,9,23:21:25,2,-1,1,AA6835,0,2,40
9,10,23:22:15,2,-1,1,AA6835,0,2,30
10,11,23:25:07,2,-1,1,AA6835,0,2,151
11,12,23:26:08,2,-1,1,AA6835,0,2,20
12,13,23:27:49,2,-1,1,AA6835,0,2,60
13,14,23:29:00,2,-1,1,AA6835,0,2,30
14,15,23:30:54,2,-1,-1,AA6835,0,2,50
15,16,23:32:56,2,-1,1,AA6835,0,2,101
16,17,23:39:51,2,-1,1,AA6835,0,2,364
17,18,23:41:12,2,-1,1,AA6835,0,2,30
18,19,23:45:26,2,-1,2,AA6835,0,2,213
19,20,23:47:37,2,-1,1,AA6835,0,2,50
20,21,23:50:09,2,-1,1,AA6835,0,2,111
21,22,23:51:44,2,-1,-1,AA6835,0,2,75
1,2,10:41:37,2,-1,2,AA6848,0,2,20
2,3,10:44:09,2,-1,2,AA6848,0,2,111
3,4,10:46:41,2,-1,1,AA6848,0,2,60
4,5,10:50:25,2,-1,1,AA6848,0,2,141
5,6,10:52:07,2,-1,1,AA6848,0,2,20
6,7,11:01:35,2,-1,2,AA6848,0,2,517
7,8,11:03:47,2,-1,2,AA6848,0,2,121
8,9,11:05:28,2,-1,1,AA6848,0,2,40
9,10,11:06:09,2,-1,1,AA6848,0,2,20
10,11,11:09:04,2,-1,1,AA6848,0,2,91
11,12,11:10:05,2,-1,1,AA6848,0,2,30
12,13,11:11:56,2,-1,1,AA6848,0,2,70
13,14,11:12:47,2,-1,1,AA6848,0,2,30
14,15,11:14:38,2,-1,-1,AA6848,0,2,80
15,16,11:17:10,2,-1,1,AA6848,0,2,101
16,17,11:23:57,2,-1,1,AA6848,0,2,334
17,18,11:24:57,2,-1,1,AA6848,0,2,30
18,19,11:30:25,2,-1,3,AA6848,0,2,297
19,22,11:38:33,2,-1,-1,AA6848,2,2,446
0,1,7:17:29,2,-1,-1,AA6957,0,2,70
1,2,7:19:53,2,-1,2,AA6957,0,2,124
2,3,7:21:34,2,-1,2,AA6957,0,2,30
3,4,7:23:56,2,-1,1,AA6957,0,2,50
4,5,7:27:39,2,-1,1,AA6957,0,2,131
5,6,7:28:49,2,-1,1,AA6957,0,2,10
6,7,7:37:39,2,-1,1,AA6957,0,4,487
7,8,7:39:56,2,-1,1,AA6957,0,4,127
8,9,7:41:17,2,-1,1,AA6957,0,4,40
9,10,7:42:28,2,-1,1,AA6957,0,4,30
10,11,7:44:50,2,-1,1,AA6957,0,4,111
11,12,7:45:42,2,-1,1,AA6957,0,4,22
12,13,7:47:14,2,-1,1,AA6957,0,4,60
13,14,7:48:35,2,-1,1,AA6957,0,4,40
14,15,7:50:16,2,-1,-1,AA6957,0,4,50
15,16,7:52:58,2,-1,1,AA6957,0,4,101
16,17,8:00:10,2,-1,1,AA6957,0,2,381
17,18,8:01:32,2,-1,1,AA6957,0,2,31
18,19,8:05:55,2,-1,3,AA6957,0,2,232
19,21,8:13:12,2,-1,1,AA6957,1,2,416
21,22,8:15:44,2,-1,-1,AA6957,0,2,91
0,1,8:28:32,2,-1,-1,AA6957,0,2,92
1,2,8:30:05,2,-1,3,AA6957,0,2,20
2,3,8:37:44,2,-1,3,AA6957,0,2,347
3,4,8:42:38,2,-1,1,AA6957,0,2,202
4,5,8:46:43,2,-1,1,AA6957,0,2,163
5,6,8:48:24,2,-1,1,AA6957,0,2,30
6,7,8:58:14,2,-1,2,AA6957,0,2,550
7,8,9:00:16,2,-1,2,AA6957,0,2,111
8,9,9:01:37,2,-1,1,AA6957,0,2,30
9,10,9:02:17,2,-1,1,AA6957,0,2,30
10,11,9:04:59,2,-1,1,AA6957,0,2,111
11,12,9:08:06,2,-1,2,AA6957,0,2,151
12,13,9:13:10,2,-1,2,AA6957,0,2,161
13,14,9:13:55,2,-1,2,AA6957,0,2,35
14,15,9:15:16,2,-1,-1,AA6957,0,2,50
15,16,9:18:28,2,-1,1,AA6957,0,2,131
16,17,9:25:55,2,-1,1,AA6957,0,2,386
17,18,9:28:07,2,-1,1,AA6957,0,2,40
18,19,9:36:28,2,-1,2,AA6957,0,2,450
19,20,9:38:19,2,-1,1,AA6957,0,2,80
20,21,9:41:15,2,-1,1,AA6957,0,2,115
21,22,9:43:07,2,-1,-1,AA6957,0,2,80
0,1,9:49:34,2,-1,-1,AA6957,0,2,50
1,2,9:51:16,2,-1,3,AA6957,0,2,60
2,3,9:53:17,2,-1,3,AA6957,0,2,40
3,4,9:55:22,2,-1,1,AA6957,0,2,30
4,5,9:59:16,2,-1,2,AA6957,0,2,202
5,6,10:00:16,2,-1,1,AA6957,0,2,20
6,7,10:15:35,2,-1,1,AA6957,0,4,878
7,8,10:17:26,2,-1,2,AA6957,0,4,91
8,9,10:18:57,2,-1,1,AA6957,0,4,40
9,10,10:19:38,2,-1,1,AA6957,0,4,30
10,11,10:22:20,2,-1,1,AA6957,0,2,111
11,12,10:23:10,2,-1,1,AA6957,0,2,30
12,13,10:24:41,2,-1,1,AA6957,0,2,70
13,14,10:25:54,2,-1,1,AA6957,0,2,32
14,15,10:27:45,2,-1,-1,AA6957,0,2,50
15,16,10:30:07,2,-1,1,AA6957,0,2,91
16,17,10:37:14,2,-1,1,AA6957,0,2,386
17,18,10:38:15,2,-1,1,AA6957,0,2,30
18,19,10:42:38,2,-1,2,AA6957,0,2,222
19,22,10:49:34,2,-1,-1,AA6957,2,2,395
0,1,10:59:03,2,-1,-1,AA6957,0,2,20
1,2,11:00:45,2,-1,2,AA6957,0,2,40
2,3,11:03:26,2,-1,2,AA6957,0,2,151
3,4,11:04:48,2,-1,1,AA6957,0,2,40
4,5,11:08:24,2,-1,1,AA6957,0,2,145
5,6,11:09:35,2,-1,1,AA6957,0,2,20
6,7,11:19:22,2,-1,1,AA6957,0,2,557
7,8,11:21:35,2,-1,1,AA6957,0,2,111
8,9,11:23:36,2,-1,1,AA6957,0,2,50
9,10,11:24:17,2,-1,1,AA6957,0,2,30
10,11,11:25:48,2,-1,1,AA6957,0,2,70
11,12,11:26:29,2,-1,1,AA6957,0,2,30
12,13,11:28:50,2,-1,1,AA6957,0,2,90
13,14,11:30:05,2,-1,1,AA6957,0,2,54
14,15,11:31:56,2,-1,-1,AA6957,0,2,40
15,16,11:33:47,2,-1,1,AA6957,0,2,80
16,17,11:41:25,2,-1,-1,AA6957,0,2,396
17,18,11:42:37,2,-1,-1,AA6957,0,2,20
18,19,11:46:20,2,-1,2,AA6957,0,2,202
19,22,11:54:08,2,-1,-1,AA6957,2,2,355
0,1,11:30:15,2,-1,-1,AA7149,0,2,54
1,2,11:31:56,2,-1,3,AA7149,0,2,30
2,3,11:33:47,2,-1,2,AA7149,0,2,50
3,4,11:36:39,2,-1,1,AA7149,0,2,80
4,5,11:40:14,2,-1,-1,AA7149,0,2,131
5,6,11:41:36,2,-1,-1,AA7149,0,2,31
6,7,11:49:55,2,-1,1,AA7149,0,2,458
7,8,11:51:46,2,-1,1,AA7149,0,2,91
8,9,11:53:27,2,-1,1,AA7149,0,2,40
9,10,11:54:18,2,-1,1,AA7149,0,2,30
10,11,11:57:20,2,-1,1,AA7149,0,2,121
11,12,11:58:03,2,-1,1,AA7149,0,2,30
12,13,11:59:44,2,-1,1,AA7149,0,2,60
13,14,12:00:55,2,-1,2,AA7149,0,2,40
14,15,12:03:58,2,-1,-1,AA7149,0,2,50
15,16,12:06:10,2,-1,1,AA7149,0,2,91
16,17,12:13:29,2,-1,1,AA7149,0,2,367
17,18,12:14:50,2,-1,1,AA7149,0,2,40
18,19,12:19:16,2,-1,2,AA7149,0,2,235
19,20,12:23:18,2,-1,1,AA7149,0,2,151
20,21,12:26:11,2,-1,1,AA7149,0,2,162
21,22,12:28:04,2,-1,-1,AA7149,0,2,81
0,1,12:45:06,2,-1,-1,AA7149,0,2,50
1,2,12:47:48,2,-1,2,AA7149,0,2,101
2,3,12:50:00,2,-1,2,AA7149,0,2,60
3,4,12:52:25,2,-1,1,AA7149,0,2,92
4,5,12:56:07,2,-1,1,AA7149,0,2,141
5,6,12:57:28,2,-1,1,AA7149,0,2,30
6,7,13:06:19,2,-1,1,AA7149,0,4,490
7,8,13:08:34,2,-1,2,AA7149,0,4,124
8,9,13:10:05,2,-1,1,AA7149,0,4,50
9,10,13:11:16,2,-1,1,AA7149,0,4,30
10,11,13:12:47,2,-1,1,AA7149,0,4,81
11,12,13:13:37,2,-1,1,AA7149,0,4,30
12,13,13:15:19,2,-1,1,AA7149,0,4,80
13,14,13:16:40,2,-1,1,AA7149,0,4,40
14,15,13:18:00,2,-1,-1,AA7149,0,4,49
15,16,13:20:15,2,-1,1,AA7149,0,4,104
16,17,13:27:21,2,-1,1,AA7149,0,4,374
17,18,13:28:56,2,-1,1,AA7149,0,4,30
18,19,13:33:14,2,-1,2,AA7149,0,2,217
19,20,13:37:07,2,-1,1,AA7149,0,2,141
20,21,13:39:29,2,-1,1,AA7149,0,2,111
21,22,13:41:50,2,-1,-1,AA7149,0,2,101
0,1,13:58:48,2,-1,-1,AA7149,0,2,101
1,2,14:01:20,2,-1,3,AA7149,0,2,141
2,3,14:03:55,2,-1,2,AA7149,0,2,60
3,4,14:06:37,2,-1,1,AA7149,0,2,40
4,5,14:09:49,2,-1,1,AA7149,0,2,121
5,6,14:11:33,2,-1,1,AA7149,0,2,20
6,7,14:21:12,2,-1,1,AA7149,0,2,539
7,8,14:23:14,2,-1,1,AA7149,0,4,111
8,9,14:24:35,2,-1,1,AA7149,0,4,40
9,10,14:25:36,2,-1,1,AA7149,0,4,20
10,11,14:27:27,2,-1,1,AA7149,0,4,60
11,12,14:28:17,2,-1,1,AA7149,0,4,20
12,13,14:30:49,2,-1,1,AA7149,0,4,111
13,14,14:31:50,2,-1,1,AA7149,0,4,50
14,15,14:33:22,2,-1,-1,AA7149,0,4,30
15,16,14:36:04,2,-1,1,AA7149,0,4,142
16,17,14:42:59,2,-1,1,AA7149,0,4,364
17,18,14:44:10,2,-1,1,AA7149,0,4,30
18,19,14:51:58,2,-1,2,AA7149,0,4,434
19,20,14:54:43,2,-1,2,AA7149,0,4,104
20,21,14:58:44,2,-1,1,AA7149,0,4,189
21,22,15:01:16,2,-1,-1,AA7149,0,4,101
0,1,7:52:27,2,-1,-1,AA7195,0,4,131
1,2,7:54:39,2,-1,3,AA7195,0,2,30
2,3,8:00:30,2,-1,3,AA7195,0,2,263
3,4,8:07:06,2,-1,1,AA7195,0,2,355
4,5,8:11:00,2,-1,1,AA7195,0,2,223
5,6,8:12:42,2,-1,1,AA7195,0,2,30
6,7,8:22:16,2,-1,1,AA7195,0,2,533
7,8,8:25:08,2,-1,2,AA7195,0,2,151
8,9,8:27:09,2,-1,1,AA7195,0,2,101
9,10,8:28:10,2,-1,1,AA7195,0,2,30
10,11,8:30:56,2,-1,1,AA7195,0,2,123
11,12,8:32:17,2,-1,1,AA7195,0,2,40
12,13,8:36:20,2,-1,2,AA7195,0,2,131
13,14,8:37:34,2,-1,2,AA7195,0,2,50
14,15,8:40:06,2,-1,-1,AA7195,0,2,91
15,16,8:46:21,2,-1,1,AA7195,0,2,334
16,17,8:53:17,2,-1,1,AA7195,0,2,384
17,18,8:54:48,2,-1,1,AA7195,0,2,40
18,19,8:59:56,2,-1,3,AA7195,0,2,266
19,20,9:05:20,2,-1,2,AA7195,0,2,202
20,21,9:09:47,2,-1,1,AA7195,0,2,253
21,22,9:11:59,2,-1,-1,AA7195,0,2,101
0,1,9:30:19,2,-1,-1,AA7195,0,2,70
1,2,9:32:11,2,-1,3,AA7195,0,2,102
2,3,9:35:48,2,-1,2,AA7195,0,2,133
3,4,9:38:40,2,-1,1,AA7195,0,2,91
4,5,9:42:47,2,-1,2,AA7195,0,2,172
5,6,9:44:18,2,-1,1,AA7195,0,2,10
6,7,9:55:43,2,-1,1,AA7195,0,2,664
7,8,9:57:55,2,-1,1,AA7195,0,2,111
8,9,9:59:36,2,-1,1,AA7195,0,2,80
9,10,10:00:27,2,-1,1,AA7195,0,2,40
10,11,10:01:57,2,-1,1,AA7195,0,2,60
11,12,10:02:38,2,-1,1,AA7195,0,2,30
12,13,10:04:29,2,-1,1,AA7195,0,2,101
13,14,10:05:46,2,-1,1,AA7195,0,2,36
14,15,10:07:17,2,-1,-1,AA7195,0,2,50
15,16,10:09:18,2,-1,1,AA7195,0,2,90
16,17,10:16:15,2,-1,3,AA7195,0,4,346
17,18,10:17:36,2,-1,1,AA7195,0,4,40
18,19,10:24:51,2,-1,2,AA7195,0,2,394
19,20,10:27:45,2,-1,1,AA7195,0,2,131
20,21,10:29:16,2,-1,1,AA7195,0,2,60
21,22,10:30:37,2,-1,-1,AA7195,0,2,60
0,2,10:47:21,2,-1,2,AA7195,1,2,222
2,3,10:49:34,2,-1,2,AA7195,0,2,91
3,4,10:50:55,2,-1,1,AA7195,0,2,30
4,5,10:54:28,2,-1,1,AA7195,0,2,141
5,6,10:55:59,2,-1,1,AA7195,0,2,30
6,7,11:04:58,2,-1,2,AA7195,0,2,498
7,8,11:06:39,2,-1,2,AA7195,0,2,91
8,9,11:08:34,2,-1,1,AA7195,0,2,94
9,10,11:09:14,2,-1,1,AA7195,0,2,20
10,13,11:13:38,2,-1,1,AA7195,2,2,202
13,14,11:14:38,2,-1,1,AA7195,0,2,40
14,15,11:15:19,2,-1,-1,AA7195,0,2,30
15,16,11:17:31,2,-1,1,AA7195,0,2,111
16,17,11:24:27,2,-1,1,AA7195,0,2,355
17,18,11:25:17,2,-1,1,AA7195,0,2,30
18,19,11:30:35,2,-1,3,AA7195,0,2,297
19,22,11:45:49,2,-1,-1,AA7195,2,2,802
0,1,11:47:52,2,-1,-1,AA7195,0,2,70
1,2,11:50:25,2,-1,2,AA7195,0,2,91
2,3,11:52:06,2,-1,2,AA7195,0,2,50
3,4,11:54:28,2,-1,1,AA7195,0,2,50
4,5,11:58:13,2,-1,1,AA7195,0,2,103
6,7,12:09:55,2,-1,1,AA7195,0,2,560
7,8,12:11:26,2,-1,2,AA7195,0,2,40
8,9,12:13:59,2,-1,1,AA7195,0,2,132
9,10,12:14:50,2,-1,1,AA7195,0,2,30
10,11,12:16:34,2,-1,1,AA7195,0,2,53
11,12,12:17:35,2,-1,1,AA7195,0,2,50
12,13,12:19:26,2,-1,1,AA7195,0,2,101
13,14,12:20:57,2,-1,1,AA7195,0,2,70
14,15,12:22:18,2,-1,-1,AA7195,0,2,50
15,16,12:25:30,2,-1,1,AA7195,0,2,172
16,17,12:32:30,2,-1,1,AA7195,0,2,378
17,18,12:33:51,2,-1,1,AA7195,0,2,10
18,19,12:38:17,2,-1,3,AA7195,0,2,202
19,20,12:45:57,2,-1,1,AA7195,0,2,171
20,21,12:47:48,2,-1,1,AA7195,0,2,101
21,22,12:49:09,2,-1,-1,AA7195,0,2,40
0,1,15:42:19,2,-1,-1,AA7195,0,4,91
1,2,15:43:33,2,-1,3,AA7195,0,4,53
2,3,15:45:34,2,-1,2,AA7195,0,4,111
3,4,15:48:17,2,-1,1,AA7195,0,4,70
4,5,15:52:20,2,-1,3,AA7195,0,4,151
5,6,15:54:04,2,-1,1,AA7195,0,4,30
6,8,16:09:00,2,-1,2,AA7195,1,4,875
8,9,16:10:03,2,-1,1,AA7195,0,4,42
9,10,16:10:44,2,-1,1,AA7195,0,4,31
10,11,16:14:37,2,-1,1,AA7195,0,4,202
11,12,16:15:07,2,-1,2,AA7195,0,4,20
12,13,16:16:59,2,-1,2,AA7195,0,4,70
13,14,16:17:49,2,-1,2,AA7195,0,4,30
14,15,16:19:33,2,-1,-1,AA7195,0,4,42
15,16,16:21:45,2,-1,1,AA7195,0,4,112
16,17,16:28:55,2,-1,3,AA7195,0,4,408
17,18,16:29:45,2,-1,1,AA7195,0,4,30
18,19,16:37:13,2,-1,3,AA7195,0,4,427
19,20,16:42:26,2,-1,1,AA7195,0,4,192
20,21,16:47:00,2,-1,1,AA7195,0,4,222
21,22,16:49:22,2,-1,-1,AA7195,0,4,101
1,2,17:00:14,2,-1,3,AA7195,0,4,10
2,3,17:04:37,2,-1,3,AA7195,0,4,232
3,4,17:07:19,2,-1,1,AA7195,0,4,101
4,5,17:10:14,2,-1,1,AA7195,0,2,134
5,6,17:11:45,2,-1,1,AA7195,0,2,30
6,7,17:20:59,2,-1,2,AA7195,0,2,543
7,8,17:23:01,2,-1,2,AA7195,0,2,100
8,9,17:24:24,2,-1,1,AA7195,0,2,41
9,10,17:25:34,2,-1,1,AA7195,0,2,40
10,11,17:27:05,2,-1,1,AA7195,0,2,20
11,12,17:27:46,2,-1,1,AA7195,0,2,30
12,13,17:29:47,2,-1,1,AA7195,0,2,80
13,14,17:30:58,2,-1,2,AA7195,0,2,40
14,15,17:33:10,2,-1,-1,AA7195,0,2,121
15,16,17:36:14,2,-1,1,AA7195,0,2,174
16,17,17:43:19,2,-1,1,AA7195,0,2,374
17,18,17:44:40,2,-1,1,AA7195,0,2,40
18,19,17:50:30,2,-1,3,AA7195,0,2,309
19,20,17:53:05,2,-1,1,AA7195,0,2,50
20,22,17:57:28,2,-1,-1,AA7195,1,2,222
0,1,18:24:07,2,-1,-1,AA7195,0,2,80
1,2,18:27:30,2,-1,3,AA7195,0,2,151
2,3,18:29:21,2,-1,2,AA7195,0,2,101
3,4,18:32:36,2,-1,1,AA7195,0,2,80
4,5,18:35:38,2,-1,2,AA7195,0,2,141
5,6,18:37:50,2,-1,1,AA7195,0,2,80
6,7,19:04:29,2,-1,2,AA7195,0,2,1528
7,8,19:06:35,2,-1,2,AA7195,0,2,115
8,9,19:08:16,2,-1,1,AA7195,0,2,70
9,10,19:09:07,2,-1,1,AA7195,0,2,30
10,11,19:11:18,2,-1,1,AA7195,0,2,60
11,12,19:11:59,2,-1,1,AA7195,0,2,20
12,13,19:14:04,2,-1,1,AA7195,0,2,95
13,14,19:16:36,2,-1,3,AA7195,0,2,141
14,16,19:26:56,2,-1,1,AA7195,1,2,509
16,17,19:34:27,2,-1,3,AA7195,0,2,420
17,18,19:35:38,2,-1,1,AA7195,0,2,30
18,19,19:42:36,2,-1,-1,AA7195,0,2,387
19,20,19:45:48,2,-1,1,AA7195,0,2,141
20,21,19:47:29,2,-1,1,AA7195,0,2,90
21,22,19:49:30,2,-1,-1,AA7195,0,2,70
0,1,20:03:08,2,-1,-1,AA7195,0,2,91
1,2,20:04:49,2,-1,2,AA7195,0,2,91
2,3,20:06:45,2,-1,2,AA7195,0,2,95
3,4,20:09:07,2,-1,1,AA7195,0,2,101
4,5,20:11:49,2,-1,1,AA7195,0,2,111
5,6,20:13:10,2,-1,1,AA7195,0,2,10
6,7,20:23:20,2,-1,1,AA7195,0,2,600
7,8,20:24:53,2,-1,2,AA7195,0,2,83
8,9,20:26:24,2,-1,1,AA7195,0,2,70
9,10,20:26:56,2,-1,1,AA7195,0,2,21
10,12,20:30:24,2,-1,1,AA7195,1,2,156
12,13,20:32:25,2,-1,1,AA7195,0,2,101
13,15,20:35:17,2,-1,-1,AA7195,1,2,141
15,16,20:37:39,2,-1,1,AA7195,0,2,131
16,17,20:44:46,2,-1,2,AA7195,0,2,365
17,18,20:46:13,2,-1,1,AA7195,0,2,30
18,19,20:52:49,2,-1,2,AA7195,0,2,365
19,20,20:55:24,2,-1,1,AA7195,0,2,84
20,21,20:57:05,2,-1,1,AA7195,0,2,91
21,22,20:59:55,2,-1,-1,AA7195,0,2,80
6,7,0:05:16,2,-1,1,AA7242,0,4,469
7,8,0:06:57,2,-1,2,AA7242,0,4,90
8,9,0:08:08,2,-1,1,AA7242,0,2,60
9,10,0:08:59,2,-1,1,AA7242,0,2,30
10,12,0:11:54,2,-1,1,AA7242,1,2,154
12,13,0:13:25,2,-1,1,AA7242,0,2,60
13,14,0:14:05,2,-1,1,AA7242,0,2,30
14,15,0:15:36,2,-1,-1,AA7242,0,2,30
15,16,0:17:27,2,-1,1,AA7242,0,2,80
16,17,0:24:14,2,-1,1,AA7242,0,2,356
17,18,0:25:15,2,-1,1,AA7242,0,2,30
18,19,0:28:57,2,-1,2,AA7242,0,2,192
19,20,0:30:48,2,-1,1,AA7242,0,2,50
20,21,0:33:00,2,-1,1,AA7242,0,2,111
21,22,0:34:44,2,-1,-1,AA7242,0,2,71
0,1,0:53:19,2,-1,-1,AA7242,0,2,50
1,2,0:54:42,2,-1,1,AA7242,0,2,62
2,3,0:56:35,2,-1,1,AA7242,0,2,50
3,4,0:57:16,2,-1,1,AA7242,0,2,20
4,5,0:59:28,2,-1,1,AA7242,0,2,111
5,6,1:00:28,2,-1,1,AA7242,0,2,10
6,7,1:08:38,2,-1,1,AA7242,0,2,449
7,8,1:09:59,2,-1,-1,AA7242,0,2,70
8,9,1:10:50,2,-1,1,AA7242,0,2,30
9,10,1:11:32,2,-1,1,AA7242,0,2,22
10,11,1:12:43,2,-1,1,AA7242,0,2,60
11,14,1:14:54,2,-1,1,AA7242,2,2,121
14,15,1:15:55,2,-1,-1,AA7242,0,2,20
15,16,1:17:56,2,-1,1,AA7242,0,2,80
16,17,1:23:53,2,-1,1,AA7242,0,2,346
17,18,1:24:44,2,-1,1,AA7242,0,2,30
18,19,1:28:46,2,-1,2,AA7242,0,2,212
19,20,1:30:48,2,-1,-1,AA7242,0,2,101
20,21,1:31:48,2,-1,-1,AA7242,0,4,50
21,22,1:33:19,2,-1,-1,AA7242,0,4,80
0,1,6:21:22,2,-1,-1,AA7242,0,4,20
1,2,6:23:15,2,-1,2,AA7242,0,4,60
2,3,6:24:56,2,-1,2,AA7242,0,4,40
3,4,6:26:58,2,-1,1,AA7242,0,4,60
4,5,6:29:49,2,-1,1,AA7242,0,4,131
5,6,6:31:22,2,-1,1,AA7242,0,4,20
6,7,6:40:29,2,-1,1,AA7242,0,4,506
7,8,6:43:03,2,-1,-1,AA7242,0,4,143
8,9,6:44:35,2,-1,1,AA7242,0,4,60
9,10,6:45:35,2,-1,1,AA7242,0,4,30
10,11,6:47:06,2,-1,1,AA7242,0,4,80
11,12,6:47:57,2,-1,1,AA7242,0,4,20
12,13,6:49:28,2,-1,1,AA7242,0,4,60
13,14,6:50:29,2,-1,1,AA7242,0,4,30
14,15,6:51:39,2,-1,-1,AA7242,0,4,30
15,16,6:53:53,2,-1,1,AA7242,0,4,80
16,17,7:00:48,2,-1,1,AA7242,0,4,374
17,18,7:01:48,2,-1,1,AA7242,0,4,20
18,19,7:05:48,2,-1,2,AA7242,0,4,198
19,20,7:07:39,2,-1,1,AA7242,0,4,91
20,21,7:10:04,2,-1,1,AA7242,0,4,134
21,22,7:12:15,2,-1,-1,AA7242,0,2,91
0,1,7:21:04,2,-1,-1,AA7242,0,2,458
1,2,7:23:16,2,-1,2,AA7242,0,2,50
2,3,7:24:57,2,-1,2,AA7242,0,2,50
3,4,7:29:00,2,-1,1,AA7242,0,2,121
4,5,7:32:26,2,-1,1,AA7242,0,2,122
5,6,7:33:57,2,-1,1,AA7242,0,2,20
6,7,7:42:18,2,-1,1,AA7242,0,4,471
7,8,7:44:09,2,-1,1,AA7242,0,4,101
8,9,7:45:32,2,-1,1,AA7242,0,4,62
9,10,7:46:43,2,-1,1,AA7242,0,4,30
10,11,7:48:45,2,-1,1,AA7242,0,4,101
11,12,7:49:45,2,-1,1,AA7242,0,4,30
12,13,7:51:17,2,-1,1,AA7242,0,4,60
13,14,7:51:57,2,-1,1,AA7242,0,4,30
14,15,7:54:19,2,-1,-1,AA7242,0,2,80
15,16,7:57:28,2,-1,1,AA7242,0,2,158
16,17,8:04:14,2,-1,1,AA7242,0,2,365
17,18,8:05:45,2,-1,1,AA7242,0,2,30
18,19,8:10:19,2,-1,3,AA7242,0,2,223
19,20,8:14:03,2,-1,2,AA7242,0,2,213
20,21,8:16:49,2,-1,1,AA7242,0,2,145
21,22,8:18:53,2,-1,-1,AA7242,0,2,94
0,1,8:34:08,2,-1,-1,AA7242,0,2,71
1,3,8:40:26,2,-1,3,AA7242,1,2,327
3,4,8:44:40,2,-1,1,AA7242,0,2,121
4,5,8:49:35,2,-1,1,AA7242,0,2,161
5,6,8:50:46,2,-1,1,AA7242,0,2,20
6,7,8:59:35,2,-1,2,AA7242,0,2,479
7,8,9:01:57,2,-1,2,AA7242,0,2,111
8,9,9:03:28,2,-1,1,AA7242,0,2,40
9,10,9:04:19,2,-1,1,AA7242,0,2,20
10,12,9:10:58,2,-1,2,AA7242,1,2,348
12,13,9:14:15,2,-1,2,AA7242,0,2,75
13,14,9:14:55,2,-1,2,AA7242,0,2,30
14,15,9:15:46,2,-1,-1,AA7242,0,2,30
15,16,9:18:28,2,-1,1,AA7242,0,2,121
16,17,9:25:55,2,-1,1,AA7242,0,2,406
17,18,9:27:07,2,-1,1,AA7242,0,2,41
18,19,9:33:24,2,-1,2,AA7242,0,2,357
19,21,9:38:40,2,-1,1,AA7242,1,2,232
21,22,9:40:35,2,-1,-1,AA7242,0,2,84
0,1,10:17:26,2,-1,-1,AA7242,0,4,20
1,3,10:23:40,2,-1,2,AA7242,1,2,313
3,4,10:24:51,2,-1,1,AA7242,0,2,20
4,5,10:28:26,2,-1,2,AA7242,0,2,141
5,6,10:29:37,2,-1,1,AA7242,0,2,10
6,7,10:38:25,2,-1,1,AA7242,0,2,487
7,8,10:40:16,2,-1,-1,AA7242,0,2,101
8,9,10:41:37,2,-1,1,AA7242,0,2,50
9,10,10:42:38,2,-1,1,AA7242,0,2,30
10,11,10:44:39,2,-1,1,AA7242,0,2,80
11,12,10:45:30,2,-1,1,AA7242,0,2,20
12,13,10:47:33,2,-1,1,AA7242,0,2,92
13,14,10:48:13,2,-1,1,AA7242,0,2,30
14,15,10:49:54,2,-1,-1,AA7242,0,2,30
15,16,10:52:27,2,-1,1,AA7242,0,2,122
16,17,10:59:54,2,-1,1,AA7242,0,2,396
17,18,11:00:45,2,-1,1,AA7242,0,2,20
18,19,11:06:39,2,-1,2,AA7242,0,2,314
19,20,11:09:35,2,-1,1,AA7242,0,2,91
20,21,11:12:07,2,-1,1,AA7242,0,2,141
21,22,11:13:58,2,-1,-1,AA7242,0,2,80
0,1,11:37:52,2,-1,-1,AA7242,0,2,72
1,2,11:39:23,2,-1,2,AA7242,0,2,50
2,3,11:41:46,2,-1,-1,AA7242,0,2,92
3,4,11:43:17,2,-1,-1,AA7242,0,2,40
4,5,11:46:51,2,-1,1,AA7242,0,2,132
5,6,11:47:52,2,-1,1,AA7242,0,2,10
6,7,11:56:29,2,-1,1,AA7242,0,2,465
7,8,11:58:13,2,-1,2,AA7242,0,2,93
8,9,11:59:44,2,-1,1,AA7242,0,2,70
9,10,12:00:35,2,-1,1,AA7242,0,2,30
10,11,12:02:58,2,-1,1,AA7242,0,2,92
11,12,12:03:58,2,-1,1,AA7242,0,2,20
12,13,12:06:00,2,-1,1,AA7242,0,2,81
13,14,12:07:21,2,-1,2,AA7242,0,2,60
14,15,12:09:15,2,-1,-1,AA7242,0,2,40
15,16,12:11:26,2,-1,1,AA7242,0,2,111
16,17,12:18:15,2,-1,1,AA7242,0,2,358
17,18,12:19:56,2,-1,1,AA7242,0,2,40
18,19,12:24:40,2,-1,2,AA7242,0,2,243
19,20,12:27:24,2,-1,1,AA7242,0,2,93
20,21,12:30:57,2,-1,1,AA7242,0,2,203
21,22,12:33:20,2,-1,-1,AA7242,0,2,91
0,1,12:54:46,2,-1,-1,AA7242,0,2,1201
1,2,12:56:17,2,-1,2,AA7242,0,2,40
2,3,12:59:20,2,-1,2,AA7242,0,2,90
3,4,13:01:45,2,-1,1,AA7242,0,2,70
4,5,13:05:08,2,-1,1,AA7242,0,2,122
5,6,13:06:19,2,-1,1,AA7242,0,4,30
6,7,13:14:58,2,-1,1,AA7242,0,4,488
7,8,13:16:50,2,-1,2,AA7242,0,4,101
8,9,13:18:10,2,-1,1,AA7242,0,4,70
9,10,13:19:11,2,-1,1,AA7242,0,4,30
10,11,13:21:27,2,-1,1,AA7242,0,4,125
11,12,13:22:17,2,-1,1,AA7242,0,4,20
12,13,13:23:48,2,-1,1,AA7242,0,4,50
13,14,13:25:09,2,-1,1,AA7242,0,4,40
14,15,13:27:10,2,-1,-1,AA7242,0,4,30
15,16,13:29:06,2,-1,1,AA7242,0,4,70
16,17,13:35:57,2,-1,1,AA7242,0,2,359
17,18,13:37:07,2,-1,1,AA7242,0,2,30
18,19,13:41:40,2,-1,2,AA7242,0,2,222
19,20,13:44:45,2,-1,2,AA7242,0,2,111
20,21,13:47:47,2,-1,1,AA7242,0,2,172
21,22,13:50:19,2,-1,-1,AA7242,0,2,101
0,1,14:07:28,2,-1,-1,AA7242,0,2,934
1,2,14:08:59,2,-1,3,AA7242,0,2,70
2,3,14:11:23,2,-1,2,AA7242,0,2,93
3,4,14:15:06,2,-1,1,AA7242,0,2,162
4,5,14:18:49,2,-1,1,AA7242,0,2,151
5,6,14:20:42,2,-1,1,AA7242,0,2,22
6,7,14:28:58,2,-1,1,AA7242,0,4,465
7,8,14:32:10,2,-1,2,AA7242,0,4,151
8,9,14:34:02,2,-1,1,AA7242,0,4,90
9,10,14:35:03,2,-1,1,AA7242,0,4,30
10,11,14:37:55,2,-1,1,AA7242,0,4,111
11,12,14:38:46,2,-1,1,AA7242,0,4,20
12,13,14:42:59,2,-1,1,AA7242,0,4,222
13,14,14:44:33,2,-1,1,AA7242,0,4,53
14,15,14:46:44,2,-1,-1,AA7242,0,4,60
15,16,14:50:37,2,-1,1,AA7242,0,4,192
16,17,14:58:02,2,-1,3,AA7242,0,4,374
17,18,14:59:14,2,-1,1,AA7242,0,4,30
18,19,15:06:52,2,-1,2,AA7242,0,4,417
19,20,15:08:55,2,-1,1,AA7242,0,4,53
20,21,15:13:08,2,-1,1,AA7242,0,4,202
21,22,15:15:00,2,-1,-1,AA7242,0,4,91
0,1,15:25:00,2,-1,-1,AA7242,0,4,71
1,2,15:26:55,2,-1,2,AA7242,0,4,50
2,3,15:29:37,2,-1,2,AA7242,0,4,111
3,4,15:32:09,2,-1,1,AA7242,0,4,90
4,5,15:35:44,2,-1,2,AA7242,0,4,143
5,6,15:37:15,2,-1,1,AA7242,0,4,20
6,7,15:52:32,2,-1,1,AA7242,0,4,856
7,8,15:54:04,2,-1,1,AA7242,0,4,82
8,9,15:56:07,2,-1,1,AA7242,0,4,71
9,10,15:57:07,2,-1,1,AA7242,0,4,20
10,11,15:58:59,2,-1,1,AA7242,0,4,101
11,12,16:00:19,2,-1,2,AA7242,0,4,30
12,13,16:02:15,2,-1,2,AA7242,0,4,84
13,14,16:03:56,2,-1,1,AA7242,0,4,40
14,15,16:05:48,2,-1,-1,AA7242,0,4,40
15,16,16:08:09,2,-1,1,AA7242,0,4,111
16,17,16:15:18,2,-1,3,AA7242,0,4,387
17,18,16:16:49,2,-1,1,AA7242,0,4,30
18,19,16:25:48,2,-1,2,AA7242,0,4,488
19,20,16:29:05,2,-1,2,AA7242,0,4,121
20,21,16:32:47,2,-1,1,AA7242,0,4,161
21,22,16:35:29,2,-1,-1,AA7242,0,4,91
0,1,16:48:01,2,-1,-1,AA7242,0,4,82
1,2,16:50:05,2,-1,3,AA7242,0,4,113
2,3,16:52:57,2,-1,2,AA7242,0,4,121
3,4,16:56:00,2,-1,1,AA7242,0,4,131
4,5,16:59:44,2,-1,1,AA7242,0,4,121
5,6,17:01:05,2,-1,1,AA7242,0,4,20
6,7,17:10:25,2,-1,1,AA7242,0,2,519
7,8,17:12:06,2,-1,2,AA7242,0,2,91
8,9,17:13:27,2,-1,1,AA7242,0,2,50
9,10,17:14:29,2,-1,1,AA7242,0,2,31
10,11,17:16:44,2,-1,1,AA7242,0,2,103
11,12,17:18:08,2,-1,1,AA7242,0,2,22
12,13,17:19:57,2,-1,1,AA7242,0,2,63
13,14,17:21:10,2,-1,2,AA7242,0,2,41
14,15,17:22:50,2,-1,-1,AA7242,0,2,41
15,16,17:25:14,2,-1,1,AA7242,0,2,112
16,17,17:32:49,2,-1,1,AA7242,0,2,384
17,18,17:34:10,2,-1,1,AA7242,0,2,30
18,19,17:39:57,2,-1,3,AA7242,0,2,303
19,20,17:43:29,2,-1,2,AA7242,0,2,111
20,21,17:47:18,2,-1,1,AA7242,0,2,218
21,22,17:50:50,2,-1,-1,AA7242,0,2,111
17,18,18:35:17,2,-1,1,AA7242,0,2,30
18,19,18:48:35,2,-1,3,AA7242,0,2,746
19,20,18:51:06,2,-1,1,AA7242,0,2,91
20,21,18:53:48,2,-1,1,AA7242,0,2,131
21,22,18:56:34,2,-1,-1,AA7242,0,2,105
0,1,19:49:00,2,-1,-1,AA7242,0,2,30
1,2,19:51:04,2,-1,2,AA7242,0,2,114
2,3,19:53:56,2,-1,2,AA7242,0,2,161
3,4,19:56:28,2,-1,1,AA7242,0,2,80
4,5,20:00:15,2,-1,1,AA7242,0,2,151
5,6,20:01:47,2,-1,1,AA7242,0,2,20
6,7,20:11:08,2,-1,2,AA7242,0,2,521
7,8,20:13:00,2,-1,2,AA7242,0,2,101
8,9,20:14:24,2,-1,1,AA7242,0,2,50
9,10,20:15:04,2,-1,1,AA7242,0,2,30
10,11,20:18:06,2,-1,1,AA7242,0,2,172
11,12,20:18:57,2,-1,1,AA7242,0,2,20
12,13,20:20:58,2,-1,1,AA7242,0,2,91
13,14,20:22:19,2,-1,1,AA7242,0,2,40
14,15,20:23:51,2,-1,-1,AA7242,0,2,30
15,16,20:26:14,2,-1,1,AA7242,0,2,113
16,17,20:33:06,2,-1,1,AA7242,0,2,369
17,18,20:34:17,2,-1,1,AA7242,0,2,30
18,19,20:42:04,2,-1,3,AA7242,0,2,427
19,20,20:44:26,2,-1,1,AA7242,0,2,70
20,21,20:47:25,2,-1,1,AA7242,0,2,168
21,22,20:49:57,2,-1,-1,AA7242,0,2,81
0,1,21:01:26,2,-1,-1,AA7242,0,2,50
1,2,21:03:28,2,-1,2,AA7242,0,2,81
2,3,21:05:09,2,-1,2,AA7242,0,2,60
3,4,21:06:20,2,-1,1,AA7242,0,2,30
4,5,21:09:55,2,-1,2,AA7242,0,2,131
5,6,21:10:56,2,-1,1,AA7242,0,2,10
6,7,21:19:34,2,-1,1,AA7242,0,2,467
7,8,21:21:06,2,-1,1,AA7242,0,2,81
8,9,21:22:27,2,-1,1,AA7242,0,2,40
9,10,21:23:17,2,-1,1,AA7242,0,2,30
10,11,21:25:29,2,-1,1,AA7242,0,2,91
11,12,21:26:34,2,-1,1,AA7242,0,2,34
12,13,21:28:05,2,-1,1,AA7242,0,2,60
13,14,21:29:36,2,-1,1,AA7242,0,2,50
14,15,21:31:17,2,-1,-1,AA7242,0,2,40
15,16,21:32:59,2,-1,1,AA7242,0,2,70
16,17,21:39:58,2,-1,1,AA7242,0,2,347
17,18,21:41:09,2,-1,1,AA7242,0,2,30
18,19,21:46:05,2,-1,3,AA7242,0,2,245
19,20,21:50:30,2,-1,1,AA7242,0,2,244
20,21,21:53:26,2,-1,1,AA7242,0,2,145
21,22,21:55:27,2,-1,-1,AA7242,0,2,81
0,1,22:14:05,2,-1,-1,AA7242,0,2,40
1,2,22:15:47,2,-1,2,AA7242,0,2,41
2,3,22:18:19,2,-1,2,AA7242,0,2,50
3,4,22:19:52,2,-1,1,AA7242,0,2,32
4,5,22:22:59,2,-1,1,AA7242,0,2,116
5,6,22:24:20,2,-1,1,AA7242,0,2,30
6,7,22:32:39,2,-1,1,AA7242,0,2,468
7,8,22:34:33,2,-1,1,AA7242,0,2,103
8,9,22:36:04,2,-1,1,AA7242,0,2,80
9,10,22:36:44,2,-1,1,AA7242,0,2,30
10,11,22:39:57,2,-1,1,AA7242,0,2,182
11,12,22:40:57,2,-1,1,AA7242,0,2,30
12,13,22:42:59,2,-1,1,AA7242,0,2,60
13,14,22:44:20,2,-1,1,AA7242,0,2,30
14,15,22:45:42,2,-1,-1,AA7242,0,2,31
15,16,22:48:04,2,-1,1,AA7242,0,2,121
16,17,22:54:48,2,-1,1,AA7242,0,2,364
17,18,22:56:09,2,-1,1,AA7242,0,2,30
18,19,23:00:24,2,-1,2,AA7242,0,2,214
19,20,23:02:26,2,-1,1,AA7242,0,2,91
20,21,23:05:48,2,-1,1,AA7242,0,2,161
21,22,23:07:49,2,-1,-1,AA7242,0,2,91
0,1,23:26:59,2,-1,-1,AA7242,0,2,10
1,2,23:29:00,2,-1,1,AA7242,0,2,71
2,3,23:31:35,2,-1,2,AA7242,0,2,80
3,4,23:33:46,2,-1,1,AA7242,0,2,101
4,5,23:37:39,2,-1,1,AA7242,0,2,131
5,6,23:38:30,2,-1,1,AA7242,0,2,20
6,7,23:46:37,2,-1,1,AA7242,0,2,436
7,8,23:48:18,2,-1,1,AA7242,0,2,90
8,9,23:49:18,2,-1,1,AA7242,0,2,50
9,10,23:50:09,2,-1,1,AA7242,0,2,20
10,11,23:51:44,2,-1,1,AA7242,0,2,54
11,12,23:52:35,2,-1,1,AA7242,0,2,20
12,13,23:53:46,2,-1,1,AA7242,0,2,50
13,14,23:55:07,2,-1,1,AA7242,0,2,50
14,15,23:56:28,2,-1,-1,AA7242,0,2,30
15,16,23:57:48,2,-1,1,AA7242,0,2,50
0,2,6:03:05,2,-1,2,AA7301,1,4,142
2,3,6:04:56,2,-1,2,AA7301,0,4,20
3,4,6:07:08,2,-1,1,AA7301,0,4,90
4,5,6:09:40,2,-1,1,AA7301,0,4,121
5,6,6:11:02,2,-1,1,AA7301,0,4,20
6,7,6:19:19,2,-1,1,AA7301,0,4,464
7,8,6:21:22,2,-1,3,AA7301,0,4,93
8,9,6:22:35,2,-1,1,AA7301,0,4,60
9,10,6:23:25,2,-1,1,AA7301,0,4,20
10,11,6:24:56,2,-1,1,AA7301,0,4,60
11,12,6:25:37,2,-1,1,AA7301,0,4,20
12,13,6:26:47,2,-1,1,AA7301,0,4,40
13,14,6:27:48,2,-1,1,AA7301,0,4,30
14,15,6:28:59,2,-1,-1,AA7301,0,4,20
15,16,6:31:12,2,-1,1,AA7301,0,4,102
16,17,6:37:27,2,-1,1,AA7301,0,4,355
17,18,6:38:38,2,-1,1,AA7301,0,4,30
18,19,6:42:22,2,-1,2,AA7301,0,4,194
19,20,6:44:15,2,-1,1,AA7301,0,4,51
20,21,6:46:06,2,-1,1,AA7301,0,4,70
21,22,6:47:57,2,-1,-1,AA7301,0,4,80
0,1,6:53:33,2,-1,-1,AA7301,0,4,10
1,2,6:54:54,2,-1,2,AA7301,0,4,30
2,3,6:56:35,2,-1,2,AA7301,0,4,50
3,4,6:58:46,2,-1,1,AA7301,0,4,121
4,5,7:01:18,2,-1,1,AA7301,0,4,111
5,6,7:02:29,2,-1,1,AA7301,0,4,20
6,7,7:10:44,2,-1,1,AA7301,0,4,454
7,8,7:13:16,2,-1,2,AA7301,0,2,141
8,9,7:14:16,2,-1,1,AA7301,0,2,30
9,10,7:15:17,2,-1,1,AA7301,0,2,20
10,11,7:16:38,2,-1,1,AA7301,0,2,60
11,12,7:17:08,2,-1,1,AA7301,0,2,20
12,13,7:18:29,2,-1,1,AA7301,0,2,50
13,14,7:19:20,2,-1,1,AA7301,0,2,30
14,15,7:20:34,2,-1,-1,AA7301,0,2,40
15,16,7:22:45,2,-1,1,AA7301,0,2,101
16,17,7:29:32,2,-1,1,AA7301,0,2,346
17,18,7:30:33,2,-1,1,AA7301,0,2,30
18,19,7:34:27,2,-1,2,AA7301,0,2,203
19,20,7:39:36,2,-1,2,AA7301,0,4,187
20,21,7:43:29,2,-1,1,AA7301,0,4,212
21,22,7:45:42,2,-1,-1,AA7301,0,4,83
0,1,8:00:30,2,-1,-1,AA7301,0,2,70
1,2,8:02:43,2,-1,3,AA7301,0,2,122
2,3,8:06:05,2,-1,3,AA7301,0,2,192
3,4,8:12:31,2,-1,1,AA7301,0,2,203
4,5,8:17:59,2,-1,1,AA7301,0,2,277
5,6,8:19:44,2,-1,1,AA7301,0,2,20
6,7,8:28:52,2,-1,2,AA7301,0,2,497
7,8,8:31:57,2,-1,3,AA7301,0,2,174
8,9,8:33:38,2,-1,1,AA7301,0,2,71
9,10,8:34:49,2,-1,1,AA7301,0,2,30
10,11,8:36:53,2,-1,1,AA7301,0,2,114
11,12,8:39:15,2,-1,2,AA7301,0,2,101
12,13,8:43:59,2,-1,2,AA7301,0,2,152
13,14,8:44:40,2,-1,2,AA7301,0,2,30
14,15,8:47:33,2,-1,-1,AA7301,0,2,60
15,16,8:52:07,2,-1,1,AA7301,0,2,242
16,17,8:59:25,2,-1,1,AA7301,0,2,398
17,18,9:00:36,2,-1,1,AA7301,0,2,50
18,19,9:05:54,2,-1,2,AA7301,0,2,287
19,20,9:09:17,2,-1,2,AA7301,0,2,141
20,21,9:12:39,2,-1,1,AA7301,0,2,182
21,22,9:15:05,2,-1,-1,AA7301,0,2,91
0,1,9:22:21,2,-1,-1,AA7301,0,2,50
1,2,9:24:34,2,-1,3,AA7301,0,2,80
2,3,9:27:37,2,-1,3,AA7301,0,2,91
3,4,9:30:19,2,-1,1,AA7301,0,2,101
4,5,9:33:54,2,-1,1,AA7301,0,2,123
5,6,9:35:07,2,-1,1,AA7301,0,2,20
6,7,9:45:09,2,-1,1,AA7301,0,2,561
7,8,9:47:33,2,-1,2,AA7301,0,2,103
8,9,9:49:14,2,-1,1,AA7301,0,2,91
10,11,9:52:16,2,-1,1,AA7301,0,2,90
11,12,9:53:07,2,-1,1,AA7301,0,2,20
12,13,9:55:12,2,-1,1,AA7301,0,2,94
13,14,9:56:04,2,-1,1,AA7301,0,2,41
14,15,9:57:14,2,-1,-1,AA7301,0,2,20
15,16,9:59:06,2,-1,1,AA7301,0,2,80
16,17,10:05:56,2,-1,2,AA7301,0,2,369
17,18,10:07:17,2,-1,1,AA7301,0,2,30
18,19,10:15:55,2,-1,2,AA7301,0,4,487
19,20,10:19:17,2,-1,1,AA7301,0,4,141
20,21,10:21:59,2,-1,1,AA7301,0,4,141
21,22,10:24:01,2,-1,-1,AA7301,0,2,101
0,1,11:05:38,2,-1,-1,AA7301,0,2,30
1,2,11:07:21,2,-1,2,AA7301,0,2,61
2,3,11:10:25,2,-1,2,AA7301,0,2,71
3,4,11:12:47,2,-1,1,AA7301,0,2,91
4,5,11:16:09,2,-1,1,AA7301,0,2,111
5,6,11:19:02,2,-1,1,AA7301,0,2,30
6,7,11:27:50,2,-1,1,AA7301,0,2,495
7,8,11:29:34,2,-1,2,AA7301,0,2,94
8,10,11:31:36,2,-1,1,AA7301,1,2,91
10,12,11:34:48,2,-1,1,AA7301,1,2,171
12,13,11:36:39,2,-1,1,AA7301,0,2,60
13,14,11:37:42,2,-1,1,AA7301,0,2,32
14,15,11:40:04,2,-1,-1,AA7301,0,2,40
15,16,11:42:47,2,-1,-1,AA7301,0,2,132
16,17,11:49:24,2,-1,1,AA7301,0,2,366
17,18,11:50:35,2,-1,1,AA7301,0,2,30
18,19,11:55:29,2,-1,2,AA7301,0,2,232
19,20,11:59:14,2,-1,1,AA7301,0,2,154
20,21,12:02:26,2,-1,1,AA7301,0,2,182
21,22,12:04:49,2,-1,-1,AA7301,0,2,132
0,1,12:23:49,2,-1,-1,AA7301,0,2,101
1,2,12:25:20,2,-1,2,AA7301,0,2,20
2,3,12:27:34,2,-1,2,AA7301,0,2,60
3,4,12:28:56,2,-1,1,AA7301,0,2,31
4,5,12:32:09,2,-1,1,AA7301,0,2,122
5,6,12:33:30,2,-1,1,AA7301,0,2,20
6,7,12:41:54,2,-1,-1,AA7301,0,2,473
7,8,12:44:26,2,-1,-1,AA7301,0,2,131
8,9,12:45:36,2,-1,1,AA7301,0,2,50
9,10,12:46:27,2,-1,1,AA7301,0,2,30
10,11,12:48:28,2,-1,1,AA7301,0,2,70
11,13,12:51:12,2,-1,1,AA7301,1,2,153
13,14,12:52:55,2,-1,1,AA7301,0,2,50
14,15,12:54:26,2,-1,-1,AA7301,0,2,30
15,16,12:57:18,2,-1,1,AA7301,0,2,151
16,17,13:04:07,2,-1,1,AA7301,0,2,358
17,18,13:05:08,2,-1,1,AA7301,0,2,20
18,19,13:09:45,2,-1,2,AA7301,0,4,235
19,20,13:13:17,2,-1,1,AA7301,0,4,101
20,21,13:17:20,2,-1,1,AA7301,0,4,202
21,22,13:19:35,2,-1,-1,AA7301,0,4,94
0,1,13:35:16,2,-1,-1,AA7301,0,2,80
1,2,13:37:28,2,-1,3,AA7301,0,2,70
2,3,13:39:39,2,-1,3,AA7301,0,2,40
3,4,13:45:56,2,-1,1,AA7301,0,2,215
4,5,13:49:29,2,-1,1,AA7301,0,2,131
5,6,13:51:00,2,-1,1,AA7301,0,2,30
6,7,13:59:59,2,-1,1,AA7301,0,2,505
7,8,14:01:54,2,-1,1,AA7301,0,2,84
8,9,14:03:25,2,-1,1,AA7301,0,2,50
9,10,14:04:05,2,-1,1,AA7301,0,2,30
10,11,14:06:17,2,-1,1,AA7301,0,2,121
11,12,14:07:08,2,-1,1,AA7301,0,2,30
12,13,14:09:39,2,-1,1,AA7301,0,2,80
13,14,14:10:42,2,-1,1,AA7301,0,2,42
14,15,14:12:35,2,-1,-1,AA7301,0,2,31
15,16,14:15:06,2,-1,1,AA7301,0,2,121
16,17,14:21:33,2,-1,1,AA7301,0,2,345
17,18,14:22:44,2,-1,1,AA7301,0,4,30
18,19,14:27:07,2,-1,2,AA7301,0,4,222
19,20,14:29:39,2,-1,1,AA7301,0,4,60
20,21,14:32:20,2,-1,1,AA7301,0,4,131
21,22,14:34:12,2,-1,-1,AA7301,0,4,90
0,1,14:46:14,2,-1,-1,AA7301,0,4,70
1,2,14:47:55,2,-1,3,AA7301,0,4,20
2,3,14:49:57,2,-1,3,AA7301,0,4,40
3,4,14:53:39,2,-1,1,AA7301,0,4,101
4,5,14:56:31,2,-1,2,AA7301,0,4,118
5,6,14:58:02,2,-1,1,AA7301,0,4,20
6,7,15:11:57,2,-1,1,AA7301,0,4,793
7,8,15:14:19,2,-1,1,AA7301,0,4,131
8,10,15:17:23,2,-1,1,AA7301,1,4,132
10,11,15:20:37,2,-1,1,AA7301,0,4,172
11,12,15:22:18,2,-1,2,AA7301,0,4,70
12,13,15:25:54,2,-1,2,AA7301,0,4,104
13,14,15:27:36,2,-1,2,AA7301,0,4,91
14,15,15:29:47,2,-1,-1,AA7301,0,4,60
15,16,15:32:09,2,-1,1,AA7301,0,4,91
16,17,15:39:37,2,-1,3,AA7301,0,4,397
17,18,15:40:48,2,-1,1,AA7301,0,4,30
18,19,15:49:28,2,-1,2,AA7301,0,4,479
19,20,15:53:22,2,-1,1,AA7301,0,4,163
20,21,15:56:27,2,-1,1,AA7301,0,4,152
21,22,15:58:48,2,-1,-1,AA7301,0,4,91
0,1,16:07:08,2,-1,-1,AA7301,0,4,70
1,2,16:09:42,2,-1,2,AA7301,0,4,32
2,4,16:15:58,2,-1,1,AA7301,1,4,283
4,5,16:19:20,2,-1,3,AA7301,0,4,121
5,6,16:21:04,2,-1,1,AA7301,0,4,30
6,7,16:33:58,2,-1,2,AA7301,0,4,732
7,8,16:35:29,2,-1,2,AA7301,0,4,81
8,9,16:36:42,2,-1,1,AA7301,0,4,32
9,10,16:37:33,2,-1,1,AA7301,0,4,30
10,11,16:40:55,2,-1,1,AA7301,0,4,192
11,12,16:41:56,2,-1,1,AA7301,0,4,30
12,13,16:43:27,2,-1,1,AA7301,0,4,60
13,14,16:48:32,2,-1,2,AA7301,0,4,132
14,15,16:50:46,2,-1,-1,AA7301,0,4,40
15,16,16:53:38,2,-1,1,AA7301,0,4,141
16,17,17:00:54,2,-1,1,AA7301,0,4,406
17,18,17:02:05,2,-1,1,AA7301,0,4,30
18,19,17:07:19,2,-1,3,AA7301,0,4,263
19,20,17:12:36,2,-1,1,AA7301,0,2,223
20,21,17:15:52,2,-1,1,AA7301,0,2,145
21,22,17:18:08,2,-1,-1,AA7301,0,2,84
0,2,17:36:55,2,-1,3,AA7301,1,2,235
2,3,17:39:36,2,-1,2,AA7301,0,2,80
3,4,17:43:29,2,-1,1,AA7301,0,2,141
4,5,17:48:08,2,-1,1,AA7301,0,2,249
5,6,17:49:39,2,-1,1,AA7301,0,2,30
6,7,18:00:00,2,-1,1,AA7301,0,2,580
7,8,18:02:12,2,-1,2,AA7301,0,2,101
8,9,18:04:15,2,-1,1,AA7301,0,2,101
9,10,18:04:58,2,-1,1,AA7301,0,2,32
10,11,18:09:25,2,-1,1,AA7301,0,2,246
11,12,18:10:25,2,-1,1,AA7301,0,2,20
12,13,18:12:57,2,-1,1,AA7301,0,2,91
13,14,18:14:59,2,-1,2,AA7301,0,2,60
14,15,18:16:50,2,-1,-1,AA7301,0,2,40
15,16,18:19:04,2,-1,1,AA7301,0,2,103
16,17,18:27:30,2,-1,3,AA7301,0,2,434
17,18,18:29:01,2,-1,1,AA7301,0,2,40
18,19,18:47:09,2,-1,3,AA7301,0,2,1035
19,20,18:50:56,2,-1,1,AA7301,0,2,131
20,21,18:53:58,2,-1,1,AA7301,0,2,161
21,22,18:56:34,2,-1,-1,AA7301,0,2,105
0,1,10:28:05,2,-1,-1,AA7341,0,2,70
1,2,10:29:37,2,-1,3,AA7341,0,2,70
2,3,10:31:48,2,-1,3,AA7341,0,2,111
3,4,10:34:40,2,-1,1,AA7341,0,2,111
4,5,10:38:25,2,-1,1,AA7341,0,2,141
5,6,10:39:36,2,-1,1,AA7341,0,2,30
6,7,10:48:13,2,-1,1,AA7341,0,2,487
7,8,10:49:44,2,-1,-1,AA7341,0,2,80
8,9,10:50:55,2,-1,1,AA7341,0,2,50
9,10,10:51:35,2,-1,1,AA7341,0,2,30
10,11,10:53:48,2,-1,1,AA7341,0,2,91
11,12,10:54:39,2,-1,1,AA7341,0,2,20
12,13,10:56:10,2,-1,2,AA7341,0,2,60
13,14,10:57:10,2,-1,1,AA7341,0,2,30
14,15,10:59:13,2,-1,-1,AA7341,0,2,50
15,16,11:01:15,2,-1,1,AA7341,0,2,91
16,17,11:08:04,2,-1,2,AA7341,0,2,368
17,18,11:09:14,2,-1,1,AA7341,0,2,30
18,19,11:14:38,2,-1,2,AA7341,0,2,283
19,20,11:18:01,2,-1,1,AA7341,0,2,152
20,21,11:21:55,2,-1,1,AA7341,0,2,203
21,22,11:23:57,2,-1,-1,AA7341,0,2,101
0,1,12:13:59,2,-1,-1,AA7341,0,2,92
1,2,12:17:45,2,-1,2,AA7341,0,2,94
2,3,12:19:46,2,-1,2,AA7341,0,2,50
3,4,12:22:48,2,-1,1,AA7341,0,2,121
4,5,12:26:11,2,-1,1,AA7341,0,2,131
5,6,12:27:34,2,-1,1,AA7341,0,2,30
6,7,12:36:06,2,-1,1,AA7341,0,2,471
7,8,12:38:17,2,-1,2,AA7341,0,2,121
8,9,12:39:39,2,-1,1,AA7341,0,2,61
9,10,12:40:39,2,-1,-1,AA7341,0,2,30
10,11,12:42:44,2,-1,-1,AA7341,0,2,50
11,12,12:43:45,2,-1,-1,AA7341,0,2,30
12,13,12:45:26,2,-1,1,AA7341,0,2,80
13,14,12:46:47,2,-1,1,AA7341,0,2,40
14,15,12:48:18,2,-1,-1,AA7341,0,2,60
15,16,12:50:32,2,-1,1,AA7341,0,2,103
16,17,12:57:28,2,-1,1,AA7341,0,2,375
17,18,12:58:49,2,-1,1,AA7341,0,2,30
18,19,13:03:06,2,-1,3,AA7341,0,2,226
19,21,13:09:14,2,-1,1,AA7341,1,4,297
21,22,13:11:26,2,-1,-1,AA7341,0,4,91
0,1,13:27:10,2,-1,-1,AA7341,0,4,80
1,2,13:28:16,2,-1,3,AA7341,0,4,10
2,3,13:30:27,2,-1,3,AA7341,0,4,111
3,4,13:36:27,2,-1,1,AA7341,0,2,233
4,5,13:39:49,2,-1,1,AA7341,0,2,131
5,6,13:41:40,2,-1,1,AA7341,0,2,50
6,7,13:50:19,2,-1,1,AA7341,0,2,488
7,8,13:53:15,2,-1,2,AA7341,0,2,144
8,9,13:55:06,2,-1,1,AA7341,0,2,60
9,10,13:56:06,2,-1,1,AA7341,0,2,30
10,11,13:58:48,2,-1,1,AA7341,0,2,121
11,12,13:59:59,2,-1,1,AA7341,0,2,30
12,13,14:02:04,2,-1,1,AA7341,0,2,94
13,14,14:02:45,2,-1,1,AA7341,0,2,30
14,15,14:04:15,2,-1,-1,AA7341,0,2,40
15,16,14:06:27,2,-1,1,AA7341,0,2,60
16,17,14:13:25,2,-1,1,AA7341,0,2,377
17,18,14:14:26,2,-1,1,AA7341,0,2,30
18,19,14:18:38,2,-1,3,AA7341,0,2,212
19,20,14:21:12,2,-1,2,AA7341,0,2,93
20,21,14:25:05,2,-1,1,AA7341,0,4,192
21,22,14:27:17,2,-1,-1,AA7341,0,4,70
0,1,0:01:20,2,-1,-1,AA7392,0,4,60
1,2,0:02:35,2,-1,2,AA7392,0,4,44
2,3,0:04:46,2,-1,2,AA7392,0,4,40
3,4,0:05:36,2,-1,1,AA7392,0,4,20
4,5,0:07:48,2,-1,1,AA7392,0,2,121
5,6,0:08:59,2,-1,1,AA7392,0,2,20
6,7,0:17:37,2,-1,1,AA7392,0,2,478
7,8,0:19:29,2,-1,2,AA7392,0,2,90
8,9,0:20:29,2,-1,1,AA7392,0,2,40
9,10,0:21:10,2,-1,1,AA7392,0,2,30
10,11,0:23:34,2,-1,1,AA7392,0,2,90
11,12,0:24:14,2,-1,1,AA7392,0,2,30
12,13,0:25:15,2,-1,1,AA7392,0,2,50
13,14,0:26:16,2,-1,1,AA7392,0,2,40
14,15,0:27:26,2,-1,-1,AA7392,0,2,30
15,16,0:29:28,2,-1,1,AA7392,0,2,90
16,17,0:36:25,2,-1,1,AA7392,0,2,376
17,18,0:37:15,2,-1,1,AA7392,0,2,20
18,19,0:41:18,2,-1,2,AA7392,0,2,202
19,20,0:44:10,2,-1,1,AA7392,0,2,111
20,21,0:46:25,2,-1,1,AA7392,0,2,103
21,22,0:48:06,2,-1,-1,AA7392,0,2,80
0,1,1:09:19,2,-1,-1,AA7392,0,2,70
1,2,1:10:40,2,-1,1,AA7392,0,2,50
2,3,1:13:03,2,-1,1,AA7392,0,2,80
3,4,1:14:54,2,-1,1,AA7392,0,2,60
4,5,1:17:36,2,-1,1,AA7392,0,2,111
5,6,1:18:37,2,-1,1,AA7392,0,2,30
6,7,1:26:45,2,-1,1,AA7392,0,2,458
7,8,1:28:16,2,-1,1,AA7392,0,2,80
8,9,1:29:47,2,-1,1,AA7392,0,2,40
9,10,1:30:28,2,-1,-1,AA7392,0,2,30
10,11,1:31:58,2,-1,-1,AA7392,0,4,60
11,12,1:32:29,2,-1,-1,AA7392,0,4,20
12,13,1:34:10,2,-1,-1,AA7392,0,4,50
13,14,1:35:25,2,-1,1,AA7392,0,4,40
14,15,1:36:35,2,-1,-1,AA7392,0,2,30
15,16,1:38:27,2,-1,1,AA7392,0,2,90
16,17,1:44:54,2,-1,1,AA7392,0,2,366
17,18,1:45:44,2,-1,1,AA7392,0,2,20
18,22,1:55:56,2,-1,-1,AA7392,3,4,571
0,1,6:11:12,2,-1,-1,AA7392,0,4,40
1,2,6:12:25,2,-1,2,AA7392,0,4,10
2,3,6:14:56,2,-1,2,AA7392,0,4,141
3,4,6:17:08,2,-1,1,AA7392,0,4,70
4,5,6:21:02,2,-1,1,AA7392,0,4,143
5,6,6:22:35,2,-1,1,AA7392,0,4,30
6,7,6:31:22,2,-1,1,AA7392,0,4,476
7,8,6:33:45,2,-1,2,AA7392,0,4,132
8,9,6:35:05,2,-1,1,AA7392,0,4,50
9,10,6:36:16,2,-1,1,AA7392,0,4,30
10,11,6:37:57,2,-1,1,AA7392,0,4,70
11,12,6:38:58,2,-1,1,AA7392,0,4,30
12,13,6:40:09,2,-1,1,AA7392,0,4,50
13,14,6:40:59,2,-1,1,AA7392,0,4,40
14,15,6:42:22,2,-1,-1,AA7392,0,4,30
15,16,6:44:35,2,-1,1,AA7392,0,4,102
16,17,6:51:19,2,-1,1,AA7392,0,4,363
17,18,6:52:10,2,-1,1,AA7392,0,4,30
18,19,6:56:25,2,-1,2,AA7392,0,4,212
19,20,6:59:17,2,-1,1,AA7392,0,4,111
20,21,7:02:08,2,-1,1,AA7392,0,4,131
21,22,7:04:10,2,-1,-1,AA7392,0,4,90
0,1,7:10:54,2,-1,-1,AA7392,0,4,60
1,2,7:12:25,2,-1,1,AA7392,0,2,30
2,3,7:14:47,2,-1,2,AA7392,0,2,111
3,4,7:17:08,2,-1,1,AA7392,0,2,30
4,5,7:20:44,2,-1,1,AA7392,0,2,124
5,6,7:22:15,2,-1,1,AA7392,0,2,20
6,7,7:31:13,2,-1,1,AA7392,0,2,487
7,8,7:33:57,2,-1,1,AA7392,0,2,153
8,9,7:35:18,2,-1,1,AA7392,0,2,50
9,10,7:36:18,2,-1,1,AA7392,0,2,30
10,11,7:38:56,2,-1,1,AA7392,0,4,116
11,12,7:39:56,2,-1,1,AA7392,0,4,20
12,13,7:41:17,2,-1,1,AA7392,0,4,50
13,14,7:42:59,2,-1,1,AA7392,0,4,60
14,15,7:44:09,2,-1,-1,AA7392,0,4,40
15,16,7:47:14,2,-1,1,AA7392,0,4,143
16,17,7:54:19,2,-1,1,AA7392,0,2,364
17,18,7:55:47,2,-1,1,AA7392,0,2,47
18,19,8:01:21,2,-1,3,AA7392,0,2,283
19,20,8:05:45,2,-1,2,AA7392,0,2,151
20,21,8:09:49,2,-1,1,AA7392,0,2,223
21,22,8:12:42,2,-1,-1,AA7392,0,2,101
0,1,8:20:55,2,-1,-1,AA7392,0,2,121
1,2,8:22:16,2,-1,3,AA7392,0,2,60
2,3,8:30:36,2,-1,3,AA7392,0,2,419
3,4,8:36:43,2,-1,1,AA7392,0,2,226
4,5,8:41:07,2,-1,1,AA7392,0,2,152
5,6,8:42:38,2,-1,1,AA7392,0,2,20
6,7,8:52:37,2,-1,2,AA7392,0,2,528
7,8,8:55:09,2,-1,2,AA7392,0,2,111
8,9,8:56:40,2,-1,1,AA7392,0,2,50
9,10,8:57:34,2,-1,1,AA7392,0,2,34
10,11,8:59:25,2,-1,1,AA7392,0,2,70
11,12,9:03:18,2,-1,2,AA7392,0,2,202
12,13,9:07:15,2,-1,3,AA7392,0,2,227
13,14,9:08:26,2,-1,2,AA7392,0,2,40
14,15,9:09:57,2,-1,-1,AA7392,0,2,30
15,16,9:12:49,2,-1,1,AA7392,0,2,151
16,17,9:19:29,2,-1,1,AA7392,0,2,368
17,18,9:21:00,2,-1,1,AA7392,0,2,50
18,19,9:26:05,2,-1,2,AA7392,0,2,255
19,20,9:28:58,2,-1,1,AA7392,0,2,91
20,21,9:31:31,2,-1,1,AA7392,0,2,142
21,22,9:33:44,2,-1,-1,AA7392,0,2,92
0,1,9:43:07,2,-1,-1,AA7392,0,2,50
1,2,9:44:39,2,-1,3,AA7392,0,2,50
2,3,9:48:14,2,-1,3,AA7392,0,2,113
3,4,9:50:25,2,-1,1,AA7392,0,2,70
4,5,9:53:17,2,-1,2,AA7392,0,2,131
5,6,9:54:52,2,-1,1,AA7392,0,2,34
6,7,10:07:27,2,-1,1,AA7392,0,2,713
7,8,10:09:59,2,-1,1,AA7392,0,2,131
8,9,10:11:30,2,-1,1,AA7392,0,2,50
9,10,10:12:10,2,-1,1,AA7392,0,4,30
10,11,10:13:32,2,-1,1,AA7392,0,4,31
11,13,10:15:14,2,-1,1,AA7392,1,4,91
13,14,10:16:05,2,-1,1,AA7392,0,4,30
14,15,10:17:36,2,-1,-1,AA7392,0,4,30
15,16,10:19:58,2,-1,1,AA7392,0,4,111
16,17,10:27:15,2,-1,3,AA7392,0,2,376
17,18,10:28:26,2,-1,1,AA7392,0,2,30
18,19,10:33:09,2,-1,2,AA7392,0,2,242
19,20,10:35:43,2,-1,1,AA7392,0,2,93
20,21,10:38:45,2,-1,1,AA7392,0,2,161
21,22,10:41:07,2,-1,-1,AA7392,0,2,90
0,1,11:21:45,2,-1,-1,AA7392,0,2,40
1,3,11:27:09,2,-1,2,AA7392,1,2,253
3,4,11:29:20,2,-1,1,AA7392,0,2,40
4,5,11:33:07,2,-1,1,AA7392,0,2,121
5,6,11:34:28,2,-1,1,AA7392,0,2,20
6,7,11:43:38,2,-1,-1,AA7392,0,2,499
7,8,11:45:39,2,-1,1,AA7392,0,2,111
8,9,11:47:31,2,-1,1,AA7392,0,2,81
9,10,11:48:12,2,-1,1,AA7392,0,2,20
10,11,11:50:25,2,-1,1,AA7392,0,2,70
11,12,11:51:26,2,-1,1,AA7392,0,2,30
12,13,11:53:37,2,-1,1,AA7392,0,2,70
13,14,11:55:19,2,-1,1,AA7392,0,2,40
14,15,11:57:00,2,-1,-1,AA7392,0,2,30
15,16,11:59:14,2,-1,1,AA7392,0,2,101
16,17,12:06:20,2,-1,1,AA7392,0,2,385
17,18,12:07:34,2,-1,1,AA7392,0,2,32
18,19,12:12:17,2,-1,2,AA7392,0,2,232
19,20,12:15:20,2,-1,1,AA7392,0,2,101
20,21,12:19:06,2,-1,1,AA7392,0,2,151
21,22,12:21:47,2,-1,-1,AA7392,0,2,101
0,1,12:34:55,2,-1,-1,AA7392,0,2,114
1,2,12:37:06,2,-1,2,AA7392,0,2,80
2,3,12:39:18,2,-1,2,AA7392,0,2,71
3,4,12:41:34,2,-1,-1,AA7392,0,2,34
4,5,12:45:36,2,-1,1,AA7392,0,2,141
5,6,12:46:47,2,-1,1,AA7392,0,2,20
6,7,12:55:47,2,-1,1,AA7392,0,2,479
7,8,12:57:38,2,-1,1,AA7392,0,2,101
8,9,12:59:30,2,-1,1,AA7392,0,2,60
9,10,13:00:34,2,-1,1,AA7392,0,2,34
10,11,13:02:56,2,-1,1,AA7392,0,2,71
11,12,13:03:47,2,-1,1,AA7392,0,2,30
12,13,13:05:49,2,-1,1,AA7392,0,4,91
13,14,13:07:30,2,-1,1,AA7392,0,4,60
14,15,13:08:54,2,-1,-1,AA7392,0,4,33
15,16,13:11:56,2,-1,1,AA7392,0,4,141
16,17,13:19:11,2,-1,1,AA7392,0,4,384
17,18,13:20:15,2,-1,1,AA7392,0,4,30
18,19,13:25:50,2,-1,2,AA7392,0,4,252
19,20,13:28:05,2,-1,1,AA7392,0,4,65
20,21,13:31:28,2,-1,1,AA7392,0,4,172
21,22,13:33:55,2,-1,-1,AA7392,0,2,96
0,2,13:50:09,2,-1,3,AA7392,1,2,243
2,3,13:53:35,2,-1,3,AA7392,0,2,111
3,4,13:56:16,2,-1,1,AA7392,0,2,90
4,5,14:00:29,2,-1,1,AA7392,0,2,151
5,6,14:03:15,2,-1,1,AA7392,0,2,20
6,7,14:13:05,2,-1,1,AA7392,0,2,539
7,8,14:15:27,2,-1,1,AA7392,0,2,101
8,9,14:16:57,2,-1,1,AA7392,0,2,70
9,10,14:18:08,2,-1,1,AA7392,0,2,30
10,11,14:21:12,2,-1,1,AA7392,0,2,93
11,12,14:22:13,2,-1,2,AA7392,0,4,30
12,13,14:24:45,2,-1,2,AA7392,0,4,111
13,14,14:25:36,2,-1,1,AA7392,0,4,40
14,15,14:27:07,2,-1,-1,AA7392,0,4,30
15,16,14:29:49,2,-1,1,AA7392,0,4,131
16,17,14:36:34,2,-1,1,AA7392,0,4,365
17,18,14:38:05,2,-1,1,AA7392,0,4,40
18,21,14:51:38,2,-1,1,AA7392,2,4,731
21,22,14:54:00,2,-1,-1,AA7392,0,4,102
0,1,15:15:10,2,-1,-1,AA7392,0,4,101
1,2,15:17:55,2,-1,3,AA7392,0,4,154
2,3,15:20:37,2,-1,3,AA7392,0,4,91
3,4,15:22:59,2,-1,1,AA7392,0,4,60
4,5,15:26:35,2,-1,2,AA7392,0,4,134
5,6,15:27:56,2,-1,1,AA7392,0,4,20
6,7,15:42:09,2,-1,2,AA7392,0,4,812
7,8,15:43:53,2,-1,2,AA7392,0,4,93
8,9,15:45:24,2,-1,1,AA7392,0,4,60
9,10,15:46:36,2,-1,1,AA7392,0,4,40
10,11,15:48:58,2,-1,1,AA7392,0,4,111
11,12,15:50:08,2,-1,2,AA7392,0,4,30
12,13,15:52:00,2,-1,2,AA7392,0,4,70
13,14,15:52:42,2,-1,2,AA7392,0,4,32
14,15,15:54:24,2,-1,-1,AA7392,0,4,50
15,16,15:57:07,2,-1,1,AA7392,0,4,142
16,17,16:04:06,2,-1,3,AA7392,0,4,368
17,18,16:05:07,2,-1,1,AA7392,0,4,20
18,19,16:13:26,2,-1,2,AA7392,0,4,458
19,20,16:16:49,2,-1,1,AA7392,0,4,161
20,21,16:20:23,2,-1,1,AA7392,0,4,164
21,22,16:23:16,2,-1,-1,AA7392,0,4,101
0,1,16:33:38,2,-1,-1,AA7392,0,4,580
1,2,16:35:09,2,-1,3,AA7392,0,4,50
2,3,16:37:43,2,-1,3,AA7392,0,4,113
3,4,16:40:55,2,-1,1,AA7392,0,4,141
4,5,16:43:47,2,-1,2,AA7392,0,4,141
5,6,16:44:58,2,-1,1,AA7392,0,4,50
6,7,16:53:58,2,-1,1,AA7392,0,4,509
7,8,16:55:39,2,-1,2,AA7392,0,4,90
8,9,16:57:00,2,-1,1,AA7392,0,4,40
9,10,16:57:52,2,-1,1,AA7392,0,4,20
10,11,17:00:34,2,-1,1,AA7392,0,4,121
11,13,17:03:06,2,-1,1,AA7392,1,4,121
13,14,17:05:48,2,-1,2,AA7392,0,4,121
14,15,17:08:00,2,-1,-1,AA7392,0,4,40
15,16,17:10:45,2,-1,1,AA7392,0,2,132
16,17,17:17:36,2,-1,1,AA7392,0,2,370
17,18,17:18:32,2,-1,1,AA7392,0,2,23
18,19,17:23:42,2,-1,3,AA7392,0,2,268
19,20,17:29:07,2,-1,1,AA7392,0,2,192
20,21,17:32:49,2,-1,1,AA7392,0,2,212
21,22,17:35:34,2,-1,-1,AA7392,0,2,93
0,2,18:01:22,2,-1,3,AA7392,1,2,1487
2,3,18:05:28,2,-1,2,AA7392,0,2,163
3,4,18:08:20,2,-1,1,AA7392,0,2,111
4,5,18:11:56,2,-1,2,AA7392,0,2,131
5,6,18:13:58,2,-1,1,AA7392,0,2,40
6,7,18:35:07,2,-1,1,AA7392,0,2,1229
7,8,18:37:29,2,-1,2,AA7392,0,2,131
8,9,18:39:01,2,-1,1,AA7392,0,2,61
9,10,18:40:15,2,-1,1,AA7392,0,2,40
10,11,18:42:46,2,-1,1,AA7392,0,2,121
11,12,18:43:47,2,-1,1,AA7392,0,2,30
12,13,18:46:39,2,-1,2,AA7392,0,2,111
13,14,18:48:20,2,-1,3,AA7392,0,2,50
14,15,18:50:26,2,-1,-1,AA7392,0,2,60
15,16,18:53:58,2,-1,1,AA7392,0,2,182
16,17,19:00:57,2,-1,3,AA7392,0,2,378
17,18,19:02:38,2,-1,1,AA7392,0,2,40
18,19,19:10:58,2,-1,3,AA7392,0,2,439
19,20,19:14:55,2,-1,1,AA7392,0,2,115
20,21,19:18:37,2,-1,1,AA7392,0,2,171
21,22,19:20:49,2,-1,-1,AA7392,0,2,91
0,1,19:31:13,2,-1,-1,AA7392,0,2,573
1,2,19:32:35,2,-1,2,AA7392,0,2,50
2,3,19:34:07,2,-1,2,AA7392,0,2,41
3,4,19:36:19,2,-1,1,AA7392,0,2,50
4,5,19:39:53,2,-1,2,AA7392,0,2,133
5,6,19:41:05,2,-1,-1,AA7392,0,2,20
6,7,19:51:24,2,-1,1,AA7392,0,2,579
7,8,19:53:05,2,-1,2,AA7392,0,2,91
8,9,19:54:16,2,-1,1,AA7392,0,2,40
9,10,19:55:07,2,-1,1,AA7392,0,2,30
10,11,19:58:44,2,-1,1,AA7392,0,2,126
11,12,19:59:55,2,-1,1,AA7392,0,2,20
12,13,20:02:07,2,-1,1,AA7392,0,2,70
13,14,20:02:58,2,-1,2,AA7392,0,2,40
14,15,20:05:09,2,-1,-1,AA7392,0,2,40
15,16,20:07:46,2,-1,1,AA7392,0,2,131
16,17,20:14:34,2,-1,1,AA7392,0,2,367
17,18,20:15:35,2,-1,1,AA7392,0,2,20
18,19,20:21:19,2,-1,2,AA7392,0,2,303
19,20,20:24:11,2,-1,1,AA7392,0,2,131
20,21,20:26:46,2,-1,1,AA7392,0,2,112
21,22,20:28:27,2,-1,-1,AA7392,0,2,91
16,17,0:02:10,2,-1,1,AA7440,0,4,353
17,18,0:03:45,2,-1,1,AA7440,0,4,30
18,19,0:07:48,2,-1,2,AA7440,0,2,212
19,20,0:10:53,2,-1,1,AA7440,0,2,114
20,21,0:13:45,2,-1,1,AA7440,0,2,151
21,22,0:15:36,2,-1,-1,AA7440,0,2,90
0,1,0:37:05,2,-1,-1,AA7440,0,2,30
1,2,0:37:56,2,-1,1,AA7440,0,2,20
2,3,0:39:47,2,-1,1,AA7440,0,2,40
3,4,0:40:37,2,-1,1,AA7440,0,2,20
4,5,0:43:09,2,-1,1,AA7440,0,2,121
5,6,0:44:10,2,-1,1,AA7440,0,2,20
6,7,0:52:39,2,-1,1,AA7440,0,2,467
7,8,0:54:00,2,-1,1,AA7440,0,2,70
8,9,0:54:52,2,-1,1,AA7440,0,2,42
9,10,0:55:34,2,-1,1,AA7440,0,2,31
10,11,0:56:46,2,-1,1,AA7440,0,2,61
11,12,0:57:26,2,-1,1,AA7440,0,2,30
12,13,0:58:47,2,-1,1,AA7440,0,2,50
13,14,0:59:48,2,-1,1,AA7440,0,2,30
14,15,1:00:48,2,-1,-1,AA7440,0,2,20
15,16,1:02:30,2,-1,1,AA7440,0,2,60
16,17,1:08:48,2,-1,1,AA7440,0,2,358
17,18,1:09:49,2,-1,1,AA7440,0,2,20
18,19,1:14:04,2,-1,2,AA7440,0,2,234
19,20,1:15:45,2,-1,1,AA7440,0,2,60
20,21,1:17:06,2,-1,1,AA7440,0,2,70
21,22,1:18:47,2,-1,-1,AA7440,0,2,80
0,1,6:32:12,2,-1,-1,AA7440,0,4,80
1,2,6:34:15,2,-1,2,AA7440,0,4,70
2,3,6:36:26,2,-1,2,AA7440,0,4,30
3,4,6:38:38,2,-1,1,AA7440,0,4,80
4,5,6:41:42,2,-1,1,AA7440,0,4,143
5,6,6:43:03,2,-1,1,AA7440,0,4,20
6,7,6:51:50,2,-1,1,AA7440,0,4,475
7,8,6:54:13,2,-1,1,AA7440,0,4,133
8,9,6:55:44,2,-1,1,AA7440,0,4,50
9,10,6:56:55,2,-1,1,AA7440,0,4,30
10,11,6:58:46,2,-1,1,AA7440,0,4,80
11,12,6:59:37,2,-1,1,AA7440,0,4,20
12,13,7:01:18,2,-1,1,AA7440,0,4,70
13,14,7:02:08,2,-1,1,AA7440,0,4,40
14,15,7:02:59,2,-1,-1,AA7440,0,4,30
15,16,7:05:17,2,-1,1,AA7440,0,4,97
16,17,7:12:05,2,-1,1,AA7440,0,2,377
17,18,7:13:16,2,-1,1,AA7440,0,2,30
18,19,7:17:08,2,-1,2,AA7440,0,2,212
19,20,7:19:20,2,-1,1,AA7440,0,2,60
21,22,7:24:26,2,-1,-1,AA7440,0,2,70
0,1,7:35:38,2,-1,-1,AA7440,0,2,10
1,2,7:38:35,2,-1,2,AA7440,0,4,96
2,3,7:41:38,2,-1,3,AA7440,0,4,80
3,4,7:46:23,2,-1,1,AA7440,0,4,224
4,5,7:50:46,2,-1,1,AA7440,0,4,172
5,6,7:52:58,2,-1,1,AA7440,0,4,30
6,7,8:02:33,2,-1,1,AA7440,0,2,534
7,8,8:05:15,2,-1,2,AA7440,0,2,141
8,9,8:06:46,2,-1,1,AA7440,0,2,60
9,10,8:07:47,2,-1,1,AA7440,0,2,20
10,11,8:10:39,2,-1,1,AA7440,0,2,142
11,12,8:11:50,2,-1,1,AA7440,0,2,30
12,13,8:13:42,2,-1,1,AA7440,0,2,81
13,14,8:14:53,2,-1,1,AA7440,0,2,30
14,15,8:17:09,2,-1,-1,AA7440,0,2,44
15,16,8:20:55,2,-1,1,AA7440,0,2,185
16,17,8:28:00,2,-1,1,AA7440,0,2,374
17,18,8:29:12,2,-1,1,AA7440,0,2,20
18,19,8:34:29,2,-1,3,AA7440,0,2,253
19,20,8:39:05,2,-1,2,AA7440,0,2,151
20,21,8:41:07,2,-1,1,AA7440,0,2,111
21,22,8:43:08,2,-1,-1,AA7440,0,2,101
0,1,8:53:28,2,-1,-1,AA7440,0,2,50
1,2,8:56:40,2,-1,3,AA7440,0,2,111
2,3,8:59:46,2,-1,3,AA7440,0,2,111
3,4,9:02:48,2,-1,1,AA7440,0,2,91
4,5,9:07:05,2,-1,1,AA7440,0,2,156
5,6,9:08:16,2,-1,1,AA7440,0,2,20
6,7,9:18:58,2,-1,1,AA7440,0,2,591
7,8,9:22:21,2,-1,2,AA7440,0,2,182
8,9,9:24:24,2,-1,1,AA7440,0,2,91
9,10,9:25:14,2,-1,1,AA7440,0,2,30
10,11,9:27:17,2,-1,1,AA7440,0,2,81
11,12,9:27:47,2,-1,1,AA7440,0,2,20
12,13,9:29:08,2,-1,1,AA7440,0,2,70
13,14,9:29:59,2,-1,1,AA7440,0,2,40
14,15,9:31:31,2,-1,-1,AA7440,0,2,31
15,16,9:34:25,2,-1,1,AA7440,0,2,133
16,17,9:41:47,2,-1,2,AA7440,0,2,399
17,18,9:42:57,2,-1,1,AA7440,0,2,40
18,19,9:51:26,2,-1,2,AA7440,0,2,467
19,20,9:54:52,2,-1,2,AA7440,0,2,84
20,21,9:57:55,2,-1,1,AA7440,0,2,172
21,22,9:59:56,2,-1,-1,AA7440,0,2,90
0,1,10:08:48,2,-1,-1,AA7440,0,2,60
1,2,10:11:10,2,-1,3,AA7440,0,2,121
2,3,10:13:43,2,-1,3,AA7440,0,4,92
3,4,10:15:03,2,-1,1,AA7440,0,4,40
4,5,10:19:07,2,-1,2,AA7440,0,4,182
5,6,10:20:28,2,-1,1,AA7440,0,4,20
6,7,10:30:07,2,-1,1,AA7440,0,2,538
7,8,10:31:38,2,-1,2,AA7440,0,2,80
8,9,10:33:09,2,-1,1,AA7440,0,2,70
9,10,10:34:10,2,-1,1,AA7440,0,2,20
10,11,10:37:04,2,-1,1,AA7440,0,2,113
11,12,10:37:54,2,-1,1,AA7440,0,2,30
12,13,10:39:56,2,-1,1,AA7440,0,2,91
13,14,10:41:07,2,-1,1,AA7440,0,2,50
14,15,10:42:38,2,-1,-1,AA7440,0,2,40
15,16,10:44:59,2,-1,1,AA7440,0,2,101
16,17,10:52:37,2,-1,1,AA7440,0,2,417
17,18,10:53:58,2,-1,1,AA7440,0,2,30
18,19,10:59:44,2,-1,2,AA7440,0,2,325
19,22,11:03:37,2,-1,-1,AA7440,2,2,182
0,1,11:52:27,2,-1,-1,AA7440,0,2,70
1,2,11:53:58,2,-1,2,AA7440,0,2,10
2,3,11:55:49,2,-1,2,AA7440,0,2,40
3,4,11:57:00,2,-1,1,AA7440,0,2,20
4,5,12:00:35,2,-1,1,AA7440,0,2,151
5,6,12:01:36,2,-1,1,AA7440,0,2,20
6,7,12:10:46,2,-1,1,AA7440,0,2,509
7,8,12:13:19,2,-1,2,AA7440,0,2,142
8,9,12:15:00,2,-1,1,AA7440,0,2,60
9,10,12:15:50,2,-1,1,AA7440,0,2,30
10,11,12:18:15,2,-1,1,AA7440,0,2,80
11,12,12:19:16,2,-1,1,AA7440,0,2,30
12,13,12:20:57,2,-1,1,AA7440,0,2,70
13,14,12:22:08,2,-1,1,AA7440,0,2,40
14,15,12:23:39,2,-1,-1,AA7440,0,2,40
15,16,12:26:21,2,-1,1,AA7440,0,2,121
16,17,12:33:30,2,-1,1,AA7440,0,2,397
17,18,12:34:55,2,-1,1,AA7440,0,2,20
18,19,12:39:39,2,-1,3,AA7440,0,2,253
19,20,12:47:07,2,-1,1,AA7440,0,2,222
20,21,12:50:00,2,-1,1,AA7440,0,2,151
21,22,12:52:05,2,-1,-1,AA7440,0,2,82
0,1,13:05:59,2,-1,-1,AA7440,0,4,40
1,2,13:07:30,2,-1,1,AA7440,0,4,40
2,3,13:10:25,2,-1,2,AA7440,0,4,111
3,4,13:14:28,2,-1,1,AA7440,0,4,182
4,5,13:18:20,2,-1,1,AA7440,0,4,181
5,6,13:19:35,2,-1,1,AA7440,0,4,23
6,7,13:29:06,2,-1,1,AA7440,0,4,530
7,8,13:31:18,2,-1,2,AA7440,0,4,121
8,9,13:33:55,2,-1,1,AA7440,0,2,137
9,10,13:35:06,2,-1,1,AA7440,0,2,30
10,11,13:36:47,2,-1,1,AA7440,0,2,40
11,12,13:37:58,2,-1,1,AA7440,0,2,40
12,13,13:39:49,2,-1,1,AA7440,0,2,90
13,14,13:40:29,2,-1,1,AA7440,0,2,30
14,15,13:42:21,2,-1,-1,AA7440,0,2,40
15,16,13:44:35,2,-1,1,AA7440,0,2,91
16,17,13:52:04,2,-1,1,AA7440,0,2,387
17,18,13:53:35,2,-1,1,AA7440,0,2,40
18,19,13:58:28,2,-1,2,AA7440,0,2,252
19,20,14:01:00,2,-1,1,AA7440,0,2,70
20,21,14:03:25,2,-1,1,AA7440,0,2,91
21,22,14:05:57,2,-1,-1,AA7440,0,2,111
0,1,14:18:38,2,-1,-1,AA7440,0,2,50
1,2,14:20:52,2,-1,3,AA7440,0,2,113
2,3,14:23:34,2,-1,3,AA7440,0,4,81
3,4,14:28:48,2,-1,1,AA7440,0,4,232
4,5,14:32:20,2,-1,1,AA7440,0,4,141
5,6,14:33:52,2,-1,1,AA7440,0,4,20
6,7,14:45:34,2,-1,1,AA7440,0,4,640
7,8,14:48:05,2,-1,1,AA7440,0,4,131
8,9,14:50:07,2,-1,1,AA7440,0,4,90
9,10,14:50:57,2,-1,1,AA7440,0,4,30
10,11,14:54:33,2,-1,1,AA7440,0,4,144
11,12,14:55:24,2,-1,2,AA7440,0,4,20
12,13,14:58:23,2,-1,2,AA7440,0,4,111
13,14,14:59:45,2,-1,1,AA7440,0,4,50
14,15,15:01:16,2,-1,-1,AA7440,0,4,30
15,16,15:04:54,2,-1,1,AA7440,0,4,176
16,17,15:12:18,2,-1,3,AA7440,0,4,386
17,18,15:13:28,2,-1,1,AA7440,0,4,30
18,19,15:21:07,2,-1,3,AA7440,0,4,428
19,20,15:25:21,2,-1,2,AA7440,0,4,141
20,21,15:27:46,2,-1,1,AA7440,0,4,111
21,22,15:29:57,2,-1,-1,AA7440,0,4,91
0,1,15:37:55,2,-1,-1,AA7440,0,4,71
1,2,15:41:08,2,-1,3,AA7440,0,4,111
2,3,15:43:00,2,-1,3,AA7440,0,4,101
3,4,15:45:34,2,-1,1,AA7440,0,4,111
4,5,15:49:08,2,-1,3,AA7440,0,4,131
5,6,15:50:19,2,-1,1,AA7440,0,4,20
6,7,16:05:27,2,-1,2,AA7440,0,4,858
7,8,16:07:19,2,-1,2,AA7440,0,4,91
8,9,16:08:50,2,-1,1,AA7440,0,4,50
9,10,16:09:42,2,-1,1,AA7440,0,4,32
10,11,16:11:35,2,-1,1,AA7440,0,4,50
11,12,16:12:26,2,-1,2,AA7440,0,4,30
12,13,16:14:27,2,-1,1,AA7440,0,4,91
13,14,16:15:38,2,-1,2,AA7440,0,4,30
14,15,16:18:10,2,-1,-1,AA7440,0,4,80
15,16,16:20:13,2,-1,1,AA7440,0,4,103
16,17,16:27:13,2,-1,3,AA7440,0,4,369
17,18,16:28:24,2,-1,1,AA7440,0,4,40
18,19,16:36:32,2,-1,3,AA7440,0,4,447
19,21,16:44:48,2,-1,1,AA7440,1,4,414
21,22,16:47:20,2,-1,-1,AA7440,0,4,111
1,2,16:56:20,2,-1,3,AA7440,0,4,91
2,3,16:57:52,2,-1,2,AA7440,0,4,51
3,4,17:00:44,2,-1,1,AA7440,0,4,131
4,5,17:04:17,2,-1,1,AA7440,0,4,131
5,6,17:05:28,2,-1,1,AA7440,0,4,20
6,7,17:13:48,2,-1,1,AA7440,0,2,479
7,8,17:16:12,2,-1,2,AA7440,0,2,103
8,9,17:17:25,2,-1,1,AA7440,0,2,41
9,10,17:18:08,2,-1,1,AA7440,0,2,32
10,11,17:20:39,2,-1,1,AA7440,0,2,139
11,12,17:21:46,2,-1,1,AA7440,0,2,25
12,13,17:23:42,2,-1,1,AA7440,0,2,83
13,14,17:24:54,2,-1,2,AA7440,0,2,60
14,15,17:27:26,2,-1,-1,AA7440,0,2,30
15,16,17:31:08,2,-1,1,AA7440,0,2,141
16,17,17:38:36,2,-1,1,AA7440,0,2,356
17,18,17:39:57,2,-1,1,AA7440,0,2,30
18,19,17:46:27,2,-1,3,AA7440,0,2,350
19,20,17:48:08,2,-1,2,AA7440,0,2,40
20,21,17:52:25,2,-1,1,AA7440,0,2,175
21,22,17:55:07,2,-1,-1,AA7440,0,2,90
0,1,18:12:17,2,-1,-1,AA7440,0,2,91
1,2,18:14:59,2,-1,2,AA7440,0,2,151
2,3,18:19:24,2,-1,2,AA7440,0,2,101
3,4,18:22:06,2,-1,1,AA7440,0,2,91
4,5,18:25:38,2,-1,2,AA7440,0,2,121
5,6,18:27:40,2,-1,1,AA7440,0,2,30
6,8,19:02:38,2,-1,2,AA7440,1,2,2037
8,9,19:03:59,2,-1,1,AA7440,0,2,40
9,10,19:05:00,2,-1,1,AA7440,0,2,40
10,11,19:07:25,2,-1,1,AA7440,0,2,80
11,12,19:08:26,2,-1,2,AA7440,0,2,30
12,13,19:10:58,2,-1,1,AA7440,0,2,121
13,14,19:12:29,2,-1,3,AA7440,0,2,40
14,15,19:15:15,2,-1,-1,AA7440,0,2,70
15,16,19:22:40,2,-1,1,AA7440,0,2,394
16,17,19:30:08,2,-1,3,AA7440,0,2,395
17,18,19:31:34,2,-1,1,AA7440,0,2,41
18,19,19:38:53,2,-1,3,AA7440,0,2,397
19,20,19:41:55,2,-1,-1,AA7440,0,2,121
20,21,19:44:47,2,-1,-1,AA7440,0,2,131
21,22,19:47:19,2,-1,-1,AA7440,0,2,101
16,17,20:09:57,2,-1,1,AA7440,0,2,470
17,18,20:11:08,2,-1,1,AA7440,0,2,20
18,19,20:17:16,2,-1,2,AA7440,0,2,327
19,20,20:20:18,2,-1,1,AA7440,0,2,131
20,21,20:23:00,2,-1,1,AA7440,0,2,151
21,22,20:25:14,2,-1,-1,AA7440,0,2,93
0,1,21:16:10,2,-1,-1,AA7440,0,2,60
1,2,21:18:14,2,-1,3,AA7440,0,2,70
2,3,21:19:45,2,-1,2,AA7440,0,2,50
3,4,21:22:16,2,-1,1,AA7440,0,2,101
4,5,21:24:59,2,-1,1,AA7440,0,2,121
5,6,21:25:59,2,-1,1,AA7440,0,2,20
6,7,21:34:30,2,-1,1,AA7440,0,2,465
7,8,21:35:54,2,-1,1,AA7440,0,2,74
8,9,21:37:26,2,-1,1,AA7440,0,2,70
9,10,21:38:06,2,-1,1,AA7440,0,2,30
10,11,21:41:09,2,-1,1,AA7440,0,2,70
11,12,21:42:10,2,-1,1,AA7440,0,2,20
12,13,21:43:53,2,-1,1,AA7440,0,2,60
13,14,21:44:34,2,-1,1,AA7440,0,2,30
14,15,21:46:05,2,-1,-1,AA7440,0,2,40
15,16,21:47:48,2,-1,1,AA7440,0,2,82
16,17,21:54:47,2,-1,1,AA7440,0,2,358
17,18,21:55:48,2,-1,1,AA7440,0,2,20
18,19,21:59:53,2,-1,2,AA7440,0,2,204
19,20,22:02:35,2,-1,1,AA7440,0,2,121
20,21,22:04:37,2,-1,1,AA7440,0,2,111
21,22,22:06:38,2,-1,-1,AA7440,0,2,90
0,1,22:27:25,2,-1,-1,AA7440,0,2,30
1,2,22:29:48,2,-1,2,AA7440,0,2,92
2,3,22:31:19,2,-1,2,AA7440,0,2,80
3,4,22:33:20,2,-1,1,AA7440,0,2,50
4,5,22:36:24,2,-1,1,AA7440,0,2,123
5,6,22:37:25,2,-1,1,AA7440,0,2,10
6,7,22:45:52,2,-1,1,AA7440,0,2,456
7,8,22:48:04,2,-1,1,AA7440,0,2,91
8,9,22:49:14,2,-1,1,AA7440,0,2,30
9,10,22:50:05,2,-1,1,AA7440,0,2,10
10,11,22:52:17,2,-1,1,AA7440,0,2,60
11,12,22:53:17,2,-1,1,AA7440,0,2,30
12,13,22:54:48,2,-1,1,AA7440,0,2,60
13,14,22:56:19,2,-1,1,AA7440,0,2,40
14,15,22:57:43,2,-1,-1,AA7440,0,2,22
15,16,22:59:34,2,-1,1,AA7440,0,2,70
16,17,23:06:08,2,-1,1,AA7440,0,2,364
17,18,23:07:19,2,-1,1,AA7440,0,2,30
18,19,23:11:35,2,-1,2,AA7440,0,2,205
19,20,23:14:17,2,-1,1,AA7440,0,2,111
20,21,23:16:18,2,-1,1,AA7440,0,2,91
21,22,23:17:59,2,-1,-1,AA7440,0,2,90
0,1,23:44:35,2,-1,-1,AA7440,0,2,71
1,2,23:45:56,2,-1,2,AA7440,0,2,40
2,3,23:48:18,2,-1,2,AA7440,0,2,60
3,4,23:50:29,2,-1,1,AA7440,0,2,90
4,5,23:52:55,2,-1,1,AA7440,0,2,115
5,6,23:53:36,2,-1,1,AA7440,0,2,10
0,1,0:19:08,2,-1,-1,AA7489,0,2,30
1,2,0:20:39,2,-1,2,AA7489,0,2,60
2,3,0:23:03,2,-1,2,AA7489,0,2,113
3,4,0:23:44,2,-1,1,AA7489,0,2,20
4,5,0:26:05,2,-1,1,AA7489,0,2,111
5,6,0:27:16,2,-1,1,AA7489,0,2,30
6,7,0:35:14,2,-1,1,AA7489,0,2,447
7,8,0:37:05,2,-1,1,AA7489,0,2,101
8,9,0:38:06,2,-1,1,AA7489,0,2,30
9,10,0:38:46,2,-1,1,AA7489,0,2,20
10,11,0:40:58,2,-1,1,AA7489,0,2,111
11,12,0:41:38,2,-1,1,AA7489,0,2,20
12,13,0:42:29,2,-1,1,AA7489,0,2,40
13,14,0:44:00,2,-1,1,AA7489,0,2,40
14,15,0:44:52,2,-1,-1,AA7489,0,2,32
15,16,0:46:05,2,-1,1,AA7489,0,2,52
16,17,0:52:19,2,-1,1,AA7489,0,2,343
17,18,0:53:09,2,-1,1,AA7489,0,2,20
18,19,0:56:35,2,-1,2,AA7489,0,2,195
19,20,0:58:07,2,-1,1,AA7489,0,2,60
20,21,0:59:38,2,-1,1,AA7489,0,2,80
21,22,1:01:29,2,-1,-1,AA7489,0,2,101
0,1,1:21:08,2,-1,-1,AA7489,0,2,40
1,2,1:22:29,2,-1,1,AA7489,0,2,70
2,3,1:24:54,2,-1,1,AA7489,0,2,104
4,5,1:27:26,2,-1,1,AA7489,0,2,101
5,6,1:28:36,2,-1,1,AA7489,0,2,20
6,7,1:36:15,2,-1,1,AA7489,0,4,448
7,8,1:37:36,2,-1,2,AA7489,0,2,70
8,9,1:40:58,2,-1,1,AA7489,0,2,40
9,11,1:43:10,2,-1,1,AA7489,1,2,111
11,12,1:43:51,2,-1,1,AA7489,0,2,30
12,13,1:45:04,2,-1,1,AA7489,0,2,53
13,14,1:45:44,2,-1,1,AA7489,0,2,30
14,15,1:46:25,2,-1,-1,AA7489,0,2,20
15,16,1:47:57,2,-1,1,AA7489,0,2,70
16,17,1:54:25,2,-1,1,AA7489,0,4,357
17,18,1:55:26,2,-1,1,AA7489,0,4,30
18,19,1:59:28,2,-1,2,AA7489,0,4,202
19,20,2:00:49,2,-1,1,AA7489,0,4,40
20,22,2:04:04,2,-1,-1,AA7489,1,4,184
0,1,8:09:59,2,-1,-1,AA7489,0,2,61
1,2,8:12:11,2,-1,3,AA7489,0,2,101
2,3,8:18:33,2,-1,3,AA7489,0,2,361
3,4,8:26:29,2,-1,1,AA7489,0,2,283
4,5,8:31:06,2,-1,1,AA7489,0,2,144
5,6,8:33:28,2,-1,1,AA7489,0,2,60
6,7,8:44:50,2,-1,2,AA7489,0,2,631
7,8,8:48:04,2,-1,2,AA7489,0,2,183
8,9,8:50:46,2,-1,1,AA7489,0,2,141
9,10,8:51:46,2,-1,1,AA7489,0,2,30
10,11,8:54:48,2,-1,1,AA7489,0,2,131
11,12,8:57:44,2,-1,2,AA7489,0,2,135
12,13,9:02:37,2,-1,3,AA7489,0,2,171
13,14,9:03:38,2,-1,2,AA7489,0,2,40
14,15,9:05:20,2,-1,-1,AA7489,0,2,40
15,16,9:07:36,2,-1,1,AA7489,0,2,111
16,17,9:15:05,2,-1,1,AA7489,0,2,389
17,18,9:16:26,2,-1,1,AA7489,0,2,40
18,19,9:21:50,2,-1,2,AA7489,0,2,303
19,20,9:25:04,2,-1,1,AA7489,0,2,151
20,21,9:28:58,2,-1,1,AA7489,0,2,223
21,22,9:31:41,2,-1,-1,AA7489,0,2,112
0,1,9:39:44,2,-1,-1,AA7489,0,2,94
1,2,9:41:57,2,-1,3,AA7489,0,2,92
2,3,9:43:28,2,-1,2,AA7489,0,2,40
3,4,9:46:20,2,-1,1,AA7489,0,2,101
4,5,9:50:05,2,-1,2,AA7489,0,2,214
5,6,9:51:46,2,-1,1,AA7489,0,2,30
6,7,10:03:39,2,-1,1,AA7489,0,2,642
7,8,10:06:16,2,-1,1,AA7489,0,2,127
8,9,10:07:47,2,-1,1,AA7489,0,2,50
9,10,10:08:48,2,-1,1,AA7489,0,2,30
10,11,10:11:10,2,-1,1,AA7489,0,2,91
11,12,10:12:00,2,-1,1,AA7489,0,2,20
12,13,10:13:32,2,-1,1,AA7489,0,4,61
13,14,10:14:43,2,-1,1,AA7489,0,4,40
14,15,10:16:15,2,-1,-1,AA7489,0,4,30
15,16,10:18:47,2,-1,1,AA7489,0,4,121
16,17,10:25:54,2,-1,3,AA7489,0,2,386
17,18,10:26:55,2,-1,1,AA7489,0,2,30
18,19,10:31:28,2,-1,2,AA7489,0,2,232
19,20,10:35:43,2,-1,1,AA7489,0,2,244
20,21,10:38:55,2,-1,1,AA7489,0,2,171
21,22,10:41:17,2,-1,-1,AA7489,0,2,101
0,1,10:55:39,2,-1,-1,AA7489,0,2,60
1,2,10:57:10,2,-1,2,AA7489,0,2,40
2,3,10:59:34,2,-1,2,AA7489,0,2,91
3,4,11:01:05,2,-1,1,AA7489,0,2,30
4,5,11:04:38,2,-1,1,AA7489,0,2,142
5,6,11:05:59,2,-1,1,AA7489,0,2,30
6,7,11:15:49,2,-1,1,AA7489,0,2,550
7,8,11:18:01,2,-1,2,AA7489,0,2,121
8,9,11:19:34,2,-1,1,AA7489,0,2,51
9,10,11:20:24,2,-1,1,AA7489,0,2,30
10,11,11:22:36,2,-1,1,AA7489,0,2,50
11,12,11:23:16,2,-1,1,AA7489,0,2,30
12,13,11:24:57,2,-1,1,AA7489,0,2,60
13,14,11:26:08,2,-1,1,AA7489,0,2,40
14,15,11:27:39,2,-1,-1,AA7489,0,2,30
15,16,11:29:55,2,-1,1,AA7489,0,2,125
16,17,11:37:00,2,-1,1,AA7489,0,2,374
17,18,11:38:22,2,-1,1,AA7489,0,2,40
18,19,11:42:37,2,-1,-1,AA7489,0,2,224
19,20,11:45:29,2,-1,1,AA7489,0,2,91
20,21,11:47:52,2,-1,1,AA7489,0,2,122
21,22,11:50:05,2,-1,-1,AA7489,0,2,91
0,1,11:58:54,2,-1,-1,AA7489,0,2,50
1,2,12:01:05,2,-1,1,AA7489,0,2,40
2,3,12:03:48,2,-1,2,AA7489,0,2,142
3,4,12:06:30,2,-1,1,AA7489,0,2,101
4,5,12:10:36,2,-1,1,AA7489,0,2,171
5,6,12:11:46,2,-1,1,AA7489,0,2,20
6,7,12:21:37,2,-1,1,AA7489,0,2,529
7,8,12:23:49,2,-1,2,AA7489,0,2,111
8,9,12:26:33,2,-1,1,AA7489,0,2,52
9,10,12:27:24,2,-1,1,AA7489,0,2,40
10,11,12:29:26,2,-1,1,AA7489,0,2,71
11,12,12:30:27,2,-1,1,AA7489,0,2,20
12,13,12:32:19,2,-1,1,AA7489,0,2,61
13,14,12:33:20,2,-1,1,AA7489,0,2,40
14,15,12:34:55,2,-1,-1,AA7489,0,2,33
15,16,12:37:47,2,-1,1,AA7489,0,2,111
16,17,12:45:06,2,-1,1,AA7489,0,2,398
17,18,12:46:27,2,-1,1,AA7489,0,2,40
18,19,12:50:42,2,-1,2,AA7489,0,2,224
19,20,12:54:46,2,-1,1,AA7489,0,2,234
20,21,12:57:18,2,-1,1,AA7489,0,2,121
21,22,12:59:30,2,-1,-1,AA7489,0,2,101
0,1,14:56:31,2,-1,-1,AA7489,0,4,57
1,2,14:58:23,2,-1,3,AA7489,0,4,40
2,3,15:01:06,2,-1,2,AA7489,0,4,111
3,4,15:03:53,2,-1,1,AA7489,0,4,64
4,5,15:07:37,2,-1,3,AA7489,0,4,162
5,6,15:09:25,2,-1,1,AA7489,0,4,30
6,7,15:22:49,2,-1,1,AA7489,0,4,752
7,8,15:24:50,2,-1,1,AA7489,0,4,111
8,9,15:26:45,2,-1,1,AA7489,0,4,94
9,10,15:27:25,2,-1,1,AA7489,0,4,20
10,11,15:30:48,2,-1,1,AA7489,0,4,172
11,12,15:32:19,2,-1,2,AA7489,0,4,50
12,13,15:36:44,2,-1,2,AA7489,0,4,121
13,14,15:38:16,2,-1,2,AA7489,0,4,40
14,15,15:40:17,2,-1,-1,AA7489,0,4,40
15,16,15:43:20,2,-1,1,AA7489,0,4,152
16,17,15:49:58,2,-1,3,AA7489,0,4,365
17,18,15:51:29,2,-1,1,AA7489,0,4,40
18,19,16:00:51,2,-1,3,AA7489,0,4,510
19,20,16:02:45,2,-1,2,AA7489,0,4,70
20,21,16:05:58,2,-1,1,AA7489,0,4,182
21,22,16:08:19,2,-1,-1,AA7489,0,4,101
0,1,16:15:58,2,-1,-1,AA7489,0,4,50
1,3,16:21:45,2,-1,3,AA7489,1,4,296
3,4,16:24:47,2,-1,1,AA7489,0,4,131
4,5,16:28:14,2,-1,2,AA7489,0,4,135
5,6,16:29:25,2,-1,1,AA7489,0,4,20
6,7,16:41:16,2,-1,1,AA7489,0,4,670
7,8,16:43:27,2,-1,2,AA7489,0,4,121
8,9,16:44:58,2,-1,1,AA7489,0,4,60
9,10,16:45:59,2,-1,1,AA7489,0,4,30
10,11,16:47:31,2,-1,1,AA7489,0,4,71
11,12,16:48:22,2,-1,1,AA7489,0,4,30
12,13,16:50:46,2,-1,1,AA7489,0,4,103
13,14,16:53:28,2,-1,2,AA7489,0,4,121
14,15,16:56:40,2,-1,-1,AA7489,0,4,111
15,16,16:59:13,2,-1,1,AA7489,0,4,80
16,17,17:07:09,2,-1,1,AA7489,0,4,425
17,18,17:09:23,2,-1,1,AA7489,0,4,40
18,19,17:14:18,2,-1,3,AA7489,0,2,253
19,21,17:23:22,2,-1,1,AA7489,1,2,408
21,22,17:25:45,2,-1,-1,AA7489,0,2,111
17,18,17:57:28,2,-1,1,AA7489,0,2,30
18,19,18:04:58,2,-1,3,AA7489,0,2,398
19,20,18:08:54,2,-1,1,AA7489,0,2,216
20,21,18:11:16,2,-1,1,AA7489,0,2,121
21,22,18:14:08,2,-1,-1,AA7489,0,2,111
0,1,18:37:29,2,-1,-1,AA7489,0,2,70
1,2,18:39:34,2,-1,3,AA7489,0,2,43
2,3,18:43:07,2,-1,3,AA7489,0,2,141
3,4,18:45:28,2,-1,1,AA7489,0,2,80
4,5,18:48:45,2,-1,3,AA7489,0,2,186
5,6,18:50:16,2,-1,1,AA7489,0,2,30
6,7,19:09:47,2,-1,2,AA7489,0,2,1110
7,8,19:12:29,2,-1,2,AA7489,0,2,141
8,9,19:13:44,2,-1,1,AA7489,0,2,54
9,10,19:14:45,2,-1,1,AA7489,0,2,30
10,11,19:20:49,2,-1,1,AA7489,0,2,354
11,12,19:22:30,2,-1,1,AA7489,0,2,30
12,13,19:24:55,2,-1,1,AA7489,0,2,104
13,14,19:27:47,2,-1,3,AA7489,0,2,121
14,15,19:31:23,2,-1,-1,AA7489,0,2,84
15,16,19:34:27,2,-1,1,AA7489,0,2,152
16,17,19:41:35,2,-1,-1,AA7489,0,2,387
17,18,19:42:46,2,-1,-1,AA7489,0,2,30
18,19,19:47:59,2,-1,3,AA7489,0,2,273
19,20,19:51:04,2,-1,1,AA7489,0,2,144
20,21,19:54:26,2,-1,1,AA7489,0,2,182
21,22,19:56:38,2,-1,-1,AA7489,0,2,91
0,1,20:42:14,2,-1,-1,AA7489,0,2,660
1,3,20:46:53,2,-1,2,AA7489,1,2,217
3,4,20:49:16,2,-1,1,AA7489,0,2,91
4,5,20:51:58,2,-1,3,AA7489,0,2,121
5,6,20:53:29,2,-1,1,AA7489,0,2,20
6,7,21:05:19,2,-1,1,AA7489,0,2,669
7,8,21:07:02,2,-1,2,AA7489,0,2,72
8,9,21:08:14,2,-1,1,AA7489,0,2,40
9,10,21:08:55,2,-1,1,AA7489,0,2,20
10,11,21:11:37,2,-1,1,AA7489,0,2,111
11,12,21:12:37,2,-1,1,AA7489,0,2,20
12,13,21:14:29,2,-1,1,AA7489,0,2,60
13,14,21:15:40,2,-1,1,AA7489,0,2,40
14,15,21:17:53,2,-1,-1,AA7489,0,2,60
15,16,21:20:25,2,-1,1,AA7489,0,2,121
16,17,21:27:04,2,-1,1,AA7489,0,2,358
17,18,21:27:55,2,-1,1,AA7489,0,2,20
18,19,21:33:19,2,-1,2,AA7489,0,2,273
19,20,21:35:34,2,-1,1,AA7489,0,2,114
20,21,21:38:47,2,-1,1,AA7489,0,2,141
21,22,21:40:58,2,-1,-1,AA7489,0,2,101
0,1,21:48:38,2,-1,-1,AA7489,0,2,40
1,2,21:50:20,2,-1,2,AA7489,0,2,40
2,3,21:52:55,2,-1,2,AA7489,0,2,104
3,4,21:55:07,2,-1,1,AA7489,0,2,81
4,5,21:58:19,2,-1,1,AA7489,0,2,141
5,6,21:59:33,2,-1,1,AA7489,0,2,22
6,7,22:07:59,2,-1,1,AA7489,0,2,475
7,8,22:10:02,2,-1,2,AA7489,0,2,113
8,9,22:11:23,2,-1,1,AA7489,0,2,50
9,10,22:12:24,2,-1,1,AA7489,0,2,20
10,11,22:15:47,2,-1,1,AA7489,0,2,183
11,12,22:17:38,2,-1,1,AA7489,0,2,30
12,13,22:19:42,2,-1,1,AA7489,0,2,72
13,14,22:20:22,2,-1,1,AA7489,0,2,30
14,15,22:22:29,2,-1,-1,AA7489,0,2,65
15,16,22:24:51,2,-1,1,AA7489,0,2,112
16,17,22:31:39,2,-1,1,AA7489,0,2,366
17,18,22:33:10,2,-1,1,AA7489,0,2,30
18,19,22:37:35,2,-1,2,AA7489,0,2,214
19,20,22:39:16,2,-1,1,AA7489,0,2,40
20,21,22:41:48,2,-1,1,AA7489,0,2,141
21,22,22:44:00,2,-1,-1,AA7489,0,2,91
0,1,23:10:34,2,-1,-1,AA7489,0,2,40
1,2,23:12:15,2,-1,2,AA7489,0,2,60
2,3,23:14:47,2,-1,2,AA7489,0,2,80
3,4,23:16:49,2,-1,1,AA7489,0,2,81
4,5,23:19:44,2,-1,1,AA7489,0,2,124
5,6,23:20:55,2,-1,1,AA7489,0,2,30
6,8,23:31:55,2,-1,2,AA7489,1,2,630
8,9,23:32:46,2,-1,1,AA7489,0,2,30
9,10,23:33:46,2,-1,1,AA7489,0,2,30
10,11,23:37:19,2,-1,1,AA7489,0,2,192
11,12,23:38:19,2,-1,1,AA7489,0,2,30
12,13,23:39:41,2,-1,1,AA7489,0,2,60
13,14,23:40:32,2,-1,1,AA7489,0,2,30
14,15,23:41:52,2,-1,-1,AA7489,0,2,30
15,16,23:43:45,2,-1,1,AA7489,0,2,70
16,17,23:50:29,2,-1,1,AA7489,0,2,364
17,18,23:51:44,2,-1,1,AA7489,0,2,24
18,19,23:55:47,2,-1,2,AA7489,0,2,202
19,20,23:57:28,2,-1,1,AA7489,0,2,50
20,21,23:58:49,2,-1,1,AA7489,0,2,70
0,1,6:42:22,2,-1,-1,AA7560,0,4,30
1,2,6:44:55,2,-1,2,AA7560,0,4,70
2,3,6:46:46,2,-1,2,AA7560,0,4,30
3,4,6:48:48,2,-1,1,AA7560,0,4,40
4,5,6:51:39,2,-1,1,AA7560,0,4,111
5,6,6:53:12,2,-1,1,AA7560,0,4,20
6,7,7:01:28,2,-1,1,AA7560,0,4,434
7,8,7:04:00,2,-1,2,AA7560,0,4,141
8,9,7:05:17,2,-1,1,AA7560,0,4,40
9,10,7:06:18,2,-1,1,AA7560,0,4,20
10,11,7:07:49,2,-1,1,AA7560,0,4,50
11,12,7:08:40,2,-1,1,AA7560,0,4,30
12,13,7:10:04,2,-1,1,AA7560,0,4,63
13,14,7:11:04,2,-1,1,AA7560,0,4,30
14,15,7:12:25,2,-1,-1,AA7560,0,2,30
15,16,7:14:37,2,-1,1,AA7560,0,2,111
16,17,7:21:45,2,-1,1,AA7560,0,2,367
17,18,7:23:06,2,-1,1,AA7560,0,2,30
18,19,7:27:18,2,-1,2,AA7560,0,2,212
19,20,7:29:20,2,-1,1,AA7560,0,2,40
20,21,7:32:15,2,-1,1,AA7560,0,2,143
21,22,7:34:27,2,-1,-1,AA7560,0,2,91
0,1,7:43:49,2,-1,-1,AA7560,0,4,40
1,2,7:46:23,2,-1,2,AA7560,0,4,62
2,3,7:49:45,2,-1,3,AA7560,0,4,121
3,4,7:52:48,2,-1,1,AA7560,0,4,111
4,5,7:56:58,2,-1,1,AA7560,0,2,138
5,6,7:59:09,2,-1,1,AA7560,0,2,30
6,7,8:08:27,2,-1,2,AA7560,0,2,477
7,8,8:11:10,2,-1,2,AA7560,0,2,152
8,9,8:12:52,2,-1,1,AA7560,0,2,61
9,10,8:13:42,2,-1,1,AA7560,0,2,20
10,11,8:15:24,2,-1,1,AA7560,0,2,91
11,12,8:16:14,2,-1,1,AA7560,0,2,20
12,13,8:18:33,2,-1,1,AA7560,0,2,104
13,14,8:19:54,2,-1,2,AA7560,0,2,60
14,15,8:22:46,2,-1,-1,AA7560,0,2,50
15,16,8:26:29,2,-1,1,AA7560,0,2,161
16,17,8:34:18,2,-1,1,AA7560,0,2,399
17,18,8:36:00,2,-1,1,AA7560,0,2,30
18,19,8:41:27,2,-1,2,AA7560,0,2,233
19,20,8:45:20,2,-1,2,AA7560,0,2,152
20,21,8:50:36,2,-1,1,AA7560,0,2,232
21,22,8:53:07,2,-1,-1,AA7560,0,2,91
0,2,9:06:45,2,-1,3,AA7560,1,2,217
2,3,9:09:47,2,-1,3,AA7560,0,2,121
3,4,9:12:59,2,-1,1,AA7560,0,2,131
4,5,9:16:37,2,-1,1,AA7560,0,2,151
5,6,9:17:57,2,-1,1,AA7560,0,2,30
6,7,9:27:17,2,-1,1,AA7560,0,2,508
7,8,9:29:18,2,-1,2,AA7560,0,2,101
8,9,9:30:59,2,-1,1,AA7560,0,2,80
9,10,9:32:01,2,-1,1,AA7560,0,2,30
10,11,9:33:54,2,-1,1,AA7560,0,2,102
11,12,9:34:57,2,-1,1,AA7560,0,2,32
12,14,9:37:39,2,-1,1,AA7560,1,2,111
14,15,9:39:00,2,-1,-1,AA7560,0,2,30
15,16,9:42:27,2,-1,1,AA7560,0,2,132
16,17,9:49:34,2,-1,2,AA7560,0,2,366
17,18,9:51:16,2,-1,1,AA7560,0,2,40
18,19,9:58:55,2,-1,2,AA7560,0,2,378
19,20,10:01:07,2,-1,1,AA7560,0,2,50
20,21,10:05:10,2,-1,1,AA7560,0,2,232
21,22,10:07:07,2,-1,-1,AA7560,0,2,91
0,1,10:49:24,2,-1,-1,AA7560,0,2,60
1,2,10:51:35,2,-1,2,AA7560,0,2,50
2,3,10:53:38,2,-1,2,AA7560,0,2,70
3,4,10:54:49,2,-1,1,AA7560,0,2,30
4,5,10:58:23,2,-1,1,AA7560,0,2,133
5,6,11:00:04,2,-1,1,AA7560,0,2,81
6,7,11:10:15,2,-1,1,AA7560,0,2,560
7,8,11:12:07,2,-1,2,AA7560,0,2,91
8,9,11:13:38,2,-1,1,AA7560,0,2,70
9,10,11:14:18,2,-1,1,AA7560,0,2,30
10,11,11:16:20,2,-1,1,AA7560,0,2,111
11,12,11:17:20,2,-1,1,AA7560,0,2,30
12,13,11:18:52,2,-1,1,AA7560,0,2,60
13,14,11:19:44,2,-1,1,AA7560,0,2,41
14,15,11:21:35,2,-1,-1,AA7560,0,2,30
15,16,11:23:46,2,-1,1,AA7560,0,2,111
16,17,11:30:05,2,-1,1,AA7560,0,2,358
17,18,11:31:26,2,-1,1,AA7560,0,2,30
18,19,11:36:19,2,-1,3,AA7560,0,2,262
19,20,11:39:23,2,-1,1,AA7560,0,2,133
20,21,11:43:07,2,-1,-1,AA7560,0,2,173
21,22,11:45:09,2,-1,-1,AA7560,0,2,90
0,1,12:03:38,2,-1,-1,AA7560,0,2,81
1,3,12:09:35,2,-1,1,AA7560,1,2,346
3,4,12:11:16,2,-1,1,AA7560,0,2,50
4,5,12:14:50,2,-1,1,AA7560,0,2,131
5,6,12:16:01,2,-1,1,AA7560,0,2,30
6,7,12:24:09,2,-1,1,AA7560,0,2,455
7,8,12:26:21,2,-1,2,AA7560,0,2,121
8,9,12:27:44,2,-1,1,AA7560,0,2,60
9,10,12:28:25,2,-1,1,AA7560,0,2,20
10,13,12:32:30,2,-1,1,AA7560,2,2,213
13,14,12:33:30,2,-1,1,AA7560,0,2,40
14,15,12:35:35,2,-1,-1,AA7560,0,2,40
15,16,12:38:17,2,-1,1,AA7560,0,2,131
16,17,12:45:16,2,-1,1,AA7560,0,2,378
17,18,12:46:37,2,-1,1,AA7560,0,2,30
18,19,12:50:42,2,-1,2,AA7560,0,2,214
19,20,12:55:07,2,-1,1,AA7560,0,2,151
20,21,12:57:28,2,-1,1,AA7560,0,2,121
21,22,12:59:30,2,-1,-1,AA7560,0,2,91
0,1,13:15:39,2,-1,-1,AA7560,0,4,80
1,2,13:18:00,2,-1,3,AA7560,0,4,59
2,3,13:19:45,2,-1,2,AA7560,0,4,23
3,4,13:23:38,2,-1,1,AA7560,0,4,141
4,5,13:27:00,2,-1,1,AA7560,0,4,121
5,6,13:28:56,2,-1,1,AA7560,0,4,30
6,7,13:36:57,2,-1,1,AA7560,0,2,450
7,8,13:39:29,2,-1,1,AA7560,0,2,131
8,9,13:40:50,2,-1,1,AA7560,0,2,40
9,10,13:41:30,2,-1,1,AA7560,0,2,20
10,11,13:43:44,2,-1,1,AA7560,0,2,93
11,12,13:44:45,2,-1,1,AA7560,0,2,30
12,13,13:46:36,2,-1,1,AA7560,0,2,80
13,14,13:47:17,2,-1,1,AA7560,0,2,30
14,15,13:49:08,2,-1,-1,AA7560,0,2,30
15,16,13:51:43,2,-1,1,AA7560,0,2,114
16,17,13:58:38,2,-1,1,AA7560,0,2,374
17,18,14:00:39,2,-1,1,AA7560,0,2,40
18,19,14:04:56,2,-1,3,AA7560,0,2,226
19,20,14:08:39,2,-1,1,AA7560,0,2,182
20,21,14:10:42,2,-1,1,AA7560,0,2,113
21,22,14:12:55,2,-1,-1,AA7560,0,2,82
0,1,14:26:16,2,-1,-1,AA7560,0,4,10
1,2,14:29:39,2,-1,3,AA7560,0,4,192
2,3,14:32:00,2,-1,3,AA7560,0,4,60
3,4,14:36:04,2,-1,1,AA7560,0,4,142
4,5,14:38:56,2,-1,1,AA7560,0,4,131
5,6,14:40:17,2,-1,1,AA7560,0,4,20
6,7,14:52:18,2,-1,1,AA7560,0,4,691
7,8,14:54:43,2,-1,1,AA7560,0,4,114
8,9,14:56:41,2,-1,1,AA7560,0,4,87
9,10,14:57:42,2,-1,1,AA7560,0,4,20
10,11,15:00:15,2,-1,1,AA7560,0,4,91
11,12,15:00:55,2,-1,2,AA7560,0,4,30
12,13,15:04:13,2,-1,2,AA7560,0,4,85
13,14,15:05:19,2,-1,1,AA7560,0,4,55
14,15,15:06:42,2,-1,-1,AA7560,0,4,61
15,16,15:08:55,2,-1,1,AA7560,0,4,123
16,17,15:15:50,2,-1,3,AA7560,0,4,364
17,18,15:17:23,2,-1,1,AA7560,0,4,30
18,19,15:26:04,2,-1,3,AA7560,0,4,479
19,20,15:28:47,2,-1,2,AA7560,0,4,111
20,21,15:32:19,2,-1,1,AA7560,0,4,202
21,22,15:35:03,2,-1,-1,AA7560,0,4,83
0,1,15:50:59,2,-1,-1,AA7560,0,4,80
1,2,15:53:12,2,-1,2,AA7560,0,4,102
2,3,15:54:45,2,-1,2,AA7560,0,4,50
3,4,15:57:17,2,-1,1,AA7560,0,4,112
4,5,16:00:51,2,-1,2,AA7560,0,4,162
5,6,16:01:45,2,-1,1,AA7560,0,4,23
6,7,16:15:28,2,-1,1,AA7560,0,4,782
7,8,16:17:39,2,-1,2,AA7560,0,4,121
8,9,16:19:10,2,-1,1,AA7560,0,4,70
9,10,16:20:03,2,-1,1,AA7560,0,4,30
10,11,16:23:06,2,-1,1,AA7560,0,4,122
11,12,16:23:57,2,-1,1,AA7560,0,4,20
12,13,16:25:58,2,-1,1,AA7560,0,4,80
13,14,16:27:13,2,-1,2,AA7560,0,4,44
14,15,16:28:44,2,-1,-1,AA7560,0,4,30
15,16,16:31:36,2,-1,1,AA7560,0,4,141
16,17,16:38:14,2,-1,3,AA7560,0,4,366
17,18,16:39:14,2,-1,1,AA7560,0,4,20
18,19,16:46:19,2,-1,3,AA7560,0,4,374
19,20,16:49:22,2,-1,1,AA7560,0,4,60
20,21,16:51:57,2,-1,1,AA7560,0,4,142
21,22,16:54:49,2,-1,-1,AA7560,0,4,111
0,1,17:10:45,2,-1,-1,AA7560,0,2,50
1,2,17:13:06,2,-1,2,AA7560,0,2,121
2,3,17:16:54,2,-1,2,AA7560,0,2,166
3,4,17:21:34,2,-1,1,AA7560,0,2,205
4,5,17:24:13,2,-1,1,AA7560,0,2,135
5,6,17:25:24,2,-1,1,AA7560,0,2,30
6,7,17:34:20,2,-1,2,AA7560,0,2,505
7,8,17:35:44,2,-1,-1,AA7560,0,2,70
8,9,17:37:05,2,-1,1,AA7560,0,2,50
9,10,17:38:05,2,-1,1,AA7560,0,2,30
10,11,17:40:47,2,-1,1,AA7560,0,2,111
11,12,17:41:58,2,-1,1,AA7560,0,2,20
12,13,17:43:39,2,-1,1,AA7560,0,2,70
13,14,17:45:10,2,-1,2,AA7560,0,2,30
14,15,17:47:18,2,-1,-1,AA7560,0,2,60
15,16,17:53:56,2,-1,1,AA7560,0,2,367
16,17,18:00:41,2,-1,2,AA7560,0,2,364
17,18,18:01:42,2,-1,1,AA7560,0,2,20
18,19,18:08:54,2,-1,3,AA7560,0,2,379
19,20,18:11:26,2,-1,1,AA7560,0,2,70
20,21,18:14:59,2,-1,1,AA7560,0,2,172
21,22,18:18:13,2,-1,-1,AA7560,0,2,113
17,18,19:01:48,2,-1,1,AA7560,0,2,40
18,19,19:10:28,2,-1,3,AA7560,0,2,469
19,20,19:15:05,2,-1,1,AA7560,0,2,135
20,21,19:18:17,2,-1,1,AA7560,0,2,141
21,22,19:20:39,2,-1,-1,AA7560,0,2,111
0,2,20:19:37,2,-1,2,AA7560,1,2,141
2,3,20:21:19,2,-1,2,AA7560,0,2,70
3,4,20:23:30,2,-1,1,AA7560,0,2,101
4,5,20:26:24,2,-1,2,AA7560,0,2,123
5,6,20:27:47,2,-1,1,AA7560,0,2,30
6,7,20:37:59,2,-1,1,AA7560,0,2,582
7,8,20:40:03,2,-1,1,AA7560,0,2,92
8,9,20:41:14,2,-1,1,AA7560,0,2,40
9,10,20:41:54,2,-1,1,AA7560,0,2,20
10,11,20:45:42,2,-1,1,AA7560,0,2,207
11,12,20:46:53,2,-1,1,AA7560,0,2,20
12,13,20:48:46,2,-1,1,AA7560,0,2,81
13,14,20:50:17,2,-1,1,AA7560,0,2,40
14,15,20:51:58,2,-1,-1,AA7560,0,2,30
15,16,20:54:33,2,-1,1,AA7560,0,2,124
16,17,21:01:06,2,-1,3,AA7560,0,2,362
17,18,21:02:27,2,-1,1,AA7560,0,2,40
18,19,21:08:34,2,-1,2,AA7560,0,2,337
19,20,21:11:57,2,-1,1,AA7560,0,2,141
20,21,21:15:19,2,-1,1,AA7560,0,2,182
21,22,21:17:53,2,-1,-1,AA7560,0,2,60
0,1,21:32:08,2,-1,-1,AA7560,0,2,91
1,2,21:34:00,2,-1,2,AA7560,0,2,101
2,4,21:37:15,2,-1,1,AA7560,1,2,125
4,5,21:40:38,2,-1,1,AA7560,0,2,131
5,6,21:42:20,2,-1,1,AA7560,0,2,30
6,7,21:51:20,2,-1,1,AA7560,0,2,518
7,8,21:53:26,2,-1,2,AA7560,0,2,111
8,9,21:54:37,2,-1,1,AA7560,0,2,50
9,10,21:55:37,2,-1,1,AA7560,0,2,30
10,11,21:58:19,2,-1,1,AA7560,0,2,121
11,12,21:59:00,2,-1,1,AA7560,0,2,20
12,13,22:01:24,2,-1,1,AA7560,0,2,70
13,14,22:02:25,2,-1,1,AA7560,0,2,30
14,15,22:04:06,2,-1,-1,AA7560,0,2,30
15,16,22:06:08,2,-1,1,AA7560,0,2,80
16,17,22:13:25,2,-1,1,AA7560,0,2,356
17,18,22:14:35,2,-1,1,AA7560,0,2,30
18,19,22:18:39,2,-1,2,AA7560,0,2,213
19,20,22:21:03,2,-1,1,AA7560,0,2,60
20,21,22:24:41,2,-1,1,AA7560,0,2,188
21,22,22:26:45,2,-1,-1,AA7560,0,2,82
0,1,22:46:43,2,-1,-1,AA7560,0,2,40
1,2,22:48:04,2,-1,2,AA7560,0,2,50
2,3,22:50:05,2,-1,2,AA7560,0,2,50
3,4,22:52:17,2,-1,1,AA7560,0,2,91
4,5,22:54:28,2,-1,1,AA7560,0,2,101
5,6,22:55:39,2,-1,1,AA7560,0,2,20
6,7,23:04:17,2,-1,1,AA7560,0,2,457
7,8,23:06:18,2,-1,1,AA7560,0,2,91
8,9,23:07:09,2,-1,1,AA7560,0,2,40
9,10,23:07:49,2,-1,1,AA7560,0,2,30
10,11,23:11:15,2,-1,1,AA7560,0,2,60
11,12,23:12:15,2,-1,1,AA7560,0,2,30
12,13,23:14:07,2,-1,1,AA7560,0,2,80
13,14,23:14:57,2,-1,1,AA7560,0,2,30
14,15,23:16:49,2,-1,-1,AA7560,0,2,40
15,16,23:18:50,2,-1,1,AA7560,0,2,80
16,17,23:25:17,2,-1,1,AA7560,0,2,343
17,18,23:26:38,2,-1,1,AA7560,0,2,30
18,19,23:30:44,2,-1,2,AA7560,0,2,205
19,20,23:32:36,2,-1,1,AA7560,0,2,40
20,21,23:35:28,2,-1,1,AA7560,0,2,161
21,22,23:38:09,2,-1,-1,AA7560,0,2,101
0,1,9:13:55,2,1,-1,AB4708,0,2,85
1,2,9:16:37,2,2,3,AB4708,0,2,80
2,3,9:19:49,2,3,3,AB4708,0,2,101
3,4,9:22:32,2,3,1,AB4708,0,2,52
4,5,9:26:25,2,4,1,AB4708,0,2,152
5,6,9:27:57,2,2,1,AB4708,0,2,30
6,8,9:41:47,2,1,2,AB4708,1,2,778
8,9,9:43:48,2,1,1,AB4708,0,2,70
9,10,9:44:28,2,1,1,AB4708,0,2,20
10,11,9:47:00,2,1,1,AB4708,0,2,111
11,12,9:48:03,2,0,1,AB4708,0,2,20
12,13,9:49:45,2,0,1,AB4708,0,2,70
13,14,9:51:16,2,0,1,AB4708,0,2,50
14,15,9:52:47,2,0,-1,AB4708,0,2,40
15,16,9:54:52,2,0,1,AB4708,0,2,104
16,17,10:01:27,2,0,2,AB4708,0,2,364
17,18,10:03:08,2,0,1,AB4708,0,2,50
18,19,10:14:13,2,0,2,AB4708,0,4,644
19,21,10:19:28,2,1,1,AB4708,1,4,232
21,22,10:21:29,2,-1,-1,AB4708,0,4,91
10,11,0:02:45,2,3,1,AB5264,0,4,94
11,13,0:05:06,2,3,1,AB5264,1,4,111
13,14,0:05:47,2,3,1,AB5264,0,4,30
14,15,0:07:07,2,3,-1,AB5264,0,4,20
15,16,0:09:29,2,3,1,AB5264,0,2,101
16,17,0:16:16,2,3,1,AB5264,0,2,356
17,18,0:17:27,2,3,1,AB5264,0,2,20
18,19,0:21:32,2,3,2,AB5264,0,2,204
19,20,0:24:14,2,3,1,AB5264,0,2,121
20,21,0:25:55,2,3,1,AB5264,0,2,80
21,22,0:27:47,2,-1,-1,AB5264,0,2,80
0,1,15:05:40,2,1,-1,AC3672,0,4,131
1,2,15:07:27,2,1,2,AC3672,0,4,44
2,3,15:09:36,2,1,2,AC3672,0,4,74
3,4,15:12:07,2,2,1,AC3672,0,4,91
4,5,15:15:20,2,3,3,AC3672,0,4,131
5,6,15:16:52,2,3,1,AC3672,0,4,31
6,7,15:28:16,2,3,2,AC3672,0,4,641
7,8,15:29:47,2,3,1,AC3672,0,4,81
8,9,15:31:28,2,4,1,AC3672,0,4,80
9,10,15:32:49,2,4,1,AC3672,0,4,40
10,11,15:34:53,2,4,1,AC3672,0,4,93
11,12,15:36:34,2,4,2,AC3672,0,4,70
12,13,15:40:38,2,4,3,AC3672,0,4,101
13,14,15:41:59,2,4,2,AC3672,0,4,50
14,15,15:43:43,2,4,-1,AC3672,0,4,32
15,16,15:46:16,2,4,1,AC3672,0,4,102
16,17,15:53:12,2,4,3,AC3672,0,4,376
17,18,15:54:24,2,4,1,AC3672,0,4,20
18,19,16:04:47,2,4,3,AC3672,0,4,561
19,20,16:07:29,2,4,1,AC3672,0,4,91
20,21,16:10:44,2,5,1,AC3672,0,4,185
21,22,16:12:46,2,-1,-1,AC3672,0,4,91
0,1,16:23:06,2,0,-1,AC3672,0,4,30
1,3,16:27:03,2,1,3,AC3672,1,4,226
3,4,16:30:15,2,1,1,AC3672,0,4,111
4,5,16:33:58,2,1,2,AC3672,0,4,121
5,6,16:34:59,2,2,1,AC3672,0,4,20
6,7,16:46:39,2,2,1,AC3672,0,4,659
7,8,16:48:32,2,2,2,AC3672,0,4,82
8,9,16:49:55,2,2,1,AC3672,0,4,73
9,10,16:50:46,2,2,1,AC3672,0,4,20
10,11,16:52:57,2,2,1,AC3672,0,4,111
11,12,16:53:48,2,3,1,AC3672,0,4,30
12,13,16:55:19,2,3,1,AC3672,0,4,70
13,14,16:58:23,2,3,1,AC3672,0,4,142
14,15,17:00:44,2,3,-1,AC3672,0,4,40
15,16,17:04:07,2,3,1,AC3672,0,4,141
16,17,17:11:05,2,3,1,AC3672,0,2,388
17,18,17:12:06,2,4,1,AC3672,0,2,30
18,19,17:17:04,2,4,3,AC3672,0,2,258
19,20,17:21:58,2,4,1,AC3672,0,2,174
20,21,17:28:06,2,4,1,AC3672,0,2,305
21,22,17:30:18,2,-1,-1,AC3672,0,2,80
0,1,17:47:28,2,1,-1,AC3672,0,2,70
1,2,17:49:39,2,1,3,AC3672,0,2,80
2,3,17:51:34,2,1,3,AC3672,0,2,54
3,4,17:54:16,2,2,1,AC3672,0,2,111
4,5,17:57:59,2,2,2,AC3672,0,2,141
5,6,17:59:20,2,2,1,AC3672,0,2,30
6,7,18:13:58,2,3,1,AC3672,0,2,837
7,8,18:15:29,2,3,1,AC3672,0,2,80
8,9,18:17:00,2,3,1,AC3672,0,2,50
9,10,18:17:43,2,3,1,AC3672,0,2,32
10,11,18:21:05,2,4,1,AC3672,0,2,192
11,12,18:21:56,2,4,1,AC3672,0,2,30
12,13,18:24:17,2,4,1,AC3672,0,2,90
13,14,18:26:19,2,5,3,AC3672,0,2,80
14,15,18:28:10,2,5,-1,AC3672,0,2,40
15,16,18:31:15,2,5,1,AC3672,0,2,154
16,17,18:46:29,2,5,3,AC3672,0,2,843
17,18,18:48:35,2,5,1,AC3672,0,2,44
18,19,18:57:05,2,5,3,AC3672,0,2,398
19,20,18:59:57,2,5,1,AC3672,0,2,70
20,21,19:03:49,2,5,1,AC3672,0,2,222
21,22,19:05:54,2,-1,-1,AC3672,0,2,84
0,1,19:13:34,2,0,-1,AC3672,0,2,54
1,2,19:14:55,2,1,1,AC3672,0,2,20
2,3,19:17:47,2,1,2,AC3672,0,2,90
3,4,19:20:08,2,1,1,AC3672,0,2,81
4,5,19:23:33,2,1,3,AC3672,0,2,133
5,6,19:24:45,2,2,2,AC3672,0,2,20
6,7,19:35:38,2,2,1,AC3672,0,2,602
7,8,19:38:10,2,2,1,AC3672,0,2,141
8,9,19:39:23,2,2,1,AC3672,0,2,40
9,10,19:40:34,2,2,-1,AC3672,0,2,40
10,11,19:42:56,2,2,-1,AC3672,0,2,131
11,12,19:44:07,2,3,-1,AC3672,0,2,30
12,13,19:45:58,2,3,1,AC3672,0,2,80
13,14,19:47:49,2,3,1,AC3672,0,2,50
14,15,19:49:50,2,4,-1,AC3672,0,2,80
15,16,19:51:44,2,4,1,AC3672,0,2,83
16,17,19:58:44,2,4,1,AC3672,0,2,379
17,18,19:59:35,2,4,1,AC3672,0,2,20
18,19,20:04:29,2,4,2,AC3672,0,2,253
19,20,20:07:46,2,4,1,AC3672,0,2,146
20,21,20:11:18,2,4,1,AC3672,0,2,202
21,22,20:13:00,2,-1,-1,AC3672,0,2,91
0,1,15:31:28,2,-1,-1,AC3966,0,4,40
1,2,15:32:59,2,-1,3,AC3966,0,4,30
2,3,15:35:54,2,-1,3,AC3966,0,4,103
3,4,15:38:36,2,-1,1,AC3966,0,4,121
4,5,15:42:19,2,-1,2,AC3966,0,4,142
5,6,15:43:53,2,-1,1,AC3966,0,4,32
6,7,15:57:17,2,-1,1,AC3966,0,4,764
7,8,15:59:49,2,-1,1,AC3966,0,4,131
8,9,16:01:11,2,-1,1,AC3966,0,4,61
9,10,16:01:55,2,-1,1,AC3966,0,4,20
10,11,16:05:07,2,-1,1,AC3966,0,4,141
11,12,16:06:28,2,-1,1,AC3966,0,4,30
12,13,16:08:29,2,-1,1,AC3966,0,4,70
13,14,16:09:32,2,-1,1,AC3966,0,4,42
14,15,16:11:05,2,-1,-1,AC3966,0,4,30
15,16,16:13:26,2,-1,1,AC3966,0,4,90
16,17,16:20:44,2,-1,3,AC3966,0,4,386
17,18,16:22:46,2,-1,1,AC3966,0,4,60
18,19,16:30:46,2,-1,2,AC3966,0,4,439
19,21,16:37:33,2,-1,1,AC3966,1,4,387
21,22,16:39:14,2,-1,-1,AC3966,0,4,91
1,2,7:03:09,2,-1,1,MZ8441,0,4,50
2,3,7:04:47,2,-1,2,MZ8441,0,4,37
3,4,7:06:58,2,-1,1,MZ8441,0,4,80
4,5,7:09:53,2,-1,1,MZ8441,0,4,134
5,6,7:11:04,2,-1,1,MZ8441,0,4,20
6,7,7:20:03,2,-1,1,MZ8441,0,2,498
7,8,7:22:55,2,-1,2,MZ8441,0,2,161
8,9,7:24:26,2,-1,1,MZ8441,0,2,70
9,10,7:25:17,2,-1,1,MZ8441,0,2,20
10,11,7:26:48,2,-1,1,MZ8441,0,2,50
11,12,7:27:39,2,-1,1,MZ8441,0,2,30
12,13,7:29:00,2,-1,1,MZ8441,0,2,50
13,14,7:29:52,2,-1,1,MZ8441,0,2,32
14,15,7:31:23,2,-1,-1,MZ8441,0,2,30
15,16,7:34:17,2,-1,1,MZ8441,0,2,131
16,17,7:42:08,2,-1,1,MZ8441,0,4,390
17,18,7:43:49,2,-1,1,MZ8441,0,4,50
18,19,7:49:05,2,-1,3,MZ8441,0,4,275
19,20,7:53:38,2,-1,2,MZ8441,0,2,111
20,21,7:58:08,2,-1,1,MZ8441,0,2,260
21,22,7:59:29,2,-1,-1,MZ8441,0,2,60
0,1,0:01:03,3,-1,-1,AA6835,0,2,30
1,2,0:02:24,3,-1,1,AA6835,0,2,20
2,4,0:07:07,3,-1,1,AA6835,1,2,252
4,5,0:09:38,3,-1,1,AA6835,0,2,121
5,6,0:10:39,3,-1,1,AA6835,0,2,20
6,7,0:19:08,3,-1,1,AA6835,0,2,478
7,8,0:20:49,3,-1,2,AA6835,0,2,90
8,9,0:22:04,3,-1,1,AA6835,0,2,44
9,10,0:23:05,3,-1,1,AA6835,0,2,30
10,11,0:24:36,3,-1,1,AA6835,0,2,60
11,12,0:25:27,3,-1,1,AA6835,0,2,30
12,13,0:26:27,3,-1,1,AA6835,0,2,40
13,14,0:27:38,3,-1,1,AA6835,0,2,30
14,15,0:29:09,3,-1,-1,AA6835,0,2,30
15,16,0:31:22,3,-1,1,AA6835,0,2,112
16,17,0:38:07,3,-1,1,AA6835,0,2,374
17,18,0:38:58,3,-1,1,AA6835,0,2,30
18,19,0:43:11,3,-1,2,AA6835,0,2,212
19,20,0:44:16,3,-1,1,AA6835,0,2,30
20,21,0:45:47,3,-1,1,AA6835,0,2,80
21,22,0:47:18,3,-1,-1,AA6835,0,2,60
0,1,1:08:56,3,-1,-1,AA6835,0,2,60
1,2,1:11:07,3,-1,1,AA6835,0,2,121
2,3,1:13:09,3,-1,1,AA6835,0,2,20
3,4,1:14:19,3,-1,1,AA6835,0,2,30
4,5,1:17:54,3,-1,1,AA6835,0,2,184
5,6,1:18:55,3,-1,1,AA6835,0,2,20
6,7,1:27:24,3,-1,1,AA6835,0,2,478
7,8,1:29:05,3,-1,-1,AA6835,0,2,91
8,9,1:30:06,3,-1,-1,AA6835,0,2,40
9,10,1:30:46,3,-1,-1,AA6835,0,2,30
10,11,1:32:07,3,-1,-1,AA6835,0,2,50
11,12,1:33:08,3,-1,-1,AA6835,0,2,30
12,13,1:34:09,3,-1,-1,AA6835,0,2,50
13,14,1:35:34,3,-1,1,AA6835,0,2,40
14,15,1:36:55,3,-1,-1,AA6835,0,2,30
15,16,1:38:57,3,-1,1,AA6835,0,2,102
16,17,1:45:52,3,-1,1,AA6835,0,2,385
17,18,1:46:43,3,-1,1,AA6835,0,2,30
18,19,1:51:01,3,-1,1,AA6835,0,2,217
19,20,1:52:32,3,-1,1,AA6835,0,2,40
20,21,1:55:03,3,-1,1,AA6835,0,2,141
21,22,1:57:05,3,-1,-1,AA6835,0,2,60
0,1,6:31:45,3,-1,-1,AA6835,0,2,30
1,2,6:33:16,3,-1,2,AA6835,0,2,40
2,3,6:35:08,3,-1,2,AA6835,0,2,60
3,4,6:37:09,3,-1,1,AA6835,0,2,50
4,5,6:40:03,3,-1,1,AA6835,0,2,143
5,6,6:41:24,3,-1,1,AA6835,0,2,20
6,7,6:50:00,3,-1,1,AA6835,0,2,475
7,8,6:52:36,3,-1,-1,AA6835,0,2,145
8,9,6:53:57,3,-1,1,AA6835,0,2,50
9,10,6:54:57,3,-1,1,AA6835,0,2,30
10,11,6:57:29,3,-1,1,AA6835,0,2,131
11,12,6:58:20,3,-1,1,AA6835,0,2,30
12,13,6:59:44,3,-1,1,AA6835,0,2,54
13,14,7:00:45,3,-1,1,AA6835,0,2,40
14,15,7:01:56,3,-1,-1,AA6835,0,2,40
15,16,7:03:57,3,-1,1,AA6835,0,2,80
16,17,7:10:54,3,-1,1,AA6835,0,2,386
17,18,7:11:54,3,-1,1,AA6835,0,2,20
18,19,7:15:37,3,-1,2,AA6835,0,2,192
19,20,7:18:19,3,-1,1,AA6835,0,2,91
20,22,7:23:34,3,-1,-1,AA6835,1,2,264
0,1,7:35:05,3,-1,-1,AA6835,0,2,61
1,2,7:36:36,3,-1,2,AA6835,0,2,20
2,3,7:39:38,3,-1,2,AA6835,0,2,80
3,4,7:42:53,3,-1,1,AA6835,0,2,113
4,5,7:48:17,3,-1,1,AA6835,0,2,283
5,6,7:49:38,3,-1,1,AA6835,0,2,20
6,7,7:58:59,3,-1,1,AA6835,0,2,521
7,8,8:01:44,3,-1,2,AA6835,0,2,154
8,9,8:03:16,3,-1,1,AA6835,0,2,61
9,10,8:04:07,3,-1,1,AA6835,0,2,20
10,11,8:05:38,3,-1,1,AA6835,0,2,60
11,12,8:06:39,3,-1,1,AA6835,0,2,30
12,13,8:08:00,3,-1,1,AA6835,0,2,50
13,14,8:09:11,3,-1,1,AA6835,0,2,40
14,15,8:11:04,3,-1,-1,AA6835,0,2,50
15,16,8:14:49,3,-1,1,AA6835,0,2,182
16,17,8:22:17,3,-1,1,AA6835,0,2,386
17,18,8:23:18,3,-1,1,AA6835,0,2,30
18,19,8:27:45,3,-1,3,AA6835,0,2,206
19,20,8:31:08,3,-1,2,AA6835,0,2,131
20,21,8:33:39,3,-1,1,AA6835,0,2,141
21,22,8:34:54,3,-1,-1,AA6835,0,2,20
0,1,8:55:38,3,-1,-1,AA6835,0,2,121
1,2,8:58:35,3,-1,3,AA6835,0,2,85
2,3,9:01:47,3,-1,3,AA6835,0,2,91
3,4,9:04:29,3,-1,1,AA6835,0,2,91
4,5,9:08:05,3,-1,1,AA6835,0,2,115
5,6,9:09:26,3,-1,1,AA6835,0,2,20
6,7,9:18:56,3,-1,2,AA6835,0,2,519
7,8,9:21:18,3,-1,2,AA6835,0,2,131
8,9,9:22:43,3,-1,1,AA6835,0,2,53
9,10,9:23:23,3,-1,1,AA6835,0,2,30
10,11,9:25:14,3,-1,1,AA6835,0,2,70
11,12,9:26:25,3,-1,1,AA6835,0,2,30
12,13,9:30:28,3,-1,-1,AA6835,0,2,141
13,14,9:31:49,3,-1,-1,AA6835,0,2,40
14,15,9:33:10,3,-1,-1,AA6835,0,2,50
15,16,9:36:34,3,-1,1,AA6835,0,2,101
16,17,9:43:33,3,-1,1,AA6835,0,2,398
17,18,9:44:34,3,-1,1,AA6835,0,2,30
18,19,9:54:15,3,-1,2,AA6835,0,1,540
19,20,9:57:18,3,-1,2,AA6835,0,1,131
20,21,9:59:50,3,-1,1,AA6835,0,1,101
21,22,10:01:42,3,-1,-1,AA6835,0,1,81
0,1,10:09:57,3,-1,-1,AA6835,0,1,50
1,2,10:11:28,3,-1,3,AA6835,0,1,20
2,3,10:14:00,3,-1,3,AA6835,0,1,80
3,4,10:15:03,3,-1,1,AA6835,0,1,10
4,5,10:18:15,3,-1,3,AA6835,0,1,131
5,6,10:19:26,3,-1,1,AA6835,0,1,10
6,7,10:31:20,3,-1,1,AA6835,0,1,673
7,8,10:34:03,3,-1,2,AA6835,0,1,132
8,9,10:36:04,3,-1,1,AA6835,0,1,91
9,10,10:36:45,3,-1,1,AA6835,0,1,30
10,11,10:38:26,3,-1,1,AA6835,0,1,70
11,12,10:39:17,3,-1,1,AA6835,0,1,20
12,13,10:40:48,3,-1,1,AA6835,0,1,60
13,14,10:41:58,3,-1,1,AA6835,0,1,40
14,15,10:43:40,3,-1,-1,AA6835,0,1,40
15,16,10:45:43,3,-1,1,AA6835,0,1,102
16,17,10:53:18,3,-1,-1,AA6835,0,1,414
17,18,10:53:59,3,-1,-1,AA6835,0,1,20
18,19,11:02:37,3,-1,2,AA6835,0,1,487
19,20,11:05:09,3,-1,2,AA6835,0,1,50
20,21,11:06:52,3,-1,1,AA6835,0,1,83
21,22,11:09:26,3,-1,-1,AA6835,0,1,91
0,2,11:53:40,3,-1,3,AA6835,1,1,615
2,3,11:56:04,3,-1,3,AA6835,0,1,113
3,4,11:58:46,3,-1,1,AA6835,0,1,81
4,5,12:02:29,3,-1,2,AA6835,0,1,151
5,6,12:04:01,3,-1,1,AA6835,0,1,20
6,7,12:12:32,3,-1,2,AA6835,0,1,478
7,8,12:14:24,3,-1,2,AA6835,0,1,101
8,9,12:15:45,3,-1,1,AA6835,0,1,50
9,10,12:16:26,3,-1,1,AA6835,0,1,30
10,11,12:18:58,3,-1,1,AA6835,0,1,141
11,12,12:19:59,3,-1,1,AA6835,0,1,30
12,13,12:21:52,3,-1,1,AA6835,0,1,83
13,14,12:23:43,3,-1,1,AA6835,0,1,80
14,15,12:26:05,3,-1,-1,AA6835,0,1,131
15,16,12:28:27,3,-1,1,AA6835,0,1,111
16,17,12:35:46,3,-1,1,AA6835,0,1,388
17,18,12:36:57,3,-1,1,AA6835,0,1,30
18,22,12:49:42,3,-1,-1,AA6835,3,1,713
0,1,13:06:09,3,-1,-1,AA6835,0,1,101
1,2,13:08:54,3,-1,3,AA6835,0,1,94
2,3,13:10:37,3,-1,2,AA6835,0,1,22
3,4,13:12:59,3,-1,1,AA6835,0,1,40
4,5,13:16:35,3,-1,1,AA6835,0,1,135
5,6,13:19:07,3,-1,1,AA6835,0,1,30
6,7,13:27:46,3,-1,1,AA6835,0,1,469
7,8,13:29:58,3,-1,2,AA6835,0,1,111
8,9,13:31:29,3,-1,1,AA6835,0,1,60
9,10,13:32:40,3,-1,1,AA6835,0,1,20
10,11,13:34:23,3,-1,1,AA6835,0,1,20
11,12,13:35:24,3,-1,1,AA6835,0,1,30
12,13,13:37:05,3,-1,1,AA6835,0,1,70
13,14,13:38:26,3,-1,1,AA6835,0,1,50
14,15,13:39:47,3,-1,-1,AA6835,0,1,60
15,16,13:42:39,3,-1,1,AA6835,0,1,141
16,17,13:49:19,3,-1,1,AA6835,0,1,369
17,18,13:50:39,3,-1,1,AA6835,0,1,20
18,19,13:54:45,3,-1,2,AA6835,0,1,204
19,20,13:57:37,3,-1,2,AA6835,0,1,80
20,21,14:00:39,3,-1,1,AA6835,0,1,161
21,22,14:03:21,3,-1,-1,AA6835,0,1,71
0,1,14:17:43,3,-1,-1,AA6835,0,1,40
1,2,14:19:45,3,-1,3,AA6835,0,1,111
2,3,14:21:56,3,-1,2,AA6835,0,1,50
3,4,14:26:01,3,-1,1,AA6835,0,1,162
4,5,14:29:36,3,-1,1,AA6835,0,1,131
5,6,14:31:37,3,-1,1,AA6835,0,1,20
6,7,14:45:02,3,-1,1,AA6835,0,1,764
7,8,14:47:35,3,-1,1,AA6835,0,1,112
8,9,14:49:16,3,-1,1,AA6835,0,1,60
9,10,14:50:27,3,-1,1,AA6835,0,1,40
10,11,14:52:49,3,-1,1,AA6835,0,1,60
11,12,14:54:30,3,-1,2,AA6835,0,1,60
12,13,14:58:14,3,-1,3,AA6835,0,1,121
13,14,14:59:35,3,-1,1,AA6835,0,1,40
14,15,15:01:47,3,-1,-1,AA6835,0,1,40
15,16,15:04:49,3,-1,1,AA6835,0,1,111
16,17,15:12:09,3,-1,1,AA6835,0,1,379
17,18,15:13:10,3,-1,1,AA6835,0,1,20
18,19,15:17:46,3,-1,3,AA6835,0,1,214
19,20,15:19:47,3,-1,2,AA6835,0,1,50
20,21,15:22:09,3,-1,1,AA6835,0,1,80
21,22,15:23:50,3,-1,-1,AA6835,0,1,91
0,1,15:38:08,3,-1,-1,AA6835,0,1,80
1,2,15:39:49,3,-1,3,AA6835,0,1,40
2,3,15:42:46,3,-1,3,AA6835,0,1,60
3,4,15:45:18,3,-1,1,AA6835,0,1,91
4,5,15:49:03,3,-1,1,AA6835,0,1,133
5,6,15:51:05,3,-1,1,AA6835,0,1,20
6,7,16:00:37,3,-1,2,AA6835,0,1,521
7,8,16:03:29,3,-1,2,AA6835,0,1,131
9,10,16:05:21,3,-1,1,AA6835,0,1,30
10,11,16:08:36,3,-1,1,AA6835,0,1,121
11,12,16:09:47,3,-1,1,AA6835,0,1,30
12,13,16:11:38,3,-1,1,AA6835,0,1,80
13,14,16:12:19,3,-1,2,AA6835,0,1,30
14,15,16:14:10,3,-1,-1,AA6835,0,1,70
15,16,16:17:05,3,-1,1,AA6835,0,1,124
16,17,16:23:40,3,-1,2,AA6835,0,1,384
17,18,16:25:01,3,-1,1,AA6835,0,1,31
18,19,16:29:56,3,-1,3,AA6835,0,1,263
19,20,16:33:08,3,-1,1,AA6835,0,1,182
20,22,16:38:06,3,-1,-1,AA6835,1,1,267
0,1,16:49:07,3,-1,-1,AA6835,0,1,101
1,2,16:51:28,3,-1,2,AA6835,0,1,131
2,3,16:53:20,3,-1,2,AA6835,0,1,50
3,4,16:55:34,3,-1,1,AA6835,0,1,50
4,5,16:58:57,3,-1,1,AA6835,0,1,141
5,6,17:00:18,3,-1,1,AA6835,0,1,20
6,7,17:08:25,3,-1,1,AA6835,0,1,456
7,8,17:09:35,3,-1,1,AA6835,0,1,60
8,9,17:10:36,3,-1,1,AA6835,0,1,40
9,10,17:11:06,3,-1,1,AA6835,0,1,20
10,11,17:13:18,3,-1,1,AA6835,0,1,91
11,12,17:14:29,3,-1,1,AA6835,0,1,30
12,13,17:16:20,3,-1,1,AA6835,0,1,70
13,14,17:17:43,3,-1,2,AA6835,0,1,60
14,15,17:19:34,3,-1,-1,AA6835,0,1,50
15,16,17:23:27,3,-1,1,AA6835,0,1,192
16,17,17:30:25,3,-1,1,AA6835,0,1,398
17,18,17:32:07,3,-1,1,AA6835,0,1,30
18,19,17:36:50,3,-1,2,AA6835,0,1,242
19,20,17:40:47,3,-1,1,AA6835,0,1,131
20,21,17:45:54,3,-1,1,AA6835,0,1,276
21,22,17:48:56,3,-1,-1,AA6835,0,1,91
0,1,18:04:34,3,-1,-1,AA6835,0,1,111
1,2,18:07:27,3,-1,3,AA6835,0,1,40
2,3,18:12:15,3,-1,3,AA6835,0,1,247
3,4,18:17:59,3,-1,1,AA6835,0,1,182
4,5,18:21:08,3,-1,2,AA6835,0,1,128
5,6,18:22:13,3,-1,1,AA6835,0,1,20
6,7,18:34:06,3,-1,1,AA6835,0,1,672
7,8,18:35:47,3,-1,2,AA6835,0,1,70
8,9,18:37:39,3,-1,1,AA6835,0,1,50
9,10,18:38:29,3,-1,1,AA6835,0,1,40
10,11,18:42:39,3,-1,1,AA6835,0,1,208
11,12,18:43:39,3,-1,1,AA6835,0,1,30
12,13,18:46:25,3,-1,1,AA6835,0,1,101
13,14,18:48:06,3,-1,3,AA6835,0,1,60
14,15,18:50:58,3,-1,-1,AA6835,0,1,50
15,16,18:53:20,3,-1,1,AA6835,0,1,101
16,17,19:00:17,3,-1,-1,AA6835,0,1,355
17,18,19:02:29,3,-1,-1,AA6835,0,1,50
18,19,19:11:07,3,-1,3,AA6835,0,1,458
19,20,19:14:20,3,-1,1,AA6835,0,1,60
20,21,19:17:35,3,-1,1,AA6835,0,1,152
21,22,19:19:27,3,-1,-1,AA6835,0,1,80
0,1,19:29:36,3,-1,-1,AA6835,0,1,91
1,2,19:31:48,3,-1,1,AA6835,0,1,40
2,3,19:35:20,3,-1,2,AA6835,0,1,111
3,4,19:37:56,3,-1,1,AA6835,0,1,50
4,5,19:40:47,3,-1,1,AA6835,0,1,131
5,6,19:42:29,3,-1,1,AA6835,0,1,20
6,7,19:50:59,3,-1,1,AA6835,0,1,459
7,8,19:52:41,3,-1,2,AA6835,0,1,92
8,9,19:53:46,3,-1,1,AA6835,0,1,33
9,10,19:54:26,3,-1,1,AA6835,0,1,30
10,11,19:56:58,3,-1,1,AA6835,0,1,80
11,12,19:57:48,3,-1,1,AA6835,0,1,20
12,13,19:59:19,3,-1,1,AA6835,0,1,60
13,14,20:00:30,3,-1,2,AA6835,0,1,50
14,15,20:01:53,3,-1,-1,AA6835,0,1,42
15,16,20:05:26,3,-1,1,AA6835,0,1,141
16,17,20:12:43,3,-1,1,AA6835,0,1,376
17,18,20:13:54,3,-1,1,AA6835,0,1,30
18,19,20:17:47,3,-1,2,AA6835,0,1,202
19,21,20:24:36,3,-1,1,AA6835,1,1,338
21,22,20:27:08,3,-1,-1,AA6835,0,1,80
0,1,21:16:15,3,-1,-1,AA6835,0,1,40
1,2,21:18:06,3,-1,2,AA6835,0,1,90
2,3,21:19:47,3,-1,2,AA6835,0,1,50
4,5,21:24:20,3,-1,-1,AA6835,0,1,131
5,6,21:25:54,3,-1,1,AA6835,0,1,33
6,7,21:35:02,3,-1,1,AA6835,0,1,537
7,8,21:37:17,3,-1,1,AA6835,0,1,104
8,10,21:39:28,3,-1,1,AA6835,1,1,111
10,11,21:41:32,3,-1,1,AA6835,0,1,93
11,12,21:42:33,3,-1,1,AA6835,0,1,30
12,13,21:45:15,3,-1,1,AA6835,0,1,80
13,14,21:46:16,3,-1,1,AA6835,0,1,40
14,15,21:47:36,3,-1,-1,AA6835,0,1,60
15,16,21:50:08,3,-1,1,AA6835,0,1,111
16,17,21:56:46,3,-1,2,AA6835,0,1,357
17,18,21:57:57,3,-1,1,AA6835,0,1,30
18,19,22:02:09,3,-1,-1,AA6835,0,1,222
19,20,22:04:13,3,-1,-1,AA6835,0,1,62
20,21,22:06:55,3,-1,1,AA6835,0,1,131
21,22,22:08:46,3,-1,-1,AA6835,0,1,80
0,1,22:26:45,3,-1,-1,AA6835,0,1,73
1,2,22:28:07,3,-1,1,AA6835,0,1,71
2,3,22:29:48,3,-1,2,AA6835,0,1,40
3,4,22:31:59,3,-1,1,AA6835,0,1,90
4,5,22:34:33,3,-1,1,AA6835,0,1,123
5,6,22:36:05,3,-1,1,AA6835,0,1,20
6,7,22:43:50,3,-1,1,AA6835,0,1,434
7,8,22:45:44,3,-1,1,AA6835,0,1,83
8,9,22:47:25,3,-1,1,AA6835,0,1,70
9,10,22:48:26,3,-1,1,AA6835,0,1,30
10,12,22:51:48,3,-1,1,AA6835,1,1,131
12,13,22:53:49,3,-1,1,AA6835,0,1,50
13,14,22:54:50,3,-1,1,AA6835,0,1,30
14,15,22:56:24,3,-1,-1,AA6835,0,1,40
15,16,22:57:55,3,-1,1,AA6835,0,1,70
16,17,23:04:32,3,-1,1,AA6835,0,1,356
17,18,23:05:43,3,-1,1,AA6835,0,1,30
18,19,23:10:27,3,-1,2,AA6835,0,1,233
19,20,23:14:09,3,-1,1,AA6835,0,1,121
20,21,23:15:43,3,-1,1,AA6835,0,1,73
21,22,23:17:24,3,-1,-1,AA6835,0,1,80
0,1,23:44:38,3,-1,-1,AA6835,0,1,50
1,2,23:46:29,3,-1,2,AA6835,0,1,30
2,3,23:48:14,3,-1,2,AA6835,0,1,20
3,4,23:49:04,3,-1,1,AA6835,0,1,20
4,5,23:52:27,3,-1,1,AA6835,0,1,141
5,6,23:53:38,3,-1,1,AA6835,0,1,30
17,18,11:30:07,3,-1,1,AA6848,0,1,40
18,19,11:36:56,3,-1,2,AA6848,0,1,378
19,20,11:39:08,3,-1,1,AA6848,0,1,50
20,21,11:42:10,3,-1,1,AA6848,0,1,141
21,22,11:44:31,3,-1,-1,AA6848,0,1,96
0,2,11:35:15,3,-1,2,AA7149,1,1,277
2,3,11:37:47,3,-1,2,AA7149,0,1,50
3,4,11:42:44,3,-1,1,AA7149,0,1,145
4,5,11:46:15,3,-1,2,AA7149,0,1,129
5,6,11:47:46,3,-1,1,AA7149,0,1,20
6,7,11:57:55,3,-1,1,AA7149,0,1,569
7,8,11:59:37,3,-1,2,AA7149,0,1,91
8,9,12:00:48,3,-1,1,AA7149,0,1,40
9,10,12:01:38,3,-1,1,AA7149,0,1,30
10,11,12:04:21,3,-1,1,AA7149,0,1,132
11,12,12:05:04,3,-1,1,AA7149,0,1,20
12,13,12:07:27,3,-1,1,AA7149,0,1,102
13,14,12:08:07,3,-1,1,AA7149,0,1,30
14,15,12:09:48,3,-1,-1,AA7149,0,1,30
15,16,12:12:32,3,-1,1,AA7149,0,1,133
16,17,12:18:58,3,-1,1,AA7149,0,1,355
17,18,12:20:19,3,-1,1,AA7149,0,1,30
18,19,12:24:24,3,-1,2,AA7149,0,1,194
19,20,12:27:06,3,-1,1,AA7149,0,1,121
20,21,12:30:29,3,-1,1,AA7149,0,1,182
21,22,12:32:10,3,-1,-1,AA7149,0,1,91
0,1,12:46:37,3,-1,-1,AA7149,0,1,40
1,2,12:49:32,3,-1,3,AA7149,0,1,103
2,3,12:52:03,3,-1,2,AA7149,0,1,111
3,4,12:54:15,3,-1,1,AA7149,0,1,60
4,5,12:57:59,3,-1,1,AA7149,0,1,131
5,6,12:59:10,3,-1,1,AA7149,0,1,20
6,8,13:10:15,3,-1,2,AA7149,1,1,624
8,10,13:12:29,3,-1,1,AA7149,1,1,101
10,11,13:14:54,3,-1,1,AA7149,0,1,124
11,12,13:15:54,3,-1,1,AA7149,0,1,20
12,13,13:17:26,3,-1,1,AA7149,0,1,60
13,14,13:18:46,3,-1,1,AA7149,0,1,50
14,15,13:20:38,3,-1,-1,AA7149,0,1,30
15,16,13:23:00,3,-1,1,AA7149,0,1,91
16,17,13:29:48,3,-1,1,AA7149,0,1,334
17,18,13:30:49,3,-1,1,AA7149,0,1,20
18,19,13:35:04,3,-1,2,AA7149,0,1,204
19,20,13:37:05,3,-1,1,AA7149,0,1,111
20,22,13:42:19,3,-1,-1,AA7149,1,1,293
0,1,13:58:07,3,-1,-1,AA7149,0,1,101
1,2,14:01:19,3,-1,3,AA7149,0,1,111
2,3,14:04:02,3,-1,2,AA7149,0,1,70
3,4,14:06:34,3,-1,1,AA7149,0,1,121
4,5,14:09:56,3,-1,1,AA7149,0,1,121
5,6,14:11:27,3,-1,1,AA7149,0,1,20
6,7,14:20:15,3,-1,1,AA7149,0,1,487
7,8,14:22:58,3,-1,2,AA7149,0,1,132
8,9,14:24:40,3,-1,1,AA7149,0,1,91
9,10,14:25:21,3,-1,1,AA7149,0,1,30
10,11,14:27:45,3,-1,1,AA7149,0,1,123
11,12,14:28:35,3,-1,1,AA7149,0,1,30
12,13,14:31:17,3,-1,2,AA7149,0,1,131
13,14,14:32:28,3,-1,1,AA7149,0,1,30
14,15,14:33:49,3,-1,-1,AA7149,0,1,30
15,16,14:36:34,3,-1,1,AA7149,0,1,114
16,17,14:43:09,3,-1,3,AA7149,0,1,364
17,18,14:44:20,3,-1,1,AA7149,0,1,30
18,19,14:52:39,3,-1,3,AA7149,0,1,456
19,20,14:56:12,3,-1,2,AA7149,0,1,112
20,21,15:00:36,3,-1,1,AA7149,0,1,253
21,22,15:02:27,3,-1,-1,AA7149,0,1,80
0,1,15:14:12,3,-1,-1,AA7149,0,1,30
1,2,15:16:14,3,-1,3,AA7149,0,1,112
2,3,15:18:47,3,-1,3,AA7149,0,1,81
3,4,15:21:08,3,-1,1,AA7149,0,1,91
4,5,15:25:03,3,-1,1,AA7149,0,1,163
5,6,15:28:05,3,-1,1,AA7149,0,1,20
6,7,15:37:28,3,-1,2,AA7149,0,1,520
7,8,15:40:34,3,-1,2,AA7149,0,1,176
8,9,15:41:56,3,-1,1,AA7149,0,1,50
9,10,15:42:46,3,-1,1,AA7149,0,1,20
10,11,15:45:08,3,-1,1,AA7149,0,1,91
11,12,15:46:19,3,-1,2,AA7149,0,1,20
12,13,15:47:51,3,-1,2,AA7149,0,1,62
13,14,15:49:13,3,-1,2,AA7149,0,1,60
14,15,15:51:46,3,-1,-1,AA7149,0,1,40
15,16,15:54:28,3,-1,1,AA7149,0,1,101
16,17,16:01:18,3,-1,2,AA7149,0,1,369
17,18,16:02:39,3,-1,1,AA7149,0,1,30
18,19,16:09:37,3,-1,2,AA7149,0,1,367
19,22,16:17:35,3,-1,-1,AA7149,2,1,377
0,1,16:32:58,3,-1,-1,AA7149,0,1,862
1,2,16:35:10,3,-1,2,AA7149,0,1,40
2,3,16:36:55,3,-1,2,AA7149,0,1,60
3,4,16:39:17,3,-1,1,AA7149,0,1,80
4,5,16:42:49,3,-1,1,AA7149,0,1,131
5,6,16:44:13,3,-1,1,AA7149,0,1,10
6,7,16:53:43,3,-1,1,AA7149,0,1,498
7,8,16:56:55,3,-1,2,AA7149,0,1,161
8,9,16:58:26,3,-1,1,AA7149,0,1,81
9,11,17:01:19,3,-1,1,AA7149,1,1,151
11,12,17:02:19,3,-1,1,AA7149,0,1,30
12,13,17:04:11,3,-1,1,AA7149,0,1,71
13,14,17:05:22,3,-1,2,AA7149,0,1,40
14,15,17:06:43,3,-1,-1,AA7149,0,1,30
15,16,17:09:25,3,-1,1,AA7149,0,1,111
16,17,17:16:32,3,-1,1,AA7149,0,1,396
17,18,17:17:32,3,-1,1,AA7149,0,1,30
18,19,17:22:16,3,-1,3,AA7149,0,1,252
19,20,17:24:37,3,-1,1,AA7149,0,1,60
20,21,17:29:55,3,-1,1,AA7149,0,1,277
21,22,17:32:57,3,-1,-1,AA7149,0,1,111
0,1,17:42:18,3,-1,-1,AA7149,0,1,499
1,2,17:44:19,3,-1,2,AA7149,0,1,101
2,3,17:47:45,3,-1,2,AA7149,0,1,70
3,4,17:53:59,3,-1,1,AA7149,0,1,242
4,5,17:57:36,3,-1,1,AA7149,0,1,135
5,6,17:58:57,3,-1,1,AA7149,0,1,20
6,7,18:08:07,3,-1,2,AA7149,0,1,510
7,8,18:11:00,3,-1,1,AA7149,0,1,152
8,9,18:12:45,3,-1,1,AA7149,0,1,84
9,10,18:13:46,3,-1,1,AA7149,0,1,30
10,11,18:16:48,3,-1,1,AA7149,0,1,121
11,12,18:18:09,3,-1,1,AA7149,0,1,30
12,13,18:20:18,3,-1,1,AA7149,0,1,78
13,14,18:22:13,3,-1,1,AA7149,0,1,64
14,15,18:24:34,3,-1,-1,AA7149,0,1,60
15,16,18:27:57,3,-1,1,AA7149,0,1,151
16,17,18:35:07,3,-1,3,AA7149,0,1,389
17,18,18:36:18,3,-1,1,AA7149,0,1,40
18,19,18:47:16,3,-1,3,AA7149,0,1,577
19,20,18:50:58,3,-1,1,AA7149,0,1,80
20,21,18:56:24,3,-1,1,AA7149,0,1,305
21,22,18:59:16,3,-1,-1,AA7149,0,1,101
0,1,19:18:16,3,-1,-1,AA7149,0,1,1109
1,2,19:20:07,3,-1,3,AA7149,0,1,50
2,3,19:22:19,3,-1,2,AA7149,0,1,70
3,4,19:25:03,3,-1,1,AA7149,0,1,113
4,5,19:29:16,3,-1,2,AA7149,0,1,181
5,6,19:30:27,3,-1,1,AA7149,0,1,20
6,7,19:39:47,3,-1,1,AA7149,0,1,509
7,8,19:41:48,3,-1,2,AA7149,0,1,111
8,9,19:43:19,3,-1,1,AA7149,0,1,50
9,10,19:44:20,3,-1,1,AA7149,0,1,30
10,11,19:47:06,3,-1,1,AA7149,0,1,141
11,12,19:47:56,3,-1,1,AA7149,0,1,30
12,13,19:49:48,3,-1,1,AA7149,0,1,70
13,14,19:50:59,3,-1,1,AA7149,0,1,30
14,15,19:53:35,3,-1,-1,AA7149,0,1,96
15,16,19:56:27,3,-1,1,AA7149,0,1,151
16,17,20:03:14,3,-1,1,AA7149,0,1,376
17,18,20:04:25,3,-1,1,AA7149,0,1,30
18,19,20:09:08,3,-1,2,AA7149,0,1,242
19,20,20:11:22,3,-1,2,AA7149,0,1,62
20,21,20:15:25,3,-1,1,AA7149,0,1,182
21,22,20:18:58,3,-1,-1,AA7149,0,1,101
0,1,7:51:43,3,-1,-1,AA7195,0,2,23
1,2,7:53:56,3,-1,3,AA7195,0,2,40
2,3,7:57:59,3,-1,3,AA7195,0,2,151
3,4,8:00:53,3,-1,1,AA7195,0,2,20
4,5,8:05:28,3,-1,1,AA7195,0,2,151
5,6,8:07:19,3,-1,1,AA7195,0,2,20
6,7,8:20:36,3,-1,2,AA7195,0,2,736
7,10,8:27:25,3,-1,1,AA7195,2,2,368
10,11,8:29:16,3,-1,1,AA7195,0,2,50
11,12,8:30:07,3,-1,2,AA7195,0,2,40
12,14,8:34:10,3,-1,3,AA7195,1,2,222
14,15,8:36:15,3,-1,-1,AA7195,0,2,50
15,16,8:38:48,3,-1,1,AA7195,0,2,143
16,17,8:46:16,3,-1,1,AA7195,0,2,387
17,18,8:48:28,3,-1,1,AA7195,0,2,91
18,19,8:53:05,3,-1,-1,AA7195,0,2,236
19,20,8:56:38,3,-1,2,AA7195,0,2,141
20,21,8:59:46,3,-1,1,AA7195,0,2,136
0,1,9:13:39,3,-1,-1,AA7195,0,2,81
1,2,9:16:35,3,-1,3,AA7195,0,2,135
2,3,9:19:37,3,-1,3,AA7195,0,2,141
3,4,9:22:32,3,-1,1,AA7195,0,2,114
4,5,9:26:05,3,-1,1,AA7195,0,2,131
5,6,9:27:46,3,-1,1,AA7195,0,2,20
6,7,9:37:55,3,-1,2,AA7195,0,2,558
7,8,9:40:38,3,-1,2,AA7195,0,2,152
8,9,9:42:30,3,-1,1,AA7195,0,2,71
9,10,9:43:21,3,-1,1,AA7195,0,2,30
10,11,9:46:16,3,-1,1,AA7195,0,2,132
11,12,9:47:07,3,-1,1,AA7195,0,2,30
12,13,9:49:49,3,-1,1,AA7195,0,1,131
13,14,9:51:00,3,-1,1,AA7195,0,1,30
14,15,9:52:42,3,-1,-1,AA7195,0,1,30
15,17,10:02:03,3,-1,3,AA7195,1,1,540
17,18,10:03:18,3,-1,1,AA7195,0,1,30
18,19,10:12:19,3,-1,2,AA7195,0,1,509
19,21,10:18:15,3,-1,1,AA7195,1,1,295
21,22,10:21:37,3,-1,-1,AA7195,0,1,192
0,1,10:29:25,3,-1,-1,AA7195,0,1,40
1,2,10:31:30,3,-1,2,AA7195,0,1,84
2,3,10:33:43,3,-1,2,AA7195,0,1,82
3,4,10:36:45,3,-1,1,AA7195,0,1,91
4,5,10:40:27,3,-1,2,AA7195,0,1,141
5,6,10:41:38,3,-1,1,AA7195,0,1,30
6,7,10:55:42,3,-1,2,AA7195,0,1,792
7,8,10:57:43,3,-1,2,AA7195,0,1,70
8,9,10:59:55,3,-1,1,AA7195,0,1,111
9,10,11:00:35,3,-1,1,AA7195,0,1,30
10,11,11:02:47,3,-1,1,AA7195,0,1,111
11,12,11:03:38,3,-1,1,AA7195,0,1,20
12,13,11:04:59,3,-1,1,AA7195,0,1,60
13,14,11:06:09,3,-1,1,AA7195,0,1,40
14,15,11:07:44,3,-1,-1,AA7195,0,1,32
15,16,11:10:06,3,-1,1,AA7195,0,1,111
16,17,11:16:53,3,-1,3,AA7195,0,1,366
17,18,11:18:04,3,-1,1,AA7195,0,1,30
18,19,11:26:40,3,-1,3,AA7195,0,1,465
19,20,11:29:16,3,-1,1,AA7195,0,1,82
20,21,11:32:29,3,-1,1,AA7195,0,1,182
21,22,11:34:44,3,-1,-1,AA7195,0,1,94
0,1,11:45:02,3,-1,-1,AA7195,0,1,87
1,2,11:46:15,3,-1,3,AA7195,0,1,40
2,3,11:51:38,3,-1,3,AA7195,0,1,252
3,4,11:56:34,3,-1,1,AA7195,0,1,121
4,5,12:00:07,3,-1,2,AA7195,0,1,131
5,6,12:01:49,3,-1,1,AA7195,0,1,40
6,7,12:10:08,3,-1,2,AA7195,0,1,469
7,8,12:12:00,3,-1,2,AA7195,0,1,101
8,9,12:14:14,3,-1,1,AA7195,0,1,70
9,10,12:15:14,3,-1,1,AA7195,0,1,40
10,11,12:17:17,3,-1,1,AA7195,0,1,81
11,12,12:18:28,3,-1,1,AA7195,0,1,30
12,13,12:20:09,3,-1,1,AA7195,0,1,60
13,14,12:21:32,3,-1,1,AA7195,0,1,42
14,15,12:24:34,3,-1,-1,AA7195,0,1,162
15,16,12:26:26,3,-1,1,AA7195,0,1,91
16,17,12:33:24,3,-1,1,AA7195,0,1,367
17,18,12:34:25,3,-1,1,AA7195,0,1,20
18,19,12:38:28,3,-1,2,AA7195,0,1,202
19,20,12:41:42,3,-1,1,AA7195,0,1,123
20,21,12:44:44,3,-1,1,AA7195,0,1,161
21,22,12:46:27,3,-1,-1,AA7195,0,1,82
0,1,15:41:35,3,-1,-1,AA7195,0,1,60
1,2,15:42:56,3,-1,3,AA7195,0,1,50
2,4,15:46:09,3,-1,1,AA7195,1,1,161
4,5,15:49:54,3,-1,1,AA7195,0,1,143
5,6,15:51:46,3,-1,1,AA7195,0,1,20
6,8,16:03:39,3,-1,2,AA7195,1,1,673
8,9,16:04:40,3,-1,1,AA7195,0,1,40
9,10,16:05:34,3,-1,1,AA7195,0,1,43
10,11,16:08:46,3,-1,1,AA7195,0,1,121
11,12,16:09:47,3,-1,1,AA7195,0,1,30
12,13,16:10:47,3,-1,1,AA7195,0,1,50
13,14,16:11:48,3,-1,2,AA7195,0,1,30
14,15,16:13:09,3,-1,-1,AA7195,0,1,40
15,16,16:16:45,3,-1,1,AA7195,0,1,205
16,17,16:23:40,3,-1,2,AA7195,0,1,384
17,18,16:24:40,3,-1,1,AA7195,0,1,30
18,19,16:29:56,3,-1,3,AA7195,0,1,274
19,20,16:32:58,3,-1,1,AA7195,0,1,60
20,21,16:36:45,3,-1,1,AA7195,0,1,186
21,22,16:38:46,3,-1,-1,AA7195,0,1,91
0,1,16:56:15,3,-1,-1,AA7195,0,1,80
1,2,16:58:26,3,-1,2,AA7195,0,1,91
2,3,17:01:08,3,-1,2,AA7195,0,1,111
3,4,17:02:40,3,-1,1,AA7195,0,1,60
4,5,17:06:03,3,-1,1,AA7195,0,1,121
5,6,17:07:34,3,-1,1,AA7195,0,1,30
6,7,17:16:52,3,-1,1,AA7195,0,1,517
7,8,17:18:53,3,-1,2,AA7195,0,1,111
8,9,17:20:45,3,-1,1,AA7195,0,1,91
9,10,17:21:25,3,-1,1,AA7195,0,1,30
10,11,17:24:37,3,-1,1,AA7195,0,1,111
11,12,17:25:38,3,-1,1,AA7195,0,1,30
12,13,17:27:39,3,-1,1,AA7195,0,1,91
13,14,17:28:51,3,-1,2,AA7195,0,1,41
14,15,17:30:35,3,-1,-1,AA7195,0,1,40
15,16,17:34:28,3,-1,1,AA7195,0,1,222
16,17,17:41:37,3,-1,1,AA7195,0,1,408
17,18,17:43:38,3,-1,1,AA7195,0,1,40
18,19,17:48:46,3,-1,3,AA7195,0,1,246
19,20,17:52:48,3,-1,1,AA7195,0,1,182
20,21,17:55:54,3,-1,1,AA7195,0,1,176
21,22,17:58:46,3,-1,-1,AA7195,0,1,161
5,6,18:35:57,3,-1,1,AA7195,0,1,30
0,1,20:16:06,3,-1,-1,AA7195,0,1,40
1,2,20:17:47,3,-1,2,AA7195,0,1,50
2,3,20:19:18,3,-1,2,AA7195,0,1,40
3,4,20:21:39,3,-1,1,AA7195,0,1,70
4,5,20:23:55,3,-1,1,AA7195,0,1,95
5,6,20:25:06,3,-1,1,AA7195,0,1,30
6,7,20:34:35,3,-1,1,AA7195,0,1,538
7,8,20:36:27,3,-1,2,AA7195,0,1,101
8,9,20:37:27,3,-1,1,AA7195,0,1,40
9,10,20:38:18,3,-1,1,AA7195,0,1,30
10,11,20:41:00,3,-1,1,AA7195,0,1,80
11,12,20:42:03,3,-1,1,AA7195,0,1,30
12,13,20:43:35,3,-1,1,AA7195,0,1,61
13,14,20:44:26,3,-1,1,AA7195,0,1,30
14,15,20:45:47,3,-1,-1,AA7195,0,1,30
15,16,20:48:49,3,-1,1,AA7195,0,1,171
16,17,20:55:25,3,-1,3,AA7195,0,1,376
17,18,20:56:36,3,-1,1,AA7195,0,1,40
18,19,21:02:45,3,-1,2,AA7195,0,1,348
16,17,0:04:05,3,-1,1,AA7242,0,2,355
17,18,0:05:26,3,-1,1,AA7242,0,2,20
18,19,0:09:38,3,-1,2,AA7242,0,2,202
19,20,0:12:32,3,-1,1,AA7242,0,2,143
20,21,0:14:24,3,-1,1,AA7242,0,2,102
21,22,0:16:16,3,-1,-1,AA7242,0,2,81
0,1,0:37:57,3,-1,-1,AA7242,0,2,111
1,2,0:39:38,3,-1,1,AA7242,0,2,60
2,3,0:41:19,3,-1,1,AA7242,0,2,40
3,4,0:42:10,3,-1,1,AA7242,0,2,10
4,5,0:44:46,3,-1,1,AA7242,0,2,115
5,6,0:45:47,3,-1,1,AA7242,0,2,20
6,7,0:54:05,3,-1,1,AA7242,0,2,458
7,8,0:56:17,3,-1,-1,AA7242,0,2,90
8,9,0:57:18,3,-1,1,AA7242,0,2,40
9,10,0:57:48,3,-1,1,AA7242,0,2,20
10,11,0:58:49,3,-1,1,AA7242,0,2,40
11,12,0:59:29,3,-1,1,AA7242,0,2,30
12,13,1:01:00,3,-1,1,AA7242,0,2,60
13,14,1:02:04,3,-1,1,AA7242,0,2,30
14,15,1:03:04,3,-1,-1,AA7242,0,2,20
15,16,1:04:45,3,-1,1,AA7242,0,2,70
16,17,1:11:17,3,-1,1,AA7242,0,2,343
17,18,1:12:28,3,-1,1,AA7242,0,2,30
18,19,1:16:53,3,-1,1,AA7242,0,2,224
19,20,1:19:05,3,-1,1,AA7242,0,2,112
20,21,1:21:37,3,-1,1,AA7242,0,2,141
21,22,1:23:28,3,-1,-1,AA7242,0,2,90
0,1,6:20:44,3,-1,-1,AA7242,0,2,20
1,2,6:23:06,3,-1,1,AA7242,0,2,70
2,3,6:24:57,3,-1,1,AA7242,0,2,40
3,4,6:26:59,3,-1,1,AA7242,0,2,60
4,5,6:29:54,3,-1,1,AA7242,0,2,131
5,6,6:31:05,3,-1,1,AA7242,0,2,10
6,7,6:39:33,3,-1,1,AA7242,0,2,457
7,8,6:41:44,3,-1,2,AA7242,0,2,121
8,9,6:42:56,3,-1,1,AA7242,0,2,40
9,10,6:43:46,3,-1,1,AA7242,0,2,30
10,11,6:45:27,3,-1,1,AA7242,0,2,70
11,12,6:46:08,3,-1,1,AA7242,0,2,20
12,13,6:47:29,3,-1,1,AA7242,0,2,50
13,14,6:48:29,3,-1,1,AA7242,0,2,30
14,15,6:50:00,3,-1,-1,AA7242,0,2,30
15,16,6:52:25,3,-1,1,AA7242,0,2,101
16,17,6:59:20,3,-1,1,AA7242,0,2,374
17,18,7:00:25,3,-1,1,AA7242,0,2,30
18,19,7:04:17,3,-1,2,AA7242,0,2,202
19,20,7:05:58,3,-1,1,AA7242,0,2,40
20,21,7:09:02,3,-1,1,AA7242,0,2,133
21,22,7:11:14,3,-1,-1,AA7242,0,2,91
0,1,7:21:53,3,-1,-1,AA7242,0,2,70
1,2,7:23:54,3,-1,2,AA7242,0,2,80
2,3,7:26:57,3,-1,2,AA7242,0,2,91
3,4,7:30:29,3,-1,1,AA7242,0,2,151
4,5,7:34:24,3,-1,1,AA7242,0,2,133
5,6,7:36:26,3,-1,1,AA7242,0,2,30
6,7,7:45:25,3,-1,1,AA7242,0,2,498
7,8,7:47:26,3,-1,2,AA7242,0,2,111
8,9,7:48:37,3,-1,1,AA7242,0,2,40
9,10,7:49:38,3,-1,1,AA7242,0,2,30
10,11,7:51:20,3,-1,1,AA7242,0,2,61
11,12,7:52:04,3,-1,1,AA7242,0,2,30
12,13,7:53:45,3,-1,1,AA7242,0,2,70
13,14,7:54:36,3,-1,1,AA7242,0,2,40
14,15,7:56:07,3,-1,-1,AA7242,0,2,30
15,16,7:59:20,3,-1,1,AA7242,0,2,131
16,17,8:05:58,3,-1,1,AA7242,0,2,365
17,18,8:07:39,3,-1,1,AA7242,0,2,40
18,19,8:12:58,3,-1,2,AA7242,0,2,267
19,20,8:17:13,3,-1,2,AA7242,0,2,244
20,21,8:19:05,3,-1,1,AA7242,0,2,102
21,22,8:21:47,3,-1,-1,AA7242,0,2,91
0,2,8:35:24,3,-1,3,AA7242,1,2,726
2,3,8:39:49,3,-1,3,AA7242,0,2,161
3,4,8:50:31,3,-1,-1,AA7242,0,2,436
4,5,8:54:37,3,-1,-1,AA7242,0,2,153
5,6,8:56:49,3,-1,1,AA7242,0,2,60
6,7,9:06:44,3,-1,2,AA7242,0,2,534
7,8,9:10:17,3,-1,2,AA7242,0,2,192
8,9,9:11:48,3,-1,1,AA7242,0,2,50
9,10,9:12:38,3,-1,1,AA7242,0,2,30
10,11,9:15:10,3,-1,1,AA7242,0,2,131
11,12,9:16:15,3,-1,1,AA7242,0,2,40
12,13,9:19:47,3,-1,1,AA7242,0,2,172
13,14,9:21:08,3,-1,1,AA7242,0,2,40
14,15,9:22:43,3,-1,-1,AA7242,0,2,32
15,16,9:26:05,3,-1,1,AA7242,0,2,111
16,17,9:34:10,3,-1,-1,AA7242,0,2,414
17,18,9:35:23,3,-1,1,AA7242,0,2,30
18,19,9:43:11,3,-1,2,AA7242,0,2,416
19,20,9:46:06,3,-1,2,AA7242,0,2,112
20,21,9:50:19,3,-1,1,AA7242,0,1,222
21,22,9:52:22,3,-1,-1,AA7242,0,1,102
0,7,10:38:16,3,-1,2,AA7242,6,1,632
7,9,10:40:17,3,-1,1,AA7242,1,1,90
9,10,10:40:58,3,-1,1,AA7242,0,1,30
10,11,10:44:00,3,-1,1,AA7242,0,1,131
11,12,10:44:32,3,-1,1,AA7242,0,1,21
12,13,10:45:53,3,-1,1,AA7242,0,1,50
13,14,10:47:04,3,-1,1,AA7242,0,1,60
14,15,10:48:35,3,-1,-1,AA7242,0,1,50
15,16,10:51:17,3,-1,-1,AA7242,0,1,111
16,17,10:58:03,3,-1,3,AA7242,0,1,366
17,18,10:59:14,3,-1,1,AA7242,0,1,20
18,19,11:06:52,3,-1,2,AA7242,0,1,427
19,20,11:09:15,3,-1,2,AA7242,0,1,90
20,21,11:11:27,3,-1,1,AA7242,0,1,121
21,22,11:13:39,3,-1,-1,AA7242,0,1,101
0,1,11:37:17,3,-1,-1,AA7242,0,1,1347
1,3,11:41:30,3,-1,3,AA7242,1,1,212
3,4,11:50:38,3,-1,1,AA7242,0,1,355
4,5,11:54:33,3,-1,2,AA7242,0,1,164
5,6,11:55:34,3,-1,1,AA7242,0,1,20
6,7,12:04:34,3,-1,2,AA7242,0,1,479
7,8,12:06:36,3,-1,2,AA7242,0,1,112
8,9,12:08:58,3,-1,1,AA7242,0,1,121
9,11,12:13:23,3,-1,1,AA7242,1,1,245
11,12,12:14:14,3,-1,1,AA7242,0,1,30
12,13,12:16:16,3,-1,1,AA7242,0,1,81
13,14,12:17:37,3,-1,1,AA7242,0,1,30
14,15,12:19:38,3,-1,-1,AA7242,0,1,50
15,16,12:22:12,3,-1,1,AA7242,0,1,113
16,17,12:29:17,3,-1,1,AA7242,0,1,374
17,18,12:30:29,3,-1,1,AA7242,0,1,30
18,19,12:34:55,3,-1,2,AA7242,0,1,215
19,20,12:39:49,3,-1,1,AA7242,0,1,212
20,21,12:42:33,3,-1,1,AA7242,0,1,153
21,22,12:44:34,3,-1,-1,AA7242,0,1,80
0,1,12:55:05,3,-1,-1,AA7242,0,1,40
1,3,12:59:20,3,-1,2,AA7242,1,1,212
3,4,13:02:05,3,-1,1,AA7242,0,1,60
4,5,13:05:18,3,-1,1,AA7242,0,1,131
5,6,13:06:29,3,-1,1,AA7242,0,1,20
6,7,13:14:54,3,-1,1,AA7242,0,1,464
7,8,13:17:15,3,-1,1,AA7242,0,1,131
8,9,13:18:46,3,-1,1,AA7242,0,1,50
9,10,13:19:27,3,-1,1,AA7242,0,1,20
10,11,13:21:18,3,-1,1,AA7242,0,1,91
11,12,13:22:09,3,-1,1,AA7242,0,1,20
12,13,13:23:43,3,-1,1,AA7242,0,1,63
13,14,13:25:35,3,-1,1,AA7242,0,1,91
14,15,13:28:07,3,-1,-1,AA7242,0,1,50
15,16,13:30:18,3,-1,1,AA7242,0,1,81
16,17,13:37:05,3,-1,1,AA7242,0,1,376
17,18,13:38:26,3,-1,1,AA7242,0,1,30
18,19,13:42:49,3,-1,2,AA7242,0,1,222
19,20,13:46:37,3,-1,2,AA7242,0,1,162
20,21,13:48:58,3,-1,1,AA7242,0,1,121
21,22,13:51:53,3,-1,-1,AA7242,0,1,103
0,1,14:07:34,3,-1,-1,AA7242,0,1,648
1,2,14:10:26,3,-1,3,AA7242,0,1,151
2,3,14:13:49,3,-1,3,AA7242,0,1,192
3,4,14:16:33,3,-1,1,AA7242,0,1,60
4,5,14:20:36,3,-1,1,AA7242,0,1,151
5,6,14:21:56,3,-1,1,AA7242,0,1,20
6,7,14:32:58,3,-1,1,AA7242,0,1,620
7,8,14:35:32,3,-1,2,AA7242,0,1,143
8,9,14:37:15,3,-1,1,AA7242,0,1,72
9,10,14:38:26,3,-1,1,AA7242,0,1,30
10,11,14:41:08,3,-1,1,AA7242,0,1,131
11,12,14:41:58,3,-1,2,AA7242,0,1,20
12,13,14:44:10,3,-1,2,AA7242,0,1,90
13,14,14:45:22,3,-1,1,AA7242,0,1,50
14,15,14:47:35,3,-1,-1,AA7242,0,1,50
15,16,14:50:27,3,-1,1,AA7242,0,1,131
16,17,14:57:13,3,-1,3,AA7242,0,1,375
17,18,14:58:24,3,-1,1,AA7242,0,1,30
18,19,15:03:28,3,-1,2,AA7242,0,1,262
19,20,15:06:55,3,-1,1,AA7242,0,1,156
20,21,15:09:58,3,-1,1,AA7242,0,1,172
21,22,15:11:59,3,-1,-1,AA7242,0,1,91
0,1,15:25:23,3,-1,-1,AA7242,0,1,92
1,2,15:27:04,3,-1,3,AA7242,0,1,60
2,3,15:29:38,3,-1,2,AA7242,0,1,143
3,4,15:32:20,3,-1,1,AA7242,0,1,91
4,5,15:35:57,3,-1,1,AA7242,0,1,142
5,6,15:37:07,3,-1,1,AA7242,0,1,20
6,7,15:46:49,3,-1,2,AA7242,0,1,531
7,8,15:49:03,3,-1,2,AA7242,0,1,123
8,9,15:50:45,3,-1,1,AA7242,0,1,60
9,10,15:51:25,3,-1,1,AA7242,0,1,30
10,11,15:53:27,3,-1,1,AA7242,0,1,101
11,12,15:54:17,3,-1,1,AA7242,0,1,20
12,13,15:56:39,3,-1,1,AA7242,0,1,111
13,14,15:57:54,3,-1,2,AA7242,0,1,44
14,15,15:59:26,3,-1,-1,AA7242,0,1,40
15,16,16:02:59,3,-1,1,AA7242,0,1,182
16,17,16:09:47,3,-1,2,AA7242,0,1,367
17,18,16:11:18,3,-1,1,AA7242,0,1,40
18,19,16:17:15,3,-1,2,AA7242,0,1,306
19,20,16:21:18,3,-1,1,AA7242,0,1,121
20,21,16:24:30,3,-1,1,AA7242,0,1,161
21,22,16:26:54,3,-1,-1,AA7242,0,1,102
0,1,16:42:19,3,-1,-1,AA7242,0,1,101
1,2,16:44:03,3,-1,3,AA7242,0,1,42
2,3,16:45:55,3,-1,2,AA7242,0,1,60
3,4,16:47:16,3,-1,1,AA7242,0,1,40
4,5,16:52:09,3,-1,1,AA7242,0,1,263
5,6,16:53:10,3,-1,1,AA7242,0,1,10
6,7,17:01:39,3,-1,1,AA7242,0,1,465
7,8,17:04:01,3,-1,2,AA7242,0,1,131
8,9,17:05:12,3,-1,1,AA7242,0,1,40
9,10,17:06:03,3,-1,1,AA7242,0,1,30
10,11,17:09:05,3,-1,1,AA7242,0,1,141
11,12,17:10:16,3,-1,1,AA7242,0,1,30
12,13,17:12:17,3,-1,1,AA7242,0,1,80
13,14,17:13:08,3,-1,2,AA7242,0,1,40
14,15,17:16:20,3,-1,-1,AA7242,0,1,60
15,16,17:19:44,3,-1,1,AA7242,0,1,172
16,17,17:26:59,3,-1,1,AA7242,0,1,374
17,18,17:28:10,3,-1,1,AA7242,0,1,20
18,19,17:33:07,3,-1,2,AA7242,0,1,225
19,20,17:37:55,3,-1,1,AA7242,0,1,186
20,21,17:41:57,3,-1,1,AA7242,0,1,232
21,22,17:44:49,3,-1,-1,AA7242,0,1,111
0,1,17:54:40,3,-1,-1,AA7242,0,1,141
1,2,17:56:55,3,-1,2,AA7242,0,1,105
2,3,18:01:08,3,-1,2,AA7242,0,1,202
3,4,18:08:48,3,-1,1,AA7242,0,1,253
4,5,18:12:55,3,-1,1,AA7242,0,1,134
5,6,18:14:16,3,-1,1,AA7242,0,1,20
6,7,18:28:17,3,-1,1,AA7242,0,1,780
7,8,18:30:08,3,-1,1,AA7242,0,1,101
8,9,18:32:00,3,-1,1,AA7242,0,1,80
9,10,18:32:45,3,-1,1,AA7242,0,1,35
10,11,18:38:49,3,-1,1,AA7242,0,1,354
11,12,18:39:47,3,-1,1,AA7242,0,1,26
12,13,18:42:49,3,-1,1,AA7242,0,1,121
13,14,18:45:04,3,-1,3,AA7242,0,1,74
14,15,18:48:06,3,-1,-1,AA7242,0,1,40
15,16,18:50:08,3,-1,1,AA7242,0,1,70
16,17,18:57:05,3,-1,3,AA7242,0,1,376
17,18,18:58:36,3,-1,1,AA7242,0,1,40
18,19,19:07:45,3,-1,3,AA7242,0,1,488
19,20,19:09:36,3,-1,1,AA7242,0,1,60
20,21,19:12:38,3,-1,1,AA7242,0,1,161
21,22,19:15:03,3,-1,-1,AA7242,0,1,94
0,1,19:54:56,3,-1,-1,AA7242,0,1,70
1,3,19:58:59,3,-1,1,AA7242,1,1,202
3,4,20:01:33,3,-1,1,AA7242,0,1,83
4,5,20:04:55,3,-1,1,AA7242,0,1,161
5,6,20:06:16,3,-1,1,AA7242,0,1,30
6,7,20:14:45,3,-1,1,AA7242,0,1,478
7,8,20:16:56,3,-1,2,AA7242,0,1,91
8,9,20:18:17,3,-1,1,AA7242,0,1,50
9,10,20:19:18,3,-1,1,AA7242,0,1,40
10,11,20:20:39,3,-1,1,AA7242,0,1,60
11,12,20:21:50,3,-1,1,AA7242,0,1,30
12,13,20:23:21,3,-1,1,AA7242,0,1,70
13,14,20:24:16,3,-1,1,AA7242,0,1,40
14,15,20:25:47,3,-1,-1,AA7242,0,1,40
15,16,20:27:38,3,-1,1,AA7242,0,1,60
16,17,20:34:25,3,-1,1,AA7242,0,1,366
17,18,20:35:36,3,-1,1,AA7242,0,1,30
18,19,20:41:20,3,-1,2,AA7242,0,1,303
19,20,20:44:26,3,-1,1,AA7242,0,1,132
20,21,20:47:48,3,-1,1,AA7242,0,1,171
21,22,20:49:59,3,-1,-1,AA7242,0,1,90
0,1,21:02:55,3,-1,-1,AA7242,0,1,65
1,2,21:04:56,3,-1,2,AA7242,0,1,111
2,3,21:06:58,3,-1,2,AA7242,0,1,80
3,4,21:08:08,3,-1,1,AA7242,0,1,30
4,5,21:11:42,3,-1,2,AA7242,0,1,132
5,6,21:12:43,3,-1,1,AA7242,0,1,20
6,7,21:22:29,3,-1,-1,AA7242,0,1,535
7,8,21:24:30,3,-1,-1,AA7242,0,1,111
8,9,21:25:54,3,-1,1,AA7242,0,1,53
9,10,21:26:35,3,-1,1,AA7242,0,1,30
10,11,21:28:06,3,-1,1,AA7242,0,1,40
11,12,21:29:06,3,-1,1,AA7242,0,1,20
12,13,21:30:58,3,-1,1,AA7242,0,1,70
13,14,21:32:29,3,-1,1,AA7242,0,1,40
14,15,21:33:49,3,-1,-1,AA7242,0,1,30
15,16,21:35:42,3,-1,1,AA7242,0,1,60
16,17,21:43:03,3,-1,1,AA7242,0,1,376
17,18,21:44:14,3,-1,1,AA7242,0,1,30
18,19,21:49:58,3,-1,2,AA7242,0,1,262
19,20,21:52:10,3,-1,1,AA7242,0,1,70
20,21,21:55:05,3,-1,1,AA7242,0,1,142
21,22,21:56:56,3,-1,-1,AA7242,0,1,90
0,1,22:15:34,3,-1,-1,AA7242,0,1,124
1,2,22:17:15,3,-1,2,AA7242,0,1,90
2,3,22:20:07,3,-1,2,AA7242,0,1,60
3,4,22:22:08,3,-1,1,AA7242,0,1,90
4,5,22:25:10,3,-1,1,AA7242,0,1,141
5,6,22:26:35,3,-1,1,AA7242,0,1,33
6,7,22:35:24,3,-1,1,AA7242,0,1,468
7,8,22:36:46,3,-1,2,AA7242,0,1,70
8,9,22:37:56,3,-1,1,AA7242,0,1,40
9,10,22:39:17,3,-1,1,AA7242,0,1,40
10,11,22:42:29,3,-1,1,AA7242,0,1,50
11,12,22:43:40,3,-1,1,AA7242,0,1,30
12,13,22:45:13,3,-1,1,AA7242,0,1,52
13,14,22:46:04,3,-1,1,AA7242,0,1,40
14,15,22:48:16,3,-1,-1,AA7242,0,1,50
15,16,22:50:27,3,-1,1,AA7242,0,1,91
16,17,22:57:05,3,-1,1,AA7242,0,1,367
17,18,22:58:15,3,-1,1,AA7242,0,1,30
18,19,23:02:18,3,-1,2,AA7242,0,1,202
19,20,23:04:09,3,-1,1,AA7242,0,1,50
20,21,23:06:53,3,-1,1,AA7242,0,1,131
21,22,23:08:56,3,-1,-1,AA7242,0,1,92
0,1,23:28:05,3,-1,-1,AA7242,0,1,70
1,2,23:29:36,3,-1,1,AA7242,0,1,50
2,3,23:31:28,3,-1,2,AA7242,0,1,40
3,4,23:33:49,3,-1,1,AA7242,0,1,91
4,5,23:36:33,3,-1,1,AA7242,0,1,133
5,6,23:37:44,3,-1,1,AA7242,0,1,30
6,7,23:46:09,3,-1,1,AA7242,0,1,474
7,8,23:48:04,3,-1,1,AA7242,0,1,104
8,9,23:48:54,3,-1,1,AA7242,0,1,20
9,10,23:50:15,3,-1,1,AA7242,0,1,30
10,11,23:51:56,3,-1,1,AA7242,0,1,50
11,12,23:52:47,3,-1,1,AA7242,0,1,20
12,13,23:54:08,3,-1,1,AA7242,0,1,50
13,14,23:55:30,3,-1,1,AA7242,0,1,31
14,15,23:56:33,3,-1,-1,AA7242,0,1,23
15,16,23:58:35,3,-1,1,AA7242,0,1,90
0,1,10:19:46,3,-1,-1,AA7341,0,1,60
1,2,10:21:27,3,-1,2,AA7341,0,1,30
2,3,10:24:09,3,-1,2,AA7341,0,1,91
3,4,10:26:33,3,-1,1,AA7341,0,1,72
4,5,10:30:39,3,-1,2,AA7341,0,1,155
5,6,10:31:30,3,-1,1,AA7341,0,1,20
6,7,10:42:59,3,-1,1,AA7341,0,1,648
7,8,10:45:22,3,-1,2,AA7341,0,1,122
8,9,10:46:54,3,-1,1,AA7341,0,1,60
9,10,10:47:24,3,-1,1,AA7341,0,1,20
10,11,10:49:36,3,-1,1,AA7341,0,1,111
11,12,10:50:36,3,-1,-1,AA7341,0,1,30
12,13,10:52:17,3,-1,-1,AA7341,0,1,70
13,14,10:53:08,3,-1,-1,AA7341,0,1,40
14,15,10:54:49,3,-1,-1,AA7341,0,1,30
15,16,10:58:13,3,-1,1,AA7341,0,1,173
16,17,11:04:49,3,-1,3,AA7341,0,1,364
17,18,11:05:59,3,-1,1,AA7341,0,1,30
18,19,11:13:59,3,-1,2,AA7341,0,1,459
19,20,11:17:24,3,-1,1,AA7341,0,1,81
20,21,11:20:46,3,-1,1,AA7341,0,1,151
21,22,11:22:47,3,-1,-1,AA7341,0,1,91
0,1,12:13:03,3,-1,-1,AA7341,0,1,30
1,2,12:16:06,3,-1,3,AA7341,0,1,122
2,3,12:17:57,3,-1,2,AA7341,0,1,60
3,4,12:20:19,3,-1,1,AA7341,0,1,80
4,5,12:24:04,3,-1,1,AA7341,0,1,163
5,6,12:25:25,3,-1,1,AA7341,0,1,30
6,7,12:33:54,3,-1,2,AA7341,0,1,479
7,8,12:35:46,3,-1,2,AA7341,0,1,101
8,9,12:37:07,3,-1,1,AA7341,0,1,50
9,10,12:37:58,3,-1,1,AA7341,0,1,40
10,11,12:39:49,3,-1,1,AA7341,0,1,101
11,12,12:41:02,3,-1,1,AA7341,0,1,30
12,13,12:43:44,3,-1,1,AA7341,0,1,141
13,14,12:44:44,3,-1,1,AA7341,0,1,40
14,15,12:46:37,3,-1,-1,AA7341,0,1,50
15,16,12:49:42,3,-1,1,AA7341,0,1,113
16,17,12:56:28,3,-1,1,AA7341,0,1,375
17,18,12:57:18,3,-1,1,AA7341,0,1,20
18,19,13:01:34,3,-1,2,AA7341,0,1,215
19,20,13:03:57,3,-1,2,AA7341,0,1,70
20,21,13:07:33,3,-1,1,AA7341,0,1,185
21,22,13:09:55,3,-1,-1,AA7341,0,1,91
0,1,13:25:45,3,-1,-1,AA7341,0,1,70
1,2,13:26:56,3,-1,2,AA7341,0,1,40
2,3,13:28:47,3,-1,2,AA7341,0,1,91
3,5,13:34:44,3,-1,1,AA7341,1,1,285
5,6,13:35:55,3,-1,1,AA7341,0,1,30
6,7,13:44:04,3,-1,1,AA7341,0,1,449
7,8,13:45:36,3,-1,2,AA7341,0,1,81
8,9,13:47:07,3,-1,1,AA7341,0,1,50
9,10,13:48:08,3,-1,1,AA7341,0,1,30
10,11,13:50:29,3,-1,1,AA7341,0,1,111
11,12,13:51:10,3,-1,1,AA7341,0,1,20
12,13,13:53:34,3,-1,1,AA7341,0,1,111
13,14,13:54:55,3,-1,1,AA7341,0,1,30
14,15,13:56:36,3,-1,-1,AA7341,0,1,50
15,16,13:58:48,3,-1,1,AA7341,0,1,60
16,17,14:05:53,3,-1,1,AA7341,0,1,385
17,18,14:06:44,3,-1,1,AA7341,0,1,30
18,19,14:11:17,3,-1,2,AA7341,0,1,242
19,20,14:15:52,3,-1,1,AA7341,0,1,265
20,21,14:19:55,3,-1,1,AA7341,0,1,222
21,22,14:22:08,3,-1,-1,AA7341,0,1,92
0,1,6:10:55,3,-1,-1,AA7367,0,2,20
1,2,6:13:06,3,-1,2,AA7367,0,2,50
2,3,6:14:47,3,-1,1,AA7367,0,2,20
3,4,6:17:09,3,-1,1,AA7367,0,2,60
4,5,6:19:44,3,-1,2,AA7367,0,2,104
5,6,6:21:25,3,-1,1,AA7367,0,2,20
6,7,6:29:54,3,-1,1,AA7367,0,2,448
7,8,6:31:56,3,-1,1,AA7367,0,2,111
8,9,6:33:16,3,-1,1,AA7367,0,2,50
9,10,6:34:07,3,-1,1,AA7367,0,2,20
10,11,6:36:29,3,-1,1,AA7367,0,2,101
11,12,6:37:19,3,-1,1,AA7367,0,2,20
12,13,6:38:42,3,-1,1,AA7367,0,2,52
13,14,6:39:33,3,-1,1,AA7367,0,2,30
14,15,6:40:54,3,-1,-1,AA7367,0,2,20
15,16,6:43:06,3,-1,1,AA7367,0,2,91
16,17,6:49:40,3,-1,1,AA7367,0,2,364
17,18,6:50:34,3,-1,1,AA7367,0,2,33
18,19,6:54:57,3,-1,2,AA7367,0,2,233
19,20,6:57:39,3,-1,1,AA7367,0,2,70
20,21,6:59:54,3,-1,1,AA7367,0,2,94
21,22,7:01:46,3,-1,-1,AA7367,0,2,91
0,1,7:10:54,3,-1,-1,AA7367,0,2,20
1,2,7:13:05,3,-1,1,AA7367,0,2,60
2,3,7:14:47,3,-1,2,AA7367,0,2,40
3,4,7:17:19,3,-1,1,AA7367,0,2,81
4,5,7:20:42,3,-1,1,AA7367,0,2,122
5,6,7:22:13,3,-1,1,AA7367,0,2,20
6,7,7:30:49,3,-1,1,AA7367,0,2,475
7,8,7:32:43,3,-1,2,AA7367,0,2,103
8,9,7:34:14,3,-1,1,AA7367,0,2,50
9,10,7:35:15,3,-1,1,AA7367,0,2,20
10,11,7:36:56,3,-1,1,AA7367,0,2,60
11,12,7:37:57,3,-1,1,AA7367,0,2,20
12,13,7:39:18,3,-1,1,AA7367,0,2,50
13,14,7:40:19,3,-1,1,AA7367,0,2,30
14,15,7:42:10,3,-1,-1,AA7367,0,2,40
15,16,7:44:34,3,-1,1,AA7367,0,2,111
16,17,7:52:04,3,-1,1,AA7367,0,2,399
17,18,7:53:35,3,-1,1,AA7367,0,2,50
18,19,7:58:19,3,-1,3,AA7367,0,2,242
19,20,8:03:26,3,-1,2,AA7367,0,2,277
20,21,8:06:49,3,-1,1,AA7367,0,2,141
21,22,8:09:21,3,-1,-1,AA7367,0,2,101
0,1,8:20:36,3,-1,-1,AA7367,0,2,80
1,2,8:22:48,3,-1,3,AA7367,0,2,70
2,3,8:28:05,3,-1,3,AA7367,0,2,246
3,4,8:36:05,3,-1,1,AA7367,0,2,438
4,5,8:41:00,3,-1,1,AA7367,0,2,172
5,6,8:42:23,3,-1,1,AA7367,0,2,20
6,7,8:52:04,3,-1,-1,AA7367,0,2,529
7,8,8:55:07,3,-1,2,AA7367,0,2,173
8,9,8:56:59,3,-1,1,AA7367,0,2,50
9,10,8:58:10,3,-1,1,AA7367,0,2,30
10,11,8:59:56,3,-1,1,AA7367,0,2,95
11,12,9:04:39,3,-1,2,AA7367,0,2,252
12,13,9:08:25,3,-1,3,AA7367,0,2,91
13,14,9:09:16,3,-1,2,AA7367,0,2,30
14,15,9:10:37,3,-1,-1,AA7367,0,2,30
15,16,9:13:19,3,-1,1,AA7367,0,2,111
16,17,9:20:07,3,-1,1,AA7367,0,2,378
17,18,9:21:28,3,-1,1,AA7367,0,2,30
18,19,9:26:15,3,-1,3,AA7367,0,2,212
19,20,9:29:07,3,-1,1,AA7367,0,2,80
20,21,9:33:20,3,-1,-1,AA7367,0,2,182
21,22,9:35:34,3,-1,-1,AA7367,0,2,93
0,1,9:42:51,3,-1,-1,AA7367,0,2,50
1,2,9:44:44,3,-1,3,AA7367,0,2,50
2,3,9:47:47,3,-1,3,AA7367,0,2,173
3,4,9:50:40,3,-1,1,AA7367,0,1,91
4,5,9:54:15,3,-1,2,AA7367,0,1,133
5,6,9:55:47,3,-1,1,AA7367,0,1,30
6,7,10:07:55,3,-1,1,AA7367,0,1,698
7,8,10:10:07,3,-1,2,AA7367,0,1,121
8,9,10:11:58,3,-1,1,AA7367,0,1,71
9,10,10:12:49,3,-1,1,AA7367,0,1,30
10,11,10:14:20,3,-1,1,AA7367,0,1,70
11,12,10:15:13,3,-1,1,AA7367,0,1,30
12,13,10:16:44,3,-1,1,AA7367,0,1,60
13,14,10:17:35,3,-1,1,AA7367,0,1,40
14,15,10:19:26,3,-1,-1,AA7367,0,1,50
15,16,10:21:37,3,-1,1,AA7367,0,1,90
16,17,10:28:24,3,-1,3,AA7367,0,1,386
17,18,10:30:39,3,-1,1,AA7367,0,1,74
18,19,10:39:27,3,-1,2,AA7367,0,1,496
19,20,10:41:18,3,-1,1,AA7367,0,1,70
20,21,10:45:02,3,-1,1,AA7367,0,1,213
21,22,10:47:14,3,-1,-1,AA7367,0,1,101
0,1,11:22:47,3,-1,-1,AA7367,0,1,80
1,2,11:24:39,3,-1,2,AA7367,0,1,50
2,3,11:27:34,3,-1,2,AA7367,0,1,104
3,4,11:32:49,3,-1,1,AA7367,0,1,222
4,5,11:36:26,3,-1,2,AA7367,0,1,146
5,6,11:37:47,3,-1,1,AA7367,0,1,20
6,7,11:49:27,3,-1,1,AA7367,0,1,659
7,8,11:51:18,3,-1,2,AA7367,0,1,90
8,9,11:53:10,3,-1,1,AA7367,0,1,50
9,10,11:54:20,3,-1,1,AA7367,0,1,30
10,11,11:56:24,3,-1,1,AA7367,0,1,101
11,12,11:57:35,3,-1,1,AA7367,0,1,30
12,13,11:59:47,3,-1,1,AA7367,0,1,91
13,14,12:01:08,3,-1,1,AA7367,0,1,40
14,15,12:03:10,3,-1,-1,AA7367,0,1,40
15,16,12:06:25,3,-1,1,AA7367,0,1,153
16,17,12:13:43,3,-1,1,AA7367,0,1,376
17,18,12:14:54,3,-1,1,AA7367,0,1,30
18,19,12:20:19,3,-1,2,AA7367,0,1,263
19,20,12:23:13,3,-1,1,AA7367,0,1,101
20,21,12:25:45,3,-1,1,AA7367,0,1,91
21,22,12:27:57,3,-1,-1,AA7367,0,1,90
0,1,12:35:36,3,-1,-1,AA7367,0,1,101
1,2,12:36:57,3,-1,3,AA7367,0,1,40
2,3,12:39:29,3,-1,2,AA7367,0,1,141
3,4,12:43:13,3,-1,1,AA7367,0,1,151
4,5,12:47:07,3,-1,1,AA7367,0,1,142
5,6,12:48:08,3,-1,1,AA7367,0,1,10
6,7,12:57:18,3,-1,1,AA7367,0,1,478
7,8,12:58:59,3,-1,2,AA7367,0,1,91
8,9,13:01:04,3,-1,1,AA7367,0,1,93
9,10,13:02:15,3,-1,1,AA7367,0,1,30
10,11,13:04:27,3,-1,1,AA7367,0,1,60
11,12,13:05:49,3,-1,1,AA7367,0,1,40
12,13,13:07:33,3,-1,1,AA7367,0,1,73
13,14,13:08:54,3,-1,1,AA7367,0,1,50
14,15,13:10:48,3,-1,-1,AA7367,0,1,22
15,16,13:13:09,3,-1,1,AA7367,0,1,111
16,17,13:20:18,3,-1,1,AA7367,0,1,377
17,18,13:21:49,3,-1,1,AA7367,0,1,30
18,19,13:26:05,3,-1,2,AA7367,0,1,215
19,20,13:29:48,3,-1,1,AA7367,0,1,202
20,21,13:32:00,3,-1,1,AA7367,0,1,121
21,22,13:34:23,3,-1,-1,AA7367,0,1,103
0,1,13:46:37,3,-1,-1,AA7367,0,1,81
1,2,13:49:29,3,-1,3,AA7367,0,1,50
2,3,13:52:43,3,-1,3,AA7367,0,1,184
3,4,13:54:55,3,-1,1,AA7367,0,1,40
4,5,13:58:48,3,-1,1,AA7367,0,1,131
5,6,14:00:29,3,-1,1,AA7367,0,1,20
6,7,14:10:06,3,-1,1,AA7367,0,1,526
7,8,14:11:57,3,-1,1,AA7367,0,1,101
8,9,14:13:59,3,-1,1,AA7367,0,1,101
9,10,14:15:10,3,-1,1,AA7367,0,1,30
10,11,14:17:03,3,-1,1,AA7367,0,1,70
11,12,14:18:04,3,-1,1,AA7367,0,1,30
12,13,14:20:15,3,-1,1,AA7367,0,1,101
13,14,14:21:36,3,-1,1,AA7367,0,1,40
14,15,14:23:08,3,-1,-1,AA7367,0,1,40
15,16,14:25:51,3,-1,1,AA7367,0,1,131
16,17,14:33:09,3,-1,2,AA7367,0,1,374
17,18,14:34:50,3,-1,1,AA7367,0,1,40
18,19,14:44:52,3,-1,2,AA7367,0,1,549
19,20,14:46:55,3,-1,2,AA7367,0,1,61
20,21,14:50:37,3,-1,1,AA7367,0,1,182
21,22,14:52:59,3,-1,-1,AA7367,0,1,91
0,1,15:06:00,3,-1,-1,AA7367,0,1,91
1,3,15:11:19,3,-1,3,AA7367,1,1,263
3,4,15:14:12,3,-1,1,AA7367,0,1,92
4,5,15:18:16,3,-1,1,AA7367,0,1,152
5,6,15:19:47,3,-1,1,AA7367,0,1,20
6,7,15:29:38,3,-1,1,AA7367,0,1,499
7,8,15:31:59,3,-1,2,AA7367,0,1,121
8,9,15:34:14,3,-1,1,AA7367,0,1,84
9,11,15:39:09,3,-1,1,AA7367,1,1,273
11,12,15:40:20,3,-1,2,AA7367,0,1,30
12,13,15:43:17,3,-1,2,AA7367,0,1,121
13,14,15:45:18,3,-1,2,AA7367,0,1,91
14,15,15:47:31,3,-1,-1,AA7367,0,1,51
15,16,15:50:05,3,-1,1,AA7367,0,1,122
16,17,15:57:34,3,-1,1,AA7367,0,1,408
17,18,15:58:46,3,-1,1,AA7367,0,1,40
18,19,16:06:04,3,-1,2,AA7367,0,1,387
19,20,16:09:47,3,-1,1,AA7367,0,1,202
20,21,16:12:59,3,-1,1,AA7367,0,1,171
21,22,16:16:25,3,-1,-1,AA7367,0,1,104
0,1,16:25:53,3,-1,-1,AA7367,0,1,92
1,2,16:29:05,3,-1,2,AA7367,0,1,172
2,3,16:30:36,3,-1,2,AA7367,0,1,40
3,4,16:32:28,3,-1,1,AA7367,0,1,60
4,5,16:35:44,3,-1,1,AA7367,0,1,125
5,6,16:37:26,3,-1,1,AA7367,0,1,30
6,7,16:47:05,3,-1,1,AA7367,0,1,549
7,8,16:49:07,3,-1,2,AA7367,0,1,111
8,9,16:50:58,3,-1,1,AA7367,0,1,50
9,10,16:51:39,3,-1,1,AA7367,0,1,30
10,11,16:54:54,3,-1,1,AA7367,0,1,175
11,12,16:55:55,3,-1,1,AA7367,0,1,30
12,13,16:58:06,3,-1,1,AA7367,0,1,80
13,14,16:59:27,3,-1,2,AA7367,0,1,40
14,15,17:01:49,3,-1,-1,AA7367,0,1,50
15,16,17:05:02,3,-1,1,AA7367,0,1,152
16,17,17:12:07,3,-1,1,AA7367,0,1,364
17,18,17:13:38,3,-1,1,AA7367,0,1,30
18,19,17:19:14,3,-1,2,AA7367,0,1,264
19,20,17:22:26,3,-1,1,AA7367,0,1,101
20,21,17:27:19,3,-1,1,AA7367,0,1,262
21,22,17:30:25,3,-1,-1,AA7367,0,1,104
0,1,7:26:57,3,-1,-1,AA7392,0,2,50
1,2,7:28:07,3,-1,2,AA7392,0,2,30
2,3,7:29:59,3,-1,2,AA7392,0,2,50
3,4,7:32:32,3,-1,1,AA7392,0,2,72
4,5,7:36:06,3,-1,1,AA7392,0,2,132
5,6,7:37:37,3,-1,1,AA7392,0,2,30
6,7,7:46:36,3,-1,1,AA7392,0,2,508
7,8,7:48:27,3,-1,2,AA7392,0,2,91
8,9,7:49:48,3,-1,1,AA7392,0,2,50
9,10,7:50:49,3,-1,1,AA7392,0,2,30
10,11,7:52:45,3,-1,1,AA7392,0,2,84
11,12,7:53:25,3,-1,1,AA7392,0,2,30
12,13,7:54:46,3,-1,1,AA7392,0,2,50
13,14,7:55:57,3,-1,1,AA7392,0,2,20
14,15,7:57:18,3,-1,-1,AA7392,0,2,40
15,16,7:59:42,3,-1,1,AA7392,0,2,103
16,17,8:06:49,3,-1,1,AA7392,0,2,375
17,18,8:08:00,3,-1,1,AA7392,0,2,40
18,19,8:13:18,3,-1,2,AA7392,0,2,277
19,20,8:17:34,3,-1,2,AA7392,0,2,154
20,21,8:21:27,3,-1,1,AA7392,0,2,172
21,22,8:24:09,3,-1,-1,AA7392,0,2,111
0,1,8:42:44,3,-1,-1,AA7392,0,2,1064
1,2,8:44:35,3,-1,3,AA7392,0,2,101
2,3,8:51:54,3,-1,-1,AA7392,0,2,367
3,4,8:56:38,3,-1,1,AA7392,0,2,111
4,5,9:00:56,3,-1,1,AA7392,0,2,156
5,6,9:03:18,3,-1,1,AA7392,0,2,80
6,7,9:12:18,3,-1,2,AA7392,0,2,489
7,8,9:14:10,3,-1,2,AA7392,0,2,101
8,9,9:16:04,3,-1,1,AA7392,0,2,74
9,10,9:16:55,3,-1,1,AA7392,0,2,30
10,11,9:18:56,3,-1,1,AA7392,0,2,91
11,12,9:19:47,3,-1,1,AA7392,0,2,20
12,14,9:23:33,3,-1,1,AA7392,1,2,155
14,15,9:24:24,3,-1,-1,AA7392,0,2,20
15,16,9:27:06,3,-1,1,AA7392,0,2,121
16,17,9:34:33,3,-1,-1,AA7392,0,2,426
17,18,9:35:44,3,-1,1,AA7392,0,2,40
18,19,9:43:11,3,-1,2,AA7392,0,2,406
19,20,9:47:07,3,-1,2,AA7392,0,2,173
20,21,9:50:09,3,-1,1,AA7392,0,1,131
21,22,9:51:52,3,-1,-1,AA7392,0,1,92
0,1,10:01:52,3,-1,-1,AA7392,0,1,570
1,2,10:03:08,3,-1,3,AA7392,0,1,65
2,3,10:05:54,3,-1,3,AA7392,0,1,155
3,4,10:08:36,3,-1,1,AA7392,0,1,111
4,5,10:12:39,3,-1,3,AA7392,0,1,152
5,6,10:14:00,3,-1,1,AA7392,0,1,30
6,7,10:25:42,3,-1,1,AA7392,0,1,669
7,8,10:28:14,3,-1,2,AA7392,0,1,141
8,9,10:29:45,3,-1,1,AA7392,0,1,50
9,10,10:30:39,3,-1,1,AA7392,0,1,34
10,11,10:32:42,3,-1,1,AA7392,0,1,82
11,12,10:33:33,3,-1,1,AA7392,0,1,20
12,13,10:35:04,3,-1,1,AA7392,0,1,60
13,14,10:36:45,3,-1,1,AA7392,0,1,50
14,15,10:38:16,3,-1,-1,AA7392,0,1,30
15,16,10:41:08,3,-1,1,AA7392,0,1,141
16,17,10:48:05,3,-1,3,AA7392,0,1,366
17,18,10:49:15,3,-1,1,AA7392,0,1,40
18,19,10:58:13,3,-1,2,AA7392,0,1,497
19,20,11:01:16,3,-1,2,AA7392,0,1,101
20,21,11:04:18,3,-1,1,AA7392,0,1,162
21,22,11:06:09,3,-1,-1,AA7392,0,1,91
0,1,11:16:12,3,-1,-1,AA7392,0,1,560
1,2,11:18:24,3,-1,2,AA7392,0,1,111
2,3,11:21:47,3,-1,2,AA7392,0,1,101
3,4,11:23:08,3,-1,1,AA7392,0,1,40
4,5,11:26:20,3,-1,2,AA7392,0,1,131
5,6,11:27:44,3,-1,1,AA7392,0,1,33
6,7,11:40:39,3,-1,1,AA7392,0,1,743
7,8,11:42:34,3,-1,1,AA7392,0,1,104
8,9,11:44:42,3,-1,1,AA7392,0,1,77
9,10,11:45:44,3,-1,1,AA7392,0,1,32
10,11,11:47:36,3,-1,1,AA7392,0,1,70
11,12,11:48:26,3,-1,1,AA7392,0,1,20
12,13,11:50:17,3,-1,1,AA7392,0,1,50
13,14,11:51:28,3,-1,1,AA7392,0,1,40
14,15,11:52:49,3,-1,-1,AA7392,0,1,20
15,16,11:55:44,3,-1,1,AA7392,0,1,144
16,17,12:02:39,3,-1,3,AA7392,0,1,395
17,18,12:04:01,3,-1,1,AA7392,0,1,30
18,19,12:08:07,3,-1,2,AA7392,0,1,203
19,20,12:11:19,3,-1,2,AA7392,0,1,141
20,21,12:13:33,3,-1,1,AA7392,0,1,103
21,22,12:16:16,3,-1,-1,AA7392,0,1,101
2,3,14:43:59,3,-1,2,AA7392,0,1,40
3,4,14:46:13,3,-1,1,AA7392,0,1,30
4,5,14:51:38,3,-1,3,AA7392,0,1,283
5,6,14:54:10,3,-1,1,AA7392,0,1,40
6,7,15:04:49,3,-1,1,AA7392,0,1,578
7,8,15:07:25,3,-1,2,AA7392,0,1,146
8,9,15:09:07,3,-1,1,AA7392,0,1,71
9,10,15:10:08,3,-1,1,AA7392,0,1,30
10,11,15:13:00,3,-1,1,AA7392,0,1,101
11,12,15:14:32,3,-1,3,AA7392,0,1,40
12,13,15:18:16,3,-1,2,AA7392,0,1,121
13,14,15:19:27,3,-1,1,AA7392,0,1,40
14,15,15:23:40,3,-1,-1,AA7392,0,1,70
15,16,15:27:14,3,-1,1,AA7392,0,1,173
16,17,15:34:04,3,-1,1,AA7392,0,1,379
17,18,15:35:36,3,-1,1,AA7392,0,1,30
18,19,15:39:49,3,-1,2,AA7392,0,1,222
19,20,15:41:56,3,-1,2,AA7392,0,1,71
20,21,15:44:07,3,-1,1,AA7392,0,1,121
21,22,15:46:29,3,-1,-1,AA7392,0,1,101
3,4,16:06:34,3,-1,1,AA7392,0,1,114
4,5,16:10:47,3,-1,2,AA7392,0,1,161
5,6,16:12:29,3,-1,1,AA7392,0,1,40
6,7,16:22:59,3,-1,1,AA7392,0,1,600
7,8,16:25:43,3,-1,2,AA7392,0,1,153
8,9,16:27:24,3,-1,1,AA7392,0,1,70
9,10,16:28:55,3,-1,1,AA7392,0,1,40
10,11,16:31:07,3,-1,1,AA7392,0,1,80
11,12,16:32:08,3,-1,1,AA7392,0,1,20
12,13,16:34:29,3,-1,1,AA7392,0,1,101
13,14,16:37:05,3,-1,2,AA7392,0,1,125
14,15,16:38:57,3,-1,-1,AA7392,0,1,40
15,16,16:41:08,3,-1,1,AA7392,0,1,80
19,20,16:59:07,3,-1,1,AA7392,0,1,101
20,21,17:03:00,3,-1,1,AA7392,0,1,182
21,22,17:05:12,3,-1,-1,AA7392,0,1,81
0,1,17:13:38,3,-1,-1,AA7392,0,1,91
1,2,17:16:20,3,-1,2,AA7392,0,1,60
2,3,17:19:03,3,-1,2,AA7392,0,1,60
3,4,17:21:35,3,-1,1,AA7392,0,1,60
4,5,17:25:08,3,-1,1,AA7392,0,1,141
5,6,17:26:39,3,-1,1,AA7392,0,1,40
6,7,17:35:29,3,-1,1,AA7392,0,1,499
7,8,17:38:05,3,-1,1,AA7392,0,1,145
8,9,17:39:26,3,-1,1,AA7392,0,1,40
9,10,17:40:26,3,-1,1,AA7392,0,1,20
10,11,17:43:08,3,-1,1,AA7392,0,1,111
11,12,17:44:29,3,-1,1,AA7392,0,1,30
12,13,17:46:04,3,-1,1,AA7392,0,1,64
13,14,17:47:14,3,-1,2,AA7392,0,1,30
14,15,17:49:46,3,-1,-1,AA7392,0,1,40
15,16,17:59:07,3,-1,1,AA7392,0,1,530
16,17,18:06:05,3,-1,1,AA7392,0,1,378
17,18,18:09:08,3,-1,1,AA7392,0,1,70
18,19,18:17:28,3,-1,3,AA7392,0,1,367
19,20,18:25:25,3,-1,2,AA7392,0,1,347
20,21,18:32:10,3,-1,1,AA7392,0,1,333
21,22,18:35:27,3,-1,-1,AA7392,0,1,121
0,1,18:44:10,3,-1,-1,AA7392,0,1,101
1,2,18:46:25,3,-1,2,AA7392,0,1,60
2,3,18:49:17,3,-1,2,AA7392,0,1,91
3,4,18:52:09,3,-1,1,AA7392,0,1,70
4,5,18:56:14,3,-1,2,AA7392,0,1,152
5,6,18:57:45,3,-1,1,AA7392,0,1,40
6,7,19:11:18,3,-1,2,AA7392,0,1,761
7,8,19:13:59,3,-1,2,AA7392,0,1,151
8,9,19:15:23,3,-1,1,AA7392,0,1,50
9,10,19:16:25,3,-1,1,AA7392,0,1,30
10,11,19:19:27,3,-1,1,AA7392,0,1,70
11,12,19:20:17,3,-1,1,AA7392,0,1,20
12,13,19:22:09,3,-1,1,AA7392,0,1,80
13,14,19:23:51,3,-1,2,AA7392,0,1,61
14,15,19:26:04,3,-1,-1,AA7392,0,1,50
15,16,19:28:35,3,-1,1,AA7392,0,1,121
16,17,19:35:54,3,-1,2,AA7392,0,1,388
17,18,19:37:35,3,-1,1,AA7392,0,1,40
18,19,19:41:38,3,-1,3,AA7392,0,1,222
19,20,19:45:35,3,-1,1,AA7392,0,1,155
20,21,19:50:08,3,-1,1,AA7392,0,1,262
21,22,19:56:17,3,-1,-1,AA7392,0,1,338
0,1,20:33:34,3,-1,-1,AA7392,0,1,81
1,2,20:35:05,3,-1,2,AA7392,0,1,80
2,3,20:37:27,3,-1,2,AA7392,0,1,70
3,4,20:39:59,3,-1,1,AA7392,0,1,70
4,5,20:42:44,3,-1,2,AA7392,0,1,124
5,6,20:44:05,3,-1,1,AA7392,0,1,30
6,7,20:55:25,3,-1,1,AA7392,0,1,649
7,8,20:57:37,3,-1,1,AA7392,0,1,121
8,9,20:58:37,3,-1,1,AA7392,0,1,30
9,10,20:59:18,3,-1,1,AA7392,0,1,30
10,11,21:03:25,3,-1,1,AA7392,0,1,50
11,12,21:04:46,3,-1,1,AA7392,0,1,30
12,13,21:06:58,3,-1,1,AA7392,0,1,80
13,14,21:08:29,3,-1,1,AA7392,0,1,30
14,15,21:12:22,3,-1,-1,AA7392,0,1,40
15,16,21:16:05,3,-1,1,AA7392,0,1,192
16,17,21:23:19,3,-1,-1,AA7392,0,1,373
17,18,21:25:11,3,-1,1,AA7392,0,1,30
18,19,21:31:08,3,-1,2,AA7392,0,1,283
19,20,21:34:00,3,-1,1,AA7392,0,1,80
20,21,21:37:57,3,-1,1,AA7392,0,1,217
21,22,21:40:49,3,-1,-1,AA7392,0,1,101
0,1,21:51:19,3,-1,-1,AA7392,0,1,101
1,2,21:52:42,3,-1,2,AA7392,0,1,32
2,3,21:54:34,3,-1,2,AA7392,0,1,60
3,4,21:57:06,3,-1,1,AA7392,0,1,101
4,5,22:00:18,3,-1,-1,AA7392,0,1,141
5,6,22:01:49,3,-1,-1,AA7392,0,1,30
6,7,22:10:48,3,-1,1,AA7392,0,1,497
7,8,22:12:29,3,-1,2,AA7392,0,1,90
8,9,22:14:00,3,-1,1,AA7392,0,1,50
9,10,22:15:10,3,-1,1,AA7392,0,1,40
10,11,22:18:36,3,-1,1,AA7392,0,1,60
11,12,22:19:36,3,-1,1,AA7392,0,1,30
12,13,22:22:08,3,-1,1,AA7392,0,1,70
13,14,22:23:29,3,-1,1,AA7392,0,1,40
14,15,22:25:51,3,-1,-1,AA7392,0,1,31
15,16,22:28:57,3,-1,1,AA7392,0,1,165
16,17,22:36:05,3,-1,1,AA7392,0,1,387
17,18,22:37:46,3,-1,1,AA7392,0,1,30
18,19,22:42:39,3,-1,2,AA7392,0,1,212
19,20,22:45:54,3,-1,1,AA7392,0,1,113
20,21,22:49:16,3,-1,1,AA7392,0,1,182
21,22,22:51:38,3,-1,-1,AA7392,0,1,91
0,2,23:05:33,3,-1,2,AA7392,1,1,164
2,3,23:08:26,3,-1,2,AA7392,0,1,92
3,4,23:09:57,3,-1,1,AA7392,0,1,60
4,5,23:13:09,3,-1,1,AA7392,0,1,131
5,6,23:14:20,3,-1,1,AA7392,0,1,30
6,7,23:22:18,3,-1,1,AA7392,0,1,447
7,8,23:25:20,3,-1,1,AA7392,0,1,131
8,10,23:27:05,3,-1,1,AA7392,1,1,84
10,11,23:29:06,3,-1,1,AA7392,0,1,50
11,12,23:29:57,3,-1,1,AA7392,0,1,30
12,13,23:31:17,3,-1,1,AA7392,0,1,50
13,14,23:32:28,3,-1,1,AA7392,0,1,50
14,15,23:33:49,3,-1,-1,AA7392,0,1,30
15,16,23:36:33,3,-1,1,AA7392,0,1,133
16,17,23:43:17,3,-1,1,AA7392,0,1,373
17,18,23:44:18,3,-1,1,AA7392,0,1,30
18,19,23:48:24,3,-1,1,AA7392,0,1,205
19,20,23:50:56,3,-1,1,AA7392,0,1,121
20,21,23:53:17,3,-1,1,AA7392,0,1,121
21,22,23:55:30,3,-1,-1,AA7392,0,1,91
6,7,0:01:43,3,-1,1,AA7440,0,2,436
7,8,0:03:14,3,-1,2,AA7440,0,2,70
8,9,0:04:25,3,-1,1,AA7440,0,2,40
9,10,0:05:26,3,-1,1,AA7440,0,2,20
10,11,0:09:58,3,-1,1,AA7440,0,2,101
11,12,0:10:59,3,-1,1,AA7440,0,2,20
12,13,0:12:42,3,-1,1,AA7440,0,2,72
13,14,0:13:54,3,-1,1,AA7440,0,2,31
14,15,0:15:15,3,-1,-1,AA7440,0,2,30
15,16,0:17:47,3,-1,1,AA7440,0,2,101
16,17,0:24:36,3,-1,1,AA7440,0,2,369
17,18,0:25:57,3,-1,1,AA7440,0,2,20
18,19,0:30:00,3,-1,2,AA7440,0,2,202
19,20,0:32:33,3,-1,1,AA7440,0,2,102
20,21,0:35:05,3,-1,1,AA7440,0,2,90
21,22,0:37:07,3,-1,-1,AA7440,0,2,90
0,1,0:54:05,3,-1,-1,AA7440,0,2,101
1,2,0:55:47,3,-1,1,AA7440,0,2,90
2,3,0:58:08,3,-1,2,AA7440,0,2,20
3,5,1:01:00,3,-1,1,AA7440,1,2,141
5,6,1:02:04,3,-1,1,AA7440,0,2,20
6,7,1:09:46,3,-1,1,AA7440,0,2,432
7,8,1:11:38,3,-1,-1,AA7440,0,2,101
8,9,1:12:18,3,-1,1,AA7440,0,2,20
9,10,1:12:58,3,-1,1,AA7440,0,2,20
10,12,1:14:50,3,-1,1,AA7440,1,2,90
12,13,1:16:00,3,-1,1,AA7440,0,2,40
13,14,1:16:53,3,-1,1,AA7440,0,2,20
14,15,1:17:54,3,-1,-1,AA7440,0,2,20
15,16,1:19:15,3,-1,1,AA7440,0,2,60
16,17,1:25:19,3,-1,1,AA7440,0,2,353
17,18,1:26:00,3,-1,1,AA7440,0,2,20
18,19,1:29:46,3,-1,2,AA7440,0,2,192
19,20,1:30:57,3,-1,-1,AA7440,0,2,30
20,21,1:32:17,3,-1,-1,AA7440,0,2,60
21,22,1:33:59,3,-1,-1,AA7440,0,2,81
21,22,0:00:53,3,-1,-1,AA7489,0,2,93
0,1,0:18:57,3,-1,-1,AA7489,0,2,20
1,2,0:20:59,3,-1,1,AA7489,0,2,101
2,3,0:23:15,3,-1,1,AA7489,0,2,40
3,4,0:24:16,3,-1,1,AA7489,0,2,30
4,5,0:27:48,3,-1,1,AA7489,0,2,111
5,6,0:28:59,3,-1,1,AA7489,0,2,30
6,8,0:38:48,3,-1,1,AA7489,1,2,558
8,9,0:39:38,3,-1,1,AA7489,0,2,30
9,10,0:40:19,3,-1,1,AA7489,0,2,20
10,11,0:41:40,3,-1,1,AA7489,0,2,40
11,12,0:42:30,3,-1,1,AA7489,0,2,20
12,13,0:43:45,3,-1,1,AA7489,0,2,44
13,14,0:44:56,3,-1,1,AA7489,0,2,40
14,15,0:45:57,3,-1,-1,AA7489,0,2,20
15,16,0:47:38,3,-1,1,AA7489,0,2,70
16,17,0:54:05,3,-1,1,AA7489,0,2,357
17,18,0:54:56,3,-1,1,AA7489,0,2,10
18,19,0:58:49,3,-1,2,AA7489,0,2,192
19,20,1:01:00,3,-1,1,AA7489,0,2,70
20,21,1:02:54,3,-1,1,AA7489,0,2,103
21,22,1:04:35,3,-1,-1,AA7489,0,2,90
0,1,1:22:17,3,-1,-1,AA7489,0,2,70
1,3,1:24:49,3,-1,1,AA7489,1,2,121
3,4,1:27:04,3,-1,1,AA7489,0,2,114
4,5,1:29:15,3,-1,1,AA7489,0,2,91
5,6,1:30:36,3,-1,-1,AA7489,0,2,30
6,7,1:38:37,3,-1,1,AA7489,0,2,449
7,8,1:39:57,3,-1,1,AA7489,0,2,70
8,9,1:41:19,3,-1,1,AA7489,0,2,30
9,10,1:42:10,3,-1,1,AA7489,0,2,20
10,11,1:43:51,3,-1,1,AA7489,0,2,70
11,12,1:44:21,3,-1,1,AA7489,0,2,20
12,13,1:45:42,3,-1,1,AA7489,0,2,50
13,14,1:46:43,3,-1,1,AA7489,0,2,30
14,15,1:47:59,3,-1,-1,AA7489,0,2,35
15,16,1:50:10,3,-1,1,AA7489,0,2,121
16,17,1:56:45,3,-1,1,AA7489,0,2,373
17,18,1:57:55,3,-1,1,AA7489,0,2,30
18,19,2:01:58,3,-1,1,AA7489,0,2,202
19,20,2:04:19,3,-1,1,AA7489,0,2,121
20,21,2:07:14,3,-1,1,AA7489,0,2,143
21,22,2:08:55,3,-1,-1,AA7489,0,2,91
1,2,8:12:17,3,-1,3,AA7489,0,2,103
2,3,8:16:11,3,-1,3,AA7489,0,2,223
3,4,8:22:17,3,-1,1,AA7489,0,2,182
4,5,8:26:34,3,-1,1,AA7489,0,2,135
5,6,8:28:46,3,-1,1,AA7489,0,2,30
6,7,8:40:29,3,-1,2,AA7489,0,2,612
7,8,8:43:55,3,-1,2,AA7489,0,2,195
8,9,8:46:06,3,-1,1,AA7489,0,2,101
9,10,8:47:17,3,-1,1,AA7489,0,2,30
10,11,8:51:11,3,-1,-1,AA7489,0,2,213
11,12,8:53:25,3,-1,-1,AA7489,0,2,91
12,13,9:00:26,3,-1,2,AA7489,0,2,237
13,14,9:01:37,3,-1,2,AA7489,0,2,40
14,15,9:03:08,3,-1,-1,AA7489,0,2,40
15,16,9:05:19,3,-1,1,AA7489,0,2,101
16,17,9:12:28,3,-1,1,AA7489,0,2,388
17,18,9:13:39,3,-1,1,AA7489,0,2,30
18,19,9:19:17,3,-1,3,AA7489,0,2,297
19,20,9:24:03,3,-1,1,AA7489,0,2,276
20,21,9:26:15,3,-1,1,AA7489,0,2,101
21,22,9:28:27,3,-1,-1,AA7489,0,2,91
0,1,9:36:14,3,-1,-1,AA7489,0,2,50
1,2,9:39:37,3,-1,3,AA7489,0,2,172
2,3,9:41:50,3,-1,3,AA7489,0,2,41
3,4,9:45:04,3,-1,1,AA7489,0,2,113
4,5,9:48:18,3,-1,2,AA7489,0,2,121
5,6,9:49:49,3,-1,1,AA7489,0,1,20
6,7,10:03:08,3,-1,1,AA7489,0,1,738
7,8,10:05:44,3,-1,2,AA7489,0,1,145
8,9,10:07:45,3,-1,1,AA7489,0,1,101
9,10,10:08:46,3,-1,1,AA7489,0,1,40
10,11,10:11:48,3,-1,1,AA7489,0,1,131
11,12,10:12:29,3,-1,1,AA7489,0,1,30
12,13,10:14:00,3,-1,1,AA7489,0,1,70
13,14,10:15:13,3,-1,1,AA7489,0,1,40
14,15,10:16:34,3,-1,-1,AA7489,0,1,30
15,16,10:18:25,3,-1,1,AA7489,0,1,80
16,17,10:25:20,3,-1,3,AA7489,0,1,364
17,18,10:26:22,3,-1,1,AA7489,0,1,20
18,19,10:35:04,3,-1,2,AA7489,0,1,460
19,20,10:37:35,3,-1,1,AA7489,0,1,141
20,21,10:40:17,3,-1,1,AA7489,0,1,151
21,22,10:42:09,3,-1,-1,AA7489,0,1,91
2,4,11:00:56,3,-1,1,AA7489,1,1,162
4,5,11:04:18,3,-1,3,AA7489,0,1,192
5,6,11:05:29,3,-1,1,AA7489,0,1,30
6,7,11:17:54,3,-1,1,AA7489,0,1,694
7,8,11:20:05,3,-1,2,AA7489,0,1,121
8,9,11:21:47,3,-1,1,AA7489,0,1,91
9,10,11:22:27,3,-1,1,AA7489,0,1,30
10,11,11:24:49,3,-1,1,AA7489,0,1,101
11,12,11:25:49,3,-1,1,AA7489,0,1,30
12,13,11:27:20,3,-1,1,AA7489,0,1,70
13,14,11:28:25,3,-1,1,AA7489,0,1,41
14,15,11:30:17,3,-1,-1,AA7489,0,1,20
15,16,11:32:49,3,-1,1,AA7489,0,1,111
16,17,11:40:19,3,-1,3,AA7489,0,1,389
17,18,11:41:30,3,-1,1,AA7489,0,1,40
18,19,11:48:26,3,-1,2,AA7489,0,1,376
19,20,11:51:18,3,-1,2,AA7489,0,1,131
20,21,11:54:20,3,-1,1,AA7489,0,1,141
21,22,11:56:14,3,-1,-1,AA7489,0,1,91
0,1,12:08:07,3,-1,-1,AA7489,0,1,90
1,3,12:12:10,3,-1,3,AA7489,1,1,202
3,4,12:14:34,3,-1,1,AA7489,0,1,133
4,5,12:18:28,3,-1,1,AA7489,0,1,152
5,6,12:20:19,3,-1,1,AA7489,0,1,40
6,8,12:30:18,3,-1,2,AA7489,1,1,559
8,9,12:32:33,3,-1,1,AA7489,0,1,94
9,10,12:33:14,3,-1,1,AA7489,0,1,20
10,11,12:35:46,3,-1,1,AA7489,0,1,101
11,12,12:36:47,3,-1,1,AA7489,0,1,20
12,13,12:38:28,3,-1,1,AA7489,0,1,70
13,14,12:39:39,3,-1,2,AA7489,0,1,50
14,15,12:41:22,3,-1,-1,AA7489,0,1,30
15,16,12:44:24,3,-1,1,AA7489,0,1,161
16,17,12:51:33,3,-1,1,AA7489,0,1,388
17,18,12:52:24,3,-1,1,AA7489,0,1,20
18,19,12:56:38,3,-1,3,AA7489,0,1,223
19,20,12:58:49,3,-1,2,AA7489,0,1,101
20,21,13:01:34,3,-1,1,AA7489,0,1,144
21,22,13:03:47,3,-1,-1,AA7489,0,1,92
0,1,14:56:12,3,-1,-1,AA7489,0,1,71
1,2,14:58:24,3,-1,3,AA7489,0,1,91
2,3,15:00:26,3,-1,2,AA7489,0,1,60
3,4,15:04:39,3,-1,1,AA7489,0,1,171
4,5,15:08:26,3,-1,1,AA7489,0,1,156
5,6,15:10:08,3,-1,1,AA7489,0,1,20
6,7,15:19:17,3,-1,1,AA7489,0,1,478
7,8,15:21:29,3,-1,2,AA7489,0,1,80
8,9,15:23:10,3,-1,1,AA7489,0,1,70
9,10,15:24:11,3,-1,1,AA7489,0,1,30
10,11,15:27:04,3,-1,1,AA7489,0,1,101
11,12,15:28:47,3,-1,2,AA7489,0,1,72
12,13,15:31:39,3,-1,2,AA7489,0,1,101
13,14,15:33:54,3,-1,2,AA7489,0,1,114
14,15,15:36:27,3,-1,-1,AA7489,0,1,50
15,16,15:39:19,3,-1,1,AA7489,0,1,121
16,17,15:46:29,3,-1,1,AA7489,0,1,389
17,18,15:48:02,3,-1,1,AA7489,0,1,52
18,19,15:53:07,3,-1,2,AA7489,0,1,274
19,20,15:55:48,3,-1,1,AA7489,0,1,101
20,21,15:57:54,3,-1,1,AA7489,0,1,115
21,22,16:00:07,3,-1,-1,AA7489,0,1,91
0,1,16:16:55,3,-1,-1,AA7489,0,1,81
1,2,16:18:36,3,-1,2,AA7489,0,1,60
2,3,16:20:17,3,-1,2,AA7489,0,1,91
3,4,16:23:09,3,-1,1,AA7489,0,1,111
4,5,16:26:33,3,-1,1,AA7489,0,1,133
5,6,16:27:44,3,-1,1,AA7489,0,1,30
6,7,16:36:25,3,-1,1,AA7489,0,1,479
7,8,16:38:26,3,-1,1,AA7489,0,1,111
8,9,16:39:47,3,-1,1,AA7489,0,1,50
9,10,16:40:38,3,-1,1,AA7489,0,1,30
10,11,16:42:49,3,-1,1,AA7489,0,1,121
11,12,16:43:53,3,-1,1,AA7489,0,1,20
12,13,16:46:15,3,-1,1,AA7489,0,1,121
13,14,16:46:55,3,-1,2,AA7489,0,1,30
14,15,16:48:36,3,-1,-1,AA7489,0,1,40
15,16,16:50:48,3,-1,1,AA7489,0,1,101
16,17,16:57:26,3,-1,1,AA7489,0,1,367
17,18,16:58:36,3,-1,1,AA7489,0,1,40
18,19,17:03:00,3,-1,3,AA7489,0,1,222
19,20,17:05:53,3,-1,1,AA7489,0,1,91
20,21,17:07:54,3,-1,1,AA7489,0,1,111
21,22,17:10:06,3,-1,-1,AA7489,0,1,91
0,1,17:28:51,3,-1,-1,AA7489,0,1,41
1,2,17:30:35,3,-1,2,AA7489,0,1,60
2,3,17:32:17,3,-1,2,AA7489,0,1,50
3,4,17:33:58,3,-1,1,AA7489,0,1,70
4,5,17:37:00,3,-1,1,AA7489,0,1,131
5,6,17:37:55,3,-1,1,AA7489,0,1,20
6,8,17:49:16,3,-1,2,AA7489,1,1,640
8,9,17:50:47,3,-1,1,AA7489,0,1,60
9,10,17:51:58,3,-1,1,AA7489,0,1,30
10,11,17:53:29,3,-1,1,AA7489,0,1,60
11,12,17:54:29,3,-1,1,AA7489,0,1,30
12,13,17:56:35,3,-1,1,AA7489,0,1,74
13,14,17:57:56,3,-1,2,AA7489,0,1,40
14,15,17:59:47,3,-1,-1,AA7489,0,1,30
15,16,18:06:05,3,-1,1,AA7489,0,1,368
16,17,18:13:46,3,-1,1,AA7489,0,1,409
17,18,18:15:07,3,-1,1,AA7489,0,1,40
18,19,18:24:24,3,-1,3,AA7489,0,1,496
19,20,18:29:08,3,-1,2,AA7489,0,1,253
20,21,18:32:35,3,-1,1,AA7489,0,1,186
21,22,18:35:17,3,-1,-1,AA7489,0,1,111
17,18,19:08:26,3,-1,1,AA7489,0,1,40
18,19,19:14:53,3,-1,3,AA7489,0,1,357
19,20,19:18:46,3,-1,1,AA7489,0,1,223
20,21,19:22:19,3,-1,1,AA7489,0,1,202
21,22,19:24:33,3,-1,-1,AA7489,0,1,103
0,1,20:07:57,3,-1,-1,AA7489,0,1,30
1,2,20:10:20,3,-1,2,AA7489,0,1,122
2,3,20:11:43,3,-1,2,AA7489,0,1,30
3,4,20:12:53,3,-1,1,AA7489,0,1,30
4,5,20:15:35,3,-1,1,AA7489,0,1,131
5,6,20:16:46,3,-1,1,AA7489,0,1,20
6,7,20:25:06,3,-1,2,AA7489,0,1,459
7,8,20:26:17,3,-1,1,AA7489,0,1,60
8,9,20:27:48,3,-1,1,AA7489,0,1,60
9,10,20:28:28,3,-1,1,AA7489,0,1,30
10,11,20:32:03,3,-1,1,AA7489,0,1,194
11,12,20:33:03,3,-1,1,AA7489,0,1,30
12,13,20:35:25,3,-1,1,AA7489,0,1,101
13,14,20:36:47,3,-1,1,AA7489,0,1,40
14,15,20:38:08,3,-1,-1,AA7489,0,1,50
15,16,20:39:59,3,-1,1,AA7489,0,1,91
16,17,20:46:47,3,-1,3,AA7489,0,1,357
17,18,20:48:18,3,-1,1,AA7489,0,1,40
18,19,20:54:04,3,-1,3,AA7489,0,1,315
19,20,20:57:06,3,-1,1,AA7489,0,1,172
20,21,20:59:58,3,-1,1,AA7489,0,1,161
21,22,21:02:55,3,-1,-1,AA7489,0,1,85
0,1,21:35:22,3,-1,-1,AA7489,0,1,40
1,2,21:37:07,3,-1,1,AA7489,0,1,54
2,3,21:38:38,3,-1,1,AA7489,0,1,50
3,4,21:40:39,3,-1,1,AA7489,0,1,91
4,5,21:43:23,3,-1,1,AA7489,0,1,123
5,6,21:45:05,3,-1,1,AA7489,0,1,30
6,8,21:56:36,3,-1,2,AA7489,1,1,680
8,9,21:57:26,3,-1,1,AA7489,0,1,30
9,10,21:58:37,3,-1,1,AA7489,0,1,30
10,11,22:00:38,3,-1,-1,AA7489,0,1,111
11,12,22:01:29,3,-1,-1,AA7489,0,1,20
12,13,22:03:00,3,-1,-1,AA7489,0,1,50
13,14,22:04:03,3,-1,-1,AA7489,0,1,20
14,15,22:06:04,3,-1,-1,AA7489,0,1,30
15,16,22:08:16,3,-1,1,AA7489,0,1,101
16,17,22:15:00,3,-1,1,AA7489,0,1,353
17,18,22:15:54,3,-1,1,AA7489,0,1,20
18,19,22:20:07,3,-1,2,AA7489,0,1,222
19,20,22:22:28,3,-1,1,AA7489,0,1,101
20,21,22:24:40,3,-1,1,AA7489,0,1,80
21,22,22:26:45,3,-1,-1,AA7489,0,1,84
0,1,22:53:09,3,-1,-1,AA7489,0,1,40
1,2,22:54:40,3,-1,1,AA7489,0,1,50
2,3,22:56:34,3,-1,1,AA7489,0,1,50
3,4,22:58:26,3,-1,1,AA7489,0,1,70
4,5,23:01:07,3,-1,1,AA7489,0,1,121
5,6,23:02:08,3,-1,1,AA7489,0,1,30
6,7,23:10:07,3,-1,1,AA7489,0,1,448
7,8,23:12:59,3,-1,2,AA7489,0,1,161
8,9,23:14:09,3,-1,1,AA7489,0,1,40
9,10,23:15:00,3,-1,1,AA7489,0,1,30
10,11,23:16:44,3,-1,1,AA7489,0,1,93
11,12,23:17:35,3,-1,1,AA7489,0,1,20
12,13,23:19:06,3,-1,1,AA7489,0,1,60
13,14,23:19:56,3,-1,1,AA7489,0,1,40
14,15,23:21:07,3,-1,-1,AA7489,0,1,30
15,16,23:23:18,3,-1,1,AA7489,0,1,111
16,17,23:29:36,3,-1,1,AA7489,0,1,347
17,18,23:30:57,3,-1,1,AA7489,0,1,40
18,19,23:34:50,3,-1,2,AA7489,0,1,202
19,20,23:37:44,3,-1,1,AA7489,0,1,133
20,21,23:39:05,3,-1,1,AA7489,0,1,50
21,22,23:41:06,3,-1,-1,AA7489,0,1,90
0,1,23:58:45,3,-1,-1,AA7489,0,1,80
1,2,23:59:45,3,-1,1,AA7489,0,1,40
0,1,6:01:04,3,-1,-1,AA7560,0,2,20
1,2,6:03:15,3,-1,1,AA7560,0,2,111
2,3,6:04:46,3,-1,1,AA7560,0,2,10
3,4,6:06:58,3,-1,1,AA7560,0,2,60
4,5,6:10:45,3,-1,2,AA7560,0,2,105
5,6,6:11:55,3,-1,1,AA7560,0,2,20
6,7,6:20:04,3,-1,1,AA7560,0,2,448
7,8,6:22:26,3,-1,-1,AA7560,0,2,131
8,9,6:23:47,3,-1,1,AA7560,0,2,40
9,10,6:24:47,3,-1,1,AA7560,0,2,20
10,11,6:26:18,3,-1,1,AA7560,0,2,50
11,12,6:26:59,3,-1,1,AA7560,0,2,30
12,13,6:28:13,3,-1,1,AA7560,0,2,40
13,14,6:29:03,3,-1,1,AA7560,0,2,40
14,15,6:30:24,3,-1,-1,AA7560,0,2,30
15,16,6:32:36,3,-1,1,AA7560,0,2,80
16,17,6:39:03,3,-1,1,AA7560,0,2,356
17,18,6:40:03,3,-1,1,AA7560,0,2,30
18,19,6:44:06,3,-1,1,AA7560,0,2,202
19,20,6:45:58,3,-1,1,AA7560,0,2,50
20,21,6:47:49,3,-1,1,AA7560,0,2,101
21,22,6:49:30,3,-1,-1,AA7560,0,2,90
0,1,6:55:48,3,-1,-1,AA7560,0,2,80
1,2,6:58:09,3,-1,1,AA7560,0,2,121
2,3,6:59:54,3,-1,2,AA7560,0,2,20
3,4,7:02:06,3,-1,1,AA7560,0,2,80
4,5,7:04:38,3,-1,1,AA7560,0,2,121
5,6,7:05:58,3,-1,1,AA7560,0,2,20
6,8,7:16:38,3,-1,-1,AA7560,1,2,588
8,9,7:17:59,3,-1,1,AA7560,0,2,50
9,10,7:19:00,3,-1,1,AA7560,0,2,30
10,11,7:20:21,3,-1,1,AA7560,0,2,50
11,12,7:21:12,3,-1,1,AA7560,0,2,30
12,14,7:23:14,3,-1,1,AA7560,1,2,91
14,15,7:24:55,3,-1,-1,AA7560,0,2,40
15,16,7:27:47,3,-1,1,AA7560,0,2,91
16,17,7:35:05,3,-1,1,AA7560,0,2,387
17,18,7:36:46,3,-1,1,AA7560,0,2,40
18,19,7:41:09,3,-1,2,AA7560,0,2,222
19,20,7:45:35,3,-1,2,AA7560,0,2,172
20,21,7:50:18,3,-1,1,AA7560,0,2,222
21,22,7:53:45,3,-1,-1,AA7560,0,2,111
0,1,8:01:14,3,-1,-1,AA7560,0,2,40
1,2,8:02:56,3,-1,3,AA7560,0,2,20
2,3,8:05:58,3,-1,3,AA7560,0,2,111
3,4,8:12:38,3,-1,1,AA7560,0,2,389
4,5,8:16:32,3,-1,1,AA7560,0,2,143
5,6,8:18:14,3,-1,1,AA7560,0,2,30
6,7,8:28:36,3,-1,2,AA7560,0,2,560
7,8,8:30:17,3,-1,2,AA7560,0,2,91
8,9,8:32:18,3,-1,1,AA7560,0,2,70
9,10,8:33:29,3,-1,1,AA7560,0,2,20
10,11,8:36:05,3,-1,1,AA7560,0,2,135
11,12,8:37:07,3,-1,1,AA7560,0,2,41
12,13,8:41:32,3,-1,2,AA7560,0,2,204
13,14,8:42:44,3,-1,2,AA7560,0,2,41
14,15,8:44:45,3,-1,-1,AA7560,0,2,40
15,16,8:49:29,3,-1,1,AA7560,0,2,253
16,17,8:56:38,3,-1,1,AA7560,0,2,367
17,18,8:58:20,3,-1,1,AA7560,0,2,60
18,19,9:03:38,3,-1,3,AA7560,0,2,283
19,20,9:07:45,3,-1,2,AA7560,0,2,145
20,21,9:09:36,3,-1,1,AA7560,0,2,91
21,22,9:11:38,3,-1,-1,AA7560,0,2,91
0,1,9:23:03,3,-1,-1,AA7560,0,2,30
1,2,9:24:34,3,-1,2,AA7560,0,2,40
2,3,9:27:56,3,-1,2,AA7560,0,2,131
3,4,9:30:28,3,-1,-1,AA7560,0,2,91
4,5,9:34:21,3,-1,-1,AA7560,0,2,151
5,6,9:35:54,3,-1,1,AA7560,0,2,20
6,7,9:48:28,3,-1,2,AA7560,0,2,693
7,8,9:50:29,3,-1,2,AA7560,0,1,101
8,9,9:52:02,3,-1,1,AA7560,0,1,61
9,10,9:52:52,3,-1,1,AA7560,0,1,20
10,11,9:55:26,3,-1,1,AA7560,0,1,111
11,12,9:55:57,3,-1,1,AA7560,0,1,20
12,13,9:57:18,3,-1,1,AA7560,0,1,50
13,14,9:58:08,3,-1,1,AA7560,0,1,40
14,15,10:00:20,3,-1,-1,AA7560,0,1,50
15,16,10:03:08,3,-1,1,AA7560,0,1,136
16,17,10:10:07,3,-1,3,AA7560,0,1,378
17,18,10:11:08,3,-1,1,AA7560,0,1,20
18,19,10:19:46,3,-1,2,AA7560,0,1,477
19,20,10:23:29,3,-1,1,AA7560,0,1,141
20,21,10:26:22,3,-1,1,AA7560,0,1,163
21,22,10:28:14,3,-1,-1,AA7560,0,1,91
0,1,11:06:42,3,-1,-1,AA7560,0,1,73
1,2,11:08:05,3,-1,3,AA7560,0,1,20
2,3,11:10:06,3,-1,2,AA7560,0,1,40
3,4,11:12:38,3,-1,1,AA7560,0,1,91
4,5,11:16:33,3,-1,3,AA7560,0,1,154
5,6,11:17:44,3,-1,1,AA7560,0,1,20
6,7,11:30:17,3,-1,1,AA7560,0,1,712
7,8,11:33:19,3,-1,2,AA7560,0,1,172
8,9,11:34:20,3,-1,1,AA7560,0,1,50
9,10,11:35:15,3,-1,1,AA7560,0,1,30
10,11,11:36:46,3,-1,1,AA7560,0,1,81
11,12,11:37:27,3,-1,1,AA7560,0,1,20
12,13,11:39:38,3,-1,1,AA7560,0,1,81
13,14,11:40:39,3,-1,1,AA7560,0,1,50
14,15,11:41:50,3,-1,-1,AA7560,0,1,40
15,16,11:44:42,3,-1,1,AA7560,0,1,141
16,17,11:50:58,3,-1,3,AA7560,0,1,365
17,18,11:52:09,3,-1,1,AA7560,0,1,40
18,19,11:57:25,3,-1,2,AA7560,0,1,296
19,20,12:00:58,3,-1,2,AA7560,0,1,121
20,21,12:03:51,3,-1,1,AA7560,0,1,102
21,22,12:06:15,3,-1,-1,AA7560,0,1,90
0,1,12:22:53,3,-1,-1,AA7560,0,1,40
1,2,12:25:05,3,-1,3,AA7560,0,1,91
2,3,12:27:46,3,-1,2,AA7560,0,1,90
3,4,12:30:18,3,-1,1,AA7560,0,1,91
4,5,12:32:54,3,-1,1,AA7560,0,1,114
5,6,12:34:04,3,-1,1,AA7560,0,1,20
6,7,12:42:43,3,-1,1,AA7560,0,1,467
7,8,12:45:25,3,-1,2,AA7560,0,1,152
8,9,12:46:37,3,-1,1,AA7560,0,1,30
9,11,12:50:53,3,-1,1,AA7560,1,1,225
11,12,12:51:43,3,-1,1,AA7560,0,1,20
12,13,12:53:55,3,-1,1,AA7560,0,1,101
13,14,12:55:16,3,-1,1,AA7560,0,1,30
14,15,12:58:09,3,-1,-1,AA7560,0,1,40
15,16,13:00:44,3,-1,1,AA7560,0,1,134
16,17,13:07:33,3,-1,1,AA7560,0,1,368
17,18,13:08:34,3,-1,1,AA7560,0,1,30
18,19,13:13:39,3,-1,2,AA7560,0,1,254
19,20,13:16:45,3,-1,1,AA7560,0,1,131
20,21,13:19:17,3,-1,1,AA7560,0,1,101
21,22,13:21:29,3,-1,-1,AA7560,0,1,91
0,1,13:35:24,3,-1,-1,AA7560,0,1,81
1,2,13:37:15,3,-1,2,AA7560,0,1,50
2,3,13:40:07,3,-1,2,AA7560,0,1,80
3,4,13:43:54,3,-1,1,AA7560,0,1,156
4,5,13:47:17,3,-1,1,AA7560,0,1,132
5,6,13:48:28,3,-1,1,AA7560,0,1,30
6,7,13:57:17,3,-1,2,AA7560,0,1,488
7,8,13:59:18,3,-1,2,AA7560,0,1,101
8,9,14:01:29,3,-1,1,AA7560,0,1,60
9,10,14:03:01,3,-1,1,AA7560,0,1,30
10,11,14:05:43,3,-1,1,AA7560,0,1,111
11,12,14:06:34,3,-1,1,AA7560,0,1,30
12,13,14:08:35,3,-1,1,AA7560,0,1,80
13,14,14:09:56,3,-1,1,AA7560,0,1,40
14,15,14:11:47,3,-1,-1,AA7560,0,1,30
15,16,14:14:40,3,-1,1,AA7560,0,1,121
16,17,14:21:26,3,-1,1,AA7560,0,1,366
17,18,14:22:38,3,-1,1,AA7560,0,1,41
18,19,14:29:36,3,-1,3,AA7560,0,1,377
19,20,14:32:08,3,-1,2,AA7560,0,1,70
20,21,14:36:03,3,-1,1,AA7560,0,1,184
21,22,14:37:55,3,-1,-1,AA7560,0,1,70
0,1,14:46:44,3,-1,-1,AA7560,0,1,41
1,2,14:49:26,3,-1,3,AA7560,0,1,70
2,3,14:51:18,3,-1,2,AA7560,0,1,50
3,4,14:53:40,3,-1,1,AA7560,0,1,81
4,5,14:57:03,3,-1,2,AA7560,0,1,132
5,6,14:58:04,3,-1,1,AA7560,0,1,20
6,7,15:06:55,3,-1,1,AA7560,0,1,500
7,8,15:08:26,3,-1,2,AA7560,0,1,80
8,9,15:09:47,3,-1,1,AA7560,0,1,60
9,10,15:10:28,3,-1,1,AA7560,0,1,30
10,12,15:14:01,3,-1,3,AA7560,1,1,193
12,13,15:17:35,3,-1,2,AA7560,0,1,143
13,14,15:18:26,3,-1,1,AA7560,0,1,40
14,15,15:22:29,3,-1,-1,AA7560,0,1,20
15,16,15:25:13,3,-1,1,AA7560,0,1,92
16,17,15:32:30,3,-1,1,AA7560,0,1,366
17,18,15:33:44,3,-1,1,AA7560,0,1,23
18,19,15:38:38,3,-1,2,AA7560,0,1,242
19,20,15:41:56,3,-1,2,AA7560,0,1,136
20,21,15:43:47,3,-1,1,AA7560,0,1,101
21,22,15:45:48,3,-1,-1,AA7560,0,1,91
0,1,16:07:25,3,-1,-1,AA7560,0,1,101
1,2,16:09:47,3,-1,2,AA7560,0,1,80
2,3,16:11:18,3,-1,2,AA7560,0,1,30
3,4,16:13:50,3,-1,1,AA7560,0,1,70
4,5,16:17:35,3,-1,2,AA7560,0,1,154
5,6,16:19:06,3,-1,1,AA7560,0,1,30
6,7,16:28:45,3,-1,1,AA7560,0,1,548
7,8,16:30:57,3,-1,2,AA7560,0,1,111
8,9,16:32:18,3,-1,1,AA7560,0,1,50
9,10,16:33:08,3,-1,1,AA7560,0,1,30
10,11,16:35:20,3,-1,1,AA7560,0,1,111
11,12,16:36:15,3,-1,1,AA7560,0,1,30
12,13,16:38:16,3,-1,1,AA7560,0,1,101
13,14,16:40:28,3,-1,2,AA7560,0,1,111
14,15,16:42:19,3,-1,-1,AA7560,0,1,40
15,16,16:44:24,3,-1,1,AA7560,0,1,94
16,17,16:51:28,3,-1,1,AA7560,0,1,374
17,18,16:52:29,3,-1,1,AA7560,0,1,20
18,19,16:57:26,3,-1,3,AA7560,0,1,245
19,20,17:00:58,3,-1,1,AA7560,0,1,162
20,21,17:03:20,3,-1,1,AA7560,0,1,111
21,22,17:05:22,3,-1,-1,AA7560,0,1,91
0,1,17:21:15,3,-1,-1,AA7560,0,1,91
1,2,17:23:06,3,-1,3,AA7560,0,1,30
2,3,17:25:38,3,-1,2,AA7560,0,1,101
3,4,17:28:20,3,-1,1,AA7560,0,1,91
4,5,17:31:56,3,-1,1,AA7560,0,1,131
5,6,17:33:38,3,-1,1,AA7560,0,1,20
6,7,17:42:58,3,-1,1,AA7560,0,1,509
7,8,17:45:43,3,-1,2,AA7560,0,1,155
8,9,17:47:35,3,-1,1,AA7560,0,1,80
9,10,17:48:35,3,-1,1,AA7560,0,1,30
10,11,17:50:57,3,-1,1,AA7560,0,1,101
11,12,17:52:18,3,-1,1,AA7560,0,1,30
12,13,17:54:40,3,-1,1,AA7560,0,1,111
13,14,17:55:54,3,-1,2,AA7560,0,1,34
14,15,17:57:56,3,-1,-1,AA7560,0,1,40
15,16,18:06:05,3,-1,1,AA7560,0,1,469
16,17,18:13:46,3,-1,1,AA7560,0,1,409
17,18,18:15:07,3,-1,1,AA7560,0,1,20
18,19,18:26:56,3,-1,3,AA7560,0,1,638
19,20,18:33:36,3,-1,2,AA7560,0,1,247
20,21,18:38:29,3,-1,1,AA7560,0,1,283
21,22,18:41:18,3,-1,-1,AA7560,0,1,101
0,1,19:41:58,3,-1,-1,AA7560,0,1,50
1,2,19:43:40,3,-1,2,AA7560,0,1,61
2,3,19:46:25,3,-1,2,AA7560,0,1,111
3,4,19:48:37,3,-1,1,AA7560,0,1,80
4,5,19:51:29,3,-1,1,AA7560,0,1,131
5,6,19:52:20,3,-1,1,AA7560,0,1,10
6,7,20:01:10,3,-1,1,AA7560,0,1,478
7,8,20:03:24,3,-1,2,AA7560,0,1,101
8,9,20:05:16,3,-1,1,AA7560,0,1,91
9,10,20:06:26,3,-1,1,AA7560,0,1,30
10,11,20:09:38,3,-1,1,AA7560,0,1,151
11,12,20:10:42,3,-1,1,AA7560,0,1,22
12,13,20:13:04,3,-1,1,AA7560,0,1,101
13,14,20:14:35,3,-1,1,AA7560,0,1,40
14,15,20:17:27,3,-1,-1,AA7560,0,1,30
15,16,20:19:48,3,-1,1,AA7560,0,1,121
16,17,20:26:57,3,-1,1,AA7560,0,1,378
17,18,20:28:08,3,-1,1,AA7560,0,1,30
18,19,20:34:14,3,-1,2,AA7560,0,1,315
19,20,20:37:17,3,-1,1,AA7560,0,1,111
20,21,20:41:00,3,-1,1,AA7560,0,1,171
21,22,20:42:54,3,-1,-1,AA7560,0,1,80
0,1,20:49:49,3,-1,-1,AA7560,0,1,60
1,2,20:51:22,3,-1,1,AA7560,0,1,82
2,3,20:54:04,3,-1,1,AA7560,0,1,90
3,4,20:56:36,3,-1,1,AA7560,0,1,101
4,5,20:59:28,3,-1,2,AA7560,0,1,131
5,6,21:00:39,3,-1,1,AA7560,0,1,20
6,7,21:11:52,3,-1,1,AA7560,0,1,642
7,8,21:13:53,3,-1,2,AA7560,0,1,111
8,9,21:15:44,3,-1,1,AA7560,0,1,60
9,10,21:16:25,3,-1,1,AA7560,0,1,30
10,11,21:18:57,3,-1,1,AA7560,0,1,101
11,12,21:20:17,3,-1,-1,AA7560,0,1,30
12,13,21:22:29,3,-1,-1,AA7560,0,1,90
13,14,21:23:50,3,-1,-1,AA7560,0,1,40
14,15,21:25:44,3,-1,-1,AA7560,0,1,33
15,16,21:27:56,3,-1,1,AA7560,0,1,101
16,17,21:35:02,3,-1,1,AA7560,0,1,375
17,18,21:36:02,3,-1,1,AA7560,0,1,30
18,19,21:41:42,3,-1,2,AA7560,0,1,295
19,20,21:44:55,3,-1,1,AA7560,0,1,141
20,21,21:47:47,3,-1,1,AA7560,0,1,161
21,22,21:50:18,3,-1,-1,AA7560,0,1,91
0,1,22:01:09,3,-1,-1,AA7560,0,1,60
1,2,22:04:03,3,-1,-1,AA7560,0,1,113
2,3,22:06:35,3,-1,2,AA7560,0,1,50
3,4,22:08:56,3,-1,1,AA7560,0,1,70
4,5,22:12:29,3,-1,1,AA7560,0,1,121
5,6,22:13:29,3,-1,1,AA7560,0,1,10
6,8,22:24:19,3,-1,2,AA7560,1,1,599
8,9,22:25:41,3,-1,1,AA7560,0,1,51
9,10,22:26:45,3,-1,1,AA7560,0,1,33
10,11,22:30:08,3,-1,1,AA7560,0,1,182
11,12,22:30:59,3,-1,1,AA7560,0,1,30
12,13,22:33:20,3,-1,1,AA7560,0,1,80
13,14,22:34:33,3,-1,1,AA7560,0,1,42
14,15,22:36:05,3,-1,-1,AA7560,0,1,30
15,16,22:37:56,3,-1,1,AA7560,0,1,80
16,17,22:44:53,3,-1,1,AA7560,0,1,356
17,18,22:46:14,3,-1,1,AA7560,0,1,40
18,19,22:50:07,3,-1,2,AA7560,0,1,192
19,20,22:52:39,3,-1,1,AA7560,0,1,80
20,21,22:54:50,3,-1,1,AA7560,0,1,121
21,22,22:56:55,3,-1,-1,AA7560,0,1,80
0,1,23:13:29,3,-1,-1,AA7560,0,1,80
1,2,23:15:53,3,-1,2,AA7560,0,1,93
2,3,23:18:05,3,-1,2,AA7560,0,1,40
3,4,23:20:16,3,-1,1,AA7560,0,1,90
4,5,23:22:58,3,-1,1,AA7560,0,1,121
5,6,23:24:09,3,-1,1,AA7560,0,1,20
6,7,23:32:28,3,-1,1,AA7560,0,1,468
7,8,23:33:59,3,-1,2,AA7560,0,1,80
8,9,23:35:30,3,-1,1,AA7560,0,1,50
9,10,23:36:43,3,-1,1,AA7560,0,1,32
10,11,23:39:15,3,-1,1,AA7560,0,1,131
11,12,23:40:25,3,-1,1,AA7560,0,1,30
12,13,23:42:07,3,-1,1,AA7560,0,1,70
13,14,23:43:07,3,-1,1,AA7560,0,1,40
14,15,23:44:18,3,-1,-1,AA7560,0,1,30
15,16,23:46:19,3,-1,1,AA7560,0,1,90
16,17,23:52:47,3,-1,1,AA7560,0,1,357
17,18,23:53:48,3,-1,1,AA7560,0,1,10
18,19,23:58:24,3,-1,2,AA7560,0,1,226
0,1,6:43:26,3,-1,-1,AA7793,0,2,20
1,2,6:44:47,3,-1,2,AA7793,0,2,20
2,3,6:46:28,3,-1,2,AA7793,0,2,40
3,4,6:49:00,3,-1,1,AA7793,0,2,101
4,5,6:52:15,3,-1,1,AA7793,0,2,124
5,6,6:53:47,3,-1,1,AA7793,0,2,20
6,7,7:02:06,3,-1,1,AA7793,0,2,458
7,8,7:04:58,3,-1,-1,AA7793,0,2,161
8,9,7:06:19,3,-1,1,AA7793,0,2,50
9,10,7:07:20,3,-1,1,AA7793,0,2,20
10,11,7:09:33,3,-1,1,AA7793,0,2,112
11,12,7:10:23,3,-1,1,AA7793,0,2,20
12,13,7:11:44,3,-1,1,AA7793,0,2,50
13,14,7:12:55,3,-1,1,AA7793,0,2,30
14,15,7:14:37,3,-1,-1,AA7793,0,2,80
15,16,7:17:29,3,-1,1,AA7793,0,2,101
16,17,7:23:54,3,-1,1,AA7793,0,2,355
17,18,7:25:15,3,-1,1,AA7793,0,2,40
18,19,7:29:08,3,-1,2,AA7793,0,2,192
19,20,7:31:10,3,-1,1,AA7793,0,2,50
20,21,7:33:43,3,-1,1,AA7793,0,2,143
21,22,7:35:56,3,-1,-1,AA7793,0,2,91
0,1,7:44:34,3,-1,-1,AA7793,0,2,70
1,2,7:48:27,3,-1,3,AA7793,0,2,202
2,3,7:51:43,3,-1,3,AA7793,0,2,125
3,4,7:56:58,3,-1,1,AA7793,0,2,233
4,5,8:01:04,3,-1,1,AA7793,0,2,134
5,6,8:02:56,3,-1,1,AA7793,0,2,20
6,7,8:14:39,3,-1,1,AA7793,0,2,662
7,8,8:17:13,3,-1,2,AA7793,0,2,143
8,9,8:18:45,3,-1,1,AA7793,0,2,50
9,10,8:19:45,3,-1,1,AA7793,0,2,20
10,11,8:21:37,3,-1,1,AA7793,0,2,91
11,12,8:22:27,3,-1,1,AA7793,0,2,30
12,13,8:24:29,3,-1,1,AA7793,0,2,101
13,14,8:25:40,3,-1,2,AA7793,0,2,30
14,15,8:27:55,3,-1,-1,AA7793,0,2,105
15,16,8:31:08,3,-1,1,AA7793,0,2,101
16,17,8:38:07,3,-1,1,AA7793,0,2,348
17,18,8:40:19,3,-1,1,AA7793,0,2,70
18,19,8:45:06,3,-1,3,AA7793,0,2,256
19,20,8:48:08,3,-1,2,AA7793,0,2,111
20,21,8:50:09,3,-1,-1,AA7793,0,2,111
21,22,8:52:14,3,-1,-1,AA7793,0,2,93
0,1,9:05:19,3,-1,-1,AA7793,0,2,121
1,2,9:08:05,3,-1,3,AA7793,0,2,145
2,3,9:11:48,3,-1,3,AA7793,0,2,121
3,4,9:15:00,3,-1,1,AA7793,0,2,80
4,5,9:19:07,3,-1,1,AA7793,0,2,151
5,6,9:20:18,3,-1,1,AA7793,0,2,30
6,7,9:29:07,3,-1,1,AA7793,0,2,458
7,8,9:32:19,3,-1,-1,AA7793,0,2,151
8,9,9:34:00,3,-1,-1,AA7793,0,2,70
9,10,9:34:43,3,-1,-1,AA7793,0,2,32
10,11,9:36:44,3,-1,1,AA7793,0,2,60
11,12,9:37:25,3,-1,1,AA7793,0,2,30
12,13,9:40:08,3,-1,1,AA7793,0,2,122
13,14,9:41:08,3,-1,1,AA7793,0,2,40
14,15,9:43:01,3,-1,-1,AA7793,0,2,30
15,16,9:45:15,3,-1,1,AA7793,0,2,80
16,17,9:51:52,3,-1,3,AA7793,0,1,355
17,18,9:53:13,3,-1,1,AA7793,0,1,30
18,19,10:00:31,3,-1,2,AA7793,0,1,406
19,20,10:03:18,3,-1,2,AA7793,0,1,96
20,21,10:07:05,3,-1,1,AA7793,0,1,165
21,22,10:09:06,3,-1,-1,AA7793,0,1,80
0,2,10:50:57,3,-1,-1,AA7793,1,1,192
2,3,10:53:59,3,-1,-1,AA7793,0,1,91
3,4,10:56:42,3,-1,1,AA7793,0,1,60
4,5,11:00:35,3,-1,3,AA7793,0,1,162
5,6,11:01:56,3,-1,1,AA7793,0,1,20
6,7,11:13:59,3,-1,1,AA7793,0,1,671
7,8,11:16:02,3,-1,2,AA7793,0,1,113
8,9,11:17:24,3,-1,1,AA7793,0,1,50
9,10,11:18:04,3,-1,1,AA7793,0,1,30
10,11,11:21:06,3,-1,1,AA7793,0,1,111
11,12,11:21:57,3,-1,1,AA7793,0,1,30
12,13,11:23:28,3,-1,1,AA7793,0,1,70
13,14,11:24:29,3,-1,1,AA7793,0,1,30
14,15,11:26:00,3,-1,-1,AA7793,0,1,30
15,16,11:28:15,3,-1,1,AA7793,0,1,74
16,17,11:35:04,3,-1,3,AA7793,0,1,368
17,18,11:36:06,3,-1,1,AA7793,0,1,20
18,19,11:42:10,3,-1,2,AA7793,0,1,323
19,20,11:45:22,3,-1,2,AA7793,0,1,158
20,21,11:49:27,3,-1,1,AA7793,0,1,212
21,22,11:51:28,3,-1,-1,AA7793,0,1,91
0,1,12:01:49,3,-1,-1,AA7793,0,1,101
1,2,12:03:10,3,-1,3,AA7793,0,1,20
2,3,12:05:34,3,-1,3,AA7793,0,1,93
3,4,12:08:07,3,-1,1,AA7793,0,1,91
4,5,12:12:00,3,-1,1,AA7793,0,1,161
5,6,12:13:03,3,-1,1,AA7793,0,1,10
6,7,12:21:42,3,-1,1,AA7793,0,1,458
7,8,12:23:23,3,-1,2,AA7793,0,1,91
8,9,12:24:54,3,-1,1,AA7793,0,1,60
9,10,12:25:35,3,-1,1,AA7793,0,1,30
10,11,12:28:27,3,-1,1,AA7793,0,1,111
11,12,12:29:28,3,-1,1,AA7793,0,1,30
12,13,12:31:19,3,-1,1,AA7793,0,1,60
13,14,12:32:43,3,-1,2,AA7793,0,1,33
14,15,12:34:45,3,-1,-1,AA7793,0,1,40
15,16,12:37:07,3,-1,1,AA7793,0,1,81
16,17,12:43:44,3,-1,1,AA7793,0,1,355
17,18,12:44:44,3,-1,1,AA7793,0,1,20
18,19,12:48:49,3,-1,2,AA7793,0,1,203
19,20,12:51:13,3,-1,2,AA7793,0,1,50
20,21,12:54:25,3,-1,1,AA7793,0,1,182
21,22,12:55:57,3,-1,-1,AA7793,0,1,51
0,1,13:16:05,3,-1,-1,AA7793,0,1,80
1,2,13:17:56,3,-1,3,AA7793,0,1,40
2,3,13:19:47,3,-1,2,AA7793,0,1,50
3,4,13:21:59,3,-1,1,AA7793,0,1,70
4,5,13:25:25,3,-1,1,AA7793,0,1,134
5,6,13:27:56,3,-1,1,AA7793,0,1,30
6,7,13:36:35,3,-1,1,AA7793,0,1,467
7,8,13:39:17,3,-1,1,AA7793,0,1,131
8,9,13:41:08,3,-1,1,AA7793,0,1,80
9,10,13:42:09,3,-1,1,AA7793,0,1,20
10,11,13:46:37,3,-1,1,AA7793,0,1,257
11,12,13:47:17,3,-1,1,AA7793,0,1,20
12,13,13:49:08,3,-1,1,AA7793,0,1,80
13,14,13:50:29,3,-1,1,AA7793,0,1,50
14,15,13:52:23,3,-1,-1,AA7793,0,1,30
15,16,13:54:55,3,-1,1,AA7793,0,1,80
16,17,14:01:50,3,-1,1,AA7793,0,1,354
17,18,14:03:01,3,-1,1,AA7793,0,1,30
18,19,14:07:24,3,-1,2,AA7793,0,1,222
19,20,14:10:57,3,-1,1,AA7793,0,1,131
20,21,14:15:00,3,-1,1,AA7793,0,1,232
21,22,14:16:53,3,-1,-1,AA7793,0,1,80
0,1,14:27:04,3,-1,-1,AA7793,0,1,63
1,2,14:30:06,3,-1,3,AA7793,0,1,101
2,3,14:32:48,3,-1,3,AA7793,0,1,111
3,4,14:36:55,3,-1,1,AA7793,0,1,175
4,5,14:40:17,3,-1,2,AA7793,0,1,121
5,6,14:41:48,3,-1,1,AA7793,0,1,20
6,7,14:56:02,3,-1,1,AA7793,0,1,813
7,8,14:58:45,3,-1,2,AA7793,0,1,152
8,9,15:00:16,3,-1,1,AA7793,0,1,50
9,10,15:01:16,3,-1,1,AA7793,0,1,20
10,11,15:05:09,3,-1,1,AA7793,0,1,212
11,12,15:06:45,3,-1,3,AA7793,0,1,75
12,13,15:10:28,3,-1,3,AA7793,0,1,121
13,14,15:11:39,3,-1,1,AA7793,0,1,30
14,15,15:14:12,3,-1,-1,AA7793,0,1,30
15,16,15:16:25,3,-1,1,AA7793,0,1,102
16,17,15:23:20,3,-1,1,AA7793,0,1,364
17,18,15:24:32,3,-1,1,AA7793,0,1,21
18,19,15:28:47,3,-1,2,AA7793,0,1,224
19,20,15:30:39,3,-1,1,AA7793,0,1,40
20,21,15:34:04,3,-1,1,AA7793,0,1,185
21,22,15:36:07,3,-1,-1,AA7793,0,1,91
0,1,15:49:44,3,-1,-1,AA7793,0,1,82
1,2,15:51:46,3,-1,2,AA7793,0,1,60
2,3,15:54:28,3,-1,2,AA7793,0,1,101
3,4,15:57:09,3,-1,1,AA7793,0,1,101
4,5,16:00:57,3,-1,1,AA7793,0,1,131
5,6,16:02:18,3,-1,1,AA7793,0,1,20
6,7,16:13:09,3,-1,1,AA7793,0,1,610
7,8,16:15:11,3,-1,1,AA7793,0,1,111
8,9,16:17:15,3,-1,1,AA7793,0,1,101
9,10,16:17:56,3,-1,1,AA7793,0,1,30
10,11,16:20:48,3,-1,1,AA7793,0,1,121
11,12,16:21:38,3,-1,1,AA7793,0,1,20
12,13,16:25:01,3,-1,1,AA7793,0,1,91
13,14,16:27:14,3,-1,2,AA7793,0,1,101
14,15,16:30:36,3,-1,-1,AA7793,0,1,60
15,16,16:32:28,3,-1,1,AA7793,0,1,70
16,17,16:39:17,3,-1,1,AA7793,0,1,368
17,18,16:40:28,3,-1,1,AA7793,0,1,30
18,19,16:45:14,3,-1,2,AA7793,0,1,245
19,20,16:49:17,3,-1,1,AA7793,0,1,161
20,21,16:51:08,3,-1,1,AA7793,0,1,91
21,22,16:53:10,3,-1,-1,AA7793,0,1,91
0,1,17:06:03,3,-1,-1,AA7793,0,1,101
1,2,17:08:35,3,-1,2,AA7793,0,1,141
2,3,17:11:37,3,-1,2,AA7793,0,1,60
3,4,17:14:19,3,-1,1,AA7793,0,1,121
4,5,17:18:03,3,-1,1,AA7793,0,1,143
5,6,17:19:44,3,-1,1,AA7793,0,1,30
6,7,17:28:51,3,-1,1,AA7793,0,1,516
7,8,17:30:56,3,-1,2,AA7793,0,1,114
8,9,17:32:37,3,-1,1,AA7793,0,1,60
9,10,17:33:38,3,-1,1,AA7793,0,1,30
10,11,17:37:00,3,-1,1,AA7793,0,1,141
11,12,17:37:55,3,-1,1,AA7793,0,1,20
12,13,17:40:06,3,-1,1,AA7793,0,1,80
13,14,17:41:37,3,-1,2,AA7793,0,1,50
14,15,17:44:19,3,-1,-1,AA7793,0,1,60
15,16,17:47:45,3,-1,1,AA7793,0,1,185
16,17,17:54:50,3,-1,1,AA7793,0,1,364
17,18,17:56:05,3,-1,1,AA7793,0,1,30
18,19,18:00:28,3,-1,3,AA7793,0,1,232
19,20,18:04:34,3,-1,1,AA7793,0,1,155
20,21,18:08:17,3,-1,1,AA7793,0,1,202
21,22,18:11:34,3,-1,-1,AA7793,0,1,115
0,1,18:17:59,3,-1,-1,AA7793,0,1,30
1,2,18:20:08,3,-1,3,AA7793,0,1,57
2,3,18:22:02,3,-1,3,AA7793,0,1,74
3,4,18:24:34,3,-1,1,AA7793,0,1,80
4,5,18:28:17,3,-1,2,AA7793,0,1,141
5,6,18:29:38,3,-1,1,AA7793,0,1,20
6,7,18:40:57,3,-1,1,AA7793,0,1,628
7,8,18:43:49,3,-1,2,AA7793,0,1,141
8,9,18:45:34,3,-1,1,AA7793,0,1,84
9,10,18:46:15,3,-1,1,AA7793,0,1,20
10,11,18:49:17,3,-1,1,AA7793,0,1,161
11,12,18:50:18,3,-1,2,AA7793,0,1,30
12,13,18:53:20,3,-1,2,AA7793,0,1,141
13,14,18:55:12,3,-1,3,AA7793,0,1,60
14,15,18:56:45,3,-1,-1,AA7793,0,1,30
15,16,19:00:07,3,-1,-1,AA7793,0,1,171
16,17,19:07:15,3,-1,3,AA7793,0,1,407
17,18,19:08:26,3,-1,1,AA7793,0,1,30
18,19,19:16:04,3,-1,3,AA7793,0,1,418
19,20,19:18:56,3,-1,1,AA7793,0,1,91
20,21,19:22:29,3,-1,1,AA7793,0,1,192
21,22,19:24:43,3,-1,-1,AA7793,0,1,93
0,1,20:12:53,3,-1,-1,AA7793,0,1,101
1,2,20:14:25,3,-1,2,AA7793,0,1,20
2,3,20:15:45,3,-1,2,AA7793,0,1,50
3,4,20:16:46,3,-1,1,AA7793,0,1,20
4,5,20:19:08,3,-1,1,AA7793,0,1,131
5,6,20:20:19,3,-1,1,AA7793,0,1,30
6,8,20:31:32,3,-1,2,AA7793,1,1,643
8,9,20:32:33,3,-1,1,AA7793,0,1,50
9,10,20:33:14,3,-1,1,AA7793,0,1,30
10,11,20:36:16,3,-1,1,AA7793,0,1,172
11,12,20:36:57,3,-1,1,AA7793,0,1,20
12,13,20:38:18,3,-1,1,AA7793,0,1,70
13,14,20:39:19,3,-1,1,AA7793,0,1,30
14,15,20:41:10,3,-1,-1,AA7793,0,1,40
15,16,20:43:14,3,-1,1,AA7793,0,1,91
16,17,20:50:20,3,-1,3,AA7793,0,1,364
17,18,20:51:22,3,-1,1,AA7793,0,1,30
18,19,20:59:28,3,-1,2,AA7793,0,1,445
19,20,21:00:49,3,-1,1,AA7793,0,1,50
20,21,21:03:36,3,-1,1,AA7793,0,1,156
21,22,21:05:17,3,-1,-1,AA7793,0,1,80
0,1,21:25:44,3,-1,-1,AA7793,0,1,84
1,2,21:27:56,3,-1,2,AA7793,0,1,50
3,4,21:30:37,3,-1,1,AA7793,0,1,40
4,5,21:34:00,3,-1,1,AA7793,0,1,121
5,6,21:35:12,3,-1,1,AA7793,0,1,10
6,7,21:45:05,3,-1,1,AA7793,0,1,552
7,8,21:46:56,3,-1,2,AA7793,0,1,101
8,9,21:48:07,3,-1,1,AA7793,0,1,50
9,10,21:49:07,3,-1,1,AA7793,0,1,20
10,11,21:51:49,3,-1,1,AA7793,0,1,151
11,12,21:52:52,3,-1,1,AA7793,0,1,20
12,13,21:55:15,3,-1,1,AA7793,0,1,70
13,14,21:56:26,3,-1,1,AA7793,0,1,40
14,15,21:58:27,3,-1,-1,AA7793,0,1,30
15,16,22:00:59,3,-1,-1,AA7793,0,1,121
16,17,22:07:55,3,-1,1,AA7793,0,1,376
17,18,22:09:16,3,-1,1,AA7793,0,1,40
18,19,22:13:29,3,-1,2,AA7793,0,1,222
19,20,22:16:04,3,-1,1,AA7793,0,1,114
20,21,22:18:56,3,-1,1,AA7793,0,1,131
21,22,22:21:07,3,-1,-1,AA7793,0,1,90
0,1,22:39:58,3,-1,-1,AA7793,0,1,20
1,2,22:43:00,3,-1,2,AA7793,0,1,101
2,3,22:44:53,3,-1,2,AA7793,0,1,52
3,4,22:46:34,3,-1,1,AA7793,0,1,60
4,5,22:49:57,3,-1,1,AA7793,0,1,131
5,6,22:50:57,3,-1,1,AA7793,0,1,20
6,7,22:59:36,3,-1,2,AA7793,0,1,468
7,8,23:02:18,3,-1,2,AA7793,0,1,121
8,9,23:03:29,3,-1,1,AA7793,0,1,50
9,10,23:04:09,3,-1,1,AA7793,0,1,20
10,11,23:06:33,3,-1,1,AA7793,0,1,60
11,12,23:07:35,3,-1,1,AA7793,0,1,21
12,13,23:09:16,3,-1,1,AA7793,0,1,60
13,14,23:10:27,3,-1,1,AA7793,0,1,40
14,15,23:11:48,3,-1,-1,AA7793,0,1,50
15,16,23:13:59,3,-1,1,AA7793,0,1,111
16,17,23:20:47,3,-1,1,AA7793,0,1,366
17,18,23:21:27,3,-1,1,AA7793,0,1,20
18,19,23:26:00,3,-1,2,AA7793,0,1,202
19,20,23:29:06,3,-1,1,AA7793,0,1,111
20,21,23:31:28,3,-1,1,AA7793,0,1,90
21,22,23:33:39,3,-1,-1,AA7793,0,1,80
0,1,15:31:49,3,-1,-1,AC4184,0,1,30
1,2,15:32:40,3,-1,3,AC4184,0,1,20
2,3,15:35:46,3,-1,2,AC4184,0,1,102
3,4,15:38:28,3,-1,1,AC4184,0,1,111
4,5,15:42:26,3,-1,1,AC4184,0,1,146
5,6,15:43:47,3,-1,1,AC4184,0,1,30
6,8,15:53:47,3,-1,3,AC4184,1,1,569
8,9,15:54:58,3,-1,1,AC4184,0,1,40
9,11,15:58:56,3,-1,1,AC4184,1,1,217
11,12,15:59:57,3,-1,1,AC4184,0,1,30
12,13,16:01:28,3,-1,1,AC4184,0,1,70
13,14,16:02:49,3,-1,2,AC4184,0,1,40
14,15,16:05:10,3,-1,-1,AC4184,0,1,80
15,16,16:07:55,3,-1,1,AC4184,0,1,141
16,17,16:15:01,3,-1,2,AC4184,0,1,374
17,18,16:16:04,3,-1,1,AC4184,0,1,20
18,19,16:21:48,3,-1,3,AC4184,0,1,303
19,20,16:24:00,3,-1,1,AC4184,0,1,60
20,21,16:27:14,3,-1,1,AC4184,0,1,183
21,22,16:29:26,3,-1,-1,AC4184,0,1,101
0,1,7:04:17,3,-1,-1,MZ8441,0,2,80
1,2,7:06:29,3,-1,1,MZ8441,0,2,60
2,3,7:08:32,3,-1,2,MZ8441,0,2,61
3,4,7:10:23,3,-1,1,MZ8441,0,2,50
4,5,7:13:16,3,-1,1,MZ8441,0,2,131
5,6,7:14:26,3,-1,1,MZ8441,0,2,10
6,7,7:22:53,3,-1,1,MZ8441,0,2,466
7,8,7:25:26,3,-1,2,MZ8441,0,2,141
8,9,7:26:46,3,-1,1,MZ8441,0,2,60
9,10,7:27:37,3,-1,1,MZ8441,0,2,20
10,11,7:30:09,3,-1,1,MZ8441,0,2,121
11,12,7:31:00,3,-1,1,MZ8441,0,2,20
12,13,7:32:53,3,-1,1,MZ8441,0,2,82
13,14,7:33:43,3,-1,1,MZ8441,0,2,30
14,15,7:35:25,3,-1,-1,MZ8441,0,2,50
15,16,7:38:28,3,-1,1,MZ8441,0,2,131
16,17,7:46:36,3,-1,1,MZ8441,0,2,427
17,18,7:47:47,3,-1,1,MZ8441,0,2,30
18,19,7:51:54,3,-1,3,MZ8441,0,2,216
19,20,7:56:07,3,-1,2,MZ8441,0,2,162
20,21,7:59:53,3,-1,1,MZ8441,0,2,204
21,22,8:02:14,3,-1,-1,MZ8441,0,2,91
6,7,0:01:45,4,-1,-1,AA6835,0,1,456
7,8,0:03:36,4,-1,-1,AA6835,0,1,91
8,9,0:05:07,4,-1,1,AA6835,0,1,60
9,10,0:05:57,4,-1,1,AA6835,0,1,30
10,11,0:08:39,4,-1,1,AA6835,0,1,70
11,12,0:09:34,4,-1,1,AA6835,0,1,24
12,14,0:11:15,4,-1,1,AA6835,1,1,91
14,15,0:12:46,4,-1,-1,AA6835,0,1,30
15,16,0:14:27,4,-1,1,AA6835,0,1,80
16,17,0:20:43,4,-1,1,AA6835,0,1,345
17,18,0:21:54,4,-1,1,AA6835,0,1,30
18,19,0:25:47,4,-1,2,AA6835,0,1,202
19,20,0:27:28,4,-1,1,AA6835,0,1,60
20,21,0:28:59,4,-1,1,AA6835,0,1,80
21,22,0:30:40,4,-1,-1,AA6835,0,1,90
0,1,0:50:59,4,-1,-1,AA6835,0,1,60
1,2,0:52:31,4,-1,1,AA6835,0,1,41
2,3,0:54:44,4,-1,1,AA6835,0,1,21
3,4,0:57:15,4,-1,1,AA6835,0,1,80
4,5,0:59:37,4,-1,1,AA6835,0,1,111
5,6,1:00:38,4,-1,1,AA6835,0,1,10
6,8,1:09:58,4,-1,-1,AA6835,1,1,529
8,9,1:11:09,4,-1,1,AA6835,0,1,40
9,10,1:11:39,4,-1,1,AA6835,0,1,20
10,11,1:13:02,4,-1,1,AA6835,0,1,52
11,12,1:13:33,4,-1,1,AA6835,0,1,20
12,13,1:15:04,4,-1,1,AA6835,0,1,50
13,14,1:15:44,4,-1,1,AA6835,0,1,30
14,15,1:16:55,4,-1,-1,AA6835,0,1,30
15,16,1:18:56,4,-1,1,AA6835,0,1,90
16,17,1:25:00,4,-1,1,AA6835,0,1,353
17,18,1:25:44,4,-1,1,AA6835,0,1,10
18,19,1:29:47,4,-1,2,AA6835,0,1,192
19,20,1:32:28,4,-1,1,AA6835,0,1,121
20,21,1:34:23,4,-1,1,AA6835,0,1,104
21,22,1:35:55,4,-1,-1,AA6835,0,1,80
0,1,6:20:44,4,-1,-1,AA6835,0,1,33
1,2,6:23:16,4,-1,2,AA6835,0,1,80
2,3,6:25:07,4,-1,2,AA6835,0,1,40
3,4,6:26:48,4,-1,1,AA6835,0,1,40
4,5,6:30:55,4,-1,1,AA6835,0,1,135
5,6,6:32:26,4,-1,1,AA6835,0,1,20
6,7,6:41:25,4,-1,2,AA6835,0,1,498
7,8,6:43:06,4,-1,-1,AA6835,0,1,91
8,9,6:44:17,4,-1,1,AA6835,0,1,40
9,10,6:45:18,4,-1,1,AA6835,0,1,30
10,11,6:47:29,4,-1,1,AA6835,0,1,101
11,12,6:48:20,4,-1,1,AA6835,0,1,20
12,13,6:49:42,4,-1,1,AA6835,0,1,52
13,14,6:50:43,4,-1,1,AA6835,0,1,30
14,15,6:51:55,4,-1,-1,AA6835,0,1,31
15,16,6:54:16,4,-1,1,AA6835,0,1,91
16,17,7:01:14,4,-1,1,AA6835,0,1,387
17,18,7:02:15,4,-1,1,AA6835,0,1,20
18,19,7:06:08,4,-1,2,AA6835,0,1,192
19,20,7:09:20,4,-1,1,AA6835,0,1,141
20,21,7:11:04,4,-1,1,AA6835,0,1,80
21,22,7:13:05,4,-1,-1,AA6835,0,1,80
0,1,7:21:46,4,-1,-1,AA6835,0,1,70
1,2,7:23:07,4,-1,2,AA6835,0,1,40
2,3,7:24:48,4,-1,2,AA6835,0,1,20
3,4,7:28:55,4,-1,1,AA6835,0,1,155
4,5,7:32:27,4,-1,1,AA6835,0,1,121
5,6,7:33:59,4,-1,1,AA6835,0,1,20
6,7,7:43:08,4,-1,2,AA6835,0,1,497
7,8,7:46:34,4,-1,2,AA6835,0,1,186
8,9,7:48:05,4,-1,1,AA6835,0,1,60
9,10,7:49:16,4,-1,1,AA6835,0,1,30
10,11,7:51:08,4,-1,-1,AA6835,0,1,91
11,12,7:52:19,4,-1,-1,AA6835,0,1,30
12,13,7:53:50,4,-1,-1,AA6835,0,1,60
13,14,7:55:03,4,-1,1,AA6835,0,1,30
14,15,7:56:45,4,-1,-1,AA6835,0,1,70
15,16,8:00:08,4,-1,1,AA6835,0,1,151
16,17,8:07:05,4,-1,1,AA6835,0,1,367
17,18,8:08:26,4,-1,1,AA6835,0,1,20
18,19,8:12:49,4,-1,3,AA6835,0,1,222
19,20,8:17:36,4,-1,2,AA6835,0,1,172
20,21,8:22:59,4,-1,1,AA6835,0,1,273
21,22,8:24:35,4,-1,-1,AA6835,0,1,85
0,1,8:33:45,4,-1,-1,AA6835,0,1,84
1,2,8:36:37,4,-1,3,AA6835,0,1,162
2,3,8:40:32,4,-1,3,AA6835,0,1,174
3,4,8:44:46,4,-1,1,AA6835,0,1,131
4,5,8:50:00,4,-1,1,AA6835,0,1,162
5,6,8:51:22,4,-1,1,AA6835,0,1,10
6,7,9:00:20,4,-1,2,AA6835,0,1,497
7,8,9:03:54,4,-1,2,AA6835,0,1,203
8,9,9:05:26,4,-1,1,AA6835,0,1,50
9,10,9:06:06,4,-1,1,AA6835,0,1,30
10,11,9:10:52,4,-1,1,AA6835,0,1,275
11,12,9:11:53,4,-1,2,AA6835,0,1,30
12,13,9:14:49,4,-1,3,AA6835,0,1,84
13,14,9:15:40,4,-1,1,AA6835,0,1,40
14,15,9:17:23,4,-1,-1,AA6835,0,1,40
15,16,9:20:25,4,-1,1,AA6835,0,1,141
16,17,9:27:20,4,-1,1,AA6835,0,1,374
17,18,9:28:33,4,-1,1,AA6835,0,1,30
18,19,9:32:36,4,-1,3,AA6835,0,1,212
19,20,9:35:08,4,-1,1,AA6835,0,1,131
20,21,9:38:45,4,-1,1,AA6835,0,1,185
21,22,9:40:37,4,-1,-1,AA6835,0,1,71
0,1,10:22:56,4,-1,-1,AA6835,0,1,91
1,2,10:25:48,4,-1,3,AA6835,0,1,101
2,3,10:27:50,4,-1,2,AA6835,0,1,40
3,4,10:30:35,4,-1,1,AA6835,0,1,145
4,5,10:33:58,4,-1,1,AA6835,0,1,131
5,6,10:35:08,4,-1,1,AA6835,0,1,20
6,7,10:43:27,4,-1,1,AA6835,0,1,458
7,10,10:48:23,4,-1,1,AA6835,2,1,285
10,11,10:50:34,4,-1,1,AA6835,0,1,101
11,12,10:51:25,4,-1,1,AA6835,0,1,20
12,13,10:52:56,4,-1,1,AA6835,0,1,60
13,14,10:53:47,4,-1,1,AA6835,0,1,40
14,15,10:55:18,4,-1,-1,AA6835,0,1,50
15,16,10:57:55,4,-1,1,AA6835,0,1,131
16,17,11:04:40,4,-1,1,AA6835,0,1,374
17,18,11:05:40,4,-1,1,AA6835,0,1,20
18,19,11:10:36,4,-1,2,AA6835,0,1,275
19,21,11:17:03,4,-1,1,AA6835,1,1,286
21,22,11:18:55,4,-1,-1,AA6835,0,1,91
0,1,11:35:36,4,-1,-1,AA6835,0,1,70
1,2,11:37:27,4,-1,2,AA6835,0,1,40
2,3,11:39:49,4,-1,2,AA6835,0,1,70
3,4,11:41:00,4,-1,1,AA6835,0,1,20
4,5,11:44:35,4,-1,1,AA6835,0,1,152
5,6,11:45:56,4,-1,1,AA6835,0,1,30
6,8,11:56:34,4,-1,2,AA6835,1,2,588
8,9,11:57:55,4,-1,1,AA6835,0,2,60
9,10,11:58:46,4,-1,1,AA6835,0,2,20
10,11,12:01:28,4,-1,1,AA6835,0,2,121
11,12,12:02:29,4,-1,1,AA6835,0,2,30
12,13,12:04:10,4,-1,1,AA6835,0,2,60
13,14,12:05:34,4,-1,1,AA6835,0,2,41
14,15,12:07:05,4,-1,-1,AA6835,0,2,30
15,16,12:09:47,4,-1,1,AA6835,0,2,141
16,17,12:16:37,4,-1,1,AA6835,0,2,369
17,18,12:17:38,4,-1,1,AA6835,0,2,30
18,19,12:22:34,4,-1,2,AA6835,0,2,255
19,20,12:25:16,4,-1,1,AA6835,0,2,101
20,21,12:27:08,4,-1,1,AA6835,0,2,101
21,22,12:30:00,4,-1,-1,AA6835,0,2,111
0,2,12:57:46,4,-1,2,AA6835,1,2,245
2,3,13:01:08,4,-1,3,AA6835,0,2,192
3,4,13:03:40,4,-1,1,AA6835,0,2,70
4,5,13:07:05,4,-1,1,AA6835,0,2,132
5,6,13:08:36,4,-1,1,AA6835,0,2,20
6,7,13:18:05,4,-1,1,AA6835,0,2,528
7,8,13:20:27,4,-1,2,AA6835,0,2,101
8,9,13:21:48,4,-1,1,AA6835,0,2,50
9,11,13:25:34,4,-1,1,AA6835,1,1,205
11,12,13:26:34,4,-1,1,AA6835,0,1,20
12,13,13:28:46,4,-1,1,AA6835,0,1,91
13,14,13:30:07,4,-1,1,AA6835,0,1,60
14,15,13:32:09,4,-1,-1,AA6835,0,1,50
15,16,13:34:55,4,-1,1,AA6835,0,1,145
16,17,13:41:45,4,-1,1,AA6835,0,1,357
17,18,13:42:56,4,-1,1,AA6835,0,1,30
18,19,13:47:19,4,-1,2,AA6835,0,1,232
19,22,13:55:47,4,-1,-1,AA6835,2,1,487
0,1,14:05:16,4,-1,-1,AA6835,0,1,50
1,2,14:07:18,4,-1,3,AA6835,0,1,80
2,3,14:09:09,4,-1,2,AA6835,0,1,30
3,4,14:13:25,4,-1,1,AA6835,0,1,134
4,5,14:16:38,4,-1,1,AA6835,0,1,121
5,6,14:18:09,4,-1,1,AA6835,0,1,20
6,7,14:28:00,4,-1,2,AA6835,0,1,550
7,9,14:32:16,4,-1,-1,AA6835,1,1,246
9,10,14:33:07,4,-1,-1,AA6835,0,1,30
10,11,14:34:38,4,-1,-1,AA6835,0,1,60
11,12,14:35:39,4,-1,2,AA6835,0,1,30
12,13,14:37:20,4,-1,2,AA6835,0,1,80
13,14,14:38:32,4,-1,1,AA6835,0,1,41
14,15,14:40:13,4,-1,-1,AA6835,0,1,50
15,16,14:42:45,4,-1,1,AA6835,0,1,131
16,17,14:49:55,4,-1,1,AA6835,0,1,379
17,18,14:51:06,4,-1,1,AA6835,0,1,30
18,19,14:55:50,4,-1,2,AA6835,0,1,243
19,20,14:59:27,4,-1,2,AA6835,0,1,141
20,21,15:04:00,4,-1,1,AA6835,0,1,212
21,22,15:06:23,4,-1,-1,AA6835,0,1,90
0,1,15:27:39,4,-1,-1,AA6835,0,1,111
1,2,15:29:55,4,-1,3,AA6835,0,1,70
2,3,15:31:36,4,-1,3,AA6835,0,1,20
3,4,15:34:08,4,-1,1,AA6835,0,1,121
4,5,15:38:11,4,-1,1,AA6835,0,1,162
5,7,15:49:04,4,-1,1,AA6835,1,1,591
7,8,15:50:55,4,-1,1,AA6835,0,1,101
8,10,15:53:58,4,-1,1,AA6835,1,1,141
10,11,15:57:21,4,-1,1,AA6835,0,1,142
11,12,15:58:34,4,-1,1,AA6835,0,1,32
12,13,16:00:05,4,-1,1,AA6835,0,1,60
13,14,16:01:18,4,-1,2,AA6835,0,1,40
14,16,16:06:43,4,-1,1,AA6835,1,1,305
16,17,16:23:09,4,-1,1,AA6835,0,1,945
17,18,16:24:21,4,-1,1,AA6835,0,1,20
18,19,16:29:25,4,-1,3,AA6835,0,1,263
19,20,16:33:59,4,-1,1,AA6835,0,1,253
20,21,16:37:53,4,-1,1,AA6835,0,1,224
21,22,16:40:35,4,-1,-1,AA6835,0,1,111
0,1,16:48:44,4,-1,-1,AA6835,0,1,124
1,2,16:50:05,4,-1,2,AA6835,0,1,40
2,3,16:51:46,4,-1,2,AA6835,0,1,40
3,4,16:53:38,4,-1,1,AA6835,0,1,101
4,5,16:56:32,4,-1,1,AA6835,0,1,123
5,6,16:57:53,4,-1,1,AA6835,0,1,30
6,7,17:06:50,4,-1,1,AA6835,0,1,506
7,8,17:08:44,4,-1,2,AA6835,0,1,103
8,9,17:10:25,4,-1,1,AA6835,0,1,60
9,10,17:11:05,4,-1,1,AA6835,0,1,20
10,11,17:16:49,4,-1,1,AA6835,0,1,323
11,12,17:17:40,4,-1,1,AA6835,0,1,30
12,13,17:19:44,4,-1,1,AA6835,0,1,104
13,14,17:22:07,4,-1,2,AA6835,0,1,122
14,15,17:24:08,4,-1,-1,AA6835,0,1,70
15,16,17:27:00,4,-1,1,AA6835,0,1,151
16,17,17:35:21,4,-1,1,AA6835,0,1,456
17,18,17:36:43,4,-1,1,AA6835,0,1,40
18,19,17:42:38,4,-1,3,AA6835,0,1,324
19,20,17:48:35,4,-1,1,AA6835,0,1,225
20,21,17:52:07,4,-1,1,AA6835,0,1,202
21,22,17:54:49,4,-1,-1,AA6835,0,1,81
17,18,18:23:06,4,-1,1,AA6835,0,1,70
18,19,18:32:37,4,-1,3,AA6835,0,1,509
19,20,18:37:24,4,-1,1,AA6835,0,1,175
20,21,18:43:49,4,-1,1,AA6835,0,1,313
21,22,18:46:32,4,-1,-1,AA6835,0,1,62
0,1,19:49:33,4,-1,-1,AA6835,0,1,63
1,2,19:52:55,4,-1,3,AA6835,0,1,80
2,3,19:55:26,4,-1,2,AA6835,0,1,80
3,4,19:57:48,4,-1,1,AA6835,0,1,80
4,5,20:01:13,4,-1,1,AA6835,0,1,144
5,6,20:02:35,4,-1,1,AA6835,0,1,21
6,7,20:11:32,4,-1,1,AA6835,0,1,497
7,8,20:13:03,4,-1,2,AA6835,0,1,80
8,9,20:14:34,4,-1,1,AA6835,0,1,40
9,10,20:15:15,4,-1,1,AA6835,0,1,30
10,11,20:18:39,4,-1,1,AA6835,0,1,171
11,12,20:19:50,4,-1,1,AA6835,0,1,30
12,13,20:21:44,4,-1,1,AA6835,0,1,61
13,14,20:23:15,4,-1,2,AA6835,0,1,50
14,15,20:25:07,4,-1,-1,AA6835,0,1,50
15,16,20:27:18,4,-1,1,AA6835,0,1,111
16,17,20:34:04,4,-1,1,AA6835,0,1,375
17,18,20:35:25,4,-1,1,AA6835,0,1,40
18,19,20:41:19,4,-1,3,AA6835,0,1,313
19,20,20:44:14,4,-1,1,AA6835,0,1,145
20,21,20:47:06,4,-1,1,AA6835,0,1,131
21,22,20:49:08,4,-1,-1,AA6835,0,1,80
0,1,21:01:47,4,-1,-1,AA6835,0,1,20
1,2,21:03:38,4,-1,2,AA6835,0,1,40
2,3,21:05:09,4,-1,2,AA6835,0,1,30
3,4,21:07:44,4,-1,1,AA6835,0,1,84
4,5,21:10:26,4,-1,2,AA6835,0,1,121
5,6,21:11:26,4,-1,1,AA6835,0,1,20
6,7,21:20:05,4,-1,1,AA6835,0,1,488
7,8,21:22:06,4,-1,-1,AA6835,0,1,111
8,9,21:23:17,4,-1,1,AA6835,0,1,40
9,10,21:24:18,4,-1,1,AA6835,0,1,30
10,11,21:26:20,4,-1,1,AA6835,0,1,92
11,12,21:27:12,4,-1,1,AA6835,0,1,20
12,13,21:29:05,4,-1,1,AA6835,0,1,70
13,14,21:30:47,4,-1,1,AA6835,0,1,40
14,15,21:32:08,4,-1,-1,AA6835,0,1,60
15,16,21:34:09,4,-1,1,AA6835,0,1,101
16,17,21:40:45,4,-1,2,AA6835,0,1,355
17,18,21:41:56,4,-1,1,AA6835,0,1,30
18,19,21:47:09,4,-1,3,AA6835,0,1,272
19,21,21:51:54,4,-1,1,AA6835,1,1,234
21,22,21:53:58,4,-1,-1,AA6835,0,1,82
0,1,22:12:55,4,-1,-1,AA6835,0,1,80
1,2,22:14:37,4,-1,2,AA6835,0,1,71
2,3,22:16:28,4,-1,2,AA6835,0,1,101
3,4,22:19:00,4,-1,1,AA6835,0,1,131
4,5,22:22:34,4,-1,1,AA6835,0,1,151
5,6,22:23:55,4,-1,1,AA6835,0,1,30
6,7,22:33:04,4,-1,1,AA6835,0,1,508
7,8,22:34:45,4,-1,2,AA6835,0,1,90
8,9,22:36:16,4,-1,1,AA6835,0,1,50
9,10,22:37:16,4,-1,1,AA6835,0,1,30
10,11,22:41:00,4,-1,1,AA6835,0,1,70
11,12,22:42:00,4,-1,1,AA6835,0,1,20
12,13,22:44:24,4,-1,1,AA6835,0,1,90
13,14,22:45:55,4,-1,1,AA6835,0,1,50
14,15,22:47:36,4,-1,-1,AA6835,0,1,30
15,16,22:49:58,4,-1,1,AA6835,0,1,102
16,17,22:56:58,4,-1,1,AA6835,0,1,378
17,18,22:58:08,4,-1,1,AA6835,0,1,30
18,19,23:02:34,4,-1,2,AA6835,0,1,215
19,20,23:04:25,4,-1,1,AA6835,0,1,50
20,21,23:07:27,4,-1,1,AA6835,0,1,151
21,22,23:09:08,4,-1,-1,AA6835,0,1,80
0,1,23:27:15,4,-1,-1,AA6835,0,1,40
1,2,23:29:37,4,-1,2,AA6835,0,1,132
2,3,23:31:39,4,-1,-1,AA6835,0,1,30
3,4,23:33:43,4,-1,-1,AA6835,0,1,63
4,5,23:36:15,4,-1,1,AA6835,0,1,131
5,6,23:37:35,4,-1,1,AA6835,0,1,10
6,7,23:45:32,4,-1,1,AA6835,0,1,436
7,8,23:47:54,4,-1,2,AA6835,0,1,111
8,9,23:49:05,4,-1,1,AA6835,0,1,50
9,10,23:50:05,4,-1,1,AA6835,0,1,30
10,11,23:51:56,4,-1,1,AA6835,0,1,50
11,12,23:52:47,4,-1,1,AA6835,0,1,20
12,13,23:54:28,4,-1,1,AA6835,0,1,70
13,14,23:55:29,4,-1,1,AA6835,0,1,30
14,15,23:56:49,4,-1,-1,AA6835,0,1,40
15,16,23:58:53,4,-1,1,AA6835,0,1,103
0,1,7:16:48,4,-1,-1,AA6957,0,1,50
1,2,7:18:09,4,-1,2,AA6957,0,1,30
2,3,7:20:11,4,-1,2,AA6957,0,1,51
3,4,7:22:26,4,-1,1,AA6957,0,1,70
4,5,7:25:49,4,-1,1,AA6957,0,1,121
5,6,7:27:10,4,-1,1,AA6957,0,1,20
6,7,7:35:32,4,-1,1,AA6957,0,1,461
7,8,7:38:24,4,-1,1,AA6957,0,1,151
8,9,7:40:06,4,-1,1,AA6957,0,1,60
9,11,7:43:08,4,-1,1,AA6957,1,1,141
11,12,7:43:58,4,-1,1,AA6957,0,1,30
12,13,7:45:19,4,-1,1,AA6957,0,1,50
13,14,7:46:20,4,-1,1,AA6957,0,1,30
14,15,7:48:16,4,-1,-1,AA6957,0,1,40
15,16,7:50:37,4,-1,-1,AA6957,0,1,111
16,17,7:57:36,4,-1,1,AA6957,0,1,357
17,18,7:59:07,4,-1,1,AA6957,0,1,30
18,19,8:03:43,4,-1,3,AA6957,0,1,225
19,21,8:12:39,4,-1,1,AA6957,1,1,516
21,22,8:14:43,4,-1,-1,AA6957,0,1,114
0,1,8:27:57,4,-1,-1,AA6957,0,1,91
1,2,8:30:09,4,-1,3,AA6957,0,1,30
2,3,8:35:16,4,-1,3,AA6957,0,1,185
3,4,8:41:54,4,-1,1,AA6957,0,1,215
4,5,8:46:07,4,-1,1,AA6957,0,1,131
5,6,8:47:38,4,-1,1,AA6957,0,1,20
6,7,8:56:47,4,-1,2,AA6957,0,1,498
7,8,9:01:12,4,-1,2,AA6957,0,1,244
8,9,9:04:05,4,-1,1,AA6957,0,1,141
9,10,9:05:15,4,-1,1,AA6957,0,1,30
10,11,9:08:49,4,-1,1,AA6957,0,1,203
11,12,9:09:50,4,-1,2,AA6957,0,1,30
12,13,9:12:23,4,-1,3,AA6957,0,1,101
13,14,9:13:14,4,-1,2,AA6957,0,1,30
14,15,9:14:49,4,-1,-1,AA6957,0,1,44
15,16,9:17:43,4,-1,1,AA6957,0,1,133
16,17,9:24:18,4,-1,1,AA6957,0,1,374
17,18,9:25:39,4,-1,1,AA6957,0,1,20
18,19,9:30:45,4,-1,3,AA6957,0,1,235
19,20,9:33:07,4,-1,1,AA6957,0,1,70
20,21,9:36:19,4,-1,1,AA6957,0,1,141
21,22,9:38:34,4,-1,-1,AA6957,0,1,84
0,1,9:49:05,4,-1,-1,AA6957,0,1,50
1,2,9:51:07,4,-1,3,AA6957,0,1,50
2,3,9:53:28,4,-1,3,AA6957,0,1,70
3,4,9:54:59,4,-1,1,AA6957,0,1,30
4,5,9:58:44,4,-1,1,AA6957,0,1,151
5,6,10:00:05,4,-1,1,AA6957,0,1,20
6,7,10:08:53,4,-1,1,AA6957,0,1,477
7,8,10:10:45,4,-1,2,AA6957,0,1,101
8,9,10:12:16,4,-1,1,AA6957,0,1,60
9,10,10:13:06,4,-1,1,AA6957,0,1,30
10,11,10:14:58,4,-1,1,AA6957,0,1,80
11,12,10:15:28,4,-1,1,AA6957,0,1,20
12,13,10:16:49,4,-1,1,AA6957,0,1,50
13,14,10:17:50,4,-1,1,AA6957,0,1,40
14,15,10:19:13,4,-1,-1,AA6957,0,1,40
15,16,10:20:54,4,-1,1,AA6957,0,1,70
16,17,10:29:04,4,-1,1,AA6957,0,1,448
17,18,10:30:05,4,-1,1,AA6957,0,1,30
18,19,10:34:28,4,-1,2,AA6957,0,1,222
19,20,10:37:20,4,-1,1,AA6957,0,1,161
20,21,10:40:54,4,-1,1,AA6957,0,1,151
21,22,10:42:57,4,-1,-1,AA6957,0,1,92
0,1,11:01:48,4,-1,-1,AA6957,0,1,80
1,2,11:04:40,4,-1,2,AA6957,0,1,60
2,3,11:06:21,4,-1,2,AA6957,0,1,30
3,4,11:08:44,4,-1,1,AA6957,0,1,91
4,5,11:12:27,4,-1,1,AA6957,0,1,141
5,6,11:13:48,4,-1,1,AA6957,0,1,20
6,7,11:22:58,4,-1,2,AA6957,0,1,509
7,8,11:25:44,4,-1,2,AA6957,0,1,155
8,9,11:28:15,4,-1,1,AA6957,0,1,54
9,10,11:29:18,4,-1,1,AA6957,0,1,20
10,11,11:32:13,4,-1,1,AA6957,0,1,61
11,12,11:33:14,4,-1,1,AA6957,0,1,30
12,14,11:36:37,4,-1,1,AA6957,1,1,161
14,15,11:38:08,4,-1,-1,AA6957,0,1,50
15,16,11:39:59,4,-1,1,AA6957,0,1,60
16,17,11:47:06,4,-1,1,AA6957,0,1,386
17,18,11:48:17,4,-1,1,AA6957,0,1,30
18,19,11:53:32,4,-1,3,AA6957,0,1,274
19,20,11:57:35,4,-1,1,AA6957,0,2,151
20,21,12:00:17,4,-1,1,AA6957,0,2,151
21,22,12:02:49,4,-1,-1,AA6957,0,2,80
0,1,12:16:17,4,-1,-1,AA6957,0,2,40
1,2,12:19:39,4,-1,2,AA6957,0,2,60
2,3,12:21:33,4,-1,2,AA6957,0,2,93
3,4,12:23:14,4,-1,1,AA6957,0,2,40
4,5,12:26:37,4,-1,1,AA6957,0,2,141
5,6,12:27:48,4,-1,1,AA6957,0,2,20
6,7,12:36:35,4,-1,1,AA6957,0,2,475
7,8,12:38:56,4,-1,2,AA6957,0,2,121
8,9,12:40:07,4,-1,1,AA6957,0,2,40
9,10,12:40:58,4,-1,1,AA6957,0,2,30
10,11,12:44:43,4,-1,1,AA6957,0,2,144
11,12,12:45:44,4,-1,1,AA6957,0,2,50
12,13,12:47:56,4,-1,1,AA6957,0,2,91
13,14,12:49:17,4,-1,2,AA6957,0,2,40
14,15,12:51:39,4,-1,-1,AA6957,0,2,50
15,16,12:54:00,4,-1,-1,AA6957,0,2,91
16,17,13:01:08,4,-1,1,AA6957,0,2,395
17,18,13:02:49,4,-1,1,AA6957,0,2,30
18,19,13:07:45,4,-1,2,AA6957,0,2,245
19,22,13:16:34,4,-1,-1,AA6957,2,2,416
0,1,11:29:18,4,-1,-1,AA7149,0,1,73
1,2,11:31:53,4,-1,3,AA7149,0,1,144
2,3,11:33:55,4,-1,2,AA7149,0,1,40
3,4,11:36:47,4,-1,1,AA7149,0,1,91
4,5,11:40:19,4,-1,1,AA7149,0,1,131
5,6,11:41:31,4,-1,1,AA7149,0,1,21
6,7,11:50:28,4,-1,1,AA7149,0,1,486
7,8,11:52:42,4,-1,2,AA7149,0,1,122
8,9,11:54:43,4,-1,1,AA7149,0,2,60
9,10,11:55:44,4,-1,1,AA7149,0,2,10
10,11,11:58:06,4,-1,1,AA7149,0,2,30
11,12,11:59:27,4,-1,1,AA7149,0,2,20
12,13,12:01:48,4,-1,1,AA7149,0,2,80
13,14,12:03:09,4,-1,1,AA7149,0,2,40
14,15,12:05:02,4,-1,-1,AA7149,0,2,42
15,16,12:07:26,4,-1,1,AA7149,0,2,111
16,17,12:14:36,4,-1,1,AA7149,0,2,369
17,18,12:15:47,4,-1,1,AA7149,0,2,30
18,19,12:20:20,4,-1,2,AA7149,0,2,232
19,20,12:23:14,4,-1,1,AA7149,0,2,101
20,21,12:26:47,4,-1,1,AA7149,0,2,131
21,22,12:29:50,4,-1,-1,AA7149,0,2,111
0,1,12:43:43,4,-1,-1,AA7149,0,2,63
1,2,12:46:14,4,-1,2,AA7149,0,2,70
2,3,12:48:26,4,-1,2,AA7149,0,2,40
3,4,12:50:58,4,-1,-1,AA7149,0,2,70
4,5,12:54:21,4,-1,-1,AA7149,0,2,141
5,6,12:55:44,4,-1,1,AA7149,0,2,20
6,7,13:04:33,4,-1,1,AA7149,0,2,467
7,8,13:07:05,4,-1,2,AA7149,0,2,122
8,9,13:08:36,4,-1,1,AA7149,0,2,50
9,10,13:09:27,4,-1,1,AA7149,0,2,30
10,11,13:12:29,4,-1,1,AA7149,0,2,171
11,12,13:13:20,4,-1,1,AA7149,0,2,20
12,13,13:15:13,4,-1,1,AA7149,0,2,80
13,14,13:16:24,4,-1,1,AA7149,0,2,30
14,15,13:18:56,4,-1,-1,AA7149,0,2,30
15,16,13:21:17,4,-1,1,AA7149,0,2,101
16,17,13:27:55,4,-1,1,AA7149,0,1,367
17,18,13:28:57,4,-1,1,AA7149,0,1,30
18,19,13:33:34,4,-1,2,AA7149,0,1,236
19,20,13:37:08,4,-1,1,AA7149,0,1,143
20,21,13:39:10,4,-1,1,AA7149,0,1,111
21,22,13:41:55,4,-1,-1,AA7149,0,1,101
0,1,13:56:47,4,-1,-1,AA7149,0,1,101
1,2,13:59:50,4,-1,2,AA7149,0,1,151
2,3,14:01:44,4,-1,2,AA7149,0,1,60
3,4,14:04:26,4,-1,1,AA7149,0,1,60
4,5,14:07:58,4,-1,1,AA7149,0,1,151
5,6,14:09:29,4,-1,1,AA7149,0,1,30
6,7,14:18:29,4,-1,1,AA7149,0,1,488
7,9,14:22:06,4,-1,1,AA7149,1,1,206
9,10,14:23:07,4,-1,1,AA7149,0,1,20
10,11,14:26:59,4,-1,1,AA7149,0,1,212
11,12,14:28:00,4,-1,1,AA7149,0,1,20
12,13,14:29:55,4,-1,1,AA7149,0,1,80
13,14,14:31:06,4,-1,-1,AA7149,0,1,40
14,15,14:32:47,4,-1,-1,AA7149,0,1,70
15,16,14:35:49,4,-1,1,AA7149,0,1,161
16,17,14:44:47,4,-1,1,AA7149,0,1,477
17,18,14:45:58,4,-1,1,AA7149,0,1,20
18,19,14:51:16,4,-1,2,AA7149,0,1,277
19,20,14:54:09,4,-1,1,AA7149,0,1,91
20,21,14:56:35,4,-1,1,AA7149,0,1,126
21,22,14:59:07,4,-1,-1,AA7149,0,1,91
0,1,7:52:19,4,-1,-1,AA7195,0,1,101
1,2,7:54:32,4,-1,-1,AA7195,0,1,52
2,3,7:59:57,4,-1,3,AA7195,0,1,304
3,4,8:03:33,4,-1,1,AA7195,0,1,164
4,5,8:08:06,4,-1,1,AA7195,0,1,161
5,6,8:10:28,4,-1,1,AA7195,0,1,30
6,7,8:21:18,4,-1,2,AA7195,0,1,579
7,8,8:23:10,4,-1,2,AA7195,0,1,40
8,9,8:24:45,4,-1,1,AA7195,0,1,85
9,10,8:25:56,4,-1,1,AA7195,0,1,30
10,11,8:27:47,4,-1,1,AA7195,0,1,70
11,12,8:28:38,4,-1,1,AA7195,0,1,30
12,13,8:32:21,4,-1,2,AA7195,0,1,162
13,14,8:33:35,4,-1,2,AA7195,0,1,40
14,15,8:35:36,4,-1,-1,AA7195,0,1,60
15,16,8:40:10,4,-1,1,AA7195,0,1,243
16,17,8:47:18,4,-1,1,AA7195,0,1,385
17,18,8:49:30,4,-1,1,AA7195,0,1,71
18,19,8:54:05,4,-1,3,AA7195,0,1,244
19,20,8:59:09,4,-1,2,AA7195,0,1,263
20,21,9:02:44,4,-1,1,AA7195,0,1,204
21,22,9:05:56,4,-1,-1,AA7195,0,1,172
0,2,9:14:39,4,-1,2,AA7195,1,1,216
2,3,9:17:33,4,-1,3,AA7195,0,1,153
3,4,9:20:15,4,-1,1,AA7195,0,1,111
4,5,9:24:08,4,-1,1,AA7195,0,1,141
5,6,9:25:29,4,-1,1,AA7195,0,1,20
6,8,9:38:04,4,-1,2,AA7195,1,1,664
8,9,9:39:46,4,-1,1,AA7195,0,1,81
9,10,9:40:37,4,-1,1,AA7195,0,1,20
10,11,9:43:19,4,-1,1,AA7195,0,1,101
11,12,9:44:19,4,-1,1,AA7195,0,1,20
12,13,9:46:13,4,-1,1,AA7195,0,1,83
13,14,9:47:24,4,-1,1,AA7195,0,1,30
14,15,9:49:15,4,-1,-1,AA7195,0,1,40
15,16,9:51:27,4,-1,1,AA7195,0,1,121
16,17,9:59:05,4,-1,1,AA7195,0,1,417
17,18,10:00:25,4,-1,1,AA7195,0,1,40
18,19,10:05:00,4,-1,2,AA7195,0,1,243
19,20,10:09:14,4,-1,1,AA7195,0,1,152
20,21,10:12:16,4,-1,1,AA7195,0,1,141
21,22,10:14:07,4,-1,-1,AA7195,0,1,91
0,1,10:32:16,4,-1,-1,AA7195,0,1,101
1,2,10:34:18,4,-1,3,AA7195,0,1,101
2,3,10:38:02,4,-1,2,AA7195,0,1,163
3,4,10:40:34,4,-1,1,AA7195,0,1,60
4,5,10:44:18,4,-1,1,AA7195,0,1,132
5,6,10:45:28,4,-1,1,AA7195,0,1,30
6,7,10:54:28,4,-1,2,AA7195,0,1,498
7,8,10:56:44,4,-1,1,AA7195,0,1,126
8,9,10:58:35,4,-1,1,AA7195,0,1,101
9,10,10:59:16,4,-1,1,AA7195,0,1,30
10,11,11:01:27,4,-1,1,AA7195,0,1,90
11,12,11:02:48,4,-1,1,AA7195,0,1,30
12,13,11:04:40,4,-1,1,AA7195,0,1,80
13,14,11:06:01,4,-1,1,AA7195,0,1,40
14,15,11:07:13,4,-1,-1,AA7195,0,1,30
15,16,11:09:25,4,-1,1,AA7195,0,1,101
16,17,11:16:53,4,-1,1,AA7195,0,1,367
17,18,11:18:04,4,-1,1,AA7195,0,1,30
18,19,11:22:58,4,-1,2,AA7195,0,1,233
19,21,11:31:33,4,-1,1,AA7195,1,1,443
21,22,11:33:55,4,-1,-1,AA7195,0,1,101
0,1,11:43:34,4,-1,-1,AA7195,0,1,102
1,2,11:45:45,4,-1,2,AA7195,0,1,121
2,3,11:48:07,4,-1,2,AA7195,0,1,90
3,4,11:50:28,4,-1,1,AA7195,0,1,90
4,5,11:54:33,4,-1,1,AA7195,0,2,153
5,6,11:55:44,4,-1,1,AA7195,0,2,20
6,7,12:05:12,4,-1,1,AA7195,0,2,497
7,8,12:07:46,4,-1,2,AA7195,0,2,121
8,9,12:09:37,4,-1,1,AA7195,0,2,70
9,10,12:10:53,4,-1,1,AA7195,0,2,35
10,11,12:14:16,4,-1,1,AA7195,0,2,111
11,12,12:15:26,4,-1,1,AA7195,0,2,30
12,13,12:17:48,4,-1,1,AA7195,0,2,70
13,14,12:18:59,4,-1,1,AA7195,0,2,40
14,15,12:21:33,4,-1,-1,AA7195,0,2,33
15,16,12:24:06,4,-1,1,AA7195,0,2,131
16,17,12:31:05,4,-1,1,AA7195,0,2,409
17,18,12:32:26,4,-1,1,AA7195,0,2,30
18,19,12:37:46,4,-1,2,AA7195,0,2,279
19,20,12:42:09,4,-1,1,AA7195,0,2,161
20,21,12:45:04,4,-1,1,AA7195,0,2,154
21,22,12:46:35,4,-1,-1,AA7195,0,2,60
2,3,15:46:18,4,-1,3,AA7195,0,1,71
3,4,15:48:10,4,-1,1,AA7195,0,1,30
4,5,15:52:06,4,-1,1,AA7195,0,1,151
5,6,15:53:27,4,-1,1,AA7195,0,1,30
6,7,16:02:19,4,-1,1,AA7195,0,1,480
7,8,16:04:10,4,-1,2,AA7195,0,1,101
8,9,16:06:03,4,-1,1,AA7195,0,1,50
9,10,16:07:03,4,-1,1,AA7195,0,1,30
10,11,16:09:15,4,-1,1,AA7195,0,1,60
11,12,16:09:56,4,-1,1,AA7195,0,1,20
12,13,16:11:37,4,-1,1,AA7195,0,1,81
13,14,16:12:58,4,-1,1,AA7195,0,1,60
14,15,16:14:53,4,-1,-1,AA7195,0,1,43
15,16,16:18:16,4,-1,1,AA7195,0,1,182
16,17,16:32:48,4,-1,2,AA7195,0,1,821
17,18,16:33:28,4,-1,1,AA7195,0,1,30
18,19,16:38:54,4,-1,2,AA7195,0,1,274
19,20,16:42:27,4,-1,1,AA7195,0,1,71
20,21,16:44:38,4,-1,1,AA7195,0,1,121
21,22,16:46:50,4,-1,-1,AA7195,0,1,111
0,1,16:55:09,4,-1,-1,AA7195,0,1,81
1,2,16:57:03,4,-1,2,AA7195,0,1,80
2,3,16:59:55,4,-1,2,AA7195,0,1,111
3,4,17:02:47,4,-1,1,AA7195,0,1,111
4,5,17:06:09,4,-1,1,AA7195,0,1,141
5,6,17:07:20,4,-1,1,AA7195,0,1,30
6,7,17:16:49,4,-1,1,AA7195,0,1,537
7,8,17:18:53,4,-1,2,AA7195,0,1,104
8,9,17:20:25,4,-1,1,AA7195,0,1,80
9,10,17:21:16,4,-1,1,AA7195,0,1,30
10,11,17:24:59,4,-1,1,AA7195,0,1,182
11,12,17:25:49,4,-1,1,AA7195,0,1,30
12,13,17:27:35,4,-1,1,AA7195,0,1,74
13,14,17:29:57,4,-1,2,AA7195,0,1,102
14,15,17:32:09,4,-1,-1,AA7195,0,1,60
15,16,17:35:21,4,-1,1,AA7195,0,1,172
16,17,17:46:34,4,-1,2,AA7195,0,1,641
17,18,17:47:45,4,-1,1,AA7195,0,1,30
18,19,17:54:29,4,-1,3,AA7195,0,1,353
19,20,18:00:17,4,-1,1,AA7195,0,1,317
20,21,18:04:10,4,-1,1,AA7195,0,1,222
21,22,18:07:26,4,-1,-1,AA7195,0,1,151
0,1,18:14:05,4,-1,-1,AA7195,0,1,95
1,2,18:15:05,4,-1,3,AA7195,0,1,40
2,3,18:19:09,4,-1,3,AA7195,0,1,192
3,4,18:21:55,4,-1,1,AA7195,0,1,105
4,5,18:26:09,4,-1,2,AA7195,0,1,162
5,6,18:27:20,4,-1,1,AA7195,0,1,30
6,7,18:40:36,4,-1,2,AA7195,0,1,742
7,8,18:42:38,4,-1,2,AA7195,0,1,111
8,9,18:45:10,4,-1,1,AA7195,0,1,70
9,10,18:46:00,4,-1,1,AA7195,0,1,30
10,11,18:48:54,4,-1,1,AA7195,0,1,80
11,12,18:50:25,4,-1,2,AA7195,0,1,50
12,13,18:53:47,4,-1,2,AA7195,0,1,131
13,14,18:56:19,4,-1,3,AA7195,0,1,121
14,15,18:58:53,4,-1,-1,AA7195,0,1,60
15,16,19:01:55,4,-1,1,AA7195,0,1,171
16,17,19:08:33,4,-1,1,AA7195,0,1,367
17,18,19:09:34,4,-1,1,AA7195,0,1,30
18,19,19:14:07,4,-1,3,AA7195,0,1,222
19,20,19:18:41,4,-1,2,AA7195,0,1,193
20,21,19:21:04,4,-1,1,AA7195,0,1,132
21,22,19:24:06,4,-1,-1,AA7195,0,1,101
0,1,19:36:28,4,-1,-1,AA7195,0,1,50
1,2,19:38:19,4,-1,2,AA7195,0,1,40
2,3,19:41:13,4,-1,2,AA7195,0,1,133
3,4,19:43:34,4,-1,1,AA7195,0,1,121
4,5,19:46:58,4,-1,1,AA7195,0,1,193
5,6,19:48:49,4,-1,1,AA7195,0,1,40
6,7,19:57:48,4,-1,1,AA7195,0,1,508
7,8,19:58:58,4,-1,2,AA7195,0,1,60
8,9,20:00:02,4,-1,1,AA7195,0,1,30
9,10,20:00:53,4,-1,1,AA7195,0,1,20
10,11,20:03:05,4,-1,1,AA7195,0,1,71
11,12,20:04:06,4,-1,1,AA7195,0,1,30
12,13,20:05:47,4,-1,1,AA7195,0,1,60
13,14,20:07:28,4,-1,2,AA7195,0,1,60
14,15,20:09:29,4,-1,-1,AA7195,0,1,30
15,16,20:11:32,4,-1,1,AA7195,0,1,102
16,17,20:18:59,4,-1,1,AA7195,0,1,436
17,18,20:20:10,4,-1,1,AA7195,0,1,20
18,19,20:24:57,4,-1,2,AA7195,0,1,234
19,20,20:27:59,4,-1,1,AA7195,0,1,131
20,21,20:29:50,4,-1,1,AA7195,0,1,101
21,22,20:31:53,4,-1,-1,AA7195,0,1,92
16,17,0:04:57,4,-1,-1,AA7242,0,1,372
17,18,0:05:57,4,-1,1,AA7242,0,1,30
18,19,0:10:24,4,-1,2,AA7242,0,1,206
19,20,0:12:26,4,-1,1,AA7242,0,1,111
20,21,0:14:07,4,-1,1,AA7242,0,1,91
21,22,0:16:18,4,-1,-1,AA7242,0,1,101
0,1,0:33:13,4,-1,-1,AA7242,0,1,60
1,2,0:34:44,4,-1,1,AA7242,0,1,60
2,3,0:36:25,4,-1,1,AA7242,0,1,40
3,4,0:38:47,4,-1,1,AA7242,0,1,91
4,5,0:41:09,4,-1,1,AA7242,0,1,131
5,6,0:42:09,4,-1,1,AA7242,0,1,20
6,7,0:50:08,4,-1,1,AA7242,0,1,456
7,8,0:51:49,4,-1,-1,AA7242,0,1,91
8,9,0:52:41,4,-1,1,AA7242,0,1,31
9,10,0:53:21,4,-1,1,AA7242,0,1,30
10,11,0:55:34,4,-1,1,AA7242,0,1,82
11,12,0:56:05,4,-1,1,AA7242,0,1,20
12,13,0:57:26,4,-1,1,AA7242,0,1,50
13,14,0:58:16,4,-1,1,AA7242,0,1,40
14,15,0:59:37,4,-1,-1,AA7242,0,1,20
15,16,1:01:18,4,-1,1,AA7242,0,1,60
16,17,1:07:36,4,-1,1,AA7242,0,1,347
17,18,1:08:37,4,-1,1,AA7242,0,1,20
18,19,1:13:12,4,-1,2,AA7242,0,1,224
19,20,1:15:44,4,-1,1,AA7242,0,1,111
20,21,1:16:55,4,-1,1,AA7242,0,1,60
21,22,1:18:36,4,-1,-1,AA7242,0,1,90
0,1,6:31:35,4,-1,-1,AA7242,0,1,20
1,2,6:33:07,4,-1,1,AA7242,0,1,30
2,3,6:34:48,4,-1,2,AA7242,0,1,40
3,4,6:36:59,4,-1,1,AA7242,0,1,91
4,5,6:41:04,4,-1,1,AA7242,0,1,151
5,6,6:42:56,4,-1,1,AA7242,0,1,30
6,7,6:51:13,4,-1,1,AA7242,0,1,446
7,8,6:54:06,4,-1,2,AA7242,0,1,131
8,9,6:55:27,4,-1,1,AA7242,0,1,40
9,10,6:56:38,4,-1,1,AA7242,0,1,30
10,12,6:58:29,4,-1,1,AA7242,1,1,80
12,13,6:59:53,4,-1,1,AA7242,0,1,53
13,14,7:01:04,4,-1,1,AA7242,0,1,40
14,15,7:02:15,4,-1,-1,AA7242,0,1,30
15,16,7:04:47,4,-1,1,AA7242,0,1,111
16,17,7:11:34,4,-1,1,AA7242,0,1,367
17,18,7:12:35,4,-1,1,AA7242,0,1,20
18,19,7:16:38,4,-1,2,AA7242,0,1,192
19,20,7:19:31,4,-1,1,AA7242,0,1,81
20,21,7:21:46,4,-1,1,AA7242,0,1,84
21,22,7:24:07,4,-1,-1,AA7242,0,1,91
0,1,7:34:51,4,-1,-1,AA7242,0,1,51
1,2,7:36:33,4,-1,2,AA7242,0,1,40
2,3,7:39:45,4,-1,2,AA7242,0,1,101
3,4,7:42:48,4,-1,1,AA7242,0,1,91
4,5,7:48:16,4,-1,1,AA7242,0,1,176
5,6,7:49:47,4,-1,1,AA7242,0,1,10
6,7,7:58:47,4,-1,1,AA7242,0,1,489
7,8,8:01:09,4,-1,1,AA7242,0,1,132
8,9,8:02:30,4,-1,1,AA7242,0,1,60
9,10,8:03:43,4,-1,1,AA7242,0,1,32
10,11,8:05:04,4,-1,1,AA7242,0,1,50
11,12,8:06:15,4,-1,1,AA7242,0,1,30
12,13,8:07:36,4,-1,1,AA7242,0,1,50
13,14,8:08:57,4,-1,1,AA7242,0,1,40
14,15,8:11:49,4,-1,-1,AA7242,0,1,60
15,16,8:14:43,4,-1,1,AA7242,0,1,144
16,17,8:21:28,4,-1,1,AA7242,0,1,364
17,18,8:22:29,4,-1,1,AA7242,0,1,30
18,19,8:26:26,4,-1,3,AA7242,0,1,196
19,20,8:29:49,4,-1,2,AA7242,0,1,121
20,21,8:33:45,4,-1,1,AA7242,0,1,185
21,22,8:36:17,4,-1,-1,AA7242,0,1,111
0,1,8:49:10,4,-1,-1,AA7242,0,1,691
1,2,8:50:41,4,-1,3,AA7242,0,1,40
2,3,8:53:45,4,-1,3,AA7242,0,1,162
3,4,8:54:56,4,-1,1,AA7242,0,1,20
4,5,8:58:59,4,-1,1,AA7242,0,1,131
5,6,9:00:31,4,-1,1,AA7242,0,1,41
6,7,9:09:19,4,-1,2,AA7242,0,1,487
7,8,9:11:33,4,-1,2,AA7242,0,1,113
8,9,9:13:04,4,-1,1,AA7242,0,1,60
9,10,9:14:15,4,-1,1,AA7242,0,1,30
10,11,9:16:52,4,-1,1,AA7242,0,1,112
11,12,9:17:43,4,-1,2,AA7242,0,1,30
12,13,9:20:15,4,-1,1,AA7242,0,1,111
13,14,9:21:16,4,-1,1,AA7242,0,1,40
14,15,9:22:47,4,-1,-1,AA7242,0,1,30
15,16,9:25:08,4,-1,1,AA7242,0,1,111
16,17,9:32:26,4,-1,1,AA7242,0,1,377
17,18,9:33:27,4,-1,1,AA7242,0,1,20
18,19,9:37:54,4,-1,3,AA7242,0,1,216
19,20,9:41:38,4,-1,1,AA7242,0,1,172
20,21,9:43:29,4,-1,1,AA7242,0,1,101
21,22,9:45:33,4,-1,-1,AA7242,0,1,93
0,1,10:08:23,4,-1,-1,AA7242,0,1,517
1,2,10:10:24,4,-1,2,AA7242,0,1,101
2,3,10:13:47,4,-1,2,AA7242,0,1,161
3,4,10:16:29,4,-1,1,AA7242,0,1,131
4,5,10:20:14,4,-1,1,AA7242,0,1,134
5,6,10:22:16,4,-1,1,AA7242,0,1,20
6,7,10:32:27,4,-1,2,AA7242,0,1,540
7,8,10:34:18,4,-1,2,AA7242,0,1,101
8,9,10:35:49,4,-1,1,AA7242,0,1,70
9,10,10:36:49,4,-1,1,AA7242,0,1,40
10,11,10:39:03,4,-1,1,AA7242,0,1,123
11,12,10:39:53,4,-1,1,AA7242,0,1,20
12,13,10:41:14,4,-1,1,AA7242,0,1,50
13,14,10:42:05,4,-1,1,AA7242,0,1,40
14,15,10:43:27,4,-1,-1,AA7242,0,1,30
15,16,10:45:59,4,-1,1,AA7242,0,1,91
16,17,10:53:16,4,-1,1,AA7242,0,1,376
17,18,10:54:18,4,-1,1,AA7242,0,1,30
18,19,10:58:55,4,-1,2,AA7242,0,1,237
19,20,11:01:27,4,-1,1,AA7242,0,1,131
20,21,11:04:50,4,-1,1,AA7242,0,1,182
21,22,11:07:03,4,-1,-1,AA7242,0,1,93
0,1,11:51:50,4,-1,-1,AA7242,0,1,2412
1,2,11:54:03,4,-1,2,AA7242,0,1,60
2,3,11:56:04,4,-1,2,AA7242,0,2,50
3,4,11:58:46,4,-1,1,AA7242,0,2,101
4,5,12:02:18,4,-1,1,AA7242,0,2,131
5,6,12:03:39,4,-1,1,AA7242,0,2,20
6,7,12:12:24,4,-1,1,AA7242,0,2,472
7,8,12:14:46,4,-1,2,AA7242,0,2,131
8,9,12:16:27,4,-1,1,AA7242,0,2,50
9,10,12:17:08,4,-1,1,AA7242,0,2,30
10,11,12:20:00,4,-1,1,AA7242,0,2,90
11,12,12:21:10,4,-1,1,AA7242,0,2,20
12,14,12:23:55,4,-1,1,AA7242,1,2,131
14,15,12:25:37,4,-1,-1,AA7242,0,2,40
15,16,12:28:09,4,-1,1,AA7242,0,2,121
16,17,12:34:59,4,-1,1,AA7242,0,2,369
17,18,12:36:09,4,-1,1,AA7242,0,2,20
18,19,12:41:18,4,-1,2,AA7242,0,2,263
19,20,12:45:54,4,-1,1,AA7242,0,2,194
20,21,12:49:17,4,-1,1,AA7242,0,2,192
21,22,12:51:39,4,-1,-1,AA7242,0,2,101
0,1,13:06:14,4,-1,-1,AA7242,0,2,794
1,2,13:08:26,4,-1,3,AA7242,0,2,80
2,3,13:10:38,4,-1,3,AA7242,0,2,50
3,4,13:12:49,4,-1,1,AA7242,0,2,50
4,5,13:16:34,4,-1,1,AA7242,0,2,121
5,6,13:18:25,4,-1,1,AA7242,0,2,30
6,7,13:26:54,4,-1,1,AA7242,0,1,468
7,8,13:29:07,4,-1,2,AA7242,0,1,112
8,9,13:30:48,4,-1,1,AA7242,0,1,80
9,10,13:31:59,4,-1,1,AA7242,0,1,40
10,11,13:34:55,4,-1,1,AA7242,0,1,156
11,12,13:36:07,4,-1,1,AA7242,0,1,30
12,13,13:38:49,4,-1,1,AA7242,0,1,131
13,14,13:39:33,4,-1,1,AA7242,0,1,33
14,15,13:41:35,4,-1,-1,AA7242,0,1,30
15,16,13:44:37,4,-1,1,AA7242,0,1,151
16,17,13:51:44,4,-1,1,AA7242,0,1,376
17,18,13:52:44,4,-1,1,AA7242,0,1,20
18,19,13:57:38,4,-1,2,AA7242,0,1,253
19,20,14:01:13,4,-1,1,AA7242,0,1,154
20,21,14:04:46,4,-1,1,AA7242,0,1,202
21,22,14:06:47,4,-1,-1,AA7242,0,1,80
0,1,14:17:48,4,-1,-1,AA7242,0,1,559
1,2,14:19:09,4,-1,3,AA7242,0,1,10
2,3,14:21:56,4,-1,3,AA7242,0,1,80
3,4,14:25:58,4,-1,1,AA7242,0,1,151
4,5,14:29:45,4,-1,1,AA7242,0,1,145
5,6,14:31:16,4,-1,-1,AA7242,0,1,30
6,7,14:40:54,4,-1,1,AA7242,0,1,537
7,8,14:43:26,4,-1,2,AA7242,0,1,121
8,9,14:44:47,4,-1,1,AA7242,0,1,50
9,10,14:45:48,4,-1,1,AA7242,0,1,30
10,11,14:49:15,4,-1,1,AA7242,0,1,186
11,12,14:50:16,4,-1,1,AA7242,0,1,30
12,13,14:53:38,4,-1,1,AA7242,0,1,111
13,14,14:54:39,4,-1,1,AA7242,0,1,30
14,15,14:56:10,4,-1,-1,AA7242,0,1,40
15,16,14:58:37,4,-1,1,AA7242,0,1,111
16,17,15:06:13,4,-1,1,AA7242,0,1,385
17,18,15:07:14,4,-1,1,AA7242,0,1,20
18,19,15:13:28,4,-1,2,AA7242,0,1,313
19,20,15:16:14,4,-1,2,AA7242,0,1,64
20,21,15:20:08,4,-1,1,AA7242,0,1,162
21,22,15:22:31,4,-1,-1,AA7242,0,1,93
0,1,15:38:32,4,-1,-1,AA7242,0,1,82
1,2,15:39:33,4,-1,3,AA7242,0,1,40
2,3,15:41:34,4,-1,2,AA7242,0,1,60
3,4,15:45:38,4,-1,1,AA7242,0,1,151
4,5,15:49:14,4,-1,2,AA7242,0,1,135
5,6,15:50:45,4,-1,1,AA7242,0,1,20
6,7,15:59:44,4,-1,1,AA7242,0,1,498
7,9,16:03:50,4,-1,1,AA7242,1,1,235
9,10,16:04:32,4,-1,1,AA7242,0,1,31
10,11,16:07:03,4,-1,1,AA7242,0,1,91
11,12,16:08:14,4,-1,1,AA7242,0,1,30
12,13,16:10:06,4,-1,1,AA7242,0,1,81
13,14,16:11:47,4,-1,1,AA7242,0,1,91
14,15,16:13:39,4,-1,-1,AA7242,0,1,40
15,16,16:17:35,4,-1,1,AA7242,0,1,205
16,17,16:32:48,4,-1,2,AA7242,0,1,871
17,18,16:34:09,4,-1,1,AA7242,0,1,40
18,19,16:39:34,4,-1,2,AA7242,0,1,284
19,20,16:48:04,4,-1,1,AA7242,0,1,438
20,21,16:54:08,4,-1,1,AA7242,0,1,323
21,22,16:56:02,4,-1,-1,AA7242,0,1,82
1,2,17:05:08,4,-1,2,AA7242,0,1,70
2,3,17:07:42,4,-1,2,AA7242,0,1,143
3,4,17:10:04,4,-1,1,AA7242,0,1,90
4,5,17:13:27,4,-1,1,AA7242,0,1,161
5,6,17:14:48,4,-1,1,AA7242,0,1,30
6,7,17:24:18,4,-1,1,AA7242,0,1,530
7,8,17:25:49,4,-1,2,AA7242,0,1,80
8,9,17:27:45,4,-1,1,AA7242,0,1,64
9,10,17:28:55,4,-1,1,AA7242,0,1,30
10,11,17:32:39,4,-1,1,AA7242,0,1,193
11,12,17:33:40,4,-1,1,AA7242,0,1,30
12,13,17:35:32,4,-1,1,AA7242,0,1,72
13,14,17:37:14,4,-1,2,AA7242,0,1,60
14,15,17:38:55,4,-1,-1,AA7242,0,1,50
15,16,17:45:10,4,-1,1,AA7242,0,1,344
16,17,17:54:39,4,-1,2,AA7242,0,1,515
17,18,17:55:54,4,-1,1,AA7242,0,1,33
18,19,18:04:20,4,-1,3,AA7242,0,1,455
19,20,18:08:46,4,-1,1,AA7242,0,1,151
20,21,18:11:49,4,-1,1,AA7242,0,1,172
21,22,18:15:57,4,-1,-1,AA7242,0,1,217
0,1,18:44:39,4,-1,-1,AA7242,0,1,30
1,2,18:47:03,4,-1,2,AA7242,0,1,72
2,3,18:49:55,4,-1,2,AA7242,0,1,111
3,4,18:52:46,4,-1,1,AA7242,0,1,111
4,5,18:56:09,4,-1,2,AA7242,0,1,131
5,6,18:57:33,4,-1,1,AA7242,0,1,12
6,7,19:06:59,4,-1,1,AA7242,0,1,505
7,8,19:08:43,4,-1,2,AA7242,0,1,94
8,9,19:11:05,4,-1,1,AA7242,0,1,101
9,10,19:11:56,4,-1,1,AA7242,0,1,30
10,11,19:16:49,4,-1,1,AA7242,0,1,212
11,12,19:18:10,4,-1,2,AA7242,0,1,30
12,13,19:22:04,4,-1,3,AA7242,0,1,111
13,14,19:24:06,4,-1,3,AA7242,0,1,80
14,15,19:26:47,4,-1,-1,AA7242,0,1,40
15,16,19:28:59,4,-1,1,AA7242,0,1,90
16,17,19:35:47,4,-1,1,AA7242,0,1,367
17,18,19:37:28,4,-1,1,AA7242,0,1,50
18,19,19:43:14,4,-1,3,AA7242,0,1,284
19,20,19:46:28,4,-1,1,AA7242,0,1,153
20,21,19:49:09,4,-1,1,AA7242,0,1,111
21,22,19:51:14,4,-1,-1,AA7242,0,1,90
0,1,20:44:04,4,-1,-1,AA7242,0,1,44
1,2,20:46:05,4,-1,2,AA7242,0,1,60
2,3,20:48:27,4,-1,2,AA7242,0,1,80
3,4,20:49:38,4,-1,1,AA7242,0,1,20
4,5,20:53:10,4,-1,2,AA7242,0,1,121
5,6,20:54:22,4,-1,1,AA7242,0,1,20
6,7,21:05:09,4,-1,1,AA7242,0,1,596
7,8,21:07:20,4,-1,2,AA7242,0,1,90
8,9,21:08:24,4,-1,1,AA7242,0,1,40
9,10,21:09:25,4,-1,1,AA7242,0,1,30
10,11,21:11:26,4,-1,1,AA7242,0,1,101
11,12,21:12:27,4,-1,1,AA7242,0,1,20
12,13,21:15:09,4,-1,1,AA7242,0,1,90
13,14,21:16:29,4,-1,1,AA7242,0,1,40
14,15,21:18:14,4,-1,-1,AA7242,0,1,30
15,16,21:20:35,4,-1,1,AA7242,0,1,111
16,17,21:27:12,4,-1,1,AA7242,0,1,346
17,18,21:28:24,4,-1,1,AA7242,0,1,30
18,19,21:34:39,4,-1,2,AA7242,0,1,303
19,20,21:37:33,4,-1,1,AA7242,0,1,123
20,21,21:39:45,4,-1,1,AA7242,0,1,90
21,22,21:41:46,4,-1,-1,AA7242,0,1,90
16,17,22:05:06,4,-1,1,AA7242,0,1,466
17,18,22:05:47,4,-1,1,AA7242,0,1,20
18,19,22:09:59,4,-1,2,AA7242,0,1,212
19,20,22:12:35,4,-1,1,AA7242,0,1,113
20,21,22:15:07,4,-1,1,AA7242,0,1,142
21,22,22:16:48,4,-1,-1,AA7242,0,1,90
0,1,22:27:37,4,-1,-1,AA7242,0,1,60
1,2,22:29:38,4,-1,1,AA7242,0,1,70
2,3,22:31:40,4,-1,2,AA7242,0,1,60
3,4,22:33:54,4,-1,1,AA7242,0,1,94
4,5,22:37:47,4,-1,1,AA7242,0,1,141
5,6,22:38:47,4,-1,1,AA7242,0,1,20
6,7,22:47:16,4,-1,1,AA7242,0,1,478
7,8,22:48:58,4,-1,2,AA7242,0,1,91
8,9,22:50:19,4,-1,1,AA7242,0,1,40
9,10,22:51:19,4,-1,1,AA7242,0,1,30
10,11,22:53:34,4,-1,1,AA7242,0,1,60
11,12,22:54:25,4,-1,1,AA7242,0,1,30
12,13,22:55:57,4,-1,1,AA7242,0,1,60
13,14,22:57:18,4,-1,1,AA7242,0,1,40
14,15,22:58:49,4,-1,-1,AA7242,0,1,30
15,16,23:01:33,4,-1,1,AA7242,0,1,124
16,17,23:07:58,4,-1,1,AA7242,0,1,363
17,18,23:08:48,4,-1,1,AA7242,0,1,20
18,19,23:13:14,4,-1,2,AA7242,0,1,195
19,20,23:15:56,4,-1,1,AA7242,0,1,111
20,21,23:17:47,4,-1,1,AA7242,0,1,101
21,22,23:19:48,4,-1,-1,AA7242,0,1,80
0,1,23:43:29,4,-1,-1,AA7242,0,1,90
1,2,23:44:41,4,-1,1,AA7242,0,1,51
2,3,23:46:53,4,-1,1,AA7242,0,1,70
3,4,23:48:34,4,-1,1,AA7242,0,1,60
4,5,23:51:16,4,-1,1,AA7242,0,1,121
5,6,23:52:07,4,-1,1,AA7242,0,1,10
0,1,10:19:33,4,-1,-1,AA7341,0,1,93
1,2,10:22:16,4,-1,3,AA7341,0,1,81
2,3,10:24:07,4,-1,2,AA7341,0,1,101
3,4,10:26:39,4,-1,1,AA7341,0,1,80
4,5,10:30:25,4,-1,1,AA7341,0,1,145
5,6,10:31:36,4,-1,1,AA7341,0,1,30
6,7,10:39:53,4,-1,1,AA7341,0,1,467
7,8,10:41:14,4,-1,1,AA7341,0,1,70
8,9,10:43:07,4,-1,1,AA7341,0,1,71
9,10,10:43:47,4,-1,1,AA7341,0,1,20
10,11,10:46:39,4,-1,1,AA7341,0,1,121
11,12,10:47:42,4,-1,1,AA7341,0,1,32
12,13,10:48:53,4,-1,1,AA7341,0,1,50
13,14,10:49:44,4,-1,1,AA7341,0,1,40
14,15,10:51:25,4,-1,-1,AA7341,0,1,50
15,16,10:54:07,4,-1,1,AA7341,0,1,141
16,17,11:01:48,4,-1,1,AA7341,0,1,429
17,18,11:02:58,4,-1,1,AA7341,0,1,30
18,19,11:08:14,4,-1,2,AA7341,0,1,285
19,20,11:11:27,4,-1,1,AA7341,0,1,131
20,21,11:14:39,4,-1,1,AA7341,0,1,181
21,22,11:16:43,4,-1,-1,AA7341,0,1,94
0,1,12:11:44,4,-1,-1,AA7341,0,2,60
1,2,12:14:06,4,-1,3,AA7341,0,2,91
2,3,12:15:57,4,-1,3,AA7341,0,2,91
3,4,12:18:39,4,-1,1,AA7341,0,2,80
4,5,12:22:14,4,-1,1,AA7341,0,2,144
5,6,12:23:35,4,-1,1,AA7341,0,2,30
6,7,12:32:16,4,-1,1,AA7341,0,2,490
7,8,12:34:38,4,-1,2,AA7341,0,2,101
8,9,12:36:09,4,-1,1,AA7341,0,2,60
9,10,12:36:55,4,-1,1,AA7341,0,2,35
10,11,12:38:46,4,-1,1,AA7341,0,2,70
11,12,12:39:47,4,-1,1,AA7341,0,2,20
12,13,12:41:18,4,-1,1,AA7341,0,2,60
13,14,12:42:29,4,-1,2,AA7341,0,2,40
14,15,12:44:23,4,-1,-1,AA7341,0,2,40
15,16,12:46:14,4,-1,1,AA7341,0,2,91
16,17,12:53:10,4,-1,-1,AA7341,0,2,374
17,18,12:54:33,4,-1,-1,AA7341,0,2,42
18,19,12:59:27,4,-1,2,AA7341,0,2,232
19,22,13:06:55,4,-1,-1,AA7341,2,2,407
0,1,13:26:14,4,-1,-1,AA7341,0,1,74
1,2,13:28:26,4,-1,2,AA7341,0,1,71
2,3,13:30:28,4,-1,2,AA7341,0,1,60
3,4,13:32:49,4,-1,1,AA7341,0,1,70
4,5,13:36:07,4,-1,1,AA7341,0,1,122
5,6,13:37:49,4,-1,1,AA7341,0,1,40
6,7,13:45:38,4,-1,1,AA7341,0,1,438
7,8,13:48:19,4,-1,1,AA7341,0,1,121
8,9,13:49:51,4,-1,1,AA7341,0,1,50
9,10,13:50:32,4,-1,1,AA7341,0,1,31
10,11,13:52:04,4,-1,1,AA7341,0,1,61
11,12,13:52:55,4,-1,1,AA7341,0,1,20
12,13,13:55:06,4,-1,2,AA7341,0,1,101
13,14,13:56:07,4,-1,1,AA7341,0,1,30
14,15,13:57:28,4,-1,-1,AA7341,0,1,30
15,16,14:00:00,4,-1,1,AA7341,0,1,70
16,17,14:07:18,4,-1,1,AA7341,0,1,394
17,18,14:08:49,4,-1,1,AA7341,0,1,50
18,19,14:13:25,4,-1,2,AA7341,0,1,225
19,20,14:16:38,4,-1,2,AA7341,0,1,182
20,21,14:19:09,4,-1,1,AA7341,0,1,131
21,22,14:22:36,4,-1,-1,AA7341,0,1,156
0,1,6:42:56,4,-1,-1,AA7367,0,1,80
1,2,6:44:07,4,-1,2,AA7367,0,1,20
2,3,6:46:28,4,-1,2,AA7367,0,1,50
3,4,6:48:50,4,-1,1,AA7367,0,1,70
4,5,6:52:15,4,-1,1,AA7367,0,1,142
5,6,6:53:56,4,-1,1,AA7367,0,1,20
6,7,7:02:05,4,-1,1,AA7367,0,1,438
7,8,7:04:16,4,-1,2,AA7367,0,1,121
8,9,7:05:27,4,-1,1,AA7367,0,1,40
9,10,7:06:08,4,-1,1,AA7367,0,1,30
10,11,7:08:19,4,-1,1,AA7367,0,1,80
11,12,7:09:10,4,-1,1,AA7367,0,1,20
12,13,7:10:44,4,-1,1,AA7367,0,1,50
13,14,7:11:45,4,-1,1,AA7367,0,1,30
14,15,7:13:26,4,-1,-1,AA7367,0,1,30
15,16,7:15:07,4,-1,1,AA7367,0,1,70
16,17,7:22:06,4,-1,1,AA7367,0,1,378
17,18,7:23:07,4,-1,1,AA7367,0,1,30
18,19,7:27:00,4,-1,2,AA7367,0,1,202
19,20,7:29:15,4,-1,1,AA7367,0,1,54
20,21,7:31:47,4,-1,1,AA7367,0,1,111
21,22,7:33:39,4,-1,-1,AA7367,0,1,92
0,1,7:42:48,4,-1,-1,AA7367,0,1,101
1,2,7:44:39,4,-1,2,AA7367,0,1,10
2,3,7:48:05,4,-1,3,AA7367,0,1,176
3,4,7:50:37,4,-1,-1,AA7367,0,1,80
4,5,7:54:00,4,-1,-1,AA7367,0,1,131
5,6,7:55:13,4,-1,1,AA7367,0,1,10
6,7,8:04:33,4,-1,1,AA7367,0,1,508
7,8,8:07:05,4,-1,1,AA7367,0,1,111
8,9,8:08:36,4,-1,1,AA7367,0,1,50
9,10,8:09:17,4,-1,1,AA7367,0,1,30
10,11,8:11:08,4,-1,1,AA7367,0,1,80
11,12,8:11:49,4,-1,1,AA7367,0,1,20
12,13,8:13:20,4,-1,1,AA7367,0,1,60
13,14,8:16:45,4,-1,2,AA7367,0,1,165
14,15,8:19:17,4,-1,-1,AA7367,0,1,111
15,16,8:22:29,4,-1,1,AA7367,0,1,131
16,17,8:29:08,4,-1,1,AA7367,0,1,358
17,18,8:30:30,4,-1,1,AA7367,0,1,30
18,19,8:34:56,4,-1,3,AA7367,0,1,215
19,20,8:37:58,4,-1,2,AA7367,0,1,101
20,21,8:40:52,4,-1,1,AA7367,0,1,133
21,22,8:43:46,4,-1,-1,AA7367,0,1,101
0,1,8:58:39,4,-1,-1,AA7367,0,1,30
1,2,8:59:50,4,-1,3,AA7367,0,1,20
2,3,9:03:54,4,-1,3,AA7367,0,1,131
3,4,9:06:36,4,-1,1,AA7367,0,1,70
4,5,9:10:20,4,-1,1,AA7367,0,1,132
5,6,9:12:44,4,-1,1,AA7367,0,1,30
6,7,9:22:47,4,-1,1,AA7367,0,1,562
7,8,9:25:08,4,-1,2,AA7367,0,1,111
8,9,9:26:39,4,-1,1,AA7367,0,1,60
9,10,9:27:33,4,-1,1,AA7367,0,1,22
10,11,9:30:55,4,-1,1,AA7367,0,1,161
11,12,9:31:56,4,-1,1,AA7367,0,1,30
12,13,9:33:17,4,-1,1,AA7367,0,1,60
13,14,9:34:18,4,-1,1,AA7367,0,1,30
14,15,9:35:29,4,-1,-1,AA7367,0,1,30
15,16,9:37:34,4,-1,1,AA7367,0,1,84
16,17,9:44:40,4,-1,1,AA7367,0,1,375
17,18,9:45:33,4,-1,1,AA7367,0,1,23
18,19,9:49:46,4,-1,2,AA7367,0,1,212
19,20,9:53:38,4,-1,2,AA7367,0,1,151
20,21,9:55:32,4,-1,1,AA7367,0,1,83
21,22,9:57:23,4,-1,-1,AA7367,0,1,91
0,1,10:51:55,4,-1,-1,AA7367,0,1,70
1,2,10:53:37,4,-1,2,AA7367,0,1,91
2,3,10:55:33,4,-1,2,AA7367,0,1,55
3,4,10:56:54,4,-1,1,AA7367,0,1,20
4,5,11:00:17,4,-1,1,AA7367,0,1,131
5,6,11:01:17,4,-1,1,AA7367,0,1,30
6,7,11:10:06,4,-1,1,AA7367,0,1,467
7,8,11:12:17,4,-1,2,AA7367,0,1,101
8,9,11:13:38,4,-1,1,AA7367,0,1,30
9,10,11:14:29,4,-1,1,AA7367,0,1,20
10,11,11:16:43,4,-1,1,AA7367,0,1,93
11,12,11:17:24,4,-1,1,AA7367,0,1,20
12,14,11:19:56,4,-1,1,AA7367,1,1,112
14,15,11:21:07,4,-1,-1,AA7367,0,1,30
15,16,11:23:49,4,-1,1,AA7367,0,1,131
16,17,11:30:30,4,-1,1,AA7367,0,1,371
17,18,11:31:22,4,-1,1,AA7367,0,1,30
18,19,11:35:16,4,-1,2,AA7367,0,1,202
19,20,11:37:07,4,-1,1,AA7367,0,1,40
20,21,11:41:00,4,-1,1,AA7367,0,1,222
21,22,11:43:13,4,-1,-1,AA7367,0,1,80
0,1,12:06:14,4,-1,-1,AA7367,0,2,92
1,2,12:08:36,4,-1,3,AA7367,0,2,70
2,3,12:10:08,4,-1,3,AA7367,0,2,81
3,4,12:12:34,4,-1,1,AA7367,0,2,70
4,5,12:16:17,4,-1,1,AA7367,0,2,131
5,6,12:17:18,4,-1,1,AA7367,0,2,20
6,7,12:26:07,4,-1,1,AA7367,0,2,488
7,8,12:27:58,4,-1,2,AA7367,0,2,101
8,9,12:29:30,4,-1,1,AA7367,0,2,50
9,10,12:30:00,4,-1,1,AA7367,0,2,20
10,11,12:31:35,4,-1,1,AA7367,0,2,60
11,12,12:32:36,4,-1,1,AA7367,0,2,30
12,13,12:34:38,4,-1,1,AA7367,0,2,81
13,14,12:36:20,4,-1,1,AA7367,0,2,70
14,15,12:38:16,4,-1,-1,AA7367,0,2,30
15,16,12:40:48,4,-1,1,AA7367,0,2,111
16,17,12:47:45,4,-1,1,AA7367,0,2,387
17,18,12:48:46,4,-1,1,AA7367,0,2,20
18,19,12:52:50,4,-1,-1,AA7367,0,2,222
19,20,12:56:45,4,-1,1,AA7367,0,2,154
20,21,13:00:07,4,-1,1,AA7367,0,2,161
21,22,13:02:19,4,-1,-1,AA7367,0,2,91
0,1,13:15:53,4,-1,-1,AA7367,0,2,91
1,2,13:19:16,4,-1,3,AA7367,0,2,101
2,3,13:21:17,4,-1,2,AA7367,0,2,50
3,4,13:23:39,4,-1,1,AA7367,0,2,90
4,5,13:27:05,4,-1,1,AA7367,0,1,124
5,6,13:28:16,4,-1,1,AA7367,0,1,30
6,7,13:36:38,4,-1,1,AA7367,0,1,461
7,8,13:39:00,4,-1,2,AA7367,0,1,121
8,9,13:40:24,4,-1,1,AA7367,0,1,50
9,10,13:41:14,4,-1,1,AA7367,0,1,30
10,11,13:42:35,4,-1,1,AA7367,0,1,50
11,12,13:43:36,4,-1,1,AA7367,0,1,30
12,13,13:45:58,4,-1,1,AA7367,0,1,111
13,14,13:47:09,4,-1,1,AA7367,0,1,40
14,15,13:48:50,4,-1,-1,AA7367,0,1,30
15,16,13:51:13,4,-1,1,AA7367,0,1,102
16,17,13:58:08,4,-1,1,AA7367,0,1,395
17,18,13:59:29,4,-1,1,AA7367,0,1,40
18,19,14:03:45,4,-1,2,AA7367,0,1,235
19,20,14:06:27,4,-1,1,AA7367,0,1,80
20,21,14:09:29,4,-1,1,AA7367,0,1,161
21,22,14:12:14,4,-1,-1,AA7367,0,1,94
1,2,14:28:20,4,-1,3,AA7367,0,1,161
2,3,14:30:55,4,-1,-1,AA7367,0,1,141
3,4,14:35:08,4,-1,1,AA7367,0,1,111
4,5,14:39:03,4,-1,1,AA7367,0,1,153
5,6,14:40:23,4,-1,1,AA7367,0,1,20
6,7,14:49:45,4,-1,2,AA7367,0,1,521
7,8,14:51:37,4,-1,2,AA7367,0,1,70
8,9,14:54:19,4,-1,1,AA7367,0,1,131
9,10,14:55:19,4,-1,1,AA7367,0,1,30
10,11,14:58:26,4,-1,1,AA7367,0,1,166
11,12,14:59:07,4,-1,2,AA7367,0,1,30
12,13,15:03:20,4,-1,3,AA7367,0,1,141
13,14,15:04:32,4,-1,2,AA7367,0,1,41
14,15,15:06:03,4,-1,-1,AA7367,0,1,30
15,16,15:08:35,4,-1,1,AA7367,0,1,121
16,17,15:16:35,4,-1,1,AA7367,0,1,378
17,18,15:17:56,4,-1,1,AA7367,0,1,30
18,19,15:21:50,4,-1,2,AA7367,0,1,203
19,20,15:23:34,4,-1,2,AA7367,0,1,52
20,21,15:27:19,4,-1,1,AA7367,0,1,184
21,22,15:29:24,4,-1,-1,AA7367,0,1,84
0,1,15:51:26,4,-1,-1,AA7367,0,1,111
1,2,15:53:17,4,-1,2,AA7367,0,1,80
2,3,15:54:48,4,-1,3,AA7367,0,1,70
3,4,15:57:31,4,-1,1,AA7367,0,1,81
4,5,16:00:57,4,-1,1,AA7367,0,1,143
5,6,16:02:29,4,-1,1,AA7367,0,1,30
6,7,16:11:37,4,-1,1,AA7367,0,1,518
7,8,16:13:39,4,-1,1,AA7367,0,1,111
8,9,16:15:14,4,-1,1,AA7367,0,1,53
9,10,16:16:04,4,-1,1,AA7367,0,1,40
10,11,16:18:46,4,-1,1,AA7367,0,1,121
11,12,16:19:47,4,-1,1,AA7367,0,1,30
12,13,16:21:28,4,-1,1,AA7367,0,1,70
13,14,16:23:41,4,-1,2,AA7367,0,1,122
14,15,16:26:03,4,-1,-1,AA7367,0,1,30
15,16,16:29:45,4,-1,1,AA7367,0,1,192
16,17,16:39:34,4,-1,1,AA7367,0,1,558
17,18,16:40:55,4,-1,1,AA7367,0,1,40
18,19,16:46:09,4,-1,3,AA7367,0,1,273
19,20,16:51:57,4,-1,1,AA7367,0,1,192
20,21,16:54:08,4,-1,1,AA7367,0,1,121
21,22,16:56:22,4,-1,-1,AA7367,0,1,103
0,2,17:12:36,4,-1,2,AA7367,1,1,242
2,3,17:14:58,4,-1,2,AA7367,0,1,131
3,4,17:18:53,4,-1,1,AA7367,0,1,154
4,5,17:22:07,4,-1,1,AA7367,0,1,142
5,6,17:23:07,4,-1,1,AA7367,0,1,30
6,8,17:34:31,4,-1,2,AA7367,1,1,642
8,9,17:36:43,4,-1,1,AA7367,0,1,81
9,10,17:37:44,4,-1,1,AA7367,0,1,30
10,11,17:40:37,4,-1,1,AA7367,0,1,122
11,12,17:42:18,4,-1,1,AA7367,0,1,30
12,13,17:44:19,4,-1,1,AA7367,0,1,80
13,14,17:45:33,4,-1,2,AA7367,0,1,33
14,15,17:47:04,4,-1,-1,AA7367,0,1,40
15,16,17:57:05,4,-1,1,AA7367,0,1,570
16,17,18:05:04,4,-1,2,AA7367,0,1,438
17,18,18:06:25,4,-1,1,AA7367,0,1,30
18,19,18:15:15,4,-1,3,AA7367,0,1,480
19,20,18:18:39,4,-1,1,AA7367,0,1,60
20,21,18:27:43,4,-1,1,AA7367,0,1,534
21,22,18:30:46,4,-1,-1,AA7367,0,1,111
17,18,18:59:24,4,-1,1,AA7367,0,1,40
18,19,19:05:28,4,-1,3,AA7367,0,1,343
19,20,19:10:14,4,-1,1,AA7367,0,1,145
20,21,19:13:47,4,-1,1,AA7367,0,1,131
21,22,19:16:19,4,-1,-1,AA7367,0,1,101
0,1,20:06:47,4,-1,-1,AA7367,0,1,40
1,2,20:08:49,4,-1,2,AA7367,0,1,81
2,3,20:10:32,4,-1,2,AA7367,0,1,52
3,4,20:12:33,4,-1,1,AA7367,0,1,80
4,5,20:15:25,4,-1,1,AA7367,0,1,121
5,6,20:16:48,4,-1,1,AA7367,0,1,20
6,7,20:25:17,4,-1,1,AA7367,0,1,458
7,8,20:27:08,4,-1,2,AA7367,0,1,100
8,9,20:28:29,4,-1,1,AA7367,0,1,50
9,10,20:29:09,4,-1,1,AA7367,0,1,30
10,11,20:31:21,4,-1,1,AA7367,0,1,60
11,12,20:32:13,4,-1,1,AA7367,0,1,30
12,13,20:33:54,4,-1,1,AA7367,0,1,70
13,14,20:35:25,4,-1,1,AA7367,0,1,40
14,15,20:37:06,4,-1,-1,AA7367,0,1,40
15,16,20:39:17,4,-1,1,AA7367,0,1,100
16,17,20:46:05,4,-1,2,AA7367,0,1,377
17,18,20:47:27,4,-1,1,AA7367,0,1,20
18,19,20:53:52,4,-1,2,AA7367,0,1,344
19,20,20:57:04,4,-1,1,AA7367,0,1,121
20,21,20:59:35,4,-1,1,AA7367,0,1,141
21,22,21:02:47,4,-1,-1,AA7367,0,1,90
0,1,21:21:05,4,-1,-1,AA7367,0,1,70
1,2,21:23:27,4,-1,2,AA7367,0,1,60
2,3,21:25:08,4,-1,2,AA7367,0,1,60
3,4,21:26:20,4,-1,1,AA7367,0,1,20
4,5,21:29:56,4,-1,1,AA7367,0,1,132
5,6,21:31:07,4,-1,1,AA7367,0,1,20
6,7,21:41:05,4,-1,2,AA7367,0,1,568
7,8,21:42:36,4,-1,2,AA7367,0,1,80
8,9,21:44:17,4,-1,1,AA7367,0,1,70
9,10,21:45:18,4,-1,1,AA7367,0,1,30
10,11,21:47:29,4,-1,1,AA7367,0,1,111
11,12,21:48:32,4,-1,1,AA7367,0,1,32
12,13,21:50:03,4,-1,1,AA7367,0,1,50
13,14,21:51:34,4,-1,1,AA7367,0,1,40
14,15,21:53:25,4,-1,-1,AA7367,0,1,40
15,16,21:55:09,4,-1,1,AA7367,0,1,80
16,17,22:02:04,4,-1,2,AA7367,0,1,375
17,18,22:03:05,4,-1,1,AA7367,0,1,30
18,19,22:07:28,4,-1,2,AA7367,0,1,232
19,20,22:09:29,4,-1,1,AA7367,0,1,60
20,21,22:13:05,4,-1,1,AA7367,0,1,175
21,22,22:15:28,4,-1,-1,AA7367,0,1,80
0,1,22:42:00,4,-1,-1,AA7367,0,1,90
1,2,22:43:53,4,-1,1,AA7367,0,1,103
2,3,22:46:35,4,-1,2,AA7367,0,1,151
3,4,22:48:38,4,-1,1,AA7367,0,1,81
4,5,22:51:29,4,-1,1,AA7367,0,1,131
5,6,22:52:20,4,-1,1,AA7367,0,1,10
6,7,23:01:03,4,-1,1,AA7367,0,1,448
7,8,23:02:44,4,-1,2,AA7367,0,1,90
8,9,23:03:55,4,-1,1,AA7367,0,1,50
9,10,23:04:56,4,-1,1,AA7367,0,1,30
10,11,23:07:07,4,-1,1,AA7367,0,1,111
11,12,23:07:58,4,-1,1,AA7367,0,1,20
12,13,23:09:29,4,-1,1,AA7367,0,1,60
13,14,23:10:49,4,-1,1,AA7367,0,1,40
14,15,23:12:03,4,-1,-1,AA7367,0,1,30
15,16,23:13:54,4,-1,1,AA7367,0,1,80
16,17,23:20:29,4,-1,1,AA7367,0,1,353
17,18,23:21:29,4,-1,1,AA7367,0,1,20
18,19,23:25:34,4,-1,2,AA7367,0,1,203
19,20,23:27:45,4,-1,1,AA7367,0,1,60
20,21,23:30:08,4,-1,-1,AA7367,0,1,132
21,22,23:31:59,4,-1,-1,AA7367,0,1,101
0,1,0:07:08,4,-1,-1,AA7392,0,1,70
1,2,0:07:49,4,-1,1,AA7392,0,1,20
2,3,0:09:54,4,-1,1,AA7392,0,1,54
3,4,0:11:45,4,-1,1,AA7392,0,1,70
4,5,0:14:37,4,-1,1,AA7392,0,1,131
5,6,0:16:08,4,-1,1,AA7392,0,1,20
6,7,0:24:46,4,-1,1,AA7392,0,1,467
7,8,0:26:27,4,-1,1,AA7392,0,1,80
8,9,0:27:38,4,-1,1,AA7392,0,1,40
9,10,0:28:59,4,-1,1,AA7392,0,1,40
10,11,0:31:20,4,-1,1,AA7392,0,1,101
11,12,0:32:13,4,-1,1,AA7392,0,1,30
12,13,0:33:44,4,-1,1,AA7392,0,1,60
13,14,0:35:15,4,-1,1,AA7392,0,1,40
14,15,0:36:25,4,-1,-1,AA7392,0,1,30
15,16,0:38:17,4,-1,1,AA7392,0,1,91
16,17,0:44:55,4,-1,1,AA7392,0,1,367
17,18,0:45:45,4,-1,1,AA7392,0,1,20
18,19,0:49:48,4,-1,2,AA7392,0,1,192
19,20,0:52:31,4,-1,1,AA7392,0,1,122
20,21,0:55:34,4,-1,1,AA7392,0,1,143
21,22,0:57:46,4,-1,-1,AA7392,0,1,101
0,1,1:09:58,4,-1,-1,AA7392,0,1,80
1,2,1:10:59,4,-1,1,AA7392,0,1,10
2,3,1:13:12,4,-1,1,AA7392,0,1,40
3,4,1:13:53,4,-1,1,AA7392,0,1,10
4,5,1:17:45,4,-1,1,AA7392,0,1,182
5,6,1:18:46,4,-1,1,AA7392,0,1,20
6,7,1:27:05,4,-1,1,AA7392,0,1,448
7,8,1:28:46,4,-1,-1,AA7392,0,1,90
8,9,1:30:07,4,-1,1,AA7392,0,1,50
9,10,1:30:47,4,-1,1,AA7392,0,1,30
10,11,1:32:18,4,-1,1,AA7392,0,1,50
11,12,1:32:59,4,-1,1,AA7392,0,1,20
12,13,1:34:34,4,-1,1,AA7392,0,1,51
13,14,1:35:45,4,-1,1,AA7392,0,1,40
14,15,1:36:55,4,-1,-1,AA7392,0,1,30
15,16,1:39:27,4,-1,1,AA7392,0,1,131
16,17,1:45:55,4,-1,1,AA7392,0,1,367
17,18,1:46:55,4,-1,1,AA7392,0,1,30
18,19,1:50:58,4,-1,2,AA7392,0,1,202
19,20,1:52:29,4,-1,1,AA7392,0,1,50
20,21,1:54:20,4,-1,1,AA7392,0,1,80
21,22,1:56:04,4,-1,-1,AA7392,0,1,80
0,1,6:10:38,4,-1,-1,AA7392,0,1,20
1,2,6:12:19,4,-1,1,AA7392,0,1,10
2,3,6:14:47,4,-1,2,AA7392,0,1,40
3,5,6:19:40,4,-1,2,AA7392,1,1,262
5,6,6:21:25,4,-1,1,AA7392,0,1,20
6,7,6:30:12,4,-1,1,AA7392,0,1,477
7,8,6:32:36,4,-1,-1,AA7392,0,1,133
8,9,6:34:27,4,-1,1,AA7392,0,1,80
9,10,6:35:38,4,-1,1,AA7392,0,1,30
10,11,6:37:09,4,-1,1,AA7392,0,1,60
11,12,6:38:00,4,-1,1,AA7392,0,1,20
12,13,6:39:23,4,-1,1,AA7392,0,1,50
13,14,6:40:14,4,-1,1,AA7392,0,1,40
14,15,6:41:25,4,-1,-1,AA7392,0,1,30
15,16,6:43:47,4,-1,1,AA7392,0,1,121
16,17,6:50:43,4,-1,1,AA7392,0,1,365
17,18,6:51:34,4,-1,1,AA7392,0,1,31
18,19,6:55:37,4,-1,1,AA7392,0,1,202
19,20,6:57:18,4,-1,1,AA7392,0,1,50
20,21,6:59:10,4,-1,1,AA7392,0,1,80
21,22,7:01:14,4,-1,-1,AA7392,0,1,91
0,1,7:09:10,4,-1,-1,AA7392,0,1,40
1,2,7:10:44,4,-1,1,AA7392,0,1,30
2,3,7:13:26,4,-1,1,AA7392,0,1,60
3,4,7:15:27,4,-1,1,AA7392,0,1,40
4,5,7:19:10,4,-1,1,AA7392,0,1,121
5,6,7:20:55,4,-1,1,AA7392,0,1,20
6,7,7:29:25,4,-1,2,AA7392,0,1,459
7,8,7:31:36,4,-1,1,AA7392,0,1,121
8,9,7:32:57,4,-1,1,AA7392,0,1,50
9,10,7:33:59,4,-1,1,AA7392,0,1,20
10,11,7:35:32,4,-1,1,AA7392,0,1,51
11,12,7:36:33,4,-1,1,AA7392,0,1,20
12,13,7:38:04,4,-1,1,AA7392,0,1,60
13,14,7:39:05,4,-1,1,AA7392,0,1,30
14,15,7:41:06,4,-1,-1,AA7392,0,1,30
15,16,7:43:08,4,-1,1,AA7392,0,1,91
16,17,7:50:37,4,-1,-1,AA7392,0,1,398
17,18,7:51:58,4,-1,-1,AA7392,0,1,40
18,19,7:56:35,4,-1,3,AA7392,0,1,246
19,20,8:00:28,4,-1,2,AA7392,0,1,162
20,21,8:04:54,4,-1,1,AA7392,0,1,193
21,22,8:07:15,4,-1,-1,AA7392,0,1,91
0,1,8:18:46,4,-1,-1,AA7392,0,1,30
1,2,8:20:38,4,-1,3,AA7392,0,1,50
2,3,8:24:35,4,-1,3,AA7392,0,1,145
3,4,8:32:34,4,-1,1,AA7392,0,1,256
4,5,8:36:37,4,-1,1,AA7392,0,1,151
5,6,8:38:18,4,-1,1,AA7392,0,1,40
6,7,8:48:09,4,-1,1,AA7392,0,1,529
7,8,8:52:02,4,-1,2,AA7392,0,1,172
8,9,8:53:55,4,-1,1,AA7392,0,1,92
9,10,8:55:06,4,-1,1,AA7392,0,1,30
10,11,8:58:39,4,-1,1,AA7392,0,1,202
11,12,9:01:43,4,-1,2,AA7392,0,1,154
12,13,9:04:55,4,-1,3,AA7392,0,1,91
13,14,9:05:56,4,-1,3,AA7392,0,1,30
14,15,9:07:47,4,-1,-1,AA7392,0,1,30
15,16,9:10:52,4,-1,1,AA7392,0,1,154
16,17,9:17:43,4,-1,1,AA7392,0,1,370
17,18,9:18:44,4,-1,1,AA7392,0,1,30
18,19,9:23:47,4,-1,3,AA7392,0,1,253
19,20,9:27:20,4,-1,2,AA7392,0,1,101
20,21,9:31:36,4,-1,1,AA7392,0,1,212
21,22,9:33:27,4,-1,-1,AA7392,0,1,91
0,1,9:42:18,4,-1,-1,AA7392,0,1,101
1,2,9:43:39,4,-1,2,AA7392,0,1,30
2,3,9:45:33,4,-1,2,AA7392,0,1,63
3,4,9:46:54,4,-1,1,AA7392,0,1,20
4,5,9:50:26,4,-1,1,AA7392,0,1,121
5,6,9:51:37,4,-1,1,AA7392,0,1,20
6,7,10:00:36,4,-1,1,AA7392,0,1,488
7,8,10:03:17,4,-1,2,AA7392,0,1,151
8,9,10:05:10,4,-1,1,AA7392,0,1,61
9,10,10:06:00,4,-1,1,AA7392,0,1,20
10,11,10:07:53,4,-1,1,AA7392,0,1,70
11,12,10:08:53,4,-1,1,AA7392,0,1,20
12,13,10:10:04,4,-1,1,AA7392,0,1,50
13,14,10:11:15,4,-1,1,AA7392,0,1,30
14,15,10:12:46,4,-1,-1,AA7392,0,1,30
15,16,10:15:38,4,-1,1,AA7392,0,1,141
16,17,10:22:56,4,-1,1,AA7392,0,1,387
17,18,10:24:07,4,-1,1,AA7392,0,1,20
18,19,10:29:04,4,-1,2,AA7392,0,1,266
19,20,10:33:27,4,-1,2,AA7392,0,1,151
20,21,10:36:49,4,-1,1,AA7392,0,1,161
21,22,10:39:33,4,-1,-1,AA7392,0,1,90
0,1,11:22:28,4,-1,-1,AA7392,0,1,80
1,2,11:24:09,4,-1,3,AA7392,0,1,80
2,3,11:26:14,4,-1,2,AA7392,0,1,53
3,4,11:28:36,4,-1,1,AA7392,0,1,62
4,5,11:32:34,4,-1,1,AA7392,0,1,144
5,6,11:33:45,4,-1,1,AA7392,0,1,20
6,7,11:42:22,4,-1,2,AA7392,0,1,476
7,8,11:44:14,4,-1,2,AA7392,0,1,92
8,9,11:45:35,4,-1,1,AA7392,0,1,50
9,10,11:46:36,4,-1,1,AA7392,0,1,40
10,11,11:48:27,4,-1,1,AA7392,0,1,80
11,12,11:49:08,4,-1,1,AA7392,0,1,20
12,13,11:50:39,4,-1,1,AA7392,0,1,60
13,14,11:51:29,4,-1,1,AA7392,0,1,40
14,15,11:53:12,4,-1,-1,AA7392,0,1,20
15,16,11:55:34,4,-1,1,AA7392,0,2,111
16,17,12:02:39,4,-1,1,AA7392,0,2,374
17,18,12:04:00,4,-1,1,AA7392,0,2,50
18,19,12:08:46,4,-1,3,AA7392,0,2,234
19,20,12:11:03,4,-1,2,AA7392,0,2,65
20,21,12:14:36,4,-1,1,AA7392,0,2,172
21,22,12:16:58,4,-1,-1,AA7392,0,2,91
0,1,12:33:58,4,-1,-1,AA7392,0,2,61
1,2,12:35:49,4,-1,2,AA7392,0,2,80
2,3,12:39:17,4,-1,2,AA7392,0,2,141
3,4,12:41:49,4,-1,1,AA7392,0,2,80
4,5,12:47:15,4,-1,1,AA7392,0,2,151
5,6,12:49:17,4,-1,1,AA7392,0,2,20
6,7,12:58:26,4,-1,1,AA7392,0,2,498
7,8,13:00:07,4,-1,2,AA7392,0,2,91
8,9,13:01:49,4,-1,1,AA7392,0,2,60
9,10,13:02:49,4,-1,1,AA7392,0,2,40
10,11,13:05:23,4,-1,1,AA7392,0,2,50
11,12,13:06:34,4,-1,1,AA7392,0,2,20
12,13,13:08:26,4,-1,1,AA7392,0,2,80
13,14,13:09:47,4,-1,1,AA7392,0,2,40
14,15,13:11:28,4,-1,-1,AA7392,0,2,30
15,16,13:14:53,4,-1,1,AA7392,0,2,173
17,18,13:23:59,4,-1,1,AA7392,0,2,20
18,19,13:28:57,4,-1,2,AA7392,0,1,246
19,20,13:33:10,4,-1,1,AA7392,0,1,151
20,21,13:36:38,4,-1,1,AA7392,0,1,143
21,22,13:39:33,4,-1,-1,AA7392,0,1,104
0,1,13:47:09,4,-1,-1,AA7392,0,1,60
1,2,13:48:40,4,-1,2,AA7392,0,1,50
2,3,13:51:03,4,-1,2,AA7392,0,1,41
3,4,13:53:15,4,-1,1,AA7392,0,1,40
4,5,13:56:58,4,-1,1,AA7392,0,1,162
5,6,13:58:29,4,-1,1,AA7392,0,1,30
6,8,14:10:10,4,-1,2,AA7392,1,1,640
8,9,14:12:14,4,-1,1,AA7392,0,1,94
9,10,14:13:25,4,-1,1,AA7392,0,1,30
10,11,14:15:47,4,-1,1,AA7392,0,1,111
11,12,14:16:48,4,-1,1,AA7392,0,1,30
12,13,14:18:49,4,-1,1,AA7392,0,1,80
13,14,14:20:35,4,-1,1,AA7392,0,1,34
14,15,14:22:36,4,-1,-1,AA7392,0,1,30
15,16,14:25:38,4,-1,1,AA7392,0,1,141
16,17,14:32:27,4,-1,-1,AA7392,0,1,377
17,18,14:33:47,4,-1,-1,AA7392,0,1,40
18,19,14:39:23,4,-1,3,AA7392,0,1,294
19,20,14:41:24,4,-1,2,AA7392,0,1,60
20,21,14:45:07,4,-1,1,AA7392,0,1,172
21,22,14:47:19,4,-1,-1,AA7392,0,1,91
0,1,15:17:36,4,-1,-1,AA7392,0,1,1139
1,2,15:19:17,4,-1,3,AA7392,0,1,91
2,3,15:22:31,4,-1,3,AA7392,0,1,133
3,4,15:26:39,4,-1,1,AA7392,0,1,184
4,5,15:30:05,4,-1,1,AA7392,0,1,135
5,6,15:31:16,4,-1,1,AA7392,0,1,30
6,7,15:42:25,4,-1,1,AA7392,0,1,608
7,8,15:44:27,4,-1,1,AA7392,0,1,80
8,9,15:46:18,4,-1,1,AA7392,0,1,91
9,10,15:47:09,4,-1,1,AA7392,0,1,30
10,11,15:50:55,4,-1,1,AA7392,0,1,196
11,12,15:52:16,4,-1,2,AA7392,0,1,30
12,13,15:55:19,4,-1,1,AA7392,0,1,141
13,14,15:56:19,4,-1,1,AA7392,0,1,40
14,15,15:57:51,4,-1,-1,AA7392,0,1,40
15,16,16:00:25,4,-1,1,AA7392,0,1,123
16,17,16:14:53,4,-1,1,AA7392,0,1,845
17,18,16:16:14,4,-1,1,AA7392,0,1,40
18,19,16:22:39,4,-1,3,AA7392,0,1,303
19,20,16:26:23,4,-1,1,AA7392,0,1,141
20,21,16:29:45,4,-1,1,AA7392,0,1,192
21,1,16:41:26,4,-1,-1,AA7392,1,1,659
1,2,16:43:17,4,-1,1,AA7392,0,1,91
2,3,16:46:09,4,-1,1,AA7392,0,1,70
3,4,16:48:44,4,-1,1,AA7392,0,1,70
4,5,16:52:17,4,-1,1,AA7392,0,1,141
5,6,16:53:48,4,-1,1,AA7392,0,1,20
6,7,17:03:27,4,-1,1,AA7392,0,1,538
7,8,17:04:58,4,-1,2,AA7392,0,1,80
8,9,17:06:30,4,-1,1,AA7392,0,1,50
9,10,17:07:20,4,-1,1,AA7392,0,1,30
10,11,17:11:05,4,-1,1,AA7392,0,1,172
11,12,17:11:56,4,-1,1,AA7392,0,1,20
12,13,17:13:47,4,-1,1,AA7392,0,1,60
13,14,17:16:39,4,-1,2,AA7392,0,1,101
14,15,17:19:14,4,-1,-1,AA7392,0,1,30
15,16,17:21:46,4,-1,1,AA7392,0,1,132
16,17,17:29:37,4,-1,1,AA7392,0,1,419
17,18,17:31:08,4,-1,1,AA7392,0,1,20
18,19,17:36:13,4,-1,3,AA7392,0,1,244
19,20,17:43:19,4,-1,1,AA7392,0,1,212
20,21,17:49:16,4,-1,1,AA7392,0,1,306
21,22,17:52:28,4,-1,-1,AA7392,0,1,131
0,1,17:59:36,4,-1,-1,AA7392,0,1,408
1,2,18:01:28,4,-1,3,AA7392,0,1,70
2,3,18:03:39,4,-1,3,AA7392,0,1,40
3,4,18:08:16,4,-1,1,AA7392,0,1,222
4,5,18:12:19,4,-1,1,AA7392,0,1,161
5,6,18:14:05,4,-1,1,AA7392,0,1,30
6,7,18:24:38,4,-1,1,AA7392,0,1,552
7,8,18:26:49,4,-1,2,AA7392,0,1,121
8,9,18:28:14,4,-1,1,AA7392,0,1,64
9,10,18:28:54,4,-1,1,AA7392,0,1,30
10,11,18:34:38,4,-1,1,AA7392,0,1,242
11,12,18:36:10,4,-1,1,AA7392,0,1,30
12,13,18:38:55,4,-1,1,AA7392,0,1,70
13,14,18:43:08,4,-1,3,AA7392,0,1,141
14,15,18:46:32,4,-1,-1,AA7392,0,1,62
15,16,18:49:04,4,-1,1,AA7392,0,1,121
16,17,18:56:29,4,-1,2,AA7392,0,1,394
17,18,18:57:43,4,-1,1,AA7392,0,1,23
18,19,19:03:47,4,-1,3,AA7392,0,1,313
19,20,19:07:09,4,-1,2,AA7392,0,1,91
20,21,19:11:15,4,-1,1,AA7392,0,1,216
21,22,19:13:47,4,-1,-1,AA7392,0,1,111
0,1,19:25:06,4,-1,-1,AA7392,0,1,649
1,2,19:27:28,4,-1,2,AA7392,0,1,80
2,3,19:29:29,4,-1,2,AA7392,0,1,80
3,4,19:31:54,4,-1,1,AA7392,0,1,94
4,5,19:35:37,4,-1,1,AA7392,0,1,121
5,6,19:36:58,4,-1,1,AA7392,0,1,30
6,7,19:46:28,4,-1,1,AA7392,0,1,519
7,8,19:47:59,4,-1,2,AA7392,0,1,80
8,9,19:49:20,4,-1,1,AA7392,0,1,50
9,10,19:50:23,4,-1,1,AA7392,0,1,30
10,11,19:52:55,4,-1,1,AA7392,0,1,101
11,12,19:53:45,4,-1,1,AA7392,0,1,20
12,13,19:55:36,4,-1,1,AA7392,0,1,80
13,14,19:56:47,4,-1,1,AA7392,0,1,40
14,15,19:59:20,4,-1,-1,AA7392,0,1,31
15,16,20:01:23,4,-1,1,AA7392,0,1,101
16,17,20:07:58,4,-1,1,AA7392,0,1,364
17,18,20:09:09,4,-1,1,AA7392,0,1,30
18,19,20:14:34,4,-1,2,AA7392,0,1,264
19,20,20:16:48,4,-1,1,AA7392,0,1,50
20,21,20:18:59,4,-1,1,AA7392,0,1,101
21,22,20:22:34,4,-1,-1,AA7392,0,1,134
4,18,6:12:09,4,-1,1,AA7468,1,1,222
6,7,6:20:11,4,-1,1,AA7468,0,1,451
7,8,6:22:05,4,-1,-1,AA7468,0,1,91
8,9,6:23:46,4,-1,1,AA7468,0,1,80
9,10,6:24:47,4,-1,1,AA7468,0,1,30
10,11,6:26:48,4,-1,1,AA7468,0,1,80
11,12,6:27:19,4,-1,1,AA7468,0,1,20
12,14,6:29:32,4,-1,1,AA7468,1,1,103
14,15,6:31:15,4,-1,-1,AA7468,0,1,40
15,16,6:33:27,4,-1,1,AA7468,0,1,111
16,17,6:39:53,4,-1,1,AA7468,0,1,356
17,18,6:40:44,4,-1,1,AA7468,0,1,20
18,19,6:44:37,4,-1,2,AA7468,0,1,192
19,21,6:49:42,4,-1,1,AA7468,1,1,234
21,22,6:51:23,4,-1,-1,AA7468,0,1,91
0,1,7:00:34,4,-1,-1,AA7468,0,1,50
1,3,7:04:57,4,-1,2,AA7468,1,1,202
3,4,7:07:09,4,-1,1,AA7468,0,1,70
4,5,7:09:43,4,-1,1,AA7468,0,1,124
5,6,7:10:44,4,-1,1,AA7468,0,1,20
6,7,7:19:00,4,-1,1,AA7468,0,1,455
7,8,7:21:46,4,-1,2,AA7468,0,1,134
8,9,7:22:57,4,-1,1,AA7468,0,1,40
9,10,7:23:47,4,-1,1,AA7468,0,1,20
10,11,7:25:29,4,-1,1,AA7468,0,1,60
11,12,7:26:29,4,-1,1,AA7468,0,1,20
12,13,7:28:00,4,-1,1,AA7468,0,1,70
13,14,7:28:55,4,-1,1,AA7468,0,1,20
14,15,7:30:16,4,-1,-1,AA7468,0,1,40
15,16,7:32:17,4,-1,1,AA7468,0,1,81
16,17,7:39:45,4,-1,1,AA7468,0,1,397
17,18,7:40:46,4,-1,1,AA7468,0,1,30
18,19,7:45:19,4,-1,3,AA7468,0,1,232
19,20,7:51:28,4,-1,-1,AA7468,0,1,358
20,21,7:55:34,4,-1,1,AA7468,0,1,236
21,22,7:58:06,4,-1,-1,AA7468,0,1,101
0,1,8:05:34,4,-1,-1,AA7468,0,1,91
1,2,8:08:36,4,-1,3,AA7468,0,1,161
2,3,8:13:50,4,-1,3,AA7468,0,1,293
3,4,8:18:16,4,-1,1,AA7468,0,1,172
4,5,8:22:09,4,-1,1,AA7468,0,1,141
5,6,8:24:25,4,-1,1,AA7468,0,1,20
6,7,8:35:16,4,-1,1,AA7468,0,1,610
7,8,8:37:28,4,-1,2,AA7468,0,1,121
8,9,8:39:09,4,-1,1,AA7468,0,1,60
9,10,8:40:10,4,-1,1,AA7468,0,1,20
10,11,8:43:05,4,-1,1,AA7468,0,1,153
11,12,8:44:06,4,-1,1,AA7468,0,1,30
12,13,8:49:40,4,-1,1,AA7468,0,1,243
13,14,8:51:02,4,-1,2,AA7468,0,1,51
14,15,8:52:44,4,-1,-1,AA7468,0,1,81
15,16,8:57:28,4,-1,1,AA7468,0,1,243
16,17,9:04:05,4,-1,1,AA7468,0,1,356
17,18,9:05:26,4,-1,1,AA7468,0,1,30
18,19,9:10:00,4,-1,3,AA7468,0,1,253
19,20,9:14:59,4,-1,1,AA7468,0,1,155
20,21,9:19:24,4,-1,1,AA7468,0,1,214
21,22,9:21:26,4,-1,-1,AA7468,0,1,91
0,1,9:29:34,4,-1,-1,AA7468,0,1,70
1,2,9:32:36,4,-1,2,AA7468,0,1,111
2,3,9:35:29,4,-1,2,AA7468,0,1,151
3,4,9:38:55,4,-1,1,AA7468,0,1,135
4,5,9:42:28,4,-1,1,AA7468,0,1,151
5,6,9:44:19,4,-1,1,AA7468,0,1,20
6,7,9:53:38,4,-1,1,AA7468,0,1,485
7,8,9:55:42,4,-1,1,AA7468,0,1,113
8,9,9:57:13,4,-1,1,AA7468,0,1,50
9,10,9:58:04,4,-1,1,AA7468,0,1,10
10,11,10:00:25,4,-1,1,AA7468,0,1,60
11,12,10:01:06,4,-1,1,AA7468,0,1,20
12,13,10:02:37,4,-1,1,AA7468,0,1,60
13,14,10:03:17,4,-1,1,AA7468,0,1,30
14,15,10:04:38,4,-1,-1,AA7468,0,1,30
15,16,10:06:42,4,-1,1,AA7468,0,1,91
16,17,10:13:17,4,-1,1,AA7468,0,1,364
17,18,10:14:48,4,-1,1,AA7468,0,1,40
18,19,10:19:03,4,-1,2,AA7468,0,1,224
19,20,10:21:25,4,-1,1,AA7468,0,1,50
20,21,10:24:17,4,-1,1,AA7468,0,1,121
21,22,10:26:08,4,-1,-1,AA7468,0,1,80
0,1,11:11:27,4,-1,-1,AA7468,0,1,80
1,2,11:13:28,4,-1,2,AA7468,0,1,80
2,3,11:15:39,4,-1,2,AA7468,0,1,70
3,4,11:18:14,4,-1,1,AA7468,0,1,101
4,5,11:21:07,4,-1,1,AA7468,0,1,122
5,6,11:22:18,4,-1,1,AA7468,0,1,30
6,8,11:32:44,4,-1,2,AA7468,1,1,595
8,10,11:35:16,4,-1,1,AA7468,1,1,131
10,11,11:37:17,4,-1,1,AA7468,0,1,101
11,12,11:38:08,4,-1,1,AA7468,0,1,20
12,13,11:39:39,4,-1,1,AA7468,0,1,60
13,15,11:42:22,4,-1,-1,AA7468,1,1,132
15,16,11:44:04,4,-1,1,AA7468,0,1,61
16,17,11:51:09,4,-1,1,AA7468,0,1,374
17,18,11:52:20,4,-1,1,AA7468,0,1,30
18,19,11:57:05,4,-1,3,AA7468,0,2,242
19,20,11:59:37,4,-1,1,AA7468,0,2,70
20,21,12:02:39,4,-1,1,AA7468,0,2,131
21,22,12:04:42,4,-1,-1,AA7468,0,2,92
0,1,12:24:16,4,-1,-1,AA7468,0,2,121
1,2,12:26:07,4,-1,2,AA7468,0,2,20
2,3,12:29:30,4,-1,2,AA7468,0,2,192
3,4,12:32:26,4,-1,1,AA7468,0,2,111
4,5,12:35:49,4,-1,1,AA7468,0,2,132
5,6,12:37:05,4,-1,1,AA7468,0,2,45
6,7,12:45:04,4,-1,1,AA7468,0,2,437
7,8,12:47:25,4,-1,1,AA7468,0,2,131
8,9,12:48:46,4,-1,1,AA7468,0,2,60
9,10,12:49:37,4,-1,1,AA7468,0,2,20
10,11,12:51:59,4,-1,-1,AA7468,0,2,121
11,12,12:53:00,4,-1,-1,AA7468,0,2,30
12,13,12:54:21,4,-1,-1,AA7468,0,2,50
13,14,12:55:23,4,-1,1,AA7468,0,2,40
14,15,12:56:45,4,-1,-1,AA7468,0,2,30
15,16,12:59:17,4,-1,1,AA7468,0,2,121
16,17,13:06:14,4,-1,1,AA7468,0,2,366
17,18,13:07:15,4,-1,1,AA7468,0,2,30
18,19,13:11:08,4,-1,2,AA7468,0,2,202
19,20,13:13:20,4,-1,2,AA7468,0,2,101
20,21,13:16:44,4,-1,1,AA7468,0,2,192
21,22,13:18:46,4,-1,-1,AA7468,0,2,91
0,1,13:35:47,4,-1,-1,AA7468,0,1,92
1,2,13:37:28,4,-1,2,AA7468,0,1,81
2,3,13:39:33,4,-1,2,AA7468,0,1,114
3,4,13:42:25,4,-1,1,AA7468,0,1,111
4,5,13:46:38,4,-1,1,AA7468,0,1,172
5,6,13:47:59,4,-1,1,AA7468,0,1,20
6,7,13:56:58,4,-1,1,AA7468,0,1,487
7,8,13:59:09,4,-1,1,AA7468,0,1,91
8,9,14:00:33,4,-1,1,AA7468,0,1,63
9,10,14:01:13,4,-1,1,AA7468,0,1,30
10,11,14:03:15,4,-1,1,AA7468,0,1,111
11,12,14:04:05,4,-1,1,AA7468,0,1,20
12,13,14:06:07,4,-1,1,AA7468,0,1,80
13,14,14:07:28,4,-1,1,AA7468,0,1,50
14,15,14:09:09,4,-1,-1,AA7468,0,1,30
15,16,14:11:54,4,-1,1,AA7468,0,1,134
16,17,14:18:39,4,-1,1,AA7468,0,1,364
17,18,14:20:20,4,-1,1,AA7468,0,1,60
18,19,14:25:48,4,-1,2,AA7468,0,1,283
19,20,14:28:34,4,-1,1,AA7468,0,1,64
20,21,14:30:55,4,-1,-1,AA7468,0,1,91
21,22,14:32:47,4,-1,-1,AA7468,0,1,101
0,1,14:46:49,4,-1,-1,AA7468,0,1,91
1,2,14:49:15,4,-1,3,AA7468,0,1,105
2,3,14:51:16,4,-1,3,AA7468,0,1,60
3,4,14:53:38,4,-1,1,AA7468,0,1,90
4,5,14:57:05,4,-1,1,AA7468,0,1,136
5,6,14:58:06,4,-1,1,AA7468,0,1,20
6,7,15:06:43,4,-1,1,AA7468,0,1,476
7,8,15:08:25,4,-1,2,AA7468,0,1,91
8,9,15:09:36,4,-1,1,AA7468,0,1,30
9,10,15:10:47,4,-1,1,AA7468,0,1,30
10,11,15:12:58,4,-1,1,AA7468,0,1,101
11,12,15:13:38,4,-1,3,AA7468,0,1,30
12,13,15:17:25,4,-1,2,AA7468,0,1,156
13,14,15:18:36,4,-1,1,AA7468,0,1,50
14,15,15:20:58,4,-1,-1,AA7468,0,1,50
15,16,15:24:15,4,-1,1,AA7468,0,1,166
16,17,15:34:59,4,-1,1,AA7468,0,1,591
17,18,15:36:40,4,-1,1,AA7468,0,1,40
18,19,15:42:56,4,-1,2,AA7468,0,1,355
19,20,15:46:49,4,-1,2,AA7468,0,1,131
20,21,15:49:04,4,-1,1,AA7468,0,1,125
21,22,15:51:06,4,-1,-1,AA7468,0,1,91
0,1,7:27:00,4,-1,-1,AA7480,0,1,1912
1,2,7:29:05,4,-1,2,AA7480,0,1,74
2,3,7:31:57,4,-1,2,AA7480,0,1,131
3,4,7:34:30,4,-1,1,AA7480,0,1,123
4,5,7:38:45,4,-1,1,AA7480,0,1,244
5,6,7:39:55,4,-1,1,AA7480,0,1,20
6,7,7:49:16,4,-1,1,AA7480,0,1,520
7,8,7:51:18,4,-1,-1,AA7480,0,1,111
8,9,7:52:49,4,-1,-1,AA7480,0,1,81
9,10,7:54:20,4,-1,-1,AA7480,0,1,70
10,11,7:57:05,4,-1,1,AA7480,0,1,112
11,13,7:59:37,4,-1,1,AA7480,1,1,141
13,14,8:00:28,4,-1,1,AA7480,0,1,30
14,15,8:02:50,4,-1,-1,AA7480,0,1,122
15,16,8:06:45,4,-1,1,AA7480,0,1,151
16,17,8:13:20,4,-1,1,AA7480,0,1,364
17,18,8:14:33,4,-1,1,AA7480,0,1,53
18,19,8:19:17,4,-1,3,AA7480,0,1,243
19,20,8:25:05,4,-1,2,AA7480,0,1,327
20,21,8:26:47,4,-1,1,AA7480,0,1,81
21,22,8:28:58,4,-1,-1,AA7480,0,1,81
0,1,8:41:23,4,-1,-1,AA7480,0,1,714
1,3,8:47:38,4,-1,3,AA7480,1,1,293
3,5,8:55:37,4,-1,1,AA7480,1,1,417
5,6,8:56:37,4,-1,1,AA7480,0,1,20
6,7,9:05:26,4,-1,2,AA7480,0,1,477
7,8,9:06:57,4,-1,2,AA7480,0,1,80
8,9,9:08:39,4,-1,1,AA7480,0,1,81
9,10,9:09:50,4,-1,1,AA7480,0,1,30
10,11,9:12:33,4,-1,1,AA7480,0,1,143
11,15,9:17:43,4,-1,-1,AA7480,3,1,299
15,16,9:20:35,4,-1,1,AA7480,0,1,151
16,17,9:27:33,4,-1,1,AA7480,0,1,356
17,18,9:28:33,4,-1,1,AA7480,0,1,30
18,19,9:32:57,4,-1,3,AA7480,0,1,222
19,20,9:35:18,4,-1,1,AA7480,0,1,40
20,22,9:41:07,4,-1,-1,AA7480,1,1,338
0,2,10:00:25,4,-1,2,AA7480,1,1,1127
2,3,10:01:57,4,-1,2,AA7480,0,1,70
3,4,10:04:38,4,-1,1,AA7480,0,1,151
4,5,10:08:13,4,-1,1,AA7480,0,1,122
5,6,10:09:34,4,-1,1,AA7480,0,1,20
6,8,10:22:06,4,-1,2,AA7480,1,1,721
8,9,10:23:47,4,-1,1,AA7480,0,1,80
9,10,10:24:47,4,-1,1,AA7480,0,1,30
10,11,10:26:19,4,-1,1,AA7480,0,1,60
11,12,10:27:09,4,-1,1,AA7480,0,1,40
12,13,10:28:20,4,-1,1,AA7480,0,1,60
13,14,10:29:24,4,-1,1,AA7480,0,1,50
14,15,10:30:55,4,-1,-1,AA7480,0,1,30
15,16,10:32:37,4,-1,1,AA7480,0,1,91
16,17,10:39:53,4,-1,1,AA7480,0,1,355
17,18,10:40:54,4,-1,1,AA7480,0,1,20
18,19,10:46:09,4,-1,2,AA7480,0,1,294
19,22,10:53:16,4,-1,-1,AA7480,2,1,313
0,1,11:17:34,4,-1,-1,AA7480,0,1,1386
1,2,11:20:57,4,-1,3,AA7480,0,1,182
2,3,11:23:29,4,-1,2,AA7480,0,1,80
3,4,11:24:50,4,-1,1,AA7480,0,1,50
4,5,11:27:20,4,-1,1,AA7480,0,1,41
5,6,11:29:49,4,-1,1,AA7480,0,1,135
6,8,11:41:31,4,-1,2,AA7480,1,1,630
8,9,11:42:42,4,-1,1,AA7480,0,1,40
9,10,11:43:23,4,-1,1,AA7480,0,1,30
10,11,11:46:16,4,-1,1,AA7480,0,1,111
11,12,11:47:16,4,-1,1,AA7480,0,1,30
12,14,11:50:59,4,-1,1,AA7480,1,1,202
14,15,11:52:00,4,-1,-1,AA7480,0,1,40
15,16,11:54:53,4,-1,1,AA7480,0,2,163
16,17,12:01:28,4,-1,1,AA7480,0,2,323
17,18,12:02:39,4,-1,1,AA7480,0,2,30
18,19,12:07:05,4,-1,3,AA7480,0,2,225
19,20,12:11:13,4,-1,2,AA7480,0,2,187
20,22,12:13:55,4,-1,-1,AA7480,1,2,151
0,1,14:38:52,4,-1,-1,AA7480,0,1,92
1,2,14:41:55,4,-1,3,AA7480,0,1,91
2,3,14:44:06,4,-1,3,AA7480,0,1,40
3,4,14:48:20,4,-1,1,AA7480,0,1,151
4,5,14:51:57,4,-1,2,AA7480,0,1,121
5,6,14:53:18,4,-1,1,AA7480,0,1,10
6,8,15:05:12,4,-1,2,AA7480,1,1,643
8,9,15:06:43,4,-1,1,AA7480,0,1,50
9,10,15:07:34,4,-1,1,AA7480,0,1,30
10,11,15:10:57,4,-1,1,AA7480,0,1,101
11,12,15:11:57,4,-1,3,AA7480,0,1,30
12,13,15:14:59,4,-1,3,AA7480,0,1,111
13,14,15:16:24,4,-1,1,AA7480,0,1,40
14,15,15:18:26,4,-1,-1,AA7480,0,1,111
15,16,15:21:28,4,-1,1,AA7480,0,1,141
16,17,15:31:36,4,-1,1,AA7480,0,1,555
17,18,15:32:47,4,-1,1,AA7480,0,1,20
18,19,15:38:53,4,-1,2,AA7480,0,1,304
19,20,15:41:45,4,-1,1,AA7480,0,1,70
20,21,15:44:27,4,-1,1,AA7480,0,1,131
21,22,15:46:49,4,-1,-1,AA7480,0,1,91
0,2,16:02:09,4,-1,1,AA7480,1,1,214
2,3,16:04:10,4,-1,2,AA7480,0,1,70
3,4,16:08:55,4,-1,1,AA7480,0,1,263
4,5,16:12:28,4,-1,1,AA7480,0,1,152
5,6,16:13:29,4,-1,1,AA7480,0,1,30
6,8,16:25:12,4,-1,2,AA7480,1,1,652
8,9,16:26:33,4,-1,1,AA7480,0,1,60
9,10,16:27:44,4,-1,1,AA7480,0,1,60
10,11,16:31:17,4,-1,1,AA7480,0,1,111
11,12,16:32:17,4,-1,1,AA7480,0,1,30
12,13,16:34:19,4,-1,1,AA7480,0,1,101
13,14,16:36:52,4,-1,2,AA7480,0,1,102
14,15,16:39:44,4,-1,-1,AA7480,0,1,40
15,16,16:43:17,4,-1,1,AA7480,0,1,182
16,17,16:58:24,4,-1,1,AA7480,0,1,815
17,18,16:59:35,4,-1,1,AA7480,0,1,20
18,19,17:04:58,4,-1,3,AA7480,0,1,262
19,20,17:12:46,4,-1,1,AA7480,0,1,304
20,21,17:15:38,4,-1,1,AA7480,0,1,131
21,22,17:18:33,4,-1,-1,AA7480,0,1,164
0,1,17:27:00,4,-1,-1,AA7480,0,1,91
1,2,17:29:06,4,-1,3,AA7480,0,1,50
2,3,17:32:39,4,-1,2,AA7480,0,1,151
3,4,17:35:32,4,-1,1,AA7480,0,1,122
4,5,17:40:27,4,-1,1,AA7480,0,1,172
5,6,17:42:28,4,-1,1,AA7480,0,1,30
6,7,17:52:58,4,-1,1,AA7480,0,1,559
7,8,17:55:33,4,-1,1,AA7480,0,1,114
8,9,17:56:54,4,-1,1,AA7480,0,1,70
9,10,17:57:55,4,-1,1,AA7480,0,1,40
10,11,18:01:38,4,-1,1,AA7480,0,1,212
11,12,18:02:28,4,-1,1,AA7480,0,1,30
12,14,18:08:46,4,-1,2,AA7480,1,1,327
14,15,18:11:39,4,-1,-1,AA7480,0,1,70
15,16,18:16:07,4,-1,1,AA7480,0,1,238
16,17,18:23:57,4,-1,2,AA7480,0,1,389
17,18,18:25:08,4,-1,1,AA7480,0,1,40
18,19,18:34:38,4,-1,3,AA7480,0,1,509
19,20,18:39:25,4,-1,1,AA7480,0,1,215
20,21,18:42:58,4,-1,1,AA7480,0,1,161
21,22,18:47:43,4,-1,-1,AA7480,0,1,244
0,1,19:01:35,4,-1,-1,AA7480,0,1,90
1,2,19:03:16,4,-1,3,AA7480,0,1,20
2,3,19:05:48,4,-1,3,AA7480,0,1,121
3,4,19:08:43,4,-1,1,AA7480,0,1,155
4,5,19:12:16,4,-1,1,AA7480,0,1,111
5,6,19:13:37,4,-1,1,AA7480,0,1,10
6,7,19:22:55,4,-1,1,AA7480,0,1,537
7,8,19:24:46,4,-1,2,AA7480,0,1,101
8,10,19:27:28,4,-1,1,AA7480,1,1,151
10,11,19:29:39,4,-1,1,AA7480,0,1,101
11,12,19:30:20,4,-1,2,AA7480,0,1,30
12,13,19:33:15,4,-1,2,AA7480,0,1,151
13,14,19:34:46,4,-1,2,AA7480,0,1,70
14,15,19:36:28,4,-1,-1,AA7480,0,1,40
15,16,19:38:59,4,-1,1,AA7480,0,1,141
16,17,19:46:18,4,-1,1,AA7480,0,1,367
18,19,19:52:24,4,-1,2,AA7480,0,1,225
19,22,20:00:02,4,-1,-1,AA7480,2,1,387
11,12,20:57:34,4,-1,1,AA7480,0,1,20
12,13,20:58:55,4,-1,1,AA7480,0,1,60
13,14,21:00:06,4,-1,1,AA7480,0,1,40
14,15,21:01:37,4,-1,-1,AA7480,0,1,70
15,16,21:04:18,4,-1,1,AA7480,0,1,151
16,17,21:11:16,4,-1,2,AA7480,0,1,357
17,18,21:12:07,4,-1,1,AA7480,0,1,10
18,19,21:17:43,4,-1,2,AA7480,0,1,265
19,20,21:20:55,4,-1,1,AA7480,0,1,141
20,21,21:23:17,4,-1,1,AA7480,0,1,131
21,22,21:25:08,4,-1,-1,AA7480,0,1,101
0,1,21:37:33,4,-1,-1,AA7480,0,1,10
1,2,21:40:55,4,-1,1,AA7480,0,1,191
2,3,21:43:27,4,-1,2,AA7480,0,1,101
3,4,21:45:38,4,-1,1,AA7480,0,1,70
4,5,21:49:13,4,-1,2,AA7480,0,1,143
5,6,21:50:33,4,-1,1,AA7480,0,1,10
6,7,22:00:44,4,-1,1,AA7480,0,1,559
7,8,22:02:35,4,-1,1,AA7480,0,1,101
8,9,22:04:16,4,-1,1,AA7480,0,1,90
9,10,22:05:37,4,-1,1,AA7480,0,1,40
10,11,22:10:31,4,-1,1,AA7480,0,1,122
11,13,22:14:47,4,-1,1,AA7480,1,1,225
13,14,22:16:48,4,-1,1,AA7480,0,1,40
14,15,22:19:10,4,-1,-1,AA7480,0,1,121
15,16,22:22:04,4,-1,1,AA7480,0,1,163
16,17,22:29:28,4,-1,1,AA7480,0,1,414
17,18,22:30:49,4,-1,1,AA7480,0,1,30
18,19,22:36:16,4,-1,2,AA7480,0,1,256
19,20,22:37:47,4,-1,1,AA7480,0,1,30
20,21,22:41:00,4,-1,1,AA7480,0,1,172
21,22,22:43:33,4,-1,-1,AA7480,0,1,123
0,1,22:53:24,4,-1,-1,AA7480,0,1,64
1,2,22:54:25,4,-1,2,AA7480,0,1,50
2,3,22:56:37,4,-1,2,AA7480,0,1,111
3,4,22:58:49,4,-1,1,AA7480,0,1,121
4,5,23:01:13,4,-1,1,AA7480,0,1,114
5,6,23:02:34,4,-1,1,AA7480,0,1,30
6,8,23:12:44,4,-1,2,AA7480,1,1,569
8,9,23:14:05,4,-1,1,AA7480,0,1,70
9,10,23:14:55,4,-1,1,AA7480,0,1,30
10,11,23:17:27,4,-1,1,AA7480,0,1,80
11,12,23:18:17,4,-1,1,AA7480,0,1,30
12,13,23:19:58,4,-1,1,AA7480,0,1,60
13,14,23:21:09,4,-1,1,AA7480,0,1,40
14,15,23:23:01,4,-1,-1,AA7480,0,1,50
15,16,23:25:24,4,-1,1,AA7480,0,1,122
16,17,23:32:09,4,-1,-1,AA7480,0,1,344
17,18,23:33:10,4,-1,-1,AA7480,0,1,20
18,19,23:37:35,4,-1,2,AA7480,0,1,202
19,20,23:40:47,4,-1,1,AA7480,0,1,121
20,21,23:43:29,4,-1,1,AA7480,0,1,151
21,22,23:45:21,4,-1,-1,AA7480,0,1,102
2,3,0:01:24,4,-1,-1,AA7489,0,1,74
3,4,0:02:05,4,-1,-1,AA7489,0,1,30
4,5,0:04:47,4,-1,-1,AA7489,0,1,121
5,6,0:05:47,4,-1,1,AA7489,0,1,30
6,7,0:13:47,4,-1,2,AA7489,0,1,448
7,8,0:15:28,4,-1,2,AA7489,0,1,91
8,9,0:16:39,4,-1,1,AA7489,0,1,40
9,10,0:17:19,4,-1,1,AA7489,0,1,30
10,11,0:19:10,4,-1,1,AA7489,0,1,90
11,12,0:19:42,4,-1,1,AA7489,0,1,22
12,13,0:21:03,4,-1,1,AA7489,0,1,50
13,14,0:22:04,4,-1,1,AA7489,0,1,40
14,15,0:23:05,4,-1,-1,AA7489,0,1,30
15,16,0:24:26,4,-1,1,AA7489,0,1,70
16,17,0:30:50,4,-1,1,AA7489,0,1,343
17,18,0:31:32,4,-1,1,AA7489,0,1,22
18,19,0:35:15,4,-1,2,AA7489,0,1,192
19,21,0:38:07,4,-1,1,AA7489,1,1,161
21,22,0:40:08,4,-1,-1,AA7489,0,1,90
0,1,1:21:48,4,-1,-1,AA7489,0,1,50
1,2,1:22:59,4,-1,1,AA7489,0,1,30
2,3,1:24:40,4,-1,1,AA7489,0,1,90
4,5,1:27:35,4,-1,1,AA7489,0,1,80
5,6,1:28:36,4,-1,1,AA7489,0,1,20
6,7,1:36:25,4,-1,1,AA7489,0,1,439
7,8,1:37:46,4,-1,2,AA7489,0,1,70
8,9,1:41:08,4,-1,1,AA7489,0,1,40
9,10,1:41:38,4,-1,1,AA7489,0,1,20
10,11,1:43:09,4,-1,1,AA7489,0,1,70
11,12,1:44:00,4,-1,1,AA7489,0,1,30
12,14,1:45:34,4,-1,1,AA7489,1,1,84
14,15,1:46:15,4,-1,-1,AA7489,0,1,30
15,16,1:47:15,4,-1,1,AA7489,0,1,50
16,17,1:54:00,4,-1,1,AA7489,0,1,363
17,18,1:54:53,4,-1,1,AA7489,0,1,20
18,19,1:58:36,4,-1,2,AA7489,0,1,192
19,21,2:00:58,4,-1,1,AA7489,1,1,132
21,22,2:02:49,4,-1,-1,AA7489,0,1,101
0,1,8:11:18,4,-1,-1,AA7489,0,1,50
1,3,8:18:26,4,-1,3,AA7489,1,1,367
3,4,8:25:46,4,-1,1,AA7489,0,1,217
4,5,8:30:30,4,-1,1,AA7489,0,1,162
5,6,8:31:50,4,-1,1,AA7489,0,1,30
6,7,8:41:13,4,-1,2,AA7489,0,1,508
7,8,8:45:07,4,-1,2,AA7489,0,1,192
8,9,8:48:09,4,-1,1,AA7489,0,1,171
9,10,8:49:20,4,-1,1,AA7489,0,1,40
10,11,8:51:42,4,-1,1,AA7489,0,1,132
11,12,8:53:14,4,-1,1,AA7489,0,1,61
12,13,8:58:29,4,-1,3,AA7489,0,1,182
13,14,8:59:50,4,-1,2,AA7489,0,1,40
14,15,9:01:22,4,-1,-1,AA7489,0,1,50
15,16,9:04:05,4,-1,1,AA7489,0,1,141
16,17,9:11:12,4,-1,1,AA7489,0,1,387
17,18,9:12:33,4,-1,1,AA7489,0,1,40
18,19,9:17:02,4,-1,3,AA7489,0,1,238
19,20,9:19:34,4,-1,1,AA7489,0,1,80
20,21,9:21:56,4,-1,1,AA7489,0,1,121
21,22,9:23:58,4,-1,-1,AA7489,0,1,101
0,1,9:35:59,4,-1,-1,AA7489,0,1,50
1,3,9:40:06,4,-1,2,AA7489,1,1,196
3,4,9:42:38,4,-1,1,AA7489,0,1,101
4,5,9:46:24,4,-1,1,AA7489,0,1,144
5,6,9:47:55,4,-1,1,AA7489,0,1,20
6,7,9:56:33,4,-1,1,AA7489,0,1,477
7,8,9:59:05,4,-1,1,AA7489,0,1,111
8,9,10:01:16,4,-1,1,AA7489,0,1,70
9,10,10:02:07,4,-1,1,AA7489,0,1,30
10,11,10:04:08,4,-1,1,AA7489,0,1,80
11,12,10:05:10,4,-1,1,AA7489,0,1,31
12,13,10:07:22,4,-1,1,AA7489,0,1,102
13,14,10:08:13,4,-1,1,AA7489,0,1,40
14,15,10:09:54,4,-1,-1,AA7489,0,1,80
15,16,10:12:26,4,-1,1,AA7489,0,1,121
16,17,10:19:44,4,-1,1,AA7489,0,1,397
17,18,10:21:05,4,-1,1,AA7489,0,1,30
18,19,10:25:48,4,-1,2,AA7489,0,1,232
19,20,10:29:04,4,-1,1,AA7489,0,1,115
20,21,10:32:37,4,-1,1,AA7489,0,1,151
21,22,10:34:38,4,-1,-1,AA7489,0,1,111
0,1,10:44:07,4,-1,-1,AA7489,0,1,50
1,2,10:47:53,4,-1,2,AA7489,0,1,194
2,3,10:51:45,4,-1,2,AA7489,0,1,70
3,4,10:54:48,4,-1,1,AA7489,0,1,132
4,5,10:58:15,4,-1,1,AA7489,0,1,131
5,6,10:59:46,4,-1,1,AA7489,0,1,30
6,7,11:10:36,4,-1,1,AA7489,0,1,497
7,8,11:12:47,4,-1,2,AA7489,0,1,111
8,9,11:15:09,4,-1,1,AA7489,0,1,111
9,10,11:16:10,4,-1,1,AA7489,0,1,30
10,11,11:18:34,4,-1,1,AA7489,0,1,91
11,12,11:19:35,4,-1,1,AA7489,0,1,30
12,13,11:20:57,4,-1,1,AA7489,0,1,50
13,14,11:21:58,4,-1,1,AA7489,0,1,40
14,15,11:23:29,4,-1,-1,AA7489,0,1,30
15,16,11:25:54,4,-1,1,AA7489,0,1,84
16,17,11:33:04,4,-1,1,AA7489,0,1,375
17,18,11:34:15,4,-1,1,AA7489,0,1,30
18,19,11:38:58,4,-1,2,AA7489,0,1,242
19,20,11:41:20,4,-1,2,AA7489,0,1,70
20,21,11:43:44,4,-1,1,AA7489,0,1,132
21,22,11:45:45,4,-1,-1,AA7489,0,1,91
0,1,11:58:26,4,-1,-1,AA7489,0,2,50
1,2,12:00:58,4,-1,3,AA7489,0,2,70
2,3,12:03:39,4,-1,2,AA7489,0,2,131
3,4,12:06:35,4,-1,1,AA7489,0,2,102
4,5,12:10:43,4,-1,1,AA7489,0,2,156
5,6,12:12:14,4,-1,1,AA7489,0,2,30
6,7,12:21:10,4,-1,2,AA7489,0,2,485
7,8,12:23:14,4,-1,2,AA7489,0,2,101
8,9,12:24:56,4,-1,1,AA7489,0,2,71
9,10,12:25:47,4,-1,1,AA7489,0,2,40
10,11,12:27:48,4,-1,1,AA7489,0,2,101
11,12,12:29:00,4,-1,1,AA7489,0,2,20
12,13,12:31:35,4,-1,1,AA7489,0,2,105
13,14,12:33:17,4,-1,1,AA7489,0,2,40
14,15,12:36:20,4,-1,-1,AA7489,0,2,60
15,16,12:38:26,4,-1,1,AA7489,0,2,101
16,17,12:45:44,4,-1,1,AA7489,0,2,377
17,18,12:47:05,4,-1,1,AA7489,0,2,40
18,19,12:52:09,4,-1,-1,AA7489,0,2,263
19,20,12:55:44,4,-1,1,AA7489,0,2,113
20,21,12:57:46,4,-1,1,AA7489,0,2,111
21,22,12:59:37,4,-1,-1,AA7489,0,2,91
0,1,14:56:55,4,-1,-1,AA7489,0,1,75
1,2,14:58:06,4,-1,3,AA7489,0,1,50
2,3,15:00:18,4,-1,3,AA7489,0,1,101
3,4,15:04:42,4,-1,1,AA7489,0,1,183
4,5,15:07:54,4,-1,1,AA7489,0,1,131
5,6,15:09:26,4,-1,1,AA7489,0,1,30
6,7,15:18:26,4,-1,1,AA7489,0,1,500
7,8,15:20:18,4,-1,3,AA7489,0,1,101
8,9,15:22:10,4,-1,1,AA7489,0,1,72
9,10,15:23:12,4,-1,1,AA7489,0,1,30
10,11,15:25:07,4,-1,1,AA7489,0,1,62
11,12,15:30:15,4,-1,3,AA7489,0,1,256
12,13,15:34:28,4,-1,2,AA7489,0,1,91
13,14,15:36:09,4,-1,2,AA7489,0,1,70
14,15,15:38:32,4,-1,-1,AA7489,0,1,31
15,16,15:40:44,4,-1,1,AA7489,0,1,91
16,17,15:52:06,4,-1,2,AA7489,0,1,642
17,18,15:53:17,4,-1,1,AA7489,0,1,30
18,19,15:57:51,4,-1,2,AA7489,0,1,233
19,20,16:00:37,4,-1,1,AA7489,0,1,83
20,21,16:03:19,4,-1,1,AA7489,0,1,141
21,22,16:05:02,4,-1,-1,AA7489,0,1,92
0,1,16:13:49,4,-1,-1,AA7489,0,1,60
1,2,16:15:34,4,-1,2,AA7489,0,1,94
2,3,16:18:16,4,-1,2,AA7489,0,1,91
3,4,16:20:58,4,-1,1,AA7489,0,1,101
4,5,16:25:32,4,-1,1,AA7489,0,1,213
5,6,16:26:43,4,-1,1,AA7489,0,1,30
6,7,16:36:32,4,-1,1,AA7489,0,1,558
7,8,16:38:54,4,-1,1,AA7489,0,1,131
8,9,16:40:15,4,-1,1,AA7489,0,1,60
9,10,16:41:06,4,-1,1,AA7489,0,1,30
10,11,16:44:48,4,-1,1,AA7489,0,1,212
11,12,16:46:09,4,-1,1,AA7489,0,1,30
12,13,16:47:33,4,-1,1,AA7489,0,1,63
13,14,16:49:25,4,-1,2,AA7489,0,1,80
14,15,16:52:27,4,-1,-1,AA7489,0,1,40
15,16,16:56:12,4,-1,1,AA7489,0,1,194
16,17,17:06:40,4,-1,1,AA7489,0,1,597
17,18,17:08:12,4,-1,1,AA7489,0,1,40
18,19,17:14:58,4,-1,3,AA7489,0,1,364
19,20,17:20:14,4,-1,1,AA7489,0,1,195
20,21,17:23:07,4,-1,1,AA7489,0,1,151
21,22,17:26:20,4,-1,-1,AA7489,0,1,70
17,18,17:55:10,4,-1,1,AA7489,0,1,40
18,21,18:11:28,4,-1,1,AA7489,2,1,944
21,22,18:15:26,4,-1,-1,AA7489,0,1,186
0,1,18:29:35,4,-1,-1,AA7489,0,1,80
1,2,18:32:17,4,-1,3,AA7489,0,1,80
2,3,18:34:59,4,-1,3,AA7489,0,1,121
3,4,18:36:33,4,-1,1,AA7489,0,1,43
4,5,18:40:46,4,-1,2,AA7489,0,1,212
5,6,18:41:47,4,-1,1,AA7489,0,1,20
6,7,18:52:06,4,-1,1,AA7489,0,1,578
7,8,18:53:37,4,-1,2,AA7489,0,1,80
8,9,18:55:38,4,-1,1,AA7489,0,1,60
9,10,18:56:59,4,-1,1,AA7489,0,1,30
10,11,19:02:56,4,-1,1,AA7489,0,1,313
11,12,19:03:26,4,-1,1,AA7489,0,1,20
12,13,19:05:58,4,-1,1,AA7489,0,1,121
13,14,19:07:19,4,-1,3,AA7489,0,1,40
14,15,19:10:14,4,-1,-1,AA7489,0,1,90
15,16,19:14:07,4,-1,1,AA7489,0,1,182
16,17,19:21:24,4,-1,1,AA7489,0,1,396
17,18,19:22:35,4,-1,1,AA7489,0,1,30
18,19,19:27:28,4,-1,3,AA7489,0,1,252
19,21,19:33:05,4,-1,1,AA7489,1,1,246
21,22,19:35:17,4,-1,-1,AA7489,0,1,90
0,1,20:26:08,4,-1,-1,AA7489,0,1,80
1,2,20:28:19,4,-1,2,AA7489,0,1,111
2,3,20:30:20,4,-1,1,AA7489,0,1,81
3,4,20:32:44,4,-1,1,AA7489,0,1,102
4,5,20:36:36,4,-1,1,AA7489,0,1,131
5,6,20:37:47,4,-1,1,AA7489,0,1,30
6,8,20:49:28,4,-1,2,AA7489,1,1,671
8,9,20:50:49,4,-1,1,AA7489,0,1,50
9,10,20:51:49,4,-1,1,AA7489,0,1,30
10,11,20:54:12,4,-1,1,AA7489,0,1,51
11,12,20:55:13,4,-1,1,AA7489,0,1,20
12,13,20:57:04,4,-1,1,AA7489,0,1,70
13,14,20:58:15,4,-1,1,AA7489,0,1,40
14,15,21:00:06,4,-1,-1,AA7489,0,1,30
15,16,21:01:57,4,-1,1,AA7489,0,1,80
16,17,21:08:45,4,-1,2,AA7489,0,1,367
17,18,21:09:45,4,-1,1,AA7489,0,1,30
18,19,21:13:58,4,-1,2,AA7489,0,1,202
19,20,21:17:20,4,-1,1,AA7489,0,1,161
20,21,21:19:55,4,-1,1,AA7489,0,1,141
21,22,21:22:26,4,-1,-1,AA7489,0,1,70
0,1,21:55:19,4,-1,-1,AA7489,0,1,60
1,2,21:56:50,4,-1,3,AA7489,0,1,70
2,3,21:58:12,4,-1,2,AA7489,0,1,40
3,4,22:00:44,4,-1,1,AA7489,0,1,100
4,5,22:03:25,4,-1,1,AA7489,0,1,121
5,6,22:04:36,4,-1,1,AA7489,0,1,20
6,7,22:12:55,4,-1,1,AA7489,0,1,458
7,8,22:14:57,4,-1,2,AA7489,0,1,112
8,9,22:15:58,4,-1,1,AA7489,0,1,40
9,10,22:16:59,4,-1,1,AA7489,0,1,30
10,11,22:18:50,4,-1,1,AA7489,0,1,50
11,12,22:19:52,4,-1,1,AA7489,0,1,20
12,13,22:21:53,4,-1,1,AA7489,0,1,70
13,14,22:22:54,4,-1,1,AA7489,0,1,30
14,15,22:24:25,4,-1,-1,AA7489,0,1,50
15,16,22:26:26,4,-1,1,AA7489,0,1,100
16,17,22:33:14,4,-1,1,AA7489,0,1,357
17,18,22:34:15,4,-1,1,AA7489,0,1,30
18,19,22:38:27,4,-1,2,AA7489,0,1,201
19,20,22:41:00,4,-1,1,AA7489,0,1,122
20,21,22:42:53,4,-1,1,AA7489,0,1,103
21,22,22:44:54,4,-1,-1,AA7489,0,1,80
0,1,23:09:18,4,-1,-1,AA7489,0,1,30
1,2,23:11:20,4,-1,2,AA7489,0,1,80
2,3,23:13:04,4,-1,2,AA7489,0,1,40
3,4,23:14:35,4,-1,1,AA7489,0,1,50
4,5,23:17:47,4,-1,1,AA7489,0,1,161
5,6,23:19:08,4,-1,1,AA7489,0,1,30
6,7,23:26:55,4,-1,1,AA7489,0,1,446
7,8,23:30:08,4,-1,-1,AA7489,0,1,142
8,9,23:31:28,4,-1,-1,AA7489,0,1,50
9,10,23:32:09,4,-1,-1,AA7489,0,1,30
10,11,23:34:13,4,-1,-1,AA7489,0,1,94
11,12,23:35:24,4,-1,1,AA7489,0,1,30
12,14,23:37:25,4,-1,1,AA7489,1,1,100
14,15,23:38:56,4,-1,-1,AA7489,0,1,30
15,16,23:40:27,4,-1,1,AA7489,0,1,70
16,17,23:46:53,4,-1,1,AA7489,0,1,355
17,18,23:48:04,4,-1,1,AA7489,0,1,30
18,19,23:51:46,4,-1,2,AA7489,0,1,191
19,20,23:54:18,4,-1,1,AA7489,0,1,111
20,21,23:55:29,4,-1,1,AA7489,0,1,60
21,22,23:57:30,4,-1,-1,AA7489,0,1,80
0,1,6:54:47,4,-1,-1,AA7517,0,1,40
1,2,6:56:28,4,-1,2,AA7517,0,1,50
2,3,6:58:19,4,-1,2,AA7517,0,1,50
3,4,7:00:24,4,-1,1,AA7517,0,1,63
4,5,7:04:16,4,-1,1,AA7517,0,1,151
5,6,7:05:37,4,-1,1,AA7517,0,1,30
6,7,7:14:06,4,-1,1,AA7517,0,1,468
7,8,7:16:28,4,-1,2,AA7517,0,1,101
8,9,7:17:59,4,-1,1,AA7517,0,1,60
9,10,7:19:00,4,-1,1,AA7517,0,1,30
10,11,7:20:35,4,-1,1,AA7517,0,1,53
11,12,7:21:25,4,-1,1,AA7517,0,1,30
12,13,7:22:36,4,-1,1,AA7517,0,1,40
13,14,7:23:37,4,-1,1,AA7517,0,1,30
14,15,7:25:29,4,-1,-1,AA7517,0,1,71
15,16,7:28:34,4,-1,1,AA7517,0,1,124
16,17,7:35:32,4,-1,1,AA7517,0,1,367
17,18,7:36:33,4,-1,1,AA7517,0,1,20
18,19,7:40:46,4,-1,2,AA7517,0,1,212
19,20,7:43:28,4,-1,1,AA7517,0,1,70
20,21,7:45:50,4,-1,1,AA7517,0,1,121
21,22,7:48:16,4,-1,-1,AA7517,0,1,101
0,1,15:08:15,4,-1,-1,AA7523,0,1,152
1,2,15:10:26,4,-1,3,AA7523,0,1,80
2,3,15:13:28,4,-1,3,AA7523,0,1,101
3,4,15:17:36,4,-1,1,AA7523,0,1,135
4,5,15:21:18,4,-1,1,AA7523,0,1,151
5,6,15:22:31,4,-1,1,AA7523,0,1,41
6,7,15:32:17,4,-1,1,AA7523,0,1,512
7,8,15:34:08,4,-1,2,AA7523,0,1,101
8,9,15:35:59,4,-1,1,AA7523,0,1,60
9,10,15:36:40,4,-1,1,AA7523,0,1,30
10,11,15:40:44,4,-1,1,AA7523,0,1,193
11,12,15:41:55,4,-1,1,AA7523,0,1,30
12,13,15:44:37,4,-1,1,AA7523,0,1,80
13,14,15:45:28,4,-1,2,AA7523,0,1,40
14,15,15:46:49,4,-1,-1,AA7523,0,1,20
15,16,15:49:44,4,-1,1,AA7523,0,1,145
16,17,16:03:40,4,-1,1,AA7523,0,1,804
17,18,16:05:02,4,-1,1,AA7523,0,1,41
18,19,16:09:25,4,-1,3,AA7523,0,1,222
19,20,16:11:57,4,-1,1,AA7523,0,1,60
20,21,16:15:24,4,-1,1,AA7523,0,1,196
21,22,16:18:06,4,-1,-1,AA7523,0,1,111
1,2,16:27:03,4,-1,3,AA7523,0,1,40
2,3,16:29:45,4,-1,3,AA7523,0,1,81
3,4,16:32:17,4,-1,1,AA7523,0,1,111
4,5,16:35:51,4,-1,1,AA7523,0,1,142
5,6,16:36:52,4,-1,1,AA7523,0,1,20
6,7,16:46:50,4,-1,1,AA7523,0,1,567
7,8,16:49:04,4,-1,2,AA7523,0,1,104
8,9,16:50:46,4,-1,1,AA7523,0,1,60
9,10,16:51:26,4,-1,1,AA7523,0,1,30
10,11,16:53:18,4,-1,1,AA7523,0,1,60
11,12,16:53:58,4,-1,1,AA7523,0,1,20
12,13,16:55:42,4,-1,1,AA7523,0,1,72
13,14,16:58:04,4,-1,2,AA7523,0,1,111
14,15,17:00:45,4,-1,-1,AA7523,0,1,40
15,16,17:03:58,4,-1,1,AA7523,0,1,131
16,17,17:12:26,4,-1,1,AA7523,0,1,457
17,18,17:13:47,4,-1,1,AA7523,0,1,30
18,19,17:19:34,4,-1,3,AA7523,0,1,296
19,20,17:24:38,4,-1,1,AA7523,0,1,172
20,22,17:29:37,4,-1,-1,AA7523,1,1,247
0,1,17:40:57,4,-1,-1,AA7523,0,1,50
1,2,17:42:38,4,-1,3,AA7523,0,1,40
2,3,17:47:34,4,-1,3,AA7523,0,1,164
3,4,17:49:56,4,-1,1,AA7523,0,1,91
4,5,17:53:59,4,-1,2,AA7523,0,1,192
5,6,17:55:33,4,-1,1,AA7523,0,1,43
6,7,18:06:55,4,-1,1,AA7523,0,1,631
7,8,18:10:07,4,-1,2,AA7523,0,1,161
8,9,18:11:39,4,-1,1,AA7523,0,1,60
9,10,18:12:29,4,-1,1,AA7523,0,1,30
10,11,18:17:08,4,-1,1,AA7523,0,1,163
11,12,18:18:29,4,-1,2,AA7523,0,1,30
12,13,18:22:05,4,-1,1,AA7523,0,1,135
13,14,18:25:08,4,-1,3,AA7523,0,1,111
14,15,18:27:43,4,-1,-1,AA7523,0,1,53
15,16,18:31:06,4,-1,1,AA7523,0,1,182
16,17,18:38:25,4,-1,3,AA7523,0,1,398
17,18,18:39:56,4,-1,1,AA7523,0,1,50
18,19,18:48:14,4,-1,3,AA7523,0,1,426
19,20,18:53:07,4,-1,1,AA7523,0,1,141
20,21,18:57:43,4,-1,1,AA7523,0,1,265
21,22,19:00:55,4,-1,-1,AA7523,0,1,101
0,1,19:12:06,4,-1,-1,AA7523,0,1,50
1,2,19:14:48,4,-1,2,AA7523,0,1,60
2,3,19:17:39,4,-1,2,AA7523,0,1,90
3,4,19:20:13,4,-1,1,AA7523,0,1,113
4,5,19:23:05,4,-1,1,AA7523,0,1,141
5,6,19:24:16,4,-1,1,AA7523,0,1,30
6,8,19:35:06,4,-1,1,AA7523,1,1,620
8,9,19:36:48,4,-1,1,AA7523,0,1,70
9,10,19:37:38,4,-1,1,AA7523,0,1,30
10,11,19:39:09,4,-1,1,AA7523,0,1,60
11,12,19:40:20,4,-1,1,AA7523,0,1,20
12,13,19:42:33,4,-1,1,AA7523,0,1,90
13,14,19:44:35,4,-1,2,AA7523,0,1,50
14,15,19:46:08,4,-1,-1,AA7523,0,1,30
15,16,19:48:49,4,-1,1,AA7523,0,1,131
16,17,19:55:26,4,-1,1,AA7523,0,1,366
17,18,19:56:27,4,-1,1,AA7523,0,1,30
18,19,20:00:53,4,-1,2,AA7523,0,1,225
19,20,20:04:06,4,-1,1,AA7523,0,1,132
20,21,20:06:37,4,-1,1,AA7523,0,1,141
21,22,20:08:49,4,-1,-1,AA7523,0,1,101
19,20,0:00:44,4,-1,-1,AA7560,0,1,109
20,21,0:03:46,4,-1,-1,AA7560,0,1,161
21,22,0:05:47,4,-1,-1,AA7560,0,1,80
0,1,0:15:08,4,-1,-1,AA7560,0,1,60
1,2,0:16:08,4,-1,1,AA7560,0,1,20
2,3,0:18:10,4,-1,1,AA7560,0,1,50
3,4,0:20:23,4,-1,1,AA7560,0,1,102
4,5,0:22:55,4,-1,1,AA7560,0,1,111
5,6,0:23:55,4,-1,1,AA7560,0,1,20
6,7,0:32:02,4,-1,1,AA7560,0,1,456
7,8,0:33:33,4,-1,1,AA7560,0,1,80
8,9,0:34:44,4,-1,1,AA7560,0,1,60
9,10,0:35:35,4,-1,1,AA7560,0,1,30
10,11,0:37:06,4,-1,1,AA7560,0,1,70
11,12,0:38:07,4,-1,1,AA7560,0,1,20
12,13,0:39:28,4,-1,1,AA7560,0,1,60
13,14,0:40:28,4,-1,1,AA7560,0,1,40
14,15,0:41:49,4,-1,-1,AA7560,0,1,30
15,16,0:43:44,4,-1,1,AA7560,0,1,84
16,17,0:50:28,4,-1,1,AA7560,0,1,384
17,18,0:51:19,4,-1,1,AA7560,0,1,10
18,19,0:55:14,4,-1,2,AA7560,0,1,194
19,20,0:57:36,4,-1,1,AA7560,0,1,121
20,21,0:59:37,4,-1,1,AA7560,0,1,111
21,22,1:01:18,4,-1,-1,AA7560,0,1,90
0,1,15:32:17,4,-1,-1,AB4465,0,1,81
1,2,15:34:38,4,-1,3,AB4465,0,1,131
2,3,15:36:40,4,-1,2,AB4465,0,1,50
3,4,15:39:13,4,-1,1,AB4465,0,1,51
4,5,15:42:56,4,-1,1,AB4465,0,1,141
5,6,15:44:17,4,-1,1,AB4465,0,1,20
6,7,15:53:07,4,-1,1,AB4465,0,1,500
7,8,15:54:38,4,-1,1,AB4465,0,1,80
8,9,15:56:29,4,-1,1,AB4465,0,1,70
9,10,15:57:10,4,-1,1,AB4465,0,1,30
10,11,15:59:14,4,-1,1,AB4465,0,1,83
11,12,16:00:15,4,-1,1,AB4465,0,1,20
12,13,16:02:19,4,-1,1,AB4465,0,1,91
13,14,16:03:09,4,-1,2,AB4465,0,1,30
14,15,16:05:02,4,-1,-1,AB4465,0,1,30
15,16,16:07:44,4,-1,1,AB4465,0,1,121
16,17,16:23:41,4,-1,1,AB4465,0,1,926
17,18,16:24:42,4,-1,1,AB4465,0,1,20
18,19,16:29:55,4,-1,3,AB4465,0,1,273
19,20,16:33:59,4,-1,1,AB4465,0,1,121
20,21,16:37:23,4,-1,1,AB4465,0,1,193
21,22,16:40:25,4,-1,-1,AB4465,0,1,80
16,17,0:05:58,5,-1,1,AA6835,0,1,394
17,18,0:07:29,5,-1,1,AA6835,0,1,40
18,19,0:11:34,5,-1,2,AA6835,0,1,205
19,20,0:14:16,5,-1,1,AA6835,0,1,121
20,21,0:16:17,5,-1,1,AA6835,0,1,111
21,22,0:18:08,5,-1,-1,AA6835,0,1,80
0,1,0:37:16,5,-1,-1,AA6835,0,1,40
1,2,0:39:48,5,-1,1,AA6835,0,1,101
2,3,0:41:19,5,-1,1,AA6835,0,1,10
3,4,0:42:19,5,-1,1,AA6835,0,1,40
4,5,0:45:43,5,-1,1,AA6835,0,1,143
5,6,0:46:44,5,-1,1,AA6835,0,1,20
6,7,0:54:49,5,-1,1,AA6835,0,1,454
7,8,0:56:12,5,-1,1,AA6835,0,1,71
8,9,0:57:12,5,-1,1,AA6835,0,1,40
9,10,0:57:44,5,-1,1,AA6835,0,1,21
10,11,0:59:25,5,-1,1,AA6835,0,1,70
11,12,1:00:15,5,-1,1,AA6835,0,1,30
12,13,1:01:36,5,-1,1,AA6835,0,1,60
13,14,1:02:37,5,-1,1,AA6835,0,1,30
14,15,1:03:47,5,-1,-1,AA6835,0,1,50
15,16,1:05:18,5,-1,1,AA6835,0,1,60
16,17,1:11:46,5,-1,1,AA6835,0,1,346
17,18,1:12:46,5,-1,1,AA6835,0,1,30
18,19,1:16:49,5,-1,2,AA6835,0,1,212
19,22,1:21:25,5,-1,-1,AA6835,2,1,266
6,7,0:00:14,5,-1,1,AA7242,0,1,447
7,8,0:01:35,5,-1,2,AA7242,0,1,70
8,9,0:02:46,5,-1,1,AA7242,0,1,40
9,10,0:03:26,5,-1,1,AA7242,0,1,20
10,11,0:05:48,5,-1,1,AA7242,0,1,90
11,12,0:06:28,5,-1,1,AA7242,0,1,20
12,14,0:08:19,5,-1,1,AA7242,1,1,101
14,15,0:09:33,5,-1,-1,AA7242,0,1,23
15,16,0:11:24,5,-1,1,AA7242,0,1,80
16,17,0:18:08,5,-1,1,AA7242,0,1,373
17,18,0:19:19,5,-1,1,AA7242,0,1,20
18,19,0:23:34,5,-1,2,AA7242,0,1,214
19,20,0:25:48,5,-1,1,AA7242,0,1,50
20,21,0:27:59,5,-1,1,AA7242,0,1,111
21,22,0:30:01,5,-1,-1,AA7242,0,1,91
0,1,0:53:28,5,-1,-1,AA7242,0,1,50
1,2,0:54:28,5,-1,1,AA7242,0,1,30
2,3,0:56:32,5,-1,1,AA7242,0,1,40
3,4,0:57:12,5,-1,1,AA7242,0,1,20
4,5,0:59:55,5,-1,1,AA7242,0,1,121
5,6,1:00:56,5,-1,1,AA7242,0,1,20
6,7,1:09:04,5,-1,1,AA7242,0,1,457
7,8,1:11:05,5,-1,2,AA7242,0,1,111
8,9,1:12:06,5,-1,1,AA7242,0,1,30
9,10,1:12:46,5,-1,1,AA7242,0,1,20
10,11,1:14:17,5,-1,1,AA7242,0,1,60
11,12,1:14:47,5,-1,1,AA7242,0,1,20
12,13,1:15:48,5,-1,1,AA7242,0,1,50
13,14,1:16:39,5,-1,1,AA7242,0,1,20
14,15,1:18:10,5,-1,-1,AA7242,0,1,30
15,16,1:19:43,5,-1,1,AA7242,0,1,60
16,17,1:26:08,5,-1,1,AA7242,0,1,354
17,18,1:26:59,5,-1,1,AA7242,0,1,30
18,19,1:30:32,5,-1,2,AA7242,0,1,203
19,21,1:35:04,5,-1,1,AA7242,1,1,262
21,22,1:36:55,5,-1,-1,AA7242,0,1,80
0,1,0:01:25,5,-1,-1,AA7480,0,1,40
1,2,0:03:16,5,-1,1,AA7480,0,1,70
2,3,0:05:17,5,-1,2,AA7480,0,1,50
3,4,0:07:08,5,-1,1,AA7480,0,1,40
4,5,0:10:54,5,-1,1,AA7480,0,1,124
6,7,0:20:30,5,-1,1,AA7480,0,1,474
7,9,0:23:34,5,-1,1,AA7480,1,1,122
9,10,0:24:37,5,-1,1,AA7480,0,1,32
10,12,0:27:19,5,-1,1,AA7480,1,1,80
12,14,0:30:01,5,-1,1,AA7480,1,1,112
14,15,0:31:43,5,-1,-1,AA7480,0,1,20
15,16,0:34:04,5,-1,1,AA7480,0,1,70
16,17,0:40:58,5,-1,1,AA7480,0,1,404
18,19,0:45:53,5,-1,2,AA7480,0,1,213
20,21,1:55:02,5,-1,1,AA7480,0,1,113
21,22,1:56:13,5,-1,-1,AA7480,0,1,60
0,1,0:19:19,5,-1,-1,AA7489,0,1,60
1,2,0:20:40,5,-1,1,AA7489,0,1,10
2,3,0:23:14,5,-1,1,AA7489,0,1,113
3,4,0:23:55,5,-1,1,AA7489,0,1,20
4,5,0:26:18,5,-1,1,AA7489,0,1,113
5,6,0:27:29,5,-1,1,AA7489,0,1,20
6,7,0:35:35,5,-1,1,AA7489,0,1,445
7,8,0:37:26,5,-1,1,AA7489,0,1,101
8,9,0:38:27,5,-1,1,AA7489,0,1,40
9,10,0:39:07,5,-1,1,AA7489,0,1,30
10,11,0:40:48,5,-1,1,AA7489,0,1,50
11,12,0:41:39,5,-1,1,AA7489,0,1,20
12,13,0:43:10,5,-1,1,AA7489,0,1,60
13,14,0:43:52,5,-1,1,AA7489,0,1,32
14,15,0:45:03,5,-1,-1,AA7489,0,1,20
15,16,0:47:04,5,-1,1,AA7489,0,1,90
16,17,0:53:28,5,-1,1,AA7489,0,1,353
17,18,0:54:08,5,-1,1,AA7489,0,1,30
18,19,0:57:44,5,-1,2,AA7489,0,1,185
19,20,1:00:46,5,-1,1,AA7489,0,1,101
20,21,1:02:57,5,-1,1,AA7489,0,1,111
21,22,1:04:48,5,-1,-1,AA7489,0,1,90
0,1,1:21:25,5,-1,-1,AA7489,0,1,50
1,2,1:23:06,5,-1,1,AA7489,0,1,90
2,3,1:24:37,5,-1,1,AA7489,0,1,30
3,4,1:25:28,5,-1,1,AA7489,0,1,20
4,5,1:27:29,5,-1,1,AA7489,0,1,111
5,6,1:28:09,5,-1,1,AA7489,0,1,10
6,7,1:36:15,5,-1,1,AA7489,0,1,445
7,8,1:38:06,5,-1,-1,AA7489,0,1,100
8,9,1:41:08,5,-1,1,AA7489,0,1,50
9,10,1:41:48,5,-1,1,AA7489,0,1,30
10,11,1:43:19,5,-1,1,AA7489,0,1,80
11,12,1:43:49,5,-1,1,AA7489,0,1,20
12,13,1:45:04,5,-1,1,AA7489,0,1,44
13,14,1:45:45,5,-1,1,AA7489,0,1,30
14,15,1:46:45,5,-1,-1,AA7489,0,1,30
15,16,1:48:36,5,-1,1,AA7489,0,1,90
16,17,1:54:42,5,-1,1,AA7489,0,1,345
17,18,1:55:32,5,-1,1,AA7489,0,1,30
18,19,1:59:16,5,-1,2,AA7489,0,1,192
19,20,2:00:47,5,-1,1,AA7489,0,1,50
20,21,2:02:58,5,-1,1,AA7489,0,1,100
21,22,2:04:59,5,-1,-1,AA7489,0,1,111
0,2,6:33:52,1,-1,2,AA6482,1,1,174
2,3,6:36:36,1,-1,2,AA6482,0,1,153
3,4,6:38:47,1,-1,1,AA6482,0,1,70
4,5,6:41:34,1,-1,1,AA6482,0,1,125
5,6,6:43:04,1,-1,1,AA6482,0,1,20
6,7,6:51:41,1,-1,1,AA6482,0,1,476
7,8,6:53:54,1,-1,-1,AA6482,0,1,112
8,9,6:55:04,1,-1,1,AA6482,0,1,50
9,10,6:55:45,1,-1,1,AA6482,0,1,20
10,11,6:57:46,1,-1,1,AA6482,0,1,101
11,12,6:58:27,1,-1,1,AA6482,0,1,20
12,13,6:59:49,1,-1,1,AA6482,0,1,50
13,14,7:00:29,1,-1,1,AA6482,0,1,30
14,15,7:02:04,1,-1,-1,AA6482,0,1,30
15,16,7:04:26,1,-1,1,AA6482,0,1,101
16,17,7:10:54,1,-1,1,AA6482,0,1,368
17,18,7:11:55,1,-1,1,AA6482,0,1,20
18,19,7:15:49,1,-1,2,AA6482,0,1,192
19,20,7:17:50,1,-1,1,AA6482,0,1,101
20,21,7:19:56,1,-1,1,AA6482,0,1,81
21,22,7:21:37,1,-1,-1,AA6482,0,1,60
0,1,7:35:21,1,-1,-1,AA6482,0,1,732
1,2,7:38:37,1,-1,2,AA6482,0,1,172
2,3,7:42:20,1,-1,3,AA6482,0,1,212
3,4,7:47:27,1,-1,1,AA6482,0,1,161
4,5,7:52:22,1,-1,1,AA6482,0,1,264
5,6,7:54:03,1,-1,1,AA6482,0,1,20
6,7,8:03:00,1,-1,1,AA6482,0,1,485
7,8,8:05:22,1,-1,2,AA6482,0,1,122
8,9,8:06:55,1,-1,1,AA6482,0,1,60
9,10,8:08:06,1,-1,1,AA6482,0,1,40
10,11,8:09:37,1,-1,1,AA6482,0,1,80
11,12,8:10:27,1,-1,-1,AA6482,0,1,20
12,13,8:12:09,1,-1,-1,AA6482,0,1,60
13,14,8:13:29,1,-1,-1,AA6482,0,1,40
14,15,8:16:04,1,-1,-1,AA6482,0,1,30
15,16,8:19:46,1,-1,1,AA6482,0,1,121
16,17,8:26:32,1,-1,1,AA6482,0,1,365
17,18,8:27:43,1,-1,1,AA6482,0,1,30
18,19,8:31:47,1,-1,2,AA6482,0,1,203
19,20,8:39:05,1,-1,2,AA6482,0,1,336
20,21,8:42:07,1,-1,1,AA6482,0,1,172
21,22,8:44:19,1,-1,-1,AA6482,0,1,70
0,1,8:56:18,1,-1,-1,AA6482,0,1,520
1,2,8:58:29,1,-1,3,AA6482,0,1,111
2,3,9:00:13,1,-1,3,AA6482,0,1,40
3,5,9:06:17,1,-1,1,AA6482,1,1,273
5,6,9:07:48,1,-1,1,AA6482,0,1,20
6,7,9:16:28,1,-1,1,AA6482,0,1,459
7,8,9:18:19,1,-1,-1,AA6482,0,1,90
8,9,9:20:02,1,-1,1,AA6482,0,1,83
9,10,9:20:43,1,-1,1,AA6482,0,1,30
10,11,9:23:05,1,-1,1,AA6482,0,1,102
11,12,9:23:56,1,-1,2,AA6482,0,1,20
12,13,9:27:28,1,-1,2,AA6482,0,1,131
13,14,9:28:19,1,-1,1,AA6482,0,1,40
14,15,9:29:42,1,-1,-1,AA6482,0,1,32
15,16,9:32:25,1,-1,1,AA6482,0,1,132
16,17,9:38:54,1,-1,1,AA6482,0,1,368
17,18,9:40:05,1,-1,1,AA6482,0,1,30
18,19,9:44:18,1,-1,3,AA6482,0,1,202
19,21,9:49:45,1,-1,1,AA6482,1,1,306
21,22,9:52:06,1,-1,-1,AA6482,0,1,91
0,2,10:07:33,1,-1,3,AA6482,1,1,204
2,3,10:09:36,1,-1,2,AA6482,0,1,61
3,4,10:11:17,1,-1,1,AA6482,0,1,50
4,5,10:14:39,1,-1,1,AA6482,0,1,121
5,6,10:15:55,1,-1,1,AA6482,0,1,10
6,7,10:24:17,1,-1,1,AA6482,0,1,451
7,8,10:26:39,1,-1,2,AA6482,0,1,101
8,9,10:29:00,1,-1,1,AA6482,0,1,101
9,10,10:29:44,1,-1,1,AA6482,0,1,33
10,11,10:32:26,1,-1,1,AA6482,0,1,111
11,12,10:33:27,1,-1,1,AA6482,0,1,20
12,13,10:35:48,1,-1,1,AA6482,0,1,101
13,14,10:37:09,1,-1,1,AA6482,0,1,50
14,15,10:38:10,1,-1,-1,AA6482,0,1,40
15,16,10:41:06,1,-1,1,AA6482,0,1,141
16,17,10:48:35,1,-1,1,AA6482,0,1,408
17,18,10:50:06,1,-1,1,AA6482,0,1,20
18,19,10:54:28,1,-1,2,AA6482,0,1,192
19,21,11:00:57,1,-1,1,AA6482,1,1,368
21,22,11:02:08,1,-1,-1,AA6482,0,1,60
0,1,11:49:14,1,-1,-1,AA6482,0,1,2098
1,2,11:52:06,1,-1,2,AA6482,0,1,121
2,3,11:53:57,1,-1,2,AA6482,0,1,40
3,4,11:56:49,1,-1,1,AA6482,0,1,80
4,5,12:00:14,1,-1,1,AA6482,0,1,134
5,6,12:01:35,1,-1,1,AA6482,0,1,20
6,7,12:09:44,1,-1,1,AA6482,0,1,448
7,8,12:12:26,1,-1,2,AA6482,0,1,131
8,9,12:14:18,1,-1,1,AA6482,0,1,101
9,10,12:14:58,1,-1,1,AA6482,0,1,30
10,11,12:17:10,1,-1,1,AA6482,0,1,111
11,12,12:18:15,1,-1,1,AA6482,0,1,30
12,13,12:20:16,1,-1,1,AA6482,0,1,80
13,14,12:21:37,1,-1,1,AA6482,0,1,40
14,15,12:23:18,1,-1,-1,AA6482,0,1,40
15,16,12:25:30,1,-1,1,AA6482,0,1,81
16,17,12:32:16,1,-1,1,AA6482,0,1,365
17,18,12:33:47,1,-1,1,AA6482,0,1,50
18,19,12:38:02,1,-1,2,AA6482,0,1,203
19,21,12:42:35,1,-1,1,AA6482,1,1,192
21,22,12:43:56,1,-1,-1,AA6482,0,1,70
0,1,13:06:24,1,-1,-1,AA6482,0,1,93
1,2,13:08:45,1,-1,2,AA6482,0,1,91
2,3,13:10:37,1,-1,2,AA6482,0,1,20
3,4,13:12:48,1,-1,1,AA6482,0,1,40
4,5,13:16:34,1,-1,1,AA6482,0,1,154
5,6,13:17:55,1,-1,1,AA6482,0,1,30
6,7,13:27:05,1,-1,2,AA6482,0,1,509
7,8,13:30:06,1,-1,2,AA6482,0,1,171
8,9,13:31:37,1,-1,1,AA6482,0,1,70
9,10,13:32:28,1,-1,1,AA6482,0,1,30
10,11,13:34:09,1,-1,1,AA6482,0,1,80
11,12,13:34:50,1,-1,1,AA6482,0,1,30
12,13,13:36:22,1,-1,1,AA6482,0,1,61
13,14,13:37:02,1,-1,1,AA6482,0,1,30
14,15,13:38:23,1,-1,-1,AA6482,0,1,40
15,16,13:41:07,1,-1,1,AA6482,0,1,132
16,17,13:48:05,1,-1,1,AA6482,0,1,377
17,18,13:49:16,1,-1,1,AA6482,0,1,20
18,19,13:53:18,1,-1,-1,AA6482,0,1,202
19,20,13:56:11,1,-1,1,AA6482,0,1,90
20,21,14:00:18,1,-1,1,AA6482,0,1,237
21,22,14:01:19,1,-1,-1,AA6482,0,1,50
0,1,14:19:29,1,-1,-1,AA6482,0,1,975
1,2,14:21:03,1,-1,3,AA6482,0,1,83
2,3,14:23:45,1,-1,2,AA6482,0,1,80
3,4,14:26:17,1,-1,1,AA6482,0,1,40
4,5,14:29:32,1,-1,1,AA6482,0,1,134
5,6,14:31:23,1,-1,1,AA6482,0,1,20
6,7,14:39:38,1,-1,2,AA6482,0,1,444
7,8,14:41:50,1,-1,2,AA6482,0,1,121
8,9,14:43:25,1,-1,1,AA6482,0,1,74
9,10,14:44:05,1,-1,1,AA6482,0,1,30
10,11,14:46:16,1,-1,1,AA6482,0,1,111
11,12,14:46:57,1,-1,1,AA6482,0,1,30
12,13,14:49:09,1,-1,1,AA6482,0,1,111
13,14,14:49:59,1,-1,1,AA6482,0,1,30
14,15,14:51:32,1,-1,-1,AA6482,0,1,31
15,16,14:54:34,1,-1,-1,AA6482,0,1,121
16,17,15:01:49,1,-1,-1,AA6482,0,1,384
17,18,15:03:00,1,-1,-1,AA6482,0,1,30
18,19,15:07:36,1,-1,2,AA6482,0,1,236
19,20,15:10:58,1,-1,1,AA6482,0,1,141
20,21,15:15:15,1,-1,1,AA6482,0,1,236
21,22,15:17:27,1,-1,-1,AA6482,0,1,91
0,1,15:37:18,1,-1,-1,AA6482,0,1,70
1,2,15:39:50,1,-1,3,AA6482,0,1,80
2,3,15:41:24,1,-1,2,AA6482,0,1,40
3,4,15:43:37,1,-1,1,AA6482,0,1,30
4,5,15:47:19,1,-1,2,AA6482,0,1,131
5,6,15:48:34,1,-1,1,AA6482,0,1,34
6,7,15:57:25,1,-1,1,AA6482,0,1,510
7,8,15:58:56,1,-1,1,AA6482,0,1,80
8,9,16:00:07,1,-1,1,AA6482,0,1,40
9,10,16:00:37,1,-1,1,AA6482,0,1,20
10,11,16:02:48,1,-1,1,AA6482,0,1,111
11,12,16:03:29,1,-1,1,AA6482,0,1,20
12,13,16:04:50,1,-1,1,AA6482,0,1,50
13,14,16:05:35,1,-1,2,AA6482,0,1,35
14,15,16:07:37,1,-1,-1,AA6482,0,1,40
15,16,16:09:58,1,-1,1,AA6482,0,1,131
16,17,16:17:08,1,-1,3,AA6482,0,1,378
17,18,16:18:19,1,-1,1,AA6482,0,1,30
18,19,16:22:44,1,-1,3,AA6482,0,1,255
19,20,16:26:19,1,-1,1,AA6482,0,1,101
20,21,16:29:54,1,-1,1,AA6482,0,1,174
21,22,16:32:36,1,-1,-1,AA6482,0,1,131
0,1,16:46:12,1,-1,-1,AA6482,0,1,93
1,2,16:48:45,1,-1,2,AA6482,0,1,70
2,3,16:51:58,1,-1,2,AA6482,0,1,60
3,4,16:55:45,1,-1,1,AA6482,0,1,155
4,5,16:58:48,1,-1,1,AA6482,0,1,142
5,6,17:00:19,1,-1,1,AA6482,0,1,20
6,7,17:09:04,1,-1,1,AA6482,0,1,494
7,8,17:11:05,1,-1,2,AA6482,0,1,111
8,10,17:13:37,1,-1,1,AA6482,1,1,141
10,11,17:15:18,1,-1,1,AA6482,0,1,90
11,12,17:16:19,1,-1,1,AA6482,0,1,20
12,13,17:18:00,1,-1,1,AA6482,0,1,70
13,14,17:19:33,1,-1,2,AA6482,0,1,72
14,15,17:21:24,1,-1,-1,AA6482,0,1,50
15,16,17:24:47,1,-1,1,AA6482,0,1,142
16,17,17:31:25,1,-1,1,AA6482,0,1,356
17,18,17:32:35,1,-1,1,AA6482,0,1,30
18,19,17:36:58,1,-1,3,AA6482,0,1,232
19,20,17:41:24,1,-1,2,AA6482,0,1,112
20,21,17:44:17,1,-1,1,AA6482,0,1,162
21,22,17:46:28,1,-1,-1,AA6482,0,1,101
0,1,18:01:03,1,-1,-1,AA6482,0,1,40
1,2,18:04:16,1,-1,3,AA6482,0,1,60
2,3,18:07:18,1,-1,2,AA6482,0,1,121
3,4,18:10:20,1,-1,1,AA6482,0,1,131
4,5,18:13:34,1,-1,1,AA6482,0,1,111
5,6,18:14:54,1,-1,1,AA6482,0,1,30
6,7,18:25:13,1,-1,1,AA6482,0,1,557
7,8,18:27:45,1,-1,1,AA6482,0,1,121
8,9,18:29:06,1,-1,1,AA6482,0,1,70
9,10,18:29:56,1,-1,1,AA6482,0,1,30
10,11,18:32:38,1,-1,1,AA6482,0,1,121
11,12,18:34:09,1,-1,1,AA6482,0,1,30
12,13,18:37:01,1,-1,1,AA6482,0,1,101
13,14,18:38:44,1,-1,3,AA6482,0,1,50
14,15,18:41:07,1,-1,-1,AA6482,0,1,60
15,16,18:43:38,1,-1,1,AA6482,0,1,111
16,17,18:50:36,1,-1,1,AA6482,0,1,377
17,18,18:51:57,1,-1,1,AA6482,0,1,30
18,19,18:57:15,1,-1,3,AA6482,0,1,267
19,20,19:00:17,1,-1,1,AA6482,0,1,171
20,21,19:04:10,1,-1,1,AA6482,0,1,192
21,22,19:06:01,1,-1,-1,AA6482,0,1,91
0,1,19:21:18,1,-1,-1,AA6482,0,1,90
1,2,19:24:20,1,-1,2,AA6482,0,1,151
2,3,19:26:55,1,-1,2,AA6482,0,1,80
3,4,19:29:36,1,-1,1,AA6482,0,1,121
4,5,19:32:58,1,-1,1,AA6482,0,1,121
5,6,19:34:19,1,-1,1,AA6482,0,1,30
6,7,19:42:49,1,-1,1,AA6482,0,1,479
7,8,19:45:12,1,-1,2,AA6482,0,1,102
8,9,19:46:33,1,-1,1,AA6482,0,1,40
9,10,19:47:24,1,-1,1,AA6482,0,1,30
10,11,19:49:15,1,-1,1,AA6482,0,1,101
11,12,19:50:26,1,-1,1,AA6482,0,1,30
12,13,19:52:07,1,-1,1,AA6482,0,1,60
13,14,19:53:08,1,-1,2,AA6482,0,1,30
14,15,19:54:39,1,-1,-1,AA6482,0,1,40
15,16,19:56:50,1,-1,1,AA6482,0,1,80
16,17,20:03:28,1,-1,1,AA6482,0,1,353
17,18,20:04:39,1,-1,1,AA6482,0,1,30
18,19,20:08:45,1,-1,2,AA6482,0,1,215
19,20,20:11:37,1,-1,1,AA6482,0,1,161
20,21,20:13:49,1,-1,1,AA6482,0,1,92
21,22,20:16:28,1,-1,-1,AA6482,0,1,90
0,1,21:16:37,1,-1,-1,AA6482,0,1,30
1,2,21:18:08,1,-1,2,AA6482,0,1,70
2,3,21:19:49,1,-1,2,AA6482,0,1,40
3,4,21:22:14,1,-1,1,AA6482,0,1,80
4,5,21:24:55,1,-1,1,AA6482,0,1,90
5,6,21:26:16,1,-1,1,AA6482,0,1,20
6,7,21:34:15,1,-1,2,AA6482,0,1,438
7,8,21:36:26,1,-1,2,AA6482,0,1,121
8,9,21:37:37,1,-1,1,AA6482,0,1,40
9,10,21:38:38,1,-1,1,AA6482,0,1,40
10,11,21:42:00,1,-1,1,AA6482,0,1,90
11,12,21:43:01,1,-1,1,AA6482,0,1,30
12,13,21:45:04,1,-1,1,AA6482,0,1,60
13,14,21:46:04,1,-1,1,AA6482,0,1,40
14,15,21:48:06,1,-1,-1,AA6482,0,1,40
15,16,21:49:57,1,-1,1,AA6482,0,1,40
16,17,21:57:36,1,-1,3,AA6482,0,1,367
17,18,21:58:47,1,-1,1,AA6482,0,1,20
18,19,22:03:09,1,-1,2,AA6482,0,1,212
19,20,22:06:03,1,-1,1,AA6482,0,1,153
20,21,22:08:55,1,-1,1,AA6482,0,1,131
21,22,22:11:16,1,-1,-1,AA6482,0,1,90
0,1,22:27:24,1,-1,-1,AA6482,0,1,73
1,2,22:28:55,1,-1,2,AA6482,0,1,10
2,3,22:31:37,1,-1,2,AA6482,0,1,152
3,4,22:33:49,1,-1,1,AA6482,0,1,101
4,5,22:36:22,1,-1,1,AA6482,0,1,112
5,6,22:37:33,1,-1,1,AA6482,0,1,21
6,7,22:45:39,1,-1,1,AA6482,0,1,444
7,8,22:47:33,1,-1,2,AA6482,0,1,104
8,9,22:49:24,1,-1,1,AA6482,0,1,50
9,10,22:50:15,1,-1,1,AA6482,0,1,20
10,11,22:52:46,1,-1,1,AA6482,0,1,131
11,12,22:53:37,1,-1,1,AA6482,0,1,20
12,13,22:55:18,1,-1,1,AA6482,0,1,70
13,14,22:56:19,1,-1,1,AA6482,0,1,30
14,15,22:58:00,1,-1,-1,AA6482,0,1,40
15,16,23:00:15,1,-1,1,AA6482,0,1,90
16,17,23:06:49,1,-1,1,AA6482,0,1,363
17,18,23:08:40,1,-1,1,AA6482,0,1,30
18,19,23:13:17,1,-1,2,AA6482,0,1,236
19,20,23:15:48,1,-1,1,AA6482,0,1,101
20,21,23:17:39,1,-1,1,AA6482,0,1,101
21,22,23:19:02,1,-1,-1,AA6482,0,1,62
0,1,23:44:46,1,-1,-1,AA6482,0,1,80
1,2,23:46:17,1,-1,2,AA6482,0,1,50
2,3,23:48:09,1,-1,2,AA6482,0,1,40
3,4,23:50:20,1,-1,1,AA6482,0,1,90
4,5,23:52:36,1,-1,1,AA6482,0,1,111
5,6,23:53:37,1,-1,1,AA6482,0,1,20
0,1,6:49:59,1,-1,-1,AA7096,0,1,50
1,2,6:51:31,1,-1,2,AA7096,0,1,41
2,3,6:53:13,1,-1,2,AA7096,0,1,51
3,4,6:55:25,1,-1,1,AA7096,0,1,80
4,5,6:58:07,1,-1,1,AA7096,0,1,131
5,6,6:59:28,1,-1,1,AA7096,0,1,20
6,7,7:08:09,1,-1,1,AA7096,0,1,479
7,8,7:10:20,1,-1,2,AA7096,0,1,121
8,9,7:11:55,1,-1,1,AA7096,0,1,50
9,10,7:12:47,1,-1,1,AA7096,0,1,21
10,11,7:14:58,1,-1,1,AA7096,0,1,80
11,12,7:15:59,1,-1,1,AA7096,0,1,20
12,13,7:17:30,1,-1,1,AA7096,0,1,50
13,14,7:18:35,1,-1,1,AA7096,0,1,24
14,15,7:19:46,1,-1,-1,AA7096,0,1,30
15,16,7:22:38,1,-1,1,AA7096,0,1,101
16,17,7:29:37,1,-1,1,AA7096,0,1,378
17,18,7:30:27,1,-1,1,AA7096,0,1,10
18,19,7:34:50,1,-1,2,AA7096,0,1,212
19,20,7:39:38,1,-1,2,AA7096,0,1,267
20,22,7:45:46,1,-1,-1,AA7096,1,1,327
0,1,7:54:24,1,-1,-1,AA7096,0,1,70
1,2,7:56:45,1,-1,3,AA7096,0,1,70
2,3,8:00:38,1,-1,3,AA7096,0,1,151
3,4,8:06:45,1,-1,1,AA7096,0,1,122
4,5,8:10:27,1,-1,-1,AA7096,0,1,141
5,6,8:11:58,1,-1,-1,AA7096,0,1,30
6,7,8:21:37,1,-1,1,AA7096,0,1,528
7,8,8:23:39,1,-1,2,AA7096,0,1,101
8,9,8:25:10,1,-1,1,AA7096,0,1,50
9,10,8:26:12,1,-1,1,AA7096,0,1,20
10,11,8:28:54,1,-1,1,AA7096,0,1,121
11,12,8:29:55,1,-1,3,AA7096,0,1,30
12,13,8:33:38,1,-1,3,AA7096,0,1,151
13,14,8:34:59,1,-1,2,AA7096,0,1,40
14,15,8:37:14,1,-1,-1,AA7096,0,1,80
15,16,8:41:16,1,-1,1,AA7096,0,1,212
16,17,8:48:28,1,-1,1,AA7096,0,1,380
17,18,8:50:09,1,-1,-1,AA7096,0,1,50
18,19,8:54:47,1,-1,-1,AA7096,0,1,227
19,20,8:59:10,1,-1,2,AA7096,0,1,182
20,21,9:03:35,1,-1,1,AA7096,0,1,192
21,22,9:06:17,1,-1,-1,AA7096,0,1,91
0,1,9:16:58,1,-1,-1,AA7096,0,1,111
1,2,9:18:39,1,-1,3,AA7096,0,1,40
2,3,9:21:55,1,-1,3,AA7096,0,1,142
3,4,9:24:26,1,-1,1,AA7096,0,1,70
4,5,9:28:29,1,-1,1,AA7096,0,1,151
5,6,9:29:52,1,-1,1,AA7096,0,1,10
6,7,9:39:04,1,-1,1,AA7096,0,1,499
7,8,9:41:36,1,-1,2,AA7096,0,1,131
8,9,9:43:57,1,-1,1,AA7096,0,1,101
9,10,9:45:08,1,-1,1,AA7096,0,1,30
10,11,9:47:33,1,-1,1,AA7096,0,1,104
11,12,9:48:14,1,-1,1,AA7096,0,1,30
12,13,9:50:25,1,-1,1,AA7096,0,1,91
13,14,9:51:36,1,-1,1,AA7096,0,1,40
14,15,9:52:57,1,-1,-1,AA7096,0,1,30
15,16,9:55:59,1,-1,1,AA7096,0,1,121
16,17,10:02:58,1,-1,1,AA7096,0,1,388
17,18,10:04:49,1,-1,1,AA7096,0,1,40
18,19,10:09:04,1,-1,2,AA7096,0,1,214
19,20,10:11:17,1,-1,2,AA7096,0,1,60
20,21,10:13:28,1,-1,1,AA7096,0,1,111
21,22,10:15:45,1,-1,-1,AA7096,0,1,105
0,1,10:38:00,1,-1,-1,AA7096,0,1,90
1,3,10:43:38,1,-1,2,AA7096,1,1,272
3,4,10:46:29,1,-1,1,AA7096,0,1,101
4,5,10:50:26,1,-1,1,AA7096,0,1,144
5,6,10:51:47,1,-1,1,AA7096,0,1,20
6,7,11:02:08,1,-1,1,AA7096,0,1,510
7,8,11:03:59,1,-1,2,AA7096,0,1,90
8,9,11:05:35,1,-1,1,AA7096,0,1,45
9,10,11:06:15,1,-1,1,AA7096,0,1,30
10,11,11:09:48,1,-1,1,AA7096,0,1,80
11,12,11:11:09,1,-1,1,AA7096,0,1,20
12,13,11:12:52,1,-1,1,AA7096,0,1,62
13,14,11:13:35,1,-1,1,AA7096,0,1,32
14,15,11:15:17,1,-1,-1,AA7096,0,1,41
15,16,11:18:09,1,-1,1,AA7096,0,1,121
16,17,11:25:18,1,-1,1,AA7096,0,1,378
17,18,11:26:39,1,-1,1,AA7096,0,1,20
18,19,11:32:06,1,-1,3,AA7096,0,1,256
19,20,11:35:29,1,-1,2,AA7096,0,1,141
20,21,11:38:12,1,-1,1,AA7096,0,1,132
21,22,11:40:14,1,-1,-1,AA7096,0,1,91
0,1,11:33:07,1,-1,-1,AA7149,0,1,50
1,2,11:34:48,1,-1,2,AA7149,0,1,91
2,3,11:37:52,1,-1,2,AA7149,0,1,82
3,4,11:39:03,1,-1,1,AA7149,0,1,30
4,5,11:42:36,1,-1,1,AA7149,0,1,152
5,6,11:44:07,1,-1,1,AA7149,0,1,20
6,7,11:52:36,1,-1,1,AA7149,0,1,468
7,8,11:54:58,1,-1,1,AA7149,0,1,121
8,9,11:56:29,1,-1,1,AA7149,0,1,40
9,10,11:57:09,1,-1,1,AA7149,0,1,20
10,12,11:59:54,1,-1,1,AA7149,1,1,93
12,13,12:01:55,1,-1,1,AA7149,0,1,80
13,14,12:03:06,1,-1,1,AA7149,0,1,40
14,15,12:04:47,1,-1,-1,AA7149,0,1,40
15,16,12:07:29,1,-1,1,AA7149,0,1,121
16,17,12:14:28,1,-1,1,AA7149,0,1,368
17,18,12:15:49,1,-1,1,AA7149,0,1,30
18,19,12:20:26,1,-1,2,AA7149,0,1,226
19,20,12:25:09,1,-1,1,AA7149,0,1,192
20,21,12:29:04,1,-1,1,AA7149,0,1,224
21,22,12:31:05,1,-1,-1,AA7149,0,1,80
0,1,12:45:58,1,-1,-1,AA7149,0,1,70
1,2,12:47:59,1,-1,2,AA7149,0,1,111
2,3,12:50:15,1,-1,2,AA7149,0,1,60
3,4,12:52:57,1,-1,1,AA7149,0,1,141
4,5,12:56:50,1,-1,1,AA7149,0,1,141
6,7,13:07:35,1,-1,1,AA7149,0,1,480
7,8,13:10:06,1,-1,2,AA7149,0,1,141
8,9,13:11:47,1,-1,1,AA7149,0,1,50
9,10,13:12:58,1,-1,1,AA7149,0,1,40
10,11,13:15:10,1,-1,1,AA7149,0,1,111
11,12,13:16:24,1,-1,1,AA7149,0,1,40
12,13,13:18:15,1,-1,1,AA7149,0,1,60
13,14,13:19:36,1,-1,1,AA7149,0,1,40
14,15,13:22:18,1,-1,-1,AA7149,0,1,30
15,16,13:25:10,1,-1,1,AA7149,0,1,141
16,17,13:32:08,1,-1,1,AA7149,0,1,365
17,18,13:33:39,1,-1,1,AA7149,0,1,40
18,19,13:38:44,1,-1,2,AA7149,0,1,254
19,20,13:41:27,1,-1,1,AA7149,0,1,92
20,21,13:46:14,1,-1,1,AA7149,0,1,225
21,22,13:48:25,1,-1,-1,AA7149,0,1,101
1,2,13:59:58,1,-1,2,AA7149,0,1,40
2,3,14:02:00,1,-1,2,AA7149,0,1,50
3,4,14:04:24,1,-1,1,AA7149,0,1,50
4,5,14:08:07,1,-1,1,AA7149,0,1,131
5,6,14:09:28,1,-1,1,AA7149,0,1,20
6,7,14:18:39,1,-1,1,AA7149,0,1,500
7,8,14:20:42,1,-1,2,AA7149,0,1,113
8,9,14:22:14,1,-1,1,AA7149,0,1,40
9,10,14:23:25,1,-1,1,AA7149,0,1,30
10,11,14:25:47,1,-1,1,AA7149,0,1,101
11,12,14:26:37,1,-1,1,AA7149,0,1,30
12,13,14:29:52,1,-1,1,AA7149,0,1,113
13,14,14:30:53,1,-1,1,AA7149,0,1,40
14,15,14:32:24,1,-1,-1,AA7149,0,1,40
15,16,14:35:16,1,-1,1,AA7149,0,1,131
16,17,14:42:10,1,-1,1,AA7149,0,1,373
17,18,14:43:45,1,-1,1,AA7149,0,1,20
18,19,14:48:59,1,-1,2,AA7149,0,1,273
19,20,14:52:12,1,-1,-1,AA7149,0,1,142
20,21,14:56:05,1,-1,1,AA7149,0,1,182
21,22,14:58:27,1,-1,-1,AA7149,0,1,101
0,1,7:41:19,1,-1,-1,AA7167,0,1,70
1,2,7:44:35,1,-1,3,AA7167,0,1,185
2,3,7:49:08,1,-1,3,AA7167,0,1,212
3,4,7:55:34,1,-1,1,AA7167,0,1,192
4,5,8:00:18,1,-1,1,AA7167,0,1,141
5,6,8:01:49,1,-1,1,AA7167,0,1,30
6,7,8:10:48,1,-1,-1,AA7167,0,1,498
7,8,8:13:29,1,-1,-1,AA7167,0,1,151
8,9,8:15:00,1,-1,-1,AA7167,0,1,60
9,10,8:15:53,1,-1,1,AA7167,0,1,20
10,11,8:19:06,1,-1,1,AA7167,0,1,121
11,12,8:20:06,1,-1,2,AA7167,0,1,40
12,13,8:21:48,1,-1,2,AA7167,0,1,70
13,14,8:22:58,1,-1,3,AA7167,0,1,40
14,15,8:25:00,1,-1,-1,AA7167,0,1,60
15,16,8:27:43,1,-1,1,AA7167,0,1,121
16,17,8:35:09,1,-1,1,AA7167,0,1,375
17,18,8:36:43,1,-1,1,AA7167,0,1,50
18,19,8:41:06,1,-1,2,AA7167,0,1,222
19,20,8:46:43,1,-1,2,AA7167,0,1,265
20,21,8:51:54,1,-1,-1,AA7167,0,1,256
21,22,8:53:56,1,-1,-1,AA7167,0,1,92
0,1,9:02:24,1,-1,-1,AA7167,0,1,90
1,2,9:04:36,1,-1,3,AA7167,0,1,80
2,3,9:07:58,1,-1,3,AA7167,0,1,111
3,4,9:10:50,1,-1,1,AA7167,0,1,91
4,5,9:14:57,1,-1,1,AA7167,0,1,151
5,6,9:16:18,1,-1,1,AA7167,0,1,30
6,7,9:25:27,1,-1,1,AA7167,0,1,508
7,8,9:27:28,1,-1,2,AA7167,0,1,101
8,9,9:28:49,1,-1,1,AA7167,0,1,40
9,10,9:29:32,1,-1,1,AA7167,0,1,22
10,11,9:31:35,1,-1,1,AA7167,0,1,60
11,12,9:32:25,1,-1,1,AA7167,0,1,30
12,13,9:34:28,1,-1,2,AA7167,0,1,92
13,14,9:35:39,1,-1,1,AA7167,0,1,40
14,15,9:37:33,1,-1,-1,AA7167,0,1,53
15,16,9:39:24,1,-1,1,AA7167,0,1,80
16,17,9:47:20,1,-1,1,AA7167,0,1,414
17,18,9:48:24,1,-1,1,AA7167,0,1,30
18,19,9:52:37,1,-1,2,AA7167,0,1,212
19,20,9:55:39,1,-1,1,AA7167,0,1,101
20,21,9:58:55,1,-1,1,AA7167,0,1,125
21,22,10:00:57,1,-1,-1,AA7167,0,1,80
0,1,10:13:39,1,-1,-1,AA7167,0,1,90
1,2,10:14:59,1,-1,3,AA7167,0,1,40
2,3,10:17:56,1,-1,2,AA7167,0,1,121
3,4,10:20:38,1,-1,1,AA7167,0,1,111
4,5,10:24:17,1,-1,1,AA7167,0,1,138
5,6,10:25:38,1,-1,1,AA7167,0,1,20
6,7,10:35:28,1,-1,2,AA7167,0,1,549
7,8,10:37:50,1,-1,2,AA7167,0,1,131
8,9,10:39:15,1,-1,1,AA7167,0,1,40
9,10,10:40:25,1,-1,1,AA7167,0,1,30
10,11,10:43:17,1,-1,1,AA7167,0,1,131
11,12,10:44:18,1,-1,1,AA7167,0,1,30
12,13,10:45:59,1,-1,1,AA7167,0,1,70
13,14,10:47:10,1,-1,1,AA7167,0,1,40
14,15,10:48:35,1,-1,-1,AA7167,0,1,33
15,16,10:51:26,1,-1,1,AA7167,0,1,111
16,17,10:58:56,1,-1,1,AA7167,0,1,388
17,18,11:00:16,1,-1,1,AA7167,0,1,30
18,19,11:05:00,1,-1,3,AA7167,0,1,242
19,20,11:07:26,1,-1,1,AA7167,0,1,70
20,21,11:10:38,1,-1,1,AA7167,0,1,161
21,22,11:12:52,1,-1,-1,AA7167,0,1,93
0,1,11:28:00,1,-1,-1,AA7167,0,1,101
1,2,11:30:05,1,-1,2,AA7167,0,1,71
2,3,11:31:46,1,-1,3,AA7167,0,1,50
3,4,11:32:57,1,-1,1,AA7167,0,1,20
4,5,11:36:29,1,-1,1,AA7167,0,1,151
5,6,11:37:52,1,-1,1,AA7167,0,1,31
6,7,11:46:50,1,-1,1,AA7167,0,1,507
7,8,11:48:53,1,-1,1,AA7167,0,1,93
8,9,11:50:35,1,-1,1,AA7167,0,1,60
9,10,11:51:35,1,-1,1,AA7167,0,1,30
10,11,11:53:17,1,-1,1,AA7167,0,1,50
11,12,11:54:18,1,-1,1,AA7167,0,1,30
12,13,11:56:09,1,-1,1,AA7167,0,1,80
13,14,11:57:09,1,-1,1,AA7167,0,1,40
14,15,11:58:43,1,-1,-1,AA7167,0,1,32
15,16,12:00:55,1,-1,1,AA7167,0,1,101
16,17,12:08:09,1,-1,1,AA7167,0,1,394
17,18,12:09:34,1,-1,1,AA7167,0,1,44
18,19,12:14:18,1,-1,2,AA7167,0,1,243
19,20,12:17:34,1,-1,1,AA7167,0,1,105
20,21,12:21:27,1,-1,1,AA7167,0,1,182
21,22,12:23:48,1,-1,-1,AA7167,0,1,101
0,1,15:41:45,1,-1,-1,AA7167,0,1,70
1,2,15:43:27,1,-1,2,AA7167,0,1,61
2,3,15:45:38,1,-1,2,AA7167,0,1,121
3,4,15:48:00,1,-1,1,AA7167,0,1,101
4,5,15:51:27,1,-1,2,AA7167,0,1,152
6,7,16:02:59,1,-1,1,AA7167,0,1,560
7,9,16:05:56,1,-1,1,AA7167,1,1,136
9,10,16:06:36,1,-1,1,AA7167,0,1,20
10,11,16:08:58,1,-1,1,AA7167,0,1,101
11,12,16:09:58,1,-1,1,AA7167,0,1,30
12,13,16:11:29,1,-1,1,AA7167,0,1,60
13,14,16:12:42,1,-1,1,AA7167,0,1,42
14,15,16:14:15,1,-1,-1,AA7167,0,1,52
15,16,16:16:17,1,-1,1,AA7167,0,1,101
16,17,16:23:25,1,-1,3,AA7167,0,1,387
17,18,16:24:27,1,-1,1,AA7167,0,1,40
18,19,16:29:24,1,-1,3,AA7167,0,1,235
19,20,16:33:37,1,-1,1,AA7167,0,1,192
20,21,16:37:24,1,-1,1,AA7167,0,1,217
21,22,16:39:16,1,-1,-1,AA7167,0,1,101
0,1,16:52:49,1,-1,-1,AA7167,0,1,121
1,2,16:56:05,1,-1,2,AA7167,0,1,165
2,3,16:57:57,1,-1,2,AA7167,0,1,70
3,4,17:00:29,1,-1,1,AA7167,0,1,101
4,5,17:03:05,1,-1,1,AA7167,0,1,125
5,6,17:04:28,1,-1,1,AA7167,0,1,40
6,7,17:13:06,1,-1,1,AA7167,0,1,488
7,8,17:15:08,1,-1,2,AA7167,0,1,111
8,9,17:16:29,1,-1,1,AA7167,0,1,60
9,10,17:16:59,1,-1,1,AA7167,0,1,20
10,11,17:20:54,1,-1,1,AA7167,0,1,194
11,12,17:21:54,1,-1,1,AA7167,0,1,30
12,13,17:23:26,1,-1,1,AA7167,0,1,60
13,14,17:24:27,1,-1,2,AA7167,0,1,40
14,15,17:25:38,1,-1,-1,AA7167,0,1,20
15,16,17:29:22,1,-1,1,AA7167,0,1,194
16,17,17:36:38,1,-1,1,AA7167,0,1,384
17,18,17:37:59,1,-1,1,AA7167,0,1,40
18,19,17:42:36,1,-1,3,AA7167,0,1,236
19,20,17:45:27,1,-1,2,AA7167,0,1,111
20,21,17:49:31,1,-1,1,AA7167,0,1,202
21,22,17:51:23,1,-1,-1,AA7167,0,1,92
0,1,18:26:24,1,-1,-1,AA7167,0,1,121
1,2,18:28:35,1,-1,2,AA7167,0,1,80
2,3,18:30:47,1,-1,2,AA7167,0,1,70
3,4,18:33:39,1,-1,1,AA7167,0,1,101
4,5,18:37:11,1,-1,2,AA7167,0,1,132
5,6,18:38:44,1,-1,1,AA7167,0,1,30
6,7,18:47:22,1,-1,1,AA7167,0,1,477
7,8,18:49:35,1,-1,2,AA7167,0,1,121
8,9,18:50:56,1,-1,1,AA7167,0,1,50
9,10,18:51:57,1,-1,1,AA7167,0,1,50
10,11,18:56:45,1,-1,1,AA7167,0,1,267
11,12,18:57:56,1,-1,2,AA7167,0,1,30
12,13,18:59:57,1,-1,2,AA7167,0,1,80
13,14,19:00:58,1,-1,2,AA7167,0,1,40
14,15,19:03:29,1,-1,-1,AA7167,0,1,60
15,16,19:06:42,1,-1,1,AA7167,0,1,151
16,17,19:14:09,1,-1,1,AA7167,0,1,375
17,18,19:15:30,1,-1,1,AA7167,0,1,40
18,19,19:19:47,1,-1,3,AA7167,0,1,216
19,20,19:21:18,1,-1,1,AA7167,0,1,50
20,21,19:25:44,1,-1,1,AA7167,0,1,235
21,22,19:27:55,1,-1,-1,AA7167,0,1,80
0,1,19:40:58,1,-1,-1,AA7167,0,1,40
1,2,19:43:09,1,-1,2,AA7167,0,1,90
2,3,19:44:52,1,-1,2,AA7167,0,1,42
3,4,19:47:04,1,-1,1,AA7167,0,1,70
4,5,19:50:16,1,-1,1,AA7167,0,1,131
5,6,19:51:27,1,-1,1,AA7167,0,1,30
6,7,19:59:46,1,-1,2,AA7167,0,1,468
7,8,20:01:27,1,-1,2,AA7167,0,1,90
8,9,20:02:38,1,-1,1,AA7167,0,1,50
9,10,20:03:28,1,-1,1,AA7167,0,1,30
10,11,20:06:20,1,-1,1,AA7167,0,1,121
11,12,20:07:13,1,-1,1,AA7167,0,1,20
12,13,20:08:55,1,-1,1,AA7167,0,1,60
13,14,20:10:06,1,-1,1,AA7167,0,1,30
14,15,20:11:26,1,-1,-1,AA7167,0,1,30
15,16,20:13:49,1,-1,1,AA7167,0,1,122
16,17,20:20:34,1,-1,1,AA7167,0,1,357
17,18,20:21:35,1,-1,1,AA7167,0,1,20
18,19,20:25:37,1,-1,2,AA7167,0,1,202
19,20,20:27:49,1,-1,1,AA7167,0,1,70
20,21,20:29:20,1,-1,1,AA7167,0,1,70
21,22,20:31:55,1,-1,-1,AA7167,0,1,80
0,1,6:20:59,1,-1,-1,AA7242,0,1,20
1,2,6:23:10,1,-1,2,AA7242,0,1,60
2,3,6:25:03,1,-1,2,AA7242,0,1,50
3,4,6:27:05,1,-1,1,AA7242,0,1,40
4,5,6:30:07,1,-1,1,AA7242,0,1,141
5,6,6:31:28,1,-1,1,AA7242,0,1,20
6,7,6:40:38,1,-1,1,AA7242,0,1,499
7,8,6:42:34,1,-1,-1,AA7242,0,1,104
8,9,6:43:55,1,-1,1,AA7242,0,1,50
9,10,6:45:06,1,-1,1,AA7242,0,1,30
10,11,6:47:17,1,-1,1,AA7242,0,1,90
11,12,6:48:18,1,-1,1,AA7242,0,1,30
12,13,6:49:49,1,-1,1,AA7242,0,1,60
13,14,6:50:40,1,-1,1,AA7242,0,1,40
14,15,6:51:51,1,-1,-1,AA7242,0,1,31
15,16,6:54:24,1,-1,1,AA7242,0,1,122
16,17,7:01:20,1,-1,1,AA7242,0,1,375
17,18,7:02:14,1,-1,1,AA7242,0,1,20
18,19,7:06:38,1,-1,2,AA7242,0,1,232
19,20,7:09:50,1,-1,1,AA7242,0,1,181
20,21,7:12:05,1,-1,1,AA7242,0,1,125
21,22,7:13:57,1,-1,-1,AA7242,0,1,92
0,1,7:22:28,1,-1,-1,AA7242,0,1,50
1,2,7:24:49,1,-1,2,AA7242,0,1,60
2,3,7:26:55,1,-1,2,AA7242,0,1,50
3,4,7:30:27,1,-1,1,AA7242,0,1,141
4,5,7:34:20,1,-1,1,AA7242,0,1,141
5,6,7:35:44,1,-1,1,AA7242,0,1,23
6,7,7:44:05,1,-1,1,AA7242,0,1,459
7,8,7:46:37,1,-1,1,AA7242,0,1,111
8,9,7:47:47,1,-1,1,AA7242,0,1,50
9,10,7:49:18,1,-1,1,AA7242,0,1,30
10,11,7:51:00,1,-1,1,AA7242,0,1,50
11,12,7:51:52,1,-1,1,AA7242,0,1,20
12,13,7:53:23,1,-1,1,AA7242,0,1,60
13,14,7:54:24,1,-1,1,AA7242,0,1,30
14,15,7:56:35,1,-1,-1,AA7242,0,1,50
15,16,7:59:17,1,-1,1,AA7242,0,1,141
16,17,8:06:14,1,-1,1,AA7242,0,1,366
17,18,8:07:56,1,-1,1,AA7242,0,1,30
18,19,8:12:39,1,-1,-1,AA7242,0,1,232
19,20,8:17:04,1,-1,2,AA7242,0,1,214
20,22,8:24:19,1,-1,-1,AA7242,1,1,374
0,1,8:35:32,1,-1,-1,AA7242,0,1,93
1,2,8:37:44,1,-1,3,AA7242,0,1,80
2,3,8:41:57,1,-1,3,AA7242,0,1,192
3,4,8:47:23,1,-1,1,AA7242,0,1,224
4,5,8:52:14,1,-1,-1,AA7242,0,1,276
5,6,8:53:46,1,-1,-1,AA7242,0,1,30
6,7,9:03:15,1,-1,2,AA7242,0,1,528
7,8,9:05:06,1,-1,2,AA7242,0,1,101
8,9,9:06:27,1,-1,1,AA7242,0,1,50
9,10,9:07:17,1,-1,1,AA7242,0,1,30
10,11,9:09:29,1,-1,1,AA7242,0,1,90
11,12,9:10:40,1,-1,2,AA7242,0,1,40
12,13,9:14:06,1,-1,3,AA7242,0,1,111
13,14,9:15:17,1,-1,2,AA7242,0,1,50
14,15,9:16:38,1,-1,-1,AA7242,0,1,40
15,16,9:19:10,1,-1,1,AA7242,0,1,131
16,17,9:26:07,1,-1,1,AA7242,0,1,375
17,18,9:27:18,1,-1,1,AA7242,0,1,20
18,19,9:32:05,1,-1,2,AA7242,0,1,266
19,20,9:35:49,1,-1,2,AA7242,0,1,173
20,21,9:39:45,1,-1,1,AA7242,0,1,185
21,22,9:41:26,1,-1,-1,AA7242,0,1,80
0,1,10:23:37,1,-1,-1,AA7242,0,1,98
1,2,10:24:58,1,-1,3,AA7242,0,1,30
2,3,10:27:50,1,-1,2,AA7242,0,1,60
3,4,10:30:25,1,-1,1,AA7242,0,1,84
4,5,10:34:27,1,-1,1,AA7242,0,1,141
5,6,10:35:38,1,-1,1,AA7242,0,1,20
6,7,10:44:18,1,-1,1,AA7242,0,1,479
7,8,10:46:50,1,-1,2,AA7242,0,1,141
8,9,10:48:55,1,-1,1,AA7242,0,1,53
9,10,10:49:45,1,-1,1,AA7242,0,1,20
10,11,10:52:57,1,-1,1,AA7242,0,1,80
11,12,10:54:08,1,-1,1,AA7242,0,1,30
12,13,10:56:34,1,-1,1,AA7242,0,1,105
13,14,10:57:14,1,-1,1,AA7242,0,1,30
14,15,10:59:06,1,-1,-1,AA7242,0,1,40
15,16,11:01:58,1,-1,1,AA7242,0,1,81
16,17,11:10:48,1,-1,1,AA7242,0,1,378
17,18,11:12:10,1,-1,1,AA7242,0,1,30
18,19,11:18:09,1,-1,2,AA7242,0,1,316
19,20,11:21:35,1,-1,-1,AA7242,0,1,85
20,21,11:25:18,1,-1,1,AA7242,0,1,162
21,22,11:27:30,1,-1,-1,AA7242,0,1,91
0,1,11:40:55,1,-1,-1,AA7242,0,1,60
1,2,11:42:56,1,-1,3,AA7242,0,1,50
2,3,11:45:39,1,-1,2,AA7242,0,1,101
3,4,11:48:33,1,-1,1,AA7242,0,1,113
4,5,11:52:26,1,-1,1,AA7242,0,1,141
5,6,11:53:27,1,-1,1,AA7242,0,1,10
6,7,12:02:05,1,-1,1,AA7242,0,1,467
7,8,12:04:07,1,-1,1,AA7242,0,1,111
8,9,12:05:28,1,-1,1,AA7242,0,1,50
9,10,12:06:28,1,-1,1,AA7242,0,1,30
10,11,12:07:59,1,-1,1,AA7242,0,1,70
11,12,12:09:00,1,-1,1,AA7242,0,1,30
12,13,12:10:45,1,-1,1,AA7242,0,1,50
13,14,12:11:56,1,-1,1,AA7242,0,1,40
14,15,12:13:37,1,-1,-1,AA7242,0,1,50
15,16,12:15:59,1,-1,1,AA7242,0,1,111
16,17,12:23:28,1,-1,1,AA7242,0,1,398
17,18,12:24:29,1,-1,1,AA7242,0,1,30
18,19,12:28:24,1,-1,2,AA7242,0,1,194
19,20,12:31:05,1,-1,1,AA7242,0,1,80
20,21,12:33:27,1,-1,1,AA7242,0,1,101
21,22,12:35:29,1,-1,-1,AA7242,0,1,91
0,1,12:55:49,1,-1,-1,AA7242,0,1,121
1,3,12:59:54,1,-1,2,AA7242,1,1,235
3,4,13:01:47,1,-1,1,AA7242,0,1,51
4,5,13:05:11,1,-1,1,AA7242,0,1,152
5,6,13:06:24,1,-1,1,AA7242,0,1,30
6,7,13:14:39,1,-1,1,AA7242,0,1,455
7,8,13:16:34,1,-1,2,AA7242,0,1,104
8,9,13:18:05,1,-1,1,AA7242,0,1,30
9,10,13:19:46,1,-1,1,AA7242,0,1,30
10,11,13:22:08,1,-1,1,AA7242,0,1,131
11,12,13:23:08,1,-1,1,AA7242,0,1,30
12,13,13:24:30,1,-1,1,AA7242,0,1,40
13,14,13:25:42,1,-1,2,AA7242,0,1,52
14,15,13:27:45,1,-1,-1,AA7242,0,1,40
15,16,13:30:47,1,-1,1,AA7242,0,1,121
16,17,13:38:03,1,-1,1,AA7242,0,1,375
17,18,13:39:04,1,-1,1,AA7242,0,1,30
18,19,13:43:28,1,-1,2,AA7242,0,1,223
19,20,13:46:34,1,-1,1,AA7242,0,1,104
20,21,13:48:45,1,-1,1,AA7242,0,1,111
21,22,13:50:57,1,-1,-1,AA7242,0,1,90
0,1,14:06:56,1,-1,-1,AA7242,0,1,40
1,2,14:10:29,1,-1,3,AA7242,0,1,91
2,3,14:12:20,1,-1,2,AA7242,0,1,101
3,4,14:14:36,1,-1,1,AA7242,0,1,71
4,5,14:18:29,1,-1,1,AA7242,0,1,151
5,6,14:20:10,1,-1,1,AA7242,0,1,10
6,8,14:31:03,1,-1,2,AA7242,1,1,600
8,9,14:32:24,1,-1,1,AA7242,0,1,40
9,11,14:36:47,1,-1,1,AA7242,1,1,242
11,12,14:37:47,1,-1,1,AA7242,0,1,30
12,13,14:39:59,1,-1,1,AA7242,0,1,80
13,14,14:40:59,1,-1,1,AA7242,0,1,50
14,15,14:42:54,1,-1,-1,AA7242,0,1,34
15,16,14:44:56,1,-1,1,AA7242,0,1,80
16,17,14:52:43,1,-1,-1,AA7242,0,1,396
17,18,14:54:03,1,-1,-1,AA7242,0,1,30
18,19,14:58:47,1,-1,2,AA7242,0,1,232
19,20,15:01:19,1,-1,-1,AA7242,0,1,50
20,21,15:03:30,1,-1,-1,AA7242,0,1,111
21,22,15:05:35,1,-1,-1,AA7242,0,1,84
0,1,15:25:37,1,-1,-1,AA7242,0,1,70
1,2,15:26:58,1,-1,2,AA7242,0,1,30
2,3,15:29:39,1,-1,2,AA7242,0,1,101
3,4,15:32:34,1,-1,1,AA7242,0,1,93
4,5,15:36:07,1,-1,1,AA7242,0,1,131
5,6,15:37:48,1,-1,1,AA7242,0,1,30
6,7,15:47:19,1,-1,1,AA7242,0,1,530
7,8,15:49:35,1,-1,1,AA7242,0,1,105
8,9,15:52:07,1,-1,1,AA7242,0,1,101
9,10,15:52:58,1,-1,1,AA7242,0,1,40
10,11,15:55:09,1,-1,1,AA7242,0,1,80
11,12,15:56:34,1,-1,1,AA7242,0,1,24
12,13,15:58:05,1,-1,1,AA7242,0,1,60
13,14,15:59:36,1,-1,1,AA7242,0,1,60
14,15,16:01:07,1,-1,-1,AA7242,0,1,40
15,16,16:03:29,1,-1,1,AA7242,0,1,80
16,17,16:09:58,1,-1,3,AA7242,0,1,369
17,18,16:11:19,1,-1,1,AA7242,0,1,40
18,19,16:16:27,1,-1,2,AA7242,0,1,267
19,20,16:19:09,1,-1,1,AA7242,0,1,91
20,21,16:23:04,1,-1,1,AA7242,0,1,224
21,22,16:25:48,1,-1,-1,AA7242,0,1,101
0,1,16:39:05,1,-1,-1,AA7242,0,1,91
1,2,16:41:17,1,-1,3,AA7242,0,1,60
2,3,16:43:38,1,-1,3,AA7242,0,1,90
3,4,16:46:22,1,-1,1,AA7242,0,1,103
4,5,16:49:47,1,-1,1,AA7242,0,1,122
5,6,16:51:18,1,-1,1,AA7242,0,1,40
6,7,16:59:49,1,-1,1,AA7242,0,1,470
7,8,17:01:44,1,-1,2,AA7242,0,1,95
8,9,17:03:25,1,-1,1,AA7242,0,1,60
9,10,17:04:18,1,-1,1,AA7242,0,1,20
10,11,17:08:54,1,-1,1,AA7242,0,1,215
11,12,17:10:04,1,-1,1,AA7242,0,1,30
12,13,17:11:46,1,-1,1,AA7242,0,1,70
13,14,17:13:37,1,-1,2,AA7242,0,1,70
14,15,17:16:29,1,-1,-1,AA7242,0,1,40
15,16,17:19:23,1,-1,1,AA7242,0,1,143
16,17,17:27:39,1,-1,1,AA7242,0,1,375
17,18,17:28:52,1,-1,1,AA7242,0,1,32
18,19,17:33:26,1,-1,2,AA7242,0,1,222
19,20,17:36:28,1,-1,2,AA7242,0,1,101
20,21,17:39:20,1,-1,1,AA7242,0,1,151
21,22,17:42:05,1,-1,-1,AA7242,0,1,103
0,1,17:50:11,1,-1,-1,AA7242,0,1,20
1,2,17:52:35,1,-1,3,AA7242,0,1,81
2,3,17:55:37,1,-1,3,AA7242,0,1,90
3,4,17:58:50,1,-1,1,AA7242,0,1,142
4,5,18:02:24,1,-1,1,AA7242,0,1,142
5,6,18:03:35,1,-1,1,AA7242,0,1,30
6,7,18:14:54,1,-1,1,AA7242,0,1,618
7,8,18:16:36,1,-1,1,AA7242,0,1,91
8,9,18:18:27,1,-1,1,AA7242,0,1,91
9,10,18:19:38,1,-1,1,AA7242,0,1,30
10,11,18:23:00,1,-1,1,AA7242,0,1,151
11,12,18:24:22,1,-1,1,AA7242,0,1,40
12,13,18:27:14,1,-1,1,AA7242,0,1,101
13,14,18:30:16,1,-1,3,AA7242,0,1,121
14,15,18:32:28,1,-1,-1,AA7242,0,1,40
15,16,18:35:30,1,-1,1,AA7242,0,1,162
16,17,18:43:08,1,-1,2,AA7242,0,1,396
17,18,18:45:19,1,-1,1,AA7242,0,1,60
18,19,18:51:37,1,-1,3,AA7242,0,1,315
19,20,18:55:24,1,-1,1,AA7242,0,1,166
20,21,18:57:56,1,-1,1,AA7242,0,1,141
21,22,19:00:58,1,-1,-1,AA7242,0,1,121
0,1,19:55:29,1,-1,-1,AA7242,0,1,70
1,2,19:56:50,1,-1,2,AA7242,0,1,40
2,3,19:59:26,1,-1,2,AA7242,0,1,90
3,4,20:01:37,1,-1,1,AA7242,0,1,70
4,5,20:04:29,1,-1,1,AA7242,0,1,121
5,6,20:05:29,1,-1,1,AA7242,0,1,10
6,8,20:16:18,1,-1,1,AA7242,1,1,597
8,9,20:17:39,1,-1,1,AA7242,0,1,50
9,10,20:18:50,1,-1,1,AA7242,0,1,30
10,11,20:21:55,1,-1,1,AA7242,0,1,111
11,12,20:22:56,1,-1,1,AA7242,0,1,30
12,13,20:24:47,1,-1,1,AA7242,0,1,70
13,14,20:26:38,1,-1,1,AA7242,0,1,60
14,15,20:28:39,1,-1,-1,AA7242,0,1,40
15,16,20:30:54,1,-1,1,AA7242,0,1,114
16,17,20:37:39,1,-1,1,AA7242,0,1,374
17,18,20:38:50,1,-1,1,AA7242,0,1,30
18,19,20:43:26,1,-1,3,AA7242,0,1,232
19,20,20:46:18,1,-1,1,AA7242,0,1,161
20,22,20:51:35,1,-1,-1,AA7242,1,1,286
0,1,21:03:14,1,-1,-1,AA7242,0,1,101
1,2,21:04:35,1,-1,2,AA7242,0,1,30
2,3,21:07:07,1,-1,2,AA7242,0,1,101
3,4,21:08:17,1,-1,1,AA7242,0,1,30
4,5,21:12:04,1,-1,1,AA7242,0,1,196
5,6,21:13:15,1,-1,1,AA7242,0,1,20
6,7,21:21:33,1,-1,1,AA7242,0,1,467
7,8,21:23:35,1,-1,2,AA7242,0,1,101
8,9,21:24:45,1,-1,1,AA7242,0,1,30
9,10,21:25:46,1,-1,1,AA7242,0,1,40
10,11,21:27:57,1,-1,1,AA7242,0,1,80
11,12,21:28:58,1,-1,1,AA7242,0,1,30
12,13,21:31:39,1,-1,1,AA7242,0,1,111
13,14,21:32:50,1,-1,1,AA7242,0,1,40
14,15,21:35:05,1,-1,-1,AA7242,0,1,60
15,16,21:37:27,1,-1,1,AA7242,0,1,101
16,17,21:44:23,1,-1,1,AA7242,0,1,355
17,18,21:45:24,1,-1,1,AA7242,0,1,30
18,19,21:54:20,1,-1,2,AA7242,0,1,474
19,20,21:57:36,1,-1,1,AA7242,0,1,122
20,21,22:00:38,1,-1,1,AA7242,0,1,121
21,22,22:03:09,1,-1,-1,AA7242,0,1,90
0,1,22:14:29,1,-1,-1,AA7242,0,1,10
1,2,22:16:20,1,-1,3,AA7242,0,1,40
2,3,22:18:25,1,-1,2,AA7242,0,1,60
3,4,22:20:36,1,-1,-1,AA7242,0,1,50
4,5,22:24:09,1,-1,-1,AA7242,0,1,151
5,6,22:25:50,1,-1,1,AA7242,0,1,20
6,7,22:35:41,1,-1,1,AA7242,0,1,537
7,8,22:37:33,1,-1,2,AA7242,0,1,102
8,9,22:38:54,1,-1,1,AA7242,0,1,60
9,10,22:39:55,1,-1,1,AA7242,0,1,30
10,11,22:41:16,1,-1,1,AA7242,0,1,70
11,12,22:42:27,1,-1,1,AA7242,0,1,30
12,13,22:44:18,1,-1,1,AA7242,0,1,60
13,14,22:45:29,1,-1,1,AA7242,0,1,40
14,15,22:47:10,1,-1,-1,AA7242,0,1,30
15,16,22:49:24,1,-1,1,AA7242,0,1,111
16,17,22:56:09,1,-1,1,AA7242,0,1,363
17,18,22:57:09,1,-1,1,AA7242,0,1,20
18,19,23:01:35,1,-1,2,AA7242,0,1,225
19,20,23:04:07,1,-1,1,AA7242,0,1,111
20,21,23:07:09,1,-1,1,AA7242,0,1,131
21,22,23:09:00,1,-1,-1,AA7242,0,1,80
0,1,23:27:09,1,-1,-1,AA7242,0,1,30
1,2,23:29:45,1,-1,2,AA7242,0,1,146
2,3,23:31:36,1,-1,2,AA7242,0,1,50
3,4,23:33:27,1,-1,1,AA7242,0,1,50
4,5,23:36:29,1,-1,1,AA7242,0,1,121
5,6,23:38:11,1,-1,1,AA7242,0,1,40
6,7,23:46:07,1,-1,1,AA7242,0,1,445
7,8,23:47:48,1,-1,1,AA7242,0,1,90
8,9,23:48:59,1,-1,1,AA7242,0,1,40
9,10,23:49:40,1,-1,1,AA7242,0,1,20
10,11,23:51:46,1,-1,1,AA7242,0,1,70
11,12,23:52:47,1,-1,1,AA7242,0,1,30
12,13,23:53:57,1,-1,1,AA7242,0,1,50
13,14,23:54:58,1,-1,1,AA7242,0,1,30
14,15,23:56:09,1,-1,-1,AA7242,0,1,30
15,16,23:58:00,1,-1,1,AA7242,0,1,90
0,1,6:01:28,1,-1,-1,AA7301,0,1,60
1,2,6:03:09,1,-1,1,AA7301,0,1,90
2,3,6:04:50,1,-1,1,AA7301,0,1,30
3,4,6:07:05,1,-1,1,AA7301,0,1,70
4,5,6:09:17,1,-1,1,AA7301,0,1,102
5,6,6:10:38,1,-1,1,AA7301,0,1,20
6,7,6:19:08,1,-1,1,AA7301,0,1,449
7,8,6:21:49,1,-1,2,AA7301,0,1,121
8,9,6:23:10,1,-1,1,AA7301,0,1,40
9,10,6:24:12,1,-1,1,AA7301,0,1,20
10,11,6:26:25,1,-1,1,AA7301,0,1,102
11,12,6:27:05,1,-1,1,AA7301,0,1,30
12,13,6:28:16,1,-1,1,AA7301,0,1,40
13,14,6:28:56,1,-1,1,AA7301,0,1,30
14,15,6:30:07,1,-1,-1,AA7301,0,1,30
15,16,6:31:48,1,-1,1,AA7301,0,1,80
16,17,6:38:27,1,-1,1,AA7301,0,1,336
17,18,6:39:28,1,-1,1,AA7301,0,1,30
18,19,6:43:15,1,-1,2,AA7301,0,1,216
19,20,6:44:25,1,-1,1,AA7301,0,1,40
20,21,6:46:27,1,-1,1,AA7301,0,1,111
21,22,6:48:28,1,-1,-1,AA7301,0,1,91
0,1,6:56:36,1,-1,-1,AA7301,0,1,30
1,2,6:58:07,1,-1,2,AA7301,0,1,30
2,3,6:59:49,1,-1,1,AA7301,0,1,10
3,4,7:01:34,1,-1,1,AA7301,0,1,54
4,5,7:04:36,1,-1,1,AA7301,0,1,121
5,6,7:05:47,1,-1,1,AA7301,0,1,10
6,7,7:13:57,1,-1,1,AA7301,0,1,450
7,8,7:15:49,1,-1,2,AA7301,0,1,101
8,9,7:17:00,1,-1,1,AA7301,0,1,50
10,11,7:20:16,1,-1,1,AA7301,0,1,125
11,12,7:20:57,1,-1,1,AA7301,0,1,10
12,13,7:22:28,1,-1,1,AA7301,0,1,60
13,14,7:23:28,1,-1,1,AA7301,0,1,30
14,15,7:24:39,1,-1,-1,AA7301,0,1,40
15,16,7:27:05,1,-1,1,AA7301,0,1,125
16,17,7:33:19,1,-1,1,AA7301,0,1,353
17,18,7:34:40,1,-1,1,AA7301,0,1,40
18,19,7:38:37,1,-1,2,AA7301,0,1,206
19,20,7:43:44,1,-1,2,AA7301,0,1,84
20,21,7:45:46,1,-1,1,AA7301,0,1,80
21,22,7:47:47,1,-1,-1,AA7301,0,1,91
0,1,7:59:57,1,-1,-1,AA7301,0,1,40
1,2,8:01:29,1,-1,3,AA7301,0,1,30
2,3,8:06:24,1,-1,3,AA7301,0,1,152
3,4,8:12:49,1,-1,-1,AA7301,0,1,344
4,5,8:15:53,1,-1,1,AA7301,0,1,123
5,6,8:17:45,1,-1,1,AA7301,0,1,20
6,7,8:27:13,1,-1,2,AA7301,0,1,497
7,8,8:30:25,1,-1,2,AA7301,0,1,182
8,9,8:31:57,1,-1,1,AA7301,0,1,60
9,10,8:32:58,1,-1,1,AA7301,0,1,30
10,11,8:34:59,1,-1,1,AA7301,0,1,91
11,12,8:35:53,1,-1,3,AA7301,0,1,20
12,13,8:39:05,1,-1,3,AA7301,0,1,131
13,14,8:40:26,1,-1,2,AA7301,0,1,50
14,15,8:42:07,1,-1,-1,AA7301,0,1,61
15,16,8:47:13,1,-1,1,AA7301,0,1,275
16,17,8:53:56,1,-1,-1,AA7301,0,1,368
17,18,8:55:07,1,-1,1,AA7301,0,1,40
18,19,9:00:13,1,-1,3,AA7301,0,1,265
19,20,9:03:25,1,-1,2,AA7301,0,1,101
20,21,9:06:07,1,-1,1,AA7301,0,1,111
21,22,9:07:58,1,-1,-1,AA7301,0,1,101
0,1,9:23:46,1,-1,-1,AA7301,0,1,30
1,2,9:26:38,1,-1,3,AA7301,0,1,121
2,3,9:29:52,1,-1,2,AA7301,0,1,133
3,4,9:32:25,1,-1,1,AA7301,0,1,111
4,5,9:35:18,1,-1,1,AA7301,0,1,132
5,6,9:36:29,1,-1,1,AA7301,0,1,20
6,7,9:44:48,1,-1,1,AA7301,0,1,458
7,8,9:46:29,1,-1,1,AA7301,0,1,90
8,9,9:48:04,1,-1,1,AA7301,0,1,64
9,10,9:49:04,1,-1,1,AA7301,0,1,30
10,11,9:51:26,1,-1,1,AA7301,0,1,121
11,12,9:52:06,1,-1,1,AA7301,0,1,30
12,13,9:53:28,1,-1,1,AA7301,0,1,70
13,14,9:54:08,1,-1,1,AA7301,0,1,30
14,15,9:55:29,1,-1,-1,AA7301,0,1,30
15,16,9:57:20,1,-1,1,AA7301,0,1,80
16,17,10:04:19,1,-1,1,AA7301,0,1,384
17,18,10:05:50,1,-1,1,AA7301,0,1,30
18,19,10:10:16,1,-1,2,AA7301,0,1,223
19,20,10:13:18,1,-1,2,AA7301,0,1,111
20,21,10:15:45,1,-1,1,AA7301,0,1,136
21,22,10:17:36,1,-1,-1,AA7301,0,1,100
0,1,11:05:35,1,-1,-1,AA7301,0,1,65
1,2,11:08:17,1,-1,2,AA7301,0,1,80
2,3,11:11:39,1,-1,2,AA7301,0,1,111
3,4,11:12:52,1,-1,1,AA7301,0,1,20
4,5,11:16:17,1,-1,1,AA7301,0,1,142
5,6,11:17:38,1,-1,1,AA7301,0,1,30
6,7,11:26:09,1,-1,2,AA7301,0,1,469
7,8,11:28:32,1,-1,2,AA7301,0,1,102
8,9,11:30:05,1,-1,1,AA7301,0,1,71
9,10,11:30:55,1,-1,1,AA7301,0,1,30
10,11,11:32:26,1,-1,1,AA7301,0,1,80
11,12,11:33:17,1,-1,1,AA7301,0,1,20
12,13,11:34:38,1,-1,1,AA7301,0,1,70
13,14,11:35:39,1,-1,1,AA7301,0,1,40
14,15,11:37:20,1,-1,-1,AA7301,0,1,40
15,16,11:39:34,1,-1,1,AA7301,0,1,102
16,17,11:46:30,1,-1,1,AA7301,0,1,344
17,18,11:47:40,1,-1,1,AA7301,0,1,30
18,19,11:52:06,1,-1,2,AA7301,0,1,235
19,20,11:55:18,1,-1,1,AA7301,0,1,141
20,21,11:57:40,1,-1,1,AA7301,0,1,121
21,22,11:59:34,1,-1,-1,AA7301,0,1,83
0,1,12:23:18,1,-1,-1,AA7301,0,1,60
1,2,12:25:09,1,-1,2,AA7301,0,1,50
2,3,12:27:23,1,-1,2,AA7301,0,1,72
3,4,12:29:04,1,-1,1,AA7301,0,1,30
4,5,12:32:27,1,-1,1,AA7301,0,1,121
5,6,12:33:47,1,-1,1,AA7301,0,1,20
6,7,12:42:35,1,-1,1,AA7301,0,1,456
7,8,12:44:06,1,-1,2,AA7301,0,1,80
8,9,12:45:47,1,-1,1,AA7301,0,1,81
9,10,12:46:48,1,-1,1,AA7301,0,1,30
10,11,12:49:04,1,-1,1,AA7301,0,1,125
11,12,12:50:35,1,-1,1,AA7301,0,1,20
12,13,12:52:06,1,-1,1,AA7301,0,1,60
13,14,12:52:57,1,-1,1,AA7301,0,1,40
14,15,12:55:18,1,-1,-1,AA7301,0,1,30
15,16,12:57:00,1,-1,1,AA7301,0,1,70
16,17,13:03:39,1,-1,1,AA7301,0,1,356
17,18,13:04:50,1,-1,1,AA7301,0,1,40
18,19,13:08:55,1,-1,2,AA7301,0,1,214
19,20,13:11:57,1,-1,1,AA7301,0,1,131
20,21,13:14:29,1,-1,1,AA7301,0,1,141
21,22,13:16:34,1,-1,-1,AA7301,0,1,104
0,1,13:35:31,1,-1,-1,AA7301,0,1,81
1,2,13:37:13,1,-1,3,AA7301,0,1,81
2,3,13:39:55,1,-1,2,AA7301,0,1,80
3,4,13:42:18,1,-1,1,AA7301,0,1,60
4,5,13:45:20,1,-1,1,AA7301,0,1,121
5,6,13:46:44,1,-1,1,AA7301,0,1,20
6,7,13:55:10,1,-1,1,AA7301,0,1,465
7,8,13:58:07,1,-1,1,AA7301,0,1,156
8,9,13:59:28,1,-1,1,AA7301,0,1,50
9,10,14:00:39,1,-1,1,AA7301,0,1,30
10,11,14:03:03,1,-1,1,AA7301,0,1,134
11,12,14:04:04,1,-1,1,AA7301,0,1,20
12,13,14:06:06,1,-1,1,AA7301,0,1,81
13,14,14:07:06,1,-1,1,AA7301,0,1,30
14,15,14:08:47,1,-1,-1,AA7301,0,1,20
15,16,14:11:09,1,-1,1,AA7301,0,1,101
16,17,14:18:19,1,-1,1,AA7301,0,1,399
17,18,14:19:50,1,-1,1,AA7301,0,1,50
18,19,14:23:45,1,-1,2,AA7301,0,1,205
19,20,14:28:19,1,-1,2,AA7301,0,1,182
20,21,14:32:24,1,-1,1,AA7301,0,1,235
21,22,14:33:55,1,-1,-1,AA7301,0,1,50
0,1,14:46:37,1,-1,-1,AA7301,0,1,90
1,2,14:49:19,1,-1,3,AA7301,0,1,91
2,3,14:51:21,1,-1,-1,AA7301,0,1,30
3,4,14:53:33,1,-1,-1,AA7301,0,1,101
4,5,14:56:56,1,-1,1,AA7301,0,1,121
5,6,14:58:17,1,-1,1,AA7301,0,1,20
6,7,15:07:16,1,-1,1,AA7301,0,1,478
7,8,15:09:38,1,-1,2,AA7301,0,1,131
8,9,15:11:49,1,-1,1,AA7301,0,1,101
9,10,15:12:29,1,-1,1,AA7301,0,1,30
10,11,15:14:55,1,-1,1,AA7301,0,1,125
11,12,15:16:07,1,-1,1,AA7301,0,1,30
12,13,15:17:58,1,-1,1,AA7301,0,1,91
13,14,15:18:48,1,-1,2,AA7301,0,1,40
14,15,15:21:01,1,-1,-1,AA7301,0,1,41
15,16,15:23:15,1,-1,1,AA7301,0,1,101
16,17,15:30:50,1,-1,1,AA7301,0,1,394
17,18,15:32:14,1,-1,1,AA7301,0,1,30
18,19,15:36:27,1,-1,3,AA7301,0,1,243
19,20,15:39:29,1,-1,2,AA7301,0,1,131
20,21,15:44:07,1,-1,1,AA7301,0,1,247
21,22,15:45:59,1,-1,-1,AA7301,0,1,90
0,1,16:06:16,1,-1,-1,AA7301,0,1,75
1,2,16:08:07,1,-1,1,AA7301,0,1,50
2,3,16:10:49,1,-1,2,AA7301,0,1,101
3,4,16:13:35,1,-1,1,AA7301,0,1,115
4,5,16:17:18,1,-1,2,AA7301,0,1,131
5,6,16:18:39,1,-1,1,AA7301,0,1,20
6,7,16:27:29,1,-1,1,AA7301,0,1,489
7,8,16:29:03,1,-1,1,AA7301,0,1,83
8,9,16:30:55,1,-1,1,AA7301,0,1,91
9,10,16:31:45,1,-1,1,AA7301,0,1,30
10,11,16:33:37,1,-1,1,AA7301,0,1,80
11,12,16:34:37,1,-1,1,AA7301,0,1,30
12,13,16:36:34,1,-1,1,AA7301,0,1,75
13,14,16:39:46,1,-1,3,AA7301,0,1,151
14,15,16:41:27,1,-1,-1,AA7301,0,1,40
15,16,16:43:59,1,-1,1,AA7301,0,1,121
16,17,16:50:58,1,-1,1,AA7301,0,1,378
17,18,16:51:58,1,-1,1,AA7301,0,1,30
18,19,16:56:15,1,-1,2,AA7301,0,1,216
19,20,16:58:58,1,-1,1,AA7301,0,1,80
20,21,17:03:37,1,-1,1,AA7301,0,1,228
21,22,17:05:49,1,-1,-1,AA7301,0,1,101
0,1,17:17:50,1,-1,-1,AA7301,0,1,111
1,2,17:20:13,1,-1,3,AA7301,0,1,60
2,3,17:22:05,1,-1,2,AA7301,0,1,60
3,4,17:25:58,1,-1,1,AA7301,0,1,193
4,5,17:28:42,1,-1,1,AA7301,0,1,143
5,6,17:29:44,1,-1,1,AA7301,0,1,21
6,7,17:38:50,1,-1,1,AA7301,0,1,505
7,8,17:40:22,1,-1,2,AA7301,0,1,82
8,9,17:42:25,1,-1,1,AA7301,0,1,40
9,10,17:43:36,1,-1,1,AA7301,0,1,30
10,11,17:45:17,1,-1,1,AA7301,0,1,80
11,12,17:46:28,1,-1,1,AA7301,0,1,20
12,13,17:48:50,1,-1,1,AA7301,0,1,111
13,14,17:51:03,1,-1,1,AA7301,0,1,102
14,15,17:53:46,1,-1,-1,AA7301,0,1,111
15,16,18:00:12,1,-1,1,AA7301,0,1,356
16,17,18:07:48,1,-1,1,AA7301,0,1,395
17,18,18:09:19,1,-1,1,AA7301,0,1,40
18,19,18:16:56,1,-1,2,AA7301,0,1,365
19,20,18:23:10,1,-1,1,AA7301,0,1,222
20,21,18:28:35,1,-1,1,AA7301,0,1,314
21,22,18:31:27,1,-1,-1,AA7301,0,1,91
0,2,19:32:08,1,-1,1,AA7301,1,1,141
2,3,19:33:39,1,-1,2,AA7301,0,1,10
3,4,19:34:40,1,-1,1,AA7301,0,1,50
4,5,19:38:26,1,-1,1,AA7301,0,1,196
5,6,19:39:47,1,-1,1,AA7301,0,1,20
6,7,19:48:24,1,-1,1,AA7301,0,1,476
7,8,19:50:16,1,-1,2,AA7301,0,1,91
8,9,19:51:37,1,-1,1,AA7301,0,1,50
9,10,19:52:17,1,-1,1,AA7301,0,1,20
10,11,19:55:09,1,-1,1,AA7301,0,1,131
11,12,19:56:20,1,-1,1,AA7301,0,1,30
12,13,19:58:15,1,-1,1,AA7301,0,1,74
13,14,19:59:15,1,-1,2,AA7301,0,1,30
14,15,20:01:17,1,-1,-1,AA7301,0,1,40
15,16,20:04:09,1,-1,1,AA7301,0,1,151
16,17,20:10:56,1,-1,1,AA7301,0,1,366
17,18,20:12:17,1,-1,1,AA7301,0,1,30
18,19,20:16:18,1,-1,2,AA7301,0,1,199
19,20,20:19:00,1,-1,1,AA7301,0,1,80
20,21,20:22:15,1,-1,1,AA7301,0,1,185
21,22,20:25:37,1,-1,-1,AA7301,0,1,80
0,1,20:35:38,1,-1,-1,AA7301,0,1,70
1,2,20:38:19,1,-1,2,AA7301,0,1,151
2,3,20:39:34,1,-1,2,AA7301,0,1,24
3,4,20:40:45,1,-1,1,AA7301,0,1,30
4,5,20:44:17,1,-1,1,AA7301,0,1,181
5,6,20:45:38,1,-1,1,AA7301,0,1,20
6,7,20:54:06,1,-1,1,AA7301,0,1,478
7,8,20:56:18,1,-1,2,AA7301,0,1,111
8,9,20:57:29,1,-1,1,AA7301,0,1,50
9,10,20:58:49,1,-1,1,AA7301,0,1,40
10,11,21:00:20,1,-1,1,AA7301,0,1,70
11,12,21:01:13,1,-1,1,AA7301,0,1,30
12,13,21:02:44,1,-1,1,AA7301,0,1,50
13,14,21:03:55,1,-1,1,AA7301,0,1,40
14,15,21:06:06,1,-1,-1,AA7301,0,1,50
15,16,21:08:17,1,-1,1,AA7301,0,1,111
16,17,21:15:06,1,-1,1,AA7301,0,1,358
17,18,21:16:17,1,-1,1,AA7301,0,1,20
18,19,21:20:19,1,-1,2,AA7301,0,1,191
19,20,21:23:04,1,-1,1,AA7301,0,1,90
20,21,21:26:16,1,-1,1,AA7301,0,1,181
21,22,21:28:28,1,-1,-1,AA7301,0,1,80
0,1,21:50:17,1,-1,-1,AA7301,0,1,50
1,3,21:56:24,1,-1,2,AA7301,1,1,356
3,4,21:58:36,1,-1,1,AA7301,0,1,91
4,5,22:01:18,1,-1,2,AA7301,0,1,121
5,6,22:02:29,1,-1,1,AA7301,0,1,20
6,7,22:10:46,1,-1,1,AA7301,0,1,456
7,8,22:12:58,1,-1,2,AA7301,0,1,121
8,9,22:14:29,1,-1,1,AA7301,0,1,70
9,10,22:15:19,1,-1,1,AA7301,0,1,20
10,11,22:18:25,1,-1,1,AA7301,0,1,145
11,12,22:19:25,1,-1,1,AA7301,0,1,20
12,13,22:21:37,1,-1,-1,AA7301,0,1,60
13,14,22:22:38,1,-1,-1,AA7301,0,1,30
14,15,22:24:19,1,-1,-1,AA7301,0,1,70
15,16,22:26:10,1,-1,1,AA7301,0,1,91
16,17,22:32:38,1,-1,1,AA7301,0,1,354
17,18,22:33:59,1,-1,1,AA7301,0,1,30
18,19,22:38:14,1,-1,3,AA7301,0,1,214
19,20,22:40:56,1,-1,1,AA7301,0,1,50
20,21,22:42:47,1,-1,1,AA7301,0,1,90
21,22,22:44:48,1,-1,-1,AA7301,0,1,80
0,1,22:59:34,1,-1,-1,AA7301,0,1,50
1,2,23:01:25,1,-1,2,AA7301,0,1,101
2,3,23:03:17,1,-1,2,AA7301,0,1,50
3,4,23:05:18,1,-1,1,AA7301,0,1,80
4,5,23:07:39,1,-1,1,AA7301,0,1,111
5,6,23:09:00,1,-1,1,AA7301,0,1,30
6,7,23:17:29,1,-1,1,AA7301,0,1,464
7,8,23:19:13,1,-1,1,AA7301,0,1,93
8,9,23:20:23,1,-1,1,AA7301,0,1,50
9,10,23:21:14,1,-1,1,AA7301,0,1,20
10,11,23:22:55,1,-1,1,AA7301,0,1,60
11,12,23:23:46,1,-1,1,AA7301,0,1,21
12,13,23:25:17,1,-1,1,AA7301,0,1,50
13,14,23:26:08,1,-1,1,AA7301,0,1,30
14,15,23:27:29,1,-1,-1,AA7301,0,1,50
15,16,23:29:35,1,-1,1,AA7301,0,1,95
16,17,23:36:19,1,-1,1,AA7301,0,1,353
17,18,23:37:30,1,-1,1,AA7301,0,1,20
18,19,23:42:05,1,-1,2,AA7301,0,1,213
19,20,23:44:16,1,-1,1,AA7301,0,1,70
20,21,23:47:08,1,-1,1,AA7301,0,1,131
21,22,23:48:49,1,-1,-1,AA7301,0,1,80
0,1,10:30:25,1,-1,-1,AA7341,0,1,114
1,2,10:32:26,1,-1,2,AA7341,0,1,70
2,3,10:35:38,1,-1,2,AA7341,0,1,101
3,4,10:38:34,1,-1,1,AA7341,0,1,115
4,5,10:42:37,1,-1,1,AA7341,0,1,151
5,6,10:44:28,1,-1,1,AA7341,0,1,30
6,7,10:53:38,1,-1,2,AA7341,0,1,509
7,8,10:55:49,1,-1,2,AA7341,0,1,121
8,9,10:57:14,1,-1,1,AA7341,0,1,40
9,11,11:00:37,1,-1,1,AA7341,1,1,181
11,12,11:01:38,1,-1,1,AA7341,0,1,30
12,13,11:03:09,1,-1,1,AA7341,0,1,60
13,14,11:04:19,1,-1,1,AA7341,0,1,40
14,15,11:06:15,1,-1,-1,AA7341,0,1,55
15,16,11:08:27,1,-1,1,AA7341,0,1,80
16,17,11:15:27,1,-1,1,AA7341,0,1,379
17,18,11:16:48,1,-1,1,AA7341,0,1,40
18,19,11:21:05,1,-1,-1,AA7341,0,1,216
19,20,11:23:36,1,-1,-1,AA7341,0,1,80
20,21,11:27:30,1,-1,1,AA7341,0,1,202
21,22,11:29:44,1,-1,-1,AA7341,0,1,104
0,1,12:13:37,1,-1,-1,AA7341,0,1,40
1,2,12:15:59,1,-1,2,AA7341,0,1,60
2,3,12:18:05,1,-1,2,AA7341,0,1,74
3,4,12:20:47,1,-1,1,AA7341,0,1,111
4,5,12:24:29,1,-1,1,AA7341,0,1,121
5,6,12:26:21,1,-1,1,AA7341,0,1,30
6,7,12:35:29,1,-1,1,AA7341,0,1,486
7,8,12:37:31,1,-1,2,AA7341,0,1,112
8,9,12:39:02,1,-1,1,AA7341,0,1,60
9,10,12:40:13,1,-1,1,AA7341,0,1,40
10,11,12:42:55,1,-1,1,AA7341,0,1,141
11,12,12:43:56,1,-1,1,AA7341,0,1,30
12,13,12:45:58,1,-1,1,AA7341,0,1,81
13,14,12:47:59,1,-1,1,AA7341,0,1,80
14,15,12:50:55,1,-1,-1,AA7341,0,1,50
15,16,12:53:27,1,-1,1,AA7341,0,1,121
16,17,13:00:45,1,-1,1,AA7341,0,1,397
17,18,13:02:17,1,-1,1,AA7341,0,1,50
18,19,13:06:54,1,-1,2,AA7341,0,1,235
19,20,13:10:37,1,-1,1,AA7341,0,1,161
20,21,13:14:09,1,-1,1,AA7341,0,1,161
21,22,13:16:24,1,-1,-1,AA7341,0,1,73
0,1,13:26:03,1,-1,-1,AA7341,0,1,82
1,2,13:28:25,1,-1,3,AA7341,0,1,80
2,3,13:30:27,1,-1,2,AA7341,0,1,60
3,4,13:32:58,1,-1,1,AA7341,0,1,111
4,5,13:36:22,1,-1,1,AA7341,0,1,122
5,6,13:38:13,1,-1,1,AA7341,0,1,30
6,7,13:47:14,1,-1,1,AA7341,0,1,490
7,8,13:49:56,1,-1,2,AA7341,0,1,151
8,9,13:51:37,1,-1,-1,AA7341,0,1,60
9,10,13:52:48,1,-1,-1,AA7341,0,1,40
10,11,13:54:50,1,-1,-1,AA7341,0,1,71
11,12,13:56:00,1,-1,1,AA7341,0,1,30
12,13,13:58:57,1,-1,1,AA7341,0,1,111
13,14,13:59:58,1,-1,1,AA7341,0,1,50
14,15,14:01:50,1,-1,-1,AA7341,0,1,60
15,16,14:04:55,1,-1,1,AA7341,0,1,141
16,17,14:12:44,1,-1,1,AA7341,0,1,428
17,18,14:14:15,1,-1,1,AA7341,0,1,40
18,19,14:20:10,1,-1,2,AA7341,0,1,293
19,20,14:23:55,1,-1,2,AA7341,0,1,121
20,21,14:27:58,1,-1,1,AA7341,0,1,232
21,22,14:30:02,1,-1,-1,AA7341,0,1,93
0,1,7:15:49,1,-1,-1,AA7367,0,1,50
1,2,7:18:10,1,-1,2,AA7367,0,1,101
2,3,7:19:56,1,-1,2,AA7367,0,1,40
3,4,7:22:28,1,-1,1,AA7367,0,1,101
4,5,7:25:44,1,-1,1,AA7367,0,1,125
5,6,7:27:15,1,-1,1,AA7367,0,1,30
6,8,7:38:07,1,-1,2,AA7367,1,1,611
8,9,7:39:38,1,-1,1,AA7367,0,1,50
9,10,7:40:49,1,-1,1,AA7367,0,1,30
10,11,7:42:40,1,-1,1,AA7367,0,1,91
11,12,7:43:44,1,-1,1,AA7367,0,1,33
12,13,7:45:16,1,-1,1,AA7367,0,1,70
13,14,7:46:16,1,-1,1,AA7367,0,1,30
14,15,7:48:18,1,-1,-1,AA7367,0,1,50
15,16,7:51:10,1,-1,1,AA7367,0,1,131
16,17,7:58:16,1,-1,1,AA7367,0,1,374
17,18,7:59:37,1,-1,1,AA7367,0,1,30
18,19,8:03:51,1,-1,3,AA7367,0,1,193
19,20,8:08:26,1,-1,2,AA7367,0,1,244
20,21,8:11:58,1,-1,-1,AA7367,0,1,202
21,22,8:14:40,1,-1,-1,AA7367,0,1,141
0,1,8:28:24,1,-1,-1,AA7367,0,1,111
1,2,8:30:25,1,-1,3,AA7367,0,1,111
2,3,8:35:42,1,-1,3,AA7367,0,1,225
3,5,8:47:13,1,-1,1,AA7367,1,1,650
5,6,8:48:58,1,-1,1,AA7367,0,1,20
6,7,8:57:59,1,-1,1,AA7367,0,1,480
7,8,9:01:23,1,-1,2,AA7367,0,1,184
8,9,9:03:15,1,-1,1,AA7367,0,1,70
9,10,9:03:45,1,-1,1,AA7367,0,1,20
10,11,9:06:47,1,-1,1,AA7367,0,1,141
11,12,9:08:28,1,-1,2,AA7367,0,1,60
12,13,9:12:55,1,-1,3,AA7367,0,1,135
13,14,9:14:26,1,-1,2,AA7367,0,1,50
14,15,9:15:37,1,-1,-1,AA7367,0,1,30
15,16,9:18:09,1,-1,1,AA7367,0,1,111
16,17,9:25:07,1,-1,1,AA7367,0,1,377
17,18,9:26:58,1,-1,1,AA7367,0,1,60
18,19,9:31:45,1,-1,2,AA7367,0,1,256
19,20,9:35:39,1,-1,2,AA7367,0,1,173
20,21,9:39:45,1,-1,1,AA7367,0,1,235
21,22,9:41:56,1,-1,-1,AA7367,0,1,91
0,1,9:50:56,1,-1,-1,AA7367,0,1,70
1,2,9:52:57,1,-1,2,AA7367,0,1,70
2,3,9:55:49,1,-1,2,AA7367,0,1,111
3,4,9:58:35,1,-1,1,AA7367,0,1,115
4,5,10:02:17,1,-1,1,AA7367,0,1,131
5,6,10:04:29,1,-1,1,AA7367,0,1,20
6,7,10:13:18,1,-1,1,AA7367,0,1,488
7,8,10:15:20,1,-1,1,AA7367,0,1,101
8,9,10:16:45,1,-1,1,AA7367,0,1,50
9,10,10:17:46,1,-1,1,AA7367,0,1,30
10,11,10:19:37,1,-1,1,AA7367,0,1,60
11,12,10:20:38,1,-1,1,AA7367,0,1,20
12,13,10:22:59,1,-1,1,AA7367,0,1,111
13,14,10:23:57,1,-1,1,AA7367,0,1,20
14,15,10:25:18,1,-1,-1,AA7367,0,1,30
15,16,10:27:50,1,-1,1,AA7367,0,1,70
16,17,10:35:18,1,-1,1,AA7367,0,1,407
17,18,10:36:39,1,-1,1,AA7367,0,1,40
18,19,10:40:56,1,-1,2,AA7367,0,1,226
19,20,10:43:07,1,-1,2,AA7367,0,1,60
20,21,10:46:29,1,-1,1,AA7367,0,1,161
21,22,10:48:35,1,-1,-1,AA7367,0,1,84
0,1,10:59:16,1,-1,-1,AA7367,0,1,60
1,2,11:00:37,1,-1,3,AA7367,0,1,60
2,3,11:03:39,1,-1,2,AA7367,0,1,101
3,4,11:05:20,1,-1,1,AA7367,0,1,60
4,5,11:10:18,1,-1,1,AA7367,0,1,262
5,6,11:12:10,1,-1,1,AA7367,0,1,30
6,7,11:20:54,1,-1,-1,AA7367,0,1,482
7,8,11:22:56,1,-1,-1,AA7367,0,1,101
8,9,11:24:27,1,-1,-1,AA7367,0,1,71
9,10,11:25:18,1,-1,1,AA7367,0,1,30
10,11,11:28:20,1,-1,1,AA7367,0,1,121
11,12,11:29:23,1,-1,1,AA7367,0,1,30
12,13,11:31:26,1,-1,1,AA7367,0,1,80
13,14,11:32:47,1,-1,1,AA7367,0,1,40
14,15,11:34:28,1,-1,-1,AA7367,0,1,40
15,16,11:37:31,1,-1,1,AA7367,0,1,152
16,17,11:44:38,1,-1,1,AA7367,0,1,386
17,18,11:45:39,1,-1,1,AA7367,0,1,30
18,19,11:50:04,1,-1,2,AA7367,0,1,224
19,20,11:53:27,1,-1,1,AA7367,0,1,162
20,22,11:59:34,1,-1,-1,AA7367,1,1,326
0,1,6:11:08,1,-1,-1,AA7392,0,1,40
1,2,6:12:19,1,-1,1,AA7392,0,1,40
2,3,6:14:55,1,-1,1,AA7392,0,1,50
3,4,6:16:46,1,-1,1,AA7392,0,1,60
4,5,6:19:28,1,-1,1,AA7392,0,1,131
5,6,6:20:59,1,-1,1,AA7392,0,1,30
6,7,6:28:56,1,-1,1,AA7392,0,1,447
7,8,6:30:58,1,-1,1,AA7392,0,1,101
8,9,6:32:19,1,-1,1,AA7392,0,1,40
9,10,6:33:20,1,-1,1,AA7392,0,1,30
10,11,6:35:05,1,-1,1,AA7392,0,1,72
11,12,6:36:05,1,-1,1,AA7392,0,1,30
12,13,6:37:26,1,-1,1,AA7392,0,1,60
13,14,6:38:17,1,-1,1,AA7392,0,1,40
14,15,6:39:28,1,-1,-1,AA7392,0,1,30
15,16,6:41:34,1,-1,1,AA7392,0,1,105
16,17,6:48:18,1,-1,1,AA7392,0,1,374
17,18,6:49:19,1,-1,1,AA7392,0,1,30
18,19,6:53:13,1,-1,2,AA7392,0,1,204
19,20,6:55:55,1,-1,1,AA7392,0,1,101
20,21,6:58:27,1,-1,1,AA7392,0,1,131
21,22,7:00:09,1,-1,-1,AA7392,0,1,80
0,1,7:10:44,1,-1,-1,AA7392,0,1,84
1,2,7:12:25,1,-1,2,AA7392,0,1,40
2,3,7:14:48,1,-1,2,AA7392,0,1,50
3,4,7:17:10,1,-1,1,AA7392,0,1,20
4,5,7:20:47,1,-1,1,AA7392,0,1,121
5,6,7:22:48,1,-1,1,AA7392,0,1,20
6,7,7:31:08,1,-1,1,AA7392,0,1,459
7,8,7:32:49,1,-1,2,AA7392,0,1,90
8,9,7:34:10,1,-1,1,AA7392,0,1,40
9,10,7:35:21,1,-1,1,AA7392,0,1,30
10,11,7:36:55,1,-1,1,AA7392,0,1,60
11,12,7:37:57,1,-1,1,AA7392,0,1,30
12,13,7:39:08,1,-1,1,AA7392,0,1,50
13,14,7:40:08,1,-1,1,AA7392,0,1,30
14,15,7:41:29,1,-1,-1,AA7392,0,1,30
15,16,7:44:05,1,-1,1,AA7392,0,1,125
16,17,7:51:10,1,-1,1,AA7392,0,1,394
17,18,7:52:12,1,-1,1,AA7392,0,1,30
18,19,7:56:05,1,-1,3,AA7392,0,1,192
19,20,8:00:38,1,-1,2,AA7392,0,1,212
20,21,8:04:52,1,-1,1,AA7392,0,1,193
21,22,8:07:15,1,-1,-1,AA7392,0,1,112
0,1,8:20:17,1,-1,-1,AA7392,0,1,161
1,2,8:22:08,1,-1,3,AA7392,0,1,101
2,3,8:26:32,1,-1,3,AA7392,0,1,213
3,4,8:32:28,1,-1,1,AA7392,0,1,325
4,5,8:36:13,1,-1,1,AA7392,0,1,144
5,6,8:37:54,1,-1,1,AA7392,0,1,30
6,7,8:48:07,1,-1,1,AA7392,0,1,562
7,8,8:51:33,1,-1,-1,AA7392,0,1,165
8,9,8:53:46,1,-1,-1,AA7392,0,1,70
9,10,8:54:47,1,-1,-1,AA7392,0,1,30
10,11,8:58:50,1,-1,1,AA7392,0,1,212
11,12,9:00:53,1,-1,2,AA7392,0,1,93
12,13,9:04:56,1,-1,3,AA7392,0,1,141
13,14,9:06:07,1,-1,2,AA7392,0,1,40
14,15,9:07:38,1,-1,-1,AA7392,0,1,40
15,16,9:10:40,1,-1,1,AA7392,0,1,151
16,17,9:17:08,1,-1,1,AA7392,0,1,368
17,18,9:17:49,1,-1,1,AA7392,0,1,20
18,19,9:22:15,1,-1,2,AA7392,0,1,235
19,20,9:27:08,1,-1,1,AA7392,0,1,181
20,21,9:30:03,1,-1,1,AA7392,0,1,103
21,22,9:32:05,1,-1,-1,AA7392,0,1,80
0,1,9:41:36,1,-1,-1,AA7392,0,1,30
1,2,9:42:57,1,-1,3,AA7392,0,1,30
2,3,9:45:39,1,-1,3,AA7392,0,1,60
3,4,9:46:49,1,-1,1,AA7392,0,1,20
4,5,9:50:25,1,-1,1,AA7392,0,1,141
5,6,9:51:26,1,-1,1,AA7392,0,1,20
6,7,9:59:46,1,-1,1,AA7392,0,1,459
7,8,10:01:27,1,-1,2,AA7392,0,1,90
8,9,10:02:38,1,-1,1,AA7392,0,1,40
9,10,10:03:28,1,-1,1,AA7392,0,1,40
10,11,10:05:50,1,-1,1,AA7392,0,1,91
11,12,10:06:43,1,-1,1,AA7392,0,1,22
12,13,10:08:04,1,-1,1,AA7392,0,1,50
13,14,10:09:04,1,-1,1,AA7392,0,1,50
14,15,10:10:57,1,-1,-1,AA7392,0,1,30
15,16,10:13:39,1,-1,1,AA7392,0,1,141
16,17,10:20:38,1,-1,1,AA7392,0,1,378
17,18,10:21:59,1,-1,1,AA7392,0,1,30
18,19,10:26:09,1,-1,2,AA7392,0,1,199
19,20,10:29:21,1,-1,2,AA7392,0,1,151
20,21,10:32:26,1,-1,1,AA7392,0,1,171
21,22,10:34:38,1,-1,-1,AA7392,0,1,90
1,2,11:23:06,1,-1,-1,AA7392,0,1,80
2,3,11:26:09,1,-1,3,AA7392,0,1,51
3,4,11:28:43,1,-1,1,AA7392,0,1,62
4,5,11:32:16,1,-1,1,AA7392,0,1,131
5,6,11:33:37,1,-1,1,AA7392,0,1,30
6,7,11:42:36,1,-1,2,AA7392,0,1,478
7,8,11:44:48,1,-1,2,AA7392,0,1,111
8,9,11:46:09,1,-1,1,AA7392,0,1,50
9,10,11:46:50,1,-1,1,AA7392,0,1,30
10,11,11:48:53,1,-1,1,AA7392,0,1,83
11,12,11:49:34,1,-1,1,AA7392,0,1,30
12,13,11:50:55,1,-1,1,AA7392,0,1,60
13,14,11:51:45,1,-1,1,AA7392,0,1,40
14,15,11:53:17,1,-1,-1,AA7392,0,1,40
15,16,11:56:29,1,-1,1,AA7392,0,1,171
16,17,12:03:26,1,-1,1,AA7392,0,1,366
17,18,12:04:47,1,-1,1,AA7392,0,1,40
18,19,12:09:00,1,-1,2,AA7392,0,1,222
19,20,12:12:26,1,-1,1,AA7392,0,1,141
20,21,12:16:39,1,-1,1,AA7392,0,1,222
21,22,12:19:16,1,-1,-1,AA7392,0,1,91
0,1,12:34:08,1,-1,-1,AA7392,0,1,70
1,2,12:35:19,1,-1,2,AA7392,0,1,50
2,3,12:37:31,1,-1,2,AA7392,0,1,61
3,4,12:41:54,1,-1,1,AA7392,0,1,202
4,5,12:44:57,1,-1,1,AA7392,0,1,121
5,6,12:46:08,1,-1,1,AA7392,0,1,10
6,7,12:54:38,1,-1,1,AA7392,0,1,459
7,8,12:57:00,1,-1,1,AA7392,0,1,121
8,9,12:58:33,1,-1,1,AA7392,0,1,60
9,10,12:59:34,1,-1,1,AA7392,0,1,30
10,11,13:02:17,1,-1,1,AA7392,0,1,50
11,12,13:03:29,1,-1,1,AA7392,0,1,30
12,13,13:07:35,1,-1,1,AA7392,0,1,91
13,14,13:09:06,1,-1,1,AA7392,0,1,40
14,15,13:11:47,1,-1,-1,AA7392,0,1,40
15,16,13:14:09,1,-1,1,AA7392,0,1,121
16,17,13:21:17,1,-1,1,AA7392,0,1,356
17,18,13:23:39,1,-1,1,AA7392,0,1,20
18,19,13:27:45,1,-1,2,AA7392,0,1,205
19,20,13:29:56,1,-1,2,AA7392,0,1,60
20,21,13:32:28,1,-1,1,AA7392,0,1,121
21,22,13:34:09,1,-1,-1,AA7392,0,1,80
0,1,13:46:54,1,-1,-1,AA7392,0,1,104
1,2,13:48:45,1,-1,3,AA7392,0,1,70
2,3,13:50:57,1,-1,-1,AA7392,0,1,40
3,4,13:55:00,1,-1,-1,AA7392,0,1,162
4,5,13:58:27,1,-1,1,AA7392,0,1,136
5,6,14:01:29,1,-1,1,AA7392,0,1,30
6,7,14:09:48,1,-1,1,AA7392,0,1,458
7,8,14:11:49,1,-1,2,AA7392,0,1,111
8,9,14:13:34,1,-1,1,AA7392,0,1,74
9,10,14:14:15,1,-1,1,AA7392,0,1,30
10,11,14:18:19,1,-1,1,AA7392,0,1,70
11,12,14:19:19,1,-1,1,AA7392,0,1,30
12,13,14:21:44,1,-1,1,AA7392,0,1,114
13,14,14:22:45,1,-1,1,AA7392,0,1,30
14,15,14:24:06,1,-1,-1,AA7392,0,1,30
15,16,14:26:27,1,-1,1,AA7392,0,1,121
16,17,14:34:15,1,-1,1,AA7392,0,1,407
17,18,14:35:26,1,-1,1,AA7392,0,1,30
18,19,14:39:49,1,-1,3,AA7392,0,1,222
19,20,14:43:04,1,-1,2,AA7392,0,1,84
20,21,14:46:27,1,-1,1,AA7392,0,1,192
21,22,14:48:28,1,-1,-1,AA7392,0,1,91
0,1,15:14:34,1,-1,-1,AA7392,0,1,60
1,2,15:15:56,1,-1,2,AA7392,0,1,31
2,3,15:18:48,1,-1,3,AA7392,0,1,91
3,4,15:20:41,1,-1,1,AA7392,0,1,72
4,5,15:24:36,1,-1,1,AA7392,0,1,141
5,6,15:26:47,1,-1,1,AA7392,0,1,30
6,8,15:37:28,1,-1,2,AA7392,1,1,600
8,9,15:39:29,1,-1,1,AA7392,0,1,50
9,10,15:40:34,1,-1,1,AA7392,0,1,23
10,11,15:42:56,1,-1,1,AA7392,0,1,102
11,12,15:43:57,1,-1,1,AA7392,0,1,30
12,13,15:45:08,1,-1,1,AA7392,0,1,50
13,14,15:46:29,1,-1,2,AA7392,0,1,40
14,15,15:48:34,1,-1,-1,AA7392,0,1,44
15,16,15:50:36,1,-1,1,AA7392,0,1,101
16,17,15:57:35,1,-1,2,AA7392,0,1,378
17,18,15:58:36,1,-1,1,AA7392,0,1,30
18,19,16:04:09,1,-1,3,AA7392,0,1,303
19,20,16:07:17,1,-1,1,AA7392,0,1,91
20,21,16:10:49,1,-1,1,AA7392,0,1,171
21,22,16:12:52,1,-1,-1,AA7392,0,1,93
0,1,16:32:16,1,-1,-1,AA7392,0,1,1132
1,2,16:34:27,1,-1,3,AA7392,0,1,111
2,3,16:36:44,1,-1,2,AA7392,0,1,75
3,4,16:39:36,1,-1,1,AA7392,0,1,131
4,5,16:43:18,1,-1,1,AA7392,0,1,151
5,6,16:45:09,1,-1,1,AA7392,0,1,20
6,7,16:53:50,1,-1,1,AA7392,0,1,477
7,8,16:56:05,1,-1,2,AA7392,0,1,101
8,9,16:57:27,1,-1,1,AA7392,0,1,40
9,10,16:58:18,1,-1,1,AA7392,0,1,30
10,11,17:00:49,1,-1,1,AA7392,0,1,101
11,12,17:01:44,1,-1,1,AA7392,0,1,24
12,13,17:03:25,1,-1,1,AA7392,0,1,70
13,14,17:05:19,1,-1,2,AA7392,0,1,80
14,15,17:06:40,1,-1,-1,AA7392,0,1,30
15,16,17:10:35,1,-1,1,AA7392,0,1,194
16,17,17:17:19,1,-1,1,AA7392,0,1,374
17,18,17:18:32,1,-1,1,AA7392,0,1,52
18,19,17:23:15,1,-1,3,AA7392,0,1,242
19,20,17:26:49,1,-1,1,AA7392,0,1,60
20,21,17:32:35,1,-1,1,AA7392,0,1,336
21,22,17:34:57,1,-1,-1,AA7392,0,1,80
0,1,17:42:36,1,-1,-1,AA7392,0,1,408
1,2,17:43:36,1,-1,3,AA7392,0,1,20
2,3,17:45:48,1,-1,3,AA7392,0,1,70
3,4,17:47:59,1,-1,1,AA7392,0,1,70
4,5,17:51:44,1,-1,1,AA7392,0,1,133
5,6,17:53:05,1,-1,1,AA7392,0,1,20
6,7,18:02:04,1,-1,1,AA7392,0,1,498
7,8,18:05:06,1,-1,2,AA7392,0,1,141
8,9,18:05:57,1,-1,1,AA7392,0,1,30
9,10,18:06:48,1,-1,1,AA7392,0,1,30
10,11,18:10:50,1,-1,1,AA7392,0,1,131
11,12,18:12:03,1,-1,1,AA7392,0,1,30
12,13,18:14:04,1,-1,1,AA7392,0,1,91
13,14,18:15:35,1,-1,2,AA7392,0,1,50
14,15,18:17:06,1,-1,-1,AA7392,0,1,30
15,16,18:22:00,1,-1,1,AA7392,0,1,242
16,17,18:29:26,1,-1,3,AA7392,0,1,415
17,18,18:30:47,1,-1,1,AA7392,0,1,40
18,19,18:36:11,1,-1,3,AA7392,0,1,263
19,20,18:39:25,1,-1,2,AA7392,0,1,123
20,21,18:43:18,1,-1,1,AA7392,0,1,171
21,22,18:45:51,1,-1,-1,AA7392,0,1,102
0,1,19:10:16,1,-1,-1,AA7392,0,1,1424
1,2,19:12:28,1,-1,3,AA7392,0,1,101
2,3,19:14:59,1,-1,2,AA7392,0,1,111
3,4,19:17:55,1,-1,1,AA7392,0,1,114
4,5,19:21:18,1,-1,1,AA7392,0,1,121
5,6,19:22:29,1,-1,1,AA7392,0,1,10
6,7,19:31:17,1,-1,1,AA7392,0,1,477
7,8,19:32:38,1,-1,2,AA7392,0,1,70
8,9,19:34:09,1,-1,1,AA7392,0,1,60
9,10,19:35:10,1,-1,1,AA7392,0,1,30
10,11,19:37:15,1,-1,1,AA7392,0,1,70
11,12,19:37:56,1,-1,1,AA7392,0,1,30
12,13,19:39:27,1,-1,1,AA7392,0,1,60
13,14,19:40:48,1,-1,1,AA7392,0,1,70
14,15,19:43:19,1,-1,-1,AA7392,0,1,40
15,16,19:45:53,1,-1,1,AA7392,0,1,123
16,17,19:52:27,1,-1,1,AA7392,0,1,374
17,18,19:53:28,1,-1,1,AA7392,0,1,20
18,19,19:57:44,1,-1,3,AA7392,0,1,205
19,20,20:00:26,1,-1,1,AA7392,0,1,101
20,21,20:03:38,1,-1,1,AA7392,0,1,171
21,22,20:06:10,1,-1,-1,AA7392,0,1,90
0,1,7:27:25,1,-1,-1,AA7480,0,1,2175
1,2,7:29:57,1,-1,2,AA7480,0,1,30
2,3,7:33:39,1,-1,2,AA7480,0,1,111
3,4,7:38:27,1,-1,1,AA7480,0,1,186
4,5,7:42:00,1,-1,1,AA7480,0,1,101
6,7,7:52:53,1,-1,2,AA7480,0,1,487
7,8,7:55:34,1,-1,2,AA7480,0,1,151
8,9,7:57:36,1,-1,1,AA7480,0,1,80
9,10,7:58:37,1,-1,1,AA7480,0,1,30
10,11,8:00:48,1,-1,1,AA7480,0,1,91
11,12,8:01:59,1,-1,1,AA7480,0,1,30
12,13,8:03:31,1,-1,1,AA7480,0,1,61
13,14,8:04:42,1,-1,1,AA7480,0,1,30
14,15,8:06:45,1,-1,-1,AA7480,0,1,70
15,16,8:08:56,1,-1,1,AA7480,0,1,111
16,17,8:16:14,1,-1,1,AA7480,0,1,396
17,18,8:17:14,1,-1,1,AA7480,0,1,30
18,19,8:22:08,1,-1,3,AA7480,0,1,222
19,20,8:25:00,1,-1,2,AA7480,0,1,50
20,22,8:34:19,1,-1,-1,AA7480,1,1,538
0,1,8:43:49,1,-1,-1,AA7480,0,1,529
1,2,8:45:52,1,-1,3,AA7480,0,1,62
2,3,8:50:19,1,-1,-1,AA7480,0,1,151
3,4,8:52:55,1,-1,-1,AA7480,0,1,51
4,5,8:57:08,1,-1,1,AA7480,0,1,151
5,6,8:58:40,1,-1,1,AA7480,0,1,40
6,8,9:09:49,1,-1,2,AA7480,1,1,629
8,9,9:11:00,1,-1,1,AA7480,0,1,60
9,10,9:11:45,1,-1,1,AA7480,0,1,34
10,11,9:14:57,1,-1,1,AA7480,0,1,161
11,12,9:16:18,1,-1,2,AA7480,0,1,50
12,13,9:18:49,1,-1,3,AA7480,0,1,60
13,14,9:19:32,1,-1,2,AA7480,0,1,32
14,15,9:20:43,1,-1,-1,AA7480,0,1,30
15,16,9:23:26,1,-1,1,AA7480,0,1,152
16,17,9:30:13,1,-1,1,AA7480,0,1,396
17,18,9:31:04,1,-1,1,AA7480,0,1,20
18,19,9:34:48,1,-1,2,AA7480,0,1,193
19,20,9:37:33,1,-1,2,AA7480,0,1,94
20,21,9:39:55,1,-1,1,AA7480,0,1,91
21,22,9:42:16,1,-1,-1,AA7480,0,1,111
0,1,9:57:44,1,-1,-1,AA7480,0,1,897
1,2,9:59:36,1,-1,2,AA7480,0,1,101
2,3,10:01:57,1,-1,2,AA7480,0,1,111
3,4,10:04:39,1,-1,1,AA7480,0,1,111
4,5,10:08:04,1,-1,1,AA7480,0,1,123
5,6,10:09:25,1,-1,1,AA7480,0,1,10
6,8,10:20:58,1,-1,1,AA7480,1,1,651
8,9,10:23:20,1,-1,1,AA7480,0,1,121
9,10,10:23:57,1,-1,1,AA7480,0,1,20
10,11,10:26:29,1,-1,1,AA7480,0,1,111
11,12,10:27:30,1,-1,1,AA7480,0,1,30
12,13,10:29:11,1,-1,1,AA7480,0,1,80
13,14,10:29:54,1,-1,1,AA7480,0,1,33
14,15,10:31:25,1,-1,-1,AA7480,0,1,40
15,16,10:33:17,1,-1,1,AA7480,0,1,101
16,17,10:40:36,1,-1,1,AA7480,0,1,428
17,18,10:41:36,1,-1,1,AA7480,0,1,20
18,19,10:46:09,1,-1,2,AA7480,0,1,242
19,21,10:52:17,1,-1,1,AA7480,1,1,337
21,22,10:53:28,1,-1,-1,AA7480,0,1,60
0,1,11:13:55,1,-1,-1,AA7480,0,1,1166
1,2,11:16:48,1,-1,2,AA7480,0,1,80
2,3,11:19:50,1,-1,2,AA7480,0,1,161
3,4,11:22:36,1,-1,-1,AA7480,0,1,80
4,5,11:26:09,1,-1,1,AA7480,0,1,121
5,6,11:27:30,1,-1,1,AA7480,0,1,30
6,8,11:39:54,1,-1,2,AA7480,1,1,693
8,9,11:41:15,1,-1,1,AA7480,0,1,71
9,10,11:41:56,1,-1,1,AA7480,0,1,30
10,12,11:44:28,1,-1,1,AA7480,1,1,121
12,13,11:46:19,1,-1,1,AA7480,0,1,61
13,14,11:47:10,1,-1,1,AA7480,0,1,40
14,15,11:48:21,1,-1,-1,AA7480,0,1,30
15,17,11:57:30,1,-1,1,AA7480,1,1,536
17,18,11:59:24,1,-1,1,AA7480,0,1,50
18,19,12:03:57,1,-1,2,AA7480,0,1,232
19,21,12:10:15,1,-1,1,AA7480,1,1,357
21,22,12:11:26,1,-1,-1,AA7480,0,1,50
0,1,14:38:38,1,-1,-1,AA7480,0,1,101
1,2,14:40:19,1,-1,3,AA7480,0,1,20
2,3,14:42:34,1,-1,3,AA7480,0,1,23
3,4,14:46:16,1,-1,1,AA7480,0,1,161
4,5,14:49:49,1,-1,1,AA7480,0,1,121
6,7,15:01:59,1,-1,-1,AA7480,0,1,546
0,1,15:59:36,1,-1,-1,AA7480,0,1,111
1,2,16:01:17,1,-1,1,AA7480,0,1,91
2,3,16:03:49,1,-1,1,AA7480,0,1,101
3,4,16:06:36,1,-1,1,AA7480,0,1,126
4,5,16:10:09,1,-1,2,AA7480,0,1,141
5,6,16:11:19,1,-1,1,AA7480,0,1,10
6,7,16:20:30,1,-1,1,AA7480,0,1,490
7,8,16:22:04,1,-1,2,AA7480,0,1,83
8,9,16:23:37,1,-1,1,AA7480,0,1,52
9,10,16:24:27,1,-1,1,AA7480,0,1,30
10,11,16:26:59,1,-1,1,AA7480,0,1,101
11,12,16:28:00,1,-1,1,AA7480,0,1,20
12,13,16:30:24,1,-1,1,AA7480,0,1,101
13,14,16:32:46,1,-1,3,AA7480,0,1,131
14,15,16:34:48,1,-1,-1,AA7480,0,1,71
15,16,16:37:45,1,-1,1,AA7480,0,1,146
16,17,16:45:09,1,-1,1,AA7480,0,1,384
17,18,16:46:12,1,-1,1,AA7480,0,1,20
18,19,16:51:08,1,-1,3,AA7480,0,1,244
19,21,16:59:08,1,-1,1,AA7480,1,1,379
21,22,17:01:34,1,-1,-1,AA7480,0,1,135
0,1,17:14:17,1,-1,-1,AA7480,0,1,80
1,3,17:20:13,1,-1,2,AA7480,1,1,335
3,4,17:23:57,1,-1,1,AA7480,0,1,162
4,5,17:26:59,1,-1,1,AA7480,0,1,131
5,6,17:28:00,1,-1,1,AA7480,0,1,10
6,7,17:36:38,1,-1,1,AA7480,0,1,475
7,8,17:38:29,1,-1,2,AA7480,0,1,101
8,9,17:40:22,1,-1,1,AA7480,0,1,40
9,10,17:41:24,1,-1,1,AA7480,0,1,30
10,11,17:44:37,1,-1,1,AA7480,0,1,131
11,12,17:46:08,1,-1,1,AA7480,0,1,30
12,13,17:48:30,1,-1,1,AA7480,0,1,111
13,14,17:50:33,1,-1,1,AA7480,0,1,92
14,15,17:53:15,1,-1,-1,AA7480,0,1,30
15,16,18:00:02,1,-1,1,AA7480,0,1,396
16,17,18:07:28,1,-1,1,AA7480,0,1,395
17,18,18:08:49,1,-1,1,AA7480,0,1,30
18,19,18:15:35,1,-1,2,AA7480,0,1,315
19,21,18:24:02,1,-1,1,AA7480,1,1,496
21,22,18:27:24,1,-1,-1,AA7480,0,1,192
0,1,18:36:31,1,-1,-1,AA7480,0,1,40
1,2,18:39:15,1,-1,3,AA7480,0,1,80
2,3,18:42:17,1,-1,2,AA7480,0,1,111
3,4,18:45:19,1,-1,1,AA7480,0,1,111
4,5,18:48:55,1,-1,1,AA7480,0,1,133
5,6,18:50:26,1,-1,1,AA7480,0,1,20
6,7,18:59:27,1,-1,1,AA7480,0,1,500
7,8,19:01:18,1,-1,3,AA7480,0,1,80
8,9,19:02:49,1,-1,1,AA7480,0,1,70
9,10,19:03:29,1,-1,1,AA7480,0,1,30
10,11,19:08:44,1,-1,1,AA7480,0,1,172
11,12,19:09:56,1,-1,1,AA7480,0,1,20
12,13,19:12:48,1,-1,1,AA7480,0,1,101
13,14,19:13:48,1,-1,3,AA7480,0,1,40
14,15,19:16:10,1,-1,-1,AA7480,0,1,40
15,16,19:19:17,1,-1,1,AA7480,0,1,176
16,17,19:26:14,1,-1,1,AA7480,0,1,376
17,18,19:27:35,1,-1,1,AA7480,0,1,30
18,19,19:31:48,1,-1,3,AA7480,0,1,232
19,20,19:34:50,1,-1,1,AA7480,0,1,111
20,21,19:37:36,1,-1,1,AA7480,0,1,145
21,22,19:39:47,1,-1,-1,AA7480,0,1,111
0,1,20:22:56,1,-1,-1,AA7480,0,1,90
1,2,20:24:17,1,-1,2,AA7480,0,1,70
2,4,20:27:39,1,-1,1,AA7480,1,1,171
4,5,20:31:15,1,-1,1,AA7480,0,1,124
5,6,20:32:15,1,-1,1,AA7480,0,1,20
6,7,20:40:55,1,-1,1,AA7480,0,1,499
7,8,20:42:26,1,-1,1,AA7480,0,1,80
8,9,20:43:47,1,-1,1,AA7480,0,1,50
9,10,20:44:47,1,-1,1,AA7480,0,1,50
10,11,20:50:54,1,-1,1,AA7480,0,1,80
11,12,20:52:05,1,-1,1,AA7480,0,1,30
12,13,20:54:27,1,-1,1,AA7480,0,1,80
13,14,20:55:27,1,-1,1,AA7480,0,1,30
14,15,20:57:39,1,-1,-1,AA7480,0,1,50
15,16,21:00:00,1,-1,1,AA7480,0,1,121
16,17,21:06:46,1,-1,1,AA7480,0,1,373
17,18,21:07:57,1,-1,1,AA7480,0,1,20
18,19,21:12:55,1,-1,2,AA7480,0,1,236
19,21,21:18:28,1,-1,1,AA7480,1,1,323
21,22,21:21:53,1,-1,-1,AA7480,0,1,194
0,1,21:40:19,1,-1,-1,AA7480,0,1,90
1,2,21:41:40,1,-1,2,AA7480,0,1,10
2,3,21:43:33,1,-1,2,AA7480,0,1,61
3,4,21:44:44,1,-1,1,AA7480,0,1,30
4,5,21:48:16,1,-1,1,AA7480,0,1,131
5,6,21:49:37,1,-1,1,AA7480,0,1,30
6,8,22:01:08,1,-1,2,AA7480,1,1,681
8,9,22:02:39,1,-1,1,AA7480,0,1,60
9,10,22:04:00,1,-1,1,AA7480,0,1,60
10,11,22:07:44,1,-1,1,AA7480,0,1,101
11,12,22:08:45,1,-1,1,AA7480,0,1,20
12,13,22:10:46,1,-1,1,AA7480,0,1,60
13,14,22:11:57,1,-1,1,AA7480,0,1,30
14,15,22:14:08,1,-1,-1,AA7480,0,1,30
15,16,22:16:44,1,-1,1,AA7480,0,1,124
16,17,22:24:09,1,-1,-1,AA7480,0,1,434
17,18,22:25:30,1,-1,1,AA7480,0,1,40
18,19,22:31:07,1,-1,2,AA7480,0,1,273
19,20,22:34:39,1,-1,1,AA7480,0,1,131
20,21,22:37:44,1,-1,1,AA7480,0,1,174
21,22,22:39:15,1,-1,-1,AA7480,0,1,50
0,1,22:50:05,1,-1,-1,AA7480,0,1,30
1,2,22:51:36,1,-1,2,AA7480,0,1,10
2,3,22:53:17,1,-1,2,AA7480,0,1,20
3,4,22:55:28,1,-1,1,AA7480,0,1,80
4,5,22:58:00,1,-1,1,AA7480,0,1,121
5,6,22:59:14,1,-1,1,AA7480,0,1,20
6,8,23:09:21,1,-1,1,AA7480,1,1,556
8,9,23:10:45,1,-1,1,AA7480,0,1,40
9,10,23:11:25,1,-1,1,AA7480,0,1,30
10,12,23:14:38,1,-1,1,AA7480,1,1,141
12,13,23:15:58,1,-1,1,AA7480,0,1,50
13,14,23:17:09,1,-1,1,AA7480,0,1,40
14,15,23:18:32,1,-1,-1,AA7480,0,1,42
15,17,23:26:58,1,-1,1,AA7480,1,1,496
17,18,23:28:19,1,-1,1,AA7480,0,1,20
18,19,23:32:27,1,-1,2,AA7480,0,1,186
19,20,23:34:38,1,-1,1,AA7480,0,1,80
20,21,23:36:40,1,-1,1,AA7480,0,1,91
21,22,23:39:02,1,-1,-1,AA7480,0,1,132
0,1,23:56:09,1,-1,-1,AA7480,0,1,90
1,2,23:57:20,1,-1,1,AA7480,0,1,40
2,3,23:59:54,1,-1,1,AA7480,0,1,50
0,1,8:09:27,1,-1,-1,AA7489,0,1,101
1,2,8:10:48,1,-1,-1,AA7489,0,1,70
2,3,8:18:35,1,-1,3,AA7489,0,1,182
3,4,8:24:40,1,-1,1,AA7489,0,1,161
4,5,8:28:44,1,-1,1,AA7489,0,1,224
5,6,8:31:27,1,-1,1,AA7489,0,1,40
6,7,8:42:48,1,-1,2,AA7489,0,1,590
7,8,8:46:33,1,-1,2,AA7489,0,1,214
8,9,8:48:58,1,-1,1,AA7489,0,1,80
9,10,8:50:09,1,-1,-1,AA7489,0,1,30
10,11,8:52:45,1,-1,-1,AA7489,0,1,136
11,12,8:55:17,1,-1,2,AA7489,0,1,111
12,13,8:59:00,1,-1,3,AA7489,0,1,121
13,14,9:00:33,1,-1,2,AA7489,0,1,50
14,15,9:03:15,1,-1,-1,AA7489,0,1,80
15,16,9:06:07,1,-1,1,AA7489,0,1,101
16,17,9:13:46,1,-1,1,AA7489,0,1,398
17,18,9:14:47,1,-1,1,AA7489,0,1,30
18,19,9:19:52,1,-1,2,AA7489,0,1,244
19,20,9:23:16,1,-1,2,AA7489,0,1,183
20,21,9:27:49,1,-1,1,AA7489,0,1,262
21,22,9:29:42,1,-1,-1,AA7489,0,1,93
0,1,9:38:03,1,-1,-1,AA7489,0,1,84
1,2,9:39:34,1,-1,3,AA7489,0,1,20
2,3,9:41:56,1,-1,3,AA7489,0,1,111
3,4,9:44:38,1,-1,1,AA7489,0,1,70
4,5,9:48:34,1,-1,1,AA7489,0,1,155
5,6,9:49:55,1,-1,1,AA7489,0,1,30
6,7,9:59:36,1,-1,1,AA7489,0,1,510
7,8,10:02:38,1,-1,2,AA7489,0,1,161
8,9,10:04:09,1,-1,1,AA7489,0,1,60
9,10,10:05:10,1,-1,1,AA7489,0,1,40
10,11,10:06:43,1,-1,1,AA7489,0,1,52
11,12,10:07:33,1,-1,1,AA7489,0,1,30
12,13,10:09:04,1,-1,1,AA7489,0,1,60
13,14,10:09:56,1,-1,1,AA7489,0,1,41
14,15,10:11:27,1,-1,-1,AA7489,0,1,80
15,16,10:14:09,1,-1,1,AA7489,0,1,101
16,17,10:20:58,1,-1,1,AA7489,0,1,378
17,18,10:22:39,1,-1,1,AA7489,0,1,40
18,19,10:27:09,1,-1,2,AA7489,0,1,202
19,20,10:29:34,1,-1,2,AA7489,0,1,124
20,21,10:32:26,1,-1,1,AA7489,0,1,121
21,22,10:34:17,1,-1,-1,AA7489,0,1,90
0,1,10:54:08,1,-1,-1,AA7489,0,1,131
1,2,10:56:20,1,-1,3,AA7489,0,1,70
2,3,10:59:36,1,-1,2,AA7489,0,1,181
3,4,11:00:57,1,-1,1,AA7489,0,1,20
4,5,11:04:50,1,-1,1,AA7489,0,1,141
5,6,11:06:36,1,-1,1,AA7489,0,1,40
6,7,11:15:37,1,-1,1,AA7489,0,1,510
7,8,11:18:09,1,-1,2,AA7489,0,1,141
8,9,11:20:10,1,-1,-1,AA7489,0,1,50
9,10,11:20:54,1,-1,-1,AA7489,0,1,20
10,11,11:24:17,1,-1,-1,AA7489,0,1,101
11,12,11:25:18,1,-1,1,AA7489,0,1,30
12,13,11:27:19,1,-1,1,AA7489,0,1,81
13,14,11:28:10,1,-1,1,AA7489,0,1,40
14,15,11:30:05,1,-1,-1,AA7489,0,1,41
15,16,11:32:57,1,-1,1,AA7489,0,1,151
16,17,11:40:25,1,-1,1,AA7489,0,1,387
17,18,11:41:36,1,-1,1,AA7489,0,1,30
18,19,11:46:19,1,-1,2,AA7489,0,1,233
19,20,11:49:24,1,-1,1,AA7489,0,1,174
20,21,11:52:36,1,-1,1,AA7489,0,1,182
21,22,11:55:18,1,-1,-1,AA7489,0,1,101
0,1,12:05:07,1,-1,-1,AA7489,0,1,80
1,3,12:09:34,1,-1,2,AA7489,1,1,236
3,4,12:11:05,1,-1,1,AA7489,0,1,30
4,5,12:14:58,1,-1,1,AA7489,0,1,131
5,6,12:16:19,1,-1,1,AA7489,0,1,20
6,7,12:25:50,1,-1,1,AA7489,0,1,520
7,8,12:28:13,1,-1,2,AA7489,0,1,112
8,9,12:29:55,1,-1,1,AA7489,0,1,60
9,10,12:30:45,1,-1,1,AA7489,0,1,30
10,11,12:33:37,1,-1,1,AA7489,0,1,151
11,12,12:34:48,1,-1,1,AA7489,0,1,30
12,13,12:36:19,1,-1,1,AA7489,0,1,60
13,14,12:37:31,1,-1,1,AA7489,0,1,31
14,15,12:39:53,1,-1,-1,AA7489,0,1,60
15,16,12:42:55,1,-1,1,AA7489,0,1,141
16,17,12:49:45,1,-1,1,AA7489,0,1,368
17,18,12:51:05,1,-1,1,AA7489,0,1,30
18,19,12:55:49,1,-1,3,AA7489,0,1,232
19,20,12:58:44,1,-1,1,AA7489,0,1,154
20,21,13:01:27,1,-1,1,AA7489,0,1,152
21,22,13:03:49,1,-1,-1,AA7489,0,1,102
0,1,14:56:36,1,-1,-1,AA7489,0,1,121
1,2,14:58:37,1,-1,3,AA7489,0,1,60
2,3,15:00:28,1,-1,-1,AA7489,0,1,60
3,4,15:03:00,1,-1,-1,AA7489,0,1,80
4,5,15:06:15,1,-1,1,AA7489,0,1,135
5,6,15:08:07,1,-1,1,AA7489,0,1,40
6,7,15:16:37,1,-1,1,AA7489,0,1,459
7,8,15:18:28,1,-1,2,AA7489,0,1,101
8,9,15:20:09,1,-1,1,AA7489,0,1,60
9,10,15:21:12,1,-1,1,AA7489,0,1,30
10,11,15:23:15,1,-1,1,AA7489,0,1,101
11,12,15:24:06,1,-1,1,AA7489,0,1,20
12,13,15:26:47,1,-1,1,AA7489,0,1,101
13,14,15:27:58,1,-1,1,AA7489,0,1,60
14,15,15:30:50,1,-1,-1,AA7489,0,1,50
15,16,15:32:45,1,-1,1,AA7489,0,1,94
16,17,15:39:40,1,-1,1,AA7489,0,1,384
17,18,15:40:44,1,-1,1,AA7489,0,1,54
18,19,15:45:38,1,-1,3,AA7489,0,1,263
19,20,15:48:44,1,-1,1,AA7489,0,1,125
20,21,15:51:27,1,-1,1,AA7489,0,1,121
21,22,15:53:18,1,-1,-1,AA7489,0,1,91
0,1,16:16:07,1,-1,-1,AA7489,0,1,40
1,3,16:20:50,1,-1,2,AA7489,1,1,222
3,4,16:22:54,1,-1,1,AA7489,0,1,80
4,5,16:25:38,1,-1,2,AA7489,0,1,121
5,6,16:26:59,1,-1,1,AA7489,0,1,30
6,7,16:35:38,1,-1,1,AA7489,0,1,478
7,8,16:37:55,1,-1,2,AA7489,0,1,116
8,9,16:39:56,1,-1,1,AA7489,0,1,101
9,11,16:43:08,1,-1,1,AA7489,1,1,171
11,12,16:44:19,1,-1,1,AA7489,0,1,20
12,13,16:46:22,1,-1,1,AA7489,0,1,83
13,14,16:47:44,1,-1,2,AA7489,0,1,41
14,15,16:49:57,1,-1,-1,AA7489,0,1,51
15,16,16:52:39,1,-1,1,AA7489,0,1,141
16,17,16:59:18,1,-1,1,AA7489,0,1,369
17,18,17:00:39,1,-1,1,AA7489,0,1,30
18,19,17:05:19,1,-1,2,AA7489,0,1,238
19,20,17:08:23,1,-1,1,AA7489,0,1,173
20,21,17:10:55,1,-1,1,AA7489,0,1,121
21,22,17:13:17,1,-1,-1,AA7489,0,1,80
0,1,17:26:18,1,-1,-1,AA7489,0,1,50
1,2,17:27:39,1,-1,2,AA7489,0,1,30
2,3,17:30:14,1,-1,2,AA7489,0,1,114
3,4,17:33:06,1,-1,1,AA7489,0,1,131
4,5,17:36:18,1,-1,1,AA7489,0,1,111
5,6,17:37:29,1,-1,1,AA7489,0,1,20
6,7,17:46:18,1,-1,1,AA7489,0,1,488
7,8,17:48:50,1,-1,2,AA7489,0,1,121
8,9,17:50:11,1,-1,1,AA7489,0,1,61
9,10,17:51:13,1,-1,1,AA7489,0,1,30
10,11,17:53:15,1,-1,1,AA7489,0,1,101
11,12,17:54:26,1,-1,1,AA7489,0,1,30
12,13,17:56:07,1,-1,1,AA7489,0,1,60
13,14,17:57:18,1,-1,1,AA7489,0,1,40
14,15,17:59:31,1,-1,-1,AA7489,0,1,31
15,16,18:09:09,1,-1,1,AA7489,0,1,547
16,17,18:16:46,1,-1,1,AA7489,0,1,365
17,18,18:17:57,1,-1,1,AA7489,0,1,30
18,19,18:24:02,1,-1,2,AA7489,0,1,304
19,20,18:30:06,1,-1,1,AA7489,0,1,273
20,21,18:35:50,1,-1,1,AA7489,0,1,334
21,22,18:38:54,1,-1,-1,AA7489,0,1,92
0,2,18:49:15,1,-1,2,AA7489,1,1,133
2,3,18:52:17,1,-1,2,AA7489,0,1,131
3,4,18:54:33,1,-1,1,AA7489,0,1,85
4,5,18:57:15,1,-1,1,AA7489,0,1,121
5,6,18:58:36,1,-1,1,AA7489,0,1,30
6,7,19:07:13,1,-1,2,AA7489,0,1,476
7,8,19:09:56,1,-1,2,AA7489,0,1,152
8,9,19:10:57,1,-1,1,AA7489,0,1,40
9,10,19:11:47,1,-1,1,AA7489,0,1,30
10,11,19:13:08,1,-1,1,AA7489,0,1,60
11,12,19:13:59,1,-1,1,AA7489,0,1,30
12,13,19:16:00,1,-1,1,AA7489,0,1,70
13,14,19:17:04,1,-1,3,AA7489,0,1,30
14,15,19:19:27,1,-1,-1,AA7489,0,1,132
15,16,19:21:28,1,-1,1,AA7489,0,1,90
16,17,19:28:16,1,-1,1,AA7489,0,1,356
17,18,19:29:36,1,-1,1,AA7489,0,1,40
18,19,19:33:29,1,-1,3,AA7489,0,1,202
19,20,19:36:35,1,-1,1,AA7489,0,1,135
20,21,19:39:47,1,-1,1,AA7489,0,1,181
21,22,19:41:28,1,-1,-1,AA7489,0,1,80
0,1,20:48:40,1,-1,-1,AA7489,0,1,80
1,2,20:50:04,1,-1,2,AA7489,0,1,64
2,3,20:52:15,1,-1,2,AA7489,0,1,121
3,4,20:54:47,1,-1,1,AA7489,0,1,101
4,5,20:57:29,1,-1,1,AA7489,0,1,121
5,6,20:58:49,1,-1,1,AA7489,0,1,30
6,7,21:07:17,1,-1,1,AA7489,0,1,487
7,8,21:08:48,1,-1,1,AA7489,0,1,80
8,9,21:10:29,1,-1,1,AA7489,0,1,70
9,10,21:11:20,1,-1,1,AA7489,0,1,40
10,11,21:15:47,1,-1,1,AA7489,0,1,252
11,12,21:16:37,1,-1,1,AA7489,0,1,20
12,13,21:18:38,1,-1,1,AA7489,0,1,60
13,14,21:20:09,1,-1,1,AA7489,0,1,40
14,15,21:22:04,1,-1,-1,AA7489,0,1,40
15,16,21:24:25,1,-1,1,AA7489,0,1,121
16,17,21:31:19,1,-1,1,AA7489,0,1,363
17,18,21:32:30,1,-1,1,AA7489,0,1,30
18,19,21:37:17,1,-1,2,AA7489,0,1,246
19,20,21:39:18,1,-1,1,AA7489,0,1,60
20,21,21:42:00,1,-1,1,AA7489,0,1,111
21,22,21:44:03,1,-1,-1,AA7489,0,1,81
0,1,22:01:28,1,-1,-1,AA7489,0,1,60
1,2,22:04:10,1,-1,2,AA7489,0,1,111
2,3,22:06:23,1,-1,2,AA7489,0,1,40
3,4,22:08:55,1,-1,1,AA7489,0,1,101
4,5,22:11:16,1,-1,1,AA7489,0,1,111
5,6,22:12:27,1,-1,1,AA7489,0,1,20
6,7,22:21:57,1,-1,-1,AA7489,0,1,529
7,8,22:24:09,1,-1,-1,AA7489,0,1,121
8,9,22:24:59,1,-1,-1,AA7489,0,1,40
9,10,22:25:40,1,-1,1,AA7489,0,1,30
10,11,22:28:34,1,-1,1,AA7489,0,1,164
11,12,22:29:15,1,-1,1,AA7489,0,1,30
12,13,22:30:47,1,-1,1,AA7489,0,1,60
13,14,22:31:37,1,-1,1,AA7489,0,1,30
14,15,22:32:38,1,-1,-1,AA7489,0,1,30
15,16,22:34:29,1,-1,1,AA7489,0,1,90
16,17,22:41:16,1,-1,1,AA7489,0,1,376
17,18,22:42:17,1,-1,1,AA7489,0,1,20
18,19,22:46:19,1,-1,2,AA7489,0,1,212
19,20,22:49:04,1,-1,1,AA7489,0,1,104
20,21,22:51:36,1,-1,1,AA7489,0,1,131
21,22,22:54:07,1,-1,-1,AA7489,0,1,80
0,1,23:09:10,1,-1,-1,AA7489,0,1,20
1,2,23:10:35,1,-1,1,AA7489,0,1,40
2,3,23:13:17,1,-1,1,AA7489,0,1,111
3,4,23:15:18,1,-1,1,AA7489,0,1,60
4,5,23:18:10,1,-1,1,AA7489,0,1,131
5,6,23:19:02,1,-1,1,AA7489,0,1,20
6,7,23:27:29,1,-1,1,AA7489,0,1,455
7,8,23:29:55,1,-1,2,AA7489,0,1,115
8,9,23:31:16,1,-1,1,AA7489,0,1,50
9,10,23:32:07,1,-1,1,AA7489,0,1,30
10,11,23:33:27,1,-1,1,AA7489,0,1,70
11,12,23:34:28,1,-1,1,AA7489,0,1,30
12,13,23:35:49,1,-1,1,AA7489,0,1,60
13,14,23:36:29,1,-1,1,AA7489,0,1,30
14,15,23:37:40,1,-1,-1,AA7489,0,1,30
16,17,23:46:07,1,-1,1,AA7489,0,1,354
17,18,23:46:48,1,-1,1,AA7489,0,1,30
18,19,23:50:45,1,-1,2,AA7489,0,1,187
19,20,23:52:36,1,-1,1,AA7489,0,1,50
20,21,23:53:57,1,-1,1,AA7489,0,1,60
21,22,23:55:28,1,-1,-1,AA7489,0,1,80
0,1,15:05:45,1,-1,-1,AA7566,0,1,114
1,2,15:07:46,1,-1,2,AA7566,0,1,70
2,3,15:09:38,1,-1,2,AA7566,0,1,60
3,4,15:12:09,1,-1,1,AA7566,0,1,90
4,5,15:15:25,1,-1,1,AA7566,0,1,135
5,6,15:16:57,1,-1,1,AA7566,0,1,30
6,8,15:28:39,1,-1,2,AA7566,1,1,661
8,9,15:30:00,1,-1,1,AA7566,0,1,60
9,10,15:31:00,1,-1,1,AA7566,0,1,30
10,11,15:34:46,1,-1,1,AA7566,0,1,205
11,12,15:35:47,1,-1,1,AA7566,0,1,20
12,13,15:37:28,1,-1,1,AA7566,0,1,70
13,14,15:38:29,1,-1,2,AA7566,0,1,40
14,15,15:40:34,1,-1,-1,AA7566,0,1,54
15,16,15:42:56,1,-1,1,AA7566,0,1,81
16,17,15:51:16,1,-1,2,AA7566,0,1,469
17,18,15:52:17,1,-1,1,AA7566,0,1,30
18,19,15:57:35,1,-1,2,AA7566,0,1,287
19,20,16:00:27,1,-1,1,AA7566,0,1,161
20,21,16:03:39,1,-1,1,AA7566,0,1,182
21,22,16:06:06,1,-1,-1,AA7566,0,1,106
2,3,16:29:44,1,-1,2,AA7566,0,1,83
3,4,16:32:56,1,-1,1,AA7566,0,1,151
4,5,16:35:58,1,-1,1,AA7566,0,1,121
5,6,16:37:34,1,-1,1,AA7566,0,1,40
6,7,16:46:22,1,-1,1,AA7566,0,1,507
7,8,16:48:05,1,-1,2,AA7566,0,1,91
8,9,16:49:37,1,-1,1,AA7566,0,1,61
9,10,16:50:27,1,-1,1,AA7566,0,1,30
10,11,16:52:49,1,-1,1,AA7566,0,1,121
11,12,16:54:00,1,-1,1,AA7566,0,1,30
12,13,16:55:35,1,-1,2,AA7566,0,1,60
13,14,16:57:47,1,-1,2,AA7566,0,1,102
14,15,17:00:09,1,-1,-1,AA7566,0,1,40
15,16,17:04:08,1,-1,1,AA7566,0,1,153
16,17,17:11:46,1,-1,1,AA7566,0,1,366
17,18,17:13:06,1,-1,1,AA7566,0,1,30
18,19,17:17:19,1,-1,3,AA7566,0,1,222
19,20,17:19:53,1,-1,1,AA7566,0,1,80
20,21,17:23:05,1,-1,1,AA7566,0,1,161
21,22,17:25:58,1,-1,-1,AA7566,0,1,101
0,1,17:35:17,1,-1,-1,AA7566,0,1,70
1,2,17:37:59,1,-1,3,AA7566,0,1,101
2,3,17:39:52,1,-1,3,AA7566,0,1,72
3,4,17:42:25,1,-1,1,AA7566,0,1,111
4,5,17:46:28,1,-1,1,AA7566,0,1,141
5,6,17:47:39,1,-1,1,AA7566,0,1,30
6,7,17:56:07,1,-1,1,AA7566,0,1,467
7,8,17:57:38,1,-1,2,AA7566,0,1,70
8,9,17:59:42,1,-1,1,AA7566,0,1,103
9,10,18:00:42,1,-1,1,AA7566,0,1,30
10,11,18:04:46,1,-1,1,AA7566,0,1,233
11,12,18:05:57,1,-1,1,AA7566,0,1,20
12,13,18:07:58,1,-1,1,AA7566,0,1,70
13,14,18:09:09,1,-1,2,AA7566,0,1,40
14,15,18:10:50,1,-1,-1,AA7566,0,1,50
15,16,18:18:07,1,-1,1,AA7566,0,1,384
16,17,18:25:03,1,-1,3,AA7566,0,1,375
17,18,18:27:14,1,-1,1,AA7566,0,1,60
18,19,18:33:49,1,-1,3,AA7566,0,1,343
19,20,18:36:41,1,-1,2,AA7566,0,1,70
20,21,18:43:18,1,-1,1,AA7566,0,1,386
21,22,18:46:11,1,-1,-1,AA7566,0,1,122
0,1,19:00:47,1,-1,-1,AA7566,0,1,111
1,2,19:02:49,1,-1,2,AA7566,0,1,60
2,3,19:06:32,1,-1,2,AA7566,0,1,162
3,4,19:09:04,1,-1,1,AA7566,0,1,111
4,5,19:12:28,1,-1,1,AA7566,0,1,141
5,6,19:13:48,1,-1,1,AA7566,0,1,20
6,7,19:22:29,1,-1,1,AA7566,0,1,490
7,8,19:24:43,1,-1,2,AA7566,0,1,103
8,9,19:26:44,1,-1,1,AA7566,0,1,91
9,10,19:27:25,1,-1,1,AA7566,0,1,30
10,11,19:30:37,1,-1,1,AA7566,0,1,171
11,12,19:31:38,1,-1,1,AA7566,0,1,20
12,13,19:33:59,1,-1,1,AA7566,0,1,101
13,14,19:35:34,1,-1,1,AA7566,0,1,54
14,15,19:37:46,1,-1,-1,AA7566,0,1,40
15,16,19:40:38,1,-1,1,AA7566,0,1,121
16,17,19:47:24,1,-1,1,AA7566,0,1,375
17,18,19:48:45,1,-1,1,AA7566,0,1,30
18,19,19:52:38,1,-1,3,AA7566,0,1,192
19,20,19:54:49,1,-1,1,AA7566,0,1,70
20,21,19:57:00,1,-1,1,AA7566,0,1,121
21,22,20:00:16,1,-1,-1,AA7566,0,1,111
0,1,6:38:47,1,-1,-1,AA7586,0,1,40
1,2,6:40:38,1,-1,3,AA7586,0,1,50
2,3,6:43:15,1,-1,2,AA7586,0,1,60
3,4,6:45:26,1,-1,1,AA7586,0,1,60
4,5,6:48:08,1,-1,1,AA7586,0,1,121
5,6,6:49:39,1,-1,1,AA7586,0,1,20
6,7,6:57:46,1,-1,1,AA7586,0,1,446
7,8,7:00:09,1,-1,2,AA7586,0,1,122
8,9,7:01:34,1,-1,1,AA7586,0,1,54
9,10,7:02:35,1,-1,1,AA7586,0,1,30
10,11,7:04:36,1,-1,1,AA7586,0,1,101
11,12,7:05:37,1,-1,1,AA7586,0,1,30
12,13,7:06:48,1,-1,1,AA7586,0,1,50
13,14,7:07:38,1,-1,1,AA7586,0,1,40
14,15,7:08:59,1,-1,-1,AA7586,0,1,40
15,16,7:11:04,1,-1,1,AA7586,0,1,94
16,17,7:18:00,1,-1,1,AA7586,0,1,375
17,18,7:19:16,1,-1,1,AA7586,0,1,40
18,19,7:23:18,1,-1,2,AA7586,0,1,212
19,20,7:26:04,1,-1,2,AA7586,0,1,135
20,21,7:28:16,1,-1,1,AA7586,0,1,111
21,22,7:30:48,1,-1,-1,AA7586,0,1,91
0,1,7:48:48,1,-1,-1,AA7586,0,1,101
1,2,7:50:49,1,-1,3,AA7586,0,1,101
2,3,7:58:16,1,-1,3,AA7586,0,1,404
3,4,8:02:49,1,-1,1,AA7586,0,1,151
4,5,8:06:24,1,-1,1,AA7586,0,1,132
5,6,8:08:36,1,-1,1,AA7586,0,1,30
6,7,8:17:45,1,-1,1,AA7586,0,1,508
7,8,8:19:56,1,-1,2,AA7586,0,1,121
8,9,8:21:48,1,-1,1,AA7586,0,1,101
9,10,8:22:48,1,-1,1,AA7586,0,1,30
10,11,8:25:00,1,-1,1,AA7586,0,1,91
11,12,8:26:02,1,-1,3,AA7586,0,1,30
12,13,8:28:13,1,-1,3,AA7586,0,1,111
13,14,8:29:24,1,-1,3,AA7586,0,1,40
14,15,8:31:37,1,-1,-1,AA7586,0,1,61
15,16,8:35:32,1,-1,1,AA7586,0,1,194
16,17,8:42:58,1,-1,1,AA7586,0,1,364
17,18,8:44:19,1,-1,1,AA7586,0,1,30
18,19,8:49:18,1,-1,3,AA7586,0,1,258
19,20,8:53:16,1,-1,-1,AA7586,0,1,217
20,21,8:56:28,1,-1,1,AA7586,0,1,131
21,22,8:58:50,1,-1,-1,AA7586,0,1,101
0,1,9:10:30,1,-1,-1,AA7586,0,1,70
1,2,9:12:45,1,-1,3,AA7586,0,1,60
2,3,9:15:57,1,-1,3,AA7586,0,1,121
3,4,9:18:29,1,-1,1,AA7586,0,1,80
4,5,9:22:15,1,-1,1,AA7586,0,1,163
5,6,9:24:16,1,-1,1,AA7586,0,1,20
6,7,9:33:06,1,-1,1,AA7586,0,1,488
7,8,9:35:08,1,-1,2,AA7586,0,1,112
8,9,9:36:59,1,-1,1,AA7586,0,1,91
9,10,9:37:53,1,-1,1,AA7586,0,1,20
10,11,9:40:15,1,-1,1,AA7586,0,1,70
11,12,9:41:16,1,-1,1,AA7586,0,1,30
12,13,9:42:47,1,-1,1,AA7586,0,1,80
13,14,9:43:57,1,-1,1,AA7586,0,1,40
14,15,9:45:28,1,-1,-1,AA7586,0,1,50
15,16,9:48:04,1,-1,1,AA7586,0,1,114
16,17,9:55:39,1,-1,1,AA7586,0,1,374
17,18,9:57:10,1,-1,1,AA7586,0,1,30
18,19,10:01:17,1,-1,2,AA7586,0,1,222
19,20,10:03:28,1,-1,1,AA7586,0,1,121
20,21,10:06:00,1,-1,1,AA7586,0,1,131
21,22,10:08:24,1,-1,-1,AA7586,0,1,111
0,1,10:47:31,1,-1,-1,AA7586,0,1,81
1,2,10:49:45,1,-1,2,AA7586,0,1,70
2,3,10:51:57,1,-1,3,AA7586,0,1,80
3,4,10:54:28,1,-1,1,AA7586,0,1,141
4,5,10:58:25,1,-1,1,AA7586,0,1,155
5,6,10:59:56,1,-1,1,AA7586,0,1,20
6,7,11:08:57,1,-1,1,AA7586,0,1,490
7,8,11:11:09,1,-1,2,AA7586,0,1,111
8,9,11:13:02,1,-1,1,AA7586,0,1,62
9,10,11:13:35,1,-1,1,AA7586,0,1,22
10,11,11:15:37,1,-1,1,AA7586,0,1,61
11,12,11:16:17,1,-1,1,AA7586,0,1,20
12,13,11:18:19,1,-1,1,AA7586,0,1,91
13,14,11:19:29,1,-1,1,AA7586,0,1,40
14,15,11:21:15,1,-1,-1,AA7586,0,1,74
15,16,11:23:36,1,-1,-1,AA7586,0,1,111
16,17,11:30:55,1,-1,1,AA7586,0,1,377
17,18,11:32:06,1,-1,1,AA7586,0,1,30
18,19,11:37:10,1,-1,2,AA7586,0,1,252
19,20,11:41:46,1,-1,2,AA7586,0,1,203
20,21,11:45:28,1,-1,1,AA7586,0,1,172
21,22,11:47:40,1,-1,-1,AA7586,0,1,91
0,1,11:57:50,1,-1,-1,AA7586,0,1,40
1,2,11:59:24,1,-1,2,AA7586,0,1,63
2,3,12:01:45,1,-1,2,AA7586,0,1,80
3,4,12:03:06,1,-1,1,AA7586,0,1,40
4,5,12:08:40,1,-1,1,AA7586,0,1,273
5,6,12:10:25,1,-1,1,AA7586,0,1,30
6,7,12:18:55,1,-1,2,AA7586,0,1,480
7,8,12:21:37,1,-1,2,AA7586,0,1,131
8,9,12:23:18,1,-1,1,AA7586,0,1,70
9,10,12:24:09,1,-1,1,AA7586,0,1,40
10,11,12:26:52,1,-1,1,AA7586,0,1,143
11,12,12:28:03,1,-1,1,AA7586,0,1,30
12,13,12:31:16,1,-1,1,AA7586,0,1,121
13,14,12:32:06,1,-1,1,AA7586,0,1,40
14,15,12:33:37,1,-1,-1,AA7586,0,1,50
15,16,12:36:19,1,-1,1,AA7586,0,1,91
16,17,12:43:36,1,-1,1,AA7586,0,1,364
17,18,12:44:47,1,-1,1,AA7586,0,1,30
18,19,12:49:14,1,-1,2,AA7586,0,1,227
19,20,12:51:36,1,-1,1,AA7586,0,1,131
20,21,12:55:39,1,-1,1,AA7586,0,1,222
21,22,12:57:53,1,-1,-1,AA7586,0,1,73
0,1,13:15:53,1,-1,-1,AA7586,0,1,94
1,2,13:17:55,1,-1,2,AA7586,0,1,80
2,3,13:19:46,1,-1,2,AA7586,0,1,40
3,4,13:22:18,1,-1,1,AA7586,0,1,80
4,5,13:25:42,1,-1,1,AA7586,0,1,123
5,6,13:27:15,1,-1,1,AA7586,0,1,30
6,7,13:36:01,1,-1,1,AA7586,0,1,486
7,8,13:37:43,1,-1,2,AA7586,0,1,91
8,9,13:39:14,1,-1,1,AA7586,0,1,81
9,10,13:39:55,1,-1,1,AA7586,0,1,20
10,11,13:42:28,1,-1,1,AA7586,0,1,101
11,12,13:43:28,1,-1,1,AA7586,0,1,30
12,13,13:45:33,1,-1,1,AA7586,0,1,94
13,14,13:46:34,1,-1,1,AA7586,0,1,40
14,15,13:48:25,1,-1,-1,AA7586,0,1,80
15,16,13:50:47,1,-1,-1,AA7586,0,1,90
16,17,13:57:57,1,-1,1,AA7586,0,1,369
17,18,13:59:48,1,-1,1,AA7586,0,1,50
18,19,14:04:44,1,-1,2,AA7586,0,1,255
19,20,14:08:58,1,-1,1,AA7586,0,1,192
20,21,14:13:24,1,-1,1,AA7586,0,1,206
21,22,14:15:57,1,-1,-1,AA7586,0,1,102
0,1,14:27:38,1,-1,-1,AA7586,0,1,111
1,2,14:29:52,1,-1,3,AA7586,0,1,123
2,3,14:31:33,1,-1,2,AA7586,0,1,91
3,4,14:35:16,1,-1,1,AA7586,0,1,131
4,5,14:38:38,1,-1,1,AA7586,0,1,141
5,6,14:40:19,1,-1,1,AA7586,0,1,30
6,7,14:48:59,1,-1,2,AA7586,0,1,479
7,8,14:51:21,1,-1,-1,AA7586,0,1,131
8,9,14:53:43,1,-1,-1,AA7586,0,1,131
9,10,14:54:44,1,-1,-1,AA7586,0,1,30
10,11,14:59:27,1,-1,1,AA7586,0,1,80
11,12,15:00:38,1,-1,-1,AA7586,0,1,20
12,13,15:04:34,1,-1,-1,AA7586,0,1,124
13,14,15:06:15,1,-1,1,AA7586,0,1,50
14,15,15:07:56,1,-1,-1,AA7586,0,1,40
15,16,15:10:38,1,-1,1,AA7586,0,1,90
16,17,15:18:48,1,-1,1,AA7586,0,1,399
17,18,15:20:41,1,-1,1,AA7586,0,1,62
18,19,15:25:17,1,-1,3,AA7586,0,1,234
19,20,15:32:34,1,-1,1,AA7586,0,1,346
20,21,15:37:08,1,-1,1,AA7586,0,1,222
21,22,15:39:50,1,-1,-1,AA7586,0,1,101
0,1,15:50:15,1,-1,-1,AA7586,0,1,91
1,2,15:51:47,1,-1,1,AA7586,0,1,40
2,3,15:54:18,1,-1,2,AA7586,0,1,101
3,4,15:57:15,1,-1,1,AA7586,0,1,125
4,5,16:00:37,1,-1,2,AA7586,0,1,151
5,6,16:02:08,1,-1,1,AA7586,0,1,30
6,7,16:12:20,1,-1,1,AA7586,0,1,581
7,8,16:14:36,1,-1,2,AA7586,0,1,103
8,9,16:16:27,1,-1,1,AA7586,0,1,50
9,10,16:17:08,1,-1,1,AA7586,0,1,30
10,11,16:19:19,1,-1,1,AA7586,0,1,111
11,12,16:20:20,1,-1,1,AA7586,0,1,30
12,13,16:21:33,1,-1,1,AA7586,0,1,53
13,14,16:25:28,1,-1,2,AA7586,0,1,194
14,15,16:27:50,1,-1,-1,AA7586,0,1,111
15,16,16:30:45,1,-1,1,AA7586,0,1,144
16,17,16:37:45,1,-1,1,AA7586,0,1,359
17,18,16:39:26,1,-1,1,AA7586,0,1,60
18,19,16:44:29,1,-1,3,AA7586,0,1,272
19,20,16:47:44,1,-1,1,AA7586,0,1,164
20,21,16:52:09,1,-1,1,AA7586,0,1,213
21,22,16:54:44,1,-1,-1,AA7586,0,1,104
0,1,17:03:37,1,-1,-1,AA7586,0,1,188
1,2,17:05:08,1,-1,3,AA7586,0,1,40
2,3,17:07:32,1,-1,2,AA7586,0,1,82
3,4,17:10:04,1,-1,1,AA7586,0,1,111
4,5,17:13:27,1,-1,1,AA7586,0,1,121
5,6,17:14:38,1,-1,1,AA7586,0,1,30
6,7,17:23:15,1,-1,1,AA7586,0,1,487
7,8,17:25:18,1,-1,1,AA7586,0,1,80
8,11,17:29:33,1,-1,1,AA7586,2,1,225
11,12,17:30:54,1,-1,1,AA7586,0,1,20
12,13,17:32:25,1,-1,1,AA7586,0,1,60
13,14,17:33:26,1,-1,2,AA7586,0,1,40
14,15,17:36:18,1,-1,-1,AA7586,0,1,151
15,16,17:38:39,1,-1,1,AA7586,0,1,111
16,17,17:45:27,1,-1,1,AA7586,0,1,367
17,18,17:46:59,1,-1,1,AA7586,0,1,30
18,19,17:51:54,1,-1,3,AA7586,0,1,245
19,20,17:57:28,1,-1,1,AA7586,0,1,202
20,21,17:59:42,1,-1,1,AA7586,0,1,123
21,22,18:02:45,1,-1,-1,AA7586,0,1,112
0,1,18:11:52,1,-1,-1,AA7586,0,1,51
1,2,18:14:04,1,-1,3,AA7586,0,1,70
2,3,18:17:06,1,-1,3,AA7586,0,1,131
3,4,18:19:28,1,-1,1,AA7586,0,1,111
4,5,18:22:40,1,-1,2,AA7586,0,1,151
5,6,18:24:12,1,-1,1,AA7586,0,1,30
6,7,18:34:29,1,-1,1,AA7586,0,1,576
7,8,18:37:01,1,-1,1,AA7586,0,1,121
8,9,18:38:54,1,-1,1,AA7586,0,1,92
9,10,18:39:46,1,-1,1,AA7586,0,1,31
10,11,18:42:58,1,-1,1,AA7586,0,1,131
11,12,18:44:29,1,-1,2,AA7586,0,1,30
12,13,18:46:52,1,-1,1,AA7586,0,1,102
13,14,18:48:55,1,-1,2,AA7586,0,1,113
14,15,18:52:17,1,-1,-1,AA7586,0,1,91
15,16,18:56:14,1,-1,1,AA7586,0,1,207
16,17,19:03:50,1,-1,1,AA7586,0,1,394
17,18,19:05:21,1,-1,1,AA7586,0,1,30
18,19,19:10:36,1,-1,3,AA7586,0,1,285
19,20,19:13:59,1,-1,1,AA7586,0,1,192
20,21,19:16:00,1,-1,1,AA7586,0,1,111
21,22,19:18:46,1,-1,-1,AA7586,0,1,91
0,1,20:09:55,1,-1,-1,AA7586,0,1,131
1,2,20:11:37,1,-1,3,AA7586,0,1,81
2,3,20:13:49,1,-1,2,AA7586,0,1,122
3,4,20:14:47,1,-1,1,AA7586,0,1,10
4,5,20:17:29,1,-1,1,AA7586,0,1,131
5,6,20:19:00,1,-1,1,AA7586,0,1,30
6,7,20:27:19,1,-1,1,AA7586,0,1,464
7,8,20:29:20,1,-1,2,AA7586,0,1,111
8,9,20:30:54,1,-1,1,AA7586,0,1,64
9,10,20:31:25,1,-1,1,AA7586,0,1,20
10,11,20:34:07,1,-1,1,AA7586,0,1,151
11,12,20:35:07,1,-1,1,AA7586,0,1,30
12,13,20:37:09,1,-1,1,AA7586,0,1,101
13,14,20:38:19,1,-1,1,AA7586,0,1,40
14,15,20:39:54,1,-1,-1,AA7586,0,1,34
15,16,20:41:56,1,-1,1,AA7586,0,1,90
16,17,20:49:20,1,-1,1,AA7586,0,1,363
17,18,20:50:44,1,-1,1,AA7586,0,1,40
18,19,20:54:57,1,-1,2,AA7586,0,1,222
19,20,20:57:29,1,-1,1,AA7586,0,1,91
20,21,21:00:33,1,-1,1,AA7586,0,1,173
21,22,21:02:34,1,-1,-1,AA7586,0,1,50
0,1,21:28:58,1,-1,-1,AA7586,0,1,70
1,2,21:29:58,1,-1,3,AA7586,0,1,50
2,3,21:32:30,1,-1,2,AA7586,0,1,81
3,4,21:33:35,1,-1,1,AA7586,0,1,44
4,5,21:37:07,1,-1,1,AA7586,0,1,151
5,6,21:38:38,1,-1,1,AA7586,0,1,40
6,7,21:47:25,1,-1,1,AA7586,0,1,497
7,8,21:49:06,1,-1,2,AA7586,0,1,90
8,9,21:50:17,1,-1,1,AA7586,0,1,40
9,10,21:51:08,1,-1,1,AA7586,0,1,20
10,11,21:54:09,1,-1,1,AA7586,0,1,161
11,12,21:55:01,1,-1,1,AA7586,0,1,41
12,13,21:56:34,1,-1,1,AA7586,0,1,60
13,14,21:57:25,1,-1,1,AA7586,0,1,30
14,15,21:58:57,1,-1,-1,AA7586,0,1,40
15,16,22:01:18,1,-1,1,AA7586,0,1,111
16,17,22:08:04,1,-1,2,AA7586,0,1,355
17,18,22:09:05,1,-1,1,AA7586,0,1,30
18,19,22:12:58,1,-1,2,AA7586,0,1,192
19,21,22:18:05,1,-1,1,AA7586,1,1,225
21,22,22:20:26,1,-1,-1,AA7586,0,1,90
0,1,22:40:25,1,-1,-1,AA7586,0,1,60
1,3,22:43:17,1,-1,2,AA7586,1,1,151
3,4,22:45:18,1,-1,1,AA7586,0,1,80
4,5,22:48:03,1,-1,1,AA7586,0,1,124
5,6,22:49:14,1,-1,1,AA7586,0,1,30
6,7,22:57:19,1,-1,2,AA7586,0,1,454
7,8,22:59:44,1,-1,2,AA7586,0,1,134
8,9,23:01:35,1,-1,1,AA7586,0,1,90
9,10,23:02:26,1,-1,1,AA7586,0,1,30
10,11,23:03:47,1,-1,1,AA7586,0,1,50
11,12,23:04:48,1,-1,1,AA7586,0,1,30
12,13,23:06:18,1,-1,1,AA7586,0,1,60
13,14,23:07:29,1,-1,1,AA7586,0,1,40
14,15,23:09:00,1,-1,-1,AA7586,0,1,60
15,16,23:11:36,1,-1,1,AA7586,0,1,121
16,17,23:18:10,1,-1,1,AA7586,0,1,373
17,18,23:19:23,1,-1,1,AA7586,0,1,30
18,19,23:23:25,1,-1,3,AA7586,0,1,202
19,20,23:26:08,1,-1,1,AA7586,0,1,141
20,21,23:27:49,1,-1,1,AA7586,0,1,80
21,22,23:30:05,1,-1,-1,AA7586,0,1,115
0,1,15:32:14,1,-1,-1,AC3266,0,1,73
1,2,15:34:56,1,-1,2,AC3266,0,1,81
2,3,15:36:27,1,-1,3,AC3266,0,1,20
3,4,15:38:49,1,-1,1,AC3266,0,1,70
4,5,15:42:25,1,-1,1,AC3266,0,1,145
5,6,15:44:07,1,-1,1,AC3266,0,1,40
6,7,15:53:28,1,-1,1,AC3266,0,1,530
7,8,15:55:49,1,-1,1,AC3266,0,1,131
8,9,15:56:54,1,-1,1,AC3266,0,1,34
9,10,15:57:45,1,-1,1,AC3266,0,1,30
10,11,16:00:47,1,-1,1,AC3266,0,1,141
11,12,16:01:48,1,-1,1,AC3266,0,1,30
12,13,16:03:39,1,-1,1,AC3266,0,1,70
13,14,16:05:00,1,-1,2,AC3266,0,1,40
14,15,16:06:16,1,-1,-1,AC3266,0,1,40
15,16,16:08:27,1,-1,1,AC3266,0,1,111
16,17,16:15:57,1,-1,3,AC3266,0,1,388
17,18,16:17:28,1,-1,1,AC3266,0,1,50
18,19,16:22:44,1,-1,3,AC3266,0,1,265
19,20,16:26:19,1,-1,1,AC3266,0,1,173
20,21,16:29:54,1,-1,1,AC3266,0,1,185
21,22,16:31:56,1,-1,-1,AC3266,0,1,60
1,2,7:04:56,1,-1,1,MZ8441,0,1,40
2,3,7:06:27,1,-1,1,MZ8441,0,1,50
3,4,7:08:49,1,-1,1,MZ8441,0,1,70
4,5,7:11:25,1,-1,1,MZ8441,0,1,125
5,6,7:12:47,1,-1,1,MZ8441,0,1,10
6,7,7:20:57,1,-1,1,MZ8441,0,1,449
7,8,7:23:59,1,-1,1,MZ8441,0,1,141
8,9,7:25:34,1,-1,1,MZ8441,0,1,54
9,10,7:26:25,1,-1,1,MZ8441,0,1,30
10,11,7:27:45,1,-1,1,MZ8441,0,1,40
11,12,7:28:36,1,-1,1,MZ8441,0,1,30
12,13,7:30:07,1,-1,1,MZ8441,0,1,60
13,14,7:30:48,1,-1,1,MZ8441,0,1,30
14,15,7:33:39,1,-1,-1,MZ8441,0,1,111
15,16,7:36:45,1,-1,1,MZ8441,0,1,114
16,17,7:43:44,1,-1,1,MZ8441,0,1,367
17,18,7:45:05,1,-1,1,MZ8441,0,1,30
18,19,7:48:58,1,-1,3,MZ8441,0,1,202
19,22,7:57:46,1,-1,-1,MZ8441,2,1,426
6,7,0:01:15,2,-1,1,AA6482,0,1,437
7,8,0:03:16,2,-1,1,AA6482,0,1,101
8,9,0:04:07,2,-1,1,AA6482,0,1,30
9,10,0:04:37,2,-1,1,AA6482,0,1,20
10,11,0:07:08,2,-1,1,AA6482,0,1,131
11,12,0:07:59,2,-1,1,AA6482,0,1,20
12,13,0:09:20,2,-1,1,AA6482,0,1,50
13,14,0:10:05,2,-1,1,AA6482,0,1,30
14,15,0:11:16,2,-1,-1,AA6482,0,1,30
15,16,0:12:47,2,-1,1,AA6482,0,1,60
16,17,0:19:15,2,-1,1,AA6482,0,1,357
17,18,0:20:36,2,-1,1,AA6482,0,1,20
18,19,0:24:19,2,-1,2,AA6482,0,1,192
19,20,0:26:02,2,-1,1,AA6482,0,1,52
20,21,0:28:34,2,-1,1,AA6482,0,1,141
21,22,0:30:35,2,-1,-1,AA6482,0,1,90
0,1,0:48:34,2,-1,-1,AA6482,0,1,13
1,2,0:49:55,2,-1,1,AA6482,0,1,30
2,3,0:51:26,2,-1,2,AA6482,0,1,30
4,5,0:54:38,2,-1,1,AA6482,0,1,121
5,6,0:55:29,2,-1,1,AA6482,0,1,20
6,7,1:03:37,2,-1,-1,AA6482,0,1,447
7,8,1:05:38,2,-1,-1,AA6482,0,1,100
8,9,1:06:28,2,-1,1,AA6482,0,1,30
9,10,1:07:10,2,-1,1,AA6482,0,1,31
10,11,1:08:33,2,-1,1,AA6482,0,1,62
11,12,1:09:13,2,-1,1,AA6482,0,1,20
12,13,1:10:24,2,-1,1,AA6482,0,1,50
13,14,1:11:04,2,-1,1,AA6482,0,1,30
14,15,1:11:55,2,-1,-1,AA6482,0,1,20
15,16,1:13:36,2,-1,1,AA6482,0,1,70
16,17,1:20:00,2,-1,1,AA6482,0,1,363
17,18,1:20:54,2,-1,1,AA6482,0,1,20
18,19,1:24:36,2,-1,3,AA6482,0,1,191
19,20,1:25:57,2,-1,1,AA6482,0,1,50
20,21,1:27:28,2,-1,1,AA6482,0,1,80
21,22,1:29:09,2,-1,-1,AA6482,0,1,80
16,17,0:04:27,2,-1,1,AA7242,0,1,353
17,18,0:05:27,2,-1,1,AA7242,0,1,20
18,19,0:10:05,2,-1,2,AA7242,0,1,206
19,20,0:12:27,2,-1,2,AA7242,0,1,101
20,21,0:14:38,2,-1,1,AA7242,0,1,90
21,22,0:16:34,2,-1,-1,AA7242,0,1,84
1,2,0:32:27,2,-1,1,AA7242,0,1,20
2,3,0:34:48,2,-1,1,AA7242,0,1,90
3,4,0:37:09,2,-1,1,AA7242,0,1,90
4,5,0:39:35,2,-1,1,AA7242,0,1,122
5,6,0:40:36,2,-1,1,AA7242,0,1,20
6,7,0:48:34,2,-1,1,AA7242,0,1,447
7,8,0:51:06,2,-1,1,AA7242,0,1,141
8,9,0:51:57,2,-1,1,AA7242,0,1,30
9,10,0:52:57,2,-1,1,AA7242,0,1,30
10,11,0:54:08,2,-1,1,AA7242,0,1,60
11,13,0:56:09,2,-1,1,AA7242,1,1,101
13,14,0:57:33,2,-1,1,AA7242,0,1,43
14,15,0:58:44,2,-1,-1,AA7242,0,1,30
15,16,1:00:15,2,-1,-1,AA7242,0,1,70
16,17,1:06:28,2,-1,1,AA7242,0,1,353
17,18,1:07:20,2,-1,1,AA7242,0,1,20
18,19,1:12:15,2,-1,2,AA7242,0,1,212
19,20,1:14:07,2,-1,1,AA7242,0,1,101
20,21,1:15:17,2,-1,1,AA7242,0,1,60
21,22,1:16:58,2,-1,-1,AA7242,0,1,80
0,1,0:07:08,2,-1,-1,AA7301,0,1,40
1,2,0:07:59,2,-1,3,AA7301,0,1,10
2,3,0:09:55,2,-1,2,AA7301,0,1,85
3,4,0:12:07,2,-1,1,AA7301,0,1,50
4,5,0:14:28,2,-1,1,AA7301,0,1,111
5,6,0:15:49,2,-1,1,AA7301,0,1,30
6,7,0:23:48,2,-1,1,AA7301,0,1,448
7,8,0:25:19,2,-1,2,AA7301,0,1,80
8,9,0:26:43,2,-1,1,AA7301,0,1,50
9,10,0:27:23,2,-1,1,AA7301,0,1,20
10,11,0:28:44,2,-1,1,AA7301,0,1,60
11,12,0:29:14,2,-1,1,AA7301,0,1,20
12,13,0:30:45,2,-1,1,AA7301,0,1,60
13,14,0:31:56,2,-1,1,AA7301,0,1,40
14,15,0:33:07,2,-1,-1,AA7301,0,1,30
15,16,0:34:58,2,-1,1,AA7301,0,1,70
16,17,0:41:46,2,-1,1,AA7301,0,1,367
17,18,0:42:47,2,-1,1,AA7301,0,1,30
18,19,0:46:40,2,-1,2,AA7301,0,1,202
19,20,0:47:40,2,-1,1,AA7301,0,1,40
20,21,0:49:55,2,-1,1,AA7301,0,1,80
21,22,0:51:47,2,-1,-1,AA7301,0,1,91
3,4,0:01:45,2,-1,1,AA7480,0,1,60
4,5,0:04:27,2,-1,1,AA7480,0,1,131
5,6,0:05:17,2,-1,1,AA7480,0,1,20
6,7,0:14:08,2,-1,1,AA7480,0,1,470
7,8,0:15:49,2,-1,1,AA7480,0,1,91
8,9,0:17:24,2,-1,1,AA7480,0,1,50
9,10,0:18:05,2,-1,1,AA7480,0,1,30
10,11,0:19:36,2,-1,1,AA7480,0,1,50
11,12,0:20:06,2,-1,1,AA7480,0,1,20
12,13,0:20:57,2,-1,1,AA7480,0,1,40
13,14,0:21:47,2,-1,1,AA7480,0,1,30
14,15,0:23:08,2,-1,-1,AA7480,0,1,30
15,16,0:25:09,2,-1,1,AA7480,0,1,111
16,17,0:31:56,2,-1,1,AA7480,0,1,374
17,18,0:32:57,2,-1,1,AA7480,0,1,20
18,19,0:36:59,2,-1,1,AA7480,0,1,212
19,21,0:40:46,2,-1,1,AA7480,1,1,193
21,22,0:42:47,2,-1,-1,AA7480,0,1,90
0,1,1:04:47,2,-1,-1,AA7480,0,1,50
1,2,1:05:48,2,-1,1,AA7480,0,1,20
2,3,1:08:00,2,-1,1,AA7480,0,1,70
3,4,1:08:43,2,-1,1,AA7480,0,1,22
4,5,1:11:15,2,-1,1,AA7480,0,1,121
5,6,1:12:15,2,-1,1,AA7480,0,1,10
6,7,1:21:04,2,-1,1,AA7480,0,1,458
7,8,1:23:36,2,-1,-1,AA7480,0,1,141
8,9,1:24:57,2,-1,1,AA7480,0,1,50
9,10,1:25:37,2,-1,1,AA7480,0,1,30
10,11,1:27:28,2,-1,1,AA7480,0,1,80
11,12,1:28:09,2,-1,1,AA7480,0,1,20
12,13,1:29:29,2,-1,1,AA7480,0,1,50
13,14,1:30:20,2,-1,-1,AA7480,0,1,40
14,15,1:31:22,2,-1,-1,AA7480,0,1,30
15,16,1:33:15,2,-1,-1,AA7480,0,1,90
16,17,1:39:39,2,-1,1,AA7480,0,1,363
17,18,1:40:29,2,-1,1,AA7480,0,1,20
18,19,1:44:15,2,-1,1,AA7480,0,1,195
19,20,1:45:56,2,-1,1,AA7480,0,1,60
20,21,1:47:27,2,-1,1,AA7480,0,1,80
21,22,1:49:08,2,-1,-1,AA7480,0,1,80
0,1,0:19:15,2,-1,-1,AA7489,0,1,60
1,2,0:21:27,2,-1,1,AA7489,0,1,101
2,3,0:22:58,2,-1,1,AA7489,0,1,40
4,5,0:26:12,2,-1,1,AA7489,0,1,103
5,6,0:27:13,2,-1,1,AA7489,0,1,30
6,7,0:35:18,2,-1,2,AA7489,0,1,465
7,8,0:36:39,2,-1,2,AA7489,0,1,70
8,9,0:37:53,2,-1,1,AA7489,0,1,43
9,10,0:38:23,2,-1,1,AA7489,0,1,20
10,11,0:40:05,2,-1,1,AA7489,0,1,90
11,12,0:41:06,2,-1,1,AA7489,0,1,30
12,13,0:42:07,2,-1,1,AA7489,0,1,40
13,14,0:42:37,2,-1,1,AA7489,0,1,20
14,15,0:43:38,2,-1,-1,AA7489,0,1,30
15,17,0:51:06,2,-1,1,AA7489,1,1,428
17,18,0:51:47,2,-1,1,AA7489,0,1,20
18,19,0:55:29,2,-1,1,AA7489,0,1,191
19,20,0:57:33,2,-1,1,AA7489,0,1,63
20,22,1:01:15,2,-1,-1,AA7489,1,1,202
0,1,1:21:14,2,-1,-1,AA7489,0,1,40
1,2,1:22:15,2,-1,1,AA7489,0,1,40
2,3,1:24:46,2,-1,1,AA7489,0,1,100
4,5,1:27:38,2,-1,1,AA7489,0,1,111
5,6,1:28:19,2,-1,1,AA7489,0,1,20
6,7,1:36:07,2,-1,1,AA7489,0,1,437
7,8,1:37:58,2,-1,2,AA7489,0,1,100
8,9,1:41:00,2,-1,1,AA7489,0,1,40
9,10,1:41:33,2,-1,1,AA7489,0,1,23
10,11,1:43:04,2,-1,1,AA7489,0,1,70
11,12,1:43:34,2,-1,1,AA7489,0,1,20
12,14,1:45:05,2,-1,1,AA7489,1,1,80
14,15,1:46:16,2,-1,-1,AA7489,0,1,20
15,16,1:47:37,2,-1,1,AA7489,0,1,60
16,17,1:54:13,2,-1,1,AA7489,0,1,355
17,18,1:54:53,2,-1,1,AA7489,0,1,20
18,19,1:58:46,2,-1,2,AA7489,0,1,191
19,20,2:00:47,2,-1,1,AA7489,0,1,111
20,22,2:03:49,2,-1,-1,AA7489,1,1,171
0,1,6:31:39,4,-1,-1,AA6482,0,1,30
1,2,6:32:40,4,-1,2,AA6482,0,1,20
2,3,6:34:43,4,-1,2,AA6482,0,1,30
3,4,6:37:14,4,-1,1,AA6482,0,1,101
4,5,6:39:56,4,-1,1,AA6482,0,1,131
5,6,6:41:17,4,-1,1,AA6482,0,1,20
6,7,6:49:54,4,-1,1,AA6482,0,1,466
7,8,6:52:07,4,-1,2,AA6482,0,1,122
8,9,6:53:48,4,-1,1,AA6482,0,1,80
9,10,6:54:38,4,-1,1,AA6482,0,1,20
10,11,6:56:19,4,-1,1,AA6482,0,1,80
11,12,6:57:10,4,-1,1,AA6482,0,1,30
12,13,6:58:24,4,-1,1,AA6482,0,1,50
13,14,6:59:24,4,-1,1,AA6482,0,1,30
14,15,7:00:45,4,-1,-1,AA6482,0,1,30
15,16,7:02:37,4,-1,1,AA6482,0,1,80
16,17,7:09:36,4,-1,1,AA6482,0,1,378
17,18,7:10:26,4,-1,1,AA6482,0,1,20
18,19,7:14:19,4,-1,2,AA6482,0,1,202
19,20,7:17:34,4,-1,1,AA6482,0,1,185
20,21,7:18:56,4,-1,1,AA6482,0,1,71
21,22,7:20:38,4,-1,-1,AA6482,0,1,81
0,1,7:35:04,4,-1,-1,AA6482,0,1,70
1,2,7:36:55,4,-1,2,AA6482,0,1,50
2,3,7:41:49,4,-1,3,AA6482,0,1,101
3,4,7:44:43,4,-1,1,AA6482,0,1,123
4,5,7:48:16,4,-1,1,AA6482,0,1,141
5,6,7:49:47,4,-1,1,AA6482,0,1,20
6,7,7:59:05,4,-1,1,AA6482,0,1,517
7,8,8:01:20,4,-1,2,AA6482,0,1,124
8,9,8:02:54,4,-1,1,AA6482,0,1,63
9,10,8:04:05,4,-1,1,AA6482,0,1,40
10,11,8:06:47,4,-1,1,AA6482,0,1,121
11,12,8:07:47,4,-1,1,AA6482,0,1,30
12,13,8:09:59,4,-1,1,AA6482,0,1,101
13,14,8:11:00,4,-1,1,AA6482,0,1,30
14,15,8:14:36,4,-1,-1,AA6482,0,1,196
15,16,8:17:18,4,-1,1,AA6482,0,1,111
16,17,8:24:08,4,-1,-1,AA6482,0,1,369
17,18,8:25:30,4,-1,1,AA6482,0,1,40
18,19,8:30:06,4,-1,2,AA6482,0,1,215
19,20,8:32:38,4,-1,2,AA6482,0,1,121
20,21,8:36:23,4,-1,1,AA6482,0,1,205
21,22,8:37:55,4,-1,-1,AA6482,0,1,50
0,1,8:50:15,4,-1,-1,AA6482,0,1,619
1,2,8:52:27,4,-1,3,AA6482,0,1,80
2,3,8:55:39,4,-1,3,AA6482,0,1,101
3,5,9:04:17,4,-1,1,AA6482,1,1,467
5,6,9:05:28,4,-1,1,AA6482,0,1,20
6,7,9:13:47,4,-1,2,AA6482,0,1,458
7,8,9:15:58,4,-1,2,AA6482,0,1,111
8,9,9:17:29,4,-1,1,AA6482,0,1,50
9,10,9:18:10,4,-1,1,AA6482,0,1,30
10,11,9:21:14,4,-1,1,AA6482,0,1,133
11,12,9:22:04,4,-1,2,AA6482,0,1,20
12,13,9:24:26,4,-1,2,AA6482,0,1,81
13,14,9:25:07,4,-1,1,AA6482,0,1,30
14,15,9:26:28,4,-1,-1,AA6482,0,1,40
15,16,9:28:40,4,-1,1,AA6482,0,1,101
16,17,9:36:29,4,-1,1,AA6482,0,1,398
17,18,9:37:29,4,-1,1,AA6482,0,1,30
18,19,9:41:36,4,-1,3,AA6482,0,1,216
19,21,9:48:34,4,-1,1,AA6482,1,1,296
21,22,9:50:05,4,-1,-1,AA6482,0,1,60
0,1,10:05:04,4,-1,-1,AA6482,0,1,777
1,2,10:07:35,4,-1,2,AA6482,0,1,141
2,3,10:09:42,4,-1,2,AA6482,0,1,63
3,4,10:10:57,4,-1,1,AA6482,0,1,31
4,5,10:15:16,4,-1,1,AA6482,0,1,187
5,6,10:16:27,4,-1,1,AA6482,0,1,20
6,7,10:25:38,4,-1,2,AA6482,0,1,500
7,8,10:27:39,4,-1,2,AA6482,0,1,111
8,9,10:29:34,4,-1,1,AA6482,0,1,93
9,10,10:30:14,4,-1,1,AA6482,0,1,30
10,11,10:32:05,4,-1,1,AA6482,0,1,70
11,12,10:33:06,4,-1,1,AA6482,0,1,30
12,13,10:34:57,4,-1,1,AA6482,0,1,80
13,14,10:35:38,4,-1,1,AA6482,0,1,30
14,15,10:36:59,4,-1,-1,AA6482,0,1,30
15,16,10:38:50,4,-1,1,AA6482,0,1,70
16,17,10:46:19,4,-1,1,AA6482,0,1,405
17,18,10:47:43,4,-1,1,AA6482,0,1,23
18,19,10:52:16,4,-1,2,AA6482,0,1,222
19,20,10:55:08,4,-1,1,AA6482,0,1,151
20,21,10:59:05,4,-1,1,AA6482,0,1,226
21,22,11:00:46,4,-1,-1,AA6482,0,1,60
0,1,11:50:12,4,-1,-1,AA6482,0,1,2295
1,2,11:52:24,4,-1,2,AA6482,0,1,50
2,3,11:54:57,4,-1,2,AA6482,0,1,92
3,4,11:56:49,4,-1,1,AA6482,0,1,50
4,5,11:59:54,4,-1,1,AA6482,0,1,144
5,6,12:00:55,4,-1,-1,AA6482,0,1,20
6,7,12:09:54,4,-1,1,AA6482,0,1,488
7,8,12:11:55,4,-1,2,AA6482,0,1,91
8,9,12:13:28,4,-1,1,AA6482,0,1,71
9,10,12:14:28,4,-1,1,AA6482,0,1,30
10,11,12:16:32,4,-1,1,AA6482,0,1,83
11,12,12:17:23,4,-1,1,AA6482,0,1,40
12,13,12:20:15,4,-1,1,AA6482,0,1,111
13,14,12:21:56,4,-1,1,AA6482,0,1,40
14,15,12:24:17,4,-1,-1,AA6482,0,1,50
15,16,12:26:49,4,-1,1,AA6482,0,1,131
16,17,12:33:37,4,-1,1,AA6482,0,1,377
17,18,12:34:38,4,-1,1,AA6482,0,1,20
18,19,12:39:34,4,-1,2,AA6482,0,1,246
19,20,12:42:16,4,-1,1,AA6482,0,1,50
20,21,12:45:39,4,-1,1,AA6482,0,1,193
21,22,12:47:22,4,-1,-1,AA6482,0,1,92
0,1,13:06:08,4,-1,-1,AA6482,0,1,70
1,2,13:07:19,4,-1,3,AA6482,0,1,20
2,3,13:09:54,4,-1,3,AA6482,0,1,81
3,4,13:12:18,4,-1,1,AA6482,0,1,101
4,5,13:15:10,4,-1,1,AA6482,0,1,131
5,6,13:16:24,4,-1,1,AA6482,0,1,20
6,7,13:25:13,4,-1,2,AA6482,0,1,478
7,8,13:27:37,4,-1,2,AA6482,0,1,102
8,9,13:29:48,4,-1,1,AA6482,0,1,111
9,10,13:30:29,4,-1,1,AA6482,0,1,30
10,11,13:32:53,4,-1,1,AA6482,0,1,103
11,12,13:33:53,4,-1,1,AA6482,0,1,20
12,13,13:35:35,4,-1,1,AA6482,0,1,71
13,14,13:37:07,4,-1,1,AA6482,0,1,40
14,15,13:38:38,4,-1,-1,AA6482,0,1,40
15,16,13:40:50,4,-1,1,AA6482,0,1,101
16,17,13:47:48,4,-1,1,AA6482,0,1,376
17,18,13:48:58,4,-1,1,AA6482,0,1,30
18,19,13:53:25,4,-1,2,AA6482,0,1,216
19,20,13:55:27,4,-1,1,AA6482,0,1,111
20,21,13:59:29,4,-1,1,AA6482,0,1,181
21,22,14:01:44,4,-1,-1,AA6482,0,1,94
0,1,14:18:50,4,-1,-1,AA6482,0,1,934
1,2,14:20:34,4,-1,3,AA6482,0,1,94
2,3,14:23:29,4,-1,3,AA6482,0,1,91
3,4,14:28:24,4,-1,1,AA6482,0,1,122
4,5,14:32:27,4,-1,1,AA6482,0,1,151
5,6,14:33:48,4,-1,1,AA6482,0,1,20
6,7,14:42:09,4,-1,1,AA6482,0,1,460
7,8,14:43:42,4,-1,2,AA6482,0,1,83
8,9,14:45:44,4,-1,1,AA6482,0,1,90
9,10,14:46:54,4,-1,1,AA6482,0,1,30
10,11,14:49:47,4,-1,1,AA6482,0,1,91
11,12,14:50:47,4,-1,3,AA6482,0,1,30
12,13,14:54:44,4,-1,3,AA6482,0,1,114
13,14,14:55:44,4,-1,1,AA6482,0,1,40
14,15,14:56:55,4,-1,-1,AA6482,0,1,40
15,16,14:59:18,4,-1,1,AA6482,0,1,91
16,17,15:06:27,4,-1,1,AA6482,0,1,368
17,18,15:07:58,4,-1,1,AA6482,0,1,40
18,19,15:12:45,4,-1,2,AA6482,0,1,246
19,20,15:16:08,4,-1,2,AA6482,0,1,192
20,21,15:17:59,4,-1,1,AA6482,0,1,101
21,22,15:21:36,4,-1,-1,AA6482,0,1,101
0,1,15:36:50,4,-1,-1,AA6482,0,1,30
1,2,15:39:35,4,-1,3,AA6482,0,1,80
2,3,15:40:57,4,-1,-1,AA6482,0,1,20
3,4,15:43:18,4,-1,-1,AA6482,0,1,101
4,5,15:47:04,4,-1,1,AA6482,0,1,143
5,6,15:48:15,4,-1,1,AA6482,0,1,20
6,7,15:56:44,4,-1,1,AA6482,0,1,468
7,8,15:58:35,4,-1,2,AA6482,0,1,91
8,9,16:00:37,4,-1,1,AA6482,0,1,60
9,10,16:01:49,4,-1,1,AA6482,0,1,30
10,11,16:04:34,4,-1,1,AA6482,0,1,134
11,12,16:05:35,4,-1,1,AA6482,0,1,30
12,13,16:07:27,4,-1,1,AA6482,0,1,71
13,14,16:08:28,4,-1,2,AA6482,0,1,40
14,15,16:10:40,4,-1,-1,AA6482,0,1,40
15,16,16:14:38,4,-1,1,AA6482,0,1,176
16,17,16:21:16,4,-1,1,AA6482,0,1,377
17,18,16:22:37,4,-1,1,AA6482,0,1,20
18,19,16:27:03,4,-1,2,AA6482,0,1,236
19,20,16:28:46,4,-1,1,AA6482,0,1,60
20,21,16:32:38,4,-1,1,AA6482,0,1,212
21,22,16:34:10,4,-1,-1,AA6482,0,1,30
0,1,16:49:45,4,-1,-1,AA6482,0,1,145
1,2,16:51:47,4,-1,2,AA6482,0,1,40
2,3,16:55:19,4,-1,2,AA6482,0,1,101
3,4,16:57:56,4,-1,1,AA6482,0,1,126
4,5,17:01:28,4,-1,1,AA6482,0,1,151
5,6,17:02:59,4,-1,1,AA6482,0,1,20
6,7,17:11:50,4,-1,1,AA6482,0,1,465
7,8,17:14:22,4,-1,1,AA6482,0,1,111
8,9,17:15:44,4,-1,1,AA6482,0,1,50
9,11,17:19:17,4,-1,1,AA6482,1,1,202
11,12,17:20:27,4,-1,1,AA6482,0,1,20
12,13,17:22:08,4,-1,1,AA6482,0,1,70
13,14,17:23:34,4,-1,1,AA6482,0,1,55
14,15,17:25:35,4,-1,-1,AA6482,0,1,91
15,16,17:27:17,4,-1,1,AA6482,0,1,60
16,17,17:33:53,4,-1,1,AA6482,0,1,366
17,18,17:35:55,4,-1,1,AA6482,0,1,60
18,19,17:41:49,4,-1,2,AA6482,0,1,303
19,20,17:45:25,4,-1,1,AA6482,0,1,91
20,21,17:51:20,4,-1,1,AA6482,0,1,293
21,22,17:54:45,4,-1,-1,AA6482,0,1,91
0,1,18:06:23,4,-1,-1,AA6482,0,1,73
1,2,18:08:35,4,-1,3,AA6482,0,1,71
2,3,18:10:26,4,-1,2,AA6482,0,1,50
3,4,18:15:00,4,-1,1,AA6482,0,1,222
4,5,18:18:56,4,-1,1,AA6482,0,1,141
5,6,18:20:17,4,-1,-1,AA6482,0,1,30
6,7,18:32:19,4,-1,1,AA6482,0,1,670
7,8,18:34:37,4,-1,1,AA6482,0,1,108
8,9,18:35:48,4,-1,1,AA6482,0,1,40
9,10,18:36:59,4,-1,1,AA6482,0,1,40
10,11,18:42:34,4,-1,1,AA6482,0,1,314
11,12,18:43:45,4,-1,2,AA6482,0,1,20
12,13,18:46:27,4,-1,1,AA6482,0,1,121
13,14,18:49:29,4,-1,3,AA6482,0,1,131
14,15,18:52:15,4,-1,-1,AA6482,0,1,50
15,16,18:54:57,4,-1,1,AA6482,0,1,121
16,17,19:02:06,4,-1,2,AA6482,0,1,368
17,18,19:03:06,4,-1,1,AA6482,0,1,30
18,19,19:08:10,4,-1,3,AA6482,0,1,232
19,20,19:11:46,4,-1,3,AA6482,0,1,181
20,21,19:15:49,4,-1,1,AA6482,0,1,192
21,22,19:17:03,4,-1,-1,AA6482,0,1,63
0,1,19:27:55,4,-1,-1,AA6482,0,1,94
1,2,19:29:37,4,-1,2,AA6482,0,1,60
2,3,19:31:48,4,-1,2,AA6482,0,1,50
3,4,19:34:30,4,-1,1,AA6482,0,1,50
4,5,19:37:53,4,-1,1,AA6482,0,1,121
5,6,19:39:24,4,-1,1,AA6482,0,1,40
6,7,19:48:04,4,-1,1,AA6482,0,1,498
7,8,19:49:35,4,-1,2,AA6482,0,1,81
8,9,19:50:36,4,-1,1,AA6482,0,1,30
9,10,19:51:27,4,-1,1,AA6482,0,1,30
10,11,19:52:47,4,-1,1,AA6482,0,1,50
11,12,19:53:58,4,-1,1,AA6482,0,1,30
12,13,19:55:39,4,-1,1,AA6482,0,1,80
13,14,19:56:41,4,-1,1,AA6482,0,1,51
14,15,19:57:54,4,-1,-1,AA6482,0,1,42
15,16,20:00:37,4,-1,1,AA6482,0,1,142
16,17,20:07:13,4,-1,1,AA6482,0,1,356
17,18,20:08:04,4,-1,1,AA6482,0,1,20
18,19,20:12:17,4,-1,3,AA6482,0,1,192
19,21,20:17:54,4,-1,1,AA6482,1,1,267
21,22,20:19:46,4,-1,-1,AA6482,0,1,91
0,1,21:15:48,4,-1,-1,AA6482,0,1,40
1,2,21:16:48,4,-1,2,AA6482,0,1,20
2,3,21:18:09,4,-1,2,AA6482,0,1,50
3,4,21:20:21,4,-1,1,AA6482,0,1,60
4,5,21:23:24,4,-1,2,AA6482,0,1,151
5,6,21:24:14,4,-1,1,AA6482,0,1,20
6,7,21:32:20,4,-1,2,AA6482,0,1,444
7,8,21:33:53,4,-1,3,AA6482,0,1,70
8,9,21:35:14,4,-1,1,AA6482,0,1,40
9,10,21:36:14,4,-1,1,AA6482,0,1,40
10,11,21:38:08,4,-1,1,AA6482,0,1,103
11,12,21:39:08,4,-1,1,AA6482,0,1,30
12,13,21:40:39,4,-1,1,AA6482,0,1,60
13,14,21:41:33,4,-1,1,AA6482,0,1,33
14,15,21:42:44,4,-1,-1,AA6482,0,1,20
15,16,21:44:55,4,-1,1,AA6482,0,1,101
16,17,21:51:39,4,-1,1,AA6482,0,1,353
17,18,21:52:41,4,-1,1,AA6482,0,1,31
18,19,21:57:48,4,-1,2,AA6482,0,1,276
19,20,21:59:29,4,-1,1,AA6482,0,1,50
20,21,22:02:13,4,-1,1,AA6482,0,1,153
21,22,22:04:24,4,-1,-1,AA6482,0,1,90
0,1,22:26:54,4,-1,-1,AA6482,0,1,40
1,2,22:30:07,4,-1,2,AA6482,0,1,91
2,3,22:31:48,4,-1,2,AA6482,0,1,80
3,4,22:33:49,4,-1,1,AA6482,0,1,80
4,5,22:37:36,4,-1,1,AA6482,0,1,131
5,6,22:38:57,4,-1,1,AA6482,0,1,30
6,7,22:47:04,4,-1,2,AA6482,0,1,436
7,8,22:49:26,4,-1,2,AA6482,0,1,131
8,9,22:50:08,4,-1,1,AA6482,0,1,31
9,10,22:51:08,4,-1,1,AA6482,0,1,30
10,11,22:53:50,4,-1,1,AA6482,0,1,80
11,12,22:54:43,4,-1,1,AA6482,0,1,23
12,13,22:56:04,4,-1,1,AA6482,0,1,50
13,14,22:57:25,4,-1,1,AA6482,0,1,30
14,15,22:58:46,4,-1,-1,AA6482,0,1,30
15,16,23:00:49,4,-1,-1,AA6482,0,1,82
16,17,23:07:07,4,-1,1,AA6482,0,1,337
17,18,23:08:59,4,-1,1,AA6482,0,1,30
18,19,23:13:24,4,-1,2,AA6482,0,1,214
19,21,23:18:29,4,-1,1,AA6482,1,1,264
21,22,23:19:50,4,-1,-1,AA6482,0,1,50
0,1,23:39:20,4,-1,-1,AA6482,0,1,30
1,2,23:41:23,4,-1,1,AA6482,0,1,80
2,3,23:43:14,4,-1,1,AA6482,0,1,50
3,4,23:45:26,4,-1,1,AA6482,0,1,70
4,5,23:48:09,4,-1,1,AA6482,0,1,122
5,6,23:49:10,4,-1,1,AA6482,0,1,20
6,7,23:58:11,4,-1,1,AA6482,0,1,501
0,1,6:21:53,4,-1,-1,AA6507,0,1,70
1,2,6:22:33,4,-1,2,AA6507,0,1,10
2,3,6:24:55,4,-1,2,AA6507,0,1,70
3,4,6:27:06,4,-1,1,AA6507,0,1,90
4,5,6:29:58,4,-1,1,AA6507,0,1,131
5,6,6:31:09,4,-1,1,AA6507,0,1,20
6,7,6:40:26,4,-1,1,AA6507,0,1,507
7,8,6:42:07,4,-1,1,AA6507,0,1,91
8,9,6:43:18,4,-1,1,AA6507,0,1,40
9,10,6:43:59,4,-1,1,AA6507,0,1,30
10,11,6:45:30,4,-1,1,AA6507,0,1,60
11,12,6:46:20,4,-1,1,AA6507,0,1,30
12,13,6:47:42,4,-1,1,AA6507,0,1,61
13,14,6:48:23,4,-1,1,AA6507,0,1,30
14,15,6:49:34,4,-1,-1,AA6507,0,1,30
15,16,6:51:56,4,-1,1,AA6507,0,1,102
16,17,6:58:44,4,-1,1,AA6507,0,1,366
17,18,6:59:34,4,-1,1,AA6507,0,1,10
18,19,7:03:37,4,-1,2,AA6507,0,1,192
19,20,7:05:49,4,-1,1,AA6507,0,1,50
20,21,7:08:24,4,-1,1,AA6507,0,1,145
21,22,7:10:37,4,-1,-1,AA6507,0,1,91
0,1,7:20:17,4,-1,-1,AA6507,0,1,509
1,2,7:22:59,4,-1,2,AA6507,0,1,111
2,3,7:25:05,4,-1,2,AA6507,0,1,60
3,4,7:28:57,4,-1,1,AA6507,0,1,121
4,5,7:32:50,4,-1,1,AA6507,0,1,131
5,6,7:34:03,4,-1,1,AA6507,0,1,30
6,7,7:42:19,4,-1,2,AA6507,0,1,455
7,8,7:44:23,4,-1,3,AA6507,0,1,103
8,9,7:46:24,4,-1,1,AA6507,0,1,70
9,10,7:47:35,4,-1,1,AA6507,0,1,30
10,11,7:49:16,4,-1,1,AA6507,0,1,70
11,12,7:50:07,4,-1,1,AA6507,0,1,20
12,13,7:51:38,4,-1,1,AA6507,0,1,60
13,14,7:52:39,4,-1,1,AA6507,0,1,30
14,15,7:54:20,4,-1,-1,AA6507,0,1,50
15,16,7:57:13,4,-1,1,AA6507,0,1,121
16,17,8:03:55,4,-1,1,AA6507,0,1,371
17,18,8:05:26,4,-1,1,AA6507,0,1,20
18,19,8:09:59,4,-1,2,AA6507,0,1,222
19,20,8:13:24,4,-1,2,AA6507,0,1,154
20,21,8:17:18,4,-1,1,AA6507,0,1,162
21,22,8:20:14,4,-1,-1,AA6507,0,1,145
0,1,8:31:57,4,-1,-1,AA6507,0,1,620
1,2,8:33:38,4,-1,3,AA6507,0,1,40
2,3,8:36:23,4,-1,3,AA6507,0,1,74
3,4,8:40:57,4,-1,1,AA6507,0,1,131
4,5,8:44:39,4,-1,1,AA6507,0,1,151
5,6,8:45:52,4,-1,1,AA6507,0,1,20
6,8,8:57:40,4,-1,2,AA6507,1,1,657
8,9,8:59:13,4,-1,1,AA6507,0,1,40
9,10,8:59:54,4,-1,1,AA6507,0,1,30
10,11,9:02:56,4,-1,1,AA6507,0,1,151
11,12,9:03:57,4,-1,2,AA6507,0,1,20
12,13,9:06:39,4,-1,2,AA6507,0,1,80
13,14,9:07:30,4,-1,2,AA6507,0,1,41
14,15,9:08:33,4,-1,-1,AA6507,0,1,42
15,16,9:10:44,4,-1,1,AA6507,0,1,80
16,17,9:16:59,4,-1,1,AA6507,0,1,354
17,18,9:17:49,4,-1,1,AA6507,0,1,20
18,19,9:22:14,4,-1,3,AA6507,0,1,224
19,20,9:24:57,4,-1,2,AA6507,0,1,122
20,21,9:27:39,4,-1,1,AA6507,0,1,151
21,22,9:29:30,4,-1,-1,AA6507,0,1,91
0,1,10:22:46,4,-1,-1,AA6507,0,1,61
1,2,10:25:08,4,-1,2,AA6507,0,1,80
2,3,10:27:50,4,-1,2,AA6507,0,1,60
3,4,10:30:54,4,-1,1,AA6507,0,1,131
4,5,10:34:47,4,-1,1,AA6507,0,1,161
5,6,10:36:08,4,-1,1,AA6507,0,1,20
6,7,10:45:19,4,-1,2,AA6507,0,1,500
7,8,10:47:33,4,-1,2,AA6507,0,1,114
8,9,10:49:04,4,-1,1,AA6507,0,1,60
9,10,10:50:05,4,-1,1,AA6507,0,1,30
10,11,10:52:27,4,-1,1,AA6507,0,1,101
11,12,10:53:17,4,-1,1,AA6507,0,1,30
12,13,10:54:38,4,-1,1,AA6507,0,1,50
13,14,10:55:49,4,-1,1,AA6507,0,1,30
14,15,10:57:10,4,-1,-1,AA6507,0,1,40
15,16,10:59:45,4,-1,1,AA6507,0,1,112
16,17,11:07:00,4,-1,1,AA6507,0,1,394
17,18,11:08:45,4,-1,1,AA6507,0,1,40
18,19,11:12:58,4,-1,3,AA6507,0,1,202
19,20,11:15:52,4,-1,1,AA6507,0,1,82
20,21,11:19:17,4,-1,1,AA6507,0,1,194
21,22,11:21:28,4,-1,-1,AA6507,0,1,91
0,1,11:41:59,4,-1,-1,AA6507,0,1,1150
1,2,11:43:57,4,-1,3,AA6507,0,1,74
2,3,11:47:30,4,-1,2,AA6507,0,1,141
3,4,11:48:52,4,-1,1,AA6507,0,1,31
4,5,11:52:24,4,-1,1,AA6507,0,1,131
5,6,11:53:25,4,-1,1,AA6507,0,1,20
6,7,12:01:35,4,-1,-1,AA6507,0,1,449
7,8,12:03:17,4,-1,-1,AA6507,0,1,91
8,9,12:06:09,4,-1,1,AA6507,0,1,131
9,10,12:07:20,4,-1,1,AA6507,0,1,40
10,11,12:09:14,4,-1,1,AA6507,0,1,101
11,12,12:10:14,4,-1,1,AA6507,0,1,30
12,13,12:13:07,4,-1,1,AA6507,0,1,112
13,14,12:13:58,4,-1,1,AA6507,0,1,40
14,15,12:15:29,4,-1,-1,AA6507,0,1,40
15,16,12:18:23,4,-1,1,AA6507,0,1,154
16,17,12:25:28,4,-1,1,AA6507,0,1,374
17,18,12:26:29,4,-1,1,AA6507,0,1,30
18,19,12:31:15,4,-1,2,AA6507,0,1,235
19,20,12:35:08,4,-1,1,AA6507,0,1,151
20,21,12:38:42,4,-1,1,AA6507,0,1,183
21,22,12:40:45,4,-1,-1,AA6507,0,1,82
0,1,12:54:59,4,-1,-1,AA6507,0,1,752
1,2,12:58:13,4,-1,2,AA6507,0,1,174
2,3,13:01:05,4,-1,2,AA6507,0,1,151
3,4,13:02:16,4,-1,1,AA6507,0,1,20
4,5,13:05:28,4,-1,1,AA6507,0,1,121
5,6,13:06:29,4,-1,1,AA6507,0,1,10
6,7,13:15:20,4,-1,1,AA6507,0,1,480
7,8,13:17:55,4,-1,1,AA6507,0,1,141
8,9,13:19:16,4,-1,1,AA6507,0,1,40
9,10,13:20:07,4,-1,1,AA6507,0,1,30
10,11,13:21:48,4,-1,1,AA6507,0,1,60
11,12,13:22:39,4,-1,1,AA6507,0,1,30
12,13,13:25:35,4,-1,1,AA6507,0,1,145
13,14,13:27:16,4,-1,2,AA6507,0,1,70
14,15,13:28:58,4,-1,-1,AA6507,0,1,30
15,16,13:30:49,4,-1,1,AA6507,0,1,80
16,17,13:37:47,4,-1,1,AA6507,0,1,355
17,18,13:38:48,4,-1,1,AA6507,0,1,20
18,19,13:43:34,4,-1,2,AA6507,0,1,245
19,20,13:46:17,4,-1,2,AA6507,0,1,61
20,21,13:49:49,4,-1,1,AA6507,0,1,202
21,22,13:52:04,4,-1,-1,AA6507,0,1,92
0,1,14:07:29,4,-1,-1,AA6507,0,1,70
1,2,14:09:51,4,-1,2,AA6507,0,1,81
2,3,14:12:54,4,-1,2,AA6507,0,1,173
3,4,14:19:10,4,-1,1,AA6507,0,1,193
4,5,14:23:08,4,-1,1,AA6507,0,1,123
5,6,14:24:49,4,-1,1,AA6507,0,1,30
6,8,14:36:10,4,-1,2,AA6507,1,1,628
8,9,14:37:46,4,-1,1,AA6507,0,1,50
9,10,14:38:26,4,-1,1,AA6507,0,1,30
10,11,14:40:38,4,-1,1,AA6507,0,1,70
11,12,14:41:18,4,-1,3,AA6507,0,1,30
12,13,14:42:49,4,-1,3,AA6507,0,1,60
13,14,14:43:42,4,-1,2,AA6507,0,1,32
14,15,14:45:13,4,-1,-1,AA6507,0,1,40
15,16,14:47:55,4,-1,1,AA6507,0,1,111
16,17,14:54:33,4,-1,1,AA6507,0,1,357
17,18,14:55:34,4,-1,1,AA6507,0,1,20
18,19,14:59:58,4,-1,3,AA6507,0,1,223
19,20,15:01:39,4,-1,1,AA6507,0,1,60
20,21,15:03:45,4,-1,1,AA6507,0,1,105
21,22,15:05:57,4,-1,-1,AA6507,0,1,80
0,1,15:25:18,4,-1,-1,AA6507,0,1,131
1,2,15:26:49,4,-1,3,AA6507,0,1,70
2,3,15:29:43,4,-1,3,AA6507,0,1,112
3,4,15:34:18,4,-1,1,AA6507,0,1,153
4,5,15:37:43,4,-1,1,AA6507,0,1,144
5,6,15:39:14,4,-1,1,AA6507,0,1,20
6,7,15:48:05,4,-1,1,AA6507,0,1,489
7,8,15:50:37,4,-1,2,AA6507,0,1,131
8,9,15:53:09,4,-1,1,AA6507,0,1,101
9,10,15:53:59,4,-1,1,AA6507,0,1,30
10,11,15:57:24,4,-1,1,AA6507,0,1,162
11,12,15:58:15,4,-1,1,AA6507,0,1,20
12,13,16:00:26,4,-1,1,AA6507,0,1,90
13,14,16:01:38,4,-1,1,AA6507,0,1,41
14,15,16:03:32,4,-1,-1,AA6507,0,1,32
15,16,16:06:57,4,-1,1,AA6507,0,1,153
16,17,16:14:04,4,-1,1,AA6507,0,1,386
17,18,16:15:08,4,-1,1,AA6507,0,1,20
18,19,16:19:35,4,-1,2,AA6507,0,1,225
19,20,16:21:56,4,-1,1,AA6507,0,1,91
20,21,16:25:29,4,-1,1,AA6507,0,1,192
21,22,16:27:45,4,-1,-1,AA6507,0,1,85
0,1,16:41:16,4,-1,-1,AA6507,0,1,161
1,2,16:43:27,4,-1,2,AA6507,0,1,111
2,3,16:45:59,4,-1,2,AA6507,0,1,91
3,4,16:48:44,4,-1,1,AA6507,0,1,125
4,5,16:52:17,4,-1,1,AA6507,0,1,131
5,6,16:53:18,4,-1,1,AA6507,0,1,10
6,7,17:01:28,4,-1,1,AA6507,0,1,450
7,8,17:03:45,4,-1,2,AA6507,0,1,126
8,9,17:05:26,4,-1,1,AA6507,0,1,60
9,10,17:06:26,4,-1,1,AA6507,0,1,50
10,12,17:11:19,4,-1,1,AA6507,1,1,272
12,13,17:13:01,4,-1,1,AA6507,0,1,71
13,14,17:14:02,4,-1,2,AA6507,0,1,40
14,15,17:16:05,4,-1,-1,AA6507,0,1,40
15,16,17:18:26,4,-1,1,AA6507,0,1,101
16,17,17:25:15,4,-1,1,AA6507,0,1,388
17,18,17:26:26,4,-1,1,AA6507,0,1,30
18,19,17:31:09,4,-1,2,AA6507,0,1,252
19,20,17:34:03,4,-1,1,AA6507,0,1,103
20,21,17:38:16,4,-1,1,AA6507,0,1,242
21,22,17:40:38,4,-1,-1,AA6507,0,1,91
0,1,17:57:33,4,-1,-1,AA6507,0,1,94
1,2,18:00:36,4,-1,3,AA6507,0,1,81
2,3,18:03:59,4,-1,2,AA6507,0,1,151
3,4,18:06:23,4,-1,1,AA6507,0,1,103
4,5,18:10:06,4,-1,1,AA6507,0,1,162
5,6,18:11:37,4,-1,1,AA6507,0,1,20
6,7,18:26:35,4,-1,1,AA6507,0,1,857
7,8,18:28:36,4,-1,1,AA6507,0,1,111
8,9,18:30:38,4,-1,1,AA6507,0,1,50
9,10,18:31:38,4,-1,1,AA6507,0,1,40
10,11,18:36:49,4,-1,1,AA6507,0,1,290
11,12,18:38:20,4,-1,2,AA6507,0,1,30
12,13,18:40:53,4,-1,1,AA6507,0,1,111
13,14,18:44:05,4,-1,3,AA6507,0,1,121
14,15,18:47:38,4,-1,-1,AA6507,0,1,60
15,16,18:50:54,4,-1,1,AA6507,0,1,155
16,17,18:57:48,4,-1,2,AA6507,0,1,364
17,18,18:58:59,4,-1,1,AA6507,0,1,20
18,19,19:04:27,4,-1,3,AA6507,0,1,263
19,20,19:09:25,4,-1,2,AA6507,0,1,64
20,21,19:15:29,4,-1,1,AA6507,0,1,303
21,22,19:17:34,4,-1,-1,AA6507,0,1,94
0,1,19:51:47,4,-1,-1,AA6507,0,1,70
1,2,19:53:38,4,-1,2,AA6507,0,1,60
2,3,19:55:39,4,-1,2,AA6507,0,1,50
3,4,19:57:21,4,-1,1,AA6507,0,1,61
4,5,20:00:57,4,-1,1,AA6507,0,1,142
5,6,20:02:08,4,-1,1,AA6507,0,1,20
6,8,20:13:37,4,-1,2,AA6507,1,1,568
8,9,20:15:18,4,-1,1,AA6507,0,1,50
9,10,20:16:09,4,-1,1,AA6507,0,1,40
10,11,20:19:46,4,-1,1,AA6507,0,1,206
11,12,20:20:57,4,-1,1,AA6507,0,1,30
12,13,20:23:18,4,-1,1,AA6507,0,1,80
13,14,20:25:14,4,-1,1,AA6507,0,1,40
14,15,20:30:49,4,-1,-1,AA6507,0,1,40
15,16,20:33:00,4,-1,1,AA6507,0,1,91
16,17,20:40:07,4,-1,1,AA6507,0,1,374
17,18,20:41:08,4,-1,1,AA6507,0,1,20
18,19,20:49:26,4,-1,2,AA6507,0,1,447
19,20,20:51:37,4,-1,1,AA6507,0,1,60
20,21,20:54:19,4,-1,1,AA6507,0,1,141
21,22,20:56:20,4,-1,-1,AA6507,0,1,111
0,1,21:04:17,4,-1,-1,AA6507,0,1,90
1,2,21:05:38,4,-1,3,AA6507,0,1,30
2,3,21:08:32,4,-1,2,AA6507,0,1,143
3,4,21:11:15,4,-1,1,AA6507,0,1,90
4,5,21:14:17,4,-1,2,AA6507,0,1,121
5,6,21:15:37,4,-1,1,AA6507,0,1,30
6,7,21:23:44,4,-1,1,AA6507,0,1,446
7,8,21:25:35,4,-1,3,AA6507,0,1,70
8,9,21:26:36,4,-1,1,AA6507,0,1,40
9,10,21:27:37,4,-1,1,AA6507,0,1,30
10,11,21:29:18,4,-1,1,AA6507,0,1,50
11,12,21:30:08,4,-1,1,AA6507,0,1,30
12,13,21:32:20,4,-1,1,AA6507,0,1,70
13,14,21:33:12,4,-1,1,AA6507,0,1,30
14,15,21:35:14,4,-1,-1,AA6507,0,1,70
15,16,21:37:15,4,-1,1,AA6507,0,1,91
16,17,21:43:44,4,-1,1,AA6507,0,1,356
17,18,21:45:15,4,-1,1,AA6507,0,1,20
18,19,21:50:49,4,-1,2,AA6507,0,1,282
19,20,21:53:54,4,-1,1,AA6507,0,1,145
20,21,21:56:27,4,-1,1,AA6507,0,1,122
21,22,21:58:28,4,-1,-1,AA6507,0,1,80
0,1,22:12:32,4,-1,-1,AA6507,0,1,51
1,2,22:14:44,4,-1,2,AA6507,0,1,90
2,3,22:16:45,4,-1,2,AA6507,0,1,50
3,4,22:18:57,4,-1,1,AA6507,0,1,60
4,5,22:22:29,4,-1,2,AA6507,0,1,131
5,6,22:24:10,4,-1,1,AA6507,0,1,20
6,7,22:33:39,4,-1,1,AA6507,0,1,526
7,8,22:36:05,4,-1,2,AA6507,0,1,135
8,9,22:37:26,4,-1,1,AA6507,0,1,60
9,10,22:38:17,4,-1,1,AA6507,0,1,20
10,11,22:42:40,4,-1,1,AA6507,0,1,232
11,12,22:43:50,4,-1,1,AA6507,0,1,30
12,13,22:46:34,4,-1,1,AA6507,0,1,111
13,14,22:48:05,4,-1,1,AA6507,0,1,40
14,15,22:49:56,4,-1,-1,AA6507,0,1,30
15,16,22:51:59,4,-1,1,AA6507,0,1,101
16,17,22:59:17,4,-1,1,AA6507,0,1,407
17,18,23:00:39,4,-1,-1,AA6507,0,1,30
18,19,23:05:06,4,-1,2,AA6507,0,1,206
19,20,23:07:38,4,-1,1,AA6507,0,1,91
20,21,23:09:49,4,-1,1,AA6507,0,1,111
21,22,23:12:03,4,-1,-1,AA6507,0,1,92
0,1,23:24:55,4,-1,-1,AA6507,0,1,81
1,2,23:26:06,4,-1,1,AA6507,0,1,30
2,3,23:28:08,4,-1,1,AA6507,0,1,40
3,4,23:30:20,4,-1,1,AA6507,0,1,91
4,5,23:33:03,4,-1,1,AA6507,0,1,121
5,6,23:34:04,4,-1,1,AA6507,0,1,20
6,7,23:42:34,4,-1,1,AA6507,0,1,469
7,8,23:44:25,4,-1,1,AA6507,0,1,101
8,9,23:45:26,4,-1,1,AA6507,0,1,40
9,10,23:46:16,4,-1,1,AA6507,0,1,20
10,11,23:47:49,4,-1,1,AA6507,0,1,50
11,12,23:48:59,4,-1,1,AA6507,0,1,20
12,14,23:51:15,4,-1,1,AA6507,1,1,105
14,15,23:52:46,4,-1,-1,AA6507,0,1,40
15,16,23:54:37,4,-1,1,AA6507,0,1,81
0,1,6:41:17,4,-1,-1,AA6835,0,1,50
1,2,6:42:58,4,-1,2,AA6835,0,1,70
2,3,6:44:59,4,-1,2,AA6835,0,1,50
3,4,6:47:11,4,-1,1,AA6835,0,1,70
4,5,6:50:44,4,-1,1,AA6835,0,1,121
5,6,6:52:07,4,-1,1,AA6835,0,1,10
6,7,7:00:35,4,-1,1,AA6835,0,1,468
7,8,7:02:57,4,-1,2,AA6835,0,1,101
8,9,7:04:18,4,-1,1,AA6835,0,1,50
9,10,7:05:18,4,-1,1,AA6835,0,1,30
10,11,7:07:34,4,-1,1,AA6835,0,1,104
11,12,7:08:24,4,-1,1,AA6835,0,1,30
12,13,7:09:36,4,-1,1,AA6835,0,1,41
13,14,7:10:26,4,-1,1,AA6835,0,1,40
14,15,7:11:37,4,-1,-1,AA6835,0,1,60
15,16,7:13:39,4,-1,1,AA6835,0,1,80
16,17,7:19:47,4,-1,1,AA6835,0,1,358
17,18,7:20:48,4,-1,1,AA6835,0,1,20
18,19,7:24:55,4,-1,2,AA6835,0,1,206
19,20,7:27:36,4,-1,1,AA6835,0,1,121
20,21,7:29:48,4,-1,1,AA6835,0,1,101
21,22,7:32:10,4,-1,-1,AA6835,0,1,81
0,1,7:48:26,4,-1,-1,AA6835,0,1,60
1,2,7:50:48,4,-1,3,AA6835,0,1,60
2,3,7:53:50,4,-1,3,AA6835,0,1,101
3,4,7:58:14,4,-1,1,AA6835,0,1,101
4,5,8:01:50,4,-1,1,AA6835,0,1,145
5,6,8:03:14,4,-1,1,AA6835,0,1,20
6,7,8:12:02,4,-1,2,AA6835,0,1,486
7,8,8:14:06,4,-1,3,AA6835,0,1,114
8,9,8:15:27,4,-1,1,AA6835,0,1,50
9,10,8:16:28,4,-1,1,AA6835,0,1,20
10,11,8:19:00,4,-1,1,AA6835,0,1,111
11,12,8:19:44,4,-1,1,AA6835,0,1,23
12,13,8:21:15,4,-1,-1,AA6835,0,1,60
13,14,8:22:27,4,-1,-1,AA6835,0,1,50
14,15,8:25:50,4,-1,-1,AA6835,0,1,101
15,16,8:28:55,4,-1,1,AA6835,0,1,164
16,17,8:36:03,4,-1,1,AA6835,0,1,377
17,18,8:37:24,4,-1,1,AA6835,0,1,30
18,19,8:41:27,4,-1,3,AA6835,0,1,202
19,20,8:49:14,4,-1,2,AA6835,0,1,274
20,21,8:53:27,4,-1,1,AA6835,0,1,242
21,22,8:55:59,4,-1,-1,AA6835,0,1,91
0,1,9:05:48,4,-1,-1,AA6835,0,1,30
1,2,9:07:50,4,-1,3,AA6835,0,1,92
2,3,9:11:15,4,-1,3,AA6835,0,1,70
3,4,9:15:58,4,-1,1,AA6835,0,1,222
4,5,9:18:40,4,-1,1,AA6835,0,1,131
5,6,9:19:53,4,-1,1,AA6835,0,1,20
6,7,9:28:40,4,-1,1,AA6835,0,1,486
7,8,9:30:45,4,-1,2,AA6835,0,1,114
8,9,9:32:36,4,-1,1,AA6835,0,1,80
9,10,9:33:17,4,-1,1,AA6835,0,1,30
10,11,9:35:38,4,-1,1,AA6835,0,1,131
11,12,9:36:29,4,-1,1,AA6835,0,1,20
12,13,9:38:10,4,-1,1,AA6835,0,1,70
13,14,9:39:22,4,-1,1,AA6835,0,1,40
14,15,9:40:46,4,-1,-1,AA6835,0,1,40
15,16,9:43:38,4,-1,1,AA6835,0,1,131
16,17,9:50:25,4,-1,1,AA6835,0,1,367
17,18,9:51:16,4,-1,1,AA6835,0,1,30
18,19,9:54:49,4,-1,2,AA6835,0,1,192
19,20,9:57:24,4,-1,2,AA6835,0,1,145
20,21,10:00:06,4,-1,1,AA6835,0,1,151
21,22,10:01:48,4,-1,-1,AA6835,0,1,81
0,1,10:46:50,4,-1,-1,AA6835,0,1,70
1,4,10:52:47,4,-1,1,AA6835,2,1,313
4,5,10:56:09,4,-1,1,AA6835,0,1,121
5,6,10:57:43,4,-1,1,AA6835,0,1,22
6,7,11:06:30,4,-1,1,AA6835,0,1,486
7,8,11:08:35,4,-1,1,AA6835,0,1,114
8,9,11:10:06,4,-1,1,AA6835,0,1,40
9,10,11:10:46,4,-1,1,AA6835,0,1,30
10,11,11:12:58,4,-1,1,AA6835,0,1,90
11,12,11:13:48,4,-1,1,AA6835,0,1,20
12,13,11:14:59,4,-1,1,AA6835,0,1,60
13,14,11:15:52,4,-1,1,AA6835,0,1,42
14,15,11:17:24,4,-1,-1,AA6835,0,1,40
15,16,11:20:27,4,-1,1,AA6835,0,1,152
16,17,11:28:15,4,-1,1,AA6835,0,1,417
17,18,11:28:56,4,-1,1,AA6835,0,1,20
18,19,11:33:19,4,-1,2,AA6835,0,1,212
19,22,11:40:28,4,-1,-1,AA6835,2,1,355
0,1,11:58:30,4,-1,-1,AA6835,0,1,81
1,2,12:01:15,4,-1,-1,AA6835,0,1,154
2,3,12:03:57,4,-1,-1,AA6835,0,1,91
3,4,12:06:29,4,-1,1,AA6835,0,1,70
4,5,12:09:54,4,-1,1,AA6835,0,1,101
5,6,12:11:05,4,-1,1,AA6835,0,1,20
6,7,12:19:44,4,-1,1,AA6835,0,1,468
7,8,12:22:26,4,-1,1,AA6835,0,1,151
8,9,12:23:57,4,-1,1,AA6835,0,1,50
9,10,12:24:38,4,-1,1,AA6835,0,1,30
10,12,12:28:52,4,-1,1,AA6835,1,1,193
12,13,12:31:25,4,-1,1,AA6835,0,1,62
13,14,12:32:46,4,-1,2,AA6835,0,1,50
14,15,12:34:58,4,-1,-1,AA6835,0,1,60
15,16,12:37:40,4,-1,1,AA6835,0,1,131
16,17,12:44:08,4,-1,1,AA6835,0,1,358
17,18,12:45:09,4,-1,1,AA6835,0,1,20
18,19,12:49:34,4,-1,3,AA6835,0,1,224
19,20,12:52:57,4,-1,1,AA6835,0,1,111
20,21,12:55:19,4,-1,1,AA6835,0,1,90
21,22,12:57:22,4,-1,-1,AA6835,0,1,92
0,1,13:15:44,4,-1,-1,AA6835,0,1,84
1,2,13:17:55,4,-1,2,AA6835,0,1,60
2,3,13:19:26,4,-1,2,AA6835,0,1,30
3,4,13:21:48,4,-1,1,AA6835,0,1,131
4,5,13:25:23,4,-1,1,AA6835,0,1,134
5,6,13:26:55,4,-1,1,AA6835,0,1,30
6,7,13:35:05,4,-1,1,AA6835,0,1,459
7,8,13:37:17,4,-1,2,AA6835,0,1,121
8,9,13:38:38,4,-1,1,AA6835,0,1,40
9,10,13:39:18,4,-1,1,AA6835,0,1,30
10,12,13:42:43,4,-1,1,AA6835,1,1,194
12,13,13:44:34,4,-1,1,AA6835,0,1,80
13,14,13:45:25,4,-1,1,AA6835,0,1,40
14,15,13:47:17,4,-1,-1,AA6835,0,1,50
15,16,13:49:39,4,-1,1,AA6835,0,1,121
16,17,13:56:48,4,-1,1,AA6835,0,1,354
17,18,13:57:48,4,-1,1,AA6835,0,1,20
18,19,14:02:25,4,-1,2,AA6835,0,1,226
19,20,14:04:37,4,-1,1,AA6835,0,1,121
20,21,14:08:49,4,-1,1,AA6835,0,1,242
21,22,14:10:43,4,-1,-1,AA6835,0,1,83
0,1,14:27:13,4,-1,-1,AA6835,0,1,61
1,2,14:29:45,4,-1,3,AA6835,0,1,81
2,3,14:31:37,4,-1,3,AA6835,0,1,30
3,4,14:34:18,4,-1,1,AA6835,0,1,60
4,5,14:38:06,4,-1,1,AA6835,0,1,126
5,6,14:39:27,4,-1,1,AA6835,0,1,30
6,7,14:48:56,4,-1,1,AA6835,0,1,528
7,8,14:50:47,4,-1,2,AA6835,0,1,101
8,9,14:53:19,4,-1,1,AA6835,0,1,121
9,10,14:54:10,4,-1,1,AA6835,0,1,30
10,11,14:55:34,4,-1,1,AA6835,0,1,50
11,12,14:56:25,4,-1,3,AA6835,0,1,40
12,13,14:59:38,4,-1,3,AA6835,0,1,111
13,14,15:00:49,4,-1,1,AA6835,0,1,40
14,15,15:02:30,4,-1,-1,AA6835,0,1,40
15,16,15:05:06,4,-1,1,AA6835,0,1,125
16,17,15:12:04,4,-1,1,AA6835,0,1,357
17,18,15:13:36,4,-1,1,AA6835,0,1,41
18,19,15:17:49,4,-1,2,AA6835,0,1,212
19,20,15:19:44,4,-1,2,AA6835,0,1,44
20,21,15:23:07,4,-1,1,AA6835,0,1,192
21,22,15:25:18,4,-1,-1,AA6835,0,1,91
0,1,15:49:46,4,-1,-1,AA6835,0,1,111
1,2,15:51:48,4,-1,3,AA6835,0,1,71
2,4,15:57:34,4,-1,1,AA6835,1,1,285
4,5,16:01:49,4,-1,1,AA6835,0,1,163
5,6,16:03:00,4,-1,1,AA6835,0,1,20
6,7,16:12:22,4,-1,1,AA6835,0,1,529
7,8,16:14:48,4,-1,2,AA6835,0,1,105
8,9,16:17:10,4,-1,1,AA6835,0,1,91
9,10,16:17:52,4,-1,1,AA6835,0,1,20
10,11,16:21:16,4,-1,1,AA6835,0,1,183
11,12,16:22:06,4,-1,1,AA6835,0,1,20
12,13,16:24:28,4,-1,1,AA6835,0,1,111
13,14,16:25:29,4,-1,2,AA6835,0,1,40
14,15,16:27:45,4,-1,-1,AA6835,0,1,71
15,16,16:30:37,4,-1,1,AA6835,0,1,141
16,17,16:37:33,4,-1,1,AA6835,0,1,375
17,18,16:38:34,4,-1,1,AA6835,0,1,20
18,19,16:43:27,4,-1,3,AA6835,0,1,242
19,21,16:49:45,4,-1,1,AA6835,1,1,276
21,22,16:51:57,4,-1,-1,AA6835,0,1,101
0,1,17:07:07,4,-1,-1,AA6835,0,1,111
1,2,17:09:48,4,-1,2,AA6835,0,1,151
2,3,17:12:10,4,-1,2,AA6835,0,1,70
3,4,17:14:44,4,-1,1,AA6835,0,1,82
4,5,17:18:36,4,-1,1,AA6835,0,1,121
5,6,17:20:37,4,-1,1,AA6835,0,1,30
6,7,17:28:58,4,-1,1,AA6835,0,1,470
7,8,17:31:40,4,-1,2,AA6835,0,1,151
8,9,17:33:02,4,-1,1,AA6835,0,1,61
9,10,17:34:13,4,-1,1,AA6835,0,1,40
10,11,17:38:47,4,-1,1,AA6835,0,1,222
11,12,17:40:07,4,-1,1,AA6835,0,1,30
12,13,17:41:49,4,-1,1,AA6835,0,1,70
13,14,17:43:44,4,-1,2,AA6835,0,1,54
14,15,17:46:57,4,-1,-1,AA6835,0,1,172
15,16,17:56:29,4,-1,1,AA6835,0,1,511
16,17,18:05:42,4,-1,2,AA6835,0,1,407
17,18,18:07:24,4,-1,1,AA6835,0,1,20
18,19,18:15:44,4,-1,3,AA6835,0,1,449
19,20,18:25:14,4,-1,2,AA6835,0,1,539
20,21,18:29:57,4,-1,1,AA6835,0,1,273
21,22,18:31:48,4,-1,-1,AA6835,0,1,91
0,1,18:39:02,4,-1,-1,AA6835,0,1,41
1,2,18:41:23,4,-1,3,AA6835,0,1,131
2,3,18:44:46,4,-1,3,AA6835,0,1,91
3,4,18:47:48,4,-1,1,AA6835,0,1,141
4,5,18:51:24,4,-1,2,AA6835,0,1,145
5,6,18:52:55,4,-1,1,AA6835,0,1,30
6,7,19:02:16,4,-1,2,AA6835,0,1,489
7,8,19:03:57,4,-1,3,AA6835,0,1,90
8,9,19:06:28,4,-1,1,AA6835,0,1,90
9,10,19:07:29,4,-1,2,AA6835,0,1,30
10,11,19:13:17,4,-1,1,AA6835,0,1,328
11,12,19:14:18,4,-1,2,AA6835,0,1,20
12,13,19:17:34,4,-1,1,AA6835,0,1,104
13,14,19:19:46,4,-1,2,AA6835,0,1,111
14,15,19:21:58,4,-1,-1,AA6835,0,1,50
15,16,19:23:18,4,-1,1,AA6835,0,1,60
16,17,19:30:17,4,-1,2,AA6835,0,1,367
17,18,19:31:28,4,-1,1,AA6835,0,1,20
18,19,19:36:12,4,-1,2,AA6835,0,1,254
19,20,19:39:45,4,-1,1,AA6835,0,1,151
20,21,19:43:37,4,-1,1,AA6835,0,1,222
21,22,19:45:49,4,-1,-1,AA6835,0,1,111
0,1,20:19:05,4,-1,-1,AA6835,0,1,20
1,2,20:20:57,4,-1,2,AA6835,0,1,101
2,3,20:22:58,4,-1,2,AA6835,0,1,60
3,4,20:25:14,4,-1,1,AA6835,0,1,53
4,5,20:28:17,4,-1,1,AA6835,0,1,132
5,6,20:29:28,4,-1,1,AA6835,0,1,20
6,8,20:40:57,4,-1,2,AA6835,1,1,649
8,9,20:42:18,4,-1,1,AA6835,0,1,50
9,10,20:43:19,4,-1,1,AA6835,0,1,30
10,11,20:45:52,4,-1,1,AA6835,0,1,91
11,12,20:46:54,4,-1,1,AA6835,0,1,20
12,13,20:48:45,4,-1,1,AA6835,0,1,60
13,14,20:50:06,4,-1,1,AA6835,0,1,40
14,15,20:51:47,4,-1,-1,AA6835,0,1,30
15,16,20:54:29,4,-1,1,AA6835,0,1,141
16,17,21:00:55,4,-1,3,AA6835,0,1,356
17,18,21:02:06,4,-1,1,AA6835,0,1,30
18,19,21:07:19,4,-1,2,AA6835,0,1,282
19,20,21:10:04,4,-1,1,AA6835,0,1,81
20,21,21:13:36,4,-1,1,AA6835,0,1,181
21,22,21:15:37,4,-1,-1,AA6835,0,1,111
0,1,21:26:56,4,-1,-1,AA6835,0,1,91
1,2,21:28:47,4,-1,2,AA6835,0,1,90
2,3,21:30:39,4,-1,1,AA6835,0,1,40
3,4,21:31:39,4,-1,1,AA6835,0,1,10
4,5,21:34:43,4,-1,1,AA6835,0,1,121
5,6,21:35:54,4,-1,1,AA6835,0,1,30
6,7,21:43:54,4,-1,1,AA6835,0,1,439
7,8,21:46:06,4,-1,2,AA6835,0,1,121
8,9,21:47:47,4,-1,1,AA6835,0,1,40
9,11,21:51:39,4,-1,1,AA6835,1,1,212
11,12,21:52:41,4,-1,1,AA6835,0,1,21
12,13,21:54:35,4,-1,1,AA6835,0,1,73
13,14,21:55:37,4,-1,1,AA6835,0,1,51
14,15,21:57:48,4,-1,-1,AA6835,0,1,91
15,16,22:00:32,4,-1,1,AA6835,0,1,133
16,17,22:07:27,4,-1,3,AA6835,0,1,364
17,18,22:08:38,4,-1,1,AA6835,0,1,30
18,19,22:15:04,4,-1,2,AA6835,0,1,345
19,20,22:18:06,4,-1,1,AA6835,0,1,141
20,21,22:21:18,4,-1,1,AA6835,0,1,171
21,22,22:23:30,4,-1,-1,AA6835,0,1,91
0,1,22:36:26,4,-1,-1,AA6835,0,1,101
1,2,22:38:07,4,-1,2,AA6835,0,1,80
2,3,22:39:58,4,-1,2,AA6835,0,1,20
3,4,22:42:19,4,-1,1,AA6835,0,1,80
4,5,22:45:44,4,-1,1,AA6835,0,1,143
5,6,22:47:04,4,-1,1,AA6835,0,1,20
6,7,22:55:14,4,-1,1,AA6835,0,1,448
7,8,22:57:25,4,-1,-1,AA6835,0,1,91
8,9,23:01:19,4,-1,-1,AA6835,0,1,213
9,10,23:02:00,4,-1,-1,AA6835,0,1,30
10,11,23:04:35,4,-1,-1,AA6835,0,1,80
11,12,23:05:36,4,-1,1,AA6835,0,1,30
12,13,23:07:17,4,-1,1,AA6835,0,1,60
13,14,23:08:38,4,-1,1,AA6835,0,1,40
14,15,23:09:59,4,-1,-1,AA6835,0,1,20
15,16,23:12:03,4,-1,1,AA6835,0,1,103
16,17,23:18:29,4,-1,1,AA6835,0,1,355
17,18,23:19:50,4,-1,1,AA6835,0,1,30
18,19,23:24:24,4,-1,2,AA6835,0,1,222
19,20,23:27:27,4,-1,1,AA6835,0,1,111
20,22,23:31:53,4,-1,-1,AA6835,1,1,244
0,2,6:51:36,4,-1,2,AA7096,1,1,152
2,3,6:53:17,4,-1,2,AA7096,0,1,50
3,4,6:55:09,4,-1,1,AA7096,0,1,60
4,5,6:59:24,4,-1,1,AA7096,0,1,134
5,6,7:00:45,4,-1,1,AA7096,0,1,30
6,7,7:09:25,4,-1,2,AA7096,0,1,479
7,8,7:11:27,4,-1,2,AA7096,0,1,111
8,9,7:12:48,4,-1,1,AA7096,0,1,40
9,10,7:13:59,4,-1,1,AA7096,0,1,30
10,11,7:16:13,4,-1,1,AA7096,0,1,94
11,12,7:17:14,4,-1,1,AA7096,0,1,30
12,13,7:19:06,4,-1,1,AA7096,0,1,81
13,14,7:20:17,4,-1,1,AA7096,0,1,40
14,15,7:21:48,4,-1,-1,AA7096,0,1,40
15,16,7:23:44,4,-1,1,AA7096,0,1,74
16,17,7:30:59,4,-1,1,AA7096,0,1,384
17,18,7:32:00,4,-1,1,AA7096,0,1,30
18,19,7:36:25,4,-1,2,AA7096,0,1,224
19,20,7:40:18,4,-1,2,AA7096,0,1,161
20,21,7:43:32,4,-1,1,AA7096,0,1,174
21,22,7:46:24,4,-1,-1,AA7096,0,1,121
0,1,7:55:42,4,-1,-1,AA7096,0,1,92
1,2,7:58:34,4,-1,3,AA7096,0,1,70
2,3,8:03:55,4,-1,3,AA7096,0,1,239
3,4,8:08:28,4,-1,1,AA7096,0,1,40
4,5,8:12:12,4,-1,2,AA7096,0,1,132
5,6,8:13:56,4,-1,1,AA7096,0,1,31
6,7,8:23:48,4,-1,-1,AA7096,0,1,541
7,8,8:26:50,4,-1,1,AA7096,0,1,162
8,9,8:29:05,4,-1,1,AA7096,0,1,91
9,10,8:30:26,4,-1,1,AA7096,0,1,40
10,11,8:32:48,4,-1,1,AA7096,0,1,101
11,12,8:33:48,4,-1,1,AA7096,0,1,30
12,13,8:37:34,4,-1,2,AA7096,0,1,134
13,14,8:38:55,4,-1,2,AA7096,0,1,40
14,15,8:40:37,4,-1,-1,AA7096,0,1,40
15,16,8:45:42,4,-1,1,AA7096,0,1,274
16,17,8:52:57,4,-1,1,AA7096,0,1,384
17,18,8:54:28,4,-1,1,AA7096,0,1,40
18,19,8:59:13,4,-1,3,AA7096,0,1,245
19,20,9:05:38,4,-1,2,AA7096,0,1,333
20,21,9:10:04,4,-1,1,AA7096,0,1,255
21,22,9:12:06,4,-1,-1,AA7096,0,1,101
0,1,9:23:35,4,-1,-1,AA7096,0,1,40
1,2,9:26:08,4,-1,3,AA7096,0,1,101
2,3,9:30:01,4,-1,3,AA7096,0,1,131
3,4,9:34:17,4,-1,1,AA7096,0,1,202
4,5,9:38:10,4,-1,1,AA7096,0,1,141
5,6,9:39:35,4,-1,1,AA7096,0,1,23
6,7,9:48:34,4,-1,2,AA7096,0,1,498
7,8,9:51:06,4,-1,2,AA7096,0,1,141
8,9,9:52:17,4,-1,1,AA7096,0,1,30
9,10,9:53:07,4,-1,1,AA7096,0,1,20
10,11,9:56:34,4,-1,1,AA7096,0,1,166
11,12,9:57:34,4,-1,1,AA7096,0,1,30
12,13,9:59:05,4,-1,1,AA7096,0,1,60
13,14,9:59:56,4,-1,1,AA7096,0,1,40
14,15,10:01:38,4,-1,-1,AA7096,0,1,40
15,16,10:04:00,4,-1,-1,AA7096,0,1,91
16,17,10:11:49,4,-1,1,AA7096,0,1,415
17,18,10:13:11,4,-1,1,AA7096,0,1,31
18,19,10:17:18,4,-1,2,AA7096,0,1,203
19,20,10:19:19,4,-1,1,AA7096,0,1,60
20,21,10:23:17,4,-1,1,AA7096,0,1,227
21,22,10:35:28,4,-1,-1,AA7096,0,1,700
0,1,10:37:29,4,-1,-1,AA7096,0,1,50
1,3,10:43:47,4,-1,-1,AA7096,1,1,368
3,4,10:46:30,4,-1,1,AA7096,0,1,121
4,5,10:50:15,4,-1,1,AA7096,0,1,131
5,6,10:51:46,4,-1,1,AA7096,0,1,30
6,7,11:00:36,4,-1,1,AA7096,0,1,478
7,8,11:02:47,4,-1,2,AA7096,0,1,121
8,9,11:04:28,4,-1,1,AA7096,0,1,50
9,10,11:05:19,4,-1,1,AA7096,0,1,30
10,11,11:07:44,4,-1,1,AA7096,0,1,114
11,12,11:08:35,4,-1,1,AA7096,0,1,20
12,13,11:10:16,4,-1,1,AA7096,0,1,60
13,14,11:11:07,4,-1,1,AA7096,0,1,40
14,15,11:12:48,4,-1,-1,AA7096,0,1,40
15,16,11:15:09,4,-1,1,AA7096,0,1,60
16,17,11:23:52,4,-1,1,AA7096,0,1,470
17,18,11:25:23,4,-1,1,AA7096,0,1,40
18,19,11:29:57,4,-1,2,AA7096,0,1,222
19,20,11:34:10,4,-1,1,AA7096,0,1,192
20,21,11:38:36,4,-1,1,AA7096,0,1,256
21,22,11:40:18,4,-1,-1,AA7096,0,1,71
0,1,15:07:18,4,-1,-1,AA7121,0,1,1458
1,2,15:08:59,4,-1,3,AA7121,0,1,40
2,3,15:11:44,4,-1,3,AA7121,0,1,94
3,4,15:15:37,4,-1,1,AA7121,0,1,132
4,5,15:19:20,4,-1,1,AA7121,0,1,151
5,6,15:21:16,4,-1,1,AA7121,0,1,40
6,7,15:30:44,4,-1,1,AA7121,0,1,507
7,8,15:32:25,4,-1,2,AA7121,0,1,90
8,9,15:34:18,4,-1,1,AA7121,0,1,41
9,10,15:35:08,4,-1,1,AA7121,0,1,30
10,11,15:38:34,4,-1,1,AA7121,0,1,114
11,12,15:40:57,4,-1,-1,AA7121,0,1,102
12,13,15:44:30,4,-1,-1,AA7121,0,1,102
13,14,15:45:41,4,-1,2,AA7121,0,1,40
14,15,15:47:55,4,-1,-1,AA7121,0,1,40
15,16,15:51:07,4,-1,1,AA7121,0,1,121
16,17,15:58:15,4,-1,1,AA7121,0,1,387
17,18,16:00:16,4,-1,1,AA7121,0,1,50
18,19,16:04:23,4,-1,2,AA7121,0,1,216
19,20,16:07:17,4,-1,1,AA7121,0,1,112
20,21,16:11:20,4,-1,1,AA7121,0,1,202
21,22,16:13:03,4,-1,-1,AA7121,0,1,91
0,1,16:22:57,4,-1,-1,AA7121,0,1,91
1,2,16:24:39,4,-1,2,AA7121,0,1,91
2,3,16:27:03,4,-1,2,AA7121,0,1,134
3,4,16:30:07,4,-1,1,AA7121,0,1,80
4,5,16:33:59,4,-1,1,AA7121,0,1,161
5,6,16:35:22,4,-1,1,AA7121,0,1,20
6,7,16:43:47,4,-1,1,AA7121,0,1,465
7,8,16:45:28,4,-1,2,AA7121,0,1,90
8,9,16:47:44,4,-1,1,AA7121,0,1,84
9,10,16:48:24,4,-1,1,AA7121,0,1,30
10,11,16:50:56,4,-1,1,AA7121,0,1,101
11,12,16:51:47,4,-1,1,AA7121,0,1,20
12,13,16:53:18,4,-1,1,AA7121,0,1,60
13,14,16:54:08,4,-1,2,AA7121,0,1,40
14,15,16:56:55,4,-1,-1,AA7121,0,1,55
15,16,16:58:46,4,-1,1,AA7121,0,1,70
16,17,17:05:56,4,-1,1,AA7121,0,1,378
17,18,17:07:17,4,-1,1,AA7121,0,1,30
18,19,17:12:00,4,-1,2,AA7121,0,1,242
19,20,17:15:24,4,-1,1,AA7121,0,1,122
20,21,17:21:48,4,-1,1,AA7121,0,1,353
21,22,17:24:35,4,-1,-1,AA7121,0,1,94
0,1,17:38:26,4,-1,-1,AA7121,0,1,50
1,2,17:40:38,4,-1,3,AA7121,0,1,80
2,3,17:44:04,4,-1,2,AA7121,0,1,125
3,4,17:46:27,4,-1,1,AA7121,0,1,91
4,5,17:50:40,4,-1,1,AA7121,0,1,161
5,6,17:52:23,4,-1,1,AA7121,0,1,30
6,7,18:01:27,4,-1,1,AA7121,0,1,513
7,8,18:03:08,4,-1,1,AA7121,0,1,90
8,9,18:04:39,4,-1,1,AA7121,0,1,40
9,10,18:05:42,4,-1,2,AA7121,0,1,32
10,11,18:12:38,4,-1,1,AA7121,0,1,364
11,12,18:13:49,4,-1,1,AA7121,0,1,20
12,13,18:15:54,4,-1,1,AA7121,0,1,74
13,14,18:17:15,4,-1,2,AA7121,0,1,50
14,15,18:19:07,4,-1,-1,AA7121,0,1,50
15,16,18:21:18,4,-1,-1,AA7121,0,1,80
16,17,18:28:56,4,-1,3,AA7121,0,1,448
17,18,18:30:17,4,-1,1,AA7121,0,1,30
18,19,18:37:29,4,-1,3,AA7121,0,1,371
19,20,18:41:23,4,-1,2,AA7121,0,1,81
20,21,18:44:56,4,-1,1,AA7121,0,1,162
21,22,18:47:58,4,-1,-1,AA7121,0,1,141
3,4,19:08:54,4,-1,1,AA7121,0,1,95
4,5,19:12:27,4,-1,1,AA7121,0,1,141
5,6,19:13:38,4,-1,1,AA7121,0,1,20
6,7,19:22:38,4,-1,1,AA7121,0,1,499
7,8,19:25:10,4,-1,2,AA7121,0,1,121
8,9,19:26:34,4,-1,1,AA7121,0,1,54
9,10,19:27:25,4,-1,1,AA7121,0,1,30
10,11,19:30:37,4,-1,1,AA7121,0,1,131
11,12,19:32:49,4,-1,1,AA7121,0,1,101
12,13,19:36:12,4,-1,1,AA7121,0,1,112
13,14,19:37:53,4,-1,2,AA7121,0,1,40
14,15,19:40:15,4,-1,-1,AA7121,0,1,30
15,16,19:43:17,4,-1,1,AA7121,0,1,111
16,17,19:50:16,4,-1,1,AA7121,0,1,378
17,18,19:51:37,4,-1,1,AA7121,0,1,30
18,19,19:55:39,4,-1,3,AA7121,0,1,212
19,20,19:58:34,4,-1,1,AA7121,0,1,123
20,21,20:01:48,4,-1,1,AA7121,0,1,152
21,22,20:04:09,4,-1,-1,AA7121,0,1,101
0,1,11:33:49,4,-1,-1,AA7149,0,1,91
1,2,11:35:34,4,-1,2,AA7149,0,1,51
2,3,11:37:56,4,-1,2,AA7149,0,1,81
3,4,11:40:38,4,-1,1,AA7149,0,1,111
4,5,11:44:17,4,-1,1,AA7149,0,1,127
5,6,11:45:28,4,-1,1,AA7149,0,1,20
6,7,11:53:45,4,-1,1,AA7149,0,1,456
7,8,11:56:28,4,-1,2,AA7149,0,1,132
8,9,11:58:20,4,-1,1,AA7149,0,1,71
9,10,11:59:00,4,-1,1,AA7149,0,1,30
10,11,12:01:55,4,-1,-1,AA7149,0,1,164
11,12,12:03:07,4,-1,-1,AA7149,0,1,20
12,13,12:04:48,4,-1,-1,AA7149,0,1,70
13,14,12:05:58,4,-1,1,AA7149,0,1,50
14,15,12:07:32,4,-1,-1,AA7149,0,1,42
15,16,12:10:04,4,-1,1,AA7149,0,1,131
16,17,12:16:52,4,-1,1,AA7149,0,1,367
17,18,12:18:13,4,-1,1,AA7149,0,1,20
18,19,12:23:07,4,-1,2,AA7149,0,1,212
19,20,12:25:28,4,-1,1,AA7149,0,1,70
20,21,12:28:31,4,-1,1,AA7149,0,1,162
21,22,12:30:34,4,-1,-1,AA7149,0,1,82
0,1,12:45:09,4,-1,-1,AA7149,0,1,60
1,2,12:47:43,4,-1,2,AA7149,0,1,50
2,3,12:50:36,4,-1,2,AA7149,0,1,81
3,4,12:52:47,4,-1,1,AA7149,0,1,60
4,5,12:56:10,4,-1,1,AA7149,0,1,131
5,6,12:57:22,4,-1,1,AA7149,0,1,20
6,7,13:06:08,4,-1,1,AA7149,0,1,465
7,8,13:08:00,4,-1,1,AA7149,0,1,101
8,9,13:09:13,4,-1,1,AA7149,0,1,53
9,10,13:10:25,4,-1,1,AA7149,0,1,30
10,11,13:13:59,4,-1,1,AA7149,0,1,203
11,12,13:15:00,4,-1,1,AA7149,0,1,30
12,13,13:17:45,4,-1,1,AA7149,0,1,131
13,14,13:20:17,4,-1,2,AA7149,0,1,131
14,15,13:22:39,4,-1,-1,AA7149,0,1,101
15,16,13:24:33,4,-1,1,AA7149,0,1,73
16,17,13:32:12,4,-1,1,AA7149,0,1,367
17,18,13:33:33,4,-1,1,AA7149,0,1,40
18,19,13:37:57,4,-1,3,AA7149,0,1,213
19,20,13:40:40,4,-1,1,AA7149,0,1,60
20,21,13:44:55,4,-1,1,AA7149,0,1,234
21,22,13:47:17,4,-1,-1,AA7149,0,1,80
0,1,13:57:38,4,-1,-1,AA7149,0,1,90
1,2,13:59:50,4,-1,3,AA7149,0,1,90
2,3,14:01:54,4,-1,2,AA7149,0,1,51
3,4,14:05:47,4,-1,1,AA7149,0,1,151
4,5,14:09:31,4,-1,1,AA7149,0,1,142
5,6,14:12:24,4,-1,1,AA7149,0,1,20
6,8,14:23:08,4,-1,2,AA7149,1,1,583
8,9,14:25:41,4,-1,1,AA7149,0,1,112
9,10,14:26:53,4,-1,1,AA7149,0,1,31
10,11,14:30:36,4,-1,1,AA7149,0,1,212
11,12,14:31:37,4,-1,3,AA7149,0,1,30
12,13,14:33:48,4,-1,3,AA7149,0,1,90
13,14,14:36:10,4,-1,2,AA7149,0,1,101
14,15,14:38:16,4,-1,-1,AA7149,0,1,40
15,16,14:42:19,4,-1,1,AA7149,0,1,212
16,17,14:49:26,4,-1,1,AA7149,0,1,366
17,18,14:51:18,4,-1,1,AA7149,0,1,50
18,19,14:56:05,4,-1,3,AA7149,0,1,266
19,20,14:59:38,4,-1,2,AA7149,0,1,101
20,21,15:03:35,4,-1,1,AA7149,0,1,186
21,22,15:05:57,4,-1,-1,AA7149,0,1,90
0,1,7:42:49,4,-1,-1,AA7195,0,1,121
1,2,7:44:53,4,-1,2,AA7195,0,1,20
2,3,7:47:55,4,-1,3,AA7195,0,1,141
3,4,7:52:19,4,-1,1,AA7195,0,1,192
4,5,7:56:02,4,-1,1,AA7195,0,1,132
5,6,7:57:23,4,-1,1,AA7195,0,1,30
6,8,8:07:47,4,-1,-1,AA7195,1,1,603
8,9,8:09:18,4,-1,1,AA7195,0,1,80
9,10,8:10:29,4,-1,1,AA7195,0,1,30
10,11,8:12:54,4,-1,1,AA7195,0,1,104
11,12,8:13:46,4,-1,1,AA7195,0,1,21
12,13,8:15:37,4,-1,1,AA7195,0,1,80
13,14,8:16:28,4,-1,2,AA7195,0,1,40
14,17,8:29:05,4,-1,1,AA7195,2,1,706
17,18,8:30:26,4,-1,1,AA7195,0,1,50
18,19,8:34:49,4,-1,2,AA7195,0,1,192
19,20,8:37:34,4,-1,2,AA7195,0,1,121
20,21,8:41:17,4,-1,1,AA7195,0,1,212
21,22,8:43:29,4,-1,-1,AA7195,0,1,121
0,1,8:58:11,4,-1,-1,AA7195,0,1,40
1,2,8:59:44,4,-1,3,AA7195,0,1,83
2,3,9:04:07,4,-1,3,AA7195,0,1,202
3,4,9:08:53,4,-1,1,AA7195,0,1,276
4,5,9:11:45,4,-1,1,AA7195,0,1,131
5,6,9:13:06,4,-1,1,AA7195,0,1,30
6,7,9:21:44,4,-1,1,AA7195,0,1,477
7,8,9:23:56,4,-1,2,AA7195,0,1,111
8,9,9:25:07,4,-1,1,AA7195,0,1,51
9,10,9:25:48,4,-1,1,AA7195,0,1,20
10,11,9:29:00,4,-1,1,AA7195,0,1,151
11,12,9:30:01,4,-1,1,AA7195,0,1,20
12,13,9:32:36,4,-1,1,AA7195,0,1,135
13,14,9:33:47,4,-1,1,AA7195,0,1,30
14,15,9:35:08,4,-1,-1,AA7195,0,1,50
15,17,9:44:38,4,-1,1,AA7195,1,1,550
17,18,9:45:59,4,-1,1,AA7195,0,1,10
18,19,9:50:46,4,-1,2,AA7195,0,1,223
19,20,9:53:17,4,-1,2,AA7195,0,1,80
20,22,9:59:16,4,-1,-1,AA7195,1,1,267
0,2,10:16:37,4,-1,2,AA7195,1,1,226
2,3,10:19:39,4,-1,2,AA7195,0,1,161
3,4,10:22:36,4,-1,1,AA7195,0,1,122
4,5,10:26:29,4,-1,1,AA7195,0,1,121
5,6,10:28:10,4,-1,1,AA7195,0,1,50
6,7,10:36:38,4,-1,1,AA7195,0,1,465
7,8,10:38:30,4,-1,2,AA7195,0,1,101
8,9,10:41:25,4,-1,-1,AA7195,0,1,124
9,10,10:42:15,4,-1,-1,AA7195,0,1,40
10,11,10:44:38,4,-1,-1,AA7195,0,1,112
11,12,10:45:19,4,-1,1,AA7195,0,1,30
12,13,10:47:00,4,-1,1,AA7195,0,1,91
13,14,10:47:43,4,-1,1,AA7195,0,1,33
14,15,10:49:25,4,-1,-1,AA7195,0,1,50
15,16,10:51:46,4,-1,1,AA7195,0,1,131
16,17,10:59:05,4,-1,1,AA7195,0,1,357
17,18,11:00:05,4,-1,1,AA7195,0,1,30
18,19,11:04:28,4,-1,2,AA7195,0,1,222
19,22,11:13:28,4,-1,-1,AA7195,2,1,469
0,1,11:27:35,4,-1,-1,AA7195,0,1,60
1,3,11:31:58,4,-1,2,AA7195,1,1,242
3,4,11:34:52,4,-1,1,AA7195,0,1,164
4,5,11:38:26,4,-1,1,AA7195,0,1,141
5,6,11:39:37,4,-1,1,AA7195,0,1,50
6,7,11:48:10,4,-1,2,AA7195,0,1,472
7,8,11:49:52,4,-1,2,AA7195,0,1,91
8,9,11:52:14,4,-1,1,AA7195,0,1,90
9,10,11:53:15,4,-1,1,AA7195,0,1,20
10,11,11:55:58,4,-1,1,AA7195,0,1,122
11,12,11:56:59,4,-1,1,AA7195,0,1,30
12,13,11:59:00,4,-1,1,AA7195,0,1,81
13,14,11:59:54,4,-1,1,AA7195,0,1,33
14,15,12:01:45,4,-1,-1,AA7195,0,1,50
15,16,12:04:27,4,-1,-1,AA7195,0,1,151
16,17,12:11:35,4,-1,1,AA7195,0,1,367
17,18,12:12:37,4,-1,1,AA7195,0,1,31
18,19,12:16:52,4,-1,3,AA7195,0,1,224
19,20,12:21:15,4,-1,1,AA7195,0,1,181
20,21,12:23:57,4,-1,1,AA7195,0,1,151
21,22,12:26:09,4,-1,-1,AA7195,0,1,111
0,1,15:41:47,4,-1,-1,AA7195,0,1,70
1,2,15:44:10,4,-1,-1,AA7195,0,1,81
2,3,15:47:34,4,-1,2,AA7195,0,1,133
3,4,15:50:26,4,-1,1,AA7195,0,1,141
4,5,15:54:09,4,-1,1,AA7195,0,1,212
5,6,15:55:43,4,-1,1,AA7195,0,1,20
6,7,16:04:34,4,-1,1,AA7195,0,1,480
7,8,16:05:45,4,-1,2,AA7195,0,1,30
8,9,16:07:17,4,-1,1,AA7195,0,1,61
9,10,16:07:58,4,-1,1,AA7195,0,1,20
10,13,16:13:53,4,-1,1,AA7195,2,1,315
13,14,16:15:19,4,-1,2,AA7195,0,1,74
14,15,16:16:39,4,-1,-1,AA7195,0,1,30
15,16,16:18:43,4,-1,1,AA7195,0,1,113
16,17,16:26:43,4,-1,1,AA7195,0,1,469
17,18,16:28:05,4,-1,1,AA7195,0,1,51
18,19,16:32:18,4,-1,2,AA7195,0,1,222
19,20,16:35:22,4,-1,1,AA7195,0,1,92
20,21,16:37:33,4,-1,1,AA7195,0,1,121
21,22,16:39:45,4,-1,-1,AA7195,0,1,111
0,1,16:58:26,4,-1,-1,AA7195,0,1,101
1,2,16:59:57,4,-1,2,AA7195,0,1,71
2,3,17:02:09,4,-1,2,AA7195,0,1,91
3,4,17:05:15,4,-1,1,AA7195,0,1,146
4,18,17:09:59,4,-1,1,AA7195,1,1,192
6,7,17:19:47,4,-1,2,AA7195,0,1,578
7,8,17:21:38,4,-1,2,AA7195,0,1,101
8,9,17:23:34,4,-1,1,AA7195,0,1,95
9,10,17:24:55,4,-1,1,AA7195,0,1,60
10,12,17:28:07,4,-1,1,AA7195,1,1,141
12,13,17:30:29,4,-1,1,AA7195,0,1,101
13,14,17:31:40,4,-1,2,AA7195,0,1,30
14,15,17:33:22,4,-1,-1,AA7195,0,1,40
15,16,17:37:15,4,-1,1,AA7195,0,1,212
16,17,17:44:24,4,-1,1,AA7195,0,1,378
17,18,17:45:56,4,-1,1,AA7195,0,1,41
18,19,17:51:32,4,-1,3,AA7195,0,1,244
19,20,17:55:15,4,-1,1,AA7195,0,1,101
20,21,17:59:36,4,-1,1,AA7195,0,1,216
21,22,18:01:57,4,-1,-1,AA7195,0,1,111
7,8,18:41:13,4,-1,2,AA7195,0,1,80
8,9,18:42:34,4,-1,1,AA7195,0,1,60
9,10,18:43:25,4,-1,1,AA7195,0,1,30
10,11,18:49:09,4,-1,1,AA7195,0,1,323
11,12,18:50:10,4,-1,2,AA7195,0,1,20
12,13,18:52:35,4,-1,1,AA7195,0,1,101
13,14,18:54:26,4,-1,3,AA7195,0,1,80
14,15,18:58:49,4,-1,-1,AA7195,0,1,50
15,16,19:01:15,4,-1,1,AA7195,0,1,125
16,17,19:08:20,4,-1,1,AA7195,0,1,354
17,18,19:09:35,4,-1,1,AA7195,0,1,30
18,19,19:14:28,4,-1,3,AA7195,0,1,253
19,20,19:16:43,4,-1,2,AA7195,0,1,63
20,21,19:18:25,4,-1,1,AA7195,0,1,92
21,22,19:20:16,4,-1,-1,AA7195,0,1,101
0,1,19:38:44,4,-1,-1,AA7195,0,1,80
1,2,19:40:46,4,-1,3,AA7195,0,1,101
2,3,19:42:37,4,-1,2,AA7195,0,1,90
3,4,19:43:48,4,-1,1,AA7195,0,1,30
4,5,19:47:20,4,-1,1,AA7195,0,1,131
5,6,19:48:34,4,-1,1,AA7195,0,1,10
6,7,19:57:33,4,-1,1,AA7195,0,1,498
7,8,20:00:07,4,-1,2,AA7195,0,1,142
8,9,20:02:18,4,-1,1,AA7195,0,1,80
9,10,20:03:09,4,-1,1,AA7195,0,1,40
10,11,20:07:24,4,-1,1,AA7195,0,1,143
11,12,20:08:34,4,-1,1,AA7195,0,1,20
12,13,20:10:25,4,-1,1,AA7195,0,1,70
13,14,20:11:36,4,-1,1,AA7195,0,1,30
14,15,20:13:17,4,-1,-1,AA7195,0,1,50
15,16,20:15:59,4,-1,1,AA7195,0,1,151
16,17,20:23:29,4,-1,1,AA7195,0,1,378
17,18,20:24:34,4,-1,1,AA7195,0,1,43
18,19,20:29:08,4,-1,2,AA7195,0,1,223
19,22,20:38:16,4,-1,-1,AA7195,2,1,436
0,1,7:28:07,4,-1,-1,AA7242,0,1,80
1,2,7:29:58,4,-1,1,AA7242,0,1,30
2,3,7:33:21,4,-1,2,AA7242,0,1,91
3,4,7:34:44,4,-1,1,AA7242,0,1,30
4,5,7:38:47,4,-1,1,AA7242,0,1,161
5,6,7:40:08,4,-1,1,AA7242,0,1,20
6,7,7:48:56,4,-1,1,AA7242,0,1,488
7,8,7:51:38,4,-1,2,AA7242,0,1,141
8,9,7:52:59,4,-1,1,AA7242,0,1,40
9,10,7:54:10,4,-1,1,AA7242,0,1,30
10,11,7:55:32,4,-1,1,AA7242,0,1,50
11,12,7:56:13,4,-1,1,AA7242,0,1,30
12,13,7:57:44,4,-1,1,AA7242,0,1,60
13,14,7:58:44,4,-1,1,AA7242,0,1,30
14,15,8:00:15,4,-1,-1,AA7242,0,1,40
15,16,8:03:14,4,-1,1,AA7242,0,1,144
16,17,8:10:19,4,-1,1,AA7242,0,1,384
17,18,8:11:20,4,-1,1,AA7242,0,1,30
18,19,8:15:37,4,-1,3,AA7242,0,1,215
19,20,8:20:04,4,-1,2,AA7242,0,1,175
20,21,8:24:29,4,-1,-1,AA7242,0,1,244
21,22,8:27:34,4,-1,-1,AA7242,0,1,174
0,1,8:40:57,4,-1,-1,AA7242,0,1,111
1,2,8:43:08,4,-1,3,AA7242,0,1,111
2,3,8:46:02,4,-1,3,AA7242,0,1,92
3,4,8:48:44,4,-1,1,AA7242,0,1,111
4,5,8:53:27,4,-1,1,AA7242,0,1,161
5,6,8:55:08,4,-1,1,AA7242,0,1,30
6,7,9:04:07,4,-1,2,AA7242,0,1,487
7,8,9:06:39,4,-1,2,AA7242,0,1,111
8,9,9:08:33,4,-1,1,AA7242,0,1,93
9,10,9:09:13,4,-1,1,AA7242,0,1,30
10,11,9:11:05,4,-1,1,AA7242,0,1,70
11,12,9:12:26,4,-1,2,AA7242,0,1,30
12,13,9:14:57,4,-1,3,AA7242,0,1,131
13,14,9:15:58,4,-1,1,AA7242,0,1,40
14,15,9:17:19,4,-1,-1,AA7242,0,1,40
15,17,9:26:48,4,-1,1,AA7242,1,1,538
17,18,9:27:59,4,-1,1,AA7242,0,1,20
18,19,9:32:26,4,-1,2,AA7242,0,1,226
19,20,9:35:18,4,-1,2,AA7242,0,1,70
20,21,9:38:41,4,-1,1,AA7242,0,1,193
21,22,9:40:46,4,-1,-1,AA7242,0,1,94
0,1,9:56:44,4,-1,-1,AA7242,0,1,94
1,2,9:58:35,4,-1,3,AA7242,0,1,60
2,3,10:01:38,4,-1,-1,AA7242,0,1,122
3,4,10:03:09,4,-1,-1,AA7242,0,1,40
4,5,10:06:25,4,-1,1,AA7242,0,1,134
5,6,10:07:56,4,-1,1,AA7242,0,1,30
6,7,10:18:18,4,-1,1,AA7242,0,1,580
7,8,10:20:34,4,-1,2,AA7242,0,1,115
8,9,10:22:56,4,-1,1,AA7242,0,1,71
9,10,10:24:07,4,-1,1,AA7242,0,1,30
10,11,10:26:18,4,-1,1,AA7242,0,1,80
11,12,10:27:19,4,-1,1,AA7242,0,1,20
12,13,10:29:03,4,-1,1,AA7242,0,1,73
13,14,10:31:15,4,-1,1,AA7242,0,1,101
14,15,10:33:36,4,-1,-1,AA7242,0,1,50
15,16,10:36:08,4,-1,1,AA7242,0,1,121
16,17,10:43:37,4,-1,-1,AA7242,0,1,388
17,18,10:44:59,4,-1,-1,AA7242,0,1,50
18,19,10:49:14,4,-1,2,AA7242,0,1,225
19,20,10:53:07,4,-1,1,AA7242,0,1,141
20,21,10:56:29,4,-1,1,AA7242,0,1,181
21,22,10:58:54,4,-1,-1,AA7242,0,1,104
0,1,11:13:08,4,-1,-1,AA7242,0,1,90
1,2,11:15:31,4,-1,3,AA7242,0,1,62
2,3,11:17:55,4,-1,2,AA7242,0,1,92
3,4,11:20:37,4,-1,1,AA7242,0,1,80
4,5,11:24:12,4,-1,1,AA7242,0,1,123
5,6,11:25:23,4,-1,1,AA7242,0,1,20
6,7,11:34:42,4,-1,1,AA7242,0,1,498
7,8,11:36:55,4,-1,2,AA7242,0,1,122
8,9,11:38:36,4,-1,1,AA7242,0,1,50
9,10,11:39:27,4,-1,1,AA7242,0,1,30
10,11,11:41:09,4,-1,1,AA7242,0,1,81
11,12,11:42:09,4,-1,1,AA7242,0,1,20
12,13,11:43:57,4,-1,1,AA7242,0,1,74
13,14,11:44:58,4,-1,1,AA7242,0,1,30
14,15,11:46:49,4,-1,-1,AA7242,0,1,40
15,16,11:50:12,4,-1,1,AA7242,0,1,112
16,17,11:57:50,4,-1,1,AA7242,0,1,396
17,18,11:59:00,4,-1,1,AA7242,0,1,20
18,19,12:03:17,4,-1,-1,AA7242,0,1,212
19,20,12:05:28,4,-1,1,AA7242,0,1,60
20,21,12:09:44,4,-1,1,AA7242,0,1,195
21,22,12:12:06,4,-1,-1,AA7242,0,1,91
0,1,10:29:23,4,-1,-1,AA7341,0,1,40
1,2,10:31:35,4,-1,2,AA7341,0,1,121
2,3,10:33:56,4,-1,2,AA7341,0,1,90
3,4,10:36:49,4,-1,1,AA7341,0,1,91
4,5,10:40:24,4,-1,-1,AA7341,0,1,144
5,6,10:41:45,4,-1,-1,AA7341,0,1,30
6,7,10:50:15,4,-1,1,AA7341,0,1,469
7,8,10:52:27,4,-1,2,AA7341,0,1,121
8,9,10:53:58,4,-1,1,AA7341,0,1,60
9,10,10:54:38,4,-1,1,AA7341,0,1,30
10,11,10:56:09,4,-1,1,AA7341,0,1,80
11,12,10:57:10,4,-1,1,AA7341,0,1,30
12,13,10:58:34,4,-1,1,AA7341,0,1,51
13,14,10:59:15,4,-1,1,AA7341,0,1,30
14,15,11:00:56,4,-1,-1,AA7341,0,1,60
15,16,11:02:57,4,-1,1,AA7341,0,1,90
16,17,11:09:46,4,-1,1,AA7341,0,1,367
17,18,11:10:56,4,-1,1,AA7341,0,1,40
18,19,11:15:09,4,-1,2,AA7341,0,1,212
19,20,11:17:14,4,-1,1,AA7341,0,1,40
20,21,11:21:48,4,-1,1,AA7341,0,1,223
21,22,11:23:52,4,-1,-1,AA7341,0,1,93
0,1,12:14:18,4,-1,-1,AA7341,0,1,101
1,2,12:17:43,4,-1,2,AA7341,0,1,113
2,3,12:19:34,4,-1,2,AA7341,0,1,50
3,4,12:21:05,4,-1,1,AA7341,0,1,40
4,5,12:24:17,4,-1,1,AA7341,0,1,131
5,6,12:25:38,4,-1,1,AA7341,0,1,20
6,7,12:35:08,4,-1,1,AA7341,0,1,468
7,8,12:37:09,4,-1,2,AA7341,0,1,101
8,9,12:38:32,4,-1,1,AA7341,0,1,52
9,10,12:39:44,4,-1,1,AA7341,0,1,31
10,11,12:43:08,4,-1,1,AA7341,0,1,162
11,12,12:44:08,4,-1,1,AA7341,0,1,30
12,13,12:45:50,4,-1,1,AA7341,0,1,81
13,14,12:48:43,4,-1,2,AA7341,0,1,121
14,15,12:52:27,4,-1,-1,AA7341,0,1,162
15,16,12:54:28,4,-1,1,AA7341,0,1,111
16,17,13:01:05,4,-1,1,AA7341,0,1,376
17,18,13:02:16,4,-1,1,AA7341,0,1,40
18,19,13:06:49,4,-1,2,AA7341,0,1,242
19,20,13:09:43,4,-1,1,AA7341,0,1,154
20,21,13:12:38,4,-1,1,AA7341,0,1,163
21,22,13:15:20,4,-1,-1,AA7341,0,1,121
0,1,13:27:06,4,-1,-1,AA7341,0,1,80
1,2,13:28:28,4,-1,3,AA7341,0,1,71
2,3,13:30:39,4,-1,2,AA7341,0,1,50
3,4,13:32:53,4,-1,1,AA7341,0,1,60
4,5,13:36:16,4,-1,1,AA7341,0,1,193
5,6,13:37:37,4,-1,1,AA7341,0,1,30
6,7,13:47:17,4,-1,2,AA7341,0,1,549
7,8,13:49:39,4,-1,2,AA7341,0,1,121
8,9,13:51:23,4,-1,1,AA7341,0,1,83
9,10,13:52:04,4,-1,1,AA7341,0,1,30
10,11,13:53:56,4,-1,1,AA7341,0,1,91
11,12,13:54:46,4,-1,1,AA7341,0,1,30
12,13,13:56:27,4,-1,1,AA7341,0,1,80
13,14,13:57:38,4,-1,1,AA7341,0,1,40
14,15,13:59:29,4,-1,-1,AA7341,0,1,50
15,16,14:02:35,4,-1,1,AA7341,0,1,165
16,17,14:09:51,4,-1,1,AA7341,0,1,395
17,18,14:12:14,4,-1,1,AA7341,0,1,30
18,19,14:16:47,4,-1,2,AA7341,0,1,232
19,20,14:19:10,4,-1,1,AA7341,0,1,51
20,21,14:23:18,4,-1,1,AA7341,0,1,238
21,22,14:25:41,4,-1,-1,AA7341,0,1,122
0,2,7:18:15,4,-1,2,AA7367,1,1,2167
2,3,7:19:57,4,-1,2,AA7367,0,1,40
3,4,7:22:09,4,-1,1,AA7367,0,1,80
4,5,7:25:35,4,-1,1,AA7367,0,1,111
5,6,7:27:06,4,-1,1,AA7367,0,1,20
6,7,7:35:14,4,-1,2,AA7367,0,1,447
7,8,7:37:16,4,-1,2,AA7367,0,1,101
8,9,7:38:47,4,-1,1,AA7367,0,1,60
9,10,7:39:57,4,-1,1,AA7367,0,1,30
10,11,7:42:49,4,-1,1,AA7367,0,1,151
11,12,7:43:53,4,-1,1,AA7367,0,1,32
12,13,7:45:34,4,-1,1,AA7367,0,1,70
13,14,7:46:35,4,-1,1,AA7367,0,1,30
14,15,7:48:36,4,-1,-1,AA7367,0,1,40
15,16,7:51:28,4,-1,1,AA7367,0,1,131
16,17,7:57:54,4,-1,1,AA7367,0,1,365
17,18,7:59:35,4,-1,1,AA7367,0,1,50
18,19,8:03:34,4,-1,3,AA7367,0,1,209
19,20,8:06:57,4,-1,2,AA7367,0,1,141
20,21,8:09:49,4,-1,1,AA7367,0,1,91
21,22,8:12:02,4,-1,-1,AA7367,0,1,92
0,1,8:28:14,4,-1,-1,AA7367,0,1,920
1,2,8:30:26,4,-1,3,AA7367,0,1,111
2,3,8:32:17,4,-1,3,AA7367,0,1,50
3,4,8:36:54,4,-1,1,AA7367,0,1,185
4,5,8:41:07,4,-1,1,AA7367,0,1,141
5,6,8:42:28,4,-1,1,AA7367,0,1,30
6,7,8:51:46,4,-1,2,AA7367,0,1,517
7,8,8:54:08,4,-1,2,AA7367,0,1,131
8,9,8:55:39,4,-1,1,AA7367,0,1,60
9,10,8:57:00,4,-1,1,AA7367,0,1,40
10,11,8:59:03,4,-1,1,AA7367,0,1,93
11,12,8:59:54,4,-1,2,AA7367,0,1,20
12,13,9:03:16,4,-1,3,AA7367,0,1,111
13,14,9:04:27,4,-1,2,AA7367,0,1,40
14,15,9:05:18,4,-1,-1,AA7367,0,1,30
15,16,9:08:11,4,-1,1,AA7367,0,1,122
16,17,9:14:37,4,-1,1,AA7367,0,1,364
17,18,9:15:38,4,-1,1,AA7367,0,1,30
18,19,9:20:03,4,-1,3,AA7367,0,1,224
19,20,9:22:24,4,-1,2,AA7367,0,1,111
20,21,9:24:37,4,-1,1,AA7367,0,1,122
21,22,9:29:20,4,-1,-1,AA7367,0,1,111
0,1,9:47:32,4,-1,-1,AA7367,0,1,997
1,2,9:49:15,4,-1,3,AA7367,0,1,52
2,3,9:51:46,4,-1,3,AA7367,0,1,91
3,4,9:54:28,4,-1,1,AA7367,0,1,121
4,5,9:58:15,4,-1,1,AA7367,0,1,135
5,6,9:59:36,4,-1,1,AA7367,0,1,20
6,7,10:08:06,4,-1,1,AA7367,0,1,459
7,8,10:10:26,4,-1,1,AA7367,0,1,87
8,9,10:12:19,4,-1,1,AA7367,0,1,92
9,10,10:13:11,4,-1,1,AA7367,0,1,41
10,11,10:15:27,4,-1,1,AA7367,0,1,102
11,12,10:16:17,4,-1,1,AA7367,0,1,30
12,14,10:18:39,4,-1,1,AA7367,1,1,111
14,15,10:19:49,4,-1,-1,AA7367,0,1,30
15,16,10:22:05,4,-1,1,AA7367,0,1,104
16,17,10:28:33,4,-1,1,AA7367,0,1,356
17,18,10:30:04,4,-1,1,AA7367,0,1,50
18,19,10:34:07,4,-1,2,AA7367,0,1,202
19,20,10:37:29,4,-1,1,AA7367,0,1,80
20,21,10:40:54,4,-1,-1,AA7367,0,1,174
21,22,10:42:56,4,-1,-1,AA7367,0,1,101
0,1,11:00:05,4,-1,-1,AA7367,0,1,927
1,2,11:02:37,4,-1,2,AA7367,0,1,90
2,3,11:04:28,4,-1,2,AA7367,0,1,60
3,4,11:06:40,4,-1,1,AA7367,0,1,70
4,5,11:10:26,4,-1,1,AA7367,0,1,141
5,6,11:11:37,4,-1,1,AA7367,0,1,20
6,7,11:20:07,4,-1,1,AA7367,0,1,469
7,8,11:21:59,4,-1,1,AA7367,0,1,101
8,9,11:25:33,4,-1,1,AA7367,0,1,164
9,10,11:26:34,4,-1,1,AA7367,0,1,30
10,11,11:29:57,4,-1,1,AA7367,0,1,192
11,12,11:30:57,4,-1,1,AA7367,0,1,20
12,13,11:32:49,4,-1,1,AA7367,0,1,80
13,14,11:33:39,4,-1,1,AA7367,0,1,40
14,15,11:35:23,4,-1,-1,AA7367,0,1,40
15,16,11:38:26,4,-1,1,AA7367,0,1,152
16,17,11:45:38,4,-1,1,AA7367,0,1,401
17,18,11:46:59,4,-1,1,AA7367,0,1,20
18,20,11:58:00,4,-1,1,AA7367,1,1,599
20,21,12:00:04,4,-1,1,AA7367,0,1,63
21,22,12:02:26,4,-1,-1,AA7367,0,1,131
0,1,14:44:43,4,-1,-1,AA7367,0,1,407
1,2,14:47:55,4,-1,2,AA7367,0,1,80
2,3,14:51:18,4,-1,2,AA7367,0,1,141
3,4,14:55:24,4,-1,1,AA7367,0,1,185
4,5,14:58:47,4,-1,1,AA7367,0,1,192
5,6,15:00:19,4,-1,1,AA7367,0,1,20
6,7,15:09:39,4,-1,1,AA7367,0,1,499
7,8,15:12:35,4,-1,2,AA7367,0,1,155
8,9,15:14:57,4,-1,1,AA7367,0,1,80
9,10,15:15:58,4,-1,1,AA7367,0,1,30
10,11,15:20:55,4,-1,1,AA7367,0,1,277
11,12,15:22:06,4,-1,2,AA7367,0,1,30
12,13,15:25:28,4,-1,2,AA7367,0,1,101
13,14,15:26:49,4,-1,2,AA7367,0,1,40
14,15,15:29:43,4,-1,-1,AA7367,0,1,30
15,16,15:32:15,4,-1,1,AA7367,0,1,121
16,17,15:39:14,4,-1,1,AA7367,0,1,379
17,18,15:40:25,4,-1,-1,AA7367,0,1,30
18,19,15:45:21,4,-1,3,AA7367,0,1,233
19,20,15:48:45,4,-1,2,AA7367,0,1,131
20,21,15:51:38,4,-1,1,AA7367,0,1,121
21,22,15:54:09,4,-1,-1,AA7367,0,1,101
0,1,16:02:29,4,-1,-1,AA7367,0,1,60
1,2,16:05:04,4,-1,3,AA7367,0,1,104
2,3,16:06:37,4,-1,3,AA7367,0,1,51
3,4,16:09:08,4,-1,1,AA7367,0,1,80
4,5,16:12:22,4,-1,1,AA7367,0,1,122
5,6,16:13:23,4,-1,1,AA7367,0,1,20
6,7,16:21:56,4,-1,1,AA7367,0,1,472
7,8,16:23:27,4,-1,2,AA7367,0,1,70
8,9,16:25:29,4,-1,1,AA7367,0,1,91
9,10,16:26:20,4,-1,1,AA7367,0,1,30
10,11,16:29:16,4,-1,1,AA7367,0,1,112
11,12,16:30:17,4,-1,1,AA7367,0,1,20
12,13,16:31:38,4,-1,1,AA7367,0,1,60
13,14,16:32:59,4,-1,2,AA7367,0,1,40
14,15,16:35:12,4,-1,-1,AA7367,0,1,30
15,16,16:38:04,4,-1,1,AA7367,0,1,141
16,17,16:45:18,4,-1,1,AA7367,0,1,384
17,18,16:46:29,4,-1,1,AA7367,0,1,20
18,19,16:51:16,4,-1,3,AA7367,0,1,222
19,20,16:53:58,4,-1,1,AA7367,0,1,90
20,21,16:59:06,4,-1,1,AA7367,0,1,288
21,22,17:01:08,4,-1,-1,AA7367,0,1,91
0,1,17:15:34,4,-1,-1,AA7367,0,1,122
1,2,17:18:26,4,-1,2,AA7367,0,1,101
2,3,17:21:18,4,-1,2,AA7367,0,1,101
3,4,17:26:06,4,-1,1,AA7367,0,1,207
4,5,17:29:48,4,-1,1,AA7367,0,1,151
5,6,17:31:09,4,-1,1,AA7367,0,1,20
6,8,17:42:19,4,-1,2,AA7367,1,1,629
8,9,17:44:04,4,-1,1,AA7367,0,1,64
9,10,17:45:15,4,-1,1,AA7367,0,1,30
10,11,17:51:00,4,-1,1,AA7367,0,1,323
11,12,17:52:33,4,-1,1,AA7367,0,1,30
12,13,17:54:24,4,-1,1,AA7367,0,1,60
13,14,17:55:59,4,-1,2,AA7367,0,1,54
14,15,17:58:04,4,-1,-1,AA7367,0,1,43
15,16,18:06:13,4,-1,1,AA7367,0,1,468
16,17,18:14:29,4,-1,1,AA7367,0,1,394
17,18,18:16:04,4,-1,1,AA7367,0,1,30
18,19,18:27:15,4,-1,3,AA7367,0,1,579
19,20,18:31:59,4,-1,2,AA7367,0,1,172
20,21,18:37:29,4,-1,1,AA7367,0,1,310
21,22,18:40:02,4,-1,-1,AA7367,0,1,80
11,12,19:07:09,4,-1,2,AA7367,0,1,40
12,13,19:10:56,4,-1,1,AA7367,0,1,101
13,14,19:14:18,4,-1,2,AA7367,0,1,141
14,15,19:17:03,4,-1,-1,AA7367,0,1,53
15,16,19:20:27,4,-1,1,AA7367,0,1,151
16,17,19:27:15,4,-1,2,AA7367,0,1,367
17,18,19:28:56,4,-1,1,AA7367,0,1,40
18,19,19:33:49,4,-1,2,AA7367,0,1,252
19,21,19:40:25,4,-1,1,AA7367,1,1,334
21,22,19:43:37,4,-1,-1,AA7367,0,1,131
0,1,20:30:49,4,-1,-1,AA7367,0,1,30
1,2,20:32:30,4,-1,2,AA7367,0,1,70
2,3,20:35:44,4,-1,2,AA7367,0,1,131
3,4,20:36:45,4,-1,1,AA7367,0,1,20
4,5,20:39:36,4,-1,1,AA7367,0,1,131
5,6,20:40:47,4,-1,1,AA7367,0,1,20
6,7,20:50:57,4,-1,2,AA7367,0,1,558
7,8,20:52:58,4,-1,2,AA7367,0,1,111
8,9,20:54:19,4,-1,1,AA7367,0,1,50
9,10,20:55:09,4,-1,1,AA7367,0,1,30
10,11,20:57:53,4,-1,1,AA7367,0,1,153
11,12,20:58:54,4,-1,1,AA7367,0,1,30
12,13,21:00:55,4,-1,1,AA7367,0,1,70
13,14,21:02:06,4,-1,1,AA7367,0,1,40
14,15,21:04:17,4,-1,-1,AA7367,0,1,40
15,16,21:06:29,4,-1,1,AA7367,0,1,111
16,17,21:13:16,4,-1,3,AA7367,0,1,366
17,18,21:14:37,4,-1,1,AA7367,0,1,40
18,19,21:19:00,4,-1,2,AA7367,0,1,232
19,20,21:22:54,4,-1,1,AA7367,0,1,90
20,21,21:26:16,4,-1,1,AA7367,0,1,141
21,22,21:28:27,4,-1,-1,AA7367,0,1,80
0,1,21:46:26,4,-1,-1,AA7367,0,1,40
1,2,21:48:17,4,-1,2,AA7367,0,1,70
2,3,21:50:59,4,-1,2,AA7367,0,1,80
3,4,21:53:22,4,-1,1,AA7367,0,1,102
4,5,21:56:07,4,-1,1,AA7367,0,1,132
5,6,21:57:18,4,-1,1,AA7367,0,1,20
6,8,22:08:08,4,-1,2,AA7367,1,1,619
8,9,22:09:29,4,-1,1,AA7367,0,1,50
9,10,22:10:09,4,-1,1,AA7367,0,1,20
10,11,22:12:42,4,-1,1,AA7367,0,1,122
11,12,22:13:43,4,-1,1,AA7367,0,1,30
12,13,22:14:54,4,-1,1,AA7367,0,1,50
13,14,22:16:15,4,-1,1,AA7367,0,1,40
14,15,22:18:06,4,-1,-1,AA7367,0,1,40
15,16,22:20:58,4,-1,1,AA7367,0,1,151
16,17,22:27:24,4,-1,3,AA7367,0,1,356
17,18,22:28:25,4,-1,1,AA7367,0,1,30
18,19,22:32:28,4,-1,2,AA7367,0,1,213
19,20,22:35:55,4,-1,1,AA7367,0,1,146
20,21,22:39:17,4,-1,1,AA7367,0,1,192
21,22,22:41:09,4,-1,-1,AA7367,0,1,80
0,1,22:57:25,4,-1,-1,AA7367,0,1,70
1,2,22:58:56,4,-1,2,AA7367,0,1,50
2,3,23:01:39,4,-1,-1,AA7367,0,1,152
3,4,23:03:55,4,-1,-1,AA7367,0,1,50
4,5,23:07:27,4,-1,1,AA7367,0,1,121
5,6,23:10:09,4,-1,1,AA7367,0,1,101
6,7,23:18:29,4,-1,1,AA7367,0,1,468
7,8,23:20:20,4,-1,2,AA7367,0,1,90
8,9,23:21:32,4,-1,1,AA7367,0,1,50
9,10,23:22:13,4,-1,1,AA7367,0,1,20
10,11,23:23:44,4,-1,1,AA7367,0,1,70
11,12,23:24:44,4,-1,1,AA7367,0,1,20
12,13,23:26:17,4,-1,1,AA7367,0,1,51
13,14,23:27:27,4,-1,1,AA7367,0,1,50
14,15,23:29:29,4,-1,-1,AA7367,0,1,40
15,16,23:31:53,4,-1,1,AA7367,0,1,112
16,17,23:38:29,4,-1,1,AA7367,0,1,366
17,18,23:40:02,4,-1,1,AA7367,0,1,30
18,19,23:44:15,4,-1,2,AA7367,0,1,212
19,20,23:45:56,4,-1,1,AA7367,0,1,50
20,21,23:47:59,4,-1,1,AA7367,0,1,92
21,22,23:50:20,4,-1,-1,AA7367,0,1,101
0,1,6:01:26,4,-1,-1,AA7480,0,1,30
2,3,6:04:48,4,-1,2,AA7480,0,1,20
3,4,6:07:10,4,-1,1,AA7480,0,1,90
4,5,6:09:33,4,-1,1,AA7480,0,1,92
5,6,6:10:34,4,-1,1,AA7480,0,1,30
6,8,6:20:20,4,-1,-1,AA7480,1,1,535
8,9,6:21:43,4,-1,1,AA7480,0,1,40
9,10,6:22:53,4,-1,1,AA7480,0,1,40
10,11,6:24:24,4,-1,1,AA7480,0,1,50
11,12,6:25:25,4,-1,1,AA7480,0,1,30
12,13,6:26:36,4,-1,1,AA7480,0,1,50
13,14,6:27:16,4,-1,1,AA7480,0,1,30
14,15,6:28:27,4,-1,-1,AA7480,0,1,20
15,16,6:30:18,4,-1,1,AA7480,0,1,90
16,17,6:37:04,4,-1,1,AA7480,0,1,365
17,18,6:37:55,4,-1,1,AA7480,0,1,30
18,19,6:41:37,4,-1,2,AA7480,0,1,182
19,20,7:03:37,4,-1,2,AA7480,0,1,1259
21,22,7:53:19,4,-1,-1,AA7480,0,1,101
0,1,8:01:40,4,-1,-1,AA7480,0,1,84
1,2,8:04:35,4,-1,3,AA7480,0,1,81
2,3,8:08:08,4,-1,3,AA7480,0,1,131
3,4,8:12:34,4,-1,2,AA7480,0,1,32
4,5,8:16:08,4,-1,1,AA7480,0,1,121
5,6,8:17:39,4,-1,1,AA7480,0,1,30
6,8,8:27:54,4,-1,1,AA7480,1,1,574
8,9,8:29:25,4,-1,1,AA7480,0,1,60
9,10,8:30:46,4,-1,1,AA7480,0,1,20
10,11,8:32:48,4,-1,1,AA7480,0,1,81
11,12,8:33:59,4,-1,1,AA7480,0,1,30
12,14,8:39:05,4,-1,2,AA7480,1,1,192
14,15,8:40:47,4,-1,-1,AA7480,0,1,30
15,16,8:46:02,4,-1,1,AA7480,0,1,285
16,17,8:53:07,4,-1,1,AA7480,0,1,394
17,18,8:54:28,4,-1,1,AA7480,0,1,40
18,19,8:59:13,4,-1,3,AA7480,0,1,245
19,20,9:05:38,4,-1,2,AA7480,0,1,333
20,21,9:07:40,4,-1,1,AA7480,0,1,112
21,22,9:09:54,4,-1,-1,AA7480,0,1,103
0,1,9:16:49,4,-1,-1,AA7480,0,1,60
1,3,9:21:14,4,-1,3,AA7480,1,1,254
3,4,9:27:39,4,-1,1,AA7480,0,1,182
4,5,9:31:35,4,-1,1,AA7480,0,1,135
5,6,9:33:17,4,-1,1,AA7480,0,1,80
6,8,9:43:58,4,-1,2,AA7480,1,1,611
8,9,9:44:59,4,-1,1,AA7480,0,1,50
9,10,9:46:52,4,-1,1,AA7480,0,1,102
10,13,9:51:56,4,-1,1,AA7480,2,1,274
13,15,9:54:08,4,-1,-1,AA7480,1,1,121
15,17,10:02:49,4,-1,-1,AA7480,1,1,511
17,18,10:03:40,4,-1,-1,AA7480,0,1,30
18,19,10:08:16,4,-1,2,AA7480,0,1,235
19,21,10:14:05,4,-1,1,AA7480,1,1,316
21,22,10:16:17,4,-1,-1,AA7480,0,1,122
0,1,11:06:09,4,-1,-1,AA7480,0,1,80
1,2,11:07:20,4,-1,2,AA7480,0,1,20
2,3,11:09:46,4,-1,2,AA7480,0,1,101
3,4,11:11:07,4,-1,1,AA7480,0,1,30
4,18,11:15:31,4,-1,1,AA7480,1,1,204
6,7,11:24:12,4,-1,1,AA7480,0,1,510
7,8,11:27:05,4,-1,1,AA7480,0,1,152
8,9,11:28:46,4,-1,1,AA7480,0,1,80
9,10,11:29:46,4,-1,1,AA7480,0,1,30
10,11,11:31:28,4,-1,1,AA7480,0,1,50
11,12,11:33:09,4,-1,1,AA7480,0,1,91
12,14,11:35:23,4,-1,1,AA7480,1,1,83
14,15,11:36:45,4,-1,-1,AA7480,0,1,60
15,17,11:45:48,4,-1,1,AA7480,1,1,523
17,18,11:46:59,4,-1,1,AA7480,0,1,30
18,19,11:52:14,4,-1,2,AA7480,0,1,253
19,20,11:57:39,4,-1,1,AA7480,0,1,172
20,22,12:02:26,4,-1,-1,AA7480,1,1,276
0,1,12:23:47,4,-1,-1,AA7480,0,1,80
1,2,12:26:09,4,-1,2,AA7480,0,1,131
2,3,12:29:22,4,-1,2,AA7480,0,1,142
3,4,12:30:45,4,-1,1,AA7480,0,1,21
4,5,12:34:17,4,-1,1,AA7480,0,1,131
5,6,12:35:48,4,-1,1,AA7480,0,1,20
6,8,12:46:42,4,-1,2,AA7480,1,1,562
8,9,12:48:13,4,-1,1,AA7480,0,1,70
9,10,12:49:04,4,-1,1,AA7480,0,1,20
10,11,12:51:36,4,-1,1,AA7480,0,1,142
11,12,12:52:37,4,-1,1,AA7480,0,1,50
12,14,12:58:53,4,-1,2,AA7480,1,1,325
14,15,13:01:55,4,-1,-1,AA7480,0,1,90
15,16,13:04:27,4,-1,1,AA7480,0,1,121
16,17,13:11:37,4,-1,1,AA7480,0,1,389
17,18,13:12:48,4,-1,1,AA7480,0,1,40
18,19,13:17:55,4,-1,2,AA7480,0,1,277
19,20,13:22:28,4,-1,1,AA7480,0,1,171
20,21,13:26:15,4,-1,1,AA7480,0,1,175
21,22,13:28:28,4,-1,-1,AA7480,0,1,112
0,1,13:36:46,4,-1,-1,AA7480,0,1,30
1,3,13:41:41,4,-1,2,AA7480,1,1,233
3,4,13:44:04,4,-1,1,AA7480,0,1,70
4,5,13:48:18,4,-1,1,AA7480,0,1,172
5,6,13:49:49,4,-1,1,AA7480,0,1,30
6,7,13:58:09,4,-1,1,AA7480,0,1,456
7,8,14:00:00,4,-1,1,AA7480,0,1,101
8,9,14:01:44,4,-1,1,AA7480,0,1,84
9,10,14:02:45,4,-1,1,AA7480,0,1,30
10,11,14:04:47,4,-1,1,AA7480,0,1,91
11,12,14:05:47,4,-1,1,AA7480,0,1,30
12,13,14:15:06,4,-1,1,AA7480,0,1,528
13,14,14:16:37,4,-1,1,AA7480,0,1,60
14,15,14:18:40,4,-1,-1,AA7480,0,1,41
15,16,14:21:37,4,-1,1,AA7480,0,1,157
16,17,14:28:34,4,-1,1,AA7480,0,1,376
17,18,14:29:45,4,-1,1,AA7480,0,1,30
18,19,14:33:58,4,-1,2,AA7480,0,1,202
19,20,14:37:15,4,-1,2,AA7480,0,1,106
20,21,14:39:58,4,-1,1,AA7480,0,1,151
21,22,14:43:32,4,-1,-1,AA7480,0,1,174
0,1,14:57:56,4,-1,-1,AA7480,0,1,111
1,2,14:59:58,4,-1,3,AA7480,0,1,81
2,3,15:02:30,4,-1,3,AA7480,0,1,101
3,4,15:06:27,4,-1,1,AA7480,0,1,151
4,5,15:10:10,4,-1,1,AA7480,0,1,151
5,6,15:11:02,4,-1,1,AA7480,0,1,10
6,7,15:19:54,4,-1,1,AA7480,0,1,480
7,8,15:22:26,4,-1,2,AA7480,0,1,111
8,9,15:23:47,4,-1,1,AA7480,0,1,70
9,10,15:24:28,4,-1,1,AA7480,0,1,30
10,11,15:27:00,4,-1,1,AA7480,0,1,111
11,12,15:32:04,4,-1,1,AA7480,0,1,274
12,13,15:35:29,4,-1,1,AA7480,0,1,194
13,14,15:37:20,4,-1,2,AA7480,0,1,80
14,15,15:39:45,4,-1,-1,AA7480,0,1,50
15,16,15:43:08,4,-1,-1,AA7480,0,1,183
16,17,15:49:56,4,-1,1,AA7480,0,1,387
17,18,15:51:07,4,-1,1,AA7480,0,1,30
18,19,15:56:24,4,-1,2,AA7480,0,1,286
19,20,16:00:16,4,-1,1,AA7480,0,1,121
20,21,16:03:42,4,-1,1,AA7480,0,1,185
21,22,16:06:57,4,-1,-1,AA7480,0,1,142
0,1,16:13:43,4,-1,-1,AA7480,0,1,101
1,2,16:14:48,4,-1,2,AA7480,0,1,54
2,3,16:17:52,4,-1,2,AA7480,0,1,133
3,4,16:20:45,4,-1,1,AA7480,0,1,112
4,5,16:23:58,4,-1,1,AA7480,0,1,111
5,6,16:25:19,4,-1,1,AA7480,0,1,20
6,7,16:34:20,4,-1,1,AA7480,0,1,500
7,8,16:35:52,4,-1,2,AA7480,0,1,40
8,9,16:37:54,4,-1,1,AA7480,0,1,60
9,10,16:38:34,4,-1,1,AA7480,0,1,30
10,11,16:43:17,4,-1,1,AA7480,0,1,151
11,12,16:44:28,4,-1,1,AA7480,0,1,20
12,13,16:46:39,4,-1,1,AA7480,0,1,91
13,14,16:47:54,4,-1,1,AA7480,0,1,44
14,15,16:50:26,4,-1,-1,AA7480,0,1,30
15,16,16:53:38,4,-1,1,AA7480,0,1,182
16,17,16:59:57,4,-1,1,AA7480,0,1,328
17,18,17:01:28,4,-1,1,AA7480,0,1,40
18,19,17:06:26,4,-1,1,AA7480,0,1,277
19,20,17:10:29,4,-1,1,AA7480,0,1,151
20,21,17:14:12,4,-1,1,AA7480,0,1,172
21,22,17:17:05,4,-1,-1,AA7480,0,1,101
0,1,17:28:58,4,-1,-1,AA7480,0,1,90
1,2,17:31:09,4,-1,3,AA7480,0,1,60
2,3,17:34:03,4,-1,3,AA7480,0,1,103
3,4,17:37:36,4,-1,1,AA7480,0,1,171
4,5,17:40:38,4,-1,1,AA7480,0,1,131
5,6,17:41:39,4,-1,1,AA7480,0,1,20
6,7,17:51:10,4,-1,1,AA7480,0,1,530
7,8,17:53:44,4,-1,2,AA7480,0,1,131
8,9,17:55:25,4,-1,1,AA7480,0,1,70
9,10,17:56:19,4,-1,2,AA7480,0,1,30
10,11,18:03:08,4,-1,1,AA7480,0,1,334
11,12,18:04:19,4,-1,1,AA7480,0,1,30
12,13,18:07:04,4,-1,1,AA7480,0,1,71
13,14,18:09:15,4,-1,2,AA7480,0,1,91
14,15,18:11:47,4,-1,-1,AA7480,0,1,60
15,16,18:15:00,4,-1,1,AA7480,0,1,161
16,17,18:22:59,4,-1,-1,AA7480,0,1,404
17,18,18:24:33,4,-1,-1,AA7480,0,1,40
18,19,18:31:38,4,-1,3,AA7480,0,1,384
19,20,18:37:40,4,-1,2,AA7480,0,1,351
20,21,18:41:13,4,-1,1,AA7480,0,1,193
21,22,18:44:26,4,-1,-1,AA7480,0,1,152
0,1,18:51:54,4,-1,-1,AA7480,0,1,70
1,2,18:53:15,4,-1,2,AA7480,0,1,40
2,3,18:54:46,4,-1,2,AA7480,0,1,50
3,4,18:57:08,4,-1,1,AA7480,0,1,101
4,5,19:00:35,4,-1,1,AA7480,0,1,125
5,6,19:01:56,4,-1,1,AA7480,0,1,30
6,7,19:11:06,4,-1,2,AA7480,0,1,499
7,8,19:13:28,4,-1,2,AA7480,0,1,111
8,9,19:14:28,4,-1,1,AA7480,0,1,40
9,10,19:15:49,4,-1,1,AA7480,0,1,50
10,11,19:19:46,4,-1,1,AA7480,0,1,173
11,12,19:22:08,4,-1,2,AA7480,0,1,111
12,13,19:25:50,4,-1,1,AA7480,0,1,141
13,14,19:26:55,4,-1,2,AA7480,0,1,44
14,15,19:29:16,4,-1,-1,AA7480,0,1,50
15,16,19:31:28,4,-1,1,AA7480,0,1,80
16,17,19:38:04,4,-1,1,AA7480,0,1,365
17,18,19:39:24,4,-1,1,AA7480,0,1,40
18,19,19:44:08,4,-1,2,AA7480,0,1,222
19,20,19:47:33,4,-1,1,AA7480,0,1,165
20,21,19:49:56,4,-1,1,AA7480,0,1,131
21,22,19:54:18,4,-1,-1,AA7480,0,1,232
0,1,20:03:09,4,-1,-1,AA7480,0,1,60
1,2,20:04:29,4,-1,2,AA7480,0,1,60
2,3,20:07:03,4,-1,2,AA7480,0,1,113
3,4,20:09:15,4,-1,1,AA7480,0,1,40
4,5,20:12:47,4,-1,1,AA7480,0,1,131
5,6,20:13:58,4,-1,1,AA7480,0,1,20
6,7,20:22:38,4,-1,1,AA7480,0,1,479
7,8,20:24:10,4,-1,2,AA7480,0,1,81
8,9,20:26:25,4,-1,1,AA7480,0,1,90
9,10,20:27:16,4,-1,1,AA7480,0,1,31
10,11,20:28:58,4,-1,1,AA7480,0,1,60
11,12,20:29:58,4,-1,1,AA7480,0,1,20
12,13,20:33:43,4,-1,1,AA7480,0,1,184
13,14,20:34:53,4,-1,1,AA7480,0,1,40
14,15,20:37:05,4,-1,-1,AA7480,0,1,30
15,16,20:39:36,4,-1,1,AA7480,0,1,131
16,17,20:46:33,4,-1,3,AA7480,0,1,376
17,18,20:47:34,4,-1,1,AA7480,0,1,20
18,19,20:53:38,4,-1,2,AA7480,0,1,323
19,20,20:57:13,4,-1,1,AA7480,0,1,153
20,22,21:01:56,4,-1,-1,AA7480,1,1,273
0,1,21:36:45,4,-1,-1,AA7480,0,1,80
1,2,21:38:08,4,-1,2,AA7480,0,1,52
2,3,21:39:59,4,-1,1,AA7480,0,1,60
3,4,21:41:20,4,-1,1,AA7480,0,1,30
4,5,21:45:05,4,-1,1,AA7480,0,1,111
5,6,21:46:16,4,-1,1,AA7480,0,1,20
6,7,21:56:47,4,-1,1,AA7480,0,1,580
7,8,21:58:49,4,-1,2,AA7480,0,1,111
8,9,22:00:10,4,-1,1,AA7480,0,1,40
9,10,22:01:02,4,-1,1,AA7480,0,1,20
10,11,22:06:57,4,-1,1,AA7480,0,1,101
11,12,22:08:08,4,-1,1,AA7480,0,1,30
12,13,22:10:29,4,-1,1,AA7480,0,1,80
13,14,22:11:41,4,-1,1,AA7480,0,1,41
14,15,22:13:43,4,-1,-1,AA7480,0,1,30
15,16,22:16:25,4,-1,1,AA7480,0,1,141
16,17,22:23:09,4,-1,2,AA7480,0,1,363
17,18,22:24:20,4,-1,1,AA7480,0,1,20
18,19,22:29:57,4,-1,3,AA7480,0,1,263
19,20,22:32:59,4,-1,1,AA7480,0,1,131
20,21,22:34:44,4,-1,1,AA7480,0,1,95
21,22,22:37:26,4,-1,-1,AA7480,0,1,111
0,1,22:46:04,4,-1,-1,AA7480,0,1,50
1,2,22:48:05,4,-1,1,AA7480,0,1,60
2,3,22:49:56,4,-1,2,AA7480,0,1,50
3,4,22:52:09,4,-1,1,AA7480,0,1,80
4,5,22:55:44,4,-1,1,AA7480,0,1,144
5,6,22:56:45,4,-1,1,AA7480,0,1,20
6,7,23:05:36,4,-1,1,AA7480,0,1,480
7,8,23:07:17,4,-1,2,AA7480,0,1,90
8,9,23:08:38,4,-1,1,AA7480,0,1,60
9,10,23:09:49,4,-1,1,AA7480,0,1,30
10,11,23:11:33,4,-1,1,AA7480,0,1,62
11,12,23:12:23,4,-1,1,AA7480,0,1,30
12,13,23:13:44,4,-1,1,AA7480,0,1,60
13,14,23:14:46,4,-1,1,AA7480,0,1,41
14,15,23:16:07,4,-1,-1,AA7480,0,1,30
15,16,23:18:29,4,-1,1,AA7480,0,1,132
16,17,23:25:25,4,-1,1,AA7480,0,1,365
17,18,23:26:37,4,-1,1,AA7480,0,1,30
18,19,23:30:42,4,-1,2,AA7480,0,1,214
19,20,23:34:04,4,-1,1,AA7480,0,1,131
20,21,23:36:37,4,-1,1,AA7480,0,1,132
21,22,23:38:39,4,-1,-1,AA7480,0,1,101
0,1,23:52:16,4,-1,-1,AA7480,0,1,90
1,2,23:53:57,4,-1,2,AA7480,0,1,60
2,3,23:56:30,4,-1,1,AA7480,0,1,102
3,4,23:57:41,4,-1,1,AA7480,0,1,31
0,1,8:08:48,4,-1,-1,AA7489,0,1,60
1,2,8:10:39,4,-1,3,AA7489,0,1,60
2,3,8:14:06,4,-1,3,AA7489,0,1,124
3,4,8:16:48,4,-1,1,AA7489,0,1,151
4,5,8:20:34,4,-1,-1,AA7489,0,1,155
5,6,8:22:07,4,-1,-1,AA7489,0,1,20
6,7,8:31:17,4,-1,2,AA7489,0,1,488
7,8,8:33:28,4,-1,2,AA7489,0,1,121
8,9,8:35:20,4,-1,1,AA7489,0,1,70
9,10,8:36:34,4,-1,1,AA7489,0,1,30
10,11,8:39:16,4,-1,1,AA7489,0,1,141
11,12,8:40:26,4,-1,2,AA7489,0,1,30
12,13,8:43:49,4,-1,2,AA7489,0,1,151
13,14,8:44:39,4,-1,1,AA7489,0,1,40
14,15,8:46:12,4,-1,-1,AA7489,0,1,52
15,16,8:51:56,4,-1,1,AA7489,0,1,293
16,17,8:59:03,4,-1,1,AA7489,0,1,386
17,18,9:00:14,4,-1,1,AA7489,0,1,30
18,19,9:05:07,4,-1,3,AA7489,0,1,232
19,20,9:10:04,4,-1,2,AA7489,0,1,286
20,21,9:14:47,4,-1,1,AA7489,0,1,192
21,22,9:17:29,4,-1,-1,AA7489,0,1,151
0,1,9:31:25,4,-1,-1,AA7489,0,1,50
1,2,9:34:27,4,-1,3,AA7489,0,1,121
2,3,9:36:08,4,-1,3,AA7489,0,1,40
3,4,9:40:05,4,-1,1,AA7489,0,1,135
4,5,9:44:18,4,-1,1,AA7489,0,1,141
5,6,9:45:59,4,-1,1,AA7489,0,1,40
6,7,9:55:39,4,-1,2,AA7489,0,1,537
7,8,9:57:45,4,-1,2,AA7489,0,1,115
8,9,9:59:36,4,-1,1,AA7489,0,1,80
9,10,10:00:48,4,-1,-1,AA7489,0,1,21
10,11,10:02:39,4,-1,-1,AA7489,0,1,91
11,12,10:03:30,4,-1,-1,AA7489,0,1,30
12,13,10:05:04,4,-1,1,AA7489,0,1,63
13,14,10:06:04,4,-1,1,AA7489,0,1,30
14,15,10:07:56,4,-1,-1,AA7489,0,1,40
15,16,10:10:15,4,-1,1,AA7489,0,1,108
16,17,10:17:38,4,-1,1,AA7489,0,1,401
17,18,10:18:59,4,-1,1,AA7489,0,1,30
18,19,10:23:37,4,-1,2,AA7489,0,1,237
19,20,10:27:19,4,-1,1,AA7489,0,1,131
20,21,10:32:05,4,-1,1,AA7489,0,1,202
21,22,10:33:56,4,-1,-1,AA7489,0,1,101
0,1,10:55:29,4,-1,-1,AA7489,0,1,40
1,2,10:58:54,4,-1,3,AA7489,0,1,114
2,3,11:01:47,4,-1,2,AA7489,0,1,111
3,4,11:04:28,4,-1,1,AA7489,0,1,111
4,5,11:08:35,4,-1,1,AA7489,0,1,145
5,6,11:10:16,4,-1,1,AA7489,0,1,30
6,7,11:19:17,4,-1,2,AA7489,0,1,489
7,8,11:21:48,4,-1,1,AA7489,0,1,111
8,9,11:25:13,4,-1,1,AA7489,0,1,163
9,10,11:26:24,4,-1,1,AA7489,0,1,30
10,11,11:29:57,4,-1,1,AA7489,0,1,90
11,12,11:30:57,4,-1,1,AA7489,0,1,20
12,13,11:32:28,4,-1,1,AA7489,0,1,60
13,14,11:33:29,4,-1,1,AA7489,0,1,30
14,15,11:35:23,4,-1,-1,AA7489,0,1,40
15,16,11:37:46,4,-1,1,AA7489,0,1,121
16,17,11:45:18,4,-1,1,AA7489,0,1,391
17,18,11:46:49,4,-1,1,AA7489,0,1,20
18,19,11:51:54,4,-1,2,AA7489,0,1,243
19,20,11:57:39,4,-1,1,AA7489,0,1,315
20,21,12:00:04,4,-1,1,AA7489,0,1,134
21,22,12:02:16,4,-1,-1,AA7489,0,1,80
0,1,12:09:54,4,-1,-1,AA7489,0,1,40
1,2,12:12:16,4,-1,2,AA7489,0,1,40
2,3,12:14:18,4,-1,2,AA7489,0,1,50
3,4,12:16:52,4,-1,1,AA7489,0,1,143
4,5,12:20:15,4,-1,1,AA7489,0,1,141
5,6,12:21:36,4,-1,1,AA7489,0,1,30
6,7,12:31:05,4,-1,1,AA7489,0,1,468
7,8,12:32:56,4,-1,1,AA7489,0,1,90
8,9,12:34:17,4,-1,1,AA7489,0,1,50
9,10,12:35:08,4,-1,1,AA7489,0,1,30
10,11,12:39:34,4,-1,1,AA7489,0,1,185
11,12,12:40:45,4,-1,1,AA7489,0,1,30
12,13,12:43:28,4,-1,1,AA7489,0,1,112
13,14,12:45:50,4,-1,2,AA7489,0,1,101
14,15,12:48:03,4,-1,-1,AA7489,0,1,50
15,16,12:50:46,4,-1,1,AA7489,0,1,102
16,17,12:58:03,4,-1,1,AA7489,0,1,376
17,18,12:59:24,4,-1,1,AA7489,0,1,30
18,19,13:03:57,4,-1,2,AA7489,0,1,222
19,20,13:07:39,4,-1,1,AA7489,0,1,151
20,21,13:11:47,4,-1,1,AA7489,0,1,194
21,22,13:14:19,4,-1,-1,AA7489,0,1,101
0,1,14:50:58,4,-1,-1,AA7489,0,1,141
1,2,14:52:18,4,-1,3,AA7489,0,1,50
2,3,14:55:04,4,-1,3,AA7489,0,1,104
3,4,14:58:58,4,-1,1,AA7489,0,1,172
4,5,15:02:30,4,-1,1,AA7489,0,1,131
5,6,15:03:55,4,-1,1,AA7489,0,1,20
6,7,15:13:05,4,-1,1,AA7489,0,1,519
7,8,15:15:17,4,-1,2,AA7489,0,1,111
8,9,15:16:58,4,-1,1,AA7489,0,1,91
9,10,15:17:49,4,-1,1,AA7489,0,1,30
10,11,15:21:16,4,-1,1,AA7489,0,1,176
11,12,15:22:26,4,-1,2,AA7489,0,1,40
12,13,15:26:39,4,-1,2,AA7489,0,1,101
13,14,15:28:42,4,-1,2,AA7489,0,1,102
14,15,15:30:44,4,-1,-1,AA7489,0,1,50
15,16,15:33:25,4,-1,1,AA7489,0,1,111
16,17,15:40:05,4,-1,1,AA7489,0,1,347
17,18,15:40:47,4,-1,-1,AA7489,0,1,21
18,19,15:45:51,4,-1,3,AA7489,0,1,233
19,20,15:49:26,4,-1,2,AA7489,0,1,161
20,21,15:51:48,4,-1,1,AA7489,0,1,121
21,22,15:54:20,4,-1,-1,AA7489,0,1,111
0,1,16:07:17,4,-1,-1,AA7489,0,1,51
1,2,16:09:29,4,-1,3,AA7489,0,1,80
2,3,16:11:31,4,-1,3,AA7489,0,1,51
3,4,16:13:53,4,-1,1,AA7489,0,1,60
4,5,16:17:10,4,-1,1,AA7489,0,1,131
5,6,16:18:23,4,-1,1,AA7489,0,1,30
6,7,16:26:53,4,-1,1,AA7489,0,1,490
7,8,16:28:25,4,-1,2,AA7489,0,1,81
8,9,16:29:26,4,-1,1,AA7489,0,1,40
9,10,16:30:17,4,-1,1,AA7489,0,1,40
10,11,16:33:19,4,-1,1,AA7489,0,1,172
11,12,16:34:31,4,-1,1,AA7489,0,1,31
12,13,16:36:12,4,-1,1,AA7489,0,1,91
13,14,16:37:13,4,-1,1,AA7489,0,1,40
14,15,16:38:44,4,-1,-1,AA7489,0,1,60
15,16,16:41:26,4,-1,1,AA7489,0,1,131
16,17,16:48:24,4,-1,1,AA7489,0,1,388
17,18,16:49:45,4,-1,1,AA7489,0,1,30
18,19,16:54:18,4,-1,3,AA7489,0,1,242
19,20,16:56:45,4,-1,1,AA7489,0,1,75
20,21,17:01:28,4,-1,1,AA7489,0,1,263
21,22,17:03:20,4,-1,-1,AA7489,0,1,90
0,1,17:23:34,4,-1,-1,AA7489,0,1,65
1,2,17:26:16,4,-1,3,AA7489,0,1,81
2,3,17:29:28,4,-1,2,AA7489,0,1,182
3,4,17:32:00,4,-1,1,AA7489,0,1,91
4,5,17:35:04,4,-1,1,AA7489,0,1,142
5,6,17:36:55,4,-1,1,AA7489,0,1,40
6,7,17:46:27,4,-1,1,AA7489,0,1,541
7,8,17:48:48,4,-1,2,AA7489,0,1,111
8,9,17:50:09,4,-1,1,AA7489,0,1,60
9,10,17:51:00,4,-1,2,AA7489,0,1,30
10,11,17:56:39,4,-1,1,AA7489,0,1,319
11,12,17:57:33,4,-1,1,AA7489,0,1,23
12,13,17:59:14,4,-1,1,AA7489,0,1,70
13,14,18:00:26,4,-1,1,AA7489,0,1,50
14,15,18:02:38,4,-1,-1,AA7489,0,1,40
15,16,18:07:44,4,-1,1,AA7489,0,1,286
16,17,18:16:25,4,-1,1,AA7489,0,1,439
17,18,18:17:25,4,-1,1,AA7489,0,1,30
18,19,18:25:34,4,-1,3,AA7489,0,1,458
19,20,18:30:28,4,-1,2,AA7489,0,1,101
20,21,18:34:00,4,-1,1,AA7489,0,1,192
21,22,18:36:19,4,-1,-1,AA7489,0,1,90
0,1,18:43:04,4,-1,-1,AA7489,0,1,40
1,2,18:45:26,4,-1,2,AA7489,0,1,91
2,3,18:47:18,4,-1,3,AA7489,0,1,60
3,4,18:49:59,4,-1,1,AA7489,0,1,121
4,5,18:54:16,4,-1,2,AA7489,0,1,141
5,6,18:55:37,4,-1,1,AA7489,0,1,20
6,7,19:04:07,4,-1,2,AA7489,0,1,459
7,8,19:06:08,4,-1,2,AA7489,0,1,90
8,9,19:08:00,4,-1,1,AA7489,0,1,81
9,10,19:09:15,4,-1,2,AA7489,0,1,64
10,11,19:13:17,4,-1,1,AA7489,0,1,232
11,12,19:14:08,4,-1,2,AA7489,0,1,30
12,13,19:17:03,4,-1,1,AA7489,0,1,144
13,14,19:19:26,4,-1,2,AA7489,0,1,111
14,15,19:21:27,4,-1,-1,AA7489,0,1,30
15,16,19:23:18,4,-1,1,AA7489,0,1,80
16,17,19:30:07,4,-1,2,AA7489,0,1,378
17,18,19:30:47,4,-1,1,AA7489,0,1,30
18,19,19:34:50,4,-1,2,AA7489,0,1,212
19,20,19:39:35,4,-1,1,AA7489,0,1,161
20,21,19:43:17,4,-1,1,AA7489,0,1,212
21,22,19:45:49,4,-1,-1,AA7489,0,1,111
0,1,20:45:00,4,-1,-1,AA7489,0,1,50
1,2,20:47:04,4,-1,2,AA7489,0,1,82
2,3,20:48:45,4,-1,2,AA7489,0,1,30
3,4,20:50:46,4,-1,1,AA7489,0,1,80
4,5,20:53:48,4,-1,2,AA7489,0,1,131
5,6,20:55:40,4,-1,1,AA7489,0,1,30
6,8,21:06:49,4,-1,1,AA7489,1,1,638
8,9,21:08:00,4,-1,1,AA7489,0,1,40
9,10,21:09:02,4,-1,1,AA7489,0,1,30
10,11,21:11:35,4,-1,1,AA7489,0,1,101
11,12,21:12:35,4,-1,1,AA7489,0,1,30
12,13,21:14:37,4,-1,1,AA7489,0,1,70
13,14,21:15:48,4,-1,1,AA7489,0,1,40
14,15,21:17:08,4,-1,-1,AA7489,0,1,20
15,16,21:19:20,4,-1,1,AA7489,0,1,111
16,17,21:25:45,4,-1,2,AA7489,0,1,365
17,18,21:26:46,4,-1,1,AA7489,0,1,30
18,19,21:30:49,4,-1,2,AA7489,0,1,202
19,20,21:33:53,4,-1,1,AA7489,0,1,143
20,21,21:36:55,4,-1,1,AA7489,0,1,151
21,22,21:38:28,4,-1,-1,AA7489,0,1,82
0,1,21:57:48,4,-1,-1,AA7489,0,1,30
1,3,22:01:53,4,-1,2,AA7489,1,1,204
3,4,22:04:04,4,-1,1,AA7489,0,1,90
4,5,22:07:27,4,-1,2,AA7489,0,1,122
5,6,22:08:58,4,-1,1,AA7489,0,1,30
6,7,22:19:17,4,-1,1,AA7489,0,1,577
7,8,22:20:58,4,-1,1,AA7489,0,1,90
8,9,22:22:09,4,-1,1,AA7489,0,1,40
9,10,22:22:49,4,-1,1,AA7489,0,1,20
10,11,22:24:52,4,-1,1,AA7489,0,1,72
11,12,22:25:33,4,-1,1,AA7489,0,1,30
12,13,22:27:24,4,-1,1,AA7489,0,1,70
13,14,22:28:35,4,-1,1,AA7489,0,1,40
14,15,22:30:27,4,-1,-1,AA7489,0,1,40
15,16,22:32:49,4,-1,1,AA7489,0,1,131
16,17,22:39:38,4,-1,2,AA7489,0,1,368
17,18,22:40:38,4,-1,1,AA7489,0,1,30
18,19,22:44:43,4,-1,3,AA7489,0,1,194
19,20,22:47:35,4,-1,1,AA7489,0,1,70
20,21,22:49:16,4,-1,1,AA7489,0,1,90
21,22,22:51:28,4,-1,-1,AA7489,0,1,80
0,1,23:08:59,4,-1,-1,AA7489,0,1,20
1,2,23:11:21,4,-1,2,AA7489,0,1,50
2,3,23:13:14,4,-1,2,AA7489,0,1,50
3,4,23:15:06,4,-1,1,AA7489,0,1,51
4,5,23:17:49,4,-1,1,AA7489,0,1,112
5,6,23:19:00,4,-1,1,AA7489,0,1,20
6,7,23:27:27,4,-1,1,AA7489,0,1,477
7,8,23:29:50,4,-1,2,AA7489,0,1,112
8,9,23:31:02,4,-1,1,AA7489,0,1,41
9,10,23:31:32,4,-1,1,AA7489,0,1,20
10,11,23:33:44,4,-1,1,AA7489,0,1,90
11,12,23:34:44,4,-1,1,AA7489,0,1,30
12,13,23:36:07,4,-1,1,AA7489,0,1,51
13,14,23:36:58,4,-1,1,AA7489,0,1,31
14,15,23:38:19,4,-1,-1,AA7489,0,1,30
15,16,23:40:22,4,-1,1,AA7489,0,1,103
16,17,23:47:08,4,-1,1,AA7489,0,1,364
17,18,23:47:59,4,-1,1,AA7489,0,1,30
18,19,23:51:35,4,-1,2,AA7489,0,1,186
19,20,23:54:07,4,-1,1,AA7489,0,1,121
20,21,23:56:40,4,-1,1,AA7489,0,1,142
