startStation,endStation,time,weekday,passengerFlow,trafficCondition,busPlate,passbyNum,weather,arrivalDuration
0,1,6:30:09,3,-1,-1,AA6507,0,2,60
1,2,6:31:24,3,-1,2,AA6507,0,2,20
2,3,6:33:15,3,-1,2,AA6507,0,2,40
3,8,6:45:44,3,-1,2,AA6507,4,2,647
8,9,6:46:55,3,-1,1,AA6507,0,2,50
9,10,6:47:56,3,-1,1,AA6507,0,2,20
10,11,6:49:26,3,-1,1,AA6507,0,2,50
11,12,6:50:27,3,-1,1,AA6507,0,2,30
12,13,6:51:58,3,-1,1,AA6507,0,2,70
13,14,6:52:48,3,-1,1,AA6507,0,2,30
14,15,6:54:09,3,-1,-1,AA6507,0,2,40
15,16,6:57:05,3,-1,1,AA6507,0,2,104
16,17,7:04:12,3,-1,-1,AA6507,0,2,395
20,21,7:29:25,3,-1,1,AA6507,0,2,172
21,22,7:31:47,3,-1,-1,AA6507,0,2,80
0,1,7:44:53,3,-1,-1,AA6507,0,2,113
1,2,7:47:37,3,-1,3,AA6507,0,2,41
2,3,7:51:45,3,-1,3,AA6507,0,2,237
3,7,8:08:10,3,-1,1,AA6507,3,2,782
7,8,8:11:05,3,-1,2,AA6507,0,2,164
8,9,8:12:46,3,-1,1,AA6507,0,2,70
9,10,8:13:47,3,-1,1,AA6507,0,2,30
10,11,8:15:28,3,-1,1,AA6507,0,2,70
11,12,8:16:19,3,-1,1,AA6507,0,2,20
12,13,8:18:20,3,-1,1,AA6507,0,2,80
13,14,8:20:03,3,-1,2,AA6507,0,2,50
14,15,8:22:36,3,-1,-1,AA6507,0,2,132
15,16,8:25:28,3,-1,1,AA6507,0,2,101
20,21,9:08:08,3,-1,1,AA6507,0,2,60
21,22,9:10:19,3,-1,-1,AA6507,0,2,90
0,1,9:23:20,3,-1,-1,AA6507,0,2,50
1,2,9:24:35,3,-1,3,AA6507,0,2,40
2,3,9:27:57,3,-1,3,AA6507,0,2,131
3,7,9:39:08,3,-1,2,AA6507,3,2,590
7,8,9:42:00,3,-1,2,AA6507,0,2,161
8,9,9:43:33,3,-1,1,AA6507,0,2,42
9,10,9:44:13,3,-1,1,AA6507,0,2,30
10,11,9:46:04,3,-1,1,AA6507,0,2,100
11,12,9:47:05,3,-1,1,AA6507,0,2,20
12,13,9:49:06,3,-1,1,AA6507,0,2,80
13,14,9:49:47,3,-1,1,AA6507,0,2,30
14,15,9:51:18,3,-1,-1,AA6507,0,2,40
15,16,9:53:39,3,-1,1,AA6507,0,2,111
16,17,10:01:05,3,-1,-1,AA6507,0,2,405
20,21,10:32:56,3,-1,1,AA6507,0,2,165
21,22,10:35:17,3,-1,-1,AA6507,0,2,100
1,2,11:31:07,3,-1,2,AA6507,0,2,60
2,3,11:33:59,3,-1,3,AA6507,0,2,161
3,7,11:45:53,3,-1,1,AA6507,3,2,603
7,8,11:47:55,3,-1,2,AA6507,0,2,111
8,9,11:49:46,3,-1,1,AA6507,0,2,70
9,10,11:50:27,3,-1,1,AA6507,0,2,30
10,11,11:52:49,3,-1,1,AA6507,0,2,111
11,12,11:53:49,3,-1,1,AA6507,0,2,30
12,13,11:56:34,3,-1,1,AA6507,0,2,104
13,14,11:57:25,3,-1,1,AA6507,0,2,30
14,15,11:59:06,3,-1,-1,AA6507,0,2,30
15,16,12:01:27,3,-1,1,AA6507,0,2,80
16,17,12:09:47,3,-1,3,AA6507,0,2,439
20,21,12:40:26,3,-1,1,AA6507,0,2,171
21,22,12:42:37,3,-1,-1,AA6507,0,2,90
0,1,13:06:14,3,-1,-1,AA6507,0,2,71
1,2,13:07:14,3,-1,3,AA6507,0,2,20
2,3,13:10:06,3,-1,2,AA6507,0,2,161
3,7,13:21:17,3,-1,2,AA6507,3,2,599
7,8,13:23:28,3,-1,3,AA6507,0,2,121
8,9,13:25:40,3,-1,1,AA6507,0,2,70
9,10,13:26:20,3,-1,1,AA6507,0,2,30
10,11,13:28:36,3,-1,1,AA6507,0,2,121
11,12,13:29:06,3,-1,1,AA6507,0,2,20
12,13,13:30:57,3,-1,-1,AA6507,0,2,80
13,14,13:32:08,3,-1,-1,AA6507,0,2,30
14,15,13:34:09,3,-1,-1,AA6507,0,2,40
15,16,13:36:22,3,-1,1,AA6507,0,2,72
16,17,13:44:28,3,-1,2,AA6507,0,2,414
20,21,14:12:46,3,-1,1,AA6507,0,2,111
21,22,14:15:07,3,-1,-1,AA6507,0,2,90
0,1,14:38:30,3,-1,-1,AA6507,0,2,30
1,2,14:40:25,3,-1,3,AA6507,0,2,94
2,3,14:42:26,3,-1,3,AA6507,0,2,101
3,7,14:53:17,3,-1,1,AA6507,3,2,580
7,8,14:55:19,3,-1,2,AA6507,0,2,111
8,9,14:57:10,3,-1,1,AA6507,0,2,81
9,10,14:58:14,3,-1,1,AA6507,0,2,30
10,11,15:01:17,3,-1,1,AA6507,0,2,172
11,12,15:02:18,3,-1,1,AA6507,0,2,30
12,13,15:04:19,3,-1,1,AA6507,0,2,70
13,14,15:05:09,3,-1,1,AA6507,0,2,40
14,15,15:06:53,3,-1,-1,AA6507,0,2,40
15,16,15:09:04,3,-1,1,AA6507,0,2,70
16,17,15:17:03,3,-1,-1,AA6507,0,2,397
20,21,15:46:20,3,-1,1,AA6507,0,2,121
21,22,15:48:25,3,-1,-1,AA6507,0,2,92
0,1,16:11:47,3,-1,-1,AA6507,0,2,81
1,3,16:16:10,3,-1,3,AA6507,1,2,182
3,8,16:30:28,3,-1,-1,AA6507,4,2,783
8,9,16:31:49,3,-1,-1,AA6507,0,2,50
9,10,16:32:30,3,-1,-1,AA6507,0,2,20
10,11,16:35:16,3,-1,1,AA6507,0,2,101
11,12,16:36:26,3,-1,1,AA6507,0,2,30
12,13,16:38:38,3,-1,1,AA6507,0,2,101
13,14,16:39:39,3,-1,2,AA6507,0,2,40
14,15,16:42:14,3,-1,-1,AA6507,0,2,30
15,16,16:45:16,3,-1,1,AA6507,0,2,151
16,17,16:52:54,3,-1,1,AA6507,0,2,416
20,21,17:40:32,3,-1,1,AA6507,0,2,112
21,22,17:42:44,3,-1,-1,AA6507,0,2,91
22,2,17:53:06,3,-1,2,AA6507,1,2,192
2,3,17:56:18,3,-1,2,AA6507,0,2,141
3,7,18:07:55,3,-1,1,AA6507,3,2,636
7,8,18:09:47,3,-1,2,AA6507,0,2,101
8,9,18:11:28,3,-1,1,AA6507,0,2,50
9,10,18:12:19,3,-1,1,AA6507,0,2,30
10,11,18:14:54,3,-1,1,AA6507,0,2,81
11,12,18:15:34,3,-1,1,AA6507,0,2,20
12,13,18:17:26,3,-1,1,AA6507,0,2,71
13,14,18:18:47,3,-1,2,AA6507,0,2,50
14,15,18:20:58,3,-1,-1,AA6507,0,2,121
15,16,18:24:46,3,-1,1,AA6507,0,2,187
16,17,18:35:36,3,-1,3,AA6507,0,2,549
20,21,19:10:28,3,-1,1,AA6507,0,2,263
21,22,19:13:01,3,-1,-1,AA6507,0,2,102
0,1,19:25:43,3,-1,-1,AA6507,0,2,50
1,2,19:26:55,3,-1,3,AA6507,0,2,20
2,3,19:29:26,3,-1,2,AA6507,0,2,91
3,4,19:31:48,3,-1,1,AA6507,0,2,111
4,5,19:35:54,3,-1,1,AA6507,0,2,205
5,6,19:37:15,3,-1,1,AA6507,0,2,70
6,7,19:49:33,3,-1,1,AA6507,0,2,717
7,8,19:51:45,3,-1,1,AA6507,0,2,101
8,9,19:54:26,3,-1,1,AA6507,0,2,111
9,10,19:55:37,3,-1,1,AA6507,0,2,30
10,11,19:58:49,3,-1,1,AA6507,0,2,131
11,12,19:59:50,3,-1,1,AA6507,0,2,20
12,13,20:01:45,3,-1,1,AA6507,0,2,70
13,14,20:02:46,3,-1,1,AA6507,0,2,40
14,15,20:04:06,3,-1,-1,AA6507,0,2,30
15,16,20:07:09,3,-1,1,AA6507,0,2,152
16,17,20:14:27,3,-1,1,AA6507,0,2,407
17,18,20:15:47,3,-1,1,AA6507,0,2,70
18,19,20:25:27,3,-1,2,AA6507,0,2,559
19,20,20:27:38,3,-1,1,AA6507,0,2,50
20,21,20:31:05,3,-1,1,AA6507,0,2,166
21,22,20:34:27,3,-1,-1,AA6507,0,2,100
0,1,21:25:14,3,-1,-1,AA6507,0,2,70
1,2,21:27:15,3,-1,2,AA6507,0,2,70
2,3,21:28:56,3,-1,2,AA6507,0,2,50
3,4,21:31:07,3,-1,1,AA6507,0,2,80
4,5,21:35:09,3,-1,1,AA6507,0,2,181
5,6,21:36:21,3,-1,1,AA6507,0,2,61
6,7,21:46:16,3,-1,2,AA6507,0,2,573
7,8,21:48:17,3,-1,1,AA6507,0,2,80
8,9,21:49:48,3,-1,1,AA6507,0,2,60
9,10,21:50:38,3,-1,1,AA6507,0,2,20
10,11,21:55:46,3,-1,1,AA6507,0,2,121
11,12,21:56:57,3,-1,1,AA6507,0,2,20
12,13,21:59:28,3,-1,1,AA6507,0,2,70
13,14,22:00:39,3,-1,-1,AA6507,0,2,50
14,15,22:03:45,3,-1,-1,AA6507,0,2,40
15,16,22:06:16,3,-1,1,AA6507,0,2,80
16,17,22:14:14,3,-1,1,AA6507,0,2,397
17,18,22:16:05,3,-1,1,AA6507,0,2,101
18,19,22:21:29,3,-1,2,AA6507,0,2,303
19,20,22:24:13,3,-1,1,AA6507,0,2,52
20,21,22:26:45,3,-1,1,AA6507,0,2,141
21,22,22:28:56,3,-1,-1,AA6507,0,2,90
0,1,22:40:15,3,-1,-1,AA6507,0,4,40
1,2,22:40:55,3,-1,1,AA6507,0,4,10
2,3,22:43:17,3,-1,2,AA6507,0,4,50
3,4,22:45:28,3,-1,1,AA6507,0,2,80
4,18,22:48:42,3,-1,1,AA6507,1,2,163
6,7,22:57:27,3,-1,1,AA6507,0,2,515
7,8,22:59:08,3,-1,2,AA6507,0,2,80
8,9,23:00:19,3,-1,-1,AA6507,0,2,40
9,10,23:01:09,3,-1,-1,AA6507,0,2,30
10,11,23:02:30,3,-1,-1,AA6507,0,2,50
11,12,23:03:34,3,-1,-1,AA6507,0,2,23
12,13,23:05:05,3,-1,1,AA6507,0,2,60
13,14,23:06:05,3,-1,1,AA6507,0,2,30
14,15,23:07:36,3,-1,-1,AA6507,0,2,30
15,16,23:09:48,3,-1,1,AA6507,0,2,70
16,17,23:16:55,3,-1,1,AA6507,0,2,387
17,18,23:18:16,3,-1,1,AA6507,0,2,70
18,19,23:23:19,3,-1,2,AA6507,0,2,293
19,20,23:25:42,3,-1,1,AA6507,0,2,102
20,21,23:28:35,3,-1,1,AA6507,0,2,152
21,22,23:30:56,3,-1,-1,AA6507,0,2,90
0,1,23:52:46,3,-1,-1,AA6507,0,2,20
1,2,23:53:57,3,-1,1,AA6507,0,2,20
2,3,23:56:38,3,-1,1,AA6507,0,2,90
3,4,23:58:55,3,-1,1,AA6507,0,2,106
0,1,6:20:15,3,-1,-1,AA6835,0,2,70
1,2,6:22:27,3,-1,1,AA6835,0,2,70
2,3,6:24:48,3,-1,2,AA6835,0,2,30
3,7,6:34:36,3,-1,2,AA6835,3,2,506
7,8,6:36:17,3,-1,2,AA6835,0,2,90
8,9,6:37:28,3,-1,1,AA6835,0,2,50
9,10,6:38:29,3,-1,1,AA6835,0,2,40
10,11,6:39:49,3,-1,1,AA6835,0,2,60
11,12,6:40:52,3,-1,-1,AA6835,0,2,31
12,13,6:41:52,3,-1,-1,AA6835,0,2,50
13,14,6:42:43,3,-1,-1,AA6835,0,2,40
14,15,6:44:03,3,-1,-1,AA6835,0,2,50
15,16,6:45:44,3,-1,1,AA6835,0,2,70
16,17,6:53:09,3,-1,-1,AA6835,0,2,403
17,20,7:14:10,3,-1,1,AA6835,2,2,1250
20,21,7:16:15,3,-1,1,AA6835,0,2,115
21,22,7:17:56,3,-1,-1,AA6835,0,2,90
2,3,7:34:19,3,-1,2,AA6835,0,2,40
3,7,7:47:26,3,-1,1,AA6835,3,2,681
7,8,7:49:08,3,-1,1,AA6835,0,2,91
8,9,7:50:39,3,-1,1,AA6835,0,2,60
9,10,7:51:45,3,-1,1,AA6835,0,2,25
10,11,7:54:37,3,-1,1,AA6835,0,2,151
11,12,7:55:47,3,-1,1,AA6835,0,2,30
12,13,7:57:08,3,-1,1,AA6835,0,2,50
13,14,7:58:20,3,-1,1,AA6835,0,2,40
14,15,7:59:54,3,-1,-1,AA6835,0,2,53
15,16,8:02:26,3,-1,1,AA6835,0,2,121
16,17,8:10:45,3,-1,-1,AA6835,0,2,448
20,21,8:58:28,3,-1,1,AA6835,0,2,171
21,22,9:00:32,3,-1,-1,AA6835,0,2,93
0,1,9:11:43,3,-1,-1,AA6835,0,2,74
1,2,9:14:35,3,-1,3,AA6835,0,2,161
2,3,9:16:16,3,-1,3,AA6835,0,2,40
3,7,9:31:39,3,-1,1,AA6835,3,2,812
7,8,9:34:15,3,-1,2,AA6835,0,2,125
8,9,9:35:46,3,-1,1,AA6835,0,2,50
9,10,9:37:07,3,-1,1,AA6835,0,2,30
10,11,9:40:09,3,-1,1,AA6835,0,2,151
11,12,9:41:09,3,-1,1,AA6835,0,2,30
12,13,9:42:40,3,-1,1,AA6835,0,2,70
13,14,9:43:43,3,-1,1,AA6835,0,2,32
14,15,9:45:44,3,-1,-1,AA6835,0,2,100
15,16,9:48:16,3,-1,1,AA6835,0,2,121
21,22,10:35:17,3,-1,-1,AA6835,0,2,90
0,1,11:09:56,3,-1,-1,AA6835,0,2,60
1,2,11:11:57,3,-1,3,AA6835,0,2,30
2,3,11:13:28,3,-1,2,AA6835,0,2,50
3,8,11:27:35,3,-1,2,AA6835,4,2,785
8,9,11:29:36,3,-1,1,AA6835,0,2,40
9,10,11:30:27,3,-1,1,AA6835,0,2,30
10,11,11:32:18,3,-1,1,AA6835,0,2,70
11,12,11:32:58,3,-1,1,AA6835,0,2,30
12,13,11:34:09,3,-1,1,AA6835,0,2,50
13,14,11:35:10,3,-1,1,AA6835,0,2,30
14,15,11:36:35,3,-1,-1,AA6835,0,2,24
15,16,11:38:36,3,-1,1,AA6835,0,2,90
16,17,11:45:33,3,-1,2,AA6835,0,2,376
20,21,12:18:57,3,-1,1,AA6835,0,2,161
21,22,12:21:39,3,-1,-1,AA6835,0,2,91
0,1,12:54:39,3,-1,-1,AA6835,0,2,60
1,2,12:56:43,3,-1,2,AA6835,0,2,113
2,3,12:59:26,3,-1,2,AA6835,0,2,61
3,7,13:10:16,3,-1,1,AA6835,3,2,609
7,8,13:12:08,3,-1,2,AA6835,0,2,101
8,9,13:13:29,3,-1,1,AA6835,0,2,40
9,10,13:14:19,3,-1,1,AA6835,0,2,30
10,11,13:17:04,3,-1,1,AA6835,0,2,144
11,12,13:18:15,3,-1,1,AA6835,0,2,30
12,13,13:20:26,3,-1,1,AA6835,0,2,90
13,14,13:21:27,3,-1,1,AA6835,0,2,40
14,15,13:23:28,3,-1,-1,AA6835,0,2,100
15,16,13:26:10,3,-1,1,AA6835,0,2,111
16,17,13:33:08,3,-1,-1,AA6835,0,2,394
20,21,14:00:35,3,-1,-1,AA6835,0,2,161
21,22,14:02:57,3,-1,-1,AA6835,0,2,101
0,1,14:20:15,3,-1,-1,AA6835,0,2,105
1,2,14:22:27,3,-1,3,AA6835,0,2,60
2,3,14:24:08,3,-1,2,AA6835,0,2,91
3,7,14:35:48,3,-1,1,AA6835,3,2,659
7,8,14:38:10,3,-1,2,AA6835,0,2,101
8,9,14:40:04,3,-1,1,AA6835,0,2,84
9,10,14:41:05,3,-1,1,AA6835,0,2,30
10,11,14:43:07,3,-1,1,AA6835,0,2,70
11,12,14:43:47,3,-1,2,AA6835,0,2,20
12,13,14:46:19,3,-1,2,AA6835,0,2,111
13,14,14:48:00,3,-1,1,AA6835,0,2,30
14,16,14:53:07,3,-1,1,AA6835,1,2,222
20,21,15:31:06,3,-1,1,AA6835,0,2,100
21,22,15:33:38,3,-1,-1,AA6835,0,2,90
0,1,15:49:46,3,-1,-1,AA6835,0,2,60
1,2,15:51:57,3,-1,3,AA6835,0,2,60
2,3,15:53:18,3,-1,3,AA6835,0,2,20
3,7,16:07:20,3,-1,1,AA6835,3,2,730
7,8,16:09:44,3,-1,2,AA6835,0,2,104
8,9,16:10:46,3,-1,1,AA6835,0,2,40
9,10,16:11:47,3,-1,1,AA6835,0,2,30
10,11,16:14:39,3,-1,1,AA6835,0,2,131
11,12,16:15:30,3,-1,1,AA6835,0,2,20
12,13,16:17:55,3,-1,1,AA6835,0,2,114
13,14,16:18:56,3,-1,1,AA6835,0,2,30
14,15,16:20:17,3,-1,-1,AA6835,0,2,30
15,16,16:22:38,3,-1,1,AA6835,0,2,111
16,17,16:30:18,3,-1,-1,AA6835,0,2,398
20,21,17:16:37,3,-1,1,AA6835,0,2,178
21,22,17:18:38,3,-1,-1,AA6835,0,2,80
0,1,17:25:27,3,-1,-1,AA6835,0,2,60
1,3,17:30:54,3,-1,2,AA6835,1,2,275
3,7,17:40:42,3,-1,2,AA6835,3,2,547
7,8,17:42:34,3,-1,2,AA6835,0,2,101
8,9,17:44:05,3,-1,1,AA6835,0,2,50
9,10,17:44:56,3,-1,1,AA6835,0,2,30
10,12,17:47:28,3,-1,1,AA6835,1,2,142
12,13,17:49:09,3,-1,1,AA6835,0,2,80
13,14,17:50:44,3,-1,2,AA6835,0,2,84
14,15,17:53:56,3,-1,-1,AA6835,0,2,40
15,16,17:56:08,3,-1,1,AA6835,0,2,101
16,17,18:05:09,3,-1,-1,AA6835,0,2,510
19,20,18:31:52,3,-1,1,AA6835,0,2,204
20,21,18:39:09,3,-1,1,AA6835,0,2,374
21,22,18:40:55,3,-1,-1,AA6835,0,2,85
0,1,10:53:39,3,-1,-1,AA6848,0,2,40
1,2,10:55:21,3,-1,2,AA6848,0,2,51
2,3,10:58:06,3,-1,2,AA6848,0,2,90
3,7,11:09:46,3,-1,2,AA6848,3,2,589
7,8,11:12:28,3,-1,1,AA6848,0,2,121
8,9,11:13:48,3,-1,1,AA6848,0,2,30
9,10,11:14:29,3,-1,1,AA6848,0,2,20
10,11,11:17:14,3,-1,1,AA6848,0,2,94
11,12,11:18:14,3,-1,1,AA6848,0,2,20
12,13,11:20:06,3,-1,1,AA6848,0,2,70
13,14,11:21:27,3,-1,1,AA6848,0,2,40
14,15,11:22:48,3,-1,-1,AA6848,0,2,40
15,16,11:25:29,3,-1,1,AA6848,0,2,131
16,17,11:33:49,3,-1,-1,AA6848,0,2,448
21,22,12:08:16,3,-1,-1,AA6848,0,2,90
0,1,14:57:44,3,-1,-1,AA6875,0,2,114
1,2,14:59:56,3,-1,3,AA6875,0,2,91
2,3,15:01:57,3,-1,3,AA6875,0,2,60
3,7,15:14:38,3,-1,2,AA6875,3,2,700
7,8,15:17:03,3,-1,2,AA6875,0,2,104
8,9,15:18:35,3,-1,1,AA6875,0,2,71
9,10,15:19:15,3,-1,1,AA6875,0,2,30
10,11,15:22:58,3,-1,1,AA6875,0,2,202
11,12,15:23:58,3,-1,2,AA6875,0,2,30
12,13,15:26:21,3,-1,1,AA6875,0,2,60
13,14,15:27:54,3,-1,1,AA6875,0,2,40
14,15,15:29:25,3,-1,-1,AA6875,0,2,30
15,16,15:31:37,3,-1,1,AA6875,0,2,90
16,17,15:39:15,3,-1,2,AA6875,0,2,437
20,21,16:07:20,3,-1,1,AA6875,0,2,101
21,22,16:09:02,3,-1,-1,AA6875,0,2,82
2,3,16:37:17,3,-1,3,AA6875,0,2,141
3,7,16:49:19,3,-1,1,AA6875,3,2,661
7,8,16:51:39,3,-1,2,AA6875,0,2,129
8,9,16:54:15,3,-1,1,AA6875,0,2,123
9,10,16:55:26,3,-1,1,AA6875,0,2,30
10,11,17:00:43,3,-1,1,AA6875,0,2,307
11,12,17:02:05,3,-1,1,AA6875,0,2,30
12,13,17:03:57,3,-1,1,AA6875,0,2,61
13,14,17:05:08,3,-1,2,AA6875,0,2,40
14,15,17:07:00,3,-1,-1,AA6875,0,2,30
15,16,17:09:25,3,-1,1,AA6875,0,2,101
16,17,17:17:37,3,-1,-1,AA6875,0,2,410
20,21,17:59:55,3,-1,1,AA6875,0,2,146
21,22,18:01:57,3,-1,-1,AA6875,0,2,91
0,1,18:14:03,3,-1,-1,AA6875,0,2,53
1,2,18:15:54,3,-1,3,AA6875,0,2,91
2,3,18:19:47,3,-1,2,AA6875,0,2,121
3,4,18:24:15,3,-1,2,AA6875,0,2,136
4,5,18:28:59,3,-1,2,AA6875,0,2,242
5,6,18:36:47,3,-1,1,AA6875,0,2,448
6,7,18:51:59,3,-1,1,AA6875,0,2,881
7,8,18:54:25,3,-1,1,AA6875,0,2,135
8,9,18:55:46,3,-1,1,AA6875,0,2,50
9,10,18:56:26,3,-1,1,AA6875,0,2,30
10,11,18:59:18,3,-1,1,AA6875,0,2,161
11,12,18:59:59,3,-1,1,AA6875,0,2,30
12,13,19:03:03,3,-1,1,AA6875,0,2,143
13,14,19:04:54,3,-1,2,AA6875,0,2,91
14,15,19:06:46,3,-1,-1,AA6875,0,2,40
15,16,19:08:47,3,-1,1,AA6875,0,2,70
16,17,19:18:07,3,-1,1,AA6875,0,2,519
17,18,19:20:48,3,-1,1,AA6875,0,2,151
18,19,19:28:05,3,-1,3,AA6875,0,2,406
19,20,19:32:49,3,-1,1,AA6875,0,2,91
20,21,19:36:04,3,-1,1,AA6875,0,2,144
21,22,19:38:26,3,-1,-1,AA6875,0,2,101
0,1,19:45:35,3,-1,-1,AA6875,0,2,94
1,2,19:47:06,3,-1,3,AA6875,0,2,51
2,3,19:49:53,3,-1,2,AA6875,0,2,126
3,4,19:50:54,3,-1,1,AA6875,0,2,20
4,18,19:56:58,3,-1,1,AA6875,1,2,272
6,7,20:09:20,3,-1,1,AA6875,0,2,721
7,8,20:11:35,3,-1,1,AA6875,0,2,121
8,9,20:12:56,3,-1,1,AA6875,0,2,60
9,10,20:13:56,3,-1,1,AA6875,0,2,30
10,11,20:15:47,3,-1,1,AA6875,0,2,90
11,12,20:16:48,3,-1,1,AA6875,0,2,30
12,13,20:18:09,3,-1,1,AA6875,0,2,50
13,14,20:19:33,3,-1,1,AA6875,0,2,43
14,15,20:21:14,3,-1,-1,AA6875,0,2,30
15,16,20:24:06,3,-1,1,AA6875,0,2,141
16,17,20:31:36,3,-1,1,AA6875,0,2,409
17,18,20:33:17,3,-1,1,AA6875,0,2,90
18,19,20:39:15,3,-1,2,AA6875,0,2,348
19,20,20:40:47,3,-1,1,AA6875,0,2,50
20,21,20:42:28,3,-1,1,AA6875,0,2,90
21,22,20:44:49,3,-1,-1,AA6875,0,2,90
0,1,6:10:45,3,-1,-1,AA7149,0,2,30
1,2,6:13:07,3,-1,1,AA7149,0,2,111
2,3,6:14:48,3,-1,2,AA7149,0,2,80
3,7,6:24:48,3,-1,1,AA7149,3,2,509
7,8,6:27:28,3,-1,2,AA7149,0,2,149
8,9,6:28:38,3,-1,1,AA7149,0,2,50
9,10,6:29:49,3,-1,1,AA7149,0,2,30
10,11,6:32:04,3,-1,1,AA7149,0,2,124
11,12,6:32:54,3,-1,1,AA7149,0,2,20
12,13,6:34:15,3,-1,1,AA7149,0,2,50
13,14,6:35:07,3,-1,1,AA7149,0,2,41
14,15,6:36:38,3,-1,-1,AA7149,0,2,30
15,16,6:38:59,3,-1,1,AA7149,0,2,70
16,17,6:46:45,3,-1,1,AA7149,0,2,415
17,20,7:04:12,3,-1,1,AA7149,2,2,1037
20,21,7:06:35,3,-1,1,AA7149,0,2,132
21,22,7:08:26,3,-1,-1,AA7149,0,2,80
0,1,7:15:24,3,-1,-1,AA7149,0,2,64
1,2,7:18:06,3,-1,2,AA7149,0,2,141
2,3,7:19:57,3,-1,2,AA7149,0,2,50
3,7,7:29:46,3,-1,1,AA7149,3,2,528
7,8,7:32:28,3,-1,1,AA7149,0,2,151
8,9,7:33:49,3,-1,1,AA7149,0,2,60
9,10,7:34:59,3,-1,1,AA7149,0,2,30
10,11,7:36:55,3,-1,1,AA7149,0,2,80
11,12,7:37:56,3,-1,1,AA7149,0,2,30
12,13,7:39:17,3,-1,1,AA7149,0,2,50
13,14,7:40:28,3,-1,1,AA7149,0,2,40
14,15,7:42:29,3,-1,-1,AA7149,0,2,50
15,16,7:45:35,3,-1,1,AA7149,0,2,155
16,17,7:54:27,3,-1,1,AA7149,0,2,430
20,21,8:44:10,3,-1,1,AA7149,0,2,222
21,22,8:46:37,3,-1,-1,AA7149,0,2,102
0,1,8:54:25,3,-1,-1,AA7149,0,2,60
1,2,8:56:27,3,-1,3,AA7149,0,2,60
2,3,8:59:49,3,-1,3,AA7149,0,2,131
3,7,9:13:55,3,-1,1,AA7149,3,2,721
7,8,9:16:06,3,-1,2,AA7149,0,2,121
8,9,9:18:07,3,-1,1,AA7149,0,2,100
9,10,9:19:18,3,-1,1,AA7149,0,2,30
10,11,9:21:49,3,-1,1,AA7149,0,2,121
11,12,9:22:50,3,-1,1,AA7149,0,2,20
12,13,9:24:55,3,-1,1,AA7149,0,2,70
13,14,9:26:06,3,-1,1,AA7149,0,2,40
14,16,9:30:39,3,-1,1,AA7149,1,2,222
21,22,10:10:20,3,-1,-1,AA7149,0,2,100
22,2,10:51:37,3,-1,3,AA7149,1,2,181
2,3,10:53:49,3,-1,3,AA7149,0,2,70
3,7,11:04:09,3,-1,1,AA7149,3,2,538
7,8,11:05:43,3,-1,2,AA7149,0,2,83
8,9,11:07:25,3,-1,1,AA7149,0,2,91
9,11,11:11:57,3,-1,1,AA7149,1,2,252
11,12,11:13:08,3,-1,1,AA7149,0,2,30
12,13,11:14:39,3,-1,1,AA7149,0,2,60
13,14,11:15:30,3,-1,1,AA7149,0,2,40
14,15,11:17:14,3,-1,-1,AA7149,0,2,30
15,16,11:19:15,3,-1,1,AA7149,0,2,91
16,17,11:27:04,3,-1,1,AA7149,0,2,418
20,21,11:57:05,3,-1,1,AA7149,0,2,94
21,22,11:59:26,3,-1,-1,AA7149,0,2,90
0,1,12:29:07,3,-1,-1,AA7149,0,2,40
1,2,12:31:38,3,-1,3,AA7149,0,2,30
2,3,12:37:24,3,-1,2,AA7149,0,2,335
3,4,12:43:28,3,-1,1,AA7149,0,2,252
4,7,12:51:57,3,-1,1,AA7149,2,2,468
7,8,12:54:09,3,-1,2,AA7149,0,2,121
8,9,12:55:50,3,-1,1,AA7149,0,2,70
9,10,12:56:53,3,-1,1,AA7149,0,2,20
10,11,13:00:06,3,-1,1,AA7149,0,2,132
11,12,13:01:27,3,-1,1,AA7149,0,2,30
12,13,13:03:39,3,-1,1,AA7149,0,2,80
13,14,13:05:13,3,-1,1,AA7149,0,2,40
14,15,13:06:54,3,-1,-1,AA7149,0,2,60
15,16,13:08:55,3,-1,1,AA7149,0,2,70
16,17,13:17:04,3,-1,2,AA7149,0,2,407
20,21,13:47:53,3,-1,1,AA7149,0,2,285
21,22,13:50:05,3,-1,-1,AA7149,0,2,80
0,1,13:57:53,3,-1,-1,AA7149,0,2,82
1,2,13:59:44,3,-1,2,AA7149,0,2,40
2,3,14:01:46,3,-1,-1,AA7149,0,2,40
3,7,14:15:58,3,-1,1,AA7149,3,2,649
7,8,14:18:09,3,-1,2,AA7149,0,2,121
8,9,14:20:36,3,-1,1,AA7149,0,2,126
9,10,14:21:36,3,-1,1,AA7149,0,2,30
10,11,14:24:28,3,-1,1,AA7149,0,2,90
11,12,14:25:19,3,-1,2,AA7149,0,2,30
12,13,14:28:32,3,-1,2,AA7149,0,2,112
13,14,14:29:33,3,-1,1,AA7149,0,2,40
14,15,14:31:14,3,-1,-1,AA7149,0,2,30
15,16,14:33:46,3,-1,1,AA7149,0,2,70
16,17,14:41:46,3,-1,1,AA7149,0,2,419
20,21,15:12:57,3,-1,1,AA7149,0,2,202
21,22,15:14:58,3,-1,-1,AA7149,0,2,91
0,1,15:30:06,3,-1,-1,AA7149,0,2,90
1,2,15:32:27,3,-1,3,AA7149,0,2,90
2,3,15:36:33,3,-1,3,AA7149,0,2,134
3,7,15:49:15,3,-1,1,AA7149,3,2,701
7,8,15:51:27,3,-1,2,AA7149,0,2,101
8,9,15:52:58,3,-1,1,AA7149,0,2,70
9,10,15:54:29,3,-1,1,AA7149,0,2,30
10,11,15:56:50,3,-1,1,AA7149,0,2,121
11,12,15:57:52,3,-1,1,AA7149,0,2,20
12,13,15:59:35,3,-1,2,AA7149,0,2,71
13,14,16:00:56,3,-1,2,AA7149,0,2,40
14,15,16:02:47,3,-1,-1,AA7149,0,2,60
15,16,16:04:58,3,-1,1,AA7149,0,2,101
16,17,16:12:58,3,-1,2,AA7149,0,2,449
20,21,16:55:36,3,-1,1,AA7149,0,2,182
21,22,16:58:18,3,-1,-1,AA7149,0,2,101
0,1,17:05:59,3,-1,-1,AA7149,0,2,101
1,2,17:08:04,3,-1,3,AA7149,0,2,44
2,3,17:11:58,3,-1,3,AA7149,0,2,80
3,8,17:26:48,3,-1,2,AA7149,4,2,820
8,9,17:29:02,3,-1,1,AA7149,0,2,93
9,10,17:29:53,3,-1,1,AA7149,0,2,20
10,11,17:33:05,3,-1,1,AA7149,0,2,172
11,12,17:34:16,3,-1,1,AA7149,0,2,30
12,13,17:36:18,3,-1,1,AA7149,0,2,91
13,14,17:38:09,3,-1,2,AA7149,0,2,50
14,15,17:40:42,3,-1,-1,AA7149,0,2,82
15,16,17:43:55,3,-1,1,AA7149,0,2,111
16,17,17:52:15,3,-1,1,AA7149,0,2,449
20,21,18:42:06,3,-1,1,AA7149,0,2,238
21,22,18:44:49,3,-1,-1,AA7149,0,2,121
0,1,18:55:36,3,-1,-1,AA7149,0,2,81
1,2,18:57:37,3,-1,3,AA7149,0,2,40
2,3,18:59:18,3,-1,2,AA7149,0,2,50
3,4,19:01:42,3,-1,1,AA7149,0,2,93
4,18,19:05:45,3,-1,1,AA7149,1,2,161
6,7,19:17:57,3,-1,1,AA7149,0,2,721
7,8,19:19:48,3,-1,2,AA7149,0,2,90
8,9,19:21:29,3,-1,1,AA7149,0,2,70
9,10,19:22:19,3,-1,1,AA7149,0,2,30
10,11,19:27:05,3,-1,1,AA7149,0,2,265
11,12,19:28:05,3,-1,1,AA7149,0,2,30
12,13,19:29:36,3,-1,1,AA7149,0,2,60
13,14,19:31:08,3,-1,1,AA7149,0,2,50
14,15,19:33:09,3,-1,-1,AA7149,0,2,30
15,16,19:35:54,3,-1,1,AA7149,0,2,114
16,18,19:45:45,3,-1,1,AA7149,1,2,539
18,19,19:55:07,3,-1,3,AA7149,0,2,531
19,20,19:58:29,3,-1,1,AA7149,0,2,181
20,21,20:02:25,3,-1,1,AA7149,0,2,206
21,22,20:05:28,3,-1,-1,AA7149,0,2,91
22,2,20:41:57,3,-1,1,AA7149,1,2,203
2,3,20:43:28,3,-1,2,AA7149,0,2,40
3,4,20:45:40,3,-1,1,AA7149,0,2,70
4,18,20:48:56,3,-1,1,AA7149,1,2,155
6,7,20:58:06,3,-1,2,AA7149,0,2,539
7,8,21:00:27,3,-1,2,AA7149,0,2,101
8,9,21:01:48,3,-1,1,AA7149,0,2,50
9,10,21:02:48,3,-1,1,AA7149,0,2,30
10,11,21:05:40,3,-1,1,AA7149,0,2,151
11,12,21:06:44,3,-1,1,AA7149,0,2,23
12,13,21:08:35,3,-1,1,AA7149,0,2,60
13,14,21:10:06,3,-1,1,AA7149,0,2,40
14,15,21:11:47,3,-1,-1,AA7149,0,2,30
15,16,21:14:49,3,-1,1,AA7149,0,2,171
16,17,21:22:39,3,-1,1,AA7149,0,2,429
17,18,21:24:13,3,-1,1,AA7149,0,2,83
18,19,21:29:46,3,-1,3,AA7149,0,2,313
19,20,21:32:38,3,-1,1,AA7149,0,2,100
20,21,21:36:01,3,-1,1,AA7149,0,2,162
21,22,21:38:15,3,-1,-1,AA7149,0,2,92
0,1,22:00:59,3,-1,-1,AA7149,0,2,40
1,2,22:02:34,3,-1,-1,AA7149,0,2,54
2,3,22:04:56,3,-1,-1,AA7149,0,2,101
3,4,22:07:17,3,-1,1,AA7149,0,2,90
4,18,22:10:19,3,-1,1,AA7149,1,2,151
6,7,22:19:38,3,-1,1,AA7149,0,2,548
7,8,22:21:59,3,-1,2,AA7149,0,2,131
8,9,22:23:10,3,-1,1,AA7149,0,2,60
9,10,22:23:52,3,-1,1,AA7149,0,2,20
10,11,22:25:43,3,-1,1,AA7149,0,2,90
11,12,22:26:55,3,-1,1,AA7149,0,2,20
12,13,22:29:26,3,-1,1,AA7149,0,2,100
13,14,22:30:47,3,-1,1,AA7149,0,2,40
14,15,22:32:18,3,-1,-1,AA7149,0,2,30
15,16,22:34:29,3,-1,1,AA7149,0,2,100
16,17,22:41:56,3,-1,1,AA7149,0,4,406
17,18,22:44:07,3,-1,1,AA7149,0,4,121
18,19,22:49:12,3,-1,2,AA7149,0,2,294
19,20,22:50:53,3,-1,1,AA7149,0,2,50
20,21,22:53:04,3,-1,1,AA7149,0,2,121
21,22,22:54:56,3,-1,-1,AA7149,0,2,90
0,1,23:13:52,3,-1,-1,AA7149,0,2,20
1,2,23:15:53,3,-1,2,AA7149,0,2,60
2,3,23:18:06,3,-1,2,AA7149,0,2,90
3,4,23:20:17,3,-1,1,AA7149,0,2,80
4,7,23:32:37,3,-1,1,AA7149,2,2,709
7,8,23:34:39,3,-1,1,AA7149,0,2,111
8,9,23:35:50,3,-1,1,AA7149,0,2,50
9,10,23:36:52,3,-1,1,AA7149,0,2,32
10,11,23:39:55,3,-1,1,AA7149,0,4,162
11,12,23:40:56,3,-1,1,AA7149,0,2,30
12,13,23:42:07,3,-1,1,AA7149,0,2,60
13,14,23:43:17,3,-1,1,AA7149,0,2,40
14,15,23:44:28,3,-1,-1,AA7149,0,2,40
15,16,23:47:00,3,-1,1,AA7149,0,2,101
16,17,23:54:37,3,-1,1,AA7149,0,2,416
17,18,23:55:58,3,-1,1,AA7149,0,2,70
1,2,7:58:40,3,-1,3,AA7195,0,2,112
2,3,8:02:26,3,-1,3,AA7195,0,2,131
0,1,9:35:56,3,-1,-1,AA7195,0,2,640
1,2,9:37:27,3,-1,3,AA7195,0,2,70
2,3,9:39:48,3,-1,3,AA7195,0,2,100
3,7,9:52:28,3,-1,2,AA7195,3,2,598
7,8,9:54:20,3,-1,2,AA7195,0,2,100
8,10,9:57:03,3,-1,1,AA7195,1,2,152
10,11,9:59:34,3,-1,1,AA7195,0,2,110
11,12,10:00:14,3,-1,1,AA7195,0,2,30
12,14,10:02:46,3,-1,1,AA7195,1,2,121
14,15,10:04:17,3,-1,-1,AA7195,0,2,50
15,16,10:06:28,3,-1,1,AA7195,0,2,121
16,17,10:13:27,3,-1,-1,AA7195,0,2,377
20,21,10:46:55,3,-1,1,AA7195,0,2,135
21,22,10:49:06,3,-1,-1,AA7195,0,2,111
1,2,11:20:56,3,-1,2,AA7195,0,2,151
2,3,11:24:19,3,-1,2,AA7195,0,2,141
3,7,11:34:29,3,-1,2,AA7195,3,2,539
7,8,11:36:45,3,-1,2,AA7195,0,2,125
8,9,11:38:16,3,-1,1,AA7195,0,2,70
9,10,11:38:46,3,-1,1,AA7195,0,2,20
10,11,11:40:07,3,-1,1,AA7195,0,2,50
11,12,11:41:18,3,-1,1,AA7195,0,2,20
12,13,11:42:49,3,-1,1,AA7195,0,2,60
13,14,11:43:50,3,-1,1,AA7195,0,2,40
14,15,11:44:50,3,-1,-1,AA7195,0,2,30
15,16,11:47:04,3,-1,1,AA7195,0,2,103
16,17,11:54:30,3,-1,2,AA7195,0,2,404
20,21,12:23:51,3,-1,1,AA7195,0,2,132
21,22,12:25:45,3,-1,-1,AA7195,0,2,103
0,1,7:35:09,3,-1,-1,AA7242,0,2,20
1,2,7:37:36,3,-1,2,AA7242,0,2,40
2,3,7:43:42,3,-1,3,AA7242,0,2,306
3,7,7:58:10,3,-1,2,AA7242,3,2,724
7,8,8:00:25,3,-1,2,AA7242,0,2,114
8,9,8:01:45,3,-1,1,AA7242,0,2,70
9,10,8:02:56,3,-1,1,AA7242,0,2,30
10,11,8:04:58,3,-1,1,AA7242,0,2,91
11,12,8:05:58,3,-1,1,AA7242,0,2,30
12,13,8:07:40,3,-1,1,AA7242,0,2,70
13,14,8:08:53,3,-1,1,AA7242,0,2,33
14,15,8:12:06,3,-1,-1,AA7242,0,2,60
15,16,8:15:48,3,-1,1,AA7242,0,2,192
16,17,8:23:47,3,-1,1,AA7242,0,2,407
20,21,9:05:46,3,-1,1,AA7242,0,2,161
21,22,9:07:58,3,-1,-1,AA7242,0,2,90
0,1,9:16:36,3,-1,-1,AA7242,0,2,80
1,2,9:18:37,3,-1,3,AA7242,0,2,101
2,3,9:25:46,3,-1,3,AA7242,0,2,327
3,7,9:39:08,3,-1,2,AA7242,3,2,660
7,8,9:42:00,3,-1,2,AA7242,0,2,161
8,10,9:44:03,3,-1,1,AA7242,1,2,103
10,11,9:46:35,3,-1,1,AA7242,0,2,80
11,12,9:47:25,3,-1,1,AA7242,0,2,30
12,13,9:49:37,3,-1,1,AA7242,0,2,90
13,14,9:50:27,3,-1,1,AA7242,0,2,40
14,15,9:51:38,3,-1,-1,AA7242,0,2,40
15,16,9:53:49,3,-1,1,AA7242,0,2,100
16,17,10:01:15,3,-1,-1,AA7242,0,2,405
20,21,10:35:47,3,-1,1,AA7242,0,2,111
21,22,10:37:58,3,-1,-1,AA7242,0,2,90
1,3,10:49:36,3,-1,3,AA7242,1,2,151
3,4,10:52:28,3,-1,1,AA7242,0,2,80
4,7,11:01:28,3,-1,1,AA7242,2,2,499
7,8,11:03:49,3,-1,2,AA7242,0,2,131
8,9,11:05:43,3,-1,1,AA7242,0,2,73
9,10,11:06:34,3,-1,1,AA7242,0,2,30
10,11,11:11:37,3,-1,1,AA7242,0,2,161
11,12,11:12:38,3,-1,1,AA7242,0,2,30
12,13,11:14:09,3,-1,1,AA7242,0,2,60
13,14,11:15:19,3,-1,1,AA7242,0,2,30
14,15,11:16:54,3,-1,-1,AA7242,0,2,33
15,16,11:19:15,3,-1,1,AA7242,0,2,101
16,17,11:26:44,3,-1,1,AA7242,0,2,408
20,21,11:59:26,3,-1,1,AA7242,0,2,101
21,22,12:01:58,3,-1,-1,AA7242,0,2,90
0,1,12:43:18,3,-1,-1,AA7242,0,2,90
1,2,12:44:59,3,-1,2,AA7242,0,2,40
2,3,12:48:25,3,-1,2,AA7242,0,2,125
3,7,13:01:07,3,-1,2,AA7242,3,2,670
7,8,13:03:39,3,-1,1,AA7242,0,2,142
8,9,13:05:03,3,-1,1,AA7242,0,2,42
9,10,13:05:54,3,-1,1,AA7242,0,2,30
10,11,13:07:55,3,-1,1,AA7242,0,2,80
11,12,13:08:45,3,-1,1,AA7242,0,2,20
12,13,13:10:57,3,-1,1,AA7242,0,2,91
13,14,13:12:28,3,-1,1,AA7242,0,2,40
14,15,13:13:39,3,-1,-1,AA7242,0,2,30
15,16,13:16:24,3,-1,1,AA7242,0,2,114
16,17,13:23:58,3,-1,2,AA7242,0,2,424
20,21,13:49:55,3,-1,1,AA7242,0,2,91
21,22,13:52:37,3,-1,-1,AA7242,0,2,90
0,1,14:09:03,3,-1,-1,AA7242,0,2,82
1,2,14:11:15,3,-1,3,AA7242,0,2,122
2,3,14:14:27,3,-1,3,AA7242,0,2,151
3,7,14:27:42,3,-1,2,AA7242,3,2,704
7,8,14:29:43,3,-1,2,AA7242,0,2,111
8,9,14:31:24,3,-1,1,AA7242,0,2,81
9,10,14:32:15,3,-1,1,AA7242,0,2,40
10,11,14:35:17,3,-1,1,AA7242,0,2,161
11,12,14:36:18,3,-1,2,AA7242,0,2,20
12,13,14:38:40,3,-1,2,AA7242,0,2,101
13,14,14:39:34,3,-1,1,AA7242,0,2,43
14,15,14:41:36,3,-1,-1,AA7242,0,2,50
15,16,14:44:07,3,-1,1,AA7242,0,2,111
16,17,14:51:47,3,-1,1,AA7242,0,2,408
20,21,15:27:04,3,-1,1,AA7242,0,2,185
21,22,15:29:05,3,-1,-1,AA7242,0,2,90
0,1,14:51:06,3,-1,-1,AA7248,0,2,131
1,2,14:52:27,3,-1,2,AA7248,0,2,40
2,3,14:54:38,3,-1,2,AA7248,0,2,70
3,7,15:07:43,3,-1,2,AA7248,3,2,704
7,8,15:10:25,3,-1,2,AA7248,0,2,111
8,9,15:11:56,3,-1,1,AA7248,0,2,50
9,10,15:12:57,3,-1,1,AA7248,0,2,30
10,11,15:15:29,3,-1,1,AA7248,0,2,141
11,12,15:16:33,3,-1,1,AA7248,0,2,23
12,13,15:19:05,3,-1,1,AA7248,0,2,90
13,14,15:20:36,3,-1,1,AA7248,0,2,50
14,15,15:22:58,3,-1,-1,AA7248,0,2,50
15,16,15:25:20,3,-1,1,AA7248,0,2,111
16,17,15:33:18,3,-1,1,AA7248,0,2,437
20,21,16:05:08,3,-1,1,AA7248,0,2,222
21,22,16:08:00,3,-1,-1,AA7248,0,2,111
0,1,16:21:28,3,-1,-1,AA7248,0,2,70
1,2,16:24:00,3,-1,3,AA7248,0,2,142
2,3,16:27:56,3,-1,3,AA7248,0,2,225
3,7,16:39:59,3,-1,1,AA7248,3,2,662
7,8,16:41:44,3,-1,2,AA7248,0,2,94
8,9,16:43:04,3,-1,1,AA7248,0,2,40
9,10,16:43:55,3,-1,1,AA7248,0,2,20
10,11,16:46:47,3,-1,1,AA7248,0,2,111
11,12,16:47:58,3,-1,1,AA7248,0,2,30
12,13,16:49:50,3,-1,1,AA7248,0,2,80
13,14,16:51:08,3,-1,2,AA7248,0,2,30
14,15,16:53:34,3,-1,-1,AA7248,0,2,104
15,16,16:56:16,3,-1,1,AA7248,0,2,121
16,17,17:04:58,3,-1,-1,AA7248,0,2,481
21,22,18:00:15,3,-1,-1,AA7248,0,2,96
0,1,18:08:46,3,-1,-1,AA7248,0,2,81
1,2,18:12:39,3,-1,3,AA7248,0,2,202
2,3,18:15:14,3,-1,2,AA7248,0,2,81
3,4,18:19:57,3,-1,2,AA7248,0,2,222
4,18,18:24:25,3,-1,1,AA7248,1,2,187
6,7,18:44:08,3,-1,1,AA7248,0,2,1142
7,8,18:46:20,3,-1,1,AA7248,0,2,121
8,9,18:48:06,3,-1,1,AA7248,0,2,50
9,10,18:49:37,3,-1,1,AA7248,0,2,50
10,11,18:53:10,3,-1,1,AA7248,0,2,192
11,12,18:54:35,3,-1,1,AA7248,0,2,30
12,13,18:58:18,3,-1,1,AA7248,0,2,141
13,14,19:00:09,3,-1,2,AA7248,0,2,101
14,15,19:03:03,3,-1,-1,AA7248,0,2,50
15,16,19:05:55,3,-1,1,AA7248,0,2,131
16,17,19:15:15,3,-1,1,AA7248,0,2,519
17,18,19:18:57,3,-1,1,AA7248,0,2,212
18,19,19:29:16,3,-1,3,AA7248,0,2,578
19,20,19:32:49,3,-1,1,AA7248,0,2,91
20,21,19:36:04,3,-1,1,AA7248,0,2,124
21,22,19:38:46,3,-1,-1,AA7248,0,2,121
0,1,19:51:55,3,-1,-1,AA7248,0,2,80
1,2,19:54:06,3,-1,3,AA7248,0,2,50
2,3,19:55:47,3,-1,2,AA7248,0,2,50
3,4,19:57:58,3,-1,1,AA7248,0,2,90
4,18,20:01:15,3,-1,1,AA7248,1,2,165
6,7,20:12:35,3,-1,2,AA7248,0,2,670
7,8,20:14:27,3,-1,1,AA7248,0,2,80
8,9,20:16:28,3,-1,1,AA7248,0,2,90
9,10,20:17:18,3,-1,1,AA7248,0,2,40
10,11,20:19:09,3,-1,1,AA7248,0,2,80
11,12,20:19:53,3,-1,1,AA7248,0,2,20
12,13,20:23:16,3,-1,1,AA7248,0,2,161
13,14,20:24:56,3,-1,1,AA7248,0,2,40
14,15,20:26:37,3,-1,-1,AA7248,0,2,40
15,16,20:29:04,3,-1,1,AA7248,0,2,106
16,17,20:37:10,3,-1,1,AA7248,0,2,455
17,18,20:38:55,3,-1,1,AA7248,0,2,94
18,19,20:44:49,3,-1,2,AA7248,0,2,334
19,20,20:48:06,3,-1,1,AA7248,0,2,145
20,21,20:51:28,3,-1,1,AA7248,0,2,181
21,22,20:53:39,3,-1,-1,AA7248,0,2,90
0,1,21:35:20,3,-1,-1,AA7248,0,2,60
1,2,21:36:42,3,-1,2,AA7248,0,2,41
2,3,21:38:25,3,-1,2,AA7248,0,2,50
3,4,21:40:27,3,-1,1,AA7248,0,2,80
4,18,21:44:00,3,-1,1,AA7248,1,2,172
6,7,21:53:45,3,-1,2,AA7248,0,2,574
7,8,21:55:36,3,-1,2,AA7248,0,2,100
8,9,21:57:17,3,-1,1,AA7248,0,2,60
9,10,21:57:57,3,-1,1,AA7248,0,2,30
10,11,22:01:29,3,-1,-1,AA7248,0,2,201
11,12,22:02:20,3,-1,-1,AA7248,0,2,30
12,13,22:04:45,3,-1,-1,AA7248,0,2,70
13,14,22:06:26,3,-1,1,AA7248,0,2,50
14,15,22:08:58,3,-1,-1,AA7248,0,2,50
15,16,22:11:19,3,-1,1,AA7248,0,2,111
16,17,22:19:17,3,-1,1,AA7248,0,2,393
17,18,22:21:29,3,-1,1,AA7248,0,2,121
18,19,22:26:45,3,-1,3,AA7248,0,2,295
19,20,22:31:17,3,-1,1,AA7248,0,2,191
20,21,22:33:18,3,-1,1,AA7248,0,2,100
21,22,22:35:31,3,-1,-1,AA7248,0,4,91
0,1,22:52:34,3,-1,-1,AA7248,0,2,70
1,2,22:54:05,3,-1,2,AA7248,0,2,50
2,3,22:56:37,3,-1,2,AA7248,0,2,50
3,4,22:58:58,3,-1,1,AA7248,0,2,60
4,18,23:03:00,3,-1,-1,AA7248,1,2,181
6,7,23:12:09,3,-1,2,AA7248,0,2,538
7,8,23:14:02,3,-1,2,AA7248,0,2,103
8,9,23:15:23,3,-1,1,AA7248,0,2,60
9,10,23:16:14,3,-1,1,AA7248,0,2,30
10,11,23:17:46,3,-1,1,AA7248,0,2,60
11,12,23:18:36,3,-1,1,AA7248,0,2,20
12,13,23:20:17,3,-1,1,AA7248,0,2,60
13,14,23:21:18,3,-1,1,AA7248,0,2,30
14,15,23:22:49,3,-1,-1,AA7248,0,2,40
15,16,23:25:10,3,-1,1,AA7248,0,2,111
16,18,23:34:08,3,-1,1,AA7248,1,2,506
18,19,23:40:06,3,-1,2,AA7248,0,4,337
19,20,23:42:27,3,-1,1,AA7248,0,2,100
20,21,23:44:08,3,-1,1,AA7248,0,2,70
21,22,23:46:39,3,-1,-1,AA7248,0,2,101
0,1,6:00:57,3,-1,-1,AA7301,0,2,20
1,2,6:02:18,3,-1,1,AA7301,0,2,30
2,3,6:04:39,3,-1,1,AA7301,0,2,30
3,7,6:15:08,3,-1,1,AA7301,3,2,548
7,8,6:16:59,3,-1,-1,AA7301,0,2,100
8,9,6:18:20,3,-1,1,AA7301,0,2,60
9,10,6:19:15,3,-1,1,AA7301,0,2,20
10,11,6:21:36,3,-1,1,AA7301,0,2,91
11,12,6:22:27,3,-1,1,AA7301,0,2,30
12,14,6:24:28,3,-1,1,AA7301,1,2,90
14,15,6:25:28,3,-1,-1,AA7301,0,2,30
15,16,6:27:18,3,-1,1,AA7301,0,2,67
16,17,6:34:25,3,-1,-1,AA7301,0,2,387
17,20,6:49:06,3,-1,1,AA7301,2,2,869
20,21,6:50:37,3,-1,1,AA7301,0,2,80
21,22,6:52:18,3,-1,-1,AA7301,0,2,90
0,1,6:57:47,3,-1,-1,AA7301,0,2,22
1,2,6:59:48,3,-1,1,AA7301,0,2,60
2,3,7:01:39,3,-1,1,AA7301,0,2,40
3,7,7:11:38,3,-1,2,AA7301,3,2,526
7,8,7:13:49,3,-1,2,AA7301,0,2,90
8,9,7:15:14,3,-1,1,AA7301,0,2,40
9,10,7:16:15,3,-1,1,AA7301,0,2,30
10,11,7:17:36,3,-1,1,AA7301,0,2,50
11,12,7:18:26,3,-1,1,AA7301,0,2,30
12,13,7:19:47,3,-1,1,AA7301,0,2,60
13,14,7:20:48,3,-1,1,AA7301,0,2,30
14,15,7:21:58,3,-1,-1,AA7301,0,2,20
15,16,7:24:50,3,-1,1,AA7301,0,2,141
16,17,7:31:37,3,-1,-1,AA7301,0,2,376
20,21,8:12:46,3,-1,1,AA7301,0,2,192
21,22,8:14:07,3,-1,-1,AA7301,0,2,30
0,1,8:21:55,3,-1,-1,AA7301,0,2,82
1,3,8:30:05,3,-1,3,AA7301,1,2,459
3,7,8:49:29,3,-1,1,AA7301,3,2,990
7,8,8:52:34,3,-1,2,AA7301,0,2,174
8,9,8:54:35,3,-1,1,AA7301,0,2,90
9,10,8:55:37,3,-1,1,AA7301,0,2,20
10,11,8:58:39,3,-1,1,AA7301,0,2,141
11,12,9:00:09,3,-1,1,AA7301,0,2,70
12,13,9:04:25,3,-1,2,AA7301,0,2,151
13,14,9:05:16,3,-1,1,AA7301,0,2,30
14,15,9:06:57,3,-1,-1,AA7301,0,2,40
15,16,9:08:48,3,-1,1,AA7301,0,2,90
16,17,9:16:16,3,-1,-1,AA7301,0,2,397
20,21,9:53:49,3,-1,1,AA7301,0,2,100
21,22,9:55:32,3,-1,-1,AA7301,0,2,92
0,1,10:29:20,3,-1,-1,AA7301,0,2,70
1,2,10:31:15,3,-1,3,AA7301,0,2,40
2,3,10:33:36,3,-1,3,AA7301,0,2,70
3,7,10:45:30,3,-1,1,AA7301,3,2,612
7,8,10:48:26,3,-1,1,AA7301,0,2,155
8,9,10:49:56,3,-1,1,AA7301,0,2,70
9,10,10:50:37,3,-1,1,AA7301,0,2,30
10,11,10:52:58,3,-1,1,AA7301,0,2,111
11,12,10:53:29,3,-1,1,AA7301,0,2,20
12,13,10:55:11,3,-1,1,AA7301,0,2,61
13,14,10:56:11,3,-1,1,AA7301,0,2,30
14,15,10:57:56,3,-1,-1,AA7301,0,2,40
15,16,11:00:17,3,-1,1,AA7301,0,2,90
16,17,11:07:25,3,-1,2,AA7301,0,2,397
20,21,11:38:16,3,-1,1,AA7301,0,2,101
21,22,11:40:17,3,-1,-1,AA7301,0,2,90
0,1,12:17:57,3,-1,-1,AA7301,0,2,40
1,2,12:20:38,3,-1,2,AA7301,0,2,60
2,3,12:23:51,3,-1,2,AA7301,0,2,82
3,7,12:34:43,3,-1,1,AA7301,3,2,590
7,8,12:36:44,3,-1,1,AA7301,0,2,90
8,9,12:38:05,3,-1,1,AA7301,0,2,70
9,10,12:38:45,3,-1,1,AA7301,0,2,20
10,11,12:41:07,3,-1,1,AA7301,0,2,100
11,12,12:42:07,3,-1,1,AA7301,0,2,30
12,13,12:43:58,3,-1,1,AA7301,0,2,80
13,14,12:44:59,3,-1,1,AA7301,0,2,50
14,15,12:46:10,3,-1,-1,AA7301,0,2,30
15,16,12:48:15,3,-1,1,AA7301,0,2,74
16,17,12:55:40,3,-1,1,AA7301,0,2,384
20,21,13:22:07,3,-1,1,AA7301,0,2,181
21,22,13:23:58,3,-1,-1,AA7301,0,2,80
0,1,13:41:56,3,-1,-1,AA7301,0,2,60
1,2,13:44:18,3,-1,2,AA7301,0,2,70
2,3,13:47:02,3,-1,2,AA7301,0,2,72
3,7,13:59:34,3,-1,1,AA7301,3,2,660
7,8,14:01:56,3,-1,-1,AA7301,0,2,121
8,9,14:04:18,3,-1,-1,AA7301,0,2,121
9,10,14:05:18,3,-1,1,AA7301,0,2,30
10,11,14:07:30,3,-1,1,AA7301,0,2,80
11,12,14:10:34,3,-1,2,AA7301,0,2,164
12,13,14:14:37,3,-1,2,AA7301,0,2,151
13,14,14:15:28,3,-1,1,AA7301,0,2,40
14,15,14:17:19,3,-1,-1,AA7301,0,2,40
15,16,14:19:20,3,-1,1,AA7301,0,2,90
16,17,14:27:00,3,-1,2,AA7301,0,2,424
20,21,14:59:56,3,-1,1,AA7301,0,2,122
21,22,15:01:57,3,-1,-1,AA7301,0,2,80
0,1,15:15:29,3,-1,-1,AA7301,0,2,70
1,2,15:17:55,3,-1,2,AA7301,0,2,71
2,3,15:20:16,3,-1,3,AA7301,0,2,60
3,7,15:33:18,3,-1,2,AA7301,3,2,629
7,8,15:35:50,3,-1,2,AA7301,0,2,122
8,9,15:37:03,3,-1,1,AA7301,0,2,30
9,10,15:38:04,3,-1,1,AA7301,0,2,30
10,11,15:40:46,3,-1,1,AA7301,0,2,151
11,12,15:41:37,3,-1,1,AA7301,0,2,30
12,13,15:43:58,3,-1,1,AA7301,0,2,111
13,14,15:44:49,3,-1,2,AA7301,0,2,40
14,15,15:47:23,3,-1,-1,AA7301,0,2,40
15,16,15:49:25,3,-1,1,AA7301,0,2,80
16,17,15:56:30,3,-1,1,AA7301,0,2,404
20,21,16:32:40,3,-1,-1,AA7301,0,2,193
21,22,16:34:55,3,-1,-1,AA7301,0,2,94
0,1,16:52:44,3,-1,-1,AA7301,0,2,125
1,2,16:54:45,3,-1,3,AA7301,0,2,111
2,3,16:57:57,3,-1,2,AA7301,0,2,141
3,4,17:00:33,3,-1,1,AA7301,0,2,84
4,7,17:09:15,3,-1,1,AA7301,2,2,491
7,8,17:11:47,3,-1,2,AA7301,0,2,111
8,9,17:14:19,3,-1,1,AA7301,0,2,111
9,10,17:15:15,3,-1,1,AA7301,0,2,20
10,11,17:17:07,3,-1,1,AA7301,0,2,80
11,12,17:18:08,3,-1,1,AA7301,0,2,30
12,13,17:20:19,3,-1,-1,AA7301,0,2,101
13,14,17:21:54,3,-1,-1,AA7301,0,2,43
14,15,17:23:46,3,-1,-1,AA7301,0,2,51
15,16,17:26:08,3,-1,1,AA7301,0,2,111
16,17,17:34:06,3,-1,2,AA7301,0,2,437
20,22,18:16:55,3,-1,-1,AA7301,1,2,367
0,1,18:30:50,3,-1,-1,AA7301,0,2,70
1,2,18:33:35,3,-1,3,AA7301,0,2,92
2,3,18:36:17,3,-1,3,AA7301,0,2,121
3,4,18:38:39,3,-1,1,AA7301,0,2,80
4,18,18:42:47,3,-1,1,AA7301,1,2,167
6,7,18:57:27,3,-1,1,AA7301,0,2,869
7,8,18:59:18,3,-1,1,AA7301,0,2,101
8,9,19:00:39,3,-1,1,AA7301,0,2,50
9,10,19:01:32,3,-1,1,AA7301,0,2,32
10,11,19:04:54,3,-1,1,AA7301,0,2,131
11,12,19:05:55,3,-1,1,AA7301,0,2,30
12,13,19:08:37,3,-1,1,AA7301,0,2,111
13,14,19:10:38,3,-1,2,AA7301,0,2,80
14,15,19:12:31,3,-1,-1,AA7301,0,2,41
15,16,19:14:34,3,-1,1,AA7301,0,2,93
16,17,19:23:42,3,-1,2,AA7301,0,2,466
17,18,19:26:34,3,-1,1,AA7301,0,2,162
18,19,19:34:10,3,-1,2,AA7301,0,2,435
19,20,19:38:26,3,-1,1,AA7301,0,2,161
20,21,19:41:18,3,-1,1,AA7301,0,2,141
21,22,19:44:00,3,-1,-1,AA7301,0,2,101
0,1,20:06:28,3,-1,-1,AA7301,0,2,60
1,2,20:08:50,3,-1,2,AA7301,0,2,121
2,3,20:10:14,3,-1,2,AA7301,0,2,40
3,4,20:12:05,3,-1,1,AA7301,0,2,50
4,18,20:15:57,3,-1,1,AA7301,1,2,161
6,7,20:29:14,3,-1,1,AA7301,0,2,786
7,8,20:30:55,3,-1,1,AA7301,0,2,90
8,9,20:32:26,3,-1,1,AA7301,0,2,60
9,10,20:33:06,3,-1,1,AA7301,0,2,30
10,11,20:36:18,3,-1,1,AA7301,0,2,161
11,12,20:37:20,3,-1,1,AA7301,0,2,20
12,13,20:39:15,3,-1,1,AA7301,0,2,80
13,14,20:40:37,3,-1,1,AA7301,0,2,40
14,15,20:42:28,3,-1,-1,AA7301,0,2,80
15,16,20:44:39,3,-1,1,AA7301,0,2,101
16,17,20:52:59,3,-1,1,AA7301,0,2,459
17,18,20:54:29,3,-1,1,AA7301,0,2,80
18,19,20:59:47,3,-1,2,AA7301,0,2,307
19,20,21:02:38,3,-1,1,AA7301,0,2,70
20,21,21:06:10,3,-1,1,AA7301,0,2,181
21,22,21:08:35,3,-1,-1,AA7301,0,2,90
0,1,6:44:34,3,-1,-1,AA7341,0,2,80
1,2,6:46:25,3,-1,1,AA7341,0,2,90
2,3,6:48:16,3,-1,1,AA7341,0,2,40
3,4,6:50:17,3,-1,1,AA7341,0,2,30
4,7,6:58:17,3,-1,1,AA7341,2,2,450
7,8,7:00:39,3,-1,2,AA7341,0,2,121
8,9,7:01:59,3,-1,1,AA7341,0,2,40
9,10,7:02:51,3,-1,1,AA7341,0,2,20
10,11,7:05:04,3,-1,1,AA7341,0,2,72
11,12,7:06:05,3,-1,1,AA7341,0,2,30
12,13,7:07:26,3,-1,1,AA7341,0,2,50
13,14,7:08:36,3,-1,1,AA7341,0,2,30
14,15,7:09:57,3,-1,-1,AA7341,0,2,30
15,16,7:12:18,3,-1,1,AA7341,0,2,101
16,17,7:20:17,3,-1,-1,AA7341,0,2,428
20,21,7:53:06,3,-1,1,AA7341,0,2,176
21,22,7:55:17,3,-1,-1,AA7341,0,2,90
0,1,8:05:08,3,-1,-1,AA7341,0,2,499
1,3,8:14:07,3,-1,3,AA7341,1,2,468
3,7,8:29:35,3,-1,1,AA7341,3,2,766
7,8,8:32:18,3,-1,2,AA7341,0,2,122
8,9,8:34:19,3,-1,1,AA7341,0,2,70
9,10,8:35:33,3,-1,1,AA7341,0,2,43
10,11,8:37:45,3,-1,1,AA7341,0,2,81
11,12,8:38:46,3,-1,1,AA7341,0,2,30
12,13,8:40:47,3,-1,1,AA7341,0,2,90
13,14,8:41:48,3,-1,1,AA7341,0,2,40
14,15,8:44:10,3,-1,-1,AA7341,0,2,101
15,16,8:48:08,3,-1,1,AA7341,0,2,193
16,17,8:56:27,3,-1,2,AA7341,0,2,458
21,22,9:34:56,3,-1,-1,AA7341,0,2,101
0,1,9:50:47,3,-1,-1,AA7341,0,2,70
1,2,9:52:59,3,-1,3,AA7341,0,2,70
2,3,9:55:52,3,-1,3,AA7341,0,2,112
3,7,10:06:48,3,-1,1,AA7341,3,2,595
7,8,10:08:39,3,-1,2,AA7341,0,2,90
8,9,10:10:10,3,-1,-1,AA7341,0,2,60
9,10,10:11:24,3,-1,-1,AA7341,0,2,20
10,11,10:13:57,3,-1,-1,AA7341,0,2,101
11,12,10:14:47,3,-1,-1,AA7341,0,2,20
12,13,10:16:28,3,-1,1,AA7341,0,2,70
13,14,10:17:39,3,-1,1,AA7341,0,2,40
14,15,10:19:20,3,-1,-1,AA7341,0,2,40
15,16,10:21:55,3,-1,1,AA7341,0,2,81
16,17,10:28:59,3,-1,2,AA7341,0,2,383
20,21,11:05:00,3,-1,1,AA7341,0,2,121
21,22,11:06:34,3,-1,-1,AA7341,0,2,84
0,1,12:01:48,3,-1,-1,AA7341,0,2,60
1,2,12:04:54,3,-1,3,AA7341,0,2,156
2,3,12:07:46,3,-1,2,AA7341,0,2,90
3,7,12:18:47,3,-1,1,AA7341,3,2,620
7,8,12:20:48,3,-1,2,AA7341,0,2,111
8,9,12:22:19,3,-1,1,AA7341,0,2,60
9,10,12:23:00,3,-1,1,AA7341,0,2,30
10,11,12:26:25,3,-1,1,AA7341,0,2,195
11,12,12:27:36,3,-1,1,AA7341,0,2,30
12,13,12:30:18,3,-1,1,AA7341,0,2,121
13,14,12:31:48,3,-1,1,AA7341,0,2,50
14,15,12:33:19,3,-1,-1,AA7341,0,2,40
15,16,12:35:43,3,-1,1,AA7341,0,2,93
20,21,13:08:15,3,-1,1,AA7341,0,2,90
21,22,13:09:56,3,-1,-1,AA7341,0,2,90
0,1,13:29:06,3,-1,-1,AA7341,0,2,20
1,2,13:31:17,3,-1,-1,AA7341,0,2,50
2,3,13:34:09,3,-1,-1,AA7341,0,2,111
3,7,13:44:58,3,-1,2,AA7341,3,2,598
7,8,13:47:12,3,-1,2,AA7341,0,2,124
8,9,13:48:54,3,-1,1,AA7341,0,2,41
9,10,13:49:55,3,-1,1,AA7341,0,2,30
10,11,13:52:17,3,-1,1,AA7341,0,2,131
11,12,13:53:27,3,-1,1,AA7341,0,2,40
12,13,14:00:05,3,-1,1,AA7341,0,2,141
13,14,14:01:16,3,-1,-1,AA7341,0,2,40
14,15,14:02:47,3,-1,-1,AA7341,0,2,40
15,16,14:05:08,3,-1,1,AA7341,0,2,90
16,17,14:13:06,3,-1,1,AA7341,0,2,427
20,21,14:42:26,3,-1,1,AA7341,0,2,152
21,22,14:44:58,3,-1,-1,AA7341,0,2,80
0,1,15:07:23,3,-1,-1,AA7341,0,2,30
1,2,15:10:15,3,-1,3,AA7341,0,2,90
2,3,15:13:07,3,-1,2,AA7341,0,2,101
3,7,15:28:55,3,-1,1,AA7341,3,2,836
7,8,15:31:16,3,-1,2,AA7341,0,2,121
8,9,15:33:18,3,-1,1,AA7341,0,2,80
9,10,15:33:58,3,-1,1,AA7341,0,2,30
10,11,15:37:24,3,-1,1,AA7341,0,2,184
11,12,15:38:44,3,-1,1,AA7341,0,2,30
12,13,15:41:06,3,-1,1,AA7341,0,2,81
13,14,15:42:17,3,-1,2,AA7341,0,2,30
14,15,15:44:19,3,-1,-1,AA7341,0,2,81
15,16,15:46:52,3,-1,1,AA7341,0,2,82
16,17,15:55:29,3,-1,1,AA7341,0,2,454
20,21,16:27:56,3,-1,1,AA7341,0,2,155
21,22,16:30:08,3,-1,-1,AA7341,0,2,91
0,1,16:40:19,3,-1,-1,AA7341,0,2,151
1,2,16:42:34,3,-1,3,AA7341,0,2,94
2,3,16:44:25,3,-1,2,AA7341,0,2,50
3,4,16:47:48,3,-1,2,AA7341,0,2,111
4,7,16:56:47,3,-1,2,AA7341,2,2,508
7,8,16:59:08,3,-1,2,AA7341,0,2,121
8,9,17:00:53,3,-1,1,AA7341,0,2,54
9,10,17:02:15,3,-1,1,AA7341,0,2,40
10,11,17:04:48,3,-1,1,AA7341,0,2,142
11,12,17:05:49,3,-1,1,AA7341,0,2,30
12,13,17:07:54,3,-1,1,AA7341,0,2,95
13,14,17:09:36,3,-1,2,AA7341,0,2,40
14,15,17:11:58,3,-1,-1,AA7341,0,2,121
15,16,17:15:25,3,-1,1,AA7341,0,2,136
16,17,17:23:15,3,-1,-1,AA7341,0,2,418
20,22,18:06:54,3,-1,-1,AA7341,1,2,277
0,1,18:19:57,3,-1,-1,AA7341,0,2,30
1,2,18:21:39,3,-1,3,AA7341,0,2,30
2,3,18:24:25,3,-1,3,AA7341,0,2,106
3,4,18:28:59,3,-1,1,AA7341,0,2,151
4,18,18:32:44,3,-1,1,AA7341,1,2,185
6,7,18:49:27,3,-1,1,AA7341,0,2,992
7,8,18:51:29,3,-1,1,AA7341,0,2,111
8,9,18:52:49,3,-1,1,AA7341,0,2,40
9,10,18:54:05,3,-1,1,AA7341,0,2,30
10,11,18:56:57,3,-1,1,AA7341,0,2,162
11,12,18:58:18,3,-1,1,AA7341,0,2,40
12,13,19:00:59,3,-1,1,AA7341,0,2,121
13,15,19:06:05,3,-1,-1,AA7341,1,2,273
15,16,19:08:57,3,-1,1,AA7341,0,2,141
16,17,19:18:27,3,-1,1,AA7341,0,2,539
17,18,19:21:19,3,-1,1,AA7341,0,2,161
18,19,19:29:26,3,-1,3,AA7341,0,2,457
19,20,19:32:59,3,-1,1,AA7341,0,2,81
20,21,19:36:04,3,-1,1,AA7341,0,2,134
21,22,19:38:16,3,-1,-1,AA7341,0,2,101
0,1,20:25:37,3,-1,-1,AA7341,0,2,60
1,2,20:27:28,3,-1,1,AA7341,0,2,60
2,3,20:30:25,3,-1,1,AA7341,0,2,111
3,4,20:32:16,3,-1,1,AA7341,0,2,70
4,7,20:46:55,3,-1,1,AA7341,2,2,808
7,8,20:48:46,3,-1,2,AA7341,0,2,80
8,9,20:50:37,3,-1,1,AA7341,0,2,50
9,10,20:51:18,3,-1,1,AA7341,0,2,30
10,11,20:53:49,3,-1,1,AA7341,0,2,100
11,12,20:54:50,3,-1,1,AA7341,0,2,30
12,13,20:57:05,3,-1,1,AA7341,0,2,105
13,14,20:58:16,3,-1,1,AA7341,0,2,40
14,15,21:00:17,3,-1,-1,AA7341,0,2,30
15,16,21:02:18,3,-1,1,AA7341,0,2,70
16,17,21:09:46,3,-1,1,AA7341,0,2,397
17,18,21:11:37,3,-1,1,AA7341,0,2,100
18,19,21:16:44,3,-1,2,AA7341,0,2,276
19,21,21:22:39,3,-1,1,AA7341,1,2,274
21,22,21:25:34,3,-1,-1,AA7341,0,2,90
0,1,21:46:26,3,-1,-1,AA7341,0,2,50
1,2,21:48:27,3,-1,1,AA7341,0,2,80
2,3,21:51:00,3,-1,2,AA7341,0,2,91
3,4,21:51:53,3,-1,1,AA7341,0,2,20
4,18,21:54:55,3,-1,1,AA7341,1,2,141
6,7,22:05:26,3,-1,1,AA7341,0,2,620
7,8,22:06:57,3,-1,2,AA7341,0,2,80
8,9,22:08:28,3,-1,1,AA7341,0,2,50
9,10,22:09:28,3,-1,1,AA7341,0,2,30
10,11,22:14:14,3,-1,1,AA7341,0,2,275
11,12,22:15:05,3,-1,1,AA7341,0,2,30
12,13,22:16:56,3,-1,1,AA7341,0,2,60
13,14,22:18:17,3,-1,1,AA7341,0,2,40
14,15,22:20:08,3,-1,-1,AA7341,0,2,30
15,16,22:22:49,3,-1,1,AA7341,0,2,111
16,17,22:30:17,3,-1,1,AA7341,0,2,404
17,18,22:32:18,3,-1,1,AA7341,0,2,111
18,19,22:38:13,3,-1,2,AA7341,0,4,335
19,20,22:42:36,3,-1,1,AA7341,0,4,172
20,21,22:44:58,3,-1,1,AA7341,0,2,111
21,22,22:47:19,3,-1,-1,AA7341,0,2,80
0,1,23:03:54,3,-1,-1,AA7341,0,2,63
1,2,23:06:15,3,-1,2,AA7341,0,2,90
2,3,23:08:27,3,-1,2,AA7341,0,2,101
3,4,23:10:28,3,-1,1,AA7341,0,2,90
4,18,23:13:32,3,-1,1,AA7341,1,2,153
6,7,23:22:59,3,-1,1,AA7341,0,2,556
7,8,23:25:10,3,-1,1,AA7341,0,2,121
8,9,23:26:23,3,-1,1,AA7341,0,2,50
9,10,23:27:14,3,-1,1,AA7341,0,2,20
10,11,23:29:36,3,-1,1,AA7341,0,2,90
11,12,23:30:26,3,-1,1,AA7341,0,2,20
12,13,23:32:27,3,-1,1,AA7341,0,2,80
13,14,23:33:28,3,-1,1,AA7341,0,2,30
14,15,23:34:59,3,-1,-1,AA7341,0,2,20
15,16,23:37:02,3,-1,1,AA7341,0,2,82
16,17,23:44:18,3,-1,1,AA7341,0,2,393
17,18,23:46:19,3,-1,1,AA7341,0,2,111
18,19,23:51:35,3,-1,2,AA7341,0,2,295
19,20,23:54:07,3,-1,1,AA7341,0,2,101
20,21,23:56:08,3,-1,1,AA7341,0,2,111
21,22,23:57:49,3,-1,-1,AA7341,0,2,90
0,1,7:19:06,3,-1,-1,AA7367,0,2,30
1,2,7:21:38,3,-1,2,AA7367,0,2,60
2,3,7:23:19,3,-1,2,AA7367,0,2,50
3,7,7:35:20,3,-1,1,AA7367,3,2,557
7,8,7:38:16,3,-1,1,AA7367,0,2,161
8,9,7:39:37,3,-1,1,AA7367,0,2,40
9,10,7:40:38,3,-1,1,AA7367,0,2,30
10,11,7:42:49,3,-1,1,AA7367,0,2,121
11,12,7:43:42,3,-1,1,AA7367,0,2,32
12,13,7:45:03,3,-1,1,AA7367,0,2,50
13,14,7:45:55,3,-1,1,AA7367,0,2,41
14,15,7:47:06,3,-1,-1,AA7367,0,2,30
15,16,7:49:08,3,-1,1,AA7367,0,2,91
16,17,7:57:50,3,-1,3,AA7367,0,2,491
20,21,8:51:10,3,-1,1,AA7367,0,2,191
21,22,8:53:14,3,-1,-1,AA7367,0,2,94
0,1,9:01:53,3,-1,-1,AA7367,0,2,40
1,2,9:04:35,3,-1,3,AA7367,0,2,101
2,3,9:07:48,3,-1,3,AA7367,0,2,131
3,7,9:22:40,3,-1,2,AA7367,3,2,791
7,8,9:25:26,3,-1,2,AA7367,0,2,155
8,9,9:26:56,3,-1,1,AA7367,0,2,60
9,10,9:27:57,3,-1,1,AA7367,0,2,30
10,11,9:29:38,3,-1,1,AA7367,0,2,60
11,12,9:30:39,3,-1,1,AA7367,0,2,20
12,13,9:32:34,3,-1,1,AA7367,0,2,84
13,14,9:33:14,3,-1,1,AA7367,0,2,30
14,15,9:34:35,3,-1,-1,AA7367,0,2,30
15,16,9:37:57,3,-1,1,AA7367,0,2,141
16,17,9:45:24,3,-1,2,AA7367,0,2,396
20,21,10:19:00,3,-1,1,AA7367,0,2,161
21,22,10:21:35,3,-1,-1,AA7367,0,2,103
22,2,10:38:49,3,-1,2,AA7367,1,2,232
2,3,10:42:18,3,-1,2,AA7367,0,2,148
3,7,10:53:29,3,-1,1,AA7367,3,2,620
7,8,10:55:11,3,-1,2,AA7367,0,2,92
8,9,10:57:05,3,-1,1,AA7367,0,2,94
9,10,10:57:46,3,-1,1,AA7367,0,2,30
10,11,11:00:27,3,-1,1,AA7367,0,2,141
11,12,11:01:18,3,-1,1,AA7367,0,2,30
12,13,11:02:49,3,-1,1,AA7367,0,2,70
13,14,11:03:49,3,-1,1,AA7367,0,2,30
14,15,11:05:10,3,-1,-1,AA7367,0,2,30
15,16,11:08:45,3,-1,1,AA7367,0,2,182
16,17,11:16:33,3,-1,2,AA7367,0,2,417
20,21,11:54:50,3,-1,1,AA7367,0,2,151
21,22,11:57:05,3,-1,-1,AA7367,0,2,84
0,1,12:09:27,3,-1,-1,AA7367,0,2,131
1,2,12:12:09,3,-1,2,AA7367,0,2,121
2,3,12:15:45,3,-1,2,AA7367,0,2,145
3,7,12:26:25,3,-1,1,AA7367,3,2,559
7,8,12:28:26,3,-1,2,AA7367,0,2,111
8,9,12:30:07,3,-1,1,AA7367,0,2,80
9,10,12:30:58,3,-1,1,AA7367,0,2,40
10,11,12:32:29,3,-1,1,AA7367,0,2,80
11,12,12:33:19,3,-1,1,AA7367,0,2,30
12,13,12:35:03,3,-1,1,AA7367,0,2,73
13,14,12:35:53,3,-1,1,AA7367,0,2,40
14,15,12:37:14,3,-1,-1,AA7367,0,2,40
15,16,12:39:56,3,-1,1,AA7367,0,2,100
16,17,12:47:45,3,-1,-1,AA7367,0,2,428
20,21,13:13:19,3,-1,1,AA7367,0,2,141
21,22,13:15:33,3,-1,-1,AA7367,0,2,84
0,1,11:39:27,3,-1,-1,AA7392,0,2,60
1,2,11:42:09,3,-1,2,AA7392,0,2,91
2,3,11:45:43,3,-1,2,AA7392,0,2,184
3,7,11:56:11,3,-1,2,AA7392,3,2,566
7,8,11:58:15,3,-1,2,AA7392,0,2,114
8,9,11:59:56,3,-1,1,AA7392,0,2,50
9,10,12:00:37,3,-1,1,AA7392,0,2,10
10,11,12:02:48,3,-1,1,AA7392,0,2,40
11,12,12:04:23,3,-1,1,AA7392,0,2,44
12,13,12:06:05,3,-1,1,AA7392,0,2,70
13,14,12:06:55,3,-1,1,AA7392,0,2,40
14,15,12:08:06,3,-1,-1,AA7392,0,2,30
15,16,12:10:28,3,-1,1,AA7392,0,2,111
20,21,12:50:57,3,-1,1,AA7392,0,2,101
21,22,12:52:48,3,-1,-1,AA7392,0,2,81
22,2,13:18:45,3,-1,3,AA7392,1,2,151
2,3,13:21:37,3,-1,3,AA7392,0,2,80
3,7,13:31:47,3,-1,-1,AA7392,3,2,559
7,8,13:33:59,3,-1,-1,AA7392,0,2,101
8,9,13:35:42,3,-1,1,AA7392,0,2,72
9,10,13:36:12,3,-1,1,AA7392,0,2,20
10,11,13:39:24,3,-1,1,AA7392,0,2,100
11,12,13:40:04,3,-1,1,AA7392,0,2,30
12,14,13:42:26,3,-1,1,AA7392,1,2,100
14,15,13:43:58,3,-1,-1,AA7392,0,2,30
15,16,13:46:20,3,-1,1,AA7392,0,2,122
20,21,14:25:59,3,-1,1,AA7392,0,2,202
21,22,14:27:42,3,-1,-1,AA7392,0,2,92
0,1,10:24:27,3,-1,-1,AA7480,0,2,60
1,2,10:25:58,3,-1,3,AA7480,0,2,10
2,3,10:28:29,3,-1,3,AA7480,0,2,80
0,1,14:28:32,3,-1,-1,AA7480,0,2,60
1,2,14:31:24,3,-1,3,AA7480,0,2,91
2,3,14:33:06,3,-1,3,AA7480,0,2,20
7,8,16:21:58,3,-1,2,AA7480,0,2,121
8,9,16:23:29,3,-1,1,AA7480,0,2,51
9,10,16:24:20,3,-1,1,AA7480,0,2,40
10,11,16:26:54,3,-1,1,AA7480,0,2,93
11,12,16:27:56,3,-1,1,AA7480,0,2,31
12,13,16:30:28,3,-1,-1,AA7480,0,2,111
13,14,16:33:01,3,-1,-1,AA7480,0,2,101
14,15,16:35:16,3,-1,-1,AA7480,0,2,101
15,16,16:37:37,3,-1,1,AA7480,0,2,131
16,17,16:46:17,3,-1,2,AA7480,0,2,509
20,21,17:35:47,3,-1,1,AA7480,0,2,222
21,22,17:39:10,3,-1,-1,AA7480,0,2,192
0,1,17:46:07,3,-1,-1,AA7480,0,2,111
1,2,17:48:39,3,-1,3,AA7480,0,2,131
2,3,17:51:45,3,-1,2,AA7480,0,2,145
3,4,17:54:16,3,-1,1,AA7480,0,2,101
4,7,18:02:57,3,-1,1,AA7480,2,2,490
7,8,18:05:19,3,-1,2,AA7480,0,2,131
8,9,18:07:05,3,-1,1,AA7480,0,2,64
9,10,18:08:05,3,-1,1,AA7480,0,2,40
10,11,18:10:58,3,-1,1,AA7480,0,2,121
11,12,18:12:19,3,-1,1,AA7480,0,2,30
12,13,18:15:04,3,-1,1,AA7480,0,2,124
13,14,18:17:05,3,-1,2,AA7480,0,2,40
14,15,18:20:18,3,-1,-1,AA7480,0,2,141
15,16,18:23:35,3,-1,1,AA7480,0,2,186
20,21,19:10:38,3,-1,1,AA7480,0,2,111
21,22,19:13:11,3,-1,-1,AA7480,0,2,142
0,1,19:19:28,3,-1,-1,AA7480,0,2,20
1,2,19:21:09,3,-1,3,AA7480,0,2,50
2,3,19:24:22,3,-1,2,AA7480,0,2,113
3,4,19:27:15,3,-1,1,AA7480,0,2,111
4,5,19:31:08,3,-1,1,AA7480,0,2,151
5,7,19:43:19,3,-1,1,AA7480,1,2,721
7,8,19:45:45,3,-1,1,AA7480,0,2,114
8,9,19:46:36,3,-1,1,AA7480,0,2,40
9,10,19:47:37,3,-1,1,AA7480,0,2,30
10,13,19:54:06,3,-1,1,AA7480,2,2,303
13,14,19:55:27,3,-1,1,AA7480,0,2,50
14,15,19:57:28,3,-1,-1,AA7480,0,2,30
15,16,20:00:00,3,-1,1,AA7480,0,2,101
16,18,20:10:54,3,-1,1,AA7480,1,2,589
18,19,20:18:29,3,-1,2,AA7480,0,2,434
19,20,20:22:15,3,-1,1,AA7480,0,2,131
20,21,20:25:17,3,-1,1,AA7480,0,2,141
21,22,20:26:48,3,-1,-1,AA7480,0,2,80
0,1,21:10:57,3,-1,-1,AA7480,0,2,50
1,2,21:12:18,3,-1,2,AA7480,0,2,70
2,3,21:14:19,3,-1,2,AA7480,0,2,90
3,18,21:20:58,3,-1,1,AA7480,2,2,378
6,7,21:28:36,3,-1,1,AA7480,0,2,437
0,1,22:30:07,3,-1,-1,AA7480,0,2,70
2,3,22:32:58,3,-1,2,AA7480,0,2,131
3,4,22:35:20,3,-1,1,AA7480,0,4,131
4,5,22:38:03,3,-1,1,AA7480,0,4,152
5,6,22:38:44,3,-1,1,AA7480,0,4,30
6,8,22:49:02,3,-1,3,AA7480,1,2,608
8,9,22:50:13,3,-1,1,AA7480,0,2,40
9,10,22:50:53,3,-1,1,AA7480,0,2,30
10,13,22:55:16,3,-1,1,AA7480,2,2,232
13,14,22:55:56,3,-1,1,AA7480,0,2,30
14,16,22:59:08,3,-1,1,AA7480,1,2,141
16,18,23:08:47,3,-1,1,AA7480,1,2,568
18,19,23:14:12,3,-1,2,AA7480,0,2,315
19,20,23:16:24,3,-1,1,AA7480,0,2,60
20,22,23:20:27,3,-1,-1,AA7480,1,2,232
0,1,8:33:08,3,-1,-1,AA7489,0,2,90
1,2,8:34:29,3,-1,3,AA7489,0,2,10
2,3,8:41:38,3,-1,3,AA7489,0,2,313
3,7,9:00:20,3,-1,1,AA7489,3,2,1101
7,8,9:03:45,3,-1,2,AA7489,0,2,182
8,9,9:05:16,3,-1,1,AA7489,0,2,50
9,10,9:05:56,3,-1,1,AA7489,0,2,30
10,11,9:08:48,3,-1,1,AA7489,0,2,131
11,12,9:11:10,3,-1,1,AA7489,0,2,111
12,13,9:14:45,3,-1,1,AA7489,0,2,141
13,14,9:16:06,3,-1,1,AA7489,0,2,50
14,15,9:17:47,3,-1,-1,AA7489,0,2,50
15,16,9:20:39,3,-1,1,AA7489,0,2,151
16,17,9:28:27,3,-1,1,AA7489,0,2,438
20,21,9:58:44,3,-1,1,AA7489,0,2,141
21,22,10:00:45,3,-1,-1,AA7489,0,2,90
0,1,10:16:28,3,-1,-1,AA7489,0,2,30
1,2,10:18:40,3,-1,3,AA7489,0,2,60
2,3,10:21:45,3,-1,3,AA7489,0,2,175
3,7,10:34:57,3,-1,1,AA7489,3,2,730
7,8,10:36:28,3,-1,2,AA7489,0,2,80
8,9,10:37:58,3,-1,1,AA7489,0,2,60
9,10,10:38:49,3,-1,1,AA7489,0,2,30
10,11,10:41:43,3,-1,1,AA7489,0,2,133
11,12,10:42:38,3,-1,1,AA7489,0,2,20
12,13,10:44:39,3,-1,1,AA7489,0,2,80
13,14,10:45:50,3,-1,1,AA7489,0,2,40
14,15,10:47:55,3,-1,-1,AA7489,0,2,50
15,16,10:50:47,3,-1,1,AA7489,0,2,141
16,17,10:58:36,3,-1,-1,AA7489,0,2,438
20,21,11:30:07,3,-1,1,AA7489,0,2,111
21,22,11:32:38,3,-1,-1,AA7489,0,2,90
0,1,11:52:08,3,-1,-1,AA7489,0,2,91
1,2,11:53:59,3,-1,3,AA7489,0,2,60
2,3,11:55:50,3,-1,3,AA7489,0,2,60
3,7,12:06:45,3,-1,1,AA7489,3,2,560
7,8,12:08:47,3,-1,2,AA7489,0,2,111
8,9,12:11:08,3,-1,1,AA7489,0,2,111
9,10,12:11:48,3,-1,1,AA7489,0,2,30
10,11,12:13:29,3,-1,1,AA7489,0,2,80
11,12,12:14:34,3,-1,1,AA7489,0,2,34
12,13,12:16:36,3,-1,1,AA7489,0,2,80
13,14,12:18:07,3,-1,1,AA7489,0,2,50
14,15,12:19:38,3,-1,-1,AA7489,0,2,30
15,16,12:22:09,3,-1,1,AA7489,0,2,101
16,17,12:31:08,3,-1,2,AA7489,0,2,468
20,21,13:01:17,3,-1,1,AA7489,0,2,122
21,22,13:03:29,3,-1,-1,AA7489,0,2,90
0,1,15:40:05,3,1,-1,AB4747,0,2,60
1,2,15:42:38,3,1,3,AB4747,0,2,121
2,3,15:45:40,3,1,3,AB4747,0,2,151
3,7,15:58:13,3,0,1,AB4747,3,2,690
7,8,16:00:45,3,0,2,AB4747,0,2,111
8,9,16:01:46,3,0,1,AB4747,0,2,40
9,10,16:02:57,3,0,1,AB4747,0,2,30
10,11,16:05:08,3,0,1,AB4747,0,2,70
11,12,16:05:49,3,0,1,AB4747,0,2,30
12,13,16:07:50,3,1,1,AB4747,0,2,70
13,14,16:09:02,3,1,1,AB4747,0,2,30
14,15,16:10:26,3,1,-1,AB4747,0,2,31
15,16,16:13:08,3,1,1,AB4747,0,2,131
16,17,16:20:17,3,1,2,AB4747,0,2,388
20,21,16:57:47,3,1,1,AB4747,0,2,182
21,22,16:59:59,3,-1,-1,AB4747,0,2,90
0,1,17:15:46,3,0,-1,AB4747,0,2,41
1,2,17:18:48,3,1,3,AB4747,0,2,151
2,3,17:20:50,3,1,-1,AB4747,0,2,61
3,7,17:34:47,3,0,1,AB4747,3,2,792
7,8,17:37:08,3,0,2,AB4747,0,2,121
8,9,17:38:29,3,0,1,AB4747,0,2,60
9,10,17:39:50,3,0,1,AB4747,0,2,30
10,11,17:43:14,3,2,1,AB4747,0,2,173
11,12,17:44:25,3,2,1,AB4747,0,2,30
12,13,17:46:58,3,2,1,AB4747,0,2,111
13,14,17:48:29,3,2,2,AB4747,0,2,60
14,15,17:51:24,3,2,-1,AB4747,0,2,30
15,16,17:54:47,3,2,1,AB4747,0,2,151
16,17,18:04:49,3,2,-1,AB4747,0,2,480
19,20,18:31:42,3,4,1,AB4747,0,2,143
20,21,18:37:58,3,4,1,AB4747,0,2,313
21,22,18:40:55,3,-1,-1,AB4747,0,2,95
0,1,18:48:16,3,0,-1,AB4747,0,2,40
1,2,18:50:58,3,0,3,AB4747,0,2,121
2,3,18:54:35,3,1,2,AB4747,0,2,135
3,4,18:57:07,3,0,1,AB4747,0,2,90
4,5,19:00:39,3,0,1,AB4747,0,2,131
5,6,19:01:10,3,0,1,AB4747,0,2,20
6,7,19:14:14,3,0,1,AB4747,0,2,774
7,8,19:16:15,3,0,2,AB4747,0,2,111
8,9,19:17:36,3,0,1,AB4747,0,2,60
10,11,19:21:09,3,0,1,AB4747,0,2,111
11,12,19:22:09,3,0,1,AB4747,0,2,20
12,13,19:24:22,3,0,1,AB4747,0,2,103
13,14,19:25:23,3,0,1,AB4747,0,2,30
14,15,19:27:25,3,0,-1,AB4747,0,2,40
15,16,19:29:26,3,0,1,AB4747,0,2,81
16,17,19:37:46,3,1,1,AB4747,0,2,418
17,18,19:39:07,3,2,1,AB4747,0,2,70
18,19,19:47:16,3,2,3,AB4747,0,2,459
19,20,19:49:23,3,2,1,AB4747,0,2,65
20,21,19:52:55,3,2,1,AB4747,0,2,192
21,22,19:55:07,3,-1,-1,AB4747,0,2,91
0,1,20:56:35,3,1,-1,AB4747,0,2,74
1,2,20:58:06,3,1,2,AB4747,0,2,30
2,3,20:59:37,3,1,2,AB4747,0,2,10
4,18,21:04:29,3,0,1,AB4747,1,2,141
6,7,21:13:28,3,0,1,AB4747,0,2,528
7,8,21:14:49,3,0,1,AB4747,0,2,70
8,10,21:16:44,3,0,1,AB4747,1,2,94
10,11,21:18:15,3,0,1,AB4747,0,2,60
11,12,21:19:17,3,0,1,AB4747,0,2,30
12,13,21:21:18,3,1,1,AB4747,0,2,90
13,14,21:22:09,3,1,1,AB4747,0,2,40
14,15,21:23:43,3,1,-1,AB4747,0,2,10
15,16,21:25:54,3,1,1,AB4747,0,2,90
16,17,21:33:08,3,1,1,AB4747,0,2,403
17,18,21:34:39,3,1,1,AB4747,0,2,80
18,19,21:40:27,3,1,2,AB4747,0,2,327
19,20,21:43:00,3,2,1,AB4747,0,2,71
20,21,21:46:26,3,3,1,AB4747,0,2,196
21,22,21:48:27,3,-1,-1,AB4747,0,2,80
0,1,22:15:55,3,1,-1,AB4747,0,2,40
1,2,22:18:07,3,2,2,AB4747,0,2,90
2,3,22:19:58,3,2,2,AB4747,0,2,30
3,4,22:22:19,3,2,1,AB4747,0,2,131
4,18,22:26:14,3,1,1,AB4747,1,2,151
6,7,22:35:20,3,0,1,AB4747,0,4,535
7,8,22:37:33,3,0,2,AB4747,0,4,122
8,9,22:38:54,3,0,1,AB4747,0,4,60
9,10,22:39:34,3,0,1,AB4747,0,4,30
10,11,22:42:57,3,1,1,AB4747,0,4,111
11,12,22:43:57,3,1,1,AB4747,0,4,30
12,13,22:45:28,3,2,1,AB4747,0,2,60
13,14,22:46:49,3,2,1,AB4747,0,4,50
14,15,22:48:00,3,2,-1,AB4747,0,2,20
15,16,22:49:52,3,2,1,AB4747,0,2,70
16,17,22:57:07,3,1,1,AB4747,0,2,393
17,18,22:58:58,3,2,1,AB4747,0,2,100
18,19,23:04:14,3,2,-1,AB4747,0,2,296
19,20,23:05:55,3,2,1,AB4747,0,2,50
20,21,23:08:47,3,2,1,AB4747,0,2,161
21,22,23:10:38,3,-1,-1,AB4747,0,2,80
0,1,23:34:39,3,1,-1,AB4747,0,2,90
1,2,23:36:10,3,1,3,AB4747,0,2,50
2,3,23:38:04,3,1,2,AB4747,0,4,41
3,4,23:40:26,3,1,1,AB4747,0,4,100
4,18,23:43:28,3,0,1,AB4747,1,2,151
6,7,23:51:55,3,0,1,AB4747,0,2,497
7,8,23:54:07,3,0,2,AB4747,0,2,121
8,9,23:54:57,3,0,1,AB4747,0,2,30
9,10,23:55:58,3,1,1,AB4747,0,2,20
10,11,23:57:39,3,1,1,AB4747,0,2,80
11,12,23:58:34,3,2,1,AB4747,0,2,35
12,13,23:59:45,3,2,1,AB4747,0,2,50
0,1,11:00:27,3,1,-1,AB5714,0,2,20
1,2,11:02:39,3,2,2,AB5714,0,2,60
2,3,11:04:20,3,2,2,AB5714,0,2,40
3,8,11:18:45,3,0,1,AB5714,4,2,791
8,9,11:20:16,3,0,1,AB5714,0,2,60
9,10,11:21:27,3,0,1,AB5714,0,2,30
10,11,11:23:18,3,0,1,AB5714,0,2,70
11,12,11:24:08,3,0,1,AB5714,0,2,30
12,14,11:27:15,3,0,1,AB5714,1,2,155
14,15,11:28:36,3,0,-1,AB5714,0,2,40
15,16,11:31:17,3,0,1,AB5714,0,2,121
16,17,11:39:07,3,0,-1,AB5714,0,2,418
20,21,12:10:07,3,0,1,AB5714,0,2,121
21,22,12:11:58,3,-1,-1,AB5714,0,2,70
0,1,10:03:56,3,-1,-1,AC3949,0,2,40
1,2,10:05:48,3,-1,3,AC3949,0,2,101
2,3,10:07:49,3,-1,3,AC3949,0,2,60
3,7,10:20:01,3,-1,1,AC3949,3,2,681
7,8,10:22:05,3,-1,2,AC3949,0,2,113
8,9,10:23:36,3,-1,1,AC3949,0,2,60
9,10,10:24:37,3,-1,1,AC3949,0,2,30
10,11,10:27:08,3,-1,1,AC3949,0,2,80
11,12,10:27:59,3,-1,1,AC3949,0,2,30
12,13,10:30:00,3,-1,1,AC3949,0,2,90
13,14,10:30:44,3,-1,1,AC3949,0,2,34
14,15,10:32:15,3,-1,-1,AC3949,0,2,50
15,16,10:34:16,3,-1,1,AC3949,0,2,80
16,17,10:41:32,3,-1,2,AC3949,0,2,395
20,21,11:20:36,3,-1,1,AC3949,0,2,182
21,22,11:22:38,3,-1,-1,AC3949,0,2,81
0,1,15:21:47,3,0,-1,AC3966,0,2,70
1,2,15:23:48,3,0,3,AC3966,0,2,50
2,3,15:26:00,3,0,3,AC3966,0,2,60
3,8,15:41:27,3,0,2,AC3966,4,2,832
8,9,15:42:58,3,0,1,AC3966,0,2,70
9,10,15:43:48,3,0,1,AC3966,0,2,30
10,11,15:47:13,3,0,1,AC3966,0,2,103
11,12,15:48:25,3,0,1,AC3966,0,2,30
12,13,15:50:26,3,0,2,AC3966,0,2,101
13,14,15:51:47,3,0,2,AC3966,0,2,50
14,15,15:53:28,3,0,-1,AC3966,0,2,30
15,16,15:56:30,3,0,1,AC3966,0,2,131
16,17,16:04:08,3,0,1,AC3966,0,2,427
20,21,16:41:20,3,0,1,AC3966,0,2,161
21,22,16:42:54,3,-1,-1,AC3966,0,2,60
1,2,7:06:25,3,-1,1,MZ8441,0,2,122
2,3,7:08:26,3,-1,2,MZ8441,0,2,60
3,7,7:18:26,3,-1,1,MZ8441,3,2,559
7,8,7:19:57,3,-1,1,MZ8441,0,2,80
8,9,7:21:28,3,-1,1,MZ8441,0,2,60
9,10,7:22:19,3,-1,1,MZ8441,0,2,20
10,11,7:24:10,3,-1,1,MZ8441,0,2,70
11,12,7:24:50,3,-1,1,MZ8441,0,2,30
12,13,7:26:12,3,-1,1,MZ8441,0,2,51
13,14,7:27:13,3,-1,1,MZ8441,0,2,40
14,15,7:28:25,3,-1,-1,MZ8441,0,2,40
15,16,7:30:57,3,-1,1,MZ8441,0,2,131
16,17,7:38:16,3,-1,-1,MZ8441,0,2,409
20,21,8:15:18,3,-1,1,MZ8441,0,2,131
21,22,8:16:49,3,-1,-1,MZ8441,0,2,60
0,1,14:49:20,4,-1,-1,AA5946,0,2,114
1,2,14:51:05,4,-1,3,AA5946,0,2,84
2,3,14:52:56,4,-1,3,AA5946,0,2,42
3,7,15:05:11,4,-1,2,AA5946,3,2,672
7,8,15:07:19,4,-1,2,AA5946,0,2,103
8,9,15:09:03,4,-1,1,AA5946,0,2,73
9,10,15:10:05,4,-1,1,AA5946,0,2,31
10,11,15:13:08,4,-1,1,AA5946,0,2,172
11,12,15:14:18,4,-1,1,AA5946,0,2,20
12,13,15:17:10,4,-1,1,AA5946,0,2,121
13,14,15:18:24,4,-1,2,AA5946,0,2,40
14,15,15:20:26,4,-1,-1,AA5946,0,2,40
15,16,15:22:57,4,-1,1,AA5946,0,2,91
16,17,15:30:34,4,-1,1,AA5946,0,2,406
20,21,15:58:06,4,-1,1,AA5946,0,2,111
21,22,16:00:07,4,-1,-1,AA5946,0,2,90
0,1,16:23:22,4,-1,-1,AA5946,0,2,72
1,2,16:26:04,4,-1,1,AA5946,0,2,91
2,3,16:27:36,4,-1,2,AA5946,0,2,60
3,4,16:30:07,4,-1,1,AA5946,0,2,70
4,8,16:39:47,4,-1,2,AA5946,3,2,559
8,9,16:41:28,4,-1,1,AA5946,0,2,70
9,10,16:42:08,4,-1,1,AA5946,0,2,20
10,11,16:48:58,4,-1,1,AA5946,0,2,313
11,12,16:50:19,4,-1,1,AA5946,0,2,20
12,13,16:52:00,4,-1,1,AA5946,0,2,60
13,14,16:53:44,4,-1,2,AA5946,0,2,71
14,15,16:56:16,4,-1,-1,AA5946,0,2,40
15,16,16:59:18,4,-1,1,AA5946,0,2,151
16,17,17:07:57,4,-1,2,AA5946,0,2,468
21,22,17:40:20,4,-1,-1,AA5946,0,2,111
0,1,17:55:18,4,-1,-1,AA5946,0,2,70
1,2,17:57:33,4,-1,3,AA5946,0,2,124
2,3,18:00:35,4,-1,3,AA5946,0,2,172
3,7,18:11:26,4,-1,1,AA5946,3,2,549
7,8,18:14:03,4,-1,2,AA5946,0,2,137
8,9,18:15:36,4,-1,1,AA5946,0,2,60
9,10,18:16:37,4,-1,1,AA5946,0,2,30
10,11,18:19:09,4,-1,1,AA5946,0,2,141
11,12,18:20:19,4,-1,1,AA5946,0,2,20
12,13,18:22:22,4,-1,1,AA5946,0,2,92
13,14,18:24:04,4,-1,2,AA5946,0,2,60
14,15,18:26:15,4,-1,-1,AA5946,0,2,40
15,16,18:30:18,4,-1,1,AA5946,0,2,202
16,17,18:40:52,4,-1,3,AA5946,0,2,571
17,18,18:42:44,4,-1,1,AA5946,0,2,101
18,19,18:52:52,4,-1,3,AA5946,0,2,578
19,20,18:57:46,4,-1,1,AA5946,0,2,141
20,21,19:00:17,4,-1,1,AA5946,0,2,141
21,22,19:03:19,4,-1,-1,AA5946,0,2,101
0,1,19:36:06,4,-1,-1,AA5946,0,2,80
1,2,19:38:17,4,-1,2,AA5946,0,2,30
2,3,19:40:49,4,-1,2,AA5946,0,2,111
3,4,19:43:14,4,-1,1,AA5946,0,2,105
4,7,19:57:07,4,-1,1,AA5946,2,2,791
7,8,19:58:28,4,-1,1,AA5946,0,2,70
8,9,20:00:09,4,-1,1,AA5946,0,2,40
9,10,20:01:40,4,-1,1,AA5946,0,2,40
10,11,20:05:15,4,-1,1,AA5946,0,2,102
11,12,20:06:16,4,-1,1,AA5946,0,2,20
12,13,20:09:17,4,-1,1,AA5946,0,2,141
13,14,20:10:38,4,-1,1,AA5946,0,2,40
14,15,20:12:29,4,-1,-1,AA5946,0,2,40
15,16,20:15:54,4,-1,1,AA5946,0,2,111
16,17,20:24:00,4,-1,1,AA5946,0,2,425
17,18,20:25:53,4,-1,1,AA5946,0,2,103
18,19,20:32:08,4,-1,2,AA5946,0,2,324
19,20,20:35:20,4,-1,1,AA5946,0,2,90
20,21,20:38:34,4,-1,1,AA5946,0,2,141
21,22,20:41:46,4,-1,-1,AA5946,0,2,100
4,18,0:01:57,4,-1,1,AA6507,1,2,151
6,7,0:10:56,4,-1,1,AA6507,0,2,528
7,8,0:12:47,4,-1,2,AA6507,0,2,100
8,9,0:14:07,4,-1,1,AA6507,0,2,50
9,10,0:14:58,4,-1,1,AA6507,0,2,20
10,11,0:16:59,4,-1,1,AA6507,0,2,50
11,12,0:17:29,4,-1,1,AA6507,0,2,20
12,13,0:19:03,4,-1,1,AA6507,0,2,53
13,14,0:19:44,4,-1,1,AA6507,0,2,30
14,15,0:21:04,4,-1,-1,AA6507,0,2,40
15,16,0:22:35,4,-1,1,AA6507,0,2,70
16,18,0:31:22,4,-1,1,AA6507,1,2,496
18,19,0:36:36,4,-1,2,AA6507,0,2,294
19,20,0:39:08,4,-1,1,AA6507,0,2,100
20,21,0:41:09,4,-1,1,AA6507,0,2,111
21,22,0:43:00,4,-1,-1,AA6507,0,2,90
0,1,1:05:27,4,-1,-1,AA6507,0,3,50
1,2,1:07:18,4,-1,1,AA6507,0,3,70
2,3,1:09:50,4,-1,1,AA6507,0,3,141
3,4,1:10:20,4,-1,1,AA6507,0,3,10
4,18,1:13:33,4,-1,1,AA6507,1,3,151
6,7,1:22:14,4,-1,1,AA6507,0,3,510
7,8,1:23:34,4,-1,-1,AA6507,0,3,70
8,9,1:24:45,4,-1,1,AA6507,0,3,40
9,10,1:25:25,4,-1,1,AA6507,0,3,30
10,11,1:27:06,4,-1,1,AA6507,0,3,90
11,12,1:28:07,4,-1,1,AA6507,0,3,20
12,13,1:29:28,4,-1,1,AA6507,0,3,60
13,14,1:30:08,4,-1,1,AA6507,0,3,30
14,15,1:31:19,4,-1,-1,AA6507,0,3,30
15,16,1:33:21,4,-1,1,AA6507,0,3,71
16,17,1:40:07,4,-1,1,AA6507,0,3,363
17,18,1:41:38,4,-1,1,AA6507,0,3,80
18,19,1:46:24,4,-1,2,AA6507,0,3,275
19,20,1:49:06,4,-1,1,AA6507,0,3,121
20,21,1:50:37,4,-1,1,AA6507,0,3,60
21,22,1:52:08,4,-1,-1,AA6507,0,3,80
0,1,6:26:57,4,-1,-1,AA6507,0,2,40
1,2,6:28:18,4,-1,2,AA6507,0,2,40
2,3,6:29:49,4,-1,2,AA6507,0,2,30
3,7,6:39:59,4,-1,1,AA6507,3,2,548
7,8,6:42:44,4,-1,1,AA6507,0,2,145
8,9,6:43:45,4,-1,1,AA6507,0,2,50
9,10,6:44:26,4,-1,1,AA6507,0,2,30
10,11,6:46:27,4,-1,1,AA6507,0,2,101
11,12,6:47:28,4,-1,1,AA6507,0,2,30
12,13,6:48:48,4,-1,1,AA6507,0,2,60
13,14,6:49:59,4,-1,1,AA6507,0,2,40
14,15,6:51:02,4,-1,-1,AA6507,0,2,30
15,16,6:53:24,4,-1,1,AA6507,0,2,91
20,21,7:18:04,4,-1,1,AA6507,0,2,63
21,22,7:20:17,4,-1,-1,AA6507,0,2,92
0,1,7:39:47,4,-1,-1,AA6507,0,2,80
1,3,7:45:37,4,-1,2,AA6507,1,2,278
3,7,7:57:37,4,-1,1,AA6507,3,2,619
7,8,8:00:50,4,-1,2,AA6507,0,2,161
8,9,8:02:21,4,-1,1,AA6507,0,2,60
9,10,8:03:34,4,-1,1,AA6507,0,2,31
10,11,8:05:25,4,-1,1,AA6507,0,2,91
11,12,8:06:06,4,-1,1,AA6507,0,2,20
12,13,8:08:07,4,-1,1,AA6507,0,2,91
13,14,8:09:08,4,-1,1,AA6507,0,2,40
14,15,8:10:49,4,-1,-1,AA6507,0,2,60
15,16,8:13:15,4,-1,1,AA6507,0,2,115
16,17,8:20:55,4,-1,-1,AA6507,0,2,409
17,20,8:40:05,4,-1,1,AA6507,2,2,1139
20,21,8:41:57,4,-1,1,AA6507,0,2,101
21,22,8:44:28,4,-1,-1,AA6507,0,2,111
1,2,9:12:36,4,-1,2,AA6507,0,2,70
2,3,9:15:58,4,-1,2,AA6507,0,2,131
3,7,9:26:31,4,-1,1,AA6507,3,2,572
7,8,9:29:26,4,-1,2,AA6507,0,2,164
8,9,9:31:49,4,-1,1,AA6507,0,2,92
9,10,9:32:50,4,-1,1,AA6507,0,2,30
10,11,9:35:55,4,-1,1,AA6507,0,2,131
11,12,9:36:56,4,-1,1,AA6507,0,2,30
12,13,9:38:17,4,-1,1,AA6507,0,2,70
13,14,9:39:38,4,-1,1,AA6507,0,2,40
14,15,9:40:59,4,-1,-1,AA6507,0,2,40
15,16,9:43:45,4,-1,1,AA6507,0,2,135
16,17,9:52:03,4,-1,1,AA6507,0,2,457
20,21,10:16:17,4,-1,1,AA6507,0,2,151
21,22,10:18:18,4,-1,-1,AA6507,0,2,91
1,2,11:33:18,4,-1,3,AA6507,0,2,20
2,3,11:35:54,4,-1,2,AA6507,0,2,135
3,7,11:46:55,4,-1,1,AA6507,3,2,600
7,8,11:49:40,4,-1,1,AA6507,0,2,154
8,9,11:51:16,4,-1,1,AA6507,0,2,42
9,10,11:52:08,4,-1,1,AA6507,0,2,41
10,11,11:54:15,4,-1,1,AA6507,0,2,63
11,12,11:55:38,4,-1,1,AA6507,0,2,31
12,13,11:58:37,4,-1,1,AA6507,0,2,94
13,14,12:00:24,4,-1,1,AA6507,0,2,42
14,15,12:02:20,4,-1,-1,AA6507,0,2,83
15,16,12:05:21,4,-1,1,AA6507,0,2,156
16,17,12:13:46,4,-1,1,AA6507,0,2,449
20,21,12:37:50,4,-1,1,AA6507,0,2,115
21,22,12:39:57,4,-1,-1,AA6507,0,2,84
1,2,13:06:47,4,-1,2,AA6507,0,2,74
2,3,13:09:06,4,-1,2,AA6507,0,2,44
3,7,13:19:46,4,-1,1,AA6507,3,2,567
7,8,13:21:45,4,-1,2,AA6507,0,2,108
8,9,13:23:39,4,-1,1,AA6507,0,2,51
9,10,13:24:35,4,-1,1,AA6507,0,2,34
10,11,13:27:21,4,-1,1,AA6507,0,2,124
11,12,13:28:27,4,-1,1,AA6507,0,2,31
12,13,13:30:47,4,-1,1,AA6507,0,2,108
13,14,13:32:11,4,-1,1,AA6507,0,2,41
14,15,13:33:35,4,-1,-1,AA6507,0,2,31
15,16,13:35:42,4,-1,1,AA6507,0,2,96
16,17,13:43:47,4,-1,2,AA6507,0,2,411
21,22,14:11:03,4,-1,-1,AA6507,0,2,94
0,1,14:39:40,4,-1,-1,AA6507,0,2,115
1,2,14:41:46,4,-1,3,AA6507,0,2,51
2,3,14:44:13,4,-1,3,AA6507,0,2,83
3,7,14:57:52,4,-1,1,AA6507,3,2,786
7,8,15:00:39,4,-1,2,AA6507,0,2,156
8,9,15:02:35,4,-1,1,AA6507,0,2,63
9,10,15:03:27,4,-1,1,AA6507,0,2,31
10,11,15:07:19,4,-1,1,AA6507,0,2,210
11,12,15:08:21,4,-1,1,AA6507,0,2,31
12,13,15:11:47,4,-1,1,AA6507,0,2,122
13,14,15:12:27,4,-1,1,AA6507,0,2,30
14,15,15:14:08,4,-1,-1,AA6507,0,2,40
15,16,15:16:10,4,-1,1,AA6507,0,2,70
16,17,15:24:08,4,-1,-1,AA6507,0,2,407
20,21,15:50:05,4,-1,1,AA6507,0,2,185
21,22,15:52:26,4,-1,-1,AA6507,0,2,101
0,1,16:13:25,4,-1,-1,AA6507,0,2,115
1,2,16:14:56,4,-1,-1,AA6507,0,2,60
2,3,16:17:58,4,-1,2,AA6507,0,2,172
3,7,16:28:56,4,-1,1,AA6507,3,2,588
7,8,16:30:58,4,-1,1,AA6507,0,2,111
8,9,16:32:18,4,-1,1,AA6507,0,2,50
9,10,16:33:09,4,-1,1,AA6507,0,2,30
10,11,16:36:55,4,-1,1,AA6507,0,2,205
11,12,16:37:56,4,-1,1,AA6507,0,2,30
12,13,16:40:07,4,-1,1,AA6507,0,2,101
13,14,16:41:48,4,-1,2,AA6507,0,2,50
14,15,16:43:24,4,-1,-1,AA6507,0,2,35
15,16,16:45:36,4,-1,1,AA6507,0,2,101
16,17,16:53:23,4,-1,1,AA6507,0,2,417
20,21,17:33:35,4,-1,1,AA6507,0,2,226
21,22,17:35:57,4,-1,-1,AA6507,0,2,91
0,1,17:43:46,4,-1,-1,AA6507,0,2,50
1,2,17:45:37,4,-1,3,AA6507,0,2,40
2,3,17:47:08,4,-1,2,AA6507,0,2,40
3,7,18:00:05,4,-1,1,AA6507,3,2,715
7,8,18:02:36,4,-1,2,AA6507,0,2,131
8,9,18:04:38,4,-1,1,AA6507,0,2,60
9,10,18:05:18,4,-1,1,AA6507,0,2,30
10,11,18:10:35,4,-1,1,AA6507,0,2,296
11,12,18:11:56,4,-1,1,AA6507,0,2,30
12,13,18:14:56,4,-1,1,AA6507,0,2,104
13,14,18:17:07,4,-1,2,AA6507,0,2,60
14,15,18:19:29,4,-1,-1,AA6507,0,2,40
15,16,18:25:14,4,-1,1,AA6507,0,2,315
16,17,18:35:06,4,-1,3,AA6507,0,2,551
17,19,18:41:02,4,-1,3,AA6507,1,2,346
19,20,18:43:54,4,-1,1,AA6507,0,2,101
20,21,18:47:57,4,-1,1,AA6507,0,2,212
21,22,18:51:19,4,-1,-1,AA6507,0,2,101
0,1,19:21:34,4,-1,-1,AA6507,0,2,74
1,2,19:22:45,4,-1,2,AA6507,0,2,20
2,3,19:24:46,4,-1,2,AA6507,0,2,111
3,4,19:27:08,4,-1,1,AA6507,0,2,101
4,18,19:31:12,4,-1,1,AA6507,1,2,163
6,7,19:43:35,4,-1,2,AA6507,0,2,733
7,8,19:45:16,4,-1,2,AA6507,0,2,90
8,9,19:46:57,4,-1,1,AA6507,0,2,60
9,10,19:47:37,4,-1,1,AA6507,0,2,30
10,11,19:51:00,4,-1,1,AA6507,0,2,60
11,12,19:52:04,4,-1,2,AA6507,0,2,30
12,13,19:55:16,4,-1,1,AA6507,0,2,111
13,14,19:56:06,4,-1,2,AA6507,0,2,40
14,15,19:57:47,4,-1,-1,AA6507,0,2,40
15,16,20:00:39,4,-1,1,AA6507,0,2,131
16,17,20:08:37,4,-1,1,AA6507,0,2,437
17,18,20:10:08,4,-1,1,AA6507,0,2,80
18,19,20:15:24,4,-1,2,AA6507,0,2,285
19,20,20:18:57,4,-1,1,AA6507,0,2,152
20,21,20:22:29,4,-1,1,AA6507,0,2,191
21,22,20:27:04,4,-1,-1,AA6507,0,2,101
0,1,21:27:37,4,-1,-1,AA6507,0,2,50
1,2,21:29:48,4,-1,1,AA6507,0,2,80
2,3,21:32:30,4,-1,2,AA6507,0,2,101
3,4,21:35:06,4,-1,1,AA6507,0,2,81
4,18,21:38:28,4,-1,1,AA6507,1,2,161
6,7,21:48:07,4,-1,1,AA6507,0,2,568
7,8,21:49:48,4,-1,1,AA6507,0,2,91
8,9,21:50:59,4,-1,1,AA6507,0,2,40
9,10,21:51:29,4,-1,1,AA6507,0,2,20
10,11,21:54:43,4,-1,1,AA6507,0,2,153
11,12,21:55:44,4,-1,1,AA6507,0,2,30
12,13,21:57:45,4,-1,1,AA6507,0,2,70
13,14,21:58:36,4,-1,1,AA6507,0,2,40
14,15,22:00:17,4,-1,-1,AA6507,0,2,40
15,16,22:02:18,4,-1,1,AA6507,0,2,90
16,17,22:10:09,4,-1,1,AA6507,0,2,420
17,18,22:12:02,4,-1,1,AA6507,0,2,102
18,19,22:17:27,4,-1,2,AA6507,0,2,305
19,20,22:19:19,4,-1,1,AA6507,0,2,60
20,21,22:23:35,4,-1,1,AA6507,0,2,195
21,22,22:26:27,4,-1,-1,AA6507,0,2,90
0,1,22:46:01,4,-1,-1,AA6507,0,2,70
1,2,22:47:13,4,-1,2,AA6507,0,2,20
2,3,22:49:56,4,-1,2,AA6507,0,2,80
3,4,22:51:58,4,-1,-1,AA6507,0,2,50
4,18,22:55:13,4,-1,1,AA6507,1,2,154
6,7,23:04:42,4,-1,1,AA6507,0,2,559
7,8,23:06:55,4,-1,3,AA6507,0,2,122
8,9,23:07:57,4,-1,1,AA6507,0,2,41
9,10,23:08:47,4,-1,1,AA6507,0,2,20
10,11,23:11:09,4,-1,1,AA6507,0,2,111
11,12,23:11:59,4,-1,1,AA6507,0,2,20
12,13,23:13:34,4,-1,1,AA6507,0,2,50
13,14,23:14:34,4,-1,1,AA6507,0,2,30
14,15,23:16:05,4,-1,-1,AA6507,0,2,30
15,16,23:18:27,4,-1,1,AA6507,0,2,121
16,18,23:27:08,4,-1,1,AA6507,1,2,490
18,19,23:32:06,4,-1,3,AA6507,0,2,277
19,20,23:34:17,4,-1,1,AA6507,0,2,40
20,21,23:36:39,4,-1,1,AA6507,0,2,101
21,22,23:39:12,4,-1,-1,AA6507,0,2,80
0,1,23:57:11,4,-1,-1,AA6507,0,2,61
1,2,23:58:54,4,-1,1,AA6507,0,2,62
0,1,6:36:26,4,-1,-1,AA6835,0,2,40
1,2,6:38:07,4,-1,2,AA6835,0,2,60
2,3,6:39:59,4,-1,2,AA6835,0,2,30
3,7,6:51:02,4,-1,1,AA6835,3,2,652
7,8,6:53:44,4,-1,2,AA6835,0,2,121
8,9,6:54:46,4,-1,1,AA6835,0,2,51
9,10,6:55:47,4,-1,1,AA6835,0,2,20
10,11,6:57:18,4,-1,1,AA6835,0,2,60
11,12,6:57:58,4,-1,1,AA6835,0,2,10
12,13,6:59:29,4,-1,1,AA6835,0,2,50
13,14,7:00:33,4,-1,1,AA6835,0,2,33
14,15,7:01:33,4,-1,-1,AA6835,0,2,30
15,16,7:03:45,4,-1,1,AA6835,0,2,111
16,17,7:10:52,4,-1,-1,AA6835,0,2,406
20,21,7:36:55,4,-1,1,AA6835,0,2,246
21,22,7:40:08,4,-1,-1,AA6835,0,2,80
0,1,7:51:03,4,-1,-1,AA6835,0,2,72
1,2,7:54:45,4,-1,2,AA6835,0,2,131
2,3,7:58:08,4,-1,2,AA6835,0,2,182
3,7,8:09:08,4,-1,1,AA6835,3,2,549
7,8,8:11:44,4,-1,2,AA6835,0,2,125
8,9,8:13:36,4,-1,1,AA6835,0,2,91
9,10,8:14:36,4,-1,1,AA6835,0,2,30
10,11,8:17:18,4,-1,1,AA6835,0,2,111
11,12,8:18:19,4,-1,1,AA6835,0,2,20
12,13,8:20:45,4,-1,1,AA6835,0,2,115
13,14,8:21:56,4,-1,1,AA6835,0,2,40
14,15,8:23:17,4,-1,-1,AA6835,0,2,40
15,16,8:26:19,4,-1,1,AA6835,0,2,141
16,17,8:34:08,4,-1,-1,AA6835,0,2,427
17,20,8:48:05,4,-1,1,AA6835,2,2,826
20,21,8:51:27,4,-1,1,AA6835,0,2,182
21,22,8:53:29,4,-1,-1,AA6835,0,2,91
3,7,9:51:00,4,-1,1,AA6835,3,2,641
7,8,9:52:43,4,-1,2,AA6835,0,2,93
8,9,9:54:04,4,-1,1,AA6835,0,2,50
9,10,9:55:15,4,-1,1,AA6835,0,2,40
10,11,9:56:46,4,-1,1,AA6835,0,2,60
11,12,9:57:16,4,-1,1,AA6835,0,2,20
12,13,9:58:37,4,-1,1,AA6835,0,2,70
13,14,9:59:38,4,-1,1,AA6835,0,2,40
14,15,10:01:49,4,-1,-1,AA6835,0,2,111
15,16,10:04:27,4,-1,1,AA6835,0,2,126
16,17,10:12:14,4,-1,-1,AA6835,0,2,417
17,20,10:31:34,4,-1,2,AA6835,2,2,1149
20,21,10:33:46,4,-1,1,AA6835,0,2,101
21,22,10:35:37,4,-1,-1,AA6835,0,2,91
0,1,11:21:17,4,-1,-1,AA6835,0,2,40
1,2,11:22:48,4,-1,3,AA6835,0,2,40
2,3,11:25:53,4,-1,3,AA6835,0,2,123
3,7,11:37:25,4,-1,2,AA6835,3,2,662
7,8,11:39:57,4,-1,2,AA6835,0,2,121
8,9,11:41:18,4,-1,-1,AA6835,0,2,50
9,10,11:41:59,4,-1,-1,AA6835,0,2,20
10,11,11:44:34,4,-1,-1,AA6835,0,2,134
11,12,11:45:34,4,-1,1,AA6835,0,2,30
12,13,11:47:36,4,-1,1,AA6835,0,2,80
13,14,11:48:37,4,-1,1,AA6835,0,2,40
14,15,11:50:11,4,-1,-1,AA6835,0,2,41
15,16,11:52:50,4,-1,1,AA6835,0,2,136
16,17,12:00:35,4,-1,2,AA6835,0,2,422
17,20,12:20:20,4,-1,1,AA6835,2,2,1174
20,21,12:24:17,4,-1,1,AA6835,0,2,224
21,22,12:26:06,4,-1,-1,AA6835,0,2,31
0,1,14:29:00,4,-1,-1,AA6835,0,2,85
1,2,14:31:25,4,-1,3,AA6835,0,2,92
2,3,14:33:31,4,-1,3,AA6835,0,2,52
3,7,14:46:34,4,-1,1,AA6835,3,2,762
7,8,14:49:20,4,-1,2,AA6835,0,2,155
8,9,14:51:05,4,-1,1,AA6835,0,2,63
9,10,14:52:02,4,-1,1,AA6835,0,2,25
10,11,14:55:02,4,-1,1,AA6835,0,2,125
11,12,14:55:56,4,-1,2,AA6835,0,2,31
12,13,14:59:57,4,-1,2,AA6835,0,2,104
13,14,15:00:49,4,-1,1,AA6835,0,2,42
14,15,15:02:24,4,-1,-1,AA6835,0,2,73
15,16,15:04:40,4,-1,1,AA6835,0,2,114
20,21,15:37:40,4,-1,1,AA6835,0,2,151
21,22,15:39:44,4,-1,-1,AA6835,0,2,84
0,1,16:02:49,4,-1,-1,AA6835,0,2,101
1,2,16:05:05,4,-1,2,AA6835,0,2,50
2,3,16:06:57,4,-1,2,AA6835,0,2,50
3,7,16:19:49,4,-1,1,AA6835,3,2,620
7,8,16:21:50,4,-1,1,AA6835,0,2,111
8,9,16:23:22,4,-1,1,AA6835,0,2,50
9,10,16:24:13,4,-1,1,AA6835,0,2,20
10,11,16:27:05,4,-1,1,AA6835,0,2,141
11,12,16:28:16,4,-1,1,AA6835,0,2,30
12,13,16:29:37,4,-1,1,AA6835,0,2,60
13,14,16:30:58,4,-1,1,AA6835,0,2,50
14,15,16:33:29,4,-1,-1,AA6835,0,2,80
15,16,16:35:44,4,-1,1,AA6835,0,2,115
16,17,16:44:15,4,-1,-1,AA6835,0,2,459
20,21,17:16:48,4,-1,1,AA6835,0,2,151
21,22,17:19:02,4,-1,-1,AA6835,0,2,103
22,3,17:35:17,4,-1,2,AA6835,2,2,347
3,7,17:46:58,4,-1,2,AA6835,3,2,691
7,8,17:49:54,4,-1,2,AA6835,0,2,166
8,9,17:51:56,4,-1,1,AA6835,0,2,70
9,10,17:52:56,4,-1,2,AA6835,0,2,30
10,11,17:56:49,4,-1,1,AA6835,0,2,192
11,12,17:57:33,4,-1,1,AA6835,0,2,23
12,13,17:59:44,4,-1,1,AA6835,0,2,101
13,14,18:01:05,4,-1,2,AA6835,0,2,40
14,15,18:03:17,4,-1,-1,AA6835,0,2,111
15,16,18:07:09,4,-1,1,AA6835,0,2,202
16,17,18:14:56,4,-1,-1,AA6835,0,2,434
20,21,18:49:08,4,-1,1,AA6835,0,2,151
21,22,18:52:32,4,-1,-1,AA6835,0,2,123
0,1,19:10:18,4,-1,-1,AA6835,0,2,50
1,2,19:12:29,4,-1,2,AA6835,0,2,90
2,3,19:14:36,4,-1,2,AA6835,0,2,75
3,4,19:16:07,4,-1,1,AA6835,0,2,30
4,7,19:32:34,4,-1,1,AA6835,2,2,926
7,8,19:34:15,4,-1,2,AA6835,0,2,91
8,9,19:35:56,4,-1,1,AA6835,0,2,70
9,10,19:36:46,4,-1,1,AA6835,0,2,40
10,11,19:39:28,4,-1,1,AA6835,0,2,141
11,12,19:40:19,4,-1,1,AA6835,0,2,30
12,13,19:43:35,4,-1,1,AA6835,0,2,145
13,14,19:44:36,4,-1,2,AA6835,0,2,40
14,15,19:46:57,4,-1,-1,AA6835,0,2,50
15,16,19:49:50,4,-1,1,AA6835,0,2,142
16,17,19:58:28,4,-1,1,AA6835,0,2,467
17,18,20:00:29,4,-1,1,AA6835,0,2,111
18,19,20:06:16,4,-1,2,AA6835,0,2,306
19,20,20:09:28,4,-1,1,AA6835,0,2,70
20,21,20:13:10,4,-1,1,AA6835,0,2,212
21,22,20:15:03,4,-1,-1,AA6835,0,2,90
0,1,21:12:43,4,-1,-1,AA6835,0,2,22
1,2,21:14:15,4,-1,2,AA6835,0,2,81
2,4,21:18:48,4,-1,1,AA6835,1,2,202
4,18,21:21:50,4,-1,1,AA6835,1,2,151
6,7,21:31:19,4,-1,1,AA6835,0,2,559
7,8,21:33:45,4,-1,1,AA6835,0,2,135
8,9,21:35:16,4,-1,1,AA6835,0,2,51
9,10,21:36:07,4,-1,1,AA6835,0,2,30
10,11,21:37:38,4,-1,1,AA6835,0,2,60
11,12,21:38:48,4,-1,1,AA6835,0,2,30
12,13,21:40:30,4,-1,1,AA6835,0,2,71
13,14,21:41:21,4,-1,1,AA6835,0,2,30
14,15,21:43:04,4,-1,-1,AA6835,0,2,30
15,16,21:45:05,4,-1,1,AA6835,0,2,90
16,17,21:52:50,4,-1,1,AA6835,0,2,424
17,18,21:54:33,4,-1,1,AA6835,0,2,92
18,19,21:59:57,4,-1,3,AA6835,0,2,303
19,20,22:02:49,4,-1,1,AA6835,0,2,111
20,21,22:04:35,4,-1,1,AA6835,0,2,86
21,22,22:06:47,4,-1,-1,AA6835,0,2,91
0,1,22:33:13,4,-1,-1,AA6835,0,2,60
1,2,22:35:00,4,-1,2,AA6835,0,2,65
2,3,22:36:45,4,-1,2,AA6835,0,2,30
3,4,22:38:56,4,-1,1,AA6835,0,2,90
4,18,22:41:58,4,-1,1,AA6835,1,2,161
6,7,22:50:47,4,-1,-1,AA6835,0,2,518
7,8,22:52:29,4,-1,-1,AA6835,0,2,80
8,9,22:53:49,4,-1,-1,AA6835,0,2,40
9,10,22:54:32,4,-1,-1,AA6835,0,2,32
10,11,22:57:05,4,-1,1,AA6835,0,2,142
11,12,22:58:06,4,-1,1,AA6835,0,2,30
12,13,22:59:27,4,-1,1,AA6835,0,2,60
13,14,23:00:07,4,-1,1,AA6835,0,2,30
14,15,23:01:38,4,-1,-1,AA6835,0,2,50
15,16,23:03:30,4,-1,1,AA6835,0,2,91
16,17,23:10:49,4,-1,1,AA6835,0,2,398
17,18,23:12:10,4,-1,1,AA6835,0,2,70
18,19,23:17:46,4,-1,2,AA6835,0,2,313
19,20,23:19:07,4,-1,1,AA6835,0,2,40
20,21,23:22:19,4,-1,1,AA6835,0,2,141
21,22,23:24:16,4,-1,-1,AA6835,0,2,66
0,1,10:53:16,4,-1,-1,AA6848,0,2,101
1,2,10:55:18,4,-1,2,AA6848,0,2,50
2,3,10:57:42,4,-1,2,AA6848,0,2,53
3,7,11:09:25,4,-1,2,AA6848,3,2,580
7,8,11:11:26,4,-1,2,AA6848,0,2,111
8,9,11:13:48,4,-1,1,AA6848,0,2,50
9,10,11:15:09,4,-1,1,AA6848,0,2,30
10,11,11:17:04,4,-1,1,AA6848,0,2,70
11,12,11:18:05,4,-1,1,AA6848,0,2,30
12,13,11:19:46,4,-1,1,AA6848,0,2,70
13,14,11:21:07,4,-1,1,AA6848,0,2,30
14,15,11:22:58,4,-1,-1,AA6848,0,2,50
15,16,11:26:23,4,-1,1,AA6848,0,2,133
16,17,11:34:39,4,-1,2,AA6848,0,2,445
20,21,11:59:32,4,-1,1,AA6848,0,2,180
21,22,12:01:59,4,-1,-1,AA6848,0,2,105
18,19,0:01:36,4,-1,2,AA7149,0,2,318
19,20,0:04:08,4,-1,1,AA7149,0,2,121
20,21,0:06:29,4,-1,1,AA7149,0,2,121
21,22,0:08:34,4,-1,-1,AA7149,0,2,84
0,1,0:31:52,4,-1,-1,AA7149,0,2,40
1,2,0:33:04,4,-1,1,AA7149,0,2,40
2,3,0:34:55,4,-1,1,AA7149,0,2,40
3,4,0:37:07,4,-1,1,AA7149,0,2,90
4,18,0:40:08,4,-1,1,AA7149,1,2,151
6,7,0:49:03,4,-1,1,AA7149,0,2,524
7,8,0:51:05,4,-1,-1,AA7149,0,2,111
8,9,0:52:15,4,-1,1,AA7149,0,2,50
9,11,0:54:47,4,-1,1,AA7149,1,2,131
11,12,0:55:17,4,-1,1,AA7149,0,3,20
12,13,0:56:38,4,-1,1,AA7149,0,3,50
13,14,0:57:49,4,-1,1,AA7149,0,3,40
14,15,0:58:39,4,-1,-1,AA7149,0,3,20
15,16,1:00:34,4,-1,1,AA7149,0,3,84
16,17,1:07:18,4,-1,1,AA7149,0,3,393
17,18,1:08:49,4,-1,1,AA7149,0,3,70
18,19,1:13:44,4,-1,2,AA7149,0,3,274
19,20,1:15:55,4,-1,1,AA7149,0,3,60
20,21,1:18:27,4,-1,1,AA7149,0,3,112
21,22,1:20:19,4,-1,-1,AA7149,0,3,90
0,1,7:20:17,4,-1,-1,AA7167,0,2,103
1,2,7:22:18,4,-1,2,AA7167,0,2,70
2,3,7:25:03,4,-1,2,AA7167,0,2,63
3,7,7:40:08,4,-1,1,AA7167,3,2,873
7,8,7:41:59,4,-1,2,AA7167,0,2,101
8,9,7:43:34,4,-1,1,AA7167,0,2,64
9,10,7:44:36,4,-1,1,AA7167,0,2,31
10,11,7:46:47,4,-1,1,AA7167,0,2,91
11,12,7:47:38,4,-1,1,AA7167,0,2,20
12,13,7:49:09,4,-1,1,AA7167,0,2,70
13,14,7:50:10,4,-1,1,AA7167,0,2,30
14,15,7:51:23,4,-1,-1,AA7167,0,2,30
15,16,7:54:05,4,-1,1,AA7167,0,2,131
16,17,8:02:32,4,-1,-1,AA7167,0,2,467
20,21,8:27:30,4,-1,1,AA7167,0,2,141
21,22,8:29:54,4,-1,-1,AA7167,0,2,103
1,2,8:49:36,4,-1,2,AA7167,0,2,91
2,3,8:53:49,4,-1,2,AA7167,0,2,141
3,7,9:04:29,4,-1,2,AA7167,3,2,579
7,8,9:07:37,4,-1,2,AA7167,0,2,177
8,9,9:09:08,4,-1,1,AA7167,0,2,50
9,10,9:09:59,4,-1,1,AA7167,0,2,30
10,11,9:11:25,4,-1,1,AA7167,0,2,50
11,12,9:12:05,4,-1,2,AA7167,0,2,30
12,13,9:13:36,4,-1,2,AA7167,0,2,60
13,14,9:14:27,4,-1,1,AA7167,0,2,30
14,15,9:15:38,4,-1,-1,AA7167,0,2,40
15,16,9:18:32,4,-1,1,AA7167,0,2,154
16,17,9:26:00,4,-1,1,AA7167,0,2,407
20,21,9:52:13,4,-1,1,AA7167,0,2,153
21,22,9:54:14,4,-1,-1,AA7167,0,2,91
0,1,10:12:55,4,-1,-1,AA7167,0,2,101
1,2,10:14:16,4,-1,-1,AA7167,0,2,30
2,3,10:17:38,4,-1,3,AA7167,0,2,111
3,7,10:29:09,4,-1,2,AA7167,3,2,630
7,8,10:31:12,4,-1,2,AA7167,0,2,112
8,9,10:33:05,4,-1,1,AA7167,0,2,60
9,10,10:33:56,4,-1,1,AA7167,0,2,30
10,11,10:37:18,4,-1,1,AA7167,0,2,101
11,12,10:38:59,4,-1,1,AA7167,0,2,50
12,13,10:40:20,4,-1,1,AA7167,0,2,70
13,14,10:41:25,4,-1,1,AA7167,0,2,30
14,15,10:43:06,4,-1,-1,AA7167,0,2,40
15,16,10:45:28,4,-1,1,AA7167,0,2,111
16,17,10:53:47,4,-1,1,AA7167,0,2,427
17,20,11:13:48,4,-1,1,AA7167,2,2,1191
20,21,11:17:04,4,-1,1,AA7167,0,2,145
21,22,11:19:06,4,-1,-1,AA7167,0,2,91
0,1,12:04:49,4,-1,-1,AA7167,0,2,83
1,3,12:09:34,4,-1,2,AA7167,1,2,229
3,7,12:20:09,4,-1,1,AA7167,3,2,572
7,8,12:22:06,4,-1,2,AA7167,0,2,106
8,9,12:24:06,4,-1,1,AA7167,0,2,88
9,10,12:24:48,4,-1,1,AA7167,0,2,31
10,11,12:27:34,4,-1,1,AA7167,0,2,56
11,12,12:28:38,4,-1,1,AA7167,0,2,21
12,13,12:30:48,4,-1,-1,AA7167,0,2,98
13,14,12:31:53,4,-1,-1,AA7167,0,2,43
14,15,12:33:27,4,-1,-1,AA7167,0,2,31
15,16,12:35:45,4,-1,1,AA7167,0,2,106
16,17,12:43:58,4,-1,1,AA7167,0,2,441
17,20,13:04:18,4,-1,1,AA7167,2,2,1198
20,21,13:08:11,4,-1,1,AA7167,0,2,191
21,22,13:10:08,4,-1,-1,AA7167,0,2,107
0,1,15:38:10,4,-1,-1,AA7167,0,2,50
1,2,15:39:34,4,-1,3,AA7167,0,2,73
2,3,15:41:15,4,-1,2,AA7167,0,2,50
3,7,15:51:56,4,-1,1,AA7167,3,2,579
7,8,15:53:52,4,-1,2,AA7167,0,2,95
8,9,15:55:12,4,-1,1,AA7167,0,2,40
9,10,15:56:15,4,-1,1,AA7167,0,2,20
10,11,15:59:17,4,-1,1,AA7167,0,2,121
11,12,16:00:17,4,-1,2,AA7167,0,2,30
12,13,16:02:29,4,-1,2,AA7167,0,2,81
13,14,16:03:24,4,-1,1,AA7167,0,2,35
14,15,16:06:26,4,-1,-1,AA7167,0,2,30
15,16,16:09:08,4,-1,1,AA7167,0,2,121
16,17,16:16:17,4,-1,1,AA7167,0,2,418
20,21,16:46:57,4,-1,1,AA7167,0,2,131
21,22,16:48:58,4,-1,-1,AA7167,0,2,90
0,1,17:08:49,4,-1,-1,AA7167,0,2,81
1,2,17:12:36,4,-1,2,AA7167,0,2,121
2,3,17:14:17,4,-1,2,AA7167,0,2,60
3,7,17:25:06,4,-1,2,AA7167,3,2,578
7,8,17:27:27,4,-1,3,AA7167,0,2,90
8,9,17:28:58,4,-1,1,AA7167,0,2,50
9,10,17:30:19,4,-1,1,AA7167,0,2,20
10,11,17:35:06,4,-1,1,AA7167,0,2,212
11,12,17:36:07,4,-1,1,AA7167,0,2,20
12,13,17:37:58,4,-1,1,AA7167,0,2,60
13,14,17:39:19,4,-1,2,AA7167,0,2,40
14,15,17:42:56,4,-1,-1,AA7167,0,2,50
15,16,17:46:38,4,-1,1,AA7167,0,2,192
16,17,17:55:58,4,-1,2,AA7167,0,2,469
17,19,18:13:11,4,-1,3,AA7167,1,2,1021
19,20,18:15:46,4,-1,1,AA7167,0,2,93
20,21,18:19:19,4,-1,1,AA7167,0,2,161
21,22,18:21:32,4,-1,-1,AA7167,0,2,92
0,1,18:43:44,4,-1,-1,AA7167,0,2,80
1,2,18:45:36,4,-1,3,AA7167,0,2,40
2,3,18:47:37,4,-1,2,AA7167,0,2,50
3,4,18:50:09,4,-1,1,AA7167,0,2,80
4,18,18:54:13,4,-1,1,AA7167,1,2,163
6,7,19:07:25,4,-1,2,AA7167,0,2,771
7,8,19:09:07,4,-1,2,AA7167,0,2,91
8,9,19:10:58,4,-1,1,AA7167,0,2,80
9,10,19:11:49,4,-1,1,AA7167,0,2,40
10,11,19:13:35,4,-1,1,AA7167,0,2,55
11,12,19:14:25,4,-1,1,AA7167,0,2,20
12,13,19:16:37,4,-1,2,AA7167,0,2,101
13,14,19:17:48,4,-1,3,AA7167,0,2,50
14,15,19:20:40,4,-1,-1,AA7167,0,2,30
15,16,19:23:46,4,-1,1,AA7167,0,2,145
16,17,19:31:33,4,-1,1,AA7167,0,2,416
17,18,19:32:54,4,-1,1,AA7167,0,2,70
18,19,19:40:39,4,-1,2,AA7167,0,2,444
19,20,19:44:05,4,-1,1,AA7167,0,2,145
20,21,19:47:58,4,-1,1,AA7167,0,2,212
21,22,19:50:30,4,-1,-1,AA7167,0,2,91
0,1,20:54:36,4,-1,-1,AA7167,0,2,80
1,2,20:56:47,4,-1,2,AA7167,0,2,60
2,3,20:58:08,4,-1,2,AA7167,0,2,30
3,4,21:00:29,4,-1,1,AA7167,0,2,50
4,18,21:03:55,4,-1,1,AA7167,1,2,185
6,7,21:13:23,4,-1,1,AA7167,0,2,558
7,8,21:15:15,4,-1,1,AA7167,0,2,101
8,9,21:16:16,4,-1,1,AA7167,0,2,40
9,10,21:16:56,4,-1,1,AA7167,0,2,30
10,11,21:18:38,4,-1,1,AA7167,0,2,50
11,12,21:19:58,4,-1,1,AA7167,0,2,20
12,13,21:22:20,4,-1,1,AA7167,0,2,101
13,14,21:24:04,4,-1,1,AA7167,0,2,30
14,15,21:26:26,4,-1,-1,AA7167,0,2,30
15,16,21:28:57,4,-1,1,AA7167,0,2,121
16,18,21:37:28,4,-1,1,AA7167,1,2,469
18,19,21:43:24,4,-1,3,AA7167,0,2,316
19,20,21:46:46,4,-1,2,AA7167,0,2,151
20,21,21:48:58,4,-1,1,AA7167,0,2,121
21,22,21:51:19,4,-1,-1,AA7167,0,2,90
0,1,22:20:19,4,-1,-1,AA7167,0,2,70
1,2,22:23:04,4,-1,2,AA7167,0,2,74
2,3,22:24:56,4,-1,2,AA7167,0,2,50
3,4,22:28:48,4,-1,1,AA7167,0,2,192
4,18,22:32:52,4,-1,1,AA7167,1,2,163
6,7,22:41:58,4,-1,1,AA7167,0,2,525
7,8,22:44:40,4,-1,2,AA7167,0,2,141
8,9,22:46:11,4,-1,1,AA7167,0,2,60
9,10,22:46:43,4,-1,1,AA7167,0,2,21
10,11,22:50:16,4,-1,-1,AA7167,0,2,112
11,12,22:51:18,4,-1,-1,AA7167,0,2,30
12,13,22:53:09,4,-1,-1,AA7167,0,2,60
13,14,22:54:20,4,-1,-1,AA7167,0,2,40
14,15,22:56:25,4,-1,-1,AA7167,0,2,30
15,16,22:58:26,4,-1,1,AA7167,0,2,101
16,17,23:06:25,4,-1,1,AA7167,0,2,438
17,18,23:08:17,4,-1,1,AA7167,0,2,102
18,19,23:13:34,4,-1,2,AA7167,0,2,296
19,20,23:15:55,4,-1,1,AA7167,0,2,111
20,21,23:18:37,4,-1,1,AA7167,0,2,141
21,22,23:20:48,4,-1,-1,AA7167,0,2,90
0,1,23:39:23,4,-1,-1,AA7167,0,2,50
1,2,23:40:43,4,-1,1,AA7167,0,2,50
2,3,23:43:05,4,-1,1,AA7167,0,2,40
3,4,23:45:28,4,-1,1,AA7167,0,2,101
4,18,23:48:24,4,-1,1,AA7167,1,2,156
6,7,23:57:21,4,-1,2,AA7167,0,2,526
7,8,23:59:04,4,-1,1,AA7167,0,2,92
0,1,6:18:28,4,-1,-1,AA7242,0,2,30
1,2,6:19:49,4,-1,3,AA7242,0,2,30
2,3,6:21:33,4,-1,2,AA7242,0,2,42
3,8,6:33:24,4,-1,-1,AA7242,4,2,671
8,9,6:34:35,4,-1,1,AA7242,0,2,40
9,10,6:35:46,4,-1,1,AA7242,0,2,30
10,12,6:38:17,4,-1,1,AA7242,1,2,121
12,13,6:39:38,4,-1,1,AA7242,0,2,50
13,14,6:40:29,4,-1,1,AA7242,0,2,30
14,15,6:41:50,4,-1,-1,AA7242,0,2,40
15,16,6:43:55,4,-1,1,AA7242,0,2,105
16,17,6:51:02,4,-1,2,AA7242,0,2,396
17,20,7:07:48,4,-1,1,AA7242,2,2,996
20,21,7:10:00,4,-1,1,AA7242,0,2,111
21,22,7:11:54,4,-1,-1,AA7242,0,2,82
0,1,7:29:47,4,-1,-1,AA7242,0,2,80
1,2,7:31:28,4,-1,2,AA7242,0,2,60
2,3,7:35:44,4,-1,3,AA7242,0,2,246
3,7,7:48:18,4,-1,1,AA7242,3,2,662
7,8,7:50:42,4,-1,2,AA7242,0,2,113
8,9,7:52:03,4,-1,1,AA7242,0,2,60
9,10,7:53:14,4,-1,1,AA7242,0,2,30
10,11,7:55:05,4,-1,1,AA7242,0,2,50
11,12,7:56:06,4,-1,1,AA7242,0,2,30
12,13,7:57:27,4,-1,1,AA7242,0,2,40
13,14,7:58:28,4,-1,1,AA7242,0,2,30
14,15,8:00:50,4,-1,-1,AA7242,0,2,50
15,16,8:02:53,4,-1,1,AA7242,0,2,82
16,17,8:10:39,4,-1,1,AA7242,0,2,414
20,21,8:34:38,4,-1,1,AA7242,0,2,111
21,22,8:38:54,4,-1,-1,AA7242,0,2,165
0,1,8:57:14,4,-1,-1,AA7242,0,2,50
1,2,8:58:35,4,-1,3,AA7242,0,2,60
2,3,9:03:49,4,-1,2,AA7242,0,2,141
3,7,9:14:27,4,-1,1,AA7242,3,2,511
7,8,9:16:59,4,-1,2,AA7242,0,2,141
8,9,9:18:20,4,-1,1,AA7242,0,2,60
9,10,9:19:03,4,-1,1,AA7242,0,2,30
10,11,9:21:16,4,-1,1,AA7242,0,2,70
11,12,9:22:17,4,-1,1,AA7242,0,2,30
12,13,9:24:29,4,-1,1,AA7242,0,2,111
13,14,9:25:29,4,-1,1,AA7242,0,2,40
14,15,9:27:02,4,-1,-1,AA7242,0,2,41
15,16,9:29:16,4,-1,1,AA7242,0,2,101
16,17,9:37:47,4,-1,-1,AA7242,0,2,449
17,20,9:58:47,4,-1,1,AA7242,2,2,1250
20,21,10:01:19,4,-1,1,AA7242,0,2,141
21,22,10:03:16,4,-1,-1,AA7242,0,2,96
0,1,11:03:27,4,-1,-1,AA7242,0,2,60
1,2,11:06:19,4,-1,3,AA7242,0,2,80
2,3,11:08:24,4,-1,2,AA7242,0,2,74
3,7,11:20:47,4,-1,1,AA7242,3,2,661
7,8,11:22:48,4,-1,2,AA7242,0,2,101
8,9,11:25:00,4,-1,1,AA7242,0,2,50
9,10,11:25:42,4,-1,1,AA7242,0,2,22
10,11,11:28:04,4,-1,1,AA7242,0,2,80
11,12,11:29:15,4,-1,1,AA7242,0,2,20
12,13,11:30:56,4,-1,1,AA7242,0,2,50
13,14,11:31:57,4,-1,1,AA7242,0,2,30
14,15,11:33:18,4,-1,-1,AA7242,0,2,30
15,16,11:36:25,4,-1,1,AA7242,0,2,94
16,17,11:44:01,4,-1,-1,AA7242,0,2,426
20,21,12:08:00,4,-1,1,AA7242,0,2,146
21,22,12:10:27,4,-1,-1,AA7242,0,2,94
0,1,12:50:26,4,-1,-1,AA7242,0,2,85
1,2,12:52:33,4,-1,3,AA7242,0,2,84
2,3,12:53:56,4,-1,3,AA7242,0,2,31
3,4,12:56:14,4,-1,1,AA7242,0,2,94
4,7,13:04:18,4,-1,1,AA7242,2,2,452
7,8,13:07:08,4,-1,2,AA7242,0,2,138
8,9,13:08:45,4,-1,1,AA7242,0,2,54
9,10,13:09:47,4,-1,1,AA7242,0,2,31
10,11,13:12:14,4,-1,1,AA7242,0,2,125
11,12,13:13:26,4,-1,1,AA7242,0,2,31
12,13,13:15:12,4,-1,1,AA7242,0,2,83
13,14,13:16:46,4,-1,2,AA7242,0,2,51
14,15,13:19:05,4,-1,-1,AA7242,0,2,30
15,16,13:21:45,4,-1,1,AA7242,0,2,129
20,21,13:51:08,4,-1,1,AA7242,0,2,135
21,22,13:53:05,4,-1,-1,AA7242,0,2,95
0,1,14:18:49,4,-1,-1,AA7242,0,2,73
1,2,14:20:34,4,-1,2,AA7242,0,2,84
2,3,14:23:45,4,-1,2,AA7242,0,2,117
3,7,14:36:30,4,-1,1,AA7242,3,2,681
7,8,14:38:47,4,-1,1,AA7242,0,2,127
8,9,14:40:11,4,-1,1,AA7242,0,2,41
9,10,14:41:26,4,-1,1,AA7242,0,2,30
10,11,14:43:52,4,-1,1,AA7242,0,2,136
11,12,14:44:45,4,-1,2,AA7242,0,2,31
12,13,14:47:06,4,-1,2,AA7242,0,2,82
13,14,14:48:18,4,-1,1,AA7242,0,2,41
14,15,14:49:52,4,-1,-1,AA7242,0,2,41
15,16,14:52:35,4,-1,1,AA7242,0,2,89
16,17,15:00:18,4,-1,-1,AA7242,0,2,431
17,20,15:18:54,4,-1,2,AA7242,2,2,1106
20,21,15:21:57,4,-1,1,AA7242,0,2,172
21,22,15:24:08,4,-1,-1,AA7242,0,2,101
0,1,15:51:15,4,-1,-1,AA7242,0,2,70
1,2,15:53:31,4,-1,3,AA7242,0,2,85
2,3,15:54:42,4,-1,2,AA7242,0,2,40
3,7,16:05:46,4,-1,1,AA7242,3,2,601
7,8,16:07:57,4,-1,2,AA7242,0,2,121
8,9,16:10:09,4,-1,-1,AA7242,0,2,121
9,10,16:10:59,4,-1,-1,AA7242,0,2,30
10,11,16:13:35,4,-1,-1,AA7242,0,2,84
11,12,16:14:25,4,-1,-1,AA7242,0,2,20
12,13,16:16:37,4,-1,1,AA7242,0,2,80
13,14,16:17:58,4,-1,1,AA7242,0,2,40
14,15,16:19:59,4,-1,-1,AA7242,0,2,50
15,16,16:22:20,4,-1,1,AA7242,0,2,111
16,17,16:29:47,4,-1,1,AA7242,0,2,414
20,21,16:59:38,4,-1,1,AA7242,0,2,111
21,22,17:02:10,4,-1,-1,AA7242,0,2,90
0,1,17:20:23,4,-1,-1,AA7242,0,2,90
1,2,17:23:05,4,-1,3,AA7242,0,2,50
2,3,17:25:46,4,-1,2,AA7242,0,2,80
3,7,17:36:27,4,-1,2,AA7242,3,2,570
7,8,17:39:29,4,-1,2,AA7242,0,2,131
8,9,17:41:00,4,-1,1,AA7242,0,2,70
9,10,17:42:15,4,-1,1,AA7242,0,2,40
10,11,17:47:08,4,-1,1,AA7242,0,2,283
11,12,17:48:44,4,-1,1,AA7242,0,2,44
12,13,17:50:25,4,-1,1,AA7242,0,2,80
13,14,17:51:56,4,-1,1,AA7242,0,2,60
14,15,17:54:07,4,-1,-1,AA7242,0,2,30
15,16,17:58:33,4,-1,1,AA7242,0,2,235
16,17,18:07:31,4,-1,-1,AA7242,0,2,476
20,21,18:42:13,4,-1,1,AA7242,0,2,173
21,22,18:44:55,4,-1,-1,AA7242,0,2,91
22,2,18:59:17,4,-1,2,AA7242,1,2,181
2,3,19:01:08,4,-1,2,AA7242,0,2,80
3,4,19:03:50,4,-1,1,AA7242,0,2,121
4,5,19:09:48,4,-1,1,AA7242,0,2,297
5,6,19:11:19,4,-1,1,AA7242,0,2,80
6,7,19:23:35,4,-1,1,AA7242,0,2,716
7,8,19:26:07,4,-1,2,AA7242,0,2,141
8,9,19:27:18,4,-1,1,AA7242,0,2,40
9,10,19:27:58,4,-1,1,AA7242,0,2,20
10,11,19:30:52,4,-1,1,AA7242,0,2,122
11,12,19:31:43,4,-1,1,AA7242,0,2,21
12,13,19:34:35,4,-1,1,AA7242,0,2,101
13,14,19:36:06,4,-1,2,AA7242,0,2,60
14,15,19:38:38,4,-1,-1,AA7242,0,2,30
15,16,19:41:09,4,-1,1,AA7242,0,2,111
16,17,19:48:58,4,-1,1,AA7242,0,2,428
17,18,19:50:30,4,-1,1,AA7242,0,2,81
18,19,19:56:57,4,-1,2,AA7242,0,2,356
19,20,20:00:19,4,-1,1,AA7242,0,2,101
20,21,20:02:53,4,-1,1,AA7242,0,2,143
21,22,20:05:05,4,-1,-1,AA7242,0,2,102
0,1,6:01:44,4,-1,-1,AA7301,0,2,70
1,2,6:04:37,4,-1,2,AA7301,0,2,101
2,3,6:06:18,4,-1,2,AA7301,0,2,30
3,4,6:08:20,4,-1,1,AA7301,0,2,40
4,7,6:16:57,4,-1,1,AA7301,2,2,487
7,8,6:19:29,4,-1,-1,AA7301,0,2,131
8,9,6:21:00,4,-1,1,AA7301,0,2,80
9,10,6:22:03,4,-1,1,AA7301,0,2,30
10,11,6:23:55,4,-1,1,AA7301,0,2,70
11,12,6:24:36,4,-1,1,AA7301,0,2,30
12,13,6:26:07,4,-1,1,AA7301,0,2,70
13,14,6:26:47,4,-1,1,AA7301,0,2,20
14,15,6:28:08,4,-1,-1,AA7301,0,2,30
15,16,6:29:59,4,-1,1,AA7301,0,2,80
16,17,6:37:17,4,-1,3,AA7301,0,2,386
17,20,6:49:29,4,-1,1,AA7301,2,2,722
20,21,6:51:12,4,-1,1,AA7301,0,2,92
21,22,6:52:54,4,-1,-1,AA7301,0,2,81
0,1,6:59:09,4,-1,-1,AA7301,0,2,30
1,2,7:01:13,4,-1,2,AA7301,0,2,20
2,3,7:03:14,4,-1,2,AA7301,0,2,111
3,7,7:13:26,4,-1,-1,AA7301,3,2,529
7,8,7:14:57,4,-1,-1,AA7301,0,2,80
8,9,7:16:39,4,-1,1,AA7301,0,2,81
9,10,7:17:43,4,-1,1,AA7301,0,2,33
10,11,7:19:24,4,-1,1,AA7301,0,2,60
11,12,7:20:17,4,-1,1,AA7301,0,2,20
12,13,7:21:38,4,-1,1,AA7301,0,2,60
13,14,7:22:49,4,-1,1,AA7301,0,2,40
14,15,7:24:10,4,-1,-1,AA7301,0,2,30
15,16,7:26:24,4,-1,1,AA7301,0,2,101
16,17,7:34:00,4,-1,1,AA7301,0,2,404
20,21,7:58:38,4,-1,1,AA7301,0,2,131
21,22,8:00:50,4,-1,-1,AA7301,0,2,101
0,1,8:17:39,4,-1,-1,AA7301,0,2,81
1,2,8:20:35,4,-1,3,AA7301,0,2,125
2,3,8:23:57,4,-1,2,AA7301,0,2,121
3,4,8:27:00,4,-1,1,AA7301,0,2,121
4,7,8:34:58,4,-1,2,AA7301,2,2,448
7,8,8:37:33,4,-1,2,AA7301,0,2,144
8,9,8:39:14,4,-1,1,AA7301,0,2,50
9,10,8:40:25,4,-1,1,AA7301,0,2,30
10,11,8:43:07,4,-1,1,AA7301,0,2,131
11,12,8:44:08,4,-1,1,AA7301,0,2,30
12,13,8:47:14,4,-1,1,AA7301,0,2,124
13,14,8:48:25,4,-1,1,AA7301,0,2,40
14,15,8:50:16,4,-1,-1,AA7301,0,2,40
15,16,8:52:48,4,-1,1,AA7301,0,2,121
16,17,9:00:16,4,-1,3,AA7301,0,2,367
17,20,9:16:49,4,-1,1,AA7301,2,2,982
20,21,9:20:26,4,-1,1,AA7301,0,2,206
21,22,9:22:47,4,-1,-1,AA7301,0,2,80
0,1,10:22:55,4,-1,-1,AA7301,0,2,30
1,2,10:26:07,4,-1,2,AA7301,0,2,101
2,3,10:27:48,4,-1,3,AA7301,0,2,40
3,7,10:38:29,4,-1,1,AA7301,3,2,549
7,8,10:40:10,4,-1,2,AA7301,0,2,91
8,9,10:41:45,4,-1,1,AA7301,0,2,60
9,10,10:42:46,4,-1,1,AA7301,0,2,30
10,11,10:44:47,4,-1,1,AA7301,0,2,111
11,12,10:45:48,4,-1,1,AA7301,0,2,30
12,13,10:46:59,4,-1,1,AA7301,0,2,50
13,14,10:48:00,4,-1,1,AA7301,0,2,30
14,15,10:49:14,4,-1,-1,AA7301,0,2,40
15,16,10:51:45,4,-1,1,AA7301,0,2,111
20,21,11:21:27,4,-1,1,AA7301,0,2,151
21,22,11:23:39,4,-1,-1,AA7301,0,2,91
0,1,12:14:17,4,-1,-1,AA7301,0,2,104
1,2,12:16:03,4,-1,3,AA7301,0,2,21
2,3,12:17:37,4,-1,2,AA7301,0,2,20
3,7,12:28:06,4,-1,1,AA7301,3,2,561
7,8,12:30:59,4,-1,-1,AA7301,0,2,151
8,9,12:32:24,4,-1,-1,AA7301,0,2,42
9,10,12:33:17,4,-1,-1,AA7301,0,2,31
10,11,12:36:47,4,-1,1,AA7301,0,2,189
11,12,12:37:50,4,-1,1,AA7301,0,2,21
12,13,12:40:08,4,-1,1,AA7301,0,2,84
13,14,12:41:11,4,-1,1,AA7301,0,2,31
14,15,12:42:45,4,-1,-1,AA7301,0,2,41
15,16,12:44:56,4,-1,1,AA7301,0,2,109
20,21,13:13:26,4,-1,1,AA7301,0,2,187
21,22,13:15:44,4,-1,-1,AA7301,0,2,106
0,1,13:43:36,4,-1,-1,AA7301,0,2,76
1,2,13:46:37,4,-1,3,AA7301,0,2,117
2,3,13:49:14,4,-1,3,AA7301,0,2,84
3,4,13:51:50,4,-1,1,AA7301,0,2,41
4,7,14:00:46,4,-1,2,AA7301,2,2,492
7,8,14:02:32,4,-1,3,AA7301,0,2,96
8,9,14:04:27,4,-1,1,AA7301,0,2,83
9,10,14:05:35,4,-1,1,AA7301,0,2,47
10,12,14:09:39,4,-1,2,AA7301,1,2,222
12,13,14:12:59,4,-1,1,AA7301,0,2,95
13,14,14:14:14,4,-1,1,AA7301,0,2,31
14,15,14:15:38,4,-1,-1,AA7301,0,2,20
15,16,14:17:57,4,-1,1,AA7301,0,2,118
20,21,14:49:20,4,-1,1,AA7301,0,2,134
21,22,14:52:13,4,-1,-1,AA7301,0,2,110
0,1,15:17:00,4,-1,-1,AA7301,0,2,40
1,2,15:19:25,4,-1,2,AA7301,0,2,91
2,3,15:20:56,4,-1,3,AA7301,0,2,10
3,7,15:32:56,4,-1,2,AA7301,3,2,628
7,8,15:35:08,4,-1,2,AA7301,0,2,91
8,9,15:37:40,4,-1,1,AA7301,0,2,111
9,10,15:38:50,4,-1,1,AA7301,0,2,30
10,11,15:41:25,4,-1,1,AA7301,0,2,124
11,12,15:42:26,4,-1,2,AA7301,0,2,30
12,13,15:43:57,4,-1,2,AA7301,0,2,60
13,14,15:44:58,4,-1,2,AA7301,0,2,50
14,15,15:46:59,4,-1,-1,AA7301,0,2,40
15,16,15:49:54,4,-1,1,AA7301,0,2,144
16,17,15:57:05,4,-1,3,AA7301,0,2,410
20,21,16:23:33,4,-1,1,AA7301,0,2,203
21,22,16:25:44,4,-1,-1,AA7301,0,2,91
0,1,0:13:27,4,-1,-1,AA7341,0,2,80
1,3,0:16:29,4,-1,1,AA7341,1,2,151
3,4,0:18:43,4,-1,1,AA7341,0,2,93
4,7,0:30:31,4,-1,1,AA7341,2,2,688
7,8,0:31:52,4,-1,1,AA7341,0,2,70
8,9,0:32:44,4,-1,1,AA7341,0,2,30
9,10,0:33:24,4,-1,1,AA7341,0,2,30
10,11,0:35:26,4,-1,1,AA7341,0,2,90
11,12,0:36:16,4,-1,1,AA7341,0,2,20
12,13,0:37:27,4,-1,1,AA7341,0,2,60
13,14,0:38:07,4,-1,1,AA7341,0,2,30
14,15,0:39:18,4,-1,-1,AA7341,0,2,30
15,16,0:41:09,4,-1,1,AA7341,0,2,90
16,18,0:49:03,4,-1,1,AA7341,1,2,454
18,19,0:53:36,4,-1,2,AA7341,0,2,252
19,20,0:55:47,4,-1,1,AA7341,0,3,90
20,21,0:57:08,4,-1,1,AA7341,0,3,70
21,22,0:58:39,4,-1,-1,AA7341,0,3,80
0,1,1:21:53,4,-1,-1,AA7341,0,3,50
1,2,1:23:04,4,-1,1,AA7341,0,3,40
2,3,1:24:45,4,-1,1,AA7341,0,3,40
3,4,1:25:36,4,-1,1,AA7341,0,3,20
4,18,1:28:17,4,-1,1,AA7341,1,3,151
6,7,1:37:05,4,-1,2,AA7341,0,3,517
7,8,1:38:36,4,-1,3,AA7341,0,3,80
8,9,1:41:28,4,-1,1,AA7341,0,3,50
9,10,1:42:19,4,-1,1,AA7341,0,3,30
10,11,1:43:40,4,-1,1,AA7341,0,3,50
11,12,1:44:31,4,-1,1,AA7341,0,3,20
12,13,1:45:44,4,-1,1,AA7341,0,3,52
13,14,1:47:05,4,-1,1,AA7341,0,3,40
14,15,1:48:05,4,-1,-1,AA7341,0,3,30
15,16,1:50:07,4,-1,1,AA7341,0,3,101
16,17,1:56:35,4,-1,1,AA7341,0,3,367
17,18,1:58:26,4,-1,1,AA7341,0,3,101
18,19,2:03:50,4,-1,2,AA7341,0,3,303
19,20,2:05:56,4,-1,1,AA7341,0,3,115
20,21,2:07:57,4,-1,1,AA7341,0,3,111
21,22,2:09:49,4,-1,-1,AA7341,0,3,60
0,1,6:48:08,4,-1,-1,AA7341,0,2,20
1,2,6:49:49,4,-1,2,AA7341,0,2,40
2,3,6:51:43,4,-1,2,AA7341,0,2,40
3,7,7:02:24,4,-1,1,AA7341,3,2,549
7,8,7:04:56,4,-1,2,AA7341,0,2,112
8,9,7:06:27,4,-1,1,AA7341,0,2,50
9,10,7:07:48,4,-1,1,AA7341,0,2,30
10,11,7:09:40,4,-1,1,AA7341,0,2,70
11,12,7:10:32,4,-1,-1,AA7341,0,2,21
12,13,7:12:04,4,-1,-1,AA7341,0,2,52
13,14,7:13:26,4,-1,-1,AA7341,0,2,41
14,15,7:15:18,4,-1,-1,AA7341,0,2,71
15,16,7:17:43,4,-1,1,AA7341,0,2,84
16,17,7:26:04,4,-1,-1,AA7341,0,2,429
20,21,7:51:43,4,-1,1,AA7341,0,2,184
21,22,7:54:35,4,-1,-1,AA7341,0,2,111
0,1,8:02:53,4,-1,-1,AA7341,0,2,112
1,2,8:06:36,4,-1,3,AA7341,0,2,101
2,3,8:10:19,4,-1,2,AA7341,0,2,192
3,7,8:23:27,4,-1,1,AA7341,3,2,632
7,8,8:25:59,4,-1,2,AA7341,0,2,141
8,9,8:27:20,4,-1,1,AA7341,0,2,70
9,10,8:28:31,4,-1,1,AA7341,0,2,30
10,11,8:31:05,4,-1,1,AA7341,0,2,113
11,12,8:32:16,4,-1,2,AA7341,0,2,30
12,13,8:34:38,4,-1,2,AA7341,0,2,101
13,14,8:36:09,4,-1,1,AA7341,0,2,40
14,15,8:37:33,4,-1,-1,AA7341,0,2,43
15,16,8:40:05,4,-1,1,AA7341,0,2,81
16,17,8:48:25,4,-1,3,AA7341,0,2,439
17,20,9:07:27,4,-1,1,AA7341,2,2,1121
20,21,9:10:44,4,-1,1,AA7341,0,2,166
21,22,9:12:56,4,-1,-1,AA7341,0,2,101
0,1,9:47:37,4,-1,-1,AA7341,0,2,40
1,2,9:49:09,4,-1,2,AA7341,0,2,50
2,3,9:51:32,4,-1,2,AA7341,0,2,72
3,7,10:04:06,4,-1,1,AA7341,3,2,653
7,8,10:06:18,4,-1,2,AA7341,0,2,121
8,9,10:08:40,4,-1,1,AA7341,0,2,71
9,10,10:09:41,4,-1,1,AA7341,0,2,30
10,11,10:11:34,4,-1,-1,AA7341,0,2,93
11,12,10:12:35,4,-1,-1,AA7341,0,2,30
12,13,10:14:06,4,-1,-1,AA7341,0,2,60
13,14,10:15:16,4,-1,1,AA7341,0,2,40
14,15,10:17:18,4,-1,-1,AA7341,0,2,40
15,16,10:19:39,4,-1,1,AA7341,0,2,80
20,21,10:50:55,4,-1,1,AA7341,0,2,154
21,22,10:52:56,4,-1,-1,AA7341,0,2,80
0,1,11:58:37,4,-1,-1,AA7341,0,2,52
1,2,12:00:24,4,-1,3,AA7341,0,2,75
2,3,12:03:47,4,-1,2,AA7341,0,2,170
3,7,12:15:20,4,-1,1,AA7341,3,2,619
7,8,12:17:37,4,-1,1,AA7341,0,2,115
8,9,12:19:48,4,-1,1,AA7341,0,2,73
9,10,12:20:53,4,-1,1,AA7341,0,2,33
10,11,12:23:45,4,-1,1,AA7341,0,2,150
11,12,12:25:20,4,-1,1,AA7341,0,2,31
12,13,12:27:19,4,-1,1,AA7341,0,2,73
13,14,12:28:27,4,-1,1,AA7341,0,2,42
14,15,12:31:09,4,-1,-1,AA7341,0,2,41
15,16,12:34:42,4,-1,-1,AA7341,0,2,169
16,17,12:43:38,4,-1,1,AA7341,0,2,493
20,21,13:08:11,4,-1,1,AA7341,0,2,148
21,22,13:10:29,4,-1,-1,AA7341,0,2,73
0,1,13:30:15,4,-1,-1,AA7341,0,2,119
1,2,13:32:43,4,-1,2,AA7341,0,2,83
2,3,13:34:37,4,-1,2,AA7341,0,2,52
3,7,13:47:18,4,-1,2,AA7341,3,2,685
7,8,13:49:56,4,-1,2,AA7341,0,2,147
8,9,13:51:19,4,-1,1,AA7341,0,2,41
9,10,13:52:12,4,-1,1,AA7341,0,2,32
10,11,13:55:32,4,-1,1,AA7341,0,2,179
11,12,13:58:40,4,-1,2,AA7341,0,2,166
12,13,14:01:27,4,-1,2,AA7341,0,2,62
13,14,14:02:43,4,-1,1,AA7341,0,2,33
14,15,14:04:59,4,-1,-1,AA7341,0,2,41
15,16,14:07:10,4,-1,1,AA7341,0,2,73
16,17,14:14:56,4,-1,-1,AA7341,0,2,410
20,22,14:47:16,4,-1,-1,AA7341,1,2,340
0,1,15:09:03,4,-1,-1,AA7341,0,2,93
1,2,15:10:16,4,-1,2,AA7341,0,2,41
2,3,15:13:08,4,-1,2,AA7341,0,2,151
3,7,15:26:10,4,-1,2,AA7341,3,2,711
7,8,15:29:10,4,-1,2,AA7341,0,2,145
8,9,15:31:04,4,-1,1,AA7341,0,2,92
9,10,15:32:15,4,-1,1,AA7341,0,2,40
10,11,15:36:49,4,-1,1,AA7341,0,2,223
11,12,15:38:00,4,-1,1,AA7341,0,2,30
12,13,15:40:25,4,-1,2,AA7341,0,2,84
13,14,15:42:46,4,-1,2,AA7341,0,2,60
14,15,15:44:07,4,-1,-1,AA7341,0,2,40
15,16,15:46:19,4,-1,1,AA7341,0,2,80
16,17,15:53:41,4,-1,2,AA7341,0,2,412
17,20,16:14:25,4,-1,-1,AA7341,2,2,1233
20,21,16:16:37,4,-1,1,AA7341,0,2,101
21,22,16:18:48,4,-1,-1,AA7341,0,2,121
0,1,16:46:06,4,-1,-1,AA7341,0,2,90
1,2,16:48:38,4,-1,1,AA7341,0,2,80
2,3,16:50:29,4,-1,2,AA7341,0,2,101
3,7,17:01:19,4,-1,2,AA7341,3,2,569
7,8,17:03:14,4,-1,2,AA7341,0,2,104
8,9,17:04:45,4,-1,1,AA7341,0,2,40
9,10,17:05:56,4,-1,2,AA7341,0,2,30
10,11,17:10:35,4,-1,1,AA7341,0,2,228
11,12,17:11:35,4,-1,1,AA7341,0,2,30
12,13,17:13:06,4,-1,1,AA7341,0,2,60
13,14,17:14:37,4,-1,2,AA7341,0,2,60
14,15,17:16:48,4,-1,-1,AA7341,0,2,60
15,16,17:19:23,4,-1,1,AA7341,0,2,113
20,21,17:57:33,4,-1,1,AA7341,0,2,215
21,22,17:59:54,4,-1,-1,AA7341,0,2,101
22,2,18:19:59,4,-1,2,AA7341,1,2,303
2,3,18:22:02,4,-1,3,AA7341,0,2,51
3,4,18:26:15,4,-1,1,AA7341,0,2,91
4,18,18:31:21,4,-1,1,AA7341,1,2,214
6,7,18:45:15,4,-1,2,AA7341,0,2,824
7,8,18:47:57,4,-1,2,AA7341,0,2,111
8,9,18:49:38,4,-1,1,AA7341,0,2,60
9,10,18:50:19,4,-1,1,AA7341,0,2,30
10,11,18:52:52,4,-1,1,AA7341,0,2,112
11,12,18:53:53,4,-1,3,AA7341,0,2,30
12,13,18:56:55,4,-1,2,AA7341,0,2,131
13,14,18:59:17,4,-1,2,AA7341,0,2,80
14,15,19:01:38,4,-1,-1,AA7341,0,2,60
15,16,19:03:29,4,-1,1,AA7341,0,2,80
16,17,19:12:29,4,-1,2,AA7341,0,2,499
17,18,19:14:05,4,-1,1,AA7341,0,2,85
18,19,19:22:35,4,-1,3,AA7341,0,2,478
19,20,19:25:47,4,-1,1,AA7341,0,2,90
20,21,19:29:09,4,-1,1,AA7341,0,2,141
21,22,19:33:04,4,-1,-1,AA7341,0,2,102
22,2,20:16:55,4,-1,2,AA7341,1,2,151
2,3,20:19:27,4,-1,2,AA7341,0,2,71
3,4,20:21:38,4,-1,1,AA7341,0,2,60
4,18,20:25:33,4,-1,1,AA7341,1,2,163
6,7,20:35:10,4,-1,1,AA7341,0,2,566
7,8,20:37:23,4,-1,2,AA7341,0,2,90
8,9,20:38:44,4,-1,1,AA7341,0,2,50
9,10,20:39:25,4,-1,1,AA7341,0,2,30
10,11,20:45:18,4,-1,1,AA7341,0,2,80
11,12,20:47:09,4,-1,1,AA7341,0,2,30
12,13,20:49:53,4,-1,1,AA7341,0,2,82
13,14,20:51:44,4,-1,1,AA7341,0,2,50
14,15,20:54:25,4,-1,-1,AA7341,0,2,60
15,16,20:56:47,4,-1,1,AA7341,0,2,80
16,17,21:07:07,4,-1,1,AA7341,0,2,569
17,18,21:08:58,4,-1,1,AA7341,0,2,101
18,19,21:15:15,4,-1,2,AA7341,0,2,326
19,20,21:19:08,4,-1,1,AA7341,0,2,70
20,21,21:22:00,4,-1,1,AA7341,0,2,161
21,22,21:24:14,4,-1,-1,AA7341,0,2,94
0,1,21:46:46,4,-1,-1,AA7341,0,2,50
1,2,21:48:48,4,-1,3,AA7341,0,2,70
2,3,21:50:59,4,-1,2,AA7341,0,2,121
3,4,21:53:33,4,-1,1,AA7341,0,2,112
4,18,21:56:45,4,-1,1,AA7341,1,2,161
6,7,22:05:36,4,-1,1,AA7341,0,2,521
7,8,22:07:07,4,-1,2,AA7341,0,2,80
8,9,22:08:28,4,-1,1,AA7341,0,2,60
9,10,22:09:39,4,-1,1,AA7341,0,2,30
10,11,22:12:12,4,-1,1,AA7341,0,2,143
11,12,22:13:03,4,-1,1,AA7341,0,2,20
12,13,22:15:26,4,-1,1,AA7341,0,2,70
13,14,22:16:47,4,-1,1,AA7341,0,2,40
14,15,22:18:58,4,-1,-1,AA7341,0,2,50
15,16,22:21:10,4,-1,1,AA7341,0,2,111
16,17,22:28:48,4,-1,1,AA7341,0,2,407
17,18,22:30:40,4,-1,1,AA7341,0,2,101
18,19,22:35:54,4,-1,2,AA7341,0,2,294
19,20,22:37:46,4,-1,1,AA7341,0,2,50
20,21,22:40:07,4,-1,1,AA7341,0,2,131
21,22,22:42:19,4,-1,-1,AA7341,0,2,101
0,1,23:03:50,4,-1,-1,AA7341,0,2,50
1,2,23:06:25,4,-1,1,AA7341,0,2,124
2,3,23:08:17,4,-1,1,AA7341,0,2,102
3,4,23:10:28,4,-1,1,AA7341,0,2,80
4,18,23:14:44,4,-1,1,AA7341,1,2,175
6,7,23:24:16,4,-1,1,AA7341,0,2,551
7,8,23:25:57,4,-1,2,AA7341,0,2,90
8,9,23:27:18,4,-1,1,AA7341,0,2,60
9,10,23:28:09,4,-1,1,AA7341,0,2,20
10,11,23:30:45,4,-1,1,AA7341,0,2,125
11,12,23:31:25,4,-1,1,AA7341,0,2,30
12,13,23:33:16,4,-1,1,AA7341,0,2,70
13,14,23:34:38,4,-1,1,AA7341,0,2,31
14,15,23:36:09,4,-1,-1,AA7341,0,2,40
15,16,23:38:22,4,-1,1,AA7341,0,2,92
16,17,23:45:28,4,-1,1,AA7341,0,2,405
17,18,23:46:59,4,-1,1,AA7341,0,2,80
18,19,23:52:27,4,-1,3,AA7341,0,2,293
19,20,23:54:19,4,-1,1,AA7341,0,2,40
20,21,23:57:42,4,-1,1,AA7341,0,2,172
21,22,23:59:25,4,-1,-1,AA7341,0,2,72
0,1,6:10:43,4,-1,-1,AA7392,0,2,50
1,2,6:12:14,4,-1,3,AA7392,0,2,70
2,3,6:14:56,4,-1,2,AA7392,0,2,80
3,4,6:16:37,4,-1,1,AA7392,0,2,40
4,7,6:24:56,4,-1,1,AA7392,2,2,468
7,8,6:26:47,4,-1,-1,AA7392,0,2,91
8,9,6:27:58,4,-1,1,AA7392,0,2,40
9,10,6:28:59,4,-1,1,AA7392,0,2,30
10,11,6:30:50,4,-1,1,AA7392,0,2,101
11,12,6:31:33,4,-1,1,AA7392,0,2,32
12,13,6:32:44,4,-1,1,AA7392,0,2,60
13,14,6:33:24,4,-1,1,AA7392,0,2,30
14,15,6:34:55,4,-1,-1,AA7392,0,2,40
15,16,6:36:46,4,-1,1,AA7392,0,2,80
16,17,6:43:55,4,-1,1,AA7392,0,2,408
17,20,6:57:48,4,-1,1,AA7392,2,2,822
20,21,7:00:33,4,-1,1,AA7392,0,2,103
21,22,7:02:34,4,-1,-1,AA7392,0,2,91
0,1,7:10:32,4,-1,-1,AA7392,0,2,72
1,2,7:12:14,4,-1,-1,AA7392,0,2,52
2,3,7:15:07,4,-1,2,AA7392,0,2,91
3,7,7:26:34,4,-1,2,AA7392,3,2,636
7,8,7:28:26,4,-1,2,AA7392,0,2,101
8,9,7:29:47,4,-1,1,AA7392,0,2,40
9,10,7:30:47,4,-1,1,AA7392,0,2,20
10,11,7:32:49,4,-1,1,AA7392,0,2,81
11,12,7:34:00,4,-1,1,AA7392,0,2,30
12,13,7:35:34,4,-1,1,AA7392,0,2,74
13,14,7:36:45,4,-1,1,AA7392,0,2,40
14,15,7:38:06,4,-1,-1,AA7392,0,2,40
15,16,7:40:48,4,-1,1,AA7392,0,2,131
16,17,7:48:39,4,-1,2,AA7392,0,2,430
20,21,8:17:49,4,-1,1,AA7392,0,2,91
21,22,8:20:04,4,-1,-1,AA7392,0,2,84
0,1,8:38:03,4,-1,-1,AA7392,0,2,165
1,2,8:39:35,4,-1,2,AA7392,0,2,81
2,3,8:43:28,4,-1,3,AA7392,0,2,101
3,4,8:45:49,4,-1,1,AA7392,0,2,70
4,7,8:53:59,4,-1,2,AA7392,2,2,445
7,8,8:56:34,4,-1,2,AA7392,0,2,144
8,9,8:58:45,4,-1,1,AA7392,0,2,101
9,10,8:59:46,4,-1,1,AA7392,0,2,20
10,11,9:02:58,4,-1,1,AA7392,0,2,161
11,12,9:03:59,4,-1,1,AA7392,0,2,30
12,13,9:06:36,4,-1,3,AA7392,0,2,86
13,14,9:07:17,4,-1,1,AA7392,0,2,30
14,15,9:09:38,4,-1,-1,AA7392,0,2,50
15,16,9:12:15,4,-1,1,AA7392,0,2,125
20,21,9:43:22,4,-1,1,AA7392,0,2,112
21,22,9:45:26,4,-1,-1,AA7392,0,2,91
0,1,10:42:46,4,-1,-1,AA7392,0,2,50
1,2,10:45:18,4,-1,3,AA7392,0,2,111
2,3,10:47:50,4,-1,2,AA7392,0,2,91
3,7,10:58:23,4,-1,2,AA7392,3,2,569
7,8,11:00:55,4,-1,2,AA7392,0,2,111
8,9,11:02:46,4,-1,1,AA7392,0,2,70
9,10,11:03:57,4,-1,1,AA7392,0,2,30
10,11,11:05:38,4,-1,1,AA7392,0,2,60
11,12,11:06:39,4,-1,1,AA7392,0,2,20
12,13,11:08:24,4,-1,1,AA7392,0,2,74
13,14,11:09:35,4,-1,1,AA7392,0,2,40
14,15,11:11:16,4,-1,-1,AA7392,0,2,40
15,16,11:14:08,4,-1,1,AA7392,0,2,151
20,21,11:47:46,4,-1,1,AA7392,0,2,224
21,22,11:50:01,4,-1,-1,AA7392,0,2,94
0,1,12:25:34,4,-1,-1,AA7392,0,2,88
1,2,12:27:55,4,-1,2,AA7392,0,2,130
2,3,12:31:53,4,-1,-1,AA7392,0,2,153
3,7,12:42:14,4,-1,1,AA7392,3,2,547
7,8,12:43:58,4,-1,2,AA7392,0,2,94
8,9,12:45:27,4,-1,1,AA7392,0,2,52
9,10,12:46:34,4,-1,1,AA7392,0,2,34
10,11,12:52:33,4,-1,1,AA7392,0,2,337
11,12,12:53:46,4,-1,1,AA7392,0,2,31
12,13,12:56:24,4,-1,1,AA7392,0,2,84
13,14,12:58:34,4,-1,1,AA7392,0,2,77
14,15,13:01:39,4,-1,-1,AA7392,0,2,52
15,16,13:04:49,4,-1,1,AA7392,0,2,147
16,17,13:13:48,4,-1,1,AA7392,0,2,464
20,21,13:39:33,4,-1,1,AA7392,0,2,209
21,22,13:42:44,4,-1,-1,AA7392,0,2,97
0,1,13:54:49,4,-1,-1,AA7392,0,2,52
1,2,13:56:14,4,-1,3,AA7392,0,2,31
2,3,13:59:53,4,-1,3,AA7392,0,2,135
3,7,14:11:45,4,-1,1,AA7392,3,2,628
7,8,14:13:20,4,-1,2,AA7392,0,2,73
8,9,14:15:06,4,-1,1,AA7392,0,2,62
9,10,14:15:58,4,-1,1,AA7392,0,2,31
10,11,14:18:07,4,-1,1,AA7392,0,2,73
11,12,14:19:10,4,-1,2,AA7392,0,2,20
12,13,14:21:05,4,-1,2,AA7392,0,2,105
13,14,14:22:18,4,-1,1,AA7392,0,2,30
14,15,14:23:45,4,-1,-1,AA7392,0,2,34
15,16,14:26:34,4,-1,1,AA7392,0,2,138
16,17,14:34:34,4,-1,-1,AA7392,0,2,429
17,20,14:50:23,4,-1,2,AA7392,2,2,937
20,21,14:54:09,4,-1,1,AA7392,0,2,204
21,22,14:56:17,4,-1,-1,AA7392,0,2,95
0,1,15:28:19,4,-1,-1,AA7392,0,2,105
1,2,15:29:42,4,-1,3,AA7392,0,2,22
2,3,15:31:55,4,-1,3,AA7392,0,2,80
3,7,15:45:08,4,-1,1,AA7392,3,2,691
7,8,15:46:59,4,-1,2,AA7392,0,2,101
8,9,15:48:44,4,-1,1,AA7392,0,2,73
9,10,15:49:44,4,-1,1,AA7392,0,2,30
10,11,15:51:36,4,-1,1,AA7392,0,2,70
11,12,15:52:36,4,-1,1,AA7392,0,2,20
12,13,15:53:52,4,-1,1,AA7392,0,2,65
13,14,15:55:44,4,-1,1,AA7392,0,2,42
14,15,15:58:16,4,-1,-1,AA7392,0,2,40
15,16,16:01:08,4,-1,1,AA7392,0,2,141
16,17,16:09:08,4,-1,2,AA7392,0,2,429
20,21,16:38:06,4,-1,1,AA7392,0,2,111
21,22,16:40:17,4,-1,-1,AA7392,0,2,90
0,1,16:56:47,4,-1,-1,AA7392,0,2,91
1,2,16:58:18,4,-1,2,AA7392,0,2,50
2,3,17:00:49,4,-1,3,AA7392,0,2,70
3,7,17:13:06,4,-1,1,AA7392,3,2,612
7,8,17:14:47,4,-1,2,AA7392,0,2,90
8,9,17:16:48,4,-1,1,AA7392,0,2,60
9,10,17:17:39,4,-1,1,AA7392,0,2,30
10,11,17:19:33,4,-1,1,AA7392,0,2,60
11,12,17:20:13,4,-1,1,AA7392,0,2,30
12,13,17:21:54,4,-1,1,AA7392,0,2,70
13,14,17:23:35,4,-1,2,AA7392,0,2,70
14,15,17:26:17,4,-1,-1,AA7392,0,2,40
15,16,17:28:28,4,-1,1,AA7392,0,2,111
20,21,18:14:35,4,-1,1,AA7392,0,2,179
21,22,18:17:07,4,-1,-1,AA7392,0,2,111
0,1,18:30:18,4,-1,-1,AA7392,0,2,131
1,2,18:32:01,4,-1,3,AA7392,0,2,40
2,3,18:33:55,4,-1,2,AA7392,0,2,70
3,4,18:38:29,4,-1,1,AA7392,0,2,131
4,18,18:42:23,4,-1,1,AA7392,1,2,163
6,7,18:54:54,4,-1,1,AA7392,0,2,730
7,8,18:57:25,4,-1,1,AA7392,0,2,131
8,9,18:59:17,4,-1,1,AA7392,0,2,90
9,10,19:00:07,4,-1,1,AA7392,0,2,30
10,11,19:03:19,4,-1,1,AA7392,0,2,111
11,16,19:13:55,4,-1,1,AA7392,4,2,605
16,17,19:22:45,4,-1,2,AA7392,0,2,448
17,18,19:25:16,4,-1,1,AA7392,0,2,141
18,19,19:34:35,4,-1,2,AA7392,0,2,528
19,20,19:38:17,4,-1,1,AA7392,0,2,151
20,21,19:41:09,4,-1,1,AA7392,0,2,121
21,22,19:43:55,4,-1,-1,AA7392,0,2,115
0,1,20:35:10,4,-1,-1,AA7392,0,2,60
1,2,20:37:44,4,-1,2,AA7392,0,2,121
2,3,20:41:26,4,-1,2,AA7392,0,2,161
3,4,20:43:37,4,-1,1,AA7392,0,2,80
4,7,20:56:57,4,-1,2,AA7392,2,2,749
7,8,20:59:08,4,-1,2,AA7392,0,2,121
8,9,21:01:20,4,-1,1,AA7392,0,2,101
9,10,21:02:02,4,-1,1,AA7392,0,2,30
10,11,21:06:06,4,-1,1,AA7392,0,2,101
11,12,21:07:37,4,-1,1,AA7392,0,2,30
12,13,21:09:49,4,-1,1,AA7392,0,2,60
13,14,21:11:50,4,-1,1,AA7392,0,2,40
14,15,21:14:15,4,-1,-1,AA7392,0,2,30
15,16,21:16:56,4,-1,1,AA7392,0,2,131
16,17,21:24:55,4,-1,1,AA7392,0,2,427
17,18,21:26:26,4,-1,1,AA7392,0,2,80
18,19,21:33:00,4,-1,2,AA7392,0,2,364
19,20,21:35:36,4,-1,1,AA7392,0,2,81
20,21,21:39:19,4,-1,1,AA7392,0,2,182
21,22,21:41:33,4,-1,-1,AA7392,0,2,93
0,1,22:04:35,4,-1,-1,AA7392,0,2,56
1,2,22:05:46,4,-1,2,AA7392,0,2,20
2,3,22:08:08,4,-1,1,AA7392,0,2,40
3,4,22:11:20,4,-1,1,AA7392,0,2,121
4,18,22:15:36,4,-1,1,AA7392,1,2,224
6,7,22:24:46,4,-1,1,AA7392,0,2,539
7,8,22:26:47,4,-1,2,AA7392,0,2,111
8,9,22:28:28,4,-1,1,AA7392,0,2,80
9,10,22:29:29,4,-1,1,AA7392,0,2,30
10,11,22:33:34,4,-1,1,AA7392,0,2,61
11,12,22:34:40,4,-1,1,AA7392,0,2,20
12,13,22:36:25,4,-1,1,AA7392,0,2,64
13,14,22:37:46,4,-1,1,AA7392,0,2,40
14,15,22:39:27,4,-1,-1,AA7392,0,2,40
15,16,22:41:48,4,-1,1,AA7392,0,2,121
16,18,22:51:08,4,-1,-1,AA7392,1,2,529
18,19,22:56:35,4,-1,2,AA7392,0,2,306
19,20,22:59:06,4,-1,1,AA7392,0,2,101
20,21,23:01:18,4,-1,1,AA7392,0,2,121
21,22,23:03:09,4,-1,-1,AA7392,0,2,91
0,1,23:22:09,4,-1,-1,AA7392,0,2,40
1,2,23:23:56,4,-1,1,AA7392,0,2,96
2,3,23:26:38,4,-1,2,AA7392,0,2,80
3,4,23:28:49,4,-1,1,AA7392,0,2,80
4,18,23:32:06,4,-1,1,AA7392,1,2,166
6,7,23:41:14,4,-1,1,AA7392,0,2,538
7,8,23:42:55,4,-1,1,AA7392,0,2,81
8,9,23:44:27,4,-1,1,AA7392,0,2,50
9,10,23:45:28,4,-1,1,AA7392,0,2,30
10,11,23:47:34,4,-1,1,AA7392,0,2,55
11,12,23:48:24,4,-1,1,AA7392,0,2,10
12,13,23:49:56,4,-1,1,AA7392,0,2,61
13,14,23:50:56,4,-1,1,AA7392,0,2,40
14,15,23:52:58,4,-1,-1,AA7392,0,2,40
15,16,23:54:59,4,-1,1,AA7392,0,2,90
0,1,10:32:55,4,-1,-1,AA7480,0,2,20
1,2,10:34:26,4,-1,3,AA7480,0,2,60
2,3,10:37:38,4,-1,3,AA7480,0,2,182
3,7,10:49:14,4,-1,1,AA7480,3,2,604
7,14,11:00:35,4,-1,1,AA7480,6,2,20
20,21,11:35:20,4,-1,1,AA7480,0,2,81
21,22,11:37:45,4,-1,-1,AA7480,0,2,80
0,1,12:38:43,4,-1,-1,AA7480,0,2,95
1,2,12:41:42,4,-1,2,AA7480,0,2,84
2,3,12:43:27,4,-1,2,AA7480,0,2,31
3,7,12:55:42,4,-1,1,AA7480,3,2,615
0,1,14:07:33,4,-1,-1,AA7480,0,2,65
1,2,14:08:57,4,-1,3,AA7480,0,2,10
2,3,14:11:23,4,-1,2,AA7480,0,2,62
3,7,14:23:55,4,-1,1,AA7480,3,2,677
7,9,14:27:35,4,-1,1,AA7480,1,2,209
9,12,14:31:25,4,-1,2,AA7480,2,2,112
12,13,14:34:34,4,-1,2,AA7480,0,2,178
13,14,14:35:37,4,-1,1,AA7480,0,2,41
14,15,14:37:22,4,-1,-1,AA7480,0,2,83
15,16,14:39:29,4,-1,1,AA7480,0,2,73
16,17,14:47:16,4,-1,-1,AA7480,0,2,435
17,20,15:06:58,4,-1,1,AA7480,2,2,1171
20,21,15:10:05,4,-1,1,AA7480,0,2,166
21,22,15:12:17,4,-1,-1,AA7480,0,2,121
0,1,8:27:00,4,-1,-1,AA7489,0,2,101
1,2,8:28:41,4,-1,3,AA7489,0,2,50
2,3,8:31:46,4,-1,3,AA7489,0,2,101
3,7,8:44:49,4,-1,2,AA7489,3,2,711
7,8,8:47:24,4,-1,2,AA7489,0,2,145
8,9,8:49:26,4,-1,1,AA7489,0,2,70
9,10,8:50:26,4,-1,1,AA7489,0,2,30
10,11,8:54:49,4,-1,1,AA7489,0,2,242
11,12,8:55:33,4,-1,1,AA7489,0,2,33
12,13,8:58:15,4,-1,2,AA7489,0,2,131
13,14,8:59:16,4,-1,1,AA7489,0,2,50
14,15,9:00:47,4,-1,-1,AA7489,0,2,80
15,16,9:02:48,4,-1,1,AA7489,0,2,70
16,17,9:11:55,4,-1,1,AA7489,0,2,465
20,21,9:39:28,4,-1,1,AA7489,0,2,202
21,22,9:42:00,4,-1,-1,AA7489,0,2,101
0,1,10:00:18,4,-1,-1,AA7489,0,2,50
1,2,10:02:20,4,-1,3,AA7489,0,2,60
2,3,10:05:48,4,-1,3,AA7489,0,2,50
3,7,10:17:08,4,-1,1,AA7489,3,2,568
7,8,10:19:39,4,-1,2,AA7489,0,2,111
8,9,10:21:44,4,-1,1,AA7489,0,2,72
9,10,10:22:24,4,-1,1,AA7489,0,2,30
10,11,10:24:26,4,-1,1,AA7489,0,2,101
11,12,10:25:37,4,-1,1,AA7489,0,2,30
12,13,10:27:28,4,-1,1,AA7489,0,2,80
13,14,10:28:59,4,-1,1,AA7489,0,2,40
14,15,10:31:12,4,-1,-1,AA7489,0,2,40
15,16,10:33:46,4,-1,1,AA7489,0,2,91
16,17,10:42:56,4,-1,1,AA7489,0,2,449
20,21,11:06:59,4,-1,1,AA7489,0,2,101
21,22,11:08:55,4,-1,-1,AA7489,0,2,95
0,1,11:50:11,4,-1,-1,AA7489,0,2,84
1,2,11:52:08,4,-1,2,AA7489,0,2,52
2,3,11:54:15,4,-1,3,AA7489,0,2,52
3,7,12:05:34,4,-1,1,AA7489,3,2,668
7,8,12:07:08,4,-1,2,AA7489,0,2,83
8,9,12:08:31,4,-1,1,AA7489,0,2,62
9,10,12:09:34,4,-1,1,AA7489,0,2,41
10,11,12:11:19,4,-1,1,AA7489,0,2,63
11,12,12:12:22,4,-1,1,AA7489,0,2,31
12,13,12:15:09,4,-1,1,AA7489,0,2,125
13,14,12:16:13,4,-1,2,AA7489,0,2,31
14,15,12:18:09,4,-1,-1,AA7489,0,2,42
15,16,12:21:56,4,-1,1,AA7489,0,2,159
16,17,12:30:17,4,-1,-1,AA7489,0,2,459
20,21,12:53:56,4,-1,1,AA7489,0,2,137
21,22,12:56:14,4,-1,-1,AA7489,0,2,94
1,2,11:44:54,4,-1,-1,AA7842,0,2,73
2,3,11:48:06,4,-1,3,AA7842,0,2,151
3,7,11:57:13,4,-1,1,AA7842,3,2,516
7,8,12:00:35,4,-1,2,AA7842,0,2,180
8,9,12:01:59,4,-1,1,AA7842,0,2,52
9,10,12:02:44,4,-1,1,AA7842,0,2,34
10,11,12:05:21,4,-1,1,AA7842,0,2,115
11,12,12:06:26,4,-1,1,AA7842,0,2,31
12,13,12:08:11,4,-1,1,AA7842,0,2,62
13,14,12:10:06,4,-1,1,AA7842,0,2,62
14,15,12:11:40,4,-1,-1,AA7842,0,2,31
15,16,12:14:38,4,-1,1,AA7842,0,2,115
20,21,12:48:39,4,-1,1,AA7842,0,2,223
21,22,12:50:05,4,-1,-1,AA7842,0,2,64
1,2,13:19:25,4,-1,3,AA7842,0,2,31
2,3,13:21:34,4,-1,2,AA7842,0,2,76
3,7,13:31:29,4,-1,1,AA7842,3,2,501
7,8,13:34:27,4,-1,2,AA7842,0,2,167
8,9,13:35:42,4,-1,1,AA7842,0,2,54
9,10,13:36:14,4,-1,1,AA7842,0,2,21
10,11,13:38:40,4,-1,1,AA7842,0,2,104
11,12,13:39:44,4,-1,1,AA7842,0,2,22
12,13,13:42:55,4,-1,1,AA7842,0,2,149
13,14,13:44:18,4,-1,1,AA7842,0,2,41
14,15,13:46:16,4,-1,-1,AA7842,0,2,41
15,16,13:49:34,4,-1,1,AA7842,0,2,157
16,17,13:57:06,4,-1,-1,AA7842,0,2,420
20,21,14:24:37,4,-1,1,AA7842,0,2,138
21,22,14:26:55,4,-1,-1,AA7842,0,2,95
13,14,0:00:26,4,2,1,AB4747,0,2,30
14,15,0:01:46,4,2,-1,AB4747,0,2,20
15,16,0:03:27,4,3,1,AB4747,0,2,80
16,18,0:11:56,4,2,1,AB4747,1,2,468
18,19,0:16:49,4,3,2,AB4747,0,2,282
19,20,0:19:03,4,3,1,AB4747,0,2,103
20,21,0:20:34,4,3,1,AB4747,0,2,80
21,22,0:22:46,4,-1,-1,AB4747,0,2,91
0,1,0:47:50,4,0,-1,AB4747,0,2,20
1,2,0:48:53,4,0,1,AB4747,0,2,43
2,3,0:51:15,4,0,1,AB4747,0,2,101
3,4,0:52:05,4,0,1,AB4747,0,2,20
4,18,0:54:47,4,0,1,AB4747,1,2,151
6,7,1:03:06,4,0,1,AB4747,0,3,488
7,8,1:04:47,4,0,1,AB4747,0,3,60
8,9,1:05:27,4,0,1,AB4747,0,3,20
9,10,1:06:07,4,0,1,AB4747,0,3,20
10,11,1:07:48,4,0,1,AB4747,0,3,90
11,12,1:08:29,4,0,1,AB4747,0,3,30
12,13,1:09:50,4,0,1,AB4747,0,3,60
13,14,1:10:52,4,0,1,AB4747,0,3,31
14,15,1:11:42,4,0,-1,AB4747,0,3,20
15,16,1:13:03,4,0,1,AB4747,0,3,50
16,17,1:19:28,4,0,1,AB4747,0,3,354
17,18,1:20:53,4,0,1,AB4747,0,3,74
18,19,1:25:25,4,0,2,AB4747,0,3,242
19,20,1:27:37,4,0,1,AB4747,0,3,60
20,21,1:30:18,4,0,1,AB4747,0,3,121
21,22,1:31:59,4,-1,-1,AB4747,0,3,90
0,1,8:08:28,4,0,-1,AC3786,0,2,60
1,2,8:09:38,4,0,3,AC3786,0,2,30
2,3,8:13:36,4,0,2,AC3786,0,2,176
3,7,8:25:28,4,0,2,AC3786,3,2,621
7,8,8:28:00,4,0,2,AC3786,0,2,131
8,9,8:29:22,4,0,1,AC3786,0,2,50
9,10,8:30:04,4,0,1,AC3786,0,2,30
10,11,8:32:57,4,0,1,AC3786,0,2,141
11,12,8:33:47,4,0,2,AC3786,0,2,30
12,13,8:35:49,4,0,2,AC3786,0,2,101
13,14,8:36:50,4,0,1,AC3786,0,2,40
14,15,8:38:03,4,0,-1,AC3786,0,2,42
15,16,8:40:46,4,0,1,AC3786,0,2,111
16,17,8:48:05,4,0,3,AC3786,0,2,418
17,20,9:07:17,4,0,1,AC3786,2,2,1142
20,21,9:10:34,4,0,1,AC3786,0,2,187
21,22,9:12:46,4,-1,-1,AC3786,0,2,101
0,1,9:22:17,4,0,-1,AC3786,0,2,530
1,2,9:24:29,4,0,3,AC3786,0,2,101
2,3,9:27:34,4,0,3,AC3786,0,2,114
3,7,9:38:07,4,0,2,AC3786,3,2,571
7,8,9:40:29,4,0,1,AC3786,0,2,101
8,9,9:43:22,4,0,1,AC3786,0,2,92
9,10,9:44:25,4,0,1,AC3786,0,2,30
10,11,9:47:07,4,0,1,AC3786,0,2,80
11,12,9:47:48,4,0,1,AC3786,0,2,30
12,13,9:49:19,4,0,1,AC3786,0,2,60
13,14,9:50:09,4,0,1,AC3786,0,2,40
14,15,9:52:43,4,0,-1,AC3786,0,2,70
15,16,9:54:55,4,0,1,AC3786,0,2,91
16,17,10:02:35,4,0,1,AC3786,0,2,420
17,20,10:23:25,4,0,2,AC3786,2,2,1239
20,21,10:25:47,4,0,1,AC3786,0,2,101
21,22,10:27:48,4,-1,-1,AC3786,0,2,91
1,2,11:16:34,4,0,2,AC3786,0,2,74
2,3,11:20:06,4,0,3,AC3786,0,2,111
3,7,11:30:36,4,0,1,AC3786,3,2,579
7,8,11:32:58,4,0,2,AC3786,0,2,101
8,9,11:34:39,4,0,1,AC3786,0,2,61
9,10,11:35:44,4,0,1,AC3786,0,2,34
10,11,11:37:25,4,0,1,AC3786,0,2,70
11,12,11:37:56,4,0,1,AC3786,0,2,20
12,13,11:39:37,4,0,1,AC3786,0,2,60
13,14,11:40:47,4,0,-1,AC3786,0,2,40
14,15,11:42:19,4,0,-1,AC3786,0,2,40
15,16,11:44:34,4,0,-1,AC3786,0,2,104
16,17,11:51:58,4,0,1,AC3786,0,2,393
17,20,12:11:30,4,0,2,AC3786,2,2,1161
20,21,12:14:38,4,0,1,AC3786,0,2,146
21,22,12:16:55,4,-1,-1,AC3786,0,2,95
0,1,14:57:52,4,0,-1,AC3786,0,2,63
1,2,14:59:57,4,0,3,AC3786,0,2,51
2,3,15:02:24,4,0,2,AC3786,0,2,94
3,7,15:15:49,4,0,1,AC3786,3,2,731
7,8,15:17:34,4,0,2,AC3786,0,2,93
8,9,15:18:54,4,0,1,AC3786,0,2,40
9,10,15:19:45,4,0,1,AC3786,0,2,30
10,11,15:22:57,4,0,1,AC3786,0,2,141
11,12,15:23:58,4,0,1,AC3786,0,2,30
12,14,15:27:25,4,0,1,AC3786,1,2,156
14,15,15:29:42,4,0,-1,AC3786,0,2,32
15,16,15:32:25,4,0,1,AC3786,0,2,142
16,17,15:39:44,4,0,1,AC3786,0,2,408
20,21,16:06:36,4,0,1,AC3786,0,2,161
21,22,16:08:58,4,-1,-1,AC3786,0,2,100
1,2,16:37:26,4,0,1,AC3786,0,2,30
2,3,16:39:47,4,0,2,AC3786,0,2,60
3,7,16:50:19,4,0,2,AC3786,3,2,510
7,8,16:52:10,4,0,2,AC3786,0,2,101
8,9,16:53:03,4,0,1,AC3786,0,2,30
9,10,16:53:44,4,0,1,AC3786,0,2,20
10,11,17:02:44,4,0,1,AC3786,0,2,427
11,12,17:03:34,4,0,1,AC3786,0,2,30
12,13,17:05:05,4,0,1,AC3786,0,2,60
13,14,17:06:36,4,0,2,AC3786,0,2,50
14,15,17:09:09,4,0,-1,AC3786,0,2,30
15,16,17:12:26,4,0,1,AC3786,0,2,166
16,17,17:20:23,4,0,-1,AC3786,0,2,437
20,21,17:45:47,4,0,1,AC3786,0,2,101
21,22,17:47:49,4,-1,-1,AC3786,0,2,111
0,1,18:07:51,4,0,-1,AC3786,0,2,1157
1,2,18:09:22,4,0,3,AC3786,0,2,30
2,3,18:12:16,4,0,3,AC3786,0,2,111
3,4,18:15:06,4,0,1,AC3786,0,2,42
4,18,18:18:48,4,0,1,AC3786,1,2,151
6,7,18:34:06,4,0,2,AC3786,0,2,907
7,8,18:37:18,4,0,2,AC3786,0,2,151
8,9,18:39:29,4,0,1,AC3786,0,2,101
9,10,18:40:20,4,0,1,AC3786,0,2,40
10,11,18:43:24,4,0,1,AC3786,0,2,90
11,12,18:44:35,4,0,2,AC3786,0,2,30
12,13,18:47:07,4,0,2,AC3786,0,2,91
13,14,18:48:58,4,0,2,AC3786,0,2,80
14,15,18:50:29,4,0,-1,AC3786,0,2,30
15,16,18:53:02,4,0,1,AC3786,0,2,123
16,17,19:01:08,4,0,2,AC3786,0,2,434
17,18,19:03:09,4,0,1,AC3786,0,2,111
18,19,19:12:09,4,0,2,AC3786,0,2,529
19,20,19:14:15,4,0,1,AC3786,0,2,55
20,21,19:17:17,4,0,1,AC3786,0,2,141
21,22,19:20:40,4,-1,-1,AC3786,0,2,111
1,2,19:55:06,4,0,2,AC3786,0,2,60
2,3,19:57:27,4,0,2,AC3786,0,2,50
3,4,19:59:38,4,0,1,AC3786,0,2,90
4,18,20:03:23,4,0,1,AC3786,1,2,183
6,7,20:12:29,4,0,1,AC3786,0,2,526
7,8,20:15:24,4,0,1,AC3786,0,2,133
8,9,20:17:15,4,0,1,AC3786,0,2,50
9,10,20:18:25,4,0,1,AC3786,0,2,40
10,11,20:21:28,4,0,1,AC3786,0,2,70
11,12,20:22:19,4,0,1,AC3786,0,2,20
12,13,20:24:32,4,0,1,AC3786,0,2,83
13,14,20:26:23,4,0,2,AC3786,0,2,60
14,15,20:28:15,4,0,-1,AC3786,0,2,40
15,16,20:30:47,4,0,1,AC3786,0,2,121
16,18,20:39:45,4,0,1,AC3786,1,2,507
18,19,20:45:38,4,0,2,AC3786,0,2,323
19,20,20:47:50,4,0,1,AC3786,0,2,70
20,21,20:50:43,4,0,1,AC3786,0,2,143
21,22,20:52:55,4,-1,-1,AC3786,0,2,91
0,1,10:43:39,5,-1,-1,AA6482,0,2,70
1,2,10:45:54,5,-1,2,AA6482,0,2,64
2,3,10:47:37,5,-1,3,AA6482,0,2,82
3,8,11:02:24,5,-1,2,AA6482,4,2,815
8,9,11:04:25,5,-1,1,AA6482,0,2,111
9,10,11:05:16,5,-1,1,AA6482,0,2,40
10,11,11:06:57,5,-1,1,AA6482,0,2,81
11,12,11:07:48,5,-1,1,AA6482,0,2,40
12,13,11:09:29,5,-1,1,AA6482,0,2,70
13,14,11:10:29,5,-1,1,AA6482,0,2,40
14,15,11:12:21,5,-1,-1,AA6482,0,2,30
15,16,11:14:35,5,-1,1,AA6482,0,2,101
20,21,11:54:37,5,-1,1,AA6482,0,2,182
21,22,11:56:39,5,-1,-1,AA6482,0,2,90
0,1,12:53:17,5,-1,-1,AA6482,0,1,40
1,2,12:55:29,5,-1,3,AA6482,0,1,70
2,3,12:57:54,5,-1,2,AA6482,0,1,135
3,7,13:10:26,5,-1,1,AA6482,3,1,690
7,8,13:12:34,5,-1,2,AA6482,0,1,118
8,9,13:13:55,5,-1,1,AA6482,0,1,40
9,10,13:14:46,5,-1,1,AA6482,0,1,30
10,11,13:17:07,5,-1,1,AA6482,0,1,131
11,12,13:17:58,5,-1,1,AA6482,0,1,20
12,13,13:19:19,5,-1,1,AA6482,0,1,50
13,14,13:20:34,5,-1,2,AA6482,0,1,44
14,16,13:25:27,5,-1,1,AA6482,1,1,232
16,17,13:33:57,5,-1,1,AA6482,0,1,469
20,22,13:59:59,5,-1,-1,AA6482,1,1,212
0,1,14:36:17,5,-1,-1,AA6482,0,1,161
1,2,14:38:09,5,-1,2,AA6482,0,1,91
2,3,14:40:54,5,-1,2,AA6482,0,1,83
3,7,14:52:46,5,-1,2,AA6482,3,1,661
7,8,14:54:37,5,-1,2,AA6482,0,1,101
8,9,14:55:54,5,-1,1,AA6482,0,1,20
9,10,14:56:54,5,-1,1,AA6482,0,1,30
10,11,14:59:54,5,-1,1,AA6482,0,1,169
11,12,15:00:45,5,-1,2,AA6482,0,1,20
12,13,15:02:16,5,-1,2,AA6482,0,1,70
13,14,15:03:07,5,-1,1,AA6482,0,1,40
14,15,15:05:59,5,-1,-1,AA6482,0,1,60
15,16,15:08:54,5,-1,1,AA6482,0,1,94
16,17,15:16:20,5,-1,1,AA6482,0,1,415
20,21,15:47:05,5,-1,1,AA6482,0,1,124
21,22,15:48:47,5,-1,-1,AA6482,0,1,60
0,1,16:02:21,5,-1,-1,AA6482,0,1,91
1,2,16:05:05,5,-1,2,AA6482,0,1,141
2,3,16:07:18,5,-1,2,AA6482,0,1,122
3,7,16:19:57,5,-1,1,AA6482,3,1,662
7,9,16:23:23,5,-1,1,AA6482,1,1,195
9,10,16:24:05,5,-1,1,AA6482,0,1,30
10,11,16:26:56,5,-1,1,AA6482,0,1,151
11,12,16:27:57,5,-1,1,AA6482,0,1,30
12,13,16:30:30,5,-1,1,AA6482,0,1,122
13,14,16:31:34,5,-1,1,AA6482,0,1,44
14,15,16:33:05,5,-1,-1,AA6482,0,1,40
15,16,16:35:57,5,-1,1,AA6482,0,1,121
16,17,16:43:19,5,-1,-1,AA6482,0,1,408
20,21,17:10:59,5,-1,1,AA6482,0,1,171
21,22,17:13:23,5,-1,-1,AA6482,0,1,93
0,1,17:39:47,5,-1,-1,AA6482,0,1,90
1,2,17:42:49,5,-1,3,AA6482,0,1,70
2,3,17:46:34,5,-1,3,AA6482,0,1,92
3,4,17:52:59,5,-1,1,AA6482,0,1,212
4,18,17:56:25,5,-1,1,AA6482,1,1,165
6,7,18:07:06,5,-1,1,AA6482,0,1,630
7,8,18:09:08,5,-1,2,AA6482,0,1,112
8,9,18:10:29,5,-1,1,AA6482,0,1,40
9,10,18:11:33,5,-1,1,AA6482,0,1,43
10,11,18:16:47,5,-1,1,AA6482,0,1,303
11,12,18:17:47,5,-1,1,AA6482,0,1,30
12,13,18:21:06,5,-1,1,AA6482,0,1,123
13,14,18:23:07,5,-1,2,AA6482,0,1,101
14,15,18:24:58,5,-1,-1,AA6482,0,1,101
15,16,18:28:52,5,-1,1,AA6482,0,1,203
16,18,18:39:34,5,-1,1,AA6482,1,1,601
18,19,18:45:56,5,-1,3,AA6482,0,1,347
19,20,18:49:32,5,-1,1,AA6482,0,1,124
20,21,18:52:14,5,-1,2,AA6482,0,1,112
21,22,18:59:25,5,-1,-1,AA6482,0,1,380
0,1,19:08:05,5,-1,-1,AA6482,0,1,70
1,2,19:09:16,5,-1,2,AA6482,0,1,20
2,3,19:10:57,5,-1,2,AA6482,0,1,80
3,4,19:14:40,5,-1,1,AA6482,0,1,111
4,18,19:18:15,5,-1,1,AA6482,1,2,161
6,7,19:28:43,5,-1,1,AA6482,0,2,617
7,8,19:31:55,5,-1,2,AA6482,0,2,141
8,9,19:33:21,5,-1,1,AA6482,0,2,54
9,10,19:34:03,5,-1,2,AA6482,0,2,30
10,11,19:36:46,5,-1,1,AA6482,0,2,131
11,12,19:37:36,5,-1,2,AA6482,0,2,20
12,13,19:41:08,5,-1,1,AA6482,0,2,131
13,14,19:41:59,5,-1,1,AA6482,0,2,40
14,15,19:43:20,5,-1,-1,AA6482,0,2,30
15,16,19:45:47,5,-1,1,AA6482,0,2,117
16,18,19:55:48,5,-1,1,AA6482,1,2,550
18,19,20:01:25,5,-1,3,AA6482,0,2,286
19,20,20:03:52,5,-1,1,AA6482,0,2,75
20,21,20:08:46,5,-1,2,AA6482,0,2,283
21,22,20:11:28,5,-1,-1,AA6482,0,2,90
0,1,21:02:20,5,-1,-1,AA6482,0,1,80
1,2,21:04:53,5,-1,2,AA6482,0,1,92
2,3,21:07:10,5,-1,2,AA6482,0,1,95
3,4,21:09:04,5,-1,1,AA6482,0,1,71
4,18,21:12:36,5,-1,-1,AA6482,1,1,151
6,7,21:22:09,5,-1,1,AA6482,0,1,562
7,8,21:24:12,5,-1,1,AA6482,0,1,113
8,9,21:25:34,5,-1,1,AA6482,0,1,61
9,10,21:26:15,5,-1,1,AA6482,0,1,30
10,11,21:29:06,5,-1,1,AA6482,0,1,101
11,12,21:29:48,5,-1,1,AA6482,0,1,21
12,13,21:31:33,5,-1,1,AA6482,0,1,74
13,14,21:32:23,5,-1,1,AA6482,0,1,30
14,15,21:34:25,5,-1,-1,AA6482,0,1,60
15,16,21:36:47,5,-1,1,AA6482,0,1,111
16,17,21:44:06,5,-1,1,AA6482,0,1,418
17,18,21:45:37,5,-1,1,AA6482,0,1,80
18,19,21:51:04,5,-1,2,AA6482,0,1,297
19,20,21:54:16,5,-1,1,AA6482,0,1,111
20,21,21:57:24,5,-1,1,AA6482,0,1,177
21,22,21:59:36,5,-1,-1,AA6482,0,1,91
0,1,22:19:57,5,-1,-1,AA6482,0,1,60
1,3,22:23:19,5,-1,2,AA6482,1,1,161
3,4,22:27:13,5,-1,1,AA6482,0,1,172
4,5,22:31:06,5,-1,1,AA6482,0,1,161
5,6,22:31:36,5,-1,1,AA6482,0,1,20
6,7,22:42:48,5,-1,1,AA6482,0,1,640
7,8,22:44:29,5,-1,2,AA6482,0,1,80
8,9,22:46:34,5,-1,1,AA6482,0,1,95
9,10,22:47:04,5,-1,1,AA6482,0,1,20
10,11,22:50:38,5,-1,-1,AA6482,0,1,60
11,12,22:51:39,5,-1,-1,AA6482,0,1,30
12,13,22:53:34,5,-1,-1,AA6482,0,1,53
13,14,22:54:55,5,-1,-1,AA6482,0,1,40
14,15,22:56:56,5,-1,-1,AA6482,0,1,100
15,16,22:58:37,5,-1,1,AA6482,0,1,30
16,17,23:06:47,5,-1,1,AA6482,0,1,439
17,18,23:08:48,5,-1,1,AA6482,0,1,111
18,19,23:14:46,5,-1,2,AA6482,0,1,328
19,20,23:17:48,5,-1,1,AA6482,0,1,90
20,21,23:21:05,5,-1,1,AA6482,0,1,175
21,22,23:23:37,5,-1,-1,AA6482,0,1,60
0,1,23:34:36,5,-1,-1,AA6482,0,1,50
1,3,23:38:08,5,-1,2,AA6482,1,1,131
3,4,23:40:32,5,-1,1,AA6482,0,1,72
4,5,23:43:04,5,-1,1,AA6482,0,1,122
5,6,23:43:35,5,-1,1,AA6482,0,1,20
6,7,23:52:37,5,-1,1,AA6482,0,1,532
7,8,23:54:39,5,-1,1,AA6482,0,1,112
8,9,23:56:14,5,-1,1,AA6482,0,1,54
9,10,23:57:15,5,-1,1,AA6482,0,1,30
10,11,23:59:48,5,-1,1,AA6482,0,1,90
2,3,0:01:27,5,-1,-1,AA6507,0,2,102
3,4,0:03:28,5,-1,-1,AA6507,0,2,91
4,18,0:06:41,5,-1,1,AA6507,1,2,152
6,7,0:16:19,5,-1,1,AA6507,0,2,567
7,8,0:17:30,5,-1,2,AA6507,0,2,60
8,9,0:18:45,5,-1,1,AA6507,0,2,44
9,10,0:19:45,5,-1,1,AA6507,0,2,20
10,11,0:21:57,5,-1,1,AA6507,0,2,111
11,12,0:22:37,5,-1,1,AA6507,0,2,20
12,13,0:24:08,5,-1,1,AA6507,0,2,50
13,14,0:24:59,5,-1,1,AA6507,0,2,40
14,15,0:25:49,5,-1,-1,AA6507,0,2,30
15,16,0:27:21,5,-1,1,AA6507,0,2,61
16,17,0:34:42,5,-1,1,AA6507,0,2,407
17,18,0:36:34,5,-1,1,AA6507,0,2,102
18,19,0:41:27,5,-1,2,AA6507,0,2,272
19,20,0:43:59,5,-1,1,AA6507,0,2,101
20,21,0:46:33,5,-1,1,AA6507,0,2,134
21,22,0:48:24,5,-1,-1,AA6507,0,2,80
0,1,1:05:07,5,-1,-1,AA6507,0,2,60
1,2,1:05:58,5,-1,2,AA6507,0,2,20
2,3,1:07:59,5,-1,1,AA6507,0,2,111
3,4,1:08:49,5,-1,1,AA6507,0,2,10
4,7,1:20:39,5,-1,-1,AA6507,2,2,699
7,8,1:21:52,5,-1,-1,AA6507,0,2,62
8,9,1:22:45,5,-1,-1,AA6507,0,2,42
9,10,1:23:25,5,-1,-1,AA6507,0,2,30
10,11,1:25:27,5,-1,1,AA6507,0,2,111
11,12,1:26:17,5,-1,1,AA6507,0,2,20
12,13,1:27:38,5,-1,1,AA6507,0,2,50
13,14,1:28:28,5,-1,1,AA6507,0,2,30
14,15,1:29:39,5,-1,-1,AA6507,0,2,30
15,16,1:32:15,5,-1,1,AA6507,0,2,125
16,18,1:40:34,5,-1,1,AA6507,1,2,468
18,19,1:44:48,5,-1,2,AA6507,0,2,233
19,20,1:46:39,5,-1,1,AA6507,0,2,70
20,21,1:47:50,5,-1,1,AA6507,0,2,40
21,22,1:49:54,5,-1,-1,AA6507,0,2,94
0,1,6:25:09,5,-1,-1,AA6507,0,2,40
1,2,6:26:34,5,-1,2,AA6507,0,2,64
2,3,6:28:25,5,-1,2,AA6507,0,2,40
3,4,6:30:17,5,-1,1,AA6507,0,2,70
4,8,6:40:56,5,-1,2,AA6507,3,2,609
8,9,6:42:07,5,-1,1,AA6507,0,2,30
9,10,6:43:18,5,-1,1,AA6507,0,2,40
10,11,6:45:09,5,-1,1,AA6507,0,2,101
11,12,6:45:39,5,-1,1,AA6507,0,2,20
12,13,6:47:12,5,-1,1,AA6507,0,2,62
13,14,6:48:33,5,-1,1,AA6507,0,2,30
14,15,6:49:54,5,-1,-1,AA6507,0,2,40
15,16,6:52:16,5,-1,1,AA6507,0,2,91
16,17,6:59:35,5,-1,-1,AA6507,0,2,398
17,20,7:15:37,5,-1,1,AA6507,2,2,952
20,21,7:17:59,5,-1,1,AA6507,0,2,121
21,22,7:20:20,5,-1,-1,AA6507,0,2,91
0,1,7:31:16,5,-1,-1,AA6507,0,2,80
1,2,7:32:47,5,-1,2,AA6507,0,2,40
2,3,7:35:08,5,-1,2,AA6507,0,2,91
3,7,7:45:07,5,-1,1,AA6507,3,2,558
7,8,7:46:58,5,-1,2,AA6507,0,2,101
8,9,7:48:19,5,-1,1,AA6507,0,2,50
9,10,7:49:20,5,-1,1,AA6507,0,2,20
10,11,7:51:14,5,-1,1,AA6507,0,2,60
11,12,7:52:05,5,-1,1,AA6507,0,2,30
12,13,7:53:36,5,-1,1,AA6507,0,2,60
13,14,7:54:37,5,-1,1,AA6507,0,2,30
14,15,7:55:48,5,-1,-1,AA6507,0,2,30
15,16,7:58:39,5,-1,1,AA6507,0,2,141
16,17,8:06:17,5,-1,2,AA6507,0,2,437
17,20,8:20:04,5,-1,1,AA6507,2,2,817
20,21,8:22:26,5,-1,1,AA6507,0,2,121
21,22,8:24:17,5,-1,-1,AA6507,0,2,80
1,2,9:01:27,5,-1,2,AA6507,0,2,60
2,3,9:03:18,5,-1,2,AA6507,0,2,40
3,4,9:06:32,5,-1,1,AA6507,0,2,123
4,7,9:15:08,5,-1,1,AA6507,2,2,485
7,8,9:17:20,5,-1,2,AA6507,0,2,121
8,9,9:18:43,5,-1,1,AA6507,0,2,52
9,10,9:19:33,5,-1,1,AA6507,0,2,20
10,11,9:21:15,5,-1,1,AA6507,0,2,50
11,12,9:22:05,5,-1,1,AA6507,0,2,30
12,13,9:23:36,5,-1,1,AA6507,0,2,60
13,14,9:24:47,5,-1,1,AA6507,0,2,30
14,15,9:26:18,5,-1,-1,AA6507,0,2,40
15,16,9:29:00,5,-1,1,AA6507,0,2,101
16,17,9:36:48,5,-1,1,AA6507,0,2,397
20,21,10:01:55,5,-1,1,AA6507,0,2,153
21,22,10:03:57,5,-1,-1,AA6507,0,2,91
0,1,10:33:58,5,-1,-1,AA6507,0,2,70
1,3,10:38:53,5,-1,3,AA6507,1,2,284
3,7,10:52:34,5,-1,1,AA6507,3,2,790
7,8,10:54:36,5,-1,2,AA6507,0,2,111
8,9,10:56:17,5,-1,1,AA6507,0,2,50
9,10,10:57:07,5,-1,1,AA6507,0,2,20
10,11,10:59:39,5,-1,1,AA6507,0,2,131
11,12,11:00:20,5,-1,1,AA6507,0,2,20
12,13,11:01:43,5,-1,1,AA6507,0,2,60
13,14,11:02:24,5,-1,1,AA6507,0,2,30
14,15,11:03:55,5,-1,-1,AA6507,0,2,30
15,16,11:05:46,5,-1,1,AA6507,0,2,60
16,17,11:13:13,5,-1,1,AA6507,0,2,396
20,21,11:39:59,5,-1,1,AA6507,0,2,163
21,22,11:43:15,5,-1,-1,AA6507,0,2,91
0,1,12:42:06,5,-1,-1,AA6507,0,2,60
1,3,12:46:27,5,-1,3,AA6507,1,1,251
3,7,12:58:46,5,-1,1,AA6507,3,1,646
7,8,13:00:47,5,-1,2,AA6507,0,1,111
8,9,13:02:18,5,-1,1,AA6507,0,1,40
9,10,13:03:09,5,-1,1,AA6507,0,1,30
10,11,13:05:53,5,-1,1,AA6507,0,1,153
11,12,13:07:04,5,-1,1,AA6507,0,1,30
12,13,13:08:25,5,-1,1,AA6507,0,1,60
13,14,13:09:05,5,-1,2,AA6507,0,1,30
14,15,13:11:22,5,-1,-1,AA6507,0,1,75
15,16,13:13:45,5,-1,1,AA6507,0,1,123
16,17,13:21:44,5,-1,1,AA6507,0,1,398
17,20,13:40:37,5,-1,1,AA6507,2,1,1112
20,21,13:42:48,5,-1,1,AA6507,0,1,121
21,22,13:44:54,5,-1,-1,AA6507,0,1,94
1,2,14:19:10,5,-1,3,AA6507,0,1,70
2,3,14:22:35,5,-1,2,AA6507,0,1,70
3,7,14:34:16,5,-1,1,AA6507,3,1,629
7,8,14:36:17,5,-1,1,AA6507,0,1,111
8,9,14:37:49,5,-1,1,AA6507,0,1,51
9,10,14:38:40,5,-1,1,AA6507,0,1,30
10,11,14:41:14,5,-1,1,AA6507,0,1,124
11,12,14:41:55,5,-1,1,AA6507,0,1,20
12,13,14:43:36,5,-1,1,AA6507,0,1,60
13,14,14:45:03,5,-1,1,AA6507,0,1,30
14,15,14:46:56,5,-1,-1,AA6507,0,1,60
15,16,14:49:53,5,-1,1,AA6507,0,1,156
16,17,14:57:55,5,-1,2,AA6507,0,1,430
20,21,15:26:22,5,-1,1,AA6507,0,1,153
21,22,15:28:44,5,-1,-1,AA6507,0,1,91
1,2,15:54:13,5,-1,3,AA6507,0,1,40
2,3,15:55:56,5,-1,2,AA6507,0,1,50
3,7,16:07:48,5,-1,1,AA6507,3,1,591
7,8,16:10:25,5,-1,2,AA6507,0,1,131
8,9,16:12:26,5,-1,1,AA6507,0,1,60
9,10,16:13:47,5,-1,1,AA6507,0,1,30
10,11,16:16:45,5,-1,1,AA6507,0,1,122
11,12,16:17:45,5,-1,1,AA6507,0,1,30
12,13,16:19:37,5,-1,1,AA6507,0,1,80
13,14,16:20:47,5,-1,2,AA6507,0,1,30
14,15,16:22:52,5,-1,-1,AA6507,0,1,30
15,16,16:25:46,5,-1,1,AA6507,0,1,131
16,17,16:34:36,5,-1,1,AA6507,0,1,489
20,21,17:01:30,5,-1,1,AA6507,0,1,80
21,22,17:03:34,5,-1,-1,AA6507,0,1,94
0,1,17:30:34,5,-1,-1,AA6507,0,1,51
1,2,17:32:25,5,-1,3,AA6507,0,1,40
2,3,17:35:03,5,-1,3,AA6507,0,1,50
3,4,17:40:48,5,-1,1,AA6507,0,1,232
4,18,17:44:51,5,-1,1,AA6507,1,1,193
6,7,17:56:04,5,-1,1,AA6507,0,1,662
7,8,17:58:06,5,-1,1,AA6507,0,1,111
8,9,17:59:37,5,-1,1,AA6507,0,1,60
9,10,18:00:48,5,-1,1,AA6507,0,1,30
10,11,18:03:00,5,-1,1,AA6507,0,1,70
11,12,18:04:34,5,-1,1,AA6507,0,1,30
12,13,18:06:25,5,-1,1,AA6507,0,1,70
13,14,18:08:48,5,-1,1,AA6507,0,1,92
14,15,18:11:43,5,-1,-1,AA6507,0,1,53
15,16,18:15:06,5,-1,1,AA6507,0,1,141
16,17,18:24:58,5,-1,1,AA6507,0,1,551
17,18,18:27:30,5,-1,1,AA6507,0,1,131
18,19,18:35:19,5,-1,2,AA6507,0,1,448
19,20,18:41:19,5,-1,1,AA6507,0,1,125
20,21,18:44:35,5,-1,1,AA6507,0,1,186
21,22,18:52:55,5,-1,-1,AA6507,0,1,408
0,1,19:01:16,5,-1,-1,AA6507,0,1,50
1,2,19:02:57,5,-1,3,AA6507,0,1,70
2,3,19:06:24,5,-1,2,AA6507,0,1,101
3,4,19:08:56,5,-1,1,AA6507,0,1,101
4,18,19:12:48,5,-1,1,AA6507,1,1,181
6,7,19:23:46,5,-1,1,AA6507,0,2,647
7,8,19:26:29,5,-1,1,AA6507,0,2,141
8,9,19:28:02,5,-1,1,AA6507,0,2,62
9,10,19:29:03,5,-1,2,AA6507,0,2,30
10,11,19:33:21,5,-1,1,AA6507,0,2,186
11,12,19:34:34,5,-1,2,AA6507,0,2,60
12,13,19:37:56,5,-1,1,AA6507,0,2,131
13,14,19:39:17,5,-1,2,AA6507,0,2,40
14,15,19:41:59,5,-1,-1,AA6507,0,2,50
15,16,19:44:33,5,-1,1,AA6507,0,2,123
16,17,19:53:27,5,-1,1,AA6507,0,2,459
17,18,19:55:48,5,-1,1,AA6507,0,2,131
18,19,20:02:06,5,-1,3,AA6507,0,2,337
19,20,20:05:54,5,-1,1,AA6507,0,2,166
20,21,20:08:46,5,-1,2,AA6507,0,2,141
21,22,20:11:08,5,-1,-1,AA6507,0,2,102
22,2,6:43:08,5,-1,2,AA6835,1,2,141
2,3,6:44:59,5,-1,3,AA6835,0,2,101
3,7,6:54:48,5,-1,1,AA6835,3,2,528
7,8,6:56:59,5,-1,1,AA6835,0,2,121
8,9,6:58:10,5,-1,1,AA6835,0,2,40
9,10,6:59:11,5,-1,1,AA6835,0,2,30
10,11,7:00:46,5,-1,1,AA6835,0,2,50
11,12,7:01:36,5,-1,1,AA6835,0,2,20
12,13,7:02:57,5,-1,1,AA6835,0,2,60
13,14,7:03:58,5,-1,1,AA6835,0,2,30
14,15,7:04:59,5,-1,-1,AA6835,0,2,20
15,16,7:07:00,5,-1,1,AA6835,0,2,91
20,21,7:31:36,5,-1,1,AA6835,0,2,132
21,22,7:33:37,5,-1,-1,AA6835,0,2,50
0,1,7:50:44,5,-1,-1,AA6835,0,2,83
1,2,7:52:05,5,-1,1,AA6835,0,2,30
2,3,7:53:36,5,-1,1,AA6835,0,2,10
3,7,8:03:55,5,-1,1,AA6835,3,2,548
7,8,8:05:57,5,-1,1,AA6835,0,2,111
8,9,8:07:07,5,-1,1,AA6835,0,2,40
9,10,8:07:58,5,-1,1,AA6835,0,2,20
10,11,8:09:29,5,-1,1,AA6835,0,2,70
11,12,8:10:32,5,-1,1,AA6835,0,2,22
12,13,8:11:54,5,-1,1,AA6835,0,2,51
13,14,8:12:45,5,-1,1,AA6835,0,2,30
14,15,8:13:57,5,-1,-1,AA6835,0,2,41
15,16,8:16:28,5,-1,1,AA6835,0,2,131
16,17,8:23:37,5,-1,1,AA6835,0,2,377
17,20,8:41:07,5,-1,1,AA6835,2,2,1039
20,21,8:44:09,5,-1,1,AA6835,0,2,141
21,22,8:45:42,5,-1,-1,AA6835,0,2,83
0,1,9:22:46,5,-1,-1,AA6835,0,2,141
1,2,9:23:46,5,-1,3,AA6835,0,2,50
2,3,9:37:48,5,-1,3,AA6835,0,2,771
3,7,9:55:07,5,-1,1,AA6835,3,2,813
7,8,9:57:29,5,-1,2,AA6835,0,2,131
8,9,9:58:31,5,-1,1,AA6835,0,2,51
9,10,9:59:12,5,-1,1,AA6835,0,2,30
10,11,10:01:15,5,-1,1,AA6835,0,2,72
11,12,10:01:45,5,-1,1,AA6835,0,2,20
12,13,10:03:06,5,-1,1,AA6835,0,2,50
13,14,10:04:07,5,-1,1,AA6835,0,2,30
14,15,10:05:58,5,-1,-1,AA6835,0,2,50
15,16,10:08:20,5,-1,1,AA6835,0,2,101
16,17,10:15:39,5,-1,2,AA6835,0,2,385
21,22,10:47:05,5,-1,-1,AA6835,0,2,91
0,1,11:24:19,5,-1,-1,AA6835,0,2,111
1,2,11:28:03,5,-1,3,AA6835,0,2,173
2,3,11:31:16,5,-1,3,AA6835,0,2,111
3,7,11:41:34,5,-1,2,AA6835,3,2,546
7,8,11:43:47,5,-1,1,AA6835,0,2,123
8,9,11:45:18,5,-1,1,AA6835,0,2,40
9,10,11:46:08,5,-1,1,AA6835,0,2,10
10,11,11:47:39,5,-1,1,AA6835,0,2,60
11,12,11:48:43,5,-1,1,AA6835,0,2,23
12,13,11:50:34,5,-1,1,AA6835,0,2,80
13,14,11:51:35,5,-1,1,AA6835,0,2,30
14,15,11:53:36,5,-1,-1,AA6835,0,2,91
15,16,11:55:48,5,-1,1,AA6835,0,2,111
16,17,12:03:16,5,-1,2,AA6835,0,2,397
20,22,12:35:58,5,-1,-1,AA6835,1,2,222
0,1,13:05:43,5,-1,-1,AA6835,0,1,83
1,2,13:08:15,5,-1,3,AA6835,0,1,60
2,3,13:10:26,5,-1,2,AA6835,0,1,20
3,7,13:21:34,5,-1,1,AA6835,3,1,642
7,8,13:23:15,5,-1,2,AA6835,0,1,91
8,9,13:24:57,5,-1,1,AA6835,0,1,60
9,10,13:25:57,5,-1,1,AA6835,0,1,40
10,11,13:28:39,5,-1,1,AA6835,0,1,151
11,12,13:29:34,5,-1,1,AA6835,0,1,24
12,13,13:31:15,5,-1,1,AA6835,0,1,80
13,14,13:32:26,5,-1,1,AA6835,0,1,40
14,15,13:33:37,5,-1,-1,AA6835,0,1,40
15,16,13:36:09,5,-1,1,AA6835,0,1,131
16,17,13:43:29,5,-1,-1,AA6835,0,1,417
21,22,14:11:08,5,-1,-1,AA6835,0,1,80
0,1,14:46:36,5,-1,-1,AA6835,0,1,169
1,2,14:48:22,5,-1,3,AA6835,0,1,10
2,3,14:50:23,5,-1,3,AA6835,0,1,60
3,7,15:00:45,5,-1,1,AA6835,3,1,550
7,9,15:04:58,5,-1,1,AA6835,1,1,242
9,10,15:05:48,5,-1,1,AA6835,0,1,30
10,11,15:09:04,5,-1,1,AA6835,0,1,175
11,12,15:09:54,5,-1,1,AA6835,0,1,20
12,13,15:11:25,5,-1,1,AA6835,0,1,60
13,14,15:13:28,5,-1,1,AA6835,0,1,91
14,15,15:16:20,5,-1,-1,AA6835,0,1,80
15,16,15:18:24,5,-1,1,AA6835,0,1,101
16,17,15:25:42,5,-1,2,AA6835,0,1,396
20,21,15:55:56,5,-1,1,AA6835,0,1,102
21,22,15:57:57,5,-1,-1,AA6835,0,1,80
0,1,16:21:38,5,-1,-1,AA6835,0,1,60
1,2,16:24:15,5,-1,2,AA6835,0,1,51
2,3,16:27:57,5,-1,2,AA6835,0,1,121
3,7,16:40:15,5,-1,1,AA6835,3,1,657
7,8,16:41:58,5,-1,2,AA6835,0,1,92
8,9,16:43:29,5,-1,1,AA6835,0,1,60
9,10,16:44:35,5,-1,1,AA6835,0,1,35
10,11,16:46:58,5,-1,1,AA6835,0,1,132
11,12,16:47:48,5,-1,1,AA6835,0,1,20
12,13,16:49:40,5,-1,1,AA6835,0,1,60
13,14,16:50:53,5,-1,1,AA6835,0,1,53
14,15,16:54:45,5,-1,-1,AA6835,0,1,171
15,16,16:57:27,5,-1,1,AA6835,0,1,121
16,17,17:05:45,5,-1,2,AA6835,0,1,478
20,21,17:43:50,5,-1,1,AA6835,0,1,212
21,22,17:46:02,5,-1,-1,AA6835,0,1,91
0,1,17:56:45,5,-1,-1,AA6835,0,1,91
1,2,17:59:07,5,-1,3,AA6835,0,1,101
2,3,18:00:38,5,-1,3,AA6835,0,1,70
3,4,18:04:44,5,-1,1,AA6835,0,1,165
4,18,18:08:08,5,-1,1,AA6835,1,1,163
6,7,18:19:35,5,-1,1,AA6835,0,1,676
7,8,18:21:56,5,-1,2,AA6835,0,1,131
8,9,18:23:27,5,-1,1,AA6835,0,1,60
9,10,18:24:08,5,-1,1,AA6835,0,1,20
10,11,18:26:49,5,-1,1,AA6835,0,1,151
11,12,18:27:40,5,-1,2,AA6835,0,1,30
12,13,18:31:04,5,-1,2,AA6835,0,1,151
13,14,18:32:47,5,-1,2,AA6835,0,1,42
14,15,18:35:09,5,-1,-1,AA6835,0,1,111
15,16,18:38:54,5,-1,1,AA6835,0,1,194
16,17,18:46:57,5,-1,1,AA6835,0,1,452
17,18,18:49:09,5,-1,1,AA6835,0,1,121
18,19,18:55:41,5,-1,3,AA6835,0,1,380
19,20,18:59:15,5,-1,1,AA6835,0,1,152
20,21,19:03:28,5,-1,2,AA6835,0,1,212
21,22,19:13:29,5,-1,-1,AA6835,0,1,505
0,1,19:25:59,5,-1,-1,AA6835,0,2,80
1,2,19:29:13,5,-1,2,AA6835,0,2,174
2,3,19:32:26,5,-1,2,AA6835,0,2,61
3,4,19:34:34,5,-1,1,AA6835,0,2,40
4,18,19:38:37,5,-1,1,AA6835,1,2,151
6,8,19:50:15,5,-1,2,AA6835,1,2,687
8,9,19:51:15,5,-1,1,AA6835,0,2,40
9,10,19:52:06,5,-1,1,AA6835,0,2,30
10,11,19:55:18,5,-1,1,AA6835,0,2,171
11,12,19:56:18,5,-1,2,AA6835,0,2,30
12,13,19:57:39,5,-1,2,AA6835,0,2,70
13,14,19:58:53,5,-1,1,AA6835,0,2,33
14,15,20:00:45,5,-1,-1,AA6835,0,2,80
15,16,20:03:17,5,-1,1,AA6835,0,2,132
16,17,20:10:18,5,-1,1,AA6835,0,2,395
17,18,20:12:19,5,-1,1,AA6835,0,2,111
18,19,20:17:38,5,-1,2,AA6835,0,2,288
19,20,20:20:34,5,-1,1,AA6835,0,2,104
20,21,20:23:05,5,-1,1,AA6835,0,2,141
21,22,20:25:48,5,-1,-1,AA6835,0,2,81
0,1,21:28:46,5,-1,-1,AA6835,0,1,40
1,2,21:30:18,5,-1,2,AA6835,0,1,41
2,3,21:32:44,5,-1,2,AA6835,0,1,104
3,4,21:35:16,5,-1,1,AA6835,0,1,51
4,18,21:38:38,5,-1,1,AA6835,1,1,151
6,7,21:47:48,5,-1,1,AA6835,0,1,539
7,8,21:49:59,5,-1,1,AA6835,0,1,121
8,9,21:51:14,5,-1,1,AA6835,0,1,40
9,10,21:52:15,5,-1,1,AA6835,0,1,30
10,11,21:55:18,5,-1,1,AA6835,0,1,51
11,12,21:56:33,5,-1,1,AA6835,0,1,34
12,13,21:58:14,5,-1,1,AA6835,0,1,80
13,14,21:59:36,5,-1,1,AA6835,0,1,50
14,15,22:01:47,5,-1,-1,AA6835,0,1,111
15,16,22:04:49,5,-1,1,AA6835,0,1,101
16,17,22:12:29,5,-1,1,AA6835,0,1,405
17,18,22:13:53,5,-1,1,AA6835,0,1,73
18,19,22:19:57,5,-1,2,AA6835,0,1,333
19,20,22:22:39,5,-1,1,AA6835,0,1,90
20,22,22:28:04,5,-1,-1,AA6835,1,1,275
0,1,22:44:29,5,-1,-1,AA6835,0,1,50
1,2,22:46:34,5,-1,2,AA6835,0,1,95
2,3,22:48:26,5,-1,2,AA6835,0,1,61
3,4,22:50:28,5,-1,-1,AA6835,0,1,70
4,18,22:53:34,5,-1,-1,AA6835,1,1,145
6,7,23:02:55,5,-1,1,AA6835,0,1,550
7,8,23:04:56,5,-1,2,AA6835,0,1,111
8,9,23:06:06,5,-1,1,AA6835,0,1,50
9,10,23:06:57,5,-1,1,AA6835,0,1,30
10,12,23:09:39,5,-1,1,AA6835,1,1,121
12,13,23:11:50,5,-1,1,AA6835,0,1,70
13,14,23:12:55,5,-1,1,AA6835,0,1,35
14,16,23:16:27,5,-1,1,AA6835,1,1,161
16,17,23:23:47,5,-1,1,AA6835,0,1,398
17,18,23:25:18,5,-1,1,AA6835,0,1,80
18,19,23:30:23,5,-1,2,AA6835,0,1,275
19,20,23:34:16,5,-1,1,AA6835,0,1,171
20,21,23:35:57,5,-1,1,AA6835,0,1,80
21,22,23:37:58,5,-1,-1,AA6835,0,1,80
0,1,23:52:10,5,-1,-1,AA6835,0,1,90
1,2,23:54:39,5,-1,1,AA6835,0,1,70
2,3,23:56:35,5,-1,2,AA6835,0,1,40
3,4,23:58:47,5,-1,1,AA6835,0,1,70
1,2,8:01:03,5,-1,2,AA7096,0,2,40
2,3,8:04:15,5,-1,2,AA7096,0,2,91
3,7,8:14:07,5,-1,1,AA7096,3,2,540
7,8,8:15:48,5,-1,2,AA7096,0,2,91
8,9,8:17:19,5,-1,1,AA7096,0,2,50
9,10,8:18:20,5,-1,1,AA7096,0,2,30
10,11,8:20:55,5,-1,1,AA7096,0,2,101
11,12,8:21:45,5,-1,1,AA7096,0,2,20
12,13,8:23:16,5,-1,1,AA7096,0,2,60
13,14,8:24:17,5,-1,1,AA7096,0,2,30
14,15,8:25:28,5,-1,-1,AA7096,0,2,30
15,16,8:27:31,5,-1,1,AA7096,0,2,72
16,17,8:34:19,5,-1,2,AA7096,0,2,387
17,20,8:51:18,5,-1,1,AA7096,2,2,1008
20,21,8:53:29,5,-1,1,AA7096,0,2,121
21,22,8:55:52,5,-1,-1,AA7096,0,2,92
1,2,9:34:36,5,-1,-1,AA7096,0,2,31
2,3,9:41:44,5,-1,3,AA7096,0,2,347
3,7,9:57:39,5,-1,1,AA7096,3,2,712
7,8,9:59:52,5,-1,2,AA7096,0,2,122
8,9,10:01:45,5,-1,1,AA7096,0,2,40
9,10,10:02:56,5,-1,1,AA7096,0,2,30
10,11,10:05:08,5,-1,1,AA7096,0,2,80
11,12,10:06:18,5,-1,1,AA7096,0,2,20
12,13,10:07:29,5,-1,1,AA7096,0,2,50
13,14,10:08:33,5,-1,1,AA7096,0,2,33
14,15,10:10:04,5,-1,-1,AA7096,0,2,40
15,16,10:12:16,5,-1,1,AA7096,0,2,91
16,17,10:19:55,5,-1,2,AA7096,0,2,427
20,21,10:48:58,5,-1,1,AA7096,0,2,103
21,22,10:51:00,5,-1,-1,AA7096,0,2,90
1,3,11:17:11,5,-1,2,AA7096,1,2,196
3,7,11:28:34,5,-1,1,AA7096,3,2,600
7,8,11:30:56,5,-1,2,AA7096,0,2,131
8,9,11:32:27,5,-1,1,AA7096,0,2,40
9,10,11:33:18,5,-1,1,AA7096,0,2,30
10,11,11:36:45,5,-1,1,AA7096,0,2,105
11,12,11:37:46,5,-1,1,AA7096,0,2,20
12,13,11:39:38,5,-1,1,AA7096,0,2,70
13,14,11:40:49,5,-1,1,AA7096,0,2,40
14,15,11:43:15,5,-1,-1,AA7096,0,2,50
15,16,11:45:18,5,-1,1,AA7096,0,2,80
20,21,12:25:48,5,-1,1,AA7096,0,2,153
21,22,12:28:10,5,-1,-1,AA7096,0,2,91
0,1,10:25:39,5,-1,-1,AA7149,0,2,111
1,2,10:27:44,5,-1,3,AA7149,0,2,64
2,3,10:30:46,5,-1,2,AA7149,0,2,121
3,7,10:43:18,5,-1,-1,AA7149,3,2,641
7,8,10:45:10,5,-1,2,AA7149,0,2,101
8,9,10:47:05,5,-1,1,AA7149,0,2,91
9,10,10:47:47,5,-1,1,AA7149,0,2,32
10,11,10:49:49,5,-1,1,AA7149,0,2,91
11,12,10:50:39,5,-1,1,AA7149,0,2,20
12,13,10:52:20,5,-1,1,AA7149,0,2,70
13,14,10:53:24,5,-1,1,AA7149,0,2,40
14,15,10:55:16,5,-1,-1,AA7149,0,2,30
15,16,10:59:09,5,-1,1,AA7149,0,2,101
16,17,11:06:57,5,-1,2,AA7149,0,2,437
20,21,11:32:37,5,-1,1,AA7149,0,2,202
21,22,11:35:55,5,-1,-1,AA7149,0,2,96
0,1,12:25:28,5,-1,-1,AA7149,0,2,153
1,2,12:27:59,5,-1,2,AA7149,0,2,70
2,3,12:30:34,5,-1,2,AA7149,0,2,71
3,4,12:35:48,5,-1,1,AA7149,0,2,202
4,7,12:44:06,5,-1,2,AA7149,2,2,467
7,8,12:45:57,5,-1,2,AA7149,0,2,91
8,9,12:47:49,5,-1,1,AA7149,0,1,50
9,10,12:48:39,5,-1,1,AA7149,0,1,30
10,11,12:51:25,5,-1,1,AA7149,0,1,145
11,12,12:52:16,5,-1,1,AA7149,0,1,20
12,13,12:53:58,5,-1,2,AA7149,0,1,60
13,14,12:56:19,5,-1,2,AA7149,0,1,111
14,15,12:59:16,5,-1,-1,AA7149,0,1,30
15,16,13:01:38,5,-1,1,AA7149,0,1,111
16,17,13:09:15,5,-1,2,AA7149,0,1,406
20,22,13:37:45,5,-1,-1,AA7149,1,1,379
0,1,13:56:16,5,-1,-1,AA7149,0,1,60
1,2,13:58:18,5,-1,2,AA7149,0,1,50
2,3,14:01:20,5,-1,3,AA7149,0,1,91
3,7,14:13:45,5,-1,2,AA7149,3,1,730
7,8,14:15:37,5,-1,2,AA7149,0,1,102
8,9,14:17:09,5,-1,1,AA7149,0,1,40
9,10,14:18:09,5,-1,1,AA7149,0,1,30
10,11,14:20:34,5,-1,1,AA7149,0,1,104
11,12,14:21:35,5,-1,1,AA7149,0,1,30
12,13,14:23:56,5,-1,2,AA7149,0,1,101
13,14,14:25:07,5,-1,2,AA7149,0,1,40
14,15,14:27:19,5,-1,-1,AA7149,0,1,50
15,16,14:30:02,5,-1,1,AA7149,0,1,143
16,17,14:38:09,5,-1,-1,AA7149,0,1,416
20,21,15:02:56,5,-1,1,AA7149,0,1,171
21,22,15:05:18,5,-1,-1,AA7149,0,1,80
0,1,16:31:10,5,-1,-1,AA7149,0,1,102
1,2,16:34:16,5,-1,2,AA7149,0,1,111
2,3,16:37:22,5,-1,2,AA7149,0,1,74
3,7,16:47:38,5,-1,1,AA7149,3,1,574
7,8,16:49:40,5,-1,2,AA7149,0,1,111
8,9,16:51:23,5,-1,1,AA7149,0,1,63
9,10,16:52:14,5,-1,1,AA7149,0,1,30
10,11,16:55:16,5,-1,1,AA7149,0,1,131
11,12,16:56:36,5,-1,1,AA7149,0,1,30
12,13,16:58:17,5,-1,1,AA7149,0,1,70
13,14,16:59:59,5,-1,1,AA7149,0,1,81
14,15,17:02:00,5,-1,-1,AA7149,0,1,30
15,16,17:04:04,5,-1,1,AA7149,0,1,73
16,17,17:12:20,5,-1,-1,AA7149,0,1,454
20,21,17:46:12,5,-1,1,AA7149,0,1,112
21,22,17:49:27,5,-1,-1,AA7149,0,1,102
0,1,18:04:04,5,-1,-1,AA7149,0,1,104
1,2,18:06:45,5,-1,3,AA7149,0,1,50
2,3,18:08:28,5,-1,2,AA7149,0,1,50
3,4,18:12:13,5,-1,1,AA7149,0,1,134
4,18,18:17:27,5,-1,1,AA7149,1,1,283
6,7,18:27:50,5,-1,2,AA7149,0,1,602
7,8,18:29:53,5,-1,2,AA7149,0,1,112
8,9,18:32:04,5,-1,1,AA7149,0,1,80
9,10,18:33:17,5,-1,1,AA7149,0,1,30
10,11,18:36:50,5,-1,1,AA7149,0,1,202
11,12,18:37:43,5,-1,2,AA7149,0,1,23
12,13,18:40:09,5,-1,2,AA7149,0,1,115
13,14,18:42:44,5,-1,2,AA7149,0,1,74
14,15,18:45:26,5,-1,-1,AA7149,0,1,40
15,16,18:47:27,5,-1,1,AA7149,0,1,80
16,17,18:55:41,5,-1,1,AA7149,0,1,432
17,18,18:57:44,5,-1,1,AA7149,0,1,113
18,19,19:04:09,5,-1,2,AA7149,0,1,354
19,20,19:07:35,5,-1,1,AA7149,0,1,60
20,21,19:11:07,5,-1,2,AA7149,0,1,181
21,22,19:17:04,5,-1,-1,AA7149,0,1,316
0,1,19:36:46,5,-1,-1,AA7149,0,2,101
1,2,19:38:16,5,-1,2,AA7149,0,2,40
2,3,19:40:38,5,-1,2,AA7149,0,2,80
3,4,19:43:20,5,-1,1,AA7149,0,2,70
4,18,19:46:28,5,-1,1,AA7149,1,2,115
6,8,19:57:29,5,-1,2,AA7149,1,2,651
8,9,19:58:53,5,-1,1,AA7149,0,2,53
9,10,19:59:44,5,-1,1,AA7149,0,2,30
10,11,20:04:03,5,-1,1,AA7149,0,2,177
11,12,20:05:13,5,-1,2,AA7149,0,2,30
12,13,20:07:05,5,-1,2,AA7149,0,2,60
13,14,20:08:26,5,-1,1,AA7149,0,2,40
14,15,20:09:58,5,-1,-1,AA7149,0,2,31
15,16,20:12:09,5,-1,1,AA7149,0,2,80
16,17,20:19:50,5,-1,1,AA7149,0,2,389
17,18,20:21:44,5,-1,1,AA7149,0,2,104
18,19,20:28:00,5,-1,2,AA7149,0,2,355
19,20,20:31:35,5,-1,1,AA7149,0,2,151
20,21,20:33:47,5,-1,1,AA7149,0,2,121
21,22,20:35:48,5,-1,-1,AA7149,0,2,90
8,9,0:00:25,5,-1,-1,AA7167,0,2,50
9,10,0:01:27,5,-1,-1,AA7167,0,2,30
10,11,0:04:39,5,-1,-1,AA7167,0,2,90
11,12,0:05:40,5,-1,1,AA7167,0,2,30
12,13,0:06:51,5,-1,1,AA7167,0,2,51
13,14,0:08:02,5,-1,1,AA7167,0,2,20
14,15,0:09:14,5,-1,-1,AA7167,0,2,20
15,16,0:11:06,5,-1,1,AA7167,0,2,80
16,17,0:18:35,5,-1,1,AA7167,0,2,408
17,18,0:20:36,5,-1,1,AA7167,0,2,111
18,19,0:25:29,5,-1,2,AA7167,0,2,272
19,20,0:27:34,5,-1,1,AA7167,0,2,42
20,21,0:30:26,5,-1,1,AA7167,0,2,152
21,22,0:32:18,5,-1,-1,AA7167,0,2,80
0,1,0:47:44,5,-1,-1,AA7167,0,2,30
1,2,0:49:25,5,-1,1,AA7167,0,2,80
2,3,0:51:37,5,-1,2,AA7167,0,2,30
3,4,0:53:38,5,-1,1,AA7167,0,2,80
4,18,0:56:20,5,-1,1,AA7167,1,2,141
6,8,1:06:28,5,-1,2,AA7167,1,2,597
8,9,1:07:39,5,-1,1,AA7167,0,2,40
9,10,1:08:09,5,-1,1,AA7167,0,2,20
10,11,1:09:32,5,-1,1,AA7167,0,2,52
11,12,1:10:12,5,-1,1,AA7167,0,2,10
12,13,1:11:13,5,-1,1,AA7167,0,2,50
13,14,1:12:24,5,-1,1,AA7167,0,2,30
14,15,1:13:04,5,-1,-1,AA7167,0,2,20
15,16,1:14:46,5,-1,1,AA7167,0,2,80
16,18,1:23:25,5,-1,-1,AA7167,1,2,499
18,19,1:27:18,5,-1,2,AA7167,0,2,222
19,20,1:29:09,5,-1,1,AA7167,0,2,50
20,21,1:30:34,5,-1,1,AA7167,0,2,74
21,22,1:32:15,5,-1,-1,AA7167,0,2,90
0,1,7:44:27,5,-1,-1,AA7195,0,2,70
1,2,7:46:18,5,-1,1,AA7195,0,2,30
2,3,7:49:33,5,-1,1,AA7195,0,2,114
3,7,8:02:04,5,-1,1,AA7195,3,2,659
7,8,8:04:46,5,-1,2,AA7195,0,2,121
8,9,8:06:37,5,-1,1,AA7195,0,2,60
9,10,8:07:28,5,-1,1,AA7195,0,2,20
10,11,8:09:29,5,-1,1,AA7195,0,2,50
11,12,8:10:32,5,-1,1,AA7195,0,2,22
12,13,8:12:14,5,-1,1,AA7195,0,2,71
13,14,8:13:15,5,-1,1,AA7195,0,2,30
14,15,8:14:47,5,-1,-1,AA7195,0,2,40
15,16,8:17:09,5,-1,1,AA7195,0,2,111
16,17,8:24:37,5,-1,1,AA7195,0,2,428
17,20,8:42:07,5,-1,1,AA7195,2,2,1039
20,21,8:46:13,5,-1,1,AA7195,0,2,184
21,22,8:48:16,5,-1,-1,AA7195,0,2,91
0,1,9:15:49,5,-1,-1,AA7195,0,2,50
1,2,9:17:20,5,-1,3,AA7195,0,2,60
2,3,9:26:58,5,-1,3,AA7195,0,2,465
3,7,9:51:04,5,-1,2,AA7195,3,2,1050
7,8,9:53:16,5,-1,2,AA7195,0,2,121
8,9,9:54:37,5,-1,1,AA7195,0,2,50
9,10,9:55:28,5,-1,1,AA7195,0,2,30
10,11,9:57:29,5,-1,1,AA7195,0,2,80
11,12,9:58:20,5,-1,1,AA7195,0,2,30
12,13,10:00:12,5,-1,1,AA7195,0,2,70
13,14,10:01:04,5,-1,1,AA7195,0,2,30
14,15,10:03:16,5,-1,-1,AA7195,0,2,40
15,16,10:05:48,5,-1,1,AA7195,0,2,111
16,17,10:14:58,5,-1,-1,AA7195,0,2,499
20,21,10:38:53,5,-1,1,AA7195,0,2,101
21,22,10:40:34,5,-1,-1,AA7195,0,2,91
0,1,10:51:40,5,-1,-1,AA7195,0,2,111
1,2,10:53:24,5,-1,2,AA7195,0,2,40
2,3,10:56:37,5,-1,3,AA7195,0,2,131
3,7,11:09:59,5,-1,1,AA7195,3,2,680
7,8,11:13:13,5,-1,2,AA7195,0,2,163
8,9,11:15:05,5,-1,1,AA7195,0,2,70
9,10,11:15:46,5,-1,1,AA7195,0,2,31
10,11,11:19:24,5,-1,1,AA7195,0,2,143
11,12,11:20:56,5,-1,1,AA7195,0,2,31
12,13,11:23:58,5,-1,1,AA7195,0,2,101
13,14,11:24:59,5,-1,1,AA7195,0,2,40
14,15,11:26:52,5,-1,-1,AA7195,0,2,41
15,16,11:29:45,5,-1,1,AA7195,0,2,153
16,17,11:38:38,5,-1,-1,AA7195,0,2,492
20,21,12:08:57,5,-1,1,AA7195,0,2,188
21,22,12:10:55,5,-1,-1,AA7195,0,2,95
0,1,6:32:38,5,-1,-1,AA7242,0,2,40
1,2,6:34:09,5,-1,2,AA7242,0,2,30
2,3,6:36:33,5,-1,3,AA7242,0,2,41
3,7,6:46:42,5,-1,1,AA7242,3,2,538
7,8,6:48:53,5,-1,1,AA7242,0,2,111
8,9,6:49:54,5,-1,1,AA7242,0,2,30
9,10,6:50:35,5,-1,1,AA7242,0,2,30
10,11,6:52:06,5,-1,1,AA7242,0,2,60
11,12,6:52:46,5,-1,1,AA7242,0,2,20
12,13,6:54:07,5,-1,1,AA7242,0,2,50
13,14,6:54:38,5,-1,1,AA7242,0,2,20
14,15,6:56:09,5,-1,-1,AA7242,0,2,40
15,16,6:57:50,5,-1,1,AA7242,0,2,80
16,17,7:04:59,5,-1,-1,AA7242,0,2,398
17,21,7:23:27,5,-1,1,AA7242,3,2,1097
21,22,7:25:38,5,-1,-1,AA7242,0,2,91
0,1,7:38:13,5,-1,-1,AA7242,0,2,30
1,2,7:40:14,5,-1,2,AA7242,0,2,80
2,3,7:42:25,5,-1,2,AA7242,0,2,40
3,7,7:54:37,5,-1,1,AA7242,3,2,680
7,8,7:56:28,5,-1,2,AA7242,0,2,101
8,9,7:58:09,5,-1,1,AA7242,0,2,80
9,10,7:59:10,5,-1,1,AA7242,0,2,20
10,11,8:00:53,5,-1,1,AA7242,0,2,60
11,12,8:01:54,5,-1,1,AA7242,0,2,30
12,13,8:03:04,5,-1,1,AA7242,0,2,60
13,14,8:04:15,5,-1,1,AA7242,0,2,30
14,15,8:05:46,5,-1,-1,AA7242,0,2,40
15,16,8:07:28,5,-1,1,AA7242,0,2,70
16,17,8:15:07,5,-1,1,AA7242,0,2,409
17,20,8:31:37,5,-1,1,AA7242,2,2,969
20,21,8:34:39,5,-1,1,AA7242,0,2,171
21,22,8:36:50,5,-1,-1,AA7242,0,2,101
0,1,9:07:53,5,-1,-1,AA7242,0,2,60
1,2,9:08:54,5,-1,2,AA7242,0,2,20
2,3,9:11:26,5,-1,2,AA7242,0,2,91
7,8,9:38:40,5,-1,3,AA7242,0,2,112
8,9,9:40:03,5,-1,1,AA7242,0,2,42
9,10,9:40:54,5,-1,1,AA7242,0,2,30
10,11,9:42:55,5,-1,1,AA7242,0,2,60
11,12,9:43:45,5,-1,1,AA7242,0,2,20
12,14,9:46:37,5,-1,1,AA7242,1,2,141
14,15,9:48:18,5,-1,-1,AA7242,0,2,30
15,16,9:50:34,5,-1,1,AA7242,0,2,91
20,21,10:22:37,5,-1,1,AA7242,0,2,151
21,22,10:24:48,5,-1,-1,AA7242,0,2,90
0,1,6:11:46,5,-1,-1,AA7301,0,2,60
1,3,6:14:48,5,-1,-1,AA7301,1,2,171
3,4,6:16:50,5,-1,1,AA7301,0,2,101
4,7,6:24:49,5,-1,-1,AA7301,2,2,437
7,8,6:26:54,5,-1,2,AA7301,0,2,115
8,9,6:28:35,5,-1,1,AA7301,0,2,50
9,10,6:29:06,5,-1,1,AA7301,0,2,20
10,11,6:31:07,5,-1,1,AA7301,0,2,90
11,12,6:31:37,5,-1,1,AA7301,0,2,20
12,13,6:33:08,5,-1,1,AA7301,0,2,70
13,14,6:34:09,5,-1,1,AA7301,0,2,30
14,15,6:35:20,5,-1,-1,AA7301,0,2,30
15,16,6:37:34,5,-1,1,AA7301,0,2,102
21,22,7:03:17,5,-1,-1,AA7301,0,2,80
0,1,7:13:46,5,-1,-1,AA7301,0,2,60
1,2,7:15:07,5,-1,1,AA7301,0,2,40
2,3,7:16:48,5,-1,1,AA7301,0,2,40
3,7,7:26:59,5,-1,1,AA7301,3,2,530
7,8,7:29:45,5,-1,2,AA7301,0,2,155
8,9,7:31:16,5,-1,1,AA7301,0,2,50
9,10,7:32:06,5,-1,1,AA7301,0,2,20
10,11,7:34:48,5,-1,1,AA7301,0,2,121
11,12,7:35:28,5,-1,1,AA7301,0,2,30
12,13,7:36:49,5,-1,1,AA7301,0,2,60
13,14,7:37:42,5,-1,1,AA7301,0,2,43
14,15,7:38:53,5,-1,-1,AA7301,0,2,30
15,16,7:41:05,5,-1,1,AA7301,0,2,90
16,17,7:48:30,5,-1,1,AA7301,0,2,404
17,20,8:03:15,5,-1,1,AA7301,2,2,874
20,21,8:05:06,5,-1,1,AA7301,0,2,101
21,22,8:06:57,5,-1,-1,AA7301,0,2,80
0,1,8:33:58,5,-1,-1,AA7301,0,2,1212
1,2,8:35:50,5,-1,2,AA7301,0,2,20
2,3,8:38:55,5,-1,2,AA7301,0,2,93
3,7,8:49:47,5,-1,1,AA7301,3,2,560
7,8,8:51:58,5,-1,2,AA7301,0,2,121
8,9,8:53:19,5,-1,1,AA7301,0,2,60
9,10,8:54:10,5,-1,1,AA7301,0,2,40
10,11,8:56:53,5,-1,1,AA7301,0,2,101
11,12,8:57:44,5,-1,1,AA7301,0,2,21
12,13,8:59:26,5,-1,1,AA7301,0,2,71
13,14,9:00:26,5,-1,1,AA7301,0,2,40
14,15,9:01:37,5,-1,-1,AA7301,0,2,30
15,16,9:05:32,5,-1,1,AA7301,0,2,133
20,21,9:44:56,5,-1,1,AA7301,0,2,232
21,22,9:47:18,5,-1,-1,AA7301,0,2,101
0,1,10:06:49,5,-1,-1,AA7301,0,2,711
1,2,10:09:24,5,-1,3,AA7301,0,2,63
2,3,10:11:55,5,-1,3,AA7301,0,2,90
3,7,10:23:07,5,-1,1,AA7301,3,2,599
7,8,10:25:18,5,-1,2,AA7301,0,2,121
8,9,10:26:49,5,-1,1,AA7301,0,2,60
9,10,10:27:44,5,-1,1,AA7301,0,2,23
10,12,10:29:55,5,-1,1,AA7301,1,2,101
12,13,10:31:47,5,-1,1,AA7301,0,2,80
13,14,10:32:57,5,-1,1,AA7301,0,2,40
14,15,10:34:18,5,-1,-1,AA7301,0,2,40
15,16,10:36:20,5,-1,1,AA7301,0,2,91
16,17,10:43:39,5,-1,-1,AA7301,0,2,396
17,20,11:04:05,5,-1,1,AA7301,2,2,1216
20,21,11:06:57,5,-1,1,AA7301,0,2,141
21,22,11:09:39,5,-1,-1,AA7301,0,2,90
1,2,12:14:04,5,-1,3,AA7301,0,2,10
2,3,12:15:56,5,-1,2,AA7301,0,2,30
3,7,12:27:59,5,-1,1,AA7301,3,2,612
7,8,12:30:34,5,-1,2,AA7301,0,2,134
8,9,12:32:36,5,-1,1,AA7301,0,2,91
9,10,12:33:46,5,-1,1,AA7301,0,2,30
10,11,12:36:28,5,-1,1,AA7301,0,2,151
11,12,12:37:29,5,-1,1,AA7301,0,2,30
12,13,12:39:20,5,-1,1,AA7301,0,2,70
13,14,12:42:40,5,-1,2,AA7301,0,2,135
14,15,12:46:27,5,-1,-1,AA7301,0,1,162
15,16,12:49:20,5,-1,1,AA7301,0,1,121
16,17,12:57:11,5,-1,-1,AA7301,0,1,430
17,20,13:17:18,5,-1,1,AA7301,2,1,1183
20,21,13:20:34,5,-1,1,AA7301,0,1,165
21,22,13:22:35,5,-1,-1,AA7301,0,1,80
0,1,13:44:54,5,-1,-1,AA7301,0,1,135
2,3,13:49:48,5,-1,2,AA7301,0,1,81
3,4,13:52:10,5,-1,1,AA7301,0,1,60
4,7,14:01:20,5,-1,1,AA7301,2,1,517
7,8,14:03:53,5,-1,2,AA7301,0,1,138
8,9,14:05:24,5,-1,1,AA7301,0,1,60
9,10,14:06:45,5,-1,1,AA7301,0,1,40
10,11,14:09:37,5,-1,1,AA7301,0,1,161
11,12,14:10:38,5,-1,1,AA7301,0,1,30
12,13,14:12:44,5,-1,1,AA7301,0,1,96
13,14,14:14:26,5,-1,2,AA7301,0,1,40
14,15,14:15:58,5,-1,-1,AA7301,0,1,20
15,16,14:18:40,5,-1,1,AA7301,0,1,131
16,17,14:26:38,5,-1,2,AA7301,0,1,426
20,21,14:56:14,5,-1,1,AA7301,0,1,157
21,22,14:58:26,5,-1,-1,AA7301,0,1,91
0,1,15:31:47,5,-1,-1,AA7301,0,1,903
1,2,15:33:18,5,-1,3,AA7301,0,1,30
2,3,15:37:56,5,-1,3,AA7301,0,1,267
3,7,15:48:36,5,-1,1,AA7301,3,1,590
7,8,15:50:29,5,-1,2,AA7301,0,1,92
8,9,15:52:00,5,-1,1,AA7301,0,1,60
9,10,15:52:41,5,-1,1,AA7301,0,1,31
10,11,15:55:15,5,-1,1,AA7301,0,1,92
11,12,15:55:56,5,-1,1,AA7301,0,1,30
12,13,15:58:28,5,-1,1,AA7301,0,1,101
13,14,15:59:58,5,-1,2,AA7301,0,1,50
14,15,16:01:50,5,-1,-1,AA7301,0,1,40
15,16,16:04:05,5,-1,1,AA7301,0,1,103
16,17,16:11:56,5,-1,2,AA7301,0,1,430
20,21,16:41:28,5,-1,1,AA7301,0,1,173
21,22,16:43:49,5,-1,-1,AA7301,0,1,111
0,1,17:09:38,5,-1,-1,AA7301,0,1,90
1,2,17:11:19,5,-1,2,AA7301,0,1,50
2,3,17:14:55,5,-1,2,AA7301,0,1,112
3,7,17:29:10,5,-1,1,AA7301,3,1,824
7,8,17:30:54,5,-1,2,AA7301,0,1,94
8,9,17:32:36,5,-1,1,AA7301,0,1,91
9,10,17:33:52,5,-1,1,AA7301,0,1,40
10,11,17:36:55,5,-1,1,AA7301,0,1,173
11,12,17:37:56,5,-1,1,AA7301,0,1,20
12,13,17:39:07,5,-1,1,AA7301,0,1,60
13,14,17:40:38,5,-1,1,AA7301,0,1,50
14,15,17:42:19,5,-1,-1,AA7301,0,1,30
15,16,17:45:22,5,-1,1,AA7301,0,1,142
16,17,17:53:59,5,-1,1,AA7301,0,1,467
17,19,17:59:48,5,-1,2,AA7301,1,1,337
19,20,18:03:33,5,-1,2,AA7301,0,1,94
20,21,18:06:05,5,-1,1,AA7301,0,1,141
21,22,18:09:39,5,-1,-1,AA7301,0,1,111
0,1,18:34:48,5,-1,-1,AA7301,0,1,80
1,2,18:37:10,5,-1,3,AA7301,0,1,70
2,3,18:40:09,5,-1,3,AA7301,0,1,64
3,4,18:42:20,5,-1,1,AA7301,0,1,90
4,18,18:46:37,5,-1,1,AA7301,1,1,161
6,7,18:56:21,5,-1,1,AA7301,0,1,574
7,8,18:57:34,5,-1,1,AA7301,0,1,61
8,9,18:58:55,5,-1,1,AA7301,0,1,50
9,10,18:59:45,5,-1,1,AA7301,0,1,30
10,11,19:02:57,5,-1,1,AA7301,0,1,161
11,12,19:03:49,5,-1,2,AA7301,0,1,31
12,13,19:06:24,5,-1,2,AA7301,0,1,101
13,14,19:08:56,5,-1,2,AA7301,0,1,101
14,15,19:13:09,5,-1,-1,AA7301,0,1,171
15,16,19:15:44,5,-1,1,AA7301,0,1,134
16,17,19:22:36,5,-1,1,AA7301,0,2,381
17,18,19:23:57,5,-1,1,AA7301,0,2,70
18,19,19:29:34,5,-1,2,AA7301,0,2,316
19,20,19:34:34,5,-1,1,AA7301,0,2,148
20,21,19:37:26,5,-1,1,AA7301,0,2,161
21,22,19:39:47,5,-1,-1,AA7301,0,2,80
0,1,20:33:47,5,-1,-1,AA7301,0,2,30
1,2,20:35:28,5,-1,2,AA7301,0,2,50
2,3,20:37:29,5,-1,2,AA7301,0,2,80
3,4,20:39:24,5,-1,1,AA7301,0,2,50
4,18,20:43:07,5,-1,1,AA7301,1,2,151
6,7,20:51:57,5,-1,1,AA7301,0,1,520
7,8,20:53:18,5,-1,2,AA7301,0,1,70
8,9,20:54:39,5,-1,1,AA7301,0,1,70
9,10,20:55:29,5,-1,1,AA7301,0,1,20
10,11,20:57:43,5,-1,1,AA7301,0,1,103
11,12,20:58:34,5,-1,1,AA7301,0,1,30
12,13,21:00:29,5,-1,1,AA7301,0,1,84
13,14,21:01:50,5,-1,1,AA7301,0,1,50
14,15,21:03:43,5,-1,-1,AA7301,0,1,82
15,16,21:05:54,5,-1,1,AA7301,0,1,100
16,18,21:14:58,5,-1,-1,AA7301,1,1,503
18,19,21:19:44,5,-1,2,AA7301,0,1,275
19,20,21:22:50,5,-1,1,AA7301,0,1,145
20,21,21:26:55,5,-1,1,AA7301,0,1,192
21,22,21:28:46,5,-1,-1,AA7301,0,1,80
0,1,21:53:06,5,-1,-1,AA7301,0,1,20
1,2,21:53:56,5,-1,1,AA7301,0,1,10
2,3,21:56:33,5,-1,2,AA7301,0,1,105
3,4,21:57:24,5,-1,1,AA7301,0,1,10
4,18,22:00:37,5,-1,1,AA7301,1,1,152
6,7,22:09:37,5,-1,1,AA7301,0,1,530
7,8,22:11:18,5,-1,2,AA7301,0,1,90
8,10,22:13:10,5,-1,1,AA7301,1,1,90
10,11,22:14:44,5,-1,1,AA7301,0,1,71
11,12,22:15:34,5,-1,1,AA7301,0,1,20
12,13,22:17:36,5,-1,1,AA7301,0,1,91
13,14,22:18:26,5,-1,1,AA7301,0,1,40
14,15,22:19:47,5,-1,-1,AA7301,0,1,20
15,16,22:22:19,5,-1,1,AA7301,0,1,100
16,17,22:29:45,5,-1,1,AA7301,0,1,406
17,18,22:31:26,5,-1,1,AA7301,0,1,90
18,19,22:37:44,5,-1,2,AA7301,0,1,347
19,20,22:39:15,5,-1,1,AA7301,0,1,50
20,21,22:42:58,5,-1,1,AA7301,0,1,192
21,22,22:44:39,5,-1,-1,AA7301,0,1,80
0,1,23:08:38,5,-1,-1,AA7301,0,1,80
1,2,23:10:49,5,-1,1,AA7301,0,1,111
2,3,23:13:16,5,-1,2,AA7301,0,1,55
3,4,23:15:27,5,-1,1,AA7301,0,1,90
4,7,23:28:22,5,-1,1,AA7301,2,1,735
7,8,23:30:23,5,-1,1,AA7301,0,1,111
8,9,23:31:44,5,-1,1,AA7301,0,1,40
9,10,23:32:35,5,-1,1,AA7301,0,1,20
10,11,23:34:06,5,-1,1,AA7301,0,1,50
11,12,23:35:17,5,-1,1,AA7301,0,1,30
12,13,23:36:27,5,-1,1,AA7301,0,1,40
13,14,23:37:38,5,-1,1,AA7301,0,1,30
14,15,23:38:49,5,-1,-1,AA7301,0,1,20
15,16,23:40:52,5,-1,1,AA7301,0,1,82
16,17,23:47:47,5,-1,1,AA7301,0,1,384
17,18,23:48:58,5,-1,1,AA7301,0,1,60
18,19,23:53:49,5,-1,2,AA7301,0,1,270
19,20,23:55:44,5,-1,1,AA7301,0,1,44
20,21,23:57:57,5,-1,1,AA7301,0,1,122
21,22,23:59:48,5,-1,-1,AA7301,0,1,80
0,1,0:15:08,5,-1,-1,AA7341,0,2,30
1,2,0:16:39,5,-1,2,AA7341,0,2,70
2,3,0:18:10,5,-1,2,AA7341,0,2,40
3,4,0:20:26,5,-1,1,AA7341,0,2,101
4,18,0:23:28,5,-1,1,AA7341,1,2,151
6,7,0:32:08,5,-1,1,AA7341,0,2,509
7,8,0:34:00,5,-1,2,AA7341,0,2,102
8,9,0:35:02,5,-1,1,AA7341,0,2,51
9,11,0:37:34,5,-1,1,AA7341,1,2,142
11,12,0:38:25,5,-1,1,AA7341,0,2,20
12,13,0:39:56,5,-1,1,AA7341,0,2,60
13,14,0:41:17,5,-1,1,AA7341,0,2,40
14,15,0:42:17,5,-1,-1,AA7341,0,2,30
15,16,0:44:39,5,-1,1,AA7341,0,2,111
16,17,0:51:16,5,-1,1,AA7341,0,2,367
17,18,0:52:27,5,-1,1,AA7341,0,2,60
18,19,0:56:51,5,-1,2,AA7341,0,2,243
19,20,0:59:03,5,-1,1,AA7341,0,2,102
20,21,1:01:05,5,-1,1,AA7341,0,2,111
21,22,1:03:06,5,-1,-1,AA7341,0,2,111
0,1,1:21:32,5,-1,-1,AA7341,0,2,42
1,2,1:23:05,5,-1,-1,AA7341,0,2,52
2,3,1:24:46,5,-1,-1,AA7341,0,2,40
3,4,1:25:37,5,-1,1,AA7341,0,2,20
4,18,1:28:28,5,-1,1,AA7341,1,2,161
6,7,1:36:48,5,-1,1,AA7341,0,2,489
7,8,1:38:29,5,-1,-1,AA7341,0,2,90
8,9,1:41:14,5,-1,1,AA7341,0,2,40
9,10,1:41:55,5,-1,1,AA7341,0,2,20
10,11,1:43:17,5,-1,1,AA7341,0,2,51
11,12,1:43:57,5,-1,1,AA7341,0,2,20
12,13,1:45:18,5,-1,1,AA7341,0,2,50
13,14,1:45:58,5,-1,1,AA7341,0,2,30
14,15,1:47:19,5,-1,-1,AA7341,0,2,40
15,16,1:48:33,5,-1,1,AA7341,0,2,33
16,18,1:56:48,5,-1,1,AA7341,1,2,474
18,19,2:02:05,5,-1,-1,AA7341,0,2,296
19,21,2:06:38,5,-1,1,AA7341,1,2,222
21,22,2:08:29,5,-1,-1,AA7341,0,2,90
0,1,7:20:00,5,-1,-1,AA7367,0,2,60
1,2,7:22:15,5,-1,1,AA7367,0,2,101
2,3,7:24:17,5,-1,2,AA7367,0,2,40
3,7,7:36:09,5,-1,2,AA7367,3,2,620
7,8,7:39:13,5,-1,2,AA7367,0,2,174
8,9,7:40:14,5,-1,1,AA7367,0,2,40
9,10,7:41:25,5,-1,1,AA7367,0,2,30
10,11,7:43:06,5,-1,1,AA7367,0,2,91
11,12,7:44:27,5,-1,1,AA7367,0,2,30
12,14,7:46:28,5,-1,1,AA7367,1,2,91
14,15,7:47:39,5,-1,-1,AA7367,0,2,30
15,16,7:50:04,5,-1,1,AA7367,0,2,114
16,17,7:58:09,5,-1,2,AA7367,0,2,404
17,20,8:12:45,5,-1,2,AA7367,2,2,865
20,21,8:15:28,5,-1,1,AA7367,0,2,152
21,22,8:17:19,5,-1,-1,AA7367,0,2,50
0,1,8:43:48,5,-1,-1,AA7367,0,2,30
1,2,8:45:09,5,-1,2,AA7367,0,2,70
2,3,8:47:15,5,-1,2,AA7367,0,2,72
3,7,8:58:55,5,-1,2,AA7367,3,2,669
7,8,9:00:57,5,-1,2,AA7367,0,2,111
8,9,9:02:08,5,-1,1,AA7367,0,2,40
9,10,9:02:58,5,-1,1,AA7367,0,2,30
10,11,9:05:10,5,-1,1,AA7367,0,2,91
11,12,9:05:42,5,-1,1,AA7367,0,2,22
12,13,9:07:13,5,-1,1,AA7367,0,2,60
13,14,9:08:14,5,-1,1,AA7367,0,2,30
14,15,9:09:45,5,-1,-1,AA7367,0,2,40
15,16,9:11:46,5,-1,1,AA7367,0,2,101
16,17,9:19:23,5,-1,2,AA7367,0,2,427
20,21,9:49:43,5,-1,1,AA7367,0,2,135
21,22,9:52:05,5,-1,-1,AA7367,0,2,101
16,17,0:02:17,5,-1,-1,AA7392,0,2,397
17,18,0:04:19,5,-1,-1,AA7392,0,2,111
18,19,0:10:25,5,-1,2,AA7392,0,2,346
19,20,0:12:37,5,-1,1,AA7392,0,2,60
20,21,0:15:49,5,-1,1,AA7392,0,2,141
21,22,0:17:40,5,-1,-1,AA7392,0,2,91
22,2,0:35:42,5,-1,1,AA7392,1,2,184
2,3,0:38:15,5,-1,2,AA7392,0,2,60
3,4,0:40:26,5,-1,1,AA7392,0,2,90
4,7,0:52:27,5,-1,1,AA7392,2,2,680
7,8,0:53:58,5,-1,-1,AA7392,0,2,80
8,9,0:54:49,5,-1,1,AA7392,0,2,30
9,10,0:55:29,5,-1,1,AA7392,0,2,20
10,11,0:57:01,5,-1,1,AA7392,0,2,51
11,12,0:57:52,5,-1,1,AA7392,0,2,41
12,13,0:59:13,5,-1,1,AA7392,0,2,50
13,14,1:00:24,5,-1,1,AA7392,0,2,40
14,15,1:01:25,5,-1,-1,AA7392,0,2,30
15,16,1:03:36,5,-1,1,AA7392,0,2,111
16,17,1:10:53,5,-1,1,AA7392,0,2,395
17,18,1:12:34,5,-1,1,AA7392,0,2,91
18,19,1:17:27,5,-1,2,AA7392,0,2,272
19,20,1:19:08,5,-1,1,AA7392,0,2,50
20,21,1:21:10,5,-1,-1,AA7392,0,2,111
21,22,1:22:55,5,-1,-1,AA7392,0,2,82
0,1,6:01:27,5,-1,-1,AA7392,0,2,60
1,2,6:02:37,5,-1,1,AA7392,0,2,20
2,3,6:04:49,5,-1,1,AA7392,0,2,80
3,7,6:14:58,5,-1,-1,AA7392,3,2,508
7,8,6:16:50,5,-1,-1,AA7392,0,2,101
8,9,6:18:12,5,-1,1,AA7392,0,2,51
9,10,6:19:15,5,-1,1,AA7392,0,2,31
10,11,6:20:56,5,-1,-1,AA7392,0,2,50
11,12,6:21:47,5,-1,-1,AA7392,0,2,10
12,13,6:23:08,5,-1,-1,AA7392,0,2,50
13,14,6:23:48,5,-1,-1,AA7392,0,2,30
14,15,6:24:49,5,-1,-1,AA7392,0,2,20
15,16,6:27:55,5,-1,1,AA7392,0,2,155
16,17,6:34:50,5,-1,2,AA7392,0,2,384
17,20,6:47:43,5,-1,1,AA7392,2,2,763
20,21,6:50:04,5,-1,1,AA7392,0,2,90
21,22,6:51:56,5,-1,-1,AA7392,0,2,81
0,1,6:57:50,5,-1,-1,AA7392,0,2,40
1,2,6:59:11,5,-1,2,AA7392,0,2,40
2,3,7:01:57,5,-1,2,AA7392,0,2,50
3,7,7:11:55,5,-1,1,AA7392,3,2,497
7,8,7:13:56,5,-1,2,AA7392,0,2,90
8,9,7:15:17,5,-1,1,AA7392,0,2,50
9,10,7:16:08,5,-1,1,AA7392,0,2,30
10,11,7:17:59,5,-1,1,AA7392,0,2,70
11,12,7:18:49,5,-1,1,AA7392,0,2,20
12,13,7:20:00,5,-1,1,AA7392,0,2,40
13,14,7:20:44,5,-1,1,AA7392,0,2,23
14,15,7:21:55,5,-1,-1,AA7392,0,2,20
20,21,7:50:54,5,-1,1,AA7392,0,2,104
21,22,7:52:56,5,-1,-1,AA7392,0,2,91
0,1,8:14:57,5,-1,-1,AA7392,0,2,60
1,2,8:16:59,5,-1,2,AA7392,0,2,101
2,3,8:19:34,5,-1,2,AA7392,0,2,84
3,7,8:30:56,5,-1,1,AA7392,3,2,641
7,8,8:32:48,5,-1,2,AA7392,0,2,101
8,9,8:34:19,5,-1,1,AA7392,0,2,50
9,10,8:34:59,5,-1,1,AA7392,0,2,30
10,11,8:38:34,5,-1,1,AA7392,0,2,144
11,12,8:39:36,5,-1,1,AA7392,0,2,20
12,13,8:41:17,5,-1,1,AA7392,0,2,60
13,14,8:42:17,5,-1,1,AA7392,0,2,30
14,15,8:43:59,5,-1,-1,AA7392,0,2,40
15,16,8:46:45,5,-1,1,AA7392,0,2,135
16,17,8:54:00,5,-1,3,AA7392,0,2,394
0,1,10:14:58,5,-1,-1,AA7392,0,2,60
1,2,10:15:59,5,-1,3,AA7392,0,2,20
2,3,10:18:54,5,-1,3,AA7392,0,2,104
3,7,10:31:16,5,-1,1,AA7392,3,2,691
7,8,10:33:38,5,-1,1,AA7392,0,2,121
8,9,10:35:39,5,-1,1,AA7392,0,2,80
9,10,10:36:52,5,-1,1,AA7392,0,2,42
10,11,10:39:03,5,-1,1,AA7392,0,2,70
11,12,10:39:54,5,-1,1,AA7392,0,2,30
12,13,10:41:25,5,-1,-1,AA7392,0,2,60
13,14,10:42:28,5,-1,-1,AA7392,0,2,40
14,15,10:44:09,5,-1,-1,AA7392,0,2,30
15,16,10:46:45,5,-1,1,AA7392,0,2,115
16,17,10:54:36,5,-1,1,AA7392,0,2,408
20,21,11:22:58,5,-1,1,AA7392,0,2,121
21,22,11:25:09,5,-1,-1,AA7392,0,2,91
0,1,11:58:20,5,-1,-1,AA7392,0,2,80
1,2,12:00:35,5,-1,2,AA7392,0,2,114
2,3,12:03:06,5,-1,2,AA7392,0,2,66
3,7,12:14:35,5,-1,2,AA7392,3,2,567
7,8,12:16:36,5,-1,2,AA7392,0,2,111
8,9,12:17:57,5,-1,1,AA7392,0,2,50
9,10,12:18:38,5,-1,1,AA7392,0,2,30
10,12,12:24:17,5,-1,1,AA7392,1,2,268
12,13,12:25:58,5,-1,1,AA7392,0,2,70
13,14,12:26:49,5,-1,2,AA7392,0,2,40
14,15,12:29:43,5,-1,-1,AA7392,0,2,30
15,16,12:31:55,5,-1,1,AA7392,0,2,50
20,21,13:09:46,5,-1,1,AA7392,0,1,151
21,22,13:12:13,5,-1,-1,AA7392,0,1,96
0,1,13:30:35,5,-1,-1,AA7392,0,1,94
1,2,13:31:45,5,-1,3,AA7392,0,1,20
2,3,13:34:07,5,-1,2,AA7392,0,1,50
3,7,13:45:24,5,-1,1,AA7392,3,1,575
7,8,13:47:46,5,-1,2,AA7392,0,1,101
8,9,13:49:28,5,-1,1,AA7392,0,1,71
9,10,13:50:28,5,-1,1,AA7392,0,1,30
10,11,13:52:42,5,-1,1,AA7392,0,1,52
11,12,13:53:43,5,-1,1,AA7392,0,1,30
12,13,13:55:36,5,-1,1,AA7392,0,1,80
13,14,13:56:37,5,-1,1,AA7392,0,1,40
14,15,13:58:38,5,-1,-1,AA7392,0,1,30
15,16,14:01:10,5,-1,1,AA7392,0,1,121
16,17,14:09:07,5,-1,2,AA7392,0,1,411
20,21,14:37:49,5,-1,1,AA7392,0,1,314
21,22,14:40:34,5,-1,-1,AA7392,0,1,93
0,1,15:07:30,5,-1,-1,AA7392,0,1,604
1,2,15:09:14,5,-1,2,AA7392,0,1,63
2,3,15:13:48,5,-1,2,AA7392,0,1,132
3,7,15:24:19,5,-1,1,AA7392,3,1,580
7,8,15:27:13,5,-1,2,AA7392,0,1,153
8,9,15:28:24,5,-1,1,AA7392,0,1,40
9,10,15:29:25,5,-1,1,AA7392,0,1,30
10,11,15:31:06,5,-1,1,AA7392,0,1,50
11,12,15:31:57,5,-1,1,AA7392,0,1,20
12,13,15:34:19,5,-1,2,AA7392,0,1,20
13,14,15:35:34,5,-1,2,AA7392,0,1,54
14,15,15:38:46,5,-1,-1,AA7392,0,1,40
15,16,15:41:08,5,-1,1,AA7392,0,1,101
16,17,15:49:27,5,-1,1,AA7392,0,1,458
20,21,16:23:54,5,-1,1,AA7392,0,1,146
21,22,16:25:46,5,-1,-1,AA7392,0,1,90
0,1,16:50:00,5,-1,-1,AA7392,0,1,131
1,2,16:52:14,5,-1,3,AA7392,0,1,123
2,3,16:54:15,5,-1,2,AA7392,0,1,40
3,7,17:06:06,5,-1,1,AA7392,3,1,639
7,8,17:08:27,5,-1,2,AA7392,0,1,131
8,9,17:09:48,5,-1,1,AA7392,0,1,60
9,10,17:10:49,5,-1,1,AA7392,0,1,40
10,11,17:13:23,5,-1,1,AA7392,0,1,50
16,17,17:30:14,5,-1,1,AA7392,0,1,444
20,21,17:55:24,5,-1,1,AA7392,0,1,175
21,22,17:58:27,5,-1,-1,AA7392,0,1,101
22,2,18:19:45,5,-1,3,AA7392,1,1,208
2,3,18:22:57,5,-1,3,AA7392,0,1,131
3,4,18:26:49,5,-1,1,AA7392,0,1,121
4,18,18:31:04,5,-1,1,AA7392,1,1,151
6,7,18:41:39,5,-1,2,AA7392,0,1,625
7,8,18:43:35,5,-1,2,AA7392,0,1,105
8,9,18:45:46,5,-1,1,AA7392,0,1,101
9,10,18:46:47,5,-1,1,AA7392,0,1,40
10,11,18:50:53,5,-1,1,AA7392,0,1,184
11,12,18:51:34,5,-1,3,AA7392,0,1,31
12,13,18:54:56,5,-1,3,AA7392,0,1,181
13,14,18:55:51,5,-1,2,AA7392,0,1,44
14,15,18:58:24,5,-1,-1,AA7392,0,1,40
15,16,19:00:36,5,-1,1,AA7392,0,1,90
16,17,19:08:26,5,-1,1,AA7392,0,1,439
17,18,19:10:07,5,-1,1,AA7392,0,1,90
18,19,19:16:44,5,-1,2,AA7392,0,1,377
19,20,19:21:25,5,-1,1,AA7392,0,2,138
20,21,19:25:18,5,-1,1,AA7392,0,2,213
21,22,19:28:13,5,-1,-1,AA7392,0,2,93
0,1,19:46:48,5,-1,-1,AA7392,0,2,50
1,2,19:48:19,5,-1,2,AA7392,0,2,60
2,3,19:50:15,5,-1,2,AA7392,0,2,40
3,4,19:52:26,5,-1,1,AA7392,0,2,101
4,18,19:55:38,5,-1,1,AA7392,1,2,161
6,7,20:05:03,5,-1,1,AA7392,0,2,555
7,8,20:06:24,5,-1,2,AA7392,0,2,70
8,9,20:08:26,5,-1,1,AA7392,0,2,60
9,10,20:09:16,5,-1,1,AA7392,0,2,30
10,11,20:11:08,5,-1,1,AA7392,0,2,70
11,12,20:11:59,5,-1,1,AA7392,0,2,20
12,13,20:13:40,5,-1,1,AA7392,0,2,70
13,14,20:15:02,5,-1,1,AA7392,0,2,51
14,15,20:16:44,5,-1,-1,AA7392,0,2,30
15,16,20:19:19,5,-1,1,AA7392,0,2,121
16,17,20:27:20,5,-1,1,AA7392,0,2,440
17,18,20:29:04,5,-1,1,AA7392,0,2,93
18,19,20:34:47,5,-1,2,AA7392,0,2,323
19,20,20:36:59,5,-1,1,AA7392,0,2,70
20,21,20:38:54,5,-1,1,AA7392,0,2,105
21,22,20:41:05,5,-1,-1,AA7392,0,2,101
0,1,6:49:44,5,-1,-1,AA7405,0,2,20
1,3,6:53:47,5,-1,2,AA7405,1,2,192
3,7,7:03:17,5,-1,2,AA7405,3,2,509
7,8,7:05:19,5,-1,2,AA7405,0,2,111
8,9,7:06:40,5,-1,1,AA7405,0,2,40
9,10,7:07:41,5,-1,1,AA7405,0,2,30
10,11,7:09:23,5,-1,1,AA7405,0,2,61
11,12,7:10:24,5,-1,1,AA7405,0,2,30
12,13,7:11:45,5,-1,1,AA7405,0,2,50
13,14,7:12:35,5,-1,1,AA7405,0,2,40
14,15,7:14:06,5,-1,-1,AA7405,0,2,40
15,16,7:16:08,5,-1,1,AA7405,0,2,70
16,17,7:23:17,5,-1,-1,AA7405,0,2,398
17,20,7:39:34,5,-1,1,AA7405,2,2,966
20,21,7:41:55,5,-1,1,AA7405,0,2,131
21,22,7:44:07,5,-1,-1,AA7405,0,2,80
0,1,8:07:07,5,-1,-1,AA7405,0,2,91
1,3,8:11:23,5,-1,2,AA7405,1,2,224
3,7,8:21:45,5,-1,1,AA7405,3,2,571
7,8,8:23:37,5,-1,2,AA7405,0,2,101
8,9,8:25:08,5,-1,1,AA7405,0,2,50
9,10,8:25:38,5,-1,1,AA7405,0,2,20
10,12,8:27:51,5,-1,1,AA7405,1,2,102
12,13,8:29:04,5,-1,1,AA7405,0,2,42
13,14,8:29:55,5,-1,1,AA7405,0,2,40
14,15,8:31:17,5,-1,-1,AA7405,0,2,30
15,16,8:33:28,5,-1,1,AA7405,0,2,91
16,17,8:40:57,5,-1,1,AA7405,0,2,407
17,20,9:00:36,5,-1,1,AA7405,2,2,1169
20,21,9:04:09,5,-1,1,AA7405,0,2,192
21,22,9:06:12,5,-1,-1,AA7405,0,2,92
22,2,9:48:53,5,-1,3,AA7405,1,2,216
2,3,9:52:15,5,-1,3,AA7405,0,2,182
3,7,10:05:38,5,-1,1,AA7405,3,2,691
7,8,10:07:59,5,-1,2,AA7405,0,2,101
8,9,10:10:14,5,-1,1,AA7405,0,2,60
9,10,10:10:55,5,-1,1,AA7405,0,2,30
10,11,10:13:07,5,-1,1,AA7405,0,2,51
11,12,10:13:58,5,-1,1,AA7405,0,2,20
12,13,10:15:29,5,-1,1,AA7405,0,2,70
13,14,10:16:29,5,-1,1,AA7405,0,2,40
14,15,10:18:14,5,-1,-1,AA7405,0,2,40
15,16,10:20:25,5,-1,1,AA7405,0,2,80
20,21,10:53:24,5,-1,1,AA7405,0,2,174
21,22,10:55:36,5,-1,-1,AA7405,0,2,91
22,2,11:48:53,5,-1,3,AA7405,1,2,215
2,3,11:51:55,5,-1,2,AA7405,0,2,111
3,7,12:03:27,5,-1,2,AA7405,3,2,600
7,8,12:06:11,5,-1,3,AA7405,0,2,151
8,9,12:08:25,5,-1,1,AA7405,0,2,61
9,10,12:09:08,5,-1,1,AA7405,0,2,31
10,11,12:11:59,5,-1,1,AA7405,0,2,85
11,12,12:13:22,5,-1,1,AA7405,0,2,20
12,13,12:15:15,5,-1,1,AA7405,0,2,70
13,14,12:18:48,5,-1,2,AA7405,0,2,182
14,15,12:21:09,5,-1,-1,AA7405,0,2,40
15,16,12:23:57,5,-1,1,AA7405,0,2,113
16,17,12:32:36,5,-1,3,AA7405,0,2,458
20,21,13:04:20,5,-1,1,AA7405,0,1,151
21,22,13:06:54,5,-1,-1,AA7405,0,1,90
0,1,13:17:48,5,-1,-1,AA7405,0,1,40
1,2,13:20:10,5,-1,1,AA7405,0,1,131
2,3,13:23:15,5,-1,2,AA7405,0,1,175
3,7,13:34:27,5,-1,1,AA7405,3,1,590
7,8,13:36:42,5,-1,2,AA7405,0,1,124
8,9,13:38:25,5,-1,1,AA7405,0,1,50
9,10,13:39:06,5,-1,1,AA7405,0,1,30
10,11,13:41:28,5,-1,1,AA7405,0,1,101
11,12,13:42:28,5,-1,2,AA7405,0,1,30
12,13,13:44:10,5,-1,1,AA7405,0,1,70
13,14,13:45:24,5,-1,1,AA7405,0,1,40
14,15,13:47:05,5,-1,-1,AA7405,0,1,40
15,16,13:49:48,5,-1,1,AA7405,0,1,81
16,17,13:57:57,5,-1,2,AA7405,0,1,428
20,21,14:26:28,5,-1,1,AA7405,0,1,171
21,22,14:29:10,5,-1,-1,AA7405,0,1,91
0,1,14:56:04,5,-1,-1,AA7405,0,1,107
1,3,15:01:15,5,-1,2,AA7405,1,1,250
3,7,15:11:35,5,-1,1,AA7405,3,1,569
7,8,15:13:07,5,-1,2,AA7405,0,1,81
8,9,15:15:29,5,-1,1,AA7405,0,1,40
9,10,15:16:10,5,-1,1,AA7405,0,1,30
10,11,15:19:05,5,-1,1,AA7405,0,1,81
11,12,15:19:56,5,-1,1,AA7405,0,1,30
12,13,15:21:47,5,-1,1,AA7405,0,1,81
13,14,15:24:39,5,-1,2,AA7405,0,1,121
14,15,15:26:43,5,-1,-1,AA7405,0,1,113
15,16,15:29:45,5,-1,1,AA7405,0,1,111
20,21,16:10:25,5,-1,1,AA7405,0,1,131
21,22,16:12:36,5,-1,-1,AA7405,0,1,90
0,1,16:40:25,5,-1,-1,AA7405,0,1,161
1,3,16:45:36,5,-1,2,AA7405,1,1,277
3,7,16:57:07,5,-1,1,AA7405,3,1,630
7,8,16:59:08,5,-1,2,AA7405,0,1,101
8,9,17:00:59,5,-1,1,AA7405,0,1,60
9,10,17:02:00,5,-1,1,AA7405,0,1,30
10,11,17:06:46,5,-1,1,AA7405,0,1,235
11,12,17:08:07,5,-1,1,AA7405,0,1,30
12,13,17:10:29,5,-1,1,AA7405,0,1,101
13,14,17:11:39,5,-1,2,AA7405,0,1,40
14,15,17:13:44,5,-1,-1,AA7405,0,1,31
15,16,17:16:36,5,-1,1,AA7405,0,1,90
20,21,17:55:44,5,-1,1,AA7405,0,1,195
21,22,17:58:27,5,-1,-1,AA7405,0,1,91
0,1,18:11:20,5,-1,-1,AA7405,0,1,171
1,3,18:15:16,5,-1,3,AA7405,1,1,202
3,4,18:21:06,5,-1,1,AA7405,0,1,153
4,18,18:25:38,5,-1,1,AA7405,1,1,161
6,7,18:36:29,5,-1,1,AA7405,0,1,640
7,8,18:38:44,5,-1,2,AA7405,0,1,103
8,9,18:40:59,5,-1,1,AA7405,0,1,50
9,10,18:41:29,5,-1,1,AA7405,0,1,20
10,11,18:44:46,5,-1,1,AA7405,0,1,121
11,12,18:45:46,5,-1,3,AA7405,0,1,30
12,13,18:48:58,5,-1,3,AA7405,0,1,151
13,14,18:50:22,5,-1,2,AA7405,0,1,50
14,15,18:53:56,5,-1,-1,AA7405,0,1,121
15,16,18:56:21,5,-1,1,AA7405,0,1,94
16,17,19:03:49,5,-1,1,AA7405,0,1,416
17,18,19:05:54,5,-1,1,AA7405,0,1,115
18,19,19:11:48,5,-1,2,AA7405,0,1,333
19,20,19:15:10,5,-1,1,AA7405,0,1,141
20,22,19:21:35,5,-1,-1,AA7405,1,2,341
0,1,20:18:19,5,-1,-1,AA7405,0,2,155
1,2,20:19:29,5,-1,2,AA7405,0,2,30
2,3,20:21:14,5,-1,1,AA7405,0,2,64
3,4,20:23:46,5,-1,1,AA7405,0,2,80
4,8,20:38:20,5,-1,2,AA7405,3,2,833
8,9,20:39:45,5,-1,1,AA7405,0,2,50
9,10,20:40:25,5,-1,1,AA7405,0,2,30
10,11,20:44:07,5,-1,1,AA7405,0,2,70
11,12,20:45:08,5,-1,1,AA7405,0,2,20
12,13,20:46:39,5,-1,1,AA7405,0,2,60
13,14,20:48:42,5,-1,1,AA7405,0,2,52
14,15,20:51:17,5,-1,-1,AA7405,0,1,40
15,16,20:53:58,5,-1,1,AA7405,0,1,111
16,18,21:04:03,5,-1,1,AA7405,1,1,574
18,19,21:10:35,5,-1,-1,AA7405,0,1,372
19,20,21:13:37,5,-1,-1,AA7405,0,1,60
20,21,21:16:39,5,-1,1,AA7405,0,1,141
21,22,21:19:34,5,-1,-1,AA7405,0,1,83
0,1,21:43:15,5,-1,-1,AA7405,0,1,155
1,2,21:44:56,5,-1,1,AA7405,0,1,40
2,3,21:47:18,5,-1,2,AA7405,0,1,90
3,4,21:49:49,5,-1,1,AA7405,0,1,101
4,7,22:02:58,5,-1,1,AA7405,2,1,744
7,8,22:04:59,5,-1,1,AA7405,0,1,111
8,10,22:08:06,5,-1,1,AA7405,1,1,142
10,11,22:10:58,5,-1,1,AA7405,0,1,80
11,12,22:11:59,5,-1,1,AA7405,0,1,30
12,13,22:14:44,5,-1,1,AA7405,0,1,124
13,14,22:16:15,5,-1,1,AA7405,0,1,40
14,15,22:19:27,5,-1,-1,AA7405,0,1,50
15,16,22:22:08,5,-1,1,AA7405,0,1,111
16,17,22:29:35,5,-1,1,AA7405,0,1,416
17,18,22:31:16,5,-1,1,AA7405,0,1,90
18,19,22:37:20,5,-1,2,AA7405,0,1,343
19,20,22:39:15,5,-1,1,AA7405,0,1,50
20,21,22:42:58,5,-1,1,AA7405,0,1,192
21,22,22:44:29,5,-1,-1,AA7405,0,1,80
0,1,22:57:47,5,-1,-1,AA7405,0,1,111
1,2,22:58:57,5,-1,1,AA7405,0,1,50
2,3,23:01:43,5,-1,2,AA7405,0,1,64
3,4,23:03:55,5,-1,1,AA7405,0,1,50
4,18,23:08:08,5,-1,1,AA7405,1,1,161
6,7,23:18:09,5,-1,1,AA7405,0,1,591
7,8,23:20:14,5,-1,2,AA7405,0,1,100
8,9,23:21:45,5,-1,1,AA7405,0,1,60
9,10,23:22:36,5,-1,1,AA7405,0,1,30
10,11,23:23:57,5,-1,1,AA7405,0,1,50
11,12,23:24:27,5,-1,1,AA7405,0,1,20
12,13,23:26:18,5,-1,1,AA7405,0,1,60
13,14,23:27:32,5,-1,1,AA7405,0,1,53
14,15,23:29:13,5,-1,-1,AA7405,0,1,40
15,16,23:31:24,5,-1,1,AA7405,0,1,80
16,17,23:39:09,5,-1,1,AA7405,0,1,434
17,18,23:41:02,5,-1,1,AA7405,0,1,102
18,19,23:46:06,5,-1,2,AA7405,0,1,293
19,20,23:47:37,5,-1,1,AA7405,0,1,50
20,21,23:50:29,5,-1,1,AA7405,0,1,161
21,22,23:52:20,5,-1,-1,AA7405,0,1,90
0,1,6:17:51,5,-1,-1,AA7480,0,2,41
1,2,6:19:05,5,-1,2,AA7480,0,2,53
2,3,6:21:37,5,-1,-1,AA7480,0,2,80
3,7,6:31:17,5,-1,1,AA7480,3,2,520
7,8,6:33:08,5,-1,1,AA7480,0,2,101
8,9,6:34:29,5,-1,1,AA7480,0,2,60
9,10,6:35:20,5,-1,1,AA7480,0,2,20
10,11,6:36:43,5,-1,1,AA7480,0,2,51
11,13,6:38:25,5,-1,1,AA7480,1,2,91
13,14,6:39:15,5,-1,1,AA7480,0,2,30
14,15,6:40:06,5,-1,-1,AA7480,0,2,30
15,16,6:42:17,5,-1,1,AA7480,0,2,121
16,17,6:48:53,5,-1,-1,AA7480,0,2,376
17,20,7:04:48,5,-1,1,AA7480,2,2,944
20,21,7:07:21,5,-1,1,AA7480,0,2,131
21,22,7:08:53,5,-1,-1,AA7480,0,2,81
0,1,7:26:19,5,-1,-1,AA7480,0,2,70
1,2,7:27:19,5,-1,2,AA7480,0,2,40
2,3,7:29:45,5,-1,2,AA7480,0,2,94
3,8,7:41:35,5,-1,2,AA7480,4,2,700
8,9,7:42:36,5,-1,1,AA7480,0,2,40
9,10,7:43:16,5,-1,1,AA7480,0,2,30
10,11,7:44:47,5,-1,1,AA7480,0,2,50
11,13,7:47:09,5,-1,1,AA7480,1,2,121
13,14,7:48:19,5,-1,1,AA7480,0,2,40
14,15,7:49:43,5,-1,-1,AA7480,0,2,73
15,16,7:52:05,5,-1,1,AA7480,0,2,121
20,21,8:17:09,5,-1,1,AA7480,0,2,50
21,22,8:18:33,5,-1,-1,AA7480,0,2,74
8,10,9:11:46,5,-1,1,AA7480,1,2,30
10,12,9:14:18,5,-1,1,AA7480,1,2,121
12,14,9:17:30,5,-1,1,AA7480,1,2,151
14,15,9:18:43,5,-1,-1,AA7480,0,2,32
15,16,9:21:04,5,-1,1,AA7480,0,2,111
20,21,9:54:37,5,-1,1,AA7480,0,2,91
21,22,9:57:09,5,-1,-1,AA7480,0,2,141
0,1,10:59:59,5,-1,-1,AA7480,0,2,80
1,2,11:02:24,5,-1,2,AA7480,0,2,70
2,3,11:04:45,5,-1,3,AA7480,0,2,50
3,4,11:08:18,5,-1,1,AA7480,0,2,91
4,8,11:19:35,5,-1,2,AA7480,3,2,656
8,9,11:21:17,5,-1,1,AA7480,0,2,61
9,10,11:21:57,5,-1,1,AA7480,0,2,30
10,11,11:23:38,5,-1,1,AA7480,0,2,60
11,12,11:24:49,5,-1,1,AA7480,0,2,40
12,13,11:26:10,5,-1,1,AA7480,0,2,60
13,14,11:27:02,5,-1,1,AA7480,0,2,30
14,15,11:28:44,5,-1,-1,AA7480,0,2,41
15,16,11:30:56,5,-1,1,AA7480,0,2,111
0,1,12:34:57,5,-1,-1,AA7480,0,2,101
2,3,12:37:39,5,-1,2,AA7480,0,2,101
3,9,12:52:57,5,-1,1,AA7480,5,1,907
9,10,12:53:37,5,-1,1,AA7480,0,1,30
10,12,12:57:34,5,-1,1,AA7480,1,1,196
12,13,12:59:26,5,-1,1,AA7480,0,1,91
13,14,13:00:47,5,-1,2,AA7480,0,1,40
14,15,13:02:18,5,-1,-1,AA7480,0,1,60
15,16,13:05:23,5,-1,1,AA7480,0,1,153
21,22,13:36:32,5,-1,-1,AA7480,0,1,83
0,1,14:05:24,5,-1,-1,AA7480,0,1,133
1,2,14:07:05,5,-1,2,AA7480,0,1,70
2,3,14:10:28,5,-1,3,AA7480,0,1,192
3,4,14:12:44,5,-1,1,AA7480,0,1,126
4,8,14:24:57,5,-1,-1,AA7480,3,1,702
8,9,14:26:08,5,-1,1,AA7480,0,1,50
9,10,14:26:48,5,-1,1,AA7480,0,1,20
10,11,14:28:30,5,-1,1,AA7480,0,1,60
11,12,14:29:20,5,-1,1,AA7480,0,1,40
12,13,14:31:23,5,-1,1,AA7480,0,1,91
13,14,14:32:35,5,-1,1,AA7480,0,1,50
20,21,15:09:54,5,-1,1,AA7480,0,1,134
21,22,15:13:28,5,-1,-1,AA7480,0,1,142
0,1,7:05:49,5,-1,-1,AA7489,0,2,30
1,2,7:07:51,5,-1,2,AA7489,0,2,70
2,3,7:09:33,5,-1,2,AA7489,0,2,40
3,7,7:19:40,5,-1,1,AA7489,3,2,525
7,8,7:21:55,5,-1,2,AA7489,0,2,124
8,9,7:23:37,5,-1,1,AA7489,0,2,60
9,10,7:24:48,5,-1,1,AA7489,0,2,40
10,11,7:26:39,5,-1,1,AA7489,0,2,80
11,12,7:27:39,5,-1,1,AA7489,0,2,20
12,13,7:29:13,5,-1,1,AA7489,0,2,53
13,14,7:30:25,5,-1,1,AA7489,0,2,40
14,15,7:31:56,5,-1,-1,AA7489,0,2,40
15,16,7:34:38,5,-1,1,AA7489,0,2,141
16,17,7:42:15,5,-1,1,AA7489,0,2,417
17,20,7:56:28,5,-1,1,AA7489,2,2,842
20,21,7:59:32,5,-1,1,AA7489,0,2,163
21,22,8:02:24,5,-1,-1,AA7489,0,2,161
0,1,8:26:18,5,-1,-1,AA7489,0,2,60
1,2,8:28:01,5,-1,2,AA7489,0,2,60
2,3,8:30:25,5,-1,2,AA7489,0,2,50
3,7,8:40:26,5,-1,1,AA7489,3,2,539
7,8,8:43:08,5,-1,2,AA7489,0,2,141
8,9,8:44:29,5,-1,1,AA7489,0,2,60
9,10,8:45:32,5,-1,1,AA7489,0,2,22
10,11,8:47:25,5,-1,1,AA7489,0,2,62
11,12,8:48:16,5,-1,1,AA7489,0,2,20
12,13,8:49:47,5,-1,1,AA7489,0,2,60
13,14,8:50:37,5,-1,1,AA7489,0,2,40
14,15,8:51:58,5,-1,-1,AA7489,0,2,40
15,16,8:54:00,5,-1,1,AA7489,0,2,101
16,17,9:02:08,5,-1,1,AA7489,0,2,446
20,21,9:40:03,5,-1,1,AA7489,0,2,195
21,22,9:42:14,5,-1,-1,AA7489,0,2,101
0,1,9:55:38,5,-1,-1,AA7489,0,2,60
1,2,9:58:31,5,-1,3,AA7489,0,2,153
2,3,10:01:55,5,-1,3,AA7489,0,2,143
3,7,10:15:59,5,-1,1,AA7489,3,2,813
7,8,10:17:53,5,-1,2,AA7489,0,2,104
8,9,10:19:45,5,-1,1,AA7489,0,2,101
9,10,10:20:55,5,-1,1,AA7489,0,2,60
10,11,10:23:27,5,-1,1,AA7489,0,2,101
11,12,10:23:58,5,-1,1,AA7489,0,2,20
12,13,10:25:18,5,-1,1,AA7489,0,2,50
13,14,10:26:19,5,-1,1,AA7489,0,2,30
14,15,10:28:04,5,-1,-1,AA7489,0,2,44
15,16,10:30:46,5,-1,1,AA7489,0,2,131
16,17,10:40:14,5,-1,-1,AA7489,0,2,527
20,21,11:04:45,5,-1,1,AA7489,0,2,121
21,22,11:06:47,5,-1,-1,AA7489,0,2,91
2,3,11:40:59,5,-1,2,AA7489,0,2,141
3,8,11:55:38,5,-1,2,AA7489,4,2,783
8,9,11:57:09,5,-1,1,AA7489,0,2,50
9,10,11:57:49,5,-1,1,AA7489,0,2,30
10,11,12:00:25,5,-1,1,AA7489,0,2,93
11,12,12:01:39,5,-1,1,AA7489,0,2,20
12,13,12:03:50,5,-1,1,AA7489,0,2,80
13,14,12:05:28,5,-1,2,AA7489,0,2,55
14,15,12:09:08,5,-1,-1,AA7489,0,2,52
15,16,12:11:26,5,-1,1,AA7489,0,2,116
16,17,12:18:48,5,-1,-1,AA7489,0,2,408
20,21,12:56:19,5,-1,1,AA7489,0,1,131
21,22,12:59:36,5,-1,-1,AA7489,0,1,91
0,1,14:29:42,5,-1,-1,AA7489,0,1,122
1,2,14:32:05,5,-1,2,AA7489,0,1,92
2,3,14:34:36,5,-1,2,AA7489,0,1,70
3,7,14:48:32,5,-1,2,AA7489,3,1,764
7,8,14:50:23,5,-1,2,AA7489,0,1,101
8,9,14:52:15,5,-1,1,AA7489,0,1,101
9,10,14:53:06,5,-1,1,AA7489,0,1,20
10,11,14:56:24,5,-1,1,AA7489,0,1,127
11,12,14:57:15,5,-1,2,AA7489,0,1,30
12,13,14:59:44,5,-1,3,AA7489,0,1,119
13,14,15:00:25,5,-1,1,AA7489,0,1,30
14,15,15:02:06,5,-1,-1,AA7489,0,1,30
15,16,15:04:48,5,-1,1,AA7489,0,1,101
16,17,15:13:18,5,-1,1,AA7489,0,1,469
20,21,15:42:19,5,-1,1,AA7489,0,1,121
21,22,15:44:40,5,-1,-1,AA7489,0,1,101
1,2,16:16:03,5,-1,2,AA7489,0,1,95
2,3,16:18:56,5,-1,3,AA7489,0,1,90
3,7,16:31:10,5,-1,1,AA7489,3,1,642
7,8,16:33:35,5,-1,2,AA7489,0,1,121
8,9,16:34:56,5,-1,1,AA7489,0,1,50
9,10,16:35:37,5,-1,1,AA7489,0,1,30
10,11,16:37:22,5,-1,1,AA7489,0,1,84
11,12,16:38:24,5,-1,1,AA7489,0,1,30
12,13,16:40:47,5,-1,1,AA7489,0,1,133
13,14,16:41:58,5,-1,1,AA7489,0,1,30
14,15,16:43:19,5,-1,-1,AA7489,0,1,30
15,16,16:45:25,5,-1,1,AA7489,0,1,96
16,17,16:53:04,5,-1,2,AA7489,0,1,418
20,21,17:27:04,5,-1,1,AA7489,0,1,264
21,22,17:30:34,5,-1,-1,AA7489,0,1,84
0,1,17:47:24,5,-1,-1,AA7489,0,1,919
1,2,17:48:46,5,-1,3,AA7489,0,1,61
2,3,17:50:37,5,-1,3,AA7489,0,1,90
3,4,17:56:04,5,-1,1,AA7489,0,1,266
4,7,18:08:58,5,-1,1,AA7489,2,1,753
7,8,18:10:49,5,-1,1,AA7489,0,1,80
8,9,18:12:03,5,-1,1,AA7489,0,1,53
9,10,18:12:44,5,-1,1,AA7489,0,1,30
10,11,18:16:47,5,-1,1,AA7489,0,1,182
11,12,18:17:47,5,-1,1,AA7489,0,1,30
12,13,18:20:25,5,-1,1,AA7489,0,1,147
13,14,18:22:16,5,-1,2,AA7489,0,1,101
14,15,18:24:48,5,-1,-1,AA7489,0,1,50
15,16,18:28:42,5,-1,1,AA7489,0,1,173
16,17,18:36:50,5,-1,1,AA7489,0,1,447
17,18,18:39:14,5,-1,1,AA7489,0,1,134
18,19,18:45:36,5,-1,3,AA7489,0,1,361
19,20,18:49:20,5,-1,1,AA7489,0,1,193
20,21,18:52:14,5,-1,2,AA7489,0,1,152
21,22,18:59:15,5,-1,-1,AA7489,0,1,369
0,1,19:19:16,5,-1,-1,AA7489,0,2,70
1,2,19:21:45,5,-1,2,AA7489,0,2,98
2,3,19:24:28,5,-1,2,AA7489,0,2,61
3,4,19:26:49,5,-1,1,AA7489,0,2,131
4,7,19:40:58,5,-1,1,AA7489,2,2,828
7,8,19:42:49,5,-1,1,AA7489,0,2,101
8,9,19:44:10,5,-1,1,AA7489,0,2,50
9,10,19:45:03,5,-1,1,AA7489,0,2,42
10,12,19:47:59,5,-1,1,AA7489,1,2,165
12,13,19:49:34,5,-1,1,AA7489,0,2,55
13,14,19:50:35,5,-1,1,AA7489,0,2,40
14,15,19:52:16,5,-1,-1,AA7489,0,2,30
15,16,19:54:17,5,-1,1,AA7489,0,2,90
16,17,20:02:06,5,-1,1,AA7489,0,2,418
17,18,20:04:03,5,-1,1,AA7489,0,2,106
18,19,20:09:47,5,-1,2,AA7489,0,2,304
19,20,20:13:09,5,-1,1,AA7489,0,2,141
20,21,20:15:43,5,-1,1,AA7489,0,2,143
21,22,20:18:59,5,-1,-1,AA7489,0,2,90
0,1,21:15:38,5,-1,-1,AA7489,0,1,70
1,2,21:18:10,5,-1,2,AA7489,0,1,101
2,3,21:19:44,5,-1,2,AA7489,0,1,50
3,4,21:21:29,5,-1,1,AA7489,0,1,54
4,7,21:35:46,5,-1,1,AA7489,2,1,827
7,8,21:37:58,5,-1,1,AA7489,0,1,121
8,9,21:39:29,5,-1,1,AA7489,0,1,60
9,10,21:40:39,5,-1,1,AA7489,0,1,40
10,11,21:43:25,5,-1,1,AA7489,0,1,145
11,12,21:44:46,5,-1,1,AA7489,0,1,30
12,13,21:46:17,5,-1,1,AA7489,0,1,70
13,14,21:47:38,5,-1,1,AA7489,0,1,50
14,15,21:49:29,5,-1,-1,AA7489,0,1,30
15,16,21:51:55,5,-1,1,AA7489,0,1,115
16,18,22:01:37,5,-1,1,AA7489,1,1,531
18,19,22:07:36,5,-1,2,AA7489,0,1,338
19,20,22:10:48,5,-1,1,AA7489,0,1,131
20,21,22:14:03,5,-1,1,AA7489,0,1,154
21,22,22:17:26,5,-1,-1,AA7489,0,1,91
0,1,22:32:57,5,-1,-1,AA7489,0,1,840
1,2,22:34:18,5,-1,2,AA7489,0,1,40
2,3,22:36:39,5,-1,2,AA7489,0,1,50
3,4,22:38:45,5,-1,1,AA7489,0,1,70
4,18,22:42:58,5,-1,1,AA7489,1,1,151
6,8,22:53:54,5,-1,-1,AA7489,1,1,646
8,9,22:55:25,5,-1,1,AA7489,0,1,50
9,10,22:55:55,5,-1,1,AA7489,0,1,20
10,11,22:57:36,5,-1,1,AA7489,0,1,70
11,12,22:58:17,5,-1,1,AA7489,0,1,30
12,13,22:59:58,5,-1,1,AA7489,0,1,80
13,14,23:01:10,5,-1,1,AA7489,0,1,31
14,15,23:03:55,5,-1,-1,AA7489,0,1,122
15,16,23:06:57,5,-1,1,AA7489,0,1,131
16,17,23:14:46,5,-1,1,AA7489,0,1,439
17,18,23:16:38,5,-1,1,AA7489,0,1,100
18,19,23:21:35,5,-1,2,AA7489,0,1,277
19,20,23:24:17,5,-1,1,AA7489,0,1,111
20,21,23:26:28,5,-1,1,AA7489,0,1,101
21,22,23:29:23,5,-1,-1,AA7489,0,1,90
0,1,15:39:47,5,-1,-1,AA7552,0,1,40
1,2,15:42:08,5,-1,3,AA7552,0,1,60
2,3,15:45:34,5,-1,2,AA7552,0,1,124
3,7,15:56:26,5,-1,2,AA7552,3,1,601
7,8,15:57:57,5,-1,2,AA7552,0,1,70
8,9,15:59:28,5,-1,1,AA7552,0,1,60
9,10,16:00:19,5,-1,1,AA7552,0,1,30
10,11,16:02:54,5,-1,1,AA7552,0,1,145
11,12,16:03:55,5,-1,2,AA7552,0,1,30
12,13,16:05:36,5,-1,2,AA7552,0,1,70
13,14,16:06:57,5,-1,2,AA7552,0,1,40
14,15,16:10:05,5,-1,-1,AA7552,0,1,40
15,16,16:12:16,5,-1,1,AA7552,0,1,90
16,17,16:19:26,5,-1,2,AA7552,0,1,389
20,21,16:45:56,5,-1,1,AA7552,0,1,126
21,22,16:47:48,5,-1,-1,AA7552,0,1,82
0,1,17:21:08,5,-1,-1,AA7552,0,1,101
1,2,17:23:20,5,-1,3,AA7552,0,1,121
2,3,17:24:30,5,-1,2,AA7552,0,1,30
3,7,17:37:05,5,-1,1,AA7552,3,1,641
7,8,17:39:47,5,-1,1,AA7552,0,1,141
8,9,17:42:39,5,-1,1,AA7552,0,1,151
9,10,17:43:30,5,-1,1,AA7552,0,1,20
10,11,17:46:54,5,-1,1,AA7552,0,1,184
11,12,17:48:05,5,-1,1,AA7552,0,1,20
12,13,17:49:37,5,-1,1,AA7552,0,1,60
13,14,17:50:47,5,-1,1,AA7552,0,1,40
14,15,17:53:09,5,-1,-1,AA7552,0,1,40
15,16,17:55:34,5,-1,1,AA7552,0,1,104
16,18,18:05:55,5,-1,1,AA7552,1,1,560
18,19,18:12:23,5,-1,2,AA7552,0,1,368
19,20,18:15:46,5,-1,2,AA7552,0,1,70
20,21,18:20:55,5,-1,1,AA7552,0,1,299
21,22,18:22:47,5,-1,-1,AA7552,0,1,101
0,1,18:45:56,5,-1,-1,AA7552,0,1,30
1,2,18:47:17,5,-1,3,AA7552,0,1,30
2,3,18:50:22,5,-1,2,AA7552,0,1,83
3,4,18:53:05,5,-1,1,AA7552,0,1,112
4,18,18:56:21,5,-1,1,AA7552,1,1,155
6,7,19:05:04,5,-1,1,AA7552,0,1,511
7,8,19:06:45,5,-1,2,AA7552,0,1,90
8,9,19:08:05,5,-1,1,AA7552,0,1,60
9,11,19:16:44,5,-1,1,AA7552,1,1,508
11,12,19:17:55,5,-1,2,AA7552,0,2,30
12,13,19:19:56,5,-1,2,AA7552,0,2,80
13,14,19:22:15,5,-1,1,AA7552,0,2,101
14,15,19:26:19,5,-1,-1,AA7552,0,2,40
15,16,19:28:43,5,-1,1,AA7552,0,2,123
16,17,19:36:15,5,-1,1,AA7552,0,2,411
17,18,19:37:36,5,-1,1,AA7552,0,2,70
18,19,19:43:09,5,-1,2,AA7552,0,2,303
19,20,19:45:47,5,-1,1,AA7552,0,2,74
20,21,19:49:20,5,-1,1,AA7552,0,2,182
21,22,19:53:06,5,-1,-1,AA7552,0,2,191
0,1,20:48:10,5,-1,-1,AA7552,0,2,30
1,2,20:50:16,5,-1,2,AA7552,0,1,93
2,3,20:52:07,5,-1,2,AA7552,0,1,70
3,4,20:53:18,5,-1,1,AA7552,0,1,30
4,7,21:06:24,5,-1,1,AA7552,2,1,695
7,8,21:07:53,5,-1,1,AA7552,0,1,78
8,9,21:08:54,5,-1,1,AA7552,0,1,31
9,10,21:10:15,5,-1,-1,AA7552,0,1,40
10,11,21:13:27,5,-1,-1,AA7552,0,1,80
11,12,21:14:48,5,-1,-1,AA7552,0,1,30
12,13,21:16:19,5,-1,1,AA7552,0,1,70
13,14,21:17:19,5,-1,1,AA7552,0,1,50
14,15,21:20:24,5,-1,-1,AA7552,0,1,40
15,16,21:23:32,5,-1,1,AA7552,0,1,92
16,17,21:30:59,5,-1,1,AA7552,0,1,395
17,18,21:32:23,5,-1,1,AA7552,0,1,60
18,19,21:37:58,5,-1,2,AA7552,0,1,293
19,20,21:41:10,5,-1,1,AA7552,0,1,80
20,21,21:42:35,5,-1,1,AA7552,0,1,75
21,22,21:44:16,5,-1,-1,AA7552,0,1,90
0,1,22:07:05,5,-1,-1,AA7552,0,1,60
1,2,22:08:57,5,-1,2,AA7552,0,1,60
2,3,22:11:39,5,-1,1,AA7552,0,1,80
3,4,22:13:53,5,-1,1,AA7552,0,1,53
4,18,22:17:56,5,-1,1,AA7552,1,1,151
6,7,22:27:02,5,-1,1,AA7552,0,1,536
7,8,22:29:15,5,-1,1,AA7552,0,1,122
8,9,22:30:36,5,-1,1,AA7552,0,1,60
9,10,22:31:16,5,-1,1,AA7552,0,1,30
10,11,22:33:17,5,-1,1,AA7552,0,1,111
11,12,22:34:18,5,-1,1,AA7552,0,1,30
12,13,22:35:59,5,-1,1,AA7552,0,1,70
13,14,22:37:34,5,-1,1,AA7552,0,1,44
14,15,22:39:25,5,-1,-1,AA7552,0,1,30
15,16,22:42:07,5,-1,1,AA7552,0,1,131
16,17,22:49:08,5,-1,1,AA7552,0,1,390
17,18,22:51:09,5,-1,-1,AA7552,0,1,111
18,19,22:56:56,5,-1,2,AA7552,0,1,327
19,20,22:59:07,5,-1,1,AA7552,0,1,40
20,21,23:01:00,5,-1,1,AA7552,0,1,81
21,22,23:02:55,5,-1,-1,AA7552,0,1,71
0,1,23:21:25,5,-1,-1,AA7552,0,1,50
1,2,23:23:06,5,-1,2,AA7552,0,1,60
2,3,23:24:47,5,-1,2,AA7552,0,1,40
3,4,23:27:10,5,-1,1,AA7552,0,1,102
4,18,23:30:13,5,-1,1,AA7552,1,1,141
6,7,23:38:39,5,-1,1,AA7552,0,1,495
7,8,23:40:09,5,-1,1,AA7552,0,1,60
8,9,23:41:12,5,-1,1,AA7552,0,1,40
9,10,23:41:54,5,-1,1,AA7552,0,1,20
10,11,23:44:15,5,-1,1,AA7552,0,1,121
11,12,23:45:05,5,-1,1,AA7552,0,1,20
12,13,23:46:16,5,-1,1,AA7552,0,1,60
13,14,23:47:07,5,-1,1,AA7552,0,1,40
14,15,23:48:38,5,-1,-1,AA7552,0,1,30
15,16,23:50:49,5,-1,1,AA7552,0,1,100
16,17,23:57:46,5,-1,1,AA7552,0,1,387
17,18,23:59:27,5,-1,1,AA7552,0,1,90
0,1,15:17:14,5,-1,-1,AC3978,0,1,40
1,2,15:19:15,5,-1,3,AC3978,0,1,71
2,3,15:22:17,5,-1,3,AC3978,0,1,50
3,7,15:32:48,5,-1,1,AC3978,3,1,590
7,8,15:34:39,5,-1,2,AC3978,0,1,101
8,9,15:36:14,5,-1,1,AC3978,0,1,40
9,10,15:37:25,5,-1,1,AC3978,0,1,30
10,11,15:39:07,5,-1,1,AC3978,0,1,60
11,12,15:40:07,5,-1,2,AC3978,0,1,20
12,13,15:41:28,5,-1,2,AC3978,0,1,70
13,14,15:42:59,5,-1,2,AC3978,0,1,70
14,15,15:47:15,5,-1,-1,AC3978,0,1,40
15,16,15:50:07,5,-1,1,AC3978,0,1,141
16,17,15:57:47,5,-1,2,AC3978,0,1,428
20,21,16:30:30,5,-1,1,AC3978,0,1,71
21,22,16:32:55,5,-1,-1,AC3978,0,1,80
0,1,17:00:39,5,-1,-1,AC3978,0,1,182
1,2,17:01:50,5,-1,2,AC3978,0,1,30
2,3,17:04:55,5,-1,2,AC3978,0,1,175
3,7,17:17:36,5,-1,1,AC3978,3,1,629
7,8,17:19:58,5,-1,2,AC3978,0,1,131
8,9,17:21:29,5,-1,1,AC3978,0,1,70
9,10,17:22:19,5,-1,1,AC3978,0,1,30
10,11,17:24:51,5,-1,1,AC3978,0,1,111
11,12,17:26:24,5,-1,1,AC3978,0,1,20
12,13,17:28:39,5,-1,1,AC3978,0,1,85
13,14,17:29:53,5,-1,1,AC3978,0,1,42
14,15,17:31:35,5,-1,-1,AC3978,0,1,30
15,16,17:33:41,5,-1,1,AC3978,0,1,106
16,17,17:41:48,5,-1,1,AC3978,0,1,446
17,18,17:43:50,5,-1,1,AC3978,0,1,101
18,19,17:51:28,5,-1,2,AC3978,0,1,437
19,20,17:55:34,5,-1,2,AC3978,0,1,104
20,21,17:58:37,5,-1,1,AC3978,0,1,172
21,22,18:01:29,5,-1,-1,AC3978,0,1,101
1,2,18:27:09,5,-1,3,AC3978,0,1,70
2,3,18:29:53,5,-1,3,AC3978,0,1,92
3,4,18:32:14,5,-1,1,AC3978,0,1,90
4,5,18:36:09,5,-1,1,AC3978,0,1,141
6,7,18:46:27,5,-1,2,AC3978,0,1,587
7,8,18:48:38,5,-1,2,AC3978,0,1,121
8,9,18:50:02,5,-1,1,AC3978,0,1,53
9,10,18:50:53,5,-1,1,AC3978,0,1,30
10,11,18:53:15,5,-1,1,AC3978,0,1,101
11,12,18:54:06,5,-1,3,AC3978,0,1,20
12,13,18:56:42,5,-1,2,AC3978,0,1,126
13,14,18:58:04,5,-1,2,AC3978,0,1,41
14,15,18:59:45,5,-1,-1,AC3978,0,1,30
15,16,19:01:47,5,-1,1,AC3978,0,1,70
16,18,19:10:57,5,-1,1,AC3978,1,1,510
18,19,19:17:15,5,-1,2,AC3978,0,1,367
19,20,19:21:35,5,-1,1,AC3978,0,2,88
20,21,19:25:29,5,-1,1,AC3978,0,2,213
21,22,19:28:13,5,-1,-1,AC3978,0,2,113
0,1,19:58:20,5,-1,-1,AC3978,0,2,90
1,2,20:00:45,5,-1,1,AC3978,0,2,70
2,3,20:02:57,5,-1,2,AC3978,0,2,80
3,4,20:03:52,5,-1,1,AC3978,0,2,20
4,7,20:17:38,5,-1,1,AC3978,2,2,765
7,8,20:19:09,5,-1,1,AC3978,0,2,80
8,9,20:20:34,5,-1,1,AC3978,0,2,54
9,10,20:21:14,5,-1,1,AC3978,0,2,30
10,11,20:24:57,5,-1,1,AC3978,0,2,182
11,12,20:25:48,5,-1,1,AC3978,0,2,30
12,13,20:28:33,5,-1,1,AC3978,0,2,125
13,14,20:29:54,5,-1,1,AC3978,0,2,40
14,15,20:31:45,5,-1,-1,AC3978,0,2,30
15,16,20:33:47,5,-1,1,AC3978,0,2,101
16,17,20:40:55,5,-1,1,AC3978,0,2,408
17,18,20:42:16,5,-1,1,AC3978,0,2,70
18,19,20:47:29,5,-1,2,AC3978,0,2,282
19,20,20:49:46,5,-1,1,AC3978,0,1,63
20,22,20:53:08,5,-1,-1,AC3978,1,1,181
11,12,0:00:48,6,-1,1,AA6482,0,1,30
12,13,0:01:59,6,-1,1,AA6482,0,1,60
13,14,0:02:39,6,-1,1,AA6482,0,1,30
14,15,0:04:20,6,-1,-1,AA6482,0,1,70
15,16,0:06:24,6,-1,1,AA6482,0,1,101
16,18,0:15:09,6,-1,1,AA6482,1,1,484
18,19,0:20:18,6,-1,2,AA6482,0,1,289
19,20,0:22:30,6,-1,1,AA6482,0,1,70
20,21,0:25:06,6,-1,1,AA6482,0,1,105
21,22,0:26:57,6,-1,-1,AA6482,0,1,80
0,1,0:49:45,6,-1,-1,AA6482,0,2,20
1,2,0:51:26,6,-1,2,AA6482,0,2,30
2,3,0:53:07,6,-1,1,AA6482,0,2,40
3,4,0:55:19,6,-1,1,AA6482,0,2,80
4,18,0:58:10,6,-1,1,AA6482,1,2,161
6,8,1:08:29,6,-1,1,AA6482,1,2,608
8,9,1:09:20,6,-1,1,AA6482,0,2,30
9,10,1:09:52,6,-1,1,AA6482,0,2,20
10,11,1:11:23,6,-1,1,AA6482,0,2,60
11,12,1:12:44,6,-1,1,AA6482,0,2,30
12,13,1:13:55,6,-1,1,AA6482,0,2,50
13,14,1:14:56,6,-1,1,AA6482,0,2,30
14,15,1:16:17,6,-1,-1,AA6482,0,2,30
15,16,1:17:58,6,-1,1,AA6482,0,2,80
16,17,1:25:04,6,-1,1,AA6482,0,2,395
17,18,1:26:24,6,-1,1,AA6482,0,2,70
18,19,1:30:57,6,-1,2,AA6482,0,2,242
19,21,1:34:39,6,-1,1,AA6482,1,2,181
21,22,1:36:12,6,-1,-1,AA6482,0,2,82
0,1,6:44:07,6,-1,-1,AA6507,0,2,40
1,2,6:46:29,6,-1,1,AA6507,0,2,70
2,3,6:48:04,6,-1,2,AA6507,0,2,30
3,7,6:58:00,6,-1,1,AA6507,3,2,545
7,8,7:00:23,6,-1,-1,AA6507,0,2,111
8,9,7:01:24,6,-1,1,AA6507,0,2,40
9,10,7:02:25,6,-1,1,AA6507,0,2,30
10,11,7:04:37,6,-1,1,AA6507,0,2,111
11,12,7:05:27,6,-1,1,AA6507,0,2,30
12,13,7:06:48,6,-1,1,AA6507,0,2,60
13,14,7:07:38,6,-1,1,AA6507,0,2,20
14,15,7:09:20,6,-1,-1,AA6507,0,2,40
15,16,7:11:22,6,-1,1,AA6507,0,2,82
16,17,7:18:57,6,-1,1,AA6507,0,2,403
17,20,7:32:20,6,-1,1,AA6507,2,2,792
20,21,7:34:54,6,-1,1,AA6507,0,2,141
21,22,7:37:46,6,-1,-1,AA6507,0,2,90
0,1,7:58:56,6,-1,-1,AA6507,0,2,40
1,2,8:00:57,6,-1,1,AA6507,0,2,100
2,3,8:02:38,6,-1,2,AA6507,0,2,50
3,7,8:13:19,6,-1,1,AA6507,3,2,610
7,8,8:15:35,6,-1,-1,AA6507,0,2,125
8,9,8:16:45,6,-1,1,AA6507,0,2,40
9,10,8:17:46,6,-1,1,AA6507,0,2,30
10,11,8:19:17,6,-1,1,AA6507,0,2,60
11,12,8:20:07,6,-1,1,AA6507,0,2,20
12,13,8:21:28,6,-1,1,AA6507,0,2,50
13,14,8:22:08,6,-1,1,AA6507,0,2,30
14,15,8:23:29,6,-1,-1,AA6507,0,2,50
15,16,8:25:43,6,-1,1,AA6507,0,2,92
20,21,8:49:44,6,-1,1,AA6507,0,2,104
21,22,8:51:56,6,-1,-1,AA6507,0,2,91
0,1,9:18:08,6,-1,-1,AA6507,0,2,40
1,3,9:22:45,6,-1,2,AA6507,1,2,226
3,7,9:34:27,6,-1,1,AA6507,3,2,630
7,8,9:36:38,6,-1,-1,AA6507,0,2,121
8,9,9:38:09,6,-1,1,AA6507,0,2,60
9,10,9:38:39,6,-1,1,AA6507,0,2,20
10,11,9:40:10,6,-1,1,AA6507,0,2,50
11,12,9:40:52,6,-1,1,AA6507,0,2,20
12,13,9:42:03,6,-1,1,AA6507,0,2,41
13,14,9:43:44,6,-1,1,AA6507,0,2,40
14,15,9:45:05,6,-1,-1,AA6507,0,2,30
15,16,9:46:36,6,-1,1,AA6507,0,2,60
16,17,9:54:02,6,-1,1,AA6507,0,2,405
17,20,10:08:07,6,-1,1,AA6507,2,2,834
20,21,10:09:38,6,-1,1,AA6507,0,2,80
21,22,10:11:29,6,-1,-1,AA6507,0,2,90
1,2,11:12:05,6,-1,1,AA6507,0,2,141
2,3,11:13:36,6,-1,2,AA6507,0,2,40
3,7,11:25:37,6,-1,1,AA6507,3,2,590
7,8,11:27:38,6,-1,-1,AA6507,0,2,111
8,9,11:29:29,6,-1,1,AA6507,0,2,91
9,10,11:30:20,6,-1,1,AA6507,0,2,30
10,11,11:33:34,6,-1,1,AA6507,0,2,172
11,12,11:34:35,6,-1,1,AA6507,0,2,30
12,13,11:36:17,6,-1,1,AA6507,0,2,70
13,14,11:37:17,6,-1,1,AA6507,0,2,30
14,15,11:38:48,6,-1,-1,AA6507,0,2,40
15,16,11:41:30,6,-1,1,AA6507,0,2,90
16,17,11:49:28,6,-1,1,AA6507,0,2,437
17,20,12:07:26,6,-1,1,AA6507,2,2,1067
20,21,12:10:58,6,-1,1,AA6507,0,2,202
21,22,12:13:43,6,-1,-1,AA6507,0,2,134
0,1,12:35:09,6,-1,-1,AA6507,0,2,30
1,2,12:37:43,6,-1,1,AA6507,0,2,94
2,3,12:39:24,6,-1,2,AA6507,0,2,40
3,7,12:49:24,6,-1,1,AA6507,3,2,497
7,8,12:51:26,6,-1,-1,AA6507,0,2,111
8,9,12:52:36,6,-1,1,AA6507,0,2,40
9,10,12:53:37,6,-1,1,AA6507,0,2,30
10,11,12:55:48,6,-1,1,AA6507,0,2,90
11,12,12:56:39,6,-1,1,AA6507,0,2,20
12,13,12:59:00,6,-1,1,AA6507,0,2,111
13,14,13:00:33,6,-1,1,AA6507,0,2,50
14,15,13:02:25,6,-1,-1,AA6507,0,2,70
15,16,13:04:56,6,-1,1,AA6507,0,2,60
16,17,13:12:48,6,-1,1,AA6507,0,2,435
20,21,13:39:54,6,-1,1,AA6507,0,2,214
21,22,13:42:16,6,-1,-1,AA6507,0,2,101
0,1,14:04:08,6,-1,-1,AA6507,0,2,20
1,2,14:06:09,6,-1,1,AA6507,0,2,60
2,3,14:08:28,6,-1,2,AA6507,0,2,55
3,7,14:20:08,6,-1,1,AA6507,3,2,628
7,8,14:22:59,6,-1,-1,AA6507,0,2,141
8,9,14:24:20,6,-1,1,AA6507,0,2,60
9,10,14:24:54,6,-1,1,AA6507,0,2,20
10,11,14:27:18,6,-1,1,AA6507,0,2,123
11,12,14:28:09,6,-1,1,AA6507,0,2,30
12,13,14:29:31,6,-1,1,AA6507,0,2,62
13,14,14:30:42,6,-1,1,AA6507,0,2,40
14,15,14:31:53,6,-1,-1,AA6507,0,2,41
15,16,14:34:05,6,-1,1,AA6507,0,2,101
16,17,14:41:13,6,-1,1,AA6507,0,2,418
21,22,15:11:27,6,-1,-1,AA6507,0,2,101
0,1,15:42:10,6,-1,-1,AA6507,0,2,90
1,2,15:44:03,6,-1,1,AA6507,0,2,62
2,3,15:46:36,6,-1,2,AA6507,0,2,80
3,7,15:57:55,6,-1,1,AA6507,3,2,608
7,8,16:00:07,6,-1,-1,AA6507,0,2,121
8,9,16:01:38,6,-1,1,AA6507,0,2,50
9,10,16:02:28,6,-1,1,AA6507,0,2,30
10,11,16:06:35,6,-1,1,AA6507,0,2,226
11,12,16:07:15,6,-1,1,AA6507,0,2,20
12,13,16:08:56,6,-1,1,AA6507,0,2,60
13,14,16:10:07,6,-1,1,AA6507,0,2,40
14,15,16:12:49,6,-1,-1,AA6507,0,2,50
15,16,16:15:42,6,-1,1,AA6507,0,2,123
16,17,16:24:00,6,-1,1,AA6507,0,1,436
17,20,16:45:02,6,-1,1,AA6507,2,1,1251
21,22,16:51:49,6,-1,-1,AA6507,0,1,151
0,1,17:06:55,6,-1,-1,AA6507,0,1,30
1,2,17:09:06,6,-1,1,AA6507,0,1,40
2,3,17:12:18,6,-1,2,AA6507,0,1,131
3,7,17:22:47,6,-1,1,AA6507,3,1,578
7,8,17:25:49,6,-1,-1,AA6507,0,1,131
8,9,17:27:34,6,-1,1,AA6507,0,1,84
9,10,17:28:15,6,-1,1,AA6507,0,1,30
10,11,17:30:56,6,-1,1,AA6507,0,1,141
11,12,17:31:57,6,-1,1,AA6507,0,1,20
12,13,17:33:38,6,-1,1,AA6507,0,1,60
13,14,17:34:39,6,-1,1,AA6507,0,1,40
14,15,17:36:53,6,-1,-1,AA6507,0,1,33
15,16,17:39:46,6,-1,1,AA6507,0,1,142
16,17,17:48:15,6,-1,1,AA6507,0,1,448
17,18,17:50:17,6,-1,1,AA6507,0,1,111
18,19,17:56:21,6,-1,2,AA6507,0,1,333
19,20,17:59:20,6,-1,1,AA6507,0,1,90
20,21,18:02:16,6,-1,1,AA6507,0,1,161
21,22,18:04:37,6,-1,-1,AA6507,0,1,121
0,1,18:31:41,6,-1,-1,AA6507,0,1,30
1,2,18:33:54,6,-1,1,AA6507,0,1,71
2,3,18:36:47,6,-1,2,AA6507,0,1,81
3,4,18:38:58,6,-1,1,AA6507,0,1,30
4,5,18:42:15,6,-1,1,AA6507,0,1,156
5,6,18:43:47,6,-1,1,AA6507,0,1,20
6,7,19:01:15,6,-1,1,AA6507,0,1,1028
7,8,19:03:57,6,-1,-1,AA6507,0,1,111
8,9,19:05:38,6,-1,1,AA6507,0,1,70
9,10,19:06:40,6,-1,1,AA6507,0,1,41
10,11,19:11:28,6,-1,1,AA6507,0,1,277
11,12,19:12:49,6,-1,1,AA6507,0,1,30
12,13,19:14:42,6,-1,1,AA6507,0,1,82
13,14,19:16:13,6,-1,2,AA6507,0,1,50
14,15,19:18:56,6,-1,-1,AA6507,0,1,40
15,16,19:22:48,6,-1,1,AA6507,0,1,131
16,17,19:30:46,6,-1,3,AA6507,0,1,407
17,18,19:32:07,6,-1,2,AA6507,0,1,30
18,19,19:44:38,6,-1,2,AA6507,0,1,720
19,20,19:47:34,6,-1,1,AA6507,0,1,94
20,21,19:50:35,6,-1,1,AA6507,0,1,161
21,22,19:52:57,6,-1,-1,AA6507,0,1,90
0,1,20:01:57,6,-1,-1,AA6507,0,1,102
1,2,20:03:18,6,-1,1,AA6507,0,1,30
2,3,20:06:20,6,-1,1,AA6507,0,1,111
3,4,20:08:54,6,-1,1,AA6507,0,1,62
4,5,20:13:17,6,-1,1,AA6507,0,1,151
5,6,20:14:28,6,-1,1,AA6507,0,1,10
6,7,20:23:37,6,-1,1,AA6507,0,1,528
7,8,20:25:58,6,-1,2,AA6507,0,1,90
8,9,20:27:39,6,-1,1,AA6507,0,1,80
9,10,20:28:20,6,-1,1,AA6507,0,1,30
10,11,20:30:56,6,-1,1,AA6507,0,1,141
11,12,20:31:36,6,-1,1,AA6507,0,1,30
12,13,20:32:47,6,-1,1,AA6507,0,1,60
13,14,20:34:28,6,-1,1,AA6507,0,1,40
14,15,20:36:39,6,-1,-1,AA6507,0,1,40
15,16,20:38:51,6,-1,1,AA6507,0,1,101
16,17,20:45:57,6,-1,1,AA6507,0,1,383
17,18,20:47:18,6,-1,1,AA6507,0,1,50
18,19,20:52:35,6,-1,2,AA6507,0,1,306
19,20,20:55:27,6,-1,1,AA6507,0,1,101
20,21,20:58:49,6,-1,1,AA6507,0,1,171
21,22,21:01:43,6,-1,-1,AA6507,0,1,123
0,1,21:49:08,6,-1,-1,AA6507,0,1,70
1,2,21:50:59,6,-1,2,AA6507,0,1,60
2,3,21:53:14,6,-1,2,AA6507,0,1,94
3,4,21:55:15,6,-1,1,AA6507,0,1,80
4,5,21:58:37,6,-1,1,AA6507,0,1,151
5,6,22:00:08,6,-1,1,AA6507,0,1,10
6,7,22:09:38,6,-1,1,AA6507,0,1,549
7,8,22:11:59,6,-1,1,AA6507,0,1,131
8,9,22:14:05,6,-1,1,AA6507,0,1,90
9,10,22:14:55,6,-1,1,AA6507,0,1,30
10,11,22:18:48,6,-1,1,AA6507,0,1,80
11,12,22:19:48,6,-1,1,AA6507,0,1,40
12,13,22:21:19,6,-1,1,AA6507,0,1,60
13,14,22:22:42,6,-1,1,AA6507,0,1,32
14,15,22:24:45,6,-1,-1,AA6507,0,1,40
15,16,22:26:57,6,-1,1,AA6507,0,1,101
16,17,22:34:06,6,-1,1,AA6507,0,1,378
17,18,22:35:17,6,-1,1,AA6507,0,1,30
18,19,22:40:21,6,-1,-1,AA6507,0,1,273
19,20,22:42:35,6,-1,-1,AA6507,0,1,60
20,21,22:45:27,6,-1,1,AA6507,0,1,131
21,22,22:47:38,6,-1,-1,AA6507,0,1,101
0,1,23:02:10,6,-1,-1,AA6507,0,1,80
1,2,23:03:55,6,-1,2,AA6507,0,1,60
2,3,23:06:17,6,-1,2,AA6507,0,1,131
3,4,23:08:49,6,-1,1,AA6507,0,1,101
4,5,23:11:25,6,-1,1,AA6507,0,1,126
5,6,23:12:56,6,-1,1,AA6507,0,1,20
6,7,23:22:36,6,-1,1,AA6507,0,1,559
7,8,23:24:58,6,-1,1,AA6507,0,1,111
8,9,23:26:19,6,-1,1,AA6507,0,1,60
9,10,23:27:29,6,-1,1,AA6507,0,1,20
10,11,23:29:22,6,-1,1,AA6507,0,1,72
11,13,23:31:16,6,-1,1,AA6507,1,1,90
13,14,23:32:26,6,-1,1,AA6507,0,1,30
14,15,23:33:57,6,-1,-1,AA6507,0,1,30
15,16,23:35:38,6,-1,1,AA6507,0,1,70
16,17,23:42:37,6,-1,1,AA6507,0,1,367
17,18,23:43:27,6,-1,1,AA6507,0,1,10
18,19,23:48:24,6,-1,2,AA6507,0,1,276
19,20,23:50:55,6,-1,1,AA6507,0,1,101
20,21,23:52:36,6,-1,1,AA6507,0,1,90
21,22,23:54:58,6,-1,-1,AA6507,0,1,80
4,7,0:11:06,6,-1,2,AA6835,2,1,699
7,8,0:12:27,6,-1,2,AA6835,0,1,70
8,9,0:13:58,6,-1,1,AA6835,0,1,40
9,10,0:14:49,6,-1,1,AA6835,0,1,20
10,11,0:17:14,6,-1,1,AA6835,0,1,54
11,12,0:18:05,6,-1,1,AA6835,0,1,20
12,13,0:19:28,6,-1,1,AA6835,0,1,50
13,14,0:20:08,6,-1,1,AA6835,0,1,30
14,15,0:22:20,6,-1,-1,AA6835,0,1,80
15,16,0:24:26,6,-1,1,AA6835,0,1,105
16,17,0:31:42,6,-1,1,AA6835,0,1,406
17,18,0:33:03,6,-1,1,AA6835,0,1,70
18,19,0:38:06,6,-1,2,AA6835,0,1,282
19,20,0:40:48,6,-1,1,AA6835,0,1,111
20,21,0:42:39,6,-1,1,AA6835,0,1,100
21,22,0:44:10,6,-1,-1,AA6835,0,1,80
0,1,1:05:58,6,-1,-1,AA6835,0,2,20
1,2,1:08:09,6,-1,2,AA6835,0,2,50
2,3,1:09:42,6,-1,2,AA6835,0,2,32
3,4,1:12:03,6,-1,1,AA6835,0,2,101
4,18,1:15:06,6,-1,1,AA6835,1,2,151
6,7,1:24:13,6,-1,1,AA6835,0,2,537
7,8,1:25:44,6,-1,-1,AA6835,0,2,80
8,9,1:26:24,6,-1,1,AA6835,0,2,20
9,10,1:27:15,6,-1,1,AA6835,0,2,30
10,11,1:28:46,6,-1,1,AA6835,0,2,80
11,12,1:29:46,6,-1,1,AA6835,0,2,30
12,13,1:30:57,6,-1,1,AA6835,0,2,50
13,14,1:31:38,6,-1,1,AA6835,0,2,30
14,15,1:32:58,6,-1,-1,AA6835,0,2,30
15,16,1:34:39,6,-1,1,AA6835,0,2,80
16,17,1:41:26,6,-1,-1,AA6835,0,2,386
17,18,1:42:47,6,-1,-1,AA6835,0,2,70
18,19,1:47:04,6,-1,1,AA6835,0,2,246
19,21,1:50:36,6,-1,1,AA6835,1,2,151
21,22,1:52:17,6,-1,-1,AA6835,0,2,90
0,1,6:26:30,6,-1,-1,AA6835,0,2,30
1,2,6:28:04,6,-1,1,AA6835,0,2,20
2,3,6:29:55,6,-1,2,AA6835,0,2,30
3,7,6:39:54,6,-1,1,AA6835,3,2,548
7,8,6:42:15,6,-1,-1,AA6835,0,2,111
8,9,6:43:27,6,-1,1,AA6835,0,2,41
9,10,6:44:07,6,-1,1,AA6835,0,2,20
10,11,6:45:38,6,-1,1,AA6835,0,2,70
11,12,6:46:29,6,-1,1,AA6835,0,2,30
12,13,6:48:04,6,-1,1,AA6835,0,2,64
13,14,6:48:44,6,-1,1,AA6835,0,2,30
14,15,6:50:05,6,-1,-1,AA6835,0,2,30
15,16,6:52:26,6,-1,1,AA6835,0,2,121
16,17,6:59:43,6,-1,1,AA6835,0,2,375
17,20,7:14:04,6,-1,1,AA6835,2,2,851
20,21,7:16:56,6,-1,1,AA6835,0,2,141
21,22,7:18:06,6,-1,-1,AA6835,0,2,30
22,2,7:40:47,6,-1,1,AA6835,1,2,151
2,3,7:42:28,6,-1,2,AA6835,0,2,40
3,7,7:54:09,6,-1,1,AA6835,3,2,589
7,8,7:56:55,6,-1,-1,AA6835,0,2,155
8,9,7:58:26,6,-1,1,AA6835,0,2,60
9,10,7:59:06,6,-1,1,AA6835,0,2,20
10,11,8:01:18,6,-1,1,AA6835,0,2,60
11,12,8:02:18,6,-1,1,AA6835,0,2,30
12,13,8:03:49,6,-1,1,AA6835,0,2,50
13,14,8:05:00,6,-1,1,AA6835,0,2,40
14,15,8:06:14,6,-1,-1,AA6835,0,2,30
15,16,8:08:26,6,-1,1,AA6835,0,2,80
16,17,8:16:05,6,-1,1,AA6835,0,2,398
17,20,8:29:36,6,-1,1,AA6835,2,2,800
20,21,8:32:27,6,-1,1,AA6835,0,2,161
21,22,8:35:59,6,-1,-1,AA6835,0,2,90
0,1,8:58:32,6,-1,-1,AA6835,0,2,92
1,2,8:59:43,6,-1,1,AA6835,0,2,10
2,3,9:02:46,6,-1,2,AA6835,0,2,101
3,7,9:12:45,6,-1,1,AA6835,3,2,548
7,8,9:14:26,6,-1,-1,AA6835,0,2,90
8,9,9:16:37,6,-1,1,AA6835,0,2,100
9,10,9:17:08,6,-1,1,AA6835,0,2,20
10,11,9:19:09,6,-1,1,AA6835,0,2,101
11,12,9:19:39,6,-1,1,AA6835,0,2,20
12,13,9:20:50,6,-1,1,AA6835,0,2,60
13,14,9:21:34,6,-1,1,AA6835,0,2,24
14,15,9:23:15,6,-1,-1,AA6835,0,2,50
15,16,9:25:37,6,-1,1,AA6835,0,2,111
16,17,9:33:46,6,-1,1,AA6835,0,2,448
17,20,9:47:57,6,-1,1,AA6835,2,2,840
20,21,9:50:38,6,-1,1,AA6835,0,2,131
21,22,9:52:50,6,-1,-1,AA6835,0,2,80
0,1,10:16:16,6,-1,-1,AA6835,0,2,121
1,2,10:18:37,6,-1,1,AA6835,0,2,80
2,3,10:20:18,6,-1,2,AA6835,0,2,30
3,7,10:30:29,6,-1,1,AA6835,3,2,540
7,8,10:32:44,6,-1,-1,AA6835,0,2,124
8,9,10:34:15,6,-1,1,AA6835,0,2,50
9,10,10:34:55,6,-1,1,AA6835,0,2,20
10,12,10:37:16,6,-1,1,AA6835,1,2,80
12,13,10:38:57,6,-1,1,AA6835,0,2,70
13,14,10:40:08,6,-1,1,AA6835,0,2,30
14,15,10:41:39,6,-1,-1,AA6835,0,2,60
15,16,10:44:28,6,-1,1,AA6835,0,2,148
16,17,10:51:58,6,-1,1,AA6835,0,2,389
17,20,11:08:42,6,-1,1,AA6835,2,2,994
20,21,11:12:25,6,-1,1,AA6835,0,2,212
21,22,11:14:26,6,-1,-1,AA6835,0,2,90
0,1,12:07:56,6,-1,-1,AA6835,0,2,20
1,2,12:10:38,6,-1,1,AA6835,0,2,30
2,3,12:13:43,6,-1,2,AA6835,0,2,103
3,7,12:25:32,6,-1,1,AA6835,3,2,618
7,8,12:27:44,6,-1,-1,AA6835,0,2,100
8,9,12:29:45,6,-1,1,AA6835,0,2,111
9,10,12:30:26,6,-1,1,AA6835,0,2,30
10,11,12:32:07,6,-1,1,AA6835,0,2,60
11,12,12:33:07,6,-1,1,AA6835,0,2,20
12,13,12:35:09,6,-1,1,AA6835,0,2,91
13,14,12:36:09,6,-1,1,AA6835,0,2,50
14,15,12:37:33,6,-1,-1,AA6835,0,2,63
15,16,12:39:45,6,-1,1,AA6835,0,2,111
16,17,12:47:11,6,-1,1,AA6835,0,2,415
20,21,13:11:58,6,-1,1,AA6835,0,2,193
21,22,13:14:09,6,-1,-1,AA6835,0,2,91
0,1,13:32:06,6,-1,-1,AA6835,0,2,60
1,2,13:34:18,6,-1,1,AA6835,0,2,101
2,3,13:36:20,6,-1,2,AA6835,0,2,40
3,7,13:48:22,6,-1,1,AA6835,3,2,598
7,8,13:50:33,6,-1,-1,AA6835,0,2,111
8,9,13:52:24,6,-1,1,AA6835,0,2,80
9,11,13:55:47,6,-1,1,AA6835,1,2,162
11,12,13:56:32,6,-1,1,AA6835,0,2,34
12,13,13:58:44,6,-1,1,AA6835,0,2,102
13,14,14:00:05,6,-1,1,AA6835,0,2,30
14,15,14:01:36,6,-1,-1,AA6835,0,2,40
15,16,14:03:58,6,-1,1,AA6835,0,2,101
16,17,14:12:02,6,-1,1,AA6835,0,2,433
20,21,14:44:56,6,-1,1,AA6835,0,2,172
21,22,14:47:28,6,-1,-1,AA6835,0,2,91
0,1,15:14:39,6,-1,-1,AA6835,0,2,80
1,2,15:16:24,6,-1,1,AA6835,0,2,70
2,3,15:18:26,6,-1,2,AA6835,0,2,30
3,7,15:30:07,6,-1,1,AA6835,3,2,609
7,8,15:32:08,6,-1,-1,AA6835,0,2,111
8,9,15:33:39,6,-1,1,AA6835,0,2,70
9,10,15:34:50,6,-1,1,AA6835,0,2,30
10,12,15:39:38,6,-1,1,AA6835,1,2,101
12,13,15:41:19,6,-1,1,AA6835,0,2,50
13,14,15:42:30,6,-1,1,AA6835,0,2,40
14,15,15:44:03,6,-1,-1,AA6835,0,2,42
15,16,15:46:36,6,-1,1,AA6835,0,2,121
20,22,16:19:17,6,-1,-1,AA6835,1,1,246
0,1,16:41:49,6,-1,-1,AA6835,0,1,101
1,2,16:44:12,6,-1,1,AA6835,0,1,52
2,3,16:46:44,6,-1,2,AA6835,0,1,70
3,7,16:57:15,6,-1,1,AA6835,3,1,519
7,8,16:59:08,6,-1,-1,AA6835,0,1,102
8,9,17:00:39,6,-1,1,AA6835,0,1,70
9,10,17:01:29,6,-1,1,AA6835,0,1,30
10,11,17:03:20,6,-1,1,AA6835,0,1,101
11,12,17:04:12,6,-1,1,AA6835,0,1,20
12,13,17:05:54,6,-1,1,AA6835,0,1,61
13,14,17:06:35,6,-1,1,AA6835,0,1,30
14,15,17:08:56,6,-1,-1,AA6835,0,1,40
15,16,17:11:17,6,-1,1,AA6835,0,1,111
20,21,17:40:47,6,-1,1,AA6835,0,1,152
21,22,17:43:09,6,-1,-1,AA6835,0,1,80
0,1,18:07:59,6,-1,-1,AA6835,0,1,50
1,2,18:09:42,6,-1,1,AA6835,0,1,62
2,3,18:12:24,6,-1,2,AA6835,0,1,50
3,4,18:14:46,6,-1,1,AA6835,0,1,40
4,5,18:19:39,6,-1,1,AA6835,0,1,222
5,6,18:22:02,6,-1,1,AA6835,0,1,30
6,7,18:36:27,6,-1,1,AA6835,0,1,844
7,8,18:38:48,6,-1,-1,AA6835,0,1,111
8,9,18:40:43,6,-1,1,AA6835,0,1,43
9,10,18:41:45,6,-1,1,AA6835,0,1,31
10,11,18:45:28,6,-1,1,AA6835,0,1,212
11,12,18:46:29,6,-1,1,AA6835,0,1,30
12,13,18:49:13,6,-1,1,AA6835,0,1,133
13,14,18:50:55,6,-1,1,AA6835,0,1,40
14,15,18:52:56,6,-1,-1,AA6835,0,1,91
15,16,18:55:58,6,-1,1,AA6835,0,1,151
16,17,19:03:27,6,-1,1,AA6835,0,1,397
17,18,19:05:28,6,-1,1,AA6835,0,1,40
18,19,19:17:35,6,-1,2,AA6835,0,1,696
19,20,19:20:57,6,-1,1,AA6835,0,1,161
20,21,19:24:49,6,-1,1,AA6835,0,1,191
21,22,19:27:54,6,-1,-1,AA6835,0,1,80
0,1,19:42:57,6,-1,-1,AA6835,0,1,181
1,2,19:44:48,6,-1,2,AA6835,0,1,30
2,3,19:46:29,6,-1,2,AA6835,0,1,60
3,4,19:48:54,6,-1,1,AA6835,0,1,134
4,5,19:52:06,6,-1,2,AA6835,0,1,151
5,6,19:53:17,6,-1,2,AA6835,0,1,20
6,7,20:02:48,6,-1,1,AA6835,0,1,550
7,8,20:04:18,6,-1,2,AA6835,0,1,80
8,9,20:05:59,6,-1,1,AA6835,0,1,50
9,10,20:06:52,6,-1,1,AA6835,0,1,31
10,11,20:10:05,6,-1,1,AA6835,0,1,173
11,12,20:11:16,6,-1,1,AA6835,0,1,30
12,13,20:12:57,6,-1,1,AA6835,0,1,70
13,14,20:14:18,6,-1,1,AA6835,0,1,40
14,15,20:16:59,6,-1,-1,AA6835,0,1,40
15,16,20:19:24,6,-1,1,AA6835,0,1,114
16,17,20:27:19,6,-1,1,AA6835,0,1,393
17,18,20:28:54,6,-1,1,AA6835,0,1,44
18,19,20:34:48,6,-1,2,AA6835,0,1,343
19,20,20:37:10,6,-1,1,AA6835,0,1,80
20,21,20:39:21,6,-1,1,AA6835,0,1,111
21,22,20:43:16,6,-1,-1,AA6835,0,1,222
0,1,21:25:48,6,-1,-1,AA6835,0,1,80
1,2,21:27:29,6,-1,1,AA6835,0,1,30
2,3,21:29:10,6,-1,1,AA6835,0,1,40
3,4,21:31:24,6,-1,1,AA6835,0,1,40
4,5,21:34:26,6,-1,1,AA6835,0,1,141
5,6,21:35:47,6,-1,1,AA6835,0,1,30
6,7,21:44:35,6,-1,1,AA6835,0,1,517
7,8,21:46:26,6,-1,2,AA6835,0,1,101
8,9,21:48:07,6,-1,1,AA6835,0,1,70
9,10,21:49:28,6,-1,1,AA6835,0,1,40
10,11,21:52:20,6,-1,1,AA6835,0,1,161
11,12,21:53:14,6,-1,1,AA6835,0,1,30
12,13,21:55:05,6,-1,1,AA6835,0,1,70
13,14,21:56:16,6,-1,1,AA6835,0,1,30
14,15,21:58:07,6,-1,-1,AA6835,0,1,40
15,16,22:00:49,6,-1,1,AA6835,0,1,141
16,17,22:07:47,6,-1,1,AA6835,0,1,367
17,18,22:08:58,6,-1,1,AA6835,0,1,10
18,19,22:13:55,6,-1,2,AA6835,0,1,276
19,20,22:18:38,6,-1,1,AA6835,0,1,212
20,22,22:23:44,6,-1,-1,AA6835,1,1,266
0,1,22:41:35,6,-1,-1,AA6835,0,1,62
1,2,22:43:16,6,-1,-1,AA6835,0,1,20
2,3,22:44:57,6,-1,-1,AA6835,0,1,20
3,4,22:47:18,6,-1,1,AA6835,0,1,50
4,7,23:01:39,6,-1,1,AA6835,2,1,780
7,8,23:03:45,6,-1,1,AA6835,0,1,115
8,9,23:05:06,6,-1,1,AA6835,0,1,60
9,10,23:06:07,6,-1,1,AA6835,0,1,20
10,11,23:08:08,6,-1,1,AA6835,0,1,90
11,12,23:09:19,6,-1,1,AA6835,0,1,30
12,13,23:10:55,6,-1,1,AA6835,0,1,65
13,14,23:12:16,6,-1,1,AA6835,0,1,40
14,15,23:14:07,6,-1,-1,AA6835,0,1,50
15,16,23:16:08,6,-1,1,AA6835,0,1,70
16,17,23:23:07,6,-1,1,AA6835,0,1,367
17,18,23:24:17,6,-1,1,AA6835,0,1,30
18,19,23:28:42,6,-1,2,AA6835,0,1,254
19,20,23:31:06,6,-1,1,AA6835,0,1,70
20,21,23:33:07,6,-1,1,AA6835,0,1,111
21,22,23:34:58,6,-1,-1,AA6835,0,1,80
2,3,8:08:06,6,-1,2,AA7096,0,2,30
3,7,8:19:17,6,-1,1,AA7096,3,2,569
7,8,8:21:38,6,-1,-1,AA7096,0,2,131
8,9,8:23:19,6,-1,1,AA7096,0,2,50
9,10,8:24:32,6,-1,1,AA7096,0,2,32
10,11,8:27:03,6,-1,1,AA7096,0,2,70
11,12,8:28:14,6,-1,1,AA7096,0,2,30
12,13,8:30:06,6,-1,1,AA7096,0,2,71
13,14,8:30:56,6,-1,1,AA7096,0,2,20
14,15,8:32:37,6,-1,-1,AA7096,0,2,40
15,16,8:35:29,6,-1,1,AA7096,0,2,80
16,17,8:43:37,6,-1,1,AA7096,0,2,437
17,20,9:02:15,6,-1,1,AA7096,2,2,1107
20,21,9:05:28,6,-1,1,AA7096,0,2,161
21,22,9:07:19,6,-1,-1,AA7096,0,2,100
0,1,9:24:16,6,-1,-1,AA7096,0,2,70
1,2,9:27:08,6,-1,1,AA7096,0,2,90
2,3,9:29:41,6,-1,2,AA7096,0,2,143
3,8,9:44:05,6,-1,-1,AA7096,4,2,779
8,9,9:45:46,6,-1,1,AA7096,0,2,40
9,10,9:46:26,6,-1,1,AA7096,0,2,20
10,11,9:49:08,6,-1,1,AA7096,0,2,100
11,12,9:49:48,6,-1,1,AA7096,0,2,30
12,13,9:51:19,6,-1,1,AA7096,0,2,60
13,14,9:52:40,6,-1,1,AA7096,0,2,40
14,15,9:54:02,6,-1,-1,AA7096,0,2,30
15,16,9:57:06,6,-1,1,AA7096,0,2,111
16,17,10:05:05,6,-1,1,AA7096,0,2,428
17,20,10:20:58,6,-1,1,AA7096,2,2,943
20,21,10:23:56,6,-1,1,AA7096,0,2,136
21,22,10:26:17,6,-1,-1,AA7096,0,2,100
0,1,10:45:18,6,-1,-1,AA7096,0,2,40
1,2,10:47:52,6,-1,1,AA7096,0,2,83
2,3,10:50:06,6,-1,2,AA7096,0,2,70
3,7,11:01:46,6,-1,1,AA7096,3,2,588
7,8,11:04:18,6,-1,-1,AA7096,0,2,141
8,9,11:06:09,6,-1,1,AA7096,0,2,50
9,10,11:06:59,6,-1,1,AA7096,0,2,30
10,11,11:09:23,6,-1,1,AA7096,0,2,82
11,12,11:10:34,6,-1,1,AA7096,0,2,20
12,13,11:12:05,6,-1,1,AA7096,0,2,50
13,14,11:13:25,6,-1,1,AA7096,0,2,40
14,15,11:15:06,6,-1,-1,AA7096,0,2,40
15,16,11:17:08,6,-1,1,AA7096,0,2,70
16,17,11:25:47,6,-1,1,AA7096,0,2,468
20,21,11:54:25,6,-1,1,AA7096,0,2,417
21,22,11:56:56,6,-1,-1,AA7096,0,2,101
0,1,6:37:39,6,-1,-1,AA7195,0,2,80
1,2,6:39:03,6,-1,1,AA7195,0,2,30
2,3,6:41:35,6,-1,2,AA7195,0,2,90
3,7,6:51:16,6,-1,1,AA7195,3,2,520
7,8,6:54:07,6,-1,-1,AA7195,0,2,141
8,9,6:55:18,6,-1,1,AA7195,0,2,50
9,10,6:56:19,6,-1,1,AA7195,0,2,30
10,11,6:57:40,6,-1,1,AA7195,0,2,40
11,12,6:58:20,6,-1,1,AA7195,0,2,30
12,13,6:59:23,6,-1,1,AA7195,0,2,40
13,14,7:00:23,6,-1,1,AA7195,0,2,30
14,15,7:01:45,6,-1,-1,AA7195,0,2,31
15,16,7:03:46,6,-1,1,AA7195,0,2,100
16,17,7:11:12,6,-1,1,AA7195,0,2,385
17,20,7:26:44,6,-1,1,AA7195,2,2,921
20,21,7:28:48,6,-1,1,AA7195,0,2,93
21,22,7:30:59,6,-1,-1,AA7195,0,2,90
0,1,7:52:48,6,-1,-1,AA7195,0,2,81
1,2,7:54:49,6,-1,1,AA7195,0,2,70
2,3,7:57:05,6,-1,2,AA7195,0,2,30
3,7,8:06:55,6,-1,1,AA7195,3,2,549
7,8,8:09:37,6,-1,-1,AA7195,0,2,131
8,9,8:10:58,6,-1,1,AA7195,0,2,50
9,10,8:11:38,6,-1,1,AA7195,0,2,30
10,11,8:13:09,6,-1,1,AA7195,0,2,40
11,12,8:13:49,6,-1,1,AA7195,0,2,30
12,13,8:15:10,6,-1,1,AA7195,0,2,50
13,14,8:16:25,6,-1,1,AA7195,0,2,30
14,15,8:18:06,6,-1,-1,AA7195,0,2,40
15,16,8:20:07,6,-1,1,AA7195,0,2,100
16,17,8:27:34,6,-1,1,AA7195,0,2,395
17,20,8:41:46,6,-1,1,AA7195,2,2,842
20,21,8:44:27,6,-1,1,AA7195,0,2,111
21,22,8:46:08,6,-1,-1,AA7195,0,2,90
0,1,9:11:54,6,-1,-1,AA7195,0,2,90
1,2,9:13:36,6,-1,1,AA7195,0,2,60
2,3,9:15:57,6,-1,2,AA7195,0,2,70
3,7,9:28:28,6,-1,1,AA7195,3,2,701
7,8,9:30:22,6,-1,-1,AA7195,0,2,102
8,9,9:31:15,6,-1,1,AA7195,0,2,40
9,10,9:32:15,6,-1,1,AA7195,0,2,30
10,11,9:34:06,6,-1,1,AA7195,0,2,60
11,12,9:34:37,6,-1,1,AA7195,0,2,20
12,13,9:35:57,6,-1,1,AA7195,0,2,50
13,14,9:36:58,6,-1,1,AA7195,0,2,40
14,15,9:38:19,6,-1,-1,AA7195,0,2,20
15,16,9:40:52,6,-1,1,AA7195,0,2,122
16,17,9:47:57,6,-1,1,AA7195,0,2,415
17,20,10:04:55,6,-1,1,AA7195,2,2,1007
20,21,10:07:57,6,-1,1,AA7195,0,2,131
21,22,10:09:58,6,-1,-1,AA7195,0,2,90
0,1,10:33:34,6,-1,-1,AA7195,0,2,101
1,2,10:34:55,6,-1,1,AA7195,0,2,30
2,3,10:36:56,6,-1,2,AA7195,0,2,60
3,7,10:48:35,6,-1,1,AA7195,3,2,657
7,8,10:51:07,6,-1,-1,AA7195,0,2,142
8,9,10:52:38,6,-1,1,AA7195,0,2,50
9,10,10:53:19,6,-1,1,AA7195,0,2,30
10,11,10:55:10,6,-1,1,AA7195,0,2,50
11,12,10:55:52,6,-1,1,AA7195,0,2,20
12,13,10:57:23,6,-1,1,AA7195,0,2,60
13,14,10:58:25,6,-1,1,AA7195,0,2,30
14,15,10:59:55,6,-1,-1,AA7195,0,2,30
15,16,11:02:17,6,-1,1,AA7195,0,2,121
16,17,11:10:13,6,-1,1,AA7195,0,2,426
17,20,11:27:08,6,-1,1,AA7195,2,2,1004
20,21,11:30:31,6,-1,1,AA7195,0,2,183
21,22,11:33:14,6,-1,-1,AA7195,0,2,100
0,1,12:25:32,6,-1,-1,AA7195,0,2,90
1,2,12:28:44,6,-1,1,AA7195,0,2,181
2,3,12:31:46,6,-1,2,AA7195,0,2,131
3,8,12:44:19,6,-1,-1,AA7195,4,2,711
8,9,12:45:49,6,-1,1,AA7195,0,2,50
9,10,12:46:30,6,-1,1,AA7195,0,2,30
10,11,12:50:05,6,-1,1,AA7195,0,2,103
11,12,12:50:45,6,-1,1,AA7195,0,2,20
12,13,12:52:16,6,-1,1,AA7195,0,2,60
13,14,12:53:17,6,-1,1,AA7195,0,2,40
14,15,12:54:48,6,-1,-1,AA7195,0,2,30
15,16,12:57:09,6,-1,1,AA7195,0,2,121
16,17,13:04:36,6,-1,1,AA7195,0,2,406
17,20,13:22:04,6,-1,1,AA7195,2,2,1038
20,21,13:24:47,6,-1,1,AA7195,0,2,142
21,22,13:27:09,6,-1,-1,AA7195,0,2,90
0,1,13:54:06,6,-1,-1,AA7195,0,2,102
1,2,13:55:17,6,-1,1,AA7195,0,2,20
2,3,13:58:54,6,-1,2,AA7195,0,2,122
3,8,14:11:42,6,-1,-1,AA7195,4,2,707
8,9,14:12:53,6,-1,1,AA7195,0,2,50
9,10,14:14:04,6,-1,1,AA7195,0,2,30
10,11,14:16:25,6,-1,1,AA7195,0,2,90
11,12,14:17:26,6,-1,1,AA7195,0,2,30
12,13,14:19:17,6,-1,1,AA7195,0,2,80
13,14,14:20:28,6,-1,1,AA7195,0,2,40
14,15,14:22:19,6,-1,-1,AA7195,0,2,30
15,16,14:24:44,6,-1,1,AA7195,0,2,114
16,17,14:32:24,6,-1,1,AA7195,0,2,418
20,21,15:01:33,6,-1,1,AA7195,0,2,215
21,22,15:03:49,6,-1,-1,AA7195,0,2,95
0,1,15:31:17,6,-1,-1,AA7195,0,2,80
1,2,15:33:09,6,-1,1,AA7195,0,2,80
2,3,15:37:04,6,-1,2,AA7195,0,2,134
3,7,15:46:56,6,-1,1,AA7195,3,2,549
7,8,15:48:47,6,-1,-1,AA7195,0,2,70
8,9,15:50:18,6,-1,1,AA7195,0,2,50
9,10,15:51:09,6,-1,1,AA7195,0,2,40
10,11,15:53:22,6,-1,1,AA7195,0,2,93
11,12,15:54:23,6,-1,1,AA7195,0,2,30
12,13,15:55:44,6,-1,1,AA7195,0,2,70
13,14,15:56:44,6,-1,1,AA7195,0,2,30
14,15,15:58:56,6,-1,-1,AA7195,0,2,50
15,16,16:01:07,6,-1,1,AA7195,0,2,100
16,17,16:08:36,6,-1,1,AA7195,0,2,408
17,20,16:26:44,6,-1,1,AA7195,2,1,1078
20,21,16:29:06,6,-1,1,AA7195,0,1,111
21,22,16:33:08,6,-1,-1,AA7195,0,1,181
0,1,16:59:08,6,-1,-1,AA7195,0,1,112
1,2,16:59:58,6,-1,1,AA7195,0,1,30
2,3,17:03:00,6,-1,2,AA7195,0,1,111
3,7,17:13:39,6,-1,1,AA7195,3,1,566
7,8,17:15:43,6,-1,-1,AA7195,0,1,113
8,9,17:17:03,6,-1,1,AA7195,0,1,50
9,10,17:18:04,6,-1,1,AA7195,0,1,30
10,11,17:20:36,6,-1,1,AA7195,0,1,121
11,12,17:21:36,6,-1,1,AA7195,0,1,30
12,13,17:22:37,6,-1,1,AA7195,0,1,50
13,14,17:23:38,6,-1,1,AA7195,0,1,30
14,15,17:25:09,6,-1,-1,AA7195,0,1,30
15,16,17:28:25,6,-1,1,AA7195,0,1,145
16,17,17:36:33,6,-1,1,AA7195,0,1,437
17,19,17:41:17,6,-1,2,AA7195,1,1,274
19,20,17:43:49,6,-1,1,AA7195,0,1,70
20,21,17:47:55,6,-1,1,AA7195,0,1,235
21,22,17:50:17,6,-1,-1,AA7195,0,1,111
0,1,18:22:02,6,-1,-1,AA7195,0,1,82
1,2,18:24:15,6,-1,1,AA7195,0,1,123
2,3,18:26:07,6,-1,2,AA7195,0,1,50
3,4,18:28:28,6,-1,1,AA7195,0,1,90
4,5,18:32:43,6,-1,1,AA7195,0,1,173
5,6,18:34:35,6,-1,1,AA7195,0,1,40
6,7,18:48:52,6,-1,1,AA7195,0,1,836
7,8,18:50:25,6,-1,-1,AA7195,0,1,82
8,9,18:51:46,6,-1,1,AA7195,0,1,50
9,10,18:52:46,6,-1,1,AA7195,0,1,40
10,11,18:55:08,6,-1,1,AA7195,0,1,90
11,12,18:55:58,6,-1,1,AA7195,0,1,30
12,13,18:58:20,6,-1,1,AA7195,0,1,111
13,14,18:59:24,6,-1,1,AA7195,0,1,40
14,15,19:01:56,6,-1,-1,AA7195,0,1,40
15,16,19:04:07,6,-1,1,AA7195,0,1,111
16,17,19:11:18,6,-1,1,AA7195,0,1,379
17,18,19:12:28,6,-1,1,AA7195,0,1,40
18,19,19:25:10,6,-1,2,AA7195,0,1,751
19,21,19:29:05,6,-1,1,AA7195,1,1,184
21,22,19:31:37,6,-1,-1,AA7195,0,1,90
0,1,20:18:20,6,-1,-1,AA7195,0,1,60
1,2,20:20:25,6,-1,2,AA7195,0,1,80
2,3,20:22:57,6,-1,2,AA7195,0,1,70
3,4,20:25:28,6,-1,1,AA7195,0,1,80
4,5,20:28:54,6,-1,1,AA7195,0,1,165
5,7,20:39:11,6,-1,1,AA7195,1,1,576
7,8,20:40:34,6,-1,-1,AA7195,0,1,73
8,9,20:42:05,6,-1,1,AA7195,0,1,60
9,10,20:42:46,6,-1,1,AA7195,0,1,30
10,11,20:46:18,6,-1,1,AA7195,0,1,80
11,12,20:47:18,6,-1,1,AA7195,0,1,30
12,13,20:49:09,6,-1,1,AA7195,0,1,80
13,14,20:50:20,6,-1,1,AA7195,0,1,30
14,15,20:52:05,6,-1,-1,AA7195,0,1,30
15,16,20:54:37,6,-1,1,AA7195,0,1,131
16,17,21:01:23,6,-1,1,AA7195,0,1,365
17,18,21:02:55,6,-1,1,AA7195,0,1,41
18,19,21:08:48,6,-1,2,AA7195,0,1,333
19,20,21:11:45,6,-1,1,AA7195,0,1,126
20,21,21:14:57,6,-1,1,AA7195,0,1,141
21,22,21:17:08,6,-1,-1,AA7195,0,1,101
0,1,21:37:08,6,-1,-1,AA7195,0,1,70
1,2,21:39:09,6,-1,2,AA7195,0,1,50
2,3,21:41:43,6,-1,2,AA7195,0,1,83
3,4,21:42:44,6,-1,1,AA7195,0,1,30
4,5,21:45:46,6,-1,1,AA7195,0,1,141
5,6,21:47:27,6,-1,1,AA7195,0,1,40
6,7,21:57:17,6,-1,1,AA7195,0,1,559
7,8,21:58:37,6,-1,2,AA7195,0,1,70
8,9,21:59:48,6,-1,1,AA7195,0,1,40
9,10,22:00:59,6,-1,1,AA7195,0,1,40
10,11,22:02:41,6,-1,1,AA7195,0,1,61
11,12,22:03:32,6,-1,1,AA7195,0,1,21
12,13,22:05:13,6,-1,1,AA7195,0,1,60
13,14,22:05:54,6,-1,1,AA7195,0,1,30
14,15,22:07:47,6,-1,-1,AA7195,0,1,32
15,16,22:09:58,6,-1,1,AA7195,0,1,111
16,17,22:16:57,6,-1,1,AA7195,0,1,398
17,18,22:18:07,6,-1,1,AA7195,0,1,40
18,19,22:23:44,6,-1,2,AA7195,0,1,327
19,20,22:26:47,6,-1,1,AA7195,0,1,112
20,21,22:29:50,6,-1,1,AA7195,0,1,152
21,22,22:32:05,6,-1,-1,AA7195,0,1,90
0,1,22:51:13,6,-1,-1,AA7195,0,1,62
1,2,22:53:04,6,-1,2,AA7195,0,1,80
2,3,22:55:05,6,-1,2,AA7195,0,1,90
3,4,22:57:06,6,-1,1,AA7195,0,1,80
4,5,22:59:48,6,-1,1,AA7195,0,1,131
5,6,23:01:59,6,-1,1,AA7195,0,1,50
6,7,23:10:35,6,-1,1,AA7195,0,1,505
7,8,23:12:26,6,-1,1,AA7195,0,1,101
8,9,23:13:47,6,-1,1,AA7195,0,1,50
9,10,23:14:17,6,-1,1,AA7195,0,1,20
10,11,23:15:38,6,-1,1,AA7195,0,1,50
11,12,23:16:39,6,-1,1,AA7195,0,1,30
12,13,23:18:20,6,-1,1,AA7195,0,1,70
13,14,23:19:45,6,-1,1,AA7195,0,1,40
14,15,23:21:16,6,-1,-1,AA7195,0,1,40
15,16,23:23:07,6,-1,1,AA7195,0,1,80
16,17,23:29:45,6,-1,1,AA7195,0,1,367
17,18,23:31:06,6,-1,1,AA7195,0,1,30
18,19,23:35:48,6,-1,2,AA7195,0,1,272
19,20,23:37:40,6,-1,1,AA7195,0,1,30
20,21,23:39:34,6,-1,1,AA7195,0,1,94
21,22,23:41:36,6,-1,-1,AA7195,0,1,81
0,1,23:59:04,6,-1,-1,AA7195,0,1,74
1,2,6:33:17,6,-1,1,AA7242,0,2,30
2,3,6:34:58,6,-1,2,AA7242,0,2,40
3,7,6:45:28,6,-1,1,AA7242,3,2,569
7,8,6:47:33,6,-1,-1,AA7242,0,2,115
8,9,6:48:44,6,-1,1,AA7242,0,2,60
9,10,6:49:45,6,-1,1,AA7242,0,2,30
10,11,6:51:16,6,-1,1,AA7242,0,2,60
11,12,6:51:46,6,-1,1,AA7242,0,2,20
12,13,6:53:07,6,-1,1,AA7242,0,2,50
13,14,6:54:07,6,-1,1,AA7242,0,2,40
14,15,6:55:18,6,-1,-1,AA7242,0,2,30
