startStation,endStation,time,weekday,passengerFlow,trafficCondition,busPlate,passbyNum,weather,arrivalDuration
T550/4,T556,6:31:38,3,0,-1,AA2403,0,2,40
T556,T557,6:33:09,3,0,-1,AA2403,0,2,80
T557,T551/1,6:35:10,3,0,-1,AA2403,1,2,111
T550/4,T556,6:37:16,3,0,-1,AB6393,0,2,40
T551/1,T425,6:38:06,3,0,1,AA2403,0,2,166
T425,T423,6:38:47,3,0,1,AA2403,0,2,30
T423,T421,6:39:47,3,0,1,AA2403,0,2,30
T556,T551/1,6:40:38,3,0,-1,AB6393,2,2,191
T551/1,T425,6:43:51,3,0,-1,AB6393,0,2,162
T425,T423,6:45:02,3,0,-1,AB6393,0,2,40
T423,T421,6:45:42,3,0,1,AB6393,0,2,30
T550/4,T556,6:45:52,3,0,-1,AA3041,0,2,30
T556,T557,6:47:44,3,0,-1,AA3041,0,2,101
T557,T558,6:48:14,3,0,-1,AA3041,0,2,20
T558,T551/1,6:49:55,3,0,1,AA3041,0,2,80
T551/1,T425,6:52:47,3,0,1,AA3041,0,2,161
T425,T421,6:54:28,3,0,1,AA3041,1,2,80
T421,M247,6:55:28,3,0,1,AA2403,2,2,910
T550/4,T556,6:56:09,3,0,-1,AB6136,0,2,40
T556,T557,6:57:50,3,0,-1,AB6136,0,2,90
M247,M219,6:58:00,3,2,1,AA2403,1,2,101
T557,T551/1,6:59:54,3,0,1,AB6136,1,2,114
M219,M50,7:00:04,3,2,-1,AA2403,0,2,50
T421,M247,7:01:56,3,0,1,AB6393,2,2,942
T551/1,T425,7:02:56,3,0,1,AB6136,0,2,161
M247,M231,7:03:06,3,1,2,AB6393,0,2,10
T425,T423,7:03:37,3,0,1,AB6136,0,2,30
T423,T421,7:04:27,3,0,1,AB6136,0,2,30
M231,M219,7:04:37,3,2,1,AB6393,0,2,40
T550/4,T556,7:05:28,3,0,-1,AB6615,0,2,30
M219,M50,7:06:49,3,2,2,AB6393,0,2,40
T556,T558,7:07:49,3,0,-1,AB6615,1,2,121
T421,M247,7:08:52,3,0,1,AA3041,2,2,854
T558,T551/1,7:09:23,3,0,1,AB6615,0,2,73
M231,M219,7:11:25,3,0,2,AA3041,0,2,91
T551/1,T425,7:12:46,3,0,1,AB6615,0,2,172
T425,T423,7:13:26,3,0,1,AB6615,0,2,30
M219,M50,7:13:37,3,0,2,AA3041,0,2,91
T423,T421,7:14:17,3,0,1,AB6615,0,2,40
M50,T420,7:14:57,3,2,1,AA2403,3,2,872
T420,T422,7:15:58,3,2,1,AA2403,0,2,40
T422,T424,7:16:59,3,2,1,AA2403,0,2,50
T424,T559,7:20:44,3,2,-1,AA2403,0,2,175
T550/4,T556,7:22:15,3,0,-1,AB6705,0,2,40
M247,M231,7:22:15,3,1,1,AB6136,0,2,10
T559,T552,7:22:15,3,2,-1,AA2403,0,2,30
T552,T553,7:22:56,3,2,-1,AA2403,0,2,10
T556,T557,7:23:46,3,0,-1,AB6705,0,2,80
T553,T554,7:23:46,3,2,-1,AA2403,0,2,40
M231,M219,7:24:17,3,2,2,AB6136,0,2,101
T557,T558,7:24:27,3,0,-1,AB6705,0,2,30
T554,T555/2,7:24:57,3,2,-1,AA2403,0,2,60
T558,T551/1,7:25:58,3,0,1,AB6705,0,2,80
T555/2,T550/4,7:26:48,3,-1,-1,AA2403,0,2,60
T420,T424,7:27:09,3,2,1,AB6393,1,2,60
T551/1,T425,7:29:20,3,0,1,AB6705,0,2,172
M50,T420,7:29:56,3,0,1,AA3041,3,2,929
T421,M247,7:30:26,3,0,1,AB6615,2,2,959
T425,T423,7:30:37,3,0,1,AB6705,0,2,40
T420,T422,7:30:57,3,0,1,AA3041,0,2,40
T424,T559,7:30:57,3,1,-1,AB6393,0,2,177
M219,M50,7:31:07,3,2,-1,AB6136,0,2,197
T423,T421,7:31:37,3,0,1,AB6705,0,2,40
M247,M231,7:31:37,3,0,1,AB6615,0,2,20
T422,T424,7:31:57,3,0,1,AA3041,0,2,50
T559,T552,7:32:18,3,1,-1,AB6393,0,2,20
T550/4,T556,7:32:28,3,0,-1,AA5945,0,2,20
T552,T553,7:32:58,3,1,-1,AB6393,0,2,10
T553,T554,7:33:40,3,0,-1,AB6393,0,2,31
T556,T557,7:34:00,3,0,-1,AA5945,0,2,71
M231,M219,7:34:20,3,0,2,AB6615,0,2,102
T557,T558,7:34:54,3,0,-1,AA5945,0,2,20
T554,T555/2,7:35:04,3,0,-1,AB6393,0,2,63
T424,T559,7:35:34,3,0,-1,AA3041,0,2,186
T558,T551/1,7:36:25,3,0,1,AA5945,0,2,81
T555/2,T550/4,7:36:45,3,-1,-1,AB6393,0,2,60
T559,T552,7:37:05,3,0,-1,AA3041,0,2,20
T552,T553,7:37:46,3,0,-1,AA3041,0,2,10
T553,T554,7:38:16,3,0,-1,AA3041,0,2,20
M219,M50,7:39:37,3,0,1,AB6615,0,2,172
T554,T555/2,7:39:47,3,0,-1,AA3041,0,2,60
T551/1,T425,7:40:28,3,0,1,AA5945,0,2,171
T555/2,T550/4,7:41:08,3,-1,-1,AA3041,0,2,50
T550/4,T556,7:41:18,3,0,-1,AA2403,0,2,40
T425,T423,7:41:18,3,0,1,AA5945,0,2,30
T423,T421,7:42:19,3,0,1,AA5945,0,2,30
M247,M231,7:42:59,3,4,3,AB6049,0,2,20
T556,T557,7:43:10,3,0,-1,AA2403,0,2,70
T557,T558,7:43:43,3,0,-1,AA2403,0,2,23
M231,M219,7:44:43,3,5,3,AB6049,0,2,50
T558,T551/1,7:45:24,3,0,1,AA2403,0,2,91
T551/1,T425,7:49:18,3,1,1,AA2403,0,2,173
M247,M231,7:50:09,3,0,2,AB6705,0,2,30
T425,T423,7:50:29,3,0,1,AA2403,0,2,40
M247,M231,7:51:10,3,-1,2,AA7207,0,2,20
T423,T421,7:51:20,3,0,1,AA2403,0,2,40
T550/4,T556,7:51:34,3,0,-1,AB6393,0,2,44
M219,M50,7:52:35,3,5,2,AB6049,0,2,329
T556,T557,7:53:05,3,0,-1,AB6393,0,2,81
T557,T558,7:53:46,3,0,-1,AB6393,0,2,30
T420,T424,7:54:16,3,1,1,AB6136,1,2,91
M231,M219,7:54:47,3,1,3,AB6705,0,2,172
T558,T551/1,7:55:17,3,0,1,AB6393,0,2,80
T424,T559,7:57:49,3,2,-1,AB6136,0,2,171
T420,T422,7:57:59,3,0,1,AB6615,0,2,30
T422,T424,7:58:39,3,0,1,AB6615,0,2,30
T559,T552,7:59:20,3,1,-1,AB6136,0,2,30
T551/1,T423,7:59:34,3,0,1,AB6393,1,2,226
T552,T553,7:59:54,3,0,-1,AB6136,0,2,10
T423,T421,8:00:35,3,0,1,AB6393,0,2,50
T553,T554,8:00:35,3,0,-1,AB6136,0,2,30
T554,T555/2,8:01:45,3,0,-1,AB6136,0,2,60
M219,M50,8:02:06,3,1,2,AB6705,0,2,277
M247,M231,8:02:26,3,1,3,AA5945,0,2,20
T555/2,T550/4,8:03:17,3,-1,-1,AB6136,0,2,60
T557,T558,8:03:47,3,0,-1,AA3041,0,2,30
T424,T553,8:04:17,3,0,-1,AB6615,2,2,307
T553,T554,8:04:48,3,0,-1,AB6615,0,2,20
T558,T551/1,8:05:38,3,0,1,AA3041,0,2,70
M231,M219,8:05:38,3,2,3,AA5945,0,2,91
T554,T555/2,8:06:29,3,0,-1,AB6615,0,2,70
T421,M247,8:06:49,3,0,1,AA2403,2,2,904
M247,M231,8:08:00,3,0,3,AA2403,0,2,20
T555/2,T550/4,8:08:00,3,-1,-1,AB6615,0,2,60
T551/1,T425,8:09:24,3,0,1,AA3041,0,2,175
T425,T423,8:10:04,3,0,1,AA3041,0,2,30
T423,T421,8:11:36,3,1,1,AA3041,0,2,40
T420,T422,8:12:47,3,5,1,AB6049,0,2,40
T550/4,T556,8:13:17,3,0,-1,AB6136,0,2,40
M231,M219,8:13:37,3,1,3,AA2403,0,2,283
T556,T557,8:14:58,3,0,-1,AB6136,0,2,80
T422,T424,8:14:58,3,5,1,AB6049,0,2,121
M219,M50,8:15:39,3,2,-1,AA5945,0,2,569
T557,T558,8:15:49,3,0,-1,AB6136,0,2,30
T558,T551/1,8:17:46,3,0,1,AB6136,0,2,86
M219,M50,8:18:47,3,1,-1,AA2403,0,2,188
T424,T559,8:19:17,3,5,-1,AB6049,0,2,218
T559,T552,8:20:28,3,4,-1,AB6049,0,2,30
T551/1,T425,8:21:09,3,0,1,AB6136,0,2,162
M247,M231,8:21:09,3,2,3,AB6393,0,2,20
T552,T553,8:21:09,3,3,-1,AB6049,0,2,10
T553,T554,8:21:59,3,3,-1,AB6049,0,2,40
T425,T423,8:22:09,3,0,1,AB6136,0,2,30
T423,T421,8:23:10,3,0,1,AB6136,0,2,30
T554,T555/2,8:23:34,3,3,-1,AB6049,0,2,74
M231,M219,8:24:05,3,3,3,AB6393,0,2,115
T550/4,T556,8:24:25,3,0,-1,AB6615,0,2,40
T420,T422,8:25:05,3,1,1,AB6705,0,2,30
T555/2,T550/4,8:25:26,3,-1,-1,AB6049,0,2,80
T422,T424,8:26:16,3,1,1,AB6705,0,2,60
T556,T557,8:26:37,3,0,-1,AB6615,0,2,91
T557,T558,8:27:27,3,0,-1,AB6615,0,2,30
T558,T551/1,8:29:30,3,0,1,AB6615,0,2,92
T424,T559,8:30:20,3,1,-1,AB6705,0,2,203
T559,T552,8:31:35,3,1,-1,AB6705,0,2,33
M219,M50,8:32:05,3,4,1,AB6393,0,2,94
M247,M231,8:32:35,3,1,3,AA3041,0,2,60
T552,T553,8:32:35,3,0,-1,AB6705,0,2,10
T551/1,T425,8:32:56,3,0,1,AB6615,0,2,165
T553,T554,8:33:26,3,0,-1,AB6705,0,2,40
T425,T423,8:34:16,3,0,1,AB6615,0,2,30
T550/4,T556,8:34:37,3,0,-1,AB6049,0,2,50
T554,T555/2,8:35:17,3,0,-1,AB6705,0,2,80
T423,T421,8:35:37,3,0,1,AB6615,0,2,40
T420,T422,8:36:38,3,2,1,AA5945,0,2,30
T556,T557,8:36:58,3,0,-1,AB6049,0,2,111
T555/2,T550/4,8:36:58,3,-1,-1,AB6705,0,2,60
T557,T558,8:37:49,3,0,-1,AB6049,0,2,30
T422,T424,8:37:59,3,2,1,AA5945,0,2,70
T420,T422,8:38:40,3,0,1,AA2403,0,2,30
M231,M219,8:39:00,3,2,3,AA3041,0,2,374
T558,T551/1,8:39:43,3,0,1,AB6049,0,2,94
T422,T424,8:40:34,3,0,1,AA2403,0,2,104
T424,T559,8:42:05,3,2,-1,AA5945,0,2,185
T551/1,T425,8:43:06,3,0,1,AB6049,0,2,172
T559,T552,8:43:26,3,2,-1,AA5945,0,2,20
M247,M231,8:44:07,3,1,3,AB6136,0,2,20
T552,T553,8:44:07,3,1,-1,AA5945,0,2,10
T425,T423,8:44:17,3,0,1,AB6049,0,2,60
T424,T559,8:44:27,3,0,-1,AA2403,0,2,192
T550/4,T556,8:44:37,3,0,-1,AB6705,0,2,40
T553,T554,8:44:47,3,1,-1,AA5945,0,2,30
M219,M50,8:44:57,3,2,1,AA3041,0,2,131
T423,T421,8:45:17,3,0,1,AB6049,0,2,50
T559,T552,8:45:48,3,0,-1,AA2403,0,2,20
T554,T555/2,8:46:18,3,1,-1,AA5945,0,2,60
T552,T553,8:46:29,3,0,-1,AA2403,0,2,10
T556,T558,8:46:59,3,0,-1,AB6705,1,2,111
T553,T554,8:47:09,3,0,-1,AA2403,0,2,30
M231,M219,8:47:29,3,2,3,AB6136,0,2,182
T555/2,T550/4,8:48:00,3,-1,-1,AA5945,0,2,60
T558,T551/1,8:48:45,3,0,1,AB6705,0,2,85
T554,T555/2,8:49:05,3,0,-1,AA2403,0,2,75
T555/2,T550/4,8:50:36,3,-1,-1,AA2403,0,2,60
T551/1,T425,8:52:17,3,0,1,AB6705,0,2,182
T425,T423,8:52:58,3,0,1,AB6705,0,2,30
T423,T421,8:54:09,3,0,1,AB6705,0,2,40
M219,M50,8:54:19,3,2,1,AB6136,0,2,222
T420,T422,8:54:59,3,3,1,AB6393,0,2,30
T422,T424,8:55:40,3,3,1,AB6393,0,2,30
M247,M231,8:56:10,3,0,3,AB6615,0,2,10
T550/4,T556,8:56:34,3,0,-1,AA5945,0,2,24
M231,M219,8:58:26,3,0,3,AB6615,0,2,111
T556,T557,8:58:36,3,0,-1,AA5945,0,2,91
T424,T559,8:59:16,3,4,-1,AB6393,0,2,186
T557,T558,8:59:26,3,0,-1,AA5945,0,2,30
T559,T552,9:00:37,3,3,-1,AB6393,0,2,20
T558,T551/1,9:01:07,3,0,1,AA5945,0,2,70
T552,T553,9:01:28,3,3,-1,AB6393,0,2,10
T553,T554,9:02:28,3,2,-1,AB6393,0,2,50
M219,M50,9:02:39,3,0,-1,AB6615,0,2,171
T554,T555/2,9:04:10,3,2,-1,AB6393,0,2,70
T551/1,T425,9:04:40,3,0,1,AA5945,0,2,171
T425,T423,9:05:34,3,0,1,AA5945,0,2,23
M247,M231,9:05:44,3,0,2,AB6049,0,2,10
T555/2,T550/4,9:05:44,3,-1,-1,AB6393,0,2,64
T420,T422,9:06:24,3,2,1,AA3041,0,2,40
M231,M219,9:06:55,3,0,3,AB6049,0,2,60
T423,T421,9:07:05,3,0,1,AA5945,0,2,40
T422,T424,9:07:25,3,1,1,AA3041,0,2,50
T550/4,T556,9:07:47,3,0,-1,AA2403,0,2,32
T556,T557,9:09:59,3,0,-1,AA2403,0,2,80
T557,T558,9:10:49,3,0,-1,AA2403,0,2,30
T424,T559,9:10:49,3,1,-1,AA3041,0,2,171
M219,M50,9:11:34,3,1,-1,AB6049,0,2,185
T559,T552,9:12:14,3,1,-1,AA3041,0,2,30
T558,T551/1,9:12:34,3,0,-1,AA2403,0,2,84
T552,T553,9:12:54,3,1,-1,AA3041,0,2,10
T553,T554,9:13:45,3,1,-1,AA3041,0,2,40
T420,T422,9:13:55,3,1,-1,AB6136,0,2,30
T422,T424,9:15:06,3,1,1,AB6136,0,2,60
T554,T555/2,9:15:36,3,1,-1,AA3041,0,2,80
M247,M231,9:15:46,3,0,2,AB6705,0,2,10
T550/4,T556,9:16:27,3,0,-1,AB6393,0,2,50
T551/1,T425,9:16:37,3,0,1,AA2403,0,2,171
T555/2,T550/4,9:17:07,3,-1,-1,AA3041,0,2,60
T425,T423,9:17:37,3,0,1,AA2403,0,2,30
M231,M219,9:18:28,3,1,3,AB6705,0,2,90
T556,T557,9:18:38,3,0,-1,AB6393,0,2,90
T424,T559,9:18:38,3,2,-1,AB6136,0,2,181
T423,T421,9:18:48,3,0,1,AA2403,0,2,40
T557,T558,9:19:39,3,0,-1,AB6393,0,2,30
T559,T552,9:20:49,3,2,-1,AB6136,0,2,40
T558,T551/1,9:21:20,3,0,1,AB6393,0,2,90
T552,T553,9:21:42,3,1,-1,AB6136,0,2,10
T553,T554,9:22:32,3,1,-1,AB6136,0,2,40
T420,T422,9:23:03,3,0,1,AB6615,0,2,40
T554,T555/2,9:24:15,3,1,-1,AB6136,0,2,71
T551/1,T425,9:24:25,3,0,1,AB6393,0,2,162
T422,T424,9:24:35,3,0,1,AB6615,0,2,82
T425,T423,9:25:05,3,0,1,AB6393,0,2,30
M247,M231,9:25:35,3,1,2,AA5945,0,2,10
T550/4,T556,9:25:46,3,2,-1,AA3041,0,2,30
M219,M50,9:25:46,3,2,1,AB6705,0,2,253
T423,T421,9:26:06,3,0,1,AB6393,0,2,40
T555/2,T550/4,9:26:06,3,-1,-1,AB6136,0,2,70
T556,T557,9:27:47,3,1,-1,AA3041,0,2,90
T557,T558,9:28:17,3,1,-1,AA3041,0,2,20
M231,M219,9:28:17,3,2,3,AA5945,0,2,131
T424,T559,9:28:27,3,0,-1,AB6615,0,2,212
T558,T551/1,9:30:08,3,0,1,AA3041,0,2,80
T559,T552,9:30:18,3,0,-1,AB6615,0,2,20
T552,T553,9:31:09,3,0,-1,AB6615,0,2,10
T420,T422,9:31:19,3,2,1,AB6049,0,2,40
T550/4,T556,9:31:49,3,0,-1,AA1864,0,2,30
T422,T424,9:32:20,3,2,1,AB6049,0,2,40
T553,T554,9:32:20,3,0,-1,AB6615,0,2,60
M219,M50,9:33:13,3,2,1,AA5945,0,2,194
T551/1,T425,9:33:23,3,1,1,AA3041,0,2,164
T556,T557,9:33:53,3,1,-1,AA1864,0,2,80
T554,T555/2,9:34:14,3,0,-1,AB6615,0,2,80
T557,T558,9:34:34,3,1,-1,AA1864,0,2,30
T425,T423,9:34:54,3,0,1,AA3041,0,2,40
T423,T421,9:36:06,3,0,1,AA3041,0,2,41
T555/2,T550/4,9:36:17,3,-1,-1,AB6615,0,2,82
M247,M231,9:36:27,3,0,3,AA2403,0,2,20
T558,T551/1,9:36:37,3,1,1,AA1864,0,2,92
T424,T559,9:37:17,3,3,-1,AB6049,0,2,183
M231,M219,9:37:58,3,0,3,AA2661,0,2,90
M231,M219,9:38:28,3,0,3,AA2403,0,2,101
T559,T552,9:38:58,3,3,-1,AB6049,0,2,30
T550/4,T556,9:39:18,3,1,-1,AB6136,0,2,30
T551/1,T425,9:39:59,3,0,1,AA1864,0,2,171
T552,T553,9:39:59,3,1,-1,AB6049,0,2,10
T425,T423,9:40:49,3,0,1,AA1864,0,2,40
T553,T554,9:40:49,3,1,-1,AB6049,0,2,40
M219,M50,9:41:10,3,1,1,AA2661,0,2,70
T556,T557,9:41:20,3,1,-1,AB6136,0,2,80
T423,T421,9:41:44,3,0,1,AA1864,0,2,34
T557,T558,9:41:54,3,1,-1,AB6136,0,2,20
M219,M50,9:42:45,3,0,1,AA2403,0,2,216
T554,T555/2,9:42:45,3,1,-1,AB6049,0,2,84
M247,M231,9:43:25,3,0,3,AB6393,0,2,20
T558,T551/1,9:43:55,3,0,1,AB6136,0,2,90
M231,M219,9:44:36,3,0,3,AB6393,0,2,40
T555/2,T550/4,9:44:36,3,-1,-1,AB6049,0,2,70
M219,M50,9:46:47,3,0,1,AB6393,0,2,20
T551/1,T425,9:47:07,3,0,1,AB6136,0,2,161
T425,T423,9:47:58,3,0,1,AB6136,0,2,30
T420,T424,9:48:08,3,1,1,AB6705,1,2,101
T423,T421,9:48:58,3,0,1,AB6136,0,2,30
T550/4,T556,9:49:19,3,0,-1,AB6615,0,2,50
T556,T557,9:51:42,3,0,-1,AB6615,0,2,102
T422,T424,9:52:12,3,2,1,AA5945,0,2,20
T424,T559,9:52:22,3,1,-1,AB6705,0,2,233
T557,T558,9:52:34,3,0,-1,AB6615,0,2,32
T421,M247,9:52:34,3,0,1,AA3041,2,2,957
M247,M231,9:53:55,3,1,2,AA3041,0,2,30
T559,T552,9:54:15,3,1,-1,AB6705,0,2,40
T558,T551/1,9:54:35,3,0,1,AB6615,0,2,90
T424,T559,9:55:36,3,2,-1,AA5945,0,2,181
T552,T553,9:55:36,3,0,-1,AB6705,0,2,20
T550/4,T556,9:56:17,3,-1,-1,AA7207,0,2,40
M231,M219,9:56:27,3,1,3,AA3041,0,2,90
T553,T554,9:56:47,3,0,-1,AB6705,0,2,60
T559,T552,9:57:07,3,2,-1,AA5945,0,2,20
T551/1,T425,9:57:58,3,0,1,AB6615,0,2,171
T552,T554,9:58:38,3,1,-1,AA5945,1,2,50
T556,T557,9:58:58,3,-1,-1,AA7207,0,2,121
T425,T423,9:58:58,3,0,1,AB6615,0,2,30
T554,T555/2,9:58:58,3,0,-1,AB6705,0,2,80
M247,M231,9:59:59,3,0,3,AA1864,0,2,20
T557,T558,10:00:09,3,-1,-1,AA7207,0,2,40
T423,T421,10:00:09,3,0,1,AB6615,0,2,40
T550/4,T556,10:00:29,3,1,-1,AB6049,0,2,50
T554,T555/2,10:00:29,3,1,-1,AA5945,0,2,90
T555/2,T550/4,10:00:39,3,-1,-1,AB6705,0,2,70
M231,M219,10:01:42,3,1,3,AA1864,0,2,62
T555/2,T550/4,10:01:52,3,-1,-1,AA5945,0,2,52
T420,T424,10:02:33,3,0,1,AA2403,1,2,83
M219,M50,10:02:43,3,1,-1,AA3041,0,2,264
T420,T422,10:02:43,3,1,1,AA2661,0,2,30
T556,T557,10:02:53,3,1,-1,AB6049,0,2,113
T557,T558,10:03:53,3,1,-1,AB6049,0,2,30
T422,T424,10:04:04,3,1,1,AA2661,0,2,70
M219,M50,10:05:05,3,1,-1,AA1864,0,2,172
T558,T425,10:05:15,3,-1,1,AA7207,1,2,276
T558,T551/1,10:05:56,3,1,1,AB6049,0,2,91
T425,T423,10:05:56,3,-1,1,AA7207,0,2,30
T420,T422,10:06:06,3,0,1,AB6393,0,2,30
T424,T559,10:06:16,3,0,-1,AA2403,0,2,192
T423,T421,10:07:06,3,-1,1,AA7207,0,2,30
T559,T552,10:07:26,3,0,-1,AA2403,0,2,30
M247,M231,10:07:47,3,0,2,AB6136,0,2,20
T424,T559,10:07:47,3,1,-1,AA2661,0,2,213
T550/4,T556,10:07:57,3,0,-1,AB6705,0,2,30
T422,T424,10:07:57,3,0,1,AB6393,0,2,90
T552,T553,10:08:07,3,0,-1,AA2403,0,2,10
T559,T552,10:08:57,3,1,-1,AA2661,0,2,20
T553,T554,10:08:57,3,0,-1,AA2403,0,2,40
T551/1,T425,10:09:28,3,0,1,AB6049,0,2,171
T556,T557,10:09:38,3,0,-1,AB6705,0,2,70
T552,T553,10:09:48,3,1,-1,AA2661,0,2,10
T557,T558,10:10:18,3,0,-1,AB6705,0,2,30
T425,T423,10:10:18,3,0,1,AB6049,0,2,40
T554,T555/2,10:10:28,3,0,-1,AA2403,0,2,70
T553,T554,10:10:38,3,0,-1,AA2661,0,2,40
T423,T421,10:11:29,3,0,1,AB6049,0,2,40
M231,M219,10:11:29,3,0,3,AB6136,0,2,212
T424,T559,10:11:49,3,0,-1,AB6393,0,2,202
T558,T551/1,10:12:09,3,0,1,AB6705,0,2,80
T554,T555/2,10:12:19,3,0,-1,AA2661,0,2,70
T555/2,T550/4,10:12:30,3,-1,-1,AA2403,0,2,91
T559,T552,10:13:20,3,1,-1,AB6393,0,2,20
T555/2,T550/4,10:14:01,3,-1,-1,AA2661,0,2,70
T552,T553,10:14:11,3,1,-1,AB6393,0,2,20
M219,M50,10:14:34,3,1,1,AB6136,0,2,144
T551/1,T425,10:15:04,3,0,1,AB6705,0,2,164
T553,T554,10:15:15,3,1,-1,AB6393,0,2,53
T425,T423,10:15:55,3,0,1,AB6705,0,2,30
T550/4,T556,10:16:15,3,-1,-1,AA2855,0,2,60
T421,M247,10:16:25,3,0,1,AB6615,2,2,966
T423,T421,10:16:56,3,0,1,AB6705,0,2,40
T554,T555/2,10:16:56,3,0,-1,AB6393,0,2,70
M247,M231,10:17:16,3,0,2,AB6615,0,2,20
T556,T557,10:18:16,3,-1,-1,AA2855,0,2,90
M231,M219,10:18:26,3,0,3,AB6615,0,2,40
T555/2,T550/4,10:18:47,3,-1,-1,AB6393,0,2,70
T557,T558,10:18:57,3,-1,-1,AA2855,0,2,30
T558,T551/1,10:20:48,3,-1,1,AA2855,0,2,80
T420,T422,10:20:58,3,1,1,AA3041,0,2,30
T550/4,T556,10:21:18,3,0,-1,AA5945,0,2,30
M219,M50,10:21:18,3,0,-1,AB6615,0,2,141
M50,T420,10:21:48,3,1,1,AA1864,3,2,952
T422,T424,10:21:48,3,1,1,AA3041,0,2,30
T556,T557,10:23:19,3,0,-1,AA5945,0,2,80
T420,T424,10:23:29,3,1,1,AA1864,1,2,80
T557,T558,10:23:50,3,0,-1,AA5945,0,2,20
T551/1,T425,10:24:34,3,-1,1,AA2855,0,2,185
T424,T559,10:25:04,3,1,-1,AA3041,0,2,185
T425,T423,10:26:05,3,-1,1,AA2855,0,2,60
M247,M231,10:26:15,3,-1,2,AA7207,0,2,20
T559,T552,10:26:15,3,1,-1,AA3041,0,2,20
T424,T559,10:26:45,3,1,-1,AA1864,0,2,185
T552,T553,10:27:06,3,1,-1,AA3041,0,2,10
T423,T421,10:27:26,3,-1,1,AA2855,0,2,40
T421,M247,10:27:46,3,0,1,AB6049,2,2,946
T559,T552,10:27:56,3,1,-1,AA1864,0,2,30
T553,T554,10:27:56,3,1,-1,AA3041,0,2,40
M247,M231,10:28:37,3,0,2,AB6049,0,2,20
M231,M219,10:28:37,3,-1,3,AA7207,0,2,131
T552,T553,10:28:37,3,1,-1,AA1864,0,2,10
T550/4,T556,10:28:57,3,0,-1,AA2661,0,2,50
T558,T423,10:29:17,3,0,1,AA5945,2,2,317
T553,T554,10:29:27,3,1,-1,AA1864,0,2,40
T554,T555/2,10:29:27,3,0,-1,AA3041,0,2,70
T423,T421,10:29:57,3,0,1,AA5945,0,2,30
T556,T557,10:30:48,3,0,-1,AA2661,0,2,80
M231,M219,10:30:48,3,0,3,AB6049,0,2,80
T555/2,T550/4,10:30:48,3,-1,-1,AA3041,0,2,50
M219,M50,10:30:58,3,-1,1,AA7207,0,2,60
T554,T555/2,10:31:08,3,0,-1,AA1864,0,2,70
T555/2,T550/4,10:32:39,3,-1,-1,AA1864,0,2,60
T557,T551/1,10:33:09,3,0,1,AA2661,1,2,121
T420,T424,10:34:10,3,0,-1,AB6136,1,2,90
M247,M231,10:34:51,3,0,2,AB6705,0,2,10
M219,M50,10:35:13,3,0,-1,AB6049,0,2,214
T550/4,T556,10:36:13,3,0,-1,AB6393,0,2,40
M231,M219,10:36:23,3,0,3,AB6705,0,2,70
T551/1,T425,10:36:44,3,0,1,AA2661,0,2,174
T425,T423,10:37:34,3,0,1,AA2661,0,2,40
T424,T559,10:37:45,3,1,-1,AB6136,0,2,173
T556,T557,10:38:15,3,0,-1,AB6393,0,2,80
T557,T558,10:38:56,3,0,-1,AB6393,0,2,31
T423,T421,10:38:56,3,0,1,AA2661,0,2,41
T559,T552,10:39:06,3,0,-1,AB6136,0,2,30
T552,T553,10:39:47,3,0,-1,AB6136,0,2,10
M219,M50,10:40:07,3,0,-1,AB6705,0,2,122
T420,T422,10:40:17,3,0,1,AB6615,0,2,30
T558,T551/1,10:40:37,3,0,1,AB6393,0,2,70
T553,T554,10:40:47,3,0,-1,AB6136,0,2,40
T422,T424,10:40:58,3,0,-1,AB6615,0,2,30
T554,T555/2,10:42:38,3,0,-1,AB6136,0,2,90
T551/1,T425,10:43:59,3,1,1,AB6393,0,2,171
T424,T559,10:44:09,3,0,-1,AB6615,0,2,181
T555/2,T550/4,10:44:19,3,-1,-1,AB6136,0,2,70
T425,T423,10:44:40,3,1,1,AB6393,0,2,30
T550/4,T556,10:45:10,3,0,-1,AA1864,0,2,30
T559,T552,10:45:30,3,0,-1,AB6615,0,2,30
T423,T421,10:45:50,3,1,1,AB6393,0,2,30
T552,T553,10:46:11,3,0,-1,AB6615,0,2,10
T553,T554,10:46:53,3,0,-1,AB6615,0,2,31
M247,M231,10:47:03,3,-1,2,AA2855,0,2,20
T556,T557,10:47:13,3,0,-1,AA1864,0,2,92
T557,T558,10:48:04,3,0,-1,AA1864,0,2,40
T554,T555/2,10:48:14,3,0,-1,AB6615,0,2,70
M247,M231,10:48:54,3,0,2,AA5945,0,2,10
M231,M219,10:49:14,3,-1,3,AA2855,0,2,90
T558,T551/1,10:49:45,3,0,1,AA1864,0,2,80
T555/2,T550/4,10:50:05,3,-1,-1,AB6615,0,2,70
M231,M219,10:50:25,3,0,3,AA5945,0,2,70
M219,M50,10:51:36,3,-1,1,AA2855,0,2,100
T420,T422,10:51:36,3,-1,1,AA7207,0,2,40
T422,T424,10:52:26,3,-1,1,AA7207,0,2,40
T420,T422,10:52:46,3,0,1,AB6049,0,2,40
T551/1,T425,10:53:17,3,0,1,AA1864,0,2,181
T550/4,T556,10:53:37,3,0,-1,AA2403,0,2,30
T425,T423,10:53:57,3,0,1,AA1864,0,2,30
M219,M50,10:54:07,3,0,1,AA5945,0,2,191
T422,T424,10:54:07,3,0,1,AB6049,0,2,70
T423,T421,10:55:08,3,0,1,AA1864,0,2,40
T556,T557,10:55:48,3,0,-1,AA2403,0,2,90
T424,T559,10:55:58,3,-1,-1,AA7207,0,2,171
M50,T420,10:56:29,3,0,1,AB6705,3,2,951
T557,T558,10:56:49,3,0,-1,AA2403,0,2,30
T420,T422,10:57:29,3,0,1,AB6705,0,2,30
T559,T552,10:57:39,3,-1,-1,AA7207,0,2,30
M247,M231,10:58:00,3,0,1,AA2661,0,2,20
T422,T424,10:58:10,3,0,1,AB6705,0,2,30
T552,T553,10:58:30,3,-1,-1,AA7207,0,2,10
T558,T551/1,10:58:40,3,0,1,AA2403,0,2,80
T424,T553,10:59:10,3,0,-1,AB6049,2,2,293
T553,T554,10:59:52,3,-1,-1,AA7207,0,2,61
T553,T554,11:00:02,3,0,-1,AB6049,0,2,30
T424,T559,11:01:23,3,0,-1,AB6705,0,2,182
M231,M219,11:01:33,3,1,2,AA2661,0,2,162
T554,T555/2,11:01:33,3,0,-1,AB6049,0,2,70
T554,T555/2,11:01:43,3,-1,-1,AA7207,0,2,80
T551/1,T425,11:02:13,3,0,1,AA2403,0,2,172
T550/4,T556,11:02:23,3,0,-1,AB6615,0,2,40
T559,T552,11:02:43,3,0,-1,AB6705,0,2,30
T555/2,T550/4,11:03:04,3,-1,-1,AB6049,0,2,70
T425,T423,11:03:14,3,0,1,AA2403,0,2,30
T555/2,T550/4,11:03:14,3,-1,-1,AA7207,0,2,60
M219,M50,11:03:24,3,2,1,AA2661,0,2,60
T552,T553,11:03:24,3,0,-1,AB6705,0,2,10
M247,M231,11:03:44,3,1,2,AB6393,0,2,20
T553,T554,11:04:15,3,0,-1,AB6705,0,2,40
T556,T557,11:04:35,3,0,-1,AB6615,0,2,91
T423,T421,11:04:55,3,0,1,AA2403,0,2,40
T557,T558,11:05:35,3,0,-1,AB6615,0,2,30
M231,M219,11:05:35,3,1,3,AB6393,0,2,80
T554,T555/2,11:05:35,3,0,-1,AB6705,0,2,70
T558,T551/1,11:07:27,3,0,1,AB6615,0,2,80
M219,M50,11:07:57,3,1,1,AB6393,0,2,111
T551/1,T425,11:10:38,3,0,1,AB6615,0,2,161
T425,T423,11:11:39,3,0,1,AB6615,0,2,30
T556,T557,11:11:59,3,1,-1,AA3041,0,2,90
T420,T422,11:12:40,3,-1,1,AA2855,0,2,50
T557,T558,11:13:00,3,1,-1,AA3041,0,2,30
T423,T421,11:13:00,3,0,1,AB6615,0,2,30
T420,T422,11:13:10,3,0,1,AA5945,0,2,30
T422,T424,11:14:05,3,-1,1,AA2855,0,2,74
T422,T424,11:14:15,3,0,1,AA5945,0,2,54
T558,T551/1,11:14:55,3,0,1,AA3041,0,2,80
M231,M219,11:15:05,3,0,2,AA1864,0,2,50
M219,M50,11:17:27,3,0,2,AA1864,0,2,100
T424,T559,11:17:47,3,-1,-1,AA2855,0,2,191
T424,T559,11:17:47,3,0,-1,AA5945,0,2,181
T551/1,T425,11:18:37,3,0,1,AA3041,0,2,191
T559,T552,11:19:18,3,-1,-1,AA2855,0,2,60
T425,T423,11:19:28,3,0,1,AA3041,0,2,30
T559,T552,11:19:28,3,0,-1,AA5945,0,2,30
M50,T420,11:19:48,3,2,1,AA2661,3,2,953
T552,T553,11:20:08,3,-1,-1,AA2855,0,2,10
T552,T553,11:20:08,3,0,-1,AA5945,0,2,10
T423,T421,11:20:28,3,0,1,AA3041,0,2,40
T420,T422,11:20:49,3,2,1,AA2661,0,2,30
T553,T554,11:20:59,3,0,-1,AA5945,0,2,40
T553,T554,11:20:59,3,-1,-1,AA2855,0,2,40
T422,T424,11:21:29,3,2,1,AA2661,0,2,30
T554,T555/2,11:22:42,3,0,-1,AA5945,0,2,93
T554,T555/2,11:22:52,3,-1,-1,AA2855,0,2,93
M247,M231,11:23:02,3,0,1,AA2403,0,2,10
T555/2,T550/4,11:24:03,3,-1,-1,AA5945,0,2,60
T550/4,T556,11:24:13,3,0,-1,AB6136,0,2,30
M231,M219,11:24:23,3,0,2,AA2403,0,2,50
T555/2,T550/4,11:24:23,3,-1,-1,AA2855,0,2,70
T424,T559,11:25:25,3,3,-1,AA2661,0,2,184
T420,T422,11:26:05,3,1,1,AB6393,0,2,30
T556,T557,11:26:45,3,0,-1,AB6136,0,2,100
M219,M50,11:27:06,3,0,1,AA2403,0,2,70
T559,T552,11:27:06,3,4,-1,AA2661,0,2,30
T422,T424,11:27:16,3,1,1,AB6393,0,2,60
T552,T553,11:28:26,3,3,-1,AA2661,0,2,10
T557,T558,11:28:36,3,0,-1,AB6136,0,2,30
T421,M247,11:29:17,3,0,1,AB6615,2,2,966
T553,T554,11:29:17,3,3,-1,AA2661,0,2,40
M247,M231,11:30:07,3,0,2,AB6615,0,2,20
T558,T551/1,11:30:38,3,1,1,AB6136,0,2,70
T424,T559,11:30:38,3,1,-1,AB6393,0,2,171
T554,T555/2,11:31:08,3,2,-1,AA2661,0,2,80
T559,T552,11:31:58,3,1,-1,AB6393,0,2,30
T552,T553,11:32:49,3,1,-1,AB6393,0,2,10
T555/2,T550/4,11:32:59,3,-1,-1,AA2661,0,2,70
T553,T554,11:33:30,3,1,-1,AB6393,0,2,30
T551/1,T425,11:34:00,3,1,1,AB6136,0,2,172
M231,M50,11:34:45,3,0,1,AB6615,1,2,217
T425,T423,11:35:05,3,1,1,AB6136,0,2,30
T554,T555/2,11:35:15,3,1,-1,AB6393,0,2,95
T421,M247,11:35:46,3,0,1,AA3041,2,2,897
T550/4,T556,11:36:06,3,0,-1,AA5945,0,2,30
T423,T421,11:36:26,3,1,1,AB6136,0,2,70
M247,M231,11:36:26,3,0,2,AA3041,0,2,20
T555/2,T550/4,11:36:26,3,-1,-1,AB6393,0,2,60
T420,T422,11:36:36,3,0,1,AA1864,0,2,30
T422,T424,11:37:17,3,0,1,AA1864,0,2,30
T556,T557,11:37:57,3,0,-1,AA5945,0,2,80
T557,T558,11:38:27,3,0,-1,AA5945,0,2,20
M231,M219,11:38:27,3,0,3,AA3041,0,2,80
T558,T551/1,11:40:19,3,0,1,AA5945,0,2,80
M219,M50,11:40:29,3,0,1,AA3041,0,2,70
T424,T559,11:40:29,3,0,-1,AA1864,0,2,171
T559,T552,11:41:50,3,1,-1,AA1864,0,2,20
T552,T553,11:42:30,3,0,-1,AA1864,0,2,10
T553,T554,11:43:11,3,0,-1,AA1864,0,2,30
T551/1,T425,11:43:44,3,1,1,AA5945,0,2,165
T425,T423,11:44:35,3,1,1,AA5945,0,2,40
T554,T555/2,11:44:55,3,0,-1,AA1864,0,2,94
T423,T421,11:45:35,3,0,1,AA5945,0,2,40
T420,T422,11:46:06,3,0,1,AA2403,0,2,40
T555/2,T550/4,11:46:26,3,-1,-1,AA1864,0,2,70
T422,T424,11:47:36,3,0,1,AA2403,0,2,80
T550/4,T556,11:51:09,3,0,-1,AB6705,0,2,30
T424,T559,11:51:09,3,0,-1,AA2403,0,2,191
T421,M247,11:51:49,3,1,2,AB6136,2,2,902
T559,T552,11:52:30,3,0,-1,AA2403,0,2,30
M247,M231,11:52:40,3,1,2,AB6136,0,2,20
T552,T553,11:53:10,3,0,-1,AA2403,0,2,10
T420,T422,11:53:20,3,0,1,AB6615,0,2,40
T556,T557,11:53:31,3,0,-1,AB6705,0,2,101
T553,T554,11:54:01,3,0,-1,AA2403,0,2,40
T557,T558,11:54:34,3,0,-1,AB6705,0,2,32
M231,M219,11:54:44,3,1,3,AB6136,0,2,93
T554,T555/2,11:55:24,3,0,-1,AA2403,0,2,73
T558,T551/1,11:56:15,3,0,1,AB6705,0,2,80
M219,M50,11:56:55,3,1,1,AB6136,0,2,91
T555/2,T550/4,11:57:05,3,-1,-1,AA2403,0,2,71
T420,T422,11:58:16,3,0,1,AA3041,0,2,30
T422,T559,11:58:36,3,0,-1,AB6615,1,2,305
T422,T424,11:58:57,3,0,-1,AA3041,0,2,30
T550/4,T556,11:59:37,3,0,-1,AA1864,0,2,30
T551/1,T425,11:59:47,3,0,1,AB6705,0,2,181
T559,T552,11:59:47,3,0,-1,AB6615,0,2,20
T425,T423,12:00:28,3,0,1,AB6705,0,2,30
T553,T554,12:01:18,3,0,-1,AB6615,0,2,40
T423,T421,12:01:38,3,0,1,AB6705,0,2,50
T556,T557,12:01:48,3,0,-1,AA1864,0,2,111
T424,T559,12:02:20,3,0,-1,AA3041,0,2,172
T557,T558,12:02:32,3,0,-1,AA1864,0,2,33
T554,T555/2,12:02:32,3,0,-1,AB6615,0,2,63
T559,T552,12:03:34,3,0,-1,AA3041,0,2,21
M247,M231,12:04:04,3,0,2,AA5945,0,2,20
T555/2,T550/4,12:04:20,3,-1,-1,AB6615,0,2,77
T552,T554,12:05:05,3,0,-1,AA3041,1,2,60
T554,T555/2,12:06:16,3,0,-1,AA3041,0,2,60
M231,M219,12:06:26,3,0,3,AA5945,0,2,126
T558,T425,12:07:07,3,0,1,AA1864,1,2,254
T425,T423,12:07:47,3,0,1,AA1864,0,2,30
T555/2,T550/4,12:07:47,3,-1,-1,AA3041,0,2,70
T550/4,T556,12:08:07,3,0,-1,AA2403,0,2,30
M219,M50,12:08:38,3,0,1,AA5945,0,2,101
T423,T421,12:09:18,3,0,1,AA1864,0,2,40
T556,T557,12:10:19,3,0,-1,AA2403,0,2,80
T557,T558,12:11:29,3,0,-1,AA2403,0,2,30
T558,T551/1,12:13:00,3,0,1,AA2403,0,2,80
T420,T422,12:15:56,3,1,1,AB6136,0,2,30
T551/1,T425,12:16:26,3,0,1,AA2403,0,2,171
T425,T423,12:17:17,3,0,1,AA2403,0,2,40
T422,T424,12:17:27,3,1,1,AB6136,0,2,80
T423,T421,12:18:17,3,0,1,AA2403,0,2,30
M247,M231,12:19:18,3,0,2,AB6705,0,2,20
T424,T559,12:21:09,3,0,-1,AB6136,0,2,191
M231,M219,12:21:29,3,0,2,AB6705,0,2,121
T559,T552,12:22:34,3,0,-1,AB6136,0,2,34
T552,T553,12:23:14,3,0,-1,AB6136,0,2,10
T553,T554,12:24:15,3,0,-1,AB6136,0,2,50
M219,M50,12:24:35,3,0,-1,AB6705,0,2,155
T421,M247,12:25:36,3,0,1,AA1864,2,2,968
T554,T555/2,12:25:56,3,0,-1,AB6136,0,2,80
M247,M231,12:26:06,3,0,2,AA1864,0,2,10
T420,T422,12:26:16,3,0,1,AA5945,0,2,30
T556,T558,12:26:57,3,0,-1,AA3041,1,2,141
T422,T424,12:26:57,3,0,1,AA5945,0,2,30
M231,M219,12:27:37,3,0,2,AA1864,0,2,60
T555/2,T550/4,12:27:47,3,-1,-1,AB6136,0,2,80
T558,T551/1,12:28:28,3,0,1,AA3041,0,2,80
M219,M50,12:28:38,3,0,1,AA1864,0,2,30
T424,T559,12:30:09,3,0,-1,AA5945,0,2,181
T559,T552,12:31:19,3,0,-1,AA5945,0,2,30
T551/1,T425,12:31:50,3,0,1,AA3041,0,2,171
T552,T553,12:32:00,3,0,-1,AA5945,0,2,10
T425,T423,12:32:45,3,0,1,AA3041,0,2,34
T553,T554,12:32:45,3,0,-1,AA5945,0,2,34
T423,T421,12:33:45,3,0,1,AA3041,0,2,40
T554,T555/2,12:34:06,3,0,-1,AA5945,0,2,70
T555/2,T550/4,12:35:57,3,-1,-1,AA5945,0,2,80
M247,M231,12:37:38,3,0,2,AA2403,0,2,20
T550/4,T556,12:38:38,3,0,-1,AB6136,0,2,30
M231,M219,12:39:49,3,0,2,AA2403,0,2,90
T556,T557,12:40:40,3,0,-1,AB6136,0,2,81
T557,T558,12:41:40,3,0,-1,AB6136,0,2,30
M50,T420,12:42:01,3,0,1,AB6705,3,2,954
M219,M50,12:43:13,3,0,2,AA2403,0,2,133
T558,T551/1,12:43:44,3,1,1,AB6136,0,2,82
T420,T424,12:44:34,3,0,1,AB6705,1,2,121
T420,T422,12:46:15,3,0,1,AA1864,0,2,40
T551/1,T425,12:46:56,3,1,1,AB6136,0,2,161
T422,T424,12:46:56,3,0,1,AA1864,0,2,30
T425,T423,12:47:46,3,1,1,AB6136,0,2,40
T424,T559,12:48:47,3,0,-1,AB6705,0,2,212
T423,T421,12:49:07,3,1,1,AB6136,0,2,40
T424,T559,12:50:18,3,0,-1,AA1864,0,2,191
T559,T552,12:50:18,3,0,-1,AB6705,0,2,30
T559,T552,12:51:18,3,0,-1,AA1864,0,2,20
T552,T553,12:51:18,3,0,-1,AB6705,0,2,10
T552,T553,12:51:59,3,0,-1,AA1864,0,2,10
T553,T554,12:52:09,3,0,-1,AB6705,0,2,40
T553,T554,12:52:39,3,0,-1,AA1864,0,2,30
T554,T555/2,12:54:00,3,0,-1,AB6705,0,2,80
T554,T555/2,12:54:10,3,0,-1,AA1864,0,2,80
M231,M219,12:54:34,3,0,3,AA3041,0,2,84
T555/2,T550/4,12:55:24,3,-1,-1,AA1864,0,2,64
T555/2,T550/4,12:55:54,3,-1,-1,AB6705,0,2,70
M219,M50,12:56:15,3,0,-1,AA3041,0,2,60
T556,T557,13:02:32,3,1,-1,AB6705,0,2,93
T420,T422,13:03:02,3,1,1,AA2403,0,2,42
T557,T558,13:03:33,3,1,-1,AB6705,0,2,30
T422,T424,13:04:43,3,1,1,AA2403,0,2,90
T558,T551/1,13:06:04,3,1,1,AB6705,0,2,90
M247,M231,13:06:34,3,1,2,AB6136,0,2,20
M231,M219,13:08:26,3,1,3,AB6136,0,2,101
T424,T559,13:08:46,3,1,-1,AA2403,0,2,202
T551/1,T425,13:09:26,3,1,1,AB6705,0,2,171
T425,T423,13:10:17,3,1,1,AB6705,0,2,30
T559,T552,13:10:17,3,1,-1,AA2403,0,2,30
M219,M50,13:10:57,3,1,1,AB6136,0,2,111
T552,T553,13:10:57,3,0,-1,AA2403,0,2,10
T423,T421,13:11:18,3,1,1,AB6705,0,2,30
T553,T554,13:11:38,3,0,-1,AA2403,0,2,30
T550/4,T556,13:13:09,3,0,-1,AA1864,0,2,30
T554,T555/2,13:13:19,3,0,-1,AA2403,0,2,70
T420,T422,13:14:50,3,0,1,AA3041,0,2,30
T555/2,T550/4,13:14:50,3,-1,-1,AA2403,0,2,60
T556,T557,13:15:10,3,1,-1,AA1864,0,2,90
T557,T558,13:16:04,3,1,-1,AA1864,0,2,30
T422,T424,13:16:24,3,0,1,AA3041,0,2,83
T558,T551/1,13:18:05,3,1,1,AA1864,0,2,81
T424,T559,13:19:57,3,0,-1,AA3041,0,2,182
T559,T552,13:21:27,3,0,-1,AA3041,0,2,30
T551/1,T425,13:21:48,3,1,1,AA1864,0,2,171
T425,T423,13:22:38,3,1,1,AA1864,0,2,30
T552,T554,13:22:48,3,0,-1,AA3041,1,2,50
T423,T421,13:23:49,3,1,1,AA1864,0,2,30
T554,T555/2,13:24:29,3,0,-1,AA3041,0,2,70
T550/4,T556,13:25:41,3,0,-1,AA2403,0,2,40
T555/2,T550/4,13:26:21,3,-1,-1,AA3041,0,2,91
T556,T557,13:27:44,3,0,-1,AA2403,0,2,92
T557,T558,13:28:44,3,0,-1,AA2403,0,2,40
M247,M231,13:29:25,3,0,2,AB6705,0,2,10
T558,T551/1,13:30:35,3,0,-1,AA2403,0,2,80
M231,M219,13:31:26,3,0,-1,AB6705,0,2,60
T420,T424,13:31:36,3,1,-1,AB6136,1,2,90
T551/1,T425,13:34:07,3,0,-1,AA2403,0,2,171
M219,M50,13:34:27,3,0,-1,AB6705,0,2,90
T424,T559,13:34:58,3,1,-1,AB6136,0,2,171
T425,T423,13:35:08,3,0,1,AA2403,0,2,40
T423,T421,13:36:19,3,0,1,AA2403,0,2,30
T559,T552,13:36:29,3,1,-1,AB6136,0,2,30
T552,T554,13:38:00,3,0,-1,AB6136,1,2,60
T554,T555/2,13:39:33,3,0,-1,AB6136,0,2,73
T555/2,T550/4,13:41:14,3,-1,-1,AB6136,0,2,70
M247,M231,13:42:05,3,1,1,AA1864,0,2,20
M231,M219,13:44:07,3,1,2,AA1864,0,2,91
M219,M50,13:47:23,3,1,1,AA1864,0,2,134
T558,T425,13:49:06,3,0,1,AA3041,1,2,123
T425,T423,13:50:17,3,0,1,AA3041,0,2,30
T423,T421,13:51:27,3,0,1,AA3041,0,2,40
M50,T420,13:51:27,3,0,1,AB6705,3,2,949
T420,T422,13:52:28,3,0,1,AB6705,0,2,30
T422,T424,13:53:18,3,0,1,AB6705,0,2,40
M247,M231,13:55:54,3,0,2,AA2403,0,2,10
T424,T559,13:56:45,3,0,-1,AB6705,0,2,175
M231,M219,13:57:56,3,1,3,AA2403,0,2,81
T550/4,T556,13:58:17,3,0,-1,AB6136,0,2,40
T559,T552,13:58:17,3,0,-1,AB6705,0,2,20
T552,T553,13:58:57,3,0,-1,AB6705,0,2,10
T553,T554,13:59:58,3,0,-1,AB6705,0,2,50
T556,T557,14:00:08,3,0,-1,AB6136,0,2,80
T557,T558,14:00:58,3,0,-1,AB6136,0,2,30
T554,T555/2,14:01:29,3,0,-1,AB6705,0,2,60
T558,T551/1,14:02:40,3,0,1,AB6136,0,2,80
T555/2,T550/4,14:03:00,3,-1,-1,AB6705,0,2,71
M219,M50,14:04:03,3,1,1,AA2403,0,2,265
T551/1,T425,14:05:54,3,0,1,AB6136,0,2,153
T420,T422,14:06:14,3,1,1,AA1864,0,2,40
T425,T423,14:06:45,3,0,1,AB6136,0,2,40
T423,T421,14:07:35,3,0,1,AB6136,0,2,40
T422,T424,14:08:06,3,1,1,AA1864,0,2,101
T421,M247,14:08:36,3,0,1,AA3041,2,2,968
M247,M231,14:09:17,3,0,2,AA3041,0,2,20
M231,M219,14:11:28,3,0,3,AA3041,0,2,90
T424,T559,14:11:59,3,2,-1,AA1864,0,2,182
T559,T552,14:13:19,3,2,-1,AA1864,0,2,30
M219,M50,14:13:30,3,0,-1,AA3041,0,2,40
T552,T553,14:14:00,3,2,-1,AA1864,0,2,10
T553,T554,14:15:03,3,2,-1,AA1864,0,2,52
T550/4,T556,14:15:23,3,1,-1,AB6705,0,2,73
T554,T555/2,14:17:05,3,2,-1,AA1864,0,2,90
T556,T557,14:17:47,3,0,-1,AB6705,0,2,102
T557,T558,14:18:27,3,0,-1,AB6705,0,2,30
T555/2,T550/4,14:18:37,3,-1,-1,AA1864,0,2,72
T558,T551/1,14:20:39,3,1,1,AB6705,0,2,91
T551/1,T425,14:24:05,3,1,1,AB6705,0,2,176
T425,T423,14:25:06,3,0,1,AB6705,0,2,30
T420,T422,14:25:37,3,1,1,AA2403,0,2,40
M247,M231,14:26:07,3,0,2,AB6136,0,2,20
T423,T421,14:26:27,3,0,1,AB6705,0,2,30
T422,T424,14:27:08,3,1,-1,AA2403,0,2,81
M231,M219,14:28:59,3,0,2,AB6136,0,2,161
T550/4,T556,14:29:49,3,-1,-1,AA7207,0,2,40
M50,T420,14:30:37,3,0,1,AA3041,3,2,964
T424,T559,14:31:17,3,2,-1,AA2403,0,2,209
T556,T557,14:32:18,3,-1,-1,AA7207,0,2,101
T420,T424,14:32:18,3,0,1,AA3041,1,2,61
T557,T558,14:33:09,3,-1,-1,AA7207,0,2,30
T559,T552,14:33:09,3,3,-1,AA2403,0,2,30
M219,M50,14:33:19,3,0,1,AB6136,0,2,220
T552,T553,14:34:20,3,1,-1,AA2403,0,2,10
T558,T551/1,14:35:23,3,-1,1,AA7207,0,2,93
T553,T554,14:35:23,3,1,-1,AA2403,0,2,50
T424,T559,14:35:54,3,0,-1,AA3041,0,2,184
T554,T555/2,14:36:54,3,1,-1,AA2403,0,2,70
T559,T552,14:37:05,3,0,-1,AA3041,0,2,30
T552,T553,14:37:35,3,0,-1,AA3041,0,2,10
T553,T554,14:38:15,3,0,-1,AA3041,0,2,30
T555/2,T550/4,14:38:35,3,-1,-1,AA2403,0,2,60
T551/1,T425,14:38:56,3,-1,1,AA7207,0,2,171
T554,T555/2,14:39:46,3,0,-1,AA3041,0,2,70
T425,T423,14:39:56,3,-1,1,AA7207,0,2,30
T555/2,T550/4,14:41:07,3,-1,-1,AA3041,0,2,40
T423,T421,14:41:17,3,-1,1,AA7207,0,2,40
M247,M231,14:44:39,3,0,2,AB6705,0,2,10
T550/4,T556,14:45:50,3,0,-1,AA2403,0,2,40
M231,M219,14:46:35,3,0,3,AB6705,0,2,65
T556,T557,14:48:16,3,0,-1,AA2403,0,2,101
T557,T558,14:49:07,3,0,-1,AA2403,0,2,30
T558,T551/1,14:51:08,3,1,1,AA2403,0,2,91
M219,M50,14:52:10,3,0,-1,AB6705,0,2,213
T420,T424,14:53:04,3,0,-1,AB6136,1,2,63
T551/1,T425,14:54:25,3,0,1,AA2403,0,2,175
T425,T423,14:56:06,3,0,1,AA2403,0,2,40
T423,T421,14:57:16,3,0,1,AA2403,0,2,40
T559,T552,14:57:57,3,0,-1,AB6136,0,2,30
T552,T553,14:58:37,3,0,-1,AB6136,0,2,10
T553,T554,14:59:28,3,0,-1,AB6136,0,2,40
T554,T555/2,15:01:09,3,0,-1,AB6136,0,2,70
M247,M231,15:02:19,3,-1,1,AA7207,0,2,20
T555/2,T550/4,15:02:40,3,-1,-1,AB6136,0,2,70
M231,M219,15:03:51,3,-1,3,AA7207,0,2,81
T558,T551/1,15:04:42,3,0,1,AA3041,0,2,81
T551/1,T425,15:08:04,3,0,1,AA3041,0,2,182
T550/4,T556,15:08:55,3,2,-1,AB6049,0,2,50
T425,T423,15:09:05,3,0,1,AA3041,0,2,40
T423,T421,15:10:26,3,0,1,AA3041,0,2,50
T556,T557,15:10:56,3,2,-1,AB6049,0,2,91
M219,M50,15:10:56,3,-1,-1,AA7207,0,2,384
T557,T558,15:11:37,3,2,-1,AB6049,0,2,30
T420,T422,15:13:08,3,0,1,AB6705,0,2,40
T558,T551/1,15:13:38,3,1,1,AB6049,0,2,81
T422,T424,15:14:29,3,0,1,AB6705,0,2,70
M247,M231,15:15:09,3,0,2,AA2403,0,2,10
T550/4,T556,15:15:30,3,0,-1,AB6136,0,2,41
T551/1,T425,15:17:03,3,0,1,AB6049,0,2,174
T556,T557,15:17:44,3,0,-1,AB6136,0,2,93
M231,M219,15:17:44,3,0,3,AA2403,0,2,93
T425,T423,15:18:15,3,0,1,AB6049,0,2,40
T424,T559,15:18:15,3,0,-1,AB6705,0,2,216
T423,T421,15:19:05,3,0,1,AB6049,0,2,40
T557,T558,15:19:15,3,0,-1,AB6136,0,2,30
T559,T552,15:19:46,3,0,-1,AB6705,0,2,30
T552,T553,15:20:16,3,0,-1,AB6705,0,2,10
T553,T554,15:20:56,3,0,-1,AB6705,0,2,20
T558,T551/1,15:21:17,3,0,1,AB6136,0,2,90
T554,T555/2,15:22:17,3,0,-1,AB6705,0,2,60
T550/4,T556,15:23:08,3,-1,-1,AA2855,0,2,50
T555/2,T550/4,15:23:38,3,-1,-1,AB6705,0,2,70
M219,M50,15:24:39,3,0,2,AA2403,0,2,222
T551/1,T425,15:24:49,3,0,1,AB6136,0,2,181
T556,T557,15:25:29,3,-1,-1,AA2855,0,2,111
T425,T423,15:25:49,3,0,1,AB6136,0,2,30
T557,T558,15:26:34,3,-1,-1,AA2855,0,2,34
T423,T421,15:26:54,3,0,1,AB6136,0,2,34
T558,T551/1,15:28:45,3,-1,1,AA2855,0,2,101
M247,M231,15:28:55,3,0,2,AA3041,0,2,20
T550/4,T556,15:29:26,3,0,-1,AA2661,0,2,50
M231,M219,15:30:26,3,0,3,AA3041,0,2,50
T556,T557,15:30:57,3,0,-1,AA2661,0,2,80
T420,T422,15:32:38,3,-1,1,AA7207,0,2,40
T551/1,T425,15:32:58,3,-1,1,AA2855,0,2,202
T422,T424,15:33:08,3,-1,1,AA7207,0,2,20
T557,T551/1,15:33:18,3,0,1,AA2661,1,2,131
T425,T423,15:33:59,3,-1,1,AA2855,0,2,30
M219,M50,15:34:40,3,0,-1,AA3041,0,2,213
T423,T421,15:35:20,3,-1,1,AA2855,0,2,40
T551/1,T425,15:36:43,3,0,1,AA2661,0,2,184
T424,T559,15:36:53,3,-1,-1,AA7207,0,2,184
T425,T423,15:37:44,3,0,1,AA2661,0,2,50
M247,M231,15:37:44,3,0,1,AB6049,0,2,10
T559,T552,15:38:34,3,-1,-1,AA7207,0,2,20
T423,T421,15:38:44,3,0,1,AA2661,0,2,40
M231,M219,15:39:15,3,0,3,AB6049,0,2,60
T552,T553,15:39:15,3,-1,-1,AA7207,0,2,10
T553,T554,15:40:25,3,-1,-1,AA7207,0,2,50
T550/4,T556,15:40:36,3,1,-1,AA1864,0,2,40
T554,T555/2,15:42:07,3,-1,-1,AA7207,0,2,70
T556,T557,15:42:47,3,1,-1,AA1864,0,2,90
M219,M50,15:43:27,3,0,2,AB6049,0,2,181
T557,T558,15:43:37,3,1,-1,AA1864,0,2,30
T555/2,T550/4,15:43:48,3,-1,-1,AA7207,0,2,60
T420,T422,15:43:58,3,0,1,AA2403,0,2,30
T422,T424,15:44:48,3,0,1,AA2403,0,2,30
T550/4,T556,15:45:59,3,0,-1,AB6393,0,2,60
T558,T551/1,15:45:59,3,2,1,AA1864,0,2,91
M247,M231,15:46:30,3,0,2,AB6136,0,2,20
T556,T557,15:47:54,3,0,-1,AB6393,0,2,84
T424,T559,15:48:25,3,0,-1,AA2403,0,2,206
M231,M219,15:48:35,3,0,3,AB6136,0,2,94
T557,T558,15:48:45,3,0,-1,AB6393,0,2,30
T551/1,T425,15:49:25,3,2,1,AA1864,0,2,165
T559,T552,15:49:45,3,0,-1,AA2403,0,2,30
T425,T423,15:50:36,3,2,-1,AA1864,0,2,40
T552,T553,15:50:46,3,0,-1,AA2403,0,2,20
T558,T551/1,15:50:56,3,0,-1,AB6393,0,2,81
M50,T420,15:51:17,3,0,-1,AA3041,3,2,935
T553,T554,15:51:27,3,0,-1,AA2403,0,2,30
T550/4,T556,15:52:27,3,0,-1,AB6705,0,2,40
T554,T555/2,15:52:58,3,0,-1,AA2403,0,2,80
M219,M50,15:53:08,3,0,-1,AB6136,0,2,202
T420,T424,15:53:18,3,0,-1,AA3041,1,2,101
T555/2,T550/4,15:54:39,3,-1,-1,AA2403,0,2,70
T551/1,T425,15:54:49,3,1,-1,AB6393,0,2,171
T556,T557,15:54:59,3,0,-1,AB6705,0,2,121
T557,T558,15:55:49,3,0,-1,AB6705,0,2,40
T425,T423,15:55:59,3,1,1,AB6393,0,2,30
T550/4,T556,15:56:20,3,-1,-1,AA7207,0,2,40
M247,M231,15:56:31,3,-1,2,AA2855,0,2,21
T424,T559,15:56:42,3,0,-1,AA3041,0,2,183
T423,T421,15:57:02,3,1,1,AB6393,0,2,42
M231,M219,15:57:52,3,-1,3,AA2855,0,2,50
T559,T552,15:58:03,3,0,-1,AA3041,0,2,20
T556,T557,15:58:44,3,-1,-1,AA7207,0,2,102
T558,T551/1,15:58:44,3,1,1,AB6705,0,2,92
T552,T553,15:58:44,3,0,-1,AA3041,0,2,10
T553,T554,15:59:25,3,0,-1,AA3041,0,2,30
T557,T558,15:59:35,3,-1,-1,AA7207,0,2,30
M247,M231,15:59:55,3,0,2,AA2661,0,2,10
T420,T422,16:01:26,3,0,1,AB6049,0,2,30
T554,T555/2,16:01:26,3,0,-1,AA3041,0,2,90
M231,M219,16:01:46,3,0,3,AA2661,0,2,80
T422,T424,16:01:56,3,0,1,AB6049,0,2,20
M219,M50,16:02:16,3,-1,1,AA2855,0,2,201
T558,T551/1,16:02:26,3,-1,1,AA7207,0,2,90
T551/1,T425,16:02:26,3,1,1,AB6705,0,2,181
T550/4,T556,16:02:57,3,-1,-1,AB6615,0,2,30
T555/2,T550/4,16:03:17,3,-1,-1,AA3041,0,2,80
T425,T423,16:03:37,3,0,1,AB6705,0,2,40
T556,T557,16:04:48,3,-1,-1,AB6615,0,2,91
T423,T421,16:04:58,3,1,1,AB6705,0,2,40
T424,T559,16:05:19,3,0,-1,AB6049,0,2,172
T557,T558,16:05:39,3,-1,-1,AB6615,0,2,30
T551/1,T425,16:05:59,3,-1,1,AA7207,0,2,172
M219,M50,16:06:40,3,0,1,AA2661,0,2,243
T559,T552,16:06:40,3,1,-1,AB6049,0,2,20
T425,T423,16:07:20,3,-1,1,AA7207,0,2,40
T552,T553,16:07:20,3,1,-1,AB6049,0,2,10
T423,T421,16:08:22,3,-1,1,AA7207,0,2,40
T553,T554,16:08:22,3,1,-1,AB6049,0,2,50
T558,T551/1,16:08:32,3,0,1,AB6615,0,2,92
T554,T555/2,16:09:54,3,0,-1,AB6049,0,2,72
M247,M231,16:10:15,3,2,2,AA1864,0,2,20
T550/4,T556,16:10:25,3,0,-1,AB6171,0,2,62
T555/2,T550/4,16:11:26,3,-1,-1,AB6049,0,2,71
M231,M219,16:12:07,3,2,3,AA1864,0,2,70
T551/1,T425,16:12:27,3,0,1,AB6615,0,2,162
T556,T557,16:12:47,3,0,-1,AB6171,0,2,101
T420,T422,16:13:18,3,0,1,AB6136,0,2,30
T425,T423,16:13:38,3,0,1,AB6615,0,2,40
T557,T558,16:13:48,3,1,-1,AB6171,0,2,30
M219,M50,16:14:08,3,2,1,AA1864,0,2,91
T423,T421,16:14:49,3,0,1,AB6615,0,2,40
T422,T424,16:15:20,3,0,1,AB6136,0,2,111
T558,T551/1,16:15:52,3,1,1,AB6171,0,2,93
T550/4,T556,16:16:22,3,0,-1,AA2403,0,2,40
M247,M219,16:16:55,3,0,3,AB6393,1,2,52
T556,T557,16:18:56,3,0,-1,AA2403,0,2,111
T424,T559,16:18:56,3,0,-1,AB6136,0,2,184
T551/1,T425,16:19:37,3,2,1,AB6171,0,2,172
T557,T558,16:20:07,3,0,-1,AA2403,0,2,40
M219,M50,16:20:28,3,0,1,AB6393,0,2,151
T559,T552,16:20:28,3,0,-1,AB6136,0,2,30
T425,T423,16:20:48,3,1,1,AB6171,0,2,40
T553,T554,16:21:49,3,0,-1,AB6136,0,2,50
T558,T551/1,16:21:59,3,0,1,AA2403,0,2,91
T423,T421,16:22:09,3,1,1,AB6171,0,2,40
T554,T555/2,16:23:10,3,0,-1,AB6136,0,2,70
T420,T424,16:24:15,3,-1,1,AA2855,1,2,105
T555/2,T550/4,16:24:35,3,-1,-1,AB6136,0,2,60
M247,M231,16:24:55,3,0,3,AB6705,0,2,20
T550/4,T558,16:25:05,3,1,-1,AA3041,2,2,247
T551/1,T425,16:25:36,3,0,1,AA2403,0,2,186
M231,M219,16:25:56,3,0,3,AB6705,0,2,30
T420,T422,16:25:56,3,0,1,AA2661,0,2,40
T425,T423,16:26:26,3,0,1,AA2403,0,2,40
T422,T424,16:26:26,3,0,1,AA2661,0,2,20
T558,T551/1,16:26:57,3,1,1,AA3041,0,2,91
T423,T421,16:27:27,3,0,1,AA2403,0,2,40
T424,T559,16:27:37,3,-1,-1,AA2855,0,2,182
T550/4,T556,16:28:18,3,0,-1,AB6049,0,2,30
M247,M231,16:28:38,3,-1,1,AA7207,0,2,20
T559,T552,16:28:58,3,-1,-1,AA2855,0,2,30
M219,M50,16:29:49,3,0,-1,AB6705,0,2,192
T424,T559,16:29:49,3,0,-1,AA2661,0,2,182
T552,T554,16:30:09,3,-1,-1,AA2855,1,2,60
T556,T557,16:30:39,3,0,-1,AB6049,0,2,91
T551/1,T425,16:30:39,3,1,-1,AA3041,0,2,182
M231,M219,16:30:39,3,-1,-1,AA7207,0,2,91
T559,T552,16:31:20,3,0,-1,AA2661,0,2,20
T557,T558,16:31:44,3,0,-1,AB6049,0,2,34
T425,T423,16:31:44,3,1,-1,AA3041,0,2,34
T554,T555/2,16:31:44,3,-1,-1,AA2855,0,2,85
T552,T553,16:31:54,3,0,-1,AA2661,0,2,10
T420,T422,16:32:25,3,1,-1,AA1864,0,2,30
T553,T554,16:32:45,3,0,-1,AA2661,0,2,30
T423,T421,16:32:55,3,0,-1,AA3041,0,2,40
M247,M231,16:33:05,3,0,-1,AB6615,0,2,20
T555/2,T550/4,16:33:15,3,-1,-1,AA2855,0,2,60
T550/4,T556,16:33:25,3,0,-1,AB6136,0,2,30
T422,T424,16:33:25,3,1,-1,AA1864,0,2,50
T558,T551/1,16:33:36,3,0,-1,AB6049,0,2,91
T554,T555/2,16:34:16,3,0,-1,AA2661,0,2,70
M219,M50,16:34:26,3,-1,-1,AA7207,0,2,172
M231,M219,16:35:17,3,0,3,AB6615,0,2,111
T555/2,T550/4,16:35:17,3,-1,-1,AA2661,0,2,50
T556,T557,16:35:47,3,0,-1,AB6136,0,2,101
T557,T558,16:36:48,3,0,-1,AB6136,0,2,30
T424,T559,16:36:48,3,1,-1,AA1864,0,2,192
M219,M50,16:37:08,3,0,1,AB6615,0,2,80
T551/1,T423,16:37:58,3,1,1,AB6049,1,2,222
T559,T552,16:38:08,3,1,-1,AA1864,0,2,20
T420,T422,16:38:29,3,0,1,AB6393,0,2,30
T558,T551/1,16:38:39,3,0,1,AB6136,0,2,80
T552,T553,16:38:49,3,1,-1,AA1864,0,2,10
T423,T421,16:38:59,3,1,1,AB6049,0,2,40
T422,T424,16:39:29,3,0,1,AB6393,0,2,50
T553,T554,16:39:29,3,1,-1,AA1864,0,2,30
T554,T555/2,16:41:21,3,1,-1,AA1864,0,2,101
T424,T552,16:41:54,3,0,-1,AB6393,1,2,134
T551/1,T425,16:42:29,3,1,1,AB6136,0,2,179
T555/2,T550/4,16:42:49,3,-1,-1,AA1864,0,2,64
T425,T423,16:43:29,3,1,1,AB6136,0,2,40
T550/4,T556,16:44:10,3,-1,-1,AA2855,0,2,40
T423,T421,16:44:20,3,1,1,AB6136,0,2,30
T552,T553,16:44:30,3,0,-1,AB6393,0,2,121
T553,T554,16:45:21,3,1,-1,AB6393,0,2,40
T556,T557,16:46:13,3,-1,-1,AA2855,0,2,82
M247,M231,16:46:13,3,1,2,AB6171,0,2,20
T554,T555/2,16:46:33,3,1,-1,AB6393,0,2,60
T557,T558,16:47:13,3,-1,-1,AA2855,0,2,40
T555/2,T550/4,16:48:15,3,-1,-1,AB6393,0,2,71
T558,T551/1,16:49:06,3,-1,1,AA2855,0,2,91
T550/4,T556,16:49:16,3,0,-1,AA2661,0,2,40
M231,M219,16:49:26,3,1,3,AB6171,0,2,142
T420,T422,16:49:36,3,0,1,AB6705,0,2,40
M247,M231,16:50:44,3,0,3,AA2403,0,2,21
T422,T424,16:50:54,3,0,1,AB6705,0,2,63
T556,T557,16:51:15,3,0,-1,AA2661,0,2,83
M247,M231,16:51:25,3,0,3,AA3041,0,2,10
T557,T558,16:52:05,3,0,-1,AA2661,0,2,30
T551/1,T425,16:52:46,3,-1,1,AA2855,0,2,174
M219,M50,16:53:26,3,2,1,AB6171,0,2,194
T558,T551/1,16:53:47,3,0,1,AA2661,0,2,80
T425,T423,16:53:57,3,-1,1,AA2855,0,2,30
M231,M219,16:53:57,3,0,3,AA2403,0,2,141
M231,M219,16:54:07,3,0,3,AA3041,0,2,131
T424,T559,16:54:47,3,0,-1,AB6705,0,2,202
T423,T421,16:55:08,3,-1,1,AA2855,0,2,40
T420,T422,16:55:18,3,-1,1,AA7207,0,2,30
T420,T422,16:55:18,3,0,1,AB6615,0,2,30
T559,T552,16:55:59,3,0,-1,AB6705,0,2,30
T551/1,T425,16:56:49,3,0,1,AA2661,0,2,172
T552,T553,16:56:49,3,0,-1,AB6705,0,2,10
T422,T424,16:57:10,3,-1,1,AA7207,0,2,101
T422,T424,16:57:10,3,0,1,AB6615,0,2,101
T425,T423,16:57:40,3,0,1,AA2661,0,2,40
T553,T554,16:57:40,3,0,-1,AB6705,0,2,40
M219,M50,16:57:50,3,0,1,AA2403,0,2,172
M219,M50,16:57:50,3,0,1,AA3041,0,2,151
T423,T421,16:58:45,3,0,1,AA2661,0,2,30
T554,T555/2,16:59:35,3,0,-1,AB6705,0,2,80
T550/4,T556,17:00:06,3,0,-1,AA1864,0,2,30
M247,M231,17:00:36,3,0,2,AB6049,0,2,10
T424,T559,17:00:36,3,0,-1,AB6615,0,2,186
T424,T559,17:00:46,3,-1,-1,AA7207,0,2,186
T555/2,T550/4,17:01:16,3,-1,-1,AB6705,0,2,70
T559,T552,17:01:57,3,0,-1,AB6615,0,2,20
T556,T557,17:02:17,3,0,-1,AA1864,0,2,101
T559,T552,17:02:17,3,-1,-1,AA7207,0,2,30
T552,T553,17:02:27,3,0,-1,AB6615,0,2,10
T552,T553,17:02:47,3,-1,-1,AA7207,0,2,10
T553,T554,17:03:08,3,0,-1,AB6615,0,2,30
M231,M219,17:03:18,3,0,3,AB6049,0,2,141
T557,T558,17:03:38,3,0,-1,AA1864,0,2,30
T554,T555/2,17:04:40,3,0,-1,AB6615,0,2,82
T553,T555/2,17:05:10,3,-1,-1,AA7207,1,2,132
T558,T551/1,17:05:32,3,1,1,AA1864,0,2,83
M247,M231,17:05:32,3,0,2,AB6136,0,2,21
T555/2,T550/4,17:06:02,3,-1,-1,AB6615,0,2,62
T550/4,T556,17:06:12,3,0,-1,AB6393,0,2,113
T555/2,T550/4,17:06:44,3,-1,-1,AA7207,0,2,62
M231,M219,17:08:15,3,0,3,AB6136,0,2,123
T556,T557,17:08:25,3,1,-1,AB6393,0,2,80
M219,M50,17:08:36,3,0,1,AB6049,0,2,225
T551/1,T425,17:09:06,3,1,1,AA1864,0,2,173
T557,T558,17:09:26,3,1,-1,AB6393,0,2,30
T425,T423,17:10:37,3,1,1,AA1864,0,2,40
T558,T551/1,17:11:28,3,2,1,AB6393,0,2,71
T423,T421,17:11:48,3,2,1,AA1864,0,2,40
M219,M50,17:11:48,3,0,1,AB6136,0,2,162
T550/4,T556,17:14:00,3,0,-1,AB6705,0,2,50
T420,T422,17:14:35,3,2,1,AB6171,0,2,35
T551/1,T425,17:15:16,3,3,1,AB6393,0,2,167
T422,T424,17:15:56,3,2,1,AB6171,0,2,71
T425,T423,17:16:16,3,3,1,AB6393,0,2,30
T556,T557,17:16:37,3,0,-1,AB6705,0,2,121
M247,M231,17:16:57,3,-1,3,AA2855,0,2,10
T423,T421,17:17:27,3,3,1,AB6393,0,2,30
T557,T558,17:17:57,3,0,-1,AB6705,0,2,30
M231,M219,17:17:57,3,-1,3,AA2855,0,2,30
T420,T422,17:18:08,3,0,1,AA2403,0,2,20
T420,T424,17:18:08,3,0,1,AA3041,1,2,80
T550/4,T556,17:18:28,3,-1,-1,AA7207,0,2,40
M247,M231,17:19:18,3,0,3,AA2661,0,2,20
T422,T424,17:20:00,3,0,1,AA2403,0,2,102
T424,T559,17:20:00,3,2,-1,AB6171,0,2,213
T558,T551/1,17:20:10,3,1,1,AB6705,0,2,92
T559,T552,17:21:01,3,2,-1,AB6171,0,2,20
T556,T557,17:21:11,3,-1,-1,AA7207,0,2,102
T424,T559,17:21:33,3,0,-1,AA3041,0,2,195
M231,M219,17:21:54,3,0,3,AA2661,0,2,113
M219,M50,17:21:54,3,-1,1,AA2855,0,2,165
T557,T558,17:22:04,3,-1,-1,AA7207,0,2,30
T552,T553,17:22:14,3,3,-1,AB6171,0,2,10
T553,T554,17:22:54,3,3,-1,AB6171,0,2,20
T424,T559,17:23:15,3,0,-1,AA2403,0,2,184
T559,T552,17:23:15,3,0,-1,AA3041,0,2,30
T552,T553,17:23:55,3,0,-1,AA3041,0,2,10
T551/1,T425,17:24:05,3,2,1,AB6705,0,2,194
T554,T555/2,17:24:25,3,3,-1,AB6171,0,2,80
T559,T552,17:24:36,3,0,-1,AA2403,0,2,30
T550/4,T556,17:24:46,3,0,-1,AB6615,0,2,30
T558,T551/1,17:24:46,3,-1,1,AA7207,0,2,80
T553,T554,17:24:56,3,0,-1,AA3041,0,2,40
T552,T553,17:25:06,3,0,-1,AA2403,0,2,10
T553,T554,17:25:46,3,0,-1,AA2403,0,2,30
T425,T423,17:26:07,3,2,1,AB6705,0,2,50
M219,M50,17:26:07,3,0,1,AA2661,0,2,131
T555/2,T550/4,17:26:27,3,-1,-1,AB6171,0,2,91
T554,T555/2,17:26:47,3,0,-1,AA3041,0,2,81
T423,T421,17:27:18,3,1,1,AB6705,0,2,40
T554,T555/2,17:27:18,3,0,-1,AA2403,0,2,81
T556,T557,17:27:28,3,0,-1,AB6615,0,2,91
T557,T558,17:28:28,3,0,-1,AB6615,0,2,40
T551/1,T425,17:28:28,3,-1,1,AA7207,0,2,172
T555/2,T550/4,17:28:28,3,-1,-1,AA3041,0,2,70
T555/2,T550/4,17:28:39,3,-1,-1,AA2403,0,2,70
T420,T424,17:28:59,3,0,1,AB6049,1,2,70
T420,T422,17:29:29,3,0,1,AB6136,0,2,30
T425,T423,17:30:00,3,-1,1,AA7207,0,2,50
T558,T551/1,17:30:41,3,0,1,AB6615,0,2,82
T422,T424,17:30:51,3,0,1,AB6136,0,2,72
T423,T421,17:31:22,3,-1,1,AA7207,0,2,50
M247,M231,17:31:52,3,2,2,AA1864,0,2,20
T424,T559,17:32:13,3,0,-1,AB6049,0,2,173
M231,M219,17:33:35,3,2,3,AA1864,0,2,71
T424,T559,17:34:05,3,0,-1,AB6136,0,2,163
T550/4,T556,17:34:15,3,1,-1,AB6171,0,2,60
T559,T552,17:34:25,3,2,-1,AB6049,0,2,30
T551/1,T425,17:34:35,3,0,1,AB6615,0,2,183
T552,T553,17:35:06,3,2,-1,AB6049,0,2,10
T425,T423,17:35:36,3,0,1,AB6615,0,2,40
T559,T552,17:35:46,3,1,-1,AB6136,0,2,30
T553,T554,17:36:06,3,2,-1,AB6049,0,2,50
M247,M231,17:36:17,3,2,3,AB6393,0,2,20
M219,M50,17:36:27,3,2,-1,AA1864,0,2,131
T552,T553,17:36:27,3,1,-1,AB6136,0,2,10
T423,T421,17:37:07,3,0,1,AB6615,0,2,40
T556,T557,17:37:17,3,2,-1,AB6171,0,2,101
T553,T554,17:37:17,3,1,-1,AB6136,0,2,40
T554,T555/2,17:37:48,3,2,-1,AB6049,0,2,70
T557,T558,17:38:18,3,2,-1,AB6171,0,2,30
M231,M219,17:38:18,3,1,3,AB6393,0,2,91
T554,T555/2,17:38:38,3,1,-1,AB6136,0,2,70
M219,M50,17:39:09,3,1,-1,AB6393,0,2,30
T550/4,T556,17:39:19,3,0,-1,AA2403,0,2,50
T555/2,T550/4,17:39:29,3,-1,-1,AB6049,0,2,60
T420,T422,17:40:09,3,-1,1,AA2855,0,2,30
T555/2,T550/4,17:40:19,3,-1,-1,AB6136,0,2,70
T558,T551/1,17:40:40,3,3,1,AB6171,0,2,91
T422,T424,17:42:23,3,-1,-1,AA2855,0,2,123
T556,T557,17:42:34,3,3,-1,AA2403,0,2,84
T557,T558,17:43:35,3,3,-1,AA2403,0,2,30
T558,T551/1,17:45:57,3,4,1,AA2403,0,2,91
T551/1,T425,17:46:07,3,5,1,AB6171,0,2,202
T550/4,T556,17:46:17,3,1,-1,AA3041,0,2,60
T424,T559,17:46:41,3,-1,-1,AA2855,0,2,216
T420,T422,17:46:51,3,1,1,AA2661,0,2,34
T425,T423,17:47:22,3,5,1,AB6171,0,2,40
T422,T424,17:47:43,3,1,1,AA2661,0,2,41
T559,T552,17:47:43,3,-1,-1,AA2855,0,2,31
T423,T421,17:48:59,3,5,1,AB6171,0,2,40
T556,T557,17:49:09,3,2,-1,AA3041,0,2,107
M247,M231,17:49:19,3,0,2,AB6705,0,2,20
T553,T554,17:49:19,3,-1,-1,AA2855,0,2,60
T557,T558,17:50:10,3,2,-1,AA3041,0,2,30
T551/1,T425,17:50:20,3,5,1,AA2403,0,2,167
T424,T559,17:51:17,3,1,-1,AA2661,0,2,188
M247,M231,17:51:27,3,-1,2,AA7207,0,2,34
T554,T555/2,17:51:27,3,-1,-1,AA2855,0,2,77
M231,M219,17:51:37,3,0,3,AB6705,0,2,87
T425,T423,17:51:47,3,5,1,AA2403,0,2,30
T558,T551/1,17:51:57,3,2,1,AA3041,0,2,84
T559,T552,17:52:38,3,1,-1,AA2661,0,2,30
T552,T553,17:53:18,3,1,-1,AA2661,0,2,10
T555/2,T550/4,17:53:28,3,-1,-1,AA2855,0,2,101
M231,M219,17:53:49,3,-1,3,AA7207,0,2,121
T550/4,T556,17:53:59,3,0,-1,AB6049,0,2,50
T423,T421,17:53:59,3,5,1,AA2403,0,2,50
T553,T554,17:53:59,3,1,-1,AA2661,0,2,30
M219,M50,17:54:09,3,0,-1,AB6705,0,2,111
T551/1,T425,17:55:34,3,2,1,AA3041,0,2,176
T420,T424,17:55:34,3,1,1,AA1864,1,2,95
T554,T555/2,17:55:34,3,0,-1,AA2661,0,2,75
T425,T423,17:56:35,3,3,1,AA3041,0,2,30
M219,M50,17:56:35,3,-1,-1,AA7207,0,2,115
T555/2,T550/4,17:57:05,3,-1,-1,AA2661,0,2,60
T550/4,T556,17:57:56,3,0,-1,AB6136,0,2,40
T556,T557,17:57:56,3,2,-1,AB6049,0,2,101
T423,T421,17:57:56,3,3,1,AA3041,0,2,50
T420,T422,17:57:56,3,1,1,AB6393,0,2,30
M247,M231,17:58:06,3,0,2,AB6615,0,2,10
T557,T558,17:58:36,3,2,-1,AB6049,0,2,30
M231,M219,17:59:27,3,0,3,AB6615,0,2,40
T422,T424,17:59:37,3,2,1,AB6393,0,2,91
T424,T559,17:59:57,3,2,-1,AA1864,0,2,202
T556,T557,18:00:38,3,0,-1,AB6136,0,2,101
T558,T551/1,18:00:38,3,2,1,AB6049,0,2,80
M219,M50,18:01:18,3,0,-1,AB6615,0,2,81
T557,T558,18:01:28,3,0,-1,AB6136,0,2,40
T559,T552,18:01:28,3,2,-1,AA1864,0,2,20
T552,T553,18:02:29,3,3,-1,AA1864,0,2,10
T424,T559,18:03:00,3,2,-1,AB6393,0,2,192
T558,T551/1,18:03:40,3,1,1,AB6136,0,2,80
T553,T554,18:04:00,3,3,-1,AA1864,0,2,80
T551/1,T425,18:04:21,3,2,1,AB6049,0,2,172
T559,T552,18:04:21,3,2,-1,AB6393,0,2,30
T552,T553,18:04:55,3,1,-1,AB6393,0,2,20
T425,T423,18:05:25,3,2,1,AB6049,0,2,30
T554,T555/2,18:05:25,3,3,-1,AA1864,0,2,74
T553,T554,18:05:56,3,2,-1,AB6393,0,2,50
T555/2,T550/4,18:07:17,3,-1,-1,AA1864,0,2,81
T554,T555/2,18:07:47,3,2,-1,AB6393,0,2,91
T550/4,T556,18:08:29,3,-1,-1,AA2855,0,2,72
T551/1,T425,18:09:00,3,3,1,AB6136,0,2,193
T555/2,T550/4,18:09:20,3,-1,-1,AB6393,0,2,72
T425,T423,18:10:34,3,3,1,AB6136,0,2,41
T556,T557,18:11:24,3,-1,-1,AA2855,0,2,111
T423,T421,18:11:55,3,3,1,AB6136,0,2,40
M247,M231,18:12:15,3,5,2,AB6171,0,2,20
T557,T558,18:12:25,3,-1,-1,AA2855,0,2,40
T550/4,T556,18:12:35,3,1,-1,AA2661,0,2,50
M231,M219,18:13:36,3,5,3,AB6171,0,2,30
T420,T422,18:14:37,3,0,1,AB6705,0,2,40
T556,T557,18:14:57,3,2,-1,AA2661,0,2,91
T558,T551/1,18:14:57,3,-1,1,AA2855,0,2,91
T557,T558,18:15:48,3,2,-1,AA2661,0,2,30
T422,T424,18:16:08,3,0,1,AB6705,0,2,81
M219,M50,18:17:20,3,5,-1,AB6171,0,2,173
T558,T551/1,18:17:42,3,2,1,AA2661,0,2,84
M247,M231,18:18:13,3,4,3,AA2403,0,2,20
T420,T422,18:18:34,3,-1,1,AA7207,0,2,51
T551/1,T425,18:19:35,3,-1,1,AA2855,0,2,196
T424,T559,18:19:45,3,0,-1,AB6705,0,2,196
M231,M219,18:20:25,3,3,3,AA2403,0,2,81
T422,T424,18:20:25,3,-1,1,AA7207,0,2,101
T425,T423,18:20:46,3,-1,1,AA2855,0,2,40
T551/1,T425,18:21:26,3,3,1,AA2661,0,2,193
T559,T552,18:21:26,3,0,-1,AB6705,0,2,30
T425,T423,18:22:37,3,3,1,AA2661,0,2,50
T550/4,T556,18:23:18,3,2,-1,AA1864,0,2,40
T423,T421,18:23:18,3,-1,1,AA2855,0,2,40
T553,T554,18:23:18,3,0,-1,AB6705,0,2,60
M247,M219,18:23:48,3,2,3,AA3041,1,2,111
T423,T421,18:23:58,3,4,1,AA2661,0,2,40
T424,T559,18:24:19,3,-1,-1,AA7207,0,2,192
T420,T422,18:24:29,3,0,1,AB6615,0,2,40
M219,M50,18:24:39,3,3,2,AA2403,0,2,131
T554,T555/2,18:25:20,3,0,-1,AB6705,0,2,91
T556,T557,18:25:50,3,3,-1,AA1864,0,2,101
T559,T552,18:25:50,3,-1,-1,AA7207,0,2,20
T422,T424,18:26:20,3,0,1,AB6615,0,2,101
T552,T553,18:26:36,3,-1,-1,AA7207,0,2,15
T557,T558,18:26:46,3,3,-1,AA1864,0,2,25
T555/2,T550/4,18:26:56,3,-1,-1,AB6705,0,2,65
M219,M50,18:27:16,3,2,2,AA3041,0,2,136
T553,T554,18:27:26,3,-1,-1,AA7207,0,2,40
T558,T551/1,18:29:08,3,3,1,AA1864,0,2,81
T554,T555/2,18:29:08,3,-1,-1,AA7207,0,2,81
T424,T559,18:30:09,3,0,-1,AB6615,0,2,192
T555/2,T550/4,18:30:49,3,-1,-1,AA7207,0,2,70
T559,T552,18:31:40,3,0,-1,AB6615,0,2,30
T552,T553,18:32:20,3,0,-1,AB6615,0,2,10
M50,M172/7,18:32:34,3,5,1,AB6171,0,2,871
T551/1,T425,18:33:05,3,4,1,AA1864,0,2,175
M247,M231,18:33:15,3,2,2,AB6049,0,2,20
T553,T554,18:33:15,3,0,-1,AB6615,0,2,40
T425,T423,18:34:15,3,4,1,AA1864,0,2,40
T554,T555/2,18:34:56,3,0,-1,AB6615,0,2,70
T423,T421,18:35:46,3,5,1,AA1864,0,2,40
M231,M219,18:35:46,3,2,3,AB6049,0,2,70
T555/2,T550/4,18:36:27,3,-1,-1,AB6615,0,2,60
M247,M231,18:37:07,3,2,2,AB6136,0,2,30
T550/4,T556,18:37:48,3,2,-1,AB6393,0,2,60
M219,M50,18:38:28,3,2,2,AB6049,0,2,111
M231,M219,18:38:59,3,1,3,AB6136,0,2,91
M50,M172/7,18:39:09,3,3,1,AA2403,0,2,778
T421,T431,18:39:19,3,5,1,AA1864,0,2,182
T556,T557,18:40:20,3,2,-1,AB6393,0,2,91
T557,T558,18:41:25,3,3,-1,AB6393,0,2,40
M50,M172/7,18:42:36,3,1,1,AA3041,0,2,849
M219,M50,18:42:56,3,1,2,AB6136,0,2,131
T558,T551/1,18:43:17,3,3,1,AB6393,0,2,81
T431,M172/16,18:44:38,3,5,2,AA1864,0,2,298
M172/7,T430,18:46:09,3,5,-1,AB6171,0,2,450
T551/1,T425,18:46:59,3,3,1,AB6393,0,2,172
T550/4,T556,18:47:40,3,-1,-1,AA7207,0,2,40
T425,T423,18:48:10,3,3,1,AB6393,0,2,30
M172/7,T430,18:48:45,3,5,-1,AA2403,0,2,388
M247,M231,18:49:15,3,2,2,AA2661,0,2,30
M172/7,T430,18:49:35,3,2,-1,AA3041,0,2,358
T556,T557,18:50:16,3,-1,-1,AA7207,0,2,91
T423,T421,18:50:16,3,5,1,AB6393,0,2,40
T430,T420,18:50:16,3,5,1,AB6171,1,2,216
M231,M219,18:50:36,3,1,3,AA2661,0,2,40
T430,T328,18:51:06,3,5,-1,AA2403,0,2,111
T557,T558,18:51:16,3,-1,-1,AA7207,0,2,40
T430,T328,18:51:16,3,2,-1,AA3041,0,2,80
T420,T422,18:51:26,3,5,1,AB6171,0,2,40
M247,M231,18:52:58,3,-1,3,AA2855,0,2,20
T422,T424,18:52:58,3,5,1,AB6171,0,2,81
T421,T431,18:53:38,3,5,1,AB6393,0,2,172
T328,T420,18:53:38,3,5,1,AA2403,0,2,131
T328,T420,18:53:38,3,2,1,AA3041,0,2,111
T558,T551/1,18:54:09,3,-1,1,AA7207,0,2,91
M219,M50,18:54:29,3,1,2,AA2661,0,2,141
T420,T422,18:54:39,3,5,1,AA2403,0,2,30
T420,T422,18:54:49,3,2,1,AA3041,0,2,40
T422,T424,18:55:29,3,5,-1,AA2403,0,2,40
T422,T424,18:55:40,3,2,-1,AA3041,0,2,40
M231,M219,18:56:10,3,-1,3,AA2855,0,2,161
T424,T559,18:56:52,3,5,-1,AB6171,0,2,224
M219,M50,18:57:23,3,-1,2,AA2855,0,2,30
T559,T552,18:58:05,3,5,-1,AB6171,0,2,30
T551/1,T425,18:58:25,3,-1,1,AA7207,0,2,175
M172/16,M247,18:58:25,3,5,2,AA1864,0,2,590
T431,M172/16,18:58:36,3,5,1,AB6393,0,2,277
T550/4,T556,18:58:46,3,0,-1,AB6615,0,2,30
T552,T553,18:59:06,3,5,-1,AB6171,0,2,10
M247,M231,18:59:46,3,4,3,AA1864,0,2,20
T424,T559,18:59:46,3,5,-1,AA2403,0,2,194
T425,T423,18:59:56,3,-1,1,AA7207,0,2,30
T424,T559,18:59:56,3,2,-1,AA3041,0,2,226
T553,T554,19:00:17,3,5,-1,AB6171,0,2,50
T559,T552,19:00:57,3,2,-1,AA3041,0,2,30
T559,T552,19:01:27,3,4,-1,AA2403,0,2,30
T423,T421,19:01:37,3,-1,1,AA7207,0,2,40
T552,T553,19:01:37,3,1,-1,AA3041,0,2,10
T556,T557,19:01:58,3,0,-1,AB6615,0,2,80
T554,T555/2,19:01:58,3,5,-1,AB6171,0,2,80
T552,T553,19:02:28,3,4,-1,AA2403,0,2,20
T557,T558,19:02:58,3,0,-1,AB6615,0,2,40
M231,M219,19:02:58,3,4,2,AA1864,0,2,151
T553,T554,19:03:19,3,4,-1,AA2403,0,2,40
T555/2,T550/4,19:03:49,3,-1,-1,AB6171,0,2,80
T553,T555/2,19:03:59,3,1,-1,AA3041,1,2,131
M219,M50,19:04:09,3,4,1,AA1864,0,2,30
T420,T424,19:04:44,3,1,1,AB6136,1,2,75
T554,T555/2,19:04:44,3,4,-1,AA2403,0,2,75
T421,T431,19:05:24,3,-1,1,AA7207,0,2,196
T555/2,T550/4,19:05:45,3,-1,-1,AA3041,0,2,71
T555/2,T550/4,19:06:15,3,-1,-1,AA2403,0,2,60
T558,T551/1,19:06:35,3,0,1,AB6615,0,2,91
T550/4,T556,19:08:27,3,0,-1,AB6171,0,2,60
T424,T559,19:08:27,3,1,-1,AB6136,0,2,182
M172/16,M247,19:08:37,3,5,1,AB6393,0,2,460
M247,M231,19:09:48,3,5,2,AB6393,0,2,10
T559,T552,19:09:58,3,2,-1,AB6136,0,2,30
M172/7,T430,19:10:08,3,3,-1,AB6049,0,2,348
T552,T553,19:10:28,3,1,-1,AB6136,0,2,10
T431,M172/16,19:10:39,3,-1,1,AA7207,0,2,283
T556,T557,19:10:59,3,1,-1,AB6171,0,2,101
T551/1,T425,19:11:09,3,0,1,AB6615,0,2,172
T553,T554,19:11:29,3,2,-1,AB6136,0,2,40
T430,T328,19:11:39,3,3,-1,AB6049,0,2,70
T557,T558,19:11:59,3,2,-1,AB6171,0,2,30
T425,T423,19:12:20,3,0,1,AB6615,0,2,30
M231,M219,19:12:20,3,3,2,AB6393,0,2,121
T420,T422,19:12:41,3,1,1,AA2661,0,2,41
T554,T555/2,19:13:22,3,1,-1,AB6136,0,2,82
M219,M50,19:13:34,3,3,1,AB6393,0,2,32
T423,T421,19:13:55,3,0,1,AB6615,0,2,32
T328,T420,19:13:55,3,3,1,AB6049,0,2,115
T558,T551/1,19:14:25,3,3,1,AB6171,0,2,93
T550/4,T556,19:14:35,3,0,-1,AA2403,0,2,50
T422,T424,19:14:35,3,1,1,AA2661,0,2,103
T555/2,T550/4,19:15:05,3,-1,-1,AB6136,0,2,80
T420,T424,19:16:16,3,2,1,AB6049,1,2,111
T556,T557,19:16:46,3,0,-1,AA2403,0,2,90
T421,T431,19:17:17,3,0,1,AB6615,0,2,181
T557,T558,19:17:57,3,1,-1,AA2403,0,2,30
T424,T559,19:17:57,3,1,-1,AA2661,0,2,191
T551/1,T425,19:18:27,3,4,1,AB6171,0,2,181
T559,T552,19:19:08,3,1,-1,AA2661,0,2,30
T425,T423,19:19:18,3,4,1,AB6171,0,2,40
T552,T553,19:19:38,3,1,-1,AA2661,0,2,20
T558,T551/1,19:19:48,3,1,1,AA2403,0,2,80
T424,T559,19:20:09,3,3,-1,AB6049,0,2,192
T553,T554,19:20:39,3,1,-1,AA2661,0,2,50
T423,T421,19:20:49,3,4,1,AB6171,0,2,50
T550/4,T556,19:21:29,3,0,-1,AA3041,0,2,50
T559,T552,19:21:29,3,2,-1,AB6049,0,2,30
T552,T553,19:22:00,3,2,-1,AB6049,0,2,10
T554,T555/2,19:22:30,3,1,-1,AA2661,0,2,101
M172/16,M247,19:23:00,3,-1,1,AA7207,0,2,565
T553,T554,19:23:00,3,2,-1,AB6049,0,2,50
T551/1,T425,19:23:42,3,2,1,AA2403,0,2,173
T556,T557,19:23:52,3,1,-1,AA3041,0,2,102
M247,M231,19:24:02,3,-1,2,AA7207,0,2,10
T421,T431,19:24:13,3,4,1,AB6171,0,2,173
T555/2,T550/4,19:24:13,3,-1,-1,AA2661,0,2,72
T431,M172/16,19:24:23,3,0,1,AB6615,0,2,415
T554,T555/2,19:24:33,3,1,-1,AB6049,0,2,72
T425,T423,19:24:43,3,2,1,AA2403,0,2,40
T557,T558,19:24:53,3,1,-1,AA3041,0,2,30
T423,T421,19:26:04,3,2,1,AA2403,0,2,40
M231,M219,19:26:04,3,-1,3,AA7207,0,2,100
T555/2,T550/4,19:26:04,3,-1,-1,AB6049,0,2,70
T558,T551/1,19:26:45,3,1,1,AA3041,0,2,91
M219,M50,19:27:36,3,-1,1,AA7207,0,2,30
T421,T431,19:29:27,3,2,1,AA2403,0,2,182
T431,M172/16,19:29:47,3,5,1,AB6171,0,2,303
T551/1,T425,19:30:48,3,1,1,AA3041,0,2,192
T550/4,T556,19:31:18,3,0,-1,AB6136,0,2,40
T425,T423,19:31:48,3,1,1,AA3041,0,2,40
T423,T421,19:32:59,3,1,1,AA3041,0,2,40
T556,T557,19:33:40,3,1,-1,AB6136,0,2,101
T557,T558,19:34:20,3,1,-1,AB6136,0,2,30
T431,M172/16,19:35:12,3,2,1,AA2403,0,2,325
M172/7,T430,19:35:34,3,-1,-1,AA2855,0,2,347
T558,T551/1,19:36:05,3,0,1,AB6136,0,2,82
M172/7,T430,19:36:05,3,4,-1,AA1864,0,2,317
T421,T431,19:36:25,3,1,1,AA3041,0,2,195
T430,T328,19:37:46,3,-1,-1,AA2855,0,2,101
M172/16,M247,19:37:56,3,0,1,AB6615,0,2,539
M247,M231,19:39:07,3,0,2,AB6615,0,2,20
T430,T420,19:39:17,3,4,1,AA1864,1,2,182
T328,T420,19:39:37,3,-1,1,AA2855,0,2,101
T551/1,T425,19:39:47,3,1,1,AB6136,0,2,171
T420,T422,19:40:08,3,4,1,AA1864,0,2,30
M231,M219,19:40:38,3,0,2,AB6615,0,2,60
T420,T422,19:40:38,3,-1,1,AA2855,0,2,30
T425,T423,19:41:08,3,0,1,AB6136,0,2,40
T431,M172/16,19:41:28,3,1,1,AA3041,0,2,293
M219,M50,19:41:39,3,0,1,AB6615,0,2,30
T422,T424,19:41:39,3,4,-1,AA1864,0,2,80
T422,T424,19:41:49,3,-1,-1,AA2855,0,2,60
M172/16,M247,19:42:39,3,5,1,AB6171,0,2,610
T423,T421,19:42:59,3,1,1,AB6136,0,2,40
M247,M231,19:44:11,3,4,1,AB6171,0,2,20
M172/16,M247,19:44:55,3,2,1,AA2403,0,2,519
T424,T559,19:44:55,3,4,-1,AA1864,0,2,186
T424,T559,19:45:45,3,-1,-1,AA2855,0,2,196
M231,M219,19:46:06,3,4,3,AB6171,0,2,70
T559,T552,19:46:06,3,3,-1,AA1864,0,2,20
T550/4,T556,19:46:16,3,0,-1,AB6049,0,2,30
T421,T431,19:46:16,3,1,1,AB6136,0,2,176
M247,M231,19:46:26,3,1,3,AA2403,0,2,30
T552,T553,19:46:36,3,3,-1,AA1864,0,2,10
M219,M50,19:47:06,3,3,1,AB6171,0,2,20
T559,T552,19:47:27,3,-1,-1,AA2855,0,2,40
M172/7,T430,19:47:57,3,3,-1,AB6393,0,2,338
M231,M219,19:48:07,3,1,3,AA2403,0,2,70
T552,T553,19:48:07,3,-1,-1,AA2855,0,2,10
T553,T555/2,19:48:37,3,3,-1,AA1864,1,2,111
T556,T557,19:48:48,3,1,-1,AB6049,0,2,90
T553,T554,19:48:48,3,-1,-1,AA2855,0,2,30
M219,M50,19:49:08,3,1,1,AA2403,0,2,30
T557,T558,19:49:28,3,1,-1,AB6049,0,2,30
T555/2,T550/4,19:49:38,3,-1,-1,AA1864,0,2,50
M172/16,M247,19:49:48,3,2,1,AA3041,0,2,439
M247,M231,19:50:49,3,1,2,AA3041,0,2,50
T430,T420,19:50:49,3,3,1,AB6393,1,2,161
T554,T555/2,19:50:59,3,-1,-1,AA2855,0,2,101
T431,M172/16,19:51:09,3,1,1,AB6136,0,2,283
M231,M219,19:52:20,3,1,2,AA3041,0,2,80
T420,T422,19:52:20,3,3,1,AB6393,0,2,30
T555/2,T550/4,19:53:13,3,-1,-1,AA2855,0,2,83
T558,T551/1,19:53:33,3,1,1,AB6049,0,2,214
T422,T424,19:53:43,3,3,1,AB6393,0,2,71
M219,M50,19:54:24,3,1,1,AA3041,0,2,81
T550/4,T556,19:55:45,3,-1,-1,AA2855,0,2,40
M50,M172/7,19:56:05,3,0,1,AB6615,0,2,836
T424,T559,19:57:36,3,3,-1,AB6393,0,2,202
T556,T557,19:58:16,3,-1,-1,AA2855,0,2,100
T559,T552,19:58:26,3,3,-1,AB6393,0,2,30
M172/7,T430,19:59:07,3,-1,-1,AA7207,0,2,384
T552,T553,19:59:07,3,2,-1,AB6393,0,2,10
T557,T558,19:59:17,3,-1,-1,AA2855,0,2,30
T553,T554,20:00:07,3,2,-1,AB6393,0,2,50
T430,T328,20:00:58,3,-1,-1,AA7207,0,2,90
T554,T555/2,20:01:28,3,2,-1,AB6393,0,2,60
T558,T551/1,20:01:38,3,-1,-1,AA2855,0,2,101
M172/16,M247,20:01:38,3,3,1,AB6136,0,2,525
M172/7,T430,20:02:09,3,0,-1,AB6615,0,2,323
M50,M172/7,20:02:39,3,3,1,AB6171,0,2,902
M247,M231,20:02:50,3,1,2,AB6136,0,2,11
T555/2,T550/4,20:03:10,3,-1,-1,AB6393,0,2,71
T328,T420,20:03:20,3,-1,1,AA7207,0,2,132
T430,T328,20:03:44,3,0,-1,AB6615,0,2,75
M231,M219,20:04:35,3,1,2,AB6136,0,2,60
M219,M50,20:05:25,3,1,1,AB6136,0,2,10
M50,M172/7,20:05:35,3,1,1,AA2403,0,2,906
T328,T420,20:05:45,3,0,1,AB6615,0,2,101
T551/1,T425,20:06:56,3,-1,1,AA2855,0,2,181
T420,T422,20:06:56,3,0,1,AB6615,0,2,30
T425,T423,20:08:17,3,-1,1,AA2855,0,2,40
T422,T424,20:08:27,3,0,-1,AB6615,0,2,80
T420,T559,20:08:27,3,-1,-1,AA7207,2,2,282
T550/4,T556,20:08:57,3,2,-1,AA2661,0,2,40
T423,T421,20:10:18,3,-1,1,AA2855,0,2,40
M172/7,T430,20:10:18,3,3,-1,AB6171,0,2,373
T559,T552,20:10:18,3,-1,-1,AA7207,0,2,30
T552,T553,20:10:49,3,-1,-1,AA7207,0,2,10
T556,T557,20:11:20,3,3,-1,AA2661,0,2,91
T553,T554,20:11:52,3,-1,-1,AA7207,0,2,42
T424,T559,20:12:23,3,0,-1,AB6615,0,2,215
T557,T558,20:12:35,3,3,-1,AA2661,0,2,32
T430,T328,20:12:35,3,3,-1,AB6171,0,2,106
M172/7,T430,20:13:05,3,2,-1,AA2403,0,2,399
T559,T552,20:13:15,3,0,-1,AB6615,0,2,30
T421,T431,20:13:45,3,-1,1,AA2855,0,2,187
T554,T555/2,20:13:45,3,-1,-1,AA7207,0,2,93
T553,T554,20:14:26,3,0,-1,AB6615,0,2,30
T558,T551/1,20:14:36,3,3,1,AA2661,0,2,90
T430,T328,20:14:46,3,2,-1,AA2403,0,2,90
T328,T420,20:14:56,3,3,1,AB6171,0,2,131
M50,M172/7,20:15:37,3,1,1,AB6136,0,2,571
T430,T328,20:15:37,3,1,-1,AA3041,0,2,101
T554,T555/2,20:15:47,3,0,-1,AB6615,0,2,60
T420,T422,20:15:57,3,3,1,AB6171,0,2,30
T555/2,T550/4,20:15:57,3,-1,-1,AA7207,0,2,90
T328,T420,20:16:27,3,2,1,AA2403,0,2,91
T422,T424,20:16:27,3,3,1,AB6171,0,2,20
T555/2,T550/4,20:17:08,3,-1,-1,AB6615,0,2,50
T420,T422,20:17:28,3,2,1,AA2403,0,2,30
T328,T420,20:17:48,3,1,1,AA3041,0,2,111
T422,T424,20:18:08,3,2,1,AA2403,0,2,30
T551/1,T425,20:18:59,3,4,1,AA2661,0,2,202
T431,M172/16,20:19:29,3,-1,1,AA2855,0,2,282
T420,T424,20:19:39,3,1,1,AA3041,1,2,101
T425,T423,20:19:49,3,4,1,AA2661,0,2,40
T424,T559,20:19:59,3,3,-1,AB6171,0,2,181
T423,T421,20:21:10,3,4,1,AA2661,0,2,50
T424,T559,20:21:33,3,1,-1,AA2403,0,2,184
T559,T552,20:21:33,3,4,-1,AB6171,0,2,33
T552,T553,20:22:14,3,3,-1,AB6171,0,2,10
T559,T552,20:22:54,3,1,-1,AA2403,0,2,30
T553,T554,20:23:04,3,3,-1,AB6171,0,2,40
T424,T559,20:23:24,3,1,-1,AA3041,0,2,184
T552,T553,20:23:24,3,1,-1,AA2403,0,2,20
M172/7,T430,20:23:34,3,4,-1,AB6136,0,2,336
T553,T554,20:24:05,3,1,-1,AA2403,0,2,30
T554,T555/2,20:24:45,3,3,-1,AB6171,0,2,80
T421,T431,20:24:55,3,4,1,AA2661,0,2,192
T559,T552,20:24:55,3,1,-1,AA3041,0,2,30
T552,T553,20:25:26,3,1,-1,AA3041,0,2,10
T554,T555/2,20:25:37,3,1,-1,AA2403,0,2,81
T430,T328,20:25:47,3,4,-1,AB6136,0,2,102
T553,T554,20:26:07,3,1,-1,AA3041,0,2,30
T555/2,T550/4,20:26:17,3,-1,-1,AB6171,0,2,61
T551/1,T425,20:26:57,3,1,1,AB6049,0,2,182
T555/2,T550/4,20:26:57,3,-1,-1,AA2403,0,2,70
T554,T555/2,20:27:28,3,1,-1,AA3041,0,2,70
T425,T423,20:27:58,3,1,1,AB6049,0,2,30
T328,T420,20:28:08,3,4,1,AB6136,0,2,121
T550/4,T556,20:28:49,3,0,-1,AA1864,0,2,50
T423,T421,20:29:09,3,1,1,AB6049,0,2,40
T555/2,T550/4,20:29:19,3,-1,-1,AA3041,0,2,80
M172/16,M247,20:30:00,3,-1,1,AA2855,0,2,486
T431,M172/16,20:30:20,3,5,1,AA2661,0,2,294
T556,T557,20:30:50,3,0,-1,AA1864,0,2,90
M247,M231,20:31:20,3,-1,2,AA2855,0,2,20
T557,T558,20:31:54,3,1,-1,AA1864,0,2,34
T421,T431,20:32:55,3,2,1,AB6049,0,2,185
M231,M219,20:33:15,3,-1,1,AA2855,0,2,60
T420,T559,20:33:35,3,4,-1,AB6136,2,2,286
T558,T551/1,20:33:56,3,1,1,AA1864,0,2,80
M219,M50,20:34:46,3,-1,1,AA2855,0,2,30
T559,T552,20:34:56,3,4,-1,AB6136,0,2,30
T552,T553,20:35:37,3,4,-1,AB6136,0,2,10
T553,T554,20:36:27,3,4,-1,AB6136,0,2,40
T551/1,T425,20:37:48,3,2,1,AA1864,0,2,171
T431,M172/16,20:38:08,3,2,1,AB6049,0,2,292
T554,T555/2,20:38:08,3,4,-1,AB6136,0,2,70
T425,T423,20:38:59,3,2,1,AA1864,0,2,40
T555/2,T550/4,20:39:39,3,-1,-1,AB6136,0,2,60
M172/16,M247,20:39:49,3,5,1,AA2661,0,2,485
T423,T421,20:40:00,3,2,1,AA1864,0,2,40
M247,M231,20:41:05,3,1,2,AA2661,0,2,10
M231,M219,20:42:05,3,0,2,AA2661,0,2,30
M50,M172/7,20:43:16,3,-1,1,AA2855,0,2,459
T421,T431,20:43:36,3,3,1,AA1864,0,2,181
M219,M50,20:43:46,3,0,1,AA2661,0,2,20
M172/16,M247,20:46:48,3,2,1,AB6049,0,2,438
T550/4,T556,20:47:39,3,0,-1,AB6615,0,2,30
M247,M231,20:48:09,3,1,1,AB6049,0,2,30
T431,M172/16,20:48:29,3,3,1,AA1864,0,2,282
M231,M219,20:49:30,3,1,2,AB6049,0,2,40
M172/7,T430,20:49:30,3,-1,-1,AA2855,0,2,353
T556,T557,20:49:50,3,0,-1,AB6615,0,2,101
T557,T558,20:50:50,3,0,-1,AB6615,0,2,40
M219,M50,20:51:21,3,0,1,AB6049,0,2,30
T430,T328,20:51:36,3,-1,-1,AA2855,0,2,95
M50,M172/7,20:52:16,3,0,1,AA2661,0,2,479
T558,T551/1,20:52:36,3,0,1,AB6615,0,2,85
T328,T420,20:53:47,3,-1,1,AA2855,0,2,101
T551/1,T425,20:55:58,3,0,1,AB6615,0,2,161
T420,T424,20:55:58,3,-1,1,AA2855,1,2,121
M172/16,M247,20:56:39,3,3,1,AA1864,0,2,408
T425,T423,20:56:49,3,0,1,AB6615,0,2,30
M247,M231,20:57:49,3,3,2,AA1864,0,2,20
T423,T421,20:58:10,3,0,1,AB6615,0,2,40
M172/7,T430,20:58:31,3,0,-1,AA2661,0,2,334
M50,M172/7,20:59:12,3,0,1,AB6049,0,2,435
M231,M219,20:59:22,3,3,2,AA1864,0,2,71
T424,T559,20:59:52,3,-1,-1,AA2855,0,2,203
M219,M50,21:00:22,3,3,1,AA1864,0,2,20
T430,T328,21:00:22,3,0,-1,AA2661,0,2,70
T559,T552,21:01:14,3,-1,-1,AA2855,0,2,30
T421,T431,21:01:44,3,0,1,AB6615,0,2,172
T552,T553,21:01:54,3,-1,-1,AA2855,0,2,10
T328,T420,21:02:35,3,0,1,AA2661,0,2,121
T553,T554,21:03:05,3,-1,-1,AA2855,0,2,50
T420,T422,21:03:25,3,0,1,AA2661,0,2,30
T422,T424,21:04:16,3,0,-1,AA2661,0,2,40
T554,T555/2,21:04:56,3,-1,-1,AA2855,0,2,90
M172/7,T430,21:05:27,3,1,-1,AB6049,0,2,324
T431,M172/16,21:06:47,3,0,1,AB6615,0,2,272
T555/2,T550/4,21:07:18,3,-1,-1,AA2855,0,2,100
T430,T328,21:07:48,3,1,-1,AB6049,0,2,100
T424,T559,21:07:48,3,0,-1,AA2661,0,2,201
M50,M172/7,21:08:38,3,3,1,AA1864,0,2,464
T559,T552,21:09:19,3,1,-1,AA2661,0,2,40
T328,T420,21:09:49,3,1,1,AB6049,0,2,101
T552,T553,21:09:49,3,1,-1,AA2661,0,2,10
T553,T554,21:10:40,3,1,-1,AA2661,0,2,40
T420,T422,21:10:50,3,0,1,AB6049,0,2,30
T422,T424,21:11:42,3,0,1,AB6049,0,2,42
T554,T555/2,21:12:12,3,0,-1,AA2661,0,2,62
T555/2,T550/4,21:13:34,3,-1,-1,AA2661,0,2,71
M172/7,T430,21:14:35,3,3,-1,AA1864,0,2,325
M172/16,M247,21:14:55,3,0,1,AB6615,0,2,416
T424,T559,21:15:05,3,0,-1,AB6049,0,2,182
M247,M231,21:15:55,3,0,2,AB6615,0,2,10
T430,T328,21:16:05,3,3,-1,AA1864,0,2,80
T559,T552,21:16:36,3,0,-1,AB6049,0,2,30
M231,M219,21:17:06,3,0,2,AB6615,0,2,40
T552,T553,21:17:06,3,0,-1,AB6049,0,2,10
T550/4,T556,21:17:36,3,-1,-1,AA2855,0,2,40
T553,T554,21:17:46,3,0,-1,AB6049,0,2,30
T328,T420,21:17:57,3,3,1,AA1864,0,2,101
M219,M50,21:18:48,3,0,1,AB6615,0,2,71
T420,T422,21:18:58,3,3,1,AA1864,0,2,31
T554,T555/2,21:19:08,3,0,-1,AB6049,0,2,61
T422,T424,21:19:49,3,3,1,AA1864,0,2,40
T556,T557,21:20:39,3,-1,-1,AA2855,0,2,101
T555/2,T550/4,21:20:49,3,-1,-1,AB6049,0,2,70
T557,T558,21:21:40,3,-1,-1,AA2855,0,2,30
T424,T559,21:23:25,3,3,-1,AA1864,0,2,205
T558,T551/1,21:24:15,3,-1,1,AA2855,0,2,101
T559,T552,21:24:56,3,2,-1,AA1864,0,2,30
T552,T553,21:25:36,3,2,-1,AA1864,0,2,10
T553,T554,21:26:16,3,2,-1,AA1864,0,2,30
M50,M172/7,21:27:27,3,0,1,AB6615,0,2,498
T554,T555/2,21:27:37,3,2,-1,AA1864,0,2,70
T551/1,T425,21:28:07,3,-1,1,AA2855,0,2,181
T555/2,T550/4,21:28:58,3,-1,-1,AA1864,0,2,60
T550/4,T556,21:29:08,3,2,-1,AA2661,0,2,40
T425,T423,21:29:08,3,-1,1,AA2855,0,2,30
T423,T421,21:30:59,3,-1,1,AA2855,0,2,40
T556,T557,21:31:19,3,2,-1,AA2661,0,2,100
T557,T558,21:32:20,3,2,-1,AA2661,0,2,30
M172/7,T430,21:33:42,3,0,-1,AB6615,0,2,323
T421,T431,21:34:12,3,-1,1,AA2855,0,2,182
T558,T551/1,21:34:22,3,2,1,AA2661,0,2,91
T430,T328,21:35:33,3,0,-1,AB6615,0,2,90
T328,T420,21:37:45,3,0,1,AB6615,0,2,91
T551/1,T425,21:38:25,3,1,1,AA2661,0,2,192
T431,M172/16,21:39:27,3,-1,1,AA2855,0,2,294
T425,T423,21:39:37,3,1,1,AA2661,0,2,40
T420,T424,21:39:37,3,0,1,AB6615,1,2,81
T423,T421,21:40:48,3,1,1,AA2661,0,2,40
T424,T559,21:42:49,3,0,-1,AB6615,0,2,181
T421,T431,21:44:20,3,1,1,AA2661,0,2,181
T559,T552,21:44:35,3,0,-1,AB6615,0,2,35
T552,T553,21:44:55,3,0,-1,AB6615,0,2,10
T550/4,T556,21:45:16,3,0,-1,AA1864,0,2,30
T553,T554,21:45:56,3,0,-1,AB6615,0,2,50
T556,T557,21:47:37,3,1,-1,AA1864,0,2,90
T554,T555/2,21:47:37,3,0,-1,AB6615,0,2,70
T557,T558,21:48:28,3,1,-1,AA1864,0,2,30
T555/2,T550/4,21:48:48,3,-1,-1,AB6615,0,2,50
T431,M172/16,21:49:28,3,1,1,AA2661,0,2,293
M172/16,M247,21:49:58,3,-1,1,AA2855,0,2,479
T558,T551/1,21:50:29,3,2,1,AA1864,0,2,80
M247,M231,21:52:00,3,-1,1,AA2855,0,2,20
M231,M219,21:53:22,3,-1,2,AA2855,0,2,40
T551/1,T425,21:54:03,3,3,1,AA1864,0,2,173
T425,T423,21:54:54,3,3,1,AA1864,0,2,41
M219,M50,21:55:15,3,-1,1,AA2855,0,2,61
T423,T421,21:55:55,3,4,1,AA1864,0,2,40
M172/16,M247,21:58:07,3,2,1,AA2661,0,2,428
M247,M231,21:59:08,3,1,1,AA2661,0,2,20
T421,T431,21:59:18,3,4,1,AA1864,0,2,172
M231,M219,22:00:39,3,1,-1,AA2661,0,2,70
M50,M172/7,22:03:35,3,-1,-1,AA2855,0,2,459
M219,M50,22:03:45,3,1,-1,AA2661,0,2,135
T431,M172/16,22:04:35,3,4,-1,AA1864,0,2,296
T550/4,T556,22:04:55,3,1,-1,AA3009,0,2,40
T556,T557,22:08:28,3,2,-1,AA3009,0,2,90
T557,T558,22:09:48,3,3,-1,AA3009,0,2,40
M172/7,T430,22:09:58,3,-1,-1,AA2855,0,2,333
M50,M172/7,22:11:39,3,1,1,AA2661,0,2,444
T430,T328,22:11:39,3,-1,-1,AA2855,0,2,90
T550/4,T556,22:11:50,3,0,-1,AB6615,0,2,30
T558,T551/1,22:12:54,3,4,-1,AA3009,0,2,95
T328,T420,22:13:35,3,-1,1,AA2855,0,2,95
T556,T557,22:13:45,3,0,-1,AB6615,0,2,70
T557,T558,22:14:35,3,0,-1,AB6615,0,2,30
T420,T422,22:14:35,3,-1,1,AA2855,0,2,30
M172/16,M247,22:15:26,3,4,1,AA1864,0,2,569
T422,T424,22:15:56,3,-1,-1,AA2855,0,2,70
M247,M231,22:16:26,3,2,2,AA1864,0,2,10
T551/1,T425,22:17:07,3,4,1,AA3009,0,2,171
T558,T551/1,22:17:37,3,0,1,AB6615,0,2,90
M231,M219,22:17:57,3,2,2,AA1864,0,2,60
T425,T423,22:18:07,3,4,1,AA3009,0,2,30
T424,T559,22:19:18,3,-1,-1,AA2855,0,2,191
M172/7,T430,22:19:28,3,2,-1,AA2661,0,2,333
T423,T421,22:20:19,3,5,1,AA3009,0,2,30
M219,M50,22:20:29,3,2,1,AA1864,0,2,121
T551/1,T425,22:21:19,3,0,1,AB6615,0,2,181
T430,T328,22:21:19,3,2,-1,AA2661,0,2,80
T559,T552,22:21:19,3,-1,-1,AA2855,0,2,40
T552,T553,22:22:00,3,-1,-1,AA2855,0,2,20
T425,T423,22:22:20,3,0,1,AB6615,0,2,30
T553,T554,22:22:42,3,-1,-1,AA2855,0,2,32
T328,T420,22:23:23,3,1,1,AA2661,0,2,93
T423,T421,22:24:13,3,0,1,AB6615,0,2,40
T420,T422,22:24:13,3,1,1,AA2661,0,2,30
T421,T431,22:24:23,3,5,1,AA3009,0,2,174
T554,T555/2,22:24:34,3,-1,-1,AA2855,0,2,80
T550/4,T556,22:25:44,3,0,-1,AB6344,0,2,40
T422,T424,22:25:44,3,1,1,AA2661,0,2,80
M50,M172/7,22:27:46,3,2,1,AA1864,0,2,406
T421,T431,22:27:56,3,0,1,AB6615,0,2,181
T556,T557,22:28:26,3,1,-1,AB6344,0,2,80
T555/2,T550/4,22:28:36,3,-1,-1,AA2855,0,2,70
T557,T558,22:29:07,3,1,-1,AB6344,0,2,31
T424,T559,22:29:07,3,1,-1,AA2661,0,2,182
T431,M172/16,22:29:38,3,5,1,AA3009,0,2,273
T559,T552,22:30:28,3,1,-1,AA2661,0,2,20
T558,T551/1,22:31:19,3,2,1,AB6344,0,2,80
T552,T553,22:31:19,3,1,-1,AA2661,0,2,10
T553,T554,22:32:19,3,1,-1,AA2661,0,2,50
T431,M172/16,22:33:00,3,0,1,AB6615,0,2,283
M172/7,T430,22:33:31,3,1,-1,AA1864,0,2,315
T554,T555/2,22:33:41,3,1,-1,AA2661,0,2,71
T550/4,T556,22:34:12,3,1,-1,AB6049,0,2,40
T551/1,T425,22:34:52,3,2,1,AB6344,0,4,172
T430,T328,22:35:12,3,1,-1,AA1864,0,4,80
T555/2,T550/4,22:35:12,3,-1,-1,AA2661,0,4,70
T425,T423,22:35:43,3,2,1,AB6344,0,4,30
T556,T557,22:36:13,3,1,-1,AB6049,0,4,80
T423,T421,22:37:04,3,3,1,AB6344,0,4,41
T328,T420,22:37:15,3,1,1,AA1864,0,4,112
T557,T558,22:37:25,3,1,-1,AB6049,0,4,40
T420,T422,22:38:15,3,1,1,AA1864,0,4,40
M172/16,M247,22:38:45,3,5,1,AA3009,0,4,385
T558,T551/1,22:39:16,3,1,1,AB6049,0,4,90
T422,T424,22:39:36,3,1,1,AA1864,0,4,70
M247,M231,22:39:56,3,3,1,AA3009,0,4,10
T421,T431,22:40:37,3,3,1,AB6344,0,4,181
M172/16,M247,22:40:47,3,0,1,AB6615,0,4,405
M231,M219,22:41:27,3,3,2,AA3009,0,4,50
T551/1,T425,22:42:38,3,1,1,AB6049,0,4,171
T424,T559,22:42:48,3,1,-1,AA1864,0,4,181
M247,M231,22:42:58,3,0,1,AB6615,0,4,20
T550/4,T556,22:43:28,3,0,-1,AA2661,0,4,50
T425,T423,22:43:38,3,1,1,AB6049,0,4,30
M231,M219,22:43:59,3,0,2,AB6615,0,4,40
M219,M50,22:43:59,3,3,1,AA3009,0,4,101
T559,T552,22:44:09,3,1,-1,AA1864,0,4,30
T423,T421,22:44:49,3,2,1,AB6049,0,2,40
T552,T553,22:44:49,3,1,-1,AA1864,0,2,10
T556,T557,22:45:30,3,0,-1,AA2661,0,2,80
T553,T554,22:45:30,3,1,-1,AA1864,0,2,30
M219,M50,22:45:40,3,0,1,AB6615,0,2,40
T431,M172/16,22:46:00,3,2,1,AB6344,0,2,293
T557,T558,22:46:20,3,0,-1,AA2661,0,4,30
T554,T555/2,22:46:53,3,1,-1,AA1864,0,4,72
T555/2,T550/4,22:48:03,3,-1,-1,AA1864,0,2,60
T558,T551/1,22:48:24,3,1,1,AA2661,0,2,101
M50,M172/7,22:51:05,3,3,1,AA3009,0,2,406
T551/1,T425,22:52:06,3,1,1,AA2661,0,2,191
T425,T423,22:53:06,3,1,1,AA2661,0,2,40
T421,M172/16,22:53:06,3,2,1,AB6049,1,2,466
M50,M172/7,22:53:37,3,0,1,AB6615,0,2,446
T423,T421,22:54:07,3,1,1,AA2661,0,2,40
M172/16,M247,22:54:07,3,2,1,AB6344,0,2,414
M247,M231,22:54:58,3,0,1,AB6344,0,2,10
M231,M219,22:56:18,3,0,2,AB6344,0,2,30
M172/7,T430,22:56:49,3,3,-1,AA3009,0,2,313
T421,T431,22:57:29,3,1,1,AA2661,0,2,181
T430,T328,22:58:30,3,3,-1,AA3009,0,2,70
M219,M50,22:58:40,3,1,1,AB6344,0,2,90
M172/7,T430,22:59:10,3,0,-1,AB6615,0,2,303
T550/4,T556,23:00:14,3,0,-1,AA1864,0,2,40
M172/16,M247,23:00:44,3,2,-1,AB6049,0,2,417
T430,T328,23:00:44,3,0,-1,AB6615,0,2,83
T328,T420,23:00:54,3,3,-1,AA3009,0,2,114
M247,M231,23:01:45,3,1,-1,AB6049,0,2,10
T420,T422,23:02:05,3,3,-1,AA3009,0,2,30
T328,T420,23:02:25,3,0,-1,AB6615,0,2,90
T556,T557,23:02:35,3,0,-1,AA1864,0,2,90
T431,M172/16,23:02:55,3,1,-1,AA2661,0,2,296
M231,M219,23:02:55,3,1,-1,AB6049,0,2,40
T422,T424,23:02:55,3,3,-1,AA3009,0,2,40
T557,T558,23:03:26,3,0,-1,AA1864,0,2,30
T420,T422,23:03:26,3,0,-1,AB6615,0,2,30
M219,M50,23:03:46,3,1,-1,AB6049,0,2,20
T422,T424,23:04:26,3,0,-1,AB6615,0,2,50
T558,T551/1,23:05:27,3,1,-1,AA1864,0,2,80
M50,M172/7,23:05:37,3,1,1,AB6344,0,2,387
T424,T559,23:06:07,3,3,-1,AA3009,0,2,181
T559,T552,23:07:38,3,2,-1,AA3009,0,2,30
T424,T559,23:07:48,3,0,-1,AB6615,0,2,171
T552,T554,23:08:29,3,2,-1,AA3009,1,2,40
T559,T552,23:09:09,3,0,-1,AB6615,0,2,30
T551/1,T425,23:09:40,3,3,1,AA1864,0,2,171
T552,T553,23:09:40,3,0,-1,AB6615,0,2,10
T554,T555/2,23:09:50,3,2,-1,AA3009,0,2,70
T553,T554,23:10:20,3,0,-1,AB6615,0,2,30
T425,T423,23:10:50,3,3,1,AA1864,0,2,40
T555/2,T550/4,23:11:00,3,-1,-1,AA3009,0,2,50
M172/16,M247,23:11:21,3,1,1,AA2661,0,2,414
T554,T555/2,23:11:35,3,0,-1,AB6615,0,2,64
M50,M172/7,23:11:45,3,1,1,AB6049,0,2,448
T423,T421,23:12:15,3,4,1,AA1864,0,2,40
M172/7,T430,23:12:15,3,1,-1,AB6344,0,2,347
T555/2,T550/4,23:12:45,3,-1,-1,AB6615,0,2,60
T430,T328,23:13:56,3,1,-1,AB6344,0,2,80
M231,M219,23:14:36,3,0,2,AA2661,0,2,70
T421,T431,23:15:27,3,4,1,AA1864,0,2,171
M219,M50,23:15:27,3,0,1,AA2661,0,2,30
T328,T420,23:15:37,3,1,1,AB6344,0,2,80
T420,T422,23:16:38,3,1,1,AB6344,0,2,30
M172/7,T430,23:17:38,3,1,-1,AB6049,0,2,313
T422,T424,23:17:58,3,1,-1,AB6344,0,2,70
T550/4,T556,23:18:19,3,0,-1,AB6615,0,2,30
T430,T328,23:19:40,3,1,-1,AB6049,0,2,90
T556,T557,23:20:33,3,0,-1,AB6615,0,2,73
T431,M172/16,23:20:33,3,4,1,AA1864,0,2,275
T328,T420,23:21:24,3,1,1,AB6049,0,2,83
T424,T559,23:21:24,3,1,-1,AB6344,0,2,184
T557,T558,23:21:34,3,0,-1,AB6615,0,2,30
T420,T422,23:22:24,3,1,1,AB6049,0,2,30
M50,M172/7,23:22:45,3,0,1,AA2661,0,2,417
T559,T552,23:22:45,3,1,-1,AB6344,0,2,30
T558,T551/1,23:23:25,3,0,1,AB6615,0,2,80
T552,T553,23:23:25,3,0,-1,AB6344,0,2,10
T422,T424,23:23:55,3,1,-1,AB6049,0,2,80
T553,T554,23:24:05,3,0,-1,AB6344,0,2,30
T554,T555/2,23:25:16,3,0,-1,AB6344,0,2,60
T555/2,T550/4,23:26:47,3,-1,-1,AB6344,0,2,60
T551/1,T425,23:26:57,3,0,1,AB6615,0,2,171
T424,T559,23:27:07,3,1,-1,AB6049,0,2,181
T425,T423,23:27:38,3,0,1,AB6615,0,2,30
M172/16,M247,23:27:38,3,3,1,AA1864,0,2,373
T559,T552,23:28:28,3,1,-1,AB6049,0,2,30
M247,M231,23:28:38,3,2,1,AA1864,0,2,20
M172/7,T430,23:28:38,3,0,-1,AA2661,0,2,313
T423,T421,23:28:58,3,0,1,AB6615,0,2,40
T552,T553,23:28:58,3,1,-1,AB6049,0,2,10
M231,M219,23:29:29,3,2,2,AA1864,0,2,30
T553,T554,23:29:39,3,1,-1,AB6049,0,2,30
M219,M50,23:30:29,3,1,1,AA1864,0,2,20
T430,T328,23:30:39,3,0,-1,AA2661,0,2,101
T554,T555/2,23:30:50,3,1,-1,AB6049,0,2,60
T555/2,T550/4,23:32:00,3,-1,-1,AB6049,0,2,60
T421,T431,23:32:10,3,0,1,AB6615,0,2,171
T328,T420,23:32:35,3,0,1,AA2661,0,2,84
T420,T422,23:33:35,3,0,1,AA2661,0,2,40
T422,T424,23:34:16,3,0,-1,AA2661,0,2,30
T550/4,T556,23:35:26,3,0,-1,AB6344,0,2,40
T431,M172/16,23:37:07,3,0,1,AB6615,0,2,272
T556,T557,23:37:18,3,0,-1,AB6344,0,2,80
T424,T559,23:37:28,3,0,-1,AA2661,0,2,181
M50,M172/7,23:37:48,3,1,1,AA1864,0,4,408
T557,T558,23:38:28,3,0,-1,AB6344,0,4,40
T559,T552,23:38:38,3,0,-1,AA2661,0,4,20
T552,T553,23:39:19,3,0,-1,AA2661,0,4,10
T553,T554,23:39:49,3,0,-1,AA2661,0,4,20
T558,T551/1,23:40:19,3,1,1,AB6344,0,4,90
T554,T555/2,23:41:20,3,0,-1,AA2661,0,2,70
T555/2,T550/4,23:42:45,3,-1,-1,AA2661,0,2,60
T551/1,T425,23:43:36,3,1,1,AB6344,0,2,165
M172/16,M247,23:43:46,3,0,1,AB6615,0,2,347
M172/7,T430,23:43:46,3,2,-1,AA1864,0,2,317
T550/4,T556,23:44:26,3,0,-1,AB6049,0,2,30
T425,T423,23:44:26,3,1,1,AB6344,0,2,40
M247,M231,23:44:36,3,0,1,AB6615,0,2,10
T430,T328,23:45:27,3,2,-1,AA1864,0,2,70
T423,T421,23:45:47,3,1,1,AB6344,0,2,30
M231,M219,23:46:07,3,0,2,AB6615,0,2,60
T556,T557,23:46:17,3,0,-1,AB6049,0,2,80
M219,M50,23:47:18,3,0,1,AB6615,0,2,40
T328,T420,23:47:28,3,2,1,AA1864,0,2,90
T557,T551/1,23:48:29,3,0,1,AB6049,1,2,111
T420,T424,23:50:00,3,2,1,AA1864,1,2,131
T551/1,T423,23:52:35,3,0,1,AB6049,1,2,216
T550/4,T556,23:53:16,3,1,-1,AA2661,0,2,30
T424,T559,23:53:16,3,2,-1,AA1864,0,2,185
T423,T421,23:53:36,3,0,1,AB6049,0,2,40
T421,M172/16,23:54:26,3,3,1,AB6344,1,2,478
T559,T552,23:54:26,3,1,-1,AA1864,0,2,20
T556,T557,23:55:07,3,1,-1,AA2661,0,2,80
T552,T553,23:55:07,3,1,-1,AA1864,0,2,10
M50,M172/7,23:55:17,3,0,1,AB6615,0,2,458
T557,T558,23:55:47,3,1,-1,AA2661,0,2,30
T553,T555/2,23:56:58,3,1,-1,AA1864,1,2,100
T421,T431,23:57:08,3,1,1,AB6049,0,2,161
T558,T551/1,23:57:28,3,1,1,AA2661,0,2,80
T555/2,T550/4,23:58:39,3,-1,-1,AA1864,0,2,70
T551/1,T425,0:01:04,4,0,1,AA2661,0,2,175
M172/7,T430,0:01:14,4,0,-1,AB6615,0,2,326
T431,M172/16,0:02:05,4,1,1,AB6049,0,2,286
T425,T423,0:02:15,4,0,1,AA2661,0,2,30
M172/16,M247,0:02:25,4,3,1,AB6344,0,2,407
T430,T328,0:03:05,4,0,-1,AB6615,0,2,90
M247,M231,0:03:15,4,2,1,AB6344,0,2,10
T423,T421,0:03:36,4,0,1,AA2661,0,2,40
M231,M219,0:04:36,4,0,2,AB6344,0,2,40
T328,T420,0:04:56,4,0,1,AB6615,0,2,101
M219,M50,0:05:37,4,0,1,AB6344,0,2,30
T420,T422,0:05:57,4,0,1,AB6615,0,2,30
T422,T424,0:06:37,4,0,-1,AB6615,0,2,30
T421,T431,0:07:08,4,1,1,AA2661,0,2,171
M172/16,M247,0:09:29,4,0,1,AB6049,0,2,383
M247,M231,0:10:10,4,0,1,AB6049,0,2,10
T424,T559,0:10:44,4,0,-1,AB6615,0,2,236
T550/4,T556,0:11:04,4,0,-1,AA1864,0,2,20
M231,M219,0:11:14,4,0,1,AB6049,0,2,40
T559,T552,0:11:34,4,0,-1,AB6615,0,2,30
T431,M172/16,0:11:54,4,1,1,AA2661,0,2,276
M219,M50,0:12:04,4,0,1,AB6049,0,2,20
T552,T553,0:12:04,4,0,-1,AB6615,0,2,20
T553,T554,0:12:45,4,0,-1,AB6615,0,2,30
T556,T557,0:13:05,4,0,-1,AA1864,0,2,80
M50,M172/7,0:13:15,4,0,1,AB6344,0,2,438
T557,T558,0:13:45,4,0,-1,AA1864,0,2,30
T554,T555/2,0:14:26,4,0,-1,AB6615,0,2,90
T558,T551/1,0:15:37,4,0,1,AA1864,0,2,90
T555/2,T550/4,0:16:27,4,-1,-1,AB6615,0,2,80
M50,M172/7,0:18:38,4,0,1,AB6049,0,2,373
T551/1,T425,0:19:09,4,1,1,AA1864,0,2,161
M172/7,T430,0:19:09,4,1,-1,AB6344,0,2,323
M172/16,M247,0:19:39,4,0,1,AA2661,0,2,414
T425,T423,0:19:49,4,1,1,AA1864,0,2,30
M247,M231,0:20:29,4,0,1,AA2661,0,2,10
T430,T328,0:20:40,4,1,-1,AB6344,0,2,70
T423,T421,0:21:00,4,1,1,AA1864,0,2,40
M231,M219,0:22:04,4,0,1,AA2661,0,2,64
T328,T420,0:22:24,4,1,1,AB6344,0,2,94
T420,T422,0:23:25,4,0,1,AB6344,0,2,40
M219,M50,0:23:45,4,0,1,AA2661,0,2,20
T421,T431,0:24:05,4,1,1,AA1864,0,2,165
M172/7,T430,0:24:15,4,0,-1,AB6049,0,2,306
T430,T328,0:25:46,4,0,-1,AB6049,0,2,80
T422,T559,0:27:17,4,0,-1,AB6344,1,2,222
T328,T422,0:27:57,4,0,1,AB6049,1,2,121
T559,T552,0:28:38,4,0,-1,AB6344,0,2,30
T431,M172/16,0:28:48,4,1,1,AA1864,0,2,272
T552,T553,0:29:18,4,0,-1,AB6344,0,2,20
T553,T554,0:29:59,4,0,-1,AB6344,0,2,30
M50,M172/7,0:30:29,4,0,1,AA2661,0,2,383
T422,T559,0:31:40,4,0,-1,AB6049,1,2,212
T554,T555/2,0:31:40,4,0,-1,AB6344,0,2,70
T555/2,T550/4,0:32:54,4,-1,-1,AB6344,0,2,64
T559,T552,0:33:04,4,0,-1,AB6049,0,2,30
T552,T553,0:33:24,4,0,-1,AB6049,0,2,10
T553,T554,0:34:05,4,0,-1,AB6049,0,2,30
T554,T555/2,0:35:15,4,0,-1,AB6049,0,2,60
M172/16,M247,0:36:26,4,1,1,AA1864,0,2,417
T555/2,T550/4,0:36:26,4,-1,-1,AB6049,0,2,60
M247,M231,0:37:17,4,1,2,AA1864,0,2,10
M172/7,T328,0:37:27,4,0,-1,AA2661,1,2,397
M231,M219,0:39:28,4,0,1,AA1864,0,2,101
T328,T422,0:39:38,4,0,1,AA2661,1,2,101
M219,M50,0:40:29,4,0,1,AA1864,0,2,30
T422,T424,0:40:49,4,0,1,AA2661,0,2,60
T424,T559,0:43:52,4,0,-1,AA2661,0,2,173
T559,T552,0:44:54,4,0,-1,AA2661,0,2,20
T552,T553,0:45:14,4,0,-1,AA2661,0,2,10
T553,T554,0:45:54,4,0,-1,AA2661,0,2,30
M50,M172/7,0:46:45,4,0,1,AA1864,0,2,356
T554,T555/2,0:47:05,4,0,-1,AA2661,0,2,60
T555/2,T550/4,0:48:06,4,-1,-1,AA2661,0,2,50
M172/7,T430,0:52:18,4,0,-1,AA1864,0,2,303
T430,T328,0:53:39,4,0,-1,AA1864,0,2,70
T328,T420,0:55:20,4,0,1,AA1864,0,3,90
T420,T422,0:56:11,4,0,1,AA1864,0,3,30
T422,T424,0:57:36,4,0,1,AA1864,0,3,74
T424,T559,1:00:48,4,0,-1,AA1864,0,3,181
T559,T552,1:01:38,4,0,-1,AA1864,0,3,20
T552,T553,1:01:58,4,0,-1,AA1864,0,3,10
T553,T554,1:02:39,4,0,-1,AA1864,0,3,30
T554,T555/2,1:03:49,4,0,-1,AA1864,0,3,60
T555/2,T550/4,1:05:14,4,-1,-1,AA1864,0,3,74
T550/4,T556,6:30:57,4,0,-1,AB6705,0,2,30
T556,T557,6:32:28,4,0,-1,AB6705,0,2,80
T557,T558,6:33:09,4,0,-1,AB6705,0,2,30
T558,T551/1,6:35:10,4,0,-1,AB6705,0,2,90
T550/4,T556,6:37:25,4,0,-1,AB6393,0,2,30
T556,T557,6:38:56,4,0,-1,AB6393,0,2,81
T551/1,T423,6:38:56,4,0,1,AB6705,1,2,215
T557,T558,6:39:37,4,0,-1,AB6393,0,2,30
T558,T551/1,6:40:58,4,0,-1,AB6393,0,2,70
T551/1,T425,6:43:50,4,0,1,AB6393,0,2,161
T425,T423,6:44:32,4,0,1,AB6393,0,2,31
T423,T421,6:45:12,4,0,-1,AB6393,0,2,30
T558,T425,6:53:29,4,-1,1,AA3041,1,2,121
T425,T423,6:54:09,4,-1,1,AA3041,0,2,30
T423,T421,6:55:02,4,-1,1,AA3041,0,2,42
T550/4,T556,6:56:13,4,0,-1,AB6136,0,2,30
M247,M231,6:57:25,4,0,1,AB6705,0,2,20
T556,T557,6:58:05,4,0,-1,AB6136,0,2,91
T557,T558,6:58:36,4,0,-1,AB6136,0,2,20
M231,M219,6:59:06,4,0,2,AB6705,0,2,40
T558,T551/1,7:00:07,4,0,1,AB6136,0,2,80
T421,M247,7:01:34,4,0,1,AB6393,2,2,971
M219,M50,7:02:04,4,1,2,AB6705,0,2,92
M247,M231,7:02:34,4,0,1,AB6393,0,2,10
T551/1,T425,7:03:25,4,0,1,AB6136,0,2,162
M231,M219,7:03:55,4,1,2,AB6393,0,2,40
T425,T423,7:04:26,4,0,1,AB6136,0,2,40
T423,T421,7:05:08,4,0,1,AB6136,0,2,30
M219,M50,7:05:28,4,1,-1,AB6393,0,2,20
T550/4,T556,7:06:39,4,-1,-1,AB6615,0,2,30
T556,T558,7:08:50,4,-1,-1,AB6615,1,2,111
T558,T551/1,7:10:34,4,-1,-1,AB6615,0,2,73
T421,M231,7:10:34,4,0,-1,AA3041,3,2,911
M231,M219,7:12:46,4,0,-1,AA3041,0,2,101
T551/1,T425,7:13:46,4,-1,-1,AB6615,0,2,172
T425,T423,7:14:47,4,-1,-1,AB6615,0,2,30
M219,M50,7:15:17,4,0,-1,AA3041,0,2,91
T423,T421,7:15:58,4,-1,1,AB6615,0,2,40
T421,M247,7:20:12,4,0,1,AB6136,2,2,884
T420,T422,7:20:53,4,1,1,AB6705,0,2,30
M50,T420,7:21:23,4,1,1,AB6393,3,2,945
M247,M231,7:21:54,4,0,2,AB6136,0,2,30
T422,T424,7:21:54,4,1,1,AB6705,0,2,50
T420,T422,7:22:24,4,1,1,AB6393,0,2,30
M231,M219,7:23:04,4,1,2,AB6136,0,2,50
T422,T424,7:23:04,4,1,1,AB6393,0,2,30
M219,M50,7:25:38,4,1,-1,AB6136,0,2,111
T424,T559,7:25:38,4,1,-1,AB6705,0,2,184
T424,T559,7:26:49,4,1,-1,AB6393,0,2,214
T559,T552,7:27:09,4,1,-1,AB6705,0,2,20
T559,T552,7:27:50,4,1,-1,AB6393,0,2,50
T552,T553,7:28:00,4,0,-1,AB6705,0,2,10
T550/4,T556,7:28:20,4,0,-1,AA5945,0,2,40
T552,T553,7:28:30,4,0,-1,AB6393,0,2,20
T553,T554,7:28:40,4,0,-1,AB6705,0,2,30
T553,T554,7:29:01,4,0,-1,AB6393,0,2,20
T556,T557,7:29:54,4,0,-1,AA5945,0,2,83
M50,T420,7:30:14,4,0,-1,AA3041,3,2,876
T554,T555/2,7:30:24,4,0,-1,AB6705,0,2,73
T554,T555/2,7:30:24,4,0,-1,AB6393,0,2,73
T557,T558,7:30:45,4,0,-1,AA5945,0,2,30
T420,T422,7:30:55,4,0,-1,AA3041,0,2,30
T421,M247,7:31:25,4,-1,-1,AB6615,2,2,917
T422,T424,7:31:56,4,0,-1,AA3041,0,2,51
T555/2,T550/4,7:31:56,4,-1,-1,AB6705,0,2,61
T555/2,T550/4,7:32:07,4,-1,-1,AB6393,0,2,61
T558,T551/1,7:32:17,4,0,-1,AA5945,0,2,82
M247,M231,7:32:17,4,0,-1,AB6615,0,2,10
M231,M219,7:34:18,4,0,-1,AB6615,0,2,111
T424,T559,7:35:39,4,0,-1,AA3041,0,2,172
T551/1,T425,7:36:10,4,0,1,AA5945,0,2,182
T559,T552,7:36:52,4,0,-1,AA3041,0,2,20
T425,T423,7:37:03,4,0,1,AA5945,0,2,30
T552,T553,7:37:34,4,0,-1,AA3041,0,2,11
M219,M50,7:38:04,4,0,1,AB6615,0,2,134
T553,T554,7:38:14,4,0,-1,AA3041,0,2,30
T423,T421,7:38:35,4,0,1,AA5945,0,2,50
T554,T555/2,7:39:46,4,0,-1,AA3041,0,2,61
M50,T420,7:40:47,4,1,1,AB6136,3,2,888
T555/2,T550/4,7:41:07,4,-1,-1,AA3041,0,2,60
T550/4,T556,7:41:38,4,0,-1,AB6705,0,2,20
T420,T422,7:41:38,4,1,1,AB6136,0,2,30
T422,T424,7:42:48,4,1,1,AB6136,0,2,60
T556,T557,7:43:29,4,0,-1,AB6705,0,2,80
T557,T558,7:44:09,4,0,-1,AB6705,0,2,30
T558,T551/1,7:45:43,4,0,1,AB6705,0,2,83
T424,T559,7:46:14,4,0,-1,AB6136,0,2,174
M247,M231,7:47:14,4,2,2,AB6049,0,2,20
T559,T552,7:47:37,4,0,-1,AB6136,0,2,22
T552,T553,7:48:17,4,0,-1,AB6136,0,2,10
T551/1,T425,7:49:08,4,0,1,AB6705,0,2,174
M231,M219,7:49:38,4,2,3,AB6049,0,2,80
T425,T423,7:49:58,4,0,1,AB6705,0,2,30
T553,T555/2,7:50:29,4,0,-1,AB6136,1,2,121
T423,T421,7:50:49,4,0,1,AB6705,0,2,40
T550/4,T556,7:51:19,4,0,-1,AB6393,0,2,50
M219,M50,7:51:50,4,3,1,AB6049,0,2,80
T555/2,T550/4,7:52:00,4,-1,-1,AB6136,0,2,60
T556,T557,7:53:02,4,0,-1,AB6393,0,2,72
T557,T558,7:53:43,4,0,-1,AB6393,0,2,30
T558,T551/1,7:55:14,4,0,1,AB6393,0,2,80
T420,T422,7:57:57,4,0,1,AB6615,0,2,31
T422,T424,7:58:57,4,0,1,AB6615,0,2,50
T551/1,T425,7:59:18,4,1,1,AB6393,0,2,163
M247,M219,7:59:48,4,1,3,AA5945,1,2,264
T425,T423,8:00:29,4,1,1,AB6393,0,2,40
T423,T421,8:01:29,4,2,1,AB6393,0,2,30
T424,T552,8:02:00,4,0,-1,AB6615,1,2,141
T552,T553,8:04:44,4,0,-1,AB6615,0,2,154
T553,T554,8:05:25,4,0,-1,AB6615,0,2,30
T556,T557,8:05:56,4,0,-1,AA3041,0,2,72
T557,T558,8:06:57,4,0,-1,AA3041,0,2,30
T421,M247,8:07:07,4,0,1,AB6705,2,2,947
T554,T555/2,8:07:07,4,0,-1,AB6615,0,2,70
M50,T420,8:07:27,4,3,1,AB6049,3,2,907
T420,T422,8:08:28,4,2,1,AB6049,0,2,30
T558,T551/1,8:08:38,4,1,1,AA3041,0,2,70
T555/2,T550/4,8:08:38,4,-1,-1,AB6615,0,2,60
T422,T424,8:09:19,4,2,1,AB6049,0,2,40
M247,M219,8:11:44,4,1,2,AB6705,1,2,216
T551/1,T425,8:12:04,4,1,1,AA3041,0,2,165
T424,T559,8:12:55,4,2,-1,AB6049,0,2,175
T425,T423,8:13:05,4,1,1,AA3041,0,2,30
T559,T552,8:14:17,4,2,-1,AB6049,0,2,51
T423,T421,8:14:37,4,1,1,AA3041,0,2,30
M219,M50,8:14:58,4,2,-1,AB6705,0,2,92
T552,T553,8:15:08,4,1,-1,AB6049,0,2,10
T553,T554,8:15:58,4,1,-1,AB6049,0,2,40
T550/4,T556,8:17:09,4,0,-1,AB6136,0,2,40
T554,T555/2,8:17:50,4,0,-1,AB6049,0,2,80
T556,T557,8:19:01,4,0,-1,AB6136,0,2,91
T557,T558,8:19:34,4,0,-1,AB6136,0,2,23
T555/2,T550/4,8:19:34,4,-1,-1,AB6049,0,2,63
M247,M231,8:20:45,4,2,2,AB6393,0,2,10
T558,T551/1,8:21:25,4,0,1,AB6136,0,2,91
T420,T424,8:23:07,4,1,1,AA5945,1,2,101
M231,M219,8:23:27,4,3,3,AB6393,0,2,101
T551/1,T425,8:24:28,4,0,1,AB6136,0,2,161
M219,M50,8:24:58,4,4,-1,AB6393,0,2,40
T425,T423,8:25:28,4,0,1,AB6136,0,2,30
T423,T421,8:26:39,4,0,1,AB6136,0,2,30
T424,T559,8:26:59,4,1,-1,AA5945,0,2,192
T550/4,T556,8:28:13,4,0,-1,AB6615,0,2,40
T559,T552,8:28:23,4,0,-1,AA5945,0,2,20
T552,T553,8:29:03,4,0,-1,AA5945,0,2,10
T556,T557,8:29:44,4,0,-1,AB6615,0,2,81
T553,T554,8:29:44,4,0,-1,AA5945,0,2,30
T557,T558,8:30:35,4,0,-1,AB6615,0,2,30
T554,T555/2,8:31:05,4,0,-1,AA5945,0,2,70
T558,T551/1,8:32:06,4,0,-1,AB6615,0,2,81
T555/2,T550/4,8:32:36,4,-1,-1,AA5945,0,2,71
T551/1,T425,8:35:18,4,0,1,AB6615,0,2,161
M247,M231,8:35:18,4,2,2,AA3041,0,2,20
T420,T422,8:35:49,4,1,1,AB6705,0,2,40
T425,T423,8:36:49,4,0,1,AB6615,0,2,30
T422,T424,8:36:49,4,1,1,AB6705,0,2,50
M231,M219,8:37:10,4,2,3,AA3041,0,2,60
T423,T421,8:38:14,4,0,1,AB6615,0,2,53
M219,M50,8:39:14,4,2,-1,AA3041,0,2,40
T550/4,T556,8:39:24,4,0,-1,AB6049,0,2,50
T424,T559,8:41:06,4,1,-1,AB6705,0,2,212
T556,T557,8:41:36,4,0,-1,AB6049,0,2,101
M50,T420,8:41:36,4,4,1,AB6393,3,2,947
T559,T552,8:42:17,4,1,-1,AB6705,0,2,30
T557,T558,8:42:27,4,0,-1,AB6049,0,2,30
T421,M247,8:42:57,4,0,1,AB6136,2,2,947
T420,T422,8:43:07,4,3,1,AB6393,0,2,40
T552,T553,8:43:07,4,1,-1,AB6705,0,2,10
T553,T554,8:43:48,4,0,-1,AB6705,0,2,30
M247,M231,8:43:58,4,0,2,AB6136,0,2,10
T422,T424,8:44:08,4,3,1,AB6393,0,2,50
T558,T551/1,8:44:18,4,0,1,AB6049,0,2,91
T554,T555/2,8:45:29,4,0,-1,AB6705,0,2,60
M231,M219,8:46:19,4,1,3,AB6136,0,2,101
T555/2,T550/4,8:47:34,4,-1,-1,AB6705,0,2,85
T551/1,T425,8:47:45,4,0,1,AB6049,0,2,176
M219,M50,8:48:25,4,1,2,AB6136,0,2,85
T424,T559,8:48:25,4,4,-1,AB6393,0,2,186
T425,T423,8:48:35,4,0,1,AB6049,0,2,30
T423,T421,8:49:56,4,0,1,AB6049,0,2,30
T559,T552,8:49:56,4,3,-1,AB6393,0,2,30
T552,T553,8:50:36,4,3,-1,AB6393,0,2,10
T553,T554,8:51:27,4,2,-1,AB6393,0,2,40
T554,T555/2,8:52:58,4,2,-1,AB6393,0,2,60
T550/4,T556,8:53:29,4,0,-1,AA5945,0,2,50
T555/2,T550/4,8:54:29,4,-1,-1,AB6393,0,2,60
T556,T557,8:55:10,4,0,-1,AA5945,0,2,80
T557,T558,8:56:05,4,0,-1,AA5945,0,2,30
M247,M231,8:57:15,4,0,2,AB6615,0,2,20
T558,T551/1,8:57:47,4,0,1,AA5945,0,2,81
M231,M219,8:59:48,4,0,3,AB6615,0,2,91
T420,T422,8:59:48,4,2,1,AA3041,0,2,40
T551/1,T425,9:01:19,4,0,1,AA5945,0,2,182
T422,T424,9:01:29,4,2,1,AA3041,0,2,91
T425,T423,9:02:10,4,0,1,AA5945,0,2,40
M219,M50,9:02:10,4,0,2,AB6615,0,2,80
T423,T421,9:03:11,4,0,1,AA5945,0,2,40
T550/4,T556,9:04:53,4,0,-1,AB6705,0,2,40
T424,T559,9:05:13,4,2,-1,AA3041,0,2,173
T556,T557,9:06:55,4,0,-1,AB6705,0,2,80
T559,T552,9:07:16,4,3,-1,AA3041,0,2,20
T557,T558,9:07:36,4,0,-1,AB6705,0,2,30
T552,T553,9:08:06,4,3,-1,AA3041,0,2,10
T420,T422,9:08:47,4,0,1,AB6136,0,2,50
T558,T551/1,9:08:57,4,0,1,AB6705,0,2,70
T553,T554,9:09:07,4,2,-1,AA3041,0,2,50
T422,T424,9:10:18,4,0,1,AB6136,0,2,80
M247,M231,9:10:58,4,1,2,AB6049,0,2,10
T554,T555/2,9:10:58,4,1,-1,AA3041,0,2,80
T551/1,T425,9:12:09,4,0,1,AB6705,0,2,161
T555/2,T550/4,9:12:29,4,-1,-1,AA3041,0,2,70
M231,M219,9:12:40,4,2,2,AB6049,0,2,50
T425,T423,9:13:10,4,0,1,AB6705,0,2,30
T424,T559,9:13:54,4,0,-1,AB6136,0,2,185
T423,T421,9:14:14,4,0,1,AB6705,0,2,30
T550/4,T556,9:15:15,4,0,-1,AB6393,0,2,50
T559,T552,9:15:56,4,1,-1,AB6136,0,2,31
M219,M50,9:16:07,4,3,-1,AB6049,0,2,91
T552,T553,9:16:37,4,1,-1,AB6136,0,2,10
T556,T557,9:16:57,4,0,-1,AB6393,0,2,92
T553,T554,9:17:28,4,1,-1,AB6136,0,2,40
T557,T558,9:17:48,4,0,-1,AB6393,0,2,20
M50,T420,9:18:28,4,0,1,AB6615,3,2,948
T554,T555/2,9:19:09,4,0,-1,AB6136,0,2,80
T558,T551/1,9:19:29,4,0,1,AB6393,0,2,70
T420,T422,9:19:29,4,0,1,AB6615,0,2,30
T421,M247,9:19:39,4,0,2,AA5945,2,2,957
T422,T424,9:20:32,4,0,1,AB6615,0,2,52
T555/2,T550/4,9:20:52,4,-1,-1,AB6136,0,2,72
M247,M231,9:21:02,4,0,3,AA5945,0,2,10
T551/1,T425,9:23:05,4,0,1,AB6393,0,2,164
M231,M219,9:23:35,4,1,3,AA5945,0,2,142
T425,T423,9:23:45,4,0,1,AB6393,0,2,30
T424,T559,9:24:25,4,0,-1,AB6615,0,2,193
T423,T421,9:24:56,4,1,1,AB6393,0,2,40
M219,M50,9:25:16,4,2,1,AA5945,0,2,30
T559,T552,9:25:46,4,0,-1,AB6615,0,2,30
T550/4,T556,9:26:07,4,0,-1,AA3041,0,2,30
T552,T553,9:26:47,4,0,-1,AB6615,0,2,10
T553,T554,9:27:38,4,0,-1,AB6615,0,2,40
T556,T557,9:27:58,4,0,-1,AA3041,0,2,80
T557,T558,9:28:49,4,0,-1,AA3041,0,2,30
T554,T555/2,9:29:19,4,0,-1,AB6615,0,2,70
T558,T551/1,9:30:20,4,0,1,AA3041,0,2,80
T555/2,T550/4,9:31:10,4,-1,-1,AB6615,0,2,71
T550/4,T556,9:31:35,4,0,-1,AA1864,0,2,34
M247,M231,9:32:15,4,0,1,AB6705,0,2,10
T556,T557,9:33:26,4,0,-1,AA1864,0,2,80
T551/1,T425,9:33:36,4,0,1,AA3041,0,2,155
T557,T558,9:34:07,4,0,-1,AA1864,0,2,30
M231,M219,9:34:27,4,0,3,AB6705,0,2,91
T425,T423,9:34:37,4,0,1,AA3041,0,2,30
T423,T421,9:35:27,4,0,1,AA3041,0,2,30
T558,T551/1,9:35:38,4,0,1,AA1864,0,2,80
M219,M50,9:36:38,4,1,1,AB6705,0,2,91
T420,T422,9:37:49,4,5,1,AB6049,0,2,30
T551/1,T425,9:38:50,4,0,1,AA1864,0,2,172
T422,T424,9:38:50,4,5,1,AB6049,0,2,50
T425,T423,9:39:43,4,0,1,AA1864,0,2,42
T550/4,T556,9:39:53,4,1,-1,AB6136,0,2,32
T423,T421,9:40:43,4,0,1,AA1864,0,2,40
M219,M50,9:40:43,4,1,1,AA2661,0,2,30
T421,M247,9:41:14,4,1,1,AB6393,2,2,957
T556,T557,9:42:15,4,1,-1,AB6136,0,2,101
M247,M231,9:42:15,4,1,1,AB6393,0,2,20
T424,T559,9:42:55,4,5,-1,AB6049,0,2,202
T557,T558,9:43:05,4,1,-1,AB6136,0,2,30
M231,M219,9:43:25,4,1,2,AB6393,0,2,40
M219,M50,9:44:36,4,1,1,AB6393,0,2,30
T558,T551/1,9:45:06,4,0,2,AB6136,0,2,91
T559,T552,9:45:06,4,5,-1,AB6049,0,2,40
T420,T422,9:45:47,4,2,1,AA5945,0,2,40
T552,T553,9:45:57,4,4,-1,AB6049,0,2,10
T553,T554,9:47:08,4,5,-1,AB6049,0,2,50
T422,T424,9:47:28,4,2,2,AA5945,0,2,91
T551/1,T425,9:48:39,4,0,1,AB6136,0,2,161
T550/4,T556,9:48:59,4,0,-1,AB6615,0,2,30
T554,T555/2,9:49:19,4,4,-1,AB6049,0,2,101
T425,T423,9:49:40,4,0,1,AB6136,0,2,40
T423,T421,9:50:54,4,1,1,AB6136,0,2,33
T421,M247,9:50:54,4,0,1,AA3041,2,2,895
T555/2,T550/4,9:51:04,4,-1,-1,AB6049,0,2,63
T556,T557,9:51:14,4,0,-1,AB6615,0,2,83
T424,T559,9:51:14,4,2,-1,AA5945,0,2,185
M247,M231,9:51:44,4,0,2,AA3041,0,2,20
T557,T558,9:52:04,4,0,-1,AB6615,0,2,30
T559,T552,9:52:35,4,2,-1,AA5945,0,2,20
M231,M219,9:53:05,4,0,2,AA3041,0,2,40
T552,T553,9:53:47,4,1,-1,AA5945,0,2,10
T558,T551/1,9:54:27,4,0,1,AB6615,0,2,102
T553,T554,9:54:37,4,1,-1,AA5945,0,2,40
M219,M50,9:55:48,4,0,1,AA3041,0,2,80
T420,T422,9:55:58,4,0,1,AB6705,0,2,30
T422,T424,9:56:39,4,0,1,AB6705,0,2,30
T554,T555/2,9:56:39,4,1,-1,AA5945,0,2,101
T551/1,T425,9:58:20,4,0,1,AB6615,0,2,162
T555/2,T550/4,9:58:34,4,-1,-1,AA5945,0,2,75
T550/4,T556,9:58:44,4,-1,-1,AA7207,0,2,44
M247,M231,9:59:05,4,0,3,AA1864,0,2,10
T425,T423,9:59:25,4,0,1,AB6615,0,2,40
T420,T422,10:00:15,4,1,1,AA2661,0,2,30
M231,M219,10:00:25,4,0,3,AA1864,0,2,50
M50,T420,10:00:25,4,1,1,AB6393,3,2,939
T556,T557,10:00:35,4,-1,-1,AA7207,0,2,80
T424,T559,10:00:35,4,0,-1,AB6705,0,2,216
T423,T421,10:00:46,4,0,1,AB6615,0,2,50
T420,T422,10:01:06,4,1,1,AB6393,0,2,30
T557,T558,10:01:47,4,-1,-1,AA7207,0,2,30
T422,T424,10:02:17,4,1,1,AA2661,0,2,111
T422,T424,10:02:17,4,1,1,AB6393,0,2,60
M219,M50,10:02:37,4,0,-1,AA1864,0,2,111
T559,T552,10:02:57,4,0,-1,AB6705,0,2,30
T558,T551/1,10:03:28,4,-1,1,AA7207,0,2,80
T552,T553,10:03:58,4,0,-1,AB6705,0,2,10
T553,T554,10:05:09,4,0,-1,AB6705,0,2,60
T424,T559,10:06:10,4,1,-1,AA2661,0,2,192
T424,T559,10:06:10,4,1,-1,AB6393,0,2,192
T554,T555/2,10:06:44,4,0,-1,AB6705,0,2,74
T551/1,T425,10:07:04,4,-1,1,AA7207,0,2,176
T421,M247,10:07:14,4,1,1,AB6136,2,2,960
T559,T552,10:07:35,4,1,-1,AB6393,0,2,30
T559,T552,10:07:35,4,1,-1,AA2661,0,2,20
T425,T423,10:07:55,4,-1,1,AA7207,0,2,30
M247,M231,10:08:05,4,1,2,AB6136,0,2,20
T552,T553,10:08:05,4,1,-1,AB6393,0,2,10
T550/4,T556,10:08:25,4,1,-1,AB6049,0,2,50
T552,T553,10:08:25,4,1,-1,AA2661,0,2,10
T555/2,T550/4,10:08:25,4,-1,-1,AB6705,0,2,80
T423,T421,10:08:47,4,-1,1,AA7207,0,2,31
T553,T554,10:08:47,4,1,-1,AB6393,0,2,31
T553,T554,10:09:37,4,1,-1,AA2661,0,2,60
T554,T555/2,10:10:18,4,1,-1,AB6393,0,2,80
T556,T557,10:10:58,4,0,-1,AB6049,0,2,121
T554,T555/2,10:11:08,4,0,-1,AA2661,0,2,70
M231,M219,10:11:18,4,1,-1,AB6136,0,2,151
T557,T558,10:11:49,4,0,-1,AB6049,0,2,30
T555/2,T550/4,10:11:59,4,-1,-1,AB6393,0,2,80
M219,M50,10:12:39,4,1,-1,AB6136,0,2,30
T555/2,T550/4,10:12:49,4,-1,-1,AA2661,0,2,70
T558,T551/1,10:13:54,4,0,-1,AB6049,0,2,84
T420,T424,10:17:06,4,1,1,AA3041,1,2,131
T421,M247,10:17:16,4,0,1,AB6615,2,2,960
T551/1,T425,10:17:37,4,0,1,AB6049,0,2,181
T425,T423,10:18:17,4,0,1,AB6049,0,2,30
M247,M231,10:18:17,4,0,2,AB6615,0,2,20
T423,T421,10:19:28,4,0,1,AB6049,0,2,40
M231,M219,10:20:18,4,0,3,AB6615,0,2,80
T424,T559,10:20:29,4,1,-1,AA3041,0,2,182
T420,T422,10:21:39,4,0,1,AA1864,0,2,30
M219,M50,10:22:32,4,0,1,AB6615,0,2,92
T559,T552,10:22:32,4,2,-1,AA3041,0,2,31
T422,T424,10:22:52,4,0,1,AA1864,0,2,62
T552,T553,10:23:02,4,1,-1,AA3041,0,2,10
T553,T554,10:24:03,4,1,-1,AA3041,0,2,50
T554,T555/2,10:25:35,4,0,-1,AA3041,0,2,72
T424,T559,10:25:55,4,0,-1,AA1864,0,2,173
T555/2,T550/4,10:27:06,4,-1,-1,AA3041,0,2,60
T559,T552,10:27:36,4,1,-1,AA1864,0,2,20
T552,T553,10:27:57,4,1,-1,AA1864,0,2,10
M247,M231,10:28:07,4,-1,2,AA7207,0,2,30
T553,T554,10:28:57,4,1,-1,AA1864,0,2,40
M50,T420,10:29:07,4,1,1,AB6136,3,2,967
T420,T422,10:30:08,4,1,1,AB6136,0,2,30
M231,M219,10:30:28,4,-1,3,AA7207,0,2,131
T554,T555/2,10:30:28,4,1,-1,AA1864,0,2,70
T422,T424,10:31:19,4,1,1,AB6136,0,2,60
T555/2,T550/4,10:32:09,4,-1,-1,AA1864,0,2,70
M219,M50,10:32:30,4,-1,1,AA7207,0,2,91
T424,T559,10:34:45,4,1,-1,AB6136,0,2,185
T559,T552,10:35:56,4,1,-1,AB6136,0,2,20
T425,T423,10:36:46,4,0,1,AA2661,0,2,40
T552,T553,10:36:46,4,0,-1,AB6136,0,2,10
T550/4,T556,10:37:27,4,1,-1,AB6393,0,2,30
T553,T554,10:37:47,4,0,-1,AB6136,0,2,50
T423,T421,10:37:57,4,0,1,AA2661,0,2,30
M247,M231,10:38:07,4,0,1,AB6049,0,2,20
T554,T555/2,10:39:18,4,0,-1,AB6136,0,2,80
T556,T558,10:39:48,4,1,-1,AB6393,1,2,111
M231,M219,10:40:29,4,0,3,AB6049,0,2,111
T555/2,T550/4,10:41:09,4,-1,-1,AB6136,0,2,81
T558,T551/1,10:41:40,4,0,1,AB6393,0,2,80
T420,T422,10:41:40,4,0,1,AB6615,0,2,40
M219,M50,10:42:35,4,0,-1,AB6049,0,2,95
T422,T424,10:42:35,4,0,1,AB6615,0,2,44
T550/4,T556,10:45:17,4,0,-1,AA1864,0,2,30
T551/1,T423,10:45:37,4,0,1,AB6393,1,2,216
T424,T559,10:45:57,4,0,-1,AB6615,0,2,192
T423,T421,10:46:28,4,0,1,AB6393,0,2,30
T556,T557,10:47:08,4,0,-1,AA1864,0,2,81
T559,T552,10:47:18,4,0,-1,AB6615,0,2,30
T557,T558,10:47:49,4,0,-1,AA1864,0,2,30
T552,T553,10:47:49,4,0,-1,AB6615,0,2,10
T553,T554,10:48:49,4,0,-1,AB6615,0,2,40
T558,T551/1,10:49:20,4,0,1,AA1864,0,2,81
T554,T555/2,10:50:35,4,0,-1,AB6615,0,2,75
T420,T422,10:52:06,4,-1,1,AA7207,0,2,40
T555/2,T550/4,10:52:16,4,-1,-1,AB6615,0,2,70
T551/1,T425,10:52:37,4,0,1,AA1864,0,2,172
T422,T424,10:52:47,4,-1,1,AA7207,0,2,30
T550/4,T556,10:53:17,4,0,-1,AB6705,0,2,40
T425,T423,10:53:47,4,0,1,AA1864,0,2,40
T421,M247,10:54:28,4,0,1,AA2661,2,2,950
T423,T421,10:54:48,4,0,1,AA1864,0,2,40
T556,T557,10:55:59,4,0,-1,AB6705,0,2,91
M247,M231,10:55:59,4,0,2,AA2661,0,2,30
T424,T559,10:56:29,4,-1,-1,AA7207,0,2,192
M231,M219,10:57:32,4,0,2,AA2661,0,2,62
T559,T552,10:58:02,4,-1,-1,AA7207,0,2,30
T557,T551/1,10:58:13,4,0,1,AB6705,1,2,123
M219,M50,10:58:43,4,1,1,AA2661,0,2,30
T552,T553,10:58:43,4,-1,-1,AA7207,0,2,10
T553,T554,10:59:55,4,-1,-1,AA7207,0,2,62
T551/1,T425,11:01:36,4,0,1,AB6705,0,2,173
T554,T555/2,11:01:36,4,-1,-1,AA7207,0,2,81
T550/4,T556,11:01:57,4,0,-1,AB6615,0,2,30
T420,T422,11:02:27,4,0,1,AB6049,0,2,30
T425,T423,11:02:37,4,0,1,AB6705,0,2,40
T422,T424,11:03:18,4,0,1,AB6049,0,2,40
T555/2,T550/4,11:03:18,4,-1,-1,AA7207,0,2,70
T423,T421,11:04:28,4,0,1,AB6705,0,2,50
M247,M231,11:04:49,4,0,2,AB6393,0,2,20
T556,T557,11:05:09,4,0,-1,AB6615,0,2,101
T557,T558,11:05:50,4,0,-1,AB6615,0,2,30
M231,M219,11:06:20,4,1,2,AB6393,0,2,50
T424,T559,11:07:01,4,0,-1,AB6049,0,2,192
T558,T551/1,11:07:21,4,0,1,AB6615,0,2,80
M219,M50,11:08:22,4,1,1,AB6393,0,2,71
T559,T552,11:08:22,4,0,-1,AB6049,0,2,30
T552,T553,11:09:03,4,0,-1,AB6049,0,2,10
T553,T554,11:09:43,4,0,-1,AB6049,0,2,30
T551/1,T425,11:10:55,4,0,1,AB6615,0,2,162
T554,T555/2,11:11:35,4,0,-1,AB6049,0,2,92
T425,T423,11:12:16,4,0,1,AB6615,0,2,40
T556,T557,11:12:26,4,0,-1,AA3041,0,2,101
M247,M231,11:12:56,4,0,2,AA1864,0,2,10
T557,T558,11:13:17,4,1,-1,AA3041,0,2,30
T423,T421,11:13:37,4,0,1,AB6615,0,2,40
T555/2,T550/4,11:14:07,4,-1,-1,AB6049,0,2,121
M231,M219,11:14:58,4,0,2,AA1864,0,2,91
T558,T551/1,11:15:08,4,0,1,AA3041,0,2,80
M50,T420,11:15:38,4,1,1,AA2661,3,2,953
M219,M50,11:17:20,4,0,1,AA1864,0,2,91
T420,T424,11:17:42,4,1,1,AA2661,1,2,103
T551/1,T423,11:19:04,4,0,1,AA3041,1,2,215
T423,T421,11:20:05,4,0,1,AA3041,0,2,40
T421,M247,11:20:45,4,0,1,AB6705,2,2,956
T424,T559,11:20:55,4,1,-1,AA2661,0,2,183
M247,M231,11:21:46,4,0,2,AB6705,0,2,10
T559,T552,11:22:26,4,1,-1,AA2661,0,2,30
M231,M219,11:22:46,4,0,3,AB6705,0,2,30
T552,T553,11:23:17,4,1,-1,AA2661,0,2,10
T550/4,T556,11:24:18,4,1,-1,AB6136,0,2,40
T553,T554,11:24:18,4,0,-1,AA2661,0,2,40
T554,T555/2,11:26:09,4,0,-1,AA2661,0,2,81
M219,M50,11:26:40,4,0,2,AB6705,0,2,162
T556,T557,11:27:00,4,0,-1,AB6136,0,2,111
T557,T558,11:27:40,4,0,-1,AB6136,0,2,30
T555/2,T550/4,11:28:01,4,-1,-1,AA2661,0,2,70
T420,T422,11:28:34,4,1,1,AB6393,0,2,33
T422,T424,11:29:25,4,1,1,AB6393,0,2,40
T558,T551/1,11:30:05,4,2,1,AB6136,0,2,81
M247,M231,11:31:16,4,0,2,AB6615,0,2,30
M231,M219,11:32:37,4,0,3,AB6615,0,2,30
T424,T559,11:32:37,4,1,-1,AB6393,0,2,182
T551/1,T425,11:33:28,4,2,1,AB6136,0,2,171
T559,T552,11:34:08,4,1,-1,AB6393,0,2,30
T425,T423,11:34:28,4,2,1,AB6136,0,2,40
M219,M50,11:34:38,4,0,-1,AB6615,0,2,30
T552,T553,11:34:38,4,1,-1,AB6393,0,2,10
T420,T422,11:35:19,4,0,1,AA1864,0,2,20
T423,T421,11:35:43,4,2,1,AB6136,0,2,44
T550/4,T556,11:36:45,4,0,-1,AA5945,0,2,41
T422,T424,11:37:05,4,0,1,AA1864,0,2,81
T553,T555/2,11:37:05,4,0,-1,AB6393,1,2,126
M231,M219,11:38:26,4,0,3,AA3041,0,2,30
T555/2,T550/4,11:38:26,4,-1,-1,AB6393,0,2,70
T556,T557,11:38:46,4,0,-1,AA5945,0,2,101
T557,T558,11:39:47,4,0,-1,AA5945,0,2,40
M219,M50,11:40:27,4,0,1,AA3041,0,2,60
T424,T559,11:40:37,4,0,-1,AA1864,0,2,182
T558,T551/1,11:41:48,4,0,1,AA5945,0,2,91
T559,T552,11:42:19,4,0,-1,AA1864,0,2,20
T552,T554,11:43:50,4,0,-1,AA1864,1,2,60
T554,T555/2,11:45:34,4,0,-1,AA1864,0,2,74
T551/1,T425,11:45:45,4,0,1,AA5945,0,2,175
T420,T422,11:46:35,4,0,1,AB6705,0,2,30
T425,T423,11:47:16,4,0,1,AA5945,0,2,70
T555/2,T550/4,11:47:16,4,-1,-1,AA1864,0,2,70
T422,T424,11:47:26,4,0,1,AB6705,0,2,40
T423,T421,11:48:26,4,0,1,AA5945,0,2,30
T424,T559,11:51:04,4,0,-1,AB6705,0,2,198
T550/4,T556,11:52:59,4,0,-1,AA1864,0,2,31
T559,T552,11:52:59,4,0,-1,AB6705,0,2,41
M247,M231,11:53:55,4,2,2,AB6136,0,2,20
T552,T554,11:54:37,4,0,-1,AB6705,1,2,76
T420,T424,11:54:58,4,0,1,AB6615,1,2,118
T556,T557,11:55:08,4,0,-1,AA1864,0,2,83
M231,M219,11:55:29,4,1,3,AB6136,0,2,62
T557,T558,11:56:10,4,0,-1,AA1864,0,2,30
T554,T555/2,11:56:21,4,0,-1,AB6705,0,2,83
M219,M50,11:56:52,4,0,1,AB6136,0,2,31
T420,T422,11:57:55,4,0,1,AA3041,0,2,31
T555/2,T550/4,11:57:55,4,-1,-1,AB6705,0,2,63
T558,T551/1,11:58:06,4,1,1,AA1864,0,2,73
T424,T559,11:58:06,4,0,-1,AB6615,0,2,177
T422,T424,11:58:38,4,0,1,AA3041,0,2,31
T559,T552,11:59:52,4,0,-1,AB6615,0,2,20
T552,T553,12:00:34,4,0,-1,AB6615,0,2,20
T553,T554,12:01:16,4,0,-1,AB6615,0,2,31
T424,T559,12:01:58,4,0,-1,AA3041,0,2,179
T551/1,T423,12:02:19,4,1,1,AA1864,1,2,211
T554,T555/2,12:02:44,4,0,-1,AB6615,0,2,76
T559,T552,12:03:15,4,0,-1,AA3041,0,2,31
T552,T553,12:03:57,4,0,-1,AA3041,0,2,10
T423,T421,12:04:18,4,0,1,AA1864,0,2,31
T555/2,T550/4,12:04:18,4,-1,-1,AB6615,0,2,73
T553,T554,12:04:39,4,0,-1,AA3041,0,2,31
T554,T555/2,12:06:06,4,0,-1,AA3041,0,2,76
T555/2,T550/4,12:07:50,4,-1,-1,AA3041,0,2,62
M231,M219,12:09:24,4,1,3,AA5945,0,2,114
T550/4,T556,12:09:45,4,0,-1,AB6705,0,2,52
M219,M50,12:10:37,4,1,-1,AA5945,0,2,42
T556,T557,12:12:01,4,0,-1,AB6705,0,2,83
T557,T558,12:13:25,4,0,-1,AB6705,0,2,41
T558,T551/1,12:15:20,4,0,-1,AB6705,0,2,83
T551/1,T425,12:18:45,4,0,1,AB6705,0,2,171
T420,T424,12:18:45,4,0,-1,AB6136,1,2,129
T425,T423,12:19:37,4,0,1,AB6705,0,2,31
T423,T421,12:20:32,4,0,1,AB6705,0,2,44
T424,T559,12:22:38,4,0,-1,AB6136,0,2,211
T559,T552,12:23:34,4,0,-1,AB6136,0,2,24
M247,M231,12:23:55,4,0,2,AA1864,0,2,10
T553,T554,12:24:48,4,0,-1,AB6136,0,2,31
M231,M219,12:25:34,4,0,2,AA1864,0,2,56
T554,T555/2,12:26:17,4,0,-1,AB6136,0,2,78
T556,T557,12:26:38,4,0,-1,AA3041,0,2,77
M50,T420,12:26:59,4,0,1,AA5945,3,2,960
M219,M50,12:27:34,4,1,-1,AA1864,0,2,67
T557,T558,12:27:45,4,0,-1,AA3041,0,2,35
T420,T422,12:27:45,4,0,1,AA5945,0,2,35
T555/2,T550/4,12:28:06,4,-1,-1,AB6136,0,2,88
T558,T551/1,12:29:36,4,0,1,AA3041,0,2,89
T422,T559,12:32:35,4,0,-1,AA5945,1,2,279
T551/1,T425,12:32:56,4,0,-1,AA3041,0,2,168
T425,T423,12:33:59,4,0,-1,AA3041,0,2,31
T559,T552,12:33:59,4,0,-1,AA5945,0,2,31
T423,T421,12:35:27,4,0,1,AA3041,0,2,41
T552,T554,12:35:27,4,0,-1,AA5945,1,2,67
T554,T555/2,12:36:54,4,0,-1,AA5945,0,2,76
M247,M231,12:38:17,4,0,2,AB6705,0,2,10
T555/2,T550/4,12:38:17,4,-1,-1,AA5945,0,2,63
T550/4,T556,12:40:03,4,1,-1,AB6136,0,2,43
M231,M219,12:40:56,4,0,3,AB6705,0,2,116
T556,T557,12:42:20,4,1,-1,AB6136,0,2,94
T557,T558,12:43:15,4,1,-1,AB6136,0,2,31
M219,M50,12:43:25,4,0,-1,AB6705,0,2,117
M50,T420,12:43:25,4,1,1,AA1864,3,2,918
T420,T422,12:44:28,4,1,1,AA1864,0,2,31
T422,T424,12:45:00,4,1,1,AA1864,0,2,21
T558,T551/1,12:45:21,4,1,1,AB6136,0,2,84
T424,T559,12:48:36,4,1,-1,AA1864,0,2,184
T551/1,T425,12:49:39,4,1,1,AB6136,0,2,172
T559,T552,12:50:00,4,2,-1,AA1864,0,2,31
T425,T423,12:50:42,4,1,1,AB6136,0,2,31
T552,T553,12:51:03,4,2,-1,AA1864,0,2,10
T423,T421,12:51:34,4,1,1,AB6136,0,2,31
T553,T554,12:52:06,4,2,-1,AA1864,0,2,52
T554,T555/2,12:53:50,4,1,-1,AA1864,0,2,73
T550/4,T556,12:55:25,4,0,-1,AB6694,0,2,42
T555/2,T550/4,12:55:25,4,-1,-1,AA1864,0,2,62
M231,M219,12:55:46,4,0,3,AA3041,0,2,63
M219,M50,12:57:53,4,1,1,AA3041,0,2,95
T556,T557,12:58:14,4,2,-1,AB6694,0,2,95
T557,T558,12:59:17,4,2,-1,AB6694,0,2,31
T420,T422,13:01:28,4,0,1,AB6705,0,2,31
T558,T551/1,13:01:38,4,4,1,AB6694,0,2,88
T422,T424,13:01:59,4,0,1,AB6705,0,2,20
T424,T559,13:05:32,4,0,-1,AB6705,0,2,177
T551/1,T425,13:06:19,4,4,1,AB6694,0,2,183
T559,T552,13:06:50,4,0,-1,AB6705,0,2,20
T425,T423,13:07:32,4,4,1,AB6694,0,2,41
T552,T553,13:07:32,4,0,-1,AB6705,0,2,10
T553,T554,13:08:14,4,0,-1,AB6705,0,2,31
T423,T421,13:08:45,4,4,1,AB6694,0,2,41
T554,T555/2,13:09:48,4,0,-1,AB6705,0,2,62
T550/4,T556,13:10:42,4,1,-1,AA1864,0,2,32
T555/2,T550/4,13:11:23,4,-1,-1,AB6705,0,2,64
T556,T558,13:13:18,4,2,-1,AA1864,1,2,124
M247,M231,13:13:49,4,1,2,AB6136,0,2,20
M50,T420,13:14:31,4,1,1,AA3041,3,2,965
T558,T551/1,13:15:12,4,2,1,AA1864,0,2,82
T420,T422,13:15:22,4,1,1,AA3041,0,2,31
M231,M219,13:15:44,4,2,2,AB6136,0,2,83
T422,T424,13:16:05,4,1,1,AA3041,0,2,31
M219,M50,13:18:10,4,2,1,AB6136,0,2,93
T551/1,T425,13:18:44,4,2,1,AA1864,0,2,169
T424,T559,13:19:25,4,1,-1,AA3041,0,2,179
T425,T423,13:19:46,4,2,1,AA1864,0,2,41
T423,T421,13:20:49,4,2,1,AA1864,0,2,41
T559,T552,13:20:49,4,1,-1,AA3041,0,2,20
T553,T554,13:22:40,4,1,-1,AA3041,0,2,52
T554,T555/2,13:24:19,4,1,-1,AA3041,0,2,72
T555/2,T550/4,13:26:03,4,-1,-1,AA3041,0,2,62
T550/4,T556,13:27:26,4,0,-1,AB6705,0,2,41
T556,T557,13:30:06,4,0,-1,AB6705,0,2,85
M247,M231,13:30:27,4,4,1,AB6694,0,2,21
T557,T558,13:30:48,4,0,-1,AB6705,0,2,10
M231,M219,13:32:15,4,3,3,AB6694,0,2,65
T558,T551/1,13:33:07,4,0,1,AB6705,0,2,83
M219,M50,13:34:51,4,3,1,AB6694,0,2,115
T420,T422,13:36:49,4,1,1,AB6136,0,2,31
T551/1,T425,13:37:34,4,0,1,AB6705,0,2,172
T422,T424,13:37:34,4,1,1,AB6136,0,2,34
T425,T423,13:38:47,4,0,1,AB6705,0,2,41
T423,T421,13:40:10,4,0,1,AB6705,0,2,41
T424,T559,13:41:16,4,1,-1,AB6136,0,2,211
M231,M219,13:41:26,4,2,3,AA1864,0,2,66
T559,T552,13:42:29,4,1,-1,AB6136,0,2,20
T552,T553,13:43:11,4,0,-1,AB6136,0,2,10
T553,T554,13:43:56,4,0,-1,AB6136,0,2,35
T557,T558,13:44:07,4,0,-1,AA3041,0,2,31
M219,M50,13:45:35,4,2,1,AA1864,0,2,196
T554,T555/2,13:45:35,4,0,-1,AB6136,0,2,66
T558,T551/1,13:45:55,4,0,1,AA3041,0,2,87
T555/2,T550/4,13:47:18,4,-1,-1,AB6136,0,2,72
T551/1,T425,13:49:14,4,0,1,AA3041,0,2,156
T425,T423,13:50:16,4,0,1,AA3041,0,2,30
T423,T421,13:51:08,4,0,1,AA3041,0,2,31
T420,T422,13:55:45,4,3,1,AB6694,0,2,31
T550/4,T556,13:56:06,4,0,-1,AB6136,0,2,41
T421,M247,13:56:06,4,0,1,AB6705,2,2,945
T422,T424,13:56:58,4,3,1,AB6694,0,2,62
M247,M231,13:57:29,4,0,2,AB6705,0,2,10
T556,T557,13:58:21,4,1,-1,AB6136,0,2,94
T557,T558,13:59:24,4,1,-1,AB6136,0,2,31
M231,M219,13:59:35,4,0,3,AB6705,0,2,83
T424,T559,14:00:48,4,3,-1,AB6694,0,2,219
T558,T551/1,14:01:29,4,1,1,AB6136,0,2,83
T559,T552,14:01:40,4,3,-1,AB6694,0,2,31
M219,M50,14:02:22,4,0,1,AB6705,0,2,114
T552,T553,14:02:22,4,3,-1,AB6694,0,2,10
T553,T554,14:03:25,4,1,-1,AB6694,0,2,52
T551/1,T425,14:04:59,4,1,1,AB6136,0,2,167
T420,T422,14:04:59,4,1,1,AA1864,0,2,31
T554,T555/2,14:05:09,4,1,-1,AB6694,0,2,83
T422,T424,14:05:46,4,1,1,AA1864,0,2,36
T425,T423,14:06:17,4,1,1,AB6136,0,2,41
T555/2,T550/4,14:06:49,4,-1,-1,AB6694,0,2,73
T423,T421,14:07:10,4,1,1,AB6136,0,2,41
M247,M231,14:08:46,4,0,2,AA3041,0,2,10
T424,T559,14:09:59,4,1,-1,AA1864,0,2,190
M231,M219,14:10:41,4,0,3,AA3041,0,2,83
T559,T552,14:11:12,4,2,-1,AA1864,0,2,20
T552,T553,14:12:07,4,2,-1,AA1864,0,2,10
T553,T554,14:12:59,4,1,-1,AA1864,0,2,31
M219,M50,14:13:10,4,1,1,AA3041,0,2,94
T550/4,T556,14:13:20,4,0,-1,AB6694,0,2,83
T554,T555/2,14:14:46,4,1,-1,AA1864,0,2,86
T556,T557,14:15:39,4,0,-1,AB6694,0,2,94
T557,T558,14:16:33,4,1,-1,AB6694,0,2,33
T555/2,T550/4,14:16:44,4,-1,-1,AA1864,0,2,85
T558,T551/1,14:18:28,4,1,1,AB6694,0,2,83
M50,T420,14:19:20,4,0,1,AB6705,3,2,966
T420,T422,14:20:24,4,0,1,AB6705,0,2,31
T551/1,T425,14:22:18,4,1,1,AB6694,0,2,178
T422,T424,14:22:29,4,0,1,AB6705,0,2,114
T425,T423,14:23:11,4,1,1,AB6694,0,2,31
T421,M247,14:23:35,4,1,1,AB6136,2,2,962
T423,T421,14:24:17,4,1,1,AB6694,0,2,42
M247,M231,14:24:28,4,0,2,AB6136,0,2,21
T424,T559,14:26:26,4,0,-1,AB6705,0,2,205
M231,M219,14:26:56,4,1,3,AB6136,0,2,117
T559,T552,14:27:33,4,0,-1,AB6705,0,2,16
T550/4,T556,14:28:14,4,-1,-1,AA7207,0,2,40
T552,T553,14:28:34,4,0,-1,AB6705,0,2,10
T553,T554,14:29:43,4,0,-1,AB6705,0,2,34
T556,T557,14:30:25,4,-1,-1,AA7207,0,2,100
T554,T555/2,14:31:06,4,0,-1,AB6705,0,2,72
T557,T558,14:31:26,4,-1,-1,AA7207,0,2,30
M219,M50,14:31:37,4,1,2,AB6136,0,2,182
T555/2,T550/4,14:32:39,4,-1,-1,AB6705,0,2,62
T558,T551/1,14:33:52,4,-1,1,AA7207,0,2,93
T420,T422,14:35:05,4,0,1,AA3041,0,2,31
T422,T424,14:36:51,4,0,1,AA3041,0,2,94
T551/1,T425,14:37:33,4,-1,1,AA7207,0,2,168
T425,T423,14:38:37,4,-1,1,AA7207,0,2,31
T423,T421,14:39:29,4,-1,1,AA7207,0,2,42
T424,T559,14:40:34,4,0,-1,AA3041,0,2,180
T559,T552,14:42:07,4,1,-1,AA3041,0,2,31
M247,M231,14:43:31,4,1,3,AB6694,0,2,31
T553,T554,14:43:41,4,0,-1,AA3041,0,2,52
T550/4,T556,14:45:33,4,0,-1,AB6705,0,2,59
M231,M219,14:45:33,4,1,3,AB6694,0,2,91
T554,T555/2,14:45:33,4,0,-1,AA3041,0,2,81
T555/2,T550/4,14:47:07,4,-1,-1,AA3041,0,2,72
T556,T557,14:47:17,4,0,-1,AB6705,0,2,92
T557,T558,14:48:29,4,1,-1,AB6705,0,2,31
M219,M50,14:49:42,4,1,2,AB6694,0,2,103
T558,T551/1,14:50:44,4,1,1,AB6705,0,2,93
T420,T424,14:51:36,4,1,1,AB6136,1,2,82
T551/1,T425,14:54:26,4,1,1,AB6705,0,2,169
T425,T423,14:55:38,4,1,1,AB6705,0,2,41
T424,T559,14:55:38,4,0,-1,AB6136,0,2,210
T423,T421,14:56:44,4,1,1,AB6705,0,2,34
T559,T552,14:57:05,4,1,-1,AB6136,0,2,31
T552,T554,14:58:18,4,0,-1,AB6136,1,2,52
M247,M231,14:59:00,4,-1,3,AA7207,0,2,20
T554,T555/2,15:00:02,4,0,-1,AB6136,0,2,72
M231,M219,15:01:37,4,-1,3,AA7207,0,2,146
T555/2,T550/4,15:01:48,4,-1,-1,AB6136,0,2,72
T556,T557,15:02:09,4,1,-1,AA3041,0,2,83
T557,T558,15:03:32,4,1,-1,AA3041,0,2,41
T558,T551/1,15:05:15,4,1,1,AA3041,0,2,92
M219,M50,15:06:17,4,-1,-1,AA7207,0,2,238
T550/4,T556,15:08:42,4,1,-1,AB6049,0,2,41
T551/1,T425,15:08:52,4,1,1,AA3041,0,2,175
T420,T422,15:08:52,4,0,1,AB6694,0,2,30
T425,T423,15:09:45,4,1,1,AA3041,0,2,31
T422,T424,15:10:36,4,0,1,AB6694,0,2,93
T423,T421,15:11:06,4,1,1,AA3041,0,2,50
T556,T558,15:11:26,4,2,-1,AB6049,1,2,133
T558,T551/1,15:13:27,4,1,1,AB6049,0,2,80
T424,T559,15:15:09,4,0,-1,AB6694,0,2,222
T550/4,T556,15:15:59,4,0,-1,AB6136,0,2,40
T559,T552,15:15:59,4,0,-1,AB6694,0,2,30
T551/1,T425,15:17:00,4,1,1,AB6049,0,2,181
M247,M231,15:17:33,4,0,2,AB6705,0,2,13
T552,T554,15:17:33,4,0,-1,AB6694,1,2,74
T425,T423,15:18:04,4,1,1,AB6049,0,2,43
T556,T557,15:18:14,4,0,-1,AB6136,0,2,94
T557,T558,15:19:05,4,1,-1,AB6136,0,2,30
T423,T421,15:19:05,4,1,1,AB6049,0,2,40
T554,T555/2,15:19:15,4,0,-1,AB6694,0,2,81
M231,M219,15:19:56,4,0,2,AB6705,0,2,72
T555/2,T550/4,15:20:37,4,-1,-1,AB6694,0,2,71
T558,T551/1,15:20:57,4,1,1,AB6136,0,2,81
T550/4,T556,15:22:38,4,-1,-1,AA2855,0,2,60
T551/1,T425,15:24:29,4,1,1,AB6136,0,2,181
M219,M50,15:24:40,4,0,1,AB6705,0,2,232
T556,T557,15:25:20,4,-1,-1,AA2855,0,2,121
T425,T423,15:25:32,4,1,1,AB6136,0,2,32
T557,T558,15:26:13,4,-1,-1,AA2855,0,2,40
T423,T421,15:26:44,4,1,1,AB6136,0,2,41
T420,T422,15:27:14,4,-1,1,AA7207,0,2,30
T422,T424,15:27:54,4,-1,-1,AA7207,0,2,30
T558,T551/1,15:28:25,4,-1,1,AA2855,0,2,90
T550/4,T556,15:29:36,4,0,-1,AA5945,0,2,40
T556,T557,15:31:37,4,0,-1,AA5945,0,2,101
T424,T559,15:31:37,4,-1,-1,AA7207,0,2,181
M247,M231,15:32:07,4,0,2,AA3041,0,2,20
T557,T558,15:32:27,4,0,-1,AA5945,0,2,30
T551/1,T425,15:32:48,4,-1,1,AA2855,0,2,181
T559,T552,15:32:58,4,-1,-1,AA7207,0,2,30
T552,T553,15:33:38,4,-1,-1,AA7207,0,2,10
T558,T551/1,15:33:58,4,0,1,AA5945,0,2,80
T425,T423,15:34:29,4,-1,1,AA2855,0,2,50
M231,M219,15:35:40,4,0,3,AA3041,0,2,171
T553,T555/2,15:35:50,4,-1,-1,AA7207,1,2,121
T423,T421,15:36:20,4,-1,1,AA2855,0,2,70
T555/2,T550/4,15:37:00,4,-1,-1,AA7207,0,2,60
T551/1,T425,15:37:21,4,0,1,AA5945,0,2,171
T550/4,T556,15:38:25,4,0,-1,AA1864,0,2,40
T425,T423,15:38:45,4,0,1,AA5945,0,2,40
M219,M50,15:38:45,4,0,-1,AA3041,0,2,124
M247,M231,15:39:35,4,1,2,AB6049,0,2,30
T423,T421,15:39:46,4,0,1,AA5945,0,2,40
T556,T557,15:40:26,4,0,-1,AA1864,0,2,80
T557,T558,15:41:06,4,0,-1,AA1864,0,2,30
M231,M219,15:41:37,4,1,3,AB6049,0,2,80
T558,T551/1,15:42:57,4,0,1,AA1864,0,2,80
T420,T422,15:44:49,4,0,1,AB6705,0,2,30
M219,M50,15:45:29,4,0,1,AB6049,0,2,161
T550/4,T556,15:45:39,4,1,-1,AB6393,0,2,141
T422,T424,15:45:59,4,0,-1,AB6705,0,2,60
T551/1,T425,15:46:42,4,1,1,AA1864,0,2,174
T425,T423,15:47:33,4,1,1,AA1864,0,2,30
T556,T557,15:47:43,4,1,-1,AB6393,0,2,83
M247,M231,15:47:53,4,0,3,AB6136,0,2,20
T557,T558,15:48:34,4,1,-1,AB6393,0,2,30
T423,T421,15:48:54,4,0,1,AA1864,0,2,50
M231,M219,15:49:24,4,0,3,AB6136,0,2,60
T424,T559,15:49:44,4,0,-1,AB6705,0,2,182
M219,M50,15:50:35,4,0,1,AB6136,0,2,30
T558,T551/1,15:50:45,4,2,1,AB6393,0,2,80
T559,T552,15:51:05,4,0,-1,AB6705,0,2,20
T552,T553,15:52:26,4,0,-1,AB6705,0,2,20
T553,T554,15:53:06,4,0,-1,AB6705,0,2,30
T550/4,T556,15:53:16,4,0,-1,AA2661,0,2,100
T551/1,T425,15:54:17,4,2,1,AB6393,0,2,161
T425,T423,15:55:09,4,2,1,AB6393,0,2,31
T556,T557,15:55:29,4,1,-1,AA2661,0,2,91
T554,T555/2,15:55:39,4,0,-1,AB6705,0,2,122
T557,T558,15:56:19,4,1,-1,AA2661,0,2,40
T423,T421,15:56:19,4,2,1,AB6393,0,2,40
T550/4,T556,15:57:00,4,-1,-1,AA7207,0,2,80
T420,T422,15:57:00,4,0,1,AA3041,0,2,40
T555/2,T550/4,15:57:32,4,-1,-1,AB6705,0,2,92
T422,T424,15:58:12,4,0,1,AA3041,0,2,62
M247,M231,15:58:22,4,-1,2,AA2855,0,2,20
M247,M231,15:58:22,4,0,2,AA5945,0,2,10
T558,T551/1,15:58:55,4,2,1,AA2661,0,2,94
T556,T557,15:59:35,4,-1,-1,AA7207,0,2,112
T557,T558,16:00:35,4,-1,-1,AA7207,0,2,30
M231,M219,16:01:06,4,-1,2,AA2855,0,2,131
M231,M219,16:01:16,4,0,2,AA5945,0,2,131
T424,T559,16:01:26,4,0,-1,AA3041,0,2,183
T558,T551/1,16:02:37,4,-1,1,AA7207,0,2,80
T559,T552,16:02:47,4,0,-1,AA3041,0,2,20
T550/4,T556,16:03:07,4,-1,-1,AB6615,0,2,40
T552,T553,16:03:27,4,0,-1,AA3041,0,2,10
T551/1,T425,16:03:37,4,3,1,AA2661,0,2,191
M219,M50,16:04:18,4,-1,-1,AA2855,0,2,131
M219,M50,16:04:28,4,0,-1,AA5945,0,2,131
T553,T554,16:04:28,4,0,-1,AA3041,0,2,50
T425,T423,16:04:58,4,3,1,AA2661,0,2,30
T554,T555/2,16:05:59,4,0,-1,AA3041,0,2,80
T556,T557,16:06:09,4,-1,-1,AB6615,0,2,141
T423,T421,16:06:09,4,3,1,AA2661,0,2,40
T551/1,T425,16:06:19,4,-1,1,AA7207,0,2,181
T557,T558,16:06:44,4,-1,-1,AB6615,0,2,25
T425,T423,16:07:04,4,-1,1,AA7207,0,2,30
T420,T422,16:07:55,4,0,1,AB6049,0,2,30
T555/2,T550/4,16:07:55,4,-1,-1,AA3041,0,2,81
T423,T421,16:08:15,4,-1,1,AA7207,0,2,40
T558,T551/1,16:08:46,4,0,1,AB6615,0,2,81
T422,T424,16:09:47,4,0,1,AB6049,0,2,101
T420,T422,16:09:57,4,0,1,AB6136,0,2,30
M247,M231,16:10:37,4,1,-1,AA1864,0,2,20
T550/4,T556,16:11:18,4,0,-1,AB6171,0,2,60
T422,T424,16:11:38,4,0,-1,AB6136,0,2,90
M231,M219,16:11:58,4,1,-1,AA1864,0,2,60
T551/1,T425,16:12:28,4,0,-1,AB6615,0,2,181
T424,T559,16:12:59,4,0,-1,AB6049,0,2,181
T425,T423,16:13:19,4,0,-1,AB6615,0,2,40
T556,T557,16:13:29,4,1,-1,AB6171,0,2,101
T559,T552,16:14:00,4,0,-1,AB6049,0,2,20
M219,M50,16:14:10,4,0,-1,AA1864,0,2,71
T552,T553,16:14:20,4,0,-1,AB6049,0,2,10
T557,T558,16:14:35,4,1,-1,AB6171,0,2,34
M247,M231,16:14:35,4,1,-1,AB6393,0,2,14
T423,T421,16:14:45,4,0,-1,AB6615,0,2,54
T553,T554,16:15:05,4,0,-1,AB6049,0,2,30
T424,T559,16:15:25,4,0,-1,AB6136,0,2,217
T559,T552,16:16:06,4,0,-1,AB6136,0,2,30
T550/4,T556,16:16:36,4,0,-1,AB6705,0,2,40
T558,T551/1,16:16:36,4,1,1,AB6171,0,2,91
T554,T555/2,16:16:36,4,0,-1,AB6049,0,2,80
T552,T553,16:16:56,4,0,-1,AB6136,0,2,20
M231,M219,16:17:27,4,1,3,AB6393,0,2,152
T553,T554,16:17:47,4,0,-1,AB6136,0,2,40
T555/2,T550/4,16:17:57,4,-1,-1,AB6049,0,2,50
M219,M50,16:18:17,4,1,1,AB6393,0,2,20
T556,T557,16:18:58,4,0,-1,AB6705,0,2,90
T554,T555/2,16:19:13,4,0,-1,AB6136,0,2,75
T557,T558,16:19:43,4,0,-1,AB6705,0,2,30
T551/1,T425,16:20:03,4,1,1,AB6171,0,2,176
T425,T423,16:20:44,4,1,1,AB6171,0,2,30
T555/2,T550/4,16:20:54,4,-1,-1,AB6136,0,2,70
T558,T551/1,16:21:34,4,0,1,AB6705,0,2,80
T423,T421,16:22:05,4,1,1,AB6171,0,2,40
M50,T420,16:22:05,4,-1,1,AA2855,3,2,966
T420,T422,16:23:16,4,-1,1,AA2855,0,2,40
T422,T424,16:23:46,4,-1,1,AA2855,0,2,20
T551/1,T425,16:25:07,4,0,1,AB6705,0,2,171
T420,T424,16:25:17,4,0,1,AA5945,1,2,80
T425,T423,16:26:17,4,0,1,AB6705,0,2,40
M247,M231,16:26:28,4,3,2,AA2661,0,2,10
T424,T559,16:26:48,4,-1,-1,AA2855,0,2,171
M247,M231,16:27:18,4,-1,2,AA7207,0,2,20
T423,T421,16:27:48,4,0,1,AB6705,0,2,60
T550/4,T556,16:28:20,4,0,-1,AB6049,0,2,41
T424,T559,16:28:43,4,0,-1,AA5945,0,2,196
T559,T552,16:28:54,4,-1,-1,AA2855,0,2,20
M231,M219,16:29:04,4,-1,2,AA7207,0,2,65
M231,M219,16:29:04,4,2,2,AA2661,0,2,95
T559,T552,16:29:24,4,0,-1,AA5945,0,2,20
T552,T553,16:29:34,4,-1,-1,AA2855,0,2,10
T552,T553,16:29:44,4,0,-1,AA5945,0,2,10
T553,T554,16:30:14,4,-1,-1,AA2855,0,2,30
M219,M50,16:30:24,4,-1,-1,AA7207,0,2,40
T553,T554,16:30:24,4,0,-1,AA5945,0,2,30
T556,T557,16:30:35,4,0,-1,AB6049,0,2,90
M219,M50,16:30:35,4,2,-1,AA2661,0,2,50
T557,T558,16:31:35,4,1,-1,AB6049,0,2,30
T554,T555/2,16:31:56,4,0,-1,AA5945,0,2,70
T554,T555/2,16:31:56,4,-1,-1,AA2855,0,2,81
T420,T422,16:33:06,4,0,1,AA1864,0,2,30
T558,T551/1,16:33:27,4,1,1,AB6049,0,2,91
T555/2,T550/4,16:33:47,4,-1,-1,AA2855,0,2,70
T555/2,T550/4,16:33:47,4,-1,-1,AA5945,0,2,60
T550/4,T556,16:33:57,4,0,-1,AB6136,0,2,40
M50,T420,16:33:57,4,1,1,AB6393,3,2,919
T422,T424,16:34:07,4,0,1,AA1864,0,2,40
T420,T422,16:35:08,4,1,1,AB6393,0,2,40
T556,T557,16:36:08,4,0,-1,AB6136,0,2,101
M247,M231,16:36:08,4,0,1,AB6615,0,2,30
T422,T424,16:36:08,4,1,1,AB6393,0,2,50
T557,T558,16:36:39,4,0,-1,AB6136,0,2,20
T551/1,T425,16:37:29,4,3,1,AB6049,0,2,171
T424,T559,16:37:49,4,0,-1,AA1864,0,2,202
T425,T423,16:38:10,4,3,1,AB6049,0,2,30
M231,M219,16:38:20,4,0,2,AB6615,0,2,101
T558,T551/1,16:38:50,4,0,1,AB6136,0,2,90
T559,T552,16:39:00,4,0,-1,AA1864,0,2,20
T424,T559,16:39:10,4,1,-1,AB6393,0,2,171
T552,T553,16:39:20,4,0,-1,AA1864,0,2,10
T423,T421,16:39:34,4,3,1,AB6049,0,2,43
M219,M50,16:39:34,4,0,-1,AB6615,0,2,33
T553,T554,16:40:04,4,0,-1,AA1864,0,2,30
T559,T552,16:40:24,4,1,-1,AB6393,0,2,30
T552,T553,16:40:44,4,1,-1,AB6393,0,2,10
T550/4,T556,16:40:55,4,-1,-1,AA2855,0,2,40
T554,T555/2,16:41:25,4,0,-1,AA1864,0,2,70
T551/1,T425,16:42:16,4,0,1,AB6136,0,2,162
T553,T555/2,16:42:46,4,1,-1,AB6393,1,2,111
T555/2,T550/4,16:42:46,4,-1,-1,AA1864,0,2,60
T425,T423,16:43:17,4,0,1,AB6136,0,2,50
M247,M231,16:43:17,4,1,1,AB6171,0,2,30
T556,T557,16:43:47,4,-1,-1,AA2855,0,2,131
T423,T421,16:44:27,4,0,1,AB6136,0,2,40
T555/2,T550/4,16:44:27,4,-1,-1,AB6393,0,2,80
T557,T558,16:44:48,4,-1,-1,AA2855,0,2,30
M231,M219,16:45:28,4,1,2,AB6171,0,2,101
T558,T551/1,16:46:59,4,-1,1,AA2855,0,2,80
T550/4,T556,16:48:30,4,0,-1,AA5945,0,2,50
M219,M50,16:48:40,4,1,1,AB6171,0,2,101
M247,M231,16:49:43,4,0,1,AB6705,0,2,22
T556,T557,16:50:24,4,1,-1,AA5945,0,2,83
T551/1,T425,16:50:35,4,-1,1,AA2855,0,2,175
T557,T558,16:51:05,4,1,-1,AA5945,0,2,30
T425,T423,16:51:45,4,-1,1,AA2855,0,2,30
M231,M219,16:51:56,4,0,2,AB6705,0,2,91
T420,T422,16:52:46,4,1,1,AA2661,0,2,30
T558,T551/1,16:52:56,4,1,1,AA5945,0,2,80
T423,T421,16:52:56,4,-1,1,AA2855,0,2,40
T420,T422,16:53:06,4,-1,1,AA7207,0,2,30
M219,M50,16:53:37,4,0,1,AB6705,0,2,40
T422,T424,16:54:27,4,1,1,AA2661,0,2,90
T422,T424,16:54:27,4,-1,1,AA7207,0,2,70
T550/4,T556,16:55:38,4,5,-1,AB6664,0,2,30
T551/1,T425,16:56:18,4,1,1,AA5945,0,2,171
T425,T423,16:57:29,4,1,1,AA5945,0,2,30
T424,T559,16:57:49,4,1,-1,AA2661,0,2,192
T424,T559,16:58:10,4,-1,-1,AA7207,0,2,202
T556,T557,16:58:20,4,0,-1,AB6664,0,2,101
T423,T421,16:58:37,4,1,1,AA5945,0,2,37
T557,T558,16:59:08,4,0,-1,AB6664,0,2,30
T559,T552,16:59:38,4,2,-1,AA2661,0,2,30
M247,M231,16:59:48,4,2,1,AB6049,0,2,20
T559,T552,16:59:48,4,-1,-1,AA7207,0,2,40
T552,T553,17:00:33,4,-1,-1,AA7207,0,2,10
T550/4,T556,17:00:54,4,0,-1,AA1864,0,2,40
T553,T554,17:01:14,4,2,-1,AA2661,0,2,40
T553,T554,17:01:14,4,-1,-1,AA7207,0,2,30
T558,T551/1,17:01:24,4,1,1,AB6664,0,2,70
M231,M219,17:01:54,4,2,3,AB6049,0,2,90
T420,T422,17:02:25,4,0,1,AB6615,0,2,30
T554,T555/2,17:02:35,4,2,-1,AA2661,0,2,70
T556,T557,17:02:45,4,0,-1,AA1864,0,2,80
T554,T555/2,17:02:45,4,-1,-1,AA7207,0,2,70
T422,T424,17:03:05,4,0,1,AB6615,0,2,30
T557,T558,17:03:39,4,0,-1,AA1864,0,2,34
T555/2,T550/4,17:04:10,4,-1,-1,AA2661,0,2,74
T555/2,T550/4,17:04:20,4,-1,-1,AA7207,0,2,74
M219,M50,17:04:42,4,1,1,AB6049,0,2,87
M247,M231,17:05:13,4,0,2,AB6136,0,2,30
T558,T551/1,17:05:33,4,1,1,AA1864,0,2,83
T551/1,T423,17:05:33,4,1,1,AB6664,1,2,208
T550/4,T556,17:06:27,4,0,-1,AB6393,0,2,64
M231,M219,17:06:38,4,0,3,AB6136,0,2,64
T424,T559,17:06:48,4,0,-1,AB6615,0,2,188
T423,T421,17:07:18,4,1,1,AB6664,0,2,74
M219,M50,17:07:28,4,0,-1,AB6136,0,2,10
T559,T552,17:08:00,4,0,-1,AB6615,0,2,21
T556,T557,17:08:45,4,1,-1,AB6393,0,2,86
T552,T553,17:08:45,4,0,-1,AB6615,0,2,10
T551/1,T425,17:09:15,4,1,1,AA1864,0,2,167
T557,T558,17:09:35,4,1,-1,AB6393,0,2,30
T553,T554,17:09:45,4,0,-1,AB6615,0,2,50
T425,T423,17:10:26,4,1,1,AA1864,0,2,40
T420,T422,17:11:06,4,1,1,AB6171,0,2,30
T554,T555/2,17:11:16,4,0,-1,AB6615,0,2,70
T423,T421,17:11:26,4,1,1,AA1864,0,2,30
T558,T551/1,17:11:46,4,2,1,AB6393,0,2,70
T422,T424,17:12:17,4,1,1,AB6171,0,2,50
T555/2,T550/4,17:12:47,4,-1,-1,AB6615,0,2,60
T550/4,T556,17:13:17,4,0,-1,AA2661,0,2,50
T420,T424,17:13:48,4,0,1,AB6705,1,2,111
M247,M231,17:14:28,4,-1,2,AA2855,0,2,10
T551/1,T425,17:15:20,4,3,1,AB6393,0,2,162
M231,M219,17:15:42,4,-1,2,AA2855,0,2,43
T556,T557,17:15:52,4,0,-1,AA2661,0,2,94
T424,T559,17:15:52,4,1,-1,AB6171,0,2,184
T425,T423,17:16:22,4,3,1,AB6393,0,2,30
T557,T558,17:16:43,4,0,-1,AA2661,0,2,40
M219,M50,17:17:03,4,-1,1,AA2855,0,2,50
T559,T552,17:17:23,4,1,-1,AB6171,0,2,30
T423,T421,17:17:33,4,3,1,AB6393,0,2,30
T424,T559,17:17:33,4,0,-1,AB6705,0,2,185
T550/4,T556,17:18:13,4,-1,-1,AA7207,0,2,40
T552,T553,17:18:24,4,0,-1,AB6171,0,2,10
M247,M231,17:18:45,4,1,2,AA5945,0,2,10
T558,T551/1,17:18:55,4,1,1,AA2661,0,2,82
T559,T552,17:18:55,4,0,-1,AB6705,0,2,20
T553,T554,17:19:36,4,1,-1,AB6171,0,2,60
T552,T553,17:19:46,4,0,-1,AB6705,0,2,10
T556,T557,17:20:36,4,-1,-1,AA7207,0,2,90
T553,T554,17:20:36,4,0,-1,AB6705,0,2,40
M231,M219,17:20:46,4,0,2,AA5945,0,2,80
T554,T555/2,17:21:17,4,1,-1,AB6171,0,2,90
T557,T558,17:21:27,4,-1,-1,AA7207,0,2,30
T554,T555/2,17:22:07,4,0,-1,AB6705,0,2,60
T551/1,T425,17:22:27,4,1,1,AA2661,0,2,171
T555/2,T550/4,17:22:58,4,-1,-1,AB6171,0,2,70
M219,M50,17:23:28,4,1,1,AA5945,0,2,131
T555/2,T550/4,17:23:38,4,-1,-1,AB6705,0,2,60
T425,T423,17:23:58,4,1,1,AA2661,0,2,40
T420,T422,17:24:09,4,1,1,AB6049,0,2,30
T550/4,T556,17:24:29,4,0,-1,AB6615,0,2,30
T558,T551/1,17:24:29,4,-1,1,AA7207,0,2,91
M50,T420,17:24:29,4,0,1,AB6136,3,2,968
T422,T424,17:24:49,4,1,1,AB6049,0,2,30
T423,T421,17:25:09,4,1,1,AA2661,0,2,60
T420,T424,17:26:30,4,0,1,AB6136,1,2,101
T556,T557,17:27:21,4,0,-1,AB6615,0,2,111
T557,T558,17:28:02,4,0,-1,AB6615,0,2,30
T551/1,T425,17:28:12,4,-1,1,AA7207,0,2,182
T424,T559,17:28:53,4,1,-1,AB6049,0,2,192
T425,T423,17:29:23,4,-1,1,AA7207,0,2,30
T424,T559,17:29:44,4,0,-1,AB6136,0,2,183
T559,T552,17:30:04,4,1,-1,AB6049,0,2,20
T558,T551/1,17:30:14,4,0,1,AB6615,0,2,81
T423,T421,17:30:45,4,-1,1,AA7207,0,2,40
T559,T552,17:30:55,4,0,-1,AB6136,0,2,20
T552,T553,17:30:55,4,1,-1,AB6049,0,2,10
T553,T554,17:31:35,4,1,-1,AB6049,0,2,30
T552,T553,17:31:45,4,0,-1,AB6136,0,2,10
M247,M231,17:32:16,4,0,2,AA1864,0,2,50
T553,T554,17:32:36,4,0,-1,AB6136,0,2,40
T554,T555/2,17:33:16,4,1,-1,AB6049,0,2,90
M219,M50,17:33:27,4,2,2,AB6664,0,2,30
T551/1,T425,17:34:07,4,0,1,AB6615,0,2,171
T550/4,T556,17:34:27,4,1,-1,AB6171,0,2,70
M231,M219,17:34:27,4,0,2,AA1864,0,2,101
T554,T555/2,17:34:27,4,0,-1,AB6136,0,2,80
T425,T423,17:35:18,4,0,1,AB6615,0,2,30
M219,M50,17:35:38,4,0,-1,AA1864,0,2,40
T555/2,T550/4,17:35:38,4,-1,-1,AB6049,0,2,80
T555/2,T550/4,17:36:18,4,-1,-1,AB6136,0,2,90
T423,T421,17:36:29,4,0,1,AB6615,0,2,40
M247,M231,17:36:49,4,2,2,AB6393,0,2,30
T420,T422,17:37:59,4,-1,1,AA2855,0,2,30
T556,T557,17:38:53,4,4,-1,AB6171,0,2,104
M231,M219,17:39:04,4,2,3,AB6393,0,2,94
T550/4,T556,17:39:24,4,0,-1,AB6705,0,2,40
T422,T424,17:39:34,4,-1,1,AA2855,0,2,84
T557,T558,17:39:44,4,4,-1,AB6171,0,2,40
M219,M50,17:40:25,4,2,-1,AB6393,0,2,30
T556,T557,17:42:26,4,1,-1,AB6705,0,2,111
T558,T551/1,17:42:56,4,5,1,AB6171,0,2,80
T424,T559,17:43:27,4,-1,-1,AA2855,0,2,192
T557,T558,17:43:37,4,1,-1,AB6705,0,2,40
T420,T422,17:43:37,4,0,1,AA5945,0,2,30
T422,T424,17:44:48,4,0,1,AA5945,0,2,60
T558,T551/1,17:45:18,4,1,1,AB6705,0,2,80
T559,T552,17:45:38,4,-1,-1,AA2855,0,2,30
T552,T553,17:46:29,4,-1,-1,AA2855,0,2,10
T551/1,T425,17:47:19,4,5,1,AB6171,0,2,172
T553,T554,17:47:19,4,-1,-1,AA2855,0,2,40
T550/4,T556,17:47:29,4,1,-1,AB6049,0,2,30
T425,T423,17:48:34,4,5,1,AB6171,0,2,33
M247,M231,17:48:44,4,1,2,AA2661,0,2,33
T424,T559,17:49:14,4,0,-1,AA5945,0,2,195
T551/1,T425,17:49:35,4,2,1,AB6705,0,2,165
T554,T555/2,17:49:35,4,-1,-1,AA2855,0,2,94
T423,T421,17:50:25,4,5,1,AB6171,0,2,50
T559,T552,17:50:25,4,1,-1,AA5945,0,2,30
T556,T557,17:50:35,4,4,-1,AB6049,0,2,91
T425,T423,17:50:45,4,2,1,AB6705,0,2,30
T552,T553,17:50:45,4,1,-1,AA5945,0,2,10
M231,M219,17:50:55,4,0,3,AA2661,0,2,101
T557,T558,17:51:26,4,4,-1,AB6049,0,2,30
T555/2,T550/4,17:51:46,4,-1,-1,AA2855,0,2,91
T553,T554,17:51:56,4,1,-1,AA5945,0,2,60
T423,T421,17:53:07,4,2,1,AB6705,0,2,40
T554,T555/2,17:53:17,4,1,-1,AA5945,0,2,70
M247,M231,17:53:27,4,-1,2,AA7207,0,2,10
T558,T551/1,17:53:37,4,5,1,AB6049,0,2,80
M219,M50,17:54:08,4,0,-1,AA2661,0,2,151
T550/4,T556,17:55:08,4,0,-1,AA2857,0,2,50
T555/2,T550/4,17:55:18,4,-1,-1,AA5945,0,2,90
M231,M219,17:55:28,4,-1,3,AA7207,0,2,111
M219,M50,17:56:50,4,-1,-1,AA7207,0,2,30
T420,T422,17:57:00,4,0,1,AA1864,0,2,30
T422,T424,17:57:42,4,3,1,AB6664,0,2,63
T422,T424,17:57:42,4,0,1,AA1864,0,2,22
T557,T558,17:58:03,4,0,-1,AA2857,0,2,30
T551/1,T425,17:58:13,4,5,1,AB6049,0,2,174
T550/4,T556,17:58:33,4,0,-1,AB6136,0,2,50
T425,T423,17:59:34,4,5,1,AB6049,0,2,40
T558,T551/1,18:00:04,4,0,1,AA2857,0,2,80
T420,T422,18:00:04,4,2,1,AB6393,0,2,40
T422,T424,18:00:34,4,2,1,AB6393,0,2,20
T556,T557,18:00:58,4,1,-1,AB6136,0,2,94
M247,M231,18:00:58,4,0,2,AB6615,0,2,24
T424,T559,18:01:19,4,0,-1,AA1864,0,2,185
T424,T559,18:01:19,4,3,-1,AB6664,0,2,185
T423,T421,18:01:29,4,5,1,AB6049,0,2,30
T557,T558,18:01:59,4,1,-1,AB6136,0,2,40
M231,M219,18:02:40,4,0,3,AB6615,0,2,70
T559,T552,18:03:00,4,1,-1,AA1864,0,2,20
T559,T552,18:03:10,4,3,-1,AB6664,0,2,30
T552,T553,18:03:41,4,1,-1,AA1864,0,2,10
M219,M50,18:03:51,4,0,-1,AB6615,0,2,31
T558,T551/1,18:04:02,4,2,1,AB6136,0,2,82
T551/1,T425,18:04:02,4,0,1,AA2857,0,2,183
T552,T553,18:04:02,4,5,-1,AB6664,0,2,10
T424,T559,18:04:12,4,2,-1,AB6393,0,2,173
T553,T554,18:04:46,4,2,-1,AA1864,0,2,54
T553,T554,18:04:56,4,5,-1,AB6664,0,2,44
T425,T423,18:05:16,4,0,1,AA2857,0,2,40
T550/4,T556,18:05:36,4,-1,-1,AA2855,0,2,40
T559,T552,18:05:57,4,2,-1,AB6393,0,2,30
T423,T421,18:06:27,4,0,1,AA2857,0,2,40
T554,T555/2,18:06:27,4,1,-1,AA1864,0,2,70
T554,T555/2,18:06:27,4,5,-1,AB6664,0,2,70
T552,T553,18:06:37,4,2,-1,AB6393,0,2,10
T553,T554,18:07:38,4,3,-1,AB6393,0,2,50
T551/1,T425,18:08:18,4,3,1,AB6136,0,2,182
T555/2,T550/4,18:08:18,4,-1,-1,AA1864,0,2,91
T555/2,T550/4,18:08:28,4,-1,-1,AB6664,0,2,91
T554,T555/2,18:08:59,4,3,-1,AB6393,0,2,70
T425,T423,18:09:29,4,3,1,AB6136,0,2,40
T423,T421,18:10:45,4,3,1,AB6136,0,2,44
T555/2,T550/4,18:11:05,4,-1,-1,AB6393,0,2,115
T556,T557,18:11:15,4,-1,-1,AA2855,0,2,115
T557,T558,18:12:26,4,-1,-1,AA2855,0,2,40
M247,M231,18:13:37,4,5,2,AB6171,0,2,40
T420,T424,18:14:17,4,0,1,AA2661,1,2,80
T550/4,T556,18:14:27,4,1,-1,AA5945,0,2,30
T558,T551/1,18:14:48,4,-1,1,AA2855,0,2,91
M247,M231,18:15:18,4,0,2,AB6705,0,2,20
M231,M219,18:15:38,4,5,3,AB6171,0,2,91
T420,T422,18:16:49,4,-1,1,AA7207,0,2,40
T556,T557,18:17:40,4,3,-1,AA5945,0,2,101
T422,T424,18:17:40,4,-1,-1,AA7207,0,2,40
T424,T559,18:18:00,4,0,-1,AA2661,0,2,202
M231,M219,18:18:10,4,0,3,AB6705,0,2,131
T557,T558,18:18:34,4,3,-1,AA5945,0,2,33
M219,M50,18:19:04,4,5,1,AB6171,0,2,175
T559,T552,18:19:34,4,0,-1,AA2661,0,2,40
T551/1,T425,18:20:15,4,-1,1,AA2855,0,2,205
T552,T553,18:20:15,4,0,-1,AA2661,0,2,10
T558,T551/1,18:20:35,4,3,1,AA5945,0,2,81
M219,M50,18:20:35,4,0,1,AB6705,0,2,101
T553,T554,18:21:05,4,0,-1,AA2661,0,2,40
T424,T559,18:21:26,4,-1,-1,AA7207,0,2,185
T425,T423,18:21:56,4,-1,1,AA2855,0,2,60
T554,T555/2,18:22:57,4,0,-1,AA2661,0,2,80
T559,T552,18:23:07,4,-1,-1,AA7207,0,2,30
T423,T421,18:23:27,4,-1,1,AA2855,0,2,40
T552,T553,18:23:47,4,-1,-1,AA7207,0,2,10
T553,T554,18:24:28,4,-1,-1,AA7207,0,2,30
T551/1,T425,18:24:38,4,3,1,AA5945,0,2,182
T420,T422,18:24:38,4,0,1,AB6615,0,2,30
T555/2,T550/4,18:24:38,4,-1,-1,AA2661,0,2,60
T550/4,T556,18:25:08,4,0,-1,AA1864,0,2,30
T422,T424,18:25:08,4,0,1,AB6615,0,2,20
M247,M231,18:25:49,4,5,2,AB6049,0,2,20
T554,T555/2,18:26:09,4,-1,-1,AA7207,0,2,81
T425,T423,18:26:19,4,4,1,AA5945,0,2,40
T556,T557,18:27:20,4,0,-1,AA1864,0,2,91
T421,T431,18:27:54,4,-1,1,AA2855,0,2,206
T557,T558,18:28:04,4,0,-1,AA1864,0,2,30
T423,T421,18:28:04,4,4,1,AA5945,0,2,54
T555/2,T550/4,18:28:04,4,-1,-1,AA7207,0,2,74
M231,M219,18:28:25,4,5,3,AB6049,0,2,125
T424,T559,18:28:35,4,0,-1,AB6615,0,2,176
T558,T551/1,18:29:56,4,0,1,AA1864,0,2,80
T559,T552,18:30:06,4,0,-1,AB6615,0,2,30
T552,T553,18:30:36,4,0,-1,AB6615,0,2,10
M219,M50,18:30:47,4,5,2,AB6049,0,2,111
M247,M231,18:31:17,4,0,3,AA2857,0,2,20
T553,T554,18:31:27,4,0,-1,AB6615,0,2,40
T421,T431,18:31:37,4,4,1,AA5945,0,2,172
M231,M219,18:32:48,4,0,3,AA2857,0,2,60
T554,T555/2,18:33:08,4,0,-1,AB6615,0,2,91
T431,M172/16,18:33:18,4,-1,1,AA2855,0,2,313
T551/1,T425,18:33:28,4,0,1,AA1864,0,2,182
T550/4,T556,18:33:39,4,0,-1,AB6393,0,2,50
T555/2,T550/4,18:34:29,4,-1,-1,AB6615,0,2,60
T425,T423,18:35:15,4,1,1,AA1864,0,2,65
M50,M172/7,18:35:15,4,0,1,AB6705,0,2,798
M219,M50,18:35:55,4,0,2,AA2857,0,2,126
T556,T557,18:36:15,4,2,-1,AB6393,0,2,96
T423,T421,18:36:35,4,1,1,AA1864,0,2,40
T431,M172/16,18:37:06,4,4,1,AA5945,0,2,298
T557,T558,18:37:26,4,3,-1,AB6393,0,2,30
T558,T551/1,18:39:38,4,4,1,AB6393,0,2,91
M247,M231,18:39:38,4,2,3,AB6136,0,2,10
T421,T431,18:40:08,4,1,1,AA1864,0,2,182
T420,T422,18:41:19,4,5,1,AB6171,0,2,30
M231,M219,18:41:29,4,1,2,AB6136,0,2,50
T422,T424,18:41:59,4,5,1,AB6171,0,2,30
T551/1,T425,18:43:00,4,4,1,AB6393,0,2,171
T550/4,T556,18:43:10,4,0,-1,AA2661,0,2,40
M219,M50,18:43:10,4,1,2,AB6136,0,2,30
M172/7,T430,18:43:41,4,1,-1,AB6705,0,2,364
T425,T423,18:44:11,4,4,1,AB6393,0,2,30
T431,M172/16,18:44:53,4,1,1,AA1864,0,2,274
T430,T328,18:46:06,4,1,-1,AB6705,0,2,114
T423,T421,18:46:16,4,5,1,AB6393,0,2,40
T556,T558,18:46:26,4,1,-1,AA2661,1,2,144
T424,T559,18:46:26,4,5,-1,AB6171,0,2,226
M172/16,M247,18:46:56,4,-1,2,AA2855,0,2,640
T559,T552,18:47:37,4,5,-1,AB6171,0,2,30
T552,T553,18:48:17,4,5,-1,AB6171,0,2,10
M247,M231,18:48:37,4,-1,2,AA2855,0,2,40
T558,T551/1,18:48:47,4,2,1,AA2661,0,2,80
T328,T420,18:48:47,4,1,1,AB6705,0,2,131
T553,T554,18:49:08,4,5,-1,AB6171,0,2,30
T421,T431,18:49:28,4,5,1,AB6393,0,2,181
T420,T422,18:49:48,4,0,1,AB6705,0,2,40
T420,T422,18:49:48,4,5,1,AB6049,0,2,20
M172/16,M247,18:50:08,4,5,1,AA5945,0,2,610
M231,M219,18:50:39,4,-1,2,AA2855,0,2,70
T554,T555/2,18:50:59,4,5,-1,AB6171,0,2,80
T422,T424,18:51:19,4,0,1,AB6705,0,2,80
T422,T424,18:51:29,4,5,1,AB6049,0,2,90
M247,M231,18:51:39,4,4,2,AA5945,0,2,20
M219,M50,18:52:42,4,-1,1,AA2855,0,2,32
T550/4,T556,18:52:52,4,-1,-1,AA7207,0,2,72
T551/1,T425,18:53:02,4,4,1,AA2661,0,2,183
T555/2,T550/4,18:53:12,4,-1,-1,AB6171,0,2,92
M231,M219,18:53:43,4,4,2,AA5945,0,2,92
T425,T423,18:54:23,4,4,1,AA2661,0,2,30
T431,M172/16,18:54:43,4,5,1,AB6393,0,2,285
T424,T559,18:54:54,4,5,-1,AB6049,0,2,194
T424,T559,18:54:54,4,0,-1,AB6705,0,2,204
M219,M50,18:55:04,4,3,1,AA5945,0,2,20
T423,T421,18:56:05,4,4,1,AA2661,0,2,51
T559,T552,18:56:05,4,0,-1,AB6705,0,2,30
T556,T557,18:56:26,4,-1,-1,AA7207,0,2,132
T559,T552,18:56:26,4,5,-1,AB6049,0,2,20
T552,T553,18:56:56,4,0,-1,AB6705,0,2,10
T552,T553,18:56:56,4,5,-1,AB6049,0,2,10
T557,T558,18:57:26,4,-1,-1,AA7207,0,2,50
M172/16,M247,18:57:26,4,4,2,AA1864,0,2,599
T553,T554,18:57:36,4,0,-1,AB6705,0,2,30
T553,T554,18:58:07,4,5,-1,AB6049,0,2,60
T550/4,T556,18:58:47,4,0,-1,AB6615,0,2,30
M247,M231,18:59:18,4,3,1,AA1864,0,2,20
T554,T555/2,18:59:18,4,0,-1,AB6705,0,2,60
T421,T431,18:59:38,4,4,1,AA2661,0,2,181
T554,T555/2,18:59:38,4,5,-1,AB6049,0,2,70
T558,T551/1,18:59:48,4,-1,1,AA7207,0,2,90
T555/2,T550/4,19:00:38,4,-1,-1,AB6705,0,2,60
M231,M219,19:00:59,4,2,3,AA1864,0,2,70
T555/2,T550/4,19:00:59,4,-1,-1,AB6049,0,2,60
T556,T557,19:01:19,4,0,-1,AB6615,0,2,91
T557,T558,19:01:59,4,0,-1,AB6615,0,2,30
M219,M50,19:01:59,4,2,1,AA1864,0,2,20
T420,T422,19:03:34,4,1,1,AB6136,0,2,54
T551/1,T425,19:03:55,4,-1,1,AA7207,0,2,186
T558,T551/1,19:04:05,4,0,1,AB6615,0,2,95
M172/16,M247,19:04:25,4,5,2,AB6393,0,2,459
T422,T424,19:04:35,4,1,1,AB6136,0,2,50
T425,T423,19:05:05,4,-1,1,AA7207,0,2,40
T431,M172/16,19:05:05,4,4,1,AA2661,0,2,317
M172/7,T430,19:05:05,4,0,-1,AA2857,0,2,368
M247,M231,19:05:46,4,4,2,AB6393,0,2,20
T423,T421,19:06:16,4,-1,1,AA7207,0,2,30
T430,T328,19:07:07,4,0,-1,AA2857,0,2,90
T550/4,T556,19:07:37,4,3,-1,AB6171,0,2,50
M231,M219,19:07:37,4,4,2,AB6393,0,2,70
T551/1,T425,19:07:57,4,0,1,AB6615,0,2,171
T424,T559,19:08:38,4,1,-1,AB6136,0,2,212
T425,T423,19:08:58,4,0,1,AB6615,0,2,40
M219,M50,19:09:18,4,4,1,AB6393,0,2,50
T328,T420,19:09:28,4,0,1,AA2857,0,2,111
T559,T552,19:09:28,4,1,-1,AB6136,0,2,20
T556,T557,19:10:10,4,4,-1,AB6171,0,2,102
T421,T431,19:10:10,4,-1,1,AA7207,0,2,203
T552,T553,19:10:10,4,1,-1,AB6136,0,2,10
T423,T421,19:10:30,4,0,1,AB6615,0,2,40
T420,T422,19:10:30,4,0,1,AA2857,0,2,30
T553,T554,19:10:50,4,1,-1,AB6136,0,2,30
T557,T558,19:11:10,4,4,-1,AB6171,0,2,30
T422,T424,19:11:35,4,0,1,AA2857,0,2,54
T554,T555/2,19:12:15,4,1,-1,AB6136,0,2,74
T558,T551/1,19:13:56,4,5,1,AB6171,0,2,101
T421,T431,19:13:56,4,0,1,AB6615,0,2,175
T555/2,T550/4,19:13:56,4,-1,-1,AB6136,0,2,60
T424,T559,19:14:57,4,0,-1,AA2857,0,2,192
M172/16,M247,19:15:27,4,4,1,AA2661,0,2,490
T431,M172/16,19:15:37,4,-1,1,AA7207,0,2,287
T559,T552,19:16:08,4,0,-1,AA2857,0,2,30
T550/4,T556,19:16:18,4,0,-1,AB6705,0,2,40
M247,M231,19:16:58,4,2,2,AA2661,0,2,10
M50,M172/7,19:17:39,4,2,1,AA1864,0,2,868
T551/1,T425,19:17:49,4,5,1,AB6171,0,2,181
T553,T554,19:18:19,4,0,-1,AA2857,0,2,60
T556,T557,19:19:00,4,1,-1,AB6705,0,2,111
T431,M172/16,19:19:20,4,0,1,AB6615,0,2,293
M231,M219,19:19:20,4,2,3,AA2661,0,2,101
M172/7,T430,19:19:20,4,4,-1,AA5945,0,2,323
T425,T423,19:19:34,4,5,1,AB6171,0,2,44
T557,T558,19:19:54,4,1,-1,AB6705,0,2,20
T554,T555/2,19:19:54,4,0,-1,AA2857,0,2,74
M219,M50,19:20:35,4,1,1,AA2661,0,2,20
T430,T328,19:21:46,4,4,-1,AA5945,0,2,121
T558,T551/1,19:22:06,4,1,1,AB6705,0,2,81
T328,T420,19:23:47,4,4,1,AA5945,0,2,101
T423,T431,19:23:57,4,5,1,AB6171,1,2,232
T420,T422,19:24:47,4,4,1,AA5945,0,2,30
M172/16,M247,19:25:48,4,-1,2,AA7207,0,2,448
T551/1,T423,19:26:18,4,1,1,AB6705,1,2,212
M172/7,T430,19:26:18,4,3,-1,AA1864,0,2,428
T422,T424,19:26:18,4,4,1,AA5945,0,2,80
M247,M231,19:27:09,4,-1,1,AA7207,0,2,20
T550/4,T556,19:27:39,4,0,-1,AA2857,0,2,50
M172/16,M247,19:27:49,4,0,2,AB6615,0,2,465
T430,T328,19:28:10,4,3,-1,AA1864,0,2,80
T423,T421,19:28:20,4,1,1,AB6705,0,2,111
M231,M219,19:29:02,4,-1,2,AA7207,0,2,72
M247,M231,19:29:12,4,0,1,AB6615,0,2,20
M172/7,T430,19:29:12,4,-1,-1,AA2855,0,2,436
T431,M172/16,19:29:22,4,5,1,AB6171,0,2,304
T556,T557,19:30:03,4,0,-1,AA2857,0,2,90
T328,T420,19:30:03,4,3,1,AA1864,0,2,102
T424,T559,19:30:03,4,4,-1,AA5945,0,2,203
T557,T558,19:31:03,4,0,-1,AA2857,0,2,40
M231,M219,19:31:03,4,0,2,AB6615,0,2,70
T421,T431,19:31:23,4,1,1,AB6705,0,2,171
T430,T328,19:31:23,4,-1,-1,AA2855,0,2,90
T559,T552,19:31:23,4,4,-1,AA5945,0,2,30
M219,M50,19:31:44,4,-1,1,AA7207,0,2,121
T420,T422,19:31:54,4,3,1,AA1864,0,2,30
M219,M50,19:32:34,4,0,1,AB6615,0,2,40
T422,T424,19:32:44,4,3,1,AA1864,0,2,40
T558,T551/1,19:33:04,4,0,1,AA2857,0,2,90
T552,T554,19:33:04,4,4,-1,AA5945,1,2,60
T550/4,T556,19:33:15,4,0,-1,AB6136,0,2,30
T430,T328,19:33:15,4,4,-1,AB6393,0,2,111
T328,T420,19:33:55,4,-1,1,AA2855,0,2,111
T420,T422,19:35:06,4,-1,1,AA2855,0,2,40
T554,T555/2,19:35:06,4,3,-1,AA5945,0,2,70
T556,T557,19:35:16,4,0,-1,AB6136,0,2,90
T328,T420,19:35:26,4,4,1,AB6393,0,2,101
T557,T558,19:35:56,4,0,-1,AB6136,0,2,30
T424,T559,19:36:06,4,3,-1,AA1864,0,2,181
T420,T422,19:36:27,4,4,1,AB6393,0,2,40
T422,T424,19:36:47,4,-1,1,AA2855,0,2,90
T431,M172/16,19:37:07,4,1,1,AB6705,0,2,323
T551/1,T425,19:37:17,4,0,1,AA2857,0,2,171
T422,T424,19:37:17,4,3,1,AB6393,0,2,40
T555/2,T550/4,19:37:27,4,-1,-1,AA5945,0,2,101
T558,T551/1,19:37:58,4,0,1,AB6136,0,2,80
M172/16,M247,19:37:58,4,5,1,AB6171,0,2,414
T559,T552,19:38:08,4,4,-1,AA1864,0,2,30
T425,T423,19:38:28,4,0,1,AA2857,0,2,40
T552,T553,19:38:48,4,4,-1,AA1864,0,2,10
M247,M231,19:39:08,4,5,1,AB6171,0,2,20
T553,T554,19:39:29,4,4,-1,AA1864,0,2,30
T423,T421,19:39:59,4,0,1,AA2857,0,2,40
T424,T559,19:40:29,4,-1,-1,AA2855,0,2,192
T424,T559,19:40:39,4,3,-1,AB6393,0,2,192
M231,M219,19:41:20,4,5,2,AB6171,0,2,90
T554,T555/2,19:41:20,4,4,-1,AA1864,0,2,90
T551/1,T425,19:41:52,4,0,1,AB6136,0,2,163
T559,T552,19:42:02,4,3,-1,AB6393,0,2,20
T559,T552,19:42:12,4,-1,-1,AA2855,0,2,30
T425,T423,19:42:44,4,0,1,AB6136,0,2,41
T552,T553,19:42:44,4,3,-1,AB6393,0,2,10
T555/2,T550/4,19:42:54,4,-1,-1,AA1864,0,2,62
M219,M50,19:43:24,4,5,1,AB6171,0,2,61
T553,T554,19:43:24,4,3,-1,AB6393,0,2,30
T421,T431,19:43:45,4,0,1,AA2857,0,2,185
T552,T554,19:43:45,4,-1,-1,AA2855,1,2,60
T423,T421,19:43:55,4,1,1,AB6136,0,2,30
T554,T555/2,19:44:56,4,3,-1,AB6393,0,2,80
M50,M172/7,19:45:26,4,0,1,AB6615,0,2,731
T554,T555/2,19:45:36,4,-1,-1,AA2855,0,2,90
M50,M172/7,19:46:47,4,-1,1,AA7207,0,2,842
T555/2,T550/4,19:46:47,4,-1,-1,AB6393,0,2,70
T421,T431,19:46:57,4,1,1,AB6136,0,2,171
M172/16,M247,19:46:57,4,1,1,AB6705,0,2,488
T430,T328,19:46:57,4,1,-1,AA2661,0,2,80
T555/2,T550/4,19:47:17,4,-1,-1,AA2855,0,2,70
M247,M231,19:48:18,4,0,1,AB6705,0,2,20
T328,T420,19:48:48,4,1,1,AA2661,0,2,101
T431,M172/16,19:49:19,4,0,1,AA2857,0,2,293
T420,T422,19:49:39,4,1,1,AA2661,0,2,30
T550/4,T556,19:50:09,4,1,-1,AA5945,0,2,40
T422,T424,19:50:09,4,1,1,AA2661,0,2,20
M231,M219,19:50:29,4,0,2,AB6705,0,2,101
T431,M172/16,19:51:35,4,1,1,AB6136,0,2,267
M172/7,T430,19:51:45,4,0,-1,AB6615,0,2,328
T556,T557,19:52:36,4,2,-1,AA5945,0,2,86
M219,M50,19:52:36,4,0,1,AB6705,0,2,86
T557,T558,19:53:37,4,3,-1,AA5945,0,2,30
T430,T328,19:53:57,4,0,-1,AB6615,0,2,102
T424,T559,19:53:57,4,1,-1,AA2661,0,2,187
M172/7,T430,19:54:18,4,-1,-1,AA7207,0,2,420
M50,M172/7,19:55:08,4,5,1,AB6171,0,2,612
T559,T552,19:55:28,4,1,-1,AA2661,0,2,30
T558,T551/1,19:55:38,4,3,1,AA5945,0,2,90
T430,T328,19:55:59,4,-1,-1,AA7207,0,2,90
T328,T420,19:55:59,4,0,1,AB6615,0,2,101
T552,T554,19:56:29,4,1,-1,AA2661,1,2,50
T550/4,T556,19:56:39,4,-1,-1,AA2855,0,2,40
T420,T422,19:56:49,4,0,1,AB6615,0,2,30
T422,T424,19:57:30,4,0,1,AB6615,0,2,30
T554,T555/2,19:58:00,4,1,-1,AA2661,0,2,70
T328,T420,19:58:10,4,-1,1,AA7207,0,2,121
M172/16,M247,19:58:52,4,0,1,AA2857,0,2,472
T420,T422,19:59:02,4,-1,1,AA7207,0,2,30
T556,T557,19:59:12,4,-1,-1,AA2855,0,2,102
M172/16,M247,19:59:22,4,1,1,AB6136,0,2,385
M247,M231,19:59:53,4,0,2,AA2857,0,2,20
T422,T424,19:59:53,4,-1,1,AA7207,0,2,40
T555/2,T550/4,19:59:53,4,-1,-1,AA2661,0,2,70
T551/1,T425,20:00:03,4,4,1,AA5945,0,2,183
T557,T558,20:00:13,4,-1,-1,AA2855,0,2,30
M247,M231,20:00:13,4,0,2,AB6136,0,2,10
T550/4,T556,20:01:04,4,1,-1,AB6049,0,2,41
T425,T423,20:01:04,4,4,1,AA5945,0,2,30
M231,M219,20:01:34,4,0,2,AA2857,0,2,71
T424,T559,20:01:34,4,0,-1,AB6615,0,2,204
M231,M219,20:01:44,4,0,2,AB6136,0,2,60
M172/7,T430,20:02:05,4,5,-1,AB6171,0,2,386
T558,T551/1,20:02:15,4,-1,1,AA2855,0,2,90
T423,T421,20:02:15,4,5,1,AA5945,0,2,40
T559,T552,20:02:25,4,0,-1,AB6615,0,2,20
M50,M172/7,20:02:47,4,0,1,AB6705,0,2,590
T424,T559,20:02:57,4,-1,-1,AA7207,0,2,174
T552,T553,20:03:07,4,0,-1,AB6615,0,2,10
M219,M50,20:03:38,4,0,1,AA2857,0,2,60
M219,M50,20:03:38,4,0,1,AB6136,0,2,50
T430,T328,20:03:38,4,5,-1,AB6171,0,2,72
T553,T554,20:03:48,4,0,-1,AB6615,0,2,30
T556,T557,20:04:08,4,3,-1,AB6049,0,2,90
T559,T553,20:04:58,4,-1,-1,AA7207,1,2,50
T557,T558,20:05:19,4,3,-1,AB6049,0,2,30
T554,T555/2,20:05:29,4,0,-1,AB6615,0,2,70
T328,T420,20:05:39,4,5,1,AB6171,0,2,111
T553,T554,20:05:49,4,-1,-1,AA7207,0,2,40
T421,T431,20:05:59,4,5,1,AA5945,0,2,192
T551/1,T425,20:06:29,4,-1,1,AA2855,0,2,171
T555/2,T550/4,20:06:40,4,-1,-1,AB6615,0,2,60
T420,T422,20:07:20,4,5,1,AB6171,0,2,30
T558,T551/1,20:07:31,4,3,1,AB6049,0,2,92
T425,T423,20:07:31,4,-1,1,AA2855,0,2,41
T554,T555/2,20:07:31,4,-1,-1,AA7207,0,2,92
T422,T424,20:08:02,4,5,1,AB6171,0,2,30
T423,T421,20:08:54,4,-1,1,AA2855,0,2,32
T555/2,T550/4,20:08:54,4,-1,-1,AA7207,0,2,62
M172/7,T430,20:10:45,4,0,-1,AB6705,0,2,376
T431,M172/16,20:11:15,4,5,1,AA5945,0,2,285
T424,T559,20:11:15,4,5,-1,AB6171,0,2,183
T551/1,T425,20:11:26,4,2,1,AB6049,0,2,171
M50,M172/7,20:11:26,4,0,1,AA2857,0,2,447
M50,M172/7,20:12:26,4,0,1,AB6136,0,2,498
T425,T423,20:12:36,4,2,1,AB6049,0,2,30
T430,T328,20:12:36,4,0,-1,AB6705,0,2,90
T559,T552,20:12:36,4,5,-1,AB6171,0,2,30
T552,T553,20:13:07,4,5,-1,AB6171,0,2,10
T421,T431,20:13:27,4,-1,1,AA2855,0,2,212
T423,T421,20:13:47,4,3,1,AB6049,0,2,30
T553,T554,20:13:47,4,5,-1,AB6171,0,2,30
T328,T420,20:14:48,4,0,1,AB6705,0,2,111
T554,T555/2,20:15:18,4,5,-1,AB6171,0,2,81
T555/2,T550/4,20:16:49,4,-1,-1,AB6171,0,2,70
T420,T424,20:16:59,4,0,1,AB6705,1,2,90
T421,T431,20:17:19,4,3,1,AB6049,0,2,181
M172/7,T430,20:18:20,4,0,-1,AA2857,0,2,353
T431,M172/16,20:18:52,4,-1,1,AA2855,0,2,315
T550/4,T556,20:19:33,4,2,-1,AA1864,0,2,40
T430,T328,20:19:33,4,0,-1,AA2857,0,2,60
T424,T559,20:20:53,4,0,-1,AB6705,0,2,203
M172/7,T328,20:21:03,4,0,-1,AB6136,1,2,486
T328,T420,20:21:24,4,0,1,AA2857,0,2,101
M172/16,M247,20:21:44,4,5,1,AA5945,0,2,466
T556,T557,20:21:54,4,2,-1,AA1864,0,2,111
T559,T552,20:22:24,4,0,-1,AB6705,0,2,20
T431,M172/16,20:22:34,4,3,1,AB6049,0,2,284
T557,T558,20:22:45,4,2,-1,AA1864,0,2,30
T328,T420,20:22:55,4,0,1,AB6136,0,2,101
M247,M231,20:23:05,4,5,1,AA5945,0,2,10
T552,T553,20:23:05,4,0,-1,AB6705,0,2,10
T420,T424,20:23:45,4,0,1,AA2857,1,2,111
T553,T554,20:24:06,4,0,-1,AB6705,0,2,50
M231,M219,20:24:36,4,5,2,AA5945,0,2,81
T558,T551/1,20:24:56,4,3,1,AA1864,0,2,91
T554,T555/2,20:25:26,4,0,-1,AB6705,0,2,70
M219,M50,20:25:47,4,5,1,AA5945,0,2,30
T420,T424,20:25:47,4,0,1,AB6136,1,2,131
T424,T559,20:27:08,4,0,-1,AA2857,0,2,171
T555/2,T550/4,20:27:08,4,-1,-1,AB6705,0,2,60
M172/16,M247,20:28:28,4,-1,1,AA2855,0,2,434
T559,T552,20:28:49,4,0,-1,AA2857,0,2,30
T551/1,T425,20:29:09,4,4,1,AA1864,0,2,171
T552,T553,20:29:09,4,0,-1,AA2857,0,2,10
T424,T559,20:29:19,4,0,-1,AB6136,0,2,171
M247,M231,20:29:49,4,-1,2,AA2855,0,2,10
T553,T554,20:29:49,4,0,-1,AA2857,0,2,30
T425,T423,20:30:30,4,4,1,AA1864,0,2,40
T559,T552,20:30:30,4,0,-1,AB6136,0,2,20
T552,T553,20:31:00,4,0,-1,AB6136,0,2,10
T423,T421,20:31:30,4,4,1,AA1864,0,2,40
T553,T554,20:31:40,4,0,-1,AB6136,0,2,30
M172/16,M247,20:32:34,4,4,1,AB6049,0,2,457
M231,M219,20:32:44,4,-1,2,AA2855,0,2,63
T554,T550/4,20:32:44,4,-1,-1,AA2857,1,2,164
T554,T555/2,20:32:54,4,0,-1,AB6136,0,2,63
T555/2,T550/4,20:34:05,4,-1,-1,AB6136,0,2,60
M247,M231,20:34:15,4,2,1,AB6049,0,2,10
M219,M50,20:34:35,4,-1,1,AA2855,0,2,40
M231,M219,20:35:42,4,2,2,AB6049,0,2,56
M219,M50,20:36:33,4,2,1,AB6049,0,2,30
T550/4,T556,20:37:13,4,0,-1,AA2661,0,2,50
T556,T557,20:39:45,4,1,-1,AA2661,0,2,90
T421,M172/16,20:39:45,4,4,1,AA1864,1,2,463
T557,T558,20:40:45,4,1,-1,AA2661,0,2,30
M50,T430,20:41:26,4,5,-1,AA5945,1,2,908
T558,T551/1,20:42:46,4,2,1,AA2661,0,2,90
M50,M172/7,20:42:46,4,-1,1,AA2855,0,2,456
T430,T328,20:43:07,4,5,-1,AA5945,0,2,70
M50,M172/7,20:43:37,4,2,1,AB6049,0,2,394
T328,T420,20:45:58,4,5,1,AA5945,0,2,141
T551/1,T425,20:46:39,4,2,1,AA2661,0,2,171
T420,T422,20:46:59,4,5,1,AA5945,0,2,30
M172/16,M247,20:47:39,4,5,1,AA1864,0,2,394
T422,T424,20:47:39,4,5,1,AA5945,0,2,30
T425,T423,20:47:50,4,2,1,AA2661,0,2,30
M247,M231,20:48:50,4,4,2,AA1864,0,2,20
T423,T421,20:49:00,4,2,1,AA2661,0,2,30
M172/7,T430,20:50:12,4,-1,-1,AA2855,0,2,385
M172/7,T430,20:50:23,4,2,-1,AB6049,0,2,395
M231,M219,20:51:13,4,4,2,AA1864,0,2,90
T430,T328,20:51:54,4,-1,-1,AA2855,0,2,71
T430,T328,20:51:54,4,2,-1,AB6049,0,2,71
T421,T431,20:52:35,4,2,1,AA2661,0,2,183
M219,M50,20:53:05,4,5,1,AA1864,0,2,81
T424,T553,20:53:26,4,5,-1,AA5945,2,2,305
T328,T420,20:53:56,4,-1,1,AA2855,0,2,111
T328,T420,20:54:06,4,2,1,AB6049,0,2,121
T550/4,T556,20:54:36,4,0,-1,AB6615,0,2,30
T420,T422,20:55:07,4,2,1,AB6049,0,2,40
T553,T555/2,20:55:27,4,5,-1,AA5945,1,2,111
T420,T424,20:55:37,4,-1,1,AA2855,1,2,70
T422,T424,20:55:37,4,2,1,AB6049,0,2,20
T556,T557,20:57:18,4,0,-1,AB6615,0,2,101
T555/2,T550/4,20:57:18,4,-1,-1,AA5945,0,2,70
T431,M172/16,20:57:38,4,2,1,AA2661,0,2,272
T557,T558,20:58:10,4,0,-1,AB6615,0,2,41
T424,T559,20:59:06,4,2,-1,AB6049,0,2,188
T424,T559,20:59:16,4,-1,-1,AA2855,0,2,198
T558,T551/1,20:59:46,4,0,1,AB6615,0,2,86
T559,T552,21:00:27,4,2,-1,AB6049,0,2,30
M50,M172/7,21:00:47,4,5,-1,AA1864,0,2,431
T559,T552,21:00:47,4,-1,-1,AA2855,0,2,30
T552,T553,21:00:57,4,2,-1,AB6049,0,2,20
T552,T553,21:01:07,4,-1,-1,AA2855,0,2,10
T553,T554,21:01:27,4,2,-1,AB6049,0,2,20
T553,T554,21:01:48,4,-1,-1,AA2855,0,2,30
T551/1,T425,21:03:19,4,0,-1,AB6615,0,2,171
T554,T550/4,21:04:09,4,-1,-1,AB6049,1,2,151
T425,T423,21:04:19,4,0,-1,AB6615,0,2,30
M172/16,M247,21:05:10,4,3,1,AA2661,0,2,394
T554,T550/4,21:05:10,4,-1,-1,AA2855,1,2,171
T423,T421,21:05:30,4,0,1,AB6615,0,2,40
M247,M231,21:06:33,4,1,3,AA2661,0,2,22
M172/7,T430,21:07:03,4,5,-1,AA1864,0,2,365
M231,M219,21:08:04,4,1,2,AA2661,0,2,50
T430,T328,21:08:44,4,5,-1,AA1864,0,2,90
T421,T431,21:09:14,4,0,1,AB6615,0,2,193
T328,T420,21:10:46,4,5,1,AA1864,0,2,91
M219,M50,21:11:16,4,1,1,AA2661,0,2,121
T420,T422,21:11:46,4,4,1,AA1864,0,2,30
T422,T424,21:13:07,4,4,1,AA1864,0,2,70
T431,M172/16,21:14:08,4,0,1,AB6615,0,2,283
T550/4,T556,21:15:59,4,1,-1,AB6049,0,2,30
T424,T559,21:16:19,4,4,-1,AA1864,0,2,182
T559,T552,21:17:44,4,4,-1,AA1864,0,2,23
T552,T553,21:18:04,4,4,-1,AA1864,0,2,10
T556,T557,21:18:24,4,2,-1,AB6049,0,2,94
T553,T554,21:18:54,4,4,-1,AA1864,0,2,40
M50,M172/7,21:19:04,4,1,1,AA2661,0,2,448
T557,T558,21:19:15,4,2,-1,AB6049,0,2,30
T554,T555/2,21:20:36,4,4,-1,AA1864,0,2,71
T558,T551/1,21:21:27,4,2,1,AB6049,0,2,80
T555/2,T550/4,21:22:08,4,-1,-1,AA1864,0,2,60
M172/16,M247,21:24:34,4,0,1,AB6615,0,2,504
T551/1,T425,21:25:25,4,3,1,AB6049,0,2,177
M172/7,T430,21:25:25,4,1,-1,AA2661,0,2,328
M247,M231,21:25:45,4,0,1,AB6615,0,2,10
T425,T423,21:26:26,4,3,1,AB6049,0,2,30
T430,T328,21:27:06,4,1,-1,AA2661,0,2,90
M231,M219,21:27:46,4,0,2,AB6615,0,2,80
T423,T421,21:28:07,4,3,1,AB6049,0,2,40
T328,T420,21:29:17,4,1,1,AA2661,0,2,90
M219,M50,21:29:38,4,0,1,AB6615,0,2,70
T420,T424,21:30:59,4,1,1,AA2661,1,2,80
T421,T431,21:31:29,4,4,1,AB6049,0,2,171
T424,T559,21:34:23,4,1,-1,AA2661,0,2,183
T550/4,T556,21:35:35,4,0,-1,AA1864,0,2,40
T559,T552,21:36:05,4,1,-1,AA2661,0,2,30
T431,M172/16,21:36:25,4,4,1,AB6049,0,2,275
T552,T553,21:36:45,4,1,-1,AA2661,0,2,10
M50,M172/7,21:37:36,4,0,1,AB6615,0,2,447
T553,T554,21:37:46,4,1,-1,AA2661,0,2,50
T556,T557,21:38:57,4,3,-1,AA1864,0,2,90
T554,T555/2,21:39:27,4,1,-1,AA2661,0,2,70
T557,T558,21:39:47,4,3,-1,AA1864,0,2,20
T555/2,T550/4,21:41:28,4,-1,-1,AA2661,0,2,80
T558,T551/1,21:41:59,4,4,1,AA1864,0,2,90
M172/7,T430,21:43:51,4,0,-1,AB6615,0,2,324
M172/16,M247,21:44:41,4,5,1,AB6049,0,2,415
T551/1,T425,21:45:32,4,4,1,AA1864,0,2,162
T430,T328,21:45:42,4,0,-1,AB6615,0,2,80
T425,T423,21:46:22,4,4,1,AA1864,0,2,40
T423,T421,21:47:26,4,4,1,AA1864,0,2,41
M247,M231,21:47:46,4,4,2,AB6049,0,2,61
T328,T420,21:47:56,4,0,1,AB6615,0,2,114
M231,M219,21:49:37,4,4,2,AB6049,0,2,70
T420,T424,21:49:48,4,0,1,AB6615,1,2,90
T421,T431,21:50:52,4,5,1,AA1864,0,2,185
M219,M50,21:51:43,4,3,1,AB6049,0,2,85
T550/4,T556,21:53:04,4,1,-1,AA2661,0,2,50
T424,T559,21:54:05,4,0,-1,AB6615,0,2,237
T559,T552,21:55:06,4,0,-1,AB6615,0,2,30
T556,T557,21:55:36,4,2,-1,AA2661,0,2,90
T552,T553,21:55:36,4,0,-1,AB6615,0,2,10
T431,M172/16,21:55:56,4,4,1,AA1864,0,2,283
T553,T554,21:56:16,4,0,-1,AB6615,0,2,30
T557,T558,21:56:37,4,2,-1,AA2661,0,2,30
T554,T555/2,21:58:08,4,0,-1,AB6615,0,2,80
M50,M172/7,21:58:28,4,3,1,AB6049,0,2,384
T558,T551/1,21:58:38,4,3,1,AA2661,0,2,80
T555/2,T550/4,21:59:49,4,-1,-1,AB6615,0,2,70
T551/1,T425,22:02:54,4,3,1,AA2661,0,2,185
T425,T423,22:03:55,4,3,1,AA2661,0,2,30
T550/4,T556,22:04:05,4,0,-1,AA3009,0,2,30
M172/16,M247,22:04:05,4,5,1,AA1864,0,2,427
M172/7,T430,22:04:35,4,3,-1,AB6049,0,2,336
M247,M231,22:05:05,4,4,1,AA1864,0,2,20
T423,T421,22:05:16,4,3,1,AA2661,0,2,30
T556,T557,22:06:36,4,0,-1,AA3009,0,2,91
T430,T328,22:06:36,4,3,-1,AB6049,0,2,101
T557,T558,22:07:17,4,0,-1,AA3009,0,2,30
M231,M219,22:07:47,4,3,2,AA1864,0,2,91
T328,T420,22:08:38,4,2,1,AB6049,0,2,91
T421,T431,22:08:48,4,3,1,AA2661,0,2,171
T558,T551/1,22:09:08,4,1,1,AA3009,0,2,80
T420,T422,22:09:39,4,2,1,AB6049,0,2,30
M219,M50,22:10:29,4,4,1,AA1864,0,2,121
T422,T424,22:10:39,4,2,1,AB6049,0,2,50
T550/4,T556,22:11:42,4,0,-1,AB6615,0,2,42
T551/1,T425,22:12:42,4,1,1,AA3009,0,2,173
T425,T423,22:13:34,4,1,1,AA3009,0,2,41
T556,T557,22:13:44,4,0,-1,AB6615,0,2,91
T424,T559,22:13:44,4,2,-1,AB6049,0,2,174
T431,M172/16,22:14:04,4,3,1,AA2661,0,2,285
T557,T558,22:14:45,4,0,-1,AB6615,0,2,40
T423,T421,22:14:55,4,2,1,AA3009,0,2,50
T559,T552,22:15:15,4,2,-1,AB6049,0,2,30
T552,T553,22:16:05,4,2,-1,AB6049,0,2,10
T558,T551/1,22:16:36,4,0,1,AB6615,0,2,90
T553,T554,22:16:56,4,2,-1,AB6049,0,2,30
T421,T431,22:18:27,4,2,1,AA3009,0,2,192
M50,M172/7,22:18:27,4,5,1,AA1864,0,2,437
T551/1,T425,22:19:58,4,0,1,AB6615,0,2,171
T554,T550/4,22:19:58,4,-1,-1,AB6049,1,2,161
T425,T423,22:20:49,4,0,1,AB6615,0,2,40
T550/4,T556,22:20:59,4,0,-1,AA3053,0,2,30
T423,T421,22:22:09,4,0,1,AB6615,0,2,40
M172/16,M247,22:22:44,4,4,1,AA2661,0,2,418
T431,M172/16,22:23:14,4,2,1,AA3009,0,2,277
T556,T557,22:23:35,4,1,-1,AA3053,0,2,95
M247,M231,22:23:45,4,1,2,AA2661,0,2,20
T557,T558,22:24:25,4,2,-1,AA3053,0,2,30
M231,M219,22:25:36,4,1,3,AA2661,0,2,70
T421,T431,22:25:46,4,0,1,AB6615,0,2,192
M172/7,T430,22:25:46,4,5,-1,AA1864,0,2,348
T558,T551/1,22:26:37,4,2,1,AA3053,0,2,80
T430,T328,22:27:17,4,5,-1,AA1864,0,2,80
T328,T420,22:29:18,4,5,1,AA1864,0,2,90
T551/1,T425,22:30:09,4,2,1,AA3053,0,2,171
M219,M50,22:30:29,4,1,1,AA2661,0,2,202
T420,T422,22:30:29,4,5,1,AA1864,0,2,20
T431,M172/16,22:30:39,4,0,1,AB6615,0,2,283
T422,T424,22:31:10,4,5,1,AA1864,0,2,30
T425,T423,22:31:20,4,2,1,AA3053,0,2,40
M172/16,M247,22:31:42,4,2,1,AA3009,0,2,416
T423,T421,22:32:22,4,2,1,AA3053,0,2,30
M247,M231,22:32:33,4,1,1,AA3009,0,2,10
M231,M219,22:33:34,4,0,3,AA3009,0,2,31
T550/4,T556,22:34:05,4,0,-1,AB6049,0,2,41
T424,T552,22:34:05,4,5,-1,AA1864,1,2,132
T421,T431,22:35:56,4,2,1,AA3053,0,2,183
T552,T553,22:36:47,4,5,-1,AA1864,0,2,151
T556,T557,22:36:57,4,1,-1,AB6049,0,2,80
M219,M50,22:37:17,4,0,1,AA3009,0,2,182
T553,T554,22:37:27,4,5,-1,AA1864,0,2,30
T557,T558,22:37:57,4,1,-1,AB6049,0,2,20
T554,T555/2,22:38:38,4,5,-1,AA1864,0,2,60
M172/16,M247,22:38:48,4,0,1,AB6615,0,2,415
M50,M172/7,22:39:18,4,2,1,AA2661,0,2,445
M247,M231,22:39:38,4,0,2,AB6615,0,2,10
T558,T551/1,22:40:09,4,1,1,AB6049,0,2,80
T555/2,T550/4,22:40:19,4,-1,-1,AA1864,0,2,70
T431,M172/16,22:40:59,4,2,1,AA3053,0,2,272
M231,M219,22:40:59,4,0,3,AB6615,0,2,50
M219,M50,22:43:45,4,0,1,AB6615,0,2,115
T551/1,T425,22:43:55,4,2,1,AB6049,0,2,186
T425,T423,22:45:06,4,2,1,AB6049,0,2,30
M50,M172/7,22:45:16,4,0,1,AA3009,0,2,459
T423,T421,22:46:27,4,2,1,AB6049,0,2,40
M172/7,T430,22:46:37,4,3,-1,AA2661,0,2,347
T430,T328,22:48:28,4,3,-1,AA2661,0,2,80
M172/16,M247,22:49:19,4,2,1,AA3053,0,2,438
T421,T431,22:49:49,4,2,1,AB6049,0,2,182
T328,T420,22:50:30,4,3,-1,AA2661,0,2,91
M247,M231,22:50:50,4,1,-1,AA3053,0,2,20
M172/7,T430,22:51:20,4,0,-1,AA3009,0,2,313
M50,M172/7,22:51:41,4,0,-1,AB6615,0,2,445
M231,M219,22:52:02,4,1,-1,AA3053,0,2,41
T420,T424,22:52:12,4,2,-1,AA2661,1,2,61
T430,T328,22:52:42,4,0,-1,AA3009,0,2,70
M219,M50,22:53:43,4,1,-1,AA3053,0,2,60
T550/4,T556,22:54:03,4,1,-1,AA1864,0,2,30
T328,T420,22:54:43,4,0,-1,AA3009,0,2,90
T431,M172/16,22:55:04,4,2,1,AB6049,0,2,294
T420,T422,22:55:34,4,0,1,AA3009,0,2,30
T424,T559,22:55:34,4,2,-1,AA2661,0,2,181
T556,T557,22:56:14,4,2,-1,AA1864,0,2,80
T422,T424,22:56:46,4,0,1,AA3009,0,2,61
T559,T552,22:57:06,4,1,-1,AA2661,0,2,30
T557,T558,22:57:26,4,2,-1,AA1864,0,2,40
T552,T553,22:57:46,4,1,-1,AA2661,0,2,10
M172/7,T430,22:57:57,4,0,-1,AB6615,0,2,344
T553,T554,22:58:27,4,0,-1,AA2661,0,2,30
T558,T551/1,22:59:17,4,3,1,AA1864,0,2,80
T424,T559,22:59:48,4,0,-1,AA3009,0,2,171
T554,T555/2,22:59:48,4,0,-1,AA2661,0,2,70
T430,T420,23:01:09,4,0,1,AB6615,1,2,171
T555/2,T550/4,23:01:19,4,-1,-1,AA2661,0,2,50
M50,M172/7,23:01:29,4,1,1,AA3053,0,2,435
T559,T552,23:01:29,4,0,-1,AA3009,0,2,30
T553,T554,23:02:40,4,0,-1,AA3009,0,2,30
T420,T424,23:03:00,4,0,1,AB6615,1,2,91
M172/16,M247,23:03:44,4,2,1,AB6049,0,2,469
T551/1,T425,23:03:54,4,4,1,AA1864,0,2,165
T554,T555/2,23:03:54,4,0,-1,AA3009,0,2,64
M247,M231,23:04:55,4,1,1,AB6049,0,2,20
T425,T423,23:05:05,4,4,1,AA1864,0,2,40
T555/2,T550/4,23:05:35,4,-1,-1,AA3009,0,2,71
M231,M219,23:06:16,4,0,1,AB6049,0,2,50
M219,M50,23:07:17,4,0,1,AB6049,0,2,30
T423,T421,23:07:37,4,5,1,AA1864,0,2,40
T424,T553,23:07:57,4,0,-1,AB6615,2,2,286
M172/7,T430,23:08:07,4,2,-1,AA3053,0,2,347
T553,T554,23:08:38,4,0,-1,AB6615,0,2,30
T430,T328,23:09:48,4,1,-1,AA3053,0,2,80
T554,T555/2,23:10:09,4,0,-1,AB6615,0,2,80
T421,T431,23:11:19,4,5,1,AA1864,0,2,192
T328,T420,23:11:29,4,1,1,AA3053,0,2,91
T555/2,T550/4,23:11:40,4,-1,-1,AB6615,0,2,70
T420,T422,23:12:31,4,2,1,AA3053,0,2,31
T550/4,T556,23:12:51,4,0,-1,AA2661,0,2,51
T422,T424,23:13:32,4,1,1,AA3053,0,2,50
M50,M172/7,23:14:53,4,1,1,AB6049,0,2,425
T556,T557,23:15:23,4,2,-1,AA2661,0,2,91
T557,T558,23:16:14,4,2,-1,AA2661,0,2,30
T424,T559,23:16:44,4,1,-1,AA3053,0,2,182
T431,M172/16,23:16:55,4,5,1,AA1864,0,2,294
T559,T552,23:18:05,4,1,-1,AA3053,0,2,30
T558,T551/1,23:18:26,4,2,1,AA2661,0,2,80
T552,T553,23:18:36,4,1,-1,AA3053,0,2,10
T553,T554,23:19:16,4,1,-1,AA3053,0,2,30
T554,T555/2,23:20:37,4,1,-1,AA3053,0,2,70
M172/7,T430,23:21:19,4,2,-1,AB6049,0,2,324
T555/2,T550/4,23:21:59,4,-1,-1,AA3053,0,2,60
T551/1,T425,23:22:47,4,2,-1,AA2661,0,2,180
T430,T328,23:22:58,4,2,-1,AB6049,0,2,68
T425,T423,23:23:38,4,2,-1,AA2661,0,2,40
T550/4,T556,23:24:29,4,0,-1,AB6615,0,2,30
T328,T420,23:24:59,4,2,-1,AB6049,0,2,101
T423,T421,23:25:39,4,4,1,AA2661,0,2,40
T556,T557,23:26:20,4,0,-1,AB6615,0,2,80
T557,T558,23:27:05,4,0,-1,AB6615,0,2,30
T420,T424,23:27:15,4,1,1,AB6049,1,2,115
M172/16,M247,23:27:46,4,5,1,AA1864,0,2,520
T558,T551/1,23:28:37,4,0,1,AB6615,0,2,81
M247,M231,23:29:17,4,5,1,AA1864,0,2,10
T421,T431,23:29:27,4,3,1,AA2661,0,2,172
T424,T559,23:30:28,4,1,-1,AB6049,0,2,181
M231,M219,23:31:09,4,5,2,AA1864,0,2,70
T559,T552,23:31:59,4,1,-1,AB6049,0,2,30
T551/1,T425,23:32:09,4,0,1,AB6615,0,2,172
M219,M50,23:32:20,4,5,1,AA1864,0,2,30
T425,T423,23:32:50,4,0,1,AB6615,0,2,30
T553,T554,23:33:00,4,1,-1,AB6049,0,2,40
T423,T421,23:34:04,4,0,1,AB6615,0,2,30
T554,T555/2,23:34:35,4,1,-1,AB6049,0,2,60
T550/4,T556,23:34:45,4,0,-1,AA3053,0,2,30
T431,M172/16,23:35:05,4,3,1,AA2661,0,2,286
T555/2,T550/4,23:36:06,4,-1,-1,AB6049,0,2,60
T556,T557,23:36:36,4,0,-1,AA3053,0,2,80
T557,T558,23:37:47,4,0,-1,AA3053,0,2,40
T558,T551/1,23:39:17,4,0,1,AA3053,0,2,70
M50,M172/7,23:39:58,4,5,1,AA1864,0,2,428
T421,M172/16,23:42:40,4,0,1,AB6615,1,2,454
T551/1,T425,23:42:50,4,0,1,AA3053,0,2,181
M172/16,M247,23:43:10,4,1,1,AA2661,0,2,404
T425,T423,23:43:33,4,0,1,AA3053,0,2,33
M247,M231,23:44:24,4,0,2,AA2661,0,2,20
T423,T421,23:45:15,4,1,1,AA3053,0,2,30
M172/7,T430,23:45:55,4,5,-1,AA1864,0,2,316
M231,M219,23:46:15,4,0,2,AA2661,0,2,80
M219,M50,23:47:16,4,0,1,AA2661,0,2,30
T430,T328,23:47:16,4,5,-1,AA1864,0,2,70
T328,T420,23:49:17,4,5,1,AA1864,0,2,101
T421,T431,23:50:08,4,1,1,AA3053,0,2,181
M172/16,M247,23:50:08,4,0,1,AB6615,0,2,394
T420,T422,23:50:08,4,5,1,AA1864,0,2,30
T550/4,T556,23:50:48,4,0,-1,AB6049,0,2,30
M247,M231,23:51:08,4,0,1,AB6615,0,2,20
T422,T424,23:51:29,4,5,1,AA1864,0,2,70
T556,T557,23:52:29,4,0,-1,AB6049,0,2,80
M231,M219,23:52:29,4,0,2,AB6615,0,2,50
M219,M50,23:53:45,4,0,1,AB6615,0,2,24
T557,T551/1,23:54:35,4,0,1,AB6049,1,2,115
T424,T559,23:54:55,4,5,-1,AA1864,0,2,176
T431,M172/16,23:55:16,4,1,1,AA3053,0,2,277
M50,M172/7,23:55:56,4,0,1,AA2661,0,2,490
T559,T552,23:56:27,4,5,-1,AA1864,0,2,30
T553,T554,23:57:37,4,5,-1,AA1864,0,2,30
T551/1,T425,23:57:47,4,0,1,AB6049,0,2,161
T554,T555/2,23:58:58,4,5,-1,AA1864,0,2,70
T425,T423,23:59:18,4,0,1,AB6049,0,2,30
T423,T421,0:00:39,5,1,-1,AB6049,0,2,40
M50,M172/7,0:00:39,5,0,-1,AB6615,0,2,384
T555/2,T550/4,0:00:39,5,-1,-1,AA1864,0,2,60
M172/7,T430,0:02:23,5,0,-1,AA2661,0,2,325
T421,T431,0:04:14,5,2,-1,AB6049,0,2,174
T430,T328,0:04:34,5,0,-1,AA2661,0,2,101
M172/16,M247,0:05:25,5,2,1,AA3053,0,2,436
M247,M231,0:06:25,5,1,1,AA3053,0,2,20
T328,T420,0:07:06,5,0,1,AA2661,0,2,141
M231,M219,0:07:16,5,0,1,AA3053,0,2,20
M172/7,T328,0:07:46,5,0,-1,AB6615,1,2,396
T420,T422,0:07:57,5,0,1,AA2661,0,2,40
M219,M50,0:08:47,5,0,1,AA3053,0,2,20
T328,T420,0:09:17,5,0,1,AB6615,0,2,80
T431,M172/16,0:09:28,5,2,1,AB6049,0,2,283
T422,T424,0:09:58,5,0,1,AA2661,0,2,111
T550/4,T556,0:11:09,5,0,-1,AA1864,0,2,30
T420,T424,0:11:29,5,0,1,AB6615,1,2,121
T556,T557,0:13:10,5,1,-1,AA1864,0,2,80
T424,T559,0:13:31,5,0,-1,AA2661,0,2,203
T557,T558,0:13:51,5,1,-1,AA1864,0,2,31
T424,T559,0:14:42,5,0,-1,AB6615,0,2,182
T559,T552,0:14:52,5,0,-1,AA2661,0,2,20
T558,T551/1,0:15:44,5,2,1,AA1864,0,2,81
T559,T552,0:16:04,5,0,-1,AB6615,0,2,30
T553,T554,0:16:14,5,0,-1,AA2661,0,2,30
M50,M172/7,0:16:24,5,0,1,AA3053,0,2,436
T552,T553,0:16:24,5,0,-1,AB6615,0,2,10
M172/16,M247,0:16:54,5,3,1,AB6049,0,2,376
T553,T554,0:17:04,5,0,-1,AB6615,0,2,30
T554,T555/2,0:17:45,5,0,-1,AA2661,0,2,70
M247,M231,0:17:55,5,2,1,AB6049,0,2,20
T554,T555/2,0:18:26,5,0,-1,AB6615,0,2,70
M231,M219,0:18:46,5,2,2,AB6049,0,2,30
T551/1,T425,0:19:16,5,2,1,AA1864,0,2,172
T555/2,T550/4,0:19:16,5,-1,-1,AA2661,0,2,60
T555/2,T550/4,0:19:57,5,-1,-1,AB6615,0,2,60
T425,T423,0:20:17,5,2,1,AA1864,0,2,40
M219,M50,0:20:37,5,2,1,AB6049,0,2,30
T423,T421,0:21:07,5,2,1,AA1864,0,2,30
M172/7,T430,0:21:58,5,0,-1,AA3053,0,2,313
T430,T328,0:23:39,5,0,-1,AA3053,0,2,90
T421,T431,0:24:19,5,2,1,AA1864,0,2,171
T328,T420,0:25:21,5,0,1,AA3053,0,2,91
T420,T422,0:26:15,5,0,1,AA3053,0,2,30
T422,T424,0:26:55,5,0,1,AA3053,0,2,30
M50,M172/7,0:29:06,5,1,1,AB6049,0,2,448
T431,M172/16,0:29:17,5,2,1,AA1864,0,2,266
T424,T559,0:30:07,5,0,-1,AA3053,0,2,171
T559,T552,0:31:38,5,0,-1,AA3053,0,2,40
T552,T554,0:32:29,5,0,-1,AA3053,1,2,40
T554,T555/2,0:33:50,5,0,-1,AA3053,0,2,70
M172/7,T430,0:34:42,5,2,-1,AB6049,0,2,305
T555/2,T550/4,0:35:02,5,-1,-1,AA3053,0,2,62
M172/16,M247,0:36:34,5,2,2,AA1864,0,2,397
M247,M231,0:37:15,5,1,1,AA1864,0,2,10
T430,T420,0:37:55,5,2,1,AB6049,1,2,172
T420,T422,0:38:56,5,2,1,AB6049,0,2,30
M231,M219,0:39:26,5,1,2,AA1864,0,2,101
T422,T424,0:39:46,5,2,1,AB6049,0,2,40
M219,M50,0:40:37,5,1,1,AA1864,0,2,40
T424,T559,0:42:48,5,2,-1,AB6049,0,2,171
T559,T552,0:44:19,5,2,-1,AB6049,0,2,30
T552,T554,0:45:30,5,2,-1,AB6049,1,2,50
T554,T555/2,0:46:42,5,2,-1,AB6049,0,2,62
M50,M172/7,0:47:02,5,1,1,AA1864,0,2,355
T555/2,T550/4,0:47:53,5,-1,-1,AB6049,0,2,60
M172/7,T420,0:55:29,5,1,1,AA1864,2,2,465
T420,T422,0:56:19,5,1,1,AA1864,0,2,30
T422,T424,0:57:00,5,1,1,AA1864,0,2,30
T424,T559,1:00:06,5,1,-1,AA1864,0,2,175
T559,T552,1:01:27,5,1,-1,AA1864,0,2,30
T553,T554,1:02:17,5,1,-1,AA1864,0,2,30
T554,T555/2,1:03:28,5,1,-1,AA1864,0,2,60
T555/2,T550/4,1:04:49,5,-1,-1,AA1864,0,2,50
T557,T558,6:33:37,5,-1,-1,AA2270,0,2,20
T558,T551/1,6:35:08,5,-1,-1,AA2270,0,2,80
T550/4,T556,6:38:00,5,0,-1,AB6393,0,2,30
T551/1,T425,6:38:33,5,0,1,AA2270,0,2,164
T425,T423,6:39:14,5,0,1,AA2270,0,2,30
T556,T557,6:39:24,5,0,-1,AB6393,0,2,73
T557,T558,6:40:04,5,0,-1,AB6393,0,2,30
T423,T421,6:40:15,5,0,1,AA2270,0,2,40
T558,T551/1,6:41:35,5,0,1,AB6393,0,2,80
T551/1,T425,6:44:48,5,0,1,AB6393,0,2,162
T425,T421,6:46:09,5,0,1,AB6393,1,2,70
M247,M231,6:46:29,5,-1,1,AA7207,0,2,30
T550/4,T556,6:47:51,5,-1,-1,AA3041,0,2,20
M231,M219,6:47:51,5,-1,3,AA7207,0,2,51
M219,M50,6:48:52,5,-1,-1,AA7207,0,2,30
T556,T551/1,6:51:26,5,0,1,AA3041,2,2,184
T420,T422,6:52:57,5,2,1,AA2353,0,2,30
T422,T424,6:54:07,5,1,1,AA2353,0,2,60
T421,M247,6:54:38,5,0,1,AA2270,2,2,853
T551/1,T425,6:54:48,5,0,1,AA3041,0,2,161
M247,M231,6:55:59,5,1,1,AA2270,0,2,20
T425,T421,6:56:29,5,0,1,AA3041,1,2,80
M231,M219,6:57:35,5,1,2,AA2270,0,2,75
T424,T559,6:57:35,5,1,-1,AA2353,0,2,197
T550/4,T556,6:58:25,5,0,-1,AB6136,0,2,40
M219,M50,6:58:56,5,1,-1,AA2270,0,2,30
T559,T552,6:59:06,5,1,-1,AA2353,0,2,30
T552,T553,6:59:36,5,1,-1,AA2353,0,2,10
T556,T557,6:59:56,5,0,-1,AB6136,0,2,80
T421,M247,7:00:17,5,0,1,AB6393,2,2,817
T557,T558,7:00:37,5,0,-1,AB6136,0,2,30
T553,T554,7:00:37,5,1,-1,AA2353,0,2,50
M247,M231,7:01:58,5,1,1,AB6393,0,2,10
T558,T551/1,7:02:08,5,0,1,AB6136,0,2,80
T554,T555/2,7:02:18,5,1,-1,AA2353,0,2,70
M231,M219,7:03:19,5,1,2,AB6393,0,2,50
T555/2,T550/4,7:04:09,5,-1,-1,AA2353,0,2,70
T551/1,T425,7:05:10,5,0,1,AB6136,0,2,171
T425,T423,7:06:02,5,0,1,AB6136,0,2,41
M219,M50,7:06:02,5,2,1,AB6393,0,2,41
T420,T422,7:06:42,5,-1,1,AA7207,0,2,30
T550/4,T556,7:06:52,5,-1,-1,AB6615,0,2,20
T423,T421,7:06:52,5,0,1,AB6136,0,2,30
T422,T424,7:08:13,5,-1,1,AA7207,0,2,80
T556,T557,7:08:23,5,-1,-1,AB6615,0,2,80
T557,T558,7:09:04,5,-1,-1,AB6615,0,2,30
T558,T551/1,7:10:45,5,-1,1,AB6615,0,2,91
T424,T559,7:11:46,5,-1,-1,AA7207,0,2,182
T421,M247,7:12:06,5,0,1,AA3041,2,2,916
M247,M231,7:13:17,5,0,1,AA3041,0,2,10
T559,T552,7:13:37,5,-1,-1,AA7207,0,2,20
T551/1,T425,7:13:47,5,0,1,AB6615,0,2,161
T552,T553,7:14:18,5,-1,-1,AA7207,0,2,10
T425,T423,7:14:28,5,0,1,AB6615,0,2,30
T550/4,T556,7:15:28,5,0,-1,AA2353,0,2,50
T423,T421,7:15:39,5,0,1,AB6615,0,2,40
M231,M219,7:16:09,5,0,2,AA3041,0,2,121
T553,T555/2,7:16:19,5,-1,-1,AA7207,1,2,111
T556,T558,7:18:12,5,0,-1,AA2353,1,2,142
T555/2,T550/4,7:18:12,5,-1,-1,AA7207,0,2,72
M219,M50,7:18:42,5,0,-1,AA3041,0,2,102
T558,T551/1,7:19:43,5,0,1,AA2353,0,2,81
T424,T559,7:20:34,5,2,-1,AA2270,0,2,194
M50,T420,7:21:35,5,2,1,AB6393,3,2,882
T559,T552,7:21:45,5,1,-1,AA2270,0,2,30
T552,T553,7:22:15,5,1,-1,AA2270,0,2,10
T420,T422,7:22:25,5,2,1,AB6393,0,2,30
T553,T554,7:22:57,5,1,-1,AA2270,0,2,31
T551/1,T425,7:23:07,5,0,1,AA2353,0,2,173
T421,M247,7:23:07,5,0,1,AB6136,2,2,954
T422,T424,7:23:37,5,2,1,AB6393,0,2,60
T425,T423,7:23:47,5,0,1,AA2353,0,2,30
M247,M231,7:24:07,5,1,1,AB6136,0,2,10
T554,T555/2,7:24:28,5,1,-1,AA2270,0,2,60
T423,T421,7:24:58,5,0,1,AA2353,0,2,30
T555/2,T550/4,7:25:59,5,-1,-1,AA2270,0,2,60
M231,M219,7:26:49,5,1,2,AB6136,0,2,101
T424,T559,7:27:00,5,2,-1,AB6393,0,2,182
T559,T552,7:28:12,5,1,-1,AB6393,0,2,30
T552,T553,7:28:53,5,1,-1,AB6393,0,2,10
T550/4,T556,7:29:03,5,-1,-1,AA7207,0,2,255
T553,T554,7:29:34,5,1,-1,AB6393,0,2,31
M219,M50,7:29:44,5,2,1,AB6136,0,2,122
T554,T555/2,7:30:45,5,1,-1,AB6393,0,2,60
T421,M247,7:31:05,5,0,1,AB6615,2,2,916
T556,T558,7:31:36,5,-1,-1,AA7207,1,2,132
T555/2,T550/4,7:32:26,5,-1,-1,AB6393,0,2,70
T558,T551/1,7:33:17,5,-1,1,AA7207,0,2,90
M50,T420,7:33:27,5,1,1,AA3041,3,2,854
M247,M219,7:33:47,5,0,2,AB6615,1,2,101
T420,T422,7:34:17,5,0,1,AA3041,0,2,30
M219,M50,7:35:28,5,0,1,AB6615,0,2,30
T550/4,T556,7:35:38,5,0,-1,AA5945,0,2,40
T422,T424,7:35:38,5,0,1,AA3041,0,2,70
T556,T557,7:37:19,5,0,-1,AA5945,0,2,80
T551/1,T425,7:37:19,5,-1,1,AA7207,0,2,202
T557,T558,7:38:02,5,0,-1,AA5945,0,2,30
T425,T423,7:38:23,5,-1,1,AA7207,0,2,40
T424,T559,7:39:13,5,0,-1,AA3041,0,2,184
T423,T421,7:39:44,5,-1,1,AA7207,0,2,40
T558,T551/1,7:39:54,5,0,1,AA5945,0,2,90
T559,T552,7:40:24,5,0,-1,AA3041,0,2,20
T552,T553,7:41:04,5,0,-1,AA3041,0,2,10
T550/4,T556,7:41:15,5,0,-1,AA2270,0,2,30
T421,M247,7:41:15,5,0,1,AA2353,2,2,936
T553,T554,7:41:45,5,0,-1,AA3041,0,2,30
M247,M231,7:42:45,5,0,2,AA2353,0,2,30
T556,T557,7:42:56,5,0,-1,AA2270,0,2,80
T554,T555/2,7:43:06,5,0,-1,AA3041,0,2,70
T557,T558,7:43:36,5,0,-1,AA2270,0,2,30
T551/1,T423,7:43:56,5,0,1,AA5945,1,2,212
T555/2,T550/4,7:44:37,5,-1,-1,AA3041,0,2,60
T423,T421,7:44:47,5,0,1,AA5945,0,2,40
T558,T551/1,7:45:07,5,0,1,AA2270,0,2,80
M231,M219,7:45:27,5,0,1,AA2353,0,2,131
M219,M50,7:47:59,5,0,1,AA2353,0,2,111
T551/1,T425,7:48:19,5,0,1,AA2270,0,2,161
T420,T422,7:48:49,5,1,1,AB6136,0,2,40
T425,T423,7:49:10,5,0,1,AA2270,0,2,40
T422,T424,7:49:45,5,1,1,AB6136,0,2,45
T550/4,T556,7:50:15,5,0,-1,AB6393,0,2,30
T423,T421,7:50:15,5,0,1,AA2270,0,2,40
M50,T420,7:50:35,5,0,1,AB6615,3,2,896
T420,T422,7:51:26,5,0,1,AB6615,0,2,40
T556,T557,7:51:56,5,0,-1,AB6393,0,2,70
T422,T424,7:52:16,5,0,1,AB6615,0,2,40
T424,T559,7:53:27,5,1,-1,AB6136,0,2,202
T557,T551/1,7:54:07,5,0,1,AB6393,1,2,121
T559,T552,7:54:28,5,0,-1,AB6136,0,2,20
T421,M247,7:55:18,5,-1,1,AA7207,2,2,894
T424,T559,7:55:38,5,0,-1,AB6615,0,2,171
T553,T554,7:55:38,5,0,-1,AB6136,0,2,30
T559,T552,7:57:20,5,0,-1,AB6615,0,2,30
T554,T555/2,7:57:20,5,0,-1,AB6136,0,2,70
T551/1,T425,7:57:30,5,0,1,AB6393,0,2,172
T552,T553,7:57:40,5,0,-1,AB6615,0,2,10
T425,T423,7:58:21,5,0,1,AB6393,0,2,30
M247,M219,7:58:21,5,-1,2,AA7207,1,2,152
T553,T554,7:58:21,5,0,-1,AB6615,0,2,30
T555/2,T550/4,7:58:54,5,-1,-1,AB6136,0,2,53
M219,M50,7:59:14,5,-1,-1,AA7207,0,2,20
T423,T421,7:59:24,5,0,1,AB6393,0,2,40
T554,T555/2,7:59:34,5,0,-1,AB6615,0,2,60
T555/2,T550/4,8:01:05,5,-1,-1,AB6615,0,2,60
M247,M219,8:03:47,5,0,3,AA5945,1,2,80
T420,T422,8:05:54,5,0,1,AA2353,0,2,30
M219,M50,8:06:24,5,0,-1,AA5945,0,2,101
T422,T424,8:07:05,5,0,1,AA2353,0,2,60
T551/1,T425,8:07:15,5,0,1,AA3041,0,2,151
T425,T423,8:07:56,5,0,1,AA3041,0,2,30
M247,M231,8:08:16,5,0,2,AA2270,0,2,20
T423,T421,8:09:06,5,1,1,AA3041,0,2,30
M231,M219,8:09:27,5,0,2,AA2270,0,2,40
T550/4,T556,8:10:37,5,0,-1,AB6136,0,2,30
M219,M50,8:11:58,5,0,-1,AA2270,0,2,111
T556,T557,8:12:29,5,0,-1,AB6136,0,2,80
T424,T553,8:12:49,5,0,-1,AA2353,2,2,303
T557,T558,8:13:09,5,0,-1,AB6136,0,2,30
T553,T554,8:13:29,5,0,-1,AA2353,0,2,30
T421,M247,8:15:00,5,0,1,AB6393,2,2,915
T554,T555/2,8:15:00,5,0,-1,AA2353,0,2,80
T558,T551/1,8:15:21,5,1,1,AB6136,0,2,80
M50,T420,8:15:35,5,-1,1,AA7207,3,2,950
M247,M231,8:15:45,5,0,1,AB6393,0,2,10
T555/2,T550/4,8:16:36,5,-1,-1,AA2353,0,2,60
T420,T422,8:16:46,5,-1,1,AA7207,0,2,40
T422,T424,8:17:37,5,-1,1,AA7207,0,2,40
M231,M219,8:17:57,5,0,3,AB6393,0,2,80
T551/1,T425,8:18:27,5,1,1,AB6136,0,2,161
T425,T423,8:19:28,5,1,1,AB6136,0,2,30
M219,M50,8:19:28,5,0,-1,AB6393,0,2,30
T550/4,T556,8:20:29,5,0,-1,AB6615,0,2,40
T423,T421,8:20:39,5,1,1,AB6136,0,2,40
T424,T559,8:21:29,5,-1,-1,AA7207,0,2,192
T556,T557,8:22:20,5,0,-1,AB6615,0,2,80
T559,T552,8:23:02,5,-1,-1,AA7207,0,2,30
T557,T558,8:23:22,5,0,-1,AB6615,0,2,30
T553,T554,8:24:15,5,-1,-1,AA7207,0,2,40
T558,T551/1,8:25:05,5,0,1,AB6615,0,2,80
T420,T422,8:25:05,5,0,1,AA5945,0,2,50
T554,T555/2,8:25:46,5,-1,-1,AA7207,0,2,70
T422,T424,8:26:26,5,0,1,AA5945,0,2,70
T555/2,T550/4,8:27:17,5,-1,-1,AA7207,0,2,70
M50,T420,8:27:47,5,0,1,AA2270,3,2,938
T551/1,T425,8:28:38,5,0,1,AB6615,0,2,161
T420,T422,8:28:38,5,0,1,AA2270,0,2,30
T550/4,T556,8:28:48,5,0,-1,AA2353,0,2,40
M247,M231,8:28:48,5,1,1,AA3041,0,2,10
T422,T424,8:29:28,5,0,1,AA2270,0,2,40
T425,T423,8:29:48,5,0,1,AB6615,0,2,30
T424,T559,8:29:48,5,0,-1,AA5945,0,2,171
T556,T557,8:30:49,5,0,-1,AA2353,0,2,91
T423,T421,8:30:49,5,0,1,AB6615,0,2,50
M231,M219,8:31:19,5,1,2,AA3041,0,2,121
T559,T552,8:31:19,5,0,-1,AA5945,0,2,30
T557,T558,8:31:30,5,0,-1,AA2353,0,2,30
T552,T553,8:31:40,5,0,-1,AA5945,0,2,10
T553,T554,8:32:20,5,0,-1,AA5945,0,2,30
T424,T559,8:32:52,5,0,-1,AA2270,0,2,193
T558,T551/1,8:33:32,5,0,1,AA2353,0,2,92
T554,T555/2,8:33:32,5,0,-1,AA5945,0,2,60
M219,M50,8:34:03,5,0,1,AA3041,0,2,102
T559,T552,8:34:03,5,0,-1,AA2270,0,2,20
T552,T553,8:34:23,5,0,-1,AA2270,0,2,10
T555/2,T550/4,8:34:54,5,-1,-1,AA5945,0,2,51
T553,T554,8:35:25,5,0,-1,AA2270,0,2,50
M50,T420,8:35:46,5,1,1,AB6393,3,2,937
T420,T422,8:36:46,5,0,1,AB6393,0,2,30
T554,T555/2,8:36:46,5,0,-1,AA2270,0,2,70
T551/1,T425,8:36:57,5,0,1,AA2353,0,2,163
T422,T424,8:37:47,5,0,1,AB6393,0,2,50
T425,T423,8:37:57,5,0,1,AA2353,0,2,30
T555/2,T550/4,8:38:07,5,-1,-1,AA2270,0,2,60
M247,M231,8:38:18,5,0,3,AB6136,0,2,20
T423,T421,8:38:58,5,0,1,AA2353,0,2,40
M231,M219,8:40:39,5,0,3,AB6136,0,2,131
T424,T559,8:41:09,5,0,-1,AB6393,0,2,192
T550/4,T556,8:42:00,5,-1,-1,AA7207,0,2,30
T559,T552,8:42:30,5,0,-1,AB6393,0,2,30
T552,T553,8:43:01,5,0,-1,AB6393,0,2,10
M219,M50,8:43:21,5,1,1,AB6136,0,2,111
T556,T557,8:43:43,5,-1,-1,AA7207,0,2,82
T553,T554,8:43:43,5,0,-1,AB6393,0,2,32
T557,T558,8:44:23,5,-1,-1,AA7207,0,2,30
T554,T555/2,8:45:04,5,0,-1,AB6393,0,2,71
T558,T551/1,8:46:15,5,-1,1,AA7207,0,2,80
T555/2,T550/4,8:46:45,5,-1,-1,AB6393,0,2,70
T421,M247,8:47:16,5,0,1,AB6615,2,2,966
M247,M231,8:48:16,5,0,2,AB6615,0,2,20
T551/1,T425,8:49:27,5,-1,1,AA7207,0,2,161
M50,T420,8:49:47,5,1,1,AA3041,3,2,903
T550/4,T556,8:49:58,5,0,-1,AA5945,0,2,40
T425,T423,8:50:18,5,-1,1,AA7207,0,2,40
T420,T422,8:50:38,5,0,1,AA3041,0,2,30
T423,T421,8:50:58,5,-1,1,AA7207,0,2,30
T422,T424,8:51:19,5,0,1,AA3041,0,2,30
M231,M219,8:51:29,5,0,2,AB6615,0,2,151
T556,T558,8:52:09,5,0,-1,AA5945,1,2,121
T558,T551/1,8:54:00,5,0,1,AA5945,0,2,80
M219,M50,8:54:00,5,0,1,AB6615,0,2,111
T424,T559,8:54:51,5,1,-1,AA3041,0,2,182
T559,T552,8:56:43,5,2,-1,AA3041,0,2,30
T551/1,T425,8:57:14,5,0,1,AA5945,0,2,172
T550/4,T556,8:57:24,5,0,-1,AA2270,0,2,20
M247,M231,8:57:24,5,0,2,AA2353,0,2,20
T552,T553,8:57:24,5,1,-1,AA3041,0,2,10
T425,T423,8:57:54,5,0,1,AA5945,0,2,30
T553,T554,8:58:04,5,1,-1,AA3041,0,2,30
M231,M219,8:58:56,5,0,2,AA2353,0,2,51
T556,T557,8:59:06,5,0,-1,AA2270,0,2,81
T423,T421,8:59:06,5,0,1,AA5945,0,2,41
T554,T555/2,8:59:36,5,1,-1,AA3041,0,2,60
T557,T558,8:59:46,5,0,-1,AA2270,0,2,30
T558,T551/1,9:01:08,5,0,1,AA2270,0,2,71
T555/2,T550/4,9:01:08,5,-1,-1,AA3041,0,2,50
T420,T422,9:01:38,5,0,1,AB6136,0,2,30
M219,M50,9:01:48,5,0,1,AA2353,0,2,121
T422,T424,9:02:18,5,0,1,AB6136,0,2,30
T551/1,T425,9:04:40,5,0,1,AA2270,0,2,172
T425,T423,9:05:41,5,0,1,AA2270,0,2,41
T550/4,T556,9:06:12,5,0,-1,AB6393,0,2,40
T424,T559,9:06:22,5,0,-1,AB6136,0,2,212
T423,T421,9:06:32,5,0,1,AA2270,0,2,30
T556,T557,9:07:53,5,0,-1,AB6393,0,2,80
T559,T552,9:07:53,5,1,-1,AB6136,0,2,20
T557,T558,9:08:23,5,0,-1,AB6393,0,2,20
T552,T553,9:08:23,5,1,-1,AB6136,0,2,10
T553,T554,9:09:04,5,1,-1,AB6136,0,2,30
T558,T551/1,9:09:54,5,0,1,AB6393,0,2,80
M247,M231,9:10:05,5,-1,1,AA7207,0,2,10
T554,T555/2,9:10:45,5,0,-1,AB6136,0,2,80
M231,M219,9:11:26,5,-1,3,AA7207,0,2,50
T420,T422,9:11:36,5,0,1,AB6615,0,2,30
T555/2,T550/4,9:12:26,5,-1,-1,AB6136,0,2,60
T551/1,T425,9:13:27,5,0,1,AB6393,0,2,171
T422,T424,9:13:27,5,0,1,AB6615,0,2,101
T425,T423,9:14:38,5,0,1,AB6393,0,2,30
T423,T421,9:15:28,5,1,1,AB6393,0,2,30
T421,M247,9:15:49,5,0,1,AA5945,2,2,972
M247,M231,9:16:29,5,0,2,AA5945,0,2,10
T424,T559,9:16:59,5,0,-1,AB6615,0,2,202
M50,T420,9:17:20,5,0,1,AA2353,3,2,901
T559,T552,9:17:50,5,0,-1,AB6615,0,2,20
T420,T424,9:19:13,5,0,1,AA2353,1,2,82
T553,T554,9:19:13,5,0,-1,AB6615,0,2,30
T554,T555/2,9:20:44,5,0,-1,AB6615,0,2,80
T421,M247,9:22:15,5,0,1,AA2270,2,2,912
T555/2,T550/4,9:22:35,5,-1,-1,AB6615,0,2,71
T558,T425,9:22:45,5,1,1,AA3041,1,2,121
T424,T559,9:22:45,5,0,-1,AA2353,0,2,172
M231,M219,9:22:56,5,0,3,AA5945,0,2,336
M247,M231,9:23:06,5,0,2,AA2270,0,2,10
T425,T423,9:23:36,5,0,1,AA3041,0,2,30
M219,M50,9:24:47,5,-1,1,AA7207,0,2,750
T559,T552,9:24:47,5,1,-1,AA2353,0,2,30
T423,T421,9:25:07,5,0,1,AA3041,0,2,40
T552,T553,9:25:27,5,0,-1,AA2353,0,2,10
T550/4,T556,9:25:48,5,0,-1,AB6136,0,2,40
T553,T554,9:26:28,5,0,-1,AA2353,0,2,50
T554,T555/2,9:28:19,5,0,-1,AA2353,0,2,80
T556,T558,9:28:29,5,0,-1,AB6136,1,2,121
M231,M219,9:28:29,5,0,3,AA2270,0,2,293
T555/2,T550/4,9:30:00,5,-1,-1,AA2353,0,2,60
T558,T551/1,9:30:21,5,0,1,AB6136,0,2,90
M247,M231,9:33:35,5,1,3,AB6393,0,2,10
T551/1,T425,9:34:16,5,1,1,AB6136,0,2,172
T425,T423,9:35:06,5,1,1,AB6136,0,2,30
T550/4,T556,9:35:26,5,0,-1,AB6615,0,2,30
T423,T421,9:35:57,5,1,1,AB6136,0,2,30
T556,T557,9:36:57,5,0,-1,AB6615,0,2,70
M219,M50,9:36:57,5,0,-1,AA5945,0,2,548
T557,T558,9:37:38,5,0,-1,AB6615,0,2,30
T558,T551/1,9:39:29,5,0,1,AB6615,0,2,80
M219,M50,9:39:39,5,0,-1,AA2270,0,2,303
M231,M219,9:39:59,5,0,3,AB6393,0,2,333
T421,M247,9:41:20,5,0,1,AA3041,2,2,922
M247,M231,9:42:23,5,0,3,AA3041,0,2,30
T551/1,T425,9:42:53,5,0,1,AB6615,0,2,163
T425,T423,9:44:04,5,0,1,AB6615,0,2,30
T423,T421,9:44:55,5,0,1,AB6615,0,2,40
T550/4,T556,9:45:45,5,0,-1,AA2353,0,2,50
M231,M219,9:45:45,5,0,3,AA3041,0,2,171
T420,T424,9:46:06,5,-1,1,AA7207,1,2,121
M219,M50,9:46:26,5,1,1,AB6393,0,2,242
T556,T558,9:48:27,5,0,-1,AA2353,1,2,141
T424,T559,9:49:58,5,-1,-1,AA7207,0,2,181
T558,T551/1,9:50:18,5,0,1,AA2353,0,2,80
T559,T552,9:52:20,5,-1,-1,AA7207,0,2,20
M219,M50,9:53:20,5,0,1,AA3041,0,2,242
T551/1,T425,9:53:32,5,0,1,AA2353,0,2,163
T553,T554,9:53:52,5,-1,-1,AA7207,0,2,41
M247,M231,9:54:02,5,0,3,AB6136,0,2,10
T425,T423,9:54:22,5,0,1,AA2353,0,2,30
T423,T421,9:55:13,5,0,1,AA2353,0,2,40
T554,T555/2,9:55:23,5,-1,-1,AA7207,0,2,70
M231,M219,9:55:43,5,0,3,AB6136,0,2,70
T555/2,T550/4,9:57:14,5,-1,-1,AA7207,0,2,70
T420,T422,9:57:24,5,0,1,AA5945,0,2,30
T420,T422,9:57:35,5,0,1,AA2270,0,2,30
T422,T424,9:58:36,5,0,1,AA5945,0,2,61
T422,T424,9:58:36,5,0,1,AA2270,0,2,51
M219,M50,10:00:38,5,0,1,AB6136,0,2,203
T424,T559,10:01:58,5,0,-1,AA5945,0,2,181
M50,T420,10:02:09,5,1,1,AB6393,3,2,932
T424,T559,10:02:19,5,0,-1,AA2270,0,2,192
T550/4,T556,10:02:29,5,-1,-1,AA7207,0,2,50
T420,T422,10:03:09,5,1,1,AB6393,0,2,30
T559,T552,10:03:20,5,0,-1,AA5945,0,2,30
T559,T552,10:03:30,5,0,-1,AA2270,0,2,20
T422,T424,10:03:50,5,1,1,AB6393,0,2,30
T552,T553,10:03:50,5,0,-1,AA5945,0,2,10
M247,M231,10:04:00,5,0,2,AB6615,0,2,20
T552,T553,10:04:00,5,0,-1,AA2270,0,2,10
T556,T557,10:04:10,5,-1,-1,AA7207,0,2,80
T553,T554,10:04:34,5,0,-1,AA5945,0,2,34
T553,T554,10:04:44,5,0,-1,AA2270,0,2,34
T557,T558,10:05:05,5,-1,-1,AA7207,0,2,30
T554,T555/2,10:06:05,5,0,-1,AA2270,0,2,70
T554,T555/2,10:06:05,5,0,-1,AA5945,0,2,70
M231,M219,10:06:16,5,0,3,AB6615,0,2,101
T558,T551/1,10:06:46,5,-1,1,AA7207,0,2,80
T555/2,T550/4,10:07:16,5,-1,-1,AA2270,0,2,60
T424,T559,10:07:26,5,1,-1,AB6393,0,2,171
T555/2,T550/4,10:07:36,5,-1,-1,AA5945,0,2,80
T559,T552,10:08:47,5,1,-1,AB6393,0,2,30
T552,T554,10:09:38,5,1,-1,AB6393,1,2,40
M219,M50,10:09:58,5,0,1,AB6615,0,2,151
T551/1,T425,10:10:08,5,-1,1,AA7207,0,2,161
T554,T555/2,10:11:09,5,1,-1,AB6393,0,2,70
T425,T423,10:11:19,5,-1,1,AA7207,0,2,30
T420,T422,10:11:49,5,0,1,AA3041,0,2,30
T555/2,T550/4,10:12:31,5,-1,-1,AB6393,0,2,61
T423,T421,10:12:41,5,-1,1,AA7207,0,2,31
T550/4,T556,10:12:51,5,0,-1,AA5945,0,2,41
M247,M231,10:13:21,5,0,3,AA2353,0,2,20
T422,T424,10:13:42,5,0,1,AA3041,0,2,102
M231,M219,10:14:22,5,0,3,AA2353,0,2,30
T556,T557,10:14:33,5,0,-1,AA5945,0,2,81
T557,T558,10:15:34,5,0,-1,AA5945,0,2,30
M219,M50,10:16:36,5,0,2,AA2353,0,2,82
T558,T551/1,10:17:06,5,0,1,AA5945,0,2,72
T424,T559,10:17:06,5,0,-1,AA3041,0,2,184
T559,T552,10:18:17,5,0,-1,AA3041,0,2,30
T552,T554,10:19:28,5,0,-1,AA3041,1,2,50
T420,T422,10:19:38,5,0,1,AB6136,0,2,40
T551/1,T425,10:20:18,5,0,1,AA5945,0,2,161
T554,T555/2,10:20:49,5,0,-1,AA3041,0,2,70
T425,T423,10:21:19,5,0,1,AA5945,0,2,40
T422,T424,10:21:39,5,0,1,AB6136,0,2,111
T555/2,T550/4,10:21:59,5,-1,-1,AA3041,0,2,50
T423,T421,10:22:20,5,0,1,AA5945,0,2,30
T424,T559,10:25:06,5,0,-1,AB6136,0,2,186
T550/4,T556,10:25:26,5,0,-1,AB6393,0,2,40
T559,T552,10:26:47,5,0,-1,AB6136,0,2,30
T556,T557,10:26:57,5,0,-1,AB6393,0,2,70
T552,T553,10:27:18,5,0,-1,AB6136,0,2,10
T557,T558,10:27:39,5,0,-1,AB6393,0,2,30
T553,T554,10:28:19,5,0,-1,AB6136,0,2,50
T420,T424,10:29:10,5,0,1,AB6615,1,2,121
T558,T551/1,10:29:20,5,0,1,AB6393,0,2,80
T554,T555/2,10:29:53,5,0,-1,AB6136,0,2,63
T555/2,T550/4,10:31:54,5,-1,-1,AB6136,0,2,80
M247,M231,10:32:04,5,-1,2,AA7207,0,2,20
T424,T559,10:32:35,5,0,-1,AB6615,0,2,172
T551/1,T425,10:33:15,5,1,1,AB6393,0,2,161
M231,M219,10:33:37,5,-1,3,AA7207,0,2,61
T425,T423,10:34:27,5,1,1,AB6393,0,2,30
T559,T552,10:34:47,5,0,-1,AB6615,0,2,20
T552,T553,10:35:08,5,0,-1,AB6615,0,2,10
T423,T421,10:35:18,5,1,1,AB6393,0,2,40
T553,T554,10:35:58,5,0,-1,AB6615,0,2,30
T420,T422,10:37:09,5,0,1,AA2353,0,2,30
M219,M50,10:37:39,5,-1,2,AA7207,0,2,202
T554,T555/2,10:37:39,5,0,-1,AB6615,0,2,80
T422,T424,10:38:10,5,0,1,AA2353,0,2,50
T555/2,T550/4,10:39:12,5,-1,-1,AB6615,0,2,72
T550/4,T556,10:40:04,5,0,-1,AA2270,0,2,30
M247,M231,10:40:44,5,0,2,AA5945,0,2,20
T556,T557,10:41:35,5,0,-1,AA2270,0,2,71
T424,T559,10:41:35,5,0,-1,AA2353,0,2,183
T557,T558,10:42:36,5,0,-1,AA2270,0,2,30
M231,M219,10:42:36,5,0,3,AA5945,0,2,71
T559,T552,10:43:17,5,0,-1,AA2353,0,2,30
T552,T553,10:43:37,5,0,-1,AA2353,0,2,10
T558,T551/1,10:44:07,5,0,1,AA2270,0,2,80
T553,T554,10:44:17,5,0,-1,AA2353,0,2,30
T554,T555/2,10:46:09,5,0,-1,AA2353,0,2,80
M219,M50,10:46:49,5,1,2,AA5945,0,2,212
T551/1,T425,10:47:19,5,0,1,AA2270,0,2,161
T555/2,T550/4,10:47:50,5,-1,-1,AA2353,0,2,80
T425,T423,10:48:10,5,0,1,AA2270,0,2,30
T423,T421,10:49:03,5,0,1,AA2270,0,2,30
T550/4,T556,10:50:24,5,0,-1,AB6615,0,2,30
T556,T557,10:52:15,5,0,-1,AB6615,0,2,90
T557,T558,10:52:45,5,0,-1,AB6615,0,2,20
M247,M231,10:53:36,5,2,2,AB6393,0,2,30
T558,T551/1,10:54:37,5,0,1,AB6615,0,2,80
T420,T422,10:56:08,5,-1,1,AA7207,0,2,40
M231,M219,10:56:18,5,2,3,AB6393,0,2,131
T422,T424,10:57:28,5,-1,1,AA7207,0,2,70
T551/1,T425,10:58:09,5,0,1,AB6615,0,2,181
M219,M50,10:58:49,5,2,2,AB6393,0,2,111
T556,T557,10:59:32,5,0,-1,AA3041,0,2,93
T425,T423,10:59:32,5,0,1,AB6615,0,2,43
T557,T558,11:00:13,5,0,-1,AA3041,0,2,30
T423,T421,11:00:33,5,0,1,AB6615,0,2,30
T424,T559,11:01:34,5,-1,-1,AA7207,0,2,204
T558,T551/1,11:02:14,5,0,1,AA3041,0,2,90
T559,T552,11:02:45,5,-1,-1,AA7207,0,2,20
T552,T554,11:04:05,5,-1,-1,AA7207,1,2,60
T420,T422,11:04:46,5,0,1,AA5945,0,2,30
T422,T424,11:05:26,5,0,1,AA5945,0,2,30
T551/1,T425,11:05:36,5,0,1,AA3041,0,2,182
T554,T555/2,11:05:36,5,-1,-1,AA7207,0,2,70
T425,T423,11:06:17,5,0,1,AA3041,0,2,30
T555/2,T550/4,11:06:57,5,-1,-1,AA7207,0,2,50
M247,M231,11:07:18,5,0,3,AA2270,0,2,10
T423,T421,11:07:28,5,0,1,AA3041,0,2,40
T424,T559,11:08:38,5,0,-1,AA5945,0,2,161
M231,M219,11:09:09,5,0,3,AA2270,0,2,70
T550/4,T556,11:09:29,5,0,-1,AB6136,0,2,30
T559,T552,11:10:09,5,1,-1,AA5945,0,2,30
T552,T553,11:10:54,5,0,-1,AA5945,0,2,10
T556,T557,11:11:35,5,1,-1,AB6136,0,2,85
T553,T554,11:11:35,5,0,-1,AA5945,0,2,30
M219,M50,11:11:45,5,0,1,AA2270,0,2,95
T557,T558,11:12:36,5,1,-1,AB6136,0,2,40
T554,T555/2,11:12:56,5,0,-1,AA5945,0,2,61
T558,T551/1,11:14:17,5,1,1,AB6136,0,2,80
T555/2,T550/4,11:14:27,5,-1,-1,AA5945,0,2,60
T421,M247,11:17:19,5,0,1,AB6615,2,2,955
T551/1,T425,11:18:09,5,1,1,AB6136,0,2,192
M247,M231,11:18:33,5,0,1,AB6615,0,2,13
T420,T424,11:18:33,5,2,1,AB6393,1,2,114
T425,T423,11:18:53,5,1,1,AB6136,0,2,33
T550/4,T556,11:19:54,5,-1,-1,AA7207,0,2,40
T423,T421,11:20:04,5,1,1,AB6136,0,2,40
T556,T557,11:21:45,5,-1,-1,AA7207,0,2,81
M231,M219,11:21:45,5,0,3,AB6615,0,2,151
T424,T559,11:21:45,5,2,-1,AB6393,0,2,182
T557,T558,11:22:46,5,-1,-1,AA7207,0,2,30
T559,T552,11:23:06,5,2,-1,AB6393,0,2,30
T552,T553,11:23:47,5,2,-1,AB6393,0,2,10
T558,T551/1,11:24:07,5,-1,1,AA7207,0,2,71
T553,T554,11:24:27,5,2,-1,AB6393,0,2,30
M219,M50,11:24:48,5,0,2,AB6615,0,2,131
T554,T555/2,11:25:48,5,1,-1,AB6393,0,2,60
M231,M219,11:26:39,5,0,3,AA3041,0,2,30
M50,T420,11:27:10,5,0,1,AA2270,3,2,904
T555/2,T550/4,11:27:42,5,-1,-1,AB6393,0,2,62
T551/1,T425,11:27:52,5,-1,1,AA7207,0,2,184
T420,T422,11:27:52,5,0,1,AA2270,0,2,32
T425,T423,11:28:44,5,-1,1,AA7207,0,2,41
T422,T424,11:28:44,5,0,1,AA2270,0,2,41
T423,T421,11:29:55,5,-1,1,AA7207,0,2,40
M219,M50,11:30:05,5,1,-1,AA3041,0,2,60
T550/4,T556,11:30:56,5,0,-1,AA5945,0,2,30
T424,T559,11:32:37,5,0,-1,AA2270,0,2,212
T559,T552,11:33:27,5,0,-1,AA2270,0,2,30
T556,T558,11:33:37,5,0,-1,AA5945,1,2,121
T553,T554,11:34:28,5,0,-1,AA2270,0,2,30
T558,T551/1,11:35:19,5,0,1,AA5945,0,2,80
T554,T555/2,11:35:59,5,0,-1,AA2270,0,2,80
T421,M247,11:36:19,5,1,1,AB6136,2,2,944
M247,M231,11:37:10,5,1,1,AB6136,0,2,10
T555/2,T550/4,11:37:44,5,-1,-1,AA2270,0,2,74
M231,M219,11:38:34,5,1,3,AB6136,0,2,50
T551/1,T425,11:39:25,5,1,1,AA5945,0,2,175
T425,T423,11:40:47,5,1,1,AA5945,0,2,50
T423,T421,11:41:48,5,1,1,AA5945,0,2,30
M219,M50,11:42:48,5,2,1,AB6136,0,2,192
T420,T422,11:43:39,5,0,1,AB6615,0,2,40
T550/4,T556,11:44:09,5,0,-1,AB6393,0,2,60
T422,T424,11:44:50,5,0,1,AB6615,0,2,60
T556,T557,11:46:11,5,1,-1,AB6393,0,2,81
T557,T558,11:47:12,5,1,-1,AB6393,0,2,30
T424,T559,11:48:25,5,0,-1,AB6615,0,2,184
M247,M231,11:48:55,5,-1,2,AA7207,0,2,20
T558,T551/1,11:49:05,5,2,1,AB6393,0,2,81
T420,T422,11:49:36,5,0,1,AA3041,0,2,30
T422,T424,11:50:26,5,0,1,AA3041,0,2,40
M231,M219,11:50:36,5,-1,3,AA7207,0,2,50
T559,T552,11:50:36,5,0,-1,AB6615,0,2,30
T553,T554,11:52:07,5,1,-1,AB6615,0,2,60
T551/1,T425,11:52:27,5,2,1,AB6393,0,2,161
M219,M50,11:52:38,5,-1,1,AA7207,0,2,30
T425,T423,11:53:18,5,2,1,AB6393,0,2,30
T424,T559,11:53:38,5,0,-1,AA3041,0,2,161
T554,T555/2,11:53:48,5,1,-1,AB6615,0,2,80
T559,T552,11:54:49,5,0,-1,AA3041,0,2,20
T552,T553,11:55:29,5,0,-1,AA3041,0,2,10
T555/2,T550/4,11:55:29,5,-1,-1,AB6615,0,2,60
T553,T554,11:56:20,5,0,-1,AA3041,0,2,40
T550/4,T556,11:57:24,5,0,-1,AA2270,0,2,30
T554,T555/2,11:57:54,5,0,-1,AA3041,0,2,80
T556,T557,11:59:15,5,0,-1,AA2270,0,2,80
T555/2,T550/4,11:59:48,5,-1,-1,AA3041,0,2,83
M247,M231,11:59:58,5,1,2,AA5945,0,2,20
T557,T558,12:00:42,5,0,-1,AA2270,0,2,34
T420,T422,12:01:26,5,0,1,AB6136,0,2,32
M231,M219,12:02:18,5,1,2,AA5945,0,2,95
T558,T551/1,12:02:28,5,0,1,AA2270,0,2,94
T422,T424,12:03:05,5,0,1,AB6136,0,2,88
M219,M50,12:04:47,5,0,1,AA5945,0,2,90
T551/1,T425,12:06:10,5,0,1,AA2270,0,2,173
T424,T559,12:06:21,5,0,-1,AB6136,0,2,183
T425,T423,12:06:52,5,0,1,AA2270,0,2,31
T559,T552,12:07:34,5,0,-1,AB6136,0,2,20
T552,T553,12:08:05,5,0,-1,AB6136,0,2,11
T423,T421,12:08:15,5,0,1,AA2270,0,2,41
T553,T554,12:08:36,5,0,-1,AB6136,0,2,20
T554,T555/2,12:10:16,5,0,-1,AB6136,0,2,61
T420,T422,12:11:42,5,-1,1,AA7207,0,2,33
T555/2,T550/4,12:11:52,5,-1,-1,AB6136,0,2,64
T422,T424,12:13:03,5,-1,1,AA7207,0,2,70
M247,M231,12:13:13,5,1,2,AB6393,0,2,20
M231,M219,12:14:26,5,1,3,AB6393,0,2,40
T424,T559,12:16:47,5,-1,-1,AA7207,0,2,214
T559,T552,12:17:17,5,-1,-1,AA7207,0,2,20
M219,M50,12:17:28,5,0,-1,AB6393,0,2,101
T552,T553,12:18:08,5,-1,-1,AA7207,0,2,10
T553,T554,12:19:19,5,-1,-1,AA7207,0,2,60
T554,T555/2,12:21:20,5,-1,-1,AA7207,0,2,101
T555/2,T550/4,12:23:15,5,-1,-1,AA7207,0,2,71
T425,T423,12:24:46,5,0,1,AA3041,0,2,30
T423,T421,12:25:26,5,0,1,AA3041,0,2,30
T550/4,T556,12:28:18,5,0,-1,AB6136,0,2,50
T420,T552,12:28:28,5,0,-1,AA5945,3,2,313
M247,M231,12:29:49,5,0,2,AA2270,0,2,10
T552,T553,12:30:50,5,0,-1,AA5945,0,2,131
T556,T558,12:31:00,5,0,-1,AB6136,1,2,121
M231,M219,12:31:43,5,0,2,AA2270,0,2,72
T558,T551/1,12:32:44,5,0,1,AB6136,0,2,84
T553,T555/2,12:32:44,5,0,-1,AA5945,1,2,104
T555/2,T550/4,12:34:05,5,-1,-1,AA5945,0,2,60
M219,M50,12:34:25,5,0,1,AA2270,0,2,30
T420,T422,12:35:36,5,1,1,AB6393,0,2,30
T551/1,T425,12:36:07,5,0,1,AB6136,0,2,171
T422,T424,12:36:07,5,1,1,AB6393,0,2,20
T425,T423,12:36:57,5,0,1,AB6136,0,2,30
T423,T421,12:37:58,5,0,1,AB6136,0,2,40
T424,T559,12:39:39,5,1,-1,AB6393,0,2,181
T559,T552,12:41:22,5,2,-1,AB6393,0,2,20
T552,T553,12:42:04,5,2,-1,AB6393,0,2,10
T550/4,T556,12:42:24,5,0,-1,AA5945,0,2,40
T553,T554,12:42:55,5,2,-1,AB6393,0,2,40
T556,T557,12:44:05,5,0,-1,AA5945,0,2,80
T557,T558,12:44:46,5,0,-1,AA5945,0,2,30
T554,T555/2,12:44:56,5,1,-1,AB6393,0,2,91
T555/2,T550/4,12:46:27,5,-1,-1,AB6393,0,1,50
T558,T551/1,12:46:37,5,0,1,AA5945,0,1,70
M231,M219,12:48:08,5,0,3,AA3041,0,1,111
T551/1,T425,12:49:59,5,0,1,AA5945,0,1,161
M50,T420,12:50:32,5,0,1,AA2270,3,1,946
M219,M50,12:50:42,5,0,2,AA3041,0,1,103
T425,T423,12:51:02,5,0,1,AA5945,0,1,30
T420,T422,12:51:33,5,0,1,AA2270,0,1,30
T423,T421,12:52:23,5,1,1,AA5945,0,1,40
T422,T424,12:53:14,5,0,1,AA2270,0,1,91
T550/4,T556,12:53:25,5,-1,-1,AA7207,0,1,41
T556,T557,12:55:37,5,-1,-1,AA7207,0,1,91
T557,T558,12:56:48,5,-1,-1,AA7207,0,1,30
T424,T559,12:56:48,5,0,-1,AA2270,0,1,192
T559,T552,12:57:58,5,0,-1,AA2270,0,1,20
T558,T551/1,12:58:39,5,-1,1,AA7207,0,1,80
T552,T553,12:58:39,5,0,-1,AA2270,0,1,10
T553,T554,12:59:29,5,0,-1,AA2270,0,1,40
M247,M231,13:00:00,5,0,2,AB6136,0,1,20
T554,T555/2,13:00:52,5,0,-1,AA2270,0,1,62
M231,M219,13:02:05,5,0,3,AB6136,0,1,82
T555/2,T550/4,13:02:25,5,-1,-1,AA2270,0,1,61
T551/1,T423,13:03:05,5,-1,1,AA7207,1,1,216
T423,T421,13:04:16,5,-1,1,AA7207,0,1,50
M219,M50,13:04:47,5,0,-1,AB6136,0,1,111
T550/4,T556,13:05:27,5,5,-1,AA7224,0,1,70
T556,T557,13:07:59,5,5,-1,AA7224,0,1,90
T557,T558,13:08:49,5,5,-1,AA7224,0,1,40
T420,T422,13:09:09,5,0,1,AA3041,0,1,40
T422,T424,13:10:03,5,0,1,AA3041,0,1,43
T558,T551/1,13:11:05,5,5,1,AA7224,0,1,105
M247,M231,13:11:50,5,0,2,AA5945,0,1,10
T424,T559,13:13:25,5,0,-1,AA3041,0,1,181
M231,M219,13:13:45,5,0,3,AA5945,0,1,84
T559,T552,13:14:46,5,0,-1,AA3041,0,1,30
T551/1,T425,13:15:06,5,5,1,AA7224,0,1,195
T552,T553,13:15:26,5,0,-1,AA3041,0,1,10
T425,T423,13:15:57,5,5,1,AA7224,0,1,40
T550/4,T556,13:16:07,5,0,-1,AA2270,0,1,40
M219,M50,13:16:17,5,0,1,AA5945,0,1,111
T553,T554,13:16:17,5,0,-1,AA3041,0,1,40
T423,T421,13:16:58,5,5,1,AA7224,0,1,40
T554,T555/2,13:17:48,5,0,-1,AA3041,0,1,70
T556,T557,13:18:09,5,0,-1,AA2270,0,1,91
T557,T558,13:19:10,5,0,-1,AA2270,0,1,30
T555/2,T550/4,13:19:40,5,-1,-1,AA3041,0,1,70
T558,T551/1,13:21:04,5,0,1,AA2270,0,1,83
M247,M231,13:22:25,5,-1,1,AA7207,0,1,20
T420,T422,13:23:16,5,0,1,AB6136,0,1,40
M231,M219,13:23:36,5,-1,2,AA7207,0,1,40
T551/1,T425,13:24:26,5,0,1,AA2270,0,1,182
T422,T424,13:24:36,5,0,1,AB6136,0,1,70
T425,T423,13:25:27,5,0,1,AA2270,0,1,30
M219,M50,13:26:08,5,-1,1,AA7207,0,1,40
T423,T421,13:26:28,5,0,1,AA2270,0,1,40
T424,T559,13:28:09,5,0,-1,AB6136,0,1,182
T559,T552,13:29:54,5,0,-1,AB6136,0,1,33
T552,T553,13:30:35,5,0,-1,AB6136,0,1,10
T553,T554,13:31:36,5,0,-1,AB6136,0,1,50
T554,T555/2,13:33:07,5,0,-1,AB6136,0,1,70
T420,T422,13:34:28,5,0,1,AA5945,0,1,30
T555/2,T550/4,13:34:38,5,-1,-1,AB6136,0,1,70
M247,M231,13:35:38,5,5,1,AA7224,0,1,20
T422,T424,13:35:49,5,0,1,AA5945,0,1,70
M231,M219,13:37:20,5,5,2,AA7224,0,1,90
T424,T552,13:38:55,5,0,-1,AA5945,1,1,155
M219,M50,13:39:46,5,5,-1,AA7224,0,1,91
T552,T553,13:41:37,5,0,-1,AA5945,0,1,152
T558,T425,13:41:47,5,0,1,AA3041,1,1,121
T553,T554,13:42:38,5,0,-1,AA5945,0,1,40
T425,T423,13:42:48,5,0,1,AA3041,0,1,40
T423,T421,13:44:09,5,0,1,AA3041,0,1,40
T554,T555/2,13:44:09,5,0,-1,AA5945,0,1,80
M247,M231,13:45:30,5,0,1,AA2270,0,1,10
T420,T422,13:45:30,5,-1,1,AA7207,0,1,30
T555/2,T550/4,13:45:40,5,-1,-1,AA5945,0,1,60
T550/4,T556,13:45:50,5,0,-1,AB6136,0,1,30
M231,M219,13:46:43,5,0,2,AA2270,0,1,42
T422,T424,13:47:23,5,-1,1,AA7207,0,1,103
T556,T557,13:48:03,5,0,-1,AB6136,0,1,80
T557,T558,13:48:45,5,0,-1,AB6136,0,1,31
M219,M50,13:49:05,5,0,2,AA2270,0,1,91
T558,T551/1,13:50:36,5,0,2,AB6136,0,1,80
T424,T559,13:50:36,5,-1,-1,AA7207,0,1,172
T559,T552,13:52:08,5,-1,-1,AA7207,0,1,30
T552,T553,13:52:28,5,-1,-1,AA7207,0,1,10
T553,T554,13:53:08,5,-1,-1,AA7207,0,1,30
T551/1,T425,13:54:19,5,1,1,AB6136,0,1,171
T554,T555/2,13:54:39,5,-1,-1,AA7207,0,1,70
T425,T423,13:55:20,5,1,1,AB6136,0,1,40
T555/2,T550/4,13:56:15,5,-1,-1,AA7207,0,1,65
T423,T421,13:56:35,5,1,1,AB6136,0,1,40
T420,T422,13:57:46,5,5,1,AA7224,0,1,30
T422,T424,13:58:57,5,5,1,AA7224,0,1,60
T421,M231,14:00:38,5,0,2,AA3041,3,1,959
T550/4,T556,14:02:29,5,0,-1,AA2353,0,1,50
T424,T559,14:02:29,5,5,-1,AA7224,0,1,202
M231,M219,14:03:00,5,0,3,AA3041,0,1,60
T559,T552,14:04:04,5,5,-1,AA7224,0,1,30
T552,T553,14:04:24,5,5,-1,AA7224,0,1,10
M50,T420,14:04:34,5,0,1,AA2270,3,1,898
T556,T557,14:04:54,5,0,-1,AA2353,0,1,114
T553,T554,14:05:14,5,5,-1,AA7224,0,1,40
M219,M50,14:05:45,5,0,2,AA3041,0,1,101
T557,T558,14:05:55,5,0,-1,AA2353,0,1,40
T554,T555/2,14:06:45,5,5,-1,AA7224,0,1,60
T420,T424,14:07:26,5,0,1,AA2270,1,1,141
T558,T551/1,14:07:46,5,0,1,AA2353,0,1,90
T555/2,T550/4,14:08:27,5,-1,-1,AA7224,0,1,70
T551/1,T425,14:11:29,5,0,1,AA2353,0,1,192
T424,T559,14:11:29,5,0,-1,AA2270,0,1,192
T559,T552,14:12:50,5,0,-1,AA2270,0,1,20
T425,T423,14:13:10,5,0,1,AA2353,0,1,50
T552,T553,14:13:30,5,0,-1,AA2270,0,1,10
T553,T554,14:14:21,5,0,-1,AA2270,0,1,40
T423,T421,14:14:43,5,1,1,AA2353,0,1,42
T554,T555/2,14:15:44,5,0,-1,AA2270,0,1,60
M247,M231,14:16:04,5,1,1,AB6136,0,1,30
T555/2,T550/4,14:17:15,5,-1,-1,AA2270,0,1,70
M231,M219,14:17:25,5,1,3,AB6136,0,1,50
T550/4,T556,14:17:35,5,0,-1,AA7224,0,1,40
T556,T557,14:19:33,5,0,-1,AA7224,0,1,92
T557,T558,14:20:43,5,0,-1,AA7224,0,1,40
M219,M50,14:21:34,5,1,1,AB6136,0,1,141
M50,T420,14:22:25,5,0,1,AA3041,3,1,928
T558,T551/1,14:22:35,5,0,1,AA7224,0,1,80
T420,T422,14:23:26,5,0,1,AA3041,0,1,31
T422,T424,14:24:27,5,0,1,AA3041,0,1,50
T551/1,T425,14:26:50,5,2,1,AA7224,0,1,172
T424,T559,14:27:40,5,0,-1,AA3041,0,1,172
T425,T423,14:28:54,5,2,1,AA7224,0,1,53
T559,T552,14:29:15,5,0,-1,AA3041,0,1,30
T552,T553,14:29:55,5,0,-1,AA3041,0,1,10
T423,T421,14:30:05,5,2,1,AA7224,0,1,40
T553,T554,14:30:56,5,0,-1,AA3041,0,1,50
T554,T555/2,14:32:37,5,0,-1,AA3041,0,1,70
T550/4,T556,14:33:38,5,0,-1,AA2270,0,1,30
T555/2,T550/4,14:34:08,5,-1,-1,AA3041,0,1,60
M247,M219,14:35:49,5,0,3,AA2353,1,1,162
T556,T558,14:36:09,5,0,-1,AA2270,1,1,121
T558,T551/1,14:38:15,5,1,1,AA2270,0,1,91
M219,M50,14:40:38,5,0,-1,AA2353,0,1,163
T551/1,T425,14:41:42,5,1,1,AA2270,0,1,174
T550/4,T556,14:42:16,5,0,-1,AB6393,0,1,44
T420,T422,14:42:16,5,0,1,AB6136,0,1,34
T425,T423,14:42:46,5,1,1,AA2270,0,1,30
T422,T424,14:43:27,5,0,-1,AB6136,0,1,60
T423,T421,14:43:47,5,1,1,AA2270,0,1,40
T556,T557,14:43:57,5,0,-1,AB6393,0,1,80
T557,T558,14:44:48,5,0,-1,AB6393,0,1,30
T558,T551/1,14:46:29,5,0,1,AB6393,0,1,91
T424,T559,14:46:59,5,0,-1,AB6136,0,1,202
T559,T552,14:48:15,5,0,-1,AB6136,0,1,30
T552,T553,14:48:45,5,0,-1,AB6136,0,1,10
M247,M231,14:49:05,5,2,2,AA7224,0,1,10
T551/1,T425,14:49:36,5,0,1,AB6393,0,1,166
T553,T554,14:49:36,5,0,-1,AB6136,0,1,40
T425,T423,14:50:36,5,0,1,AB6393,0,1,30
M231,M219,14:50:36,5,2,3,AA7224,0,1,60
T554,T555/2,14:51:27,5,0,-1,AB6136,0,1,90
T423,T421,14:51:37,5,0,1,AB6393,0,1,30
T556,T557,14:52:58,5,0,-1,AA3041,0,1,80
T555/2,T550/4,14:52:58,5,-1,-1,AB6136,0,1,70
T557,T558,14:54:00,5,0,-1,AA3041,0,1,40
T558,T551/1,14:55:45,5,0,1,AA3041,0,1,81
T551/1,T425,14:59:38,5,0,1,AA3041,0,1,172
T425,T423,15:00:32,5,0,1,AA3041,0,1,44
T423,T421,15:01:23,5,0,1,AA3041,0,1,30
T420,T424,15:02:24,5,0,1,AA2353,1,1,70
M247,M231,15:03:24,5,0,2,AA2270,0,1,20
T550/4,T556,15:05:46,5,0,-1,AB6136,0,1,30
T424,T559,15:05:56,5,0,-1,AA2353,0,1,202
T559,T552,15:07:07,5,0,-1,AA2353,0,1,30
T552,T553,15:07:27,5,0,-1,AA2353,0,1,10
T556,T557,15:07:47,5,0,-1,AB6136,0,1,81
M219,M50,15:08:18,5,0,-1,AA2270,0,1,111
T553,T554,15:08:18,5,0,-1,AA2353,0,1,40
T557,T558,15:08:28,5,0,-1,AB6136,0,1,30
T558,T551/1,15:09:59,5,0,1,AB6136,0,1,80
T554,T555/2,15:09:59,5,0,-1,AA2353,0,1,80
M247,M231,15:10:19,5,0,2,AB6393,0,1,20
T555/2,T550/4,15:11:31,5,-1,-1,AA2353,0,1,62
M231,M219,15:11:56,5,0,2,AB6393,0,1,76
T551/1,T425,15:13:30,5,0,1,AB6136,0,1,170
T425,T423,15:14:33,5,1,1,AB6136,0,1,32
T550/4,T556,15:14:53,5,-1,-1,AA7207,0,1,42
T420,T422,15:14:53,5,3,1,AA7224,0,1,32
M219,M50,15:15:24,5,0,1,AB6393,0,1,143
T423,T421,15:15:34,5,1,1,AB6136,0,1,40
T422,T424,15:15:44,5,3,1,AA7224,0,1,30
T556,T557,15:17:05,5,-1,-1,AA7207,0,1,81
T557,T558,15:17:45,5,-1,-1,AA7207,0,1,30
T424,T559,15:19:16,5,3,-1,AA7224,0,1,202
T558,T551/1,15:19:57,5,-1,1,AA7207,0,1,91
T559,T552,15:21:08,5,4,-1,AA7224,0,1,30
T552,T553,15:21:39,5,4,-1,AA7224,0,1,10
T553,T554,15:22:39,5,4,-1,AA7224,0,1,50
T551/1,T425,15:23:20,5,-1,1,AA7207,0,1,172
M231,M219,15:23:32,5,0,3,AA3041,0,1,82
T550/4,T556,15:24:23,5,0,-1,AA2353,0,1,40
T554,T555/2,15:24:23,5,4,-1,AA7224,0,1,72
T425,T423,15:24:34,5,-1,1,AA7207,0,1,41
M219,M50,15:24:54,5,0,1,AA3041,0,1,41
T423,T421,15:26:05,5,-1,1,AA7207,0,1,40
T555/2,T550/4,15:26:05,5,-1,-1,AA7224,0,1,70
T556,T557,15:26:36,5,0,-1,AA2353,0,1,101
T557,T558,15:27:46,5,0,-1,AA2353,0,1,40
T558,T551/1,15:29:27,5,0,1,AA2353,0,1,80
T420,T424,15:30:38,5,0,1,AA2270,1,1,91
T551/1,T425,15:33:00,5,0,1,AA2353,0,1,192
T425,T423,15:34:03,5,0,1,AA2353,0,1,42
T424,T559,15:34:43,5,0,-1,AA2270,0,1,194
T423,T421,15:35:24,5,0,1,AA2353,0,1,50
T420,T422,15:35:34,5,0,1,AB6393,0,1,40
T559,T552,15:36:04,5,0,-1,AA2270,0,1,20
T550/4,T556,15:36:25,5,0,-1,AA5945,0,1,30
T422,T424,15:36:45,5,0,1,AB6393,0,1,60
T552,T553,15:36:45,5,0,-1,AA2270,0,1,10
T553,T554,15:37:35,5,0,-1,AA2270,0,1,40
M247,M231,15:38:06,5,0,2,AB6136,0,1,20
T556,T557,15:38:16,5,0,-1,AA5945,0,1,91
T557,T558,15:38:57,5,0,-1,AA5945,0,1,30
T554,T555/2,15:39:17,5,0,-1,AA2270,0,1,81
T424,T559,15:40:17,5,0,-1,AB6393,0,1,182
M231,M219,15:40:28,5,0,3,AB6136,0,1,111
T558,T551/1,15:40:58,5,0,1,AA5945,0,1,70
T555/2,T550/4,15:41:08,5,-1,-1,AA2270,0,1,70
T559,T553,15:41:48,5,0,-1,AB6393,1,1,40
T553,T554,15:42:49,5,0,-1,AB6393,0,1,50
M219,M50,15:43:19,5,0,1,AB6136,0,1,101
T420,T422,15:43:40,5,0,1,AA3041,0,1,30
T554,T555/2,15:44:10,5,0,-1,AB6393,0,1,70
T551/1,T425,15:44:40,5,0,1,AA5945,0,1,171
T422,T424,15:44:51,5,0,1,AA3041,0,1,60
T555/2,T550/4,15:45:32,5,-1,-1,AB6393,0,1,72
M247,M219,15:45:43,5,-1,3,AA7207,1,1,82
T425,T423,15:46:23,5,1,1,AA5945,0,1,40
T550/4,T556,15:46:34,5,0,-1,AA7224,0,1,31
T423,T421,15:47:35,5,1,1,AA5945,0,1,30
M219,M50,15:48:05,5,-1,1,AA7207,0,1,102
T424,T559,15:48:05,5,0,-1,AA3041,0,1,184
T556,T557,15:48:36,5,0,-1,AA7224,0,1,101
T557,T558,15:49:26,5,0,-1,AA7224,0,1,30
T559,T552,15:50:00,5,1,-1,AA3041,0,1,10
T552,T553,15:50:31,5,1,-1,AA3041,0,1,10
T558,T551/1,15:51:11,5,0,1,AA7224,0,1,81
T553,T554,15:51:22,5,1,-1,AA3041,0,1,40
T554,T555/2,15:52:55,5,1,-1,AA3041,0,1,70
T550/4,T556,15:53:25,5,0,-1,AA2270,0,1,60
T555/2,T550/4,15:54:26,5,-1,-1,AA3041,0,1,60
T551/1,T425,15:54:36,5,0,1,AA7224,0,1,171
T556,T557,15:54:56,5,0,-1,AA2270,0,1,80
T557,T558,15:55:37,5,0,-1,AA2270,0,1,30
T425,T423,15:55:37,5,0,1,AA7224,0,1,30
T423,T421,15:56:37,5,0,1,AA7224,0,1,30
T558,T551/1,15:57:07,5,0,1,AA2270,0,1,80
M247,M231,15:57:48,5,0,1,AA2353,0,1,10
M231,M219,15:59:39,5,0,3,AA2353,0,1,60
T551/1,T425,16:00:19,5,0,1,AA2270,0,1,161
T425,T423,16:01:10,5,0,1,AA2270,0,1,40
M219,M50,16:02:01,5,0,-1,AA2353,0,1,101
T423,T421,16:02:33,5,0,1,AA2270,0,1,52
T550/4,T556,16:03:14,5,3,-1,AB6393,0,1,40
T556,T557,16:05:05,5,2,-1,AB6393,0,1,80
T557,T558,16:05:45,5,2,-1,AB6393,0,1,30
T420,T422,16:05:45,5,0,1,AB6136,0,1,30
M247,M231,16:06:36,5,0,3,AA5945,0,1,10
T420,T422,16:07:27,5,-1,1,AA7207,0,1,40
T558,T551/1,16:07:37,5,3,1,AB6393,0,1,80
T422,T424,16:07:47,5,0,1,AB6136,0,1,111
T422,T424,16:08:07,5,-1,1,AA7207,0,1,30
M231,M219,16:08:58,5,0,3,AA5945,0,1,131
T551/1,T425,16:10:59,5,1,1,AB6393,0,1,161
T424,T559,16:10:59,5,0,-1,AB6136,0,1,181
T424,T559,16:11:19,5,-1,-1,AA7207,0,1,181
M219,M50,16:11:29,5,0,-1,AA5945,0,1,111
T425,T423,16:11:49,5,1,1,AB6393,0,1,30
T559,T552,16:12:42,5,0,-1,AB6136,0,1,32
T559,T552,16:12:42,5,-1,-1,AA7207,0,1,22
T550/4,T556,16:13:03,5,1,-1,AA3041,0,1,83
T423,T421,16:13:03,5,2,1,AB6393,0,1,42
T552,T553,16:13:03,5,0,-1,AB6136,0,1,10
T552,T553,16:13:13,5,-1,-1,AA7207,0,1,20
T553,T554,16:14:04,5,-1,-1,AA7207,0,1,41
T553,T554,16:14:04,5,0,-1,AB6136,0,1,51
M247,M231,16:14:24,5,1,2,AA7224,0,1,10
T556,T557,16:15:15,5,1,-1,AA3041,0,1,122
T554,T555/2,16:15:15,5,-1,-1,AA7207,0,1,60
T557,T558,16:15:55,5,1,-1,AA3041,0,1,30
M231,M219,16:16:06,5,1,3,AA7224,0,1,80
T555/2,T550/4,16:16:56,5,-1,-1,AA7207,0,1,70
T554,T550/4,16:17:06,5,-1,-1,AB6136,1,1,161
T558,T551/1,16:17:47,5,1,1,AA3041,0,1,81
M219,M50,16:18:17,5,1,-1,AA7224,0,1,91
T551/1,T425,16:21:49,5,1,1,AA3041,0,1,191
M247,M231,16:21:49,5,0,1,AA2270,0,1,20
T425,T423,16:22:32,5,1,1,AA3041,0,1,32
M231,M219,16:23:02,5,0,3,AA2270,0,1,52
T420,T422,16:23:46,5,0,1,AA2353,0,1,33
T423,T421,16:23:56,5,1,1,AA3041,0,1,63
T550/4,T556,16:24:46,5,-1,-1,AB6615,0,1,60
M219,M50,16:25:21,5,0,1,AA2270,0,1,94
T422,T424,16:25:45,5,0,1,AA2353,0,1,109
T556,T557,16:26:56,5,-1,-1,AB6615,0,1,80
T557,T558,16:27:56,5,-1,-1,AB6615,0,1,30
T424,T559,16:29:33,5,0,-1,AA2353,0,1,197
T558,T551/1,16:30:24,5,-1,1,AB6615,0,1,95
T559,T552,16:31:04,5,0,-1,AA2353,0,1,30
T552,T553,16:31:24,5,0,-1,AA2353,0,1,10
T550/4,T556,16:31:34,5,0,-1,AB6171,0,1,50
T553,T554,16:32:05,5,0,-1,AA2353,0,1,30
M247,M231,16:32:45,5,1,2,AB6393,0,1,20
T554,T555/2,16:33:36,5,0,-1,AA2353,0,1,60
T551/1,T425,16:33:46,5,0,1,AB6615,0,1,161
T420,T424,16:34:06,5,0,1,AA5945,1,1,141
T556,T558,16:34:16,5,0,-1,AB6171,1,1,131
T425,T423,16:34:47,5,0,1,AB6615,0,1,40
T555/2,T550/4,16:34:57,5,-1,-1,AA2353,0,1,50
M231,M219,16:35:27,5,1,2,AB6393,0,1,111
T423,T421,16:35:47,5,0,1,AB6615,0,1,30
T558,T551/1,16:36:07,5,0,1,AB6171,0,1,80
M219,M50,16:37:18,5,1,-1,AB6393,0,1,80
T424,T559,16:37:18,5,0,-1,AA5945,0,1,171
T550/4,T556,16:38:09,5,-1,-1,AA7207,0,1,30
T559,T552,16:38:59,5,1,-1,AA5945,0,1,20
T552,T553,16:39:40,5,1,-1,AA5945,0,1,10
T556,T557,16:40:00,5,-1,-1,AA7207,0,1,80
T551/1,T425,16:40:00,5,1,1,AB6171,0,1,171
T420,T424,16:40:20,5,1,1,AA7224,1,1,161
T553,T554,16:40:32,5,1,-1,AA5945,0,1,42
T557,T558,16:40:42,5,-1,-1,AA7207,0,1,32
T425,T423,16:40:42,5,1,1,AB6171,0,1,32
T423,T421,16:42:03,5,1,1,AB6171,0,1,40
T558,T551/1,16:42:14,5,-1,1,AA7207,0,1,81
T554,T555/2,16:42:14,5,1,-1,AA5945,0,1,71
T420,T422,16:43:45,5,0,1,AA2270,0,1,20
T555/2,T550/4,16:43:45,5,-1,-1,AA5945,0,1,60
M247,M231,16:43:55,5,0,2,AA3041,0,1,10
T424,T559,16:44:35,5,2,-1,AA7224,0,1,212
T422,T424,16:44:45,5,0,1,AA2270,0,1,50
T551/1,T425,16:45:36,5,-1,1,AA7207,0,1,171
M231,M219,16:45:56,5,0,3,AA3041,0,1,80
T559,T552,16:45:56,5,2,-1,AA7224,0,1,30
T425,T423,16:46:16,5,-1,1,AA7207,0,1,30
T552,T553,16:46:26,5,2,-1,AA7224,0,1,10
T423,T421,16:47:11,5,-1,1,AA7207,0,1,34
T553,T554,16:47:11,5,2,-1,AA7224,0,1,34
T550/4,T556,16:48:04,5,0,-1,AA2353,0,1,30
M219,M50,16:48:40,5,1,1,AA3041,0,1,99
T424,T559,16:48:40,5,0,-1,AA2270,0,1,204
T554,T555/2,16:48:40,5,2,-1,AA7224,0,1,65
T559,T552,16:49:34,5,0,-1,AA2270,0,1,23
T552,T553,16:50:04,5,0,-1,AA2270,0,1,10
T556,T557,16:50:14,5,0,-1,AA2353,0,1,94
T555/2,T550/4,16:50:14,5,-1,-1,AA7224,0,1,52
T553,T554,16:50:45,5,0,-1,AA2270,0,1,30
T557,T558,16:50:55,5,0,-1,AA2353,0,1,30
T554,T555/2,16:52:26,5,0,-1,AA2270,0,1,80
T558,T551/1,16:52:56,5,0,1,AA2353,0,1,90
T555/2,T550/4,16:53:56,5,-1,-1,AA2270,0,1,60
M247,M231,16:54:17,5,0,2,AB6615,0,1,20
M231,M219,16:55:48,5,0,3,AB6615,0,1,60
T551/1,T425,16:56:48,5,0,1,AA2353,0,1,191
T420,T424,16:57:09,5,1,1,AB6393,1,1,81
T550/4,T556,16:57:19,5,0,-1,AB6136,0,1,40
T425,T423,16:57:39,5,0,1,AA2353,0,1,30
M219,M50,16:57:59,5,0,-1,AB6615,0,1,101
T423,T421,16:58:50,5,0,1,AA2353,0,1,40
T424,T559,17:00:45,5,1,-1,AB6393,0,1,185
T556,T551/1,17:01:56,5,0,1,AB6136,2,1,226
T559,T552,17:02:36,5,2,-1,AB6393,0,1,30
T552,T553,17:03:06,5,2,-1,AB6393,0,1,10
T553,T554,17:03:57,5,2,-1,AB6393,0,1,40
T550/4,T556,17:04:07,5,0,-1,AA5945,0,1,30
M247,M231,17:04:07,5,1,2,AB6171,0,1,20
T551/1,T425,17:05:28,5,0,1,AB6136,0,1,171
T554,T555/2,17:05:28,5,2,-1,AB6393,0,1,70
M231,M219,17:06:08,5,1,3,AB6171,0,1,90
T556,T557,17:06:18,5,0,-1,AA5945,0,1,90
T425,T423,17:06:39,5,0,1,AB6136,0,1,40
T557,T558,17:07:09,5,0,-1,AA5945,0,1,30
T555/2,T550/4,17:07:09,5,-1,-1,AB6393,0,1,70
M247,M231,17:07:19,5,-1,1,AA7207,0,1,10
T423,T421,17:08:10,5,0,1,AB6136,0,1,60
M231,M219,17:08:20,5,-1,3,AA7207,0,1,40
M219,M50,17:08:51,5,1,2,AB6171,0,1,102
T558,T551/1,17:09:11,5,0,1,AA5945,0,1,91
T420,T424,17:09:11,5,0,1,AA3041,1,1,81
T550/4,T556,17:10:02,5,1,-1,AA7224,0,1,40
M219,M50,17:10:53,5,-1,2,AA7207,0,1,122
T556,T557,17:12:24,5,2,-1,AA7224,0,1,90
T551/1,T425,17:12:44,5,1,1,AA5945,0,1,162
T557,T558,17:13:15,5,2,-1,AA7224,0,1,30
T424,T559,17:13:15,5,0,-1,AA3041,0,1,203
T425,T423,17:13:55,5,2,1,AA5945,0,1,30
T423,T421,17:14:46,5,2,1,AA5945,0,1,30
T559,T552,17:14:56,5,0,-1,AA3041,0,1,30
T558,T551/1,17:15:16,5,2,1,AA7224,0,1,90
T552,T553,17:15:36,5,0,-1,AA3041,0,1,20
T550/4,T556,17:15:56,5,0,-1,AA2270,0,1,60
T420,T422,17:16:27,5,0,1,AB6615,0,1,40
T553,T554,17:16:27,5,0,-1,AA3041,0,1,40
T422,T424,17:17:38,5,0,1,AB6615,0,1,60
T556,T557,17:17:48,5,0,-1,AA2270,0,1,80
T554,T555/2,17:17:48,5,0,-1,AA3041,0,1,70
T557,T558,17:18:28,5,0,-1,AA2270,0,1,30
M247,M231,17:18:48,5,0,2,AA2353,0,1,20
T551/1,T425,17:18:58,5,3,1,AA7224,0,1,171
T555/2,T550/4,17:19:29,5,-1,-1,AA3041,0,1,60
T558,T551/1,17:20:09,5,0,1,AA2270,0,1,70
T425,T423,17:20:09,5,3,1,AA7224,0,1,40
T423,T421,17:21:11,5,3,1,AA7224,0,1,41
T424,T559,17:21:11,5,0,-1,AB6615,0,1,203
M231,M219,17:22:05,5,1,2,AA2353,0,1,145
T559,T552,17:22:35,5,0,-1,AB6615,0,1,30
T552,T553,17:23:16,5,0,-1,AB6615,0,1,10
T551/1,T425,17:23:37,5,0,1,AA2270,0,1,177
T425,T423,17:24:27,5,0,1,AA2270,0,1,30
T550/4,T556,17:24:58,5,0,-1,AB6393,0,1,30
M219,M50,17:24:58,5,1,2,AA2353,0,1,122
T553,T555/2,17:25:18,5,0,-1,AB6615,1,1,112
T423,T421,17:25:38,5,0,1,AA2270,0,1,50
T555/2,T550/4,17:26:39,5,-1,-1,AB6615,0,1,50
T556,T557,17:26:59,5,0,-1,AB6393,0,1,80
T420,T422,17:27:19,5,1,1,AB6171,0,1,30
M247,M231,17:27:29,5,0,3,AB6136,0,1,20
T557,T558,17:28:00,5,0,-1,AB6393,0,1,40
T422,T424,17:29:01,5,1,1,AB6171,0,1,91
T420,T422,17:29:21,5,-1,1,AA7207,0,1,40
T558,T551/1,17:29:43,5,0,1,AB6393,0,1,82
M231,M219,17:30:03,5,0,3,AB6136,0,1,113
T422,T424,17:30:54,5,-1,1,AA7207,0,1,80
M219,M50,17:32:46,5,1,1,AB6136,0,1,122
T424,T559,17:33:10,5,1,-1,AB6171,0,1,206
T551/1,T425,17:33:41,5,2,1,AB6393,0,1,177
M247,M219,17:34:16,5,2,3,AA5945,1,1,130
T424,T559,17:34:16,5,-1,-1,AA7207,0,1,191
T425,T423,17:34:36,5,2,1,AB6393,0,1,20
T550/4,T556,17:34:56,5,0,-1,AA3041,0,1,40
T559,T552,17:34:56,5,3,-1,AB6171,0,1,30
T559,T552,17:35:26,5,-1,-1,AA7207,0,1,20
T552,T553,17:35:37,5,3,-1,AB6171,0,1,10
T423,T421,17:35:57,5,2,1,AB6393,0,1,30
T552,T553,17:36:07,5,-1,-1,AA7207,0,1,10
M219,M50,17:36:37,5,2,1,AA5945,0,1,101
T553,T554,17:36:47,5,3,-1,AB6171,0,1,60
T553,T554,17:36:47,5,-1,-1,AA7207,0,1,30
T556,T557,17:37:28,5,0,-1,AA3041,0,1,111
T557,T558,17:38:38,5,0,-1,AA3041,0,1,30
T554,T555/2,17:38:38,5,-1,-1,AA7207,0,1,90
T554,T555/2,17:38:49,5,3,-1,AB6171,0,1,80
T421,T431,17:40:09,5,3,1,AB6393,0,1,202
T555/2,T550/4,17:40:20,5,-1,-1,AA7207,0,1,70
T558,T551/1,17:40:43,5,0,1,AA3041,0,1,94
T555/2,T550/4,17:40:53,5,-1,-1,AB6171,0,1,94
M247,M231,17:41:13,5,3,2,AA7224,0,1,20
M231,M219,17:43:14,5,3,3,AA7224,0,1,70
M247,M231,17:43:55,5,0,2,AA2270,0,1,20
T420,T422,17:44:36,5,0,1,AA2353,0,1,31
T551/1,T425,17:45:07,5,1,1,AA3041,0,1,193
T431,M172/16,17:45:47,5,3,1,AB6393,0,1,304
T422,T424,17:45:57,5,0,1,AA2353,0,1,70
M231,M219,17:46:07,5,0,3,AA2270,0,1,80
T425,T423,17:46:27,5,1,1,AA3041,0,1,40
M219,M50,17:46:58,5,3,1,AA7224,0,1,121
T550/4,T556,17:47:08,5,0,-1,AB6615,0,1,50
T423,T421,17:48:09,5,2,1,AA3041,0,1,50
M50,M172/7,17:49:29,5,2,1,AA5945,0,1,751
T424,T559,17:50:00,5,0,-1,AA2353,0,1,191
M219,M50,17:51:02,5,0,1,AA2270,0,1,183
T556,T557,17:51:12,5,0,-1,AB6615,0,1,102
T557,T558,17:52:07,5,0,-1,AB6615,0,1,35
T559,T552,17:52:07,5,2,-1,AA2353,0,1,35
T553,T554,17:53:38,5,2,-1,AA2353,0,1,50
T558,T551/1,17:54:19,5,0,1,AB6615,0,1,90
T420,T424,17:54:39,5,0,1,AB6136,1,1,111
T554,T555/2,17:55:29,5,2,-1,AA2353,0,1,70
T550/4,T556,17:56:00,5,0,-1,AB6171,0,1,50
T555/2,T550/4,17:57:22,5,-1,-1,AA2353,0,1,61
M172/7,T430,17:57:43,5,5,-1,AA5945,0,1,483
T556,T557,17:58:03,5,0,-1,AB6171,0,1,92
T424,T559,17:58:13,5,0,-1,AB6136,0,1,184
T421,M172/16,17:58:34,5,2,1,AA3041,1,1,604
T557,T558,17:58:44,5,0,-1,AB6171,0,1,20
T551/1,T425,17:58:54,5,0,1,AB6615,0,1,194
T430,T328,17:59:44,5,5,-1,AA5945,0,1,90
T559,T552,17:59:44,5,1,-1,AB6136,0,1,30
M172/16,M247,18:00:05,5,5,1,AB6393,0,1,563
T552,T553,18:00:25,5,1,-1,AB6136,0,1,10
T425,T423,18:00:35,5,0,1,AB6615,0,1,70
T558,T551/1,18:00:45,5,0,1,AB6171,0,1,80
T553,T554,18:01:05,5,1,-1,AB6136,0,1,30
T550/4,T556,18:01:46,5,-1,-1,AA7207,0,1,40
M247,M231,18:01:46,5,4,2,AB6393,0,1,20
T328,T420,18:01:56,5,5,1,AA5945,0,1,90
T423,T421,18:02:46,5,0,1,AB6615,0,1,40
T554,T555/2,18:02:46,5,0,-1,AB6136,0,1,80
M50,M172/7,18:02:57,5,0,1,AA2270,0,1,694
T420,T422,18:03:07,5,5,1,AA5945,0,1,30
T556,T557,18:03:57,5,-1,-1,AA7207,0,1,90
T422,T424,18:04:07,5,5,1,AA5945,0,1,50
T551/1,T425,18:04:17,5,0,1,AB6171,0,1,181
M231,M219,18:04:17,5,3,3,AB6393,0,1,101
T557,T558,18:04:38,5,-1,-1,AA7207,0,1,20
T555/2,T550/4,18:04:38,5,-1,-1,AB6136,0,1,80
T425,T423,18:05:28,5,0,1,AB6171,0,1,40
T423,T421,18:06:49,5,0,1,AB6171,0,1,50
T421,T431,18:06:49,5,0,1,AB6615,0,1,192
T558,T551/1,18:07:09,5,-1,1,AA7207,0,1,80
M219,M50,18:07:09,5,3,1,AB6393,0,1,131
T420,T422,18:07:09,5,3,1,AA7224,0,1,40
T424,T559,18:08:04,5,4,-1,AA5945,0,1,175
T422,T424,18:08:24,5,4,1,AA7224,0,1,64
M172/7,T430,18:09:46,5,0,-1,AA2270,0,1,349
M172/16,M247,18:10:11,5,2,1,AA3041,0,1,525
T559,T552,18:10:32,5,5,-1,AA5945,0,1,20
T421,T431,18:10:52,5,1,1,AB6171,0,1,198
T430,T328,18:11:02,5,0,-1,AA2270,0,1,65
T551/1,T425,18:11:12,5,-1,1,AA7207,0,1,167
M247,M231,18:11:42,5,0,2,AA3041,0,1,20
T431,M172/16,18:12:13,5,0,1,AB6615,0,1,279
T424,T559,18:12:13,5,4,-1,AA7224,0,1,218
T552,T554,18:12:13,5,5,-1,AA5945,1,1,60
T550/4,T556,18:12:33,5,0,-1,AA2353,0,1,30
T425,T423,18:12:33,5,-1,1,AA7207,0,1,40
T328,T420,18:12:43,5,0,1,AA2270,0,1,91
T423,T421,18:13:44,5,-1,1,AA7207,0,1,30
T420,T422,18:13:54,5,1,1,AA2270,0,1,30
T554,T555/2,18:13:54,5,4,-1,AA5945,0,1,70
M231,M219,18:14:14,5,0,3,AA3041,0,1,90
T559,T552,18:14:14,5,5,-1,AA7224,0,1,30
T422,T424,18:14:45,5,0,1,AA2270,0,1,40
T552,T553,18:14:45,5,5,-1,AA7224,0,1,10
T556,T557,18:14:55,5,1,-1,AA2353,0,1,91
M50,M172/7,18:14:55,5,3,1,AB6393,0,1,441
T553,T554,18:15:25,5,5,-1,AA7224,0,1,30
T555/2,T550/4,18:15:35,5,-1,-1,AA5945,0,1,60
T557,T558,18:15:55,5,1,-1,AA2353,0,1,30
T431,M172/16,18:16:26,5,1,1,AB6171,0,1,323
T554,T555/2,18:17:17,5,5,-1,AA7224,0,1,81
T558,T551/1,18:17:58,5,1,1,AA2353,0,1,81
T421,T431,18:17:58,5,-1,1,AA7207,0,1,193
T424,T559,18:17:58,5,0,-1,AA2270,0,1,183
T555/2,T550/4,18:18:59,5,-1,-1,AA7224,0,1,80
T559,T552,18:19:29,5,0,-1,AA2270,0,1,30
T552,T553,18:20:09,5,0,-1,AA2270,0,1,10
T553,T554,18:20:50,5,0,-1,AA2270,0,1,30
M219,M50,18:21:00,5,0,1,AA3041,0,1,304
T550/4,T556,18:21:32,5,2,-1,AB6136,0,1,31
T551/1,T425,18:22:12,5,2,1,AA2353,0,1,183
M172/16,M247,18:22:12,5,0,1,AB6615,0,1,487
T554,T555/2,18:22:12,5,0,-1,AA2270,0,1,61
T431,M172/16,18:22:43,5,-1,1,AA7207,0,1,275
T556,T557,18:23:44,5,2,-1,AB6136,0,1,92
T425,T423,18:23:44,5,2,1,AA2353,0,1,40
M247,M231,18:23:44,5,0,3,AB6615,0,1,20
M172/7,T430,18:23:44,5,4,-1,AB6393,0,1,346
T555/2,T550/4,18:23:54,5,-1,-1,AA2270,0,1,70
T557,T558,18:24:45,5,3,-1,AB6136,0,1,30
T423,T421,18:25:05,5,2,1,AA2353,0,1,50
M231,M219,18:26:07,5,0,3,AB6615,0,1,102
T430,T328,18:26:07,5,4,-1,AB6393,0,1,112
T558,T551/1,18:26:37,5,3,1,AB6136,0,1,71
T421,T431,18:28:32,5,2,1,AA2353,0,1,187
T328,T420,18:28:32,5,4,1,AB6393,0,1,125
M219,M50,18:28:52,5,0,1,AB6615,0,1,125
T420,T422,18:29:33,5,3,1,AB6393,0,1,30
M172/16,M247,18:30:03,5,4,1,AB6171,0,1,664
T551/1,T425,18:30:23,5,3,1,AB6136,0,1,175
M50,M172/7,18:30:34,5,0,1,AA3041,0,1,542
T422,T424,18:30:44,5,3,1,AB6393,0,1,60
T425,T423,18:31:34,5,2,1,AB6136,0,1,40
M247,M231,18:31:54,5,3,2,AB6171,0,1,10
T550/4,T556,18:32:15,5,1,-1,AA5945,0,1,40
T423,T421,18:32:36,5,2,1,AB6136,0,1,41
T431,M172/16,18:33:27,5,2,1,AA2353,0,1,284
T424,T559,18:34:07,5,3,-1,AB6393,0,1,173
M231,M219,18:34:17,5,2,3,AB6171,0,1,91
T556,T557,18:34:38,5,2,-1,AA5945,0,1,80
M172/16,M247,18:34:58,5,-1,1,AA7207,0,1,551
T557,T558,18:35:38,5,2,-1,AA5945,0,1,40
T421,T431,18:35:58,5,3,1,AB6136,0,1,181
T559,T552,18:36:09,5,4,-1,AB6393,0,1,20
M219,M50,18:36:29,5,2,1,AB6171,0,1,90
T552,T553,18:36:49,5,4,-1,AB6393,0,1,10
T558,T551/1,18:37:29,5,3,1,AA5945,0,1,70
M172/7,T430,18:37:29,5,0,-1,AA3041,0,1,405
T553,T554,18:38:00,5,4,-1,AB6393,0,1,60
M247,M231,18:38:20,5,-1,2,AA7207,0,1,141
M50,M172/7,18:39:24,5,0,1,AB6615,0,1,560
T430,T328,18:39:24,5,0,-1,AA3041,0,1,84
T554,T555/2,18:39:44,5,4,-1,AB6393,0,1,71
M231,M219,18:40:15,5,-1,3,AA7207,0,1,71
T431,M172/16,18:40:56,5,3,1,AB6136,0,1,277
T328,T420,18:41:17,5,0,1,AA3041,0,1,102
T551/1,T425,18:41:27,5,2,1,AA5945,0,1,174
T555/2,T550/4,18:41:27,5,-1,-1,AB6393,0,1,71
T550/4,T556,18:42:07,5,0,-1,AA2270,0,1,40
T425,T423,18:42:27,5,2,1,AA5945,0,1,30
T420,T424,18:43:08,5,0,1,AA3041,1,1,80
T423,T421,18:43:48,5,3,1,AA5945,0,1,40
M219,M50,18:43:48,5,-1,1,AA7207,0,1,101
T556,T557,18:44:29,5,1,-1,AA2270,0,1,91
T557,T558,18:45:19,5,1,-1,AA2270,0,1,30
M172/16,M247,18:45:50,5,3,1,AA2353,0,1,682
T424,T559,18:46:52,5,0,-1,AA3041,0,1,184
T558,T551/1,18:47:02,5,1,1,AA2270,0,1,82
M247,M231,18:47:02,5,1,3,AA2353,0,1,20
T421,T431,18:47:23,5,3,1,AA5945,0,1,173
T559,T552,18:48:44,5,0,-1,AA3041,0,1,30
M172/7,T430,18:48:54,5,0,-1,AB6615,0,1,416
M231,M219,18:49:24,5,2,3,AA2353,0,1,90
T552,T553,18:49:24,5,0,-1,AA3041,0,1,10
T551/1,T425,18:50:25,5,1,1,AA2270,0,1,171
T553,T554,18:50:25,5,0,-1,AA3041,0,1,50
T430,T328,18:50:45,5,0,-1,AB6615,0,1,80
T425,T423,18:51:54,5,1,1,AA2270,0,1,33
T554,T555/2,18:52:14,5,0,-1,AA3041,0,1,78
T431,M172/16,18:52:24,5,3,1,AA5945,0,1,281
M219,M50,18:52:54,5,2,1,AA2353,0,1,179
T423,T421,18:53:04,5,2,1,AA2270,0,1,40
T328,T420,18:53:04,5,0,1,AB6615,0,1,104
M172/16,M247,18:53:15,5,3,1,AB6136,0,1,616
M247,M231,18:54:15,5,2,2,AB6136,0,1,10
T550/4,T556,18:54:56,5,2,-1,AB6393,0,1,30
M231,M219,18:56:12,5,1,3,AB6136,0,1,66
T420,T424,18:56:12,5,0,1,AB6615,1,1,137
T421,T431,18:56:33,5,2,1,AA2270,0,1,177
T556,T557,18:57:13,5,2,-1,AB6393,0,1,95
T557,T558,18:58:04,5,2,-1,AB6393,0,1,30
M219,M50,18:58:45,5,1,1,AB6136,0,1,132
T558,T551/1,18:59:35,5,2,1,AB6393,0,1,80
T424,T559,19:00:26,5,0,-1,AB6615,0,1,213
M172/16,M247,19:01:27,5,4,1,AA5945,0,1,491
T431,M172/16,19:01:57,5,2,1,AA2270,0,1,293
T559,T552,19:02:07,5,0,-1,AB6615,0,1,20
M247,M231,19:02:57,5,3,2,AA5945,0,1,10
T551/1,T425,19:03:08,5,1,1,AB6393,0,1,161
T425,T423,19:04:22,5,1,1,AB6393,0,1,44
T553,T554,19:04:22,5,0,-1,AB6615,0,1,74
T423,T421,19:05:33,5,1,1,AB6393,0,1,40
T554,T555/2,19:05:53,5,0,-1,AB6615,0,1,80
M231,M219,19:06:03,5,3,2,AA5945,0,1,175
T555/2,T550/4,19:07:44,5,-1,-1,AB6615,0,1,70
T556,T557,19:08:40,5,0,-1,AA3041,0,1,116
M219,M50,19:08:50,5,3,1,AA5945,0,1,126
T421,T431,19:09:00,5,2,1,AB6393,0,1,166
T557,T558,19:09:32,5,0,-1,AA3041,0,1,31
T558,T551/1,19:11:34,5,1,1,AA3041,0,1,86
M172/16,M247,19:12:14,5,4,2,AA2270,0,1,461
M247,M231,19:13:25,5,2,3,AA2270,0,1,10
M172/7,T430,19:14:15,5,-1,-1,AA7207,0,1,335
T431,M172/16,19:14:46,5,3,1,AB6393,0,1,304
T551/1,T425,19:15:26,5,1,1,AA3041,0,1,181
M231,M219,19:16:07,5,2,3,AA2270,0,1,121
T425,T423,19:16:17,5,1,1,AA3041,0,1,40
M219,M50,19:17:07,5,2,1,AA2270,0,1,30
T423,T421,19:17:38,5,2,1,AA3041,0,1,40
T328,T420,19:17:48,5,-1,1,AA7207,0,1,101
M172/7,T430,19:17:58,5,5,-1,AB6171,0,2,414
T420,T422,19:18:49,5,-1,1,AA7207,0,2,30
T430,T328,19:19:52,5,5,-1,AB6171,0,2,83
T422,T424,19:20:12,5,-1,-1,AA7207,0,2,72
T550/4,T556,19:21:24,5,0,-1,AB6615,0,2,40
T421,T431,19:21:58,5,2,-1,AA3041,0,2,219
T328,T420,19:21:58,5,5,-1,AB6171,0,2,106
M50,M172/7,19:22:19,5,3,-1,AA5945,0,2,778
T420,T422,19:23:19,5,5,-1,AB6171,0,2,40
T556,T557,19:23:29,5,0,-1,AB6615,0,2,90
M172/7,T328,19:23:29,5,4,-1,AA2353,1,2,442
T557,T558,19:24:10,5,0,-1,AB6615,0,2,30
M172/16,M247,19:24:10,5,4,-1,AB6393,0,2,452
T424,T559,19:24:10,5,-1,-1,AA7207,0,2,185
T422,T424,19:24:20,5,5,-1,AB6171,0,2,50
M247,M231,19:25:14,5,3,2,AB6393,0,2,10
T328,T420,19:25:14,5,4,1,AA2353,0,2,94
T559,T552,19:25:24,5,-1,-1,AA7207,0,2,20
M172/7,T430,19:25:54,5,2,-1,AB6136,0,2,341
T552,T553,19:25:54,5,-1,-1,AA7207,0,2,10
T420,T422,19:26:14,5,3,1,AA2353,0,2,30
T558,T551/1,19:26:24,5,0,1,AB6615,0,2,80
T553,T554,19:26:35,5,-1,-1,AA7207,0,2,30
T431,M172/16,19:27:25,5,2,1,AA3041,0,2,316
T424,T559,19:28:05,5,5,-1,AB6171,0,2,191
M231,M219,19:28:16,5,3,2,AB6393,0,2,141
T422,T424,19:28:16,5,3,1,AA2353,0,2,111
T554,T555/2,19:28:16,5,-1,-1,AA7207,0,2,70
M50,M172/7,19:29:16,5,2,1,AA2270,0,2,698
T430,T420,19:29:16,5,2,1,AB6136,1,2,191
T559,T552,19:29:36,5,5,-1,AB6171,0,2,30
T555/2,T550/4,19:29:36,5,-1,-1,AA7207,0,2,50
T420,T422,19:30:17,5,2,1,AB6136,0,2,40
T551/1,T425,19:30:27,5,0,1,AB6615,0,2,171
M172/7,T430,19:30:27,5,4,-1,AA5945,0,2,323
T552,T554,19:31:17,5,5,-1,AB6171,1,2,70
T425,T423,19:31:28,5,0,1,AB6615,0,2,30
T424,T559,19:31:28,5,3,-1,AA2353,0,2,181
T430,T328,19:31:58,5,4,-1,AA5945,0,2,70
M219,M50,19:32:18,5,2,1,AB6393,0,2,111
T423,T421,19:32:48,5,0,1,AB6615,0,2,40
T559,T552,19:32:48,5,2,-1,AA2353,0,2,20
T554,T555/2,19:32:59,5,4,-1,AB6171,0,2,70
T552,T553,19:33:29,5,2,-1,AA2353,0,2,10
T328,T420,19:33:39,5,4,1,AA5945,0,2,90
T553,T554,19:34:09,5,2,-1,AA2353,0,2,30
T555/2,T550/4,19:34:30,5,-1,-1,AB6171,0,2,60
T420,T422,19:34:40,5,3,1,AA5945,0,2,30
T422,T559,19:34:40,5,2,-1,AB6136,1,2,252
T554,T555/2,19:35:31,5,2,-1,AA2353,0,2,61
T422,T424,19:35:51,5,3,1,AA5945,0,2,61
T421,T431,19:36:12,5,0,1,AB6615,0,2,172
M172/16,M247,19:36:12,5,2,1,AA3041,0,2,465
T559,T552,19:36:12,5,2,-1,AB6136,0,2,20
M172/7,T430,19:36:22,5,1,-1,AA2270,0,2,344
T555/2,T550/4,19:36:54,5,-1,-1,AA2353,0,2,62
M247,M231,19:37:14,5,1,2,AA3041,0,2,52
T552,T554,19:37:45,5,2,-1,AB6136,1,2,60
T430,T328,19:38:05,5,1,-1,AA2270,0,2,90
M231,M219,19:38:55,5,1,2,AA3041,0,2,60
T424,T559,19:39:16,5,3,-1,AA5945,0,2,173
T554,T555/2,19:39:16,5,1,-1,AB6136,0,2,60
T328,T420,19:39:56,5,1,1,AA2270,0,2,100
M219,M50,19:40:06,5,1,1,AA3041,0,2,40
T559,T552,19:40:36,5,3,-1,AA5945,0,2,20
T420,T422,19:40:57,5,1,1,AA2270,0,2,30
T550/4,T556,19:41:07,5,1,-1,AB6171,0,2,60
T555/2,T550/4,19:41:07,5,-1,-1,AB6136,0,2,80
T552,T553,19:41:17,5,3,-1,AA5945,0,2,10
T431,M172/16,19:41:47,5,0,1,AB6615,0,2,303
T553,T554,19:41:47,5,3,-1,AA5945,0,2,20
T422,T424,19:42:28,5,1,1,AA2270,0,2,80
T556,T557,19:43:28,5,1,-1,AB6171,0,2,111
T554,T555/2,19:43:28,5,3,-1,AA5945,0,2,70
M50,M172/7,19:43:59,5,3,1,AB6393,0,2,670
T557,T558,19:44:39,5,2,-1,AB6171,0,2,40
T555/2,T550/4,19:44:39,5,-1,-1,AA5945,0,2,50
T424,T559,19:46:10,5,1,-1,AA2270,0,2,181
T558,T551/1,19:46:42,5,2,1,AB6171,0,2,93
T559,T552,19:47:43,5,1,-1,AA2270,0,2,30
T550/4,T556,19:48:03,5,1,-1,AB6136,0,2,30
T552,T553,19:48:13,5,1,-1,AA2270,0,2,10
T553,T554,19:49:05,5,1,-1,AA2270,0,2,30
T556,T557,19:50:15,5,2,-1,AB6136,0,2,80
T551/1,T425,19:50:36,5,2,1,AB6171,0,2,182
M172/16,M247,19:50:36,5,0,1,AB6615,0,2,477
T554,T555/2,19:50:46,5,0,-1,AA2270,0,2,60
T557,T558,19:51:06,5,2,-1,AB6136,0,2,30
T425,T423,19:51:16,5,2,1,AB6171,0,2,30
M172/7,T430,19:51:57,5,5,-1,AB6393,0,2,366
M247,M231,19:52:22,5,0,2,AB6615,0,2,10
T558,T551/1,19:52:42,5,2,1,AB6136,0,2,75
T555/2,T550/4,19:52:42,5,-1,-1,AA2270,0,2,85
T423,T421,19:53:02,5,3,1,AB6171,0,2,50
M50,M172/7,19:54:07,5,1,1,AA3041,0,2,810
T430,T328,19:54:07,5,5,-1,AB6393,0,2,115
M231,M219,19:54:17,5,0,2,AB6615,0,2,64
T328,T420,19:55:39,5,5,1,AB6393,0,2,81
T551/1,T425,19:56:09,5,1,1,AB6136,0,2,156
M219,M50,19:56:19,5,0,1,AB6615,0,2,70
T421,T431,19:56:39,5,3,1,AB6171,0,2,186
T425,T423,19:56:49,5,1,1,AB6136,0,2,30
T420,T422,19:56:49,5,5,1,AB6393,0,2,30
T550/4,T556,19:57:54,5,-1,-1,AA7207,0,2,33
T423,T421,19:57:54,5,1,1,AB6136,0,2,33
T422,T424,19:58:14,5,5,1,AB6393,0,2,74
T556,T557,20:00:09,5,-1,-1,AA7207,0,2,74
T557,T558,20:01:09,5,-1,-1,AA7207,0,2,20
T421,T431,20:01:09,5,1,1,AB6136,0,2,175
T424,T559,20:01:30,5,5,-1,AB6393,0,2,175
T431,M172/16,20:01:50,5,3,1,AB6171,0,2,290
M172/7,T430,20:01:50,5,1,-1,AA3041,0,2,341
T558,T551/1,20:03:12,5,-1,1,AA7207,0,2,81
T559,T552,20:03:12,5,5,-1,AB6393,0,2,20
T430,T328,20:03:32,5,1,-1,AA3041,0,2,91
T552,T553,20:03:52,5,5,-1,AB6393,0,2,10
T553,T554,20:04:43,5,5,-1,AB6393,0,2,40
M50,M172/7,20:05:13,5,0,1,AB6615,0,2,503
T328,T420,20:05:23,5,1,1,AA3041,0,2,101
T431,M172/16,20:06:14,5,1,1,AB6136,0,2,294
T554,T555/2,20:06:24,5,4,-1,AB6393,0,2,70
T551/1,T425,20:07:55,5,-1,1,AA7207,0,2,172
T555/2,T550/4,20:07:55,5,-1,-1,AB6393,0,2,60
T420,T424,20:08:15,5,1,1,AA3041,1,2,141
T425,T423,20:08:56,5,-1,1,AA7207,0,2,30
T550/4,T556,20:09:46,5,1,-1,AA2353,0,2,40
T423,T421,20:10:27,5,-1,1,AA7207,0,2,40
T424,T559,20:11:27,5,1,-1,AA3041,0,2,171
T556,T557,20:11:58,5,2,-1,AA2353,0,2,90
M172/16,M247,20:12:48,5,5,1,AB6171,0,2,424
T557,T558,20:13:08,5,2,-1,AA2353,0,2,40
T559,T552,20:13:08,5,2,-1,AA3041,0,2,30
T421,T431,20:13:29,5,-1,1,AA7207,0,2,171
T552,T553,20:13:49,5,2,-1,AA3041,0,2,10
M172/7,T430,20:13:59,5,0,-1,AB6615,0,2,363
M247,M231,20:14:29,5,5,1,AB6171,0,2,30
T553,T554,20:14:29,5,2,-1,AA3041,0,2,30
T558,T551/1,20:15:10,5,3,1,AA2353,0,2,90
M172/16,M247,20:15:20,5,2,1,AB6136,0,2,444
T430,T328,20:15:53,5,0,-1,AB6615,0,2,83
M231,M219,20:16:13,5,5,2,AB6171,0,2,63
T554,T555/2,20:16:24,5,1,-1,AA3041,0,2,83
M247,M231,20:16:44,5,1,2,AB6136,0,2,10
T328,T420,20:17:49,5,0,1,AB6615,0,2,95
M231,M219,20:17:59,5,1,2,AB6136,0,2,34
T555/2,T550/4,20:17:59,5,-1,-1,AA3041,0,2,74
T431,M172/16,20:18:19,5,-1,1,AA7207,0,2,280
M219,M50,20:18:19,5,5,1,AB6171,0,2,84
T420,T422,20:18:49,5,0,1,AB6615,0,2,30
T551/1,T425,20:19:09,5,4,1,AA2353,0,2,196
T422,T424,20:19:57,5,0,1,AB6615,0,2,57
T425,T423,20:20:47,5,4,1,AA2353,0,2,40
T423,T421,20:21:48,5,4,1,AA2353,0,2,30
T424,T559,20:23:19,5,0,-1,AB6615,0,2,191
T559,T552,20:24:52,5,0,-1,AB6615,0,2,32
T552,T553,20:25:12,5,0,-1,AB6615,0,2,10
T421,T431,20:25:22,5,4,1,AA2353,0,2,183
T550/4,T556,20:25:53,5,2,-1,AA5945,0,2,30
T553,T554,20:25:53,5,0,-1,AB6615,0,2,30
M172/16,M247,20:26:23,5,-1,1,AA7207,0,2,375
M247,M231,20:27:17,5,-1,2,AA7207,0,2,10
T554,T555/2,20:27:38,5,0,-1,AB6615,0,2,74
M50,M172/7,20:27:48,5,5,1,AB6171,0,2,538
T556,T557,20:28:08,5,3,-1,AA5945,0,2,60
M219,M172/7,20:28:08,5,0,1,AB6136,1,2,568
T555/2,T550/4,20:28:48,5,-1,-1,AB6615,0,2,60
M231,M219,20:28:58,5,-1,2,AA7207,0,2,90
T557,T558,20:29:09,5,3,-1,AA5945,0,2,30
T431,M172/16,20:30:34,5,4,1,AA2353,0,2,302
M219,M50,20:30:55,5,-1,1,AA7207,0,2,71
T558,T551/1,20:31:35,5,3,1,AA5945,0,2,91
T551/1,T425,20:35:27,5,2,1,AA5945,0,2,171
M172/7,T430,20:36:10,5,0,-1,AB6136,0,2,356
T425,T423,20:36:34,5,2,1,AA5945,0,2,45
M172/7,T430,20:36:34,5,5,-1,AB6171,0,2,401
T430,T328,20:37:45,5,0,-1,AB6136,0,2,84
T423,T421,20:37:55,5,2,1,AA5945,0,2,50
T430,T328,20:38:35,5,5,-1,AB6171,0,2,101
M172/16,M247,20:40:25,5,4,1,AA2353,0,2,520
T328,T420,20:40:25,5,0,1,AB6136,0,2,130
M50,M172/7,20:40:55,5,-1,1,AA7207,0,2,560
T328,T420,20:41:06,5,5,1,AB6171,0,2,130
T421,T431,20:41:26,5,2,1,AA5945,0,2,190
M247,M231,20:41:26,5,2,1,AA2353,0,2,20
T420,T422,20:41:36,5,0,1,AB6136,0,2,50
T420,T422,20:42:06,5,5,1,AB6171,0,2,30
T422,T424,20:43:07,5,0,1,AB6136,0,2,80
T422,T424,20:43:17,5,5,1,AB6171,0,2,60
M231,M219,20:43:37,5,2,2,AA2353,0,2,90
T550/4,T556,20:45:38,5,2,-1,AB6393,0,2,40
M219,M50,20:45:38,5,2,1,AA2353,0,2,60
T431,M172/16,20:46:09,5,2,1,AA5945,0,2,272
T424,T559,20:46:39,5,0,-1,AB6136,0,2,181
M172/7,T430,20:47:19,5,-1,-1,AA7207,0,2,323
T556,T557,20:47:40,5,2,-1,AB6393,0,2,80
T424,T559,20:47:40,5,5,-1,AB6171,0,2,232
T559,T552,20:47:50,5,1,-1,AB6136,0,2,40
T552,T553,20:48:10,5,1,-1,AB6136,0,2,10
T559,T552,20:48:32,5,5,-1,AB6171,0,2,21
T557,T558,20:48:42,5,2,-1,AB6393,0,2,31
T552,T553,20:49:12,5,5,-1,AB6171,0,1,10
T553,T554,20:50:05,5,5,-1,AB6171,0,1,43
T553,T555/2,20:50:15,5,1,-1,AB6136,1,1,115
T558,T551/1,20:50:25,5,3,1,AB6393,0,1,83
T430,T420,20:50:46,5,-1,1,AA7207,1,1,186
T555/2,T550/4,20:51:36,5,-1,-1,AB6136,0,1,70
T554,T555/2,20:51:46,5,5,-1,AB6171,0,1,80
T555/2,T550/4,20:53:17,5,-1,-1,AB6171,0,1,60
T551/1,T425,20:54:08,5,1,1,AB6393,0,1,171
M50,M172/7,20:54:08,5,2,1,AA2353,0,1,489
T425,T423,20:54:48,5,1,1,AB6393,0,1,30
M172/16,M247,20:55:28,5,4,2,AA5945,0,1,468
T423,T421,20:55:39,5,1,1,AB6393,0,1,40
M247,M231,20:56:32,5,2,1,AA5945,0,1,12
T420,T559,20:56:32,5,-1,-1,AA7207,2,1,316
T559,T552,20:57:53,5,-1,-1,AA7207,0,1,30
T552,T553,20:58:13,5,-1,-1,AA7207,0,1,10
M231,M219,20:58:23,5,2,2,AA5945,0,1,80
T421,T431,20:58:54,5,1,1,AB6393,0,1,174
T553,T554,20:59:14,5,-1,-1,AA7207,0,1,50
M219,M50,21:00:05,5,2,1,AA5945,0,1,71
M172/7,T430,21:00:35,5,2,-1,AA2353,0,1,337
T554,T555/2,21:00:35,5,-1,-1,AA7207,0,1,71
T430,T328,21:02:06,5,2,-1,AA2353,0,1,80
T555/2,T550/4,21:02:16,5,-1,-1,AA7207,0,1,70
T431,M172/16,21:03:37,5,1,1,AB6393,0,1,273
T328,T420,21:04:07,5,2,1,AA2353,0,1,90
T420,T422,21:05:18,5,2,1,AA2353,0,1,40
T422,T424,21:06:29,5,2,1,AA2353,0,1,60
M50,M172/7,21:08:20,5,3,1,AA5945,0,1,464
T550/4,T556,21:08:34,5,-1,-1,AA7207,0,1,44
T424,T559,21:10:25,5,2,-1,AA2353,0,1,195
T556,T557,21:11:26,5,-1,-1,AA7207,0,1,90
T559,T552,21:11:51,5,1,-1,AA2353,0,1,25
M172/16,M247,21:12:01,5,3,1,AB6393,0,1,433
T552,T553,21:12:35,5,1,-1,AA2353,0,1,13
M247,M231,21:13:05,5,3,2,AB6393,0,1,20
T553,T554,21:13:26,5,2,-1,AA2353,0,1,40
T557,T558,21:14:26,5,-1,-1,AA7207,0,1,40
M231,M219,21:14:46,5,2,2,AB6393,0,1,60
M172/7,T430,21:14:46,5,3,-1,AA5945,0,1,372
T554,T555/2,21:14:57,5,2,-1,AA2353,0,1,70
T558,T551/1,21:16:17,5,-1,1,AA7207,0,1,80
T555/2,T550/4,21:16:17,5,-1,-1,AA2353,0,1,60
T430,T328,21:16:38,5,3,-1,AA5945,0,1,80
M219,M50,21:16:48,5,2,1,AB6393,0,1,80
T328,T420,21:18:39,5,3,1,AA5945,0,1,101
T551/1,T425,21:19:50,5,-1,1,AA7207,0,1,171
T425,T423,21:20:44,5,-1,1,AA7207,0,1,34
T420,T424,21:20:44,5,3,1,AA5945,1,1,95
T423,T421,21:21:56,5,-1,1,AA7207,0,1,40
T424,T559,21:24:07,5,3,-1,AA5945,0,1,181
M50,M172/7,21:24:38,5,2,1,AB6393,0,1,439
T421,T431,21:25:28,5,-1,1,AA7207,0,1,181
T559,T552,21:25:28,5,3,-1,AA5945,0,1,20
T552,T553,21:26:09,5,3,-1,AA5945,0,1,10
T553,T554,21:26:49,5,3,-1,AA5945,0,1,30
T550/4,T556,21:27:29,5,4,-1,AA2353,0,1,40
T554,T555/2,21:28:10,5,3,-1,AA5945,0,1,70
T555/2,T550/4,21:29:34,5,-1,-1,AA5945,0,1,50
T556,T557,21:29:54,5,4,-1,AA2353,0,1,80
T431,M172/16,21:30:14,5,-1,1,AA7207,0,1,276
T557,T558,21:31:15,5,4,-1,AA2353,0,1,30
M172/7,T430,21:31:35,5,2,-1,AB6393,0,1,397
T430,T328,21:33:30,5,2,-1,AB6393,0,1,94
T558,T551/1,21:33:40,5,4,1,AA2353,0,1,84
T328,T420,21:35:25,5,2,1,AB6393,0,1,94
T420,T422,21:36:15,5,2,1,AB6393,0,1,30
T422,T424,21:36:56,5,2,1,AB6393,0,1,30
T551/1,T425,21:38:08,5,4,1,AA2353,0,1,172
T425,T423,21:38:58,5,4,1,AA2353,0,1,40
M172/16,M247,21:38:58,5,-1,1,AA7207,0,1,378
T424,T559,21:40:09,5,2,-1,AB6393,0,1,172
M247,M231,21:40:19,5,-1,1,AA7207,0,1,20
T423,T421,21:40:49,5,4,1,AA2353,0,1,60
T559,T552,21:41:33,5,2,-1,AB6393,0,1,23
T552,T553,21:42:03,5,2,-1,AB6393,0,1,10
M231,M219,21:42:24,5,-1,1,AA7207,0,1,74
T553,T554,21:42:44,5,2,-1,AB6393,0,1,30
T550/4,T556,21:43:25,5,3,-1,AA5945,0,1,40
T421,T431,21:44:15,5,4,1,AA2353,0,1,185
M219,M50,21:44:25,5,-1,1,AA7207,0,1,70
T554,T555/2,21:44:25,5,2,-1,AB6393,0,1,80
T555/2,T550/4,21:45:56,5,-1,-1,AB6393,0,1,70
T556,T557,21:46:37,5,5,-1,AA5945,0,1,90
T557,T558,21:47:17,5,5,-1,AA5945,0,1,30
T431,M172/16,21:49:08,5,4,1,AA2353,0,1,282
T558,T551/1,21:49:18,5,5,1,AA5945,0,1,80
M50,M172/7,21:51:40,5,-1,1,AA7207,0,1,404
T551/1,T425,21:53:54,5,3,1,AA5945,0,1,165
T425,T423,21:54:45,5,3,1,AA5945,0,1,40
T423,T421,21:56:16,5,4,1,AA5945,0,1,40
T421,T431,21:59:34,5,4,1,AA5945,0,1,177
M172/7,T430,21:59:34,5,-1,-1,AA7207,0,1,319
T550/4,T556,22:02:46,5,4,-1,AB6393,0,1,40
T430,T420,22:03:06,5,-1,1,AA7207,1,1,192
T420,T422,22:04:07,5,-1,1,AA7207,0,1,30
T431,M172/16,22:04:37,5,4,1,AA5945,0,1,282
T556,T557,22:04:47,5,3,-1,AB6393,0,1,90
T557,T558,22:05:48,5,3,-1,AB6393,0,1,40
T422,T424,22:06:08,5,-1,1,AA7207,0,1,111
T558,T551/1,22:07:29,5,4,1,AB6393,0,1,80
T424,T559,22:09:10,5,-1,-1,AA7207,0,1,171
T559,T552,22:10:33,5,-1,-1,AA7207,0,1,30
T552,T553,22:11:03,5,-1,-1,AA7207,0,1,20
T551/1,T425,22:11:13,5,1,1,AB6393,0,1,173
T553,T554,22:11:33,5,-1,-1,AA7207,0,1,20
T425,T423,22:12:04,5,1,1,AB6393,0,1,30
T554,T555/2,22:12:54,5,-1,-1,AA7207,0,1,70
T423,T421,22:13:24,5,2,1,AB6393,0,1,40
M172/16,M247,22:13:55,5,5,1,AA5945,0,1,416
T555/2,T550/4,22:14:25,5,-1,-1,AA7207,0,1,60
M247,M219,22:16:16,5,3,2,AA5945,1,1,80
T421,T431,22:17:07,5,3,1,AB6393,0,1,171
M219,M50,22:18:48,5,4,1,AA5945,0,1,111
T430,T328,22:19:38,5,5,-1,AA2353,0,1,70
T550/4,T556,22:21:30,5,0,-1,AA7249,0,1,41
T328,T420,22:21:51,5,4,1,AA2353,0,1,102
T431,M172/16,22:22:21,5,3,1,AB6393,0,1,283
T420,T422,22:22:46,5,4,1,AA2353,0,1,24
T422,T424,22:23:36,5,4,1,AA2353,0,1,40
T556,T557,22:24:16,5,1,-1,AA7249,0,1,80
T557,T558,22:25:07,5,2,-1,AA7249,0,1,20
T558,T551/1,22:26:48,5,2,1,AA7249,0,1,80
T424,T559,22:27:18,5,4,-1,AA2353,0,1,202
M50,M172/7,22:27:38,5,4,1,AA5945,0,1,500
T559,T552,22:28:19,5,3,-1,AA2353,0,1,30
T550/4,T556,22:29:41,5,-1,-1,AA7207,0,1,31
T552,T554,22:29:41,5,3,-1,AA2353,1,1,52
T551/1,T425,22:30:33,5,1,1,AA7249,0,1,174
M172/16,M247,22:30:33,5,4,1,AB6393,0,1,386
T554,T555/2,22:31:04,5,3,-1,AA2353,0,1,62
T425,T423,22:31:24,5,1,1,AA7249,0,1,40
T556,T557,22:31:44,5,-1,-1,AA7207,0,1,82
T555/2,T550/4,22:32:24,5,-1,-1,AA2353,0,1,50
T557,T558,22:32:35,5,-1,-1,AA7207,0,1,30
M247,M231,22:32:35,5,3,1,AB6393,0,1,10
M172/7,T430,22:33:05,5,4,-1,AA5945,0,1,316
M231,M219,22:33:45,5,2,3,AB6393,0,1,40
T558,T551/1,22:34:06,5,-1,1,AA7207,0,1,80
T423,T421,22:34:16,5,4,1,AA7249,0,1,30
T430,T328,22:35:06,5,4,-1,AA5945,0,1,91
M219,M50,22:37:07,5,2,1,AB6393,0,1,111
T328,T420,22:37:07,5,4,1,AA5945,0,1,90
T551/1,T425,22:37:18,5,-1,1,AA7207,0,1,171
T421,T431,22:37:48,5,4,1,AA7249,0,1,171
T425,T423,22:38:12,5,-1,1,AA7207,0,1,24
T420,T422,22:38:12,5,3,1,AA5945,0,1,24
T422,T424,22:39:13,5,3,1,AA5945,0,1,50
T423,T421,22:39:33,5,-1,1,AA7207,0,1,40
T424,T559,22:42:36,5,3,-1,AA5945,0,1,192
T431,M172/16,22:42:56,5,4,1,AA7249,0,1,283
T550/4,T556,22:43:06,5,0,-1,AA2353,0,1,30
T421,T431,22:43:36,5,-1,1,AA7207,0,1,182
T559,T552,22:44:07,5,3,-1,AA5945,0,1,20
T556,T557,22:45:07,5,1,-1,AA2353,0,1,80
T553,T554,22:45:17,5,3,-1,AA5945,0,1,30
M50,M172/7,22:45:48,5,2,1,AB6393,0,1,479
T557,T558,22:46:08,5,1,-1,AA2353,0,1,30
T554,T555/2,22:46:38,5,3,-1,AA5945,0,1,60
T558,T551/1,22:47:39,5,1,1,AA2353,0,1,80
T555/2,T550/4,22:48:09,5,-1,-1,AA5945,0,1,60
T431,M172/16,22:48:19,5,-1,1,AA7207,0,1,272
T551/1,T425,22:51:04,5,0,-1,AA2353,0,1,174
T425,T423,22:52:05,5,0,-1,AA2353,0,1,40
M172/16,M247,22:52:15,5,5,-1,AA7249,0,1,387
M172/7,T430,22:53:05,5,4,-1,AB6393,0,1,326
M247,M231,22:53:46,5,5,-1,AA7249,0,1,10
T423,T421,22:53:56,5,1,-1,AA2353,0,1,30
T430,T328,22:54:56,5,3,-1,AB6393,0,1,90
M231,M219,22:55:47,5,5,3,AA7249,0,1,70
M172/16,M247,22:56:27,5,-1,1,AA7207,0,1,427
M247,M231,22:57:08,5,-1,1,AA7207,0,1,10
T328,T420,22:57:08,5,3,1,AB6393,0,1,111
T550/4,T556,22:57:18,5,0,-1,AA5945,0,1,30
T421,T431,22:57:18,5,1,1,AA2353,0,1,181
M219,M50,22:57:58,5,5,1,AA7249,0,1,60
T420,T422,22:58:08,5,2,1,AB6393,0,1,30
M231,M219,22:58:49,5,-1,3,AA7207,0,1,60
T556,T557,22:59:09,5,0,-1,AA5945,0,1,80
T422,T424,22:59:29,5,2,1,AB6393,0,1,70
T557,T558,23:00:00,5,0,-1,AA5945,0,1,30
M219,M50,23:00:40,5,-1,1,AA7207,0,1,40
T558,T551/1,23:01:43,5,0,1,AA5945,0,1,83
T431,M172/16,23:02:13,5,1,1,AA2353,0,1,285
T424,T559,23:03:05,5,3,-1,AB6393,0,1,185
T559,T552,23:04:25,5,2,-1,AB6393,0,1,20
T551/1,T425,23:04:56,5,0,1,AA5945,0,1,162
T552,T553,23:05:06,5,2,-1,AB6393,0,1,10
T425,T423,23:05:46,5,0,1,AA5945,0,1,40
T553,T554,23:05:46,5,1,-1,AB6393,0,1,30
T554,T555/2,23:07:07,5,1,-1,AB6393,0,1,70
T423,T421,23:07:17,5,1,1,AA5945,0,1,30
M50,M172/7,23:07:27,5,5,1,AA7249,0,1,498
M50,M172/7,23:07:48,5,-1,1,AA7207,0,1,407
T555/2,T550/4,23:08:18,5,-1,-1,AB6393,0,1,50
M172/16,M247,23:10:49,5,2,2,AA2353,0,1,434
T421,T431,23:10:59,5,2,1,AA5945,0,1,171
M247,M231,23:11:50,5,0,2,AA2353,0,1,10
T550/4,T556,23:12:44,5,2,-1,AB6393,0,1,23
M172/7,T430,23:13:24,5,5,-1,AA7249,0,1,316
M172/7,T430,23:14:15,5,-1,-1,AA7207,0,1,376
M231,M219,23:14:25,5,0,2,AA2353,0,1,124
T556,T557,23:15:05,5,2,-1,AB6393,0,1,80
T430,T328,23:15:25,5,5,-1,AA7249,0,1,101
M219,M50,23:15:35,5,0,1,AA2353,0,1,30
T430,T328,23:15:35,5,-1,-1,AA7207,0,1,70
T557,T558,23:16:06,5,3,-1,AB6393,0,1,40
T431,M172/16,23:16:06,5,2,1,AA5945,0,1,275
T328,T420,23:17:06,5,5,1,AA7249,0,1,90
T328,T420,23:17:27,5,-1,1,AA7207,0,1,101
T558,T551/1,23:17:47,5,3,-1,AB6393,0,1,80
T420,T422,23:18:17,5,5,1,AA7249,0,1,30
T420,T422,23:18:27,5,-1,1,AA7207,0,1,40
T422,T424,23:18:57,5,5,-1,AA7249,0,1,30
T422,T424,23:19:08,5,-1,-1,AA7207,0,1,30
T551/1,T425,23:21:29,5,2,1,AB6393,0,1,161
T424,T559,23:21:59,5,5,-1,AA7249,0,1,171
T425,T423,23:22:19,5,2,1,AB6393,0,1,40
T424,T559,23:22:19,5,-1,-1,AA7207,0,1,181
T423,T421,23:23:34,5,3,1,AB6393,0,1,34
T559,T552,23:23:34,5,5,-1,AA7249,0,1,34
T559,T552,23:23:34,5,-1,-1,AA7207,0,1,24
T552,T553,23:24:04,5,-1,-1,AA7207,0,1,20
T552,T553,23:24:04,5,5,-1,AA7249,0,1,10
M172/16,M247,23:24:14,5,3,1,AA5945,0,1,397
M50,M172/7,23:24:14,5,0,1,AA2353,0,1,448
T553,T554,23:24:45,5,-1,-1,AA7207,0,1,30
T553,T554,23:24:45,5,5,-1,AA7249,0,1,30
M247,M231,23:25:25,5,2,1,AA5945,0,1,10
T554,T555/2,23:25:56,5,-1,-1,AA7207,0,1,60
T554,T555/2,23:26:06,5,5,-1,AA7249,0,1,70
T421,T431,23:26:56,5,3,1,AB6393,0,1,171
T555/2,T550/4,23:27:16,5,-1,-1,AA7249,0,1,60
T555/2,T550/4,23:27:26,5,-1,-1,AA7207,0,1,60
M231,M219,23:27:47,5,2,2,AA5945,0,1,121
M219,M50,23:28:57,5,2,1,AA5945,0,1,30
M172/7,T430,23:30:29,5,0,-1,AA2353,0,1,323
T550/4,T556,23:31:19,5,1,-1,AA7249,0,1,40
T431,M172/16,23:31:49,5,3,1,AB6393,0,1,273
T430,T328,23:32:20,5,0,-1,AA2353,0,1,101
T556,T557,23:33:02,5,1,-1,AA7249,0,1,72
T557,T558,23:33:32,5,1,-1,AA7249,0,1,20
T328,T420,23:34:23,5,0,1,AA2353,0,1,101
T558,T551/1,23:35:34,5,1,1,AA7249,0,1,81
T420,T422,23:35:54,5,0,1,AA2353,0,1,30
T422,T424,23:37:35,5,0,1,AA2353,0,1,90
T551/1,T425,23:38:56,5,1,1,AA7249,0,1,171
M172/16,M247,23:39:27,5,2,1,AB6393,0,1,384
T425,T423,23:39:47,5,1,1,AA7249,0,1,40
M247,M231,23:40:17,5,1,2,AB6393,0,1,10
T424,T559,23:40:37,5,0,-1,AA2353,0,1,171
T423,T421,23:41:08,5,2,1,AA7249,0,1,40
M231,M219,23:41:08,5,1,2,AB6393,0,1,20
T550/4,T556,23:41:28,5,-1,-1,AA7207,0,1,30
T559,T552,23:42:08,5,0,-1,AA2353,0,1,20
M219,M50,23:42:18,5,2,1,AB6393,0,1,30
T552,T553,23:42:29,5,0,-1,AA2353,0,1,10
M50,T430,23:43:09,5,2,-1,AA5945,1,1,831
T553,T554,23:43:09,5,0,-1,AA2353,0,1,30
T556,T557,23:43:29,5,-1,-1,AA7207,0,1,80
T557,T558,23:44:10,5,-1,-1,AA7207,0,1,30
T554,T555/2,23:44:20,5,0,-1,AA2353,0,1,60
T430,T328,23:44:42,5,2,-1,AA5945,0,1,82
T421,T431,23:45:12,5,4,1,AA7249,0,1,163
T558,T551/1,23:45:54,5,-1,1,AA7207,0,1,82
T555/2,T550/4,23:45:54,5,-1,-1,AA2353,0,1,72
T328,T420,23:46:55,5,2,1,AA5945,0,1,122
T551/1,T425,23:49:16,5,-1,1,AA7207,0,1,161
T425,T423,23:49:57,5,-1,1,AA7207,0,1,30
M50,M172/7,23:50:07,5,1,1,AB6393,0,1,448
T431,M172/16,23:50:17,5,5,1,AA7249,0,1,273
T423,T421,23:50:58,5,-1,1,AA7207,0,1,40
T420,T559,23:51:38,5,2,-1,AA5945,2,1,262
T550/4,T556,23:52:49,5,0,-1,AA2353,0,1,40
T559,T552,23:53:09,5,2,-1,AA5945,0,1,20
T552,T553,23:53:29,5,2,-1,AA5945,0,1,10
T553,T554,23:54:10,5,2,-1,AA5945,0,1,30
T556,T557,23:54:32,5,0,-1,AA2353,0,1,72
T421,T431,23:54:52,5,-1,1,AA7207,0,1,163
T554,T555/2,23:55:22,5,2,-1,AA5945,0,1,62
T557,T558,23:55:34,5,0,-1,AA2353,0,1,41
M172/7,T430,23:55:44,5,2,-1,AB6393,0,1,306
T555/2,T550/4,23:56:45,5,-1,-1,AA5945,0,1,50
T558,T551/1,23:57:15,5,0,1,AA2353,0,1,80
T430,T328,23:57:25,5,2,-1,AB6393,0,1,70
T328,T420,23:58:56,5,2,1,AB6393,0,1,80
M172/16,M247,23:59:17,5,5,1,AA7249,0,1,458
T431,M172/16,23:59:37,5,-1,1,AA7207,0,1,274
T420,T422,23:59:57,5,2,1,AB6393,0,1,30
M247,M231,0:00:27,6,5,3,AA7249,0,1,20
T551/1,T423,0:01:18,6,0,1,AA2353,1,1,212
T423,T421,0:02:39,6,0,1,AA2353,0,1,30
M231,M219,0:02:49,6,5,2,AA7249,0,1,111
M219,M50,0:03:49,6,5,1,AA7249,0,1,20
T422,T559,0:03:59,6,2,-1,AB6393,1,1,232
T559,T552,0:05:13,6,1,-1,AB6393,0,1,20
T421,T431,0:06:04,6,0,1,AA2353,0,1,164
T553,T554,0:06:14,6,1,-1,AB6393,0,1,30
M172/16,M247,0:06:24,6,-1,1,AA7207,0,1,376
M247,M231,0:07:04,6,-1,3,AA7207,0,1,10
T554,T555/2,0:07:24,6,1,-1,AB6393,0,1,60
M231,M219,0:08:05,6,-1,3,AA7207,0,1,50
T555/2,T550/4,0:08:46,6,-1,-1,AB6393,0,1,50
M219,M50,0:08:56,6,-1,1,AA7207,0,1,30
M50,M172/7,0:10:57,6,5,1,AA7249,0,1,397
T550/4,T556,0:11:07,6,0,-1,AA5945,0,1,30
T431,M172/16,0:11:07,6,0,1,AA2353,0,1,273
T556,T557,0:12:48,6,0,-1,AA5945,0,1,80
T557,T558,0:13:39,6,0,-1,AA5945,0,1,30
T558,T551/1,0:15:30,6,1,1,AA5945,0,1,80
M50,M172/7,0:16:20,6,-1,1,AA7207,0,1,414
M172/7,T430,0:17:25,6,5,-1,AA7249,0,1,327
M172/16,M247,0:18:37,6,0,1,AA2353,0,1,409
T551/1,T425,0:19:08,6,1,1,AA5945,0,1,167
M247,M231,0:19:18,6,0,2,AA2353,0,1,10
T430,T328,0:19:18,6,5,-1,AA7249,0,1,92
T425,T423,0:19:48,6,1,1,AA5945,0,1,30
T423,T421,0:21:09,6,2,1,AA5945,0,1,30
M231,M219,0:21:09,6,0,2,AA2353,0,1,80
T328,T420,0:21:09,6,5,1,AA7249,0,1,90
M219,M50,0:22:00,6,0,1,AA2353,0,1,20
M172/7,T430,0:22:10,6,-1,-1,AA7207,0,1,325
T420,T422,0:22:10,6,5,1,AA7249,0,1,30
T430,T328,0:23:45,6,-1,-1,AA7207,0,1,70
T422,T424,0:23:45,6,5,1,AA7249,0,1,84
T421,T431,0:24:25,6,2,1,AA5945,0,1,165
T328,T420,0:25:15,6,-1,1,AA7207,0,1,80
T420,T422,0:25:56,6,-1,1,AA7207,0,1,30
T422,T424,0:26:46,6,-1,1,AA7207,0,1,40
T424,T559,0:27:07,6,5,-1,AA7249,0,1,181
T559,T552,0:28:27,6,5,-1,AA7249,0,1,30
T552,T553,0:28:58,6,5,-1,AA7249,0,1,10
T431,M172/16,0:29:18,6,2,1,AA5945,0,1,262
M50,M172/7,0:29:18,6,0,1,AA2353,0,1,404
T553,T554,0:29:48,6,5,-1,AA7249,0,1,30
T424,T559,0:30:12,6,-1,-1,AA7207,0,1,195
T559,T552,0:31:04,6,-1,-1,AA7207,0,1,20
T554,T555/2,0:31:04,6,5,-1,AA7249,0,1,41
T552,T553,0:31:45,6,-1,-1,AA7207,0,1,10
T555/2,T550/4,0:32:45,6,-1,-1,AA7249,0,1,60
T553,T555/2,0:33:36,6,-1,-1,AA7207,1,1,101
T555/2,T550/4,0:34:46,6,-1,-1,AA7207,0,1,60
M172/7,T430,0:35:07,6,0,-1,AA2353,0,1,294
M172/16,M247,0:36:38,6,2,1,AA5945,0,1,375
T430,T328,0:36:58,6,0,-1,AA2353,0,1,100
T328,T420,0:38:29,6,0,1,AA2353,0,1,80
T420,T422,0:39:09,6,0,1,AA2353,0,1,30
M247,M219,0:39:39,6,1,2,AA5945,1,1,141
T422,T424,0:40:10,6,0,1,AA2353,0,1,50
M219,M50,0:40:44,6,1,1,AA5945,0,1,34
T424,T559,0:43:25,6,0,-1,AA2353,0,1,185
T559,T552,0:44:26,6,0,-1,AA2353,0,1,20
T552,T553,0:45:06,6,0,-1,AA2353,0,1,10
T553,T554,0:45:47,6,0,-1,AA2353,0,1,30
T554,T555/2,0:47:08,6,0,-1,AA2353,0,1,60
M50,M172/7,0:47:28,6,1,1,AA5945,0,1,383
T555/2,T550/4,0:48:18,6,-1,-1,AA2353,0,1,60
M172/7,T328,0:55:07,6,1,-1,AA5945,1,2,409
T328,T420,0:56:58,6,1,1,AA5945,0,2,90
T420,T422,0:57:49,6,1,1,AA5945,0,2,30
T422,T424,0:58:29,6,1,1,AA5945,0,2,20
T424,T559,1:01:24,6,1,-1,AA5945,0,2,164
T559,T552,1:02:55,6,1,-1,AA5945,0,2,30
T552,T553,1:03:35,6,1,-1,AA5945,0,2,20
T553,T554,1:04:05,6,1,-1,AA5945,0,2,20
T554,T555/2,1:05:26,6,1,-1,AA5945,0,2,70
T555/2,T550/4,1:06:27,6,-1,-1,AA5945,0,2,50
T550/4,T556,6:30:54,6,0,-1,AA7619,0,2,20
T556,T557,6:32:35,6,0,-1,AA7619,0,2,80
T557,T551/1,6:34:47,6,0,-1,AA7619,1,2,121
T551/1,T425,6:38:09,6,0,1,AA7619,0,2,161
T425,T423,6:38:59,6,0,1,AA7619,0,2,30
T423,T421,6:40:10,6,0,1,AA7619,0,2,40
T550/4,T556,6:40:53,6,0,-1,AA3041,0,2,33
T556,T557,6:42:24,6,0,-1,AA3041,0,2,80
T557,T558,6:43:04,6,0,-1,AA3041,0,2,30
T558,T551/1,6:44:46,6,0,-1,AA3041,0,2,81
T551/1,T425,6:47:58,6,0,1,AA3041,0,2,161
T425,T421,6:49:29,6,0,1,AA3041,1,2,80
T420,T422,6:49:49,6,3,1,AB6393,0,2,30
T422,T424,6:51:10,6,2,-1,AB6393,0,2,70
T550/4,T556,6:52:11,6,0,-1,AB6136,0,2,30
T556,T557,6:53:45,6,0,-1,AB6136,0,2,83
T424,T559,6:54:15,6,2,-1,AB6393,0,2,175
T557,T558,6:54:25,6,0,-1,AB6136,0,2,30
T421,M247,6:54:46,6,0,1,AA7619,2,2,865
T559,T552,6:55:36,6,2,-1,AB6393,0,2,20
T558,T551/1,6:55:56,6,0,-1,AB6136,0,2,80
T552,T553,6:56:16,6,2,-1,AB6393,0,2,10
M247,M231,6:56:37,6,1,1,AA7619,0,2,20
T553,T554,6:57:17,6,1,-1,AB6393,0,2,50
T554,T555/2,6:58:28,6,1,-1,AB6393,0,2,60
T551/1,T425,6:59:18,6,0,1,AB6136,0,2,161
M231,M219,6:59:28,6,1,2,AA7619,0,2,131
T555/2,T550/4,6:59:59,6,-1,-1,AB6393,0,2,50
M219,M50,7:02:03,6,1,1,AA7619,0,2,94
T550/4,T556,7:02:34,6,-1,-1,AA7207,0,2,40
T421,M247,7:03:14,6,0,1,AA3041,2,2,815
T556,T557,7:04:15,6,-1,-1,AA7207,0,2,90
M247,M231,7:04:25,6,0,1,AA3041,0,2,20
T557,T558,7:05:06,6,-1,-1,AA7207,0,2,40
T558,T551/1,7:06:47,6,-1,-1,AA7207,0,2,91
M231,M219,7:06:57,6,0,2,AA3041,0,2,101
M219,M50,7:07:47,6,0,1,AA3041,0,2,20
T551/1,T425,7:10:09,6,-1,1,AA7207,0,2,171
T425,T423,7:10:59,6,-1,1,AA7207,0,2,40
T423,T421,7:11:50,6,-1,1,AA7207,0,2,40
T550/4,T556,7:13:14,6,0,-1,AB6393,0,2,20
T556,T557,7:14:45,6,0,-1,AB6393,0,2,70
T557,T558,7:15:15,6,0,-1,AB6393,0,2,20
T558,T551/1,7:16:46,6,0,-1,AB6393,0,2,80
M247,M231,7:17:16,6,0,1,AB6136,0,2,20
M50,T420,7:18:37,6,2,1,AA7619,3,2,953
T420,T422,7:19:38,6,2,1,AA7619,0,2,50
M231,M219,7:19:48,6,0,2,AB6136,0,2,141
T551/1,T425,7:19:58,6,0,1,AB6393,0,2,161
T425,T423,7:20:38,6,0,1,AB6393,0,2,30
M219,M50,7:20:38,6,0,1,AB6136,0,2,20
T422,T424,7:20:59,6,2,-1,AA7619,0,2,70
T423,T421,7:21:39,6,0,1,AB6393,0,2,40
T550/4,T556,7:22:09,6,0,-1,AB6705,0,2,40
M50,T420,7:22:09,6,0,1,AA3041,3,2,841
T420,T422,7:23:02,6,0,1,AA3041,0,2,30
T556,T557,7:23:52,6,0,-1,AB6705,0,2,80
T422,T424,7:24:32,6,0,-1,AA3041,0,2,80
T424,T559,7:24:53,6,2,-1,AA7619,0,2,183
T557,T551/1,7:26:04,6,0,-1,AB6705,1,2,122
T559,T552,7:26:45,6,1,-1,AA7619,0,2,30
T421,M247,7:27:05,6,-1,1,AA7207,2,2,905
T552,T553,7:27:36,6,1,-1,AA7619,0,2,11
T424,T559,7:27:46,6,0,-1,AA3041,0,2,183
M247,M231,7:28:06,6,-1,1,AA7207,0,2,20
T553,T554,7:28:17,6,1,-1,AA7619,0,2,30
T559,T552,7:28:57,6,0,-1,AA3041,0,2,20
T551/1,T425,7:29:27,6,0,1,AB6705,0,2,172
T552,T553,7:29:37,6,0,-1,AA3041,0,2,10
T554,T555/2,7:29:47,6,1,-1,AA7619,0,2,60
T425,T423,7:30:08,6,0,1,AB6705,0,2,30
T553,T554,7:30:18,6,0,-1,AA3041,0,2,30
M231,M219,7:30:48,6,-1,2,AA7207,0,2,131
T423,T421,7:30:58,6,0,1,AB6705,0,2,40
T555/2,T550/4,7:31:28,6,-1,-1,AA7619,0,2,60
T554,T555/2,7:31:39,6,0,-1,AA3041,0,2,70
T550/4,T556,7:32:09,6,0,-1,AA5945,0,2,40
M219,M50,7:33:20,6,-1,1,AA7207,0,2,100
T555/2,T550/4,7:33:30,6,-1,-1,AA3041,0,2,80
T556,T557,7:34:00,6,0,-1,AA5945,0,2,90
M50,T420,7:34:10,6,3,1,AB6344,3,2,892
T557,T558,7:34:44,6,0,-1,AA5945,0,2,33
T420,T422,7:35:14,6,3,1,AB6344,0,2,30
T558,T551/1,7:36:25,6,0,-1,AA5945,0,2,80
T422,T424,7:36:25,6,2,-1,AB6344,0,2,60
T421,M247,7:37:46,6,0,1,AB6393,2,2,936
T420,T422,7:38:36,6,0,1,AB6136,0,2,30
M247,M231,7:38:56,6,0,1,AB6393,0,2,30
T422,T424,7:39:27,6,0,-1,AB6136,0,2,40
T424,T559,7:39:37,6,2,-1,AB6344,0,2,181
T551/1,T425,7:39:57,6,0,1,AA5945,0,2,161
M231,M219,7:39:57,6,1,2,AB6393,0,2,40
M219,M50,7:40:58,6,1,1,AB6393,0,2,30
T425,T423,7:41:08,6,0,1,AA5945,0,2,40
T559,T552,7:41:08,6,2,-1,AB6344,0,2,30
T550/4,T556,7:41:38,6,0,-1,AA7619,0,2,30
T552,T553,7:41:38,6,2,-1,AB6344,0,2,10
T423,T421,7:42:18,6,0,1,AA5945,0,2,40
T553,T554,7:42:28,6,2,-1,AB6344,0,2,40
T424,T559,7:42:49,6,0,-1,AB6136,0,2,181
T556,T557,7:42:59,6,0,-1,AA7619,0,2,70
T557,T558,7:43:39,6,0,-1,AA7619,0,2,30
T559,T552,7:43:59,6,0,-1,AB6136,0,2,30
T554,T555/2,7:43:59,6,2,-1,AB6344,0,2,80
T552,T553,7:44:19,6,0,-1,AB6136,0,2,10
T553,T554,7:45:00,6,0,-1,AB6136,0,2,30
T558,T551/1,7:45:10,6,0,-1,AA7619,0,2,80
T555/2,T550/4,7:46:02,6,-1,-1,AB6344,0,2,82
T554,T555/2,7:46:28,6,0,-1,AB6136,0,2,55
T555/2,T550/4,7:47:58,6,-1,-1,AB6136,0,2,60
T551/1,T425,7:48:19,6,0,1,AA7619,0,2,156
M247,M231,7:48:49,6,0,1,AB6705,0,2,10
T425,T423,7:49:09,6,0,1,AA7619,0,2,40
M50,T420,7:49:39,6,-1,1,AA7207,3,2,949
T423,T421,7:50:10,6,0,1,AA7619,0,2,40
M231,M219,7:50:20,6,0,2,AB6705,0,2,50
T420,T422,7:50:20,6,-1,1,AA7207,0,2,30
T422,T424,7:51:12,6,-1,-1,AA7207,0,2,40
M219,M50,7:51:54,6,0,1,AB6705,0,2,31
T550/4,T556,7:52:44,6,0,-1,AA3041,0,2,20
T556,T557,7:54:15,6,0,-1,AA3041,0,2,70
M50,T420,7:54:47,6,1,1,AB6393,3,2,819
T424,T559,7:54:47,6,-1,-1,AA7207,0,2,193
T557,T558,7:55:07,6,0,-1,AA3041,0,2,30
T559,T552,7:55:57,6,-1,-1,AA7207,0,2,20
T558,T551/1,7:56:28,6,0,-1,AA3041,0,2,70
T552,T553,7:56:38,6,-1,-1,AA7207,0,2,10
T420,T424,7:56:48,6,1,-1,AB6393,1,2,101
T553,T554,7:57:28,6,-1,-1,AA7207,0,2,30
T554,T555/2,7:58:59,6,-1,-1,AA7207,0,2,80
T551/1,T425,8:00:00,6,0,1,AA3041,0,2,171
T424,T559,8:00:10,6,0,-1,AB6393,0,2,181
T425,T423,8:00:43,6,0,1,AA3041,0,2,32
T555/2,T550/4,8:00:43,6,-1,-1,AA7207,0,2,73
M247,M231,8:01:23,6,0,1,AA5945,0,2,30
T423,T421,8:01:35,6,0,1,AA3041,0,2,41
T559,T552,8:01:35,6,0,-1,AB6393,0,2,31
T552,T553,8:01:55,6,0,-1,AB6393,0,2,10
T553,T554,8:02:36,6,0,-1,AB6393,0,2,31
M231,M219,8:03:47,6,0,2,AA5945,0,2,132
T421,M247,8:04:07,6,0,1,AA7619,2,2,827
T554,T555/2,8:04:07,6,0,-1,AB6393,0,2,70
T550/4,T556,8:04:47,6,0,-1,AB6136,0,2,30
M219,M50,8:04:47,6,1,1,AA5945,0,2,30
M247,M231,8:05:18,6,0,1,AA7619,0,2,10
T555/2,T550/4,8:05:18,6,-1,-1,AB6393,0,2,60
T556,T557,8:06:49,6,1,-1,AB6136,0,2,80
M231,M219,8:07:29,6,0,2,AA7619,0,2,121
T557,T558,8:07:49,6,1,-1,AB6136,0,2,30
T420,T422,8:09:44,6,0,1,AB6705,0,2,33
T558,T551/1,8:09:54,6,2,-1,AB6136,0,2,73
T422,T424,8:11:14,6,0,-1,AB6705,0,2,80
T551/1,T425,8:13:26,6,2,1,AB6136,0,2,171
T425,T423,8:14:26,6,1,1,AB6136,0,2,40
T424,T559,8:15:07,6,0,-1,AB6705,0,2,201
T550/4,T556,8:15:17,6,-1,-1,AA7207,0,2,30
T423,T421,8:15:37,6,2,1,AB6136,0,2,30
T559,T553,8:16:58,6,0,-1,AB6705,1,2,50
T556,T557,8:17:08,6,-1,-1,AA7207,0,2,90
T421,M247,8:17:38,6,1,1,AA3041,2,2,891
T553,T554,8:17:38,6,0,-1,AB6705,0,2,30
T557,T558,8:18:09,6,-1,-1,AA7207,0,2,30
M247,M231,8:18:29,6,0,1,AA3041,0,2,10
T554,T555/2,8:19:09,6,0,-1,AB6705,0,2,70
T558,T551/1,8:20:00,6,-1,-1,AA7207,0,2,80
M231,M219,8:20:20,6,0,2,AA3041,0,2,60
T555/2,T550/4,8:20:33,6,-1,-1,AB6705,0,2,53
M50,T420,8:21:03,6,0,1,AA5945,3,2,955
M219,M50,8:21:14,6,0,1,AA3041,0,2,10
T420,T422,8:22:04,6,0,1,AA5945,0,2,30
M219,T420,8:22:55,6,0,1,AA7619,4,2,895
T422,T424,8:23:15,6,0,-1,AA5945,0,2,60
T551/1,T425,8:23:25,6,-1,1,AA7207,0,2,171
T425,T423,8:24:25,6,-1,1,AA7207,0,2,30
T420,T424,8:24:36,6,0,-1,AA7619,1,2,80
T423,T421,8:25:16,6,-1,1,AA7207,0,2,30
T550/4,T556,8:26:27,6,0,-1,AB6393,0,2,171
T424,T559,8:26:27,6,0,-1,AA5945,0,2,181
T556,T557,8:27:58,6,0,-1,AB6393,0,2,80
T424,T559,8:27:58,6,0,-1,AA7619,0,2,171
T559,T552,8:27:58,6,1,-1,AA5945,0,2,20
T552,T553,8:28:38,6,0,-1,AA5945,0,2,10
T559,T552,8:29:18,6,0,-1,AA7619,0,2,30
T553,T554,8:29:28,6,0,-1,AA5945,0,2,40
T552,T553,8:29:39,6,0,-1,AA7619,0,2,10
T557,T551/1,8:29:59,6,0,-1,AB6393,1,2,111
T554,T555/2,8:30:59,6,0,-1,AA5945,0,2,60
T421,M247,8:31:44,6,3,1,AB6136,2,2,926
T553,T555/2,8:31:44,6,0,-1,AA7619,1,2,115
T555/2,T550/4,8:32:24,6,-1,-1,AA5945,0,2,50
M247,M231,8:32:55,6,0,1,AB6136,0,2,20
T555/2,T550/4,8:32:55,6,-1,-1,AA7619,0,2,60
T551/1,T425,8:33:15,6,0,1,AB6393,0,2,165
T425,T423,8:33:56,6,0,1,AB6393,0,2,30
M231,M219,8:34:16,6,0,2,AB6136,0,2,40
T423,T421,8:34:36,6,0,1,AB6393,0,2,30
T550/4,T556,8:35:47,6,0,-1,AB6705,0,2,40
M219,M50,8:35:57,6,0,1,AB6136,0,2,70
M50,T420,8:36:27,6,0,1,AA3041,3,2,893
T556,T557,8:37:28,6,0,-1,AB6705,0,2,90
T420,T422,8:37:28,6,0,1,AA3041,0,2,30
T557,T558,8:38:29,6,0,-1,AB6705,0,2,40
T422,T424,8:39:19,6,0,-1,AA3041,0,2,100
T558,T551/1,8:40:20,6,0,-1,AB6705,0,2,80
T421,M247,8:40:30,6,-1,1,AA7207,2,2,903
M247,M231,8:41:20,6,-1,1,AA7207,0,2,10
T424,T559,8:42:22,6,0,-1,AA3041,0,2,173
M231,M219,8:43:34,6,-1,2,AA7207,0,2,122
T559,T552,8:43:34,6,0,-1,AA3041,0,2,30
T551/1,T425,8:43:55,6,0,1,AB6705,0,2,174
T552,T553,8:44:05,6,0,-1,AA3041,0,2,10
T553,T554,8:44:46,6,0,-1,AA3041,0,2,31
T425,T423,8:45:06,6,0,1,AB6705,0,2,41
M219,M50,8:45:06,6,-1,1,AA7207,0,2,20
T556,T557,8:46:07,6,0,-1,AA5945,0,2,80
T423,T421,8:46:07,6,0,1,AB6705,0,2,40
T554,T555/2,8:46:17,6,0,-1,AA3041,0,2,70
T557,T558,8:46:37,6,0,-1,AA5945,0,2,20
T558,T551/1,8:48:08,6,0,-1,AA5945,0,2,80
T421,M247,8:49:19,6,0,1,AB6393,2,2,862
M247,M231,8:50:19,6,0,1,AB6393,0,2,20
M231,M219,8:51:33,6,0,2,AB6393,0,2,53
M219,M50,8:52:34,6,0,1,AB6393,0,2,20
T551/1,T421,8:52:54,6,0,1,AA5945,2,2,255
T420,T422,8:54:55,6,0,1,AB6136,0,2,40
T550/4,T556,8:55:05,6,0,-1,AA7619,0,2,40
T422,T424,8:55:56,6,0,-1,AB6136,0,2,50
T556,T557,8:56:36,6,0,-1,AA7619,0,2,70
T557,T558,8:57:17,6,0,-1,AA7619,0,2,30
T558,T551/1,8:58:58,6,0,-1,AA7619,0,2,80
T424,T559,8:59:08,6,0,-1,AB6136,0,2,181
T559,T552,9:00:29,6,0,-1,AB6136,0,2,20
T552,T553,9:00:59,6,0,-1,AB6136,0,2,10
T553,T554,9:01:39,6,0,-1,AB6136,0,2,30
T551/1,T425,9:02:33,6,0,1,AA7619,0,2,174
T421,M247,9:02:43,6,0,1,AB6705,2,2,965
T554,T555/2,9:03:03,6,0,-1,AB6136,0,2,63
T425,T423,9:03:13,6,0,1,AA7619,0,2,30
T420,T422,9:03:23,6,-1,1,AA7207,0,2,30
M247,M231,9:03:34,6,0,1,AB6705,0,2,20
T422,T424,9:04:04,6,-1,-1,AA7207,0,2,30
T555/2,T550/4,9:04:34,6,-1,-1,AB6136,0,2,70
M231,M219,9:05:25,6,0,2,AB6705,0,2,80
T424,T559,9:07:17,6,-1,-1,AA7207,0,2,182
M50,T420,9:07:57,6,0,1,AB6393,3,2,913
T556,T557,9:08:27,6,0,-1,AA3041,0,2,70
M219,M50,9:08:38,6,0,1,AB6705,0,2,111
T559,T552,9:08:38,6,-1,-1,AA7207,0,2,20
T420,T422,9:08:48,6,0,1,AB6393,0,2,30
T557,T558,9:09:18,6,0,-1,AA3041,0,2,30
T552,T553,9:09:18,6,-1,-1,AA7207,0,2,10
T422,T424,9:09:48,6,0,-1,AB6393,0,2,50
T553,T554,9:09:58,6,-1,-1,AA7207,0,2,30
M247,M231,9:10:49,6,0,1,AA5945,0,2,20
T558,T551/1,9:10:59,6,0,-1,AA3041,0,2,80
T554,T555/2,9:11:50,6,-1,-1,AA7207,0,2,80
T424,T559,9:13:04,6,0,-1,AB6393,0,2,175
T555/2,T550/4,9:13:14,6,-1,-1,AA7207,0,2,54
M231,M219,9:13:25,6,0,2,AA5945,0,2,145
T559,T552,9:14:15,6,0,-1,AB6393,0,2,20
T551/1,T425,9:14:35,6,0,1,AA3041,0,2,165
M219,M50,9:14:35,6,0,1,AA5945,0,2,30
T552,T553,9:14:56,6,0,-1,AB6393,0,2,20
T425,T423,9:15:16,6,0,1,AA3041,0,2,30
T553,T554,9:15:36,6,0,-1,AB6393,0,2,30
T423,T421,9:16:27,6,0,1,AA3041,0,2,40
T554,T555/2,9:16:57,6,0,-1,AB6393,0,2,70
T555/2,T550/4,9:18:08,6,-1,-1,AB6393,0,2,50
T550/4,T556,9:18:58,6,0,-1,AB6136,0,2,30
T556,T557,9:20:49,6,0,-1,AB6136,0,2,80
M247,M231,9:20:59,6,0,1,AA7619,0,2,20
T557,T558,9:21:40,6,0,-1,AB6136,0,2,30
T558,T551/1,9:23:34,6,0,-1,AB6136,0,2,84
M231,M219,9:24:35,6,0,2,AA7619,0,2,155
M50,T420,9:25:15,6,0,1,AB6705,3,2,967
T551/1,T425,9:26:46,6,0,1,AB6136,0,2,161
M219,M50,9:27:07,6,0,1,AA7619,0,2,111
T425,T423,9:27:27,6,0,1,AB6136,0,2,30
T420,T424,9:27:47,6,0,-1,AB6705,1,2,131
T423,T421,9:28:17,6,0,1,AB6136,0,2,30
T550/4,T556,9:29:18,6,-1,-1,AA7207,0,2,30
M50,T420,9:30:49,6,0,1,AA5945,3,2,943
T556,T557,9:31:19,6,-1,-1,AA7207,0,2,90
T424,T559,9:31:39,6,0,-1,AB6705,0,2,202
T557,T558,9:32:00,6,-1,-1,AA7207,0,2,30
T420,T422,9:32:00,6,0,1,AA5945,0,2,30
T421,M247,9:32:42,6,0,1,AA3041,2,2,965
T559,T552,9:32:52,6,0,-1,AB6705,0,2,20
M247,M231,9:33:12,6,0,1,AA3041,0,2,10
T552,T553,9:33:22,6,0,-1,AB6705,0,2,10
T558,T551/1,9:33:35,6,-1,-1,AA7207,0,2,84
T422,T424,9:33:45,6,0,-1,AA5945,0,2,95
T553,T554,9:34:15,6,0,-1,AB6705,0,2,40
M231,M219,9:35:36,6,0,2,AA3041,0,2,101
T554,T555/2,9:35:46,6,0,-1,AB6705,0,2,70
T551/1,T425,9:36:47,6,-1,1,AA7207,0,2,181
T424,T559,9:36:57,6,0,-1,AA5945,0,2,171
T555/2,T550/4,9:37:07,6,-1,-1,AB6705,0,2,60
T425,T423,9:37:27,6,-1,1,AA7207,0,2,30
M219,M50,9:37:58,6,0,1,AA3041,0,2,91
T559,T552,9:37:58,6,0,-1,AA5945,0,2,20
T552,T553,9:38:18,6,0,-1,AA5945,0,2,10
T423,T421,9:38:28,6,-1,1,AA7207,0,2,30
T553,T554,9:39:09,6,0,-1,AA5945,0,2,40
T550/4,T556,9:40:39,6,0,-1,AB6393,0,2,80
T554,T555/2,9:40:50,6,0,-1,AA5945,0,2,70
T556,T557,9:42:15,6,0,-1,AB6393,0,2,65
T555/2,T550/4,9:42:15,6,-1,-1,AA5945,0,2,55
T557,T558,9:42:55,6,0,-1,AB6393,0,2,30
T558,T551/1,9:44:36,6,0,-1,AB6393,0,2,80
T421,M247,9:44:46,6,0,1,AB6136,2,2,948
T420,T422,9:45:17,6,0,1,AA7619,0,2,30
M247,M231,9:45:57,6,0,1,AB6136,0,2,30
T422,T424,9:46:07,6,0,-1,AA7619,0,2,40
M231,M219,9:48:19,6,0,2,AB6136,0,2,111
T551/1,T423,9:48:29,6,0,1,AB6393,1,2,212
T423,T421,9:49:19,6,0,1,AB6393,0,2,40
T424,T559,9:49:19,6,0,-1,AA7619,0,2,182
T550/4,T556,9:50:20,6,0,-1,AB6705,0,2,30
M219,M50,9:50:54,6,1,1,AB6136,0,2,84
T559,T552,9:50:54,6,0,-1,AA7619,0,2,20
T552,T553,9:51:24,6,0,-1,AA7619,0,2,10
T556,T557,9:52:05,6,0,-1,AB6705,0,2,80
T553,T554,9:52:05,6,0,-1,AA7619,0,2,30
T557,T558,9:52:45,6,0,-1,AB6705,0,2,30
M50,T420,9:53:25,6,0,1,AA3041,3,2,877
T554,T555/2,9:53:25,6,0,-1,AA7619,0,2,60
T421,M247,9:53:46,6,-1,1,AA7207,2,2,897
T558,T551/1,9:54:16,6,0,-1,AB6705,0,2,80
M247,M231,9:54:36,6,-1,1,AA7207,0,2,20
T555/2,T550/4,9:55:07,6,-1,-1,AA7619,0,2,60
T420,T424,9:55:37,6,0,-1,AA3041,1,2,111
M231,M219,9:55:47,6,-1,2,AA7207,0,2,40
T551/1,T425,9:57:48,6,0,1,AB6705,0,2,181
M219,M50,9:58:08,6,-1,1,AA7207,0,2,90
T425,T423,9:58:49,6,0,1,AB6705,0,2,40
T424,T559,9:59:09,6,0,-1,AA3041,0,2,171
T423,T421,9:59:50,6,0,1,AB6705,0,2,30
T559,T552,10:00:32,6,0,-1,AA3041,0,2,22
T550/4,T556,10:01:12,6,0,-1,AA5945,0,2,30
T552,T553,10:01:23,6,0,-1,AA3041,0,2,10
T553,T554,10:02:15,6,0,-1,AA3041,0,2,40
T556,T557,10:03:16,6,0,-1,AA5945,0,2,91
T554,T555/2,10:03:46,6,0,-1,AA3041,0,2,70
T557,T558,10:04:06,6,0,-1,AA5945,0,2,30
T555/2,T550/4,10:05:02,6,-1,-1,AA3041,0,2,30
T421,M247,10:05:44,6,0,1,AB6393,2,2,964
T558,T551/1,10:05:54,6,0,-1,AA5945,0,2,72
M247,M231,10:06:35,6,0,1,AB6393,0,2,20
M231,M219,10:08:36,6,1,2,AB6393,0,2,101
T551/1,T425,10:09:06,6,0,1,AA5945,0,2,171
T420,T422,10:09:37,6,1,1,AB6136,0,2,40
T425,T423,10:10:07,6,0,1,AA5945,0,2,30
T423,T421,10:10:48,6,0,1,AA5945,0,2,30
T422,T424,10:10:48,6,1,-1,AB6136,0,2,60
M219,M50,10:11:08,6,1,1,AB6393,0,2,80
T424,T559,10:14:30,6,1,-1,AB6136,0,2,181
T421,M247,10:15:45,6,0,1,AB6705,2,2,924
M247,M231,10:16:35,6,0,1,AB6705,0,2,20
T559,T552,10:16:35,6,3,-1,AB6136,0,2,84
T552,T553,10:17:05,6,2,-1,AB6136,0,2,10
T420,T422,10:17:16,6,-1,1,AA7207,0,2,30
M231,M219,10:17:36,6,0,2,AB6705,0,2,30
T553,T554,10:18:06,6,2,-1,AB6136,0,2,50
T422,T424,10:18:37,6,-1,-1,AA7207,0,2,70
M219,M50,10:18:47,6,0,1,AB6705,0,2,20
T554,T555/2,10:19:47,6,2,-1,AB6136,0,2,70
T555/2,T550/4,10:21:28,6,-1,-1,AB6136,0,2,60
T424,T552,10:21:49,6,-1,-1,AA7207,1,2,141
T552,T553,10:24:30,6,-1,-1,AA7207,0,2,151
T553,T554,10:25:35,6,-1,-1,AA7207,0,2,44
T421,M247,10:26:46,6,0,1,AA5945,2,2,937
T558,T425,10:27:26,6,0,1,AA3041,1,2,125
M50,T420,10:27:26,6,0,1,AB6393,3,2,937
T554,T555/2,10:27:26,6,-1,-1,AA7207,0,2,90
M247,M231,10:27:36,6,0,1,AA5945,0,2,10
T425,T423,10:28:17,6,0,1,AA3041,0,2,40
T420,T422,10:28:27,6,0,1,AB6393,0,2,40
T555/2,T550/4,10:28:57,6,-1,-1,AA7207,0,2,60
T423,T421,10:29:07,6,0,1,AA3041,0,2,40
T422,T424,10:29:27,6,0,-1,AB6393,0,2,50
M231,M219,10:29:58,6,0,2,AA5945,0,2,131
M219,M50,10:32:59,6,0,1,AA5945,0,2,101
T424,T559,10:32:59,6,0,-1,AB6393,0,2,181
T559,T553,10:34:34,6,0,-1,AB6393,1,2,43
T550/4,T556,10:34:54,6,0,-1,AA7619,0,2,33
T553,T554,10:35:24,6,0,-1,AB6393,0,2,40
T420,T422,10:36:55,6,0,1,AB6705,0,2,30
T554,T555/2,10:36:55,6,0,-1,AB6393,0,2,60
T556,T558,10:37:26,6,0,-1,AA7619,1,2,111
T422,T424,10:37:36,6,0,-1,AB6705,0,2,30
T555/2,T550/4,10:38:36,6,-1,-1,AB6393,0,2,50
T558,T551/1,10:38:57,6,0,-1,AA7619,0,2,80
T424,T559,10:41:48,6,0,-1,AB6705,0,2,212
T551/1,T425,10:42:09,6,0,1,AA7619,0,2,171
T425,T423,10:42:59,6,0,1,AA7619,0,2,40
T550/4,T556,10:43:09,6,-1,-1,AA7207,0,2,40
T559,T552,10:43:09,6,0,-1,AB6705,0,2,40
T552,T553,10:43:39,6,0,-1,AB6705,0,2,10
T423,T421,10:44:00,6,0,1,AA7619,0,2,30
T553,T554,10:44:35,6,0,-1,AB6705,0,2,45
T556,T557,10:44:45,6,-1,-1,AA7207,0,2,85
T557,T558,10:45:25,6,-1,-1,AA7207,0,2,30
T554,T555/2,10:46:26,6,0,-1,AB6705,0,2,81
T558,T551/1,10:46:56,6,-1,-1,AA7207,0,2,81
M247,M231,10:47:37,6,0,1,AA3041,0,2,10
T555/2,T550/4,10:48:07,6,-1,-1,AB6705,0,2,50
M231,M219,10:49:58,6,0,2,AA3041,0,2,101
T551/1,T425,10:50:08,6,-1,1,AA7207,0,2,161
T425,T423,10:50:49,6,-1,1,AA7207,0,2,30
T420,T422,10:51:39,6,0,1,AA5945,0,2,30
T423,T421,10:51:50,6,-1,1,AA7207,0,2,40
T422,T424,10:52:54,6,0,-1,AA5945,0,2,64
M219,M50,10:53:14,6,0,1,AA3041,0,2,84
T550/4,T556,10:54:45,6,0,-1,AB6393,0,2,50
T556,T557,10:56:27,6,0,-1,AB6393,0,2,70
T424,T559,10:56:37,6,0,-1,AA5945,0,2,171
T557,T558,10:57:17,6,0,-1,AB6393,0,2,20
T559,T552,10:57:57,6,0,-1,AA5945,0,2,30
T552,T553,10:58:28,6,0,-1,AA5945,0,2,10
T558,T551/1,10:59:08,6,0,-1,AB6393,0,2,70
T421,M247,10:59:28,6,0,1,AA7619,2,2,918
M247,M231,10:59:59,6,0,1,AA7619,0,2,10
T553,T555/2,11:00:39,6,0,-1,AA5945,1,2,121
M231,M219,11:01:50,6,0,2,AA7619,0,2,50
T555/2,T550/4,11:02:20,6,-1,-1,AA5945,0,2,70
T550/4,T556,11:02:32,6,0,-1,AB6136,0,2,52
T551/1,T425,11:02:32,6,1,1,AB6393,0,2,163
T425,T423,11:03:44,6,1,1,AB6393,0,2,41
T556,T557,11:04:04,6,0,-1,AB6136,0,2,81
M219,M50,11:04:25,6,0,1,AA7619,0,2,50
T557,T558,11:04:45,6,0,-1,AB6136,0,2,30
T423,T421,11:04:45,6,1,1,AB6393,0,2,40
T558,T551/1,11:06:16,6,0,-1,AB6136,0,2,80
T421,M247,11:07:57,6,-1,1,AA7207,2,2,937
M247,M231,11:08:37,6,-1,1,AA7207,0,2,20
T551/1,T425,11:09:38,6,0,1,AB6136,0,2,171
M50,T420,11:09:58,6,0,1,AA3041,3,2,963
M231,M219,11:10:08,6,-1,2,AA7207,0,2,70
T425,T423,11:10:18,6,0,1,AB6136,0,2,30
T420,T422,11:10:59,6,0,1,AA3041,0,2,30
T423,T421,11:11:29,6,0,1,AB6136,0,2,30
M219,M50,11:13:23,6,-1,1,AA7207,0,2,114
T422,T559,11:15:14,6,0,-1,AA3041,1,2,245
T559,T552,11:16:46,6,0,-1,AA3041,0,2,30
T552,T553,11:17:27,6,0,-1,AA3041,0,2,10
T550/4,T556,11:17:57,6,0,-1,AA5945,0,2,30
T553,T554,11:18:07,6,0,-1,AA3041,0,2,30
T421,M247,11:19:18,6,1,1,AB6393,2,2,862
T556,T557,11:19:48,6,0,-1,AA5945,0,2,70
T554,T555/2,11:19:48,6,0,-1,AA3041,0,2,70
M247,M231,11:20:08,6,1,1,AB6393,0,2,30
T557,T558,11:20:29,6,0,-1,AA5945,0,2,30
M231,M219,11:21:09,6,1,2,AB6393,0,2,40
T555/2,T550/4,11:21:19,6,-1,-1,AA3041,0,2,50
T558,T551/1,11:22:00,6,0,-1,AA5945,0,2,80
M219,M50,11:22:54,6,1,1,AB6393,0,2,20
T420,T424,11:24:15,6,0,-1,AA7619,1,2,101
T551/1,T425,11:25:26,6,0,1,AA5945,0,2,172
T425,T423,11:26:06,6,0,1,AA5945,0,2,30
T424,T559,11:27:17,6,0,-1,AA7619,0,2,172
T421,M247,11:27:58,6,0,1,AB6136,2,2,968
T559,T552,11:28:48,6,0,-1,AA7619,0,2,30
M247,M231,11:28:58,6,0,1,AB6136,0,2,20
M50,T420,11:28:58,6,-1,1,AA7207,3,2,924
T552,T553,11:29:19,6,0,-1,AA7619,0,2,10
T553,T554,11:30:09,6,0,-1,AA7619,0,2,40
M231,M219,11:31:11,6,0,2,AB6136,0,2,102
T554,T555/2,11:31:43,6,0,-1,AA7619,0,2,73
T420,T424,11:32:13,6,-1,-1,AA7207,1,2,174
T555/2,T550/4,11:33:14,6,-1,-1,AA7619,0,2,60
M219,M50,11:33:34,6,0,1,AB6136,0,2,111
T550/4,T556,11:33:55,6,0,-1,AB6705,0,2,40
T424,T559,11:36:06,6,-1,-1,AA7207,0,2,202
T556,T557,11:36:16,6,0,-1,AB6705,0,2,90
T557,T558,11:37:07,6,0,-1,AB6705,0,2,30
T559,T552,11:37:57,6,-1,-1,AA7207,0,2,20
T558,T551/1,11:38:38,6,0,-1,AB6705,0,2,80
T553,T554,11:39:08,6,-1,-1,AA7207,0,2,40
T554,T555/2,11:40:49,6,-1,-1,AA7207,0,2,60
T420,T422,11:41:40,6,1,1,AB6393,0,2,30
T551/1,T425,11:42:10,6,0,1,AB6705,0,2,182
T555/2,T550/4,11:42:10,6,-1,-1,AA7207,0,2,60
T425,T423,11:43:02,6,0,1,AB6705,0,2,30
T422,T424,11:43:12,6,1,-1,AB6393,0,2,82
T423,T421,11:44:05,6,0,1,AB6705,0,2,41
M247,M231,11:44:35,6,0,1,AA5945,0,2,10
M231,M219,11:45:46,6,0,2,AA5945,0,2,60
M219,M50,11:46:37,6,0,1,AA5945,0,2,20
T424,T559,11:46:47,6,1,-1,AB6393,0,2,182
T559,T553,11:48:08,6,1,-1,AB6393,1,2,40
T553,T554,11:48:48,6,1,-1,AB6393,0,2,30
T550/4,T556,11:49:49,6,0,-1,AA7619,0,2,40
T420,T422,11:51:30,6,0,1,AB6136,0,2,30
T554,T555/2,11:51:30,6,0,-1,AB6393,0,2,70
T556,T557,11:52:10,6,0,-1,AA7619,0,2,90
T555/2,T550/4,11:52:52,6,-1,-1,AB6393,0,2,62
T557,T558,11:53:13,6,0,-1,AA7619,0,2,30
T422,T424,11:53:33,6,0,-1,AB6136,0,2,113
T558,T551/1,11:55:04,6,0,-1,AA7619,0,2,80
T424,T559,11:56:56,6,0,-1,AB6136,0,2,172
T551/1,T425,11:58:37,6,0,1,AA7619,0,2,172
T559,T552,11:58:37,6,1,-1,AB6136,0,2,20
T552,T553,11:58:57,6,1,-1,AB6136,0,2,10
T425,T423,11:59:38,6,0,1,AA7619,0,2,40
T553,T554,11:59:48,6,1,-1,AB6136,0,2,30
T423,T421,12:00:48,6,0,1,AA7619,0,2,40
T554,T555/2,12:01:19,6,1,-1,AB6136,0,2,70
M50,T422,12:03:00,6,0,1,AA5945,4,2,973
T555/2,T550/4,12:03:10,6,-1,-1,AB6136,0,2,61
M247,M231,12:04:02,6,0,1,AB6705,0,2,10
T422,T424,12:04:12,6,0,-1,AA5945,0,2,61
T556,T557,12:04:32,6,0,-1,AA3041,0,2,81
T557,T558,12:05:44,6,0,-1,AA3041,0,2,31
T558,T551/1,12:07:36,6,0,-1,AA3041,0,2,92
M231,M219,12:07:36,6,0,2,AB6705,0,2,133
T424,T559,12:07:47,6,0,-1,AA5945,0,2,184
T559,T552,12:09:17,6,0,-1,AA5945,0,2,20
T552,T553,12:09:48,6,0,-1,AA5945,0,2,20
M219,M50,12:10:08,6,0,1,AB6705,0,2,101
T553,T554,12:10:28,6,0,-1,AA5945,0,2,30
T551/1,T425,12:11:19,6,0,1,AA3041,0,2,192
T554,T555/2,12:11:59,6,0,-1,AA5945,0,2,60
T425,T423,12:13:00,6,0,1,AA3041,0,2,30
T555/2,T550/4,12:13:34,6,-1,-1,AA5945,0,2,64
T423,T421,12:14:04,6,0,1,AA3041,0,2,44
T550/4,T556,12:17:52,6,0,-1,AB6136,0,2,30
M247,M231,12:18:12,6,0,1,AA7619,0,2,20
M231,M219,12:20:34,6,0,2,AA7619,0,2,101
T556,T557,12:21:05,6,1,-1,AB6136,0,2,101
T557,T558,12:21:55,6,1,-1,AB6136,0,2,30
M219,M50,12:22:37,6,0,1,AA7619,0,2,92
T558,T551/1,12:23:42,6,1,-1,AB6136,0,2,96
T551/1,T425,12:26:44,6,1,1,AB6136,0,2,161
T425,T423,12:27:34,6,1,1,AB6136,0,2,40
T420,T422,12:28:25,6,0,1,AB6705,0,2,40
T423,T421,12:28:55,6,1,1,AB6136,0,2,50
T422,T424,12:29:56,6,0,-1,AB6705,0,2,81
T550/4,T556,12:30:57,6,0,-1,AB6559,0,2,30
M231,M219,12:32:28,6,0,2,AA3041,0,2,50
T556,T557,12:32:58,6,0,-1,AB6559,0,2,91
T424,T559,12:33:18,6,0,-1,AB6705,0,2,192
T557,T558,12:33:49,6,0,-1,AB6559,0,2,30
M219,M50,12:34:29,6,0,1,AA3041,0,2,60
T559,T552,12:35:00,6,0,-1,AB6705,0,2,30
T552,T553,12:35:32,6,0,-1,AB6705,0,2,11
T558,T551/1,12:35:52,6,0,-1,AB6559,0,2,92
T553,T554,12:36:12,6,0,-1,AB6705,0,2,30
T554,T555/2,12:37:43,6,0,-1,AB6705,0,2,70
T555/2,T550/4,12:39:04,6,-1,-1,AB6705,0,2,70
T551/1,T425,12:39:24,6,0,1,AB6559,0,2,181
T425,T423,12:40:45,6,0,1,AB6559,0,2,50
T423,T421,12:41:36,6,0,1,AB6559,0,2,40
T420,T424,12:42:57,6,0,-1,AA7619,1,2,131
T421,M247,12:45:09,6,0,1,AB6136,2,2,953
M247,M231,12:46:10,6,0,1,AB6136,0,2,20
T424,T559,12:46:32,6,0,-1,AA7619,0,2,184
M231,M219,12:48:03,6,0,2,AB6136,0,2,81
T559,T552,12:48:23,6,1,-1,AA7619,0,2,30
T552,T553,12:48:54,6,1,-1,AA7619,0,2,10
T550/4,T556,12:49:04,6,0,-1,AB6705,0,2,40
M219,M50,12:49:04,6,0,1,AB6136,0,2,30
T553,T554,12:49:35,6,1,-1,AA7619,0,2,30
T554,T555/2,12:51:16,6,1,-1,AA7619,0,2,91
T556,T557,12:51:46,6,0,-1,AB6705,0,2,91
T557,T558,12:52:37,6,0,-1,AB6705,0,2,30
T555/2,T550/4,12:52:47,6,-1,-1,AA7619,0,2,50
T420,T422,12:53:17,6,0,1,AA3041,0,2,30
T422,T424,12:54:08,6,0,-1,AA3041,0,2,40
T558,T551/1,12:54:49,6,0,-1,AB6705,0,2,81
T424,T559,12:57:44,6,0,-1,AA3041,0,2,185
T551/1,T425,12:58:34,6,0,1,AB6705,0,2,185
T559,T552,12:58:55,6,0,-1,AA3041,0,2,30
T425,T423,12:59:15,6,0,1,AB6705,0,2,30
T552,T553,12:59:25,6,0,-1,AA3041,0,2,10
M247,M231,12:59:36,6,0,1,AB6559,0,2,41
T423,T421,13:00:26,6,0,1,AB6705,0,2,40
T553,T554,13:00:26,6,0,-1,AA3041,0,2,50
M231,M219,13:01:07,6,0,2,AB6559,0,2,50
T554,T555/2,13:01:37,6,0,-1,AA3041,0,2,60
M219,M50,13:02:07,6,0,1,AB6559,0,2,20
M50,T420,13:04:39,6,0,1,AB6136,3,2,915
T550/4,T556,13:05:10,6,0,-1,AA7619,0,2,40
T420,T422,13:05:33,6,0,1,AB6136,0,2,23
T422,T424,13:06:13,6,0,-1,AB6136,0,2,30
T556,T557,13:07:04,6,0,-1,AA7619,0,2,90
T557,T558,13:07:44,6,0,-1,AA7619,0,2,30
T424,T559,13:09:26,6,0,-1,AB6136,0,2,182
T558,T551/1,13:09:56,6,0,-1,AA7619,0,2,91
T559,T552,13:11:07,6,0,-1,AB6136,0,2,30
T552,T553,13:11:38,6,0,-1,AB6136,0,2,10
T553,T554,13:12:18,6,0,-1,AB6136,0,2,30
T551/1,T425,13:13:29,6,0,1,AA7619,0,2,172
T554,T555/2,13:13:49,6,0,-1,AB6136,0,2,70
T425,T423,13:14:19,6,0,1,AA7619,0,2,30
T423,T421,13:15:34,6,0,1,AA7619,0,2,54
T555/2,T550/4,13:15:34,6,-1,-1,AB6136,0,2,74
M247,M231,13:18:06,6,0,1,AB6705,0,2,20
T420,T422,13:20:37,6,0,1,AB6559,0,2,30
M231,M219,13:20:58,6,0,2,AB6705,0,2,131
T422,T424,13:21:28,6,0,-1,AB6559,0,2,40
T557,T558,13:22:09,6,0,-1,AA3041,0,2,30
M219,M50,13:23:19,6,0,1,AB6705,0,2,101
T558,T551/1,13:24:00,6,0,-1,AA3041,0,2,80
T424,T559,13:25:22,6,0,-1,AB6559,0,2,224
T559,T552,13:26:24,6,0,-1,AB6559,0,2,30
T552,T553,13:27:25,6,0,-1,AB6559,0,2,10
T551/1,T425,13:27:35,6,1,1,AA3041,0,2,172
T553,T554,13:28:05,6,0,-1,AB6559,0,2,30
T425,T423,13:28:35,6,0,1,AA3041,0,2,40
T554,T555/2,13:29:26,6,0,-1,AB6559,0,2,70
T423,T421,13:29:36,6,0,1,AA3041,0,2,30
T555/2,T550/4,13:30:57,6,-1,-1,AB6559,0,2,60
T421,M247,13:31:57,6,0,1,AA7619,2,2,963
T550/4,T556,13:32:58,6,0,-1,AB6136,0,2,40
M247,M231,13:33:08,6,0,1,AA7619,0,2,30
M231,M219,13:34:50,6,0,2,AA7619,0,2,60
T556,T557,13:35:10,6,1,-1,AB6136,0,2,90
T557,T558,13:35:42,6,1,-1,AB6136,0,2,22
M219,M50,13:37:13,6,0,1,AA7619,0,2,101
T558,T551/1,13:37:24,6,1,-1,AB6136,0,2,81
T551/1,T425,13:40:36,6,1,1,AB6136,0,2,161
T425,T423,13:41:26,6,1,1,AB6136,0,2,30
T423,T421,13:42:27,6,1,1,AB6136,0,2,40
T420,T424,13:43:27,6,0,-1,AB6705,1,2,151
T421,M247,13:45:39,6,0,1,AA3041,2,2,922
M247,M231,13:46:49,6,0,1,AA3041,0,2,10
T424,T559,13:46:59,6,0,-1,AB6705,0,2,191
T550/4,T556,13:48:13,6,0,-1,AB6559,0,2,30
T559,T552,13:48:33,6,0,-1,AB6705,0,2,30
M231,M219,13:48:54,6,0,2,AA3041,0,2,60
T552,T553,13:49:14,6,0,-1,AB6705,0,2,10
T556,T557,13:50:04,6,0,-1,AB6559,0,2,81
T553,T554,13:50:04,6,0,-1,AB6705,0,2,40
T557,T558,13:51:15,6,1,-1,AB6559,0,2,30
M219,M50,13:51:15,6,0,1,AA3041,0,2,70
T554,T555/2,13:51:56,6,0,-1,AB6705,0,2,80
T558,T551/1,13:53:17,6,1,-1,AB6559,0,2,90
T555/2,T550/4,13:53:37,6,-1,-1,AB6705,0,2,60
M50,T420,13:53:47,6,0,1,AA7619,3,2,942
T420,T422,13:55:08,6,1,1,AA7619,0,2,40
T422,T424,13:55:58,6,1,-1,AA7619,0,2,40
T551/1,T425,13:56:39,6,1,1,AB6559,0,2,171
T425,T423,13:57:39,6,1,1,AB6559,0,2,30
T423,T421,13:58:42,6,1,1,AB6559,0,2,32
T424,T559,13:59:53,6,1,-1,AA7619,0,2,183
M247,M231,14:01:13,6,1,1,AB6136,0,2,20
T559,T552,14:01:44,6,2,-1,AA7619,0,2,20
T552,T553,14:02:34,6,2,-1,AA7619,0,2,10
M231,M219,14:02:54,6,1,2,AB6136,0,2,70
T553,T554,14:03:35,6,2,-1,AA7619,0,2,50
T554,T555/2,14:05:06,6,2,-1,AA7619,0,2,70
T550/4,T556,14:05:16,6,0,-1,AB6705,0,2,50
M219,M50,14:05:26,6,1,1,AB6136,0,2,111
T555/2,T550/4,14:06:47,6,-1,-1,AA7619,0,2,50
T556,T557,14:07:17,6,0,-1,AB6705,0,2,80
M50,T420,14:07:58,6,0,1,AA3041,3,2,961
T557,T558,14:08:38,6,0,-1,AB6705,0,2,30
T420,T422,14:08:58,6,0,1,AA3041,0,2,40
T422,T424,14:09:51,6,0,-1,AA3041,0,2,42
T558,T551/1,14:10:35,6,0,-1,AB6705,0,2,86
T424,T559,14:13:26,6,0,-1,AA3041,0,2,171
T551/1,T425,14:14:07,6,0,1,AB6705,0,2,182
T425,T423,14:14:57,6,0,1,AB6705,0,2,30
T559,T552,14:15:18,6,0,-1,AA3041,0,2,30
T552,T553,14:15:38,6,0,-1,AA3041,0,2,10
T423,T421,14:15:58,6,0,1,AB6705,0,2,40
T553,T554,14:16:38,6,0,-1,AA3041,0,2,50
M247,M231,14:18:10,6,0,1,AB6559,0,2,20
T554,T555/2,14:18:10,6,0,-1,AA3041,0,2,70
M231,M219,14:19:33,6,0,2,AB6559,0,2,40
T555/2,T550/4,14:19:44,6,-1,-1,AA3041,0,2,60
M219,M50,14:21:35,6,0,1,AB6559,0,2,80
T550/4,T556,14:21:45,6,0,-1,AA7619,0,2,30
T420,T422,14:23:36,6,0,1,AB6136,0,2,30
T556,T557,14:23:46,6,0,-1,AA7619,0,2,81
T557,T558,14:24:47,6,0,-1,AA7619,0,2,20
T422,T424,14:24:47,6,0,-1,AB6136,0,2,60
T558,T551/1,14:26:38,6,0,-1,AA7619,0,2,90
T424,T559,14:28:19,6,0,-1,AB6136,0,2,181
T559,T552,14:29:42,6,0,-1,AB6136,0,2,32
T552,T553,14:30:12,6,0,-1,AB6136,0,2,10
T551/1,T425,14:30:22,6,0,1,AA7619,0,2,183
T425,T423,14:31:02,6,0,1,AA7619,0,2,30
T553,T554,14:31:02,6,0,-1,AB6136,0,2,40
T423,T421,14:32:44,6,0,1,AA7619,0,2,40
T554,T555/2,14:32:44,6,0,-1,AB6136,0,2,70
T555/2,T550/4,14:34:05,6,-1,-1,AB6136,0,2,60
M247,M231,14:34:15,6,0,1,AB6705,0,2,10
T550/4,T556,14:35:26,6,0,-1,AA3041,0,2,30
M231,M219,14:35:36,6,0,2,AB6705,0,2,50
T556,T557,14:37:07,6,0,-1,AA3041,0,2,71
T557,T558,14:37:48,6,0,-1,AA3041,0,2,30
M219,M50,14:37:48,6,0,1,AB6705,0,2,81
T558,T551/1,14:39:29,6,0,-1,AA3041,0,2,80
T551/1,T425,14:42:44,6,0,1,AA3041,0,2,175
T420,T422,14:42:44,6,0,1,AB6559,0,2,40
T425,T423,14:43:44,6,0,1,AA3041,0,2,40
T422,T424,14:44:25,6,0,-1,AB6559,0,2,90
T550/4,T556,14:44:35,6,0,-1,AB6344,0,2,30
T423,T421,14:44:35,6,0,1,AA3041,0,2,40
T556,T557,14:46:56,6,0,-1,AB6344,0,2,101
T557,T558,14:47:37,6,0,-1,AB6344,0,2,30
T424,T559,14:47:47,6,0,-1,AB6559,0,2,171
T558,T551/1,14:49:38,6,0,-1,AB6344,0,2,90
T559,T552,14:49:38,6,1,-1,AB6559,0,2,30
T552,T553,14:50:08,6,0,-1,AB6559,0,2,10
T553,T554,14:51:09,6,1,-1,AB6559,0,2,50
M231,M219,14:52:00,6,0,2,AA7619,0,2,50
T554,T555/2,14:52:30,6,1,-1,AB6559,0,2,70
T551/1,T425,14:53:00,6,0,1,AB6344,0,2,171
T555/2,T550/4,14:53:53,6,-1,-1,AB6559,0,2,52
T425,T423,14:54:03,6,0,1,AB6344,0,2,20
M50,T420,14:54:13,6,0,1,AB6705,3,2,944
M219,M50,14:54:23,6,0,1,AA7619,0,2,92
T423,T421,14:54:53,6,0,1,AB6344,0,2,30
T420,T422,14:55:03,6,0,1,AB6705,0,2,30
T422,T424,14:55:54,6,0,-1,AB6705,0,2,40
T550/4,T556,14:56:04,6,0,-1,AB6136,0,2,30
T556,T557,14:57:45,6,0,-1,AB6136,0,2,80
T557,T558,14:58:46,6,0,-1,AB6136,0,2,40
T424,T559,14:59:57,6,0,-1,AB6705,0,2,212
T558,T551/1,15:00:37,6,0,-1,AB6136,0,2,91
T421,M247,15:00:37,6,0,1,AA3041,2,2,931
T559,T552,15:01:18,6,0,-1,AB6705,0,2,40
M247,M231,15:01:48,6,0,1,AA3041,0,2,10
T552,T553,15:01:48,6,0,-1,AB6705,0,2,10
T553,T554,15:02:38,6,0,-1,AB6705,0,2,30
M231,M219,15:03:29,6,0,2,AA3041,0,2,70
T551/1,T425,15:03:49,6,0,1,AB6136,0,2,171
T554,T555/2,15:04:19,6,0,-1,AB6705,0,2,80
T425,T423,15:04:50,6,0,1,AB6136,0,2,30
M219,M50,15:05:43,6,0,1,AA3041,0,2,73
T555/2,T550/4,15:05:53,6,-1,-1,AB6705,0,2,52
T423,T421,15:06:03,6,0,1,AB6136,0,2,42
T550/4,T556,15:08:44,6,5,-1,AB6393,0,2,50
T556,T557,15:11:06,6,5,-1,AB6393,0,2,101
M50,T420,15:11:06,6,0,1,AA7619,3,2,942
T420,T422,15:12:07,6,0,1,AA7619,0,2,30
T557,T558,15:12:17,6,5,-1,AB6393,0,2,40
T422,T424,15:12:57,6,0,-1,AA7619,0,2,40
T558,T551/1,15:13:58,6,5,-1,AB6393,0,2,81
M247,M231,15:13:58,6,0,1,AB6344,0,2,20
M231,M219,15:15:19,6,0,2,AB6344,0,2,71
T424,T559,15:16:40,6,0,-1,AA7619,0,2,192
M219,M50,15:17:52,6,0,1,AB6344,0,2,111
T551/1,T425,15:18:02,6,5,1,AB6393,0,2,172
T559,T552,15:18:22,6,0,-1,AA7619,0,2,30
T552,T553,15:18:53,6,0,-1,AA7619,0,2,10
T425,T423,15:19:13,6,5,1,AB6393,0,2,40
T550/4,T556,15:19:34,6,0,-1,AB6705,0,2,40
T553,T554,15:19:44,6,1,-1,AA7619,0,2,40
T423,T421,15:20:45,6,5,1,AB6393,0,2,40
T554,T555/2,15:21:25,6,1,-1,AA7619,0,2,70
M50,T420,15:21:45,6,0,1,AA3041,3,2,932
T556,T557,15:22:16,6,0,-1,AB6705,0,2,90
T420,T422,15:22:26,6,0,1,AA3041,0,2,30
T557,T558,15:22:56,6,0,-1,AB6705,0,2,30
T555/2,T550/4,15:22:56,6,-1,-1,AA7619,0,2,60
T422,T424,15:23:06,6,0,-1,AA3041,0,2,30
M247,M231,15:24:17,6,0,1,AB6136,0,2,10
T558,T551/1,15:24:37,6,0,-1,AB6705,0,2,70
T424,T559,15:26:28,6,0,-1,AA3041,0,2,171
M231,M219,15:27:00,6,0,2,AB6136,0,2,132
T559,T552,15:28:01,6,1,-1,AA3041,0,2,30
T551/1,T425,15:28:11,6,0,1,AB6705,0,2,183
T552,T553,15:28:32,6,1,-1,AA3041,0,2,11
T425,T423,15:29:02,6,0,1,AB6705,0,2,41
M219,M50,15:29:22,6,0,1,AB6136,0,2,112
T553,T554,15:29:22,6,0,-1,AA3041,0,2,40
T423,T421,15:30:33,6,0,1,AB6705,0,2,40
T554,T555/2,15:31:14,6,0,-1,AA3041,0,2,90
T550/4,T556,15:32:04,6,0,-1,AA5945,0,2,40
T555/2,T550/4,15:33:25,6,-1,-1,AA3041,0,2,80
T556,T557,15:33:45,6,0,-1,AA5945,0,2,80
M50,T420,15:33:55,6,0,1,AB6344,3,2,943
T557,T558,15:34:36,6,0,-1,AA5945,0,2,30
T420,T422,15:34:56,6,0,1,AB6344,0,2,30
T422,T424,15:36:07,6,0,-1,AB6344,0,2,60
T558,T551/1,15:36:37,6,0,-1,AA5945,0,2,80
T424,T559,15:39:39,6,0,-1,AB6344,0,2,191
T550/4,T556,15:39:49,6,2,-1,AA7619,0,2,30
T551/1,T425,15:39:59,6,1,1,AA5945,0,2,171
M231,M219,15:40:39,6,5,2,AB6393,0,2,60
T425,T423,15:41:00,6,1,1,AA5945,0,2,30
T559,T552,15:41:10,6,0,-1,AB6344,0,2,20
T556,T557,15:41:32,6,2,-1,AA7619,0,2,72
T557,T558,15:42:12,6,2,-1,AA7619,0,2,30
T423,T421,15:42:23,6,1,1,AA5945,0,2,40
T552,T554,15:42:23,6,0,-1,AB6344,1,2,40
M219,M50,15:43:23,6,5,1,AB6393,0,2,101
T558,T551/1,15:44:04,6,1,-1,AA7619,0,2,80
T554,T555/2,15:44:04,6,0,-1,AB6344,0,2,70
T555/2,T550/4,15:45:45,6,-1,-1,AB6344,0,2,70
T421,M247,15:47:06,6,0,1,AB6705,2,2,962
T551/1,T425,15:47:36,6,1,1,AA7619,0,2,171
M247,M231,15:47:56,6,0,1,AB6705,0,2,10
T425,T423,15:48:47,6,1,1,AA7619,0,2,40
T423,T421,15:49:48,6,1,1,AA7619,0,2,40
M231,M219,15:50:08,6,0,2,AB6705,0,2,101
T420,T422,15:51:18,6,0,1,AB6136,0,2,30
T550/4,T556,15:52:29,6,-1,-1,AB6392,0,2,40
M219,M50,15:52:29,6,0,1,AB6705,0,2,81
T422,T424,15:52:29,6,0,-1,AB6136,0,2,60
T556,T557,15:54:43,6,-1,-1,AB6392,0,2,82
T424,T559,15:56:44,6,0,-1,AB6136,0,2,213
T557,T551/1,15:57:04,6,-1,-1,AB6392,1,2,121
T550/4,T556,15:57:45,6,2,-1,AA6710,0,2,30
T559,T552,15:57:55,6,1,-1,AB6136,0,2,30
T552,T553,15:58:36,6,1,-1,AB6136,0,2,11
T556,T557,15:59:27,6,2,-1,AA6710,0,2,81
T553,T554,15:59:37,6,0,-1,AB6136,0,2,50
T557,T558,16:00:17,6,2,-1,AA6710,0,2,20
M247,M231,16:00:27,6,1,1,AA5945,0,2,10
T551/1,T425,16:00:48,6,-1,1,AB6392,0,2,172
T554,T555/2,16:01:08,6,0,-1,AB6136,0,2,80
T425,T423,16:01:58,6,-1,1,AB6392,0,2,40
T558,T551/1,16:02:08,6,2,-1,AA6710,0,2,80
M231,M219,16:02:19,6,1,2,AA5945,0,2,80
T420,T422,16:02:19,6,5,1,AB6393,0,2,40
T555/2,T550/4,16:02:39,6,-1,-1,AB6136,0,2,60
T422,T424,16:03:19,6,5,-1,AB6393,0,2,50
T423,T421,16:03:50,6,-1,1,AB6392,0,2,40
M219,M50,16:04:40,6,2,1,AA5945,0,2,50
T550/4,T556,16:04:50,6,0,-1,AB6344,0,2,40
T551/1,T423,16:06:16,6,2,1,AA6710,1,2,206
T424,T559,16:06:56,6,5,-1,AB6393,0,2,186
T556,T557,16:07:06,6,0,-1,AB6344,0,2,91
T423,T421,16:07:17,6,2,1,AA6710,0,2,40
M247,M231,16:08:27,6,1,1,AA7619,0,2,20
T559,T552,16:08:47,6,5,-1,AB6393,0,2,30
T557,T551/1,16:09:08,6,0,-1,AB6344,1,2,111
T552,T553,16:09:28,6,5,-1,AB6393,0,2,10
T553,T554,16:10:29,6,5,-1,AB6393,0,2,40
M231,M219,16:11:19,6,1,2,AA7619,0,2,151
T554,T555/2,16:12:20,6,5,-1,AB6393,0,2,80
T551/1,T425,16:12:51,6,0,1,AB6344,0,2,183
T550/4,T556,16:13:22,6,-1,-1,AA7207,0,2,40
T425,T423,16:13:52,6,0,1,AB6344,0,2,30
T420,T424,16:13:52,6,0,-1,AB6705,1,2,112
M219,M50,16:14:02,6,2,1,AA7619,0,2,60
T555/2,T550/4,16:14:02,6,-1,-1,AB6393,0,2,70
T423,T421,16:14:43,6,0,1,AB6344,0,2,40
T556,T557,16:15:53,6,-1,-1,AA7207,0,2,90
T557,T558,16:16:56,6,-1,-1,AA7207,0,2,32
T424,T559,16:17:46,6,0,-1,AB6705,0,1,224
T559,T552,16:18:37,6,0,-1,AB6705,0,1,20
T558,T551/1,16:18:58,6,-1,-1,AA7207,0,1,91
T552,T553,16:19:18,6,0,-1,AB6705,0,1,10
T553,T554,16:20:08,6,0,-1,AB6705,0,1,30
T554,T555/2,16:21:29,6,0,-1,AB6705,0,1,70
T551/1,T425,16:22:34,6,-1,1,AA7207,0,1,175
M247,M231,16:22:34,6,-1,1,AB6392,0,1,13
T555/2,T550/4,16:23:04,6,-1,-1,AB6705,0,1,64
T425,T423,16:23:55,6,-1,1,AA7207,0,1,30
M231,M219,16:25:16,6,-1,2,AB6392,0,1,141
M247,M231,16:25:36,6,2,1,AA6710,0,1,10
T550/4,T556,16:26:16,6,2,-1,AB6171,0,1,50
M231,M219,16:27:37,6,1,2,AA6710,0,1,90
M219,M50,16:27:47,6,-1,1,AB6392,0,1,90
T556,T557,16:28:48,6,2,-1,AB6171,0,1,111
T557,T558,16:29:49,6,2,-1,AB6171,0,1,30
M219,M50,16:29:49,6,1,1,AA6710,0,1,111
T420,T559,16:30:29,6,0,-1,AA5945,2,1,313
T559,T552,16:31:19,6,0,-1,AA5945,0,1,20
T558,T551/1,16:31:50,6,2,-1,AB6171,0,1,90
T552,T553,16:32:00,6,0,-1,AA5945,0,1,10
T420,T422,16:32:30,6,2,1,AA7619,0,1,40
M247,M231,16:33:01,6,0,1,AB6344,0,1,20
T553,T554,16:33:01,6,0,-1,AA5945,0,1,50
T550/4,T556,16:33:34,6,0,-1,AB6393,0,1,53
T554,T555/2,16:34:24,6,0,-1,AA5945,0,1,73
T422,T424,16:34:35,6,2,-1,AA7619,0,1,114
M231,M219,16:34:45,6,0,2,AB6344,0,1,70
T556,T557,16:35:35,6,0,-1,AB6393,0,1,111
T551/1,T425,16:35:45,6,3,1,AB6171,0,1,185
T555/2,T550/4,16:35:55,6,-1,-1,AA5945,0,1,60
T425,T423,16:36:26,6,3,1,AB6171,0,1,30
T557,T558,16:36:36,6,0,-1,AB6393,0,1,30
M219,M50,16:36:56,6,0,1,AB6344,0,1,111
T423,T421,16:37:36,6,3,1,AB6171,0,1,40
T424,T559,16:37:57,6,2,-1,AA7619,0,1,181
T558,T551/1,16:38:47,6,0,-1,AB6393,0,1,101
T559,T552,16:39:08,6,2,-1,AA7619,0,1,20
T553,T554,16:40:08,6,2,-1,AA7619,0,1,30
T554,T555/2,16:41:19,6,2,-1,AA7619,0,1,60
M247,M231,16:42:10,6,-1,1,AA7207,0,1,10
T550/4,T556,16:42:50,6,0,-1,AB6705,0,1,40
T551/1,T425,16:42:50,6,1,1,AB6393,0,1,202
T555/2,T550/4,16:43:00,6,-1,-1,AA7619,0,1,70
T425,T423,16:43:53,6,1,1,AB6393,0,1,42
M231,M219,16:43:53,6,-1,2,AA7207,0,1,93
T556,T557,16:44:54,6,0,-1,AB6705,0,1,80
T423,T421,16:44:54,6,1,1,AB6393,0,1,40
T557,T558,16:45:44,6,1,-1,AB6705,0,1,30
M219,M50,16:46:24,6,-1,1,AA7207,0,1,121
T420,T422,16:46:35,6,-1,1,AB6392,0,1,40
T422,T424,16:47:15,6,-1,-1,AB6392,0,1,30
T558,T551/1,16:47:35,6,1,-1,AB6705,0,1,80
T420,T422,16:48:46,6,1,1,AA6710,0,1,30
T422,T424,16:49:16,6,1,-1,AA6710,0,1,20
T550/4,T556,16:50:37,6,0,-1,AA5945,0,1,30
T424,T559,16:50:37,6,-1,-1,AB6392,0,1,191
T551/1,T425,16:51:28,6,0,1,AB6705,0,1,171
T559,T552,16:52:08,6,-1,-1,AB6392,0,1,30
T556,T557,16:52:28,6,0,-1,AA5945,0,1,81
T552,T553,16:52:28,6,-1,-1,AB6392,0,1,10
T424,T559,16:52:49,6,1,-1,AA6710,0,1,192
T425,T423,16:53:09,6,0,1,AB6705,0,1,30
T557,T558,16:53:19,6,0,-1,AA5945,0,1,30
T553,T554,16:53:19,6,-1,-1,AB6392,0,1,40
T423,T421,16:54:09,6,0,1,AB6705,0,1,40
T559,T552,16:54:20,6,1,-1,AA6710,0,1,30
T552,T553,16:54:42,6,1,-1,AA6710,0,1,10
T554,T555/2,16:54:42,6,-1,-1,AB6392,0,1,72
T558,T551/1,16:55:02,6,0,-1,AA5945,0,1,82
T553,T554,16:55:22,6,1,-1,AA6710,0,1,30
T420,T422,16:55:44,6,0,1,AB6344,0,1,31
T422,T424,16:56:14,6,0,-1,AB6344,0,1,20
T555/2,T550/4,16:56:14,6,-1,-1,AB6392,0,1,61
T554,T555/2,16:56:45,6,1,-1,AA6710,0,1,70
T551/1,T425,16:58:06,6,0,1,AA5945,0,1,164
T555/2,T550/4,16:58:16,6,-1,-1,AA6710,0,1,61
T425,T423,16:58:57,6,0,1,AA5945,0,1,30
T550/4,T556,16:59:17,6,0,-1,AA7619,0,1,40
T423,T421,16:59:37,6,0,1,AA5945,0,1,30
T424,T559,16:59:47,6,0,-1,AB6344,0,1,172
M247,M231,16:59:58,6,3,1,AB6171,0,1,20
T556,T557,17:00:58,6,0,-1,AA7619,0,1,90
T421,M247,17:01:18,6,1,1,AB6393,2,1,944
M247,M231,17:01:59,6,0,1,AB6393,0,1,10
M231,M219,17:02:29,6,3,2,AB6171,0,1,101
T559,T552,17:02:49,6,1,-1,AB6344,0,1,30
T552,T553,17:03:20,6,1,-1,AB6344,0,1,10
T557,T551/1,17:03:32,6,0,-1,AA7619,1,1,123
M231,M219,17:03:32,6,0,2,AB6393,0,1,52
T553,T554,17:04:02,6,1,-1,AB6344,0,1,30
M219,M50,17:04:53,6,3,1,AB6171,0,1,70
T554,T555/2,17:05:34,6,1,-1,AB6344,0,1,71
T420,T422,17:06:28,6,-1,1,AA7207,0,1,34
T551/1,T425,17:06:48,6,0,1,AA7619,0,1,176
M219,M50,17:06:48,6,0,1,AB6393,0,1,166
T555/2,T550/4,17:07:09,6,-1,-1,AB6344,0,1,50
T425,T423,17:07:49,6,0,1,AA7619,0,1,40
T422,T424,17:07:49,6,-1,-1,AA7207,0,1,70
T550/4,T556,17:08:30,6,-1,-1,AB6392,0,1,30
T423,T421,17:09:00,6,0,1,AA7619,0,1,40
T421,M247,17:10:42,6,0,1,AB6705,2,1,970
T556,T557,17:10:52,6,-1,-1,AB6392,0,1,91
T424,T559,17:11:12,6,-1,-1,AA7207,0,1,182
M247,M231,17:11:33,6,0,1,AB6705,0,1,20
T557,T558,17:11:53,6,-1,-1,AB6392,0,1,30
T559,T553,17:13:14,6,-1,-1,AA7207,1,1,40
M231,M219,17:13:24,6,0,2,AB6705,0,1,50
T558,T551/1,17:13:54,6,-1,-1,AB6392,0,1,90
T553,T554,17:14:04,6,-1,-1,AA7207,0,1,30
M219,M50,17:15:05,6,0,1,AB6705,0,1,30
T554,T555/2,17:15:46,6,-1,-1,AA7207,0,1,82
T550/4,T556,17:17:07,6,0,-1,AA6710,0,1,30
T555/2,T550/4,17:17:17,6,-1,-1,AA7207,0,1,60
T551/1,T425,17:17:38,6,-1,1,AB6392,0,1,183
T425,T423,17:18:38,6,-1,1,AB6392,0,1,40
T556,T557,17:18:58,6,0,-1,AA6710,0,1,40
T557,T558,17:19:49,6,0,-1,AA6710,0,1,30
T423,T421,17:19:49,6,-1,1,AB6392,0,1,50
M247,M219,17:20:09,6,0,2,AA5945,1,1,151
T558,T551/1,17:21:10,6,0,-1,AA6710,0,1,70
M219,M50,17:22:42,6,0,1,AA5945,0,1,122
T550/4,T556,17:23:54,6,0,-1,AB6344,0,1,31
T551/1,T425,17:24:24,6,0,1,AA6710,0,1,162
T420,T422,17:25:15,6,3,1,AB6171,0,1,40
T425,T423,17:25:35,6,0,1,AA6710,0,1,40
T556,T557,17:25:55,6,0,-1,AB6344,0,1,90
T423,T421,17:26:15,6,0,1,AA6710,0,1,30
T420,T422,17:26:15,6,0,1,AB6393,0,1,30
T422,T424,17:26:36,6,3,-1,AB6171,0,1,70
T557,T558,17:26:46,6,0,-1,AB6344,0,1,30
M247,M231,17:26:46,6,0,1,AA7619,0,1,10
T422,T424,17:27:06,6,0,-1,AB6393,0,1,40
T558,T551/1,17:28:37,6,0,-1,AB6344,0,1,90
M231,M219,17:29:07,6,0,2,AA7619,0,1,111
T421,T431,17:29:17,6,0,1,AA6710,0,1,171
T424,T559,17:30:28,6,0,-1,AB6393,0,1,181
T424,T559,17:30:48,6,3,-1,AB6171,0,1,212
T550/4,T556,17:31:09,6,-1,-1,AA7207,0,1,30
T559,T552,17:31:49,6,3,-1,AB6171,0,1,30
T551/1,T425,17:32:09,6,0,1,AB6344,0,1,171
T559,T552,17:32:19,6,0,-1,AB6393,0,1,30
T552,T553,17:32:30,6,3,-1,AB6171,0,1,10
M219,M50,17:32:50,6,0,1,AA7619,0,1,171
T552,T553,17:32:50,6,0,-1,AB6393,0,1,10
T425,T423,17:33:00,6,0,1,AB6344,0,1,40
T556,T557,17:33:20,6,-1,-1,AA7207,0,1,91
T553,T554,17:33:20,6,3,-1,AB6171,0,1,40
T553,T554,17:33:35,6,0,-1,AB6393,0,1,34
T420,T422,17:34:05,6,0,1,AB6705,0,1,30
T423,T421,17:34:15,6,0,1,AB6344,0,1,40
T557,T558,17:34:25,6,-1,-1,AA7207,0,1,30
M50,M172/7,17:34:35,6,0,1,AA5945,0,1,672
T554,T555/2,17:35:06,6,3,-1,AB6171,0,1,90
T554,T555/2,17:35:16,6,0,-1,AB6393,0,1,80
T422,T424,17:35:46,6,0,-1,AB6705,0,1,91
T558,T551/1,17:36:06,6,-1,-1,AA7207,0,1,91
T431,M172/16,17:36:37,6,0,1,AA6710,0,1,388
T555/2,T550/4,17:37:07,6,-1,-1,AB6171,0,1,91
T555/2,T550/4,17:37:07,6,-1,-1,AB6393,0,1,91
T550/4,T556,17:37:27,6,4,-1,AB6664,0,1,30
T421,T431,17:38:18,6,2,1,AB6344,0,1,182
M247,M231,17:38:28,6,-1,1,AB6392,0,1,20
T424,T559,17:38:58,6,0,-1,AB6705,0,1,182
T556,T557,17:39:49,6,3,-1,AB6664,0,1,90
T559,T552,17:40:19,6,0,-1,AB6705,0,1,30
T551/1,T425,17:40:29,6,-1,1,AA7207,0,1,161
M231,M219,17:40:29,6,-1,2,AB6392,0,1,90
T557,T558,17:40:50,6,3,-1,AB6664,0,1,20
T553,T554,17:41:10,6,0,-1,AB6705,0,1,30
T425,T423,17:41:34,6,-1,1,AA7207,0,1,24
M50,M172/7,17:42:35,6,0,1,AA7619,0,1,554
T554,T555/2,17:42:35,6,0,-1,AB6705,0,1,74
T558,T551/1,17:42:45,6,3,-1,AB6664,0,1,84
T431,M172/16,17:43:15,6,2,1,AB6344,0,1,276
T423,T421,17:43:35,6,-1,1,AA7207,0,1,60
T555/2,T550/4,17:43:55,6,-1,-1,AB6705,0,1,60
M219,M50,17:44:26,6,-1,1,AB6392,0,1,195
M172/7,T430,17:46:27,6,2,-1,AA5945,0,1,448
T551/1,T425,17:46:47,6,3,1,AB6664,0,1,171
T421,T431,17:47:07,6,-1,1,AA7207,0,1,181
T550/4,T556,17:47:28,6,0,-1,AB6171,0,1,40
T425,T423,17:47:38,6,5,1,AB6664,0,1,30
T430,T328,17:48:08,6,1,-1,AA5945,0,1,80
T328,T420,17:50:19,6,1,1,AA5945,0,1,100
T556,T557,17:51:20,6,4,-1,AB6171,0,1,111
T423,T431,17:51:52,6,5,1,AB6664,1,1,233
T557,T558,17:52:22,6,4,-1,AB6171,0,1,40
T420,T424,17:52:52,6,0,-1,AA5945,1,1,122
T431,M172/16,17:53:02,6,-1,1,AA7207,0,1,304
M172/7,T430,17:53:22,6,0,-1,AA7619,0,1,364
T558,T551/1,17:54:13,6,5,-1,AB6171,0,1,80
T430,T328,17:55:04,6,0,-1,AA7619,0,1,71
T424,T552,17:55:24,6,1,-1,AA5945,1,1,131
T550/4,T556,17:55:44,6,0,-1,AB6393,0,1,40
M247,M231,17:56:25,6,0,1,AA6710,0,1,20
T431,M172/16,17:56:46,6,5,1,AB6664,0,1,264
M172/16,M247,17:56:56,6,2,1,AB6344,0,1,740
T328,T420,17:57:16,6,0,1,AA7619,0,1,112
T556,T557,17:58:17,6,1,-1,AB6393,0,1,112
M231,M219,17:58:27,6,0,2,AA6710,0,1,60
T551/1,T425,17:58:47,6,5,1,AB6171,0,1,192
T557,T558,17:58:57,6,1,-1,AB6393,0,1,30
M247,M231,17:58:57,6,0,1,AB6344,0,1,20
T552,T553,17:59:18,6,2,-1,AA5945,0,1,223
T425,T423,17:59:58,6,5,1,AB6171,0,1,40
T420,T424,18:00:08,6,0,-1,AA7619,1,1,151
T553,T554,18:00:18,6,2,-1,AA5945,0,1,50
T558,T551/1,18:00:38,6,1,-1,AB6393,0,1,80
M219,M50,18:00:49,6,0,1,AA6710,0,1,101
T423,T421,18:01:09,6,5,1,AB6171,0,1,40
M231,M219,18:01:49,6,0,2,AB6344,0,1,141
T554,T555/2,18:01:49,6,2,-1,AA5945,0,1,70
M219,M50,18:03:10,6,0,1,AB6344,0,1,40
T424,T559,18:03:10,6,0,-1,AA7619,0,1,171
M172/16,M247,18:03:20,6,-1,1,AA7207,0,1,547
T555/2,T550/4,18:03:20,6,-1,-1,AA5945,0,1,60
T551/1,T425,18:04:24,6,2,1,AB6393,0,1,174
T420,T422,18:04:24,6,-1,1,AB6392,0,1,40
M247,M231,18:04:44,6,-1,1,AA7207,0,1,20
T559,T552,18:04:54,6,0,-1,AA7619,0,1,30
T550/4,T556,18:05:14,6,1,-1,AB6705,0,1,40
T425,T423,18:05:34,6,2,1,AB6393,0,1,40
T421,T431,18:05:34,6,5,1,AB6171,0,1,204
T552,T553,18:05:34,6,0,-1,AA7619,0,1,10
M172/16,M247,18:05:55,6,5,1,AB6664,0,1,467
T422,T424,18:06:05,6,-1,-1,AB6392,0,1,80
T553,T554,18:06:05,6,0,-1,AA7619,0,1,20
T423,T421,18:06:55,6,2,1,AB6393,0,1,40
M50,M172/7,18:07:16,6,0,1,AA6710,0,1,357
T554,T555/2,18:07:27,6,0,-1,AA7619,0,1,71
M231,M219,18:07:57,6,-1,2,AA7207,0,1,102
T556,T557,18:08:07,6,1,-1,AB6705,0,1,102
T557,T558,18:09:08,6,2,-1,AB6705,0,1,40
T555/2,T550/4,18:09:08,6,-1,-1,AA7619,0,1,60
M50,M172/7,18:09:38,6,0,1,AB6344,0,1,364
T424,T559,18:09:48,6,-1,-1,AB6392,0,1,193
T431,M172/16,18:10:28,6,5,1,AB6171,0,1,283
M219,M50,18:10:28,6,-1,1,AA7207,0,1,101
T559,T552,18:11:39,6,-1,-1,AB6392,0,1,30
T558,T551/1,18:11:59,6,2,-1,AB6705,0,1,80
T552,T553,18:12:20,6,-1,-1,AB6392,0,1,20
T550/4,T556,18:13:01,6,2,-1,AA5945,0,1,30
T553,T554,18:13:11,6,-1,-1,AB6392,0,1,40
M172/7,T430,18:14:21,6,0,-1,AA6710,0,1,414
T554,T555/2,18:15:04,6,-1,-1,AB6392,0,1,82
T556,T557,18:15:14,6,3,-1,AA5945,0,1,82
T421,M172/16,18:15:14,6,3,1,AB6393,1,1,467
T430,T328,18:15:44,6,0,-1,AA6710,0,1,70
T557,T558,18:15:54,6,3,-1,AA5945,0,1,30
M172/7,T430,18:15:54,6,0,-1,AB6344,0,1,345
T551/1,T425,18:17:15,6,1,1,AB6705,0,1,173
T555/2,T550/4,18:17:15,6,-1,-1,AB6392,0,1,80
T430,T328,18:17:25,6,0,-1,AB6344,0,1,70
T558,T551/1,18:17:45,6,3,-1,AA5945,0,1,80
T425,T423,18:17:55,6,1,1,AB6705,0,1,30
T328,T420,18:18:06,6,0,1,AA6710,0,1,131
T420,T422,18:19:06,6,0,1,AA6710,0,1,30
M247,M172/7,18:19:26,6,5,1,AB6664,3,1,791
M50,M172/7,18:19:26,6,-1,1,AA7207,0,1,477
T423,T421,18:19:36,6,0,1,AB6705,0,1,40
T328,T420,18:19:57,6,0,1,AB6344,0,1,141
T420,T422,18:20:47,6,0,1,AB6344,0,1,30
T422,T424,18:20:47,6,0,-1,AA6710,0,1,90
T551/1,T425,18:21:18,6,3,1,AA5945,0,1,161
T422,T424,18:21:28,6,0,-1,AB6344,0,1,30
T425,T423,18:22:18,6,3,1,AA5945,0,1,30
T421,T431,18:22:38,6,0,1,AB6705,0,1,171
T550/4,T556,18:23:09,6,0,-1,AA7619,0,1,50
M172/16,M247,18:23:19,6,5,1,AB6171,0,1,618
T423,T421,18:23:39,6,2,1,AA5945,0,1,50
T424,T559,18:24:09,6,0,-1,AA6710,0,1,181
M247,M231,18:24:40,6,5,1,AB6171,0,1,20
T556,T557,18:24:50,6,0,-1,AA7619,0,1,80
T424,T559,18:24:50,6,0,-1,AB6344,0,1,181
T557,T558,18:25:32,6,0,-1,AA7619,0,1,31
M172/7,T430,18:25:32,6,-1,-1,AA7207,0,1,355
M172/7,T430,18:25:32,6,5,-1,AB6664,0,1,345
T559,T552,18:25:52,6,0,-1,AA6710,0,1,20
T559,T552,18:26:12,6,0,-1,AB6344,0,1,30
T421,T431,18:26:53,6,2,1,AA5945,0,1,183
T552,T553,18:26:53,6,0,-1,AB6344,0,1,10
T558,T551/1,18:27:03,6,0,-1,AA7619,0,1,80
M231,M219,18:27:13,6,5,2,AB6171,0,1,90
T430,T328,18:27:13,6,-1,-1,AA7207,0,1,80
T553,T554,18:27:33,6,0,-1,AA6710,0,1,40
T553,T554,18:27:43,6,0,-1,AB6344,0,1,40
T431,M172/16,18:27:53,6,0,1,AB6705,0,1,294
T430,T328,18:27:53,6,5,-1,AB6664,0,1,111
M172/16,M247,18:28:03,6,3,1,AB6393,0,1,688
T554,T555/2,18:29:04,6,0,-1,AB6344,0,1,70
T554,T555/2,18:29:04,6,0,-1,AA6710,0,1,70
T328,T420,18:29:14,6,-1,1,AA7207,0,1,111
M247,M231,18:29:24,6,1,1,AB6393,0,1,20
T420,T422,18:30:05,6,-1,1,AA7207,0,1,30
T551/1,T425,18:30:15,6,0,1,AA7619,0,1,161
T555/2,T550/4,18:30:25,6,-1,-1,AB6344,0,1,50
T555/2,T550/4,18:30:25,6,-1,-1,AA6710,0,1,50
M219,M50,18:30:45,6,5,1,AB6171,0,1,182
T425,T423,18:31:26,6,0,1,AA7619,0,1,30
T431,M172/16,18:31:26,6,2,1,AA5945,0,1,263
T422,T424,18:31:26,6,-1,-1,AA7207,0,1,71
T328,T424,18:31:46,6,5,-1,AB6664,2,1,212
M231,M219,18:32:06,6,1,2,AB6393,0,1,131
T423,T421,18:32:26,6,0,1,AA7619,0,1,40
T550/4,T556,18:34:08,6,-1,-1,AB6392,0,1,40
T424,T552,18:34:28,6,5,-1,AB6664,1,1,141
M219,M50,18:34:48,6,1,1,AB6393,0,1,111
T424,T559,18:34:58,6,-1,-1,AA7207,0,1,181
T421,T431,18:36:09,6,0,1,AA7619,0,1,171
T556,T557,18:36:29,6,-1,-1,AB6392,0,1,90
T559,T552,18:36:49,6,-1,-1,AA7207,0,1,30
T552,T553,18:37:09,6,5,-1,AB6664,0,1,151
T552,T553,18:37:31,6,-1,-1,AA7207,0,1,21
T557,T558,18:37:41,6,-1,-1,AB6392,0,1,41
T553,T554,18:38:01,6,5,-1,AB6664,0,1,41
M50,M172/7,18:38:21,6,5,1,AB6171,0,1,425
T554,T555/2,18:39:14,6,5,-1,AB6664,0,1,62
T553,T555/2,18:40:04,6,-1,-1,AA7207,1,1,143
T558,T551/1,18:40:15,6,-1,-1,AB6392,0,1,90
T555/2,T550/4,18:40:45,6,-1,-1,AB6664,0,1,60
T431,M172/16,18:41:25,6,0,1,AA7619,0,1,276
T555/2,T550/4,18:41:25,6,-1,-1,AA7207,0,1,70
M172/16,M247,18:41:56,6,0,1,AB6705,0,1,751
M247,M231,18:43:07,6,0,1,AB6705,0,1,20
M50,M172/7,18:43:07,6,1,1,AB6393,0,1,458
T551/1,T425,18:43:47,6,-1,1,AB6392,0,1,172
M172/16,M247,18:44:38,6,2,1,AA5945,0,1,741
T425,T423,18:45:08,6,-1,1,AB6392,0,1,40
M247,M231,18:45:18,6,2,1,AA5945,0,1,10
M231,M219,18:45:59,6,0,2,AB6705,0,1,131
T423,T421,18:46:49,6,-1,1,AB6392,0,1,60
M172/7,T430,18:47:19,6,5,-1,AB6171,0,1,384
M231,M219,18:47:29,6,1,2,AA5945,0,1,90
T550/4,T556,18:48:00,6,0,-1,AB6344,0,1,40
M219,M50,18:48:41,6,0,1,AB6705,0,1,112
M219,M50,18:49:22,6,1,1,AA5945,0,1,40
M172/7,T430,18:49:33,6,1,-1,AB6393,0,1,335
T430,T328,18:49:33,6,5,-1,AB6171,0,1,93
T421,T431,18:50:04,6,-1,1,AB6392,0,1,174
T556,T557,18:50:14,6,1,-1,AB6344,0,1,92
T430,T328,18:51:04,6,1,-1,AB6393,0,1,80
T557,T558,18:51:45,6,1,-1,AB6344,0,1,30
T328,T420,18:52:05,6,5,1,AB6171,0,1,141
T328,T420,18:52:45,6,1,1,AB6393,0,1,90
T420,T422,18:53:16,6,5,1,AB6171,0,1,30
T558,T551/1,18:53:36,6,1,-1,AB6344,0,1,91
M172/16,M247,18:54:26,6,2,1,AA7619,0,1,689
T422,T424,18:54:26,6,5,-1,AB6171,0,1,60
T420,T424,18:54:47,6,1,-1,AB6393,1,1,70
T431,M172/16,18:55:17,6,-1,1,AB6392,0,1,303
M247,M231,18:55:37,6,1,1,AA7619,0,1,10
M50,M172/7,18:55:47,6,0,1,AB6705,0,1,385
T551/1,T425,18:56:58,6,2,1,AB6344,0,1,161
M50,M172/7,18:57:08,6,1,1,AA5945,0,1,434
T425,T423,18:57:59,6,2,1,AB6344,0,1,30
M231,M219,18:57:59,6,1,2,AA7619,0,1,80
T424,T559,18:58:19,6,5,-1,AB6171,0,1,222
T424,T559,18:58:29,6,1,-1,AB6393,0,1,181
T423,T421,18:59:09,6,2,1,AB6344,0,1,30
T559,T552,18:59:09,6,5,-1,AB6171,0,1,20
T559,T552,18:59:30,6,1,-1,AB6393,0,1,30
T552,T553,18:59:50,6,5,-1,AB6171,0,1,10
T552,T553,19:00:00,6,1,-1,AB6393,0,1,10
T550/4,T556,19:00:33,6,-1,-1,AA7207,0,1,43
T553,T554,19:00:33,6,5,-1,AB6171,0,1,33
M219,M50,19:00:43,6,1,1,AA7619,0,1,124
T553,T554,19:00:43,6,1,-1,AB6393,0,1,23
T554,T555/2,19:02:14,6,5,-1,AB6171,0,1,90
T556,T557,19:02:24,6,-1,-1,AA7207,0,1,101
M172/7,T430,19:02:24,6,0,-1,AB6705,0,1,336
T554,T555/2,19:02:24,6,1,-1,AB6393,0,1,90
T421,T431,19:02:34,6,2,1,AB6344,0,1,164
M172/7,T430,19:02:34,6,1,-1,AA5945,0,1,316
T557,T558,19:03:36,6,-1,-1,AA7207,0,1,31
T430,T328,19:04:17,6,1,-1,AA5945,0,1,81
T430,T328,19:04:27,6,0,-1,AB6705,0,1,91
T555/2,T550/4,19:04:27,6,-1,-1,AB6171,0,1,71
T555/2,T550/4,19:04:27,6,-1,-1,AB6393,0,1,71
T558,T551/1,19:05:37,6,-1,-1,AA7207,0,1,80
T328,T420,19:05:58,6,0,1,AB6705,0,1,80
T328,T420,19:06:48,6,1,1,AA5945,0,1,111
T420,T422,19:06:58,6,0,1,AB6705,0,1,30
M50,M172/7,19:07:29,6,1,1,AA7619,0,1,354
T420,T422,19:08:09,6,2,1,AA5945,0,1,30
T431,M172/16,19:08:19,6,3,1,AB6344,0,1,282
T422,T424,19:08:29,6,0,-1,AB6705,0,1,80
T422,T424,19:09:00,6,2,-1,AA5945,0,1,40
T551/1,T425,19:09:20,6,-1,1,AA7207,0,1,171
T425,T423,19:10:25,6,-1,1,AA7207,0,1,40
T423,T421,19:11:46,6,-1,1,AA7207,0,1,51
T424,T559,19:12:07,6,0,-1,AB6705,0,1,187
T424,T559,19:12:17,6,2,-1,AA5945,0,1,187
M172/16,M247,19:12:27,6,-1,1,AB6392,0,1,949
M247,M231,19:13:37,6,-1,1,AB6392,0,1,20
T559,T552,19:13:37,6,0,-1,AB6705,0,1,20
T559,T552,19:13:58,6,2,-1,AA5945,0,1,30
T552,T553,19:14:18,6,0,-1,AB6705,0,1,10
T552,T553,19:14:38,6,2,-1,AA5945,0,1,10
M231,M219,19:15:20,6,-1,2,AB6392,0,1,51
T553,T554,19:15:20,6,0,-1,AB6705,0,1,51
T421,T431,19:15:30,6,-1,1,AA7207,0,1,193
T553,T554,19:15:30,6,2,-1,AA5945,0,1,31
M172/7,T430,19:15:50,6,3,-1,AA7619,0,1,491
T554,T555/2,19:16:54,6,0,-1,AB6705,0,1,74
T554,T555/2,19:17:04,6,2,-1,AA5945,0,1,84
M219,M50,19:17:35,6,-1,2,AB6392,0,1,30
T430,T328,19:17:35,6,3,-1,AA7619,0,1,74
T555/2,T550/4,19:18:25,6,-1,-1,AB6705,0,1,60
T555/2,T550/4,19:18:36,6,-1,-1,AA5945,0,1,60
T328,T420,19:19:36,6,3,1,AA7619,0,1,111
T431,M172/16,19:20:37,6,-1,2,AA7207,0,1,286
T420,T422,19:21:17,6,3,1,AA7619,0,1,30
T422,T424,19:22:28,6,3,1,AA7619,0,1,60
M172/16,M247,19:23:59,6,3,1,AB6344,0,1,834
M247,M231,19:25:09,6,1,1,AB6344,0,1,20
M50,M172/7,19:25:40,6,-1,1,AB6392,0,1,404
T424,T559,19:26:00,6,4,-1,AA7619,0,1,171
M231,M219,19:27:14,6,1,2,AB6344,0,1,73
T559,T552,19:27:54,6,4,-1,AA7619,0,1,30
T552,T553,19:28:35,6,3,-1,AA7619,0,1,10
M219,M50,19:28:55,6,1,2,AB6344,0,1,10
T553,T554,19:29:25,6,3,-1,AA7619,0,1,40
T550/4,T556,19:30:16,6,0,-1,AB6705,0,1,40
T554,T555/2,19:31:06,6,3,-1,AA7619,0,1,80
T556,T557,19:31:47,6,0,-1,AB6705,0,1,80
M172/16,M247,19:32:27,6,-1,1,AA7207,0,1,639
T555/2,T550/4,19:32:38,6,-1,-1,AA7619,0,1,60
M247,M231,19:33:38,6,-1,2,AA7207,0,1,20
M172/7,T430,19:33:48,6,-1,-1,AB6392,0,1,374
T557,T551/1,19:33:58,6,0,1,AB6705,1,1,121
M231,M219,19:35:19,6,-1,1,AA7207,0,1,70
M50,M172/7,19:35:39,6,1,1,AB6344,0,1,363
T430,T328,19:35:39,6,-1,-1,AB6392,0,1,80
T328,T420,19:37:32,6,-1,1,AB6392,0,1,102
M219,M50,19:37:42,6,-1,2,AA7207,0,1,92
T551/1,T423,19:37:53,6,0,1,AB6705,1,1,203
T420,T422,19:38:44,6,-1,1,AB6392,0,1,41
T423,T421,19:39:04,6,0,1,AB6705,0,1,30
T422,T424,19:39:24,6,-1,1,AB6392,0,1,30
T421,T431,19:42:37,6,0,1,AB6705,0,1,172
T424,T559,19:42:58,6,-1,-1,AB6392,0,1,192
M172/7,T430,19:43:58,6,1,-1,AB6344,0,1,365
T559,T552,19:44:28,6,-1,-1,AB6392,0,1,30
M50,M172/7,19:44:49,6,-1,1,AA7207,0,1,406
T552,T553,19:45:09,6,-1,-1,AB6392,0,1,10
T430,T328,19:45:59,6,1,-1,AB6344,0,1,101
T553,T554,19:45:59,6,-1,-1,AB6392,0,1,30
T431,M172/16,19:47:22,6,0,2,AB6705,0,1,264
T328,T420,19:47:44,6,1,1,AB6344,0,1,94
T554,T555/2,19:48:04,6,-1,-1,AB6392,0,1,91
T420,T422,19:49:04,6,1,1,AB6344,0,1,30
T550/4,T556,19:49:14,6,2,-1,AB6393,0,1,40
T555/2,T550/4,19:49:55,6,-1,-1,AB6392,0,1,70
T422,T424,19:50:05,6,1,1,AB6344,0,1,50
M247,M231,19:51:16,6,3,2,AB6171,0,1,20
T556,T557,19:51:46,6,3,-1,AB6393,0,1,101
T557,T558,19:52:37,6,3,-1,AB6393,0,1,40
T424,T552,19:52:57,6,1,-1,AB6344,1,1,141
M172/7,T430,19:53:07,6,-1,-1,AA7207,0,1,344
M231,M219,19:53:27,6,3,2,AB6171,0,1,90
T558,T551/1,19:54:38,6,3,1,AB6393,0,1,101
T430,T328,19:54:48,6,-1,-1,AA7207,0,1,90
M172/16,M247,19:54:58,6,0,1,AB6705,0,1,404
M247,M231,19:55:39,6,0,2,AB6705,0,1,10
T552,T553,19:55:49,6,1,-1,AB6344,0,1,161
M219,M50,19:56:09,6,3,1,AB6171,0,1,111
T328,T420,19:56:39,6,-1,1,AA7207,0,1,101
M231,M219,19:57:41,6,0,2,AB6705,0,1,71
T420,T422,19:57:51,6,-1,1,AA7207,0,1,41
T553,T555/2,19:58:11,6,1,-1,AB6344,1,1,132
T555/2,T550/4,19:59:34,6,-1,-1,AB6344,0,1,52
T551/1,T425,19:59:44,6,3,1,AB6393,0,1,204
T422,T424,19:59:44,6,-1,1,AA7207,0,1,102
M219,M50,19:59:54,6,0,1,AB6705,0,1,52
T425,T423,20:00:45,6,3,1,AB6393,0,1,40
T423,T421,20:02:06,6,3,1,AB6393,0,1,41
M50,M172/7,20:02:37,6,3,1,AB6171,0,1,377
T424,T559,20:03:07,6,-1,-1,AA7207,0,1,192
T559,T552,20:04:54,6,-1,-1,AA7207,0,1,20
T421,T431,20:05:44,6,4,1,AB6393,0,1,187
T552,T553,20:05:44,6,-1,-1,AA7207,0,1,20
T553,T554,20:06:25,6,-1,-1,AA7207,0,1,30
T550/4,T556,20:06:35,6,1,-1,AA5945,0,1,30
M50,M172/7,20:07:45,6,0,1,AB6705,0,1,359
T554,T555/2,20:08:16,6,-1,-1,AA7207,0,1,90
T556,T557,20:09:06,6,3,-1,AA5945,0,1,90
T557,T558,20:10:17,6,3,-1,AA5945,0,1,30
T555/2,T550/4,20:10:27,6,-1,-1,AA7207,0,1,90
M172/7,T430,20:10:47,6,5,-1,AB6171,0,1,373
T431,M172/16,20:11:08,6,4,1,AB6393,0,1,313
T558,T551/1,20:12:49,6,4,1,AA5945,0,1,100
M172/7,T430,20:13:39,6,0,-1,AB6705,0,1,323
T430,T420,20:14:30,6,5,1,AB6171,1,1,202
T430,T328,20:15:20,6,0,-1,AB6705,0,1,80
T420,T422,20:15:32,6,5,1,AB6171,0,1,22
T551/1,T425,20:16:54,6,4,1,AA5945,0,1,154
T422,T424,20:16:54,6,5,1,AB6171,0,1,72
T328,T420,20:17:05,6,0,1,AB6705,0,1,92
T425,T423,20:17:55,6,4,1,AA5945,0,1,30
T420,T422,20:17:55,6,0,1,AB6705,0,1,30
T422,T424,20:18:46,6,0,1,AB6705,0,1,40
T423,T421,20:18:56,6,4,1,AA5945,0,1,40
T424,T559,20:20:57,6,5,-1,AB6171,0,1,212
T424,T559,20:21:58,6,0,-1,AB6705,0,1,181
T559,T552,20:22:08,6,5,-1,AB6171,0,1,30
T421,T431,20:22:38,6,4,1,AA5945,0,1,191
M172/16,M247,20:22:38,6,5,1,AB6393,0,1,528
T552,T553,20:22:58,6,5,-1,AB6171,0,1,10
T559,T552,20:23:08,6,0,-1,AB6705,0,1,20
T553,T554,20:23:39,6,5,-1,AB6171,0,1,30
T552,T553,20:23:49,6,0,-1,AB6705,0,1,10
M247,M231,20:24:09,6,4,2,AB6393,0,1,20
T550/4,T556,20:24:19,6,-1,-1,AB6392,0,1,40
T553,T554,20:24:29,6,0,-1,AB6705,0,1,30
M231,M219,20:25:31,6,4,2,AB6393,0,1,41
T554,T555/2,20:25:31,6,5,-1,AB6171,0,1,81
T554,T555/2,20:25:41,6,0,-1,AB6705,0,1,61
T556,T557,20:26:11,6,-1,-1,AB6392,0,1,102
T557,T558,20:27:14,6,-1,-1,AB6392,0,1,30
T555/2,T550/4,20:27:24,6,-1,-1,AB6171,0,1,72
T555/2,T550/4,20:27:24,6,-1,-1,AB6705,0,1,72
T431,M172/16,20:27:34,6,4,1,AA5945,0,1,276
M219,M50,20:27:34,6,5,1,AB6393,0,1,20
T558,T551/1,20:29:25,6,-1,1,AB6392,0,1,90
T551/1,T425,20:33:08,6,-1,1,AB6392,0,1,181
T425,T423,20:33:58,6,-1,1,AB6392,0,1,40
T423,T421,20:34:59,6,-1,1,AB6392,0,1,30
M50,M172/7,20:34:59,6,5,1,AB6393,0,1,373
M172/16,M247,20:38:05,6,4,1,AA5945,0,1,539
T421,T431,20:38:35,6,-1,1,AB6392,0,1,185
M247,M231,20:39:25,6,3,2,AA5945,0,1,10
M231,M219,20:40:56,6,3,2,AA5945,0,1,70
M172/7,T430,20:41:57,6,5,-1,AB6393,0,1,347
M219,M50,20:43:38,6,4,1,AA5945,0,1,90
T431,M172/16,20:43:48,6,-1,1,AB6392,0,1,303
T430,T328,20:43:58,6,5,-1,AB6393,0,1,101
T550/4,T556,20:44:49,6,3,-1,AB6344,0,1,40
T328,T420,20:46:10,6,5,1,AB6393,0,1,101
T556,T557,20:46:40,6,3,-1,AB6344,0,1,80
T557,T558,20:47:33,6,3,-1,AB6344,0,1,22
T420,T422,20:47:33,6,5,1,AB6393,0,1,32
T422,T424,20:48:03,6,5,1,AB6393,0,1,20
T558,T551/1,20:49:34,6,3,1,AB6344,0,1,91
M50,M172/7,20:50:25,6,4,1,AA5945,0,1,386
T424,T559,20:51:45,6,5,-1,AB6393,0,1,202
M172/16,M247,20:52:36,6,-1,1,AB6392,0,1,457
T551/1,T425,20:53:16,6,0,1,AB6344,0,1,171
T559,T552,20:53:27,6,4,-1,AB6393,0,1,30
M247,M231,20:53:57,6,-1,1,AB6392,0,1,20
T425,T423,20:54:07,6,0,1,AB6344,0,1,40
T552,T553,20:54:07,6,4,-1,AB6393,0,1,10
T553,T554,20:54:47,6,4,-1,AB6393,0,1,30
T423,T421,20:55:28,6,2,1,AB6344,0,1,40
M231,M219,20:56:28,6,-1,1,AB6392,0,1,111
T554,T555/2,20:56:28,6,4,-1,AB6393,0,1,80
M172/7,T430,20:57:09,6,5,-1,AA5945,0,1,303
T555/2,T550/4,20:57:59,6,-1,-1,AB6393,0,1,60
M219,M50,20:58:30,6,-1,1,AB6392,0,1,80
T421,T431,20:58:40,6,2,1,AB6344,0,1,171
T430,T328,20:59:20,6,5,-1,AA5945,0,1,101
T328,T420,21:01:35,6,5,1,AA5945,0,1,101
T420,T422,21:02:35,6,5,1,AA5945,0,1,30
T422,T424,21:03:16,6,5,1,AA5945,0,1,30
T431,M172/16,21:03:26,6,2,1,AB6344,0,1,275
T550/4,T556,21:03:46,6,0,-1,AB6393,0,1,40
M50,M172/7,21:05:17,6,-1,1,AB6392,0,1,366
T556,T557,21:06:18,6,1,-1,AB6393,0,1,101
T424,T559,21:06:18,6,5,-1,AA5945,0,1,171
T557,T558,21:07:38,6,2,-1,AB6393,0,1,40
T559,T552,21:08:00,6,4,-1,AA5945,0,1,31
T553,T554,21:09:35,6,4,-1,AA5945,0,1,50
T558,T551/1,21:09:45,6,3,1,AB6393,0,1,95
T554,T555/2,21:10:55,6,4,-1,AA5945,0,1,70
M172/16,M247,21:11:06,6,2,1,AB6344,0,1,399
M247,M231,21:12:06,6,1,1,AB6344,0,1,10
T555/2,T550/4,21:12:26,6,-1,-1,AA5945,0,1,60
M172/7,T430,21:12:37,6,-1,-1,AB6392,0,1,348
T551/1,T425,21:13:17,6,3,1,AB6393,0,1,171
T425,T423,21:14:07,6,2,1,AB6393,0,1,40
M231,M219,21:14:07,6,1,1,AB6344,0,1,80
T430,T328,21:14:38,6,-1,-1,AB6392,0,1,80
T423,T421,21:15:18,6,3,1,AB6393,0,1,30
T328,T420,21:16:29,6,-1,1,AB6392,0,1,101
M219,M50,21:16:39,6,1,1,AB6344,0,1,121
T420,T422,21:17:40,6,-1,1,AB6392,0,1,40
T421,T431,21:18:20,6,3,1,AB6393,0,1,161
T422,T424,21:18:35,6,-1,1,AB6392,0,1,45
T424,T559,21:22:07,6,-1,-1,AB6392,0,1,181
M50,M172/7,21:22:37,6,1,1,AB6344,0,1,327
T550/4,T556,21:23:28,6,0,-1,AA5945,0,1,30
T431,M172/16,21:23:48,6,4,1,AB6393,0,1,292
T559,T552,21:23:48,6,-1,-1,AB6392,0,1,30
T552,T553,21:24:39,6,-1,-1,AB6392,0,1,10
T553,T554,21:25:19,6,-1,-1,AB6392,0,1,30
T556,T557,21:25:29,6,0,-1,AA5945,0,1,80
T557,T558,21:26:30,6,0,-1,AA5945,0,1,30
T554,T555/2,21:26:50,6,-1,-1,AB6392,0,1,81
T558,T551/1,21:28:14,6,0,1,AA5945,0,1,93
T555/2,T550/4,21:28:24,6,-1,-1,AB6392,0,1,63
M172/7,T430,21:29:55,6,3,-1,AB6344,0,1,336
T551/1,T425,21:31:26,6,0,1,AA5945,0,1,171
T430,T328,21:31:36,6,3,-1,AB6344,0,1,80
M172/16,M247,21:31:56,6,4,1,AB6393,0,1,407
T425,T423,21:32:16,6,0,1,AA5945,0,1,30
M247,M231,21:32:57,6,2,2,AB6393,0,1,10
T423,T421,21:33:17,6,0,1,AA5945,0,1,30
T328,T420,21:34:08,6,3,1,AB6344,0,1,121
M231,M219,21:35:08,6,3,2,AB6393,0,1,101
T420,T422,21:35:18,6,3,1,AB6344,0,1,40
T422,T424,21:35:49,6,3,1,AB6344,0,1,20
T421,T431,21:36:19,6,0,1,AA5945,0,1,171
M219,M50,21:36:59,6,3,1,AB6393,0,1,50
T424,T559,21:39:23,6,3,-1,AB6344,0,1,194
T431,M172/16,21:40:54,6,0,1,AA5945,0,1,265
T559,T552,21:40:54,6,1,-1,AB6344,0,1,20
T552,T553,21:41:35,6,1,-1,AB6344,0,1,10
T550/4,T556,21:42:35,6,-1,-1,AB6392,0,1,40
T553,T554,21:42:35,6,0,-1,AB6344,0,1,50
T554,T555/2,21:44:06,6,0,-1,AB6344,0,1,70
M50,M172/7,21:44:47,6,3,1,AB6393,0,1,426
T556,T557,21:45:17,6,-1,-1,AB6392,0,1,101
T555/2,T550/4,21:45:37,6,-1,-1,AB6344,0,1,60
T557,T558,21:45:57,6,-1,-1,AB6392,0,1,30
T558,T551/1,21:47:59,6,-1,1,AB6392,0,1,90
M172/16,M247,21:48:39,6,1,1,AA5945,0,1,404
M247,M231,21:49:29,6,0,2,AA5945,0,1,10
M172/7,T430,21:51:02,6,4,-1,AB6393,0,1,325
M231,M219,21:51:23,6,0,2,AA5945,0,1,103
T551/1,T425,21:51:45,6,-1,1,AB6392,0,1,175
T425,T423,21:52:35,6,-1,1,AB6392,0,1,40
T430,T328,21:52:56,6,4,-1,AB6393,0,1,80
M219,M50,21:53:46,6,2,1,AA5945,0,1,60
T423,T421,21:54:47,6,-1,1,AB6392,0,1,40
T328,T420,21:54:57,6,4,1,AB6393,0,1,90
T550/4,T556,21:55:37,6,0,-1,AB6344,0,1,20
T420,T424,21:56:28,6,3,1,AB6393,1,1,60
T556,T557,21:58:09,6,1,-1,AB6344,0,1,90
T421,T431,21:58:29,6,-1,1,AB6392,0,1,181
T557,T558,21:59:09,6,2,-1,AB6344,0,1,30
T424,T559,22:00:10,6,3,-1,AB6393,0,1,212
T558,T551/1,22:01:01,6,2,-1,AB6344,0,1,81
T559,T552,22:01:11,6,3,-1,AB6393,0,1,20
T552,T553,22:01:52,6,3,-1,AB6393,0,1,10
T553,T554,22:02:32,6,2,-1,AB6393,0,1,30
T431,M172/16,22:03:33,6,-1,-1,AB6392,0,1,293
T554,T555/2,22:04:03,6,2,-1,AB6393,0,1,80
T551/1,T425,22:04:33,6,1,-1,AB6344,0,1,171
T425,T423,22:05:14,6,1,1,AB6344,0,1,30
T555/2,T550/4,22:05:24,6,-1,-1,AB6393,0,1,60
T423,T421,22:06:55,6,2,1,AB6344,0,1,40
M50,T430,22:07:36,6,3,-1,AA5945,1,1,759
T430,T328,22:09:07,6,3,-1,AA5945,0,1,70
T421,T431,22:10:08,6,2,1,AB6344,0,1,162
T328,T420,22:11:40,6,3,1,AA5945,0,1,122
T420,T422,22:12:43,6,3,1,AA5945,0,1,33
T550/4,T556,22:13:54,6,1,-1,AA7456,0,1,50
M172/16,M247,22:13:54,6,-1,1,AB6392,0,1,519
T422,T424,22:13:54,6,3,1,AA5945,0,1,60
T431,M172/16,22:15:05,6,2,1,AB6344,0,1,286
M247,M231,22:15:15,6,-1,2,AB6392,0,1,20
T556,T557,22:16:25,6,2,-1,AA7456,0,1,101
M231,M219,22:16:36,6,-1,3,AB6392,0,1,40
T424,T559,22:17:26,6,3,-1,AA5945,0,1,191
M219,M50,22:18:27,6,-1,1,AB6392,0,1,70
T557,T551/1,22:18:47,6,2,1,AA7456,1,1,121
T559,T552,22:19:07,6,2,-1,AA5945,0,1,30
T552,T553,22:19:47,6,2,-1,AA5945,0,1,10
T551/1,T425,22:22:09,6,1,1,AA7456,0,1,161
T553,T555/2,22:22:09,6,2,-1,AA5945,1,1,131
T425,T423,22:23:10,6,1,1,AA7456,0,1,30
M172/16,M247,22:23:10,6,3,1,AB6344,0,1,404
T555/2,T550/4,22:23:50,6,-1,-1,AA5945,0,1,60
M247,M231,22:24:10,6,0,2,AB6344,0,1,10
T423,T421,22:24:30,6,2,1,AA7456,0,1,30
T550/4,T556,22:25:43,6,3,-1,AB6393,0,1,42
M231,M219,22:25:43,6,0,2,AB6344,0,1,62
M50,M172/7,22:25:43,6,-1,1,AB6392,0,1,345
M219,M50,22:28:05,6,0,1,AB6344,0,1,101
T421,T431,22:28:15,6,2,1,AA7456,0,1,194
T556,T557,22:29:05,6,4,-1,AB6393,0,1,111
T557,T558,22:30:06,6,4,-1,AB6393,0,1,30
M172/7,T430,22:32:07,6,-1,-1,AB6392,0,1,323
T558,T551/1,22:32:37,6,4,1,AB6393,0,1,80
T431,M172/16,22:33:08,6,2,1,AA7456,0,1,272
T430,T328,22:33:58,6,-1,-1,AB6392,0,1,80
M50,M172/7,22:34:29,6,0,1,AB6344,0,1,343
T328,T420,22:36:32,6,-1,1,AB6392,0,1,123
T551/1,T425,22:36:52,6,2,1,AB6393,0,1,173
T420,T422,22:37:34,6,-1,1,AB6392,0,1,31
T425,T423,22:37:54,6,2,1,AB6393,0,1,31
T422,T424,22:38:54,6,-1,1,AB6392,0,1,70
T550/4,T556,22:39:25,6,2,-1,AA5945,0,1,40
T423,T421,22:39:35,6,3,1,AB6393,0,1,40
M172/7,T430,22:40:25,6,0,-1,AB6344,0,1,316
M172/16,M247,22:41:16,6,2,-1,AA7456,0,1,407
T556,T557,22:41:36,6,3,-1,AA5945,0,1,90
M247,M231,22:42:16,6,1,-1,AA7456,0,1,10
T557,T558,22:42:37,6,3,-1,AA5945,0,1,40
T424,T559,22:42:47,6,-1,-1,AB6392,0,1,191
T421,T431,22:43:07,6,3,-1,AB6393,0,1,181
T430,T420,22:43:37,6,0,-1,AB6344,1,1,171
M231,M219,22:43:47,6,1,-1,AA7456,0,1,50
T558,T551/1,22:44:18,6,3,-1,AA5945,0,1,80
T559,T552,22:44:18,6,-1,-1,AB6392,0,1,20
T420,T422,22:44:38,6,0,-1,AB6344,0,1,30
T552,T553,22:44:58,6,-1,-1,AB6392,0,1,10
T422,T424,22:45:18,6,0,1,AB6344,0,1,30
T553,T554,22:45:39,6,-1,-1,AB6392,0,1,20
M219,M50,22:46:59,6,2,1,AA7456,0,1,101
T554,T555/2,22:47:10,6,-1,-1,AB6392,0,1,80
T550/4,T556,22:47:34,6,1,-1,AA7224,0,1,44
T551/1,T425,22:47:54,6,1,1,AA5945,0,1,165
T425,T423,22:48:35,6,1,1,AA5945,0,1,20
T431,M172/16,22:48:35,6,4,1,AB6393,0,1,297
T424,T559,22:48:35,6,0,-1,AB6344,0,1,186
T555/2,T550/4,22:48:55,6,-1,-1,AB6392,0,1,70
T556,T557,22:49:35,6,1,-1,AA7224,0,1,111
T423,T421,22:49:35,6,1,1,AA5945,0,1,40
T559,T552,22:49:55,6,0,-1,AB6344,0,1,20
T552,T554,22:51:26,6,0,-1,AB6344,1,1,70
T557,T551/1,22:52:07,6,1,1,AA7224,1,1,131
T554,T555/2,22:52:37,6,0,-1,AB6344,0,1,60
T421,T431,22:52:47,6,2,1,AA5945,0,1,171
M50,M172/7,22:53:38,6,2,1,AA7456,0,1,353
T555/2,T550/4,22:54:08,6,-1,-1,AB6344,0,1,60
T551/1,T425,22:55:20,6,1,1,AA7224,0,1,162
T425,T423,22:55:52,6,1,1,AA7224,0,1,20
T550/4,T556,22:57:03,6,-1,-1,AB6392,0,1,50
M172/16,M247,22:57:03,6,3,1,AB6393,0,1,457
T423,T421,22:57:23,6,1,1,AA7224,0,1,40
T431,M172/16,22:57:33,6,2,1,AA5945,0,1,275
M247,M231,22:57:53,6,1,2,AB6393,0,1,20
T556,T557,22:59:04,6,-1,-1,AB6392,0,1,101
M231,M219,22:59:34,6,1,2,AB6393,0,1,70
T557,T558,22:59:55,6,-1,-1,AB6392,0,1,30
M172/7,T430,23:00:25,6,3,-1,AA7456,0,1,336
T558,T551/1,23:01:46,6,-1,1,AB6392,0,1,90
M219,M50,23:02:06,6,3,1,AB6393,0,1,90
T430,T328,23:02:26,6,3,-1,AA7456,0,1,90
M172/16,M247,23:03:57,6,1,1,AA5945,0,1,333
T328,T420,23:04:17,6,3,1,AA7456,0,1,100
M247,M231,23:04:48,6,1,3,AA5945,0,1,20
T551/1,T425,23:05:08,6,-1,1,AB6392,0,1,171
T421,M172/16,23:05:28,6,1,1,AA7224,1,1,454
T420,T422,23:05:48,6,4,1,AA7456,0,1,30
T425,T423,23:06:08,6,-1,1,AB6392,0,1,40
M231,M219,23:06:08,6,1,2,AA5945,0,1,70
M219,M50,23:07:09,6,1,1,AA5945,0,1,20
T422,T424,23:07:39,6,4,1,AA7456,0,1,101
T423,T421,23:07:49,6,-1,1,AB6392,0,1,40
M50,M172/7,23:08:20,6,2,1,AB6393,0,1,343
T550/4,T556,23:10:04,6,0,-1,AB6344,0,1,30
T424,T559,23:11:05,6,4,-1,AA7456,0,1,185
T421,T431,23:11:35,6,-1,1,AB6392,0,1,185
T556,T557,23:12:05,6,3,-1,AB6344,0,1,80
T557,T558,23:12:56,6,3,-1,AB6344,0,1,30
T559,T552,23:13:06,6,3,-1,AA7456,0,1,30
M50,M172/7,23:13:46,6,1,1,AA5945,0,1,367
M172/16,M247,23:14:37,6,3,1,AA7224,0,1,458
M172/7,T430,23:14:37,6,3,-1,AB6393,0,1,326
T558,T551/1,23:14:47,6,3,1,AB6344,0,1,80
M247,M231,23:15:28,6,3,1,AA7224,0,1,20
T553,T555/2,23:15:58,6,3,-1,AA7456,1,1,121
T430,T328,23:16:28,6,3,-1,AB6393,0,1,90
T431,M172/16,23:17:09,6,-1,1,AB6392,0,1,303
M231,M219,23:17:09,6,3,2,AA7224,0,1,80
T555/2,T550/4,23:17:39,6,-1,-1,AA7456,0,1,60
T328,T420,23:18:09,6,3,1,AB6393,0,1,90
T551/1,T425,23:18:40,6,1,1,AB6344,0,1,171
M219,M50,23:19:00,6,3,1,AA7224,0,1,40
T425,T423,23:19:34,6,1,1,AB6344,0,1,34
M172/7,T430,23:20:15,6,2,-1,AA5945,0,1,378
T423,T421,23:20:45,6,2,1,AB6344,0,1,30
T430,T328,23:21:46,6,2,-1,AA5945,0,1,80
T420,T559,23:23:06,6,4,-1,AB6393,2,1,256
T421,T431,23:23:57,6,2,1,AB6344,0,1,171
M172/16,M247,23:24:07,6,-1,1,AB6392,0,1,377
T420,T422,23:24:27,6,2,1,AA5945,0,1,40
T559,T552,23:24:27,6,4,-1,AB6393,0,1,20
T550/4,T556,23:24:37,6,0,-1,AA7456,0,1,30
M50,M172/7,23:24:58,6,3,1,AA7224,0,1,323
M247,M231,23:25:08,6,-1,2,AB6392,0,1,10
T422,T424,23:25:28,6,2,-1,AA5945,0,1,50
T552,T554,23:25:48,6,2,-1,AB6393,1,1,70
T556,T557,23:26:18,6,0,-1,AA7456,0,1,70
M231,M219,23:26:18,6,-1,2,AB6392,0,1,40
T557,T558,23:26:49,6,0,-1,AA7456,0,1,20
T554,T555/2,23:26:59,6,2,-1,AB6393,0,1,60
T424,T559,23:28:32,6,2,-1,AA5945,0,1,174
T555/2,T550/4,23:28:32,6,-1,-1,AB6393,0,1,63
T558,T551/1,23:28:42,6,0,1,AA7456,0,1,83
T431,M172/16,23:28:42,6,2,1,AB6344,0,1,265
M219,M50,23:28:42,6,-1,1,AB6392,0,1,103
T559,T552,23:29:54,6,2,-1,AA5945,0,1,20
M172/7,T430,23:30:55,6,3,-1,AA7224,0,1,326
T552,T554,23:31:05,6,2,-1,AA5945,1,1,60
T551/1,T425,23:31:55,6,0,1,AA7456,0,1,162
T430,T328,23:32:36,6,3,-1,AA7224,0,1,90
T554,T555/2,23:32:36,6,1,-1,AA5945,0,1,70
T425,T423,23:32:56,6,0,1,AA7456,0,1,30
T555/2,T550/4,23:33:46,6,-1,-1,AA5945,0,1,60
T423,T421,23:34:07,6,0,1,AA7456,0,1,40
T328,T420,23:34:27,6,3,1,AA7224,0,1,101
M50,M172/7,23:34:57,6,-1,1,AB6392,0,1,334
T420,T424,23:35:48,6,3,1,AA7224,1,1,70
M172/16,M247,23:36:28,6,1,1,AB6344,0,1,425
M247,M231,23:37:19,6,1,1,AB6344,0,1,20
T421,T431,23:37:39,6,1,1,AA7456,0,1,171
M231,M219,23:38:50,6,0,2,AB6344,0,1,70
T550/4,T556,23:39:00,6,0,-1,AB6393,0,1,30
T424,T559,23:39:20,6,3,-1,AA7224,0,1,181
M219,M50,23:40:34,6,0,1,AB6344,0,1,30
T559,T552,23:40:44,6,3,-1,AA7224,0,1,30
T552,T553,23:41:15,6,3,-1,AA7224,0,1,10
T556,T557,23:41:25,6,0,-1,AB6393,0,1,101
M172/7,T430,23:41:35,6,-1,-1,AB6392,0,1,316
T557,T558,23:41:55,6,0,-1,AB6393,0,1,20
T553,T554,23:41:55,6,3,-1,AA7224,0,1,20
T431,M172/16,23:42:46,6,1,1,AA7456,0,1,276
T554,T555/2,23:43:26,6,3,-1,AA7224,0,1,70
T430,T328,23:43:36,6,-1,-1,AB6392,0,1,90
T558,T551/1,23:43:56,6,1,1,AB6393,0,1,90
T555/2,T550/4,23:44:47,6,-1,-1,AA7224,0,1,60
T328,T420,23:45:27,6,-1,1,AB6392,0,1,101
M50,M172/7,23:46:18,6,0,1,AB6344,0,1,333
T420,T422,23:46:28,6,-1,1,AB6392,0,1,30
T551/1,T425,23:47:19,6,1,1,AB6393,0,1,171
T425,T423,23:48:09,6,1,1,AB6393,0,1,30
T423,T421,23:49:35,6,1,1,AB6393,0,1,45
T422,T559,23:50:45,6,-1,-1,AB6392,1,1,247
M172/16,M247,23:51:46,6,2,1,AA7456,0,1,499
T559,T552,23:51:56,6,-1,-1,AB6392,0,1,30
M172/7,T430,23:52:06,6,1,-1,AB6344,0,1,307
T552,T553,23:52:37,6,-1,-1,AB6392,0,1,10
M247,M231,23:52:47,6,0,1,AA7456,0,1,20
T553,T554,23:53:17,6,-1,-1,AB6392,0,1,30
T421,T431,23:53:37,6,3,1,AB6393,0,1,161
T430,T328,23:53:47,6,1,-1,AB6344,0,1,90
T550/4,T556,23:53:57,6,1,-1,AA5945,0,1,40
M231,M219,23:54:07,6,0,1,AA7456,0,1,60
T554,T555/2,23:54:58,6,-1,-1,AB6392,0,1,80
M219,M50,23:55:18,6,0,1,AA7456,0,1,10
T328,T420,23:55:28,6,1,1,AB6344,0,1,80
T556,T557,23:55:49,6,1,-1,AA5945,0,1,90
T557,T558,23:56:19,6,1,-1,AA5945,0,1,20
T420,T422,23:56:19,6,1,1,AB6344,0,1,30
T555/2,T550/4,23:56:29,6,-1,-1,AB6392,0,1,60
T422,T424,23:57:30,6,1,1,AB6344,0,1,60
T558,T551/1,23:58:10,6,1,1,AA5945,0,1,80
T431,M172/16,23:58:44,6,4,1,AB6393,0,1,286
M50,M172/7,0:01:17,0,0,1,AA7456,0,1,328
T551/1,T425,0:01:37,0,0,1,AA5945,0,1,162
T424,T559,0:01:37,0,1,-1,AB6344,0,1,196
T425,T423,0:02:27,0,0,1,AA5945,0,1,40
T559,T552,0:02:48,0,1,-1,AB6344,0,1,20
T423,T421,0:03:48,0,2,1,AA5945,0,1,30
T552,T554,0:03:58,0,0,-1,AB6344,1,1,40
T554,T555/2,0:05:19,0,0,-1,AB6344,0,1,70
M172/16,M247,0:05:39,0,2,1,AB6393,0,1,375
M247,M231,0:06:33,0,2,1,AB6393,0,1,13
M172/7,T430,0:06:33,0,0,-1,AA7456,0,1,296
T555/2,T550/4,0:06:33,0,-1,-1,AB6344,0,1,53
T421,T431,0:07:14,0,2,1,AA5945,0,1,165
M231,M219,0:07:44,0,2,1,AB6393,0,1,50
T430,T328,0:08:24,0,0,-1,AA7456,0,1,100
M219,M50,0:08:45,0,2,1,AB6393,0,1,20
T328,T420,0:10:06,0,0,1,AA7456,0,1,90
T420,T422,0:11:06,0,0,1,AA7456,0,1,40
T550/4,T556,0:11:16,0,-1,-1,AB6392,0,1,40
T431,M172/16,0:12:07,0,2,1,AA5945,0,1,282
T422,T424,0:12:27,0,0,1,AA7456,0,1,70
T556,T558,0:13:38,0,-1,-1,AB6392,1,1,111
M50,M172/7,0:15:39,0,1,1,AB6393,0,1,383
T558,T551/1,0:15:49,0,-1,1,AB6392,0,1,90
T424,T559,0:15:49,0,0,-1,AA7456,0,1,181
T559,T552,0:17:00,0,0,-1,AA7456,0,1,20
T552,T553,0:17:20,0,0,-1,AA7456,0,1,10
T553,T554,0:18:04,0,0,-1,AA7456,0,1,30
T554,T555/2,0:19:15,0,0,-1,AA7456,0,1,60
T551/1,T425,0:19:35,0,-1,1,AB6392,0,1,175
M172/16,M247,0:19:45,0,2,1,AA5945,0,1,418
T425,T423,0:20:16,0,-1,-1,AB6392,0,1,30
T555/2,T550/4,0:20:26,0,-1,-1,AA7456,0,1,60
M247,M231,0:20:46,0,2,-1,AA5945,0,1,10
T423,T421,0:21:37,0,-1,-1,AB6392,0,1,40
M172/7,T430,0:21:47,0,2,-1,AB6393,0,1,337
M231,M219,0:22:47,0,1,-1,AA5945,0,1,111
M219,M50,0:23:38,0,1,-1,AA5945,0,1,30
T430,T328,0:23:48,0,2,-1,AB6393,0,1,90
T421,T431,0:24:59,0,-1,-1,AB6392,0,1,171
T328,T420,0:25:49,0,2,1,AB6393,0,1,90
T420,T422,0:26:40,0,2,1,AB6393,0,1,30
T422,T424,0:27:10,0,2,1,AB6393,0,1,20
M50,M172/7,0:29:26,0,1,1,AA5945,0,1,317
T431,M172/16,0:30:06,0,-1,1,AB6392,0,1,277
T424,T559,0:30:26,0,2,-1,AB6393,0,1,186
T559,T552,0:31:47,0,1,-1,AB6393,0,1,30
T553,T554,0:32:38,0,1,-1,AB6393,0,1,20
T554,T555/2,0:33:58,0,1,-1,AB6393,0,1,70
M172/7,T430,0:35:09,0,1,-1,AA5945,0,1,303
T555/2,T550/4,0:35:19,0,-1,-1,AB6393,0,1,60
T430,T328,0:37:10,0,2,-1,AA5945,0,1,90
M172/16,M247,0:37:20,0,-1,1,AB6392,0,1,383
M247,M231,0:38:15,0,-1,1,AB6392,0,1,20
T328,T420,0:38:55,0,2,1,AA5945,0,1,94
M231,M219,0:39:36,0,-1,1,AB6392,0,1,50
T420,T422,0:39:56,0,2,1,AA5945,0,1,30
M219,M50,0:40:36,0,-1,1,AB6392,0,1,30
T422,T424,0:41:07,0,2,1,AA5945,0,1,60
T424,T559,0:43:58,0,2,-1,AA5945,0,1,161
T559,T552,0:45:29,0,2,-1,AA5945,0,1,20
T552,T553,0:45:50,0,2,-1,AA5945,0,1,10
M50,M172/7,0:46:34,0,-1,1,AB6392,0,1,327
T553,T555/2,0:47:45,0,2,-1,AA5945,1,1,105
T555/2,T550/4,0:49:05,0,-1,-1,AA5945,0,1,60
M172/7,T430,0:52:17,0,-1,-1,AB6392,0,2,313
T430,T328,0:53:58,0,-1,-1,AB6392,0,2,90
T328,T420,0:55:39,0,-1,1,AB6392,0,2,90
T420,T424,0:57:13,0,-1,1,AB6392,1,2,63
T424,T559,1:00:35,0,-1,-1,AB6392,0,2,191
T559,T553,1:02:16,0,-1,-1,AB6392,1,2,50
T553,T554,1:03:06,0,-1,-1,AB6392,0,2,30
T554,T555/2,1:04:17,0,-1,-1,AB6392,0,2,60
T555/2,T550/4,1:05:48,0,-1,-1,AB6392,0,2,60
