startStation,endStation,time,weekday,passengerFlow,trafficCondition,busPlate,passbyNum,weather,arrivalDuration
M1/18,M222/2,6:00:57,3,-1,-1,AA7301,0,2,20
M222/2,M244,6:02:18,3,-1,1,AA7301,0,2,30
M244,M219,6:04:39,3,-1,1,AA7301,0,2,30
M1/18,M222/2,6:10:45,3,-1,-1,AA7149,0,2,30
M222/2,M244,6:13:07,3,-1,1,AA7149,0,2,111
M244,M219,6:14:48,3,-1,2,AA7149,0,2,80
M219,T316,6:15:08,3,-1,1,AA7301,3,2,548
T316,T345/2,6:16:59,3,-1,-1,AA7301,0,2,100
T345/2,T344,6:18:20,3,-1,1,AA7301,0,2,60
T344,T356/2,6:19:15,3,-1,1,AA7301,0,2,20
M1/18,M222/2,6:20:15,3,-1,-1,AA6835,0,2,70
T356/2,T358,6:21:36,3,-1,1,AA7301,0,2,91
M222/2,M244,6:22:27,3,-1,1,AA6835,0,2,70
T358,T373/1,6:22:27,3,-1,1,AA7301,0,2,30
T373/1,T314/2,6:24:28,3,-1,1,AA7301,1,2,90
M244,M219,6:24:48,3,-1,2,AA6835,0,2,30
M219,T316,6:24:48,3,-1,1,AA7149,3,2,509
T314/2,T408/6,6:25:28,3,-1,-1,AA7301,0,2,30
T408/6,T343,6:27:18,3,-1,1,AA7301,0,2,67
T316,T345/2,6:27:28,3,-1,2,AA7149,0,2,149
T345/2,T344,6:28:38,3,-1,1,AA7149,0,2,50
T344,T356/2,6:29:49,3,-1,1,AA7149,0,2,30
M1/18,M222/2,6:30:09,3,-1,-1,AA6507,0,2,60
M222/2,M244,6:31:24,3,-1,2,AA6507,0,2,20
T356/2,T358,6:32:04,3,-1,1,AA7149,0,2,124
T358,T373/1,6:32:54,3,-1,1,AA7149,0,2,20
M244,M219,6:33:15,3,-1,2,AA6507,0,2,40
T373/1,T306,6:34:15,3,-1,1,AA7149,0,2,50
T343,M239/1,6:34:25,3,-1,-1,AA7301,0,2,387
M219,T316,6:34:36,3,-1,2,AA6835,3,2,506
T306,T314/2,6:35:07,3,-1,1,AA7149,0,2,41
T316,T345/2,6:36:17,3,-1,2,AA6835,0,2,90
T314/2,T408/6,6:36:38,3,-1,-1,AA7149,0,2,30
T345/2,T344,6:37:28,3,-1,1,AA6835,0,2,50
T344,T356/2,6:38:29,3,-1,1,AA6835,0,2,40
T408/6,T343,6:38:59,3,-1,1,AA7149,0,2,70
T356/2,T358,6:39:49,3,-1,1,AA6835,0,2,60
T358,T373/1,6:40:52,3,-1,-1,AA6835,0,2,31
T373/1,T306,6:41:52,3,-1,-1,AA6835,0,2,50
T306,T314/2,6:42:43,3,-1,-1,AA6835,0,2,40
T314/2,T408/6,6:44:03,3,-1,-1,AA6835,0,2,50
M1/18,M222/2,6:44:34,3,-1,-1,AA7341,0,2,80
M219,T345/2,6:45:44,3,-1,2,AA6507,4,2,647
T408/6,T343,6:45:44,3,-1,1,AA6835,0,2,70
M222/2,M244,6:46:25,3,-1,1,AA7341,0,2,90
T343,M239/1,6:46:45,3,-1,1,AA7149,0,2,415
T345/2,T344,6:46:55,3,-1,1,AA6507,0,2,50
T344,T356/2,6:47:56,3,-1,1,AA6507,0,2,20
M244,M219,6:48:16,3,-1,1,AA7341,0,2,40
M239/1,M235/2,6:49:06,3,-1,1,AA7301,2,2,869
T356/2,T358,6:49:26,3,-1,1,AA6507,0,2,50
M219,M50,6:50:17,3,-1,1,AA7341,0,2,30
T358,T373/1,6:50:27,3,-1,1,AA6507,0,2,30
M235/2,M247,6:50:37,3,-1,1,AA7301,0,2,80
T373/1,T306,6:51:58,3,-1,1,AA6507,0,2,70
M247,M1/18,6:52:18,3,-1,-1,AA7301,0,2,90
T306,T314/2,6:52:48,3,-1,1,AA6507,0,2,30
T343,M239/1,6:53:09,3,-1,-1,AA6835,0,2,403
T314/2,T408/6,6:54:09,3,-1,-1,AA6507,0,2,40
T408/6,T343,6:57:05,3,-1,1,AA6507,0,2,104
M1/18,M222/2,6:57:47,3,-1,-1,AA7301,0,2,22
M50,T316,6:58:17,3,-1,1,AA7341,2,2,450
M222/2,M244,6:59:48,3,-1,1,AA7301,0,2,60
T316,T345/2,7:00:39,3,-1,2,AA7341,0,2,121
M244,M219,7:01:39,3,-1,1,AA7301,0,2,40
T345/2,T344,7:01:59,3,-1,1,AA7341,0,2,40
T344,T356/2,7:02:51,3,-1,1,AA7341,0,2,20
T343,M239/1,7:04:12,3,-1,-1,AA6507,0,2,395
M239/1,M235/2,7:04:12,3,-1,1,AA7149,2,2,1037
T356/2,T358,7:05:04,3,-1,1,AA7341,0,2,72
T358,T373/1,7:06:05,3,-1,1,AA7341,0,2,30
M222/2,M244,7:06:25,3,-1,1,MZ8441,0,2,122
M235/2,M247,7:06:35,3,-1,1,AA7149,0,2,132
T373/1,T306,7:07:26,3,-1,1,AA7341,0,2,50
M244,M219,7:08:26,3,-1,2,MZ8441,0,2,60
M247,M1/18,7:08:26,3,-1,-1,AA7149,0,2,80
T306,T314/2,7:08:36,3,-1,1,AA7341,0,2,30
T314/2,T408/6,7:09:57,3,-1,-1,AA7341,0,2,30
M219,T316,7:11:38,3,-1,2,AA7301,3,2,526
T408/6,T343,7:12:18,3,-1,1,AA7341,0,2,101
T316,T345/2,7:13:49,3,-1,2,AA7301,0,2,90
M239/1,M235/2,7:14:10,3,-1,1,AA6835,2,2,1250
T345/2,T344,7:15:14,3,-1,1,AA7301,0,2,40
M1/18,M222/2,7:15:24,3,-1,-1,AA7149,0,2,64
T344,T356/2,7:16:15,3,-1,1,AA7301,0,2,30
M235/2,M247,7:16:15,3,-1,1,AA6835,0,2,115
T356/2,T358,7:17:36,3,-1,1,AA7301,0,2,50
M247,M1/18,7:17:56,3,-1,-1,AA6835,0,2,90
M222/2,M244,7:18:06,3,-1,2,AA7149,0,2,141
M219,T316,7:18:26,3,-1,1,MZ8441,3,2,559
T358,T373/1,7:18:26,3,-1,1,AA7301,0,2,30
M1/18,M222/2,7:19:06,3,-1,-1,AA7367,0,2,30
T373/1,T306,7:19:47,3,-1,1,AA7301,0,2,60
M244,M219,7:19:57,3,-1,2,AA7149,0,2,50
T316,T345/2,7:19:57,3,-1,1,MZ8441,0,2,80
T343,M239/1,7:20:17,3,-1,-1,AA7341,0,2,428
T306,T314/2,7:20:48,3,-1,1,AA7301,0,2,30
T345/2,T344,7:21:28,3,-1,1,MZ8441,0,2,60
M222/2,M244,7:21:38,3,-1,2,AA7367,0,2,60
T314/2,T408/6,7:21:58,3,-1,-1,AA7301,0,2,20
T344,T356/2,7:22:19,3,-1,1,MZ8441,0,2,20
M244,M219,7:23:19,3,-1,2,AA7367,0,2,50
T356/2,T358,7:24:10,3,-1,1,MZ8441,0,2,70
T358,T373/1,7:24:50,3,-1,1,MZ8441,0,2,30
T408/6,T343,7:24:50,3,-1,1,AA7301,0,2,141
T373/1,T306,7:26:12,3,-1,1,MZ8441,0,2,51
T306,T314/2,7:27:13,3,-1,1,MZ8441,0,2,40
T314/2,T408/6,7:28:25,3,-1,-1,MZ8441,0,2,40
M235/2,M247,7:29:25,3,-1,1,AA6507,0,2,172
M219,T316,7:29:46,3,-1,1,AA7149,3,2,528
T408/6,T343,7:30:57,3,-1,1,MZ8441,0,2,131
T343,M239/1,7:31:37,3,-1,-1,AA7301,0,2,376
M247,M1/18,7:31:47,3,-1,-1,AA6507,0,2,80
T316,T345/2,7:32:28,3,-1,1,AA7149,0,2,151
T345/2,T344,7:33:49,3,-1,1,AA7149,0,2,60
M244,M219,7:34:19,3,-1,2,AA6835,0,2,40
T344,T356/2,7:34:59,3,-1,1,AA7149,0,2,30
M1/18,M222/2,7:35:09,3,-1,-1,AA7242,0,2,20
M219,T316,7:35:20,3,-1,1,AA7367,3,2,557
T356/2,T358,7:36:55,3,-1,1,AA7149,0,2,80
M222/2,M244,7:37:36,3,-1,2,AA7242,0,2,40
T358,T373/1,7:37:56,3,-1,1,AA7149,0,2,30
T316,T345/2,7:38:16,3,-1,1,AA7367,0,2,161
T343,M239/1,7:38:16,3,-1,-1,MZ8441,0,2,409
T373/1,T306,7:39:17,3,-1,1,AA7149,0,2,50
T345/2,T344,7:39:37,3,-1,1,AA7367,0,2,40
T306,T314/2,7:40:28,3,-1,1,AA7149,0,2,40
T344,T356/2,7:40:38,3,-1,1,AA7367,0,2,30
T314/2,T408/6,7:42:29,3,-1,-1,AA7149,0,2,50
T356/2,T358,7:42:49,3,-1,1,AA7367,0,2,121
M244,M219,7:43:42,3,-1,3,AA7242,0,2,306
T358,T373/1,7:43:42,3,-1,1,AA7367,0,2,32
M1/18,M222/2,7:44:53,3,-1,-1,AA6507,0,2,113
T373/1,T306,7:45:03,3,-1,1,AA7367,0,2,50
T408/6,T343,7:45:35,3,-1,1,AA7149,0,2,155
T306,T314/2,7:45:55,3,-1,1,AA7367,0,2,41
T314/2,T408/6,7:47:06,3,-1,-1,AA7367,0,2,30
M219,T316,7:47:26,3,-1,1,AA6835,3,2,681
M222/2,M244,7:47:37,3,-1,3,AA6507,0,2,41
T316,T345/2,7:49:08,3,-1,1,AA6835,0,2,91
T408/6,T343,7:49:08,3,-1,1,AA7367,0,2,91
T345/2,T344,7:50:39,3,-1,1,AA6835,0,2,60
M244,M219,7:51:45,3,-1,3,AA6507,0,2,237
T344,T356/2,7:51:45,3,-1,1,AA6835,0,2,25
M235/2,M247,7:53:06,3,-1,1,AA7341,0,2,176
T343,M239/1,7:54:27,3,-1,1,AA7149,0,2,430
T356/2,T358,7:54:37,3,-1,1,AA6835,0,2,151
M247,M1/18,7:55:17,3,-1,-1,AA7341,0,2,90
T358,T373/1,7:55:47,3,-1,1,AA6835,0,2,30
T373/1,T306,7:57:08,3,-1,1,AA6835,0,2,50
T343,M239/1,7:57:50,3,-1,3,AA7367,0,2,491
M219,T316,7:58:10,3,-1,2,AA7242,3,2,724
T306,T314/2,7:58:20,3,-1,1,AA6835,0,2,40
M222/2,M244,7:58:40,3,-1,3,AA7195,0,2,112
T314/2,T408/6,7:59:54,3,-1,-1,AA6835,0,2,53
T316,T345/2,8:00:25,3,-1,2,AA7242,0,2,114
T345/2,T344,8:01:45,3,-1,1,AA7242,0,2,70
M244,M219,8:02:26,3,-1,3,AA7195,0,2,131
T408/6,T343,8:02:26,3,-1,1,AA6835,0,2,121
T344,T356/2,8:02:56,3,-1,1,AA7242,0,2,30
T356/2,T358,8:04:58,3,-1,1,AA7242,0,2,91
M1/18,M222/2,8:05:08,3,-1,-1,AA7341,0,2,499
T358,T373/1,8:05:58,3,-1,1,AA7242,0,2,30
T373/1,T306,8:07:40,3,-1,1,AA7242,0,2,70
M219,T316,8:08:10,3,-1,1,AA6507,3,2,782
T306,T314/2,8:08:53,3,-1,1,AA7242,0,2,33
T343,M239/1,8:10:45,3,-1,-1,AA6835,0,2,448
T316,T345/2,8:11:05,3,-1,2,AA6507,0,2,164
T314/2,T408/6,8:12:06,3,-1,-1,AA7242,0,2,60
T345/2,T344,8:12:46,3,-1,1,AA6507,0,2,70
M235/2,M247,8:12:46,3,-1,1,AA7301,0,2,192
T344,T356/2,8:13:47,3,-1,1,AA6507,0,2,30
M222/2,M219,8:14:07,3,-1,3,AA7341,1,2,468
M247,M1/18,8:14:07,3,-1,-1,AA7301,0,2,30
M235/2,M247,8:15:18,3,-1,1,MZ8441,0,2,131
T356/2,T358,8:15:28,3,-1,1,AA6507,0,2,70
T408/6,T343,8:15:48,3,-1,1,AA7242,0,2,192
T358,T373/1,8:16:19,3,-1,1,AA6507,0,2,20
M247,M1/18,8:16:49,3,-1,-1,MZ8441,0,2,60
T373/1,T306,8:18:20,3,-1,1,AA6507,0,2,80
T306,T314/2,8:20:03,3,-1,2,AA6507,0,2,50
M1/18,M222/2,8:21:55,3,-1,-1,AA7301,0,2,82
T314/2,T408/6,8:22:36,3,-1,-1,AA6507,0,2,132
T343,M239/1,8:23:47,3,-1,1,AA7242,0,2,407
T408/6,T343,8:25:28,3,-1,1,AA6507,0,2,101
M219,T316,8:29:35,3,-1,1,AA7341,3,2,766
M222/2,M219,8:30:05,3,-1,3,AA7301,1,2,459
T316,T345/2,8:32:18,3,-1,2,AA7341,0,2,122
M1/18,M222/2,8:33:08,3,-1,-1,AA7489,0,2,90
T345/2,T344,8:34:19,3,-1,1,AA7341,0,2,70
M222/2,M244,8:34:29,3,-1,3,AA7489,0,2,10
T344,T356/2,8:35:33,3,-1,1,AA7341,0,2,43
T356/2,T358,8:37:45,3,-1,1,AA7341,0,2,81
T358,T373/1,8:38:46,3,-1,1,AA7341,0,2,30
T373/1,T306,8:40:47,3,-1,1,AA7341,0,2,90
M244,M219,8:41:38,3,-1,3,AA7489,0,2,313
T306,T314/2,8:41:48,3,-1,1,AA7341,0,2,40
T314/2,T408/6,8:44:10,3,-1,-1,AA7341,0,2,101
M235/2,M247,8:44:10,3,-1,1,AA7149,0,2,222
M247,M1/18,8:46:37,3,-1,-1,AA7149,0,2,102
T408/6,T343,8:48:08,3,-1,1,AA7341,0,2,193
M219,T316,8:49:29,3,-1,1,AA7301,3,2,990
M235/2,M247,8:51:10,3,-1,1,AA7367,0,2,191
T316,T345/2,8:52:34,3,-1,2,AA7301,0,2,174
M247,M1/18,8:53:14,3,-1,-1,AA7367,0,2,94
M1/18,M222/2,8:54:25,3,-1,-1,AA7149,0,2,60
T345/2,T344,8:54:35,3,-1,1,AA7301,0,2,90
T344,T356/2,8:55:37,3,-1,1,AA7301,0,2,20
M222/2,M244,8:56:27,3,-1,3,AA7149,0,2,60
T343,M239/1,8:56:27,3,-1,2,AA7341,0,2,458
M235/2,M247,8:58:28,3,-1,1,AA6835,0,2,171
T356/2,T358,8:58:39,3,-1,1,AA7301,0,2,141
M244,M219,8:59:49,3,-1,3,AA7149,0,2,131
T358,T373/1,9:00:09,3,-1,1,AA7301,0,2,70
M219,T316,9:00:20,3,-1,1,AA7489,3,2,1101
M247,M1/18,9:00:32,3,-1,-1,AA6835,0,2,93
M1/18,M222/2,9:01:53,3,-1,-1,AA7367,0,2,40
T316,T345/2,9:03:45,3,-1,2,AA7489,0,2,182
T373/1,T306,9:04:25,3,-1,2,AA7301,0,2,151
M222/2,M244,9:04:35,3,-1,3,AA7367,0,2,101
T345/2,T344,9:05:16,3,-1,1,AA7489,0,2,50
T306,T314/2,9:05:16,3,-1,1,AA7301,0,2,30
M235/2,M247,9:05:46,3,-1,1,AA7242,0,2,161
T344,T356/2,9:05:56,3,-1,1,AA7489,0,2,30
T314/2,T408/6,9:06:57,3,-1,-1,AA7301,0,2,40
M244,M219,9:07:48,3,-1,3,AA7367,0,2,131
M247,M1/18,9:07:58,3,-1,-1,AA7242,0,2,90
M235/2,M247,9:08:08,3,-1,1,AA6507,0,2,60
T356/2,T358,9:08:48,3,-1,1,AA7489,0,2,131
T408/6,T343,9:08:48,3,-1,1,AA7301,0,2,90
M247,M1/18,9:10:19,3,-1,-1,AA6507,0,2,90
T358,T373/1,9:11:10,3,-1,1,AA7489,0,2,111
M1/18,M222/2,9:11:43,3,-1,-1,AA6835,0,2,74
M219,T316,9:13:55,3,-1,1,AA7149,3,2,721
M222/2,M244,9:14:35,3,-1,3,AA6835,0,2,161
T373/1,T306,9:14:45,3,-1,1,AA7489,0,2,141
T316,T345/2,9:16:06,3,-1,2,AA7149,0,2,121
T306,T314/2,9:16:06,3,-1,1,AA7489,0,2,50
M244,M219,9:16:16,3,-1,3,AA6835,0,2,40
T343,M239/1,9:16:16,3,-1,-1,AA7301,0,2,397
M1/18,M222/2,9:16:36,3,-1,-1,AA7242,0,2,80
T314/2,T408/6,9:17:47,3,-1,-1,AA7489,0,2,50
T345/2,T344,9:18:07,3,-1,1,AA7149,0,2,100
M222/2,M244,9:18:37,3,-1,3,AA7242,0,2,101
T344,T356/2,9:19:18,3,-1,1,AA7149,0,2,30
T408/6,T343,9:20:39,3,-1,1,AA7489,0,2,151
T356/2,T358,9:21:49,3,-1,1,AA7149,0,2,121
M219,T316,9:22:40,3,-1,2,AA7367,3,2,791
T358,T373/1,9:22:50,3,-1,1,AA7149,0,2,20
M1/18,M222/2,9:23:20,3,-1,-1,AA6507,0,2,50
M222/2,M244,9:24:35,3,-1,3,AA6507,0,2,40
T373/1,T306,9:24:55,3,-1,1,AA7149,0,2,70
T316,T345/2,9:25:26,3,-1,2,AA7367,0,2,155
M244,M219,9:25:46,3,-1,3,AA7242,0,2,327
T306,T314/2,9:26:06,3,-1,1,AA7149,0,2,40
T345/2,T344,9:26:56,3,-1,1,AA7367,0,2,60
M244,M219,9:27:57,3,-1,3,AA6507,0,2,131
T344,T356/2,9:27:57,3,-1,1,AA7367,0,2,30
T343,M239/1,9:28:27,3,-1,1,AA7489,0,2,438
T356/2,T358,9:29:38,3,-1,1,AA7367,0,2,60
T358,T373/1,9:30:39,3,-1,1,AA7367,0,2,20
T314/2,T343,9:30:39,3,-1,1,AA7149,1,2,222
M219,T316,9:31:39,3,-1,1,AA6835,3,2,812
T373/1,T306,9:32:34,3,-1,1,AA7367,0,2,84
T306,T314/2,9:33:14,3,-1,1,AA7367,0,2,30
T316,T345/2,9:34:15,3,-1,2,AA6835,0,2,125
T314/2,T408/6,9:34:35,3,-1,-1,AA7367,0,2,30
M247,M1/18,9:34:56,3,-1,-1,AA7341,0,2,101
T345/2,T344,9:35:46,3,-1,1,AA6835,0,2,50
M1/18,M222/2,9:35:56,3,-1,-1,AA7195,0,2,640
T344,T356/2,9:37:07,3,-1,1,AA6835,0,2,30
M222/2,M244,9:37:27,3,-1,3,AA7195,0,2,70
T408/6,T343,9:37:57,3,-1,1,AA7367,0,2,141
M219,T316,9:39:08,3,-1,2,AA7242,3,2,660
M219,T316,9:39:08,3,-1,2,AA6507,3,2,590
M244,M219,9:39:48,3,-1,3,AA7195,0,2,100
T356/2,T358,9:40:09,3,-1,1,AA6835,0,2,151
T358,T373/1,9:41:09,3,-1,1,AA6835,0,2,30
T316,T345/2,9:42:00,3,-1,2,AA7242,0,2,161
T316,T345/2,9:42:00,3,-1,2,AA6507,0,2,161
T373/1,T306,9:42:40,3,-1,1,AA6835,0,2,70
T345/2,T344,9:43:33,3,-1,1,AA6507,0,2,42
T306,T314/2,9:43:43,3,-1,1,AA6835,0,2,32
T345/2,T356/2,9:44:03,3,-1,1,AA7242,1,2,103
T344,T356/2,9:44:13,3,-1,1,AA6507,0,2,30
T343,M239/1,9:45:24,3,-1,2,AA7367,0,2,396
T314/2,T408/6,9:45:44,3,-1,-1,AA6835,0,2,100
T356/2,T358,9:46:04,3,-1,1,AA6507,0,2,100
T356/2,T358,9:46:35,3,-1,1,AA7242,0,2,80
T358,T373/1,9:47:05,3,-1,1,AA6507,0,2,20
T358,T373/1,9:47:25,3,-1,1,AA7242,0,2,30
T408/6,T343,9:48:16,3,-1,1,AA6835,0,2,121
T373/1,T306,9:49:06,3,-1,1,AA6507,0,2,80
T373/1,T306,9:49:37,3,-1,1,AA7242,0,2,90
T306,T314/2,9:49:47,3,-1,1,AA6507,0,2,30
T306,T314/2,9:50:27,3,-1,1,AA7242,0,2,40
M1/18,M222/2,9:50:47,3,-1,-1,AA7341,0,2,70
T314/2,T408/6,9:51:18,3,-1,-1,AA6507,0,2,40
T314/2,T408/6,9:51:38,3,-1,-1,AA7242,0,2,40
M219,T316,9:52:28,3,-1,2,AA7195,3,2,598
M222/2,M244,9:52:59,3,-1,3,AA7341,0,2,70
T408/6,T343,9:53:39,3,-1,1,AA6507,0,2,111
T408/6,T343,9:53:49,3,-1,1,AA7242,0,2,100
M235/2,M247,9:53:49,3,-1,1,AA7301,0,2,100
T316,T345/2,9:54:20,3,-1,2,AA7195,0,2,100
M247,M1/18,9:55:32,3,-1,-1,AA7301,0,2,92
M244,M219,9:55:52,3,-1,3,AA7341,0,2,112
T345/2,T356/2,9:57:03,3,-1,1,AA7195,1,2,152
M235/2,M247,9:58:44,3,-1,1,AA7489,0,2,141
T356/2,T358,9:59:34,3,-1,1,AA7195,0,2,110
T358,T373/1,10:00:14,3,-1,1,AA7195,0,2,30
M247,M1/18,10:00:45,3,-1,-1,AA7489,0,2,90
T343,M239/1,10:01:05,3,-1,-1,AA6507,0,2,405
T343,M239/1,10:01:15,3,-1,-1,AA7242,0,2,405
T373/1,T314/2,10:02:46,3,-1,1,AA7195,1,2,121
M1/18,M222/2,10:03:56,3,-1,-1,AC3949,0,2,40
T314/2,T408/6,10:04:17,3,-1,-1,AA7195,0,2,50
M222/2,M244,10:05:48,3,-1,3,AC3949,0,2,101
T408/6,T343,10:06:28,3,-1,1,AA7195,0,2,121
M219,T316,10:06:48,3,-1,1,AA7341,3,2,595
M244,M219,10:07:49,3,-1,3,AC3949,0,2,60
T316,T345/2,10:08:39,3,-1,2,AA7341,0,2,90
T345/2,T344,10:10:10,3,-1,-1,AA7341,0,2,60
M247,M1/18,10:10:20,3,-1,-1,AA7149,0,2,100
T344,T356/2,10:11:24,3,-1,-1,AA7341,0,2,20
T343,M239/1,10:13:27,3,-1,-1,AA7195,0,2,377
T356/2,T358,10:13:57,3,-1,-1,AA7341,0,2,101
T358,T373/1,10:14:47,3,-1,-1,AA7341,0,2,20
M1/18,M222/2,10:16:28,3,-1,-1,AA7489,0,2,30
T373/1,T306,10:16:28,3,-1,1,AA7341,0,2,70
T306,T314/2,10:17:39,3,-1,1,AA7341,0,2,40
M222/2,M244,10:18:40,3,-1,3,AA7489,0,2,60
M235/2,M247,10:19:00,3,-1,1,AA7367,0,2,161
T314/2,T408/6,10:19:20,3,-1,-1,AA7341,0,2,40
M219,T316,10:20:01,3,-1,1,AC3949,3,2,681
M247,M1/18,10:21:35,3,-1,-1,AA7367,0,2,103
M244,M219,10:21:45,3,-1,3,AA7489,0,2,175
T408/6,T343,10:21:55,3,-1,1,AA7341,0,2,81
T316,T345/2,10:22:05,3,-1,2,AC3949,0,2,113
T345/2,T344,10:23:36,3,-1,1,AC3949,0,2,60
M1/18,M222/2,10:24:27,3,-1,-1,AA7480,0,2,60
T344,T356/2,10:24:37,3,-1,1,AC3949,0,2,30
M222/2,M244,10:25:58,3,-1,3,AA7480,0,2,10
T356/2,T358,10:27:08,3,-1,1,AC3949,0,2,80
T358,T373/1,10:27:59,3,-1,1,AC3949,0,2,30
M244,M219,10:28:29,3,-1,3,AA7480,0,2,80
T343,M239/1,10:28:59,3,-1,2,AA7341,0,2,383
M1/18,M222/2,10:29:20,3,-1,-1,AA7301,0,2,70
T373/1,T306,10:30:00,3,-1,1,AC3949,0,2,90
T306,T314/2,10:30:44,3,-1,1,AC3949,0,2,34
M222/2,M244,10:31:15,3,-1,3,AA7301,0,2,40
T314/2,T408/6,10:32:15,3,-1,-1,AC3949,0,2,50
M235/2,M247,10:32:56,3,-1,1,AA6507,0,2,165
M244,M219,10:33:36,3,-1,3,AA7301,0,2,70
T408/6,T343,10:34:16,3,-1,1,AC3949,0,2,80
M219,T316,10:34:57,3,-1,1,AA7489,3,2,730
M247,M1/18,10:35:17,3,-1,-1,AA6507,0,2,100
M247,M1/18,10:35:17,3,-1,-1,AA6835,0,2,90
M235/2,M247,10:35:47,3,-1,1,AA7242,0,2,111
T316,T345/2,10:36:28,3,-1,2,AA7489,0,2,80
T345/2,T344,10:37:58,3,-1,1,AA7489,0,2,60
M247,M1/18,10:37:58,3,-1,-1,AA7242,0,2,90
M1/18,M244,10:38:49,3,-1,2,AA7367,1,2,232
T344,T356/2,10:38:49,3,-1,1,AA7489,0,2,30
T343,M239/1,10:41:32,3,-1,2,AC3949,0,2,395
T356/2,T358,10:41:43,3,-1,1,AA7489,0,2,133
M244,M219,10:42:18,3,-1,2,AA7367,0,2,148
T358,T373/1,10:42:38,3,-1,1,AA7489,0,2,20
T373/1,T306,10:44:39,3,-1,1,AA7489,0,2,80
M219,T316,10:45:30,3,-1,1,AA7301,3,2,612
T306,T314/2,10:45:50,3,-1,1,AA7489,0,2,40
M235/2,M247,10:46:55,3,-1,1,AA7195,0,2,135
T314/2,T408/6,10:47:55,3,-1,-1,AA7489,0,2,50
T316,T345/2,10:48:26,3,-1,1,AA7301,0,2,155
M247,M1/18,10:49:06,3,-1,-1,AA7195,0,2,111
M222/2,M219,10:49:36,3,-1,3,AA7242,1,2,151
T345/2,T344,10:49:56,3,-1,1,AA7301,0,2,70
T344,T356/2,10:50:37,3,-1,1,AA7301,0,2,30
T408/6,T343,10:50:47,3,-1,1,AA7489,0,2,141
M1/18,M244,10:51:37,3,-1,3,AA7149,1,2,181
M219,M50,10:52:28,3,-1,1,AA7242,0,2,80
T356/2,T358,10:52:58,3,-1,1,AA7301,0,2,111
M219,T316,10:53:29,3,-1,1,AA7367,3,2,620
T358,T373/1,10:53:29,3,-1,1,AA7301,0,2,20
M1/18,M222/2,10:53:39,3,-1,-1,AA6848,0,2,40
M244,M219,10:53:49,3,-1,3,AA7149,0,2,70
T316,T345/2,10:55:11,3,-1,2,AA7367,0,2,92
T373/1,T306,10:55:11,3,-1,1,AA7301,0,2,61
M222/2,M244,10:55:21,3,-1,2,AA6848,0,2,51
T306,T314/2,10:56:11,3,-1,1,AA7301,0,2,30
T345/2,T344,10:57:05,3,-1,1,AA7367,0,2,94
T344,T356/2,10:57:46,3,-1,1,AA7367,0,2,30
T314/2,T408/6,10:57:56,3,-1,-1,AA7301,0,2,40
M244,M219,10:58:06,3,-1,2,AA6848,0,2,90
T343,M239/1,10:58:36,3,-1,-1,AA7489,0,2,438
T408/6,T343,11:00:17,3,-1,1,AA7301,0,2,90
M1/18,M222/2,11:00:27,3,1,-1,AB5714,0,2,20
T356/2,T358,11:00:27,3,-1,1,AA7367,0,2,141
T358,T373/1,11:01:18,3,-1,1,AA7367,0,2,30
M50,T316,11:01:28,3,-1,1,AA7242,2,2,499
M222/2,M244,11:02:39,3,2,2,AB5714,0,2,60
T373/1,T306,11:02:49,3,-1,1,AA7367,0,2,70
T316,T345/2,11:03:49,3,-1,2,AA7242,0,2,131
T306,T314/2,11:03:49,3,-1,1,AA7367,0,2,30
M219,T316,11:04:09,3,-1,1,AA7149,3,2,538
M244,M219,11:04:20,3,2,2,AB5714,0,2,40
M235/2,M247,11:05:00,3,-1,1,AA7341,0,2,121
T314/2,T408/6,11:05:10,3,-1,-1,AA7367,0,2,30
T316,T345/2,11:05:43,3,-1,2,AA7149,0,2,83
T345/2,T344,11:05:43,3,-1,1,AA7242,0,2,73
T344,T356/2,11:06:34,3,-1,1,AA7242,0,2,30
M247,M1/18,11:06:34,3,-1,-1,AA7341,0,2,84
T345/2,T344,11:07:25,3,-1,1,AA7149,0,2,91
T343,M239/1,11:07:25,3,-1,2,AA7301,0,2,397
T408/6,T343,11:08:45,3,-1,1,AA7367,0,2,182
M219,T316,11:09:46,3,-1,2,AA6848,3,2,589
M1/18,M222/2,11:09:56,3,-1,-1,AA6835,0,2,60
T356/2,T358,11:11:37,3,-1,1,AA7242,0,2,161
M222/2,M244,11:11:57,3,-1,3,AA6835,0,2,30
T344,T358,11:11:57,3,-1,1,AA7149,1,2,252
T316,T345/2,11:12:28,3,-1,1,AA6848,0,2,121
T358,T373/1,11:12:38,3,-1,1,AA7242,0,2,30
T358,T373/1,11:13:08,3,-1,1,AA7149,0,2,30
M244,M219,11:13:28,3,-1,2,AA6835,0,2,50
T345/2,T344,11:13:48,3,-1,1,AA6848,0,2,30
T373/1,T306,11:14:09,3,-1,1,AA7242,0,2,60
T344,T356/2,11:14:29,3,-1,1,AA6848,0,2,20
T373/1,T306,11:14:39,3,-1,1,AA7149,0,2,60
T306,T314/2,11:15:19,3,-1,1,AA7242,0,2,30
T306,T314/2,11:15:30,3,-1,1,AA7149,0,2,40
T343,M239/1,11:16:33,3,-1,2,AA7367,0,2,417
T314/2,T408/6,11:16:54,3,-1,-1,AA7242,0,2,33
T356/2,T358,11:17:14,3,-1,1,AA6848,0,2,94
T314/2,T408/6,11:17:14,3,-1,-1,AA7149,0,2,30
T358,T373/1,11:18:14,3,-1,1,AA6848,0,2,20
M219,T345/2,11:18:45,3,0,1,AB5714,4,2,791
T408/6,T343,11:19:15,3,-1,1,AA7242,0,2,101
T408/6,T343,11:19:15,3,-1,1,AA7149,0,2,91
T373/1,T306,11:20:06,3,-1,1,AA6848,0,2,70
T345/2,T344,11:20:16,3,0,1,AB5714,0,2,60
M235/2,M247,11:20:36,3,-1,1,AC3949,0,2,182
M222/2,M244,11:20:56,3,-1,2,AA7195,0,2,151
T344,T356/2,11:21:27,3,0,1,AB5714,0,2,30
T306,T314/2,11:21:27,3,-1,1,AA6848,0,2,40
M247,M1/18,11:22:38,3,-1,-1,AC3949,0,2,81
T314/2,T408/6,11:22:48,3,-1,-1,AA6848,0,2,40
T356/2,T358,11:23:18,3,0,1,AB5714,0,2,70
T358,T373/1,11:24:08,3,0,1,AB5714,0,2,30
M244,M219,11:24:19,3,-1,2,AA7195,0,2,141
T408/6,T343,11:25:29,3,-1,1,AA6848,0,2,131
T343,M239/1,11:26:44,3,-1,1,AA7242,0,2,408
T343,M239/1,11:27:04,3,-1,1,AA7149,0,2,418
T373/1,T314/2,11:27:15,3,0,1,AB5714,1,2,155
M219,T345/2,11:27:35,3,-1,2,AA6835,4,2,785
T314/2,T408/6,11:28:36,3,0,-1,AB5714,0,2,40
T345/2,T344,11:29:36,3,-1,1,AA6835,0,2,40
M235/2,M247,11:30:07,3,-1,1,AA7489,0,2,111
T344,T356/2,11:30:27,3,-1,1,AA6835,0,2,30
M222/2,M244,11:31:07,3,-1,2,AA6507,0,2,60
T408/6,T343,11:31:17,3,0,1,AB5714,0,2,121
T356/2,T358,11:32:18,3,-1,1,AA6835,0,2,70
M247,M1/18,11:32:38,3,-1,-1,AA7489,0,2,90
T358,T373/1,11:32:58,3,-1,1,AA6835,0,2,30
T343,M239/1,11:33:49,3,-1,-1,AA6848,0,2,448
M244,M219,11:33:59,3,-1,3,AA6507,0,2,161
T373/1,T306,11:34:09,3,-1,1,AA6835,0,2,50
M219,T316,11:34:29,3,-1,2,AA7195,3,2,539
T306,T314/2,11:35:10,3,-1,1,AA6835,0,2,30
T314/2,T408/6,11:36:35,3,-1,-1,AA6835,0,2,24
T316,T345/2,11:36:45,3,-1,2,AA7195,0,2,125
T345/2,T344,11:38:16,3,-1,1,AA7195,0,2,70
M235/2,M247,11:38:16,3,-1,1,AA7301,0,2,101
T408/6,T343,11:38:36,3,-1,1,AA6835,0,2,90
T344,T356/2,11:38:46,3,-1,1,AA7195,0,2,20
T343,M239/1,11:39:07,3,0,-1,AB5714,0,2,418
M1/18,M222/2,11:39:27,3,-1,-1,AA7392,0,2,60
T356/2,T358,11:40:07,3,-1,1,AA7195,0,2,50
M247,M1/18,11:40:17,3,-1,-1,AA7301,0,2,90
T358,T373/1,11:41:18,3,-1,1,AA7195,0,2,20
M222/2,M244,11:42:09,3,-1,2,AA7392,0,2,91
T373/1,T306,11:42:49,3,-1,1,AA7195,0,2,60
T306,T314/2,11:43:50,3,-1,1,AA7195,0,2,40
T314/2,T408/6,11:44:50,3,-1,-1,AA7195,0,2,30
T343,M239/1,11:45:33,3,-1,2,AA6835,0,2,376
M244,M219,11:45:43,3,-1,2,AA7392,0,2,184
M219,T316,11:45:53,3,-1,1,AA6507,3,2,603
T408/6,T343,11:47:04,3,-1,1,AA7195,0,2,103
T316,T345/2,11:47:55,3,-1,2,AA6507,0,2,111
T345/2,T344,11:49:46,3,-1,1,AA6507,0,2,70
T344,T356/2,11:50:27,3,-1,1,AA6507,0,2,30
M1/18,M222/2,11:52:08,3,-1,-1,AA7489,0,2,91
T356/2,T358,11:52:49,3,-1,1,AA6507,0,2,111
T358,T373/1,11:53:49,3,-1,1,AA6507,0,2,30
M222/2,M244,11:53:59,3,-1,3,AA7489,0,2,60
T343,M239/1,11:54:30,3,-1,2,AA7195,0,2,404
M235/2,M247,11:54:50,3,-1,1,AA7367,0,2,151
M244,M219,11:55:50,3,-1,3,AA7489,0,2,60
M219,T316,11:56:11,3,-1,2,AA7392,3,2,566
T373/1,T306,11:56:34,3,-1,1,AA6507,0,2,104
M235/2,M247,11:57:05,3,-1,1,AA7149,0,2,94
M247,M1/18,11:57:05,3,-1,-1,AA7367,0,2,84
T306,T314/2,11:57:25,3,-1,1,AA6507,0,2,30
T316,T345/2,11:58:15,3,-1,2,AA7392,0,2,114
T314/2,T408/6,11:59:06,3,-1,-1,AA6507,0,2,30
M235/2,M247,11:59:26,3,-1,1,AA7242,0,2,101
M247,M1/18,11:59:26,3,-1,-1,AA7149,0,2,90
T345/2,T344,11:59:56,3,-1,1,AA7392,0,2,50
T344,T356/2,12:00:37,3,-1,1,AA7392,0,2,10
T408/6,T343,12:01:27,3,-1,1,AA6507,0,2,80
M1/18,M222/2,12:01:48,3,-1,-1,AA7341,0,2,60
M247,M1/18,12:01:58,3,-1,-1,AA7242,0,2,90
T356/2,T358,12:02:48,3,-1,1,AA7392,0,2,40
T358,T373/1,12:04:23,3,-1,1,AA7392,0,2,44
M222/2,M244,12:04:54,3,-1,3,AA7341,0,2,156
T373/1,T306,12:06:05,3,-1,1,AA7392,0,2,70
M219,T316,12:06:45,3,-1,1,AA7489,3,2,560
T306,T314/2,12:06:55,3,-1,1,AA7392,0,2,40
M244,M219,12:07:46,3,-1,2,AA7341,0,2,90
T314/2,T408/6,12:08:06,3,-1,-1,AA7392,0,2,30
M247,M1/18,12:08:16,3,-1,-1,AA6848,0,2,90
T316,T345/2,12:08:47,3,-1,2,AA7489,0,2,111
M1/18,M222/2,12:09:27,3,-1,-1,AA7367,0,2,131
T343,M239/1,12:09:47,3,-1,3,AA6507,0,2,439
M235/2,M247,12:10:07,3,0,1,AB5714,0,2,121
T408/6,T343,12:10:28,3,-1,1,AA7392,0,2,111
T345/2,T344,12:11:08,3,-1,1,AA7489,0,2,111
T344,T356/2,12:11:48,3,-1,1,AA7489,0,2,30
M247,M1/18,12:11:58,3,-1,-1,AB5714,0,2,70
M222/2,M244,12:12:09,3,-1,2,AA7367,0,2,121
T356/2,T358,12:13:29,3,-1,1,AA7489,0,2,80
T358,T373/1,12:14:34,3,-1,1,AA7489,0,2,34
M244,M219,12:15:45,3,-1,2,AA7367,0,2,145
T373/1,T306,12:16:36,3,-1,1,AA7489,0,2,80
M1/18,M222/2,12:17:57,3,-1,-1,AA7301,0,2,40
T306,T314/2,12:18:07,3,-1,1,AA7489,0,2,50
M219,T316,12:18:47,3,-1,1,AA7341,3,2,620
M235/2,M247,12:18:57,3,-1,1,AA6835,0,2,161
T314/2,T408/6,12:19:38,3,-1,-1,AA7489,0,2,30
M222/2,M244,12:20:38,3,-1,2,AA7301,0,2,60
T316,T345/2,12:20:48,3,-1,2,AA7341,0,2,111
M247,M1/18,12:21:39,3,-1,-1,AA6835,0,2,91
T408/6,T343,12:22:09,3,-1,1,AA7489,0,2,101
T345/2,T344,12:22:19,3,-1,1,AA7341,0,2,60
T344,T356/2,12:23:00,3,-1,1,AA7341,0,2,30
M244,M219,12:23:51,3,-1,2,AA7301,0,2,82
M235/2,M247,12:23:51,3,-1,1,AA7195,0,2,132
M247,M1/18,12:25:45,3,-1,-1,AA7195,0,2,103
M219,T316,12:26:25,3,-1,1,AA7367,3,2,559
T356/2,T358,12:26:25,3,-1,1,AA7341,0,2,195
T358,T373/1,12:27:36,3,-1,1,AA7341,0,2,30
T316,T345/2,12:28:26,3,-1,2,AA7367,0,2,111
M1/18,M222/2,12:29:07,3,-1,-1,AA7149,0,2,40
T345/2,T344,12:30:07,3,-1,1,AA7367,0,2,80
T373/1,T306,12:30:18,3,-1,1,AA7341,0,2,121
T344,T356/2,12:30:58,3,-1,1,AA7367,0,2,40
T343,M239/1,12:31:08,3,-1,2,AA7489,0,2,468
M222/2,M244,12:31:38,3,-1,3,AA7149,0,2,30
T306,T314/2,12:31:48,3,-1,1,AA7341,0,2,50
T356/2,T358,12:32:29,3,-1,1,AA7367,0,2,80
T358,T373/1,12:33:19,3,-1,1,AA7367,0,2,30
T314/2,T408/6,12:33:19,3,-1,-1,AA7341,0,2,40
M219,T316,12:34:43,3,-1,1,AA7301,3,2,590
T373/1,T306,12:35:03,3,-1,1,AA7367,0,2,73
T408/6,T343,12:35:43,3,-1,1,AA7341,0,2,93
T306,T314/2,12:35:53,3,-1,1,AA7367,0,2,40
T316,T345/2,12:36:44,3,-1,1,AA7301,0,2,90
T314/2,T408/6,12:37:14,3,-1,-1,AA7367,0,2,40
M244,M219,12:37:24,3,-1,2,AA7149,0,2,335
T345/2,T344,12:38:05,3,-1,1,AA7301,0,2,70
T344,T356/2,12:38:45,3,-1,1,AA7301,0,2,20
T408/6,T343,12:39:56,3,-1,1,AA7367,0,2,100
M235/2,M247,12:40:26,3,-1,1,AA6507,0,2,171
T356/2,T358,12:41:07,3,-1,1,AA7301,0,2,100
T358,T373/1,12:42:07,3,-1,1,AA7301,0,2,30
M247,M1/18,12:42:37,3,-1,-1,AA6507,0,2,90
M1/18,M222/2,12:43:18,3,-1,-1,AA7242,0,2,90
M219,M50,12:43:28,3,-1,1,AA7149,0,2,252
T373/1,T306,12:43:58,3,-1,1,AA7301,0,2,80
M222/2,M244,12:44:59,3,-1,2,AA7242,0,2,40
T306,T314/2,12:44:59,3,-1,1,AA7301,0,2,50
T314/2,T408/6,12:46:10,3,-1,-1,AA7301,0,2,30
T343,M239/1,12:47:45,3,-1,-1,AA7367,0,2,428
T408/6,T343,12:48:15,3,-1,1,AA7301,0,2,74
M244,M219,12:48:25,3,-1,2,AA7242,0,2,125
M235/2,M247,12:50:57,3,-1,1,AA7392,0,2,101
M50,T316,12:51:57,3,-1,1,AA7149,2,2,468
M247,M1/18,12:52:48,3,-1,-1,AA7392,0,2,81
T316,T345/2,12:54:09,3,-1,2,AA7149,0,2,121
M1/18,M222/2,12:54:39,3,-1,-1,AA6835,0,2,60
T343,M239/1,12:55:40,3,-1,1,AA7301,0,2,384
T345/2,T344,12:55:50,3,-1,1,AA7149,0,2,70
M222/2,M244,12:56:43,3,-1,2,AA6835,0,2,113
T344,T356/2,12:56:53,3,-1,1,AA7149,0,2,20
M244,M219,12:59:26,3,-1,2,AA6835,0,2,61
T356/2,T358,13:00:06,3,-1,1,AA7149,0,2,132
M219,T316,13:01:07,3,-1,2,AA7242,3,2,670
M235/2,M247,13:01:17,3,-1,1,AA7489,0,2,122
T358,T373/1,13:01:27,3,-1,1,AA7149,0,2,30
M247,M1/18,13:03:29,3,-1,-1,AA7489,0,2,90
T316,T345/2,13:03:39,3,-1,1,AA7242,0,2,142
T373/1,T306,13:03:39,3,-1,1,AA7149,0,2,80
T345/2,T344,13:05:03,3,-1,1,AA7242,0,2,42
T306,T314/2,13:05:13,3,-1,1,AA7149,0,2,40
T344,T356/2,13:05:54,3,-1,1,AA7242,0,2,30
M1/18,M222/2,13:06:14,3,-1,-1,AA6507,0,2,71
T314/2,T408/6,13:06:54,3,-1,-1,AA7149,0,2,60
M222/2,M244,13:07:14,3,-1,3,AA6507,0,2,20
T356/2,T358,13:07:55,3,-1,1,AA7242,0,2,80
M235/2,M247,13:08:15,3,-1,1,AA7341,0,2,90
T358,T373/1,13:08:45,3,-1,1,AA7242,0,2,20
T408/6,T343,13:08:55,3,-1,1,AA7149,0,2,70
M247,M1/18,13:09:56,3,-1,-1,AA7341,0,2,90
M244,M219,13:10:06,3,-1,2,AA6507,0,2,161
M219,T316,13:10:16,3,-1,1,AA6835,3,2,609
T373/1,T306,13:10:57,3,-1,1,AA7242,0,2,91
T316,T345/2,13:12:08,3,-1,2,AA6835,0,2,101
T306,T314/2,13:12:28,3,-1,1,AA7242,0,2,40
M235/2,M247,13:13:19,3,-1,1,AA7367,0,2,141
T345/2,T344,13:13:29,3,-1,1,AA6835,0,2,40
T314/2,T408/6,13:13:39,3,-1,-1,AA7242,0,2,30
T344,T356/2,13:14:19,3,-1,1,AA6835,0,2,30
M247,M1/18,13:15:33,3,-1,-1,AA7367,0,2,84
T408/6,T343,13:16:24,3,-1,1,AA7242,0,2,114
T356/2,T358,13:17:04,3,-1,1,AA6835,0,2,144
T343,M239/1,13:17:04,3,-1,2,AA7149,0,2,407
T358,T373/1,13:18:15,3,-1,1,AA6835,0,2,30
M1/18,M244,13:18:45,3,-1,3,AA7392,1,2,151
T373/1,T306,13:20:26,3,-1,1,AA6835,0,2,90
M219,T316,13:21:17,3,-1,2,AA6507,3,2,599
T306,T314/2,13:21:27,3,-1,1,AA6835,0,2,40
M244,M219,13:21:37,3,-1,3,AA7392,0,2,80
M235/2,M247,13:22:07,3,-1,1,AA7301,0,2,181
T316,T345/2,13:23:28,3,-1,3,AA6507,0,2,121
T314/2,T408/6,13:23:28,3,-1,-1,AA6835,0,2,100
T343,M239/1,13:23:58,3,-1,2,AA7242,0,2,424
M247,M1/18,13:23:58,3,-1,-1,AA7301,0,2,80
T345/2,T344,13:25:40,3,-1,1,AA6507,0,2,70
T408/6,T343,13:26:10,3,-1,1,AA6835,0,2,111
T344,T356/2,13:26:20,3,-1,1,AA6507,0,2,30
T356/2,T358,13:28:36,3,-1,1,AA6507,0,2,121
M1/18,M222/2,13:29:06,3,-1,-1,AA7341,0,2,20
T358,T373/1,13:29:06,3,-1,1,AA6507,0,2,20
T373/1,T306,13:30:57,3,-1,-1,AA6507,0,2,80
M222/2,M244,13:31:17,3,-1,-1,AA7341,0,2,50
M219,T316,13:31:47,3,-1,-1,AA7392,3,2,559
T306,T314/2,13:32:08,3,-1,-1,AA6507,0,2,30
T343,M239/1,13:33:08,3,-1,-1,AA6835,0,2,394
T316,T345/2,13:33:59,3,-1,-1,AA7392,0,2,101
M244,M219,13:34:09,3,-1,-1,AA7341,0,2,111
T314/2,T408/6,13:34:09,3,-1,-1,AA6507,0,2,40
T345/2,T344,13:35:42,3,-1,1,AA7392,0,2,72
T344,T356/2,13:36:12,3,-1,1,AA7392,0,2,20
T408/6,T343,13:36:22,3,-1,1,AA6507,0,2,72
T356/2,T358,13:39:24,3,-1,1,AA7392,0,2,100
T358,T373/1,13:40:04,3,-1,1,AA7392,0,2,30
M1/18,M222/2,13:41:56,3,-1,-1,AA7301,0,2,60
T373/1,T314/2,13:42:26,3,-1,1,AA7392,1,2,100
T314/2,T408/6,13:43:58,3,-1,-1,AA7392,0,2,30
M222/2,M244,13:44:18,3,-1,2,AA7301,0,2,70
T343,M239/1,13:44:28,3,-1,2,AA6507,0,2,414
M219,T316,13:44:58,3,-1,2,AA7341,3,2,598
T408/6,T343,13:46:20,3,-1,1,AA7392,0,2,122
M244,M219,13:47:02,3,-1,2,AA7301,0,2,72
T316,T345/2,13:47:12,3,-1,2,AA7341,0,2,124
M235/2,M247,13:47:53,3,-1,1,AA7149,0,2,285
T345/2,T344,13:48:54,3,-1,1,AA7341,0,2,41
T344,T356/2,13:49:55,3,-1,1,AA7341,0,2,30
M235/2,M247,13:49:55,3,-1,1,AA7242,0,2,91
M247,M1/18,13:50:05,3,-1,-1,AA7149,0,2,80
T356/2,T358,13:52:17,3,-1,1,AA7341,0,2,131
M247,M1/18,13:52:37,3,-1,-1,AA7242,0,2,90
T358,T373/1,13:53:27,3,-1,1,AA7341,0,2,40
M1/18,M222/2,13:57:53,3,-1,-1,AA7149,0,2,82
M219,T316,13:59:34,3,-1,1,AA7301,3,2,660
M222/2,M244,13:59:44,3,-1,2,AA7149,0,2,40
T373/1,T306,14:00:05,3,-1,1,AA7341,0,2,141
M235/2,M247,14:00:35,3,-1,-1,AA6835,0,2,161
T306,T314/2,14:01:16,3,-1,-1,AA7341,0,2,40
M244,M219,14:01:46,3,-1,-1,AA7149,0,2,40
T316,T345/2,14:01:56,3,-1,-1,AA7301,0,2,121
T314/2,T408/6,14:02:47,3,-1,-1,AA7341,0,2,40
M247,M1/18,14:02:57,3,-1,-1,AA6835,0,2,101
T345/2,T344,14:04:18,3,-1,-1,AA7301,0,2,121
T408/6,T343,14:05:08,3,-1,1,AA7341,0,2,90
T344,T356/2,14:05:18,3,-1,1,AA7301,0,2,30
T356/2,T358,14:07:30,3,-1,1,AA7301,0,2,80
M1/18,M222/2,14:09:03,3,-1,-1,AA7242,0,2,82
T358,T373/1,14:10:34,3,-1,2,AA7301,0,2,164
M222/2,M244,14:11:15,3,-1,3,AA7242,0,2,122
M235/2,M247,14:12:46,3,-1,1,AA6507,0,2,111
T343,M239/1,14:13:06,3,-1,1,AA7341,0,2,427
M244,M219,14:14:27,3,-1,3,AA7242,0,2,151
T373/1,T306,14:14:37,3,-1,2,AA7301,0,2,151
M247,M1/18,14:15:07,3,-1,-1,AA6507,0,2,90
T306,T314/2,14:15:28,3,-1,1,AA7301,0,2,40
M219,T316,14:15:58,3,-1,1,AA7149,3,2,649
T314/2,T408/6,14:17:19,3,-1,-1,AA7301,0,2,40
T316,T345/2,14:18:09,3,-1,2,AA7149,0,2,121
T408/6,T343,14:19:20,3,-1,1,AA7301,0,2,90
M1/18,M222/2,14:20:15,3,-1,-1,AA6835,0,2,105
T345/2,T344,14:20:36,3,-1,1,AA7149,0,2,126
T344,T356/2,14:21:36,3,-1,1,AA7149,0,2,30
M222/2,M244,14:22:27,3,-1,3,AA6835,0,2,60
M244,M219,14:24:08,3,-1,2,AA6835,0,2,91
T356/2,T358,14:24:28,3,-1,1,AA7149,0,2,90
T358,T373/1,14:25:19,3,-1,2,AA7149,0,2,30
M235/2,M247,14:25:59,3,-1,1,AA7392,0,2,202
T343,M239/1,14:27:00,3,-1,2,AA7301,0,2,424
M219,T316,14:27:42,3,-1,2,AA7242,3,2,704
M247,M1/18,14:27:42,3,-1,-1,AA7392,0,2,92
M1/18,M222/2,14:28:32,3,-1,-1,AA7480,0,2,60
T373/1,T306,14:28:32,3,-1,2,AA7149,0,2,112
T306,T314/2,14:29:33,3,-1,1,AA7149,0,2,40
T316,T345/2,14:29:43,3,-1,2,AA7242,0,2,111
T314/2,T408/6,14:31:14,3,-1,-1,AA7149,0,2,30
M222/2,M244,14:31:24,3,-1,3,AA7480,0,2,91
T345/2,T344,14:31:24,3,-1,1,AA7242,0,2,81
T344,T356/2,14:32:15,3,-1,1,AA7242,0,2,40
M244,M219,14:33:06,3,-1,3,AA7480,0,2,20
T408/6,T343,14:33:46,3,-1,1,AA7149,0,2,70
T356/2,T358,14:35:17,3,-1,1,AA7242,0,2,161
M219,T316,14:35:48,3,-1,1,AA6835,3,2,659
T358,T373/1,14:36:18,3,-1,2,AA7242,0,2,20
T316,T345/2,14:38:10,3,-1,2,AA6835,0,2,101
M1/18,M222/2,14:38:30,3,-1,-1,AA6507,0,2,30
T373/1,T306,14:38:40,3,-1,2,AA7242,0,2,101
T306,T314/2,14:39:34,3,-1,1,AA7242,0,2,43
T345/2,T344,14:40:04,3,-1,1,AA6835,0,2,84
M222/2,M244,14:40:25,3,-1,3,AA6507,0,2,94
T344,T356/2,14:41:05,3,-1,1,AA6835,0,2,30
T314/2,T408/6,14:41:36,3,-1,-1,AA7242,0,2,50
T343,M239/1,14:41:46,3,-1,1,AA7149,0,2,419
M244,M219,14:42:26,3,-1,3,AA6507,0,2,101
M235/2,M247,14:42:26,3,-1,1,AA7341,0,2,152
T356/2,T358,14:43:07,3,-1,1,AA6835,0,2,70
T358,T373/1,14:43:47,3,-1,2,AA6835,0,2,20
T408/6,T343,14:44:07,3,-1,1,AA7242,0,2,111
M247,M1/18,14:44:58,3,-1,-1,AA7341,0,2,80
T373/1,T306,14:46:19,3,-1,2,AA6835,0,2,111
T306,T314/2,14:48:00,3,-1,1,AA6835,0,2,30
M1/18,M222/2,14:51:06,3,-1,-1,AA7248,0,2,131
T343,M239/1,14:51:47,3,-1,1,AA7242,0,2,408
M222/2,M244,14:52:27,3,-1,2,AA7248,0,2,40
T314/2,T343,14:53:07,3,-1,1,AA6835,1,2,222
M219,T316,14:53:17,3,-1,1,AA6507,3,2,580
M244,M219,14:54:38,3,-1,2,AA7248,0,2,70
T316,T345/2,14:55:19,3,-1,2,AA6507,0,2,111
T345/2,T344,14:57:10,3,-1,1,AA6507,0,2,81
M1/18,M222/2,14:57:44,3,-1,-1,AA6875,0,2,114
T344,T356/2,14:58:14,3,-1,1,AA6507,0,2,30
M222/2,M244,14:59:56,3,-1,3,AA6875,0,2,91
M235/2,M247,14:59:56,3,-1,1,AA7301,0,2,122
T356/2,T358,15:01:17,3,-1,1,AA6507,0,2,172
M244,M219,15:01:57,3,-1,3,AA6875,0,2,60
M247,M1/18,15:01:57,3,-1,-1,AA7301,0,2,80
T358,T373/1,15:02:18,3,-1,1,AA6507,0,2,30
T373/1,T306,15:04:19,3,-1,1,AA6507,0,2,70
T306,T314/2,15:05:09,3,-1,1,AA6507,0,2,40
T314/2,T408/6,15:06:53,3,-1,-1,AA6507,0,2,40
M1/18,M222/2,15:07:23,3,-1,-1,AA7341,0,2,30
M219,T316,15:07:43,3,-1,2,AA7248,3,2,704
T408/6,T343,15:09:04,3,-1,1,AA6507,0,2,70
M222/2,M244,15:10:15,3,-1,3,AA7341,0,2,90
T316,T345/2,15:10:25,3,-1,2,AA7248,0,2,111
T345/2,T344,15:11:56,3,-1,1,AA7248,0,2,50
T344,T356/2,15:12:57,3,-1,1,AA7248,0,2,30
M235/2,M247,15:12:57,3,-1,1,AA7149,0,2,202
M244,M219,15:13:07,3,-1,2,AA7341,0,2,101
M219,T316,15:14:38,3,-1,2,AA6875,3,2,700
M247,M1/18,15:14:58,3,-1,-1,AA7149,0,2,91
M1/18,M222/2,15:15:29,3,-1,-1,AA7301,0,2,70
T356/2,T358,15:15:29,3,-1,1,AA7248,0,2,141
T358,T373/1,15:16:33,3,-1,1,AA7248,0,2,23
T316,T345/2,15:17:03,3,-1,2,AA6875,0,2,104
T343,M239/1,15:17:03,3,-1,-1,AA6507,0,2,397
M222/2,M244,15:17:55,3,-1,2,AA7301,0,2,71
T345/2,T344,15:18:35,3,-1,1,AA6875,0,2,71
T373/1,T306,15:19:05,3,-1,1,AA7248,0,2,90
T344,T356/2,15:19:15,3,-1,1,AA6875,0,2,30
M244,M219,15:20:16,3,-1,3,AA7301,0,2,60
T306,T314/2,15:20:36,3,-1,1,AA7248,0,2,50
M1/18,M222/2,15:21:47,3,0,-1,AC3966,0,2,70
T356/2,T358,15:22:58,3,-1,1,AA6875,0,2,202
T314/2,T408/6,15:22:58,3,-1,-1,AA7248,0,2,50
M222/2,M244,15:23:48,3,0,3,AC3966,0,2,50
T358,T373/1,15:23:58,3,-1,2,AA6875,0,2,30
T408/6,T343,15:25:20,3,-1,1,AA7248,0,2,111
M244,M219,15:26:00,3,0,3,AC3966,0,2,60
T373/1,T306,15:26:21,3,-1,1,AA6875,0,2,60
M235/2,M247,15:27:04,3,-1,1,AA7242,0,2,185
T306,T314/2,15:27:54,3,-1,1,AA6875,0,2,40
M219,T316,15:28:55,3,-1,1,AA7341,3,2,836
M247,M1/18,15:29:05,3,-1,-1,AA7242,0,2,90
T314/2,T408/6,15:29:25,3,-1,-1,AA6875,0,2,30
M1/18,M222/2,15:30:06,3,-1,-1,AA7149,0,2,90
M235/2,M247,15:31:06,3,-1,1,AA6835,0,2,100
T316,T345/2,15:31:16,3,-1,2,AA7341,0,2,121
T408/6,T343,15:31:37,3,-1,1,AA6875,0,2,90
M222/2,M244,15:32:27,3,-1,3,AA7149,0,2,90
M219,T316,15:33:18,3,-1,2,AA7301,3,2,629
T345/2,T344,15:33:18,3,-1,1,AA7341,0,2,80
T343,M239/1,15:33:18,3,-1,1,AA7248,0,2,437
M247,M1/18,15:33:38,3,-1,-1,AA6835,0,2,90
T344,T356/2,15:33:58,3,-1,1,AA7341,0,2,30
T316,T345/2,15:35:50,3,-1,2,AA7301,0,2,122
M244,M219,15:36:33,3,-1,3,AA7149,0,2,134
T345/2,T344,15:37:03,3,-1,1,AA7301,0,2,30
T356/2,T358,15:37:24,3,-1,1,AA7341,0,2,184
T344,T356/2,15:38:04,3,-1,1,AA7301,0,2,30
T358,T373/1,15:38:44,3,-1,1,AA7341,0,2,30
T343,M239/1,15:39:15,3,-1,2,AA6875,0,2,437
M1/18,M222/2,15:40:05,3,1,-1,AB4747,0,2,60
T356/2,T358,15:40:46,3,-1,1,AA7301,0,2,151
T373/1,T306,15:41:06,3,-1,1,AA7341,0,2,81
M219,T345/2,15:41:27,3,0,2,AC3966,4,2,832
T358,T373/1,15:41:37,3,-1,1,AA7301,0,2,30
T306,T314/2,15:42:17,3,-1,2,AA7341,0,2,30
M222/2,M244,15:42:38,3,1,3,AB4747,0,2,121
T345/2,T344,15:42:58,3,0,1,AC3966,0,2,70
T344,T356/2,15:43:48,3,0,1,AC3966,0,2,30
T373/1,T306,15:43:58,3,-1,1,AA7301,0,2,111
T314/2,T408/6,15:44:19,3,-1,-1,AA7341,0,2,81
T306,T314/2,15:44:49,3,-1,2,AA7301,0,2,40
M244,M219,15:45:40,3,1,3,AB4747,0,2,151
M235/2,M247,15:46:20,3,-1,1,AA6507,0,2,121
T408/6,T343,15:46:52,3,-1,1,AA7341,0,2,82
T356/2,T358,15:47:13,3,0,1,AC3966,0,2,103
T314/2,T408/6,15:47:23,3,-1,-1,AA7301,0,2,40
T358,T373/1,15:48:25,3,0,1,AC3966,0,2,30
M247,M1/18,15:48:25,3,-1,-1,AA6507,0,2,92
M219,T316,15:49:15,3,-1,1,AA7149,3,2,701
T408/6,T343,15:49:25,3,-1,1,AA7301,0,2,80
M1/18,M222/2,15:49:46,3,-1,-1,AA6835,0,2,60
T373/1,T306,15:50:26,3,0,2,AC3966,0,2,101
T316,T345/2,15:51:27,3,-1,2,AA7149,0,2,101
T306,T314/2,15:51:47,3,0,2,AC3966,0,2,50
M222/2,M244,15:51:57,3,-1,3,AA6835,0,2,60
T345/2,T344,15:52:58,3,-1,1,AA7149,0,2,70
M244,M219,15:53:18,3,-1,3,AA6835,0,2,20
T314/2,T408/6,15:53:28,3,0,-1,AC3966,0,2,30
T344,T356/2,15:54:29,3,-1,1,AA7149,0,2,30
T343,M239/1,15:55:29,3,-1,1,AA7341,0,2,454
T408/6,T343,15:56:30,3,0,1,AC3966,0,2,131
T343,M239/1,15:56:30,3,-1,1,AA7301,0,2,404
T356/2,T358,15:56:50,3,-1,1,AA7149,0,2,121
T358,T373/1,15:57:52,3,-1,1,AA7149,0,2,20
M219,T316,15:58:13,3,0,1,AB4747,3,2,690
T373/1,T306,15:59:35,3,-1,2,AA7149,0,2,71
T316,T345/2,16:00:45,3,0,2,AB4747,0,2,111
T306,T314/2,16:00:56,3,-1,2,AA7149,0,2,40
T345/2,T344,16:01:46,3,0,1,AB4747,0,2,40
T314/2,T408/6,16:02:47,3,-1,-1,AA7149,0,2,60
T344,T356/2,16:02:57,3,0,1,AB4747,0,2,30
T343,M239/1,16:04:08,3,0,1,AC3966,0,2,427
T408/6,T343,16:04:58,3,-1,1,AA7149,0,2,101
T356/2,T358,16:05:08,3,0,1,AB4747,0,2,70
M235/2,M247,16:05:08,3,-1,1,AA7248,0,2,222
T358,T373/1,16:05:49,3,0,1,AB4747,0,2,30
M219,T316,16:07:20,3,-1,1,AA6835,3,2,730
M235/2,M247,16:07:20,3,-1,1,AA6875,0,2,101
T373/1,T306,16:07:50,3,1,1,AB4747,0,2,70
M247,M1/18,16:08:00,3,-1,-1,AA7248,0,2,111
T306,T314/2,16:09:02,3,1,1,AB4747,0,2,30
M247,M1/18,16:09:02,3,-1,-1,AA6875,0,2,82
T316,T345/2,16:09:44,3,-1,2,AA6835,0,2,104
T314/2,T408/6,16:10:26,3,1,-1,AB4747,0,2,31
T345/2,T344,16:10:46,3,-1,1,AA6835,0,2,40
M1/18,M222/2,16:11:47,3,-1,-1,AA6507,0,2,81
T344,T356/2,16:11:47,3,-1,1,AA6835,0,2,30
T343,M239/1,16:12:58,3,-1,2,AA7149,0,2,449
T408/6,T343,16:13:08,3,1,1,AB4747,0,2,131
T356/2,T358,16:14:39,3,-1,1,AA6835,0,2,131
T358,T373/1,16:15:30,3,-1,1,AA6835,0,2,20
M222/2,M219,16:16:10,3,-1,3,AA6507,1,2,182
T373/1,T306,16:17:55,3,-1,1,AA6835,0,2,114
T306,T314/2,16:18:56,3,-1,1,AA6835,0,2,30
T314/2,T408/6,16:20:17,3,-1,-1,AA6835,0,2,30
T343,M239/1,16:20:17,3,1,2,AB4747,0,2,388
M1/18,M222/2,16:21:28,3,-1,-1,AA7248,0,2,70
T316,T345/2,16:21:58,3,-1,2,AA7480,0,2,121
T408/6,T343,16:22:38,3,-1,1,AA6835,0,2,111
T345/2,T344,16:23:29,3,-1,1,AA7480,0,2,51
M222/2,M244,16:24:00,3,-1,3,AA7248,0,2,142
T344,T356/2,16:24:20,3,-1,1,AA7480,0,2,40
T356/2,T358,16:26:54,3,-1,1,AA7480,0,2,93
M244,M219,16:27:56,3,-1,3,AA7248,0,2,225
T358,T373/1,16:27:56,3,-1,1,AA7480,0,2,31
M235/2,M247,16:27:56,3,-1,1,AA7341,0,2,155
M247,M1/18,16:30:08,3,-1,-1,AA7341,0,2,91
T343,M239/1,16:30:18,3,-1,-1,AA6835,0,2,398
M219,T345/2,16:30:28,3,-1,-1,AA6507,4,2,783
T373/1,T306,16:30:28,3,-1,-1,AA7480,0,2,111
T345/2,T344,16:31:49,3,-1,-1,AA6507,0,2,50
T344,T356/2,16:32:30,3,-1,-1,AA6507,0,2,20
M235/2,M247,16:32:40,3,-1,-1,AA7301,0,2,193
T306,T314/2,16:33:01,3,-1,-1,AA7480,0,2,101
M247,M1/18,16:34:55,3,-1,-1,AA7301,0,2,94
T356/2,T358,16:35:16,3,-1,1,AA6507,0,2,101
T314/2,T408/6,16:35:16,3,-1,-1,AA7480,0,2,101
T358,T373/1,16:36:26,3,-1,1,AA6507,0,2,30
M244,M219,16:37:17,3,-1,3,AA6875,0,2,141
T408/6,T343,16:37:37,3,-1,1,AA7480,0,2,131
T373/1,T306,16:38:38,3,-1,1,AA6507,0,2,101
T306,T314/2,16:39:39,3,-1,2,AA6507,0,2,40
M219,T316,16:39:59,3,-1,1,AA7248,3,2,662
M1/18,M222/2,16:40:19,3,-1,-1,AA7341,0,2,151
M235/2,M247,16:41:20,3,0,1,AC3966,0,2,161
T316,T345/2,16:41:44,3,-1,2,AA7248,0,2,94
T314/2,T408/6,16:42:14,3,-1,-1,AA6507,0,2,30
M222/2,M244,16:42:34,3,-1,3,AA7341,0,2,94
M247,M1/18,16:42:54,3,-1,-1,AC3966,0,2,60
T345/2,T344,16:43:04,3,-1,1,AA7248,0,2,40
T344,T356/2,16:43:55,3,-1,1,AA7248,0,2,20
M244,M219,16:44:25,3,-1,2,AA7341,0,2,50
T408/6,T343,16:45:16,3,-1,1,AA6507,0,2,151
T343,M239/1,16:46:17,3,-1,2,AA7480,0,2,509
T356/2,T358,16:46:47,3,-1,1,AA7248,0,2,111
M219,M50,16:47:48,3,-1,2,AA7341,0,2,111
T358,T373/1,16:47:58,3,-1,1,AA7248,0,2,30
M219,T316,16:49:19,3,-1,1,AA6875,3,2,661
T373/1,T306,16:49:50,3,-1,1,AA7248,0,2,80
T306,T314/2,16:51:08,3,-1,2,AA7248,0,2,30
T316,T345/2,16:51:39,3,-1,2,AA6875,0,2,129
M1/18,M222/2,16:52:44,3,-1,-1,AA7301,0,2,125
T343,M239/1,16:52:54,3,-1,1,AA6507,0,2,416
T314/2,T408/6,16:53:34,3,-1,-1,AA7248,0,2,104
T345/2,T344,16:54:15,3,-1,1,AA6875,0,2,123
M222/2,M244,16:54:45,3,-1,3,AA7301,0,2,111
T344,T356/2,16:55:26,3,-1,1,AA6875,0,2,30
M235/2,M247,16:55:36,3,-1,1,AA7149,0,2,182
T408/6,T343,16:56:16,3,-1,1,AA7248,0,2,121
M50,T316,16:56:47,3,-1,2,AA7341,2,2,508
M235/2,M247,16:57:47,3,1,1,AB4747,0,2,182
M244,M219,16:57:57,3,-1,2,AA7301,0,2,141
M247,M1/18,16:58:18,3,-1,-1,AA7149,0,2,101
T316,T345/2,16:59:08,3,-1,2,AA7341,0,2,121
M247,M1/18,16:59:59,3,-1,-1,AB4747,0,2,90
M219,M50,17:00:33,3,-1,1,AA7301,0,2,84
T356/2,T358,17:00:43,3,-1,1,AA6875,0,2,307
T345/2,T344,17:00:53,3,-1,1,AA7341,0,2,54
T358,T373/1,17:02:05,3,-1,1,AA6875,0,2,30
T344,T356/2,17:02:15,3,-1,1,AA7341,0,2,40
T373/1,T306,17:03:57,3,-1,1,AA6875,0,2,61
T356/2,T358,17:04:48,3,-1,1,AA7341,0,2,142
T343,M239/1,17:04:58,3,-1,-1,AA7248,0,2,481
T306,T314/2,17:05:08,3,-1,2,AA6875,0,2,40
T358,T373/1,17:05:49,3,-1,1,AA7341,0,2,30
M1/18,M222/2,17:05:59,3,-1,-1,AA7149,0,2,101
T314/2,T408/6,17:07:00,3,-1,-1,AA6875,0,2,30
T373/1,T306,17:07:54,3,-1,1,AA7341,0,2,95
M222/2,M244,17:08:04,3,-1,3,AA7149,0,2,44
M50,T316,17:09:15,3,-1,1,AA7301,2,2,491
T408/6,T343,17:09:25,3,-1,1,AA6875,0,2,101
T306,T314/2,17:09:36,3,-1,2,AA7341,0,2,40
T316,T345/2,17:11:47,3,-1,2,AA7301,0,2,111
M244,M219,17:11:58,3,-1,3,AA7149,0,2,80
T314/2,T408/6,17:11:58,3,-1,-1,AA7341,0,2,121
T345/2,T344,17:14:19,3,-1,1,AA7301,0,2,111
T344,T356/2,17:15:15,3,-1,1,AA7301,0,2,20
T408/6,T343,17:15:25,3,-1,1,AA7341,0,2,136
M1/18,M222/2,17:15:46,3,0,-1,AB4747,0,2,41
M235/2,M247,17:16:37,3,-1,1,AA6835,0,2,178
T356/2,T358,17:17:07,3,-1,1,AA7301,0,2,80
T343,M239/1,17:17:37,3,-1,-1,AA6875,0,2,410
T358,T373/1,17:18:08,3,-1,1,AA7301,0,2,30
M247,M1/18,17:18:38,3,-1,-1,AA6835,0,2,80
M222/2,M244,17:18:48,3,1,3,AB4747,0,2,151
T373/1,T306,17:20:19,3,-1,-1,AA7301,0,2,101
M244,M219,17:20:50,3,1,-1,AB4747,0,2,61
T306,T314/2,17:21:54,3,-1,-1,AA7301,0,2,43
T343,M239/1,17:23:15,3,-1,-1,AA7341,0,2,418
T314/2,T408/6,17:23:46,3,-1,-1,AA7301,0,2,51
M1/18,M222/2,17:25:27,3,-1,-1,AA6835,0,2,60
T408/6,T343,17:26:08,3,-1,1,AA7301,0,2,111
M219,T345/2,17:26:48,3,-1,2,AA7149,4,2,820
T345/2,T344,17:29:02,3,-1,1,AA7149,0,2,93
T344,T356/2,17:29:53,3,-1,1,AA7149,0,2,20
M222/2,M219,17:30:54,3,-1,2,AA6835,1,2,275
T356/2,T358,17:33:05,3,-1,1,AA7149,0,2,172
T343,M239/1,17:34:06,3,-1,2,AA7301,0,2,437
T358,T373/1,17:34:16,3,-1,1,AA7149,0,2,30
M219,T316,17:34:47,3,0,1,AB4747,3,2,792
M235/2,M247,17:35:47,3,-1,1,AA7480,0,2,222
T373/1,T306,17:36:18,3,-1,1,AA7149,0,2,91
T316,T345/2,17:37:08,3,0,2,AB4747,0,2,121
T306,T314/2,17:38:09,3,-1,2,AA7149,0,2,50
T345/2,T344,17:38:29,3,0,1,AB4747,0,2,60
M247,M1/18,17:39:10,3,-1,-1,AA7480,0,2,192
T344,T356/2,17:39:50,3,0,1,AB4747,0,2,30
M235/2,M247,17:40:32,3,-1,1,AA6507,0,2,112
M219,T316,17:40:42,3,-1,2,AA6835,3,2,547
T314/2,T408/6,17:40:42,3,-1,-1,AA7149,0,2,82
T316,T345/2,17:42:34,3,-1,2,AA6835,0,2,101
M247,M1/18,17:42:44,3,-1,-1,AA6507,0,2,91
T356/2,T358,17:43:14,3,2,1,AB4747,0,2,173
T408/6,T343,17:43:55,3,-1,1,AA7149,0,2,111
T345/2,T344,17:44:05,3,-1,1,AA6835,0,2,50
T358,T373/1,17:44:25,3,2,1,AB4747,0,2,30
T344,T356/2,17:44:56,3,-1,1,AA6835,0,2,30
M1/18,M222/2,17:46:07,3,-1,-1,AA7480,0,2,111
T373/1,T306,17:46:58,3,2,1,AB4747,0,2,111
T356/2,T373/1,17:47:28,3,-1,1,AA6835,1,2,142
T306,T314/2,17:48:29,3,2,2,AB4747,0,2,60
M222/2,M244,17:48:39,3,-1,3,AA7480,0,2,131
T373/1,T306,17:49:09,3,-1,1,AA6835,0,2,80
T306,T314/2,17:50:44,3,-1,2,AA6835,0,2,84
T314/2,T408/6,17:51:24,3,2,-1,AB4747,0,2,30
M244,M219,17:51:45,3,-1,2,AA7480,0,2,145
T343,M239/1,17:52:15,3,-1,1,AA7149,0,2,449
M1/18,M244,17:53:06,3,-1,2,AA6507,1,2,192
T314/2,T408/6,17:53:56,3,-1,-1,AA6835,0,2,40
M219,M50,17:54:16,3,-1,1,AA7480,0,2,101
T408/6,T343,17:54:47,3,2,1,AB4747,0,2,151
T408/6,T343,17:56:08,3,-1,1,AA6835,0,2,101
M244,M219,17:56:18,3,-1,2,AA6507,0,2,141
M235/2,M247,17:59:55,3,-1,1,AA6875,0,2,146
M247,M1/18,18:00:15,3,-1,-1,AA7248,0,2,96
M247,M1/18,18:01:57,3,-1,-1,AA6875,0,2,91
M50,T316,18:02:57,3,-1,1,AA7480,2,2,490
T343,M239/1,18:04:49,3,2,-1,AB4747,0,2,480
T343,M239/1,18:05:09,3,-1,-1,AA6835,0,2,510
T316,T345/2,18:05:19,3,-1,2,AA7480,0,2,131
M235/2,M1/18,18:06:54,3,-1,-1,AA7341,1,2,277
T345/2,T344,18:07:05,3,-1,1,AA7480,0,2,64
M219,T316,18:07:55,3,-1,1,AA6507,3,2,636
T344,T356/2,18:08:05,3,-1,1,AA7480,0,2,40
M1/18,M222/2,18:08:46,3,-1,-1,AA7248,0,2,81
T316,T345/2,18:09:47,3,-1,2,AA6507,0,2,101
T356/2,T358,18:10:58,3,-1,1,AA7480,0,2,121
T345/2,T344,18:11:28,3,-1,1,AA6507,0,2,50
T344,T356/2,18:12:19,3,-1,1,AA6507,0,2,30
T358,T373/1,18:12:19,3,-1,1,AA7480,0,2,30
M222/2,M244,18:12:39,3,-1,3,AA7248,0,2,202
M1/18,M222/2,18:14:03,3,-1,-1,AA6875,0,2,53
T356/2,T358,18:14:54,3,-1,1,AA6507,0,2,81
T373/1,T306,18:15:04,3,-1,1,AA7480,0,2,124
M244,M219,18:15:14,3,-1,2,AA7248,0,2,81
T358,T373/1,18:15:34,3,-1,1,AA6507,0,2,20
M222/2,M244,18:15:54,3,-1,3,AA6875,0,2,91
M235/2,M1/18,18:16:55,3,-1,-1,AA7301,1,2,367
T306,T314/2,18:17:05,3,-1,2,AA7480,0,2,40
T373/1,T306,18:17:26,3,-1,1,AA6507,0,2,71
T306,T314/2,18:18:47,3,-1,2,AA6507,0,2,50
M244,M219,18:19:47,3,-1,2,AA6875,0,2,121
M1/18,M222/2,18:19:57,3,-1,-1,AA7341,0,2,30
M219,M50,18:19:57,3,-1,2,AA7248,0,2,222
T314/2,T408/6,18:20:18,3,-1,-1,AA7480,0,2,141
T314/2,T408/6,18:20:58,3,-1,-1,AA6507,0,2,121
M222/2,M244,18:21:39,3,-1,3,AA7341,0,2,30
T408/6,T343,18:23:35,3,-1,1,AA7480,0,2,186
M219,M50,18:24:15,3,-1,2,AA6875,0,2,136
M244,M219,18:24:25,3,-1,3,AA7341,0,2,106
M50,M254,18:24:25,3,-1,1,AA7248,1,2,187
T408/6,T343,18:24:46,3,-1,1,AA6507,0,2,187
M219,M50,18:28:59,3,-1,1,AA7341,0,2,151
M50,M239/2,18:28:59,3,-1,2,AA6875,0,2,242
M1/18,M222/2,18:30:50,3,-1,-1,AA7301,0,2,70
M64,M235/2,18:31:42,3,4,1,AB4747,0,2,143
M64,M235/2,18:31:52,3,-1,1,AA6835,0,2,204
M50,M254,18:32:44,3,-1,1,AA7341,1,2,185
M222/2,M244,18:33:35,3,-1,3,AA7301,0,2,92
T343,M239/1,18:35:36,3,-1,3,AA6507,0,2,549
M244,M219,18:36:17,3,-1,3,AA7301,0,2,121
M239/2,M254,18:36:47,3,-1,1,AA6875,0,2,448
M235/2,M247,18:37:58,3,4,1,AB4747,0,2,313
M219,M50,18:38:39,3,-1,1,AA7301,0,2,80
M235/2,M247,18:39:09,3,-1,1,AA6835,0,2,374
M247,M1/18,18:40:55,3,-1,-1,AB4747,0,2,95
M247,M1/18,18:40:55,3,-1,-1,AA6835,0,2,85
M235/2,M247,18:42:06,3,-1,1,AA7149,0,2,238
M50,M254,18:42:47,3,-1,1,AA7301,1,2,167
M254,T316,18:44:08,3,-1,1,AA7248,0,2,1142
M247,M1/18,18:44:49,3,-1,-1,AA7149,0,2,121
T316,T345/2,18:46:20,3,-1,1,AA7248,0,2,121
T345/2,T344,18:48:06,3,-1,1,AA7248,0,2,50
M1/18,M222/2,18:48:16,3,0,-1,AB4747,0,2,40
M254,T316,18:49:27,3,-1,1,AA7341,0,2,992
T344,T356/2,18:49:37,3,-1,1,AA7248,0,2,50
M222/2,M244,18:50:58,3,0,3,AB4747,0,2,121
T316,T345/2,18:51:29,3,-1,1,AA7341,0,2,111
M254,T316,18:51:59,3,-1,1,AA6875,0,2,881
T345/2,T344,18:52:49,3,-1,1,AA7341,0,2,40
T356/2,T358,18:53:10,3,-1,1,AA7248,0,2,192
T344,T356/2,18:54:05,3,-1,1,AA7341,0,2,30
T316,T345/2,18:54:25,3,-1,1,AA6875,0,2,135
M244,M219,18:54:35,3,1,2,AB4747,0,2,135
T358,T373/1,18:54:35,3,-1,1,AA7248,0,2,30
M1/18,M222/2,18:55:36,3,-1,-1,AA7149,0,2,81
T345/2,T344,18:55:46,3,-1,1,AA6875,0,2,50
T344,T356/2,18:56:26,3,-1,1,AA6875,0,2,30
T356/2,T358,18:56:57,3,-1,1,AA7341,0,2,162
M219,M50,18:57:07,3,0,1,AB4747,0,2,90
M254,T316,18:57:27,3,-1,1,AA7301,0,2,869
M222/2,M244,18:57:37,3,-1,3,AA7149,0,2,40
T358,T373/1,18:58:18,3,-1,1,AA7341,0,2,40
T373/1,T306,18:58:18,3,-1,1,AA7248,0,2,141
M244,M219,18:59:18,3,-1,2,AA7149,0,2,50
T316,T345/2,18:59:18,3,-1,1,AA7301,0,2,101
T356/2,T358,18:59:18,3,-1,1,AA6875,0,2,161
T358,T373/1,18:59:59,3,-1,1,AA6875,0,2,30
T306,T314/2,19:00:09,3,-1,2,AA7248,0,2,101
M50,M239/2,19:00:39,3,0,1,AB4747,0,2,131
T345/2,T344,19:00:39,3,-1,1,AA7301,0,2,50
T373/1,T306,19:00:59,3,-1,1,AA7341,0,2,121
M239/2,M254,19:01:10,3,0,1,AB4747,0,2,20
T344,T356/2,19:01:32,3,-1,1,AA7301,0,2,32
M219,M50,19:01:42,3,-1,1,AA7149,0,2,93
T373/1,T306,19:03:03,3,-1,1,AA6875,0,2,143
T314/2,T408/6,19:03:03,3,-1,-1,AA7248,0,2,50
T356/2,T358,19:04:54,3,-1,1,AA7301,0,2,131
T306,T314/2,19:04:54,3,-1,2,AA6875,0,2,91
M50,M254,19:05:45,3,-1,1,AA7149,1,2,161
T358,T373/1,19:05:55,3,-1,1,AA7301,0,2,30
T408/6,T343,19:05:55,3,-1,1,AA7248,0,2,131
T306,T408/6,19:06:05,3,-1,-1,AA7341,1,2,273
T314/2,T408/6,19:06:46,3,-1,-1,AA6875,0,2,40
T373/1,T306,19:08:37,3,-1,1,AA7301,0,2,111
T408/6,T343,19:08:47,3,-1,1,AA6875,0,2,70
T408/6,T343,19:08:57,3,-1,1,AA7341,0,2,141
M235/2,M247,19:10:28,3,-1,1,AA6507,0,2,263
T306,T314/2,19:10:38,3,-1,2,AA7301,0,2,80
M235/2,M247,19:10:38,3,-1,1,AA7480,0,2,111
T314/2,T408/6,19:12:31,3,-1,-1,AA7301,0,2,41
M247,M1/18,19:13:01,3,-1,-1,AA6507,0,2,102
M247,M1/18,19:13:11,3,-1,-1,AA7480,0,2,142
M254,T316,19:14:14,3,0,1,AB4747,0,2,774
T408/6,T343,19:14:34,3,-1,1,AA7301,0,2,93
T343,M239/1,19:15:15,3,-1,1,AA7248,0,2,519
T316,T345/2,19:16:15,3,0,2,AB4747,0,2,111
T345/2,T344,19:17:36,3,0,1,AB4747,0,2,60
M254,T316,19:17:57,3,-1,1,AA7149,0,2,721
T343,M239/1,19:18:07,3,-1,1,AA6875,0,2,519
T343,M239/1,19:18:27,3,-1,1,AA7341,0,2,539
M239/1,M254,19:18:57,3,-1,1,AA7248,0,2,212
M1/18,M222/2,19:19:28,3,-1,-1,AA7480,0,2,20
T316,T345/2,19:19:48,3,-1,2,AA7149,0,2,90
M239/1,M254,19:20:48,3,-1,1,AA6875,0,2,151
M222/2,M244,19:21:09,3,-1,3,AA7480,0,2,50
T356/2,T358,19:21:09,3,0,1,AB4747,0,2,111
M239/1,M254,19:21:19,3,-1,1,AA7341,0,2,161
T345/2,T344,19:21:29,3,-1,1,AA7149,0,2,70
T358,T373/1,19:22:09,3,0,1,AB4747,0,2,20
T344,T356/2,19:22:19,3,-1,1,AA7149,0,2,30
T343,M239/1,19:23:42,3,-1,2,AA7301,0,2,466
M244,M219,19:24:22,3,-1,2,AA7480,0,2,113
T373/1,T306,19:24:22,3,0,1,AB4747,0,2,103
T306,T314/2,19:25:23,3,0,1,AB4747,0,2,30
M1/18,M222/2,19:25:43,3,-1,-1,AA6507,0,2,50
M239/1,M254,19:26:34,3,-1,1,AA7301,0,2,162
M222/2,M244,19:26:55,3,-1,3,AA6507,0,2,20
T356/2,T358,19:27:05,3,-1,1,AA7149,0,2,265
M219,M50,19:27:15,3,-1,1,AA7480,0,2,111
T314/2,T408/6,19:27:25,3,0,-1,AB4747,0,2,40
T358,T373/1,19:28:05,3,-1,1,AA7149,0,2,30
M254,M64,19:28:05,3,-1,3,AA6875,12,2,406
M254,M64,19:29:16,3,-1,3,AA7248,12,2,578
M244,M219,19:29:26,3,-1,2,AA6507,0,2,91
T408/6,T343,19:29:26,3,0,1,AB4747,0,2,81
M254,M64,19:29:26,3,-1,3,AA7341,12,2,457
T373/1,T306,19:29:36,3,-1,1,AA7149,0,2,60
M50,M239/2,19:31:08,3,-1,1,AA7480,0,2,151
T306,T314/2,19:31:08,3,-1,1,AA7149,0,2,50
M219,M50,19:31:48,3,-1,1,AA6507,0,2,111
M64,M235/2,19:32:49,3,-1,1,AA6875,0,2,91
M64,M235/2,19:32:49,3,-1,1,AA7248,0,2,91
M64,M235/2,19:32:59,3,-1,1,AA7341,0,2,81
T314/2,T408/6,19:33:09,3,-1,-1,AA7149,0,2,30
M254,M64,19:34:10,3,-1,2,AA7301,12,2,435
M50,M239/2,19:35:54,3,-1,1,AA6507,0,2,205
T408/6,T343,19:35:54,3,-1,1,AA7149,0,2,114
M235/2,M247,19:36:04,3,-1,1,AA7341,0,2,134
M235/2,M247,19:36:04,3,-1,1,AA7248,0,2,124
M235/2,M247,19:36:04,3,-1,1,AA6875,0,2,144
M239/2,M254,19:37:15,3,-1,1,AA6507,0,2,70
T343,M239/1,19:37:46,3,1,1,AB4747,0,2,418
M247,M1/18,19:38:16,3,-1,-1,AA7341,0,2,101
M64,M235/2,19:38:26,3,-1,1,AA7301,0,2,161
M247,M1/18,19:38:26,3,-1,-1,AA6875,0,2,101
M247,M1/18,19:38:46,3,-1,-1,AA7248,0,2,121
M239/1,M254,19:39:07,3,2,1,AB4747,0,2,70
M235/2,M247,19:41:18,3,-1,1,AA7301,0,2,141
M239/2,T316,19:43:19,3,-1,1,AA7480,1,2,721
M247,M1/18,19:44:00,3,-1,-1,AA7301,0,2,101
M1/18,M222/2,19:45:35,3,-1,-1,AA6875,0,2,94
T316,T345/2,19:45:45,3,-1,1,AA7480,0,2,114
T343,M254,19:45:45,3,-1,1,AA7149,1,2,539
T345/2,T344,19:46:36,3,-1,1,AA7480,0,2,40
M222/2,M244,19:47:06,3,-1,3,AA6875,0,2,51
M254,M64,19:47:16,3,2,3,AB4747,12,2,459
T344,T356/2,19:47:37,3,-1,1,AA7480,0,2,30
M64,M235/2,19:49:23,3,2,1,AB4747,0,2,65
M254,T316,19:49:33,3,-1,1,AA6507,0,2,717
M244,M219,19:49:53,3,-1,2,AA6875,0,2,126
M219,M50,19:50:54,3,-1,1,AA6875,0,2,20
T316,T345/2,19:51:45,3,-1,1,AA6507,0,2,101
M1/18,M222/2,19:51:55,3,-1,-1,AA7248,0,2,80
M235/2,M247,19:52:55,3,2,1,AB4747,0,2,192
M222/2,M244,19:54:06,3,-1,3,AA7248,0,2,50
T356/2,T306,19:54:06,3,-1,1,AA7480,2,2,303
T345/2,T344,19:54:26,3,-1,1,AA6507,0,2,111
M254,M64,19:55:07,3,-1,3,AA7149,12,2,531
M247,M1/18,19:55:07,3,-1,-1,AB4747,0,2,91
T306,T314/2,19:55:27,3,-1,1,AA7480,0,2,50
T344,T356/2,19:55:37,3,-1,1,AA6507,0,2,30
M244,M219,19:55:47,3,-1,2,AA7248,0,2,50
M50,M254,19:56:58,3,-1,1,AA6875,1,2,272
T314/2,T408/6,19:57:28,3,-1,-1,AA7480,0,2,30
M219,M50,19:57:58,3,-1,1,AA7248,0,2,90
M64,M235/2,19:58:29,3,-1,1,AA7149,0,2,181
T356/2,T358,19:58:49,3,-1,1,AA6507,0,2,131
T358,T373/1,19:59:50,3,-1,1,AA6507,0,2,20
T408/6,T343,20:00:00,3,-1,1,AA7480,0,2,101
M50,M254,20:01:15,3,-1,1,AA7248,1,2,165
T373/1,T306,20:01:45,3,-1,1,AA6507,0,2,70
M235/2,M247,20:02:25,3,-1,1,AA7149,0,2,206
T306,T314/2,20:02:46,3,-1,1,AA6507,0,2,40
T314/2,T408/6,20:04:06,3,-1,-1,AA6507,0,2,30
M247,M1/18,20:05:28,3,-1,-1,AA7149,0,2,91
M1/18,M222/2,20:06:28,3,-1,-1,AA7301,0,2,60
T408/6,T343,20:07:09,3,-1,1,AA6507,0,2,152
M222/2,M244,20:08:50,3,-1,2,AA7301,0,2,121
M254,T316,20:09:20,3,-1,1,AA6875,0,2,721
M244,M219,20:10:14,3,-1,2,AA7301,0,2,40
T343,M254,20:10:54,3,-1,1,AA7480,1,2,589
T316,T345/2,20:11:35,3,-1,1,AA6875,0,2,121
M219,M50,20:12:05,3,-1,1,AA7301,0,2,50
M254,T316,20:12:35,3,-1,2,AA7248,0,2,670
T345/2,T344,20:12:56,3,-1,1,AA6875,0,2,60
T344,T356/2,20:13:56,3,-1,1,AA6875,0,2,30
T316,T345/2,20:14:27,3,-1,1,AA7248,0,2,80
T343,M239/1,20:14:27,3,-1,1,AA6507,0,2,407
T356/2,T358,20:15:47,3,-1,1,AA6875,0,2,90
M239/1,M254,20:15:47,3,-1,1,AA6507,0,2,70
M50,M254,20:15:57,3,-1,1,AA7301,1,2,161
T345/2,T344,20:16:28,3,-1,1,AA7248,0,2,90
T358,T373/1,20:16:48,3,-1,1,AA6875,0,2,30
T344,T356/2,20:17:18,3,-1,1,AA7248,0,2,40
T373/1,T306,20:18:09,3,-1,1,AA6875,0,2,50
M254,M64,20:18:29,3,-1,2,AA7480,12,2,434
T356/2,T358,20:19:09,3,-1,1,AA7248,0,2,80
T306,T314/2,20:19:33,3,-1,1,AA6875,0,2,43
T358,T373/1,20:19:53,3,-1,1,AA7248,0,2,20
T314/2,T408/6,20:21:14,3,-1,-1,AA6875,0,2,30
M64,M235/2,20:22:15,3,-1,1,AA7480,0,2,131
T373/1,T306,20:23:16,3,-1,1,AA7248,0,2,161
T408/6,T343,20:24:06,3,-1,1,AA6875,0,2,141
T306,T314/2,20:24:56,3,-1,1,AA7248,0,2,40
M235/2,M247,20:25:17,3,-1,1,AA7480,0,2,141
M254,M64,20:25:27,3,-1,2,AA6507,12,2,559
M1/18,M222/2,20:25:37,3,-1,-1,AA7341,0,2,60
T314/2,T408/6,20:26:37,3,-1,-1,AA7248,0,2,40
M247,M1/18,20:26:48,3,-1,-1,AA7480,0,2,80
M222/2,M244,20:27:28,3,-1,1,AA7341,0,2,60
M64,M235/2,20:27:38,3,-1,1,AA6507,0,2,50
T408/6,T343,20:29:04,3,-1,1,AA7248,0,2,106
M254,T316,20:29:14,3,-1,1,AA7301,0,2,786
M244,M219,20:30:25,3,-1,1,AA7341,0,2,111
T316,T345/2,20:30:55,3,-1,1,AA7301,0,2,90
M235/2,M247,20:31:05,3,-1,1,AA6507,0,2,166
T343,M239/1,20:31:36,3,-1,1,AA6875,0,2,409
M219,M50,20:32:16,3,-1,1,AA7341,0,2,70
T345/2,T344,20:32:26,3,-1,1,AA7301,0,2,60
T344,T356/2,20:33:06,3,-1,1,AA7301,0,2,30
M239/1,M254,20:33:17,3,-1,1,AA6875,0,2,90
M247,M1/18,20:34:27,3,-1,-1,AA6507,0,2,100
T356/2,T358,20:36:18,3,-1,1,AA7301,0,2,161
T343,M239/1,20:37:10,3,-1,1,AA7248,0,2,455
T358,T373/1,20:37:20,3,-1,1,AA7301,0,2,20
M239/1,M254,20:38:55,3,-1,1,AA7248,0,2,94
T373/1,T306,20:39:15,3,-1,1,AA7301,0,2,80
M254,M64,20:39:15,3,-1,2,AA6875,12,2,348
T306,T314/2,20:40:37,3,-1,1,AA7301,0,2,40
M64,M235/2,20:40:47,3,-1,1,AA6875,0,2,50
M1/18,M244,20:41:57,3,-1,1,AA7149,1,2,203
T314/2,T408/6,20:42:28,3,-1,-1,AA7301,0,2,80
M235/2,M247,20:42:28,3,-1,1,AA6875,0,2,90
M244,M219,20:43:28,3,-1,2,AA7149,0,2,40
T408/6,T343,20:44:39,3,-1,1,AA7301,0,2,101
M254,M64,20:44:49,3,-1,2,AA7248,12,2,334
M247,M1/18,20:44:49,3,-1,-1,AA6875,0,2,90
M219,M50,20:45:40,3,-1,1,AA7149,0,2,70
M50,T316,20:46:55,3,-1,1,AA7341,2,2,808
M64,M235/2,20:48:06,3,-1,1,AA7248,0,2,145
T316,T345/2,20:48:46,3,-1,2,AA7341,0,2,80
M50,M254,20:48:56,3,-1,1,AA7149,1,2,155
T345/2,T344,20:50:37,3,-1,1,AA7341,0,2,50
T344,T356/2,20:51:18,3,-1,1,AA7341,0,2,30
M235/2,M247,20:51:28,3,-1,1,AA7248,0,2,181
T343,M239/1,20:52:59,3,-1,1,AA7301,0,2,459
M247,M1/18,20:53:39,3,-1,-1,AA7248,0,2,90
T356/2,T358,20:53:49,3,-1,1,AA7341,0,2,100
M239/1,M254,20:54:29,3,-1,1,AA7301,0,2,80
T358,T373/1,20:54:50,3,-1,1,AA7341,0,2,30
M1/18,M222/2,20:56:35,3,1,-1,AB4747,0,2,74
T373/1,T306,20:57:05,3,-1,1,AA7341,0,2,105
M222/2,M244,20:58:06,3,1,2,AB4747,0,2,30
M254,T316,20:58:06,3,-1,2,AA7149,0,2,539
T306,T314/2,20:58:16,3,-1,1,AA7341,0,2,40
M244,M219,20:59:37,3,1,2,AB4747,0,2,10
M254,M64,20:59:47,3,-1,2,AA7301,12,2,307
T314/2,T408/6,21:00:17,3,-1,-1,AA7341,0,2,30
T316,T345/2,21:00:27,3,-1,2,AA7149,0,2,101
T345/2,T344,21:01:48,3,-1,1,AA7149,0,2,50
T408/6,T343,21:02:18,3,-1,1,AA7341,0,2,70
M64,M235/2,21:02:38,3,-1,1,AA7301,0,2,70
T344,T356/2,21:02:48,3,-1,1,AA7149,0,2,30
M50,M254,21:04:29,3,0,1,AB4747,1,2,141
T356/2,T358,21:05:40,3,-1,1,AA7149,0,2,151
M235/2,M247,21:06:10,3,-1,1,AA7301,0,2,181
T358,T373/1,21:06:44,3,-1,1,AA7149,0,2,23
T373/1,T306,21:08:35,3,-1,1,AA7149,0,2,60
M247,M1/18,21:08:35,3,-1,-1,AA7301,0,2,90
T343,M239/1,21:09:46,3,-1,1,AA7341,0,2,397
T306,T314/2,21:10:06,3,-1,1,AA7149,0,2,40
M1/18,M222/2,21:10:57,3,-1,-1,AA7480,0,2,50
M239/1,M254,21:11:37,3,-1,1,AA7341,0,2,100
T314/2,T408/6,21:11:47,3,-1,-1,AA7149,0,2,30
M222/2,M244,21:12:18,3,-1,2,AA7480,0,2,70
M254,T316,21:13:28,3,0,1,AB4747,0,2,528
M244,M219,21:14:19,3,-1,2,AA7480,0,2,90
T316,T345/2,21:14:49,3,0,1,AB4747,0,2,70
T408/6,T343,21:14:49,3,-1,1,AA7149,0,2,171
T345/2,T356/2,21:16:44,3,0,1,AB4747,1,2,94
M254,M64,21:16:44,3,-1,2,AA7341,12,2,276
T356/2,T358,21:18:15,3,0,1,AB4747,0,2,60
T358,T373/1,21:19:17,3,0,1,AB4747,0,2,30
M219,M254,21:20:58,3,-1,1,AA7480,2,2,378
T373/1,T306,21:21:18,3,1,1,AB4747,0,2,90
T306,T314/2,21:22:09,3,1,1,AB4747,0,2,40
T343,M239/1,21:22:39,3,-1,1,AA7149,0,2,429
M64,M247,21:22:39,3,-1,1,AA7341,1,2,274
T314/2,T408/6,21:23:43,3,1,-1,AB4747,0,2,10
M239/1,M254,21:24:13,3,-1,1,AA7149,0,2,83
M1/18,M222/2,21:25:14,3,-1,-1,AA6507,0,2,70
M247,M1/18,21:25:34,3,-1,-1,AA7341,0,2,90
T408/6,T343,21:25:54,3,1,1,AB4747,0,2,90
M222/2,M244,21:27:15,3,-1,2,AA6507,0,2,70
M254,T316,21:28:36,3,-1,1,AA7480,0,2,437
M244,M219,21:28:56,3,-1,2,AA6507,0,2,50
M254,M64,21:29:46,3,-1,3,AA7149,12,2,313
M219,M50,21:31:07,3,-1,1,AA6507,0,2,80
M64,M235/2,21:32:38,3,-1,1,AA7149,0,2,100
T343,M239/1,21:33:08,3,1,1,AB4747,0,2,403
M239/1,M254,21:34:39,3,1,1,AB4747,0,2,80
M50,M239/2,21:35:09,3,-1,1,AA6507,0,2,181
M1/18,M222/2,21:35:20,3,-1,-1,AA7248,0,2,60
M235/2,M247,21:36:01,3,-1,1,AA7149,0,2,162
M239/2,M254,21:36:21,3,-1,1,AA6507,0,2,61
M222/2,M244,21:36:42,3,-1,2,AA7248,0,2,41
M247,M1/18,21:38:15,3,-1,-1,AA7149,0,2,92
M244,M219,21:38:25,3,-1,2,AA7248,0,2,50
M219,M50,21:40:27,3,-1,1,AA7248,0,2,80
M254,M64,21:40:27,3,1,2,AB4747,12,2,327
M64,M235/2,21:43:00,3,2,1,AB4747,0,2,71
M50,M254,21:44:00,3,-1,1,AA7248,1,2,172
M254,T316,21:46:16,3,-1,2,AA6507,0,2,573
M1/18,M222/2,21:46:26,3,-1,-1,AA7341,0,2,50
M235/2,M247,21:46:26,3,3,1,AB4747,0,2,196
T316,T345/2,21:48:17,3,-1,1,AA6507,0,2,80
M222/2,M244,21:48:27,3,-1,1,AA7341,0,2,80
M247,M1/18,21:48:27,3,-1,-1,AB4747,0,2,80
T345/2,T344,21:49:48,3,-1,1,AA6507,0,2,60
T344,T356/2,21:50:38,3,-1,1,AA6507,0,2,20
M244,M219,21:51:00,3,-1,2,AA7341,0,2,91
M219,M50,21:51:53,3,-1,1,AA7341,0,2,20
M254,T316,21:53:45,3,-1,2,AA7248,0,2,574
M50,M254,21:54:55,3,-1,1,AA7341,1,2,141
T316,T345/2,21:55:36,3,-1,2,AA7248,0,2,100
T356/2,T358,21:55:46,3,-1,1,AA6507,0,2,121
T358,T373/1,21:56:57,3,-1,1,AA6507,0,2,20
T345/2,T344,21:57:17,3,-1,1,AA7248,0,2,60
T344,T356/2,21:57:57,3,-1,1,AA7248,0,2,30
T373/1,T306,21:59:28,3,-1,1,AA6507,0,2,70
T306,T314/2,22:00:39,3,-1,-1,AA6507,0,2,50
M1/18,M222/2,22:00:59,3,-1,-1,AA7149,0,2,40
T356/2,T358,22:01:29,3,-1,-1,AA7248,0,2,201
T358,T373/1,22:02:20,3,-1,-1,AA7248,0,2,30
M222/2,M244,22:02:34,3,-1,-1,AA7149,0,2,54
T314/2,T408/6,22:03:45,3,-1,-1,AA6507,0,2,40
T373/1,T306,22:04:45,3,-1,-1,AA7248,0,2,70
M244,M219,22:04:56,3,-1,-1,AA7149,0,2,101
M254,T316,22:05:26,3,-1,1,AA7341,0,2,620
T408/6,T343,22:06:16,3,-1,1,AA6507,0,2,80
T306,T314/2,22:06:26,3,-1,1,AA7248,0,2,50
T316,T345/2,22:06:57,3,-1,2,AA7341,0,2,80
M219,M50,22:07:17,3,-1,1,AA7149,0,2,90
T345/2,T344,22:08:28,3,-1,1,AA7341,0,2,50
T314/2,T408/6,22:08:58,3,-1,-1,AA7248,0,2,50
T344,T356/2,22:09:28,3,-1,1,AA7341,0,2,30
M50,M254,22:10:19,3,-1,1,AA7149,1,2,151
T408/6,T343,22:11:19,3,-1,1,AA7248,0,2,111
T356/2,T358,22:14:14,3,-1,1,AA7341,0,2,275
T343,M239/1,22:14:14,3,-1,1,AA6507,0,2,397
T358,T373/1,22:15:05,3,-1,1,AA7341,0,2,30
M1/18,M222/2,22:15:55,3,1,-1,AB4747,0,2,40
M239/1,M254,22:16:05,3,-1,1,AA6507,0,2,101
T373/1,T306,22:16:56,3,-1,1,AA7341,0,2,60
M222/2,M244,22:18:07,3,2,2,AB4747,0,2,90
T306,T314/2,22:18:17,3,-1,1,AA7341,0,2,40
T343,M239/1,22:19:17,3,-1,1,AA7248,0,2,393
M254,T316,22:19:38,3,-1,1,AA7149,0,2,548
M244,M219,22:19:58,3,2,2,AB4747,0,2,30
T314/2,T408/6,22:20:08,3,-1,-1,AA7341,0,2,30
M239/1,M254,22:21:29,3,-1,1,AA7248,0,2,121
M254,M64,22:21:29,3,-1,2,AA6507,12,2,303
T316,T345/2,22:21:59,3,-1,2,AA7149,0,2,131
M219,M50,22:22:19,3,2,1,AB4747,0,2,131
T408/6,T343,22:22:49,3,-1,1,AA7341,0,2,111
T345/2,T344,22:23:10,3,-1,1,AA7149,0,2,60
T344,T356/2,22:23:52,3,-1,1,AA7149,0,2,20
M64,M235/2,22:24:13,3,-1,1,AA6507,0,2,52
T356/2,T358,22:25:43,3,-1,1,AA7149,0,2,90
M50,M254,22:26:14,3,1,1,AB4747,1,2,151
M254,M64,22:26:45,3,-1,3,AA7248,12,2,295
M235/2,M247,22:26:45,3,-1,1,AA6507,0,2,141
T358,T373/1,22:26:55,3,-1,1,AA7149,0,2,20
M247,M1/18,22:28:56,3,-1,-1,AA6507,0,2,90
T373/1,T306,22:29:26,3,-1,1,AA7149,0,2,100
M1/18,M222/2,22:30:07,3,-1,-1,AA7480,0,2,70
T343,M239/1,22:30:17,3,-1,1,AA7341,0,2,404
T306,T314/2,22:30:47,3,-1,1,AA7149,0,2,40
M64,M235/2,22:31:17,3,-1,1,AA7248,0,2,191
T314/2,T408/6,22:32:18,3,-1,-1,AA7149,0,2,30
M239/1,M254,22:32:18,3,-1,1,AA7341,0,2,111
M244,M219,22:32:58,3,-1,2,AA7480,0,2,131
M235/2,M247,22:33:18,3,-1,1,AA7248,0,2,100
T408/6,T343,22:34:29,3,-1,1,AA7149,0,2,100
M219,M50,22:35:20,3,-1,1,AA7480,0,4,131
M254,T316,22:35:20,3,0,1,AB4747,0,4,535
M247,M1/18,22:35:31,3,-1,-1,AA7248,0,4,91
T316,T345/2,22:37:33,3,0,2,AB4747,0,4,122
M50,M239/2,22:38:03,3,-1,1,AA7480,0,4,152
M254,M64,22:38:13,3,-1,2,AA7341,12,4,335
M239/2,M254,22:38:44,3,-1,1,AA7480,0,4,30
T345/2,T344,22:38:54,3,0,1,AB4747,0,4,60
T344,T356/2,22:39:34,3,0,1,AB4747,0,4,30
M1/18,M222/2,22:40:15,3,-1,-1,AA6507,0,4,40
M222/2,M244,22:40:55,3,-1,1,AA6507,0,4,10
T343,M239/1,22:41:56,3,-1,1,AA7149,0,4,406
M64,M235/2,22:42:36,3,-1,1,AA7341,0,4,172
T356/2,T358,22:42:57,3,1,1,AB4747,0,4,111
M244,M219,22:43:17,3,-1,2,AA6507,0,4,50
T358,T373/1,22:43:57,3,1,1,AB4747,0,4,30
M239/1,M254,22:44:07,3,-1,1,AA7149,0,4,121
M235/2,M247,22:44:58,3,-1,1,AA7341,0,2,111
M219,M50,22:45:28,3,-1,1,AA6507,0,2,80
T373/1,T306,22:45:28,3,2,1,AB4747,0,2,60
T306,T314/2,22:46:49,3,2,1,AB4747,0,4,50
M247,M1/18,22:47:19,3,-1,-1,AA7341,0,2,80
T314/2,T408/6,22:48:00,3,2,-1,AB4747,0,2,20
M50,M254,22:48:42,3,-1,1,AA6507,1,2,163
M254,T345/2,22:49:02,3,-1,3,AA7480,1,2,608
M254,M64,22:49:12,3,-1,2,AA7149,12,2,294
T408/6,T343,22:49:52,3,2,1,AB4747,0,2,70
T345/2,T344,22:50:13,3,-1,1,AA7480,0,2,40
T344,T356/2,22:50:53,3,-1,1,AA7480,0,2,30
M64,M235/2,22:50:53,3,-1,1,AA7149,0,2,50
M1/18,M222/2,22:52:34,3,-1,-1,AA7248,0,2,70
M235/2,M247,22:53:04,3,-1,1,AA7149,0,2,121
M222/2,M244,22:54:05,3,-1,2,AA7248,0,2,50
M247,M1/18,22:54:56,3,-1,-1,AA7149,0,2,90
T356/2,T306,22:55:16,3,-1,1,AA7480,2,2,232
T306,T314/2,22:55:56,3,-1,1,AA7480,0,2,30
M244,M219,22:56:37,3,-1,2,AA7248,0,2,50
T343,M239/1,22:57:07,3,1,1,AB4747,0,2,393
M254,T316,22:57:27,3,-1,1,AA6507,0,2,515
M219,M50,22:58:58,3,-1,1,AA7248,0,2,60
M239/1,M254,22:58:58,3,2,1,AB4747,0,2,100
T316,T345/2,22:59:08,3,-1,2,AA6507,0,2,80
T314/2,T343,22:59:08,3,-1,1,AA7480,1,2,141
T345/2,T344,23:00:19,3,-1,-1,AA6507,0,2,40
T344,T356/2,23:01:09,3,-1,-1,AA6507,0,2,30
T356/2,T358,23:02:30,3,-1,-1,AA6507,0,2,50
M50,M254,23:03:00,3,-1,-1,AA7248,1,2,181
T358,T373/1,23:03:34,3,-1,-1,AA6507,0,2,23
M1/18,M222/2,23:03:54,3,-1,-1,AA7341,0,2,63
M254,M64,23:04:14,3,2,-1,AB4747,12,2,296
T373/1,T306,23:05:05,3,-1,1,AA6507,0,2,60
M64,M235/2,23:05:55,3,2,1,AB4747,0,2,50
T306,T314/2,23:06:05,3,-1,1,AA6507,0,2,30
M222/2,M244,23:06:15,3,-1,2,AA7341,0,2,90
T314/2,T408/6,23:07:36,3,-1,-1,AA6507,0,2,30
M244,M219,23:08:27,3,-1,2,AA7341,0,2,101
T343,M254,23:08:47,3,-1,1,AA7480,1,2,568
M235/2,M247,23:08:47,3,2,1,AB4747,0,2,161
T408/6,T343,23:09:48,3,-1,1,AA6507,0,2,70
M219,M50,23:10:28,3,-1,1,AA7341,0,2,90
M247,M1/18,23:10:38,3,-1,-1,AB4747,0,2,80
M254,T316,23:12:09,3,-1,2,AA7248,0,2,538
M50,M254,23:13:32,3,-1,1,AA7341,1,2,153
M1/18,M222/2,23:13:52,3,-1,-1,AA7149,0,2,20
T316,T345/2,23:14:02,3,-1,2,AA7248,0,2,103
M254,M64,23:14:12,3,-1,2,AA7480,12,2,315
T345/2,T344,23:15:23,3,-1,1,AA7248,0,2,60
M222/2,M244,23:15:53,3,-1,2,AA7149,0,2,60
T344,T356/2,23:16:14,3,-1,1,AA7248,0,2,30
M64,M235/2,23:16:24,3,-1,1,AA7480,0,2,60
T343,M239/1,23:16:55,3,-1,1,AA6507,0,2,387
T356/2,T358,23:17:46,3,-1,1,AA7248,0,2,60
M244,M219,23:18:06,3,-1,2,AA7149,0,2,90
M239/1,M254,23:18:16,3,-1,1,AA6507,0,2,70
T358,T373/1,23:18:36,3,-1,1,AA7248,0,2,20
M219,M50,23:20:17,3,-1,1,AA7149,0,2,80
T373/1,T306,23:20:17,3,-1,1,AA7248,0,2,60
M235/2,M1/18,23:20:27,3,-1,-1,AA7480,1,2,232
T306,T314/2,23:21:18,3,-1,1,AA7248,0,2,30
T314/2,T408/6,23:22:49,3,-1,-1,AA7248,0,2,40
M254,T316,23:22:59,3,-1,1,AA7341,0,2,556
M254,M64,23:23:19,3,-1,2,AA6507,12,2,293
T316,T345/2,23:25:10,3,-1,1,AA7341,0,2,121
T408/6,T343,23:25:10,3,-1,1,AA7248,0,2,111
M64,M235/2,23:25:42,3,-1,1,AA6507,0,2,102
T345/2,T344,23:26:23,3,-1,1,AA7341,0,2,50
T344,T356/2,23:27:14,3,-1,1,AA7341,0,2,20
M235/2,M247,23:28:35,3,-1,1,AA6507,0,2,152
T356/2,T358,23:29:36,3,-1,1,AA7341,0,2,90
T358,T373/1,23:30:26,3,-1,1,AA7341,0,2,20
M247,M1/18,23:30:56,3,-1,-1,AA6507,0,2,90
T373/1,T306,23:32:27,3,-1,1,AA7341,0,2,80
M50,T316,23:32:37,3,-1,1,AA7149,2,2,709
T306,T314/2,23:33:28,3,-1,1,AA7341,0,2,30
T343,M254,23:34:08,3,-1,1,AA7248,1,2,506
M1/18,M222/2,23:34:39,3,1,-1,AB4747,0,2,90
T316,T345/2,23:34:39,3,-1,1,AA7149,0,2,111
T314/2,T408/6,23:34:59,3,-1,-1,AA7341,0,2,20
T345/2,T344,23:35:50,3,-1,1,AA7149,0,2,50
M222/2,M244,23:36:10,3,1,3,AB4747,0,2,50
T344,T356/2,23:36:52,3,-1,1,AA7149,0,2,32
T408/6,T343,23:37:02,3,-1,1,AA7341,0,2,82
M244,M219,23:38:04,3,1,2,AB4747,0,4,41
T356/2,T358,23:39:55,3,-1,1,AA7149,0,4,162
M254,M64,23:40:06,3,-1,2,AA7248,12,4,337
M219,M50,23:40:26,3,1,1,AB4747,0,4,100
T358,T373/1,23:40:56,3,-1,1,AA7149,0,2,30
T373/1,T306,23:42:07,3,-1,1,AA7149,0,2,60
M64,M235/2,23:42:27,3,-1,1,AA7248,0,2,100
T306,T314/2,23:43:17,3,-1,1,AA7149,0,2,40
M50,M254,23:43:28,3,0,1,AB4747,1,2,151
M235/2,M247,23:44:08,3,-1,1,AA7248,0,2,70
T343,M239/1,23:44:18,3,-1,1,AA7341,0,2,393
T314/2,T408/6,23:44:28,3,-1,-1,AA7149,0,2,40
M239/1,M254,23:46:19,3,-1,1,AA7341,0,2,111
M247,M1/18,23:46:39,3,-1,-1,AA7248,0,2,101
T408/6,T343,23:47:00,3,-1,1,AA7149,0,2,101
M254,M64,23:51:35,3,-1,2,AA7341,12,2,295
M254,T316,23:51:55,3,0,1,AB4747,0,2,497
M1/18,M222/2,23:52:46,3,-1,-1,AA6507,0,2,20
M222/2,M244,23:53:57,3,-1,1,AA6507,0,2,20
T316,T345/2,23:54:07,3,0,2,AB4747,0,2,121
M64,M235/2,23:54:07,3,-1,1,AA7341,0,2,101
T343,M239/1,23:54:37,3,-1,1,AA7149,0,2,416
T345/2,T344,23:54:57,3,0,1,AB4747,0,2,30
T344,T356/2,23:55:58,3,1,1,AB4747,0,2,20
M239/1,M254,23:55:58,3,-1,1,AA7149,0,2,70
M235/2,M247,23:56:08,3,-1,1,AA7341,0,2,111
M244,M219,23:56:38,3,-1,1,AA6507,0,2,90
T356/2,T358,23:57:39,3,1,1,AB4747,0,2,80
M247,M1/18,23:57:49,3,-1,-1,AA7341,0,2,90
T358,T373/1,23:58:34,3,2,1,AB4747,0,2,35
M219,M50,23:58:55,3,-1,1,AA6507,0,2,106
T373/1,T306,23:59:45,3,2,1,AB4747,0,2,50
T306,T314/2,0:00:26,4,2,1,AB4747,0,2,30
M254,M64,0:01:36,4,-1,2,AA7149,12,2,318
T314/2,T408/6,0:01:46,4,2,-1,AB4747,0,2,20
M50,M254,0:01:57,4,-1,1,AA6507,1,2,151
T408/6,T343,0:03:27,4,3,1,AB4747,0,2,80
M64,M235/2,0:04:08,4,-1,1,AA7149,0,2,121
M235/2,M247,0:06:29,4,-1,1,AA7149,0,2,121
M247,M1/18,0:08:34,4,-1,-1,AA7149,0,2,84
M254,T316,0:10:56,4,-1,1,AA6507,0,2,528
T343,M254,0:11:56,4,2,1,AB4747,1,2,468
T316,T345/2,0:12:47,4,-1,2,AA6507,0,2,100
M1/18,M222/2,0:13:27,4,-1,-1,AA7341,0,2,80
T345/2,T344,0:14:07,4,-1,1,AA6507,0,2,50
T344,T356/2,0:14:58,4,-1,1,AA6507,0,2,20
M222/2,M219,0:16:29,4,-1,1,AA7341,1,2,151
M254,M64,0:16:49,4,3,2,AB4747,12,2,282
T356/2,T358,0:16:59,4,-1,1,AA6507,0,2,50
T358,T373/1,0:17:29,4,-1,1,AA6507,0,2,20
M219,M50,0:18:43,4,-1,1,AA7341,0,2,93
T373/1,T306,0:19:03,4,-1,1,AA6507,0,2,53
M64,M235/2,0:19:03,4,3,1,AB4747,0,2,103
T306,T314/2,0:19:44,4,-1,1,AA6507,0,2,30
M235/2,M247,0:20:34,4,3,1,AB4747,0,2,80
T314/2,T408/6,0:21:04,4,-1,-1,AA6507,0,2,40
T408/6,T343,0:22:35,4,-1,1,AA6507,0,2,70
M247,M1/18,0:22:46,4,-1,-1,AB4747,0,2,91
M50,T316,0:30:31,4,-1,1,AA7341,2,2,688
T343,M254,0:31:22,4,-1,1,AA6507,1,2,496
M1/18,M222/2,0:31:52,4,-1,-1,AA7149,0,2,40
T316,T345/2,0:31:52,4,-1,1,AA7341,0,2,70
T345/2,T344,0:32:44,4,-1,1,AA7341,0,2,30
M222/2,M244,0:33:04,4,-1,1,AA7149,0,2,40
T344,T356/2,0:33:24,4,-1,1,AA7341,0,2,30
M244,M219,0:34:55,4,-1,1,AA7149,0,2,40
T356/2,T358,0:35:26,4,-1,1,AA7341,0,2,90
T358,T373/1,0:36:16,4,-1,1,AA7341,0,2,20
M254,M64,0:36:36,4,-1,2,AA6507,12,2,294
M219,M50,0:37:07,4,-1,1,AA7149,0,2,90
T373/1,T306,0:37:27,4,-1,1,AA7341,0,2,60
T306,T314/2,0:38:07,4,-1,1,AA7341,0,2,30
M64,M235/2,0:39:08,4,-1,1,AA6507,0,2,100
T314/2,T408/6,0:39:18,4,-1,-1,AA7341,0,2,30
M50,M254,0:40:08,4,-1,1,AA7149,1,2,151
T408/6,T343,0:41:09,4,-1,1,AA7341,0,2,90
M235/2,M247,0:41:09,4,-1,1,AA6507,0,2,111
M247,M1/18,0:43:00,4,-1,-1,AA6507,0,2,90
M1/18,M222/2,0:47:50,4,0,-1,AB4747,0,2,20
M222/2,M244,0:48:53,4,0,1,AB4747,0,2,43
M254,T316,0:49:03,4,-1,1,AA7149,0,2,524
T343,M254,0:49:03,4,-1,1,AA7341,1,2,454
T316,T345/2,0:51:05,4,-1,-1,AA7149,0,2,111
M244,M219,0:51:15,4,0,1,AB4747,0,2,101
M219,M50,0:52:05,4,0,1,AB4747,0,2,20
T345/2,T344,0:52:15,4,-1,1,AA7149,0,2,50
M254,M64,0:53:36,4,-1,2,AA7341,12,2,252
M50,M254,0:54:47,4,0,1,AB4747,1,2,151
T344,T358,0:54:47,4,-1,1,AA7149,1,2,131
T358,T373/1,0:55:17,4,-1,1,AA7149,0,3,20
M64,M235/2,0:55:47,4,-1,1,AA7341,0,3,90
T373/1,T306,0:56:38,4,-1,1,AA7149,0,3,50
M235/2,M247,0:57:08,4,-1,1,AA7341,0,3,70
T306,T314/2,0:57:49,4,-1,1,AA7149,0,3,40
T314/2,T408/6,0:58:39,4,-1,-1,AA7149,0,3,20
M247,M1/18,0:58:39,4,-1,-1,AA7341,0,3,80
T408/6,T343,1:00:34,4,-1,1,AA7149,0,3,84
M254,T316,1:03:06,4,0,1,AB4747,0,3,488
T316,T345/2,1:04:47,4,0,1,AB4747,0,3,60
M1/18,M222/2,1:05:27,4,-1,-1,AA6507,0,3,50
T345/2,T344,1:05:27,4,0,1,AB4747,0,3,20
T344,T356/2,1:06:07,4,0,1,AB4747,0,3,20
M222/2,M244,1:07:18,4,-1,1,AA6507,0,3,70
T343,M239/1,1:07:18,4,-1,1,AA7149,0,3,393
T356/2,T358,1:07:48,4,0,1,AB4747,0,3,90
T358,T373/1,1:08:29,4,0,1,AB4747,0,3,30
M239/1,M254,1:08:49,4,-1,1,AA7149,0,3,70
M244,M219,1:09:50,4,-1,1,AA6507,0,3,141
T373/1,T306,1:09:50,4,0,1,AB4747,0,3,60
M219,M50,1:10:20,4,-1,1,AA6507,0,3,10
T306,T314/2,1:10:52,4,0,1,AB4747,0,3,31
T314/2,T408/6,1:11:42,4,0,-1,AB4747,0,3,20
T408/6,T343,1:13:03,4,0,1,AB4747,0,3,50
M50,M254,1:13:33,4,-1,1,AA6507,1,3,151
M254,M64,1:13:44,4,-1,2,AA7149,12,3,274
M64,M235/2,1:15:55,4,-1,1,AA7149,0,3,60
M235/2,M247,1:18:27,4,-1,1,AA7149,0,3,112
T343,M239/1,1:19:28,4,0,1,AB4747,0,3,354
M247,M1/18,1:20:19,4,-1,-1,AA7149,0,3,90
M239/1,M254,1:20:53,4,0,1,AB4747,0,3,74
M1/18,M222/2,1:21:53,4,-1,-1,AA7341,0,3,50
M254,T316,1:22:14,4,-1,1,AA6507,0,3,510
M222/2,M244,1:23:04,4,-1,1,AA7341,0,3,40
T316,T345/2,1:23:34,4,-1,-1,AA6507,0,3,70
M244,M219,1:24:45,4,-1,1,AA7341,0,3,40
T345/2,T344,1:24:45,4,-1,1,AA6507,0,3,40
T344,T356/2,1:25:25,4,-1,1,AA6507,0,3,30
M254,M64,1:25:25,4,0,2,AB4747,12,3,242
M219,M50,1:25:36,4,-1,1,AA7341,0,3,20
T356/2,T358,1:27:06,4,-1,1,AA6507,0,3,90
M64,M235/2,1:27:37,4,0,1,AB4747,0,3,60
T358,T373/1,1:28:07,4,-1,1,AA6507,0,3,20
M50,M254,1:28:17,4,-1,1,AA7341,1,3,151
T373/1,T306,1:29:28,4,-1,1,AA6507,0,3,60
T306,T314/2,1:30:08,4,-1,1,AA6507,0,3,30
M235/2,M247,1:30:18,4,0,1,AB4747,0,3,121
T314/2,T408/6,1:31:19,4,-1,-1,AA6507,0,3,30
M247,M1/18,1:31:59,4,-1,-1,AB4747,0,3,90
T408/6,T343,1:33:21,4,-1,1,AA6507,0,3,71
M254,T316,1:37:05,4,-1,2,AA7341,0,3,517
T316,T345/2,1:38:36,4,-1,3,AA7341,0,3,80
T343,M239/1,1:40:07,4,-1,1,AA6507,0,3,363
T345/2,T344,1:41:28,4,-1,1,AA7341,0,3,50
M239/1,M254,1:41:38,4,-1,1,AA6507,0,3,80
T344,T356/2,1:42:19,4,-1,1,AA7341,0,3,30
T356/2,T358,1:43:40,4,-1,1,AA7341,0,3,50
T358,T373/1,1:44:31,4,-1,1,AA7341,0,3,20
T373/1,T306,1:45:44,4,-1,1,AA7341,0,3,52
M254,M64,1:46:24,4,-1,2,AA6507,12,3,275
T306,T314/2,1:47:05,4,-1,1,AA7341,0,3,40
T314/2,T408/6,1:48:05,4,-1,-1,AA7341,0,3,30
M64,M235/2,1:49:06,4,-1,1,AA6507,0,3,121
T408/6,T343,1:50:07,4,-1,1,AA7341,0,3,101
M235/2,M247,1:50:37,4,-1,1,AA6507,0,3,60
M247,M1/18,1:52:08,4,-1,-1,AA6507,0,3,80
T343,M239/1,1:56:35,4,-1,1,AA7341,0,3,367
M239/1,M254,1:58:26,4,-1,1,AA7341,0,3,101
M254,M64,2:03:50,4,-1,2,AA7341,12,3,303
M64,M235/2,2:05:56,4,-1,1,AA7341,0,3,115
M235/2,M247,2:07:57,4,-1,1,AA7341,0,3,111
M247,M1/18,2:09:49,4,-1,-1,AA7341,0,3,60
M1/18,M222/2,6:01:44,4,-1,-1,AA7301,0,2,70
M222/2,M244,6:04:37,4,-1,2,AA7301,0,2,101
M244,M219,6:06:18,4,-1,2,AA7301,0,2,30
M219,M50,6:08:20,4,-1,1,AA7301,0,2,40
M1/18,M222/2,6:10:43,4,-1,-1,AA7392,0,2,50
M222/2,M244,6:12:14,4,-1,3,AA7392,0,2,70
M244,M219,6:14:56,4,-1,2,AA7392,0,2,80
M219,M50,6:16:37,4,-1,1,AA7392,0,2,40
M50,T316,6:16:57,4,-1,1,AA7301,2,2,487
M1/18,M222/2,6:18:28,4,-1,-1,AA7242,0,2,30
T316,T345/2,6:19:29,4,-1,-1,AA7301,0,2,131
M222/2,M244,6:19:49,4,-1,3,AA7242,0,2,30
T345/2,T344,6:21:00,4,-1,1,AA7301,0,2,80
M244,M219,6:21:33,4,-1,2,AA7242,0,2,42
T344,T356/2,6:22:03,4,-1,1,AA7301,0,2,30
T356/2,T358,6:23:55,4,-1,1,AA7301,0,2,70
T358,T373/1,6:24:36,4,-1,1,AA7301,0,2,30
M50,T316,6:24:56,4,-1,1,AA7392,2,2,468
T373/1,T306,6:26:07,4,-1,1,AA7301,0,2,70
T316,T345/2,6:26:47,4,-1,-1,AA7392,0,2,91
T306,T314/2,6:26:47,4,-1,1,AA7301,0,2,20
M1/18,M222/2,6:26:57,4,-1,-1,AA6507,0,2,40
T345/2,T344,6:27:58,4,-1,1,AA7392,0,2,40
T314/2,T408/6,6:28:08,4,-1,-1,AA7301,0,2,30
M222/2,M244,6:28:18,4,-1,2,AA6507,0,2,40
T344,T356/2,6:28:59,4,-1,1,AA7392,0,2,30
M244,M219,6:29:49,4,-1,2,AA6507,0,2,30
T408/6,T343,6:29:59,4,-1,1,AA7301,0,2,80
T356/2,T358,6:30:50,4,-1,1,AA7392,0,2,101
T358,T373/1,6:31:33,4,-1,1,AA7392,0,2,32
T373/1,T306,6:32:44,4,-1,1,AA7392,0,2,60
M219,T345/2,6:33:24,4,-1,-1,AA7242,4,2,671
T306,T314/2,6:33:24,4,-1,1,AA7392,0,2,30
T345/2,T344,6:34:35,4,-1,1,AA7242,0,2,40
T314/2,T408/6,6:34:55,4,-1,-1,AA7392,0,2,40
T344,T356/2,6:35:46,4,-1,1,AA7242,0,2,30
M1/18,M222/2,6:36:26,4,-1,-1,AA6835,0,2,40
T408/6,T343,6:36:46,4,-1,1,AA7392,0,2,80
T343,M239/1,6:37:17,4,-1,3,AA7301,0,2,386
M222/2,M244,6:38:07,4,-1,2,AA6835,0,2,60
T356/2,T373/1,6:38:17,4,-1,1,AA7242,1,2,121
T373/1,T306,6:39:38,4,-1,1,AA7242,0,2,50
M244,M219,6:39:59,4,-1,2,AA6835,0,2,30
M219,T316,6:39:59,4,-1,1,AA6507,3,2,548
T306,T314/2,6:40:29,4,-1,1,AA7242,0,2,30
T314/2,T408/6,6:41:50,4,-1,-1,AA7242,0,2,40
T316,T345/2,6:42:44,4,-1,1,AA6507,0,2,145
T345/2,T344,6:43:45,4,-1,1,AA6507,0,2,50
T408/6,T343,6:43:55,4,-1,1,AA7242,0,2,105
T343,M239/1,6:43:55,4,-1,1,AA7392,0,2,408
T344,T356/2,6:44:26,4,-1,1,AA6507,0,2,30
T356/2,T358,6:46:27,4,-1,1,AA6507,0,2,101
T358,T373/1,6:47:28,4,-1,1,AA6507,0,2,30
M1/18,M222/2,6:48:08,4,-1,-1,AA7341,0,2,20
T373/1,T306,6:48:48,4,-1,1,AA6507,0,2,60
M239/1,M235/2,6:49:29,4,-1,1,AA7301,2,2,722
M222/2,M244,6:49:49,4,-1,2,AA7341,0,2,40
T306,T314/2,6:49:59,4,-1,1,AA6507,0,2,40
M219,T316,6:51:02,4,-1,1,AA6835,3,2,652
T314/2,T408/6,6:51:02,4,-1,-1,AA6507,0,2,30
T343,M239/1,6:51:02,4,-1,2,AA7242,0,2,396
M235/2,M247,6:51:12,4,-1,1,AA7301,0,2,92
M244,M219,6:51:43,4,-1,2,AA7341,0,2,40
M247,M1/18,6:52:54,4,-1,-1,AA7301,0,2,81
T408/6,T343,6:53:24,4,-1,1,AA6507,0,2,91
T316,T345/2,6:53:44,4,-1,2,AA6835,0,2,121
T345/2,T344,6:54:46,4,-1,1,AA6835,0,2,51
T344,T356/2,6:55:47,4,-1,1,AA6835,0,2,20
T356/2,T358,6:57:18,4,-1,1,AA6835,0,2,60
M239/1,M235/2,6:57:48,4,-1,1,AA7392,2,2,822
T358,T373/1,6:57:58,4,-1,1,AA6835,0,2,10
M1/18,M222/2,6:59:09,4,-1,-1,AA7301,0,2,30
T373/1,T306,6:59:29,4,-1,1,AA6835,0,2,50
T306,T314/2,7:00:33,4,-1,1,AA6835,0,2,33
M235/2,M247,7:00:33,4,-1,1,AA7392,0,2,103
M222/2,M244,7:01:13,4,-1,2,AA7301,0,2,20
T314/2,T408/6,7:01:33,4,-1,-1,AA6835,0,2,30
M219,T316,7:02:24,4,-1,1,AA7341,3,2,549
M247,M1/18,7:02:34,4,-1,-1,AA7392,0,2,91
M244,M219,7:03:14,4,-1,2,AA7301,0,2,111
T408/6,T343,7:03:45,4,-1,1,AA6835,0,2,111
T316,T345/2,7:04:56,4,-1,2,AA7341,0,2,112
T345/2,T344,7:06:27,4,-1,1,AA7341,0,2,50
T344,T356/2,7:07:48,4,-1,1,AA7341,0,2,30
M239/1,M235/2,7:07:48,4,-1,1,AA7242,2,2,996
T356/2,T358,7:09:40,4,-1,1,AA7341,0,2,70
M235/2,M247,7:10:00,4,-1,1,AA7242,0,2,111
M1/18,M222/2,7:10:32,4,-1,-1,AA7392,0,2,72
T358,T373/1,7:10:32,4,-1,-1,AA7341,0,2,21
T343,M239/1,7:10:52,4,-1,-1,AA6835,0,2,406
M247,M1/18,7:11:54,4,-1,-1,AA7242,0,2,82
T373/1,T306,7:12:04,4,-1,-1,AA7341,0,2,52
M222/2,M244,7:12:14,4,-1,-1,AA7392,0,2,52
M219,T316,7:13:26,4,-1,-1,AA7301,3,2,529
T306,T314/2,7:13:26,4,-1,-1,AA7341,0,2,41
T316,T345/2,7:14:57,4,-1,-1,AA7301,0,2,80
M244,M219,7:15:07,4,-1,2,AA7392,0,2,91
T314/2,T408/6,7:15:18,4,-1,-1,AA7341,0,2,71
T345/2,T344,7:16:39,4,-1,1,AA7301,0,2,81
T344,T356/2,7:17:43,4,-1,1,AA7301,0,2,33
T408/6,T343,7:17:43,4,-1,1,AA7341,0,2,84
M235/2,M247,7:18:04,4,-1,1,AA6507,0,2,63
T356/2,T358,7:19:24,4,-1,1,AA7301,0,2,60
M1/18,M222/2,7:20:17,4,-1,-1,AA7167,0,2,103
T358,T373/1,7:20:17,4,-1,1,AA7301,0,2,20
M247,M1/18,7:20:17,4,-1,-1,AA6507,0,2,92
T373/1,T306,7:21:38,4,-1,1,AA7301,0,2,60
M222/2,M244,7:22:18,4,-1,2,AA7167,0,2,70
T306,T314/2,7:22:49,4,-1,1,AA7301,0,2,40
T314/2,T408/6,7:24:10,4,-1,-1,AA7301,0,2,30
M244,M219,7:25:03,4,-1,2,AA7167,0,2,63
T343,M239/1,7:26:04,4,-1,-1,AA7341,0,2,429
T408/6,T343,7:26:24,4,-1,1,AA7301,0,2,101
M219,T316,7:26:34,4,-1,2,AA7392,3,2,636
T316,T345/2,7:28:26,4,-1,2,AA7392,0,2,101
M1/18,M222/2,7:29:47,4,-1,-1,AA7242,0,2,80
T345/2,T344,7:29:47,4,-1,1,AA7392,0,2,40
T344,T356/2,7:30:47,4,-1,1,AA7392,0,2,20
M222/2,M244,7:31:28,4,-1,2,AA7242,0,2,60
T356/2,T358,7:32:49,4,-1,1,AA7392,0,2,81
T358,T373/1,7:34:00,4,-1,1,AA7392,0,2,30
T343,M239/1,7:34:00,4,-1,1,AA7301,0,2,404
T373/1,T306,7:35:34,4,-1,1,AA7392,0,2,74
M244,M219,7:35:44,4,-1,3,AA7242,0,2,246
T306,T314/2,7:36:45,4,-1,1,AA7392,0,2,40
M235/2,M247,7:36:55,4,-1,1,AA6835,0,2,246
T314/2,T408/6,7:38:06,4,-1,-1,AA7392,0,2,40
M1/18,M222/2,7:39:47,4,-1,-1,AA6507,0,2,80
M219,T316,7:40:08,4,-1,1,AA7167,3,2,873
M247,M1/18,7:40:08,4,-1,-1,AA6835,0,2,80
T408/6,T343,7:40:48,4,-1,1,AA7392,0,2,131
T316,T345/2,7:41:59,4,-1,2,AA7167,0,2,101
T345/2,T344,7:43:34,4,-1,1,AA7167,0,2,64
T344,T356/2,7:44:36,4,-1,1,AA7167,0,2,31
M222/2,M219,7:45:37,4,-1,2,AA6507,1,2,278
T356/2,T358,7:46:47,4,-1,1,AA7167,0,2,91
T358,T373/1,7:47:38,4,-1,1,AA7167,0,2,20
M219,T316,7:48:18,4,-1,1,AA7242,3,2,662
T343,M239/1,7:48:39,4,-1,2,AA7392,0,2,430
T373/1,T306,7:49:09,4,-1,1,AA7167,0,2,70
T306,T314/2,7:50:10,4,-1,1,AA7167,0,2,30
T316,T345/2,7:50:42,4,-1,2,AA7242,0,2,113
M1/18,M222/2,7:51:03,4,-1,-1,AA6835,0,2,72
T314/2,T408/6,7:51:23,4,-1,-1,AA7167,0,2,30
M235/2,M247,7:51:43,4,-1,1,AA7341,0,2,184
T345/2,T344,7:52:03,4,-1,1,AA7242,0,2,60
T344,T356/2,7:53:14,4,-1,1,AA7242,0,2,30
T408/6,T343,7:54:05,4,-1,1,AA7167,0,2,131
M247,M1/18,7:54:35,4,-1,-1,AA7341,0,2,111
M222/2,M244,7:54:45,4,-1,2,AA6835,0,2,131
T356/2,T358,7:55:05,4,-1,1,AA7242,0,2,50
T358,T373/1,7:56:06,4,-1,1,AA7242,0,2,30
T373/1,T306,7:57:27,4,-1,1,AA7242,0,2,40
M219,T316,7:57:37,4,-1,1,AA6507,3,2,619
M244,M219,7:58:08,4,-1,2,AA6835,0,2,182
T306,T314/2,7:58:28,4,-1,1,AA7242,0,2,30
M235/2,M247,7:58:38,4,-1,1,AA7301,0,2,131
T316,T345/2,8:00:50,4,-1,2,AA6507,0,2,161
T314/2,T408/6,8:00:50,4,-1,-1,AA7242,0,2,50
M247,M1/18,8:00:50,4,-1,-1,AA7301,0,2,101
T345/2,T344,8:02:21,4,-1,1,AA6507,0,2,60
T343,M239/1,8:02:32,4,-1,-1,AA7167,0,2,467
M1/18,M222/2,8:02:53,4,-1,-1,AA7341,0,2,112
T408/6,T343,8:02:53,4,-1,1,AA7242,0,2,82
T344,T356/2,8:03:34,4,-1,1,AA6507,0,2,31
T356/2,T358,8:05:25,4,-1,1,AA6507,0,2,91
T358,T373/1,8:06:06,4,-1,1,AA6507,0,2,20
M222/2,M244,8:06:36,4,-1,3,AA7341,0,2,101
T373/1,T306,8:08:07,4,-1,1,AA6507,0,2,91
M1/18,M222/2,8:08:28,4,0,-1,AC3786,0,2,60
M219,T316,8:09:08,4,-1,1,AA6835,3,2,549
T306,T314/2,8:09:08,4,-1,1,AA6507,0,2,40
M222/2,M244,8:09:38,4,0,3,AC3786,0,2,30
M244,M219,8:10:19,4,-1,2,AA7341,0,2,192
T343,M239/1,8:10:39,4,-1,1,AA7242,0,2,414
T314/2,T408/6,8:10:49,4,-1,-1,AA6507,0,2,60
T316,T345/2,8:11:44,4,-1,2,AA6835,0,2,125
T408/6,T343,8:13:15,4,-1,1,AA6507,0,2,115
M244,M219,8:13:36,4,0,2,AC3786,0,2,176
T345/2,T344,8:13:36,4,-1,1,AA6835,0,2,91
T344,T356/2,8:14:36,4,-1,1,AA6835,0,2,30
T356/2,T358,8:17:18,4,-1,1,AA6835,0,2,111
M1/18,M222/2,8:17:39,4,-1,-1,AA7301,0,2,81
M235/2,M247,8:17:49,4,-1,1,AA7392,0,2,91
T358,T373/1,8:18:19,4,-1,1,AA6835,0,2,20
M247,M1/18,8:20:04,4,-1,-1,AA7392,0,2,84
M222/2,M244,8:20:35,4,-1,3,AA7301,0,2,125
T373/1,T306,8:20:45,4,-1,1,AA6835,0,2,115
T343,M239/1,8:20:55,4,-1,-1,AA6507,0,2,409
T306,T314/2,8:21:56,4,-1,1,AA6835,0,2,40
T314/2,T408/6,8:23:17,4,-1,-1,AA6835,0,2,40
M219,T316,8:23:27,4,-1,1,AA7341,3,2,632
M244,M219,8:23:57,4,-1,2,AA7301,0,2,121
M219,T316,8:25:28,4,0,2,AC3786,3,2,621
T316,T345/2,8:25:59,4,-1,2,AA7341,0,2,141
T408/6,T343,8:26:19,4,-1,1,AA6835,0,2,141
M1/18,M222/2,8:27:00,4,-1,-1,AA7489,0,2,101
M219,M50,8:27:00,4,-1,1,AA7301,0,2,121
T345/2,T344,8:27:20,4,-1,1,AA7341,0,2,70
M235/2,M247,8:27:30,4,-1,1,AA7167,0,2,141
T316,T345/2,8:28:00,4,0,2,AC3786,0,2,131
T344,T356/2,8:28:31,4,-1,1,AA7341,0,2,30
M222/2,M244,8:28:41,4,-1,3,AA7489,0,2,50
T345/2,T344,8:29:22,4,0,1,AC3786,0,2,50
M247,M1/18,8:29:54,4,-1,-1,AA7167,0,2,103
T344,T356/2,8:30:04,4,0,1,AC3786,0,2,30
T356/2,T358,8:31:05,4,-1,1,AA7341,0,2,113
M244,M219,8:31:46,4,-1,3,AA7489,0,2,101
T358,T373/1,8:32:16,4,-1,2,AA7341,0,2,30
T356/2,T358,8:32:57,4,0,1,AC3786,0,2,141
T358,T373/1,8:33:47,4,0,2,AC3786,0,2,30
T343,M239/1,8:34:08,4,-1,-1,AA6835,0,2,427
T373/1,T306,8:34:38,4,-1,2,AA7341,0,2,101
M235/2,M247,8:34:38,4,-1,1,AA7242,0,2,111
M50,T316,8:34:58,4,-1,2,AA7301,2,2,448
T373/1,T306,8:35:49,4,0,2,AC3786,0,2,101
T306,T314/2,8:36:09,4,-1,1,AA7341,0,2,40
T306,T314/2,8:36:50,4,0,1,AC3786,0,2,40
T316,T345/2,8:37:33,4,-1,2,AA7301,0,2,144
T314/2,T408/6,8:37:33,4,-1,-1,AA7341,0,2,43
M1/18,M222/2,8:38:03,4,-1,-1,AA7392,0,2,165
T314/2,T408/6,8:38:03,4,0,-1,AC3786,0,2,42
M247,M1/18,8:38:54,4,-1,-1,AA7242,0,2,165
T345/2,T344,8:39:14,4,-1,1,AA7301,0,2,50
M222/2,M244,8:39:35,4,-1,2,AA7392,0,2,81
T408/6,T343,8:40:05,4,-1,1,AA7341,0,2,81
M239/1,M235/2,8:40:05,4,-1,1,AA6507,2,2,1139
T344,T356/2,8:40:25,4,-1,1,AA7301,0,2,30
T408/6,T343,8:40:46,4,0,1,AC3786,0,2,111
M235/2,M247,8:41:57,4,-1,1,AA6507,0,2,101
T356/2,T358,8:43:07,4,-1,1,AA7301,0,2,131
M244,M219,8:43:28,4,-1,3,AA7392,0,2,101
T358,T373/1,8:44:08,4,-1,1,AA7301,0,2,30
M247,M1/18,8:44:28,4,-1,-1,AA6507,0,2,111
M219,T316,8:44:49,4,-1,2,AA7489,3,2,711
M219,M50,8:45:49,4,-1,1,AA7392,0,2,70
T373/1,T306,8:47:14,4,-1,1,AA7301,0,2,124
T316,T345/2,8:47:24,4,-1,2,AA7489,0,2,145
T343,M239/1,8:48:05,4,0,3,AC3786,0,2,418
M239/1,M235/2,8:48:05,4,-1,1,AA6835,2,2,826
T306,T314/2,8:48:25,4,-1,1,AA7301,0,2,40
T343,M239/1,8:48:25,4,-1,3,AA7341,0,2,439
T345/2,T344,8:49:26,4,-1,1,AA7489,0,2,70
M222/2,M244,8:49:36,4,-1,2,AA7167,0,2,91
T314/2,T408/6,8:50:16,4,-1,-1,AA7301,0,2,40
T344,T356/2,8:50:26,4,-1,1,AA7489,0,2,30
M235/2,M247,8:51:27,4,-1,1,AA6835,0,2,182
T408/6,T343,8:52:48,4,-1,1,AA7301,0,2,121
M247,M1/18,8:53:29,4,-1,-1,AA6835,0,2,91
M244,M219,8:53:49,4,-1,2,AA7167,0,2,141
M50,T316,8:53:59,4,-1,2,AA7392,2,2,445
T356/2,T358,8:54:49,4,-1,1,AA7489,0,2,242
T358,T373/1,8:55:33,4,-1,1,AA7489,0,2,33
T316,T345/2,8:56:34,4,-1,2,AA7392,0,2,144
M1/18,M222/2,8:57:14,4,-1,-1,AA7242,0,2,50
T373/1,T306,8:58:15,4,-1,2,AA7489,0,2,131
M222/2,M244,8:58:35,4,-1,3,AA7242,0,2,60
T345/2,T344,8:58:45,4,-1,1,AA7392,0,2,101
T306,T314/2,8:59:16,4,-1,1,AA7489,0,2,50
T344,T356/2,8:59:46,4,-1,1,AA7392,0,2,20
T343,M239/1,9:00:16,4,-1,3,AA7301,0,2,367
T314/2,T408/6,9:00:47,4,-1,-1,AA7489,0,2,80
T408/6,T343,9:02:48,4,-1,1,AA7489,0,2,70
T356/2,T358,9:02:58,4,-1,1,AA7392,0,2,161
M244,M219,9:03:49,4,-1,2,AA7242,0,2,141
T358,T373/1,9:03:59,4,-1,1,AA7392,0,2,30
M219,T316,9:04:29,4,-1,2,AA7167,3,2,579
T373/1,T306,9:06:36,4,-1,3,AA7392,0,2,86
T306,T314/2,9:07:17,4,-1,1,AA7392,0,2,30
M239/1,M235/2,9:07:17,4,0,1,AC3786,2,2,1142
M239/1,M235/2,9:07:27,4,-1,1,AA7341,2,2,1121
T316,T345/2,9:07:37,4,-1,2,AA7167,0,2,177
T345/2,T344,9:09:08,4,-1,1,AA7167,0,2,50
T314/2,T408/6,9:09:38,4,-1,-1,AA7392,0,2,50
T344,T356/2,9:09:59,4,-1,1,AA7167,0,2,30
M235/2,M247,9:10:34,4,0,1,AC3786,0,2,187
M235/2,M247,9:10:44,4,-1,1,AA7341,0,2,166
T356/2,T358,9:11:25,4,-1,1,AA7167,0,2,50
T343,M239/1,9:11:55,4,-1,1,AA7489,0,2,465
T358,T373/1,9:12:05,4,-1,2,AA7167,0,2,30
T408/6,T343,9:12:15,4,-1,1,AA7392,0,2,125
M222/2,M244,9:12:36,4,-1,2,AA6507,0,2,70
M247,M1/18,9:12:46,4,-1,-1,AC3786,0,2,101
M247,M1/18,9:12:56,4,-1,-1,AA7341,0,2,101
T373/1,T306,9:13:36,4,-1,2,AA7167,0,2,60
M219,T316,9:14:27,4,-1,1,AA7242,3,2,511
T306,T314/2,9:14:27,4,-1,1,AA7167,0,2,30
T314/2,T408/6,9:15:38,4,-1,-1,AA7167,0,2,40
M244,M219,9:15:58,4,-1,2,AA6507,0,2,131
M239/1,M235/2,9:16:49,4,-1,1,AA7301,2,2,982
T316,T345/2,9:16:59,4,-1,2,AA7242,0,2,141
T345/2,T344,9:18:20,4,-1,1,AA7242,0,2,60
T408/6,T343,9:18:32,4,-1,1,AA7167,0,2,154
T344,T356/2,9:19:03,4,-1,1,AA7242,0,2,30
M235/2,M247,9:20:26,4,-1,1,AA7301,0,2,206
T356/2,T358,9:21:16,4,-1,1,AA7242,0,2,70
M1/18,M222/2,9:22:17,4,0,-1,AC3786,0,2,530
T358,T373/1,9:22:17,4,-1,1,AA7242,0,2,30
M247,M1/18,9:22:47,4,-1,-1,AA7301,0,2,80
M222/2,M244,9:24:29,4,0,3,AC3786,0,2,101
T373/1,T306,9:24:29,4,-1,1,AA7242,0,2,111
T306,T314/2,9:25:29,4,-1,1,AA7242,0,2,40
T343,M239/1,9:26:00,4,-1,1,AA7167,0,2,407
M219,T316,9:26:31,4,-1,1,AA6507,3,2,572
T314/2,T408/6,9:27:02,4,-1,-1,AA7242,0,2,41
M244,M219,9:27:34,4,0,3,AC3786,0,2,114
T408/6,T343,9:29:16,4,-1,1,AA7242,0,2,101
T316,T345/2,9:29:26,4,-1,2,AA6507,0,2,164
T345/2,T344,9:31:49,4,-1,1,AA6507,0,2,92
T344,T356/2,9:32:50,4,-1,1,AA6507,0,2,30
T356/2,T358,9:35:55,4,-1,1,AA6507,0,2,131
T358,T373/1,9:36:56,4,-1,1,AA6507,0,2,30
T343,M239/1,9:37:47,4,-1,-1,AA7242,0,2,449
M219,T316,9:38:07,4,0,2,AC3786,3,2,571
T373/1,T306,9:38:17,4,-1,1,AA6507,0,2,70
M235/2,M247,9:39:28,4,-1,1,AA7489,0,2,202
T306,T314/2,9:39:38,4,-1,1,AA6507,0,2,40
T316,T345/2,9:40:29,4,0,1,AC3786,0,2,101
T314/2,T408/6,9:40:59,4,-1,-1,AA6507,0,2,40
M247,M1/18,9:42:00,4,-1,-1,AA7489,0,2,101
T345/2,T344,9:43:22,4,0,1,AC3786,0,2,92
M235/2,M247,9:43:22,4,-1,1,AA7392,0,2,112
T408/6,T343,9:43:45,4,-1,1,AA6507,0,2,135
T344,T356/2,9:44:25,4,0,1,AC3786,0,2,30
M247,M1/18,9:45:26,4,-1,-1,AA7392,0,2,91
T356/2,T358,9:47:07,4,0,1,AC3786,0,2,80
M1/18,M222/2,9:47:37,4,-1,-1,AA7341,0,2,40
T358,T373/1,9:47:48,4,0,1,AC3786,0,2,30
M222/2,M244,9:49:09,4,-1,2,AA7341,0,2,50
T373/1,T306,9:49:19,4,0,1,AC3786,0,2,60
T306,T314/2,9:50:09,4,0,1,AC3786,0,2,40
M219,T316,9:51:00,4,-1,1,AA6835,3,2,641
M244,M219,9:51:32,4,-1,2,AA7341,0,2,72
T343,M239/1,9:52:03,4,-1,1,AA6507,0,2,457
M235/2,M247,9:52:13,4,-1,1,AA7167,0,2,153
T316,T345/2,9:52:43,4,-1,2,AA6835,0,2,93
T314/2,T408/6,9:52:43,4,0,-1,AC3786,0,2,70
T345/2,T344,9:54:04,4,-1,1,AA6835,0,2,50
M247,M1/18,9:54:14,4,-1,-1,AA7167,0,2,91
T408/6,T343,9:54:55,4,0,1,AC3786,0,2,91
T344,T356/2,9:55:15,4,-1,1,AA6835,0,2,40
T356/2,T358,9:56:46,4,-1,1,AA6835,0,2,60
T358,T373/1,9:57:16,4,-1,1,AA6835,0,2,20
T373/1,T306,9:58:37,4,-1,1,AA6835,0,2,70
M239/1,M235/2,9:58:47,4,-1,1,AA7242,2,2,1250
T306,T314/2,9:59:38,4,-1,1,AA6835,0,2,40
M1/18,M222/2,10:00:18,4,-1,-1,AA7489,0,2,50
M235/2,M247,10:01:19,4,-1,1,AA7242,0,2,141
T314/2,T408/6,10:01:49,4,-1,-1,AA6835,0,2,111
M222/2,M244,10:02:20,4,-1,3,AA7489,0,2,60
T343,M239/1,10:02:35,4,0,1,AC3786,0,2,420
M247,M1/18,10:03:16,4,-1,-1,AA7242,0,2,96
M219,T316,10:04:06,4,-1,1,AA7341,3,2,653
T408/6,T343,10:04:27,4,-1,1,AA6835,0,2,126
M244,M219,10:05:48,4,-1,3,AA7489,0,2,50
T316,T345/2,10:06:18,4,-1,2,AA7341,0,2,121
T345/2,T344,10:08:40,4,-1,1,AA7341,0,2,71
T344,T356/2,10:09:41,4,-1,1,AA7341,0,2,30
T356/2,T358,10:11:34,4,-1,-1,AA7341,0,2,93
T343,M239/1,10:12:14,4,-1,-1,AA6835,0,2,417
T358,T373/1,10:12:35,4,-1,-1,AA7341,0,2,30
M1/18,M222/2,10:12:55,4,-1,-1,AA7167,0,2,101
T373/1,T306,10:14:06,4,-1,-1,AA7341,0,2,60
M222/2,M244,10:14:16,4,-1,-1,AA7167,0,2,30
T306,T314/2,10:15:16,4,-1,1,AA7341,0,2,40
M235/2,M247,10:16:17,4,-1,1,AA6507,0,2,151
M219,T316,10:17:08,4,-1,1,AA7489,3,2,568
T314/2,T408/6,10:17:18,4,-1,-1,AA7341,0,2,40
M244,M219,10:17:38,4,-1,3,AA7167,0,2,111
M247,M1/18,10:18:18,4,-1,-1,AA6507,0,2,91
T316,T345/2,10:19:39,4,-1,2,AA7489,0,2,111
T408/6,T343,10:19:39,4,-1,1,AA7341,0,2,80
T345/2,T344,10:21:44,4,-1,1,AA7489,0,2,72
T344,T356/2,10:22:24,4,-1,1,AA7489,0,2,30
M1/18,M222/2,10:22:55,4,-1,-1,AA7301,0,2,30
M239/1,M235/2,10:23:25,4,0,2,AC3786,2,2,1239
T356/2,T358,10:24:26,4,-1,1,AA7489,0,2,101
T358,T373/1,10:25:37,4,-1,1,AA7489,0,2,30
M235/2,M247,10:25:47,4,0,1,AC3786,0,2,101
M222/2,M244,10:26:07,4,-1,2,AA7301,0,2,101
T373/1,T306,10:27:28,4,-1,1,AA7489,0,2,80
M244,M219,10:27:48,4,-1,3,AA7301,0,2,40
M247,M1/18,10:27:48,4,-1,-1,AC3786,0,2,91
T306,T314/2,10:28:59,4,-1,1,AA7489,0,2,40
M219,T316,10:29:09,4,-1,2,AA7167,3,2,630
T316,T345/2,10:31:12,4,-1,2,AA7167,0,2,112
T314/2,T408/6,10:31:12,4,-1,-1,AA7489,0,2,40
M239/1,M235/2,10:31:34,4,-1,2,AA6835,2,2,1149
M1/18,M222/2,10:32:55,4,-1,-1,AA7480,0,2,20
T345/2,T344,10:33:05,4,-1,1,AA7167,0,2,60
T408/6,T343,10:33:46,4,-1,1,AA7489,0,2,91
M235/2,M247,10:33:46,4,-1,1,AA6835,0,2,101
T344,T356/2,10:33:56,4,-1,1,AA7167,0,2,30
M222/2,M244,10:34:26,4,-1,3,AA7480,0,2,60
M247,M1/18,10:35:37,4,-1,-1,AA6835,0,2,91
T356/2,T358,10:37:18,4,-1,1,AA7167,0,2,101
M244,M219,10:37:38,4,-1,3,AA7480,0,2,182
M219,T316,10:38:29,4,-1,1,AA7301,3,2,549
T358,T373/1,10:38:59,4,-1,1,AA7167,0,2,50
T316,T345/2,10:40:10,4,-1,2,AA7301,0,2,91
T373/1,T306,10:40:20,4,-1,1,AA7167,0,2,70
T306,T314/2,10:41:25,4,-1,1,AA7167,0,2,30
T345/2,T344,10:41:45,4,-1,1,AA7301,0,2,60
M1/18,M222/2,10:42:46,4,-1,-1,AA7392,0,2,50
T344,T356/2,10:42:46,4,-1,1,AA7301,0,2,30
T343,M239/1,10:42:56,4,-1,1,AA7489,0,2,449
T314/2,T408/6,10:43:06,4,-1,-1,AA7167,0,2,40
T356/2,T358,10:44:47,4,-1,1,AA7301,0,2,111
M222/2,M244,10:45:18,4,-1,3,AA7392,0,2,111
T408/6,T343,10:45:28,4,-1,1,AA7167,0,2,111
T358,T373/1,10:45:48,4,-1,1,AA7301,0,2,30
T373/1,T306,10:46:59,4,-1,1,AA7301,0,2,50
M244,M219,10:47:50,4,-1,2,AA7392,0,2,91
T306,T314/2,10:48:00,4,-1,1,AA7301,0,2,30
M219,T316,10:49:14,4,-1,1,AA7480,3,2,604
T314/2,T408/6,10:49:14,4,-1,-1,AA7301,0,2,40
M235/2,M247,10:50:55,4,-1,1,AA7341,0,2,154
T408/6,T343,10:51:45,4,-1,1,AA7301,0,2,111
M247,M1/18,10:52:56,4,-1,-1,AA7341,0,2,80
M1/18,M222/2,10:53:16,4,-1,-1,AA6848,0,2,101
T343,M239/1,10:53:47,4,-1,1,AA7167,0,2,427
M222/2,M244,10:55:18,4,-1,2,AA6848,0,2,50
M244,M219,10:57:42,4,-1,2,AA6848,0,2,53
M219,T316,10:58:23,4,-1,2,AA7392,3,2,569
T316,T314/2,11:00:35,4,-1,1,AA7480,6,2,20
T316,T345/2,11:00:55,4,-1,2,AA7392,0,2,111
T345/2,T344,11:02:46,4,-1,1,AA7392,0,2,70
M1/18,M222/2,11:03:27,4,-1,-1,AA7242,0,2,60
T344,T356/2,11:03:57,4,-1,1,AA7392,0,2,30
T356/2,T358,11:05:38,4,-1,1,AA7392,0,2,60
M222/2,M244,11:06:19,4,-1,3,AA7242,0,2,80
T358,T373/1,11:06:39,4,-1,1,AA7392,0,2,20
M235/2,M247,11:06:59,4,-1,1,AA7489,0,2,101
M244,M219,11:08:24,4,-1,2,AA7242,0,2,74
T373/1,T306,11:08:24,4,-1,1,AA7392,0,2,74
M247,M1/18,11:08:55,4,-1,-1,AA7489,0,2,95
M219,T316,11:09:25,4,-1,2,AA6848,3,2,580
T306,T314/2,11:09:35,4,-1,1,AA7392,0,2,40
T314/2,T408/6,11:11:16,4,-1,-1,AA7392,0,2,40
T316,T345/2,11:11:26,4,-1,2,AA6848,0,2,111
T345/2,T344,11:13:48,4,-1,1,AA6848,0,2,50
M239/1,M235/2,11:13:48,4,-1,1,AA7167,2,2,1191
T408/6,T343,11:14:08,4,-1,1,AA7392,0,2,151
T344,T356/2,11:15:09,4,-1,1,AA6848,0,2,30
M222/2,M244,11:16:34,4,0,2,AC3786,0,2,74
T356/2,T358,11:17:04,4,-1,1,AA6848,0,2,70
M235/2,M247,11:17:04,4,-1,1,AA7167,0,2,145
T358,T373/1,11:18:05,4,-1,1,AA6848,0,2,30
M247,M1/18,11:19:06,4,-1,-1,AA7167,0,2,91
T373/1,T306,11:19:46,4,-1,1,AA6848,0,2,70
M244,M219,11:20:06,4,0,3,AC3786,0,2,111
M219,T316,11:20:47,4,-1,1,AA7242,3,2,661
T306,T314/2,11:21:07,4,-1,1,AA6848,0,2,30
M1/18,M222/2,11:21:17,4,-1,-1,AA6835,0,2,40
M235/2,M247,11:21:27,4,-1,1,AA7301,0,2,151
M222/2,M244,11:22:48,4,-1,3,AA6835,0,2,40
T316,T345/2,11:22:48,4,-1,2,AA7242,0,2,101
T314/2,T408/6,11:22:58,4,-1,-1,AA6848,0,2,50
M247,M1/18,11:23:39,4,-1,-1,AA7301,0,2,91
T345/2,T344,11:25:00,4,-1,1,AA7242,0,2,50
T344,T356/2,11:25:42,4,-1,1,AA7242,0,2,22
M244,M219,11:25:53,4,-1,3,AA6835,0,2,123
T408/6,T343,11:26:23,4,-1,1,AA6848,0,2,133
T356/2,T358,11:28:04,4,-1,1,AA7242,0,2,80
T358,T373/1,11:29:15,4,-1,1,AA7242,0,2,20
M219,T316,11:30:36,4,0,1,AC3786,3,2,579
T373/1,T306,11:30:56,4,-1,1,AA7242,0,2,50
T306,T314/2,11:31:57,4,-1,1,AA7242,0,2,30
T316,T345/2,11:32:58,4,0,2,AC3786,0,2,101
M222/2,M244,11:33:18,4,-1,3,AA6507,0,2,20
T314/2,T408/6,11:33:18,4,-1,-1,AA7242,0,2,30
T345/2,T344,11:34:39,4,0,1,AC3786,0,2,61
T343,M239/1,11:34:39,4,-1,2,AA6848,0,2,445
M235/2,M247,11:35:20,4,-1,1,AA7480,0,2,81
T344,T356/2,11:35:44,4,0,1,AC3786,0,2,34
M244,M219,11:35:54,4,-1,2,AA6507,0,2,135
T408/6,T343,11:36:25,4,-1,1,AA7242,0,2,94
M219,T316,11:37:25,4,-1,2,AA6835,3,2,662
T356/2,T358,11:37:25,4,0,1,AC3786,0,2,70
M247,M1/18,11:37:45,4,-1,-1,AA7480,0,2,80
T358,T373/1,11:37:56,4,0,1,AC3786,0,2,20
T373/1,T306,11:39:37,4,0,1,AC3786,0,2,60
T316,T345/2,11:39:57,4,-1,2,AA6835,0,2,121
T306,T314/2,11:40:47,4,0,-1,AC3786,0,2,40
T345/2,T344,11:41:18,4,-1,-1,AA6835,0,2,50
T344,T356/2,11:41:59,4,-1,-1,AA6835,0,2,20
T314/2,T408/6,11:42:19,4,0,-1,AC3786,0,2,40
T343,M239/1,11:44:01,4,-1,-1,AA7242,0,2,426
T356/2,T358,11:44:34,4,-1,-1,AA6835,0,2,134
T408/6,T343,11:44:34,4,0,-1,AC3786,0,2,104
M222/2,M244,11:44:54,4,-1,-1,AA7842,0,2,73
T358,T373/1,11:45:34,4,-1,1,AA6835,0,2,30
M219,T316,11:46:55,4,-1,1,AA6507,3,2,600
T373/1,T306,11:47:36,4,-1,1,AA6835,0,2,80
M235/2,M247,11:47:46,4,-1,1,AA7392,0,2,224
M244,M219,11:48:06,4,-1,3,AA7842,0,2,151
T306,T314/2,11:48:37,4,-1,1,AA6835,0,2,40
T316,T345/2,11:49:40,4,-1,1,AA6507,0,2,154
M247,M1/18,11:50:01,4,-1,-1,AA7392,0,2,94
M1/18,M222/2,11:50:11,4,-1,-1,AA7489,0,2,84
T314/2,T408/6,11:50:11,4,-1,-1,AA6835,0,2,41
T345/2,T344,11:51:16,4,-1,1,AA6507,0,2,42
T343,M239/1,11:51:58,4,0,1,AC3786,0,2,393
M222/2,M244,11:52:08,4,-1,2,AA7489,0,2,52
T344,T356/2,11:52:08,4,-1,1,AA6507,0,2,41
T408/6,T343,11:52:50,4,-1,1,AA6835,0,2,136
M244,M219,11:54:15,4,-1,3,AA7489,0,2,52
T356/2,T358,11:54:15,4,-1,1,AA6507,0,2,63
T358,T373/1,11:55:38,4,-1,1,AA6507,0,2,31
M219,T316,11:57:13,4,-1,1,AA7842,3,2,516
M1/18,M222/2,11:58:37,4,-1,-1,AA7341,0,2,52
T373/1,T306,11:58:37,4,-1,1,AA6507,0,2,94
M235/2,M247,11:59:32,4,-1,1,AA6848,0,2,180
M222/2,M244,12:00:24,4,-1,3,AA7341,0,2,75
T306,T314/2,12:00:24,4,-1,1,AA6507,0,2,42
T316,T345/2,12:00:35,4,-1,2,AA7842,0,2,180
T343,M239/1,12:00:35,4,-1,2,AA6835,0,2,422
T345/2,T344,12:01:59,4,-1,1,AA7842,0,2,52
M247,M1/18,12:01:59,4,-1,-1,AA6848,0,2,105
T314/2,T408/6,12:02:20,4,-1,-1,AA6507,0,2,83
T344,T356/2,12:02:44,4,-1,1,AA7842,0,2,34
M244,M219,12:03:47,4,-1,2,AA7341,0,2,170
M1/18,M222/2,12:04:49,4,-1,-1,AA7167,0,2,83
T356/2,T358,12:05:21,4,-1,1,AA7842,0,2,115
T408/6,T343,12:05:21,4,-1,1,AA6507,0,2,156
M219,T316,12:05:34,4,-1,1,AA7489,3,2,668
T358,T373/1,12:06:26,4,-1,1,AA7842,0,2,31
T316,T345/2,12:07:08,4,-1,2,AA7489,0,2,83
M235/2,M247,12:08:00,4,-1,1,AA7242,0,2,146
T373/1,T306,12:08:11,4,-1,1,AA7842,0,2,62
T345/2,T344,12:08:31,4,-1,1,AA7489,0,2,62
M222/2,M219,12:09:34,4,-1,2,AA7167,1,2,229
T344,T356/2,12:09:34,4,-1,1,AA7489,0,2,41
T306,T314/2,12:10:06,4,-1,1,AA7842,0,2,62
M247,M1/18,12:10:27,4,-1,-1,AA7242,0,2,94
T356/2,T358,12:11:19,4,-1,1,AA7489,0,2,63
M239/1,M235/2,12:11:30,4,0,2,AC3786,2,2,1161
T314/2,T408/6,12:11:40,4,-1,-1,AA7842,0,2,31
T358,T373/1,12:12:22,4,-1,1,AA7489,0,2,31
T343,M239/1,12:13:46,4,-1,1,AA6507,0,2,449
M1/18,M222/2,12:14:17,4,-1,-1,AA7301,0,2,104
T408/6,T343,12:14:38,4,-1,1,AA7842,0,2,115
M235/2,M247,12:14:38,4,0,1,AC3786,0,2,146
T373/1,T306,12:15:09,4,-1,1,AA7489,0,2,125
M219,T316,12:15:20,4,-1,1,AA7341,3,2,619
M222/2,M244,12:16:03,4,-1,3,AA7301,0,2,21
T306,T314/2,12:16:13,4,-1,2,AA7489,0,2,31
M247,M1/18,12:16:55,4,-1,-1,AC3786,0,2,95
M244,M219,12:17:37,4,-1,2,AA7301,0,2,20
T316,T345/2,12:17:37,4,-1,1,AA7341,0,2,115
T314/2,T408/6,12:18:09,4,-1,-1,AA7489,0,2,42
T345/2,T344,12:19:48,4,-1,1,AA7341,0,2,73
M219,T316,12:20:09,4,-1,1,AA7167,3,2,572
M239/1,M235/2,12:20:20,4,-1,1,AA6835,2,2,1174
T344,T356/2,12:20:53,4,-1,1,AA7341,0,2,33
T408/6,T343,12:21:56,4,-1,1,AA7489,0,2,159
T316,T345/2,12:22:06,4,-1,2,AA7167,0,2,106
T356/2,T358,12:23:45,4,-1,1,AA7341,0,2,150
T345/2,T344,12:24:06,4,-1,1,AA7167,0,2,88
M235/2,M247,12:24:17,4,-1,1,AA6835,0,2,224
T344,T356/2,12:24:48,4,-1,1,AA7167,0,2,31
T358,T373/1,12:25:20,4,-1,1,AA7341,0,2,31
M1/18,M222/2,12:25:34,4,-1,-1,AA7392,0,2,88
M247,M1/18,12:26:06,4,-1,-1,AA6835,0,2,31
T373/1,T306,12:27:19,4,-1,1,AA7341,0,2,73
T356/2,T358,12:27:34,4,-1,1,AA7167,0,2,56
M222/2,M244,12:27:55,4,-1,2,AA7392,0,2,130
M219,T316,12:28:06,4,-1,1,AA7301,3,2,561
T306,T314/2,12:28:27,4,-1,1,AA7341,0,2,42
T358,T373/1,12:28:38,4,-1,1,AA7167,0,2,21
T343,M239/1,12:30:17,4,-1,-1,AA7489,0,2,459
T373/1,T306,12:30:48,4,-1,-1,AA7167,0,2,98
T316,T345/2,12:30:59,4,-1,-1,AA7301,0,2,151
T314/2,T408/6,12:31:09,4,-1,-1,AA7341,0,2,41
M244,M219,12:31:53,4,-1,-1,AA7392,0,2,153
T306,T314/2,12:31:53,4,-1,-1,AA7167,0,2,43
T345/2,T344,12:32:24,4,-1,-1,AA7301,0,2,42
T344,T356/2,12:33:17,4,-1,-1,AA7301,0,2,31
T314/2,T408/6,12:33:27,4,-1,-1,AA7167,0,2,31
T408/6,T343,12:34:42,4,-1,-1,AA7341,0,2,169
T408/6,T343,12:35:45,4,-1,1,AA7167,0,2,106
T356/2,T358,12:36:47,4,-1,1,AA7301,0,2,189
T358,T373/1,12:37:50,4,-1,1,AA7301,0,2,21
M235/2,M247,12:37:50,4,-1,1,AA6507,0,2,115
M1/18,M222/2,12:38:43,4,-1,-1,AA7480,0,2,95
M247,M1/18,12:39:57,4,-1,-1,AA6507,0,2,84
T373/1,T306,12:40:08,4,-1,1,AA7301,0,2,84
T306,T314/2,12:41:11,4,-1,1,AA7301,0,2,31
M222/2,M244,12:41:42,4,-1,2,AA7480,0,2,84
M219,T316,12:42:14,4,-1,1,AA7392,3,2,547
T314/2,T408/6,12:42:45,4,-1,-1,AA7301,0,2,41
M244,M219,12:43:27,4,-1,2,AA7480,0,2,31
T343,M239/1,12:43:38,4,-1,1,AA7341,0,2,493
T316,T345/2,12:43:58,4,-1,2,AA7392,0,2,94
T343,M239/1,12:43:58,4,-1,1,AA7167,0,2,441
T408/6,T343,12:44:56,4,-1,1,AA7301,0,2,109
T345/2,T344,12:45:27,4,-1,1,AA7392,0,2,52
T344,T356/2,12:46:34,4,-1,1,AA7392,0,2,34
M235/2,M247,12:48:39,4,-1,1,AA7842,0,2,223
M247,M1/18,12:50:05,4,-1,-1,AA7842,0,2,64
M1/18,M222/2,12:50:26,4,-1,-1,AA7242,0,2,85
M222/2,M244,12:52:33,4,-1,3,AA7242,0,2,84
T356/2,T358,12:52:33,4,-1,1,AA7392,0,2,337
T358,T373/1,12:53:46,4,-1,1,AA7392,0,2,31
M244,M219,12:53:56,4,-1,3,AA7242,0,2,31
M235/2,M247,12:53:56,4,-1,1,AA7489,0,2,137
M219,T316,12:55:42,4,-1,1,AA7480,3,2,615
M219,M50,12:56:14,4,-1,1,AA7242,0,2,94
M247,M1/18,12:56:14,4,-1,-1,AA7489,0,2,94
T373/1,T306,12:56:24,4,-1,1,AA7392,0,2,84
T306,T314/2,12:58:34,4,-1,1,AA7392,0,2,77
T314/2,T408/6,13:01:39,4,-1,-1,AA7392,0,2,52
M50,T316,13:04:18,4,-1,1,AA7242,2,2,452
M239/1,M235/2,13:04:18,4,-1,1,AA7167,2,2,1198
T408/6,T343,13:04:49,4,-1,1,AA7392,0,2,147
M222/2,M244,13:06:47,4,-1,2,AA6507,0,2,74
T316,T345/2,13:07:08,4,-1,2,AA7242,0,2,138
M235/2,M247,13:08:11,4,-1,1,AA7341,0,2,148
M235/2,M247,13:08:11,4,-1,1,AA7167,0,2,191
T345/2,T344,13:08:45,4,-1,1,AA7242,0,2,54
M244,M219,13:09:06,4,-1,2,AA6507,0,2,44
T344,T356/2,13:09:47,4,-1,1,AA7242,0,2,31
M247,M1/18,13:10:08,4,-1,-1,AA7167,0,2,107
M247,M1/18,13:10:29,4,-1,-1,AA7341,0,2,73
T356/2,T358,13:12:14,4,-1,1,AA7242,0,2,125
T358,T373/1,13:13:26,4,-1,1,AA7242,0,2,31
M235/2,M247,13:13:26,4,-1,1,AA7301,0,2,187
T343,M239/1,13:13:48,4,-1,1,AA7392,0,2,464
T373/1,T306,13:15:12,4,-1,1,AA7242,0,2,83
M247,M1/18,13:15:44,4,-1,-1,AA7301,0,2,106
T306,T314/2,13:16:46,4,-1,2,AA7242,0,2,51
T314/2,T408/6,13:19:05,4,-1,-1,AA7242,0,2,30
M222/2,M244,13:19:25,4,-1,3,AA7842,0,2,31
M219,T316,13:19:46,4,-1,1,AA6507,3,2,567
M244,M219,13:21:34,4,-1,2,AA7842,0,2,76
T316,T345/2,13:21:45,4,-1,2,AA6507,0,2,108
T408/6,T343,13:21:45,4,-1,1,AA7242,0,2,129
T345/2,T344,13:23:39,4,-1,1,AA6507,0,2,51
T344,T356/2,13:24:35,4,-1,1,AA6507,0,2,34
T356/2,T358,13:27:21,4,-1,1,AA6507,0,2,124
T358,T373/1,13:28:27,4,-1,1,AA6507,0,2,31
M1/18,M222/2,13:30:15,4,-1,-1,AA7341,0,2,119
T373/1,T306,13:30:47,4,-1,1,AA6507,0,2,108
M219,T316,13:31:29,4,-1,1,AA7842,3,2,501
T306,T314/2,13:32:11,4,-1,1,AA6507,0,2,41
M222/2,M244,13:32:43,4,-1,2,AA7341,0,2,83
T314/2,T408/6,13:33:35,4,-1,-1,AA6507,0,2,31
T316,T345/2,13:34:27,4,-1,2,AA7842,0,2,167
M244,M219,13:34:37,4,-1,2,AA7341,0,2,52
T345/2,T344,13:35:42,4,-1,1,AA7842,0,2,54
T408/6,T343,13:35:42,4,-1,1,AA6507,0,2,96
T344,T356/2,13:36:14,4,-1,1,AA7842,0,2,21
T356/2,T358,13:38:40,4,-1,1,AA7842,0,2,104
M235/2,M247,13:39:33,4,-1,1,AA7392,0,2,209
T358,T373/1,13:39:44,4,-1,1,AA7842,0,2,22
M247,M1/18,13:42:44,4,-1,-1,AA7392,0,2,97
T373/1,T306,13:42:55,4,-1,1,AA7842,0,2,149
M1/18,M222/2,13:43:36,4,-1,-1,AA7301,0,2,76
T343,M239/1,13:43:47,4,-1,2,AA6507,0,2,411
T306,T314/2,13:44:18,4,-1,1,AA7842,0,2,41
T314/2,T408/6,13:46:16,4,-1,-1,AA7842,0,2,41
M222/2,M244,13:46:37,4,-1,3,AA7301,0,2,117
M219,T316,13:47:18,4,-1,2,AA7341,3,2,685
M244,M219,13:49:14,4,-1,3,AA7301,0,2,84
T408/6,T343,13:49:34,4,-1,1,AA7842,0,2,157
T316,T345/2,13:49:56,4,-1,2,AA7341,0,2,147
M235/2,M247,13:51:08,4,-1,1,AA7242,0,2,135
T345/2,T344,13:51:19,4,-1,1,AA7341,0,2,41
M219,M50,13:51:50,4,-1,1,AA7301,0,2,41
T344,T356/2,13:52:12,4,-1,1,AA7341,0,2,32
M247,M1/18,13:53:05,4,-1,-1,AA7242,0,2,95
M1/18,M222/2,13:54:49,4,-1,-1,AA7392,0,2,52
T356/2,T358,13:55:32,4,-1,1,AA7341,0,2,179
M222/2,M244,13:56:14,4,-1,3,AA7392,0,2,31
T343,M239/1,13:57:06,4,-1,-1,AA7842,0,2,420
T358,T373/1,13:58:40,4,-1,2,AA7341,0,2,166
M244,M219,13:59:53,4,-1,3,AA7392,0,2,135
M50,T316,14:00:46,4,-1,2,AA7301,2,2,492
T373/1,T306,14:01:27,4,-1,2,AA7341,0,2,62
T316,T345/2,14:02:32,4,-1,3,AA7301,0,2,96
T306,T314/2,14:02:43,4,-1,1,AA7341,0,2,33
T345/2,T344,14:04:27,4,-1,1,AA7301,0,2,83
T314/2,T408/6,14:04:59,4,-1,-1,AA7341,0,2,41
T344,T356/2,14:05:35,4,-1,1,AA7301,0,2,47
T408/6,T343,14:07:10,4,-1,1,AA7341,0,2,73
M1/18,M222/2,14:07:33,4,-1,-1,AA7480,0,2,65
M222/2,M244,14:08:57,4,-1,3,AA7480,0,2,10
T356/2,T373/1,14:09:39,4,-1,2,AA7301,1,2,222
M247,M1/18,14:11:03,4,-1,-1,AA6507,0,2,94
M244,M219,14:11:23,4,-1,2,AA7480,0,2,62
M219,T316,14:11:45,4,-1,1,AA7392,3,2,628
T373/1,T306,14:12:59,4,-1,1,AA7301,0,2,95
T316,T345/2,14:13:20,4,-1,2,AA7392,0,2,73
T306,T314/2,14:14:14,4,-1,1,AA7301,0,2,31
T343,M239/1,14:14:56,4,-1,-1,AA7341,0,2,410
T345/2,T344,14:15:06,4,-1,1,AA7392,0,2,62
T314/2,T408/6,14:15:38,4,-1,-1,AA7301,0,2,20
T344,T356/2,14:15:58,4,-1,1,AA7392,0,2,31
T408/6,T343,14:17:57,4,-1,1,AA7301,0,2,118
T356/2,T358,14:18:07,4,-1,1,AA7392,0,2,73
M1/18,M222/2,14:18:49,4,-1,-1,AA7242,0,2,73
T358,T373/1,14:19:10,4,-1,2,AA7392,0,2,20
M222/2,M244,14:20:34,4,-1,2,AA7242,0,2,84
T373/1,T306,14:21:05,4,-1,2,AA7392,0,2,105
T306,T314/2,14:22:18,4,-1,1,AA7392,0,2,30
M244,M219,14:23:45,4,-1,2,AA7242,0,2,117
T314/2,T408/6,14:23:45,4,-1,-1,AA7392,0,2,34
M219,T316,14:23:55,4,-1,1,AA7480,3,2,677
M235/2,M247,14:24:37,4,-1,1,AA7842,0,2,138
T408/6,T343,14:26:34,4,-1,1,AA7392,0,2,138
M247,M1/18,14:26:55,4,-1,-1,AA7842,0,2,95
T316,T344,14:27:35,4,-1,1,AA7480,1,2,209
M1/18,M222/2,14:29:00,4,-1,-1,AA6835,0,2,85
M222/2,M244,14:31:25,4,-1,3,AA6835,0,2,92
T344,T373/1,14:31:25,4,-1,2,AA7480,2,2,112
M244,M219,14:33:31,4,-1,3,AA6835,0,2,52
T373/1,T306,14:34:34,4,-1,2,AA7480,0,2,178
T343,M239/1,14:34:34,4,-1,-1,AA7392,0,2,429
T306,T314/2,14:35:37,4,-1,1,AA7480,0,2,41
M219,T316,14:36:30,4,-1,1,AA7242,3,2,681
T314/2,T408/6,14:37:22,4,-1,-1,AA7480,0,2,83
T316,T345/2,14:38:47,4,-1,1,AA7242,0,2,127
T408/6,T343,14:39:29,4,-1,1,AA7480,0,2,73
M1/18,M222/2,14:39:40,4,-1,-1,AA6507,0,2,115
T345/2,T344,14:40:11,4,-1,1,AA7242,0,2,41
T344,T356/2,14:41:26,4,-1,1,AA7242,0,2,30
M222/2,M244,14:41:46,4,-1,3,AA6507,0,2,51
T356/2,T358,14:43:52,4,-1,1,AA7242,0,2,136
M244,M219,14:44:13,4,-1,3,AA6507,0,2,83
T358,T373/1,14:44:45,4,-1,2,AA7242,0,2,31
M219,T316,14:46:34,4,-1,1,AA6835,3,2,762
T373/1,T306,14:47:06,4,-1,2,AA7242,0,2,82
T343,M239/1,14:47:16,4,-1,-1,AA7480,0,2,435
M235/2,M1/18,14:47:16,4,-1,-1,AA7341,1,2,340
T306,T314/2,14:48:18,4,-1,1,AA7242,0,2,41
M1/18,M222/2,14:49:20,4,-1,-1,AA5946,0,2,114
T316,T345/2,14:49:20,4,-1,2,AA6835,0,2,155
M235/2,M247,14:49:20,4,-1,1,AA7301,0,2,134
T314/2,T408/6,14:49:52,4,-1,-1,AA7242,0,2,41
M239/1,M235/2,14:50:23,4,-1,2,AA7392,2,2,937
M222/2,M244,14:51:05,4,-1,3,AA5946,0,2,84
T345/2,T344,14:51:05,4,-1,1,AA6835,0,2,63
T344,T356/2,14:52:02,4,-1,1,AA6835,0,2,25
M247,M1/18,14:52:13,4,-1,-1,AA7301,0,2,110
T408/6,T343,14:52:35,4,-1,1,AA7242,0,2,89
M244,M219,14:52:56,4,-1,3,AA5946,0,2,42
M235/2,M247,14:54:09,4,-1,1,AA7392,0,2,204
T356/2,T358,14:55:02,4,-1,1,AA6835,0,2,125
T358,T373/1,14:55:56,4,-1,2,AA6835,0,2,31
M247,M1/18,14:56:17,4,-1,-1,AA7392,0,2,95
M1/18,M222/2,14:57:52,4,0,-1,AC3786,0,2,63
M219,T316,14:57:52,4,-1,1,AA6507,3,2,786
M222/2,M244,14:59:57,4,0,3,AC3786,0,2,51
T373/1,T306,14:59:57,4,-1,2,AA6835,0,2,104
T343,M239/1,15:00:18,4,-1,-1,AA7242,0,2,431
T316,T345/2,15:00:39,4,-1,2,AA6507,0,2,156
T306,T314/2,15:00:49,4,-1,1,AA6835,0,2,42
M244,M219,15:02:24,4,0,2,AC3786,0,2,94
T314/2,T408/6,15:02:24,4,-1,-1,AA6835,0,2,73
T345/2,T344,15:02:35,4,-1,1,AA6507,0,2,63
T344,T356/2,15:03:27,4,-1,1,AA6507,0,2,31
T408/6,T343,15:04:40,4,-1,1,AA6835,0,2,114
M219,T316,15:05:11,4,-1,2,AA5946,3,2,672
M239/1,M235/2,15:06:58,4,-1,1,AA7480,2,2,1171
T316,T345/2,15:07:19,4,-1,2,AA5946,0,2,103
T356/2,T358,15:07:19,4,-1,1,AA6507,0,2,210
T358,T373/1,15:08:21,4,-1,1,AA6507,0,2,31
M1/18,M222/2,15:09:03,4,-1,-1,AA7341,0,2,93
T345/2,T344,15:09:03,4,-1,1,AA5946,0,2,73
T344,T356/2,15:10:05,4,-1,1,AA5946,0,2,31
M235/2,M247,15:10:05,4,-1,1,AA7480,0,2,166
M222/2,M244,15:10:16,4,-1,2,AA7341,0,2,41
T373/1,T306,15:11:47,4,-1,1,AA6507,0,2,122
M247,M1/18,15:12:17,4,-1,-1,AA7480,0,2,121
T306,T314/2,15:12:27,4,-1,1,AA6507,0,2,30
M244,M219,15:13:08,4,-1,2,AA7341,0,2,151
T356/2,T358,15:13:08,4,-1,1,AA5946,0,2,172
T314/2,T408/6,15:14:08,4,-1,-1,AA6507,0,2,40
T358,T373/1,15:14:18,4,-1,1,AA5946,0,2,20
M219,T316,15:15:49,4,0,1,AC3786,3,2,731
T408/6,T343,15:16:10,4,-1,1,AA6507,0,2,70
M1/18,M222/2,15:17:00,4,-1,-1,AA7301,0,2,40
T373/1,T306,15:17:10,4,-1,1,AA5946,0,2,121
T316,T345/2,15:17:34,4,0,2,AC3786,0,2,93
T306,T314/2,15:18:24,4,-1,2,AA5946,0,2,40
T345/2,T344,15:18:54,4,0,1,AC3786,0,2,40
M239/1,M235/2,15:18:54,4,-1,2,AA7242,2,2,1106
M222/2,M244,15:19:25,4,-1,2,AA7301,0,2,91
T344,T356/2,15:19:45,4,0,1,AC3786,0,2,30
T314/2,T408/6,15:20:26,4,-1,-1,AA5946,0,2,40
M244,M219,15:20:56,4,-1,3,AA7301,0,2,10
M235/2,M247,15:21:57,4,-1,1,AA7242,0,2,172
T356/2,T358,15:22:57,4,0,1,AC3786,0,2,141
T408/6,T343,15:22:57,4,-1,1,AA5946,0,2,91
T358,T373/1,15:23:58,4,0,1,AC3786,0,2,30
T343,M239/1,15:24:08,4,-1,-1,AA6507,0,2,407
M247,M1/18,15:24:08,4,-1,-1,AA7242,0,2,101
M219,T316,15:26:10,4,-1,2,AA7341,3,2,711
T373/1,T314/2,15:27:25,4,0,1,AC3786,1,2,156
M1/18,M222/2,15:28:19,4,-1,-1,AA7392,0,2,105
T316,T345/2,15:29:10,4,-1,2,AA7341,0,2,145
M222/2,M244,15:29:42,4,-1,3,AA7392,0,2,22
T314/2,T408/6,15:29:42,4,0,-1,AC3786,0,2,32
T343,M239/1,15:30:34,4,-1,1,AA5946,0,2,406
T345/2,T344,15:31:04,4,-1,1,AA7341,0,2,92
M244,M219,15:31:55,4,-1,3,AA7392,0,2,80
T344,T356/2,15:32:15,4,-1,1,AA7341,0,2,40
T408/6,T343,15:32:25,4,0,1,AC3786,0,2,142
M219,T316,15:32:56,4,-1,2,AA7301,3,2,628
T316,T345/2,15:35:08,4,-1,2,AA7301,0,2,91
T356/2,T358,15:36:49,4,-1,1,AA7341,0,2,223
T345/2,T344,15:37:40,4,-1,1,AA7301,0,2,111
M235/2,M247,15:37:40,4,-1,1,AA6835,0,2,151
T358,T373/1,15:38:00,4,-1,1,AA7341,0,2,30
M1/18,M222/2,15:38:10,4,-1,-1,AA7167,0,2,50
T344,T356/2,15:38:50,4,-1,1,AA7301,0,2,30
M222/2,M244,15:39:34,4,-1,3,AA7167,0,2,73
T343,M239/1,15:39:44,4,0,1,AC3786,0,2,408
M247,M1/18,15:39:44,4,-1,-1,AA6835,0,2,84
T373/1,T306,15:40:25,4,-1,2,AA7341,0,2,84
M244,M219,15:41:15,4,-1,2,AA7167,0,2,50
T356/2,T358,15:41:25,4,-1,1,AA7301,0,2,124
T358,T373/1,15:42:26,4,-1,2,AA7301,0,2,30
T306,T314/2,15:42:46,4,-1,2,AA7341,0,2,60
T373/1,T306,15:43:57,4,-1,2,AA7301,0,2,60
T314/2,T408/6,15:44:07,4,-1,-1,AA7341,0,2,40
T306,T314/2,15:44:58,4,-1,2,AA7301,0,2,50
M219,T316,15:45:08,4,-1,1,AA7392,3,2,691
T408/6,T343,15:46:19,4,-1,1,AA7341,0,2,80
T316,T345/2,15:46:59,4,-1,2,AA7392,0,2,101
T314/2,T408/6,15:46:59,4,-1,-1,AA7301,0,2,40
T345/2,T344,15:48:44,4,-1,1,AA7392,0,2,73
T344,T356/2,15:49:44,4,-1,1,AA7392,0,2,30
T408/6,T343,15:49:54,4,-1,1,AA7301,0,2,144
M235/2,M247,15:50:05,4,-1,1,AA6507,0,2,185
M1/18,M222/2,15:51:15,4,-1,-1,AA7242,0,2,70
T356/2,T358,15:51:36,4,-1,1,AA7392,0,2,70
M219,T316,15:51:56,4,-1,1,AA7167,3,2,579
M247,M1/18,15:52:26,4,-1,-1,AA6507,0,2,101
T358,T373/1,15:52:36,4,-1,1,AA7392,0,2,20
M222/2,M244,15:53:31,4,-1,3,AA7242,0,2,85
T343,M239/1,15:53:41,4,-1,2,AA7341,0,2,412
T316,T345/2,15:53:52,4,-1,2,AA7167,0,2,95
T373/1,T306,15:53:52,4,-1,1,AA7392,0,2,65
M244,M219,15:54:42,4,-1,2,AA7242,0,2,40
T345/2,T344,15:55:12,4,-1,1,AA7167,0,2,40
T306,T314/2,15:55:44,4,-1,1,AA7392,0,2,42
T344,T356/2,15:56:15,4,-1,1,AA7167,0,2,20
T343,M239/1,15:57:05,4,-1,3,AA7301,0,2,410
M235/2,M247,15:58:06,4,-1,1,AA5946,0,2,111
T314/2,T408/6,15:58:16,4,-1,-1,AA7392,0,2,40
T356/2,T358,15:59:17,4,-1,1,AA7167,0,2,121
M247,M1/18,16:00:07,4,-1,-1,AA5946,0,2,90
T358,T373/1,16:00:17,4,-1,2,AA7167,0,2,30
T408/6,T343,16:01:08,4,-1,1,AA7392,0,2,141
T373/1,T306,16:02:29,4,-1,2,AA7167,0,2,81
M1/18,M222/2,16:02:49,4,-1,-1,AA6835,0,2,101
T306,T314/2,16:03:24,4,-1,1,AA7167,0,2,35
M222/2,M244,16:05:05,4,-1,2,AA6835,0,2,50
M219,T316,16:05:46,4,-1,1,AA7242,3,2,601
T314/2,T408/6,16:06:26,4,-1,-1,AA7167,0,2,30
M235/2,M247,16:06:36,4,0,1,AC3786,0,2,161
M244,M219,16:06:57,4,-1,2,AA6835,0,2,50
T316,T345/2,16:07:57,4,-1,2,AA7242,0,2,121
M247,M1/18,16:08:58,4,-1,-1,AC3786,0,2,100
T408/6,T343,16:09:08,4,-1,1,AA7167,0,2,121
T343,M239/1,16:09:08,4,-1,2,AA7392,0,2,429
T345/2,T344,16:10:09,4,-1,-1,AA7242,0,2,121
T344,T356/2,16:10:59,4,-1,-1,AA7242,0,2,30
M1/18,M222/2,16:13:25,4,-1,-1,AA6507,0,2,115
T356/2,T358,16:13:35,4,-1,-1,AA7242,0,2,84
T358,T373/1,16:14:25,4,-1,-1,AA7242,0,2,20
M239/1,M235/2,16:14:25,4,-1,-1,AA7341,2,2,1233
M222/2,M244,16:14:56,4,-1,-1,AA6507,0,2,60
T343,M239/1,16:16:17,4,-1,1,AA7167,0,2,418
T373/1,T306,16:16:37,4,-1,1,AA7242,0,2,80
M235/2,M247,16:16:37,4,-1,1,AA7341,0,2,101
M244,M219,16:17:58,4,-1,2,AA6507,0,2,172
T306,T314/2,16:17:58,4,-1,1,AA7242,0,2,40
M247,M1/18,16:18:48,4,-1,-1,AA7341,0,2,121
M219,T316,16:19:49,4,-1,1,AA6835,3,2,620
T314/2,T408/6,16:19:59,4,-1,-1,AA7242,0,2,50
T316,T345/2,16:21:50,4,-1,1,AA6835,0,2,111
T408/6,T343,16:22:20,4,-1,1,AA7242,0,2,111
M1/18,M222/2,16:23:22,4,-1,-1,AA5946,0,2,72
T345/2,T344,16:23:22,4,-1,1,AA6835,0,2,50
M235/2,M247,16:23:33,4,-1,1,AA7301,0,2,203
T344,T356/2,16:24:13,4,-1,1,AA6835,0,2,20
M247,M1/18,16:25:44,4,-1,-1,AA7301,0,2,91
M222/2,M244,16:26:04,4,-1,1,AA5946,0,2,91
T356/2,T358,16:27:05,4,-1,1,AA6835,0,2,141
M244,M219,16:27:36,4,-1,2,AA5946,0,2,60
T358,T373/1,16:28:16,4,-1,1,AA6835,0,2,30
M219,T316,16:28:56,4,-1,1,AA6507,3,2,588
T373/1,T306,16:29:37,4,-1,1,AA6835,0,2,60
T343,M239/1,16:29:47,4,-1,1,AA7242,0,2,414
M219,M50,16:30:07,4,-1,1,AA5946,0,2,70
T316,T345/2,16:30:58,4,-1,1,AA6507,0,2,111
T306,T314/2,16:30:58,4,-1,1,AA6835,0,2,50
T345/2,T344,16:32:18,4,-1,1,AA6507,0,2,50
T344,T356/2,16:33:09,4,-1,1,AA6507,0,2,30
T314/2,T408/6,16:33:29,4,-1,-1,AA6835,0,2,80
T408/6,T343,16:35:44,4,-1,1,AA6835,0,2,115
T356/2,T358,16:36:55,4,-1,1,AA6507,0,2,205
M222/2,M244,16:37:26,4,0,1,AC3786,0,2,30
T358,T373/1,16:37:56,4,-1,1,AA6507,0,2,30
M235/2,M247,16:38:06,4,-1,1,AA7392,0,2,111
M244,M219,16:39:47,4,0,2,AC3786,0,2,60
M50,T345/2,16:39:47,4,-1,2,AA5946,3,2,559
T373/1,T306,16:40:07,4,-1,1,AA6507,0,2,101
M247,M1/18,16:40:17,4,-1,-1,AA7392,0,2,90
T345/2,T344,16:41:28,4,-1,1,AA5946,0,2,70
T306,T314/2,16:41:48,4,-1,2,AA6507,0,2,50
T344,T356/2,16:42:08,4,-1,1,AA5946,0,2,20
T314/2,T408/6,16:43:24,4,-1,-1,AA6507,0,2,35
T343,M239/1,16:44:15,4,-1,-1,AA6835,0,2,459
T408/6,T343,16:45:36,4,-1,1,AA6507,0,2,101
M1/18,M222/2,16:46:06,4,-1,-1,AA7341,0,2,90
M235/2,M247,16:46:57,4,-1,1,AA7167,0,2,131
M222/2,M244,16:48:38,4,-1,1,AA7341,0,2,80
T356/2,T358,16:48:58,4,-1,1,AA5946,0,2,313
M247,M1/18,16:48:58,4,-1,-1,AA7167,0,2,90
M219,T316,16:50:19,4,0,2,AC3786,3,2,510
T358,T373/1,16:50:19,4,-1,1,AA5946,0,2,20
M244,M219,16:50:29,4,-1,2,AA7341,0,2,101
T373/1,T306,16:52:00,4,-1,1,AA5946,0,2,60
T316,T345/2,16:52:10,4,0,2,AC3786,0,2,101
T345/2,T344,16:53:03,4,0,1,AC3786,0,2,30
T343,M239/1,16:53:23,4,-1,1,AA6507,0,2,417
T344,T356/2,16:53:44,4,0,1,AC3786,0,2,20
T306,T314/2,16:53:44,4,-1,2,AA5946,0,2,71
T314/2,T408/6,16:56:16,4,-1,-1,AA5946,0,2,40
M1/18,M222/2,16:56:47,4,-1,-1,AA7392,0,2,91
M222/2,M244,16:58:18,4,-1,2,AA7392,0,2,50
T408/6,T343,16:59:18,4,-1,1,AA5946,0,2,151
M235/2,M247,16:59:38,4,-1,1,AA7242,0,2,111
M244,M219,17:00:49,4,-1,3,AA7392,0,2,70
M219,T316,17:01:19,4,-1,2,AA7341,3,2,569
M247,M1/18,17:02:10,4,-1,-1,AA7242,0,2,90
T356/2,T358,17:02:44,4,0,1,AC3786,0,2,427
T316,T345/2,17:03:14,4,-1,2,AA7341,0,2,104
T358,T373/1,17:03:34,4,0,1,AC3786,0,2,30
T345/2,T344,17:04:45,4,-1,1,AA7341,0,2,40
T373/1,T306,17:05:05,4,0,1,AC3786,0,2,60
T344,T356/2,17:05:56,4,-1,2,AA7341,0,2,30
T306,T314/2,17:06:36,4,0,2,AC3786,0,2,50
T343,M239/1,17:07:57,4,-1,2,AA5946,0,2,468
M1/18,M222/2,17:08:49,4,-1,-1,AA7167,0,2,81
T314/2,T408/6,17:09:09,4,0,-1,AC3786,0,2,30
T356/2,T358,17:10:35,4,-1,1,AA7341,0,2,228
T358,T373/1,17:11:35,4,-1,1,AA7341,0,2,30
T408/6,T343,17:12:26,4,0,1,AC3786,0,2,166
M222/2,M244,17:12:36,4,-1,2,AA7167,0,2,121
M219,T316,17:13:06,4,-1,1,AA7392,3,2,612
T373/1,T306,17:13:06,4,-1,1,AA7341,0,2,60
M244,M219,17:14:17,4,-1,2,AA7167,0,2,60
T306,T314/2,17:14:37,4,-1,2,AA7341,0,2,60
T316,T345/2,17:14:47,4,-1,2,AA7392,0,2,90
T345/2,T344,17:16:48,4,-1,1,AA7392,0,2,60
T314/2,T408/6,17:16:48,4,-1,-1,AA7341,0,2,60
M235/2,M247,17:16:48,4,-1,1,AA6835,0,2,151
T344,T356/2,17:17:39,4,-1,1,AA7392,0,2,30
M247,M1/18,17:19:02,4,-1,-1,AA6835,0,2,103
T408/6,T343,17:19:23,4,-1,1,AA7341,0,2,113
T356/2,T358,17:19:33,4,-1,1,AA7392,0,2,60
T358,T373/1,17:20:13,4,-1,1,AA7392,0,2,30
M1/18,M222/2,17:20:23,4,-1,-1,AA7242,0,2,90
T343,M239/1,17:20:23,4,0,-1,AC3786,0,2,437
T373/1,T306,17:21:54,4,-1,1,AA7392,0,2,70
M222/2,M244,17:23:05,4,-1,3,AA7242,0,2,50
T306,T314/2,17:23:35,4,-1,2,AA7392,0,2,70
M219,T316,17:25:06,4,-1,2,AA7167,3,2,578
M244,M219,17:25:46,4,-1,2,AA7242,0,2,80
T314/2,T408/6,17:26:17,4,-1,-1,AA7392,0,2,40
T316,T345/2,17:27:27,4,-1,3,AA7167,0,2,90
T408/6,T343,17:28:28,4,-1,1,AA7392,0,2,111
T345/2,T344,17:28:58,4,-1,1,AA7167,0,2,50
T344,T356/2,17:30:19,4,-1,1,AA7167,0,2,20
M235/2,M247,17:33:35,4,-1,1,AA6507,0,2,226
T356/2,T358,17:35:06,4,-1,1,AA7167,0,2,212
M1/18,M219,17:35:17,4,-1,2,AA6835,2,2,347
M247,M1/18,17:35:57,4,-1,-1,AA6507,0,2,91
T358,T373/1,17:36:07,4,-1,1,AA7167,0,2,20
M219,T316,17:36:27,4,-1,2,AA7242,3,2,570
T373/1,T306,17:37:58,4,-1,1,AA7167,0,2,60
T306,T314/2,17:39:19,4,-1,2,AA7167,0,2,40
T316,T345/2,17:39:29,4,-1,2,AA7242,0,2,131
M247,M1/18,17:40:20,4,-1,-1,AA5946,0,2,111
T345/2,T344,17:41:00,4,-1,1,AA7242,0,2,70
T344,T356/2,17:42:15,4,-1,1,AA7242,0,2,40
T314/2,T408/6,17:42:56,4,-1,-1,AA7167,0,2,50
M1/18,M222/2,17:43:46,4,-1,-1,AA6507,0,2,50
M222/2,M244,17:45:37,4,-1,3,AA6507,0,2,40
M235/2,M247,17:45:47,4,0,1,AC3786,0,2,101
T408/6,T343,17:46:38,4,-1,1,AA7167,0,2,192
M219,T316,17:46:58,4,-1,2,AA6835,3,2,691
M244,M219,17:47:08,4,-1,2,AA6507,0,2,40
T356/2,T358,17:47:08,4,-1,1,AA7242,0,2,283
M247,M1/18,17:47:49,4,-1,-1,AC3786,0,2,111
T358,T373/1,17:48:44,4,-1,1,AA7242,0,2,44
T316,T345/2,17:49:54,4,-1,2,AA6835,0,2,166
T373/1,T306,17:50:25,4,-1,1,AA7242,0,2,80
T345/2,T344,17:51:56,4,-1,1,AA6835,0,2,70
T306,T314/2,17:51:56,4,-1,1,AA7242,0,2,60
T344,T356/2,17:52:56,4,-1,2,AA6835,0,2,30
T314/2,T408/6,17:54:07,4,-1,-1,AA7242,0,2,30
M1/18,M222/2,17:55:18,4,-1,-1,AA5946,0,2,70
T343,M239/1,17:55:58,4,-1,2,AA7167,0,2,469
T356/2,T358,17:56:49,4,-1,1,AA6835,0,2,192
M222/2,M244,17:57:33,4,-1,3,AA5946,0,2,124
T358,T373/1,17:57:33,4,-1,1,AA6835,0,2,23
M235/2,M247,17:57:33,4,-1,1,AA7341,0,2,215
T408/6,T343,17:58:33,4,-1,1,AA7242,0,2,235
T373/1,T306,17:59:44,4,-1,1,AA6835,0,2,101
M247,M1/18,17:59:54,4,-1,-1,AA7341,0,2,101
M219,T316,18:00:05,4,-1,1,AA6507,3,2,715
M244,M219,18:00:35,4,-1,3,AA5946,0,2,172
T306,T314/2,18:01:05,4,-1,2,AA6835,0,2,40
T316,T345/2,18:02:36,4,-1,2,AA6507,0,2,131
T314/2,T408/6,18:03:17,4,-1,-1,AA6835,0,2,111
T345/2,T344,18:04:38,4,-1,1,AA6507,0,2,60
T344,T356/2,18:05:18,4,-1,1,AA6507,0,2,30
T408/6,T343,18:07:09,4,-1,1,AA6835,0,2,202
T343,M239/1,18:07:31,4,-1,-1,AA7242,0,2,476
M1/18,M222/2,18:07:51,4,0,-1,AC3786,0,2,1157
M222/2,M244,18:09:22,4,0,3,AC3786,0,2,30
T356/2,T358,18:10:35,4,-1,1,AA6507,0,2,296
M219,T316,18:11:26,4,-1,1,AA5946,3,2,549
T358,T373/1,18:11:56,4,-1,1,AA6507,0,2,30
M244,M219,18:12:16,4,0,3,AC3786,0,2,111
M239/1,M64,18:13:11,4,-1,3,AA7167,1,2,1021
T316,T345/2,18:14:03,4,-1,2,AA5946,0,2,137
M235/2,M247,18:14:35,4,-1,1,AA7392,0,2,179
T373/1,T306,18:14:56,4,-1,1,AA6507,0,2,104
T343,M239/1,18:14:56,4,-1,-1,AA6835,0,2,434
M219,M50,18:15:06,4,0,1,AC3786,0,2,42
T345/2,T344,18:15:36,4,-1,1,AA5946,0,2,60
M64,M235/2,18:15:46,4,-1,1,AA7167,0,2,93
T344,T356/2,18:16:37,4,-1,1,AA5946,0,2,30
T306,T314/2,18:17:07,4,-1,2,AA6507,0,2,60
M247,M1/18,18:17:07,4,-1,-1,AA7392,0,2,111
M50,M254,18:18:48,4,0,1,AC3786,1,2,151
T356/2,T358,18:19:09,4,-1,1,AA5946,0,2,141
M235/2,M247,18:19:19,4,-1,1,AA7167,0,2,161
T314/2,T408/6,18:19:29,4,-1,-1,AA6507,0,2,40
M1/18,M244,18:19:59,4,-1,2,AA7341,1,2,303
T358,T373/1,18:20:19,4,-1,1,AA5946,0,2,20
M247,M1/18,18:21:32,4,-1,-1,AA7167,0,2,92
M244,M219,18:22:02,4,-1,3,AA7341,0,2,51
T373/1,T306,18:22:22,4,-1,1,AA5946,0,2,92
T306,T314/2,18:24:04,4,-1,2,AA5946,0,2,60
T408/6,T343,18:25:14,4,-1,1,AA6507,0,2,315
M219,M50,18:26:15,4,-1,1,AA7341,0,2,91
T314/2,T408/6,18:26:15,4,-1,-1,AA5946,0,2,40
M1/18,M222/2,18:30:18,4,-1,-1,AA7392,0,2,131
T408/6,T343,18:30:18,4,-1,1,AA5946,0,2,202
M50,M254,18:31:21,4,-1,1,AA7341,1,2,214
M222/2,M244,18:32:01,4,-1,3,AA7392,0,2,40
M244,M219,18:33:55,4,-1,2,AA7392,0,2,70
M254,T316,18:34:06,4,0,2,AC3786,0,2,907
T343,M239/1,18:35:06,4,-1,3,AA6507,0,2,551
T316,T345/2,18:37:18,4,0,2,AC3786,0,2,151
M219,M50,18:38:29,4,-1,1,AA7392,0,2,131
T345/2,T344,18:39:29,4,0,1,AC3786,0,2,101
T344,T356/2,18:40:20,4,0,1,AC3786,0,2,40
T343,M239/1,18:40:52,4,-1,3,AA5946,0,2,571
M239/1,M64,18:41:02,4,-1,3,AA6507,1,2,346
M235/2,M247,18:42:13,4,-1,1,AA7242,0,2,173
M50,M254,18:42:23,4,-1,1,AA7392,1,2,163
M239/1,M254,18:42:44,4,-1,1,AA5946,0,2,101
T356/2,T358,18:43:24,4,0,1,AC3786,0,2,90
M1/18,M222/2,18:43:44,4,-1,-1,AA7167,0,2,80
M64,M235/2,18:43:54,4,-1,1,AA6507,0,2,101
T358,T373/1,18:44:35,4,0,2,AC3786,0,2,30
M247,M1/18,18:44:55,4,-1,-1,AA7242,0,2,91
M254,T316,18:45:15,4,-1,2,AA7341,0,2,824
M222/2,M244,18:45:36,4,-1,3,AA7167,0,2,40
T373/1,T306,18:47:07,4,0,2,AC3786,0,2,91
M244,M219,18:47:37,4,-1,2,AA7167,0,2,50
T316,T345/2,18:47:57,4,-1,2,AA7341,0,2,111
M235/2,M247,18:47:57,4,-1,1,AA6507,0,2,212
T306,T314/2,18:48:58,4,0,2,AC3786,0,2,80
M235/2,M247,18:49:08,4,-1,1,AA6835,0,2,151
T345/2,T344,18:49:38,4,-1,1,AA7341,0,2,60
M219,M50,18:50:09,4,-1,1,AA7167,0,2,80
T344,T356/2,18:50:19,4,-1,1,AA7341,0,2,30
T314/2,T408/6,18:50:29,4,0,-1,AC3786,0,2,30
M247,M1/18,18:51:19,4,-1,-1,AA6507,0,2,101
M247,M1/18,18:52:32,4,-1,-1,AA6835,0,2,123
T356/2,T358,18:52:52,4,-1,1,AA7341,0,2,112
M254,M64,18:52:52,4,-1,3,AA5946,12,2,578
T408/6,T343,18:53:02,4,0,1,AC3786,0,2,123
T358,T373/1,18:53:53,4,-1,3,AA7341,0,2,30
M50,M254,18:54:13,4,-1,1,AA7167,1,2,163
M254,T316,18:54:54,4,-1,1,AA7392,0,2,730
T373/1,T306,18:56:55,4,-1,2,AA7341,0,2,131
T316,T345/2,18:57:25,4,-1,1,AA7392,0,2,131
M64,M235/2,18:57:46,4,-1,1,AA5946,0,2,141
M1/18,M244,18:59:17,4,-1,2,AA7242,1,2,181
T345/2,T344,18:59:17,4,-1,1,AA7392,0,2,90
T306,T314/2,18:59:17,4,-1,2,AA7341,0,2,80
T344,T356/2,19:00:07,4,-1,1,AA7392,0,2,30
M235/2,M247,19:00:17,4,-1,1,AA5946,0,2,141
M244,M219,19:01:08,4,-1,2,AA7242,0,2,80
T343,M239/1,19:01:08,4,0,2,AC3786,0,2,434
T314/2,T408/6,19:01:38,4,-1,-1,AA7341,0,2,60
M239/1,M254,19:03:09,4,0,1,AC3786,0,2,111
T356/2,T358,19:03:19,4,-1,1,AA7392,0,2,111
M247,M1/18,19:03:19,4,-1,-1,AA5946,0,2,101
T408/6,T343,19:03:29,4,-1,1,AA7341,0,2,80
M219,M50,19:03:50,4,-1,1,AA7242,0,2,121
M254,T316,19:07:25,4,-1,2,AA7167,0,2,771
T316,T345/2,19:09:07,4,-1,2,AA7167,0,2,91
M50,M239/2,19:09:48,4,-1,1,AA7242,0,2,297
M1/18,M222/2,19:10:18,4,-1,-1,AA6835,0,2,50
T345/2,T344,19:10:58,4,-1,1,AA7167,0,2,80
M239/2,M254,19:11:19,4,-1,1,AA7242,0,2,80
T344,T356/2,19:11:49,4,-1,1,AA7167,0,2,40
M254,M64,19:12:09,4,0,2,AC3786,12,2,529
M222/2,M244,19:12:29,4,-1,2,AA6835,0,2,90
T343,M239/1,19:12:29,4,-1,2,AA7341,0,2,499
T356/2,T358,19:13:35,4,-1,1,AA7167,0,2,55
T358,T343,19:13:55,4,-1,1,AA7392,4,2,605
M239/1,M254,19:14:05,4,-1,1,AA7341,0,2,85
M64,M235/2,19:14:15,4,0,1,AC3786,0,2,55
T358,T373/1,19:14:25,4,-1,1,AA7167,0,2,20
M244,M219,19:14:36,4,-1,2,AA6835,0,2,75
M219,M50,19:16:07,4,-1,1,AA6835,0,2,30
T373/1,T306,19:16:37,4,-1,2,AA7167,0,2,101
M235/2,M247,19:17:17,4,0,1,AC3786,0,2,141
T306,T314/2,19:17:48,4,-1,3,AA7167,0,2,50
T314/2,T408/6,19:20:40,4,-1,-1,AA7167,0,2,30
M247,M1/18,19:20:40,4,-1,-1,AC3786,0,2,111
M1/18,M222/2,19:21:34,4,-1,-1,AA6507,0,2,74
M254,M64,19:22:35,4,-1,3,AA7341,12,2,478
M222/2,M244,19:22:45,4,-1,2,AA6507,0,2,20
T343,M239/1,19:22:45,4,-1,2,AA7392,0,2,448
M254,T316,19:23:35,4,-1,1,AA7242,0,2,716
T408/6,T343,19:23:46,4,-1,1,AA7167,0,2,145
M244,M219,19:24:46,4,-1,2,AA6507,0,2,111
M239/1,M254,19:25:16,4,-1,1,AA7392,0,2,141
M64,M235/2,19:25:47,4,-1,1,AA7341,0,2,90
T316,T345/2,19:26:07,4,-1,2,AA7242,0,2,141
M219,M50,19:27:08,4,-1,1,AA6507,0,2,101
T345/2,T344,19:27:18,4,-1,1,AA7242,0,2,40
T344,T356/2,19:27:58,4,-1,1,AA7242,0,2,20
M235/2,M247,19:29:09,4,-1,1,AA7341,0,2,141
T356/2,T358,19:30:52,4,-1,1,AA7242,0,2,122
M50,M254,19:31:12,4,-1,1,AA6507,1,2,163
T343,M239/1,19:31:33,4,-1,1,AA7167,0,2,416
T358,T373/1,19:31:43,4,-1,1,AA7242,0,2,21
M50,T316,19:32:34,4,-1,1,AA6835,2,2,926
M239/1,M254,19:32:54,4,-1,1,AA7167,0,2,70
M247,M1/18,19:33:04,4,-1,-1,AA7341,0,2,102
T316,T345/2,19:34:15,4,-1,2,AA6835,0,2,91
T373/1,T306,19:34:35,4,-1,1,AA7242,0,2,101
M254,M64,19:34:35,4,-1,2,AA7392,12,2,528
T345/2,T344,19:35:56,4,-1,1,AA6835,0,2,70
M1/18,M222/2,19:36:06,4,-1,-1,AA5946,0,2,80
T306,T314/2,19:36:06,4,-1,2,AA7242,0,2,60
T344,T356/2,19:36:46,4,-1,1,AA6835,0,2,40
M222/2,M244,19:38:17,4,-1,2,AA5946,0,2,30
M64,M235/2,19:38:17,4,-1,1,AA7392,0,2,151
T314/2,T408/6,19:38:38,4,-1,-1,AA7242,0,2,30
T356/2,T358,19:39:28,4,-1,1,AA6835,0,2,141
T358,T373/1,19:40:19,4,-1,1,AA6835,0,2,30
M254,M64,19:40:39,4,-1,2,AA7167,12,2,444
M244,M219,19:40:49,4,-1,2,AA5946,0,2,111
T408/6,T343,19:41:09,4,-1,1,AA7242,0,2,111
M235/2,M247,19:41:09,4,-1,1,AA7392,0,2,121
M219,M50,19:43:14,4,-1,1,AA5946,0,2,105
M254,T316,19:43:35,4,-1,2,AA6507,0,2,733
T373/1,T306,19:43:35,4,-1,1,AA6835,0,2,145
M247,M1/18,19:43:55,4,-1,-1,AA7392,0,2,115
M64,M235/2,19:44:05,4,-1,1,AA7167,0,2,145
T306,T314/2,19:44:36,4,-1,2,AA6835,0,2,40
T316,T345/2,19:45:16,4,-1,2,AA6507,0,2,90
T345/2,T344,19:46:57,4,-1,1,AA6507,0,2,60
T314/2,T408/6,19:46:57,4,-1,-1,AA6835,0,2,50
T344,T356/2,19:47:37,4,-1,1,AA6507,0,2,30
M235/2,M247,19:47:58,4,-1,1,AA7167,0,2,212
T343,M239/1,19:48:58,4,-1,1,AA7242,0,2,428
T408/6,T343,19:49:50,4,-1,1,AA6835,0,2,142
M239/1,M254,19:50:30,4,-1,1,AA7242,0,2,81
M247,M1/18,19:50:30,4,-1,-1,AA7167,0,2,91
T356/2,T358,19:51:00,4,-1,1,AA6507,0,2,60
T358,T373/1,19:52:04,4,-1,2,AA6507,0,2,30
M222/2,M244,19:55:06,4,0,2,AC3786,0,2,60
T373/1,T306,19:55:16,4,-1,1,AA6507,0,2,111
T306,T314/2,19:56:06,4,-1,2,AA6507,0,2,40
M254,M64,19:56:57,4,-1,2,AA7242,12,2,356
M50,T316,19:57:07,4,-1,1,AA5946,2,2,791
M244,M219,19:57:27,4,0,2,AC3786,0,2,50
T314/2,T408/6,19:57:47,4,-1,-1,AA6507,0,2,40
T316,T345/2,19:58:28,4,-1,1,AA5946,0,2,70
T343,M239/1,19:58:28,4,-1,1,AA6835,0,2,467
M219,M50,19:59:38,4,0,1,AC3786,0,2,90
T345/2,T344,20:00:09,4,-1,1,AA5946,0,2,40
M64,M235/2,20:00:19,4,-1,1,AA7242,0,2,101
M239/1,M254,20:00:29,4,-1,1,AA6835,0,2,111
T408/6,T343,20:00:39,4,-1,1,AA6507,0,2,131
T344,T356/2,20:01:40,4,-1,1,AA5946,0,2,40
M235/2,M247,20:02:53,4,-1,1,AA7242,0,2,143
M50,M254,20:03:23,4,0,1,AC3786,1,2,183
M247,M1/18,20:05:05,4,-1,-1,AA7242,0,2,102
T356/2,T358,20:05:15,4,-1,1,AA5946,0,2,102
T358,T373/1,20:06:16,4,-1,1,AA5946,0,2,20
M254,M64,20:06:16,4,-1,2,AA6835,12,2,306
T343,M239/1,20:08:37,4,-1,1,AA6507,0,2,437
T373/1,T306,20:09:17,4,-1,1,AA5946,0,2,141
M64,M235/2,20:09:28,4,-1,1,AA6835,0,2,70
M239/1,M254,20:10:08,4,-1,1,AA6507,0,2,80
T306,T314/2,20:10:38,4,-1,1,AA5946,0,2,40
M254,T316,20:12:29,4,0,1,AC3786,0,2,526
T314/2,T408/6,20:12:29,4,-1,-1,AA5946,0,2,40
M235/2,M247,20:13:10,4,-1,1,AA6835,0,2,212
M247,M1/18,20:15:03,4,-1,-1,AA6835,0,2,90
T316,T345/2,20:15:24,4,0,1,AC3786,0,2,133
M254,M64,20:15:24,4,-1,2,AA6507,12,2,285
T408/6,T343,20:15:54,4,-1,1,AA5946,0,2,111
M1/18,M244,20:16:55,4,-1,2,AA7341,1,2,151
T345/2,T344,20:17:15,4,0,1,AC3786,0,2,50
T344,T356/2,20:18:25,4,0,1,AC3786,0,2,40
M64,M235/2,20:18:57,4,-1,1,AA6507,0,2,152
M244,M219,20:19:27,4,-1,2,AA7341,0,2,71
T356/2,T358,20:21:28,4,0,1,AC3786,0,2,70
M219,M50,20:21:38,4,-1,1,AA7341,0,2,60
T358,T373/1,20:22:19,4,0,1,AC3786,0,2,20
M235/2,M247,20:22:29,4,-1,1,AA6507,0,2,191
T343,M239/1,20:24:00,4,-1,1,AA5946,0,2,425
T373/1,T306,20:24:32,4,0,1,AC3786,0,2,83
M50,M254,20:25:33,4,-1,1,AA7341,1,2,163
M239/1,M254,20:25:53,4,-1,1,AA5946,0,2,103
T306,T314/2,20:26:23,4,0,2,AC3786,0,2,60
M247,M1/18,20:27:04,4,-1,-1,AA6507,0,2,101
T314/2,T408/6,20:28:15,4,0,-1,AC3786,0,2,40
T408/6,T343,20:30:47,4,0,1,AC3786,0,2,121
M254,M64,20:32:08,4,-1,2,AA5946,12,2,324
M1/18,M222/2,20:35:10,4,-1,-1,AA7392,0,2,60
M254,T316,20:35:10,4,-1,1,AA7341,0,2,566
M64,M235/2,20:35:20,4,-1,1,AA5946,0,2,90
T316,T345/2,20:37:23,4,-1,2,AA7341,0,2,90
M222/2,M244,20:37:44,4,-1,2,AA7392,0,2,121
M235/2,M247,20:38:34,4,-1,1,AA5946,0,2,141
T345/2,T344,20:38:44,4,-1,1,AA7341,0,2,50
T344,T356/2,20:39:25,4,-1,1,AA7341,0,2,30
T343,M254,20:39:45,4,0,1,AC3786,1,2,507
M244,M219,20:41:26,4,-1,2,AA7392,0,2,161
M247,M1/18,20:41:46,4,-1,-1,AA5946,0,2,100
M219,M50,20:43:37,4,-1,1,AA7392,0,2,80
T356/2,T358,20:45:18,4,-1,1,AA7341,0,2,80
M254,M64,20:45:38,4,0,2,AC3786,12,2,323
T358,T373/1,20:47:09,4,-1,1,AA7341,0,2,30
M64,M235/2,20:47:50,4,0,1,AC3786,0,2,70
T373/1,T306,20:49:53,4,-1,1,AA7341,0,2,82
M235/2,M247,20:50:43,4,0,1,AC3786,0,2,143
T306,T314/2,20:51:44,4,-1,1,AA7341,0,2,50
M247,M1/18,20:52:55,4,-1,-1,AC3786,0,2,91
T314/2,T408/6,20:54:25,4,-1,-1,AA7341,0,2,60
M1/18,M222/2,20:54:36,4,-1,-1,AA7167,0,2,80
M222/2,M244,20:56:47,4,-1,2,AA7167,0,2,60
T408/6,T343,20:56:47,4,-1,1,AA7341,0,2,80
M50,T316,20:56:57,4,-1,2,AA7392,2,2,749
M244,M219,20:58:08,4,-1,2,AA7167,0,2,30
T316,T345/2,20:59:08,4,-1,2,AA7392,0,2,121
M219,M50,21:00:29,4,-1,1,AA7167,0,2,50
T345/2,T344,21:01:20,4,-1,1,AA7392,0,2,101
T344,T356/2,21:02:02,4,-1,1,AA7392,0,2,30
M50,M254,21:03:55,4,-1,1,AA7167,1,2,185
T356/2,T358,21:06:06,4,-1,1,AA7392,0,2,101
T343,M239/1,21:07:07,4,-1,1,AA7341,0,2,569
T358,T373/1,21:07:37,4,-1,1,AA7392,0,2,30
M239/1,M254,21:08:58,4,-1,1,AA7341,0,2,101
T373/1,T306,21:09:49,4,-1,1,AA7392,0,2,60
T306,T314/2,21:11:50,4,-1,1,AA7392,0,2,40
M1/18,M222/2,21:12:43,4,-1,-1,AA6835,0,2,22
M254,T316,21:13:23,4,-1,1,AA7167,0,2,558
M222/2,M244,21:14:15,4,-1,2,AA6835,0,2,81
T314/2,T408/6,21:14:15,4,-1,-1,AA7392,0,2,30
T316,T345/2,21:15:15,4,-1,1,AA7167,0,2,101
M254,M64,21:15:15,4,-1,2,AA7341,12,2,326
T345/2,T344,21:16:16,4,-1,1,AA7167,0,2,40
T344,T356/2,21:16:56,4,-1,1,AA7167,0,2,30
T408/6,T343,21:16:56,4,-1,1,AA7392,0,2,131
T356/2,T358,21:18:38,4,-1,1,AA7167,0,2,50
M244,M50,21:18:48,4,-1,1,AA6835,1,2,202
M64,M235/2,21:19:08,4,-1,1,AA7341,0,2,70
T358,T373/1,21:19:58,4,-1,1,AA7167,0,2,20
M50,M254,21:21:50,4,-1,1,AA6835,1,2,151
M235/2,M247,21:22:00,4,-1,1,AA7341,0,2,161
T373/1,T306,21:22:20,4,-1,1,AA7167,0,2,101
T306,T314/2,21:24:04,4,-1,1,AA7167,0,2,30
M247,M1/18,21:24:14,4,-1,-1,AA7341,0,2,94
T343,M239/1,21:24:55,4,-1,1,AA7392,0,2,427
T314/2,T408/6,21:26:26,4,-1,-1,AA7167,0,2,30
M239/1,M254,21:26:26,4,-1,1,AA7392,0,2,80
M1/18,M222/2,21:27:37,4,-1,-1,AA6507,0,2,50
T408/6,T343,21:28:57,4,-1,1,AA7167,0,2,121
M222/2,M244,21:29:48,4,-1,1,AA6507,0,2,80
M254,T316,21:31:19,4,-1,1,AA6835,0,2,559
M244,M219,21:32:30,4,-1,2,AA6507,0,2,101
M254,M64,21:33:00,4,-1,2,AA7392,12,2,364
T316,T345/2,21:33:45,4,-1,1,AA6835,0,2,135
M219,M50,21:35:06,4,-1,1,AA6507,0,2,81
T345/2,T344,21:35:16,4,-1,1,AA6835,0,2,51
M64,M235/2,21:35:36,4,-1,1,AA7392,0,2,81
T344,T356/2,21:36:07,4,-1,1,AA6835,0,2,30
T343,M254,21:37:28,4,-1,1,AA7167,1,2,469
T356/2,T358,21:37:38,4,-1,1,AA6835,0,2,60
M50,M254,21:38:28,4,-1,1,AA6507,1,2,161
T358,T373/1,21:38:48,4,-1,1,AA6835,0,2,30
M235/2,M247,21:39:19,4,-1,1,AA7392,0,2,182
T373/1,T306,21:40:30,4,-1,1,AA6835,0,2,71
T306,T314/2,21:41:21,4,-1,1,AA6835,0,2,30
M247,M1/18,21:41:33,4,-1,-1,AA7392,0,2,93
T314/2,T408/6,21:43:04,4,-1,-1,AA6835,0,2,30
M254,M64,21:43:24,4,-1,3,AA7167,12,2,316
T408/6,T343,21:45:05,4,-1,1,AA6835,0,2,90
M1/18,M222/2,21:46:46,4,-1,-1,AA7341,0,2,50
M64,M235/2,21:46:46,4,-1,2,AA7167,0,2,151
M254,T316,21:48:07,4,-1,1,AA6507,0,2,568
M222/2,M244,21:48:48,4,-1,3,AA7341,0,2,70
M235/2,M247,21:48:58,4,-1,1,AA7167,0,2,121
T316,T345/2,21:49:48,4,-1,1,AA6507,0,2,91
M244,M219,21:50:59,4,-1,2,AA7341,0,2,121
T345/2,T344,21:50:59,4,-1,1,AA6507,0,2,40
M247,M1/18,21:51:19,4,-1,-1,AA7167,0,2,90
T344,T356/2,21:51:29,4,-1,1,AA6507,0,2,20
T343,M239/1,21:52:50,4,-1,1,AA6835,0,2,424
M219,M50,21:53:33,4,-1,1,AA7341,0,2,112
M239/1,M254,21:54:33,4,-1,1,AA6835,0,2,92
T356/2,T358,21:54:43,4,-1,1,AA6507,0,2,153
T358,T373/1,21:55:44,4,-1,1,AA6507,0,2,30
M50,M254,21:56:45,4,-1,1,AA7341,1,2,161
T373/1,T306,21:57:45,4,-1,1,AA6507,0,2,70
T306,T314/2,21:58:36,4,-1,1,AA6507,0,2,40
M254,M64,21:59:57,4,-1,3,AA6835,12,2,303
T314/2,T408/6,22:00:17,4,-1,-1,AA6507,0,2,40
T408/6,T343,22:02:18,4,-1,1,AA6507,0,2,90
M64,M235/2,22:02:49,4,-1,1,AA6835,0,2,111
M1/18,M222/2,22:04:35,4,-1,-1,AA7392,0,2,56
M235/2,M247,22:04:35,4,-1,1,AA6835,0,2,86
M254,T316,22:05:36,4,-1,1,AA7341,0,2,521
M222/2,M244,22:05:46,4,-1,2,AA7392,0,2,20
M247,M1/18,22:06:47,4,-1,-1,AA6835,0,2,91
T316,T345/2,22:07:07,4,-1,2,AA7341,0,2,80
M244,M219,22:08:08,4,-1,1,AA7392,0,2,40
T345/2,T344,22:08:28,4,-1,1,AA7341,0,2,60
T344,T356/2,22:09:39,4,-1,1,AA7341,0,2,30
T343,M239/1,22:10:09,4,-1,1,AA6507,0,2,420
M219,M50,22:11:20,4,-1,1,AA7392,0,2,121
M239/1,M254,22:12:02,4,-1,1,AA6507,0,2,102
T356/2,T358,22:12:12,4,-1,1,AA7341,0,2,143
T358,T373/1,22:13:03,4,-1,1,AA7341,0,2,20
T373/1,T306,22:15:26,4,-1,1,AA7341,0,2,70
M50,M254,22:15:36,4,-1,1,AA7392,1,2,224
T306,T314/2,22:16:47,4,-1,1,AA7341,0,2,40
M254,M64,22:17:27,4,-1,2,AA6507,12,2,305
T314/2,T408/6,22:18:58,4,-1,-1,AA7341,0,2,50
M64,M235/2,22:19:19,4,-1,1,AA6507,0,2,60
M1/18,M222/2,22:20:19,4,-1,-1,AA7167,0,2,70
T408/6,T343,22:21:10,4,-1,1,AA7341,0,2,111
M222/2,M244,22:23:04,4,-1,2,AA7167,0,2,74
M235/2,M247,22:23:35,4,-1,1,AA6507,0,2,195
M254,T316,22:24:46,4,-1,1,AA7392,0,2,539
M244,M219,22:24:56,4,-1,2,AA7167,0,2,50
M247,M1/18,22:26:27,4,-1,-1,AA6507,0,2,90
T316,T345/2,22:26:47,4,-1,2,AA7392,0,2,111
T345/2,T344,22:28:28,4,-1,1,AA7392,0,2,80
M219,M50,22:28:48,4,-1,1,AA7167,0,2,192
T343,M239/1,22:28:48,4,-1,1,AA7341,0,2,407
T344,T356/2,22:29:29,4,-1,1,AA7392,0,2,30
M239/1,M254,22:30:40,4,-1,1,AA7341,0,2,101
M50,M254,22:32:52,4,-1,1,AA7167,1,2,163
M1/18,M222/2,22:33:13,4,-1,-1,AA6835,0,2,60
T356/2,T358,22:33:34,4,-1,1,AA7392,0,2,61
T358,T373/1,22:34:40,4,-1,1,AA7392,0,2,20
M222/2,M244,22:35:00,4,-1,2,AA6835,0,2,65
M254,M64,22:35:54,4,-1,2,AA7341,12,2,294
T373/1,T306,22:36:25,4,-1,1,AA7392,0,2,64
M244,M219,22:36:45,4,-1,2,AA6835,0,2,30
T306,T314/2,22:37:46,4,-1,1,AA7392,0,2,40
M64,M235/2,22:37:46,4,-1,1,AA7341,0,2,50
M219,M50,22:38:56,4,-1,1,AA6835,0,2,90
T314/2,T408/6,22:39:27,4,-1,-1,AA7392,0,2,40
M235/2,M247,22:40:07,4,-1,1,AA7341,0,2,131
T408/6,T343,22:41:48,4,-1,1,AA7392,0,2,121
M50,M254,22:41:58,4,-1,1,AA6835,1,2,161
M254,T316,22:41:58,4,-1,1,AA7167,0,2,525
M247,M1/18,22:42:19,4,-1,-1,AA7341,0,2,101
T316,T345/2,22:44:40,4,-1,2,AA7167,0,2,141
M1/18,M222/2,22:46:01,4,-1,-1,AA6507,0,2,70
T345/2,T344,22:46:11,4,-1,1,AA7167,0,2,60
T344,T356/2,22:46:43,4,-1,1,AA7167,0,2,21
M222/2,M244,22:47:13,4,-1,2,AA6507,0,2,20
M244,M219,22:49:56,4,-1,2,AA6507,0,2,80
T356/2,T358,22:50:16,4,-1,-1,AA7167,0,2,112
M254,T316,22:50:47,4,-1,-1,AA6835,0,2,518
T343,M254,22:51:08,4,-1,-1,AA7392,1,2,529
T358,T373/1,22:51:18,4,-1,-1,AA7167,0,2,30
M219,M50,22:51:58,4,-1,-1,AA6507,0,2,50
T316,T345/2,22:52:29,4,-1,-1,AA6835,0,2,80
T373/1,T306,22:53:09,4,-1,-1,AA7167,0,2,60
T345/2,T344,22:53:49,4,-1,-1,AA6835,0,2,40
T306,T314/2,22:54:20,4,-1,-1,AA7167,0,2,40
T344,T356/2,22:54:32,4,-1,-1,AA6835,0,2,32
M50,M254,22:55:13,4,-1,1,AA6507,1,2,154
T314/2,T408/6,22:56:25,4,-1,-1,AA7167,0,2,30
M254,M64,22:56:35,4,-1,2,AA7392,12,2,306
T356/2,T358,22:57:05,4,-1,1,AA6835,0,2,142
T358,T373/1,22:58:06,4,-1,1,AA6835,0,2,30
T408/6,T343,22:58:26,4,-1,1,AA7167,0,2,101
M64,M235/2,22:59:06,4,-1,1,AA7392,0,2,101
T373/1,T306,22:59:27,4,-1,1,AA6835,0,2,60
T306,T314/2,23:00:07,4,-1,1,AA6835,0,2,30
M235/2,M247,23:01:18,4,-1,1,AA7392,0,2,121
T314/2,T408/6,23:01:38,4,-1,-1,AA6835,0,2,50
M247,M1/18,23:03:09,4,-1,-1,AA7392,0,2,91
T408/6,T343,23:03:30,4,-1,1,AA6835,0,2,91
M1/18,M222/2,23:03:50,4,-1,-1,AA7341,0,2,50
M254,T316,23:04:42,4,-1,1,AA6507,0,2,559
M222/2,M244,23:06:25,4,-1,1,AA7341,0,2,124
T343,M239/1,23:06:25,4,-1,1,AA7167,0,2,438
T316,T345/2,23:06:55,4,-1,3,AA6507,0,2,122
T345/2,T344,23:07:57,4,-1,1,AA6507,0,2,41
M244,M219,23:08:17,4,-1,1,AA7341,0,2,102
M239/1,M254,23:08:17,4,-1,1,AA7167,0,2,102
T344,T356/2,23:08:47,4,-1,1,AA6507,0,2,20
M219,M50,23:10:28,4,-1,1,AA7341,0,2,80
T343,M239/1,23:10:49,4,-1,1,AA6835,0,2,398
T356/2,T358,23:11:09,4,-1,1,AA6507,0,2,111
T358,T373/1,23:11:59,4,-1,1,AA6507,0,2,20
M239/1,M254,23:12:10,4,-1,1,AA6835,0,2,70
T373/1,T306,23:13:34,4,-1,1,AA6507,0,2,50
M254,M64,23:13:34,4,-1,2,AA7167,12,2,296
T306,T314/2,23:14:34,4,-1,1,AA6507,0,2,30
M50,M254,23:14:44,4,-1,1,AA7341,1,2,175
M64,M235/2,23:15:55,4,-1,1,AA7167,0,2,111
T314/2,T408/6,23:16:05,4,-1,-1,AA6507,0,2,30
M254,M64,23:17:46,4,-1,2,AA6835,12,2,313
T408/6,T343,23:18:27,4,-1,1,AA6507,0,2,121
M235/2,M247,23:18:37,4,-1,1,AA7167,0,2,141
M64,M235/2,23:19:07,4,-1,1,AA6835,0,2,40
M247,M1/18,23:20:48,4,-1,-1,AA7167,0,2,90
M1/18,M222/2,23:22:09,4,-1,-1,AA7392,0,2,40
M235/2,M247,23:22:19,4,-1,1,AA6835,0,2,141
M222/2,M244,23:23:56,4,-1,1,AA7392,0,2,96
M254,T316,23:24:16,4,-1,1,AA7341,0,2,551
M247,M1/18,23:24:16,4,-1,-1,AA6835,0,2,66
T316,T345/2,23:25:57,4,-1,2,AA7341,0,2,90
M244,M219,23:26:38,4,-1,2,AA7392,0,2,80
T343,M254,23:27:08,4,-1,1,AA6507,1,2,490
T345/2,T344,23:27:18,4,-1,1,AA7341,0,2,60
T344,T356/2,23:28:09,4,-1,1,AA7341,0,2,20
M219,M50,23:28:49,4,-1,1,AA7392,0,2,80
T356/2,T358,23:30:45,4,-1,1,AA7341,0,2,125
T358,T373/1,23:31:25,4,-1,1,AA7341,0,2,30
M50,M254,23:32:06,4,-1,1,AA7392,1,2,166
M254,M64,23:32:06,4,-1,3,AA6507,12,2,277
T373/1,T306,23:33:16,4,-1,1,AA7341,0,2,70
M64,M235/2,23:34:17,4,-1,1,AA6507,0,2,40
T306,T314/2,23:34:38,4,-1,1,AA7341,0,2,31
T314/2,T408/6,23:36:09,4,-1,-1,AA7341,0,2,40
M235/2,M247,23:36:39,4,-1,1,AA6507,0,2,101
T408/6,T343,23:38:22,4,-1,1,AA7341,0,2,92
M247,M1/18,23:39:12,4,-1,-1,AA6507,0,2,80
M1/18,M222/2,23:39:23,4,-1,-1,AA7167,0,2,50
M222/2,M244,23:40:43,4,-1,1,AA7167,0,2,50
M254,T316,23:41:14,4,-1,1,AA7392,0,2,538
T316,T345/2,23:42:55,4,-1,1,AA7392,0,2,81
M244,M219,23:43:05,4,-1,1,AA7167,0,2,40
T345/2,T344,23:44:27,4,-1,1,AA7392,0,2,50
M219,M50,23:45:28,4,-1,1,AA7167,0,2,101
T344,T356/2,23:45:28,4,-1,1,AA7392,0,2,30
T343,M239/1,23:45:28,4,-1,1,AA7341,0,2,405
M239/1,M254,23:46:59,4,-1,1,AA7341,0,2,80
T356/2,T358,23:47:34,4,-1,1,AA7392,0,2,55
M50,M254,23:48:24,4,-1,1,AA7167,1,2,156
T358,T373/1,23:48:24,4,-1,1,AA7392,0,2,10
T373/1,T306,23:49:56,4,-1,1,AA7392,0,2,61
T306,T314/2,23:50:56,4,-1,1,AA7392,0,2,40
M254,M64,23:52:27,4,-1,3,AA7341,12,2,293
T314/2,T408/6,23:52:58,4,-1,-1,AA7392,0,2,40
M64,M235/2,23:54:19,4,-1,1,AA7341,0,2,40
T408/6,T343,23:54:59,4,-1,1,AA7392,0,2,90
M1/18,M222/2,23:57:11,4,-1,-1,AA6507,0,2,61
M254,T316,23:57:21,4,-1,2,AA7167,0,2,526
M235/2,M247,23:57:42,4,-1,1,AA7341,0,2,172
M222/2,M244,23:58:54,4,-1,1,AA6507,0,2,62
T316,T345/2,23:59:04,4,-1,1,AA7167,0,2,92
M247,M1/18,23:59:25,4,-1,-1,AA7341,0,2,72
T345/2,T344,0:00:25,5,-1,-1,AA7167,0,2,50
M244,M219,0:01:27,5,-1,-1,AA6507,0,2,102
T344,T356/2,0:01:27,5,-1,-1,AA7167,0,2,30
T343,M239/1,0:02:17,5,-1,-1,AA7392,0,2,397
M219,M50,0:03:28,5,-1,-1,AA6507,0,2,91
M239/1,M254,0:04:19,5,-1,-1,AA7392,0,2,111
T356/2,T358,0:04:39,5,-1,-1,AA7167,0,2,90
T358,T373/1,0:05:40,5,-1,1,AA7167,0,2,30
M50,M254,0:06:41,5,-1,1,AA6507,1,2,152
T373/1,T306,0:06:51,5,-1,1,AA7167,0,2,51
T306,T314/2,0:08:02,5,-1,1,AA7167,0,2,20
T314/2,T408/6,0:09:14,5,-1,-1,AA7167,0,2,20
M254,M64,0:10:25,5,-1,2,AA7392,12,2,346
T408/6,T343,0:11:06,5,-1,1,AA7167,0,2,80
M64,M235/2,0:12:37,5,-1,1,AA7392,0,2,60
M1/18,M222/2,0:15:08,5,-1,-1,AA7341,0,2,30
M235/2,M247,0:15:49,5,-1,1,AA7392,0,2,141
M254,T316,0:16:19,5,-1,1,AA6507,0,2,567
M222/2,M244,0:16:39,5,-1,2,AA7341,0,2,70
T316,T345/2,0:17:30,5,-1,2,AA6507,0,2,60
M247,M1/18,0:17:40,5,-1,-1,AA7392,0,2,91
M244,M219,0:18:10,5,-1,2,AA7341,0,2,40
T343,M239/1,0:18:35,5,-1,1,AA7167,0,2,408
T345/2,T344,0:18:45,5,-1,1,AA6507,0,2,44
T344,T356/2,0:19:45,5,-1,1,AA6507,0,2,20
M219,M50,0:20:26,5,-1,1,AA7341,0,2,101
M239/1,M254,0:20:36,5,-1,1,AA7167,0,2,111
T356/2,T358,0:21:57,5,-1,1,AA6507,0,2,111
T358,T373/1,0:22:37,5,-1,1,AA6507,0,2,20
M50,M254,0:23:28,5,-1,1,AA7341,1,2,151
T373/1,T306,0:24:08,5,-1,1,AA6507,0,2,50
T306,T314/2,0:24:59,5,-1,1,AA6507,0,2,40
M254,M64,0:25:29,5,-1,2,AA7167,12,2,272
T314/2,T408/6,0:25:49,5,-1,-1,AA6507,0,2,30
T408/6,T343,0:27:21,5,-1,1,AA6507,0,2,61
M64,M235/2,0:27:34,5,-1,1,AA7167,0,2,42
M235/2,M247,0:30:26,5,-1,1,AA7167,0,2,152
M254,T316,0:32:08,5,-1,1,AA7341,0,2,509
M247,M1/18,0:32:18,5,-1,-1,AA7167,0,2,80
T316,T345/2,0:34:00,5,-1,2,AA7341,0,2,102
T343,M239/1,0:34:42,5,-1,1,AA6507,0,2,407
T345/2,T344,0:35:02,5,-1,1,AA7341,0,2,51
M1/18,M244,0:35:42,5,-1,1,AA7392,1,2,184
M239/1,M254,0:36:34,5,-1,1,AA6507,0,2,102
T344,T358,0:37:34,5,-1,1,AA7341,1,2,142
M244,M219,0:38:15,5,-1,2,AA7392,0,2,60
T358,T373/1,0:38:25,5,-1,1,AA7341,0,2,20
T373/1,T306,0:39:56,5,-1,1,AA7341,0,2,60
M219,M50,0:40:26,5,-1,1,AA7392,0,2,90
T306,T314/2,0:41:17,5,-1,1,AA7341,0,2,40
M254,M64,0:41:27,5,-1,2,AA6507,12,2,272
T314/2,T408/6,0:42:17,5,-1,-1,AA7341,0,2,30
M64,M235/2,0:43:59,5,-1,1,AA6507,0,2,101
T408/6,T343,0:44:39,5,-1,1,AA7341,0,2,111
M235/2,M247,0:46:33,5,-1,1,AA6507,0,2,134
M1/18,M222/2,0:47:44,5,-1,-1,AA7167,0,2,30
M247,M1/18,0:48:24,5,-1,-1,AA6507,0,2,80
M222/2,M244,0:49:25,5,-1,1,AA7167,0,2,80
T343,M239/1,0:51:16,5,-1,1,AA7341,0,2,367
M244,M219,0:51:37,5,-1,2,AA7167,0,2,30
M50,T316,0:52:27,5,-1,1,AA7392,2,2,680
M239/1,M254,0:52:27,5,-1,1,AA7341,0,2,60
M219,M50,0:53:38,5,-1,1,AA7167,0,2,80
T316,T345/2,0:53:58,5,-1,-1,AA7392,0,2,80
T345/2,T344,0:54:49,5,-1,1,AA7392,0,2,30
T344,T356/2,0:55:29,5,-1,1,AA7392,0,2,20
M50,M254,0:56:20,5,-1,1,AA7167,1,2,141
M254,M64,0:56:51,5,-1,2,AA7341,12,2,243
T356/2,T358,0:57:01,5,-1,1,AA7392,0,2,51
T358,T373/1,0:57:52,5,-1,1,AA7392,0,2,41
M64,M235/2,0:59:03,5,-1,1,AA7341,0,2,102
T373/1,T306,0:59:13,5,-1,1,AA7392,0,2,50
T306,T314/2,1:00:24,5,-1,1,AA7392,0,2,40
M235/2,M247,1:01:05,5,-1,1,AA7341,0,2,111
T314/2,T408/6,1:01:25,5,-1,-1,AA7392,0,2,30
M247,M1/18,1:03:06,5,-1,-1,AA7341,0,2,111
T408/6,T343,1:03:36,5,-1,1,AA7392,0,2,111
M1/18,M222/2,1:05:07,5,-1,-1,AA6507,0,2,60
M222/2,M244,1:05:58,5,-1,2,AA6507,0,2,20
M254,T345/2,1:06:28,5,-1,2,AA7167,1,2,597
T345/2,T344,1:07:39,5,-1,1,AA7167,0,2,40
M244,M219,1:07:59,5,-1,1,AA6507,0,2,111
T344,T356/2,1:08:09,5,-1,1,AA7167,0,2,20
M219,M50,1:08:49,5,-1,1,AA6507,0,2,10
T356/2,T358,1:09:32,5,-1,1,AA7167,0,2,52
T358,T373/1,1:10:12,5,-1,1,AA7167,0,2,10
T343,M239/1,1:10:53,5,-1,1,AA7392,0,2,395
T373/1,T306,1:11:13,5,-1,1,AA7167,0,2,50
T306,T314/2,1:12:24,5,-1,1,AA7167,0,2,30
M239/1,M254,1:12:34,5,-1,1,AA7392,0,2,91
T314/2,T408/6,1:13:04,5,-1,-1,AA7167,0,2,20
T408/6,T343,1:14:46,5,-1,1,AA7167,0,2,80
M254,M64,1:17:27,5,-1,2,AA7392,12,2,272
M64,M235/2,1:19:08,5,-1,1,AA7392,0,2,50
M50,T316,1:20:39,5,-1,-1,AA6507,2,2,699
M235/2,M247,1:21:10,5,-1,-1,AA7392,0,2,111
M1/18,M222/2,1:21:32,5,-1,-1,AA7341,0,2,42
T316,T345/2,1:21:52,5,-1,-1,AA6507,0,2,62
T345/2,T344,1:22:45,5,-1,-1,AA6507,0,2,42
M247,M1/18,1:22:55,5,-1,-1,AA7392,0,2,82
M222/2,M244,1:23:05,5,-1,-1,AA7341,0,2,52
T344,T356/2,1:23:25,5,-1,-1,AA6507,0,2,30
T343,M254,1:23:25,5,-1,-1,AA7167,1,2,499
M244,M219,1:24:46,5,-1,-1,AA7341,0,2,40
T356/2,T358,1:25:27,5,-1,1,AA6507,0,2,111
M219,M50,1:25:37,5,-1,1,AA7341,0,2,20
T358,T373/1,1:26:17,5,-1,1,AA6507,0,2,20
M254,M64,1:27:18,5,-1,2,AA7167,12,2,222
T373/1,T306,1:27:38,5,-1,1,AA6507,0,2,50
M50,M254,1:28:28,5,-1,1,AA7341,1,2,161
T306,T314/2,1:28:28,5,-1,1,AA6507,0,2,30
M64,M235/2,1:29:09,5,-1,1,AA7167,0,2,50
T314/2,T408/6,1:29:39,5,-1,-1,AA6507,0,2,30
M235/2,M247,1:30:34,5,-1,1,AA7167,0,2,74
T408/6,T343,1:32:15,5,-1,1,AA6507,0,2,125
M247,M1/18,1:32:15,5,-1,-1,AA7167,0,2,90
M254,T316,1:36:48,5,-1,1,AA7341,0,2,489
T316,T345/2,1:38:29,5,-1,-1,AA7341,0,2,90
T343,M254,1:40:34,5,-1,1,AA6507,1,2,468
T345/2,T344,1:41:14,5,-1,1,AA7341,0,2,40
T344,T356/2,1:41:55,5,-1,1,AA7341,0,2,20
T356/2,T358,1:43:17,5,-1,1,AA7341,0,2,51
T358,T373/1,1:43:57,5,-1,1,AA7341,0,2,20
M254,M64,1:44:48,5,-1,2,AA6507,12,2,233
T373/1,T306,1:45:18,5,-1,1,AA7341,0,2,50
T306,T314/2,1:45:58,5,-1,1,AA7341,0,2,30
M64,M235/2,1:46:39,5,-1,1,AA6507,0,2,70
T314/2,T408/6,1:47:19,5,-1,-1,AA7341,0,2,40
M235/2,M247,1:47:50,5,-1,1,AA6507,0,2,40
T408/6,T343,1:48:33,5,-1,1,AA7341,0,2,33
M247,M1/18,1:49:54,5,-1,-1,AA6507,0,2,94
T343,M254,1:56:48,5,-1,1,AA7341,1,2,474
M254,M64,2:02:05,5,-1,-1,AA7341,12,2,296
M64,M247,2:06:38,5,-1,1,AA7341,1,2,222
M247,M1/18,2:08:29,5,-1,-1,AA7341,0,2,90
M1/18,M222/2,6:01:27,5,-1,-1,AA7392,0,2,60
M222/2,M244,6:02:37,5,-1,1,AA7392,0,2,20
M244,M219,6:04:49,5,-1,1,AA7392,0,2,80
M1/18,M222/2,6:11:46,5,-1,-1,AA7301,0,2,60
M222/2,M219,6:14:48,5,-1,-1,AA7301,1,2,171
M219,T316,6:14:58,5,-1,-1,AA7392,3,2,508
M219,M50,6:16:50,5,-1,1,AA7301,0,2,101
T316,T345/2,6:16:50,5,-1,-1,AA7392,0,2,101
M1/18,M222/2,6:17:51,5,-1,-1,AA7480,0,2,41
T345/2,T344,6:18:12,5,-1,1,AA7392,0,2,51
M222/2,M244,6:19:05,5,-1,2,AA7480,0,2,53
T344,T356/2,6:19:15,5,-1,1,AA7392,0,2,31
T356/2,T358,6:20:56,5,-1,-1,AA7392,0,2,50
M244,M219,6:21:37,5,-1,-1,AA7480,0,2,80
T358,T373/1,6:21:47,5,-1,-1,AA7392,0,2,10
T373/1,T306,6:23:08,5,-1,-1,AA7392,0,2,50
T306,T314/2,6:23:48,5,-1,-1,AA7392,0,2,30
M50,T316,6:24:49,5,-1,-1,AA7301,2,2,437
T314/2,T408/6,6:24:49,5,-1,-1,AA7392,0,2,20
M1/18,M222/2,6:25:09,5,-1,-1,AA6507,0,2,40
M222/2,M244,6:26:34,5,-1,2,AA6507,0,2,64
T316,T345/2,6:26:54,5,-1,2,AA7301,0,2,115
T408/6,T343,6:27:55,5,-1,1,AA7392,0,2,155
M244,M219,6:28:25,5,-1,2,AA6507,0,2,40
T345/2,T344,6:28:35,5,-1,1,AA7301,0,2,50
T344,T356/2,6:29:06,5,-1,1,AA7301,0,2,20
M219,M50,6:30:17,5,-1,1,AA6507,0,2,70
T356/2,T358,6:31:07,5,-1,1,AA7301,0,2,90
M219,T316,6:31:17,5,-1,1,AA7480,3,2,520
T358,T373/1,6:31:37,5,-1,1,AA7301,0,2,20
M1/18,M222/2,6:32:38,5,-1,-1,AA7242,0,2,40
T316,T345/2,6:33:08,5,-1,1,AA7480,0,2,101
T373/1,T306,6:33:08,5,-1,1,AA7301,0,2,70
M222/2,M244,6:34:09,5,-1,2,AA7242,0,2,30
T306,T314/2,6:34:09,5,-1,1,AA7301,0,2,30
T345/2,T344,6:34:29,5,-1,1,AA7480,0,2,60
T343,M239/1,6:34:50,5,-1,2,AA7392,0,2,384
T344,T356/2,6:35:20,5,-1,1,AA7480,0,2,20
T314/2,T408/6,6:35:20,5,-1,-1,AA7301,0,2,30
M244,M219,6:36:33,5,-1,3,AA7242,0,2,41
T356/2,T358,6:36:43,5,-1,1,AA7480,0,2,51
T408/6,T343,6:37:34,5,-1,1,AA7301,0,2,102
T358,T306,6:38:25,5,-1,1,AA7480,1,2,91
T306,T314/2,6:39:15,5,-1,1,AA7480,0,2,30
T314/2,T408/6,6:40:06,5,-1,-1,AA7480,0,2,30
M50,T345/2,6:40:56,5,-1,2,AA6507,3,2,609
T345/2,T344,6:42:07,5,-1,1,AA6507,0,2,30
T408/6,T343,6:42:17,5,-1,1,AA7480,0,2,121
M1/18,M244,6:43:08,5,-1,2,AA6835,1,2,141
T344,T356/2,6:43:18,5,-1,1,AA6507,0,2,40
M244,M219,6:44:59,5,-1,3,AA6835,0,2,101
T356/2,T358,6:45:09,5,-1,1,AA6507,0,2,101
T358,T373/1,6:45:39,5,-1,1,AA6507,0,2,20
M219,T316,6:46:42,5,-1,1,AA7242,3,2,538
T373/1,T306,6:47:12,5,-1,1,AA6507,0,2,62
M239/1,M235/2,6:47:43,5,-1,1,AA7392,2,2,763
T306,T314/2,6:48:33,5,-1,1,AA6507,0,2,30
T316,T345/2,6:48:53,5,-1,1,AA7242,0,2,111
T343,M239/1,6:48:53,5,-1,-1,AA7480,0,2,376
M1/18,M222/2,6:49:44,5,-1,-1,AA7405,0,2,20
T345/2,T344,6:49:54,5,-1,1,AA7242,0,2,30
T314/2,T408/6,6:49:54,5,-1,-1,AA6507,0,2,40
M235/2,M247,6:50:04,5,-1,1,AA7392,0,2,90
T344,T356/2,6:50:35,5,-1,1,AA7242,0,2,30
M247,M1/18,6:51:56,5,-1,-1,AA7392,0,2,81
T356/2,T358,6:52:06,5,-1,1,AA7242,0,2,60
T408/6,T343,6:52:16,5,-1,1,AA6507,0,2,91
T358,T373/1,6:52:46,5,-1,1,AA7242,0,2,20
M222/2,M219,6:53:47,5,-1,2,AA7405,1,2,192
T373/1,T306,6:54:07,5,-1,1,AA7242,0,2,50
T306,T314/2,6:54:38,5,-1,1,AA7242,0,2,20
M219,T316,6:54:48,5,-1,1,AA6835,3,2,528
T314/2,T408/6,6:56:09,5,-1,-1,AA7242,0,2,40
T316,T345/2,6:56:59,5,-1,1,AA6835,0,2,121
M1/18,M222/2,6:57:50,5,-1,-1,AA7392,0,2,40
T408/6,T343,6:57:50,5,-1,1,AA7242,0,2,80
T345/2,T344,6:58:10,5,-1,1,AA6835,0,2,40
M222/2,M244,6:59:11,5,-1,2,AA7392,0,2,40
T344,T356/2,6:59:11,5,-1,1,AA6835,0,2,30
T343,M239/1,6:59:35,5,-1,-1,AA6507,0,2,398
T356/2,T358,7:00:46,5,-1,1,AA6835,0,2,50
T358,T373/1,7:01:36,5,-1,1,AA6835,0,2,20
M244,M219,7:01:57,5,-1,2,AA7392,0,2,50
T373/1,T306,7:02:57,5,-1,1,AA6835,0,2,60
M219,T316,7:03:17,5,-1,2,AA7405,3,2,509
M247,M1/18,7:03:17,5,-1,-1,AA7301,0,2,80
T306,T314/2,7:03:58,5,-1,1,AA6835,0,2,30
M239/1,M235/2,7:04:48,5,-1,1,AA7480,2,2,944
T314/2,T408/6,7:04:59,5,-1,-1,AA6835,0,2,20
T343,M239/1,7:04:59,5,-1,-1,AA7242,0,2,398
T316,T345/2,7:05:19,5,-1,2,AA7405,0,2,111
M1/18,M222/2,7:05:49,5,-1,-1,AA7489,0,2,30
T345/2,T344,7:06:40,5,-1,1,AA7405,0,2,40
T408/6,T343,7:07:00,5,-1,1,AA6835,0,2,91
M235/2,M247,7:07:21,5,-1,1,AA7480,0,2,131
T344,T356/2,7:07:41,5,-1,1,AA7405,0,2,30
M222/2,M244,7:07:51,5,-1,2,AA7489,0,2,70
M247,M1/18,7:08:53,5,-1,-1,AA7480,0,2,81
T356/2,T358,7:09:23,5,-1,1,AA7405,0,2,61
M244,M219,7:09:33,5,-1,2,AA7489,0,2,40
T358,T373/1,7:10:24,5,-1,1,AA7405,0,2,30
T373/1,T306,7:11:45,5,-1,1,AA7405,0,2,50
M219,T316,7:11:55,5,-1,1,AA7392,3,2,497
T306,T314/2,7:12:35,5,-1,1,AA7405,0,2,40
M1/18,M222/2,7:13:46,5,-1,-1,AA7301,0,2,60
T316,T345/2,7:13:56,5,-1,2,AA7392,0,2,90
T314/2,T408/6,7:14:06,5,-1,-1,AA7405,0,2,40
M222/2,M244,7:15:07,5,-1,1,AA7301,0,2,40
T345/2,T344,7:15:17,5,-1,1,AA7392,0,2,50
M239/1,M235/2,7:15:37,5,-1,1,AA6507,2,2,952
T344,T356/2,7:16:08,5,-1,1,AA7392,0,2,30
T408/6,T343,7:16:08,5,-1,1,AA7405,0,2,70
M244,M219,7:16:48,5,-1,1,AA7301,0,2,40
T356/2,T358,7:17:59,5,-1,1,AA7392,0,2,70
M235/2,M247,7:17:59,5,-1,1,AA6507,0,2,121
T358,T373/1,7:18:49,5,-1,1,AA7392,0,2,20
M219,T316,7:19:40,5,-1,1,AA7489,3,2,525
M1/18,M222/2,7:20:00,5,-1,-1,AA7367,0,2,60
T373/1,T306,7:20:00,5,-1,1,AA7392,0,2,40
M247,M1/18,7:20:20,5,-1,-1,AA6507,0,2,91
T306,T314/2,7:20:44,5,-1,1,AA7392,0,2,23
T316,T345/2,7:21:55,5,-1,2,AA7489,0,2,124
T314/2,T408/6,7:21:55,5,-1,-1,AA7392,0,2,20
M222/2,M244,7:22:15,5,-1,1,AA7367,0,2,101
T343,M239/1,7:23:17,5,-1,-1,AA7405,0,2,398
M239/1,M247,7:23:27,5,-1,1,AA7242,3,2,1097
T345/2,T344,7:23:37,5,-1,1,AA7489,0,2,60
M244,M219,7:24:17,5,-1,2,AA7367,0,2,40
T344,T356/2,7:24:48,5,-1,1,AA7489,0,2,40
M247,M1/18,7:25:38,5,-1,-1,AA7242,0,2,91
M1/18,M222/2,7:26:19,5,-1,-1,AA7480,0,2,70
T356/2,T358,7:26:39,5,-1,1,AA7489,0,2,80
M219,T316,7:26:59,5,-1,1,AA7301,3,2,530
M222/2,M244,7:27:19,5,-1,2,AA7480,0,2,40
T358,T373/1,7:27:39,5,-1,1,AA7489,0,2,20
T373/1,T306,7:29:13,5,-1,1,AA7489,0,2,53
M244,M219,7:29:45,5,-1,2,AA7480,0,2,94
T316,T345/2,7:29:45,5,-1,2,AA7301,0,2,155
T306,T314/2,7:30:25,5,-1,1,AA7489,0,2,40
M1/18,M222/2,7:31:16,5,-1,-1,AA6507,0,2,80
T345/2,T344,7:31:16,5,-1,1,AA7301,0,2,50
M235/2,M247,7:31:36,5,-1,1,AA6835,0,2,132
T314/2,T408/6,7:31:56,5,-1,-1,AA7489,0,2,40
T344,T356/2,7:32:06,5,-1,1,AA7301,0,2,20
M222/2,M244,7:32:47,5,-1,2,AA6507,0,2,40
M247,M1/18,7:33:37,5,-1,-1,AA6835,0,2,50
T408/6,T343,7:34:38,5,-1,1,AA7489,0,2,141
T356/2,T358,7:34:48,5,-1,1,AA7301,0,2,121
M244,M219,7:35:08,5,-1,2,AA6507,0,2,91
T358,T373/1,7:35:28,5,-1,1,AA7301,0,2,30
M219,T316,7:36:09,5,-1,2,AA7367,3,2,620
T373/1,T306,7:36:49,5,-1,1,AA7301,0,2,60
T306,T314/2,7:37:42,5,-1,1,AA7301,0,2,43
M1/18,M222/2,7:38:13,5,-1,-1,AA7242,0,2,30
T314/2,T408/6,7:38:53,5,-1,-1,AA7301,0,2,30
T316,T345/2,7:39:13,5,-1,2,AA7367,0,2,174
M239/1,M235/2,7:39:34,5,-1,1,AA7405,2,2,966
M222/2,M244,7:40:14,5,-1,2,AA7242,0,2,80
T345/2,T344,7:40:14,5,-1,1,AA7367,0,2,40
T408/6,T343,7:41:05,5,-1,1,AA7301,0,2,90
T344,T356/2,7:41:25,5,-1,1,AA7367,0,2,30
M219,T345/2,7:41:35,5,-1,2,AA7480,4,2,700
M235/2,M247,7:41:55,5,-1,1,AA7405,0,2,131
T343,M239/1,7:42:15,5,-1,1,AA7489,0,2,417
M244,M219,7:42:25,5,-1,2,AA7242,0,2,40
T345/2,T344,7:42:36,5,-1,1,AA7480,0,2,40
T356/2,T358,7:43:06,5,-1,1,AA7367,0,2,91
T344,T356/2,7:43:16,5,-1,1,AA7480,0,2,30
M247,M1/18,7:44:07,5,-1,-1,AA7405,0,2,80
M1/18,M222/2,7:44:27,5,-1,-1,AA7195,0,2,70
T358,T373/1,7:44:27,5,-1,1,AA7367,0,2,30
T356/2,T358,7:44:47,5,-1,1,AA7480,0,2,50
M219,T316,7:45:07,5,-1,1,AA6507,3,2,558
M222/2,M244,7:46:18,5,-1,1,AA7195,0,2,30
T373/1,T314/2,7:46:28,5,-1,1,AA7367,1,2,91
T316,T345/2,7:46:58,5,-1,2,AA6507,0,2,101
T358,T306,7:47:09,5,-1,1,AA7480,1,2,121
T314/2,T408/6,7:47:39,5,-1,-1,AA7367,0,2,30
T345/2,T344,7:48:19,5,-1,1,AA6507,0,2,50
T306,T314/2,7:48:19,5,-1,1,AA7480,0,2,40
T343,M239/1,7:48:30,5,-1,1,AA7301,0,2,404
T344,T356/2,7:49:20,5,-1,1,AA6507,0,2,20
M244,M219,7:49:33,5,-1,1,AA7195,0,2,114
T314/2,T408/6,7:49:43,5,-1,-1,AA7480,0,2,73
T408/6,T343,7:50:04,5,-1,1,AA7367,0,2,114
M1/18,M222/2,7:50:44,5,-1,-1,AA6835,0,2,83
M235/2,M247,7:50:54,5,-1,1,AA7392,0,2,104
T356/2,T358,7:51:14,5,-1,1,AA6507,0,2,60
M222/2,M244,7:52:05,5,-1,1,AA6835,0,2,30
T358,T373/1,7:52:05,5,-1,1,AA6507,0,2,30
T408/6,T343,7:52:05,5,-1,1,AA7480,0,2,121
M247,M1/18,7:52:56,5,-1,-1,AA7392,0,2,91
M244,M219,7:53:36,5,-1,1,AA6835,0,2,10
T373/1,T306,7:53:36,5,-1,1,AA6507,0,2,60
M219,T316,7:54:37,5,-1,1,AA7242,3,2,680
T306,T314/2,7:54:37,5,-1,1,AA6507,0,2,30
T314/2,T408/6,7:55:48,5,-1,-1,AA6507,0,2,30
T316,T345/2,7:56:28,5,-1,2,AA7242,0,2,101
M239/1,M235/2,7:56:28,5,-1,1,AA7489,2,2,842
T345/2,T344,7:58:09,5,-1,1,AA7242,0,2,80
T343,M239/1,7:58:09,5,-1,2,AA7367,0,2,404
T408/6,T343,7:58:39,5,-1,1,AA6507,0,2,141
T344,T356/2,7:59:10,5,-1,1,AA7242,0,2,20
M235/2,M247,7:59:32,5,-1,1,AA7489,0,2,163
T356/2,T358,8:00:53,5,-1,1,AA7242,0,2,60
M222/2,M244,8:01:03,5,-1,2,AA7096,0,2,40
T358,T373/1,8:01:54,5,-1,1,AA7242,0,2,30
M219,T316,8:02:04,5,-1,1,AA7195,3,2,659
M247,M1/18,8:02:24,5,-1,-1,AA7489,0,2,161
T373/1,T306,8:03:04,5,-1,1,AA7242,0,2,60
M239/1,M235/2,8:03:15,5,-1,1,AA7301,2,2,874
M219,T316,8:03:55,5,-1,1,AA6835,3,2,548
M244,M219,8:04:15,5,-1,2,AA7096,0,2,91
T306,T314/2,8:04:15,5,-1,1,AA7242,0,2,30
T316,T345/2,8:04:46,5,-1,2,AA7195,0,2,121
M235/2,M247,8:05:06,5,-1,1,AA7301,0,2,101
T314/2,T408/6,8:05:46,5,-1,-1,AA7242,0,2,40
T316,T345/2,8:05:57,5,-1,1,AA6835,0,2,111
T343,M239/1,8:06:17,5,-1,2,AA6507,0,2,437
T345/2,T344,8:06:37,5,-1,1,AA7195,0,2,60
M247,M1/18,8:06:57,5,-1,-1,AA7301,0,2,80
M1/18,M222/2,8:07:07,5,-1,-1,AA7405,0,2,91
T345/2,T344,8:07:07,5,-1,1,AA6835,0,2,40
T344,T356/2,8:07:28,5,-1,1,AA7195,0,2,20
T408/6,T343,8:07:28,5,-1,1,AA7242,0,2,70
T344,T356/2,8:07:58,5,-1,1,AA6835,0,2,20
T356/2,T358,8:09:29,5,-1,1,AA7195,0,2,50
T356/2,T358,8:09:29,5,-1,1,AA6835,0,2,70
T358,T373/1,8:10:32,5,-1,1,AA7195,0,2,22
T358,T373/1,8:10:32,5,-1,1,AA6835,0,2,22
M222/2,M219,8:11:23,5,-1,2,AA7405,1,2,224
T373/1,T306,8:11:54,5,-1,1,AA6835,0,2,51
T373/1,T306,8:12:14,5,-1,1,AA7195,0,2,71
T306,T314/2,8:12:45,5,-1,1,AA6835,0,2,30
M239/1,M235/2,8:12:45,5,-1,2,AA7367,2,2,865
T306,T314/2,8:13:15,5,-1,1,AA7195,0,2,30
T314/2,T408/6,8:13:57,5,-1,-1,AA6835,0,2,41
M219,T316,8:14:07,5,-1,1,AA7096,3,2,540
T314/2,T408/6,8:14:47,5,-1,-1,AA7195,0,2,40
M1/18,M222/2,8:14:57,5,-1,-1,AA7392,0,2,60
T343,M239/1,8:15:07,5,-1,1,AA7242,0,2,409
M235/2,M247,8:15:28,5,-1,1,AA7367,0,2,152
T316,T345/2,8:15:48,5,-1,2,AA7096,0,2,91
T408/6,T343,8:16:28,5,-1,1,AA6835,0,2,131
M222/2,M244,8:16:59,5,-1,2,AA7392,0,2,101
T408/6,T343,8:17:09,5,-1,1,AA7195,0,2,111
M235/2,M247,8:17:09,5,-1,1,AA7480,0,2,50
T345/2,T344,8:17:19,5,-1,1,AA7096,0,2,50
M247,M1/18,8:17:19,5,-1,-1,AA7367,0,2,50
T344,T356/2,8:18:20,5,-1,1,AA7096,0,2,30
M247,M1/18,8:18:33,5,-1,-1,AA7480,0,2,74
M244,M219,8:19:34,5,-1,2,AA7392,0,2,84
M239/1,M235/2,8:20:04,5,-1,1,AA6507,2,2,817
T356/2,T358,8:20:55,5,-1,1,AA7096,0,2,101
M219,T316,8:21:45,5,-1,1,AA7405,3,2,571
T358,T373/1,8:21:45,5,-1,1,AA7096,0,2,20
M235/2,M247,8:22:26,5,-1,1,AA6507,0,2,121
T373/1,T306,8:23:16,5,-1,1,AA7096,0,2,60
T316,T345/2,8:23:37,5,-1,2,AA7405,0,2,101
T343,M239/1,8:23:37,5,-1,1,AA6835,0,2,377
T306,T314/2,8:24:17,5,-1,1,AA7096,0,2,30
M247,M1/18,8:24:17,5,-1,-1,AA6507,0,2,80
T343,M239/1,8:24:37,5,-1,1,AA7195,0,2,428
T345/2,T344,8:25:08,5,-1,1,AA7405,0,2,50
T314/2,T408/6,8:25:28,5,-1,-1,AA7096,0,2,30
T344,T356/2,8:25:38,5,-1,1,AA7405,0,2,20
M1/18,M222/2,8:26:18,5,-1,-1,AA7489,0,2,60
T408/6,T343,8:27:31,5,-1,1,AA7096,0,2,72
T356/2,T373/1,8:27:51,5,-1,1,AA7405,1,2,102
M222/2,M244,8:28:01,5,-1,2,AA7489,0,2,60
T373/1,T306,8:29:04,5,-1,1,AA7405,0,2,42
T306,T314/2,8:29:55,5,-1,1,AA7405,0,2,40
M244,M219,8:30:25,5,-1,2,AA7489,0,2,50
M219,T316,8:30:56,5,-1,1,AA7392,3,2,641
T314/2,T408/6,8:31:17,5,-1,-1,AA7405,0,2,30
M239/1,M235/2,8:31:37,5,-1,1,AA7242,2,2,969
T316,T345/2,8:32:48,5,-1,2,AA7392,0,2,101
T408/6,T343,8:33:28,5,-1,1,AA7405,0,2,91
M1/18,M222/2,8:33:58,5,-1,-1,AA7301,0,2,1212
T345/2,T344,8:34:19,5,-1,1,AA7392,0,2,50
T343,M239/1,8:34:19,5,-1,2,AA7096,0,2,387
M235/2,M247,8:34:39,5,-1,1,AA7242,0,2,171
T344,T356/2,8:34:59,5,-1,1,AA7392,0,2,30
M222/2,M244,8:35:50,5,-1,2,AA7301,0,2,20
M247,M1/18,8:36:50,5,-1,-1,AA7242,0,2,101
T356/2,T358,8:38:34,5,-1,1,AA7392,0,2,144
M244,M219,8:38:55,5,-1,2,AA7301,0,2,93
T358,T373/1,8:39:36,5,-1,1,AA7392,0,2,20
M219,T316,8:40:26,5,-1,1,AA7489,3,2,539
T343,M239/1,8:40:57,5,-1,1,AA7405,0,2,407
M239/1,M235/2,8:41:07,5,-1,1,AA6835,2,2,1039
T373/1,T306,8:41:17,5,-1,1,AA7392,0,2,60
M239/1,M235/2,8:42:07,5,-1,1,AA7195,2,2,1039
T306,T314/2,8:42:17,5,-1,1,AA7392,0,2,30
T316,T345/2,8:43:08,5,-1,2,AA7489,0,2,141
M1/18,M222/2,8:43:48,5,-1,-1,AA7367,0,2,30
T314/2,T408/6,8:43:59,5,-1,-1,AA7392,0,2,40
M235/2,M247,8:44:09,5,-1,1,AA6835,0,2,141
T345/2,T344,8:44:29,5,-1,1,AA7489,0,2,60
M222/2,M244,8:45:09,5,-1,2,AA7367,0,2,70
T344,T356/2,8:45:32,5,-1,1,AA7489,0,2,22
M247,M1/18,8:45:42,5,-1,-1,AA6835,0,2,83
M235/2,M247,8:46:13,5,-1,1,AA7195,0,2,184
T408/6,T343,8:46:45,5,-1,1,AA7392,0,2,135
M244,M219,8:47:15,5,-1,2,AA7367,0,2,72
T356/2,T358,8:47:25,5,-1,1,AA7489,0,2,62
T358,T373/1,8:48:16,5,-1,1,AA7489,0,2,20
M247,M1/18,8:48:16,5,-1,-1,AA7195,0,2,91
M219,T316,8:49:47,5,-1,1,AA7301,3,2,560
T373/1,T306,8:49:47,5,-1,1,AA7489,0,2,60
T306,T314/2,8:50:37,5,-1,1,AA7489,0,2,40
M239/1,M235/2,8:51:18,5,-1,1,AA7096,2,2,1008
T316,T345/2,8:51:58,5,-1,2,AA7301,0,2,121
T314/2,T408/6,8:51:58,5,-1,-1,AA7489,0,2,40
T345/2,T344,8:53:19,5,-1,1,AA7301,0,2,60
M235/2,M247,8:53:29,5,-1,1,AA7096,0,2,121
T408/6,T343,8:54:00,5,-1,1,AA7489,0,2,101
T343,M239/1,8:54:00,5,-1,3,AA7392,0,2,394
T344,T356/2,8:54:10,5,-1,1,AA7301,0,2,40
M247,M1/18,8:55:52,5,-1,-1,AA7096,0,2,92
T356/2,T358,8:56:53,5,-1,1,AA7301,0,2,101
T358,T373/1,8:57:44,5,-1,1,AA7301,0,2,21
M219,T316,8:58:55,5,-1,2,AA7367,3,2,669
T373/1,T306,8:59:26,5,-1,1,AA7301,0,2,71
T306,T314/2,9:00:26,5,-1,1,AA7301,0,2,40
M239/1,M235/2,9:00:36,5,-1,1,AA7405,2,2,1169
T316,T345/2,9:00:57,5,-1,2,AA7367,0,2,111
M222/2,M244,9:01:27,5,-1,2,AA6507,0,2,60
T314/2,T408/6,9:01:37,5,-1,-1,AA7301,0,2,30
T345/2,T344,9:02:08,5,-1,1,AA7367,0,2,40
T343,M239/1,9:02:08,5,-1,1,AA7489,0,2,446
T344,T356/2,9:02:58,5,-1,1,AA7367,0,2,30
M244,M219,9:03:18,5,-1,2,AA6507,0,2,40
M235/2,M247,9:04:09,5,-1,1,AA7405,0,2,192
T356/2,T358,9:05:10,5,-1,1,AA7367,0,2,91
T408/6,T343,9:05:32,5,-1,1,AA7301,0,2,133
T358,T373/1,9:05:42,5,-1,1,AA7367,0,2,22
M247,M1/18,9:06:12,5,-1,-1,AA7405,0,2,92
M219,M50,9:06:32,5,-1,1,AA6507,0,2,123
T373/1,T306,9:07:13,5,-1,1,AA7367,0,2,60
M1/18,M222/2,9:07:53,5,-1,-1,AA7242,0,2,60
T306,T314/2,9:08:14,5,-1,1,AA7367,0,2,30
M222/2,M244,9:08:54,5,-1,2,AA7242,0,2,20
T314/2,T408/6,9:09:45,5,-1,-1,AA7367,0,2,40
M244,M219,9:11:26,5,-1,2,AA7242,0,2,91
T345/2,T356/2,9:11:46,5,-1,1,AA7480,1,2,30
T408/6,T343,9:11:46,5,-1,1,AA7367,0,2,101
T356/2,T373/1,9:14:18,5,-1,1,AA7480,1,2,121
M50,T316,9:15:08,5,-1,1,AA6507,2,2,485
M1/18,M222/2,9:15:49,5,-1,-1,AA7195,0,2,50
M222/2,M244,9:17:20,5,-1,3,AA7195,0,2,60
T316,T345/2,9:17:20,5,-1,2,AA6507,0,2,121
T373/1,T314/2,9:17:30,5,-1,1,AA7480,1,2,151
T345/2,T344,9:18:43,5,-1,1,AA6507,0,2,52
T314/2,T408/6,9:18:43,5,-1,-1,AA7480,0,2,32
T343,M239/1,9:19:23,5,-1,2,AA7367,0,2,427
T344,T356/2,9:19:33,5,-1,1,AA6507,0,2,20
T408/6,T343,9:21:04,5,-1,1,AA7480,0,2,111
T356/2,T358,9:21:15,5,-1,1,AA6507,0,2,50
T358,T373/1,9:22:05,5,-1,1,AA6507,0,2,30
M1/18,M222/2,9:22:46,5,-1,-1,AA6835,0,2,141
T373/1,T306,9:23:36,5,-1,1,AA6507,0,2,60
M222/2,M244,9:23:46,5,-1,3,AA6835,0,2,50
T306,T314/2,9:24:47,5,-1,1,AA6507,0,2,30
T314/2,T408/6,9:26:18,5,-1,-1,AA6507,0,2,40
M244,M219,9:26:58,5,-1,3,AA7195,0,2,465
T408/6,T343,9:29:00,5,-1,1,AA6507,0,2,101
M222/2,M244,9:34:36,5,-1,-1,AA7096,0,2,31
T343,M239/1,9:36:48,5,-1,1,AA6507,0,2,397
M244,M219,9:37:48,5,-1,3,AA6835,0,2,771
T316,T345/2,9:38:40,5,-1,3,AA7242,0,2,112
T345/2,T344,9:40:03,5,-1,1,AA7242,0,2,42
M235/2,M247,9:40:03,5,-1,1,AA7489,0,2,195
T344,T356/2,9:40:54,5,-1,1,AA7242,0,2,30
M244,M219,9:41:44,5,-1,3,AA7096,0,2,347
M247,M1/18,9:42:14,5,-1,-1,AA7489,0,2,101
T356/2,T358,9:42:55,5,-1,1,AA7242,0,2,60
T358,T373/1,9:43:45,5,-1,1,AA7242,0,2,20
M235/2,M247,9:44:56,5,-1,1,AA7301,0,2,232
T373/1,T314/2,9:46:37,5,-1,1,AA7242,1,2,141
M247,M1/18,9:47:18,5,-1,-1,AA7301,0,2,101
T314/2,T408/6,9:48:18,5,-1,-1,AA7242,0,2,30
M1/18,M244,9:48:53,5,-1,3,AA7405,1,2,216
M235/2,M247,9:49:43,5,-1,1,AA7367,0,2,135
T408/6,T343,9:50:34,5,-1,1,AA7242,0,2,91
M219,T316,9:51:04,5,-1,2,AA7195,3,2,1050
M247,M1/18,9:52:05,5,-1,-1,AA7367,0,2,101
M244,M219,9:52:15,5,-1,3,AA7405,0,2,182
T316,T345/2,9:53:16,5,-1,2,AA7195,0,2,121
T345/2,T344,9:54:37,5,-1,1,AA7195,0,2,50
M235/2,M247,9:54:37,5,-1,1,AA7480,0,2,91
M219,T316,9:55:07,5,-1,1,AA6835,3,2,813
T344,T356/2,9:55:28,5,-1,1,AA7195,0,2,30
M1/18,M222/2,9:55:38,5,-1,-1,AA7489,0,2,60
M247,M1/18,9:57:09,5,-1,-1,AA7480,0,2,141
T316,T345/2,9:57:29,5,-1,2,AA6835,0,2,131
T356/2,T358,9:57:29,5,-1,1,AA7195,0,2,80
M219,T316,9:57:39,5,-1,1,AA7096,3,2,712
T358,T373/1,9:58:20,5,-1,1,AA7195,0,2,30
M222/2,M244,9:58:31,5,-1,3,AA7489,0,2,153
T345/2,T344,9:58:31,5,-1,1,AA6835,0,2,51
T344,T356/2,9:59:12,5,-1,1,AA6835,0,2,30
T316,T345/2,9:59:52,5,-1,2,AA7096,0,2,122
T373/1,T306,10:00:12,5,-1,1,AA7195,0,2,70
T306,T314/2,10:01:04,5,-1,1,AA7195,0,2,30
T356/2,T358,10:01:15,5,-1,1,AA6835,0,2,72
T345/2,T344,10:01:45,5,-1,1,AA7096,0,2,40
T358,T373/1,10:01:45,5,-1,1,AA6835,0,2,20
M244,M219,10:01:55,5,-1,3,AA7489,0,2,143
M235/2,M247,10:01:55,5,-1,1,AA6507,0,2,153
T344,T356/2,10:02:56,5,-1,1,AA7096,0,2,30
T373/1,T306,10:03:06,5,-1,1,AA6835,0,2,50
T314/2,T408/6,10:03:16,5,-1,-1,AA7195,0,2,40
M247,M1/18,10:03:57,5,-1,-1,AA6507,0,2,91
T306,T314/2,10:04:07,5,-1,1,AA6835,0,2,30
T356/2,T358,10:05:08,5,-1,1,AA7096,0,2,80
M219,T316,10:05:38,5,-1,1,AA7405,3,2,691
T408/6,T343,10:05:48,5,-1,1,AA7195,0,2,111
T314/2,T408/6,10:05:58,5,-1,-1,AA6835,0,2,50
T358,T373/1,10:06:18,5,-1,1,AA7096,0,2,20
M1/18,M222/2,10:06:49,5,-1,-1,AA7301,0,2,711
T373/1,T306,10:07:29,5,-1,1,AA7096,0,2,50
T316,T345/2,10:07:59,5,-1,2,AA7405,0,2,101
T408/6,T343,10:08:20,5,-1,1,AA6835,0,2,101
T306,T314/2,10:08:33,5,-1,1,AA7096,0,2,33
M222/2,M244,10:09:24,5,-1,3,AA7301,0,2,63
T314/2,T408/6,10:10:04,5,-1,-1,AA7096,0,2,40
T345/2,T344,10:10:14,5,-1,1,AA7405,0,2,60
T344,T356/2,10:10:55,5,-1,1,AA7405,0,2,30
M244,M219,10:11:55,5,-1,3,AA7301,0,2,90
T408/6,T343,10:12:16,5,-1,1,AA7096,0,2,91
T356/2,T358,10:13:07,5,-1,1,AA7405,0,2,51
T358,T373/1,10:13:58,5,-1,1,AA7405,0,2,20
M1/18,M222/2,10:14:58,5,-1,-1,AA7392,0,2,60
T343,M239/1,10:14:58,5,-1,-1,AA7195,0,2,499
T373/1,T306,10:15:29,5,-1,1,AA7405,0,2,70
T343,M239/1,10:15:39,5,-1,2,AA6835,0,2,385
M222/2,M244,10:15:59,5,-1,3,AA7392,0,2,20
M219,T316,10:15:59,5,-1,1,AA7489,3,2,813
T306,T314/2,10:16:29,5,-1,1,AA7405,0,2,40
T316,T345/2,10:17:53,5,-1,2,AA7489,0,2,104
T314/2,T408/6,10:18:14,5,-1,-1,AA7405,0,2,40
M244,M219,10:18:54,5,-1,3,AA7392,0,2,104
T345/2,T344,10:19:45,5,-1,1,AA7489,0,2,101
T343,M239/1,10:19:55,5,-1,2,AA7096,0,2,427
T408/6,T343,10:20:25,5,-1,1,AA7405,0,2,80
T344,T356/2,10:20:55,5,-1,1,AA7489,0,2,60
M235/2,M247,10:22:37,5,-1,1,AA7242,0,2,151
M219,T316,10:23:07,5,-1,1,AA7301,3,2,599
T356/2,T358,10:23:27,5,-1,1,AA7489,0,2,101
T358,T373/1,10:23:58,5,-1,1,AA7489,0,2,20
M247,M1/18,10:24:48,5,-1,-1,AA7242,0,2,90
T316,T345/2,10:25:18,5,-1,2,AA7301,0,2,121
T373/1,T306,10:25:18,5,-1,1,AA7489,0,2,50
M1/18,M222/2,10:25:39,5,-1,-1,AA7149,0,2,111
T306,T314/2,10:26:19,5,-1,1,AA7489,0,2,30
T345/2,T344,10:26:49,5,-1,1,AA7301,0,2,60
M222/2,M244,10:27:44,5,-1,3,AA7149,0,2,64
T344,T356/2,10:27:44,5,-1,1,AA7301,0,2,23
T314/2,T408/6,10:28:04,5,-1,-1,AA7489,0,2,44
T356/2,T373/1,10:29:55,5,-1,1,AA7301,1,2,101
M244,M219,10:30:46,5,-1,2,AA7149,0,2,121
T408/6,T343,10:30:46,5,-1,1,AA7489,0,2,131
M219,T316,10:31:16,5,-1,1,AA7392,3,2,691
T373/1,T306,10:31:47,5,-1,1,AA7301,0,2,80
T306,T314/2,10:32:57,5,-1,1,AA7301,0,2,40
T316,T345/2,10:33:38,5,-1,1,AA7392,0,2,121
M1/18,M222/2,10:33:58,5,-1,-1,AA6507,0,2,70
T314/2,T408/6,10:34:18,5,-1,-1,AA7301,0,2,40
T345/2,T344,10:35:39,5,-1,1,AA7392,0,2,80
T408/6,T343,10:36:20,5,-1,1,AA7301,0,2,91
T344,T356/2,10:36:52,5,-1,1,AA7392,0,2,42
M222/2,M219,10:38:53,5,-1,3,AA6507,1,2,284
M235/2,M247,10:38:53,5,-1,1,AA7195,0,2,101
T356/2,T358,10:39:03,5,-1,1,AA7392,0,2,70
T358,T373/1,10:39:54,5,-1,1,AA7392,0,2,30
T343,M239/1,10:40:14,5,-1,-1,AA7489,0,2,527
M247,M1/18,10:40:34,5,-1,-1,AA7195,0,2,91
T373/1,T306,10:41:25,5,-1,-1,AA7392,0,2,60
T306,T314/2,10:42:28,5,-1,-1,AA7392,0,2,40
M219,T316,10:43:18,5,-1,-1,AA7149,3,2,641
M1/18,M222/2,10:43:39,5,-1,-1,AA6482,0,2,70
T343,M239/1,10:43:39,5,-1,-1,AA7301,0,2,396
T314/2,T408/6,10:44:09,5,-1,-1,AA7392,0,2,30
T316,T345/2,10:45:10,5,-1,2,AA7149,0,2,101
M222/2,M244,10:45:54,5,-1,2,AA6482,0,2,64
T408/6,T343,10:46:45,5,-1,1,AA7392,0,2,115
T345/2,T344,10:47:05,5,-1,1,AA7149,0,2,91
M247,M1/18,10:47:05,5,-1,-1,AA6835,0,2,91
M244,M219,10:47:37,5,-1,3,AA6482,0,2,82
T344,T356/2,10:47:47,5,-1,1,AA7149,0,2,32
M235/2,M247,10:48:58,5,-1,1,AA7096,0,2,103
T356/2,T358,10:49:49,5,-1,1,AA7149,0,2,91
T358,T373/1,10:50:39,5,-1,1,AA7149,0,2,20
M247,M1/18,10:51:00,5,-1,-1,AA7096,0,2,90
M1/18,M222/2,10:51:40,5,-1,-1,AA7195,0,2,111
T373/1,T306,10:52:20,5,-1,1,AA7149,0,2,70
M219,T316,10:52:34,5,-1,1,AA6507,3,2,790
M222/2,M244,10:53:24,5,-1,2,AA7195,0,2,40
T306,T314/2,10:53:24,5,-1,1,AA7149,0,2,40
M235/2,M247,10:53:24,5,-1,1,AA7405,0,2,174
T316,T345/2,10:54:36,5,-1,2,AA6507,0,2,111
T343,M239/1,10:54:36,5,-1,1,AA7392,0,2,408
T314/2,T408/6,10:55:16,5,-1,-1,AA7149,0,2,30
M247,M1/18,10:55:36,5,-1,-1,AA7405,0,2,91
T345/2,T344,10:56:17,5,-1,1,AA6507,0,2,50
M244,M219,10:56:37,5,-1,3,AA7195,0,2,131
T344,T356/2,10:57:07,5,-1,1,AA6507,0,2,20
T408/6,T343,10:59:09,5,-1,1,AA7149,0,2,101
T356/2,T358,10:59:39,5,-1,1,AA6507,0,2,131
M1/18,M222/2,10:59:59,5,-1,-1,AA7480,0,2,80
T358,T373/1,11:00:20,5,-1,1,AA6507,0,2,20
T373/1,T306,11:01:43,5,-1,1,AA6507,0,2,60
M222/2,M244,11:02:24,5,-1,2,AA7480,0,2,70
M219,T345/2,11:02:24,5,-1,2,AA6482,4,2,815
T306,T314/2,11:02:24,5,-1,1,AA6507,0,2,30
T314/2,T408/6,11:03:55,5,-1,-1,AA6507,0,2,30
M239/1,M235/2,11:04:05,5,-1,1,AA7301,2,2,1216
T345/2,T344,11:04:25,5,-1,1,AA6482,0,2,111
M244,M219,11:04:45,5,-1,3,AA7480,0,2,50
M235/2,M247,11:04:45,5,-1,1,AA7489,0,2,121
T344,T356/2,11:05:16,5,-1,1,AA6482,0,2,40
T408/6,T343,11:05:46,5,-1,1,AA6507,0,2,60
M247,M1/18,11:06:47,5,-1,-1,AA7489,0,2,91
T356/2,T358,11:06:57,5,-1,1,AA6482,0,2,81
T343,M239/1,11:06:57,5,-1,2,AA7149,0,2,437
M235/2,M247,11:06:57,5,-1,1,AA7301,0,2,141
T358,T373/1,11:07:48,5,-1,1,AA6482,0,2,40
M219,M50,11:08:18,5,-1,1,AA7480,0,2,91
T373/1,T306,11:09:29,5,-1,1,AA6482,0,2,70
M247,M1/18,11:09:39,5,-1,-1,AA7301,0,2,90
M219,T316,11:09:59,5,-1,1,AA7195,3,2,680
T306,T314/2,11:10:29,5,-1,1,AA6482,0,2,40
T314/2,T408/6,11:12:21,5,-1,-1,AA6482,0,2,30
T316,T345/2,11:13:13,5,-1,2,AA7195,0,2,163
T343,M239/1,11:13:13,5,-1,1,AA6507,0,2,396
T408/6,T343,11:14:35,5,-1,1,AA6482,0,2,101
T345/2,T344,11:15:05,5,-1,1,AA7195,0,2,70
T344,T356/2,11:15:46,5,-1,1,AA7195,0,2,31
M222/2,M219,11:17:11,5,-1,2,AA7096,1,2,196
T356/2,T358,11:19:24,5,-1,1,AA7195,0,2,143
M50,T345/2,11:19:35,5,-1,2,AA7480,3,2,656
T358,T373/1,11:20:56,5,-1,1,AA7195,0,2,31
T345/2,T344,11:21:17,5,-1,1,AA7480,0,2,61
T344,T356/2,11:21:57,5,-1,1,AA7480,0,2,30
M235/2,M247,11:22:58,5,-1,1,AA7392,0,2,121
T356/2,T358,11:23:38,5,-1,1,AA7480,0,2,60
T373/1,T306,11:23:58,5,-1,1,AA7195,0,2,101
M1/18,M222/2,11:24:19,5,-1,-1,AA6835,0,2,111
T358,T373/1,11:24:49,5,-1,1,AA7480,0,2,40
T306,T314/2,11:24:59,5,-1,1,AA7195,0,2,40
M247,M1/18,11:25:09,5,-1,-1,AA7392,0,2,91
T373/1,T306,11:26:10,5,-1,1,AA7480,0,2,60
T314/2,T408/6,11:26:52,5,-1,-1,AA7195,0,2,41
T306,T314/2,11:27:02,5,-1,1,AA7480,0,2,30
M222/2,M244,11:28:03,5,-1,3,AA6835,0,2,173
M219,T316,11:28:34,5,-1,1,AA7096,3,2,600
T314/2,T408/6,11:28:44,5,-1,-1,AA7480,0,2,41
T408/6,T343,11:29:45,5,-1,1,AA7195,0,2,153
T316,T345/2,11:30:56,5,-1,2,AA7096,0,2,131
T408/6,T343,11:30:56,5,-1,1,AA7480,0,2,111
M244,M219,11:31:16,5,-1,3,AA6835,0,2,111
T345/2,T344,11:32:27,5,-1,1,AA7096,0,2,40
M235/2,M247,11:32:37,5,-1,1,AA7149,0,2,202
T344,T356/2,11:33:18,5,-1,1,AA7096,0,2,30
M247,M1/18,11:35:55,5,-1,-1,AA7149,0,2,96
T356/2,T358,11:36:45,5,-1,1,AA7096,0,2,105
T358,T373/1,11:37:46,5,-1,1,AA7096,0,2,20
T343,M239/1,11:38:38,5,-1,-1,AA7195,0,2,492
T373/1,T306,11:39:38,5,-1,1,AA7096,0,2,70
M235/2,M247,11:39:59,5,-1,1,AA6507,0,2,163
T306,T314/2,11:40:49,5,-1,1,AA7096,0,2,40
M244,M219,11:40:59,5,-1,2,AA7489,0,2,141
M219,T316,11:41:34,5,-1,2,AA6835,3,2,546
T314/2,T408/6,11:43:15,5,-1,-1,AA7096,0,2,50
M247,M1/18,11:43:15,5,-1,-1,AA6507,0,2,91
T316,T345/2,11:43:47,5,-1,1,AA6835,0,2,123
T345/2,T344,11:45:18,5,-1,1,AA6835,0,2,40
T408/6,T343,11:45:18,5,-1,1,AA7096,0,2,80
T344,T356/2,11:46:08,5,-1,1,AA6835,0,2,10
T356/2,T358,11:47:39,5,-1,1,AA6835,0,2,60
T358,T373/1,11:48:43,5,-1,1,AA6835,0,2,23
M1/18,M244,11:48:53,5,-1,3,AA7405,1,2,215
T373/1,T306,11:50:34,5,-1,1,AA6835,0,2,80
T306,T314/2,11:51:35,5,-1,1,AA6835,0,2,30
M244,M219,11:51:55,5,-1,2,AA7405,0,2,111
T314/2,T408/6,11:53:36,5,-1,-1,AA6835,0,2,91
M235/2,M247,11:54:37,5,-1,1,AA6482,0,2,182
M219,T345/2,11:55:38,5,-1,2,AA7489,4,2,783
T408/6,T343,11:55:48,5,-1,1,AA6835,0,2,111
M247,M1/18,11:56:39,5,-1,-1,AA6482,0,2,90
T345/2,T344,11:57:09,5,-1,1,AA7489,0,2,50
T344,T356/2,11:57:49,5,-1,1,AA7489,0,2,30
M1/18,M222/2,11:58:20,5,-1,-1,AA7392,0,2,80
T356/2,T358,12:00:25,5,-1,1,AA7489,0,2,93
M222/2,M244,12:00:35,5,-1,2,AA7392,0,2,114
T358,T373/1,12:01:39,5,-1,1,AA7489,0,2,20
M244,M219,12:03:06,5,-1,2,AA7392,0,2,66
T343,M239/1,12:03:16,5,-1,2,AA6835,0,2,397
M219,T316,12:03:27,5,-1,2,AA7405,3,2,600
T373/1,T306,12:03:50,5,-1,1,AA7489,0,2,80
T306,T314/2,12:05:28,5,-1,2,AA7489,0,2,55
T316,T345/2,12:06:11,5,-1,3,AA7405,0,2,151
T345/2,T344,12:08:25,5,-1,1,AA7405,0,2,61
M235/2,M247,12:08:57,5,-1,1,AA7195,0,2,188
T344,T356/2,12:09:08,5,-1,1,AA7405,0,2,31
T314/2,T408/6,12:09:08,5,-1,-1,AA7489,0,2,52
M247,M1/18,12:10:55,5,-1,-1,AA7195,0,2,95
T408/6,T343,12:11:26,5,-1,1,AA7489,0,2,116
T356/2,T358,12:11:59,5,-1,1,AA7405,0,2,85
T358,T373/1,12:13:22,5,-1,1,AA7405,0,2,20
M222/2,M244,12:14:04,5,-1,3,AA7301,0,2,10
M219,T316,12:14:35,5,-1,2,AA7392,3,2,567
T373/1,T306,12:15:15,5,-1,1,AA7405,0,2,70
M244,M219,12:15:56,5,-1,2,AA7301,0,2,30
T316,T345/2,12:16:36,5,-1,2,AA7392,0,2,111
T345/2,T344,12:17:57,5,-1,1,AA7392,0,2,50
T344,T356/2,12:18:38,5,-1,1,AA7392,0,2,30
T306,T314/2,12:18:48,5,-1,2,AA7405,0,2,182
T343,M239/1,12:18:48,5,-1,-1,AA7489,0,2,408
T314/2,T408/6,12:21:09,5,-1,-1,AA7405,0,2,40
T408/6,T343,12:23:57,5,-1,1,AA7405,0,2,113
T356/2,T373/1,12:24:17,5,-1,1,AA7392,1,2,268
M1/18,M222/2,12:25:28,5,-1,-1,AA7149,0,2,153
M235/2,M247,12:25:48,5,-1,1,AA7096,0,2,153
T373/1,T306,12:25:58,5,-1,1,AA7392,0,2,70
T306,T314/2,12:26:49,5,-1,2,AA7392,0,2,40
M222/2,M244,12:27:59,5,-1,2,AA7149,0,2,70
M219,T316,12:27:59,5,-1,1,AA7301,3,2,612
M247,M1/18,12:28:10,5,-1,-1,AA7096,0,2,91
T314/2,T408/6,12:29:43,5,-1,-1,AA7392,0,2,30
M244,M219,12:30:34,5,-1,2,AA7149,0,2,71
T316,T345/2,12:30:34,5,-1,2,AA7301,0,2,134
T408/6,T343,12:31:55,5,-1,1,AA7392,0,2,50
T345/2,T344,12:32:36,5,-1,1,AA7301,0,2,91
T343,M239/1,12:32:36,5,-1,3,AA7405,0,2,458
T344,T356/2,12:33:46,5,-1,1,AA7301,0,2,30
M1/18,M222/2,12:34:57,5,-1,-1,AA7480,0,2,101
M219,M50,12:35:48,5,-1,1,AA7149,0,2,202
M235/2,M1/18,12:35:58,5,-1,-1,AA6835,1,2,222
T356/2,T358,12:36:28,5,-1,1,AA7301,0,2,151
T358,T373/1,12:37:29,5,-1,1,AA7301,0,2,30
M244,M219,12:37:39,5,-1,2,AA7480,0,2,101
T373/1,T306,12:39:20,5,-1,1,AA7301,0,2,70
M1/18,M222/2,12:42:06,5,-1,-1,AA6507,0,2,60
T306,T314/2,12:42:40,5,-1,2,AA7301,0,2,135
M50,T316,12:44:06,5,-1,2,AA7149,2,2,467
T316,T345/2,12:45:57,5,-1,2,AA7149,0,2,91
M222/2,M219,12:46:27,5,-1,3,AA6507,1,1,251
T314/2,T408/6,12:46:27,5,-1,-1,AA7301,0,1,162
T345/2,T344,12:47:49,5,-1,1,AA7149,0,1,50
T344,T356/2,12:48:39,5,-1,1,AA7149,0,1,30
T408/6,T343,12:49:20,5,-1,1,AA7301,0,1,121
T356/2,T358,12:51:25,5,-1,1,AA7149,0,1,145
T358,T373/1,12:52:16,5,-1,1,AA7149,0,1,20
M219,T344,12:52:57,5,-1,1,AA7480,5,1,907
M1/18,M222/2,12:53:17,5,-1,-1,AA6482,0,1,40
T344,T356/2,12:53:37,5,-1,1,AA7480,0,1,30
T373/1,T306,12:53:58,5,-1,2,AA7149,0,1,60
M222/2,M244,12:55:29,5,-1,3,AA6482,0,1,70
T306,T314/2,12:56:19,5,-1,2,AA7149,0,1,111
M235/2,M247,12:56:19,5,-1,1,AA7489,0,1,131
T343,M239/1,12:57:11,5,-1,-1,AA7301,0,1,430
T356/2,T373/1,12:57:34,5,-1,1,AA7480,1,1,196
M244,M219,12:57:54,5,-1,2,AA6482,0,1,135
M219,T316,12:58:46,5,-1,1,AA6507,3,1,646
T314/2,T408/6,12:59:16,5,-1,-1,AA7149,0,1,30
T373/1,T306,12:59:26,5,-1,1,AA7480,0,1,91
M247,M1/18,12:59:36,5,-1,-1,AA7489,0,1,91
T316,T345/2,13:00:47,5,-1,2,AA6507,0,1,111
T306,T314/2,13:00:47,5,-1,2,AA7480,0,1,40
T408/6,T343,13:01:38,5,-1,1,AA7149,0,1,111
T345/2,T344,13:02:18,5,-1,1,AA6507,0,1,40
T314/2,T408/6,13:02:18,5,-1,-1,AA7480,0,1,60
T344,T356/2,13:03:09,5,-1,1,AA6507,0,1,30
M235/2,M247,13:04:20,5,-1,1,AA7405,0,1,151
T408/6,T343,13:05:23,5,-1,1,AA7480,0,1,153
M1/18,M222/2,13:05:43,5,-1,-1,AA6835,0,1,83
T356/2,T358,13:05:53,5,-1,1,AA6507,0,1,153
M247,M1/18,13:06:54,5,-1,-1,AA7405,0,1,90
T358,T373/1,13:07:04,5,-1,1,AA6507,0,1,30
M222/2,M244,13:08:15,5,-1,3,AA6835,0,1,60
T373/1,T306,13:08:25,5,-1,1,AA6507,0,1,60
T306,T314/2,13:09:05,5,-1,2,AA6507,0,1,30
T343,M239/1,13:09:15,5,-1,2,AA7149,0,1,406
M235/2,M247,13:09:46,5,-1,1,AA7392,0,1,151
M244,M219,13:10:26,5,-1,2,AA6835,0,1,20
M219,T316,13:10:26,5,-1,1,AA6482,3,1,690
T314/2,T408/6,13:11:22,5,-1,-1,AA6507,0,1,75
M247,M1/18,13:12:13,5,-1,-1,AA7392,0,1,96
T316,T345/2,13:12:34,5,-1,2,AA6482,0,1,118
T408/6,T343,13:13:45,5,-1,1,AA6507,0,1,123
T345/2,T344,13:13:55,5,-1,1,AA6482,0,1,40
T344,T356/2,13:14:46,5,-1,1,AA6482,0,1,30
T356/2,T358,13:17:07,5,-1,1,AA6482,0,1,131
M239/1,M235/2,13:17:18,5,-1,1,AA7301,2,1,1183
M1/18,M222/2,13:17:48,5,-1,-1,AA7405,0,1,40
T358,T373/1,13:17:58,5,-1,1,AA6482,0,1,20
T373/1,T306,13:19:19,5,-1,1,AA6482,0,1,50
M222/2,M244,13:20:10,5,-1,1,AA7405,0,1,131
T306,T314/2,13:20:34,5,-1,2,AA6482,0,1,44
M235/2,M247,13:20:34,5,-1,1,AA7301,0,1,165
M219,T316,13:21:34,5,-1,1,AA6835,3,1,642
T343,M239/1,13:21:44,5,-1,1,AA6507,0,1,398
M247,M1/18,13:22:35,5,-1,-1,AA7301,0,1,80
M244,M219,13:23:15,5,-1,2,AA7405,0,1,175
T316,T345/2,13:23:15,5,-1,2,AA6835,0,1,91
T345/2,T344,13:24:57,5,-1,1,AA6835,0,1,60
T314/2,T343,13:25:27,5,-1,1,AA6482,1,1,232
T344,T356/2,13:25:57,5,-1,1,AA6835,0,1,40
T356/2,T358,13:28:39,5,-1,1,AA6835,0,1,151
T358,T373/1,13:29:34,5,-1,1,AA6835,0,1,24
M1/18,M222/2,13:30:35,5,-1,-1,AA7392,0,1,94
T373/1,T306,13:31:15,5,-1,1,AA6835,0,1,80
M222/2,M244,13:31:45,5,-1,3,AA7392,0,1,20
T306,T314/2,13:32:26,5,-1,1,AA6835,0,1,40
T314/2,T408/6,13:33:37,5,-1,-1,AA6835,0,1,40
T343,M239/1,13:33:57,5,-1,1,AA6482,0,1,469
M244,M219,13:34:07,5,-1,2,AA7392,0,1,50
M219,T316,13:34:27,5,-1,1,AA7405,3,1,590
T408/6,T343,13:36:09,5,-1,1,AA6835,0,1,131
M247,M1/18,13:36:32,5,-1,-1,AA7480,0,1,83
T316,T345/2,13:36:42,5,-1,2,AA7405,0,1,124
M235/2,M1/18,13:37:45,5,-1,-1,AA7149,1,1,379
T345/2,T344,13:38:25,5,-1,1,AA7405,0,1,50
T344,T356/2,13:39:06,5,-1,1,AA7405,0,1,30
M239/1,M235/2,13:40:37,5,-1,1,AA6507,2,1,1112
T356/2,T358,13:41:28,5,-1,1,AA7405,0,1,101
T358,T373/1,13:42:28,5,-1,2,AA7405,0,1,30
M235/2,M247,13:42:48,5,-1,1,AA6507,0,1,121
T343,M239/1,13:43:29,5,-1,-1,AA6835,0,1,417
T373/1,T306,13:44:10,5,-1,1,AA7405,0,1,70
M1/18,M222/2,13:44:54,5,-1,-1,AA7301,0,1,135
M247,M1/18,13:44:54,5,-1,-1,AA6507,0,1,94
M219,T316,13:45:24,5,-1,1,AA7392,3,1,575
T306,T314/2,13:45:24,5,-1,1,AA7405,0,1,40
T314/2,T408/6,13:47:05,5,-1,-1,AA7405,0,1,40
T316,T345/2,13:47:46,5,-1,2,AA7392,0,1,101
T345/2,T344,13:49:28,5,-1,1,AA7392,0,1,71
M244,M219,13:49:48,5,-1,2,AA7301,0,1,81
T408/6,T343,13:49:48,5,-1,1,AA7405,0,1,81
T344,T356/2,13:50:28,5,-1,1,AA7392,0,1,30
M219,M50,13:52:10,5,-1,1,AA7301,0,1,60
T356/2,T358,13:52:42,5,-1,1,AA7392,0,1,52
T358,T373/1,13:53:43,5,-1,1,AA7392,0,1,30
T373/1,T306,13:55:36,5,-1,1,AA7392,0,1,80
M1/18,M222/2,13:56:16,5,-1,-1,AA7149,0,1,60
T306,T314/2,13:56:37,5,-1,1,AA7392,0,1,40
T343,M239/1,13:57:57,5,-1,2,AA7405,0,1,428
M222/2,M244,13:58:18,5,-1,2,AA7149,0,1,50
T314/2,T408/6,13:58:38,5,-1,-1,AA7392,0,1,30
M235/2,M1/18,13:59:59,5,-1,-1,AA6482,1,1,212
T408/6,T343,14:01:10,5,-1,1,AA7392,0,1,121
M244,M219,14:01:20,5,-1,3,AA7149,0,1,91
M50,T316,14:01:20,5,-1,1,AA7301,2,1,517
T316,T345/2,14:03:53,5,-1,2,AA7301,0,1,138
M1/18,M222/2,14:05:24,5,-1,-1,AA7480,0,1,133
T345/2,T344,14:05:24,5,-1,1,AA7301,0,1,60
T344,T356/2,14:06:45,5,-1,1,AA7301,0,1,40
M222/2,M244,14:07:05,5,-1,2,AA7480,0,1,70
T343,M239/1,14:09:07,5,-1,2,AA7392,0,1,411
T356/2,T358,14:09:37,5,-1,1,AA7301,0,1,161
M244,M219,14:10:28,5,-1,3,AA7480,0,1,192
T358,T373/1,14:10:38,5,-1,1,AA7301,0,1,30
M247,M1/18,14:11:08,5,-1,-1,AA6835,0,1,80
M219,M50,14:12:44,5,-1,1,AA7480,0,1,126
T373/1,T306,14:12:44,5,-1,1,AA7301,0,1,96
M219,T316,14:13:45,5,-1,2,AA7149,3,1,730
T306,T314/2,14:14:26,5,-1,2,AA7301,0,1,40
T316,T345/2,14:15:37,5,-1,2,AA7149,0,1,102
T314/2,T408/6,14:15:58,5,-1,-1,AA7301,0,1,20
T345/2,T344,14:17:09,5,-1,1,AA7149,0,1,40
T344,T356/2,14:18:09,5,-1,1,AA7149,0,1,30
T408/6,T343,14:18:40,5,-1,1,AA7301,0,1,131
M222/2,M244,14:19:10,5,-1,3,AA6507,0,1,70
T356/2,T358,14:20:34,5,-1,1,AA7149,0,1,104
T358,T373/1,14:21:35,5,-1,1,AA7149,0,1,30
M244,M219,14:22:35,5,-1,2,AA6507,0,1,70
T373/1,T306,14:23:56,5,-1,2,AA7149,0,1,101
M50,T345/2,14:24:57,5,-1,-1,AA7480,3,1,702
T306,T314/2,14:25:07,5,-1,2,AA7149,0,1,40
T345/2,T344,14:26:08,5,-1,1,AA7480,0,1,50
M235/2,M247,14:26:28,5,-1,1,AA7405,0,1,171
T343,M239/1,14:26:38,5,-1,2,AA7301,0,1,426
T344,T356/2,14:26:48,5,-1,1,AA7480,0,1,20
T314/2,T408/6,14:27:19,5,-1,-1,AA7149,0,1,50
T356/2,T358,14:28:30,5,-1,1,AA7480,0,1,60
M247,M1/18,14:29:10,5,-1,-1,AA7405,0,1,91
T358,T373/1,14:29:20,5,-1,1,AA7480,0,1,40
M1/18,M222/2,14:29:42,5,-1,-1,AA7489,0,1,122
T408/6,T343,14:30:02,5,-1,1,AA7149,0,1,143
T373/1,T306,14:31:23,5,-1,1,AA7480,0,1,91
M222/2,M244,14:32:05,5,-1,2,AA7489,0,1,92
T306,T314/2,14:32:35,5,-1,1,AA7480,0,1,50
M219,T316,14:34:16,5,-1,1,AA6507,3,1,629
M244,M219,14:34:36,5,-1,2,AA7489,0,1,70
M1/18,M222/2,14:36:17,5,-1,-1,AA6482,0,1,161
T316,T345/2,14:36:17,5,-1,1,AA6507,0,1,111
T345/2,T344,14:37:49,5,-1,1,AA6507,0,1,51
M235/2,M247,14:37:49,5,-1,1,AA7392,0,1,314
M222/2,M244,14:38:09,5,-1,2,AA6482,0,1,91
T343,M239/1,14:38:09,5,-1,-1,AA7149,0,1,416
T344,T356/2,14:38:40,5,-1,1,AA6507,0,1,30
M247,M1/18,14:40:34,5,-1,-1,AA7392,0,1,93
M244,M219,14:40:54,5,-1,2,AA6482,0,1,83
T356/2,T358,14:41:14,5,-1,1,AA6507,0,1,124
T358,T373/1,14:41:55,5,-1,1,AA6507,0,1,20
T373/1,T306,14:43:36,5,-1,1,AA6507,0,1,60
T306,T314/2,14:45:03,5,-1,1,AA6507,0,1,30
M1/18,M222/2,14:46:36,5,-1,-1,AA6835,0,1,169
T314/2,T408/6,14:46:56,5,-1,-1,AA6507,0,1,60
M222/2,M244,14:48:22,5,-1,3,AA6835,0,1,10
M219,T316,14:48:32,5,-1,2,AA7489,3,1,764
T408/6,T343,14:49:53,5,-1,1,AA6507,0,1,156
M244,M219,14:50:23,5,-1,3,AA6835,0,1,60
T316,T345/2,14:50:23,5,-1,2,AA7489,0,1,101
T345/2,T344,14:52:15,5,-1,1,AA7489,0,1,101
M219,T316,14:52:46,5,-1,2,AA6482,3,1,661
T344,T356/2,14:53:06,5,-1,1,AA7489,0,1,20
T316,T345/2,14:54:37,5,-1,2,AA6482,0,1,101
T345/2,T344,14:55:54,5,-1,1,AA6482,0,1,20
M1/18,M222/2,14:56:04,5,-1,-1,AA7405,0,1,107
M235/2,M247,14:56:14,5,-1,1,AA7301,0,1,157
T356/2,T358,14:56:24,5,-1,1,AA7489,0,1,127
T344,T356/2,14:56:54,5,-1,1,AA6482,0,1,30
T358,T373/1,14:57:15,5,-1,2,AA7489,0,1,30
T343,M239/1,14:57:55,5,-1,2,AA6507,0,1,430
M247,M1/18,14:58:26,5,-1,-1,AA7301,0,1,91
T373/1,T306,14:59:44,5,-1,3,AA7489,0,1,119
T356/2,T358,14:59:54,5,-1,1,AA6482,0,1,169
T306,T314/2,15:00:25,5,-1,1,AA7489,0,1,30
M219,T316,15:00:45,5,-1,1,AA6835,3,1,550
T358,T373/1,15:00:45,5,-1,2,AA6482,0,1,20
M222/2,M219,15:01:15,5,-1,2,AA7405,1,1,250
T314/2,T408/6,15:02:06,5,-1,-1,AA7489,0,1,30
T373/1,T306,15:02:16,5,-1,2,AA6482,0,1,70
M235/2,M247,15:02:56,5,-1,1,AA7149,0,1,171
T306,T314/2,15:03:07,5,-1,1,AA6482,0,1,40
T408/6,T343,15:04:48,5,-1,1,AA7489,0,1,101
T316,T344,15:04:58,5,-1,1,AA6835,1,1,242
M247,M1/18,15:05:18,5,-1,-1,AA7149,0,1,80
T344,T356/2,15:05:48,5,-1,1,AA6835,0,1,30
T314/2,T408/6,15:05:59,5,-1,-1,AA6482,0,1,60
M1/18,M222/2,15:07:30,5,-1,-1,AA7392,0,1,604
T408/6,T343,15:08:54,5,-1,1,AA6482,0,1,94
T356/2,T358,15:09:04,5,-1,1,AA6835,0,1,175
M222/2,M244,15:09:14,5,-1,2,AA7392,0,1,63
T358,T373/1,15:09:54,5,-1,1,AA6835,0,1,20
M235/2,M247,15:09:54,5,-1,1,AA7480,0,1,134
T373/1,T306,15:11:25,5,-1,1,AA6835,0,1,60
M219,T316,15:11:35,5,-1,1,AA7405,3,1,569
T316,T345/2,15:13:07,5,-1,2,AA7405,0,1,81
T343,M239/1,15:13:18,5,-1,1,AA7489,0,1,469
T306,T314/2,15:13:28,5,-1,1,AA6835,0,1,91
M247,M1/18,15:13:28,5,-1,-1,AA7480,0,1,142
M244,M219,15:13:48,5,-1,2,AA7392,0,1,132
T345/2,T344,15:15:29,5,-1,1,AA7405,0,1,40
T344,T356/2,15:16:10,5,-1,1,AA7405,0,1,30
T314/2,T408/6,15:16:20,5,-1,-1,AA6835,0,1,80
T343,M239/1,15:16:20,5,-1,1,AA6482,0,1,415
M1/18,M222/2,15:17:14,5,-1,-1,AC3978,0,1,40
T408/6,T343,15:18:24,5,-1,1,AA6835,0,1,101
T356/2,T358,15:19:05,5,-1,1,AA7405,0,1,81
M222/2,M244,15:19:15,5,-1,3,AC3978,0,1,71
T358,T373/1,15:19:56,5,-1,1,AA7405,0,1,30
T373/1,T306,15:21:47,5,-1,1,AA7405,0,1,81
M244,M219,15:22:17,5,-1,3,AC3978,0,1,50
M219,T316,15:24:19,5,-1,1,AA7392,3,1,580
T306,T314/2,15:24:39,5,-1,2,AA7405,0,1,121
T343,M239/1,15:25:42,5,-1,2,AA6835,0,1,396
M235/2,M247,15:26:22,5,-1,1,AA6507,0,1,153
T314/2,T408/6,15:26:43,5,-1,-1,AA7405,0,1,113
T316,T345/2,15:27:13,5,-1,2,AA7392,0,1,153
T345/2,T344,15:28:24,5,-1,1,AA7392,0,1,40
M247,M1/18,15:28:44,5,-1,-1,AA6507,0,1,91
T344,T356/2,15:29:25,5,-1,1,AA7392,0,1,30
T408/6,T343,15:29:45,5,-1,1,AA7405,0,1,111
T356/2,T358,15:31:06,5,-1,1,AA7392,0,1,50
M1/18,M222/2,15:31:47,5,-1,-1,AA7301,0,1,903
T358,T373/1,15:31:57,5,-1,1,AA7392,0,1,20
M219,T316,15:32:48,5,-1,1,AC3978,3,1,590
M222/2,M244,15:33:18,5,-1,3,AA7301,0,1,30
T373/1,T306,15:34:19,5,-1,2,AA7392,0,1,20
T316,T345/2,15:34:39,5,-1,2,AC3978,0,1,101
T306,T314/2,15:35:34,5,-1,2,AA7392,0,1,54
T345/2,T344,15:36:14,5,-1,1,AC3978,0,1,40
T344,T356/2,15:37:25,5,-1,1,AC3978,0,1,30
M244,M219,15:37:56,5,-1,3,AA7301,0,1,267
T314/2,T408/6,15:38:46,5,-1,-1,AA7392,0,1,40
T356/2,T358,15:39:07,5,-1,1,AC3978,0,1,60
M1/18,M222/2,15:39:47,5,-1,-1,AA7552,0,1,40
T358,T373/1,15:40:07,5,-1,2,AC3978,0,1,20
T408/6,T343,15:41:08,5,-1,1,AA7392,0,1,101
T373/1,T306,15:41:28,5,-1,2,AC3978,0,1,70
M222/2,M244,15:42:08,5,-1,3,AA7552,0,1,60
M235/2,M247,15:42:19,5,-1,1,AA7489,0,1,121
T306,T314/2,15:42:59,5,-1,2,AC3978,0,1,70
M247,M1/18,15:44:40,5,-1,-1,AA7489,0,1,101
M244,M219,15:45:34,5,-1,2,AA7552,0,1,124
M235/2,M247,15:47:05,5,-1,1,AA6482,0,1,124
T314/2,T408/6,15:47:15,5,-1,-1,AC3978,0,1,40
M219,T316,15:48:36,5,-1,1,AA7301,3,1,590
M247,M1/18,15:48:47,5,-1,-1,AA6482,0,1,60
T343,M239/1,15:49:27,5,-1,1,AA7392,0,1,458
T408/6,T343,15:50:07,5,-1,1,AC3978,0,1,141
T316,T345/2,15:50:29,5,-1,2,AA7301,0,1,92
T345/2,T344,15:52:00,5,-1,1,AA7301,0,1,60
T344,T356/2,15:52:41,5,-1,1,AA7301,0,1,31
M222/2,M244,15:54:13,5,-1,3,AA6507,0,1,40
T356/2,T358,15:55:15,5,-1,1,AA7301,0,1,92
M244,M219,15:55:56,5,-1,2,AA6507,0,1,50
T358,T373/1,15:55:56,5,-1,1,AA7301,0,1,30
M235/2,M247,15:55:56,5,-1,1,AA6835,0,1,102
M219,T316,15:56:26,5,-1,2,AA7552,3,1,601
T343,M239/1,15:57:47,5,-1,2,AC3978,0,1,428
T316,T345/2,15:57:57,5,-1,2,AA7552,0,1,70
M247,M1/18,15:57:57,5,-1,-1,AA6835,0,1,80
T373/1,T306,15:58:28,5,-1,1,AA7301,0,1,101
T345/2,T344,15:59:28,5,-1,1,AA7552,0,1,60
T306,T314/2,15:59:58,5,-1,2,AA7301,0,1,50
T344,T356/2,16:00:19,5,-1,1,AA7552,0,1,30
T314/2,T408/6,16:01:50,5,-1,-1,AA7301,0,1,40
M1/18,M222/2,16:02:21,5,-1,-1,AA6482,0,1,91
T356/2,T358,16:02:54,5,-1,1,AA7552,0,1,145
T358,T373/1,16:03:55,5,-1,2,AA7552,0,1,30
T408/6,T343,16:04:05,5,-1,1,AA7301,0,1,103
M222/2,M244,16:05:05,5,-1,2,AA6482,0,1,141
T373/1,T306,16:05:36,5,-1,2,AA7552,0,1,70
T306,T314/2,16:06:57,5,-1,2,AA7552,0,1,40
M244,M219,16:07:18,5,-1,2,AA6482,0,1,122
M219,T316,16:07:48,5,-1,1,AA6507,3,1,591
T314/2,T408/6,16:10:05,5,-1,-1,AA7552,0,1,40
T316,T345/2,16:10:25,5,-1,2,AA6507,0,1,131
M235/2,M247,16:10:25,5,-1,1,AA7405,0,1,131
T343,M239/1,16:11:56,5,-1,2,AA7301,0,1,430
T408/6,T343,16:12:16,5,-1,1,AA7552,0,1,90
T345/2,T344,16:12:26,5,-1,1,AA6507,0,1,60
M247,M1/18,16:12:36,5,-1,-1,AA7405,0,1,90
T344,T356/2,16:13:47,5,-1,1,AA6507,0,1,30
M222/2,M244,16:16:03,5,-1,2,AA7489,0,1,95
T356/2,T358,16:16:45,5,-1,1,AA6507,0,1,122
T358,T373/1,16:17:45,5,-1,1,AA6507,0,1,30
M244,M219,16:18:56,5,-1,3,AA7489,0,1,90
T343,M239/1,16:19:26,5,-1,2,AA7552,0,1,389
T373/1,T306,16:19:37,5,-1,1,AA6507,0,1,80
M219,T316,16:19:57,5,-1,1,AA6482,3,1,662
T306,T314/2,16:20:47,5,-1,2,AA6507,0,1,30
M1/18,M222/2,16:21:38,5,-1,-1,AA6835,0,1,60
T314/2,T408/6,16:22:52,5,-1,-1,AA6507,0,1,30
T316,T344,16:23:23,5,-1,1,AA6482,1,1,195
M235/2,M247,16:23:54,5,-1,1,AA7392,0,1,146
T344,T356/2,16:24:05,5,-1,1,AA6482,0,1,30
M222/2,M244,16:24:15,5,-1,2,AA6835,0,1,51
T408/6,T343,16:25:46,5,-1,1,AA6507,0,1,131
M247,M1/18,16:25:46,5,-1,-1,AA7392,0,1,90
T356/2,T358,16:26:56,5,-1,1,AA6482,0,1,151
M244,M219,16:27:57,5,-1,2,AA6835,0,1,121
T358,T373/1,16:27:57,5,-1,1,AA6482,0,1,30
T373/1,T306,16:30:30,5,-1,1,AA6482,0,1,122
M235/2,M247,16:30:30,5,-1,1,AC3978,0,1,71
M1/18,M222/2,16:31:10,5,-1,-1,AA7149,0,1,102
M219,T316,16:31:10,5,-1,1,AA7489,3,1,642
T306,T314/2,16:31:34,5,-1,1,AA6482,0,1,44
M247,M1/18,16:32:55,5,-1,-1,AC3978,0,1,80
T314/2,T408/6,16:33:05,5,-1,-1,AA6482,0,1,40
T316,T345/2,16:33:35,5,-1,2,AA7489,0,1,121
M222/2,M244,16:34:16,5,-1,2,AA7149,0,1,111
T343,M239/1,16:34:36,5,-1,1,AA6507,0,1,489
T345/2,T344,16:34:56,5,-1,1,AA7489,0,1,50
T344,T356/2,16:35:37,5,-1,1,AA7489,0,1,30
T408/6,T343,16:35:57,5,-1,1,AA6482,0,1,121
M244,M219,16:37:22,5,-1,2,AA7149,0,1,74
T356/2,T358,16:37:22,5,-1,1,AA7489,0,1,84
T358,T373/1,16:38:24,5,-1,1,AA7489,0,1,30
M219,T316,16:40:15,5,-1,1,AA6835,3,1,657
M1/18,M222/2,16:40:25,5,-1,-1,AA7405,0,1,161
T373/1,T306,16:40:47,5,-1,1,AA7489,0,1,133
M235/2,M247,16:41:28,5,-1,1,AA7301,0,1,173
T316,T345/2,16:41:58,5,-1,2,AA6835,0,1,92
T306,T314/2,16:41:58,5,-1,1,AA7489,0,1,30
T314/2,T408/6,16:43:19,5,-1,-1,AA7489,0,1,30
T343,M239/1,16:43:19,5,-1,-1,AA6482,0,1,408
T345/2,T344,16:43:29,5,-1,1,AA6835,0,1,60
M247,M1/18,16:43:49,5,-1,-1,AA7301,0,1,111
T344,T356/2,16:44:35,5,-1,1,AA6835,0,1,35
T408/6,T343,16:45:25,5,-1,1,AA7489,0,1,96
M222/2,M219,16:45:36,5,-1,2,AA7405,1,1,277
M235/2,M247,16:45:56,5,-1,1,AA7552,0,1,126
T356/2,T358,16:46:58,5,-1,1,AA6835,0,1,132
M219,T316,16:47:38,5,-1,1,AA7149,3,1,574
T358,T373/1,16:47:48,5,-1,1,AA6835,0,1,20
M247,M1/18,16:47:48,5,-1,-1,AA7552,0,1,82
T316,T345/2,16:49:40,5,-1,2,AA7149,0,1,111
T373/1,T306,16:49:40,5,-1,1,AA6835,0,1,60
M1/18,M222/2,16:50:00,5,-1,-1,AA7392,0,1,131
T306,T314/2,16:50:53,5,-1,1,AA6835,0,1,53
T345/2,T344,16:51:23,5,-1,1,AA7149,0,1,63
M222/2,M244,16:52:14,5,-1,3,AA7392,0,1,123
T344,T356/2,16:52:14,5,-1,1,AA7149,0,1,30
T343,M239/1,16:53:04,5,-1,2,AA7489,0,1,418
M244,M219,16:54:15,5,-1,2,AA7392,0,1,40
T314/2,T408/6,16:54:45,5,-1,-1,AA6835,0,1,171
T356/2,T358,16:55:16,5,-1,1,AA7149,0,1,131
T358,T373/1,16:56:36,5,-1,1,AA7149,0,1,30
M219,T316,16:57:07,5,-1,1,AA7405,3,1,630
T408/6,T343,16:57:27,5,-1,1,AA6835,0,1,121
T373/1,T306,16:58:17,5,-1,1,AA7149,0,1,70
T316,T345/2,16:59:08,5,-1,2,AA7405,0,1,101
T306,T314/2,16:59:59,5,-1,1,AA7149,0,1,81
M1/18,M222/2,17:00:39,5,-1,-1,AC3978,0,1,182
T345/2,T344,17:00:59,5,-1,1,AA7405,0,1,60
M235/2,M247,17:01:30,5,-1,1,AA6507,0,1,80
M222/2,M244,17:01:50,5,-1,2,AC3978,0,1,30
T344,T356/2,17:02:00,5,-1,1,AA7405,0,1,30
T314/2,T408/6,17:02:00,5,-1,-1,AA7149,0,1,30
M247,M1/18,17:03:34,5,-1,-1,AA6507,0,1,94
T408/6,T343,17:04:04,5,-1,1,AA7149,0,1,73
M244,M219,17:04:55,5,-1,2,AC3978,0,1,175
T343,M239/1,17:05:45,5,-1,2,AA6835,0,1,478
M219,T316,17:06:06,5,-1,1,AA7392,3,1,639
T356/2,T358,17:06:46,5,-1,1,AA7405,0,1,235
T358,T373/1,17:08:07,5,-1,1,AA7405,0,1,30
T316,T345/2,17:08:27,5,-1,2,AA7392,0,1,131
M1/18,M222/2,17:09:38,5,-1,-1,AA7301,0,1,90
T345/2,T344,17:09:48,5,-1,1,AA7392,0,1,60
T373/1,T306,17:10:29,5,-1,1,AA7405,0,1,101
T344,T356/2,17:10:49,5,-1,1,AA7392,0,1,40
M235/2,M247,17:10:59,5,-1,1,AA6482,0,1,171
M222/2,M244,17:11:19,5,-1,2,AA7301,0,1,50
T306,T314/2,17:11:39,5,-1,2,AA7405,0,1,40
T343,M239/1,17:12:20,5,-1,-1,AA7149,0,1,454
T356/2,T358,17:13:23,5,-1,1,AA7392,0,1,50
M247,M1/18,17:13:23,5,-1,-1,AA6482,0,1,93
T314/2,T408/6,17:13:44,5,-1,-1,AA7405,0,1,31
M244,M219,17:14:55,5,-1,2,AA7301,0,1,112
T408/6,T343,17:16:36,5,-1,1,AA7405,0,1,90
M219,T316,17:17:36,5,-1,1,AC3978,3,1,629
T316,T345/2,17:19:58,5,-1,2,AC3978,0,1,131
M1/18,M222/2,17:21:08,5,-1,-1,AA7552,0,1,101
T345/2,T344,17:21:29,5,-1,1,AC3978,0,1,70
T344,T356/2,17:22:19,5,-1,1,AC3978,0,1,30
M222/2,M244,17:23:20,5,-1,3,AA7552,0,1,121
M244,M219,17:24:30,5,-1,2,AA7552,0,1,30
T356/2,T358,17:24:51,5,-1,1,AC3978,0,1,111
T358,T373/1,17:26:24,5,-1,1,AC3978,0,1,20
M235/2,M247,17:27:04,5,-1,1,AA7489,0,1,264
T373/1,T306,17:28:39,5,-1,1,AC3978,0,1,85
M219,T316,17:29:10,5,-1,1,AA7301,3,1,824
T306,T314/2,17:29:53,5,-1,1,AC3978,0,1,42
T343,M239/1,17:30:14,5,-1,1,AA7392,0,1,444
M1/18,M222/2,17:30:34,5,-1,-1,AA6507,0,1,51
M247,M1/18,17:30:34,5,-1,-1,AA7489,0,1,84
T316,T345/2,17:30:54,5,-1,2,AA7301,0,1,94
T314/2,T408/6,17:31:35,5,-1,-1,AC3978,0,1,30
M222/2,M244,17:32:25,5,-1,3,AA6507,0,1,40
T345/2,T344,17:32:36,5,-1,1,AA7301,0,1,91
T408/6,T343,17:33:41,5,-1,1,AC3978,0,1,106
T344,T356/2,17:33:52,5,-1,1,AA7301,0,1,40
M244,M219,17:35:03,5,-1,3,AA6507,0,1,50
T356/2,T358,17:36:55,5,-1,1,AA7301,0,1,173
M219,T316,17:37:05,5,-1,1,AA7552,3,1,641
T358,T373/1,17:37:56,5,-1,1,AA7301,0,1,20
T373/1,T306,17:39:07,5,-1,1,AA7301,0,1,60
M1/18,M222/2,17:39:47,5,-1,-1,AA6482,0,1,90
T316,T345/2,17:39:47,5,-1,1,AA7552,0,1,141
T306,T314/2,17:40:38,5,-1,1,AA7301,0,1,50
M219,M50,17:40:48,5,-1,1,AA6507,0,1,232
T343,M239/1,17:41:48,5,-1,1,AC3978,0,1,446
T314/2,T408/6,17:42:19,5,-1,-1,AA7301,0,1,30
T345/2,T344,17:42:39,5,-1,1,AA7552,0,1,151
M222/2,M244,17:42:49,5,-1,3,AA6482,0,1,70
T344,T356/2,17:43:30,5,-1,1,AA7552,0,1,20
M239/1,M254,17:43:50,5,-1,1,AC3978,0,1,101
M235/2,M247,17:43:50,5,-1,1,AA6835,0,1,212
M50,M254,17:44:51,5,-1,1,AA6507,1,1,193
T408/6,T343,17:45:22,5,-1,1,AA7301,0,1,142
M247,M1/18,17:46:02,5,-1,-1,AA6835,0,1,91
M235/2,M247,17:46:12,5,-1,1,AA7149,0,1,112
M244,M219,17:46:34,5,-1,3,AA6482,0,1,92
T356/2,T358,17:46:54,5,-1,1,AA7552,0,1,184
M1/18,M222/2,17:47:24,5,-1,-1,AA7489,0,1,919
T358,T373/1,17:48:05,5,-1,1,AA7552,0,1,20
M222/2,M244,17:48:46,5,-1,3,AA7489,0,1,61
M247,M1/18,17:49:27,5,-1,-1,AA7149,0,1,102
T373/1,T306,17:49:37,5,-1,1,AA7552,0,1,60
M244,M219,17:50:37,5,-1,3,AA7489,0,1,90
T306,T314/2,17:50:47,5,-1,1,AA7552,0,1,40
M254,M64,17:51:28,5,-1,2,AC3978,12,1,437
M219,M50,17:52:59,5,-1,1,AA6482,0,1,212
T314/2,T408/6,17:53:09,5,-1,-1,AA7552,0,1,40
T343,M239/1,17:53:59,5,-1,1,AA7301,0,1,467
M235/2,M247,17:55:24,5,-1,1,AA7392,0,1,175
T408/6,T343,17:55:34,5,-1,1,AA7552,0,1,104
M64,M235/2,17:55:34,5,-1,2,AC3978,0,1,104
M235/2,M247,17:55:44,5,-1,1,AA7405,0,1,195
M219,M50,17:56:04,5,-1,1,AA7489,0,1,266
M254,T316,17:56:04,5,-1,1,AA6507,0,1,662
M50,M254,17:56:25,5,-1,1,AA6482,1,1,165
M1/18,M222/2,17:56:45,5,-1,-1,AA6835,0,1,91
T316,T345/2,17:58:06,5,-1,1,AA6507,0,1,111
M247,M1/18,17:58:27,5,-1,-1,AA7392,0,1,101
M247,M1/18,17:58:27,5,-1,-1,AA7405,0,1,91
M235/2,M247,17:58:37,5,-1,1,AC3978,0,1,172
M222/2,M244,17:59:07,5,-1,3,AA6835,0,1,101
T345/2,T344,17:59:37,5,-1,1,AA6507,0,1,60
M239/1,M64,17:59:48,5,-1,2,AA7301,1,1,337
M244,M219,18:00:38,5,-1,3,AA6835,0,1,70
T344,T356/2,18:00:48,5,-1,1,AA6507,0,1,30
M247,M1/18,18:01:29,5,-1,-1,AC3978,0,1,101
T356/2,T358,18:03:00,5,-1,1,AA6507,0,1,70
M64,M235/2,18:03:33,5,-1,2,AA7301,0,1,94
M1/18,M222/2,18:04:04,5,-1,-1,AA7149,0,1,104
T358,T373/1,18:04:34,5,-1,1,AA6507,0,1,30
M219,M50,18:04:44,5,-1,1,AA6835,0,1,165
T343,M254,18:05:55,5,-1,1,AA7552,1,1,560
M235/2,M247,18:06:05,5,-1,1,AA7301,0,1,141
T373/1,T306,18:06:25,5,-1,1,AA6507,0,1,70
M222/2,M244,18:06:45,5,-1,3,AA7149,0,1,50
M254,T316,18:07:06,5,-1,1,AA6482,0,1,630
M50,M254,18:08:08,5,-1,1,AA6835,1,1,163
M244,M219,18:08:28,5,-1,2,AA7149,0,1,50
T306,T314/2,18:08:48,5,-1,1,AA6507,0,1,92
M50,T316,18:08:58,5,-1,1,AA7489,2,1,753
T316,T345/2,18:09:08,5,-1,2,AA6482,0,1,112
M247,M1/18,18:09:39,5,-1,-1,AA7301,0,1,111
T345/2,T344,18:10:29,5,-1,1,AA6482,0,1,40
T316,T345/2,18:10:49,5,-1,1,AA7489,0,1,80
M1/18,M222/2,18:11:20,5,-1,-1,AA7405,0,1,171
T344,T356/2,18:11:33,5,-1,1,AA6482,0,1,43
T314/2,T408/6,18:11:43,5,-1,-1,AA6507,0,1,53
T345/2,T344,18:12:03,5,-1,1,AA7489,0,1,53
M219,M50,18:12:13,5,-1,1,AA7149,0,1,134
M254,M64,18:12:23,5,-1,2,AA7552,12,1,368
T344,T356/2,18:12:44,5,-1,1,AA7489,0,1,30
T408/6,T343,18:15:06,5,-1,1,AA6507,0,1,141
M222/2,M219,18:15:16,5,-1,3,AA7405,1,1,202
M64,M235/2,18:15:46,5,-1,2,AA7552,0,1,70
T356/2,T358,18:16:47,5,-1,1,AA6482,0,1,303
T356/2,T358,18:16:47,5,-1,1,AA7489,0,1,182
M50,M254,18:17:27,5,-1,1,AA7149,1,1,283
T358,T373/1,18:17:47,5,-1,1,AA6482,0,1,30
T358,T373/1,18:17:47,5,-1,1,AA7489,0,1,30
M254,T316,18:19:35,5,-1,1,AA6835,0,1,676
M1/18,M244,18:19:45,5,-1,3,AA7392,1,1,208
T373/1,T306,18:20:25,5,-1,1,AA7489,0,1,147
M235/2,M247,18:20:55,5,-1,1,AA7552,0,1,299
M219,M50,18:21:06,5,-1,1,AA7405,0,1,153
T373/1,T306,18:21:06,5,-1,1,AA6482,0,1,123
T316,T345/2,18:21:56,5,-1,2,AA6835,0,1,131
T306,T314/2,18:22:16,5,-1,2,AA7489,0,1,101
M247,M1/18,18:22:47,5,-1,-1,AA7552,0,1,101
M244,M219,18:22:57,5,-1,3,AA7392,0,1,131
T306,T314/2,18:23:07,5,-1,2,AA6482,0,1,101
T345/2,T344,18:23:27,5,-1,1,AA6835,0,1,60
T344,T356/2,18:24:08,5,-1,1,AA6835,0,1,20
T314/2,T408/6,18:24:48,5,-1,-1,AA7489,0,1,50
T314/2,T408/6,18:24:58,5,-1,-1,AA6482,0,1,101
T343,M239/1,18:24:58,5,-1,1,AA6507,0,1,551
M50,M254,18:25:38,5,-1,1,AA7405,1,1,161
M219,M50,18:26:49,5,-1,1,AA7392,0,1,121
T356/2,T358,18:26:49,5,-1,1,AA6835,0,1,151
M222/2,M244,18:27:09,5,-1,3,AC3978,0,1,70
M239/1,M254,18:27:30,5,-1,1,AA6507,0,1,131
T358,T373/1,18:27:40,5,-1,2,AA6835,0,1,30
M254,T316,18:27:50,5,-1,2,AA7149,0,1,602
T408/6,T343,18:28:42,5,-1,1,AA7489,0,1,173
T408/6,T343,18:28:52,5,-1,1,AA6482,0,1,203
M244,M219,18:29:53,5,-1,3,AC3978,0,1,92
T316,T345/2,18:29:53,5,-1,2,AA7149,0,1,112
M50,M254,18:31:04,5,-1,1,AA7392,1,1,151
T373/1,T306,18:31:04,5,-1,2,AA6835,0,1,151
T345/2,T344,18:32:04,5,-1,1,AA7149,0,1,80
M219,M50,18:32:14,5,-1,1,AC3978,0,1,90
T306,T314/2,18:32:47,5,-1,2,AA6835,0,1,42
T344,T356/2,18:33:17,5,-1,1,AA7149,0,1,30
M1/18,M222/2,18:34:48,5,-1,-1,AA7301,0,1,80
T314/2,T408/6,18:35:09,5,-1,-1,AA6835,0,1,111
M254,M64,18:35:19,5,-1,2,AA6507,12,1,448
M50,M239/2,18:36:09,5,-1,1,AC3978,0,1,141
M254,T316,18:36:29,5,-1,1,AA7405,0,1,640
T356/2,T358,18:36:50,5,-1,1,AA7149,0,1,202
T343,M239/1,18:36:50,5,-1,1,AA7489,0,1,447
M222/2,M244,18:37:10,5,-1,3,AA7301,0,1,70
T358,T373/1,18:37:43,5,-1,2,AA7149,0,1,23
T316,T345/2,18:38:44,5,-1,2,AA7405,0,1,103
T408/6,T343,18:38:54,5,-1,1,AA6835,0,1,194
M239/1,M254,18:39:14,5,-1,1,AA7489,0,1,134
T343,M254,18:39:34,5,-1,1,AA6482,1,1,601
M244,M219,18:40:09,5,-1,3,AA7301,0,1,64
T373/1,T306,18:40:09,5,-1,2,AA7149,0,1,115
T345/2,T344,18:40:59,5,-1,1,AA7405,0,1,50
M64,M235/2,18:41:19,5,-1,1,AA6507,0,1,125
T344,T356/2,18:41:29,5,-1,1,AA7405,0,1,20
M254,T316,18:41:39,5,-1,2,AA7392,0,1,625
M219,M50,18:42:20,5,-1,1,AA7301,0,1,90
T306,T314/2,18:42:44,5,-1,2,AA7149,0,1,74
T316,T345/2,18:43:35,5,-1,2,AA7392,0,1,105
M235/2,M247,18:44:35,5,-1,1,AA6507,0,1,186
T356/2,T358,18:44:46,5,-1,1,AA7405,0,1,121
T314/2,T408/6,18:45:26,5,-1,-1,AA7149,0,1,40
M254,M64,18:45:36,5,-1,3,AA7489,12,1,361
T345/2,T344,18:45:46,5,-1,1,AA7392,0,1,101
T358,T373/1,18:45:46,5,-1,3,AA7405,0,1,30
M1/18,M222/2,18:45:56,5,-1,-1,AA7552,0,1,30
M254,M64,18:45:56,5,-1,3,AA6482,12,1,347
M254,T316,18:46:27,5,-1,2,AC3978,0,1,587
M50,M254,18:46:37,5,-1,1,AA7301,1,1,161
T344,T356/2,18:46:47,5,-1,1,AA7392,0,1,40
T343,M239/1,18:46:57,5,-1,1,AA6835,0,1,452
M222/2,M244,18:47:17,5,-1,3,AA7552,0,1,30
T408/6,T343,18:47:27,5,-1,1,AA7149,0,1,80
T316,T345/2,18:48:38,5,-1,2,AC3978,0,1,121
T373/1,T306,18:48:58,5,-1,3,AA7405,0,1,151
M239/1,M254,18:49:09,5,-1,1,AA6835,0,1,121
M64,M235/2,18:49:20,5,-1,1,AA7489,0,1,193
M64,M235/2,18:49:32,5,-1,1,AA6482,0,1,124
T345/2,T344,18:50:02,5,-1,1,AC3978,0,1,53
M244,M219,18:50:22,5,-1,2,AA7552,0,1,83
T306,T314/2,18:50:22,5,-1,2,AA7405,0,1,50
T344,T356/2,18:50:53,5,-1,1,AC3978,0,1,30
T356/2,T358,18:50:53,5,-1,1,AA7392,0,1,184
T358,T373/1,18:51:34,5,-1,3,AA7392,0,1,31
M235/2,M247,18:52:14,5,-1,2,AA7489,0,1,152
M235/2,M247,18:52:14,5,-1,2,AA6482,0,1,112
M247,M1/18,18:52:55,5,-1,-1,AA6507,0,1,408
M219,M50,18:53:05,5,-1,1,AA7552,0,1,112
T356/2,T358,18:53:15,5,-1,1,AC3978,0,1,101
T314/2,T408/6,18:53:56,5,-1,-1,AA7405,0,1,121
T358,T373/1,18:54:06,5,-1,3,AC3978,0,1,20
T373/1,T306,18:54:56,5,-1,3,AA7392,0,1,181
T343,M239/1,18:55:41,5,-1,1,AA7149,0,1,432
M254,M64,18:55:41,5,-1,3,AA6835,12,1,380
T306,T314/2,18:55:51,5,-1,2,AA7392,0,1,44
M50,M254,18:56:21,5,-1,1,AA7552,1,1,155
M254,T316,18:56:21,5,-1,1,AA7301,0,1,574
T408/6,T343,18:56:21,5,-1,1,AA7405,0,1,94
T373/1,T306,18:56:42,5,-1,2,AC3978,0,1,126
T316,T345/2,18:57:34,5,-1,1,AA7301,0,1,61
M239/1,M254,18:57:44,5,-1,1,AA7149,0,1,113
T306,T314/2,18:58:04,5,-1,2,AC3978,0,1,41
T314/2,T408/6,18:58:24,5,-1,-1,AA7392,0,1,40
T345/2,T344,18:58:55,5,-1,1,AA7301,0,1,50
M64,M235/2,18:59:15,5,-1,1,AA6835,0,1,152
M247,M1/18,18:59:15,5,-1,-1,AA7489,0,1,369
M247,M1/18,18:59:25,5,-1,-1,AA6482,0,1,380
T344,T356/2,18:59:45,5,-1,1,AA7301,0,1,30
T314/2,T408/6,18:59:45,5,-1,-1,AC3978,0,1,30
T408/6,T343,19:00:36,5,-1,1,AA7392,0,1,90
M1/18,M222/2,19:01:16,5,-1,-1,AA6507,0,1,50
T408/6,T343,19:01:47,5,-1,1,AC3978,0,1,70
M222/2,M244,19:02:57,5,-1,3,AA6507,0,1,70
T356/2,T358,19:02:57,5,-1,1,AA7301,0,1,161
M235/2,M247,19:03:28,5,-1,2,AA6835,0,1,212
T358,T373/1,19:03:49,5,-1,2,AA7301,0,1,31
T343,M239/1,19:03:49,5,-1,1,AA7405,0,1,416
M254,M64,19:04:09,5,-1,2,AA7149,12,1,354
M254,T316,19:05:04,5,-1,1,AA7552,0,1,511
M239/1,M254,19:05:54,5,-1,1,AA7405,0,1,115
M244,M219,19:06:24,5,-1,2,AA6507,0,1,101
T373/1,T306,19:06:24,5,-1,2,AA7301,0,1,101
T316,T345/2,19:06:45,5,-1,2,AA7552,0,1,90
M64,M235/2,19:07:35,5,-1,1,AA7149,0,1,60
M1/18,M222/2,19:08:05,5,-1,-1,AA6482,0,1,70
T345/2,T344,19:08:05,5,-1,1,AA7552,0,1,60
T343,M239/1,19:08:26,5,-1,1,AA7392,0,1,439
M219,M50,19:08:56,5,-1,1,AA6507,0,1,101
T306,T314/2,19:08:56,5,-1,2,AA7301,0,1,101
M222/2,M244,19:09:16,5,-1,2,AA6482,0,1,20
M239/1,M254,19:10:07,5,-1,1,AA7392,0,1,90
M244,M219,19:10:57,5,-1,2,AA6482,0,1,80
T343,M254,19:10:57,5,-1,1,AC3978,1,1,510
M235/2,M247,19:11:07,5,-1,2,AA7149,0,1,181
M254,M64,19:11:48,5,-1,2,AA7405,12,1,333
M50,M254,19:12:48,5,-1,1,AA6507,1,1,181
T314/2,T408/6,19:13:09,5,-1,-1,AA7301,0,1,171
M247,M1/18,19:13:29,5,-1,-1,AA6835,0,1,505
M219,M50,19:14:40,5,-1,1,AA6482,0,1,111
M64,M235/2,19:15:10,5,-1,1,AA7405,0,1,141
T408/6,T343,19:15:44,5,-1,1,AA7301,0,1,134
T344,T358,19:16:44,5,-1,1,AA7552,1,1,508
M254,M64,19:16:44,5,-1,2,AA7392,12,1,377
M247,M1/18,19:17:04,5,-1,-1,AA7149,0,1,316
M254,M64,19:17:15,5,-1,2,AC3978,12,1,367
T358,T373/1,19:17:55,5,-1,2,AA7552,0,2,30
M50,M254,19:18:15,5,-1,1,AA6482,1,2,161
M1/18,M222/2,19:19:16,5,-1,-1,AA7489,0,2,70
T373/1,T306,19:19:56,5,-1,2,AA7552,0,2,80
M64,M235/2,19:21:25,5,-1,1,AA7392,0,2,138
M64,M235/2,19:21:35,5,-1,1,AC3978,0,2,88
M235/2,M1/18,19:21:35,5,-1,-1,AA7405,1,2,341
M222/2,M244,19:21:45,5,-1,2,AA7489,0,2,98
T306,T314/2,19:22:15,5,-1,1,AA7552,0,2,101
T343,M239/1,19:22:36,5,-1,1,AA7301,0,2,381
M254,T316,19:23:46,5,-1,1,AA6507,0,2,647
M239/1,M254,19:23:57,5,-1,1,AA7301,0,2,70
M244,M219,19:24:28,5,-1,2,AA7489,0,2,61
M235/2,M247,19:25:18,5,-1,1,AA7392,0,2,213
M235/2,M247,19:25:29,5,-1,1,AC3978,0,2,213
M1/18,M222/2,19:25:59,5,-1,-1,AA6835,0,2,80
T314/2,T408/6,19:26:19,5,-1,-1,AA7552,0,2,40
T316,T345/2,19:26:29,5,-1,1,AA6507,0,2,141
M219,M50,19:26:49,5,-1,1,AA7489,0,2,131
T345/2,T344,19:28:02,5,-1,1,AA6507,0,2,62
M247,M1/18,19:28:13,5,-1,-1,AA7392,0,2,93
M247,M1/18,19:28:13,5,-1,-1,AC3978,0,2,113
M254,T316,19:28:43,5,-1,1,AA6482,0,2,617
T408/6,T343,19:28:43,5,-1,1,AA7552,0,2,123
T344,T356/2,19:29:03,5,-1,2,AA6507,0,2,30
M222/2,M244,19:29:13,5,-1,2,AA6835,0,2,174
M254,M64,19:29:34,5,-1,2,AA7301,12,2,316
T316,T345/2,19:31:55,5,-1,2,AA6482,0,2,141
M244,M219,19:32:26,5,-1,2,AA6835,0,2,61
T345/2,T344,19:33:21,5,-1,1,AA6482,0,2,54
T356/2,T358,19:33:21,5,-1,1,AA6507,0,2,186
T344,T356/2,19:34:03,5,-1,2,AA6482,0,2,30
M219,M50,19:34:34,5,-1,1,AA6835,0,2,40
T358,T373/1,19:34:34,5,-1,2,AA6507,0,2,60
M64,M235/2,19:34:34,5,-1,1,AA7301,0,2,148
T343,M239/1,19:36:15,5,-1,1,AA7552,0,2,411
M1/18,M222/2,19:36:46,5,-1,-1,AA7149,0,2,101
T356/2,T358,19:36:46,5,-1,1,AA6482,0,2,131
M235/2,M247,19:37:26,5,-1,1,AA7301,0,2,161
T358,T373/1,19:37:36,5,-1,2,AA6482,0,2,20
M239/1,M254,19:37:36,5,-1,1,AA7552,0,2,70
T373/1,T306,19:37:56,5,-1,1,AA6507,0,2,131
M222/2,M244,19:38:16,5,-1,2,AA7149,0,2,40
M50,M254,19:38:37,5,-1,1,AA6835,1,2,151
T306,T314/2,19:39:17,5,-1,2,AA6507,0,2,40
M247,M1/18,19:39:47,5,-1,-1,AA7301,0,2,80
M244,M219,19:40:38,5,-1,2,AA7149,0,2,80
M50,T316,19:40:58,5,-1,1,AA7489,2,2,828
T373/1,T306,19:41:08,5,-1,1,AA6482,0,2,131
T306,T314/2,19:41:59,5,-1,1,AA6482,0,2,40
T314/2,T408/6,19:41:59,5,-1,-1,AA6507,0,2,50
T316,T345/2,19:42:49,5,-1,1,AA7489,0,2,101
M254,M64,19:43:09,5,-1,2,AA7552,12,2,303
M219,M50,19:43:20,5,-1,1,AA7149,0,2,70
T314/2,T408/6,19:43:20,5,-1,-1,AA6482,0,2,30
T345/2,T344,19:44:10,5,-1,1,AA7489,0,2,50
T408/6,T343,19:44:33,5,-1,1,AA6507,0,2,123
T344,T356/2,19:45:03,5,-1,1,AA7489,0,2,42
T408/6,T343,19:45:47,5,-1,1,AA6482,0,2,117
M64,M235/2,19:45:47,5,-1,1,AA7552,0,2,74
M50,M254,19:46:28,5,-1,1,AA7149,1,2,115
M1/18,M222/2,19:46:48,5,-1,-1,AA7392,0,2,50
T356/2,T373/1,19:47:59,5,-1,1,AA7489,1,2,165
M222/2,M244,19:48:19,5,-1,2,AA7392,0,2,60
M235/2,M247,19:49:20,5,-1,1,AA7552,0,2,182
T373/1,T306,19:49:34,5,-1,1,AA7489,0,2,55
M244,M219,19:50:15,5,-1,2,AA7392,0,2,40
M254,T345/2,19:50:15,5,-1,2,AA6835,1,2,687
T306,T314/2,19:50:35,5,-1,1,AA7489,0,2,40
T345/2,T344,19:51:15,5,-1,1,AA6835,0,2,40
T344,T356/2,19:52:06,5,-1,1,AA6835,0,2,30
T314/2,T408/6,19:52:16,5,-1,-1,AA7489,0,2,30
M219,M50,19:52:26,5,-1,1,AA7392,0,2,101
M247,M1/18,19:53:06,5,-1,-1,AA7552,0,2,191
T343,M239/1,19:53:27,5,-1,1,AA6507,0,2,459
T408/6,T343,19:54:17,5,-1,1,AA7489,0,2,90
T356/2,T358,19:55:18,5,-1,1,AA6835,0,2,171
M50,M254,19:55:38,5,-1,1,AA7392,1,2,161
M239/1,M254,19:55:48,5,-1,1,AA6507,0,2,131
T343,M254,19:55:48,5,-1,1,AA6482,1,2,550
T358,T373/1,19:56:18,5,-1,2,AA6835,0,2,30
M254,T345/2,19:57:29,5,-1,2,AA7149,1,2,651
T373/1,T306,19:57:39,5,-1,2,AA6835,0,2,70
M1/18,M222/2,19:58:20,5,-1,-1,AC3978,0,2,90
T345/2,T344,19:58:53,5,-1,1,AA7149,0,2,53
T306,T314/2,19:58:53,5,-1,1,AA6835,0,2,33
T344,T356/2,19:59:44,5,-1,1,AA7149,0,2,30
M222/2,M244,20:00:45,5,-1,1,AC3978,0,2,70
T314/2,T408/6,20:00:45,5,-1,-1,AA6835,0,2,80
M254,M64,20:01:25,5,-1,3,AA6482,12,2,286
T343,M239/1,20:02:06,5,-1,1,AA7489,0,2,418
M254,M64,20:02:06,5,-1,3,AA6507,12,2,337
M244,M219,20:02:57,5,-1,2,AC3978,0,2,80
T408/6,T343,20:03:17,5,-1,1,AA6835,0,2,132
M219,M50,20:03:52,5,-1,1,AC3978,0,2,20
M64,M235/2,20:03:52,5,-1,1,AA6482,0,2,75
T356/2,T358,20:04:03,5,-1,1,AA7149,0,2,177
M239/1,M254,20:04:03,5,-1,1,AA7489,0,2,106
M254,T316,20:05:03,5,-1,1,AA7392,0,2,555
T358,T373/1,20:05:13,5,-1,2,AA7149,0,2,30
M64,M235/2,20:05:54,5,-1,1,AA6507,0,2,166
T316,T345/2,20:06:24,5,-1,2,AA7392,0,2,70
T373/1,T306,20:07:05,5,-1,2,AA7149,0,2,60
T345/2,T344,20:08:26,5,-1,1,AA7392,0,2,60
T306,T314/2,20:08:26,5,-1,1,AA7149,0,2,40
M235/2,M247,20:08:46,5,-1,2,AA6482,0,2,283
M235/2,M247,20:08:46,5,-1,2,AA6507,0,2,141
T344,T356/2,20:09:16,5,-1,1,AA7392,0,2,30
M254,M64,20:09:47,5,-1,2,AA7489,12,2,304
T314/2,T408/6,20:09:58,5,-1,-1,AA7149,0,2,31
T343,M239/1,20:10:18,5,-1,1,AA6835,0,2,395
T356/2,T358,20:11:08,5,-1,1,AA7392,0,2,70
M247,M1/18,20:11:08,5,-1,-1,AA6507,0,2,102
M247,M1/18,20:11:28,5,-1,-1,AA6482,0,2,90
T358,T373/1,20:11:59,5,-1,1,AA7392,0,2,20
T408/6,T343,20:12:09,5,-1,1,AA7149,0,2,80
M239/1,M254,20:12:19,5,-1,1,AA6835,0,2,111
M64,M235/2,20:13:09,5,-1,1,AA7489,0,2,141
T373/1,T306,20:13:40,5,-1,1,AA7392,0,2,70
T306,T314/2,20:15:02,5,-1,1,AA7392,0,2,51
M235/2,M247,20:15:43,5,-1,1,AA7489,0,2,143
T314/2,T408/6,20:16:44,5,-1,-1,AA7392,0,2,30
M50,T316,20:17:38,5,-1,1,AC3978,2,2,765
M254,M64,20:17:38,5,-1,2,AA6835,12,2,288
M1/18,M222/2,20:18:19,5,-1,-1,AA7405,0,2,155
M247,M1/18,20:18:59,5,-1,-1,AA7489,0,2,90
T316,T345/2,20:19:09,5,-1,1,AC3978,0,2,80
T408/6,T343,20:19:19,5,-1,1,AA7392,0,2,121
M222/2,M244,20:19:29,5,-1,2,AA7405,0,2,30
T343,M239/1,20:19:50,5,-1,1,AA7149,0,2,389
T345/2,T344,20:20:34,5,-1,1,AC3978,0,2,54
M64,M235/2,20:20:34,5,-1,1,AA6835,0,2,104
M244,M219,20:21:14,5,-1,1,AA7405,0,2,64
T344,T356/2,20:21:14,5,-1,1,AC3978,0,2,30
M239/1,M254,20:21:44,5,-1,1,AA7149,0,2,104
M235/2,M247,20:23:05,5,-1,1,AA6835,0,2,141
M219,M50,20:23:46,5,-1,1,AA7405,0,2,80
T356/2,T358,20:24:57,5,-1,1,AC3978,0,2,182
T358,T373/1,20:25:48,5,-1,1,AC3978,0,2,30
M247,M1/18,20:25:48,5,-1,-1,AA6835,0,2,81
T343,M239/1,20:27:20,5,-1,1,AA7392,0,2,440
M254,M64,20:28:00,5,-1,2,AA7149,12,2,355
T373/1,T306,20:28:33,5,-1,1,AC3978,0,2,125
M239/1,M254,20:29:04,5,-1,1,AA7392,0,2,93
T306,T314/2,20:29:54,5,-1,1,AC3978,0,2,40
M64,M235/2,20:31:35,5,-1,1,AA7149,0,2,151
T314/2,T408/6,20:31:45,5,-1,-1,AC3978,0,2,30
M1/18,M222/2,20:33:47,5,-1,-1,AA7301,0,2,30
T408/6,T343,20:33:47,5,-1,1,AC3978,0,2,101
M235/2,M247,20:33:47,5,-1,1,AA7149,0,2,121
M254,M64,20:34:47,5,-1,2,AA7392,12,2,323
M222/2,M244,20:35:28,5,-1,2,AA7301,0,2,50
M247,M1/18,20:35:48,5,-1,-1,AA7149,0,2,90
M64,M235/2,20:36:59,5,-1,1,AA7392,0,2,70
M244,M219,20:37:29,5,-1,2,AA7301,0,2,80
M50,T345/2,20:38:20,5,-1,2,AA7405,3,2,833
M235/2,M247,20:38:54,5,-1,1,AA7392,0,2,105
M219,M50,20:39:24,5,-1,1,AA7301,0,2,50
T345/2,T344,20:39:45,5,-1,1,AA7405,0,2,50
T344,T356/2,20:40:25,5,-1,1,AA7405,0,2,30
T343,M239/1,20:40:55,5,-1,1,AC3978,0,2,408
M247,M1/18,20:41:05,5,-1,-1,AA7392,0,2,101
M239/1,M254,20:42:16,5,-1,1,AC3978,0,2,70
M50,M254,20:43:07,5,-1,1,AA7301,1,2,151
T356/2,T358,20:44:07,5,-1,1,AA7405,0,2,70
T358,T373/1,20:45:08,5,-1,1,AA7405,0,2,20
T373/1,T306,20:46:39,5,-1,1,AA7405,0,2,60
M254,M64,20:47:29,5,-1,2,AC3978,12,2,282
M1/18,M222/2,20:48:10,5,-1,-1,AA7552,0,2,30
T306,T314/2,20:48:42,5,-1,1,AA7405,0,2,52
M64,M235/2,20:49:46,5,-1,1,AC3978,0,1,63
M222/2,M244,20:50:16,5,-1,2,AA7552,0,1,93
T314/2,T408/6,20:51:17,5,-1,-1,AA7405,0,1,40
M254,T316,20:51:57,5,-1,1,AA7301,0,1,520
M244,M219,20:52:07,5,-1,2,AA7552,0,1,70
M235/2,M1/18,20:53:08,5,-1,-1,AC3978,1,1,181
M219,M50,20:53:18,5,-1,1,AA7552,0,1,30
T316,T345/2,20:53:18,5,-1,2,AA7301,0,1,70
T408/6,T343,20:53:58,5,-1,1,AA7405,0,1,111
T345/2,T344,20:54:39,5,-1,1,AA7301,0,1,70
T344,T356/2,20:55:29,5,-1,1,AA7301,0,1,20
T356/2,T358,20:57:43,5,-1,1,AA7301,0,1,103
T358,T373/1,20:58:34,5,-1,1,AA7301,0,1,30
T373/1,T306,21:00:29,5,-1,1,AA7301,0,1,84
T306,T314/2,21:01:50,5,-1,1,AA7301,0,1,50
M1/18,M222/2,21:02:20,5,-1,-1,AA6482,0,1,80
T314/2,T408/6,21:03:43,5,-1,-1,AA7301,0,1,82
T343,M254,21:04:03,5,-1,1,AA7405,1,1,574
M222/2,M244,21:04:53,5,-1,2,AA6482,0,1,92
T408/6,T343,21:05:54,5,-1,1,AA7301,0,1,100
M50,T316,21:06:24,5,-1,1,AA7552,2,1,695
M244,M219,21:07:10,5,-1,2,AA6482,0,1,95
T316,T345/2,21:07:53,5,-1,1,AA7552,0,1,78
T345/2,T344,21:08:54,5,-1,1,AA7552,0,1,31
M219,M50,21:09:04,5,-1,1,AA6482,0,1,71
T344,T356/2,21:10:15,5,-1,-1,AA7552,0,1,40
M254,M64,21:10:35,5,-1,-1,AA7405,12,1,372
M50,M254,21:12:36,5,-1,-1,AA6482,1,1,151
T356/2,T358,21:13:27,5,-1,-1,AA7552,0,1,80
M64,M235/2,21:13:37,5,-1,-1,AA7405,0,1,60
T358,T373/1,21:14:48,5,-1,-1,AA7552,0,1,30
T343,M254,21:14:58,5,-1,-1,AA7301,1,1,503
M1/18,M222/2,21:15:38,5,-1,-1,AA7489,0,1,70
T373/1,T306,21:16:19,5,-1,1,AA7552,0,1,70
M235/2,M247,21:16:39,5,-1,1,AA7405,0,1,141
T306,T314/2,21:17:19,5,-1,1,AA7552,0,1,50
M222/2,M244,21:18:10,5,-1,2,AA7489,0,1,101
M247,M1/18,21:19:34,5,-1,-1,AA7405,0,1,83
M244,M219,21:19:44,5,-1,2,AA7489,0,1,50
M254,M64,21:19:44,5,-1,2,AA7301,12,1,275
T314/2,T408/6,21:20:24,5,-1,-1,AA7552,0,1,40
M219,M50,21:21:29,5,-1,1,AA7489,0,1,54
M254,T316,21:22:09,5,-1,1,AA6482,0,1,562
M64,M235/2,21:22:50,5,-1,1,AA7301,0,1,145
T408/6,T343,21:23:32,5,-1,1,AA7552,0,1,92
T316,T345/2,21:24:12,5,-1,1,AA6482,0,1,113
T345/2,T344,21:25:34,5,-1,1,AA6482,0,1,61
T344,T356/2,21:26:15,5,-1,1,AA6482,0,1,30
M235/2,M247,21:26:55,5,-1,1,AA7301,0,1,192
M1/18,M222/2,21:28:46,5,-1,-1,AA6835,0,1,40
M247,M1/18,21:28:46,5,-1,-1,AA7301,0,1,80
T356/2,T358,21:29:06,5,-1,1,AA6482,0,1,101
T358,T373/1,21:29:48,5,-1,1,AA6482,0,1,21
M222/2,M244,21:30:18,5,-1,2,AA6835,0,1,41
T343,M239/1,21:30:59,5,-1,1,AA7552,0,1,395
T373/1,T306,21:31:33,5,-1,1,AA6482,0,1,74
T306,T314/2,21:32:23,5,-1,1,AA6482,0,1,30
M239/1,M254,21:32:23,5,-1,1,AA7552,0,1,60
M244,M219,21:32:44,5,-1,2,AA6835,0,1,104
T314/2,T408/6,21:34:25,5,-1,-1,AA6482,0,1,60
M219,M50,21:35:16,5,-1,1,AA6835,0,1,51
M50,T316,21:35:46,5,-1,1,AA7489,2,1,827
T408/6,T343,21:36:47,5,-1,1,AA6482,0,1,111
T316,T345/2,21:37:58,5,-1,1,AA7489,0,1,121
M254,M64,21:37:58,5,-1,2,AA7552,12,1,293
M50,M254,21:38:38,5,-1,1,AA6835,1,1,151
T345/2,T344,21:39:29,5,-1,1,AA7489,0,1,60
T344,T356/2,21:40:39,5,-1,1,AA7489,0,1,40
M64,M235/2,21:41:10,5,-1,1,AA7552,0,1,80
M235/2,M247,21:42:35,5,-1,1,AA7552,0,1,75
M1/18,M222/2,21:43:15,5,-1,-1,AA7405,0,1,155
T356/2,T358,21:43:25,5,-1,1,AA7489,0,1,145
T343,M239/1,21:44:06,5,-1,1,AA6482,0,1,418
M247,M1/18,21:44:16,5,-1,-1,AA7552,0,1,90
T358,T373/1,21:44:46,5,-1,1,AA7489,0,1,30
M222/2,M244,21:44:56,5,-1,1,AA7405,0,1,40
M239/1,M254,21:45:37,5,-1,1,AA6482,0,1,80
T373/1,T306,21:46:17,5,-1,1,AA7489,0,1,70
M244,M219,21:47:18,5,-1,2,AA7405,0,1,90
T306,T314/2,21:47:38,5,-1,1,AA7489,0,1,50
M254,T316,21:47:48,5,-1,1,AA6835,0,1,539
T314/2,T408/6,21:49:29,5,-1,-1,AA7489,0,1,30
M219,M50,21:49:49,5,-1,1,AA7405,0,1,101
T316,T345/2,21:49:59,5,-1,1,AA6835,0,1,121
M254,M64,21:51:04,5,-1,2,AA6482,12,1,297
T345/2,T344,21:51:14,5,-1,1,AA6835,0,1,40
T408/6,T343,21:51:55,5,-1,1,AA7489,0,1,115
T344,T356/2,21:52:15,5,-1,1,AA6835,0,1,30
M1/18,M222/2,21:53:06,5,-1,-1,AA7301,0,1,20
M222/2,M244,21:53:56,5,-1,1,AA7301,0,1,10
M64,M235/2,21:54:16,5,-1,1,AA6482,0,1,111
T356/2,T358,21:55:18,5,-1,1,AA6835,0,1,51
M244,M219,21:56:33,5,-1,2,AA7301,0,1,105
T358,T373/1,21:56:33,5,-1,1,AA6835,0,1,34
M219,M50,21:57:24,5,-1,1,AA7301,0,1,10
M235/2,M247,21:57:24,5,-1,1,AA6482,0,1,177
T373/1,T306,21:58:14,5,-1,1,AA6835,0,1,80
T306,T314/2,21:59:36,5,-1,1,AA6835,0,1,50
M247,M1/18,21:59:36,5,-1,-1,AA6482,0,1,91
M50,M254,22:00:37,5,-1,1,AA7301,1,1,152
T343,M254,22:01:37,5,-1,1,AA7489,1,1,531
T314/2,T408/6,22:01:47,5,-1,-1,AA6835,0,1,111
M50,T316,22:02:58,5,-1,1,AA7405,2,1,744
T408/6,T343,22:04:49,5,-1,1,AA6835,0,1,101
T316,T345/2,22:04:59,5,-1,1,AA7405,0,1,111
M1/18,M222/2,22:07:05,5,-1,-1,AA7552,0,1,60
M254,M64,22:07:36,5,-1,2,AA7489,12,1,338
T345/2,T356/2,22:08:06,5,-1,1,AA7405,1,1,142
M222/2,M244,22:08:57,5,-1,2,AA7552,0,1,60
M254,T316,22:09:37,5,-1,1,AA7301,0,1,530
M64,M235/2,22:10:48,5,-1,1,AA7489,0,1,131
T356/2,T358,22:10:58,5,-1,1,AA7405,0,1,80
T316,T345/2,22:11:18,5,-1,2,AA7301,0,1,90
M244,M219,22:11:39,5,-1,1,AA7552,0,1,80
T358,T373/1,22:11:59,5,-1,1,AA7405,0,1,30
T343,M239/1,22:12:29,5,-1,1,AA6835,0,1,405
T345/2,T356/2,22:13:10,5,-1,1,AA7301,1,1,90
M219,M50,22:13:53,5,-1,1,AA7552,0,1,53
M239/1,M254,22:13:53,5,-1,1,AA6835,0,1,73
M235/2,M247,22:14:03,5,-1,1,AA7489,0,1,154
T356/2,T358,22:14:44,5,-1,1,AA7301,0,1,71
T373/1,T306,22:14:44,5,-1,1,AA7405,0,1,124
T358,T373/1,22:15:34,5,-1,1,AA7301,0,1,20
T306,T314/2,22:16:15,5,-1,1,AA7405,0,1,40
M247,M1/18,22:17:26,5,-1,-1,AA7489,0,1,91
T373/1,T306,22:17:36,5,-1,1,AA7301,0,1,91
M50,M254,22:17:56,5,-1,1,AA7552,1,1,151
T306,T314/2,22:18:26,5,-1,1,AA7301,0,1,40
T314/2,T408/6,22:19:27,5,-1,-1,AA7405,0,1,50
T314/2,T408/6,22:19:47,5,-1,-1,AA7301,0,1,20
M1/18,M222/2,22:19:57,5,-1,-1,AA6482,0,1,60
M254,M64,22:19:57,5,-1,2,AA6835,12,1,333
T408/6,T343,22:22:08,5,-1,1,AA7405,0,1,111
T408/6,T343,22:22:19,5,-1,1,AA7301,0,1,100
M64,M235/2,22:22:39,5,-1,1,AA6835,0,1,90
M222/2,M219,22:23:19,5,-1,2,AA6482,1,1,161
M254,T316,22:27:02,5,-1,1,AA7552,0,1,536
M219,M50,22:27:13,5,-1,1,AA6482,0,1,172
M235/2,M1/18,22:28:04,5,-1,-1,AA6835,1,1,275
T316,T345/2,22:29:15,5,-1,1,AA7552,0,1,122
T343,M239/1,22:29:35,5,-1,1,AA7405,0,1,416
T343,M239/1,22:29:45,5,-1,1,AA7301,0,1,406
T345/2,T344,22:30:36,5,-1,1,AA7552,0,1,60
M50,M239/2,22:31:06,5,-1,1,AA6482,0,1,161
T344,T356/2,22:31:16,5,-1,1,AA7552,0,1,30
M239/1,M254,22:31:16,5,-1,1,AA7405,0,1,90
M239/1,M254,22:31:26,5,-1,1,AA7301,0,1,90
M239/2,M254,22:31:36,5,-1,1,AA6482,0,1,20
M1/18,M222/2,22:32:57,5,-1,-1,AA7489,0,1,840
T356/2,T358,22:33:17,5,-1,1,AA7552,0,1,111
M222/2,M244,22:34:18,5,-1,2,AA7489,0,1,40
T358,T373/1,22:34:18,5,-1,1,AA7552,0,1,30
T373/1,T306,22:35:59,5,-1,1,AA7552,0,1,70
M244,M219,22:36:39,5,-1,2,AA7489,0,1,50
M254,M64,22:37:20,5,-1,2,AA7405,12,1,343
T306,T314/2,22:37:34,5,-1,1,AA7552,0,1,44
M254,M64,22:37:44,5,-1,2,AA7301,12,1,347
M219,M50,22:38:45,5,-1,1,AA7489,0,1,70
M64,M235/2,22:39:15,5,-1,1,AA7405,0,1,50
M64,M235/2,22:39:15,5,-1,1,AA7301,0,1,50
T314/2,T408/6,22:39:25,5,-1,-1,AA7552,0,1,30
T408/6,T343,22:42:07,5,-1,1,AA7552,0,1,131
M254,T316,22:42:48,5,-1,1,AA6482,0,1,640
M50,M254,22:42:58,5,-1,1,AA7489,1,1,151
M235/2,M247,22:42:58,5,-1,1,AA7301,0,1,192
M235/2,M247,22:42:58,5,-1,1,AA7405,0,1,192
M1/18,M222/2,22:44:29,5,-1,-1,AA6835,0,1,50
T316,T345/2,22:44:29,5,-1,2,AA6482,0,1,80
M247,M1/18,22:44:29,5,-1,-1,AA7405,0,1,80
M247,M1/18,22:44:39,5,-1,-1,AA7301,0,1,80
M222/2,M244,22:46:34,5,-1,2,AA6835,0,1,95
T345/2,T344,22:46:34,5,-1,1,AA6482,0,1,95
T344,T356/2,22:47:04,5,-1,1,AA6482,0,1,20
M244,M219,22:48:26,5,-1,2,AA6835,0,1,61
T343,M239/1,22:49:08,5,-1,1,AA7552,0,1,390
M219,M50,22:50:28,5,-1,-1,AA6835,0,1,70
T356/2,T358,22:50:38,5,-1,-1,AA6482,0,1,60
M239/1,M254,22:51:09,5,-1,-1,AA7552,0,1,111
T358,T373/1,22:51:39,5,-1,-1,AA6482,0,1,30
M50,M254,22:53:34,5,-1,-1,AA6835,1,1,145
T373/1,T306,22:53:34,5,-1,-1,AA6482,0,1,53
M254,T345/2,22:53:54,5,-1,-1,AA7489,1,1,646
T306,T314/2,22:54:55,5,-1,-1,AA6482,0,1,40
T345/2,T344,22:55:25,5,-1,1,AA7489,0,1,50
T344,T356/2,22:55:55,5,-1,1,AA7489,0,1,20
T314/2,T408/6,22:56:56,5,-1,-1,AA6482,0,1,100
M254,M64,22:56:56,5,-1,2,AA7552,12,1,327
T356/2,T358,22:57:36,5,-1,1,AA7489,0,1,70
M1/18,M222/2,22:57:47,5,-1,-1,AA7405,0,1,111
T358,T373/1,22:58:17,5,-1,1,AA7489,0,1,30
T408/6,T343,22:58:37,5,-1,1,AA6482,0,1,30
M222/2,M244,22:58:57,5,-1,1,AA7405,0,1,50
M64,M235/2,22:59:07,5,-1,1,AA7552,0,1,40
T373/1,T306,22:59:58,5,-1,1,AA7489,0,1,80
M235/2,M247,23:01:00,5,-1,1,AA7552,0,1,81
T306,T314/2,23:01:10,5,-1,1,AA7489,0,1,31
M244,M219,23:01:43,5,-1,2,AA7405,0,1,64
M254,T316,23:02:55,5,-1,1,AA6835,0,1,550
M247,M1/18,23:02:55,5,-1,-1,AA7552,0,1,71
M219,M50,23:03:55,5,-1,1,AA7405,0,1,50
T314/2,T408/6,23:03:55,5,-1,-1,AA7489,0,1,122
T316,T345/2,23:04:56,5,-1,2,AA6835,0,1,111
T345/2,T344,23:06:06,5,-1,1,AA6835,0,1,50
T343,M239/1,23:06:47,5,-1,1,AA6482,0,1,439
T344,T356/2,23:06:57,5,-1,1,AA6835,0,1,30
T408/6,T343,23:06:57,5,-1,1,AA7489,0,1,131
M50,M254,23:08:08,5,-1,1,AA7405,1,1,161
M1/18,M222/2,23:08:38,5,-1,-1,AA7301,0,1,80
M239/1,M254,23:08:48,5,-1,1,AA6482,0,1,111
T356/2,T373/1,23:09:39,5,-1,1,AA6835,1,1,121
M222/2,M244,23:10:49,5,-1,1,AA7301,0,1,111
T373/1,T306,23:11:50,5,-1,1,AA6835,0,1,70
T306,T314/2,23:12:55,5,-1,1,AA6835,0,1,35
M244,M219,23:13:16,5,-1,2,AA7301,0,1,55
T343,M239/1,23:14:46,5,-1,1,AA7489,0,1,439
M254,M64,23:14:46,5,-1,2,AA6482,12,1,328
M219,M50,23:15:27,5,-1,1,AA7301,0,1,90
T314/2,T343,23:16:27,5,-1,1,AA6835,1,1,161
M239/1,M254,23:16:38,5,-1,1,AA7489,0,1,100
M64,M235/2,23:17:48,5,-1,1,AA6482,0,1,90
M254,T316,23:18:09,5,-1,1,AA7405,0,1,591
T316,T345/2,23:20:14,5,-1,2,AA7405,0,1,100
M235/2,M247,23:21:05,5,-1,1,AA6482,0,1,175
M1/18,M222/2,23:21:25,5,-1,-1,AA7552,0,1,50
M254,M64,23:21:35,5,-1,2,AA7489,12,1,277
T345/2,T344,23:21:45,5,-1,1,AA7405,0,1,60
T344,T356/2,23:22:36,5,-1,1,AA7405,0,1,30
M222/2,M244,23:23:06,5,-1,2,AA7552,0,1,60
M247,M1/18,23:23:37,5,-1,-1,AA6482,0,1,60
T343,M239/1,23:23:47,5,-1,1,AA6835,0,1,398
T356/2,T358,23:23:57,5,-1,1,AA7405,0,1,50
M64,M235/2,23:24:17,5,-1,1,AA7489,0,1,111
T358,T373/1,23:24:27,5,-1,1,AA7405,0,1,20
M244,M219,23:24:47,5,-1,2,AA7552,0,1,40
M239/1,M254,23:25:18,5,-1,1,AA6835,0,1,80
T373/1,T306,23:26:18,5,-1,1,AA7405,0,1,60
M235/2,M247,23:26:28,5,-1,1,AA7489,0,1,101
M219,M50,23:27:10,5,-1,1,AA7552,0,1,102
T306,T314/2,23:27:32,5,-1,1,AA7405,0,1,53
M50,T316,23:28:22,5,-1,1,AA7301,2,1,735
T314/2,T408/6,23:29:13,5,-1,-1,AA7405,0,1,40
M247,M1/18,23:29:23,5,-1,-1,AA7489,0,1,90
M50,M254,23:30:13,5,-1,1,AA7552,1,1,141
T316,T345/2,23:30:23,5,-1,1,AA7301,0,1,111
M254,M64,23:30:23,5,-1,2,AA6835,12,1,275
T408/6,T343,23:31:24,5,-1,1,AA7405,0,1,80
T345/2,T344,23:31:44,5,-1,1,AA7301,0,1,40
T344,T356/2,23:32:35,5,-1,1,AA7301,0,1,20
T356/2,T358,23:34:06,5,-1,1,AA7301,0,1,50
M64,M235/2,23:34:16,5,-1,1,AA6835,0,1,171
M1/18,M222/2,23:34:36,5,-1,-1,AA6482,0,1,50
T358,T373/1,23:35:17,5,-1,1,AA7301,0,1,30
M235/2,M247,23:35:57,5,-1,1,AA6835,0,1,80
T373/1,T306,23:36:27,5,-1,1,AA7301,0,1,40
T306,T314/2,23:37:38,5,-1,1,AA7301,0,1,30
M247,M1/18,23:37:58,5,-1,-1,AA6835,0,1,80
M222/2,M219,23:38:08,5,-1,2,AA6482,1,1,131
M254,T316,23:38:39,5,-1,1,AA7552,0,1,495
T314/2,T408/6,23:38:49,5,-1,-1,AA7301,0,1,20
T343,M239/1,23:39:09,5,-1,1,AA7405,0,1,434
T316,T345/2,23:40:09,5,-1,1,AA7552,0,1,60
M219,M50,23:40:32,5,-1,1,AA6482,0,1,72
T408/6,T343,23:40:52,5,-1,1,AA7301,0,1,82
M239/1,M254,23:41:02,5,-1,1,AA7405,0,1,102
T345/2,T344,23:41:12,5,-1,1,AA7552,0,1,40
T344,T356/2,23:41:54,5,-1,1,AA7552,0,1,20
M50,M239/2,23:43:04,5,-1,1,AA6482,0,1,122
M239/2,M254,23:43:35,5,-1,1,AA6482,0,1,20
T356/2,T358,23:44:15,5,-1,1,AA7552,0,1,121
T358,T373/1,23:45:05,5,-1,1,AA7552,0,1,20
M254,M64,23:46:06,5,-1,2,AA7405,12,1,293
T373/1,T306,23:46:16,5,-1,1,AA7552,0,1,60
T306,T314/2,23:47:07,5,-1,1,AA7552,0,1,40
M64,M235/2,23:47:37,5,-1,1,AA7405,0,1,50
T343,M239/1,23:47:47,5,-1,1,AA7301,0,1,384
T314/2,T408/6,23:48:38,5,-1,-1,AA7552,0,1,30
M239/1,M254,23:48:58,5,-1,1,AA7301,0,1,60
M235/2,M247,23:50:29,5,-1,1,AA7405,0,1,161
T408/6,T343,23:50:49,5,-1,1,AA7552,0,1,100
M1/18,M222/2,23:52:10,5,-1,-1,AA6835,0,1,90
M247,M1/18,23:52:20,5,-1,-1,AA7405,0,1,90
M254,T316,23:52:37,5,-1,1,AA6482,0,1,532
M254,M64,23:53:49,5,-1,2,AA7301,12,1,270
M222/2,M244,23:54:39,5,-1,1,AA6835,0,1,70
T316,T345/2,23:54:39,5,-1,1,AA6482,0,1,112
M64,M235/2,23:55:44,5,-1,1,AA7301,0,1,44
T345/2,T344,23:56:14,5,-1,1,AA6482,0,1,54
M244,M219,23:56:35,5,-1,2,AA6835,0,1,40
T344,T356/2,23:57:15,5,-1,1,AA6482,0,1,30
T343,M239/1,23:57:46,5,-1,1,AA7552,0,1,387
M235/2,M247,23:57:57,5,-1,1,AA7301,0,1,122
M219,M50,23:58:47,5,-1,1,AA6835,0,1,70
M239/1,M254,23:59:27,5,-1,1,AA7552,0,1,90
T356/2,T358,23:59:48,5,-1,1,AA6482,0,1,90
M247,M1/18,23:59:48,5,-1,-1,AA7301,0,1,80
T358,T373/1,0:00:48,6,-1,1,AA6482,0,1,30
T373/1,T306,0:01:59,6,-1,1,AA6482,0,1,60
T306,T314/2,0:02:39,6,-1,1,AA6482,0,1,30
T314/2,T408/6,0:04:20,6,-1,-1,AA6482,0,1,70
M254,M64,0:04:33,6,-1,2,AA7552,12,1,284
T408/6,T343,0:06:24,6,-1,1,AA6482,0,1,101
M1/18,M222/2,0:06:44,6,-1,-1,AA7405,0,1,50
M64,M235/2,0:07:24,6,-1,1,AA7552,0,1,111
M222/2,M219,0:09:56,6,-1,2,AA7405,1,1,151
M235/2,M247,0:10:16,6,-1,1,AA7552,0,1,161
M50,T316,0:11:06,6,-1,2,AA6835,2,1,699
M247,M1/18,0:11:47,6,-1,-1,AA7552,0,1,80
M219,M50,0:11:57,6,-1,1,AA7405,0,1,80
T316,T345/2,0:12:27,6,-1,2,AA6835,0,1,70
T345/2,T344,0:13:58,6,-1,1,AA6835,0,1,40
T344,T356/2,0:14:49,6,-1,1,AA6835,0,1,20
T343,M254,0:15:09,6,-1,1,AA6482,1,1,484
M50,M254,0:15:19,6,-1,1,AA7405,1,1,171
T356/2,T358,0:17:14,6,-1,1,AA6835,0,1,54
T358,T373/1,0:18:05,6,-1,1,AA6835,0,1,20
T373/1,T306,0:19:28,6,-1,1,AA6835,0,1,50
T306,T314/2,0:20:08,6,-1,1,AA6835,0,1,30
M254,M64,0:20:18,6,-1,2,AA6482,12,1,289
M1/18,M222/2,0:21:19,6,-1,-1,AA7301,0,1,20
T314/2,T408/6,0:22:20,6,-1,-1,AA6835,0,1,80
M64,M235/2,0:22:30,6,-1,1,AA6482,0,1,70
M222/2,M244,0:23:00,6,-1,1,AA7301,0,1,40
T408/6,T343,0:24:26,6,-1,1,AA6835,0,1,105
M244,M219,0:24:46,6,-1,1,AA7301,0,1,40
M235/2,M247,0:25:06,6,-1,1,AA6482,0,1,105
M254,T316,0:25:26,6,-1,1,AA7405,0,1,597
M247,M1/18,0:26:57,6,-1,-1,AA6482,0,1,80
M219,M50,0:27:07,6,-1,1,AA7301,0,1,101
T316,T345/2,0:27:07,6,-1,1,AA7405,0,1,90
T345/2,T344,0:28:18,6,-1,1,AA7405,0,1,40
T344,T356/2,0:29:19,6,-1,1,AA7405,0,1,30
T356/2,T358,0:31:10,6,-1,1,AA7405,0,1,60
T343,M239/1,0:31:42,6,-1,1,AA6835,0,1,406
T358,T373/1,0:32:02,6,-1,1,AA7405,0,1,30
M1/18,M222/2,0:33:03,6,-1,-1,AA7552,0,1,40
M239/1,M254,0:33:03,6,-1,1,AA6835,0,1,70
T373/1,T306,0:33:43,6,-1,1,AA7405,0,1,80
M222/2,M244,0:34:34,6,-1,2,AA7552,0,1,60
T306,T314/2,0:34:34,6,-1,1,AA7405,0,1,40
M244,M219,0:36:25,6,-1,2,AA7552,0,1,90
T314/2,T408/6,0:36:35,6,-1,-1,AA7405,0,1,50
M219,M50,0:37:16,6,-1,1,AA7552,0,1,20
M254,M64,0:38:06,6,-1,2,AA6835,12,1,282
T408/6,T343,0:38:36,6,-1,1,AA7405,0,1,80
M50,T316,0:38:57,6,-1,1,AA7301,2,1,678
T316,T345/2,0:40:07,6,-1,-1,AA7301,0,1,60
T345/2,T344,0:40:48,6,-1,1,AA7301,0,1,20
M64,M235/2,0:40:48,6,-1,1,AA6835,0,1,111
T344,T356/2,0:41:38,6,-1,1,AA7301,0,1,20
M235/2,M247,0:42:39,6,-1,1,AA6835,0,1,100
T356/2,T358,0:43:19,6,-1,1,AA7301,0,1,80
T358,T373/1,0:44:10,6,-1,1,AA7301,0,1,20
M247,M1/18,0:44:10,6,-1,-1,AA6835,0,1,80
T343,M239/1,0:45:23,6,-1,1,AA7405,0,1,365
T373/1,T306,0:45:33,6,-1,1,AA7301,0,1,60
T306,T314/2,0:46:33,6,-1,1,AA7301,0,1,30
M239/1,M254,0:46:54,6,-1,1,AA7405,0,1,80
T314/2,T408/6,0:47:44,6,-1,-1,AA7301,0,1,40
M50,T316,0:48:55,6,-1,1,AA7552,2,1,668
M1/18,M222/2,0:49:45,6,-1,-1,AA6482,0,2,20
T408/6,T343,0:49:45,6,-1,1,AA7301,0,2,101
T316,T345/2,0:50:16,6,-1,-1,AA7552,0,2,70
T345/2,T344,0:51:06,6,-1,1,AA7552,0,2,30
M222/2,M244,0:51:26,6,-1,2,AA6482,0,2,30
T344,T356/2,0:51:47,6,-1,1,AA7552,0,2,30
M254,M64,0:51:47,6,-1,2,AA7405,12,2,272
M64,M235/2,0:52:37,6,-1,1,AA7405,0,2,30
M244,M219,0:53:07,6,-1,1,AA6482,0,2,40
T356/2,T358,0:53:28,6,-1,1,AA7552,0,2,60
T358,T373/1,0:54:08,6,-1,1,AA7552,0,2,20
M235/2,M247,0:54:38,6,-1,1,AA7405,0,2,111
M219,M50,0:55:19,6,-1,1,AA6482,0,2,80
T373/1,T306,0:55:19,6,-1,1,AA7552,0,2,40
T306,T314/2,0:55:59,6,-1,1,AA7552,0,2,30
M247,M1/18,0:56:19,6,-1,-1,AA7405,0,2,90
T343,M239/1,0:56:50,6,-1,1,AA7301,0,2,373
T314/2,T408/6,0:57:00,6,-1,-1,AA7552,0,2,40
M50,M254,0:58:10,6,-1,1,AA6482,1,2,161
T408/6,T343,0:58:10,6,-1,1,AA7552,0,2,50
M239/1,M254,0:58:33,6,-1,1,AA7301,0,2,93
M254,M64,1:03:26,6,-1,1,AA7301,12,2,272
M64,M235/2,1:05:47,6,-1,1,AA7301,0,2,111
M1/18,M222/2,1:05:58,6,-1,-1,AA6835,0,2,20
T343,M254,1:06:08,6,-1,1,AA7552,1,2,444
M235/2,M247,1:07:49,6,-1,1,AA7301,0,2,90
M222/2,M244,1:08:09,6,-1,2,AA6835,0,2,50
M254,T345/2,1:08:29,6,-1,1,AA6482,1,2,608
T345/2,T344,1:09:20,6,-1,1,AA6482,0,2,30
M247,M1/18,1:09:32,6,-1,-1,AA7301,0,2,82
M244,M219,1:09:42,6,-1,2,AA6835,0,2,32
T344,T356/2,1:09:52,6,-1,1,AA6482,0,2,20
M254,M64,1:10:33,6,-1,2,AA7552,12,2,254
T356/2,T358,1:11:23,6,-1,1,AA6482,0,2,60
M219,M50,1:12:03,6,-1,1,AA6835,0,2,101
M64,M235/2,1:12:24,6,-1,1,AA7552,0,2,50
T358,T373/1,1:12:44,6,-1,1,AA6482,0,2,30
T373/1,T306,1:13:55,6,-1,1,AA6482,0,2,50
M235/2,M247,1:14:35,6,-1,1,AA7552,0,2,111
T306,T314/2,1:14:56,6,-1,1,AA6482,0,2,30
M50,M254,1:15:06,6,-1,1,AA6835,1,2,151
M247,M1/18,1:16:06,6,-1,-1,AA7552,0,2,81
T314/2,T408/6,1:16:17,6,-1,-1,AA6482,0,2,30
T408/6,T343,1:17:58,6,-1,1,AA6482,0,2,80
M1/18,M244,1:23:02,6,-1,1,AA7405,1,2,143
M254,T316,1:24:13,6,-1,1,AA6835,0,2,537
M244,M219,1:24:53,6,-1,1,AA7405,0,2,40
T343,M239/1,1:25:04,6,-1,1,AA6482,0,2,395
T316,T345/2,1:25:44,6,-1,-1,AA6835,0,2,80
T345/2,T344,1:26:24,6,-1,1,AA6835,0,2,20
M239/1,M254,1:26:24,6,-1,1,AA6482,0,2,70
M219,M50,1:27:05,6,-1,1,AA7405,0,2,90
T344,T356/2,1:27:15,6,-1,1,AA6835,0,2,30
T356/2,T358,1:28:46,6,-1,1,AA6835,0,2,80
T358,T373/1,1:29:46,6,-1,1,AA6835,0,2,30
M50,M254,1:30:07,6,-1,1,AA7405,1,2,151
T373/1,T306,1:30:57,6,-1,1,AA6835,0,2,50
M254,M64,1:30:57,6,-1,2,AA6482,12,2,242
T306,T314/2,1:31:38,6,-1,1,AA6835,0,2,30
T314/2,T408/6,1:32:58,6,-1,-1,AA6835,0,2,30
T408/6,T343,1:34:39,6,-1,1,AA6835,0,2,80
M64,M247,1:34:39,6,-1,1,AA6482,1,2,181
M247,M1/18,1:36:12,6,-1,-1,AA6482,0,2,82
M254,T316,1:38:55,6,-1,1,AA7405,0,2,518
T316,T345/2,1:40:16,6,-1,-1,AA7405,0,2,70
T343,M239/1,1:41:26,6,-1,-1,AA6835,0,2,386
T345/2,T344,1:41:46,6,-1,-1,AA7405,0,2,60
T344,T356/2,1:42:17,6,-1,-1,AA7405,0,2,20
M239/1,M254,1:42:47,6,-1,-1,AA6835,0,2,70
T356/2,T358,1:43:27,6,-1,-1,AA7405,0,2,40
T358,T373/1,1:43:58,6,-1,-1,AA7405,0,2,20
T373/1,T306,1:45:30,6,-1,1,AA7405,0,2,40
T306,T314/2,1:46:20,6,-1,1,AA7405,0,2,40
M254,M64,1:47:04,6,-1,1,AA6835,12,2,246
T314/2,T408/6,1:48:05,6,-1,-1,AA7405,0,2,40
T408/6,T343,1:50:26,6,-1,1,AA7405,0,2,100
M64,M247,1:50:36,6,-1,1,AA6835,1,2,151
M247,M1/18,1:52:17,6,-1,-1,AA6835,0,2,90
T343,M239/1,1:56:50,6,-1,1,AA7405,0,2,373
M239/1,M64,2:03:57,6,-1,2,AA7405,1,2,417
M64,M235/2,2:05:48,6,-1,1,AA7405,0,2,50
M235/2,M247,2:07:59,6,-1,1,AA7405,0,2,121
M247,M1/18,2:09:34,6,-1,-1,AA7405,0,2,84
M1/18,M222/2,6:01:11,6,-1,-1,AA7842,0,2,61
M222/2,M244,6:02:22,6,-1,1,AA7842,0,2,50
M244,M219,6:04:45,6,-1,2,AA7842,0,2,40
M1/18,M222/2,6:09:18,6,-1,-1,AA7301,0,2,30
M222/2,M244,6:11:09,6,-1,1,AA7301,0,2,50
M244,M219,6:13:11,6,-1,2,AA7301,0,2,30
M219,M50,6:14:53,6,-1,1,AA7301,0,2,62
M219,T316,6:15:03,6,-1,1,AA7842,3,2,557
M1/18,M222/2,6:16:44,6,-1,-1,AA7367,0,2,405
T316,T345/2,6:16:54,6,-1,-1,AA7842,0,2,90
M222/2,M244,6:18:15,6,-1,1,AA7367,0,2,80
T345/2,T344,6:18:15,6,-1,1,AA7842,0,2,50
T344,T356/2,6:19:06,6,-1,1,AA7842,0,2,30
M244,M219,6:19:56,6,-1,2,AA7367,0,2,20
T356/2,T358,6:21:17,6,-1,1,AA7842,0,2,100
M1/18,M222/2,6:21:37,6,-1,-1,AA7480,0,2,50
T358,T373/1,6:21:47,6,-1,1,AA7842,0,2,20
M50,T316,6:22:58,6,-1,1,AA7301,2,2,434
M244,M219,6:24:49,6,-1,2,AA7480,0,2,20
T316,T345/2,6:24:49,6,-1,-1,AA7301,0,2,100
T345/2,T344,6:26:00,6,-1,1,AA7301,0,2,40
M1/18,M222/2,6:26:30,6,-1,-1,AA6835,0,2,30
T344,T356/2,6:26:30,6,-1,1,AA7301,0,2,20
M222/2,M244,6:28:04,6,-1,1,AA6835,0,2,20
T356/2,T358,6:28:04,6,-1,1,AA7301,0,2,53
T358,T373/1,6:28:54,6,-1,1,AA7301,0,2,20
M219,T316,6:29:45,6,-1,1,AA7367,3,2,558
M244,M219,6:29:55,6,-1,2,AA6835,0,2,30
T373/1,T306,6:30:15,6,-1,1,AA7301,0,2,50
T306,T314/2,6:31:05,6,-1,1,AA7301,0,2,40
T316,T345/2,6:31:36,6,-1,-1,AA7367,0,2,100
T314/2,T408/6,6:32:26,6,-1,-1,AA7301,0,2,30
T345/2,T344,6:32:36,6,-1,1,AA7367,0,2,50
M222/2,M244,6:33:17,6,-1,1,AA7242,0,2,30
T344,T356/2,6:33:27,6,-1,1,AA7367,0,2,30
T408/6,T343,6:34:07,6,-1,1,AA7301,0,2,60
M244,M219,6:34:58,6,-1,2,AA7242,0,2,40
T356/2,T358,6:35:08,6,-1,1,AA7367,0,2,70
T373/1,M239/1,6:35:38,6,-1,1,AA7842,4,2,800
T358,T373/1,6:35:58,6,-1,1,AA7367,0,2,20
T373/1,T306,6:37:19,6,-1,1,AA7367,0,2,50
M1/18,M222/2,6:37:39,6,-1,-1,AA7195,0,2,80
M219,T344,6:37:49,6,-1,1,AA7480,5,2,709
T306,T314/2,6:38:33,6,-1,1,AA7367,0,2,43
M222/2,M244,6:39:03,6,-1,1,AA7195,0,2,30
T314/2,T408/6,6:39:44,6,-1,-1,AA7367,0,2,40
M219,T316,6:39:54,6,-1,1,AA6835,3,2,548
M244,M219,6:41:35,6,-1,2,AA7195,0,2,90
T408/6,T343,6:41:55,6,-1,1,AA7367,0,2,100
T316,T345/2,6:42:15,6,-1,-1,AA6835,0,2,111
T345/2,T344,6:43:27,6,-1,1,AA6835,0,2,41
M1/18,M222/2,6:44:07,6,-1,-1,AA6507,0,2,40
T344,T356/2,6:44:07,6,-1,1,AA6835,0,2,20
T314/2,T408/6,6:44:27,6,-1,-1,AA7480,0,2,60
M219,T316,6:45:28,6,-1,1,AA7242,3,2,569
T356/2,T358,6:45:38,6,-1,1,AA6835,0,2,70
M222/2,M244,6:46:29,6,-1,1,AA6507,0,2,70
T358,T373/1,6:46:29,6,-1,1,AA6835,0,2,30
T408/6,T343,6:46:29,6,-1,1,AA7480,0,2,50
T316,T345/2,6:47:33,6,-1,-1,AA7242,0,2,115
M244,M219,6:48:04,6,-1,2,AA6507,0,2,30
T373/1,T306,6:48:04,6,-1,1,AA6835,0,2,64
T345/2,T344,6:48:44,6,-1,1,AA7242,0,2,60
T306,T314/2,6:48:44,6,-1,1,AA6835,0,2,30
T343,M239/1,6:49:04,6,-1,1,AA7367,0,2,398
M239/1,M235/2,6:49:24,6,-1,1,AA7842,2,2,816
T344,T356/2,6:49:45,6,-1,1,AA7242,0,2,30
T314/2,T408/6,6:50:05,6,-1,-1,AA6835,0,2,30
M219,T316,6:51:16,6,-1,1,AA7195,3,2,520
T356/2,T358,6:51:16,6,-1,1,AA7242,0,2,60
M235/2,M247,6:51:36,6,-1,1,AA7842,0,2,111
T358,T373/1,6:51:46,6,-1,1,AA7242,0,2,20
T408/6,T343,6:52:26,6,-1,1,AA6835,0,2,121
T373/1,T306,6:53:07,6,-1,1,AA7242,0,2,50
M247,M1/18,6:53:17,6,-1,-1,AA7842,0,2,90
T316,T345/2,6:54:07,6,-1,-1,AA7195,0,2,141
T306,T314/2,6:54:07,6,-1,1,AA7242,0,2,40
T343,M235/2,6:54:28,6,-1,1,AA7301,3,2,1190
T345/2,T344,6:55:18,6,-1,1,AA7195,0,2,50
T314/2,T408/6,6:55:18,6,-1,-1,AA7242,0,2,30
M1/18,M244,6:56:19,6,-1,1,AA7388,1,2,171
T344,T356/2,6:56:19,6,-1,1,AA7195,0,2,30
M235/2,M247,6:56:39,6,-1,1,AA7301,0,2,111
T356/2,T358,6:57:40,6,-1,1,AA7195,0,2,40
T408/6,T343,6:57:40,6,-1,1,AA7242,0,2,111
M219,T316,6:58:00,6,-1,1,AA6507,3,2,545
M244,M219,6:58:10,6,-1,2,AA7388,0,2,100
T358,T373/1,6:58:20,6,-1,1,AA7195,0,2,30
M247,M1/18,6:58:32,6,-1,-1,AA7301,0,2,62
T373/1,T306,6:59:23,6,-1,1,AA7195,0,2,40
T343,M239/1,6:59:43,6,-1,1,AA6835,0,2,375
T316,T345/2,7:00:23,6,-1,-1,AA6507,0,2,111
T306,T314/2,7:00:23,6,-1,1,AA7195,0,2,30
T345/2,T344,7:01:24,6,-1,1,AA6507,0,2,40
T314/2,T408/6,7:01:45,6,-1,-1,AA7195,0,2,31
T344,T356/2,7:02:25,6,-1,1,AA6507,0,2,30
M239/1,M235/2,7:02:56,6,-1,1,AA7367,2,2,821
T408/6,T343,7:03:46,6,-1,1,AA7195,0,2,100
T356/2,T358,7:04:37,6,-1,1,AA6507,0,2,111
M235/2,M247,7:04:57,6,-1,1,AA7367,0,2,80
T343,M239/1,7:05:07,6,-1,1,AA7242,0,2,406
M222/2,M244,7:05:17,6,-1,1,AA7842,0,2,90
T358,T373/1,7:05:27,6,-1,1,AA6507,0,2,30
T373/1,T306,7:06:48,6,-1,1,AA6507,0,2,60
M247,M1/18,7:06:48,6,-1,-1,AA7367,0,2,100
T306,T314/2,7:07:38,6,-1,1,AA6507,0,2,20
M244,M219,7:07:49,6,-1,2,AA7842,0,2,70
M219,T316,7:07:59,6,-1,1,AA7388,3,2,505
T314/2,T408/6,7:09:20,6,-1,-1,AA6507,0,2,40
T316,T345/2,7:11:12,6,-1,-1,AA7388,0,2,183
T343,M239/1,7:11:12,6,-1,1,AA7195,0,2,385
T408/6,T343,7:11:22,6,-1,1,AA6507,0,2,82
T345/2,T344,7:12:33,6,-1,1,AA7388,0,2,50
T344,T356/2,7:13:34,6,-1,1,AA7388,0,2,20
M239/1,M235/2,7:14:04,6,-1,1,AA6835,2,2,851
M222/2,M244,7:15:05,6,-1,1,AA7301,0,2,30
T356/2,T358,7:15:15,6,-1,1,AA7388,0,2,90
T358,T373/1,7:16:15,6,-1,1,AA7388,0,2,30
M244,M219,7:16:56,6,-1,2,AA7301,0,2,40
M235/2,M247,7:16:56,6,-1,1,AA6835,0,2,141
M219,T316,7:17:46,6,-1,1,AA7842,3,2,536
T373/1,T306,7:17:56,6,-1,1,AA7388,0,2,60
M247,M1/18,7:18:06,6,-1,-1,AA6835,0,2,30
T306,T314/2,7:18:57,6,-1,1,AA7388,0,2,40
T343,M239/1,7:18:57,6,-1,1,AA6507,0,2,403
T316,T345/2,7:19:27,6,-1,-1,AA7842,0,2,90
T314/2,T408/6,7:20:58,6,-1,-1,AA7388,0,2,30
T345/2,T344,7:21:08,6,-1,1,AA7842,0,2,70
T344,T356/2,7:22:09,6,-1,1,AA7842,0,2,40
M1/18,M222/2,7:23:09,6,-1,-1,AA7367,0,2,90
M239/1,M235/2,7:23:09,6,-1,1,AA7242,2,2,1072
T408/6,T343,7:23:29,6,-1,1,AA7388,0,2,131
T356/2,T358,7:23:40,6,-1,1,AA7842,0,2,60
M222/2,M244,7:24:20,6,-1,1,AA7367,0,2,40
T358,T373/1,7:24:52,6,-1,1,AA7842,0,2,32
M244,M219,7:26:04,6,-1,2,AA7367,0,2,81
T373/1,T306,7:26:04,6,-1,1,AA7842,0,2,51
M235/2,M247,7:26:04,6,-1,1,AA7242,0,2,124
M239/1,M235/2,7:26:44,6,-1,1,AA7195,2,2,921
M219,T316,7:27:04,6,-1,1,AA7301,3,2,527
T306,T314/2,7:27:25,6,-1,1,AA7842,0,2,40
M247,M1/18,7:28:17,6,-1,-1,AA7242,0,2,83
T314/2,T408/6,7:28:48,6,-1,-1,AA7842,0,2,30
M235/2,M247,7:28:48,6,-1,1,AA7195,0,2,93
T316,T345/2,7:29:58,6,-1,-1,AA7301,0,2,163
M247,M1/18,7:30:59,6,-1,-1,AA7195,0,2,90
M1/18,M222/2,7:31:09,6,-1,-1,AA7480,0,2,20
T408/6,T343,7:31:19,6,-1,1,AA7842,0,2,100
T345/2,T344,7:31:29,6,-1,1,AA7301,0,2,60
T343,M239/1,7:32:20,6,-1,1,AA7388,0,2,437
M239/1,M235/2,7:32:20,6,-1,1,AA6507,2,2,792
T344,T356/2,7:32:32,6,-1,1,AA7301,0,2,22
T356/2,T358,7:34:44,6,-1,1,AA7301,0,2,80
M235/2,M247,7:34:54,6,-1,1,AA6507,0,2,141
M244,M219,7:35:04,6,-1,2,AA7480,0,2,10
M219,T316,7:35:44,6,-1,1,AA7367,3,2,530
T358,T373/1,7:35:44,6,-1,1,AA7301,0,2,30
T373/1,T306,7:36:55,6,-1,1,AA7301,0,2,40
T306,T314/2,7:37:35,6,-1,1,AA7301,0,2,30
M247,M1/18,7:37:46,6,-1,-1,AA6507,0,2,90
T314/2,T408/6,7:38:56,6,-1,-1,AA7301,0,2,20
T316,T345/2,7:40:07,6,-1,-1,AA7367,0,2,252
M1/18,M244,7:40:47,6,-1,1,AA6835,1,2,151
T408/6,T343,7:40:57,6,-1,1,AA7301,0,2,100
T345/2,T344,7:41:48,6,-1,1,AA7367,0,2,80
M244,M219,7:42:28,6,-1,2,AA6835,0,2,40
T344,T356/2,7:42:49,6,-1,1,AA7367,0,2,30
T356/2,T358,7:45:00,6,-1,1,AA7367,0,2,60
T358,T373/1,7:46:03,6,-1,1,AA7367,0,2,30
M1/18,M222/2,7:46:54,6,-1,-1,AA7242,0,2,1025
M239/1,M235/2,7:46:54,6,-1,1,AA7388,2,2,861
T373/1,T306,7:47:34,6,-1,1,AA7367,0,2,50
T306,T314/2,7:48:45,6,-1,1,AA7367,0,2,40
M222/2,M244,7:49:15,6,-1,1,AA7242,0,2,80
M219,T344,7:49:25,6,-1,1,AA7480,5,2,780
T314/2,T408/6,7:50:06,6,-1,-1,AA7367,0,2,40
T344,T356/2,7:50:16,6,-1,1,AA7480,0,2,30
M235/2,M247,7:50:46,6,-1,1,AA7388,0,2,191
M244,M219,7:51:48,6,-1,2,AA7242,0,2,81
M1/18,M222/2,7:52:48,6,-1,-1,AA7195,0,2,81
T408/6,T343,7:52:48,6,-1,1,AA7367,0,2,122
T356/2,T358,7:52:58,6,-1,1,AA7480,0,2,101
M247,M1/18,7:53:39,6,-1,-1,AA7388,0,2,100
M219,T316,7:54:09,6,-1,1,AA6835,3,2,589
M222/2,M244,7:54:49,6,-1,1,AA7195,0,2,70
T373/1,T314/2,7:56:00,6,-1,1,AA7480,1,2,111
T316,T345/2,7:56:55,6,-1,-1,AA6835,0,2,155
M244,M219,7:57:05,6,-1,2,AA7195,0,2,30
T314/2,T408/6,7:57:25,6,-1,-1,AA7480,0,2,64
M235/2,M247,7:57:46,6,-1,1,AA7842,0,2,156
T345/2,T344,7:58:26,6,-1,1,AA6835,0,2,60
M1/18,M222/2,7:58:56,6,-1,-1,AA6507,0,2,40
T344,T356/2,7:59:06,6,-1,1,AA6835,0,2,20
T408/6,T343,7:59:47,6,-1,1,AA7480,0,2,50
M247,M1/18,7:59:47,6,-1,-1,AA7842,0,2,90
T343,M239/1,8:00:37,6,-1,1,AA7367,0,2,428
M222/2,M244,8:00:57,6,-1,1,AA6507,0,2,100
T356/2,T358,8:01:18,6,-1,1,AA6835,0,2,60
T343,M235/2,8:01:28,6,-1,1,AA7301,3,2,1199
T358,T373/1,8:02:18,6,-1,1,AA6835,0,2,30
M244,M219,8:02:38,6,-1,2,AA6507,0,2,50
T373/1,T306,8:03:49,6,-1,1,AA6835,0,2,50
M219,T345/2,8:03:59,6,-1,-1,AA7242,4,2,681
M235/2,M247,8:04:40,6,-1,1,AA7301,0,2,181
T306,T314/2,8:05:00,6,-1,1,AA6835,0,2,40
T345/2,T344,8:05:20,6,-1,1,AA7242,0,2,50
T344,T356/2,8:06:04,6,-1,1,AA7242,0,2,20
T314/2,T408/6,8:06:14,6,-1,-1,AA6835,0,2,30
M247,M1/18,8:06:45,6,-1,-1,AA7301,0,2,84
M219,T316,8:06:55,6,-1,1,AA7195,3,2,549
T356/2,T358,8:07:45,6,-1,1,AA7242,0,2,50
M244,M219,8:08:06,6,-1,2,AA7096,0,2,30
T408/6,T343,8:08:26,6,-1,1,AA6835,0,2,80
T358,T373/1,8:08:46,6,-1,1,AA7242,0,2,30
T316,T345/2,8:09:37,6,-1,-1,AA7195,0,2,131
T373/1,T306,8:10:07,6,-1,1,AA7242,0,2,50
T345/2,T344,8:10:58,6,-1,1,AA7195,0,2,50
T306,T314/2,8:11:08,6,-1,1,AA7242,0,2,40
M1/18,M222/2,8:11:28,6,-1,-1,AA7388,0,2,60
T344,T356/2,8:11:38,6,-1,1,AA7195,0,2,30
T314/2,T408/6,8:12:28,6,-1,-1,AA7242,0,2,40
T356/2,T358,8:13:09,6,-1,1,AA7195,0,2,40
M219,T316,8:13:19,6,-1,1,AA6507,3,2,610
M222/2,M244,8:13:49,6,-1,1,AA7388,0,2,111
T358,T373/1,8:13:49,6,-1,1,AA7195,0,2,30
M239/1,M235/2,8:14:30,6,-1,1,AA7367,2,2,822
T408/6,T343,8:14:50,6,-1,1,AA7242,0,2,121
T373/1,T306,8:15:10,6,-1,1,AA7195,0,2,50
M244,M219,8:15:35,6,-1,2,AA7388,0,2,95
T316,T345/2,8:15:35,6,-1,-1,AA6507,0,2,125
T343,M239/1,8:16:05,6,-1,1,AA6835,0,2,398
T306,T314/2,8:16:25,6,-1,1,AA7195,0,2,30
T345/2,T344,8:16:45,6,-1,1,AA6507,0,2,40
M235/2,M247,8:16:45,6,-1,1,AA7367,0,2,95
T344,T356/2,8:17:46,6,-1,1,AA6507,0,2,30
T314/2,T408/6,8:18:06,6,-1,-1,AA7195,0,2,40
M247,M1/18,8:18:36,6,-1,-1,AA7367,0,2,90
M219,T316,8:19:17,6,-1,1,AA7096,3,2,569
T356/2,T358,8:19:17,6,-1,1,AA6507,0,2,60
M1/18,M222/2,8:20:07,6,-1,-1,AA7842,0,2,100
T358,T373/1,8:20:07,6,-1,1,AA6507,0,2,20
T408/6,T343,8:20:07,6,-1,1,AA7195,0,2,100
M222/2,M244,8:21:18,6,-1,1,AA7842,0,2,60
T373/1,T306,8:21:28,6,-1,1,AA6507,0,2,50
T316,T345/2,8:21:38,6,-1,-1,AA7096,0,2,131
T306,T314/2,8:22:08,6,-1,1,AA6507,0,2,30
T343,M239/1,8:23:09,6,-1,1,AA7242,0,2,434
T345/2,T344,8:23:19,6,-1,1,AA7096,0,2,50
T314/2,T408/6,8:23:29,6,-1,-1,AA6507,0,2,50
M244,M219,8:24:00,6,-1,2,AA7842,0,2,151
T344,T356/2,8:24:32,6,-1,1,AA7096,0,2,32
M219,T316,8:25:43,6,-1,1,AA7388,3,2,537
T408/6,T343,8:25:43,6,-1,1,AA6507,0,2,92
M1/18,M222/2,8:26:43,6,-1,-1,AA7489,0,2,40
T356/2,T358,8:27:03,6,-1,1,AA7096,0,2,70
T343,M239/1,8:27:34,6,-1,1,AA7195,0,2,395
T316,T345/2,8:27:44,6,-1,-1,AA7388,0,2,111
M247,M1/18,8:27:44,6,-1,-1,AA7480,0,2,30
T358,T373/1,8:28:14,6,-1,1,AA7096,0,2,30
M222/2,M244,8:28:34,6,-1,1,AA7489,0,2,70
T345/2,T344,8:29:04,6,-1,1,AA7388,0,2,50
M239/1,M235/2,8:29:36,6,-1,1,AA6835,2,2,800
T344,T356/2,8:29:56,6,-1,1,AA7388,0,2,31
T373/1,T306,8:30:06,6,-1,1,AA7096,0,2,71
M244,M219,8:30:56,6,-1,2,AA7489,0,2,111
T306,T314/2,8:30:56,6,-1,1,AA7096,0,2,20
T356/2,T358,8:31:17,6,-1,1,AA7388,0,2,70
T358,T373/1,8:32:17,6,-1,1,AA7388,0,2,30
M235/2,M247,8:32:27,6,-1,1,AA6835,0,2,161
T314/2,T408/6,8:32:37,6,-1,-1,AA7096,0,2,40
T373/1,T306,8:33:58,6,-1,1,AA7388,0,2,70
M1/18,M222/2,8:34:18,6,-1,-1,AA7301,0,2,100
M219,T316,8:34:28,6,-1,1,AA7842,3,2,576
T306,T314/2,8:35:29,6,-1,1,AA7388,0,2,40
T408/6,T343,8:35:29,6,-1,1,AA7096,0,2,80
M247,M1/18,8:35:59,6,-1,-1,AA6835,0,2,90
T314/2,T408/6,8:36:50,6,-1,-1,AA7388,0,2,20
M244,M219,8:37:20,6,-1,2,AA7301,0,2,30
T316,T345/2,8:37:20,6,-1,-1,AA7842,0,2,151
M239/1,M235/2,8:38:13,6,-1,1,AA7242,2,2,893
T345/2,T344,8:38:53,6,-1,1,AA7842,0,2,60
T408/6,T343,8:39:14,6,-1,1,AA7388,0,2,114
T344,T356/2,8:39:45,6,-1,1,AA7842,0,2,30
M235/2,M247,8:41:05,6,-1,1,AA7242,0,2,142
M1/18,M222/2,8:41:46,6,-1,-1,AA7367,0,2,70
M239/1,M235/2,8:41:46,6,-1,1,AA7195,2,2,842
M219,T316,8:42:16,6,-1,1,AA7489,3,2,639
T356/2,T358,8:42:46,6,-1,1,AA7842,0,2,111
M222/2,M244,8:43:07,6,-1,1,AA7367,0,2,70
M247,M1/18,8:43:17,6,-1,-1,AA7242,0,2,90
T343,M239/1,8:43:37,6,-1,1,AA7096,0,2,437
T358,T373/1,8:43:47,6,-1,1,AA7842,0,2,20
T316,T345/2,8:44:07,6,-1,-1,AA7489,0,2,100
M235/2,M247,8:44:27,6,-1,1,AA7195,0,2,111
M244,M219,8:44:48,6,-1,2,AA7367,0,2,80
T345/2,T344,8:45:48,6,-1,1,AA7489,0,2,80
T373/1,T306,8:45:48,6,-1,1,AA7842,0,2,90
M247,M1/18,8:46:08,6,-1,-1,AA7195,0,2,90
T344,T356/2,8:46:49,6,-1,1,AA7489,0,2,30
T343,M239/1,8:46:49,6,-1,1,AA7388,0,2,414
T306,T314/2,8:47:09,6,-1,1,AA7842,0,2,60
M219,T316,8:47:19,6,-1,1,AA7301,3,2,576
T356/2,T358,8:48:51,6,-1,1,AA7489,0,2,81
T314/2,T408/6,8:48:51,6,-1,-1,AA7842,0,2,31
T316,T345/2,8:49:44,6,-1,-1,AA7301,0,2,134
M235/2,M247,8:49:44,6,-1,1,AA6507,0,2,104
T358,T373/1,8:49:54,6,-1,1,AA7489,0,2,20
M1/18,M222/2,8:50:55,6,-1,-1,AA7480,0,2,71
T345/2,T344,8:51:05,6,-1,1,AA7301,0,2,51
T408/6,T343,8:51:16,6,-1,1,AA7842,0,2,114
T373/1,T306,8:51:26,6,-1,1,AA7489,0,2,61
T344,T356/2,8:51:46,6,-1,1,AA7301,0,2,30
M247,M1/18,8:51:56,6,-1,-1,AA6507,0,2,91
M222/2,M244,8:52:16,6,-1,1,AA7480,0,2,10
T306,T314/2,8:52:36,6,-1,1,AA7489,0,2,40
T356/2,T358,8:53:07,6,-1,1,AA7301,0,2,50
T358,T373/1,8:54:07,6,-1,1,AA7301,0,2,20
M219,T316,8:54:27,6,-1,1,AA7367,3,2,499
T314/2,T408/6,8:54:27,6,-1,-1,AA7489,0,2,30
M244,M219,8:55:18,6,-1,2,AA7480,0,2,100
T373/1,T306,8:55:28,6,-1,1,AA7301,0,2,60
T306,T314/2,8:56:29,6,-1,1,AA7301,0,2,30
T316,T345/2,8:56:49,6,-1,-1,AA7367,0,2,121
T408/6,T343,8:56:49,6,-1,1,AA7489,0,2,111
T314/2,T408/6,8:57:39,6,-1,-1,AA7301,0,2,30
T345/2,T344,8:58:20,6,-1,1,AA7367,0,2,60
M1/18,M222/2,8:58:32,6,-1,-1,AA6835,0,2,92
T344,T356/2,8:58:52,6,-1,1,AA7367,0,2,20
M222/2,M244,8:59:43,6,-1,1,AA6835,0,2,10
T408/6,T343,8:59:54,6,-1,1,AA7301,0,2,103
T356/2,T358,9:00:54,6,-1,1,AA7367,0,2,80
T358,T373/1,9:01:55,6,-1,1,AA7367,0,2,30
M239/1,M235/2,9:02:15,6,-1,1,AA7096,2,2,1107
M244,M219,9:02:46,6,-1,2,AA6835,0,2,101
T373/1,T306,9:03:17,6,-1,1,AA7367,0,2,51
T306,T314/2,9:04:07,6,-1,1,AA7367,0,2,30
T343,M239/1,9:04:37,6,-1,1,AA7489,0,2,418
M239/1,M247,9:05:18,6,-1,1,AA7388,3,2,1098
M235/2,M247,9:05:28,6,-1,1,AA7096,0,2,161
T314/2,T408/6,9:05:38,6,-1,-1,AA7367,0,2,40
M219,T316,9:05:58,6,-1,1,AA7480,3,2,569
M1/18,M222/2,9:06:08,6,-1,-1,AA7242,0,2,100
M247,M1/18,9:07:19,6,-1,-1,AA7096,0,2,100
M247,M1/18,9:07:39,6,-1,-1,AA7388,0,2,100
T408/6,T343,9:07:59,6,-1,1,AA7367,0,2,121
T343,M239/1,9:08:09,6,-1,1,AA7301,0,2,455
M222/2,M244,9:09:00,6,-1,1,AA7242,0,2,151
T316,T344,9:10:13,6,-1,1,AA7480,1,2,194
T344,T356/2,9:11:14,6,-1,1,AA7480,0,2,30
M244,M219,9:11:44,6,-1,2,AA7242,0,2,100
M1/18,M222/2,9:11:54,6,-1,-1,AA7195,0,2,90
M219,T316,9:12:45,6,-1,1,AA6835,3,2,548
T356/2,T358,9:13:05,6,-1,1,AA7480,0,2,30
M222/2,M244,9:13:36,6,-1,1,AA7195,0,2,60
T316,T345/2,9:14:26,6,-1,-1,AA6835,0,2,90
T373/1,T306,9:15:16,6,-1,1,AA7480,0,2,50
T343,M239/1,9:15:27,6,-1,1,AA7367,0,2,406
M244,M219,9:15:57,6,-1,2,AA7195,0,2,70
M235/2,M247,9:15:57,6,-1,1,AA7842,0,2,151
T345/2,T344,9:16:37,6,-1,1,AA6835,0,2,100
T306,T314/2,9:16:47,6,-1,1,AA7480,0,2,40
T344,T356/2,9:17:08,6,-1,1,AA6835,0,2,20
M1/18,M222/2,9:18:08,6,-1,-1,AA6507,0,2,40
M247,M1/18,9:18:08,6,-1,-1,AA7842,0,2,100
M239/1,M235/2,9:18:28,6,-1,1,AA7489,2,2,820
T356/2,T358,9:19:09,6,-1,1,AA6835,0,2,101
T358,T373/1,9:19:39,6,-1,1,AA6835,0,2,20
T314/2,T343,9:20:19,6,-1,1,AA7480,1,2,151
T373/1,T306,9:20:50,6,-1,1,AA6835,0,2,60
M235/2,M247,9:21:00,6,-1,1,AA7489,0,2,131
T306,T314/2,9:21:34,6,-1,1,AA6835,0,2,24
M219,T316,9:22:15,6,-1,1,AA7242,3,2,559
M222/2,M219,9:22:45,6,-1,2,AA6507,1,2,226
T314/2,T408/6,9:23:15,6,-1,-1,AA6835,0,2,50
M247,M1/18,9:23:15,6,-1,-1,AA7489,0,2,101
M1/18,M222/2,9:24:16,6,-1,-1,AA7096,0,2,70
T316,T345/2,9:24:46,6,-1,-1,AA7242,0,2,111
T408/6,T343,9:25:37,6,-1,1,AA6835,0,2,111
M239/1,M235/2,9:25:47,6,-1,1,AA7301,2,2,1026
T345/2,T344,9:26:58,6,-1,1,AA7242,0,2,60
M222/2,M244,9:27:08,6,-1,1,AA7096,0,2,90
T344,T356/2,9:27:58,6,-1,1,AA7242,0,2,30
T343,M239/1,9:28:08,6,-1,1,AA7480,0,2,418
M219,T316,9:28:28,6,-1,1,AA7195,3,2,701
M244,M219,9:29:41,6,-1,2,AA7096,0,2,143
M235/2,M247,9:29:41,6,-1,1,AA7301,0,2,224
M239/1,M247,9:30:02,6,-1,1,AA7367,3,2,864
T316,T345/2,9:30:22,6,-1,-1,AA7195,0,2,102
M1/18,M222/2,9:30:54,6,-1,-1,AA7388,0,2,20
T356/2,T358,9:30:54,6,-1,1,AA7242,0,2,94
T345/2,T344,9:31:15,6,-1,1,AA7195,0,2,40
M247,M1/18,9:31:35,6,-1,-1,AA7301,0,2,83
T358,T373/1,9:31:55,6,-1,1,AA7242,0,2,30
T344,T356/2,9:32:15,6,-1,1,AA7195,0,2,30
M247,M1/18,9:32:15,6,-1,-1,AA7367,0,2,90
M222/2,M244,9:32:46,6,-1,1,AA7388,0,2,50
T373/1,T306,9:33:26,6,-1,1,AA7242,0,2,60
T343,M239/1,9:33:46,6,-1,1,AA6835,0,2,448
T356/2,T358,9:34:06,6,-1,1,AA7195,0,2,60
M219,T316,9:34:27,6,-1,1,AA6507,3,2,630
T358,T373/1,9:34:37,6,-1,1,AA7195,0,2,20
T306,T314/2,9:34:37,6,-1,1,AA7242,0,2,40
M244,M219,9:34:47,6,-1,2,AA7388,0,2,40
T373/1,T306,9:35:57,6,-1,1,AA7195,0,2,50
T316,T345/2,9:36:38,6,-1,-1,AA6507,0,2,121
T314/2,T408/6,9:36:38,6,-1,-1,AA7242,0,2,40
T306,T314/2,9:36:58,6,-1,1,AA7195,0,2,40
T345/2,T344,9:38:09,6,-1,1,AA6507,0,2,60
T314/2,T408/6,9:38:19,6,-1,-1,AA7195,0,2,20
T344,T356/2,9:38:39,6,-1,1,AA6507,0,2,20
T408/6,T343,9:40:00,6,-1,1,AA7242,0,2,141
T356/2,T358,9:40:10,6,-1,1,AA6507,0,2,50
T358,T373/1,9:40:52,6,-1,1,AA6507,0,2,20
T408/6,T343,9:40:52,6,-1,1,AA7195,0,2,122
M1/18,M222/2,9:42:03,6,-1,-1,AA7842,0,2,51
T373/1,T306,9:42:03,6,-1,1,AA6507,0,2,41
T306,T314/2,9:43:44,6,-1,1,AA6507,0,2,40
M219,T345/2,9:44:05,6,-1,-1,AA7096,4,2,779
M222/2,M244,9:44:15,6,-1,1,AA7842,0,2,80
M239/1,M235/2,9:44:15,6,-1,1,AA7480,2,2,956
T314/2,T408/6,9:45:05,6,-1,-1,AA6507,0,2,30
T345/2,T344,9:45:46,6,-1,1,AA7096,0,2,40
T344,T356/2,9:46:26,6,-1,1,AA7096,0,2,20
M219,T316,9:46:36,6,-1,1,AA7388,3,2,618
T408/6,T343,9:46:36,6,-1,1,AA6507,0,2,60
M244,M219,9:46:56,6,-1,2,AA7842,0,2,121
T343,M239/1,9:47:57,6,-1,1,AA7242,0,2,425
T343,M239/1,9:47:57,6,-1,1,AA7195,0,2,415
M239/1,M235/2,9:47:57,6,-1,1,AA6835,2,2,840
T316,T345/2,9:48:27,6,-1,-1,AA7388,0,2,100
T356/2,T358,9:49:08,6,-1,1,AA7096,0,2,100
T345/2,T344,9:49:38,6,-1,1,AA7388,0,2,50
T358,T373/1,9:49:48,6,-1,1,AA7096,0,2,30
T344,T356/2,9:50:18,6,-1,1,AA7388,0,2,30
M235/2,M247,9:50:38,6,-1,1,AA6835,0,2,131
M235/2,M1/18,9:50:59,6,-1,-1,AA7480,1,2,383
T373/1,T306,9:51:19,6,-1,1,AA7096,0,2,60
M1/18,M222/2,9:51:49,6,-1,-1,AA7489,0,2,90
T356/2,T358,9:52:40,6,-1,1,AA7388,0,2,100
T306,T314/2,9:52:40,6,-1,1,AA7096,0,2,40
M247,M1/18,9:52:50,6,-1,-1,AA6835,0,2,80
T358,T373/1,9:53:32,6,-1,1,AA7388,0,2,32
M222/2,M244,9:53:52,6,-1,1,AA7489,0,2,72
T314/2,T408/6,9:54:02,6,-1,-1,AA7096,0,2,30
T343,M239/1,9:54:02,6,-1,1,AA6507,0,2,405
T373/1,T306,9:55:05,6,-1,1,AA7388,0,2,62
T306,T314/2,9:55:45,6,-1,1,AA7388,0,2,30
M244,M219,9:56:36,6,-1,2,AA7489,0,2,100
T314/2,T408/6,9:57:06,6,-1,-1,AA7388,0,2,30
T408/6,T343,9:57:06,6,-1,1,AA7096,0,2,111
M219,T316,9:57:16,6,-1,1,AA7842,3,2,519
T316,T345/2,9:59:38,6,-1,-1,AA7842,0,2,121
T408/6,T343,9:59:38,6,-1,1,AA7388,0,2,90
T345/2,T344,10:01:19,6,-1,1,AA7842,0,2,50
T344,T356/2,10:01:59,6,-1,1,AA7842,0,2,30
T356/2,T358,10:04:04,6,-1,1,AA7842,0,2,94
M239/1,M235/2,10:04:25,6,-1,1,AA7242,2,2,977
M1/18,M222/2,10:04:35,6,-1,-1,AA7367,0,2,755
T358,T373/1,10:04:55,6,-1,1,AA7842,0,2,30
M239/1,M235/2,10:04:55,6,-1,1,AA7195,2,2,1007
T343,M239/1,10:05:05,6,-1,1,AA7096,0,2,428
M222/2,M244,10:05:55,6,-1,1,AA7367,0,2,40
T373/1,T306,10:06:26,6,-1,1,AA7842,0,2,60
M219,T316,10:06:36,6,-1,1,AA7489,3,2,549
T343,M239/1,10:07:26,6,-1,1,AA7388,0,2,418
T306,T314/2,10:07:36,6,-1,1,AA7842,0,2,50
M235/2,M247,10:07:47,6,-1,1,AA7242,0,2,131
M244,M219,10:07:57,6,-1,2,AA7367,0,2,50
M235/2,M247,10:07:57,6,-1,1,AA7195,0,2,131
M239/1,M235/2,10:08:07,6,-1,1,AA6507,2,2,834
T314/2,T408/6,10:09:07,6,-1,-1,AA7842,0,2,40
T316,T345/2,10:09:38,6,-1,-1,AA7489,0,2,171
M235/2,M247,10:09:38,6,-1,1,AA6507,0,2,80
M247,M1/18,10:09:48,6,-1,-1,AA7242,0,2,80
M247,M1/18,10:09:58,6,-1,-1,AA7195,0,2,90
T345/2,T344,10:10:58,6,-1,1,AA7489,0,2,60
M247,M1/18,10:11:29,6,-1,-1,AA6507,0,2,90
T408/6,T343,10:11:39,6,-1,1,AA7842,0,2,131
T344,T356/2,10:12:09,6,-1,1,AA7489,0,2,40
T356/2,T358,10:15:15,6,-1,1,AA7489,0,2,115
T358,T373/1,10:16:06,6,-1,1,AA7489,0,2,30
M1/18,M222/2,10:16:16,6,-1,-1,AA6835,0,2,121
T373/1,T306,10:17:57,6,-1,1,AA7489,0,2,80
M222/2,M244,10:18:37,6,-1,1,AA6835,0,2,80
M219,T316,10:18:47,6,-1,1,AA7367,3,2,620
T306,T314/2,10:19:17,6,-1,1,AA7489,0,2,50
T343,M239/1,10:19:38,6,-1,1,AA7842,0,2,418
M244,M219,10:20:18,6,-1,2,AA6835,0,2,30
T316,T345/2,10:20:38,6,-1,-1,AA7367,0,2,100
T314/2,T408/6,10:20:48,6,-1,-1,AA7489,0,2,40
M239/1,M235/2,10:20:58,6,-1,1,AA7096,2,2,943
T345/2,T344,10:22:29,6,-1,1,AA7367,0,2,80
M239/1,M235/2,10:22:50,6,-1,1,AA7388,2,2,913
T344,T356/2,10:23:20,6,-1,1,AA7367,0,2,30
T408/6,T343,10:23:35,6,-1,1,AA7489,0,2,136
M1/18,M222/2,10:23:56,6,-1,-1,AA7301,0,2,76
M235/2,M247,10:23:56,6,-1,1,AA7096,0,2,136
T356/2,T358,10:25:26,6,-1,1,AA7367,0,2,60
M222/2,M244,10:25:57,6,-1,1,AA7301,0,2,60
T358,T373/1,10:25:57,6,-1,1,AA7367,0,2,20
M235/2,M247,10:25:57,6,-1,1,AA7388,0,2,141
M247,M1/18,10:26:17,6,-1,-1,AA7096,0,2,100
M244,M219,10:27:28,6,-1,2,AA7301,0,2,10
T373/1,T306,10:27:28,6,-1,1,AA7367,0,2,60
M247,M1/18,10:27:58,6,-1,-1,AA7388,0,2,90
T306,T314/2,10:28:59,6,-1,1,AA7367,0,2,40
T314/2,T408/6,10:30:09,6,-1,-1,AA7367,0,2,40
M219,T316,10:30:29,6,-1,1,AA6835,3,2,540
T408/6,T343,10:32:34,6,-1,1,AA7367,0,2,83
T316,T345/2,10:32:44,6,-1,-1,AA6835,0,2,124
M1/18,M222/2,10:33:34,6,-1,-1,AA7195,0,2,101
T345/2,T344,10:34:15,6,-1,1,AA6835,0,2,50
M222/2,M244,10:34:55,6,-1,1,AA7195,0,2,30
T344,T356/2,10:34:55,6,-1,1,AA6835,0,2,20
M244,M219,10:36:56,6,-1,2,AA7195,0,2,60
M219,T316,10:37:16,6,-1,1,AA7301,3,2,558
T356/2,T373/1,10:37:16,6,-1,1,AA6835,1,2,80
M239/1,M235/2,10:38:37,6,-1,1,AA7842,2,2,1129
T316,T345/2,10:38:57,6,-1,-1,AA7301,0,2,90
T373/1,T306,10:38:57,6,-1,1,AA6835,0,2,70
T306,T314/2,10:40:08,6,-1,1,AA6835,0,2,30
T345/2,T344,10:40:18,6,-1,1,AA7301,0,2,50
T343,M239/1,10:40:49,6,-1,1,AA7367,0,2,424
T344,T356/2,10:41:19,6,-1,1,AA7301,0,2,30
T314/2,T408/6,10:41:39,6,-1,-1,AA6835,0,2,60
M235/2,M247,10:42:19,6,-1,1,AA7842,0,2,191
T356/2,T373/1,10:44:08,6,-1,1,AA7301,1,2,158
T408/6,T343,10:44:28,6,-1,1,AA6835,0,2,148
M247,M1/18,10:44:38,6,-1,-1,AA7842,0,2,60
M1/18,M222/2,10:45:18,6,-1,-1,AA7096,0,2,40
T373/1,T306,10:45:29,6,-1,1,AA7301,0,2,50
T306,T314/2,10:46:09,6,-1,1,AA7301,0,2,30
M222/2,M244,10:47:52,6,-1,1,AA7096,0,2,83
T314/2,T408/6,10:48:02,6,-1,-1,AA7301,0,2,20
M219,T316,10:48:35,6,-1,1,AA7195,3,2,657
M244,M219,10:50:06,6,-1,2,AA7096,0,2,70
T408/6,T343,10:50:06,6,-1,1,AA7301,0,2,91
T316,T345/2,10:51:07,6,-1,-1,AA7195,0,2,142
T343,M239/1,10:51:58,6,-1,1,AA6835,0,2,389
T345/2,T344,10:52:38,6,-1,1,AA7195,0,2,50
T344,T356/2,10:53:19,6,-1,1,AA7195,0,2,30
T356/2,T358,10:55:10,6,-1,1,AA7195,0,2,50
T358,T373/1,10:55:52,6,-1,1,AA7195,0,2,20
M235/2,M247,10:56:12,6,-1,1,AA7489,0,2,103
T373/1,T306,10:57:23,6,-1,1,AA7195,0,2,60
T343,M239/1,10:57:34,6,-1,1,AA7301,0,2,406
M239/1,M235/2,10:57:34,6,-1,1,AA7367,2,2,995
M247,M1/18,10:58:14,6,-1,-1,AA7489,0,2,112
T306,T314/2,10:58:25,6,-1,1,AA7195,0,2,30
M222/2,M244,10:58:55,6,-1,1,AA7242,0,2,80
T314/2,T408/6,10:59:55,6,-1,-1,AA7195,0,2,30
M235/2,M247,11:00:05,6,-1,1,AA7367,0,2,121
M244,M219,11:00:46,6,-1,2,AA7242,0,2,50
M219,T316,11:01:46,6,-1,1,AA7096,3,2,588
M247,M1/18,11:02:07,6,-1,-1,AA7367,0,2,80
T408/6,T343,11:02:17,6,-1,1,AA7195,0,2,121
T316,T345/2,11:04:18,6,-1,-1,AA7096,0,2,141
T345/2,T344,11:06:09,6,-1,1,AA7096,0,2,50
T344,T356/2,11:06:59,6,-1,1,AA7096,0,2,30
M239/1,M235/2,11:08:42,6,-1,1,AA6835,2,2,994
T356/2,T358,11:09:23,6,-1,1,AA7096,0,2,82
T343,M239/1,11:10:13,6,-1,1,AA7195,0,2,426
T358,T373/1,11:10:34,6,-1,1,AA7096,0,2,20
M222/2,M244,11:12:05,6,-1,1,AA6507,0,2,141
T373/1,T306,11:12:05,6,-1,1,AA7096,0,2,50
M239/1,M235/2,11:12:15,6,-1,1,AA7301,2,2,870
M219,T316,11:12:25,6,-1,1,AA7242,3,2,567
M235/2,M247,11:12:25,6,-1,1,AA6835,0,2,212
T306,T314/2,11:13:25,6,-1,1,AA7096,0,2,40
M244,M219,11:13:36,6,-1,2,AA6507,0,2,40
M247,M1/18,11:14:26,6,-1,-1,AA6835,0,2,90
T316,T345/2,11:14:56,6,-1,-1,AA7242,0,2,111
T314/2,T408/6,11:15:06,6,-1,-1,AA7096,0,2,40
M1/18,M222/2,11:16:07,6,-1,-1,AA7489,0,2,30
M235/2,M247,11:16:07,6,-1,1,AA7301,0,2,181
T345/2,T344,11:16:27,6,-1,1,AA7242,0,2,80
T344,T356/2,11:17:08,6,-1,1,AA7242,0,2,20
T408/6,T343,11:17:08,6,-1,1,AA7096,0,2,70
M247,M1/18,11:18:08,6,-1,-1,AA7301,0,2,90
M222/2,M244,11:19:09,6,-1,1,AA7489,0,2,121
T356/2,T358,11:19:09,6,-1,1,AA7242,0,2,60
T358,T373/1,11:19:49,6,-1,1,AA7242,0,2,30
T373/1,T306,11:21:13,6,-1,1,AA7242,0,2,53
M244,M219,11:21:24,6,-1,2,AA7489,0,2,84
T306,T314/2,11:22:24,6,-1,1,AA7242,0,2,40
T314/2,T408/6,11:23:45,6,-1,-1,AA7242,0,2,20
M219,T316,11:25:37,6,-1,1,AA6507,3,2,590
T343,M239/1,11:25:47,6,-1,1,AA7096,0,2,468
T408/6,T343,11:26:07,6,-1,1,AA7242,0,2,112
M1/18,M222/2,11:27:08,6,-1,-1,AA7388,0,2,30
M239/1,M235/2,11:27:08,6,-1,1,AA7195,2,2,1004
T316,T345/2,11:27:38,6,-1,-1,AA6507,0,2,111
M222/2,M244,11:29:19,6,-1,1,AA7388,0,2,30
T345/2,T344,11:29:29,6,-1,1,AA6507,0,2,91
T344,T356/2,11:30:20,6,-1,1,AA6507,0,2,30
M235/2,M247,11:30:31,6,-1,1,AA7195,0,2,183
M244,M219,11:31:43,6,-1,2,AA7388,0,2,10
M219,T316,11:32:13,6,-1,1,AA7489,3,2,559
M247,M1/18,11:33:14,6,-1,-1,AA7195,0,2,100
T356/2,T358,11:33:34,6,-1,1,AA6507,0,2,172
T316,T345/2,11:34:05,6,-1,-1,AA7489,0,2,100
T343,M239/1,11:34:15,6,-1,1,AA7242,0,2,436
T358,T373/1,11:34:35,6,-1,1,AA6507,0,2,30
T345/2,T344,11:36:06,6,-1,1,AA7489,0,2,60
T373/1,T306,11:36:17,6,-1,1,AA6507,0,2,70
T306,T314/2,11:37:17,6,-1,1,AA6507,0,2,30
M222/2,M244,11:37:27,6,-1,1,AA7842,0,2,60
T314/2,T408/6,11:38:48,6,-1,-1,AA6507,0,2,40
M244,M219,11:40:19,6,-1,2,AA7842,0,2,121
T344,T358,11:41:20,6,-1,1,AA7489,1,2,293
T408/6,T343,11:41:30,6,-1,1,AA6507,0,2,90
M219,T316,11:41:40,6,-1,1,AA7388,3,2,586
T358,T373/1,11:42:42,6,-1,1,AA7489,0,2,31
T316,T345/2,11:44:05,6,-1,-1,AA7388,0,2,134
T373/1,T306,11:44:25,6,-1,1,AA7489,0,2,72
T306,T314/2,11:45:35,6,-1,1,AA7489,0,2,40
T345/2,T344,11:46:16,6,-1,1,AA7388,0,2,111
T344,T356/2,11:47:27,6,-1,1,AA7388,0,2,30
M1/18,M222/2,11:48:17,6,-1,-1,AA7301,0,2,50
T314/2,T408/6,11:48:38,6,-1,-1,AA7489,0,2,80
T343,M239/1,11:49:28,6,-1,1,AA6507,0,2,437
T356/2,T358,11:50:29,6,-1,1,AA7388,0,2,161
M219,T316,11:50:59,6,-1,1,AA7842,3,2,579
M222/2,M244,11:51:19,6,-1,1,AA7301,0,2,70
T358,T373/1,11:51:19,6,-1,1,AA7388,0,2,20
T408/6,T343,11:51:39,6,-1,1,AA7489,0,2,151
T373/1,T306,11:53:14,6,-1,1,AA7388,0,2,64
T316,T345/2,11:53:44,6,-1,-1,AA7842,0,2,124
M244,M219,11:53:54,6,-1,2,AA7301,0,2,40
M235/2,M247,11:54:25,6,-1,1,AA7096,0,2,417
T306,T314/2,11:54:55,6,-1,1,AA7388,0,2,40
T345/2,T344,11:55:05,6,-1,1,AA7842,0,2,60
T344,T356/2,11:55:56,6,-1,1,AA7842,0,2,30
T314/2,T408/6,11:56:26,6,-1,-1,AA7388,0,2,40
M247,M1/18,11:56:56,6,-1,-1,AA7096,0,2,101
T356/2,T358,11:57:57,6,-1,1,AA7842,0,2,70
T358,T373/1,11:59:08,6,-1,1,AA7842,0,2,30
T408/6,T343,11:59:08,6,-1,1,AA7388,0,2,131
T343,M239/1,12:00:08,6,-1,1,AA7489,0,2,454
M235/2,M247,12:00:18,6,-1,1,AA7242,0,2,222
M222/2,M244,12:01:09,6,-1,1,AA7367,0,2,60
T373/1,T306,12:01:19,6,-1,1,AA7842,0,2,90
T306,T314/2,12:02:32,6,-1,1,AA7842,0,2,42
M247,M1/18,12:02:52,6,-1,-1,AA7242,0,2,113
M244,M219,12:03:02,6,-1,2,AA7367,0,2,52
T314/2,T408/6,12:04:13,6,-1,-1,AA7842,0,2,40
M219,T316,12:05:13,6,-1,1,AA7301,3,2,648
T343,M239/1,12:06:45,6,-1,1,AA7388,0,2,417
T316,T345/2,12:06:56,6,-1,-1,AA7301,0,2,91
T408/6,T343,12:06:56,6,-1,1,AA7842,0,2,122
M239/1,M235/2,12:07:26,6,-1,1,AA6507,2,2,1067
M1/18,M222/2,12:07:56,6,-1,-1,AA6835,0,2,20
T345/2,T344,12:08:27,6,-1,1,AA7301,0,2,70
T344,T356/2,12:08:57,6,-1,1,AA7301,0,2,20
M222/2,M244,12:10:38,6,-1,1,AA6835,0,2,30
M235/2,M247,12:10:58,6,-1,1,AA6507,0,2,202
T356/2,T373/1,12:11:49,6,-1,1,AA7301,1,2,151
T373/1,T306,12:13:33,6,-1,1,AA7301,0,2,83
M244,M219,12:13:43,6,-1,2,AA6835,0,2,103
M247,M1/18,12:13:43,6,-1,-1,AA6507,0,2,134
M1/18,M222/2,12:14:03,6,-1,-1,AA7242,0,2,63
T306,T314/2,12:14:13,6,-1,1,AA7301,0,2,30
T343,M239/1,12:14:23,6,-1,1,AA7842,0,2,407
M219,T316,12:14:44,6,-1,1,AA7367,3,2,580
T314/2,T408/6,12:15:34,6,-1,-1,AA7301,0,2,30
M222/2,M244,12:15:54,6,-1,1,AA7242,0,2,80
T316,T345/2,12:16:36,6,-1,-1,AA7367,0,2,102
M244,M219,12:17:47,6,-1,2,AA7242,0,2,50
T408/6,T343,12:17:57,6,-1,1,AA7301,0,2,122
T345/2,T344,12:18:07,6,-1,1,AA7367,0,2,50
T344,T356/2,12:18:47,6,-1,1,AA7367,0,2,30
T356/2,T358,12:20:38,6,-1,1,AA7367,0,2,90
T358,T373/1,12:21:39,6,-1,1,AA7367,0,2,20
T373/1,T306,12:23:00,6,-1,1,AA7367,0,2,50
T306,T314/2,12:24:01,6,-1,1,AA7367,0,2,51
M235/2,M247,12:24:01,6,-1,1,AA7489,0,2,132
T343,M239/1,12:25:22,6,-1,1,AA7301,0,2,394
M1/18,M222/2,12:25:32,6,-1,-1,AA7195,0,2,90
M219,T316,12:25:32,6,-1,1,AA6835,3,2,618
T314/2,T408/6,12:25:32,6,-1,-1,AA7367,0,2,30
M247,M1/18,12:26:23,6,-1,-1,AA7489,0,2,101
M239/1,M235/2,12:27:03,6,-1,1,AA7388,2,2,1207
T316,T345/2,12:27:44,6,-1,-1,AA6835,0,2,100
T408/6,T343,12:28:04,6,-1,1,AA7367,0,2,131
M219,T316,12:28:24,6,-1,1,AA7242,3,2,607
M222/2,M244,12:28:44,6,-1,1,AA7195,0,2,181
T345/2,T344,12:29:45,6,-1,1,AA6835,0,2,111
T316,T345/2,12:30:05,6,-1,-1,AA7242,0,2,91
T344,T356/2,12:30:26,6,-1,1,AA6835,0,2,30
M235/2,M247,12:30:56,6,-1,1,AA7388,0,2,202
T345/2,T344,12:31:26,6,-1,1,AA7242,0,2,70
M244,M219,12:31:46,6,-1,2,AA7195,0,2,131
T356/2,T358,12:32:07,6,-1,1,AA6835,0,2,60
T344,T356/2,12:32:17,6,-1,1,AA7242,0,2,30
M239/1,M235/2,12:32:57,6,-1,1,AA7842,2,2,1103
T358,T373/1,12:33:07,6,-1,1,AA6835,0,2,20
M247,M1/18,12:33:27,6,-1,-1,AA7388,0,2,60
T356/2,T358,12:33:58,6,-1,1,AA7242,0,2,50
T358,T373/1,12:34:38,6,-1,1,AA7242,0,2,20
M1/18,M222/2,12:35:09,6,-1,-1,AA6507,0,2,30
T373/1,T306,12:35:09,6,-1,1,AA6835,0,2,91
T343,M239/1,12:35:49,6,-1,1,AA7367,0,2,424
T306,T314/2,12:36:09,6,-1,1,AA6835,0,2,50
T373/1,T306,12:37:00,6,-1,1,AA7242,0,2,111
T314/2,T408/6,12:37:33,6,-1,-1,AA6835,0,2,63
M235/2,M247,12:37:33,6,-1,1,AA7842,0,2,225
M222/2,M244,12:37:43,6,-1,1,AA6507,0,2,94
T306,T314/2,12:38:24,6,-1,1,AA7242,0,2,40
M244,M219,12:39:24,6,-1,2,AA6507,0,2,40
T408/6,T343,12:39:45,6,-1,1,AA6835,0,2,111
T314/2,T408/6,12:39:55,6,-1,-1,AA7242,0,2,60
M247,M1/18,12:40:56,6,-1,-1,AA7842,0,2,101
T408/6,T343,12:42:07,6,-1,1,AA7242,0,2,70
M219,T345/2,12:44:19,6,-1,-1,AA7195,4,2,711
T345/2,T344,12:45:49,6,-1,1,AA7195,0,2,50
T344,T356/2,12:46:30,6,-1,1,AA7195,0,2,30
M1/18,M222/2,12:46:40,6,-1,-1,AA7388,0,2,71
T343,M239/1,12:47:11,6,-1,1,AA6835,0,2,415
M222/2,M244,12:48:54,6,-1,1,AA7388,0,2,62
M219,T316,12:49:24,6,-1,1,AA6507,3,2,497
T356/2,T358,12:50:05,6,-1,1,AA7195,0,2,103
T343,M239/1,12:50:05,6,-1,1,AA7242,0,2,427
M244,M219,12:50:35,6,-1,2,AA7388,0,2,30
T358,T373/1,12:50:45,6,-1,1,AA7195,0,2,20
T316,T345/2,12:51:26,6,-1,-1,AA6507,0,2,111
T373/1,T306,12:52:16,6,-1,1,AA7195,0,2,60
T345/2,T344,12:52:36,6,-1,1,AA6507,0,2,40
T306,T314/2,12:53:17,6,-1,1,AA7195,0,2,40
T344,T356/2,12:53:37,6,-1,1,AA6507,0,2,30
M247,M1/18,12:54:17,6,-1,-1,AA7301,0,2,80
T314/2,T408/6,12:54:48,6,-1,-1,AA7195,0,2,30
T356/2,T358,12:55:48,6,-1,1,AA6507,0,2,90
T358,T373/1,12:56:39,6,-1,1,AA6507,0,2,20
T408/6,T343,12:57:09,6,-1,1,AA7195,0,2,121
T373/1,T306,12:59:00,6,-1,1,AA6507,0,2,111
M247,M1/18,12:59:43,6,-1,-1,AA7367,0,2,93
M219,T316,13:00:13,6,-1,1,AA7388,3,2,517
T306,T314/2,13:00:33,6,-1,1,AA6507,0,2,50
T316,T345/2,13:02:04,6,-1,-1,AA7388,0,2,91
T314/2,T408/6,13:02:25,6,-1,-1,AA6507,0,2,70
M222/2,M219,13:03:05,6,-1,2,AA7842,1,2,265
T345/2,T344,13:03:15,6,-1,1,AA7388,0,2,50
T344,T356/2,13:04:16,6,-1,1,AA7388,0,2,30
T343,M239/1,13:04:36,6,-1,1,AA7195,0,2,406
T408/6,T343,13:04:56,6,-1,1,AA6507,0,2,60
T356/2,T358,13:06:53,6,-1,1,AA7388,0,2,91
T358,T373/1,13:07:34,6,-1,1,AA7388,0,2,30
M1/18,M222/2,13:09:05,6,-1,-1,AA7301,0,2,70
T373/1,T306,13:09:05,6,-1,1,AA7388,0,2,60
M239/1,M235/2,13:10:17,6,-1,1,AA7242,2,2,1201
T306,T314/2,13:10:27,6,-1,1,AA7388,0,2,40
T314/2,T408/6,13:11:58,6,-1,-1,AA7388,0,2,30
M235/2,M247,13:11:58,6,-1,1,AA6835,0,2,193
M222/2,M244,13:12:08,6,-1,1,AA7301,0,2,111
T343,M239/1,13:12:48,6,-1,1,AA6507,0,2,435
M235/2,M247,13:13:49,6,-1,1,AA7242,0,2,161
M247,M1/18,13:14:09,6,-1,-1,AA6835,0,2,91
M244,M219,13:14:44,6,-1,2,AA7301,0,2,74
T408/6,T343,13:14:44,6,-1,1,AA7388,0,2,105
M219,T316,13:15:04,6,-1,1,AA7842,3,2,638
M247,M1/18,13:16:15,6,-1,-1,AA7242,0,2,90
T316,T345/2,13:16:58,6,-1,-1,AA7842,0,2,103
T345/2,T356/2,13:19:13,6,-1,1,AA7842,1,2,104
M1/18,M222/2,13:21:54,6,-1,-1,AA7367,0,2,70
T356/2,T358,13:21:54,6,-1,1,AA7842,0,2,141
M239/1,M235/2,13:22:04,6,-1,1,AA7195,2,2,1038
T343,M239/1,13:22:25,6,-1,1,AA7388,0,2,420
T358,T373/1,13:22:55,6,-1,1,AA7842,0,2,30
M222/2,M244,13:24:16,6,-1,1,AA7367,0,2,111
M219,T316,13:24:26,6,-1,1,AA7301,3,2,521
T373/1,T306,13:24:26,6,-1,1,AA7842,0,2,60
M235/2,M247,13:24:47,6,-1,1,AA7195,0,2,142
T306,T314/2,13:25:48,6,-1,1,AA7842,0,2,50
M244,M219,13:26:38,6,-1,2,AA7367,0,2,132
T316,T345/2,13:26:38,6,-1,-1,AA7301,0,2,121
M247,M1/18,13:27:09,6,-1,-1,AA7195,0,2,90
T314/2,T408/6,13:27:19,6,-1,-1,AA7842,0,2,30
T345/2,T344,13:27:49,6,-1,1,AA7301,0,2,40
T344,T356/2,13:28:30,6,-1,1,AA7301,0,2,20
T356/2,T358,13:30:05,6,-1,1,AA7301,0,2,65
T408/6,T343,13:30:05,6,-1,1,AA7842,0,2,135
T358,T373/1,13:30:56,6,-1,1,AA7301,0,2,20
M1/18,M222/2,13:32:06,6,-1,-1,AA6835,0,2,60
T373/1,T306,13:33:27,6,-1,1,AA7301,0,2,131
M222/2,M244,13:34:18,6,-1,1,AA6835,0,2,101
T306,T314/2,13:34:28,6,-1,1,AA7301,0,2,30
T314/2,T408/6,13:35:59,6,-1,-1,AA7301,0,2,40
M244,M219,13:36:20,6,-1,2,AA6835,0,2,40
T408/6,T343,13:37:43,6,-1,1,AA7301,0,2,82
M219,T316,13:38:44,6,-1,1,AA7367,3,2,634
M235/2,M247,13:39:54,6,-1,1,AA6507,0,2,214
M239/1,M235/2,13:40:35,6,-1,1,AA7388,2,2,1080
T316,T345/2,13:41:05,6,-1,-1,AA7367,0,2,101
M247,M1/18,13:42:16,6,-1,-1,AA6507,0,2,101
T345/2,T344,13:42:56,6,-1,1,AA7367,0,2,70
T344,T356/2,13:43:37,6,-1,1,AA7367,0,2,30
M1/18,M222/2,13:44:28,6,-1,-1,AA7242,0,2,81
M235/2,M247,13:44:38,6,-1,1,AA7388,0,2,222
T343,M239/1,13:45:39,6,-1,1,AA7301,0,2,455
M222/2,M244,13:46:09,6,-1,1,AA7242,0,2,81
T356/2,T358,13:46:29,6,-1,1,AA7367,0,2,141
M247,M1/18,13:47:09,6,-1,-1,AA7388,0,2,141
T358,T373/1,13:47:31,6,-1,1,AA7367,0,2,31
M219,T316,13:48:22,6,-1,1,AA6835,3,2,598
M244,M219,13:48:32,6,-1,2,AA7242,0,2,132
T373/1,T306,13:48:52,6,-1,1,AA7367,0,2,70
T306,T314/2,13:50:23,6,-1,1,AA7367,0,2,50
T316,T345/2,13:50:33,6,-1,-1,AA6835,0,2,111
T345/2,T344,13:52:24,6,-1,1,AA6835,0,2,80
T314/2,T408/6,13:52:24,6,-1,-1,AA7367,0,2,30
M1/18,M222/2,13:54:06,6,-1,-1,AA7195,0,2,102
T408/6,T343,13:55:07,6,-1,1,AA7367,0,2,132
M222/2,M244,13:55:17,6,-1,1,AA7195,0,2,20
T344,T358,13:55:47,6,-1,1,AA6835,1,2,162
T358,T373/1,13:56:32,6,-1,1,AA6835,0,2,34
T408/6,T343,13:56:42,6,-1,1,AA7480,0,2,54
T373/1,T306,13:58:44,6,-1,1,AA6835,0,2,102
M244,M219,13:58:54,6,-1,2,AA7195,0,2,122
T306,T314/2,14:00:05,6,-1,1,AA6835,0,2,30
M219,T316,14:00:15,6,-1,1,AA7242,3,2,612
M235/2,M247,14:01:26,6,-1,1,AA7842,0,2,111
T314/2,T408/6,14:01:36,6,-1,-1,AA6835,0,2,40
T316,T345/2,14:02:17,6,-1,-1,AA7242,0,2,101
T343,M239/1,14:03:38,6,-1,1,AA7367,0,2,460
M247,M1/18,14:03:38,6,-1,-1,AA7842,0,2,90
T345/2,T344,14:03:48,6,-1,1,AA7242,0,2,60
T408/6,T343,14:03:58,6,-1,1,AA6835,0,2,101
M239/1,M235/2,14:03:58,6,-1,1,AA7301,2,2,1089
M1/18,M222/2,14:04:08,6,-1,-1,AA6507,0,2,20
T343,M239/1,14:04:08,6,-1,1,AA7480,0,2,414
T344,T356/2,14:05:09,6,-1,1,AA7242,0,2,40
M222/2,M244,14:06:09,6,-1,1,AA6507,0,2,60
M235/2,M247,14:06:41,6,-1,1,AA7301,0,2,122
T356/2,T358,14:07:11,6,-1,1,AA7242,0,2,72
M244,M219,14:08:28,6,-1,2,AA6507,0,2,55
T358,T373/1,14:08:28,6,-1,1,AA7242,0,2,35
M247,M1/18,14:09:39,6,-1,-1,AA7301,0,2,80
T373/1,T306,14:10:41,6,-1,1,AA7242,0,2,91
M219,T345/2,14:11:42,6,-1,-1,AA7195,4,2,707
T343,M239/1,14:12:02,6,-1,1,AA6835,0,2,433
T345/2,T344,14:12:53,6,-1,1,AA7195,0,2,50
T344,T356/2,14:14:04,6,-1,1,AA7195,0,2,30
M1/18,M222/2,14:15:24,6,-1,-1,AA7388,0,2,40
T356/2,T358,14:16:25,6,-1,1,AA7195,0,2,90
T306,T408/6,14:16:25,6,-1,-1,AA7242,1,2,293
T358,T373/1,14:17:26,6,-1,1,AA7195,0,2,30
M222/2,M244,14:17:36,6,-1,1,AA7388,0,2,111
T373/1,T306,14:19:17,6,-1,1,AA7195,0,2,80
T408/6,T343,14:19:17,6,-1,1,AA7242,0,2,121
M219,T316,14:20:08,6,-1,1,AA6507,3,2,628
M244,M219,14:20:18,6,-1,2,AA7388,0,2,20
T306,T314/2,14:20:28,6,-1,1,AA7195,0,2,40
T314/2,T408/6,14:22:19,6,-1,-1,AA7195,0,2,30
T316,T345/2,14:22:59,6,-1,-1,AA6507,0,2,141
T345/2,T344,14:24:20,6,-1,1,AA6507,0,2,60
T408/6,T343,14:24:44,6,-1,1,AA7195,0,2,114
T344,T356/2,14:24:54,6,-1,1,AA6507,0,2,20
M239/1,M235/2,14:25:04,6,-1,1,AA7480,2,2,1246
T356/2,T358,14:27:18,6,-1,1,AA6507,0,2,123
T358,T373/1,14:28:09,6,-1,1,AA6507,0,2,30
M222/2,M244,14:28:19,6,-1,1,AA7842,0,2,101
T373/1,T306,14:29:31,6,-1,1,AA6507,0,2,62
T306,T314/2,14:30:42,6,-1,1,AA6507,0,2,40
M247,M1/18,14:30:42,6,-1,-1,AA7367,0,2,60
M244,M219,14:30:52,6,-1,2,AA7842,0,2,80
M235/2,M1/18,14:31:22,6,-1,-1,AA7480,1,2,317
T314/2,T408/6,14:31:53,6,-1,-1,AA6507,0,2,41
M219,T316,14:32:24,6,-1,1,AA7388,3,2,594
T343,M239/1,14:32:24,6,-1,1,AA7195,0,2,418
T408/6,T343,14:34:05,6,-1,1,AA6507,0,2,101
M1/18,M222/2,14:34:36,6,-1,-1,AA7489,0,2,81
T316,T345/2,14:34:56,6,-1,-1,AA7388,0,2,142
M222/2,M244,14:36:17,6,-1,1,AA7489,0,2,91
T345/2,T344,14:36:17,6,-1,1,AA7388,0,2,50
T344,T356/2,14:37:38,6,-1,1,AA7388,0,2,30
M244,M219,14:38:29,6,-1,2,AA7489,0,2,121
T356/2,T358,14:41:03,6,-1,1,AA7388,0,2,194
T343,M239/1,14:41:13,6,-1,1,AA6507,0,2,418
T358,T373/1,14:42:14,6,-1,1,AA7388,0,2,20
M219,T316,14:43:14,6,-1,1,AA7842,3,2,660
T373/1,T306,14:43:55,6,-1,1,AA7388,0,2,70
M1/18,M222/2,14:44:45,6,-1,-1,AA7301,0,2,70
M235/2,M247,14:44:56,6,-1,1,AA6835,0,2,172
T316,T345/2,14:45:36,6,-1,-1,AA7842,0,2,101
T306,T314/2,14:45:36,6,-1,1,AA7388,0,2,50
M247,M1/18,14:47:28,6,-1,-1,AA6835,0,2,91
T314/2,T408/6,14:47:58,6,-1,-1,AA7388,0,2,30
M222/2,M244,14:48:08,6,-1,1,AA7301,0,2,121
T345/2,T344,14:48:18,6,-1,1,AA7842,0,2,91
T344,T356/2,14:49:10,6,-1,1,AA7842,0,2,31
M219,T345/2,14:50:10,6,-1,-1,AA7489,4,2,640
M244,M219,14:50:20,6,-1,2,AA7301,0,2,30
T408/6,T343,14:50:20,6,-1,1,AA7388,0,2,91
T345/2,T344,14:51:33,6,-1,1,AA7489,0,2,51
T356/2,T358,14:51:43,6,-1,1,AA7842,0,2,133
T344,T356/2,14:52:14,6,-1,1,AA7489,0,2,30
T358,T373/1,14:52:44,6,-1,1,AA7842,0,2,20
T356/2,T358,14:55:05,6,-1,1,AA7489,0,2,141
T373/1,T306,14:55:05,6,-1,1,AA7842,0,2,121
M1/18,M222/2,14:55:26,6,-1,-1,AA7367,0,2,101
T358,T373/1,14:56:06,6,-1,1,AA7489,0,2,30
T306,T314/2,14:56:06,6,-1,1,AA7842,0,2,40
T373/1,T306,14:57:27,6,-1,1,AA7489,0,2,70
M222/2,M244,14:57:47,6,-1,1,AA7367,0,2,101
T314/2,T408/6,14:57:57,6,-1,-1,AA7842,0,2,50
T306,T314/2,14:58:28,6,-1,1,AA7489,0,2,50
T343,M239/1,14:58:38,6,-1,1,AA7388,0,2,445
M235/2,M247,14:59:38,6,-1,1,AA7242,0,2,171
T314/2,T408/6,14:59:59,6,-1,-1,AA7489,0,2,40
T408/6,T343,15:00:29,6,-1,1,AA7842,0,2,101
M244,M219,15:01:10,6,-1,2,AA7367,0,2,91
T408/6,T343,15:01:20,6,-1,1,AA7489,0,2,60
M235/2,M247,15:01:33,6,-1,1,AA7195,0,2,215
M247,M1/18,15:01:43,6,-1,-1,AA7242,0,2,83
M219,T316,15:02:38,6,-1,1,AA7301,3,2,716
M247,M1/18,15:03:49,6,-1,-1,AA7195,0,2,95
T316,T345/2,15:05:10,6,-1,-1,AA7301,0,2,141
M1/18,M222/2,15:05:20,6,-1,-1,AA7480,0,2,90
T345/2,T344,15:07:24,6,-1,1,AA7301,0,2,111
M222/2,M244,15:08:04,6,-1,1,AA7480,0,2,151
T344,T356/2,15:08:04,6,-1,1,AA7301,0,2,30
T343,M239/1,15:08:24,6,-1,1,AA7842,0,2,424
T343,M239/1,15:08:34,6,-1,1,AA7489,0,2,411
T356/2,T358,15:10:56,6,-1,1,AA7301,0,2,162
M244,M219,15:11:06,6,-1,2,AA7480,0,2,131
M247,M1/18,15:11:27,6,-1,-1,AA6507,0,2,101
T358,T373/1,15:11:37,6,-1,1,AA7301,0,2,30
M219,T316,15:12:07,6,-1,1,AA7367,3,2,593
M219,M50,15:13:18,6,-1,1,AA7480,0,2,121
T373/1,T306,15:13:38,6,-1,1,AA7301,0,2,90
M1/18,M222/2,15:14:39,6,-1,-1,AA6835,0,2,80
T316,T345/2,15:14:49,6,-1,-1,AA7367,0,2,151
T306,T314/2,15:15:23,6,-1,1,AA7301,0,2,54
M222/2,M244,15:16:24,6,-1,1,AA6835,0,2,70
T345/2,T344,15:16:34,6,-1,1,AA7367,0,2,50
T314/2,T408/6,15:16:54,6,-1,-1,AA7301,0,2,50
T344,T356/2,15:17:25,6,-1,1,AA7367,0,2,30
M244,M219,15:18:26,6,-1,2,AA6835,0,2,30
M239/1,M235/2,15:18:36,6,-1,1,AA7388,2,2,1188
T356/2,T358,15:19:17,6,-1,1,AA7367,0,2,80
T408/6,T343,15:19:17,6,-1,1,AA7301,0,2,80
T358,T373/1,15:19:57,6,-1,1,AA7367,0,2,20
M50,T316,15:21:48,6,-1,1,AA7480,2,2,500
T373/1,T306,15:21:58,6,-1,1,AA7367,0,2,111
M235/2,M247,15:22:29,6,-1,1,AA7388,0,2,191
T306,T314/2,15:23:30,6,-1,1,AA7367,0,2,40
M1/18,M222/2,15:24:43,6,-1,-1,AA7242,0,2,114
M247,M1/18,15:24:54,6,-1,-1,AA7388,0,2,94
T316,T345/2,15:25:04,6,-1,-1,AA7480,0,2,175
T314/2,T408/6,15:25:44,6,-1,-1,AA7367,0,2,40
M222/2,M244,15:26:14,6,-1,1,AA7242,0,2,40
T345/2,T344,15:26:45,6,-1,1,AA7480,0,2,50
T343,M239/1,15:27:25,6,-1,1,AA7301,0,2,437
T408/6,T343,15:27:35,6,-1,1,AA7367,0,2,90
T344,T356/2,15:27:45,6,-1,1,AA7480,0,2,40
M244,M219,15:28:26,6,-1,2,AA7242,0,2,60
T356/2,T358,15:29:26,6,-1,1,AA7480,0,2,60
M219,T316,15:30:07,6,-1,1,AA6835,3,2,609
M1/18,M222/2,15:31:17,6,-1,-1,AA7195,0,2,80
T316,T345/2,15:32:08,6,-1,-1,AA6835,0,2,111
T358,T306,15:32:18,6,-1,1,AA7480,1,2,161
M222/2,M244,15:33:09,6,-1,1,AA7195,0,2,80
T306,T314/2,15:33:19,6,-1,1,AA7480,0,2,30
T345/2,T344,15:33:39,6,-1,1,AA6835,0,2,70
T344,T356/2,15:34:50,6,-1,1,AA6835,0,2,30
M235/2,M247,15:35:00,6,-1,1,AA7489,0,2,131
M235/2,M247,15:35:10,6,-1,1,AA7842,0,2,141
T314/2,T408/6,15:35:20,6,-1,-1,AA7480,0,2,40
T343,M239/1,15:35:20,6,-1,1,AA7367,0,2,414
M244,M219,15:37:04,6,-1,2,AA7195,0,2,134
M247,M1/18,15:37:15,6,-1,-1,AA7489,0,2,90
M247,M1/18,15:37:37,6,-1,-1,AA7842,0,2,103
T408/6,T343,15:37:47,6,-1,1,AA7480,0,2,133
T356/2,T373/1,15:39:38,6,-1,1,AA6835,1,2,101
M219,T316,15:40:18,6,-1,1,AA7242,3,2,682
T373/1,T306,15:41:19,6,-1,1,AA6835,0,2,50
M1/18,M222/2,15:42:10,6,-1,-1,AA6507,0,2,90
T306,T314/2,15:42:30,6,-1,1,AA6835,0,2,40
T316,T345/2,15:42:40,6,-1,-1,AA7242,0,2,121
T345/2,T344,15:43:53,6,-1,1,AA7242,0,2,42
M222/2,M244,15:44:03,6,-1,1,AA6507,0,2,62
T314/2,T408/6,15:44:03,6,-1,-1,AA6835,0,2,42
T344,T356/2,15:44:44,6,-1,1,AA7242,0,2,41
T343,M239/1,15:45:45,6,-1,1,AA7480,0,2,437
M244,M219,15:46:36,6,-1,2,AA6507,0,2,80
T408/6,T343,15:46:36,6,-1,1,AA6835,0,2,121
M219,T316,15:46:56,6,-1,1,AA7195,3,2,549
T316,T345/2,15:48:47,6,-1,-1,AA7195,0,2,70
T356/2,T358,15:48:47,6,-1,1,AA7242,0,2,172
T358,T373/1,15:49:48,6,-1,1,AA7242,0,2,30
T345/2,T344,15:50:18,6,-1,1,AA7195,0,2,50
M1/18,M222/2,15:50:49,6,-1,-1,AA7388,0,2,80
T344,T356/2,15:51:09,6,-1,1,AA7195,0,2,40
T373/1,T306,15:51:09,6,-1,1,AA7242,0,2,70
T306,T314/2,15:52:20,6,-1,1,AA7242,0,2,40
M222/2,M244,15:52:32,6,-1,1,AA7388,0,2,52
M235/2,M247,15:52:42,6,-1,1,AA7301,0,2,163
T356/2,T358,15:53:22,6,-1,1,AA7195,0,2,93
T314/2,T408/6,15:54:13,6,-1,-1,AA7242,0,2,50
T358,T373/1,15:54:23,6,-1,1,AA7195,0,2,30
M247,M1/18,15:54:43,6,-1,-1,AA7301,0,2,80
M244,M219,15:55:34,6,-1,2,AA7388,0,2,111
T373/1,T306,15:55:44,6,-1,1,AA7195,0,2,70
T306,T314/2,15:56:44,6,-1,1,AA7195,0,2,30
T408/6,T343,15:56:44,6,-1,1,AA7242,0,2,121
M1/18,M222/2,15:57:15,6,-1,-1,AA7842,0,2,30
M219,T316,15:57:55,6,-1,1,AA6507,3,2,608
T314/2,T408/6,15:58:56,6,-1,-1,AA7195,0,2,50
M222/2,M244,15:59:16,6,-1,1,AA7842,0,2,50
T316,T345/2,16:00:07,6,-1,-1,AA6507,0,2,121
T408/6,T343,16:01:07,6,-1,1,AA7195,0,2,100
M235/2,M247,16:01:17,6,-1,1,AA7367,0,2,171
T345/2,T344,16:01:38,6,-1,1,AA6507,0,2,50
M1/18,M222/2,16:02:18,6,-1,-1,AA7489,0,2,40
M244,M219,16:02:18,6,-1,2,AA7842,0,2,101
T344,T356/2,16:02:28,6,-1,1,AA6507,0,2,30
M222/2,M244,16:03:19,6,-1,1,AA7489,0,2,30
M247,M1/18,16:04:09,6,-1,-1,AA7367,0,2,90
T343,M239/1,16:05:20,6,-1,1,AA7242,0,2,475
M219,T316,16:05:54,6,-1,1,AA7388,3,2,519
M244,M219,16:06:35,6,-1,2,AA7489,0,2,165
T356/2,T358,16:06:35,6,-1,1,AA6507,0,2,226
T358,T373/1,16:07:15,6,-1,1,AA6507,0,2,20
T316,T345/2,16:07:45,6,-1,-1,AA7388,0,2,101
T343,M239/1,16:08:36,6,-1,1,AA7195,0,2,408
M219,M50,16:08:46,6,-1,1,AA7489,0,2,91
T373/1,T306,16:08:56,6,-1,1,AA6507,0,2,60
T345/2,T344,16:09:27,6,-1,1,AA7388,0,2,70
T306,T314/2,16:10:07,6,-1,1,AA6507,0,2,40
T344,T356/2,16:10:27,6,-1,1,AA7388,0,2,20
M1/18,M222/2,16:12:28,6,-1,-1,AA7301,0,2,131
M219,T316,16:12:39,6,-1,1,AA7842,3,2,549
T314/2,T408/6,16:12:49,6,-1,-1,AA6507,0,2,50
T356/2,T358,16:13:29,6,-1,1,AA7388,0,2,121
T358,T373/1,16:14:20,6,-1,1,AA7388,0,2,20
T316,T345/2,16:15:21,6,-1,-1,AA7842,0,2,141
T408/6,T343,16:15:42,6,-1,1,AA6507,0,2,123
M222/2,M244,16:16:12,6,-1,1,AA7301,0,2,213
T373/1,T306,16:16:12,6,-1,1,AA7388,0,2,71
M50,T316,16:16:34,6,-1,1,AA7489,2,2,437
T345/2,T344,16:16:54,6,-1,1,AA7842,0,2,51
T344,T356/2,16:17:35,6,-1,1,AA7842,0,1,30
T306,T314/2,16:17:45,6,-1,1,AA7388,0,1,40
M244,M219,16:18:57,6,-1,2,AA7301,0,1,82
T316,T345/2,16:18:57,6,-1,-1,AA7489,0,1,102
M235/2,M1/18,16:19:17,6,-1,-1,AA6835,1,1,246
T356/2,T358,16:19:27,6,-1,1,AA7842,0,1,102
T314/2,T408/6,16:19:57,6,-1,-1,AA7388,0,1,30
T358,T373/1,16:20:07,6,-1,1,AA7842,0,1,30
T345/2,T344,16:20:18,6,-1,1,AA7489,0,1,50
M1/18,M222/2,16:20:58,6,-1,-1,AA7367,0,1,91
T344,T356/2,16:20:58,6,-1,1,AA7489,0,1,30
T373/1,T306,16:21:39,6,-1,1,AA7842,0,1,71
M222/2,M244,16:22:19,6,-1,1,AA7367,0,1,40
T306,T314/2,16:22:50,6,-1,1,AA7842,0,1,50
T408/6,T343,16:22:50,6,-1,1,AA7388,0,1,141
T343,M239/1,16:24:00,6,-1,1,AA6507,0,1,436
T356/2,T358,16:24:42,6,-1,1,AA7489,0,1,203
T314/2,T408/6,16:24:42,6,-1,-1,AA7842,0,1,51
M244,M219,16:25:12,6,-1,2,AA7367,0,1,162
T358,T373/1,16:25:12,6,-1,1,AA7489,0,1,20
T373/1,T306,16:26:34,6,-1,1,AA7489,0,1,50
M239/1,M235/2,16:26:44,6,-1,1,AA7195,2,1,1078
T306,T314/2,16:27:25,6,-1,1,AA7489,0,1,40
T408/6,T343,16:27:25,6,-1,1,AA7842,0,1,80
T314/2,T408/6,16:28:56,6,-1,-1,AA7489,0,1,40
M235/2,M247,16:29:06,6,-1,1,AA7195,0,1,111
M235/2,M247,16:29:16,6,-1,1,AA7242,0,1,121
M1/18,M222/2,16:29:46,6,-1,-1,AA7480,0,1,80
M219,T316,16:30:47,6,-1,1,AA7301,3,1,598
T408/6,T343,16:31:17,6,-1,1,AA7489,0,1,111
M222/2,M244,16:32:28,6,-1,1,AA7480,0,1,90
T316,T345/2,16:33:08,6,-1,-1,AA7301,0,1,131
M247,M1/18,16:33:08,6,-1,-1,AA7195,0,1,181
M247,M1/18,16:33:49,6,-1,-1,AA7242,0,1,202
T345/2,T344,16:35:10,6,-1,1,AA7301,0,1,101
M244,M219,16:35:34,6,-1,2,AA7480,0,1,85
M219,T316,16:36:05,6,-1,1,AA7367,3,1,580
T343,M239/1,16:36:05,6,-1,1,AA7842,0,1,469
T316,T345/2,16:38:06,6,-1,-1,AA7367,0,1,111
T343,M239/1,16:38:36,6,-1,1,AA7489,0,1,408
T345/2,T344,16:39:37,6,-1,1,AA7367,0,1,50
T344,T356/2,16:40:28,6,-1,1,AA7367,0,1,40
T344,T358,16:40:38,6,-1,1,AA7301,1,1,283
M1/18,M222/2,16:41:49,6,-1,-1,AA6835,0,1,101
T358,T373/1,16:41:49,6,-1,1,AA7301,0,1,20
T356/2,T358,16:42:59,6,-1,1,AA7367,0,1,111
T358,T373/1,16:43:52,6,-1,1,AA7367,0,1,20
T373/1,T306,16:44:02,6,-1,1,AA7301,0,1,92
M222/2,M244,16:44:12,6,-1,1,AA6835,0,1,52
M239/1,M235/2,16:45:02,6,-1,1,AA6507,2,1,1251
T373/1,T306,16:45:13,6,-1,1,AA7367,0,1,70
T306,T314/2,16:45:13,6,-1,1,AA7301,0,1,40
T306,T314/2,16:46:24,6,-1,1,AA7367,0,1,40
M244,M219,16:46:44,6,-1,2,AA6835,0,1,70
T314/2,T408/6,16:47:55,6,-1,-1,AA7301,0,1,40
M219,T345/2,16:48:56,6,-1,-1,AA7480,4,1,720
T314/2,T408/6,16:49:07,6,-1,-1,AA7367,0,1,61
M1/18,M222/2,16:50:08,6,-1,-1,AA7242,0,1,81
T345/2,T344,16:50:28,6,-1,1,AA7480,0,1,70
T408/6,T343,16:50:28,6,-1,1,AA7301,0,1,102
T344,T356/2,16:51:09,6,-1,1,AA7480,0,1,30
T408/6,T343,16:51:09,6,-1,1,AA7367,0,1,91
M222/2,M244,16:51:29,6,-1,1,AA7242,0,1,10
M247,M1/18,16:51:49,6,-1,-1,AA6507,0,1,151
T356/2,T358,16:54:52,6,-1,1,AA7480,0,1,112
T358,T373/1,16:55:54,6,-1,1,AA7480,0,1,20
M244,M219,16:56:04,6,-1,2,AA7242,0,1,255
M239/1,M235/2,16:56:35,6,-1,1,AA7842,2,1,1219
M219,T316,16:57:15,6,-1,1,AA6835,3,1,519
T373/1,T306,16:57:15,6,-1,1,AA7480,0,1,70
M235/2,M247,16:57:57,6,-1,1,AA7388,0,1,164
T306,T314/2,16:58:37,6,-1,1,AA7480,0,1,50
M1/18,M222/2,16:59:08,6,-1,-1,AA7195,0,1,112
T316,T345/2,16:59:08,6,-1,-1,AA6835,0,1,102
T343,M239/1,16:59:18,6,-1,1,AA7301,0,1,479
M247,M1/18,16:59:38,6,-1,-1,AA7388,0,1,50
M235/2,M247,16:59:48,6,-1,1,AA7842,0,1,173
M222/2,M244,16:59:58,6,-1,1,AA7195,0,1,30
T343,M239/1,17:00:18,6,-1,1,AA7367,0,1,469
T345/2,T344,17:00:39,6,-1,1,AA6835,0,1,70
T314/2,T408/6,17:00:39,6,-1,-1,AA7480,0,1,70
T344,T356/2,17:01:29,6,-1,1,AA6835,0,1,30
M244,M219,17:03:00,6,-1,2,AA7195,0,1,111
M247,M1/18,17:03:00,6,-1,-1,AA7842,0,1,151
T356/2,T358,17:03:20,6,-1,1,AA6835,0,1,101
T408/6,T343,17:03:20,6,-1,1,AA7480,0,1,151
T358,T373/1,17:04:12,6,-1,1,AA6835,0,1,20
M235/2,M247,17:05:23,6,-1,1,AA7489,0,1,223
T373/1,T306,17:05:54,6,-1,1,AA6835,0,1,61
T306,T314/2,17:06:35,6,-1,1,AA6835,0,1,30
M1/18,M222/2,17:06:55,6,-1,-1,AA6507,0,1,30
M219,T316,17:08:36,6,-1,1,AA7242,3,1,648
T314/2,T408/6,17:08:56,6,-1,-1,AA6835,0,1,40
M222/2,M244,17:09:06,6,-1,1,AA6507,0,1,40
M247,M1/18,17:10:17,6,-1,-1,AA7489,0,1,252
T316,T345/2,17:10:57,6,-1,-1,AA7242,0,1,131
T408/6,T343,17:11:17,6,-1,1,AA6835,0,1,111
M244,M219,17:12:18,6,-1,2,AA6507,0,1,131
T345/2,T344,17:12:38,6,-1,1,AA7242,0,1,50
T344,T356/2,17:13:09,6,-1,1,AA7242,0,1,20
M219,T316,17:13:39,6,-1,1,AA7195,3,1,566
M1/18,M222/2,17:14:19,6,-1,-1,AA7388,0,1,80
T316,T345/2,17:15:43,6,-1,-1,AA7195,0,1,113
M222/2,M244,17:15:53,6,-1,1,AA7388,0,1,83
T345/2,T344,17:17:03,6,-1,1,AA7195,0,1,50
T356/2,T358,17:17:03,6,-1,1,AA7242,0,1,90
T344,T356/2,17:18:04,6,-1,1,AA7195,0,1,30
T358,T373/1,17:18:14,6,-1,1,AA7242,0,1,30
M244,M219,17:18:34,6,-1,2,AA7388,0,1,121
T356/2,T358,17:20:36,6,-1,1,AA7195,0,1,121
T373/1,T306,17:20:46,6,-1,1,AA7242,0,1,90
M1/18,M222/2,17:20:56,6,-1,-1,AA7842,0,1,993
M219,M50,17:21:06,6,-1,1,AA7388,0,1,40
T358,T373/1,17:21:36,6,-1,1,AA7195,0,1,30
M222/2,M244,17:22:07,6,-1,1,AA7842,0,1,60
T306,T314/2,17:22:17,6,-1,1,AA7242,0,1,40
T373/1,T306,17:22:37,6,-1,1,AA7195,0,1,50
M219,T316,17:22:47,6,-1,1,AA6507,3,1,578
T306,T314/2,17:23:38,6,-1,1,AA7195,0,1,30
M50,M254,17:24:18,6,-1,1,AA7388,1,1,161
M244,M219,17:24:38,6,-1,2,AA7842,0,1,60
T314/2,T408/6,17:24:38,6,-1,-1,AA7242,0,1,50
T314/2,T408/6,17:25:09,6,-1,-1,AA7195,0,1,30
T316,T345/2,17:25:49,6,-1,-1,AA6507,0,1,131
T345/2,T344,17:27:34,6,-1,1,AA6507,0,1,84
T408/6,T343,17:27:34,6,-1,1,AA7242,0,1,125
T344,T356/2,17:28:15,6,-1,1,AA6507,0,1,30
T408/6,T343,17:28:25,6,-1,1,AA7195,0,1,145
M1/18,M244,17:29:15,6,-1,1,AA7489,1,1,185
M244,M219,17:30:36,6,-1,2,AA7489,0,1,30
T356/2,T358,17:30:56,6,-1,1,AA6507,0,1,141
T358,T373/1,17:31:57,6,-1,1,AA6507,0,1,20
M219,M254,17:32:17,6,-1,1,AA7842,2,1,347
M219,M50,17:33:08,6,-1,1,AA7489,0,1,101
M254,T316,17:33:38,6,-1,1,AA7388,0,1,549
T373/1,T306,17:33:38,6,-1,1,AA6507,0,1,60
T306,T314/2,17:34:39,6,-1,1,AA6507,0,1,40
M235/2,M247,17:34:49,6,-1,1,AA7301,0,1,262
M235/2,M247,17:34:49,6,-1,1,AA7367,0,1,181
T316,T345/2,17:35:09,6,-1,-1,AA7388,0,1,80
T343,M239/1,17:36:10,6,-1,1,AA7242,0,1,464
T345/2,T344,17:36:33,6,-1,1,AA7388,0,1,63
T343,M239/1,17:36:33,6,-1,1,AA7195,0,1,437
T314/2,T408/6,17:36:53,6,-1,-1,AA6507,0,1,33
M247,M1/18,17:37:13,6,-1,-1,AA7301,0,1,114
T344,T356/2,17:37:23,6,-1,1,AA7388,0,1,30
M247,M1/18,17:37:34,6,-1,-1,AA7367,0,1,94
M239/1,M254,17:38:34,6,-1,1,AA7242,0,1,134
T408/6,T343,17:39:46,6,-1,1,AA6507,0,1,142
M235/2,M247,17:40:27,6,-1,1,AA7480,0,1,257
T356/2,T358,17:40:47,6,-1,1,AA7388,0,1,152
M235/2,M247,17:40:47,6,-1,1,AA6835,0,1,152
M239/1,M64,17:41:17,6,-1,2,AA7195,1,1,274
T358,T373/1,17:41:48,6,-1,1,AA7388,0,1,30
M254,T316,17:42:08,6,-1,1,AA7842,0,1,580
M247,M1/18,17:42:18,6,-1,-1,AA7480,0,1,101
M247,M1/18,17:43:09,6,-1,-1,AA6835,0,1,80
T316,T345/2,17:43:49,6,-1,-1,AA7842,0,1,90
M64,M235/2,17:43:49,6,-1,1,AA7195,0,1,70
T373/1,T306,17:44:09,6,-1,1,AA7388,0,1,90
T345/2,T344,17:45:32,6,-1,1,AA7842,0,1,52
T306,T314/2,17:45:32,6,-1,1,AA7388,0,1,52
T344,T356/2,17:46:23,6,-1,1,AA7842,0,1,40
M50,T316,17:46:34,6,-1,1,AA7489,2,1,775
M254,M64,17:46:44,6,-1,2,AA7242,12,1,459
T314/2,T408/6,17:47:35,6,-1,-1,AA7388,0,1,40
M235/2,M247,17:47:55,6,-1,1,AA7195,0,1,235
M1/18,M222/2,17:48:15,6,-1,-1,AA7301,0,1,162
T343,M239/1,17:48:15,6,-1,1,AA6507,0,1,448
T316,T345/2,17:48:25,6,-1,-1,AA7489,0,1,101
T356/2,T358,17:48:56,6,-1,1,AA7842,0,1,141
T345/2,T344,17:49:16,6,-1,1,AA7489,0,1,30
T358,T373/1,17:50:06,6,-1,1,AA7842,0,1,30
M1/18,M222/2,17:50:17,6,-1,-1,AA7367,0,1,80
T344,T356/2,17:50:17,6,-1,1,AA7489,0,1,30
M239/1,M254,17:50:17,6,-1,1,AA6507,0,1,111
M247,M1/18,17:50:17,6,-1,-1,AA7195,0,1,111
M222/2,M244,17:50:27,6,-1,1,AA7301,0,1,50
T408/6,T343,17:50:27,6,-1,1,AA7388,0,1,121
M64,M235/2,17:51:18,6,-1,1,AA7242,0,1,131
T373/1,T306,17:51:38,6,-1,1,AA7842,0,1,60
M222/2,M244,17:52:08,6,-1,1,AA7367,0,1,80
T356/2,T358,17:52:48,6,-1,1,AA7489,0,1,141
T306,T314/2,17:53:09,6,-1,1,AA7842,0,1,50
T358,T373/1,17:53:39,6,-1,1,AA7489,0,1,20
M244,M219,17:53:49,6,-1,2,AA7301,0,1,101
M244,M219,17:54:09,6,-1,2,AA7367,0,1,111
T373/1,T306,17:55:10,6,-1,1,AA7489,0,1,60
M235/2,M247,17:55:30,6,-1,1,AA7242,0,1,232
T306,T314/2,17:56:00,6,-1,1,AA7489,0,1,30
T314/2,T408/6,17:56:00,6,-1,-1,AA7842,0,1,50
M254,M64,17:56:21,6,-1,2,AA6507,12,1,333
M219,M50,17:56:34,6,-1,1,AA7301,0,1,54
M219,M50,17:57:09,6,-1,1,AA7367,0,1,48
M1/18,M222/2,17:57:19,6,-1,-1,AA7480,0,1,128
T314/2,T408/6,17:57:49,6,-1,-1,AA7489,0,1,30
M247,M1/18,17:58:29,6,-1,-1,AA7242,0,1,80
M222/2,M244,17:58:39,6,-1,1,AA7480,0,1,70
T343,M239/1,17:58:50,6,-1,1,AA7388,0,1,441
T408/6,T343,17:59:10,6,-1,1,AA7842,0,1,121
M64,M235/2,17:59:20,6,-1,1,AA6507,0,1,90
T408/6,T343,17:59:54,6,-1,1,AA7489,0,1,105
M50,M239/2,18:01:05,6,-1,1,AA7301,0,1,175
M239/1,M254,18:01:25,6,-1,1,AA7388,0,1,145
M50,M239/2,18:01:35,6,-1,1,AA7367,0,1,175
M235/2,M247,18:02:16,6,-1,1,AA6507,0,1,161
M244,M219,18:02:26,6,-1,2,AA7480,0,1,186
M239/2,M254,18:02:46,6,-1,1,AA7301,0,1,20
M239/2,M254,18:03:06,6,-1,1,AA7367,0,1,30
M247,M1/18,18:04:37,6,-1,-1,AA6507,0,1,121
M219,M50,18:05:08,6,-1,1,AA7480,0,1,141
M1/18,M222/2,18:07:59,6,-1,-1,AA6835,0,1,50
M254,M64,18:08:40,6,-1,2,AA7388,12,1,424
M50,M239/2,18:09:00,6,-1,1,AA7480,0,1,201
T343,M254,18:09:20,6,-1,1,AA7842,1,1,565
T343,M254,18:09:20,6,-1,1,AA7489,1,1,525
M222/2,M244,18:09:42,6,-1,1,AA6835,0,1,62
M239/2,M254,18:10:53,6,-1,1,AA7480,0,1,30
M244,M219,18:12:24,6,-1,2,AA6835,0,1,50
M1/18,M222/2,18:14:36,6,-1,-1,AA7242,0,1,70
M254,T316,18:14:36,6,-1,1,AA7301,0,1,689
M254,T316,18:14:36,6,-1,1,AA7367,0,1,679
M219,M50,18:14:46,6,-1,1,AA6835,0,1,40
T316,T345/2,18:16:37,6,-1,-1,AA7301,0,1,111
T316,T345/2,18:16:37,6,-1,-1,AA7367,0,1,111
M64,M1/18,18:16:47,6,-1,-1,AA7388,2,1,394
M222/2,M244,18:17:17,6,-1,1,AA7242,0,1,81
M254,M64,18:17:48,6,-1,2,AA7489,12,1,485
T345/2,T344,18:18:48,6,-1,1,AA7301,0,1,111
T345/2,T344,18:18:59,6,-1,1,AA7367,0,1,121
M50,M239/2,18:19:39,6,-1,1,AA6835,0,1,222
T344,T356/2,18:19:39,6,-1,1,AA7301,0,1,30
T344,T356/2,18:19:39,6,-1,1,AA7367,0,1,30
M244,M219,18:19:49,6,-1,2,AA7242,0,1,50
M64,M235/2,18:21:00,6,-1,1,AA7489,0,1,131
M1/18,M222/2,18:22:02,6,-1,-1,AA7195,0,1,82
M239/2,M254,18:22:02,6,-1,1,AA6835,0,1,30
M219,M50,18:22:22,6,-1,1,AA7242,0,1,72
T356/2,T358,18:23:04,6,-1,1,AA7301,0,1,195
T356/2,T358,18:23:14,6,-1,1,AA7367,0,1,185
M235/2,M247,18:23:55,6,-1,1,AA7489,0,1,165
M222/2,M244,18:24:15,6,-1,1,AA7195,0,1,123
T358,T373/1,18:24:15,6,-1,1,AA7301,0,1,30
T358,T373/1,18:24:15,6,-1,1,AA7367,0,1,30
M254,M1/18,18:24:36,6,-1,-1,AA7842,3,1,893
M254,T316,18:25:27,6,-1,1,AA7480,0,1,853
M244,M219,18:26:07,6,-1,2,AA7195,0,1,50
T373/1,T306,18:26:27,6,-1,1,AA7301,0,1,90
T373/1,T306,18:26:47,6,-1,1,AA7367,0,1,111
M50,M239/2,18:27:08,6,-1,1,AA7242,0,1,212
M247,M1/18,18:27:28,6,-1,-1,AA7489,0,1,101
T316,T345/2,18:27:48,6,-1,-1,AA7480,0,1,131
T306,T314/2,18:27:48,6,-1,1,AA7301,0,1,40
T306,T314/2,18:28:18,6,-1,1,AA7367,0,1,40
M219,M50,18:28:28,6,-1,1,AA7195,0,1,90
M239/2,M254,18:28:49,6,-1,1,AA7242,0,1,30
T345/2,T344,18:29:19,6,-1,1,AA7480,0,1,50
T344,T356/2,18:30:20,6,-1,1,AA7480,0,1,30
T314/2,T408/6,18:30:41,6,-1,-1,AA7367,0,1,51
T314/2,T408/6,18:31:01,6,-1,-1,AA7301,0,1,71
M1/18,M222/2,18:31:41,6,-1,-1,AA6507,0,1,30
M50,M239/2,18:32:43,6,-1,1,AA7195,0,1,173
T356/2,T358,18:32:53,6,-1,1,AA7480,0,1,82
M222/2,M244,18:33:54,6,-1,1,AA6507,0,1,71
T358,T373/1,18:34:05,6,-1,1,AA7480,0,1,20
T408/6,T343,18:34:05,6,-1,1,AA7301,0,1,143
M239/2,M254,18:34:35,6,-1,1,AA7195,0,1,40
T408/6,T343,18:34:45,6,-1,1,AA7367,0,1,214
T373/1,T306,18:35:56,6,-1,1,AA7480,0,1,91
M254,T316,18:36:27,6,-1,1,AA6835,0,1,844
M244,M219,18:36:47,6,-1,2,AA6507,0,1,81
T306,T314/2,18:36:57,6,-1,1,AA7480,0,1,40
T316,T345/2,18:38:48,6,-1,-1,AA6835,0,1,111
T314/2,T408/6,18:38:48,6,-1,-1,AA7480,0,1,20
M219,M50,18:38:58,6,-1,1,AA6507,0,1,30
M1/18,M222/2,18:39:39,6,-1,-1,AA7388,0,1,40
T345/2,T344,18:40:43,6,-1,1,AA6835,0,1,43
T408/6,T343,18:41:14,6,-1,1,AA7480,0,1,135
M222/2,M244,18:41:35,6,-1,1,AA7388,0,1,61
T344,T356/2,18:41:45,6,-1,1,AA6835,0,1,31
M50,M239/2,18:42:15,6,-1,1,AA6507,0,1,156
T343,M239/1,18:42:46,6,-1,1,AA7301,0,1,440
M254,T316,18:43:07,6,-1,1,AA7242,0,1,837
T343,M239/1,18:43:07,6,-1,1,AA7367,0,1,440
M239/2,M254,18:43:47,6,-1,1,AA6507,0,1,20
M244,M219,18:44:28,6,-1,2,AA7388,0,1,132
M239/1,M254,18:45:08,6,-1,1,AA7301,0,1,60
M239/1,M254,18:45:08,6,-1,1,AA7367,0,1,90
T356/2,T358,18:45:28,6,-1,1,AA6835,0,1,212
T316,T345/2,18:45:48,6,-1,-1,AA7242,0,1,121
T358,T373/1,18:46:29,6,-1,1,AA6835,0,1,30
M219,M50,18:47:09,6,-1,1,AA7388,0,1,101
T345/2,T344,18:47:50,6,-1,1,AA7242,0,1,60
T343,M239/1,18:48:32,6,-1,1,AA7480,0,1,376
M222/2,M244,18:48:42,6,-1,1,AA7842,0,1,42
M254,T316,18:48:52,6,-1,1,AA7195,0,1,836
T344,T356/2,18:48:52,6,-1,1,AA7242,0,1,20
T373/1,T306,18:49:13,6,-1,1,AA6835,0,1,133
T316,T345/2,18:50:25,6,-1,-1,AA7195,0,1,82
M244,M219,18:50:35,6,-1,2,AA7842,0,1,72
M50,M239/2,18:50:45,6,-1,1,AA7388,0,1,175
M239/1,M254,18:50:45,6,-1,1,AA7480,0,1,102
T306,T314/2,18:50:55,6,-1,1,AA6835,0,1,40
T356/2,T358,18:51:25,6,-1,1,AA7242,0,1,80
T345/2,T344,18:51:46,6,-1,1,AA7195,0,1,50
T358,T373/1,18:52:06,6,-1,1,AA7242,0,1,30
T344,T356/2,18:52:46,6,-1,1,AA7195,0,1,40
T314/2,T408/6,18:52:56,6,-1,-1,AA6835,0,1,91
M219,M50,18:53:07,6,-1,1,AA7842,0,1,40
M239/2,M254,18:53:07,6,-1,1,AA7388,0,1,20
T373/1,T306,18:53:57,6,-1,1,AA7242,0,1,80
T356/2,T358,18:55:08,6,-1,1,AA7195,0,1,90
T306,T314/2,18:55:18,6,-1,1,AA7242,0,1,40
M1/18,M222/2,18:55:48,6,-1,-1,AA7489,0,1,30
T358,T373/1,18:55:58,6,-1,1,AA7195,0,1,30
T408/6,T343,18:55:58,6,-1,1,AA6835,0,1,151
M50,M239/2,18:57:39,6,-1,1,AA7842,0,1,242
T314/2,T408/6,18:57:39,6,-1,-1,AA7242,0,1,40
M222/2,M244,18:57:50,6,-1,1,AA7489,0,1,111
T373/1,T306,18:58:20,6,-1,1,AA7195,0,1,111
T306,T314/2,18:59:24,6,-1,1,AA7195,0,1,40
T408/6,T343,18:59:24,6,-1,1,AA7242,0,1,64
M254,M64,18:59:24,6,-1,2,AA7301,12,1,836
M244,M219,19:00:05,6,-1,2,AA7489,0,1,90
M239/2,M254,19:00:05,6,-1,1,AA7842,0,1,40
M254,M64,19:00:05,6,-1,2,AA7367,12,1,876
M254,T316,19:01:15,6,-1,1,AA6507,0,1,1028
M219,M50,19:01:46,6,-1,1,AA7489,0,1,50
T314/2,T408/6,19:01:56,6,-1,-1,AA7195,0,1,40
T343,M239/1,19:03:27,6,-1,1,AA6835,0,1,397
M64,M235/2,19:03:27,6,-1,1,AA7301,0,1,141
M64,M235/2,19:03:37,6,-1,1,AA7367,0,1,90
T316,T345/2,19:03:57,6,-1,-1,AA6507,0,1,111
T408/6,T343,19:04:07,6,-1,1,AA7195,0,1,111
M254,M64,19:04:07,6,-1,2,AA7480,12,1,792
M64,M235/2,19:05:18,6,-1,1,AA7480,0,1,10
M239/1,M254,19:05:28,6,-1,1,AA6835,0,1,40
T345/2,T344,19:05:38,6,-1,1,AA6507,0,1,70
M235/2,M247,19:05:58,6,-1,1,AA7301,0,1,101
T344,T356/2,19:06:40,6,-1,1,AA6507,0,1,41
M50,M239/2,19:06:50,6,-1,1,AA7489,0,1,253
M235/2,M247,19:07:55,6,-1,1,AA7367,0,1,218
T343,M239/1,19:08:06,6,-1,1,AA7242,0,1,430
M239/2,M254,19:08:26,6,-1,1,AA7489,0,1,40
M247,M1/18,19:09:16,6,-1,-1,AA7301,0,1,101
M239/1,M254,19:09:37,6,-1,1,AA7242,0,1,30
M254,T316,19:09:47,6,-1,1,AA7388,0,1,979
M247,M1/18,19:10:17,6,-1,-1,AA7367,0,1,80
T343,M239/1,19:11:18,6,-1,1,AA7195,0,1,379
M235/2,M1/18,19:11:18,6,-1,-1,AA7480,1,1,349
T356/2,T358,19:11:28,6,-1,1,AA6507,0,1,277
T316,T345/2,19:12:18,6,-1,-1,AA7388,0,1,141
M239/1,M254,19:12:28,6,-1,1,AA7195,0,1,40
T358,T373/1,19:12:49,6,-1,1,AA6507,0,1,30
T345/2,T344,19:13:59,6,-1,1,AA7388,0,1,70
T344,T356/2,19:14:42,6,-1,1,AA7388,0,1,32
T373/1,T306,19:14:42,6,-1,1,AA6507,0,1,82
M1/18,M222/2,19:15:12,6,-1,-1,AA7367,0,1,72
T306,T314/2,19:16:13,6,-1,2,AA6507,0,1,50
M222/2,M244,19:17:15,6,-1,2,AA7367,0,1,82
T356/2,T358,19:17:15,6,-1,1,AA7388,0,1,122
M254,T316,19:17:25,6,-1,1,AA7842,0,1,1019
M254,M64,19:17:35,6,-1,2,AA6835,12,1,696
M1/18,M222/2,19:18:15,6,-1,-1,AA7301,0,1,70
T358,T373/1,19:18:15,6,-1,1,AA7388,0,1,20
M244,M219,19:18:36,6,-1,2,AA7367,0,1,40
T314/2,T408/6,19:18:56,6,-1,-1,AA6507,0,1,40
M222/2,M244,19:19:36,6,-1,2,AA7301,0,1,20
T316,T345/2,19:19:46,6,-1,2,AA7842,0,1,101
T373/1,T306,19:20:07,6,-1,1,AA7388,0,1,70
M219,M50,19:20:27,6,-1,1,AA7367,0,1,90
T345/2,T344,19:20:57,6,-1,1,AA7842,0,1,40
M64,M235/2,19:20:57,6,-1,1,AA6835,0,1,161
T306,T314/2,19:21:17,6,-1,2,AA7388,0,1,30
T344,T356/2,19:21:38,6,-1,1,AA7842,0,1,30
M244,M219,19:22:08,6,-1,2,AA7301,0,1,70
M254,M64,19:22:38,6,-1,2,AA7242,12,1,751
T408/6,T343,19:22:48,6,-1,1,AA6507,0,1,131
M50,M239/2,19:23:59,6,-1,3,AA7367,0,1,151
T314/2,T408/6,19:24:29,6,-1,-1,AA7388,0,1,50
M235/2,M247,19:24:49,6,-1,1,AA6835,0,1,191
M219,M50,19:25:00,6,-1,1,AA7301,0,1,111
T356/2,T358,19:25:00,6,-1,1,AA7842,0,1,181
M254,M64,19:25:10,6,-1,2,AA7195,12,1,751
M239/2,M254,19:25:30,6,-1,2,AA7367,0,1,20
M64,M235/2,19:25:30,6,-1,1,AA7242,0,1,101
T358,T373/1,19:25:40,6,-1,1,AA7842,0,1,30
M254,T316,19:26:34,6,-1,1,AA7489,0,1,1067
T408/6,T343,19:26:34,6,-1,1,AA7388,0,1,63
T373/1,T306,19:27:14,6,-1,1,AA7842,0,1,83
M247,M1/18,19:27:54,6,-1,-1,AA6835,0,1,80
M50,M239/2,19:28:45,6,-1,3,AA7301,0,1,174
T316,T345/2,19:28:45,6,-1,1,AA7489,0,1,80
T306,T314/2,19:28:45,6,-1,2,AA7842,0,1,50
M235/2,M247,19:28:55,6,-1,1,AA7242,0,1,174
M64,M247,19:29:05,6,-1,1,AA7195,1,1,184
T345/2,T344,19:29:56,6,-1,1,AA7489,0,1,40
M239/2,M254,19:30:26,6,-1,2,AA7301,0,1,20
T344,T356/2,19:30:36,6,-1,1,AA7489,0,1,20
T314/2,T408/6,19:30:36,6,-1,-1,AA7842,0,1,40
T343,M239/1,19:30:46,6,-1,3,AA6507,0,1,407
M1/18,M222/2,19:31:27,6,-1,-1,AA7480,0,1,407
M247,M1/18,19:31:27,6,-1,-1,AA7242,0,1,90
M247,M1/18,19:31:37,6,-1,-1,AA7195,0,1,90
M239/1,M254,19:32:07,6,-1,2,AA6507,0,1,30
T356/2,T358,19:33:08,6,-1,1,AA7489,0,1,81
T408/6,T343,19:33:08,6,-1,1,AA7842,0,1,101
M222/2,M244,19:33:58,6,-1,2,AA7480,0,1,60
T358,T373/1,19:33:58,6,-1,1,AA7489,0,1,30
T343,M239/1,19:34:19,6,-1,3,AA7388,0,1,384
T373/1,T306,19:35:19,6,-1,1,AA7489,0,1,60
M244,M219,19:35:50,6,-1,1,AA7480,0,1,30
M239/1,M254,19:36:10,6,-1,1,AA7388,0,1,40
T306,T314/2,19:36:30,6,-1,1,AA7489,0,1,30
M219,M50,19:37:42,6,-1,1,AA7480,0,1,41
T314/2,T408/6,19:38:22,6,-1,-1,AA7489,0,1,40
T408/6,T343,19:40:26,6,-1,1,AA7489,0,1,101
T343,M239/1,19:40:46,6,-1,3,AA7842,0,1,427
M50,M239/2,19:41:16,6,-1,2,AA7480,0,1,161
M254,T316,19:41:26,6,-1,2,AA7367,0,1,946
M239/1,M254,19:41:57,6,-1,2,AA7842,0,1,30
M1/18,M222/2,19:42:57,6,-1,-1,AA6835,0,1,181
M239/2,M254,19:42:57,6,-1,2,AA7480,0,1,10
T316,T345/2,19:43:28,6,-1,2,AA7367,0,1,111
M254,M64,19:44:38,6,-1,2,AA6507,12,1,720
M222/2,M244,19:44:48,6,-1,2,AA6835,0,1,30
T345/2,T344,19:45:09,6,-1,1,AA7367,0,1,50
T344,T356/2,19:45:49,6,-1,1,AA7367,0,1,30
M244,M219,19:46:29,6,-1,2,AA6835,0,1,60
M254,M64,19:46:29,6,-1,2,AA7388,12,1,609
M254,T316,19:47:00,6,-1,2,AA7301,0,1,973
M64,M235/2,19:47:34,6,-1,1,AA6507,0,1,94
M219,M50,19:48:54,6,-1,1,AA6835,0,1,134
T316,T345/2,19:49:04,6,-1,2,AA7301,0,1,114
T343,M239/1,19:49:04,6,-1,3,AA7489,0,1,468
T356/2,T358,19:49:15,6,-1,1,AA7367,0,1,50
M64,M235/2,19:49:25,6,-1,1,AA7388,0,1,134
M254,M64,19:49:45,6,-1,2,AA7842,12,1,458
T358,T373/1,19:50:05,6,-1,1,AA7367,0,1,20
M235/2,M247,19:50:35,6,-1,1,AA6507,0,1,161
M1/18,M222/2,19:50:56,6,-1,-1,AA7242,0,1,171
T345/2,T344,19:50:56,6,-1,1,AA7301,0,1,60
M239/1,M254,19:51:16,6,-1,2,AA7489,0,1,40
M64,M235/2,19:51:16,6,-1,1,AA7842,0,1,50
T373/1,T306,19:51:36,6,-1,1,AA7367,0,1,60
T344,T356/2,19:51:46,6,-1,1,AA7301,0,1,30
M50,M239/2,19:52:06,6,-1,2,AA6835,0,1,151
T306,T314/2,19:52:37,6,-1,1,AA7367,0,1,30
M222/2,M244,19:52:57,6,-1,2,AA7242,0,1,50
M235/2,M247,19:52:57,6,-1,1,AA7388,0,1,151
M247,M1/18,19:52:57,6,-1,-1,AA6507,0,1,90
M239/2,M254,19:53:17,6,-1,2,AA6835,0,1,20
M254,T316,19:53:58,6,-1,1,AA7480,0,1,609
T316,T345/2,19:55:18,6,-1,2,AA7480,0,1,30
T314/2,T408/6,19:55:18,6,-1,-1,AA7367,0,1,30
M235/2,M247,19:55:18,6,-1,1,AA7842,0,1,202
M247,M1/18,19:55:18,6,-1,-1,AA7388,0,1,80
M254,M64,19:55:39,6,-1,3,AA7489,12,1,252
T356/2,T358,19:56:49,6,-1,1,AA7301,0,1,282
M244,M219,19:57:20,6,-1,1,AA7242,0,1,141
T358,T373/1,19:57:41,6,-1,1,AA7301,0,1,20
T408/6,T343,19:57:51,6,-1,1,AA7367,0,1,132
M64,M235/2,19:58:31,6,-1,1,AA7489,0,1,162
M247,M1/18,19:59:02,6,-1,-1,AA7842,0,1,111
T373/1,T306,19:59:44,6,-1,1,AA7301,0,1,73
M219,M50,19:59:54,6,-1,1,AA7242,0,1,93
T306,T314/2,20:01:25,6,-1,1,AA7301,0,1,40
M1/18,M222/2,20:01:57,6,-1,-1,AA6507,0,1,102
M235/2,M247,20:02:17,6,-1,1,AA7489,0,1,205
M254,T316,20:02:48,6,-1,1,AA6835,0,1,550
M222/2,M244,20:03:18,6,-1,1,AA6507,0,1,30
T314/2,T408/6,20:03:48,6,-1,-1,AA7301,0,1,40
T316,T345/2,20:04:18,6,-1,2,AA6835,0,1,80
M247,M1/18,20:04:18,6,-1,-1,AA7489,0,1,90
M50,M239/2,20:04:49,6,-1,1,AA7242,0,1,191
T343,M239/1,20:04:59,6,-1,1,AA7367,0,1,387
T345/2,T314/2,20:05:49,6,-1,1,AA7480,5,1,314
T345/2,T344,20:05:59,6,-1,1,AA6835,0,1,50
M244,M219,20:06:20,6,-1,1,AA6507,0,1,111
M239/2,M254,20:06:20,6,-1,1,AA7242,0,1,20
T344,T356/2,20:06:52,6,-1,1,AA6835,0,1,31
T408/6,T343,20:07:02,6,-1,1,AA7301,0,1,183
M239/1,M254,20:07:02,6,-1,1,AA7367,0,1,30
M219,M50,20:08:54,6,-1,1,AA6507,0,1,62
T356/2,T358,20:10:05,6,-1,1,AA6835,0,1,173
T358,T373/1,20:11:16,6,-1,1,AA6835,0,1,30
M254,M64,20:12:37,6,-1,2,AA7367,12,1,314
T373/1,T306,20:12:57,6,-1,1,AA6835,0,1,70
M50,M239/2,20:13:17,6,-1,1,AA6507,0,1,151
T306,T314/2,20:14:18,6,-1,1,AA6835,0,1,40
M239/2,M254,20:14:28,6,-1,1,AA6507,0,1,10
M64,M235/2,20:15:08,6,-1,1,AA7367,0,1,50
T343,M239/1,20:16:09,6,-1,1,AA7301,0,1,424
T314/2,T408/6,20:16:59,6,-1,-1,AA6835,0,1,40
T343,M239/1,20:17:20,6,-1,1,AA7480,0,1,353
M254,T316,20:17:30,6,-1,1,AA7242,0,1,648
M1/18,M222/2,20:18:20,6,-1,-1,AA7195,0,1,60
M239/1,M254,20:18:34,6,-1,1,AA7301,0,1,23
M235/2,M247,20:18:44,6,-1,1,AA7367,0,1,175
T316,T345/2,20:19:24,6,-1,2,AA7242,0,1,94
T408/6,T343,20:19:24,6,-1,1,AA6835,0,1,114
M239/1,M254,20:19:35,6,-1,1,AA7480,0,1,20
M222/2,M244,20:20:25,6,-1,2,AA7195,0,1,80
M247,M1/18,20:20:45,6,-1,-1,AA7367,0,1,80
T345/2,T344,20:21:16,6,-1,1,AA7242,0,1,70
T344,T356/2,20:22:16,6,-1,1,AA7242,0,1,40
M244,M219,20:22:57,6,-1,2,AA7195,0,1,70
M254,T316,20:23:37,6,-1,1,AA6507,0,1,528
M254,M64,20:24:07,6,-1,2,AA7301,12,1,313
M219,M50,20:25:28,6,-1,1,AA7195,0,1,80
M254,M64,20:25:38,6,-1,2,AA7480,12,1,303
T316,T345/2,20:25:58,6,-1,2,AA6507,0,1,90
T356/2,T358,20:26:49,6,-1,1,AA7242,0,1,262
T343,M239/1,20:27:19,6,-1,1,AA6835,0,1,393
T345/2,T344,20:27:39,6,-1,1,AA6507,0,1,80
T358,T373/1,20:27:50,6,-1,1,AA7242,0,1,20
M64,M235/2,20:28:00,6,-1,1,AA7480,0,1,90
M64,M235/2,20:28:00,6,-1,1,AA7301,0,1,151
T344,T356/2,20:28:20,6,-1,1,AA6507,0,1,30
M50,M239/2,20:28:54,6,-1,1,AA7195,0,1,165
M239/1,M254,20:28:54,6,-1,1,AA6835,0,1,44
T373/1,T306,20:29:25,6,-1,1,AA7242,0,1,84
M235/2,M247,20:30:35,6,-1,1,AA7301,0,1,145
M235/2,M247,20:30:45,6,-1,1,AA7480,0,1,145
T356/2,T358,20:30:56,6,-1,1,AA6507,0,1,141
T306,T314/2,20:30:56,6,-1,1,AA7242,0,1,50
T358,T373/1,20:31:36,6,-1,1,AA6507,0,1,30
M247,M1/18,20:32:37,6,-1,-1,AA7301,0,1,90
T373/1,T306,20:32:47,6,-1,1,AA6507,0,1,60
T314/2,T408/6,20:33:27,6,-1,-1,AA7242,0,1,40
M247,M1/18,20:33:27,6,-1,-1,AA7480,0,1,80
T306,T314/2,20:34:28,6,-1,1,AA6507,0,1,40
M254,M64,20:34:48,6,-1,2,AA6835,12,1,343
M1/18,M222/2,20:36:09,6,-1,-1,AA7388,0,1,30
T408/6,T343,20:36:09,6,-1,1,AA7242,0,1,121
T314/2,T408/6,20:36:39,6,-1,-1,AA6507,0,1,40
M64,M235/2,20:37:10,6,-1,1,AA6835,0,1,80
M222/2,M244,20:38:21,6,-1,2,AA7388,0,1,30
T408/6,T343,20:38:51,6,-1,1,AA6507,0,1,101
M239/2,T316,20:39:11,6,-1,1,AA7195,1,1,576
M235/2,M247,20:39:21,6,-1,1,AA6835,0,1,111
T316,T345/2,20:40:34,6,-1,-1,AA7195,0,1,73
M244,M219,20:41:15,6,-1,2,AA7388,0,1,50
T345/2,T344,20:42:05,6,-1,1,AA7195,0,1,60
T344,T356/2,20:42:46,6,-1,1,AA7195,0,1,30
M247,M1/18,20:43:16,6,-1,-1,AA6835,0,1,222
M219,M50,20:43:56,6,-1,1,AA7388,0,1,80
T343,M239/1,20:43:56,6,-1,1,AA7242,0,1,416
T343,M239/1,20:45:57,6,-1,1,AA6507,0,1,383
M239/1,M254,20:45:57,6,-1,1,AA7242,0,1,40
T356/2,T358,20:46:18,6,-1,1,AA7195,0,1,80
T358,T373/1,20:47:18,6,-1,1,AA7195,0,1,30
M239/1,M254,20:47:18,6,-1,1,AA6507,0,1,50
M50,M239/2,20:48:19,6,-1,1,AA7388,0,1,161
T373/1,T306,20:49:09,6,-1,1,AA7195,0,1,80
M239/2,M254,20:49:40,6,-1,1,AA7388,0,1,20
T306,T314/2,20:50:20,6,-1,1,AA7195,0,1,30
M1/18,M222/2,20:50:41,6,-1,-1,AA7489,0,1,30
M254,M64,20:51:35,6,-1,2,AA7242,12,1,316
T314/2,T408/6,20:52:05,6,-1,-1,AA7195,0,1,30
M222/2,M244,20:52:25,6,-1,1,AA7489,0,1,50
M254,M64,20:52:35,6,-1,2,AA6507,12,1,306
M244,M219,20:54:16,6,-1,1,AA7489,0,1,50
T408/6,T343,20:54:37,6,-1,1,AA7195,0,1,131
M64,M235/2,20:55:17,6,-1,1,AA7242,0,1,101
M64,M235/2,20:55:27,6,-1,1,AA6507,0,1,101
M219,M50,20:56:28,6,-1,1,AA7489,0,1,70
M235/2,M247,20:58:49,6,-1,1,AA7242,0,1,181
M235/2,M247,20:58:49,6,-1,1,AA6507,0,1,171
M50,M239/2,20:59:40,6,-1,1,AA7489,0,1,151
M254,T316,20:59:40,6,-1,1,AA7388,0,1,579
M239/2,M254,21:00:52,6,-1,1,AA7489,0,1,20
T316,T345/2,21:01:13,6,-1,2,AA7388,0,1,82
T343,M239/1,21:01:23,6,-1,1,AA7195,0,1,365
M247,M1/18,21:01:33,6,-1,-1,AA7242,0,1,93
M1/18,M222/2,21:01:43,6,-1,-1,AA7367,0,1,82
M247,M1/18,21:01:43,6,-1,-1,AA6507,0,1,123
T345/2,T344,21:02:45,6,-1,1,AA7388,0,1,51
M239/1,M254,21:02:55,6,-1,1,AA7195,0,1,41
T344,T356/2,21:03:35,6,-1,1,AA7388,0,1,20
M222/2,M244,21:04:46,6,-1,1,AA7367,0,1,100
T356/2,T358,21:05:56,6,-1,1,AA7388,0,1,50
T358,T373/1,21:06:47,6,-1,1,AA7388,0,1,20
M244,M219,21:06:57,6,-1,1,AA7367,0,1,80
T373/1,T306,21:08:18,6,-1,1,AA7388,0,1,50
M254,M64,21:08:48,6,-1,2,AA7195,12,1,333
M219,M50,21:09:18,6,-1,1,AA7367,0,1,90
T306,T314/2,21:09:39,6,-1,1,AA7388,0,1,40
M254,T316,21:09:49,6,-1,1,AA7489,0,1,516
M1/18,M222/2,21:11:20,6,-1,-1,AA7480,0,1,90
T314/2,T408/6,21:11:20,6,-1,-1,AA7388,0,1,40
T316,T345/2,21:11:35,6,-1,2,AA7489,0,1,75
M64,M235/2,21:11:45,6,-1,1,AA7195,0,1,126
M50,M239/2,21:12:36,6,-1,1,AA7367,0,1,136
T345/2,T344,21:13:06,6,-1,1,AA7489,0,1,70
T408/6,T343,21:13:16,6,-1,1,AA7388,0,1,101
M239/2,M254,21:13:36,6,-1,1,AA7367,0,1,10
T344,T356/2,21:13:46,6,-1,1,AA7489,0,1,30
M222/2,M244,21:14:17,6,-1,1,AA7480,0,1,80
M235/2,M247,21:14:57,6,-1,1,AA7195,0,1,141
T356/2,T358,21:15:37,6,-1,1,AA7489,0,1,90
M244,M219,21:15:58,6,-1,2,AA7480,0,1,40
T358,T373/1,21:16:28,6,-1,1,AA7489,0,1,20
M247,M1/18,21:17:08,6,-1,-1,AA7195,0,1,101
T373/1,T306,21:17:59,6,-1,1,AA7489,0,1,60
M219,M50,21:18:39,6,-1,1,AA7480,0,1,60
T306,T314/2,21:18:59,6,-1,1,AA7489,0,1,30
T343,M239/1,21:19:50,6,-1,1,AA7388,0,1,363
T314/2,T408/6,21:20:10,6,-1,-1,AA7489,0,1,40
M239/1,M254,21:21:05,6,-1,1,AA7388,0,1,30
M50,M239/2,21:21:55,6,-1,1,AA7480,0,1,125
T408/6,T343,21:22:15,6,-1,1,AA7489,0,1,101
M254,T316,21:22:56,6,-1,1,AA7367,0,1,539
M239/2,M254,21:23:16,6,-1,1,AA7480,0,1,10
T316,T345/2,21:24:47,6,-1,2,AA7367,0,1,101
M1/18,M222/2,21:25:48,6,-1,-1,AA6835,0,1,80
T345/2,T344,21:26:28,6,-1,1,AA7367,0,1,60
M254,M64,21:27:08,6,-1,2,AA7388,12,1,353
M222/2,M244,21:27:29,6,-1,1,AA6835,0,1,30
T344,T356/2,21:27:29,6,-1,1,AA7367,0,1,30
M244,M219,21:29:10,6,-1,1,AA6835,0,1,40
T356/2,T358,21:29:20,6,-1,1,AA7367,0,1,90
T343,M239/1,21:29:20,6,-1,1,AA7489,0,1,394
T358,T373/1,21:30:10,6,-1,1,AA7367,0,1,20
M64,M235/2,21:30:10,6,-1,1,AA7388,0,1,171
M239/1,M254,21:30:34,6,-1,1,AA7489,0,1,43
M219,M50,21:31:24,6,-1,1,AA6835,0,1,40
T373/1,T306,21:31:24,6,-1,1,AA7367,0,1,63
M235/2,M247,21:32:05,6,-1,1,AA7388,0,1,90
M254,T316,21:32:25,6,-1,1,AA7480,0,1,508
T306,T314/2,21:32:35,6,-1,1,AA7367,0,1,40
T314/2,T408/6,21:34:06,6,-1,-1,AA7367,0,1,30
M50,M239/2,21:34:26,6,-1,1,AA6835,0,1,141
M247,M1/18,21:34:36,6,-1,-1,AA7388,0,1,90
M254,M64,21:35:07,6,-1,2,AA7489,12,1,262
M239/2,M254,21:35:47,6,-1,1,AA6835,0,1,30
T408/6,T343,21:35:57,6,-1,1,AA7367,0,1,90
M1/18,M222/2,21:37:08,6,-1,-1,AA7195,0,1,70
M64,M235/2,21:37:28,6,-1,1,AA7489,0,1,80
M222/2,M244,21:39:09,6,-1,2,AA7195,0,1,50
M235/2,M247,21:41:13,6,-1,1,AA7489,0,1,174
M244,M219,21:41:43,6,-1,2,AA7195,0,1,83
M219,M50,21:42:44,6,-1,1,AA7195,0,1,30
T343,M239/1,21:42:44,6,-1,1,AA7367,0,1,376
M247,M1/18,21:43:14,6,-1,-1,AA7489,0,1,90
M239/1,M254,21:44:05,6,-1,1,AA7367,0,1,30
M254,T316,21:44:35,6,-1,1,AA6835,0,1,517
M50,M239/2,21:45:46,6,-1,1,AA7195,0,1,141
T316,T345/2,21:46:26,6,-1,2,AA6835,0,1,101
M239/2,M254,21:47:27,6,-1,1,AA7195,0,1,40
T345/2,T344,21:48:07,6,-1,1,AA6835,0,1,70
M254,M64,21:48:37,6,-1,2,AA7367,12,1,252
M1/18,M222/2,21:49:08,6,-1,-1,AA6507,0,1,70
T344,T356/2,21:49:28,6,-1,1,AA6835,0,1,40
M222/2,M244,21:50:59,6,-1,2,AA6507,0,1,60
M64,M235/2,21:52:10,6,-1,1,AA7367,0,1,151
T356/2,T358,21:52:20,6,-1,1,AA6835,0,1,161
M244,M219,21:53:14,6,-1,2,AA6507,0,1,94
T358,T373/1,21:53:14,6,-1,1,AA6835,0,1,30
T373/1,T306,21:55:05,6,-1,1,AA6835,0,1,70
M219,M50,21:55:15,6,-1,1,AA6507,0,1,80
M235/2,M247,21:55:36,6,-1,1,AA7367,0,1,181
T306,T314/2,21:56:16,6,-1,1,AA6835,0,1,30
M254,T316,21:57:17,6,-1,1,AA7195,0,1,559
M247,M1/18,21:57:17,6,-1,-1,AA7367,0,1,90
T314/2,T408/6,21:58:07,6,-1,-1,AA6835,0,1,40
M50,M239/2,21:58:37,6,-1,1,AA6507,0,1,151
T316,T345/2,21:58:37,6,-1,2,AA7195,0,1,70
T345/2,T344,21:59:48,6,-1,1,AA7195,0,1,40
M1/18,M222/2,21:59:58,6,-1,-1,AA7388,0,1,80
M239/2,M254,22:00:08,6,-1,1,AA6507,0,1,10
T408/6,T343,22:00:49,6,-1,1,AA6835,0,1,141
T344,T356/2,22:00:59,6,-1,1,AA7195,0,1,40
M222/2,M244,22:02:10,6,-1,2,AA7388,0,1,30
T356/2,T358,22:02:41,6,-1,1,AA7195,0,1,61
T358,T373/1,22:03:32,6,-1,1,AA7195,0,1,21
M244,M219,22:04:53,6,-1,1,AA7388,0,1,153
T373/1,T306,22:05:13,6,-1,1,AA7195,0,1,60
T306,T314/2,22:05:54,6,-1,1,AA7195,0,1,30
T314/2,T408/6,22:07:47,6,-1,-1,AA7195,0,1,32
T343,M239/1,22:07:47,6,-1,1,AA6835,0,1,367
M219,M50,22:08:58,6,-1,1,AA7388,0,1,183
M239/1,M254,22:08:58,6,-1,1,AA6835,0,1,10
M254,T316,22:09:38,6,-1,1,AA6507,0,1,549
T408/6,T343,22:09:58,6,-1,1,AA7195,0,1,111
T316,T345/2,22:11:59,6,-1,1,AA6507,0,1,131
M50,M239/2,22:12:44,6,-1,1,AA7388,0,1,135
M1/18,M222/2,22:12:54,6,-1,-1,AA7489,0,1,94
M239/2,M254,22:13:55,6,-1,1,AA7388,0,1,10
M254,M64,22:13:55,6,-1,2,AA6835,12,1,276
T345/2,T344,22:14:05,6,-1,1,AA6507,0,1,90
T344,T356/2,22:14:55,6,-1,1,AA6507,0,1,30
M222/2,M244,22:16:26,6,-1,2,AA7489,0,1,80
T343,M239/1,22:16:57,6,-1,1,AA7195,0,1,398
M244,M219,22:18:07,6,-1,2,AA7489,0,1,10
M239/1,M254,22:18:07,6,-1,1,AA7195,0,1,40
M64,M235/2,22:18:38,6,-1,1,AA6835,0,1,212
T356/2,T358,22:18:48,6,-1,1,AA6507,0,1,80
T358,T373/1,22:19:48,6,-1,1,AA6507,0,1,40
M219,M50,22:20:19,6,-1,1,AA7489,0,1,70
M1/18,M222/2,22:20:49,6,-1,-1,AA7367,0,1,20
T373/1,T306,22:21:19,6,-1,1,AA6507,0,1,60
T306,T314/2,22:22:42,6,-1,1,AA6507,0,1,32
M222/2,M244,22:23:02,6,-1,3,AA7367,0,1,30
M254,T316,22:23:02,6,-1,2,AA7388,0,1,527
M254,M64,22:23:44,6,-1,2,AA7195,12,1,327
M235/2,M1/18,22:23:44,6,-1,-1,AA6835,1,1,266
M50,M239/2,22:24:15,6,-1,1,AA7489,0,1,145
T314/2,T408/6,22:24:45,6,-1,-1,AA6507,0,1,40
T316,T345/2,22:25:16,6,-1,2,AA7388,0,1,102
M244,M219,22:25:47,6,-1,2,AA7367,0,1,102
M239/2,M254,22:25:47,6,-1,1,AA7489,0,1,30
M64,M235/2,22:26:47,6,-1,1,AA7195,0,1,112
T345/2,T344,22:26:57,6,-1,1,AA7388,0,1,60
T408/6,T343,22:26:57,6,-1,1,AA6507,0,1,101
T344,T356/2,22:27:58,6,-1,1,AA7388,0,1,30
M219,M50,22:28:08,6,-1,1,AA7367,0,1,90
M235/2,M247,22:29:50,6,-1,1,AA7195,0,1,152
M50,M239/2,22:31:05,6,-1,1,AA7367,0,1,135
T356/2,T358,22:31:55,6,-1,1,AA7388,0,1,70
M247,M1/18,22:32:05,6,-1,-1,AA7195,0,1,90
M239/2,M254,22:32:25,6,-1,1,AA7367,0,1,20
T358,T373/1,22:33:06,6,-1,1,AA7388,0,1,20
T343,M239/1,22:34:06,6,-1,1,AA6507,0,1,378
M254,T316,22:34:57,6,-1,1,AA7489,0,1,540
T373/1,T306,22:34:57,6,-1,1,AA7388,0,1,60
M239/1,M254,22:35:17,6,-1,1,AA6507,0,1,30
T306,T314/2,22:36:08,6,-1,1,AA7388,0,1,40
T316,T345/2,22:36:18,6,-1,2,AA7489,0,1,70
T345/2,T344,22:37:28,6,-1,1,AA7489,0,1,40
T314/2,T408/6,22:37:28,6,-1,-1,AA7388,0,1,20
T344,T356/2,22:38:19,6,-1,1,AA7489,0,1,30
T408/6,T343,22:40:21,6,-1,-1,AA7388,0,1,152
M254,M64,22:40:21,6,-1,-1,AA6507,12,1,273
M1/18,M222/2,22:41:35,6,-1,-1,AA6835,0,1,62
M254,T316,22:41:35,6,-1,-1,AA7367,0,1,528
T356/2,T358,22:42:15,6,-1,-1,AA7489,0,1,225
M64,M235/2,22:42:35,6,-1,-1,AA6507,0,1,60
T358,T373/1,22:43:05,6,-1,-1,AA7489,0,1,30
M222/2,M244,22:43:16,6,-1,-1,AA6835,0,1,20
T316,T345/2,22:43:16,6,-1,-1,AA7367,0,1,80
T373/1,T306,22:44:26,6,-1,-1,AA7489,0,1,60
T345/2,T344,22:44:36,6,-1,-1,AA7367,0,1,50
M244,M219,22:44:57,6,-1,-1,AA6835,0,1,20
T344,T356/2,22:45:17,6,-1,1,AA7367,0,1,30
T306,T314/2,22:45:27,6,-1,1,AA7489,0,1,30
M235/2,M247,22:45:27,6,-1,1,AA6507,0,1,131
T343,M239/1,22:46:58,6,-1,1,AA7388,0,1,365
T314/2,T408/6,22:47:08,6,-1,-1,AA7489,0,1,40
M219,M50,22:47:18,6,-1,1,AA6835,0,1,50
T356/2,T358,22:47:38,6,-1,1,AA7367,0,1,70
M247,M1/18,22:47:38,6,-1,-1,AA6507,0,1,101
M239/1,M254,22:48:09,6,-1,1,AA7388,0,1,30
T358,T373/1,22:48:29,6,-1,1,AA7367,0,1,20
T408/6,T343,22:49:19,6,-1,1,AA7489,0,1,101
T373/1,T306,22:50:00,6,-1,1,AA7367,0,1,60
M1/18,M222/2,22:51:13,6,-1,-1,AA7195,0,1,62
T306,T314/2,22:51:13,6,-1,1,AA7367,0,1,30
T314/2,T408/6,22:52:44,6,-1,-1,AA7367,0,1,30
M222/2,M244,22:53:04,6,-1,2,AA7195,0,1,80
M254,M64,22:53:44,6,-1,2,AA7388,12,1,315
T408/6,T343,22:54:55,6,-1,1,AA7367,0,1,101
M244,M219,22:55:05,6,-1,2,AA7195,0,1,90
M64,M235/2,22:55:56,6,-1,1,AA7388,0,1,50
T343,M239/1,22:56:16,6,-1,1,AA7489,0,1,355
M219,M50,22:57:06,6,-1,1,AA7195,0,1,80
M239/1,M254,22:57:37,6,-1,1,AA7489,0,1,30
M235/2,M247,22:59:28,6,-1,1,AA7388,0,1,181
M50,M239/2,22:59:48,6,-1,1,AA7195,0,1,131
M50,T316,23:01:39,6,-1,1,AA6835,2,1,780
T343,M239/1,23:01:39,6,-1,1,AA7367,0,1,363
M247,M1/18,23:01:39,6,-1,-1,AA7388,0,1,70
M239/2,M254,23:01:59,6,-1,1,AA7195,0,1,50
M1/18,M222/2,23:02:10,6,-1,-1,AA6507,0,1,80
M254,M64,23:02:20,6,-1,2,AA7489,12,1,272
M239/1,M254,23:02:55,6,-1,1,AA7367,0,1,45
T316,T345/2,23:03:45,6,-1,1,AA6835,0,1,115
M222/2,M244,23:03:55,6,-1,2,AA6507,0,1,60
M64,M235/2,23:04:36,6,-1,1,AA7489,0,1,111
T345/2,T344,23:05:06,6,-1,1,AA6835,0,1,60
T344,T356/2,23:06:07,6,-1,1,AA6835,0,1,20
M244,M219,23:06:17,6,-1,2,AA6507,0,1,131
M235/2,M247,23:06:17,6,-1,1,AA7489,0,1,90
M254,M64,23:07:38,6,-1,2,AA7367,12,1,262
T356/2,T358,23:08:08,6,-1,1,AA6835,0,1,90
M247,M1/18,23:08:18,6,-1,-1,AA7489,0,1,80
M219,M50,23:08:49,6,-1,1,AA6507,0,1,101
T358,T373/1,23:09:19,6,-1,1,AA6835,0,1,30
M64,M235/2,23:09:19,6,-1,2,AA7367,0,1,50
M254,T316,23:10:35,6,-1,1,AA7195,0,1,505
T373/1,T306,23:10:55,6,-1,1,AA6835,0,1,65
M50,M239/2,23:11:25,6,-1,1,AA6507,0,1,126
M235/2,M247,23:11:25,6,-1,1,AA7367,0,1,85
T306,T314/2,23:12:16,6,-1,1,AA6835,0,1,40
T316,T345/2,23:12:26,6,-1,1,AA7195,0,1,101
M239/2,M254,23:12:56,6,-1,1,AA6507,0,1,20
M247,M1/18,23:13:17,6,-1,-1,AA7367,0,1,80
M1/18,M222/2,23:13:37,6,-1,-1,AA7388,0,1,50
T345/2,T344,23:13:47,6,-1,1,AA7195,0,1,50
T314/2,T408/6,23:14:07,6,-1,-1,AA6835,0,1,50
T344,T356/2,23:14:17,6,-1,1,AA7195,0,1,20
M222/2,M244,23:15:28,6,-1,2,AA7388,0,1,60
T356/2,T358,23:15:38,6,-1,1,AA7195,0,1,50
T408/6,T343,23:16:08,6,-1,1,AA6835,0,1,70
T358,T373/1,23:16:39,6,-1,1,AA7195,0,1,30
M244,M219,23:18:09,6,-1,2,AA7388,0,1,80
T373/1,T306,23:18:20,6,-1,1,AA7195,0,1,70
T306,T314/2,23:19:45,6,-1,1,AA7195,0,1,40
M219,M50,23:20:25,6,-1,1,AA7388,0,1,101
T314/2,T408/6,23:21:16,6,-1,-1,AA7195,0,1,40
M254,T316,23:22:36,6,-1,1,AA6507,0,1,559
T408/6,T343,23:23:07,6,-1,1,AA7195,0,1,80
T343,M239/1,23:23:07,6,-1,1,AA6835,0,1,367
M50,M239/2,23:23:27,6,-1,1,AA7388,0,1,151
M239/1,M254,23:24:17,6,-1,1,AA6835,0,1,30
M239/2,M254,23:24:58,6,-1,1,AA7388,0,1,20
T316,T345/2,23:24:58,6,-1,1,AA6507,0,1,111
T345/2,T344,23:26:19,6,-1,1,AA6507,0,1,60
T344,T356/2,23:27:29,6,-1,1,AA6507,0,1,20
M1/18,M222/2,23:28:10,6,-1,-1,AA7489,0,1,30
M254,M64,23:28:42,6,-1,2,AA6835,12,1,254
T356/2,T358,23:29:22,6,-1,1,AA6507,0,1,72
T343,M239/1,23:29:45,6,-1,1,AA7195,0,1,367
M239/1,M254,23:31:06,6,-1,1,AA7195,0,1,30
M64,M235/2,23:31:06,6,-1,1,AA6835,0,1,70
M222/2,M219,23:31:16,6,-1,1,AA7489,1,1,153
T358,T306,23:31:16,6,-1,1,AA6507,1,1,90
T306,T314/2,23:32:26,6,-1,1,AA6507,0,1,30
M235/2,M247,23:33:07,6,-1,1,AA6835,0,1,111
T314/2,T408/6,23:33:57,6,-1,-1,AA6507,0,1,30
M254,T316,23:34:07,6,-1,1,AA7388,0,1,529
M50,M239/2,23:34:38,6,-1,1,AA7489,0,1,111
M247,M1/18,23:34:58,6,-1,-1,AA6835,0,1,80
T408/6,T343,23:35:38,6,-1,1,AA6507,0,1,70
M239/2,M254,23:35:48,6,-1,1,AA7489,0,1,20
M254,M64,23:35:48,6,-1,2,AA7195,12,1,272
T316,T345/2,23:36:49,6,-1,2,AA7388,0,1,141
M64,M235/2,23:37:40,6,-1,1,AA7195,0,1,30
T345/2,T344,23:37:50,6,-1,1,AA7388,0,1,50
T344,T356/2,23:38:52,6,-1,1,AA7388,0,1,32
M235/2,M247,23:39:34,6,-1,1,AA7195,0,1,94
T356/2,T358,23:41:15,6,-1,1,AA7388,0,1,90
M247,M1/18,23:41:36,6,-1,-1,AA7195,0,1,81
T358,T373/1,23:42:17,6,-1,1,AA7388,0,1,30
T343,M239/1,23:42:37,6,-1,1,AA6507,0,1,367
M1/18,M222/2,23:43:07,6,-1,-1,AA7367,0,1,50
T373/1,T306,23:43:27,6,-1,1,AA7388,0,1,60
M239/1,M254,23:43:27,6,-1,1,AA6507,0,1,10
T306,T314/2,23:44:18,6,-1,1,AA7388,0,1,40
M222/2,M244,23:44:38,6,-1,1,AA7367,0,1,50
M254,T316,23:44:38,6,-1,1,AA7489,0,1,509
T314/2,T408/6,23:45:49,6,-1,-1,AA7388,0,1,30
T316,T345/2,23:46:19,6,-1,1,AA7489,0,1,91
M244,M219,23:46:39,6,-1,2,AA7367,0,1,50
T345/2,T344,23:47:33,6,-1,1,AA7489,0,1,53
T408/6,T343,23:47:33,6,-1,1,AA7388,0,1,73
T344,T356/2,23:48:24,6,-1,1,AA7489,0,1,20
M254,M64,23:48:24,6,-1,2,AA6507,12,1,276
M219,M50,23:48:44,6,-1,1,AA7367,0,1,93
T356/2,T358,23:49:54,6,-1,1,AA7489,0,1,70
T358,T373/1,23:50:45,6,-1,1,AA7489,0,1,30
M64,M235/2,23:50:55,6,-1,1,AA6507,0,1,101
M50,M239/2,23:51:15,6,-1,1,AA7367,0,1,121
T373/1,T306,23:51:46,6,-1,1,AA7489,0,1,50
M239/2,M254,23:52:26,6,-1,1,AA7367,0,1,20
M235/2,M247,23:52:36,6,-1,1,AA6507,0,1,90
T306,T314/2,23:52:46,6,-1,1,AA7489,0,1,30
T314/2,T408/6,23:53:47,6,-1,-1,AA7489,0,1,20
T343,M239/1,23:53:57,6,-1,1,AA7388,0,1,353
M247,M1/18,23:54:58,6,-1,-1,AA6507,0,1,80
M239/1,M254,23:55:18,6,-1,1,AA7388,0,1,30
T408/6,T343,23:55:38,6,-1,1,AA7489,0,1,90
M1/18,M222/2,23:59:04,6,-1,-1,AA7195,0,1,74
M254,M64,0:00:15,0,-1,2,AA7388,12,1,287
M222/2,M244,0:00:56,0,-1,1,AA7195,0,1,71
M254,T316,0:01:07,0,-1,1,AA7367,0,1,500
T343,M239/1,0:01:37,0,-1,1,AA7489,0,1,348
M64,M235/2,0:02:27,0,-1,1,AA7388,0,1,50
T316,T345/2,0:02:48,0,-1,-1,AA7367,0,1,90
M239/1,M254,0:02:58,0,-1,1,AA7489,0,1,40
M244,M219,0:03:08,0,-1,1,AA7195,0,1,50
M219,M50,0:03:48,0,-1,1,AA7195,0,1,10
T345/2,T344,0:04:18,0,-1,1,AA7367,0,1,40
M235/2,M247,0:04:29,0,-1,1,AA7388,0,1,90
T344,T356/2,0:05:29,0,-1,1,AA7367,0,1,30
M247,M1/18,0:06:10,0,-1,-1,AA7388,0,1,80
M50,M239/2,0:06:33,0,-1,1,AA7195,0,1,124
M239/2,M254,0:07:14,0,-1,1,AA7195,0,1,20
M254,M64,0:07:24,0,-1,2,AA7489,12,1,256
T356/2,T358,0:09:05,0,-1,1,AA7367,0,1,205
M64,M235/2,0:09:15,0,-1,1,AA7489,0,1,60
T358,T373/1,0:09:55,0,-1,1,AA7367,0,1,20
M1/18,M222/2,0:11:16,0,-1,-1,AA6507,0,1,50
M235/2,M247,0:11:26,0,-1,1,AA7489,0,1,111
T373/1,T306,0:11:36,0,-1,1,AA7367,0,1,60
T306,T314/2,0:12:27,0,-1,1,AA7367,0,1,40
M247,M1/18,0:12:57,0,-1,-1,AA7489,0,1,80
M222/2,M244,0:13:07,0,-1,1,AA6507,0,1,50
T314/2,T408/6,0:13:58,0,-1,-1,AA7367,0,1,50
M244,M219,0:14:58,0,-1,1,AA6507,0,1,40
M254,T316,0:15:29,0,-1,1,AA7195,0,1,484
T408/6,T343,0:15:59,0,-1,1,AA7367,0,1,90
M219,M50,0:17:00,0,-1,1,AA6507,0,1,101
T316,T345/2,0:17:00,0,-1,2,AA7195,0,1,70
T345/2,T344,0:18:08,0,-1,1,AA7195,0,1,34
T344,T356/2,0:18:59,0,-1,1,AA7195,0,1,20
M50,M239/2,0:19:39,0,-1,1,AA6507,0,1,125
M239/2,M254,0:21:02,0,-1,-1,AA6507,0,1,20
T356/2,T358,0:21:02,0,-1,-1,AA7195,0,1,72
T358,T373/1,0:21:54,0,-1,-1,AA7195,0,1,20
M1/18,M222/2,0:23:05,0,-1,-1,AA7388,0,1,30
T343,M239/1,0:23:15,0,-1,-1,AA7367,0,1,375
T373/1,T314/2,0:24:05,0,-1,-1,AA7195,1,1,90
M222/2,M244,0:24:46,0,-1,-1,AA7388,0,1,30
T314/2,T408/6,0:25:16,0,-1,-1,AA7195,0,1,30
M239/1,M254,0:25:47,0,-1,1,AA7367,0,1,30
M244,M219,0:26:27,0,-1,1,AA7388,0,1,50
M219,M50,0:26:57,0,-1,1,AA7388,0,1,10
T408/6,T343,0:27:17,0,-1,1,AA7195,0,1,90
M50,M239/2,0:29:19,0,-1,1,AA7388,0,1,121
M254,M64,0:30:29,0,-1,2,AA7367,12,1,272
M254,T345/2,0:32:20,0,-1,1,AA6507,1,1,658
T345/2,T344,0:33:14,0,-1,1,AA6507,0,1,40
T343,M239/1,0:33:55,0,-1,1,AA7195,0,1,357
T344,T356/2,0:34:05,0,-1,1,AA6507,0,1,30
M239/1,M254,0:34:46,0,-1,1,AA7195,0,1,20
M64,M247,0:35:06,0,-1,1,AA7367,1,1,205
T356/2,T358,0:35:26,0,-1,1,AA6507,0,1,60
T358,T373/1,0:36:17,0,-1,1,AA6507,0,1,20
M247,M1/18,0:37:07,0,-1,-1,AA7367,0,1,80
T373/1,T306,0:37:48,0,-1,1,AA6507,0,1,50
M1/18,M222/2,0:37:58,0,-1,-1,AA7489,0,1,30
T306,T314/2,0:38:38,0,-1,1,AA6507,0,1,30
M254,M64,0:39:39,0,-1,2,AA7195,12,1,273
M222/2,M244,0:39:49,0,-1,1,AA7489,0,1,80
M239/2,T316,0:39:49,0,-1,2,AA7388,1,1,590
T314/2,T408/6,0:39:59,0,-1,-1,AA6507,0,1,30
M244,M219,0:41:20,0,-1,1,AA7489,0,1,40
T316,T345/2,0:41:20,0,-1,-1,AA7388,0,1,80
T408/6,T343,0:41:50,0,-1,1,AA6507,0,1,80
M219,M50,0:42:11,0,-1,1,AA7489,0,1,40
T345/2,T344,0:42:21,0,-1,1,AA7388,0,1,40
M64,M235/2,0:42:33,0,-1,1,AA7195,0,1,123
T344,T356/2,0:43:03,0,-1,1,AA7388,0,1,30
M50,M239/2,0:44:44,0,-1,1,AA7489,0,1,131
M235/2,M247,0:44:54,0,-1,1,AA7195,0,1,111
T356/2,T358,0:45:05,0,-1,1,AA7388,0,1,101
M239/2,M254,0:45:55,0,-1,1,AA7489,0,1,20
T358,T373/1,0:46:15,0,-1,1,AA7388,0,1,30
M247,M1/18,0:46:46,0,-1,-1,AA7195,0,1,81
T373/1,T306,0:47:36,0,-1,1,AA7388,0,1,50
T306,T314/2,0:48:37,0,-1,1,AA7388,0,1,30
T343,M239/1,0:48:37,0,-1,1,AA6507,0,1,363
M239/1,M254,0:49:38,0,-1,1,AA6507,0,1,20
T314/2,T408/6,0:49:48,0,-1,-1,AA7388,0,1,20
T408/6,T343,0:51:19,0,-1,1,AA7388,0,2,70
M1/18,M222/2,0:52:39,0,-1,-1,AA7367,0,2,20
M254,M64,0:54:12,0,-1,2,AA6507,12,2,254
M222/2,M244,0:54:32,0,-1,2,AA7367,0,2,82
M254,T316,0:54:32,0,-1,1,AA7489,0,2,506
M64,M235/2,0:55:43,0,-1,1,AA6507,0,2,40
T316,T345/2,0:56:03,0,-1,-1,AA7489,0,2,80
M244,M219,0:56:23,0,-1,1,AA7367,0,2,40
T345/2,T344,0:57:04,0,-1,1,AA7489,0,2,40
T343,M239/1,0:57:34,0,-1,1,AA7388,0,2,345
T344,T356/2,0:57:44,0,-1,1,AA7489,0,2,20
M235/2,M247,0:58:14,0,-1,1,AA6507,0,2,131
M239/1,M254,0:58:25,0,-1,1,AA7388,0,2,20
M219,M50,0:58:35,0,-1,1,AA7367,0,2,90
T356/2,T358,0:59:15,0,-1,1,AA7489,0,2,70
T358,T373/1,0:59:45,0,-1,1,AA7489,0,2,20
M247,M1/18,1:00:16,0,-1,-1,AA6507,0,2,90
T373/1,T306,1:00:56,0,-1,1,AA7489,0,2,50
M50,M239/2,1:01:26,0,-1,1,AA7367,0,2,121
T306,T314/2,1:01:37,0,-1,1,AA7489,0,2,30
M239/2,M254,1:02:17,0,-1,1,AA7367,0,2,10
T314/2,T408/6,1:02:27,0,-1,-1,AA7489,0,2,20
M254,M64,1:02:47,0,-1,1,AA7388,12,2,242
T408/6,T343,1:04:08,0,-1,1,AA7489,0,2,80
M64,M235/2,1:04:18,0,-1,1,AA7388,0,2,30
M235/2,M247,1:06:20,0,-1,1,AA7388,0,2,111
M247,M1/18,1:07:33,0,-1,-1,AA7388,0,2,30
M1/18,M222/2,1:08:44,0,-1,-1,AA7195,0,2,70
M222/2,M244,1:09:35,0,-1,2,AA7195,0,2,20
T343,M239/1,1:10:36,0,-1,1,AA7489,0,2,357
M254,T316,1:10:56,0,-1,1,AA7367,0,2,499
M239/1,M254,1:11:17,0,-1,1,AA7489,0,2,30
M244,M219,1:11:37,0,-1,2,AA7195,0,2,50
M219,M50,1:12:17,0,-1,1,AA7195,0,2,20
T316,T345/2,1:12:17,0,-1,1,AA7367,0,2,70
T345/2,T344,1:13:08,0,-1,1,AA7367,0,2,30
T344,T356/2,1:14:18,0,-1,1,AA7367,0,2,30
M50,M239/2,1:15:39,0,-1,1,AA7195,0,2,131
T356/2,T358,1:15:59,0,-1,1,AA7367,0,2,90
M254,M64,1:15:59,0,-1,2,AA7489,12,2,272
M239/2,M254,1:16:34,0,-1,1,AA7195,0,2,14
T358,T373/1,1:16:54,0,-1,1,AA7367,0,2,20
T373/1,T314/2,1:18:45,0,-1,1,AA7367,1,2,80
M64,M1/18,1:19:56,0,-1,-1,AA7489,2,2,202
T314/2,T408/6,1:20:16,0,-1,-1,AA7367,0,2,30
M1/18,M222/2,1:21:57,0,-1,-1,AA6507,0,2,60
T408/6,T343,1:22:07,0,-1,1,AA7367,0,2,90
M222/2,M244,1:22:37,0,-1,1,AA6507,0,2,20
M244,M219,1:24:49,0,-1,1,AA6507,0,2,90
M254,T316,1:25:49,0,-1,1,AA7195,0,2,535
M219,M50,1:27:00,0,-1,1,AA6507,0,2,90
T316,T345/2,1:27:10,0,-1,1,AA7195,0,2,70
T345/2,T344,1:27:55,0,-1,1,AA7195,0,2,34
T344,T356/2,1:28:35,0,-1,1,AA7195,0,2,30
T343,M239/1,1:28:45,0,-1,1,AA7367,0,2,357
M239/1,M254,1:29:26,0,-1,1,AA7367,0,2,30
M50,M239/2,1:29:36,0,-1,1,AA6507,0,2,121
M239/2,M254,1:30:26,0,-1,1,AA6507,0,2,20
T356/2,T373/1,1:30:46,0,-1,1,AA7195,1,2,121
T373/1,T314/2,1:32:48,0,-1,1,AA7195,1,2,90
M254,M64,1:33:38,0,-1,2,AA7367,12,2,242
T314/2,T408/6,1:33:58,0,-1,-1,AA7195,0,2,30
T408/6,T343,1:35:49,0,-1,1,AA7195,0,2,80
M64,M247,1:38:14,0,-1,1,AA7367,1,2,256
M254,T316,1:39:25,0,-1,1,AA6507,0,2,528
M247,M1/18,1:39:55,0,-1,-1,AA7367,0,2,90
T316,T345/2,1:40:56,0,-1,-1,AA6507,0,2,80
T345/2,T344,1:42:07,0,-1,-1,AA6507,0,2,50
T343,M239/1,1:42:07,0,-1,-1,AA7195,0,2,346
T344,T356/2,1:42:47,0,-1,-1,AA6507,0,2,20
M239/1,M254,1:43:07,0,-1,-1,AA7195,0,2,20
T356/2,T358,1:44:48,0,-1,-1,AA6507,0,2,100
T358,T373/1,1:45:49,0,-1,1,AA6507,0,2,30
T373/1,T306,1:46:59,0,-1,1,AA6507,0,2,50
T306,T314/2,1:48:04,0,-1,1,AA6507,0,2,44
M254,M64,1:48:04,0,-1,2,AA7195,12,2,287
M64,M235/2,1:49:05,0,-1,1,AA7195,0,2,30
T314/2,T408/6,1:49:15,0,-1,-1,AA6507,0,2,20
M235/2,M247,1:50:26,0,-1,1,AA7195,0,2,70
T408/6,T343,1:51:26,0,-1,1,AA6507,0,2,100
M247,M1/18,1:52:17,0,-1,-1,AA7195,0,2,80
T343,M239/1,1:57:50,0,-1,1,AA6507,0,2,353
M239/1,M254,1:58:35,0,-1,1,AA6507,0,2,24
M254,M64,2:03:17,0,-1,2,AA6507,12,2,262
M64,M235/2,2:05:49,0,-1,1,AA6507,0,2,111
M235/2,M247,2:07:41,0,-1,1,AA6507,0,2,101
M247,M1/18,2:09:22,0,-1,-1,AA6507,0,2,80
