startStation,endStation,time,weekday,passengerFlow,trafficCondition,busPlate,passbyNum,weather,arrivalDuration
0,1,20:50:33,3,-1,2,AA2751,0,2,113
1,2,20:54:17,3,-1,2,AA2751,0,2,131
2,3,20:55:47,3,-1,1,AA2751,0,2,20
3,4,20:59:40,3,-1,1,AA2751,0,2,141
4,5,21:01:54,3,-1,1,AA2751,0,2,60
5,6,21:03:05,3,-1,1,AA2751,0,2,20
6,7,21:05:58,3,-1,1,AA2751,0,2,90
7,8,21:08:29,3,-1,1,AA2751,0,2,80
8,9,21:12:16,3,-1,1,AA2751,0,2,80
9,10,21:13:26,3,-1,-1,AA2751,0,2,30
10,11,21:14:37,3,-1,-1,AA2751,0,2,10
11,12,21:18:50,3,-1,-1,AA2751,0,2,192
12,13,21:20:44,3,-1,-1,AA2751,0,2,72
0,1,22:31:08,3,-1,1,AA2751,0,2,161
1,2,22:34:36,3,-1,1,AA2751,0,2,143
2,3,22:36:07,3,-1,1,AA2751,0,4,20
3,4,22:39:09,3,-1,1,AA2751,0,4,121
4,5,22:41:32,3,-1,1,AA2751,0,4,42
5,6,22:42:43,3,-1,1,AA2751,0,4,30
6,7,22:45:14,3,-1,1,AA2751,0,2,80
7,8,22:47:26,3,-1,1,AA2751,0,2,70
8,9,22:48:57,3,-1,1,AA2751,0,2,40
9,10,22:50:17,3,-1,-1,AA2751,0,2,30
10,11,22:51:38,3,-1,-1,AA2751,0,2,10
11,12,22:52:59,3,-1,-1,AA2751,0,2,30
12,13,22:54:20,3,-1,-1,AA2751,0,2,20
0,1,14:55:29,3,-1,1,AA3137,0,2,263
1,2,14:58:14,3,-1,2,AA3137,0,2,84
2,3,15:00:56,3,-1,-1,AA3137,0,2,90
3,4,15:03:58,3,-1,-1,AA3137,0,2,171
4,5,15:05:39,3,-1,1,AA3137,0,2,71
5,6,15:07:03,3,-1,2,AA3137,0,2,30
6,7,15:11:15,3,-1,2,AA3137,0,2,141
7,12,15:21:14,3,-1,-1,AA3137,4,2,527
12,13,15:21:54,3,-1,-1,AA3137,0,2,10
1,2,16:30:08,3,-1,2,AA3137,0,2,400
2,3,16:33:35,3,-1,1,AA3137,0,2,115
3,4,16:36:48,3,-1,1,AA3137,0,2,183
4,6,16:40:15,3,-1,2,AA3137,1,2,116
6,7,16:42:57,3,-1,1,AA3137,0,2,142
12,13,17:00:50,3,-1,-1,AA3137,0,2,30
0,1,18:00:38,3,-1,1,AA3137,0,2,182
1,2,18:04:35,3,-1,1,AA3137,0,2,165
2,3,18:09:00,3,-1,1,AA3137,0,2,173
3,4,18:10:44,3,-1,1,AA3137,0,2,31
4,5,18:12:56,3,-1,1,AA3137,0,2,111
5,6,18:15:07,3,-1,2,AA3137,0,2,101
6,7,18:18:10,3,-1,2,AA3137,0,2,81
7,8,18:21:06,3,-1,2,AA3137,0,2,121
12,13,18:50:09,3,-1,-1,AA3137,0,2,40
0,1,20:42:26,3,-1,1,AA3137,0,2,132
1,2,20:45:18,3,-1,2,AA3137,0,2,161
2,3,20:46:59,3,-1,1,AA3137,0,2,20
3,4,20:49:43,3,-1,1,AA3137,0,2,103
4,5,20:51:55,3,-1,1,AA3137,0,2,61
5,6,20:52:56,3,-1,1,AA3137,0,2,20
6,7,20:55:47,3,-1,1,AA3137,0,2,121
7,8,20:58:09,3,-1,1,AA3137,0,2,60
8,9,20:59:40,3,-1,1,AA3137,0,2,40
9,10,21:00:43,3,-1,-1,AA3137,0,2,22
10,11,21:01:54,3,-1,-1,AA3137,0,2,20
11,12,21:03:15,3,-1,-1,AA3137,0,2,30
12,13,21:04:17,3,-1,-1,AA3137,0,2,20
0,1,21:43:04,3,-1,-1,AA3137,0,2,161
1,2,21:46:16,3,-1,2,AA3137,0,2,141
2,3,21:48:38,3,-1,1,AA3137,0,2,70
3,4,21:50:39,3,-1,1,AA3137,0,2,40
4,5,21:51:40,3,-1,1,AA3137,0,2,20
5,6,21:53:21,3,-1,1,AA3137,0,2,20
6,7,21:55:14,3,-1,1,AA3137,0,2,61
7,8,21:57:27,3,-1,1,AA3137,0,2,71
8,9,21:58:48,3,-1,1,AA3137,0,2,40
9,10,21:59:58,3,-1,-1,AA3137,0,2,20
11,12,22:03:35,3,-1,-1,AA3137,0,2,95
12,13,22:04:15,3,-1,-1,AA3137,0,2,10
0,1,22:47:06,3,-1,2,AA3137,0,2,80
1,2,22:50:38,3,-1,2,AA3137,0,2,141
2,3,22:52:59,3,-1,1,AA3137,0,2,70
3,4,22:55:15,3,-1,1,AA3137,0,2,55
4,5,22:56:16,3,-1,1,AA3137,0,2,30
5,6,22:57:26,3,-1,1,AA3137,0,2,30
6,7,22:58:47,3,-1,1,AA3137,0,2,40
7,8,23:01:09,3,-1,1,AA3137,0,2,111
8,9,23:02:50,3,-1,1,AA3137,0,2,50
9,10,23:03:44,3,-1,-1,AA3137,0,2,23
11,12,23:06:05,3,-1,-1,AA3137,0,2,20
12,13,23:08:26,3,-1,-1,AA3137,0,2,20
0,1,23:41:06,3,-1,1,AA3137,0,2,40
1,2,23:44:08,3,-1,1,AA3137,0,2,171
2,3,23:45:59,3,-1,1,AA3137,0,2,70
3,4,23:48:00,3,-1,1,AA3137,0,2,20
4,5,23:49:44,3,-1,1,AA3137,0,2,20
5,6,23:50:24,3,-1,1,AA3137,0,2,20
6,7,23:51:45,3,-1,1,AA3137,0,2,40
7,8,23:53:26,3,-1,2,AA3137,0,2,70
8,9,23:54:58,3,-1,1,AA3137,0,2,41
9,10,23:55:59,3,-1,-1,AA3137,0,2,50
10,11,23:57:19,3,-1,-1,AA3137,0,2,10
11,12,23:58:20,3,-1,-1,AA3137,0,2,40
12,13,23:59:54,3,-1,-1,AA3137,0,2,60
0,1,12:39:19,3,-1,1,AA7020,0,2,448
1,2,12:42:34,3,-1,1,AA7020,0,2,121
2,3,12:46:27,3,-1,1,AA7020,0,2,141
3,4,12:48:38,3,-1,1,AA7020,0,2,70
4,5,12:52:14,3,-1,1,AA7020,0,2,63
5,6,12:53:35,3,-1,1,AA7020,0,2,30
6,7,12:56:37,3,-1,1,AA7020,0,2,101
12,13,13:11:14,3,-1,-1,AA7020,0,2,72
1,2,10:36:38,3,-1,2,AA7029,0,2,161
2,3,10:39:20,3,-1,1,AA7029,0,2,91
3,4,10:43:04,3,-1,2,AA7029,0,2,122
4,5,10:45:36,3,-1,2,AA7029,0,2,40
5,6,10:47:37,3,-1,2,AA7029,0,2,30
6,7,10:51:19,3,-1,1,AA7029,0,2,161
7,12,11:01:19,3,-1,-1,AA7029,4,2,569
12,13,11:01:59,3,-1,-1,AA7029,0,2,10
1,2,12:04:47,3,-1,1,AA7029,0,2,174
2,3,12:07:09,3,-1,1,AA7029,0,2,81
3,4,12:10:23,3,-1,1,AA7029,0,2,113
4,5,12:12:45,3,-1,1,AA7029,0,2,60
5,6,12:14:06,3,-1,1,AA7029,0,2,30
6,7,12:16:48,3,-1,1,AA7029,0,2,90
0,1,15:29:09,3,-1,1,AA7604,0,2,101
1,2,15:32:55,3,-1,2,AA7604,0,2,175
2,3,15:35:38,3,-1,1,AA7604,0,2,101
3,4,15:37:19,3,-1,2,AA7604,0,2,40
4,5,15:39:15,3,-1,1,AA7604,0,2,20
5,6,15:42:37,3,-1,1,AA7604,0,2,171
6,7,15:45:08,3,-1,2,AA7604,0,2,101
7,12,15:56:18,3,-1,-1,AA7604,4,2,609
12,13,15:57:49,3,-1,-1,AA7604,0,2,80
0,2,17:07:49,3,-1,2,AA7604,1,2,419
2,3,17:10:55,3,-1,1,AA7604,0,2,81
3,4,17:15:03,3,-1,1,AA7604,0,2,106
4,5,17:17:05,3,-1,1,AA7604,0,2,60
5,6,17:18:06,3,-1,1,AA7604,0,2,20
6,7,17:21:49,3,-1,2,AA7604,0,2,162
12,13,17:50:18,3,-1,-1,AA7604,0,2,20
0,1,21:03:05,3,-1,1,AA7604,0,2,121
1,3,21:08:19,3,-1,1,AA7604,1,2,242
3,4,21:10:45,3,-1,1,AA7604,0,2,105
4,5,21:11:55,3,-1,1,AA7604,0,2,30
5,6,21:12:56,3,-1,1,AA7604,0,2,20
6,7,21:14:47,3,-1,1,AA7604,0,2,50
7,8,21:16:28,3,-1,2,AA7604,0,2,90
8,10,21:19:32,3,-1,-1,AA7604,1,2,123
10,11,21:20:34,3,-1,-1,AA7604,0,2,11
11,12,21:22:15,3,-1,-1,AA7604,0,2,60
12,13,21:23:36,3,-1,-1,AA7604,0,2,30
1,2,22:55:05,3,-1,1,AA7604,0,2,358
2,3,22:57:06,3,-1,1,AA7604,0,2,111
3,4,23:00:08,3,-1,1,AA7604,0,2,121
4,5,23:00:58,3,-1,1,AA7604,0,2,10
5,6,23:01:49,3,-1,1,AA7604,0,2,20
6,7,23:03:34,3,-1,1,AA7604,0,2,54
7,8,23:05:35,3,-1,2,AA7604,0,2,80
8,9,23:07:06,3,-1,1,AA7604,0,2,50
9,10,23:07:56,3,-1,-1,AA7604,0,2,20
10,11,23:09:07,3,-1,-1,AA7604,0,2,10
11,12,23:10:58,3,-1,-1,AA7604,0,2,50
0,1,6:01:27,3,-1,1,MU9578,0,2,80
1,2,6:05:40,3,0,1,MU9578,0,2,171
2,3,6:07:42,3,0,1,MU9578,0,2,40
3,4,6:09:44,3,1,1,MU9578,0,2,71
4,5,6:10:55,3,1,1,MU9578,0,2,10
5,6,6:11:47,3,1,1,MU9578,0,2,21
6,7,6:13:38,3,2,1,MU9578,0,2,60
7,12,6:21:26,3,1,-1,MU9578,4,2,427
12,13,6:22:06,3,1,-1,MU9578,0,2,10
0,1,6:58:20,3,2,1,MU9578,0,2,60
1,2,7:01:26,3,2,1,MU9578,0,2,151
2,3,7:03:37,3,1,1,MU9578,0,2,60
3,4,7:05:48,3,1,2,MU9578,0,2,90
4,5,7:06:59,3,2,1,MU9578,0,2,20
5,6,7:08:52,3,2,1,MU9578,0,2,31
6,7,7:10:23,3,2,1,MU9578,0,2,40
7,12,7:17:59,3,3,-1,MU9578,4,2,404
12,13,7:18:44,3,3,-1,MU9578,0,2,24
0,1,8:16:36,3,3,2,MU9578,0,2,206
1,2,8:22:14,3,5,2,MU9578,0,2,246
2,3,8:26:27,3,5,1,MU9578,0,2,121
3,4,8:30:20,3,5,2,MU9578,0,2,141
4,5,8:33:57,3,5,2,MU9578,0,2,60
5,6,8:36:18,3,5,1,MU9578,0,2,50
6,7,8:39:13,3,5,1,MU9578,0,2,83
12,13,8:52:58,3,5,-1,MU9578,0,2,10
0,1,9:43:16,3,3,-1,MU9578,0,2,147
1,2,9:47:29,3,3,3,MU9578,0,2,202
2,3,9:49:54,3,3,1,MU9578,0,2,54
3,4,9:54:37,3,3,2,MU9578,0,2,101
4,5,9:57:19,3,4,2,MU9578,0,2,90
5,6,9:58:50,3,4,2,MU9578,0,2,50
6,7,10:01:45,3,4,1,MU9578,0,2,111
12,13,10:15:59,3,4,-1,MU9578,0,2,20
1,2,11:48:37,3,2,1,MU9578,0,2,172
2,3,11:49:48,3,3,1,MU9578,0,2,20
3,4,11:53:25,3,3,1,MU9578,0,2,115
4,5,11:55:16,3,3,1,MU9578,0,2,80
5,6,11:56:57,3,3,1,MU9578,0,2,60
6,7,12:01:32,3,3,2,MU9578,0,2,173
12,13,12:15:27,3,3,-1,MU9578,0,2,40
2,3,13:17:38,3,0,1,MU9578,0,2,20
3,4,13:20:34,3,1,-1,MU9578,0,2,54
4,5,13:23:16,3,1,-1,MU9578,0,2,51
5,6,13:24:37,3,1,-1,MU9578,0,2,40
6,7,13:27:50,3,1,1,MU9578,0,2,162
7,12,13:35:58,3,2,-1,MU9578,4,2,414
12,13,13:37:09,3,2,-1,MU9578,0,2,30
0,1,14:39:10,3,1,2,MU9578,0,2,141
1,2,14:42:36,3,2,2,MU9578,0,2,161
2,3,14:45:38,3,2,1,MU9578,0,2,111
3,4,14:48:00,3,2,1,MU9578,0,2,70
4,5,14:50:25,3,2,1,MU9578,0,2,111
5,6,14:51:46,3,2,2,MU9578,0,2,30
6,7,14:55:08,3,3,1,MU9578,0,2,141
12,13,15:09:14,3,2,-1,MU9578,0,2,20
1,2,16:14:18,3,1,2,MU9578,0,2,182
2,3,16:18:23,3,1,1,MU9578,0,2,194
3,4,16:21:26,3,2,1,MU9578,0,2,51
4,5,16:23:48,3,2,1,MU9578,0,2,20
5,6,16:25:29,3,2,2,MU9578,0,2,60
6,7,16:27:43,3,2,2,MU9578,0,2,72
1,2,20:41:15,3,2,1,MU9578,0,2,165
2,3,20:44:17,3,3,1,MU9578,0,2,121
3,4,20:46:28,3,3,1,MU9578,0,2,60
4,5,20:48:50,3,3,1,MU9578,0,2,90
5,6,20:50:03,3,3,1,MU9578,0,2,30
6,7,20:52:36,3,3,1,MU9578,0,2,142
7,8,20:55:47,3,3,1,MU9578,0,2,100
8,9,20:57:49,3,3,1,MU9578,0,2,60
9,10,20:59:20,3,3,-1,MU9578,0,2,40
11,12,21:01:24,3,3,-1,MU9578,0,2,30
12,13,21:02:14,3,3,-1,MU9578,0,2,20
0,1,6:15:09,3,-1,1,MW2420,0,2,141
1,2,6:18:34,3,-1,1,MW2420,0,2,144
2,3,6:20:56,3,-1,1,MW2420,0,2,90
3,4,6:24:08,3,-1,1,MW2420,0,2,121
4,5,6:25:08,3,-1,1,MW2420,0,2,10
5,6,6:26:09,3,-1,1,MW2420,0,2,20
6,7,6:28:20,3,-1,1,MW2420,0,2,80
7,12,6:35:19,3,-1,-1,MW2420,4,2,374
12,13,6:35:59,3,-1,-1,MW2420,0,2,10
0,1,7:15:58,3,-1,1,MW2420,0,2,121
1,2,7:19:55,3,-1,1,MW2420,0,2,185
2,3,7:22:57,3,-1,1,MW2420,0,2,80
3,4,7:25:28,3,-1,1,MW2420,0,2,60
4,5,7:27:50,3,-1,1,MW2420,0,2,60
5,6,7:29:03,3,-1,1,MW2420,0,2,42
6,7,7:30:56,3,-1,1,MW2420,0,2,50
7,12,7:38:44,3,-1,-1,MW2420,4,2,397
12,13,7:39:35,3,-1,-1,MW2420,0,2,10
0,1,10:36:07,3,-1,2,MW2420,0,2,111
1,2,10:40:01,3,-1,2,MW2420,0,2,183
2,3,10:43:04,3,-1,1,MW2420,0,2,122
3,4,10:46:16,3,-1,1,MW2420,0,2,90
4,5,10:48:48,3,-1,2,MW2420,0,2,40
5,6,10:50:59,3,-1,1,MW2420,0,2,40
6,7,10:54:45,3,-1,1,MW2420,0,2,155
12,13,11:10:09,3,-1,-1,MW2420,0,2,10
0,1,13:28:54,3,-1,1,MW2420,0,2,155
1,2,13:32:16,3,-1,1,MW2420,0,2,141
2,3,13:34:48,3,-1,1,MW2420,0,2,60
3,4,13:38:32,3,-1,1,MW2420,0,2,143
4,5,13:40:33,3,-1,1,MW2420,0,2,30
5,6,13:41:44,3,-1,1,MW2420,0,2,30
6,7,13:44:16,3,-1,1,MW2420,0,2,101
7,12,13:52:11,3,-1,-1,MW2420,4,2,373
12,13,13:53:14,3,-1,-1,MW2420,0,2,10
0,1,15:25:47,3,-1,1,MW2420,0,2,101
1,2,15:29:50,3,-1,2,MW2420,0,2,202
2,3,15:31:34,3,-1,1,MW2420,0,2,43
3,4,15:35:08,3,-1,2,MW2420,0,2,91
4,5,15:37:40,3,-1,1,MW2420,0,2,30
5,6,15:39:04,3,-1,1,MW2420,0,2,44
6,7,15:43:07,3,-1,1,MW2420,0,2,141
7,12,15:54:58,3,-1,-1,MW2420,4,2,619
12,13,15:55:48,3,-1,-1,MW2420,0,2,20
0,1,16:54:46,3,-1,2,MW2420,0,2,152
1,2,16:58:59,3,-1,2,MW2420,0,2,181
2,3,17:02:55,3,-1,1,MW2420,0,2,144
3,4,17:07:29,3,-1,1,MW2420,0,2,151
4,5,17:09:54,3,-1,1,MW2420,0,2,43
5,6,17:11:25,3,-1,1,MW2420,0,2,40
6,7,17:16:44,3,-1,1,MW2420,0,2,258
12,13,17:49:57,3,-1,-1,MW2420,0,2,20
0,1,19:06:20,3,-1,1,MW2420,0,2,182
1,2,19:10:06,3,-1,2,MW2420,0,2,153
2,3,19:12:38,3,-1,1,MW2420,0,2,90
3,4,19:14:59,3,-1,1,MW2420,0,2,50
4,5,19:17:04,3,-1,1,MW2420,0,2,30
5,6,19:18:45,3,-1,1,MW2420,0,2,50
6,7,19:22:38,3,-1,1,MW2420,0,2,171
7,8,19:25:19,3,-1,1,MW2420,0,2,80
8,9,19:28:56,3,-1,1,MW2420,0,2,132
9,10,19:30:07,3,-1,-1,MW2420,0,2,30
10,11,19:30:57,3,-1,-1,MW2420,0,2,10
11,12,19:32:08,3,-1,-1,MW2420,0,2,20
12,13,19:32:59,3,-1,-1,MW2420,0,2,10
0,1,21:00:10,3,-1,1,MW2420,0,2,101
1,2,21:03:46,3,-1,1,MW2420,0,2,173
2,3,21:06:08,3,-1,1,MW2420,0,2,121
3,4,21:07:59,3,-1,1,MW2420,0,2,50
4,5,21:10:00,3,-1,1,MW2420,0,2,20
5,6,21:11:35,3,-1,1,MW2420,0,2,20
6,7,21:13:47,3,-1,1,MW2420,0,2,70
7,8,21:16:18,3,-1,2,MW2420,0,2,101
8,9,21:18:09,3,-1,1,MW2420,0,2,50
9,10,21:19:20,3,-1,-1,MW2420,0,2,40
10,11,21:20:23,3,-1,-1,MW2420,0,2,10
11,12,21:22:05,3,-1,-1,MW2420,0,2,40
12,13,21:23:06,3,-1,-1,MW2420,0,2,20
1,2,22:25:04,3,-1,1,MW2420,0,2,151
2,3,22:27:26,3,-1,1,MW2420,0,2,80
3,4,22:29:57,3,-1,1,MW2420,0,2,80
4,5,22:31:42,3,-1,1,MW2420,0,2,44
5,6,22:32:55,3,-1,1,MW2420,0,2,32
6,7,22:35:07,3,-1,1,MW2420,0,4,60
7,8,22:37:08,3,-1,1,MW2420,0,4,60
8,9,22:38:59,3,-1,1,MW2420,0,4,50
9,10,22:40:30,3,-1,-1,MW2420,0,4,50
10,11,22:42:13,3,-1,-1,MW2420,0,4,30
11,12,22:44:44,3,-1,-1,MW2420,0,2,90
12,13,22:45:45,3,-1,-1,MW2420,0,2,10
1,2,23:40:56,3,-1,1,MW2420,0,2,201
2,3,23:41:57,3,-1,1,MW2420,0,2,20
3,4,23:44:48,3,-1,1,MW2420,0,2,111
4,5,23:46:40,3,-1,1,MW2420,0,2,30
5,6,23:47:40,3,-1,1,MW2420,0,2,30
6,7,23:49:54,3,-1,1,MW2420,0,2,103
7,8,23:51:45,3,-1,2,MW2420,0,2,50
8,9,23:53:16,3,-1,1,MW2420,0,2,60
9,10,23:54:27,3,-1,-1,MW2420,0,2,40
11,12,23:57:40,3,-1,-1,MW2420,0,2,60
12,13,23:58:10,3,-1,-1,MW2420,0,2,10
0,1,21:51:09,3,-1,1,MW2614,0,2,111
1,2,21:53:01,3,-1,1,MW2614,0,2,81
2,3,21:55:14,3,-1,1,MW2614,0,2,71
3,4,22:00:18,3,-1,2,MW2614,0,2,161
4,5,22:02:34,3,-1,1,MW2614,0,2,14
5,6,22:03:35,3,-1,1,MW2614,0,2,20
6,7,22:06:06,3,-1,1,MW2614,0,2,100
7,8,22:09:08,3,-1,1,MW2614,0,2,131
8,9,22:11:13,3,-1,1,MW2614,0,2,64
9,10,22:12:34,3,-1,-1,MW2614,0,2,40
10,11,22:13:55,3,-1,-1,MW2614,0,2,20
11,12,22:15:36,3,-1,-1,MW2614,0,2,60
12,13,22:16:06,3,-1,-1,MW2614,0,2,10
0,1,15:43:17,3,-1,1,MW2646,0,2,212
1,2,15:47:10,3,-1,1,MW2646,0,2,202
2,3,15:49:44,3,-1,1,MW2646,0,2,81
3,4,15:52:16,3,-1,1,MW2646,0,2,50
4,5,15:54:17,3,-1,1,MW2646,0,2,30
5,6,15:56:29,3,-1,2,MW2646,0,2,70
6,7,16:00:36,3,-1,2,MW2646,0,2,121
12,13,16:14:38,3,-1,-1,MW2646,0,2,20
0,1,19:22:28,3,-1,1,MW2646,0,2,181
1,2,19:26:20,3,-1,1,MW2646,0,2,181
2,3,19:27:54,3,-1,1,MW2646,0,2,40
3,4,19:30:27,3,-1,1,MW2646,0,2,101
4,5,19:32:29,3,-1,1,MW2646,0,2,50
5,6,19:33:44,3,-1,1,MW2646,0,2,10
6,7,19:37:16,3,-1,2,MW2646,0,2,151
7,8,19:40:28,3,-1,2,MW2646,0,2,141
8,9,19:44:13,3,-1,1,MW2646,0,2,143
9,10,19:45:45,3,-1,-1,MW2646,0,2,30
11,12,19:48:07,3,-1,-1,MW2646,0,2,20
12,13,19:48:57,3,-1,-1,MW2646,0,2,20
2,3,7:01:36,3,-1,1,MW2693,0,2,20
3,4,7:03:57,3,-1,2,MW2693,0,2,60
4,5,7:05:18,3,-1,1,MW2693,0,2,20
5,6,7:06:29,3,-1,1,MW2693,0,2,20
6,7,7:08:31,3,-1,1,MW2693,0,2,41
7,13,7:17:39,3,-1,-1,MW2693,5,2,487
0,1,8:11:28,3,-1,2,MW2693,0,2,81
1,2,8:19:08,3,-1,2,MW2693,0,2,399
2,3,8:22:24,3,-1,2,MW2693,0,2,114
3,4,8:25:16,3,-1,2,MW2693,0,2,70
4,5,8:30:10,3,-1,2,MW2693,0,2,101
5,6,8:32:16,3,-1,1,MW2693,0,2,64
6,7,8:35:08,3,-1,1,MW2693,0,2,70
12,13,8:50:06,3,-1,-1,MW2693,0,2,30
0,1,11:41:39,3,-1,1,MW2693,0,2,121
1,2,11:45:25,3,-1,1,MW2693,0,2,175
2,3,11:47:46,3,-1,1,MW2693,0,2,60
3,4,11:51:49,3,-1,1,MW2693,0,2,121
4,5,11:53:15,3,-1,1,MW2693,0,2,30
5,6,11:54:46,3,-1,1,MW2693,0,2,50
6,7,11:59:59,3,-1,1,MW2693,0,2,202
12,13,12:15:07,3,-1,-1,MW2693,0,2,20
1,2,14:33:56,3,-1,2,MW2693,0,2,181
2,3,14:35:48,3,-1,1,MW2693,0,2,40
3,4,14:39:34,3,-1,2,MW2693,0,2,64
4,5,14:41:56,3,-1,1,MW2693,0,2,40
5,6,14:42:56,3,-1,1,MW2693,0,2,20
6,7,14:45:28,3,-1,2,MW2693,0,2,80
12,13,14:58:14,3,-1,-1,MW2693,0,2,20
2,3,16:09:22,3,-1,1,MW2693,0,2,122
3,4,16:12:27,3,-1,1,MW2693,0,2,111
4,5,16:14:38,3,-1,1,MW2693,0,2,20
5,6,16:16:09,3,-1,1,MW2693,0,2,30
6,7,16:19:24,3,-1,2,MW2693,0,2,101
12,13,16:32:32,3,-1,-1,MW2693,0,2,12
0,1,17:40:06,3,-1,2,MW2693,0,2,156
1,2,17:43:59,3,-1,2,MW2693,0,2,182
2,3,17:48:16,3,-1,1,MW2693,0,2,176
3,4,17:52:49,3,-1,1,MW2693,0,2,161
4,5,17:55:14,3,-1,1,MW2693,0,2,30
5,6,17:56:55,3,-1,1,MW2693,0,2,30
6,7,17:59:27,3,-1,2,MW2693,0,2,60
12,13,18:45:06,3,-1,-1,MW2693,0,2,30
0,1,20:29:34,3,-1,1,MW2693,0,2,126
1,2,20:33:06,3,-1,1,MW2693,0,2,121
2,3,20:34:17,3,-1,1,MW2693,0,2,30
3,4,20:38:09,3,-1,2,MW2693,0,2,131
4,5,20:40:45,3,-1,1,MW2693,0,2,71
5,6,20:41:46,3,-1,1,MW2693,0,2,20
6,7,20:43:57,3,-1,1,MW2693,0,2,60
7,8,20:45:58,3,-1,2,MW2693,0,2,70
8,9,20:47:49,3,-1,1,MW2693,0,2,60
9,10,20:49:00,3,-1,-1,MW2693,0,2,40
10,11,20:49:53,3,-1,-1,MW2693,0,2,20
11,12,20:51:04,3,-1,-1,MW2693,0,2,20
12,13,20:51:55,3,-1,-1,MW2693,0,2,10
0,1,21:57:37,3,-1,1,MW2693,0,2,112
1,2,22:01:19,3,-1,1,MW2693,0,2,181
2,3,22:03:55,3,-1,1,MW2693,0,2,30
3,4,22:06:57,3,-1,1,MW2693,0,2,111
4,5,22:08:07,3,-1,1,MW2693,0,2,30
5,6,22:09:18,3,-1,1,MW2693,0,2,30
6,7,22:11:13,3,-1,1,MW2693,0,2,64
7,8,22:13:14,3,-1,2,MW2693,0,2,70
8,9,22:15:05,3,-1,1,MW2693,0,2,60
9,10,22:16:16,3,-1,-1,MW2693,0,2,20
10,11,22:17:37,3,-1,-1,MW2693,0,2,20
11,12,22:19:18,3,-1,-1,MW2693,0,2,40
12,13,22:20:39,3,-1,-1,MW2693,0,2,20
0,1,23:14:20,3,-1,1,MW2693,0,2,70
1,2,23:16:23,3,-1,1,MW2693,0,2,70
2,3,23:18:25,3,-1,1,MW2693,0,2,70
3,4,23:20:46,3,-1,1,MW2693,0,2,60
4,5,23:22:27,3,-1,1,MW2693,0,2,10
5,6,23:23:18,3,-1,1,MW2693,0,2,20
6,7,23:24:39,3,-1,1,MW2693,0,2,40
7,8,23:25:49,3,-1,1,MW2693,0,2,40
8,9,23:28:35,3,-1,1,MW2693,0,2,40
9,10,23:29:25,3,-1,-1,MW2693,0,2,20
10,11,23:30:06,3,-1,-1,MW2693,0,2,10
11,12,23:31:47,3,-1,-1,MW2693,0,2,60
12,13,23:32:47,3,-1,-1,MW2693,0,2,20
2,3,17:37:39,3,-1,1,MW2717,0,2,121
3,4,17:42:08,3,-1,1,MW2717,0,2,193
4,5,17:44:09,3,-1,1,MW2717,0,2,40
5,7,17:48:26,3,-1,2,MW2717,1,2,246
12,13,18:38:58,3,-1,-1,MW2717,0,2,40
1,2,19:47:06,3,-1,2,MW2717,0,2,183
2,3,19:49:07,3,-1,1,MW2717,0,2,40
3,4,19:51:49,3,-1,2,MW2717,0,2,101
4,5,19:53:01,3,-1,1,MW2717,0,2,20
5,6,19:54:03,3,-1,2,MW2717,0,2,30
6,8,19:58:56,3,-1,1,MW2717,1,2,262
8,9,20:02:39,3,-1,1,MW2717,0,2,141
9,10,20:03:29,3,-1,-1,MW2717,0,2,30
10,11,20:04:31,3,-1,-1,MW2717,0,2,20
11,12,20:06:34,3,-1,-1,MW2717,0,2,83
12,13,20:07:45,3,-1,-1,MW2717,0,2,20
0,1,6:40:57,3,2,1,MX1240,0,2,90
1,2,6:44:09,3,2,1,MX1240,0,2,161
2,3,6:46:20,3,2,1,MX1240,0,2,70
3,4,6:49:44,3,3,1,MX1240,0,2,131
4,5,6:50:55,3,3,1,MX1240,0,2,20
5,6,6:52:05,3,3,1,MX1240,0,2,40
6,7,6:53:47,3,3,1,MX1240,0,2,81
7,12,7:00:25,3,4,-1,MX1240,4,2,347
12,13,7:00:55,3,4,-1,MX1240,0,2,20
0,1,9:24:05,3,1,2,MX1240,0,2,184
1,2,9:27:47,3,2,1,MX1240,0,2,151
2,3,9:32:54,3,3,2,MX1240,0,2,195
3,4,9:35:46,3,3,2,MX1240,0,2,121
4,5,9:38:58,3,3,2,MX1240,0,2,100
5,6,9:41:09,3,4,-1,MX1240,0,2,50
6,7,9:44:58,3,5,-1,MX1240,0,2,141
12,13,9:58:29,3,5,-1,MX1240,0,2,10
0,1,11:19:17,3,2,2,MX1240,0,2,201
1,2,11:22:49,3,2,1,MX1240,0,2,171
2,3,11:24:12,3,2,1,MX1240,0,2,20
3,4,11:26:56,3,2,1,MX1240,0,2,60
4,5,11:29:07,3,3,1,MX1240,0,2,20
5,6,11:29:58,3,3,1,MX1240,0,2,40
6,7,11:33:44,3,3,1,MX1240,0,2,114
12,13,11:48:37,3,3,-1,MX1240,0,2,40
0,1,12:42:34,3,3,1,MX1240,0,2,111
1,2,12:47:27,3,4,1,MX1240,0,2,162
2,3,12:52:45,3,4,1,MX1240,0,2,226
3,4,12:55:37,3,4,1,MX1240,0,2,90
4,5,12:57:28,3,4,1,MX1240,0,2,10
5,6,12:58:49,3,4,1,MX1240,0,2,30
6,7,13:01:14,3,4,-1,MX1240,0,2,100
12,13,13:14:26,3,5,-1,MX1240,0,2,20
0,1,14:05:37,3,3,1,MX1240,0,2,171
1,2,14:09:09,3,3,1,MX1240,0,2,181
2,3,14:11:45,3,3,1,MX1240,0,2,70
3,4,14:15:18,3,4,1,MX1240,0,2,112
4,5,14:18:29,3,5,1,MX1240,0,2,80
5,6,14:20:46,3,5,1,MX1240,0,2,40
6,7,14:24:39,3,5,1,MX1240,0,2,151
7,12,14:37:19,3,5,-1,MX1240,4,2,608
12,13,14:38:19,3,5,-1,MX1240,0,2,20
1,2,15:43:57,3,0,2,MX1240,0,2,252
2,3,15:46:49,3,0,1,MX1240,0,2,111
3,4,15:50:14,3,1,1,MX1240,0,2,122
4,5,15:52:56,3,1,1,MX1240,0,2,60
5,6,15:54:58,3,1,1,MX1240,0,2,40
6,7,15:58:45,3,2,2,MX1240,0,2,105
7,12,16:09:44,3,2,-1,MX1240,4,2,588
12,13,16:10:46,3,2,-1,MX1240,0,2,20
1,2,20:00:58,3,2,1,MX1240,0,2,151
2,3,20:04:10,3,2,1,MX1240,0,2,161
3,4,20:05:54,3,3,1,MX1240,0,2,43
4,5,20:08:05,3,3,1,MX1240,0,2,30
5,6,20:09:06,3,3,1,MX1240,0,2,30
6,7,20:10:47,3,3,1,MX1240,0,2,40
7,8,20:13:29,3,3,1,MX1240,0,2,90
8,9,20:15:20,3,4,1,MX1240,0,2,70
9,10,20:16:58,3,4,-1,MX1240,0,2,50
10,11,20:18:29,3,4,-1,MX1240,0,2,20
11,12,20:20:10,3,4,-1,MX1240,0,2,50
12,13,20:21:33,3,4,-1,MX1240,0,2,12
0,1,21:17:49,3,3,1,MX1240,0,2,121
1,2,21:21:45,3,4,1,MX1240,0,2,154
2,3,21:23:26,3,4,1,MX1240,0,2,30
3,4,21:28:29,3,5,1,MX1240,0,2,171
4,5,21:31:12,3,5,1,MX1240,0,2,82
5,6,21:32:36,3,5,1,MX1240,0,2,40
6,7,21:34:17,3,5,1,MX1240,0,2,50
7,8,21:37:08,3,5,1,MX1240,0,2,100
8,9,21:39:09,3,5,1,MX1240,0,2,60
9,10,21:40:23,3,5,-1,MX1240,0,2,40
10,11,21:41:23,3,5,-1,MX1240,0,2,10
11,12,21:43:25,3,5,-1,MX1240,0,2,81
12,13,21:44:15,3,5,-1,MX1240,0,2,10
0,1,6:34:18,3,-1,1,MX1601,0,2,90
1,2,6:37:35,3,-1,1,MX1601,0,2,155
2,3,6:39:56,3,-1,1,MX1601,0,2,60
3,4,6:43:18,3,-1,2,MX1601,0,2,121
4,5,6:45:29,3,-1,1,MX1601,0,2,20
5,6,6:47:02,3,-1,1,MX1601,0,2,20
6,7,6:49:24,3,-1,1,MX1601,0,2,50
7,12,6:57:19,3,-1,-1,MX1601,4,2,404
12,13,6:58:00,3,-1,-1,MX1601,0,2,10
0,1,7:50:50,3,-1,1,MX1601,0,2,121
1,2,7:55:07,3,-1,2,MX1601,0,2,171
2,3,7:59:33,3,-1,1,MX1601,0,2,114
3,4,8:02:06,3,-1,2,MX1601,0,2,41
4,5,8:05:08,3,-1,1,MX1601,0,2,60
5,6,8:07:35,3,-1,1,MX1601,0,2,40
6,7,8:10:58,3,-1,2,MX1601,0,2,101
7,12,8:21:20,3,-1,-1,MX1601,4,2,480
0,1,11:11:39,3,-1,1,MX1601,0,2,121
1,2,11:16:26,3,-1,2,MX1601,0,2,111
2,3,11:17:56,3,-1,1,MX1601,0,2,30
3,4,11:21:29,3,-1,2,MX1601,0,2,101
4,5,11:23:32,3,-1,1,MX1601,0,2,62
5,6,11:26:46,3,-1,1,MX1601,0,2,50
6,7,11:31:18,3,-1,1,MX1601,0,2,151
12,13,11:46:56,3,-1,-1,MX1601,0,2,20
1,2,6:31:17,3,-1,1,MX1711,0,2,71
2,3,6:33:18,3,-1,1,MX1711,0,2,10
3,4,6:35:39,3,-1,2,MX1711,0,2,90
4,5,6:36:34,3,-1,1,MX1711,0,2,24
5,6,6:37:14,3,-1,1,MX1711,0,2,20
6,7,6:39:36,3,-1,1,MX1711,0,2,101
7,12,6:46:42,3,-1,-1,MX1711,4,2,375
12,13,6:47:02,3,-1,-1,MX1711,0,2,10
1,2,7:49:08,3,-1,1,MX1711,0,2,193
2,3,7:54:26,3,-1,1,MX1711,0,2,161
3,4,7:57:59,3,-1,1,MX1711,0,2,70
4,5,8:00:44,3,-1,1,MX1711,0,2,50
5,6,8:02:37,3,-1,1,MX1711,0,2,40
6,7,8:05:53,3,-1,2,MX1711,0,2,104
7,12,8:15:56,3,-1,-1,MX1711,4,2,530
12,13,8:16:36,3,-1,-1,MX1711,0,2,20
1,2,9:13:46,3,-1,2,MX1711,0,2,172
2,3,9:16:07,3,-1,1,MX1711,0,2,30
3,4,9:18:59,3,-1,2,MX1711,0,2,70
4,5,9:22:24,3,-1,2,MX1711,0,2,113
5,6,9:24:25,3,-1,2,MX1711,0,2,50
6,7,9:26:26,3,-1,1,MX1711,0,2,60
7,12,9:36:37,3,-1,-1,MX1711,4,2,539
12,13,9:37:47,3,-1,-1,MX1711,0,2,20
1,2,11:05:46,3,-1,1,MX1711,0,2,185
2,3,11:07:07,3,-1,1,MX1711,0,2,20
3,4,11:10:39,3,-1,1,MX1711,0,2,100
4,5,11:11:29,3,-1,2,MX1711,0,2,40
5,6,11:12:10,3,-1,1,MX1711,0,2,30
6,7,11:13:54,3,-1,2,MX1711,0,2,70
7,12,11:23:32,3,-1,-1,MX1711,4,2,496
12,13,11:24:44,3,-1,-1,MX1711,0,2,10
1,2,12:26:17,3,-1,1,MX1711,0,2,141
2,3,12:28:28,3,-1,1,MX1711,0,2,30
3,4,12:32:10,3,-1,1,MX1711,0,2,111
4,5,12:33:04,3,-1,1,MX1711,0,2,20
5,6,12:34:15,3,-1,1,MX1711,0,2,30
6,7,12:37:27,3,-1,1,MX1711,0,2,151
7,12,12:47:58,3,-1,-1,MX1711,4,2,508
12,13,12:49:09,3,-1,-1,MX1711,0,2,10
0,1,13:48:18,3,-1,1,MX1711,0,2,141
1,2,13:51:50,3,-1,2,MX1711,0,2,161
2,3,13:54:26,3,-1,1,MX1711,0,2,30
3,4,13:57:07,3,-1,1,MX1711,0,2,30
4,5,13:59:19,3,-1,1,MX1711,0,2,50
5,6,14:00:50,3,-1,1,MX1711,0,2,50
6,7,14:03:25,3,-1,1,MX1711,0,2,100
7,12,14:13:05,3,-1,-1,MX1711,4,2,438
12,13,14:14:57,3,-1,-1,MX1711,0,2,31
0,1,15:17:49,3,-1,1,MX1711,0,2,111
1,2,15:21:03,3,-1,1,MX1711,0,2,153
2,3,15:24:16,3,-1,1,MX1711,0,2,141
3,4,15:27:58,3,-1,2,MX1711,0,2,111
4,5,15:30:10,3,-1,1,MX1711,0,2,20
5,6,15:31:21,3,-1,2,MX1711,0,2,30
6,7,15:34:26,3,-1,2,MX1711,0,2,141
7,12,15:46:59,3,-1,-1,MX1711,4,2,590
12,13,15:48:02,3,-1,-1,MX1711,0,2,20
0,1,18:58:10,3,-1,1,MX1711,0,2,172
1,2,19:02:17,3,-1,2,MX1711,0,2,162
2,3,19:04:29,3,-1,1,MX1711,0,2,70
3,4,19:07:32,3,-1,1,MX1711,0,2,113
4,5,19:08:55,3,-1,1,MX1711,0,2,20
5,6,19:11:07,3,-1,2,MX1711,0,2,40
6,7,19:13:58,3,-1,1,MX1711,0,2,70
7,8,19:16:34,3,-1,2,MX1711,0,2,64
8,9,19:18:25,3,-1,1,MX1711,0,2,70
9,10,19:19:56,3,-1,-1,MX1711,0,2,40
10,11,19:21:07,3,-1,-1,MX1711,0,2,30
11,12,19:22:58,3,-1,-1,MX1711,0,2,90
12,13,19:24:09,3,-1,-1,MX1711,0,2,30
1,2,20:57:29,3,-1,1,MX1711,0,2,171
2,3,20:59:50,3,-1,1,MX1711,0,2,30
3,4,21:01:13,3,-1,1,MX1711,0,2,40
4,5,21:02:14,3,-1,1,MX1711,0,2,30
5,6,21:03:25,3,-1,1,MX1711,0,2,30
6,7,21:06:08,3,-1,1,MX1711,0,2,100
7,8,21:08:29,3,-1,1,MX1711,0,2,80
8,9,21:10:10,3,-1,1,MX1711,0,2,60
9,10,21:12:16,3,-1,-1,MX1711,0,2,50
10,11,21:13:06,3,-1,-1,MX1711,0,2,20
11,12,21:14:07,3,-1,-1,MX1711,0,2,50
12,13,21:14:37,3,-1,-1,MX1711,0,2,20
0,1,22:44:04,3,-1,2,MX1711,0,4,173
1,2,22:47:26,3,-1,2,MX1711,0,2,181
2,3,22:50:48,3,-1,1,MX1711,0,2,131
3,4,22:53:39,3,-1,1,MX1711,0,2,90
4,5,22:54:35,3,-1,1,MX1711,0,2,24
5,6,22:55:25,3,-1,1,MX1711,0,2,20
6,7,22:56:56,3,-1,1,MX1711,0,2,70
7,8,22:59:07,3,-1,1,MX1711,0,2,100
8,9,23:01:09,3,-1,1,MX1711,0,2,60
9,10,23:02:19,3,-1,-1,MX1711,0,2,40
10,11,23:03:20,3,-1,-1,MX1711,0,2,20
11,12,23:04:04,3,-1,-1,MX1711,0,2,20
12,13,23:04:44,3,-1,-1,MX1711,0,2,10
0,1,23:51:25,3,-1,1,MX1711,0,2,111
1,2,23:54:38,3,-1,1,MX1711,0,2,152
2,3,23:56:59,3,-1,1,MX1711,0,2,20
3,4,23:59:14,3,-1,1,MX1711,0,2,73
0,1,6:23:17,3,-1,1,MX1714,0,2,80
1,2,6:24:58,3,-1,1,MX1714,0,2,90
2,3,6:27:10,3,-1,1,MX1714,0,2,30
3,4,6:30:46,3,-1,1,MX1714,0,2,91
4,5,6:31:37,3,-1,1,MX1714,0,2,10
5,6,6:32:27,3,-1,1,MX1714,0,2,30
6,7,6:34:39,3,-1,1,MX1714,0,2,90
7,12,6:42:28,3,-1,-1,MX1714,4,2,428
12,13,6:43:08,3,-1,-1,MX1714,0,2,10
1,2,7:35:39,3,-1,1,MX1714,0,2,202
2,3,7:37:54,3,-1,1,MX1714,0,2,33
3,4,7:40:38,3,-1,1,MX1714,0,2,52
4,5,7:42:09,3,-1,1,MX1714,0,2,50
5,6,7:44:11,3,-1,1,MX1714,0,2,40
6,7,7:47:06,3,-1,1,MX1714,0,2,81
7,12,7:57:18,3,-1,-1,MX1714,4,2,540
12,13,7:58:39,3,-1,-1,MX1714,0,2,20
0,1,8:49:36,3,-1,1,MX1714,0,2,93
1,2,8:52:58,3,-1,2,MX1714,0,2,121
2,3,8:56:54,3,-1,2,MX1714,0,2,135
3,4,9:00:27,3,-1,-1,MX1714,0,2,111
4,5,9:02:08,3,-1,-1,MX1714,0,2,60
5,6,9:03:49,3,-1,-1,MX1714,0,2,40
6,7,9:07:48,3,-1,2,MX1714,0,2,122
12,13,9:21:43,3,-1,-1,MX1714,0,2,32
1,2,10:57:17,3,-1,1,MX1714,0,2,191
2,3,11:00:08,3,-1,1,MX1714,0,2,121
3,4,11:03:10,3,-1,1,MX1714,0,2,60
4,5,11:05:46,3,-1,1,MX1714,0,2,50
5,6,11:06:56,3,-1,1,MX1714,0,2,40
6,7,11:10:29,3,-1,2,MX1714,0,2,171
7,12,11:19:48,3,-1,-1,MX1714,4,2,477
12,13,11:21:18,3,-1,-1,MX1714,0,2,30
0,1,12:13:36,3,-1,2,MX1714,0,2,70
1,2,12:17:38,3,-1,2,MX1714,0,2,191
2,3,12:20:00,3,-1,1,MX1714,0,2,20
3,4,12:23:05,3,-1,1,MX1714,0,2,71
4,5,12:25:26,3,-1,1,MX1714,0,2,30
5,6,12:26:47,3,-1,2,MX1714,0,2,60
6,7,12:30:29,3,-1,1,MX1714,0,2,141
7,12,12:40:43,3,-1,-1,MX1714,4,2,543
12,13,12:41:43,3,-1,-1,MX1714,0,2,20
0,1,13:43:15,3,-1,1,MX1714,0,2,181
1,2,13:46:47,3,-1,1,MX1714,0,2,141
2,3,13:48:08,3,-1,1,MX1714,0,2,30
3,4,13:51:20,3,-1,1,MX1714,0,2,80
4,5,13:53:45,3,-1,1,MX1714,0,2,41
5,6,13:55:37,3,-1,1,MX1714,0,2,30
6,7,13:58:28,3,-1,1,MX1714,0,2,111
7,12,14:07:48,3,-1,-1,MX1714,4,2,478
12,13,14:08:49,3,-1,-1,MX1714,0,2,20
1,2,15:12:26,3,-1,2,MX1714,0,2,191
2,3,15:14:07,3,-1,1,MX1714,0,2,40
3,4,15:18:10,3,-1,1,MX1714,0,2,141
4,5,15:19:43,3,-1,2,MX1714,0,2,52
5,6,15:21:24,3,-1,1,MX1714,0,2,60
6,7,15:24:16,3,-1,1,MX1714,0,2,101
7,12,15:34:47,3,-1,-1,MX1714,4,2,570
12,13,15:35:58,3,-1,-1,MX1714,0,2,30
0,1,16:39:10,3,-1,1,MX1714,0,2,81
1,2,16:44:08,3,-1,2,MX1714,0,2,253
2,3,16:47:55,3,-1,1,MX1714,0,2,114
3,4,16:50:53,3,-1,1,MX1714,0,2,117
4,5,16:52:04,3,-1,1,MX1714,0,2,30
5,6,16:53:15,3,-1,1,MX1714,0,2,30
6,7,16:55:37,3,-1,2,MX1714,0,2,91
12,13,17:24:45,3,-1,-1,MX1714,0,2,10
1,2,20:15:47,3,-1,2,MX1714,0,2,168
2,3,20:18:49,3,-1,1,MX1714,0,2,121
3,4,20:21:53,3,-1,1,MX1714,0,2,93
4,5,20:23:55,3,-1,1,MX1714,0,2,20
5,6,20:24:55,3,-1,1,MX1714,0,2,30
6,7,20:26:27,3,-1,1,MX1714,0,2,50
7,8,20:29:34,3,-1,2,MX1714,0,2,126
8,9,20:31:25,3,-1,1,MX1714,0,2,60
9,10,20:32:36,3,-1,-1,MX1714,0,2,40
10,11,20:33:47,3,-1,-1,MX1714,0,2,30
11,12,20:34:58,3,-1,-1,MX1714,0,2,40
12,13,20:36:08,3,-1,-1,MX1714,0,2,20
1,2,21:30:52,3,-1,1,MX1714,0,2,172
2,3,21:32:05,3,-1,1,MX1714,0,2,30
3,4,21:34:17,3,-1,1,MX1714,0,2,70
4,5,21:35:48,3,-1,1,MX1714,0,2,30
5,6,21:37:18,3,-1,1,MX1714,0,2,30
6,7,21:39:20,3,-1,1,MX1714,0,2,60
7,8,21:41:13,3,-1,-1,MX1714,0,2,80
8,9,21:42:54,3,-1,-1,MX1714,0,2,50
9,10,21:44:05,3,-1,-1,MX1714,0,2,40
10,11,21:45:36,3,-1,-1,MX1714,0,2,40
11,12,21:47:17,3,-1,-1,MX1714,0,2,60
12,13,21:48:38,3,-1,-1,MX1714,0,2,40
1,2,22:41:10,3,-1,2,MX1714,0,4,171
2,3,22:44:14,3,-1,1,MX1714,0,4,121
3,4,22:47:26,3,-1,1,MX1714,0,2,100
4,5,22:48:16,3,-1,1,MX1714,0,2,20
5,6,22:49:27,3,-1,1,MX1714,0,2,30
6,7,22:50:58,3,-1,1,MX1714,0,2,60
7,8,22:53:09,3,-1,1,MX1714,0,2,90
8,9,22:54:55,3,-1,1,MX1714,0,2,55
9,10,22:56:05,3,-1,-1,MX1714,0,2,30
10,11,22:57:06,3,-1,-1,MX1714,0,2,20
11,12,22:58:47,3,-1,-1,MX1714,0,2,80
12,13,22:59:17,3,-1,-1,MX1714,0,2,10
2,3,23:50:34,3,-1,1,MX1714,0,2,20
3,4,23:52:46,3,-1,1,MX1714,0,2,70
4,5,23:53:26,3,-1,1,MX1714,0,2,20
5,6,23:54:17,3,-1,1,MX1714,0,2,30
6,7,23:56:19,3,-1,1,MX1714,0,2,101
7,8,23:57:40,3,-1,1,MX1714,0,2,60
8,9,23:59:03,3,-1,1,MX1714,0,2,53
0,1,6:47:02,3,0,1,MX1721,0,2,133
1,2,6:50:35,3,2,1,MX1721,0,2,161
2,3,6:52:47,3,2,1,MX1721,0,2,81
3,4,6:55:59,3,1,2,MX1721,0,2,121
4,5,6:57:09,3,1,1,MX1721,0,2,20
5,6,6:58:00,3,1,1,MX1721,0,2,20
6,7,7:00:25,3,1,1,MX1721,0,2,101
7,12,7:08:10,3,0,-1,MX1721,4,2,373
12,13,7:08:52,3,0,-1,MX1721,0,2,10
1,2,8:09:47,3,3,2,MX1721,0,2,254
2,3,8:16:36,3,3,2,MX1721,0,2,112
3,4,8:21:10,3,4,2,MX1721,0,2,101
4,5,8:23:35,3,4,2,MX1721,0,2,30
5,6,8:25:06,3,4,2,MX1721,0,2,60
6,7,8:27:38,3,4,2,MX1721,0,2,70
7,12,8:39:55,3,0,-1,MX1721,4,2,615
12,13,8:40:45,3,0,-1,MX1721,0,2,10
0,1,9:30:39,3,2,1,MX1721,0,2,171
1,2,9:34:56,3,2,1,MX1721,0,2,236
2,3,9:40:49,3,1,-1,MX1721,0,2,111
3,4,9:45:08,3,1,2,MX1721,0,2,111
4,5,9:47:29,3,1,2,MX1721,0,2,30
5,6,9:49:34,3,1,1,MX1721,0,2,64
6,7,9:52:16,3,1,1,MX1721,0,2,121
7,12,10:03:16,3,0,-1,MX1721,4,2,599
12,13,10:04:27,3,0,-1,MX1721,0,2,20
0,1,11:28:47,3,0,1,MX1721,0,2,111
1,2,11:31:49,3,4,1,MX1721,0,2,131
2,3,11:33:00,3,3,1,MX1721,0,2,30
3,4,11:37:56,3,3,1,MX1721,0,2,171
4,5,11:39:38,3,3,1,MX1721,0,2,20
5,6,11:41:39,3,3,2,MX1721,0,2,40
6,7,11:45:15,3,3,1,MX1721,0,2,91
7,12,11:56:17,3,1,-1,MX1721,4,2,581
12,13,11:57:37,3,0,-1,MX1721,0,2,20
0,1,12:55:27,3,0,2,MX1721,0,2,111
1,2,12:59:10,3,2,2,MX1721,0,2,121
2,3,13:02:25,3,2,-1,MX1721,0,2,111
3,4,13:06:08,3,1,1,MX1721,0,2,121
4,5,13:08:40,3,1,1,MX1721,0,2,30
5,6,13:10:02,3,1,1,MX1721,0,2,30
6,7,13:13:35,3,1,1,MX1721,0,2,131
7,12,13:25:27,3,0,-1,MX1721,4,2,620
12,13,13:26:58,3,0,-1,MX1721,0,2,30
1,2,14:18:50,3,0,2,MX1721,0,2,151
2,3,14:22:48,3,0,1,MX1721,0,2,182
3,4,14:24:39,3,0,1,MX1721,0,2,40
4,5,14:27:11,3,0,1,MX1721,0,2,60
5,6,14:28:53,3,0,1,MX1721,0,2,50
6,7,14:35:37,3,0,1,MX1721,0,2,262
7,12,14:44:58,3,0,-1,MX1721,4,2,459
12,13,14:45:48,3,0,-1,MX1721,0,2,40
0,1,15:51:25,3,1,1,MX1721,0,2,90
1,2,15:54:37,3,2,1,MX1721,0,2,131
2,3,15:59:15,3,1,1,MX1721,0,2,196
3,4,16:02:47,3,0,1,MX1721,0,2,131
4,5,16:05:09,3,0,1,MX1721,0,2,60
5,6,16:07:10,3,0,2,MX1721,0,2,40
6,7,16:10:05,3,0,2,MX1721,0,2,92
12,13,16:23:48,3,0,-1,MX1721,0,2,10
0,1,17:22:40,3,1,2,MX1721,0,2,232
1,2,17:26:57,3,1,2,MX1721,0,2,202
2,3,17:30:14,3,1,1,MX1721,0,2,85
3,4,17:33:16,3,0,1,MX1721,0,2,70
4,5,17:35:38,3,0,1,MX1721,0,2,50
5,6,17:37:39,3,0,2,MX1721,0,2,40
6,7,17:39:56,3,0,1,MX1721,0,2,60
12,13,18:25:59,3,0,-1,MX1721,0,2,30
0,1,20:05:44,3,0,2,MX1721,0,2,144
1,2,20:09:16,3,0,2,MX1721,0,2,161
2,3,20:10:37,3,0,1,MX1721,0,2,20
3,4,20:14:09,3,0,1,MX1721,0,2,90
4,5,20:16:38,3,0,1,MX1721,0,2,60
5,6,20:17:58,3,0,1,MX1721,0,2,40
6,7,20:20:30,3,0,1,MX1721,0,2,101
7,8,20:25:15,3,0,2,MX1721,0,2,202
8,9,20:27:08,3,0,1,MX1721,0,2,50
9,10,20:28:50,3,0,-1,MX1721,0,2,41
10,11,20:29:34,3,0,-1,MX1721,0,2,24
11,12,20:31:05,3,0,-1,MX1721,0,2,40
12,13,20:32:06,3,0,-1,MX1721,0,2,10
1,2,21:39:52,3,1,1,MX1721,0,2,386
2,3,21:42:24,3,1,-1,MX1721,0,2,90
3,4,21:44:25,3,0,-1,MX1721,0,2,50
4,5,21:46:37,3,0,1,MX1721,0,2,60
5,6,21:47:47,3,0,1,MX1721,0,2,20
6,7,21:49:59,3,0,1,MX1721,0,2,90
7,8,21:51:30,3,0,1,MX1721,0,2,40
8,9,21:53:01,3,0,1,MX1721,0,2,51
9,10,21:54:13,3,0,-1,MX1721,0,2,30
10,11,21:54:54,3,0,-1,MX1721,0,2,10
11,12,21:56:36,3,0,-1,MX1721,0,2,71
12,13,21:57:37,3,0,-1,MX1721,0,2,10
0,1,7:12:36,3,-1,1,MX1983,0,2,133
1,2,7:16:08,3,-1,1,MX1983,0,2,151
2,3,7:18:34,3,-1,1,MX1983,0,2,74
3,4,7:21:36,3,-1,1,MX1983,0,2,80
4,5,7:22:36,3,-1,1,MX1983,0,2,20
5,6,7:23:57,3,-1,1,MX1983,0,2,20
6,7,7:25:48,3,-1,1,MX1983,0,2,70
7,12,7:36:50,3,-1,-1,MX1983,4,2,446
12,13,7:37:33,3,-1,-1,MX1983,0,2,13
0,1,14:35:58,3,-1,2,MX1983,0,2,151
1,2,14:39:10,3,-1,2,MX1983,0,2,141
2,3,14:41:36,3,-1,1,MX1983,0,2,80
3,4,14:44:58,3,-1,2,MX1983,0,2,80
4,5,14:46:29,3,-1,1,MX1983,0,2,40
5,6,14:47:40,3,-1,2,MX1983,0,2,30
6,7,14:51:46,3,-1,2,MX1983,0,2,182
7,12,15:03:07,3,-1,-1,MX1983,4,2,539
12,13,15:04:08,3,-1,-1,MX1983,0,2,20
0,1,16:05:49,3,-1,1,MX1983,0,2,151
1,2,16:09:44,3,-1,1,MX1983,0,2,194
2,3,16:12:06,3,-1,1,MX1983,0,2,20
3,4,16:14:38,3,-1,1,MX1983,0,2,111
4,5,16:16:50,3,-1,1,MX1983,0,2,50
5,6,16:19:24,3,-1,1,MX1983,0,2,71
6,7,16:22:47,3,-1,2,MX1983,0,2,152
7,8,16:25:39,3,-1,2,MX1983,0,2,121
12,13,16:49:15,3,-1,-1,MX1983,0,2,10
0,1,17:55:35,3,-1,1,MX1983,0,2,165
1,2,18:00:07,3,-1,1,MX1983,0,2,222
2,3,18:03:10,3,-1,1,MX1983,0,2,121
3,4,18:07:17,3,-1,1,MX1983,0,2,131
4,5,18:09:33,3,-1,1,MX1983,0,2,63
5,6,18:10:54,3,-1,2,MX1983,0,2,41
6,7,18:14:07,3,-1,2,MX1983,0,2,111
12,13,18:47:48,3,-1,-1,MX1983,0,2,70
0,1,6:18:14,3,1,1,MX2037,0,2,144
1,2,6:21:16,3,1,1,MX2037,0,2,141
2,3,6:22:47,3,2,1,MX2037,0,2,30
3,4,6:25:39,3,1,1,MX2037,0,2,131
4,5,6:26:39,3,1,1,MX2037,0,2,10
5,6,6:27:40,3,1,1,MX2037,0,2,20
6,7,6:29:45,3,1,1,MX2037,0,2,94
7,12,6:36:54,3,0,-1,MX2037,4,2,389
12,13,6:37:35,3,0,-1,MX2037,0,2,10
0,1,7:22:26,3,1,1,MX2037,0,2,80
1,2,7:25:48,3,4,1,MX2037,0,2,141
2,3,7:27:30,3,4,1,MX2037,0,2,40
3,4,7:30:05,3,3,1,MX2037,0,2,51
4,5,7:32:47,3,3,1,MX2037,0,2,30
5,6,7:34:18,3,3,1,MX2037,0,2,40
6,7,7:36:40,3,3,1,MX2037,0,2,91
7,12,7:45:45,3,1,-1,MX2037,4,2,471
12,13,7:46:35,3,1,-1,MX2037,0,2,10
0,1,8:44:18,3,4,2,MX2037,0,2,141
1,2,8:48:13,3,4,2,MX2037,0,2,184
2,3,8:50:06,3,5,2,MX2037,0,2,30
3,4,8:52:58,3,3,3,MX2037,0,2,80
4,5,8:55:50,3,4,2,MX2037,0,2,40
5,6,8:58:26,3,3,1,MX2037,0,2,81
6,7,9:01:48,3,3,-1,MX2037,0,2,161
12,13,9:16:48,3,1,-1,MX2037,0,2,20
0,1,10:47:57,3,3,2,MX2037,0,2,161
1,2,10:52:10,3,4,2,MX2037,0,2,151
2,3,10:54:25,3,4,1,MX2037,0,2,40
3,4,10:57:57,3,3,1,MX2037,0,2,111
4,5,11:00:08,3,4,1,MX2037,0,2,40
5,6,11:02:20,3,4,2,MX2037,0,2,30
6,7,11:05:05,3,4,1,MX2037,0,2,70
7,12,11:13:34,3,3,-1,MX2037,4,2,417
12,13,11:14:55,3,2,-1,MX2037,0,2,30
0,1,12:08:50,3,5,1,MX2037,0,2,161
1,2,12:12:35,3,5,2,MX2037,0,2,102
2,3,12:15:37,3,5,1,MX2037,0,2,141
3,4,12:19:40,3,5,1,MX2037,0,2,151
4,5,12:21:33,3,5,1,MX2037,0,2,10
5,6,12:22:44,3,5,2,MX2037,0,2,20
6,7,12:24:56,3,5,1,MX2037,0,2,60
7,12,12:35:16,3,3,-1,MX2037,4,2,549
12,13,12:36:17,3,3,-1,MX2037,0,2,20
0,1,13:29:54,3,2,1,MX2037,0,2,20
1,2,13:35:48,3,2,1,MX2037,0,2,343
2,3,13:37:19,3,3,1,MX2037,0,2,30
3,4,13:40:13,3,2,1,MX2037,0,2,60
4,5,13:42:14,3,2,1,MX2037,0,2,20
5,6,13:43:35,3,3,1,MX2037,0,2,30
6,7,13:46:27,3,2,1,MX2037,0,2,101
7,12,13:54:16,3,2,-1,MX2037,4,2,398
12,13,13:55:16,3,2,-1,MX2037,0,2,30
0,1,18:47:27,3,2,1,MX2037,0,2,131
1,2,18:50:50,3,2,1,MX2037,0,2,141
2,3,18:53:06,3,2,1,MX2037,0,2,30
3,4,18:56:18,3,2,1,MX2037,0,2,111
4,5,18:58:33,3,2,1,MX2037,0,2,53
5,6,19:00:05,3,2,1,MX2037,0,2,41
6,7,19:01:37,3,2,2,MX2037,0,2,51
7,8,19:04:08,3,2,2,MX2037,0,2,101
8,9,19:07:32,3,2,1,MX2037,0,2,123
9,10,19:08:35,3,2,-1,MX2037,0,2,42
10,11,19:09:35,3,2,-1,MX2037,0,2,10
11,12,19:11:07,3,1,-1,MX2037,0,2,40
12,13,19:12:58,3,1,-1,MX2037,0,2,20
0,1,6:07:32,3,-1,1,MX2063,0,2,71
1,2,6:10:45,3,-1,1,MX2063,0,2,102
2,3,6:11:37,3,-1,1,MX2063,0,2,21
3,4,6:14:28,3,-1,1,MX2063,0,2,90
4,5,6:15:29,3,-1,1,MX2063,0,2,10
5,6,6:16:19,3,-1,1,MX2063,0,2,20
6,7,6:18:44,3,-1,1,MX2063,0,2,104
7,12,6:24:38,3,-1,-1,MX2063,4,2,282
3,4,7:16:59,3,-1,1,MX2063,0,2,40
4,5,7:19:04,3,-1,1,MX2063,0,2,20
5,6,7:20:25,3,-1,1,MX2063,0,2,30
6,7,7:22:36,3,-1,1,MX2063,0,2,91
7,12,7:31:26,3,-1,-1,MX2063,4,2,438
12,13,7:32:17,3,-1,-1,MX2063,0,2,20
0,1,8:26:57,3,-1,2,MX2063,0,2,151
1,2,8:31:11,3,-1,2,MX2063,0,2,202
2,3,8:35:28,3,-1,2,MX2063,0,2,141
3,4,8:39:13,3,-1,2,MX2063,0,2,114
4,5,8:44:48,3,-1,2,MX2063,0,2,141
5,6,8:46:32,3,-1,1,MX2063,0,2,52
6,7,8:49:36,3,-1,2,MX2063,0,2,133
7,12,9:00:47,3,-1,-1,MX2063,4,2,610
12,13,9:02:08,3,-1,-1,MX2063,0,2,30
5,6,10:07:08,3,-1,1,MX2063,0,2,20
6,7,10:10:44,3,-1,1,MX2063,0,2,54
7,12,10:21:36,3,-1,-1,MX2063,4,2,601
12,13,10:22:26,3,-1,-1,MX2063,0,2,10
3,4,12:03:13,3,-1,1,MX2063,0,2,50
4,5,12:04:37,3,-1,1,MX2063,0,2,32
5,6,12:05:58,3,-1,1,MX2063,0,2,40
6,7,12:09:20,3,-1,2,MX2063,0,2,161
12,13,12:24:36,3,-1,-1,MX2063,0,2,20
0,1,13:24:17,3,-1,-1,MX2063,0,2,192
1,2,13:28:54,3,-1,1,MX2063,0,2,176
2,3,13:30:35,3,-1,1,MX2063,0,2,20
3,4,13:34:37,3,-1,1,MX2063,0,2,111
4,5,13:35:48,3,-1,1,MX2063,0,2,30
5,6,13:37:29,3,-1,1,MX2063,0,2,20
6,7,13:41:04,3,-1,1,MX2063,0,2,141
7,12,13:49:59,3,-1,-1,MX2063,4,2,434
12,13,13:51:10,3,-1,-1,MX2063,0,2,30
0,1,14:43:57,3,-1,2,MX2063,0,2,101
1,2,14:47:40,3,-1,2,MX2063,0,2,182
2,3,14:50:05,3,-1,1,MX2063,0,2,50
3,4,14:53:17,3,-1,1,MX2063,0,2,70
4,5,14:54:38,3,-1,1,MX2063,0,2,30
5,6,14:55:59,3,-1,2,MX2063,0,2,50
6,7,15:01:16,3,-1,-1,MX2063,0,2,191
12,13,15:13:57,3,-1,-1,MX2063,0,2,20
0,1,16:15:19,3,-1,2,MX2063,0,2,151
1,2,16:20:05,3,-1,2,MX2063,0,2,214
2,3,16:22:47,3,-1,1,MX2063,0,2,70
3,4,16:25:39,3,-1,1,MX2063,0,2,60
4,5,16:27:53,3,-1,1,MX2063,0,2,20
5,6,16:29:14,3,-1,2,MX2063,0,2,40
6,7,16:32:42,3,-1,2,MX2063,0,2,143
12,13,16:48:55,3,-1,-1,MX2063,0,2,20
0,1,19:54:23,3,-1,2,MX2063,0,2,204
1,2,19:57:35,3,-1,1,MX2063,0,2,161
2,3,19:59:57,3,-1,1,MX2063,0,2,70
3,4,20:02:39,3,-1,1,MX2063,0,2,111
4,5,20:04:41,3,-1,1,MX2063,0,2,41
5,6,20:06:04,3,-1,1,MX2063,0,2,30
6,7,20:09:16,3,-1,1,MX2063,0,2,141
7,8,20:11:27,3,-1,1,MX2063,0,2,90
8,9,20:14:50,3,-1,1,MX2063,0,2,141
9,10,20:15:47,3,-1,-1,MX2063,0,2,27
10,11,20:17:18,3,-1,-1,MX2063,0,2,20
12,13,20:20:30,3,-1,-1,MX2063,0,2,10
0,1,18:33:32,3,4,1,MX2099,0,2,154
1,2,18:38:07,3,5,1,MX2099,0,2,202
2,3,18:42:22,3,5,1,MX2099,0,2,214
3,4,18:45:26,3,3,1,MX2099,0,2,60
4,5,18:47:07,3,3,1,MX2099,0,2,10
5,6,18:49:19,3,4,2,MX2099,0,2,30
6,7,18:52:05,3,3,2,MX2099,0,2,95
7,8,18:54:17,3,3,2,MX2099,0,2,60
8,9,18:57:09,3,3,1,MX2099,0,2,50
9,10,18:58:21,3,3,-1,MX2099,0,2,30
10,11,18:59:34,3,3,-1,MX2099,0,2,11
11,12,19:02:07,3,2,-1,MX2099,0,2,91
12,13,19:05:49,3,1,-1,MX2099,0,2,192
0,1,7:04:48,3,-1,1,MX2141,0,2,80
1,2,7:08:52,3,-1,1,MX2141,0,2,203
2,3,7:10:12,3,2,1,MX2141,0,2,20
3,4,7:12:36,3,2,2,MX2141,0,2,50
4,5,7:14:37,3,3,1,MX2141,0,2,50
5,6,7:16:59,3,3,1,MX2141,0,2,30
6,7,7:21:56,3,3,1,MX2141,0,2,182
7,12,7:30:56,3,4,-1,MX2141,4,2,468
12,13,7:31:46,3,4,-1,MX2141,0,2,20
0,1,8:21:44,3,0,2,MX2141,0,2,175
1,2,8:26:37,3,4,2,MX2141,0,2,202
2,3,8:31:21,3,4,1,MX2141,0,2,172
3,4,8:34:47,3,4,2,MX2141,0,2,101
4,5,8:41:06,3,4,2,MX2141,0,2,152
5,6,8:43:38,3,5,1,MX2141,0,2,70
6,7,8:47:22,3,5,2,MX2141,0,2,93
12,13,9:01:58,3,5,-1,MX2141,0,2,20
0,1,9:59:10,3,5,2,MX2141,0,2,202
1,2,10:04:37,3,3,2,MX2141,0,2,232
2,3,10:08:39,3,3,1,MX2141,0,2,111
3,4,10:13:07,3,4,1,MX2141,0,2,132
4,5,10:15:38,3,4,1,MX2141,0,2,50
5,6,10:18:04,3,4,1,MX2141,0,2,40
6,7,10:20:25,3,5,1,MX2141,0,2,60
7,12,10:33:06,3,5,-1,MX2141,4,2,598
12,13,10:34:06,3,5,-1,MX2141,0,2,10
1,2,11:29:37,3,1,2,MX2141,0,2,171
2,3,11:30:48,3,1,1,MX2141,0,2,20
3,4,11:34:34,3,1,1,MX2141,0,2,135
4,5,11:36:35,3,2,1,MX2141,0,2,30
5,6,11:37:56,3,2,1,MX2141,0,2,40
6,7,11:42:09,3,1,1,MX2141,0,2,181
12,13,11:57:07,3,0,-1,MX2141,0,2,10
0,1,15:45:08,3,-1,1,MX2141,0,2,212
1,2,15:49:23,3,-1,1,MX2141,0,2,224
2,3,15:51:46,3,0,1,MX2141,0,2,81
3,4,15:55:28,3,0,1,MX2141,0,2,111
4,5,15:57:49,3,0,1,MX2141,0,2,20
5,6,15:59:05,3,0,2,MX2141,0,2,55
6,7,16:01:36,3,0,2,MX2141,0,2,70
12,13,16:14:48,3,0,-1,MX2141,0,2,10
0,1,17:17:25,3,0,1,MX2141,0,2,187
1,2,17:21:19,3,2,2,MX2141,0,2,131
2,3,17:23:44,3,2,1,MX2141,0,2,74
3,4,17:27:27,3,3,1,MX2141,0,2,121
4,5,17:30:24,3,3,1,MX2141,0,2,75
5,6,17:32:05,3,3,1,MX2141,0,2,60
6,7,17:36:39,3,3,1,MX2141,0,2,212
7,8,17:40:47,3,3,2,MX2141,0,2,122
12,13,18:43:35,3,3,-1,MX2141,0,2,72
0,1,19:35:15,3,0,1,MX2141,0,2,176
1,2,19:40:18,3,0,1,MX2141,0,2,202
2,3,19:43:00,3,1,1,MX2141,0,2,90
3,4,19:47:16,3,1,1,MX2141,0,2,151
4,5,19:49:18,3,1,1,MX2141,0,2,50
5,6,19:50:49,3,2,2,MX2141,0,2,40
6,7,19:54:13,3,2,2,MX2141,0,2,92
7,8,19:57:25,3,2,1,MX2141,0,2,111
8,9,20:00:58,3,2,1,MX2141,0,2,60
9,10,20:02:39,3,3,-1,MX2141,0,2,50
10,11,20:03:39,3,2,-1,MX2141,0,2,10
11,12,20:04:51,3,2,-1,MX2141,0,2,20
12,13,20:07:15,3,2,-1,MX2141,0,2,70
0,1,6:53:27,3,3,1,MX2193,0,2,152
1,2,6:56:49,3,3,1,MX2193,0,2,171
2,3,6:59:14,3,3,1,MX2193,0,2,84
3,4,7:02:16,3,4,2,MX2193,0,2,80
4,5,7:03:37,3,4,1,MX2193,0,2,30
5,6,7:04:58,3,4,1,MX2193,0,2,30
6,7,7:06:49,3,5,1,MX2193,0,2,40
7,8,7:08:31,3,5,1,MX2193,0,2,41
8,12,7:15:28,3,5,-1,MX2193,3,2,365
12,13,7:16:08,3,5,-1,MX2193,0,2,10
0,1,8:09:47,3,3,2,MX2193,0,2,172
1,2,8:17:17,3,4,2,MX2193,0,2,358
2,3,8:20:29,3,5,2,MX2193,0,2,70
3,4,8:25:06,3,5,2,MX2193,0,2,161
4,5,8:30:00,3,5,2,MX2193,0,2,162
5,6,8:32:05,3,5,1,MX2193,0,2,64
6,7,8:34:57,3,5,1,MX2193,0,2,60
12,13,8:49:36,3,5,-1,MX2193,0,2,30
0,1,9:38:28,3,4,2,MX2193,0,2,121
1,2,9:43:26,3,5,-1,MX2193,0,2,157
2,3,9:47:29,3,5,1,MX2193,0,2,101
3,4,9:50:25,3,5,2,MX2193,0,2,74
4,5,9:53:26,3,5,2,MX2193,0,2,80
5,6,9:55:38,3,5,2,MX2193,0,2,60
6,7,9:58:19,3,5,1,MX2193,0,2,80
12,13,10:14:17,3,5,-1,MX2193,0,2,20
0,1,11:35:25,3,2,1,MX2193,0,2,125
1,2,11:40:48,3,2,1,MX2193,0,2,192
2,3,11:43:33,3,2,1,MX2193,0,2,64
3,4,11:47:26,3,2,1,MX2193,0,2,101
4,5,11:49:17,3,3,1,MX2193,0,2,40
5,6,11:52:34,3,3,1,MX2193,0,2,105
6,7,11:56:07,3,3,1,MX2193,0,2,111
7,12,12:06:49,3,3,-1,MX2193,4,2,490
12,13,12:08:09,3,3,-1,MX2193,0,2,50
0,1,13:01:54,3,2,-1,MX2193,0,2,164
1,2,13:04:57,3,3,-1,MX2193,0,2,142
2,3,13:07:09,3,3,1,MX2193,0,2,30
3,4,13:09:41,3,4,1,MX2193,0,2,41
4,5,13:12:14,3,4,1,MX2193,0,2,40
5,6,13:14:16,3,4,1,MX2193,0,2,81
6,7,13:19:59,3,4,1,MX2193,0,2,212
7,12,13:31:05,3,5,-1,MX2193,4,2,570
12,13,13:32:26,3,5,-1,MX2193,0,2,30
0,1,14:24:39,3,4,2,MX2193,0,2,161
1,2,14:28:32,3,4,2,MX2193,0,2,152
2,3,14:31:35,3,4,1,MX2193,0,2,101
3,4,14:33:46,3,5,1,MX2193,0,2,60
4,5,14:35:58,3,5,1,MX2193,0,2,10
5,6,14:37:49,3,5,1,MX2193,0,2,60
6,7,14:41:15,3,5,1,MX2193,0,2,70
12,13,14:55:29,3,5,-1,MX2193,0,2,20
0,1,15:57:49,3,2,1,MX2193,0,2,161
1,2,16:02:17,3,3,1,MX2193,0,2,212
2,3,16:04:18,3,3,1,MX2193,0,2,60
3,4,16:06:50,3,3,1,MX2193,0,2,60
4,5,16:08:52,3,3,1,MX2193,0,2,20
5,6,16:10:25,3,3,2,MX2193,0,2,40
6,7,16:13:28,3,4,2,MX2193,0,2,131
12,13,16:27:53,3,4,-1,MX2193,0,2,20
0,1,17:32:56,3,0,2,MX2193,0,2,81
1,2,17:36:49,3,0,2,MX2193,0,2,182
2,3,17:39:15,3,0,1,MX2193,0,2,85
3,4,17:42:18,3,0,1,MX2193,0,2,111
4,5,17:44:19,3,0,1,MX2193,0,2,20
5,6,17:46:35,3,0,1,MX2193,0,2,105
6,7,17:50:48,3,0,1,MX2193,0,2,151
12,13,18:44:46,3,0,-1,MX2193,0,2,30
0,1,20:20:00,3,1,2,MX2193,0,2,101
1,2,20:24:15,3,2,1,MX2193,0,2,204
2,3,20:25:37,3,2,1,MX2193,0,2,21
3,4,20:27:58,3,3,1,MX2193,0,2,80
4,5,20:29:10,3,3,1,MX2193,0,2,10
5,6,20:30:25,3,3,1,MX2193,0,2,30
6,7,20:33:17,3,3,1,MX2193,0,2,131
7,8,20:35:48,3,4,2,MX2193,0,2,80
8,9,20:37:29,3,4,1,MX2193,0,2,60
9,10,20:39:00,3,4,-1,MX2193,0,2,40
11,12,20:40:55,3,4,-1,MX2193,0,2,10
12,13,20:43:37,3,4,-1,MX2193,0,2,10
0,1,21:47:47,3,3,2,MX2193,0,2,151
1,2,21:51:40,3,4,1,MX2193,0,2,222
2,3,21:53:11,3,4,1,MX2193,0,2,30
3,4,21:55:25,3,4,1,MX2193,0,2,61
4,5,21:57:47,3,5,1,MX2193,0,2,50
5,6,21:58:58,3,5,1,MX2193,0,2,30
6,7,22:01:19,3,5,1,MX2193,0,2,100
7,8,22:03:24,3,5,1,MX2193,0,2,74
8,9,22:05:06,3,5,1,MX2193,0,2,50
9,10,22:06:16,3,5,-1,MX2193,0,2,40
11,12,22:10:09,3,5,-1,MX2193,0,2,90
12,13,22:11:13,3,5,-1,MX2193,0,2,10
0,1,23:09:27,3,2,1,MX2193,0,2,50
1,2,23:12:59,3,2,1,MX2193,0,2,171
2,3,23:14:32,3,2,1,MX2193,0,2,32
3,4,23:16:03,3,2,1,MX2193,0,2,30
4,5,23:17:54,3,2,1,MX2193,0,2,40
5,6,23:19:05,3,2,1,MX2193,0,2,30
6,7,23:21:16,3,2,1,MX2193,0,2,90
7,8,23:23:28,3,2,2,MX2193,0,2,80
8,9,23:25:19,3,2,1,MX2193,0,2,60
9,10,23:26:44,3,2,-1,MX2193,0,2,44
10,11,23:27:34,3,2,-1,MX2193,0,2,10
11,12,23:29:46,3,2,-1,MX2193,0,2,80
12,13,23:30:46,3,2,-1,MX2193,0,2,10
0,1,7:38:24,3,4,1,MX2215,0,2,377
1,2,7:40:58,3,4,1,MX2215,0,2,133
2,3,7:44:11,3,4,1,MX2215,0,2,121
3,4,7:47:58,3,4,1,MX2215,0,2,102
4,5,7:51:10,3,4,1,MX2215,0,2,91
5,6,7:52:35,3,4,1,MX2215,0,2,30
6,7,7:54:57,3,4,1,MX2215,0,2,70
7,12,8:05:32,3,2,-1,MX2215,4,2,565
12,13,8:06:13,3,2,-1,MX2215,0,2,20
0,1,9:06:26,3,4,2,MX2215,0,2,379
1,2,9:08:48,3,4,2,MX2215,0,2,122
2,3,9:11:34,3,4,2,MX2215,0,2,112
3,4,9:15:06,3,4,2,MX2215,0,2,91
4,5,9:18:49,3,4,2,MX2215,0,2,111
5,6,9:20:30,3,4,2,MX2215,0,2,70
6,7,9:24:05,3,4,2,MX2215,0,2,91
12,13,9:37:07,3,0,-1,MX2215,0,2,10
0,1,10:24:28,3,3,1,MX2215,0,2,272
1,2,10:29:23,3,3,2,MX2215,0,2,285
2,3,10:32:25,3,4,1,MX2215,0,2,111
3,4,10:35:27,3,3,1,MX2215,0,2,50
4,5,10:37:38,3,3,2,MX2215,0,2,30
5,6,10:38:59,3,3,1,MX2215,0,2,30
6,7,10:42:23,3,4,1,MX2215,0,2,90
12,13,10:56:36,3,1,-1,MX2215,0,2,20
0,1,14:59:55,3,-1,1,MX2215,0,2,90
1,2,15:03:58,3,2,-1,MX2215,0,2,191
2,3,15:05:08,3,1,1,MX2215,0,2,10
3,4,15:08:03,3,1,1,MX2215,0,2,50
4,5,15:10:14,3,1,1,MX2215,0,2,20
5,6,15:11:45,3,1,2,MX2215,0,2,40
6,7,15:15:28,3,1,1,MX2215,0,2,151
7,12,15:26:37,3,0,-1,MX2215,4,2,588
12,13,15:28:28,3,0,-1,MX2215,0,2,30
0,1,16:29:34,3,1,1,MX2215,0,2,245
1,2,16:33:23,3,2,2,MX2215,0,2,134
2,3,16:36:38,3,2,1,MX2215,0,2,142
3,4,16:40:05,3,1,1,MX2215,0,2,74
4,5,16:42:27,3,1,1,MX2215,0,2,30
5,6,16:43:48,3,1,2,MX2215,0,2,30
6,7,16:46:20,3,0,1,MX2215,0,2,91
12,13,17:07:49,3,0,-1,MX2215,0,2,20
0,1,18:11:14,3,1,1,MX2215,0,2,114
1,2,18:16:18,3,2,2,MX2215,0,2,212
2,3,18:19:24,3,2,1,MX2215,0,2,95
3,4,18:22:16,3,2,1,MX2215,0,2,80
4,5,18:24:58,3,1,1,MX2215,0,2,50
5,6,18:27:10,3,1,2,MX2215,0,2,70
6,7,18:31:18,3,1,2,MX2215,0,2,187
12,13,18:51:20,3,0,-1,MX2215,0,2,70
2,3,10:24:18,3,-1,1,MX2239,0,2,30
3,4,10:27:50,3,-1,2,MX2239,0,2,111
4,5,10:30:24,3,-1,2,MX2239,0,2,134
5,6,10:32:25,3,-1,1,MX2239,0,2,40
6,7,10:35:57,3,-1,1,MX2239,0,2,90
7,12,10:46:57,3,-1,-1,MX2239,4,2,558
12,13,10:47:57,3,-1,-1,MX2239,0,2,10
0,2,11:37:56,3,-1,1,MX2239,1,2,478
2,3,11:41:08,3,-1,1,MX2239,0,2,131
3,4,11:44:24,3,-1,1,MX2239,0,2,84
4,5,11:46:46,3,-1,1,MX2239,0,2,60
5,6,11:49:17,3,-1,1,MX2239,0,2,30
6,7,11:53:55,3,-1,1,MX2239,0,2,176
7,12,12:05:17,3,-1,-1,MX2239,4,2,510
12,13,12:06:28,3,-1,-1,MX2239,0,2,20
0,1,23:24:08,3,-1,1,MX2351,0,2,141
1,2,23:27:44,3,-1,1,MX2351,0,2,145
2,3,23:29:15,3,-1,1,MX2351,0,2,30
3,4,23:32:07,3,-1,1,MX2351,0,2,100
4,5,23:33:48,3,-1,1,MX2351,0,2,20
5,6,23:34:49,3,-1,1,MX2351,0,2,20
6,7,23:37:01,3,-1,1,MX2351,0,2,101
7,8,23:39:15,3,-1,1,MX2351,0,4,100
8,9,23:40:56,3,-1,1,MX2351,0,2,50
9,10,23:42:07,3,-1,-1,MX2351,0,2,30
10,11,23:42:57,3,-1,-1,MX2351,0,2,10
11,12,23:43:58,3,-1,-1,MX2351,0,2,10
12,13,23:44:58,3,-1,-1,MX2351,0,2,10
0,1,14:55:39,4,-1,2,AA2836,0,2,189
1,2,15:01:59,4,-1,2,AA2836,0,2,323
2,3,15:04:18,4,-1,1,AA2836,0,2,61
3,4,15:07:59,4,-1,1,AA2836,0,2,210
4,6,15:11:46,4,-1,2,AA2836,1,2,132
6,7,15:14:28,4,-1,1,AA2836,0,2,50
7,12,15:24:17,4,-1,-1,AA2836,4,2,508
12,13,15:25:38,4,-1,-1,AA2836,0,2,40
0,1,16:24:47,4,-1,2,AA2836,0,2,191
1,2,16:28:49,4,-1,3,AA2836,0,2,161
2,3,16:30:42,4,-1,1,AA2836,0,2,31
3,4,16:35:25,4,-1,1,AA2836,0,2,141
4,5,16:37:47,4,-1,2,AA2836,0,2,90
5,6,16:38:47,4,-1,1,AA2836,0,2,30
6,7,16:41:39,4,-1,1,AA2836,0,2,50
0,1,17:58:49,4,-1,2,AA2836,0,2,121
1,2,18:04:07,4,-1,2,AA2836,0,2,244
2,3,18:11:46,4,-1,1,AA2836,0,2,377
3,4,18:17:09,4,-1,1,AA2836,0,2,192
4,5,18:19:46,4,-1,1,AA2836,0,2,40
5,6,18:22:17,4,-1,2,AA2836,0,2,101
6,7,18:27:12,4,-1,2,AA2836,0,2,173
7,8,18:30:27,4,-1,1,AA2836,0,2,122
8,9,18:34:20,4,-1,1,AA2836,0,2,131
9,10,18:35:45,4,-1,-1,AA2836,0,2,54
10,11,18:37:06,4,-1,-1,AA2836,0,2,50
11,12,18:41:19,4,-1,-1,AA2836,0,2,192
12,13,18:43:23,4,-1,-1,AA2836,0,2,30
0,1,20:07:18,4,-1,1,AA2836,0,2,219
1,2,20:11:54,4,-1,1,AA2836,0,2,265
2,3,20:16:06,4,-1,1,AA2836,0,2,161
3,4,20:19:38,4,-1,1,AA2836,0,2,80
4,5,20:20:59,4,-1,1,AA2836,0,2,70
5,6,20:22:10,4,-1,1,AA2836,0,2,20
6,7,20:24:53,4,-1,1,AA2836,0,2,111
7,8,20:27:44,4,-1,1,AA2836,0,2,80
8,9,20:30:57,4,-1,1,AA2836,0,2,131
9,10,20:32:18,4,-1,-1,AA2836,0,2,40
10,11,20:33:39,4,-1,-1,AA2836,0,2,10
11,12,20:35:02,4,-1,-1,AA2836,0,2,62
12,13,20:36:14,4,-1,-1,AA2836,0,2,20
0,1,21:17:34,4,-1,1,AA2836,0,2,205
1,2,21:20:47,4,-1,1,AA2836,0,2,121
2,3,21:24:09,4,-1,1,AA2836,0,2,80
3,4,21:26:07,4,-1,1,AA2836,0,2,30
4,5,21:28:09,4,-1,1,AA2836,0,2,20
5,6,21:29:29,4,-1,1,AA2836,0,2,30
6,7,21:31:01,4,-1,1,AA2836,0,2,61
7,8,21:33:25,4,-1,1,AA2836,0,2,111
8,9,21:35:06,4,-1,1,AA2836,0,2,60
9,10,21:35:47,4,-1,-1,AA2836,0,2,10
10,11,21:36:47,4,-1,-1,AA2836,0,2,10
11,12,21:39:09,4,-1,-1,AA2836,0,2,121
0,1,22:28:08,4,-1,1,AA2836,0,2,202
1,2,22:31:12,4,-1,1,AA2836,0,2,153
2,3,22:33:34,4,-1,1,AA2836,0,2,71
3,4,22:35:46,4,-1,1,AA2836,0,2,80
4,5,22:37:57,4,-1,1,AA2836,0,2,60
5,6,22:39:08,4,-1,1,AA2836,0,2,30
6,7,22:41:19,4,-1,1,AA2836,0,2,80
7,8,22:43:25,4,-1,1,AA2836,0,2,65
8,9,22:45:06,4,-1,1,AA2836,0,2,50
9,10,22:46:07,4,-1,-1,AA2836,0,2,20
10,11,22:47:07,4,-1,-1,AA2836,0,2,10
11,12,22:48:18,4,-1,-1,AA2836,0,2,10
12,13,22:49:39,4,-1,-1,AA2836,0,2,20
0,1,23:36:56,4,-1,2,AA2836,0,2,121
1,2,23:39:48,4,-1,2,AA2836,0,2,141
2,3,23:42:50,4,-1,-1,AA2836,0,2,101
3,4,23:44:47,4,-1,-1,AA2836,0,2,87
4,5,23:45:28,4,-1,1,AA2836,0,2,20
5,6,23:46:28,4,-1,1,AA2836,0,2,30
6,7,23:48:09,4,-1,1,AA2836,0,2,30
7,8,23:51:15,4,-1,1,AA2836,0,2,135
8,9,23:52:46,4,-1,1,AA2836,0,2,40
9,10,23:53:37,4,-1,-1,AA2836,0,2,30
10,11,23:54:07,4,-1,-1,AA2836,0,2,10
11,12,23:55:28,4,-1,-1,AA2836,0,2,30
0,1,15:43:15,4,-1,2,AA2998,0,2,115
1,2,15:46:47,4,-1,2,AA2998,0,2,141
2,3,15:48:48,4,-1,1,AA2998,0,2,50
3,4,15:53:26,4,-1,1,AA2998,0,2,111
4,5,15:55:47,4,-1,1,AA2998,0,2,30
5,6,15:56:48,4,-1,1,AA2998,0,2,30
6,7,16:00:20,4,-1,1,AA2998,0,2,161
0,1,17:10:26,4,-1,1,AA2998,0,2,212
1,2,17:14:28,4,-1,2,AA2998,0,2,232
2,3,17:19:35,4,-1,1,AA2998,0,2,226
3,4,17:23:48,4,-1,-1,AA2998,0,2,141
4,5,17:26:29,4,-1,2,AA2998,0,2,131
5,6,17:28:03,4,-1,2,AA2998,0,2,42
6,7,17:30:34,4,-1,2,AA2998,0,2,70
0,1,18:40:28,4,-1,1,AA2998,0,2,131
1,2,18:44:44,4,-1,1,AA2998,0,2,235
2,3,18:47:36,4,-1,1,AA2998,0,2,121
3,4,18:50:18,4,-1,1,AA2998,0,2,101
4,6,18:54:24,4,-1,1,AA2998,1,2,144
6,7,18:56:45,4,-1,2,AA2998,0,2,80
7,8,19:00:58,4,-1,1,AA2998,0,2,181
8,9,19:03:50,4,-1,1,AA2998,0,2,161
9,10,19:04:50,4,-1,-1,AA2998,0,2,20
10,11,19:06:16,4,-1,-1,AA2998,0,2,20
11,12,19:08:37,4,-1,-1,AA2998,0,2,60
12,13,19:10:19,4,-1,-1,AA2998,0,2,20
0,1,20:36:04,4,-1,1,AA2998,0,2,103
1,2,20:39:26,4,-1,1,AA2998,0,2,101
2,3,20:42:27,4,-1,1,AA2998,0,2,50
3,4,20:45:29,4,-1,1,AA2998,0,2,50
4,5,20:47:53,4,-1,1,AA2998,0,2,113
5,6,20:49:15,4,-1,1,AA2998,0,2,61
6,7,20:50:57,4,-1,1,AA2998,0,2,20
7,8,20:53:19,4,-1,2,AA2998,0,2,70
8,9,20:55:40,4,-1,1,AA2998,0,2,50
9,10,20:56:52,4,-1,-1,AA2998,0,2,31
10,11,20:57:43,4,-1,-1,AA2998,0,2,20
11,12,20:59:15,4,-1,-1,AA2998,0,2,10
12,13,21:01:57,4,-1,-1,AA2998,0,2,80
0,1,21:49:38,4,-1,1,AA2998,0,2,141
1,2,21:52:50,4,-1,1,AA2998,0,2,101
2,3,21:55:25,4,-1,1,AA2998,0,2,80
3,4,21:57:26,4,-1,1,AA2998,0,2,80
4,6,22:01:09,4,-1,1,AA2998,1,2,212
6,7,22:03:45,4,-1,1,AA2998,0,2,95
7,8,22:05:26,4,-1,1,AA2998,0,2,60
8,9,22:07:17,4,-1,1,AA2998,0,2,70
9,10,22:08:48,4,-1,-1,AA2998,0,2,40
10,11,22:09:39,4,-1,-1,AA2998,0,2,10
11,12,22:10:52,4,-1,-1,AA2998,0,2,32
12,13,22:14:04,4,-1,-1,AA2998,0,2,151
0,1,22:59:58,4,-1,1,AA2998,0,2,151
1,2,23:03:20,4,-1,1,AA2998,0,2,131
2,3,23:04:45,4,-1,1,AA2998,0,2,50
3,4,23:07:37,4,-1,1,AA2998,0,2,91
4,5,23:08:28,4,-1,1,AA2998,0,2,10
5,6,23:09:59,4,-1,1,AA2998,0,2,40
6,7,23:12:00,4,-1,1,AA2998,0,2,60
7,8,23:13:44,4,-1,1,AA2998,0,2,60
8,9,23:16:56,4,-1,1,AA2998,0,2,141
9,10,23:18:07,4,-1,-1,AA2998,0,2,40
10,11,23:18:58,4,-1,-1,AA2998,0,2,10
11,12,23:20:39,4,-1,-1,AA2998,0,2,40
12,13,23:21:50,4,-1,-1,AA2998,0,2,10
0,1,0:39:08,4,-1,1,AA3137,0,2,90
1,2,0:41:32,4,-1,1,AA3137,0,2,133
2,3,0:43:23,4,-1,1,AA3137,0,2,20
3,4,0:45:25,4,-1,1,AA3137,0,2,70
4,5,0:47:06,4,-1,1,AA3137,0,2,10
5,6,0:48:17,4,-1,1,AA3137,0,2,20
6,7,0:49:07,4,-1,1,AA3137,0,2,30
7,8,0:50:38,4,-1,1,AA3137,0,2,50
8,9,0:51:49,4,-1,1,AA3137,0,2,40
9,10,0:52:50,4,-1,-1,AA3137,0,2,30
10,11,0:53:53,4,-1,-1,AA3137,0,2,10
11,12,0:54:44,4,-1,-1,AA3137,0,2,21
12,13,0:55:25,4,-1,-1,AA3137,0,3,10
0,1,12:40:54,4,-1,2,AA7020,0,2,202
1,2,12:46:01,4,-1,2,AA7020,0,2,222
2,3,12:48:43,4,-1,1,AA7020,0,2,75
3,4,12:51:44,4,-1,1,AA7020,0,2,107
4,5,12:54:10,4,-1,1,AA7020,0,2,21
5,6,12:56:17,4,-1,2,AA7020,0,2,52
6,7,12:58:24,4,-1,1,AA7020,0,2,64
0,1,10:26:29,4,-1,2,AA7029,0,2,101
1,2,10:30:04,4,-1,2,AA7029,0,2,124
2,4,10:35:18,4,-1,2,AA7029,1,2,263
4,5,10:37:29,4,-1,1,AA7029,0,2,40
5,6,10:38:53,4,-1,1,AA7029,0,2,33
6,7,10:41:25,4,-1,1,AA7029,0,2,70
7,12,10:51:46,4,-1,-1,AA7029,4,2,550
0,1,12:00:53,4,-1,2,AA7029,0,2,404
1,2,12:04:47,4,-1,2,AA7029,0,2,213
2,3,12:11:25,4,-1,2,AA7029,0,2,251
3,4,12:14:34,4,-1,2,AA7029,0,2,73
4,5,12:17:01,4,-1,1,AA7029,0,2,125
5,6,12:18:15,4,-1,1,AA7029,0,2,42
6,7,12:21:24,4,-1,1,AA7029,0,2,126
7,12,12:29:10,4,-1,-1,AA7029,4,2,413
12,13,12:30:17,4,-1,-1,AA7029,0,2,21
0,2,0:03:16,4,-1,1,AA7604,1,2,295
2,3,0:05:27,4,-1,1,AA7604,0,2,70
3,4,0:07:08,4,-1,1,AA7604,0,2,40
4,5,0:08:49,4,-1,1,AA7604,0,2,10
5,6,0:09:51,4,-1,1,AA7604,0,2,31
6,7,0:11:05,4,-1,1,AA7604,0,2,30
7,8,0:12:36,4,-1,1,AA7604,0,2,60
8,9,0:14:47,4,-1,1,AA7604,0,2,111
9,10,0:15:47,4,-1,-1,AA7604,0,2,30
10,11,0:16:38,4,-1,-1,AA7604,0,2,10
11,12,0:18:19,4,-1,-1,AA7604,0,2,60
12,13,0:19:10,4,-1,-1,AA7604,0,2,20
0,1,1:02:19,4,-1,1,AA7604,0,3,202
1,2,1:05:55,4,-1,1,AA7604,0,3,165
2,3,1:07:56,4,-1,1,AA7604,0,3,60
3,4,1:09:57,4,-1,1,AA7604,0,3,90
4,5,1:10:58,4,-1,1,AA7604,0,3,20
5,6,1:11:58,4,-1,1,AA7604,0,3,40
6,7,1:14:00,4,-1,1,AA7604,0,3,90
7,8,1:16:05,4,-1,1,AA7604,0,3,95
8,9,1:17:47,4,-1,1,AA7604,0,3,61
9,10,1:18:38,4,-1,-1,AA7604,0,3,20
10,11,1:19:28,4,-1,-1,AA7604,0,3,20
11,12,1:20:55,4,-1,-1,AA7604,0,3,44
12,13,1:21:25,4,-1,-1,AA7604,0,3,10
1,2,6:03:24,4,0,1,MU9578,0,2,63
2,3,6:05:15,4,0,1,MU9578,0,2,70
3,4,6:07:37,4,0,1,MU9578,0,2,30
4,5,6:08:58,4,0,1,MU9578,0,2,10
5,6,6:09:58,4,1,1,MU9578,0,2,20
6,7,6:12:10,4,1,1,MU9578,0,2,101
7,12,6:18:18,4,1,-1,MU9578,4,2,307
12,13,6:18:58,4,1,-1,MU9578,0,2,10
0,1,6:58:19,4,1,1,MU9578,0,2,91
1,2,7:01:43,4,1,1,MU9578,0,2,163
2,3,7:04:04,4,1,1,MU9578,0,2,50
3,4,7:07:08,4,1,1,MU9578,0,2,101
4,5,7:08:09,4,1,1,MU9578,0,2,10
5,6,7:10:10,4,1,1,MU9578,0,2,101
6,7,7:13:25,4,1,1,MU9578,0,2,154
7,12,7:19:49,4,1,-1,MU9578,4,2,323
12,13,7:20:32,4,1,-1,MU9578,0,2,22
0,1,8:13:15,4,3,3,MU9578,0,2,236
1,2,8:23:48,4,4,2,MU9578,0,2,622
2,3,8:28:43,4,3,2,MU9578,0,2,121
3,4,8:32:37,4,4,2,MU9578,0,2,213
4,5,8:35:30,4,4,1,MU9578,0,2,50
5,6,8:38:16,4,4,1,MU9578,0,2,145
6,7,8:41:48,4,4,1,MU9578,0,2,80
12,13,8:59:39,4,3,-1,MU9578,0,2,30
0,1,9:49:32,4,3,2,MU9578,0,2,173
1,2,9:52:45,4,4,2,MU9578,0,2,152
2,3,9:56:17,4,3,1,MU9578,0,2,90
3,4,9:59:30,4,3,1,MU9578,0,2,121
4,5,10:02:15,4,3,1,MU9578,0,2,63
5,6,10:03:56,4,4,1,MU9578,0,2,30
6,7,10:06:28,4,4,2,MU9578,0,2,101
7,12,10:14:07,4,4,-1,MU9578,4,2,408
12,13,10:15:07,4,4,-1,MU9578,0,2,10
0,1,11:43:20,4,0,2,MU9578,0,2,192
1,2,11:48:27,4,1,2,MU9578,0,2,183
2,3,11:50:48,4,1,2,MU9578,0,2,62
3,4,11:52:44,4,1,2,MU9578,0,2,41
4,5,11:55:11,4,2,1,MU9578,0,2,52
5,6,11:56:46,4,2,1,MU9578,0,2,52
6,7,11:59:45,4,2,1,MU9578,0,2,137
7,12,12:10:21,4,2,-1,MU9578,4,2,547
12,13,12:11:04,4,2,-1,MU9578,0,2,10
0,1,13:13:09,4,3,2,MU9578,0,2,125
1,2,13:15:58,4,3,2,MU9578,0,2,145
2,3,13:18:27,4,3,1,MU9578,0,2,64
3,4,13:22:38,4,3,1,MU9578,0,2,95
4,5,13:24:55,4,3,1,MU9578,0,2,64
5,6,13:28:17,4,3,2,MU9578,0,2,170
6,7,13:31:52,4,4,2,MU9578,0,2,95
7,12,13:42:44,4,5,-1,MU9578,4,2,589
0,1,14:40:45,4,4,1,MU9578,0,2,139
1,2,14:45:33,4,4,2,MU9578,0,2,236
2,3,14:50:13,4,4,1,MU9578,0,2,197
3,4,14:53:11,4,4,1,MU9578,0,2,51
4,5,14:55:28,4,4,1,MU9578,0,2,31
5,6,14:58:51,4,5,1,MU9578,0,2,93
6,7,15:01:38,4,5,1,MU9578,0,2,115
12,13,15:15:28,4,5,-1,MU9578,0,2,20
1,2,16:14:47,4,1,2,MU9578,0,2,229
2,3,16:18:21,4,1,2,MU9578,0,2,80
3,4,16:22:25,4,2,1,MU9578,0,2,80
4,5,16:25:37,4,2,1,MU9578,0,2,90
5,6,16:28:49,4,2,1,MU9578,0,2,161
6,7,16:32:34,4,2,1,MU9578,0,2,132
0,1,19:59:24,4,1,1,MU9578,0,2,100
1,2,20:02:37,4,1,1,MU9578,0,2,152
2,3,20:03:48,4,2,1,MU9578,0,2,40
3,4,20:05:39,4,2,1,MU9578,0,2,70
4,5,20:07:07,4,2,1,MU9578,0,2,67
5,6,20:08:59,4,2,1,MU9578,0,2,60
6,7,20:11:54,4,2,1,MU9578,0,2,144
7,8,20:15:36,4,2,1,MU9578,0,2,151
8,9,20:17:37,4,2,1,MU9578,0,2,80
9,10,20:18:38,4,2,-1,MU9578,0,2,40
10,11,20:19:38,4,2,-1,MU9578,0,2,10
11,12,20:21:19,4,2,-1,MU9578,0,2,60
12,13,20:22:41,4,2,-1,MU9578,0,2,21
2,3,7:59:17,4,-1,1,MW2183,0,2,91
3,4,8:02:20,4,-1,1,MW2183,0,2,91
4,5,8:04:34,4,-1,1,MW2183,0,2,60
5,6,8:06:07,4,-1,1,MW2183,0,2,30
6,7,8:08:39,4,-1,2,MW2183,0,2,80
12,13,8:21:46,4,-1,-1,MW2183,0,2,10
0,1,10:39:14,4,-1,2,MW2183,0,2,134
1,2,10:42:36,4,-1,2,MW2183,0,2,141
2,3,10:47:30,4,-1,2,MW2183,0,2,192
3,4,10:50:14,4,-1,2,MW2183,0,2,51
4,5,10:52:27,4,-1,1,MW2183,0,2,50
5,6,10:53:38,4,-1,2,MW2183,0,2,20
6,7,10:56:52,4,-1,1,MW2183,0,2,103
7,12,11:06:00,4,-1,-1,MW2183,4,2,496
12,13,11:06:50,4,-1,-1,MW2183,0,2,20
0,1,15:09:44,4,-1,2,MW2183,0,2,177
1,2,15:13:37,4,-1,2,MW2183,0,2,212
2,3,15:20:24,4,-1,1,MW2183,0,2,377
3,4,15:22:26,4,-1,1,MW2183,0,2,40
4,5,15:24:27,4,-1,1,MW2183,0,2,40
5,6,15:25:28,4,-1,1,MW2183,0,2,20
6,7,15:28:10,4,-1,1,MW2183,0,2,91
7,12,15:38:38,4,-1,-1,MW2183,4,2,509
12,13,15:39:38,4,-1,-1,MW2183,0,2,20
2,3,16:47:38,4,-1,1,MW2183,0,2,111
3,4,16:50:23,4,-1,1,MW2183,0,2,95
4,5,16:52:36,4,-1,2,MW2183,0,2,40
5,6,16:53:37,4,-1,1,MW2183,0,2,20
6,7,16:55:38,4,-1,1,MW2183,0,2,60
7,12,17:05:59,4,-1,-1,MW2183,4,2,539
12,13,17:06:53,4,-1,-1,MW2183,0,2,10
1,2,18:23:18,4,-1,2,MW2183,0,2,253
2,3,18:28:56,4,-1,1,MW2183,0,2,267
3,4,18:32:09,4,-1,1,MW2183,0,2,101
4,5,18:34:10,4,-1,2,MW2183,0,2,70
5,6,18:36:15,4,-1,2,MW2183,0,2,60
6,7,18:39:07,4,-1,2,MW2183,0,2,91
7,8,18:43:34,4,-1,1,MW2183,0,2,215
8,9,18:47:36,4,-1,1,MW2183,0,2,81
9,11,18:50:49,4,-1,-1,MW2183,1,2,171
11,12,18:56:25,4,-1,-1,MW2183,0,2,296
12,13,18:57:36,4,-1,-1,MW2183,0,2,60
0,1,6:15:06,4,-1,1,MW2420,0,2,155
1,2,6:18:28,4,-1,1,MW2420,0,2,151
2,3,6:20:49,4,-1,1,MW2420,0,2,111
3,4,6:22:54,4,-1,1,MW2420,0,2,61
4,5,6:24:56,4,-1,1,MW2420,0,2,40
5,6,6:26:06,4,-1,1,MW2420,0,2,30
6,7,6:28:18,4,-1,1,MW2420,0,2,101
7,12,6:34:15,4,-1,-1,MW2420,4,2,316
12,13,6:35:05,4,-1,-1,MW2420,0,2,10
4,5,7:26:17,4,-1,1,MW2420,0,2,30
5,6,7:27:18,4,-1,1,MW2420,0,2,30
6,7,7:29:34,4,-1,1,MW2420,0,2,95
7,12,7:39:25,4,-1,-1,MW2420,4,2,510
12,13,7:40:36,4,-1,-1,MW2420,0,2,10
0,1,8:39:06,4,-1,3,MW2420,0,2,226
1,2,8:46:05,4,-1,2,MW2420,0,2,358
2,3,8:49:48,4,-1,2,MW2420,0,2,81
3,4,8:53:14,4,-1,2,MW2420,0,2,124
4,5,8:55:57,4,-1,3,MW2420,0,2,50
5,6,8:58:39,4,-1,2,MW2420,0,2,101
6,7,9:01:44,4,-1,2,MW2420,0,2,144
12,13,9:18:28,4,-1,-1,MW2420,0,2,20
0,1,10:33:07,4,-1,2,MW2420,0,2,101
1,2,10:37:19,4,-1,2,MW2420,0,2,222
2,3,10:44:17,4,-1,2,MW2420,0,2,303
3,4,10:46:29,4,-1,2,MW2420,0,2,50
4,5,10:48:33,4,-1,1,MW2420,0,2,32
5,6,10:50:46,4,-1,2,MW2420,0,2,31
6,7,10:55:09,4,-1,1,MW2420,0,2,161
7,12,11:04:38,4,-1,-1,MW2420,4,2,498
12,13,11:06:00,4,-1,-1,MW2420,0,2,30
0,1,11:57:49,4,-1,2,MW2420,0,2,147
1,2,12:01:24,4,-1,2,MW2420,0,2,162
2,3,12:06:11,4,-1,2,MW2420,0,2,223
3,4,12:09:19,4,-1,2,MW2420,0,2,125
4,5,12:11:57,4,-1,1,MW2420,0,2,53
5,6,12:13:32,4,-1,1,MW2420,0,2,52
6,7,12:16:30,4,-1,1,MW2420,0,2,136
7,12,12:24:05,4,-1,-1,MW2420,4,2,393
12,13,12:24:47,4,-1,-1,MW2420,0,2,10
0,1,13:29:02,4,-1,2,MW2420,0,2,194
1,2,13:32:24,4,-1,3,MW2420,0,2,158
2,3,13:36:16,4,-1,1,MW2420,0,2,181
3,4,13:40:06,4,-1,1,MW2420,0,2,73
4,5,13:42:21,4,-1,1,MW2420,0,2,51
5,6,13:43:57,4,-1,1,MW2420,0,2,20
6,7,13:47:19,4,-1,1,MW2420,0,2,119
7,12,13:58:24,4,-1,-1,MW2420,4,2,559
12,13,13:59:27,4,-1,-1,MW2420,0,2,21
1,2,12:31:54,4,-1,2,MW2630,0,2,163
2,3,12:35:26,4,-1,1,MW2630,0,2,118
3,4,12:38:14,4,-1,1,MW2630,0,2,73
4,5,12:40:33,4,-1,1,MW2630,0,2,107
5,6,12:42:40,4,-1,2,MW2630,0,2,84
6,7,12:46:22,4,-1,2,MW2630,0,2,146
7,8,12:50:28,4,-1,2,MW2630,0,2,104
12,13,13:05:50,4,-1,-1,MW2630,0,2,10
0,1,0:20:00,4,-1,1,MW2693,0,2,71
1,2,0:22:24,4,-1,-1,MW2693,0,2,113
2,3,0:24:46,4,-1,-1,MW2693,0,2,111
3,4,0:26:16,4,-1,1,MW2693,0,2,40
4,5,0:27:48,4,-1,1,MW2693,0,2,10
5,6,0:28:48,4,-1,1,MW2693,0,2,20
6,7,0:31:10,4,-1,1,MW2693,0,2,90
7,8,0:33:05,4,-1,1,MW2693,0,2,70
8,9,0:34:05,4,-1,1,MW2693,0,2,30
9,10,0:35:06,4,-1,-1,MW2693,0,2,20
11,12,0:37:37,4,-1,-1,MW2693,0,2,50
12,13,0:37:58,4,-1,-1,MW2693,0,2,10
0,1,6:40:59,4,2,1,MX1240,0,2,161
1,2,6:44:26,4,2,1,MX1240,0,2,186
2,3,6:45:47,4,2,1,MX1240,0,2,30
3,4,6:47:59,4,3,1,MX1240,0,2,60
4,5,6:49:19,4,3,1,MX1240,0,2,30
5,6,6:50:20,4,3,1,MX1240,0,2,30
6,7,6:52:24,4,3,1,MX1240,0,2,91
7,12,7:00:00,4,4,-1,MX1240,4,2,405
12,13,7:00:42,4,4,-1,MX1240,0,2,10
0,1,7:57:36,4,2,2,MX1240,0,2,236
2,3,8:15:28,4,4,2,MX1240,0,2,213
3,4,8:19:35,4,5,2,MX1240,0,2,104
4,5,8:24:38,4,5,1,MX1240,0,2,121
5,6,8:27:42,4,5,1,MX1240,0,2,20
6,7,8:34:39,4,5,1,MX1240,0,2,284
0,1,9:40:04,4,2,1,MX1240,0,2,204
1,2,9:44:07,4,2,2,MX1240,0,2,181
2,3,9:50:02,4,3,1,MX1240,0,2,305
3,4,9:52:45,4,3,1,MX1240,0,2,91
4,5,9:54:56,4,4,1,MX1240,0,2,40
5,6,9:56:48,4,4,2,MX1240,0,2,30
6,7,10:00:30,4,5,1,MX1240,0,2,131
7,12,10:11:14,4,5,-1,MX1240,4,2,579
12,13,10:12:15,4,5,-1,MX1240,0,2,30
0,1,11:20:57,4,1,1,MX1240,0,2,186
1,2,11:24:42,4,1,1,MX1240,0,2,204
2,3,11:27:54,4,1,1,MX1240,0,2,111
3,4,11:31:58,4,1,2,MX1240,0,2,141
4,5,11:34:20,4,2,1,MX1240,0,2,40
5,6,11:35:54,4,2,1,MX1240,0,2,40
6,7,11:38:56,4,2,1,MX1240,0,2,101
7,12,11:49:09,4,3,-1,MX1240,4,2,561
12,13,11:50:48,4,3,-1,MX1240,0,2,41
0,1,12:45:40,4,3,2,MX1240,0,2,115
1,2,12:49:25,4,3,2,MX1240,0,2,193
2,3,12:52:57,4,3,1,MX1240,0,2,148
3,4,12:55:14,4,3,1,MX1240,0,2,63
4,5,12:56:48,4,3,1,MX1240,0,2,52
5,6,12:58:03,4,3,2,MX1240,0,2,31
6,7,13:01:16,4,3,1,MX1240,0,2,119
7,12,13:10:28,4,4,-1,MX1240,4,2,499
12,13,13:12:28,4,4,-1,MX1240,0,2,21
0,1,14:08:57,4,2,1,MX1240,0,2,188
1,2,14:13:52,4,4,2,MX1240,0,2,180
2,3,14:18:28,4,4,1,MX1240,0,2,191
3,4,14:21:57,4,4,1,MX1240,0,2,136
4,5,14:24:37,4,4,1,MX1240,0,2,52
5,6,14:25:56,4,5,1,MX1240,0,2,31
6,7,14:29:26,4,5,1,MX1240,0,2,135
7,12,14:41:06,4,5,-1,MX1240,4,2,501
12,13,14:42:39,4,5,-1,MX1240,0,2,41
0,1,6:34:25,4,-1,1,MX1601,0,2,111
1,2,6:37:37,4,-1,1,MX1601,0,2,131
2,3,6:39:18,4,-1,1,MX1601,0,2,60
3,4,6:43:05,4,-1,1,MX1601,0,2,196
4,5,6:44:16,4,-1,1,MX1601,0,2,10
5,6,6:45:27,4,-1,1,MX1601,0,2,20
6,7,6:47:18,4,-1,1,MX1601,0,2,80
7,12,6:54:46,4,-1,-1,MX1601,4,2,377
12,13,6:55:17,4,-1,-1,MX1601,0,2,10
1,2,7:58:37,4,-1,2,MX1601,0,2,388
2,3,8:05:15,4,-1,1,MX1601,0,2,327
3,4,8:09:49,4,-1,2,MX1601,0,2,141
4,5,8:12:35,4,-1,1,MX1601,0,2,30
5,6,8:14:37,4,-1,1,MX1601,0,2,40
6,7,8:18:20,4,-1,1,MX1601,0,2,161
12,13,8:33:48,4,-1,-1,MX1601,0,2,20
0,1,11:13:07,4,-1,2,MX1601,0,2,131
1,2,11:17:09,4,-1,2,MX1601,0,2,161
2,3,11:19:36,4,-1,1,MX1601,0,2,61
3,4,11:22:08,4,-1,2,MX1601,0,2,81
4,5,11:25:32,4,-1,1,MX1601,0,2,72
5,6,11:26:54,4,-1,1,MX1601,0,2,60
6,7,11:30:27,4,-1,1,MX1601,0,2,101
12,13,11:43:40,4,-1,-1,MX1601,0,2,20
1,2,12:39:27,4,-1,2,MX1601,0,2,167
2,3,12:41:58,4,-1,1,MX1601,0,2,84
3,4,12:44:58,4,-1,1,MX1601,0,2,96
4,5,12:47:17,4,-1,1,MX1601,0,2,42
5,6,12:48:43,4,-1,1,MX1601,0,2,33
6,7,12:51:20,4,-1,2,MX1601,0,2,62
7,12,13:00:45,4,-1,-1,MX1601,4,2,519
12,13,13:01:48,4,-1,-1,MX1601,0,2,10
0,1,14:02:25,4,-1,1,MX1601,0,2,104
1,2,14:06:20,4,-1,2,MX1601,0,2,172
2,3,14:08:57,4,-1,1,MX1601,0,2,94
3,4,14:12:59,4,-1,1,MX1601,0,2,148
4,5,14:15:28,4,-1,1,MX1601,0,2,63
5,6,14:16:44,4,-1,1,MX1601,0,2,24
6,7,14:20:23,4,-1,1,MX1601,0,2,135
7,12,14:31:09,4,-1,-1,MX1601,4,2,561
12,13,14:32:12,4,-1,-1,MX1601,0,2,20
0,1,15:32:00,4,-1,2,MX1601,0,2,121
1,2,15:35:35,4,-1,3,MX1601,0,2,132
2,3,15:41:09,4,-1,1,MX1601,0,2,294
3,4,15:44:15,4,-1,1,MX1601,0,2,70
4,5,15:46:47,4,-1,1,MX1601,0,2,60
5,6,15:48:08,4,-1,1,MX1601,0,2,30
6,7,15:51:10,4,-1,1,MX1601,0,2,121
12,13,16:03:15,4,-1,-1,MX1601,0,2,30
0,1,16:59:55,4,-1,2,MX1601,0,2,141
1,2,17:03:57,4,-1,-1,MX1601,0,2,161
2,3,17:08:34,4,-1,1,MX1601,0,2,205
3,4,17:13:07,4,-1,1,MX1601,0,2,121
4,5,17:15:29,4,-1,1,MX1601,0,2,30
5,6,17:17:33,4,-1,1,MX1601,0,2,83
6,7,17:19:55,4,-1,1,MX1601,0,2,60
12,13,17:33:46,4,-1,-1,MX1601,0,2,10
0,1,18:37:16,4,-1,1,MX1601,0,2,121
1,2,18:42:33,4,-1,1,MX1601,0,2,266
2,3,18:44:44,4,-1,1,MX1601,0,2,50
3,4,18:46:56,4,-1,1,MX1601,0,2,70
4,5,18:49:28,4,-1,2,MX1601,0,2,50
5,6,18:51:39,4,-1,1,MX1601,0,2,30
6,7,18:54:44,4,-1,2,MX1601,0,2,121
7,12,19:04:50,4,-1,-1,MX1601,4,2,596
12,13,19:06:06,4,-1,-1,MX1601,0,2,20
0,1,20:29:37,4,-1,1,MX1601,0,2,122
1,2,20:32:49,4,-1,2,MX1601,0,2,131
2,3,20:34:10,4,-1,1,MX1601,0,2,41
3,4,20:37:24,4,-1,1,MX1601,0,2,132
4,5,20:38:45,4,-1,1,MX1601,0,2,30
5,6,20:40:26,4,-1,1,MX1601,0,2,50
6,7,20:42:38,4,-1,1,MX1601,0,2,50
7,8,20:45:39,4,-1,2,MX1601,0,2,141
8,9,20:47:33,4,-1,1,MX1601,0,2,53
9,10,20:48:34,4,-1,-1,MX1601,0,2,30
10,11,20:49:15,4,-1,-1,MX1601,0,2,21
11,12,20:50:27,4,-1,-1,MX1601,0,2,30
12,13,20:51:28,4,-1,-1,MX1601,0,2,10
0,1,21:41:12,4,-1,1,MX1601,0,2,143
1,2,21:45:05,4,-1,1,MX1601,0,2,162
2,3,21:48:17,4,-1,1,MX1601,0,2,111
3,4,21:50:39,4,-1,1,MX1601,0,2,60
4,5,21:53:11,4,-1,1,MX1601,0,2,70
5,6,21:54:24,4,-1,1,MX1601,0,2,20
6,7,21:56:36,4,-1,1,MX1601,0,2,80
7,8,21:59:08,4,-1,1,MX1601,0,2,80
8,9,22:01:09,4,-1,1,MX1601,0,2,71
9,10,22:02:10,4,-1,-1,MX1601,0,2,30
11,12,22:04:36,4,-1,-1,MX1601,0,2,60
12,13,22:05:16,4,-1,-1,MX1601,0,2,10
0,2,22:53:34,4,-1,1,MX1601,1,2,355
2,3,22:55:55,4,-1,1,MX1601,0,2,80
3,4,22:57:57,4,-1,1,MX1601,0,2,70
4,5,22:58:57,4,-1,1,MX1601,0,2,20
5,6,23:00:08,4,-1,1,MX1601,0,2,20
6,7,23:01:59,4,-1,1,MX1601,0,2,80
7,8,23:03:34,4,-1,1,MX1601,0,2,54
8,9,23:04:55,4,-1,1,MX1601,0,2,40
9,10,23:06:06,4,-1,-1,MX1601,0,2,40
10,11,23:07:37,4,-1,-1,MX1601,0,2,10
11,12,23:08:38,4,-1,-1,MX1601,0,2,10
12,13,23:09:28,4,-1,-1,MX1601,0,2,10
0,1,23:59:15,4,-1,1,MX1601,0,2,82
0,1,7:22:23,4,-1,1,MX1625,0,2,174
1,2,7:26:28,4,-1,2,MX1625,0,2,162
2,3,7:27:48,4,-1,1,MX1625,0,2,20
3,4,7:30:45,4,-1,1,MX1625,0,2,60
4,5,7:33:06,4,-1,1,MX1625,0,2,70
5,6,7:34:28,4,-1,1,MX1625,0,2,40
6,7,7:37:34,4,-1,1,MX1625,0,2,114
7,8,7:47:13,4,-1,1,MX1625,0,2,91
8,12,7:58:06,4,-1,-1,MX1625,3,2,602
12,13,7:59:17,4,-1,-1,MX1625,0,2,30
0,1,10:16:48,4,-1,1,MX1625,0,2,121
1,2,10:20:55,4,-1,2,MX1625,0,2,215
2,3,10:24:17,4,-1,1,MX1625,0,2,70
3,4,10:27:30,4,-1,2,MX1625,0,2,131
4,5,10:30:14,4,-1,2,MX1625,0,2,92
5,6,10:32:06,4,-1,1,MX1625,0,2,30
6,7,10:34:27,4,-1,1,MX1625,0,2,60
7,12,10:43:37,4,-1,-1,MX1625,4,2,438
12,13,10:44:58,4,-1,-1,MX1625,0,2,20
0,1,14:49:00,4,-1,2,MX1625,0,2,124
1,2,14:54:26,4,-1,2,MX1625,0,2,189
2,3,14:59:42,4,-1,1,MX1625,0,2,187
3,4,15:04:08,4,-1,1,MX1625,0,2,129
4,5,15:06:05,4,-1,1,MX1625,0,2,20
5,6,15:07:38,4,-1,1,MX1625,0,2,31
6,7,15:10:35,4,-1,1,MX1625,0,2,125
7,12,15:21:35,4,-1,-1,MX1625,4,2,579
12,13,15:22:46,4,-1,-1,MX1625,0,2,30
1,2,16:23:26,4,-1,3,MX1625,0,2,161
2,3,16:26:07,4,-1,1,MX1625,0,2,101
3,4,16:27:59,4,-1,1,MX1625,0,2,40
4,5,16:30:32,4,-1,1,MX1625,0,2,72
5,6,16:33:04,4,-1,1,MX1625,0,2,50
6,7,16:36:26,4,-1,1,MX1625,0,2,141
12,13,16:50:03,4,-1,-1,MX1625,0,2,20
0,1,17:57:28,4,-1,2,MX1625,0,2,212
1,2,18:03:36,4,-1,2,MX1625,0,2,266
2,3,18:11:05,4,-1,1,MX1625,0,2,408
3,4,18:15:28,4,-1,1,MX1625,0,2,101
4,5,18:18:10,4,-1,1,MX1625,0,2,40
5,6,18:19:46,4,-1,2,MX1625,0,2,50
6,7,18:23:18,4,-1,2,MX1625,0,2,70
7,8,18:25:51,4,-1,1,MX1625,0,2,92
8,9,18:31:48,4,-1,1,MX1625,0,2,276
9,10,18:32:59,4,-1,-1,MX1625,0,2,20
10,11,18:34:20,4,-1,-1,MX1625,0,2,20
11,12,18:36:25,4,-1,-1,MX1625,0,2,40
12,13,18:39:07,4,-1,-1,MX1625,0,2,40
4,5,0:00:55,4,-1,1,MX1711,0,2,20
5,6,0:01:45,4,-1,1,MX1711,0,2,20
6,7,0:04:07,4,-1,1,MX1711,0,2,80
7,8,0:05:37,4,-1,1,MX1711,0,2,50
8,9,0:07:19,4,-1,1,MX1711,0,2,60
9,10,0:08:19,4,-1,-1,MX1711,0,2,30
10,11,0:09:20,4,-1,-1,MX1711,0,2,30
11,12,0:10:01,4,-1,-1,MX1711,0,2,10
12,13,0:11:05,4,-1,-1,MX1711,0,2,10
0,1,0:50:28,4,-1,1,MX1711,0,2,80
1,2,0:52:10,4,-1,1,MX1711,0,2,70
2,3,0:53:53,4,-1,1,MX1711,0,2,20
3,4,0:55:25,4,-1,1,MX1711,0,3,50
4,5,0:56:35,4,-1,1,MX1711,0,3,20
5,6,0:57:26,4,-1,1,MX1711,0,3,20
6,7,0:58:47,4,-1,1,MX1711,0,3,40
7,8,1:00:08,4,-1,2,MX1711,0,3,60
8,9,1:01:18,4,-1,1,MX1711,0,3,40
9,10,1:02:19,4,-1,-1,MX1711,0,3,30
10,11,1:03:09,4,-1,-1,MX1711,0,3,20
11,12,1:03:33,4,-1,-1,MX1711,0,3,13
12,13,1:03:53,4,-1,-1,MX1711,0,3,10
1,2,6:31:53,4,-1,1,MX1711,0,2,113
2,3,6:34:25,4,-1,1,MX1711,0,2,30
3,4,6:37:07,4,-1,1,MX1711,0,2,70
4,5,6:38:07,4,-1,1,MX1711,0,2,30
5,6,6:38:58,4,-1,1,MX1711,0,2,30
6,7,6:40:59,4,-1,1,MX1711,0,2,101
7,12,6:47:48,4,-1,-1,MX1711,4,2,377
12,13,6:48:29,4,-1,-1,MX1711,0,2,20
1,2,7:48:44,4,-1,1,MX1711,0,2,182
2,3,7:52:18,4,-1,1,MX1711,0,2,101
3,4,7:56:24,4,-1,2,MX1711,0,2,165
4,5,7:58:37,4,-1,2,MX1711,0,2,92
5,6,7:59:37,4,-1,1,MX1711,0,2,30
6,7,8:02:33,4,-1,1,MX1711,0,2,114
7,13,8:13:05,4,-1,-1,MX1711,5,2,510
1,2,11:00:36,4,-1,1,MX1711,0,2,183
2,3,11:02:47,4,-1,1,MX1711,0,2,70
3,4,11:05:09,4,-1,2,MX1711,0,2,90
4,5,11:06:30,4,-1,2,MX1711,0,2,60
5,6,11:08:03,4,-1,1,MX1711,0,2,30
6,7,11:11:05,4,-1,1,MX1711,0,2,80
7,12,11:20:47,4,-1,-1,MX1711,4,2,490
12,13,11:21:38,4,-1,-1,MX1711,0,2,10
1,2,12:29:35,4,-1,2,MX1711,0,2,203
2,3,12:33:49,4,-1,1,MX1711,0,2,83
3,4,12:37:00,4,-1,1,MX1711,0,2,115
4,5,12:38:45,4,-1,1,MX1711,0,2,52
5,6,12:41:15,4,-1,2,MX1711,0,2,107
6,7,12:43:55,4,-1,1,MX1711,0,2,107
7,12,12:54:10,4,-1,-1,MX1711,4,2,488
12,13,12:55:14,4,-1,-1,MX1711,0,2,21
1,2,13:54:32,4,-1,2,MX1711,0,2,177
2,3,13:57:12,4,-1,1,MX1711,0,2,93
3,4,14:00:30,4,-1,1,MX1711,0,2,135
4,5,14:02:35,4,-1,1,MX1711,0,2,31
5,6,14:03:49,4,-1,2,MX1711,0,2,31
6,7,14:07:12,4,-1,1,MX1711,0,2,104
7,12,14:17:47,4,-1,-1,MX1711,4,2,561
12,13,14:18:18,4,-1,-1,MX1711,0,2,10
0,1,15:19:23,4,-1,2,MX1711,0,2,72
1,2,15:24:37,4,-1,2,MX1711,0,2,293
2,3,15:31:50,4,-1,1,MX1711,0,2,210
3,4,15:34:53,4,-1,1,MX1711,0,2,50
4,5,15:35:55,4,-1,1,MX1711,0,2,20
5,6,15:37:37,4,-1,1,MX1711,0,2,71
6,7,15:39:28,4,-1,1,MX1711,0,2,60
7,12,15:48:58,4,-1,-1,MX1711,4,2,539
12,13,15:50:09,4,-1,-1,MX1711,0,2,20
0,1,16:49:53,4,-1,1,MX1711,0,2,267
1,2,16:54:27,4,-1,2,MX1711,0,2,202
2,3,16:56:49,4,-1,1,MX1711,0,2,70
3,4,16:59:55,4,-1,1,MX1711,0,2,40
4,5,17:02:16,4,-1,-1,MX1711,0,2,40
5,6,17:03:37,4,-1,-1,MX1711,0,2,40
6,7,17:05:59,4,-1,2,MX1711,0,2,80
12,13,17:21:26,4,-1,-1,MX1711,0,2,10
0,1,18:29:06,4,-1,1,MX1711,0,2,144
1,2,18:34:00,4,-1,2,MX1711,0,2,212
2,3,18:39:18,4,-1,1,MX1711,0,2,202
3,4,18:42:53,4,-1,1,MX1711,0,2,94
4,5,18:45:05,4,-1,2,MX1711,0,2,30
5,6,18:46:05,4,-1,2,MX1711,0,2,30
7,8,18:54:54,4,-1,3,MX1711,0,2,275
8,9,18:57:46,4,-1,1,MX1711,0,2,80
9,10,18:59:27,4,-1,-1,MX1711,0,2,50
10,11,19:00:58,4,-1,-1,MX1711,0,2,30
11,12,19:03:40,4,-1,-1,MX1711,0,2,101
12,13,19:04:50,4,-1,-1,MX1711,0,2,20
0,1,20:23:12,4,-1,1,MX1711,0,2,102
1,2,20:26:44,4,-1,2,MX1711,0,2,131
2,3,20:28:36,4,-1,1,MX1711,0,2,31
3,4,20:31:48,4,-1,1,MX1711,0,2,50
4,5,20:32:59,4,-1,1,MX1711,0,2,20
5,6,20:34:32,4,-1,1,MX1711,0,2,32
6,7,20:36:54,4,-1,1,MX1711,0,2,80
7,8,20:39:46,4,-1,2,MX1711,0,2,111
8,9,20:41:27,4,-1,1,MX1711,0,2,50
9,10,20:42:38,4,-1,-1,MX1711,0,2,40
10,11,20:44:08,4,-1,-1,MX1711,0,2,30
11,12,20:44:59,4,-1,-1,MX1711,0,2,40
12,13,20:46:00,4,-1,-1,MX1711,0,2,30
0,1,21:32:14,4,-1,1,MX1711,0,2,144
1,2,21:35:36,4,-1,1,MX1711,0,2,131
2,3,21:38:08,4,-1,1,MX1711,0,2,40
3,5,21:42:44,4,-1,1,MX1711,1,2,174
5,6,21:43:55,4,-1,1,MX1711,0,2,30
6,7,21:46:47,4,-1,1,MX1711,0,2,111
7,8,21:49:08,4,-1,1,MX1711,0,2,111
8,9,21:51:09,4,-1,1,MX1711,0,2,70
9,10,21:52:00,4,-1,-1,MX1711,0,2,30
10,11,21:52:40,4,-1,-1,MX1711,0,2,20
11,12,21:54:34,4,-1,-1,MX1711,0,2,83
12,13,21:55:15,4,-1,-1,MX1711,0,2,20
0,1,22:43:55,4,-1,1,MX1711,0,2,115
1,2,22:45:47,4,-1,1,MX1711,0,2,90
2,3,22:49:09,4,-1,1,MX1711,0,2,121
3,4,22:51:43,4,-1,1,MX1711,0,2,82
4,5,22:52:53,4,-1,1,MX1711,0,2,40
5,6,22:53:54,4,-1,1,MX1711,0,2,30
6,7,22:55:45,4,-1,1,MX1711,0,2,50
7,8,22:57:36,4,-1,1,MX1711,0,2,50
8,9,22:59:07,4,-1,1,MX1711,0,2,40
9,10,23:00:18,4,-1,-1,MX1711,0,2,40
10,11,23:01:49,4,-1,-1,MX1711,0,2,30
11,12,23:03:34,4,-1,-1,MX1711,0,2,85
12,13,23:04:05,4,-1,-1,MX1711,0,2,10
0,1,23:51:15,4,-1,1,MX1711,0,2,81
1,2,23:53:26,4,-1,1,MX1711,0,2,121
2,3,23:56:40,4,-1,1,MX1711,0,2,102
3,4,23:58:55,4,-1,1,MX1711,0,2,82
4,5,23:59:56,4,-1,1,MX1711,0,2,20
9,10,0:00:04,4,-1,-1,MX1714,0,2,30
10,11,0:00:55,4,-1,-1,MX1714,0,2,20
11,12,0:02:46,4,-1,-1,MX1714,0,2,80
12,13,0:03:16,4,-1,-1,MX1714,0,2,10
1,2,0:46:06,4,-1,1,MX1714,0,2,131
2,3,0:48:27,4,-1,1,MX1714,0,2,111
3,4,0:50:18,4,-1,1,MX1714,0,2,70
4,5,0:51:49,4,-1,1,MX1714,0,2,20
5,6,0:52:40,4,-1,1,MX1714,0,2,20
6,7,0:53:53,4,-1,1,MX1714,0,2,32
7,8,0:55:14,4,-1,2,MX1714,0,3,51
8,9,0:56:35,4,-1,1,MX1714,0,3,40
9,10,0:57:16,4,-1,-1,MX1714,0,3,30
10,11,0:57:46,4,-1,-1,MX1714,0,3,20
11,12,0:58:37,4,-1,-1,MX1714,0,3,20
12,13,0:59:07,4,-1,-1,MX1714,0,3,20
0,1,6:24:46,4,-1,1,MX1714,0,2,205
1,2,6:26:37,4,-1,1,MX1714,0,2,91
2,3,6:28:28,4,-1,1,MX1714,0,2,30
3,5,6:31:33,4,-1,1,MX1714,1,2,103
5,6,6:32:24,4,-1,1,MX1714,0,2,30
6,7,6:34:35,4,-1,1,MX1714,0,2,91
7,12,6:42:45,4,-1,-1,MX1714,4,2,429
12,13,6:43:05,4,-1,-1,MX1714,0,2,10
1,2,7:35:39,4,-1,1,MX1714,0,2,132
2,3,7:36:43,4,-1,1,MX1714,0,2,33
3,4,7:39:55,4,-1,2,MX1714,0,2,101
4,5,7:41:57,4,-1,1,MX1714,0,2,101
5,6,7:45:52,4,-1,1,MX1714,0,2,173
6,7,7:49:25,4,-1,1,MX1714,0,2,111
12,13,8:03:03,4,-1,-1,MX1714,0,2,10
0,1,8:53:14,4,-1,2,MX1714,0,2,185
1,2,8:56:47,4,-1,1,MX1714,0,2,203
2,3,9:00:52,4,-1,2,MX1714,0,2,133
3,4,9:04:59,4,-1,1,MX1714,0,2,113
4,5,9:06:44,4,-1,2,MX1714,0,2,34
5,6,9:08:05,4,-1,1,MX1714,0,2,40
6,7,9:10:18,4,-1,2,MX1714,0,2,50
12,13,9:23:56,4,-1,-1,MX1714,0,2,10
1,2,10:55:59,4,-1,2,MX1714,0,2,222
2,3,10:58:33,4,-1,1,MX1714,0,2,40
3,4,11:01:46,4,-1,2,MX1714,0,2,121
4,5,11:03:38,4,-1,1,MX1714,0,2,20
5,6,11:04:59,4,-1,1,MX1714,0,2,50
6,7,11:07:53,4,-1,1,MX1714,0,2,93
7,12,11:18:01,4,-1,-1,MX1714,4,2,516
12,13,11:19:06,4,-1,-1,MX1714,0,2,21
0,1,12:17:01,4,-1,2,MX1714,0,2,146
1,2,12:21:03,4,-1,2,MX1714,0,2,189
2,3,12:29:10,4,-1,1,MX1714,0,2,382
3,4,12:33:59,4,-1,2,MX1714,0,2,190
4,5,12:36:29,4,-1,1,MX1714,0,2,41
5,6,12:37:42,4,-1,1,MX1714,0,2,31
6,7,12:40:43,4,-1,1,MX1714,0,2,97
7,12,12:49:15,4,-1,-1,MX1714,4,2,436
12,13,12:50:17,4,-1,-1,MX1714,0,2,20
0,1,13:41:50,4,-1,2,MX1714,0,2,103
1,2,13:45:10,4,-1,2,MX1714,0,2,155
2,3,13:47:09,4,-1,1,MX1714,0,2,51
3,4,13:49:36,4,-1,1,MX1714,0,2,93
4,5,13:52:06,4,-1,1,MX1714,0,2,55
5,6,13:53:50,4,-1,2,MX1714,0,2,41
6,7,13:56:19,4,-1,1,MX1714,0,2,107
7,12,14:05:59,4,-1,-1,MX1714,4,2,527
12,13,14:07:02,4,-1,-1,MX1714,0,2,20
1,2,15:21:45,4,-1,2,MX1714,0,2,366
2,3,15:27:29,4,-1,1,MX1714,0,2,182
3,4,15:31:19,4,-1,1,MX1714,0,2,81
4,5,15:32:41,4,-1,1,MX1714,0,2,41
5,6,15:34:33,4,-1,1,MX1714,0,2,60
6,7,15:37:37,4,-1,1,MX1714,0,2,112
7,12,15:47:07,4,-1,-1,MX1714,4,2,469
12,13,15:47:58,4,-1,-1,MX1714,0,2,20
1,2,16:47:58,4,-1,2,MX1714,0,2,131
2,3,16:50:23,4,-1,1,MX1714,0,2,40
3,4,16:54:17,4,-1,1,MX1714,0,2,90
4,5,16:57:20,4,-1,1,MX1714,0,2,71
5,6,16:58:54,4,-1,1,MX1714,0,2,50
6,7,17:01:05,4,-1,-1,MX1714,0,2,70
7,12,17:12:17,4,-1,-1,MX1714,4,2,610
12,13,17:13:07,4,-1,-1,MX1714,0,2,20
1,2,18:27:44,4,-1,1,MX1714,0,2,165
2,3,18:31:58,4,-1,1,MX1714,0,2,111
3,4,18:35:45,4,-1,1,MX1714,0,2,54
4,5,18:37:57,4,-1,3,MX1714,0,2,30
5,6,18:39:18,4,-1,2,MX1714,0,2,40
6,7,18:41:39,4,-1,2,MX1714,0,2,70
7,8,18:47:26,4,-1,3,MX1714,0,2,273
8,9,18:49:18,4,-1,1,MX1714,0,2,60
9,10,18:50:59,4,-1,-1,MX1714,0,2,60
10,11,18:52:32,4,-1,-1,MX1714,0,2,23
11,12,18:56:25,4,-1,-1,MX1714,0,2,192
12,13,18:57:46,4,-1,-1,MX1714,0,2,10
1,2,20:19:58,4,-1,2,MX1714,0,2,131
2,3,20:23:22,4,-1,1,MX1714,0,2,72
3,4,20:26:24,4,-1,1,MX1714,0,2,40
4,5,20:27:34,4,-1,1,MX1714,0,2,20
5,6,20:28:36,4,-1,1,MX1714,0,2,21
6,7,20:30:57,4,-1,1,MX1714,0,2,90
7,8,20:33:59,4,-1,1,MX1714,0,2,121
8,9,20:35:22,4,-1,1,MX1714,0,2,50
9,10,20:36:14,4,-1,-1,MX1714,0,2,30
10,11,20:37:14,4,-1,-1,MX1714,0,2,10
11,12,20:38:55,4,-1,-1,MX1714,0,2,70
12,13,20:39:46,4,-1,-1,MX1714,0,2,10
1,2,21:29:29,4,-1,1,MX1714,0,2,171
2,3,21:31:22,4,-1,1,MX1714,0,2,61
3,4,21:32:45,4,-1,1,MX1714,0,2,50
4,5,21:33:45,4,-1,1,MX1714,0,2,30
5,6,21:34:56,4,-1,1,MX1714,0,2,20
6,7,21:37:08,4,-1,1,MX1714,0,2,70
7,8,21:39:29,4,-1,2,MX1714,0,2,91
8,9,21:41:12,4,-1,1,MX1714,0,2,52
9,10,21:42:13,4,-1,-1,MX1714,0,2,30
10,11,21:43:24,4,-1,-1,MX1714,0,2,20
11,12,21:44:45,4,-1,-1,MX1714,0,2,50
12,13,21:45:26,4,-1,-1,MX1714,0,2,10
1,2,22:42:34,4,-1,1,MX1714,0,2,145
2,3,22:45:37,4,-1,1,MX1714,0,2,121
3,4,22:48:38,4,-1,1,MX1714,0,2,90
4,5,22:49:39,4,-1,1,MX1714,0,2,30
5,6,22:51:02,4,-1,1,MX1714,0,2,30
6,7,22:53:03,4,-1,1,MX1714,0,2,80
7,8,22:55:25,4,-1,1,MX1714,0,2,80
8,9,22:57:06,4,-1,1,MX1714,0,2,60
9,10,22:58:07,4,-1,-1,MX1714,0,2,30
10,11,22:59:07,4,-1,-1,MX1714,0,2,30
11,12,22:59:58,4,-1,-1,MX1714,0,2,30
12,13,23:00:28,4,-1,-1,MX1714,0,2,10
0,1,23:46:28,4,-1,1,MX1714,0,2,135
1,2,23:49:53,4,-1,1,MX1714,0,2,164
2,3,23:51:35,4,-1,1,MX1714,0,2,20
3,4,23:54:17,4,-1,1,MX1714,0,2,101
4,5,23:55:18,4,-1,1,MX1714,0,2,20
5,6,23:56:08,4,-1,1,MX1714,0,2,20
6,7,23:57:52,4,-1,1,MX1714,0,2,72
7,8,23:59:45,4,-1,2,MX1714,0,2,50
1,2,0:15:47,4,0,1,MX1721,0,2,356
2,3,0:18:09,4,0,1,MX1721,0,2,111
3,4,0:19:50,4,0,1,MX1721,0,2,50
4,5,0:21:34,4,0,-1,MX1721,0,2,32
5,6,0:21:54,4,0,-1,MX1721,0,2,10
6,7,0:23:25,4,0,-1,MX1721,0,2,30
7,8,0:24:56,4,0,-1,MX1721,0,2,50
8,9,0:26:06,4,0,1,MX1721,0,2,40
9,10,0:26:47,4,0,-1,MX1721,0,2,20
10,11,0:27:27,4,0,-1,MX1721,0,2,10
11,12,0:28:58,4,0,-1,MX1721,0,2,50
12,13,0:29:49,4,0,-1,MX1721,0,2,20
0,1,1:16:56,4,0,1,MX1721,0,3,80
1,2,1:19:48,4,0,1,MX1721,0,3,131
2,3,1:21:25,4,0,1,MX1721,0,3,86
3,4,1:22:36,4,0,1,MX1721,0,3,30
4,5,1:23:26,4,0,1,MX1721,0,3,10
5,6,1:24:17,4,0,1,MX1721,0,3,10
6,7,1:25:48,4,0,1,MX1721,0,3,60
7,8,1:27:19,4,0,1,MX1721,0,3,60
8,9,1:28:29,4,0,1,MX1721,0,3,40
9,10,1:29:20,4,0,-1,MX1721,0,3,20
10,11,1:29:43,4,0,-1,MX1721,0,3,10
11,12,1:31:15,4,0,-1,MX1721,0,3,51
0,1,6:50:20,4,3,1,MX1721,0,2,141
1,2,6:53:45,4,4,1,MX1721,0,2,141
2,3,6:55:37,4,3,1,MX1721,0,2,20
3,4,6:59:29,4,2,1,MX1721,0,2,151
4,5,7:01:23,4,2,1,MX1721,0,2,40
5,6,7:02:33,4,2,1,MX1721,0,2,20
6,7,7:05:07,4,3,1,MX1721,0,2,82
7,12,7:11:44,4,0,-1,MX1721,4,2,326
12,13,7:12:44,4,0,-1,MX1721,0,2,10
2,3,8:20:35,4,3,2,MX1721,0,2,84
3,4,8:25:09,4,3,1,MX1721,0,2,131
4,5,8:28:43,4,3,1,MX1721,0,2,91
5,6,8:30:35,4,3,1,MX1721,0,2,50
6,7,8:35:20,4,2,2,MX1721,0,2,172
12,13,8:49:28,4,0,-1,MX1721,0,2,20
1,2,9:31:16,4,0,1,MX1721,0,2,131
2,3,9:33:17,4,0,2,MX1721,0,2,30
3,4,9:35:59,4,0,1,MX1721,0,2,50
5,6,9:39:13,4,0,1,MX1721,0,2,50
6,7,9:43:46,4,0,1,MX1721,0,2,202
7,12,9:54:56,4,0,-1,MX1721,4,2,558
12,13,9:56:27,4,0,-1,MX1721,0,2,30
0,1,11:25:32,4,4,2,MX1721,0,2,153
1,2,11:29:37,4,4,2,MX1721,0,2,203
2,3,11:31:48,4,4,1,MX1721,0,2,70
3,4,11:35:34,4,4,1,MX1721,0,2,94
4,5,11:37:45,4,4,1,MX1721,0,2,111
5,6,11:39:27,4,4,1,MX1721,0,2,40
6,7,11:43:30,4,3,2,MX1721,0,2,141
7,12,11:52:55,4,0,-1,MX1721,4,2,470
12,13,11:53:58,4,0,-1,MX1721,0,2,10
0,1,12:53:39,4,2,2,MX1721,0,2,159
1,2,12:56:48,4,2,2,MX1721,0,2,126
2,3,12:58:35,4,2,1,MX1721,0,2,52
3,4,13:02:09,4,2,1,MX1721,0,2,107
4,5,13:03:32,4,2,1,MX1721,0,2,10
5,6,13:04:57,4,2,2,MX1721,0,2,32
6,7,13:08:09,4,1,1,MX1721,0,2,118
12,13,13:21:13,4,0,-1,MX1721,0,2,10
1,2,14:18:39,4,2,3,MX1721,0,2,149
2,3,14:21:57,4,1,1,MX1721,0,2,104
3,4,14:25:24,4,0,2,MX1721,0,2,99
5,6,14:29:26,4,0,1,MX1721,0,2,55
6,7,14:33:37,4,0,1,MX1721,0,2,148
12,13,14:46:25,4,0,-1,MX1721,0,2,20
0,1,15:51:35,4,0,1,MX1721,0,2,136
1,2,15:54:57,4,0,2,MX1721,0,2,171
2,3,15:58:09,4,0,1,MX1721,0,2,111
3,4,16:00:54,4,0,1,MX1721,0,2,54
4,5,16:04:17,4,0,1,MX1721,0,2,81
5,6,16:06:18,4,0,1,MX1721,0,2,70
6,7,16:10:27,4,0,2,MX1721,0,2,61
12,13,16:24:06,4,0,-1,MX1721,0,2,30
0,1,19:05:00,4,2,1,MX1721,0,2,161
1,2,19:08:07,4,2,2,MX1721,0,2,111
2,3,19:10:29,4,2,2,MX1721,0,2,80
3,4,19:13:45,4,1,1,MX1721,0,2,104
4,5,19:15:56,4,0,1,MX1721,0,2,60
5,6,19:17:17,4,0,2,MX1721,0,2,30
6,7,19:20:49,4,1,1,MX1721,0,2,131
7,8,19:23:21,4,0,2,MX1721,0,2,60
8,9,19:26:46,4,0,1,MX1721,0,2,70
9,10,19:28:17,4,0,-1,MX1721,0,2,40
10,11,19:29:17,4,0,-1,MX1721,0,2,10
11,12,19:30:08,4,0,-1,MX1721,0,2,10
12,13,19:31:39,4,0,-1,MX1721,0,2,10
0,1,20:43:58,4,1,1,MX1721,0,2,131
1,2,20:47:33,4,1,2,MX1721,0,2,164
2,3,20:49:36,4,1,1,MX1721,0,2,62
3,4,20:52:08,4,0,1,MX1721,0,2,101
4,5,20:53:59,4,0,1,MX1721,0,2,20
5,6,20:55:20,4,0,1,MX1721,0,2,30
6,7,20:58:13,4,0,1,MX1721,0,2,122
7,8,21:02:08,4,0,1,MX1721,0,2,151
8,9,21:03:49,4,0,1,MX1721,0,2,50
9,10,21:04:49,4,0,-1,MX1721,0,2,30
10,11,21:06:04,4,0,-1,MX1721,0,2,20
11,12,21:09:06,4,0,-1,MX1721,0,2,121
12,13,21:10:27,4,0,-1,MX1721,0,2,20
0,1,21:59:08,4,2,1,MX1721,0,2,121
1,2,22:02:34,4,3,1,MX1721,0,2,125
2,3,22:04:05,4,2,1,MX1721,0,2,50
3,4,22:06:57,4,2,1,MX1721,0,2,80
4,5,22:08:48,4,2,1,MX1721,0,2,20
5,6,22:10:42,4,2,1,MX1721,0,2,22
6,7,22:12:53,4,1,1,MX1721,0,2,70
7,8,22:15:15,4,1,1,MX1721,0,2,91
8,9,22:17:16,4,0,1,MX1721,0,2,70
9,10,22:18:57,4,0,-1,MX1721,0,2,30
10,11,22:19:38,4,0,-1,MX1721,0,2,10
11,12,22:20:49,4,0,-1,MX1721,0,2,30
12,13,22:21:49,4,0,-1,MX1721,0,2,20
1,2,23:09:18,4,1,2,MX1721,0,2,303
2,3,23:11:40,4,0,1,MX1721,0,2,80
3,4,23:14:04,4,0,1,MX1721,0,2,80
4,5,23:16:26,4,0,1,MX1721,0,2,20
5,6,23:17:27,4,0,1,MX1721,0,2,20
6,7,23:19:18,4,0,1,MX1721,0,2,91
7,8,23:21:19,4,0,1,MX1721,0,2,70
8,9,23:22:54,4,0,1,MX1721,0,2,33
9,10,23:24:45,4,0,-1,MX1721,0,2,30
11,12,23:27:47,4,0,-1,MX1721,0,2,60
12,13,23:28:48,4,0,-1,MX1721,0,2,10
0,1,7:12:24,4,-1,1,MX1983,0,2,103
1,2,7:16:37,4,-1,1,MX1983,0,2,242
2,3,7:18:59,4,-1,1,MX1983,0,2,70
3,4,7:21:53,4,-1,2,MX1983,0,2,93
4,5,7:24:15,4,-1,1,MX1983,0,2,50
5,6,7:25:57,4,-1,1,MX1983,0,2,30
6,7,7:27:48,4,-1,1,MX1983,0,2,50
7,12,7:39:15,4,-1,-1,MX1983,4,2,510
12,13,7:40:15,4,-1,-1,MX1983,0,2,10
0,1,8:35:40,4,-1,3,MX1983,0,2,212
1,2,8:43:09,4,-1,1,MX1983,0,2,429
2,3,8:47:37,4,-1,2,MX1983,0,2,216
3,4,8:50:49,4,-1,2,MX1983,0,2,101
4,5,8:53:55,4,-1,3,MX1983,0,2,115
5,6,8:55:47,4,-1,2,MX1983,0,2,40
6,7,8:58:39,4,-1,2,MX1983,0,2,111
12,13,9:17:07,4,-1,-1,MX1983,0,2,30
0,2,10:15:58,4,-1,1,MX1983,1,2,347
2,3,10:18:33,4,-1,1,MX1983,0,2,64
3,4,10:22:06,4,-1,2,MX1983,0,2,101
4,5,10:24:38,4,-1,1,MX1983,0,2,50
5,6,10:26:59,4,-1,1,MX1983,0,2,40
6,7,10:29:03,4,-1,1,MX1983,0,2,52
1,2,14:37:32,4,-1,2,MX1983,0,2,204
2,3,14:41:47,4,-1,1,MX1983,0,2,191
3,4,14:46:05,4,-1,1,MX1983,0,2,122
4,5,14:48:29,4,-1,2,MX1983,0,2,41
5,6,14:49:32,4,-1,1,MX1983,0,2,31
6,7,14:51:58,4,-1,1,MX1983,0,2,62
7,12,15:02:55,4,-1,-1,MX1983,4,2,560
12,13,15:04:39,4,-1,-1,MX1983,0,2,41
0,1,16:05:58,4,-1,1,MX1983,0,2,223
1,2,16:10:27,4,-1,2,MX1983,0,2,193
2,3,16:14:47,4,-1,2,MX1983,0,2,168
3,4,16:18:43,4,-1,2,MX1983,0,2,144
4,5,16:21:24,4,-1,1,MX1983,0,2,50
5,6,16:23:36,4,-1,2,MX1983,0,2,60
6,7,16:26:38,4,-1,1,MX1983,0,2,81
12,13,16:41:09,4,-1,-1,MX1983,0,2,10
0,1,19:22:30,4,-1,1,MX1983,0,2,242
1,2,19:26:05,4,-1,2,MX1983,0,2,111
2,3,19:29:07,4,-1,1,MX1983,0,2,80
3,4,19:31:08,4,-1,1,MX1983,0,2,50
4,5,19:32:49,4,-1,1,MX1983,0,2,30
5,6,19:36:16,4,-1,2,MX1983,0,2,162
6,7,19:38:57,4,-1,1,MX1983,0,2,80
7,8,19:43:00,4,-1,1,MX1983,0,2,141
8,9,19:44:42,4,-1,1,MX1983,0,2,50
9,10,19:45:53,4,-1,-1,MX1983,0,2,30
10,11,19:46:54,4,-1,-1,MX1983,0,2,20
11,12,19:48:35,4,-1,-1,MX1983,0,2,40
12,13,19:49:57,4,-1,-1,MX1983,0,2,20
0,1,6:18:38,4,2,1,MX2037,0,2,101
1,2,6:21:42,4,2,1,MX2037,0,2,143
2,3,6:24:35,4,2,1,MX2037,0,2,81
3,4,6:27:07,4,2,1,MX2037,0,2,60
4,5,6:28:18,4,2,1,MX2037,0,2,20
5,6,6:29:19,4,2,1,MX2037,0,2,10
6,7,6:31:33,4,1,1,MX2037,0,2,93
7,12,6:39:08,4,0,-1,MX2037,4,2,404
12,13,6:39:49,4,0,-1,MX2037,0,2,20
0,1,7:27:18,4,1,2,MX2037,0,2,70
1,2,7:30:55,4,4,2,MX2037,0,2,135
2,3,7:34:18,4,4,1,MX2037,0,2,92
3,4,7:37:44,4,4,2,MX2037,0,2,83
4,5,7:40:15,4,4,1,MX2037,0,2,50
5,6,7:43:28,4,4,1,MX2037,0,2,101
6,7,7:47:33,4,4,1,MX2037,0,2,101
12,13,8:02:53,4,2,-1,MX2037,0,2,20
0,1,8:56:17,4,3,1,MX2037,0,2,183
1,2,9:00:42,4,3,1,MX2037,0,2,204
2,3,9:03:15,4,3,2,MX2037,0,2,112
3,4,9:05:59,4,2,2,MX2037,0,2,40
4,5,9:08:36,4,3,2,MX2037,0,2,41
5,6,9:10:18,4,3,1,MX2037,0,2,50
6,7,9:14:15,4,3,2,MX2037,0,2,135
7,12,9:24:36,4,1,-1,MX2037,4,2,550
12,13,9:25:47,4,1,-1,MX2037,0,2,20
0,1,10:44:07,4,3,1,MX2037,0,2,192
1,2,10:47:40,4,4,2,MX2037,0,2,111
2,3,10:49:54,4,4,2,MX2037,0,2,81
3,4,10:52:27,4,4,2,MX2037,0,2,60
4,5,10:56:10,4,4,1,MX2037,0,2,192
5,6,10:57:53,4,4,1,MX2037,0,2,40
6,7,11:00:15,4,4,1,MX2037,0,2,102
7,12,11:09:24,4,1,-1,MX2037,4,2,488
12,13,11:10:15,4,1,-1,MX2037,0,2,10
1,2,12:11:04,4,4,2,MX2037,0,2,188
2,3,12:14:45,4,4,2,MX2037,0,2,157
3,4,12:16:40,4,4,2,MX2037,0,2,52
4,5,12:19:07,4,4,1,MX2037,0,2,63
5,6,12:21:03,4,4,1,MX2037,0,2,63
6,7,12:23:55,4,4,1,MX2037,0,2,77
7,12,12:32:56,4,2,-1,MX2037,4,2,468
12,13,12:33:59,4,2,-1,MX2037,0,2,10
1,2,13:35:34,4,2,2,MX2037,0,2,159
2,3,13:38:32,4,2,1,MX2037,0,2,114
3,4,13:41:40,4,2,1,MX2037,0,2,125
4,5,13:44:07,4,1,1,MX2037,0,2,31
5,6,13:45:10,4,1,1,MX2037,0,2,20
6,7,13:48:34,4,1,1,MX2037,0,2,157
7,12,13:59:17,4,1,-1,MX2037,4,2,559
12,13,14:00:30,4,1,-1,MX2037,0,2,31
0,1,15:03:37,4,1,2,MX2037,0,2,119
1,2,15:08:51,4,1,3,MX2037,0,2,196
2,3,15:16:29,4,1,2,MX2037,0,2,303
3,4,15:18:52,4,1,2,MX2037,0,2,82
4,5,15:20:24,4,2,1,MX2037,0,2,50
5,6,15:22:06,4,1,1,MX2037,0,2,50
6,7,15:27:09,4,1,1,MX2037,0,2,272
7,12,15:36:45,4,1,-1,MX2037,4,2,515
0,1,16:37:57,4,2,1,MX2037,0,2,232
1,2,16:41:59,4,2,1,MX2037,0,2,182
2,3,16:45:36,4,2,1,MX2037,0,2,111
3,4,16:49:09,4,2,1,MX2037,0,2,121
4,5,16:51:15,4,2,2,MX2037,0,2,40
5,6,16:53:06,4,2,1,MX2037,0,2,40
6,7,16:55:28,4,2,1,MX2037,0,2,60
7,12,17:05:39,4,1,-1,MX2037,4,2,550
12,13,17:06:33,4,1,-1,MX2037,0,2,23
0,1,18:14:38,4,2,1,MX2037,0,2,161
1,2,18:21:27,4,2,2,MX2037,0,2,348
2,3,18:26:21,4,3,1,MX2037,0,2,112
3,4,18:30:07,4,2,1,MX2037,0,2,152
4,5,18:32:19,4,2,2,MX2037,0,2,60
5,6,18:34:20,4,2,2,MX2037,0,2,70
6,7,18:37:16,4,2,2,MX2037,0,2,81
7,8,18:43:03,4,2,1,MX2037,0,2,286
9,10,18:47:47,4,1,-1,MX2037,0,2,40
10,11,18:48:57,4,1,-1,MX2037,0,2,10
11,12,18:52:32,4,1,-1,MX2037,0,2,164
12,13,18:55:04,4,1,-1,MX2037,0,2,101
0,1,20:10:29,4,1,1,MX2037,0,2,90
1,2,20:13:35,4,1,1,MX2037,0,2,164
2,3,20:17:57,4,0,1,MX2037,0,2,202
3,4,20:21:50,4,0,1,MX2037,0,2,101
4,5,20:23:52,4,0,1,MX2037,0,2,30
5,6,20:24:53,4,0,1,MX2037,0,2,30
6,7,20:27:14,4,0,1,MX2037,0,2,111
7,8,20:29:47,4,0,1,MX2037,0,2,81
8,9,20:31:48,4,0,1,MX2037,0,2,70
9,10,20:33:19,4,0,-1,MX2037,0,2,50
10,11,20:34:21,4,0,-1,MX2037,0,2,21
11,12,20:37:04,4,0,-1,MX2037,0,2,90
12,13,20:37:55,4,0,-1,MX2037,0,2,20
1,2,21:24:49,4,1,1,MX2037,0,2,192
2,3,21:27:38,4,1,1,MX2037,0,2,70
3,4,21:29:19,4,1,1,MX2037,0,2,40
4,5,21:31:44,4,2,1,MX2037,0,2,62
5,6,21:33:25,4,2,1,MX2037,0,2,20
6,7,21:36:17,4,1,1,MX2037,0,2,70
7,8,21:37:38,4,1,2,MX2037,0,2,40
8,9,21:39:09,4,1,1,MX2037,0,2,60
9,10,21:40:32,4,0,-1,MX2037,0,2,32
10,11,21:41:22,4,0,-1,MX2037,0,2,10
11,12,21:43:04,4,0,-1,MX2037,0,2,71
0,1,22:32:43,4,0,1,MX2037,0,2,153
1,2,22:35:46,4,0,1,MX2037,0,2,142
2,3,22:38:38,4,1,1,MX2037,0,2,80
3,4,22:40:19,4,0,1,MX2037,0,2,70
4,5,22:41:09,4,0,1,MX2037,0,2,10
5,6,22:42:10,4,1,1,MX2037,0,2,20
6,7,22:44:26,4,0,1,MX2037,0,2,101
7,8,22:47:18,4,0,1,MX2037,0,2,131
8,9,22:49:09,4,0,1,MX2037,0,2,60
9,10,22:50:20,4,0,-1,MX2037,0,2,30
10,11,22:51:22,4,0,-1,MX2037,0,2,10
11,12,22:52:13,4,0,-1,MX2037,0,2,10
12,13,22:54:34,4,0,-1,MX2037,0,2,10
1,2,23:44:47,4,0,-1,MX2037,0,2,157
2,3,23:46:28,4,0,1,MX2037,0,2,40
3,4,23:49:20,4,0,1,MX2037,0,2,90
4,5,23:50:24,4,0,1,MX2037,0,2,30
5,6,23:51:15,4,0,1,MX2037,0,2,20
6,7,23:53:06,4,0,1,MX2037,0,2,70
7,8,23:55:18,4,0,2,MX2037,0,2,90
8,9,23:56:50,4,0,1,MX2037,0,2,41
9,10,23:57:52,4,0,-1,MX2037,0,2,32
10,11,23:58:22,4,0,-1,MX2037,0,2,10
11,12,23:59:15,4,0,-1,MX2037,0,2,10
0,1,0:33:15,4,-1,1,MX2063,0,2,134
1,2,0:36:17,4,-1,1,MX2063,0,2,141
2,3,0:37:27,4,-1,1,MX2063,0,2,20
3,4,0:38:48,4,-1,1,MX2063,0,2,30
4,5,0:40:39,4,-1,1,MX2063,0,2,10
5,6,0:41:42,4,-1,1,MX2063,0,2,32
6,7,0:42:53,4,-1,1,MX2063,0,2,40
7,8,0:44:14,4,-1,1,MX2063,0,2,40
8,9,0:45:25,4,-1,1,MX2063,0,2,50
9,10,0:46:36,4,-1,-1,MX2063,0,2,30
10,11,0:47:16,4,-1,-1,MX2063,0,2,10
11,12,0:49:38,4,-1,-1,MX2063,0,2,101
12,13,0:50:08,4,-1,-1,MX2063,0,2,10
0,1,6:08:48,4,-1,1,MX2063,0,2,131
1,2,6:11:40,4,-1,1,MX2063,0,2,151
2,3,6:13:11,4,-1,1,MX2063,0,2,20
3,4,6:16:16,4,-1,1,MX2063,0,2,70
4,5,6:18:18,4,-1,1,MX2063,0,2,50
5,6,6:19:08,4,-1,1,MX2063,0,2,20
6,7,6:20:29,4,-1,1,MX2063,0,2,50
7,12,6:26:57,4,-1,-1,MX2063,4,2,347
12,13,6:27:28,4,-1,-1,MX2063,0,2,10
0,1,7:07:58,4,-1,1,MX2063,0,2,121
1,2,7:11:21,4,-1,1,MX2063,0,2,152
2,3,7:12:34,4,-1,1,MX2063,0,2,10
3,4,7:15:26,4,-1,1,MX2063,0,2,40
4,5,7:17:18,4,-1,1,MX2063,0,2,20
5,6,7:18:28,4,-1,1,MX2063,0,2,40
6,7,7:21:13,4,-1,1,MX2063,0,2,83
7,12,7:29:44,4,-1,-1,MX2063,4,2,450
12,13,7:30:45,4,-1,-1,MX2063,0,2,20
0,1,8:25:39,4,-1,2,MX2063,0,2,91
2,3,8:43:19,4,-1,2,MX2063,0,2,222
3,4,8:47:16,4,-1,2,MX2063,0,2,131
4,5,8:49:38,4,-1,2,MX2063,0,2,70
5,6,8:51:19,4,-1,2,MX2063,0,2,50
6,7,8:55:37,4,-1,2,MX2063,0,2,162
12,13,9:11:28,4,-1,-1,MX2063,0,2,10
0,1,9:57:38,4,-1,2,MX2063,0,2,91
1,2,10:00:50,4,-1,2,MX2063,0,2,141
2,3,10:02:35,4,-1,1,MX2063,0,2,50
3,4,10:06:58,4,-1,1,MX2063,0,2,161
4,5,10:09:50,4,-1,2,MX2063,0,2,70
5,6,10:11:24,4,-1,1,MX2063,0,2,40
6,7,10:14:07,4,-1,1,MX2063,0,2,70
7,12,10:22:26,4,-1,-1,MX2063,4,2,408
12,13,10:23:57,4,-1,-1,MX2063,0,2,20
2,3,13:25:16,4,-1,1,MX2063,0,2,31
3,4,13:29:13,4,-1,1,MX2063,0,2,76
4,5,13:31:41,4,-1,1,MX2063,0,2,64
5,6,13:33:05,4,-1,1,MX2063,0,2,30
6,7,13:37:40,4,-1,1,MX2063,0,2,191
7,12,13:46:28,4,-1,-1,MX2063,4,2,454
12,13,13:47:32,4,-1,-1,MX2063,0,2,12
0,1,14:42:18,4,-1,1,MX2063,0,2,148
1,2,14:45:33,4,-1,2,MX2063,0,2,132
2,3,14:50:35,4,-1,1,MX2063,0,2,280
3,4,14:54:57,4,-1,1,MX2063,0,2,106
4,5,14:57:17,4,-1,1,MX2063,0,2,66
5,6,14:59:42,4,-1,1,MX2063,0,2,62
6,7,15:03:47,4,-1,1,MX2063,0,2,161
7,12,15:14:07,4,-1,-1,MX2063,4,2,578
12,13,15:16:09,4,-1,-1,MX2063,0,2,30
0,1,16:16:50,4,-1,2,MX2063,0,2,230
1,2,16:19:43,4,-1,2,MX2063,0,2,132
2,3,16:22:45,4,-1,1,MX2063,0,2,90
3,4,16:26:07,4,-1,1,MX2063,0,2,141
4,5,16:27:28,4,-1,1,MX2063,0,2,40
5,6,16:29:20,4,-1,1,MX2063,0,2,80
6,7,16:33:34,4,-1,1,MX2063,0,2,161
12,13,16:47:07,4,-1,-1,MX2063,0,2,20
0,1,17:40:04,4,-1,1,MX2063,0,2,135
1,2,17:44:17,4,-1,1,MX2063,0,2,222
2,3,17:52:35,4,-1,1,MX2063,0,2,366
3,4,17:55:07,4,-1,1,MX2063,0,2,70
4,5,17:57:38,4,-1,1,MX2063,0,2,40
5,6,17:59:10,4,-1,1,MX2063,0,2,60
6,7,18:01:25,4,-1,1,MX2063,0,2,82
12,13,18:24:59,4,-1,-1,MX2063,0,2,30
1,2,19:58:14,4,-1,1,MX2063,0,2,183
2,3,20:02:06,4,-1,1,MX2063,0,2,131
3,4,20:04:18,4,-1,1,MX2063,0,2,80
4,5,20:06:37,4,-1,1,MX2063,0,2,37
5,6,20:08:38,4,-1,1,MX2063,0,2,70
6,7,20:11:20,4,-1,1,MX2063,0,2,100
7,8,20:15:26,4,-1,1,MX2063,0,2,161
8,9,20:17:07,4,-1,1,MX2063,0,2,50
9,10,20:17:57,4,-1,-1,MX2063,0,2,20
10,11,20:19:08,4,-1,-1,MX2063,0,2,10
11,12,20:21:19,4,-1,-1,MX2063,0,2,70
12,13,20:22:20,4,-1,-1,MX2063,0,2,10
0,1,22:24:46,4,-1,1,MX2063,0,2,176
1,2,22:27:48,4,-1,1,MX2063,0,2,141
2,3,22:30:09,4,-1,1,MX2063,0,2,80
3,4,22:32:23,4,-1,1,MX2063,0,2,80
4,5,22:33:03,4,-1,1,MX2063,0,2,10
5,6,22:33:54,4,-1,1,MX2063,0,2,10
6,7,22:36:06,4,-1,1,MX2063,0,2,80
7,8,22:37:37,4,-1,1,MX2063,0,2,50
8,9,22:40:49,4,-1,1,MX2063,0,2,131
9,10,22:42:00,4,-1,-1,MX2063,0,2,30
10,11,22:42:34,4,-1,-1,MX2063,0,2,14
11,12,22:43:25,4,-1,-1,MX2063,0,2,20
12,13,22:44:16,4,-1,-1,MX2063,0,2,20
0,1,23:32:00,4,-1,2,MX2063,0,2,90
1,2,23:35:25,4,-1,2,MX2063,0,2,172
2,3,23:37:37,4,-1,1,MX2063,0,2,70
3,4,23:39:28,4,-1,1,MX2063,0,2,70
4,5,23:40:28,4,-1,-1,MX2063,0,2,10
5,6,23:41:29,4,-1,-1,MX2063,0,2,20
6,7,23:43:43,4,-1,-1,MX2063,0,2,103
7,8,23:45:18,4,-1,1,MX2063,0,2,30
8,9,23:47:09,4,-1,1,MX2063,0,2,60
9,10,23:48:30,4,-1,-1,MX2063,0,2,40
10,11,23:49:43,4,-1,-1,MX2063,0,2,22
11,12,23:50:35,4,-1,-1,MX2063,0,2,41
12,13,23:52:26,4,-1,-1,MX2063,0,2,10
0,1,7:04:46,4,-1,1,MX2141,0,2,132
1,2,7:08:09,4,1,1,MX2141,0,2,151
2,3,7:10:31,4,2,1,MX2141,0,2,71
3,4,7:13:35,4,2,1,MX2141,0,2,50
4,5,7:15:57,4,2,1,MX2141,0,2,50
5,6,7:17:38,4,4,1,MX2141,0,2,30
6,7,7:20:00,4,4,1,MX2141,0,2,60
7,12,7:29:44,4,5,-1,MX2141,4,2,491
12,13,7:30:34,4,5,-1,MX2141,0,2,10
0,1,8:20:05,4,0,3,MX2141,0,2,115
1,2,8:31:05,4,4,3,MX2141,0,2,518
2,3,8:34:49,4,4,1,MX2141,0,2,152
3,4,8:39:47,4,5,2,MX2141,0,2,182
4,5,8:42:29,4,5,1,MX2141,0,2,30
5,6,8:44:34,4,5,1,MX2141,0,2,75
6,7,8:48:27,4,5,2,MX2141,0,2,91
12,13,9:06:44,4,5,-1,MX2141,0,2,10
0,1,10:00:50,4,3,2,MX2141,0,2,141
1,2,10:05:17,4,3,2,MX2141,0,2,222
2,3,10:07:48,4,4,1,MX2141,0,2,60
3,4,10:11:04,4,4,1,MX2141,0,2,94
4,5,10:13:36,4,5,1,MX2141,0,2,70
5,6,10:15:28,4,5,1,MX2141,0,2,40
6,7,10:17:39,4,5,1,MX2141,0,2,61
7,12,10:27:40,4,5,-1,MX2141,4,2,546
12,13,10:28:42,4,5,-1,MX2141,0,2,22
0,1,11:16:09,4,1,1,MX2141,0,2,202
1,2,11:20:27,4,2,1,MX2141,0,2,176
2,3,11:21:58,4,2,1,MX2141,0,2,50
3,4,11:27:14,4,2,2,MX2141,0,2,131
4,5,11:29:37,4,3,1,MX2141,0,2,30
5,6,11:31:58,4,5,1,MX2141,0,2,30
6,7,11:34:53,4,5,1,MX2141,0,2,144
7,12,11:47:46,4,5,-1,MX2141,4,2,600
12,13,11:49:19,4,5,-1,MX2141,0,2,20
0,1,15:41:50,4,-1,2,MX2141,0,2,121
1,2,15:45:16,4,-1,2,MX2141,0,2,161
2,3,15:48:18,4,1,1,MX2141,0,2,111
3,4,15:53:06,4,1,1,MX2141,0,2,176
4,5,15:54:37,4,1,1,MX2141,0,2,30
5,6,15:55:58,4,1,1,MX2141,0,2,40
6,7,15:58:29,4,2,1,MX2141,0,2,100
12,13,16:12:29,4,3,-1,MX2141,0,2,20
0,1,17:17:21,4,0,2,MX2141,0,2,203
1,2,17:21:56,4,1,-1,MX2141,0,2,212
2,3,17:23:07,4,1,-1,MX2141,0,2,30
3,4,17:27:42,4,1,1,MX2141,0,2,133
4,5,17:30:14,4,2,2,MX2141,0,2,70
5,6,17:31:55,4,2,1,MX2141,0,2,40
6,7,17:33:46,4,2,2,MX2141,0,2,70
12,13,17:47:29,4,2,-1,MX2141,0,2,20
0,1,18:56:25,4,5,1,MX2141,0,2,90
1,2,19:00:27,4,2,2,MX2141,0,2,181
2,3,19:03:50,4,3,1,MX2141,0,2,121
3,4,19:06:46,4,3,1,MX2141,0,2,95
4,5,19:08:58,4,3,1,MX2141,0,2,40
5,6,19:10:59,4,3,2,MX2141,0,2,50
6,7,19:14:55,4,3,2,MX2141,0,2,94
7,8,19:18:28,4,4,1,MX2141,0,2,141
8,9,19:20:29,4,4,1,MX2141,0,2,50
9,10,19:22:20,4,5,-1,MX2141,0,2,40
10,11,19:23:44,4,5,-1,MX2141,0,2,10
11,12,19:25:35,4,5,-1,MX2141,0,2,40
12,13,19:26:46,4,5,-1,MX2141,0,2,20
0,1,6:56:58,4,-1,1,MX2154,0,2,121
1,2,6:59:50,4,-1,1,MX2154,0,2,151
2,3,7:02:13,4,-1,1,MX2154,0,2,30
3,4,7:05:47,4,-1,1,MX2154,0,2,102
4,5,7:07:08,4,-1,1,MX2154,0,2,50
5,6,7:08:19,4,-1,1,MX2154,0,2,30
6,7,7:10:10,4,-1,1,MX2154,0,2,50
7,12,7:18:08,4,-1,-1,MX2154,4,2,323
12,13,7:18:49,4,-1,-1,MX2154,0,2,10
12,13,10:07:08,4,4,-1,MX2172,0,2,20
0,1,16:00:54,4,2,1,MX2172,0,2,114
1,2,16:04:27,4,3,2,MX2172,0,2,152
2,3,16:08:55,4,3,1,MX2172,0,2,186
3,4,16:11:49,4,2,2,MX2172,0,2,81
4,5,16:14:26,4,2,1,MX2172,0,2,86
5,6,16:15:58,4,2,1,MX2172,0,2,60
6,7,16:19:03,4,1,2,MX2172,0,2,122
12,13,16:32:54,4,0,-1,MX2172,0,2,20
0,1,17:31:15,4,2,1,MX2172,0,2,151
1,2,17:34:47,4,2,2,MX2172,0,2,191
2,3,17:39:44,4,2,1,MX2172,0,2,216
3,4,17:42:36,4,2,1,MX2172,0,2,60
4,5,17:45:17,4,2,1,MX2172,0,2,80
5,6,17:46:58,4,2,1,MX2172,0,2,50
6,7,17:49:42,4,2,2,MX2172,0,2,113
12,13,18:20:36,4,1,-1,MX2172,0,2,20
0,1,19:43:20,4,4,1,MX2172,0,2,161
1,2,19:46:23,4,5,1,MX2172,0,2,171
2,3,19:47:55,4,5,1,MX2172,0,2,30
3,4,19:51:07,4,5,1,MX2172,0,2,102
4,5,19:53:39,4,4,1,MX2172,0,2,50
5,6,19:55:10,4,4,1,MX2172,0,2,50
6,7,19:57:23,4,4,1,MX2172,0,2,101
7,8,20:01:15,4,4,1,MX2172,0,2,151
8,9,20:02:57,4,4,1,MX2172,0,2,61
9,10,20:04:28,4,5,-1,MX2172,0,2,40
10,11,20:05:29,4,4,-1,MX2172,0,2,20
11,12,20:06:20,4,4,-1,MX2172,0,2,20
12,13,20:06:57,4,4,-1,MX2172,0,2,20
0,1,20:55:20,4,3,1,MX2172,0,2,101
1,2,20:58:55,4,2,1,MX2172,0,2,173
2,3,21:01:37,4,2,1,MX2172,0,2,50
3,4,21:04:19,4,2,1,MX2172,0,2,101
4,5,21:06:04,4,2,1,MX2172,0,2,64
5,6,21:07:35,4,2,1,MX2172,0,2,30
6,7,21:10:37,4,2,1,MX2172,0,2,70
7,8,21:12:49,4,1,1,MX2172,0,2,80
8,9,21:14:20,4,1,1,MX2172,0,2,50
9,10,21:15:21,4,1,-1,MX2172,0,2,30
10,11,21:16:44,4,1,-1,MX2172,0,2,50
11,12,21:19:16,4,0,-1,MX2172,0,2,90
12,13,21:20:06,4,0,-1,MX2172,0,2,20
0,1,22:08:48,4,3,1,MX2172,0,2,91
1,2,22:11:53,4,3,1,MX2172,0,2,153
2,3,22:12:53,4,3,1,MX2172,0,2,30
3,4,22:14:55,4,3,1,MX2172,0,2,70
4,5,22:15:45,4,3,1,MX2172,0,2,20
5,6,22:16:56,4,3,1,MX2172,0,2,30
6,7,22:18:37,4,2,1,MX2172,0,2,70
7,8,22:21:09,4,2,1,MX2172,0,2,101
8,9,22:23:15,4,2,1,MX2172,0,2,65
9,10,22:24:16,4,2,-1,MX2172,0,2,30
10,11,22:25:16,4,2,-1,MX2172,0,2,20
11,12,22:25:57,4,2,-1,MX2172,0,2,10
12,13,22:26:47,4,2,-1,MX2172,0,2,10
0,1,23:17:47,4,2,1,MX2172,0,2,90
1,2,23:20:29,4,2,1,MX2172,0,2,141
2,3,23:23:44,4,2,1,MX2172,0,2,104
3,4,23:26:56,4,2,1,MX2172,0,2,90
4,5,23:27:47,4,3,1,MX2172,0,2,20
5,6,23:28:58,4,3,1,MX2172,0,2,30
6,7,23:30:49,4,3,1,MX2172,0,2,50
7,8,23:33:13,4,3,1,MX2172,0,2,94
8,9,23:34:55,4,3,1,MX2172,0,2,50
9,10,23:35:55,4,2,-1,MX2172,0,2,30
10,11,23:37:37,4,2,-1,MX2172,0,2,50
11,12,23:38:07,4,1,-1,MX2172,0,2,10
12,13,23:38:57,4,1,-1,MX2172,0,2,20
0,1,6:53:24,4,3,1,MX2193,0,2,121
1,2,6:56:27,4,3,1,MX2193,0,2,142
2,3,6:57:28,4,3,1,MX2193,0,2,10
3,4,7:00:20,4,4,1,MX2193,0,2,101
4,5,7:01:43,4,4,1,MX2193,0,2,20
5,6,7:03:14,4,4,1,MX2193,0,2,20
6,7,7:05:27,4,4,1,MX2193,0,2,50
7,12,7:12:14,4,4,-1,MX2193,4,2,336
12,13,7:13:05,4,4,-1,MX2193,0,2,10
0,1,8:09:29,4,3,2,MX2193,0,2,182
1,2,8:22:27,4,4,2,MX2193,0,2,439
2,3,8:26:41,4,4,2,MX2193,0,2,72
3,4,8:30:45,4,5,2,MX2193,0,2,101
4,5,8:33:28,4,5,1,MX2193,0,2,40
5,6,8:36:10,4,5,1,MX2193,0,2,81
6,7,8:40:17,4,5,1,MX2193,0,2,91
12,13,8:57:28,4,5,-1,MX2193,0,2,10
0,1,9:32:06,4,5,1,MX2193,0,2,121
1,2,9:36:40,4,5,1,MX2193,0,2,212
2,3,9:41:25,4,5,1,MX2193,0,2,50
3,4,9:44:57,4,5,1,MX2193,0,2,80
4,5,9:47:09,4,5,1,MX2193,0,2,80
5,6,9:49:20,4,5,1,MX2193,0,2,40
6,7,9:53:25,4,5,1,MX2193,0,2,131
7,12,10:02:25,4,5,-1,MX2193,4,2,458
12,13,10:03:35,4,5,-1,MX2193,0,2,10
0,1,11:36:55,4,0,2,MX2193,0,2,225
1,2,11:42:09,4,1,2,MX2193,0,2,192
2,3,11:44:34,4,1,1,MX2193,0,2,53
3,4,11:46:35,4,2,1,MX2193,0,2,50
4,5,11:49:45,4,2,1,MX2193,0,2,57
5,6,11:51:42,4,3,1,MX2193,0,2,43
6,7,11:55:43,4,3,1,MX2193,0,2,157
7,12,12:06:32,4,4,-1,MX2193,4,2,512
12,13,12:07:13,4,4,-1,MX2193,0,2,10
0,1,12:59:59,4,3,2,MX2193,0,2,125
1,2,13:04:04,4,4,2,MX2193,0,2,167
2,3,13:07:38,4,4,1,MX2193,0,2,86
3,4,13:11:03,4,4,2,MX2193,0,2,118
4,5,13:13:20,4,5,1,MX2193,0,2,41
5,6,13:14:56,4,5,1,MX2193,0,2,41
6,7,13:17:56,4,5,1,MX2193,0,2,106
12,13,13:31:19,4,5,-1,MX2193,0,2,21
0,1,14:23:10,4,3,2,MX2193,0,2,114
1,2,14:27:10,4,4,1,MX2193,0,2,153
2,3,14:29:06,4,4,1,MX2193,0,2,25
3,4,14:32:55,4,5,2,MX2193,0,2,116
4,5,14:34:08,4,5,1,MX2193,0,2,20
5,6,14:36:17,4,5,1,MX2193,0,2,31
6,7,14:39:07,4,5,1,MX2193,0,2,73
0,1,15:57:49,4,3,1,MX2193,0,2,161
1,2,16:00:44,4,3,2,MX2193,0,2,144
2,3,16:05:48,4,4,1,MX2193,0,2,213
3,4,16:09:35,4,4,1,MX2193,0,2,121
4,5,16:11:59,4,4,1,MX2193,0,2,50
5,6,16:13:42,4,5,1,MX2193,0,2,32
6,7,16:15:38,4,5,2,MX2193,0,2,50
12,13,16:28:59,4,5,-1,MX2193,0,2,20
0,1,17:27:42,4,2,1,MX2193,0,2,204
1,2,17:32:15,4,4,2,MX2193,0,2,161
2,3,17:35:07,4,4,1,MX2193,0,2,60
3,4,17:38:59,4,5,1,MX2193,0,2,121
4,5,17:41:05,4,5,1,MX2193,0,2,30
5,6,17:43:06,4,5,1,MX2193,0,2,40
6,7,17:45:58,4,5,2,MX2193,0,2,80
12,13,18:17:09,4,5,-1,MX2193,0,2,30
0,1,19:12:40,4,3,2,MX2193,0,2,171
1,2,19:17:17,4,4,2,MX2193,0,2,191
2,3,19:20:19,4,4,1,MX2193,0,2,101
3,4,19:22:50,4,5,1,MX2193,0,2,50
4,5,19:24:44,4,5,1,MX2193,0,2,30
5,6,19:26:05,4,5,1,MX2193,0,2,40
6,7,19:28:27,4,5,1,MX2193,0,2,80
7,8,19:30:58,4,5,1,MX2193,0,2,101
8,9,19:33:20,4,5,1,MX2193,0,2,70
9,10,19:34:35,4,5,-1,MX2193,0,2,41
10,11,19:35:35,4,5,-1,MX2193,0,2,10
11,12,19:37:26,4,5,-1,MX2193,0,2,70
12,13,19:38:27,4,5,-1,MX2193,0,2,20
0,1,20:47:10,4,1,2,MX2193,0,2,90
1,2,20:50:47,4,1,2,MX2193,0,2,183
2,3,20:52:48,4,2,1,MX2193,0,2,70
3,4,20:55:00,4,2,1,MX2193,0,2,40
4,5,20:57:43,4,2,1,MX2193,0,2,50
5,6,20:59:25,4,2,1,MX2193,0,2,30
6,7,21:02:28,4,2,2,MX2193,0,2,101
7,8,21:04:29,4,2,1,MX2193,0,2,80
8,9,21:05:54,4,2,1,MX2193,0,2,54
9,10,21:07:05,4,2,-1,MX2193,0,2,30
10,11,21:07:55,4,2,-1,MX2193,0,2,20
11,12,21:10:47,4,2,-1,MX2193,0,2,91
12,13,21:11:38,4,2,-1,MX2193,0,2,10
0,1,22:01:29,4,1,1,MX2193,0,2,151
1,2,22:05:56,4,1,1,MX2193,0,2,161
2,3,22:07:38,4,1,1,MX2193,0,2,40
3,4,22:10:09,4,1,1,MX2193,0,2,91
4,5,22:12:03,4,2,1,MX2193,0,2,10
5,6,22:13:44,4,2,1,MX2193,0,2,30
6,7,22:15:45,4,2,1,MX2193,0,2,50
7,8,22:17:36,4,2,1,MX2193,0,2,60
8,9,22:18:57,4,3,1,MX2193,0,2,40
9,10,22:20:08,4,3,-1,MX2193,0,2,30
11,12,22:22:34,4,3,-1,MX2193,0,2,44
12,13,22:23:35,4,3,-1,MX2193,0,2,20
0,1,23:11:10,4,2,1,MX2193,0,2,90
1,2,23:13:54,4,2,1,MX2193,0,2,134
2,3,23:15:15,4,2,1,MX2193,0,2,20
3,4,23:17:17,4,3,1,MX2193,0,2,70
4,5,23:18:07,4,3,1,MX2193,0,2,10
5,6,23:18:58,4,3,1,MX2193,0,2,20
6,7,23:20:39,4,3,1,MX2193,0,2,70
7,8,23:23:04,4,3,1,MX2193,0,2,104
8,9,23:24:55,4,3,1,MX2193,0,2,40
9,10,23:25:56,4,3,-1,MX2193,0,2,30
10,11,23:26:46,4,3,-1,MX2193,0,2,10
11,12,23:27:47,4,3,-1,MX2193,0,2,20
12,13,23:28:58,4,3,-1,MX2193,0,2,10
1,2,7:39:25,4,1,1,MX2215,0,2,336
2,3,7:41:47,4,1,1,MX2215,0,2,60
3,4,7:45:10,4,2,1,MX2215,0,2,101
4,5,7:46:32,4,1,1,MX2215,0,2,40
5,6,7:48:14,4,1,1,MX2215,0,2,70
6,7,7:52:08,4,1,1,MX2215,0,2,112
12,13,8:04:44,4,0,-1,MX2215,0,2,20
0,1,8:58:18,4,3,1,MX2215,0,2,121
1,2,9:04:49,4,3,1,MX2215,0,2,319
2,3,9:07:15,4,3,2,MX2215,0,2,95
3,4,9:11:49,4,3,2,MX2215,0,2,131
4,5,9:13:54,4,3,2,MX2215,0,2,20
5,6,9:15:25,4,3,1,MX2215,0,2,50
6,7,9:17:27,4,3,1,MX2215,0,2,70
7,12,9:26:37,4,0,-1,MX2215,4,2,489
12,13,9:27:18,4,0,-1,MX2215,0,2,10
1,2,10:26:29,4,4,3,MX2215,0,2,91
2,3,10:29:44,4,4,1,MX2215,0,2,83
3,4,10:33:17,4,4,2,MX2215,0,2,90
4,5,10:35:28,4,3,1,MX2215,0,2,30
5,6,10:37:09,4,3,1,MX2215,0,2,40
6,7,10:39:24,4,3,1,MX2215,0,2,50
7,12,10:49:34,4,0,-1,MX2215,4,2,529
12,13,10:50:46,4,0,-1,MX2215,0,2,21
0,1,15:00:03,4,0,2,MX2215,0,2,197
1,2,15:05:10,4,1,3,MX2215,0,2,254
2,3,15:08:51,4,1,1,MX2215,0,2,83
3,4,15:12:26,4,0,1,MX2215,0,2,131
4,5,15:13:47,4,0,1,MX2215,0,2,20
5,6,15:14:58,4,0,2,MX2215,0,2,30
6,7,15:17:50,4,0,2,MX2215,0,2,131
7,12,15:26:08,4,0,-1,MX2215,4,2,467
12,13,15:27:39,4,0,-1,MX2215,0,2,30
0,1,16:31:02,4,2,2,MX2215,0,2,203
1,2,16:34:55,4,3,3,MX2215,0,2,151
2,3,16:37:06,4,2,1,MX2215,0,2,60
3,4,16:39:28,4,1,1,MX2215,0,2,80
4,5,16:41:49,4,1,2,MX2215,0,2,30
5,6,16:44:25,4,1,2,MX2215,0,2,75
6,7,16:47:07,4,0,2,MX2215,0,2,71
12,13,16:59:24,4,0,-1,MX2215,0,2,10
0,1,18:05:38,4,2,1,MX2215,0,2,182
1,2,18:13:17,4,3,2,MX2215,0,2,347
2,3,18:19:25,4,3,1,MX2215,0,2,297
3,4,18:22:38,4,3,2,MX2215,0,2,80
4,5,18:25:31,4,2,2,MX2215,0,2,41
5,6,18:29:27,4,2,2,MX2215,0,2,154
6,7,18:34:20,4,2,2,MX2215,0,2,182
7,8,18:41:19,4,2,1,MX2215,0,2,323
8,9,18:45:45,4,2,1,MX2215,0,2,101
9,10,18:47:16,4,2,-1,MX2215,0,2,50
10,11,18:48:17,4,2,-1,MX2215,0,2,10
11,12,18:51:39,4,2,-1,MX2215,0,2,151
12,13,18:52:53,4,1,-1,MX2215,0,2,20
0,1,19:51:07,4,0,1,MX2215,0,2,233
1,2,19:55:00,4,0,1,MX2215,0,2,191
2,3,19:57:03,4,0,1,MX2215,0,2,102
3,4,20:01:25,4,0,1,MX2215,0,2,111
4,5,20:03:48,4,0,1,MX2215,0,2,40
5,6,20:05:39,4,0,1,MX2215,0,2,40
6,7,20:07:58,4,0,1,MX2215,0,2,70
7,8,20:11:20,4,1,1,MX2215,0,2,111
8,9,20:13:14,4,2,1,MX2215,0,2,60
9,10,20:14:45,4,2,-1,MX2215,0,2,30
10,11,20:16:26,4,2,-1,MX2215,0,2,30
11,12,20:19:08,4,1,-1,MX2215,0,2,121
12,13,20:20:29,4,1,-1,MX2215,0,2,30
0,1,10:15:07,4,-1,1,MX2239,0,2,273
1,2,10:18:44,4,-1,1,MX2239,0,2,155
2,3,10:22:06,4,-1,1,MX2239,0,2,131
3,4,10:25:48,4,-1,2,MX2239,0,2,111
4,5,10:28:32,4,-1,2,MX2239,0,2,62
5,6,10:29:44,4,-1,1,MX2239,0,2,41
6,7,10:33:57,4,-1,1,MX2239,0,2,202
7,13,10:44:38,4,-1,-1,MX2239,5,2,559
2,3,11:53:26,4,-1,2,MX2239,0,2,83
3,4,11:56:35,4,-1,2,MX2239,0,2,136
4,5,11:58:42,4,-1,1,MX2239,0,2,32
5,6,12:01:14,4,-1,1,MX2239,0,2,141
6,7,12:04:36,4,-1,1,MX2239,0,2,139
7,12,12:15:48,4,-1,-1,MX2239,4,2,618
0,1,0:38:54,5,-1,1,AA2836,0,2,54
1,2,0:42:07,5,-1,1,AA2836,0,2,182
2,3,0:43:28,5,-1,1,AA2836,0,2,50
3,4,0:45:19,5,-1,1,AA2836,0,2,80
4,5,0:46:09,5,-1,1,AA2836,0,2,10
5,6,0:47:00,5,-1,1,AA2836,0,2,20
6,7,0:48:55,5,-1,1,AA2836,0,2,80
7,8,0:50:26,5,-1,1,AA2836,0,2,50
8,9,0:51:46,5,-1,1,AA2836,0,2,40
9,10,0:52:57,5,-1,-1,AA2836,0,2,30
12,13,0:56:43,5,-1,-1,AA2836,0,2,40
0,1,0:06:42,5,-1,1,AA2998,0,2,102
1,2,0:09:55,5,-1,1,AA2998,0,2,162
2,3,0:12:27,5,-1,1,AA2998,0,2,101
3,4,0:15:19,5,-1,1,AA2998,0,2,111
4,5,0:17:00,5,-1,1,AA2998,0,2,90
5,6,0:17:54,5,-1,1,AA2998,0,2,10
6,7,0:20:16,5,-1,1,AA2998,0,2,101
7,8,0:21:47,5,-1,1,AA2998,0,2,50
8,9,0:23:18,5,-1,1,AA2998,0,2,50
9,10,0:24:08,5,-1,-1,AA2998,0,2,30
10,11,0:24:49,5,-1,-1,AA2998,0,2,10
11,12,0:26:40,5,-1,-1,AA2998,0,2,51
12,13,0:27:34,5,-1,-1,AA2998,0,2,12
0,1,1:08:22,5,-1,1,AA2998,0,2,92
1,2,1:10:54,5,-1,1,AA2998,0,2,111
2,3,1:12:55,5,-1,1,AA2998,0,2,80
3,4,1:14:36,5,-1,1,AA2998,0,2,40
4,5,1:16:27,5,-1,1,AA2998,0,2,20
5,6,1:17:18,5,-1,1,AA2998,0,2,20
6,7,1:18:49,5,-1,1,AA2998,0,2,60
7,8,1:19:40,5,-1,1,AA2998,0,2,20
8,9,1:21:53,5,-1,1,AA2998,0,2,112
9,10,1:22:54,5,-1,-1,AA2998,0,2,31
11,12,1:24:25,5,-1,-1,AA2998,0,2,10
12,13,1:25:56,5,-1,-1,AA2998,0,2,50
0,1,6:03:58,5,-1,1,AA3016,0,2,222
1,2,6:07:00,5,-1,1,AA3016,0,2,111
2,3,6:09:55,5,-1,1,AA3016,0,2,80
3,4,6:11:46,5,-1,1,AA3016,0,2,70
4,6,6:13:58,5,-1,1,AA3016,1,2,80
6,7,6:15:29,5,-1,1,AA3016,0,2,30
7,12,6:21:26,5,-1,-1,AA3016,4,2,326
12,13,6:21:46,5,-1,-1,AA3016,0,2,10
1,2,7:02:09,5,-1,1,AA3016,0,2,421
2,3,7:04:22,5,-1,1,AA3016,0,2,72
3,4,7:06:14,5,-1,1,AA3016,0,2,91
4,5,7:08:27,5,-1,1,AA3016,0,2,92
5,6,7:09:37,5,-1,1,AA3016,0,2,30
6,7,7:11:39,5,-1,1,AA3016,0,2,40
7,12,7:18:57,5,-1,-1,AA3016,4,2,377
12,13,7:20:38,5,-1,-1,AA3016,0,2,91
0,1,8:08:00,5,-1,2,AA3016,0,2,91
1,2,8:12:15,5,-1,2,AA3016,0,2,141
2,3,8:15:28,5,-1,1,AA3016,0,2,111
3,4,8:17:29,5,-1,1,AA3016,0,2,30
4,5,8:19:43,5,-1,1,AA3016,0,2,113
5,6,8:21:14,5,-1,1,AA3016,0,2,30
6,7,8:24:36,5,-1,1,AA3016,0,2,131
7,12,8:32:24,5,-1,-1,AA3016,4,2,345
1,2,9:34:01,5,-1,3,AA3016,0,2,621
2,3,9:37:46,5,-1,1,AA3016,0,2,101
3,4,9:40:48,5,-1,-1,AA3016,0,2,40
4,5,9:43:20,5,-1,-1,AA3016,0,2,131
5,6,9:45:03,5,-1,2,AA3016,0,2,40
6,7,9:48:25,5,-1,1,AA3016,0,2,121
7,12,9:56:35,5,-1,-1,AA3016,4,2,429
12,13,9:57:36,5,-1,-1,AA3016,0,2,10
0,2,11:32:16,5,-1,2,AA3016,1,2,507
2,3,11:34:18,5,-1,1,AA3016,0,2,60
3,4,11:37:44,5,-1,2,AA3016,0,2,85
4,5,11:40:07,5,-1,1,AA3016,0,2,41
5,6,11:42:29,5,-1,1,AA3016,0,2,40
6,7,11:46:23,5,-1,1,AA3016,0,2,143
7,12,11:57:04,5,-1,-1,AA3016,4,2,558
1,2,13:00:59,5,-1,1,AA3016,0,1,578
2,3,13:03:38,5,-1,1,AA3016,0,1,37
3,4,13:06:09,5,-1,1,AA3016,0,1,70
4,5,13:08:15,5,-1,2,AA3016,0,1,30
5,6,13:11:12,5,-1,1,AA3016,0,1,136
6,7,13:15:49,5,-1,2,AA3016,0,1,193
0,1,14:23:18,5,-1,1,AA3016,0,1,151
1,2,14:27:04,5,-1,2,AA3016,0,1,154
2,3,14:31:35,5,-1,1,AA3016,0,1,145
3,4,14:33:56,5,-1,1,AA3016,0,1,50
4,5,14:35:27,5,-1,2,AA3016,0,1,10
5,6,14:38:33,5,-1,1,AA3016,0,1,165
6,7,14:43:06,5,-1,-1,AA3016,0,1,242
12,13,14:59:06,5,-1,-1,AA3016,0,1,30
0,1,16:05:45,5,-1,1,AA3016,0,1,151
1,2,16:10:08,5,-1,2,AA3016,0,1,242
2,3,16:15:25,5,-1,1,AA3016,0,1,152
3,4,16:18:01,5,-1,1,AA3016,0,1,64
4,5,16:20:23,5,-1,2,AA3016,0,1,50
5,6,16:22:24,5,-1,1,AA3016,0,1,111
6,7,16:27:56,5,-1,2,AA3016,0,1,229
0,1,17:52:20,5,-1,1,AA3016,0,1,323
1,2,17:55:44,5,-1,3,AA3016,0,1,131
2,3,17:58:06,5,-1,2,AA3016,0,1,20
3,4,17:59:58,5,-1,1,AA3016,0,1,40
4,5,18:03:00,5,-1,3,AA3016,0,1,50
5,6,18:04:55,5,-1,2,AA3016,0,1,70
6,7,18:08:29,5,-1,2,AA3016,0,1,131
7,8,18:11:53,5,-1,1,AA3016,0,1,93
8,9,18:18:21,5,-1,1,AA3016,0,1,276
9,10,18:20:13,5,-1,-1,AA3016,0,1,71
10,11,18:21:04,5,-1,-1,AA3016,0,1,10
11,12,18:25:07,5,-1,-1,AA3016,0,1,101
12,13,18:27:18,5,-1,-1,AA3016,0,1,20
0,1,20:50:26,5,-1,1,AA3016,0,1,166
1,2,20:53:58,5,-1,1,AA3016,0,1,191
2,3,20:55:19,5,-1,1,AA3016,0,1,50
3,4,20:57:20,5,-1,1,AA3016,0,1,70
4,5,20:59:24,5,-1,1,AA3016,0,1,40
5,6,21:00:29,5,-1,1,AA3016,0,1,10
6,7,21:03:52,5,-1,1,AA3016,0,1,112
7,8,21:06:35,5,-1,1,AA3016,0,1,152
8,9,21:08:16,5,-1,1,AA3016,0,1,50
9,10,21:10:07,5,-1,-1,AA3016,0,1,40
10,11,21:11:08,5,-1,-1,AA3016,0,1,30
11,12,21:12:18,5,-1,-1,AA3016,0,1,20
12,13,21:14:20,5,-1,-1,AA3016,0,1,10
0,1,21:59:26,5,-1,1,AA3016,0,1,91
1,2,22:03:54,5,-1,1,AA3016,0,1,207
2,3,22:06:15,5,-1,1,AA3016,0,1,30
3,4,22:08:06,5,-1,1,AA3016,0,1,50
4,5,22:10:28,5,-1,1,AA3016,0,1,50
5,6,22:11:59,5,-1,1,AA3016,0,1,30
6,7,22:14:03,5,-1,1,AA3016,0,1,43
7,8,22:15:44,5,-1,1,AA3016,0,1,40
8,9,22:17:05,5,-1,1,AA3016,0,1,20
9,10,22:18:16,5,-1,-1,AA3016,0,1,30
10,11,22:19:37,5,-1,-1,AA3016,0,1,10
11,12,22:21:48,5,-1,-1,AA3016,0,1,111
12,13,22:22:39,5,-1,-1,AA3016,0,1,20
1,2,23:11:09,5,-1,1,AA3016,0,1,464
2,3,23:12:20,5,-1,1,AA3016,0,1,20
3,4,23:15:35,5,-1,1,AA3016,0,1,183
4,5,23:16:36,5,-1,1,AA3016,0,1,10
5,6,23:17:37,5,-1,1,AA3016,0,1,20
6,7,23:19:28,5,-1,1,AA3016,0,1,40
7,8,23:21:20,5,-1,2,AA3016,0,1,71
8,9,23:23:14,5,-1,1,AA3016,0,1,53
9,10,23:24:35,5,-1,-1,AA3016,0,1,50
11,12,23:27:37,5,-1,-1,AA3016,0,1,121
12,13,23:28:38,5,-1,-1,AA3016,0,1,30
0,1,12:42:32,5,-1,-1,AA7020,0,2,194
1,2,12:46:06,5,-1,2,AA7020,0,2,141
2,3,12:50:09,5,-1,1,AA7020,0,1,121
3,4,12:53:33,5,-1,1,AA7020,0,1,62
4,5,12:55:55,5,-1,2,AA7020,0,1,30
5,6,12:57:57,5,-1,2,AA7020,0,1,101
6,7,13:02:40,5,-1,2,AA7020,0,1,121
0,1,10:26:45,5,-1,1,AA7029,0,2,225
1,2,10:30:17,5,-1,2,AA7029,0,2,121
2,3,10:34:32,5,-1,1,AA7029,0,2,133
3,4,10:37:44,5,-1,2,AA7029,0,2,121
4,5,10:40:06,5,-1,1,AA7029,0,2,30
5,6,10:42:48,5,-1,1,AA7029,0,2,101
6,7,10:46:32,5,-1,1,AA7029,0,2,163
7,12,10:53:59,5,-1,-1,AA7029,4,2,365
12,13,10:55:09,5,-1,-1,AA7029,0,2,10
0,1,15:03:19,5,-1,1,AB6256,0,1,171
1,2,15:08:06,5,-1,2,AB6256,0,1,226
2,3,15:13:50,5,-1,1,AB6256,0,1,171
3,4,15:16:47,5,-1,1,AB6256,0,1,112
4,5,15:17:43,5,-1,1,AB6256,0,1,10
5,6,15:19:45,5,-1,2,AB6256,0,1,30
6,7,15:23:28,5,-1,2,AB6256,0,1,162
7,12,15:34:54,5,-1,-1,AB6256,4,1,487
12,13,15:35:44,5,-1,-1,AB6256,0,1,20
0,1,16:41:01,5,-1,1,AB6256,0,1,183
1,2,16:46:57,5,-1,2,AB6256,0,1,295
2,3,16:50:52,5,-1,1,AB6256,0,1,112
3,4,16:53:34,5,-1,1,AB6256,0,1,101
4,5,16:55:56,5,-1,2,AB6256,0,1,30
5,6,16:58:07,5,-1,2,AB6256,0,1,60
6,7,17:01:19,5,-1,-1,AB6256,0,1,151
12,13,17:14:54,5,-1,-1,AB6256,0,1,30
0,1,19:11:03,5,-1,1,AB6256,0,1,163
1,2,19:14:35,5,-1,1,AB6256,0,1,101
2,3,19:16:57,5,-1,1,AB6256,0,1,91
3,4,19:20:29,5,-1,1,AB6256,0,2,121
4,5,19:22:44,5,-1,1,AB6256,0,2,74
5,6,19:24:25,5,-1,2,AB6256,0,2,50
6,7,19:27:07,5,-1,2,AB6256,0,2,121
7,8,19:31:08,5,-1,1,AB6256,0,2,111
8,9,19:34:56,5,-1,1,AB6256,0,2,147
9,10,19:36:17,5,-1,-1,AB6256,0,2,50
10,11,19:37:24,5,-1,-1,AB6256,0,2,10
11,12,19:40:56,5,-1,-1,AB6256,0,2,161
12,13,19:42:07,5,-1,-1,AB6256,0,2,20
0,1,20:32:47,5,-1,1,AB6256,0,2,202
1,2,20:36:09,5,-1,1,AB6256,0,2,131
2,3,20:38:34,5,-1,1,AB6256,0,2,83
3,4,20:42:06,5,-1,1,AB6256,0,2,141
4,5,20:43:16,5,-1,1,AB6256,0,2,20
5,6,20:44:37,5,-1,2,AB6256,0,2,30
6,7,20:46:59,5,-1,2,AB6256,0,2,90
7,8,20:49:45,5,-1,1,AB6256,0,1,115
8,9,20:51:46,5,-1,1,AB6256,0,1,60
9,10,20:52:27,5,-1,-1,AB6256,0,1,10
10,11,20:53:48,5,-1,-1,AB6256,0,1,10
11,12,20:55:39,5,-1,-1,AB6256,0,1,70
12,13,20:56:29,5,-1,-1,AB6256,0,1,10
0,1,21:44:56,5,-1,1,AB6256,0,1,111
1,2,21:47:48,5,-1,1,AB6256,0,1,161
2,3,21:48:59,5,-1,1,AB6256,0,1,20
3,4,21:52:56,5,-1,1,AB6256,0,1,155
4,5,21:54:52,5,-1,1,AB6256,0,1,35
5,6,21:55:53,5,-1,1,AB6256,0,1,20
6,7,21:57:55,5,-1,1,AB6256,0,1,70
7,8,22:00:17,5,-1,1,AB6256,0,1,70
8,9,22:02:53,5,-1,1,AB6256,0,1,45
9,10,22:04:04,5,-1,-1,AB6256,0,1,30
10,11,22:05:15,5,-1,-1,AB6256,0,1,10
11,12,22:07:16,5,-1,-1,AB6256,0,1,80
12,13,22:07:56,5,-1,-1,AB6256,0,1,10
0,1,7:48:44,5,-1,1,MW2183,0,2,194
1,2,7:52:26,5,-1,1,MW2183,0,2,192
2,3,7:54:38,5,-1,1,MW2183,0,2,70
3,4,7:57:09,5,-1,2,MW2183,0,2,70
4,5,7:59:24,5,-1,1,MW2183,0,2,40
5,6,8:00:35,5,-1,1,MW2183,0,2,30
6,7,8:03:57,5,-1,1,MW2183,0,2,101
7,12,8:11:45,5,-1,-1,MW2183,4,2,407
12,13,8:12:36,5,-1,-1,MW2183,0,2,20
0,1,8:59:48,5,-1,2,MW2183,0,2,121
1,2,9:04:12,5,-1,2,MW2183,0,2,162
2,3,9:08:25,5,-1,1,MW2183,0,2,162
3,4,9:11:58,5,-1,2,MW2183,0,2,131
4,5,9:14:20,5,-1,1,MW2183,0,2,40
5,6,9:16:04,5,-1,1,MW2183,0,2,40
6,7,9:18:46,5,-1,1,MW2183,0,2,91
7,8,9:21:18,5,-1,1,MW2183,0,2,90
8,12,9:27:35,5,-1,-1,MW2183,3,2,336
12,13,9:28:25,5,-1,-1,MW2183,0,2,10
0,1,10:21:39,5,-1,1,MW2183,0,2,131
1,2,10:25:24,5,-1,2,MW2183,0,2,134
2,3,10:30:47,5,-1,1,MW2183,0,2,252
3,4,10:34:10,5,-1,2,MW2183,0,2,111
4,5,10:38:05,5,-1,1,MW2183,0,2,172
5,6,10:39:05,5,-1,1,MW2183,0,2,30
6,7,10:43:08,5,-1,1,MW2183,0,2,131
7,12,10:51:47,5,-1,-1,MW2183,4,2,447
12,13,10:52:38,5,-1,-1,MW2183,0,2,10
0,1,11:52:59,5,-1,1,MW2183,0,2,141
1,2,11:56:44,5,-1,2,MW2183,0,2,143
2,3,11:59:06,5,-1,1,MW2183,0,2,101
3,4,12:01:33,5,-1,1,MW2183,0,2,84
4,5,12:04:25,5,-1,2,MW2183,0,2,161
5,6,12:06:31,5,-1,2,MW2183,0,2,20
6,7,12:10:23,5,-1,1,MW2183,0,2,140
0,1,16:29:48,5,-1,2,MW2183,0,1,202
1,2,16:33:15,5,-1,3,MW2183,0,1,155
2,3,16:37:38,5,-1,1,MW2183,0,1,202
3,4,16:40:20,5,-1,1,MW2183,0,1,81
4,5,16:42:32,5,-1,2,MW2183,0,1,20
5,6,16:44:55,5,-1,2,MW2183,0,1,92
6,7,16:48:08,5,-1,2,MW2183,0,1,112
7,12,16:59:18,5,-1,-1,MW2183,4,1,578
12,13,17:00:49,5,-1,-1,MW2183,0,1,20
0,1,18:18:11,5,-1,1,MW2183,0,1,216
1,2,18:22:45,5,-1,1,MW2183,0,1,223
2,3,18:24:46,5,-1,1,MW2183,0,1,70
3,4,18:27:38,5,-1,2,MW2183,0,1,90
4,5,18:29:09,5,-1,1,MW2183,0,1,40
5,7,18:37:26,5,-1,2,MW2183,1,1,436
7,8,18:41:08,5,-1,1,MW2183,0,1,151
8,9,18:45:14,5,-1,1,MW2183,0,1,92
9,10,18:47:05,5,-1,-1,MW2183,0,1,60
10,11,18:48:57,5,-1,-1,MW2183,0,1,10
11,12,18:51:18,5,-1,-1,MW2183,0,1,90
12,13,18:53:19,5,-1,-1,MW2183,0,1,30
0,1,19:43:48,5,-1,1,MW2183,0,2,30
1,2,19:49:41,5,-1,1,MW2183,0,2,341
2,3,19:51:12,5,-1,1,MW2183,0,2,20
3,4,19:53:44,5,-1,1,MW2183,0,2,90
4,5,19:56:26,5,-1,1,MW2183,0,2,80
5,6,19:57:06,5,-1,1,MW2183,0,2,20
6,7,19:59:38,5,-1,1,MW2183,0,2,100
7,8,20:03:02,5,-1,1,MW2183,0,2,143
8,9,20:04:53,5,-1,1,MW2183,0,2,50
9,10,20:05:54,5,-1,-1,MW2183,0,2,20
10,11,20:06:55,5,-1,-1,MW2183,0,2,10
11,12,20:09:26,5,-1,-1,MW2183,0,2,101
12,13,20:10:17,5,-1,-1,MW2183,0,2,10
1,2,19:27:27,5,-1,1,MW2417,0,2,377
2,3,19:29:47,5,-1,1,MW2417,0,2,30
3,4,19:32:49,5,-1,1,MW2417,0,2,101
4,5,19:34:56,5,-1,1,MW2417,0,2,10
5,6,19:35:47,5,-1,1,MW2417,0,2,30
6,7,19:37:54,5,-1,1,MW2417,0,2,87
7,8,19:40:56,5,-1,1,MW2417,0,2,111
8,9,19:42:37,5,-1,1,MW2417,0,2,50
9,10,19:45:10,5,-1,-1,MW2417,0,2,60
10,11,19:46:03,5,-1,-1,MW2417,0,2,10
11,12,19:48:49,5,-1,-1,MW2417,0,2,121
12,13,19:49:51,5,-1,-1,MW2417,0,2,20
0,1,6:13:48,5,-1,1,MW2420,0,2,80
1,2,6:17:10,5,-1,1,MW2420,0,2,181
2,3,6:18:54,5,-1,1,MW2420,0,2,51
3,4,6:21:06,5,-1,1,MW2420,0,2,71
4,5,6:22:27,5,-1,1,MW2420,0,2,20
5,6,6:23:27,5,-1,1,MW2420,0,2,30
6,7,6:24:58,5,-1,1,MW2420,0,2,60
0,1,7:15:55,5,-1,1,MW2420,0,2,154
1,2,7:19:27,5,-1,1,MW2420,0,2,181
2,3,7:21:49,5,-1,1,MW2420,0,2,70
3,4,7:25:14,5,-1,1,MW2420,0,2,113
4,5,7:27:15,5,-1,1,MW2420,0,2,30
5,6,7:28:16,5,-1,1,MW2420,0,2,20
6,7,7:30:38,5,-1,1,MW2420,0,2,80
7,12,7:38:25,5,-1,-1,MW2420,4,2,426
12,13,7:39:16,5,-1,-1,MW2420,0,2,10
0,2,8:32:24,5,-1,2,MW2420,1,2,356
2,3,8:34:45,5,-1,1,MW2420,0,2,60
3,4,8:37:07,5,-1,2,MW2420,0,2,70
4,5,8:39:39,5,-1,1,MW2420,0,2,70
5,6,8:41:10,5,-1,1,MW2420,0,2,40
6,7,8:45:05,5,-1,1,MW2420,0,2,192
7,12,8:53:13,5,-1,-1,MW2420,4,2,436
12,13,8:53:54,5,-1,-1,MW2420,0,2,10
0,1,9:47:55,5,-1,2,MW2420,0,2,182
1,2,9:51:38,5,-1,2,MW2420,0,2,152
2,3,9:54:51,5,-1,1,MW2420,0,2,111
3,4,9:58:06,5,-1,1,MW2420,0,2,124
4,5,10:00:38,5,-1,1,MW2420,0,2,60
5,6,10:02:09,5,-1,1,MW2420,0,2,40
6,7,10:03:53,5,-1,1,MW2420,0,2,61
7,12,10:12:59,5,-1,-1,MW2420,4,2,506
12,13,10:14:02,5,-1,-1,MW2420,0,2,10
1,2,11:47:35,5,-1,2,MW2420,0,2,183
2,3,11:50:07,5,-1,1,MW2420,0,2,101
3,4,11:52:39,5,-1,2,MW2420,0,2,81
4,5,11:54:52,5,-1,1,MW2420,0,2,20
5,6,11:57:24,5,-1,2,MW2420,0,2,70
6,7,12:02:38,5,-1,1,MW2420,0,2,211
7,12,12:13:09,5,-1,-1,MW2420,4,2,535
12,13,12:14:30,5,-1,-1,MW2420,0,2,20
0,1,13:14:18,5,-1,1,MW2420,0,1,175
1,2,13:18:35,5,-1,1,MW2420,0,1,155
2,3,13:21:17,5,-1,1,MW2420,0,1,101
3,4,13:24:39,5,-1,1,MW2420,0,1,80
4,5,13:27:23,5,-1,2,MW2420,0,1,50
5,6,13:30:27,5,-1,2,MW2420,0,1,121
6,7,13:33:37,5,-1,1,MW2420,0,1,118
12,13,13:47:43,5,-1,-1,MW2420,0,1,10
0,1,14:45:38,5,-1,1,MW2420,0,1,293
1,2,14:50:45,5,-1,1,MW2420,0,1,235
2,3,14:56:34,5,-1,1,MW2420,0,1,268
3,4,15:00:27,5,-1,1,MW2420,0,1,111
4,5,15:02:49,5,-1,2,MW2420,0,1,30
5,6,15:04:34,5,-1,2,MW2420,0,1,34
6,7,15:08:06,5,-1,2,MW2420,0,1,141
12,13,15:21:47,5,-1,-1,MW2420,0,1,10
0,1,16:19:42,5,-1,1,MW2420,0,1,176
1,2,16:24:57,5,-1,2,MW2420,0,1,233
2,3,16:28:37,5,-1,1,MW2420,0,1,182
3,4,16:33:05,5,-1,1,MW2420,0,1,121
4,5,16:35:57,5,-1,1,MW2420,0,1,60
5,6,16:39:19,5,-1,2,MW2420,0,1,151
6,7,16:44:13,5,-1,2,MW2420,0,1,161
12,13,16:57:57,5,-1,-1,MW2420,0,1,10
0,1,18:11:10,5,-1,1,MW2420,0,1,181
1,2,18:16:06,5,-1,1,MW2420,0,1,242
2,3,18:18:31,5,-1,1,MW2420,0,1,74
3,4,18:22:25,5,-1,1,MW2420,0,1,121
4,5,18:24:56,5,-1,1,MW2420,0,1,50
5,6,18:28:49,5,-1,2,MW2420,0,1,151
6,7,18:33:54,5,-1,2,MW2420,0,1,170
7,8,18:38:06,5,-1,1,MW2420,0,1,161
8,9,18:40:38,5,-1,1,MW2420,0,1,80
9,10,18:42:09,5,-1,-1,MW2420,0,1,40
10,11,18:43:42,5,-1,-1,MW2420,0,1,22
11,12,18:46:25,5,-1,-1,MW2420,0,1,90
12,13,18:47:56,5,-1,-1,MW2420,0,1,20
2,3,7:02:39,5,-1,1,MW2693,0,2,84
3,4,7:04:43,5,-1,1,MW2693,0,2,41
4,5,7:05:34,5,-1,1,MW2693,0,2,30
5,6,7:06:55,5,-1,1,MW2693,0,2,40
6,7,7:08:47,5,-1,1,MW2693,0,2,50
7,8,7:11:08,5,-1,1,MW2693,0,2,101
8,12,7:15:34,5,-1,-1,MW2693,3,2,235
12,13,7:16:25,5,-1,-1,MW2693,0,2,10
0,1,8:06:09,5,-1,2,MW2693,0,2,131
1,2,8:09:44,5,-1,2,MW2693,0,2,174
2,3,8:12:05,5,-1,1,MW2693,0,2,70
3,4,8:14:07,5,-1,1,MW2693,0,2,40
4,5,8:16:18,5,-1,1,MW2693,0,2,60
5,6,8:17:29,5,-1,1,MW2693,0,2,20
6,7,8:19:13,5,-1,1,MW2693,0,2,40
7,12,8:25:57,5,-1,-1,MW2693,4,2,354
12,13,8:27:08,5,-1,-1,MW2693,0,2,30
2,3,9:31:08,5,-1,1,MW2693,0,2,60
3,4,9:34:01,5,-1,2,MW2693,0,2,112
4,5,9:36:35,5,-1,1,MW2693,0,2,133
5,6,9:37:46,5,-1,1,MW2693,0,2,20
6,7,9:39:57,5,-1,1,MW2693,0,2,80
7,12,9:49:46,5,-1,-1,MW2693,4,2,538
12,13,9:50:27,5,-1,-1,MW2693,0,2,20
0,1,11:22:18,5,-1,2,MW2693,0,2,152
1,2,11:26:10,5,-1,2,MW2693,0,2,171
2,3,11:30:25,5,-1,1,MW2693,0,2,203
3,4,11:32:16,5,-1,1,MW2693,0,2,50
4,5,11:35:59,5,-1,1,MW2693,0,2,182
5,6,11:37:54,5,-1,1,MW2693,0,2,34
6,7,11:41:08,5,-1,1,MW2693,0,2,122
7,12,11:53:30,5,-1,-1,MW2693,4,2,610
12,13,11:54:20,5,-1,-1,MW2693,0,2,10
0,1,12:48:58,5,-1,1,MW2693,0,1,121
1,2,12:52:10,5,-1,2,MW2693,0,1,111
2,3,12:54:54,5,-1,1,MW2693,0,1,70
3,4,12:57:26,5,-1,1,MW2693,0,1,81
4,5,12:59:38,5,-1,2,MW2693,0,1,30
5,6,13:02:50,5,-1,2,MW2693,0,1,141
6,7,13:06:09,5,-1,2,MW2693,0,1,90
12,13,13:19:25,5,-1,-1,MW2693,0,1,40
0,1,14:15:23,5,-1,1,MW2693,0,1,183
1,2,14:20:37,5,-1,1,MW2693,0,1,273
2,3,14:23:49,5,-1,1,MW2693,0,1,60
3,4,14:26:53,5,-1,1,MW2693,0,1,73
4,5,14:29:09,5,-1,2,MW2693,0,1,20
5,6,14:32:25,5,-1,1,MW2693,0,1,50
6,7,14:35:58,5,-1,1,MW2693,0,1,71
12,13,14:51:45,5,-1,-1,MW2693,0,1,50
1,2,16:07:37,5,-1,2,MW2693,0,1,242
2,3,16:12:10,5,-1,1,MW2693,0,1,242
3,4,16:15:05,5,-1,1,MW2693,0,1,70
4,5,16:17:37,5,-1,2,MW2693,0,1,60
5,6,16:19:12,5,-1,2,MW2693,0,1,30
6,7,16:24:37,5,-1,2,MW2693,0,1,243
7,12,16:33:05,5,-1,-1,MW2693,4,1,430
12,13,16:33:35,5,-1,-1,MW2693,0,1,10
0,1,17:45:04,5,-1,1,MW2693,0,1,174
1,2,17:49:08,5,-1,1,MW2693,0,1,203
2,3,17:51:49,5,-1,1,MW2693,0,1,101
3,4,17:54:33,5,-1,1,MW2693,0,1,80
4,5,17:57:05,5,-1,2,MW2693,0,1,81
5,6,18:00:28,5,-1,2,MW2693,0,1,151
6,7,18:05:05,5,-1,2,MW2693,0,1,186
7,8,18:10:10,5,-1,1,MW2693,0,1,80
8,9,18:13:04,5,-1,1,MW2693,0,1,60
9,10,18:14:15,5,-1,-1,MW2693,0,1,20
10,11,18:15:46,5,-1,-1,MW2693,0,1,20
11,12,18:19:43,5,-1,-1,MW2693,0,1,197
12,13,18:20:54,5,-1,-1,MW2693,0,1,10
0,1,20:00:59,5,-1,1,MW2693,0,2,181
1,2,20:04:03,5,-1,1,MW2693,0,2,163
2,3,20:06:34,5,-1,1,MW2693,0,2,30
3,4,20:09:16,5,-1,1,MW2693,0,2,101
4,5,20:11:17,5,-1,1,MW2693,0,2,50
5,6,20:12:48,5,-1,1,MW2693,0,2,30
6,7,20:15:20,5,-1,1,MW2693,0,2,90
7,8,20:18:09,5,-1,1,MW2693,0,2,84
8,9,20:20:57,5,-1,1,MW2693,0,2,50
9,10,20:22:08,5,-1,-1,MW2693,0,2,30
10,11,20:23:19,5,-1,-1,MW2693,0,2,10
11,12,20:24:29,5,-1,-1,MW2693,0,2,20
12,13,20:26:53,5,-1,-1,MW2693,0,2,82
0,1,22:59:58,5,-1,1,MW2693,0,1,161
1,2,23:02:44,5,-1,1,MW2693,0,1,135
2,3,23:05:46,5,-1,1,MW2693,0,1,151
3,4,23:07:47,5,-1,1,MW2693,0,1,70
4,5,23:09:38,5,-1,1,MW2693,0,1,30
5,6,23:10:39,5,-1,1,MW2693,0,1,20
6,7,23:12:52,5,-1,1,MW2693,0,1,92
7,8,23:15:05,5,-1,1,MW2693,0,1,91
8,9,23:16:46,5,-1,1,MW2693,0,1,40
9,10,23:17:57,5,-1,-1,MW2693,0,1,30
10,11,23:18:37,5,-1,-1,MW2693,0,1,10
11,12,23:19:18,5,-1,-1,MW2693,0,1,10
0,1,6:42:26,5,3,1,MX1240,0,2,141
1,2,6:45:48,5,4,2,MX1240,0,2,161
2,3,6:48:42,5,4,1,MX1240,0,2,113
3,4,6:51:25,5,4,1,MX1240,0,2,111
4,5,6:52:36,5,4,1,MX1240,0,2,20
5,6,6:54:17,5,4,1,MX1240,0,2,30
6,7,6:55:38,5,5,1,MX1240,0,2,40
7,12,7:01:35,5,5,-1,MX1240,4,2,306
12,13,7:02:29,5,5,-1,MX1240,0,2,20
0,1,7:54:18,5,1,1,MX1240,0,2,121
1,2,7:57:40,5,2,1,MX1240,0,2,172
2,3,7:59:55,5,2,1,MX1240,0,2,70
3,4,8:02:26,5,2,2,MX1240,0,2,90
4,5,8:04:07,5,2,1,MX1240,0,2,30
5,6,8:05:28,5,3,1,MX1240,0,2,30
6,7,8:07:50,5,3,1,MX1240,0,2,111
7,12,8:16:08,5,3,-1,MX1240,4,2,437
12,13,8:16:59,5,3,-1,MX1240,0,2,20
0,1,9:12:49,5,3,1,MX1240,0,2,172
1,2,9:16:55,5,4,2,MX1240,0,2,205
2,3,9:19:57,5,4,2,MX1240,0,2,80
3,4,9:22:39,5,4,2,MX1240,0,2,91
4,5,9:25:03,5,4,1,MX1240,0,2,63
5,6,9:26:24,5,4,1,MX1240,0,2,40
6,7,9:29:37,5,4,1,MX1240,0,2,122
7,12,9:37:36,5,5,-1,MX1240,4,2,437
12,13,9:38:26,5,5,-1,MX1240,0,2,20
0,1,10:35:53,5,2,1,MX1240,0,2,153
1,2,10:39:36,5,2,2,MX1240,0,2,182
2,3,10:41:07,5,2,1,MX1240,0,2,70
3,4,10:43:49,5,2,1,MX1240,0,2,80
4,5,10:46:22,5,2,1,MX1240,0,2,62
5,6,10:49:04,5,2,1,MX1240,0,2,50
6,7,10:53:48,5,3,1,MX1240,0,2,70
7,12,11:04:09,5,3,-1,MX1240,4,2,507
12,13,11:05:10,5,3,-1,MX1240,0,2,20
0,1,12:34:13,5,2,1,MX1240,0,2,204
1,2,12:37:46,5,2,2,MX1240,0,2,182
2,3,12:41:59,5,2,-1,MX1240,0,2,202
3,4,12:44:45,5,2,-1,MX1240,0,2,92
4,5,12:46:36,5,2,1,MX1240,0,1,40
5,6,12:48:07,5,2,2,MX1240,0,1,80
6,7,12:51:50,5,2,1,MX1240,0,1,172
12,13,13:06:50,5,2,-1,MX1240,0,1,20
0,1,14:02:40,5,3,1,MX1240,0,1,253
1,2,14:06:45,5,3,2,MX1240,0,1,172
2,3,14:09:37,5,3,1,MX1240,0,1,111
3,4,14:11:49,5,4,2,MX1240,0,1,70
4,5,14:14:32,5,4,1,MX1240,0,1,72
5,6,14:18:25,5,4,1,MX1240,0,1,151
6,7,14:23:49,5,5,2,MX1240,0,1,262
12,13,14:38:33,5,5,-1,MX1240,0,1,22
1,2,15:33:53,5,1,2,MX1240,0,1,152
2,3,15:35:34,5,1,1,MX1240,0,1,40
3,4,15:39:57,5,1,1,MX1240,0,1,151
4,5,15:41:59,5,1,2,MX1240,0,1,40
5,6,15:44:31,5,2,2,MX1240,0,1,50
6,7,15:47:26,5,2,2,MX1240,0,1,111
12,13,16:00:39,5,3,-1,MX1240,0,1,10
1,2,0:02:08,5,-1,1,MX1601,0,2,112
2,3,0:05:10,5,-1,1,MX1601,0,2,121
3,4,0:08:23,5,-1,1,MX1601,0,2,121
4,5,0:09:25,5,-1,1,MX1601,0,2,10
5,6,0:10:26,5,-1,1,MX1601,0,2,20
6,7,0:12:07,5,-1,1,MX1601,0,2,60
7,8,0:13:58,5,-1,1,MX1601,0,2,60
8,9,0:16:19,5,-1,1,MX1601,0,2,101
9,10,0:17:34,5,-1,-1,MX1601,0,2,34
10,11,0:18:35,5,-1,-1,MX1601,0,2,10
11,12,0:19:45,5,-1,-1,MX1601,0,2,20
12,13,0:20:36,5,-1,-1,MX1601,0,2,10
0,1,0:58:14,5,-1,1,MX1601,0,2,60
1,2,1:01:16,5,-1,1,MX1601,0,2,141
2,3,1:04:08,5,-1,1,MX1601,0,2,121
3,4,1:06:29,5,-1,1,MX1601,0,2,101
4,5,1:07:10,5,-1,1,MX1601,0,2,20
5,6,1:08:02,5,-1,1,MX1601,0,2,20
6,7,1:09:03,5,-1,1,MX1601,0,2,50
7,8,1:10:14,5,-1,2,MX1601,0,2,50
8,9,1:12:25,5,-1,1,MX1601,0,2,101
9,10,1:13:05,5,-1,-1,MX1601,0,2,20
10,11,1:13:46,5,-1,-1,MX1601,0,2,10
11,12,1:15:17,5,-1,-1,MX1601,0,2,50
12,13,1:15:57,5,-1,-1,MX1601,0,2,10
1,2,6:38:01,5,-1,1,MX1601,0,2,162
2,3,6:41:45,5,-1,1,MX1601,0,2,141
3,4,6:43:27,5,-1,1,MX1601,0,2,61
4,5,6:44:27,5,-1,1,MX1601,0,2,10
5,6,6:45:18,5,-1,1,MX1601,0,2,10
6,7,6:47:50,5,-1,1,MX1601,0,2,111
7,12,6:55:38,5,-1,-1,MX1601,4,2,385
12,13,6:56:18,5,-1,-1,MX1601,0,2,10
1,2,7:54:07,5,-1,1,MX1601,0,2,151
2,3,7:56:19,5,-1,1,MX1601,0,2,60
3,4,7:59:04,5,-1,2,MX1601,0,2,104
4,5,8:00:45,5,-1,1,MX1601,0,2,40
5,6,8:01:56,5,-1,1,MX1601,0,2,20
6,7,8:04:07,5,-1,1,MX1601,0,2,91
7,12,8:11:45,5,-1,-1,MX1601,4,2,386
12,13,8:12:36,5,-1,-1,MX1601,0,2,20
0,1,9:06:23,5,-1,2,MX1601,0,2,151
1,2,9:12:08,5,-1,2,MX1601,0,2,273
2,3,9:16:04,5,-1,2,MX1601,0,2,155
3,4,9:19:16,5,-1,2,MX1601,0,2,101
4,5,9:21:18,5,-1,1,MX1601,0,2,30
5,6,9:23:19,5,-1,1,MX1601,0,2,30
6,7,9:27:05,5,-1,1,MX1601,0,2,151
7,12,9:35:34,5,-1,-1,MX1601,4,2,449
12,13,9:36:15,5,-1,-1,MX1601,0,2,10
0,1,10:53:59,5,-1,2,MX1601,0,2,111
1,2,10:59:05,5,-1,1,MX1601,0,2,212
2,3,11:01:27,5,-1,1,MX1601,0,2,30
3,4,11:05:20,5,-1,2,MX1601,0,2,121
4,5,11:08:44,5,-1,2,MX1601,0,2,80
5,6,11:12:07,5,-1,1,MX1601,0,2,131
6,7,11:16:01,5,-1,1,MX1601,0,2,132
12,13,11:30:25,5,-1,-1,MX1601,0,2,20
0,1,12:24:42,5,-1,1,MX1601,0,2,194
1,2,12:29:17,5,-1,1,MX1601,0,2,202
2,3,12:33:10,5,-1,1,MX1601,0,2,121
3,4,12:36:26,5,-1,1,MX1601,0,2,101
4,5,12:38:47,5,-1,1,MX1601,0,2,20
5,6,12:40:28,5,-1,-1,MX1601,0,2,40
6,7,12:44:55,5,-1,-1,MX1601,0,2,143
12,13,13:00:08,5,-1,-1,MX1601,0,1,30
0,1,15:20:46,5,-1,2,MX1601,0,1,112
1,2,15:24:10,5,-1,3,MX1601,0,1,112
2,3,15:25:55,5,-1,1,MX1601,0,1,30
3,4,15:28:13,5,-1,1,MX1601,0,1,76
4,5,15:30:30,5,-1,2,MX1601,0,1,55
5,6,15:33:23,5,-1,2,MX1601,0,1,122
6,7,15:38:36,5,-1,1,MX1601,0,1,182
7,12,15:49:27,5,-1,-1,MX1601,4,1,499
12,13,15:50:18,5,-1,-1,MX1601,0,1,30
0,1,16:56:36,5,-1,2,MX1601,0,1,467
1,2,17:01:49,5,-1,-1,MX1601,0,1,222
2,3,17:05:26,5,-1,1,MX1601,0,1,30
3,4,17:08:07,5,-1,1,MX1601,0,1,60
4,5,17:10:18,5,-1,2,MX1601,0,1,60
5,6,17:15:35,5,-1,2,MX1601,0,1,245
6,7,17:20:28,5,-1,-1,MX1601,0,1,242
12,13,17:34:29,5,-1,-1,MX1601,0,1,30
0,1,18:51:08,5,-1,1,MX1601,0,1,212
1,2,18:55:16,5,-1,1,MX1601,0,1,166
2,3,18:57:38,5,-1,1,MX1601,0,1,70
3,4,19:01:31,5,-1,-1,MX1601,0,1,102
4,5,19:03:26,5,-1,-1,MX1601,0,1,34
5,6,19:04:47,5,-1,-1,MX1601,0,1,40
6,7,19:09:41,5,-1,1,MX1601,0,1,233
7,8,19:12:24,5,-1,1,MX1601,0,1,111
8,9,19:16:16,5,-1,1,MX1601,0,1,101
9,10,19:17:47,5,-1,-1,MX1601,0,1,40
11,12,19:20:19,5,-1,-1,MX1601,0,2,60
12,13,19:23:14,5,-1,-1,MX1601,0,2,124
0,1,21:32:09,5,-1,1,MX1601,0,1,90
1,2,21:35:45,5,-1,1,MX1601,0,1,155
2,3,21:37:57,5,-1,1,MX1601,0,1,71
3,4,21:40:59,5,-1,1,MX1601,0,1,70
4,5,21:43:05,5,-1,1,MX1601,0,1,65
5,6,21:44:16,5,-1,2,MX1601,0,1,20
6,7,21:46:48,5,-1,1,MX1601,0,1,101
7,8,21:49:19,5,-1,1,MX1601,0,1,101
8,9,21:51:05,5,-1,1,MX1601,0,1,54
9,10,21:52:26,5,-1,-1,MX1601,0,1,40
10,11,21:53:46,5,-1,-1,MX1601,0,1,10
11,12,21:55:22,5,-1,-1,MX1601,0,1,40
12,13,21:56:23,5,-1,-1,MX1601,0,1,10
0,1,22:37:53,5,-1,1,MX1601,0,1,144
1,2,22:41:05,5,-1,1,MX1601,0,1,161
2,3,22:42:25,5,-1,1,MX1601,0,1,20
3,4,22:45:17,5,-1,1,MX1601,0,1,80
4,5,22:46:18,5,-1,1,MX1601,0,1,30
5,6,22:46:58,5,-1,1,MX1601,0,1,20
6,7,22:49:15,5,-1,1,MX1601,0,1,96
7,8,22:51:27,5,-1,2,MX1601,0,1,91
8,9,22:53:22,5,-1,1,MX1601,0,1,70
9,10,22:54:55,5,-1,-1,MX1601,0,1,30
10,11,22:56:36,5,-1,-1,MX1601,0,1,10
11,12,22:57:47,5,-1,-1,MX1601,0,1,20
12,13,22:58:58,5,-1,-1,MX1601,0,1,20
0,1,23:41:29,5,-1,-1,MX1601,0,1,131
1,2,23:45:04,5,-1,1,MX1601,0,1,175
2,3,23:46:15,5,-1,1,MX1601,0,1,20
3,4,23:48:57,5,-1,1,MX1601,0,1,100
4,5,23:49:47,5,-1,1,MX1601,0,1,10
5,6,23:50:48,5,-1,1,MX1601,0,1,30
6,7,23:53:09,5,-1,1,MX1601,0,1,111
7,8,23:55:12,5,-1,1,MX1601,0,1,82
8,9,23:57:06,5,-1,1,MX1601,0,1,50
9,10,23:58:06,5,-1,-1,MX1601,0,1,30
0,1,7:17:36,5,-1,1,MX1625,0,2,131
1,2,7:21:18,5,-1,1,MX1625,0,2,182
2,3,7:23:30,5,-1,1,MX1625,0,2,81
3,4,7:26:45,5,-1,1,MX1625,0,2,111
4,5,7:27:46,5,-1,1,MX1625,0,2,30
5,6,7:29:47,5,-1,1,MX1625,0,2,50
6,7,7:32:09,5,-1,1,MX1625,0,2,70
7,12,7:40:16,5,-1,-1,MX1625,4,2,416
12,13,7:41:07,5,-1,-1,MX1625,0,2,20
0,1,8:34:15,5,-1,2,MX1625,0,2,111
1,2,8:38:28,5,-1,2,MX1625,0,2,202
2,3,8:41:33,5,-1,1,MX1625,0,2,114
3,4,8:44:25,5,-1,1,MX1625,0,2,111
4,5,8:46:36,5,-1,1,MX1625,0,2,40
5,6,8:48:58,5,-1,1,MX1625,0,2,30
6,7,8:50:59,5,-1,1,MX1625,0,2,60
7,12,8:58:37,5,-1,-1,MX1625,4,2,396
12,13,8:59:27,5,-1,-1,MX1625,0,2,20
0,1,9:54:41,5,-1,2,MX1625,0,2,111
1,2,9:58:47,5,-1,2,MX1625,0,2,185
2,3,10:01:39,5,-1,1,MX1625,0,2,111
3,4,10:05:14,5,-1,1,MX1625,0,2,92
4,5,10:07:36,5,-1,1,MX1625,0,2,61
5,6,10:09:17,5,-1,1,MX1625,0,2,50
6,7,10:11:28,5,-1,2,MX1625,0,2,70
7,12,10:19:47,5,-1,-1,MX1625,4,2,428
12,13,10:20:48,5,-1,-1,MX1625,0,2,10
1,2,11:28:13,5,-1,2,MX1625,0,2,173
2,3,11:30:45,5,-1,1,MX1625,0,2,101
3,4,11:33:58,5,-1,1,MX1625,0,2,70
4,5,11:36:29,5,-1,1,MX1625,0,2,80
5,6,11:38:35,5,-1,1,MX1625,0,2,40
6,7,11:42:18,5,-1,1,MX1625,0,2,141
12,13,11:55:53,5,-1,-1,MX1625,0,2,30
0,1,16:02:33,5,-1,1,MX1625,0,1,175
1,2,16:07:06,5,-1,2,MX1625,0,1,232
2,3,16:12:00,5,-1,1,MX1625,0,1,192
3,4,16:14:45,5,-1,1,MX1625,0,1,60
4,5,16:17:06,5,-1,2,MX1625,0,1,50
5,6,16:18:41,5,-1,2,MX1625,0,1,40
6,7,16:23:25,5,-1,2,MX1625,0,1,232
7,12,16:33:05,5,-1,-1,MX1625,4,1,463
12,13,16:33:55,5,-1,-1,MX1625,0,1,20
0,1,18:56:17,5,-1,1,MX1625,0,1,126
1,2,18:59:49,5,-1,1,MX1625,0,1,171
2,3,19:02:01,5,-1,-1,MX1625,0,1,51
3,4,19:04:47,5,-1,-1,MX1625,0,1,80
4,5,19:06:48,5,-1,1,MX1625,0,1,30
5,6,19:08:29,5,-1,2,MX1625,0,1,40
6,7,19:11:33,5,-1,1,MX1625,0,1,143
7,8,19:14:45,5,-1,1,MX1625,0,1,101
8,9,19:18:28,5,-1,1,MX1625,0,2,172
9,10,19:19:49,5,-1,-1,MX1625,0,2,50
10,11,19:20:59,5,-1,-1,MX1625,0,2,10
11,12,19:23:04,5,-1,-1,MX1625,0,2,64
12,13,19:25:56,5,-1,-1,MX1625,0,2,30
5,6,0:00:57,5,-1,1,MX1711,0,2,31
6,7,0:02:38,5,-1,1,MX1711,0,2,40
7,8,0:04:19,5,-1,2,MX1711,0,2,70
8,9,0:05:41,5,-1,1,MX1711,0,2,41
9,10,0:06:32,5,-1,-1,MX1711,0,2,20
10,11,0:08:03,5,-1,-1,MX1711,0,2,40
11,12,0:09:15,5,-1,-1,MX1711,0,2,61
12,13,0:09:55,5,-1,-1,MX1711,0,2,10
0,1,0:50:56,5,-1,1,MX1711,0,2,121
1,2,0:53:17,5,-1,1,MX1711,0,2,121
2,3,0:54:08,5,-1,1,MX1711,0,2,30
3,4,0:56:43,5,-1,1,MX1711,0,2,93
4,5,0:57:33,5,-1,1,MX1711,0,2,20
5,6,0:58:24,5,-1,1,MX1711,0,2,30
6,7,1:00:05,5,-1,1,MX1711,0,2,80
7,8,1:01:36,5,-1,1,MX1711,0,2,70
8,9,1:02:57,5,-1,1,MX1711,0,2,40
9,10,1:03:27,5,-1,-1,MX1711,0,2,20
10,11,1:03:58,5,-1,-1,MX1711,0,2,10
11,12,1:04:38,5,-1,-1,MX1711,0,2,30
12,13,1:05:19,5,-1,-1,MX1711,0,2,10
1,2,6:32:46,5,-1,1,MX1711,0,2,161
2,3,6:34:58,5,-1,1,MX1711,0,2,60
3,4,6:37:30,5,-1,1,MX1711,0,2,91
4,5,6:38:11,5,-1,1,MX1711,0,2,10
5,6,6:38:43,5,-1,1,MX1711,0,2,22
6,7,6:41:05,5,-1,1,MX1711,0,2,111
7,12,6:48:00,5,-1,-1,MX1711,4,2,384
12,13,6:48:42,5,-1,-1,MX1711,0,2,22
2,3,7:42:28,5,-1,1,MX1711,0,2,50
3,4,7:44:59,5,-1,1,MX1711,0,2,70
4,5,7:47:03,5,-1,1,MX1711,0,2,20
5,6,7:48:03,5,-1,1,MX1711,0,2,20
6,7,7:50:05,5,-1,1,MX1711,0,2,70
7,12,7:57:09,5,-1,-1,MX1711,4,2,364
2,3,8:55:55,5,-1,1,MX1711,0,2,40
3,4,8:59:07,5,-1,1,MX1711,0,2,141
4,5,9:00:58,5,-1,1,MX1711,0,2,30
5,6,9:02:29,5,-1,1,MX1711,0,2,50
6,7,9:05:12,5,-1,1,MX1711,0,2,91
7,12,9:11:38,5,-1,-1,MX1711,4,2,324
12,13,9:13:09,5,-1,-1,MX1711,0,2,20
2,3,10:49:25,5,-1,1,MX1711,0,2,91
3,4,10:52:28,5,-1,2,MX1711,0,2,70
4,5,10:53:18,5,-1,1,MX1711,0,2,40
5,6,10:55:32,5,-1,2,MX1711,0,2,113
6,7,10:58:54,5,-1,1,MX1711,0,2,142
7,12,11:07:33,5,-1,-1,MX1711,4,2,436
12,13,11:08:34,5,-1,-1,MX1711,0,2,20
0,1,12:10:23,5,-1,1,MX1711,0,2,180
1,2,12:12:48,5,-1,1,MX1711,0,2,125
2,3,12:15:44,5,-1,1,MX1711,0,2,125
3,4,12:18:26,5,-1,2,MX1711,0,2,101
4,5,12:19:17,5,-1,1,MX1711,0,2,40
5,6,12:21:08,5,-1,2,MX1711,0,2,70
6,7,12:24:20,5,-1,2,MX1711,0,2,91
7,12,12:35:15,5,-1,-1,MX1711,4,2,529
12,13,12:36:15,5,-1,-1,MX1711,0,2,20
1,2,13:42:07,5,-1,2,MX1711,0,1,161
2,3,13:45:40,5,-1,1,MX1711,0,1,111
3,4,13:48:14,5,-1,1,MX1711,0,1,113
4,5,13:51:07,5,-1,2,MX1711,0,1,60
5,6,13:52:58,5,-1,1,MX1711,0,1,60
6,7,13:56:00,5,-1,2,MX1711,0,1,70
7,12,14:06:56,5,-1,-1,MX1711,4,1,579
12,13,14:07:46,5,-1,-1,MX1711,0,1,10
0,1,15:11:19,5,-1,2,MX1711,0,1,182
1,2,15:16:05,5,-1,2,MX1711,0,1,236
2,3,15:19:56,5,-1,1,MX1711,0,1,112
3,4,15:22:28,5,-1,1,MX1711,0,1,60
4,5,15:25:05,5,-1,2,MX1711,0,1,30
5,6,15:27:43,5,-1,1,MX1711,0,1,86
6,7,15:32:22,5,-1,2,MX1711,0,1,157
7,12,15:41:48,5,-1,-1,MX1711,4,1,475
12,13,15:42:49,5,-1,-1,MX1711,0,1,10
1,2,16:54:14,5,-1,2,MX1711,0,1,222
2,3,17:01:39,5,-1,-1,MX1711,0,1,222
3,4,17:04:55,5,-1,-1,MX1711,0,1,60
4,5,17:06:46,5,-1,2,MX1711,0,1,30
5,6,17:08:37,5,-1,2,MX1711,0,1,40
6,7,17:11:29,5,-1,2,MX1711,0,1,70
12,13,17:24:32,5,-1,-1,MX1711,0,1,20
1,2,18:48:06,5,-1,2,MX1711,0,1,274
2,3,18:50:48,5,-1,1,MX1711,0,1,101
3,4,18:54:45,5,-1,1,MX1711,0,1,116
4,5,18:56:57,5,-1,1,MX1711,0,1,30
5,6,18:58:48,5,-1,2,MX1711,0,1,30
6,7,19:04:37,5,-1,-1,MX1711,0,1,237
7,8,19:08:09,5,-1,1,MX1711,0,1,151
8,9,19:10:11,5,-1,1,MX1711,0,1,71
9,10,19:11:33,5,-1,-1,MX1711,0,1,40
10,11,19:13:35,5,-1,-1,MX1711,0,1,30
11,12,19:17:27,5,-1,-1,MX1711,0,1,172
12,13,19:19:28,5,-1,-1,MX1711,0,2,20
1,2,21:28:16,5,-1,1,MX1711,0,1,185
2,3,21:29:47,5,-1,1,MX1711,0,1,20
3,4,21:32:49,5,-1,2,MX1711,0,1,50
4,5,21:34:34,5,-1,1,MX1711,0,1,24
5,6,21:36:25,5,-1,1,MX1711,0,1,30
6,7,21:38:58,5,-1,1,MX1711,0,1,101
7,8,21:41:19,5,-1,1,MX1711,0,1,101
8,9,21:43:15,5,-1,1,MX1711,0,1,65
9,10,21:44:36,5,-1,-1,MX1711,0,1,50
10,11,21:46:17,5,-1,-1,MX1711,0,1,20
11,12,21:47:38,5,-1,-1,MX1711,0,1,30
12,13,21:49:19,5,-1,-1,MX1711,0,1,20
0,1,22:34:28,5,-1,1,MX1711,0,1,202
1,2,22:37:53,5,-1,1,MX1711,0,1,144
2,3,22:40:04,5,-1,1,MX1711,0,1,30
3,4,22:42:15,5,-1,1,MX1711,0,1,80
4,5,22:44:17,5,-1,1,MX1711,0,1,20
5,6,22:45:27,5,-1,1,MX1711,0,1,30
6,7,22:48:09,5,-1,1,MX1711,0,1,80
7,8,22:51:17,5,-1,2,MX1711,0,1,141
8,9,22:53:22,5,-1,1,MX1711,0,1,70
9,10,22:54:35,5,-1,-1,MX1711,0,1,40
10,11,22:55:46,5,-1,-1,MX1711,0,1,20
11,12,22:57:47,5,-1,-1,MX1711,0,1,80
12,13,22:58:48,5,-1,-1,MX1711,0,1,10
1,2,23:38:57,5,-1,1,MX1711,0,1,161
2,3,23:40:08,5,-1,1,MX1711,0,1,20
3,4,23:42:59,5,-1,-1,MX1711,0,1,101
4,5,23:44:54,5,-1,-1,MX1711,0,1,20
5,6,23:46:05,5,-1,1,MX1711,0,1,30
6,7,23:48:06,5,-1,1,MX1711,0,1,80
7,8,23:49:47,5,-1,2,MX1711,0,1,50
8,9,23:50:58,5,-1,1,MX1711,0,1,40
9,10,23:51:58,5,-1,-1,MX1711,0,1,30
10,11,23:52:59,5,-1,-1,MX1711,0,1,20
11,12,23:55:22,5,-1,-1,MX1711,0,1,112
12,13,23:55:55,5,-1,-1,MX1711,0,1,10
8,9,0:01:07,5,-1,1,MX1714,0,2,51
9,10,0:02:28,5,-1,-1,MX1714,0,2,50
10,11,0:03:49,5,-1,-1,MX1714,0,2,30
11,12,0:05:51,5,-1,-1,MX1714,0,2,71
12,13,0:06:12,5,-1,-1,MX1714,0,2,10
1,2,0:47:20,5,-1,1,MX1714,0,2,121
2,3,0:48:44,5,-1,1,MX1714,0,2,40
3,4,0:51:46,5,-1,1,MX1714,0,2,90
4,5,0:52:47,5,-1,1,MX1714,0,2,20
5,6,0:53:17,5,-1,1,MX1714,0,2,20
6,7,0:56:02,5,-1,1,MX1714,0,2,134
7,8,0:57:13,5,-1,1,MX1714,0,2,40
8,9,0:59:45,5,-1,1,MX1714,0,2,121
9,10,1:00:25,5,-1,-1,MX1714,0,2,30
10,11,1:01:16,5,-1,-1,MX1714,0,2,20
11,12,1:02:57,5,-1,-1,MX1714,0,2,90
12,13,1:03:27,5,-1,-1,MX1714,0,2,20
2,3,6:29:45,5,-1,1,MX1714,0,2,84
3,4,6:32:57,5,-1,1,MX1714,0,2,111
4,5,6:33:37,5,-1,1,MX1714,0,2,20
5,6,6:34:38,5,-1,1,MX1714,0,2,20
6,7,6:36:39,5,-1,1,MX1714,0,2,50
7,12,6:44:38,5,-1,-1,MX1714,4,2,407
12,13,6:45:08,5,-1,-1,MX1714,0,2,20
1,2,7:29:07,5,-1,2,MX1714,0,2,172
2,3,7:32:09,5,-1,1,MX1714,0,2,111
3,4,7:35:13,5,-1,1,MX1714,0,2,103
4,5,7:37:14,5,-1,1,MX1714,0,2,30
5,6,7:38:15,5,-1,1,MX1714,0,2,30
6,7,7:39:36,5,-1,1,MX1714,0,2,50
7,12,7:47:13,5,-1,-1,MX1714,4,2,416
12,13,7:48:24,5,-1,-1,MX1714,0,2,30
0,1,8:42:54,5,-1,2,MX1714,0,2,104
1,2,8:47:27,5,-1,2,MX1714,0,2,212
2,3,8:50:49,5,-1,1,MX1714,0,2,70
3,4,8:54:24,5,-1,1,MX1714,0,2,163
4,5,8:56:05,5,-1,1,MX1714,0,2,50
5,6,8:58:06,5,-1,1,MX1714,0,2,60
6,7,9:00:18,5,-1,1,MX1714,0,2,60
7,12,9:09:06,5,-1,-1,MX1714,4,2,457
12,13,9:09:56,5,-1,-1,MX1714,0,2,20
1,2,10:04:53,5,-1,2,MX1714,0,2,174
2,3,10:08:36,5,-1,1,MX1714,0,2,101
3,4,10:10:28,5,-1,2,MX1714,0,2,50
4,5,10:13:09,5,-1,1,MX1714,0,2,30
5,6,10:14:43,5,-1,2,MX1714,0,2,41
6,7,10:16:55,5,-1,1,MX1714,0,2,70
7,12,10:27:25,5,-1,-1,MX1714,4,2,528
12,13,10:28:16,5,-1,-1,MX1714,0,2,10
0,1,12:02:26,5,-1,1,MX1714,0,2,210
1,2,12:06:31,5,-1,1,MX1714,0,2,137
2,3,12:10:23,5,-1,1,MX1714,0,2,66
3,4,12:15:34,5,-1,2,MX1714,0,2,175
4,5,12:16:55,5,-1,1,MX1714,0,2,40
5,6,12:20:07,5,-1,2,MX1714,0,2,40
6,7,12:22:49,5,-1,2,MX1714,0,2,101
12,13,12:35:55,5,-1,-1,MX1714,0,2,10
0,1,13:35:18,5,-1,1,MX1714,0,1,219
1,2,13:38:55,5,-1,1,MX1714,0,1,206
2,3,13:41:27,5,-1,1,MX1714,0,1,101
3,4,13:44:39,5,-1,1,MX1714,0,1,111
4,5,13:47:33,5,-1,2,MX1714,0,1,60
5,6,13:49:36,5,-1,2,MX1714,0,1,60
6,7,13:52:27,5,-1,3,MX1714,0,1,60
7,12,14:04:23,5,-1,-1,MX1714,4,1,624
12,13,14:05:35,5,-1,-1,MX1714,0,1,21
0,1,15:01:58,5,-1,1,MX1714,0,1,212
1,2,15:05:45,5,-1,2,MX1714,0,1,186
2,3,15:09:48,5,-1,1,MX1714,0,1,111
3,4,15:13:50,5,-1,1,MX1714,0,1,161
4,5,15:15:45,5,-1,1,MX1714,0,1,30
5,6,15:17:23,5,-1,2,MX1714,0,1,67
6,7,15:21:07,5,-1,2,MX1714,0,1,132
7,12,15:33:33,5,-1,-1,MX1714,4,1,584
12,13,15:34:43,5,-1,-1,MX1714,0,1,20
1,2,16:45:36,5,-1,2,MX1714,0,1,325
2,3,16:50:42,5,-1,1,MX1714,0,1,123
3,4,16:53:34,5,-1,1,MX1714,0,1,111
4,5,16:55:56,5,-1,2,MX1714,0,1,40
5,6,16:57:37,5,-1,2,MX1714,0,1,50
6,7,16:59:58,5,-1,1,MX1714,0,1,80
7,12,17:11:09,5,-1,-1,MX1714,4,1,600
12,13,17:12:32,5,-1,-1,MX1714,0,1,22
1,2,18:42:39,5,-1,2,MX1714,0,1,151
2,3,18:44:23,5,-1,1,MX1714,0,1,93
3,4,18:48:36,5,-1,1,MX1714,0,1,141
4,5,18:50:28,5,-1,1,MX1714,0,1,50
5,6,18:51:38,5,-1,2,MX1714,0,1,30
6,7,18:55:36,5,-1,2,MX1714,0,1,167
7,8,18:59:29,5,-1,1,MX1714,0,1,181
8,9,19:02:12,5,-1,-1,MX1714,0,1,81
9,10,19:03:02,5,-1,-1,MX1714,0,1,30
10,11,19:04:47,5,-1,-1,MX1714,0,1,30
11,12,19:07:59,5,-1,-1,MX1714,0,1,131
12,13,19:09:00,5,-1,-1,MX1714,0,1,10
1,2,20:41:15,5,-1,1,MX1714,0,2,121
2,3,20:42:46,5,-1,1,MX1714,0,2,30
3,4,20:45:38,5,-1,1,MX1714,0,2,90
4,5,20:47:39,5,-1,1,MX1714,0,2,30
5,6,20:48:50,5,-1,1,MX1714,0,2,30
6,7,20:51:57,5,-1,1,MX1714,0,1,141
7,8,20:55:59,5,-1,1,MX1714,0,1,141
8,9,20:57:40,5,-1,1,MX1714,0,1,50
9,10,20:58:44,5,-1,-1,MX1714,0,1,33
10,11,20:59:34,5,-1,-1,MX1714,0,1,20
11,12,21:01:19,5,-1,-1,MX1714,0,1,60
12,13,21:02:40,5,-1,-1,MX1714,0,1,20
1,2,22:05:45,5,-1,1,MX1714,0,1,141
2,3,22:08:06,5,-1,1,MX1714,0,1,20
3,4,22:09:37,5,-1,1,MX1714,0,1,40
4,5,22:11:08,5,-1,1,MX1714,0,1,50
5,6,22:12:29,5,-1,1,MX1714,0,1,40
6,7,22:14:34,5,-1,1,MX1714,0,1,50
7,8,22:17:05,5,-1,1,MX1714,0,1,111
8,9,22:19:07,5,-1,1,MX1714,0,1,60
9,10,22:20:07,5,-1,-1,MX1714,0,1,30
10,11,22:21:18,5,-1,-1,MX1714,0,1,20
11,12,22:22:08,5,-1,-1,MX1714,0,1,40
12,13,22:22:39,5,-1,-1,MX1714,0,1,10
1,2,23:27:17,5,-1,1,MX1714,0,1,101
2,3,23:29:28,5,-1,1,MX1714,0,1,30
3,4,23:31:29,5,-1,1,MX1714,0,1,70
4,5,23:32:51,5,-1,1,MX1714,0,1,41
5,6,23:33:42,5,-1,1,MX1714,0,1,20
6,7,23:35:45,5,-1,1,MX1714,0,1,60
7,8,23:37:36,5,-1,2,MX1714,0,1,70
8,9,23:39:07,5,-1,1,MX1714,0,1,50
9,10,23:40:08,5,-1,-1,MX1714,0,1,20
10,11,23:40:58,5,-1,-1,MX1714,0,1,20
11,12,23:41:39,5,-1,-1,MX1714,0,1,20
12,13,23:42:19,5,-1,-1,MX1714,0,1,20
1,2,0:17:00,5,1,1,MX1721,0,2,454
2,3,0:19:15,5,1,1,MX1721,0,2,70
3,4,0:21:47,5,1,1,MX1721,0,2,101
4,5,0:22:27,5,1,1,MX1721,0,2,10
5,6,0:23:18,5,0,1,MX1721,0,2,20
6,7,0:25:29,5,0,1,MX1721,0,2,40
7,8,0:26:40,5,0,2,MX1721,0,2,31
8,9,0:27:44,5,0,1,MX1721,0,2,42
9,10,0:28:34,5,0,-1,MX1721,0,2,20
10,11,0:29:15,5,0,-1,MX1721,0,2,10
11,12,0:30:15,5,0,-1,MX1721,0,2,20
12,13,0:31:06,5,0,-1,MX1721,0,2,10
0,1,1:17:18,5,0,1,MX1721,0,2,101
1,2,1:19:50,5,0,1,MX1721,0,2,121
2,3,1:21:32,5,0,1,MX1721,0,2,72
3,4,1:23:55,5,0,1,MX1721,0,2,91
4,5,1:24:46,5,0,1,MX1721,0,2,20
5,6,1:25:16,5,0,1,MX1721,0,2,20
6,7,1:26:17,5,0,1,MX1721,0,2,30
7,8,1:27:17,5,0,1,MX1721,0,2,50
8,9,1:28:28,5,0,1,MX1721,0,2,40
9,10,1:29:29,5,0,-1,MX1721,0,2,30
10,11,1:29:49,5,0,-1,MX1721,0,2,10
11,12,1:30:39,5,0,-1,MX1721,0,2,30
1,2,6:52:05,5,2,2,MX1721,0,2,141
2,3,6:53:57,5,2,1,MX1721,0,2,60
3,4,6:56:08,5,2,1,MX1721,0,2,60
4,5,6:57:19,5,1,1,MX1721,0,2,30
5,6,6:58:19,5,1,1,MX1721,0,2,20
6,7,7:00:24,5,1,1,MX1721,0,2,93
7,12,7:06:34,5,0,-1,MX1721,4,2,330
12,13,7:07:25,5,0,-1,MX1721,0,2,10
0,1,7:59:04,5,2,1,MX1721,0,2,165
1,2,8:03:07,5,2,1,MX1721,0,2,192
2,3,8:06:49,5,2,1,MX1721,0,2,101
3,4,8:09:11,5,2,2,MX1721,0,2,60
4,5,8:11:25,5,2,1,MX1721,0,2,30
5,6,8:12:46,5,2,1,MX1721,0,2,30
6,7,8:15:17,5,2,1,MX1721,0,2,50
7,12,8:21:44,5,0,-1,MX1721,4,2,325
12,13,8:22:45,5,0,-1,MX1721,0,2,30
1,2,9:22:28,5,0,3,MX1721,0,2,232
2,3,9:25:34,5,0,2,MX1721,0,2,73
3,4,9:28:15,5,0,2,MX1721,0,2,121
4,5,9:30:48,5,0,1,MX1721,0,2,40
5,6,9:32:39,5,0,1,MX1721,0,2,30
6,7,9:35:55,5,0,1,MX1721,0,2,133
7,12,9:44:12,5,0,-1,MX1721,4,2,366
12,13,9:45:13,5,0,-1,MX1721,0,2,10
0,1,11:07:13,5,3,1,MX1721,0,2,234
1,2,11:13:08,5,4,2,MX1721,0,2,324
2,3,11:14:39,5,4,1,MX1721,0,2,30
3,4,11:18:24,5,4,2,MX1721,0,2,81
4,5,11:20:36,5,4,2,MX1721,0,2,51
5,6,11:22:28,5,4,1,MX1721,0,2,20
6,7,11:26:20,5,3,1,MX1721,0,2,131
12,13,11:39:05,5,0,-1,MX1721,0,2,20
1,2,12:39:58,5,0,2,MX1721,0,2,131
2,3,12:42:32,5,0,-1,MX1721,0,2,123
3,4,12:44:55,5,4,-1,MX1721,0,2,40
4,5,12:46:57,5,4,1,MX1721,0,1,50
5,6,12:49:18,5,4,2,MX1721,0,1,111
6,7,12:54:04,5,4,1,MX1721,0,1,92
12,13,13:08:55,5,0,-1,MX1721,0,1,20
0,1,14:08:47,5,0,1,MX1721,0,1,161
1,2,14:13:10,5,3,1,MX1721,0,1,202
2,3,14:16:34,5,2,2,MX1721,0,1,121
3,4,14:20:57,5,2,1,MX1721,0,1,111
4,5,14:23:39,5,2,1,MX1721,0,1,131
5,6,14:27:04,5,2,1,MX1721,0,1,113
6,7,14:31:35,5,1,1,MX1721,0,1,200
12,13,14:45:28,5,0,-1,MX1721,0,1,20
0,1,15:46:25,5,0,2,MX1721,0,1,114
1,2,15:50:08,5,0,1,MX1721,0,1,161
2,3,15:53:34,5,0,1,MX1721,0,1,115
3,4,15:55:56,5,0,2,MX1721,0,1,70
4,5,15:58:17,5,0,1,MX1721,0,1,40
5,6,15:59:58,5,0,2,MX1721,0,1,40
6,7,16:02:43,5,0,2,MX1721,0,1,74
7,12,16:15:05,5,0,-1,MX1721,4,1,610
12,13,16:16:06,5,0,-1,MX1721,0,1,30
0,1,17:27:49,5,2,1,MX1721,0,1,309
1,2,17:31:07,5,2,2,MX1721,0,1,167
2,3,17:34:29,5,1,1,MX1721,0,1,161
3,4,17:37:56,5,1,1,MX1721,0,1,61
4,5,17:40:38,5,1,2,MX1721,0,1,40
5,6,17:42:43,5,0,2,MX1721,0,1,63
6,7,17:47:16,5,0,2,MX1721,0,1,182
7,8,17:52:10,5,0,1,MX1721,0,1,171
8,9,17:54:13,5,0,1,MX1721,0,1,50
9,10,17:55:14,5,0,-1,MX1721,0,1,30
10,11,17:56:04,5,0,-1,MX1721,0,1,10
11,12,17:58:27,5,0,-1,MX1721,0,1,81
12,13,17:59:47,5,0,-1,MX1721,0,1,40
0,1,19:54:25,5,1,1,MX1721,0,2,192
1,2,19:57:37,5,1,1,MX1721,0,2,141
2,3,19:59:48,5,0,1,MX1721,0,2,60
3,4,20:02:00,5,0,1,MX1721,0,2,81
4,5,20:03:22,5,0,1,MX1721,0,2,30
5,6,20:04:33,5,0,1,MX1721,0,2,40
6,7,20:06:34,5,0,1,MX1721,0,2,60
7,8,20:09:36,5,0,2,MX1721,0,2,101
8,9,20:11:17,5,0,1,MX1721,0,2,60
9,10,20:12:18,5,0,-1,MX1721,0,2,40
10,11,20:13:18,5,0,-1,MX1721,0,2,20
11,12,20:14:39,5,0,-1,MX1721,0,2,50
12,13,20:15:20,5,0,-1,MX1721,0,2,10
1,2,21:17:45,5,0,1,MX1721,0,1,131
2,3,21:20:57,5,0,1,MX1721,0,1,80
3,4,21:23:59,5,0,1,MX1721,0,1,100
5,6,21:27:46,5,1,1,MX1721,0,1,30
6,7,21:31:08,5,1,1,MX1721,0,1,131
7,8,21:33:29,5,0,1,MX1721,0,1,60
8,9,21:35:04,5,0,1,MX1721,0,1,54
9,10,21:37:16,5,0,-1,MX1721,0,1,30
10,11,21:38:48,5,0,-1,MX1721,0,1,50
11,12,21:40:59,5,0,-1,MX1721,0,1,60
12,13,21:43:15,5,0,-1,MX1721,0,1,55
0,2,22:51:47,5,0,1,MX1721,1,1,440
2,3,22:53:12,5,0,1,MX1721,0,1,30
3,4,22:54:55,5,0,1,MX1721,0,1,70
4,5,22:56:56,5,0,1,MX1721,0,1,50
5,6,22:57:57,5,0,1,MX1721,0,1,20
6,7,23:00:29,5,0,1,MX1721,0,1,131
7,8,23:03:04,5,0,1,MX1721,0,1,115
8,9,23:04:56,5,0,1,MX1721,0,1,50
9,10,23:06:16,5,0,-1,MX1721,0,1,30
10,11,23:07:57,5,0,-1,MX1721,0,1,20
11,12,23:09:59,5,0,-1,MX1721,0,1,40
12,13,23:10:29,5,0,-1,MX1721,0,1,10
0,1,23:57:36,5,0,1,MX1721,0,1,134
0,1,20:10:27,5,-1,1,MX1931,0,2,293
1,2,20:13:49,5,-1,1,MX1931,0,2,161
2,3,20:16:45,5,-1,1,MX1931,0,2,115
3,4,20:18:42,5,-1,1,MX1931,0,2,32
4,5,20:21:18,5,-1,1,MX1931,0,2,50
5,6,20:22:38,5,-1,1,MX1931,0,2,40
6,7,20:25:41,5,-1,1,MX1931,0,2,152
7,8,20:29:25,5,-1,1,MX1931,0,2,151
8,9,20:31:36,5,-1,1,MX1931,0,2,70
9,10,20:32:47,5,-1,-1,MX1931,0,2,30
10,11,20:34:08,5,-1,-1,MX1931,0,2,10
11,12,20:35:49,5,-1,-1,MX1931,0,2,50
12,13,20:37:00,5,-1,-1,MX1931,0,2,20
0,1,7:11:19,5,-1,1,MX1983,0,2,141
1,2,7:14:54,5,-1,1,MX1983,0,2,175
2,3,7:18:26,5,-1,1,MX1983,0,2,90
3,4,7:20:28,5,-1,1,MX1983,0,2,40
4,5,7:21:28,5,-1,1,MX1983,0,2,30
5,6,7:22:29,5,-1,1,MX1983,0,2,30
6,7,7:24:10,5,-1,1,MX1983,0,2,70
7,12,7:29:57,5,-1,-1,MX1983,4,2,283
12,13,7:30:38,5,-1,-1,MX1983,0,2,10
0,1,8:21:44,5,-1,1,MX1983,0,2,182
1,2,8:25:37,5,-1,2,MX1983,0,2,151
2,3,8:27:38,5,-1,1,MX1983,0,2,70
3,4,8:29:50,5,-1,1,MX1983,0,2,50
4,5,8:32:14,5,-1,1,MX1983,0,2,61
5,6,8:33:24,5,-1,1,MX1983,0,2,30
6,7,8:35:36,5,-1,1,MX1983,0,2,91
7,12,8:41:53,5,-1,-1,MX1983,4,2,306
12,13,8:42:34,5,-1,-1,MX1983,0,2,10
0,1,9:44:53,5,-1,-1,MX1983,0,2,194
1,2,9:48:46,5,-1,2,MX1983,0,2,141
2,3,9:51:07,5,-1,1,MX1983,0,2,80
3,4,9:53:59,5,-1,2,MX1983,0,2,90
4,5,9:55:21,5,-1,1,MX1983,0,2,30
5,6,9:57:06,5,-1,1,MX1983,0,2,30
6,7,9:59:58,5,-1,1,MX1983,0,2,70
7,12,10:06:45,5,-1,-1,MX1983,4,2,315
12,13,10:07:36,5,-1,-1,MX1983,0,2,20
0,1,11:12:58,5,-1,1,MX1983,0,2,233
1,2,11:16:32,5,-1,2,MX1983,0,2,142
2,3,11:19:25,5,-1,1,MX1983,0,2,111
3,4,11:22:18,5,-1,2,MX1983,0,2,101
4,5,11:24:19,5,-1,2,MX1983,0,2,40
5,6,11:26:00,5,-1,2,MX1983,0,2,60
6,7,11:30:25,5,-1,1,MX1983,0,2,152
12,13,11:44:20,5,-1,-1,MX1983,0,2,10
0,1,15:49:38,5,-1,2,MX1983,0,1,182
1,2,15:52:44,5,-1,1,MX1983,0,1,165
2,3,15:56:26,5,-1,2,MX1983,0,1,161
3,4,15:59:38,5,-1,2,MX1983,0,1,101
4,5,16:01:59,5,-1,1,MX1983,0,1,30
5,6,16:04:24,5,-1,1,MX1983,0,1,80
6,7,16:08:17,5,-1,2,MX1983,0,1,101
7,12,16:19:32,5,-1,-1,MX1983,4,1,594
12,13,16:20:33,5,-1,-1,MX1983,0,1,20
0,1,6:18:12,5,2,1,MX2037,0,2,113
1,2,6:21:16,5,1,1,MX2037,0,2,121
2,3,6:22:47,5,1,1,MX2037,0,2,30
3,4,6:24:08,5,1,1,MX2037,0,2,40
5,6,6:26:09,5,1,1,MX2037,0,2,30
6,7,6:28:10,5,1,1,MX2037,0,2,90
7,12,6:35:08,5,0,-1,MX2037,4,2,374
12,13,6:35:48,5,0,-1,MX2037,0,2,20
0,1,7:22:19,5,2,1,MX2037,0,2,131
1,2,7:25:34,5,2,2,MX2037,0,2,164
2,3,7:27:05,5,2,1,MX2037,0,2,40
3,4,7:29:57,5,2,1,MX2037,0,2,111
4,5,7:30:48,5,2,1,MX2037,0,2,20
5,6,7:31:58,5,2,1,MX2037,0,2,20
6,7,7:34:33,5,1,1,MX2037,0,2,113
7,12,7:43:18,5,0,-1,MX2037,4,2,495
12,13,7:44:09,5,0,-1,MX2037,0,2,20
0,1,8:37:27,5,3,1,MX2037,0,2,131
1,2,8:43:34,5,4,2,MX2037,0,2,225
2,3,8:46:57,5,4,1,MX2037,0,2,121
3,4,8:49:38,5,4,1,MX2037,0,2,80
4,5,8:51:40,5,4,1,MX2037,0,2,20
5,6,8:53:33,5,4,1,MX2037,0,2,40
6,7,8:56:15,5,4,1,MX2037,0,2,101
7,12,9:04:42,5,2,-1,MX2037,4,2,415
12,13,9:05:43,5,2,-1,MX2037,0,2,20
0,1,10:31:18,5,1,2,MX2037,0,2,121
1,2,10:36:13,5,4,2,MX2037,0,2,153
2,3,10:38:55,5,4,2,MX2037,0,2,90
3,4,10:41:37,5,4,1,MX2037,0,2,50
4,5,10:44:09,5,4,1,MX2037,0,2,50
5,6,10:47:23,5,5,1,MX2037,0,2,80
6,7,10:50:36,5,5,1,MX2037,0,2,71
7,12,11:00:47,5,3,-1,MX2037,4,2,529
12,13,11:02:18,5,2,-1,MX2037,0,2,40
0,1,11:56:03,5,3,2,MX2037,0,2,234
1,2,11:59:58,5,4,2,MX2037,0,2,143
2,3,12:03:53,5,4,1,MX2037,0,2,170
3,4,12:07:02,5,4,2,MX2037,0,2,105
4,5,12:09:48,5,4,2,MX2037,0,2,84
5,6,12:12:08,5,4,2,MX2037,0,2,62
6,7,12:16:45,5,4,2,MX2037,0,2,155
12,13,12:31:19,5,1,-1,MX2037,0,2,10
0,1,13:25:29,5,0,1,MX2037,0,1,131
1,2,13:29:16,5,4,1,MX2037,0,1,123
2,3,13:33:37,5,3,1,MX2037,0,1,179
3,4,13:36:53,5,3,1,MX2037,0,1,94
4,5,13:39:35,5,4,2,MX2037,0,1,40
5,6,13:40:56,5,4,2,MX2037,0,1,30
6,7,13:45:30,5,3,2,MX2037,0,1,111
12,13,13:59:08,5,0,-1,MX2037,0,1,10
0,1,14:52:05,5,3,1,MX2037,0,1,203
1,2,14:56:04,5,3,1,MX2037,0,1,187
2,3,15:02:39,5,3,1,MX2037,0,1,293
3,4,15:05:45,5,3,1,MX2037,0,1,84
4,5,15:09:07,5,4,2,MX2037,0,1,60
5,6,15:10:18,5,4,1,MX2037,0,1,20
6,7,15:13:50,5,3,2,MX2037,0,1,131
7,8,15:17:23,5,3,1,MX2037,0,1,107
12,13,15:42:39,5,2,-1,MX2037,0,1,10
0,1,0:32:57,5,-1,1,MX2063,0,2,111
1,2,0:36:09,5,-1,1,MX2063,0,2,141
2,3,0:38:34,5,-1,1,MX2063,0,2,74
3,4,0:40:56,5,-1,1,MX2063,0,2,91
4,5,0:41:46,5,-1,1,MX2063,0,2,20
5,6,0:42:37,5,-1,1,MX2063,0,2,20
6,7,0:44:08,5,-1,1,MX2063,0,2,60
7,8,0:45:39,5,-1,1,MX2063,0,2,50
8,9,0:47:10,5,-1,1,MX2063,0,2,50
9,10,0:47:54,5,-1,-1,MX2063,0,2,33
10,11,0:48:55,5,-1,-1,MX2063,0,2,10
11,12,0:49:35,5,-1,-1,MX2063,0,2,10
12,13,0:51:46,5,-1,-1,MX2063,0,2,80
0,1,6:08:44,5,-1,2,MX2063,0,2,144
1,2,6:10:35,5,-1,1,MX2063,0,2,91
2,3,6:11:46,5,-1,1,MX2063,0,2,40
3,4,6:13:17,5,-1,1,MX2063,0,2,60
4,5,6:14:18,5,-1,1,MX2063,0,2,20
5,6,6:15:18,5,-1,1,MX2063,0,2,30
6,7,6:17:00,5,-1,1,MX2063,0,2,60
7,12,6:23:07,5,-1,-1,MX2063,4,2,324
12,13,6:23:58,5,-1,-1,MX2063,0,2,20
0,1,7:09:37,5,-1,1,MX2063,0,2,152
1,2,7:12:40,5,-1,1,MX2063,0,2,151
2,3,7:14:54,5,-1,1,MX2063,0,2,70
3,4,7:16:45,5,-1,1,MX2063,0,2,40
4,5,7:18:16,5,-1,1,MX2063,0,2,20
5,6,7:19:17,5,-1,1,MX2063,0,2,30
6,7,7:21:08,5,-1,1,MX2063,0,2,80
7,12,7:27:56,5,-1,-1,MX2063,4,2,356
12,13,7:28:26,5,-1,-1,MX2063,0,2,10
3,4,8:26:17,5,-1,1,MX2063,0,2,40
4,5,8:28:39,5,-1,1,MX2063,0,2,30
5,6,8:30:00,5,-1,1,MX2063,0,2,30
6,7,8:32:24,5,-1,1,MX2063,0,2,61
7,8,8:35:05,5,-1,1,MX2063,0,2,80
8,12,8:40:49,5,-1,-1,MX2063,3,2,303
6,7,9:54:51,5,-1,1,MX2063,0,2,81
7,8,9:58:17,5,-1,2,MX2063,0,2,101
8,12,10:05:34,5,-1,-1,MX2063,3,2,407
12,13,10:06:14,5,-1,-1,MX2063,0,2,10
0,1,11:31:56,5,-1,2,MX2063,0,2,121
1,2,11:37:10,5,-1,2,MX2063,0,2,232
2,3,11:43:19,5,-1,2,MX2063,0,2,274
3,4,11:46:13,5,-1,2,MX2063,0,2,91
4,5,11:47:45,5,-1,1,MX2063,0,2,31
5,6,11:49:37,5,-1,1,MX2063,0,2,30
6,7,11:52:39,5,-1,1,MX2063,0,2,131
7,12,12:02:59,5,-1,-1,MX2063,4,2,539
12,13,12:03:43,5,-1,-1,MX2063,0,2,10
1,2,13:11:22,5,-1,1,MX2063,0,1,166
2,3,13:15:39,5,-1,1,MX2063,0,1,153
3,4,13:18:35,5,-1,1,MX2063,0,1,105
4,5,13:21:17,5,-1,2,MX2063,0,1,90
5,6,13:23:18,5,-1,1,MX2063,0,1,50
6,7,13:28:05,5,-1,2,MX2063,0,1,155
12,13,13:44:39,5,-1,-1,MX2063,0,1,20
0,1,14:37:50,5,-1,2,MX2063,0,1,203
1,2,14:41:05,5,-1,-1,MX2063,0,1,111
2,3,14:43:26,5,-1,-1,MX2063,0,1,80
3,4,14:46:08,5,-1,1,MX2063,0,1,60
4,5,14:48:32,5,-1,2,MX2063,0,1,22
5,6,14:50:55,5,-1,2,MX2063,0,1,81
6,7,14:53:16,5,-1,2,MX2063,0,1,60
7,12,15:05:45,5,-1,-1,MX2063,4,1,590
12,13,15:06:56,5,-1,-1,MX2063,0,1,20
0,1,16:10:29,5,-1,1,MX2063,0,1,354
1,2,16:13:34,5,-1,2,MX2063,0,1,145
2,3,16:18:21,5,-1,1,MX2063,0,1,145
3,4,16:21:24,5,-1,1,MX2063,0,1,101
4,5,16:24:06,5,-1,2,MX2063,0,1,81
5,6,16:25:44,5,-1,1,MX2063,0,1,57
6,7,16:30:09,5,-1,2,MX2063,0,1,173
7,8,16:34:15,5,-1,2,MX2063,0,1,151
8,12,16:40:31,5,-1,-1,MX2063,3,1,345
12,13,16:41:22,5,-1,-1,MX2063,0,1,10
0,1,17:55:44,5,-1,2,MX2063,0,1,101
1,2,17:59:58,5,-1,3,MX2063,0,1,213
2,3,18:02:29,5,-1,1,MX2063,0,1,40
3,4,18:05:16,5,-1,1,MX2063,0,1,80
4,5,18:06:37,5,-1,2,MX2063,0,1,20
5,6,18:07:48,5,-1,2,MX2063,0,1,40
6,7,18:11:00,5,-1,2,MX2063,0,1,141
7,8,18:13:34,5,-1,1,MX2063,0,1,111
8,9,18:18:01,5,-1,1,MX2063,0,1,216
9,10,18:19:12,5,-1,-1,MX2063,0,1,30
10,11,18:20:34,5,-1,-1,MX2063,0,1,10
11,12,18:24:36,5,-1,-1,MX2063,0,1,161
12,13,18:25:47,5,-1,-1,MX2063,0,1,40
0,1,20:55:29,5,-1,2,MX2063,0,1,111
1,2,20:59:14,5,-1,1,MX2063,0,1,164
2,3,21:01:50,5,-1,1,MX2063,0,1,50
3,4,21:03:52,5,-1,1,MX2063,0,1,41
4,5,21:05:53,5,-1,1,MX2063,0,1,40
5,6,21:07:05,5,-1,1,MX2063,0,1,30
6,7,21:08:56,5,-1,1,MX2063,0,1,50
7,8,21:10:27,5,-1,1,MX2063,0,1,40
8,9,21:12:08,5,-1,1,MX2063,0,1,60
9,10,21:13:19,5,-1,-1,MX2063,0,1,20
10,11,21:14:33,5,-1,-1,MX2063,0,1,13
11,12,21:15:34,5,-1,-1,MX2063,0,1,20
12,13,21:18:26,5,-1,-1,MX2063,0,1,131
0,1,22:13:33,5,-1,1,MX2063,0,1,164
1,2,22:16:35,5,-1,1,MX2063,0,1,91
2,3,22:18:46,5,-1,1,MX2063,0,1,40
3,4,22:21:08,5,-1,1,MX2063,0,1,70
4,5,22:22:29,5,-1,1,MX2063,0,1,40
5,6,22:24:00,5,-1,1,MX2063,0,1,20
6,7,22:26:43,5,-1,1,MX2063,0,1,100
7,8,22:29:15,5,-1,1,MX2063,0,1,100
8,9,22:31:36,5,-1,1,MX2063,0,1,80
9,10,22:32:47,5,-1,-1,MX2063,0,1,30
10,11,22:34:18,5,-1,-1,MX2063,0,1,10
11,12,22:35:19,5,-1,-1,MX2063,0,1,20
12,13,22:37:33,5,-1,-1,MX2063,0,1,63
0,1,23:14:23,5,-1,1,MX2063,0,1,100
1,2,23:17:26,5,-1,1,MX2063,0,1,131
2,3,23:18:37,5,-1,1,MX2063,0,1,20
3,4,23:21:51,5,-1,1,MX2063,0,1,82
4,5,23:24:35,5,-1,1,MX2063,0,1,70
5,6,23:26:06,5,-1,1,MX2063,0,1,30
6,7,23:27:47,5,-1,1,MX2063,0,1,40
7,8,23:30:59,5,-1,1,MX2063,0,1,100
8,9,23:32:51,5,-1,1,MX2063,0,1,41
9,10,23:34:34,5,-1,-1,MX2063,0,1,42
10,11,23:36:25,5,-1,-1,MX2063,0,1,10
11,12,23:38:06,5,-1,-1,MX2063,0,1,40
12,13,23:39:07,5,-1,-1,MX2063,0,1,20
0,1,20:25:00,5,3,1,MX2099,0,2,151
1,2,20:28:24,5,5,1,MX2099,0,2,111
2,3,20:30:05,5,5,1,MX2099,0,2,30
3,4,20:32:47,5,4,1,MX2099,0,2,60
4,5,20:34:48,5,3,1,MX2099,0,2,111
5,6,20:35:49,5,3,1,MX2099,0,2,20
6,7,20:38:11,5,3,2,MX2099,0,2,80
7,8,20:41:45,5,3,1,MX2099,0,2,131
8,9,20:43:47,5,3,1,MX2099,0,2,60
9,10,20:45:08,5,2,-1,MX2099,0,2,30
10,11,20:46:08,5,2,-1,MX2099,0,2,10
11,12,20:46:59,5,1,-1,MX2099,0,2,10
12,13,20:47:59,5,1,-1,MX2099,0,2,10
0,1,7:04:43,5,-1,1,MX2141,0,2,103
1,2,7:08:17,5,-1,1,MX2141,0,2,142
2,3,7:09:37,5,2,1,MX2141,0,2,40
3,4,7:12:29,5,2,1,MX2141,0,2,91
4,5,7:13:33,5,2,1,MX2141,0,2,23
5,6,7:14:44,5,2,1,MX2141,0,2,20
6,7,7:16:45,5,3,1,MX2141,0,2,60
7,12,7:24:21,5,3,-1,MX2141,4,2,394
12,13,7:25:14,5,3,-1,MX2141,0,2,20
0,1,8:10:44,5,2,2,MX2141,0,2,20
1,2,8:16:59,5,2,1,MX2141,0,2,364
2,3,8:20:44,5,3,1,MX2141,0,2,121
3,4,8:22:45,5,3,1,MX2141,0,2,30
4,5,8:25:07,5,3,1,MX2141,0,2,40
5,6,8:26:48,5,4,1,MX2141,0,2,30
6,7,8:28:29,5,4,1,MX2141,0,2,50
7,12,8:37:37,5,4,-1,MX2141,4,2,456
12,13,8:38:38,5,4,-1,MX2141,0,2,10
0,1,9:35:23,5,3,2,MX2141,0,2,133
1,2,9:39:17,5,3,2,MX2141,0,2,192
2,3,9:43:20,5,3,-1,MX2141,0,2,161
3,4,9:46:24,5,4,2,MX2141,0,2,70
4,5,9:49:36,5,4,1,MX2141,0,2,101
5,6,9:51:18,5,4,2,MX2141,0,2,40
6,7,9:54:20,5,4,1,MX2141,0,2,131
7,12,10:04:03,5,5,-1,MX2141,4,2,481
12,13,10:05:04,5,5,-1,MX2141,0,2,20
0,1,11:01:58,5,2,1,MX2141,0,2,121
1,2,11:06:43,5,2,2,MX2141,0,2,224
2,3,11:09:25,5,2,1,MX2141,0,2,111
3,4,11:11:17,5,2,1,MX2141,0,2,50
4,5,11:15:20,5,2,1,MX2141,0,2,91
5,6,11:16:52,5,2,1,MX2141,0,2,60
6,7,11:21:27,5,2,1,MX2141,0,2,152
7,12,11:32:47,5,1,-1,MX2141,4,2,548
12,13,11:33:47,5,0,-1,MX2141,0,2,20
0,1,15:35:14,5,-1,2,MX2141,0,1,309
1,2,15:38:56,5,2,2,MX2141,0,1,171
2,3,15:43:51,5,2,1,MX2141,0,1,183
3,4,15:46:56,5,2,1,MX2141,0,1,60
4,5,15:48:47,5,3,2,MX2141,0,1,30
5,6,15:50:28,5,3,2,MX2141,0,1,50
6,7,15:53:34,5,3,2,MX2141,0,1,135
12,13,16:07:06,5,3,-1,MX2141,0,1,20
0,1,17:15:35,5,1,1,MX2141,0,1,172
1,2,17:19:38,5,1,1,MX2141,0,1,141
2,3,17:23:20,5,2,-1,MX2141,0,1,131
3,4,17:26:53,5,3,1,MX2141,0,1,121
4,5,17:29:10,5,3,2,MX2141,0,1,70
5,6,17:31:58,5,3,2,MX2141,0,1,104
6,7,17:35:44,5,3,2,MX2141,0,1,135
7,8,17:39:17,5,4,2,MX2141,0,1,132
8,9,17:45:34,5,4,1,MX2141,0,1,171
9,10,17:47:27,5,4,-1,MX2141,0,1,50
10,11,17:49:18,5,4,-1,MX2141,0,1,10
11,12,17:50:49,5,4,-1,MX2141,0,1,40
12,13,17:52:00,5,4,-1,MX2141,0,1,20
0,1,19:04:47,5,5,-1,MX2141,0,1,145
1,2,19:09:20,5,5,1,MX2141,0,1,212
2,3,19:12:24,5,0,1,MX2141,0,1,122
3,4,19:15:26,5,0,1,MX2141,0,1,90
4,5,19:17:27,5,0,1,MX2141,0,1,60
5,6,19:19:18,5,0,2,MX2141,0,2,40
6,7,19:21:50,5,0,1,MX2141,0,2,80
7,8,19:25:26,5,0,1,MX2141,0,2,111
8,9,19:28:28,5,1,1,MX2141,0,2,141
9,10,19:29:57,5,0,-1,MX2141,0,2,40
11,12,19:32:39,5,0,-1,MX2141,0,2,10
12,13,19:35:16,5,0,-1,MX2141,0,2,10
0,1,0:20:05,5,1,1,MX2172,0,2,60
1,2,0:22:47,5,1,1,MX2172,0,2,131
2,3,0:24:38,5,1,1,MX2172,0,2,50
3,5,0:28:44,5,1,1,MX2172,1,2,154
5,6,0:29:35,5,1,1,MX2172,0,2,20
6,7,0:31:36,5,1,1,MX2172,0,2,101
7,8,0:33:07,5,0,3,MX2172,0,2,60
8,9,0:34:28,5,0,1,MX2172,0,2,60
9,10,0:35:08,5,0,-1,MX2172,0,2,30
10,11,0:36:19,5,0,-1,MX2172,0,2,20
11,12,0:37:10,5,0,-1,MX2172,0,2,20
12,13,0:37:40,5,0,-1,MX2172,0,2,20
0,1,6:51:55,5,2,2,MX2193,0,2,121
1,2,6:55:07,5,2,1,MX2193,0,2,161
2,3,6:59:11,5,2,1,MX2193,0,2,182
3,4,7:01:04,5,3,1,MX2193,0,2,70
4,5,7:02:09,5,3,1,MX2193,0,2,10
5,6,7:02:59,5,3,1,MX2193,0,2,20
6,7,7:05:24,5,3,1,MX2193,0,2,61
7,12,7:12:09,5,4,-1,MX2193,4,2,344
12,13,7:13:00,5,4,-1,MX2193,0,2,20
0,1,8:02:36,5,2,1,MX2193,0,2,161
1,2,8:06:19,5,3,2,MX2193,0,2,161
2,3,8:08:41,5,3,1,MX2193,0,2,101
3,4,8:10:54,5,3,1,MX2193,0,2,50
4,5,8:12:46,5,3,1,MX2193,0,2,20
5,6,8:14:17,5,3,1,MX2193,0,2,40
6,7,8:17:19,5,3,1,MX2193,0,2,121
7,12,8:25:27,5,4,-1,MX2193,4,2,437
12,13,8:26:07,5,4,-1,MX2193,0,2,10
0,1,9:22:28,5,4,2,MX2193,0,2,161
1,2,9:25:54,5,5,3,MX2193,0,2,154
2,3,9:29:07,5,5,2,MX2193,0,2,91
3,4,9:33:51,5,5,2,MX2193,0,2,142
4,5,9:36:45,5,5,1,MX2193,0,2,70
5,6,9:38:26,5,5,1,MX2193,0,2,30
6,7,9:41:28,5,5,-1,MX2193,0,2,111
7,12,9:52:59,5,5,-1,MX2193,4,2,579
12,13,9:53:59,5,5,-1,MX2193,0,2,10
0,1,10:47:33,5,3,2,MX2193,0,2,111
1,2,10:51:37,5,1,2,MX2193,0,2,183
2,3,10:54:09,5,1,1,MX2193,0,2,101
3,4,10:57:54,5,1,1,MX2193,0,2,101
4,5,11:01:58,5,1,3,MX2193,0,2,101
5,6,11:04:40,5,1,2,MX2193,0,2,30
6,7,11:09:15,5,2,1,MX2193,0,2,244
7,12,11:21:07,5,3,-1,MX2193,4,2,589
12,13,11:22:07,5,3,-1,MX2193,0,2,20
0,1,12:45:46,5,2,1,MX2193,0,2,193
1,2,12:49:28,5,3,2,MX2193,0,1,151
2,3,12:52:41,5,3,1,MX2193,0,1,101
3,4,12:55:35,5,3,1,MX2193,0,1,70
4,5,12:58:07,5,3,2,MX2193,0,1,40
5,6,13:02:00,5,3,2,MX2193,0,1,151
6,7,13:05:39,5,4,2,MX2193,0,1,121
12,13,13:19:25,5,4,-1,MX2193,0,1,50
0,1,14:13:51,5,0,1,MX2193,0,1,192
1,2,14:18:35,5,1,2,MX2193,0,1,182
2,3,14:23:29,5,1,1,MX2193,0,1,232
3,4,14:26:33,5,1,1,MX2193,0,1,83
4,5,14:28:59,5,3,2,MX2193,0,1,54
5,6,14:31:35,5,4,1,MX2193,0,1,70
6,7,14:34:47,5,4,1,MX2193,0,1,131
12,13,14:49:33,5,5,-1,MX2193,0,1,20
0,1,15:51:29,5,2,1,MX2193,0,1,131
1,2,15:54:35,5,2,1,MX2193,0,1,151
2,3,15:59:38,5,2,2,MX2193,0,1,191
3,4,16:03:14,5,3,1,MX2193,0,1,104
4,5,16:05:45,5,3,1,MX2193,0,1,50
5,6,16:07:26,5,3,1,MX2193,0,1,60
6,7,16:11:19,5,3,1,MX2193,0,1,171
7,12,16:22:04,5,4,-1,MX2193,4,1,594
12,13,16:23:15,5,4,-1,MX2193,0,1,20
0,1,17:36:45,5,1,2,MX2193,0,1,84
1,2,17:40:38,5,1,2,MX2193,0,1,223
2,3,17:46:05,5,1,1,MX2193,0,1,265
3,4,17:48:47,5,2,1,MX2193,0,1,80
4,5,17:51:19,5,3,2,MX2193,0,1,60
5,6,17:53:12,5,3,2,MX2193,0,1,62
6,7,17:56:25,5,3,2,MX2193,0,1,131
7,8,18:01:39,5,4,1,MX2193,0,1,212
8,9,18:04:55,5,5,1,MX2193,0,1,125
9,10,18:06:48,5,5,-1,MX2193,0,1,50
11,12,18:10:20,5,5,-1,MX2193,0,1,30
12,13,18:12:44,5,5,-1,MX2193,0,1,10
0,1,20:47:09,5,2,1,MX2193,0,2,141
1,2,20:50:46,5,3,1,MX2193,0,1,146
2,3,20:53:17,5,3,1,MX2193,0,1,60
3,4,20:55:49,5,3,1,MX2193,0,1,80
4,5,20:57:50,5,3,1,MX2193,0,1,50
5,6,20:59:24,5,4,1,MX2193,0,1,20
6,7,21:02:30,5,4,1,MX2193,0,1,111
7,8,21:05:43,5,4,1,MX2193,0,1,121
8,9,21:08:06,5,5,1,MX2193,0,1,70
9,10,21:09:27,5,5,-1,MX2193,0,1,40
10,11,21:10:27,5,5,-1,MX2193,0,1,20
11,12,21:11:38,5,5,-1,MX2193,0,1,20
12,13,21:13:19,5,5,-1,MX2193,0,1,30
0,1,22:50:26,5,1,1,MX2193,0,1,101
1,2,22:53:44,5,1,1,MX2193,0,1,168
2,3,22:55:15,5,1,1,MX2193,0,1,20
3,4,22:57:57,5,1,1,MX2193,0,1,70
4,5,23:00:08,5,1,1,MX2193,0,1,50
5,6,23:01:29,5,2,1,MX2193,0,1,20
6,7,23:03:35,5,2,1,MX2193,0,1,75
7,8,23:05:36,5,2,1,MX2193,0,1,80
8,9,23:07:17,5,2,1,MX2193,0,1,60
9,10,23:08:38,5,2,-1,MX2193,0,1,30
10,11,23:09:59,5,2,-1,MX2193,0,1,20
11,12,23:11:50,5,2,-1,MX2193,0,1,40
12,13,23:13:43,5,2,-1,MX2193,0,1,10
0,1,7:31:48,5,3,1,MX2215,0,2,121
1,2,7:35:13,5,4,2,MX2215,0,2,143
2,3,7:37:24,5,3,1,MX2215,0,2,70
3,4,7:40:06,5,3,1,MX2215,0,2,80
4,5,7:41:57,5,2,1,MX2215,0,2,20
5,6,7:43:18,5,2,1,MX2215,0,2,30
6,7,7:44:49,5,2,1,MX2215,0,2,50
7,12,7:51:16,5,1,-1,MX2215,4,2,325
12,13,7:52:06,5,0,-1,MX2215,0,2,20
0,1,8:43:14,5,0,2,MX2215,0,2,101
1,2,8:49:08,5,0,2,MX2215,0,2,343
2,3,8:52:32,5,0,1,MX2215,0,2,52
3,4,8:54:54,5,0,1,MX2215,0,2,91
4,5,8:57:16,5,0,1,MX2215,0,2,60
5,6,8:59:27,5,0,1,MX2215,0,2,70
6,7,9:01:59,5,0,1,MX2215,0,2,121
7,12,9:11:17,5,0,-1,MX2215,4,2,487
12,13,9:12:18,5,0,-1,MX2215,0,2,20
1,2,10:09:57,5,5,2,MX2215,0,2,498
2,3,10:13:42,5,5,1,MX2215,0,2,133
3,4,10:16:04,5,5,2,MX2215,0,2,70
4,5,10:18:27,5,5,2,MX2215,0,2,61
5,6,10:19:07,5,5,1,MX2215,0,2,30
6,7,10:22:19,5,5,1,MX2215,0,2,60
7,12,10:32:59,5,0,-1,MX2215,4,2,525
12,13,10:33:39,5,0,-1,MX2215,0,2,20
1,2,11:38:55,5,4,2,MX2215,0,2,358
2,3,11:41:28,5,4,2,MX2215,0,2,90
3,4,11:44:10,5,4,2,MX2215,0,2,91
4,5,11:46:03,5,4,1,MX2215,0,2,50
5,6,11:47:56,5,4,1,MX2215,0,2,51
6,7,11:51:08,5,4,1,MX2215,0,2,121
7,12,12:01:23,5,0,-1,MX2215,4,2,534
12,13,12:02:26,5,0,-1,MX2215,0,2,20
1,2,16:39:40,5,0,2,MX2215,0,1,405
2,3,16:45:56,5,0,1,MX2215,0,1,193
3,4,16:49:39,5,1,1,MX2215,0,1,131
4,5,16:50:52,5,1,2,MX2215,0,1,31
5,6,16:52:13,5,1,2,MX2215,0,1,50
6,7,16:55:56,5,1,1,MX2215,0,1,151
12,13,17:10:18,5,0,-1,MX2215,0,1,20
0,1,18:33:33,5,3,1,MX2215,0,1,139
1,2,18:37:46,5,3,2,MX2215,0,1,171
2,3,18:40:08,5,3,1,MX2215,0,1,101
3,4,18:44:02,5,3,1,MX2215,0,1,82
4,5,18:46:35,5,3,2,MX2215,0,1,60
5,6,18:48:36,5,2,2,MX2215,0,1,50
6,7,18:51:18,5,2,2,MX2215,0,1,90
7,8,18:55:26,5,2,1,MX2215,0,1,166
8,9,18:57:17,5,2,1,MX2215,0,1,60
9,10,18:58:58,5,2,-1,MX2215,0,1,40
10,11,18:59:59,5,2,-1,MX2215,0,1,10
11,12,19:03:26,5,1,-1,MX2215,0,1,146
12,13,19:04:17,5,1,-1,MX2215,0,1,10
0,1,19:49:30,5,0,1,MX2215,0,2,152
1,2,19:53:14,5,0,1,MX2215,0,2,173
2,3,19:55:46,5,0,1,MX2215,0,2,30
3,4,19:58:27,5,0,1,MX2215,0,2,70
4,5,19:59:58,5,1,1,MX2215,0,2,30
5,6,20:00:59,5,1,1,MX2215,0,2,20
6,7,20:03:22,5,1,1,MX2215,0,2,72
7,8,20:07:15,5,0,2,MX2215,0,2,121
8,9,20:09:06,5,0,1,MX2215,0,2,70
9,10,20:10:37,5,0,-1,MX2215,0,2,40
10,11,20:11:37,5,0,-1,MX2215,0,2,10
11,12,20:13:08,5,0,-1,MX2215,0,2,70
12,13,20:13:49,5,0,-1,MX2215,0,2,20
0,1,8:37:17,5,-1,1,MX2239,0,2,50
2,3,9:02:39,5,-1,1,MX2239,0,2,161
3,4,9:04:52,5,-1,1,MX2239,0,2,60
4,5,9:07:05,5,-1,1,MX2239,0,2,122
5,6,9:08:56,5,-1,1,MX2239,0,2,40
6,7,9:11:38,5,-1,1,MX2239,0,2,101
7,12,9:21:28,5,-1,-1,MX2239,4,2,539
12,13,9:22:59,5,-1,-1,MX2239,0,2,30
0,1,10:13:52,5,-1,2,MX2239,0,2,457
1,2,10:18:37,5,-1,2,MX2239,0,2,243
2,3,10:25:54,5,-1,1,MX2239,0,2,275
3,4,10:28:46,5,-1,1,MX2239,0,2,80
4,5,10:31:08,5,-1,1,MX2239,0,2,40
5,6,10:32:29,5,-1,2,MX2239,0,2,50
6,7,10:37:14,5,-1,1,MX2239,0,2,121
7,12,10:48:44,5,-1,-1,MX2239,4,2,568
12,13,10:49:36,5,-1,-1,MX2239,0,2,11
1,2,11:48:46,5,-1,2,MX2239,0,2,173
2,3,11:52:09,5,-1,1,MX2239,0,2,111
3,5,11:57:14,5,-1,1,MX2239,1,2,203
5,6,11:59:17,5,-1,2,MX2239,0,2,62
6,7,12:04:03,5,-1,1,MX2239,0,2,211
12,13,12:17:46,5,-1,-1,MX2239,0,2,60
1,2,17:46:04,6,-1,1,AA2989,0,1,205
2,3,17:49:57,6,-1,1,AA2989,0,1,70
3,5,17:55:04,6,-1,1,AA2989,1,1,165
5,6,17:56:45,6,-1,1,AA2989,0,1,30
6,7,17:59:17,6,-1,1,AA2989,0,1,90
7,8,18:01:49,6,-1,2,AA2989,0,1,60
8,9,18:05:13,6,-1,1,AA2989,0,1,82
9,10,18:06:44,6,-1,-1,AA2989,0,1,50
11,12,18:10:27,6,-1,-1,AA2989,0,1,101
12,13,18:11:08,6,-1,-1,AA2989,0,1,10
0,1,0:15:14,6,-1,1,AA3016,0,1,114
1,2,0:18:16,6,-1,1,AA3016,0,1,161
2,3,0:20:27,6,-1,1,AA3016,0,1,60
3,4,0:22:29,6,-1,1,AA3016,0,1,60
4,5,0:23:29,6,-1,1,AA3016,0,1,40
5,6,0:24:20,6,-1,1,AA3016,0,1,10
6,7,0:26:24,6,-1,1,AA3016,0,1,64
7,8,0:27:59,6,-1,1,AA3016,0,1,70
8,9,0:29:21,6,-1,1,AA3016,0,1,30
9,10,0:30:23,6,-1,-1,AA3016,0,1,30
10,11,0:31:24,6,-1,-1,AA3016,0,1,20
11,12,0:32:35,6,-1,-1,AA3016,0,1,20
12,13,0:34:16,6,-1,-1,AA3016,0,1,10
0,1,1:17:06,6,-1,1,AA3016,0,2,90
1,2,1:19:37,6,-1,1,AA3016,0,2,141
2,3,1:21:28,6,-1,1,AA3016,0,2,90
3,4,1:23:09,6,-1,1,AA3016,0,2,50
4,5,1:24:10,6,-1,1,AA3016,0,2,40
5,6,1:24:42,6,-1,1,AA3016,0,2,21
6,7,1:26:13,6,-1,1,AA3016,0,2,60
7,8,1:27:44,6,-1,1,AA3016,0,2,60
8,9,1:29:55,6,-1,1,AA3016,0,2,111
9,10,1:30:25,6,-1,-1,AA3016,0,2,10
11,12,1:32:16,6,-1,-1,AA3016,0,2,50
0,1,6:50:27,6,-1,1,AA3016,0,2,111
1,2,6:53:29,6,-1,1,AA3016,0,2,141
2,3,6:54:50,6,-1,1,AA3016,0,2,20
3,4,6:56:43,6,-1,1,AA3016,0,2,72
4,5,6:57:34,6,-1,1,AA3016,0,2,10
5,6,6:58:44,6,-1,1,AA3016,0,2,60
6,7,7:00:15,6,-1,1,AA3016,0,2,40
7,12,7:06:19,6,-1,-1,AA3016,4,2,313
12,13,7:06:39,6,-1,-1,AA3016,0,2,10
0,1,8:04:27,6,-1,1,AA3016,0,2,111
1,2,8:07:29,6,-1,1,AA3016,0,2,171
2,3,8:09:55,6,-1,1,AA3016,0,2,42
3,4,8:12:06,6,-1,1,AA3016,0,2,50
4,5,8:12:56,6,-1,1,AA3016,0,2,10
5,6,8:13:47,6,-1,1,AA3016,0,2,20
6,7,8:16:08,6,-1,1,AA3016,0,2,100
7,12,8:22:35,6,-1,-1,AA3016,4,2,346
12,13,8:23:16,6,-1,-1,AA3016,0,2,10
0,1,9:18:07,6,-1,1,AA3016,0,2,132
1,2,9:20:40,6,-1,1,AA3016,0,2,122
2,3,9:22:45,6,-1,1,AA3016,0,2,60
3,4,9:25:27,6,-1,1,AA3016,0,2,60
4,5,9:27:18,6,-1,1,AA3016,0,2,10
5,6,9:29:09,6,-1,1,AA3016,0,2,30
6,7,9:32:35,6,-1,1,AA3016,0,2,101
7,12,9:40:23,6,-1,-1,AA3016,4,2,386
12,13,9:41:23,6,-1,-1,AA3016,0,2,10
1,2,10:36:35,6,-1,1,AA3016,0,2,488
2,3,10:37:56,6,-1,1,AA3016,0,2,10
3,4,10:41:38,6,-1,1,AA3016,0,2,90
4,5,10:44:00,6,-1,1,AA3016,0,2,20
5,6,10:46:04,6,-1,1,AA3016,0,2,30
6,7,10:50:17,6,-1,1,AA3016,0,2,121
7,12,11:00:37,6,-1,-1,AA3016,4,2,518
12,13,11:01:58,6,-1,-1,AA3016,0,2,10
0,1,12:18:32,6,-1,1,AA3016,0,2,224
1,2,12:21:54,6,-1,1,AA3016,0,2,171
2,3,12:25:08,6,-1,1,AA3016,0,2,131
3,4,12:27:59,6,-1,1,AA3016,0,2,80
4,5,12:29:53,6,-1,1,AA3016,0,2,20
5,6,12:32:15,6,-1,1,AA3016,0,2,50
6,7,12:35:37,6,-1,1,AA3016,0,2,111
7,12,12:45:06,6,-1,-1,AA3016,4,2,468
12,13,12:46:27,6,-1,-1,AA3016,0,2,20
0,1,13:36:55,6,-1,1,AA3016,0,2,141
1,2,13:40:07,6,-1,1,AA3016,0,2,161
2,3,13:42:19,6,-1,1,AA3016,0,2,20
3,4,13:45:55,6,-1,1,AA3016,0,2,91
4,5,13:47:37,6,-1,1,AA3016,0,2,20
5,6,13:49:18,6,-1,1,AA3016,0,2,30
6,7,13:52:52,6,-1,1,AA3016,0,2,122
7,12,14:00:27,6,-1,-1,AA3016,4,2,384
12,13,14:01:08,6,-1,-1,AA3016,0,2,20
0,1,14:48:46,6,-1,1,AA3016,0,2,171
1,2,14:52:08,6,-1,1,AA3016,0,2,141
2,3,14:56:34,6,-1,1,AA3016,0,2,131
3,4,15:00:37,6,-1,1,AA3016,0,2,212
4,5,15:03:18,6,-1,1,AA3016,0,2,60
5,6,15:06:02,6,-1,1,AA3016,0,2,93
6,7,15:11:17,6,-1,1,AA3016,0,2,152
7,13,15:21:58,6,-1,-1,AA3016,5,2,580
0,1,15:47:54,6,-1,1,AA6604,0,2,84
1,2,15:52:37,6,-1,1,AA6604,0,2,213
2,3,15:57:32,6,-1,1,AA6604,0,2,162
3,4,16:00:55,6,-1,1,AA6604,0,2,70
4,5,16:02:57,6,-1,1,AA6604,0,2,111
5,6,16:04:18,6,-1,1,AA6604,0,2,40
6,7,16:07:19,6,-1,1,AA6604,0,2,111
7,12,16:16:20,6,-1,-1,AA6604,4,2,469
12,13,16:17:14,6,-1,-1,AA6604,0,2,10
0,1,17:24:24,6,-1,1,AA6604,0,1,124
1,2,17:27:26,6,-1,1,AA6604,0,1,161
2,3,17:30:38,6,-1,1,AA6604,0,1,70
3,4,17:34:54,6,-1,1,AA6604,0,1,144
4,5,17:37:15,6,-1,1,AA6604,0,1,60
5,6,17:39:47,6,-1,1,AA6604,0,1,101
6,7,17:45:20,6,-1,1,AA6604,0,1,222
7,8,17:49:07,6,-1,2,AA6604,0,1,90
8,9,17:51:48,6,-1,1,AA6604,0,1,121
9,10,17:53:09,6,-1,-1,AA6604,0,1,50
10,11,17:54:00,6,-1,-1,AA6604,0,1,10
11,12,17:56:56,6,-1,-1,AA6604,0,1,121
12,13,17:57:46,6,-1,-1,AA6604,0,1,30
0,1,12:50:40,6,-1,1,AA7020,0,2,587
1,2,12:54:54,6,-1,1,AA7020,0,2,171
2,3,12:57:26,6,-1,1,AA7020,0,2,71
3,4,12:59:58,6,-1,1,AA7020,0,2,50
4,5,13:01:59,6,-1,1,AA7020,0,2,30
5,6,13:03:41,6,-1,1,AA7020,0,2,41
6,7,13:07:57,6,-1,1,AA7020,0,2,172
7,12,13:17:17,6,-1,-1,AA7020,4,2,459
12,13,13:18:48,6,-1,-1,AA7020,0,2,30
0,1,19:11:17,6,-1,1,AA7020,0,1,518
1,2,19:14:39,6,-1,1,AA7020,0,1,141
2,3,19:17:14,6,-1,1,AA7020,0,1,72
3,4,19:20:26,6,-1,1,AA7020,0,1,80
4,5,19:21:47,6,-1,1,AA7020,0,1,30
5,6,19:22:58,6,-1,1,AA7020,0,1,20
6,7,19:25:19,6,-1,1,AA7020,0,1,90
7,8,19:28:55,6,-1,1,AA7020,0,1,141
8,9,19:31:06,6,-1,1,AA7020,0,1,70
9,10,19:32:27,6,-1,-1,AA7020,0,1,30
10,11,19:33:48,6,-1,-1,AA7020,0,1,10
11,12,19:36:09,6,-1,-1,AA7020,0,1,80
12,13,19:37:21,6,-1,-1,AA7020,0,1,20
0,1,0:48:59,6,-1,1,AA7185,0,1,141
1,2,0:52:03,6,-1,-1,AA7185,0,2,143
2,3,0:54:14,6,-1,-1,AA7185,0,2,90
3,4,0:56:05,6,-1,1,AA7185,0,2,50
4,5,0:57:06,6,-1,1,AA7185,0,2,10
5,6,0:58:26,6,-1,1,AA7185,0,2,20
6,7,1:00:08,6,-1,1,AA7185,0,2,60
7,8,1:01:38,6,-1,1,AA7185,0,2,50
8,9,1:02:59,6,-1,1,AA7185,0,2,40
9,10,1:04:10,6,-1,-1,AA7185,0,2,20
10,11,1:05:04,6,-1,-1,AA7185,0,2,10
12,13,1:07:15,6,-1,-1,AA7185,0,2,10
1,2,6:03:45,6,0,1,MU9578,0,2,91
2,3,6:06:06,6,0,1,MU9578,0,2,50
3,4,6:08:28,6,0,1,MU9578,0,2,80
4,5,6:09:48,6,1,1,MU9578,0,2,20
5,6,6:10:59,6,1,1,MU9578,0,2,20
6,7,6:12:20,6,1,1,MU9578,0,2,40
7,12,6:18:07,6,1,-1,MU9578,4,2,313
12,13,6:18:48,6,1,-1,MU9578,0,2,10
0,1,6:58:14,6,3,1,MU9578,0,2,143
1,2,7:01:16,6,3,1,MU9578,0,2,141
2,3,7:03:27,6,3,1,MU9578,0,2,50
3,4,7:04:48,6,3,1,MU9578,0,2,40
4,5,7:05:59,6,3,1,MU9578,0,2,10
5,6,7:07:09,6,3,1,MU9578,0,2,30
6,7,7:08:33,6,4,1,MU9578,0,2,43
7,12,7:16:38,6,4,-1,MU9578,4,2,434
12,13,7:17:18,6,4,-1,MU9578,0,2,10
0,1,8:09:34,6,2,1,MU9578,0,2,145
1,2,8:12:56,6,3,1,MU9578,0,2,131
2,3,8:14:17,6,3,1,MU9578,0,2,30
3,4,8:15:38,6,3,1,MU9578,0,2,30
4,5,8:17:39,6,2,1,MU9578,0,2,30
5,6,8:19:23,6,2,1,MU9578,0,2,63
6,7,8:21:45,6,3,1,MU9578,0,2,90
7,12,8:28:09,6,3,-1,MU9578,4,2,333
12,13,8:29:32,6,2,-1,MU9578,0,2,22
0,1,9:22:25,6,2,1,MU9578,0,2,166
1,2,9:26:07,6,2,1,MU9578,0,2,181
2,3,9:29:09,6,2,1,MU9578,0,2,90
3,4,9:32:05,6,4,1,MU9578,0,2,50
4,5,9:34:38,6,4,1,MU9578,0,2,31
5,6,9:36:39,6,4,1,MU9578,0,2,20
6,7,9:39:02,6,4,1,MU9578,0,2,72
7,12,9:46:27,6,3,-1,MU9578,4,2,395
12,13,9:47:18,6,3,-1,MU9578,0,2,10
0,1,11:04:31,6,5,1,MU9578,0,2,142
1,2,11:08:04,6,2,1,MU9578,0,2,151
2,3,11:12:07,6,2,1,MU9578,0,2,131
3,4,11:14:28,6,3,1,MU9578,0,2,50
4,5,11:16:50,6,3,1,MU9578,0,2,40
5,6,11:18:14,6,3,1,MU9578,0,2,30
6,7,11:20:46,6,3,1,MU9578,0,2,90
12,13,11:34:27,6,2,-1,MU9578,0,2,20
0,1,12:23:17,6,3,1,MU9578,0,2,203
1,2,12:26:18,6,3,1,MU9578,0,2,121
2,3,12:29:13,6,4,1,MU9578,0,2,123
3,4,12:33:15,6,5,1,MU9578,0,2,90
4,5,12:35:47,6,5,1,MU9578,0,2,30
5,7,12:41:14,6,5,1,MU9578,1,2,225
7,12,12:49:19,6,5,-1,MU9578,4,2,384
12,13,12:49:49,6,5,-1,MU9578,0,2,10
0,1,13:36:45,6,1,1,MU9578,0,2,121
1,2,13:40:17,6,1,1,MU9578,0,2,202
2,3,13:42:29,6,1,1,MU9578,0,2,20
3,4,13:45:55,6,2,1,MU9578,0,2,91
4,5,13:47:47,6,4,1,MU9578,0,2,20
5,6,13:50:49,6,4,1,MU9578,0,2,121
6,7,13:53:12,6,4,1,MU9578,0,2,92
7,12,14:00:37,6,5,-1,MU9578,4,2,374
12,13,14:01:48,6,5,-1,MU9578,0,2,30
0,1,14:56:54,6,2,1,MU9578,0,2,151
1,2,15:01:17,6,3,1,MU9578,0,2,212
2,3,15:03:39,6,3,1,MU9578,0,2,40
3,4,15:07:43,6,4,1,MU9578,0,2,143
4,5,15:10:05,6,4,1,MU9578,0,2,30
5,6,15:11:17,6,4,1,MU9578,0,2,30
6,7,15:14:29,6,4,1,MU9578,0,2,121
7,12,15:22:38,6,5,-1,MU9578,4,2,394
12,13,15:23:29,6,5,-1,MU9578,0,2,10
0,1,19:46:29,6,2,1,MU9578,0,1,547
1,2,19:49:55,6,2,1,MU9578,0,1,165
2,3,19:51:36,6,2,1,MU9578,0,1,30
3,4,19:53:17,6,2,1,MU9578,0,1,60
4,5,19:55:19,6,2,1,MU9578,0,1,40
5,6,19:57:00,6,2,1,MU9578,0,1,40
6,7,19:58:51,6,2,1,MU9578,0,1,91
7,8,20:01:37,6,2,1,MU9578,0,1,91
8,9,20:03:08,6,2,1,MU9578,0,1,60
9,10,20:04:08,6,2,-1,MU9578,0,1,30
10,11,20:05:09,6,2,-1,MU9578,0,1,10
11,12,20:06:10,6,2,-1,MU9578,0,1,30
12,13,20:08:34,6,2,-1,MU9578,0,1,112
1,2,20:56:59,6,1,1,MU9578,0,1,424
2,3,20:59:25,6,1,1,MU9578,0,1,101
3,4,21:02:16,6,1,1,MU9578,0,1,101
4,5,21:04:28,6,1,1,MU9578,0,1,70
5,6,21:05:38,6,0,1,MU9578,0,1,40
6,7,21:07:19,6,0,1,MU9578,0,1,70
7,8,21:10:15,6,1,2,MU9578,0,1,114
8,9,21:12:16,6,1,1,MU9578,0,1,70
9,10,21:13:17,6,0,-1,MU9578,0,1,30
10,11,21:14:07,6,0,-1,MU9578,0,1,10
11,12,21:15:48,6,0,-1,MU9578,0,1,50
12,13,21:16:39,6,0,-1,MU9578,0,1,10
0,1,22:07:16,6,3,1,MU9578,0,1,121
1,2,22:10:28,6,3,1,MU9578,0,1,151
2,3,22:12:43,6,3,1,MU9578,0,1,33
3,4,22:14:24,6,3,1,MU9578,0,1,40
4,5,22:15:35,6,3,1,MU9578,0,1,30
5,6,22:16:46,6,3,1,MU9578,0,1,30
6,7,22:18:47,6,3,1,MU9578,0,1,80
7,8,22:21:29,6,3,2,MU9578,0,1,111
8,9,22:23:10,6,3,1,MU9578,0,1,60
9,10,22:24:22,6,3,-1,MU9578,0,1,40
10,11,22:25:44,6,3,-1,MU9578,0,1,21
11,12,22:26:45,6,3,-1,MU9578,0,1,10
12,13,22:28:46,6,3,-1,MU9578,0,1,10
0,1,23:16:00,6,1,1,MU9578,0,1,131
1,2,23:19:45,6,1,1,MU9578,0,1,192
2,3,23:23:07,6,1,1,MU9578,0,1,161
3,4,23:24:38,6,1,1,MU9578,0,1,30
4,5,23:26:39,6,1,1,MU9578,0,1,50
5,6,23:27:44,6,2,1,MU9578,0,1,34
6,7,23:29:35,6,2,1,MU9578,0,1,60
7,8,23:31:16,6,2,1,MU9578,0,1,70
8,9,23:33:07,6,1,1,MU9578,0,1,50
9,10,23:33:58,6,1,-1,MU9578,0,1,20
10,11,23:34:58,6,1,-1,MU9578,0,1,10
11,12,23:36:09,6,1,-1,MU9578,0,1,20
12,13,23:37:20,6,1,-1,MU9578,0,1,20
0,1,20:55:28,6,-1,2,MW1140,0,1,141
1,2,20:58:24,6,-1,1,MW1140,0,1,124
2,3,20:59:55,6,-1,1,MW1140,0,1,20
3,4,21:02:16,6,-1,1,MW1140,0,1,40
4,5,21:04:28,6,-1,1,MW1140,0,1,30
5,6,21:05:38,6,-1,1,MW1140,0,1,30
6,7,21:07:40,6,-1,1,MW1140,0,1,80
7,8,21:10:25,6,-1,2,MW1140,0,1,111
8,9,21:12:26,6,-1,1,MW1140,0,1,80
9,10,21:13:27,6,-1,-1,MW1140,0,1,30
10,11,21:13:57,6,-1,-1,MW1140,0,1,10
11,12,21:15:59,6,-1,-1,MW1140,0,1,40
12,13,21:17:09,6,-1,-1,MW1140,0,1,10
0,1,7:59:03,6,-1,1,MW2183,0,2,113
1,2,8:02:15,6,-1,1,MW2183,0,2,141
2,3,8:03:27,6,-1,1,MW2183,0,2,20
3,4,8:05:48,6,-1,1,MW2183,0,2,70
5,6,8:07:49,6,-1,1,MW2183,0,2,20
6,7,8:10:35,6,-1,1,MW2183,0,2,123
7,8,8:12:06,6,-1,2,MW2183,0,2,50
8,12,8:18:33,6,-1,-1,MW2183,3,2,356
12,13,8:19:13,6,-1,-1,MW2183,0,2,10
0,1,9:16:05,6,-1,1,MW2183,0,2,145
1,2,9:19:38,6,-1,1,MW2183,0,2,162
2,3,9:20:40,6,-1,1,MW2183,0,2,21
3,4,9:21:55,6,-1,1,MW2183,0,2,34
4,5,9:24:16,6,-1,1,MW2183,0,2,40
5,6,9:25:27,6,-1,1,MW2183,0,2,30
6,7,9:27:18,6,-1,1,MW2183,0,2,50
7,12,9:36:59,6,-1,-1,MW2183,4,2,490
12,13,9:37:50,6,-1,-1,MW2183,0,2,10
0,1,10:29:48,6,-1,1,MW2183,0,2,141
1,2,10:31:29,6,-1,1,MW2183,0,2,90
2,3,10:33:32,6,-1,1,MW2183,0,2,52
3,4,10:36:05,6,-1,1,MW2183,0,2,30
4,5,10:40:18,6,-1,1,MW2183,0,2,201
5,6,10:41:59,6,-1,1,MW2183,0,2,40
6,7,10:45:24,6,-1,1,MW2183,0,2,124
7,12,10:53:52,6,-1,-1,MW2183,4,2,427
12,13,10:54:53,6,-1,-1,MW2183,0,2,10
0,1,11:51:13,6,-1,1,MW2183,0,2,152
1,2,11:53:54,6,-1,1,MW2183,0,2,151
2,3,11:55:15,6,-1,1,MW2183,0,2,40
3,4,11:58:28,6,-1,1,MW2183,0,2,132
4,5,12:00:50,6,-1,1,MW2183,0,2,60
5,6,12:02:16,6,-1,1,MW2183,0,2,56
6,7,12:05:08,6,-1,1,MW2183,0,2,111
7,12,12:16:19,6,-1,-1,MW2183,4,2,569
0,1,13:06:36,6,-1,1,MW2183,0,2,112
1,2,13:09:38,6,-1,1,MW2183,0,2,141
2,3,13:12:20,6,-1,1,MW2183,0,2,60
3,4,13:13:54,6,-1,1,MW2183,0,2,30
4,5,13:14:56,6,-1,1,MW2183,0,2,10
5,6,13:16:17,6,-1,1,MW2183,0,2,30
6,7,13:18:58,6,-1,1,MW2183,0,2,101
7,12,13:27:16,6,-1,-1,MW2183,4,2,437
12,13,13:28:27,6,-1,-1,MW2183,0,2,20
0,1,16:13:28,6,-1,1,MW2183,0,2,203
1,2,16:17:14,6,-1,1,MW2183,0,2,154
2,3,16:20:16,6,-1,1,MW2183,0,1,131
3,4,16:22:37,6,-1,1,MW2183,0,1,70
4,5,16:24:38,6,-1,1,MW2183,0,1,50
5,6,16:25:59,6,-1,1,MW2183,0,1,40
6,7,16:29:03,6,-1,1,MW2183,0,1,71
7,12,16:37:48,6,-1,-1,MW2183,4,1,454
12,13,16:38:29,6,-1,-1,MW2183,0,1,10
0,1,17:50:17,6,-1,1,MW2183,0,1,181
1,2,17:54:34,6,-1,1,MW2183,0,1,206
2,3,17:58:47,6,-1,1,MW2183,0,1,222
3,4,18:00:08,6,-1,1,MW2183,0,1,30
4,5,18:03:09,6,-1,1,MW2183,0,1,111
5,6,18:05:44,6,-1,1,MW2183,0,1,60
6,7,18:08:36,6,-1,1,MW2183,0,1,121
7,8,18:13:39,6,-1,2,MW2183,0,1,172
8,9,18:16:15,6,-1,1,MW2183,0,1,101
9,10,18:17:26,6,-1,-1,MW2183,0,1,30
10,11,18:18:46,6,-1,-1,MW2183,0,1,20
11,12,18:21:38,6,-1,-1,MW2183,0,1,141
12,13,18:22:39,6,-1,-1,MW2183,0,1,10
0,1,20:20:25,6,-1,1,MW2183,0,1,111
1,2,20:23:17,6,-1,1,MW2183,0,1,131
2,3,20:25:49,6,-1,1,MW2183,0,1,50
3,4,20:28:45,6,-1,1,MW2183,0,1,125
4,5,20:30:36,6,-1,1,MW2183,0,1,10
5,6,20:32:17,6,-1,1,MW2183,0,1,40
6,7,20:34:49,6,-1,1,MW2183,0,1,111
7,8,20:37:54,6,-1,2,MW2183,0,1,114
8,9,20:39:25,6,-1,1,MW2183,0,1,60
9,10,20:40:36,6,-1,-1,MW2183,0,1,20
11,12,20:43:28,6,-1,-1,MW2183,0,1,70
12,13,20:44:18,6,-1,-1,MW2183,0,1,20
1,2,16:47:18,6,-1,1,MW2417,0,1,181
2,3,16:50:05,6,-1,1,MW2417,0,1,75
3,4,16:53:57,6,-1,1,MW2417,0,1,131
4,5,16:55:58,6,-1,1,MW2417,0,1,50
5,6,16:58:01,6,-1,1,MW2417,0,1,51
6,7,17:01:45,6,-1,1,MW2417,0,1,153
12,13,17:17:07,6,-1,-1,MW2417,0,1,10
1,2,18:33:50,6,-1,1,MW2417,0,1,242
2,3,18:38:26,6,-1,1,MW2417,0,1,141
3,4,18:40:57,6,-1,1,MW2417,0,1,80
4,5,18:43:09,6,-1,1,MW2417,0,1,40
5,6,18:44:54,6,-1,1,MW2417,0,1,33
6,7,18:50:07,6,-1,1,MW2417,0,1,202
7,8,18:53:19,6,-1,2,MW2417,0,1,131
8,9,18:55:20,6,-1,1,MW2417,0,1,60
9,10,18:56:44,6,-1,-1,MW2417,0,1,31
10,11,18:58:16,6,-1,-1,MW2417,0,1,20
11,12,18:59:57,6,-1,-1,MW2417,0,1,80
12,13,19:00:38,6,-1,-1,MW2417,0,1,10
0,1,19:54:38,6,-1,1,MW2417,0,1,181
1,2,19:58:41,6,-1,1,MW2417,0,1,192
2,3,20:01:57,6,-1,1,MW2417,0,1,132
3,4,20:05:39,6,-1,1,MW2417,0,1,101
4,5,20:07:53,6,-1,1,MW2417,0,1,30
5,6,20:09:15,6,-1,1,MW2417,0,1,30
6,7,20:12:27,6,-1,1,MW2417,0,1,141
7,8,20:15:18,6,-1,1,MW2417,0,1,101
8,9,20:17:20,6,-1,1,MW2417,0,1,70
9,10,20:19:35,6,-1,-1,MW2417,0,1,50
10,11,20:20:46,6,-1,-1,MW2417,0,1,10
11,12,20:22:07,6,-1,-1,MW2417,0,1,50
12,13,20:23:07,6,-1,-1,MW2417,0,1,10
0,1,15:32:06,6,0,1,MW2648,0,2,151
1,2,15:35:58,6,1,1,MW2648,0,2,171
2,3,15:38:44,6,0,1,MW2648,0,2,115
3,4,15:41:56,6,0,1,MW2648,0,2,111
4,5,15:44:28,6,1,1,MW2648,0,2,70
5,6,15:46:09,6,1,1,MW2648,0,2,50
6,7,15:48:54,6,1,1,MW2648,0,2,114
7,12,16:01:15,6,0,-1,MW2648,4,2,598
12,13,16:02:26,6,0,-1,MW2648,0,2,10
0,1,18:12:59,6,5,1,MW2648,0,1,121
1,2,18:17:36,6,0,1,MW2648,0,1,181
2,3,18:22:19,6,0,1,MW2648,0,1,222
3,4,18:24:53,6,2,1,MW2648,0,1,83
4,5,18:26:34,6,2,1,MW2648,0,1,90
5,6,18:28:15,6,2,1,MW2648,0,1,40
6,7,18:30:58,6,2,1,MW2648,0,1,121
7,8,18:34:33,6,2,2,MW2648,0,1,144
8,9,18:36:15,6,2,1,MW2648,0,1,50
9,10,18:37:45,6,1,-1,MW2648,0,1,40
10,11,18:38:56,6,1,-1,MW2648,0,1,10
11,12,18:42:49,6,1,-1,MW2648,0,1,191
12,13,18:43:59,6,1,-1,MW2648,0,1,30
0,1,20:06:52,6,2,1,MW2648,0,1,173
1,2,20:10:35,6,3,1,MW2648,0,1,162
2,3,20:12:47,6,2,1,MW2648,0,1,30
3,4,20:15:08,6,1,1,MW2648,0,1,40
4,5,20:17:30,6,1,1,MW2648,0,1,30
5,6,20:18:44,6,1,1,MW2648,0,1,34
6,7,20:22:57,6,0,1,MW2648,0,1,161
7,8,20:25:39,6,1,1,MW2648,0,1,80
8,9,20:27:20,6,1,1,MW2648,0,1,50
9,10,20:28:45,6,1,-1,MW2648,0,1,44
10,11,20:29:46,6,1,-1,MW2648,0,1,10
11,12,20:31:06,6,1,-1,MW2648,0,1,30
12,13,20:32:27,6,1,-1,MW2648,0,1,10
0,1,21:19:14,6,1,1,MW2648,0,1,124
1,2,21:23:27,6,1,2,MW2648,0,1,232
2,3,21:27:09,6,1,1,MW2648,0,1,101
3,4,21:30:45,6,0,1,MW2648,0,1,121
4,5,21:31:56,6,0,1,MW2648,0,1,10
5,6,21:33:37,6,1,1,MW2648,0,1,30
6,7,21:36:29,6,1,1,MW2648,0,1,131
7,8,21:39:23,6,1,1,MW2648,0,1,123
8,9,21:41:04,6,1,1,MW2648,0,1,50
9,10,21:42:25,6,0,-1,MW2648,0,1,30
11,12,21:44:26,6,0,-1,MW2648,0,1,20
12,13,21:45:37,6,0,-1,MW2648,0,1,20
1,2,0:09:37,6,-1,1,MW2693,0,1,141
2,3,0:11:58,6,-1,1,MW2693,0,1,20
3,4,0:14:34,6,-1,1,MW2693,0,1,114
4,5,0:15:24,6,-1,1,MW2693,0,1,10
5,6,0:16:05,6,-1,1,MW2693,0,1,20
6,7,0:17:15,6,-1,1,MW2693,0,1,40
7,8,0:18:46,6,-1,1,MW2693,0,1,50
8,9,0:20:58,6,-1,1,MW2693,0,1,90
9,10,0:22:18,6,-1,-1,MW2693,0,1,40
10,11,0:23:09,6,-1,-1,MW2693,0,1,20
11,12,0:24:50,6,-1,-1,MW2693,0,1,70
12,13,0:25:34,6,-1,-1,MW2693,0,1,13
1,2,1:12:18,6,-1,1,MW2693,0,2,121
2,3,1:13:49,6,-1,1,MW2693,0,2,40
3,4,1:15:14,6,-1,1,MW2693,0,2,40
4,5,1:16:15,6,-1,1,MW2693,0,2,10
5,6,1:16:56,6,-1,1,MW2693,0,2,20
6,7,1:17:56,6,-1,1,MW2693,0,2,40
7,8,1:19:17,6,-1,1,MW2693,0,2,50
8,9,1:20:38,6,-1,1,MW2693,0,2,50
9,10,1:21:18,6,-1,-1,MW2693,0,2,20
10,11,1:22:09,6,-1,-1,MW2693,0,2,10
11,12,1:23:50,6,-1,-1,MW2693,0,2,70
12,13,1:24:10,6,-1,-1,MW2693,0,2,10
0,1,16:15:30,6,1,1,MW2705,0,2,181
1,2,16:19:55,6,2,1,MW2705,0,1,235
2,3,16:24:48,6,2,1,MW2705,0,1,262
3,4,16:28:43,6,2,1,MW2705,0,1,123
4,5,16:31:14,6,1,1,MW2705,0,1,60
5,6,16:33:46,6,1,1,MW2705,0,1,70
6,7,16:37:58,6,1,1,MW2705,0,1,191
12,13,16:51:05,6,1,-1,MW2705,0,1,20
0,1,6:13:45,6,-1,1,MX1041,0,2,94
1,2,6:16:46,6,-1,1,MX1041,0,2,151
2,3,6:18:27,6,-1,1,MX1041,0,2,40
3,4,6:20:19,6,-1,1,MX1041,0,2,40
4,5,6:22:20,6,-1,1,MX1041,0,2,40
5,6,6:23:20,6,-1,1,MX1041,0,2,20
6,7,6:25:13,6,-1,1,MX1041,0,2,40
7,12,6:31:47,6,-1,-1,MX1041,4,2,353
0,1,7:14:17,6,-1,1,MX1041,0,2,141
1,2,7:18:19,6,-1,1,MX1041,0,2,202
2,3,7:20:45,6,-1,1,MX1041,0,2,70
3,4,7:22:36,6,-1,1,MX1041,0,2,60
4,5,7:24:58,6,-1,1,MX1041,0,2,70
5,6,7:25:48,6,-1,1,MX1041,0,2,20
6,7,7:27:50,6,-1,1,MX1041,0,2,40
7,8,7:30:54,6,-1,2,MX1041,0,2,114
8,12,7:37:28,6,-1,-1,MX1041,3,2,363
12,13,7:38:09,6,-1,-1,MX1041,0,2,10
0,1,8:23:36,6,-1,1,MX1041,0,2,131
1,2,8:26:38,6,-1,1,MX1041,0,2,151
2,3,8:29:10,6,-1,1,MX1041,0,2,70
3,4,8:31:13,6,-1,1,MX1041,0,2,50
4,5,8:33:46,6,-1,1,MX1041,0,2,80
5,6,8:35:27,6,-1,1,MX1041,0,2,30
6,7,8:38:29,6,-1,1,MX1041,0,2,121
7,12,8:46:27,6,-1,-1,MX1041,4,2,427
12,13,8:47:18,6,-1,-1,MX1041,0,2,20
0,1,9:36:49,6,-1,1,MX1041,0,2,152
1,2,9:40:23,6,-1,1,MX1041,0,2,132
2,3,9:42:15,6,-1,1,MX1041,0,2,30
3,4,9:45:17,6,-1,1,MX1041,0,2,111
4,5,9:47:08,6,-1,1,MX1041,0,2,20
5,6,9:48:39,6,-1,1,MX1041,0,2,30
6,7,9:51:45,6,-1,1,MX1041,0,2,135
7,12,9:59:40,6,-1,-1,MX1041,4,2,404
12,13,10:00:20,6,-1,-1,MX1041,0,2,10
0,1,11:22:37,6,-1,1,MX1041,0,2,171
1,2,11:26:09,6,-1,1,MX1041,0,2,161
2,3,11:29:13,6,-1,1,MX1041,0,2,123
3,4,11:31:45,6,-1,1,MX1041,0,2,50
4,5,11:34:06,6,-1,1,MX1041,0,2,30
5,6,11:35:37,6,-1,1,MX1041,0,2,60
6,7,11:38:49,6,-1,1,MX1041,0,2,131
7,12,11:48:19,6,-1,-1,MX1041,4,2,415
12,13,11:49:20,6,-1,-1,MX1041,0,2,20
0,1,12:35:57,6,-1,1,MX1041,0,2,131
1,2,12:39:50,6,-1,1,MX1041,0,2,151
2,3,12:43:45,6,-1,1,MX1041,0,2,151
3,4,12:46:37,6,-1,1,MX1041,0,2,10
4,5,12:47:48,6,-1,1,MX1041,0,2,10
5,6,12:49:09,6,-1,1,MX1041,0,2,20
6,7,12:51:52,6,-1,1,MX1041,0,2,92
7,12,13:02:19,6,-1,-1,MX1041,4,2,545
12,13,13:03:20,6,-1,-1,MX1041,0,2,20
0,1,13:51:29,6,-1,1,MX1041,0,2,101
1,2,13:55:03,6,-1,1,MX1041,0,2,151
2,3,13:57:25,6,-1,1,MX1041,0,2,60
3,4,14:00:27,6,-1,1,MX1041,0,2,101
4,5,14:02:08,6,-1,1,MX1041,0,2,30
5,6,14:03:19,6,-1,1,MX1041,0,2,30
6,7,14:06:25,6,-1,1,MX1041,0,2,101
7,12,14:16:54,6,-1,-1,MX1041,4,2,558
12,13,14:17:55,6,-1,-1,MX1041,0,2,10
0,1,15:16:03,6,-1,1,MX1041,0,2,145
1,2,15:20:57,6,-1,1,MX1041,0,2,233
2,3,15:25:10,6,-1,1,MX1041,0,2,151
3,4,15:27:43,6,-1,1,MX1041,0,2,50
4,5,15:30:25,6,-1,1,MX1041,0,2,121
5,6,15:32:57,6,-1,1,MX1041,0,2,40
6,7,15:36:39,6,-1,1,MX1041,0,2,131
1,2,16:44:17,6,-1,1,MX1041,0,1,173
2,3,16:49:34,6,-1,1,MX1041,0,1,135
3,4,16:51:26,6,-1,1,MX1041,0,1,70
4,5,16:53:27,6,-1,1,MX1041,0,1,20
5,6,16:54:58,6,-1,1,MX1041,0,1,40
6,7,16:58:11,6,-1,1,MX1041,0,1,102
12,13,17:11:02,6,-1,-1,MX1041,0,1,20
1,2,18:18:16,6,-1,1,MX1041,0,1,191
2,3,18:22:19,6,-1,1,MX1041,0,1,161
3,4,18:24:43,6,-1,1,MX1041,0,1,63
4,5,18:26:44,6,-1,1,MX1041,0,1,30
5,6,18:28:47,6,-1,1,MX1041,0,1,31
6,7,18:32:49,6,-1,1,MX1041,0,1,70
7,8,18:36:25,6,-1,2,MX1041,0,1,134
8,9,18:38:36,6,-1,1,MX1041,0,1,60
9,10,18:40:17,6,-1,-1,MX1041,0,1,50
10,11,18:42:08,6,-1,-1,MX1041,0,1,10
12,13,18:44:33,6,-1,-1,MX1041,0,1,23
0,1,21:08:10,6,-1,1,MX1041,0,1,161
1,2,21:11:16,6,-1,1,MX1041,0,1,141
2,3,21:12:47,6,-1,1,MX1041,0,1,40
3,4,21:15:08,6,-1,1,MX1041,0,1,80
4,5,21:16:09,6,-1,1,MX1041,0,1,20
5,6,21:17:09,6,-1,1,MX1041,0,1,20
6,7,21:19:24,6,-1,1,MX1041,0,1,104
7,8,21:22:26,6,-1,2,MX1041,0,1,131
8,9,21:24:27,6,-1,1,MX1041,0,1,60
9,10,21:25:28,6,-1,-1,MX1041,0,1,40
10,11,21:26:08,6,-1,-1,MX1041,0,1,10
12,13,21:29:04,6,-1,-1,MX1041,0,1,10
0,1,22:18:27,6,-1,1,MX1041,0,1,151
1,2,22:22:09,6,-1,1,MX1041,0,1,181
2,3,22:23:32,6,-1,1,MX1041,0,1,32
3,4,22:25:23,6,-1,1,MX1041,0,1,30
4,5,22:27:05,6,-1,1,MX1041,0,1,20
5,6,22:28:16,6,-1,1,MX1041,0,1,20
6,7,22:30:27,6,-1,1,MX1041,0,1,60
7,8,22:33:09,6,-1,1,MX1041,0,1,131
8,9,22:34:52,6,-1,1,MX1041,0,1,42
9,10,22:36:23,6,-1,-1,MX1041,0,1,50
10,11,22:37:14,6,-1,-1,MX1041,0,1,10
11,12,22:37:54,6,-1,-1,MX1041,0,1,10
12,13,22:40:46,6,-1,-1,MX1041,0,1,10
0,1,23:28:45,6,-1,1,MX1041,0,1,115
1,2,23:32:27,6,-1,1,MX1041,0,1,161
2,3,23:33:58,6,-1,1,MX1041,0,1,20
3,4,23:35:49,6,-1,1,MX1041,0,1,40
4,5,23:36:39,6,-1,1,MX1041,0,1,20
5,6,23:37:30,6,-1,1,MX1041,0,1,20
6,7,23:39:23,6,-1,1,MX1041,0,1,62
7,8,23:41:35,6,-1,1,MX1041,0,1,101
8,9,23:43:06,6,-1,1,MX1041,0,1,50
9,10,23:44:08,6,-1,-1,MX1041,0,1,30
10,11,23:44:58,6,-1,-1,MX1041,0,1,10
11,12,23:45:49,6,-1,-1,MX1041,0,1,10
12,13,23:47:09,6,-1,-1,MX1041,0,1,10
0,1,0:56:25,6,1,1,MX1240,0,2,161
1,2,0:59:27,6,2,1,MX1240,0,2,141
2,3,1:01:08,6,2,1,MX1240,0,2,30
3,4,1:02:29,6,2,1,MX1240,0,2,50
